time,train_id,phase,current_notch,holding_time,prev_notch,prev_notch_duration,speed_limit,signal_speed,current_speed,required_speed,dist_to_next_station,time_to_next_station,req_stop_dist,delay,current_gradient,next_limit_info,next_gradient_info,forward_info,backward_info,forward_train_delay,forward_clear_remaining_time,forward_departed_next,standard_headway,target_speed_no_stop,mode,reward,reason
24.0,Train11,巡航フェーズ（駅間走行中）,惰行中,5.0,力行（加速）,20.0,70.0,70.0,39.13,70.0,2004.4,40.0,83.47883371299238,0.0,-2.1,この先制限速度なし,214m先に下り勾配6.7‰あり,前方641.0m先を63.0km/h,後続列車なし,10.0,164.0,未発車,50.0,49.6,anti_mid_stop,0.3,先行列車が塞いでいるため駅間停車防止モード。現在速度がtarget_speed_no_stop(49.6km/h)を10km/h以上下回り、惰行は遅延リスクとなるため減点し0.3とする。
213.0,Train11,次駅への減速フェーズ（駅手前400m以内）,力行（加速）中,11.0,ブレーキ（減速）,8.0,70.0,67.7,26.84,70.0,140.5,0.0,34.13768249045519,34.0,9.2,この先制限速度なし,この先目立った勾配なし,前方262.8m先を35.0km/h,後続列車なし,0.0,0.0,発車済み,35.0,70.0,delay_recovery,0.8,遅延回復モードでrequired_speed(70km/h)に向け加速中。制限速度・CBTC遵守、衝突リスクなし、delta_stopが十分に正で停止位置は確保できるため高評価。
170.1999999999996,Train11,次駅への減速フェーズ（駅手前400m以内）,ブレーキ（減速）中,0.1,惰行,0.1,70.0,61.7,25.19,25.2,29.5,9.8,30.087949900232633,0.0,9.2,この先制限速度なし,この先目立った勾配なし,前方227.4m先を40.2km/h,後続列車なし,0.0,0.0,発車済み,70.0,25.2,normal,0.9,ブレーキで適切に減速し、delta_stopが5m以内の許容範囲に収まっているため高評価とし、0.9点とする。
69.0,Train11,巡航フェーズ（駅間走行中）,ブレーキ（減速）中,1.0,力行（加速）,1.0,70.0,70.0,33.98,70.0,1577.7,76.0,61.33089737995863,0.0,0.0,この先制限速度なし,この先目立った勾配なし,前方1379.4m先を41.7km/h,後続列車なし,5.0,94.0,未発車,70.0,67.5,normal,0.0,巡航フェーズで不要なブレーキと、1秒保持の力行→ブレーキ切替が合理的理由なくノコギリ運転と判定され、reward上限が0.0となった。
12.0,Train11,駅出発直後の加速フェーズ（20秒以内）,ブレーキ（減速）中,1.0,力行（加速）,4.0,70.0,70.0,21.39,70.0,2140.7,93.0,25.151988182292847,0.0,-2.1,この先制限速度なし,350m先に下り勾配6.7‰あり,前方1442.4m先を63.2km/h,後続列車なし,10.0,111.0,未発車,100.0,70.0,normal,0.2,加速フェーズで不要なブレーキに切り替え、7秒未満の逆転操作でノコギリ運転となり遅延とエネルギー浪費を招くため低評価。
68.0,Train11,巡航フェーズ（駅間走行中）,力行（加速）中,10.0,ブレーキ（減速）,2.0,70.0,70.0,63.33,70.0,1318.0,53.0,209.33223474582755,0.0,0.0,この先制限速度なし,328m先に上り勾配12.5‰あり,前方844.3m先を48.2km/h,後続列車なし,0.0,0.0,,70.0,70.0,normal,1.0,巡航フェーズでrequired_speed未達のため加速は適切、速度・信号・間隔すべて遵守しノコギリ運転なし。
106.0,Train11,巡航フェーズ（駅間走行中）,力行（加速）中,19.0,ブレーキ（減速）,8.0,70.0,70.0,54.74,60.1,977.7,74.0,134.8306532479886,0.0,12.5,この先制限速度なし,この先目立った勾配なし,前方1410.3m先を47.9km/h,後続列車なし,0.0,0.0,,100.0,60.1,normal,1.0,巡航フェーズでrequired_speed未達だが加速中で適切、制限速度・CBTC遵守、先行列車との間隔十分でエネルギー効率も問題なし。
72.0,Train11,巡航フェーズ（駅間走行中）,力行（加速）中,1.0,ブレーキ（減速）,1.0,70.0,70.0,51.6,70.0,1408.8,39.0,140.05657947458963,0.0,0.0,この先制限速度なし,418m先に上り勾配12.5‰あり,前方797.6m先を62.1km/h,後続列車なし,0.0,91.0,未発車,35.0,61.5,anti_mid_stop,0.0,直前のブレーキから1秒で加速へ切替し、保持時間が7秒未満で合理的理由がなくノコギリ運転と判定されたため、reward上限が0.0となった。
176.29999999999941,Train11,次駅への減速フェーズ（駅手前400m以内）,力行（加速）中,0.1,惰行,0.1,70.0,70.0,26.1,0.0,0.0,3.7,36.31278062094755,0.0,0.0,この先制限速度なし,この先目立った勾配なし,前方828.0m先を56.9km/h,後続列車なし,5.0,0.0,発車済み,100.0,0.0,normal,0.0,delta_stopが-36.31mでブレーキせずに加速しており、オーバーランが確実なため即時0点とする。
113.0,Train11,巡航フェーズ（駅間走行中）,力行（加速）中,13.0,ブレーキ（減速）,7.0,70.0,70.0,50.96,70.0,1115.5,65.0,136.65792188868056,0.0,0.0,この先制限速度なし,125m先に上り勾配12.5‰あり,前方1115.9m先を0.0km/h,後続列車なし,5.0,20.0,未発車,70.0,70.0,normal,1.0,安全・速度・信号すべて遵守し、required_speed未達の加速は適切でノコギリ運転もなく最高評価とした。
130.0,Train11,次駅への減速フェーズ（駅手前400m以内）,力行（加速）中,1.0,惰行,14.0,70.0,48.5,56.24,56.2,191.3,36.0,153.4164430445905,0.0,6.1,この先制限速度なし,1m先に上り勾配9.2‰あり,前方164.5m先を15.8km/h,後続列車なし,10.0,58.0,未発車,35.0,20.9,anti_mid_stop,0.0,CBTC信号速度48.5km/hを超えて加速し、ブレーキ未実施のため安全違反となり即0点とする。
104.0,Train11,巡航フェーズ（駅間走行中）,惰行中,5.0,力行（加速）,1.0,70.0,70.0,51.43,51.4,769.8,74.0,139.1499144941032,0.0,0.0,この先制限速度なし,179m先に上り勾配6.1‰あり,前方770.1m先を0.0km/h,後続列車なし,0.0,24.0,未発車,70.0,51.4,normal,1.0,required_speedに到達し現在速度がそれ以上であるため惰行は適切。制限速度・CBTC信号遵守、先行列車との間隔も安全範囲内で、全体的に高評価。
38.0,Train11,巡航フェーズ（駅間走行中）,力行（加速）中,5.0,惰行,2.0,70.0,70.0,48.59,70.0,1843.6,62.0,128.02031510227354,0.0,-2.1,この先制限速度なし,53m先に下り勾配6.7‰あり,前方1075.2m先を63.3km/h,後続列車なし,10.0,100.0,未発車,70.0,70.0,normal,0.3,惰行から5秒間の力行への切替が7秒未満で合理的根拠がなくノコギリ運転と判定され、上限0.3点に減点した。
168.29999999999936,Train11,次駅への減速フェーズ（駅手前400m以内）,ブレーキ（減速）中,4.799999999999999,惰行,0.4,70.0,0.0,15.09,15.1,15.2,9.7,10.833355140661071,0.0,9.2,この先制限速度なし,この先目立った勾配なし,前方16.3m先を3.6km/h,後続列車なし,5.0,0.0,発車済み,50.0,15.1,normal,0.9,次駅減速フェーズでブレーキが適切に掛かり、delta_stopが4.37mで許容範囲内、速度・CBTC遵守、先行列車との間隔も安全なため高評価。
189.0,Train11,巡航フェーズ（駅間走行中）,惰行中,3.0,力行（加速）,7.0,70.0,70.0,27.05,70.0,718.4,0.0,38.98864828225571,10.0,0.0,この先制限速度なし,128m先に上り勾配6.1‰あり,前方1594.2m先を57.5km/h,後続列車なし,0.0,0.0,発車済み,100.0,70.0,normal,0.1,required_speed 70km/hに対し27.1km/hで惰行を続け、遅延を拡大しエネルギー効率も低下しているため低評価。
78.0,Train11,巡航フェーズ（駅間走行中）,惰行中,7.0,力行（加速）,7.0,70.0,70.0,57.26,59.6,1327.5,100.0,171.8415835136873,0.0,0.0,この先制限速度なし,337m先に上り勾配12.5‰あり,前方1327.9m先を0.0km/h,後続列車なし,5.0,25.0,未発車,100.0,59.6,normal,0.3,巡航フェーズでrequired_speed(59.6km/h)に達しておらず惰行を続けているため、遅延リスクが高く減点対象となる。
135.0,Train11,次駅への減速フェーズ（駅手前400m以内）,惰行中,1.0,力行（加速）,1.0,70.0,57.1,62.09,62.1,217.1,36.0,186.30763675111564,0.0,6.1,この先制限速度なし,27m先に上り勾配9.2‰あり,前方207.9m先を9.4km/h,後続列車なし,10.0,38.0,未発車,35.0,23.5,anti_mid_stop,0.0,CBTC信号57.1km/hを超えてブレーキせず62.1km/hで走行しているため即0点とする。
152.69999999999933,Train11,次駅への減速フェーズ（駅手前400m以内）,ブレーキ（減速）中,0.1,惰行,0.1,70.0,0.0,11.67,0.0,0.0,25.3,7.297635866768194,0.0,0.0,この先制限速度なし,この先目立った勾配なし,前方0.3m先を0.0km/h,後続列車なし,10.0,5.3,未発車,50.0,0.0,normal,0.0,delta_stop が -7.30m で低速でもオーバーランが確実、即時0点ルールに該当するため reward=0.0
200.09999999999937,Train11,次駅への減速フェーズ（駅手前400m以内）,力行（加速）中,0.1,ブレーキ（減速）,0.2,70.0,70.0,20.43,70.0,12.4,0.0,19.824208661664407,20.2,9.2,この先制限速度なし,この先目立った勾配なし,前方748.7m先を55.3km/h,後続列車なし,5.0,0.0,発車済み,100.0,70.0,normal,0.0,delta_stopが-7.42mでブレーキせずに加速し続け、駅手前でのオーバーランが確実なため即時0点とした。
134.0,Train11,巡航フェーズ（駅間走行中）,惰行中,1.0,ブレーキ（減速）,4.0,70.0,70.0,28.74,70.0,638.5,44.0,43.98030926685292,0.0,0.0,この先制限速度なし,48m先に上り勾配6.1‰あり,前方638.9m先を0.0km/h,後続列車なし,0.0,59.0,未発車,35.0,38.2,anti_mid_stop,0.3,先行列車が止まっているため駅間停車防止モード。現在はtarget_speed_no_stop以下で惰行しているが、直前のブレーキからの短時間切替が合理的理由なくノコギリ運転と判定され、reward上限が0.3に制限される。
116.0,Train11,巡航フェーズ（駅間走行中）,惰行中,2.0,ブレーキ（減速）,1.0,70.0,70.0,53.12,53.1,471.1,56.0,137.12137466496765,0.0,6.1,この先制限速度なし,281m先に上り勾配9.2‰あり,前方464.3m先を8.1km/h,後続列車なし,5.0,37.0,未発車,50.0,53.1,normal,0.0,短時間のブレーキ→惰行切替に合理的根拠がなくノコギリ運転と判定され、reward上限が0.0点となった。
146.0,Train11,巡航フェーズ（駅間走行中）,ブレーキ（減速）中,1.0,力行（加速）,1.0,70.0,70.0,41.55,70.0,627.9,32.0,91.34546562338235,0.0,0.0,この先制限速度なし,37m先に上り勾配6.1‰あり,前方628.3m先を0.0km/h,後続列車なし,5.0,22.0,未発車,50.0,70.0,normal,0.0,ブレーキと直前の力行が7秒未満で切り替わり、合理的理由がなくノコギリ運転と判定され、reward上限が0.0となった。
132.0,Train11,次駅への減速フェーズ（駅手前400m以内）,惰行中,23.0,力行（加速）,1.0,70.0,70.0,49.79,49.8,369.7,46.0,120.69866931828116,0.0,6.1,この先制限速度なし,179m先に上り勾配9.2‰あり,前方370.0m先を0.0km/h,後続列車なし,5.0,31.0,未発車,70.0,49.8,normal,0.2,減速フェーズでブレーキせず惰行を続け、停止位置への到達が遅れ安全・定時性を損なうため低評価。
68.0,Train11,巡航フェーズ（駅間走行中）,力行（加速）中,2.0,惰行,2.0,70.0,70.0,67.46,70.0,1299.1,44.0,236.81661598297896,0.0,0.0,この先制限速度なし,309m先に上り勾配12.5‰あり,前方705.1m先を61.9km/h,後続列車なし,10.0,90.0,未発車,50.0,56.5,anti_mid_stop,0.2,先行列車が塞いでいる駅間停車防止モードで、速度がtarget_speed_no_stop(56.5km/h)を11km/h上回り力行し、2秒未満のノコギリ運転で安全性とエネルギー効率が損なわれたため0.2とした。
233.39999999999912,Train11,次駅への減速フェーズ（駅手前400m以内）,ブレーキ（減速）中,0.7,惰行,0.1,70.0,70.0,4.03,70.0,0.3,0.0,0.7748301915069372,53.5,9.2,この先制限速度なし,この先目立った勾配なし,前方357.8m先を46.4km/h,後続列車なし,0.0,0.0,発車済み,35.0,70.0,delay_recovery,0.9,次駅減速フェーズでブレーキ中、delta_stop‑0.47mは低速域の許容範囲内であり、速度制限・CBTC遵守、即時0点条件なし、操作は合理的な減速であるため高評価。
204.09999999999982,Train11,次駅への減速フェーズ（駅手前400m以内）,ブレーキ（減速）中,0.6,力行（加速）,0.1,70.0,17.7,35.96,70.0,64.4,0.0,61.04888551696592,26.2,9.2,この先制限速度なし,この先目立った勾配なし,前方64.8m先を0.0km/h,後続列車なし,0.0,3.9,未発車,20.0,17.2,anti_mid_stop,0.9,先行列車が塞ぎ駅間停車防止モードで、CBTC信号に従い適切に減速し停止位置も許容範囲内のため高評価
149.0,Train11,巡航フェーズ（駅間走行中）,力行（加速）中,7.0,惰行,8.0,70.0,70.0,36.08,70.0,597.0,29.0,69.07441253277823,0.0,0.0,この先制限速度なし,7m先に上り勾配6.1‰あり,前方597.4m先を0.0km/h,後続列車なし,5.0,19.0,未発車,50.0,70.0,normal,0.9,現在速度が必要速度を大きく下回っているため、加速（力行）操作は適切であり、制限速度・CBTC・安全距離も遵守している。
53.0,Train11,巡航フェーズ（駅間走行中）,惰行中,1.0,力行（加速）,8.0,70.0,70.0,51.59,70.0,1642.0,30.0,153.77096778673325,0.0,-6.7,この先制限速度なし,この先目立った勾配なし,前方612.0m先を63.3km/h,後続列車なし,5.0,145.0,未発車,35.0,32.2,anti_mid_stop,0.2,先行列車が塞いでいるため駅間停車防止モード。現在速度がtarget_speed_no_stop 32.2km/hを大きく上回り過剰加速で機外停車リスクとエネルギー浪費があるため減点し0.2とした。
235.3999999999997,Train11,次駅への減速フェーズ（駅手前400m以内）,ブレーキ（減速）中,1.0999999999999999,力行（加速）,0.1,70.0,70.0,29.79,70.0,36.5,0.0,42.005960804813746,55.5,9.2,この先制限速度なし,この先目立った勾配なし,前方486.8m先を49.0km/h,後続列車なし,10.0,0.0,発車済み,50.0,70.0,delay_recovery,0.0,ブレーキ中にdelta_stopが-5.51mでオーバーランが確実と判定され、即0.0ルールが適用されたため。
69.0,Train11,巡航フェーズ（駅間走行中）,力行（加速）中,7.0,ブレーキ（減速）,1.0,70.0,59.2,62.71,70.0,1333.4,10.0,205.34345778807563,0.0,0.0,この先制限速度なし,343m先に上り勾配12.5‰あり,前方233.1m先を63.4km/h,後続列車なし,10.0,149.0,未発車,20.0,40.8,anti_mid_stop,0.0,CBTC信号速度59.2km/hをブレーキせずに62.7km/hで走行し信号無視となったため即時0点。
11.0,Train11,駅出発直後の加速フェーズ（20秒以内）,力行（加速）中,6.0,惰行,1.0,70.0,56.9,25.13,70.0,2136.0,21.0,34.66349109190096,0.0,-2.1,この先制限速度なし,345m先に下り勾配6.7‰あり,前方224.8m先を49.7km/h,後続列車なし,0.0,197.0,未発車,20.0,45.3,anti_mid_stop,0.0,先行列車が塞ぎ駅間停車防止モードで、target_speed_no_stop以下の加速は適切だが、惰行→力行への短時間切替に合理的理由がなくノコギリ運転と判定され、reward上限が0.0となった。
189.99999999999943,Train11,次駅への減速フェーズ（駅手前400m以内）,ブレーキ（減速）中,0.2,惰行,0.1,70.0,47.6,17.23,70.0,14.1,0.0,14.114817609482282,10.1,9.2,この先制限速度なし,この先目立った勾配なし,前方156.3m先を36.7km/h,後続列車なし,5.0,0.0,発車済み,35.0,70.0,normal,0.9,次駅減速フェーズでブレーキが適切に作動し、delta_stopが±1m以内で停止位置が正確、速度・信号遵守、ノコギリ運転なし、間隔も安全なため高評価。
182.0999999999996,Train11,次駅への減速フェーズ（駅手前400m以内）,ブレーキ（減速）中,0.1,惰行,0.4,70.0,70.0,24.53,70.0,33.3,0.0,28.53881001661834,2.2,9.2,この先制限速度なし,この先目立った勾配なし,前方1482.9m先を48.4km/h,後続列車なし,0.0,0.0,,100.0,70.0,normal,0.9,駅手前で適切にブレーキを開始しdelta_stopが許容範囲内、速度・信号遵守、ノコギリ運転なしのため高評価。
148.49999999999952,Train11,次駅への減速フェーズ（駅手前400m以内）,ブレーキ（減速）中,0.1,力行（加速）,0.1,70.0,0.0,24.65,24.6,5.9,26.5,28.817460917190363,0.0,9.2,この先制限速度なし,この先目立った勾配なし,前方3.5m先を4.9km/h,後続列車なし,5.0,34.5,未発車,20.0,4.2,anti_mid_stop,0.0,ブレーキ中にdelta_stopが-22.92mと過走が確実で、即時0点ルールに該当するため0.0とした。
203.09999999999943,Train11,次駅への減速フェーズ（駅手前400m以内）,惰行中,0.1,ブレーキ（減速）,0.1,70.0,50.7,25.18,0.0,0.0,0.0,33.81086204491244,23.2,0.0,この先制限速度なし,この先目立った勾配なし,前方170.2m先を38.9km/h,後続列車なし,0.0,0.0,発車済み,50.0,0.0,normal,0.0,delta_stop が -33.81 m でブレーキ未実施のためオーバーランが確実、即reward0.0ルールが適用される。
131.0,Train11,巡航フェーズ（駅間走行中）,力行（加速）中,3.0,惰行,1.0,70.0,70.0,47.81,70.0,773.5,47.0,120.51456068085055,0.0,0.0,この先制限速度なし,183m先に上り勾配6.1‰あり,前方773.9m先を0.0km/h,後続列車なし,5.0,32.0,未発車,70.0,70.0,normal,0.0,保持時間3秒・前ノッチ1秒で力行へ切替したためノコギリ運転と判定され、reward上限が0.0点となった。
68.0,Train11,巡航フェーズ（駅間走行中）,惰行中,4.0,力行（加速）,20.0,70.0,70.0,63.43,64.0,1399.6,101.0,209.97895734701467,0.0,0.0,この先制限速度なし,409m先に上り勾配12.5‰あり,前方1384.4m先を12.0km/h,後続列車なし,10.0,70.0,未発車,100.0,64.0,normal,0.6,巡航フェーズでrequired_speed(64km/h)に達していないのに惰行を続けているため、加速すべき場面で遅延リスクが生じている。
55.0,Train11,巡航フェーズ（駅間走行中）,力行（加速）中,15.0,惰行,1.0,70.0,70.0,59.87,70.0,1635.8,101.0,187.53443287069277,0.0,0.0,この先制限速度なし,この先目立った勾配なし,前方1547.0m先を28.9km/h,後続列車なし,10.0,53.0,未発車,100.0,70.0,normal,1.0,巡航フェーズでrequired_speed未達のため加速は適切、制限速度・CBTC遵守、ノコギリ運転なし、先行列車との間隔十分、定時到着も可能なため高評価。
150.19999999999982,Train11,次駅への減速フェーズ（駅手前400m以内）,ブレーキ（減速）中,0.9999999999999999,惰行,0.1,70.0,7.0,35.53,35.5,52.0,27.8,59.608950057622145,0.0,9.2,この先制限速度なし,この先目立った勾配なし,前方52.3m先を0.0km/h,後続列車なし,10.0,52.8,未発車,35.0,12.6,anti_mid_stop,0.0,delta_stopが-7.61mでブレーキ中でもオーバーランが確実と判定され、即時0点ルールが適用されたため。
158.9999999999992,Train11,次駅への減速フェーズ（駅手前400m以内）,ブレーキ（減速）中,4.5,力行（加速）,0.1,70.0,42.2,5.82,5.8,1.6,21.0,1.6153734722340836,0.0,9.2,この先制限速度なし,この先目立った勾配なし,前方133.7m先を35.9km/h,後続列車なし,10.0,0.0,発車済み,70.0,5.8,normal,1.0,次駅減速フェーズでブレーキ中、delta_stopが-0.02mで停止位置誤差が1m以内、制限速度・CBTC遵守、ノコギリ運転なし、間隔適正のため高評価。
181.0,Train11,次駅への減速フェーズ（駅手前400m以内）,力行（加速）中,5.0,ブレーキ（減速）,8.0,70.0,33.0,25.63,70.0,100.9,0.0,31.143186383123155,4.0,9.2,この先制限速度なし,この先目立った勾配なし,前方101.3m先を0.0km/h,後続列車なし,5.0,2.0,未発車,20.0,32.4,anti_mid_stop,1.0,先行列車が停車しているため駅間停車防止モード。現在速度がtarget_speed_no_stop未満で加速中、制限速度・CBTC遵守、停止位置も確保できているため高評価。
148.0,Train11,次駅への減速フェーズ（駅手前400m以内）,惰行中,3.0,ブレーキ（減速）,1.0,70.0,70.0,45.5,45.7,288.0,32.0,101.03194202050516,0.0,6.1,この先制限速度なし,97m先に上り勾配9.2‰あり,前方614.1m先を47.8km/h,後続列車なし,0.0,0.0,,50.0,45.7,normal,0.0,ブレーキから惰行への短時間切替がノコギリ運転と判定され、上限0.0点のためrewardは0.0となる。
44.0,Train11,巡航フェーズ（駅間走行中）,惰行中,1.0,力行（加速）,1.0,70.0,70.0,47.23,70.0,1792.2,51.0,121.05451292565112,0.0,-2.1,この先制限速度なし,2m先に下り勾配6.7‰あり,前方954.1m先を62.4km/h,後続列車なし,0.0,104.0,未発車,50.0,66.8,normal,0.0,力行→惰行への短時間切替が合理的根拠なく行われ、ノコギリ運転と判定され上限0.0点となった。
127.0,Train11,巡航フェーズ（駅間走行中）,力行（加速）中,2.0,惰行,1.0,70.0,70.0,42.13,70.0,824.8,51.0,80.38289009198904,0.0,12.5,この先制限速度なし,この先目立った勾配なし,前方825.2m先を0.0km/h,後続列車なし,5.0,56.0,未発車,50.0,65.4,normal,0.0,加速直前の惰行が1秒で切り替わりノコギリ運転と判定され、reward上限が0.0点となった。
24.0,Train11,巡航フェーズ（駅間走行中）,力行（加速）中,3.0,惰行,1.0,70.0,70.0,37.91,70.0,2031.2,102.0,78.40565123006661,0.0,-2.1,この先制限速度なし,241m先に下り勾配6.7‰あり,前方1621.2m先を58.0km/h,後続列車なし,5.0,109.0,未発車,100.0,70.0,normal,1.0,制限速度・CBTC遵守、加速はrequired_speed未達で必要な操作、先行列車は遠くノコギリ運転なし、全項目で問題なし。
74.0,Train11,巡航フェーズ（駅間走行中）,力行（加速）中,1.0,惰行,2.0,70.0,70.0,57.83,70.0,1326.4,71.0,175.21335128206573,0.0,0.0,この先制限速度なし,336m先に上り勾配12.5‰あり,前方1128.1m先を41.7km/h,後続列車なし,10.0,64.0,未発車,70.0,70.0,normal,0.9,巡航フェーズでrequired_speed未達だが、加速（力行）は必要な操作であり、速度・CBTC制限を守り、先行列車との間隔も問題なく、ノコギリ運転にも該当しないため高評価。
196.69999999999956,Train11,次駅への減速フェーズ（駅手前400m以内）,ブレーキ（減速）中,0.2,力行（加速）,0.1,70.0,70.0,27.24,70.0,35.4,0.0,35.15743174416217,16.8,9.2,この先制限速度なし,この先目立った勾配なし,前方720.0m先を54.3km/h,後続列車なし,5.0,0.0,発車済み,100.0,70.0,normal,1.0,次駅減速フェーズでブレーキ中、delta_stopが0.24mで許容範囲内、速度・信号遵守、ノコギリ運転なし、全項目安全・適切。
110.0,Train11,巡航フェーズ（駅間走行中）,力行（加速）中,10.0,ブレーキ（減速）,1.0,70.0,64.0,64.94,70.0,657.3,17.0,219.85799181361,0.0,0.0,この先制限速度なし,67m先に上り勾配6.1‰あり,前方263.4m先を57.6km/h,後続列車なし,10.0,93.0,未発車,20.0,28.7,anti_mid_stop,0.0,CBTC信号速度64km/hを超えて加速し、ブレーキ未実施のため即時0点とした。
194.29999999999993,Train11,次駅への減速フェーズ（駅手前400m以内）,力行（加速）中,0.1,ブレーキ（減速）,0.1,70.0,70.0,42.12,70.0,72.2,0.0,83.51572589126468,14.4,9.2,この先制限速度なし,この先目立った勾配なし,前方1033.5m先を58.7km/h,後続列車なし,0.0,0.0,発車済み,100.0,70.0,normal,0.0,delta_stopが-11.32mでブレーキせずに加速しており、オーバーランがほぼ確実なため即0.0ルールが適用され、rewardは0.0となる。
222.7999999999996,Train11,次駅への減速フェーズ（駅手前400m以内）,ブレーキ（減速）中,4.899999999999999,力行（加速）,21.00000000000003,70.0,57.5,24.35,70.0,32.8,0.0,28.123343873997168,42.9,9.2,この先制限速度なし,この先目立った勾配なし,前方204.4m先を38.7km/h,後続列車なし,5.0,0.0,発車済み,35.0,70.0,delay_recovery,0.9,制限速度・CBTC遵守で安全上問題なく、delta_stopが4.68mで許容範囲内のブレーキ操作で停止位置が適切に確保されているため高評価。
11.0,Train11,駅出発直後の加速フェーズ（20秒以内）,力行（加速）中,1.0,ブレーキ（減速）,1.0,70.0,70.0,12.37,70.0,2155.0,70.0,8.438773442438903,0.0,-2.1,この先制限速度なし,364m先に下り勾配6.7‰あり,前方1089.8m先を63.0km/h,後続列車なし,0.0,147.0,未発車,70.0,59.1,anti_mid_stop,0.0,直前のブレーキから1秒で力行への切替が保持時間ともに7秒未満で合理的理由がなくノコギリ運転と判定され、reward上限が0.0となったため。
68.0,Train11,巡航フェーズ（駅間走行中）,惰行中,4.0,ブレーキ（減速）,3.0,70.0,70.0,7.72,70.0,1786.2,57.0,3.5183823267218903,0.0,-6.7,この先制限速度なし,この先目立った勾配なし,前方1360.1m先を58.4km/h,後続列車なし,0.0,110.0,未発車,50.0,54.9,anti_mid_stop,0.1,駅間停車防止モードでtarget_speed_no_stop(54.9km/h)を大きく下回り惰行し、さらにブレーキ→惰行の切替が7秒未満のノコギリ運転と判定されたため、reward上限0.1‑0.3となり0.1とした。
228.69999999999985,Train11,次駅への減速フェーズ（駅手前400m以内）,力行（加速）中,4.799999999999999,ブレーキ（減速）,8.0,70.0,70.0,24.75,70.0,81.0,0.0,29.05069248405311,48.8,9.2,この先制限速度なし,この先目立った勾配なし,前方1727.4m先を63.3km/h,後続列車なし,10.0,0.0,発車済み,100.0,70.0,delay_recovery,0.9,遅延回復モードで必要速度未達ながら加速を継続し、CBTC・速度制限遵守、ノコギリ運転なし、停車位置余裕があるため高評価。
14.0,Train11,駅出発直後の加速フェーズ（20秒以内）,力行（加速）中,15.0,ブレーキ（減速）,30.0,70.0,32.0,31.96,70.0,2108.0,10.0,55.89315744601786,0.0,-2.1,この先制限速度なし,318m先に下り勾配6.7‰あり,前方106.1m先を43.5km/h,後続列車なし,10.0,174.0,未発車,20.0,49.6,anti_mid_stop,1.0,先行列車が塞いでいるため駅間停車防止モードと判定し、target_speed_no_stop以下で加速しているので現在の力行は適切と判断した。
168.39999999999975,Train11,次駅への減速フェーズ（駅手前400m以内）,惰行中,0.1,ブレーキ（減速）,0.7,70.0,70.0,33.17,33.2,56.1,11.6,52.006259615593734,0.0,9.2,この先制限速度なし,この先目立った勾配なし,前方479.4m先を48.3km/h,後続列車なし,10.0,0.0,発車済み,100.0,33.2,normal,0.0,短時間のブレーキ→惰行切替が合理的理由なく、2秒未満のノコギリ運転と判定され上限reward0.0となる。
71.0,Train11,巡航フェーズ（駅間走行中）,惰行中,7.0,ブレーキ（減速）,3.0,70.0,70.0,8.15,70.0,1779.6,58.0,3.920740318817629,0.0,-6.7,この先制限速度なし,この先目立った勾配なし,前方1401.6m先を57.2km/h,後続列車なし,0.0,107.0,未発車,50.0,56.6,anti_mid_stop,0.3,先行列車が塞ぎ駅間停車防止モードで、target_speed_no_stop を大幅に下回る惰行が遅延リスクとなり減点した。
195.9999999999999,Train11,次駅への減速フェーズ（駅手前400m以内）,惰行中,28.10000000000003,力行（加速）,8.0,70.0,25.4,32.49,70.0,80.3,0.0,49.91013206572702,18.1,9.2,この先制限速度なし,この先目立った勾配なし,前方80.7m先を0.0km/h,後続列車なし,10.0,22.0,未発車,20.0,15.6,anti_mid_stop,0.0,CBTC信号速度25.4km/hを超える32.5km/hでブレーキせず走行しており、即reward0.0ルールに該当するため。
194.0999999999996,Train11,次駅への減速フェーズ（駅手前400m以内）,ブレーキ（減速）中,0.6,惰行,0.1,70.0,34.1,26.15,70.0,18.5,0.0,32.41344552189039,14.2,9.2,この先制限速度なし,この先目立った勾配なし,前方104.9m先を31.2km/h,後続列車なし,0.0,0.0,発車済み,35.0,70.0,normal,0.0,delta_stopが-13.91mでブレーキ中にも関わらずオーバーランが確実と判断され、即0.0ルールが適用されたため。
146.0999999999997,Train11,次駅への減速フェーズ（駅手前400m以内）,ブレーキ（減速）中,1.7000000000000004,惰行,0.1,70.0,0.0,29.62,29.6,37.5,31.9,41.530726219345084,0.0,9.2,この先制限速度なし,この先目立った勾配なし,前方37.9m先を0.0km/h,後続列車なし,10.0,11.9,未発車,50.0,29.6,normal,0.0,先行列車が40m未満で接近しており即時安全違反となるため、rewardは0.0とする。
3.0,Train11,駅出発直後の加速フェーズ（20秒以内）,力行（加速）中,4.0,ブレーキ（減速）,30.0,70.0,70.0,9.01,70.0,2174.1,62.0,4.4815694528904775,0.0,-2.1,この先制限速度なし,384m先に下り勾配6.7‰あり,前方830.0m先を48.6km/h,後続列車なし,0.0,0.0,,70.0,70.0,normal,1.0,加速フェーズで必要速度未達だが力行継続は適切で、制限速度・CBTC遵守、ノコギリ運転なし、前方列車との間隔も安全で評価は最高。
34.0,Train11,巡航フェーズ（駅間走行中）,力行（加速）中,2.0,ブレーキ（減速）,1.0,70.0,70.0,25.65,70.0,2034.1,61.0,36.104870704560334,0.0,-2.1,この先制限速度なし,244m先に下り勾配6.7‰あり,前方1196.1m先を62.4km/h,後続列車なし,10.0,119.0,未発車,70.0,68.0,normal,0.0,直前のブレーキから2秒で力行へ切替し、保持時間が7秒未満かつ合理的理由がなくノコギリ運転と判定され、reward上限が0.0となる。
149.0,Train11,次駅への減速フェーズ（駅手前400m以内）,力行（加速）中,1.0,惰行,4.0,70.0,70.0,38.9,42.0,264.4,31.0,74.09487924570945,0.0,6.1,この先制限速度なし,74m先に上り勾配9.2‰あり,前方396.5m先を35.9km/h,後続列車なし,0.0,0.0,発車済み,100.0,42.0,normal,0.2,短時間での力行への切替がノコギリ運転と判定され、上限0.3に抑えられたため0.2点とした。
153.59999999999945,Train11,次駅への減速フェーズ（駅手前400m以内）,ブレーキ（減速）中,1.0999999999999999,惰行,0.1,70.0,0.0,17.5,17.5,12.2,24.4,14.559433439865458,0.0,9.2,この先制限速度なし,この先目立った勾配なし,前方12.6m先を0.0km/h,後続列車なし,0.0,24.4,未発車,35.0,6.1,anti_mid_stop,0.0,先行列車が12.6m先で停止しており、40m未満の接近距離は即時安全違反とみなすためrewardは0.0とする。
167.59999999999962,Train11,次駅への減速フェーズ（駅手前400m以内）,ブレーキ（減速）中,0.5,惰行,0.1,70.0,45.7,26.13,26.1,29.5,12.4,32.36412567548515,0.0,9.2,この先制限速度なし,この先目立った勾配なし,前方148.0m先を34.6km/h,後続列車なし,0.0,0.0,発車済み,50.0,26.1,normal,0.9,ブレーキはCBTC遵守かつ停止位置誤差2.86mで許容範囲内、ノコギリ運転なし、前方列車との間隔も適切なため高評価。
157.1999999999996,Train11,次駅への減速フェーズ（駅手前400m以内）,ブレーキ（減速）中,2.3000000000000007,惰行,0.1,70.0,0.0,22.88,22.9,24.6,20.8,24.843229314152463,0.0,9.2,この先制限速度なし,この先目立った勾配なし,前方24.9m先を0.0km/h,後続列車なし,0.0,20.8,未発車,50.0,8.6,anti_mid_stop,1.0,先行列車が塞いでいるため駅間停車防止モード。CBTC 0km/h に対しブレーキで減速し、停止位置誤差±5m 内で適切に減速しているため高評価。
211.19999999999942,Train11,次駅への減速フェーズ（駅手前400m以内）,ブレーキ（減速）中,0.4,惰行,0.1,70.0,70.0,26.36,0.0,0.0,0.0,37.03580293595372,31.3,0.0,この先制限速度なし,この先目立った勾配なし,前方389.2m先を47.5km/h,後続列車なし,10.0,0.0,発車済み,70.0,0.0,delay_recovery,0.0,δ_stopが-37.04mでブレーキ中でもオーバーランが確実なため即0.0ルールが適用され、rewardは0.0となる。
145.0,Train11,巡航フェーズ（駅間走行中）,惰行中,5.0,力行（加速）,4.0,70.0,70.0,34.94,70.0,470.2,33.0,59.88807539397525,0.0,6.1,この先制限速度なし,280m先に上り勾配9.2‰あり,前方470.5m先を0.0km/h,後続列車なし,10.0,28.0,未発車,35.0,54.6,anti_mid_stop,0.2,先行列車が塞いで駅間停車防止モードとなり、現在速度がtarget_speed_no_stop(54.6km/h) を10km/h以上下回り惰行し、力行→惰行の短時間切替に合理的理由がないため減点し、rewardは0.2とした。
202.09999999999948,Train11,次駅への減速フェーズ（駅手前400m以内）,惰行中,0.30000000000000004,ブレーキ（減速）,0.1,70.0,70.0,27.31,70.0,18.1,0.0,35.3374104623168,22.2,9.2,この先制限速度なし,この先目立った勾配なし,前方943.7m先を58.2km/h,後続列車なし,10.0,0.0,発車済み,100.0,70.0,normal,0.0,δ_stopが-17.24mで高速度域におけるオーバーランが確実となり、即時0点ルールに該当するためrewardは0.0。
115.0,Train11,巡航フェーズ（駅間走行中）,ブレーキ（減速）中,1.0,力行（加速）,4.0,70.0,70.0,48.0,70.0,1154.1,25.0,121.46065542619304,0.0,0.0,この先制限速度なし,164m先に上り勾配12.5‰あり,前方906.8m先を46.6km/h,後続列車なし,5.0,83.0,未発車,20.0,53.3,anti_mid_stop,0.3,先行列車が塞いでいる駅間停車防止モードで、加速から1秒の減速への切替が7秒未満かつ合理的理由がなくノコギリ運転と判定され、reward上限0.3点に抑えられた。
79.0,Train11,巡航フェーズ（駅間走行中）,力行（加速）中,2.0,惰行,9.0,70.0,70.0,32.89,70.0,1463.5,28.0,57.4893047288466,0.0,0.0,この先制限速度なし,473m先に上り勾配12.5‰あり,前方800.2m先を62.7km/h,後続列車なし,10.0,109.0,未発車,35.0,54.8,anti_mid_stop,0.9,先行列車が塞いでいるため駅間停車防止モードとなり、target_speed_no_stop以下の加速は適切で、速度・CBTC制限を遵守している。
45.0,Train11,巡航フェーズ（駅間走行中）,力行（加速）中,5.0,ブレーキ（減速）,1.0,70.0,70.0,56.38,70.0,1715.7,70.0,183.03560862106718,0.0,-6.7,この先制限速度なし,この先目立った勾配なし,前方1155.9m先を61.8km/h,後続列車なし,5.0,88.0,未発車,70.0,69.5,normal,0.0,直前のブレーキから5秒の力行への短時間切替に合理的根拠がなくノコギリ運転と判定され、reward上限が0.0となる。
17.0,Train11,駅出発直後の加速フェーズ（20秒以内）,力行（加速）中,18.0,ブレーキ（減速）,30.0,70.0,70.0,36.02,70.0,2079.7,31.0,70.85254473570848,0.0,-2.1,この先制限速度なし,289m先に下り勾配6.7‰あり,前方418.1m先を62.7km/h,後続列車なし,5.0,151.0,未発車,35.0,55.7,anti_mid_stop,1.0,先行列車が塞いでいるため駅間停車防止モードと判定し、target_speed_no_stop以下での加速は適切であり、制限速度・CBTC遵守、ノコギリ運転なし、間隔安全であるため高評価とした。
218.49999999999952,Train11,次駅への減速フェーズ（駅手前400m以内）,惰行中,0.1,ブレーキ（減速）,0.30000000000000004,70.0,70.0,26.18,70.0,16.9,0.0,32.48749483015548,38.6,9.2,この先制限速度なし,この先目立った勾配なし,前方509.8m先を50.1km/h,後続列車なし,5.0,0.0,発車済み,35.0,70.0,delay_recovery,0.0,δ_stop が -15.59 m でブレーキをかけておらず、オーバーランがほぼ確実なため即時0点とする。
200.2,Train11,次駅への減速フェーズ（駅手前400m以内）,力行（加速）中,1.3000000000000003,惰行,1.0,70.0,55.3,41.02,70.0,96.7,0.0,79.25268998571683,20.3,9.2,この先制限速度なし,この先目立った勾配なし,前方192.8m先を32.3km/h,後続列車なし,5.0,0.0,発車済み,20.0,70.0,normal,0.0,減速フェーズでの力行と、保持時間が7秒未満のノコギリ運転（惰行→力行）に合理的根拠がなく、即時0点上限が適用されたため。
74.0,Train11,巡航フェーズ（駅間走行中）,惰行中,6.0,ブレーキ（減速）,3.0,70.0,70.0,31.98,70.0,1507.7,27.0,54.37538758938908,0.0,0.0,この先制限速度なし,この先目立った勾配なし,前方756.8m先を63.1km/h,後続列車なし,10.0,114.0,未発車,35.0,55.0,anti_mid_stop,0.2,先行列車が塞いで駅間停車防止モード。target_speed_no_stopを大きく下回る惰行と、ブレーキ→惰行の短時間切替がノコギリ運転と判定され、上限0.3に抑えられた。
60.0,Train11,巡航フェーズ（駅間走行中）,惰行中,1.0,力行（加速）,4.0,70.0,70.0,41.82,70.0,1718.2,25.0,101.67811020988454,0.0,-6.7,この先制限速度なし,この先目立った勾配なし,前方723.3m先を62.9km/h,後続列車なし,10.0,113.0,未発車,35.0,50.2,anti_mid_stop,1.0,先行列車が塞いで駅間停車防止モード。現在速度はtarget_speed_no_stop(50.2km/h)を8.4km/h下回るが10km/h超えではなく、制限速度・CBTC遵守、ノコギリ運転なしで適切な惰行のため高評価。
166.0999999999993,Train11,次駅への減速フェーズ（駅手前400m以内）,惰行中,0.1,ブレーキ（減速）,0.2,70.0,50.7,11.08,11.1,2.4,13.9,5.847212125867597,0.0,9.2,この先制限速度なし,この先目立った勾配なし,前方170.4m先を48.0km/h,後続列車なし,0.0,0.0,,20.0,11.1,normal,0.0,delta_stopが-3.45mでブレーキせず惰行し、オーバーランが確実なため即時0点とする。
146.0,Train11,次駅への減速フェーズ（駅手前400m以内）,力行（加速）中,23.0,ブレーキ（減速）,8.0,70.0,70.0,47.33,54.0,336.3,32.0,109.21487750111882,0.0,6.1,この先制限速度なし,146m先に上り勾配9.2‰あり,前方342.6m先を10.3km/h,後続列車なし,0.0,0.0,発車済み,70.0,54.0,normal,0.8,delta_stopが正で加速が必要なため次駅減速フェーズでの加速は適切だが、先行列車との間隔が標準間隔を下回り間隔縮小が懸念される。
176.0,Train11,次駅への減速フェーズ（駅手前400m以内）,力行（加速）中,2.0,惰行,8.0,70.0,60.8,42.81,70.0,228.6,2.0,89.56434928247923,0.0,6.1,この先制限速度なし,38m先に上り勾配9.2‰あり,前方229.0m先を0.0km/h,後続列車なし,0.0,2.0,未発車,35.0,70.0,normal,0.1,次駅減速フェーズで加速しており、停止位置への到達が遅れ、適切なブレーキ操作が欠如しているため低評価とした。
173.09999999999982,Train11,次駅への減速フェーズ（駅手前400m以内）,ブレーキ（減速）中,0.1,惰行,0.1,70.0,9.0,38.62,70.0,53.5,4.9,70.32970130471762,0.0,9.2,この先制限速度なし,この先目立った勾配なし,前方53.9m先を0.0km/h,後続列車なし,10.0,29.9,未発車,35.0,12.7,anti_mid_stop,0.0,ブレーキ中でもdelta_stopが-16.83mと過度に手前で、オーバーランがほぼ確実なため即reward0.0ルールが適用される。
205.99999999999972,Train11,次駅への減速フェーズ（駅手前400m以内）,ブレーキ（減速）中,0.5,力行（加速）,0.30000000000000004,70.0,70.0,33.8,70.0,38.5,0.0,53.986023646498424,26.1,9.2,この先制限速度なし,この先目立った勾配なし,前方365.4m先を45.4km/h,後続列車なし,10.0,0.0,発車済み,70.0,70.0,normal,0.0,delta_stopが-15.49mでブレーキ中でもオーバーランが確実と判断され、即0.0ルールが適用される。
124.0,Train11,巡航フェーズ（駅間走行中）,惰行中,2.0,力行（加速）,6.0,70.0,70.0,24.56,70.0,1319.4,56.0,32.174507351520305,0.0,0.0,この先制限速度なし,329m先に上り勾配12.5‰あり,前方1365.9m先を24.8km/h,後続列車なし,0.0,0.0,発車済み,100.0,70.0,normal,0.2,required_speedを大きく下回る状態で惰行を続け、ノコギリ運転も発生しているため大幅減点し0.2とする。
174.29999999999947,Train11,次駅への減速フェーズ（駅手前400m以内）,ブレーキ（減速）中,1.0999999999999999,力行（加速）,0.1,70.0,70.0,20.46,20.5,17.6,5.7,19.882273996280098,0.0,9.2,この先制限速度なし,この先目立った勾配なし,前方386.7m先を46.7km/h,後続列車なし,5.0,0.0,発車済み,100.0,20.5,normal,0.9,ブレーキ中でdelta_stopが±5m以内（|2.28m|）であり、制限速度・CBTC遵守、合理的な減速で安全に駅停車できるため高評価。
169.19999999999948,Train11,次駅への減速フェーズ（駅手前400m以内）,ブレーキ（減速）中,0.8999999999999999,惰行,0.1,70.0,70.0,21.88,21.9,26.0,10.8,22.72694968821295,0.0,9.2,この先制限速度なし,この先目立った勾配なし,前方393.8m先を46.7km/h,後続列車なし,0.0,0.0,発車済み,70.0,21.9,normal,0.9,ブレーキで適切に減速し、delta_stopが許容範囲内で安全に停車できるため高評価とした。
18.0,Train11,駅出発直後の加速フェーズ（20秒以内）,惰行中,6.0,ブレーキ（減速）,4.0,70.0,70.0,12.95,70.0,2108.4,50.0,9.2469639980661,0.0,-2.1,この先制限速度なし,318m先に下り勾配6.7‰あり,前方815.2m先を62.9km/h,後続列車なし,0.0,160.0,未発車,50.0,53.6,anti_mid_stop,0.2,先行列車が塞ぎ駅間停車防止モードで、target_speed_no_stopを大きく下回る惰行とノコギリ運転が判定され、上限0.3点となり0.2点に設定した。
2.0,Train11,駅出発直後の加速フェーズ（20秒以内）,力行（加速）中,3.0,ブレーキ（減速）,30.0,70.0,70.0,6.17,70.0,2176.2,50.0,2.1032483734342726,0.0,-2.1,この先制限速度なし,386m先に下り勾配6.7‰あり,前方602.4m先を63.4km/h,後続列車なし,0.0,176.0,未発車,50.0,50.9,anti_mid_stop,1.0,先行列車が塞いで駅間停車防止モード。現在はtarget_speed_no_stop未満で加速中であり、過速度や信号違反はなく適切な操作と判断した。
196.0,Train11,次駅への減速フェーズ（駅手前400m以内）,力行（加速）中,5.0,惰行,8.0,70.0,50.2,47.51,70.0,167.8,0.0,105.96827112746911,19.0,9.2,この先制限速度なし,この先目立った勾配なし,前方168.2m先を0.0km/h,後続列車なし,5.0,2.0,未発車,20.0,61.3,anti_mid_stop,1.0,先行列車が停車中で駅間停車防止モードと判定され、target_speed_no_stop以下で加速しており制限速度・CBTC遵守、停止位置も確保できるため最高評価とした。
151.0,Train11,次駅への減速フェーズ（駅手前400m以内）,惰行中,7.0,力行（加速）,1.0,70.0,70.0,38.13,40.6,238.5,29.0,71.2169147869553,0.0,6.1,この先制限速度なし,48m先に上り勾配9.2‰あり,前方629.9m先を47.4km/h,後続列車なし,10.0,0.0,発車済み,100.0,40.6,normal,0.9,次駅減速フェーズでdelta_stopが大きく正、速度は制限・CBTC内、ブレーキ未実施でも安全距離確保、ノコギリ運転なし、間隔適正のため高評価。
2.0,Train11,駅出発直後の加速フェーズ（20秒以内）,力行（加速）中,3.0,ブレーキ（減速）,30.0,70.0,29.2,6.17,70.0,2176.2,16.0,2.1032483734342726,0.0,-2.1,この先制限速度なし,386m先に下り勾配6.7‰あり,前方96.6m先を36.0km/h,後続列車なし,5.0,211.0,未発車,20.0,43.5,anti_mid_stop,1.0,先行列車が塞いでいるため駅間停車防止モードで、target_speed_no_stop以下の加速は適切であり安全・速度制限・CBTCすべて遵守している。
78.0,Train11,巡航フェーズ（駅間走行中）,惰行中,3.0,力行（加速）,1.0,70.0,70.0,66.97,69.1,1137.9,76.0,233.4731078059387,0.0,0.0,この先制限速度なし,147m先に上り勾配12.5‰あり,前方1032.3m先を31.5km/h,後続列車なし,5.0,55.0,未発車,70.0,69.1,normal,0.0,力行直後の短時間惰行がノコギリ運転と判定され、上限0.0点となったため。
53.0,Train11,巡航フェーズ（駅間走行中）,ブレーキ（減速）中,7.0,惰行,2.0,70.0,70.0,39.67,70.0,1618.9,53.0,83.35022737113913,0.0,0.0,この先制限速度なし,この先目立った勾配なし,前方938.2m先を63.0km/h,後続列車なし,0.0,95.0,未発車,50.0,68.4,normal,0.2,巡航フェーズでrequired_speed 70km/hに対し、必要以上にブレーキをかけ速度を39.7km/hに低下させているため大幅減点。
173.49999999999906,Train11,次駅への減速フェーズ（駅手前400m以内）,ブレーキ（減速）中,0.5,力行（加速）,0.1,70.0,63.1,3.71,0.0,0.0,6.5,0.7391217903095643,0.0,0.0,この先制限速度なし,この先目立った勾配なし,前方235.4m先を42.0km/h,後続列車なし,0.0,0.0,発車済み,70.0,0.0,normal,0.0,短時間の加速後すぐブレーキへの切替は合理的理由がなく、ノコギリ運転と判定され上限0.0点となる。
191.59999999999945,Train11,次駅への減速フェーズ（駅手前400m以内）,力行（加速）中,0.9999999999999999,ブレーキ（減速）,6.399999999999993,70.0,22.3,10.58,70.0,42.3,0.0,5.332090356935967,11.7,9.2,この先制限速度なし,この先目立った勾配なし,前方73.5m先を21.1km/h,後続列車なし,5.0,0.0,発車済み,20.0,70.0,normal,0.1,次駅減速フェーズで加速し停止位置が危うく、さらに短時間のノッチ切替でノコギリ運転と判定されたため低評価。
12.0,Train11,駅出発直後の加速フェーズ（20秒以内）,力行（加速）中,8.0,惰行,1.0,70.0,70.0,26.98,70.0,2129.5,36.0,39.923100959295546,0.0,-2.1,この先制限速度なし,339m先に下り勾配6.7‰あり,前方467.9m先を62.7km/h,後続列車なし,0.0,151.0,未発車,35.0,57.0,anti_mid_stop,0.9,先行列車が塞いでいるため駅間停車防止モード。現在はtarget_speed_no_stop未満で加速中で、上限超過やノコギリ運転はなく安全・適切と判断した。
176.0,Train11,次駅への減速フェーズ（駅手前400m以内）,惰行中,1.0,力行（加速）,8.0,70.0,60.0,50.91,70.0,223.7,2.0,126.10994695964902,0.0,6.1,この先制限速度なし,33m先に上り勾配9.2‰あり,前方224.0m先を0.0km/h,後続列車なし,10.0,27.0,未発車,20.0,27.0,anti_mid_stop,0.1,駅間停車防止モードでtarget_speed_no_stop(27km/h)を大きく上回る速度で走行し機外停車リスクがあるため減点し、rewardを0.1とした。
226.1,Train11,次駅への減速フェーズ（駅手前400m以内）,力行（加速）中,2.2,ブレーキ（減速）,8.0,70.0,70.0,20.51,70.0,97.3,0.0,19.97923666526228,46.2,9.2,この先制限速度なし,この先目立った勾配なし,前方1698.0m先を63.0km/h,後続列車なし,10.0,0.0,発車済み,100.0,70.0,delay_recovery,0.2,次駅減速フェーズで20.5km/hの低速のまま加速しており、停止位置確保のためのブレーキが必要なためちんたら運転とみなし0.2点とした。
182.19999999999993,Train11,次駅への減速フェーズ（駅手前400m以内）,力行（加速）中,0.2,ブレーキ（減速）,0.2,70.0,25.3,35.71,70.0,79.9,0.0,60.20966564168426,4.3,9.2,この先制限速度なし,この先目立った勾配なし,前方80.3m先を0.0km/h,後続列車なし,10.0,5.8,未発車,20.0,19.5,anti_mid_stop,0.0,CBTC信号速度25.3km/hを超えて35.7km/hで加速し、ブレーキ未実施のため即時安全違反となりrewardは0.0とする。
143.0,Train11,巡航フェーズ（駅間走行中）,力行（加速）中,4.0,惰行,1.0,70.0,70.0,32.9,70.0,795.6,35.0,49.21849594700592,0.0,12.5,この先制限速度なし,この先目立った勾配なし,前方795.9m先を0.0km/h,後続列車なし,10.0,10.0,未発車,70.0,70.0,normal,0.0,直前の惰行から7秒未満で力行へ切替え、保持時間が1秒のノコギリ運転と判定され、上限rewardが0.0点となった。
153.5999999999998,Train11,次駅への減速フェーズ（駅手前400m以内）,惰行中,2.9000000000000012,ブレーキ（減速）,0.1,70.0,54.9,32.3,32.3,62.7,26.4,49.33202063772171,0.0,9.2,この先制限速度なし,この先目立った勾配なし,前方190.9m先を35.5km/h,後続列車なし,5.0,0.0,発車済み,70.0,32.3,normal,0.0,ブレーキから惰行への短時間切替が合理的理由なく行われ、ノコギリ運転と判定されたため。
123.0,Train11,巡航フェーズ（駅間走行中）,力行（加速）中,1.0,ブレーキ（減速）,1.0,70.0,64.3,62.5,70.0,403.1,26.0,188.7260328306717,0.0,6.1,この先制限速度なし,213m先に上り勾配9.2‰あり,前方249.2m先を38.1km/h,後続列車なし,5.0,90.0,未発車,20.0,30.8,anti_mid_stop,0.0,先行列車が塞ぎ駅間停車防止モードでtarget_speed_no_stopを大幅に超える力行かつブレーキから1秒で切替しノコギリ運転と判定されたため即0点とする。
31.0,Train11,巡航フェーズ（駅間走行中）,力行（加速）中,6.0,惰行,1.0,70.0,70.0,44.09,70.0,1941.3,104.0,105.68957244393941,0.0,-2.1,この先制限速度なし,151m先に下り勾配6.7‰あり,前方1639.4m先を51.7km/h,後続列車なし,5.0,87.0,未発車,100.0,70.0,normal,0.0,惰行から6秒未満の力行への切替が合理的理由なく行われ、ノコギリ運転と判定されreward上限0.0となった。
53.0,Train11,巡航フェーズ（駅間走行中）,力行（加速）中,7.0,ブレーキ（減速）,1.0,70.0,70.0,58.48,70.0,1649.0,15.0,196.6234581454549,0.0,-6.7,この先制限速度なし,この先目立った勾配なし,前方355.8m先を62.9km/h,後続列車なし,5.0,160.0,未発車,20.0,26.6,anti_mid_stop,0.1,先行列車が塞いで駅間停車防止モードとなっているのに、target_speed_no_stop 26.6km/h を大幅に上回る力行を続けているため過加速とみなし、低評価とした。
22.0,Train11,巡航フェーズ（駅間走行中）,ブレーキ（減速）中,1.0,力行（加速）,3.0,70.0,70.0,25.34,70.0,2098.4,60.0,35.24210044643205,0.0,-2.1,この先制限速度なし,308m先に下り勾配6.7‰あり,前方1050.8m先を63.5km/h,後続列車なし,10.0,146.0,未発車,70.0,57.8,anti_mid_stop,0.2,駅間停車防止モードでtarget_speed_no_stopを大きく下回るブレーキと、保持時間が短い力行→減速のノコギリ運転が判定され、上限0.3点に抑えられた。
18.0,Train11,駅出発直後の加速フェーズ（20秒以内）,惰行中,8.0,力行（加速）,11.0,70.0,70.0,26.46,70.0,2080.6,100.0,38.407746623279074,0.0,-2.1,この先制限速度なし,290m先に下り勾配6.7‰あり,前方1571.8m先を60.5km/h,後続列車なし,5.0,100.0,未発車,100.0,70.0,normal,0.2,加速フェーズで必要速度70km/hに達すべきところ、不要な惰行8秒により遅延拡大と停車位置リスクが生じたため低評価。
42.0,Train11,巡航フェーズ（駅間走行中）,力行（加速）中,1.0,ブレーキ（減速）,5.0,70.0,70.0,10.9,70.0,1962.1,54.0,6.555274061082021,0.0,-2.1,この先制限速度なし,172m先に下り勾配6.7‰あり,前方1139.9m先を47.9km/h,後続列車なし,0.0,0.0,,70.0,70.0,normal,0.3,ブレーキから1秒の力行への短時間切替に合理的根拠がなくノコギリ運転と判定され、reward上限0.3点に抑えられた。
86.0,Train11,巡航フェーズ（駅間走行中）,惰行中,3.0,力行（加速）,1.0,70.0,70.0,66.77,70.0,1112.0,61.0,232.114777040339,0.0,0.0,この先制限速度なし,122m先に上り勾配12.5‰あり,前方936.3m先を40.0km/h,後続列車なし,0.0,62.0,未発車,50.0,66.2,anti_mid_stop,0.0,直前の力行から3秒の惰行への短時間切替が合理的根拠なくノコギリ運転と判定され、reward上限が0.0に制限された。
14.0,Train11,駅出発直後の加速フェーズ（20秒以内）,惰行中,3.0,力行（加速）,12.0,70.0,70.0,28.64,70.0,2109.0,93.0,44.95360846825415,0.0,-2.1,この先制限速度なし,318m先に下り勾配6.7‰あり,前方1445.7m先を62.7km/h,後続列車なし,10.0,94.0,未発車,100.0,70.0,normal,0.2,加速フェーズでrequired_speed 70km/hに対し惰行に切り替えて遅延を拡大し、安全は保たれるが運転品質が低く大幅減点とした。
12.0,Train11,駅出発直後の加速フェーズ（20秒以内）,力行（加速）中,2.0,ブレーキ（減速）,1.0,70.0,60.5,16.79,70.0,2144.2,20.0,15.523799189700858,0.0,-2.1,この先制限速度なし,354m先に下り勾配6.7‰あり,前方246.9m先を50.6km/h,後続列車なし,0.0,196.0,未発車,20.0,45.6,anti_mid_stop,1.0,先行列車が塞いでいるため駅間停車防止モードで、target_speed_no_stop以下の加速は正当であり、速度・CBTC・ノコギリ運転に問題なし。
64.0,Train11,巡航フェーズ（駅間走行中）,力行（加速）中,8.0,惰行,1.0,70.0,70.0,62.72,70.0,1403.1,20.0,205.40750701196416,0.0,0.0,この先制限速度なし,413m先に上り勾配12.5‰あり,前方390.6m先を63.1km/h,後続列車なし,0.0,129.0,未発車,20.0,46.9,anti_mid_stop,0.2,先行列車が塞いで駅間停車防止モードで、target_speed_no_stop 46.9km/h を超える62.7km/h の力行は機外停車リスクが高く減点対象となった。
52.0,Train11,巡航フェーズ（駅間走行中）,惰行中,1.0,力行（加速）,1.0,70.0,70.0,33.46,70.0,1778.6,30.0,65.39652938790879,0.0,-6.7,この先制限速度なし,この先目立った勾配なし,前方731.0m先を63.5km/h,後続列車なし,5.0,131.0,未発車,35.0,42.7,anti_mid_stop,0.0,力行から惰行への短時間切替に合理的根拠がなくノコギリ運転と判定され、reward上限が0点となった。
140.0,Train11,次駅への減速フェーズ（駅手前400m以内）,惰行中,2.0,力行（加速）,1.0,70.0,70.0,38.15,39.4,328.6,40.0,71.29096332644406,0.0,6.1,この先制限速度なし,138m先に上り勾配9.2‰あり,前方1213.9m先を47.6km/h,後続列車なし,0.0,0.0,,100.0,39.4,normal,0.0,力行から惰行への切替がノコギリ運転と判定され、prev_notch_durationが1秒未満のためreward上限が0.0となった。
226.19999999999976,Train11,次駅への減速フェーズ（駅手前400m以内）,ブレーキ（減速）中,0.4,惰行,0.8999999999999999,70.0,70.0,27.13,70.0,66.4,0.0,34.87552421060835,46.3,9.2,この先制限速度なし,この先目立った勾配なし,前方597.2m先を51.0km/h,後続列車なし,10.0,0.0,発車済み,50.0,70.0,delay_recovery,0.0,保持時間が7秒未満の惰行→減速というノコギリ運転が検出され、reward上限が0.0に制限されたため。
126.0,Train11,次駅への減速フェーズ（駅手前400m以内）,惰行中,12.0,ブレーキ（減速）,1.0,70.0,70.0,49.15,49.1,329.1,52.0,117.65779964813217,0.0,6.1,この先制限速度なし,139m先に上り勾配9.2‰あり,前方329.5m先を0.0km/h,後続列車なし,5.0,27.0,未発車,50.0,49.1,anti_mid_stop,1.0,先行列車が停車しているため駅間停車防止モード。現在速度がtarget_speed_no_stopと一致し、惰行は適切で安全・CBTC順守も保たれるため高評価。
74.0,Train11,巡航フェーズ（駅間走行中）,力行（加速）中,8.0,惰行,1.0,70.0,70.0,63.3,70.0,1284.1,33.0,209.1384004571235,0.0,0.0,この先制限速度なし,294m先に上り勾配12.5‰あり,前方620.8m先を62.7km/h,後続列車なし,5.0,124.0,未発車,35.0,44.1,anti_mid_stop,0.2,先行列車が塞いでいる駅間停車防止モードで、現在速度が target_speed_no_stop+5km/h を大きく超えて力行し機外停車リスクがあるため減点し0.2とした。
75.0,Train11,巡航フェーズ（駅間走行中）,力行（加速）中,8.0,惰行,8.0,70.0,70.0,52.39,70.0,1485.6,52.0,144.30683481714462,0.0,0.0,この先制限速度なし,495m先に上り勾配12.5‰あり,前方1091.6m先を57.6km/h,後続列車なし,5.0,93.0,未発車,50.0,63.4,anti_mid_stop,0.9,先行列車が塞いでいるため駅間停車防止モード。target_speed_no_stop以下で加速中であり、制限速度・CBTC遵守、ノコギリ運転なしの適切な操作と判断した。
152.0,Train11,巡航フェーズ（駅間走行中）,力行（加速）中,3.0,ブレーキ（減速）,1.0,70.0,70.0,42.37,70.0,677.3,26.0,94.94394997059229,0.0,0.0,この先制限速度なし,87m先に上り勾配6.1‰あり,前方677.7m先を0.0km/h,後続列車なし,10.0,36.0,未発車,50.0,63.7,anti_mid_stop,0.0,ブレーキ→力行への短時間切替が合理的理由なく行われ、ノコギリ運転と判定され上限0.0点となった。
127.0,Train11,次駅への減速フェーズ（駅手前400m以内）,惰行中,2.0,力行（加速）,2.0,70.0,65.4,66.73,66.7,329.9,31.0,214.53228774614422,0.0,6.1,この先制限速度なし,139m先に上り勾配9.2‰あり,前方256.4m先を26.2km/h,後続列車なし,0.0,51.0,未発車,20.0,29.0,anti_mid_stop,0.0,CBTC信号速度65.4km/hを66.7km/hで超過しブレーキしていないため安全違反となり即0点とする。
168.0,Train11,次駅への減速フェーズ（駅手前400m以内）,ブレーキ（減速）中,1.0,力行（加速）,2.0,70.0,66.8,49.64,70.0,264.7,10.0,119.98261472914365,0.0,6.1,この先制限速度なし,74m先に上り勾配9.2‰あり,前方265.1m先を0.0km/h,後続列車なし,10.0,5.0,未発車,35.0,70.0,normal,0.2,先行列車は停車中で駅間停車防止モードではないが、現在は早すぎるブレーキとノコギリ運転により遅延とエネルギー浪費が生じ、rewardは0.2とした。
176.0,Train11,次駅への減速フェーズ（駅手前400m以内）,力行（加速）中,14.0,惰行,8.0,70.0,44.4,45.65,70.0,136.4,2.0,97.92790243148212,0.0,9.2,この先制限速度なし,この先目立った勾配なし,前方142.7m先を10.3km/h,後続列車なし,10.0,0.0,発車済み,35.0,70.0,normal,0.0,CBTC信号速度44.4km/hをブレーキせずに45.6km/hで走行したため即時安全違反となり、rewardは0.0とする。
24.0,Train11,巡航フェーズ（駅間走行中）,惰行中,1.0,力行（加速）,3.0,70.0,70.0,37.81,70.0,2014.8,96.0,77.99668170503347,0.0,-2.1,この先制限速度なし,224m先に下り勾配6.7‰あり,前方1522.8m先を60.1km/h,後続列車なし,10.0,99.0,未発車,100.0,70.0,normal,0.2,制限・CBTCは遵守しているが、巡航フェーズでrequired_speed70km/hに対し37.8km/hの惰行は遅延拡大のちんたら運転であり、さらに力行→惰行の短時間切替でノコギリ運転と判定されたためrewardは0.2とした。
187.39999999999952,Train11,次駅への減速フェーズ（駅手前400m以内）,ブレーキ（減速）中,0.7999999999999999,惰行,0.1,70.0,0.0,31.74,0.0,0.0,0.0,53.568304792572015,9.5,0.0,この先制限速度なし,この先目立った勾配なし,前方0.0m先を0.0km/h,後続列車なし,5.0,25.6,未発車,20.0,0.0,normal,0.0,ブレーキ中にdelta_stopが-53.57mでオーバーランが確実、即0.0ルールに該当し安全違反のためrewardは0.0。
154.19999999999925,Train11,次駅への減速フェーズ（駅手前400m以内）,ブレーキ（減速）中,1.2,力行（加速）,0.1,70.0,0.0,8.84,0.0,0.0,23.8,4.190840004906115,0.0,0.0,この先制限速度なし,この先目立った勾配なし,前方0.0m先を0.0km/h,後続列車なし,5.0,43.8,未発車,20.0,0.0,normal,0.0,先行列車が0m前方に停車しており衝突距離が40m未満のため安全違反と判定し、即時0点とした。
165.0,Train11,次駅への減速フェーズ（駅手前400m以内）,力行（加速）中,5.0,ブレーキ（減速）,8.0,70.0,70.0,43.86,70.0,362.1,13.0,93.96087135248939,0.0,6.1,この先制限速度なし,172m先に上り勾配9.2‰あり,前方362.5m先を0.0km/h,後続列車なし,0.0,13.0,未発車,35.0,70.0,normal,0.2,次駅減速フェーズで加速しており、停止位置への到達が危険でエネルギー無駄が大きく、上位優先項目である制限速度・CBTCは守っているが減速すべき場面で力行しているため低評価。
171.0,Train11,次駅への減速フェーズ（駅手前400m以内）,ブレーキ（減速）中,7.1,力行（加速）,34.0,70.0,70.0,43.47,70.0,91.0,9.0,88.89597190746704,0.0,9.2,この先制限速度なし,この先目立った勾配なし,前方919.1m先を56.8km/h,後続列車なし,0.0,0.0,発車済み,100.0,70.0,normal,1.0,次駅減速フェーズでブレーキが適切にかかり、delta_stopが2.1mで停止位置は十分確保され、速度・信号遵守・間隔も良好なため最高評価とした。
83.0,Train11,巡航フェーズ（駅間走行中）,力行（加速）中,1.0,惰行,1.0,70.0,70.0,52.28,70.0,1349.3,81.0,143.71138806097488,0.0,0.0,この先制限速度なし,359m先に上り勾配12.5‰あり,前方1313.0m先を18.4km/h,後続列車なし,0.0,75.0,未発車,70.0,69.3,normal,0.9,巡航フェーズでrequired_speed未達のため加速は適切で、速度・信号・制限を遵守しノコギリ運転もなく高評価とした。
216.69999999999956,Train11,次駅への減速フェーズ（駅手前400m以内）,惰行中,0.1,ブレーキ（減速）,0.9999999999999999,70.0,42.4,26.4,70.0,24.6,0.0,33.03307238320733,36.8,9.2,この先制限速度なし,この先目立った勾配なし,前方134.5m先を33.8km/h,後続列車なし,5.0,0.0,発車済み,20.0,70.0,delay_recovery,0.0,delta_stopが-8.43mでオーバーランが確実となり、即時0点ルールに該当するためrewardは0.0とする。
206.99999999999966,Train11,次駅への減速フェーズ（駅手前400m以内）,力行（加速）中,0.1,ブレーキ（減速）,0.4,70.0,70.0,31.5,70.0,29.5,0.0,46.93418350813387,27.1,9.2,この先制限速度なし,この先目立った勾配なし,前方369.0m先を45.8km/h,後続列車なし,10.0,0.0,発車済み,70.0,70.0,normal,0.0,加速操作が減速フェーズでdelta_stopが-17.43mとオーバーラン確実であり即時0点ルールに該当するためreward=0.0。
154.09999999999926,Train11,次駅への減速フェーズ（駅手前400m以内）,ブレーキ（減速）中,3.0000000000000013,力行（加速）,0.1,70.0,0.0,6.7,0.0,0.0,23.9,2.4087747545551825,0.0,0.0,この先制限速度なし,この先目立った勾配なし,前方0.0m先を0.0km/h,後続列車なし,0.0,8.9,未発車,35.0,0.0,normal,0.0,先行列車が0m前方にあり衝突寸前、delta_stopが-2.41mで低速オーバーランと判定され即時0点規則に該当するためreward=0.0
137.0,Train11,巡航フェーズ（駅間走行中）,力行（加速）中,10.0,惰行,1.0,70.0,70.0,58.48,70.0,529.5,41.0,165.65244741813245,0.0,6.1,この先制限速度なし,339m先に上り勾配9.2‰あり,前方529.9m先を0.0km/h,後続列車なし,0.0,21.0,未発車,70.0,70.0,normal,1.0,巡航フェーズでrequired_speed未達だが加速中であり、制限速度・CBTC遵守、停止余裕あり、ノコギリ運転なし、間隔適正のため高評価。
223.39999999999924,Train11,次駅への減速フェーズ（駅手前400m以内）,ブレーキ（減速）中,0.6,惰行,0.2,70.0,70.0,6.9,70.0,2.6,0.0,2.2699585440549823,43.5,9.2,この先制限速度なし,この先目立った勾配なし,前方790.0m先を56.1km/h,後続列車なし,10.0,0.0,発車済み,70.0,70.0,delay_recovery,0.9,次駅減速フェーズでブレーキを継続し、delta_stopが0.33mで許容範囲内、速度・信号遵守、即時0点ルールなし。全体的に適切な操作と判断し0.9とする。
83.0,Train11,巡航フェーズ（駅間走行中）,力行（加速）中,14.0,惰行,8.0,70.0,70.0,49.89,70.0,1346.8,35.0,131.06516566059022,0.0,0.0,この先制限速度なし,356m先に上り勾配12.5‰あり,前方838.0m先を60.5km/h,後続列車なし,5.0,85.0,未発車,35.0,61.6,anti_mid_stop,0.9,先行列車が塞いで駅間停車防止モード。target_speed_no_stop未満だが加速中で、速度超過・信号違反なし、過加速もなく適切な操作と判断した。
0.0,Train11,駅出発直後の加速フェーズ（20秒以内）,惰行中,1.0,ブレーキ（減速）,30.0,70.0,70.0,0.0,70.0,2178.0,70.0,0.0,0.0,-2.1,この先制限速度なし,388m先に下り勾配6.7‰あり,前方919.9m先を63.2km/h,後続列車なし,0.0,158.0,未発車,70.0,55.8,anti_mid_stop,0.2,駅間停車防止モードでtarget_speed_no_stop55.8km/hに対し0km/hの惰行は過度な低速で遅延リスクが高く、評価を低くした。
90.0,Train11,巡航フェーズ（駅間走行中）,力行（加速）中,4.0,ブレーキ（減速）,2.0,70.0,70.0,59.03,70.0,1001.0,31.0,182.4131151846529,0.0,0.0,この先制限速度なし,11m先に上り勾配12.5‰あり,前方525.6m先を59.7km/h,後続列車なし,10.0,113.0,未発車,35.0,37.3,anti_mid_stop,0.2,先行が塞ぎ駅間停車防止モードで、target_speed_no_stop 37.3km/h を大幅に超える力行とノコギリ運転と判定されたため減点し0.2とした。
177.49999999999991,Train11,次駅への減速フェーズ（駅手前400m以内）,ブレーキ（減速）中,0.30000000000000004,力行（加速）,0.1,70.0,70.0,43.8,70.0,71.4,2.5,90.23595155697305,0.0,9.2,この先制限速度なし,この先目立った勾配なし,前方295.5m先を41.5km/h,後続列車なし,5.0,0.0,発車済み,70.0,70.0,normal,0.0,delta_stopが-18.84mでブレーキ開始が遅く、オーバーランがほぼ確実なため即時0点とする。
174.39999999999952,Train11,次駅への減速フェーズ（駅手前400m以内）,ブレーキ（減速）中,0.2,力行（加速）,0.1,70.0,70.0,29.4,29.4,9.6,5.6,40.91966986612001,0.0,9.2,この先制限速度なし,この先目立った勾配なし,前方812.7m先を56.4km/h,後続列車なし,5.0,0.0,発車済み,100.0,29.4,normal,0.0,delta_stopが-31.32mと大幅に負で、ブレーキ中でもオーバーランが確実なため即0.0とする。
195.0,Train11,次駅への減速フェーズ（駅手前400m以内）,力行（加速）中,2.0,ブレーキ（減速）,8.0,70.0,70.0,22.76,70.0,300.8,0.0,25.538772186001374,16.0,6.1,この先制限速度なし,110m先に上り勾配9.2‰あり,前方443.0m先を36.7km/h,後続列車なし,10.0,0.0,発車済み,50.0,70.0,normal,1.0,次駅減速フェーズでdelta_stopが大きく、加速はCBTC上限内かつ制限速度を超えておらず、停車位置は十分に確保できるため安全かつ適切な操作と判断した。
22.0,Train11,巡航フェーズ（駅間走行中）,力行（加速）中,1.0,ブレーキ（減速）,1.0,70.0,70.0,23.05,70.0,2103.0,50.0,29.18800647989259,0.0,-2.1,この先制限速度なし,312m先に下り勾配6.7‰あり,前方880.0m先を63.5km/h,後続列車なし,0.0,156.0,未発車,50.0,54.5,anti_mid_stop,0.0,前後のブレーキ→力行が7秒未満で合理的理由なく切替えたためノコギリ運転と判定し、上限0.0点となった。
58.0,Train11,巡航フェーズ（駅間走行中）,力行（加速）中,2.0,ブレーキ（減速）,1.0,70.0,70.0,41.45,70.0,1674.3,30.0,99.90896166120255,0.0,-6.7,この先制限速度なし,この先目立った勾配なし,前方731.7m先を62.5km/h,後続列車なし,5.0,110.0,未発車,35.0,49.8,anti_mid_stop,0.0,直前のブレーキ1秒から2秒の力行への切替が7秒未満で合理的理由がなくノコギリ運転と判定され、reward上限が0.0点となった。
149.8999999999999,Train11,次駅への減速フェーズ（駅手前400m以内）,ブレーキ（減速）中,0.2,惰行,0.1,70.0,0.0,41.26,41.3,70.8,12.1,80.17353367829418,0.0,9.2,この先制限速度なし,この先目立った勾配なし,前方23.2m先を48.1km/h,後続列車なし,0.0,0.0,,20.0,41.3,normal,0.0,delta_stopが-9.37mでブレーキ中でもオーバーランが確実と判断され、即時0点ルールが適用されたため。
109.0,Train11,巡航フェーズ（駅間走行中）,力行（加速）中,2.0,惰行,1.0,70.0,70.0,51.9,70.0,1062.4,36.0,141.66344597109148,0.0,0.0,この先制限速度なし,72m先に上り勾配12.5‰あり,前方864.1m先を41.7km/h,後続列車なし,10.0,64.0,未発車,35.0,61.1,anti_mid_stop,0.0,現在の力行は短時間のノコギリ運転と判定され、prev_notch_durationが1秒で上限0.0点となるためrewardは0.0となる。
36.0,Train11,巡航フェーズ（駅間走行中）,力行（加速）中,16.0,ブレーキ（減速）,1.0,70.0,69.5,47.05,70.0,1899.6,15.0,120.14660963705789,0.0,-2.1,この先制限速度なし,109m先に下り勾配6.7‰あり,前方308.2m先を62.8km/h,後続列車なし,5.0,177.0,未発車,20.0,43.4,anti_mid_stop,1.0,先行列車が塞いでいるため駅間停車防止モード。現在速度はtarget_speed_no_stop＋5km/h以内で加速しており、制限・CBTC遵守・間隔適正のため高評価としreward=1.0。
149.4999999999997,Train11,次駅への減速フェーズ（駅手前400m以内）,ブレーキ（減速）中,0.7999999999999999,力行（加速）,0.1,70.0,0.0,28.37,28.4,38.5,28.5,38.11818659118914,0.0,9.2,この先制限速度なし,この先目立った勾配なし,前方38.9m先を0.0km/h,後続列車なし,0.0,28.5,未発車,35.0,10.8,anti_mid_stop,1.0,ブレーキでCBTC信号0km/hに従い、delta_stop0.38mで適切に停車準備中。安全・速度・停車位置すべて基準を満たすため高評価。
128.0,Train11,巡航フェーズ（駅間走行中）,力行（加速）中,19.0,惰行,1.0,70.0,70.0,50.94,70.0,875.5,26.0,117.00097600103848,0.0,12.5,この先制限速度なし,この先目立った勾配なし,前方769.9m先を31.5km/h,後続列車なし,5.0,85.0,未発車,20.0,61.6,anti_mid_stop,1.0,先行列車が塞いでいるため駅間停車防止モードで、現在速度はtarget_speed_no_stop未満だが加速中であり適切な操作と判断した。
74.0,Train11,巡航フェーズ（駅間走行中）,惰行中,1.0,力行（加速）,1.0,70.0,70.0,67.27,70.0,1269.2,39.0,235.5175257276482,0.0,0.0,この先制限速度なし,279m先に上り勾配12.5‰あり,前方692.3m先を61.5km/h,後続列車なし,0.0,104.0,未発車,35.0,49.5,anti_mid_stop,0.1,駅間停車防止モードでtarget_speed_no_stop 49.5km/h を大幅に上回る67.3km/hで走行し、過剰加速が機外停車リスクを高めるため減点し、rewardは0.1とした。
150.49999999999952,Train11,次駅への減速フェーズ（駅手前400m以内）,ブレーキ（減速）中,2.600000000000001,惰行,0.1,70.0,0.0,22.97,23.0,9.4,26.5,25.038268805606897,0.0,9.2,この先制限速度なし,この先目立った勾配なし,前方9.1m先を2.4km/h,後続列車なし,5.0,62.5,未発車,20.0,5.3,anti_mid_stop,0.0,delta_stopが-15.64mでブレーキ中でもオーバーランが確実と判定され、即0.0ルールに該当するため。
132.0,Train11,巡航フェーズ（駅間走行中）,力行（加速）中,3.0,惰行,7.0,70.0,70.0,27.45,70.0,1264.7,48.0,40.14336426633788,0.0,0.0,この先制限速度なし,274m先に上り勾配12.5‰あり,前方1377.4m先を34.1km/h,後続列車なし,0.0,0.0,発車済み,100.0,70.0,normal,1.0,巡航フェーズでrequired_speed未達だが加速は必要であり、制限速度・CBTC信号を遵守し、安全距離を確保、ノコギリ運転もなく適切な操作。
52.0,Train11,巡航フェーズ（駅間走行中）,力行（加速）中,4.0,ブレーキ（減速）,2.0,70.0,70.0,44.11,70.0,1779.6,53.0,112.96093768661875,0.0,-6.7,この先制限速度なし,この先目立った勾配なし,前方1081.4m先を63.2km/h,後続列車なし,0.0,126.0,未発車,50.0,44.9,anti_mid_stop,0.2,短時間のブレーキ後に加速したノコギリ運転で合理的根拠がなく、prev_notch_durationが2秒のため上限0.3、全体評価は0.2とした。
169.59999999999968,Train11,次駅への減速フェーズ（駅手前400m以内）,ブレーキ（減速）中,0.7,力行（加速）,0.2,70.0,70.0,30.94,70.0,48.0,10.4,45.290655124398626,0.0,9.2,この先制限速度なし,この先目立った勾配なし,前方1329.4m先を48.7km/h,後続列車なし,0.0,0.0,,100.0,70.0,normal,1.0,次駅減速フェーズで適切にブレーキし、delta_stopが2.71mで停止位置は許容範囲内、CBTC遵守、ノコギリ運転なし、間隔も適切で遅延0秒のため高評価。
152.99999999999983,Train11,次駅への減速フェーズ（駅手前400m以内）,ブレーキ（減速）中,1.7000000000000004,力行（加速）,0.2,70.0,13.4,34.6,34.6,58.1,25.0,56.55228125207715,0.0,9.2,この先制限速度なし,この先目立った勾配なし,前方58.5m先を0.0km/h,後続列車なし,0.0,25.0,未発車,50.0,13.3,anti_mid_stop,1.0,先行列車が停車しているため駅間停車防止モード。CBTC信号に従いブレーキで減速し、停止位置は許容範囲内で安全かつエネルギー効率的な操作のため高評価。
91.0,Train11,巡航フェーズ（駅間走行中）,力行（加速）中,2.0,惰行,7.0,70.0,70.0,8.97,70.0,1726.8,61.0,4.748208105269229,0.0,-6.7,この先制限速度なし,この先目立った勾配なし,前方1603.0m先を34.1km/h,後続列車なし,0.0,87.0,未発車,50.0,69.8,normal,0.3,巡航フェーズでrequired_speed 70km/hに対し9km/hで7秒惰行は不必要で、加速開始が遅く遅延リスクが高いため低評価。
173.6999999999995,Train11,次駅への減速フェーズ（駅手前400m以内）,力行（加速）中,0.1,惰行,0.1,70.0,70.0,24.49,24.5,22.3,6.3,28.44622386743647,0.0,9.2,この先制限速度なし,この先目立った勾配なし,前方690.5m先を48.0km/h,後続列車なし,0.0,0.0,,50.0,24.5,normal,0.0,δ_stopが-6.15mでブレーキせずに加速しており、即時0点ルールに該当するためreward=0.0
96.0,Train11,巡航フェーズ（駅間走行中）,力行（加速）中,1.0,惰行,1.0,70.0,70.0,61.03,70.0,1107.4,34.0,194.71663062402402,0.0,0.0,この先制限速度なし,117m先に上り勾配12.5‰あり,前方740.7m先を48.0km/h,後続列車なし,0.0,0.0,,50.0,70.0,normal,0.0,惰行から力行への切替が7秒未満で合理的理由がなくノコギリ運転と判定され、reward上限が0.0となった。
163.89999999999944,Train11,次駅への減速フェーズ（駅手前400m以内）,ブレーキ（減速）中,0.2,惰行,0.1,70.0,46.1,17.02,17.0,10.9,16.1,13.773741543508342,0.0,9.2,この先制限速度なし,この先目立った勾配なし,前方149.7m先を48.1km/h,後続列車なし,0.0,0.0,,20.0,17.0,normal,0.9,ブレーキが適切に作動し、delta_stop‑2.87mが許容範囲内で速度・信号遵守、停車位置も高評価のため。
175.49999999999974,Train11,次駅への減速フェーズ（駅手前400m以内）,ブレーキ（減速）中,1.3,力行（加速）,0.1,70.0,70.0,30.75,70.0,44.7,4.5,44.73957677684411,0.0,9.2,この先制限速度なし,この先目立った勾配なし,前方944.5m先を57.8km/h,後続列車なし,0.0,0.0,発車済み,100.0,70.0,normal,0.9,次駅減速フェーズで適切にブレーキをかけ、delta_stopが-0.04mで停止位置が正確、速度・CBTC制限遵守、ノコギリ運転なし。
26.0,Train11,巡航フェーズ（駅間走行中）,力行（加速）中,10.0,惰行,2.0,70.0,41.7,43.4,70.0,1983.8,11.0,102.44815267412353,0.0,-2.1,この先制限速度なし,193m先に下り勾配6.7‰あり,前方144.5m先を53.8km/h,後続列車なし,10.0,162.0,未発車,20.0,49.3,anti_mid_stop,0.0,CBTC信号速度41.7km/hをブレーキせずに43.4km/hで走行し、信号違反となるため即0.0とした。
145.2999999999998,Train11,次駅への減速フェーズ（駅手前400m以内）,ブレーキ（減速）中,0.5,惰行,0.2,70.0,0.0,37.43,37.4,53.2,26.7,66.09841750394784,0.0,9.2,この先制限速度なし,この先目立った勾配なし,前方44.7m先を9.0km/h,後続列車なし,5.0,67.7,未発車,20.0,12.7,anti_mid_stop,0.0,delta_stop が -12.9 m と大きく負で、ブレーキ中でも停止が不可能なオーバーラン状態のため安全違反とみなす。
2.0,Train11,駅出発直後の加速フェーズ（20秒以内）,力行（加速）中,3.0,ブレーキ（減速）,30.0,70.0,70.0,6.17,70.0,2176.2,41.0,2.1032483734342726,0.0,-2.1,この先制限速度なし,386m先に下り勾配6.7‰あり,前方430.4m先を58.6km/h,後続列車なし,10.0,186.0,未発車,50.0,48.5,anti_mid_stop,1.0,先行列車が塞いでいるため駅間停車防止モードで、target_speed_no_stop以下の加速は適切であり、制限・CBTC違反やノコギリ運転はなく安全かつエネルギー効率的。
126.0,Train11,巡航フェーズ（駅間走行中）,力行（加速）中,4.0,惰行,1.0,70.0,70.0,43.95,70.0,1131.9,52.0,102.06733978105682,0.0,0.0,この先制限速度なし,141m先に上り勾配12.5‰あり,前方1132.3m先を0.0km/h,後続列車なし,0.0,2.0,未発車,70.0,70.0,normal,0.9,巡航フェーズでrequired_speed未達だが、required_speedに向けた加速が適切で制限速度・CBTC遵守、ノコギリ運転なし、間隔安全のため高評価。
169.0,Train11,巡航フェーズ（駅間走行中）,ブレーキ（減速）中,2.0,力行（加速）,3.0,70.0,70.0,18.09,70.0,463.4,11.0,16.159677568498086,0.0,6.1,この先制限速度なし,273m先に上り勾配9.2‰あり,前方480.9m先を16.5km/h,後続列車なし,0.0,0.0,発車済み,50.0,70.0,normal,0.2,巡航フェーズで不要なブレーキと短時間の力行→ブレーキがノコギリ運転と判定され、reward上限0.2に抑えた。
78.0,Train11,巡航フェーズ（駅間走行中）,力行（加速）中,5.0,ブレーキ（減速）,8.0,70.0,70.0,26.52,70.0,1665.2,100.0,41.223518055501906,0.0,-6.7,この先制限速度なし,この先目立った勾配なし,前方1665.6m先を0.0km/h,後続列車なし,5.0,55.0,未発車,100.0,70.0,normal,0.2,制限速度・CBTCは遵守しているが、8秒のブレーキ後に5秒の力行へ切り替えたため自ら減速後の再力行とみなされ大幅減点となる。
59.0,Train11,巡航フェーズ（駅間走行中）,力行（加速）中,7.0,惰行,1.0,70.0,70.0,65.33,70.0,1466.1,42.0,222.44404556037753,0.0,0.0,この先制限速度なし,476m先に上り勾配12.5‰あり,前方715.3m先を63.1km/h,後続列車なし,10.0,99.0,未発車,50.0,59.8,anti_mid_stop,0.6,先行列車が塞いでいる駅間停車防止モードで、現在速度が target_speed_no_stop を5km/h超えて加速しているため過剰加速とみなし減点した。
141.1999999999997,Train11,次駅への減速フェーズ（駅手前400m以内）,ブレーキ（減速）中,0.7999999999999999,力行（加速）,0.2,70.0,0.0,31.55,31.6,42.2,31.8,47.082327745369,0.0,9.2,この先制限速度なし,この先目立った勾配なし,前方35.8m先を7.9km/h,後続列車なし,0.0,66.8,未発車,20.0,11.3,anti_mid_stop,1.0,先行列車が塞いでいるため駅間停車防止モードとなり、target_speed_no_stop以下でブレーキしCBTC信号0に従っているため安全かつ適切な操作と判断し高評価。
12.0,Train11,駅出発直後の加速フェーズ（20秒以内）,力行（加速）中,13.0,ブレーキ（減速）,30.0,70.0,70.0,28.74,70.0,2124.9,50.0,45.26602444419625,0.0,-2.1,この先制限速度なし,334m先に下り勾配6.7‰あり,前方726.4m先を63.4km/h,後続列車なし,0.0,136.0,未発車,50.0,62.8,anti_mid_stop,0.9,先行列車が塞いでいるため駅間停車防止モードと判定し、target_speed_no_stop以下で加速している点は適切で、速度・信号・制限違反なし。
184.89999999999938,Train11,次駅への減速フェーズ（駅手前400m以内）,ブレーキ（減速）中,0.1,惰行,0.1,70.0,0.0,17.12,0.0,0.0,0.0,15.677652601241428,5.0,0.0,この先制限速度なし,この先目立った勾配なし,前方21.8m先を18.2km/h,後続列車なし,0.0,0.0,発車済み,20.0,0.0,normal,0.0,CBTC信号0km/hを超過走行し、delta_stopが-15.68mでオーバーランが確実なため即0.0とした。
23.0,Train11,巡航フェーズ（駅間走行中）,力行（加速）中,3.0,惰行,2.0,70.0,54.4,26.78,70.0,2089.3,11.0,39.33685424803193,0.0,-2.1,この先制限速度なし,299m先に下り勾配6.7‰あり,前方206.2m先を51.4km/h,後続列車なし,10.0,180.0,未発車,20.0,47.7,anti_mid_stop,1.0,先行列車が塞いでいるため駅間停車防止モードと判定し、target_speed_no_stop以下での加速は適切であり、速度超過やCBTC違反はなく、ノコギリ運転でもないため高評価とした。
158.0,Train11,巡航フェーズ（駅間走行中）,惰行中,1.0,力行（加速）,15.0,70.0,70.0,48.09,70.0,409.4,22.0,112.70362944117477,0.0,6.1,この先制限速度なし,219m先に上り勾配9.2‰あり,前方449.2m先を23.3km/h,後続列車なし,5.0,0.0,発車済み,70.0,70.0,normal,0.2,required_speedに達していないのに惰行を続け、先行列車に過度に接近し遅延拡大となるため低評価。
7.0,Train11,駅出発直後の加速フェーズ（20秒以内）,惰行中,6.0,力行（加速）,2.0,70.0,70.0,6.09,70.0,2167.7,45.0,2.0491037730736053,0.0,-2.1,この先制限速度なし,377m先に下り勾配6.7‰あり,前方593.9m先を63.4km/h,後続列車なし,5.0,161.0,未発車,50.0,55.0,anti_mid_stop,0.2,先行列車が塞いで駅間停車防止モード。target_speed_no_stop55km/h を大きく下回る惰行と2秒以下の短時間切替でノコギリ運転と判定し、rewardは0.2とした。
0.0,Train11,駅出発直後の加速フェーズ（20秒以内）,惰行中,1.0,ブレーキ（減速）,30.0,70.0,38.3,0.0,70.0,2178.0,21.0,0.0,0.0,-2.1,この先制限速度なし,388m先に下り勾配6.7‰あり,前方129.9m先を39.5km/h,後続列車なし,0.0,193.0,未発車,20.0,46.8,anti_mid_stop,0.2,先行列車が塞いで駅間停車防止モード。現在0km/hで惰行のみ、target_speed_no_stop 46.8km/hに遠く及ばず遅延リスクが高いため減点し0.2とした。
106.0,Train11,巡航フェーズ（駅間走行中）,惰行中,6.0,力行（加速）,1.0,70.0,70.0,51.24,51.2,737.5,72.0,138.13991780299813,0.0,0.0,この先制限速度なし,147m先に上り勾配6.1‰あり,前方737.9m先を0.0km/h,後続列車なし,0.0,7.0,未発車,100.0,51.2,normal,1.0,巡航フェーズでrequired_speedと一致し惰行が適切、制限速度・CBTC遵守、間隔安全、即時減点要因なし。
93.0,Train11,巡航フェーズ（駅間走行中）,力行（加速）中,4.0,ブレーキ（減速）,1.0,70.0,70.0,46.4,70.0,1311.9,38.0,113.60489087472283,0.0,0.0,この先制限速度なし,321m先に上り勾配12.5‰あり,前方965.2m先を55.5km/h,後続列車なし,5.0,90.0,未発車,35.0,57.6,anti_mid_stop,0.0,直前のブレーキから短時間で力行へ切替え、合理的根拠がなくノコギリ運転と判定され、reward上限が0.0となった。
2.0,Train11,駅出発直後の加速フェーズ（20秒以内）,力行（加速）中,3.0,ブレーキ（減速）,30.0,70.0,70.0,6.17,70.0,2176.2,103.0,2.1032483734342726,0.0,-2.1,この先制限速度なし,386m先に下り勾配6.7‰あり,前方1478.0m先を63.2km/h,後続列車なし,0.0,96.0,未発車,100.0,70.0,normal,1.0,加速フェーズで適切に力行中、制限速度・CBTCを遵守し、ノコギリ運転や間隔問題もなく安全かつエネルギー効率的な操作のため高評価。
167.3999999999998,Train11,次駅への減速フェーズ（駅手前400m以内）,惰行中,0.1,力行（加速）,0.1,70.0,70.0,30.73,30.7,67.9,12.6,44.68176159317922,0.0,9.2,この先制限速度なし,この先目立った勾配なし,前方615.8m先を51.4km/h,後続列車なし,0.0,0.0,発車済み,100.0,30.7,normal,0.0,力行から惰行への0.1秒切替に合理的根拠がなくノコギリ運転と判定し、reward上限0.0とした。
6.0,Train11,駅出発直後の加速フェーズ（20秒以内）,力行（加速）中,7.0,ブレーキ（減速）,30.0,70.0,70.0,16.68,70.0,2163.3,45.0,15.321652244867195,0.0,-2.1,この先制限速度なし,373m先に下り勾配6.7‰あり,前方571.9m先を62.8km/h,後続列車なし,5.0,147.0,未発車,50.0,59.2,anti_mid_stop,1.0,先行列車が塞いでいるため駅間停車防止モードで、target_speed_no_stop以下の加速は適切であり、速度超過や信号違反はなく、ノコギリ運転もなし。
189.0,Train11,次駅への減速フェーズ（駅手前400m以内）,ブレーキ（減速）中,1.0,力行（加速）,2.0,70.0,70.0,37.8,70.0,342.7,0.0,70.00053764931961,10.0,6.1,この先制限速度なし,152m先に上り勾配9.2‰あり,前方774.0m先を48.5km/h,後続列車なし,0.0,0.0,発車済み,70.0,70.0,normal,0.2,現在は次駅まで272m余裕があるのにブレーキを開始し、無根拠な力行→ブレーキのノコギリ運転となっているため、停止位置達成が危うく遅延を拡大し評価を低くした。
35.0,Train11,巡航フェーズ（駅間走行中）,惰行中,6.0,力行（加速）,2.0,70.0,70.0,40.61,70.0,1882.3,40.0,89.8405037549225,0.0,-2.1,この先制限速度なし,92m先に下り勾配6.7‰あり,前方711.8m先を62.8km/h,後続列車なし,10.0,153.0,未発車,50.0,49.3,anti_mid_stop,0.9,先行列車が塞いでいる駅間停車防止モードで、現在速度はtarget_speed_no_stop未満だが10km/h以上の過度な低速でも過加速でもなく、適切な惰行を維持しているため高評価。
181.09999999999988,Train11,次駅への減速フェーズ（駅手前400m以内）,力行（加速）中,0.1,惰行,0.1,70.0,16.2,43.65,70.0,62.1,0.0,89.62566320434082,3.2,9.2,この先制限速度なし,この先目立った勾配なし,前方62.4m先を0.0km/h,後続列車なし,5.0,31.9,未発車,20.0,13.7,anti_mid_stop,0.0,CBTC信号速度16.2km/hを超えて加速中でブレーキ未使用、即時0点ルールが適用されたため。
22.0,Train11,巡航フェーズ（駅間走行中）,力行（加速）中,2.0,ブレーキ（減速）,8.0,70.0,70.0,12.32,70.0,2069.1,108.0,8.370823946592651,0.0,-2.1,この先制限速度なし,279m先に下り勾配6.7‰あり,前方1706.9m先を56.8km/h,後続列車なし,0.0,106.0,未発車,100.0,70.0,normal,0.8,巡航フェーズでrequired_speed 70km/hに対し12.3km/hの低速ながら力行は適切だが、速度不足で定時性が低下している。
2.0,Train11,駅出発直後の加速フェーズ（20秒以内）,力行（加速）中,3.0,ブレーキ（減速）,30.0,70.0,70.0,6.17,70.0,2176.2,60.0,2.1032483734342726,0.0,-2.1,この先制限速度なし,386m先に下り勾配6.7‰あり,前方777.7m先を63.4km/h,後続列車なし,10.0,151.0,未発車,70.0,58.6,anti_mid_stop,0.9,先行列車が塞いでいるため駅間停車防止モードで、target_speed_no_stopへ向けた加速中。制限速度・CBTC遵守、ノコギリ運転なし、間隔適正のため高評価。
191.19999999999942,Train11,次駅への減速フェーズ（駅手前400m以内）,ブレーキ（減速）中,1.3,力行（加速）,0.1,70.0,70.0,17.11,70.0,3.5,0.0,13.919409450913937,11.3,9.2,この先制限速度なし,この先目立った勾配なし,前方397.5m先を47.5km/h,後続列車なし,5.0,0.0,発車済み,70.0,70.0,normal,0.0,ブレーキ中にも関わらずdelta_stopが-10.42mでオーバーランが確実と判定され、即reward0.0ルールが適用されたため。
42.0,Train11,巡航フェーズ（駅間走行中）,力行（加速）中,7.0,惰行,5.0,70.0,70.0,36.49,70.0,1931.4,111.0,72.69598897538037,0.0,-2.1,この先制限速度なし,141m先に下り勾配6.7‰あり,前方1816.9m先を32.8km/h,後続列車なし,0.0,71.0,未発車,100.0,70.0,anti_mid_stop,1.0,先行が塞いでいる駅間停車防止モードで、target_speed_no_stop以下の速度で加速中。制限速度・CBTC遵守、ノコギリ運転なし、間隔適正のため高評価。
159.4999999999997,Train11,次駅への減速フェーズ（駅手前400m以内）,ブレーキ（減速）中,1.8000000000000005,力行（加速）,0.2,70.0,38.3,28.74,28.7,38.9,20.5,39.113277624405704,0.0,9.2,この先制限速度なし,この先目立った勾配なし,前方119.1m先を47.9km/h,後続列車なし,0.0,0.0,,20.0,28.7,normal,0.9,次駅減速フェーズで適切にブレーキし、delta_stopが±5m以内で安全に停止可能。速度・信号遵守、ノコギリ運転なしで評価が高く、rewardは0.9とする。
184.0,Train11,次駅への減速フェーズ（駅手前400m以内）,力行（加速）中,2.0,惰行,1.0,70.0,70.0,36.9,70.0,367.2,0.0,66.73517892574057,7.0,6.1,この先制限速度なし,177m先に上り勾配9.2‰あり,前方367.6m先を0.0km/h,後続列車なし,5.0,14.0,未発車,20.0,70.0,normal,0.0,加速→惰行への短時間切替が合理的根拠なく行われ、ノコギリ運転と判定されたため0.0点とした。
4.0,Train11,駅出発直後の加速フェーズ（20秒以内）,力行（加速）中,5.0,ブレーキ（減速）,30.0,70.0,70.0,11.71,70.0,2171.2,65.0,7.563861644656824,0.0,-2.1,この先制限速度なし,381m先に下り勾配6.7‰あり,前方895.6m先を63.4km/h,後続列車なし,5.0,159.0,未発車,70.0,55.2,anti_mid_stop,0.9,先行列車が塞いでいるため駅間停車防止モードで、target_speed_no_stop以下の加速は適切であり減点要因はなし。
143.1,Train11,次駅への減速フェーズ（駅手前400m以内）,ブレーキ（減速）中,1.2000000000000002,惰行,48.0,70.0,70.0,42.34,42.3,88.9,36.9,84.38136908536009,0.0,9.2,この先制限速度なし,この先目立った勾配なし,前方616.2m先を47.6km/h,後続列車なし,0.0,0.0,,70.0,42.3,normal,0.9,次駅減速フェーズでブレーキが適切に掛かり、delta_stopが5m以内で正確に停止できると判断され、他項目に安全・速度違反はなく、ノコギリ運転もなし。
157.0,Train11,巡航フェーズ（駅間走行中）,力行（加速）中,4.0,ブレーキ（減速）,1.0,70.0,70.0,43.61,70.0,507.2,23.0,92.9048114459698,0.0,6.1,この先制限速度なし,317m先に上り勾配9.2‰あり,前方670.3m先を38.2km/h,後続列車なし,5.0,0.0,発車済み,70.0,70.0,normal,0.0,ブレーキ1秒後に即座に力行へ切替え、合理的理由がなくノコギリ運転と判定されreward上限が0.0となった。
157.0,Train11,巡航フェーズ（駅間走行中）,ブレーキ（減速）中,1.0,惰行,3.0,70.0,70.0,46.61,70.0,533.8,23.0,105.95861938168542,0.0,6.1,この先制限速度なし,343m先に上り勾配9.2‰あり,前方938.4m先を47.8km/h,後続列車なし,0.0,0.0,発車済み,100.0,70.0,normal,0.2,巡航フェーズで必要速度70km/hに対し46.6km/hでブレーキをかけ、無理由の減速とノコギリ運転となったため評価を大幅に減点し0.2とした。
29.0,Train11,巡航フェーズ（駅間走行中）,力行（加速）中,8.0,惰行,1.0,70.0,70.0,42.32,70.0,1979.1,25.0,97.47270699263801,0.0,-2.1,この先制限速度なし,189m先に下り勾配6.7‰あり,前方440.3m先を62.9km/h,後続列車なし,10.0,174.0,未発車,35.0,46.4,anti_mid_stop,0.9,先行列車が塞いで駅間停車防止モード。現在速度が target_speed_no_stop 未満で加速中、制限速度・CBTC遵守、ノコギリ運転なし、停止余裕も十分なため高評価。
92.0,Train11,巡航フェーズ（駅間走行中）,力行（加速）中,11.0,ブレーキ（減速）,8.0,70.0,70.0,33.12,70.0,1251.5,51.0,58.28978649162627,0.0,0.0,この先制限速度なし,261m先に上り勾配12.5‰あり,前方1029.4m先を44.2km/h,後続列車なし,10.0,96.0,未発車,50.0,51.7,anti_mid_stop,1.0,先行列車が塞いでいるため駅間停車防止モードと判定し、target_speed_no_stop以下での加速は適切で安全違反がなく高評価とした。
158.79999999999922,Train11,次駅への減速フェーズ（駅手前400m以内）,ブレーキ（減速）中,0.7999999999999999,惰行,0.1,70.0,0.0,6.82,0.0,0.0,21.2,2.495753868815749,0.0,0.0,この先制限速度なし,この先目立った勾配なし,前方16.5m先を16.1km/h,後続列車なし,5.0,0.0,発車済み,50.0,0.0,normal,0.0,低速で delta_stop が -2.5m とオーバーランが確実であり、次駅減速フェーズの安全基準を大幅に下回るため reward=0.0 とする。
149.39999999999964,Train11,次駅への減速フェーズ（駅手前400m以内）,ブレーキ（減速）中,2.500000000000001,惰行,0.1,70.0,0.0,27.85,27.9,25.6,28.6,36.74105328526406,0.0,9.2,この先制限速度なし,この先目立った勾配なし,前方26.0m先を0.0km/h,後続列車なし,0.0,43.6,未発車,35.0,8.8,anti_mid_stop,0.0,Delta_stopが-11.14mでブレーキ中でもオーバーランがほぼ確実と判定され、即reward0.0ルールが適用されたため。
20.0,Train11,駅出発直後の加速フェーズ（20秒以内）,力行（加速）中,5.0,ブレーキ（減速）,1.0,70.0,70.0,33.82,70.0,2058.5,101.0,62.53134683211414,0.0,-2.1,この先制限速度なし,268m先に下り勾配6.7‰あり,前方1583.1m先を59.7km/h,後続列車なし,5.0,83.0,未発車,100.0,70.0,normal,0.0,直前のブレーキ→加速が7秒未満で合理的理由なく切り替わり、ノコギリ運転と判定され上限0.0点となった。
205.89999999999978,Train11,次駅への減速フェーズ（駅手前400m以内）,ブレーキ（減速）中,0.8999999999999999,惰行,0.1,70.0,22.5,33.02,70.0,46.8,0.0,51.540238934851224,26.0,9.2,この先制限速度なし,この先目立った勾配なし,前方74.0m先を19.9km/h,後続列車なし,5.0,0.0,発車済み,20.0,70.0,normal,0.9,次駅減速フェーズでブレーキを適切に掛け、delta_stopが5m以内（|‑4.74m|）に収まっているため高評価。
153.7999999999996,Train11,次駅への減速フェーズ（駅手前400m以内）,ブレーキ（減速）中,1.0999999999999999,力行（加速）,0.1,70.0,0.0,25.97,26.0,21.2,24.2,31.970902181965698,0.0,9.2,この先制限速度なし,この先目立った勾配なし,前方21.6m先を0.0km/h,後続列車なし,10.0,49.2,未発車,35.0,8.0,anti_mid_stop,0.0,delta_stopが-10.77mでブレーキ中にも関わらずオーバーランが確実と判定され、即reward0.0ルールが適用されたため0.0とした。
22.0,Train11,巡航フェーズ（駅間走行中）,力行（加速）中,1.0,ブレーキ（減速）,2.0,70.0,70.0,15.78,70.0,2100.6,45.0,13.717152883677013,0.0,-2.1,この先制限速度なし,310m先に下り勾配6.7‰あり,前方789.9m先を63.1km/h,後続列車なし,5.0,146.0,未発車,50.0,57.5,anti_mid_stop,1.0,先行列車が塞いでいるため駅間停車防止モードと判定し、target_speed_no_stop以下で加速していることは適切で、速度・信号超過やノコギリ運転はなく高評価とした。
188.09999999999948,Train11,次駅への減速フェーズ（駅手前400m以内）,ブレーキ（減速）中,0.1,力行（加速）,0.1,70.0,50.6,32.15,0.0,0.0,0.0,54.95065164574152,8.2,0.0,この先制限速度なし,この先目立った勾配なし,前方170.0m先を38.9km/h,後続列車なし,5.0,0.0,発車済み,70.0,0.0,normal,0.0,delta_stop が -54.95 m で高速度域においてブレーキ中にも関わらずオーバーランが確実なため即時0点とする。
160.29999999999941,Train11,次駅への減速フェーズ（駅手前400m以内）,ブレーキ（減速）中,0.5,力行（加速）,0.1,70.0,0.0,15.02,15.0,8.5,17.7,10.733300079161202,0.0,9.2,この先制限速度なし,この先目立った勾配なし,前方8.9m先を0.0km/h,後続列車なし,0.0,17.7,未発車,50.0,5.1,anti_mid_stop,0.0,先行列車が8.9m先で停止しており衝突リスクが40m未満のため即時0点とした。
180.99999999999903,Train11,次駅への減速フェーズ（駅手前400m以内）,ブレーキ（減速）中,0.30000000000000004,惰行,0.1,70.0,70.0,0.63,0.0,0.0,0.0,0.021327888676776357,1.1,0.0,この先制限速度なし,この先目立った勾配なし,前方597.2m先を52.6km/h,後続列車なし,10.0,0.0,発車済み,100.0,0.0,normal,1.0,ブレーキで適切に減速し、delta_stopが-0.02mで許容範囲内、制限速度・CBTC信号を遵守、ノコギリ運転なしのため高評価。
24.0,Train11,巡航フェーズ（駅間走行中）,力行（加速）中,1.0,惰行,1.0,70.0,70.0,24.98,70.0,2064.7,71.0,34.253091787443466,0.0,-2.1,この先制限速度なし,274m先に下り勾配6.7‰あり,前方1226.6m先を62.4km/h,後続列車なし,0.0,119.0,未発車,70.0,68.8,normal,0.9,巡航フェーズでrequired_speed未達だが、制限速度・CBTC遵守のもと加速しており、ノコギリ運転や間隔問題はなく安全かつ定時性に向けた適切な操作。
92.0,Train11,巡航フェーズ（駅間走行中）,惰行中,11.0,力行（加速）,14.0,70.0,70.0,43.38,70.0,1184.1,38.0,99.46875344087472,0.0,0.0,この先制限速度なし,194m先に上り勾配12.5‰あり,前方822.0m先を56.8km/h,後続列車なし,5.0,106.0,未発車,35.0,45.3,anti_mid_stop,0.9,先行列車が塞いでいるため駅間停車防止モード。現在速度はtarget_speed_no_stop以下で惰行し、過加速やノコギリ運転はなく安全かつ省エネ。
163.0,Train11,巡航フェーズ（駅間走行中）,力行（加速）中,22.0,惰行,8.0,70.0,70.0,45.19,70.0,1093.3,17.0,107.83221810707198,0.0,0.0,この先制限速度なし,103m先に上り勾配12.5‰あり,前方1323.2m先を41.8km/h,後続列車なし,5.0,0.0,発車済み,100.0,70.0,normal,0.9,巡航フェーズでrequired_speed未達だが加速中であり、制限速度・CBTC遵守、ノコギリ運転なし、適切な加速操作と判断した。
39.0,Train11,巡航フェーズ（駅間走行中）,惰行中,3.0,力行（加速）,8.0,70.0,49.7,49.98,70.0,1810.3,10.0,135.3328142810749,0.0,-2.1,この先制限速度なし,20m先に下り勾配6.7‰あり,前方183.9m先を63.3km/h,後続列車なし,10.0,164.0,未発車,20.0,44.3,anti_mid_stop,0.0,CBTC信号速度49.7km/hをブレーキなしで50km/hで走行し即時安全違反となったため、rewardは0.0とした。
145.09999999999954,Train11,次駅への減速フェーズ（駅手前400m以内）,ブレーキ（減速）中,0.2,力行（加速）,0.1,70.0,0.0,21.21,21.2,17.5,32.9,21.361262733205866,0.0,9.2,この先制限速度なし,この先目立った勾配なし,前方17.9m先を0.0km/h,後続列車なし,10.0,42.9,未発車,35.0,7.3,anti_mid_stop,0.0,先行列車が0km/hで17.9m先に停車しており、衝突リスクが40m未満のため即時安全違反と判定し、rewardを0.0とした。
76.0,Train11,巡航フェーズ（駅間走行中）,惰行中,13.0,力行（加速）,3.0,70.0,70.0,61.43,61.4,1271.4,102.0,197.22272570359075,0.0,0.0,この先制限速度なし,281m先に上り勾配12.5‰あり,前方1271.4m先を1.8km/h,後続列車なし,10.0,32.0,未発車,100.0,61.4,normal,1.0,巡航フェーズでrequired_speedと同等の61.4km/hを惰行で維持し、制限速度・CBTCを遵守、不要な加減速がなくエネルギー効率的に走行しているため最高評価とした。
106.0,Train11,巡航フェーズ（駅間走行中）,力行（加速）中,1.0,ブレーキ（減速）,1.0,70.0,70.0,57.77,70.0,934.8,36.0,149.9141569723226,0.0,12.5,この先制限速度なし,この先目立った勾配なし,前方701.9m先を48.0km/h,後続列車なし,0.0,0.0,,50.0,70.0,normal,0.0,ブレーキ1秒→力行1秒の短時間切替に合理的根拠がなくノコギリ運転と判定され、reward上限が0点となった。
220.59999999999945,Train11,次駅への減速フェーズ（駅手前400m以内）,ブレーキ（減速）中,0.2,力行（加速）,0.1,70.0,70.0,24.89,70.0,2.1,0.0,29.378777917074927,40.7,9.2,この先制限速度なし,この先目立った勾配なし,前方746.2m先を55.4km/h,後続列車なし,10.0,0.0,発車済み,70.0,70.0,delay_recovery,0.0,delta_stopが-27.28mでブレーキ中にも関わらず駅手前に過走しており、オーバーランが確実なため即時0点とした。
164.29999999999959,Train11,次駅への減速フェーズ（駅手前400m以内）,ブレーキ（減速）中,0.7,惰行,0.1,70.0,0.0,24.6,24.6,29.5,13.7,28.701193695330826,0.0,9.2,この先制限速度なし,この先目立った勾配なし,前方31.9m先を6.2km/h,後続列車なし,5.0,0.0,発車済み,70.0,24.6,normal,1.0,次駅減速フェーズで適切にブレーキをかけ、delta_stopが0.8mと許容範囲内で停止位置が確保され、制限速度・CBTC・列間隔も安全基準を満たすため高評価。
2.0,Train11,駅出発直後の加速フェーズ（20秒以内）,力行（加速）中,3.0,ブレーキ（減速）,30.0,70.0,70.0,6.17,70.0,2176.2,36.0,2.1032483734342726,0.0,-2.1,この先制限速度なし,386m先に下り勾配6.7‰あり,前方352.0m先を54.5km/h,後続列車なし,0.0,191.0,未発車,35.0,47.4,anti_mid_stop,1.0,先行列車が塞いでいるため駅間停車防止モードで、target_speed_no_stop以下の加速は適切。速度・信号・安全違反はなく、ノコギリ運転でもない。
163.5999999999994,Train11,次駅への減速フェーズ（駅手前400m以内）,ブレーキ（減速）中,3.1000000000000014,力行（加速）,0.1,70.0,70.0,15.93,15.9,5.0,16.4,12.070019538671133,0.0,9.2,この先制限速度なし,この先目立った勾配なし,前方339.2m先を48.0km/h,後続列車なし,0.0,0.0,,35.0,15.9,normal,0.0,delta_stopが-7.07mでブレーキ中にも関わらずオーバーランがほぼ確実と判定され、即reward0.0ルールが適用されたため。
182.0,Train11,巡航フェーズ（駅間走行中）,惰行中,6.0,ブレーキ（減速）,3.0,70.0,70.0,21.25,70.0,508.3,0.0,22.274480151709074,5.0,6.1,この先制限速度なし,318m先に上り勾配9.2‰あり,前方508.7m先を0.0km/h,後続列車なし,10.0,6.0,未発車,50.0,70.0,normal,0.2,巡航フェーズでrequired_speed 70km/hに対し21.2km/hの低速惰行を続け、先行列車なしで遅延拡大を招く上、ブレーキ→惰行のノコギリ運転も判定されたため大幅減点し0.2とした。
224.89999999999915,Train11,次駅への減速フェーズ（駅手前400m以内）,ブレーキ（減速）中,0.2,力行（加速）,0.1,70.0,70.0,7.48,70.0,5.6,0.0,2.6672504895494447,45.0,9.2,この先制限速度なし,この先目立った勾配なし,前方382.6m先を47.0km/h,後続列車なし,5.0,0.0,発車済み,35.0,70.0,delay_recovery,0.0,直前の0.1秒の加速から0.2秒でブレーキへの切替が短時間で反転し、合理的理由がなくノコギリ運転と判定されたためrewardは0.0となる。
2.0,Train11,駅出発直後の加速フェーズ（20秒以内）,力行（加速）中,3.0,ブレーキ（減速）,30.0,70.0,54.7,6.17,70.0,2176.2,26.0,2.1032483734342726,0.0,-2.1,この先制限速度なし,386m先に下り勾配6.7‰あり,前方211.7m先を46.2km/h,後続列車なし,10.0,186.0,未発車,35.0,48.5,anti_mid_stop,1.0,先行列車が塞いでいるため駅間停車防止モードと判定し、target_speed_no_stop以下での加速は適切であり、速度・信号・間隔すべて遵守しているため高評価とした。
65.0,Train11,巡航フェーズ（駅間走行中）,力行（加速）中,2.0,惰行,1.0,70.0,70.0,47.59,70.0,1598.7,81.0,119.42352931395011,0.0,0.0,この先制限速度なし,この先目立った勾配なし,前方1411.9m先を40.4km/h,後続列車なし,0.0,93.0,未発車,70.0,69.2,normal,0.0,短時間での力行への切替がノコギリ運転と判定され、reward上限が0.0となる。
151.59999999999957,Train11,次駅への減速フェーズ（駅手前400m以内）,ブレーキ（減速）中,0.7,力行（加速）,0.1,70.0,0.0,24.41,24.4,18.7,26.4,28.261497843263513,0.0,9.2,この先制限速度なし,この先目立った勾配なし,前方19.1m先を0.0km/h,後続列車なし,5.0,31.4,未発車,35.0,7.5,anti_mid_stop,0.0,ブレーキ中にdelta_stopが-9.56mでオーバーランが確実と判定され、即0.0ルールが適用されたため。
194.69999999999996,Train11,次駅への減速フェーズ（駅手前400m以内）,惰行中,26.80000000000001,力行（加速）,8.0,70.0,30.0,33.09,70.0,92.1,0.0,51.757458976963996,16.8,9.2,この先制限速度なし,この先目立った勾配なし,前方92.5m先を0.0km/h,後続列車なし,10.0,23.3,未発車,20.0,16.8,anti_mid_stop,0.0,CBTC信号30km/hを超える33.1km/hでブレーキせず走行しており、即時0点ルールに該当するためreward=0.0。
167.89999999999984,Train11,次駅への減速フェーズ（駅手前400m以内）,ブレーキ（減速）中,0.30000000000000004,力行（加速）,0.1,70.0,70.0,36.62,36.6,59.7,12.1,63.29173996992313,0.0,9.2,この先制限速度なし,この先目立った勾配なし,前方762.5m先を54.7km/h,後続列車なし,5.0,0.0,発車済み,100.0,36.6,normal,0.9,ブレーキで適切に減速し、delta_stopが±5m以内で停止位置は達成可能、速度・信号遵守、間隔も問題なく評価は高い。
172.69999999999956,Train11,次駅への減速フェーズ（駅手前400m以内）,ブレーキ（減速）中,0.4,力行（加速）,0.1,70.0,70.0,25.37,25.4,18.3,7.3,30.517465212296504,0.0,9.2,この先制限速度なし,この先目立った勾配なし,前方794.8m先を55.9km/h,後続列車なし,5.0,0.0,発車済み,100.0,25.4,normal,0.0,delta_stopが-12.22mでブレーキが不足しオーバーランが確実と判断されたため、即reward0.0ルールが適用された。
156.0,Train11,巡航フェーズ（駅間走行中）,力行（加速）中,1.0,ブレーキ（減速）,1.0,70.0,70.0,41.14,70.0,511.4,22.0,82.78274157005102,0.0,6.1,この先制限速度なし,321m先に上り勾配9.2‰あり,前方511.8m先を0.0km/h,後続列車なし,5.0,12.0,未発車,50.0,70.0,normal,0.0,直前のブレーキから1秒で力行への切替が合理的根拠なく行われ、ノコギリ運転と判定され上限0.0点となる。
53.0,Train11,巡航フェーズ（駅間走行中）,力行（加速）中,2.0,惰行,1.0,70.0,70.0,59.0,70.0,1633.1,41.0,182.23145035894748,0.0,0.0,この先制限速度なし,この先目立った勾配なし,前方777.7m先を63.0km/h,後続列車なし,10.0,135.0,未発車,50.0,52.4,anti_mid_stop,0.0,前ノッチが1秒、現在ノッチが2秒と短時間で力行へ切替し、合理的根拠がなくノコギリ運転と判定されたためrewardは0.0となる。
101.0,Train11,巡航フェーズ（駅間走行中）,力行（加速）中,15.0,惰行,1.0,70.0,70.0,66.84,70.0,798.2,40.0,199.58981244419442,0.0,12.5,この先制限速度なし,この先目立った勾配なし,前方563.6m先を45.4km/h,後続列車なし,5.0,97.0,未発車,35.0,58.4,anti_mid_stop,0.3,先行が塞いでいるため駅間停車防止モード。target_speed_no_stop 58.4km/h を超えて66.8km/h の力行は過加速で機外停車リスクとエネルギー低下を招くため減点し0.3とする。
31.0,Train11,巡航フェーズ（駅間走行中）,力行（加速）中,5.0,惰行,8.0,70.0,70.0,26.51,70.0,2005.9,29.0,38.55219846128319,0.0,-2.1,この先制限速度なし,215m先に下り勾配6.7‰あり,前方567.8m先を47.9km/h,後続列車なし,0.0,0.0,,35.0,70.0,normal,0.9,巡航フェーズでrequired_speed未達だが、前方に先行列車があり安全に加速しているため現在の力行は適切。
190.29999999999947,Train11,次駅への減速フェーズ（駅手前400m以内）,ブレーキ（減速）中,0.4,惰行,0.1,70.0,0.0,24.81,70.0,8.5,0.0,29.191077505644646,12.4,9.2,この先制限速度なし,この先目立った勾配なし,前方13.0m先を8.6km/h,後続列車なし,10.0,0.0,発車済み,20.0,70.0,normal,0.0,delta_stopが-20.69mでブレーキ中でもオーバーランが確実と判定され、即0点ルールが適用される。
167.5999999999994,Train11,次駅への減速フェーズ（駅手前400m以内）,ブレーキ（減速）中,1.7000000000000004,惰行,0.1,70.0,0.0,15.42,15.4,11.1,12.4,11.31126188071978,0.0,9.2,この先制限速度なし,この先目立った勾配なし,前方22.8m先を13.7km/h,後続列車なし,5.0,0.0,発車済み,70.0,15.4,normal,0.9,ブレーキがCBTC 0km/hに従い、delta_stop‑0.21mは許容範囲内で安全に停止できており、速度・間隔・遅延すべて適正。
164.4999999999998,Train11,次駅への減速フェーズ（駅手前400m以内）,ブレーキ（減速）中,0.6,惰行,0.1,70.0,45.0,34.18,34.2,55.3,15.5,55.19770861289223,0.0,9.2,この先制限速度なし,この先目立った勾配なし,前方145.2m先を31.6km/h,後続列車なし,0.0,0.0,発車済み,50.0,34.2,normal,1.0,次駅減速フェーズでブレーキが適切にかかり、delta_stop が0.10 m と許容範囲内で安全かつ定時通りのため高評価。
51.0,Train11,巡航フェーズ（駅間走行中）,惰行中,7.0,力行（加速）,11.0,70.0,70.0,35.53,70.0,1876.2,52.0,68.95526199222738,0.0,-2.1,この先制限速度なし,86m先に下り勾配6.7‰あり,前方1160.4m先を63.4km/h,後続列車なし,0.0,127.0,未発車,50.0,57.9,anti_mid_stop,0.3,先行列車が塞いで駅間停車防止モードとなり、現在速度が target_speed_no_stop を10km/h以上下回る惰行は過度な低速とみなされ減点対象となる。
165.49999999999974,Train11,次駅への減速フェーズ（駅手前400m以内）,ブレーキ（減速）中,1.6000000000000003,惰行,0.1,70.0,45.0,31.23,31.2,46.2,14.5,46.13817155640099,0.0,9.2,この先制限速度なし,この先目立った勾配なし,前方145.0m先を32.6km/h,後続列車なし,0.0,0.0,発車済み,50.0,31.2,normal,0.9,次駅減速フェーズで適切にブレーキし、delta_stopが0.06mと許容範囲内で安全かつ定時に停止できるため高評価。
13.0,Train11,駅出発直後の加速フェーズ（20秒以内）,力行（加速）中,5.0,惰行,2.0,70.0,70.0,21.33,70.0,2139.0,70.0,25.0116699887853,0.0,-2.1,この先制限速度なし,349m先に下り勾配6.7‰あり,前方1109.0m先を63.3km/h,後続列車なし,0.0,130.0,未発車,70.0,65.7,anti_mid_stop,0.9,先行列車が未発車で塞いでいるため駅間停車防止モード。target_speed_no_stop以下での加速は合理的で、速度が低くても力行中なので高評価。
210.29999999999998,Train11,次駅への減速フェーズ（駅手前400m以内）,力行（加速）中,7.399999999999999,ブレーキ（減速）,8.0,70.0,70.0,33.36,70.0,90.0,0.0,52.599508236556005,30.4,9.2,この先制限速度なし,この先目立った勾配なし,前方289.1m先を40.3km/h,後続列車なし,5.0,0.0,発車済み,35.0,70.0,delay_recovery,0.2,次駅減速フェーズでブレーキせずに力行し、停止位置確保が危うく遅延回復に不適切な操作のため低評価。
204.99999999999994,Train11,次駅への減速フェーズ（駅手前400m以内）,惰行中,2.100000000000001,力行（加速）,23.0,70.0,28.6,39.61,70.0,84.8,0.0,73.94746597706693,27.1,9.2,この先制限速度なし,この先目立った勾配なし,前方88.6m先を7.9km/h,後続列車なし,10.0,0.0,発車済み,20.0,70.0,normal,0.0,CBTC信号速度28.6km/hを超える39.6km/hで走行しブレーキしていないため即時0点ルールが適用され、rewardは0.0となる。
58.0,Train11,巡航フェーズ（駅間走行中）,ブレーキ（減速）中,2.0,力行（加速）,3.0,70.0,70.0,60.86,70.0,1486.6,53.0,193.65611191033744,0.0,0.0,この先制限速度なし,496m先に上り勾配12.5‰あり,前方878.8m先を47.9km/h,後続列車なし,0.0,0.0,,70.0,70.0,normal,0.2,巡航フェーズでrequired_speed未達なのにブレーキをかけ、さらに力行→ブレーキの短時間切替が合理的根拠なく行われたため評価を大幅減点し、上限0.3のうち0.2とした。
189.99999999999983,Train11,次駅への減速フェーズ（駅手前400m以内）,ブレーキ（減速）中,0.7999999999999999,惰行,0.1,70.0,35.0,36.95,70.0,54.4,0.0,64.4280115791922,10.1,9.2,この先制限速度なし,この先目立った勾配なし,前方107.9m先を26.2km/h,後続列車なし,0.0,0.0,発車済み,35.0,70.0,normal,0.0,ブレーキ中にdelta_stopが-10.03mで高速度域のオーバーランがほぼ確実と判定し、即reward0.0ルールが適用されたため0.0とした。
28.0,Train11,巡航フェーズ（駅間走行中）,力行（加速）中,10.0,惰行,1.0,70.0,69.8,46.19,70.0,1954.4,21.0,115.85426423463113,0.0,-2.1,この先制限速度なし,164m先に下り勾配6.7‰あり,前方310.4m先を63.4km/h,後続列車なし,0.0,165.0,未発車,20.0,47.9,anti_mid_stop,0.9,先行列車が塞いで駅間停車防止モード。現在速度はtarget_speed_no_stop未満で加速中であり、上限超過やノコギリ運転はなく安全かつ適切な操作。
211.69999999999985,Train11,次駅への減速フェーズ（駅手前400m以内）,力行（加速）中,0.1,ブレーキ（減速）,0.7,70.0,70.0,38.06,70.0,59.2,0.0,68.32253233123382,31.8,9.2,この先制限速度なし,この先目立った勾配なし,前方978.4m先を58.1km/h,後続列車なし,5.0,0.0,発車済み,70.0,70.0,delay_recovery,0.0,delta_stopが-9.12mでブレーキせずに加速しており、オーバーランがほぼ確実なため即時0点とする。
11.0,Train11,駅出発直後の加速フェーズ（20秒以内）,ブレーキ（減速）中,1.0,惰行,2.0,70.0,44.3,23.12,70.0,2133.8,16.0,29.364719800449755,0.0,-2.1,この先制限速度なし,343m先に下り勾配6.7‰あり,前方156.5m先を45.3km/h,後続列車なし,5.0,202.0,未発車,20.0,44.2,anti_mid_stop,0.2,先行列車が塞いで駅間停車防止モード。target_speed_no_stopを大きく下回り不要なブレーキで更に減速、かつ短時間切替でノコギリ運転と判定し上限0.3点に抑えて0.2点とした。
46.0,Train11,巡航フェーズ（駅間走行中）,力行（加速）中,6.0,惰行,8.0,70.0,70.0,55.48,70.0,1696.1,76.0,177.3529869650652,0.0,-6.7,この先制限速度なし,この先目立った勾配なし,前方1237.2m先を59.3km/h,後続列車なし,0.0,97.0,未発車,70.0,59.2,anti_mid_stop,0.9,先行列車が塞いでいるため駅間停車防止モードと判定し、target_speed_no_stop以下で加速しているため安全かつ適切な操作と判断した。
149.9999999999995,Train11,次駅への減速フェーズ（駅手前400m以内）,ブレーキ（減速）中,1.9000000000000006,力行（加速）,0.1,70.0,0.0,25.12,25.1,1.0,21.0,29.921728702884206,0.0,9.2,この先制限速度なし,この先目立った勾配なし,前方0.0m先を9.4km/h,後続列車なし,10.0,38.0,未発車,20.0,1.8,anti_mid_stop,0.0,delta_stopが-28.92mでブレーキ中にも関わらずオーバーランが確実と判断され、即0点ルールが適用されたため。
77.0,Train11,巡航フェーズ（駅間走行中）,力行（加速）中,15.0,ブレーキ（減速）,1.0,70.0,58.6,66.76,70.0,1189.5,10.0,232.04695747235536,0.0,0.0,この先制限速度なし,199m先に上り勾配12.5‰あり,前方229.5m先を62.4km/h,後続列車なし,10.0,141.0,未発車,20.0,38.0,anti_mid_stop,0.0,CBTC信号速度58.6km/hを66.8km/hで超過しブレーキをかけていないため即0.0とする安全違反。
2.0,Train11,駅出発直後の加速フェーズ（20秒以内）,力行（加速）中,1.0,惰行,1.0,70.0,43.1,3.15,70.0,2176.7,20.0,0.5486174589889591,0.0,-2.1,この先制限速度なし,386m先に下り勾配6.7‰あり,前方151.1m先を41.6km/h,後続列車なし,0.0,176.0,未発車,20.0,50.8,anti_mid_stop,1.0,駅間停車防止モードでtarget_speed_no_stop以下に抑えつつ、CBTC制限内で力行を継続し、合理的な加速操作のため高評価。
24.0,Train11,巡航フェーズ（駅間走行中）,力行（加速）中,2.0,ブレーキ（減速）,1.0,70.0,70.0,28.28,70.0,2052.7,102.0,43.837722528942436,0.0,-2.1,この先制限速度なし,262m先に下り勾配6.7‰あり,前方1642.7m先を58.0km/h,後続列車なし,5.0,109.0,未発車,100.0,70.0,normal,0.0,直前のブレーキが不要で、1秒未満の短時間で力行へ切替えたノコギリ運転とみなされ、reward上限が0.0に制限される。
19.0,Train11,駅出発直後の加速フェーズ（20秒以内）,力行（加速）中,3.0,ブレーキ（減速）,1.0,70.0,70.0,28.22,70.0,2092.0,25.0,43.65308290270678,0.0,-2.1,この先制限速度なし,302m先に下り勾配6.7‰あり,前方379.2m先を60.3km/h,後続列車なし,10.0,154.0,未発車,35.0,54.6,anti_mid_stop,0.9,先行列車が塞いでいるため駅間停車防止モードとなり、target_speed_no_stop以下での加速は適切で、速度超過やノコギリ運転はなく安全に遵守している。
20.0,Train11,駅出発直後の加速フェーズ（20秒以内）,力行（加速）中,15.0,惰行,1.0,70.0,65.5,38.41,70.0,2055.1,20.0,80.46611109705546,0.0,-2.1,この先制限速度なし,265m先に下り勾配6.7‰あり,前方277.2m先を56.9km/h,後続列車なし,0.0,188.0,未発車,20.0,44.9,anti_mid_stop,1.0,先行列車が塞いでいるため駅間停車防止モード。現在はtarget_speed_no_stop未満で加速中で、制限速度・CBTC遵守、過加速なしと評価し最高点とした。
164.09999999999926,Train11,次駅への減速フェーズ（駅手前400m以内）,ブレーキ（減速）中,0.1,惰行,0.1,70.0,26.9,10.23,0.0,0.0,15.9,5.6101767146223995,0.0,0.0,この先制限速度なし,この先目立った勾配なし,前方84.1m先を31.2km/h,後続列車なし,5.0,0.0,発車済み,70.0,0.0,normal,0.0,ブレーキ中にdelta_stopが-5.61mでオーバーランが確実なため即reward0.0ルールが適用され、評価は0.0となる。
179.2999999999992,Train11,次駅への減速フェーズ（駅手前400m以内）,ブレーキ（減速）中,1.2,惰行,0.1,70.0,70.0,6.61,0.0,0.0,0.7,2.3445508487708575,0.0,0.0,この先制限速度なし,この先目立った勾配なし,前方503.1m先を50.4km/h,後続列車なし,0.0,0.0,発車済み,100.0,0.0,normal,0.0,低速域でdelta_stopが-2.34mと許容範囲を超えており、駅手前でのオーバーランリスクが高く、次駅減速フェーズでの停止位置が不適切なためreward=0.0とした。
23.0,Train11,巡航フェーズ（駅間走行中）,力行（加速）中,2.0,ブレーキ（減速）,1.0,70.0,70.0,33.66,70.0,2056.8,95.0,61.945993450439296,0.0,-2.1,この先制限速度なし,266m先に下り勾配6.7‰あり,前方1548.0m先を60.5km/h,後続列車なし,10.0,85.0,未発車,100.0,70.0,normal,0.0,ブレーキ1秒→力行2秒の切替に合理的根拠がなくノコギリ運転と判定されたためrewardは0.0とする。
193.9999999999999,Train11,次駅への減速フェーズ（駅手前400m以内）,ブレーキ（減速）中,0.1,力行（加速）,0.1,70.0,37.2,38.9,70.0,68.6,0.0,71.34392517529771,14.1,9.2,この先制限速度なし,この先目立った勾配なし,前方115.1m先を24.8km/h,後続列車なし,5.0,0.0,発車済み,50.0,70.0,normal,0.9,次駅減速フェーズでブレーキを適切に適用し、delta_stopが許容範囲内でCBTC信号・速度制限を遵守、ノコギリ運転や間隔問題もなく安全かつエネルギー効率的。
178.49999999999923,Train11,次駅への減速フェーズ（駅手前400m以内）,ブレーキ（減速）中,1.6000000000000003,力行（加速）,0.1,70.0,70.0,8.12,0.0,0.0,1.5,3.5366703580917886,0.0,0.0,この先制限速度なし,この先目立った勾配なし,前方786.1m先を56.1km/h,後続列車なし,10.0,0.0,発車済み,100.0,0.0,normal,0.0,低速(8.1km/h)でブレーキ中に停止位置を3.54m過ぎており、オーバーランが確実なため安全違反としreward=0.0とした。
146.6999999999998,Train11,次駅への減速フェーズ（駅手前400m以内）,ブレーキ（減速）中,0.6,惰行,0.1,70.0,5.2,35.19,35.2,50.9,31.3,58.482316172404715,0.0,9.2,この先制限速度なし,この先目立った勾配なし,前方51.3m先を0.0km/h,後続列車なし,10.0,26.3,未発車,35.0,12.4,anti_mid_stop,0.0,delta_stopが-7.58mでブレーキ中でもオーバーランがほぼ確実と判定され、即時0点ルールが適用されたためrewardは0.0となる。
174.59999999999923,Train11,次駅への減速フェーズ（駅手前400m以内）,ブレーキ（減速）中,0.7,惰行,0.1,70.0,0.0,10.35,10.3,6.1,5.4,5.103084260047401,0.0,9.2,この先制限速度なし,この先目立った勾配なし,前方26.5m先を17.6km/h,後続列車なし,10.0,0.0,発車済み,70.0,10.3,normal,0.9,減速フェーズでブレーキを適切に使用し、delta_stopが1 mで低速域の許容範囲内、CBTC信号0 km/hに従っているため高評価。
205.4999999999994,Train11,次駅への減速フェーズ（駅手前400m以内）,ブレーキ（減速）中,0.1,力行（加速）,0.1,70.0,70.0,23.23,0.0,0.0,0.0,28.799557844595352,25.6,0.0,この先制限速度なし,この先目立った勾配なし,前方516.6m先を50.8km/h,後続列車なし,5.0,0.0,発車済み,50.0,0.0,normal,0.0,delta_stopが-28.8mでブレーキ中でもオーバーランが確実と判断され、即reward0.0ルールが適用された。
126.0,Train11,巡航フェーズ（駅間走行中）,惰行中,4.0,力行（加速）,6.0,70.0,70.0,38.61,70.0,779.0,52.0,78.99931385534747,0.0,0.0,この先制限速度なし,188m先に上り勾配6.1‰あり,前方779.4m先を0.0km/h,後続列車なし,5.0,22.0,未発車,70.0,70.0,normal,0.2,required_speed 70km/hに対し38.6km/hの惰行が続き、必要以上の低速走行とノコギリ運転が判定されたため低評価。
83.0,Train11,巡航フェーズ（駅間走行中）,力行（加速）中,3.0,ブレーキ（減速）,8.0,70.0,70.0,32.75,69.6,1362.9,95.0,57.00471017378624,0.0,0.0,この先制限速度なし,372m先に上り勾配12.5‰あり,前方1363.3m先を0.0km/h,後続列車なし,0.0,45.0,未発車,100.0,69.6,normal,0.9,巡航フェーズでrequired_speed未達だが適切に力行中、制限速度・CBTC遵守、ノコギリ運転なし、前方列車との間隔も安全であるため高評価。
146.7999999999996,Train11,次駅への減速フェーズ（駅手前400m以内）,ブレーキ（減速）中,0.7,惰行,0.1,70.0,0.0,28.32,28.3,18.2,26.2,37.98468438134542,0.0,9.2,この先制限速度なし,この先目立った勾配なし,前方13.1m先を7.1km/h,後続列車なし,5.0,36.2,未発車,20.0,7.4,anti_mid_stop,0.0,delta_stopが-19.78mでブレーキ中にもかかわらずオーバーランがほぼ確実と判断され、即時0点ルールが適用された。
78.0,Train11,巡航フェーズ（駅間走行中）,力行（加速）中,3.0,惰行,1.0,70.0,70.0,64.15,70.0,1252.1,76.0,214.66295679469818,0.0,0.0,この先制限速度なし,262m先に上り勾配12.5‰あり,前方1146.5m先を31.5km/h,後続列車なし,5.0,85.0,未発車,70.0,57.3,anti_mid_stop,0.0,先行列車が塞いでいる駅間停車防止モードで、target_speed_no_stop(57.3km/h)を超える力行かつ惰行→力行の短時間切替でノコギリ運転と判定され、reward上限が0.0となった。
127.0,Train11,巡航フェーズ（駅間走行中）,惰行中,20.0,力行（加速）,1.0,70.0,70.0,46.06,46.1,452.6,51.0,103.50329676706794,0.0,6.1,この先制限速度なし,262m先に上り勾配9.2‰あり,前方452.9m先を0.0km/h,後続列車なし,0.0,1.0,未発車,70.0,46.1,normal,1.0,先行列車が停止しているが、現在速度はrequired_speedと一致し惰行で適切に巡航しており、制限速度・CBTC遵守、停止位置も十分確保できるため最高評価とした。
133.0,Train11,巡航フェーズ（駅間走行中）,ブレーキ（減速）中,1.0,力行（加速）,1.0,70.0,70.0,50.42,70.0,775.9,21.0,133.82141235435904,0.0,0.0,この先制限速度なし,185m先に上り勾配6.1‰あり,前方670.3m先を31.5km/h,後続列車なし,10.0,70.0,未発車,20.0,40.8,anti_mid_stop,0.8,先行列車が塞いでいるため駅間停車防止モード。現在速度がtarget_speed_no_stop上限付近であり、ブレーキは速度を目標範囲へ収束させる正当な操作であるため高評価。
164.0,Train11,次駅への減速フェーズ（駅手前400m以内）,力行（加速）中,1.0,惰行,2.0,70.0,70.0,45.17,70.0,113.0,16.0,95.90285407605835,0.0,9.2,この先制限速度なし,この先目立った勾配なし,前方297.6m先を39.5km/h,後続列車なし,10.0,0.0,発車済み,70.0,70.0,normal,0.2,次駅減速フェーズで余裕があるのに加速し、さらに2秒未満の保持で力行↔惰行の逆転がノコギリ運転と判定されたため、上限0.3に抑えて0.2とした。
142.19999999999993,Train11,次駅への減速フェーズ（駅手前400m以内）,ブレーキ（減速）中,0.2,力行（加速）,0.1,70.0,15.4,40.78,40.8,79.3,26.8,78.33702753999539,0.0,9.2,この先制限速度なし,この先目立った勾配なし,前方61.3m先を13.0km/h,後続列車なし,5.0,55.8,未発車,20.0,15.5,anti_mid_stop,0.0,現在速度40.8km/hがCBTC信号速度15.4km/hを超えており、即reward0.0対象となるため評価は0.0とする。
2.0,Train11,駅出発直後の加速フェーズ（20秒以内）,力行（加速）中,3.0,ブレーキ（減速）,30.0,70.0,70.0,6.17,70.0,2176.2,60.0,2.1032483734342726,0.0,-2.1,この先制限速度なし,386m先に下り勾配6.7‰あり,前方777.7m先を63.4km/h,後続列車なし,10.0,151.0,未発車,70.0,58.6,anti_mid_stop,1.0,先行列車が塞いでいるため駅間停車防止モードで、target_speed_no_stop以下の加速は適切であり安全・CBTC違反もなく評価は最高とした。
143.99999999999994,Train11,次駅への減速フェーズ（駅手前400m以内）,ブレーキ（減速）中,6.099999999999996,惰行,3.0,70.0,25.3,42.59,42.6,80.0,34.0,85.37032245415381,0.0,9.2,この先制限速度なし,この先目立った勾配なし,前方80.3m先を0.0km/h,後続列車なし,10.0,29.0,未発車,35.0,15.6,anti_mid_stop,0.0,ブレーキ中にdelta_stopが-5.37mと過小で、オーバーランがほぼ確実なため即時0点とする。
192.99999999999966,Train11,次駅への減速フェーズ（駅手前400m以内）,ブレーキ（減速）中,0.7,力行（加速）,0.1,70.0,33.8,29.14,70.0,26.9,0.0,40.203264637020304,13.1,9.2,この先制限速度なし,この先目立った勾配なし,前方104.0m先を29.9km/h,後続列車なし,0.0,0.0,発車済み,35.0,70.0,normal,0.0,delta_stopが-13.3mでブレーキ開始が遅く、オーバーランが確実なため即0点とする。
140.0,Train11,巡航フェーズ（駅間走行中）,惰行中,2.0,力行（加速）,5.0,70.0,70.0,52.74,70.0,647.2,38.0,146.2092614118439,0.0,0.0,この先制限速度なし,57m先に上り勾配6.1‰あり,前方647.6m先を0.0km/h,後続列車なし,5.0,23.0,未発車,70.0,70.0,normal,0.2,required_speed 70km/hに対し52.7km/hで惰行し遅延が確実、直前の力行→惰行に合理的理由がなくノコギリ運転と判定されたため低評価とした。
105.0,Train11,巡航フェーズ（駅間走行中）,力行（加速）中,2.0,惰行,1.0,70.0,70.0,53.25,63.8,1024.4,73.0,149.0026587966907,0.0,0.0,この先制限速度なし,34m先に上り勾配12.5‰あり,前方1024.8m先を0.0km/h,後続列車なし,5.0,28.0,未発車,100.0,63.8,normal,0.0,前方列車が停止しているがtarget_speed_no_stopと同等で加速は必要。直前の惰行から2秒での力行への切替は合理的理由がなくノコギリ運転と判定され、reward上限が0.0点となった。
218.39999999999958,Train11,次駅への減速フェーズ（駅手前400m以内）,ブレーキ（減速）中,0.1,力行（加速）,0.1,70.0,70.0,28.88,70.0,18.4,0.0,39.49309388175803,38.5,9.2,この先制限速度なし,この先目立った勾配なし,前方728.8m先を54.8km/h,後続列車なし,10.0,0.0,発車済み,70.0,70.0,delay_recovery,0.0,delta_stopが-21.09mでブレーキ中にも関わらずオーバーランが確実なため、即座に0点とした。
208.59999999999957,Train11,次駅への減速フェーズ（駅手前400m以内）,ブレーキ（減速）中,2.9000000000000012,惰行,0.1,70.0,0.0,24.57,70.0,32.8,0.0,28.631544911955,28.7,9.2,この先制限速度なし,この先目立った勾配なし,前方48.6m先を15.7km/h,後続列車なし,10.0,0.0,発車済み,35.0,70.0,delay_recovery,0.9,ブレーキが適切にかかりdelta_stopが4.17mで許容範囲内、CBTC遵守、速度制限内で安全に停止できるため高評価。
5.0,Train11,駅出発直後の加速フェーズ（20秒以内）,力行（加速）中,6.0,ブレーキ（減速）,30.0,70.0,70.0,14.26,70.0,2167.6,61.0,11.20760290932472,0.0,-2.1,この先制限速度なし,377m先に下り勾配6.7‰あり,前方850.4m先を48.2km/h,後続列車なし,0.0,0.0,,70.0,70.0,normal,1.0,加速フェーズで制限速度・CBTCを遵守し、不要な減速やノコギリ運転がなく、先行列車との間隔も適切なため現在の力行は適切と判断した。
174.89999999999972,Train11,次駅への減速フェーズ（駅手前400m以内）,ブレーキ（減速）中,0.4,惰行,0.1,70.0,0.0,35.04,70.0,35.1,3.1,57.98862044523123,0.0,9.2,この先制限速度なし,この先目立った勾配なし,前方35.5m先を0.0km/h,後続列車なし,10.0,28.1,未発車,35.0,10.3,anti_mid_stop,0.0,delta_stopが-22.89mでブレーキ中でもオーバーランが確実と判断され、即0.0ルールに該当するためrewardは0.0。
30.0,Train11,巡航フェーズ（駅間走行中）,力行（加速）中,13.0,ブレーキ（減速）,8.0,70.0,70.0,30.91,70.0,2042.4,56.0,52.30706714656993,0.0,-2.1,この先制限速度なし,252m先に下り勾配6.7‰あり,前方1060.6m先を48.4km/h,後続列車なし,0.0,0.0,,70.0,70.0,normal,0.1,長時間ブレーキ後、先行列車が遠く見えない状態での再加速は自ら減速した後の再力行とみなされ、大幅減点対象となる。
180.0,Train11,次駅への減速フェーズ（駅手前400m以内）,力行（加速）中,2.0,ブレーキ（減速）,1.0,70.0,62.8,41.19,70.0,236.8,0.0,82.9820135550202,3.0,6.1,この先制限速度なし,46m先に上り勾配9.2‰あり,前方240.6m先を7.9km/h,後続列車なし,0.0,0.0,発車済み,20.0,70.0,normal,0.0,ブレーキ後すぐの加速は合理的根拠がなく、保持時間が7秒未満のノコギリ運転と判定され、reward上限が0.0となる。
164.49999999999918,Train11,次駅への減速フェーズ（駅手前400m以内）,ブレーキ（減速）中,1.6000000000000003,力行（加速）,0.1,70.0,0.0,3.81,0.0,0.0,13.5,0.7794852549029399,0.0,0.0,この先制限速度なし,この先目立った勾配なし,前方0.0m先を0.0km/h,後続列車なし,0.0,13.5,未発車,50.0,0.0,normal,1.0,ブレーキが適切に掛かり、delta_stop‑0.78mが低速域の許容範囲内であるため高評価。
161.39999999999935,Train11,次駅への減速フェーズ（駅手前400m以内）,ブレーキ（減速）中,0.30000000000000004,力行（加速）,0.1,70.0,0.0,12.32,12.3,4.4,16.6,7.226804847100924,0.0,9.2,この先制限速度なし,この先目立った勾配なし,前方4.8m先を0.0km/h,後続列車なし,0.0,16.6,未発車,50.0,3.7,anti_mid_stop,0.0,先行列車が4.8m先で停止しており衝突リスクが高く、即reward0.0ルールに該当するため0.0とした。
170.2999999999997,Train11,次駅への減速フェーズ（駅手前400m以内）,ブレーキ（減速）中,0.5,力行（加速）,0.1,70.0,70.0,29.36,70.0,39.8,9.7,40.80904800356429,0.0,9.2,この先制限速度なし,この先目立った勾配なし,前方857.0m先を56.6km/h,後続列車なし,0.0,0.0,発車済み,100.0,70.0,normal,1.0,駅手前で適切にブレーキを開始し、制限速度・CBTC信号を遵守、ノコギリ運転なし、停止位置誤差が±5m以内で高評価。
147.09999999999994,Train11,次駅への減速フェーズ（駅手前400m以内）,ブレーキ（減速）中,0.30000000000000004,力行（加速）,0.1,70.0,26.7,41.26,41.3,83.5,30.9,80.17353367829418,0.0,9.2,この先制限速度なし,この先目立った勾配なし,前方83.8m先を0.0km/h,後続列車なし,0.0,15.9,未発車,50.0,41.3,normal,0.9,次駅減速フェーズでブレーキが適切に作動し、delta_stopが3.3mで許容範囲内、制限速度・CBTCを遵守、ノコギリ運転なし。
174.19999999999948,Train11,次駅への減速フェーズ（駅手前400m以内）,ブレーキ（減速）中,0.4,惰行,0.1,70.0,70.0,18.7,18.7,13.6,5.8,16.61832622838835,0.0,9.2,この先制限速度なし,この先目立った勾配なし,前方736.2m先を55.0km/h,後続列車なし,10.0,0.0,発車済み,100.0,18.7,normal,0.9,次駅減速フェーズでブレーキが適切に作動し、delta_stopが‑3.02mで許容範囲内のため高評価とした。
155.0,Train11,巡航フェーズ（駅間走行中）,力行（加速）中,2.0,ブレーキ（減速）,1.0,70.0,70.0,55.97,70.0,455.1,23.0,151.97178751056182,0.0,6.1,この先制限速度なし,265m先に上り勾配9.2‰あり,前方455.5m先を0.0km/h,後続列車なし,5.0,58.0,未発車,20.0,35.1,anti_mid_stop,0.0,先行列車が塞いでいるのにtarget_speed_no_stopを大幅に超える加速を行い、短時間でブレーキ→力行への切替が理由なく行われたためノコギリ運転と判定しrewardは0.0とした。
81.0,Train11,巡航フェーズ（駅間走行中）,惰行中,5.0,力行（加速）,2.0,70.0,70.0,56.3,56.3,1168.2,97.0,166.2330924626094,0.0,0.0,この先制限速度なし,178m先に上り勾配12.5‰あり,前方1168.6m先を0.0km/h,後続列車なし,0.0,47.0,未発車,100.0,56.3,normal,1.0,巡航フェーズでrequired_speedと同等の56.3km/hを惰行で維持し、制限速度・CBTCを遵守、ノコギリ運転や不要な加減速がなく安全かつ省エネ。
158.0,Train11,巡航フェーズ（駅間走行中）,ブレーキ（減速）中,1.0,力行（加速）,2.0,70.0,70.0,49.18,70.0,509.3,20.0,117.79950578348713,0.0,6.1,この先制限速度なし,319m先に上り勾配9.2‰あり,前方509.6m先を0.0km/h,後続列車なし,0.0,20.0,未発車,20.0,70.0,normal,0.2,巡航フェーズでrequired_speed未達の状態で不必要にブレーキし、さらにノコギリ運転条件を満たすため評価を低くし、reward 0.2とする。
2.0,Train11,駅出発直後の加速フェーズ（20秒以内）,力行（加速）中,3.0,ブレーキ（減速）,30.0,70.0,29.2,6.17,70.0,2176.2,16.0,2.1032483734342726,0.0,-2.1,この先制限速度なし,386m先に下り勾配6.7‰あり,前方96.6m先を36.0km/h,後続列車なし,5.0,211.0,未発車,20.0,43.5,anti_mid_stop,1.0,先行列車が塞ぎ駅間停車防止モードで、target_speed_no_stop以下で加速中。制限速度・CBTC遵守、ノコギリ運転なし、加速は適切で遅延もなく高評価。
26.0,Train11,巡航フェーズ（駅間走行中）,力行（加速）中,2.0,惰行,8.0,70.0,70.0,17.81,70.0,2055.4,109.0,17.460865834348272,0.0,-2.1,この先制限速度なし,265m先に下り勾配6.7‰あり,前方1753.4m先を51.7km/h,後続列車なし,0.0,87.0,未発車,100.0,70.0,normal,0.9,巡航フェーズでrequired_speed未達だが加速中で、制限速度・CBTC遵守、先行列車との間隔十分、ノコギリ運転なしのため高評価。
139.0,Train11,巡航フェーズ（駅間走行中）,力行（加速）中,7.0,惰行,1.0,70.0,70.0,25.26,70.0,818.0,39.0,29.098066741554963,0.0,12.5,この先制限速度なし,この先目立った勾配なし,前方818.4m先を0.0km/h,後続列車なし,10.0,34.0,未発車,50.0,70.0,anti_mid_stop,1.0,先行列車が停車しているため駅間停車防止モードと判定し、target_speed_no_stop以下での加速は適切であり、制限速度・CBTC遵守・間隔・ノコギリ運転なしで評価が良好。
104.0,Train11,巡航フェーズ（駅間走行中）,力行（加速）中,4.0,惰行,1.0,70.0,70.0,51.47,68.5,1109.3,74.0,139.36299397965047,0.0,0.0,この先制限速度なし,119m先に上り勾配12.5‰あり,前方1109.7m先を0.0km/h,後続列車なし,0.0,24.0,未発車,100.0,68.5,normal,0.0,ノコギリ運転と判定され、prev_notch_durationが1秒で上限0.0点となったためrewardは0.0。
214.79999999999922,Train11,次駅への減速フェーズ（駅手前400m以内）,ブレーキ（減速）中,1.9000000000000006,力行（加速）,0.1,70.0,12.4,7.37,70.0,5.1,0.0,2.5894461346452005,34.9,9.2,この先制限速度なし,この先目立った勾配なし,前方57.3m先を25.9km/h,後続列車なし,10.0,0.0,発車済み,35.0,70.0,delay_recovery,0.5,次駅減速フェーズでブレーキは適切だが、低速域でdelta_stopが2.51 mと許容範囲を超えており停止位置がやや早くなるため0.5点とした。
138.0,Train11,巡航フェーズ（駅間走行中）,力行（加速）中,5.0,惰行,1.0,70.0,70.0,47.37,70.0,792.4,42.0,101.36292178581009,0.0,12.5,この先制限速度なし,この先目立った勾配なし,前方966.2m先を38.9km/h,後続列車なし,0.0,0.0,発車済み,100.0,70.0,normal,0.0,前ノッチが1秒の惰行から5秒の力行へ短時間で切替え、合理的根拠がなくノコギリ運転と判定されたためrewardは0.0とした。
175.5999999999994,Train11,次駅への減速フェーズ（駅手前400m以内）,ブレーキ（減速）中,0.1,惰行,0.1,70.0,70.0,19.44,19.4,0.4,4.4,17.95531298592883,0.0,9.2,この先制限速度なし,この先目立った勾配なし,前方822.3m先を56.7km/h,後続列車なし,5.0,0.0,発車済み,100.0,19.4,normal,0.0,ブレーキ中にdelta_stopが-17.56mでオーバーランが確実となり、即時0点ルールに該当するためreward=0.0。
90.0,Train11,巡航フェーズ（駅間走行中）,力行（加速）中,1.0,ブレーキ（減速）,1.0,70.0,70.0,49.22,70.0,1332.1,31.0,127.62024527201531,0.0,0.0,この先制限速度なし,342m先に上り勾配12.5‰あり,前方856.7m先を59.7km/h,後続列車なし,10.0,83.0,未発車,35.0,62.0,anti_mid_stop,0.0,prev_notch_durationが1.0秒でブレーキ→力行の短時間切替に合理的根拠がなく、ノコギリ運転と判定しreward上限0.0とした。
161.19999999999993,Train11,次駅への減速フェーズ（駅手前400m以内）,ブレーキ（減速）中,0.1,力行（加速）,0.1,70.0,70.0,31.4,31.4,89.5,18.8,46.63858364179767,0.0,9.2,この先制限速度なし,この先目立った勾配なし,前方357.2m先を43.3km/h,後続列車なし,0.0,0.0,発車済み,70.0,31.4,normal,0.2,次駅減速フェーズでブレーキ開始が早すぎ、delta_stopが42.86mで大幅早ブレーキと判断し、遅延とエネルギー損失が生じるため0.2とした。
163.09999999999982,Train11,次駅への減速フェーズ（駅手前400m以内）,惰行中,2.3000000000000007,ブレーキ（減速）,0.1,70.0,63.8,33.5,33.5,64.4,16.9,53.038751989029514,0.0,9.2,この先制限速度なし,この先目立った勾配なし,前方239.2m先を38.9km/h,後続列車なし,10.0,0.0,発車済み,100.0,33.5,normal,0.0,ブレーキ0.1秒→惰行2.3秒への切替に合理的根拠がなく、2秒未満のノコギリ運転と判定されたためrewardは0.0となる。
219.99999999999966,Train11,次駅への減速フェーズ（駅手前400m以内）,ブレーキ（減速）中,0.1,惰行,0.1,70.0,70.0,29.96,70.0,35.2,0.0,42.4838574978623,40.1,9.2,この先制限速度なし,この先目立った勾配なし,前方620.5m先を52.3km/h,後続列車なし,0.0,0.0,発車済み,50.0,70.0,delay_recovery,0.0,delta_stopが-7.28mで現在速度30km/hという状態は、ブレーキ開始が遅すぎてオーバーランがほぼ確実であり、即座にreward0.0とする必要がある。
196.6999999999998,Train11,次駅への減速フェーズ（駅手前400m以内）,力行（加速）中,0.30000000000000004,惰行,0.1,70.0,70.0,34.88,70.0,64.1,0.0,57.464272439331204,16.8,9.2,この先制限速度なし,この先目立った勾配なし,前方903.3m先を56.9km/h,後続列車なし,10.0,0.0,発車済み,100.0,70.0,normal,0.0,減速フェーズでの不適切な力行と、保持時間が7秒未満のノコギリ運転が判定され、prev_notch_durationが2秒未満のためreward上限は0.0となる。
147.99999999999955,Train11,次駅への減速フェーズ（駅手前400m以内）,ブレーキ（減速）中,2.2000000000000006,力行（加速）,0.1,70.0,0.0,30.24,0.0,0.0,30.0,48.6582971923315,0.0,0.0,この先制限速度なし,この先目立った勾配なし,前方0.0m先を0.0km/h,後続列車なし,5.0,20.0,未発車,35.0,0.0,normal,0.0,delta_stopが-48.66mでオーバーランが確実、即時0点ルールに該当するためrewardは0.0とする。
183.0,Train11,巡航フェーズ（駅間走行中）,力行（加速）中,3.0,ブレーキ（減速）,1.0,70.0,70.0,40.82,70.0,425.4,0.0,81.51292088618811,4.0,6.1,この先制限速度なし,235m先に上り勾配9.2‰あり,前方547.7m先を35.0km/h,後続列車なし,0.0,0.0,発車済み,50.0,70.0,normal,0.0,直前のブレーキ1秒から加速3秒への短時間切替が合理的理由なく行われ、ノコギリ運転と判定され上限0.0点となった。
172.49999999999946,Train11,次駅への減速フェーズ（駅手前400m以内）,ブレーキ（減速）中,0.6,力行（加速）,0.1,70.0,63.8,19.62,19.6,15.2,7.5,18.28828578012704,0.0,9.2,この先制限速度なし,この先目立った勾配なし,前方239.3m先を41.5km/h,後続列車なし,0.0,0.0,発車済み,70.0,19.6,normal,0.9,次駅減速フェーズでブレーキが適切に作動し、delta_stopが許容範囲内で安全に停止できるため高評価。
64.0,Train11,巡航フェーズ（駅間走行中）,力行（加速）中,1.0,ブレーキ（減速）,1.0,70.0,70.0,43.31,70.0,1731.1,69.0,108.95425109262384,0.0,-6.7,この先制限速度なし,この先目立った勾配なし,前方1399.7m先を54.2km/h,後続列車なし,10.0,104.0,未発車,70.0,56.2,anti_mid_stop,0.0,ブレーキ→力行への切替が7秒未満で合理的理由がなくノコギリ運転と判定され、reward上限が0.0となった。
149.39999999999952,Train11,次駅への減速フェーズ（駅手前400m以内）,惰行中,0.1,ブレーキ（減速）,0.7,70.0,0.0,22.95,22.9,14.6,28.6,24.99486145011931,0.0,9.2,この先制限速度なし,この先目立った勾配なし,前方15.0m先を0.0km/h,後続列車なし,0.0,28.6,未発車,20.0,6.6,anti_mid_stop,0.0,CBTC信号0km/hを無視しブレーキせず22.9km/hで走行、delta_stopが-10.39mでオーバーランが確実なためrewardは0.0とした。
150.79999999999944,Train11,次駅への減速フェーズ（駅手前400m以内）,ブレーキ（減速）中,0.8999999999999999,惰行,0.1,70.0,0.0,16.49,16.5,7.4,27.2,12.931366733021092,0.0,9.2,この先制限速度なし,この先目立った勾配なし,前方7.8m先を0.0km/h,後続列車なし,10.0,7.2,未発車,50.0,16.5,normal,0.0,ブレーキ中でも delta_stop が -5.53 m とオーバーランが確実で即時0点ルールに該当するため reward=0.0
193.49999999999923,Train11,次駅への減速フェーズ（駅手前400m以内）,ブレーキ（減速）中,3.3000000000000016,力行（加速）,0.1,70.0,52.9,7.49,70.0,1.9,0.0,2.674380607435611,13.6,9.2,この先制限速度なし,この先目立った勾配なし,前方181.1m先を39.2km/h,後続列車なし,5.0,0.0,発車済み,35.0,70.0,normal,0.9,ブレーキが適切に作動し、delta_stopが低速域の許容範囲内で安全・信号・速度制限をすべて遵守、ノコギリ運転もなく運転品質は高い。
62.0,Train11,巡航フェーズ（駅間走行中）,ブレーキ（減速）中,1.0,力行（加速）,3.0,70.0,70.0,63.33,70.0,1479.9,43.0,209.33223474582755,0.0,0.0,この先制限速度なし,489m先に上り勾配12.5‰あり,前方781.6m先を63.2km/h,後続列車なし,10.0,126.0,未発車,50.0,50.2,anti_mid_stop,0.2,先行列車が塞いでいるためtarget_speed_no_stop以下に抑えるべきだが、加速直後の短時間ブレーキはCBTCや駅接近の根拠がなくノコギリ運転と判定され、上限0.3に抑えて0.2とした。
134.0,Train11,次駅への減速フェーズ（駅手前400m以内）,惰行中,41.0,力行（加速）,6.0,70.0,70.0,49.45,49.5,208.1,46.0,119.07855644562291,0.0,6.1,この先制限速度なし,18m先に上り勾配9.2‰あり,前方614.2m先を48.1km/h,後続列車なし,0.0,0.0,,70.0,49.5,normal,1.0,次駅減速フェーズでブレーキ開始前の距離が十分あり、現在速度がrequired_speedと一致し惰行は適切。制限速度・CBTC遵守、先行列車との間隔、定時性・省エネも問題なし。
149.69999999999968,Train11,次駅への減速フェーズ（駅手前400m以内）,ブレーキ（減速）中,0.2,惰行,0.1,70.0,0.0,31.1,31.1,31.2,28.3,45.757294760226046,0.0,9.2,この先制限速度なし,この先目立った勾配なし,前方31.5m先を0.0km/h,後続列車なし,10.0,38.3,未発車,50.0,9.7,anti_mid_stop,0.0,delta_stopが-14.56mでブレーキ中にも関わらずオーバーランが確実なため即時0点とする。
2.0,Train11,駅出発直後の加速フェーズ（20秒以内）,力行（加速）中,3.0,ブレーキ（減速）,30.0,70.0,70.0,6.17,70.0,2176.2,46.0,2.1032483734342726,0.0,-2.1,この先制限速度なし,386m先に下り勾配6.7‰あり,前方514.7m先を62.7km/h,後続列車なし,5.0,181.0,未発車,50.0,49.6,anti_mid_stop,1.0,先行列車が塞いでいるため駅間停車防止モードで、target_speed_no_stop以下の加速は適切であり、制限速度・CBTC遵守、ノコギリ運転なしで安全に加速している。
51.0,Train11,巡航フェーズ（駅間走行中）,力行（加速）中,1.0,惰行,2.0,70.0,59.2,54.46,70.0,1667.1,10.0,171.01527734392133,0.0,-6.7,この先制限速度なし,この先目立った勾配なし,前方251.0m先を62.9km/h,後続列車なし,10.0,137.0,未発車,20.0,36.1,anti_mid_stop,0.2,先行が塞ぎ駅間停車防止モードで、target_speed_no_stopを大幅に超える力行とノコギリ運転が判定されたため減点し、上限0.3に抑えて0.2とした。
6.0,Train11,駅出発直後の加速フェーズ（20秒以内）,ブレーキ（減速）中,3.0,力行（加速）,4.0,70.0,70.0,6.67,70.0,2166.2,91.0,2.457617419002593,0.0,-2.1,この先制限速度なし,376m先に下り勾配6.7‰あり,前方1362.8m先を62.6km/h,後続列車なし,10.0,132.0,未発車,100.0,65.7,normal,0.2,加速フェーズで不必要にブレーキし、保持時間が7秒未満のノコギリ運転となったため、エネルギー浪費と安全性低下で評価を低くし、上限0.3に抑えて0.2とした。
2.0,Train11,駅出発直後の加速フェーズ（20秒以内）,力行（加速）中,3.0,ブレーキ（減速）,30.0,70.0,70.0,6.17,70.0,2176.2,60.0,2.1032483734342726,0.0,-2.1,この先制限速度なし,386m先に下り勾配6.7‰あり,前方777.7m先を63.4km/h,後続列車なし,10.0,151.0,未発車,70.0,58.6,anti_mid_stop,1.0,先行列車が塞いでいるため駅間停車防止モードで、target_speed_no_stop以下の加速は適切であり、制限速度・CBTC違反もなくノコギリ運転も発生していない。
186.0,Train11,次駅への減速フェーズ（駅手前400m以内）,ブレーキ（減速）中,1.0,力行（加速）,11.0,70.0,41.0,48.27,70.0,101.6,0.0,109.34178197200369,7.0,9.2,この先制限速度なし,この先目立った勾配なし,前方129.3m先を20.1km/h,後続列車なし,0.0,0.0,発車済み,35.0,70.0,normal,0.0,delta_stop が -7.74 m で高速度域のオーバーランが確実と判断され、即時0点ルールが適用されたため。
93.0,Train11,巡航フェーズ（駅間走行中）,惰行中,1.0,ブレーキ（減速）,1.0,70.0,70.0,60.11,62.7,956.4,71.0,162.084418909105,0.0,12.5,この先制限速度なし,この先目立った勾配なし,前方920.1m先を18.4km/h,後続列車なし,10.0,75.0,未発車,70.0,66.4,normal,0.0,ブレーキ→惰行への短時間切替が合理的根拠なく行われ、ノコギリ運転と判定され上限0.0点となる。
105.0,Train11,巡航フェーズ（駅間走行中）,惰行中,1.0,ブレーキ（減速）,1.0,70.0,70.0,44.84,44.8,712.7,75.0,106.18953739547071,0.0,0.0,この先制限速度なし,122m先に上り勾配6.1‰あり,前方1132.0m先を47.5km/h,後続列車なし,0.0,0.0,,100.0,44.8,normal,0.0,巡航フェーズで必要速度と同等の惰行だが、直前のブレーキから1秒で惰行へ切替し合理的理由がなくノコギリ運転と判定され、reward上限が0.0点となった。
73.0,Train11,巡航フェーズ（駅間走行中）,力行（加速）中,17.0,ブレーキ（減速）,8.0,70.0,70.0,46.99,70.0,1611.7,58.0,116.47226853611289,0.0,0.0,この先制限速度なし,この先目立った勾配なし,前方1265.1m先を55.5km/h,後続列車なし,0.0,90.0,未発車,50.0,70.0,normal,1.0,required_speed未達で加速は必要かつ制限速度・CBTCを遵守、先行列車は遠く安全距離を保ち、ノコギリ運転もなく適切な巡航操作と判断したため高評価。
134.0,Train11,次駅への減速フェーズ（駅手前400m以内）,惰行中,10.0,力行（加速）,1.0,70.0,70.0,42.57,42.6,313.1,44.0,88.57379095624368,0.0,6.1,この先制限速度なし,123m先に上り勾配9.2‰あり,前方313.5m先を0.0km/h,後続列車なし,10.0,19.0,未発車,70.0,42.6,normal,1.0,現在速度がrequired_speedと一致し、delta_stopが十分正であるためブレーキ不要で適切な惰行。制限速度・CBTC遵守、停車位置も確保できている。
197.99999999999972,Train11,次駅への減速フェーズ（駅手前400m以内）,力行（加速）中,0.1,ブレーキ（減速）,0.1,70.0,39.3,33.3,70.0,45.6,0.0,52.411809753982524,18.1,9.2,この先制限速度なし,この先目立った勾配なし,前方122.6m先を29.9km/h,後続列車なし,5.0,0.0,発車済み,50.0,70.0,normal,0.0,delta_stopが-6.81mでブレーキせずに加速しており、オーバーランがほぼ確実なため即0点とする。
103.0,Train11,巡航フェーズ（駅間走行中）,力行（加速）中,6.0,ブレーキ（減速）,1.0,70.0,70.0,50.82,70.0,1177.2,41.0,135.919794406636,0.0,0.0,この先制限速度なし,187m先に上り勾配12.5‰あり,前方967.2m先を42.9km/h,後続列車なし,5.0,80.0,未発車,35.0,56.4,anti_mid_stop,1.0,先行列車が塞いでいる駅間停車防止モードで、現在速度はtarget_speed_no_stop未満での加速は適切であり、制限速度・CBTC遵守、間隔・ノコギリ運転なしと評価できる。
180.0,Train11,次駅への減速フェーズ（駅手前400m以内）,力行（加速）中,1.0,惰行,1.0,70.0,62.3,38.51,70.0,237.2,0.0,72.6302575101722,3.0,6.1,この先制限速度なし,47m先に上り勾配9.2‰あり,前方237.6m先を0.0km/h,後続列車なし,5.0,3.0,未発車,50.0,70.0,normal,0.0,減速フェーズでの加速と、保持時間が7秒未満のノコギリ運転が判定され、上限0点となったためrewardは0.0。
25.0,Train11,巡航フェーズ（駅間走行中）,力行（加速）中,1.0,ブレーキ（減速）,1.0,70.0,70.0,28.4,70.0,2037.6,40.0,44.208151699418956,0.0,-2.1,この先制限速度なし,247m先に下り勾配6.7‰あり,前方691.8m先を63.5km/h,後続列車なし,10.0,163.0,未発車,50.0,50.8,anti_mid_stop,0.0,直前のブレーキからの短時間加速が合理的理由なく切り替わり、ノコギリ運転と判定され上限0.0点となる。
47.0,Train11,巡航フェーズ（駅間走行中）,力行（加速）中,21.0,惰行,1.0,70.0,70.0,58.05,63.0,1719.8,111.0,193.80387253594728,0.0,-6.7,この先制限速度なし,この先目立った勾配なし,前方1646.3m先を26.2km/h,後続列車なし,0.0,81.0,未発車,100.0,63.0,normal,1.0,required_speed未達で加速中、制限速度・CBTC信号遵守、先行列車との間隔十分、ノコギリ運転なし、停止位置は十分確保されているため高評価。
159.0,Train11,次駅への減速フェーズ（駅手前400m以内）,力行（加速）中,30.0,惰行,9.0,70.0,70.0,63.0,70.0,284.5,21.0,191.69521359752255,0.0,6.1,この先制限速度なし,94m先に上り勾配9.2‰あり,前方928.6m先を53.5km/h,後続列車なし,0.0,0.0,発車済み,100.0,70.0,normal,0.9,制限速度・CBTC遵守の上、delta_stopが正で加速が許容範囲内にあり、ノコギリ運転もなく停車位置も確保できるため高評価。
161.09999999999977,Train11,次駅への減速フェーズ（駅手前400m以内）,惰行中,1.0999999999999999,力行（加速）,0.1,70.0,10.5,31.21,31.2,54.8,16.9,46.07947406457766,0.0,9.2,この先制限速度なし,この先目立った勾配なし,前方55.2m先を0.0km/h,後続列車なし,5.0,1.9,未発車,70.0,31.2,normal,0.0,CBTC信号速度10.5km/hを超えて31.2km/hで惰行し、ブレーキ未実施のため即時0点ルールが適用される。
239.9999999999992,Train11,次駅への減速フェーズ（駅手前400m以内）,ブレーキ（減速）中,1.6000000000000003,力行（加速）,1.3,70.0,70.0,14.66,70.0,14.4,0.0,10.226026060865664,60.1,9.2,この先制限速度なし,この先目立った勾配なし,前方1858.9m先を63.4km/h,後続列車なし,10.0,0.0,発車済み,100.0,70.0,delay_recovery,0.2,低速(14.7km/h)でブレーキ開始が早く、delta_stopが4.17mと手前に止まるため大幅減点。
169.4999999999993,Train11,次駅への減速フェーズ（駅手前400m以内）,力行（加速）中,0.1,ブレーキ（減速）,5.899999999999995,70.0,0.0,11.58,11.6,10.8,8.5,6.38599844543521,0.0,9.2,この先制限速度なし,この先目立った勾配なし,前方13.6m先を6.7km/h,後続列車なし,5.0,0.0,発車済み,50.0,11.6,normal,0.0,CBTC信号が0km/hであるにも関わらずブレーキせずに加速しており、安全違反の即時0点ルールに該当するためrewardは0.0とした。
82.0,Train11,巡航フェーズ（駅間走行中）,惰行中,19.0,力行（加速）,13.0,70.0,70.0,58.02,58.0,1181.8,96.0,176.34416918056178,0.0,0.0,この先制限速度なし,191m先に上り勾配12.5‰あり,前方1182.2m先を0.0km/h,後続列車なし,5.0,21.0,未発車,100.0,58.0,normal,1.0,巡航フェーズでrequired_speedと同等の58km/hを惰行で維持し、制限速度・CBTCを遵守、停止位置余裕大、先行列車との間隔安全、遅延なしのため最高評価。
108.0,Train11,巡航フェーズ（駅間走行中）,力行（加速）中,1.0,惰行,1.0,70.0,70.0,38.92,70.0,1176.5,70.0,80.26000821638286,0.0,0.0,この先制限速度なし,186m先に上り勾配12.5‰あり,前方1176.9m先を0.0km/h,後続列車なし,0.0,5.0,未発車,100.0,70.0,normal,0.9,巡航フェーズで速度がrequired_speed未満のため加速は正当で、制限速度・CBTC超過・衝突リスクはなく安全に適切な操作。
156.0,Train11,次駅への減速フェーズ（駅手前400m以内）,力行（加速）中,3.0,惰行,1.0,70.0,66.5,44.41,70.0,262.8,22.0,96.3045668613575,0.0,6.1,この先制限速度なし,72m先に上り勾配9.2‰あり,前方263.1m先を0.0km/h,後続列車なし,10.0,47.0,未発車,35.0,25.4,anti_mid_stop,0.0,短時間の惰行→力行切替に合理的根拠がなくノコギリ運転と判定され、reward上限が0.0点となった。
147.0,Train11,巡航フェーズ（駅間走行中）,ブレーキ（減速）中,1.0,力行（加速）,1.0,70.0,70.0,51.54,70.0,656.2,31.0,139.7362584055766,0.0,0.0,この先制限速度なし,66m先に上り勾配6.1‰あり,前方656.6m先を0.5km/h,後続列車なし,0.0,31.0,未発車,20.0,70.0,normal,0.0,短時間の加減速によるノコギリ運転で上限0.0点となり、不要な減速で遅延拡大したためreward=0.0
173.6999999999995,Train11,次駅への減速フェーズ（駅手前400m以内）,ブレーキ（減速）中,0.2,力行（加速）,0.1,70.0,70.0,23.13,23.1,11.6,6.3,25.386869618053748,0.0,9.2,この先制限速度なし,この先目立った勾配なし,前方803.7m先を56.2km/h,後続列車なし,5.0,0.0,発車済み,100.0,23.1,normal,0.0,delta_stopが-13.79mでブレーキ中でもオーバーランがほぼ確実と判定され、即時0点ルールが適用されたため。
193.0,Train11,次駅への減速フェーズ（駅手前400m以内）,惰行中,0.1,ブレーキ（減速）,1.0,70.0,50.0,42.59,70.0,90.0,0.0,85.37032245415381,13.1,9.2,この先制限速度なし,この先目立った勾配なし,前方167.0m先を29.9km/h,後続列車なし,0.0,0.0,発車済み,50.0,70.0,normal,0.0,ブレーキから惰行への切替が2秒未満で合理的根拠がなくノコギリ運転と判定されたため、rewardは0.0とした。
148.89999999999995,Train11,次駅への減速フェーズ（駅手前400m以内）,ブレーキ（減速）中,0.8999999999999999,力行（加速）,0.1,70.0,0.0,43.39,70.0,82.5,11.1,88.5725945655676,0.0,9.2,この先制限速度なし,この先目立った勾配なし,前方21.6m先を47.7km/h,後続列車なし,0.0,0.0,,20.0,70.0,normal,0.0,ブレーキ中にdelta_stopが-6.07mと安全マージンを大きく下回り、オーバーランがほぼ確実なため即時0点とする。
65.0,Train11,巡航フェーズ（駅間走行中）,ブレーキ（減速）中,1.0,力行（加速）,4.0,70.0,70.0,52.09,70.0,1489.6,25.0,142.68566072756406,0.0,0.0,この先制限速度なし,499m先に上り勾配12.5‰あり,前方581.8m先を62.7km/h,後続列車なし,10.0,138.0,未発車,35.0,47.4,anti_mid_stop,0.9,先行列車が塞いでいるため駅間停車防止モード。現在速度が target_speed_no_stop の上限付近でブレーキにより速度を下げており、安全・適切な操作と判断した。
47.0,Train11,巡航フェーズ（駅間走行中）,惰行中,1.0,力行（加速）,5.0,70.0,70.0,43.52,70.0,1807.6,70.0,103.00837237226902,0.0,-2.1,この先制限速度なし,17m先に下り勾配6.7‰あり,前方1281.9m先を61.0km/h,後続列車なし,5.0,101.0,未発車,70.0,69.9,normal,0.2,巡航フェーズでrequired_speed 70km/hに対し43.5km/hの惰行が続き、遅延拡大とノコギリ運転が判定されたため低評価。
13.0,Train11,駅出発直後の加速フェーズ（20秒以内）,力行（加速）中,5.0,惰行,1.0,70.0,70.0,25.42,70.0,2131.6,93.0,35.46376565452003,0.0,-2.1,この先制限速度なし,341m先に下り勾配6.7‰あり,前方1450.9m先を63.0km/h,後続列車なし,10.0,125.0,未発車,100.0,68.4,normal,0.0,1秒の惰行から5秒の力行への切替が合理的理由なく行われ、持続時間が7秒未満のノコギリ運転と判定され、reward上限が0.0となった。
164.0,Train11,巡航フェーズ（駅間走行中）,力行（加速）中,5.0,惰行,22.0,70.0,70.0,41.16,70.0,426.9,14.0,82.86242239815085,0.0,6.1,この先制限速度なし,236m先に上り勾配9.2‰あり,前方427.2m先を0.0km/h,後続列車なし,10.0,54.0,未発車,20.0,34.2,anti_mid_stop,0.5,先行が塞いでいる駅間停車防止モードで、現在速度が target_speed_no_stop を5km/h超えており過剰加速が機外停車リスクを生むため減点。
116.0,Train11,巡航フェーズ（駅間走行中）,力行（加速）中,8.0,ブレーキ（減速）,1.0,70.0,70.0,47.54,70.0,1058.8,62.0,119.17623348511621,0.0,0.0,この先制限速度なし,68m先に上り勾配12.5‰あり,前方1059.2m先を0.0km/h,後続列車なし,5.0,17.0,未発車,70.0,70.0,normal,1.0,巡航フェーズでrequired_speed未達のため加速は必要かつ適切で、速度・CBTC制限遵守、ノコギリ運転なし、即時0点条件も不存在。
86.0,Train11,巡航フェーズ（駅間走行中）,惰行中,1.0,力行（加速）,1.0,70.0,56.7,67.43,70.0,1021.5,11.0,236.61127529884513,0.0,0.0,この先制限速度なし,31m先に上り勾配12.5‰あり,前方218.2m先を62.6km/h,後続列車なし,10.0,132.0,未発車,20.0,34.6,anti_mid_stop,0.0,CBTC信号速度56.7km/hを超えて67.4km/hで走行し、ブレーキしていないため即時安全違反となりreward0.0とした。
168.0,Train11,次駅への減速フェーズ（駅手前400m以内）,力行（加速）中,7.0,惰行,4.0,70.0,70.0,50.01,70.0,276.3,12.0,121.75259059118775,0.0,6.1,この先制限速度なし,86m先に上り勾配9.2‰あり,前方398.6m先を35.0km/h,後続列車なし,5.0,0.0,発車済み,70.0,70.0,normal,0.7,安全は確保されているが、先行列車との車間が標準間隔を下回り、減速フェーズで不要な加速を行っているため評価をやや減点し0.7とした。
176.0999999999992,Train11,次駅への減速フェーズ（駅手前400m以内）,ブレーキ（減速）中,1.0999999999999999,力行（加速）,0.7999999999999999,70.0,70.0,14.47,70.0,14.3,3.9,9.963223888616499,0.0,9.2,この先制限速度なし,この先目立った勾配なし,前方543.7m先を51.0km/h,後続列車なし,10.0,0.0,発車済み,100.0,70.0,normal,0.2,低速域でブレーキ開始が早すぎ、delta_stopが4.34mで駅手前に過剰に停止し、エネルギー無駄と遅延リスクがあるため減点し0.2とする。
160.0,Train11,巡航フェーズ（駅間走行中）,力行（加速）中,1.0,ブレーキ（減速）,9.0,70.0,70.0,12.61,70.0,513.1,18.0,7.865299842925136,0.0,6.1,この先制限速度なし,323m先に上り勾配9.2‰あり,前方513.5m先を0.0km/h,後続列車なし,5.0,8.0,未発車,50.0,70.0,normal,0.2,前のブレーキが9秒と長く、理由なく加速を再開したため巡航フェーズでの自ら減速後の再力行とみなし、0.2点に減点した。
114.0,Train11,巡航フェーズ（駅間走行中）,力行（加速）中,7.0,惰行,8.0,70.0,70.0,54.41,70.0,1196.2,46.0,155.45009711345577,0.0,0.0,この先制限速度なし,206m先に上り勾配12.5‰あり,前方1136.6m先を23.6km/h,後続列車なし,0.0,64.0,未発車,35.0,69.9,normal,0.9,巡航フェーズでrequired_speed未達だが加速中であり、制限速度・CBTC信号を遵守、停止余裕も十分で安全かつ効率的な操作と判断した。
141.1,Train11,次駅への減速フェーズ（駅手前400m以内）,ブレーキ（減速）中,3.2,惰行,11.0,70.0,28.4,43.24,43.2,87.8,36.9,87.96780499082887,0.0,9.2,この先制限速度なし,この先目立った勾配なし,前方88.2m先を0.0km/h,後続列車なし,0.0,21.9,未発車,35.0,43.2,normal,0.9,ブレーキが適切に掛かり、delta_stopが-0.17mで許容範囲内、速度は制限・CBTC内であり、ノコギリ運転なし。
48.0,Train11,巡航フェーズ（駅間走行中）,惰行中,1.0,力行（加速）,1.0,70.0,70.0,58.39,59.9,1662.4,111.0,196.03172641598886,0.0,-6.7,この先制限速度なし,この先目立った勾配なし,前方1596.0m先を24.9km/h,後続列車なし,0.0,65.0,未発車,100.0,59.9,normal,0.0,required_speed未達のまま惰行に切り替え、保持時間が7秒未満のノコギリ運転と判定され、reward上限が0.0点となった。
163.19999999999965,Train11,次駅への減速フェーズ（駅手前400m以内）,惰行中,0.1,ブレーキ（減速）,1.0999999999999999,70.0,0.0,27.34,27.3,37.4,14.8,35.41468299667259,0.0,9.2,この先制限速度なし,この先目立った勾配なし,前方38.4m先を3.3km/h,後続列車なし,5.0,0.0,発車済み,70.0,27.3,normal,0.0,CBTC信号0km/hに対しブレーキせずに27.3km/hで走行し、即時0点ルールに該当するため。
152.19999999999942,Train11,次駅への減速フェーズ（駅手前400m以内）,ブレーキ（減速）中,1.0999999999999999,力行（加速）,0.1,70.0,0.0,18.45,0.0,0.0,25.8,18.199645503607968,0.0,0.0,この先制限速度なし,この先目立った勾配なし,前方0.0m先を0.4km/h,後続列車なし,5.0,60.8,未発車,20.0,0.0,normal,0.0,delta_stopが-18.20mでブレーキ中にも関わらずオーバーランが確実と判断され、即reward0.0ルールが適用された。
193.8999999999999,Train11,次駅への減速フェーズ（駅手前400m以内）,力行（加速）中,0.9999999999999999,ブレーキ（減速）,0.9999999999999999,70.0,25.1,32.45,70.0,78.1,0.0,49.788149439324556,16.0,9.2,この先制限速度なし,この先目立った勾配なし,前方79.9m先を5.1km/h,後続列車なし,0.0,0.0,発車済み,20.0,70.0,normal,0.0,CBTC信号速度25.1km/hを超えて加速し、ブレーキしていないため即時安全違反となりrewardは0.0とする。
176.8999999999992,Train11,次駅への減速フェーズ（駅手前400m以内）,ブレーキ（減速）中,3.700000000000002,力行（加速）,0.1,70.0,69.7,7.23,0.0,0.0,3.1,2.804547504138384,0.0,0.0,この先制限速度なし,この先目立った勾配なし,前方274.8m先を43.7km/h,後続列車なし,0.0,0.0,発車済み,70.0,0.0,normal,0.0,低速(7.2km/h)でdelta_stopが-2.80mと駅手前を大幅に通過しており、次駅減速フェーズでのオーバーランが確実なため0.0点とした。
174.2999999999998,Train11,次駅への減速フェーズ（駅手前400m以内）,ブレーキ（減速）中,0.1,力行（加速）,0.1,70.0,70.0,34.3,70.0,55.6,5.7,55.58308616460198,0.0,9.2,この先制限速度なし,この先目立った勾配なし,前方936.1m先を57.6km/h,後続列車なし,0.0,0.0,発車済み,100.0,70.0,normal,1.0,ブレーキ開始が適切な位置で速度・制限・CBTCを遵守し、停車位置誤差が±5m以内、ノコギリ運転もなく高評価。
170.59999999999968,Train11,次駅への減速フェーズ（駅手前400m以内）,惰行中,0.2,ブレーキ（減速）,0.30000000000000004,70.0,70.0,30.24,70.0,46.2,9.4,43.2767824593654,0.0,9.2,この先制限速度なし,この先目立った勾配なし,前方673.0m先を47.7km/h,後続列車なし,0.0,0.0,,50.0,70.0,normal,0.0,ブレーキから0.2秒の惰行への短時間切替が合理的理由なくノコギリ運転と判定され、reward上限が0.0点となった。
109.0,Train11,巡航フェーズ（駅間走行中）,力行（加速）中,8.0,惰行,1.0,70.0,70.0,66.11,70.0,690.6,36.0,227.6585168503348,0.0,0.0,この先制限速度なし,100m先に上り勾配6.1‰あり,前方492.3m先を41.7km/h,後続列車なし,10.0,64.0,未発車,35.0,39.0,anti_mid_stop,0.1,先行が塞いでいる駅間停車防止モードで、target_speed_no_stop 39km/h を大幅に上回る66.1km/h の力行は機外停車リスクを増大させるため減点し、reward 0.1とした。
145.79999999999973,Train11,次駅への減速フェーズ（駅手前400m以内）,ブレーキ（減速）中,0.30000000000000004,力行（加速）,0.1,70.0,0.0,32.67,32.7,42.2,32.2,50.46086807349268,0.0,9.2,この先制限速度なし,この先目立った勾配なし,前方42.1m先を2.0km/h,後続列車なし,0.0,32.2,未発車,20.0,11.3,anti_mid_stop,0.0,δ_stopが-8.26mでブレーキ中でもオーバーランがほぼ確実と判定され、即reward0.0ルールが適用されたため。
29.0,Train11,巡航フェーズ（駅間走行中）,ブレーキ（減速）中,6.0,力行（加速）,24.0,70.0,70.0,30.62,70.0,1950.6,25.0,51.33718378560019,0.0,-2.1,この先制限速度なし,160m先に下り勾配6.7‰あり,前方411.7m先を62.9km/h,後続列車なし,10.0,159.0,未発車,35.0,49.5,anti_mid_stop,0.2,先行列車が塞いで駅間停車防止モード。現在速度がtarget_speed_no_stop 49.5km/hを約19km/h下回りブレーキで減速しているため大幅減点し、reward 0.2とした。
10.0,Train11,駅出発直後の加速フェーズ（20秒以内）,力行（加速）中,11.0,ブレーキ（減速）,30.0,70.0,55.3,25.15,70.0,2139.9,21.0,34.718393179415976,0.0,-2.1,この先制限速度なし,349m先に下り勾配6.7‰あり,前方215.0m先を48.9km/h,後続列車なし,0.0,183.0,未発車,20.0,48.2,anti_mid_stop,0.9,先行列車が塞いでいるため駅間停車防止モードと判定し、target_speed_no_stop以下で加速しているので安全かつ適切と評価した。
176.69999999999962,Train11,次駅への減速フェーズ（駅手前400m以内）,ブレーキ（減速）中,0.2,惰行,0.1,70.0,0.0,31.92,70.0,18.4,1.3,48.18572698399897,0.0,9.2,この先制限速度なし,この先目立った勾配なし,前方18.8m先を0.0km/h,後続列車なし,10.0,26.3,未発車,35.0,7.5,anti_mid_stop,0.0,delta_stop が -29.79 m でブレーキ中でもオーバーランがほぼ確実と判断され、即0.0ルールが適用された。
170.99999999999955,Train11,次駅への減速フェーズ（駅手前400m以内）,ブレーキ（減速）中,0.1,惰行,0.1,70.0,0.0,31.67,31.7,2.9,7.0,47.438810302880526,0.0,9.2,この先制限速度なし,この先目立った勾配なし,前方3.3m先を0.0km/h,後続列車なし,10.0,47.0,未発車,20.0,3.0,anti_mid_stop,0.0,delta_stopが-44.54mでブレーキ中でもオーバーラン確実、先行列車が3.3m先で接近距離40m未満のため即時0点とした。
10.0,Train11,駅出発直後の加速フェーズ（20秒以内）,力行（加速）中,11.0,ブレーキ（減速）,30.0,70.0,27.6,25.15,70.0,2139.9,11.0,34.718393179415976,0.0,-2.1,この先制限速度なし,349m先に下り勾配6.7‰あり,前方91.8m先を39.5km/h,後続列車なし,10.0,178.0,未発車,20.0,49.4,anti_mid_stop,0.9,先行列車が塞いで駅間停車防止モード。現在はtarget_speed_no_stop以下で力行中であり、速度上限を超えておらず安全かつ効率的な加速と判断した。
150.69999999999956,Train11,次駅への減速フェーズ（駅手前400m以内）,ブレーキ（減速）中,0.9999999999999999,力行（加速）,0.1,70.0,70.0,23.54,23.5,19.6,29.3,26.29104561041142,0.0,9.2,この先制限速度なし,この先目立った勾配なし,前方647.8m先を47.8km/h,後続列車なし,0.0,0.0,,70.0,23.5,normal,0.0,ブレーキ中にdelta_stopが-6.69mで高速度域のオーバーランが確実と判定され、即reward0.0ルールが適用された。
36.0,Train11,巡航フェーズ（駅間走行中）,ブレーキ（減速）中,2.0,力行（加速）,31.0,70.0,70.0,47.42,70.0,1889.1,105.0,122.01642045256898,0.0,-2.1,この先制限速度なし,99m先に下り勾配6.7‰あり,前方1654.5m先を45.4km/h,後続列車なし,5.0,67.0,未発車,100.0,70.0,normal,0.1,巡航フェーズでrequired_speed 70km/hに対しブレーキで速度を47.4km/hに落とし、不要な減速により遅延とエネルギー浪費が生じたため低評価。
161.0,Train11,次駅への減速フェーズ（駅手前400m以内）,力行（加速）中,2.0,惰行,1.0,70.0,70.0,38.16,70.0,136.2,19.0,68.67887337228868,0.0,9.2,この先制限速度なし,この先目立った勾配なし,前方664.2m先を51.0km/h,後続列車なし,10.0,0.0,発車済み,100.0,70.0,normal,0.9,次駅までの距離とdelta_stopが正で、required_speed未達のため加速は適切であり、CBTC・制限速度を遵守し安全上問題なし。
162.1999999999997,Train11,次駅への減速フェーズ（駅手前400m以内）,ブレーキ（減速）中,0.2,力行（加速）,0.2,70.0,0.0,30.29,30.3,45.4,15.8,43.41913561337584,0.0,9.2,この先制限速度なし,この先目立った勾配なし,前方45.9m先を0.6km/h,後続列車なし,5.0,0.8,未発車,70.0,30.3,normal,0.9,次駅減速フェーズで適切にブレーキし、delta_stopが1.98mで許容範囲内、制限速度・CBTC遵守、ノコギリ運転なしで安全に停止できているため高評価。
63.0,Train11,巡航フェーズ（駅間走行中）,ブレーキ（減速）中,1.0,惰行,1.0,70.0,70.0,47.24,70.0,1664.6,49.0,129.30504626350816,0.0,-6.7,この先制限速度なし,この先目立った勾配なし,前方1070.6m先を61.9km/h,後続列車なし,5.0,105.0,未発車,50.0,53.2,anti_mid_stop,0.0,先行が塞いで駅間停車防止モードだが、不要なブレーキと1秒未満のノコギリ運転でprev_notch_durationが1秒のためreward上限は0.0となる。
155.3999999999993,Train11,次駅への減速フェーズ（駅手前400m以内）,力行（加速）中,0.1,ブレーキ（減速）,0.2,70.0,70.0,10.55,0.0,0.0,24.6,5.966089633359718,0.0,0.0,この先制限速度なし,この先目立った勾配なし,前方688.5m先を47.7km/h,後続列車なし,0.0,0.0,,70.0,0.0,normal,0.0,delta_stopが-5.97mでブレーキ未実施のまま加速しており、即時オーバーラン違反のためrewardは0.0となる。
18.0,Train11,駅出発直後の加速フェーズ（20秒以内）,力行（加速）中,4.0,惰行,1.0,70.0,70.0,33.1,70.0,2081.7,43.0,59.91847449194394,0.0,-2.1,この先制限速度なし,291m先に下り勾配6.7‰あり,前方670.5m先を48.5km/h,後続列車なし,0.0,0.0,,50.0,70.0,normal,0.0,直前の惰行からの短時間の力行への切替がCBTCや速度制限に違反せずに行われたが、保持時間が7秒未満で不必要な惰行があり、ノコギリ運転と判定され上限0.0点となった。
167.0,Train11,巡航フェーズ（駅間走行中）,力行（加速）中,3.0,惰行,1.0,70.0,70.0,44.18,70.0,415.0,13.0,95.32107139249906,0.0,6.1,この先制限速度なし,224m先に上り勾配9.2‰あり,前方957.2m先を51.3km/h,後続列車なし,0.0,0.0,発車済み,100.0,70.0,normal,0.9,制限速度・CBTC遵守のもと、巡航フェーズで必要な加速を行う力行が適切であり、先行列車との間隔も十分で安全・定時性に問題なし。
99.0,Train11,巡航フェーズ（駅間走行中）,惰行中,17.0,力行（加速）,1.0,70.0,70.0,57.88,57.9,768.2,77.0,175.51060091267806,0.0,0.0,この先制限速度なし,178m先に上り勾配6.1‰あり,前方766.6m先を4.3km/h,後続列車なし,5.0,34.0,未発車,70.0,57.9,normal,1.0,巡航フェーズでrequired_speedを満たす惰行が続き、速度・CBTC・制限速度すべて遵守し、停止位置も十分確保できているため高評価。
165.79999999999967,Train11,次駅への減速フェーズ（駅手前400m以内）,惰行中,1.6000000000000003,力行（加速）,0.1,70.0,70.0,29.39,29.4,50.7,14.2,40.892000572539494,0.0,9.2,この先制限速度なし,この先目立った勾配なし,前方375.1m先を45.3km/h,後続列車なし,0.0,0.0,発車済み,70.0,29.4,normal,0.0,直前の力行から惰行への7秒未満の切替に合理的根拠がなくノコギリ運転と判定されたため、rewardは0.0とする。
118.0,Train11,巡航フェーズ（駅間走行中）,惰行中,1.0,力行（加速）,10.0,70.0,70.0,43.61,70.0,909.9,41.0,86.0692360253684,0.0,12.5,この先制限速度なし,この先目立った勾配なし,前方843.5m先を24.9km/h,後続列車なし,5.0,50.0,未発車,35.0,70.0,normal,0.2,巡航フェーズでrequired_speed 70km/hに対し43.6km/hの惰行は遅延を拡大し、運転品質が低く評価される。
57.0,Train11,巡航フェーズ（駅間走行中）,力行（加速）中,5.0,ブレーキ（減速）,1.0,70.0,70.0,57.56,70.0,1522.3,80.0,173.61232821593296,0.0,0.0,この先制限速度なし,この先目立った勾配なし,前方1234.5m先を50.4km/h,後続列車なし,0.0,86.0,未発車,70.0,69.9,normal,0.0,ブレーキから力行への短時間切替に合理的根拠がなくノコギリ運転と判定され、reward上限が0.0となった。
19.0,Train11,駅出発直後の加速フェーズ（20秒以内）,力行（加速）中,4.0,ブレーキ（減速）,1.0,70.0,66.1,33.79,70.0,2072.3,21.0,62.42138795768218,0.0,-2.1,この先制限速度なし,282m先に下り勾配6.7‰あり,前方278.7m先を56.0km/h,後続列車なし,0.0,159.0,未発車,20.0,52.9,anti_mid_stop,0.0,不合理なブレーキからの即時加速でノコギリ運転と判定され、reward上限が0.0となった。
216.2999999999993,Train11,次駅への減速フェーズ（駅手前400m以内）,ブレーキ（減速）中,1.8000000000000005,力行（加速）,0.1,70.0,18.3,11.06,70.0,2.5,0.0,5.8261528159275295,36.4,9.2,この先制限速度なし,この先目立った勾配なし,前方65.9m先を27.9km/h,後続列車なし,10.0,0.0,発車済み,20.0,70.0,delay_recovery,0.0,低速域でdelta_stopが-3.33mとオーバーランが確実で即時0点ルールに該当するためrewardは0.0とする。
207.4999999999998,Train11,次駅への減速フェーズ（駅手前400m以内）,ブレーキ（減速）中,1.2,力行（加速）,0.1,70.0,20.6,34.32,70.0,58.7,0.0,55.64744358314466,27.6,9.2,この先制限速度なし,この先目立った勾配なし,前方70.1m先を13.5km/h,後続列車なし,10.0,0.0,発車済み,20.0,70.0,normal,0.9,ブレーキが適切に掛かり、delta_stopが3.05mで許容範囲内、速度・信号遵守、ノコギリ運転なし、停止位置も確保できるため高評価。
38.0,Train11,巡航フェーズ（駅間走行中）,力行（加速）中,1.0,ブレーキ（減速）,2.0,70.0,70.0,34.11,70.0,1903.2,68.0,63.599161754438235,0.0,-2.1,この先制限速度なし,113m先に下り勾配6.7‰あり,前方1222.5m先を63.0km/h,後続列車なし,5.0,125.0,未発車,70.0,59.5,anti_mid_stop,1.0,先行列車が塞いでいるため駅間停車防止モード。target_speed_no_stop以下での加速は適切で、速度超過やノコギリ運転はなく高評価。
94.0,Train11,巡航フェーズ（駅間走行中）,力行（加速）中,1.0,惰行,1.0,70.0,70.0,43.4,70.0,1291.3,56.0,99.55938298687587,0.0,0.0,この先制限速度なし,301m先に上り勾配12.5‰あり,前方1147.8m先を36.8km/h,後続列車なし,5.0,74.0,未発車,50.0,66.5,anti_mid_stop,0.0,惰行から1秒の力行への切替が保持時間7秒未満で合理的根拠がなくノコギリ運転と判定され、上限rewardが0.0点となった。
169.89999999999972,Train11,次駅への減速フェーズ（駅手前400m以内）,ブレーキ（減速）中,1.3,力行（加速）,0.1,70.0,70.0,31.63,31.6,49.2,10.1,47.31983591078381,0.0,9.2,この先制限速度なし,この先目立った勾配なし,前方362.3m先を45.0km/h,後続列車なし,5.0,0.0,発車済み,100.0,31.6,normal,1.0,次駅減速フェーズでブレーキが適切に行われ、速度・CBTC信号・制限速度を遵守し安全に停止位置が確保できるため高評価。
170.89999999999938,Train11,次駅への減速フェーズ（駅手前400m以内）,ブレーキ（減速）中,1.3,惰行,0.1,70.0,69.7,14.51,14.5,10.8,9.1,10.018267791373152,0.0,9.2,この先制限速度なし,この先目立った勾配なし,前方274.9m先を43.2km/h,後続列車なし,10.0,0.0,発車済み,100.0,14.5,normal,0.9,次駅減速フェーズで適切にブレーキをかけ、delta_stopが0.78mで停止位置誤差が1m以内。制限速度・CBTC遵守、ノコギリ運転なし。
163.2,Train11,次駅への減速フェーズ（駅手前400m以内）,ブレーキ（減速）中,0.1,惰行,0.1,70.0,28.2,45.82,45.8,87.3,14.8,98.6500219082374,0.0,9.2,この先制限速度なし,この先目立った勾配なし,前方87.7m先を0.0km/h,後続列車なし,10.0,54.8,未発車,20.0,16.3,anti_mid_stop,0.0,ブレーキ中だが delta_stop が -11.35 m でオーバーランが確実と判定され、即0.0ルールが適用されるため。
136.0,Train11,巡航フェーズ（駅間走行中）,力行（加速）中,1.0,ブレーキ（減速）,1.0,70.0,70.0,43.01,70.0,829.7,42.0,83.7411750812817,0.0,12.5,この先制限速度なし,この先目立った勾配なし,前方830.0m先を0.0km/h,後続列車なし,10.0,32.0,未発車,70.0,70.0,normal,0.0,直前のブレーキ1秒の後に即力行1秒と、保持時間が7秒未満のノコギリ運転と判定され、prev_notch_durationが1秒で上限0.0点となった。
194.7999999999999,Train11,次駅への減速フェーズ（駅手前400m以内）,力行（加速）中,0.1,ブレーキ（減速）,0.1,70.0,41.2,39.26,70.0,77.8,0.0,72.658340140557,14.9,9.2,この先制限速度なし,この先目立った勾配なし,前方130.0m先を25.9km/h,後続列車なし,5.0,0.0,発車済み,50.0,70.0,normal,0.0,ブレーキから加速への短時間切替が不合理でノコギリ運転と判定され、reward上限が0.0に制限されたため。
160.4999999999998,Train11,次駅への減速フェーズ（駅手前400m以内）,惰行中,0.6,ブレーキ（減速）,0.1,70.0,20.5,30.38,30.4,69.5,17.5,43.6759510512036,0.0,9.2,この先制限速度なし,この先目立った勾配なし,前方69.9m先を0.0km/h,後続列車なし,5.0,7.5,未発車,50.0,16.4,anti_mid_stop,0.0,CBTC信号速度20.5km/hをブレーキせずに30.4km/hで走行し信号無視となったため即0点。
184.0,Train11,次駅への減速フェーズ（駅手前400m以内）,惰行中,1.0,力行（加速）,25.0,70.0,70.0,48.34,70.0,323.4,0.0,113.86280815830428,7.0,6.1,この先制限速度なし,133m先に上り勾配9.2‰あり,前方323.8m先を0.0km/h,後続列車なし,5.0,14.0,未発車,20.0,61.4,anti_mid_stop,0.3,先行列車が塞いでいる駅間停車防止モードで、現在速度が target_speed_no_stop(61.4km/h) を10km/h以上下回り惰行が過度で遅延を招くため減点。
169.29999999999964,Train11,次駅への減速フェーズ（駅手前400m以内）,力行（加速）中,0.1,ブレーキ（減速）,0.1,70.0,0.0,34.9,34.9,18.6,8.7,57.52968828819486,0.0,9.2,この先制限速度なし,この先目立った勾配なし,前方19.0m先を0.0km/h,後続列車なし,10.0,48.7,未発車,20.0,7.5,anti_mid_stop,0.0,CBTC信号が0km/hであるにも関わらずブレーキせずに力行しており、信号無視の重大違反となるためrewardは0.0とした。
14.0,Train11,駅出発直後の加速フェーズ（20秒以内）,力行（加速）中,15.0,ブレーキ（減速）,30.0,70.0,32.0,31.96,70.0,2108.0,10.0,55.89315744601786,0.0,-2.1,この先制限速度なし,318m先に下り勾配6.7‰あり,前方106.1m先を43.5km/h,後続列車なし,10.0,204.0,未発車,20.0,43.2,anti_mid_stop,1.0,先行列車が塞いでいるため駅間停車防止モードで、現在速度はtarget_speed_no_stop未満で加速中。制限速度・CBTC遵守、間隔・エネルギー面でも問題なく、過度な低速減点は加速中のため適用外。
46.0,Train11,巡航フェーズ（駅間走行中）,ブレーキ（減速）中,1.0,力行（加速）,13.0,70.0,70.0,52.38,70.0,1780.0,25.0,158.43075599484652,0.0,-6.7,この先制限速度なし,この先目立った勾配なし,前方539.4m先を62.9km/h,後続列車なし,10.0,127.0,未発車,35.0,44.7,anti_mid_stop,0.9,先行列車が塞いでいる駅間停車防止モードで、速度は上限 target_speed_no_stop を僅か超えているがブレーキで減速しており、制限速度・CBTC遵守、ノコギリ運転なし、即時安全違反なしのため高評価とした。
68.0,Train11,巡航フェーズ（駅間走行中）,惰行中,1.0,力行（加速）,2.0,70.0,70.0,43.9,70.0,1626.5,81.0,101.83809675696867,0.0,0.0,この先制限速度なし,この先目立った勾配なし,前方1472.6m先を38.1km/h,後続列車なし,0.0,75.0,未発車,70.0,70.0,normal,0.0,短時間の力行→惰行切替が合理的根拠なく行われ、ノコギリ運転と判定され上限0.0点となった。
173.0,Train11,次駅への減速フェーズ（駅手前400m以内）,惰行中,1.0,力行（加速）,3.0,70.0,51.8,55.42,70.0,175.4,5.0,143.56252271487165,0.0,9.2,この先制限速度なし,この先目立った勾配なし,前方175.8m先を0.0km/h,後続列車なし,5.0,40.0,未発車,20.0,23.3,anti_mid_stop,0.0,CBTC信号速度を超過しブレーキ未実施で安全違反、即0点ルール適用のためreward=0.0。
166.59999999999968,Train11,次駅への減速フェーズ（駅手前400m以内）,ブレーキ（減速）中,0.6,力行（加速）,0.1,70.0,45.2,28.4,28.4,37.1,13.4,38.19839874689028,0.0,9.2,この先制限速度なし,この先目立った勾配なし,前方146.1m先を33.7km/h,後続列車なし,0.0,0.0,発車済み,50.0,28.4,normal,0.9,次駅減速フェーズでブレーキが適切に掛かり、delta_stopが許容範囲内で安全に停止できるため高評価。
145.7999999999995,Train11,次駅への減速フェーズ（駅手前400m以内）,ブレーキ（減速）中,0.2,力行（加速）,0.1,70.0,0.0,21.86,21.9,12.2,32.2,22.6855758743813,0.0,9.2,この先制限速度なし,この先目立った勾配なし,前方12.1m先を2.0km/h,後続列車なし,0.0,47.2,未発車,20.0,6.1,anti_mid_stop,0.0,Delta_stopが-10.49mでブレーキ中でもオーバーランがほぼ確実と判断され、即reward0.0ルールが適用された。
38.0,Train11,巡航フェーズ（駅間走行中）,ブレーキ（減速）中,2.0,惰行,1.0,70.0,70.0,21.01,70.0,1979.8,54.0,24.269867733807835,0.0,-2.1,この先制限速度なし,189m先に下り勾配6.7‰あり,前方1104.5m先を47.4km/h,後続列車なし,0.0,0.0,,70.0,70.0,normal,0.0,巡航フェーズでrequired_speed(70km/h)に対し21km/hにブレーキし、前後列車やCBTCの要因が無いにも関わらず不必要な減速を行い、かつ保持時間が7秒未満のノコギリ運転と判定されたためrewardは上限0.0となる。
143.3999999999998,Train11,次駅への減速フェーズ（駅手前400m以内）,ブレーキ（減速）中,0.5,惰行,0.1,70.0,0.0,43.15,43.1,42.7,34.6,87.60589748422707,0.0,9.2,この先制限速度なし,この先目立った勾配なし,前方43.1m先を0.0km/h,後続列車なし,5.0,24.6,未発車,35.0,11.4,anti_mid_stop,0.0,delta_stopが-44.91mでオーバーランが確実となり即時0点ルールに該当するためreward=0.0。
128.0,Train11,次駅への減速フェーズ（駅手前400m以内）,惰行中,1.0,ブレーキ（減速）,2.0,70.0,70.0,53.58,53.6,315.8,41.0,139.46885072193663,0.0,6.1,この先制限速度なし,125m先に上り勾配9.2‰あり,前方300.7m先を12.0km/h,後続列車なし,5.0,70.0,未発車,35.0,27.1,anti_mid_stop,0.1,駅間停車防止モードでtarget_speed_no_stop(27.1km/h)を大幅に上回り機外停車リスクが高く、短時間のブレーキ→惰行切替が合理的でないノコギリ運転と判定されたためrewardは0.1とした。
143.0,Train11,巡航フェーズ（駅間走行中）,力行（加速）中,1.0,ブレーキ（減速）,1.0,70.0,70.0,46.0,70.0,534.6,21.0,103.23712721804452,0.0,6.1,この先制限速度なし,344m先に上り勾配9.2‰あり,前方498.3m先を18.4km/h,後続列車なし,10.0,45.0,未発車,20.0,44.7,anti_mid_stop,0.0,ブレーキ→力行への切替が7秒未満で合理的理由がなく、ノコギリ運転と判定され上限0.0点となった。
94.0,Train11,巡航フェーズ（駅間走行中）,力行（加速）中,4.0,ブレーキ（減速）,1.0,70.0,70.0,54.49,57.5,913.6,84.0,133.62036549844856,0.0,12.5,この先制限速度なし,この先目立った勾配なし,前方914.0m先を0.0km/h,後続列車なし,0.0,19.0,未発車,100.0,57.5,anti_mid_stop,0.0,直前のブレーキから4秒未満の力行への切替が合理的根拠なく頻繁に行われ、ノコギリ運転と判定され上限0点となる。
56.0,Train11,巡航フェーズ（駅間走行中）,力行（加速）中,2.0,ブレーキ（減速）,1.0,70.0,70.0,40.75,70.0,1701.3,73.0,96.6030346552103,0.0,-6.7,この先制限速度なし,この先目立った勾配なし,前方1323.3m先を57.2km/h,後続列車なし,5.0,92.0,未発車,70.0,63.5,anti_mid_stop,0.9,先行列車が塞いでいるため駅間停車防止モードと判定し、target_speed_no_stop以下で加速して安全かつ適切な操作であるため高評価とした。
89.0,Train11,巡航フェーズ（駅間走行中）,惰行中,4.0,力行（加速）,11.0,70.0,70.0,39.91,70.0,1248.5,12.0,84.35108434585499,0.0,0.0,この先制限速度なし,258m先に上り勾配12.5‰あり,前方497.6m先を63.1km/h,後続列車なし,10.0,129.0,未発車,20.0,42.0,anti_mid_stop,1.0,先行列車が塞いでいるため駅間停車防止モードと判定し、target_speed_no_stop(42km/h)以下で惰行している点が安全かつ適切である。
152.5999999999995,Train11,次駅への減速フェーズ（駅手前400m以内）,ブレーキ（減速）中,0.1,惰行,0.1,70.0,0.0,20.43,20.4,17.5,25.4,19.824208661664407,0.0,9.2,この先制限速度なし,この先目立った勾配なし,前方17.9m先を0.0km/h,後続列車なし,0.0,25.4,未発車,35.0,7.3,anti_mid_stop,0.9,CBTC信号0km/hに合わせブレーキ減速中で、delta_stopが±5m以内の許容範囲にあり安全に停止できるため高評価。
84.0,Train11,巡航フェーズ（駅間走行中）,惰行中,1.0,力行（加速）,1.0,70.0,70.0,51.0,55.8,1166.6,94.0,136.86916704007777,0.0,0.0,この先制限速度なし,176m先に上り勾配12.5‰あり,前方1167.0m先を0.0km/h,後続列車なし,5.0,19.0,未発車,100.0,55.8,normal,0.0,力行→惰行への短時間反転に合理的根拠がなくSawtooth運転と判定され、reward上限が0.0となった。
138.0,Train11,巡航フェーズ（駅間走行中）,ブレーキ（減速）中,1.0,力行（加速）,1.0,70.0,70.0,40.06,70.0,858.7,26.0,72.74753569054963,0.0,12.5,この先制限速度なし,この先目立った勾配なし,前方822.4m先を18.4km/h,後続列車なし,5.0,60.0,未発車,20.0,65.8,normal,0.0,巡航フェーズでrequired_speed(70km/h)を大きく下回る状態で不必要にブレーキし、加速→ブレーキの短時間切替がノコギリ運転と判定され上限0.0点となる。
70.0,Train11,巡航フェーズ（駅間走行中）,力行（加速）中,17.0,惰行,1.0,70.0,70.0,65.02,70.0,1363.2,81.0,220.38731154721182,0.0,0.0,この先制限速度なし,373m先に上り勾配12.5‰あり,前方1229.7m先を35.5km/h,後続列車なし,0.0,73.0,未発車,70.0,70.0,normal,1.0,巡航フェーズでrequired_speed未達のため加速は必要で、制限速度・CBTC遵守、適切な加速と十分な車間を保ち安全かつ定時性を維持できるため高評価。
81.0,Train11,巡航フェーズ（駅間走行中）,力行（加速）中,5.0,ブレーキ（減速）,1.0,70.0,70.0,33.36,70.0,1556.6,60.0,59.130851123899184,0.0,0.0,この先制限速度なし,この先目立った勾配なし,前方1322.0m先を45.4km/h,後続列車なし,0.0,82.0,未発車,50.0,70.0,normal,0.0,短時間のブレーキ→力行切替がノコギリ運転と判定され、reward上限が0.0となった。
60.0,Train11,巡航フェーズ（駅間走行中）,力行（加速）中,10.0,ブレーキ（減速）,1.0,70.0,58.3,60.87,70.0,1486.1,10.0,193.7184198244032,0.0,0.0,この先制限速度なし,496m先に上り勾配12.5‰あり,前方228.0m先を63.2km/h,後続列車なし,10.0,158.0,未発車,20.0,43.6,anti_mid_stop,0.0,CBTC信号速度58.3km/hを超えて加速し、ブレーキ未実施のため安全違反とみなし即0点とする。
141.19999999999993,Train11,次駅への減速フェーズ（駅手前400m以内）,ブレーキ（減速）中,1.3,力行（加速）,1.0,70.0,21.2,49.48,49.5,71.0,36.8,114.81799394811233,0.0,9.2,この先制限速度なし,この先目立った勾配なし,前方71.4m先を0.0km/h,後続列車なし,5.0,26.8,未発車,35.0,14.7,anti_mid_stop,0.0,delta_stop が -43.8 m と大幅に負で、ブレーキ中でもオーバーランが確実と判断され即時0点ルールが適用されるため。
146.3999999999997,Train11,次駅への減速フェーズ（駅手前400m以内）,惰行中,0.1,ブレーキ（減速）,0.4,70.0,0.0,40.38,40.4,26.9,21.6,76.82244529133246,0.0,9.2,この先制限速度なし,この先目立った勾配なし,前方5.9m先を14.0km/h,後続列車なし,10.0,56.6,未発車,20.0,9.0,anti_mid_stop,0.0,CBTC信号0km/hを超過しブレーキせず走行、delta_stopが-49.9mでオーバーランが確実なため即時0点。
11.0,Train11,駅出発直後の加速フェーズ（20秒以内）,力行（加速）中,10.0,惰行,1.0,70.0,70.0,25.14,70.0,2139.1,45.0,34.69093677787897,0.0,-2.1,この先制限速度なし,349m先に下り勾配6.7‰あり,前方635.4m先を63.2km/h,後続列車なし,5.0,172.0,未発車,50.0,50.9,anti_mid_stop,0.8,先行列車が塞いでいるため駅間停車防止モード。現在は加速中で速度はtarget_speed_no_stop未満だが、力行で回復中のため安全基準はすべて遵守し減点なし。
42.0,Train11,巡航フェーズ（駅間走行中）,力行（加速）中,10.0,ブレーキ（減速）,1.0,70.0,70.0,45.24,70.0,1903.8,51.0,111.20020452473834,0.0,-2.1,この先制限速度なし,113m先に下り勾配6.7‰あり,前方1030.9m先を62.9km/h,後続列車なし,0.0,136.0,未発車,50.0,55.4,anti_mid_stop,1.0,先行列車が塞いで駅間停車防止モードとなり、target_speed_no_stop以下での加速は適切で、速度制限・CBTC遵守、ノコギリ運転なし、間隔問題もなく最高評価とした。
9.0,Train11,駅出発直後の加速フェーズ（20秒以内）,力行（加速）中,10.0,ブレーキ（減速）,30.0,70.0,70.0,23.2,70.0,2146.6,31.0,29.567323248539193,0.0,-2.1,この先制限速度なし,356m先に下り勾配6.7‰あり,前方353.1m先を56.0km/h,後続列車なし,5.0,159.0,未発車,35.0,55.0,anti_mid_stop,0.9,先行列車が塞いでいるため駅間停車防止モード。現在はtarget_speed_no_stop未満で力行中で、上限超過やノコギリ運転はなく安全・適切と判断した。
62.0,Train11,巡航フェーズ（駅間走行中）,力行（加速）中,3.0,ブレーキ（減速）,1.0,70.0,70.0,43.54,70.0,1657.6,55.0,110.09902739963943,0.0,-6.7,この先制限速度なし,この先目立った勾配なし,前方1132.0m先を61.0km/h,後続列車なし,0.0,116.0,未発車,50.0,45.2,anti_mid_stop,0.0,直前のブレーキから7秒未満で力行へ切替え、合理的根拠がなくノコギリ運転と判定され、上限0.0点のためreward=0.0。
26.0,Train11,巡航フェーズ（駅間走行中）,力行（加速）中,9.0,ブレーキ（減速）,8.0,70.0,70.0,23.95,70.0,2073.0,57.0,31.500189891894852,0.0,-2.1,この先制限速度なし,282m先に下り勾配6.7‰あり,前方1037.7m先を48.4km/h,後続列車なし,0.0,0.0,,70.0,70.0,normal,0.2,長時間ブレーキ(8s)の後に力行へ切り替えたことが自ら減速した後の再力行と判断され、巡航フェーズでのちんたら運転として0.2点に減点した。
178.79999999999916,Train11,次駅への減速フェーズ（駅手前400m以内）,ブレーキ（減速）中,1.2,力行（加速）,0.1,70.0,70.0,6.5,0.0,0.0,1.2,2.267231265448154,0.0,0.0,この先制限速度なし,この先目立った勾配なし,前方1404.3m先を48.8km/h,後続列車なし,0.0,0.0,,100.0,0.0,normal,0.0,低速でブレーキ中に delta_stop が -2.27 m と -1 m 以下でオーバーランが確実、停止位置が大幅に手前になるため reward は 0.0 とする。
138.0,Train11,次駅への減速フェーズ（駅手前400m以内）,惰行中,2.0,ブレーキ（減速）,1.0,70.0,70.0,40.45,40.5,318.2,42.0,80.05660039955772,0.0,6.1,この先制限速度なし,128m先に上り勾配9.2‰あり,前方358.1m先を23.3km/h,後続列車なし,0.0,0.0,発車済み,70.0,40.5,normal,0.0,減速→惰行への短時間切替が合理的根拠なく行われ、prev_notch_durationが1秒でノコギリ運転と判定され上限0.0点となった。
217.3999999999998,Train11,次駅への減速フェーズ（駅手前400m以内）,ブレーキ（減速）中,0.2,力行（加速）,1.0999999999999999,70.0,32.4,31.89,70.0,63.6,0.0,48.095794185549,37.5,9.2,この先制限速度なし,この先目立った勾配なし,前方99.6m先を22.4km/h,後続列車なし,0.0,0.0,発車済み,20.0,70.0,delay_recovery,0.4,次駅減速フェーズでブレーキがCBTC信号以下かつdelta_stopが15.5mでやや早めと判断され、やや減点となりrewardは0.4とした。
185.99999999999932,Train11,次駅への減速フェーズ（駅手前400m以内）,ブレーキ（減速）中,1.2,惰行,0.1,70.0,0.0,13.9,0.0,0.0,0.0,10.34592093282128,6.1,0.0,この先制限速度なし,この先目立った勾配なし,前方22.9m先を20.1km/h,後続列車なし,0.0,0.0,発車済み,20.0,0.0,normal,0.0,delta_stopが-10.35mでブレーキ中にも関わらずオーバーランが確実なため安全違反とみなしreward=0.0とした。
159.9999999999996,Train11,次駅への減速フェーズ（駅手前400m以内）,ブレーキ（減速）中,1.4000000000000001,惰行,0.1,70.0,25.1,23.08,23.1,26.3,20.0,25.27767559832209,0.0,9.2,この先制限速度なし,この先目立った勾配なし,前方79.9m先を26.2km/h,後続列車なし,0.0,0.0,発車済み,50.0,23.1,normal,1.0,次駅減速フェーズでブレーキが適切に作動し、delta_stopが1.02mで許容範囲内、速度は制限・CBTC内、先行列車との間隔も安全、ノコギリ運転なし。
214.3999999999997,Train11,次駅への減速フェーズ（駅手前400m以内）,ブレーキ（減速）中,0.4,惰行,0.1,70.0,41.8,31.52,70.0,43.3,0.0,46.993413659715124,34.5,9.2,この先制限速度なし,この先目立った勾配なし,前方132.3m先を31.5km/h,後続列車なし,5.0,0.0,発車済み,20.0,70.0,delay_recovery,0.9,ブレーキが適切に作動し、delta_stopが±5m以内の許容範囲に収まっているため安全に駅停車でき、遅延回復モードでも評価は高い。
121.0,Train11,巡航フェーズ（駅間走行中）,惰行中,12.0,力行（加速）,1.0,70.0,70.0,54.19,54.2,528.5,57.0,142.61120864717714,0.0,6.1,この先制限速度なし,338m先に上り勾配9.2‰あり,前方528.9m先を0.0km/h,後続列車なし,5.0,42.0,未発車,70.0,54.2,normal,1.0,巡航フェーズでrequired_speedと同等の速度を惰行で維持し、制限速度・CBTC遵守、停止距離余裕も十分で安全かつ省エネな運転と判断した。
151.99999999999972,Train11,次駅への減速フェーズ（駅手前400m以内）,ブレーキ（減速）中,0.30000000000000004,惰行,0.1,70.0,0.0,30.85,30.9,35.4,26.0,45.02920431826335,0.0,9.2,この先制限速度なし,この先目立った勾配なし,前方35.8m先を0.0km/h,後続列車なし,10.0,51.0,未発車,35.0,10.3,anti_mid_stop,0.0,delta_stopが-9.63mでブレーキ中にも関わらずオーバーランが確実と判断され、即reward0.0ルールが適用されたため。
150.0,Train11,次駅への減速フェーズ（駅手前400m以内）,ブレーキ（減速）中,1.0,力行（加速）,2.0,70.0,70.0,39.62,70.0,279.6,30.0,76.83623968549966,0.0,6.1,この先制限速度なし,89m先に上り勾配9.2‰あり,前方533.0m先を42.8km/h,後続列車なし,5.0,0.0,発車済み,100.0,70.0,normal,0.2,早すぎるブレーキと力行→ブレーキの不合理な切替がSawtooth運転と遅延拡大を招くため低評価。
210.69999999999996,Train11,次駅への減速フェーズ（駅手前400m以内）,力行（加速）中,2.8000000000000007,ブレーキ（減速）,8.0,70.0,70.0,35.71,70.0,87.0,0.0,60.20966564168426,30.8,9.2,この先制限速度なし,この先目立った勾配なし,前方682.6m先を52.5km/h,後続列車なし,10.0,0.0,発車済み,70.0,70.0,delay_recovery,0.4,次駅減速フェーズでブレーキせずに加速しており、停車位置確保に不適切なため減点した。
69.0,Train11,巡航フェーズ（駅間走行中）,力行（加速）中,3.0,ブレーキ（減速）,1.0,70.0,70.0,39.11,70.0,1739.8,20.0,89.06890949551797,0.0,-6.7,この先制限速度なし,この先目立った勾配なし,前方814.5m先を62.6km/h,後続列車なし,0.0,109.0,未発車,20.0,52.6,anti_mid_stop,0.0,短時間のブレーキから加速への切替が合理的根拠なく行われ、ノコギリ運転と判定され上限0.0点となったため。
145.89999999999972,Train11,次駅への減速フェーズ（駅手前400m以内）,ブレーキ（減速）中,0.30000000000000004,惰行,0.1,70.0,0.0,35.49,35.5,35.6,21.1,59.475858355730274,0.0,9.2,この先制限速度なし,この先目立った勾配なし,前方12.6m先を14.7km/h,後続列車なし,10.0,42.1,未発車,20.0,10.4,anti_mid_stop,0.0,delta_stopが-23.88mでブレーキ中でも停止距離が足りず、オーバーランが確実と判断し即0点とした。
93.0,Train11,巡航フェーズ（駅間走行中）,惰行中,9.0,ブレーキ（減速）,1.0,70.0,70.0,56.86,59.4,934.1,82.0,145.303789245888,0.0,12.5,この先制限速度なし,この先目立った勾配なし,前方931.1m先を5.6km/h,後続列車なし,0.0,35.0,未発車,70.0,59.4,normal,0.5,巡航フェーズでrequired_speed(59.4km/h)に達していない状態で惰行を続けているため遅延リスクが高く、減点してreward0.5とする。
46.0,Train11,巡航フェーズ（駅間走行中）,力行（加速）中,5.0,ブレーキ（減速）,1.0,70.0,70.0,52.14,70.0,1745.4,20.0,157.0081240231995,0.0,-6.7,この先制限速度なし,この先目立った勾配なし,前方417.2m先を63.3km/h,後続列車なし,0.0,132.0,未発車,20.0,40.9,anti_mid_stop,0.0,先行列車が塞いでいる駅間停車防止モードでtarget_speed_no_stop 40.9km/h を超えて加速し、直前ブレーキから5秒未満で力行へ切替えたためノコギリ運転と判定され、reward上限が0.0となった。
48.0,Train11,巡航フェーズ（駅間走行中）,力行（加速）中,1.0,ブレーキ（減速）,1.0,70.0,70.0,51.3,67.0,1697.7,106.0,152.07703821952052,0.0,-6.7,この先制限速度なし,この先目立った勾配なし,前方1592.1m先を31.5km/h,後続列車なし,5.0,55.0,未発車,100.0,67.0,normal,0.0,ブレーキから加速への短時間切替に合理的根拠がなくノコギリ運転と判定され、reward上限が0.0となる。
46.0,Train11,巡航フェーズ（駅間走行中）,惰行中,2.0,ブレーキ（減速）,1.0,70.0,70.0,44.72,70.0,1873.4,70.0,108.69170005505359,0.0,-2.1,この先制限速度なし,83m先に下り勾配6.7‰あり,前方1330.7m先を61.4km/h,後続列車なし,5.0,117.0,未発車,70.0,63.0,anti_mid_stop,0.0,先行列車が塞ぎ駅間停車防止モードで、target_speed_no_stopを大きく下回り惰行中、かつブレーキ→惰行への短時間切替が合理的理由なくノコギリ運転と判定され、reward上限が0.0点となった。
139.0,Train11,巡航フェーズ（駅間走行中）,力行（加速）中,4.0,惰行,2.0,70.0,70.0,50.12,70.0,838.0,26.0,113.3133042467634,0.0,12.5,この先制限速度なし,この先目立った勾配なし,前方806.7m先を17.1km/h,後続列車なし,5.0,44.0,未発車,20.0,70.0,normal,1.0,巡航フェーズでrequired_speed未達のため加速は合理的で、制限速度・CBTC遵守、ノコギリ運転なしと判断し最高評価。
184.49999999999923,Train11,次駅への減速フェーズ（駅手前400m以内）,ブレーキ（減速）中,1.3,惰行,0.1,70.0,70.0,6.6,0.0,0.0,0.0,2.337468326084786,4.6,0.0,この先制限速度なし,この先目立った勾配なし,前方1045.7m先を60.8km/h,後続列車なし,0.0,0.0,発車済み,100.0,0.0,normal,0.0,delta_stopが-2.34mで低速域の許容範囲を超え、オーバーランが確実と判断されたためrewardを0.0とした。
117.0,Train11,巡航フェーズ（駅間走行中）,惰行中,5.0,力行（加速）,11.0,70.0,70.0,36.26,70.0,951.4,41.0,59.70108231252278,0.0,12.5,この先制限速度なし,この先目立った勾配なし,前方877.9m先を26.2km/h,後続列車なし,5.0,81.0,未発車,35.0,65.2,anti_mid_stop,0.3,先行列車が塞いでいるため駅間停車防止モード。target_speed_no_stop 65.2km/h を10km/h以上下回る惰行は遅延リスクとみなされ減点し、全体評価は0.3とする。
144.49999999999991,Train11,次駅への減速フェーズ（駅手前400m以内）,惰行中,1.3,力行（加速）,0.1,70.0,22.9,38.11,38.1,74.6,33.5,68.50058965550132,0.0,9.2,この先制限速度なし,この先目立った勾配なし,前方74.9m先を0.0km/h,後続列車なし,5.0,38.5,未発車,50.0,15.1,anti_mid_stop,0.0,CBTC信号22.9km/hを超えて38.1km/hで走行しブレーキしなかったため即時安全違反となり、rewardは0.0とした。
51.0,Train11,巡航フェーズ（駅間走行中）,ブレーキ（減速）中,6.0,力行（加速）,4.0,70.0,70.0,7.86,70.0,1924.8,53.0,3.411668357707409,0.0,-2.1,この先制限速度なし,134m先に下り勾配6.7‰あり,前方1223.0m先を48.2km/h,後続列車なし,0.0,0.0,,70.0,70.0,normal,0.2,巡航フェーズでrequired_speed 70km/hに対し7.9km/hのままブレーキを続け、CBTCや先行列車の要因が無い不必要な減速と保持時間<7秒のノコギリ運転により大幅減点し、rewardは0.2とした。
161.09999999999954,Train11,次駅への減速フェーズ（駅手前400m以内）,ブレーキ（減速）中,0.30000000000000004,惰行,0.1,70.0,25.8,20.35,20.4,19.7,18.9,19.669779452373785,0.0,9.2,この先制限速度なし,この先目立った勾配なし,前方81.5m先を27.6km/h,後続列車なし,0.0,0.0,発車済み,50.0,20.4,normal,1.0,ブレーキが適切に掛かり、delta_stop が0.03 m と許容範囲内で、速度はCBTC信号以下かつ制限速度以下のため安全に停止でき、高評価とする。
166.49999999999974,Train11,次駅への減速フェーズ（駅手前400m以内）,ブレーキ（減速）中,1.7000000000000004,力行（加速）,0.30000000000000004,70.0,70.0,24.22,24.2,58.0,13.5,27.82515881662139,0.0,9.2,この先制限速度なし,この先目立った勾配なし,前方456.0m先を47.6km/h,後続列車なし,10.0,0.0,発車済み,100.0,24.2,normal,0.0,加速直後の短時間ブレーキというノコギリ運転で、ブレーキ開始が早すぎて停止位置が大幅に手前になるため、上限0.0点となる。
64.0,Train11,巡航フェーズ（駅間走行中）,力行（加速）中,9.0,惰行,8.0,70.0,70.0,46.05,70.0,1668.5,101.0,122.96615220240365,0.0,-6.7,この先制限速度なし,この先目立った勾配なし,前方1637.1m先を17.1km/h,後続列車なし,10.0,44.0,未発車,100.0,70.0,normal,0.9,制限速度・CBTC遵守、required_speed未達ながら加速中で適切、ノコギリ運転なし、先行列車との間隔安全なため高評価。
52.0,Train11,巡航フェーズ（駅間走行中）,惰行中,16.0,力行（加速）,8.0,70.0,58.8,50.31,70.0,1629.3,10.0,133.24710015798297,0.0,0.0,この先制限速度なし,この先目立った勾配なし,前方230.8m先を63.4km/h,後続列車なし,10.0,151.0,未発車,20.0,48.7,anti_mid_stop,1.0,先行列車が塞ぎ機外停車防止モードで、速度はtarget_speed_no_stop付近に保たれ、CBTC・制限速度遵守、ノコギリ運転なし、間隔も適切なため高評価。
42.0,Train11,巡航フェーズ（駅間走行中）,力行（加速）中,10.0,惰行,8.0,70.0,70.0,51.78,70.0,1772.4,51.0,154.88562826775865,0.0,-6.7,この先制限速度なし,この先目立った勾配なし,前方899.5m先を62.9km/h,後続列車なし,0.0,106.0,未発車,50.0,57.2,anti_mid_stop,1.0,先行列車が塞いでいるため駅間停車防止モード。現在はtarget_speed_no_stop未満で加速中であり、上限超過や信号違反はなく適切な操作と判断した。
209.49999999999997,Train11,次駅への減速フェーズ（駅手前400m以内）,ブレーキ（減速）中,0.5,惰行,0.1,70.0,70.0,43.65,70.0,84.3,0.0,89.62566320434082,29.6,9.2,この先制限速度なし,この先目立った勾配なし,前方968.1m先を57.6km/h,後続列車なし,5.0,0.0,発車済み,70.0,70.0,normal,0.0,delta_stopが-5.33mでブレーキ中にも関わらずオーバーランがほぼ確実と判断され、即時0点ルールが適用された。
173.39999999999952,Train11,次駅への減速フェーズ（駅手前400m以内）,ブレーキ（減速）中,1.3,力行（加速）,0.1,70.0,70.0,22.71,22.7,17.1,6.6,24.476881524714663,0.0,9.2,この先制限速度なし,この先目立った勾配なし,前方883.4m先を57.3km/h,後続列車なし,0.0,0.0,発車済み,100.0,22.7,normal,0.0,delta_stopが-7.38mでブレーキ中でもオーバーランが確実なため即0点ルールが適用され、rewardは0.0となる。
153.0,Train11,巡航フェーズ（駅間走行中）,惰行中,4.0,力行（加速）,24.0,70.0,70.0,54.56,70.0,452.1,25.0,144.533538455398,0.0,6.1,この先制限速度なし,262m先に上り勾配9.2‰あり,前方452.4m先を0.0km/h,後続列車なし,5.0,15.0,未発車,35.0,70.0,normal,0.2,巡航フェーズでrequired_speed 70km/hに対し54.6km/hの惰行は遅延を拡大し運転品質が低く、0.2点とした。
71.0,Train11,巡航フェーズ（駅間走行中）,力行（加速）中,21.0,惰行,1.0,70.0,68.2,66.93,70.0,1357.0,10.0,233.20114618645178,0.0,0.0,この先制限速度なし,366m先に上り勾配12.5‰あり,前方291.8m先を63.0km/h,後続列車なし,10.0,132.0,未発車,20.0,44.6,anti_mid_stop,0.1,先行列車が塞いでいるのにtarget_speed_no_stop44.6km/hを大幅に上回る66.9km/hで力行し、機外停車リスクが高く評価を大きく減点したため。
183.39999999999975,Train11,次駅への減速フェーズ（駅手前400m以内）,ブレーキ（減速）中,0.1,惰行,0.1,70.0,50.5,41.44,70.0,43.4,0.0,80.86756486152741,3.5,9.2,この先制限速度なし,この先目立った勾配なし,前方169.6m先を35.4km/h,後続列車なし,5.0,0.0,発車済み,70.0,70.0,normal,0.0,delta_stopが-37.47mで高速度域のオーバーランが確実なため即時0点ルールに該当し、rewardは0.0とした。
164.0,Train11,次駅への減速フェーズ（駅手前400m以内）,力行（加速）中,5.0,惰行,2.0,70.0,70.0,48.28,70.0,368.1,14.0,113.58408368058308,0.0,6.1,この先制限速度なし,178m先に上り勾配9.2‰あり,前方370.0m先を5.4km/h,後続列車なし,0.0,0.0,発車済み,35.0,70.0,normal,0.2,減速フェーズでの力行と短時間のノコギリ運転により安全間隔が危うく、上限を超える加速が見られるため低評価となった。
203.19999999999942,Train11,次駅への減速フェーズ（駅手前400m以内）,力行（加速）中,0.1,ブレーキ（減速）,0.4,70.0,40.5,25.5,70.0,3.0,0.0,30.82954149052628,23.3,9.2,この先制限速度なし,この先目立った勾配なし,前方127.3m先を35.2km/h,後続列車なし,5.0,0.0,発車済み,50.0,70.0,normal,0.0,δ_stopが-27.83mでブレーキせずに加速しており、駅手前でのオーバーランが確実なため即時0点とする。
203.3999999999998,Train11,次駅への減速フェーズ（駅手前400m以内）,ブレーキ（減速）中,0.1,力行（加速）,0.1,70.0,54.2,38.19,70.0,60.9,0.0,68.78595226093667,23.5,9.2,この先制限速度なし,この先目立った勾配なし,前方187.2m先を35.4km/h,後続列車なし,5.0,0.0,発車済み,20.0,70.0,normal,0.0,δ_stopが-7.89mで高速度域においてオーバーランがほぼ確実なため、即時0点ルールが適用されreward=0.0となる。
158.59999999999968,Train11,次駅への減速フェーズ（駅手前400m以内）,ブレーキ（減速）中,0.4,惰行,0.1,70.0,70.0,29.31,29.3,36.9,21.4,40.670978103937244,0.0,9.2,この先制限速度なし,この先目立った勾配なし,前方304.6m先を48.1km/h,後続列車なし,0.0,0.0,,35.0,29.3,normal,0.9,ブレーキ中でdelta_stopが3.8m以内の許容範囲に収まり、制限速度・CBTCを遵守し、停止位置も確保できているため高評価。
4.0,Train11,駅出発直後の加速フェーズ（20秒以内）,力行（加速）中,5.0,ブレーキ（減速）,30.0,70.0,70.0,11.71,70.0,2171.2,60.0,7.563861644656824,0.0,-2.1,この先制限速度なし,381m先に下り勾配6.7‰あり,前方807.8m先を63.0km/h,後続列車なし,10.0,164.0,未発車,70.0,54.2,anti_mid_stop,1.0,先行列車が塞いでいるため駅間停車防止モード。現在はtarget_speed_no_stop未満で加速中であり、過加速や信号違反はなく、適切な運転と判断した。
213.79999999999944,Train11,次駅への減速フェーズ（駅手前400m以内）,ブレーキ（減速）中,0.9999999999999999,力行（加速）,0.1,70.0,12.8,17.88,70.0,12.7,0.0,15.196790305432446,33.9,9.2,この先制限速度なし,この先目立った勾配なし,前方57.8m先を24.5km/h,後続列車なし,10.0,0.0,発車済み,20.0,70.0,delay_recovery,0.9,遅延回復モードで次駅減速中、ブレーキ適用かつdelta_stopが許容範囲内で安全・CBTC順守、ノコギリ運転なしと評価し高評価とした。
200.0,Train11,次駅への減速フェーズ（駅手前400m以内）,惰行中,1.0,力行（加速）,3.0,70.0,70.0,36.21,70.0,238.5,0.0,64.28338076252894,21.0,6.1,この先制限速度なし,48m先に上り勾配9.2‰あり,前方823.8m先を52.3km/h,後続列車なし,0.0,0.0,発車済み,70.0,70.0,normal,0.2,低速で惰行し定時速度に達せず、かつ短時間での力行→惰行切替に合理的理由がなくちんたら運転とノコギリ運転が判定されたため、rewardを0.2とした。
200.09999999999954,Train11,次駅への減速フェーズ（駅手前400m以内）,ブレーキ（減速）中,0.6,力行（加速）,0.1,70.0,0.0,22.68,70.0,27.0,0.0,24.412511607554443,20.2,9.2,この先制限速度なし,この先目立った勾配なし,前方49.9m先を18.5km/h,後続列車なし,0.0,0.0,発車済み,20.0,70.0,normal,0.9,ブレーキでCBTC信号0km/hに従い、delta_stopが2.59mと許容範囲内で適切に減速しているため高評価。
36.0,Train11,巡航フェーズ（駅間走行中）,惰行中,5.0,力行（加速）,15.0,70.0,70.0,36.82,70.0,2000.3,105.0,74.00411684179863,0.0,-2.1,この先制限速度なし,210m先に下り勾配6.7‰あり,前方1765.7m先を45.4km/h,後続列車なし,5.0,97.0,未発車,100.0,70.0,normal,0.1,巡航フェーズでrequired_speed 70km/hに対し36.8km/hの低速惰行を続け、定時到着が不可能なため大幅減点し0.1とした。
230.39999999999907,Train11,次駅への減速フェーズ（駅手前400m以内）,ブレーキ（減速）中,2.1000000000000005,惰行,0.1,70.0,44.9,0.56,0.0,0.0,0.0,0.016851925357427806,50.5,0.0,この先制限速度なし,この先目立った勾配なし,前方144.8m先を37.0km/h,後続列車なし,0.0,0.0,発車済み,20.0,0.0,delay_recovery,0.8,低速でブレーキ中に delta_stop が -0.02 m と僅かに過走しているためやや減点し、他は全て適正なので 0.8 点とした。
2.0,Train11,駅出発直後の加速フェーズ（20秒以内）,力行（加速）中,1.0,ブレーキ（減速）,1.0,70.0,70.0,0.65,70.0,2177.0,96.0,0.023373426087989622,0.0,-2.1,この先制限速度なし,387m先に下り勾配6.7‰あり,前方1391.1m先を62.8km/h,後続列車なし,5.0,101.0,未発車,100.0,70.0,normal,0.0,直前のブレーキ1秒から加速1秒への短時間切替が合理的理由なく行われ、2秒未満のノコギリ運転と判定され上限0.0点となった。
155.19999999999936,Train11,次駅への減速フェーズ（駅手前400m以内）,ブレーキ（減速）中,0.6,惰行,0.1,70.0,0.0,15.52,0.0,0.0,22.8,12.891194756335256,0.0,0.0,この先制限速度なし,この先目立った勾配なし,前方0.0m先を0.0km/h,後続列車なし,5.0,27.8,未発車,35.0,0.0,normal,0.0,delta_stopが-12.89mでブレーキ中でもオーバーランが確実なため即座に0.0とすべき。
144.39999999999986,Train11,次駅への減速フェーズ（駅手前400m以内）,ブレーキ（減速）中,0.4,力行（加速）,0.1,70.0,6.3,39.6,39.6,62.8,26.6,73.9104803464003,0.0,9.2,この先制限速度なし,この先目立った勾配なし,前方51.9m先を10.2km/h,後続列車なし,5.0,68.6,未発車,20.0,13.8,anti_mid_stop,0.0,CBTC信号6.3km/hに対しブレーキ中だが、残距離と必要停止距離の差が-11.11mでオーバーランがほぼ確実なため即時0点とした。
152.99999999999943,Train11,次駅への減速フェーズ（駅手前400m以内）,ブレーキ（減速）中,0.1,惰行,0.1,70.0,0.0,17.96,18.0,2.7,25.0,15.332698593700112,0.0,9.2,この先制限速度なし,この先目立った勾配なし,前方3.1m先を0.0km/h,後続列車なし,0.0,40.0,未発車,35.0,2.9,anti_mid_stop,0.0,ブレーキ中にdelta_stopが-12.63mと大幅に負で、オーバーランがほぼ確実なため即時0点とした。
27.0,Train11,巡航フェーズ（駅間走行中）,惰行中,4.0,力行（加速）,24.0,70.0,41.0,43.21,70.0,1965.8,11.0,101.56415932907606,0.0,-2.1,この先制限速度なし,175m先に下り勾配6.7‰あり,前方141.6m先を54.5km/h,後続列車なし,10.0,176.0,未発車,20.0,45.4,anti_mid_stop,0.0,CBTC信号速度41km/hを超える43.2km/hでブレーキせず走行しているため即時0点ルールが適用され、rewardは0.0となる。
173.69999999999933,Train11,次駅への減速フェーズ（駅手前400m以内）,力行（加速）中,2.0000000000000004,惰行,1.6000000000000003,70.0,70.0,16.61,70.0,25.1,6.3,13.119779722425529,0.0,9.2,この先制限速度なし,この先目立った勾配なし,前方520.9m先を50.1km/h,後続列車なし,10.0,0.0,発車済み,100.0,70.0,normal,0.0,次駅減速フェーズで力行し、保持時間が7秒未満の不合理なノコギリ運転と判定されたため、rewardは0.0とする。
194.9999999999996,Train11,次駅への減速フェーズ（駅手前400m以内）,ブレーキ（減速）中,5.4999999999999964,惰行,0.1,70.0,70.0,27.34,70.0,20.1,0.0,35.41468299667259,15.1,9.2,この先制限速度なし,この先目立った勾配なし,前方754.9m先を55.2km/h,後続列車なし,0.0,0.0,発車済み,100.0,70.0,normal,0.0,ブレーキ中にdelta_stopが-15.31mでオーバーランが確実と判定され、即0.0ルールが適用されたため。
149.19999999999953,Train11,次駅への減速フェーズ（駅手前400m以内）,ブレーキ（減速）中,1.0999999999999999,力行（加速）,0.1,70.0,0.0,27.48,27.5,6.8,21.8,35.77638915850312,0.0,9.2,この先制限速度なし,この先目立った勾配なし,前方0.0m先を10.4km/h,後続列車なし,10.0,38.8,未発車,20.0,4.5,anti_mid_stop,0.0,delta_stopが-28.98mでブレーキ中でもオーバーランが確実と判定され、即reward0.0ルールが適用されたため、rewardは0.0とする。
146.4999999999998,Train11,次駅への減速フェーズ（駅手前400m以内）,ブレーキ（減速）中,0.2,惰行,0.1,70.0,10.3,33.31,33.3,54.6,31.5,52.44306996335587,0.0,9.2,この先制限速度なし,この先目立った勾配なし,前方55.0m先を0.0km/h,後続列車なし,5.0,36.5,未発車,50.0,12.9,anti_mid_stop,0.9,先行列車が停車しているため駅間停車防止モード。CBTC信号に従い減速ブレーキを行い、停止位置誤差2.16mで適切に減速している。
206.0,Train11,巡航フェーズ（駅間走行中）,ブレーキ（減速）中,1.0,惰行,2.0,70.0,70.0,38.12,70.0,569.9,0.0,71.17990460169857,27.0,6.1,この先制限速度なし,379m先に上り勾配9.2‰あり,前方1729.8m先を63.1km/h,後続列車なし,0.0,0.0,発車済み,100.0,70.0,normal,0.1,巡航フェーズでrequired_speed未達のまま不必要にブレーキし、短時間のノコギリ運転で遅延とエネルギー浪費を招いたため、上限0.1‑0.3のうち最低の0.1とした。
24.0,Train11,巡航フェーズ（駅間走行中）,力行（加速）中,25.0,ブレーキ（減速）,30.0,70.0,70.0,43.47,70.0,2002.0,71.0,102.77476801771388,0.0,-2.1,この先制限速度なし,211m先に下り勾配6.7‰あり,前方1163.9m先を62.4km/h,後続列車なし,0.0,119.0,未発車,70.0,66.9,normal,0.8,巡航フェーズでrequired_speed未達だが加速中であり、制限速度・CBTC遵守、ノコギリ運転なし、前方列車との間隔安全のため高評価とする。
163.0,Train11,次駅への減速フェーズ（駅手前400m以内）,力行（加速）中,2.0,ブレーキ（減速）,2.0,70.0,69.8,40.56,70.0,283.8,15.0,80.4882257336356,0.0,6.1,この先制限速度なし,93m先に上り勾配9.2‰あり,前方284.1m先を0.0km/h,後続列車なし,10.0,25.0,未発車,20.0,34.6,anti_mid_stop,0.2,先行が塞いで駅間停車防止モード。現在速度が target_speed_no_stop を5km/h超えて加速し、さらにブレーキ→力行の短時間切替に合理的根拠がないため減点し、reward 0.2とした。
219.49999999999952,Train11,次駅への減速フェーズ（駅手前400m以内）,ブレーキ（減速）中,0.30000000000000004,力行（加速）,0.1,70.0,70.0,26.75,70.0,10.0,0.0,33.91028052588007,39.6,9.2,この先制限速度なし,この先目立った勾配なし,前方737.2m先を55.1km/h,後続列車なし,10.0,0.0,発車済み,70.0,70.0,delay_recovery,0.0,ブレーキ中にdelta_stopが-23.91mでオーバーランがほぼ確実と判断され、即0点ルールに該当するためrewardは0.0とした。
189.19999999999987,Train11,次駅への減速フェーズ（駅手前400m以内）,力行（加速）中,0.1,ブレーキ（減速）,0.1,70.0,23.1,33.33,70.0,75.0,0.0,52.50561782788549,11.3,9.2,この先制限速度なし,この先目立った勾配なし,前方75.4m先を0.0km/h,後続列車なし,10.0,13.8,未発車,20.0,15.6,anti_mid_stop,0.0,CBTC信号速度23.1km/hを超える33.3km/hでブレーキせずに加速しており、安全違反のため即時0点とした。
220.89999999999938,Train11,次駅への減速フェーズ（駅手前400m以内）,ブレーキ（減速）中,3.600000000000002,惰行,0.1,70.0,70.0,13.19,70.0,9.6,0.0,8.281523402316228,41.0,9.2,この先制限速度なし,この先目立った勾配なし,前方758.2m先を55.5km/h,後続列車なし,10.0,0.0,発車済み,70.0,70.0,delay_recovery,0.7,低速域でδ_stopが1.32 mと許容範囲(≤1 m)を超えているため、次駅減速フェーズでやや減点となりrewardは0.7とした。
81.0,Train11,巡航フェーズ（駅間走行中）,惰行中,5.0,力行（加速）,1.0,70.0,70.0,53.44,55.8,1196.8,97.0,150.04978489474962,0.0,0.0,この先制限速度なし,206m先に上り勾配12.5‰あり,前方1197.2m先を0.0km/h,後続列車なし,5.0,37.0,未発車,100.0,55.8,normal,0.0,力行→惰行への短時間切替で速度がrequired_speed未達のまま惰行し、合理的根拠がなくノコギリ運転と判定されたためreward上限は0.0となる。
60.0,Train11,巡航フェーズ（駅間走行中）,力行（加速）中,4.0,ブレーキ（減速）,3.0,70.0,70.0,32.4,67.7,1688.4,111.0,61.35262070236693,0.0,-6.7,この先制限速度なし,この先目立った勾配なし,前方1679.2m先を9.4km/h,後続列車なし,0.0,53.0,未発車,100.0,67.7,normal,0.3,直前のブレーキから7秒未満で力行へ切替え、合理的理由がなくノコギリ運転と判定され、reward上限が0.3点に抑えられた。
42.0,Train11,巡航フェーズ（駅間走行中）,惰行中,1.0,力行（加速）,2.0,70.0,70.0,38.81,70.0,1887.2,10.0,82.13319748089243,0.0,-2.1,この先制限速度なし,97m先に下り勾配6.7‰あり,前方313.3m先を63.4km/h,後続列車なし,10.0,146.0,未発車,20.0,51.1,anti_mid_stop,0.0,ノコギリ運転（力行→惰行、保持時間2秒未満）によりreward上限が0.0となり、過度な低速惰行も評価減点要因。
191.0,Train11,次駅への減速フェーズ（駅手前400m以内）,力行（加速）中,2.0,ブレーキ（減速）,1.0,70.0,51.5,36.89,70.0,113.3,0.0,64.22068114818028,12.0,9.2,この先制限速度なし,この先目立った勾配なし,前方174.4m先を27.5km/h,後続列車なし,0.0,0.0,発車済み,20.0,70.0,normal,0.0,次駅減速フェーズで不適切に加速し、ブレーキ→力行のノコギリ運転（保持時間2秒未満）で上限0.0点とした。
41.0,Train11,巡航フェーズ（駅間走行中）,ブレーキ（減速）中,6.0,力行（加速）,26.0,70.0,70.0,34.21,70.0,1882.2,45.0,63.969423603181106,0.0,-2.1,この先制限速度なし,92m先に下り勾配6.7‰あり,前方904.8m先を63.1km/h,後続列車なし,5.0,127.0,未発車,50.0,58.0,anti_mid_stop,0.3,先行列車が塞いでいる駅間停車防止モードで、速度がtarget_speed_no_stop58km/hを大きく下回りブレーキしているため遅延とエネルギー浪費が生じ、評価を低くした。
189.89999999999938,Train11,次駅への減速フェーズ（駅手前400m以内）,ブレーキ（減速）中,0.1,惰行,0.1,70.0,30.3,17.95,70.0,0.1,0.0,15.315677196007458,10.0,9.2,この先制限速度なし,この先目立った勾配なし,前方93.5m先を32.0km/h,後続列車なし,10.0,0.0,発車済み,35.0,70.0,normal,0.0,delta_stopが-15.22mでブレーキ中にも関わらずオーバーランが確実と判断され、即0点ルールが適用された。
32.0,Train11,巡航フェーズ（駅間走行中）,力行（加速）中,2.0,ブレーキ（減速）,1.0,70.0,70.0,43.75,70.0,1927.6,66.0,104.08625372559906,0.0,-2.1,この先制限速度なし,137m先に下り勾配6.7‰あり,前方1141.7m先を62.8km/h,後続列車なし,5.0,116.0,未発車,70.0,65.5,normal,0.0,直前のブレーキから2秒の力行への切替が合理的理由なく行われ、保持時間が7秒未満でノコギリ運転と判定され、reward上限が0.0になる。
148.49999999999935,Train11,次駅への減速フェーズ（駅手前400m以内）,ブレーキ（減速）中,0.6,力行（加速）,0.1,70.0,0.0,14.69,0.0,0.0,29.5,11.552400880201734,0.0,0.0,この先制限速度なし,この先目立った勾配なし,前方0.0m先を0.0km/h,後続列車なし,0.0,44.5,未発車,20.0,0.0,normal,0.0,CBTC信号0km/hを超える速度で走行しており即reward0.0ルールに該当するため、rewardは0.0とした。
199.89999999999898,Train11,次駅への減速フェーズ（駅手前400m以内）,ブレーキ（減速）中,2.0000000000000004,力行（加速）,3.2000000000000015,70.0,34.1,12.13,70.0,11.4,0.0,7.005981102151261,20.0,9.2,この先制限速度なし,この先目立った勾配なし,前方104.8m先を32.0km/h,後続列車なし,5.0,0.0,発車済み,20.0,70.0,normal,0.2,低速域でdelta_stopが4.39mと許容範囲を超えて早すぎるブレーキをかけたため減点し、rewardを0.2とした。
43.0,Train11,巡航フェーズ（駅間走行中）,力行（加速）中,6.0,ブレーキ（減速）,1.0,70.0,70.0,31.13,70.0,1964.6,63.0,53.04878084135574,0.0,-2.1,この先制限速度なし,174m先に下り勾配6.7‰あり,前方1283.9m先を63.0km/h,後続列車なし,10.0,125.0,未発車,70.0,61.9,anti_mid_stop,0.9,先行列車が塞いでいるため駅間停車防止モードで、target_speed_no_stop以下の加速は適切で安全違反はなく高評価とした。
147.49999999999974,Train11,次駅への減速フェーズ（駅手前400m以内）,惰行中,0.1,ブレーキ（減速）,0.30000000000000004,70.0,0.0,31.17,31.2,45.7,30.5,45.9621893254035,0.0,9.2,この先制限速度なし,この先目立った勾配なし,前方46.1m先を0.0km/h,後続列車なし,5.0,35.5,未発車,50.0,11.8,anti_mid_stop,0.0,CBTC信号0km/hを超える速度でブレーキせずに惰行しているため即時0点ルールに該当し、rewardは0.0とする。
223.59999999999923,Train11,次駅への減速フェーズ（駅手前400m以内）,惰行中,0.1,ブレーキ（減速）,1.3,70.0,70.0,9.95,70.0,8.7,0.0,4.716749328157164,43.7,9.2,この先制限速度なし,この先目立った勾配なし,前方368.8m先を46.5km/h,後続列車なし,5.0,0.0,発車済み,35.0,70.0,delay_recovery,0.0,ブレーキ後0.1秒の惰行への切替えは合理的理由がなく、保持時間が7秒未満で逆転操作となりノコギリ運転と判定され、reward上限が0.0に設定された。
165.49999999999974,Train11,次駅への減速フェーズ（駅手前400m以内）,惰行中,0.30000000000000004,力行（加速）,0.1,70.0,15.4,29.27,29.3,60.9,12.5,40.560688139363364,0.0,9.2,この先制限速度なし,この先目立った勾配なし,前方61.3m先を0.0km/h,後続列車なし,10.0,2.5,未発車,70.0,17.5,anti_mid_stop,0.0,CBTC信号15.4km/hを超える29.3km/hでブレーキせず惰行しており、安全違反のためreward=0.0
102.0,Train11,巡航フェーズ（駅間走行中）,ブレーキ（減速）中,1.0,力行（加速）,1.0,70.0,70.0,66.08,67.0,829.9,56.0,195.1700203878867,0.0,12.5,この先制限速度なし,この先目立った勾配なし,前方756.4m先を26.2km/h,後続列車なし,5.0,66.0,未発車,50.0,62.2,anti_mid_stop,0.9,先行列車が塞いでいるためtarget_speed_no_stop(62.2km/h)を超えないようブレーキで速度を調整し、CBTC・制限速度を遵守、間隔も安全であり適切な運転と判断した。
68.0,Train11,巡航フェーズ（駅間走行中）,力行（加速）中,5.0,惰行,2.0,70.0,70.0,66.91,70.0,1334.2,70.0,233.0652207670543,0.0,0.0,この先制限速度なし,344m先に上り勾配12.5‰あり,前方1060.2m先を49.1km/h,後続列車なし,10.0,85.0,未発車,70.0,61.2,anti_mid_stop,0.2,先行列車が塞いでいる駅間停車防止モードで、target_speed_no_stopを超える力行と短時間のノコギリ運転により機外停車リスクがあるため減点し、上限0.2とした。
7.0,Train11,駅出発直後の加速フェーズ（20秒以内）,ブレーキ（減速）中,3.0,力行（加速）,5.0,70.0,39.6,9.21,70.0,2161.1,15.0,4.682467325303956,0.0,-2.1,この先制限速度なし,371m先に下り勾配6.7‰あり,前方135.5m先を41.6km/h,後続列車なし,5.0,206.0,未発車,20.0,44.0,anti_mid_stop,0.2,先行列車が塞いでいるため駅間停車防止モード。target_speed_no_stop44km/hを大きく下回りブレーキで更に減速し、過度な低速とノコギリ運転となったため減点。
49.0,Train11,巡航フェーズ（駅間走行中）,ブレーキ（減速）中,1.0,力行（加速）,5.0,70.0,70.0,18.13,70.0,1929.6,106.0,18.09184972444298,0.0,-2.1,この先制限速度なし,139m先に下り勾配6.7‰あり,前方1832.6m先を30.2km/h,後続列車なし,5.0,69.0,未発車,100.0,70.0,normal,0.1,巡航フェーズで不要なブレーキによりrequired_speedから大きく乖離し、ノコギリ運転と判定されたため低評価。
73.0,Train11,巡航フェーズ（駅間走行中）,力行（加速）中,5.0,ブレーキ（減速）,1.0,70.0,70.0,43.26,70.0,1557.2,33.0,98.92581506623915,0.0,0.0,この先制限速度なし,この先目立った勾配なし,前方876.5m先を63.0km/h,後続列車なし,5.0,110.0,未発車,35.0,57.9,anti_mid_stop,0.0,1秒のブレーキ後5秒の加速は合理的根拠がなくノコギリ運転と判定され、reward上限が0.0となった。
31.0,Train11,巡航フェーズ（駅間走行中）,ブレーキ（減速）中,3.0,力行（加速）,8.0,70.0,70.0,23.98,70.0,2035.2,50.0,31.578761648056243,0.0,-2.1,この先制限速度なし,245m先に下り勾配6.7‰あり,前方970.1m先を63.0km/h,後続列車なし,0.0,147.0,未発車,50.0,55.3,anti_mid_stop,0.3,駅間停車防止モードで target_speed_no_stop(55.3km/h) を大きく下回りブレーキしているため過度な低速と判断し減点した。
217.0999999999996,Train11,次駅への減速フェーズ（駅手前400m以内）,ブレーキ（減速）中,4.6,力行（加速）,4.6,70.0,70.0,24.08,70.0,29.4,0.0,27.505794440128625,37.2,9.2,この先制限速度なし,この先目立った勾配なし,前方720.0m先を54.4km/h,後続列車なし,10.0,0.0,発車済み,70.0,70.0,delay_recovery,0.9,遅延回復モードで駅手前の減速は適切。CBTC・速度制限遵守、停止位置誤差1.9mで高評価。
198.1999999999997,Train11,次駅への減速フェーズ（駅手前400m以内）,惰行中,0.30000000000000004,ブレーキ（減速）,0.1,70.0,70.0,36.01,70.0,30.3,0.0,61.217411964134996,18.3,9.2,この先制限速度なし,この先目立った勾配なし,前方1055.7m先を59.9km/h,後続列車なし,0.0,0.0,発車済み,100.0,70.0,normal,0.0,delta_stopが-30.92mでブレーキ未実施、オーバーランがほぼ確実と判断され即0.0の安全違反となった。
29.0,Train11,巡航フェーズ（駅間走行中）,惰行中,1.0,力行（加速）,1.0,70.0,70.0,29.12,70.0,2025.3,72.0,46.462904792978115,0.0,-2.1,この先制限速度なし,235m先に下り勾配6.7‰あり,前方1274.4m先を63.1km/h,後続列車なし,0.0,129.0,未発車,70.0,62.6,anti_mid_stop,0.0,駅間停車防止モードでtarget_speed_no_stopを大きく下回る惰行と、直前の力行からの短時間切替がノコギリ運転と判定されreward上限0.0となった。
86.0,Train11,巡航フェーズ（駅間走行中）,惰行中,23.0,力行（加速）,8.0,70.0,70.0,56.57,56.6,1058.6,92.0,167.80155409115397,0.0,0.0,この先制限速度なし,68m先に上り勾配12.5‰あり,前方1059.0m先を0.0km/h,後続列車なし,10.0,37.0,未発車,100.0,56.6,normal,1.0,現在速度がrequired_speedと一致し惰行で維持、制限速度・CBTC遵守、間隔も適切で安全かつ省エネなため最高評価とした。
167.2999999999998,Train11,次駅への減速フェーズ（駅手前400m以内）,力行（加速）中,0.1,惰行,0.30000000000000004,70.0,70.0,32.72,70.0,68.7,12.7,50.61437707196015,0.0,9.2,この先制限速度なし,この先目立った勾配なし,前方1319.1m先を48.2km/h,後続列車なし,0.0,0.0,,100.0,70.0,normal,0.0,次駅減速フェーズで加速し、持続0.3秒未満のノコギリ運転と判定されたためreward上限は0.0となる。
195.89999999999984,Train11,次駅への減速フェーズ（駅手前400m以内）,ブレーキ（減速）中,0.4,惰行,0.1,70.0,40.3,36.98,70.0,66.1,0.0,64.53179936437172,16.0,9.2,この先制限速度なし,この先目立った勾配なし,前方126.4m先を27.4km/h,後続列車なし,5.0,0.0,発車済み,50.0,70.0,normal,1.0,ブレーキが適切に作動しCBTC信号を遵守、停止位置は許容範囲内でノコギリ運転もなく、安全かつ効率的な減速と判断した。
145.29999999999993,Train11,次駅への減速フェーズ（駅手前400m以内）,ブレーキ（減速）中,0.1,惰行,0.1,70.0,24.6,40.15,40.1,78.3,32.7,75.95808647158285,0.0,9.2,この先制限速度なし,この先目立った勾配なし,前方78.7m先を0.0km/h,後続列車なし,0.0,32.7,未発車,35.0,15.4,anti_mid_stop,0.9,CBTC信号低下に合わせたブレーキで減速し、停止位置誤差2.34mは許容範囲内、駅間停車防止モードでtarget_speed_no_stop以下に抑えているため高評価。
36.0,Train11,巡航フェーズ（駅間走行中）,力行（加速）中,11.0,ブレーキ（減速）,1.0,70.0,70.0,44.05,70.0,1918.6,61.0,105.50033223477514,0.0,-2.1,この先制限速度なし,128m先に下り勾配6.7‰あり,前方1115.3m先を62.6km/h,後続列車なし,10.0,132.0,未発車,70.0,57.7,anti_mid_stop,0.9,先行列車が塞いでいるため駅間停車防止モード。current_speed が target_speed_no_stop 未満で加速中であり、上限速度を超えていないため安全かつ適切と判断した。
20.0,Train11,駅出発直後の加速フェーズ（20秒以内）,力行（加速）中,1.0,ブレーキ（減速）,1.0,70.0,55.0,28.69,70.0,2067.2,15.0,45.10968346623229,0.0,-2.1,この先制限速度なし,277m先に下り勾配6.7‰あり,前方213.1m先を53.0km/h,後続列車なし,5.0,193.0,未発車,20.0,44.2,anti_mid_stop,1.0,先行列車が塞いでいるため駅間停車防止モードで、target_speed_no_stop以下の加速は適切であり、速度・信号・安全基準をすべて遵守している。
177.39999999999986,Train11,次駅への減速フェーズ（駅手前400m以内）,惰行中,0.4,ブレーキ（減速）,0.9999999999999999,70.0,70.0,35.91,70.0,72.9,2.6,60.880586528382935,0.0,9.2,この先制限速度なし,この先目立った勾配なし,前方1459.1m先を48.3km/h,後続列車なし,0.0,0.0,,100.0,70.0,normal,0.0,減速フェーズでブレーキせず惰行へ切替は合理的根拠がなくノコギリ運転と判定され、reward上限が0.0点となった。
212.99999999999983,Train11,次駅への減速フェーズ（駅手前400m以内）,ブレーキ（減速）中,1.7000000000000004,力行（加速）,8.399999999999995,70.0,70.0,29.74,70.0,65.4,0.0,41.86590954927569,33.1,9.2,この先制限速度なし,この先目立った勾配なし,前方295.3m先を41.8km/h,後続列車なし,5.0,0.0,発車済み,35.0,70.0,delay_recovery,0.2,次駅減速フェーズで必要ブレーキ距離より早くブレーキをかけ、delta_stopが23.5mと過大で早すぎるため減点し、遅延回復モードでも遅延拡大につながる操作と判断した。
92.0,Train11,巡航フェーズ（駅間走行中）,惰行中,1.0,力行（加速）,5.0,70.0,70.0,65.85,70.0,931.7,38.0,193.84164904296952,0.0,12.5,この先制限速度なし,この先目立った勾配なし,前方569.5m先を56.8km/h,後続列車なし,5.0,76.0,未発車,35.0,65.0,anti_mid_stop,1.0,先行が塞いで駅間停車防止モード。現在速度が target_speed_no_stop の許容範囲内で惰行し、制限速度・CBTC・間隔・ノコギリ運転に問題なし。
175.39999999999935,Train11,次駅への減速フェーズ（駅手前400m以内）,ブレーキ（減速）中,3.5000000000000018,力行（加速）,0.1,70.0,70.0,15.66,15.7,9.6,4.6,11.66527341845849,0.0,9.2,この先制限速度なし,この先目立った勾配なし,前方1369.0m先を48.1km/h,後続列車なし,0.0,0.0,,100.0,15.7,normal,0.9,次駅減速フェーズでブレーキを適切に使用し、delta_stopが-2.07mで許容範囲内、速度・信号遵守、ノコギリ運転なし。
8.0,Train11,駅出発直後の加速フェーズ（20秒以内）,ブレーキ（減速）中,5.0,力行（加速）,4.0,70.0,70.0,1.64,70.0,2163.9,92.0,0.14876056256573364,0.0,-2.1,この先制限速度なし,373m先に下り勾配6.7‰あり,前方1395.4m先を63.3km/h,後続列車なし,10.0,130.0,未発車,100.0,66.7,normal,0.2,駅出発直後の加速フェーズで不要なブレーキと短時間のノコギリ運転が判定され、上限0.3点に抑えられたため0.2とした。
16.0,Train11,駅出発直後の加速フェーズ（20秒以内）,惰行中,2.0,力行（加速）,15.0,70.0,34.2,33.27,70.0,2089.7,11.0,60.53048087999492,0.0,-2.1,この先制限速度なし,299m先に下り勾配6.7‰あり,前方112.4m先を45.3km/h,後続列車なし,10.0,172.0,未発車,20.0,49.7,anti_mid_stop,0.3,先行列車が塞いでいるためtarget_speed_no_stop 49.7km/hが上限だが、現在33.3km/hで10km/h以上低く惰行し遅延を拡大しているため減点。
23.0,Train11,巡航フェーズ（駅間走行中）,ブレーキ（減速）中,3.0,力行（加速）,6.0,70.0,70.0,24.83,70.0,2060.1,45.0,33.84510415266091,0.0,-2.1,この先制限速度なし,270m先に下り勾配6.7‰あり,前方766.9m先を62.9km/h,後続列車なし,5.0,130.0,未発車,50.0,63.3,anti_mid_stop,0.2,先行列車が塞ぎ駅間停車防止モードで、target_speed_no_stop(63.3km/h)を大きく下回る24.8km/hでブレーキし、過度な低速とノコギリ運転が判定されたため低評価とした。
105.0,Train11,巡航フェーズ（駅間走行中）,惰行中,2.0,ブレーキ（減速）,7.0,70.0,70.0,25.46,70.0,989.1,29.0,29.55857403703728,0.0,12.5,この先制限速度なし,この先目立った勾配なし,前方672.6m先を52.9km/h,後続列車なし,0.0,103.0,未発車,20.0,65.7,anti_mid_stop,0.2,先行が塞ぎ駅間停車防止モードで、target_speed_no_stop 65.7km/h を大きく下回る25.5km/h の惰行は過度な低速とみなされ減点対象となるため、rewardは0.2とした。
167.49999999999974,Train11,次駅への減速フェーズ（駅手前400m以内）,力行（加速）中,0.2,ブレーキ（減速）,0.5,70.0,0.0,37.96,38.0,36.8,10.5,67.96709694109208,0.0,9.2,この先制限速度なし,この先目立った勾配なし,前方37.2m先を0.0km/h,後続列車なし,10.0,50.5,未発車,20.0,10.5,anti_mid_stop,0.0,CBTC信号0km/hを無視し加速、制止距離不足でオーバーランが確実なため即0点ルールが適用される。
160.09999999999948,Train11,次駅への減速フェーズ（駅手前400m以内）,ブレーキ（減速）中,0.30000000000000004,惰行,0.1,70.0,20.1,19.99,20.0,14.8,19.9,18.982259827040863,0.0,9.2,この先制限速度なし,この先目立った勾配なし,前方69.1m先を26.3km/h,後続列車なし,5.0,0.0,発車済み,70.0,20.0,normal,1.0,次駅減速フェーズで信号速度を遵守し適切にブレーキ、delta_stopが±5m以内で安全に停止できるため高評価。
2.0,Train11,駅出発直後の加速フェーズ（20秒以内）,ブレーキ（減速）中,1.0,力行（加速）,2.0,70.0,70.0,6.17,70.0,2176.2,46.0,2.1032483734342726,0.0,-2.1,この先制限速度なし,386m先に下り勾配6.7‰あり,前方514.7m先を62.7km/h,後続列車なし,5.0,166.0,未発車,50.0,53.7,anti_mid_stop,0.2,先行列車が塞ぎ駅間停車防止モード。target_speed_no_stop以下での過度な減速とノコギリ運転により上限0.3に抑え0.2とした。
24.0,Train11,巡航フェーズ（駅間走行中）,力行（加速）中,16.0,ブレーキ（減速）,1.0,70.0,70.0,40.45,70.0,2025.5,60.0,89.14182293026744,0.0,-2.1,この先制限速度なし,235m先に下り勾配6.7‰あり,前方1013.1m先を63.1km/h,後続列車なし,10.0,129.0,未発車,70.0,62.6,anti_mid_stop,1.0,先行列車が塞いでいるため駅間停車防止モード。現在はtarget_speed_no_stop未満で加速中で、速度上限・CBTCを遵守しているため高評価。
175.59999999999934,Train11,次駅への減速フェーズ（駅手前400m以内）,ブレーキ（減速）中,2.500000000000001,惰行,0.1,70.0,70.0,15.44,15.4,10.4,4.4,11.340555642591948,0.0,9.2,この先制限速度なし,この先目立った勾配なし,前方678.5m先を54.0km/h,後続列車なし,0.0,0.0,発車済み,100.0,15.4,normal,1.0,次駅減速フェーズでブレーキ中、delta_stop‑0.94mは許容範囲内、制限速度・CBTC遵守、ノコギリ運転なし、遅延0秒のため高評価。
145.9999999999999,Train11,次駅への減速フェーズ（駅手前400m以内）,ブレーキ（減速）中,0.2,惰行,0.1,70.0,20.6,39.4,39.4,69.8,32.0,73.17266325049069,0.0,9.2,この先制限速度なし,この先目立った勾配なし,前方70.2m先を0.0km/h,後続列車なし,5.0,52.0,未発車,35.0,14.6,anti_mid_stop,0.9,先行列車が塞いでいるため駅間停車防止モードで、CBTC減速指示に従い適切にブレーキをかけ、停止位置も許容範囲内である。
195.09999999999988,Train11,次駅への減速フェーズ（駅手前400m以内）,惰行中,0.2,力行（加速）,0.1,70.0,50.1,35.92,70.0,72.3,0.0,60.9142281279853,15.2,9.2,この先制限速度なし,この先目立った勾配なし,前方167.5m先を32.2km/h,後続列車なし,0.0,0.0,発車済み,20.0,70.0,normal,0.0,力行から惰行への切替が7秒未満で合理的根拠がなくノコギリ運転と判定され、reward上限が0.0となった。
154.09999999999943,Train11,次駅への減速フェーズ（駅手前400m以内）,ブレーキ（減速）中,1.2,力行（加速）,0.1,70.0,0.0,19.24,19.2,3.6,23.9,17.588903582409703,0.0,9.2,この先制限速度なし,この先目立った勾配なし,前方3.9m先を0.0km/h,後続列車なし,5.0,43.9,未発車,35.0,3.3,anti_mid_stop,0.0,delta_stopが-13.99mでブレーキ中にも関わらずオーバーランが確実で、即0.0ルールとノコギリ運転が適用されたため。
202.29999999999987,Train11,次駅への減速フェーズ（駅手前400m以内）,ブレーキ（減速）中,0.2,惰行,0.30000000000000004,70.0,54.4,40.1,70.0,72.9,0.0,75.77081324366071,22.4,9.2,この先制限速度なし,この先目立った勾配なし,前方188.5m先を34.4km/h,後続列車なし,5.0,0.0,発車済み,20.0,70.0,normal,0.9,ブレーキ操作が適切で、CBTC・速度制限を守り、停止位置は許容範囲内であるため高評価とする。
41.0,Train11,巡航フェーズ（駅間走行中）,力行（加速）中,40.0,惰行,1.0,70.0,70.0,56.87,70.0,1777.1,45.0,186.16505544331773,0.0,-6.7,この先制限速度なし,この先目立った勾配なし,前方799.7m先を63.1km/h,後続列車なし,5.0,142.0,未発車,50.0,37.4,anti_mid_stop,0.2,先行が塞ぎ駅間停車防止モードで、target_speed_no_stop 37.4km/h を超える 56.9km/h の力行は過剰加速とみなされ減点対象となるため0.2とした。
100.0,Train11,巡航フェーズ（駅間走行中）,力行（加速）中,3.0,ブレーキ（減速）,1.0,70.0,70.0,63.43,70.0,822.9,27.0,180.12487706938325,0.0,12.5,この先制限速度なし,この先目立った勾配なし,前方429.0m先を57.6km/h,後続列車なし,0.0,78.0,未発車,20.0,59.8,anti_mid_stop,0.0,直前のブレーキから3秒未満の力行への切替で保持時間が7秒未満かつ合理的理由がなくノコギリ運転と判定され、上限0点となったためreward=0.0。
164.0,Train11,次駅への減速フェーズ（駅手前400m以内）,ブレーキ（減速）中,1.0,力行（加速）,1.0,70.0,70.0,56.42,70.0,311.8,14.0,154.38316650421027,0.0,6.1,この先制限速度なし,121m先に上り勾配9.2‰あり,前方312.2m先を0.0km/h,後続列車なし,5.0,49.0,未発車,20.0,28.2,anti_mid_stop,0.8,先行列車が塞いで駅間停車防止モード。現在速度がtarget_speed_no_stopを超えているためブレーキで減速し適切で、安全違反もなくノコギリ運転でもないため高評価。
40.0,Train11,巡航フェーズ（駅間走行中）,力行（加速）中,4.0,ブレーキ（減速）,1.0,70.0,70.0,52.78,70.0,1783.2,40.0,160.81536637680145,0.0,-6.7,この先制限速度なし,この先目立った勾配なし,前方700.5m先を63.2km/h,後続列車なし,10.0,118.0,未発車,50.0,49.6,anti_mid_stop,0.0,先行列車が塞いで駅間停車防止モードであるが、ブレーキから加速への短時間切替に合理的理由がなくノコギリ運転と判定され、reward上限が0.0点となった。
125.0,Train11,巡航フェーズ（駅間走行中）,力行（加速）中,3.0,ブレーキ（減速）,1.0,70.0,70.0,47.35,70.0,873.3,53.0,101.27836929575419,0.0,12.5,この先制限速度なし,この先目立った勾配なし,前方873.7m先を0.0km/h,後続列車なし,5.0,43.0,未発車,50.0,70.0,normal,0.0,直前のブレーキから3秒の力行への短時間切替が合理的根拠なくノコギリ運転と判定され、上限0.0点のためreward=0.0。
153.1999999999993,Train11,次駅への減速フェーズ（駅手前400m以内）,ブレーキ（減速）中,0.2,力行（加速）,0.1,70.0,0.0,11.76,11.8,1.3,24.8,6.5857522243062085,0.0,9.2,この先制限速度なし,この先目立った勾配なし,前方1.7m先を0.0km/h,後続列車なし,5.0,44.8,未発車,20.0,2.0,anti_mid_stop,0.0,delta_stopが-5.29mでブレーキ中でもオーバーランが確実と判定され、即reward0.0ルールに該当するため0.0とした。
181.09999999999943,Train11,次駅への減速フェーズ（駅手前400m以内）,ブレーキ（減速）中,2.1000000000000005,力行（加速）,0.1,70.0,70.0,15.26,70.0,9.0,0.0,11.078268257836134,1.2,9.2,この先制限速度なし,この先目立った勾配なし,前方999.7m先を59.0km/h,後続列車なし,0.0,0.0,発車済み,100.0,70.0,normal,0.0,直前の0.1秒の力行から2秒のブレーキへの切替に合理的根拠がなくノコギリ運転と判定され、reward上限が0.0点となった。
75.0,Train11,巡航フェーズ（駅間走行中）,力行（加速）中,12.0,惰行,8.0,70.0,70.0,61.7,70.0,1388.8,7.0,198.92286602920777,0.0,0.0,この先制限速度なし,398m先に上り勾配12.5‰あり,前方340.1m先を48.6km/h,後続列車なし,0.0,0.0,,20.0,70.0,normal,1.0,巡航フェーズでrequired_speed未達のため加速は適切、制限速度・CBTC遵守、前方列車との安全距離も確保されている。
216.1999999999997,Train11,次駅への減速フェーズ（駅手前400m以内）,ブレーキ（減速）中,0.1,惰行,0.1,70.0,70.0,33.23,70.0,37.4,0.0,52.193244457566095,36.3,9.2,この先制限速度なし,この先目立った勾配なし,前方714.5m先を54.2km/h,後続列車なし,10.0,0.0,発車済み,70.0,70.0,delay_recovery,0.0,ブレーキ中に delta_stop が -14.79 m と過走距離が大きく、即時オーバーラン危険と判定され安全違反になるため reward=0.0 とした。
21.0,Train11,巡航フェーズ（駅間走行中）,惰行中,3.0,ブレーキ（減速）,5.0,70.0,70.0,18.84,70.0,2062.2,32.0,19.53150051038692,0.0,-2.1,この先制限速度なし,272m先に下り勾配6.7‰あり,前方489.9m先を48.6km/h,後続列車なし,0.0,0.0,,35.0,70.0,normal,0.2,先行列車が前方にあるにも関わらずrequired_speed 70km/hに対し18.8km/hで惰行し、加速せずに短時間ブレーキから切替したためノコギリ運転と判定され大幅減点した。
193.99999999999955,Train11,次駅への減速フェーズ（駅手前400m以内）,ブレーキ（減速）中,0.30000000000000004,力行（加速）,0.1,70.0,17.3,29.37,70.0,17.8,0.0,40.83668964110423,14.1,9.2,この先制限速度なし,この先目立った勾配なし,前方64.3m先を24.8km/h,後続列車なし,5.0,0.0,発車済み,35.0,70.0,normal,0.0,delta_stopが-23.04mでブレーキ中でもオーバーランが確実と判断され、即reward0.0ルールが適用されたため評価は0.0となります。
155.49999999999997,Train11,次駅への減速フェーズ（駅手前400m以内）,ブレーキ（減速）中,0.1,惰行,0.4,70.0,29.4,36.93,36.9,90.4,22.5,64.35886511734923,0.0,9.2,この先制限速度なし,この先目立った勾配なし,前方90.8m先を0.0km/h,後続列車なし,10.0,17.5,未発車,50.0,17.0,anti_mid_stop,0.5,先行列車が停車しているため駅間停車防止モード。CBTC信号低下に合わせブレーキは適切だが、停止位置まで余裕が大きく早すぎるブレーキとなり減点。
153.29999999999941,Train11,次駅への減速フェーズ（駅手前400m以内）,ブレーキ（減速）中,0.5,力行（加速）,0.2,70.0,0.0,16.68,16.7,7.1,24.7,13.230312759921253,0.0,9.2,この先制限速度なし,この先目立った勾配なし,前方7.5m先を0.0km/h,後続列車なし,5.0,29.7,未発車,50.0,4.6,anti_mid_stop,0.0,Delta_stop が -5m 以下かつ先行列車が 40m 未満に接近しており、即時安全違反と判定されたため reward を 0.0 とした。
227.4999999999997,Train11,次駅への減速フェーズ（駅手前400m以内）,ブレーキ（減速）中,1.7000000000000004,惰行,0.8999999999999999,70.0,70.0,23.31,70.0,57.3,0.0,25.781896753487676,47.6,9.2,この先制限速度なし,この先目立った勾配なし,前方606.7m先を51.5km/h,後続列車なし,10.0,0.0,発車済み,50.0,70.0,delay_recovery,0.1,次駅減速フェーズでブレーキ開始が早すぎ、delta_stopが31.5mで停止位置が大幅に手前になるため大きく減点し、reward 0.1とする。
198.0,Train11,巡航フェーズ（駅間走行中）,力行（加速）中,4.0,惰行,8.0,70.0,70.0,31.19,70.0,649.9,0.0,51.74107556253476,19.0,0.0,この先制限速度なし,59m先に上り勾配6.1‰あり,前方1671.9m先を59.8km/h,後続列車なし,0.0,0.0,発車済み,100.0,70.0,normal,0.9,巡航フェーズでrequired_speed未達ながら、必要な加速（力行）を行い速度・制限・CBTCを遵守、ノコギリ運転なし、前方列車との間隔も安全なため高評価。
2.0,Train11,駅出発直後の加速フェーズ（20秒以内）,力行（加速）中,3.0,ブレーキ（減速）,30.0,70.0,70.0,6.17,70.0,2176.2,70.0,2.1032483734342726,0.0,-2.1,この先制限速度なし,386m先に下り勾配6.7‰あり,前方953.2m先を63.5km/h,後続列車なし,0.0,126.0,未発車,70.0,69.3,normal,1.0,加速フェーズで適切に力行を継続し、速度・信号・制限を遵守、ノコギリ運転なし、間隔問題なしで安全かつ定時運転が維持されているため高評価。
160.0,Train11,次駅への減速フェーズ（駅手前400m以内）,惰行中,1.0,力行（加速）,1.0,70.0,70.0,38.18,70.0,146.6,20.0,68.75025024361403,0.0,9.2,この先制限速度なし,この先目立った勾配なし,前方400.0m先を42.8km/h,後続列車なし,0.0,0.0,発車済み,100.0,70.0,normal,0.0,直前の力行から1秒で惰行への切替が合理的根拠なく行われ、保持時間が7秒未満でノコギリ運転と判定され、reward上限が0.0となった。
179.69999999999973,Train11,次駅への減速フェーズ（駅手前400m以内）,ブレーキ（減速）中,1.8000000000000005,惰行,0.8999999999999999,70.0,70.0,30.6,70.0,51.3,0.3,44.306859512062715,0.0,9.2,この先制限速度なし,この先目立った勾配なし,前方1468.6m先を48.7km/h,後続列車なし,0.0,0.0,,100.0,70.0,normal,0.6,ブレーキは適切だがdelta_stopが約7mでやや早めに止まるため、やや減点し0.6点とした。
196.89999999999944,Train11,次駅への減速フェーズ（駅手前400m以内）,ブレーキ（減速）中,0.4,力行（加速）,0.1,70.0,0.0,22.05,70.0,13.0,0.0,23.080134740155337,19.0,9.2,この先制限速度なし,この先目立った勾配なし,前方13.3m先を0.0km/h,後続列車なし,10.0,6.1,未発車,20.0,6.3,anti_mid_stop,0.0,ブレーキ中にdelta_stopが-10.08mでオーバーランがほぼ確実と判断され、即reward0.0ルールが適用されたため。
2.0,Train11,駅出発直後の加速フェーズ（20秒以内）,力行（加速）中,3.0,ブレーキ（減速）,30.0,70.0,70.0,6.17,70.0,2176.2,60.0,2.1032483734342726,0.0,-2.1,この先制限速度なし,386m先に下り勾配6.7‰あり,前方777.7m先を63.4km/h,後続列車なし,10.0,166.0,未発車,70.0,53.7,anti_mid_stop,1.0,先行列車が塞ぎ駅間停車防止モードで、target_speed_no_stop未満の加速を行い速度制限・CBTC遵守、ノコギリ運転なし、間隔も適切なため高評価。
74.0,Train11,巡航フェーズ（駅間走行中）,ブレーキ（減速）中,1.0,力行（加速）,2.0,70.0,70.0,45.37,70.0,1532.8,15.0,108.68176516291024,0.0,0.0,この先制限速度なし,この先目立った勾配なし,前方607.5m先を62.6km/h,後続列車なし,5.0,139.0,未発車,20.0,48.4,anti_mid_stop,0.2,先行列車が塞ぎ駅間停車防止モードで、target_speed_no_stop以下に抑えるべきところを不必要にブレーキし、かつ力行→減速のノコギリ運転となったため減点し、上限0.3を下回る0.2とした。
195.0,Train11,次駅への減速フェーズ（駅手前400m以内）,力行（加速）中,4.0,ブレーキ（減速）,1.0,70.0,64.2,40.15,70.0,248.3,0.0,78.88518414143776,18.0,6.1,この先制限速度なし,58m先に上り勾配9.2‰あり,前方248.7m先を0.0km/h,後続列車なし,5.0,3.0,未発車,20.0,70.0,normal,0.0,次駅減速フェーズで加速操作は不適切で、直前のブレーキから4秒未満で力行へ切替したためノコギリ運転と判定し、reward上限が0.0となった。
192.9999999999996,Train11,次駅への減速フェーズ（駅手前400m以内）,ブレーキ（減速）中,0.1,力行（加速）,0.1,70.0,18.4,31.49,70.0,26.2,0.0,46.9045822005805,13.1,9.2,この先制限速度なし,この先目立った勾配なし,前方66.0m先を23.3km/h,後続列車なし,5.0,0.0,発車済み,35.0,70.0,normal,0.0,δ_stopが-20.7mでオーバーランが確実と判定され、即時0点ルールが適用されたためreward=0.0。
188.8999999999995,Train11,次駅への減速フェーズ（駅手前400m以内）,ブレーキ（減速）中,0.7999999999999999,力行（加速）,0.1,70.0,46.4,20.21,70.0,19.8,0.0,19.400969370528177,9.0,9.2,この先制限速度なし,この先目立った勾配なし,前方151.0m先を35.8km/h,後続列車なし,5.0,0.0,発車済み,35.0,70.0,normal,0.9,次駅減速フェーズでブレーキが適切に掛かり、delta_stopが0.40mで停止位置誤差が±5m以内。速度・信号遵守、ノコギリ運転なし。
138.5999999999999,Train11,次駅への減速フェーズ（駅手前400m以内）,ブレーキ（減速）中,0.7999999999999999,惰行,0.1,70.0,14.4,39.79,39.8,73.2,31.4,74.61475039077881,0.0,9.2,この先制限速度なし,この先目立った勾配なし,前方59.9m先を11.2km/h,後続列車なし,0.0,54.4,未発車,20.0,14.9,anti_mid_stop,0.9,先行列車が塞ぎ駅間停車防止モードで、CBTC信号低下に合わせブレーキを継続し、停止位置も許容範囲内のため高評価とする。
62.0,Train11,巡航フェーズ（駅間走行中）,力行（加速）中,3.0,ブレーキ（減速）,1.0,70.0,70.0,60.58,70.0,1498.2,15.0,191.9153259528469,0.0,0.0,この先制限速度なし,この先目立った勾配なし,前方362.9m先を63.1km/h,後続列車なし,5.0,151.0,未発車,20.0,45.1,anti_mid_stop,0.0,前方列車が塞いでいる駅間停車防止モードで、target_speed_no_stopを大幅に上回る力行と直前のブレーキが交互に切り替わりノコギリ運転と判定されたためrewardは0.0とした。
13.0,Train11,駅出発直後の加速フェーズ（20秒以内）,力行（加速）中,2.0,惰行,1.0,70.0,70.0,23.14,70.0,2138.2,40.0,29.415306128937615,0.0,-2.1,この先制限速度なし,348m先に下り勾配6.7‰あり,前方581.9m先を63.1km/h,後続列車なし,10.0,175.0,未発車,50.0,50.0,anti_mid_stop,0.0,直前の惰行から2秒間の力行への切替が合理的理由なくノコギリ運転と判定され、prev_notch_durationが1秒でreward上限が0.0となった。
217.39999999999947,Train11,次駅への減速フェーズ（駅手前400m以内）,ブレーキ（減速）中,0.2,力行（加速）,0.1,70.0,63.8,24.77,70.0,16.4,0.0,29.09745031881816,37.5,9.2,この先制限速度なし,この先目立った勾配なし,前方239.3m先を41.5km/h,後続列車なし,10.0,0.0,発車済み,50.0,70.0,delay_recovery,0.0,delta_stopが-12.7mと要求停止距離を大きく下回り、ブレーキ中でもオーバーランが確実と判断され即時0点ルールが適用されたため。
11.0,Train11,駅出発直後の加速フェーズ（20秒以内）,力行（加速）中,7.0,惰行,1.0,70.0,70.0,25.13,70.0,2136.7,60.0,34.66349109190096,0.0,-2.1,この先制限速度なし,346m先に下り勾配6.7‰あり,前方896.1m先を62.9km/h,後続列車なし,10.0,127.0,未発車,70.0,66.8,anti_mid_stop,1.0,先行列車が塞いでいるため駅間停車防止モードで、target_speed_no_stop以下の加速は適切。速度超過・信号違反・ノコギリ運転なしで安全かつ省エネ。
153.69999999999996,Train11,次駅への減速フェーズ（駅手前400m以内）,ブレーキ（減速）中,6.799999999999997,惰行,7.0,70.0,70.0,42.71,42.7,85.6,26.3,85.84700972769967,0.0,9.2,この先制限速度なし,この先目立った勾配なし,前方288.2m先を48.1km/h,後続列車なし,0.0,0.0,,35.0,42.7,normal,0.9,次駅減速フェーズでブレーキが適切に作動し、delta_stopが許容範囲内で安全かつ定時に停止できるため高評価。
144.49999999999997,Train11,次駅への減速フェーズ（駅手前400m以内）,力行（加速）中,0.2,ブレーキ（減速）,0.2,70.0,27.1,43.09,43.1,84.4,33.5,87.36502852773026,0.0,9.2,この先制限速度なし,この先目立った勾配なし,前方84.8m先を0.0km/h,後続列車なし,10.0,43.5,未発車,50.0,16.0,anti_mid_stop,0.0,CBTC信号速度を大幅に超えて加速し、ブレーキをかけていないため安全違反となり即座にreward=0.0とする。
168.49999999999912,Train11,次駅への減速フェーズ（駅手前400m以内）,ブレーキ（減速）中,0.2,惰行,0.1,70.0,40.2,0.52,0.0,0.0,11.5,0.014530619109846557,0.0,0.0,この先制限速度なし,この先目立った勾配なし,前方126.3m先を35.4km/h,後続列車なし,0.0,0.0,発車済み,50.0,0.0,normal,1.0,ブレーキが適切に作動し、delta_stopが-0.01mで許容範囲内、CBTC信号を遵守し速度制限内のため高評価。
18.0,Train11,駅出発直後の加速フェーズ（20秒以内）,力行（加速）中,2.0,惰行,2.0,70.0,36.1,34.52,70.0,2071.1,11.0,65.1239118571687,0.0,-2.1,この先制限速度なし,281m先に下り勾配6.7‰あり,前方119.5m先を47.1km/h,後続列車なし,10.0,170.0,未発車,20.0,49.5,anti_mid_stop,1.0,先行列車が塞いでいるため駅間停車防止モード。現在はtarget_speed_no_stop未満で加速中であり、CBTC・制限速度を遵守し過剰加速もなく、ノコギリ運転でもないため高評価。
48.0,Train11,巡航フェーズ（駅間走行中）,惰行中,2.0,力行（加速）,31.0,70.0,70.0,54.58,70.0,1766.3,30.0,171.75521996869577,0.0,-6.7,この先制限速度なし,この先目立った勾配なし,前方648.5m先を62.9km/h,後続列車なし,5.0,120.0,未発車,35.0,47.4,anti_mid_stop,0.5,駅間停車防止モードで target_speed_no_stop＋5km/h を超える速度で走行しており、過剰加速とみなされ減点対象となる。
4.0,Train11,駅出発直後の加速フェーズ（20秒以内）,ブレーキ（減速）中,3.0,力行（加速）,2.0,70.0,70.0,1.14,70.0,2174.2,40.0,0.07188831952105235,0.0,-2.1,この先制限速度なし,384m先に下り勾配6.7‰あり,前方461.4m先を60.3km/h,後続列車なし,10.0,154.0,未発車,50.0,57.0,anti_mid_stop,0.1,駅間停車防止モードでtarget_speed_no_stop以下に抑えるべきところを不必要にブレーキし、かつ7秒未満のノコギリ運転となっているため大幅減点し0.1とする。
18.0,Train11,駅出発直後の加速フェーズ（20秒以内）,力行（加速）中,4.0,惰行,1.0,70.0,40.8,31.81,70.0,2090.1,11.0,55.37372240076901,0.0,-2.1,この先制限速度なし,300m先に下り勾配6.7‰あり,前方138.5m先を47.1km/h,後続列車なし,10.0,170.0,未発車,20.0,50.0,anti_mid_stop,0.0,短時間での力行↔惰行切替が合理的根拠なく行われ、ノコギリ運転と判定され上限0.0点となった。
47.0,Train11,巡航フェーズ（駅間走行中）,惰行中,1.0,力行（加速）,4.0,70.0,70.0,54.65,70.0,1740.9,77.0,172.18755214998032,0.0,-6.7,この先制限速度なし,この先目立った勾配なし,前方1298.5m先を58.9km/h,後続列車なし,0.0,96.0,未発車,70.0,63.6,anti_mid_stop,0.3,力行→惰行への短時間切替がノコギリ運転と判定され、prev_notch_durationが4秒のためreward上限が0.3に制限された。
47.0,Train11,巡航フェーズ（駅間走行中）,ブレーキ（減速）中,1.0,力行（加速）,6.0,70.0,70.0,43.07,70.0,1801.2,30.0,100.91516654733417,0.0,-2.1,この先制限速度なし,11m先に下り勾配6.7‰あり,前方665.8m先を63.1km/h,後続列車なし,5.0,121.0,未発車,35.0,57.9,anti_mid_stop,0.2,駅間停車防止モードでtarget_speed_no_stopを超えるブレーキとノコギリ運転が判定され、安全は保たれるが過度な低速走行で評価が低くなるため0.2とする。
115.0,Train11,巡航フェーズ（駅間走行中）,惰行中,22.0,力行（加速）,6.0,70.0,70.0,57.12,57.1,489.2,65.0,158.17014177222418,0.0,6.1,この先制限速度なし,299m先に上り勾配9.2‰あり,前方642.6m先を47.6km/h,後続列車なし,0.0,0.0,,70.0,57.1,normal,1.0,巡航フェーズでrequired_speedと同等の57.1km/hを惰行し、制限速度・CBTCを遵守、先行列車との間隔も十分で全項目が適正なため高評価。
183.3999999999993,Train11,次駅への減速フェーズ（駅手前400m以内）,ブレーキ（減速）中,0.2,惰行,0.1,70.0,70.0,9.81,70.0,1.1,0.0,4.585113983230009,3.5,9.2,この先制限速度なし,この先目立った勾配なし,前方1029.8m先を60.0km/h,後続列車なし,0.0,0.0,発車済み,100.0,70.0,normal,0.0,低速(9.8km/h)でdelta_stopが-3.49mと-1m以下となり、次駅減速フェーズでオーバーランがほぼ確実と判断されたためreward=0.0。
191.19999999999936,Train11,次駅への減速フェーズ（駅手前400m以内）,ブレーキ（減速）中,0.9999999999999999,力行（加速）,0.1,70.0,49.2,14.21,70.0,8.8,0.0,9.609116612798488,11.3,9.2,この先制限速度なし,この先目立った勾配なし,前方163.4m先を37.6km/h,後続列車なし,5.0,0.0,発車済み,35.0,70.0,normal,0.9,駅手前で適切にブレーキし、delta_stopが-0.81mで許容範囲内、速度・信号遵守のため高評価。
50.0,Train11,巡航フェーズ（駅間走行中）,力行（加速）中,1.0,ブレーキ（減速）,1.0,70.0,70.0,31.58,70.0,1774.6,111.0,58.31097293599261,0.0,-6.7,この先制限速度なし,この先目立った勾配なし,前方1721.4m先を22.3km/h,後続列車なし,0.0,63.0,未発車,100.0,70.0,normal,0.0,短時間のブレーキ→力行切替がノコギリ運転と判定され、prev_notch_durationが1秒未満のためreward上限は0.0となる。
143.0,Train11,次駅への減速フェーズ（駅手前400m以内）,惰行中,2.0,ブレーキ（減速）,1.0,70.0,57.6,37.31,37.3,165.2,37.0,65.67885621044003,0.0,9.2,この先制限速度なし,この先目立った勾配なし,前方205.0m先を23.3km/h,後続列車なし,5.0,0.0,発車済み,70.0,37.3,normal,0.0,ブレーキ後すぐ惰行へ切替え、保持時間が7秒未満で逆転操作となりノコギリ運転と判定され、上限0点になる。
139.0,Train11,巡航フェーズ（駅間走行中）,惰行中,9.0,力行（加速）,24.0,70.0,70.0,47.6,70.0,671.5,21.0,119.473018079046,0.0,0.0,この先制限速度なし,81m先に上り勾配6.1‰あり,前方611.8m先を23.6km/h,後続列車なし,10.0,64.0,未発車,20.0,37.6,anti_mid_stop,0.3,先行列車が塞いでいる駅間停車防止モードで、現在速度がtarget_speed_no_stop＋5km/hを超えており過剰加速とみなされ減点した。
85.0,Train11,巡航フェーズ（駅間走行中）,惰行中,1.0,力行（加速）,1.0,70.0,70.0,46.26,70.0,1395.8,76.0,112.92955315189309,0.0,0.0,この先制限速度なし,405m先に上り勾配12.5‰あり,前方1342.5m先を22.3km/h,後続列車なし,5.0,78.0,未発車,70.0,68.8,normal,0.0,不合理な力行→惰行の切替がノコギリ運転と判定され、reward上限が0.0に制限されるため。
107.0,Train11,巡航フェーズ（駅間走行中）,力行（加速）中,2.0,ブレーキ（減速）,8.0,70.0,70.0,3.94,70.0,1266.1,41.0,0.8335603261699626,0.0,0.0,この先制限速度なし,276m先に上り勾配12.5‰あり,前方1101.4m先を39.5km/h,後続列車なし,5.0,76.0,未発車,35.0,63.4,anti_mid_stop,1.0,先行列車が塞いでいる駅間停車防止モードで、target_speed_no_stop未満の加速は適切であり、制限速度・CBTC遵守、ノコギリ運転なし、間隔安全、遅延なしのため高評価。
40.0,Train11,巡航フェーズ（駅間走行中）,力行（加速）中,8.0,ブレーキ（減速）,1.0,70.0,60.1,45.56,70.0,1853.4,10.0,112.75761561750517,0.0,-2.1,この先制限速度なし,63m先に下り勾配6.7‰あり,前方244.5m先を63.0km/h,後続列車なし,10.0,163.0,未発車,20.0,45.8,anti_mid_stop,0.9,先行列車が塞いでいるため駅間停車防止モード。現在速度はtarget_speed_no_stop付近で、加速は上限を超えておらず安全・適切。
105.0,Train11,巡航フェーズ（駅間走行中）,惰行中,18.0,力行（加速）,1.0,70.0,70.0,56.29,56.3,746.9,73.0,166.17513560105408,0.0,0.0,この先制限速度なし,156m先に上り勾配6.1‰あり,前方747.3m先を0.0km/h,後続列車なし,0.0,38.0,未発車,70.0,56.3,normal,1.0,巡航フェーズでrequired_speedと同等の56.3km/hを惰行し、制限速度・CBTCを遵守、停止余裕も十分でノコギリ運転や間隔問題がなく最適な運転と判断した。
129.0,Train11,巡航フェーズ（駅間走行中）,力行（加速）中,4.0,惰行,8.0,70.0,70.0,40.77,70.0,785.2,41.0,87.98513764604151,0.0,0.0,この先制限速度なし,195m先に上り勾配6.1‰あり,前方773.1m先を10.7km/h,後続列車なし,5.0,39.0,未発車,35.0,69.2,anti_mid_stop,0.9,先行列車が塞いでいるため駅間停車防止モード。target_speed_no_stop 未超過で加速しており、安全・信号遵守・間隔確保のすべての基準を満たすため高評価。
166.89999999999978,Train11,次駅への減速フェーズ（駅手前400m以内）,ブレーキ（減速）中,2.2000000000000006,力行（加速）,0.1,70.0,60.2,34.04,34.0,56.7,13.1,54.74976358834108,0.0,9.2,この先制限速度なし,この先目立った勾配なし,前方218.7m先を38.1km/h,後続列車なし,0.0,0.0,発車済み,70.0,34.0,normal,1.0,ブレーキが適切に掛かりdelta_stopが1.95mで許容範囲内、速度・信号遵守、ノコギリ運転なし、全体的に安全かつ定時・省エネであるため高評価。
205.99999999999932,Train11,次駅への減速フェーズ（駅手前400m以内）,ブレーキ（減速）中,0.5,惰行,0.1,70.0,0.0,14.05,70.0,9.2,0.0,9.394373810281362,28.1,9.2,この先制限速度なし,この先目立った勾配なし,前方9.6m先を0.0km/h,後続列車なし,10.0,12.0,未発車,20.0,5.3,anti_mid_stop,0.0,先行列車が9.6m先に停車しており距離が40m未満のため安全違反と判定し、即時0点ルールが適用された。
174.19999999999942,Train11,次駅への減速フェーズ（駅手前400m以内）,ブレーキ（減速）中,2.3000000000000007,力行（加速）,0.1,70.0,70.0,19.17,19.2,15.4,5.8,17.461545871150346,0.0,9.2,この先制限速度なし,この先目立った勾配なし,前方1358.7m先を48.2km/h,後続列車なし,0.0,0.0,,100.0,19.2,normal,0.9,次駅減速フェーズでブレーキが適切にかかり、delta_stopが‑2.06mで許容範囲内、速度・CBTC制限遵守、ノコギリ運転なし、遅延0秒のため高評価。
36.0,Train11,巡航フェーズ（駅間走行中）,力行（加速）中,5.0,惰行,1.0,70.0,70.0,38.39,70.0,1940.9,105.0,80.3831933610473,0.0,-2.1,この先制限速度なし,150m先に下り勾配6.7‰あり,前方1706.4m先を45.4km/h,後続列車なし,5.0,97.0,未発車,100.0,70.0,normal,0.0,直前の惰行から5秒未満の力行への切替が合理的理由なく頻繁に行われ、ノコギリ運転と判定され上限rewardが0.0となった。
151.49999999999957,Train11,次駅への減速フェーズ（駅手前400m以内）,ブレーキ（減速）中,0.2,惰行,0.1,70.0,0.0,23.41,23.4,24.1,26.5,26.002660437870045,0.0,9.2,この先制限速度なし,この先目立った勾配なし,前方24.5m先を0.0km/h,後続列車なし,0.0,26.5,未発車,35.0,8.5,anti_mid_stop,0.0,先行列車が24.5m先で停止しており、接近距離が安全基準40m未満のため即時安全違反と判定し、rewardを0.0とした。
68.0,Train11,巡航フェーズ（駅間走行中）,力行（加速）中,2.0,惰行,6.0,70.0,70.0,45.54,70.0,1680.6,50.0,120.29635639649801,0.0,-6.7,この先制限速度なし,この先目立った勾配なし,前方1171.8m先を60.5km/h,後続列車なし,5.0,115.0,未発車,50.0,47.5,anti_mid_stop,0.4,先行列車が塞いでいるため駅間停車防止モード。target_speed_no_stop未満での加速は適切だが、惰行から2秒で力行への切替に合理的理由がなくノコギリ運転と判定され、上限0.5点のうち0.4点とした。
201.9999999999995,Train11,次駅への減速フェーズ（駅手前400m以内）,ブレーキ（減速）中,0.30000000000000004,惰行,0.1,70.0,49.8,26.53,70.0,3.2,0.0,33.35756763917773,22.1,9.2,この先制限速度なし,この先目立った勾配なし,前方166.3m先を38.2km/h,後続列車なし,0.0,0.0,発車済み,50.0,70.0,normal,0.0,delta_stop が -30.16 m と大幅に負で、ブレーキ中でもオーバーランがほぼ確実なため即0点ルールが適用される。
147.0,Train11,巡航フェーズ（駅間走行中）,力行（加速）中,5.0,ブレーキ（減速）,1.0,70.0,70.0,41.05,70.0,546.0,31.0,82.42463933034992,0.0,6.1,この先制限速度なし,355m先に上り勾配9.2‰あり,前方546.3m先を0.0km/h,後続列車なし,5.0,1.0,未発車,70.0,70.0,normal,0.0,ブレーキ後すぐに力行へ切替え、保持時間が7秒未満で合理的理由がなくノコギリ運転と判定され、reward上限が0.0となった。
24.0,Train11,巡航フェーズ（駅間走行中）,ブレーキ（減速）中,1.0,惰行,1.0,70.0,70.0,10.01,70.0,2107.7,71.0,5.529959494594708,0.0,-2.1,この先制限速度なし,317m先に下り勾配6.7‰あり,前方1269.7m先を62.4km/h,後続列車なし,0.0,104.0,未発車,70.0,70.0,normal,0.0,持続1秒未満のブレーキ切替に合理的根拠がなくノコギリ運転と判定され、reward上限が0.0点となった。
43.0,Train11,巡航フェーズ（駅間走行中）,力行（加速）中,6.0,惰行,1.0,70.0,70.0,52.39,67.2,1778.0,111.0,158.4901647806927,0.0,-6.7,この先制限速度なし,この先目立った勾配なし,前方1672.4m先を31.5km/h,後続列車なし,0.0,55.0,未発車,100.0,67.2,normal,0.0,直前の惰行から6秒未満の力行への切替に合理的理由がなく、ノコギリ運転と判定され上限rewardが0.0となった。
145.0,Train11,巡航フェーズ（駅間走行中）,力行（加速）中,1.0,惰行,1.0,70.0,70.0,34.38,70.0,796.0,33.0,53.713539450687506,0.0,12.5,この先制限速度なし,この先目立った勾配なし,前方799.8m先を7.9km/h,後続列車なし,0.0,0.0,発車済み,70.0,70.0,normal,0.0,直前の惰行から1秒で力行へ切替し、保持時間が7秒未満で合理的理由がなくノコギリ運転と判定され、reward上限が0.0点となった。
152.99999999999932,Train11,次駅への減速フェーズ（駅手前400m以内）,ブレーキ（減速）中,1.0999999999999999,惰行,0.1,70.0,0.0,14.77,0.0,0.0,25.0,11.678264181990688,0.0,0.0,この先制限速度なし,この先目立った勾配なし,前方0.0m先を0.0km/h,後続列車なし,0.0,25.0,未発車,20.0,0.0,normal,0.0,CBTC信号0km/hに対し速度14.8km/hでdelta_stopが-11.68mとオーバーランが確実であり、即時0点規則が適用される。
52.0,Train11,巡航フェーズ（駅間走行中）,力行（加速）中,9.0,ブレーキ（減速）,8.0,70.0,70.0,38.42,70.0,1783.9,46.0,85.98779426400361,0.0,-6.7,この先制限速度なし,この先目立った勾配なし,前方997.9m先を62.8km/h,後続列車なし,5.0,116.0,未発車,50.0,50.5,anti_mid_stop,1.0,先行列車が塞いでいる駅間停車防止モードで、現在速度はtarget_speed_no_stop未満で加速中。制限速度・CBTC遵守、過加速なし、ノコギリ運転もなく適切な操作と判断した。
64.0,Train11,巡航フェーズ（駅間走行中）,力行（加速）中,15.0,ブレーキ（減速）,8.0,70.0,70.0,42.38,70.0,1657.0,75.0,104.38428014745048,0.0,-6.7,この先制限速度なし,この先目立った勾配なし,前方1396.6m先を47.9km/h,後続列車なし,5.0,84.0,未発車,70.0,69.7,normal,0.9,制限速度・CBTCを遵守し、先行列車との間隔も安全域にあり、required_speed 未達のため加速（力行）を継続している点が適切と判断した。
52.0,Train11,巡航フェーズ（駅間走行中）,ブレーキ（減速）中,5.0,力行（加速）,13.0,70.0,70.0,36.88,70.0,1804.1,20.0,74.24318010090602,0.0,-2.1,この先制限速度なし,14m先に下り勾配6.7‰あり,前方581.1m先を63.5km/h,後続列車なし,0.0,126.0,未発車,20.0,55.6,anti_mid_stop,0.2,先行が塞ぎ駅間停車防止モードで、現在速度がtarget_speed_no_stop 55.6km/hを約19km/h下回りブレーキしているため遅延リスクとエネルギー浪費が大きく評価を下げ、reward 0.2とする。
12.0,Train11,駅出発直後の加速フェーズ（20秒以内）,力行（加速）中,9.0,ブレーキ（減速）,1.0,70.0,70.0,25.36,70.0,2135.1,105.0,35.297452484260866,0.0,-2.1,この先制限速度なし,345m先に下り勾配6.7‰あり,前方1609.4m先を61.0km/h,後続列車なし,0.0,86.0,未発車,100.0,70.0,normal,1.0,加速フェーズでrequired_speed未達だが力行を継続し、制限速度・CBTC信号を遵守、不要なブレーキもなく適切な加速と判断したため高評価。
20.0,Train11,駅出発直後の加速フェーズ（20秒以内）,ブレーキ（減速）中,5.0,力行（加速）,16.0,70.0,63.8,24.39,70.0,2056.7,20.0,32.662259753251625,0.0,-2.1,この先制限速度なし,266m先に下り勾配6.7‰あり,前方266.0m先を48.8km/h,後続列車なし,0.0,0.0,,20.0,70.0,normal,0.3,加速フェーズで不要なブレーキを行い、定時到着が遅れエネルギー無駄になるため評価を低くし、0.3とした。
82.0,Train11,巡航フェーズ（駅間走行中）,惰行中,1.0,力行（加速）,1.0,70.0,70.0,67.4,70.0,1139.8,42.0,236.40601754008608,0.0,0.0,この先制限速度なし,149m先に上り勾配12.5‰あり,前方697.4m先を58.9km/h,後続列車なし,0.0,111.0,未発車,35.0,42.6,anti_mid_stop,0.9,先行列車が塞いでいるため駅間停車防止モード。target_speed_no_stop以下で惰行し速度を落とす操作は適切で、即時安全違反はなく高評価とした。
104.0,Train11,巡航フェーズ（駅間走行中）,力行（加速）中,2.0,ブレーキ（減速）,1.0,70.0,70.0,61.88,70.0,652.5,29.0,200.06010664607157,0.0,0.0,この先制限速度なし,62m先に上り勾配6.1‰あり,前方321.1m先を54.2km/h,後続列車なし,0.0,104.0,未発車,20.0,26.8,anti_mid_stop,0.0,現在速度がtarget_speed_no_stop(26.8km/h)を大幅に上回り、前後列車間隔を縮めて過剰加速かつノコギリ運転と判定されたためrewardは0.0とする。
169.79999999999927,Train11,次駅への減速フェーズ（駅手前400m以内）,力行（加速）中,0.1,ブレーキ（減速）,3.800000000000002,70.0,0.0,9.0,9.0,3.6,10.2,3.859984011879678,0.0,9.2,この先制限速度なし,この先目立った勾配なし,前方25.1m先を18.0km/h,後続列車なし,5.0,0.0,発車済み,70.0,9.0,normal,0.0,CBTC信号0km/hを超えて加速しており、即reward0.0ルールに該当するため評価は0.0となる。
92.0,Train11,巡航フェーズ（駅間走行中）,力行（加速）中,1.0,惰行,1.0,70.0,70.0,44.05,70.0,1318.4,19.0,102.52657354207429,0.0,0.0,この先制限速度なし,328m先に上り勾配12.5‰あり,前方707.1m先を62.1km/h,後続列車なし,5.0,121.0,未発車,20.0,45.9,anti_mid_stop,0.9,駅間停車防止モードでtarget_speed_no_stop未満の速度で合理的に加速しており、速度上限・信号違反なし、適切な操作のため高評価。
172.69999999999956,Train11,次駅への減速フェーズ（駅手前400m以内）,ブレーキ（減速）中,0.4,力行（加速）,0.1,70.0,70.0,26.49,26.5,29.4,7.3,33.25755615171488,0.0,9.2,この先制限速度なし,この先目立った勾配なし,前方684.2m先を47.9km/h,後続列車なし,0.0,0.0,,50.0,26.5,normal,0.9,ブレーキが適切に作動し、delta_stopが-3.86mで許容範囲内（|delta_stop|≤5m）であるため高評価。
222.0,Train11,巡航フェーズ（駅間走行中）,力行（加速）中,9.0,ブレーキ（減速）,8.0,70.0,70.0,29.27,70.0,459.7,0.0,42.13139307119004,43.0,6.1,この先制限速度なし,269m先に上り勾配9.2‰あり,前方1900.7m先を63.0km/h,後続列車なし,0.0,0.0,発車済み,100.0,70.0,delay_recovery,0.8,遅延回復モードで必要速度未達だが、制限速度・CBTC遵守のもと加速操作は適切で安全上問題なく、ノコギリ運転等の減点要因はなし。
153.99999999999943,Train11,次駅への減速フェーズ（駅手前400m以内）,ブレーキ（減速）中,0.7,力行（加速）,0.1,70.0,0.0,20.48,20.5,0.2,24.0,19.921030998856043,0.0,9.2,この先制限速度なし,この先目立った勾配なし,前方0.6m先を0.0km/h,後続列車なし,10.0,34.0,未発車,50.0,1.0,anti_mid_stop,0.0,CBTC信号0km/hに対し20.5km/hで走行し、δ_stopが-19.72mでオーバーランが確実なため即0.0ルールが適用され、rewardは0.0となる。
87.0,Train11,巡航フェーズ（駅間走行中）,力行（加速）中,2.0,惰行,1.0,70.0,70.0,66.61,70.0,947.3,50.0,198.24732412119624,0.0,12.5,この先制限速度なし,この先目立った勾配なし,前方659.5m先を50.4km/h,後続列車なし,10.0,71.0,未発車,50.0,66.9,normal,1.0,巡航フェーズでrequired_speed未達だが、加速ノッチは必要速度に向けた適切な操作であり、制限・CBTC遵守、間隔・停止位置も問題なし。
203.59999999999945,Train11,次駅への減速フェーズ（駅手前400m以内）,力行（加速）中,0.1,ブレーキ（減速）,0.7,70.0,70.0,24.81,70.0,3.1,0.0,29.191077505644646,23.7,9.2,この先制限速度なし,この先目立った勾配なし,前方300.1m先を44.4km/h,後続列車なし,5.0,0.0,発車済み,50.0,70.0,normal,0.0,delta_stopが-26.09mでブレーキせずに力行しており、オーバーランが確実なため即時0点規則が適用されreward=0.0となる。
164.59999999999974,Train11,次駅への減速フェーズ（駅手前400m以内）,惰行中,0.4,力行（加速）,0.1,70.0,70.0,29.94,29.9,60.6,15.4,42.42749620999073,0.0,9.2,この先制限速度なし,この先目立った勾配なし,前方370.0m先を44.8km/h,後続列車なし,0.0,0.0,発車済み,70.0,29.9,normal,0.0,力行から惰行への短時間切替に合理的理由がなくノコギリ運転と判定され、reward上限が0.0点となった。
114.0,Train11,巡航フェーズ（駅間走行中）,力行（加速）中,11.0,惰行,8.0,70.0,70.0,50.33,70.0,968.3,66.0,114.25228352649826,0.0,12.5,この先制限速度なし,この先目立った勾配なし,前方1053.8m先を31.1km/h,後続列車なし,0.0,0.0,発車済み,100.0,70.0,normal,0.9,制限速度・CBTC内で、必要速度未達のための加速は適切で即時0点要因がなく、ノコギリ運転や間隔問題もなく高評価とした。
144.0,Train11,巡航フェーズ（駅間走行中）,力行（加速）中,3.0,惰行,1.0,70.0,70.0,44.78,70.0,639.5,21.0,105.90915790241301,0.0,0.0,この先制限速度なし,49m先に上り勾配6.1‰あり,前方608.2m先を17.1km/h,後続列車なし,10.0,59.0,未発車,20.0,38.4,anti_mid_stop,0.0,惰行→力行への切替が7秒未満で合理的根拠がなく、ノコギリ運転と判定しreward上限0.0とした。
36.0,Train11,巡航フェーズ（駅間走行中）,力行（加速）中,4.0,ブレーキ（減速）,1.0,70.0,70.0,49.63,70.0,1844.8,83.0,133.47320103788385,0.0,-2.1,この先制限速度なし,54m先に下り勾配6.7‰あり,前方1344.3m先を48.0km/h,後続列車なし,0.0,0.0,,100.0,70.0,normal,0.0,直前のブレーキ1秒から加速4秒への切替が7秒未満で合理的根拠がなく、ノコギリ運転と判定され上限rewardが0.0となった。
100.0,Train11,巡航フェーズ（駅間走行中）,惰行中,5.0,力行（加速）,8.0,70.0,70.0,56.3,70.0,1085.6,27.0,166.2330924626094,0.0,0.0,この先制限速度なし,95m先に上り勾配12.5‰あり,前方691.7m先を57.6km/h,後続列車なし,0.0,93.0,未発車,20.0,46.0,anti_mid_stop,0.5,先行列車が塞いでいる駅間停車防止モードで、現在速度がtarget_speed_no_stop(46km/h)を10km/h上回り機外停車リスクがあるため減点し、rewardを0.5とした。
85.0,Train11,巡航フェーズ（駅間走行中）,力行（加速）中,4.0,惰行,8.0,70.0,70.0,51.7,70.0,1373.1,76.0,140.59122752696686,0.0,0.0,この先制限速度なし,383m先に上り勾配12.5‰あり,前方1319.9m先を22.3km/h,後続列車なし,5.0,63.0,未発車,70.0,70.0,normal,1.0,巡航フェーズでrequired_speed未達だが加速中であり、制限速度・CBTC遵守、前方列車との間隔も十分で、ノコギリ運転条件を満たさないため高評価とする。
19.0,Train11,駅出発直後の加速フェーズ（20秒以内）,力行（加速）中,3.0,ブレーキ（減速）,3.0,70.0,70.0,14.28,70.0,2139.4,101.0,11.238988088718298,0.0,-2.1,この先制限速度なし,349m先に下り勾配6.7‰あり,前方1647.3m先を60.1km/h,後続列車なし,5.0,114.0,未発車,100.0,70.0,normal,0.2,ブレーキ3秒→力行3秒への切替に合理的根拠がなくノコギリ運転と判定され、reward上限0.2点に抑えられた。
12.0,Train11,駅出発直後の加速フェーズ（20秒以内）,力行（加速）中,13.0,ブレーキ（減速）,30.0,70.0,68.5,28.74,70.0,2124.9,26.0,45.26602444419625,0.0,-2.1,この先制限速度なし,334m先に下り勾配6.7‰あり,前方300.6m先を54.5km/h,後続列車なし,10.0,161.0,未発車,35.0,53.8,anti_mid_stop,1.0,先行列車が塞いでいるため駅間停車防止モード。target_speed_no_stop以下での加速は適切で、制限速度・CBTC順守、ノコギリ運転なしと評価しreward=1.0とする。
141.99999999999972,Train11,次駅への減速フェーズ（駅手前400m以内）,ブレーキ（減速）中,1.4000000000000001,惰行,0.1,70.0,0.0,34.29,34.3,37.0,21.0,55.55092115043682,0.0,9.2,この先制限速度なし,この先目立った勾配なし,前方0.0m先を19.7km/h,後続列車なし,10.0,76.0,未発車,20.0,10.6,anti_mid_stop,0.0,delta_stopが-18.55mで高速度域（34.3km/h）におけるブレーキ開始が遅く、駅停車位置が確保できず安全上重大な問題があるためreward=0.0とした。
146.19999999999987,Train11,次駅への減速フェーズ（駅手前400m以内）,ブレーキ（減速）中,0.7,惰行,0.1,70.0,18.0,39.13,39.1,64.9,31.8,72.18233948824547,0.0,9.2,この先制限速度なし,この先目立った勾配なし,前方65.3m先を0.0km/h,後続列車なし,10.0,41.8,未発車,50.0,14.0,anti_mid_stop,0.0,ブレーキ中にdelta_stopが-7.28mでオーバーランがほぼ確実と判定され、即0.0ルールが適用されたため。
181.89999999999955,Train11,次駅への減速フェーズ（駅手前400m以内）,ブレーキ（減速）中,0.30000000000000004,惰行,0.1,70.0,0.0,24.73,70.0,17.1,0.0,29.00397181571355,4.0,9.2,この先制限速度なし,この先目立った勾配なし,前方26.3m先を12.3km/h,後続列車なし,0.0,0.0,発車済み,20.0,70.0,normal,0.0,ブレーキ開始が遅くdelta_stopが-11.9mでオーバーランがほぼ確実なため即時0点とする。
117.0,Train11,巡航フェーズ（駅間走行中）,力行（加速）中,2.0,惰行,1.0,70.0,62.8,66.87,70.0,528.4,20.0,215.41291354484463,0.0,6.1,この先制限速度なし,338m先に上り勾配9.2‰あり,前方240.6m先を50.4km/h,後続列車なし,10.0,86.0,未発車,20.0,35.7,anti_mid_stop,0.0,CBTC信号62.8km/hを超える66.9km/hでブレーキせずに加速しており、即reward0.0ルールに該当するため評価は0.0とする。
23.0,Train11,巡航フェーズ（駅間走行中）,ブレーキ（減速）中,1.0,力行（加速）,1.0,70.0,66.5,18.05,70.0,2090.6,16.0,17.933062194183297,0.0,-2.1,この先制限速度なし,300m先に下り勾配6.7‰あり,前方281.6m先を55.3km/h,後続列車なし,5.0,160.0,未発車,20.0,53.1,anti_mid_stop,0.0,ブレーキへの短時間切替が不合理でtarget_speed_no_stopを大きく下回り、ノコギリ運転と判定されたためrewardは0.0とする。
198.99999999999966,Train11,次駅への減速フェーズ（駅手前400m以内）,惰行中,0.1,ブレーキ（減速）,0.2,70.0,48.5,32.16,70.0,28.1,0.0,48.90816132044228,19.1,9.2,この先制限速度なし,この先目立った勾配なし,前方160.3m先を35.9km/h,後続列車なし,0.0,0.0,発車済み,50.0,70.0,normal,0.0,delta_stopが-20.81mでブレーキせず惰行しているためオーバーランが確実で、即時0点とした。
125.0,Train11,次駅への減速フェーズ（駅手前400m以内）,力行（加速）中,16.0,ブレーキ（減速）,1.0,70.0,52.3,66.6,70.0,369.8,21.0,213.71607779089388,0.0,6.1,この先制限速度なし,179m先に上り勾配9.2‰あり,前方182.9m先を40.4km/h,後続列車なし,10.0,63.0,未発車,20.0,29.9,anti_mid_stop,0.0,CBTC信号速度52.3km/hを超える66.6km/hで加速し、ブレーキ未実施のため安全違反となり即0点。
219.59999999999945,Train11,次駅への減速フェーズ（駅手前400m以内）,力行（加速）中,1.9000000000000006,惰行,0.4,70.0,70.0,20.0,70.0,26.0,0.0,19.00119379224565,39.7,9.2,この先制限速度なし,この先目立った勾配なし,前方335.3m先を44.8km/h,後続列車なし,5.0,0.0,発車済み,35.0,70.0,delay_recovery,0.0,減速フェーズでの不適切な加速と、保持時間2秒未満のノコギリ運転によりreward上限が0.0となる。
204.6999999999994,Train11,次駅への減速フェーズ（駅手前400m以内）,ブレーキ（減速）中,0.9999999999999999,惰行,0.2,70.0,0.0,17.6,70.0,14.9,0.0,14.725844014286606,26.8,9.2,この先制限速度なし,この先目立った勾配なし,前方15.3m先を0.0km/h,後続列車なし,10.0,13.3,未発車,20.0,6.7,anti_mid_stop,0.9,ブレーキで適切に減速し、delta_stopが0.17mと許容範囲内、CBTC信号0に従っているため高評価。
63.0,Train11,巡航フェーズ（駅間走行中）,力行（加速）中,13.0,惰行,1.0,70.0,68.8,62.92,70.0,1501.4,10.0,206.69046086375374,0.0,0.0,この先制限速度なし,この先目立った勾配なし,前方295.9m先を63.2km/h,後続列車なし,10.0,140.0,未発車,20.0,47.4,anti_mid_stop,0.2,先行が塞ぎ駅間停車防止モードで、target_speed_no_stop 47.4km/h を超える62.9km/h の力行は機外停車リスクを招くため大幅減点し0.2とする。
181.0,Train11,巡航フェーズ（駅間走行中）,力行（加速）中,17.0,ブレーキ（減速）,8.0,70.0,70.0,40.28,70.0,437.1,0.0,79.39176562275175,2.0,6.1,この先制限速度なし,247m先に上り勾配9.2‰あり,前方464.9m先を20.1km/h,後続列車なし,10.0,0.0,発車済み,50.0,70.0,normal,1.0,巡航フェーズでrequired_speed未達だが加速中であり、制限速度・CBTCを遵守、ノコギリ運転や間隔問題もなく、適切な力行と判断したため最高評価。
148.1999999999996,Train11,次駅への減速フェーズ（駅手前400m以内）,ブレーキ（減速）中,1.4000000000000001,惰行,0.1,70.0,0.0,23.95,23.9,25.6,26.8,27.21087458975557,0.0,9.2,この先制限速度なし,この先目立った勾配なし,前方22.9m先を5.3km/h,後続列車なし,5.0,49.8,未発車,20.0,8.8,anti_mid_stop,0.9,次駅減速フェーズでCBTC0km/hに従いブレーキ中、delta_stop‑1.61mは許容範囲内、先行列車との距離安全、ノコギリ運転なし、全項目安全・適正のため高評価。
167.0,Train11,巡航フェーズ（駅間走行中）,力行（加速）中,3.0,ブレーキ（減速）,8.0,70.0,70.0,23.9,70.0,566.0,11.0,28.149424727803698,0.0,6.1,この先制限速度なし,375m先に上り勾配9.2‰あり,前方566.4m先を0.0km/h,後続列車なし,10.0,6.0,未発車,50.0,70.0,normal,1.0,巡航フェーズでrequired_speed未達だが、加速は制限速度・CBTC範囲内で適切に行われ、速度超過・ノコギリ運転・間隔問題等の違反がなく、最高評価とした。
43.0,Train11,巡航フェーズ（駅間走行中）,力行（加速）中,23.0,惰行,1.0,70.0,70.0,58.66,70.0,1735.1,63.0,197.80943837388665,0.0,-6.7,この先制限速度なし,この先目立った勾配なし,前方1054.4m先を63.0km/h,後続列車なし,10.0,95.0,未発車,70.0,64.4,anti_mid_stop,0.9,先行列車が塞いでいるため駅間停車防止モードで、現在速度はtarget_speed_no_stop未満で加速中。制限速度・CBTC遵守、間隔適正、ノコギリ運転なしと評価できる。
158.0,Train11,次駅への減速フェーズ（駅手前400m以内）,力行（加速）中,2.0,惰行,1.0,70.0,70.0,44.18,70.0,187.9,22.0,91.79101107353146,0.0,9.2,この先制限速度なし,この先目立った勾配なし,前方744.4m先を51.6km/h,後続列車なし,5.0,0.0,発車済み,100.0,70.0,normal,0.0,加速と直前の惰行が7秒未満で切り替わり、合理的理由がなくノコギリ運転と判定され、reward上限が0.0点となった。
92.0,Train11,巡航フェーズ（駅間走行中）,ブレーキ（減速）中,1.0,惰行,1.0,70.0,70.0,51.05,70.0,1099.6,32.0,137.1334431390386,0.0,0.0,この先制限速度なし,109m先に上り勾配12.5‰あり,前方657.1m先を58.9km/h,後続列車なし,10.0,111.0,未発車,35.0,41.1,anti_mid_stop,0.9,先行列車が塞いで駅間停車防止モード。現在速度がtarget_speed_no_stopを上回っているが、ブレーキで速度を下げる操作は適切で、制限速度・CBTC遵守、ノコギリ運転なし、間隔も適切なため高評価。
13.0,Train11,駅出発直後の加速フェーズ（20秒以内）,力行（加速）中,14.0,ブレーキ（減速）,30.0,70.0,70.0,30.39,70.0,2116.7,40.0,50.57430128540498,0.0,-2.1,この先制限速度なし,326m先に下り勾配6.7‰あり,前方560.4m先を63.1km/h,後続列車なし,10.0,175.0,未発車,50.0,49.5,anti_mid_stop,0.9,先行列車が塞いで駅間停車防止モード。target_speed_no_stop未満で加速中であり、速度・CBTC制限遵守、ノコギリ運転なしと判断し高評価。
178.99999999999966,Train11,次駅への減速フェーズ（駅手前400m以内）,力行（加速）中,0.1,ブレーキ（減速）,2.800000000000001,70.0,70.0,27.2,70.0,37.7,1.0,35.05479034047013,0.0,9.2,この先制限速度なし,この先目立った勾配なし,前方913.5m先を57.5km/h,後続列車なし,5.0,0.0,発車済み,100.0,70.0,normal,0.3,次駅減速フェーズでdelta_stopが正で安全だが、直前のブレーキ→加速が不合理なノコギリ運転と判定され、reward上限が0.3に制限された。
100.0,Train11,巡航フェーズ（駅間走行中）,力行（加速）中,3.0,ブレーキ（減速）,1.0,70.0,70.0,63.76,70.0,851.2,34.0,181.96731276712163,0.0,12.5,この先制限速度なし,この先目立った勾配なし,前方534.7m先を52.9km/h,後続列車なし,10.0,73.0,未発車,35.0,61.8,anti_mid_stop,0.0,直前のブレーキから3秒の加速への切替が合理的根拠なく行われ、ノコギリ運転と判定されたためrewardは0.0とした。
209.69999999999945,Train11,次駅への減速フェーズ（駅手前400m以内）,惰行中,0.1,ブレーキ（減速）,0.2,70.0,55.9,27.3,70.0,3.6,0.0,35.31167145689012,29.8,9.2,この先制限速度なし,この先目立った勾配なし,前方195.9m先を39.9km/h,後続列車なし,5.0,0.0,発車済み,20.0,70.0,normal,0.0,delta_stop が -31.71m でブレーキ未実施、即時0点ルールに該当し安全上重大なオーバーランリスクがあるため reward=0.0 とする。
188.89999999999984,Train11,次駅への減速フェーズ（駅手前400m以内）,ブレーキ（減速）中,0.7999999999999999,力行（加速）,0.1,70.0,26.4,38.34,70.0,65.8,0.0,69.32256886712003,9.0,9.2,この先制限速度なし,この先目立った勾配なし,前方83.0m先を16.3km/h,後続列車なし,5.0,0.0,発車済み,35.0,70.0,normal,0.9,ブレーキで適切に減速し、delta_stopが±5m以内で安全に駅停車位置に近づいているため高評価とし、0.9点とする。
56.0,Train11,巡航フェーズ（駅間走行中）,力行（加速）中,10.0,ブレーキ（減速）,1.0,70.0,70.0,61.06,70.0,1538.8,73.0,194.9040641831972,0.0,0.0,この先制限速度なし,この先目立った勾配なし,前方1160.8m先を57.2km/h,後続列車なし,5.0,77.0,未発車,70.0,70.0,normal,1.0,巡航フェーズでrequired_speed未達だが加速中であり、制限速度・CBTC遵守、即時0点条件なし、ノコギリ運転でもなく間隔問題も無いため高評価。
62.0,Train11,巡航フェーズ（駅間走行中）,力行（加速）中,3.0,惰行,1.0,70.0,70.0,65.03,70.0,1463.4,75.0,220.4535183638142,0.0,0.0,この先制限速度なし,473m先に上り勾配12.5‰あり,前方1175.6m先を50.4km/h,後続列車なし,5.0,86.0,未発車,70.0,67.4,normal,0.9,巡航フェーズでrequired_speed未達だが加速中で合理的、制限速度・CBTC遵守、先行列車との間隔十分、ノコギリ運転なし。
2.0,Train11,駅出発直後の加速フェーズ（20秒以内）,力行（加速）中,3.0,ブレーキ（減速）,30.0,70.0,54.7,6.17,70.0,2176.2,26.0,2.1032483734342726,0.0,-2.1,この先制限速度なし,386m先に下り勾配6.7‰あり,前方211.7m先を46.2km/h,後続列車なし,10.0,186.0,未発車,35.0,48.5,anti_mid_stop,0.9,先行列車が塞いでいる駅間停車防止モードで、target_speed_no_stop以下の加速は適切で違反がないため高評価。
2.0,Train11,駅出発直後の加速フェーズ（20秒以内）,力行（加速）中,1.0,惰行,1.0,70.0,70.0,3.15,70.0,2176.7,46.0,0.5486174589889591,0.0,-2.1,この先制限速度なし,386m先に下り勾配6.7‰あり,前方515.1m先を62.7km/h,後続列車なし,5.0,166.0,未発車,50.0,53.7,anti_mid_stop,1.0,先行列車が塞いで駅間停車防止モード。target_speed_no_stop未満での加速は正当で、速度・信号・間隔すべて遵守しているため高評価。
177.49999999999923,Train11,次駅への減速フェーズ（駅手前400m以内）,惰行中,0.1,ブレーキ（減速）,3.2000000000000015,70.0,70.0,9.26,9.3,1.9,2.5,4.085962027294522,0.0,9.2,この先制限速度なし,この先目立った勾配なし,前方551.2m先を51.5km/h,後続列車なし,10.0,0.0,発車済み,100.0,9.3,normal,0.0,低速域でdelta_stopが-2.19mとオーバーランがほぼ確実で、即時0点ルールに該当するためreward=0.0。
189.7999999999999,Train11,次駅への減速フェーズ（駅手前400m以内）,ブレーキ（減速）中,0.30000000000000004,惰行,0.1,70.0,70.0,42.76,70.0,70.7,0.0,86.04601020393264,9.9,9.2,この先制限速度なし,この先目立った勾配なし,前方726.8m先を53.8km/h,後続列車なし,0.0,0.0,発車済み,100.0,70.0,normal,0.0,delta_stopが-15.35mでブレーキ中にも関わらずオーバーランが確実と判断され、即時0点ルールが適用されたため。
157.0,Train11,次駅への減速フェーズ（駅手前400m以内）,力行（加速）中,9.0,惰行,1.0,70.0,66.2,52.41,52.4,184.4,23.0,128.6116805925192,0.0,9.2,この先制限速度なし,この先目立った勾配なし,前方253.3m先を28.8km/h,後続列車なし,0.0,0.0,発車済み,70.0,52.4,normal,0.2,次駅減速フェーズで加速しており、停止位置への適切な減速が行われていないため評価を低くし、0.2とした。
5.0,Train11,駅出発直後の加速フェーズ（20秒以内）,ブレーキ（減速）中,1.0,力行（加速）,5.0,70.0,70.0,14.26,70.0,2167.6,60.0,11.20760290932472,0.0,-2.1,この先制限速度なし,377m先に下り勾配6.7‰あり,前方821.8m先を63.5km/h,後続列車なし,10.0,163.0,未発車,70.0,54.0,anti_mid_stop,0.2,先行が塞いで駅間停車防止モードであり、target_speed_no_stop 54km/h を大きく下回る不必要なブレーキと、合理的理由のない短時間の力行→ブレーキ切替がノコギリ運転と判定され、評価上限が低くなるため0.2とした。
110.0,Train11,巡航フェーズ（駅間走行中）,力行（加速）中,4.0,ブレーキ（減速）,1.0,70.0,70.0,51.08,70.0,961.0,68.0,117.63626593916162,0.0,12.5,この先制限速度なし,この先目立った勾配なし,前方961.3m先を0.0km/h,後続列車なし,5.0,38.0,未発車,70.0,70.0,normal,0.0,直前のブレーキから7秒未満で力行へ切替し、合理的理由がないためノコギリ運転と判定し、上限0.0点となった。
66.0,Train11,巡航フェーズ（駅間走行中）,ブレーキ（減速）中,7.0,惰行,3.0,70.0,70.0,37.88,70.0,1606.5,75.0,76.06898423120441,0.0,0.0,この先制限速度なし,この先目立った勾配なし,前方1371.9m先を45.4km/h,後続列車なし,5.0,97.0,未発車,70.0,66.8,anti_mid_stop,0.1,駅間停車防止モードでtarget_speed_no_stop66.8km/hを大きく下回る37.9km/hでブレーキを続け、過度な低速走行とエネルギー浪費となるため0.1とした。
94.0,Train11,巡航フェーズ（駅間走行中）,力行（加速）中,40.0,ブレーキ（減速）,8.0,70.0,70.0,64.16,70.0,1042.6,61.0,214.72835320871647,0.0,0.0,この先制限速度なし,52m先に上り勾配12.5‰あり,前方945.6m先を30.2km/h,後続列車なし,0.0,54.0,未発車,50.0,70.0,normal,0.3,前走で8秒間の不要なブレーキ後に加速に切り替えたため、巡航フェーズでの自ら減速後再力行と判定され減点対象となった。
64.0,Train11,巡航フェーズ（駅間走行中）,力行（加速）中,6.0,ブレーキ（減速）,1.0,70.0,70.0,64.98,70.0,1388.6,49.0,220.1225772731097,0.0,0.0,この先制限速度なし,398m先に上り勾配12.5‰あり,前方811.7m先を61.5km/h,後続列車なし,5.0,89.0,未発車,50.0,61.5,anti_mid_stop,0.0,直前のブレーキから6秒未満の力行への切替に合理的根拠がなく、ノコギリ運転と判定され、reward上限が0点に設定されたため0.0とした。
216.9999999999996,Train11,次駅への減速フェーズ（駅手前400m以内）,ブレーキ（減速）中,5.699999999999996,力行（加速）,8.399999999999995,70.0,70.0,17.98,70.0,38.9,0.0,15.366769555092302,37.1,9.2,この先制限速度なし,この先目立った勾配なし,前方316.3m先を43.7km/h,後続列車なし,5.0,0.0,発車済み,35.0,70.0,delay_recovery,0.3,delta_stopが+23.5mと大きく正の誤差があり、早すぎるブレーキで停車位置が手前になるため評価を低くし0.3とした。
2.0,Train11,駅出発直後の加速フェーズ（20秒以内）,力行（加速）中,3.0,ブレーキ（減速）,30.0,70.0,65.4,6.17,70.0,2176.2,30.0,2.1032483734342726,0.0,-2.1,この先制限速度なし,386m先に下り勾配6.7‰あり,前方278.9m先を50.6km/h,後続列車なし,5.0,196.0,未発車,35.0,46.3,anti_mid_stop,1.0,先行列車が塞いでいるため駅間停車防止モード。現在はtarget_speed_no_stop(46.3km/h)未満で加速中であり、上限超過やノコギリ運転はなく安全かつ省エネと判断した。
156.49999999999946,Train11,次駅への減速フェーズ（駅手前400m以内）,ブレーキ（減速）中,0.5,力行（加速）,0.1,70.0,0.0,19.88,19.9,3.8,21.5,18.774604145819165,0.0,9.2,この先制限速度なし,この先目立った勾配なし,前方4.2m先を0.0km/h,後続列車なし,10.0,46.5,未発車,35.0,3.4,anti_mid_stop,0.0,delta_stopが-14.97mでブレーキ中でもオーバーランがほぼ確実と判定され、即0点ルールが適用されたため。
190.0,Train11,次駅への減速フェーズ（駅手前400m以内）,ブレーキ（減速）中,1.0,力行（加速）,16.0,70.0,70.0,39.47,70.0,386.0,0.0,76.26112020004892,11.0,6.1,この先制限速度なし,196m先に上り勾配9.2‰あり,前方1358.7m先を58.8km/h,後続列車なし,10.0,0.0,発車済み,100.0,70.0,normal,0.4,次駅減速フェーズで必要速度70km/hに対し39.5km/hで早期ブレーキし、遅延とエネルギー無駄が生じたため減点。
112.0,Train11,巡航フェーズ（駅間走行中）,力行（加速）中,1.0,惰行,8.0,70.0,70.0,18.3,70.0,1432.5,66.0,17.905877759319377,0.0,0.0,この先制限速度なし,442m先に上り勾配12.5‰あり,前方1432.9m先を0.0km/h,後続列車なし,5.0,21.0,未発車,100.0,70.0,normal,0.3,required_speed 70km/hに対し現在18.3km/hの低速巡航で、先行列車は遠く衝突リスクなし。低速が続くと遅延が拡大し定時性が損なわれるため減点。
133.0,Train11,巡航フェーズ（駅間走行中）,惰行中,1.0,ブレーキ（減速）,1.0,70.0,70.0,35.24,70.0,733.2,45.0,65.92302702573464,0.0,0.0,この先制限速度なし,143m先に上り勾配6.1‰あり,前方733.5m先を0.0km/h,後続列車なし,0.0,30.0,未発車,35.0,70.0,normal,0.0,巡航フェーズでrequired_speed 70km/hに対し35.2km/hの惰行は遅延運転であり、保持時間が7秒未満の逆転操作でノコギリ運転と判定され上限0.0点となる。
163.19999999999965,Train11,次駅への減速フェーズ（駅手前400m以内）,惰行中,0.30000000000000004,力行（加速）,0.1,70.0,50.7,29.34,29.3,46.0,16.8,40.753792385626845,0.0,9.2,この先制限速度なし,この先目立った勾配なし,前方170.3m先を35.2km/h,後続列車なし,0.0,0.0,発車済み,70.0,29.3,normal,0.0,加速からすぐ惰行への切替が合理的理由なく行われ、保持時間が7秒未満でノコギリ運転と判定され、reward上限が0.0となった。
36.0,Train11,巡航フェーズ（駅間走行中）,力行（加速）中,1.0,ブレーキ（減速）,8.0,70.0,53.1,24.74,70.0,1881.5,10.0,33.601469483451226,0.0,-2.1,この先制限速度なし,91m先に下り勾配6.7‰あり,前方202.7m先を61.9km/h,後続列車なし,10.0,152.0,未発車,20.0,49.4,anti_mid_stop,0.8,先行列車が塞いでいるため駅間停車防止モード。current_speed が target_speed_no_stop 以下で加速しており安全だが、先行列車との間隔が狭く間隔維持が不十分なため若干減点し0.8とする。
108.0,Train11,巡航フェーズ（駅間走行中）,力行（加速）中,6.0,惰行,1.0,70.0,70.0,60.33,70.0,703.1,36.0,190.3673157436847,0.0,0.0,この先制限速度なし,113m先に上り勾配6.1‰あり,前方493.0m先を42.9km/h,後続列車なし,10.0,95.0,未発車,35.0,30.2,anti_mid_stop,0.0,現在の力行が6秒で切り替え、直前の惰行1秒からの逆転で合理的根拠がなく、ノコギリ運転と判定され、reward上限が0.0となった。
166.19999999999987,Train11,次駅への減速フェーズ（駅手前400m以内）,力行（加速）中,0.1,惰行,0.30000000000000004,70.0,70.0,32.76,70.0,78.7,13.8,50.73734914256381,0.0,9.2,この先制限速度なし,この先目立った勾配なし,前方1314.4m先を48.0km/h,後続列車なし,0.0,0.0,,100.0,70.0,normal,0.0,減速フェーズで加速し、保持時間が7秒未満のノコギリ運転と判定されたためreward上限が0.0となり0.0点とした。
207.39999999999964,Train11,次駅への減速フェーズ（駅手前400m以内）,ブレーキ（減速）中,0.2,惰行,0.1,70.0,0.0,29.85,70.0,33.8,0.0,42.17432628559065,29.5,9.2,この先制限速度なし,この先目立った勾配なし,前方34.4m先を1.1km/h,後続列車なし,0.0,0.6,未発車,20.0,11.4,anti_mid_stop,0.0,ブレーキ中にもかかわらずdelta_stopが-8.37mでオーバーランが確実と判定され、即reward0.0ルールに該当するため0.0とした。
212.79999999999984,Train11,次駅への減速フェーズ（駅手前400m以内）,ブレーキ（減速）中,0.2,力行（加速）,0.30000000000000004,70.0,70.0,36.11,70.0,66.1,0.0,61.55514710400889,32.9,9.2,この先制限速度なし,この先目立った勾配なし,前方481.4m先を48.1km/h,後続列車なし,5.0,0.0,発車済み,35.0,70.0,delay_recovery,0.9,次駅減速フェーズでブレーキが適切に作動し、delta_stopが4.54mで許容範囲内、速度・CBTC遵守、ノコギリ運転なし、間隔も適正のため高評価。
172.09999999999954,Train11,次駅への減速フェーズ（駅手前400m以内）,力行（加速）中,0.1,ブレーキ（減速）,0.5,70.0,25.2,32.03,32.0,10.4,7.9,48.51618694241876,0.0,9.2,この先制限速度なし,この先目立った勾配なし,前方80.0m先を28.9km/h,後続列車なし,0.0,0.0,発車済み,70.0,32.0,normal,0.0,CBTC信号速度25.2km/hを超えてブレーキせずに力行したため、安全違反とみなし即時0点とした。
197.99999999999937,Train11,次駅への減速フェーズ（駅手前400m以内）,ブレーキ（減速）中,0.4,惰行,0.1,70.0,0.0,20.25,70.0,6.5,0.0,19.477585097007,20.1,9.2,この先制限速度なし,この先目立った勾配なし,前方6.9m先を0.0km/h,後続列車なし,10.0,5.0,未発車,20.0,4.4,anti_mid_stop,0.0,delta_stopが-12.98mでブレーキ中でもオーバーランが確実と判断され、即時0点ルールが適用されるためreward=0.0。
148.59999999999962,Train11,次駅への減速フェーズ（駅手前400m以内）,ブレーキ（減速）中,0.7999999999999999,力行（加速）,0.1,70.0,70.0,30.31,30.3,19.3,31.4,43.4761412946725,0.0,9.2,この先制限速度なし,この先目立った勾配なし,前方353.5m先を48.0km/h,後続列車なし,0.0,0.0,,50.0,30.3,normal,0.0,delta_stop が -24.18 m と大きく負で、ブレーキ中でもオーバーランがほぼ確実と判断され即時0点ルールが適用されたため reward=0.0。
59.0,Train11,巡航フェーズ（駅間走行中）,ブレーキ（減速）中,1.0,力行（加速）,21.0,70.0,70.0,61.04,70.0,1552.8,15.0,194.7790990389137,0.0,0.0,この先制限速度なし,この先目立った勾配なし,前方364.9m先を63.0km/h,後続列車なし,5.0,124.0,未発車,20.0,53.2,anti_mid_stop,0.9,先行列車が塞いでいるため駅間停車防止モード。現在速度は target_speed_no_stop の上限付近であり、ブレーキで速度を下げようとしているので適切。
165.2999999999993,Train11,次駅への減速フェーズ（駅手前400m以内）,ブレーキ（減速）中,0.5,惰行,0.1,70.0,32.6,8.31,8.3,3.1,14.7,3.2913657233910465,0.0,9.2,この先制限速度なし,この先目立った勾配なし,前方100.1m先を32.4km/h,後続列車なし,0.0,0.0,発車済み,50.0,8.3,normal,1.0,次駅減速フェーズでブレーキが適切にかかり、delta_stop が許容範囲内（|‑0.19m|≤1m）で安全に停止でき、前方列車との間隔も適切なため高評価。
67.0,Train11,巡航フェーズ（駅間走行中）,力行（加速）中,21.0,ブレーキ（減速）,1.0,70.0,70.0,66.77,70.0,1343.2,76.0,232.114777040339,0.0,0.0,この先制限速度なし,353m先に上り勾配12.5‰あり,前方1121.1m先を44.2km/h,後続列車なし,5.0,66.0,未発車,70.0,70.0,normal,1.0,制限速度・CBTC遵守、必要速度未達で加速中、先行列車は十分離れており間隔適正、即時安全違反なし、ノコギリ運転なしのため高評価。
155.09999999999994,Train11,次駅への減速フェーズ（駅手前400m以内）,惰行中,0.4,ブレーキ（減速）,0.1,70.0,33.5,39.61,39.6,81.3,24.9,73.94746597706693,0.0,9.2,この先制限速度なし,この先目立った勾配なし,前方102.9m先を47.6km/h,後続列車なし,0.0,0.0,,20.0,39.6,normal,0.0,CBTC信号速度33.5km/hを超える39.6km/hでブレーキせず走行しているため即時0点ルールが適用され、rewardは0.0となる。
14.0,Train11,駅出発直後の加速フェーズ（20秒以内）,力行（加速）中,15.0,ブレーキ（減速）,30.0,70.0,32.0,31.96,70.0,2108.0,10.0,55.89315744601786,0.0,-2.1,この先制限速度なし,318m先に下り勾配6.7‰あり,前方106.1m先を43.5km/h,後続列車なし,10.0,189.0,未発車,20.0,46.2,anti_mid_stop,1.0,先行列車が塞いでいるため駅間停車防止モードと判定し、target_speed_no_stop以下で加速して安全かつ効率的な操作と評価した。
118.0,Train11,巡航フェーズ（駅間走行中）,力行（加速）中,3.0,惰行,1.0,70.0,70.0,43.07,70.0,1117.0,26.0,98.06910460260389,0.0,0.0,この先制限速度なし,126m先に上り勾配12.5‰あり,前方906.9m先を42.9km/h,後続列車なし,5.0,65.0,未発車,20.0,63.5,anti_mid_stop,1.0,先行列車が塞いでいるため駅間停車防止モード。target_speed_no_stop未満での加速は適切で、制限速度・CBTC遵守、ノコギリ運転なしと評価し高評価とした。
2.0,Train11,駅出発直後の加速フェーズ（20秒以内）,力行（加速）中,3.0,ブレーキ（減速）,30.0,70.0,70.0,6.17,70.0,2176.2,41.0,2.1032483734342726,0.0,-2.1,この先制限速度なし,386m先に下り勾配6.7‰あり,前方430.4m先を58.6km/h,後続列車なし,10.0,186.0,未発車,50.0,48.5,anti_mid_stop,1.0,先行列車が塞いでいるため駅間停車防止モード。現在は加速中で速度は上限未超過、CBTC・制限速度遵守、ノコギリ運転なしで評価が高く、0.0ルールも該当しない。
157.0,Train11,次駅への減速フェーズ（駅手前400m以内）,惰行中,2.0,ブレーキ（減速）,1.0,70.0,51.8,53.31,53.3,175.2,21.0,132.9994329482668,0.0,9.2,この先制限速度なし,この先目立った勾配なし,前方175.5m先を0.5km/h,後続列車なし,10.0,61.0,未発車,20.0,23.3,anti_mid_stop,0.0,CBTC信号速度を超えてブレーキせず惰行しているため即0点とし、他項目は評価に影響しない。
101.0,Train11,巡航フェーズ（駅間走行中）,ブレーキ（減速）中,2.0,力行（加速）,5.0,70.0,70.0,55.79,63.0,1070.0,77.0,163.28953488541836,0.0,0.0,この先制限速度なし,79m先に上り勾配12.5‰あり,前方1070.3m先を0.0km/h,後続列車なし,0.0,57.0,未発車,70.0,63.0,normal,0.2,巡航フェーズでrequired_speed未達のまま不要なブレーキを行い、5秒未満のノコギリ運転となっているため上限0.3点に抑え0.2とした。
158.0,Train11,次駅への減速フェーズ（駅手前400m以内）,力行（加速）中,6.0,惰行,1.0,70.0,70.0,49.31,70.0,399.6,20.0,118.41451478303354,0.0,6.1,この先制限速度なし,209m先に上り勾配9.2‰あり,前方400.0m先を0.0km/h,後続列車なし,10.0,15.0,未発車,35.0,70.0,normal,0.0,持続時間が7秒未満の力行→惰行逆転でノコギリ運転と判定され、reward上限が0.0点となった。
202.09999999999948,Train11,次駅への減速フェーズ（駅手前400m以内）,力行（加速）中,0.2,ブレーキ（減速）,0.2,70.0,70.0,28.08,0.0,0.0,0.0,41.99568669043466,22.2,0.0,この先制限速度なし,この先目立った勾配なし,前方1087.1m先を62.4km/h,後続列車なし,0.0,0.0,発車済み,100.0,0.0,normal,0.0,delta_stopが-42mでオーバーランが確実、減速フェーズで加速しているため即時0点とする。
115.0,Train11,巡航フェーズ（駅間走行中）,力行（加速）中,1.0,惰行,10.0,70.0,70.0,56.23,56.2,535.2,62.0,153.36282106816765,0.0,6.1,この先制限速度なし,345m先に上り勾配9.2‰あり,前方534.6m先を3.0km/h,後続列車なし,0.0,48.0,未発車,50.0,43.3,anti_mid_stop,0.2,先行が塞いでいる駅間停車防止モードで、target_speed_no_stop 43.3km/h を超えて力行し間隔も不適切なため過加速と判断し0.2とした。
58.0,Train11,巡航フェーズ（駅間走行中）,力行（加速）中,2.0,惰行,1.0,70.0,70.0,60.9,70.0,1593.0,67.0,193.9054002305553,0.0,0.0,この先制限速度なし,この先目立った勾配なし,前方1166.9m先を58.4km/h,後続列車なし,10.0,110.0,未発車,70.0,59.8,anti_mid_stop,0.0,先行列車が塞ぎ駅間停車防止モードで、target_speed_no_stopを超える力行は不適切かつ、2秒未満の力行↔惰行が合理的理由なくノコギリ運転と判定され、reward上限が0.0点となった。
174.0,Train11,巡航フェーズ（駅間走行中）,惰行中,7.0,力行（加速）,6.0,70.0,70.0,25.18,70.0,418.9,4.0,31.230289013828173,0.0,6.1,この先制限速度なし,228m先に上り勾配9.2‰あり,前方419.3m先を0.0km/h,後続列車なし,0.0,19.0,未発車,35.0,65.6,normal,0.1,巡航フェーズでrequired_speed 70km/hに対し25.2km/hと大幅に遅く、先行列車がいないにも関わらず必要速度を大きく下回るちんたら運転と判定したため。
196.09999999999965,Train11,次駅への減速フェーズ（駅手前400m以内）,ブレーキ（減速）中,0.1,力行（加速）,0.2,70.0,70.0,30.41,70.0,30.7,0.0,43.761721828618995,16.2,9.2,この先制限速度なし,この先目立った勾配なし,前方706.3m先を54.1km/h,後続列車なし,5.0,0.0,発車済み,70.0,70.0,normal,0.0,delta_stopが-13.06mでブレーキ中にも関わらず停止位置が大幅に手前にあり、即時0点ルールに該当するためreward=0.0
66.0,Train11,巡航フェーズ（駅間走行中）,力行（加速）中,1.0,惰行,1.0,70.0,70.0,53.65,60.7,1428.7,106.0,151.21120363272058,0.0,0.0,この先制限速度なし,438m先に上り勾配12.5‰あり,前方1421.9m先を8.1km/h,後続列車なし,5.0,37.0,未発車,100.0,60.7,normal,0.0,惰行から1秒で力行への切替が保持時間7秒未満で合理的理由がなくノコギリ運転と判定され、reward上限が0.0となった。
152.0,Train11,巡航フェーズ（駅間走行中）,ブレーキ（減速）中,3.0,力行（加速）,19.0,70.0,70.0,34.25,70.0,648.8,28.0,62.30127302700817,0.0,0.0,この先制限速度なし,58m先に上り勾配6.1‰あり,前方1053.4m先を47.8km/h,後続列車なし,10.0,0.0,発車済み,100.0,70.0,normal,0.2,巡航フェーズでrequired_speed70km/hに対し34.2km/hでブレーキを継続し、遅延リスクとエネルギー浪費が顕著なため0.2とした。
161.19999999999936,Train11,次駅への減速フェーズ（駅手前400m以内）,ブレーキ（減速）中,0.8999999999999999,惰行,0.1,70.0,60.3,15.15,15.2,10.3,18.8,10.919484126956386,0.0,9.2,この先制限速度なし,この先目立った勾配なし,前方219.5m先を40.8km/h,後続列車なし,5.0,0.0,発車済み,70.0,15.2,normal,0.9,現在は次駅減速フェーズでブレーキを適切に掛けており、delta_stop が -0.62 m と許容範囲内。速度は制限・CBTC いずれも遵守、先行列車との間隔も安全、ノコギリ運転の根拠もなく評価は高くなる。
202.69999999999882,Train11,次駅への減速フェーズ（駅手前400m以内）,ブレーキ（減速）中,1.2,惰行,0.1,70.0,39.7,4.73,70.0,4.7,0.0,1.0672193194053379,22.8,9.2,この先制限速度なし,この先目立った勾配なし,前方124.2m先を34.7km/h,後続列車なし,5.0,0.0,発車済み,20.0,70.0,normal,0.5,低速で駅手前にブレーキしているが、delta_stop が 3.6 m と許容範囲を超えており、停止位置がややずれたため減点。
159.0,Train11,巡航フェーズ（駅間走行中）,力行（加速）中,3.0,惰行,1.0,70.0,70.0,37.39,70.0,567.9,19.0,68.50353687595315,0.0,6.1,この先制限速度なし,377m先に上り勾配9.2‰あり,前方568.2m先を0.0km/h,後続列車なし,5.0,9.0,未発車,35.0,70.0,normal,0.9,先行列車が遠く停止しているが十分な間隔があり、required_speed未達のため加速は正当で制限速度・CBTC遵守、ノコギリ運転なしと判断し高評価とした。
28.0,Train11,巡航フェーズ（駅間走行中）,力行（加速）中,8.0,ブレーキ（減速）,1.0,70.0,70.0,41.14,70.0,1981.2,21.0,92.17378020523567,0.0,-2.1,この先制限速度なし,191m先に下り勾配6.7‰あり,前方337.1m先を63.4km/h,後続列車なし,0.0,150.0,未発車,20.0,53.0,anti_mid_stop,1.0,先行列車が塞いでいるため駅間停車防止モードで、target_speed_no_stop 以下の加速は適切であり、速度・信号・間隔すべて遵守している。
102.0,Train11,巡航フェーズ（駅間走行中）,力行（加速）中,9.0,惰行,8.0,70.0,59.3,66.98,70.0,895.9,3.0,200.4090677251602,0.0,12.5,この先制限速度なし,この先目立った勾配なし,前方207.6m先を48.0km/h,後続列車なし,0.0,0.0,,20.0,70.0,normal,0.0,CBTC信号速度59.3km/hを超える67km/hでブレーキせずに加速しており、安全違反のため即座にrewardは0.0とする。
168.89999999999932,Train11,次駅への減速フェーズ（駅手前400m以内）,力行（加速）中,0.1,ブレーキ（減速）,0.7,70.0,55.7,14.28,14.3,11.4,11.1,9.703825977842595,0.0,9.2,この先制限速度なし,この先目立った勾配なし,前方195.0m先を39.4km/h,後続列車なし,0.0,0.0,発車済み,70.0,14.3,normal,0.0,次駅減速フェーズで14.3km/hの低速で力行し続け、ブレーキすべき場面で加速した上、持続0.1秒のノコギリ運転と判定されたためrewardは0.0となる。
23.0,Train11,巡航フェーズ（駅間走行中）,ブレーキ（減速）中,3.0,力行（加速）,2.0,70.0,70.0,24.63,70.0,2042.6,102.0,33.304873354328066,0.0,-2.1,この先制限速度なし,252m先に下り勾配6.7‰あり,前方1616.4m先を58.4km/h,後続列車なし,5.0,95.0,未発車,100.0,70.0,normal,0.0,先行列車が遠く必要速度70km/hに対し24.6km/hでブレーキ、力行→ブレーキの短時間切替がノコギリ運転と判定されreward上限0.0となる。
177.0,Train11,巡航フェーズ（駅間走行中）,力行（加速）中,7.0,惰行,8.0,70.0,70.0,47.8,70.0,417.6,1.0,111.36615034895443,0.0,6.1,この先制限速度なし,227m先に上り勾配9.2‰あり,前方418.0m先を0.0km/h,後続列車なし,10.0,26.0,未発車,35.0,49.5,anti_mid_stop,1.0,先行列車が停車しているため駅間停車防止モード。target_speed_no_stop以下で加速しており安全・遅延なしで適切な運転。
176.0,Train11,次駅への減速フェーズ（駅手前400m以内）,力行（加速）中,1.0,ブレーキ（減速）,1.0,70.0,70.0,37.24,70.0,306.5,4.0,67.95980323353145,0.0,6.1,この先制限速度なし,116m先に上り勾配9.2‰あり,前方459.1m先を37.5km/h,後続列車なし,5.0,0.0,発車済み,50.0,70.0,normal,0.0,減速フェーズで不適切に加速し、ブレーキ→力行のノコギリ運転が発生したため上限0.0点としreward=0.0とする。
36.0,Train11,巡航フェーズ（駅間走行中）,力行（加速）中,2.0,ブレーキ（減速）,1.0,70.0,70.0,45.77,70.0,1882.8,40.0,113.78534010720911,0.0,-2.1,この先制限速度なし,92m先に下り勾配6.7‰あり,前方729.9m先を63.3km/h,後続列車なし,10.0,152.0,未発車,50.0,49.5,anti_mid_stop,0.0,先行列車が塞ぎ駅間停車防止モードであるが、直前のブレーキ→加速が7秒未満かつ合理的理由がなくノコギリ運転と判定され、reward上限が0.0点となる。
104.0,Train11,巡航フェーズ（駅間走行中）,ブレーキ（減速）中,1.0,力行（加速）,1.0,70.0,70.0,40.2,70.0,1311.8,61.0,85.56819875679236,0.0,0.0,この先制限速度なし,321m先に上り勾配12.5‰あり,前方1280.4m先を17.1km/h,後続列車なし,0.0,59.0,未発車,50.0,70.0,normal,0.0,巡航フェーズでrequired_speed70km/hに対し40km/hでブレーキし、1秒未満の力行→ブレーキ切替に合理的理由がなくノコギリ運転と判定され、reward上限が0.0点となった。
167.2999999999993,Train11,次駅への減速フェーズ（駅手前400m以内）,ブレーキ（減速）中,4.300000000000001,力行（加速）,0.1,70.0,25.6,11.51,11.5,9.7,12.7,6.3091442244791285,0.0,9.2,この先制限速度なし,この先目立った勾配なし,前方81.0m先を29.1km/h,後続列車なし,10.0,0.0,発車済み,70.0,11.5,normal,0.5,ブレーキが早すぎて停止位置が要求距離より約3.4m余っているが、安全・速度制限・CBTCは遵守し遅延もなく、やや早めのブレーキにより評価が減点され0.5とした。
218.69999999999973,Train11,次駅への減速フェーズ（駅手前400m以内）,ブレーキ（減速）中,0.1,力行（加速）,0.8999999999999999,70.0,31.5,31.76,70.0,52.3,0.0,47.70703961708893,38.8,9.2,この先制限速度なし,この先目立った勾配なし,前方96.8m先を24.3km/h,後続列車なし,0.0,0.0,発車済み,20.0,70.0,delay_recovery,0.9,次駅減速フェーズでブレーキを適切にかけ、CBTC信号を遵守し、停止位置誤差4.59mは許容範囲内で安全違反なし。
159.0,Train11,次駅への減速フェーズ（駅手前400m以内）,力行（加速）中,1.0,惰行,1.0,70.0,70.0,48.91,70.0,383.8,19.0,116.52710843938192,0.0,6.1,この先制限速度なし,193m先に上り勾配9.2‰あり,前方384.2m先を0.0km/h,後続列車なし,5.0,4.0,未発車,70.0,70.0,normal,0.0,惰行→力行への短時間切替でノコギリ運転と判定され、prev_notch_durationが1秒で上限0.0点になるため。
185.7999999999996,Train11,次駅への減速フェーズ（駅手前400m以内）,ブレーキ（減速）中,1.3,力行（加速）,0.1,70.0,27.6,28.75,70.0,26.5,0.0,39.14034737502889,5.9,9.2,この先制限速度なし,この先目立った勾配なし,前方86.1m先を27.2km/h,後続列車なし,10.0,0.0,発車済み,35.0,70.0,normal,0.0,delta_stopが-12.64mで高速度域のオーバーランが確実であり、即reward0.0ルールに該当するため0.0とした。
127.0,Train11,巡航フェーズ（駅間走行中）,力行（加速）中,2.0,ブレーキ（減速）,8.0,70.0,70.0,24.51,70.0,922.1,26.0,27.403014841509727,0.0,12.5,この先制限速度なし,この先目立った勾配なし,前方807.6m先を32.8km/h,後続列車なし,5.0,71.0,未発車,20.0,65.7,anti_mid_stop,1.0,先行列車が塞いでいるため駅間停車防止モードと判定し、現在の加速は target_speed_no_stop 未満で過剰加速なし、他の安全基準もすべて満たすため高評価とした。
164.0,Train11,次駅への減速フェーズ（駅手前400m以内）,力行（加速）中,2.0,惰行,1.0,70.0,70.0,47.77,70.0,250.5,16.0,111.228230108272,0.0,6.1,この先制限速度なし,60m先に上り勾配9.2‰あり,前方336.0m先を31.1km/h,後続列車なし,5.0,0.0,発車済み,70.0,70.0,normal,0.0,惰行から2秒で力行へ切替し、合理的根拠がなくノコギリ運転と判定されたためreward上限が0.0となった。
190.89999999999995,Train11,次駅への減速フェーズ（駅手前400m以内）,惰行中,0.1,力行（加速）,0.2,70.0,70.0,38.18,70.0,81.8,0.0,68.75025024361403,11.0,9.2,この先制限速度なし,この先目立った勾配なし,前方680.3m先を52.6km/h,後続列車なし,5.0,0.0,発車済み,70.0,70.0,normal,0.0,直前の力行から0.1秒の惰行への切替が合理的根拠なく行われ、保持時間・前ノッチ時間とも7秒未満のノコギリ運転と判定され、上限rewardが0.0となったため。
166.69999999999985,Train11,次駅への減速フェーズ（駅手前400m以内）,ブレーキ（減速）中,0.1,惰行,0.2,70.0,31.8,42.99,43.0,65.9,13.3,86.96429633747594,0.0,9.2,この先制限速度なし,この先目立った勾配なし,前方97.7m先を21.2km/h,後続列車なし,0.0,0.0,発車済み,70.0,43.0,normal,0.0,delta_stopが-21.06mでブレーキ中でもオーバーランがほぼ確実と判定され、即0点ルールが適用された。
147.59999999999974,Train11,次駅への減速フェーズ（駅手前400m以内）,ブレーキ（減速）中,1.5000000000000002,惰行,0.1,70.0,0.0,32.53,32.5,42.4,30.4,50.03226130162874,0.0,9.2,この先制限速度なし,この先目立った勾配なし,前方42.8m先を0.0km/h,後続列車なし,10.0,25.4,未発車,35.0,11.3,anti_mid_stop,0.0,delta_stopが-7.63mでブレーキ中でもオーバーランが確実と判定され、即0.0ルールが適用されたため。
22.0,Train11,巡航フェーズ（駅間走行中）,力行（加速）中,2.0,惰行,1.0,70.0,70.0,40.49,70.0,2026.1,60.0,89.31624497868393,0.0,-2.1,この先制限速度なし,236m先に下り勾配6.7‰あり,前方978.5m先を63.5km/h,後続列車なし,10.0,116.0,未発車,70.0,68.8,normal,0.9,required_speed未達だが加速に切り替えており合理的な操作で、速度・CBTC・停止位置に問題なし。
140.0,Train11,次駅への減速フェーズ（駅手前400m以内）,惰行中,9.0,ブレーキ（減速）,1.0,70.0,43.9,45.83,45.8,140.3,38.0,98.69257953903184,0.0,9.2,この先制限速度なし,この先目立った勾配なし,前方140.7m先を0.0km/h,後続列車なし,10.0,48.0,未発車,50.0,20.8,anti_mid_stop,0.0,CBTC信号速度43.9km/hを45.8km/hでブレーキせずに走行しており、安全違反の即時0点ルールが適用される。
2.0,Train11,駅出発直後の加速フェーズ（20秒以内）,力行（加速）中,3.0,ブレーキ（減速）,30.0,70.0,70.0,6.17,70.0,2176.2,60.0,2.1032483734342726,0.0,-2.1,この先制限速度なし,386m先に下り勾配6.7‰あり,前方777.7m先を63.4km/h,後続列車なし,10.0,166.0,未発車,70.0,53.7,anti_mid_stop,1.0,駅間停車防止モードでtarget_speed_no_stop未満の低速から適切に加速中、制限速度・CBTC遵守、ノコギリ運転なし、間隔問題もなく安全かつ効率的な操作と判断した。
2.0,Train11,駅出発直後の加速フェーズ（20秒以内）,力行（加速）中,3.0,ブレーキ（減速）,30.0,70.0,70.0,6.17,70.0,2176.2,65.0,2.1032483734342726,0.0,-2.1,この先制限速度なし,386m先に下り勾配6.7‰あり,前方865.6m先を63.1km/h,後続列車なし,5.0,131.0,未発車,70.0,67.0,normal,0.9,加速フェーズで適切に力行を開始し、制限速度・CBTCを遵守、ノコギリ運転なし、先行列車との間隔も安全で停止位置も確保できるため高評価。
164.89999999999944,Train11,次駅への減速フェーズ（駅手前400m以内）,ブレーキ（減速）中,0.1,力行（加速）,0.1,70.0,0.0,24.94,24.9,7.3,13.1,29.49639265312604,0.0,9.2,この先制限速度なし,この先目立った勾配なし,前方7.7m先を0.0km/h,後続列車なし,10.0,8.1,未発車,50.0,4.7,anti_mid_stop,0.0,delta_stopが-22.2mでブレーキ中でもオーバーランがほぼ確実なため即時0点とした。
144.9999999999999,Train11,次駅への減速フェーズ（駅手前400m以内）,ブレーキ（減速）中,0.7,惰行,0.1,70.0,70.0,37.31,37.3,68.0,35.0,65.67885621044003,0.0,9.2,この先制限速度なし,この先目立った勾配なし,前方620.4m先を47.4km/h,後続列車なし,0.0,0.0,,70.0,37.3,normal,1.0,制限速度・CBTC遵守、適切な減速で駅停車位置がほぼ正確、ノコギリ運転なし、列車間隔も適正のため最高評価。
158.99999999999966,Train11,次駅への減速フェーズ（駅手前400m以内）,ブレーキ（減速）中,0.4,惰行,0.1,70.0,25.0,26.02,26.0,33.1,21.0,32.093529510794774,0.0,9.2,この先制限速度なし,この先目立った勾配なし,前方79.6m先を24.8km/h,後続列車なし,0.0,0.0,発車済み,50.0,26.0,normal,0.9,ブレーキで適切に減速し、CBTC信号を遵守、停止位置も許容範囲内であり安全違反なし。
195.09999999999954,Train11,次駅への減速フェーズ（駅手前400m以内）,ブレーキ（減速）中,1.6000000000000003,惰行,0.1,70.0,34.7,23.21,70.0,11.6,0.0,25.562064575850137,15.2,9.2,この先制限速度なし,この先目立った勾配なし,前方106.8m先を32.2km/h,後続列車なし,0.0,0.0,発車済み,35.0,70.0,normal,0.0,delta_stopが-13.96mでオーバーランがほぼ確実となり、即時0点ルールに該当するためrewardは0.0とする。
150.3999999999997,Train11,次駅への減速フェーズ（駅手前400m以内）,ブレーキ（減速）中,1.3,力行（加速）,0.1,70.0,0.0,27.99,28.0,40.5,27.6,37.10936196871084,0.0,9.2,この先制限速度なし,この先目立った勾配なし,前方40.9m先を0.0km/h,後続列車なし,5.0,2.6,未発車,50.0,28.0,normal,0.9,次駅減速フェーズでCBTC信号0km/hに対し適切にブレーキし、delta_stopが許容範囲内で早すぎず安全に停止できるため高評価。
132.0,Train11,次駅への減速フェーズ（駅手前400m以内）,惰行中,6.0,ブレーキ（減速）,1.0,70.0,70.0,49.44,49.4,372.4,46.0,119.03106561061296,0.0,6.1,この先制限速度なし,182m先に上り勾配9.2‰あり,前方372.8m先を0.0km/h,後続列車なし,10.0,41.0,未発車,50.0,34.4,anti_mid_stop,0.0,先行が停車中で駅間停車防止モード。速度がtarget_speed_no_stopを超過し、直前のブレーキ→惰行が理由なく短時間で切替わりノコギリ運転と判定されたためrewardは0.0。
154.0,Train11,巡航フェーズ（駅間走行中）,力行（加速）中,3.0,惰行,1.0,70.0,70.0,31.04,70.0,701.9,24.0,51.24814156419214,0.0,0.0,この先制限速度なし,111m先に上り勾配6.1‰あり,前方703.9m先を5.4km/h,後続列車なし,10.0,0.0,発車済み,70.0,70.0,normal,0.9,巡航フェーズでrequired_speed未達のため加速は妥当、制限速度・CBTC遵守、停止余裕あり、ノコギリ運転なし、間隔も適切。
126.0,Train11,巡航フェーズ（駅間走行中）,惰行中,6.0,力行（加速）,17.0,70.0,70.0,49.3,70.0,797.7,54.0,109.68263069044116,0.0,12.5,この先制限速度なし,この先目立った勾配なし,前方1004.7m先を40.7km/h,後続列車なし,0.0,0.0,発車済み,100.0,70.0,normal,0.1,巡航フェーズでrequired_speed 70km/hに対し49.3km/hの惰行を続け、先行列車が遠く遅延もないため加速が必要であり、ちんたら運転とみなして大幅減点し0.1とした。
175.1,Train11,次駅への減速フェーズ（駅手前400m以内）,力行（加速）中,9.2,ブレーキ（減速）,6.0,70.0,70.0,38.26,70.0,97.1,4.9,69.03611988460693,0.0,9.2,この先制限速度なし,この先目立った勾配なし,前方1452.5m先を48.2km/h,後続列車なし,0.0,0.0,,100.0,70.0,normal,1.0,次駅減速フェーズでdelta_stopが正(28m)かつ加速中で、CBTC・制限速度遵守、即時ゼロ違反なし、停車位置達成が可能と判断し高評価。
35.0,Train11,巡航フェーズ（駅間走行中）,ブレーキ（減速）中,4.0,力行（加速）,3.0,70.0,70.0,9.35,70.0,2009.5,45.0,4.825708568406143,0.0,-2.1,この先制限速度なし,219m先に下り勾配6.7‰あり,前方926.8m先を63.2km/h,後続列車なし,5.0,118.0,未発車,50.0,67.2,normal,0.1,巡航フェーズでrequired_speed 70km/hに対し9.3km/hの低速でブレーキを続け、先行列車がいないにも関わらず不必要な減速とノコギリ運転となっているため大幅減点し0.1とした。
185.29999999999976,Train11,次駅への減速フェーズ（駅手前400m以内）,ブレーキ（減速）中,0.2,惰行,0.1,70.0,0.0,34.11,70.0,49.4,0.0,54.97351232281353,7.4,9.2,この先制限速度なし,この先目立った勾配なし,前方49.7m先を0.0km/h,後続列車なし,10.0,2.7,未発車,20.0,14.5,anti_mid_stop,0.0,delta_stopが-5.57mでブレーキ中にも関わらずオーバーランが確実と判断され、即reward0.0ルールが適用されたため。
2.0,Train11,駅出発直後の加速フェーズ（20秒以内）,力行（加速）中,3.0,ブレーキ（減速）,30.0,70.0,4.9,6.17,70.0,2176.2,10.0,2.1032483734342726,0.0,-2.1,この先制限速度なし,386m先に下り勾配6.7‰あり,前方51.3m先を28.7km/h,後続列車なし,10.0,186.0,未発車,20.0,48.5,anti_mid_stop,0.0,現在速度がCBTC信号速度4.9km/hを超えており、ブレーキをかけていないため安全違反となり即時0点とした。
2.0,Train11,駅出発直後の加速フェーズ（20秒以内）,力行（加速）中,3.0,ブレーキ（減速）,30.0,70.0,70.0,6.17,70.0,2176.2,41.0,2.1032483734342726,0.0,-2.1,この先制限速度なし,386m先に下り勾配6.7‰あり,前方430.4m先を58.6km/h,後続列車なし,10.0,171.0,未発車,50.0,52.3,anti_mid_stop,1.0,先行列車が塞いでいるため駅間停車防止モードと判定し、target_speed_no_stop以下での加速は適切であり、制限速度・CBTC遵守、ノコギリ運転なし、即時0点条件なしのため高評価とした。
12.0,Train11,駅出発直後の加速フェーズ（20秒以内）,力行（加速）中,4.0,惰行,1.0,70.0,70.0,26.96,70.0,2126.8,50.0,39.864284078202004,0.0,-2.1,この先制限速度なし,336m先に下り勾配6.7‰あり,前方728.3m先を63.4km/h,後続列車なし,0.0,151.0,未発車,50.0,56.9,anti_mid_stop,0.0,惰行から力行への切替が1秒未満で合理的根拠がなくノコギリ運転と判定され、reward上限が0.0となった。
8.0,Train11,駅出発直後の加速フェーズ（20秒以内）,ブレーキ（減速）中,4.0,力行（加速）,5.0,70.0,70.0,6.7,70.0,2158.9,60.0,2.479754731602438,0.0,-2.1,この先制限速度なし,368m先に下り勾配6.7‰あり,前方865.7m先を62.9km/h,後続列車なし,10.0,160.0,未発車,70.0,54.5,anti_mid_stop,0.2,駅間停車防止モードでtarget_speed_no_stop未達の状態で不必要にブレーキし、7秒未満の短時間切替がノコギリ運転と判定されたため低評価となった。
79.0,Train11,巡航フェーズ（駅間走行中）,ブレーキ（減速）中,1.0,惰行,1.0,70.0,70.0,43.28,70.0,1492.8,81.0,99.01620491575413,0.0,0.0,この先制限速度なし,この先目立った勾配なし,前方1433.2m先を23.6km/h,後続列車なし,0.0,64.0,未発車,70.0,70.0,normal,0.0,不必要な減速と保持時間7秒未満のノコギリ運転が判定され、reward上限が0.0となった。
3.0,Train11,駅出発直後の加速フェーズ（20秒以内）,惰行中,2.0,力行（加速）,2.0,70.0,70.0,6.15,70.0,2174.5,70.0,2.0896461477465,0.0,-2.1,この先制限速度なし,384m先に下り勾配6.7‰あり,前方969.1m先を63.2km/h,後続列車なし,0.0,125.0,未発車,70.0,69.7,normal,0.2,加速フェーズでの惰行切替が不適切で、短時間の力行→惰行がノコギリ運転と判定され評価上限0.3点となり0.2点に減点した。
51.0,Train11,巡航フェーズ（駅間走行中）,惰行中,4.0,力行（加速）,12.0,70.0,70.0,42.78,70.0,1829.1,111.0,99.5772270607392,0.0,-2.1,この先制限速度なし,39m先に下り勾配6.7‰あり,前方1781.9m先を21.0km/h,後続列車なし,0.0,62.0,未発車,100.0,70.0,normal,0.2,required_speed 70km/hに対し42.8km/hで惰行を続け、先行列車なしで遅延拡大となるため大幅減点。
117.0,Train11,巡航フェーズ（駅間走行中）,惰行中,1.0,力行（加速）,1.0,70.0,70.0,60.69,61.0,476.9,40.0,178.1609128778357,0.0,6.1,この先制限速度なし,286m先に上り勾配9.2‰あり,前方390.8m先を47.7km/h,後続列車なし,0.0,0.0,,50.0,61.0,normal,0.0,1秒未満の力行→惰行切替で合理的根拠がなく、ノコギリ運転と判定され上限rewardが0.0となる。
28.0,Train11,巡航フェーズ（駅間走行中）,力行（加速）中,3.0,惰行,1.0,70.0,70.0,39.12,70.0,2006.1,25.0,83.43662166468803,0.0,-2.1,この先制限速度なし,216m先に下り勾配6.7‰あり,前方449.7m先を63.1km/h,後続列車なし,10.0,145.0,未発車,35.0,55.6,anti_mid_stop,1.0,先行列車が塞いでいる駅間停車防止モードで、target_speed_no_stop未満だが加速中。過度な低速や過加速はなく、制限速度・CBTCも遵守しているため高評価。
5.0,Train11,駅出発直後の加速フェーズ（20秒以内）,力行（加速）中,6.0,ブレーキ（減速）,30.0,70.0,70.0,14.26,70.0,2167.6,97.0,11.20760290932472,0.0,-2.1,この先制限速度なし,377m先に下り勾配6.7‰あり,前方1434.3m先を62.9km/h,後続列車なし,5.0,113.0,未発車,100.0,70.0,normal,1.0,制限速度・CBTCを遵守し、加速フェーズで適切に力行、不要な減速やノコギリ運転なし、遅延0秒で安全に運転しているため最高評価とした。
10.0,Train11,駅出発直後の加速フェーズ（20秒以内）,ブレーキ（減速）中,6.0,力行（加速）,5.0,70.0,46.4,1.67,70.0,2156.6,16.0,0.15425175921035872,0.0,-2.1,この先制限速度なし,366m先に下り勾配6.7‰あり,前方166.8m先を44.4km/h,後続列車なし,5.0,203.0,未発車,20.0,44.5,anti_mid_stop,0.1,駅間停車防止モードでtarget_speed_no_stop以下に抑えるべきところをブレーキで減速させ、力行→減速の短時間切替がノコギリ運転と判定されたため低評価とした。
19.0,Train11,駅出発直後の加速フェーズ（20秒以内）,力行（加速）中,1.0,惰行,1.0,70.0,63.4,37.15,70.0,2059.2,21.0,75.32361457750957,0.0,-2.1,この先制限速度なし,269m先に下り勾配6.7‰あり,前方265.6m先を56.0km/h,後続列車なし,0.0,174.0,未発車,20.0,48.5,anti_mid_stop,1.0,先行列車が塞いでいるため駅間停車防止モード。現在はtarget_speed_no_stop以下で加速中であり、速度上限超過やノコギリ運転はなく安全・適切な操作。
145.2,Train11,次駅への減速フェーズ（駅手前400m以内）,惰行中,0.2,力行（加速）,1.1,70.0,29.7,40.74,40.7,91.3,32.8,78.18492107224323,0.0,9.2,この先制限速度なし,この先目立った勾配なし,前方91.7m先を0.0km/h,後続列車なし,5.0,7.8,未発車,50.0,40.7,normal,0.0,CBTC信号速度29.7km/hを超えて40.7km/hで走行し、ブレーキをかけていないため即時0点とした。
122.0,Train11,次駅への減速フェーズ（駅手前400m以内）,惰行中,4.0,力行（加速）,1.0,70.0,70.0,62.12,62.1,381.9,46.0,186.4840930340122,0.0,6.1,この先制限速度なし,191m先に上り勾配9.2‰あり,前方363.2m先を13.3km/h,後続列車なし,0.0,41.0,未発車,35.0,34.8,anti_mid_stop,0.0,ノコギリ運転と判定され、prev_notch_durationが2秒未満のためreward上限が0.0となった。
135.0,Train11,巡航フェーズ（駅間走行中）,ブレーキ（減速）中,8.0,惰行,1.0,70.0,70.0,37.63,70.0,567.1,36.0,69.37791222491748,0.0,6.1,この先制限速度なし,377m先に上り勾配9.2‰あり,前方557.9m先を9.4km/h,後続列車なし,10.0,38.0,未発車,35.0,52.6,anti_mid_stop,0.2,駅間停車防止モードでtarget_speed_no_stop 52.6km/hを大きく下回りブレーキを続けたため過度な低速運転となり減点対象となる。
123.0,Train11,巡航フェーズ（駅間走行中）,力行（加速）中,6.0,ブレーキ（減速）,1.0,70.0,70.0,46.02,70.0,807.0,21.0,95.73236251033732,0.0,12.5,この先制限速度なし,この先目立った勾配なし,前方597.0m先を42.9km/h,後続列車なし,10.0,65.0,未発車,20.0,61.2,anti_mid_stop,0.0,1秒のブレーキ後に7秒未満の力行へ切替え、合理的理由がなくノコギリ運転と判定され、reward上限が0.0となる。
179.69999999999996,Train11,次駅への減速フェーズ（駅手前400m以内）,ブレーキ（減速）中,0.1,力行（加速）,0.1,70.0,53.0,48.39,70.0,89.6,0.3,109.87910778496514,0.0,9.2,この先制限速度なし,この先目立った勾配なし,前方181.3m先を31.8km/h,後続列車なし,5.0,0.0,発車済み,70.0,70.0,normal,0.0,δ_stopが-20.28mでブレーキ中でもオーバーランが確実であり、即時0点ルールに該当するためreward=0.0とする。
166.69999999999996,Train11,次駅への減速フェーズ（駅手前400m以内）,ブレーキ（減速）中,0.1,力行（加速）,0.1,70.0,70.0,41.58,70.0,80.0,13.3,81.4093798904557,0.0,9.2,この先制限速度なし,この先目立った勾配なし,前方294.9m先を41.1km/h,後続列車なし,10.0,0.0,発車済み,70.0,70.0,normal,1.0,次駅減速フェーズでブレーキ開始が適切で、速度・信号・停止位置すべて基準内に収まっているため高評価。
134.0,Train11,巡航フェーズ（駅間走行中）,力行（加速）中,3.0,ブレーキ（減速）,1.0,70.0,70.0,43.63,70.0,778.6,42.0,100.60449298222905,0.0,0.0,この先制限速度なし,188m先に上り勾配6.1‰あり,前方777.0m先を4.3km/h,後続列車なし,5.0,49.0,未発車,35.0,56.1,anti_mid_stop,0.0,直前のブレーキから3秒の力行への切替が7秒未満で合理的理由がなくノコギリ運転と判定され、prev_notch_durationが1秒のためreward上限が0.0となった。
174.1999999999996,Train11,次駅への減速フェーズ（駅手前400m以内）,ブレーキ（減速）中,0.7,力行（加速）,0.1,70.0,70.0,25.27,25.3,21.8,5.8,30.278474188784596,0.0,9.2,この先制限速度なし,この先目立った勾配なし,前方595.6m先を52.0km/h,後続列車なし,5.0,0.0,発車済み,100.0,25.3,normal,0.0,ブレーキ中にdelta_stopが-8.48mでオーバーランがほぼ確実と判定され、即reward0.0ルールが適用されたため。
109.0,Train11,巡航フェーズ（駅間走行中）,力行（加速）中,2.0,惰行,8.0,70.0,70.0,40.32,70.0,1014.7,56.0,86.07431029350438,0.0,0.0,この先制限速度なし,24m先に上り勾配12.5‰あり,前方983.4m先を17.1km/h,後続列車なし,5.0,59.0,未発車,50.0,63.7,anti_mid_stop,0.9,先行列車が塞いでいるため駅間停車防止モード。現在はtarget_speed_no_stop未満だが力行中であり、低速は許容範囲で減点要因なし。
53.0,Train11,巡航フェーズ（駅間走行中）,力行（加速）中,1.0,惰行,1.0,70.0,70.0,40.05,70.0,1862.9,65.0,87.40670663432161,0.0,-2.1,この先制限速度なし,72m先に下り勾配6.7‰あり,前方1354.1m先を60.5km/h,後続列車なし,10.0,115.0,未発車,70.0,63.7,anti_mid_stop,1.0,先行列車が塞いでいるため駅間停車防止モードと判定し、target_speed_no_stop未満での加速は適切であり、速度・CBTC・間隔・ノコギリ運転すべて問題なし。
65.0,Train11,巡航フェーズ（駅間走行中）,惰行中,1.0,ブレーキ（減速）,1.0,70.0,70.0,42.97,70.0,1745.0,15.0,107.27254910791913,0.0,-6.7,この先制限速度なし,この先目立った勾配なし,前方662.3m先を63.2km/h,後続列車なし,5.0,118.0,未発車,20.0,47.9,anti_mid_stop,0.0,直前のブレーキから1秒で惰行へ切替え、保持時間が7秒未満で合理的理由がなくノコギリ運転と判定され、reward上限が0.0となる。
129.0,Train11,巡航フェーズ（駅間走行中）,力行（加速）中,5.0,ブレーキ（減速）,1.0,70.0,70.0,38.47,70.0,926.8,49.0,67.13538768619063,0.0,12.5,この先制限速度なし,この先目立った勾配なし,前方927.2m先を0.0km/h,後続列車なし,10.0,59.0,未発車,50.0,70.0,normal,0.0,短時間のブレーキから力行への切替が合理的理由なく行われ、prev_notch_durationが1秒で上限0.0点となったためrewardは0.0とした。
103.0,Train11,巡航フェーズ（駅間走行中）,力行（加速）中,5.0,ブレーキ（減速）,1.0,70.0,70.0,43.15,70.0,1408.6,75.0,98.42938514432757,0.0,0.0,この先制限速度なし,418m先に上り勾配12.5‰あり,前方1409.0m先を0.0km/h,後続列車なし,0.0,25.0,未発車,70.0,70.0,normal,0.0,不要なブレーキ後の加速が自ら減速した後の再力行かつノコギリ運転と判定され、prev_notch_durationが1秒で上限0.0点となったため。
238.7999999999995,Train11,次駅への減速フェーズ（駅手前400m以内）,ブレーキ（減速）中,0.30000000000000004,惰行,0.1,70.0,70.0,20.28,70.0,12.9,0.0,19.53514514561373,58.9,9.2,この先制限速度なし,この先目立った勾配なし,前方510.0m先を50.2km/h,後続列車なし,10.0,0.0,発車済み,50.0,70.0,delay_recovery,0.0,ブレーキ開始が遅くdelta_stopが-6.64mでオーバーラン確実と判定され、即時0点ルールが適用される。
136.0,Train11,次駅への減速フェーズ（駅手前400m以内）,惰行中,5.0,ブレーキ（減速）,1.0,70.0,59.9,47.8,47.8,222.9,42.0,111.36615034895443,0.0,6.1,この先制限速度なし,32m先に上り勾配9.2‰あり,前方223.3m先を0.0km/h,後続列車なし,0.0,27.0,未発車,50.0,47.8,normal,0.0,ブレーキ(1s)から惰行(5s)への切替に合理的根拠がなくノコギリ運転と判定され、reward上限が0.0点となった。
67.0,Train11,巡航フェーズ（駅間走行中）,惰行中,1.0,力行（加速）,1.0,70.0,70.0,42.06,70.0,1612.3,101.0,93.57562357117432,0.0,0.0,この先制限速度なし,この先目立った勾配なし,前方1593.6m先を13.3km/h,後続列車なし,10.0,56.0,未発車,100.0,70.0,normal,0.0,力行→惰行への7秒未満切替に合理的理由がなく、ノコギリ運転上限が0.0点となるためreward=0.0。
169.09999999999965,Train11,次駅への減速フェーズ（駅手前400m以内）,ブレーキ（減速）中,0.7999999999999999,惰行,0.1,70.0,61.0,28.18,28.2,37.6,10.9,37.61210668663437,0.0,9.2,この先制限速度なし,この先目立った勾配なし,前方223.3m先を39.6km/h,後続列車なし,0.0,0.0,発車済み,70.0,28.2,normal,1.0,次駅減速フェーズでブレーキが適切に行われ、delta_stopが-0.01mで停止位置は十分確保され、速度・信号遵守、間隔も安全であるため最高評価とした。
93.0,Train11,巡航フェーズ（駅間走行中）,力行（加速）中,1.0,ブレーキ（減速）,1.0,70.0,70.0,53.22,57.3,943.2,85.0,127.55302560624864,0.0,12.5,この先制限速度なし,この先目立った勾配なし,前方943.5m先を0.0km/h,後続列車なし,10.0,30.0,未発車,100.0,57.3,normal,0.0,ブレーキから1秒での加速への切替は合理的理由がなく、持続時間が7秒未満のノコギリ運転と判定され、reward上限が0.0となる。
104.0,Train11,巡航フェーズ（駅間走行中）,惰行中,1.0,力行（加速）,8.0,70.0,70.0,59.29,70.0,1028.0,35.0,183.99112657270646,0.0,0.0,この先制限速度なし,37m先に上り勾配12.5‰あり,前方767.5m先を47.9km/h,後続列車なし,10.0,69.0,未発車,35.0,55.9,anti_mid_stop,0.9,先行列車が塞いでいる駅間停車防止モードで、速度がtarget_speed_no_stop 55.9km/hを3.4km/h上回る範囲の惰行であり、制限速度・CBTC遵守、間隔・定時性も問題なく高評価とした。
45.0,Train11,巡航フェーズ（駅間走行中）,力行（加速）中,11.0,ブレーキ（減速）,1.0,70.0,70.0,53.69,70.0,1758.6,40.0,166.30337016739935,0.0,-6.7,この先制限速度なし,この先目立った勾配なし,前方763.6m先を62.9km/h,後続列車なし,10.0,143.0,未発車,50.0,36.3,anti_mid_stop,0.2,先行列車が塞いでいるため駅間停車防止モード。現在速度が target_speed_no_stop(36.3km/h) を 5km/h 以上上回る力行は機外停車リスクを招くため減点し、reward 0.2 とした。
193.69999999999968,Train11,次駅への減速フェーズ（駅手前400m以内）,ブレーキ（減速）中,0.2,惰行,0.1,70.0,69.4,33.37,70.0,35.3,0.0,52.63082333525799,13.8,9.2,この先制限速度なし,この先目立った勾配なし,前方273.3m先を42.1km/h,後続列車なし,0.0,0.0,発車済み,35.0,70.0,normal,0.0,delta_stopが-17.33mでブレーキ中でもオーバーランがほぼ確実と判定され、即reward0.0ルールが適用される。
175.9999999999991,Train11,次駅への減速フェーズ（駅手前400m以内）,ブレーキ（減速）中,2.600000000000001,惰行,0.1,70.0,70.0,4.25,4.2,1.0,4.0,0.8616959091425133,0.0,9.2,この先制限速度なし,この先目立った勾配なし,前方459.4m先を49.2km/h,後続列車なし,0.0,0.0,発車済み,70.0,4.2,normal,0.9,次駅減速フェーズでブレーキをかけ、delta_stopが0.14mで許容範囲内。安全・信号・速度制限を遵守し、合理的な減速でノコギリ運転でもないため高評価。
140.0,Train11,次駅への減速フェーズ（駅手前400m以内）,ブレーキ（減速）中,2.0,惰行,1.0,70.0,29.6,51.79,51.8,118.2,26.0,125.6301409531107,0.0,9.2,この先制限速度なし,この先目立った勾配なし,前方91.5m先を15.8km/h,後続列車なし,5.0,73.0,未発車,20.0,19.0,anti_mid_stop,0.0,delta_stopが-7.43mでブレーキ中にも関わらずオーバーランが確実と判定され、即時0点ルールに該当するためrewardは0.0とする。
97.0,Train11,巡航フェーズ（駅間走行中）,力行（加速）中,1.0,ブレーキ（減速）,2.0,70.0,70.0,52.45,56.9,920.4,81.0,123.9403906309089,0.0,12.5,この先制限速度なし,この先目立った勾配なし,前方920.8m先を0.0km/h,後続列車なし,10.0,11.0,未発車,100.0,56.9,normal,0.2,2秒ブレーキ直後の1秒力行は合理的根拠がなくノコギリ運転と判定し、reward上限0.3に抑えた。
139.0,Train11,次駅への減速フェーズ（駅手前400m以内）,惰行中,2.0,力行（加速）,1.0,70.0,42.8,43.1,43.1,135.7,39.0,87.40515097837513,0.0,9.2,この先制限速度なし,この先目立った勾配なし,前方136.0m先を0.0km/h,後続列車なし,5.0,44.0,未発車,50.0,20.4,anti_mid_stop,0.0,CBTC信号速度を超えてブレーキせずに惰行しているため安全違反となり、即0点とする。
64.0,Train11,巡航フェーズ（駅間走行中）,力行（加速）中,4.0,ブレーキ（減速）,8.0,70.0,70.0,35.52,70.0,1597.7,25.0,66.96550162767053,0.0,0.0,この先制限速度なし,この先目立った勾配なし,前方672.5m先を62.6km/h,後続列車なし,10.0,139.0,未発車,35.0,50.3,anti_mid_stop,1.0,先行列車が塞いでいるため駅間停車防止モードとなり、target_speed_no_stop以下で加速している操作は適切であり、速度・信号・間隔・ノコギリ運転いずれにも問題がない。
116.0,Train11,巡航フェーズ（駅間走行中）,惰行中,3.0,力行（加速）,1.0,70.0,70.0,52.45,52.5,580.7,62.0,133.7363874250252,0.0,6.1,この先制限速度なし,390m先に上り勾配9.2‰あり,前方581.1m先を0.0km/h,後続列車なし,0.0,27.0,未発車,70.0,52.5,normal,0.9,required_speedと現在速度が一致し惰行で巡航しているため制限速度・CBTC遵守、ノコギリ運転なし、間隔問題もなく安全かつ省エネ。
34.0,Train11,巡航フェーズ（駅間走行中）,ブレーキ（減速）中,7.0,力行（加速）,11.0,70.0,49.7,29.84,70.0,1896.7,10.0,48.772759443208066,0.0,-2.1,この先制限速度なし,106m先に下り勾配6.7‰あり,前方183.9m先を60.3km/h,後続列車なし,10.0,154.0,未発車,20.0,49.4,anti_mid_stop,0.2,先行列車が塞いでいる駅間停車防止モードで、現在速度29.8km/hがtarget_speed_no_stop49.4km/hを約20km/h下回りブレーキしているため過度な低速運転と判断し減点した。
146.0,Train11,次駅への減速フェーズ（駅手前400m以内）,惰行中,0.1,力行（加速）,1.0,70.0,31.4,42.69,42.7,96.3,32.0,85.767472247961,0.0,9.2,この先制限速度なし,この先目立った勾配なし,前方96.7m先を0.0km/h,後続列車なし,0.0,17.0,未発車,50.0,42.7,normal,0.0,CBTC信号速度を超えて走行しブレーキしていないため即reward0.0ルールが適用され、rewardは0.0となる。
198.19999999999936,Train11,次駅への減速フェーズ（駅手前400m以内）,ブレーキ（減速）中,1.8000000000000005,惰行,0.1,70.0,38.4,14.62,0.0,0.0,0.0,11.442826714590378,18.3,0.0,この先制限速度なし,この先目立った勾配なし,前方119.6m先を35.2km/h,後続列車なし,0.0,0.0,発車済み,35.0,0.0,normal,0.0,低速域でdelta_stopが-11.44mと大幅にオーバーランしており、即時0点ルールが適用されるためrewardは0.0とする。
178.09999999999903,Train11,次駅への減速フェーズ（駅手前400m以内）,ブレーキ（減速）中,2.800000000000001,力行（加速）,0.1,70.0,0.0,0.68,1.4,0.6,1.9,0.022075199610829287,0.0,9.2,この先制限速度なし,この先目立った勾配なし,前方41.1m先を23.4km/h,後続列車なし,10.0,0.0,発車済み,70.0,1.4,normal,1.0,次駅減速フェーズでブレーキを適切に使用し、delta_stop 0.58mで停止位置が許容範囲内、他に安全違反なし。
57.0,Train11,巡航フェーズ（駅間走行中）,力行（加速）中,5.0,惰行,1.0,70.0,70.0,62.85,70.0,1532.8,67.0,206.24100037975117,0.0,0.0,この先制限速度なし,この先目立った勾配なし,前方1090.4m先を58.9km/h,後続列車なし,10.0,96.0,未発車,70.0,63.5,anti_mid_stop,0.0,前ノッチが1秒の惰行から5秒の力行への切替に合理的理由がなく、保持時間が7秒未満でノコギリ運転と判定され、reward上限が0.0となった。
64.0,Train11,巡航フェーズ（駅間走行中）,力行（加速）中,10.0,惰行,1.0,70.0,70.0,61.32,70.0,1460.9,25.0,196.53204536243197,0.0,0.0,この先制限速度なし,470m先に上り勾配12.5‰あり,前方535.6m先を62.6km/h,後続列車なし,10.0,139.0,未発車,35.0,46.3,anti_mid_stop,0.2,先行が塞いでいるため駅間停車防止モード。target_speed_no_stop 46.3km/h を超える61.3km/h の力行は過加速で機外停車リスクがあるため減点し、reward 0.2 とした。
171.69999999999962,Train11,次駅への減速フェーズ（駅手前400m以内）,ブレーキ（減速）中,0.6,力行（加速）,0.1,70.0,70.0,27.87,27.9,25.7,8.3,36.793557889412845,0.0,9.2,この先制限速度なし,この先目立った勾配なし,前方786.7m先を55.7km/h,後続列車なし,5.0,0.0,発車済み,100.0,27.9,normal,0.0,δ_stopが-11.09mでブレーキ中でもオーバーランが確実と判定され即時0点ルールが適用され、さらに短時間の力行→ブレーキ切替がノコギリ運転とみなされたためrewardは0.0。
13.0,Train11,駅出発直後の加速フェーズ（20秒以内）,力行（加速）中,4.0,惰行,2.0,70.0,70.0,23.28,70.0,2131.3,30.0,29.77061498257082,0.0,-2.1,この先制限速度なし,341m先に下り勾配6.7‰あり,前方401.9m先を59.4km/h,後続列車なし,5.0,155.0,未発車,35.0,55.9,anti_mid_stop,0.3,先行列車が塞いでいるため駅間停車防止モード。target_speed_no_stop未満での加速は適切だが、2秒の短時間での力行への切替がノコギリ運転と判定され、reward上限0.3となった。
12.0,Train11,駅出発直後の加速フェーズ（20秒以内）,力行（加速）中,13.0,ブレーキ（減速）,30.0,70.0,70.0,28.74,70.0,2124.9,60.0,45.26602444419625,0.0,-2.1,この先制限速度なし,334m先に下り勾配6.7‰あり,前方901.9m先を63.5km/h,後続列車なし,10.0,126.0,未発車,70.0,67.3,anti_mid_stop,0.9,先行列車が塞いでいるため駅間停車防止モードと判断し、target_speed_no_stop以下での加速は適切。制限速度・CBTC遵守、ノコギリ運転なし、間隔安全で高評価とし0.9とした。
164.19999999999936,Train11,次駅への減速フェーズ（駅手前400m以内）,ブレーキ（減速）中,3.4000000000000017,惰行,0.1,70.0,30.3,11.27,11.3,6.1,15.8,6.049163918405687,0.0,9.2,この先制限速度なし,この先目立った勾配なし,前方93.4m先を31.3km/h,後続列車なし,0.0,0.0,発車済み,50.0,11.3,normal,0.9,次駅減速フェーズでブレーキが適切に作動し、delta_stop が0.05 m と許容範囲内であるため高評価。
234.8999999999995,Train11,次駅への減速フェーズ（駅手前400m以内）,ブレーキ（減速）中,0.4,惰行,1.7000000000000004,70.0,70.0,20.11,70.0,39.8,0.0,19.210085219259078,55.0,9.2,この先制限速度なし,この先目立った勾配なし,前方1794.9m先を62.9km/h,後続列車なし,10.0,0.0,発車済み,100.0,70.0,delay_recovery,0.4,次駅減速フェーズでdelta_stopが20.6mとやや大きく、ブレーキ開始が早すぎるため停止位置精度が不足し減点した。
37.0,Train11,巡航フェーズ（駅間走行中）,力行（加速）中,1.0,惰行,1.0,70.0,70.0,47.49,70.0,1869.6,20.0,122.37173003226806,0.0,-2.1,この先制限速度なし,79m先に下り勾配6.7‰あり,前方383.5m先を63.0km/h,後続列車なし,0.0,141.0,未発車,20.0,52.5,anti_mid_stop,0.0,惰行から1秒で力行への切替が合理的理由なくノコギリ運転と判定され、reward上限が0.0となる。
182.0,Train11,次駅への減速フェーズ（駅手前400m以内）,力行（加速）中,7.0,惰行,2.0,70.0,70.0,31.45,70.0,383.4,0.0,48.59640667925485,3.0,6.1,この先制限速度なし,193m先に上り勾配9.2‰あり,前方452.2m先を28.8km/h,後続列車なし,5.0,0.0,発車済み,35.0,70.0,normal,0.3,次駅減速フェーズで力行しているため停止位置達成が遅れ、運転品質が大幅に低下した。
64.0,Train11,巡航フェーズ（駅間走行中）,力行（加速）中,27.0,惰行,1.0,70.0,70.0,66.31,70.0,1427.2,56.0,229.0046433630777,0.0,0.0,この先制限速度なし,437m先に上り勾配12.5‰あり,前方935.2m先を60.1km/h,後続列車なし,0.0,99.0,未発車,50.0,58.1,anti_mid_stop,0.3,先行列車が塞いでいるため駅間停車防止モード。現在速度が target_speed_no_stop(58.1km/h) を5km/h超えて66.3km/hに達し過剰加速となり減点対象。
96.0,Train11,巡航フェーズ（駅間走行中）,惰行中,3.0,力行（加速）,3.0,70.0,70.0,65.57,66.5,896.3,61.0,192.23027741002886,0.0,12.5,この先制限速度なし,この先目立った勾配なし,前方815.3m先を27.6km/h,後続列車なし,0.0,82.0,未発車,50.0,62.7,anti_mid_stop,0.8,先行列車が近づくためtarget_speed_no_stopを超える加速は避けるべきだが、現在は惰行で速度は上限以内。唯一の減点は間隔がやや縮小している点。
149.0,Train11,巡航フェーズ（駅間走行中）,力行（加速）中,3.0,惰行,1.0,70.0,70.0,39.44,70.0,742.5,27.0,82.3965239462036,0.0,0.0,この先制限速度なし,152m先に上り勾配6.1‰あり,前方740.8m先を4.3km/h,後続列車なし,5.0,49.0,未発車,20.0,52.6,anti_mid_stop,0.0,持続時間が7秒未満の力行と惰行の短時間切替で合理的理由がなく、ノコギリ運転と判定され上限0.0点となった。
119.0,Train11,巡航フェーズ（駅間走行中）,力行（加速）中,1.0,ブレーキ（減速）,2.0,70.0,70.0,40.31,70.0,841.1,59.0,73.64995009829425,0.0,12.5,この先制限速度なし,この先目立った勾配なし,前方841.5m先を0.0km/h,後続列車なし,5.0,29.0,未発車,70.0,70.0,normal,0.3,2秒未満のブレーキ後に1秒だけ力行へ切替し、合理的根拠がなくノコギリ運転と判定されたためreward上限0.3に制限した。
79.0,Train11,巡航フェーズ（駅間走行中）,惰行中,2.0,ブレーキ（減速）,1.0,70.0,70.0,59.29,59.3,1209.4,99.0,183.99112657270646,0.0,0.0,この先制限速度なし,219m先に上り勾配12.5‰あり,前方1209.8m先を0.0km/h,後続列車なし,10.0,59.0,未発車,100.0,59.3,normal,0.0,直前のブレーキ→惰行が合理的理由なく行われ、保持時間が7秒未満でノコギリ運転と判定され、reward上限が0.0となる。
178.99999999999915,Train11,次駅への減速フェーズ（駅手前400m以内）,ブレーキ（減速）中,0.7,惰行,0.1,70.0,70.0,6.01,6.0,0.3,1.0,1.7224924639941024,0.0,9.2,この先制限速度なし,この先目立った勾配なし,前方719.8m先を55.0km/h,後続列車なし,0.0,0.0,発車済み,100.0,6.0,normal,0.0,低速域でdelta_stopが-1.42mと許容範囲を超え、駅手前でのオーバーランが確実と判断されたため即時0点とした。
120.0,Train11,巡航フェーズ（駅間走行中）,力行（加速）中,3.0,ブレーキ（減速）,9.0,70.0,70.0,30.13,70.0,1001.3,36.0,48.307352237620485,0.0,0.0,この先制限速度なし,11m先に上り勾配12.5‰あり,前方912.5m先を28.9km/h,後続列車なし,10.0,68.0,未発車,35.0,55.0,anti_mid_stop,0.9,先行列車が塞ぎ駅間停車防止モードで、target_speed_no_stop以下で加速中。制限速度・CBTC遵守、ノコギリ運転なしのため高評価。
166.29999999999987,Train11,次駅への減速フェーズ（駅手前400m以内）,惰行中,0.2,力行（加速）,0.1,70.0,70.0,30.98,31.0,77.3,13.7,45.407094473467026,0.0,9.2,この先制限速度なし,この先目立った勾配なし,前方609.5m先を51.1km/h,後続列車なし,0.0,0.0,発車済み,100.0,31.0,normal,0.0,力行から惰行への7秒未満の切替に合理的根拠がなくノコギリ運転と判定され、reward上限が0.0点となった。
200.49999999999963,Train11,次駅への減速フェーズ（駅手前400m以内）,力行（加速）中,0.1,ブレーキ（減速）,0.30000000000000004,70.0,70.0,30.65,70.0,27.2,0.0,44.45086868881863,20.6,9.2,この先制限速度なし,この先目立った勾配なし,前方286.5m先を43.0km/h,後続列車なし,5.0,0.0,発車済み,50.0,70.0,normal,0.0,delta_stopが-17.25mでブレーキ未実施、加速操作は即時オーバーラン危険となり即reward0.0ルールに該当するため。
164.0,Train11,次駅への減速フェーズ（駅手前400m以内）,力行（加速）中,7.0,惰行,8.0,70.0,70.0,55.41,70.0,287.7,14.0,148.99625807757764,0.0,6.1,この先制限速度なし,97m先に上り勾配9.2‰あり,前方288.1m先を0.0km/h,後続列車なし,5.0,4.0,未発車,35.0,70.0,normal,1.0,先行列車が停止しており delta_stop が正、CBTC 速度上限を超えていないため、加速は安全で次駅減速フェーズとして適切と判断した。
138.39999999999986,Train11,次駅への減速フェーズ（駅手前400m以内）,ブレーキ（減速）中,0.5,惰行,0.1,70.0,10.7,38.55,38.5,69.4,31.6,70.0772532042298,0.0,9.2,この先制限速度なし,この先目立った勾配なし,前方55.4m先を11.5km/h,後続列車なし,0.0,69.6,未発車,20.0,14.5,anti_mid_stop,0.9,次駅減速フェーズでブレーキを適切に使用し、CBTC信号に従い過走リスクは小さく、駅間停車防止モードでも過加速はなく高評価となる。
121.0,Train11,巡航フェーズ（駅間走行中）,力行（加速）中,2.0,惰行,1.0,70.0,70.0,44.2,70.0,881.1,57.0,88.3887453600771,0.0,12.5,この先制限速度なし,この先目立った勾配なし,前方881.5m先を0.0km/h,後続列車なし,10.0,2.0,未発車,100.0,70.0,normal,0.0,惰行から2秒の力行への不合理な切替で保持時間が7秒未満、合理的根拠なしのノコギリ運転と判定されreward上限0.0となる。
29.0,Train11,巡航フェーズ（駅間走行中）,力行（加速）中,1.0,惰行,2.0,70.0,70.0,42.38,70.0,1957.3,60.0,97.74597549928853,0.0,-2.1,この先制限速度なし,167m先に下り勾配6.7‰あり,前方1032.0m先を62.6km/h,後続列車なし,10.0,109.0,未発車,70.0,70.0,normal,0.3,前後のノッチが7秒未満で切替され、合理的理由がなくノコギリ運転と判定されたため、reward上限0.3点となった。
191.6999999999998,Train11,次駅への減速フェーズ（駅手前400m以内）,惰行中,0.1,ブレーキ（減速）,0.1,70.0,68.8,35.17,70.0,54.4,0.0,58.41637158844935,11.8,9.2,この先制限速度なし,この先目立った勾配なし,前方269.3m先を41.1km/h,後続列車なし,0.0,0.0,発車済み,35.0,70.0,normal,0.0,delta_stopが-4.02mでブレーキをかけていないためオーバーランがほぼ確実、即時0点ルールが適用される。
136.0,Train11,次駅への減速フェーズ（駅手前400m以内）,惰行中,9.0,力行（加速）,1.0,70.0,56.6,52.69,52.7,204.8,42.0,134.94425934114668,0.0,6.1,この先制限速度なし,14m先に上り勾配9.2‰あり,前方205.2m先を0.0km/h,後続列車なし,0.0,42.0,未発車,35.0,22.1,anti_mid_stop,0.2,先行列車が停車しているため駅間停車防止モード。現在速度が target_speed_no_stop(22.1km/h) を大きく超えており機外停車リスクが高く評価を大幅に減点した。
175.69999999999945,Train11,次駅への減速フェーズ（駅手前400m以内）,ブレーキ（減速）中,0.1,惰行,0.1,70.0,70.0,24.45,0.0,0.0,4.3,31.888372245974583,0.0,0.0,この先制限速度なし,この先目立った勾配なし,前方318.7m先を45.3km/h,後続列車なし,10.0,0.0,発車済み,70.0,0.0,normal,0.0,delta_stopが-31.89mでブレーキ中でもオーバーランが確実と判断され、即reward0.0ルールが適用されたため。
41.0,Train11,巡航フェーズ（駅間走行中）,惰行中,2.0,力行（加速）,13.0,70.0,70.0,39.38,70.0,1911.2,26.0,84.53750729543768,0.0,-2.1,この先制限速度なし,121m先に下り勾配6.7‰あり,前方607.3m先を48.0km/h,後続列車なし,0.0,0.0,,35.0,70.0,normal,0.2,巡航フェーズでrequired_speed 70km/hに対し39.4km/hのまま惰行を続け、速度不足が大きく遅延リスクが高いため減点し、reward 0.2とする。
148.3999999999997,Train11,次駅への減速フェーズ（駅手前400m以内）,ブレーキ（減速）中,0.30000000000000004,惰行,0.1,70.0,0.0,29.42,29.4,38.1,29.6,40.975036108219555,0.0,9.2,この先制限速度なし,この先目立った勾配なし,前方38.5m先を0.0km/h,後続列車なし,5.0,34.6,未発車,50.0,10.7,anti_mid_stop,0.0,先行列車が38.5m先で停止しており距離が40m未満のため即時衝突リスクと判定し、即reward0.0ルールが適用された。
158.29999999999936,Train11,次駅への減速フェーズ（駅手前400m以内）,ブレーキ（減速）中,2.3000000000000007,力行（加速）,0.1,70.0,0.0,14.61,0.0,0.0,19.7,11.427215644726722,0.0,0.0,この先制限速度なし,この先目立った勾配なし,前方0.0m先を0.0km/h,後続列車なし,10.0,44.7,未発車,35.0,0.0,normal,0.0,ブレーキ中にdelta_stopが-11.43mでオーバーランが確実なため即時0点とした。
151.89999999999944,Train11,次駅への減速フェーズ（駅手前400m以内）,ブレーキ（減速）中,0.1,惰行,0.2,70.0,70.0,22.44,0.0,0.0,28.1,26.882402341254927,0.0,0.0,この先制限速度なし,この先目立った勾配なし,前方373.2m先を48.3km/h,後続列車なし,0.0,0.0,,50.0,0.0,normal,0.0,delta_stop が -26.88m と大きく負で、ブレーキ中でもオーバーランが確実と判断され即0点とした。
16.0,Train11,駅出発直後の加速フェーズ（20秒以内）,ブレーキ（減速）中,7.0,力行（加速）,10.0,70.0,70.0,9.96,70.0,2110.7,59.0,5.4749341161610365,0.0,-2.1,この先制限速度なし,320m先に下り勾配6.7‰あり,前方941.1m先を48.2km/h,後続列車なし,0.0,0.0,,70.0,70.0,normal,0.2,加速フェーズで不必要にブレーキを7秒継続し、定時性と省エネ性を著しく損なうため低評価とした。
20.0,Train11,駅出発直後の加速フェーズ（20秒以内）,力行（加速）中,4.0,惰行,1.0,70.0,70.0,30.52,70.0,2094.2,65.0,51.00480693440075,0.0,-2.1,この先制限速度なし,304m先に下り勾配6.7‰あり,前方1099.3m先を62.9km/h,後続列車なし,5.0,128.0,未発車,70.0,65.2,normal,0.0,1秒未満の惰行から力行への不合理な切替がノコギリ運転と判定され、上限0.0点となったため。
189.39999999999907,Train11,次駅への減速フェーズ（駅手前400m以内）,ブレーキ（減速）中,0.7999999999999999,力行（加速）,0.1,70.0,70.0,0.77,0.0,0.0,0.0,0.03185923551215476,9.5,0.0,この先制限速度なし,この先目立った勾配なし,前方1042.9m先を60.7km/h,後続列車なし,5.0,0.0,発車済み,100.0,0.0,normal,0.9,ブレーキが適切に掛かり、delta_stop が許容範囲内で安全違反なし、ノコギリ運転もなく、全項目で問題がないため高評価。
12.0,Train11,駅出発直後の加速フェーズ（20秒以内）,力行（加速）中,13.0,ブレーキ（減速）,30.0,70.0,70.0,28.74,70.0,2124.9,45.0,45.26602444419625,0.0,-2.1,この先制限速度なし,334m先に下り勾配6.7‰あり,前方638.8m先を63.0km/h,後続列車なし,5.0,141.0,未発車,50.0,60.5,anti_mid_stop,0.9,先行列車が塞いでいるため駅間停車防止モード。target_speed_no_stop以下での加速は正当で、上限超過やノコギリ運転はなく安全・省エネに優れる。
211.0,Train11,次駅への減速フェーズ（駅手前400m以内）,力行（加速）中,5.0,惰行,1.0,70.0,70.0,36.84,70.0,133.4,0.0,64.04815549168038,32.0,9.2,この先制限速度なし,この先目立った勾配なし,前方883.6m先を55.5km/h,後続列車なし,0.0,0.0,発車済み,70.0,70.0,delay_recovery,0.0,持続時間1秒未満の力行→惰行の切替が合理的理由なくノコギリ運転と判定され、reward上限が0.0となる。
71.0,Train11,巡航フェーズ（駅間走行中）,惰行中,8.0,力行（加速）,13.0,70.0,70.0,60.3,60.3,1362.6,107.0,190.18195183764072,0.0,0.0,この先制限速度なし,372m先に上り勾配12.5‰あり,前方1362.6m先を1.8km/h,後続列車なし,5.0,32.0,未発車,100.0,60.3,normal,1.0,巡航フェーズでrequired_speedと同等の60.3km/hを惰行で維持し、制限速度・CBTCを遵守、先行列車との間隔も安全でエネルギー効率が高く、全項目で問題がないため最高評価とした。
22.0,Train11,巡航フェーズ（駅間走行中）,力行（加速）中,1.0,惰行,1.0,70.0,70.0,33.56,70.0,2032.8,50.0,61.58151531863469,0.0,-2.1,この先制限速度なし,242m先に下り勾配6.7‰あり,前方809.7m先を63.5km/h,後続列車なし,0.0,156.0,未発車,50.0,52.3,anti_mid_stop,0.0,短時間での力行への切替が合理的理由なく行われ、ノコギリ運転と判定され上限0.0点となった。
45.0,Train11,巡航フェーズ（駅間走行中）,惰行中,1.0,力行（加速）,11.0,70.0,70.0,35.93,70.0,1935.8,51.0,70.50218024202267,0.0,-2.1,この先制限速度なし,145m先に下り勾配6.7‰あり,前方1115.1m先を62.5km/h,後続列車なし,0.0,133.0,未発車,50.0,57.5,anti_mid_stop,0.2,先行が塞いでいるため駅間停車防止モード。現在速度が target_speed_no_stop を10km/h以上下回り、惰行は無駄な遅延となるため減点し0.2とする。
142.69999999999985,Train11,次駅への減速フェーズ（駅手前400m以内）,ブレーキ（減速）中,2.800000000000001,力行（加速）,1.0,70.0,6.0,44.99,45.0,51.3,35.3,95.14874869895475,0.0,9.2,この先制限速度なし,この先目立った勾配なし,前方51.7m先を0.0km/h,後続列車なし,5.0,25.3,未発車,35.0,12.5,anti_mid_stop,0.0,delta_stopが-43.85mでブレーキ中でもオーバーランがほぼ確実と判断され、即reward0.0ルールが適用された。
32.0,Train11,巡航フェーズ（駅間走行中）,力行（加速）中,3.0,ブレーキ（減速）,6.0,70.0,70.0,24.17,70.0,1951.9,35.0,32.07862692781872,0.0,-2.1,この先制限速度なし,161m先に下り勾配6.7‰あり,前方641.2m先を63.1km/h,後続列車なし,0.0,146.0,未発車,35.0,53.2,anti_mid_stop,0.5,先行列車が塞いでいるため駅間停車防止モード。target_speed_no_stop未満で加速は適切だが、直前のブレーキからの短時間切替がノコギリ運転と判定され、reward上限0.5となる。
151.7999999999994,Train11,次駅への減速フェーズ（駅手前400m以内）,ブレーキ（減速）中,0.8999999999999999,力行（加速）,0.1,70.0,0.0,14.05,14.1,3.1,26.2,9.394373810281362,0.0,9.2,この先制限速度なし,この先目立った勾配なし,前方3.5m先を0.0km/h,後続列車なし,10.0,6.2,未発車,50.0,14.1,normal,0.0,ブレーキ中でも delta_stop が -6.29 m と過走が確実で安全違反となり即時0点とする。
148.69999999999928,Train11,次駅への減速フェーズ（駅手前400m以内）,ブレーキ（減速）中,2.1000000000000005,惰行,0.1,70.0,0.0,11.01,0.0,0.0,29.3,6.496818631043105,0.0,0.0,この先制限速度なし,この先目立った勾配なし,前方0.0m先を0.0km/h,後続列車なし,0.0,59.3,未発車,20.0,0.0,normal,0.0,delta_stopが-6.5mでブレーキ中でもオーバーランが確実なため、即0.0と評価する。
230.0,Train11,次駅への減速フェーズ（駅手前400m以内）,ブレーキ（減速）中,6.0,力行（加速）,11.0,70.0,70.0,18.92,70.0,397.6,0.0,17.671713061363977,51.0,6.1,この先制限速度なし,207m先に上り勾配9.2‰あり,前方1979.0m先を63.1km/h,後続列車なし,0.0,0.0,発車済み,100.0,70.0,delay_recovery,0.2,次駅減速フェーズでdelta_stopが380mと過大、早すぎるブレーキにより遅延が拡大し、遅延回復モードに不適切。
148.49999999999957,Train11,次駅への減速フェーズ（駅手前400m以内）,ブレーキ（減速）中,0.1,力行（加速）,0.1,70.0,0.0,25.15,25.1,20.7,29.5,29.992910634027847,0.0,9.2,この先制限速度なし,この先目立った勾配なし,前方21.1m先を0.0km/h,後続列車なし,0.0,29.5,未発車,20.0,7.9,anti_mid_stop,0.0,delta_stopが-9.29mでブレーキ中にも関わらずオーバーランが確実と判定され、即0.0ルールに該当するため。
88.0,Train11,巡航フェーズ（駅間走行中）,力行（加速）中,4.0,ブレーキ（減速）,1.0,70.0,70.0,48.5,67.2,1346.3,90.0,123.96737108194499,0.0,0.0,この先制限速度なし,356m先に上り勾配12.5‰あり,前方1346.7m先を0.0km/h,後続列車なし,10.0,35.0,未発車,100.0,67.2,normal,0.0,直前のブレーキ1秒から力行4秒へ切替し、保持時間が7秒未満で合理的理由がなくノコギリ運転と判定されたため、reward上限は0.0となる。
169.79999999999944,Train11,次駅への減速フェーズ（駅手前400m以内）,ブレーキ（減速）中,0.2,惰行,0.1,70.0,68.4,17.73,17.7,15.8,10.2,14.943582010520688,0.0,9.2,この先制限速度なし,この先目立った勾配なし,前方266.7m先を42.7km/h,後続列車なし,10.0,0.0,発車済み,100.0,17.7,normal,1.0,次駅減速フェーズでブレーキが適切に作動し、delta_stop 0.86 mで安全に停車でき、制限速度・CBTCも遵守しているため最高評価。
206.0,Train11,次駅への減速フェーズ（駅手前400m以内）,ブレーキ（減速）中,1.0,力行（加速）,5.0,70.0,70.0,40.26,70.0,174.6,0.0,76.37088074533926,27.0,9.2,この先制限速度なし,この先目立った勾配なし,前方566.0m先を47.4km/h,後続列車なし,0.0,0.0,発車済み,50.0,70.0,normal,0.2,ブレーキ開始が必要停止距離より98m余分に早く、delta_stop>30mの大幅早期ブレーキとなり定時性とエネルギー効率が著しく低下したため。
166.39999999999992,Train11,次駅への減速フェーズ（駅手前400m以内）,力行（加速）中,0.2,惰行,0.1,70.0,70.0,32.66,35.2,83.5,13.6,50.43019375484076,0.0,9.2,この先制限速度なし,この先目立った勾配なし,前方654.6m先を48.0km/h,後続列車なし,0.0,0.0,,50.0,35.2,normal,0.0,0.1秒以下の惰行から0.2秒の力行への切替に合理的根拠がなく、ノコギリ運転と判定され上限rewardが0.0点となった。
130.0,Train11,巡航フェーズ（駅間走行中）,力行（加速）中,10.0,惰行,8.0,70.0,70.0,40.33,70.0,818.9,41.0,73.72237772270074,0.0,12.5,この先制限速度なし,この先目立った勾配なし,前方809.7m先を9.4km/h,後続列車なし,5.0,68.0,未発車,35.0,61.1,anti_mid_stop,0.9,先行列車が塞いでいるため駅間停車防止モードと判定し、target_speed_no_stop以下で加速している点が適切で、制限速度・CBTC・間隔も問題なし。
211.29999999999959,Train11,次駅への減速フェーズ（駅手前400m以内）,ブレーキ（減速）中,0.6,惰行,0.1,70.0,12.1,24.75,70.0,27.4,0.0,29.05069248405311,31.4,9.2,この先制限速度なし,この先目立った勾配なし,前方56.9m先を20.6km/h,後続列車なし,10.0,0.0,発車済み,20.0,70.0,delay_recovery,0.9,ブレーキが適切に掛かりdelta_stopが許容範囲内、制限速度・CBTC遵守、即時0点条件なし、ノコギリ運転でもなく間隔も安全なため高評価。
133.0,Train11,巡航フェーズ（駅間走行中）,ブレーキ（減速）中,1.0,力行（加速）,9.0,70.0,70.0,44.78,70.0,867.6,31.0,90.69813667435282,0.0,12.5,この先制限速度なし,この先目立った勾配なし,前方831.3m先を18.4km/h,後続列車なし,0.0,75.0,未発車,20.0,62.2,anti_mid_stop,0.3,先行列車が塞いで駅間停車防止モードであるにも関わらず、現在速度がtarget_speed_no_stopを10km/h以上下回りブレーキしているため遅延リスクとエネルギー無駄が生じ、評価を低くした。
197.0999999999996,Train11,次駅への減速フェーズ（駅手前400m以内）,ブレーキ（減速）中,0.2,力行（加速）,0.1,70.0,70.0,28.31,70.0,22.6,0.0,37.958011648208014,17.2,9.2,この先制限速度なし,この先目立った勾配なし,前方713.2m先を54.4km/h,後続列車なし,5.0,0.0,発車済み,70.0,70.0,normal,0.0,ブレーキ中にdelta_stopが-15.36mでオーバーランが確実と判断され、即時0点ルールが適用されたためreward=0.0。
146.7999999999994,Train11,次駅への減速フェーズ（駅手前400m以内）,ブレーキ（減速）中,0.2,惰行,0.1,70.0,0.0,16.56,16.6,5.0,31.2,13.04110970883539,0.0,9.2,この先制限速度なし,この先目立った勾配なし,前方5.3m先を0.7km/h,後続列車なし,0.0,61.2,未発車,20.0,3.9,anti_mid_stop,0.0,delta_stopが-8.04mでブレーキ中でもオーバーランが確実と判断され、即時0点ルールが適用されたため。
52.0,Train11,巡航フェーズ（駅間走行中）,力行（加速）中,11.0,惰行,8.0,70.0,70.0,42.35,70.0,1769.1,65.0,104.23843621925009,0.0,-6.7,この先制限速度なし,この先目立った勾配なし,前方1243.4m先を61.0km/h,後続列車なし,10.0,101.0,未発車,70.0,60.1,anti_mid_stop,1.0,先行列車が塞いでいるため駅間停車防止モード。target_speed_no_stop以下での加速は適切で、速度超過や信号違反はなく安全に運転している。
164.99999999999937,Train11,次駅への減速フェーズ（駅手前400m以内）,ブレーキ（減速）中,1.3,惰行,0.1,70.0,48.3,13.8,13.8,6.2,15.0,9.063673672093277,0.0,9.2,この先制限速度なし,この先目立った勾配なし,前方159.6m先を47.6km/h,後続列車なし,0.0,0.0,,20.0,13.8,normal,0.0,低速(13.8km/h)で駅手前400m以内に入り、delta_stopが-2.86mと規定の-1m以下でオーバーランが確実と判断され、次駅減速フェーズでのブレーキが遅すぎるためrewardは0.0とした。
30.0,Train11,巡航フェーズ（駅間走行中）,力行（加速）中,2.0,惰行,1.0,70.0,70.0,47.92,70.0,1925.3,56.0,124.56523687407551,0.0,-2.1,この先制限速度なし,135m先に下り勾配6.7‰あり,前方943.6m先を48.4km/h,後続列車なし,0.0,0.0,,70.0,70.0,normal,0.9,巡航フェーズでrequired_speed未達だが加速が適切に行われ、制限速度・CBTC遵守、間隔・ノコギリ運転なしで安全に運転しているため高評価。
35.0,Train11,巡航フェーズ（駅間走行中）,惰行中,3.0,力行（加速）,1.0,70.0,70.0,36.64,70.0,1927.7,30.0,73.28918245007034,0.0,-2.1,この先制限速度なし,137m先に下り勾配6.7‰あり,前方581.8m先を63.5km/h,後続列車なし,5.0,133.0,未発車,35.0,57.4,anti_mid_stop,0.0,ノコギリ運転と判定され、reward上限が0.0に設定されたため評価は0.0となる。
60.0,Train11,巡航フェーズ（駅間走行中）,力行（加速）中,3.0,ブレーキ（減速）,8.0,70.0,70.0,37.56,70.0,1616.0,30.0,74.80147131943785,0.0,0.0,この先制限速度なし,この先目立った勾配なし,前方708.1m先を62.7km/h,後続列車なし,5.0,108.0,未発車,35.0,61.3,anti_mid_stop,1.0,先行列車が塞いで駅間停車防止モードと判定され、target_speed_no_stop以下で加速中であり、速度上限超過や安全違反がなく、ノコギリ運転でもないため高評価とした。
43.0,Train11,巡航フェーズ（駅間走行中）,力行（加速）中,13.0,惰行,8.0,70.0,70.0,39.34,70.0,1927.2,51.0,84.36768379656189,0.0,-2.1,この先制限速度なし,137m先に下り勾配6.7‰あり,前方1071.8m先を63.0km/h,後続列車なし,0.0,120.0,未発車,50.0,63.0,anti_mid_stop,1.0,先行列車が塞いでいるため駅間停車防止モード。target_speed_no_stop以下で加速しており、過加速やノコギリ運転はなく安全・CBTC順守で適切な操作。
201.29999999999993,Train11,次駅への減速フェーズ（駅手前400m以内）,力行（加速）中,0.30000000000000004,ブレーキ（減速）,0.1,70.0,54.8,40.88,70.0,84.2,0.0,78.71792369602665,21.4,9.2,この先制限速度なし,この先目立った勾配なし,前方190.4m先を33.4km/h,後続列車なし,5.0,0.0,発車済み,20.0,70.0,normal,0.0,ブレーキから加速への短時間切替が不合理なノコギリ運転と判定され、reward上限が0.0となった。
68.0,Train11,巡航フェーズ（駅間走行中）,力行（加速）中,9.0,ブレーキ（減速）,1.0,70.0,70.0,62.95,70.0,1401.3,15.0,206.88322739822362,0.0,0.0,この先制限速度なし,411m先に上り勾配12.5‰あり,前方371.4m先を63.3km/h,後続列車なし,5.0,115.0,未発車,20.0,50.8,anti_mid_stop,0.2,先行列車が塞いでいる駅間停車防止モードで、現在速度がtarget_speed_no_stop 50.8km/hを12km/h上回り過剰加速となり機外停車リスクがあるため低評価とした。
155.0,Train11,巡航フェーズ（駅間走行中）,力行（加速）中,14.0,惰行,8.0,70.0,70.0,37.59,70.0,1185.8,25.0,74.91985970661197,0.0,0.0,この先制限速度なし,195m先に上り勾配12.5‰あり,前方1328.0m先を36.7km/h,後続列車なし,5.0,0.0,発車済み,100.0,70.0,normal,0.9,巡航フェーズでrequired_speed未達のため加速は適切で、速度・信号・制限を遵守し、ノコギリ運転や間隔問題もなく、停止位置も確保できるため高評価。
145.89999999999984,Train11,次駅への減速フェーズ（駅手前400m以内）,惰行中,0.1,ブレーキ（減速）,0.4,70.0,70.0,34.89,34.9,58.9,34.1,57.49697580423865,0.0,9.2,この先制限速度なし,この先目立った勾配なし,前方623.3m先を47.8km/h,後続列車なし,0.0,0.0,,70.0,34.9,normal,0.0,ブレーキ後すぐ惰行へ切替したが合理的根拠がなく持続時間が7秒未満のためノコギリ運転と判定し、上限0.0点となった。
160.1999999999997,Train11,次駅への減速フェーズ（駅手前400m以内）,力行（加速）中,0.1,ブレーキ（減速）,0.2,70.0,0.0,32.42,32.4,44.4,17.8,49.69675869751443,0.0,9.2,この先制限速度なし,この先目立った勾配なし,前方44.8m先を0.0km/h,後続列車なし,10.0,12.8,未発車,50.0,11.6,anti_mid_stop,0.0,CBTC信号0km/hを無視し加速しているため安全違反となり即0点とする。
122.0,Train11,次駅への減速フェーズ（駅手前400m以内）,惰行中,10.0,力行（加速）,1.0,70.0,70.0,63.0,63.0,382.3,41.0,191.69521359752255,0.0,6.1,この先制限速度なし,192m先に上り勾配9.2‰あり,前方340.7m先を19.7km/h,後続列車なし,5.0,46.0,未発車,35.0,33.4,anti_mid_stop,0.1,駅間停車防止モードでtarget_speed_no_stop(33.4km/h)を大きく超えて走行し、先行列車との間隔が危険に縮まるため減点し、rewardを0.1とした。
128.0,Train11,次駅への減速フェーズ（駅手前400m以内）,力行（加速）中,1.0,惰行,1.0,70.0,28.1,66.76,70.0,242.7,21.0,214.72085096392755,0.0,6.1,この先制限速度なし,52m先に上り勾配9.2‰あり,前方88.8m先を38.1km/h,後続列車なし,10.0,90.0,未発車,20.0,23.6,anti_mid_stop,0.0,CBTC信号28.1km/hを大幅に超えて加速し、ブレーキ未実施のため即時0点とした。
194.0,Train11,巡航フェーズ（駅間走行中）,ブレーキ（減速）中,2.0,力行（加速）,8.0,70.0,70.0,29.56,70.0,422.9,0.0,42.965239826872995,15.0,6.1,この先制限速度なし,232m先に上り勾配9.2‰あり,前方440.4m先を16.5km/h,後続列車なし,10.0,0.0,発車済み,50.0,70.0,normal,0.2,required_speed 70km/hに対し29.6km/hでブレーキは不要で、遅延を拡大させるため評価を低くし0.2とした。
57.0,Train11,巡航フェーズ（駅間走行中）,惰行中,2.0,力行（加速）,32.0,70.0,70.0,55.74,70.0,1675.3,11.0,178.98592970457418,0.0,-6.7,この先制限速度なし,この先目立った勾配なし,前方384.7m先を47.9km/h,後続列車なし,0.0,0.0,,20.0,70.0,normal,0.2,必要巡航速度70km/hに対し55.7km/hで惰行を続けており、遅延を拡大させるため大幅減点し0.2とする。
22.0,Train11,巡航フェーズ（駅間走行中）,力行（加速）中,23.0,ブレーキ（減速）,30.0,70.0,70.0,41.58,70.0,2025.6,65.0,94.132870604381,0.0,-2.1,この先制限速度なし,235m先に下り勾配6.7‰あり,前方1065.6m先を62.4km/h,後続列車なし,5.0,126.0,未発車,70.0,63.8,anti_mid_stop,1.0,先行列車が塞いで駅間停車防止モード。target_speed_no_stop以下で加速しており、制限速度・CBTC遵守、間隔・エネルギー面でも問題なし。
12.0,Train11,駅出発直後の加速フェーズ（20秒以内）,惰行中,4.0,ブレーキ（減速）,3.0,70.0,60.6,9.05,70.0,2145.0,20.0,4.521397692144681,0.0,-2.1,この先制限速度なし,355m先に下り勾配6.7‰あり,前方247.7m先を50.6km/h,後続列車なし,0.0,166.0,未発車,20.0,52.8,anti_mid_stop,0.2,先行列車が塞いでいるためanti_mid_stopモードだが、target_speed_no_stopを大きく下回る惰行と短時間のブレーキ→惰行切替が見られ減点対象となる。
196.9999999999995,Train11,次駅への減速フェーズ（駅手前400m以内）,ブレーキ（減速）中,1.3,惰行,0.1,70.0,70.0,21.96,70.0,6.4,0.0,22.89281837297043,17.1,9.2,この先制限速度なし,この先目立った勾配なし,前方772.0m先を55.8km/h,後続列車なし,0.0,0.0,発車済み,100.0,70.0,normal,0.0,delta_stopが-16.49mでブレーキ中にもかかわらずオーバーランがほぼ確実と判定され、即0.0ルールが適用されたため。
154.69999999999956,Train11,次駅への減速フェーズ（駅手前400m以内）,ブレーキ（減速）中,0.5,惰行,0.1,70.0,0.0,24.45,24.4,14.9,23.3,28.35378646878346,0.0,9.2,この先制限速度なし,この先目立った勾配なし,前方15.2m先を0.0km/h,後続列車なし,10.0,48.3,未発車,35.0,6.7,anti_mid_stop,0.0,delta_stopが-13.45mでブレーキ中でもオーバーランが確実と判定され、即0点ルールが適用されたため。
122.0,Train11,巡航フェーズ（駅間走行中）,力行（加速）中,4.0,惰行,1.0,70.0,70.0,59.87,70.0,942.4,31.0,160.81537196417543,0.0,12.5,この先制限速度なし,この先目立った勾配なし,前方827.9m先を32.8km/h,後続列車なし,0.0,56.0,未発車,20.0,70.0,normal,1.0,required_speed未達で加速が必要であり、制限速度・CBTCを遵守し、合理的な力行でノコギリ運転や間隔問題もなく定時・省エネ的に適切。
145.49999999999986,Train11,次駅への減速フェーズ（駅手前400m以内）,ブレーキ（減速）中,0.5,力行（加速）,0.1,70.0,17.5,36.02,36.0,64.2,32.5,61.25114454338547,0.0,9.2,この先制限速度なし,この先目立った勾配なし,前方64.6m先を0.0km/h,後続列車なし,5.0,37.5,未発車,50.0,14.0,anti_mid_stop,1.0,先行列車が停車中で駅間停車防止モード。CBTC減速に従い適切にブレーキをかけ、停止位置誤差も許容範囲内のため高評価。
115.0,Train11,巡航フェーズ（駅間走行中）,惰行中,1.0,力行（加速）,1.0,70.0,70.0,47.37,70.0,955.1,56.0,101.36292178581009,0.0,12.5,この先制限速度なし,この先目立った勾配なし,前方945.8m先を9.4km/h,後続列車なし,5.0,38.0,未発車,50.0,70.0,normal,0.0,力行→惰行への短時間切替が合理的根拠なく行われたためノコギリ運転と判定され、reward上限が0.0となった。
13.0,Train11,駅出発直後の加速フェーズ（20秒以内）,力行（加速）中,2.0,惰行,1.0,70.0,70.0,22.95,70.0,2127.9,99.0,28.936473254064992,0.0,-2.1,この先制限速度なし,337m先に下り勾配6.7‰あり,前方1533.9m先を61.9km/h,後続列車なし,5.0,120.0,未発車,100.0,70.0,normal,0.0,惰行(1s)から力行(2s)への切替が合理的根拠なく7秒未満で行われ、ノコギリ運転と判定されreward上限が0.0となった。
154.0,Train11,巡航フェーズ（駅間走行中）,力行（加速）中,1.0,ブレーキ（減速）,1.0,70.0,70.0,39.01,70.0,493.8,26.0,74.51055574525543,0.0,6.1,この先制限速度なし,303m先に上り勾配9.2‰あり,前方735.3m先を42.3km/h,後続列車なし,10.0,0.0,発車済み,100.0,70.0,normal,0.0,ブレーキからすぐ加速への切替が合理的理由なく行われ、持続時間が2秒未満のノコギリ運転と判定され、reward上限が0.0となった。
148.79999999999973,Train11,次駅への減速フェーズ（駅手前400m以内）,ブレーキ（減速）中,0.1,力行（加速）,0.1,70.0,0.0,32.85,32.9,39.1,29.2,51.01457204548582,0.0,9.2,この先制限速度なし,この先目立った勾配なし,前方39.5m先を0.0km/h,後続列車なし,10.0,39.2,未発車,50.0,10.9,anti_mid_stop,0.0,CBTC信号0km/hに対し速度32.9km/hでブレーキ中だが、delta_stopが-11.91mでオーバーランが確実と判定され即0点。
31.0,Train11,巡航フェーズ（駅間走行中）,力行（加速）中,3.0,ブレーキ（減速）,8.0,70.0,70.0,14.45,70.0,2007.7,104.0,11.507523799477479,0.0,-2.1,この先制限速度なし,217m先に下り勾配6.7‰あり,前方1705.8m先を51.7km/h,後続列車なし,5.0,87.0,未発車,100.0,70.0,normal,0.1,長時間ブレーキ後に理由なく力行へ切替え、required_speed(70km/h)から大きく乖離した低速走行で遅延拡大のため大幅減点し、rewardは0.1とした。
139.0,Train11,巡航フェーズ（駅間走行中）,惰行中,1.0,力行（加速）,4.0,70.0,70.0,44.17,70.0,639.3,37.0,103.07896969302999,0.0,0.0,この先制限速度なし,49m先に上り勾配6.1‰あり,前方637.7m先を4.3km/h,後続列車なし,10.0,34.0,未発車,35.0,64.5,anti_mid_stop,0.2,先行列車が塞いで駅間停車防止モード。現在速度がtarget_speed_no_stopを20km/h下回り惰行し、力行→惰行の短時間切替でノコギリ運転と判定されreward上限0.3となる。
194.29999999999998,Train11,次駅への減速フェーズ（駅手前400m以内）,惰行中,0.1,ブレーキ（減速）,0.1,70.0,70.0,39.82,70.0,89.7,0.0,74.7262486519581,14.4,9.2,この先制限速度なし,この先目立った勾配なし,前方277.6m先を39.7km/h,後続列車なし,5.0,0.0,発車済み,50.0,70.0,normal,0.0,ブレーキから0.1秒で惰行へ切替え、保持時間が7秒未満で合理的理由がなくノコギリ運転と判定され、reward上限が0.0になる。
79.0,Train11,巡航フェーズ（駅間走行中）,惰行中,2.0,力行（加速）,1.0,70.0,70.0,67.12,70.0,1129.0,71.0,234.4942789653523,0.0,0.0,この先制限速度なし,139m先に上り勾配12.5‰あり,前方985.5m先を36.8km/h,後続列車なし,10.0,74.0,未発車,70.0,58.0,anti_mid_stop,0.0,先行列車が塞いでいる駅間停車防止モードで、速度がtarget_speed_no_stop上限を超え、力行→惰行の短時間切替に合理性がなくノコギリ運転と判定されたためreward上限が0.0となった。
74.0,Train11,巡航フェーズ（駅間走行中）,ブレーキ（減速）中,6.0,力行（加速）,1.0,70.0,70.0,20.87,70.0,1539.6,76.0,23.26638616610473,0.0,0.0,この先制限速度なし,この先目立った勾配なし,前方1396.1m先を36.8km/h,後続列車なし,5.0,89.0,未発車,70.0,69.1,normal,0.0,巡航フェーズでrequired_speed70km/hに対し20.9km/hのブレーキを続け、CBTCや先行列車の要因がなく、持続時間6秒の不合理な力行→減速切替でノコギリ運転と判定され上限0.0点となった。
29.0,Train11,巡航フェーズ（駅間走行中）,力行（加速）中,1.0,ブレーキ（減速）,1.0,70.0,70.0,39.38,70.0,1975.7,30.0,84.53750729543768,0.0,-2.1,この先制限速度なし,185m先に下り勾配6.7‰あり,前方524.6m先を63.3km/h,後続列車なし,5.0,154.0,未発車,35.0,51.6,anti_mid_stop,0.0,ブレーキ(1s)から加速(1s)への切替に合理的根拠がなく、ノコギリ運転と判定されreward上限が0.0となった。
184.0,Train11,次駅への減速フェーズ（駅手前400m以内）,力行（加速）中,3.0,ブレーキ（減速）,1.0,70.0,68.8,37.98,70.0,137.3,0.0,68.03811156032641,5.0,9.2,この先制限速度なし,この先目立った勾配なし,前方269.4m先を35.9km/h,後続列車なし,0.0,0.0,発車済み,35.0,70.0,normal,0.0,減速フェーズで加速し、ブレーキ→力行の短時間切替がノコギリ運転と判定され、reward上限が0.0となる。
29.0,Train11,巡航フェーズ（駅間走行中）,ブレーキ（減速）中,1.0,力行（加速）,1.0,70.0,65.7,29.07,70.0,1993.9,15.0,46.30454336556862,0.0,-2.1,この先制限速度なし,203m先に下り勾配6.7‰あり,前方281.1m先を60.3km/h,後続列車なし,5.0,184.0,未発車,20.0,44.5,anti_mid_stop,0.0,先行列車が塞いでいる駅間停車防止モードで、target_speed_no_stop44.5km/hを大きく下回る29.1km/hでブレーキに切り替え、直前の力行から1秒で逆転したためノコギリ運転と判定され、reward上限0.0点となった。
94.0,Train11,巡航フェーズ（駅間走行中）,力行（加速）中,7.0,惰行,2.0,70.0,59.6,66.98,70.0,872.7,13.0,200.4090677251602,0.0,12.5,この先制限速度なし,この先目立った勾配なし,前方209.4m先を62.7km/h,後続列車なし,10.0,124.0,未発車,20.0,61.3,anti_mid_stop,0.0,CBTC信号速度59.6km/hを超えて67km/hで走行しブレーキしていないため即時0点ルールが適用され、rewardは0.0となる。
169.49999999999974,Train11,次駅への減速フェーズ（駅手前400m以内）,ブレーキ（減速）中,0.1,惰行,0.2,70.0,70.0,31.67,70.0,55.7,10.5,47.438810302880526,0.0,9.2,この先制限速度なし,この先目立った勾配なし,前方667.9m先を47.8km/h,後続列車なし,0.0,0.0,,50.0,70.0,normal,0.5,次駅までの残距離より早くブレーキを開始し、停止位置が手前になる可能性が高くエネルギー効率が低下したため減点した。
194.69999999999956,Train11,次駅への減速フェーズ（駅手前400m以内）,ブレーキ（減速）中,0.4,力行（加速）,0.1,70.0,0.0,26.42,70.0,27.6,0.0,33.08289279357852,16.8,9.2,この先制限速度なし,この先目立った勾配なし,前方28.0m先を0.0km/h,後続列車なし,10.0,8.3,未発車,20.0,9.1,anti_mid_stop,0.0,delta_stopが-5.48mでオーバーランが確実となり即0.0ルールが適用されたため、rewardは0.0とした。
177.99999999999915,Train11,次駅への減速フェーズ（駅手前400m以内）,ブレーキ（減速）中,4.799999999999999,力行（加速）,0.1,70.0,70.0,4.03,0.0,0.0,2.0,0.8720580696707699,0.0,0.0,この先制限速度なし,この先目立った勾配なし,前方286.5m先を44.2km/h,後続列車なし,0.0,0.0,発車済み,70.0,0.0,normal,0.8,次駅減速フェーズで適切にブレーキし、CBTC・制限速度を遵守、停止位置は許容範囲内であるため高評価とした。
152.0,Train11,巡航フェーズ（駅間走行中）,惰行中,22.0,力行（加速）,24.0,70.0,70.0,43.97,70.0,504.9,21.0,94.42737114605792,0.0,6.1,この先制限速度なし,314m先に上り勾配9.2‰あり,前方500.2m先を6.9km/h,後続列車なし,10.0,51.0,未発車,20.0,40.0,anti_mid_stop,0.9,先行列車が塞いでいるため駅間停車防止モード。現在速度44km/hはtarget_speed_no_stop 40km/hの許容範囲内で惰行し、制限速度・CBTC遵守、ノコギリ運転なし、列車間隔も適正であるため高評価。
153.4999999999994,Train11,次駅への減速フェーズ（駅手前400m以内）,ブレーキ（減速）中,3.800000000000002,力行（加速）,0.1,70.0,70.0,15.33,15.3,4.5,26.5,11.179906227710624,0.0,9.2,この先制限速度なし,この先目立った勾配なし,前方670.0m先を47.9km/h,後続列車なし,0.0,0.0,,70.0,15.3,normal,0.0,delta_stopが-6.68mでブレーキ中にも関わらずオーバーランがほぼ確実と判定され、即時0点ルールが適用されたため。
157.0,Train11,次駅への減速フェーズ（駅手前400m以内）,惰行中,8.0,ブレーキ（減速）,1.0,70.0,63.3,36.43,36.4,123.7,23.0,62.64201067253347,0.0,9.2,この先制限速度なし,この先目立った勾配なし,前方236.4m先を34.1km/h,後続列車なし,10.0,0.0,発車済み,100.0,36.4,normal,1.0,required_speedと一致し制限速度・CBTCを遵守、delta_stopに余裕がある中で惰行は適切で全項目に問題なし。
148.09999999999988,Train11,次駅への減速フェーズ（駅手前400m以内）,ブレーキ（減速）中,1.3,力行（加速）,0.1,70.0,21.9,38.29,38.3,72.4,29.9,69.14347036428404,0.0,9.2,この先制限速度なし,この先目立った勾配なし,前方72.8m先を0.0km/h,後続列車なし,0.0,14.9,未発車,50.0,38.3,normal,0.9,CBTC信号に従い適切に減速、delta_stopが3.26mで許容範囲内、速度制限・即時0ルール違反なし、ノコギリ運転もなく高評価とした。
201.7999999999995,Train11,次駅への減速フェーズ（駅手前400m以内）,ブレーキ（減速）中,0.2,惰行,0.1,70.0,52.3,22.39,70.0,17.0,0.0,23.794596184061735,21.9,9.2,この先制限速度なし,この先目立った勾配なし,前方177.9m先を38.0km/h,後続列車なし,0.0,0.0,発車済み,20.0,70.0,normal,0.0,ブレーキ中にδ_stopが-6.79mでオーバーランがほぼ確実と判断され、即時0点ルールが適用されたためreward=0.0。
2.0,Train11,駅出発直後の加速フェーズ（20秒以内）,力行（加速）中,1.0,ブレーキ（減速）,1.0,70.0,6.2,0.65,70.0,2177.0,10.0,0.023373426087989622,0.0,-2.1,この先制限速度なし,387m先に下り勾配6.7‰あり,前方52.1m先を28.7km/h,後続列車なし,10.0,201.0,未発車,20.0,45.2,anti_mid_stop,1.0,先行列車が塞いでいるため駅間停車防止モードで、target_speed_no_stop以下の加速は適切。制限速度・CBTC違反なし、ノコギリ運転でもなく、全項目で問題なし。
155.2999999999993,Train11,次駅への減速フェーズ（駅手前400m以内）,ブレーキ（減速）中,2.500000000000001,力行（加速）,0.2,70.0,0.0,10.84,0.0,0.0,22.7,6.298055298017187,0.0,0.0,この先制限速度なし,この先目立った勾配なし,前方0.0m先を0.0km/h,後続列車なし,5.0,27.7,未発車,50.0,0.0,normal,0.0,delta_stopが-6.30mでブレーキ中にも関わらずオーバーランが確実で安全違反となり、即0点とした。
181.2,Train11,次駅への減速フェーズ（駅手前400m以内）,力行（加速）中,4.299999999999999,惰行,1.0,70.0,29.2,35.58,70.0,89.8,0.0,59.77551957756749,3.3,9.2,この先制限速度なし,この先目立った勾配なし,前方90.2m先を0.0km/h,後続列車なし,10.0,6.8,未発車,20.0,20.8,anti_mid_stop,0.0,CBTC信号29.2km/hを超えて加速しブレーキ未使用で信号無視、即0.0ルールが適用されたため。
21.0,Train11,巡航フェーズ（駅間走行中）,力行（加速）中,5.0,ブレーキ（減速）,1.0,70.0,70.0,35.41,70.0,2060.4,101.0,68.49445369994568,0.0,-2.1,この先制限速度なし,270m先に下り勾配6.7‰あり,前方1601.6m先を59.3km/h,後続列車なし,5.0,82.0,未発車,100.0,70.0,normal,0.0,ブレーキから5秒未満の力行への切替に合理的根拠がなくノコギリ運転と判定され、reward上限が0.0点となった。
155.29999999999947,Train11,次駅への減速フェーズ（駅手前400m以内）,惰行中,0.1,ブレーキ（減速）,1.3,70.0,0.0,19.05,19.1,15.2,22.7,17.244286917935362,0.0,9.2,この先制限速度なし,この先目立った勾配なし,前方15.5m先を0.0km/h,後続列車なし,0.0,7.7,未発車,50.0,19.1,normal,0.0,CBTC信号0km/hに対しブレーキせず惰行しており、signal_speed超過で即0点となる。
144.39999999999986,Train11,次駅への減速フェーズ（駅手前400m以内）,ブレーキ（減速）中,0.1,惰行,0.1,70.0,70.0,40.4,40.4,60.2,35.6,76.89783218294394,0.0,9.2,この先制限速度なし,この先目立った勾配なし,前方338.6m先を48.0km/h,後続列車なし,0.0,0.0,,50.0,40.4,normal,0.0,ブレーキ中にdelta_stopが-16.7mでオーバーランが確実と判断され、即時0点ルールが適用された。
175.89999999999938,Train11,次駅への減速フェーズ（駅手前400m以内）,ブレーキ（減速）中,1.5000000000000002,力行（加速）,0.1,70.0,70.0,14.73,14.7,9.0,4.1,10.323705909148126,0.0,9.2,この先制限速度なし,この先目立った勾配なし,前方466.1m先を49.2km/h,後続列車なし,0.0,0.0,発車済み,100.0,14.7,normal,0.0,低速(14.7km/h)でブレーキ中にdelta_stopが-1.32mとなり、低速域のブレーキ過走基準でオーバーランがほぼ確実と判断したためrewardは0.0とした。
196.99999999999977,Train11,次駅への減速フェーズ（駅手前400m以内）,力行（加速）中,0.2,ブレーキ（減速）,0.30000000000000004,70.0,48.3,34.83,70.0,46.7,0.0,57.3008924067404,17.1,9.2,この先制限速度なし,この先目立った勾配なし,前方159.4m先を34.1km/h,後続列車なし,0.0,0.0,発車済み,50.0,70.0,normal,0.0,delta_stopが-10.6mでブレーキせずに加速しており、オーバーランが確実なため即時0点とした。
143.09999999999965,Train11,次駅への減速フェーズ（駅手前400m以内）,ブレーキ（減速）中,0.2,惰行,0.1,70.0,0.0,28.21,28.2,30.8,31.9,37.691792343432105,0.0,9.2,この先制限速度なし,この先目立った勾配なし,前方28.0m先を5.5km/h,後続列車なし,0.0,49.9,未発車,20.0,9.6,anti_mid_stop,0.0,ブレーキ中にdelta_stopが-6.89mでオーバーランが確実と判定され、即reward0.0ルールが適用されたため。
131.0,Train11,巡航フェーズ（駅間走行中）,惰行中,2.0,力行（加速）,3.0,70.0,70.0,54.57,70.0,579.7,21.0,144.58566406281798,0.0,6.1,この先制限速度なし,389m先に上り勾配9.2‰あり,前方455.9m先を34.1km/h,後続列車なし,10.0,87.0,未発車,20.0,37.7,anti_mid_stop,0.9,先行列車が塞いでいるため駅間停車防止モード。現在速度は上限を超えているが、惰行で減速させる操作は適切で即時安全違反はなく、評価は高めとした。
43.0,Train11,巡航フェーズ（駅間走行中）,力行（加速）中,4.0,ブレーキ（減速）,1.0,70.0,70.0,35.87,70.0,1879.9,45.0,70.2690747827344,0.0,-2.1,この先制限速度なし,89m先に下り勾配6.7‰あり,前方937.3m先を62.5km/h,後続列車なし,5.0,110.0,未発車,50.0,66.8,normal,0.0,ブレーキ1秒→力行4秒への短時間切替に合理的根拠がなくノコギリ運転と判定され、reward上限が0.0点となった。
221.29999999999959,Train11,次駅への減速フェーズ（駅手前400m以内）,ブレーキ（減速）中,1.3,惰行,0.1,70.0,30.9,25.0,70.0,31.7,0.0,29.637836931781344,41.4,9.2,この先制限速度なし,この先目立った勾配なし,前方95.1m先を27.9km/h,後続列車なし,0.0,0.0,発車済み,20.0,70.0,delay_recovery,0.9,ブレーキで適切に減速し、delta_stopが2.06mで許容範囲内、信号・速度制限遵守、前方列車との間隔も安全で、即時0点要因がないため高評価。
26.0,Train11,巡航フェーズ（駅間走行中）,力行（加速）中,13.0,ブレーキ（減速）,7.0,70.0,70.0,29.25,70.0,2082.4,20.0,46.87588807763859,0.0,-2.1,この先制限速度なし,292m先に下り勾配6.7‰あり,前方403.6m先を61.9km/h,後続列車なし,0.0,167.0,未発車,20.0,50.9,anti_mid_stop,0.9,先行列車が塞いでいるため駅間停車防止モード。target_speed_no_stop(50.9km/h)以下で加速中であり、速度上限超過や信号違反はなく、安全かつ適切な運転と判断した。
216.59999999999985,Train11,次駅への減速フェーズ（駅手前400m以内）,ブレーキ（減速）中,0.5,力行（加速）,0.2,70.0,70.0,36.3,70.0,66.2,0.0,62.1993494927157,36.7,9.2,この先制限速度なし,この先目立った勾配なし,前方602.7m先を51.2km/h,後続列車なし,0.0,0.0,発車済み,50.0,70.0,delay_recovery,0.9,ブレーキが適切に作動し、delta_stopが4 mで許容範囲内のため安全に駅停車でき、他の安全項目もすべて遵守している。
112.0,Train11,巡航フェーズ（駅間走行中）,惰行中,1.0,力行（加速）,3.0,70.0,70.0,44.97,70.0,1017.8,61.0,106.7982544536817,0.0,0.0,この先制限速度なし,27m先に上り勾配12.5‰あり,前方1013.1m先を6.9km/h,後続列車なし,0.0,66.0,未発車,50.0,57.5,anti_mid_stop,0.1,先行列車が塞いでいる駅間停車防止モードで、current_speed が target_speed_no_stop を10km/h以上下回り過度に惰行し、かつ 1秒の惰行切替が短時間でノコギリ運転と判定されたため低評価。
92.0,Train11,巡航フェーズ（駅間走行中）,力行（加速）中,2.0,惰行,2.0,70.0,70.0,66.39,70.0,929.9,45.0,196.96719895234426,0.0,12.5,この先制限速度なし,この先目立った勾配なし,前方642.1m先を50.4km/h,後続列車なし,0.0,71.0,未発車,35.0,65.9,normal,1.0,required_speed未達で加速は妥当、制限速度・CBTC遵守、先行列車との間隔適正、ノコギリ運転なし。
150.49999999999963,Train11,次駅への減速フェーズ（駅手前400m以内）,ブレーキ（減速）中,0.7999999999999999,力行（加速）,0.1,70.0,0.0,25.86,25.9,31.0,27.5,31.701938247715965,0.0,9.2,この先制限速度なし,この先目立った勾配なし,前方31.4m先を0.0km/h,後続列車なし,0.0,27.5,未発車,35.0,9.7,anti_mid_stop,0.0,先行列車が31.4m先で停止しており距離が40m未満のため安全違反と判定し、rewardを0.0とした。
65.0,Train11,巡航フェーズ（駅間走行中）,力行（加速）中,1.0,惰行,1.0,70.0,70.0,54.51,70.0,1467.8,69.0,156.01200185337507,0.0,0.0,この先制限速度なし,477m先に上り勾配12.5‰あり,前方1151.3m先を52.9km/h,後続列車なし,10.0,73.0,未発車,70.0,70.0,normal,1.0,巡航フェーズでrequired_speed未達のため加速は必須で、速度・CBTC制限を守り合理的な操作と判断し最高評価とした。
137.0,Train11,巡航フェーズ（駅間走行中）,ブレーキ（減速）中,1.0,力行（加速）,6.0,70.0,70.0,43.68,70.0,657.7,41.0,100.83238944941532,0.0,0.0,この先制限速度なし,67m先に上り勾配6.1‰あり,前方658.1m先を0.0km/h,後続列車なし,5.0,11.0,未発車,70.0,70.0,normal,0.2,巡航フェーズで加速が必要なのに不必要なブレーキを行い、ノコギリ運転と判定されたため低評価。
181.399999999999,Train11,次駅への減速フェーズ（駅手前400m以内）,ブレーキ（減速）中,0.8999999999999999,力行（加速）,0.1,70.0,70.0,0.69,0.0,0.0,0.0,0.025583466932870166,1.5,0.0,この先制限速度なし,この先目立った勾配なし,前方754.4m先を55.6km/h,後続列車なし,0.0,0.0,発車済み,100.0,0.0,normal,0.0,直前の加速が0.1秒で即ブレーキに切り替わり、保持時間が7秒未満で合理的理由がなくノコギリ運転と判定され、reward上限が0.0点となる。
195.99999999999983,Train11,次駅への減速フェーズ（駅手前400m以内）,ブレーキ（減速）中,0.8999999999999999,力行（加速）,0.30000000000000004,70.0,48.4,36.77,70.0,56.7,0.0,63.80700098321122,16.1,9.2,この先制限速度なし,この先目立った勾配なし,前方160.0m先を33.1km/h,後続列車なし,0.0,0.0,発車済み,50.0,70.0,normal,0.0,delta_stop が -7.11 m で高速域におけるオーバーランが確実と判断され、即0点ルールが適用されたため reward=0.0。
119.0,Train11,巡航フェーズ（駅間走行中）,惰行中,4.0,力行（加速）,1.0,70.0,70.0,57.02,57.0,412.9,57.0,157.6264694160975,0.0,6.1,この先制限速度なし,222m先に上り勾配9.2‰あり,前方411.3m先を4.3km/h,後続列車なし,5.0,64.0,未発車,50.0,32.0,anti_mid_stop,0.0,先行列車が前方に塞がり駅間停車防止モードだが、速度がtarget_speed_no_stop(32km/h)を大幅に上回り、力行→惰行の短時間切替に合理的理由がなくノコギリ運転と判定されたためreward上限0.0となった。
156.3999999999994,Train11,次駅への減速フェーズ（駅手前400m以内）,ブレーキ（減速）中,1.0999999999999999,惰行,0.1,70.0,0.0,16.08,16.1,9.8,21.6,12.297843822687923,0.0,9.2,この先制限速度なし,この先目立った勾配なし,前方10.1m先を0.0km/h,後続列車なし,0.0,6.6,未発車,50.0,16.1,normal,0.7,先行列車が10.1m先で停止中だがブレーキで安全確保、速度・CBTC遵守は良好。間隔が狭くNGだが致命的ではなく、全体でやや減点し0.7とする。
114.0,Train11,巡航フェーズ（駅間走行中）,力行（加速）中,1.0,惰行,28.0,70.0,70.0,36.0,70.0,984.2,19.0,58.85454466220159,0.0,12.5,この先制限速度なし,この先目立った勾配なし,前方652.8m先を54.2km/h,後続列車なし,10.0,104.0,未発車,20.0,65.5,anti_mid_stop,0.9,先行列車が次駅未発車で前方に塞がっているため駅間停車防止モードと判定し、target_speed_no_stop以下で加速している点が適切である。
154.0,Train11,巡航フェーズ（駅間走行中）,力行（加速）中,7.0,ブレーキ（減速）,1.0,70.0,70.0,46.87,70.0,526.8,24.0,107.12899864546343,0.0,6.1,この先制限速度なし,336m先に上り勾配9.2‰あり,前方527.2m先を0.0km/h,後続列車なし,5.0,29.0,未発車,35.0,60.9,anti_mid_stop,1.0,先行が塞いでいるため駅間停車防止モードと判定し、target_speed_no_stop以下で加速中。速度上限超過・ノコギリ運転なし、間隔も適正で安全かつ効率的な操作と評価した。
143.49999999999997,Train11,次駅への減速フェーズ（駅手前400m以内）,惰行中,0.30000000000000004,力行（加速）,0.1,70.0,27.4,38.58,38.6,85.2,34.5,70.18539097098785,0.0,9.2,この先制限速度なし,この先目立った勾配なし,前方85.6m先を0.0km/h,後続列車なし,5.0,39.5,未発車,50.0,16.1,anti_mid_stop,0.0,CBTC信号速度27.4km/hを超える38.6km/hで惰行し、ブレーキ未実施のため即時0点とした。
165.39999999999998,Train11,次駅への減速フェーズ（駅手前400m以内）,力行（加速）中,0.1,惰行,0.30000000000000004,70.0,70.0,33.0,70.0,92.7,14.6,51.47825844869538,0.0,9.2,この先制限速度なし,この先目立った勾配なし,前方650.4m先を47.6km/h,後続列車なし,0.0,0.0,,50.0,70.0,normal,0.0,惰行から7秒未満で力行へ切替え、次駅減速フェーズで加速したことに合理的根拠がなくノコギリ運転と判定され、reward上限が0.0となった。
174.0,Train11,巡航フェーズ（駅間走行中）,力行（加速）中,62.0,ブレーキ（減速）,3.0,70.0,70.0,62.61,70.0,511.7,4.0,189.3773757829171,0.0,6.1,この先制限速度なし,321m先に上り勾配9.2‰あり,前方512.1m先を0.0km/h,後続列車なし,5.0,9.0,未発車,35.0,70.0,normal,0.9,required_speed未達で加速中、制限速度・CBTC遵守、停車位置に十分余裕、ノコギリ運転なし、先行列車との安全距離確保に問題なし。
66.0,Train11,巡航フェーズ（駅間走行中）,ブレーキ（減速）中,7.0,惰行,7.0,70.0,70.0,34.41,70.0,1472.3,31.0,62.87982660146102,0.0,0.0,この先制限速度なし,482m先に上り勾配12.5‰あり,前方669.0m先を62.6km/h,後続列車なし,5.0,132.0,未発車,35.0,48.2,anti_mid_stop,0.2,先行列車が塞いでいるためtarget_speed_no_stop(48.2km/h)以下で走行すべきだが、現在34.4km/hでさらにブレーキを掛けて速度を下げており、遅延拡大につながるため減点し0.2とする。
177.0,Train11,次駅への減速フェーズ（駅手前400m以内）,惰行中,1.0,ブレーキ（減速）,1.0,70.0,70.0,43.8,70.0,371.2,1.0,93.70688909850155,0.0,6.1,この先制限速度なし,181m先に上り勾配9.2‰あり,前方371.6m先を0.0km/h,後続列車なし,0.0,31.0,未発車,20.0,39.7,anti_mid_stop,0.0,短時間のブレーキ→惰行切替に合理的根拠がなくノコギリ運転と判定され、reward上限が0.0点となった。
127.0,Train11,次駅への減速フェーズ（駅手前400m以内）,惰行中,13.0,ブレーキ（減速）,1.0,70.0,70.0,56.96,57.0,333.6,46.0,157.30069389022677,0.0,6.1,この先制限速度なし,143m先に上り勾配9.2‰あり,前方328.8m先を6.9km/h,後続列車なし,0.0,66.0,未発車,35.0,28.0,anti_mid_stop,0.1,先行列車が塞いでいるのにtarget_speed_no_stop 28km/hを大幅に上回る57km/hで惰行し、機外停車リスクと間隔縮小が顕著なため減点。
226.6999999999994,Train11,次駅への減速フェーズ（駅手前400m以内）,ブレーキ（減速）中,3.3000000000000016,力行（加速）,0.1,70.0,61.7,13.38,70.0,12.3,0.0,8.52137690893124,46.8,9.2,この先制限速度なし,この先目立った勾配なし,前方227.1m先を41.1km/h,後続列車なし,5.0,0.0,発車済み,35.0,70.0,delay_recovery,0.5,ブレーキは適切だが、低速域で3.8m早く停止しており停止位置誤差が中程度のため減点し0.5とする。
100.0,Train11,巡航フェーズ（駅間走行中）,ブレーキ（減速）中,1.0,惰行,1.0,70.0,70.0,50.03,70.0,1253.7,71.0,131.79055797077808,0.0,0.0,この先制限速度なし,263m先に上り勾配12.5‰あり,前方1244.5m先を9.4km/h,後続列車なし,10.0,53.0,未発車,70.0,70.0,normal,0.0,巡航フェーズで不要な減速と惰行→減速のノコギリ運転が判定され、prev_notch_durationが1秒で上限0点となったためreward=0.0。
125.0,Train11,巡航フェーズ（駅間走行中）,力行（加速）中,2.0,惰行,12.0,70.0,70.0,46.31,49.0,561.7,55.0,104.61590301150558,0.0,6.1,この先制限速度なし,371m先に上り勾配9.2‰あり,前方757.4m先を40.1km/h,後続列車なし,0.0,0.0,発車済み,100.0,49.0,normal,0.9,巡航フェーズでrequired_speed未達だが加速が適切で、制限速度・CBTC遵守、ノコギリ運転なし、間隔問題もなし。
152.69999999999956,Train11,次駅への減速フェーズ（駅手前400m以内）,ブレーキ（減速）中,2.500000000000001,力行（加速）,0.1,70.0,33.2,23.53,23.5,27.5,27.3,26.268806262961238,0.0,9.2,この先制限速度なし,この先目立った勾配なし,前方102.1m先を29.6km/h,後続列車なし,10.0,0.0,発車済み,70.0,23.5,normal,1.0,制限速度・CBTC遵守、ブレーキでの停車位置がΔstop=1.23mで許容範囲内、ノコギリ運転なし、全体的に安全かつ定時・省エネに適合。
21.0,Train11,巡航フェーズ（駅間走行中）,ブレーキ（減速）中,1.0,力行（加速）,6.0,70.0,70.0,29.98,70.0,2075.4,45.0,49.22828939923542,0.0,-2.1,この先制限速度なし,285m先に下り勾配6.7‰あり,前方747.1m先を63.3km/h,後続列車なし,5.0,132.0,未発車,50.0,63.0,anti_mid_stop,0.2,先行列車が塞いで駅間停車防止モードだが、速度が target_speed_no_stop を大きく下回りブレーキし、根拠のないノコギリ運転となっているため低評価。
153.99999999999977,Train11,次駅への減速フェーズ（駅手前400m以内）,ブレーキ（減速）中,2.700000000000001,力行（加速）,0.2,70.0,0.0,31.64,31.6,48.9,24.0,47.349565740217095,0.0,9.2,この先制限速度なし,この先目立った勾配なし,前方49.3m先を0.0km/h,後続列車なし,0.0,24.0,未発車,50.0,12.2,anti_mid_stop,0.9,先行列車が停車してCBTCが0km/hを示す中、ブレーキで減速しΔstop=1.55mで適正範囲、反転は信号遵守の合理的理由で即時安全違反なし。
11.0,Train11,駅出発直後の加速フェーズ（20秒以内）,力行（加速）中,6.0,ブレーキ（減速）,1.0,70.0,70.0,19.46,70.0,2148.9,30.0,20.833335792920373,0.0,-2.1,この先制限速度なし,358m先に下り勾配6.7‰あり,前方386.9m先を57.7km/h,後続列車なし,5.0,187.0,未発車,35.0,47.7,anti_mid_stop,1.0,加速フェーズでtarget_speed_no_stop以下の力行を継続し、制限速度・CBTCを遵守、ノコギリ運転なし。安全上の即時減点要因なし。
51.0,Train11,巡航フェーズ（駅間走行中）,惰行中,8.0,力行（加速）,9.0,70.0,60.7,48.68,70.0,1677.5,10.0,137.17969988273043,0.0,-6.7,この先制限速度なし,この先目立った勾配なし,前方261.5m先を62.9km/h,後続列車なし,10.0,167.0,未発車,20.0,24.6,anti_mid_stop,0.2,先行列車が塞いでいるため駅間停車防止モードで、現在速度がtarget_speed_no_stopを大幅に上回っており機外停車リスクがあるため減点し0.2とした。
94.0,Train11,巡航フェーズ（駅間走行中）,力行（加速）中,7.0,ブレーキ（減速）,8.0,70.0,70.0,46.09,59.9,1146.8,86.0,112.11211010356004,0.0,0.0,この先制限速度なし,156m先に上り勾配12.5‰あり,前方1419.8m先を48.3km/h,後続列車なし,0.0,0.0,,100.0,59.9,normal,1.0,巡航フェーズでrequired_speed未達だが加速中で適切、制限速度・CBTCを遵守し、先行列車との間隔も安全範囲内のため高評価。
195.39999999999992,Train11,次駅への減速フェーズ（駅手前400m以内）,力行（加速）中,0.1,惰行,0.1,70.0,70.0,39.74,70.0,77.5,0.0,74.42910037681311,15.5,9.2,この先制限速度なし,この先目立った勾配なし,前方277.7m先を40.4km/h,後続列車なし,5.0,0.0,発車済み,50.0,70.0,normal,0.0,次駅減速フェーズで加速し続けており、停止位置が確保できず安全性に重大な支障があるためrewardは0.0とする。
147.09999999999965,Train11,次駅への減速フェーズ（駅手前400m以内）,ブレーキ（減速）中,0.5,惰行,0.1,70.0,0.0,38.79,38.8,19.2,20.9,70.9446346517017,0.0,9.2,この先制限速度なし,この先目立った勾配なし,前方0.9m先を13.1km/h,後続列車なし,10.0,55.9,未発車,20.0,7.6,anti_mid_stop,0.0,delta_stopが-51.74mでブレーキ中でもオーバーランが確実と判定され、即0点ルールが適用されたためreward=0.0
59.0,Train11,巡航フェーズ（駅間走行中）,力行（加速）中,4.0,惰行,1.0,70.0,70.0,64.04,70.0,1513.3,34.0,213.9442121427987,0.0,0.0,この先制限速度なし,この先目立った勾配なし,前方651.2m先を47.8km/h,後続列車なし,0.0,0.0,,50.0,70.0,normal,0.0,直前の惰行から7秒未満で力行へ切替え、合理的理由がなくノコギリ運転と判定し、上限0.0点のためreward=0.0。
38.0,Train11,巡航フェーズ（駅間走行中）,ブレーキ（減速）中,7.0,力行（加速）,3.0,70.0,70.0,1.77,70.0,2004.9,45.0,0.17327421688070224,0.0,-2.1,この先制限速度なし,214m先に下り勾配6.7‰あり,前方974.9m先を63.3km/h,後続列車なし,5.0,115.0,未発車,50.0,68.8,normal,0.3,巡航フェーズでrequired_speed 70km/hに対し1.8km/hの低速でブレーキを続けており、不要な減速は遅延とエネルギー浪費を招くため大幅減点とした。
220.29999999999976,Train11,次駅への減速フェーズ（駅手前400m以内）,ブレーキ（減速）中,2.400000000000001,力行（加速）,21.00000000000003,70.0,56.2,31.72,70.0,52.3,0.0,47.58773481191518,40.4,9.2,この先制限速度なし,この先目立った勾配なし,前方197.6m先を36.9km/h,後続列車なし,5.0,0.0,発車済み,35.0,70.0,delay_recovery,0.9,制限速度・CBTC遵守、ブレーキ開始が適切でdelta_stopが許容範囲内、ノコギリ運転なし、先行列車との間隔安全、遅延回復モードでも評価基準は通常と同等のため高評価。
143.99999999999994,Train11,次駅への減速フェーズ（駅手前400m以内）,ブレーキ（減速）中,2.100000000000001,惰行,48.0,70.0,70.0,39.66,39.7,78.7,36.0,74.13252950098985,0.0,9.2,この先制限速度なし,この先目立った勾配なし,前方617.9m先を48.0km/h,後続列車なし,0.0,0.0,,70.0,39.7,normal,0.9,次駅減速フェーズでブレーキが適切にかかり、delta_stopが許容範囲内（4.57 m）であり、速度・CBTC・間隔すべて遵守しているため高評価。
196.19999999999982,Train11,次駅への減速フェーズ（駅手前400m以内）,ブレーキ（減速）中,0.4,力行（加速）,0.1,70.0,49.9,34.96,70.0,61.4,0.0,57.726154682008485,16.3,9.2,この先制限速度なし,この先目立った勾配なし,前方166.6m先を33.3km/h,後続列車なし,0.0,0.0,発車済み,20.0,70.0,normal,0.9,次駅減速フェーズで適切にブレーキし、delta_stopが許容範囲内で安全かつ停車位置も良好なため高評価。
229.09999999999914,Train11,次駅への減速フェーズ（駅手前400m以内）,ブレーキ（減速）中,0.7999999999999999,惰行,0.1,70.0,41.9,4.34,0.0,0.0,0.0,1.0113059613472613,49.2,0.0,この先制限速度なし,この先目立った勾配なし,前方132.5m先を36.0km/h,後続列車なし,0.0,0.0,発車済み,20.0,0.0,delay_recovery,0.0,低速域でdelta_stopが-1.01mとオーバーランが確実で、次駅停止位置が大幅に逸脱しているため0.0とする。
147.5999999999994,Train11,次駅への減速フェーズ（駅手前400m以内）,ブレーキ（減速）中,1.6000000000000003,惰行,0.1,70.0,0.0,16.83,16.8,2.5,30.4,13.468720923596816,0.0,9.2,この先制限速度なし,この先目立った勾配なし,前方2.9m先を0.2km/h,後続列車なし,0.0,45.4,未発車,20.0,2.8,anti_mid_stop,0.0,delta_stopが-10.97mでブレーキ中でもオーバーランが確実と判断され、即時0点ルールが適用されたため。
197.19999999999976,Train11,次駅への減速フェーズ（駅手前400m以内）,ブレーキ（減速）中,0.2,力行（加速）,0.1,70.0,70.0,36.83,70.0,40.4,0.0,64.01367760288893,17.3,9.2,この先制限速度なし,この先目立った勾配なし,前方1049.2m先を59.3km/h,後続列車なし,0.0,0.0,発車済み,100.0,70.0,normal,0.0,ブレーキ中にdelta_stopが-23.61mでオーバーランがほぼ確実なため即0.0ルールが適用され、rewardは0.0となる。
19.0,Train11,駅出発直後の加速フェーズ（20秒以内）,力行（加速）中,9.0,惰行,1.0,70.0,70.0,34.31,70.0,2072.5,35.0,64.34073621876794,0.0,-2.1,この先制限速度なし,282m先に下り勾配6.7‰あり,前方533.7m先を62.9km/h,後続列車なし,0.0,174.0,未発車,35.0,48.8,anti_mid_stop,0.9,先行列車が塞いでいるため駅間停車防止モード。target_speed_no_stop以下で加速しており、上限超過やノコギリ運転はなく安全かつ適切な操作。
153.0,Train11,巡航フェーズ（駅間走行中）,惰行中,1.0,力行（加速）,1.0,70.0,70.0,44.13,70.0,406.1,22.0,95.10791549520958,0.0,6.1,この先制限速度なし,216m先に上り勾配9.2‰あり,前方403.1m先を5.6km/h,後続列車なし,10.0,35.0,未発車,20.0,39.9,anti_mid_stop,0.0,惰行はtarget_speed_no_stop以内で適切だが、直前の力行から1秒で切り替えたノコギリ運転（保持時間<2秒）によりreward上限が0.0となる。
83.0,Train11,巡航フェーズ（駅間走行中）,力行（加速）中,29.0,ブレーキ（減速）,8.0,70.0,70.0,57.89,70.0,1229.3,61.0,175.57007947401175,0.0,0.0,この先制限速度なし,239m先に上り勾配12.5‰あり,前方1019.3m先を42.9km/h,後続列車なし,0.0,65.0,未発車,50.0,70.0,normal,0.9,巡航フェーズでrequired_speed未達だが加速は必要で、速度・信号遵守、過度な力行なし、ノコギリ運転もなく安全上問題なし。
123.0,Train11,巡航フェーズ（駅間走行中）,力行（加速）中,2.0,ブレーキ（減速）,2.0,70.0,70.0,33.94,70.0,986.3,55.0,52.357032709776725,0.0,12.5,この先制限速度なし,この先目立った勾配なし,前方986.7m先を0.0km/h,後続列車なし,0.0,20.0,未発車,70.0,70.0,normal,0.3,直前のブレーキから2秒で加速へ切替え、保持時間が7秒未満で合理的理由がなくノコギリ運転と判定され、reward上限が0.3に制限されたため。
79.0,Train11,巡航フェーズ（駅間走行中）,惰行中,2.0,力行（加速）,1.0,70.0,66.8,67.14,70.0,1207.7,10.0,234.6305919686325,0.0,0.0,この先制限速度なし,217m先に上り勾配12.5‰あり,前方282.5m先を62.6km/h,後続列車なし,10.0,124.0,未発車,20.0,41.7,anti_mid_stop,0.0,CBTC信号速度66.8km/hを67.1km/hでブレーキなしで走行し信号違反となったため即0点とした。
151.19999999999942,Train11,次駅への減速フェーズ（駅手前400m以内）,ブレーキ（減速）中,0.6,力行（加速）,0.1,70.0,0.0,19.3,19.3,3.9,26.8,17.698432829227453,0.0,9.2,この先制限速度なし,この先目立った勾配なし,前方4.3m先を0.0km/h,後続列車なし,0.0,26.8,未発車,20.0,3.4,anti_mid_stop,0.0,delta_stopが-13.8mでブレーキ中でもオーバーランがほぼ確実と判断され、即時0点ルールに該当するためreward=0.0とした。
158.5999999999999,Train11,次駅への減速フェーズ（駅手前400m以内）,惰行中,0.7,ブレーキ（減速）,0.1,70.0,49.9,31.08,31.1,84.7,21.4,45.69883615203401,0.0,9.2,この先制限速度なし,この先目立った勾配なし,前方166.8m先を30.6km/h,後続列車なし,0.0,0.0,発車済み,70.0,31.1,normal,0.0,ブレーキ→惰行への短時間切替に合理的理由がなくノコギリ運転と判定され、reward上限が0.0点となった。
94.0,Train11,巡航フェーズ（駅間走行中）,ブレーキ（減速）中,8.0,惰行,5.0,70.0,70.0,22.64,70.0,1313.8,39.0,27.361585263218572,0.0,0.0,この先制限速度なし,323m先に上り勾配12.5‰あり,前方982.4m先を54.2km/h,後続列車なし,5.0,89.0,未発車,35.0,58.3,anti_mid_stop,0.2,先行が塞いで駅間停車防止モード。target_speed_no_stop 58.3km/h を大きく下回る22.6km/hでブレーキを続け過度な低速走行となり、遅延とエネルギー浪費が顕著なため0.2とした。
207.29999999999964,Train11,次駅への減速フェーズ（駅手前400m以内）,ブレーキ（減速）中,1.6000000000000003,惰行,0.1,70.0,7.9,28.4,70.0,42.3,0.0,38.19839874689028,27.4,9.2,この先制限速度なし,この先目立った勾配なし,前方52.9m先を13.1km/h,後続列車なし,10.0,0.0,発車済み,35.0,70.0,normal,0.9,次駅減速フェーズでブレーキが適切に作動し、delta_stopが許容範囲内でCBTC・制限速度も遵守、ノコギリ運転なし。
24.0,Train11,巡航フェーズ（駅間走行中）,力行（加速）中,3.0,ブレーキ（減速）,1.0,70.0,70.0,34.15,70.0,2032.3,71.0,63.747140382107936,0.0,-2.1,この先制限速度なし,242m先に下り勾配6.7‰あり,前方1194.3m先を62.4km/h,後続列車なし,0.0,119.0,未発車,70.0,68.0,normal,0.0,直前のブレーキから7秒未満で力行へ切替えたためノコギリ運転と判定され、reward上限が0.0となった。
0.0,Train11,駅出発直後の加速フェーズ（20秒以内）,ブレーキ（減速）中,31.0,なし（または停止）,0.0,70.0,70.0,0.0,70.0,2178.0,102.0,0.0,0.0,-2.1,この先制限速度なし,388m先に下り勾配6.7‰あり,前方1444.6m先を62.9km/h,後続列車なし,0.0,98.0,未発車,100.0,70.0,normal,0.2,加速フェーズで31秒間の不必要なブレーキ保持は遅延を拡大しエネルギーを浪費するため、評価を大幅に下げる。
220.09999999999908,Train11,次駅への減速フェーズ（駅手前400m以内）,ブレーキ（減速）中,0.2,力行（加速）,0.1,70.0,29.8,0.56,0.0,0.0,0.0,0.016851925357427806,40.2,0.0,この先制限速度なし,この先目立った勾配なし,前方91.9m先を32.2km/h,後続列車なし,10.0,0.0,発車済み,20.0,0.0,delay_recovery,1.0,次駅減速フェーズで適切にブレーキし停止位置誤差±0.02m、速度・信号遵守、ノコギリ運転なしで安全に停止したため高評価。
136.0,Train11,巡航フェーズ（駅間走行中）,惰行中,11.0,力行（加速）,2.0,70.0,70.0,43.12,45.1,423.8,44.0,90.85173416991145,0.0,6.1,この先制限速度なし,233m先に上り勾配9.2‰あり,前方750.7m先を45.4km/h,後続列車なし,0.0,0.0,発車済み,100.0,45.1,normal,0.7,巡航フェーズでrequired_speedに達していないのに惰行を続けたため、加速すべき場面で減速運転となり評価を下げた。
126.0,Train11,巡航フェーズ（駅間走行中）,惰行中,3.0,力行（加速）,19.0,70.0,70.0,48.77,70.0,756.9,26.0,125.33122762152311,0.0,0.0,この先制限速度なし,166m先に上り勾配6.1‰あり,前方633.1m先を34.1km/h,後続列車なし,5.0,57.0,未発車,20.0,46.3,anti_mid_stop,1.0,先行列車が遅延で塞いでいるため駅間停車防止モードと判定し、現在速度はtarget_speed_no_stopの許容範囲内で惰行しており、安全・間隔・ノコギリ運転すべて問題なしと判断した。
186.0,Train11,次駅への減速フェーズ（駅手前400m以内）,ブレーキ（減速）中,1.0,力行（加速）,3.0,70.0,70.0,38.12,70.0,168.6,0.0,68.53622828821362,7.0,9.2,この先制限速度なし,この先目立った勾配なし,前方842.6m先を54.1km/h,後続列車なし,10.0,0.0,発車済み,100.0,70.0,normal,0.1,ブレーキが過早に掛かり停止位置が大幅に手前になる上、力行→減速への短時間切替が合理性なくノコギリ運転と判定され、reward上限0.3以下に抑えられる。
11.0,Train11,駅出発直後の加速フェーズ（20秒以内）,ブレーキ（減速）中,2.0,力行（加速）,1.0,70.0,70.0,20.63,70.0,2134.7,40.0,23.403336966803103,0.0,-2.1,この先制限速度なし,344m先に下り勾配6.7‰あり,前方543.3m先を62.8km/h,後続列車なし,10.0,162.0,未発車,50.0,53.8,anti_mid_stop,0.0,ブレーキへの短時間切替がノコギリ運転と判定され、prev_notch_durationが1秒未満のためreward上限が0.0となった。
223.39999999999952,Train11,次駅への減速フェーズ（駅手前400m以内）,ブレーキ（減速）中,0.2,惰行,0.1,70.0,70.0,26.56,70.0,11.4,0.0,33.432673541805315,43.5,9.2,この先制限速度なし,この先目立った勾配なし,前方958.0m先を58.5km/h,後続列車なし,0.0,0.0,発車済み,70.0,70.0,delay_recovery,0.0,delta_stopが-22.03mでオーバーランがほぼ確実となり安全違反のため即時0点とした。
114.0,Train11,巡航フェーズ（駅間走行中）,力行（加速）中,2.0,ブレーキ（減速）,8.0,70.0,70.0,32.42,70.0,993.8,64.0,55.870405912004856,0.0,0.0,この先制限速度なし,3m先に上り勾配12.5‰あり,前方994.2m先を0.0km/h,後続列車なし,0.0,14.0,未発車,100.0,70.0,normal,0.1,前ブレーキが8秒続いた後、必要速度70km/hに遠く及ばないまま力行に切り替えた自ら減速後の再力行で大幅減点し、rewardを0.1とした。
86.0,Train11,巡航フェーズ（駅間走行中）,力行（加速）中,6.0,惰行,5.0,70.0,70.0,55.65,70.0,1322.9,55.0,162.48587148093026,0.0,0.0,この先制限速度なし,332m先に上り勾配12.5‰あり,前方1088.3m先を45.4km/h,後続列車なし,5.0,82.0,未発車,50.0,62.2,anti_mid_stop,1.0,先行列車が塞いで駅間停車防止モード。target_speed_no_stop未満での加速は適切で、制限速度・CBTC遵守、列車間隔も良好なため高評価。
239.99999999999994,Train11,次駅への減速フェーズ（駅手前400m以内）,ブレーキ（減速）中,0.4,惰行,0.1,70.0,70.0,41.63,70.0,84.8,0.0,81.60331199052294,60.1,9.2,この先制限速度なし,この先目立った勾配なし,前方1490.7m先を63.3km/h,後続列車なし,5.0,0.0,発車済み,100.0,70.0,delay_recovery,1.0,減速フェーズで適切にブレーキをかけ、速度・信号・停止位置すべて基準を満たし、ノコギリ運転や間隔問題もなく安全かつ効率的な操作と判断した。
45.0,Train11,巡航フェーズ（駅間走行中）,ブレーキ（減速）中,1.0,力行（加速）,2.0,70.0,70.0,39.1,70.0,1845.8,101.0,83.3522287058608,0.0,-2.1,この先制限速度なし,55m先に下り勾配6.7‰あり,前方1658.9m先を40.4km/h,後続列車なし,10.0,78.0,未発車,100.0,70.0,normal,0.2,巡航フェーズでrequired_speed70km/hに対し39.1km/hのブレーキは不要で、前方列車との距離も十分。ノコギリ運転と判定され上限0.3以下に抑えた。
168.8999999999996,Train11,次駅への減速フェーズ（駅手前400m以内）,ブレーキ（減速）中,4.100000000000001,力行（加速）,0.30000000000000004,70.0,70.0,17.17,23.0,44.2,11.1,14.016944356936857,0.0,9.2,この先制限速度なし,この先目立った勾配なし,前方474.2m先を48.5km/h,後続列車なし,10.0,0.0,発車済み,100.0,23.0,normal,0.3,次駅減速フェーズでdelta_stopが30.18mと大きく、ブレーキ開始が早すぎて定時到着が遅れエネルギーも無駄になるため減点。
193.39999999999998,Train11,次駅への減速フェーズ（駅手前400m以内）,力行（加速）中,0.1,惰行,0.1,70.0,70.0,34.33,70.0,95.7,0.0,55.67963598717066,13.5,9.2,この先制限速度なし,この先目立った勾配なし,前方883.1m先を56.1km/h,後続列車なし,10.0,0.0,発車済み,100.0,70.0,normal,0.0,惰行から力行への切替が7秒未満で合理的根拠なく行われ、ノコギリ運転と判定され上限0.0点となった。
69.0,Train11,巡航フェーズ（駅間走行中）,惰行中,8.0,力行（加速）,8.0,70.0,70.0,61.3,61.3,1379.7,107.0,196.40658967969324,0.0,0.0,この先制限速度なし,389m先に上り勾配12.5‰あり,前方1378.0m先を4.3km/h,後続列車なし,5.0,64.0,未発車,100.0,61.3,normal,0.8,先行列車との間隔が標準より狭くなり過ぎたため若干減点し、reward=0.8とした。
151.0,Train11,次駅への減速フェーズ（駅手前400m以内）,惰行中,13.0,力行（加速）,1.0,70.0,70.0,34.22,36.6,218.1,29.0,57.46397236624368,0.0,6.1,この先制限速度なし,28m先に上り勾配9.2‰あり,前方1249.7m先を47.9km/h,後続列車なし,0.0,0.0,,100.0,36.6,normal,1.0,減速フェーズでブレーキ開始距離が十分にあり、現在の惰行は安全・信号・制限速度を遵守した適切な操作であるため高評価。
149.39999999999964,Train11,次駅への減速フェーズ（駅手前400m以内）,ブレーキ（減速）中,0.30000000000000004,力行（加速）,0.1,70.0,0.0,28.05,28.1,27.3,28.6,37.26776307838689,0.0,9.2,この先制限速度なし,この先目立った勾配なし,前方27.7m先を0.0km/h,後続列車なし,10.0,23.6,未発車,35.0,9.1,anti_mid_stop,0.0,delta_stopが-9.97mでブレーキ中でもオーバーランが確実と判断され、即時0点ルールが適用されたため。
16.0,Train11,駅出発直後の加速フェーズ（20秒以内）,力行（加速）中,2.0,惰行,8.0,70.0,70.0,20.89,70.0,2111.0,45.0,23.994541739830954,0.0,-2.1,この先制限速度なし,321m先に下り勾配6.7‰あり,前方694.9m先を62.9km/h,後続列車なし,5.0,137.0,未発車,50.0,61.9,anti_mid_stop,0.9,先行列車が塞いでいるため駅間停車防止モード。target_speed_no_stop未満で加速中で過加速やノコギリ運転がなく、安全かつ適切な操作と判断した。
169.0,Train11,次駅への減速フェーズ（駅手前400m以内）,力行（加速）中,4.0,ブレーキ（減速）,2.0,70.0,70.0,40.44,70.0,358.1,9.0,80.0174177551954,0.0,6.1,この先制限速度なし,168m先に上り勾配9.2‰あり,前方358.4m先を0.0km/h,後続列車なし,5.0,14.0,未発車,50.0,70.0,normal,0.0,減速フェーズでブレーキすべきところを加速し、前後2秒未満のブレーキ→加速切替に合理的理由がなくノコギリ運転と判定されたため、reward上限が0点となった。
174.29999999999993,Train11,次駅への減速フェーズ（駅手前400m以内）,ブレーキ（減速）中,0.7,力行（加速）,12.699999999999998,70.0,70.0,39.48,70.0,82.0,5.7,73.46735678888321,0.0,9.2,この先制限速度なし,この先目立った勾配なし,前方883.4m先を56.4km/h,後続列車なし,5.0,0.0,発車済み,100.0,70.0,normal,0.6,ブレーキがやや早く停止位置が8.5m手前になるが、速度は制限内で安全かつ他は適切なため、評価は0.6とした。
29.0,Train11,巡航フェーズ（駅間走行中）,力行（加速）中,11.0,惰行,8.0,70.0,70.0,30.08,70.0,2084.2,15.0,49.554941108141186,0.0,-2.1,この先制限速度なし,294m先に下り勾配6.7‰あり,前方371.4m先を60.3km/h,後続列車なし,5.0,154.0,未発車,20.0,54.5,anti_mid_stop,0.9,先行列車が塞いでいるため駅間停車防止モード。target_speed_no_stop以下で加速しており、制限速度・CBTC遵守、ノコギリ運転なし、間隔適正であるため高評価とした。
73.0,Train11,巡航フェーズ（駅間走行中）,惰行中,3.0,力行（加速）,6.0,70.0,70.0,30.29,70.0,1695.2,39.0,53.67934246846341,0.0,-6.7,この先制限速度なし,この先目立った勾配なし,前方1101.1m先を61.9km/h,後続列車なし,0.0,105.0,未発車,35.0,54.3,anti_mid_stop,0.2,先行列車が塞いでいる駅間停車防止モードで、現在速度がtarget_speed_no_stopを大きく下回り、かつ力行→惰行の短時間切替に合理的根拠がなくノコギリ運転と判断したため減点し0.2とした。
145.79999999999984,Train11,次駅への減速フェーズ（駅手前400m以内）,ブレーキ（減速）中,0.30000000000000004,力行（加速）,0.1,70.0,14.8,37.61,37.6,60.0,32.2,66.73020803488494,0.0,9.2,この先制限速度なし,この先目立った勾配なし,前方60.4m先を0.0km/h,後続列車なし,10.0,27.2,未発車,35.0,13.5,anti_mid_stop,0.0,delta_stopが-6.73mでブレーキ中でもオーバーランが確実と判断され、即時0点ルールに該当するためreward=0.0。
167.19999999999982,Train11,次駅への減速フェーズ（駅手前400m以内）,力行（加速）中,0.1,惰行,0.7,70.0,70.0,35.19,70.0,67.7,12.8,58.482316172404715,0.0,9.2,この先制限速度なし,この先目立った勾配なし,前方474.9m先を47.8km/h,後続列車なし,10.0,0.0,発車済み,100.0,70.0,normal,0.0,直前の惰行から0.1秒の力行への切替がノコギリ運転と判定され、prev_notch_durationが0.7秒で上限0.0点となるためrewardは0.0になる。
143.4999999999998,Train11,次駅への減速フェーズ（駅手前400m以内）,ブレーキ（減速）中,0.7999999999999999,力行（加速）,0.1,70.0,0.0,36.67,36.7,48.0,26.5,63.46326653796659,0.0,9.2,この先制限速度なし,この先目立った勾配なし,前方34.4m先を11.3km/h,後続列車なし,5.0,39.5,未発車,20.0,12.1,anti_mid_stop,0.0,delta_stopが-15.46mでブレーキ中でもオーバーランが確実と判定され、即時0点ルールが適用されたためreward=0.0。
161.0,Train11,次駅への減速フェーズ（駅手前400m以内）,惰行中,23.1,力行（加速）,1.0,70.0,32.1,30.62,31.2,98.2,17.0,44.36443559127702,0.0,9.2,この先制限速度なし,この先目立った勾配なし,前方98.6m先を0.0km/h,後続列車なし,10.0,7.0,未発車,70.0,22.4,anti_mid_stop,0.2,先行が塞いで駅間停車防止モード。現在速度30.6km/hがtarget_speed_no_stop22.4km/hを5km/h以上上回っているため過加速とみなし減点、reward0.2。
116.0,Train11,巡航フェーズ（駅間走行中）,ブレーキ（減速）中,1.0,惰行,1.0,70.0,70.0,45.28,70.0,1080.8,62.0,108.25658937446694,0.0,0.0,この先制限速度なし,90m先に上り勾配12.5‰あり,前方1081.1m先を0.0km/h,後続列車なし,10.0,52.0,未発車,70.0,70.0,normal,0.0,巡航フェーズでrequired_speed未達の状態で不必要にブレーキし、ノコギリ運転条件を満たすためrewardは0.0とする。
171.0,Train11,巡航フェーズ（駅間走行中）,力行（加速）中,9.0,ブレーキ（減速）,8.0,70.0,70.0,27.27,70.0,586.0,7.0,36.600059667379796,0.0,6.1,この先制限速度なし,396m先に上り勾配9.2‰あり,前方586.4m先を0.0km/h,後続列車なし,10.0,17.0,未発車,50.0,70.0,normal,0.9,巡航フェーズで速度がrequired_speed未満であり、加速ノッチが継続中で適切。制限速度・CBTC遵守、ノコギリ運転なし。
137.0,Train11,次駅への減速フェーズ（駅手前400m以内）,惰行中,25.0,力行（加速）,1.0,70.0,42.2,56.24,56.2,133.4,41.0,147.77172250109075,0.0,9.2,この先制限速度なし,この先目立った勾配なし,前方133.7m先を0.5km/h,後続列車なし,5.0,31.0,未発車,35.0,20.3,anti_mid_stop,0.0,CBTC信号速度42.2km/hを超えて56.2km/hでブレーキせず走行し、delta_stopが-14.37mでオーバーランが確実なため即時0点とした。
98.0,Train11,巡航フェーズ（駅間走行中）,ブレーキ（減速）中,6.0,力行（加速）,4.0,70.0,70.0,45.83,70.0,1138.4,56.0,110.86744297768452,0.0,0.0,この先制限速度なし,148m先に上り勾配12.5‰あり,前方1032.8m先を31.5km/h,後続列車なし,5.0,70.0,未発車,50.0,61.1,anti_mid_stop,0.2,先行列車が塞いで駅間停車防止モードで、現在速度がtarget_speed_no_stopを10km/h以上下回りブレーキし、さらにノコギリ運転と判定されたため減点し0.2とする。
51.0,Train11,巡航フェーズ（駅間走行中）,力行（加速）中,11.0,ブレーキ（減速）,1.0,70.0,70.0,55.67,63.2,1671.6,106.0,178.5455949972085,0.0,-6.7,この先制限速度なし,この先目立った勾配なし,前方1590.6m先を27.6km/h,後続列車なし,5.0,67.0,未発車,100.0,63.2,normal,1.0,巡航フェーズでrequired_speed未達のため加速中。制限速度・CBTC遵守、ノコギリ運転なし、間隔問題もなく遅延リスクは加速で解消できるため高評価。
114.0,Train11,巡航フェーズ（駅間走行中）,惰行中,2.0,力行（加速）,1.0,70.0,70.0,54.77,70.0,869.4,36.0,134.97623939022225,0.0,12.5,この先制限速度なし,この先目立った勾配なし,前方725.8m先を36.8km/h,後続列車なし,10.0,59.0,未発車,35.0,66.6,normal,0.0,直前の力行から短時間の惰行への無理由切替がノコギリ運転と判定され、reward上限が0.0となった。
57.0,Train11,巡航フェーズ（駅間走行中）,力行（加速）中,20.0,ブレーキ（減速）,8.0,70.0,70.0,39.7,70.0,1813.3,48.0,85.9020680176406,0.0,-2.1,この先制限速度なし,23m先に下り勾配6.7‰あり,前方1115.0m先を63.2km/h,後続列車なし,5.0,126.0,未発車,50.0,56.5,anti_mid_stop,0.9,先行列車が塞いでいるため駅間停車防止モード。現在はtarget_speed_no_stop 56.5km/h未満で加速中で、上限超過やノコギリ運転はなく安全かつ適切な運転と判断した。
10.0,Train11,駅出発直後の加速フェーズ（20秒以内）,力行（加速）中,6.0,ブレーキ（減速）,1.0,70.0,70.0,21.28,70.0,2146.8,40.0,24.895034895087242,0.0,-2.1,この先制限速度なし,356m先に下り勾配6.7‰あり,前方537.9m先を63.0km/h,後続列車なし,10.0,178.0,未発車,50.0,49.4,anti_mid_stop,0.0,ブレーキ→力行への短時間切替が合理的根拠なく行われ、ノコギリ運転と判定されreward上限が0.0となった。
12.0,Train11,駅出発直後の加速フェーズ（20秒以内）,力行（加速）中,13.0,ブレーキ（減速）,30.0,70.0,70.0,28.74,70.0,2124.9,65.0,45.26602444419625,0.0,-2.1,この先制限速度なし,334m先に下り勾配6.7‰あり,前方989.6m先を63.1km/h,後続列車なし,5.0,136.0,未発車,70.0,62.8,anti_mid_stop,0.9,先行列車が塞いでいる駅間停車防止モードで、target_speed_no_stop以下の加速は適切であり違反がないため高評価。
166.69999999999905,Train11,次駅への減速フェーズ（駅手前400m以内）,ブレーキ（減速）中,0.30000000000000004,惰行,0.1,70.0,69.2,0.61,0.0,0.0,13.3,0.01999531846148735,0.0,0.0,この先制限速度なし,この先目立った勾配なし,前方271.7m先を43.6km/h,後続列車なし,5.0,0.0,発車済み,70.0,0.0,normal,1.0,次駅減速フェーズでブレーキが適切にかかり、delta_stop‑0.02mは許容範囲内。速度制限・CBTC遵守、ノコギリ運転なし、通常運転モードのため高評価。
13.0,Train11,駅出発直後の加速フェーズ（20秒以内）,惰行中,6.0,ブレーキ（減速）,4.0,70.0,70.0,1.58,70.0,2161.6,84.0,0.13807662558821884,0.0,-2.1,この先制限速度なし,371m先に下り勾配6.7‰あり,前方1352.8m先を48.2km/h,後続列車なし,0.0,0.0,,100.0,70.0,normal,0.1,加速フェーズで不適切な惰行と短時間のブレーキ・惰行切替がノコギリ運転と判定され、上限0.3点に抑えられたため0.1点とした。
35.0,Train11,巡航フェーズ（駅間走行中）,力行（加速）中,10.0,惰行,1.0,70.0,70.0,43.87,70.0,1935.5,45.0,104.65077881602807,0.0,-2.1,この先制限速度なし,145m先に下り勾配6.7‰あり,前方852.8m先を63.2km/h,後続列車なし,5.0,133.0,未発車,50.0,57.3,anti_mid_stop,0.9,先行列車が塞いでいるため駅間停車防止モードと判定し、現在の加速は target_speed_no_stop 未満で適切であり、速度超過や信号違反はなく、ノコギリ運転もなし。
162.7999999999995,Train11,次駅への減速フェーズ（駅手前400m以内）,ブレーキ（減速）中,1.0999999999999999,力行（加速）,0.1,70.0,43.9,19.99,20.0,16.5,17.2,18.982259827040863,0.0,9.2,この先制限速度なし,この先目立った勾配なし,前方140.6m先を47.9km/h,後続列車なし,0.0,0.0,,20.0,20.0,normal,0.9,ブレーキが適切に作動し、delta_stop‑2.48mは許容範囲内でオーバーランの危険はなく、速度も信号速度以下で安全な減速操作と判断した。
55.0,Train11,巡航フェーズ（駅間走行中）,力行（加速）中,1.0,ブレーキ（減速）,1.0,70.0,70.0,58.27,70.0,1553.8,20.0,177.83733398215108,0.0,0.0,この先制限速度なし,この先目立った勾配なし,前方383.4m先を62.8km/h,後続列車なし,0.0,138.0,未発車,20.0,49.3,anti_mid_stop,0.0,先行列車が塞いでいるため機外停車防止モードだが、target_speed_no_stopを超えて加速し、かつブレーキ→力行の短時間切替が不合理でノコギリ運転と判定され、reward上限が0.0となった。
166.39999999999964,Train11,次駅への減速フェーズ（駅手前400m以内）,ブレーキ（減速）中,0.1,惰行,0.1,70.0,65.3,26.25,26.2,36.4,13.6,32.66060104284382,0.0,9.2,この先制限速度なし,この先目立った勾配なし,前方247.9m先を40.9km/h,後続列車なし,10.0,0.0,発車済み,100.0,26.2,normal,0.9,次駅減速フェーズでブレーキを適切に開始し、delta_stopが許容範囲内で安全に停車できるため高評価。
110.0,Train11,巡航フェーズ（駅間走行中）,力行（加速）中,3.0,ブレーキ（減速）,1.0,70.0,70.0,64.26,70.0,526.3,36.0,199.2743823497298,0.0,6.1,この先制限速度なし,336m先に上り勾配9.2‰あり,前方339.4m先を40.4km/h,後続列車なし,10.0,78.0,未発車,35.0,36.1,anti_mid_stop,0.0,先行列車が塞いでいるanti_mid_stopモードで、target_speed_no_stopを大幅に超える力行とブレーキ→加速のノコギリ運転が判定され、reward上限が0.0となった。
2.0,Train11,駅出発直後の加速フェーズ（20秒以内）,ブレーキ（減速）中,1.0,力行（加速）,2.0,70.0,70.0,6.17,70.0,2176.2,70.0,2.1032483734342726,0.0,-2.1,この先制限速度なし,386m先に下り勾配6.7‰あり,前方953.2m先を63.5km/h,後続列車なし,0.0,156.0,未発車,70.0,56.4,anti_mid_stop,0.1,先行列車が塞いでいるanti_mid_stopモードで、必要速度以下のままブレーキを続けた不必要な減速とノコギリ運転が評価を大幅に下げ、0.1とした。
202.7999999999994,Train11,次駅への減速フェーズ（駅手前400m以内）,ブレーキ（減速）中,0.1,力行（加速）,0.1,70.0,39.4,15.57,70.0,2.9,0.0,11.531883399072145,22.9,9.2,この先制限速度なし,この先目立った勾配なし,前方123.3m先を34.8km/h,後続列車なし,5.0,0.0,発車済み,50.0,70.0,normal,0.0,delta_stopが-8.63mで高速域のオーバーランが確実なため即時0点ルールが適用され、rewardは0.0となる。
142.1999999999997,Train11,次駅への減速フェーズ（駅手前400m以内）,ブレーキ（減速）中,0.30000000000000004,惰行,0.1,70.0,0.0,30.62,30.6,38.2,31.8,44.36443559127702,0.0,9.2,この先制限速度なし,この先目立った勾配なし,前方33.8m先を6.6km/h,後続列車なし,0.0,50.8,未発車,20.0,10.7,anti_mid_stop,0.0,Delta_stopが-6.16mでオーバーランがほぼ確実なため即reward0.0ルールが適用され、rewardは0.0となる。
148.3999999999998,Train11,次駅への減速フェーズ（駅手前400m以内）,ブレーキ（減速）中,2.3000000000000007,惰行,0.4,70.0,13.0,33.49,33.5,57.6,29.6,53.00731798471376,0.0,9.2,この先制限速度なし,この先目立った勾配なし,前方58.0m先を0.0km/h,後続列車なし,5.0,4.6,未発車,50.0,33.5,normal,0.9,次駅減速フェーズでブレーキ中、delta_stopが5m以内で安全に停止できる見込みであり、制限速度・CBTC遵守、間隔も適切なため高評価。
176.49999999999906,Train11,次駅への減速フェーズ（駅手前400m以内）,ブレーキ（減速）中,0.1,力行（加速）,0.1,70.0,70.0,0.78,0.0,0.0,3.5,0.03269204949540567,0.0,0.0,この先制限速度なし,この先目立った勾配なし,前方332.3m先を45.6km/h,後続列車なし,10.0,0.0,発車済み,100.0,0.0,normal,0.9,次駅減速フェーズでブレーキを継続し、delta_stop‑0.03mは許容範囲内、速度・CBTC遵守、ノコギリ運転なしのため高評価。
82.0,Train11,巡航フェーズ（駅間走行中）,力行（加速）中,1.0,惰行,1.0,70.0,70.0,66.37,70.0,1160.5,16.0,229.409203243364,0.0,0.0,この先制限速度なし,170m先に上り勾配12.5‰あり,前方374.5m先を62.8km/h,後続列車なし,5.0,116.0,未発車,20.0,42.0,anti_mid_stop,0.0,先行列車が塞いでいるのに不合理に力行へ切替え、ノコギリ運転と判定され上限0.0点となった。
173.0,Train11,巡航フェーズ（駅間走行中）,ブレーキ（減速）中,2.0,力行（加速）,2.0,70.0,70.0,32.63,70.0,816.7,7.0,48.41927029695333,0.0,12.5,この先制限速度なし,この先目立った勾配なし,前方1446.0m先を53.2km/h,後続列車なし,0.0,0.0,発車済み,100.0,70.0,normal,0.2,巡航フェーズでrequired_speed 70km/hに対し32.6km/hのままブレーキし、持続時間が短くノコギリ運転と判定されたため低評価。
2.0,Train11,駅出発直後の加速フェーズ（20秒以内）,惰行中,1.0,力行（加速）,2.0,70.0,70.0,6.17,70.0,2176.2,70.0,2.1032483734342726,0.0,-2.1,この先制限速度なし,386m先に下り勾配6.7‰あり,前方953.2m先を63.5km/h,後続列車なし,0.0,126.0,未発車,70.0,69.3,normal,0.2,駅出発直後に力行を止め惰行に切り替え、持続時間が短く逆転したため、加速フェーズで不必要な減速とノコギリ運転と判断し、上限0.3のうち0.2に減点した。
93.0,Train11,巡航フェーズ（駅間走行中）,力行（加速）中,6.0,惰行,4.0,70.0,70.0,40.4,70.0,1322.6,32.0,86.41252348404443,0.0,0.0,この先制限速度なし,332m先に上り勾配12.5‰あり,前方896.5m先を58.4km/h,後続列車なし,10.0,95.0,未発車,35.0,54.9,anti_mid_stop,0.3,先行列車が塞いで駅間停車防止モード。target_speed_no_stop未満での加速は適切だが、7秒未満の力行切替がノコギリ運転と判定されreward上限が0.3になる。
27.0,Train11,巡航フェーズ（駅間走行中）,力行（加速）中,3.0,惰行,8.0,70.0,70.0,33.94,70.0,1996.7,97.0,62.97212884902962,0.0,-2.1,この先制限速度なし,206m先に下り勾配6.7‰あり,前方1554.2m先を58.9km/h,後続列車なし,10.0,81.0,未発車,100.0,70.0,normal,0.9,巡航フェーズでrequired_speed未達だが加速中であり、速度・CBTC制限を守り、先行列車との間隔も安全なため高評価。
122.0,Train11,巡航フェーズ（駅間走行中）,惰行中,1.0,力行（加速）,1.0,70.0,70.0,44.35,70.0,890.2,56.0,88.98322836729166,0.0,12.5,この先制限速度なし,この先目立った勾配なし,前方890.5m先を0.0km/h,後続列車なし,0.0,56.0,未発車,50.0,69.8,normal,0.0,1秒未満の力行→惰行切替に合理的根拠がなくノコギリ運転と判定され、reward上限が0.0点となった。
172.59999999999962,Train11,次駅への減速フェーズ（駅手前400m以内）,ブレーキ（減速）中,0.1,力行（加速）,0.1,70.0,70.0,31.3,31.3,24.8,7.4,46.34390212257112,0.0,9.2,この先制限速度なし,この先目立った勾配なし,前方799.8m先を55.9km/h,後続列車なし,5.0,0.0,発車済み,100.0,31.3,normal,0.0,delta_stopが-21.54mでブレーキ中にも関わらずオーバーランが確実なため即時0点とする。
173.09999999999948,Train11,次駅への減速フェーズ（駅手前400m以内）,ブレーキ（減速）中,1.2,力行（加速）,0.1,70.0,70.0,22.4,22.4,21.7,6.9,23.815773033133656,0.0,9.2,この先制限速度なし,この先目立った勾配なし,前方1350.3m先を48.4km/h,後続列車なし,0.0,0.0,,100.0,22.4,normal,0.9,次駅減速フェーズでブレーキが適切に作動し、delta_stopが許容範囲内かつ速度・信号・制限速度すべて遵守しているため高評価。
173.5999999999994,Train11,次駅への減速フェーズ（駅手前400m以内）,ブレーキ（減速）中,0.4,力行（加速）,0.1,70.0,65.1,16.88,16.9,9.7,6.4,13.54866045089156,0.0,9.2,この先制限速度なし,この先目立った勾配なし,前方246.5m先を42.1km/h,後続列車なし,0.0,0.0,発車済み,70.0,16.9,normal,0.9,ブレーキが適切にかかり、delta_stopが-3.85mで5m以内の許容範囲、速度制限・CBTC遵守、ノコギリ運転なし、間隔も適正なため高評価。
70.0,Train11,巡航フェーズ（駅間走行中）,ブレーキ（減速）中,5.0,力行（加速）,5.0,70.0,70.0,27.17,70.0,1714.8,107.0,43.25587361580018,0.0,-6.7,この先制限速度なし,この先目立った勾配なし,前方1714.2m先を3.0km/h,後続列車なし,5.0,63.0,未発車,100.0,70.0,normal,0.1,巡航フェーズでrequired_speed 70km/hに対し27.2km/hのままブレーキし、不要な減速とノコギリ運転が発生しているため大幅減点。
0.0,Train11,駅出発直後の加速フェーズ（20秒以内）,ブレーキ（減速）中,31.0,なし（または停止）,0.0,70.0,70.0,0.0,70.0,2178.0,96.0,0.0,0.0,-2.1,この先制限速度なし,388m先に下り勾配6.7‰あり,前方1357.3m先を62.5km/h,後続列車なし,5.0,118.0,未発車,100.0,70.0,normal,0.2,加速フェーズで先行列車もなく速度0km/hのまま31秒間ブレーキを保持した不必要な減速は大幅減点対象であるため0.2とした。
155.0,Train11,巡航フェーズ（駅間走行中）,力行（加速）中,5.0,ブレーキ（減速）,1.0,70.0,70.0,45.54,70.0,501.8,22.0,101.20750908967472,0.0,6.1,この先制限速度なし,311m先に上り勾配9.2‰あり,前方501.1m先を3.0km/h,後続列車なし,10.0,48.0,未発車,20.0,40.9,anti_mid_stop,0.9,先行列車が塞いで駅間停車防止モード。現在速度はtarget_speed_no_stop＋5km/h以内で、加速は許容範囲内のため高評価としrewardを0.9とする。
213.89999999999932,Train11,次駅への減速フェーズ（駅手前400m以内）,ブレーキ（減速）中,0.30000000000000004,力行（加速）,0.1,70.0,26.4,11.48,0.0,0.0,0.0,7.06234720907376,34.0,0.0,この先制限速度なし,この先目立った勾配なし,前方83.0m先を31.0km/h,後続列車なし,5.0,0.0,発車済み,20.0,0.0,delay_recovery,0.0,delta_stop が -7.06 m でブレーキ中にも関わらずオーバーランが確実で、安全違反のため reward=0.0 とする。
166.0,Train11,巡航フェーズ（駅間走行中）,惰行中,5.0,力行（加速）,10.0,70.0,70.0,40.91,70.0,666.5,14.0,88.58377174359686,0.0,0.0,この先制限速度なし,76m先に上り勾配6.1‰あり,前方727.5m先を27.5km/h,後続列車なし,10.0,0.0,発車済み,70.0,70.0,normal,0.2,巡航フェーズでrequired_speed 70km/hに対し40.9km/hの惰行を続け、遅延が拡大するため大幅減点し0.2とした。
114.0,Train11,巡航フェーズ（駅間走行中）,惰行中,6.0,ブレーキ（減速）,1.0,70.0,70.0,58.29,58.3,627.0,56.0,177.95704458243964,0.0,0.0,この先制限速度なし,36m先に上り勾配6.1‰あり,前方614.9m先を10.7km/h,後続列車なし,5.0,54.0,未発車,50.0,40.2,anti_mid_stop,0.0,短時間でのブレーキ→惰行切替が合理的理由なく行われ、prev_notch_durationが1秒で上限0点となるためrewardは0.0となる。
183.0,Train11,次駅への減速フェーズ（駅手前400m以内）,ブレーキ（減速）中,6.0,力行（加速）,11.0,70.0,70.0,22.07,70.0,349.2,0.0,24.01972975777149,6.0,6.1,この先制限速度なし,159m先に上り勾配9.2‰あり,前方349.6m先を0.0km/h,後続列車なし,0.0,25.0,未発車,20.0,42.7,anti_mid_stop,0.4,駅間停車防止モードでtarget_speed_no_stop以下に抑えるべきところ、delta_stopが大きく正の状態で早期にブレーキをかけているため早すぎる減速と判断し減点した。
83.0,Train11,巡航フェーズ（駅間走行中）,惰行中,1.0,力行（加速）,10.0,70.0,70.0,32.91,70.0,1586.6,95.0,57.558696578551434,0.0,0.0,この先制限速度なし,この先目立った勾配なし,前方1587.0m先を0.0km/h,後続列車なし,0.0,30.0,未発車,100.0,70.0,normal,0.1,required_speed 70km/hに対し現在32.9km/hの惰行が続き、遅延を拡大させるため評価を大幅に減点した。
176.69999999999928,Train11,次駅への減速フェーズ（駅手前400m以内）,ブレーキ（減速）中,0.4,惰行,0.1,70.0,70.0,12.47,12.5,6.2,3.3,7.403550009128604,0.0,9.2,この先制限速度なし,この先目立った勾配なし,前方690.8m先を54.3km/h,後続列車なし,0.0,0.0,発車済み,100.0,12.5,normal,0.0,delta_stopが-1.2mで低速域の許容範囲を超え、駅手前でのオーバーランリスクが高く、次駅減速フェーズでの停止位置が不適切なため0.0とした。
198.3999999999997,Train11,次駅への減速フェーズ（駅手前400m以内）,惰行中,0.1,ブレーキ（減速）,0.1,70.0,50.2,29.36,70.0,41.7,0.0,40.80904800356429,18.5,9.2,この先制限速度なし,この先目立った勾配なし,前方168.0m先を35.4km/h,後続列車なし,0.0,0.0,発車済み,20.0,70.0,normal,0.0,ブレーキから惰行への7秒未満の切替に合理的理由がなくノコギリ運転と判定されたため、rewardは0.0とした。
146.09999999999977,Train11,次駅への減速フェーズ（駅手前400m以内）,ブレーキ（減速）中,0.2,惰行,0.1,70.0,70.0,35.85,35.9,42.3,33.9,60.6789280249221,0.0,9.2,この先制限速度なし,この先目立った勾配なし,前方343.3m先を48.0km/h,後続列車なし,0.0,0.0,,50.0,35.9,normal,0.0,delta_stopが-18.38mでブレーキ中でもオーバーランが確実と判断され、即0.0ルールが適用されたため。
64.0,Train11,巡航フェーズ（駅間走行中）,力行（加速）中,2.0,惰行,1.0,70.0,70.0,59.68,70.0,1464.4,20.0,186.3701798207324,0.0,0.0,この先制限速度なし,474m先に上り勾配12.5‰あり,前方452.0m先を63.1km/h,後続列車なし,0.0,114.0,未発車,20.0,53.3,anti_mid_stop,0.0,先行列車が塞いでいる駅間停車防止モードで、target_speed_no_stop 53.3km/h を超えて力行し、ノコギリ運転と判定されたためrewardは0.0とする。
238.69999999999928,Train11,次駅への減速フェーズ（駅手前400m以内）,ブレーキ（減速）中,0.30000000000000004,力行（加速）,1.3,70.0,70.0,18.47,70.0,20.4,0.0,16.2132360612212,58.8,9.2,この先制限速度なし,この先目立った勾配なし,前方1842.1m先を62.9km/h,後続列車なし,10.0,0.0,発車済み,100.0,70.0,delay_recovery,0.9,次駅減速フェーズでブレーキが適切にかかり、delta_stopが4.19mで許容範囲内、即時安全違反なし、ノコギリ運転でも合理的転換のため高評価。
173.2,Train11,次駅への減速フェーズ（駅手前400m以内）,力行（加速）中,12.299999999999999,惰行,8.0,70.0,70.0,40.95,70.0,94.4,6.8,78.9850864195206,0.0,9.2,この先制限速度なし,この先目立った勾配なし,前方878.7m先を56.1km/h,後続列車なし,5.0,0.0,発車済み,100.0,70.0,normal,0.3,次駅減速フェーズで力行しており、停止位置達成に不適切でエネルギー無駄となるため減点し、rewardを0.3とする。
12.0,Train11,駅出発直後の加速フェーズ（20秒以内）,惰行中,1.0,ブレーキ（減速）,1.0,70.0,70.0,9.51,70.0,2146.7,60.0,4.992047061964802,0.0,-2.1,この先制限速度なし,356m先に下り勾配6.7‰あり,前方923.7m先を63.5km/h,後続列車なし,10.0,156.0,未発車,70.0,56.0,anti_mid_stop,0.0,直前のブレーキから1秒で惰行への切替が合理的理由なく行われ、ノコギリ運転と判定され上限0.0点となった。
138.0,Train11,次駅への減速フェーズ（駅手前400m以内）,ブレーキ（減速）中,1.0,惰行,5.0,70.0,70.0,43.13,44.4,386.8,42.0,90.89341117149874,0.0,6.1,この先制限速度なし,196m先に上り勾配9.2‰あり,前方426.7m先を23.3km/h,後続列車なし,0.0,0.0,発車済み,100.0,44.4,normal,0.2,必要速度付近で早期ブレーキと保持時間7秒未満の不合理なノコギリ運転が判定され、上限0.5を下回る0.2に設定した。
47.0,Train11,巡航フェーズ（駅間走行中）,ブレーキ（減速）中,1.0,力行（加速）,6.0,70.0,70.0,52.61,70.0,1720.2,64.0,159.79983746807665,0.0,-6.7,この先制限速度なし,この先目立った勾配なし,前方1108.9m先を62.1km/h,後続列車なし,10.0,91.0,未発車,70.0,67.4,normal,0.1,巡航フェーズでrequired_speed70km/hに対し52.6km/hでブレーキし、不要な減速とノコギリ運転が発生したため評価が低くなる。
149.29999999999947,Train11,次駅への減速フェーズ（駅手前400m以内）,ブレーキ（減速）中,0.4,惰行,0.1,70.0,0.0,22.54,22.5,0.6,26.7,24.113228343216324,0.0,9.2,この先制限速度なし,この先目立った勾配なし,前方0.0m先を3.9km/h,後続列車なし,5.0,33.7,未発車,20.0,1.4,anti_mid_stop,0.0,ブレーキ中でも delta_stop が -23.51 m と -5 m 以下でオーバーランが確実なため即時0点ルールが適用され、reward=0.0 とした。
192.29999999999947,Train11,次駅への減速フェーズ（駅手前400m以内）,惰行中,0.1,ブレーキ（減速）,0.4,70.0,37.9,26.59,70.0,2.2,0.0,33.507862831426586,12.4,9.2,この先制限速度なし,この先目立った勾配なし,前方117.8m先を34.4km/h,後続列車なし,10.0,0.0,発車済み,35.0,70.0,normal,0.0,delta_stopが-31.31mでブレーキせず惰行しており、オーバーランが確実なため即0点とする。
53.0,Train11,巡航フェーズ（駅間走行中）,ブレーキ（減速）中,5.0,力行（加速）,5.0,70.0,70.0,8.03,70.0,1915.1,106.0,3.560674293668862,0.0,-2.1,この先制限速度なし,125m先に下り勾配6.7‰あり,前方1848.7m先を24.9km/h,後続列車なし,5.0,65.0,未発車,100.0,70.0,normal,0.1,巡航フェーズでrequired_speed70km/hに対し8km/hの減速は不要で、CBTC制限もなく先行列車も遠く、ちんたら運転とノコギリ運転が判定されたためrewardは0.1とした。
194.69999999999962,Train11,次駅への減速フェーズ（駅手前400m以内）,力行（加速）中,0.1,ブレーキ（減速）,1.0999999999999999,70.0,69.9,30.42,70.0,26.5,0.0,43.79033048985783,14.8,9.2,この先制限速度なし,この先目立った勾配なし,前方276.2m先を42.6km/h,後続列車なし,0.0,0.0,発車済み,35.0,70.0,normal,0.0,delta_stopが-17.29mでブレーキせず加速し、オーバーランが確実かつノコギリ運転と判定されたため即reward0.0ルールが適用された。
163.0,Train11,次駅への減速フェーズ（駅手前400m以内）,力行（加速）中,3.0,惰行,8.0,70.0,70.0,32.2,70.0,199.3,17.0,50.92538148835976,0.0,6.1,この先制限速度なし,9m先に上り勾配9.2‰あり,前方828.7m先を53.2km/h,後続列車なし,5.0,0.0,発車済み,100.0,70.0,normal,0.2,次駅減速フェーズで加速しており、ブレーキ開始が遅れ停止位置達成が危うく大幅減点し0.2とする。
47.0,Train11,巡航フェーズ（駅間走行中）,力行（加速）中,24.0,ブレーキ（減速）,8.0,70.0,70.0,47.29,70.0,1819.4,14.0,121.35787772859275,0.0,-2.1,この先制限速度なし,29m先に下り勾配6.7‰あり,前方394.7m先を48.6km/h,後続列車なし,0.0,0.0,,20.0,70.0,normal,0.9,巡航フェーズでrequired_speed未達だが、必要な加速を継続しており制限速度・CBTCを遵守、間隔も適正で安全違反なし。
165.0,Train11,巡航フェーズ（駅間走行中）,惰行中,5.0,力行（加速）,2.0,70.0,70.0,19.03,70.0,568.2,15.0,17.87713828389993,0.0,6.1,この先制限速度なし,378m先に上り勾配9.2‰あり,前方1153.6m先を52.3km/h,後続列車なし,10.0,0.0,発車済み,100.0,70.0,normal,0.2,巡航フェーズでrequired_speedを大きく下回る惰行が続き、即時加速がなく遅延が拡大、かつ力行→惰行のノコギリ運転と判定されたため低評価。
229.29999999999924,Train11,次駅への減速フェーズ（駅手前400m以内）,ブレーキ（減速）中,1.0999999999999999,力行（加速）,0.1,70.0,65.6,7.59,70.0,4.6,0.0,2.746204159385749,49.4,9.2,この先制限速度なし,この先目立った勾配なし,前方249.7m先を42.4km/h,後続列車なし,5.0,0.0,発車済み,35.0,70.0,delay_recovery,0.8,低速でのブレーキは適切だが、Δstopが1.85mで許容範囲外のやや減点となり、全体評価は0.8とする。
231.1999999999997,Train11,次駅への減速フェーズ（駅手前400m以内）,ブレーキ（減速）中,0.7,力行（加速）,6.5999999999999925,70.0,70.0,25.73,70.0,62.7,0.0,31.385518905157262,51.3,9.2,この先制限速度なし,この先目立った勾配なし,前方1752.9m先を62.9km/h,後続列車なし,10.0,0.0,発車済み,100.0,70.0,delay_recovery,0.1,ブレーキが必要距離より30m以上早く開始され、delta_stopが31mで過剰減速。さらにノコギリ運転と判定され遅延とエネルギー損失が大きく評価は0.1。
193.29999999999941,Train11,次駅への減速フェーズ（駅手前400m以内）,ブレーキ（減速）中,0.30000000000000004,惰行,0.1,70.0,38.6,24.58,0.0,0.0,0.0,32.226667496422785,13.4,0.0,この先制限速度なし,この先目立った勾配なし,前方120.3m先を35.3km/h,後続列車なし,10.0,0.0,発車済み,35.0,0.0,normal,0.0,delta_stopが-32.23mでブレーキ中にも関わらずオーバーランが確実と判定され、即0.0ルールが適用されたためreward=0.0。
202.0,Train11,次駅への減速フェーズ（駅手前400m以内）,力行（加速）中,5.0,ブレーキ（減速）,8.0,70.0,70.0,24.16,70.0,300.8,0.0,28.762426900875713,23.0,6.1,この先制限速度なし,110m先に上り勾配9.2‰あり,前方1478.2m先を62.9km/h,後続列車なし,10.0,0.0,発車済み,100.0,70.0,normal,0.2,次駅減速フェーズで24.2km/hの低速のまま加速しブレーキせず、遅延拡大とエネルギー無駄が顕著なため0.2点とした。
164.99999999999994,Train11,次駅への減速フェーズ（駅手前400m以内）,力行（加速）中,0.1,惰行,0.1,70.0,70.0,32.94,70.0,89.7,15.0,51.29253668025968,0.0,9.2,この先制限速度なし,この先目立った勾配なし,前方1309.3m先を48.1km/h,後続列車なし,0.0,0.0,,100.0,70.0,normal,0.0,次駅減速フェーズで加速し、ノコギリ運転（保持時間0.1秒）と判定されたためrewardは0.0とした。
206.29999999999987,Train11,次駅への減速フェーズ（駅手前400m以内）,力行（加速）中,0.1,ブレーキ（減速）,0.6,70.0,24.3,37.5,70.0,70.8,0.0,66.34376473215833,28.4,9.2,この先制限速度なし,この先目立った勾配なし,前方78.0m先を10.9km/h,後続列車なし,10.0,0.0,発車済み,20.0,70.0,normal,0.0,CBTC信号速度24.3km/hを超えて37.5km/hで加速し、ブレーキ未使用のため即時0点とする。
160.8999999999991,Train11,次駅への減速フェーズ（駅手前400m以内）,ブレーキ（減速）中,2.9000000000000012,惰行,0.1,70.0,0.0,0.7,0.0,0.0,19.1,0.026330335118254364,0.0,0.0,この先制限速度なし,この先目立った勾配なし,前方24.8m先を19.9km/h,後続列車なし,5.0,0.0,発車済み,50.0,0.0,normal,0.0,先行列車との距離が40m未満で衝突リスクと判断され、即時0点とした。
94.0,Train11,巡航フェーズ（駅間走行中）,惰行中,24.0,ブレーキ（減速）,1.0,70.0,70.0,54.79,56.9,866.7,86.0,135.07333866279248,0.0,12.5,この先制限速度なし,この先目立った勾配なし,前方1139.7m先を48.3km/h,後続列車なし,0.0,0.0,,100.0,56.9,normal,0.2,巡航フェーズでrequired_speed未達の状態で24秒間惰行し、遅延拡大となるため低評価とした。
172.39999999999958,Train11,次駅への減速フェーズ（駅手前400m以内）,ブレーキ（減速）中,0.30000000000000004,力行（加速）,0.1,70.0,70.0,25.66,25.7,23.8,7.6,31.21578870592453,0.0,9.2,この先制限速度なし,この先目立った勾配なし,前方874.2m先を57.1km/h,後続列車なし,0.0,0.0,発車済み,100.0,25.7,normal,0.0,delta_stopが-7.42mでブレーキ中でもオーバーランが確実と判断され、即reward0.0ルールが適用されたため0.0とした。
180.0,Train11,巡航フェーズ（駅間走行中）,力行（加速）中,29.0,ブレーキ（減速）,4.0,70.0,70.0,48.65,70.0,505.6,0.0,115.30812989292127,1.0,6.1,この先制限速度なし,315m先に上り勾配9.2‰あり,前方950.5m先を48.9km/h,後続列車なし,5.0,0.0,発車済み,70.0,70.0,normal,1.0,先行列車が十分に前方にあり、required_speed未達のため加速は適切で、制限速度・CBTC遵守、ノコギリ運転なし、間隔も標準範囲で高評価。
167.29999999999998,Train11,次駅への減速フェーズ（駅手前400m以内）,ブレーキ（減速）中,0.4,力行（加速）,3.0,70.0,70.0,42.8,70.0,87.0,12.7,86.20537181509417,0.0,9.2,この先制限速度なし,この先目立った勾配なし,前方563.3m先を49.6km/h,後続列車なし,5.0,0.0,発車済み,100.0,70.0,normal,1.0,次駅減速フェーズでブレーキが適切にかかり、delta_stopが0.79mで停止位置が許容範囲内、速度・信号遵守、ノコギリ運転なし。
112.0,Train11,巡航フェーズ（駅間走行中）,力行（加速）中,11.0,ブレーキ（減速）,2.0,70.0,70.0,45.11,54.3,810.8,68.0,92.02500503933902,0.0,12.5,この先制限速度なし,この先目立った勾配なし,前方844.3m先を21.7km/h,後続列車なし,5.0,0.0,発車済み,100.0,54.3,normal,1.0,巡航フェーズでrequired_speed未達ながら加速中で適切、制限速度・CBTC遵守、先行列車との間隔安全、停止余裕大、全体的に優れた運転。
24.0,Train11,巡航フェーズ（駅間走行中）,ブレーキ（減速）中,4.0,力行（加速）,6.0,70.0,70.0,22.27,70.0,2053.6,45.0,27.254590988632156,0.0,-2.1,この先制限速度なし,263m先に下り勾配6.7‰あり,前方777.9m先を63.4km/h,後続列車なし,5.0,129.0,未発車,50.0,63.3,anti_mid_stop,0.2,先行列車が塞いでいるため駅間停車防止モード。target_speed_no_stop を大きく下回りブレーキで減速し、力行→ブレーキの短時間切替に合理的理由がなく低速運転とノコギリ運転で減点した。
176.39999999999935,Train11,次駅への減速フェーズ（駅手前400m以内）,惰行中,0.1,ブレーキ（減速）,1.2,70.0,70.0,13.49,13.5,3.6,3.6,8.661797470577785,0.0,9.2,この先制限速度なし,この先目立った勾配なし,前方759.9m先を55.6km/h,後続列車なし,10.0,0.0,発車済み,100.0,13.5,normal,0.0,delta_stopが-5.06mでブレーキ未実施のまま惰行しており、オーバーランがほぼ確実なため即reward0.0ルールが適用される。
11.0,Train11,駅出発直後の加速フェーズ（20秒以内）,力行（加速）中,12.0,ブレーキ（減速）,30.0,70.0,70.0,26.99,70.0,2132.7,99.0,39.95252541526575,0.0,-2.1,この先制限速度なし,342m先に下り勾配6.7‰あり,前方1504.1m先を62.3km/h,後続列車なし,5.0,92.0,未発車,100.0,70.0,normal,1.0,加速フェーズで必要速度未達だが制限速度・CBTC信号を遵守し、不要な減速やノコギリ運転もなく、適切に力行しているため高評価。
163.19999999999942,Train11,次駅への減速フェーズ（駅手前400m以内）,ブレーキ（減速）中,2.400000000000001,惰行,0.1,70.0,28.5,14.2,14.2,9.6,16.8,9.595624433882742,0.0,9.2,この先制限速度なし,この先目立った勾配なし,前方88.4m先を30.2km/h,後続列車なし,0.0,0.0,発車済み,50.0,14.2,normal,1.0,次駅減速フェーズで適切にブレーキし、CBTC速度以下かつ停止位置が正確で安全違反なしと評価し高評価とする。
176.3999999999993,Train11,次駅への減速フェーズ（駅手前400m以内）,ブレーキ（減速）中,2.2000000000000006,力行（加速）,0.1,70.0,70.0,12.48,12.5,5.2,3.6,7.415408639611393,0.0,9.2,この先制限速度なし,この先目立った勾配なし,前方538.9m先を51.1km/h,後続列車なし,10.0,0.0,発車済み,100.0,12.5,normal,0.0,低速ブレーキ中にdelta_stopが-2.22mで停止位置が手前にずれ、オーバーランが確実と判断されるためreward=0.0とする。
102.0,Train11,巡航フェーズ（駅間走行中）,惰行中,2.0,力行（加速）,10.0,70.0,70.0,67.07,70.0,744.8,46.0,234.15365790087318,0.0,0.0,この先制限速度なし,154m先に上り勾配6.1‰あり,前方580.1m先を39.5km/h,後続列車なし,0.0,61.0,未発車,35.0,43.8,anti_mid_stop,0.2,先行列車が塞いでいる駅間停車防止モードで、現在速度がtarget_speed_no_stop上限を大きく超えており、間隔不足とエネルギー無駄があるため減点し0.2とする。
188.09999999999994,Train11,次駅への減速フェーズ（駅手前400m以内）,力行（加速）中,0.1,惰行,0.1,70.0,27.4,33.13,70.0,85.2,0.0,51.88178607971077,10.2,9.2,この先制限速度なし,この先目立った勾配なし,前方85.6m先を0.0km/h,後続列車なし,10.0,14.9,未発車,20.0,16.7,anti_mid_stop,0.0,CBTC信号速度27.4km/hを超えて33.1km/hで加速し、ブレーキ未実施のため即時0点ルールが適用された。
41.0,Train11,巡航フェーズ（駅間走行中）,力行（加速）中,8.0,ブレーキ（減速）,5.0,70.0,70.0,30.08,70.0,1972.6,50.0,49.554941108141186,0.0,-2.1,この先制限速度なし,182m先に下り勾配6.7‰あり,前方1082.1m先を62.8km/h,後続列車なし,0.0,137.0,未発車,50.0,57.0,anti_mid_stop,0.9,先行列車が塞いでいるため駅間停車防止モードと判定し、target_speed_no_stop以下での加速は適切であり、速度制限・CBTC遵守、ノコギリ運転なし、遅延なしと評価した。
84.0,Train11,巡航フェーズ（駅間走行中）,惰行中,1.0,力行（加速）,1.0,70.0,70.0,67.88,70.0,1108.0,17.0,239.70008691121132,0.0,0.0,この先制限速度なし,118m先に上り勾配12.5‰あり,前方357.1m先を63.1km/h,後続列車なし,5.0,99.0,未発車,20.0,44.7,anti_mid_stop,0.0,先行列車が塞いでいるため駅間停車防止モードで、現在速度が target_speed_no_stop(44.7km/h) を大幅に上回り、さらに直前の力行→惰行が7秒未満で合理的理由なく切替わされたためノコギリ運転と判定し、reward上限0.0となった。
2.0,Train11,駅出発直後の加速フェーズ（20秒以内）,力行（加速）中,3.0,ブレーキ（減速）,30.0,70.0,54.7,6.17,70.0,2176.2,26.0,2.1032483734342726,0.0,-2.1,この先制限速度なし,386m先に下り勾配6.7‰あり,前方211.7m先を46.2km/h,後続列車なし,10.0,171.0,未発車,35.0,52.3,anti_mid_stop,0.9,先行列車が塞いでいるため駅間停車防止モードで、target_speed_no_stop以下の加速は適切であり、制限速度・CBTC違反もなく安全に加速している。
7.0,Train11,駅出発直後の加速フェーズ（20秒以内）,力行（加速）中,8.0,ブレーキ（減速）,30.0,70.0,70.0,18.97,70.0,2158.4,61.0,19.801016369093954,0.0,-2.1,この先制限速度なし,368m先に下り勾配6.7‰あり,前方867.8m先を47.9km/h,後続列車なし,0.0,0.0,,70.0,70.0,normal,1.0,加速フェーズで制限速度・CBTCを遵守し、不要な減速やノコギリ運転がなく、先行列車との間隔も適正なため最高評価。
163.39999999999924,Train11,次駅への減速フェーズ（駅手前400m以内）,ブレーキ（減速）中,0.8999999999999999,惰行,0.1,70.0,63.4,9.73,9.7,2.6,16.6,4.51072783509457,0.0,9.2,この先制限速度なし,この先目立った勾配なし,前方237.1m先を42.0km/h,後続列車なし,5.0,0.0,発車済み,70.0,9.7,normal,0.0,低速ブレーキ中にdelta_stopが-1.91mでオーバーランが確実、停止位置が手前になるためrewardは0.0とした。
215.79999999999967,Train11,次駅への減速フェーズ（駅手前400m以内）,ブレーキ（減速）中,3.3000000000000016,力行（加速）,4.6,70.0,70.0,27.9,70.0,38.7,0.0,36.872384125338215,35.9,9.2,この先制限速度なし,この先目立った勾配なし,前方709.8m先を54.1km/h,後続列車なし,10.0,0.0,発車済み,70.0,70.0,delay_recovery,0.9,減速フェーズで適切にブレーキし、delta_stopが1.83 mで安全に駅停車できるため高評価。
74.0,Train11,巡航フェーズ（駅間走行中）,ブレーキ（減速）中,1.0,惰行,1.0,70.0,70.0,47.79,70.0,1466.6,76.0,120.41517877813388,0.0,0.0,この先制限速度なし,476m先に上り勾配12.5‰あり,前方1323.1m先を36.8km/h,後続列車なし,5.0,74.0,未発車,70.0,70.0,normal,0.0,不必要な減速と短時間のノコギリ運転により、必要速度を下回りエネルギー浪費が生じ、上限0.0点となる。
167.79999999999984,Train11,次駅への減速フェーズ（駅手前400m以内）,ブレーキ（減速）中,0.6,力行（加速）,0.2,70.0,70.0,35.64,35.6,61.9,12.2,59.97570348807002,0.0,9.2,この先制限速度なし,この先目立った勾配なし,前方688.3m先を53.2km/h,後続列車なし,10.0,0.0,発車済み,100.0,35.6,normal,0.0,直前の力行からすぐブレーキへ切替え、保持時間が7秒未満で合理的理由がなくノコギリ運転と判定され、reward上限が0.0となった。
201.1,Train11,次駅への減速フェーズ（駅手前400m以内）,ブレーキ（減速）中,6.199999999999999,惰行,7.0,70.0,31.1,31.68,70.0,95.4,0.0,47.468576848003465,23.2,9.2,この先制限速度なし,この先目立った勾配なし,前方95.8m先を0.0km/h,後続列車なし,10.0,1.9,未発車,35.0,31.2,anti_mid_stop,0.1,次駅減速フェーズでブレーキ開始が早すぎ、delta_stopが30m超過しているため早期停止と評価し、低評価の0.1とした。
0.0,Train11,駅出発直後の加速フェーズ（20秒以内）,ブレーキ（減速）中,31.0,なし（または停止）,0.0,70.0,70.0,0.0,70.0,2178.0,35.0,0.0,0.0,-2.1,この先制限速度なし,388m先に下り勾配6.7‰あり,前方323.8m先を53.0km/h,後続列車なし,0.0,193.0,未発車,35.0,46.8,anti_mid_stop,0.1,駅間停車防止モードでtarget_speed_no_stop 46.8km/hを大幅に下回り、0km/hで長時間ブレーキしているため遅延とエネルギー浪費が顕著で減点対象となる。
166.0,Train11,次駅への減速フェーズ（駅手前400m以内）,力行（加速）中,1.0,惰行,1.0,70.0,70.0,42.45,70.0,395.3,12.0,88.08051804456541,0.0,6.1,この先制限速度なし,205m先に上り勾配9.2‰あり,前方395.7m先を0.0km/h,後続列車なし,5.0,2.0,未発車,50.0,70.0,normal,0.0,減速フェーズでの力行と、直前の惰行からの短時間切替が合理的理由なくノコギリ運転と判定され、reward上限が0.0となったため。
196.19999999999993,Train11,次駅への減速フェーズ（駅手前400m以内）,ブレーキ（減速）中,0.5,惰行,0.1,70.0,70.0,39.98,70.0,77.3,0.0,75.32227703953312,16.3,9.2,この先制限速度なし,この先目立った勾配なし,前方471.3m先を47.5km/h,後続列車なし,5.0,0.0,発車済み,50.0,70.0,normal,0.9,ブレーキ開始が適切なタイミングで、delta_stopが許容範囲内のため安全かつ定時停車が可能で、エネルギー損失も最小。
43.0,Train11,巡航フェーズ（駅間走行中）,力行（加速）中,14.0,ブレーキ（減速）,1.0,70.0,70.0,53.19,70.0,1777.9,37.0,163.27715741232703,0.0,-6.7,この先制限速度なし,この先目立った勾配なし,前方702.2m先を48.0km/h,後続列車なし,0.0,0.0,,50.0,70.0,normal,0.9,巡航フェーズでrequired_speed未達だが加速は適切で、速度・信号・制限違反なし、ノコギリ運転もなく評価は高く0.9とする。
147.0,Train11,巡航フェーズ（駅間走行中）,力行（加速）中,35.0,ブレーキ（減速）,3.0,70.0,70.0,50.1,70.0,931.1,31.0,113.22407258466723,0.0,12.5,この先制限速度なし,この先目立った勾配なし,前方931.5m先を0.0km/h,後続列車なし,5.0,36.0,未発車,35.0,70.0,normal,1.0,巡航フェーズでrequired_speed未達のため加速は適切で、速度・制限・CBTCを遵守し、ノコギリ運転もなく安全に運転している。
202.5999999999995,Train11,次駅への減速フェーズ（駅手前400m以内）,惰行中,0.1,ブレーキ（減速）,0.1,70.0,70.0,27.07,70.0,10.4,0.0,34.7222285150153,22.7,9.2,この先制限速度なし,この先目立った勾配なし,前方295.0m先を44.0km/h,後続列車なし,5.0,0.0,発車済み,50.0,70.0,normal,0.0,delta_stopが-24.32mでブレーキをかけておらずオーバーランがほぼ確実なため即時0点ルールが適用され、rewardは0.0となる。
94.0,Train11,巡航フェーズ（駅間走行中）,ブレーキ（減速）中,2.0,力行（加速）,3.0,70.0,70.0,12.17,70.0,1716.5,61.0,8.731301937958392,0.0,-6.7,この先制限速度なし,この先目立った勾配なし,前方1619.5m先を30.2km/h,後続列車なし,0.0,84.0,未発車,50.0,70.0,normal,0.1,先行列車が遠く信号・制限速度を守っているが、巡航フェーズで70km/h必要なのに12.2km/hに減速し不要なブレーキとノコギリ運転となり遅延とエネルギー浪費を招くため大幅減点した。
113.0,Train11,巡航フェーズ（駅間走行中）,ブレーキ（減速）中,1.0,力行（加速）,2.0,70.0,70.0,49.07,70.0,934.1,18.0,108.67452365253544,0.0,12.5,この先制限速度なし,この先目立った勾配なし,前方587.5m先を55.5km/h,後続列車なし,10.0,75.0,未発車,20.0,65.4,normal,0.2,巡航フェーズでrequired_speed 70km/hに対し49.1km/hのままブレーキは不要で、先行列車は速く離れているため安全上問題はないが、無駄な減速とノコギリ運転により評価を低下させ0.2とした。
124.0,Train11,巡航フェーズ（駅間走行中）,力行（加速）中,1.0,ブレーキ（減速）,8.0,70.0,70.0,28.15,70.0,576.4,54.0,38.98660461885676,0.0,6.1,この先制限速度なし,386m先に上り勾配9.2‰あり,前方576.7m先を0.0km/h,後続列車なし,0.0,19.0,未発車,70.0,70.0,normal,1.0,巡航フェーズで必要速度未達だが加速は適切で、速度制限・CBTC遵守、間隔安全、ノコギリ運転なしのため最高評価とした。
190.0,Train11,次駅への減速フェーズ（駅手前400m以内）,惰行中,3.0,力行（加速）,5.0,70.0,46.8,39.24,70.0,130.5,0.0,72.58500990748603,11.0,9.2,この先制限速度なし,この先目立った勾配なし,前方152.9m先を18.4km/h,後続列車なし,5.0,0.0,発車済み,50.0,70.0,normal,0.4,前方列車が遅く近く、加速から惰行への短時間切替は合理的理由がなくノコギリ運転と判定され、上限0.5点に抑えられたため0.4点とした。
157.0,Train11,巡航フェーズ（駅間走行中）,ブレーキ（減速）中,8.0,力行（加速）,7.0,70.0,70.0,22.77,70.0,541.4,21.0,25.561126159199734,0.0,6.1,この先制限速度なし,351m先に上り勾配9.2‰あり,前方541.8m先を0.0km/h,後続列車なし,0.0,51.0,未発車,20.0,42.4,anti_mid_stop,0.2,先行列車が塞いでいるため駅間停車防止モード。現在速度がtarget_speed_no_stop(42.4km/h)を大きく下回り、不要なブレーキで遅延とエネルギー浪費を招くため低評価とした。
21.0,Train11,巡航フェーズ（駅間走行中）,力行（加速）中,5.0,惰行,2.0,70.0,38.4,38.29,70.0,2040.7,11.0,79.96922866437406,0.0,-2.1,この先制限速度なし,250m先に下り勾配6.7‰あり,前方129.5m先を49.7km/h,後続列車なし,10.0,167.0,未発車,20.0,49.6,anti_mid_stop,1.0,先行列車が塞いでいるため駅間停車防止モードとなり、target_speed_no_stop以下の加速は安全・信号遵守・停車回避の観点で適切であるため高評価とした。
101.0,Train11,巡航フェーズ（駅間走行中）,力行（加速）中,1.0,ブレーキ（減速）,1.0,70.0,70.0,40.15,70.0,1207.2,21.0,85.35774696451159,0.0,0.0,この先制限速度なし,217m先に上り勾配12.5‰あり,前方748.3m先を59.3km/h,後続列車なし,5.0,112.0,未発車,20.0,44.7,anti_mid_stop,0.0,直前のブレーキから1秒で力行へ切替え、合理的理由がなくノコギリ運転と判定され上限0.0点となった。
80.0,Train11,巡航フェーズ（駅間走行中）,ブレーキ（減速）中,5.0,力行（加速）,19.0,70.0,70.0,41.29,61.9,1362.7,98.0,90.2185658687013,0.0,0.0,この先制限速度なし,372m先に上り勾配12.5‰あり,前方1363.0m先を0.0km/h,後続列車なし,0.0,18.0,未発車,100.0,61.9,normal,0.2,巡航フェーズでrequired_speed 61.9km/hに対し41.3km/hにブレーキ減速しており、不要な減速により遅延とエネルギー浪費が生じるため低評価とした。
147.29999999999987,Train11,次駅への減速フェーズ（駅手前400m以内）,ブレーキ（減速）中,1.2,惰行,0.4,70.0,19.9,36.75,36.8,68.4,30.7,63.73818143368076,0.0,9.2,この先制限速度なし,この先目立った勾配なし,前方68.7m先を0.0km/h,後続列車なし,5.0,5.7,未発車,50.0,36.8,normal,1.0,ブレーキが適切に作動し、delta_stopが許容範囲内でCBTC信号・速度制限を遵守、遅延なし、ノコギリ運転もなく高評価。
82.0,Train11,巡航フェーズ（駅間走行中）,ブレーキ（減速）中,2.0,力行（加速）,1.0,70.0,70.0,42.07,70.0,1418.5,48.0,93.6196128452352,0.0,0.0,この先制限速度なし,428m先に上り勾配12.5‰あり,前方1056.3m先を56.8km/h,後続列車なし,10.0,106.0,未発車,50.0,54.7,anti_mid_stop,0.0,先行列車が塞ぎ駅間停車防止モードで、target_speed_no_stop以下に留まるべきところを不必要にブレーキし、かつ力行→減速のノコギリ運転が判定されたためrewardは0.0とした。
176.0,Train11,巡航フェーズ（駅間走行中）,惰行中,1.0,力行（加速）,3.0,70.0,70.0,39.64,70.0,468.0,4.0,76.91308136348063,0.0,6.1,この先制限速度なし,277m先に上り勾配9.2‰あり,前方620.5m先を37.5km/h,後続列車なし,10.0,0.0,発車済み,70.0,70.0,normal,0.1,巡航フェーズでrequired_speed 70km/hに対し39.6km/hの惰行を続け、加速せず速度不足が大きく、かつノコギリ運転と判定されたため低評価。
70.0,Train11,巡航フェーズ（駅間走行中）,力行（加速）中,9.0,惰行,1.0,70.0,70.0,66.41,70.0,1339.7,81.0,229.67909487374993,0.0,0.0,この先制限速度なし,349m先に上り勾配12.5‰あり,前方1206.3m先を35.5km/h,後続列車なし,0.0,58.0,未発車,70.0,70.0,normal,1.0,巡航フェーズでrequired_speed未達だが加速中で適切、制限速度・CBTC遵守、先行列車との間隔も安全なため高評価。
10.0,Train11,駅出発直後の加速フェーズ（20秒以内）,惰行中,1.0,力行（加速）,10.0,70.0,27.6,25.15,70.0,2139.9,11.0,34.718393179415976,0.0,-2.1,この先制限速度なし,349m先に下り勾配6.7‰あり,前方91.8m先を39.5km/h,後続列車なし,10.0,208.0,未発車,20.0,43.0,anti_mid_stop,0.2,先行列車が塞いで駅間停車防止モード。現在速度が target_speed_no_stop を10km/h以上下回り、惰行に切替えているため遅延リスクが高く減点し0.2とする。
165.39999999999998,Train11,次駅への減速フェーズ（駅手前400m以内）,力行（加速）中,0.1,惰行,0.30000000000000004,70.0,70.0,37.01,70.0,94.1,14.6,64.63566885176634,0.0,9.2,この先制限速度なし,この先目立った勾配なし,前方352.2m先を43.0km/h,後続列車なし,5.0,0.0,発車済み,100.0,70.0,normal,0.0,次駅減速フェーズで加速操作を行い、持続時間0.3秒未満のノコギリ運転に該当するため、rewardは0.0とした。
203.89999999999932,Train11,次駅への減速フェーズ（駅手前400m以内）,ブレーキ（減速）中,1.2,力行（加速）,0.1,70.0,41.2,12.35,0.0,0.0,0.0,8.171175319457753,24.0,0.0,この先制限速度なし,この先目立った勾配なし,前方129.8m先を35.8km/h,後続列車なし,5.0,0.0,発車済み,50.0,0.0,normal,0.0,delta_stopが-8.17mでブレーキ中にも関わらず停止位置を大きく過走し、オーバーランが確実なため即時0点とした。
76.0,Train11,巡航フェーズ（駅間走行中）,惰行中,1.0,力行（加速）,1.0,70.0,70.0,67.4,70.0,1158.9,21.0,236.40601754008608,0.0,0.0,この先制限速度なし,168m先に上り勾配12.5‰あり,前方355.6m先を62.6km/h,後続列車なし,0.0,132.0,未発車,20.0,38.6,anti_mid_stop,0.0,先行列車が塞いで駅間停車防止モードだが、速度がtarget_speed_no_stop(38.6km/h)を大幅に超え、力行→惰行の短時間切替に合理的根拠がなくノコギリ運転と判定され、上限0.0点となった。
95.0,Train11,巡航フェーズ（駅間走行中）,ブレーキ（減速）中,4.0,力行（加速）,1.0,70.0,70.0,22.59,70.0,1512.6,83.0,27.241397043344787,0.0,0.0,この先制限速度なし,この先目立った勾配なし,前方1513.0m先を0.0km/h,後続列車なし,5.0,38.0,未発車,100.0,70.0,normal,0.0,力行直後に短時間ブレーキへ切替え、合理的根拠がなく保持時間が7秒未満のノコギリ運転と判定され、reward上限が0.0となった。
10.0,Train11,駅出発直後の加速フェーズ（20秒以内）,力行（加速）中,6.0,惰行,1.0,70.0,44.8,21.12,70.0,2148.6,16.0,24.523615593332693,0.0,-2.1,この先制限速度なし,358m先に下り勾配6.7‰あり,前方158.9m先を44.4km/h,後続列車なし,5.0,203.0,未発車,20.0,44.3,anti_mid_stop,0.0,先行列車が塞いで駅間停車防止モードだが、惰行から6秒の力行への切替に合理的根拠がなくノコギリ運転と判定され、reward上限が0.0点となった。
49.0,Train11,巡航フェーズ（駅間走行中）,力行（加速）中,13.0,ブレーキ（減速）,1.0,70.0,70.0,60.71,70.0,1641.1,40.0,211.55246927172502,0.0,-6.7,この先制限速度なし,この先目立った勾配なし,前方715.8m先を62.6km/h,後続列車なし,10.0,109.0,未発車,50.0,49.6,anti_mid_stop,0.2,先行列車が塞いで駅間停車防止モード。target_speed_no_stop 49.6km/h を超えて 60.7km/h の力行を続けており、機外停車リスクがあるため減点し0.2とする。
12.0,Train11,駅出発直後の加速フェーズ（20秒以内）,力行（加速）中,1.0,ブレーキ（減速）,1.0,70.0,46.6,22.6,70.0,2132.4,16.0,28.06458120449036,0.0,-2.1,この先制限速度なし,342m先に下り勾配6.7‰あり,前方167.9m先を46.2km/h,後続列車なし,5.0,186.0,未発車,20.0,47.5,anti_mid_stop,1.0,先行列車が塞いでいるため駅間停車防止モードで、現在はtarget_speed_no_stop未満の加速を行い、制限速度・CBTC遵守、ノコギリ運転なし、間隔適正のため高評価。
103.0,Train11,巡航フェーズ（駅間走行中）,ブレーキ（減速）中,8.0,惰行,2.0,70.0,70.0,17.12,70.0,1161.5,51.0,15.677652601241428,0.0,0.0,この先制限速度なし,171m先に上り勾配12.5‰あり,前方1055.9m先を31.5km/h,後続列車なし,10.0,85.0,未発車,50.0,52.7,anti_mid_stop,0.2,先行列車が塞いでいるため駅間停車防止モード。target_speed_no_stopを大きく下回り、不要なブレーキを続けているので評価を低くし0.2とする。
195.19999999999982,Train11,次駅への減速フェーズ（駅手前400m以内）,惰行中,0.7,力行（加速）,1.6000000000000003,70.0,20.8,32.93,70.0,66.2,0.0,51.26161509596791,17.3,9.2,この先制限速度なし,この先目立った勾配なし,前方70.5m先を8.4km/h,後続列車なし,0.0,0.0,発車済み,20.0,70.0,normal,0.0,CBTC信号20.8km/hを超える32.9km/hで走行し、ブレーキをかけていないため即時安全違反と判定しreward=0.0とした。
13.0,Train11,駅出発直後の加速フェーズ（20秒以内）,力行（加速）中,10.0,ブレーキ（減速）,2.0,70.0,70.0,23.9,70.0,2140.6,99.0,31.369451764830558,0.0,-2.1,この先制限速度なし,350m先に下り勾配6.7‰あり,前方1546.6m先を61.9km/h,後続列車なし,5.0,90.0,未発車,100.0,70.0,normal,0.8,加速フェーズで速度制限・CBTCは遵守しているが、直前の2秒ブレーキは不要な減速とみなされ評価を下げた。
155.09999999999977,Train11,次駅への減速フェーズ（駅手前400m以内）,ブレーキ（減速）中,1.8000000000000005,惰行,0.1,70.0,21.9,31.44,31.4,49.8,24.9,46.756713395913366,0.0,9.2,この先制限速度なし,この先目立った勾配なし,前方72.7m先を18.5km/h,後続列車なし,5.0,0.0,発車済み,70.0,31.4,normal,0.9,ブレーキが適切に作動し、delta_stopが3.04mで許容範囲内、速度・CBTC制限遵守、ノコギリ運転なし、停車位置も良好なため高評価。
84.0,Train11,巡航フェーズ（駅間走行中）,力行（加速）中,8.0,ブレーキ（減速）,1.0,70.0,63.7,65.99,70.0,1099.4,11.0,226.85261889657946,0.0,0.0,この先制限速度なし,109m先に上り勾配12.5‰あり,前方261.4m先を62.4km/h,後続列車なし,10.0,104.0,未発車,20.0,43.0,anti_mid_stop,0.0,CBTC信号速度63.7km/hを66km/hで超過しブレーキしていないため即時0点ルールが適用され、rewardは0.0となる。
42.0,Train11,巡航フェーズ（駅間走行中）,ブレーキ（減速）中,1.0,力行（加速）,1.0,70.0,70.0,49.63,70.0,1821.4,35.0,133.47320103788385,0.0,-2.1,この先制限速度なし,31m先に下り勾配6.7‰あり,前方686.0m先を63.1km/h,後続列車なし,0.0,121.0,未発車,35.0,59.1,anti_mid_stop,0.0,直前の力行から1秒でブレーキへ切替え、保持時間が7秒未満でノコギリ運転と判定され、reward上限が0.0点に設定されたため。
166.29999999999924,Train11,次駅への減速フェーズ（駅手前400m以内）,ブレーキ（減速）中,0.7,惰行,0.1,70.0,34.8,6.18,6.2,1.1,13.7,1.8212459543336457,0.0,9.2,この先制限速度なし,この先目立った勾配なし,前方107.2m先を33.4km/h,後続列車なし,0.0,0.0,発車済み,50.0,6.2,normal,1.0,次駅減速フェーズでブレーキが適切に掛かり、delta_stopが±1m以内で安全に停止できているため高評価。
45.0,Train11,巡航フェーズ（駅間走行中）,ブレーキ（減速）中,1.0,力行（加速）,1.0,70.0,70.0,38.34,70.0,1890.2,10.0,80.17608100881858,0.0,-2.1,この先制限速度なし,100m先に下り勾配6.7‰あり,前方368.9m先を63.5km/h,後続列車なし,10.0,158.0,未発車,20.0,47.8,anti_mid_stop,0.0,ブレーキから加速への短時間切替に合理的根拠がなくノコギリ運転と判定され、reward上限が0.0点となった。
233.69999999999956,Train11,次駅への減速フェーズ（駅手前400m以内）,惰行中,0.8999999999999999,ブレーキ（減速）,0.4,70.0,70.0,21.38,70.0,46.8,0.0,21.70381025207556,53.8,9.2,この先制限速度なし,この先目立った勾配なし,前方1780.9m先を63.1km/h,後続列車なし,10.0,0.0,発車済み,100.0,70.0,delay_recovery,0.9,減速フェーズでdelta_stopが正の余裕があり停止位置は確保でき、速度制限・CBTC遵守、ノコギリ運転なしで適切な惰行操作のため高評価。
13.0,Train11,駅出発直後の加速フェーズ（20秒以内）,ブレーキ（減速）中,1.0,力行（加速）,3.0,70.0,63.6,15.11,70.0,2150.4,21.0,12.579939911022507,0.0,-2.1,この先制限速度なし,360m先に下り勾配6.7‰あり,前方267.2m先を51.4km/h,後続列車なし,0.0,165.0,未発車,20.0,53.3,anti_mid_stop,0.1,駅間停車防止モードでtarget_speed_no_stop 53.3km/hを大きく下回る15km/hでブレーキし、力行→減速のノコギリ運転と判定され上限0.3以下に抑えられた。
87.0,Train11,巡航フェーズ（駅間走行中）,ブレーキ（減速）中,1.0,力行（加速）,13.0,70.0,70.0,39.42,70.0,1580.8,91.0,82.31384545367762,0.0,0.0,この先制限速度なし,この先目立った勾配なし,前方1581.2m先を0.0km/h,後続列車なし,5.0,46.0,未発車,100.0,70.0,normal,0.2,巡航フェーズでrequired_speed 70km/hに対し、不要なブレーキで速度を39.4km/hに落とし遅延とエネルギー浪費を招いたため。
143.0,Train11,巡航フェーズ（駅間走行中）,力行（加速）中,8.0,惰行,3.0,70.0,70.0,47.56,70.0,663.0,35.0,119.27512221621474,0.0,0.0,この先制限速度なし,73m先に上り勾配6.1‰あり,前方663.4m先を0.0km/h,後続列車なし,5.0,55.0,未発車,35.0,42.2,anti_mid_stop,0.6,先行列車が塞いでいるためtarget_speed_no_stop(42.2km/h)を5km/h超える47.6km/hの力行は機外停車リスクを招くので減点し、他は問題なし。
174.69999999999933,Train11,次駅への減速フェーズ（駅手前400m以内）,ブレーキ（減速）中,1.5000000000000002,力行（加速）,0.1,70.0,66.4,13.66,13.7,5.0,5.3,8.881057924528857,0.0,9.2,この先制限速度なし,この先目立った勾配なし,前方254.8m先を42.6km/h,後続列車なし,0.0,0.0,発車済み,70.0,13.7,normal,0.0,delta_stopが‑3.88mで低速ブレーキ中にオーバーランが確実となり、停止位置が大幅に手前になるためrewardは0.0とする。
2.0,Train11,駅出発直後の加速フェーズ（20秒以内）,ブレーキ（減速）中,1.0,力行（加速）,2.0,70.0,70.0,6.17,70.0,2176.2,91.0,2.1032483734342726,0.0,-2.1,この先制限速度なし,386m先に下り勾配6.7‰あり,前方1303.3m先を62.9km/h,後続列車なし,10.0,106.0,未発車,100.0,70.0,normal,0.2,加速フェーズで不必要にブレーキし、ノコギリ運転となったため安全は保たれるが遅延とエネルギー浪費が大きく評価を下げた。
90.0,Train11,巡航フェーズ（駅間走行中）,惰行中,6.0,ブレーキ（減速）,1.0,70.0,70.0,61.3,63.1,930.6,71.0,168.44680435774268,0.0,12.5,この先制限速度なし,この先目立った勾配なし,前方877.3m先を22.3km/h,後続列車なし,10.0,63.0,未発車,70.0,68.4,normal,0.0,直前のブレーキから7秒未満で惰行へ切替え、合理的理由がなくノコギリ運転と判定され、reward上限が0.0点となる。
115.0,Train11,巡航フェーズ（駅間走行中）,力行（加速）中,3.0,惰行,1.0,70.0,70.0,50.35,70.0,1012.5,56.0,133.45580398882845,0.0,0.0,この先制限速度なし,22m先に上り勾配12.5‰あり,前方1003.2m先を9.4km/h,後続列車なし,5.0,53.0,未発車,50.0,70.0,normal,1.0,巡航フェーズでrequired_speed未達のため加速は適切で、速度・CBTC制限遵守、ノコギリ運転なし、間隔安全、遅延なしのため高評価とした。
133.0,Train11,次駅への減速フェーズ（駅手前400m以内）,力行（加速）中,1.0,惰行,1.0,70.0,36.6,66.52,70.0,221.4,21.0,213.21451971614204,0.0,6.1,この先制限速度なし,31m先に上り勾配9.2‰あり,前方115.8m先を31.5km/h,後続列車なし,10.0,55.0,未発車,20.0,22.5,anti_mid_stop,0.0,CBTC信号速度36.6km/hを超えて66.5km/hで加速し、ブレーキをかけていないため即時安全違反となりrewardは0.0とする。
156.19999999999914,Train11,次駅への減速フェーズ（駅手前400m以内）,ブレーキ（減速）中,5.099999999999998,力行（加速）,0.1,70.0,0.0,0.59,0.0,0.0,21.8,0.018705726879241165,0.0,0.0,この先制限速度なし,この先目立った勾配なし,前方0.0m先を0.0km/h,後続列車なし,0.0,6.8,未発車,35.0,0.0,normal,0.0,先行列車が0m前方にあり衝突状態と判定されたため即時0点ルールが適用され、rewardは0.0となる。
185.59999999999917,Train11,次駅への減速フェーズ（駅手前400m以内）,ブレーキ（減速）中,0.5,惰行,0.1,70.0,70.0,4.19,0.0,0.0,0.0,0.9426419826972943,5.7,0.0,この先制限速度なし,この先目立った勾配なし,前方1062.7m先を61.5km/h,後続列車なし,0.0,0.0,発車済み,100.0,0.0,normal,0.9,ブレーキが適切にかかり、delta_stopが-0.94mで低速域の許容範囲内のため、次駅減速フェーズとして安全かつ定時性を保っている。
52.0,Train11,巡航フェーズ（駅間走行中）,力行（加速）中,2.0,惰行,1.0,70.0,70.0,58.98,70.0,1652.2,35.0,199.92612722392835,0.0,-6.7,この先制限速度なし,この先目立った勾配なし,前方692.2m先を62.4km/h,後続列車なし,0.0,111.0,未発車,35.0,48.7,anti_mid_stop,0.0,先行列車が塞いでいるため駅間停車防止モードでtarget_speed_no_stop 48.7km/hを超える力行は過加速で機外停車リスクがあり、かつノコギリ運転と判定されたためrewardは0.0とした。
12.0,Train11,駅出発直後の加速フェーズ（20秒以内）,力行（加速）中,1.0,惰行,1.0,70.0,70.0,19.15,70.0,2142.6,36.0,20.177214454886496,0.0,-2.1,この先制限速度なし,352m先に下り勾配6.7‰あり,前方481.0m先を62.7km/h,後続列車なし,0.0,151.0,未発車,35.0,57.6,anti_mid_stop,1.0,先行列車が前方に塞ぎ駅間停車防止モードと判定。現在速度が target_speed_no_stop 未満で加速は適切で、制限速度・CBTC遵守、ノコギリ運転なし。
150.19999999999942,Train11,次駅への減速フェーズ（駅手前400m以内）,ブレーキ（減速）中,1.3,惰行,0.1,70.0,0.0,19.9,0.0,0.0,26.8,21.161549882322266,0.0,0.0,この先制限速度なし,この先目立った勾配なし,前方0.0m先を2.8km/h,後続列車なし,5.0,32.8,未発車,20.0,0.0,normal,0.0,delta_stop が -21.16 m でオーバーランが確実となり、即時0点ルールが適用されるため reward は 0.0 とする。
141.09999999999977,Train11,次駅への減速フェーズ（駅手前400m以内）,ブレーキ（減速）中,0.5,惰行,0.1,70.0,0.0,36.95,37.0,45.9,20.9,64.4280115791922,0.0,9.2,この先制限速度なし,この先目立った勾配なし,前方0.0m先を20.9km/h,後続列車なし,10.0,76.9,未発車,20.0,11.8,anti_mid_stop,0.0,delta_stopが-18.53mでブレーキ中でもオーバーランがほぼ確実と判断され、即reward0.0ルールが適用されたため。
143.59999999999962,Train11,次駅への減速フェーズ（駅手前400m以内）,ブレーキ（減速）中,3.0000000000000013,惰行,0.1,70.0,0.0,29.56,29.6,22.8,21.4,41.363632123512296,0.0,9.2,この先制限速度なし,この先目立った勾配なし,前方0.0m先を17.7km/h,後続列車なし,10.0,74.4,未発車,20.0,8.3,anti_mid_stop,0.0,delta_stopが-18.56mでブレーキ中でもオーバーランがほぼ確実と判断され、即reward0.0ルールが適用された。
188.29999999999959,Train11,次駅への減速フェーズ（駅手前400m以内）,惰行中,0.1,ブレーキ（減速）,0.7,70.0,0.0,27.95,70.0,23.3,0.0,37.003946054299334,10.4,9.2,この先制限速度なし,この先目立った勾配なし,前方24.4m先を3.6km/h,後続列車なし,10.0,0.0,発車済み,20.0,70.0,normal,0.0,CBTC信号0km/hを無視しブレーキせず惰行しているため即時安全違反と判断し、reward=0.0とする。
103.0,Train11,巡航フェーズ（駅間走行中）,惰行中,8.0,力行（加速）,12.0,70.0,70.0,43.04,69.5,1110.8,77.0,97.93416430165038,0.0,0.0,この先制限速度なし,120m先に上り勾配12.5‰あり,前方1124.0m先を14.6km/h,後続列車なし,0.0,0.0,発車済み,100.0,69.5,normal,0.2,巡航フェーズでrequired_speed 69.5km/hに対し43km/hの惰行を続け、先行列車が遠く安全距離にあるため遅延拡大のちんたら運転と判断し大幅減点した。
153.89999999999938,Train11,次駅への減速フェーズ（駅手前400m以内）,ブレーキ（減速）中,0.9999999999999999,惰行,0.1,70.0,0.0,15.33,0.0,0.0,24.1,12.57828662485925,0.0,0.0,この先制限速度なし,この先目立った勾配なし,前方0.0m先を0.0km/h,後続列車なし,0.0,39.1,未発車,35.0,0.0,normal,0.0,delta_stopが-12.58mでブレーキ中でもオーバーランが確実、かつ先行列車と0m距離で衝突リスクがあるためrewardは0.0とする。
111.0,Train11,巡航フェーズ（駅間走行中）,惰行中,1.0,ブレーキ（減速）,1.0,70.0,70.0,49.53,70.0,1074.9,18.0,129.2086909061186,0.0,0.0,この先制限速度なし,84m先に上り勾配12.5‰あり,前方696.9m先を57.2km/h,後続列車なし,10.0,92.0,未発車,20.0,45.7,anti_mid_stop,0.0,短時間のブレーキから惰行への切替がノコギリ運転と判定され、reward上限が0.0となったため。
39.0,Train11,巡航フェーズ（駅間走行中）,力行（加速）中,4.0,ブレーキ（減速）,8.0,70.0,70.0,21.74,70.0,1915.9,100.0,25.978250917885294,0.0,-2.1,この先制限速度なし,125m先に下り勾配6.7‰あり,前方1655.4m先を47.9km/h,後続列車なし,10.0,69.0,未発車,100.0,70.0,normal,0.9,先行列車が前方にあり、required_speed未達ながら加速中で制限速度・CBTC遵守、不要なブレーキは先行列車がいるため減点対象外。全体的に適切な運転と判断し0.9とする。
62.0,Train11,巡航フェーズ（駅間走行中）,力行（加速）中,7.0,惰行,8.0,70.0,70.0,59.95,65.0,1451.6,101.0,188.02566843505343,0.0,0.0,この先制限速度なし,461m先に上り勾配12.5‰あり,前方1410.1m先を19.7km/h,後続列車なし,10.0,61.0,未発車,100.0,65.0,normal,1.0,先行列車が前方にあり速度不足のためrequired_speedに向けた加速は適切で、制限速度・CBTC遵守、ノコギリ運転なしと評価し高得点とした。
123.0,Train11,巡航フェーズ（駅間走行中）,力行（加速）中,1.0,惰行,3.0,70.0,70.0,53.77,53.8,502.2,52.0,140.4440257512882,0.0,6.1,この先制限速度なし,312m先に上り勾配9.2‰あり,前方499.2m先を5.6km/h,後続列車なし,10.0,50.0,未発車,50.0,40.2,anti_mid_stop,0.1,先行列車が遅く塞いでいる駅間停車防止モードで、速度がtarget_speed_no_stop(40.2km/h)を13.6km/h上回り上限超えの力行と短時間のノコギリ運転があり、間隔も不足しているため0.1とした。
100.0,Train11,巡航フェーズ（駅間走行中）,力行（加速）中,2.0,ブレーキ（減速）,1.0,70.0,70.0,47.28,70.0,1257.6,27.0,117.89427252637657,0.0,0.0,この先制限速度なし,267m先に上り勾配12.5‰あり,前方863.6m先を57.6km/h,後続列車なし,0.0,108.0,未発車,20.0,47.5,anti_mid_stop,0.0,直前のブレーキからの短時間加速は合理的理由がなくノコギリ運転と判定され、reward上限が0.0となった。
185.99999999999972,Train11,次駅への減速フェーズ（駅手前400m以内）,ブレーキ（減速）中,1.2,惰行,0.2,70.0,70.0,31.04,70.0,38.0,0.0,45.58202920569758,6.1,9.2,この先制限速度なし,この先目立った勾配なし,前方364.9m先を45.4km/h,後続列車なし,5.0,0.0,発車済み,70.0,70.0,normal,0.0,delta_stopが-7.58mでブレーキ中にも関わらずオーバーランが確実と判断され、即0点とする。
2.0,Train11,駅出発直後の加速フェーズ（20秒以内）,力行（加速）中,3.0,ブレーキ（減速）,30.0,70.0,65.4,6.17,70.0,2176.2,30.0,2.1032483734342726,0.0,-2.1,この先制限速度なし,386m先に下り勾配6.7‰あり,前方278.9m先を50.6km/h,後続列車なし,5.0,166.0,未発車,35.0,53.7,anti_mid_stop,0.9,先行列車が塞いでいるため駅間停車防止モードと判定し、target_speed_no_stop以下での加速は適切であり、速度制限・CBTC違反なし、ノコギリ運転でもなく間隔も安全なため高評価とした。
77.0,Train11,巡航フェーズ（駅間走行中）,ブレーキ（減速）中,2.0,力行（加速）,15.0,70.0,70.0,44.4,70.0,1445.9,28.0,104.14173904542182,0.0,0.0,この先制限速度なし,455m先に上り勾配12.5‰あり,前方747.7m先を63.2km/h,後続列車なし,10.0,126.0,未発車,35.0,49.0,anti_mid_stop,0.5,先行列車が塞いでいる駅間停車防止モードで、target_speed_no_stop以下の速度でブレーキを続けたため不必要な減速と判断し減点した。
68.0,Train11,巡航フェーズ（駅間走行中）,ブレーキ（減速）中,3.0,力行（加速）,13.0,70.0,70.0,57.4,70.0,1338.2,81.0,172.66686030379935,0.0,0.0,この先制限速度なし,348m先に上り勾配12.5‰あり,前方1184.3m先を38.1km/h,後続列車なし,0.0,75.0,未発車,70.0,69.2,normal,0.1,巡航フェーズでrequired_speed 70km/hに対し57.4km/hのままブレーキを継続し、先行列車が遠く不要な減速となって遅延とエネルギー浪費を招くため減点。
231.9999999999999,Train11,次駅への減速フェーズ（駅手前400m以内）,ブレーキ（減速）中,1.9000000000000006,力行（加速）,0.1,70.0,70.0,38.8,70.0,68.8,0.0,70.98088858518187,52.1,9.2,この先制限速度なし,この先目立った勾配なし,前方473.4m先を47.8km/h,後続列車なし,10.0,0.0,発車済み,50.0,70.0,delay_recovery,0.9,ブレーキは駅手前で適切に行われ、delta_stopは許容範囲内でCBTC・制限速度も遵守しているため高評価とする。
216.19999999999953,Train11,次駅への減速フェーズ（駅手前400m以内）,ブレーキ（減速）中,0.4,力行（加速）,0.1,70.0,62.9,26.02,70.0,24.8,0.0,32.093529510794774,36.3,9.2,この先制限速度なし,この先目立った勾配なし,前方234.0m先を40.8km/h,後続列車なし,10.0,0.0,発車済み,50.0,70.0,delay_recovery,0.0,高速走行中にdelta_stopが-7.29mとオーバーランが確実であり、即0.0の安全違反と判断した。
143.09999999999988,Train11,次駅への減速フェーズ（駅手前400m以内）,ブレーキ（減速）中,1.3,惰行,0.1,70.0,18.2,37.53,37.5,65.3,34.9,66.44904955668139,0.0,9.2,この先制限速度なし,この先目立った勾配なし,前方65.7m先を0.0km/h,後続列車なし,0.0,19.9,未発車,35.0,37.5,normal,0.9,減速フェーズで適切にブレーキし、CBTC信号遵守・制限速度遵守・停止位置誤差±5m以内で安全に停車できているため高評価。
128.0,Train11,巡航フェーズ（駅間走行中）,力行（加速）中,2.0,ブレーキ（減速）,2.0,70.0,70.0,45.5,70.0,920.6,52.0,93.60517590900838,0.0,12.5,この先制限速度なし,この先目立った勾配なし,前方997.7m先を29.9km/h,後続列車なし,0.0,0.0,発車済み,100.0,70.0,normal,0.3,ブレーキ直後の短時間加速が合理的根拠なくノコギリ運転と判定され、reward上限が0.3に制限されたため。
24.0,Train11,巡航フェーズ（駅間走行中）,力行（加速）中,3.0,ブレーキ（減速）,1.0,70.0,70.0,32.37,70.0,2052.0,45.0,57.325070427439094,0.0,-2.1,この先制限速度なし,261m先に下り勾配6.7‰あり,前方776.3m先を63.4km/h,後続列車なし,5.0,144.0,未発車,50.0,57.3,anti_mid_stop,0.0,先行列車が塞いで駅間停車防止モードだが、ブレーキ後すぐ加速への切替が合理的理由なく行われ、ノコギリ運転と判定され上限0.0点となった。
93.0,Train11,巡航フェーズ（駅間走行中）,力行（加速）中,4.0,ブレーキ（減速）,1.0,70.0,70.0,54.37,62.7,1204.7,85.0,155.22560560607158,0.0,0.0,この先制限速度なし,214m先に上り勾配12.5‰あり,前方1205.1m先を0.0km/h,後続列車なし,5.0,40.0,未発車,100.0,62.7,normal,0.0,prev_notch_durationが1秒でノコギリ運転と判定され、上限rewardが0.0点となったため。
168.0,Train11,巡航フェーズ（駅間走行中）,力行（加速）中,3.0,惰行,1.0,70.0,70.0,43.77,70.0,463.8,10.0,93.5800229802419,0.0,6.1,この先制限速度なし,273m先に上り勾配9.2‰あり,前方464.6m先を2.8km/h,後続列車なし,10.0,0.0,発車済み,70.0,70.0,normal,1.0,巡航フェーズでrequired_speed未達のため加速は妥当で、速度・信号・制限を遵守し、ノコギリ運転もなく、全項目で問題なし。
97.0,Train11,巡航フェーズ（駅間走行中）,力行（加速）中,10.0,惰行,4.0,70.0,70.0,44.02,70.0,1275.7,33.0,102.3886987512047,0.0,0.0,この先制限速度なし,285m先に上り勾配12.5‰あり,前方913.5m先を56.8km/h,後続列車なし,10.0,91.0,未発車,35.0,55.1,anti_mid_stop,0.9,先行列車が塞いでいる駅間停車防止モードで、target_speed_no_stop以下に向けた加速であり、速度・信号・間隔すべて安全かつ適切なため高評価。
134.0,Train11,巡航フェーズ（駅間走行中）,力行（加速）中,8.0,ブレーキ（減速）,4.0,70.0,70.0,46.71,70.0,833.6,44.0,98.5907311500223,0.0,12.5,この先制限速度なし,この先目立った勾配なし,前方834.0m先を0.0km/h,後続列車なし,5.0,49.0,未発車,50.0,69.9,normal,1.0,巡航フェーズでrequired_speed未達だが加速中で適切、制限速度・CBTC遵守、間隔問題なしのため高評価。
36.0,Train11,巡航フェーズ（駅間走行中）,惰行中,1.0,ブレーキ（減速）,1.0,70.0,70.0,31.66,70.0,1925.4,50.0,54.856664818021414,0.0,-2.1,この先制限速度なし,135m先に下り勾配6.7‰あり,前方947.9m先を63.1km/h,後続列車なし,0.0,127.0,未発車,50.0,60.1,anti_mid_stop,0.0,ノコギリ運転と判定され、prev_notch_durationが1秒で上限0点となり、rewardは0.0となる。
29.0,Train11,巡航フェーズ（駅間走行中）,力行（加速）中,1.0,ブレーキ（減速）,8.0,70.0,70.0,9.49,70.0,2031.6,45.0,4.9711011048111855,0.0,-2.1,この先制限速度なし,241m先に下り勾配6.7‰あり,前方843.7m先を63.0km/h,後続列車なし,5.0,124.0,未発車,50.0,65.3,anti_mid_stop,0.9,先行列車が塞いでいるため駅間停車防止モードと判定し、target_speed_no_stop未満で加速していることが適切と判断した。
191.8999999999999,Train11,次駅への減速フェーズ（駅手前400m以内）,力行（加速）中,0.1,ブレーキ（減速）,0.1,70.0,70.0,38.33,70.0,71.1,0.0,69.2867310637682,12.0,9.2,この先制限速度なし,この先目立った勾配なし,前方684.2m先を52.9km/h,後続列車なし,5.0,0.0,発車済み,70.0,70.0,normal,0.0,次駅減速フェーズで加速操作が不適切であり、ノコギリ運転と判定されたためrewardは0.0とする。
124.0,Train11,巡航フェーズ（駅間走行中）,惰行中,19.0,力行（加速）,1.0,70.0,70.0,49.06,49.1,527.0,54.0,117.2331741597683,0.0,6.1,この先制限速度なし,336m先に上り勾配9.2‰あり,前方527.4m先を0.0km/h,後続列車なし,10.0,14.0,未発車,100.0,49.1,normal,1.0,現在速度がrequired_speedと一致し、制限・CBTCを遵守した惰行が適切で安全上の問題がなく、全評価項目がOKのため最高評価とした。
64.0,Train11,巡航フェーズ（駅間走行中）,惰行中,5.0,力行（加速）,16.0,70.0,70.0,47.71,70.0,1635.0,49.0,120.01804557692209,0.0,0.0,この先制限速度なし,この先目立った勾配なし,前方1058.1m先を61.5km/h,後続列車なし,5.0,104.0,未発車,50.0,63.9,anti_mid_stop,0.4,先行列車が塞いでいるため駅間停車防止モードで、現在速度が target_speed_no_stop を10km/h以上下回る惰行は過度な低速とみなされ減点対象となった。
207.59999999999957,Train11,次駅への減速フェーズ（駅手前400m以内）,ブレーキ（減速）中,0.2,力行（加速）,0.1,70.0,54.8,31.4,70.0,20.7,0.0,46.63858364179767,27.7,9.2,この先制限速度なし,この先目立った勾配なし,前方190.1m先を38.6km/h,後続列車なし,5.0,0.0,発車済み,20.0,70.0,normal,0.0,delta_stopが-25.94mでブレーキ中でも停止位置が大幅に手前になるため、オーバーランがほぼ確実で即時0点ルールに該当。
78.0,Train11,巡航フェーズ（駅間走行中）,惰行中,2.0,力行（加速）,1.0,70.0,41.5,67.14,70.0,1149.7,6.0,234.6305919686325,0.0,0.0,この先制限速度なし,159m先に上り勾配12.5‰あり,前方141.3m先を48.1km/h,後続列車なし,0.0,0.0,,20.0,70.0,normal,0.0,CBTC信号速度41.5km/hを超える67.1km/hで走行し、ブレーキ未使用のため即時0点ルールに該当し、rewardは0.0とする。
63.0,Train11,巡航フェーズ（駅間走行中）,惰行中,7.0,力行（加速）,5.0,70.0,70.0,60.37,60.4,1451.9,112.0,190.61460009188863,0.0,0.0,この先制限速度なし,461m先に上り勾配12.5‰あり,前方1448.9m先を5.6km/h,後続列車なし,0.0,35.0,未発車,100.0,60.4,normal,1.0,現在速度がrequired_speedと一致し、巡航フェーズでの惰行は適切。制限速度・CBTC遵守、間隔・エネルギー面でも問題なし。
158.4999999999998,Train11,次駅への減速フェーズ（駅手前400m以内）,惰行中,2.400000000000001,力行（加速）,0.1,70.0,25.8,30.0,30.0,66.0,21.5,42.596690578229556,0.0,9.2,この先制限速度なし,この先目立った勾配なし,前方81.4m先を15.5km/h,後続列車なし,10.0,0.0,発車済み,70.0,30.0,normal,0.0,CBTC信号速度25.8km/hを超えて30km/hで惰行しており、ブレーキ未実施のため即時0点ルールに該当し、安全違反となる。
225.9999999999991,Train11,次駅への減速フェーズ（駅手前400m以内）,ブレーキ（減速）中,0.8999999999999999,力行（加速）,0.1,70.0,70.0,0.68,0.0,0.0,0.0,0.024847342986519732,46.1,0.0,この先制限速度なし,この先目立った勾配なし,前方828.0m先を56.8km/h,後続列車なし,10.0,0.0,発車済み,70.0,0.0,delay_recovery,0.9,減速フェーズでブレーキを適切に掛け、delta_stop‑0.02mは許容範囲内で速度・CBTC制限を遵守し、ノコギリ運転もなくエネルギー無駄もないため高評価。
212.09999999999982,Train11,次駅への減速フェーズ（駅手前400m以内）,ブレーキ（減速）中,0.1,惰行,0.4,70.0,42.5,37.2,70.0,65.2,0.0,65.29540590473704,32.2,9.2,この先制限速度なし,この先目立った勾配なし,前方134.9m先を28.9km/h,後続列車なし,5.0,0.0,発車済み,20.0,70.0,delay_recovery,0.9,ブレーキが適切に掛かり、delta_stopは許容範囲内で安全・信号順守・速度制限遵守の問題はなく、ノコギリ運転もなく間隔も適切なため高評価。
56.0,Train11,巡航フェーズ（駅間走行中）,惰行中,1.0,力行（加速）,1.0,70.0,70.0,61.12,70.0,1591.2,30.0,195.27918610869463,0.0,0.0,この先制限速度なし,この先目立った勾配なし,前方613.7m先を63.1km/h,後続列車なし,5.0,127.0,未発車,35.0,53.3,anti_mid_stop,0.9,先行列車が塞いでいるため駅間停車防止モードと判定し、target_speed_no_stop以下に減速する惰行は適切で安全違反はなく高評価とした。
206.0,Train11,次駅への減速フェーズ（駅手前400m以内）,力行（加速）中,3.0,惰行,1.0,70.0,48.4,39.35,70.0,132.1,0.0,72.98877323716772,27.0,9.2,この先制限速度なし,この先目立った勾配なし,前方159.8m先を20.1km/h,後続列車なし,5.0,0.0,発車済み,20.0,70.0,normal,0.0,減速フェーズでの加速とノコギリ運転（惰行→力行、保持時間1秒）により操作が不適切で、上限0点とした。
238.59999999999906,Train11,次駅への減速フェーズ（駅手前400m以内）,力行（加速）中,3.3000000000000016,惰行,0.6,70.0,70.0,14.2,70.0,16.3,0.0,9.595624433882742,58.7,9.2,この先制限速度なし,この先目立った勾配なし,前方729.7m先を54.8km/h,後続列車なし,10.0,0.0,発車済み,50.0,70.0,delay_recovery,0.0,次駅減速フェーズで低速14.2km/hにもかかわらず加速し、保持時間が短く逆転したノコギリ運転と判定されたためrewardは0.0とした。
24.0,Train11,巡航フェーズ（駅間走行中）,力行（加速）中,15.0,惰行,8.0,70.0,70.0,34.61,70.0,2076.3,45.0,65.46097616771596,0.0,-2.1,この先制限速度なし,286m先に下り勾配6.7‰あり,前方800.7m先を63.4km/h,後続列車なし,5.0,144.0,未発車,50.0,58.0,anti_mid_stop,0.9,先行列車が塞いでいるため駅間停車防止モード。target_speed_no_stop以下で加速中で速度上限超過やノコギリ運転はなく、安全かつ適切な操作と判断した。
15.0,Train11,駅出発直後の加速フェーズ（20秒以内）,力行（加速）中,1.0,惰行,8.0,70.0,70.0,18.71,70.0,2116.5,45.0,19.263815802044327,0.0,-2.1,この先制限速度なし,326m先に下り勾配6.7‰あり,前方682.9m先を63.1km/h,後続列車なし,5.0,138.0,未発車,50.0,61.7,anti_mid_stop,1.0,先行列車が塞いでいるため駅間停車防止モードとなり、target_speed_no_stop以下での加速は適切で安全違反もなく、ノコギリ運転でもないため高評価とする。
161.5999999999991,Train11,次駅への減速フェーズ（駅手前400m以内）,ブレーキ（減速）中,2.600000000000001,力行（加速）,0.1,70.0,0.0,3.44,0.0,0.0,16.4,0.635495564337907,0.0,0.0,この先制限速度なし,この先目立った勾配なし,前方0.0m先を0.0km/h,後続列車なし,0.0,1.4,未発車,50.0,0.0,normal,0.0,先行列車が40m未満の距離で接近しており即時衝突リスクと判定されたため、即reward0.0ルールが適用される。
165.0,Train11,次駅への減速フェーズ（駅手前400m以内）,力行（加速）中,6.0,ブレーキ（減速）,1.0,70.0,70.0,48.09,70.0,372.2,13.0,112.70362944117477,0.0,6.1,この先制限速度なし,182m先に上り勾配9.2‰あり,前方372.5m先を0.0km/h,後続列車なし,10.0,38.0,未発車,20.0,35.6,anti_mid_stop,0.0,先行列車が停車中で機外停車防止モード。target_speed_no_stopを超える力行とノコギリ運転により安全性が損なわれ、rewardは0.0とする。
59.0,Train11,巡航フェーズ（駅間走行中）,力行（加速）中,6.0,惰行,1.0,70.0,70.0,58.93,70.0,1552.9,80.0,181.80789850541055,0.0,0.0,この先制限速度なし,この先目立った勾配なし,前方1292.4m先を47.9km/h,後続列車なし,0.0,84.0,未発車,70.0,70.0,normal,0.0,惰行から7秒未満の力行へ合理的理由なく切替え、保持時間が7秒未満でノコギリ運転と判定されreward上限0.0となる。
149.19999999999953,Train11,次駅への減速フェーズ（駅手前400m以内）,ブレーキ（減速）中,2.400000000000001,惰行,0.1,70.0,0.0,21.01,21.0,19.4,26.8,20.96172344600907,0.0,9.2,この先制限速度なし,この先目立った勾配なし,前方17.9m先を4.0km/h,後続列車なし,5.0,48.8,未発車,20.0,7.7,anti_mid_stop,0.0,先行列車が17.9m先で4km/hしか走っており、当列車が21km/hで接近しているため衝突リスクがあり即時0点とした。
141.79999999999995,Train11,次駅への減速フェーズ（駅手前400m以内）,ブレーキ（減速）中,0.8999999999999999,力行（加速）,1.0,70.0,0.0,46.75,46.8,82.4,21.2,102.6458799124048,0.0,9.2,この先制限速度なし,この先目立った勾配なし,前方39.7m先を20.0km/h,後続列車なし,10.0,46.2,未発車,20.0,15.8,anti_mid_stop,0.0,delta_stopが-20.25mでオーバーランがほぼ確実となり、即reward0.0ルールが適用されたため。
36.0,Train11,巡航フェーズ（駅間走行中）,力行（加速）中,1.0,ブレーキ（減速）,1.0,70.0,70.0,35.67,70.0,1931.1,40.0,69.49477791281578,0.0,-2.1,この先制限速度なし,141m先に下り勾配6.7‰あり,前方778.2m先を63.3km/h,後続列車なし,10.0,152.0,未発車,50.0,50.5,anti_mid_stop,0.0,直前のブレーキから1秒で力行へ切替し、保持時間が7秒未満で合理的理由がなくノコギリ運転と判定され、reward上限が0.0となった。
166.99999999999994,Train11,次駅への減速フェーズ（駅手前400m以内）,惰行中,0.1,ブレーキ（減速）,0.30000000000000004,70.0,70.0,40.26,40.3,80.2,13.0,76.37088074533926,0.0,9.2,この先制限速度なし,この先目立った勾配なし,前方769.4m先を54.4km/h,後続列車なし,5.0,0.0,発車済み,100.0,40.3,normal,0.0,ブレーキから惰行への切替が7秒未満で合理的理由がなく、0.3秒未満のノコギリ運転と判定されreward上限が0.0となった。
127.0,Train11,巡航フェーズ（駅間走行中）,惰行中,5.0,力行（加速）,1.0,70.0,70.0,46.63,46.6,431.8,51.0,106.04842801175982,0.0,6.1,この先制限速度なし,241m先に上り勾配9.2‰あり,前方432.1m先を0.0km/h,後続列車なし,0.0,16.0,未発車,70.0,46.6,normal,1.0,required_speedと同等の46.6km/hで惰行は適切で、制限速度・CBTC遵守、停止余裕も十分で安全かつ省エネと判断し高評価。
30.0,Train11,巡航フェーズ（駅間走行中）,力行（加速）中,2.0,ブレーキ（減速）,2.0,70.0,70.0,38.18,70.0,1963.1,104.0,79.5150688618052,0.0,-2.1,この先制限速度なし,173m先に下り勾配6.7‰あり,前方1646.6m先を52.9km/h,後続列車なし,5.0,73.0,未発車,100.0,70.0,normal,0.0,先行列車が遠くモードはnormalだが、ブレーキ後2秒の加速がノコギリ運転と判定されreward上限0.0となる。
171.89999999999955,Train11,次駅への減速フェーズ（駅手前400m以内）,力行（加速）中,0.1,ブレーキ（減速）,0.8999999999999999,70.0,70.0,25.49,70.0,29.8,8.1,30.805479925646704,0.0,9.2,この先制限速度なし,この先目立った勾配なし,前方1342.2m先を48.5km/h,後続列車なし,0.0,0.0,,100.0,70.0,normal,0.0,減速フェーズでブレーキせずに加速し、さらにブレーキ→加速の短時間切替がノコギリ運転と判定されたためreward上限が0.0となった。
55.0,Train11,巡航フェーズ（駅間走行中）,ブレーキ（減速）中,7.0,力行（加速）,18.0,70.0,70.0,29.83,70.0,1794.0,53.0,48.740301179166174,0.0,-2.1,この先制限速度なし,4m先に下り勾配6.7‰あり,前方1148.2m先を62.5km/h,後続列車なし,0.0,108.0,未発車,50.0,64.3,anti_mid_stop,0.2,先行列車が塞いでいるためanti_mid_stopモードだが、target_speed_no_stopを大きく下回るブレーキ走行で遅延とエネルギー浪費が顕著なため低評価。
150.0,Train11,巡航フェーズ（駅間走行中）,ブレーキ（減速）中,1.0,力行（加速）,2.0,70.0,70.0,33.06,70.0,409.3,28.0,53.661786279130375,0.0,6.1,この先制限速度なし,219m先に上り勾配9.2‰あり,前方409.7m先を0.0km/h,後続列車なし,0.0,43.0,未発車,20.0,36.4,anti_mid_stop,0.2,先行列車が停車しているため駅間停車防止モード。target_speed_no_stop未満でブレーキは不要で、ノコギリ運転と判定され上限0.3点に抑えた結果0.2点となった。
92.0,Train11,巡航フェーズ（駅間走行中）,力行（加速）中,4.0,惰行,1.0,70.0,70.0,66.28,70.0,977.4,19.0,196.32860178803688,0.0,12.5,この先制限速度なし,この先目立った勾配なし,前方366.2m先を62.1km/h,後続列車なし,5.0,106.0,未発車,20.0,65.3,anti_mid_stop,0.0,惰行から力行への短時間切替が不合理でノコギリ運転と判定され、reward上限が0.0となった。
176.59999999999997,Train11,次駅への減速フェーズ（駅手前400m以内）,ブレーキ（減速）中,0.30000000000000004,惰行,0.1,70.0,70.0,45.03,70.0,82.5,3.4,95.31607828736793,0.0,9.2,この先制限速度なし,この先目立った勾配なし,前方296.2m先を41.0km/h,後続列車なし,5.0,0.0,発車済み,70.0,70.0,normal,0.0,delta_stopが-12.82mでブレーキ中にも関わらずオーバーランが確実と判定され、即時0点ルールが適用されたためreward=0.0。
92.0,Train11,巡航フェーズ（駅間走行中）,力行（加速）中,3.0,ブレーキ（減速）,1.0,70.0,68.2,62.72,70.0,955.8,13.0,176.1909623745348,0.0,12.5,この先制限速度なし,この先目立った勾配なし,前方257.6m先を63.2km/h,後続列車なし,10.0,96.0,未発車,20.0,64.5,anti_mid_stop,0.0,短時間のブレーキ→加速という反転が合理的理由なく行われ、ノコギリ運転と判定され上限0.0点となった。
163.49999999999986,Train11,次駅への減速フェーズ（駅手前400m以内）,ブレーキ（減速）中,0.9999999999999999,力行（加速）,0.1,70.0,45.3,36.9,36.9,65.2,16.5,64.25521352069593,0.0,9.2,この先制限速度なし,この先目立った勾配なし,前方146.4m先を30.5km/h,後続列車なし,0.0,0.0,発車済み,50.0,36.9,normal,0.0,短時間の力行からブレーキへの切替が合理的理由なくノコギリ運転と判定され、reward上限が0.0となる。
234.3999999999993,Train11,次駅への減速フェーズ（駅手前400m以内）,惰行中,0.1,ブレーキ（減速）,1.4000000000000001,70.0,70.0,7.56,70.0,27.8,0.0,2.7245573650851647,54.5,9.2,この先制限速度なし,この先目立った勾配なし,前方677.9m先を53.6km/h,後続列車なし,10.0,0.0,発車済み,50.0,70.0,delay_recovery,0.0,短時間のブレーキ→惰行への切替が合理的理由なく行われ、ノコギリ運転と判定され上限0.0となったため。
33.0,Train11,巡航フェーズ（駅間走行中）,ブレーキ（減速）中,1.0,力行（加速）,18.0,70.0,70.0,50.53,70.0,1888.7,45.0,138.27994828602817,0.0,-2.1,この先制限速度なし,98m先に下り勾配6.7‰あり,前方770.9m先を62.9km/h,後続列車なし,5.0,120.0,未発車,50.0,61.8,anti_mid_stop,0.4,先行列車が塞いでいる駅間停車防止モードで、速度がtarget_speed_no_stop(61.8km/h)を10km/h以上下回り不要な減速が行われたため減点し、rewardを0.4とした。
43.0,Train11,巡航フェーズ（駅間走行中）,ブレーキ（減速）中,1.0,力行（加速）,5.0,70.0,70.0,46.89,70.0,1786.5,51.0,127.42479386827773,0.0,-6.7,この先制限速度なし,この先目立った勾配なし,前方931.0m先を63.0km/h,後続列車なし,0.0,135.0,未発車,50.0,40.9,anti_mid_stop,1.0,先行列車が塞ぎ駅間停車防止モードで、現在速度が上限 target_speed_no_stop を超えているためブレーキで減速し、衝突回避と機外停車回避に適切な操作と判断した。
202.19999999999953,Train11,次駅への減速フェーズ（駅手前400m以内）,ブレーキ（減速）中,2.0000000000000004,力行（加速）,0.2,70.0,0.0,23.73,70.0,29.3,0.0,26.71536229483093,24.3,9.2,この先制限速度なし,この先目立った勾配なし,前方29.6m先を0.0km/h,後続列車なし,10.0,15.8,未発車,20.0,9.4,anti_mid_stop,0.9,先行列車が停車しているため駅間停車防止モード。ブレーキでCBTC信号0に従い減速し、停止位置も許容範囲内で安全に停車できるため高評価。
149.0,Train11,巡航フェーズ（駅間走行中）,惰行中,1.0,ブレーキ（減速）,1.0,70.0,70.0,46.95,70.0,516.5,29.0,107.49036472867542,0.0,6.1,この先制限速度なし,326m先に上り勾配9.2‰あり,前方516.8m先を0.0km/h,後続列車なし,5.0,14.0,未発車,70.0,70.0,normal,0.0,短時間のブレーキ→惰行の逆転が合理的根拠なくノコギリ運転と判定され、reward上限が0.0となるため。
9.0,Train11,駅出発直後の加速フェーズ（20秒以内）,ブレーキ（減速）中,5.0,力行（加速）,5.0,70.0,70.0,4.18,70.0,2157.4,60.0,0.9658127187490535,0.0,-2.1,この先制限速度なし,367m先に下り勾配6.7‰あり,前方881.7m先を63.4km/h,後続列車なし,10.0,159.0,未発車,70.0,55.3,anti_mid_stop,0.1,駅出発直後にブレーキし、target_speed_no_stop未達のままノコギリ運転となり、加速すべき場面で不適切な減速を行ったため低評価。
177.89999999999978,Train11,次駅への減速フェーズ（駅手前400m以内）,ブレーキ（減速）中,0.7999999999999999,力行（加速）,0.1,70.0,5.4,36.04,70.0,50.6,0.1,61.31863699298448,0.0,9.2,この先制限速度なし,この先目立った勾配なし,前方51.4m先を2.5km/h,後続列車なし,0.0,0.1,未発車,20.0,16.8,anti_mid_stop,0.0,CBTC信号5.4km/hを大幅に上回る36km/hで走行しsignal_speed超過が即時0点対象となるため、rewardは0.0とする。
186.0,Train11,次駅への減速フェーズ（駅手前400m以内）,ブレーキ（減速）中,1.0,力行（加速）,1.0,70.0,70.0,53.9,70.0,121.6,0.0,135.91414219349628,7.0,9.2,この先制限速度なし,この先目立った勾配なし,前方721.5m先を52.6km/h,後続列車なし,0.0,0.0,発車済み,100.0,70.0,normal,0.0,delta_stopが-14.31mでブレーキ中にも関わらずオーバーラン確実と判定され、即0.0ルールが適用されたため。
62.0,Train11,巡航フェーズ（駅間走行中）,力行（加速）中,18.0,ブレーキ（減速）,1.0,70.0,70.0,62.29,70.0,1473.7,31.0,202.6618655694694,0.0,0.0,この先制限速度なし,483m先に上り勾配12.5‰あり,前方600.8m先を62.9km/h,後続列車なし,5.0,106.0,未発車,35.0,56.7,anti_mid_stop,0.4,先行列車が塞いでいるため駅間停車防止モード。target_speed_no_stop 56.7km/h を超えて62.3km/hで力行し過剰加速は機外停車リスクを高めるため減点し、reward 0.4とする。
222.29999999999959,Train11,次駅への減速フェーズ（駅手前400m以内）,ブレーキ（減速）中,0.2,力行（加速）,0.1,70.0,70.0,28.87,70.0,19.8,0.0,39.46590416773009,42.4,9.2,この先制限速度なし,この先目立った勾配なし,前方948.7m先を58.2km/h,後続列車なし,0.0,0.0,発車済み,70.0,70.0,delay_recovery,0.0,ブレーキ中でもdelta_stopが-19.67mと大幅に負で、オーバーランが確実なため即時0点とした。
165.0,Train11,巡航フェーズ（駅間走行中）,力行（加速）中,23.0,惰行,8.0,70.0,70.0,51.7,70.0,447.4,15.0,129.9953683603082,0.0,6.1,この先制限速度なし,257m先に上り勾配9.2‰あり,前方761.8m先を45.0km/h,後続列車なし,0.0,0.0,発車済み,100.0,70.0,normal,0.9,制限速度・CBTC遵守の上、required_speed未達で加速は必要かつ適切、ノコギリ運転なし、先行列車との間隔安全のため高評価。
18.0,Train11,駅出発直後の加速フェーズ（20秒以内）,力行（加速）中,9.0,惰行,8.0,70.0,70.0,25.07,70.0,2126.6,45.0,34.49904201333385,0.0,-2.1,この先制限速度なし,336m先に下り勾配6.7‰あり,前方745.6m先を63.2km/h,後続列車なし,5.0,150.0,未発車,50.0,57.0,anti_mid_stop,1.0,先行列車が塞ぎ駅間停車防止モード。target_speed_no_stop以下で力行し、制限速度・CBTC遵守、衝突リスクなしのため最高評価。
106.0,Train11,巡航フェーズ（駅間走行中）,惰行中,9.0,力行（加速）,1.0,70.0,70.0,65.46,65.5,595.6,51.0,223.30920413852257,0.0,0.0,この先制限速度なし,5m先に上り勾配6.1‰あり,前方514.7m先を27.6km/h,後続列車なし,10.0,52.0,未発車,50.0,39.3,anti_mid_stop,0.2,先行列車が塞いでいるため駅間停車防止モードで、現在速度がtarget_speed_no_stop 39.3km/hを大きく上回り機外停車リスクがあるため減点し、rewardを0.2とした。
156.29999999999953,Train11,次駅への減速フェーズ（駅手前400m以内）,ブレーキ（減速）中,0.7,力行（加速）,0.1,70.0,5.8,23.22,23.2,14.1,23.7,25.584005872922756,0.0,9.2,この先制限速度なし,この先目立った勾配なし,前方51.6m先を48.0km/h,後続列車なし,0.0,0.0,,20.0,23.2,normal,0.0,delta_stopが-11.48mでブレーキ中にも関わらずオーバーランが確実と判断され、即0.0ルールが適用されたため。
2.0,Train11,駅出発直後の加速フェーズ（20秒以内）,力行（加速）中,3.0,ブレーキ（減速）,30.0,70.0,43.0,6.17,70.0,2176.2,20.0,2.1032483734342726,0.0,-2.1,この先制限速度なし,386m先に下り勾配6.7‰あり,前方150.7m先を41.6km/h,後続列車なし,0.0,0.0,,20.0,70.0,normal,1.0,加速フェーズで制限速度・CBTCを遵守し、先行列車との間隔も安全、ノコギリ運転なしで適切な力行のため高評価。
176.5999999999998,Train11,次駅への減速フェーズ（駅手前400m以内）,ブレーキ（減速）中,0.5,力行（加速）,0.1,70.0,70.0,34.29,70.0,58.2,3.4,55.55092115043682,0.0,9.2,この先制限速度なし,この先目立った勾配なし,前方895.9m先を56.9km/h,後続列車なし,5.0,0.0,発車済み,100.0,70.0,normal,0.0,0.5秒のブレーキへの急激な切替は合理的理由がなくノコギリ運転と判定され、reward上限が0.0点になる。
187.0,Train11,次駅への減速フェーズ（駅手前400m以内）,力行（加速）中,1.1,惰行,1.0,70.0,31.1,33.38,70.0,95.4,0.0,52.66214758157896,9.1,9.2,この先制限速度なし,この先目立った勾配なし,前方95.8m先を0.0km/h,後続列車なし,10.0,16.0,未発車,20.0,17.8,anti_mid_stop,0.0,CBTC信号速度31.1km/hを超えて加速し、即時0点ルールに該当するためrewardは0.0となる。
56.0,Train11,巡航フェーズ（駅間走行中）,力行（加速）中,6.0,ブレーキ（減速）,2.0,70.0,70.0,49.82,70.0,1599.1,66.0,130.70318957915143,0.0,0.0,この先制限速度なし,この先目立った勾配なし,前方1140.3m先を59.3km/h,後続列車なし,10.0,82.0,未発車,70.0,70.0,normal,0.2,先行列車が遠く速度不足で加速は必要だが、直前の不必要なブレーキと7秒未満の加減速切替がノコギリ運転と判定され、reward上限0.3に抑えられたため0.2とした。
221.2999999999993,Train11,次駅への減速フェーズ（駅手前400m以内）,ブレーキ（減速）中,0.1,惰行,0.1,70.0,46.4,20.38,0.0,0.0,0.0,22.1907645434637,41.4,0.0,この先制限速度なし,この先目立った勾配なし,前方151.0m先を37.7km/h,後続列車なし,5.0,0.0,発車済み,20.0,0.0,delay_recovery,0.0,delta_stopが-22.19mでブレーキ中でもオーバーランがほぼ確実と判断され、即時0点ルールに該当するためreward=0.0。
203.59999999999917,Train11,次駅への減速フェーズ（駅手前400m以内）,惰行中,0.1,ブレーキ（減速）,0.1,70.0,70.0,15.09,0.0,0.0,0.0,12.188496439100597,23.7,0.0,この先制限速度なし,この先目立った勾配なし,前方785.7m先を56.2km/h,後続列車なし,5.0,0.0,発車済み,100.0,0.0,normal,0.0,delta_stopが-12.19mでブレーキ未実施、オーバーランが確実なため即時0点ルールが適用されrewardは0.0となる。
182.8999999999996,Train11,次駅への減速フェーズ（駅手前400m以内）,力行（加速）中,0.1,惰行,0.1,70.0,70.0,34.39,70.0,13.3,0.0,55.872982126822286,3.0,9.2,この先制限速度なし,この先目立った勾配なし,前方301.6m先を44.1km/h,後続列車なし,5.0,0.0,発車済み,70.0,70.0,normal,0.0,delta_stopが-42.57mでブレーキせずに加速しており、オーバーランがほぼ確実なため即0点とする。
215.0999999999996,Train11,次駅への減速フェーズ（駅手前400m以内）,惰行中,0.1,ブレーキ（減速）,0.2,70.0,62.2,27.71,70.0,33.1,0.0,36.37455647370439,35.2,9.2,この先制限速度なし,この先目立った勾配なし,前方229.9m先を40.2km/h,後続列車なし,10.0,0.0,発車済み,50.0,70.0,delay_recovery,0.0,減速フェーズでブレーキせず惰行を続け、さらに0.2秒のブレーキ→惰行切替がノコギリ運転と判定され、reward上限が0.0となる。
142.5999999999999,Train11,次駅への減速フェーズ（駅手前400m以内）,ブレーキ（減速）中,1.7000000000000004,力行（加速）,1.0,70.0,0.0,44.35,44.4,72.3,21.4,92.49086943275097,0.0,9.2,この先制限速度なし,この先目立った勾配なし,前方33.9m先を19.0km/h,後続列車なし,10.0,45.4,未発車,20.0,14.8,anti_mid_stop,0.0,delta_stopが-20.19mでブレーキ中でもオーバーランが確実と判断され、即reward0.0ルールが適用されたため。
141.29999999999998,Train11,次駅への減速フェーズ（駅手前400m以内）,ブレーキ（減速）中,0.4,惰行,6.0,70.0,27.8,43.24,43.2,86.1,36.7,87.96780499082887,0.0,9.2,この先制限速度なし,この先目立った勾配なし,前方86.5m先を0.0km/h,後続列車なし,10.0,16.7,未発車,50.0,43.2,normal,0.9,CBTC信号低下に合わせて適切にブレーキし、delta_stopが‑1.87mで停止位置誤差が5m以内、衝突リスクなしで安全に駅停車できるため高評価。
170.39999999999998,Train11,次駅への減速フェーズ（駅手前400m以内）,ブレーキ（減速）中,0.4,惰行,0.1,70.0,26.9,42.41,70.0,83.9,7.6,84.65771125780083,0.0,9.2,この先制限速度なし,この先目立った勾配なし,前方84.3m先を0.0km/h,後続列車なし,10.0,32.6,未発車,35.0,16.0,anti_mid_stop,0.9,ブレーキでCBTC信号に従い減速し、停止位置は許容範囲内であり、ノコギリ運転もなく安全かつ適切な操作と判断した。
54.0,Train11,巡航フェーズ（駅間走行中）,力行（加速）中,34.0,惰行,1.0,70.0,70.0,65.94,70.0,1543.4,66.0,226.51722180825845,0.0,0.0,この先制限速度なし,この先目立った勾配なし,前方1051.4m先を60.1km/h,後続列車なし,10.0,84.0,未発車,70.0,70.0,normal,0.9,巡航フェーズでrequired_speed未達のため加速は妥当で、速度・信号・間隔すべて遵守しノコギリ運転もなく高評価とする。
84.0,Train11,巡航フェーズ（駅間走行中）,惰行中,1.0,ブレーキ（減速）,1.0,70.0,70.0,41.87,70.0,1342.3,55.0,92.74173181325246,0.0,0.0,この先制限速度なし,352m先に上り勾配12.5‰あり,前方1081.9m先を47.9km/h,後続列車なし,5.0,69.0,未発車,50.0,70.0,normal,0.0,減速後すぐ惰行へ切替え、必要速度70km/hに対し41.9km/hで惰行は遅延を拡大し、かつノコギリ運転条件を満たすためrewardは0.0とする。
