time,train_id,phase,current_notch,holding_time,prev_notch,prev_notch_duration,speed_limit,signal_speed,current_speed,required_speed,dist_to_next_station,time_to_next_station,req_stop_dist,delay,current_gradient,next_limit_info,next_gradient_info,forward_info,backward_info,forward_train_delay,forward_clear_remaining_time,forward_departed_next,standard_headway,target_speed_no_stop,mode,reward,reason
195.89999999999966,Train11,次駅への減速フェーズ（駅手前400m以内）,惰行中,0.4,ブレーキ（減速）,0.7,70.0,23.9,23.46,70.0,49.8,0.0,26.113391558195463,16.0,9.2,この先制限速度なし,この先目立った勾配なし,前方77.1m先を19.9km/h,後続列車なし,5.0,0.0,発車済み,30.0,70.0,normal,0.2,次駅減速フェーズで低速惰行が続きブレーキ未実施のため遅延が増大し、安全上は問題ないが運転品質が低く評価された。
172.29999999999959,Train11,次駅への減速フェーズ（駅手前400m以内）,ブレーキ（減速）中,0.5,力行（加速）,0.1,70.0,44.6,22.61,22.6,28.1,7.7,24.2626415006101,0.0,9.2,この先制限速度なし,この先目立った勾配なし,前方143.6m先を34.4km/h,後続列車なし,5.0,0.0,発車済み,50.0,22.6,normal,0.9,ブレーキが適切に作動し、delta_stopが3.84mで安全に駅停車位置に近づいているため高評価。
199.09999999999948,Train11,次駅への減速フェーズ（駅手前400m以内）,ブレーキ（減速）中,0.4,惰行,0.1,70.0,23.6,23.14,70.0,29.2,0.0,25.40873637637129,19.2,9.2,この先制限速度なし,この先目立った勾配なし,前方76.4m先を24.9km/h,後続列車なし,5.0,0.0,発車済み,30.0,70.0,normal,0.6,次駅減速フェーズでブレーキが適切に掛かり、delta_stopが3.79mで許容範囲内。安全・速度・CBTCすべて遵守。
197.79999999999956,Train11,次駅への減速フェーズ（駅手前400m以内）,力行（加速）中,0.1,惰行,2.2000000000000006,70.0,23.5,22.63,70.0,37.7,0.0,24.305414905634397,17.9,9.2,この先制限速度なし,この先目立った勾配なし,前方76.3m先を23.0km/h,後続列車なし,5.0,0.0,発車済み,30.0,70.0,normal,0.2,減速フェーズで加速し、短時間のノコギリ運転により停止位置達成が危うく、即時0点規則は無いが上限0.3に抑えて0.2とした。
180.89999999999915,Train11,次駅への減速フェーズ（駅手前400m以内）,力行（加速）中,1.3,ブレーキ（減速）,2.3000000000000007,70.0,17.5,3.32,70.0,37.3,0.0,0.5259409411052803,1.0,9.2,この先制限速度なし,この先目立った勾配なし,前方64.5m先を19.9km/h,後続列車なし,10.0,0.0,発車済み,50.0,70.0,normal,0.2,次駅減速フェーズでdelta_stopが正であり信号速度を超えていないため加速は許容されるが、直前のブレーキから短時間で力行への切替は合理的理由がなくノコギリ運転と判定され、報酬上限が0.1‑0.3に制限される。
198.49999999999952,Train11,次駅への減速フェーズ（駅手前400m以内）,力行（加速）中,0.7999999999999999,惰行,2.2000000000000006,70.0,23.6,23.75,70.0,33.2,0.0,26.76022271832096,18.6,9.2,この先制限速度なし,この先目立った勾配なし,前方76.3m先を24.0km/h,後続列車なし,5.0,0.0,発車済み,30.0,70.0,normal,0.0,CBTC信号速度23.6km/hをブレーキせずに23.8km/hで走行し、信号無視となったため即時0点とした。
107.0,Train11,巡航フェーズ（駅間走行中）,力行（加速）中,10.0,惰行,8.0,70.0,70.0,55.54,70.0,845.8,51.0,138.738709601736,0.0,12.5,この先制限速度なし,この先目立った勾配なし,前方772.3m先を26.2km/h,後続列車なし,10.0,66.0,未発車,50.0,63.0,anti_mid_stop,0.9,先行列車が塞いで駅間停車防止モード。target_speed_no_stop以下で加速中で、制限速度・CBTC遵守、ノコギリ運転なしの適切操作と判断し高評価。
84.0,Train11,巡航フェーズ（駅間走行中）,力行（加速）中,11.0,惰行,6.0,70.0,70.0,54.52,70.0,1332.1,29.0,156.06824542626887,0.0,0.0,この先制限速度なし,342m先に上り勾配12.5‰あり,前方755.2m先を61.5km/h,後続列車なし,5.0,89.0,未発車,30.0,58.7,anti_mid_stop,1.0,先行列車が塞いでいるため駅間停車防止モードと判定し、現在速度が target_speed_no_stop 未満で加速中で上限超過がなく、適切な操作と判断した。
180.09999999999988,Train11,次駅への減速フェーズ（駅手前400m以内）,力行（加速）中,0.1,ブレーキ（減速）,5.099999999999997,70.0,26.1,29.3,70.0,78.2,0.0,40.64339178272786,2.2,9.2,この先制限速度なし,この先目立った勾配なし,前方82.2m先を8.1km/h,後続列車なし,5.0,0.0,発車済み,40.0,70.0,normal,0.0,CBTC信号速度26.1km/hを超えて加速し、ブレーキ未実施のため安全違反となり即0点とした。
183.09999999999988,Train11,次駅への減速フェーズ（駅手前400m以内）,力行（加速）中,1.0999999999999999,惰行,6.099999999999996,70.0,56.3,31.57,70.0,74.9,0.0,47.141649706060726,3.2,9.2,この先制限速度なし,この先目立った勾配なし,前方198.1m先を35.1km/h,後続列車なし,5.0,0.0,発車済み,40.0,70.0,normal,0.3,次駅減速フェーズで加速し、ノコギリ運転となっているため大幅減点し、上限0.3点とした。
184.8999999999996,Train11,次駅への減速フェーズ（駅手前400m以内）,ブレーキ（減速）中,4.799999999999999,力行（加速）,0.1,70.0,20.5,15.62,70.0,48.0,0.0,11.605894794379548,5.0,9.2,この先制限速度なし,この先目立った勾配なし,前方69.9m先を18.2km/h,後続列車なし,5.0,0.0,発車済み,40.0,70.0,normal,0.2,ブレーキ開始が早すぎて停止位置が手前になり、遅延とエネルギー損失が大きいため低評価。
185.79999999999887,Train11,次駅への減速フェーズ（駅手前400m以内）,力行（加速）中,0.6,ブレーキ（減速）,0.5,70.0,29.5,5.49,70.0,31.6,0.0,1.4374862007148752,5.9,9.2,この先制限速度なし,この先目立った勾配なし,前方91.1m先を27.2km/h,後続列車なし,10.0,0.0,発車済み,50.0,70.0,normal,0.0,ブレーキから0.6秒の力行への切替が合理的根拠なく行われ、保持時間が7秒未満でノコギリ運転と判定され、reward上限が0.0に制限された。
179.6999999999998,Train11,次駅への減速フェーズ（駅手前400m以内）,力行（加速）中,0.30000000000000004,ブレーキ（減速）,2.500000000000001,70.0,26.8,26.35,70.0,62.9,0.3,32.90868354801356,0.0,9.2,この先制限速度なし,この先目立った勾配なし,前方83.9m先を17.8km/h,後続列車なし,5.0,0.0,発車済み,30.0,70.0,normal,0.2,ブレーキから0.3秒の力行への切替に合理的根拠がなくノコギリ運転と判定され、上限0.3点に抑えられた。
148.0,Train11,巡航フェーズ（駅間走行中）,惰行中,6.0,力行（加速）,7.0,70.0,70.0,50.38,70.0,409.5,30.0,123.53503140544706,0.0,6.1,この先制限速度なし,219m先に上り勾配9.2‰あり,前方409.8m先を0.0km/h,後続列車なし,5.0,25.0,未発車,30.0,51.2,anti_mid_stop,1.0,先行列車が停車しているため駅間停車防止モード。現在速度はtarget_speed_no_stop付近で惰行は適切、制限速度・CBTC遵守、列車間隔も問題なし。
168.0,Train11,次駅への減速フェーズ（駅手前400m以内）,ブレーキ（減速）中,3.0,惰行,2.0,70.0,36.2,37.31,70.0,110.9,10.0,65.67885621044003,0.0,9.2,この先制限速度なし,この先目立った勾配なし,前方111.7m先を2.8km/h,後続列車なし,10.0,0.0,発車済み,40.0,70.0,normal,0.1,早期ブレーキとノコギリ運転により停止位置誤差が大きく、エネルギー効率も低下したため低評価。
173.09999999999982,Train11,次駅への減速フェーズ（駅手前400m以内）,ブレーキ（減速）中,2.0000000000000004,力行（加速）,0.1,70.0,25.6,24.32,70.0,67.4,6.9,28.054392433517645,0.0,9.2,この先制限速度なし,この先目立った勾配なし,前方81.1m先を14.8km/h,後続列車なし,10.0,0.0,発車済み,40.0,70.0,normal,0.6,CBTC信号以下で安全にブレーキしているが、駅までの余裕距離が大きく早すぎる減速のためエネルギー効率が低下しやや減点した。
184.29999999999896,Train11,次駅への減速フェーズ（駅手前400m以内）,力行（加速）中,0.8999999999999999,惰行,2.3000000000000007,70.0,26.1,5.26,70.0,33.7,0.0,1.319631249873955,4.4,9.2,この先制限速度なし,この先目立った勾配なし,前方82.3m先を25.2km/h,後続列車なし,10.0,0.0,発車済み,50.0,70.0,normal,0.1,次駅減速フェーズにも関わらず加速し、ブレーキ遅延と短時間のノコギリ運転があるため安全は保たれるが運転品質が低く0.1とする。
174.49999999999974,Train11,次駅への減速フェーズ（駅手前400m以内）,力行（加速）中,1.0999999999999999,ブレーキ（減速）,2.3000000000000007,70.0,24.4,24.71,70.0,58.1,5.5,28.957288323741352,0.0,9.2,この先制限速度なし,この先目立った勾配なし,前方78.1m先を17.4km/h,後続列車なし,10.0,0.0,発車済み,40.0,70.0,normal,0.0,CBTC信号24.4km/hを超える24.7km/hでブレーキせずに力行したため即時0点とした。
191.39999999999992,Train11,次駅への減速フェーズ（駅手前400m以内）,力行（加速）中,0.1,ブレーキ（減速）,0.5,70.0,29.4,30.92,70.0,83.2,0.0,45.232490599301286,13.5,9.2,この先制限速度なし,この先目立った勾配なし,前方90.8m先を11.2km/h,後続列車なし,5.0,0.0,発車済み,30.0,70.0,normal,0.0,CBTC信号29.4km/hを超えて30.9km/hで加速し、ブレーキ未実施かつノコギリ運転（ブレーキ→力行）で安全違反となり即時0点とした。
174.29999999999976,Train11,次駅への減速フェーズ（駅手前400m以内）,力行（加速）中,0.8999999999999999,ブレーキ（減速）,2.3000000000000007,70.0,24.5,24.4,70.0,59.5,5.7,28.238448933724438,0.0,9.2,この先制限速度なし,この先目立った勾配なし,前方78.5m先を17.1km/h,後続列車なし,10.0,0.0,発車済み,40.0,70.0,normal,0.2,次駅減速フェーズでブレーキすべきところを力行し、ブレーキ→力行の短時間切替がノコギリ運転と判定されたため上限0.3に抑え0.2とした。
197.89999999999955,Train11,次駅への減速フェーズ（駅手前400m以内）,力行（加速）中,0.2,惰行,2.2000000000000006,70.0,23.5,22.79,70.0,37.1,0.0,24.648944872609366,18.0,9.2,この先制限速度なし,この先目立った勾配なし,前方76.3m先を23.1km/h,後続列車なし,5.0,0.0,発車済み,30.0,70.0,normal,0.3,前方列車との安全距離は保たれCBTC遵守だが、加速への切替が7秒未満の短時間で行われ合理的根拠がなくノコギリ運転と判定され、上限0.3点に抑えられる。
202.49999999999935,Train11,次駅への減速フェーズ（駅手前400m以内）,力行（加速）中,0.1,ブレーキ（減速）,1.7000000000000004,70.0,50.2,12.35,0.0,0.0,0.0,8.171175319457753,22.6,0.0,この先制限速度なし,この先目立った勾配なし,前方168.1m先を38.5km/h,後続列車なし,10.0,0.0,発車済み,30.0,0.0,normal,0.0,delta_stopが-8.17mでブレーキ未実施、オーバーランが確実なため即時0点ルールが適用され、現在の力行は安全上不適切でrewardは0.0とした。
175.49999999999946,Train11,次駅への減速フェーズ（駅手前400m以内）,ブレーキ（減速）中,1.5000000000000002,惰行,0.1,70.0,0.0,7.17,70.0,40.4,2.5,2.450928606790273,0.0,9.2,この先制限速度なし,この先目立った勾配なし,前方45.4m先を9.1km/h,後続列車なし,10.0,0.0,発車済み,50.0,70.0,normal,0.2,低速(7.2km/h)でdelta_stopが37.95mと大きく、早すぎるブレーキにより停車位置まで余裕が過剰で遅延が生じるため大幅減点。
183.89999999999898,Train11,次駅への減速フェーズ（駅手前400m以内）,力行（加速）中,0.5,惰行,2.3000000000000007,70.0,25.2,4.23,70.0,34.2,0.0,0.8536085428534147,4.0,9.2,この先制限速度なし,この先目立った勾配なし,前方80.1m先を24.6km/h,後続列車なし,10.0,0.0,発車済み,50.0,70.0,anti_mid_stop,0.2,CBTC・制限速度は遵守しているが、減速フェーズで不合理に加速しノコギリ運転となり停止位置が遠く遅延リスクが高いため、上限0.2で評価した。
177.29999999999959,Train11,次駅への減速フェーズ（駅手前400m以内）,力行（加速）中,0.8999999999999999,ブレーキ（減速）,1.3,70.0,23.2,22.4,70.0,40.2,2.7,23.815773033133656,0.0,9.2,この先制限速度なし,この先目立った勾配なし,前方75.6m先を22.2km/h,後続列車なし,10.0,0.0,発車済み,40.0,70.0,normal,0.0,ブレーキから0.9秒の力行へ短時間で切替え、減速フェーズで加速しているためノコギリ運転と判定され、reward上限は0.0となる。
196.0999999999997,Train11,次駅への減速フェーズ（駅手前400m以内）,ブレーキ（減速）中,1.0999999999999999,力行（加速）,0.1,70.0,44.3,30.89,70.0,38.0,0.0,45.14531275212075,16.2,9.2,この先制限速度なし,この先目立った勾配なし,前方142.2m先を33.2km/h,後続列車なし,10.0,0.0,発車済み,30.0,70.0,normal,0.0,Delta_stop が -7.15 m でブレーキ中にも関わらずオーバーランがほぼ確実と判定され、即reward0.0ルールが適用された。
39.0,Train11,巡航フェーズ（駅間走行中）,力行（加速）中,8.0,ブレーキ（減速）,6.0,70.0,70.0,23.68,70.0,1977.0,20.0,30.79739429751747,0.0,-2.1,この先制限速度なし,187m先に下り勾配6.7‰あり,前方525.9m先を63.3km/h,後続列車なし,10.0,139.0,未発車,30.0,56.5,anti_mid_stop,1.0,先行列車が塞いでいる駅間停車防止モードで、現在速度が target_speed_no_stop 未満のため加速は適切であり、制限・CBTC違反もなく安全運転と評価できる。
192.39999999999986,Train11,次駅への減速フェーズ（駅手前400m以内）,ブレーキ（減速）中,0.9999999999999999,力行（加速）,0.1,70.0,27.6,28.38,70.0,75.0,0.0,38.14491474091389,12.5,9.2,この先制限速度なし,この先目立った勾配なし,前方85.9m先を13.3km/h,後続列車なし,5.0,0.0,発車済み,30.0,70.0,normal,0.9,CBTC信号に合わせて軽いブレーキを行い、制限速度・信号遵守・停止位置は全て確保されており安全上の問題はなく、ノコギリ運転や間隔違反もないため高評価とする。
200.39999999999907,Train11,次駅への減速フェーズ（駅手前400m以内）,ブレーキ（減速）中,0.2,力行（加速）,0.1,70.0,32.9,3.86,70.0,3.2,0.0,0.7108641403343906,20.5,9.2,この先制限速度なし,この先目立った勾配なし,前方101.1m先を32.5km/h,後続列車なし,10.0,0.0,発車済み,40.0,70.0,normal,0.5,低速域（3.9km/h）でdelta_stopが2.49mと許容範囲(2‑4m)を超えており、停止位置誤差により減点した。
183.0,Train11,次駅への減速フェーズ（駅手前400m以内）,力行（加速）中,1.0,ブレーキ（減速）,1.0,70.0,34.1,37.12,70.0,104.1,0.0,65.01722254923439,6.0,9.2,この先制限速度なし,この先目立った勾配なし,前方104.9m先を2.8km/h,後続列車なし,10.0,0.0,発車済み,40.0,70.0,normal,0.0,CBTC信号速度34.1km/hを超えて37.1km/hで加速しており、即時0点ルールに該当するため。
186.39999999999952,Train11,次駅への減速フェーズ（駅手前400m以内）,ブレーキ（減速）中,2.2000000000000006,惰行,0.1,70.0,41.9,22.42,70.0,25.3,0.0,23.85815471690518,6.5,9.2,この先制限速度なし,この先目立った勾配なし,前方132.4m先を33.5km/h,後続列車なし,5.0,0.0,発車済み,50.0,70.0,normal,0.9,次駅減速フェーズでブレーキ中、delta_stopが1.44mで許容範囲内かつ速度がCBTC信号以下、安全に停止できるため高評価。
136.0,Train11,巡航フェーズ（駅間走行中）,ブレーキ（減速）中,2.0,力行（加速）,1.0,70.0,70.0,47.63,47.8,411.9,42.0,110.58569274391556,0.0,6.1,この先制限速度なし,221m先に上り勾配9.2‰あり,前方412.2m先を0.0km/h,後続列車なし,10.0,37.0,未発車,50.0,39.2,anti_mid_stop,0.9,先行列車が塞いでいるため駅間停車防止モード。現在速度がtarget_speed_no_stop上限を超えているのでブレーキで速度を下げる操作は適切で、他に安全・信号違反はなし。
182.7999999999996,Train11,次駅への減速フェーズ（駅手前400m以内）,ブレーキ（減速）中,0.30000000000000004,惰行,0.5,70.0,25.1,23.35,70.0,41.4,0.0,25.87009045231766,2.9,9.2,この先制限速度なし,この先目立った勾配なし,前方80.0m先を23.0km/h,後続列車なし,5.0,0.0,発車済み,30.0,70.0,normal,1.0,信号速度以下で適切にブレーキし、delta_stopが正で停止位置は確保、先行列車との間隔も適正なため高評価。
68.0,Train11,巡航フェーズ（駅間走行中）,惰行中,1.0,力行（加速）,3.0,70.0,70.0,48.08,70.0,1552.8,26.0,121.8600754270244,0.0,0.0,この先制限速度なし,この先目立った勾配なし,前方697.3m先を63.0km/h,後続列車なし,5.0,105.0,未発車,30.0,60.3,anti_mid_stop,0.2,先行列車が塞いで駅間停車防止モード。target_speed_no_stop を大きく下回る惰行と、力行→惰行の短時間切替がノコギリ運転と判定され、rewardは0.2とした。
175.0,Train11,次駅への減速フェーズ（駅手前400m以内）,力行（加速）中,1.0,ブレーキ（減速）,6.0,70.0,56.7,32.09,70.0,146.4,5.0,48.696905603774596,0.0,9.2,この先制限速度なし,この先目立った勾配なし,前方200.0m先を26.2km/h,後続列車なし,5.0,0.0,発車済み,40.0,70.0,normal,0.8,次駅まで距離が残り、CBTC制限内で速度を上げる必要があるため、現在の力行は適切で高評価とする。
191.09999999999926,Train11,次駅への減速フェーズ（駅手前400m以内）,力行（加速）中,0.1,ブレーキ（減速）,2.1000000000000005,70.0,48.1,9.16,70.0,4.8,0.0,3.998288662143233,11.2,9.2,この先制限速度なし,この先目立った勾配なし,前方158.3m先を37.5km/h,後続列車なし,5.0,0.0,発車済み,50.0,70.0,normal,0.2,次駅減速フェーズで必要なブレーキを行わず、直前のブレーキから即座に加速したため、ノコギリ運転と見なされ上限0.3点に抑えられた。
180.09999999999988,Train11,次駅への減速フェーズ（駅手前400m以内）,力行（加速）中,0.1,惰行,0.5,70.0,41.8,33.65,70.0,77.8,0.0,53.51135930402613,0.2,9.2,この先制限速度なし,この先目立った勾配なし,前方132.1m先を26.3km/h,後続列車なし,5.0,0.0,発車済み,50.0,70.0,normal,0.0,加速への切替が0.1秒、直前の惰行0.5秒でノコギリ運転と判定され、prev_notch_durationが0.5秒のため上限rewardは0.0となる。
190.79999999999995,Train11,次駅への減速フェーズ（駅手前400m以内）,力行（加速）中,0.1,ブレーキ（減速）,0.1,70.0,30.6,32.29,70.0,88.5,0.0,49.301685381896114,12.9,9.2,この先制限速度なし,この先目立った勾配なし,前方94.3m先を9.8km/h,後続列車なし,5.0,0.0,発車済み,30.0,70.0,normal,0.0,CBTC信号速度30.6km/hを超えて32.3km/hで力行しており、即reward0.0ルールに該当するため評価は0.0とする。
191.29999999999941,Train11,次駅への減速フェーズ（駅手前400m以内）,ブレーキ（減速）中,2.0000000000000004,力行（加速）,0.1,70.0,61.3,15.82,70.0,14.5,0.0,11.904294475881548,11.4,9.2,この先制限速度なし,この先目立った勾配なし,前方224.8m先を40.9km/h,後続列車なし,5.0,0.0,発車済み,40.0,70.0,normal,0.9,ブレーキが適切に掛かり、delta_stopが2.6mで許容範囲内、速度・CBTC制限を遵守しているため高評価。
181.89999999999978,Train11,次駅への減速フェーズ（駅手前400m以内）,ブレーキ（減速）中,1.8000000000000005,力行（加速）,0.1,70.0,22.4,24.42,70.0,64.7,0.0,28.284556051677445,4.0,9.2,この先制限速度なし,この先目立った勾配なし,前方73.8m先を12.3km/h,後続列車なし,5.0,0.0,発車済み,40.0,70.0,normal,0.9,次駅減速フェーズでブレーキ中、速度はCBTC信号とほぼ一致し停止位置も余裕があるため安全・適切な操作と判断。
176.79999999999933,Train11,次駅への減速フェーズ（駅手前400m以内）,ブレーキ（減速）中,1.8000000000000005,力行（加速）,0.1,70.0,50.3,9.93,70.0,7.8,3.2,4.697830550323538,0.0,9.2,この先制限速度なし,この先目立った勾配なし,前方168.7m先を38.0km/h,後続列車なし,5.0,0.0,発車済み,50.0,70.0,normal,0.9,ブレーキはdelta_stopが3.1mで許容範囲内、信号・速度超過なし、停車位置も適切で安全違反が無いため高評価。
134.0,Train11,巡航フェーズ（駅間走行中）,ブレーキ（減速）中,5.0,惰行,4.0,70.0,70.0,27.16,70.0,530.3,44.0,36.30696815154743,0.0,6.1,この先制限速度なし,340m先に上り勾配9.2‰あり,前方530.7m先を0.0km/h,後続列車なし,5.0,44.0,未発車,40.0,44.9,anti_mid_stop,0.2,先行列車が塞いでいる駅間停車防止モードで、速度がtarget_speed_no_stop44.9km/hを大きく下回りブレーキし、かつノコギリ運転が発生したため評価上限0.3となり0.2とした。
177.89999999999955,Train11,次駅への減速フェーズ（駅手前400m以内）,力行（加速）中,1.5000000000000002,ブレーキ（減速）,1.3,70.0,23.2,23.38,70.0,36.3,2.1,25.936333530910115,0.0,9.2,この先制限速度なし,この先目立った勾配なし,前方75.5m先を23.1km/h,後続列車なし,10.0,0.0,発車済み,40.0,70.0,normal,0.0,CBTC信号速度23.2km/hを超えてブレーキせずに加速しており、信号無視となるため即時0点とする。
187.99999999999977,Train11,次駅への減速フェーズ（駅手前400m以内）,力行（加速）中,0.1,ブレーキ（減速）,0.5,70.0,20.9,27.17,70.0,57.5,0.0,34.97790646559621,8.1,9.2,この先制限速度なし,この先目立った勾配なし,前方70.7m先を14.6km/h,後続列車なし,10.0,0.0,発車済み,40.0,70.0,normal,0.0,CBTC信号速度20.9km/hを超えて27.2km/hで加速し、ブレーキ未実施のため即時0点とする。
171.0,Train11,次駅への減速フェーズ（駅手前400m以内）,力行（加速）中,3.0,ブレーキ（減速）,6.0,70.0,50.7,29.91,70.0,164.1,7.0,42.343023347160134,0.0,9.2,この先制限速度なし,この先目立った勾配なし,前方170.4m先を10.3km/h,後続列車なし,5.0,0.0,発車済み,50.0,70.0,normal,0.2,次駅減速フェーズにも関わらず加速し、さらにブレーキ→力行のノコギリ運転が発生したため評価を大幅に減点し、上限0.3以下に抑えた。
193.69999999999945,Train11,次駅への減速フェーズ（駅手前400m以内）,力行（加速）中,1.5000000000000002,ブレーキ（減速）,4.200000000000001,70.0,20.6,17.74,70.0,25.7,0.0,14.960396831701756,13.8,9.2,この先制限速度なし,この先目立った勾配なし,前方70.2m先を24.3km/h,後続列車なし,10.0,0.0,発車済み,40.0,70.0,normal,0.2,次駅減速フェーズでブレーキすべきところを力行し、ノコギリ運転と判定されたため大幅減点し0.2とする。
50.0,Train11,巡航フェーズ（駅間走行中）,力行（加速）中,2.0,惰行,2.0,70.0,70.0,53.86,70.0,1746.5,30.0,167.3382898346492,0.0,-6.7,この先制限速度なし,この先目立った勾配なし,前方663.8m先を63.2km/h,後続列車なし,10.0,118.0,未発車,40.0,47.4,anti_mid_stop,0.1,先行列車が塞いで駅間停車防止モードで、target_speed_no_stopを超える力行とノコギリ運転が判定され、上限超過とエネルギー無駄で評価を低くし0.1とした。
194.59999999999906,Train11,次駅への減速フェーズ（駅手前400m以内）,ブレーキ（減速）中,1.3,力行（加速）,0.1,70.0,55.0,0.59,0.0,0.0,0.0,0.018705726879241165,14.7,0.0,この先制限速度なし,この先目立った勾配なし,前方191.1m先を39.9km/h,後続列車なし,5.0,0.0,発車済み,50.0,0.0,normal,0.8,ブレーキで減速中、低速（0.6km/h）かつdelta_stopが-0.02mで許容範囲内のためやや減点し、全体として高評価とする。
187.3999999999998,Train11,次駅への減速フェーズ（駅手前400m以内）,力行（加速）中,0.1,ブレーキ（減速）,2.400000000000001,70.0,22.1,28.51,70.0,62.1,0.0,38.49322106310813,7.5,9.2,この先制限速度なし,この先目立った勾配なし,前方73.1m先を13.3km/h,後続列車なし,10.0,0.0,発車済み,40.0,70.0,normal,0.0,CBTC信号22.1km/hを超える28.5km/hでブレーキせずに加速しており、信号無視と即0.0減点対象となる。
191.99999999999994,Train11,次駅への減速フェーズ（駅手前400m以内）,ブレーキ（減速）中,3.100000000000001,惰行,4.0,70.0,45.8,42.66,70.0,79.7,0.0,85.64823322538345,12.1,9.2,この先制限速度なし,この先目立った勾配なし,前方148.6m先を28.8km/h,後続列車なし,10.0,0.0,発車済み,30.0,70.0,normal,0.0,Delta_stopが-5.95mでブレーキ中でもオーバーランがほぼ確実と判定され、即0.0ルールが適用されたためrewardは0.0。
112.0,Train11,巡航フェーズ（駅間走行中）,力行（加速）中,8.0,惰行,6.0,70.0,70.0,45.01,70.0,1285.2,36.0,106.98589005140266,0.0,0.0,この先制限速度なし,295m先に上り勾配12.5‰あり,前方1120.5m先を39.5km/h,後続列車なし,5.0,76.0,未発車,30.0,65.1,normal,1.0,現在は巡航フェーズでrequired_speed未達のため加速は妥当。速度・信号・制限速度すべて遵守し、ノコギリ運転もなく間隔も安全、即時0点条件なし。
179.99999999999977,Train11,次駅への減速フェーズ（駅手前400m以内）,力行（加速）中,0.6,ブレーキ（減速）,2.500000000000001,70.0,26.4,26.78,70.0,60.7,0.0,33.985997827196655,0.1,9.2,この先制限速度なし,この先目立った勾配なし,前方83.1m先を18.3km/h,後続列車なし,5.0,0.0,発車済み,30.0,70.0,normal,0.0,CBTC信号速度を超過しブレーキせずに加速しているため即0.0とし、他項目も全て不適切。
182.99999999999972,Train11,次駅への減速フェーズ（駅手前400m以内）,ブレーキ（減速）中,0.30000000000000004,惰行,0.1,70.0,40.7,31.76,70.0,51.0,0.0,47.70703961708893,3.1,9.2,この先制限速度なし,この先目立った勾配なし,前方128.0m先を29.9km/h,後続列車なし,5.0,0.0,発車済み,50.0,70.0,normal,0.6,次駅まで51m、必要停止距離47.71mでdelta_stopが3.29mのため、ブレーキ開始がやや早く停止位置が手前になる可能性があり減点した。
195.39999999999935,Train11,次駅への減速フェーズ（駅手前400m以内）,力行（加速）中,0.1,ブレーキ（減速）,0.7999999999999999,70.0,22.4,16.16,70.0,17.3,0.0,12.420215985515386,15.5,9.2,この先制限速度なし,この先目立った勾配なし,前方73.8m先を26.7km/h,後続列車なし,10.0,0.0,発車済み,40.0,70.0,normal,0.0,直前のブレーキから0.8秒で力行へ切替、保持時間7秒未満で逆転操作かつ合理的理由がなくノコギリ運転と判定し、reward上限が0.0となる。
174.29999999999953,Train11,次駅への減速フェーズ（駅手前400m以内）,ブレーキ（減速）中,0.30000000000000004,惰行,0.1,70.0,0.0,10.68,70.0,43.4,3.7,5.433220956433276,0.0,9.2,この先制限速度なし,この先目立った勾配なし,前方45.9m先を6.2km/h,後続列車なし,10.0,0.0,発車済み,50.0,70.0,normal,0.2,低速域でのブレーキ開始が早すぎ、停止位置が大幅に手前になるため大幅減点し、rewardを0.2とする。
68.0,Train11,巡航フェーズ（駅間走行中）,力行（加速）中,2.0,惰行,6.0,70.0,70.0,50.23,70.0,1521.5,50.0,132.83016217806136,0.0,0.0,この先制限速度なし,この先目立った勾配なし,前方1012.7m先を60.5km/h,後続列車なし,5.0,100.0,未発車,50.0,61.2,anti_mid_stop,0.9,先行列車が塞いでいるため駅間停車防止モードで、target_speed_no_stop以下の速度で加速は適切であり、制限・CBTC遵守・間隔・ノコギリ運転なしと評価。
182.09999999999994,Train11,次駅への減速フェーズ（駅手前400m以内）,力行（加速）中,0.1,惰行,6.099999999999996,70.0,56.1,30.4,70.0,83.5,0.0,43.73312236832285,2.2,9.2,この先制限速度なし,この先目立った勾配なし,前方197.1m先を34.2km/h,後続列車なし,5.0,0.0,発車済み,40.0,70.0,normal,0.2,次駅減速フェーズで不適切に加速し、低速のちんたら運転とノコギリ運転と判断し0.2点とした。
195.6999999999983,Train11,次駅への減速フェーズ（駅手前400m以内）,ブレーキ（減速）中,1.3,力行（加速）,0.1,70.0,47.2,4.04,70.0,5.3,0.0,0.7786786259758198,15.8,9.2,この先制限速度なし,この先目立った勾配なし,前方154.8m先を37.2km/h,後続列車なし,10.0,0.0,発車済み,50.0,70.0,normal,0.2,ブレーキが低速で早すぎ、delta_stopが4.5mと過大で駅手前で停止し過ぎるため大幅減点し0.2とした。
192.39999999999935,Train11,次駅への減速フェーズ（駅手前400m以内）,ブレーキ（減速）中,0.5,惰行,0.1,70.0,62.7,12.85,70.0,10.1,0.0,7.860821511956276,12.5,9.2,この先制限速度なし,この先目立った勾配なし,前方233.0m先を41.5km/h,後続列車なし,5.0,0.0,発車済み,40.0,70.0,normal,0.5,ブレーキ中にdelta_stopが2.24 mで早すぎる減速となり、低速域での停止位置が手前になるため評価を0.5とした。
192.9999999999999,Train11,次駅への減速フェーズ（駅手前400m以内）,ブレーキ（減速）中,4.100000000000001,惰行,4.0,70.0,45.0,39.68,70.0,68.3,0.0,74.20661807987321,13.1,9.2,この先制限速度なし,この先目立った勾配なし,前方145.3m先を29.9km/h,後続列車なし,10.0,0.0,発車済み,30.0,70.0,normal,0.0,delta_stopが-5.91mで高速域(>15km/h)のオーバーランが確実となり即時0点ルールに該当するため。
21.0,Train11,巡航フェーズ（駅間走行中）,力行（加速）中,22.0,ブレーキ（減速）,30.0,70.0,70.0,40.59,70.0,2037.0,25.0,89.75302390162649,0.0,-2.1,この先制限速度なし,247m先に下り勾配6.7‰あり,前方358.1m先を61.9km/h,後続列車なし,5.0,167.0,未発車,30.0,49.4,anti_mid_stop,0.9,先行列車が塞いでいるため駅間停車防止モードと判定し、target_speed_no_stop(49.4km/h)以下での加速は適切で、速度超過・信号違反・衝突リスクはなく、ノコギリ運転や間隔問題もなし。
193.3999999999993,Train11,次駅への減速フェーズ（駅手前400m以内）,ブレーキ（減速）中,1.5000000000000002,惰行,0.1,70.0,64.2,9.93,70.0,7.0,0.0,4.697830550323538,13.5,9.2,この先制限速度なし,この先目立った勾配なし,前方241.5m先を42.0km/h,後続列車なし,5.0,0.0,発車済み,40.0,70.0,normal,0.5,低速でブレーキ中だがδ_stopが2.3mで停止位置がやや早く、評価基準で0.4‑0.6の減点となるため0.5とした。
188.89999999999938,Train11,次駅への減速フェーズ（駅手前400m以内）,力行（加速）中,0.1,ブレーキ（減速）,4.6,70.0,44.6,15.09,70.0,12.3,0.0,10.833355140661071,9.0,9.2,この先制限速度なし,この先目立った勾配なし,前方143.5m先を35.8km/h,後続列車なし,5.0,0.0,発車済み,50.0,70.0,normal,0.2,次駅減速フェーズでブレーキせずに加速し、ノコギリ運転が発生したため停車位置達成が危うく、評価上限は0.2となる。
181.49999999999997,Train11,次駅への減速フェーズ（駅手前400m以内）,惰行中,5.599999999999998,力行（加速）,1.0,70.0,56.0,30.67,70.0,88.6,0.0,44.50853673776891,1.6,9.2,この先制限速度なし,この先目立った勾配なし,前方196.6m先を33.6km/h,後続列車なし,5.0,0.0,発車済み,40.0,70.0,normal,0.0,加速→惰行への切替が7秒未満で合理的根拠がなくノコギリ運転と判定され、上限0.0点となった。
39.0,Train11,巡航フェーズ（駅間走行中）,ブレーキ（減速）中,3.0,力行（加速）,3.0,70.0,70.0,43.99,70.0,1807.7,25.0,105.21677908800784,0.0,-2.1,この先制限速度なし,17m先に下り勾配6.7‰あり,前方444.3m先を63.0km/h,後続列車なし,5.0,149.0,未発車,30.0,48.2,anti_mid_stop,0.2,駅間停車防止モードでtarget_speed_no_stop以下の速度なのにブレーキをかけ、力行→減速への短時間切替がノコギリ運転と判定されたためreward上限0.3となり0.2に設定した。
182.29999999999993,Train11,次駅への減速フェーズ（駅手前400m以内）,力行（加速）中,0.30000000000000004,惰行,6.099999999999996,70.0,56.2,30.64,70.0,81.8,0.0,44.42204845935816,2.4,9.2,この先制限速度なし,この先目立った勾配なし,前方197.4m先を34.4km/h,後続列車なし,5.0,0.0,発車済み,40.0,70.0,normal,0.4,直前の惰行から0.3 sの力行への切替が合理的根拠なく行われ、ノコギリ運転と判定され、reward上限が0.4に抑えられた。
154.0,Train11,次駅への減速フェーズ（駅手前400m以内）,力行（加速）中,18.0,惰行,6.0,70.0,64.7,52.9,70.0,250.2,24.0,136.00541610679238,0.0,6.1,この先制限速度なし,60m先に上り勾配9.2‰あり,前方252.1m先を5.4km/h,後続列車なし,5.0,0.0,発車済み,50.0,70.0,normal,0.2,次駅減速フェーズでブレーキすべきところを力行し、停止余裕と先行列車との安全間隔が減少しているため低評価。
173.0999999999996,Train11,次駅への減速フェーズ（駅手前400m以内）,ブレーキ（減速）中,0.30000000000000004,力行（加速）,0.1,70.0,0.0,13.93,70.0,47.5,4.9,9.23490171971308,0.0,9.2,この先制限速度なし,この先目立った勾配なし,前方48.3m先を3.0km/h,後続列車なし,10.0,0.0,発車済み,50.0,70.0,normal,0.2,低速(13.9km/h)でCBTC信号0km/hに対し、delta_stopが38mと早すぎるブレーキを行ったため大幅減点し、rewardは0.2とした。
180.19999999999987,Train11,次駅への減速フェーズ（駅手前400m以内）,力行（加速）中,0.2,惰行,0.5,70.0,41.7,33.75,70.0,76.9,0.0,53.82757369011328,0.3,9.2,この先制限速度なし,この先目立った勾配なし,前方132.0m先を26.4km/h,後続列車なし,5.0,0.0,発車済み,50.0,70.0,normal,0.0,短時間での力行への切替が合理的根拠なく行われたため、ノコギリ運転上限が0.0点となりrewardは0.0になる。
189.09999999999954,Train11,次駅への減速フェーズ（駅手前400m以内）,ブレーキ（減速）中,3.2000000000000015,惰行,0.1,70.0,58.9,21.8,70.0,26.1,0.0,22.56167850701589,9.2,9.2,この先制限速度なし,この先目立った勾配なし,前方211.8m先を39.6km/h,後続列車なし,5.0,0.0,発車済み,40.0,70.0,normal,1.0,ブレーキが適切に掛かりdelta_stopが許容範囲内で、速度・信号・間隔すべて遵守しているため高評価。
189.79999999999933,Train11,次駅への減速フェーズ（駅手前400m以内）,ブレーキ（減速）中,0.8999999999999999,力行（加速）,0.1,70.0,45.9,12.96,70.0,8.7,0.0,7.995736009561597,9.9,9.2,この先制限速度なし,この先目立った勾配なし,前方149.0m先を36.5km/h,後続列車なし,5.0,0.0,発車済み,50.0,70.0,normal,1.0,次駅減速フェーズでブレーキが適切に作動し、停止位置誤差0.7mで安全かつ定刻通り、他項目に問題なし。
177.0,Train11,次駅への減速フェーズ（駅手前400m以内）,力行（加速）中,9.0,ブレーキ（減速）,6.0,70.0,44.3,36.24,70.0,108.7,3.0,61.995562529229964,0.0,9.2,この先制限速度なし,この先目立った勾配なし,前方142.3m先を21.7km/h,後続列車なし,5.0,0.0,発車済み,50.0,70.0,normal,0.8,減速フェーズでブレーキ未実施だが、delta_stopが正の余裕を持ち安全に停止可能で、速度は制限・CBTC信号内のため高評価とし0.8とする。
181.0999999999997,Train11,次駅への減速フェーズ（駅手前400m以内）,ブレーキ（減速）中,0.8999999999999999,力行（加速）,0.7999999999999999,70.0,25.6,24.84,70.0,52.7,0.0,29.261395468982716,1.2,9.2,この先制限速度なし,この先目立った勾配なし,前方81.0m先を20.3km/h,後続列車なし,5.0,0.0,発車済み,30.0,70.0,normal,0.8,次駅減速フェーズでブレーキが適切に掛かり、CBTC・制限速度遵守、停止位置は許容範囲内、ノコギリ運転なし、遅延は1.2秒と僅かで高評価。
187.49999999999946,Train11,次駅への減速フェーズ（駅手前400m以内）,ブレーキ（減速）中,3.3000000000000016,惰行,0.1,70.0,42.9,19.19,70.0,19.0,0.0,17.497886925096715,7.6,9.2,この先制限速度なし,この先目立った勾配なし,前方136.5m先を34.6km/h,後続列車なし,5.0,0.0,発車済み,50.0,70.0,normal,1.0,次駅減速フェーズでブレーキを適切にかけ、delta_stopが許容範囲内で停止位置が確保されているため高評価。
192.0999999999992,Train11,次駅への減速フェーズ（駅手前400m以内）,ブレーキ（減速）中,0.9999999999999999,力行（加速）,0.1,70.0,49.9,6.77,70.0,2.5,0.0,2.1852955942301517,12.2,9.2,この先制限速度なし,この先目立った勾配なし,前方166.6m先を38.2km/h,後続列車なし,5.0,0.0,発車済み,50.0,70.0,normal,0.0,直前の力行→減速が7秒未満で合理的理由なく切替えたためノコギリ運転と判定し、reward上限が0.0となった。
187.49999999999878,Train11,次駅への減速フェーズ（駅手前400m以内）,力行（加速）中,2.3000000000000007,ブレーキ（減速）,0.5,70.0,32.8,9.65,70.0,28.0,0.0,4.436948315354818,7.6,9.2,この先制限速度なし,この先目立った勾配なし,前方100.9m先を29.4km/h,後続列車なし,10.0,0.0,発車済み,50.0,70.0,normal,0.0,ブレーキから2.3秒の力行への短時間切替がノコギリ運転と判定され、prev_notch_durationが0.5秒で上限0.0点となるためrewardは0.0。
194.99999999999977,Train11,次駅への減速フェーズ（駅手前400m以内）,力行（加速）中,0.1,ブレーキ（減速）,5.999999999999995,70.0,44.3,33.75,70.0,47.9,0.0,53.82757369011328,15.1,9.2,この先制限速度なし,この先目立った勾配なし,前方142.2m先を32.1km/h,後続列車なし,10.0,0.0,発車済み,30.0,70.0,normal,0.0,次駅減速フェーズで加速し信号44.3km/hを下回りながらdelta_stopが-5.93mとオーバーラン確実のため即0点とする。
78.0,Train11,巡航フェーズ（駅間走行中）,惰行中,9.0,力行（加速）,19.0,70.0,70.0,51.94,70.0,1276.7,47.0,141.87835707085654,0.0,0.0,この先制限速度なし,286m先に上り勾配12.5‰あり,前方850.5m先を58.4km/h,後続列車なし,10.0,95.0,未発車,50.0,53.3,anti_mid_stop,0.9,先行列車が塞いでいるため駅間停車防止モード。現在速度はtarget_speed_no_stop付近で惰行しており、制限・CBTC遵守・間隔・ノコギリ運転なしで安全かつ省エネ。
188.0,Train11,次駅への減速フェーズ（駅手前400m以内）,ブレーキ（減速）中,3.0,力行（加速）,4.0,70.0,37.7,39.78,70.0,116.3,0.0,74.57760234572373,11.0,9.2,この先制限速度なし,この先目立った勾配なし,前方117.0m先を2.8km/h,後続列車なし,5.0,0.0,発車済み,30.0,70.0,normal,0.9,ブレーキで信号速度以下に減速し、停止位置も十分確保。安全違反なしで適切な減速操作のため高評価。
21.0,Train11,巡航フェーズ（駅間走行中）,惰行中,2.0,力行（加速）,20.0,70.0,70.0,39.43,70.0,2037.2,35.0,84.75002003866273,0.0,-2.1,この先制限速度なし,247m先に下り勾配6.7‰あり,前方533.5m先を63.2km/h,後続列車なし,5.0,142.0,未発車,40.0,57.2,anti_mid_stop,0.2,先行列車が塞いでいる駅間停車防止モードで、現在速度がtarget_speed_no_stopを10km/h以上下回り遅延リスクが高いため評価を低減した。
168.0,Train11,巡航フェーズ（駅間走行中）,惰行中,2.0,力行（加速）,6.0,70.0,70.0,62.9,70.0,413.2,10.0,191.0996280753187,0.0,6.1,この先制限速度なし,223m先に上り勾配9.2‰あり,前方413.6m先を0.0km/h,後続列車なし,5.0,20.0,未発車,30.0,61.0,anti_mid_stop,0.4,先行列車が停車しているため駅間停車防止モードで、現在速度はtarget_speed_no_stopを僅か上回り惰行中だが、直前の力行から惰行への短時間切替が合理的理由なく行われノコギリ運転と判定され、reward上限が0.5に制限された。
168.6999999999998,Train11,次駅への減速フェーズ（駅手前400m以内）,ブレーキ（減速）中,0.8999999999999999,惰行,0.7999999999999999,70.0,43.3,32.33,32.3,55.3,11.3,49.423081407452685,0.0,9.2,この先制限速度なし,この先目立った勾配なし,前方138.2m先を30.7km/h,後続列車なし,5.0,0.0,発車済み,50.0,32.3,normal,0.8,次駅減速フェーズで適切にブレーキし、delta_stopが許容範囲内で安全に停止できるため高評価。
36.0,Train11,巡航フェーズ（駅間走行中）,惰行中,2.0,ブレーキ（減速）,3.0,70.0,70.0,27.01,70.0,1962.1,45.0,40.01140635136208,0.0,-2.1,この先制限速度なし,172m先に下り勾配6.7‰あり,前方896.9m先を63.0km/h,後続列車なし,5.0,117.0,未発車,50.0,65.7,anti_mid_stop,0.2,先行列車が塞いで駅間停車防止モードで、target_speed_no_stop を大きく下回る惰行は過度な低速であり、ブレーキ→惰行の短時間切替に合理的理由がなくノコギリ運転と判定されたため低評価とした。
183.49999999999986,Train11,次駅への減速フェーズ（駅手前400m以内）,力行（加速）中,1.5000000000000002,惰行,6.099999999999996,70.0,56.4,32.03,70.0,71.3,0.0,48.51618694241876,3.6,9.2,この先制限速度なし,この先目立った勾配なし,前方198.6m先を35.4km/h,後続列車なし,5.0,0.0,発車済み,40.0,70.0,normal,0.4,加速はCBTC超過なく許容されるが、coastingからpowerへの7秒未満の切替に合理的根拠がなくノコギリ運転と判定され、上限0.5点に抑えた。
177.29999999999936,Train11,次駅への減速フェーズ（駅手前400m以内）,力行（加速）中,0.1,ブレーキ（減速）,3.2000000000000015,70.0,0.0,1.93,70.0,38.1,2.7,0.1777857086532205,0.0,9.2,この先制限速度なし,この先目立った勾配なし,前方48.7m先を13.1km/h,後続列車なし,10.0,0.0,発車済み,50.0,70.0,normal,0.0,CBTC信号が0km/hなのに加速しており、即時0点ルールが適用されたためrewardは0.0となる。
201.499999999999,Train11,次駅への減速フェーズ（駅手前400m以内）,ブレーキ（減速）中,1.3,力行（加速）,0.1,70.0,35.8,0.66,70.0,2.5,0.0,0.02079583295402265,21.6,9.2,この先制限速度なし,この先目立った勾配なし,前方110.6m先を33.6km/h,後続列車なし,10.0,0.0,発車済み,40.0,70.0,normal,0.5,低速でブレーキしながらdelta_stopが2.48mとやや早めに停止しているため減点し、総合評価は0.5とする。
185.79999999999956,Train11,次駅への減速フェーズ（駅手前400m以内）,ブレーキ（減速）中,5.699999999999996,力行（加速）,0.1,70.0,21.1,12.99,70.0,44.4,0.0,8.032729262018874,5.9,9.2,この先制限速度なし,この先目立った勾配なし,前方71.1m先を19.7km/h,後続列車なし,5.0,0.0,発車済み,40.0,70.0,normal,0.9,次駅減速フェーズで速度は制限・CBTC内、ブレーキは信号遵守、停車位置は確保でき、ノコギリ運転なし、間隔安全、遅延も小さいため高評価。
199.19999999999914,Train11,次駅への減速フェーズ（駅手前400m以内）,ブレーキ（減速）中,0.1,惰行,0.1,70.0,29.9,6.8,70.0,4.9,0.0,2.204690636990326,19.3,9.2,この先制限速度なし,この先目立った勾配なし,前方92.2m先を31.3km/h,後続列車なし,10.0,0.0,発車済み,40.0,70.0,normal,0.5,ブレーキが適切に作動し、低速域でdelta_stopが2.7mと許容範囲内だが完璧ではなくやや減点し0.5とする。
185.09999999999994,Train11,次駅への減速フェーズ（駅手前400m以内）,ブレーキ（減速）中,0.2,惰行,0.1,70.0,27.8,35.31,70.0,82.5,0.0,58.87874911898362,7.2,9.2,この先制限速度なし,この先目立った勾配なし,前方86.5m先を8.1km/h,後続列車なし,10.0,0.0,発車済み,40.0,70.0,normal,0.4,ブレーキが信号速度以下で行われているが、停止点より約24m早くブレーキを開始したため減点し、rewardを0.4とした。
193.99999999999983,Train11,次駅への減速フェーズ（駅手前400m以内）,ブレーキ（減速）中,5.099999999999998,惰行,4.0,70.0,44.5,36.71,70.0,57.7,0.0,63.60065131533845,14.1,9.2,この先制限速度なし,この先目立った勾配なし,前方143.2m先を31.1km/h,後続列車なし,10.0,0.0,発車済み,30.0,70.0,normal,0.0,delta_stopが-5.9mで高速度域でブレーキ中にもかかわらずオーバーランが確実と判断され、即0.0ルールが適用されたため。
52.0,Train11,巡航フェーズ（駅間走行中）,力行（加速）中,8.0,ブレーキ（減速）,6.0,70.0,70.0,37.94,70.0,1750.6,25.0,83.87548652486068,0.0,-6.7,この先制限速度なし,この先目立った勾配なし,前方615.3m先を63.1km/h,後続列車なし,5.0,121.0,未発車,30.0,46.1,anti_mid_stop,0.8,先行列車が塞いでいるため駅間停車防止モード。target_speed_no_stop(46.1km/h)以下で加速しており、速度超過や信号違反なく安全・適切な操作と判断した。
174.09999999999977,Train11,次駅への減速フェーズ（駅手前400m以内）,力行（加速）中,0.7,ブレーキ（減速）,2.3000000000000007,70.0,24.7,24.1,70.0,60.8,5.9,27.551306286199203,0.0,9.2,この先制限速度なし,この先目立った勾配なし,前方78.9m先を16.7km/h,後続列車なし,10.0,0.0,発車済み,40.0,70.0,normal,0.3,ブレーキから0.7秒で力行へ切替し、保持時間が7秒未満で合理的理由がなくノコギリ運転と判定され、reward上限が0.3に制限されたため。
193.29999999999913,Train11,次駅への減速フェーズ（駅手前400m以内）,力行（加速）中,0.1,ブレーキ（減速）,0.5,70.0,52.2,3.82,70.0,0.7,0.0,0.6962133919307103,13.4,9.2,この先制限速度なし,この先目立った勾配なし,前方177.7m先を39.1km/h,後続列車なし,5.0,0.0,発車済み,50.0,70.0,normal,0.0,ブレーキから0.5秒で力行へ切替し、保持時間が7秒未満で合理的根拠がなくノコギリ運転と判定、上限0.0点となった。
64.0,Train11,巡航フェーズ（駅間走行中）,惰行中,1.0,力行（加速）,6.0,70.0,70.0,61.68,70.0,1520.0,31.0,198.7966942332473,0.0,0.0,この先制限速度なし,この先目立った勾配なし,前方682.0m先を62.4km/h,後続列車なし,10.0,104.0,未発車,40.0,59.2,anti_mid_stop,0.4,先行列車が塞ぎ駅間停車防止モードでtarget_speed_no_stopを超えており、力行→惰行の短時間切替がノコギリ運転と判定されたため減点し0.4とした。
148.0,Train11,巡航フェーズ（駅間走行中）,力行（加速）中,1.0,ブレーキ（減速）,3.0,70.0,70.0,31.54,70.0,401.9,30.0,48.873055864684325,0.0,6.1,この先制限速度なし,211m先に上り勾配9.2‰あり,前方402.3m先を0.0km/h,後続列車なし,5.0,20.0,未発車,50.0,61.5,anti_mid_stop,0.2,先行列車が停車しているため駅間停車防止モードで、target_speed_no_stop以下で加速中だが、ブレーキ→力行の短時間切替がノコギリ運転と判定され上限0.3に制限されたため0.2とした。
197.09999999999965,Train11,次駅への減速フェーズ（駅手前400m以内）,ブレーキ（減速）中,2.1000000000000005,力行（加速）,0.1,70.0,44.6,27.94,70.0,29.8,0.0,36.97761518230718,17.2,9.2,この先制限速度なし,この先目立った勾配なし,前方143.5m先を34.2km/h,後続列車なし,10.0,0.0,発車済み,30.0,70.0,normal,0.0,delta_stopが-7.18mでブレーキ中でもオーバーランが確実と判断され、即reward0.0ルールが適用されたため0.0とする。
192.39999999999952,Train11,次駅への減速フェーズ（駅手前400m以内）,力行（加速）中,0.2,ブレーキ（減速）,4.200000000000001,70.0,19.3,15.18,70.0,31.7,0.0,10.962675826052584,12.5,9.2,この先制限速度なし,この先目立った勾配なし,前方67.7m先を22.4km/h,後続列車なし,10.0,0.0,発車済み,40.0,70.0,normal,0.2,ブレーキ後すぐの加速がCBTC信号を下回りながら停止位置が遠く、ノコギリ運転と判定され上限0.3、さらに停止位置遅れで減点し最終rewardは0.2。
184.09999999999965,Train11,次駅への減速フェーズ（駅手前400m以内）,力行（加速）中,0.1,ブレーキ（減速）,1.3,70.0,40.7,28.51,70.0,41.8,0.0,38.49322106310813,4.2,9.2,この先制限速度なし,この先目立った勾配なし,前方128.2m先を31.2km/h,後続列車なし,5.0,0.0,発車済み,50.0,70.0,normal,0.0,減速フェーズで加速し、ブレーキ→力行の短時間切替に合理的理由がなくノコギリ運転と判定されたためreward上限0.0となった。
151.0,Train11,巡航フェーズ（駅間走行中）,力行（加速）中,7.0,惰行,6.0,70.0,70.0,32.89,70.0,406.1,27.0,53.11529616285147,0.0,6.1,この先制限速度なし,216m先に上り勾配9.2‰あり,前方406.4m先を0.0km/h,後続列車なし,5.0,27.0,未発車,40.0,46.3,anti_mid_stop,1.0,先行列車が停車しているため駅間停車防止モード。target_speed_no_stop以下で加速しており、上限超えの力行やノコギリ運転はなく安全・適切。
193.09999999999846,Train11,次駅への減速フェーズ（駅手前400m以内）,ブレーキ（減速）中,1.3,力行（加速）,0.5,70.0,42.2,8.83,70.0,10.3,0.0,3.7156959632315596,13.2,9.2,この先制限速度なし,この先目立った勾配なし,前方133.6m先を35.1km/h,後続列車なし,10.0,0.0,発車済み,50.0,70.0,normal,0.2,次駅減速フェーズでブレーキをかけているが、delta_stopが6.58mと過大で早すぎる停止となり、大幅減点となる。
95.0,Train11,巡航フェーズ（駅間走行中）,力行（加速）中,6.0,惰行,5.0,70.0,70.0,42.3,70.0,1469.7,26.0,94.63413162098071,0.0,0.0,この先制限速度なし,479m先に上り勾配12.5‰あり,前方994.3m先を59.7km/h,後続列車なし,10.0,83.0,未発車,30.0,69.1,normal,0.3,短時間での力行への切替がノコギリ運転と判定され、prev_notch_durationが5秒のため上限0.3点となった。
178.89999999999995,Train11,次駅への減速フェーズ（駅手前400m以内）,ブレーキ（減速）中,4.000000000000001,力行（加速）,3.0,70.0,29.2,32.85,70.0,88.5,0.0,51.01457204548582,1.0,9.2,この先制限速度なし,この先目立った勾配なし,前方90.3m先を5.1km/h,後続列車なし,5.0,0.0,発車済み,40.0,70.0,normal,0.0,現在速度がCBTC信号速度29.2km/hを超えており即時0点ルールに該当するため、rewardは0.0とする。
203.0999999999993,Train11,次駅への減速フェーズ（駅手前400m以内）,ブレーキ（減速）中,0.6,力行（加速）,0.1,70.0,51.1,11.1,0.0,0.0,0.0,6.603291627068066,23.2,0.0,この先制限速度なし,この先目立った勾配なし,前方172.5m先を38.9km/h,後続列車なし,10.0,0.0,発車済み,30.0,0.0,normal,0.0,ブレーキ中にも関わらずdelta_stopが-6.6mでオーバーランがほぼ確実なため即reward0.0ルールが適用され、rewardは0.0となる。
174.0,Train11,次駅への減速フェーズ（駅手前400m以内）,ブレーキ（減速）中,6.0,惰行,5.0,70.0,57.1,35.05,70.0,155.7,6.0,58.02146968802073,0.0,9.2,この先制限速度なし,この先目立った勾配なし,前方202.2m先を24.8km/h,後続列車なし,5.0,0.0,発車済み,40.0,70.0,normal,0.1,次駅減速フェーズでδ_stopが97.68mと大きく早くブレーキし、保持時間が7秒未満の不合理なノコギリ運転となっているため大幅減点。
172.0,Train11,次駅への減速フェーズ（駅手前400m以内）,力行（加速）中,4.0,ブレーキ（減速）,6.0,70.0,49.6,31.12,70.0,155.7,6.0,45.815790123352755,0.0,9.2,この先制限速度なし,この先目立った勾配なし,前方165.1m先を12.5km/h,後続列車なし,5.0,0.0,発車済み,50.0,70.0,normal,0.3,先行列車が165m先で遅く走行し間隔が不足、ブレーキ→加速のノコギリ運転（保持時間6s）でエネルギー効率が低いため上限0.4に抑え、0.3に設定する。
132.0,Train11,巡航フェーズ（駅間走行中）,惰行中,3.0,力行（加速）,13.0,70.0,70.0,49.48,70.0,633.6,36.0,128.95185222173515,0.0,0.0,この先制限速度なし,43m先に上り勾配6.1‰あり,前方614.9m先を13.3km/h,後続列車なし,5.0,41.0,未発車,30.0,50.6,anti_mid_stop,0.9,先行列車が塞いでいる駅間停車防止モードで、現在速度がtarget_speed_no_stop付近の惰行であり、制限速度・CBTC遵守、ノコギリ運転なしの適切な運転と判断した。
187.29999999999936,Train11,次駅への減速フェーズ（駅手前400m以内）,ブレーキ（減速）中,0.4,惰行,2.2000000000000006,70.0,28.9,15.66,70.0,18.3,0.0,11.66527341845849,7.4,9.2,この先制限速度なし,この先目立った勾配なし,前方89.6m先を29.1km/h,後続列車なし,5.0,0.0,発車済み,30.0,70.0,normal,0.6,ブレーキ開始がやや遅くdelta_stopが6.6mでやや減点となり、全体評価は0.6とする。
190.29999999999947,Train11,次駅への減速フェーズ（駅手前400m以内）,ブレーキ（減速）中,0.9999999999999999,力行（加速）,0.1,70.0,60.1,18.75,70.0,19.3,0.0,16.707045900584905,10.4,9.2,この先制限速度なし,この先目立った勾配なし,前方218.4m先を40.3km/h,後続列車なし,5.0,0.0,発車済み,40.0,70.0,normal,0.9,ブレーキで減速し、delta_stopが2.59mで許容範囲内、速度制限・CBTC遵守、ノコギリ運転なしのため高評価。
188.59999999999872,Train11,次駅への減速フェーズ（駅手前400m以内）,力行（加速）中,3.4000000000000017,ブレーキ（減速）,0.5,70.0,34.7,12.14,70.0,24.6,0.0,7.017518312913164,8.7,9.2,この先制限速度なし,この先目立った勾配なし,前方106.8m先を30.6km/h,後続列車なし,10.0,0.0,発車済み,50.0,70.0,normal,0.0,次駅減速フェーズで加速し、ブレーキ→力行の短時間切替がノコギリ運転と判定されたため、即時0点とした。
187.1999999999988,Train11,次駅への減速フェーズ（駅手前400m以内）,力行（加速）中,2.0000000000000004,ブレーキ（減速）,0.5,70.0,32.3,8.94,70.0,28.8,0.0,3.808745769538061,7.3,9.2,この先制限速度なし,この先目立った勾配なし,前方99.3m先を29.0km/h,後続列車なし,10.0,0.0,発車済み,50.0,70.0,normal,0.0,次駅減速フェーズで加速しており安全性に問題、さらにノコギリ運転と判定されたためrewardは0.0とする。
191.0,Train11,次駅への減速フェーズ（駅手前400m以内）,ブレーキ（減速）中,2.1,惰行,4.0,70.0,46.8,45.65,70.0,92.0,0.0,97.92790243148212,11.1,9.2,この先制限速度なし,この先目立った勾配なし,前方153.0m先を27.5km/h,後続列車なし,10.0,0.0,発車済み,30.0,70.0,normal,0.0,delta_stopが-5.93mでオーバーランがほぼ確実なため安全上0.0点とする。
193.59999999999945,Train11,次駅への減速フェーズ（駅手前400m以内）,力行（加速）中,1.4000000000000001,ブレーキ（減速）,4.200000000000001,70.0,20.6,17.55,70.0,26.2,0.0,14.642521306528456,13.7,9.2,この先制限速度なし,この先目立った勾配なし,前方70.0m先を24.2km/h,後続列車なし,10.0,0.0,発車済み,40.0,70.0,normal,0.2,次駅減速フェーズで力行しており停止位置が危うく、さらにノコギリ運転と判定されたため評価を低くし、上限0.2とした。
49.0,Train11,巡航フェーズ（駅間走行中）,ブレーキ（減速）中,5.0,惰行,11.0,70.0,70.0,42.14,70.0,1658.3,40.0,103.2202872766656,0.0,-6.7,この先制限速度なし,この先目立った勾配なし,前方733.0m先を62.6km/h,後続列車なし,10.0,124.0,未発車,50.0,40.9,anti_mid_stop,0.2,先行列車が塞いで駅間停車防止モードで、速度はtarget_speed_no_stop付近なのにブレーキで減速し不要な遅延とエネルギー浪費を招くため0.2とした。
188.0999999999996,Train11,次駅への減速フェーズ（駅手前400m以内）,ブレーキ（減速）中,2.2000000000000006,惰行,0.1,70.0,58.1,24.74,70.0,32.6,0.0,29.02732750290718,8.2,9.2,この先制限速度なし,この先目立った勾配なし,前方207.4m先を38.9km/h,後続列車なし,5.0,0.0,発車済み,40.0,70.0,normal,0.9,次駅減速フェーズで適切にブレーキを継続し、delta_stopが許容範囲内で速度・信号遵守、ノコギリ運転なしと評価し高評価とした。
94.0,Train11,巡航フェーズ（駅間走行中）,力行（加速）中,15.0,ブレーキ（減速）,6.0,70.0,70.0,33.37,70.0,1482.2,32.0,59.16602352406973,0.0,0.0,この先制限速度なし,492m先に上り勾配12.5‰あり,前方1072.2m先を58.0km/h,後続列車なし,5.0,94.0,未発車,30.0,63.1,anti_mid_stop,0.9,先行列車が塞いでいるため駅間停車防止モード。現在はtarget_speed_no_stop未満で力行中であり、過加速も過低速もなく安全・適切な加速と判断した。
183.89999999999984,Train11,次駅への減速フェーズ（駅手前400m以内）,力行（加速）中,1.9000000000000006,惰行,6.099999999999996,70.0,56.5,32.47,70.0,67.7,0.0,49.84912242394662,4.0,9.2,この先制限速度なし,この先目立った勾配なし,前方198.9m先を35.8km/h,後続列車なし,5.0,0.0,発車済み,40.0,70.0,normal,0.4,直前の惰行から1.9秒の力行への切替が合理的根拠なく行われ、ノコギリ運転と判定され上限0.5の減点が適用されたため。
173.0,Train11,次駅への減速フェーズ（駅手前400m以内）,力行（加速）中,5.0,ブレーキ（減速）,6.0,70.0,48.5,32.26,70.0,146.9,7.0,49.210734619031086,0.0,9.2,この先制限速度なし,この先目立った勾配なし,前方160.1m先を14.6km/h,後続列車なし,5.0,0.0,発車済み,50.0,70.0,normal,0.5,加速がCBTC信号以下で安全だが、ブレーキせずに力行し続けたことがノコギリ運転と判定され、reward上限0.5に制限されたため。
37.0,Train11,巡航フェーズ（駅間走行中）,力行（加速）中,12.0,惰行,6.0,70.0,70.0,49.39,70.0,1847.0,35.0,132.2051647767551,0.0,-2.1,この先制限速度なし,57m先に下り勾配6.7‰あり,前方624.0m先を63.5km/h,後続列車なし,5.0,126.0,未発車,40.0,57.1,anti_mid_stop,1.0,先行列車が塞いでいるため駅間停車防止モード。現在速度はtarget_speed_no_stop未満で加速中であり、制限速度・CBTC遵守、間隔適正、ノコギリ運転なし。
186.09999999999886,Train11,次駅への減速フェーズ（駅手前400m以内）,力行（加速）中,0.8999999999999999,ブレーキ（減速）,0.5,70.0,30.1,6.25,70.0,31.1,0.0,1.8627079571062446,6.2,9.2,この先制限速度なし,この先目立った勾配なし,前方92.9m先を27.6km/h,後続列車なし,10.0,0.0,発車済み,50.0,70.0,normal,0.0,減速フェーズでの力行は停止位置達成を妨げ、さらにブレーキ→力行の短時間切替に合理的根拠がなくノコギリ運転と判定され上限0.0となる。
193.4999999999998,Train11,次駅への減速フェーズ（駅手前400m以内）,惰行中,0.6,ブレーキ（減速）,1.5000000000000002,70.0,26.0,26.39,70.0,66.7,0.0,33.00817607979247,13.6,9.2,この先制限速度なし,この先目立った勾配なし,前方82.1m先を15.5km/h,後続列車なし,5.0,0.0,発車済み,30.0,70.0,normal,0.0,CBTC信号速度を超えてブレーキせず惰行しているため即0.0とし、他項目は評価対象外。
179.19999999999948,Train11,次駅への減速フェーズ（駅手前400m以内）,ブレーキ（減速）中,0.5,力行（加速）,0.1,70.0,23.3,22.41,70.0,27.9,0.8,23.836959210791694,0.0,9.2,この先制限速度なし,この先目立った勾配なし,前方75.8m先を25.1km/h,後続列車なし,10.0,0.0,発車済み,40.0,70.0,normal,0.9,次駅減速フェーズでブレーキ開始がdelta_stop 4.06 mと許容範囲内で、制限速度・CBTC遵守、ノコギリ運転なし、列車間隔安全、遅延0秒のため高評価。
193.39999999999912,Train11,次駅への減速フェーズ（駅手前400m以内）,ブレーキ（減速）中,0.1,力行（加速）,0.1,70.0,52.4,4.09,70.0,0.6,0.0,0.7980636702974904,13.5,9.2,この先制限速度なし,この先目立った勾配なし,前方178.7m先を39.1km/h,後続列車なし,5.0,0.0,発車済み,50.0,70.0,normal,1.0,ブレーキ開始が適切でdelta_stopが許容範囲内、速度・信号遵守、間隔安全、ノコギリ運転なしのため高評価。
201.39999999999935,Train11,次駅への減速フェーズ（駅手前400m以内）,ブレーキ（減速）中,1.3,力行（加速）,0.1,70.0,25.4,16.86,70.0,16.4,0.0,13.516656433156294,21.5,9.2,この先制限速度なし,この先目立った勾配なし,前方80.6m先を28.0km/h,後続列車なし,5.0,0.0,発車済み,30.0,70.0,normal,0.9,次駅減速フェーズで適切にブレーキし、制限速度・CBTC遵守、停止位置も許容範囲内であり、ノコギリ運転等問題なし。
188.4999999999993,Train11,次駅への減速フェーズ（駅手前400m以内）,ブレーキ（減速）中,1.6000000000000003,惰行,2.2000000000000006,70.0,30.8,12.15,70.0,13.7,0.0,7.029064979020259,8.6,9.2,この先制限速度なし,この先目立った勾配なし,前方95.0m先を30.5km/h,後続列車なし,5.0,0.0,発車済み,30.0,70.0,normal,0.2,delta_stopが6.67mで低速域(12.2km/h)のブレーキ開始が早すぎ、駅手前で停車位置が手前になるため大幅減点し0.2とする。
86.0,Train11,巡航フェーズ（駅間走行中）,惰行中,6.0,力行（加速）,6.0,70.0,70.0,52.03,70.0,1197.1,43.0,142.3624765016733,0.0,0.0,この先制限速度なし,207m先に上り勾配12.5‰あり,前方819.0m先を57.2km/h,後続列車なし,5.0,92.0,未発車,40.0,50.9,anti_mid_stop,0.4,ノコギリ運転と判定され、prev_notch_durationが6秒のためreward上限が0.3〜0.5に制限され、他項目は適正なので0.4とした。
21.0,Train11,巡航フェーズ（駅間走行中）,力行（加速）中,16.0,ブレーキ（減速）,3.0,70.0,70.0,33.97,70.0,2086.6,35.0,63.082560951807245,0.0,-2.1,この先制限速度なし,296m先に下り勾配6.7‰あり,前方582.9m先を63.2km/h,後続列車なし,5.0,157.0,未発車,40.0,53.6,anti_mid_stop,1.0,先行列車が塞いでいるため駅間停車防止モードで、target_speed_no_stop以下での加速は適切であり、速度超過やCBTC違反はなく、ノコギリ運転もなし。
191.89999999999853,Train11,次駅への減速フェーズ（駅手前400m以内）,ブレーキ（減速）中,0.1,力行（加速）,0.5,70.0,40.1,12.34,70.0,13.8,0.0,7.250247981227524,12.0,9.2,この先制限速度なし,この先目立った勾配なし,前方125.6m先を34.0km/h,後続列車なし,10.0,0.0,発車済み,50.0,70.0,normal,0.2,次駅減速フェーズで低速(12.3km/h)かつdelta_stopが4m超過し、ブレーキ開始が早すぎるため大幅減点し0.2とした。
189.59999999999968,Train11,次駅への減速フェーズ（駅手前400m以内）,ブレーキ（減速）中,1.6000000000000003,力行（加速）,0.1,70.0,18.8,22.89,70.0,46.3,0.0,24.864863084111146,9.7,9.2,この先制限速度なし,この先目立った勾配なし,前方66.7m先を17.6km/h,後続列車なし,10.0,0.0,発車済み,40.0,70.0,normal,0.5,次駅減速フェーズでブレーキ開始が必要距離より約21m早く、CBTC信号を下回っているが早すぎるため減点し、全体評価は0.5とする。
180.99999999999983,Train11,次駅への減速フェーズ（駅手前400m以内）,ブレーキ（減速）中,0.8999999999999999,力行（加速）,0.1,70.0,24.0,27.07,70.0,71.1,0.0,34.7222285150153,3.1,9.2,この先制限速度なし,この先目立った勾配なし,前方77.4m先を10.3km/h,後続列車なし,5.0,0.0,発車済み,40.0,70.0,normal,0.2,ブレーキはかかっているが delta_stop が 36.38 m と大きく、早すぎる減速と判断され評価が 0.2 点となる。
171.7999999999996,Train11,次駅への減速フェーズ（駅手前400m以内）,力行（加速）中,0.1,ブレーキ（減速）,0.8999999999999999,70.0,44.3,23.62,70.0,31.3,8.2,26.469295602543053,0.0,9.2,この先制限速度なし,この先目立った勾配なし,前方142.1m先を33.9km/h,後続列車なし,5.0,0.0,発車済み,50.0,70.0,normal,0.0,次駅減速フェーズでブレーキすべきところを加速し、さらにノコギリ運転と判定されたためrewardは0.0とする。
195.09999999999977,Train11,次駅への減速フェーズ（駅手前400m以内）,ブレーキ（減速）中,0.1,力行（加速）,0.1,70.0,44.3,33.85,70.0,46.9,0.0,54.144702090927694,15.2,9.2,この先制限速度なし,この先目立った勾配なし,前方142.1m先を32.2km/h,後続列車なし,10.0,0.0,発車済み,30.0,70.0,normal,0.0,ブレーキ中にdelta_stopが-7.24mでオーバーランがほぼ確実なため即reward0.0ルールが適用され、評価は0.0となる。
198.39999999999952,Train11,次駅への減速フェーズ（駅手前400m以内）,力行（加速）中,0.7,惰行,2.2000000000000006,70.0,23.6,23.59,70.0,33.8,0.0,26.402382021581015,18.5,9.2,この先制限速度なし,この先目立った勾配なし,前方76.3m先を23.9km/h,後続列車なし,5.0,0.0,発車済み,30.0,70.0,normal,0.1,減速フェーズで加速を続けたため停止位置が危うく、短時間のノコギリ運転と判定され評価上限が低くなる。
182.89999999999972,Train11,次駅への減速フェーズ（駅手前400m以内）,ブレーキ（減速）中,2.800000000000001,力行（加速）,0.1,70.0,21.1,21.48,70.0,58.3,0.0,21.90657013495285,3.0,9.2,この先制限速度なし,この先目立った勾配なし,前方71.2m先を14.4km/h,後続列車なし,5.0,0.0,発車済み,40.0,70.0,normal,0.2,delta_stopが36.39mでブレーキ開始が早すぎ、停止位置が大幅に手前になるため減点し0.2とする。
116.0,Train11,巡航フェーズ（駅間走行中）,ブレーキ（減速）中,6.0,力行（加速）,5.0,70.0,70.0,42.92,70.0,833.7,36.0,83.39464416369123,0.0,12.5,この先制限速度なし,この先目立った勾配なし,前方709.9m先を34.1km/h,後続列車なし,5.0,57.0,未発車,30.0,65.4,normal,0.1,巡航フェーズでrequired_speed 70km/hに対し42.9km/hのままブレーキを続け、加速が全く行われずノコギリ運転と判定されたため低評価。
53.0,Train11,巡航フェーズ（駅間走行中）,惰行中,15.0,力行（加速）,33.0,70.0,70.0,51.61,70.0,1668.6,35.0,153.88811992258147,0.0,-6.7,この先制限速度なし,この先目立った勾配なし,前方726.0m先を62.5km/h,後続列車なし,5.0,125.0,未発車,40.0,40.9,anti_mid_stop,0.4,先行列車が塞いでいるため駅間停車防止モードと判定し、target_speed_no_stop 40.9km/h を超える51.6km/h で走行している点が減点要因。
178.0,Train11,次駅への減速フェーズ（駅手前400m以内）,ブレーキ（減速）中,3.1,力行（加速）,3.0,70.0,31.8,35.51,70.0,97.1,0.0,59.542385994684594,0.1,9.2,この先制限速度なし,この先目立った勾配なし,前方97.8m先を2.8km/h,後続列車なし,5.0,0.0,発車済み,40.0,70.0,normal,0.2,delta_stopが37.56mと大きく、ブレーキ開始が早すぎて停車位置が手前になるため大幅減点し、rewardを0.2とした。
37.0,Train11,巡航フェーズ（駅間走行中）,力行（加速）中,32.0,ブレーキ（減速）,3.0,70.0,70.0,50.11,70.0,1896.8,35.0,136.02666612703825,0.0,-2.1,この先制限速度なし,106m先に下り勾配6.7‰あり,前方673.8m先を63.5km/h,後続列車なし,5.0,141.0,未発車,40.0,53.5,anti_mid_stop,1.0,先行列車が塞いでいるため駅間停車防止モードで、現在速度は target_speed_no_stop 未満で加速中。制限速度・CBTC遵守、ノコギリ運転なし、間隔問題もなく安全かつ適切な操作と判断した。
182.6999999999999,Train11,次駅への減速フェーズ（駅手前400m以内）,力行（加速）中,0.7,惰行,6.099999999999996,70.0,56.3,31.11,70.0,78.3,0.0,45.78653784750451,2.8,9.2,この先制限速度なし,この先目立った勾配なし,前方197.8m先を34.7km/h,後続列車なし,5.0,0.0,発車済み,40.0,70.0,normal,0.3,次駅減速フェーズで加速し停止位置が危うく、ノコギリ運転と判定されたため減点。
88.0,Train11,巡航フェーズ（駅間走行中）,力行（加速）中,2.0,惰行,6.0,70.0,70.0,54.67,70.0,1332.8,37.0,156.91305729111366,0.0,0.0,この先制限速度なし,342m先に上り勾配12.5‰あり,前方906.6m先を58.4km/h,後続列車なし,10.0,95.0,未発車,40.0,55.7,anti_mid_stop,1.0,先行が塞いで駅間停車防止モード。現在速度が target_speed_no_stop 未満で加速は適切であり、制限・CBTC も遵守しているため高評価。
192.49999999999952,Train11,次駅への減速フェーズ（駅手前400m以内）,力行（加速）中,0.30000000000000004,ブレーキ（減速）,4.200000000000001,70.0,19.4,15.38,70.0,31.2,0.0,11.25278739138385,12.6,9.2,この先制限速度なし,この先目立った勾配なし,前方67.9m先を22.5km/h,後続列車なし,10.0,0.0,発車済み,40.0,70.0,normal,0.2,直前のブレーキから0.3秒の力行への切替がノコギリ運転と判定され、prev_notch_durationが4.2秒のためreward上限は0.3に制限される。
200.29999999999941,Train11,次駅への減速フェーズ（駅手前400m以内）,ブレーキ（減速）中,0.2,力行（加速）,0.1,70.0,24.3,20.08,70.0,22.1,0.0,19.153002497573386,20.4,9.2,この先制限速度なし,この先目立った勾配なし,前方77.9m先を26.6km/h,後続列車なし,5.0,0.0,発車済み,30.0,70.0,normal,0.9,次駅減速フェーズで適切にブレーキし、CBTC信号速度以下で停止位置余裕あり。ノコギリ運転なし。
21.0,Train11,巡航フェーズ（駅間走行中）,力行（加速）中,6.0,惰行,6.0,70.0,70.0,22.81,70.0,2102.8,30.0,28.586134353173108,0.0,-2.1,この先制限速度なし,312m先に下り勾配6.7‰あり,前方511.4m先を62.8km/h,後続列車なし,10.0,162.0,未発車,40.0,52.7,anti_mid_stop,0.4,先行列車が塞いでいるため駅間停車防止モード。現在の力行はtarget_speed_no_stop以下で適切だが、6秒未満の惰行→力行切替に合理的根拠がなくノコギリ運転と判定され、reward上限が0.5に抑えられた。
71.0,Train11,巡航フェーズ（駅間走行中）,力行（加速）中,6.0,ブレーキ（減速）,6.0,70.0,70.0,34.96,70.0,1405.1,39.0,64.888546753222,0.0,0.0,この先制限速度なし,415m先に上り勾配12.5‰あり,前方776.6m先を62.3km/h,後続列車なし,5.0,92.0,未発車,40.0,60.6,anti_mid_stop,0.5,先行列車が塞いで駅間停車防止モード。target_speed_no_stop以下での加速は適切だが、ブレーキからの短時間切替に合理的理由がなくノコギリ運転と判定し上限0.5点に抑えた。
182.0,Train11,次駅への減速フェーズ（駅手前400m以内）,力行（加速）中,2.0,惰行,6.0,70.0,61.2,52.3,70.0,221.7,0.0,132.98411166596222,3.0,6.1,この先制限速度なし,31m先に上り勾配9.2‰あり,前方231.2m先を12.5km/h,後続列車なし,10.0,0.0,発車済み,30.0,70.0,normal,0.1,減速フェーズで不適切に加速し、保持時間2秒・前ノッチ6秒のノコギリ運転が発生したため、停止位置確保とエネルギー効率が著しく低下し0.1とした。
196.9999999999996,Train11,次駅への減速フェーズ（駅手前400m以内）,惰行中,1.5000000000000002,ブレーキ（減速）,0.7,70.0,23.6,22.98,70.0,42.7,0.0,25.0599864640319,17.1,9.2,この先制限速度なし,この先目立った勾配なし,前方76.3m先を21.7km/h,後続列車なし,5.0,0.0,発車済み,30.0,70.0,normal,0.0,0.7秒のブレーキから惰行への不合理な切替がノコギリ運転と判定され、上限が0点となったため。
116.0,Train11,巡航フェーズ（駅間走行中）,力行（加速）中,1.0,惰行,6.0,70.0,70.0,51.24,70.0,832.0,56.0,118.3643407857065,0.0,12.5,この先制限速度なし,この先目立った勾配なし,前方825.2m先を8.1km/h,後続列車なし,5.0,52.0,未発車,50.0,68.1,normal,1.0,現在は巡航フェーズで速度がrequired_speed未満のため加速は妥当。制限速度・CBTC遵守、衝突リスクなし、先行列車との間隔も標準以上で問題なし。
185.99999999999972,Train11,次駅への減速フェーズ（駅手前400m以内）,ブレーキ（減速）中,0.1,惰行,0.1,70.0,56.9,30.93,70.0,48.8,0.0,45.26156826592762,6.1,9.2,この先制限速度なし,この先目立った勾配なし,前方201.3m先を37.4km/h,後続列車なし,5.0,0.0,発車済み,40.0,70.0,normal,0.9,ブレーキが適切に作動しdelta_stopが3.54mで許容範囲内、速度・信号制限遵守、ノコギリ運転なし、先行列車との間隔も安全なため高評価。
188.19999999999874,Train11,次駅への減速フェーズ（駅手前400m以内）,力行（加速）中,3.0000000000000013,ブレーキ（減速）,0.5,70.0,34.0,11.25,70.0,25.9,0.0,6.027744939458261,8.3,9.2,この先制限速度なし,この先目立った勾配なし,前方104.7m先を30.2km/h,後続列車なし,10.0,0.0,発車済み,50.0,70.0,normal,0.0,ブレーキから力行への短時間切替が合理的根拠なく行われ、ノコギリ運転と判定されreward上限が0.0となった。
181.19999999999936,Train11,次駅への減速フェーズ（駅手前400m以内）,ブレーキ（減速）中,0.2,惰行,0.1,70.0,25.0,16.8,70.0,17.1,0.0,13.42087003709966,1.3,9.2,この先制限速度なし,この先目立った勾配なし,前方79.7m先を27.8km/h,後続列車なし,10.0,0.0,発車済み,40.0,70.0,normal,0.9,次駅減速フェーズで適切にブレーキをかけ、CBTC・制限速度を遵守し、停止位置も許容誤差内であるため高評価。
174.49999999999946,Train11,次駅への減速フェーズ（駅手前400m以内）,ブレーキ（減速）中,2.700000000000001,力行（加速）,0.1,70.0,46.9,16.15,70.0,16.2,5.5,12.404886526447886,0.0,9.2,この先制限速度なし,この先目立った勾配なし,前方153.4m先を36.3km/h,後続列車なし,5.0,0.0,発車済み,50.0,70.0,normal,0.6,次駅減速フェーズでブレーキ中だが、現在速度が信号速度を大きく下回りdelta_stopが5m超過しているためやや減点。
190.19999999999862,Train11,次駅への減速フェーズ（駅手前400m以内）,惰行中,1.6000000000000003,力行（加速）,3.4000000000000017,70.0,37.2,11.73,70.0,19.3,0.0,6.552247081450834,10.3,9.2,この先制限速度なし,この先目立った勾配なし,前方115.4m先を32.3km/h,後続列車なし,10.0,0.0,発車済み,50.0,70.0,normal,0.2,低速で惰行し続けCBTC信号を下回りつつ次駅減速フェーズで遅延拡大し、ノコギリ運転も発生したため上限0.2点に抑えた。
190.59999999999997,Train11,次駅への減速フェーズ（駅手前400m以内）,力行（加速）中,0.2,ブレーキ（減速）,4.499999999999998,70.0,31.1,32.47,70.0,90.3,0.0,49.84912242394662,12.7,9.2,この先制限速度なし,この先目立った勾配なし,前方95.6m先を9.3km/h,後続列車なし,5.0,0.0,発車済み,30.0,70.0,normal,0.0,CBTC信号速度31.1km/hを超えて加速しており、即reward0.0ルールに該当するため評価は0.0とする。
108.0,Train11,巡航フェーズ（駅間走行中）,ブレーキ（減速）中,3.0,力行（加速）,9.0,70.0,70.0,54.3,70.0,792.4,41.0,132.7040477402225,0.0,12.5,この先制限速度なし,この先目立った勾配なし,前方638.5m先を38.1km/h,後続列車なし,10.0,60.0,未発車,40.0,61.6,anti_mid_stop,0.4,先行列車が塞いで駅間停車防止モードであるが、target_speed_no_stop以下で不必要にブレーキをかけ速度を下げエネルギーを浪費しているため減点し0.4とする。
183.59999999999985,Train11,次駅への減速フェーズ（駅手前400m以内）,力行（加速）中,1.6000000000000003,惰行,6.099999999999996,70.0,56.4,32.14,70.0,70.4,0.0,48.84775669255229,3.7,9.2,この先制限速度なし,この先目立った勾配なし,前方198.6m先を35.5km/h,後続列車なし,5.0,0.0,発車済み,40.0,70.0,normal,0.9,次駅減速フェーズでdelta_stopが正のまま加速しており、CBTC信号を超えておらず停止位置も確保できるため高く評価する。
189.69999999999933,Train11,次駅への減速フェーズ（駅手前400m以内）,ブレーキ（減速）中,2.500000000000001,惰行,1.2,70.0,27.4,4.6,70.0,34.0,0.0,1.0093906004179476,9.8,9.2,この先制限速度なし,この先目立った勾配なし,前方85.5m先を25.8km/h,後続列車なし,5.0,0.0,発車済み,40.0,70.0,normal,0.0,ブレーキが早すぎ、持続時間が7秒未満の不合理な惰行→減速の切替でノコギリ運転と判定され、reward上限が0.0となった。
191.8999999999991,Train11,次駅への減速フェーズ（駅手前400m以内）,ブレーキ（減速）中,1.7000000000000004,惰行,0.7999999999999999,70.0,37.9,4.23,70.0,5.8,0.0,0.8536085428534147,12.0,9.2,この先制限速度なし,この先目立った勾配なし,前方117.6m先を34.0km/h,後続列車なし,5.0,0.0,発車済み,30.0,70.0,normal,0.2,低速（4.2km/h）で駅手前400m以内に早すぎるブレーキをかけ、delta_stopが4.95mと許容範囲を超えているため大幅減点し0.2とした。
178.0,Train11,次駅への減速フェーズ（駅手前400m以内）,惰行中,4.0,力行（加速）,5.0,70.0,69.3,52.99,70.0,279.8,0.0,136.46141660510787,1.0,6.1,この先制限速度なし,89m先に上り勾配9.2‰あり,前方280.6m先を2.8km/h,後続列車なし,10.0,0.0,発車済み,30.0,70.0,normal,0.2,次駅減速フェーズでブレーキせず惰行を続け、停車位置達成が遅れノコギリ運転と判定され上限0.3に抑え、0.2とする。
199.9999999999995,Train11,次駅への減速フェーズ（駅手前400m以内）,ブレーキ（減速）中,4.999999999999998,力行（加速）,0.1,70.0,46.8,19.41,70.0,10.7,0.0,17.900112629641146,20.1,9.2,この先制限速度なし,この先目立った勾配なし,前方153.0m先を36.7km/h,後続列車なし,10.0,0.0,発車済み,30.0,70.0,normal,0.0,delta_stopが-7.2mで現在速度19.4km/h、ブレーキ中でもオーバーランがほぼ確実と判断し即0.0とした。
195.89999999999932,Train11,次駅への減速フェーズ（駅手前400m以内）,ブレーキ（減速）中,0.5,力行（加速）,0.1,70.0,23.1,15.19,70.0,15.1,0.0,10.977091903731655,16.0,9.2,この先制限速度なし,この先目立った勾配なし,前方75.4m先を27.4km/h,後続列車なし,10.0,0.0,発車済み,40.0,70.0,normal,0.0,直前の力行が0.1秒、現在のブレーキが0.5秒と保持時間が7秒未満で、合理的理由がなく逆転操作となっているためノコギリ運転と判定し、reward上限が0.0になる。
186.7999999999995,Train11,次駅への減速フェーズ（駅手前400m以内）,惰行中,0.7999999999999999,ブレーキ（減速）,5.899999999999995,70.0,22.2,11.82,70.0,41.1,0.0,6.6530178870178425,6.9,9.2,この先制限速度なし,この先目立った勾配なし,前方73.5m先を21.4km/h,後続列車なし,5.0,0.0,発車済み,40.0,70.0,normal,0.9,制限速度・CBTC遵守、減速フェーズで十分なブレーキ余裕があり惰行は合理的であり、ノコギリ運転や間隔問題はなし。
118.0,Train11,巡航フェーズ（駅間走行中）,惰行中,5.0,力行（加速）,18.0,70.0,70.0,56.04,70.0,720.7,46.0,164.72933376586144,0.0,0.0,この先制限速度なし,130m先に上り勾配6.1‰あり,前方684.4m先を18.4km/h,後続列車なし,5.0,60.0,未発車,40.0,43.1,anti_mid_stop,0.9,先行列車が塞いでいるため駅間停車防止モード。現在速度はtarget_speed_no_stop上回っているが惰行で減速方向であり過剰加速ではない。全項目安全で高評価。
193.09999999999903,Train11,次駅への減速フェーズ（駅手前400m以内）,ブレーキ（減速）中,2.9000000000000012,惰行,0.7999999999999999,70.0,40.8,0.74,70.0,5.0,0.0,0.026142398980902287,13.2,9.2,この先制限速度なし,この先目立った勾配なし,前方128.3m先を35.1km/h,後続列車なし,5.0,0.0,発車済み,30.0,70.0,normal,0.2,低速(0.7km/h)でブレーキを続け、delta_stopが4.97mと大きく早すぎる停止位置となり、低速域の早期停止基準で大幅減点したため。
178.1,Train11,次駅への減速フェーズ（駅手前400m以内）,力行（加速）中,9.2,ブレーキ（減速）,6.0,70.0,43.3,37.19,70.0,97.5,1.9,65.26060122405596,0.0,9.2,この先制限速度なし,この先目立った勾配なし,前方138.0m先を23.4km/h,後続列車なし,5.0,0.0,発車済み,50.0,70.0,normal,0.2,次駅減速フェーズでブレーキすべきところを力行し、停止位置と先行列車との間隔が危険なため大幅減点。
200.99999999999943,Train11,次駅への減速フェーズ（駅手前400m以内）,ブレーキ（減速）中,0.30000000000000004,惰行,0.1,70.0,48.0,16.73,70.0,5.7,0.0,13.309547067275899,21.1,9.2,この先制限速度なし,この先目立った勾配なし,前方158.3m先を37.4km/h,後続列車なし,10.0,0.0,発車済み,30.0,70.0,normal,0.0,delta_stopが-7.61mでブレーキ中かつ高速域のため即時オーバーラン危険と判定し、即reward0.0ルールが適用された。
190.49999999999997,Train11,次駅への減速フェーズ（駅手前400m以内）,力行（加速）中,0.1,ブレーキ（減速）,4.499999999999998,70.0,31.3,32.36,70.0,91.2,0.0,49.51422467702787,12.6,9.2,この先制限速度なし,この先目立った勾配なし,前方96.3m先を9.1km/h,後続列車なし,5.0,0.0,発車済み,30.0,70.0,normal,0.0,CBTC信号速度31.3km/hを超えて32.4km/hで加速し、ブレーキせずに進行したため即時0点ルールが適用された。
198.09999999999954,Train11,次駅への減速フェーズ（駅手前400m以内）,力行（加速）中,0.4,惰行,2.2000000000000006,70.0,23.5,23.11,70.0,35.8,0.0,25.343164055389238,18.2,9.2,この先制限速度なし,この先目立った勾配なし,前方76.3m先を23.4km/h,後続列車なし,5.0,0.0,発車済み,30.0,70.0,normal,0.3,CBTC信号内でdelta_stop>0の加速は許容されるが、0.4秒の力行と直前2.2秒の惰行の短時間逆転はノコギリ運転と判定され、reward上限が0.3に制限される。
173.6999999999998,Train11,次駅への減速フェーズ（駅手前400m以内）,力行（加速）中,0.30000000000000004,ブレーキ（減速）,2.3000000000000007,70.0,25.1,23.47,70.0,63.5,6.3,26.13556572235769,0.0,9.2,この先制限速度なし,この先目立った勾配なし,前方79.7m先を15.9km/h,後続列車なし,10.0,0.0,発車済み,40.0,70.0,normal,0.2,不合理なブレーキ回避の加速と短時間のノコギリ運転により評価が低く、rewardは上限0.3に抑え0.2とした。
184.49999999999997,Train11,次駅への減速フェーズ（駅手前400m以内）,力行（加速）中,0.1,ブレーキ（減速）,0.5,70.0,29.6,36.46,70.0,88.5,0.0,62.74438140991766,6.6,9.2,この先制限速度なし,この先目立った勾配なし,前方91.4m先を6.7km/h,後続列車なし,10.0,0.0,発車済み,40.0,70.0,normal,0.0,CBTC信号速度を超えてブレーキせずに加速しているため即時0点とする。
184.2999999999998,Train11,次駅への減速フェーズ（駅手前400m以内）,力行（加速）中,2.3000000000000007,惰行,6.099999999999996,70.0,56.5,32.91,70.0,64.1,0.0,51.19979939501638,4.4,9.2,この先制限速度なし,この先目立った勾配なし,前方199.3m先を36.1km/h,後続列車なし,5.0,0.0,発車済み,40.0,70.0,normal,0.2,次駅減速フェーズで加速しており減速すべき場面である上に、保持時間が7秒未満の不合理なノコギリ運転と判定され上限0.5点に制限されるため低評価となった。
52.0,Train11,巡航フェーズ（駅間走行中）,惰行中,3.0,力行（加速）,9.0,70.0,70.0,49.43,70.0,1742.9,46.0,141.3692556292425,0.0,-6.7,この先制限速度なし,この先目立った勾配なし,前方957.0m先を62.8km/h,後続列車なし,5.0,116.0,未発車,50.0,48.8,anti_mid_stop,0.9,先行列車が塞いでいるため駅間停車防止モードと判定し、現在速度はtarget_speed_no_stop付近で惰行しており、制限・CBTC遵守、ノコギリ運転なし、間隔安全のため高評価とした。
167.59999999999985,Train11,次駅への減速フェーズ（駅手前400m以内）,惰行中,0.6,ブレーキ（減速）,6.0999999999999925,70.0,43.6,34.83,34.8,65.6,12.4,57.3008924067404,0.0,9.2,この先制限速度なし,この先目立った勾配なし,前方139.4m先を29.5km/h,後続列車なし,5.0,0.0,発車済み,50.0,34.8,normal,0.3,直前のブレーキから0.6秒の惰行への切替が合理的根拠なく行われノコギリ運転と判定され、上限0.3点に抑えられた。
177.69999999999956,Train11,次駅への減速フェーズ（駅手前400m以内）,力行（加速）中,1.3,ブレーキ（減速）,1.3,70.0,23.2,23.06,70.0,37.6,2.3,25.23406321978798,0.0,9.2,この先制限速度なし,この先目立った勾配なし,前方75.6m先を22.8km/h,後続列車なし,10.0,0.0,発車済み,40.0,70.0,normal,0.0,次駅減速フェーズで加速操作かつノコギリ運転（保持時間1.3秒）によりreward上限が0.0となったため0.0とした。
21.0,Train11,巡航フェーズ（駅間走行中）,ブレーキ（減速）中,2.0,力行（加速）,20.0,70.0,70.0,36.94,70.0,2037.5,25.0,74.48261917488296,0.0,-2.1,この先制限速度なし,247m先に下り勾配6.7‰あり,前方358.7m先を61.9km/h,後続列車なし,5.0,152.0,未発車,30.0,53.9,anti_mid_stop,0.2,先行列車が塞ぎ駅間停車防止モードで、target_speed_no_stop 53.9km/h を大きく下回る36.9km/hでブレーキをかけており、過度な低速走行と判断されるため減点する。
192.9999999999995,Train11,次駅への減速フェーズ（駅手前400m以内）,力行（加速）中,0.7999999999999999,ブレーキ（減速）,4.200000000000001,70.0,19.9,16.38,70.0,29.0,0.0,12.759844734262273,13.1,9.2,この先制限速度なし,この先目立った勾配なし,前方68.9m先を23.3km/h,後続列車なし,10.0,0.0,発車済み,40.0,70.0,normal,0.3,前方列車が先行しCBTC制限内だが、ブレーキから加速への切替が7秒未満で合理的根拠がなくノコギリ運転と判定され、上限0.3点に抑えられた。
184.0,Train11,次駅への減速フェーズ（駅手前400m以内）,力行（加速）中,4.0,惰行,6.0,70.0,57.5,53.29,70.0,192.4,0.0,137.9866974689387,5.0,6.1,この先制限速度なし,2m先に上り勾配9.2‰あり,前方209.9m先を16.5km/h,後続列車なし,10.0,0.0,発車済み,30.0,70.0,normal,0.1,減速フェーズでの力行と不合理なノコギリ運転により停止位置確保が危うく、先行列車との間隔も不足し遅延と省エネが悪化したため低評価。
155.0,Train11,次駅への減速フェーズ（駅手前400m以内）,力行（加速）中,19.0,惰行,6.0,70.0,62.6,53.4,70.0,235.4,23.0,138.54800108649556,0.0,6.1,この先制限速度なし,45m先に上り勾配9.2‰あり,前方239.2m先を7.9km/h,後続列車なし,5.0,0.0,発車済み,50.0,70.0,normal,0.9,次駅減速フェーズでブレーキ未実施かつdelta_stopが正、速度はCBTC信号以下で安全、加速は許容範囲内のため高評価。
179.89999999999978,Train11,次駅への減速フェーズ（駅手前400m以内）,力行（加速）中,0.5,ブレーキ（減速）,2.500000000000001,70.0,26.6,26.63,70.0,61.5,0.1,33.608244923831556,0.0,9.2,この先制限速度なし,この先目立った勾配なし,前方83.4m先を18.2km/h,後続列車なし,5.0,0.0,発車済み,30.0,70.0,normal,0.1,次駅減速フェーズで加速しCBTC信号を無視、さらにノコギリ運転となり安全性と効率性が著しく低下したため低評価。
35.0,Train11,巡航フェーズ（駅間走行中）,力行（加速）中,16.0,惰行,6.0,70.0,70.0,42.34,70.0,1949.9,30.0,97.56375534045954,0.0,-2.1,この先制限速度なし,159m先に下り勾配6.7‰あり,前方604.1m先を63.5km/h,後続列車なし,10.0,133.0,未発車,40.0,57.9,anti_mid_stop,1.0,先行列車が未発車で塞いでいるため駅間停車防止モード。target_speed_no_stop以下での加速は適切で、速度・CBTC・間隔・エネルギー面でも問題なし。
191.59999999999854,Train11,次駅への減速フェーズ（駅手前400m以内）,力行（加速）中,0.30000000000000004,惰行,2.700000000000001,70.0,39.6,11.67,70.0,14.8,0.0,6.485492200052387,11.7,9.2,この先制限速度なし,この先目立った勾配なし,前方123.8m先を33.7km/h,後続列車なし,10.0,0.0,発車済み,50.0,70.0,normal,0.2,CBTC上限内で先行列車が走行中かつdelta_stop>0のため加速は許容されるが、直前のノッチ切替が2.7秒未満で逆転しノコギリ運転と判定され、rewardを0.2に減点。
190.89999999999927,Train11,次駅への減速フェーズ（駅手前400m以内）,ブレーキ（減速）中,2.0000000000000004,力行（加速）,0.1,70.0,47.7,9.74,70.0,5.3,0.0,4.5199929315968514,11.0,9.2,この先制限速度なし,この先目立った勾配なし,前方156.8m先を37.4km/h,後続列車なし,5.0,0.0,発車済み,50.0,70.0,normal,0.9,次駅減速フェーズでブレーキを適切に使用し、delta_stop0.78mで停止位置が許容範囲内、速度制限・CBTC遵守、ノコギリ運転なしのため高評価。
179.29999999999924,Train11,次駅への減速フェーズ（駅手前400m以内）,ブレーキ（減速）中,2.0000000000000004,力行（加速）,0.1,70.0,12.0,0.0,70.0,37.9,0.7,0.0,0.0,9.2,この先制限速度なし,この先目立った勾配なし,前方56.9m先を17.1km/h,後続列車なし,10.0,0.0,発車済み,50.0,70.0,normal,0.2,次駅減速フェーズで速度0km/h、delta_stopが37.9mと大きく正であり、早すぎるブレーキ・停止により定時性が大幅に損なわれるためrewardは0.2とした。
181.89999999999978,Train11,次駅への減速フェーズ（駅手前400m以内）,惰行中,1.6000000000000003,力行（加速）,0.30000000000000004,70.0,41.0,33.27,70.0,61.0,0.0,52.318084019493256,2.0,9.2,この先制限速度なし,この先目立った勾配なし,前方129.1m先を28.6km/h,後続列車なし,5.0,0.0,発車済み,50.0,70.0,normal,0.9,次駅減速フェーズで信号速度以下に惰行し、ブレーキ開始点手前の適切な減速準備のため高評価。
174.99999999999943,Train11,次駅への減速フェーズ（駅手前400m以内）,力行（加速）中,0.1,ブレーキ（減速）,3.1000000000000014,70.0,47.6,14.69,15.7,14.1,5.0,10.267832285992345,0.0,9.2,この先制限速度なし,この先目立った勾配なし,前方156.3m先を36.7km/h,後続列車なし,5.0,0.0,発車済み,50.0,15.7,normal,0.2,次駅減速中に加速し、前後7秒未満のブレーキ→加速切替がノコギリ運転と判定され、評価上限が0.3に抑えられたため低評価となった。
36.0,Train11,巡航フェーズ（駅間走行中）,力行（加速）中,11.0,ブレーキ（減速）,6.0,70.0,70.0,39.13,70.0,1905.5,25.0,83.47883371299238,0.0,-2.1,この先制限速度なし,115m先に下り勾配6.7‰あり,前方489.5m先を62.9km/h,後続列車なし,5.0,137.0,未発車,30.0,55.1,anti_mid_stop,0.9,先行列車が塞いでいるため駅間停車防止モードと判定し、target_speed_no_stop以下で加速して安全かつ適切な運転と評価した。
180.29999999999913,Train11,次駅への減速フェーズ（駅手前400m以内）,ブレーキ（減速）中,1.7000000000000004,力行（加速）,0.1,70.0,57.0,0.53,70.0,2.7,0.0,0.013410694231365806,0.4,9.2,この先制限速度なし,この先目立った勾配なし,前方201.7m先を40.3km/h,後続列車なし,5.0,0.0,発車済み,50.0,70.0,normal,0.5,低速ブレーキ中にdelta_stopが2.69mと許容範囲を超えているため減点し、総合評価は0.5とした。
51.0,Train11,巡航フェーズ（駅間走行中）,力行（加速）中,11.0,惰行,6.0,70.0,70.0,40.69,70.0,1829.3,46.0,90.19083666402383,0.0,-2.1,この先制限速度なし,39m先に下り勾配6.7‰あり,前方1025.9m先を62.6km/h,後続列車なし,5.0,102.0,未発車,50.0,69.9,normal,1.0,巡航フェーズでrequired_speed未達のため加速は必要かつ適切。制限速度・CBTCを遵守し、ノコギリ運転なし、先行列車との間隔も安全である。
181.59999999999968,Train11,次駅への減速フェーズ（駅手前400m以内）,力行（加速）中,0.1,ブレーキ（減速）,1.3,70.0,25.4,23.37,70.0,49.3,0.0,25.914243190270188,1.7,9.2,この先制限速度なし,この先目立った勾配なし,前方80.6m先を21.1km/h,後続列車なし,5.0,0.0,発車済み,30.0,70.0,normal,0.0,ブレーキから加速への短時間切替に合理的根拠がなく、prev_notch_durationが1.3秒で上限0.0点となったためrewardは0.0。
184.0999999999992,Train11,次駅への減速フェーズ（駅手前400m以内）,ブレーキ（減速）中,0.1,惰行,0.1,70.0,30.3,8.57,70.0,7.0,0.0,3.50032348291631,4.2,9.2,この先制限速度なし,この先目立った勾配なし,前方93.4m先を31.2km/h,後続列車なし,10.0,0.0,発車済み,40.0,70.0,normal,0.5,次駅減速フェーズでブレーキは適切だが、低速域でdelta_stopが3.5mと許容範囲(≤2m)を超えているため中程度の減点となる。
192.8999999999995,Train11,次駅への減速フェーズ（駅手前400m以内）,力行（加速）中,0.7,ブレーキ（減速）,4.200000000000001,70.0,19.8,16.19,70.0,29.5,0.0,12.466260826756445,13.0,9.2,この先制限速度なし,この先目立った勾配なし,前方68.7m先を23.1km/h,後続列車なし,10.0,0.0,発車済み,40.0,70.0,normal,0.2,次駅減速フェーズでの力行と、短時間のブレーキ→力行切替が合理性なく、Sawtooth運転として上限0.3に抑えられた。
173.0,Train11,次駅への減速フェーズ（駅手前400m以内）,ブレーキ（減速）中,1.0,惰行,1.0,70.0,40.5,42.17,70.0,126.4,5.0,83.71208176776082,0.0,9.2,この先制限速度なし,この先目立った勾配なし,前方127.1m先を2.8km/h,後続列車なし,5.0,0.0,発車済み,30.0,70.0,normal,1.0,先行列車が近くCBTC信号が低下しているため、速度は信号速度内でブレーキをかけており、停止位置も余裕があり、ノコギリ運転や速度超過はなく安全かつ適切な減速操作と評価できる。
184.19999999999982,Train11,次駅への減速フェーズ（駅手前400m以内）,力行（加速）中,2.2000000000000006,惰行,6.099999999999996,70.0,56.5,32.8,70.0,65.0,0.0,50.86046774185985,4.3,9.2,この先制限速度なし,この先目立った勾配なし,前方199.2m先を36.0km/h,後続列車なし,5.0,0.0,発車済み,40.0,70.0,normal,0.4,加速はCBTC上限以下で安全だが、直前の惰行から2.2秒の加速への切替が7秒未満で合理的理由がなくノコギリ運転と判定され、reward上限が0.3〜0.5に制限されるため0.4とした。
175.0,Train11,次駅への減速フェーズ（駅手前400m以内）,力行（加速）中,7.0,ブレーキ（減速）,6.0,70.0,46.3,34.36,70.0,128.3,5.0,55.77626797615911,0.0,9.2,この先制限速度なし,この先目立った勾配なし,前方150.7m先を18.4km/h,後続列車なし,5.0,0.0,発車済み,50.0,70.0,normal,1.0,制限速度・CBTCを遵守し、加速は信号速度以下で停止位置も確保できるため安全かつ定時性に寄与し高評価。
205.19999999999914,Train11,次駅への減速フェーズ（駅手前400m以内）,力行（加速）中,0.1,ブレーキ（減速）,4.999999999999998,70.0,32.7,5.76,70.0,4.5,0.0,1.5822597968998982,25.3,9.2,この先制限速度なし,この先目立った勾配なし,前方100.6m先を32.3km/h,後続列車なし,5.0,0.0,発車済み,30.0,70.0,normal,0.2,ブレーキから0.1秒の力行への切替が7秒未満で合理的根拠がなくノコギリ運転と判定され、reward上限が0.3点に制限された。
184.19999999999965,Train11,次駅への減速フェーズ（駅手前400m以内）,惰行中,0.1,力行（加速）,0.1,70.0,40.8,28.65,70.0,41.0,0.0,38.870065222681625,4.3,9.2,この先制限速度なし,この先目立った勾配なし,前方128.2m先を31.3km/h,後続列車なし,5.0,0.0,発車済み,50.0,70.0,normal,1.0,CBTC信号を下回る速度で安全に減速中、delta_stopが正で停車位置は適切、ノコギリ運転なし、前方列車との間隔安全、遅延僅か。
158.0,Train11,次駅への減速フェーズ（駅手前400m以内）,惰行中,1.0,力行（加速）,21.0,70.0,56.3,54.83,70.0,190.3,22.0,145.94408219157475,0.0,6.1,この先制限速度なし,0m先に上り勾配9.2‰あり,前方203.5m先を14.6km/h,後続列車なし,5.0,0.0,発車済み,50.0,70.0,normal,1.0,次駅減速フェーズで適切に惰行し、制限速度・CBTC遵守、停止位置余裕あり、ノコギリ運転なしで安全に運転しているため高評価。
150.0,Train11,巡航フェーズ（駅間走行中）,力行（加速）中,2.0,ブレーキ（減速）,6.0,70.0,70.0,45.02,70.0,681.2,28.0,107.0328237987681,0.0,0.0,この先制限速度なし,91m先に上り勾配6.1‰あり,前方681.6m先を0.0km/h,後続列車なし,10.0,28.0,未発車,30.0,70.0,anti_mid_stop,0.4,先行列車が停車しているため駅間停車防止モード。target_speed_no_stop未超過での加速は適切だが、ブレーキから2秒の力行への切替に合理的根拠がなくノコギリ運転と判定し、上限0.5以下に抑えた。
193.99999999999943,Train11,次駅への減速フェーズ（駅手前400m以内）,力行（加速）中,1.8000000000000005,ブレーキ（減速）,4.200000000000001,70.0,20.9,18.3,70.0,24.2,0.0,15.917011356799298,14.1,9.2,この先制限速度なし,この先目立った勾配なし,前方70.7m先を24.8km/h,後続列車なし,10.0,0.0,発車済み,40.0,70.0,normal,0.1,次駅減速フェーズで力行を続け低速のまま停止位置が確保できず、ノコギリ運転と判定されたためrewardを0.1に設定。
183.99999999999983,Train11,次駅への減速フェーズ（駅手前400m以内）,力行（加速）中,2.0000000000000004,惰行,6.099999999999996,70.0,56.5,32.58,70.0,66.8,0.0,50.185129006597805,4.1,9.2,この先制限速度なし,この先目立った勾配なし,前方199.0m先を35.9km/h,後続列車なし,5.0,0.0,発車済み,40.0,70.0,normal,0.3,ノコギリ運転と判定され、prev_notch_durationが6.1秒のためreward上限0.3～0.5に制限された。
179.39999999999992,Train11,次駅への減速フェーズ（駅手前400m以内）,ブレーキ（減速）中,1.0999999999999999,力行（加速）,9.399999999999999,70.0,42.2,34.47,70.0,84.4,0.6,56.131288171791354,0.0,9.2,この先制限速度なし,この先目立った勾配なし,前方133.7m先を25.3km/h,後続列車なし,5.0,0.0,発車済み,50.0,70.0,normal,0.3,次駅減速フェーズでブレーキ開始が早すぎ、delta_stopが28.27mと過大で早期減速となりエネルギー浪費と遅延リスクがあるため評価を低くした。
198.29999999999953,Train11,次駅への減速フェーズ（駅手前400m以内）,力行（加速）中,0.6,惰行,2.2000000000000006,70.0,23.6,23.43,70.0,34.5,0.0,26.046924945364452,18.4,9.2,この先制限速度なし,この先目立った勾配なし,前方76.3m先を23.7km/h,後続列車なし,5.0,0.0,発車済み,30.0,70.0,normal,0.2,直前の惰行から0.6秒の力行への切替が合理的根拠なく行われ、ノコギリ運転と判定され上限0.3に抑えたため0.2とした。
187.89999999999876,Train11,次駅への減速フェーズ（駅手前400m以内）,力行（加速）中,2.700000000000001,ブレーキ（減速）,0.5,70.0,33.5,10.57,70.0,26.9,0.0,5.322029385026746,8.0,9.2,この先制限速度なし,この先目立った勾配なし,前方103.1m先を29.8km/h,後続列車なし,10.0,0.0,発車済み,50.0,70.0,normal,0.0,減速フェーズでの不必要な加速と、直前ブレーキからの短時間切替がノコギリ運転と判定され、reward上限が0.0に設定されたため。
58.0,Train11,巡航フェーズ（駅間走行中）,ブレーキ（減速）中,4.0,力行（加速）,7.0,70.0,70.0,31.0,70.0,1811.3,20.0,52.60987624444363,0.0,-2.1,この先制限速度なし,21m先に下り勾配6.7‰あり,前方693.5m先を62.9km/h,後続列車なし,10.0,120.0,未発車,30.0,58.4,anti_mid_stop,0.2,駅間停車防止モードでtarget_speed_no_stop 58.4km/hに対し31km/hに減速しており、過度な低速・不必要なブレーキと判断し減点。
185.9999999999991,Train11,次駅への減速フェーズ（駅手前400m以内）,ブレーキ（減速）中,0.7,惰行,0.1,70.0,34.8,3.53,70.0,3.8,0.0,0.5945540664692855,6.1,9.2,この先制限速度なし,この先目立った勾配なし,前方107.1m先を33.1km/h,後続列車なし,10.0,0.0,発車済み,40.0,70.0,normal,0.5,低速域でブレーキ開始が早すぎ、停止位置が2〜4m手前となり減点対象となるためrewardを0.5とした。
176.69999999999962,Train11,次駅への減速フェーズ（駅手前400m以内）,力行（加速）中,0.30000000000000004,ブレーキ（減速）,1.3,70.0,23.3,21.4,70.0,43.8,3.3,21.744287488379417,0.0,9.2,この先制限速度なし,この先目立った勾配なし,前方75.6m先を21.2km/h,後続列車なし,10.0,0.0,発車済み,40.0,70.0,normal,0.0,次駅減速フェーズでブレーキせずに加速し、直前のブレーキ→力行の短時間逆転がノコギリ運転と判定され、prev_notch_durationが1.3秒で上限reward0.0となるため。
181.89999999999966,Train11,次駅への減速フェーズ（駅手前400m以内）,力行（加速）中,0.4,ブレーキ（減速）,1.3,70.0,25.3,23.84,70.0,47.4,0.0,26.962555350119512,2.0,9.2,この先制限速度なし,この先目立った勾配なし,前方80.4m先を21.6km/h,後続列車なし,5.0,0.0,発車済み,30.0,70.0,normal,0.0,短時間のブレーキ後に即座に力行へ切替えたノコギリ運転（保持時間<7秒）が判定され、上限0.0点によりrewardは0.0となる。
194.09999999999943,Train11,次駅への減速フェーズ（駅手前400m以内）,力行（加速）中,1.9000000000000006,ブレーキ（減速）,4.200000000000001,70.0,21.0,18.49,70.0,23.7,0.0,16.2482642995664,14.2,9.2,この先制限速度なし,この先目立った勾配なし,前方70.9m先を24.9km/h,後続列車なし,10.0,0.0,発車済み,40.0,70.0,normal,0.2,次駅減速フェーズでブレーキすべきところを力行し、さらにノコギリ運転となっているため減点し、上限0.3を下回る0.2とした。
187.79999999999944,Train11,次駅への減速フェーズ（駅手前400m以内）,ブレーキ（減速）中,0.6,惰行,1.2,70.0,23.6,10.15,70.0,37.9,0.0,4.908021830865711,7.9,9.2,この先制限速度なし,この先目立った勾配なし,前方76.5m先を23.0km/h,後続列車なし,5.0,0.0,発車済み,40.0,70.0,normal,0.2,低速で早すぎるブレーキにより停止位置が大幅に手前となり遅延が拡大したため、0.2点とした。
201.99999999999937,Train11,次駅への減速フェーズ（駅手前400m以内）,ブレーキ（減速）中,1.3,惰行,0.1,70.0,49.4,13.81,70.0,1.5,0.0,9.076788437498278,22.1,9.2,この先制限速度なし,この先目立った勾配なし,前方164.5m先を38.2km/h,後続列車なし,10.0,0.0,発車済み,30.0,70.0,normal,0.0,低速でdelta_stopが-7.58mとオーバーランが確実であり、即時0点ルールに該当するためrewardは0.0とする。
54.0,Train11,巡航フェーズ（駅間走行中）,ブレーキ（減速）中,2.0,惰行,2.0,70.0,70.0,55.91,70.0,1588.1,35.0,163.97988884921054,0.0,0.0,この先制限速度なし,この先目立った勾配なし,前方662.9m先を62.6km/h,後続列車なし,5.0,109.0,未発車,40.0,60.0,anti_mid_stop,0.2,先行列車が塞いでいるため駅間停車防止モード。現在のブレーキはtarget_speed_no_stop(60km/h)以下で不要で、惰行→減速の短時間切替が合理的理由なく行われたためノコギリ運転と判定し、reward上限0.3に抑えた。
182.8999999999999,Train11,次駅への減速フェーズ（駅手前400m以内）,力行（加速）中,0.8999999999999999,惰行,6.099999999999996,70.0,56.3,31.34,70.0,76.6,0.0,46.461664518057596,3.0,9.2,この先制限速度なし,この先目立った勾配なし,前方198.0m先を34.9km/h,後続列車なし,5.0,0.0,発車済み,40.0,70.0,normal,0.2,減速フェーズでの加速は停止位置達成を妨げ、かつ持続時間7秒未満の力行←惰行切替はノコギリ運転とみなされ上限0.5点に抑えられる。
197.09999999999926,Train11,次駅への減速フェーズ（駅手前400m以内）,ブレーキ（減速）中,0.6,力行（加速）,0.1,70.0,25.3,12.18,70.0,10.5,0.0,7.063761708517124,17.2,9.2,この先制限速度なし,この先目立った勾配なし,前方80.2m先を28.9km/h,後続列車なし,10.0,0.0,発車済み,40.0,70.0,normal,0.5,次駅減速フェーズでブレーキ中、低速域でdelta_stopが3.44mと許容範囲を超えているためやや減点し、rewardを0.5とした。
179.8999999999992,Train11,次駅への減速フェーズ（駅手前400m以内）,力行（加速）中,0.30000000000000004,ブレーキ（減速）,2.3000000000000007,70.0,14.3,0.57,70.0,37.8,0.1,0.015511212120624354,0.0,9.2,この先制限速度なし,この先目立った勾配なし,前方59.8m先を18.2km/h,後続列車なし,10.0,0.0,発車済み,50.0,70.0,normal,0.3,直前のブレーキから短時間で力行へ切替がノコギリ運転と判定され、prev_notch_durationが2.3秒のためreward上限が0.3に抑えられた。
183.599999999999,Train11,次駅への減速フェーズ（駅手前400m以内）,力行（加速）中,0.2,惰行,2.3000000000000007,70.0,24.5,3.43,70.0,34.6,0.0,0.5613570503709455,3.7,9.2,この先制限速度なし,この先目立った勾配なし,前方78.4m先を24.2km/h,後続列車なし,10.0,0.0,発車済み,50.0,70.0,normal,0.2,次駅減速フェーズで加速し、停止位置達成が遅れ、ノコギリ運転と判定されたため低評価
189.59999999999923,Train11,次駅への減速フェーズ（駅手前400m以内）,惰行中,0.2,ブレーキ（減速）,2.500000000000001,70.0,32.9,9.19,70.0,10.5,0.0,4.024491092622406,9.7,9.2,この先制限速度なし,この先目立った勾配なし,前方101.2m先を31.7km/h,後続列車なし,5.0,0.0,発車済み,30.0,70.0,normal,0.9,次駅減速フェーズで余裕距離があり、低速惰行は停止位置調整に合理的で、制限速度・CBTC遵守、ノコギリ運転なし、列車間隔も適正なため高評価。
202.4999999999993,Train11,次駅への減速フェーズ（駅手前400m以内）,ブレーキ（減速）中,2.400000000000001,力行（加速）,0.1,70.0,27.1,13.64,70.0,11.8,0.0,8.855120979302804,22.6,9.2,この先制限速度なし,この先目立った勾配なし,前方84.7m先を29.4km/h,後続列車なし,5.0,0.0,発車済み,30.0,70.0,normal,0.5,CBTC信号以下でブレーキは安全だが、低速域で停止位置が2.94 mずれ、早すぎるブレーキにより減点し0.5とする。
194.59999999999974,Train11,次駅への減速フェーズ（駅手前400m以内）,ブレーキ（減速）中,0.2,惰行,1.5000000000000002,70.0,24.8,25.65,70.0,58.7,0.0,31.19157865186494,14.7,9.2,この先制限速度なし,この先目立った勾配なし,前方79.2m先を17.6km/h,後続列車なし,5.0,0.0,発車済み,30.0,70.0,normal,0.4,次駅減速フェーズでブレーキはCBTC遵守だが、delta_stopが27.5mとやや早めのブレーキとなり、評価を0.4点とした。
180.59999999999917,Train11,次駅への減速フェーズ（駅手前400m以内）,力行（加速）中,0.9999999999999999,ブレーキ（減速）,2.3000000000000007,70.0,16.6,2.51,70.0,37.5,0.0,0.30066283766243274,0.7,9.2,この先制限速度なし,この先目立った勾配なし,前方63.1m先を19.4km/h,後続列車なし,10.0,0.0,発車済み,50.0,70.0,normal,0.2,減速フェーズで加速しブレーキ未実施、ノコギリ運転と判定され上限0.3点に抑えたため0.2点とした。
180.79999999999984,Train11,次駅への減速フェーズ（駅手前400m以内）,惰行中,0.5,力行（加速）,0.30000000000000004,70.0,41.4,33.77,70.0,71.2,0.0,53.89092625271126,0.9,9.2,この先制限速度なし,この先目立った勾配なし,前方130.8m先を27.2km/h,後続列車なし,5.0,0.0,発車済み,50.0,70.0,normal,0.0,直前の力行から0.5秒の惰行への切替が合理的理由なく短時間で行われたためノコギリ運転と判定し、reward上限が0.0となった。
177.49999999999957,Train11,次駅への減速フェーズ（駅手前400m以内）,力行（加速）中,1.0999999999999999,ブレーキ（減速）,1.3,70.0,23.2,22.73,70.0,38.9,2.5,24.51984142396283,0.0,9.2,この先制限速度なし,この先目立った勾配なし,前方75.6m先を22.5km/h,後続列車なし,10.0,0.0,発車済み,40.0,70.0,normal,0.0,次駅減速フェーズで不適切に加速し、ノコギリ運転と判定されたためrewardは0.0とした。
170.99999999999966,Train11,次駅への減速フェーズ（駅手前400m以内）,ブレーキ（減速）中,0.2,力行（加速）,0.1,70.0,43.8,25.98,26.0,36.8,9.0,31.995409100455873,0.0,9.2,この先制限速度なし,この先目立った勾配なし,前方140.2m先を33.1km/h,後続列車なし,5.0,0.0,発車済み,50.0,26.0,normal,0.9,次駅減速フェーズで適切にブレーキし、delta_stopが5m以内で安全に停止位置に向かっているため高評価。
186.99999999999903,Train11,次駅への減速フェーズ（駅手前400m以内）,ブレーキ（減速）中,1.7000000000000004,惰行,0.1,70.0,37.4,0.62,70.0,3.2,0.0,0.018351651328327074,7.1,9.2,この先制限速度なし,この先目立った勾配なし,前方115.9m先を34.1km/h,後続列車なし,10.0,0.0,発車済み,40.0,70.0,normal,0.5,次駅減速フェーズでブレーキは適切だが、低速域でdelta_stopが3.18mと許容範囲(≤2m)を超えているため減点し0.5とした。
138.0,Train11,巡航フェーズ（駅間走行中）,惰行中,3.0,力行（加速）,1.0,70.0,70.0,38.6,70.0,603.8,40.0,78.95880806196047,0.0,0.0,この先制限速度なし,13m先に上り勾配6.1‰あり,前方604.2m先を0.0km/h,後続列車なし,5.0,25.0,未発車,40.0,70.0,normal,0.0,巡航フェーズでrequired_speed(70km/h)を大きく下回る38.6km/hの惰行を続け、かつ力行→惰行への切替が7秒未満で不合理なノコギリ運転となり、reward上限は0.0となる。
181.69999999999968,Train11,次駅への減速フェーズ（駅手前400m以内）,力行（加速）中,0.2,ブレーキ（減速）,1.3,70.0,25.4,23.53,70.0,48.7,0.0,26.268806262961238,1.8,9.2,この先制限速度なし,この先目立った勾配なし,前方80.5m先を21.2km/h,後続列車なし,5.0,0.0,発車済み,30.0,70.0,normal,0.0,ブレーキ後0.2秒の加速が合理的理由なくノコギリ運転と判定され、prev_notch_durationが1.3秒で上限0.0点となったため。
180.09999999999977,Train11,次駅への減速フェーズ（駅手前400m以内）,力行（加速）中,0.7,ブレーキ（減速）,2.500000000000001,70.0,26.4,26.92,70.0,60.0,0.0,34.34044730545948,0.2,9.2,この先制限速度なし,この先目立った勾配なし,前方82.9m先を18.5km/h,後続列車なし,5.0,0.0,発車済み,30.0,70.0,normal,0.0,現在速度がCBTC信号速度26.4km/hを超えているのにブレーキせず力行しており、即0.0の安全違反となる。
153.0,Train11,次駅への減速フェーズ（駅手前400m以内）,力行（加速）中,17.0,惰行,6.0,70.0,66.9,52.4,70.0,264.8,25.0,133.48540277042923,0.0,6.1,この先制限速度なし,74m先に上り勾配9.2‰あり,前方265.6m先を2.8km/h,後続列車なし,5.0,0.0,発車済み,50.0,70.0,normal,0.9,delta_stopが正で信号速度未超過、加速は許容範囲内のため次駅減速フェーズでの操作は適切と判断し高評価とした。
174.0,Train11,次駅への減速フェーズ（駅手前400m以内）,力行（加速）中,6.0,ブレーキ（減速）,6.0,70.0,47.4,33.33,70.0,137.7,6.0,52.50561782788549,0.0,9.2,この先制限速度なし,この先目立った勾配なし,前方155.3m先を16.5km/h,後続列車なし,5.0,0.0,発車済み,50.0,70.0,normal,0.4,減速フェーズでブレーキせずに加速し、直前のブレーキからの不合理な切替がノコギリ運転と判定され、上限0.5以下に抑えられる。
184.99999999999915,Train11,次駅への減速フェーズ（駅手前400m以内）,ブレーキ（減速）中,0.6,惰行,0.1,70.0,32.3,6.2,70.0,5.1,0.0,1.8330446952166681,5.1,9.2,この先制限速度なし,この先目立った勾配なし,前方99.4m先を32.1km/h,後続列車なし,10.0,0.0,発車済み,40.0,70.0,normal,0.5,次駅減速フェーズで低速ブレーキ中、delta_stopが3.27mと許容範囲外の遅れとなり減点。
170.79999999999967,Train11,次駅への減速フェーズ（駅手前400m以内）,力行（加速）中,0.1,ブレーキ（減速）,2.9000000000000012,70.0,43.7,26.13,26.5,38.2,9.2,32.36412567548515,0.0,9.2,この先制限速度なし,この先目立った勾配なし,前方139.8m先を32.9km/h,後続列車なし,5.0,0.0,発車済み,50.0,26.5,normal,0.2,次駅減速フェーズでブレーキせずに加速し、直前のブレーキから0.1秒で力行へ切替えたためノコギリ運転と判定され、上限0.3点に抑えられた。
191.19999999999993,Train11,次駅への減速フェーズ（駅手前400m以内）,ブレーキ（減速）中,0.4,力行（加速）,0.1,70.0,29.8,31.51,70.0,85.0,0.0,46.96379399326191,13.3,9.2,この先制限速度なし,この先目立った勾配なし,前方91.9m先を10.7km/h,後続列車なし,5.0,0.0,発車済み,30.0,70.0,normal,0.2,次駅減速フェーズでブレーキ開始が早すぎ、delta_stopが30m超過し早期減速と評価されるため低評価。
174.69999999999973,Train11,次駅への減速フェーズ（駅手前400m以内）,力行（加速）中,1.3,ブレーキ（減速）,2.3000000000000007,70.0,24.2,25.01,70.0,56.7,5.3,29.66144348970357,0.0,9.2,この先制限速度なし,この先目立った勾配なし,前方77.7m先を17.8km/h,後続列車なし,10.0,0.0,発車済み,40.0,70.0,normal,0.0,CBTC信号速度24.2km/hを超えてブレーキせずに加速しており、信号無視となるため即時0点とした。
175.59999999999968,Train11,次駅への減速フェーズ（駅手前400m以内）,ブレーキ（減速）中,0.5,力行（加速）,0.2,70.0,23.5,23.7,70.0,50.6,4.4,26.648141478936402,0.0,9.2,この先制限速度なし,この先目立った勾配なし,前方76.2m先を19.4km/h,後続列車なし,10.0,0.0,発車済み,40.0,70.0,normal,0.4,ブレーキ開始が早くdelta_stopが23.9mで過剰に早めの停止となり、減点対象となる。
188.8999999999987,Train11,次駅への減速フェーズ（駅手前400m以内）,惰行中,0.30000000000000004,力行（加速）,3.4000000000000017,70.0,35.1,12.28,70.0,23.6,0.0,7.180032020319013,9.0,9.2,この先制限速度なし,この先目立った勾配なし,前方108.3m先を31.0km/h,後続列車なし,10.0,0.0,発車済み,50.0,70.0,normal,0.3,短時間の力行→惰行切替に合理的根拠がなくノコギリ運転と判定し、reward上限0.3に抑えた。
176.49999999999963,Train11,次駅への減速フェーズ（駅手前400m以内）,力行（加速）中,0.1,ブレーキ（減速）,1.3,70.0,23.3,21.06,70.0,45.0,3.5,21.061257755724707,0.0,9.2,この先制限速度なし,この先目立った勾配なし,前方75.7m先を20.9km/h,後続列車なし,10.0,0.0,発車済み,40.0,70.0,normal,0.0,次駅減速フェーズで加速に切り替え、短時間のブレーキ→加速がノコギリ運転と判定され、reward上限が0.0となったため0.0とする。
178.6999999999995,Train11,次駅への減速フェーズ（駅手前400m以内）,力行（加速）中,0.1,惰行,0.6,70.0,23.2,23.43,70.0,31.1,1.3,26.046924945364452,0.0,9.2,この先制限速度なし,この先目立った勾配なし,前方75.6m先を24.3km/h,後続列車なし,10.0,0.0,発車済み,40.0,70.0,normal,0.0,CBTC信号速度23.2km/hをブレーキせずに23.4km/hで走行し信号超過となったため即0.0ルールが適用され、rewardは0.0となる。
169.0,Train11,巡航フェーズ（駅間走行中）,惰行中,6.0,力行（加速）,15.0,70.0,70.0,52.12,70.0,412.5,9.0,132.0840671209195,0.0,6.1,この先制限速度なし,222m先に上り勾配9.2‰あり,前方412.8m先を0.0km/h,後続列車なし,10.0,9.0,未発車,30.0,70.0,normal,0.2,required_speed70km/hに対し52.1km/hのまま惰行を続け、定時到達が遅れる巡航フェーズのちんたら運転と判断し0.2とした。
79.0,Train11,巡航フェーズ（駅間走行中）,惰行中,16.0,力行（加速）,6.0,70.0,70.0,58.52,70.0,1269.7,34.0,179.3364559753388,0.0,0.0,この先制限速度なし,279m先に上り勾配12.5‰あり,前方692.8m先を61.5km/h,後続列車なし,10.0,89.0,未発車,40.0,55.4,anti_mid_stop,1.0,先行列車が塞いで駅間停車防止モードとなり、target_speed_no_stop 55.4km/h を上回るが上限＋5km/h以内で惰行しており、制限速度・CBTC遵守、間隔も適切なため高評価とする。
121.0,Train11,巡航フェーズ（駅間走行中）,惰行中,11.0,力行（加速）,13.0,70.0,70.0,54.64,58.7,629.1,51.0,156.74392120103693,0.0,0.0,この先制限速度なし,39m先に上り勾配6.1‰あり,前方622.3m先を8.1km/h,後続列車なし,10.0,52.0,未発車,50.0,41.7,anti_mid_stop,0.2,駅間停車防止モードでtarget_speed_no_stop 41.7km/hを超え5km/h以上上回る過加速と、先行列車との間隔不足が判定され、減点して0.2とした。
204.09999999999926,Train11,次駅への減速フェーズ（駅手前400m以内）,ブレーキ（減速）中,1.6000000000000003,力行（加速）,0.1,70.0,52.9,8.19,0.0,0.0,0.0,3.597841703784451,24.2,0.0,この先制限速度なし,この先目立った勾配なし,前方180.7m先を39.6km/h,後続列車なし,10.0,0.0,発車済み,30.0,0.0,normal,0.0,低速域でブレーキ中にdelta_stopが-3.6mとなりオーバーランと判定され、安全上の重大違反のためrewardは0.0とした。
69.0,Train11,巡航フェーズ（駅間走行中）,惰行中,1.0,ブレーキ（減速）,2.0,70.0,70.0,49.51,70.0,1436.2,38.0,129.10592600906895,0.0,0.0,この先制限速度なし,446m先に上り勾配12.5‰あり,前方772.9m先を62.7km/h,後続列車なし,5.0,109.0,未発車,40.0,54.2,anti_mid_stop,0.3,直前のブレーキ後すぐ惰行へ切替え、保持時間が7秒未満で合理的根拠がなくノコギリ運転と判定されたため上限0.3点に抑えた。
170.49999999999997,Train11,次駅への減速フェーズ（駅手前400m以内）,力行（加速）中,0.2,ブレーキ（減速）,4.399999999999999,70.0,30.0,30.32,70.0,87.6,7.5,43.504657939232274,0.0,9.2,この先制限速度なし,この先目立った勾配なし,前方92.6m先を9.1km/h,後続列車なし,10.0,0.0,発車済み,40.0,70.0,normal,0.0,CBTC信号速度30km/hを30.3km/hで超過し、減速フェーズで加速しているため安全違反となり即時0点とする。
180.19999999999976,Train11,次駅への減速フェーズ（駅手前400m以内）,力行（加速）中,0.7999999999999999,ブレーキ（減速）,2.500000000000001,70.0,26.3,27.06,70.0,59.2,0.0,34.69671163113116,0.3,9.2,この先制限速度なし,この先目立った勾配なし,前方82.7m先を18.7km/h,後続列車なし,5.0,0.0,発車済み,30.0,70.0,normal,0.0,CBTC信号速度26.3km/hを超えてブレーキせずに加速しているため、安全違反とみなし即時0点とする。
21.0,Train11,巡航フェーズ（駅間走行中）,力行（加速）中,22.0,ブレーキ（減速）,30.0,70.0,70.0,40.59,70.0,2037.0,40.0,89.75302390162649,0.0,-2.1,この先制限速度なし,247m先に下り勾配6.7‰あり,前方620.9m先を62.9km/h,後続列車なし,10.0,152.0,未発車,50.0,54.1,anti_mid_stop,0.9,先行列車が塞いでいるため駅間停車防止モード。target_speed_no_stop以下で加速中で速度・CBTC違反なし、適切な操作と判断し高評価。
127.0,Train11,巡航フェーズ（駅間走行中）,惰行中,5.0,力行（加速）,8.0,70.0,70.0,54.17,56.2,608.0,51.0,154.10546649691506,0.0,0.0,この先制限速度なし,18m先に上り勾配6.1‰あり,前方608.4m先を0.0km/h,後続列車なし,5.0,26.0,未発車,50.0,56.2,normal,1.0,巡航フェーズでrequired_speedに2km/h不足のまま惰行しているが、速度は制限・CBTC範囲内で安全かつエネルギー節約的で、他項目に問題なし。
185.3999999999989,Train11,次駅への減速フェーズ（駅手前400m以内）,力行（加速）中,0.2,ブレーキ（減速）,0.5,70.0,28.6,4.46,70.0,32.1,0.0,0.9489129810565392,5.5,9.2,この先制限速度なし,この先目立った勾配なし,前方88.7m先を26.7km/h,後続列車なし,10.0,0.0,発車済み,50.0,70.0,normal,0.0,次駅減速フェーズで不適切に加速し、ノコギリ運転と判定されたためrewardは0.0とする。
164.0,Train11,次駅への減速フェーズ（駅手前400m以内）,惰行中,1.0,力行（加速）,22.0,70.0,70.0,51.74,70.0,285.1,14.0,130.19360375167383,0.0,6.1,この先制限速度なし,95m先に上り勾配9.2‰あり,前方287.0m先を5.4km/h,後続列車なし,5.0,0.0,発車済み,40.0,70.0,normal,0.2,減速フェーズでブレーキせず低速惰行を続け、先行列車との間隔が不足しているため、ちんたら運転と安全リスクが顕在化し評価を低くした。
105.0,Train11,巡航フェーズ（駅間走行中）,惰行中,13.0,力行（加速）,6.0,70.0,70.0,55.54,70.0,1065.5,41.0,161.85574402286633,0.0,0.0,この先制限速度なし,75m先に上り勾配12.5‰あり,前方878.6m先を40.4km/h,後続列車なし,10.0,78.0,未発車,40.0,51.7,anti_mid_stop,1.0,先行列車が塞いでいるため駅間停車防止モードと判定し、target_speed_no_stop 51.7km/h を超えず惰行で速度55.5km/h を維持しているので最高評価とした。
187.2999999999998,Train11,次駅への減速フェーズ（駅手前400m以内）,ブレーキ（減速）中,2.400000000000001,惰行,0.1,70.0,22.3,28.81,70.0,62.9,0.0,39.302959662780324,7.4,9.2,この先制限速度なし,この先目立った勾配なし,前方73.5m先を13.1km/h,後続列車なし,10.0,0.0,発車済み,40.0,70.0,normal,0.4,delta_stopが+23.6mで早めにブレーキを開始し、停止位置がやや早すぎるためエネルギー損失と遅延が生じ、評価を減点した。
204.69999999999916,Train11,次駅への減速フェーズ（駅手前400m以内）,ブレーキ（減速）中,4.6,力行（加速）,0.1,70.0,31.6,7.22,70.0,5.4,0.0,2.485201727044951,24.8,9.2,この先制限速度なし,この先目立った勾配なし,前方97.1m先を31.8km/h,後続列車なし,5.0,0.0,発車済み,30.0,70.0,normal,0.4,次駅減速フェーズで現在速度7.2km/hで早期ブレーキを行い、停車位置が2.9m手前になるため、停車位置精度と定時性が著しく低下している。
203.59999999999923,Train11,次駅への減速フェーズ（駅手前400m以内）,ブレーキ（減速）中,3.5000000000000018,力行（加速）,0.1,70.0,29.2,10.43,70.0,8.1,0.0,5.182170238656541,23.7,9.2,この先制限速度なし,この先目立った勾配なし,前方90.2m先を30.6km/h,後続列車なし,5.0,0.0,発車済み,30.0,70.0,normal,0.0,0.1秒の力行直後に3.5秒のブレーキへ切替え、合理的根拠がなくノコギリ運転と判定され上限0.0となる。
180.29999999999987,Train11,次駅への減速フェーズ（駅手前400m以内）,力行（加速）中,0.30000000000000004,惰行,0.5,70.0,41.7,33.86,70.0,75.9,0.0,54.17646519646603,0.4,9.2,この先制限速度なし,この先目立った勾配なし,前方131.8m先を26.6km/h,後続列車なし,5.0,0.0,発車済み,50.0,70.0,normal,0.0,減速フェーズでの力行が保持時間0.3秒・前ノッチ0.5秒の逆転となりノコギリ運転と判定、上限0.0点となったため。
178.19999999999953,Train11,次駅への減速フェーズ（駅手前400m以内）,惰行中,0.2,力行（加速）,1.6000000000000003,70.0,23.2,23.65,70.0,34.4,1.8,26.536292979730103,0.0,9.2,この先制限速度なし,この先目立った勾配なし,前方75.5m先を23.6km/h,後続列車なし,10.0,0.0,発車済み,40.0,70.0,normal,0.0,現在速度がCBTC信号速度23.2km/hを0.4km/h上回り、ブレーキをかけていないため即時0点ルールが適用される。
104.0,Train11,巡航フェーズ（駅間走行中）,力行（加速）中,2.0,惰行,6.0,70.0,70.0,40.27,70.0,1040.9,46.0,85.86325427040477,0.0,0.0,この先制限速度なし,50m先に上り勾配12.5‰あり,前方897.4m先を36.8km/h,後続列車なし,5.0,59.0,未発車,40.0,65.4,normal,0.4,巡航フェーズでrequired_speed未達だが加速は必要。前方列車との間隔は十分安全。ノコギリ運転と判定され、prev_notch_durationが6秒のためreward上限0.5に抑えられた。
178.59999999999923,Train11,次駅への減速フェーズ（駅手前400m以内）,力行（加速）中,0.1,ブレーキ（減速）,0.8999999999999999,70.0,53.6,4.93,70.0,4.1,1.4,1.1593280927104865,0.0,9.2,この先制限速度なし,この先目立った勾配なし,前方184.4m先を39.2km/h,後続列車なし,5.0,0.0,発車済み,50.0,70.0,normal,0.0,次駅減速フェーズで加速し、直前のブレーキ保持が0.9秒未満のためノコギリ運転と判定され、reward上限が0.0となった。
183.79999999999984,Train11,次駅への減速フェーズ（駅手前400m以内）,力行（加速）中,1.8000000000000005,惰行,6.099999999999996,70.0,56.5,32.36,70.0,68.6,0.0,49.51422467702787,3.9,9.2,この先制限速度なし,この先目立った勾配なし,前方198.8m先を35.7km/h,後続列車なし,5.0,0.0,発車済み,40.0,70.0,normal,0.9,加速はCBTC信号速度未満でdelta_stopが正であり、次駅ブレーキ開始前の適切な加速と判断されるため高評価。
186.79999999999882,Train11,次駅への減速フェーズ（駅手前400m以内）,力行（加速）中,1.6000000000000003,ブレーキ（減速）,0.5,70.0,31.5,7.98,70.0,29.7,0.0,3.0353902855401276,6.9,9.2,この先制限速度なし,この先目立った勾配なし,前方97.0m先を28.5km/h,後続列車なし,10.0,0.0,発車済み,50.0,70.0,normal,0.0,次駅減速フェーズでブレーキすべきところを力行し、ブレーキ→力行のノコギリ運転（保持時間<7秒）と判定されたため即時0点とした。
192.7999999999995,Train11,次駅への減速フェーズ（駅手前400m以内）,力行（加速）中,0.6,ブレーキ（減速）,4.200000000000001,70.0,19.7,15.99,70.0,29.9,0.0,12.16089512491217,12.9,9.2,この先制限速度なし,この先目立った勾配なし,前方68.5m先を23.0km/h,後続列車なし,10.0,0.0,発車済み,40.0,70.0,normal,0.2,減速フェーズで加速し続けているため停止位置達成が危うく、かつブレーキ→力行の短時間切替が合理的理由なく行われたノコギリ運転が判定された。
143.0,Train11,巡航フェーズ（駅間走行中）,力行（加速）中,7.0,惰行,6.0,70.0,70.0,46.88,70.0,402.9,35.0,107.17413725972163,0.0,6.1,この先制限速度なし,212m先に上り勾配9.2‰あり,前方403.3m先を0.0km/h,後続列車なし,5.0,10.0,未発車,50.0,70.0,normal,1.0,制限速度・CBTC遵守の安全状態で、巡航フェーズで必要速度未達のため加速は適切であり、ノコギリ運転や即0ルール違反はなく最高評価とする。
183.0,Train11,次駅への減速フェーズ（駅手前400m以内）,力行（加速）中,3.0,惰行,6.0,70.0,59.3,52.8,70.0,207.1,0.0,135.49960663768613,4.0,6.1,この先制限速度なし,17m先に上り勾配9.2‰あり,前方220.3m先を14.6km/h,後続列車なし,10.0,0.0,発車済み,30.0,70.0,normal,0.3,次駅減速フェーズでの加速はCBTC上限内だが、先行列車に対し間隔が縮小し危険であり、ノコギリ運転とみなされるため減点。
182.09999999999908,Train11,次駅への減速フェーズ（駅手前400m以内）,惰行中,0.9999999999999999,力行（加速）,1.5000000000000002,70.0,20.6,3.74,70.0,36.0,0.0,0.6673691629323739,2.2,9.2,この先制限速度なし,この先目立った勾配なし,前方70.2m先を21.9km/h,後続列車なし,10.0,0.0,発車済み,50.0,70.0,normal,0.0,加速から7秒未満の惰行への切替に合理的根拠がなくノコギリ運転と判定され、上限0.0点となった。
207.09999999999903,Train11,次駅への減速フェーズ（駅手前400m以内）,ブレーキ（減速）中,1.9000000000000006,力行（加速）,0.1,70.0,37.5,0.77,70.0,2.7,0.0,0.028304856198775447,27.2,9.2,この先制限速度なし,この先目立った勾配なし,前方116.3m先を34.2km/h,後続列車なし,5.0,0.0,発車済み,30.0,70.0,normal,0.0,直前の0.1秒の力行からすぐブレーキへ切替が保持時間7秒未満で合理的理由なく行われ、ノコギリ運転と判定されたためreward上限が0.0となった。
180.1999999999992,Train11,次駅への減速フェーズ（駅手前400m以内）,力行（加速）中,0.6,ブレーキ（減速）,2.3000000000000007,70.0,15.4,1.41,70.0,37.8,0.0,0.09489959958840084,0.3,9.2,この先制限速度なし,この先目立った勾配なし,前方61.2m先を18.7km/h,後続列車なし,10.0,0.0,発車済み,50.0,70.0,normal,0.1,次駅減速フェーズでブレーキせずに加速し、ノコギリ運転が発生したため評価を大幅に減点。
176.7999999999994,Train11,次駅への減速フェーズ（駅手前400m以内）,ブレーキ（減速）中,2.800000000000001,惰行,0.1,70.0,0.0,3.39,70.0,38.5,1.2,0.548345052800309,0.0,9.2,この先制限速度なし,この先目立った勾配なし,前方47.3m先を12.1km/h,後続列車なし,10.0,0.0,発車済み,50.0,70.0,normal,0.2,ブレーキが必要距離よりはるかに早く開始され、ノコギリ運転と判定されたため大幅に減点し、rewardは0.2とした。
177.0999999999996,Train11,次駅への減速フェーズ（駅手前400m以内）,力行（加速）中,0.7,ブレーキ（減速）,1.3,70.0,23.2,22.07,70.0,41.4,2.9,23.121863267975026,0.0,9.2,この先制限速度なし,この先目立った勾配なし,前方75.6m先を21.9km/h,後続列車なし,10.0,0.0,発車済み,40.0,70.0,normal,0.9,次駅減速フェーズで信号速度未超過、停止余裕(delta_stop=18.28m)が十分あり、加速は信号速度に合わせた合理的操作で安全・適正と判断したため高評価。
169.79999999999973,Train11,次駅への減速フェーズ（駅手前400m以内）,ブレーキ（減速）中,2.0000000000000004,惰行,0.7999999999999999,70.0,43.4,29.08,70.0,45.9,10.2,40.03882561712771,0.0,9.2,この先制限速度なし,この先目立った勾配なし,前方138.4m先を31.9km/h,後続列車なし,5.0,0.0,発車済み,50.0,70.0,normal,0.6,次駅減速フェーズでブレーキ中、delta_stopが5.86mとやや早めのブレーキとなり評価をやや減点し0.6とした。
193.39999999999947,Train11,次駅への減速フェーズ（駅手前400m以内）,力行（加速）中,1.2,ブレーキ（減速）,4.200000000000001,70.0,20.4,17.16,70.0,27.2,0.0,14.000665042338975,13.5,9.2,この先制限速度なし,この先目立った勾配なし,前方69.7m先を23.9km/h,後続列車なし,10.0,0.0,発車済み,40.0,70.0,normal,0.2,直前のブレーキから短時間で加速へ切替え、合理的根拠がなくノコギリ運転と判定され上限0.3に抑えられ、さらに加速が停止位置達成を危うくしたため0.2とした。
131.0,Train11,巡航フェーズ（駅間走行中）,力行（加速）中,10.0,惰行,6.0,70.0,70.0,54.01,70.0,1026.9,36.0,153.21213856051153,0.0,0.0,この先制限速度なし,36m先に上り勾配12.5‰あり,前方1004.3m先を14.6km/h,後続列車なし,5.0,57.0,未発車,30.0,66.2,normal,0.9,巡航フェーズでrequired_speed未達のため加速は適切、制限速度・CBTC遵守、ノコギリ運転なし、間隔も適正で高評価。
177.89999999999927,Train11,次駅への減速フェーズ（駅手前400m以内）,ブレーキ（減速）中,0.30000000000000004,惰行,0.1,70.0,52.3,6.97,70.0,5.3,2.1,2.3162115442963493,0.0,9.2,この先制限速度なし,この先目立った勾配なし,前方177.9m先を38.8km/h,後続列車なし,5.0,0.0,発車済み,50.0,70.0,normal,0.5,低速でブレーキ中だが delta_stop が約3m と許容範囲外で停止位置精度が低く、評価を0.5とした。
100.0,Train11,巡航フェーズ（駅間走行中）,力行（加速）中,16.0,ブレーキ（減速）,6.0,70.0,70.0,53.72,70.0,1073.1,56.0,151.5992921296196,0.0,0.0,この先制限速度なし,83m先に上り勾配12.5‰あり,前方984.2m先を28.9km/h,後続列車なし,5.0,68.0,未発車,50.0,59.2,anti_mid_stop,0.9,先行列車が塞いで駅間停車防止モードとなり、target_speed_no_stop以下で加速して安全基準を満たすため高評価とした。
185.29999999999959,Train11,次駅への減速フェーズ（駅手前400m以内）,ブレーキ（減速）中,1.0999999999999999,惰行,0.1,70.0,41.1,25.65,70.0,32.7,0.0,31.19157865186494,5.4,9.2,この先制限速度なし,この先目立った勾配なし,前方129.7m先を32.4km/h,後続列車なし,5.0,0.0,発車済み,50.0,70.0,normal,0.9,ブレーキで減速し、delta_stopが1.51 mと許容範囲内で安全に駅停車へ向かっており、速度・CBTC遵守、ノコギリ運転なしで高評価。
175.6999999999994,Train11,次駅への減速フェーズ（駅手前400m以内）,ブレーキ（減速）中,0.7,力行（加速）,0.1,70.0,48.6,13.14,70.0,11.3,4.3,8.218970674293155,0.0,9.2,この先制限速度なし,この先目立った勾配なし,前方160.8m先を37.2km/h,後続列車なし,5.0,0.0,発車済み,50.0,70.0,normal,0.4,ブレーキが早すぎて停止位置がずれ、定時性とエネルギー効率が低下したため低評価とし0.4とする。
181.99999999999966,Train11,次駅への減速フェーズ（駅手前400m以内）,力行（加速）中,0.5,ブレーキ（減速）,1.3,70.0,25.3,24.0,70.0,46.7,0.0,27.32411921710117,2.1,9.2,この先制限速度なし,この先目立った勾配なし,前方80.3m先を21.7km/h,後続列車なし,5.0,0.0,発車済み,30.0,70.0,normal,0.0,ブレーキから加速への短時間切替がノコギリ運転と判定され、上限0.0点のためreward=0.0。
21.0,Train11,巡航フェーズ（駅間走行中）,力行（加速）中,2.0,惰行,6.0,70.0,70.0,22.57,70.0,2080.8,30.0,27.9904611539643,0.0,-2.1,この先制限速度なし,290m先に下り勾配6.7‰あり,前方489.4m先を62.8km/h,後続列車なし,10.0,147.0,未発車,40.0,57.0,anti_mid_stop,0.9,先行が塞いでいるため駅間停車防止モード。target_speed_no_stop以下で加速中で上限超過やノコギリ運転はなく、安全かつ適切な操作と判断した。
182.49999999999991,Train11,次駅への減速フェーズ（駅手前400m以内）,力行（加速）中,0.5,惰行,6.099999999999996,70.0,56.2,30.88,70.0,80.1,0.0,45.116271854503594,2.6,9.2,この先制限速度なし,この先目立った勾配なし,前方197.6m先を34.6km/h,後続列車なし,5.0,0.0,発車済み,40.0,70.0,normal,0.3,減速フェーズでの加速とノコギリ運転が安全・効率を損ね、上限超えの力行により評価が低下したため。
82.0,Train11,巡航フェーズ（駅間走行中）,力行（加速）中,42.0,惰行,6.0,70.0,70.0,64.77,70.0,1360.1,55.0,218.73516444932005,0.0,0.0,この先制限速度なし,370m先に上り勾配12.5‰あり,前方1072.3m先を50.4km/h,後続列車なし,5.0,71.0,未発車,50.0,70.0,normal,0.9,巡航フェーズでrequired_speed未達ながら加速中であり、速度・CBTC・制限速度遵守、間隔安全、ノコギリ運転なしと評価し高評価。
122.0,Train11,巡航フェーズ（駅間走行中）,力行（加速）中,11.0,ブレーキ（減速）,2.0,70.0,70.0,51.52,70.0,821.7,41.0,119.64367731651622,0.0,12.5,この先制限速度なし,この先目立った勾配なし,前方780.1m先を19.7km/h,後続列車なし,10.0,61.0,未発車,40.0,63.1,anti_mid_stop,0.9,先行列車が塞いで駅間停車防止モード。target_speed_no_stop以下で加速しており、過加速やノコギリ運転はなく安全・省エネ的に適切な操作と判断した。
193.19999999999948,Train11,次駅への減速フェーズ（駅手前400m以内）,力行（加速）中,0.9999999999999999,ブレーキ（減速）,4.200000000000001,70.0,20.2,16.78,70.0,28.1,0.0,13.389016460363438,13.3,9.2,この先制限速度なし,この先目立った勾配なし,前方69.3m先を23.6km/h,後続列車なし,10.0,0.0,発車済み,40.0,70.0,normal,0.2,先行列車が前方にありCBTC制限内で加速しているが、ブレーキ→加速の短時間切替に合理的根拠がなくノコギリ運転と判定され、上限0.2点に抑えられた。
186.19999999999942,Train11,次駅への減速フェーズ（駅手前400m以内）,惰行中,1.5000000000000002,ブレーキ（減速）,2.2000000000000006,70.0,27.6,16.88,70.0,23.4,0.0,13.54866045089156,6.3,9.2,この先制限速度なし,この先目立った勾配なし,前方86.0m先を27.8km/h,後続列車なし,5.0,0.0,発車済み,30.0,70.0,normal,0.2,次駅減速フェーズでブレーキせず低速惰行を続け、遅延とエネルギー浪費が顕著なため0.2点とした。
37.0,Train11,巡航フェーズ（駅間走行中）,惰行中,2.0,ブレーキ（減速）,4.0,70.0,70.0,28.95,70.0,1959.6,30.0,45.925560271500316,0.0,-2.1,この先制限速度なし,169m先に下り勾配6.7‰あり,前方648.9m先を63.1km/h,後続列車なし,10.0,146.0,未発車,40.0,53.3,anti_mid_stop,0.2,先行列車が塞いでいるため駅間停車防止モード。target_speed_no_stop 53.3km/h を大きく下回る惰行と短時間のノコギリ運転で評価を下げ、上限0.3に制限し0.2とした。
190.69999999999962,Train11,次駅への減速フェーズ（駅手前400m以内）,ブレーキ（減速）中,2.700000000000001,力行（加速）,0.1,70.0,18.3,19.66,70.0,39.8,0.0,18.36269190517228,10.8,9.2,この先制限速度なし,この先目立った勾配なし,前方65.9m先を19.6km/h,後続列車なし,10.0,0.0,発車済み,40.0,70.0,normal,0.9,先行列車が前方にあり信号速度以下でブレーキ中、delta_stopが正で停止位置は確保でき、制限速度・CBTCを遵守しているため高評価とし0.9とする。
198.0999999999992,Train11,次駅への減速フェーズ（駅手前400m以内）,ブレーキ（減速）中,0.7999999999999999,惰行,0.2,70.0,27.3,9.76,70.0,7.4,0.0,4.5385515571712425,18.2,9.2,この先制限速度なし,この先目立った勾配なし,前方85.3m先を30.1km/h,後続列車なし,10.0,0.0,発車済み,40.0,70.0,normal,0.5,低速でブレーキ中、delta_stopが2.86mで許容範囲内の遅れと判断し、次駅停止に適切な操作と評価した。
194.69999999999973,Train11,次駅への減速フェーズ（駅手前400m以内）,力行（加速）中,0.1,ブレーキ（減速）,0.2,70.0,24.7,25.36,70.0,58.0,0.0,30.493524329269015,14.8,9.2,この先制限速度なし,この先目立った勾配なし,前方79.0m先を17.8km/h,後続列車なし,5.0,0.0,発車済み,30.0,70.0,normal,0.0,CBTC信号速度24.7km/hを25.4km/hで超過し、ブレーキせずに加速しているため即時0点とし、安全違反と判断した。
100.0,Train11,巡航フェーズ（駅間走行中）,惰行中,1.0,力行（加速）,6.0,70.0,70.0,58.99,70.0,1082.1,34.0,182.17091442599659,0.0,0.0,この先制限速度なし,92m先に上り勾配12.5‰あり,前方765.6m先を52.9km/h,後続列車なし,5.0,73.0,未発車,30.0,56.1,anti_mid_stop,0.4,駅間停車防止モードでtarget_speed_no_stopを超えていないが、直前の力行から1秒の惰行への短時間切替がノコギリ運転と判定され、reward上限が0.3‑0.5に抑えられた。
196.89999999999824,Train11,次駅への減速フェーズ（駅手前400m以内）,力行（加速）中,0.1,ブレーキ（減速）,2.400000000000001,70.0,49.9,0.55,70.0,4.6,0.0,0.014441860375231099,17.0,9.2,この先制限速度なし,この先目立った勾配なし,前方166.5m先を38.1km/h,後続列車なし,10.0,0.0,発車済み,50.0,70.0,normal,0.1,減速フェーズで加速し、ブレーキから0.1秒の力行への短時間切替が合理的根拠なく行われたため、停止位置遅延とノコギリ運転で大幅減点。
138.0,Train11,巡航フェーズ（駅間走行中）,ブレーキ（減速）中,5.0,力行（加速）,3.0,70.0,70.0,35.05,50.0,408.7,40.0,60.2627435608007,0.0,6.1,この先制限速度なし,218m先に上り勾配9.2‰あり,前方409.1m先を0.0km/h,後続列車なし,10.0,30.0,未発車,40.0,44.7,anti_mid_stop,0.2,先行列車が停車しているため駅間停車防止モード。target_speed_no_stop を下回る状態で不必要にブレーキし、力行→ブレーキの短時間切替でノコギリ運転と判定されたため減点し、上限0.2とした。
182.7999999999999,Train11,次駅への減速フェーズ（駅手前400m以内）,力行（加速）中,0.7999999999999999,惰行,6.099999999999996,70.0,56.3,31.23,70.0,77.5,0.0,46.13817155640099,2.9,9.2,この先制限速度なし,この先目立った勾配なし,前方197.9m先を34.8km/h,後続列車なし,5.0,0.0,発車済み,40.0,70.0,normal,0.4,短時間の力行への切替が合理的根拠なく行われ、ノコギリ運転と判定されたため評価が低下し0.4点とした。
194.49999999999923,Train11,次駅への減速フェーズ（駅手前400m以内）,ブレーキ（減速）中,2.600000000000001,惰行,0.1,70.0,65.9,6.72,70.0,4.4,0.0,2.1531606017077682,14.6,9.2,この先制限速度なし,この先目立った勾配なし,前方251.9m先を42.5km/h,後続列車なし,5.0,0.0,発車済み,40.0,70.0,normal,0.5,CBTC遵守で安全な減速だが、低速域でdelta_stopが2.25mとやや早くブレーキし停止位置が前方になるため減点し、reward 0.5とする。
173.4999999999998,Train11,次駅への減速フェーズ（駅手前400m以内）,力行（加速）中,0.1,ブレーキ（減速）,2.3000000000000007,70.0,25.2,23.15,70.0,64.8,6.5,25.430612452500913,0.0,9.2,この先制限速度なし,この先目立った勾配なし,前方80.2m先を15.5km/h,後続列車なし,10.0,0.0,発車済み,40.0,70.0,normal,0.2,次駅減速フェーズでの加速と、ブレーキ→力行への短時間切替が無理由であり、停止位置達成が遅れるため評価を低くし0.2とした。
174.99999999999972,Train11,次駅への減速フェーズ（駅手前400m以内）,力行（加速）中,0.1,ブレーキ（減速）,0.2,70.0,23.9,24.57,70.0,54.7,5.0,28.631544911955,0.0,9.2,この先制限速度なし,この先目立った勾配なし,前方77.1m先を18.3km/h,後続列車なし,10.0,0.0,発車済み,40.0,70.0,normal,0.0,CBTC信号速度23.9km/hを超えて加速し、ブレーキ未実施のため安全違反となり即時0点とする。
181.79999999999967,Train11,次駅への減速フェーズ（駅手前400m以内）,力行（加速）中,0.30000000000000004,ブレーキ（減速）,1.3,70.0,25.3,23.69,70.0,48.0,0.0,26.625753159338363,1.9,9.2,この先制限速度なし,この先目立った勾配なし,前方80.4m先を21.4km/h,後続列車なし,5.0,0.0,発車済み,30.0,70.0,normal,0.0,ブレーキから0.3秒の加速への切替が保持時間7秒未満で合理的理由がなくノコギリ運転と判定され、reward上限が0.0となった。
170.39999999999998,Train11,次駅への減速フェーズ（駅手前400m以内）,力行（加速）中,0.1,ブレーキ（減速）,4.399999999999999,70.0,30.2,30.2,70.0,88.4,7.6,43.163065592213854,0.0,9.2,この先制限速度なし,この先目立った勾配なし,前方93.2m先を8.9km/h,後続列車なし,10.0,0.0,発車済み,40.0,70.0,normal,0.3,ブレーキから0.1 sの加速への短時間切替が合理的理由なく行われたため、ノコギリ運転上限(0.3)に抑えられた。
168.0,Train11,次駅への減速フェーズ（駅手前400m以内）,ブレーキ（減速）中,6.0,力行（加速）,15.0,70.0,54.5,30.25,70.0,188.0,10.0,43.30523468658237,0.0,9.2,この先制限速度なし,この先目立った勾配なし,前方188.8m先を2.8km/h,後続列車なし,5.0,0.0,発車済み,50.0,70.0,normal,0.2,次駅まで距離が遠くdelta_stopが144.69mあるのにブレーキをかけており、早すぎる減速で停止位置が大幅に手前になるため評価を低くし0.2とした。
178.0,Train11,次駅への減速フェーズ（駅手前400m以内）,力行（加速）中,9.1,ブレーキ（減速）,6.0,70.0,43.3,37.1,70.0,98.5,2.0,64.94776746233696,0.0,9.2,この先制限速度なし,この先目立った勾配なし,前方138.4m先を23.3km/h,後続列車なし,5.0,0.0,発車済み,50.0,70.0,normal,0.9,次駅減速フェーズで速度はCBTC信号以下、delta_stopが正の安全余裕があり、制限速度・信号遵守の点で問題なく、加速は許容範囲内のため高評価とした。
183.89999999999966,Train11,次駅への減速フェーズ（駅手前400m以内）,ブレーキ（減速）中,3.800000000000002,力行（加速）,0.1,70.0,20.5,18.55,70.0,52.7,0.0,16.35357415414994,4.0,9.2,この先制限速度なし,この先目立った勾配なし,前方69.9m先を16.3km/h,後続列車なし,5.0,0.0,発車済み,40.0,70.0,normal,0.0,ブレーキを早すぎるタイミングで開始し、保持時間が7秒未満の力行→減速の切替が合理的理由なく行われたため、ノコギリ運転上限でrewardは0.0となる。
184.89999999999978,Train11,次駅への減速フェーズ（駅手前400m以内）,惰行中,0.5,力行（加速）,2.400000000000001,70.0,56.7,32.94,70.0,58.6,0.0,51.29253668025968,5.0,9.2,この先制限速度なし,この先目立った勾配なし,前方199.8m先を36.6km/h,後続列車なし,5.0,0.0,発車済み,40.0,70.0,normal,0.2,安全基準はすべて満たすが、加速から惰行への7秒未満の切替が合理的理由なく行われたためノコギリ運転と判定し、reward上限を0.3に抑える。
173.89999999999978,Train11,次駅への減速フェーズ（駅手前400m以内）,力行（加速）中,0.5,ブレーキ（減速）,2.3000000000000007,70.0,24.9,23.78,70.0,62.2,6.1,26.827583156446753,0.0,9.2,この先制限速度なし,この先目立った勾配なし,前方79.3m先を16.3km/h,後続列車なし,10.0,0.0,発車済み,40.0,70.0,normal,0.1,減速フェーズでブレーキせずに力行し、直前のブレーキから0.5秒の力行への短時間反転がノコギリ運転と判定され、上限0.3点に抑えられ、さらに減速不適切で更に減点し最終rewardは0.1となる。
171.19999999999993,Train11,次駅への減速フェーズ（駅手前400m以内）,ブレーキ（減速）中,0.1,力行（加速）,0.1,70.0,28.6,29.92,70.0,81.7,6.8,42.37117175869427,0.0,9.2,この先制限速度なし,この先目立った勾配なし,前方88.6m先を10.7km/h,後続列車なし,10.0,0.0,発車済み,40.0,70.0,normal,0.5,次駅減速フェーズでdelta_stopが正のままブレーキを開始し、停止位置への到達が遅れにつながるため減点し0.5とした。
184.0,Train11,次駅への減速フェーズ（駅手前400m以内）,ブレーキ（減速）中,0.1,力行（加速）,1.0,70.0,31.1,37.94,70.0,93.7,0.0,67.89611855731529,6.1,9.2,この先制限速度なし,この先目立った勾配なし,前方95.6m先を5.4km/h,後続列車なし,10.0,0.0,発車済み,40.0,70.0,normal,0.3,delta_stopが25.8mで早すぎる減速となり、停止位置が手前になるため減点し、rewardを0.3とした。
189.29999999999953,Train11,次駅への減速フェーズ（駅手前400m以内）,力行（加速）中,0.1,ブレーキ（減速）,3.3000000000000016,70.0,59.1,21.22,70.0,24.9,0.0,21.381337833907992,9.4,9.2,この先制限速度なし,この先目立った勾配なし,前方212.8m先を39.7km/h,後続列車なし,5.0,0.0,発車済み,40.0,70.0,normal,0.2,減速フェーズで不必要に加速し低速力行を続けたことと、ブレーキ→力行への短時間切替がノコギリ運転と判定され、上限0.3点に抑えられた。
179.0999999999992,Train11,次駅への減速フェーズ（駅手前400m以内）,ブレーキ（減速）中,0.5,力行（加速）,0.1,70.0,54.6,4.02,70.0,3.4,0.9,0.7709912819671845,0.0,9.2,この先制限速度なし,この先目立った勾配なし,前方189.2m先を39.6km/h,後続列車なし,5.0,0.0,発車済み,50.0,70.0,normal,0.6,低速域でdelta_stopが2.63mと許容範囲を超えているため減点し、他は安全・信号順守のため0.6とする。
191.79999999999956,Train11,次駅への減速フェーズ（駅手前400m以内）,ブレーキ（減速）中,3.800000000000002,力行（加速）,0.1,70.0,18.7,16.44,70.0,34.3,0.0,12.853261076132705,11.9,9.2,この先制限速度なし,この先目立った勾配なし,前方66.7m先を21.4km/h,後続列車なし,10.0,0.0,発車済み,40.0,70.0,normal,0.6,次駅減速フェーズでブレーキは適切だが、delta_stopが21.45mと早すぎるブレーキとなり停止位置精度が低下したため減点。
196.5999999999991,Train11,次駅への減速フェーズ（駅手前400m以内）,ブレーキ（減速）中,4.699999999999999,惰行,0.1,70.0,69.7,0.6,70.0,2.3,0.0,0.017186837020943632,16.7,9.2,この先制限速度なし,この先目立った勾配なし,前方274.8m先を43.5km/h,後続列車なし,5.0,0.0,発車済み,40.0,70.0,normal,0.6,低速でブレーキ中、delta_stopが2.28mで許容範囲内だが誤差がやや大きく減点要因となり、全体評価は0.6とした。
179.79999999999978,Train11,次駅への減速フェーズ（駅手前400m以内）,力行（加速）中,0.4,ブレーキ（減速）,2.500000000000001,70.0,26.7,26.49,70.0,62.2,0.2,33.25755615171488,0.0,9.2,この先制限速度なし,この先目立った勾配なし,前方83.6m先を18.0km/h,後続列車なし,5.0,0.0,発車済み,30.0,70.0,normal,0.1,次駅減速フェーズで加速し、ブレーキ未実施かつブレーキ→加速のノコギリ運転で停止位置達成が危うく評価が低くなる。
21.0,Train11,巡航フェーズ（駅間走行中）,力行（加速）中,2.0,ブレーキ（減速）,6.0,70.0,68.5,18.68,70.0,2062.9,20.0,19.20230248674236,0.0,-2.1,この先制限速度なし,272m先に下り勾配6.7‰あり,前方301.0m先を57.7km/h,後続列車なし,10.0,157.0,未発車,30.0,53.1,anti_mid_stop,1.0,先行列車が塞いでいるため駅間停車防止モード。target_speed_no_stop以下での加速は適切で、速度超過やノコギリ運転はなく高評価。
149.0,Train11,巡航フェーズ（駅間走行中）,力行（加速）中,28.0,惰行,6.0,70.0,70.0,59.99,70.0,741.7,29.0,188.27151364096477,0.0,0.0,この先制限速度なし,151m先に上り勾配6.1‰あり,前方742.1m先を0.0km/h,後続列車なし,5.0,39.0,未発車,30.0,67.3,normal,1.0,現在は通常運転モードで、制限速度・CBTCを遵守し、required_speed未達のための加速は適切、ノコギリ運転なし、間隔・定時性・省エネに問題なし。
173.39999999999952,Train11,次駅への減速フェーズ（駅手前400m以内）,ブレーキ（減速）中,1.6000000000000003,力行（加速）,0.1,70.0,45.7,19.38,70.0,21.6,6.6,17.844996602368724,0.0,9.2,この先制限速度なし,この先目立った勾配なし,前方147.9m先を35.4km/h,後続列車なし,5.0,0.0,発車済み,50.0,70.0,normal,1.0,制限速度・CBTC信号を遵守し、ブレーキは適切でdelta_stopが5m以内の許容範囲、他項目に問題なし。
123.0,Train11,巡航フェーズ（駅間走行中）,惰行中,6.0,力行（加速）,6.0,70.0,70.0,47.64,70.0,594.6,41.0,119.67107179464345,0.0,0.0,この先制限速度なし,4m先に上り勾配6.1‰あり,前方558.3m先を18.4km/h,後続列車なし,10.0,45.0,未発車,40.0,44.6,anti_mid_stop,0.5,先行列車が塞いで駅間停車防止モード。速度はtarget_speed_no_stopを僅かに上回り適切だが、直前の力行→惰行が7秒未満で合理的理由がなくノコギリ運転と判定され、reward上限が0.5に制限された。
170.69999999999996,Train11,次駅への減速フェーズ（駅手前400m以内）,力行（加速）中,0.4,ブレーキ（減速）,4.399999999999999,70.0,29.6,30.56,70.0,85.9,7.3,44.19181772542,0.0,9.2,この先制限速度なし,この先目立った勾配なし,前方91.5m先を9.6km/h,後続列車なし,10.0,0.0,発車済み,40.0,70.0,normal,0.0,CBTC信号速度29.6km/hを30.6km/hで超過しブレーキせずに加速しているため即時0点ルールが適用され、rewardは0.0となる。
165.39999999999998,Train11,次駅への減速フェーズ（駅手前400m以内）,ブレーキ（減速）中,4.499999999999998,惰行,3.0,70.0,44.9,40.11,40.1,88.2,14.6,75.80824986054394,0.0,9.2,この先制限速度なし,この先目立った勾配なし,前方144.8m先を26.7km/h,後続列車なし,5.0,0.0,発車済み,50.0,40.1,normal,0.2,次駅減速フェーズでブレーキを必要距離より前に開始し過剰減速、惰行→減速への短時間切替が合理的理由なくノコギリ運転と判定されたため減点し、上限0.3に抑えて0.2とした。
181.0,Train11,次駅への減速フェーズ（駅手前400m以内）,力行（加速）中,1.0,惰行,6.0,70.0,63.1,51.78,70.0,236.1,0.0,130.3919840889019,4.0,6.1,この先制限速度なし,46m先に上り勾配9.2‰あり,前方242.4m先を10.3km/h,後続列車なし,10.0,0.0,発車済み,30.0,70.0,normal,0.2,減速フェーズでの加速と短時間のノコギリ運転により停止位置確保とエネルギー効率が損なわれたため低評価。
172.19999999999987,Train11,次駅への減速フェーズ（駅手前400m以内）,ブレーキ（減速）中,1.0999999999999999,力行（加速）,0.1,70.0,26.8,26.97,70.0,73.8,7.8,34.467476256037926,0.0,9.2,この先制限速度なし,この先目立った勾配なし,前方84.0m先を12.9km/h,後続列車なし,10.0,0.0,発車済み,40.0,70.0,normal,0.0,直前の0.1秒の力行からすぐブレーキへの切替は合理的根拠がなく、保持時間が7秒未満でノコギリ運転と判定され、reward上限が0.0となる。
113.0,Train11,巡航フェーズ（駅間走行中）,惰行中,6.0,力行（加速）,1.0,70.0,70.0,46.36,70.0,1238.7,31.0,113.41173919132078,0.0,0.0,この先制限速度なし,248m先に上り勾配12.5‰あり,前方1028.7m先を42.9km/h,後続列車なし,10.0,65.0,未発車,30.0,70.0,normal,0.0,先行列車が遠く必要速度70km/hに対し46.4km/hで惰行を続け、合理的理由なく力行→惰行の短時間切替がノコギリ運転と判定され、reward上限が0.0となった。
176.89999999999995,Train11,次駅への減速フェーズ（駅手前400m以内）,力行（加速）中,0.1,ブレーキ（減速）,0.4,70.0,30.9,33.34,70.0,86.0,1.1,52.53690548269768,0.0,9.2,この先制限速度なし,この先目立った勾配なし,前方95.1m先を12.3km/h,後続列車なし,5.0,0.0,発車済み,30.0,70.0,normal,0.0,CBTC信号速度30.9km/hを超えて33.3km/hで走行し、ブレーキ未実施のため即0.0とする。
197.09999999999823,Train11,次駅への減速フェーズ（駅手前400m以内）,ブレーキ（減速）中,0.2,力行（加速）,0.1,70.0,50.3,0.54,70.0,4.5,0.0,0.013921504082533826,17.2,9.2,この先制限速度なし,この先目立った勾配なし,前方168.6m先を38.2km/h,後続列車なし,10.0,0.0,発車済み,50.0,70.0,normal,0.2,低速で早すぎるブレーキにより停止位置が大きく手前になるため、評価は低く0.2とした。
183.19999999999987,Train11,次駅への減速フェーズ（駅手前400m以内）,力行（加速）中,1.2,惰行,6.099999999999996,70.0,56.3,31.69,70.0,74.0,0.0,47.498352571634285,3.3,9.2,この先制限速度なし,この先目立った勾配なし,前方198.3m先を35.2km/h,後続列車なし,5.0,0.0,発車済み,40.0,70.0,normal,0.3,次駅減速フェーズで不必要に力行し、ノコギリ運転と判定されたため評価を大幅に減点し0.3とした。
183.29999999999902,Train11,次駅への減速フェーズ（駅手前400m以内）,惰行中,2.2000000000000006,力行（加速）,1.5000000000000002,70.0,23.7,3.25,70.0,34.8,0.0,0.504003788312876,3.4,9.2,この先制限速度なし,この先目立った勾配なし,前方76.7m先を23.7km/h,後続列車なし,10.0,0.0,発車済み,50.0,70.0,normal,0.0,持続時間1.5秒未満の力行→惰行の逆転でノコギリ運転と判定され、上限0.0点となった。
188.6999999999994,Train11,次駅への減速フェーズ（駅手前400m以内）,ブレーキ（減速）中,1.5000000000000002,惰行,1.2,70.0,25.3,7.52,70.0,35.7,0.0,2.69582794488189,8.8,9.2,この先制限速度なし,この先目立った勾配なし,前方80.2m先を24.3km/h,後続列車なし,5.0,0.0,発車済み,40.0,70.0,normal,0.2,次駅減速フェーズで低速ブレーキを早くかけすぎ、delta_stopが33mと過大で早すぎる停止となるため大幅減点し0.2とした。
197.9999999999996,Train11,次駅への減速フェーズ（駅手前400m以内）,ブレーキ（減速）中,3.0000000000000013,力行（加速）,0.1,70.0,45.1,25.29,70.0,23.1,0.0,30.326198114075336,18.1,9.2,この先制限速度なし,この先目立った勾配なし,前方145.4m先を35.0km/h,後続列車なし,10.0,0.0,発車済み,30.0,70.0,normal,0.0,delta_stop が -7.23 m と -5 m 以下でオーバーランがほぼ確実なため即時0点ルールが適用され、reward は 0.0 とする。
76.0,Train11,巡航フェーズ（駅間走行中）,ブレーキ（減速）中,3.0,力行（加速）,7.0,70.0,70.0,14.93,70.0,1573.8,27.0,11.932024631193748,0.0,0.0,この先制限速度なし,この先目立った勾配なし,前方858.0m先を63.4km/h,後続列車なし,5.0,112.0,未発車,30.0,58.2,anti_mid_stop,0.2,先行列車が塞いでいる駅間停車防止モードで、target_speed_no_stop 58.2km/h を大きく下回る14.9km/hでブレーキしており、過度な低速と不必要な減速と判定された。
163.0,Train11,次駅への減速フェーズ（駅手前400m以内）,力行（加速）中,22.0,惰行,6.0,70.0,70.0,51.21,70.0,299.4,15.0,127.57875548009504,0.0,6.1,この先制限速度なし,109m先に上り勾配9.2‰あり,前方300.2m先を2.8km/h,後続列車なし,5.0,0.0,発車済み,40.0,70.0,normal,0.9,次駅減速フェーズで先行列車が低速で前方にいるため、delta_stop が正であり CBTC 速度上限を超えていないことから、加速は安全かつ適切と判断した。
179.19999999999982,Train11,次駅への減速フェーズ（駅手前400m以内）,ブレーキ（減速）中,2.3000000000000007,力行（加速）,0.1,70.0,27.2,26.95,70.0,66.6,0.8,34.41663689824746,0.0,9.2,この先制限速度なし,この先目立った勾配なし,前方85.1m先を16.9km/h,後続列車なし,5.0,0.0,発車済み,30.0,70.0,normal,0.1,ブレーキが早すぎて停止位置が手前になる上、ノコギリ運転と判定されたため、rewardは0.1とする。
183.09999999999926,Train11,次駅への減速フェーズ（駅手前400m以内）,ブレーキ（減速）中,2.1000000000000005,惰行,0.1,70.0,28.2,11.24,70.0,9.7,0.0,6.017049642247902,3.2,9.2,この先制限速度なし,この先目立った勾配なし,前方87.6m先を30.1km/h,後続列車なし,10.0,0.0,発車済み,40.0,70.0,normal,0.6,次駅減速フェーズでブレーキは適切だが、低速域でdelta_stopが3.68mと許容範囲を超えているため中程度の減点となる。
176.79999999999995,Train11,次駅への減速フェーズ（駅手前400m以内）,ブレーキ（減速）中,0.4,惰行,0.1,70.0,31.1,33.63,70.0,86.9,1.2,53.44822613071293,0.0,9.2,この先制限速度なし,この先目立った勾配なし,前方95.7m先を12.1km/h,後続列車なし,5.0,0.0,発車済み,30.0,70.0,normal,0.2,次駅減速フェーズでブレーキ開始が早すぎ、delta_stopが30m超過し早期停止になるため大幅減点し0.2とする。
194.79999999999973,Train11,次駅への減速フェーズ（駅手前400m以内）,力行（加速）中,0.2,ブレーキ（減速）,0.2,70.0,24.6,25.5,70.0,57.3,0.0,30.82954149052628,14.9,9.2,この先制限速度なし,この先目立った勾配なし,前方78.7m先を18.0km/h,後続列車なし,5.0,0.0,発車済み,30.0,70.0,normal,0.0,CBTC信号速度24.6km/hを超えて加速し、ブレーキ未実施のため即時安全違反と判定しreward0.0とする。
57.0,Train11,巡航フェーズ（駅間走行中）,惰行中,2.0,ブレーキ（減速）,6.0,70.0,70.0,20.59,70.0,1645.8,25.0,24.913875609549653,0.0,-6.7,この先制限速度なし,この先目立った勾配なし,前方598.2m先を63.5km/h,後続列車なし,5.0,131.0,未発車,30.0,38.2,anti_mid_stop,0.2,先行列車が塞いで駅間停車防止モード。target_speed_no_stopを大きく下回る低速惰行とノコギリ運転で遅延とエネルギー効率が著しく低く、rewardを0.2とした。
179.4999999999998,Train11,次駅への減速フェーズ（駅手前400m以内）,力行（加速）中,0.1,ブレーキ（減速）,2.500000000000001,70.0,26.9,26.06,70.0,64.4,0.5,32.19179829371457,0.0,9.2,この先制限速度なし,この先目立った勾配なし,前方84.4m先を17.4km/h,後続列車なし,5.0,0.0,発車済み,30.0,70.0,normal,0.3,次駅減速フェーズでブレーキせずに加速し、ノコギリ運転と判定されたため上限0.3に抑えた。
36.0,Train11,巡航フェーズ（駅間走行中）,惰行中,2.0,力行（加速）,17.0,70.0,70.0,41.16,70.0,1939.9,45.0,92.2623963924132,0.0,-2.1,この先制限速度なし,149m先に下り勾配6.7‰あり,前方874.8m先を63.0km/h,後続列車なし,5.0,132.0,未発車,50.0,58.3,anti_mid_stop,0.4,先行列車が塞いで駅間停車防止モード。現在速度41.2km/hはtarget_speed_no_stop58.3km/hを10km/h以上下回り、惰行だけで低速が続くため減点し、reward0.4とした。
193.29999999999947,Train11,次駅への減速フェーズ（駅手前400m以内）,力行（加速）中,1.0999999999999999,ブレーキ（減速）,4.200000000000001,70.0,20.3,16.97,70.0,27.6,0.0,13.693143918045045,13.4,9.2,この先制限速度なし,この先目立った勾配なし,前方69.5m先を23.7km/h,後続列車なし,10.0,0.0,発車済み,40.0,70.0,normal,1.0,delta_stopが正でCBTC制限内、加速は減速開始前の許容行動であり、速度・信号遵守・ノコギリ運転なしと評価し高評価とした。
177.9999999999999,Train11,次駅への減速フェーズ（駅手前400m以内）,ブレーキ（減速）中,1.0999999999999999,力行（加速）,0.1,70.0,28.9,30.49,70.0,76.2,2.0,43.99084873138303,0.0,9.2,この先制限速度なし,この先目立った勾配なし,前方89.4m先を14.6km/h,後続列車なし,5.0,0.0,発車済み,30.0,70.0,normal,0.0,ブレーキが早すぎて停止位置が大きくずれ、直前の力行→ブレーキが不合理でノコギリ運転と判定され、reward上限が0.0になる。
71.0,Train11,巡航フェーズ（駅間走行中）,力行（加速）中,4.0,惰行,13.0,70.0,70.0,47.77,70.0,1582.0,32.0,120.31583631589731,0.0,0.0,この先制限速度なし,この先目立った勾配なし,前方866.2m先を63.4km/h,後続列車なし,10.0,112.0,未発車,40.0,58.5,anti_mid_stop,1.0,先行列車が塞いで駅間停車防止モード。target_speed_no_stop以下で加速中であり、制限・CBTC遵守、ノコギリ運転なしと評価し高評価。
179.8999999999999,Train11,次駅への減速フェーズ（駅手前400m以内）,ブレーキ（減速）中,4.999999999999997,力行（加速）,3.0,70.0,26.6,29.89,70.0,79.8,0.0,42.28675415311678,2.0,9.2,この先制限速度なし,この先目立った勾配なし,前方83.4m先を7.7km/h,後続列車なし,5.0,0.0,発車済み,40.0,70.0,normal,0.2,ブレーキが早すぎてdelta_stopが30m超過し、短時間での力行→ブレーキ切替に合理的根拠がなくノコギリ運転上限0.3に抑えた結果、rewardは0.2となった。
185.09999999999948,Train11,次駅への減速フェーズ（駅手前400m以内）,惰行中,0.4,ブレーキ（減速）,2.2000000000000006,70.0,26.4,17.35,70.0,28.6,0.0,14.311579001655383,5.2,9.2,この先制限速度なし,この先目立った勾配なし,前方82.9m先を26.3km/h,後続列車なし,5.0,0.0,発車済み,30.0,70.0,normal,0.2,減速フェーズでブレーキせず惰行し、短時間でのブレーキ→惰行切替が不合理なノコギリ運転となり、停車遅延とエネルギー浪費を招くため低評価。
198.5999999999995,Train11,次駅への減速フェーズ（駅手前400m以内）,力行（加速）中,0.8999999999999999,惰行,2.2000000000000006,70.0,23.6,23.91,70.0,32.5,0.0,27.120446392705357,18.7,9.2,この先制限速度なし,この先目立った勾配なし,前方76.3m先を24.2km/h,後続列車なし,5.0,0.0,発車済み,30.0,70.0,normal,0.0,CBTC信号速度23.6km/hを超えて23.9km/hで力行し、即時0点ルールに違反したためreward=0.0
121.0,Train11,巡航フェーズ（駅間走行中）,力行（加速）中,19.0,惰行,6.0,70.0,70.0,49.0,70.0,825.8,46.0,108.36860088021953,0.0,12.5,この先制限速度なし,この先目立った勾配なし,前方803.2m先を14.6km/h,後続列車なし,5.0,42.0,未発車,40.0,70.0,normal,1.0,巡航フェーズでrequired_speed未達のため加速は適切で、制限速度・CBTC信号を遵守し、先行列車との間隔も安全、ノコギリ運転なしと評価し高得点とする。
195.49999999999918,Train11,次駅への減速フェーズ（駅手前400m以内）,ブレーキ（減速）中,3.600000000000002,惰行,0.1,70.0,67.7,3.81,70.0,3.0,0.0,0.6925745207448576,15.6,9.2,この先制限速度なし,この先目立った勾配なし,前方262.3m先を43.0km/h,後続列車なし,5.0,0.0,発車済み,40.0,70.0,normal,0.5,ブレーキ開始が駅手前でやや早く、低速域でΔstopが2.3mと許容範囲を超えているため減点し、総合評価は0.5とする。
170.0,Train11,次駅への減速フェーズ（駅手前400m以内）,力行（加速）中,2.0,ブレーキ（減速）,6.0,70.0,51.9,28.64,70.0,172.3,8.0,38.84308777575821,0.0,9.2,この先制限速度なし,この先目立った勾配なし,前方176.0m先を7.9km/h,後続列車なし,5.0,0.0,発車済み,50.0,70.0,normal,0.2,次駅減速フェーズで加速し、先行列車に接近しつつノコギリ運転となったため、複数NGが重なり0.2とした。
191.69999999999922,Train11,次駅への減速フェーズ（駅手前400m以内）,惰行中,0.30000000000000004,ブレーキ（減速）,4.200000000000001,70.0,32.4,0.0,70.0,33.0,0.0,0.0,11.8,9.2,この先制限速度なし,この先目立った勾配なし,前方99.5m先を28.4km/h,後続列車なし,5.0,0.0,発車済み,40.0,70.0,normal,0.1,次駅まで33mで速度0km/hのまま惰行・停止しており、減速フェーズに不適切な機外停車となるため大幅減点し0.1とする。
194.49999999999838,Train11,次駅への減速フェーズ（駅手前400m以内）,ブレーキ（減速）中,0.1,力行（加速）,0.1,70.0,44.8,7.54,70.0,7.2,0.0,2.710173658719608,14.6,9.2,この先制限速度なし,この先目立った勾配なし,前方144.4m先を36.3km/h,後続列車なし,10.0,0.0,発車済み,50.0,70.0,normal,0.2,低速域でブレーキ開始が早すぎ、delta_stopが4.49mで停止位置が手前になるため大幅減点し、rewardを0.2とした。
192.5999999999995,Train11,次駅への減速フェーズ（駅手前400m以内）,力行（加速）中,0.4,ブレーキ（減速）,4.200000000000001,70.0,19.5,15.59,70.0,30.8,0.0,11.561459705163367,12.7,9.2,この先制限速度なし,この先目立った勾配なし,前方68.1m先を22.7km/h,後続列車なし,10.0,0.0,発車済み,40.0,70.0,normal,0.3,直前のブレーキから短時間で力行へ切替え、合理的理由がなくノコギリ運転と判定され、上限0.3に抑えられたため。
64.0,Train11,巡航フェーズ（駅間走行中）,力行（加速）中,14.0,ブレーキ（減速）,6.0,70.0,70.0,48.99,70.0,1479.2,43.0,126.44781734668476,0.0,0.0,この先制限速度なし,489m先に上り勾配12.5‰あり,前方815.9m先を62.7km/h,後続列車なし,10.0,109.0,未発車,50.0,55.4,anti_mid_stop,1.0,先行列車が塞いでいるため駅間停車防止モード。target_speed_no_stop以下で加速中で過加速やノコギリ運転がなく、安全かつ適切な操作と判断した。
88.0,Train11,巡航フェーズ（駅間走行中）,ブレーキ（減速）中,5.0,力行（加速）,18.0,70.0,70.0,36.89,70.0,1207.5,43.0,72.18125386838402,0.0,0.0,この先制限速度なし,217m先に上り勾配12.5‰あり,前方860.9m先を55.5km/h,後続列車なし,5.0,75.0,未発車,40.0,61.8,anti_mid_stop,0.3,先行が塞いで駅間停車防止モード。target_speed_no_stop 61.8km/h を大きく下回る 36.9km/h でブレーキし過度な低速運転となるため減点。
157.0,Train11,次駅への減速フェーズ（駅手前400m以内）,力行（加速）中,21.0,惰行,6.0,70.0,58.4,54.36,70.0,205.5,21.0,143.49291317830517,0.0,6.1,この先制限速度なし,15m先に上り勾配9.2‰あり,前方214.9m先を12.5km/h,後続列車なし,5.0,0.0,発車済み,50.0,70.0,normal,0.1,次駅減速フェーズで加速しブレーキが必要な状況で不適切な力行と、先行列車との間隔が過小で安全性が低下したため低評価とした。
200.09999999999943,Train11,次駅への減速フェーズ（駅手前400m以内）,力行（加速）中,0.1,ブレーキ（減速）,1.3,70.0,24.1,20.2,70.0,23.2,0.0,19.381838836741583,20.2,9.2,この先制限速度なし,この先目立った勾配なし,前方77.5m先を26.3km/h,後続列車なし,5.0,0.0,発車済み,30.0,70.0,normal,0.0,次駅減速フェーズで加速し減速すべき場面に反し、ブレーキ→力行のノコギリ運転（持続時間1.3秒未満）でreward上限が0.0となったため。
92.0,Train11,巡航フェーズ（駅間走行中）,惰行中,3.0,力行（加速）,6.0,70.0,70.0,54.72,70.0,1072.2,51.0,157.19514375322134,0.0,0.0,この先制限速度なし,82m先に上り勾配12.5‰あり,前方850.0m先を44.2km/h,後続列車なし,10.0,81.0,未発車,50.0,50.8,anti_mid_stop,0.3,先行列車が遅延で前方を塞いでいるため駅間停車防止モード。現在速度がtarget_speed_no_stopを超えており、惰行への不合理な切替がノコギリ運転と判定され、上限0.5に抑えられた上で間隔縮小もあり最終rewardは0.3とした。
84.0,Train11,巡航フェーズ（駅間走行中）,ブレーキ（減速）中,6.0,力行（加速）,12.0,70.0,70.0,44.42,70.0,1285.0,55.0,104.23440275764446,0.0,0.0,この先制限速度なし,295m先に上り勾配12.5‰あり,前方1024.5m先を47.9km/h,後続列車なし,5.0,84.0,未発車,50.0,59.1,anti_mid_stop,0.2,先行列車が塞いで駅間停車防止モード。target_speed_no_stop 59.1km/h を10km/h以上下回る44.4km/hでブレーキしており、過度な低速運転となるため減点し0.2とする。
21.0,Train11,巡航フェーズ（駅間走行中）,力行（加速）中,6.0,ブレーキ（減速）,6.0,70.0,70.0,21.66,70.0,2088.3,45.0,25.788226046438268,0.0,-2.1,この先制限速度なし,298m先に下り勾配6.7‰あり,前方760.1m先を63.3km/h,後続列車なし,5.0,132.0,未発車,50.0,62.7,anti_mid_stop,0.4,前ブレーキから6秒で力行へ切替し、保持時間が7秒未満で合理的根拠がなくノコギリ運転と判定されたため、評価上限0.5に抑えられた。
190.69999999999928,Train11,次駅への減速フェーズ（駅手前400m以内）,ブレーキ（減速）中,3.5000000000000018,惰行,1.2,70.0,29.8,1.69,70.0,33.2,0.0,0.1363251582737074,10.8,9.2,この先制限速度なし,この先目立った勾配なし,前方92.0m先を27.1km/h,後続列車なし,5.0,0.0,発車済み,40.0,70.0,normal,0.1,ブレーキが過度に早く、delta_stop が大きく正であるにも関わらず減速し続けているため、停車位置に到達できず遅延が拡大し評価を大幅に下げる。
188.5999999999994,Train11,次駅への減速フェーズ（駅手前400m以内）,ブレーキ（減速）中,4.4,惰行,0.1,70.0,44.2,15.97,70.0,13.6,0.0,12.130565610227885,8.7,9.2,この先制限速度なし,この先目立った勾配なし,前方141.8m先を35.5km/h,後続列車なし,5.0,0.0,発車済み,50.0,70.0,normal,0.9,次駅減速フェーズでブレーキが適切にかかり、delta_stopが1.47mで許容範囲内、速度・信号遵守、ノコギリ運転なし。
155.0,Train11,巡航フェーズ（駅間走行中）,力行（加速）中,14.0,惰行,6.0,70.0,70.0,46.7,70.0,408.3,23.0,106.36304773087842,0.0,6.1,この先制限速度なし,218m先に上り勾配9.2‰あり,前方408.7m先を0.0km/h,後続列車なし,5.0,8.0,未発車,40.0,70.0,normal,1.0,巡航フェーズでrequired_speed未達ながら適切に加速中、制限速度・CBTC遵守、ノコギリ運転なし、先行列車との間隔も安全で高評価。
156.0,Train11,巡航フェーズ（駅間走行中）,惰行中,5.0,力行（加速）,6.0,70.0,70.0,45.94,70.0,402.3,22.0,102.97128909059414,0.0,6.1,この先制限速度なし,212m先に上り勾配9.2‰あり,前方402.7m先を0.0km/h,後続列車なし,10.0,27.0,未発車,40.0,46.3,anti_mid_stop,0.5,anti_mid_stopでtarget_speed_no_stop付近に惰行しているが、直前の力行からの短時間切替が合理的理由なくノコギリ運転と判定され、reward上限0.5に抑えられる。
186.99999999999966,Train11,次駅への減速フェーズ（駅手前400m以内）,ブレーキ（減速）中,1.0999999999999999,惰行,0.1,70.0,57.4,27.98,70.0,40.6,0.0,37.08299412644539,7.1,9.2,この先制限速度なし,この先目立った勾配なし,前方203.6m先を38.2km/h,後続列車なし,5.0,0.0,発車済み,40.0,70.0,normal,0.9,ブレーキで適切に減速し、delta_stopが3.52mで許容範囲内、CBTC・制限速度遵守、ノコギリ運転なし。
183.89999999999955,Train11,次駅への減速フェーズ（駅手前400m以内）,ブレーキ（減速）中,1.4000000000000001,惰行,0.5,70.0,25.4,20.12,70.0,34.7,0.0,19.22913151426408,4.0,9.2,この先制限速度なし,この先目立った勾配なし,前方80.6m先を24.6km/h,後続列車なし,5.0,0.0,発車済み,30.0,70.0,normal,0.5,次駅減速フェーズでdelta_stopが15.47mと早すぎるブレーキ開始となり、過剰減速とエネルギー無駄が生じたため減点した。
198.19999999999953,Train11,次駅への減速フェーズ（駅手前400m以内）,力行（加速）中,0.5,惰行,2.2000000000000006,70.0,23.6,23.27,70.0,35.1,0.0,25.69385209792817,18.3,9.2,この先制限速度なし,この先目立った勾配なし,前方76.3m先を23.6km/h,後続列車なし,5.0,0.0,発車済み,30.0,70.0,normal,0.2,次駅減速フェーズで力行を続けCBTC信号超過リスクがあり、短時間のノコギリ運転と判定され上限0.3に抑えたため0.2とした。
76.0,Train11,巡航フェーズ（駅間走行中）,力行（加速）中,1.0,ブレーキ（減速）,6.0,70.0,70.0,24.33,70.0,1657.0,21.0,34.73086861335957,0.0,-6.7,この先制限速度なし,この先目立った勾配なし,前方853.7m先を62.6km/h,後続列車なし,10.0,102.0,未発車,30.0,54.8,anti_mid_stop,1.0,先行列車が塞いで駅間停車防止モード。target_speed_no_stop未満だが加速中で合理的な操作であり、制限・CBTC違反もなく高評価とする。
102.0,Train11,巡航フェーズ（駅間走行中）,力行（加速）中,7.0,惰行,15.0,70.0,70.0,53.89,70.0,967.8,46.0,130.7370405200481,0.0,12.5,この先制限速度なし,この先目立った勾配なし,前方803.2m先を39.5km/h,後続列車なし,5.0,76.0,未発車,40.0,66.8,normal,1.0,巡航フェーズでrequired_speed未満のため加速は適切。制限速度・CBTC遵守、先行列車との間隔も安全範囲内で、エネルギー・定時性に問題なし。
35.0,Train11,巡航フェーズ（駅間走行中）,惰行中,2.0,力行（加速）,34.0,70.0,70.0,52.07,70.0,1854.3,40.0,146.69330787460646,0.0,-2.1,この先制限速度なし,64m先に下り勾配6.7‰あり,前方683.9m先を62.8km/h,後続列車なし,10.0,138.0,未発車,50.0,52.9,anti_mid_stop,1.0,先行列車が塞いで駅間停車防止モードと判定され、現在速度はtarget_speed_no_stop付近で惰行しており、制限速度・CBTC遵守、間隔・ノコギリ運転なしのため最高評価とした。
156.0,Train11,次駅への減速フェーズ（駅手前400m以内）,力行（加速）中,20.0,惰行,6.0,70.0,60.5,53.88,70.0,220.5,22.0,141.0100867142413,0.0,6.1,この先制限速度なし,30m先に上り勾配9.2‰あり,前方226.8m先を10.3km/h,後続列車なし,5.0,0.0,発車済み,50.0,70.0,normal,0.8,速度・信号・停止余裕は問題ないが、先行列車との間隔が不足し、減速すべき場面での加速はエネルギー無駄となるため減点。
178.2,Train11,次駅への減速フェーズ（駅手前400m以内）,力行（加速）中,9.299999999999999,ブレーキ（減速）,6.0,70.0,43.2,37.27,70.0,96.5,1.8,65.539292724628,0.0,9.2,この先制限速度なし,この先目立った勾配なし,前方137.6m先を23.6km/h,後続列車なし,5.0,0.0,発車済み,50.0,70.0,normal,0.9,delta_stopが正でCBTC速度超過なし、加速は許容範囲で安全性に問題なく、他の評価項目に違反なし。
178.29999999999998,Train11,次駅への減速フェーズ（駅手前400m以内）,力行（加速）中,9.399999999999999,ブレーキ（減速）,6.0,70.0,43.1,37.36,70.0,95.4,1.7,65.85351467969696,0.0,9.2,この先制限速度なし,この先目立った勾配なし,前方137.3m先を23.7km/h,後続列車なし,5.0,0.0,発車済み,50.0,70.0,normal,0.2,次駅減速フェーズでブレーキすべきところを力行し、停止位置遅延と先行列車との間隔過小が生じたため減点し0.2とする。
112.0,Train11,巡航フェーズ（駅間走行中）,惰行中,3.0,ブレーキ（減速）,4.0,70.0,70.0,50.81,70.0,826.0,56.0,116.41254834215076,0.0,12.5,この先制限速度なし,この先目立った勾配なし,前方807.3m先を13.3km/h,後続列車なし,5.0,41.0,未発車,50.0,70.0,normal,0.1,巡航フェーズでrequired_speed未達のまま惰行を続け、前後のブレーキ→惰行が7秒未満でノコギリ運転と判定されたため低評価。
190.79999999999916,Train11,次駅への減速フェーズ（駅手前400m以内）,ブレーキ（減速）中,0.6,惰行,0.7999999999999999,70.0,35.4,7.44,70.0,7.6,0.0,2.638825007560834,10.9,9.2,この先制限速度なし,この先目立った勾配なし,前方109.1m先を32.9km/h,後続列車なし,5.0,0.0,発車済み,30.0,70.0,normal,0.2,現在のブレーキは低速(7.4km/h)でdelta_stopが4.96mと大幅に手前で停止し、低速域の早過ぎる減速基準に該当するため大幅減点とした。
169.0,Train11,次駅への減速フェーズ（駅手前400m以内）,力行（加速）中,1.0,ブレーキ（減速）,6.0,70.0,53.1,27.3,70.0,180.0,9.0,35.31167145689012,0.0,9.2,この先制限速度なし,この先目立った勾配なし,前方182.0m先を5.4km/h,後続列車なし,5.0,0.0,発車済み,50.0,70.0,normal,0.2,加速フェーズでの不合理なブレーキ→力行切替がノコギリ運転と判定され、上限0.3のペナルティが適用され、さらに列間隔縮小とエネルギー浪費で評価が低下し0.2とした。
186.49999999999883,Train11,次駅への減速フェーズ（駅手前400m以内）,力行（加速）中,1.3,ブレーキ（減速）,0.5,70.0,31.0,7.25,70.0,30.3,0.0,2.5058796120947897,6.6,9.2,この先制限速度なし,この先目立った勾配なし,前方95.3m先を28.1km/h,後続列車なし,10.0,0.0,発車済み,50.0,70.0,normal,0.0,直前のブレーキから1.3秒の力行へ切替え、保持時間が7秒未満で合理的理由なしのノコギリ運転と判定され、上限0.0点となったため。
194.6999999999994,Train11,次駅への減速フェーズ（駅手前400m以内）,ブレーキ（減速）中,0.2,惰行,0.4,70.0,21.6,18.21,70.0,20.6,0.0,15.761284412081167,14.8,9.2,この先制限速度なし,この先目立った勾配なし,前方72.1m先を25.8km/h,後続列車なし,10.0,0.0,発車済み,40.0,70.0,normal,0.9,駅手前での減速ブレーキが適切で、delta_stopが許容範囲内かつCBTC信号を遵守し、ノコギリ運転や間隔問題もなく高評価とした。
179.5999999999998,Train11,次駅への減速フェーズ（駅手前400m以内）,力行（加速）中,0.2,ブレーキ（減速）,2.500000000000001,70.0,26.8,26.21,70.0,63.7,0.4,32.56162758132438,0.0,9.2,この先制限速度なし,この先目立った勾配なし,前方84.1m先を17.6km/h,後続列車なし,5.0,0.0,発車済み,30.0,70.0,normal,0.2,次駅減速フェーズでdelta_stopが正のためブレーキ未実施は許容だが、直前ブレーキ後すぐの加速は合理的理由がなくノコギリ運転と判定され、報酬上限0.3に抑えられ、間隔不適切も加味し0.2とした。
66.0,Train11,巡航フェーズ（駅間走行中）,力行（加速）中,26.0,惰行,6.0,70.0,70.0,55.42,70.0,1628.1,50.0,161.16965993091844,0.0,0.0,この先制限速度なし,この先目立った勾配なし,前方1085.5m先を61.4km/h,後続列車なし,5.0,87.0,未発車,50.0,70.0,normal,1.0,巡航フェーズでrequired_speed未達のため加速は適切で、速度・信号・制限を遵守し、ノコギリ運転や間隔問題もなく安全かつ定時性に寄与する。
97.0,Train11,巡航フェーズ（駅間走行中）,惰行中,1.0,力行（加速）,6.0,70.0,70.0,67.73,70.0,1085.7,56.0,238.66841201705796,0.0,0.0,この先制限速度なし,95m先に上り勾配12.5‰あり,前方971.2m先を32.8km/h,後続列車なし,5.0,56.0,未発車,50.0,70.0,normal,0.3,巡航フェーズでrequired_speed未達の状態で惰行を続け、前後列車が遠く安全だが、7秒未満の力行→惰行逆転でノコギリ運転と判定し上限0.5、さらに低速で遅延リスクがあるため0.3とした。
186.19999999999987,Train11,次駅への減速フェーズ（駅手前400m以内）,ブレーキ（減速）中,1.3,惰行,0.1,70.0,24.8,32.05,70.0,72.2,0.0,48.57638980992971,8.3,9.2,この先制限速度なし,この先目立った勾配なし,前方79.2m先を10.7km/h,後続列車なし,10.0,0.0,発車済み,40.0,70.0,normal,0.4,駅間減速フェーズで必要停止距離より23.6m余裕があるのにブレーキを開始し、早すぎる減速と判断されるため減点し、rewardを0.4とする。
132.0,Train11,巡航フェーズ（駅間走行中）,力行（加速）中,19.0,惰行,6.0,70.0,70.0,58.24,70.0,961.4,31.0,152.32225361588758,0.0,12.5,この先制限速度なし,この先目立った勾配なし,前方919.8m先を19.7km/h,後続列車なし,10.0,46.0,未発車,30.0,70.0,normal,1.0,巡航フェーズでrequired_speed未達のため加速は適切、制限速度・CBTC遵守、前方列車との間隔安全、ノコギリ運転なし。
180.19999999999942,Train11,次駅への減速フェーズ（駅手前400m以内）,ブレーキ（減速）中,1.5000000000000002,力行（加速）,0.1,70.0,23.9,19.48,70.0,22.1,0.0,18.029044633898117,0.3,9.2,この先制限速度なし,この先目立った勾配なし,前方77.2m先を26.4km/h,後続列車なし,10.0,0.0,発車済み,40.0,70.0,normal,0.9,ブレーキが適切に掛かり、delta_stopが4.07mで許容範囲内、CBTC信号と速度制限を遵守しているため高評価。
139.0,Train11,巡航フェーズ（駅間走行中）,力行（加速）中,10.0,ブレーキ（減速）,6.0,70.0,70.0,44.92,70.0,617.6,39.0,106.56393364125515,0.0,0.0,この先制限速度なし,27m先に上り勾配6.1‰あり,前方618.0m先を0.0km/h,後続列車なし,10.0,44.0,未発車,40.0,47.4,anti_mid_stop,1.0,先行列車が停車しているため駅間停車防止モード。現在速度44.9km/hはtarget_speed_no_stop47.4km/h未満で、加速は適切かつ制限・信号・間隔も遵守しているため高評価。
200.19999999999908,Train11,次駅への減速フェーズ（駅手前400m以内）,力行（加速）中,0.1,ブレーキ（減速）,0.9999999999999999,70.0,32.4,3.89,70.0,3.5,0.0,0.7219522269393156,20.3,9.2,この先制限速度なし,この先目立った勾配なし,前方99.6m先を32.3km/h,後続列車なし,10.0,0.0,発車済み,40.0,70.0,normal,0.0,次駅減速フェーズで加速し、短時間のブレーキ→加速切替に合理的根拠がなくノコギリ運転と判定されたためreward上限0.0となった。
182.39999999999992,Train11,次駅への減速フェーズ（駅手前400m以内）,力行（加速）中,0.4,惰行,6.099999999999996,70.0,56.2,30.76,70.0,80.9,0.0,44.76849815717363,2.5,9.2,この先制限速度なし,この先目立った勾配なし,前方197.5m先を34.5km/h,後続列車なし,5.0,0.0,発車済み,40.0,70.0,normal,0.4,短時間で力行へ切り替えたノコギリ運転と判定され、上限0.5点に抑えられたため0.4点とした。
176.8999999999996,Train11,次駅への減速フェーズ（駅手前400m以内）,力行（加速）中,0.5,ブレーキ（減速）,1.3,70.0,23.2,21.74,70.0,42.6,3.1,22.43811726853038,0.0,9.2,この先制限速度なし,この先目立った勾配なし,前方75.6m先を21.6km/h,後続列車なし,10.0,0.0,発車済み,40.0,70.0,normal,0.9,減速フェーズでdelta_stopが正で信号速度未超過、加速は次駅到達のため合理的と判断し安全上問題なく評価が高い。
178.0999999999993,Train11,次駅への減速フェーズ（駅手前400m以内）,ブレーキ（減速）中,0.7999999999999999,力行（加速）,0.1,70.0,5.7,0.17,70.0,37.9,1.9,0.0013798351893403015,0.0,9.2,この先制限速度なし,この先目立った勾配なし,前方51.5m先を14.8km/h,後続列車なし,10.0,0.0,発車済み,50.0,70.0,normal,0.2,ブレーキで0.2km/hのまま駅まで37.9m離れ、delta_stopが30m超で停止位置が達成できず、次駅減速フェーズでの早すぎるブレーキと判断したため。
197.99999999999955,Train11,次駅への減速フェーズ（駅手前400m以内）,力行（加速）中,0.30000000000000004,惰行,2.2000000000000006,70.0,23.5,22.95,70.0,36.4,0.0,24.99486145011931,18.1,9.2,この先制限速度なし,この先目立った勾配なし,前方76.2m先を23.3km/h,後続列車なし,5.0,0.0,発車済み,30.0,70.0,normal,0.1,次駅減速フェーズで加速しており停止位置確保が不適切、さらにノコギリ運転が発生しているため評価を大幅に下げ0.1とした。
205.8999999999991,Train11,次駅への減速フェーズ（駅手前400m以内）,ブレーキ（減速）中,0.7,力行（加速）,0.1,70.0,34.4,4.26,70.0,3.5,0.0,0.8657538736077831,26.0,9.2,この先制限速度なし,この先目立った勾配なし,前方105.9m先を33.0km/h,後続列車なし,5.0,0.0,発車済み,30.0,70.0,normal,0.5,次駅減速フェーズでブレーキは適切だが、低速域で停止位置が2.6m手前にあり誤差がやや大きいため評価をやや減点した。
188.49999999999974,Train11,次駅への減速フェーズ（駅手前400m以内）,ブレーキ（減速）中,0.5,力行（加速）,0.1,70.0,20.1,26.13,70.0,53.8,0.0,32.36412567548515,8.6,9.2,この先制限速度なし,この先目立った勾配なし,前方69.2m先を15.5km/h,後続列車なし,10.0,0.0,発車済み,40.0,70.0,normal,0.0,CBTC信号20.1km/hを超える26.1km/hで走行し、即reward0.0ルールに該当するため評価は0.0とする。
176.0,Train11,次駅への減速フェーズ（駅手前400m以内）,力行（加速）中,8.0,ブレーキ（減速）,6.0,70.0,45.3,35.32,70.0,118.7,4.0,58.91184442140753,0.0,9.2,この先制限速度なし,この先目立った勾配なし,前方146.4m先を20.1km/h,後続列車なし,5.0,0.0,発車済み,50.0,70.0,normal,0.9,安全基準はすべて満たし、減速フェーズでブレーキ未実施でもdelta_stopが正であり、加速は許容範囲内のため高評価。
54.0,Train11,巡航フェーズ（駅間走行中）,力行（加速）中,13.0,惰行,6.0,70.0,70.0,43.72,70.0,1796.3,30.0,103.9453529916396,0.0,-2.1,この先制限速度なし,6m先に下り勾配6.7‰あり,前方783.8m先を63.1km/h,後続列車なし,10.0,129.0,未発車,40.0,54.7,anti_mid_stop,0.9,先行列車が塞いでいるため駅間停車防止モードと判定し、target_speed_no_stop以下で加速しているので安全かつ適切と判断した。
183.39999999999986,Train11,次駅への減速フェーズ（駅手前400m以内）,力行（加速）中,1.4000000000000001,惰行,6.099999999999996,70.0,56.4,31.92,70.0,72.2,0.0,48.18572698399897,3.5,9.2,この先制限速度なし,この先目立った勾配なし,前方198.5m先を35.4km/h,後続列車なし,5.0,0.0,発車済み,40.0,70.0,normal,0.3,CBTC・制限速度は遵守しているが、惰行→力行への短時間切替がノコギリ運転と判定され、reward上限が0.3に制限された。
21.0,Train11,巡航フェーズ（駅間走行中）,力行（加速）中,4.0,ブレーキ（減速）,6.0,70.0,70.0,20.18,70.0,2075.8,45.0,22.397357902446274,0.0,-2.1,この先制限速度なし,285m先に下り勾配6.7‰あり,前方747.6m先を63.3km/h,後続列車なし,5.0,147.0,未発車,50.0,56.5,anti_mid_stop,0.5,先行列車が塞いでいるため駅間停車防止モードでtarget_speed_no_stop以下の加速は適切だが、ブレーキから短時間で加速への切替に合理的理由がなくノコギリ運転と判定し、reward上限0.5となる。
94.0,Train11,巡航フェーズ（駅間走行中）,惰行中,4.0,力行（加速）,6.0,70.0,70.0,60.29,70.0,1024.1,39.0,190.12018279546172,0.0,0.0,この先制限速度なし,34m先に上り勾配12.5‰あり,前方692.7m先を54.2km/h,後続列車なし,10.0,74.0,未発車,40.0,52.2,anti_mid_stop,0.3,先行列車が塞いで駅間停車防止モード。現在速度が target_speed_no_stop を5km/h超えて過剰加速とみなされ、さらに力行→惰行のノコギリ運転が7秒未満で発生しているため低評価にし0.3とした。
182.0999999999993,Train11,次駅への減速フェーズ（駅手前400m以内）,ブレーキ（減速）中,1.0999999999999999,惰行,0.1,70.0,26.4,14.16,70.0,13.2,0.0,9.541750052980323,2.2,9.2,この先制限速度なし,この先目立った勾配なし,前方82.9m先を28.9km/h,後続列車なし,10.0,0.0,発車済み,40.0,70.0,normal,0.5,低速域(14.2km/h)でdelta_stopが3.66mと許容範囲を超えて早めにブレーキ開始し、停止位置がやや手前になるため減点し、総合評価は0.5とした。
166.49999999999991,Train11,次駅への減速フェーズ（駅手前400m以内）,ブレーキ（減速）中,5.599999999999994,惰行,3.0,70.0,44.1,36.84,70.0,76.5,13.5,64.04815549168038,0.0,9.2,この先制限速度なし,この先目立った勾配なし,前方141.4m先を28.1km/h,後続列車なし,5.0,0.0,発車済み,50.0,70.0,normal,0.6,ブレーキはCBTCと制限速度を守っているが、delta_stopが12.5mとやや余裕があり、やや早めの減速と判断し中程度の減点とした。
198.99999999999955,Train11,次駅への減速フェーズ（駅手前400m以内）,ブレーキ（減速）中,4.000000000000002,力行（加速）,0.1,70.0,45.8,22.35,70.0,16.5,0.0,23.709982076248323,19.1,9.2,この先制限速度なし,この先目立った勾配なし,前方148.7m先を35.9km/h,後続列車なし,10.0,0.0,発車済み,30.0,70.0,normal,0.0,δ_stopが-7.21 mでブレーキ中でもオーバーランがほぼ確実と判定され、即reward0.0ルールが適用されるため。
132.0,Train11,巡航フェーズ（駅間走行中）,惰行中,10.0,力行（加速）,7.0,70.0,70.0,53.24,70.0,594.2,46.0,148.9476438127127,0.0,0.0,この先制限速度なし,4m先に上り勾配6.1‰あり,前方594.5m先を0.0km/h,後続列車なし,5.0,36.0,未発車,50.0,54.3,anti_mid_stop,1.0,先行列車が停車中で駅間停車防止モード。target_speed_no_stop以下で惰行は適切であり安全違反もなく高評価とする。
193.79999999999944,Train11,次駅への減速フェーズ（駅手前400m以内）,力行（加速）中,1.6000000000000003,ブレーキ（減速）,4.200000000000001,70.0,20.7,17.93,70.0,25.2,0.0,15.281662567193926,13.9,9.2,この先制限速度なし,この先目立った勾配なし,前方70.4m先を24.5km/h,後続列車なし,10.0,0.0,発車済み,40.0,70.0,normal,0.2,次駅減速フェーズでブレーキせずに加速し、低速のまま力行が続く上にノコギリ運転と判定されたため、停止位置確保とエネルギー効率が著しく低下した。
