time,train_id,phase,current_notch,holding_time,prev_notch,prev_notch_duration,speed_limit,signal_speed,current_speed,required_speed,dist_to_next_station,time_to_next_station,req_stop_dist,delay,current_gradient,next_limit_info,next_gradient_info,forward_info,backward_info,forward_train_delay,forward_clear_remaining_time,forward_departed_next,standard_headway,target_speed_no_stop,mode,reward,reason
173.0999999999996,Train11,次駅への減速フェーズ（駅手前400m以内）,ブレーキ（減速）中,0.4,力行（加速）,0.1,70.0,70.0,25.61,25.6,28.1,6.9,31.094831234506138,0.0,9.2,この先制限速度なし,この先目立った勾配なし,前方381.7m先を46.3km/h,後続列車なし,5.0,0.0,発車済み,85.0,25.6,normal,0.9,次駅減速フェーズでブレーキを適切に使用し、delta_stop‑2.99mが許容範囲内で速度・CBTC制限を遵守、ノコギリ運転や間隔問題もなく高評価。
184.9999999999992,Train11,次駅への減速フェーズ（駅手前400m以内）,ブレーキ（減速）中,0.2,惰行,0.1,70.0,24.7,7.12,70.0,1.9,0.0,2.416893020868885,5.1,9.2,この先制限速度なし,この先目立った勾配なし,前方78.9m先を29.9km/h,後続列車なし,0.0,0.0,発車済み,28.0,70.0,normal,0.9,駅手前でブレーキ中、delta_stop‑0.52mが許容範囲内でCBTC・速度制限遵守、ノコギリ運転なし、間隔適正のため高評価。
206.49999999999946,Train11,次駅への減速フェーズ（駅手前400m以内）,力行（加速）中,0.1,ブレーキ（減速）,2.9000000000000012,70.0,70.0,18.8,70.0,16.5,0.0,16.79600001445854,26.6,9.2,この先制限速度なし,この先目立った勾配なし,前方1624.2m先を63.3km/h,後続列車なし,0.0,0.0,発車済み,110.0,70.0,normal,0.2,次駅減速フェーズでブレーキせずに加速し、ノコギリ運転と判定されたため、reward上限0.3に抑え0.2とした。
95.0,Train11,巡航フェーズ（駅間走行中）,力行（加速）中,4.0,惰行,14.0,70.0,70.0,56.8,70.0,1024.2,61.0,169.14316409105018,0.0,0.0,この先制限速度なし,34m先に上り勾配12.5‰あり,前方935.4m先を28.9km/h,後続列車なし,10.0,68.0,未発車,60.0,55.3,anti_mid_stop,0.9,先行列車が塞いでいるため駅間停車防止モード。現在速度はtarget_speed_no_stop(55.3km/h)をわずか上回り、上限＋5km/h以内の加速で安全かつ適切と判断し高評価。
127.0,Train11,巡航フェーズ（駅間走行中）,力行（加速）中,38.0,ブレーキ（減速）,6.0,70.0,70.0,56.67,70.0,840.3,51.0,144.34987216145555,0.0,12.5,この先制限速度なし,この先目立った勾配なし,前方840.7m先を0.0km/h,後続列車なし,0.0,26.0,未発車,45.0,70.0,normal,0.9,巡航フェーズでrequired_speed未達だが加速中で適切、制限速度・CBTC遵守、間隔安全、ノコギリ運転なしのため高評価。
179.19999999999993,Train11,次駅への減速フェーズ（駅手前400m以内）,ブレーキ（減速）中,5.299999999999995,惰行,4.0,70.0,68.6,43.27,70.0,81.5,0.8,88.08860188108584,0.0,9.2,この先制限速度なし,この先目立った勾配なし,前方268.3m先を39.6km/h,後続列車なし,0.0,0.0,発車済み,45.0,70.0,normal,0.0,ブレーキ中でもdelta_stopが-6.59mで停止距離が不足し、オーバーランがほぼ確実なため即時0点とする。
187.49999999999906,Train11,次駅への減速フェーズ（駅手前400m以内）,ブレーキ（減速）中,0.30000000000000004,力行（加速）,0.1,70.0,31.9,0.66,0.0,0.0,0.0,0.023407328020886856,7.6,0.0,この先制限速度なし,この先目立った勾配なし,前方98.2m先を32.6km/h,後続列車なし,0.0,0.0,発車済み,28.0,0.0,normal,1.0,ブレーキで適切に減速し、delta_stopが±1m以内の正確な停止位置で安全基準を満たすため高評価とした。
136.0,Train11,巡航フェーズ（駅間走行中）,力行（加速）中,1.0,ブレーキ（減速）,6.0,70.0,70.0,28.24,70.0,553.4,42.0,39.23487023938555,0.0,6.1,この先制限速度なし,363m先に上り勾配9.2‰あり,前方553.8m先を0.0km/h,後続列車なし,10.0,42.0,未発車,45.0,48.2,anti_mid_stop,0.5,先行が塞いで駅間停車防止モード。現在はブレーキ後の短時間力行でtarget_speed_no_stop未達だが加速中。CBTC・制限速度違反なし。ノコギリ運転と判定され、prev_notch_duration6秒でreward上限0.5とした。
199.79999999999905,Train11,次駅への減速フェーズ（駅手前400m以内）,ブレーキ（減速）中,0.30000000000000004,力行（加速）,0.5,70.0,21.1,8.69,70.0,32.5,0.0,3.5989291627444073,19.9,9.2,この先制限速度なし,この先目立った勾配なし,前方71.1m先を23.0km/h,後続列車なし,5.0,0.0,発車済み,28.0,70.0,normal,0.0,ブレーキがCBTC未満で早すぎ、かつノコギリ運転（0.5s以下）と判定されreward上限0.0となった。
115.0,Train11,巡航フェーズ（駅間走行中）,惰行中,1.0,力行（加速）,6.0,70.0,70.0,69.2,70.0,949.7,65.0,213.61073789594045,0.0,12.5,この先制限速度なし,この先目立った勾配なし,前方1145.3m先を40.1km/h,後続列車なし,0.0,0.0,発車済み,110.0,70.0,normal,1.0,巡航フェーズでrequired_speedにほぼ到達し惰行が適切、制限速度・CBTCを遵守、先行列車との間隔も十分で遅延なしのため高評価。
178.59999999999923,Train11,次駅への減速フェーズ（駅手前400m以内）,力行（加速）中,0.1,ブレーキ（減速）,2.500000000000001,70.0,41.6,6.98,70.0,3.3,1.4,2.322857128605886,0.0,9.2,この先制限速度なし,この先目立った勾配なし,前方131.5m先を35.5km/h,後続列車なし,5.0,0.0,発車済み,60.0,70.0,normal,0.2,減速フェーズで加速し、ブレーキ→加速の切替が7秒未満かつ合理的理由がなくノコギリ運転と判定されたため、rewardは0.2とした。
42.0,Train11,巡航フェーズ（駅間走行中）,力行（加速）中,5.0,ブレーキ（減速）,6.0,70.0,70.0,30.51,70.0,1911.9,88.0,50.97162752949405,0.0,-2.1,この先制限速度なし,121m先に下り勾配6.7‰あり,前方1549.7m先を56.8km/h,後続列車なし,5.0,91.0,未発車,85.0,70.0,normal,0.9,巡航フェーズでrequired_speed未達だが、速度不足を解消すべく加速中であり、制限速度・CBTC遵守、間隔安全、ノコギリ運転なしと評価し高評価とした。
160.0,Train11,巡航フェーズ（駅間走行中）,ブレーキ（減速）中,6.0,力行（加速）,30.0,70.0,70.0,45.99,70.0,760.3,20.0,111.63259895551647,0.0,0.0,この先制限速度なし,170m先に上り勾配6.1‰あり,前方1645.5m先を47.6km/h,後続列車なし,0.0,0.0,,80.0,70.0,normal,0.2,巡航フェーズでrequired_speed未達の状態で不必要にブレーキをかけ、遅延とエネルギー浪費を招くため低評価とした。
189.39999999999952,Train11,次駅への減速フェーズ（駅手前400m以内）,ブレーキ（減速）中,0.6,惰行,0.1,70.0,0.0,20.74,70.0,23.7,0.0,20.428276922517032,11.5,9.2,この先制限速度なし,この先目立った勾配なし,前方24.1m先を0.0km/h,後続列車なし,10.0,3.6,未発車,45.0,8.5,anti_mid_stop,0.0,先行列車が40m以内に接近し衝突リスクがあるため即時0点とする。
64.0,Train11,巡航フェーズ（駅間走行中）,力行（加速）中,27.0,ブレーキ（減速）,6.0,70.0,70.0,54.82,70.0,1645.3,91.0,173.2396450788279,0.0,-6.7,この先制限速度なし,この先目立った勾配なし,前方1548.3m先を30.2km/h,後続列車なし,5.0,69.0,未発車,85.0,70.0,normal,1.0,巡航フェーズでrequired_speed未達のため加速は適切で、速度・制限・CBTCを遵守し、ノコギリ運転もなく全体的に安全かつ効率的。
80.0,Train11,巡航フェーズ（駅間走行中）,力行（加速）中,5.0,惰行,6.0,70.0,70.0,31.82,70.0,1952.4,100.0,55.408277445589,0.0,-2.1,この先制限速度なし,162m先に下り勾配6.7‰あり,前方2172.3m先を47.6km/h,後続列車なし,0.0,0.0,,110.0,70.0,normal,0.3,制限速度・CBTCは遵守しているが、惰行→力行への短時間切替が合理的理由なくノコギリ運転と判定され、reward上限が0.3に抑えられた。
21.0,Train11,巡航フェーズ（駅間走行中）,力行（加速）中,22.0,ブレーキ（減速）,30.0,70.0,70.0,40.59,70.0,2037.0,50.0,89.75302390162649,0.0,-2.1,この先制限速度なし,247m先に下り勾配6.7‰あり,前方796.4m先を62.9km/h,後続列車なし,10.0,157.0,未発車,60.0,52.5,anti_mid_stop,1.0,先行列車が塞いでいるため駅間停車防止モードで、target_speed_no_stop以下の加速は正当であり、速度超過や信号違反はなく、ノコギリ運転もなく間隔も安全なため高評価。
141.0,Train11,巡航フェーズ（駅間走行中）,惰行中,14.0,力行（加速）,6.0,70.0,70.0,62.37,63.4,476.6,39.0,187.9576297853047,0.0,6.1,この先制限速度なし,286m先に上り勾配9.2‰あり,前方1004.6m先を51.0km/h,後続列車なし,0.0,0.0,発車済み,110.0,63.4,normal,0.6,巡航フェーズでrequired_speed(63.4km/h)に達しておらず、上り勾配下で惰行を続けたため加速すべき場面で速度が低下し、定時性が損なわれた。
117.0,Train11,巡航フェーズ（駅間走行中）,力行（加速）中,36.0,惰行,6.0,70.0,70.0,64.49,70.0,1216.3,63.0,216.8916669800112,0.0,0.0,この先制限速度なし,226m先に上り勾配12.5‰あり,前方1928.3m先を48.3km/h,後続列車なし,0.0,0.0,,110.0,70.0,normal,1.0,巡航フェーズでrequired_speed未達のため加速が必要であり、制限速度・CBTC信号を遵守し、先行列車との安全距離も確保した上で適切に力行を継続している。
193.8999999999999,Train11,次駅への減速フェーズ（駅手前400m以内）,ブレーキ（減速）中,5.999999999999993,力行（加速）,21.0,70.0,70.0,39.33,70.0,71.1,0.0,72.91528044283187,14.0,9.2,この先制限速度なし,この先目立った勾配なし,前方945.3m先を57.5km/h,後続列車なし,0.0,0.0,発車済み,80.0,70.0,normal,0.9,ブレーキ中でdelta_stopが-1.8mと許容範囲内、速度・信号遵守、ノコギリ運転なし、先行列車との間隔も十分で安全に駅停車へ向かっているため高評価。
206.29999999999987,Train11,次駅への減速フェーズ（駅手前400m以内）,ブレーキ（減速）中,0.1,惰行,0.1,70.0,70.0,38.54,70.0,66.4,0.0,70.04122537509734,26.4,9.2,この先制限速度なし,この先目立った勾配なし,前方1572.4m先を48.7km/h,後続列車なし,0.0,0.0,,80.0,70.0,normal,0.9,ブレーキ開始が適切で、delta_stop‑3.64mが許容範囲内（|Δ|≤5m）であり、制限速度・CBTC遵守も問題ないため高評価。
93.0,Train11,巡航フェーズ（駅間走行中）,力行（加速）中,5.0,惰行,20.0,70.0,70.0,57.85,70.0,923.5,36.0,150.3227521813285,0.0,12.5,この先制限速度なし,この先目立った勾配なし,前方545.5m先を57.2km/h,後続列車なし,0.0,77.0,未発車,28.0,64.5,anti_mid_stop,1.0,先行列車が塞いでいるため駅間停車防止モードと判定し、target_speed_no_stop以下で加速しているため安全・適切な操作と判断した。
202.29999999999936,Train11,次駅への減速フェーズ（駅手前400m以内）,ブレーキ（減速）中,3.4000000000000017,力行（加速）,0.1,70.0,70.0,13.5,70.0,1.7,0.0,8.67461962543786,22.4,9.2,この先制限速度なし,この先目立った勾配なし,前方1096.8m先を62.5km/h,後続列車なし,0.0,0.0,発車済み,85.0,70.0,normal,0.0,delta_stopが-6.97mでブレーキ中でもオーバーランが確実と判断され、即0点ルールが適用される。
67.0,Train11,巡航フェーズ（駅間走行中）,惰行中,2.0,力行（加速）,6.0,70.0,70.0,62.88,70.0,1333.5,63.0,206.43357005173706,0.0,0.0,この先制限速度なし,343m先に上り勾配12.5‰あり,前方971.3m先を56.8km/h,後続列車なし,5.0,91.0,未発車,60.0,57.6,anti_mid_stop,0.4,先行列車が塞いで駅間停車防止モード。速度はtarget_speed_no_stop＋5km/h以内に抑えられるが、力行→惰行への短時間切替が合理的理由なくノコギリ運転と判定され、上限0.5点に抑えられた。
120.0,Train11,巡航フェーズ（駅間走行中）,惰行中,6.0,力行（加速）,13.0,70.0,70.0,48.97,70.0,743.8,34.0,126.34611264677203,0.0,0.0,この先制限速度なし,153m先に上り勾配6.1‰あり,前方638.3m先を31.5km/h,後続列車なし,5.0,70.0,未発車,28.0,38.9,anti_mid_stop,0.9,先行列車が遅延して塞いでいるため駅間停車防止モード。現在はtarget_speed_no_stopを超えているが、力行せず惰行で速度を自然減衰させているため適切。
184.499999999999,Train11,次駅への減速フェーズ（駅手前400m以内）,ブレーキ（減速）中,0.2,力行（加速）,0.1,70.0,43.6,0.59,70.0,2.3,0.0,0.01661874913815475,4.6,9.2,この先制限速度なし,この先目立った勾配なし,前方139.5m先を36.3km/h,後続列車なし,10.0,0.0,発車済み,60.0,70.0,normal,0.4,低速0.6 km/hでブレーキを継続し、delta_stopが2.28 mと許容範囲を超えているため次駅減速フェーズで停止位置が早すぎ、不要な減速と判断した。
66.0,Train11,巡航フェーズ（駅間走行中）,ブレーキ（減速）中,6.0,力行（加速）,16.0,70.0,70.0,21.82,70.0,2050.3,114.0,26.168965850288537,0.0,-2.1,この先制限速度なし,260m先に下り勾配6.7‰あり,前方2083.8m先を47.9km/h,後続列車なし,0.0,0.0,,110.0,70.0,normal,0.1,巡航フェーズでrequired_speed 70km/hに対し21.8km/hの不必要な減速ブレーキは遅延とエネルギー浪費を招くため大幅減点し0.1とする。
80.0,Train11,巡航フェーズ（駅間走行中）,力行（加速）中,8.0,ブレーキ（減速）,6.0,70.0,70.0,32.01,70.0,1989.1,98.0,56.06683065793873,0.0,-2.1,この先制限速度なし,199m先に下り勾配6.7‰あり,前方1989.5m先を0.0km/h,後続列車なし,0.0,8.0,未発車,110.0,70.0,normal,0.2,巡航フェーズでrequired_speed 70km/hに対し現在速度32km/hと大幅に遅く、先行列車なしで低速走行は遅延拡大となり減点対象。
176.99999999999943,Train11,次駅への減速フェーズ（駅手前400m以内）,ブレーキ（減速）中,0.30000000000000004,力行（加速）,0.1,70.0,29.4,19.55,70.0,22.1,3.0,18.158435697438605,0.0,9.2,この先制限速度なし,この先目立った勾配なし,前方91.0m先を28.8km/h,後続列車なし,10.0,0.0,発車済み,60.0,70.0,normal,0.9,次駅減速フェーズでブレーキがCBTC信号以下で適切に行われ、delta_stopが5m以内で停止位置が確保されているため高評価。
153.0,Train11,巡航フェーズ（駅間走行中）,力行（加速）中,18.0,ブレーキ（減速）,6.0,70.0,70.0,55.69,70.0,729.1,27.0,162.71529728801235,0.0,0.0,この先制限速度なし,139m先に上り勾配6.1‰あり,前方1521.0m先を47.8km/h,後続列車なし,0.0,0.0,,80.0,70.0,normal,0.9,巡航フェーズでrequired_speed未達のため加速が必要であり、現在の力行は速度・信号・制限を遵守し、ノコギリ運転や間隔問題もなく適切な操作である。
146.0,Train11,巡航フェーズ（駅間走行中）,力行（加速）中,22.0,ブレーキ（減速）,6.0,70.0,70.0,59.35,70.0,984.0,34.0,158.0820657867417,0.0,12.5,この先制限速度なし,この先目立った勾配なし,前方1682.7m先を47.9km/h,後続列車なし,0.0,0.0,,80.0,70.0,normal,0.8,巡航フェーズでrequired_speed未達だが加速中で安全・CBTC順守、ただし速度不足により遅延リスクが残るため評価をやや減点。
169.0,Train11,次駅への減速フェーズ（駅手前400m以内）,力行（加速）中,36.0,ブレーキ（減速）,6.0,70.0,70.0,60.47,70.0,238.6,11.0,176.89639097412814,0.0,6.1,この先制限速度なし,48m先に上り勾配9.2‰あり,前方324.1m先を31.1km/h,後続列車なし,0.0,0.0,発車済み,45.0,70.0,normal,0.8,先行列車より速度が高く加速しているため車間が縮小し安全余裕が不足、他は全て基準を満たす。
84.0,Train11,巡航フェーズ（駅間走行中）,ブレーキ（減速）中,1.0,力行（加速）,3.0,70.0,70.0,43.51,70.0,1376.2,55.0,100.05855939469356,0.0,0.0,この先制限速度なし,386m先に上り勾配12.5‰あり,前方1115.8m先を47.9km/h,後続列車なし,0.0,69.0,未発車,45.0,70.0,normal,0.1,巡航フェーズでrequired_speed未達のまま不必要にブレーキし、さらに力行→ブレーキの短時間切替でノコギリ運転となっているため大幅減点。
182.0,Train11,次駅への減速フェーズ（駅手前400m以内）,惰行中,1.0,力行（加速）,30.0,70.0,51.5,48.06,70.0,164.9,0.0,108.40452248401706,3.0,9.2,この先制限速度なし,この先目立った勾配なし,前方174.3m先を12.5km/h,後続列車なし,10.0,0.0,発車済み,45.0,70.0,normal,0.9,次駅減速フェーズでdelta_stopが正の余裕があり、速度はCBTC制限以下。惰行は許容範囲で安全・時刻・省エネすべて適合。
177.49999999999935,Train11,次駅への減速フェーズ（駅手前400m以内）,ブレーキ（減速）中,0.7999999999999999,惰行,0.1,70.0,70.0,15.55,15.6,2.8,2.5,11.50234476332441,0.0,9.2,この先制限速度なし,この先目立った勾配なし,前方414.1m先を47.9km/h,後続列車なし,5.0,0.0,発車済み,85.0,15.6,normal,0.0,δ_stopが-8.7mでブレーキ中でもオーバーランがほぼ確実と判断され、即reward0.0ルールが適用されたためreward=0.0。
188.7999999999999,Train11,次駅への減速フェーズ（駅手前400m以内）,ブレーキ（減速）中,0.30000000000000004,力行（加速）,0.1,70.0,39.4,41.27,70.0,78.1,0.0,80.21201456094627,8.9,9.2,この先制限速度なし,この先目立った勾配なし,前方123.3m先を24.5km/h,後続列車なし,10.0,0.0,発車済み,45.0,70.0,normal,0.9,ブレーキで減速し、delta_stopが許容範囲内で停止位置適切、CBTC信号遵守、ノコギリ運転なしの安全な操作のため高評価。
183.4999999999997,Train11,次駅への減速フェーズ（駅手前400m以内）,ブレーキ（減速）中,1.8000000000000005,惰行,0.1,70.0,69.2,31.99,70.0,36.4,0.0,48.39589126900267,3.6,9.2,この先制限速度なし,この先目立った勾配なし,前方272.1m先を42.0km/h,後続列車なし,0.0,0.0,発車済み,45.0,70.0,normal,0.0,delta_stopが-12mでブレーキ中でもオーバーランがほぼ確実と判断され、即reward0.0ルールが適用されたため。
63.0,Train11,巡航フェーズ（駅間走行中）,力行（加速）中,11.0,ブレーキ（減速）,1.0,70.0,70.0,47.75,70.0,1668.3,49.0,132.06847734997868,0.0,-6.7,この先制限速度なし,この先目立った勾配なし,前方1074.2m先を61.9km/h,後続列車なし,0.0,90.0,未発車,45.0,65.2,anti_mid_stop,0.9,先行列車が塞いでいるため駅間停車防止モードと判定し、target_speed_no_stop以下での加速は機外停車回避の正当操作であり、速度・信号・間隔・ノコギリ運転いずれにも違反がない。
21.0,Train11,巡航フェーズ（駅間走行中）,力行（加速）中,22.0,ブレーキ（減速）,30.0,70.0,70.0,40.59,70.0,2037.0,50.0,89.75302390162649,0.0,-2.1,この先制限速度なし,247m先に下り勾配6.7‰あり,前方796.4m先を62.9km/h,後続列車なし,10.0,142.0,未発車,60.0,57.2,anti_mid_stop,1.0,先行列車が塞いでいるため駅間停車防止モードで、target_speed_no_stop以下で加速中。速度超過・CBTC違反なし、間隔も適切で安全かつエネルギー効率的な運転と判断。
165.0,Train11,巡航フェーズ（駅間走行中）,力行（加速）中,4.0,惰行,6.0,70.0,70.0,66.31,70.0,604.3,15.0,229.0046433630777,0.0,0.0,この先制限速度なし,14m先に上り勾配6.1‰あり,前方1496.1m先を57.7km/h,後続列車なし,0.0,0.0,発車済み,110.0,70.0,normal,1.0,巡航フェーズでrequired_speed未達のため加速は適切で、速度・信号・制限速度すべて遵守し、ノコギリ運転もなく間隔問題もなし。
171.59999999999962,Train11,次駅への減速フェーズ（駅手前400m以内）,ブレーキ（減速）中,0.8999999999999999,力行（加速）,0.1,70.0,33.1,26.52,70.0,35.9,8.4,33.3325508694305,0.0,9.2,この先制限速度なし,この先目立った勾配なし,前方101.6m先を28.3km/h,後続列車なし,5.0,0.0,発車済み,60.0,70.0,normal,0.9,次駅減速フェーズでブレーキが適切に作動し、delta_stopが2.57mで許容範囲内、速度・CBTC信号遵守、ノコギリ運転なしのため高評価。
214.6999999999994,Train11,次駅への減速フェーズ（駅手前400m以内）,ブレーキ（減速）中,3.2000000000000015,力行（加速）,0.1,70.0,70.0,16.59,70.0,0.4,0.0,13.088283500414441,34.8,9.2,この先制限速度なし,この先目立った勾配なし,前方1225.3m先を63.2km/h,後続列車なし,0.0,0.0,発車済み,80.0,70.0,delay_recovery,0.0,delta_stopが-12.69mでブレーキ中にも関わらずオーバーランが確実と判定され、即0点ルールが適用されたため。
170.0,Train11,次駅への減速フェーズ（駅手前400m以内）,力行（加速）中,4.0,ブレーキ（減速）,6.0,70.0,36.4,21.89,70.0,112.2,8.0,22.747650599182947,0.0,9.2,この先制限速度なし,この先目立った勾配なし,前方112.5m先を0.0km/h,後続列車なし,10.0,8.0,未発車,60.0,24.5,anti_mid_stop,0.3,先行列車が塞いでいるためanti_mid_stopモードだが、ブレーキ後すぐの短時間力行は合理的理由がなくノコギリ運転と判定され、上限0.3点に抑えられた。
67.0,Train11,巡航フェーズ（駅間走行中）,力行（加速）中,25.0,ブレーキ（減速）,6.0,70.0,70.0,59.57,70.0,1406.7,86.0,185.69770335185402,0.0,0.0,この先制限速度なし,416m先に上り勾配12.5‰あり,前方1292.2m先を32.8km/h,後続列車なし,10.0,86.0,未発車,85.0,63.5,anti_mid_stop,0.9,先行列車が塞いでいるため駅間停車防止モード。現在速度は target_speed_no_stop 未満で加速中で、上限超過やノコギリ運転はなく安全かつ適切な運転と判断した。
194.09999999999982,Train11,次駅への減速フェーズ（駅手前400m以内）,惰行中,22.200000000000045,力行（加速）,6.0,70.0,19.8,34.6,70.0,68.1,0.0,56.55228125207715,16.2,9.2,この先制限速度なし,この先目立った勾配なし,前方68.5m先を0.0km/h,後続列車なし,10.0,15.9,未発車,28.0,14.5,anti_mid_stop,0.0,CBTC信号速度19.8km/hを超えてブレーキせずに34.6km/hで走行し、信号無視となったため即時0点。
215.79999999999933,Train11,次駅への減速フェーズ（駅手前400m以内）,ブレーキ（減速）中,4.200000000000001,力行（加速）,0.1,70.0,70.0,11.28,70.0,0.6,0.0,6.059887603886333,35.9,9.2,この先制限速度なし,この先目立った勾配なし,前方1634.1m先を48.7km/h,後続列車なし,0.0,0.0,,80.0,70.0,delay_recovery,0.0,低速(11.3km/h)でdelta_stopが-5.46mと大幅に手前にあり、ブレーキ中でもオーバーランが確実と判断されたため即0点とした。
121.0,Train11,巡航フェーズ（駅間走行中）,力行（加速）中,7.0,惰行,27.0,70.0,70.0,45.7,70.0,914.2,29.0,94.42058142511394,0.0,12.5,この先制限速度なし,この先目立った勾配なし,前方770.7m先を36.8km/h,後続列車なし,10.0,89.0,未発車,28.0,63.0,anti_mid_stop,1.0,先行列車が塞いでいる駅間停車防止モードで、target_speed_no_stop以下で加速中。制限速度・CBTC遵守、ノコギリ運転なし、間隔安全のため高評価。
105.0,Train11,巡航フェーズ（駅間走行中）,力行（加速）中,16.0,ブレーキ（減速）,6.0,70.0,70.0,45.09,70.0,1160.8,56.0,107.36163833551252,0.0,0.0,この先制限速度なし,170m先に上り勾配12.5‰あり,前方1107.6m先を22.3km/h,後続列車なし,0.0,48.0,未発車,45.0,70.0,normal,0.9,巡航フェーズでrequired_speed未達だが加速中であり、制限速度・CBTC遵守、間隔安全、ノコギリ運転なし。
183.79999999999933,Train11,次駅への減速フェーズ（駅手前400m以内）,惰行中,3.700000000000002,ブレーキ（減速）,4.000000000000002,70.0,14.2,8.47,70.0,42.8,0.0,3.419195892465121,3.9,9.2,この先制限速度なし,この先目立った勾配なし,前方59.5m先を16.1km/h,後続列車なし,10.0,0.0,発車済み,60.0,70.0,normal,0.2,低速惰行でブレーキせず停止位置が遠く、短時間のブレーキ→惰行切替がノコギリ運転と判定されたため低評価。
141.0,Train11,巡航フェーズ（駅間走行中）,力行（加速）中,9.0,惰行,6.0,70.0,70.0,46.65,70.0,413.5,37.0,106.13827340706032,0.0,6.1,この先制限速度なし,223m先に上り勾配9.2‰あり,前方419.8m先を10.3km/h,後続列車なし,0.0,0.0,発車済み,60.0,70.0,normal,0.9,required_speed未達で加速が必要であり、制限速度・CBTC信号を遵守し、先行列車との安全距離も確保されているため高評価。
212.09999999999914,Train11,次駅への減速フェーズ（駅手前400m以内）,ブレーキ（減速）中,1.6000000000000003,惰行,0.1,70.0,70.0,4.41,0.0,0.0,0.0,1.0441742210758393,32.2,0.0,この先制限速度なし,この先目立った勾配なし,前方1703.7m先を63.4km/h,後続列車なし,0.0,0.0,発車済み,110.0,0.0,delay_recovery,0.0,低速でブレーキ中にdelta_stopが-1.04mとなり停止位置を過走、次駅減速フェーズでのオーバーランと判定されたため0.0とした。
107.0,Train11,巡航フェーズ（駅間走行中）,ブレーキ（減速）中,5.0,惰行,8.0,70.0,70.0,52.2,57.7,893.9,71.0,122.77819230158183,0.0,12.5,この先制限速度なし,この先目立った勾配なし,前方894.3m先を0.0km/h,後続列車なし,5.0,26.0,未発車,85.0,57.7,normal,0.2,巡航フェーズでrequired_speed未達なのにブレーキをかけているため遅延とエネルギー浪費が生じ、評価を0.2とした。
189.89999999999932,Train11,次駅への減速フェーズ（駅手前400m以内）,ブレーキ（減速）中,0.2,惰行,0.1,70.0,70.0,14.59,0.0,0.0,0.0,11.396025293034786,10.0,0.0,この先制限速度なし,この先目立った勾配なし,前方308.2m先を45.0km/h,後続列車なし,0.0,0.0,発車済み,45.0,0.0,normal,0.0,delta_stop が -11.40 m でブレーキ中にも関わらずオーバーランが確実と判断され、即reward0.0ルールが適用された。
203.19999999999976,Train11,次駅への減速フェーズ（駅手前400m以内）,ブレーキ（減速）中,1.4000000000000001,惰行,0.1,70.0,70.0,32.86,70.0,54.3,0.0,51.045420378442536,23.3,9.2,この先制限速度なし,この先目立った勾配なし,前方1518.7m先を48.2km/h,後続列車なし,0.0,0.0,,80.0,70.0,normal,0.0,ブレーキ直前の惰行からの切替が合理的理由なく1.4秒で行われ、ノコギリ運転と判定され上限0.0点となった。
76.0,Train11,巡航フェーズ（駅間走行中）,力行（加速）中,47.0,ブレーキ（減速）,30.0,70.0,70.0,61.88,69.7,1678.9,102.0,219.5897088907447,0.0,-6.7,この先制限速度なし,この先目立った勾配なし,前方1679.2m先を0.0km/h,後続列車なし,0.0,12.0,未発車,110.0,69.7,normal,0.9,巡航フェーズでrequired_speed未達のため加速は適切で、速度制限・CBTC遵守、ノコギリ運転なし、先行列車との間隔も十分で評価は高い。
179.0,Train11,次駅への減速フェーズ（駅手前400m以内）,力行（加速）中,2.0,惰行,6.0,70.0,70.0,65.76,70.0,343.8,1.0,208.47729835429266,0.0,6.1,この先制限速度なし,153m先に上り勾配9.2‰あり,前方1468.6m先を63.4km/h,後続列車なし,0.0,0.0,発車済み,110.0,70.0,normal,0.2,次駅減速フェーズで加速しており、CBTC・制限速度は守っているが不適切な力行とノコギリ運転が判定されたため低評価。
176.0,Train11,巡航フェーズ（駅間走行中）,力行（加速）中,14.0,ブレーキ（減速）,6.0,70.0,70.0,51.22,70.0,508.1,4.0,127.62785644817691,0.0,6.1,この先制限速度なし,318m先に上り勾配9.2‰あり,前方1108.1m先を52.6km/h,後続列車なし,0.0,0.0,発車済み,80.0,70.0,normal,0.9,巡航フェーズでrequired_speed未達だが加速中であり、制限速度・CBTC遵守、ノコギリ運転なし、前方列車との間隔も適切なため高評価。
208.99999999999943,Train11,次駅への減速フェーズ（駅手前400m以内）,ブレーキ（減速）中,5.299999999999997,力行（加速）,0.1,70.0,70.0,16.21,70.0,14.5,0.0,12.497004439890326,29.1,9.2,この先制限速度なし,この先目立った勾配なし,前方1556.9m先を48.4km/h,後続列車なし,0.0,0.0,,80.0,70.0,normal,1.0,次駅減速フェーズで適切にブレーキし、delta_stopが2mで停止位置は良好、制限速度・CBTC遵守、ノコギリ運転なし、先行列車との間隔も十分であるため高評価。
109.0,Train11,巡航フェーズ（駅間走行中）,力行（加速）中,8.0,惰行,6.0,70.0,70.0,53.26,70.0,1418.7,71.0,149.05768346958425,0.0,0.0,この先制限速度なし,428m先に上り勾配12.5‰あり,前方1625.2m先を48.2km/h,後続列車なし,0.0,0.0,,80.0,70.0,normal,1.0,巡航フェーズでrequired_speed未達のため加速は適切で、速度・信号・制限速度すべて遵守し、ノコギリ運転もなく間隔も適正なため高評価。
171.99999999999955,Train11,次駅への減速フェーズ（駅手前400m以内）,ブレーキ（減速）中,12.099999999999971,惰行,6.0,70.0,70.0,23.03,23.0,21.0,8.0,25.168714543922103,0.0,9.2,この先制限速度なし,この先目立った勾配なし,前方1026.5m先を59.2km/h,後続列車なし,0.0,0.0,発車済み,110.0,23.0,normal,0.9,ブレーキが適切に作動し、delta_stopが5m以内の許容範囲内で停止位置も良好、速度・信号遵守、間隔問題なし。
181.09999999999926,Train11,次駅への減速フェーズ（駅手前400m以内）,ブレーキ（減速）中,2.800000000000001,力行（加速）,0.1,70.0,59.0,6.94,70.0,4.0,0.0,2.2963318100944887,1.2,9.2,この先制限速度なし,この先目立った勾配なし,前方212.1m先を40.8km/h,後続列車なし,10.0,0.0,発車済み,85.0,70.0,normal,0.9,ブレーキは駅手前の減速フェーズで適切に行われ、CBTC信号を遵守し、停止位置は許容誤差内で安全に確保されているため高評価。
179.49999999999997,Train11,次駅への減速フェーズ（駅手前400m以内）,ブレーキ（減速）中,5.599999999999998,力行（加速）,3.0,70.0,70.0,44.47,70.0,81.0,0.5,92.98643970617009,0.0,9.2,この先制限速度なし,この先目立った勾配なし,前方1630.1m先を48.3km/h,後続列車なし,0.0,0.0,,110.0,70.0,normal,0.0,ブレーキ中にdelta_stopが-11.99mでオーバーランがほぼ確実と判定され、即reward0.0ルールが適用されたため。
106.0,Train11,巡航フェーズ（駅間走行中）,力行（加速）中,25.0,惰行,6.0,70.0,70.0,58.29,70.0,1404.2,74.0,177.95704458243964,0.0,0.0,この先制限速度なし,414m先に上り勾配12.5‰あり,前方1969.9m先を47.8km/h,後続列車なし,0.0,0.0,,110.0,70.0,normal,0.9,巡航フェーズでrequired_speed未達のため加速は適切で、制限速度・CBTC遵守、間隔・ノコギリ運転なしと評価し高得点とした。
139.0,Train11,巡航フェーズ（駅間走行中）,力行（加速）中,26.0,ブレーキ（減速）,6.0,70.0,70.0,61.61,70.0,1064.7,41.0,198.355389587286,0.0,0.0,この先制限速度なし,74m先に上り勾配12.5‰あり,前方1196.9m先を35.9km/h,後続列車なし,0.0,0.0,発車済み,80.0,70.0,normal,0.9,巡航フェーズでrequired_speed未達ながら加速中であり、制限速度・CBTCを遵守、先行列車との間隔適正、ノコギリ運転なしと評価できる。
177.7999999999996,Train11,次駅への減速フェーズ（駅手前400m以内）,ブレーキ（減速）中,0.8999999999999999,力行（加速）,0.1,70.0,15.6,26.22,70.0,34.9,2.2,32.586357040570405,0.0,9.2,この先制限速度なし,この先目立った勾配なし,前方61.6m先を19.7km/h,後続列車なし,0.0,0.0,発車済み,28.0,70.0,normal,0.0,短時間の力行→ブレーキへの切替が合理的理由なく行われ、ノコギリ運転と判定され上限0.0点となったため評価は0.0。
200.39999999999924,Train11,次駅への減速フェーズ（駅手前400m以内）,ブレーキ（減速）中,3.0000000000000013,力行（加速）,0.1,70.0,44.1,9.87,0.0,0.0,0.0,5.222814581698973,20.5,0.0,この先制限速度なし,この先目立った勾配なし,前方141.5m先を37.0km/h,後続列車なし,10.0,0.0,発車済み,45.0,0.0,normal,0.0,ブレーキ中にdelta_stopが-5.22mでオーバーランがほぼ確実と判断され、即時0点ルールが適用されたため。
96.0,Train11,巡航フェーズ（駅間走行中）,惰行中,9.0,力行（加速）,12.0,70.0,70.0,46.37,70.0,1224.8,24.0,113.46001226004198,0.0,0.0,この先制限速度なし,234m先に上り勾配12.5‰あり,前方732.8m先を60.1km/h,後続列車なし,10.0,114.0,未発車,28.0,44.7,anti_mid_stop,1.0,先行列車が塞ぎ駅間停車防止モードで、速度46.4km/hがtarget_speed_no_stop44.7km/h付近に維持され制限・CBTC遵守、ノコギリ運転なし、間隔適正のため高評価。
162.0,Train11,巡航フェーズ（駅間走行中）,力行（加速）中,9.0,惰行,6.0,70.0,70.0,43.7,70.0,500.2,18.0,93.28432615867885,0.0,6.1,この先制限速度なし,310m先に上り勾配9.2‰あり,前方972.4m先を49.5km/h,後続列車なし,0.0,0.0,発車済み,85.0,70.0,normal,0.7,巡航フェーズでrequired_speed未達だが加速中で適切、速度・信号・間隔に安全上の問題はなく、遅れリスクのみが残る。
195.6999999999995,Train11,次駅への減速フェーズ（駅手前400m以内）,ブレーキ（減速）中,0.7,惰行,0.1,70.0,37.8,23.15,70.0,16.8,0.0,25.430612452500913,15.8,9.2,この先制限速度なし,この先目立った勾配なし,前方117.4m先を32.8km/h,後続列車なし,10.0,0.0,発車済み,45.0,70.0,normal,0.0,delta_stopが-8.63mでブレーキ中にも関わらずオーバーランが確実と判断され、即0.0ルールが適用された。
89.0,Train11,巡航フェーズ（駅間走行中）,惰行中,2.0,力行（加速）,58.0,70.0,70.0,68.1,70.0,1441.8,89.0,241.2169530824992,0.0,0.0,この先制限速度なし,451m先に上り勾配12.5‰あり,前方1443.7m先を5.4km/h,後続列車なし,0.0,0.0,発車済み,110.0,70.0,normal,0.5,巡航フェーズでrequired_speed未達の状態で惰行を続けたため遅延リスクが生じ、評価を減点し0.5とした。
181.3999999999998,Train11,次駅への減速フェーズ（駅手前400m以内）,ブレーキ（減速）中,0.2,力行（加速）,0.2,70.0,68.6,37.97,70.0,56.8,0.0,68.00259972137124,1.5,9.2,この先制限速度なし,この先目立った勾配なし,前方268.3m先を40.9km/h,後続列車なし,0.0,0.0,発車済み,45.0,70.0,normal,0.0,delta_stopが-11.2mでブレーキ中にも関わらずオーバーランが確実と判定され、即0.0ルールが適用されたため。
185.09999999999965,Train11,次駅への減速フェーズ（駅手前400m以内）,ブレーキ（減速）中,1.3,力行（加速）,0.1,70.0,70.0,29.12,70.0,23.7,0.0,40.14841473760495,5.2,9.2,この先制限速度なし,この先目立った勾配なし,前方1647.8m先を48.8km/h,後続列車なし,0.0,0.0,,110.0,70.0,normal,0.0,delta_stopが-16.45mでオーバーランが確実であり即時0点ルールに該当するためrewardは0.0とする。
191.09999999999977,Train11,次駅への減速フェーズ（駅手前400m以内）,ブレーキ（減速）中,0.30000000000000004,惰行,0.1,70.0,37.3,34.94,70.0,53.8,0.0,57.66062941095475,11.2,9.2,この先制限速度なし,この先目立った勾配なし,前方115.6m先を27.6km/h,後続列車なし,10.0,0.0,発車済み,45.0,70.0,normal,0.9,ブレーキで減速中、CBTC信号速度以下かつ制限速度遵守、delta_stop‑3.86 m（|Δ|≤5 m）で許容範囲内、即時ゼロ違反なし。
225.4999999999994,Train11,次駅への減速フェーズ（駅手前400m以内）,ブレーキ（減速）中,1.6000000000000003,惰行,0.1,70.0,70.0,14.91,70.0,5.8,0.0,10.57700365120495,45.6,9.2,この先制限速度なし,この先目立った勾配なし,前方2183.9m先を51.7km/h,後続列車なし,0.0,0.0,,110.0,70.0,delay_recovery,0.0,次駅減速フェーズで低速(14.9km/h)かつdelta_stopが-4.78mでオーバーランが確実なため安全違反とみなし、rewardを0.0とする。
164.29999999999998,Train11,次駅への減速フェーズ（駅手前400m以内）,ブレーキ（減速）中,4.399999999999999,惰行,6.0,70.0,70.0,45.84,45.8,94.5,15.7,98.73514605912409,0.0,9.2,この先制限速度なし,この先目立った勾配なし,前方975.1m先を57.6km/h,後続列車なし,0.0,0.0,発車済み,110.0,45.8,normal,0.9,ブレーキが適切に作動し、delta_stopが‑4.24mで許容範囲内のため安全に駅停車でき、他に問題はない。
210.9999999999996,Train11,次駅への減速フェーズ（駅手前400m以内）,ブレーキ（減速）中,1.9000000000000006,力行（加速）,0.1,70.0,70.0,27.01,70.0,22.9,0.0,34.56926607227527,31.1,9.2,この先制限速度なし,この先目立った勾配なし,前方1182.9m先を63.1km/h,後続列車なし,0.0,0.0,発車済み,80.0,70.0,delay_recovery,0.0,delta_stopが-11.67mでブレーキ中でもオーバーランが確実と判断され、即reward0.0ルールが適用された。
186.0,Train11,次駅への減速フェーズ（駅手前400m以内）,惰行中,6.0,力行（加速）,27.0,70.0,70.0,52.13,70.0,165.9,0.0,127.26101883015485,7.0,9.2,この先制限速度なし,この先目立った勾配なし,前方994.1m先を56.8km/h,後続列車なし,0.0,0.0,発車済み,85.0,70.0,normal,0.9,次駅減速フェーズで速度が制限・CBTC内に収まり、delta_stopが正でブレーキ未実施でも許容範囲であり、ノコギリ運転でもなく、適切な減速操作と判断したため高評価。
44.0,Train11,巡航フェーズ（駅間走行中）,力行（加速）中,2.0,ブレーキ（減速）,6.0,70.0,70.0,40.77,70.0,1735.0,82.0,96.69674247380642,0.0,-6.7,この先制限速度なし,この先目立った勾配なし,前方1325.0m先を58.0km/h,後続列車なし,10.0,109.0,未発車,85.0,52.3,anti_mid_stop,0.4,先行列車が塞ぎ駅間停車防止モードでtarget_speed_no_stop以下の加速は適切だが、直前のブレーキから2秒で力行へ切替えが7秒未満で合理的理由がなくノコギリ運転と判定され、reward上限が0.5に抑えられた。
181.99999999999915,Train11,次駅への減速フェーズ（駅手前400m以内）,惰行中,0.1,ブレーキ（減速）,1.5000000000000002,70.0,37.7,5.91,70.0,4.3,0.0,1.6656860379621792,2.1,9.2,この先制限速度なし,この先目立った勾配なし,前方117.0m先を34.1km/h,後続列車なし,10.0,0.0,発車済み,60.0,70.0,normal,0.0,直前のブレーキから0.1秒の惰行への切替がCBTCや停車調整の合理的理由なく、保持時間が7秒未満でノコギリ運転と判定され、reward上限が0.0となる。
201.5999999999994,Train11,次駅への減速フェーズ（駅手前400m以内）,ブレーキ（減速）中,0.8999999999999999,力行（加速）,0.1,70.0,0.0,15.5,70.0,14.5,0.0,11.428662987148833,23.7,9.2,この先制限速度なし,この先目立った勾配なし,前方14.8m先を0.0km/h,後続列車なし,10.0,8.4,未発車,28.0,6.6,anti_mid_stop,0.0,先行列車が14.8m先で停止しており、距離が安全基準40m未満のため即reward0.0ルールが適用される。
93.0,Train11,巡航フェーズ（駅間走行中）,力行（加速）中,14.0,惰行,6.0,70.0,70.0,56.52,69.8,1090.3,71.0,167.51057073829563,0.0,0.0,この先制限速度なし,100m先に上り勾配12.5‰あり,前方1054.0m先を18.4km/h,後続列車なし,0.0,45.0,未発車,60.0,69.8,normal,0.8,巡航フェーズでrequired_speed未達だが加速中で適切。制限速度・CBTC遵守、間隔安全、ノコギリ運転なし。
178.49999999999918,Train11,次駅への減速フェーズ（駅手前400m以内）,ブレーキ（減速）中,4.300000000000001,力行（加速）,0.1,70.0,70.0,4.51,0.0,0.0,1.5,1.092039610123688,0.0,0.0,この先制限速度なし,この先目立った勾配なし,前方1112.1m先を63.2km/h,後続列車なし,0.0,0.0,発車済み,110.0,0.0,normal,0.0,delta_stopが-1.09mで低速域の許容範囲を超え、駅手前でのオーバーランが確実なためrewardを0.0とした。
168.79999999999984,Train11,次駅への減速フェーズ（駅手前400m以内）,ブレーキ（減速）中,2.0000000000000004,力行（加速）,0.1,70.0,70.0,37.88,70.0,65.7,11.2,67.6834008337958,0.0,9.2,この先制限速度なし,この先目立った勾配なし,前方365.1m先を44.5km/h,後続列車なし,5.0,0.0,発車済み,85.0,70.0,normal,0.0,直前の力行から2秒のブレーキへの切替が7秒未満で合理的理由がなく、ノコギリ運転と判定され上限rewardが0.0となる。
166.8999999999999,Train11,次駅への減速フェーズ（駅手前400m以内）,ブレーキ（減速）中,0.2,力行（加速）,1.3,70.0,35.5,36.58,37.2,76.6,13.1,63.15468225276608,0.0,9.2,この先制限速度なし,この先目立った勾配なし,前方109.6m先を21.6km/h,後続列車なし,5.0,0.0,発車済み,60.0,37.2,normal,0.5,ブレーキが早すぎて停止位置が手前になる可能性と、先行列車との車間が標準間隔を下回っているため減点し、rewardを0.5とした。
65.0,Train11,巡航フェーズ（駅間走行中）,力行（加速）中,5.0,ブレーキ（減速）,6.0,70.0,70.0,30.81,70.0,1910.9,64.0,51.97161847612181,0.0,-2.1,この先制限速度なし,120m先に下り勾配6.7‰あり,前方1530.8m先を48.4km/h,後続列車なし,0.0,0.0,,80.0,70.0,normal,0.5,先行列車との間隔は適切だが、ブレーキ後5秒の加速はノコギリ運転と判定され、上限0.5点になる。
182.39999999999935,Train11,次駅への減速フェーズ（駅手前400m以内）,ブレーキ（減速）中,0.7999999999999999,力行（加速）,0.1,70.0,70.0,13.67,70.0,9.1,0.0,8.894040556097533,2.5,9.2,この先制限速度なし,この先目立った勾配なし,前方419.0m先を47.9km/h,後続列車なし,0.0,0.0,発車済み,60.0,70.0,normal,1.0,次駅減速フェーズで適切にブレーキし、delta_stopが0.21mで停止位置は高精度、速度・CBTC遵守、他に違反なし。
50.0,Train11,巡航フェーズ（駅間走行中）,惰行中,19.0,力行（加速）,32.0,70.0,70.0,50.34,70.0,1646.8,52.0,146.53339713381925,0.0,-6.7,この先制限速度なし,この先目立った勾配なし,前方913.5m先を62.9km/h,後続列車なし,10.0,128.0,未発車,60.0,39.1,anti_mid_stop,0.8,先行列車が塞いでいるため駅間停車防止モード。target_speed_no_stop(39.1km/h) を超える速度で惰行しているが、加速は行っておらず過剰加速ではないため高評価とした。
102.0,Train11,巡航フェーズ（駅間走行中）,惰行中,2.0,力行（加速）,6.0,70.0,70.0,69.14,69.9,1196.8,78.0,248.4477367083051,0.0,0.0,この先制限速度なし,206m先に上り勾配12.5‰あり,前方1265.7m先を28.8km/h,後続列車なし,0.0,0.0,発車済み,110.0,69.9,normal,0.3,巡航フェーズでrequired_speed未達のまま惰行し、ノコギリ運転と判定されたため評価を低くし0.3とした。
186.1999999999996,Train11,次駅への減速フェーズ（駅手前400m以内）,ブレーキ（減速）中,0.8999999999999999,惰行,0.1,70.0,70.0,26.13,70.0,15.3,0.0,32.36412567548515,6.3,9.2,この先制限速度なし,この先目立った勾配なし,前方1654.2m先を48.6km/h,後続列車なし,0.0,0.0,,110.0,70.0,normal,0.0,delta_stop が -17m と大きく負で、ブレーキ中にも関わらずオーバーランが確実なため即0点ルールが適用される。
106.0,Train11,巡航フェーズ（駅間走行中）,惰行中,3.0,力行（加速）,13.0,70.0,70.0,55.58,70.0,1582.5,74.0,162.08474660814153,0.0,0.0,この先制限速度なし,この先目立った勾配なし,前方1749.2m先を48.0km/h,後続列車なし,0.0,0.0,,80.0,70.0,normal,0.2,巡航フェーズでrequired_speed 70km/hに対し55.6km/hの惰行が続き、必要速度未達で遅延リスクが高いため減点し0.2とした。
179.9999999999995,Train11,次駅への減速フェーズ（駅手前400m以内）,力行（加速）中,0.1,ブレーキ（減速）,0.9999999999999999,70.0,70.0,19.74,70.0,20.3,0.0,18.51195374311109,0.1,9.2,この先制限速度なし,この先目立った勾配なし,前方398.5m先を47.0km/h,後続列車なし,0.0,0.0,発車済み,60.0,70.0,normal,0.0,減速フェーズで加速し、直前のブレーキからの逆転が7秒未満で合理的理由がなくノコギリ運転と判定されたため、即0点とする。
179.4999999999993,Train11,次駅への減速フェーズ（駅手前400m以内）,ブレーキ（減速）中,2.2000000000000006,力行（加速）,0.1,70.0,32.8,12.71,70.0,10.8,0.5,7.6907655345257355,0.0,9.2,この先制限速度なし,この先目立った勾配なし,前方100.7m先を31.6km/h,後続列車なし,10.0,0.0,発車済み,60.0,70.0,normal,0.5,ブレーキは減速フェーズで適切だが、低速域（12.7km/h）でdelta_stopが3.11mとやや早めに停止位置手前でブレーキしているため減点し0.5とする。
91.0,Train11,巡航フェーズ（駅間走行中）,ブレーキ（減速）中,4.0,力行（加速）,12.0,70.0,70.0,53.1,70.0,1501.1,87.0,148.17845210464662,0.0,0.0,この先制限速度なし,この先目立った勾配なし,前方1501.5m先を0.0km/h,後続列車なし,0.0,27.0,未発車,80.0,70.0,normal,0.2,巡航フェーズでrequired_speed未達なのにブレーキをかけており、先行列車が遠く安全余裕があるため不必要な減速となり大幅減点。
205.9999999999992,Train11,次駅への減速フェーズ（駅手前400m以内）,ブレーキ（減速）中,1.0999999999999999,力行（加速）,0.1,70.0,70.0,5.91,0.0,0.0,0.0,1.8746045202438446,26.1,0.0,この先制限速度なし,この先目立った勾配なし,前方1067.8m先を61.7km/h,後続列車なし,0.0,0.0,発車済み,80.0,0.0,normal,0.8,ブレーキで減速中、delta_stop‑1.87mは低速域の許容範囲内で安全かつ適切な減速であり、速度・CBTC遵守、ノコギリ運転なし、間隔も適正なため0.8とした。
187.19999999999908,Train11,次駅への減速フェーズ（駅手前400m以内）,ブレーキ（減速）中,2.400000000000001,惰行,0.1,70.0,70.0,0.7,0.0,0.0,0.0,0.026330335118254364,7.3,0.0,この先制限速度なし,この先目立った勾配なし,前方474.1m先を49.6km/h,後続列車なし,0.0,0.0,発車済み,60.0,0.0,normal,0.9,駅手前で適切にブレーキし、delta_stopが許容範囲内（低速域±1m）で安全に停止に向かっているため高評価。
196.59999999999974,Train11,次駅への減速フェーズ（駅手前400m以内）,ブレーキ（減速）中,0.7,惰行,0.1,70.0,70.0,31.95,70.0,44.4,0.0,48.27574235009553,16.7,9.2,この先制限速度なし,この先目立った勾配なし,前方962.0m先を58.1km/h,後続列車なし,0.0,0.0,発車済み,80.0,70.0,normal,0.9,ブレーキが適切に掛かり、delta_stopが±5m以内で安全に停止できるため高評価とし、reward=0.9とする。
165.5999999999999,Train11,次駅への減速フェーズ（駅手前400m以内）,ブレーキ（減速）中,5.699999999999994,惰行,6.0,70.0,70.0,41.96,42.0,78.7,14.4,82.8888944624827,0.0,9.2,この先制限速度なし,この先目立った勾配なし,前方980.1m先を57.9km/h,後続列車なし,0.0,0.0,発車済み,110.0,42.0,normal,1.0,減速フェーズでdelta_stopが±5m以内、速度・信号遵守、合理的なブレーキ操作のため最高評価とする。
180.19999999999948,Train11,次駅への減速フェーズ（駅手前400m以内）,ブレーキ（減速）中,0.7,力行（加速）,0.1,70.0,15.0,19.88,70.0,19.6,0.0,18.774604145819165,0.3,9.2,この先制限速度なし,この先目立った勾配なし,前方60.7m先を23.6km/h,後続列車なし,0.0,0.0,発車済み,28.0,70.0,normal,0.9,ブレーキで適切に減速し、delta_stop 0.83 m の許容範囲内で停止位置を確保。速度超過や衝突リスクなし、ノコギリ運転も判定せず、全体的に安全かつ定時に近い運転。
177.79999999999967,Train11,次駅への減速フェーズ（駅手前400m以内）,ブレーキ（減速）中,1.7000000000000004,力行（加速）,0.1,70.0,15.7,17.0,70.0,61.0,0.2,13.74147429637538,0.0,9.2,この先制限速度なし,この先目立った勾配なし,前方61.7m先を2.2km/h,後続列車なし,10.0,0.2,未発車,60.0,19.3,anti_mid_stop,0.2,delta_stopが47.26mで30m超過の早過ぎるブレーキと判定し、早期減速による停止位置遅れが大きいためrewardを0.2とした。
208.59999999999974,Train11,次駅への減速フェーズ（駅手前400m以内）,ブレーキ（減速）中,0.1,力行（加速）,0.1,70.0,70.0,33.69,70.0,43.2,0.0,53.63773535871257,28.7,9.2,この先制限速度なし,この先目立った勾配なし,前方1161.0m先を63.2km/h,後続列車なし,0.0,0.0,発車済み,80.0,70.0,normal,0.0,delta_stopが-10.44mでブレーキ中でもオーバーランが確実と判定され、即0.0ルールが適用されたため。
94.0,Train11,巡航フェーズ（駅間走行中）,惰行中,1.0,ブレーキ（減速）,1.0,70.0,70.0,41.61,70.0,1053.8,45.0,91.60648300773673,0.0,0.0,この先制限速度なし,63m先に上り勾配12.5‰あり,前方793.3m先を47.9km/h,後続列車なし,10.0,99.0,未発車,45.0,42.4,anti_mid_stop,0.0,ブレーキから1秒で惰行への切替に合理的理由がなく、保持時間が7秒未満のためノコギリ運転と判定され、reward上限が0.0となった。
191.89999999999938,Train11,次駅への減速フェーズ（駅手前400m以内）,ブレーキ（減速）中,0.6,惰行,0.1,70.0,0.0,14.88,70.0,11.3,0.0,10.53457527643922,14.0,9.2,この先制限速度なし,この先目立った勾配なし,前方11.7m先を0.0km/h,後続列車なし,10.0,1.1,未発車,45.0,5.8,anti_mid_stop,0.9,先行列車が停車しているため駅間停車防止モード。CBTC0km/hに従いブレーキで減速し、delta_stopが正で停止距離内に収まっているため高評価。
175.89999999999932,Train11,次駅への減速フェーズ（駅手前400m以内）,ブレーキ（減速）中,1.7000000000000004,力行（加速）,0.1,70.0,70.0,12.09,12.1,2.0,4.1,6.9599268143457245,0.0,9.2,この先制限速度なし,この先目立った勾配なし,前方1073.0m先を61.7km/h,後続列車なし,0.0,0.0,発車済み,110.0,12.1,normal,0.0,delta_stopが-4.96mで低速域(12.1km/h)のブレーキ中に停止位置が手前に大きくずれ、オーバーランが確実と判断されたためreward=0.0とする。
201.0,Train11,次駅への減速フェーズ（駅手前400m以内）,力行（加速）中,1.0,惰行,6.0,70.0,70.0,52.34,70.0,136.7,0.0,128.27337313805128,22.0,9.2,この先制限速度なし,この先目立った勾配なし,前方1125.8m先を59.0km/h,後続列車なし,0.0,0.0,発車済み,80.0,70.0,normal,0.2,次駅減速フェーズで不適切に加速し、ノコギリ運転かつ停止位置遅延が生じたため低評価。
179.7999999999991,Train11,次駅への減速フェーズ（駅手前400m以内）,ブレーキ（減速）中,5.599999999999996,力行（加速）,0.1,70.0,70.0,0.72,0.0,0.0,0.2,0.027856303995995767,0.0,0.0,この先制限速度なし,この先目立った勾配なし,前方1134.0m先を63.3km/h,後続列車なし,0.0,0.0,発車済み,110.0,0.0,normal,1.0,次駅減速フェーズでブレーキが適切に掛かり、delta_stopが-0.03mで停止位置誤差が1m以内のため高評価。
207.89999999999938,Train11,次駅への減速フェーズ（駅手前400m以内）,ブレーキ（減速）中,1.2,惰行,0.1,70.0,70.0,15.43,70.0,9.7,0.0,11.325904051974554,28.0,9.2,この先制限速度なし,この先目立った勾配なし,前方1642.1m先を63.4km/h,後続列車なし,0.0,0.0,発車済み,110.0,70.0,normal,0.9,次駅減速フェーズで適切にブレーキし、delta_stopが許容範囲内で速度も制限・CBTC内、ノコギリ運転なしと評価したため高評価。
114.0,Train11,巡航フェーズ（駅間走行中）,力行（加速）中,1.0,ブレーキ（減速）,6.0,70.0,70.0,34.41,47.0,670.5,64.0,62.87982660146102,0.0,0.0,この先制限速度なし,80m先に上り勾配6.1‰あり,前方670.9m先を0.0km/h,後続列車なし,5.0,44.0,未発車,60.0,47.0,normal,0.5,巡航フェーズでrequired_speed未達のため加速は適切だが、直前のブレーキと現在の短時間加速がノコギリ運転と判定され、reward上限が0.5に抑えられた。
138.0,Train11,巡航フェーズ（駅間走行中）,力行（加速）中,3.0,ブレーキ（減速）,6.0,70.0,70.0,49.63,70.0,946.3,42.0,111.13689397629203,0.0,12.5,この先制限速度なし,この先目立った勾配なし,前方1538.6m先を47.6km/h,後続列車なし,0.0,0.0,,80.0,70.0,normal,0.4,直前のブレーキから3秒の力行は合理的根拠がなくノコギリ運転と判定され、上限0.5点に抑えた結果、0.4点となった。
172.0999999999997,Train11,次駅への減速フェーズ（駅手前400m以内）,惰行中,1.7000000000000004,力行（加速）,0.2,70.0,28.2,24.87,70.0,53.5,7.9,29.331797062300513,0.0,9.2,この先制限速度なし,この先目立った勾配なし,前方87.7m先を21.9km/h,後続列車なし,10.0,0.0,発車済み,60.0,70.0,normal,1.0,安全にCBTC信号28.2km/h以下で走行し、減速開始点より前に惰行を継続しているため停止位置は確保でき、即時0点要因はなし。
42.0,Train11,巡航フェーズ（駅間走行中）,力行（加速）中,4.0,惰行,6.0,70.0,70.0,33.68,70.0,1898.4,45.0,62.019015344706084,0.0,-2.1,この先制限速度なし,108m先に下り勾配6.7‰あり,前方938.4m先を62.4km/h,後続列車なし,0.0,111.0,未発車,45.0,67.0,normal,0.2,必要速度70km/hに対し33.7km/hで長時間惰行し、無根拠の力行切替でノコギリ運転と判定され、大幅減点。
207.3999999999998,Train11,次駅への減速フェーズ（駅手前400m以内）,ブレーキ（減速）中,3.1000000000000014,惰行,0.1,70.0,70.0,36.85,70.0,54.9,0.0,64.08264246155424,27.5,9.2,この先制限速度なし,この先目立った勾配なし,前方1151.8m先を62.6km/h,後続列車なし,0.0,0.0,発車済み,80.0,70.0,normal,0.0,δ_stopが-9.18mでブレーキ中にも関わらずオーバーランがほぼ確実と判定され、即reward0.0ルールが適用された。
51.0,Train11,巡航フェーズ（駅間走行中）,力行（加速）中,22.0,ブレーキ（減速）,30.0,70.0,70.0,40.59,70.0,2037.0,121.0,89.75302390162649,0.0,-2.1,この先制限速度なし,247m先に下り勾配6.7‰あり,前方2030.2m先を8.1km/h,後続列車なし,0.0,37.0,未発車,110.0,70.0,normal,0.9,巡航フェーズでrequired_speed未達だが加速中であり、制限速度・CBTCを遵守、先行列車との間隔も十分で安全な運転と判断した。
167.0,Train11,次駅への減速フェーズ（駅手前400m以内）,力行（加速）中,6.0,惰行,26.0,70.0,62.4,38.84,70.0,237.5,11.0,73.86862460560057,0.0,6.1,この先制限速度なし,47m先に上り勾配9.2‰あり,前方237.9m先を0.0km/h,後続列車なし,10.0,26.0,未発車,45.0,28.5,anti_mid_stop,0.5,先行列車が停車しているため駅間停車防止モード。target_speed_no_stop 28.5km/h を超えて 38.8km/h で力行し、上限超過の加速は機外停車リスクを増大させるため減点した。
80.0,Train11,巡航フェーズ（駅間走行中）,力行（加速）中,4.0,ブレーキ（減速）,6.0,70.0,70.0,29.3,70.0,1778.3,67.0,50.2523585875267,0.0,-6.7,この先制限速度なし,この先目立った勾配なし,前方1598.8m先を48.3km/h,後続列車なし,0.0,0.0,,80.0,70.0,normal,0.4,直前のブレーキから6秒未満での加速への切替に合理的根拠がなくノコギリ運転と判定、上限0.5に抑えて0.4とした。
122.0,Train11,巡航フェーズ（駅間走行中）,力行（加速）中,21.0,惰行,6.0,70.0,70.0,53.15,70.0,1514.1,58.0,148.45294524930603,0.0,0.0,この先制限速度なし,この先目立った勾配なし,前方2292.7m先を48.4km/h,後続列車なし,0.0,0.0,,110.0,70.0,normal,0.7,巡航フェーズでrequired_speed未達だが加速中であり、制限速度・CBTC遵守、ノコギリ運転なし。遅延リスクがあるためやや減点し0.7とする。
174.59999999999957,Train11,次駅への減速フェーズ（駅手前400m以内）,惰行中,0.9999999999999999,ブレーキ（減速）,0.5,70.0,28.2,22.91,70.0,36.9,5.4,24.908158588309934,0.0,9.2,この先制限速度なし,この先目立った勾配なし,前方87.6m先を25.6km/h,後続列車なし,10.0,0.0,発車済み,60.0,70.0,normal,0.0,22.9km/hの低速惰行が遅延増大し、ブレーキ→惰行のノコギリ運転で上限0.0とした。
21.0,Train11,巡航フェーズ（駅間走行中）,力行（加速）中,6.0,ブレーキ（減速）,6.0,70.0,70.0,21.66,70.0,2088.3,82.0,25.788226046438268,0.0,-2.1,この先制限速度なし,298m先に下り勾配6.7‰あり,前方1372.5m先を63.4km/h,後続列車なし,5.0,112.0,未発車,85.0,70.0,normal,0.4,直前のブレーキから6秒で力行へ切替し、保持時間が7秒未満で合理的理由がなくノコギリ運転と判定され、reward上限が0.5に制限されたため。
115.0,Train11,巡航フェーズ（駅間走行中）,力行（加速）中,38.0,ブレーキ（減速）,6.0,70.0,70.0,62.24,70.0,1037.0,63.0,202.34373184855326,0.0,0.0,この先制限速度なし,47m先に上り勾配12.5‰あり,前方1040.8m先を7.9km/h,後続列車なし,0.0,0.0,発車済み,85.0,70.0,normal,0.9,先行列車が遅く現在の加速で車間が縮小し安全余裕が低下しているが、速度・信号違反はなく即時0点要因も無いため、0.9点とする。
212.29999999999953,Train11,次駅への減速フェーズ（駅手前400m以内）,ブレーキ（減速）中,0.7999999999999999,力行（加速）,0.1,70.0,70.0,23.63,70.0,13.8,0.0,26.491618751094403,32.4,9.2,この先制限速度なし,この先目立った勾配なし,前方1196.5m先を63.1km/h,後続列車なし,0.0,0.0,発車済み,80.0,70.0,delay_recovery,0.0,δ_stopが-12.69mで高速度域でブレーキ中でもオーバーランが確実と判定され、即0.0ルールが適用されたため。
108.0,Train11,巡航フェーズ（駅間走行中）,力行（加速）中,7.0,惰行,6.0,70.0,70.0,40.71,70.0,1699.1,72.0,96.41575095650592,0.0,-6.7,この先制限速度なし,この先目立った勾配なし,前方2291.4m先を47.6km/h,後続列車なし,0.0,0.0,,110.0,70.0,normal,1.0,制限速度・CBTC遵守で安全上の違反はなく、巡航フェーズで必要速度未達のため加速は適切であり、ノコギリ運転や間隔問題もなし。
177.59999999999962,Train11,次駅への減速フェーズ（駅手前400m以内）,ブレーキ（減速）中,3.5000000000000018,惰行,0.1,70.0,70.0,25.83,70.0,35.5,2.4,31.628779243701125,0.0,9.2,この先制限速度なし,この先目立った勾配なし,前方382.7m先を46.1km/h,後続列車なし,0.0,0.0,発車済み,60.0,70.0,normal,0.9,通常運転でブレーキは適切に作動し、delta_stopが3.87mで許容範囲内のため高評価とした。
92.0,Train11,巡航フェーズ（駅間走行中）,力行（加速）中,2.0,惰行,6.0,70.0,70.0,44.52,70.0,1782.2,76.0,115.04137928778484,0.0,-6.7,この先制限速度なし,この先目立った勾配なし,前方1762.6m先を48.1km/h,後続列車なし,0.0,0.0,,80.0,70.0,normal,0.5,巡航フェーズでrequired_speed未達のため加速は適切だが、前後のノッチ保持が7秒未満で不合理な切替となりノコギリ運転と判定、上限0.5点に抑えられる。
68.0,Train11,巡航フェーズ（駅間走行中）,力行（加速）中,15.0,ブレーキ（減速）,6.0,70.0,70.0,44.36,70.0,1662.7,96.0,114.22732380971419,0.0,-6.7,この先制限速度なし,この先目立った勾配なし,前方1626.4m先を18.4km/h,後続列車なし,0.0,45.0,未発車,85.0,70.0,normal,0.9,巡航フェーズでrequired_speed未達だが加速中で適切、制限速度・CBTC遵守、間隔安全、ノコギリ運転なしのため高評価。
184.4999999999998,Train11,次駅への減速フェーズ（駅手前400m以内）,惰行中,16.599999999999998,力行（加速）,6.0,70.0,15.5,32.35,70.0,61.0,0.0,49.4838344208009,6.6,9.2,この先制限速度なし,この先目立った勾配なし,前方61.4m先を0.0km/h,後続列車なし,10.0,8.5,未発車,45.0,14.5,anti_mid_stop,0.0,CBTC信号速度15.5km/hを超える32.4km/hでブレーキせず走行しており、即時0点ルールが適用されたため。
192.7999999999999,Train11,次駅への減速フェーズ（駅手前400m以内）,ブレーキ（減速）中,3.9000000000000017,力行（加速）,2.0,70.0,70.0,41.05,70.0,73.3,0.0,79.36751215408154,12.9,9.2,この先制限速度なし,この先目立った勾配なし,前方1010.2m先を58.3km/h,後続列車なし,0.0,0.0,発車済み,85.0,70.0,normal,0.0,ブレーキ中にdelta_stopが-6.07mで、ブレーキでもオーバーランが確実と判断され即0点とする。
187.69999999999945,Train11,次駅への減速フェーズ（駅手前400m以内）,ブレーキ（減速）中,0.6,力行（加速）,0.1,70.0,70.0,20.79,70.0,5.9,0.0,20.52654904740037,7.8,9.2,この先制限速度なし,この先目立った勾配なし,前方291.8m先を44.0km/h,後続列車なし,0.0,0.0,発車済み,45.0,70.0,normal,0.0,delta_stopが-14.63mでブレーキ中でもオーバーランが確実と判断され、即0.0ルールが適用されたため。
119.0,Train11,巡航フェーズ（駅間走行中）,惰行中,8.0,力行（加速）,6.0,70.0,70.0,55.72,55.7,646.6,59.0,162.8874676163909,0.0,0.0,この先制限速度なし,56m先に上り勾配6.1‰あり,前方646.9m先を0.0km/h,後続列車なし,10.0,44.0,未発車,60.0,55.7,normal,1.0,巡航フェーズでrequired_speedを正確に満たす惰行を維持し、速度・信号・区間すべて遵守しているため最高評価とした。
64.0,Train11,巡航フェーズ（駅間走行中）,力行（加速）中,18.0,惰行,6.0,70.0,70.0,47.01,70.0,1908.2,91.0,119.94529982473462,0.0,-2.1,この先制限速度なし,118m先に下り勾配6.7‰あり,前方1811.2m先を30.2km/h,後続列車なし,0.0,54.0,未発車,80.0,70.0,normal,0.9,巡航フェーズでrequired_speed未達だが加速が必要であり、速度は制限・CBTC内、先行列車との安全間隔も確保されているため高評価。
150.0,Train11,巡航フェーズ（駅間走行中）,惰行中,2.0,力行（加速）,1.0,70.0,70.0,66.11,70.0,877.6,30.0,195.3436015263564,0.0,12.5,この先制限速度なし,この先目立った勾配なし,前方1536.7m先を53.8km/h,後続列車なし,0.0,0.0,発車済み,110.0,70.0,normal,0.0,直前の力行から惰行への7秒未満の切替に合理的根拠がなくノコギリ運転と判定され、reward上限が0.0点となる。
210.49999999999935,Train11,次駅への減速フェーズ（駅手前400m以内）,ブレーキ（減速）中,0.4,力行（加速）,0.1,70.0,70.0,12.82,70.0,8.5,0.0,7.824225049471248,30.6,9.2,この先制限速度なし,この先目立った勾配なし,前方1571.0m先を48.2km/h,後続列車なし,0.0,0.0,,80.0,70.0,delay_recovery,0.9,次駅減速フェーズでブレーキが適切に作動し、delta_stop 0.68 m が許容範囲内で停止位置が確保され、即時0点ルール違反はなし。
21.0,Train11,巡航フェーズ（駅間走行中）,力行（加速）中,7.0,惰行,6.0,70.0,70.0,33.02,70.0,2061.1,23.0,59.63152495488287,0.0,-2.1,この先制限速度なし,271m先に下り勾配6.7‰あり,前方348.3m先を60.3km/h,後続列車なし,5.0,169.0,未発車,28.0,49.4,anti_mid_stop,0.9,先行列車が前方に塞いでいるため駅間停車防止モードと判定し、target_speed_no_stop以下での加速は機外停車回避に適切であると判断した。
77.0,Train11,巡航フェーズ（駅間走行中）,力行（加速）中,2.0,惰行,6.0,70.0,70.0,52.94,70.0,1724.5,91.0,161.7739510310979,0.0,-6.7,この先制限速度なし,この先目立った勾配なし,前方1705.8m先を13.3km/h,後続列車なし,0.0,41.0,未発車,80.0,70.0,normal,0.9,巡航フェーズでrequired_speed未達のため加速は妥当で、速度・信号・制限を遵守し、ノコギリ運転や間隔問題もなく安全かつ定時性に向けた適切な操作と判断した。
182.09999999999994,Train11,次駅への減速フェーズ（駅手前400m以内）,惰行中,14.199999999999996,力行（加速）,6.0,70.0,26.5,33.45,70.0,82.9,0.0,52.88167342469408,4.2,9.2,この先制限速度なし,この先目立った勾配なし,前方83.3m先を0.0km/h,後続列車なし,10.0,10.9,未発車,45.0,17.4,anti_mid_stop,0.0,CBTC信号速度26.5km/hを33.5km/hでブレーキせずに走行しており、即時0点ルールに該当するためrewardは0.0とする。
175.29999999999947,Train11,次駅への減速フェーズ（駅手前400m以内）,ブレーキ（減速）中,0.5,力行（加速）,0.1,70.0,70.0,20.77,20.8,14.0,4.7,20.487212144803298,0.0,9.2,この先制限速度なし,この先目立った勾配なし,前方396.2m先を47.1km/h,後続列車なし,5.0,0.0,発車済み,85.0,20.8,normal,0.0,delta_stopが-6.49mでブレーキ中でもオーバーランが確実と判断され、即時0点ルールが適用されたためreward=0.0。
193.0,Train11,次駅への減速フェーズ（駅手前400m以内）,ブレーキ（減速）中,6.0,力行（加速）,1.0,70.0,70.0,37.52,70.0,129.5,0.0,66.4139455476542,14.0,9.2,この先制限速度なし,この先目立った勾配なし,前方1500.1m先を63.6km/h,後続列車なし,0.0,0.0,発車済み,110.0,70.0,normal,0.2,力行→ブレーキへの短時間切替が合理性なくノコギリ運転と判定、さらに早期減速で停車位置遅延が生じたため。
113.0,Train11,巡航フェーズ（駅間走行中）,惰行中,1.0,力行（加速）,7.0,70.0,70.0,45.08,46.5,684.1,65.0,107.3146350137164,0.0,0.0,この先制限速度なし,94m先に上り勾配6.1‰あり,前方684.4m先を0.0km/h,後続列車なし,10.0,40.0,未発車,85.0,46.5,anti_mid_stop,1.0,先行列車が停車中で駅間停車防止モード。target_speed_no_stop付近で惰行しており、速度・信号・間隔すべて安全基準を満たすため高評価。
94.0,Train11,巡航フェーズ（駅間走行中）,力行（加速）中,22.0,ブレーキ（減速）,6.0,70.0,70.0,47.42,70.0,1831.7,86.0,122.01642045256898,0.0,-2.1,この先制限速度なし,41m先に下り勾配6.7‰あり,前方1849.3m先を16.5km/h,後続列車なし,0.0,0.0,発車済み,110.0,70.0,normal,1.0,巡航フェーズでrequired_speed未達だが、加速（力行）が継続されており、制限速度・CBTC遵守、ノコギリ運転なしで適切な操作となっている。
21.0,Train11,巡航フェーズ（駅間走行中）,惰行中,1.0,力行（加速）,21.0,70.0,70.0,40.59,70.0,2037.0,35.0,89.75302390162649,0.0,-2.1,この先制限速度なし,247m先に下り勾配6.7‰あり,前方533.4m先を63.2km/h,後続列車なし,10.0,157.0,未発車,45.0,52.5,anti_mid_stop,0.2,先行列車が塞いでいるため駅間停車防止モード。target_speed_no_stop 52.5km/h を10km/h以上下回る惰行は遅延リスクとなり減点し、reward 0.2とする。
69.0,Train11,巡航フェーズ（駅間走行中）,惰行中,1.0,力行（加速）,6.0,70.0,70.0,61.31,70.0,1316.3,29.0,196.4693128065224,0.0,0.0,この先制限速度なし,326m先に上り勾配12.5‰あり,前方530.4m先を62.8km/h,後続列車なし,0.0,101.0,未発車,28.0,52.4,anti_mid_stop,0.9,先行列車が塞いでいる駅間停車防止モードで、現在速度がtarget_speed_no_stopを上回っているが惰行で自然減速させる適切な操作のため高評価とした。
129.0,Train11,巡航フェーズ（駅間走行中）,力行（加速）中,4.0,ブレーキ（減速）,6.0,70.0,70.0,39.46,70.0,613.5,49.0,82.47924280602074,0.0,0.0,この先制限速度なし,23m先に上り勾配6.1‰あり,前方613.9m先を0.0km/h,後続列車なし,5.0,4.0,未発車,85.0,70.0,normal,0.9,巡航フェーズでrequired_speed未達だが加速中であり、制限速度・CBTC遵守、ノコギリ運転なし、停止位置余裕大のため高評価。
166.79999999999984,Train11,次駅への減速フェーズ（駅手前400m以内）,ブレーキ（減速）中,6.89999999999999,惰行,6.0,70.0,70.0,38.39,38.4,65.3,13.2,69.50189364526732,0.0,9.2,この先制限速度なし,この先目立った勾配なし,前方986.1m先を58.1km/h,後続列車なし,0.0,0.0,発車済み,110.0,38.4,normal,1.0,ブレーキが適切に作動し、delta_stopが±5m以内の許容範囲に収まっているため高評価とし、rewardを1.0とする。
218.49999999999918,Train11,次駅への減速フェーズ（駅手前400m以内）,ブレーキ（減速）中,1.4000000000000001,惰行,0.1,70.0,70.0,3.66,0.0,0.0,0.0,0.7193420661287453,38.6,0.0,この先制限速度なし,この先目立った勾配なし,前方1664.9m先を48.3km/h,後続列車なし,0.0,0.0,,80.0,0.0,delay_recovery,0.9,次駅減速フェーズでブレーキ中、delta_stop‑0.72mは低速許容範囲内で安全に停止できるため高評価。
228.29999999999924,Train11,次駅への減速フェーズ（駅手前400m以内）,ブレーキ（減速）中,0.5,力行（加速）,0.1,70.0,70.0,7.51,0.0,0.0,0.0,3.0257550793661836,48.4,0.0,この先制限速度なし,この先目立った勾配なし,前方2215.5m先を51.8km/h,後続列車なし,0.0,0.0,,110.0,0.0,delay_recovery,0.0,delta_stopが-3.03mで低速（7.5km/h）オーバーランがほぼ確実なため、次駅減速フェーズの安全基準を満たさずrewardは0.0とした。
204.59999999999968,Train11,次駅への減速フェーズ（駅手前400m以内）,ブレーキ（減速）中,0.8999999999999999,力行（加速）,0.1,70.0,70.0,29.14,70.0,42.2,0.0,40.203264637020304,24.7,9.2,この先制限速度なし,この先目立った勾配なし,前方1525.4m先を48.0km/h,後続列車なし,0.0,0.0,,80.0,70.0,normal,0.0,直前の力行からブレーキへの短時間切替が合理的理由なく行われたためノコギリ運転と判定され、reward上限が0.0となった。
136.0,Train11,巡航フェーズ（駅間走行中）,惰行中,5.0,力行（加速）,26.0,70.0,70.0,67.24,70.0,1141.1,44.0,235.31271038956882,0.0,0.0,この先制限速度なし,151m先に上り勾配12.5‰あり,前方1599.6m先を49.2km/h,後続列車なし,0.0,0.0,発車済み,110.0,70.0,normal,0.3,巡航フェーズでrequired_speed未達の状態で惰行を続けたため、不要な減速と遅延が生じ評価を低減した。
209.2999999999993,Train11,次駅への減速フェーズ（駅手前400m以内）,ブレーキ（減速）中,0.7999999999999999,力行（加速）,0.1,70.0,70.0,12.33,70.0,4.3,0.0,7.238521687511602,29.4,9.2,この先制限速度なし,この先目立った勾配なし,前方1661.2m先を63.2km/h,後続列車なし,0.0,0.0,発車済み,110.0,70.0,normal,0.0,低速(12.3km/h)でdelta_stopが-2.94mとオーバーランが確実で、次駅での停止位置が達成不可能なため0.0とする。
184.0,Train11,次駅への減速フェーズ（駅手前400m以内）,力行（加速）中,18.0,ブレーキ（減速）,6.0,70.0,70.0,55.54,70.0,212.6,0.0,149.68450344589002,5.0,6.1,この先制限速度なし,22m先に上り勾配9.2‰あり,前方932.1m先を55.0km/h,後続列車なし,0.0,0.0,発車済み,80.0,70.0,normal,0.9,次駅減速フェーズで信号速度未超過かつ加速は先行列車が離脱しているため許容され、制限速度・CBTC遵守で安全上問題なし。
191.59999999999997,Train11,次駅への減速フェーズ（駅手前400m以内）,惰行中,19.70000000000001,力行（加速）,6.0,70.0,30.1,35.76,70.0,92.6,0.0,60.37705456614775,13.7,9.2,この先制限速度なし,この先目立った勾配なし,前方92.9m先を0.0km/h,後続列車なし,10.0,18.4,未発車,28.0,17.2,anti_mid_stop,0.0,CBTC信号速度30.1km/hを35.8km/hで超過しブレーキしていないため即時0点ルールが適用され、rewardは0.0となる。
201.89999999999944,Train11,次駅への減速フェーズ（駅手前400m以内）,ブレーキ（減速）中,2.3000000000000007,惰行,0.1,70.0,70.0,17.11,70.0,8.2,0.0,13.919409450913937,22.0,9.2,この先制限速度なし,この先目立った勾配なし,前方1012.1m先を59.2km/h,後続列車なし,0.0,0.0,発車済み,80.0,70.0,normal,0.0,Delta_stopが-5.72mでブレーキ中にも関わらずオーバーランが確実と判断され、即0点ルールが適用されたためreward=0.0。
159.0,Train11,巡航フェーズ（駅間走行中）,力行（加速）中,8.0,惰行,6.0,70.0,70.0,28.98,70.0,421.3,19.0,41.30559262159105,0.0,6.1,この先制限速度なし,231m先に上り勾配9.2‰あり,前方421.7m先を0.0km/h,後続列車なし,10.0,19.0,未発車,45.0,67.8,anti_mid_stop,1.0,先行列車が停車しているため駅間停車防止モードと判定し、target_speed_no_stop以下での加速は適切であり、制限速度・CBTC違反やノコギリ運転はなく高評価とする。
189.799999999999,Train11,次駅への減速フェーズ（駅手前400m以内）,惰行中,0.5,ブレーキ（減速）,2.3000000000000007,70.0,23.3,8.37,70.0,23.6,0.0,3.339017305476505,9.9,9.2,この先制限速度なし,この先目立った勾配なし,前方75.7m先を25.9km/h,後続列車なし,10.0,0.0,発車済み,60.0,70.0,normal,0.2,次駅減速フェーズで低速惰行・ブレーキ未実施、短時間切替によるノコギリ運転で遅延が増大したため。
86.0,Train11,巡航フェーズ（駅間走行中）,惰行中,4.0,力行（加速）,45.0,70.0,70.0,65.18,65.2,1270.4,92.0,221.447736364605,0.0,0.0,この先制限速度なし,280m先に上り勾配12.5‰あり,前方1270.4m先を1.8km/h,後続列車なし,5.0,47.0,未発車,85.0,65.2,normal,1.0,巡航フェーズでrequired_speedと一致し、適切に惰行しているため制限速度・CBTC遵守・停止余裕も十分で高評価となる。
171.0,Train11,次駅への減速フェーズ（駅手前400m以内）,力行（加速）中,6.0,惰行,11.0,70.0,70.0,43.3,70.0,323.0,7.0,91.6033392420873,0.0,6.1,この先制限速度なし,132m先に上り勾配9.2‰あり,前方323.3m先を0.0km/h,後続列車なし,10.0,39.0,未発車,28.0,31.3,anti_mid_stop,0.2,先行列車が停車しているため駅間停車防止モード。現在速度が target_speed_no_stop(31.3km/h) を超え、上限+5km/h も上回っている力行は過剰加速と判断し減点した。
182.59999999999934,Train11,次駅への減速フェーズ（駅手前400m以内）,ブレーキ（減速）中,1.4000000000000001,力行（加速）,0.1,70.0,18.7,13.34,70.0,8.5,0.0,8.470598147950257,2.7,9.2,この先制限速度なし,この先目立った勾配なし,前方66.6m先を27.0km/h,後続列車なし,0.0,0.0,発車済み,28.0,70.0,normal,0.9,次駅減速フェーズでブレーキが適切に作動し、停止位置誤差0.03m、CBTC信号遵守、前後列車間隔安全、遅延2.7秒と小さいため高評価。
161.0,Train11,次駅への減速フェーズ（駅手前400m以内）,力行（加速）中,6.0,ブレーキ（減速）,6.0,70.0,44.3,35.08,70.0,136.0,17.0,58.12007211090512,0.0,9.2,この先制限速度なし,この先目立った勾配なし,前方142.3m先を10.3km/h,後続列車なし,5.0,0.0,発車済み,60.0,70.0,normal,0.3,減速フェーズでの加速と2回続く7秒未満のノコギリ運転が安全・効率を損ない、上限0.5を下回る0.3とした。
188.39999999999947,Train11,次駅への減速フェーズ（駅手前400m以内）,ブレーキ（減速）中,3.1000000000000014,惰行,0.1,70.0,70.0,19.67,70.0,1.3,0.0,18.38131685316674,8.5,9.2,この先制限速度なし,この先目立った勾配なし,前方1669.9m先を48.3km/h,後続列車なし,0.0,0.0,,110.0,70.0,normal,0.0,delta_stopが-17.08mでブレーキ中にも関わらずオーバーランが確実と判断され、即0.0ルールが適用されたため。
79.0,Train11,巡航フェーズ（駅間走行中）,力行（加速）中,11.0,ブレーキ（減速）,6.0,70.0,70.0,37.76,70.0,1935.7,66.0,77.79258747061475,0.0,-2.1,この先制限速度なし,145m先に下り勾配6.7‰あり,前方1742.9m先を47.8km/h,後続列車なし,0.0,0.0,,80.0,70.0,normal,0.9,巡航フェーズで速度が required_speed 未達のため加速は適切。制限速度・CBTC遵守、先行列車との間隔も安全範囲内で減点要因がない。
210.69999999999922,Train11,次駅への減速フェーズ（駅手前400m以内）,ブレーキ（減速）中,0.2,惰行,0.1,70.0,70.0,8.49,70.0,0.2,0.0,3.435345497057472,30.8,9.2,この先制限速度なし,この先目立った勾配なし,前方1681.7m先を62.9km/h,後続列車なし,0.0,0.0,発車済み,110.0,70.0,delay_recovery,0.0,低速(8.5km/h)で駅手前に過走しδ_stopが-3.24m、オーバーランが確実なため即時0点ルールが適用されrewardは0.0となる。
175.29999999999976,Train11,次駅への減速フェーズ（駅手前400m以内）,ブレーキ（減速）中,0.7999999999999999,惰行,0.4,70.0,20.5,32.76,70.0,55.4,4.7,50.73734914256381,0.0,9.2,この先制限速度なし,この先目立った勾配なし,前方69.9m先を15.2km/h,後続列車なし,0.0,0.0,発車済み,28.0,70.0,normal,0.9,ブレーキで適切に減速し、delta_stopが5m以内で停止位置が確保でき、CBTC信号を遵守しているため高評価。
113.0,Train11,巡航フェーズ（駅間走行中）,力行（加速）中,10.0,惰行,6.0,70.0,70.0,37.82,70.0,819.2,46.0,64.90453684563136,0.0,12.5,この先制限速度なし,この先目立った勾配なし,前方752.8m先を24.9km/h,後続列車なし,10.0,65.0,未発車,45.0,61.8,anti_mid_stop,1.0,先行列車が塞いでいるため駅間停車防止モード。現在はtarget_speed_no_stop未満で加速中であり、速度上限超過やノコギリ運転はなく、全項目で安全・適切と判断した。
193.0,Train11,次駅への減速フェーズ（駅手前400m以内）,力行（加速）中,2.0,ブレーキ（減速）,6.0,70.0,70.0,37.11,70.0,363.0,0.0,67.49027976372669,14.0,6.1,この先制限速度なし,173m先に上り勾配9.2‰あり,前方2093.3m先を48.6km/h,後続列車なし,0.0,0.0,,110.0,70.0,normal,0.2,減速フェーズで加速し、ブレーキ→加速への短時間切替に合理的根拠がなく安全性は保たれるが運転品質が低く、評価を大幅減点し0.2とする。
201.69999999999985,Train11,次駅への減速フェーズ（駅手前400m以内）,力行（加速）中,0.5,惰行,1.0999999999999999,70.0,70.0,36.68,70.0,68.9,0.0,63.4975991059498,21.8,9.2,この先制限速度なし,この先目立った勾配なし,前方1513.1m先を48.5km/h,後続列車なし,0.0,0.0,,80.0,70.0,normal,0.0,惰行から7秒未満で力行へ切替え、合理的根拠がなくノコギリ運転と判定されたため、上限0.0点となりrewardは0.0。
165.0,Train11,巡航フェーズ（駅間走行中）,力行（加速）中,18.0,惰行,7.0,70.0,70.0,66.62,70.0,768.5,15.0,231.09845361137818,0.0,0.0,この先制限速度なし,178m先に上り勾配6.1‰あり,前方2122.6m先を48.2km/h,後続列車なし,0.0,0.0,,110.0,70.0,normal,1.0,巡航フェーズでrequired_speed未達ながら加速中、速度・信号・間隔すべて遵守しノコギリ運転もなく適切な操作。
150.0,Train11,巡航フェーズ（駅間走行中）,力行（加速）中,3.0,惰行,7.0,70.0,70.0,64.1,70.0,1042.2,30.0,214.33611469236914,0.0,0.0,この先制限速度なし,52m先に上り勾配12.5‰あり,前方2194.6m先を48.7km/h,後続列車なし,0.0,0.0,,110.0,70.0,normal,0.9,通常運転モードでrequired_speed未達だが加速中。制限速度・CBTC遵守、停止余裕大、先行列車との間隔確保、ノコギリ運転なしのため高評価。
176.29999999999936,Train11,次駅への減速フェーズ（駅手前400m以内）,ブレーキ（減速）中,0.30000000000000004,力行（加速）,0.1,70.0,37.4,13.69,70.0,9.9,3.7,8.920034136667557,0.0,9.2,この先制限速度なし,この先目立った勾配なし,前方116.0m先を33.4km/h,後続列車なし,5.0,0.0,発車済み,60.0,70.0,normal,1.0,次駅減速フェーズでブレーキが適切に掛かり、CBTC・制限速度遵守、停止位置誤差0.98mで高評価。
180.5999999999999,Train11,次駅への減速フェーズ（駅手前400m以内）,ブレーキ（減速）中,0.4,惰行,0.1,70.0,70.0,41.44,70.0,67.9,0.0,80.86756486152741,0.7,9.2,この先制限速度なし,この先目立った勾配なし,前方1631.8m先を48.2km/h,後続列車なし,0.0,0.0,,110.0,70.0,normal,0.0,delta_stopが-12.97mでブレーキ中にも関わらずオーバーランが確実と判断され、即時0点ルールが適用されたためreward=0.0
208.99999999999972,Train11,次駅への減速フェーズ（駅手前400m以内）,ブレーキ（減速）中,1.6000000000000003,惰行,0.1,70.0,70.0,30.79,70.0,40.4,0.0,44.85531746519972,29.1,9.2,この先制限速度なし,この先目立った勾配なし,前方1582.8m先を48.4km/h,後続列車なし,0.0,0.0,,80.0,70.0,normal,0.9,ブレーキが適切にかかり、delta_stopが許容範囲内でCBTC・制限速度を遵守しているため高評価。
117.0,Train11,巡航フェーズ（駅間走行中）,力行（加速）中,3.0,惰行,6.0,70.0,70.0,39.48,70.0,1202.2,61.0,82.56200203118568,0.0,0.0,この先制限速度なし,212m先に上り勾配12.5‰あり,前方1202.6m先を0.0km/h,後続列車なし,0.0,1.0,未発車,80.0,70.0,normal,0.9,巡航フェーズでrequired_speed未達だが加速中で適切。制限速度・CBTC遵守、停止余裕大、ノコギリ運転なし。
171.79999999999978,Train11,次駅への減速フェーズ（駅手前400m以内）,ブレーキ（減速）中,0.5,惰行,2.9000000000000012,70.0,49.8,32.83,70.0,55.3,8.2,50.95290285129303,0.0,9.2,この先制限速度なし,この先目立った勾配なし,前方166.1m先を33.9km/h,後続列車なし,10.0,0.0,発車済み,85.0,70.0,normal,0.9,ブレーキが適切に作動し、delta_stopが4.35mで許容範囲内、速度制限・CBTCを遵守、ノコギリ運転なしのため高評価。
203.69999999999962,Train11,次駅への減速フェーズ（駅手前400m以内）,ブレーキ（減速）中,0.2,力行（加速）,0.1,70.0,70.0,27.03,70.0,34.3,0.0,34.62021652310946,23.8,9.2,この先制限速度なし,この先目立った勾配なし,前方1592.9m先を63.3km/h,後続列車なし,0.0,0.0,発車済み,110.0,70.0,normal,0.9,次駅減速フェーズでブレーキを継続し、delta_stop が -0.32 m と許容範囲内で、速度・信号・制限速度をすべて遵守しているため高評価とした。
167.0,Train11,巡航フェーズ（駅間走行中）,力行（加速）中,7.0,惰行,6.0,70.0,70.0,58.53,70.0,508.3,13.0,165.9306644635862,0.0,6.1,この先制限速度なし,318m先に上り勾配9.2‰あり,前方1486.6m先を47.5km/h,後続列車なし,0.0,0.0,,80.0,70.0,normal,0.8,安全違反なし。巡航フェーズでrequired_speed未達だが、加速は適切でノコギリ運転や間隔問題もなく、遅延リスクは低い。
143.0,Train11,巡航フェーズ（駅間走行中）,惰行中,8.0,力行（加速）,6.0,70.0,70.0,40.74,70.0,485.0,35.0,81.1969581610125,0.0,6.1,この先制限速度なし,295m先に上り勾配9.2‰あり,前方485.4m先を0.0km/h,後続列車なし,10.0,50.0,未発車,45.0,39.1,anti_mid_stop,0.9,先行列車が停車しているため駅間停車防止モードとなり、target_speed_no_stop 39.1km/h をわずか上回る40.7km/h を惰行で維持している操作は速度・信号・安全基準をすべて満たすため高評価とする。
140.0,Train11,次駅への減速フェーズ（駅手前400m以内）,力行（加速）中,5.0,ブレーキ（減速）,6.0,70.0,70.0,39.64,70.0,391.8,38.0,76.91308136348063,0.0,6.1,この先制限速度なし,201m先に上り勾配9.2‰あり,前方392.1m先を0.0km/h,後続列車なし,10.0,38.0,未発車,60.0,37.1,anti_mid_stop,0.3,先行列車が塞ぎ駅間停車防止モードで、target_speed_no_stop(37.1km/h)を超えて力行し、さらにブレーキ→力行のノコギリ運転が発生したため減点し、上限0.5に抑えて0.3とした。
66.0,Train11,巡航フェーズ（駅間走行中）,力行（加速）中,15.0,惰行,6.0,70.0,70.0,33.32,70.0,2094.0,112.0,60.711062010537056,0.0,-2.1,この先制限速度なし,303m先に下り勾配6.7‰あり,前方2094.3m先を0.0km/h,後続列車なし,0.0,22.0,未発車,110.0,70.0,normal,1.0,巡航フェーズでrequired_speed未達のため加速は適切で、速度・信号・間隔すべて遵守しノコギリ運転もなく安全かつ効率的な操作と判断した。
179.69999999999922,Train11,次駅への減速フェーズ（駅手前400m以内）,ブレーキ（減速）中,0.7,力行（加速）,0.1,70.0,70.0,9.63,0.0,0.0,0.3,4.972246336374487,0.0,0.0,この先制限速度なし,この先目立った勾配なし,前方436.0m先を48.7km/h,後続列車なし,5.0,0.0,発車済み,85.0,0.0,normal,0.0,低速でブレーキ中に停止位置が必要ブレーキ距離を大きく超えており、オーバーランが確実なため評価を0.0とした。
170.69999999999962,Train11,次駅への減速フェーズ（駅手前400m以内）,ブレーキ（減速）中,10.799999999999976,惰行,6.0,70.0,70.0,26.85,26.9,30.0,9.3,34.16299568120605,0.0,9.2,この先制限速度なし,この先目立った勾配なし,前方1014.2m先を58.9km/h,後続列車なし,0.0,0.0,発車済み,110.0,26.9,normal,0.9,次駅減速フェーズでブレーキが適切にかかり、delta_stopが許容範囲内で速度・信号遵守、制限速度超過なし。
215.99999999999932,Train11,次駅への減速フェーズ（駅手前400m以内）,ブレーキ（減速）中,0.1,惰行,0.1,70.0,70.0,13.03,0.0,0.0,0.0,9.093852717945106,36.1,0.0,この先制限速度なし,この先目立った勾配なし,前方1242.8m先を63.1km/h,後続列車なし,0.0,0.0,発車済み,80.0,0.0,delay_recovery,0.0,δ_stopが-9.09mでブレーキ中にも関わらず駅手前でオーバーランが確実なため即時0点ルールが適用され、rewardは0.0となる。
202.1999999999997,Train11,次駅への減速フェーズ（駅手前400m以内）,ブレーキ（減速）中,0.1,力行（加速）,0.1,70.0,70.0,30.77,70.0,46.2,0.0,44.797428732118,22.3,9.2,この先制限速度なし,この先目立った勾配なし,前方1578.4m先を63.5km/h,後続列車なし,0.0,0.0,発車済み,110.0,70.0,normal,0.9,次駅減速フェーズでブレーキを適切に掛け、delta_stopが1.4mで許容範囲内、即時安全違反なし、ノコギリ運転も合理的と判定され高評価。
224.09999999999948,Train11,次駅への減速フェーズ（駅手前400m以内）,ブレーキ（減速）中,0.2,惰行,0.1,70.0,70.0,19.01,70.0,12.4,0.0,17.172167240130868,44.2,9.2,この先制限速度なし,この先目立った勾配なし,前方2170.3m先を51.9km/h,後続列車なし,0.0,0.0,,110.0,70.0,delay_recovery,0.9,ブレーキが適切に掛かっており、delta_stopが±5m以内の許容範囲にあるため高評価とし、遅延は評価対象外とした。
46.0,Train11,巡航フェーズ（駅間走行中）,力行（加速）中,6.0,ブレーキ（減速）,4.0,70.0,70.0,39.34,70.0,1835.3,18.0,84.36768379656189,0.0,-2.1,この先制限速度なし,45m先に下り勾配6.7‰あり,前方471.9m先を63.0km/h,後続列車なし,10.0,164.0,未発車,28.0,45.0,anti_mid_stop,0.2,先行列車が塞いでいるためanti_mid_stopモードでtarget_speed_no_stop以下の加速は適切だが、ブレーキ→力行の短時間切替がノコギリ運転と判定され、reward上限が0.3に制限された。
186.99999999999966,Train11,次駅への減速フェーズ（駅手前400m以内）,ブレーキ（減速）中,0.7999999999999999,力行（加速）,0.1,70.0,0.0,27.54,70.0,39.8,0.0,35.9319611238515,9.1,9.2,この先制限速度なし,この先目立った勾配なし,前方40.1m先を0.0km/h,後続列車なし,10.0,6.0,未発車,45.0,11.3,anti_mid_stop,0.9,先行列車が塞いで駅間停車防止モードとなり、CBTC信号0に対し適切にブレーキで減速しているため高評価とし、0.9とした。
70.0,Train11,巡航フェーズ（駅間走行中）,力行（加速）中,5.0,惰行,6.0,70.0,70.0,52.16,70.0,1411.3,57.0,143.063151713661,0.0,0.0,この先制限速度なし,421m先に上り勾配12.5‰あり,前方1017.3m先を57.6km/h,後続列車なし,10.0,93.0,未発車,60.0,60.5,anti_mid_stop,0.8,先行列車が塞いでいるため駅間停車防止モードと判定し、target_speed_no_stop以下での加速は適切であり、速度は上限を超えておらずノコギリ運転でもないため高評価とした。
124.0,Train11,巡航フェーズ（駅間走行中）,力行（加速）中,23.0,惰行,6.0,70.0,70.0,62.59,70.0,1176.4,56.0,204.57559892149212,0.0,0.0,この先制限速度なし,186m先に上り勾配12.5‰あり,前方1582.5m先を48.1km/h,後続列車なし,0.0,0.0,,80.0,70.0,normal,0.9,巡航フェーズでrequired_speed未達のため加速は適切で、制限速度・CBTC遵守、ノコギリ運転なし、間隔安全で評価が高く0.9とする。
209.79999999999967,Train11,次駅への減速フェーズ（駅手前400m以内）,ブレーキ（減速）中,0.7,力行（加速）,0.1,70.0,70.0,30.55,70.0,32.5,0.0,44.16308027382641,29.9,9.2,この先制限速度なし,この先目立った勾配なし,前方1171.4m先を63.3km/h,後続列車なし,0.0,0.0,発車済み,80.0,70.0,normal,0.0,delta_stop が -11.66 m と大幅に負で、ブレーキ中でもオーバーランが確実と判断され即時0点ルールが適用されたため。
73.0,Train11,巡航フェーズ（駅間走行中）,ブレーキ（減速）中,5.0,力行（加速）,32.0,70.0,70.0,40.99,70.0,1827.0,107.0,91.51047513382288,0.0,-2.1,この先制限速度なし,37m先に下り勾配6.7‰あり,前方1953.9m先を47.8km/h,後続列車なし,0.0,0.0,,110.0,70.0,normal,0.1,巡航フェーズでrequired_speed 70km/hに対し41km/hでブレーキをかけており、加速すべきところで減速しているため大幅減点し0.1とする。
45.0,Train11,巡航フェーズ（駅間走行中）,力行（加速）中,4.0,ブレーキ（減速）,4.0,70.0,70.0,43.43,70.0,1744.9,51.0,109.55080566615746,0.0,-6.7,この先制限速度なし,この先目立った勾配なし,前方924.2m先を62.5km/h,後続列車なし,10.0,118.0,未発車,60.0,47.9,anti_mid_stop,0.3,先行列車が塞いで駅間停車防止モード。target_speed_no_stop未満で加速中だが、直前のブレーキからの短時間切替に合理的理由がなくノコギリ運転と判定し、reward上限0.3となる。
78.0,Train11,巡航フェーズ（駅間走行中）,惰行中,2.0,力行（加速）,23.0,70.0,70.0,45.21,70.0,1950.4,91.0,111.05473275220243,0.0,-2.1,この先制限速度なし,160m先に下り勾配6.7‰あり,前方1935.2m先を12.0km/h,後続列車なし,0.0,40.0,未発車,80.0,70.0,normal,0.1,巡航フェーズでrequired_speed 70km/hに対し45.2km/hの惰行は遅延拡大のちんたら運転とみなされ、大幅減点となる。
180.7999999999995,Train11,次駅への減速フェーズ（駅手前400m以内）,惰行中,0.7,ブレーキ（減速）,4.000000000000002,70.0,11.4,9.73,70.0,50.4,0.0,4.51072783509457,2.9,9.2,この先制限速度なし,この先目立った勾配なし,前方56.2m先を9.8km/h,後続列車なし,10.0,0.0,発車済み,60.0,70.0,normal,0.2,次駅減速フェーズで低速(9.7km/h)のままブレーキせず惰行を続けているため、停車位置確保に遅延が生じちんたら運転とみなされ減点対象となる。
195.19999999999982,Train11,次駅への減速フェーズ（駅手前400m以内）,ブレーキ（減速）中,0.5,力行（加速）,0.1,70.0,70.0,35.85,70.0,57.6,0.0,60.6789280249221,15.3,9.2,この先制限速度なし,この先目立った勾配なし,前方952.6m先を57.8km/h,後続列車なし,0.0,0.0,発車済み,80.0,70.0,normal,0.6,ブレーキは適切だがdelta_stopが-3.08mでやや過ブレーキとなり、やや減点とする。
21.0,Train11,巡航フェーズ（駅間走行中）,ブレーキ（減速）中,1.0,力行（加速）,4.0,70.0,70.0,32.96,70.0,2054.8,45.0,59.416755341947564,0.0,-2.1,この先制限速度なし,264m先に下り勾配6.7‰あり,前方726.6m先を63.3km/h,後続列車なし,0.0,132.0,未発車,45.0,62.0,anti_mid_stop,0.2,先行列車が塞いでいるため駅間停車防止モード。現在速度がtarget_speed_no_stop 62km/hを大きく下回りブレーキは過度な低速維持となり、加速→ブレーキのノコギリ運転も発生しているため減点し0.2とする。
211.69999999999956,Train11,次駅への減速フェーズ（駅手前400m以内）,ブレーキ（減速）中,0.1,力行（加速）,0.1,70.0,70.0,23.29,70.0,20.3,0.0,25.73785579476148,31.8,9.2,この先制限速度なし,この先目立った勾配なし,前方1598.9m先を48.1km/h,後続列車なし,0.0,0.0,,80.0,70.0,delay_recovery,0.0,delta_stopが-5.44mで高速域においてブレーキ中でもオーバーランが確実と判断され、即reward0.0ルールが適用されたため。
44.0,Train11,巡航フェーズ（駅間走行中）,惰行中,4.0,力行（加速）,14.0,70.0,70.0,52.8,70.0,1744.6,35.0,160.9350413882386,0.0,-6.7,この先制限速度なし,この先目立った勾配なし,前方644.3m先を63.4km/h,後続列車なし,10.0,134.0,未発車,45.0,40.1,anti_mid_stop,0.2,先行列車が塞いでいる駅間停車防止モードで、現在速度がtarget_speed_no_stopを5km/h以上上回り過加速し、間隔も標準より狭く安全余裕が不足しているため減点し0.2とした。
204.99999999999994,Train11,次駅への減速フェーズ（駅手前400m以内）,ブレーキ（減速）中,0.30000000000000004,力行（加速）,0.1,70.0,70.0,42.16,70.0,80.9,0.0,83.67279265005058,25.1,9.2,この先制限速度なし,この先目立った勾配なし,前方1569.4m先を48.0km/h,後続列車なし,0.0,0.0,,80.0,70.0,normal,0.9,駅手前でのブレーキ開始が適切で、delta_stop‑2.77mが許容範囲内、速度・信号遵守、ノコギリ運転なしのため高評価。
229.79999999999916,Train11,次駅への減速フェーズ（駅手前400m以内）,ブレーキ（減速）中,0.1,惰行,0.1,70.0,70.0,3.39,0.0,0.0,0.0,0.6171632939070342,49.9,0.0,この先制限速度なし,この先目立った勾配なし,前方2234.9m先を52.2km/h,後続列車なし,0.0,0.0,,110.0,0.0,delay_recovery,0.7,駅手前でブレーキ中だがdelta_stopが-0.62mでわずかにオーバーランし、低速域の許容範囲を超えているためやや減点とする。
129.0,Train11,巡航フェーズ（駅間走行中）,惰行中,5.0,力行（加速）,43.0,70.0,70.0,67.34,70.0,993.3,51.0,235.9957508358702,0.0,0.0,この先制限速度なし,3m先に上り勾配12.5‰あり,前方1865.3m先を48.2km/h,後続列車なし,0.0,0.0,,110.0,70.0,normal,0.6,巡航フェーズでrequired_speed未達のまま惰行しており、定時到着が危うく評価を下げるため0.6とする。
204.89999999999995,Train11,次駅への減速フェーズ（駅手前400m以内）,ブレーキ（減速）中,0.6,惰行,0.1,70.0,70.0,44.29,70.0,83.1,0.0,92.24356610277697,25.0,9.2,この先制限速度なし,この先目立った勾配なし,前方1137.0m先を61.0km/h,後続列車なし,0.0,0.0,発車済み,80.0,70.0,normal,0.0,delta_stopが-9.14mでブレーキ中でもオーバーランが確実と判定され、即0.0ルールに該当するためreward=0.0。
131.0,Train11,巡航フェーズ（駅間走行中）,力行（加速）中,17.0,惰行,6.0,70.0,70.0,51.31,70.0,1024.6,49.0,138.51161218988867,0.0,0.0,この先制限速度なし,34m先に上り勾配12.5‰あり,前方1085.6m先を27.5km/h,後続列車なし,0.0,0.0,発車済み,80.0,70.0,normal,1.0,巡航フェーズでrequired_speed未達だが加速中で安全基準を満たし、ノコギリ運転や間隔問題もなく適切な操作と判断した。
119.0,Train11,巡航フェーズ（駅間走行中）,ブレーキ（減速）中,1.0,力行（加速）,9.0,70.0,70.0,60.47,70.0,1376.9,61.0,191.2334732018945,0.0,0.0,この先制限速度なし,386m先に上り勾配12.5‰あり,前方1716.4m先を48.2km/h,後続列車なし,0.0,0.0,,80.0,70.0,normal,0.2,巡航フェーズでrequired_speed 70km/hに対し60.5km/hでブレーキをかけており、先行列車も遠く余裕があるため不要減速となり遅延とエネルギー浪費を招くため0.2とした。
194.29999999999924,Train11,次駅への減速フェーズ（駅手前400m以内）,ブレーキ（減速）中,3.0000000000000013,惰行,0.1,70.0,0.0,7.87,70.0,3.7,0.0,2.9523626124658313,16.4,9.2,この先制限速度なし,この先目立った勾配なし,前方6.2m先を6.2km/h,後続列車なし,10.0,0.0,発車済み,45.0,70.0,normal,0.9,次駅減速フェーズでブレーキを適切にかけ、delta_stopが0.75mで許容範囲内、制限速度・CBTC遵守、ノコギリ運転なし。
172.8999999999999,Train11,次駅への減速フェーズ（駅手前400m以内）,力行（加速）中,1.8000000000000005,惰行,2.2,70.0,26.9,33.73,70.0,78.3,5.1,53.764257681577625,0.0,9.2,この先制限速度なし,この先目立った勾配なし,前方84.3m先を10.0km/h,後続列車なし,0.0,0.0,発車済み,28.0,70.0,normal,0.0,CBTC信号速度26.9km/hを超える33.7km/hでブレーキせずに加速しているため、即時0点とした。
115.0,Train11,巡航フェーズ（駅間走行中）,力行（加速）中,2.0,ブレーキ（減速）,6.0,70.0,70.0,44.89,70.0,1423.6,63.0,106.42346046866203,0.0,0.0,この先制限速度なし,433m先に上り勾配12.5‰あり,前方1424.0m先を0.0km/h,後続列車なし,0.0,3.0,未発車,80.0,70.0,normal,0.4,通常運転で加速は必要速度未達に対し適切だが、直前のブレーキから2秒の短時間加速はノコギリ運転と判定され、reward上限が0.4点に抑えられた。
173.29999999999947,Train11,次駅への減速フェーズ（駅手前400m以内）,ブレーキ（減速）中,13.399999999999967,惰行,6.0,70.0,70.0,19.21,19.2,13.4,6.7,17.534265470359976,0.0,9.2,この先制限速度なし,この先目立った勾配なし,前方1040.4m先を60.0km/h,後続列車なし,0.0,0.0,発車済み,110.0,19.2,normal,0.6,delta_stop が -4.13 m でやや早めのブレーキとなり停止位置が手前になるためやや減点し、reward 0.6 とする。
200.79999999999978,Train11,次駅への減速フェーズ（駅手前400m以内）,力行（加速）中,1.4000000000000001,ブレーキ（減速）,1.7000000000000004,70.0,70.0,31.12,70.0,58.4,0.0,45.815790123352755,20.9,9.2,この先制限速度なし,この先目立った勾配なし,前方1566.0m先を63.0km/h,後続列車なし,0.0,0.0,発車済み,110.0,70.0,normal,0.0,ブレーキから加速への短時間切替が合理的根拠なく行われ、prev_notch_durationが1.7秒で上限0.0点となるためrewardは0.0とする。
197.99999999999937,Train11,次駅への減速フェーズ（駅手前400m以内）,ブレーキ（減速）中,0.6,力行（加速）,0.1,70.0,40.3,16.88,70.0,4.1,0.0,13.54866045089156,18.1,9.2,この先制限速度なし,この先目立った勾配なし,前方126.4m先を35.0km/h,後続列車なし,10.0,0.0,発車済み,45.0,70.0,normal,0.0,delta_stopが-9.45mでブレーキ中にも関わらずオーバーランが確実と判断され、安全違反の即0点ルールが適用された。
139.0,Train11,巡航フェーズ（駅間走行中）,惰行中,4.0,力行（加速）,2.0,70.0,70.0,31.16,70.0,738.4,41.0,51.642303495872305,0.0,0.0,この先制限速度なし,148m先に上り勾配6.1‰あり,前方923.0m先を39.5km/h,後続列車なし,0.0,0.0,発車済み,85.0,70.0,normal,0.0,力行→惰行への短時間切替が合理的根拠なく行われ、即時0.0評価となる。
127.0,Train11,巡航フェーズ（駅間走行中）,力行（加速）中,14.0,ブレーキ（減速）,6.0,70.0,70.0,54.11,70.0,1258.1,53.0,153.77017850242711,0.0,0.0,この先制限速度なし,268m先に上り勾配12.5‰あり,前方1291.6m先を21.7km/h,後続列車なし,0.0,0.0,発車済み,80.0,70.0,normal,0.9,巡航フェーズでrequired_speed未達のため加速が必要。現在の力行は制限速度・CBTCを遵守し、ノコギリ運転もなく適切な操作。
117.0,Train11,巡航フェーズ（駅間走行中）,惰行中,18.0,力行（加速）,11.0,70.0,70.0,54.47,70.0,541.7,39.0,144.0648122693552,0.0,6.1,この先制限速度なし,351m先に上り勾配9.2‰あり,前方452.9m先を28.9km/h,後続列車なし,0.0,53.0,未発車,28.0,41.7,anti_mid_stop,0.2,先行列車が塞いでいる駅間停車防止モードで、現在速度が target_speed_no_stop+5km/h を超えて過加速と判断し減点した。
21.0,Train11,巡航フェーズ（駅間走行中）,力行（加速）中,1.0,惰行,6.0,70.0,70.0,22.75,70.0,2093.6,89.0,28.436634809572574,0.0,-2.1,この先制限速度なし,303m先に下り勾配6.7‰あり,前方1465.1m先を62.3km/h,後続列車なし,0.0,92.0,未発車,85.0,70.0,normal,0.5,巡航フェーズでrequired_speed未達だが加速操作は適切、ただし惰行から1秒の力行への短時間切替がノコギリ運転と判定され上限0.5に抑えられる。
197.89999999999966,Train11,次駅への減速フェーズ（駅手前400m以内）,ブレーキ（減速）中,0.30000000000000004,惰行,0.1,70.0,70.0,28.37,70.0,33.6,0.0,38.11818659118914,18.0,9.2,この先制限速度なし,この先目立った勾配なし,前方972.1m先を58.4km/h,後続列車なし,0.0,0.0,発車済み,80.0,70.0,normal,0.9,ブレーキが適切に行われ、delta_stopが±5m以内で安全に停止できるため高評価とし、reward=0.9とする。
207.49999999999952,Train11,次駅への減速フェーズ（駅手前400m以内）,ブレーキ（減速）中,3.800000000000002,力行（加速）,0.1,70.0,70.0,20.61,70.0,22.2,0.0,20.173863578839054,27.6,9.2,この先制限速度なし,この先目立った勾配なし,前方1544.4m先を48.5km/h,後続列車なし,0.0,0.0,,80.0,70.0,normal,0.0,ブレーキへの急激な切替が7秒未満で前後ノッチも短時間、合理的理由がなくノコギリ運転と判定され上限0.0点となった。
186.5999999999998,Train11,次駅への減速フェーズ（駅手前400m以内）,ブレーキ（減速）中,0.9999999999999999,力行（加速）,0.8999999999999999,70.0,21.2,20.34,70.0,71.0,0.0,19.650517907368087,8.7,9.2,この先制限速度なし,この先目立った勾配なし,前方71.4m先を0.0km/h,後続列車なし,5.0,3.4,未発車,28.0,19.3,anti_mid_stop,0.9,先行列車が停車しているため駅間停車防止モード。現在速度がtarget_speed_no_stopを僅か上回っており、ブレーキで減速させる操作は適切で、他の安全・速度要件に違反なし。
162.0,Train11,次駅への減速フェーズ（駅手前400m以内）,惰行中,1.0,力行（加速）,4.0,70.0,70.0,68.43,70.0,377.2,18.0,225.33974157686782,0.0,6.1,この先制限速度なし,187m先に上り勾配9.2‰あり,前方1691.0m先を48.5km/h,後続列車なし,0.0,0.0,,110.0,70.0,normal,0.2,力行→惰行への7秒未満の切替に合理的根拠がなくノコギリ運転と判定し、上限0.2点に抑えた。
188.0,Train11,次駅への減速フェーズ（駅手前400m以内）,惰行中,6.0,力行（加速）,20.0,70.0,70.0,52.67,70.0,330.5,0.0,134.84340454026778,9.0,6.1,この先制限速度なし,140m先に上り勾配9.2‰あり,前方1111.7m先を56.0km/h,後続列車なし,0.0,0.0,発車済み,80.0,70.0,normal,0.2,required_speed未達の状態で惰行を続け遅延を拡大しているため、評価を低くし0.2とする。
185.59999999999957,Train11,次駅への減速フェーズ（駅手前400m以内）,ブレーキ（減速）中,1.3,惰行,0.1,70.0,70.0,26.05,70.0,19.5,0.0,32.16721718785928,5.7,9.2,この先制限速度なし,この先目立った勾配なし,前方280.0m先を43.1km/h,後続列車なし,0.0,0.0,発車済み,45.0,70.0,normal,0.0,delta_stopが‑12.67mでブレーキ中でもオーバーランが確実と判定され、即0.0ルールが適用されたため。
21.0,Train11,巡航フェーズ（駅間走行中）,力行（加速）中,22.0,ブレーキ（減速）,30.0,70.0,70.0,40.59,70.0,2037.0,60.0,89.75302390162649,0.0,-2.1,この先制限速度なし,247m先に下り勾配6.7‰あり,前方971.9m先を63.0km/h,後続列車なし,0.0,117.0,未発車,60.0,68.8,normal,0.2,先行列車が遠く信号・速度制限は守られているが、30秒のブレーキ後に加速へ切替えたことが自ら減速後の再力行とみなされ、required_speed70km/hに対し40.6km/hと大幅に遅れているため減点し0.2とする。
154.0,Train11,次駅への減速フェーズ（駅手前400m以内）,惰行中,1.0,力行（加速）,6.0,70.0,70.0,61.57,61.6,257.4,26.0,183.26160626725076,0.0,6.1,この先制限速度なし,67m先に上り勾配9.2‰あり,前方976.9m先を55.0km/h,後続列車なし,0.0,0.0,発車済み,110.0,61.6,normal,0.3,直前の力行から1秒の惰行への短時間切替は合理的理由がなくノコギリ運転と判定され、reward上限0.3点に抑えられる。
87.0,Train11,巡航フェーズ（駅間走行中）,力行（加速）中,3.0,惰行,6.0,70.0,70.0,44.69,70.0,1182.6,28.0,105.48926006630913,0.0,0.0,この先制限速度なし,192m先に上り勾配12.5‰あり,前方622.8m先を61.8km/h,後続列車なし,5.0,103.0,未発車,28.0,46.6,anti_mid_stop,0.9,先行列車が塞いでいるため駅間停車防止モード。現在速度がtarget_speed_no_stop未満で加速中であり、適切な操作と判断した。
193.19999999999942,Train11,次駅への減速フェーズ（駅手前400m以内）,ブレーキ（減速）中,0.7,力行（加速）,0.30000000000000004,70.0,10.5,7.14,70.0,48.3,0.0,2.4304787505666736,15.3,9.2,この先制限速度なし,この先目立った勾配なし,前方55.3m先を10.7km/h,後続列車なし,5.0,0.0,発車済み,28.0,70.0,normal,0.0,短時間の力行→ブレーキ切替が合理的根拠なく行われ、prev_notch_durationが0.3秒で上限0.0点となったためreward=0.0。
200.0,Train11,次駅への減速フェーズ（駅手前400m以内）,ブレーキ（減速）中,3.0,力行（加速）,37.0,70.0,70.0,56.81,70.0,149.4,0.0,150.7318433540751,21.0,9.2,この先制限速度なし,この先目立った勾配なし,前方1570.7m先を48.7km/h,後続列車なし,0.0,0.0,,80.0,70.0,normal,0.9,次駅減速フェーズでブレーキが適切に作動し、delta_stop‑1.33mは許容範囲内、制限速度・CBTC遵守、ノコギリ運転なし、間隔も適正のため高評価。
144.0,Train11,巡航フェーズ（駅間走行中）,力行（加速）中,30.0,惰行,6.0,70.0,70.0,55.66,70.0,829.6,36.0,139.32953072223572,0.0,12.5,この先制限速度なし,この先目立った勾配なし,前方1014.3m先を39.5km/h,後続列車なし,0.0,0.0,発車済み,80.0,70.0,normal,0.9,巡航フェーズでrequired_speed未達だが加速は必要であり、速度・信号・制限を遵守し安全上の違反なし。
179.0,Train11,巡航フェーズ（駅間走行中）,惰行中,4.0,力行（加速）,4.0,70.0,70.0,52.58,70.0,549.3,1.0,134.39000520277938,0.0,6.1,この先制限速度なし,359m先に上り勾配9.2‰あり,前方2091.7m先を48.4km/h,後続列車なし,0.0,0.0,,110.0,70.0,normal,0.2,巡航フェーズでrequired_speed未達のまま惰行し、持続時間が7秒未満の不合理な力行→惰行切替（ノコギリ運転）で遅延拡大と安全性低下があるため0.2とした。
21.0,Train11,巡航フェーズ（駅間走行中）,力行（加速）中,22.0,ブレーキ（減速）,30.0,70.0,70.0,40.59,70.0,2037.0,76.0,89.75302390162649,0.0,-2.1,この先制限速度なし,247m先に下り勾配6.7‰あり,前方1233.7m先を62.6km/h,後続列車なし,10.0,132.0,未発車,85.0,61.7,anti_mid_stop,0.9,先行列車が塞いでいるため駅間停車防止モード。target_speed_no_stop以下での加速は適切で、制限速度・CBTC遵守、間隔・ノコギリ運転なし。
197.59999999999962,Train11,次駅への減速フェーズ（駅手前400m以内）,ブレーキ（減速）中,8.699999999999985,力行（加速）,2.0,70.0,70.0,26.84,70.0,28.1,0.0,34.13768249045519,17.7,9.2,この先制限速度なし,この先目立った勾配なし,前方1043.5m先を59.5km/h,後続列車なし,0.0,0.0,発車済み,85.0,70.0,normal,0.0,δ_stop が -6.04 m でブレーキ中にも関わらずオーバーランが確実と判断され、即reward0.0ルールが適用される。
219.89999999999972,Train11,次駅への減速フェーズ（駅手前400m以内）,ブレーキ（減速）中,0.9999999999999999,惰行,0.1,70.0,70.0,29.9,70.0,40.6,0.0,42.31488414524785,40.0,9.2,この先制限速度なし,この先目立った勾配なし,前方2138.4m先を51.2km/h,後続列車なし,0.0,0.0,,110.0,70.0,delay_recovery,0.9,ブレーキ操作が適切でdelta_stopが許容範囲内、即時ゼロ違反なしで高評価とし0.9とする。
196.59999999999968,Train11,次駅への減速フェーズ（駅手前400m以内）,ブレーキ（減速）中,1.7000000000000004,惰行,23.000000000000057,70.0,0.0,29.46,70.0,45.4,0.0,41.085879207762936,18.7,9.2,この先制限速度なし,この先目立った勾配なし,前方45.8m先を0.0km/h,後続列車なし,10.0,13.4,未発車,28.0,11.7,anti_mid_stop,0.8,先行列車が停車しているため駅間停車防止モードで、CBTC0km/hに従いブレーキ減速し、停止位置は許容範囲内で安全に停車できるため高評価とした。
204.59999999999928,Train11,次駅への減速フェーズ（駅手前400m以内）,ブレーキ（減速）中,2.3000000000000007,惰行,0.1,70.0,70.0,9.47,0.0,0.0,0.0,4.808612101035525,24.7,0.0,この先制限速度なし,この先目立った勾配なし,前方1047.0m先を60.8km/h,後続列車なし,0.0,0.0,発車済み,80.0,0.0,normal,0.0,低速域でdelta_stopが-4.81mと許容範囲を超えており、駅手前でのオーバーランが確実であるため評価を0.0とした。
218.3999999999998,Train11,次駅への減速フェーズ（駅手前400m以内）,ブレーキ（減速）中,2.1000000000000005,惰行,0.1,70.0,70.0,34.08,70.0,53.9,0.0,54.87756520181532,38.5,9.2,この先制限速度なし,この先目立った勾配なし,前方2130.5m先を50.9km/h,後続列車なし,0.0,0.0,,110.0,70.0,delay_recovery,1.0,次駅減速フェーズで適切にブレーキし、delta_stopが許容範囲内で安全かつCBTC遵守、遅延回復モードでも停止位置が確保されているため高評価。
110.0,Train11,巡航フェーズ（駅間走行中）,力行（加速）中,14.0,惰行,40.0,70.0,70.0,51.36,58.2,802.0,61.0,118.91181680972998,0.0,12.5,この先制限速度なし,この先目立った勾配なし,前方792.7m先を9.4km/h,後続列車なし,10.0,68.0,未発車,60.0,60.2,normal,1.0,巡航フェーズでrequired_speed未達だが加速は必要であり、速度・CBTC・制限速度遵守、間隔も安全範囲内のため高評価。
137.0,Train11,次駅への減速フェーズ（駅手前400m以内）,惰行中,13.0,力行（加速）,6.0,70.0,70.0,43.53,43.9,379.9,41.0,92.56809503213734,0.0,6.1,この先制限速度なし,189m先に上り勾配9.2‰あり,前方380.3m先を0.0km/h,後続列車なし,10.0,16.0,未発車,85.0,43.9,normal,0.9,減速フェーズでrequired_speed付近を惰行し、制限速度・CBTCを遵守、停止余裕が大きくノコギリ運転や間隔違反なし、定時・省エネ的に最適な操作。
94.0,Train11,巡航フェーズ（駅間走行中）,力行（加速）中,18.0,ブレーキ（減速）,6.0,70.0,70.0,47.46,70.0,1624.9,84.0,118.78107326376978,0.0,0.0,この先制限速度なし,この先目立った勾配なし,前方1631.8m先を48.1km/h,後続列車なし,0.0,0.0,,80.0,70.0,normal,0.9,巡航フェーズでrequired_speed未達だが、加速操作は適切で制限・CBTC遵守、ノコギリ運転なし、間隔も問題なし。
21.0,Train11,巡航フェーズ（駅間走行中）,力行（加速）中,22.0,ブレーキ（減速）,30.0,70.0,70.0,40.59,70.0,2037.0,35.0,89.75302390162649,0.0,-2.1,この先制限速度なし,247m先に下り勾配6.7‰あり,前方533.4m先を63.2km/h,後続列車なし,10.0,172.0,未発車,45.0,48.1,anti_mid_stop,0.9,先行列車が塞いで駅間停車防止モードとなり、target_speed_no_stop以下で加速しているため安全かつ適切な運転と判断し高評価とした。
177.19999999999925,Train11,次駅への減速フェーズ（駅手前400m以内）,ブレーキ（減速）中,3.0000000000000013,力行（加速）,0.1,70.0,70.0,8.3,0.0,0.0,2.8,3.69502509352523,0.0,0.0,この先制限速度なし,この先目立った勾配なし,前方1091.7m先を62.4km/h,後続列車なし,0.0,0.0,発車済み,110.0,0.0,normal,0.0,低速(8.3km/h)でdelta_stopが-3.70mと許容範囲を大きく下回り、駅停車位置のオーバーランリスクが高いためrewardは0.0とする。
104.0,Train11,巡航フェーズ（駅間走行中）,ブレーキ（減速）中,6.0,力行（加速）,5.0,70.0,70.0,35.84,70.0,1335.8,74.0,68.16668332313547,0.0,0.0,この先制限速度なし,345m先に上り勾配12.5‰あり,前方1336.2m先を0.0km/h,後続列車なし,0.0,14.0,未発車,80.0,70.0,normal,0.2,CBTC余裕がある中で不要なブレーキと力行→減速の7秒未満切替があり、巡航フェーズでのちんたら運転とノコギリ運転と判定し、上限0.3のうち0.2点とした。
200.19999999999993,Train11,次駅への減速フェーズ（駅手前400m以内）,惰行中,0.1,力行（加速）,3.200000000000001,70.0,70.0,36.84,70.0,84.1,0.0,64.04815549168038,20.3,9.2,この先制限速度なし,この先目立った勾配なし,前方1508.1m先を48.7km/h,後続列車なし,0.0,0.0,,80.0,70.0,normal,0.2,加速直後の0.1秒惰行は合理的根拠がなくノコギリ運転と判定され、reward上限が0.3に制限されたため0.2とした。
151.0,Train11,次駅への減速フェーズ（駅手前400m以内）,力行（加速）中,26.0,ブレーキ（減速）,6.0,70.0,70.0,53.2,70.0,326.2,29.0,137.52826065836962,0.0,6.1,この先制限速度なし,136m先に上り勾配9.2‰あり,前方429.6m先を33.1km/h,後続列車なし,5.0,0.0,発車済み,85.0,70.0,normal,0.9,次駅減速フェーズでdelta_stopが大きく余裕があり、加速はCBTC制限内で先行列車との間隔も安全なため、現在の力行は適切と判断。
169.29999999999976,Train11,次駅への減速フェーズ（駅手前400m以内）,ブレーキ（減速）中,0.1,力行（加速）,0.4,70.0,33.6,31.13,70.0,54.5,10.7,45.84505158760682,0.0,9.2,この先制限速度なし,この先目立った勾配なし,前方103.2m先を25.2km/h,後続列車なし,5.0,0.0,発車済み,60.0,70.0,normal,0.8,制限速度・CBTC遵守、ブレーキで適切に減速し停止余裕あり。間隔はやや近いが安全確保のため減点なし。
45.0,Train11,巡航フェーズ（駅間走行中）,惰行中,16.0,力行（加速）,30.0,70.0,70.0,48.19,70.0,1723.8,35.0,134.47510683748044,0.0,-6.7,この先制限速度なし,この先目立った勾配なし,前方641.2m先を63.2km/h,後続列車なし,10.0,148.0,未発車,45.0,33.2,anti_mid_stop,0.8,先行列車が塞いでいるため駅間停車防止モード。現在速度はtarget_speed_no_stopを上回っているが惰行で減速に向かい、制限速度・CBTCを遵守し安全上問題なし。
51.0,Train11,巡航フェーズ（駅間走行中）,惰行中,2.0,力行（加速）,20.0,70.0,70.0,39.43,70.0,2037.2,63.0,84.75002003866273,0.0,-2.1,この先制限速度なし,247m先に下り勾配6.7‰あり,前方1469.7m先を48.0km/h,後続列車なし,0.0,0.0,,80.0,70.0,normal,0.2,required_speed 70km/hに対し現在39.4km/hで惰行を続け、加速せず遅延を拡大しているため評価を低くし、0.2とした。
221.29999999999964,Train11,次駅への減速フェーズ（駅手前400m以内）,ブレーキ（減速）中,2.400000000000001,惰行,0.1,70.0,70.0,25.77,70.0,29.8,0.0,31.482711713919635,41.4,9.2,この先制限速度なし,この先目立った勾配なし,前方2147.5m先を51.4km/h,後続列車なし,0.0,0.0,,110.0,70.0,delay_recovery,0.9,ブレーキで適切に減速し、delta_stop‑1.68 m が許容範囲内で停止位置を確保、速度・CBTC制限を遵守しているため高評価とした。
148.0,Train11,巡航フェーズ（駅間走行中）,力行（加速）中,15.0,ブレーキ（減速）,6.0,70.0,70.0,51.18,70.0,565.9,30.0,127.43150702105753,0.0,6.1,この先制限速度なし,375m先に上り勾配9.2‰あり,前方566.3m先を0.0km/h,後続列車なし,0.0,5.0,未発車,45.0,70.0,normal,0.9,巡航フェーズでrequired_speed未達だが、加速ノッチが適切で制限速度・CBTCを遵守、ノコギリ運転なし、先行列車との間隔安全なため高評価。
187.29999999999953,Train11,次駅への減速フェーズ（駅手前400m以内）,ブレーキ（減速）中,2.0000000000000004,惰行,0.1,70.0,70.0,22.9,70.0,7.8,0.0,24.886506175541175,7.4,9.2,この先制限速度なし,この先目立った勾配なし,前方1661.6m先を48.5km/h,後続列車なし,0.0,0.0,,110.0,70.0,normal,0.0,delta_stopが-17.09mでブレーキ中にも関わらず停止位置が大幅に手前にあり、オーバーランがほぼ確実なため即時0点とした。
153.0,Train11,次駅への減速フェーズ（駅手前400m以内）,惰行中,39.0,力行（加速）,13.0,70.0,70.0,38.95,70.0,334.2,25.0,74.28368253478378,0.0,6.1,この先制限速度なし,144m先に上り勾配9.2‰あり,前方334.6m先を0.0km/h,後続列車なし,5.0,37.0,未発車,28.0,32.8,anti_mid_stop,0.6,先行列車が塞いでいるため駅間停車防止モード。現在速度が target_speed_no_stop+5km/h を超えており過加速とみなされ減点対象。
182.89999999999978,Train11,次駅への減速フェーズ（駅手前400m以内）,ブレーキ（減速）中,1.2,惰行,0.1,70.0,70.0,35.23,70.0,43.4,0.0,58.61431469936172,3.0,9.2,この先制限速度なし,この先目立った勾配なし,前方1638.0m先を48.0km/h,後続列車なし,0.0,0.0,,110.0,70.0,normal,0.0,δ_stopが-15.21mでブレーキ中にもかかわらずオーバーランがほぼ確実と判断され、即時0点ルールに該当するためreward=0.0。
167.2,Train11,次駅への減速フェーズ（駅手前400m以内）,惰行中,0.30000000000000004,力行（加速）,6.0,70.0,32.8,29.92,70.0,90.7,12.8,42.37117175869427,0.0,9.2,この先制限速度なし,この先目立った勾配なし,前方100.9m先を12.9km/h,後続列車なし,10.0,0.0,発車済み,60.0,70.0,normal,0.9,次駅減速フェーズでdelta_stopが正、CBTC信号遵守、速度は制限内かつ駅手前の惰行は適切であり高評価とした。
151.0,Train11,巡航フェーズ（駅間走行中）,力行（加速）中,2.0,惰行,6.0,70.0,70.0,67.22,70.0,584.6,29.0,217.62187010596205,0.0,6.1,この先制限速度なし,394m先に上り勾配9.2‰あり,前方1750.6m先を48.5km/h,後続列車なし,0.0,0.0,,110.0,70.0,normal,0.5,下り勾配で制限速度‑10km/h以上に達しているのに力行し、さらに短時間の惰行→力行というノコギリ運転が判定されたため減点し、上限0.5点に抑える。
206.39999999999867,Train11,次駅への減速フェーズ（駅手前400m以内）,ブレーキ（減速）中,0.7999999999999999,惰行,0.1,70.0,32.0,9.83,70.0,9.2,0.0,4.603805300737739,26.5,9.2,この先制限速度なし,この先目立った勾配なし,前方98.3m先を31.5km/h,後続列車なし,5.0,0.0,発車済み,28.0,70.0,normal,0.2,ブレーキが早すぎて停止位置が4.6m手前になるため大幅減点し、rewardを0.2とした。
158.0,Train11,巡航フェーズ（駅間走行中）,力行（加速）中,44.0,惰行,6.0,70.0,70.0,63.02,70.0,600.0,22.0,207.33334399834456,0.0,0.0,この先制限速度なし,10m先に上り勾配6.1‰あり,前方952.4m先を46.2km/h,後続列車なし,0.0,0.0,発車済み,80.0,70.0,normal,1.0,巡航フェーズでrequired_speed未達のため加速は適切で、速度・信号・制限速度を遵守し、停止余裕も十分、ノコギリ運転なし。
51.0,Train11,巡航フェーズ（駅間走行中）,力行（加速）中,15.0,惰行,6.0,70.0,70.0,33.32,70.0,2094.0,97.0,60.711062010537056,0.0,-2.1,この先制限速度なし,303m先に下り勾配6.7‰あり,前方1927.9m先を47.8km/h,後続列車なし,0.0,0.0,,110.0,70.0,normal,1.0,巡航フェーズでrequired_speed未達だが、現在は加速中でCBTC・制限速度を遵守し、ノコギリ運転もなく適切な加速操作と判断した。
95.0,Train11,巡航フェーズ（駅間走行中）,力行（加速）中,14.0,惰行,6.0,70.0,70.0,50.78,70.0,1571.2,85.0,135.70925250172974,0.0,0.0,この先制限速度なし,この先目立った勾配なし,前方1990.6m先を47.5km/h,後続列車なし,0.0,0.0,,110.0,70.0,normal,0.9,巡航フェーズでrequired_speed未達ながら適切に加速し、速度・CBTC・制限速度を遵守、ノコギリ運転なし、列車間隔も安全で高評価。
117.0,Train11,巡航フェーズ（駅間走行中）,ブレーキ（減速）中,1.0,惰行,6.0,70.0,70.0,56.22,56.2,709.5,61.0,165.76970628061855,0.0,0.0,この先制限速度なし,119m先に上り勾配6.1‰あり,前方709.9m先を0.0km/h,後続列車なし,0.0,21.0,未発車,60.0,56.2,normal,0.2,巡航フェーズでrequired_speedと同等の速度にも関わらず不必要にブレーキし、保持時間が7秒未満のノコギリ運転と判定されたため減点し0.2とした。
215.59999999999997,Train11,次駅への減速フェーズ（駅手前400m以内）,ブレーキ（減速）中,2.7000000000000006,力行（加速）,21.0,70.0,70.0,42.15,70.0,83.6,0.0,83.63351250334307,35.7,9.2,この先制限速度なし,この先目立った勾配なし,前方2120.7m先を50.4km/h,後続列車なし,0.0,0.0,,110.0,70.0,delay_recovery,1.0,ブレーキが適切に作動し、delta_stop が許容範囲内で速度・信号・制限を遵守、間隔も安全、即時0点条件なしのため高評価。
137.0,Train11,巡航フェーズ（駅間走行中）,惰行中,2.0,力行（加速）,11.0,70.0,70.0,45.83,47.9,409.8,41.0,102.48478021727058,0.0,6.1,この先制限速度なし,219m先に上り勾配9.2‰あり,前方410.2m先を0.0km/h,後続列車なし,5.0,21.0,未発車,60.0,47.9,normal,0.8,先行列車が停車中で安全距離を保ちつつ、現在速度はrequired_speedに近く惰行で適切に走行しているため高評価。
169.3999999999997,Train11,次駅への減速フェーズ（駅手前400m以内）,ブレーキ（減速）中,9.49999999999998,惰行,6.0,70.0,70.0,30.69,30.7,40.4,10.6,44.566241572343955,0.0,9.2,この先制限速度なし,この先目立った勾配なし,前方1003.3m先を58.7km/h,後続列車なし,0.0,0.0,発車済み,110.0,30.7,normal,0.9,ブレーキが適切に作動し、delta_stopが±5m以内で安全に停車位置に近づいているため高評価とした。
211.89999999999927,Train11,次駅への減速フェーズ（駅手前400m以内）,ブレーキ（減速）中,1.8000000000000005,力行（加速）,0.1,70.0,70.0,8.74,70.0,4.3,0.0,3.6404181281335473,32.0,9.2,この先制限速度なし,この先目立った勾配なし,前方1585.6m先を48.1km/h,後続列車なし,0.0,0.0,,80.0,70.0,delay_recovery,1.0,ブレーキが適切に行われ、delta_stop 0.66 m が低速領域の許容範囲内で停止位置が正確、即時安全違反なし。
174.5999999999994,Train11,次駅への減速フェーズ（駅手前400m以内）,ブレーキ（減速）中,0.4,力行（加速）,0.1,70.0,70.0,15.89,15.9,7.1,5.4,12.009624083125955,0.0,9.2,この先制限速度なし,この先目立った勾配なし,前方1055.9m先を60.8km/h,後続列車なし,0.0,0.0,発車済み,110.0,15.9,normal,0.9,次駅減速フェーズでブレーキ中、delta_stopが-4.91mで許容範囲内、制限速度・CBTC遵守、合理的な減速操作のため高評価。
80.0,Train11,巡航フェーズ（駅間走行中）,惰行中,24.0,力行（加速）,6.0,70.0,70.0,50.32,70.0,1210.4,60.0,133.29926143913357,0.0,0.0,この先制限速度なし,220m先に上り勾配12.5‰あり,前方963.0m先を46.6km/h,後続列車なし,10.0,98.0,未発車,60.0,49.5,anti_mid_stop,1.0,先行列車が塞いでいるため駅間停車防止モード。現在速度はtarget_speed_no_stop付近で惰行を維持し、制限速度・CBTC信号を遵守している。
160.0,Train11,次駅への減速フェーズ（駅手前400m以内）,惰行中,5.0,力行（加速）,6.0,70.0,53.5,30.68,70.0,161.6,20.0,44.5373845569344,0.0,9.2,この先制限速度なし,この先目立った勾配なし,前方184.0m先を18.4km/h,後続列車なし,10.0,0.0,発車済み,85.0,70.0,normal,0.4,加速後すぐの惰行は合理的理由がなく、保持時間が7秒未満のノコギリ運転と判定され、reward上限が0.5に制限された。
173.8999999999995,Train11,次駅への減速フェーズ（駅手前400m以内）,ブレーキ（減速）中,0.7999999999999999,力行（加速）,0.1,70.0,34.3,20.22,70.0,21.0,6.1,19.42010926356998,0.0,9.2,この先制限速度なし,この先目立った勾配なし,前方105.7m先を31.0km/h,後続列車なし,5.0,0.0,発車済み,60.0,70.0,normal,0.9,次駅減速フェーズでブレーキを適切に掛け、delta_stopが1.58mで許容範囲内、CBTC信号と速度制限を遵守しているため高評価。
210.39999999999964,Train11,次駅への減速フェーズ（駅手前400m以内）,ブレーキ（減速）中,3.0000000000000013,惰行,0.1,70.0,70.0,26.66,70.0,29.2,0.0,33.68362876767234,30.5,9.2,この先制限速度なし,この先目立った勾配なし,前方1590.4m先を48.3km/h,後続列車なし,0.0,0.0,,80.0,70.0,delay_recovery,1.0,遅延回復モードでブレーキは駅停車に向けた適切な減速で、速度・信号遵守、停止位置も許容範囲内のため高評価。
199.09999999999954,Train11,次駅への減速フェーズ（駅手前400m以内）,ブレーキ（減速）中,4.200000000000001,惰行,23.000000000000057,70.0,0.0,22.1,70.0,27.5,0.0,23.184526058457408,21.2,9.2,この先制限速度なし,この先目立った勾配なし,前方27.9m先を0.0km/h,後続列車なし,10.0,10.9,未発車,28.0,9.1,anti_mid_stop,0.9,先行列車が停車しているため駅間停車防止モード。CBTC信号0km/hに従いブレーキ中で停止位置は適切、速度超過は減速で是正されているため高評価とし0.9とした。
205.09999999999954,Train11,次駅への減速フェーズ（駅手前400m以内）,ブレーキ（減速）中,1.6000000000000003,力行（加速）,0.1,70.0,70.0,22.91,70.0,24.6,0.0,24.908158588309934,25.2,9.2,この先制限速度なし,この先目立った勾配なし,前方1607.7m先を63.1km/h,後続列車なし,0.0,0.0,発車済み,110.0,70.0,normal,0.9,駅手前で適切にブレーキし、delta_stopが±5m以内の許容範囲に収まり、制限速度・CBTCを遵守、ノコギリ運転もなく安全に停止できるため高評価。
168.09999999999977,Train11,次駅への減速フェーズ（駅手前400m以内）,ブレーキ（減速）中,8.199999999999985,惰行,6.0,70.0,70.0,34.53,34.5,52.1,11.9,56.32540103661505,0.0,9.2,この先制限速度なし,この先目立った勾配なし,前方993.9m先を58.4km/h,後続列車なし,0.0,0.0,発車済み,110.0,34.5,normal,1.0,次駅減速フェーズで適切にブレーキし、delta_stopが許容範囲内で安全に停止できるため高評価。
184.79999999999922,Train11,次駅への減速フェーズ（駅手前400m以内）,惰行中,0.1,ブレーキ（減速）,1.0999999999999999,70.0,70.0,7.44,70.0,2.0,0.0,2.638825007560834,4.9,9.2,この先制限速度なし,この先目立った勾配なし,前方444.1m先を48.8km/h,後続列車なし,0.0,0.0,発車済み,60.0,70.0,normal,0.0,次駅減速フェーズでブレーキせず惰行し、持続時間が7秒未満の反転操作でノコギリ運転と判定、上限0.0点。
62.0,Train11,巡航フェーズ（駅間走行中）,力行（加速）中,26.0,惰行,6.0,70.0,70.0,45.31,70.0,1972.4,106.0,111.53999574036578,0.0,-2.1,この先制限速度なし,182m先に下り勾配6.7‰あり,前方1952.8m先を48.1km/h,後続列車なし,0.0,0.0,,110.0,70.0,normal,1.0,巡航フェーズでrequired_speed未達だが適切に加速中、制限速度・CBTC遵守、過剰加速やノコギリ運転なしで安全かつ定時性を保てる。
216.9999999999999,Train11,次駅への減速フェーズ（駅手前400m以内）,ブレーキ（減速）中,0.7,惰行,0.1,70.0,70.0,38.24,70.0,68.0,0.0,68.96459815658069,37.1,9.2,この先制限速度なし,この先目立った勾配なし,前方2124.8m先を50.7km/h,後続列車なし,0.0,0.0,,110.0,70.0,delay_recovery,1.0,ブレーキで適切に減速し、delta_stopが±5m以内の高評価領域にあり、制限速度・CBTC超過なし、ノコギリ運転でもなく間隔も適正なため高評価とする。
118.0,Train11,巡航フェーズ（駅間走行中）,惰行中,1.0,力行（加速）,7.0,70.0,70.0,43.28,70.0,778.6,46.0,99.01620491575413,0.0,0.0,この先制限速度なし,188m先に上り勾配6.1‰あり,前方742.3m先を18.4km/h,後続列車なし,10.0,75.0,未発車,45.0,38.7,anti_mid_stop,0.9,先行列車が塞いでいるため駅間停車防止モード。現在速度はtarget_speed_no_stop＋5km/h以内で惰行しており、過加速やノコギリ運転はなく安全かつ省エネで適切。
214.3999999999994,Train11,次駅への減速フェーズ（駅手前400m以内）,ブレーキ（減速）中,2.800000000000001,力行（加速）,0.1,70.0,70.0,15.38,70.0,5.8,0.0,11.25278739138385,34.5,9.2,この先制限速度なし,この先目立った勾配なし,前方1620.4m先を48.3km/h,後続列車なし,0.0,0.0,,80.0,70.0,delay_recovery,0.0,delta_stopが-5.45mでブレーキ中にも関わらずオーバーランが確実と判定され、即時0点ルールが適用されたため。
176.49999999999952,Train11,次駅への減速フェーズ（駅手前400m以内）,ブレーキ（減速）中,4.000000000000002,力行（加速）,0.1,70.0,52.5,19.4,70.0,21.0,3.5,17.88173125050125,0.0,9.2,この先制限速度なし,この先目立った勾配なし,前方178.8m先を37.8km/h,後続列車なし,10.0,0.0,発車済み,85.0,70.0,normal,0.9,次駅減速フェーズで適切にブレーキをかけ、delta_stopが許容範囲内で停止位置が良好、速度・信号遵守、ノコギリ運転なし。
203.29999999999936,Train11,次駅への減速フェーズ（駅手前400m以内）,ブレーキ（減速）中,0.9999999999999999,惰行,0.1,70.0,70.0,13.26,70.0,2.3,0.0,8.369493879103205,23.4,9.2,この先制限速度なし,この先目立った勾配なし,前方1029.3m先を60.0km/h,後続列車なし,0.0,0.0,発車済み,80.0,70.0,normal,0.0,ブレーキ中にdelta_stopが-6.07mとオーバーランが確実であり、即時0点ルールに該当するためrewardは0.0とする。
203.09999999999886,Train11,次駅への減速フェーズ（駅手前400m以内）,力行（加速）中,1.7000000000000004,ブレーキ（減速）,0.1,70.0,26.6,14.99,70.0,21.8,0.0,10.690560690813623,23.2,9.2,この先制限速度なし,この先目立った勾配なし,前方83.6m先を27.6km/h,後続列車なし,5.0,0.0,発車済み,28.0,70.0,normal,0.0,減速フェーズで加速し、さらにノコギリ運転（保持時間7秒未満の切替）となっているため、安全上の問題はないが運転品質が極めて低く、rewardは0.0とする。
206.09999999999988,Train11,次駅への減速フェーズ（駅手前400m以内）,ブレーキ（減速）中,1.8000000000000005,惰行,0.1,70.0,70.0,40.71,70.0,68.9,0.0,78.07093572587478,26.2,9.2,この先制限速度なし,この先目立った勾配なし,前方1143.3m先を61.8km/h,後続列車なし,0.0,0.0,発車済み,80.0,70.0,normal,0.0,delta_stop が -9.17 m でオーバーランがほぼ確実なため即時0点ルールが適用され、reward は 0.0 とする。
173.0,Train11,巡航フェーズ（駅間走行中）,力行（加速）中,13.0,ブレーキ（減速）,6.0,70.0,70.0,52.8,70.0,587.0,7.0,135.49960663768613,0.0,6.1,この先制限速度なし,397m先に上り勾配9.2‰あり,前方1645.5m先を48.7km/h,後続列車なし,0.0,0.0,,80.0,70.0,normal,0.8,required_speed未達で加速は適切だが、現在速度が低く遅延が予測されるため評価をやや減点。
183.29999999999998,Train11,次駅への減速フェーズ（駅手前400m以内）,惰行中,12.399999999999999,力行（加速）,6.0,70.0,29.8,23.9,70.0,91.6,0.0,27.09786260914024,5.4,9.2,この先制限速度なし,この先目立った勾配なし,前方92.0m先を0.0km/h,後続列車なし,5.0,6.7,未発車,28.0,21.4,anti_mid_stop,0.9,先行列車が停車しているため駅間停車防止モードで、速度は target_speed_no_stop(21.4km/h) をわずか上回るだけの惰行で適切であり、違反やノコギリ運転はなく安全・省エネに近い運転と判断した。
174.79999999999984,Train11,次駅への減速フェーズ（駅手前400m以内）,ブレーキ（減速）中,0.7,力行（加速）,0.5,70.0,24.8,25.34,70.0,78.7,3.2,30.445670416002915,0.0,9.2,この先制限速度なし,この先目立った勾配なし,前方79.1m先を0.0km/h,後続列車なし,10.0,3.2,未発車,60.0,21.7,anti_mid_stop,0.9,先行列車が停車しているため駅間停車防止モード。現在速度はtarget_speed_no_stop上限以内でブレーキ中、CBTC信号に従い適切に減速しているため高評価。
172.7999999999999,Train11,次駅への減速フェーズ（駅手前400m以内）,惰行中,0.9999999999999999,力行（加速）,5.899999999999997,70.0,70.0,36.78,70.0,78.8,7.2,63.84142438163076,0.0,9.2,この先制限速度なし,この先目立った勾配なし,前方365.9m先を44.1km/h,後続列車なし,0.0,0.0,発車済み,60.0,70.0,normal,0.7,次駅減速フェーズでブレーキ開始前に惰行へ切替え、速度が要求速度より低く遅延リスクはあるが安全上問題なく、ノコギリ運転でもないため0.7とした。
140.0,Train11,巡航フェーズ（駅間走行中）,力行（加速）中,10.0,惰行,6.0,70.0,70.0,66.42,70.0,790.6,40.0,197.1415314055774,0.0,12.5,この先制限速度なし,この先目立った勾配なし,前方1808.8m先を48.0km/h,後続列車なし,0.0,0.0,,110.0,70.0,normal,1.0,巡航フェーズでrequired_speed未達のため加速は適切。制限速度・CBTC遵守、停車位置は十分余裕、先行列車との間隔も安全、ノコギリ運転なしで評価は最高。
213.49999999999946,Train11,次駅への減速フェーズ（駅手前400m以内）,ブレーキ（減速）中,2.0000000000000004,力行（加速）,0.1,70.0,70.0,20.1,70.0,6.5,0.0,19.191048284727813,33.6,9.2,この先制限速度なし,この先目立った勾配なし,前方1210.3m先を63.4km/h,後続列車なし,0.0,0.0,発車済み,80.0,70.0,delay_recovery,0.0,delta_stop が -12.69 m でオーバーランが確実なため即reward0.0ルールが適用され、評価は 0.0 とする。
217.09999999999926,Train11,次駅への減速フェーズ（駅手前400m以内）,惰行中,0.1,ブレーキ（減速）,5.399999999999997,70.0,70.0,7.49,0.0,0.0,0.0,3.0096767229929235,37.2,0.0,この先制限速度なし,この先目立った勾配なし,前方1648.3m先を48.5km/h,後続列車なし,0.0,0.0,,80.0,0.0,delay_recovery,0.0,低速域でdelta_stopが-3.01mとオーバーランが確実で、減速フェーズでブレーキせず惰行しているため即時0点とする。
189.5999999999994,Train11,次駅への減速フェーズ（駅手前400m以内）,ブレーキ（減速）中,0.2,惰行,0.1,70.0,70.0,16.9,0.0,0.0,0.0,15.278472926936688,9.7,0.0,この先制限速度なし,この先目立った勾配なし,前方1679.9m先を48.2km/h,後続列車なし,0.0,0.0,,110.0,0.0,normal,0.0,delta_stopが-15.28mでオーバーランが確実であり、ブレーキ開始が遅すぎるためreward=0.0とした。
45.0,Train11,巡航フェーズ（駅間走行中）,惰行中,8.0,力行（加速）,38.0,70.0,70.0,55.36,70.0,1701.6,28.0,176.6017091734874,0.0,-6.7,この先制限速度なし,この先目立った勾配なし,前方496.2m先を63.2km/h,後続列車なし,0.0,125.0,未発車,28.0,42.6,anti_mid_stop,0.9,先行列車が塞いでいるため駅間停車防止モード。target_speed_no_stop以下で惰行し過加速もなく安全かつ省エネであるため高評価。
69.0,Train11,巡航フェーズ（駅間走行中）,惰行中,12.0,力行（加速）,6.0,70.0,70.0,50.92,70.0,1386.5,38.0,136.44683298191256,0.0,0.0,この先制限速度なし,396m先に上り勾配12.5‰あり,前方723.2m先を62.7km/h,後続列車なし,10.0,124.0,未発車,45.0,47.3,anti_mid_stop,0.9,先行列車が停車中で駅間停車防止モード。現在速度はtarget_speed_no_stop＋5km/h以内で惰行しており、安全・省エネに適切な操作と判断した。
71.0,Train11,巡航フェーズ（駅間走行中）,ブレーキ（減速）中,1.0,力行（加速）,8.0,70.0,70.0,49.83,70.0,1531.0,18.0,130.75487105110741,0.0,0.0,この先制限速度なし,この先目立った勾配なし,前方605.7m先を62.6km/h,後続列車なし,10.0,139.0,未発車,28.0,48.3,anti_mid_stop,1.0,先行列車が塞いでいるため駅間停車防止モード。現在速度はtarget_speed_no_stop付近でブレーキは適切、制限速度・CBTCも遵守しているため高評価。
207.0,Train11,次駅への減速フェーズ（駅手前400m以内）,力行（加速）中,16.0,ブレーキ（減速）,6.0,70.0,70.0,47.09,70.0,197.8,0.0,108.1241694968968,28.0,6.1,この先制限速度なし,7m先に上り勾配9.2‰あり,前方2116.2m先を48.9km/h,後続列車なし,0.0,0.0,,110.0,70.0,normal,0.9,速度は制限・CBTC内で、delta_stopが正のためブレーキ未実施は適切。即時安全違反なし、ノコギリ運転もなく、停止位置も達成可能。
178.7999999999994,Train11,次駅への減速フェーズ（駅手前400m以内）,ブレーキ（減速）中,0.5,力行（加速）,0.1,70.0,55.3,13.66,70.0,10.6,1.2,8.881057924528857,0.0,9.2,この先制限速度なし,この先目立った勾配なし,前方193.1m先を39.4km/h,後続列車なし,10.0,0.0,発車済み,85.0,70.0,normal,0.0,0.5秒のブレーキ直前に0.1秒だけ力行した不合理な切替がノコギリ運転と判定され、reward上限が0.0に制限される。
196.7999999999991,Train11,次駅への減速フェーズ（駅手前400m以内）,ブレーキ（減速）中,5.4999999999999964,惰行,0.1,70.0,0.0,0.59,70.0,0.8,0.0,0.01661874913815475,18.9,9.2,この先制限速度なし,この先目立った勾配なし,前方9.6m先を12.1km/h,後続列車なし,10.0,0.0,発車済み,45.0,70.0,normal,0.9,ブレーキで適切に減速し、delta_stopが0.78mで低速域の許容範囲内、CBTC信号0km/hを遵守しているため高評価。
91.0,Train11,巡航フェーズ（駅間走行中）,力行（加速）中,14.0,ブレーキ（減速）,6.0,70.0,70.0,45.84,70.0,1401.0,87.0,110.91519085989292,0.0,0.0,この先制限速度なし,411m先に上り勾配12.5‰あり,前方1401.4m先を0.0km/h,後続列車なし,0.0,22.0,未発車,85.0,70.0,anti_mid_stop,1.0,先行列車が停車中で駅間停車防止モードと判定し、target_speed_no_stop以下で加速しているため安全かつ適切な操作と判断した。
102.0,Train11,巡航フェーズ（駅間走行中）,力行（加速）中,7.0,惰行,6.0,70.0,70.0,56.43,70.0,1619.9,76.0,166.98740481937352,0.0,0.0,この先制限速度なし,この先目立った勾配なし,前方1620.3m先を0.0km/h,後続列車なし,0.0,16.0,未発車,80.0,70.0,normal,1.0,巡航フェーズでrequired_speed未達のため加速が必要であり、現在の7秒間の力行は適切で制限速度・CBTC遵守、ノコギリ運転や間隔問題もなく高評価とする。
84.0,Train11,巡航フェーズ（駅間走行中）,力行（加速）中,3.0,惰行,6.0,70.0,70.0,40.19,70.0,1711.8,96.0,93.9970831029267,0.0,-6.7,この先制限速度なし,この先目立った勾配なし,前方1984.8m先を48.3km/h,後続列車なし,0.0,0.0,,110.0,70.0,normal,1.0,巡航フェーズでrequired_speed未達だが加速ノッチが適切で、速度・制限・CBTCすべて遵守、前方列車との間隔も十分であり減点要因がないため最高評価。
152.0,Train11,巡航フェーズ（駅間走行中）,惰行中,3.0,力行（加速）,3.0,70.0,70.0,59.63,70.0,842.4,28.0,159.55107378350397,0.0,12.5,この先制限速度なし,この先目立った勾配なし,前方1119.7m先を43.7km/h,後続列車なし,0.0,0.0,発車済み,80.0,70.0,normal,0.2,巡航フェーズでrequired_speed未達のまま惰行を続け、持続時間が7秒未満の力行→惰行の反転は合理的理由がなくノコギリ運転と判定され、上限0.3点に抑えられたため0.2とした。
128.0,Train11,巡航フェーズ（駅間走行中）,惰行中,1.0,力行（加速）,6.0,70.0,70.0,66.71,66.7,710.8,52.0,231.7079981886541,0.0,0.0,この先制限速度なし,120m先に上り勾配6.1‰あり,前方1063.2m先を46.2km/h,後続列車なし,0.0,0.0,発車済み,110.0,66.7,normal,1.0,required_speedに到達し惰行へ切替えた巡航運転で、速度・信号・間隔すべて遵守し安全かつ省エネなため最高評価。
54.0,Train11,巡航フェーズ（駅間走行中）,力行（加速）中,2.0,惰行,9.0,70.0,70.0,51.52,70.0,1646.2,23.0,153.36126995247793,0.0,-6.7,この先制限速度なし,この先目立った勾配なし,前方510.9m先を63.1km/h,後続列車なし,5.0,136.0,未発車,28.0,35.7,anti_mid_stop,0.2,先行列車が塞いでいる駅間停車防止モードで、target_speed_no_stop 35.7km/h を15.8km/h 超える力行は過加速とみなされ機外停車リスクがあるため減点し0.2とした。
94.0,Train11,巡航フェーズ（駅間走行中）,力行（加速）中,4.0,ブレーキ（減速）,6.0,70.0,70.0,28.72,70.0,1830.2,86.0,45.20345613706228,0.0,-2.1,この先制限速度なし,40m先に下り勾配6.7‰あり,前方2236.3m先を48.1km/h,後続列車なし,0.0,0.0,,110.0,70.0,normal,0.5,先行列車が遠く機外停車防止モードではなく通常運転。加速は必要速度未達で正当だが、直前のブレーキからの短時間切替に合理的理由がなくノコギリ運転と判定され、reward上限0.5となる。
90.0,Train11,巡航フェーズ（駅間走行中）,惰行中,33.0,力行（加速）,6.0,70.0,70.0,50.94,70.0,1055.7,44.0,136.55235790356156,0.0,0.0,この先制限速度なし,65m先に上り勾配12.5‰あり,前方739.2m先を52.9km/h,後続列車なし,10.0,88.0,未発車,45.0,46.7,anti_mid_stop,0.9,先行列車が塞いでいるため駅間停車防止モードとなり、速度はtarget_speed_no_stop＋5km/h以内に抑え惰行して安全・適切と判断した。
182.0,Train11,次駅への減速フェーズ（駅手前400m以内）,力行（加速）中,9.0,ブレーキ（減速）,6.0,70.0,70.0,46.73,70.0,310.1,0.0,106.49802260304395,3.0,6.1,この先制限速度なし,120m先に上り勾配9.2‰あり,前方1489.5m先を48.4km/h,後続列車なし,0.0,0.0,,80.0,70.0,normal,1.0,delta_stopが正で加速中、信号速度内かつ制限速度遵守、ノコギリ運転なし、間隔問題なし、遅延3秒は許容範囲のため高評価。
197.99999999999994,Train11,次駅への減速フェーズ（駅手前400m以内）,ブレーキ（減速）中,0.30000000000000004,力行（加速）,2.8000000000000007,70.0,70.0,33.98,70.0,82.6,0.0,54.558335214470596,18.1,9.2,この先制限速度なし,この先目立った勾配なし,前方1541.1m先を62.8km/h,後続列車なし,0.0,0.0,発車済み,110.0,70.0,normal,0.2,早すぎるブレーキで停止位置が手前になり、加速→ブレーキへの短時間切替がノコギリ運転と判定され、reward上限が0.3に抑えられたため0.2とした。
180.9999999999991,Train11,次駅への減速フェーズ（駅手前400m以内）,ブレーキ（減速）中,1.9000000000000006,惰行,0.1,70.0,46.8,0.77,70.0,0.5,0.0,0.028304856198775447,1.1,9.2,この先制限速度なし,この先目立った勾配なし,前方153.0m先を37.4km/h,後続列車なし,5.0,0.0,発車済み,60.0,70.0,normal,1.0,ブレーキで適切に減速し、delta_stopが0.47mで停止位置が許容範囲内、速度・CBTC信号遵守、ノコギリ運転なし、通常運転モードのため高評価
90.0,Train11,巡航フェーズ（駅間走行中）,惰行中,9.0,力行（加速）,6.0,70.0,70.0,62.31,62.3,1009.5,87.0,202.78918482560533,0.0,0.0,この先制限速度なし,19m先に上り勾配12.5‰あり,前方1008.8m先を3.0km/h,後続列車なし,10.0,63.0,未発車,85.0,62.3,normal,1.0,required_speedと一致し惰行で巡航しており、制限速度・CBTCを遵守、停止余裕が大きくノコギリ運転もなく安全かつ省エネなため最高評価。
189.8999999999996,Train11,次駅への減速フェーズ（駅手前400m以内）,ブレーキ（減速）中,4.300000000000001,力行（加速）,0.8999999999999999,70.0,12.6,10.68,70.0,56.8,0.0,5.433220956433276,12.0,9.2,この先制限速度なし,この先目立った勾配なし,前方57.5m先を2.5km/h,後続列車なし,5.0,0.1,未発車,28.0,19.1,anti_mid_stop,0.2,低速で早すぎるブレーキにより停止位置が大幅に手前になるため大幅減点とし、rewardを0.2とした。
196.49999999999923,Train11,次駅への減速フェーズ（駅手前400m以内）,惰行中,0.30000000000000004,ブレーキ（減速）,0.6,70.0,14.8,9.17,70.0,40.4,0.0,4.0070133215626065,16.6,9.2,この先制限速度なし,この先目立った勾配なし,前方60.4m先を17.4km/h,後続列車なし,5.0,0.0,発車済み,28.0,70.0,normal,0.0,不必要なブレーキ後すぐの惰行は合理的根拠がなく、保持時間が7秒未満のノコギリ運転と判定され、上限が0.0点となったため。
51.0,Train11,巡航フェーズ（駅間走行中）,力行（加速）中,5.0,惰行,6.0,70.0,70.0,32.96,70.0,2054.8,90.0,59.416755341947564,0.0,-2.1,この先制限速度なし,264m先に下り勾配6.7‰あり,前方1820.2m先を45.4km/h,後続列車なし,0.0,67.0,未発車,80.0,70.0,normal,0.9,巡航フェーズでrequired_speed未達のため加速は適切で、制限速度・CBTC遵守、間隔安全、ノコギリ運転なしと評価し高評価とした。
108.0,Train11,巡航フェーズ（駅間走行中）,力行（加速）中,3.0,惰行,6.0,70.0,70.0,54.9,70.0,1629.8,72.0,158.2126516774748,0.0,0.0,この先制限速度なし,この先目立った勾配なし,前方1752.1m先を35.0km/h,後続列車なし,0.0,0.0,発車済み,110.0,70.0,normal,1.0,現在速度が制限・CBTC内でrequired_speed未達のため加速は適切、停車位置・間隔・安全上の問題なし。
213.39999999999918,Train11,次駅への減速フェーズ（駅手前400m以内）,ブレーキ（減速）中,0.2,惰行,0.1,70.0,70.0,5.15,70.0,1.4,0.0,1.26504527858942,33.5,9.2,この先制限速度なし,この先目立った勾配なし,前方1602.7m先を48.0km/h,後続列車なし,0.0,0.0,,80.0,70.0,delay_recovery,0.9,ブレーキで適切に減速し、delta_stopが0.13mで停止位置が許容範囲内。安全基準・速度・CBTCすべて遵守し、ノコギリ運転もなし。
67.0,Train11,巡航フェーズ（駅間走行中）,惰行中,10.0,力行（加速）,6.0,70.0,70.0,55.26,70.0,1394.8,38.0,160.25703721455636,0.0,0.0,この先制限速度なし,404m先に上り勾配12.5‰あり,前方696.5m先を63.2km/h,後続列車なし,10.0,111.0,未発車,45.0,51.9,anti_mid_stop,1.0,先行列車が塞いでいるため駅間停車防止モード。現在速度はtarget_speed_no_stop上限以内で惰行し、制限・CBTC遵守、間隔・ノコギリ運転なしの安全かつ効率的な運転と判断した。
166.0,Train11,次駅への減速フェーズ（駅手前400m以内）,力行（加速）中,6.0,惰行,6.0,70.0,43.7,29.4,70.0,139.6,12.0,40.91966986612001,0.0,9.2,この先制限速度なし,この先目立った勾配なし,前方140.0m先を0.0km/h,後続列車なし,0.0,4.0,未発車,28.0,39.8,anti_mid_stop,0.9,先行列車が停車しているため駅間停車防止モードとなり、target_speed_no_stop未満で加速している操作は安全かつ適切で、上限超過もなく高評価とした。
195.79999999999865,Train11,次駅への減速フェーズ（駅手前400m以内）,ブレーキ（減速）中,2.2000000000000006,惰行,4.300000000000001,70.0,37.1,0.63,70.0,13.3,0.0,0.018948377670361123,15.9,9.2,この先制限速度なし,この先目立った勾配なし,前方114.8m先を32.9km/h,後続列車なし,10.0,0.0,発車済み,60.0,70.0,normal,0.2,ブレーキが過度に早く掛かり、delta_stopが13.28mで低速域での早すぎる減速とノコギリ運転が判定されたため、0.2点とした。
69.0,Train11,巡航フェーズ（駅間走行中）,力行（加速）中,2.0,ブレーキ（減速）,6.0,70.0,70.0,43.91,70.0,1421.1,70.0,101.88392541950498,0.0,0.0,この先制限速度なし,431m先に上り勾配12.5‰あり,前方1160.6m先を47.9km/h,後続列車なし,0.0,69.0,未発車,60.0,70.0,normal,0.5,required_speed未達での加速は適切だが、直前のブレーキから2秒で加速への切替に合理的理由がなくノコギリ運転と判定し、reward上限0.5に抑えた。
44.0,Train11,巡航フェーズ（駅間走行中）,力行（加速）中,6.0,ブレーキ（減速）,6.0,70.0,70.0,33.33,70.0,1890.2,95.0,60.74720982745231,0.0,-2.1,この先制限速度なし,100m先に下り勾配6.7‰あり,前方1629.7m先を47.9km/h,後続列車なし,0.0,69.0,未発車,85.0,70.0,normal,0.5,巡航フェーズでrequired_speed未達だが加速は適切。前後列車との間隔は安全。ただし短時間の力行と直前のブレーキがノコギリ運転と判定され、上限0.5に抑えた。
164.0,Train11,巡航フェーズ（駅間走行中）,力行（加速）中,2.0,ブレーキ（減速）,6.0,70.0,70.0,42.84,70.0,666.5,16.0,97.03686151652518,0.0,0.0,この先制限速度なし,76m先に上り勾配6.1‰あり,前方1097.8m先を48.5km/h,後続列車なし,0.0,0.0,発車済み,80.0,70.0,normal,0.4,ブレーキ6秒後に2秒の加速へ切替え、合理的根拠がなくノコギリ運転と判定され、reward上限が0.3〜0.5に制限されたため0.4とした。
21.0,Train11,巡航フェーズ（駅間走行中）,力行（加速）中,22.0,ブレーキ（減速）,30.0,70.0,70.0,40.59,70.0,2037.0,28.0,89.75302390162649,0.0,-2.1,この先制限速度なし,247m先に下り勾配6.7‰あり,前方410.6m先を63.3km/h,後続列車なし,0.0,149.0,未発車,28.0,54.9,anti_mid_stop,0.9,先行列車が塞ぎ駅間停車防止モードで、target_speed_no_stop以下での加速は正当であり、速度制限・CBTC遵守、ノコギリ運転なしのため高評価。
166.59999999999997,Train11,次駅への減速フェーズ（駅手前400m以内）,ブレーキ（減速）中,4.6999999999999975,力行（加速）,36.0,70.0,70.0,44.08,70.0,90.8,13.4,91.38053468624769,0.0,9.2,この先制限速度なし,この先目立った勾配なし,前方363.4m先を43.5km/h,後続列車なし,5.0,0.0,発車済み,85.0,70.0,normal,0.9,次駅減速フェーズでブレーキが適切に作動し、delta_stopが±5m以内で安全に停止できるため高評価。
169.59999999999985,Train11,次駅への減速フェーズ（駅手前400m以内）,ブレーキ（減速）中,0.7,惰行,2.0000000000000004,70.0,29.7,27.34,70.0,71.2,10.4,35.41468299667259,0.0,9.2,この先制限速度なし,この先目立った勾配なし,前方91.7m先を17.6km/h,後続列車なし,10.0,0.0,発車済み,60.0,70.0,normal,0.9,次駅減速フェーズで信号速度以下にブレーキし、停止余裕が十分で速度・間隔・ノコギリ運転に問題がないため高評価。
136.0,Train11,巡航フェーズ（駅間走行中）,力行（加速）中,35.0,惰行,6.0,70.0,70.0,61.96,70.0,1289.5,44.0,200.56652562662293,0.0,0.0,この先制限速度なし,299m先に上り勾配12.5‰あり,前方2254.5m先を48.1km/h,後続列車なし,0.0,0.0,,110.0,70.0,normal,1.0,巡航フェーズでrequired_speed未達のため加速は必要で、速度・CBTC制限を遵守し、ノコギリ運転もなく停止余裕が十分あるため高評価。
144.0,Train11,次駅への減速フェーズ（駅手前400m以内）,ブレーキ（減速）中,4.0,惰行,29.0,70.0,70.0,39.09,40.9,292.6,34.0,74.81357806116138,0.0,6.1,この先制限速度なし,102m先に上り勾配9.2‰あり,前方293.0m先を0.0km/h,後続列車なし,10.0,19.0,未発車,60.0,40.9,normal,0.2,次駅まで距離が十分あるのにブレーキを開始し、delta_stopが217mと大幅に早く減速しているため減点し0.2とした。
213.09999999999948,Train11,次駅への減速フェーズ（駅手前400m以内）,ブレーキ（減速）中,1.5000000000000002,力行（加速）,0.1,70.0,70.0,19.18,70.0,12.0,0.0,17.47971171164995,33.2,9.2,この先制限速度なし,この先目立った勾配なし,前方1609.3m先を48.0km/h,後続列車なし,0.0,0.0,,80.0,70.0,delay_recovery,0.0,delta_stopが-5.48mでブレーキ中にも関わらずオーバーランが確実と判断され、即0点ルールが適用された。
226.89999999999932,Train11,次駅への減速フェーズ（駅手前400m以内）,ブレーキ（減速）中,0.1,惰行,0.1,70.0,70.0,11.07,70.0,0.8,0.0,5.836677737888824,47.0,9.2,この先制限速度なし,この先目立った勾配なし,前方2199.0m先を51.5km/h,後続列車なし,0.0,0.0,,110.0,70.0,delay_recovery,0.0,delta_stopが-5.04mでブレーキ中にも関わらずオーバーランが確実と判断され、即時0点ルールが適用されたため。
197.0,Train11,次駅への減速フェーズ（駅手前400m以内）,力行（加速）中,1.0,ブレーキ（減速）,6.0,70.0,70.0,33.84,70.0,115.6,0.0,54.112948124041644,18.0,9.2,この先制限速度なし,この先目立った勾配なし,前方1496.4m先を48.0km/h,後続列車なし,0.0,0.0,,80.0,70.0,normal,0.2,次駅減速フェーズで加速操作を継続し、ブレーキ未実施かつノコギリ運転（ブレーキ→加速）が判定されたため、停車位置確保に支障があり評価は低く0.2とした。
90.0,Train11,巡航フェーズ（駅間走行中）,惰行中,1.0,力行（加速）,7.0,70.0,70.0,50.87,70.0,1794.8,88.0,140.11700519383547,0.0,-2.1,この先制限速度なし,4m先に下り勾配6.7‰あり,前方1795.2m先を0.0km/h,後続列車なし,0.0,28.0,未発車,80.0,70.0,normal,0.2,巡航フェーズでrequired_speed 70km/hに対し50.9km/hのまま惰行しており、加速すべきところで速度を落とすちんたら運転と判断したため減点した。
187.0,Train11,次駅への減速フェーズ（駅手前400m以内）,力行（加速）中,27.0,ブレーキ（減速）,6.0,70.0,70.0,59.01,70.0,369.1,0.0,168.61282801902811,8.0,6.1,この先制限速度なし,179m先に上り勾配9.2‰あり,前方1615.5m先を48.0km/h,後続列車なし,0.0,0.0,,80.0,70.0,normal,0.2,次駅減速フェーズで加速しており、減速すべき場面で不適切な力行となっているため減点し、rewardを0.2とした。
142.0,Train11,次駅への減速フェーズ（駅手前400m以内）,ブレーキ（減速）中,2.0,力行（加速）,2.0,70.0,68.0,21.93,36.7,272.2,36.0,23.717145967349104,0.0,6.1,この先制限速度なし,82m先に上り勾配9.2‰あり,前方272.6m先を0.0km/h,後続列車なし,0.0,28.0,未発車,28.0,31.4,anti_mid_stop,0.3,直前の力行から2秒でブレーキへ切替し合理的根拠がなくノコギリ運転と判定され、reward上限が0.3に制限された。
192.59999999999997,Train11,次駅への減速フェーズ（駅手前400m以内）,ブレーキ（減速）中,4.6999999999999975,力行（加速）,21.0,70.0,70.0,43.2,70.0,86.0,0.0,87.80686772555346,12.7,9.2,この先制限速度なし,この先目立った勾配なし,前方939.5m先を57.2km/h,後続列車なし,0.0,0.0,発車済み,80.0,70.0,normal,0.9,ブレーキ中でdelta_stopが-1.81mと許容範囲内、速度・信号遵守、前方列車との間隔も十分で安全に減速しているため高評価。
195.19999999999976,Train11,次駅への減速フェーズ（駅手前400m以内）,ブレーキ（減速）中,6.299999999999994,力行（加速）,2.0,70.0,70.0,33.93,70.0,48.3,0.0,54.39906280288429,15.3,9.2,この先制限速度なし,この先目立った勾配なし,前方1024.3m先を58.8km/h,後続列車なし,0.0,0.0,発車済み,85.0,70.0,normal,0.0,delta_stopが-6.1mでブレーキ中でもオーバーランが確実と判断され、即時0点ルールが適用されたため。
63.0,Train11,巡航フェーズ（駅間走行中）,力行（加速）中,34.0,ブレーキ（減速）,30.0,70.0,70.0,51.38,70.0,1883.1,115.0,142.894322173708,0.0,-2.1,この先制限速度なし,93m先に下り勾配6.7‰あり,前方1883.5m先を0.0km/h,後続列車なし,0.0,25.0,未発車,110.0,70.0,normal,0.2,前走で30秒ブレーキ後、必要速度未達のまま加速し直す自減速・再加速は巡航フェーズでの無駄なエネルギー消費とみなされ、0.2点に減点。
199.8999999999995,Train11,次駅への減速フェーズ（駅手前400m以内）,ブレーキ（減速）中,0.9999999999999999,力行（加速）,0.1,70.0,70.0,20.53,70.0,13.0,0.0,20.018087212633457,20.0,9.2,この先制限速度なし,この先目立った勾配なし,前方1066.9m先を61.0km/h,後続列車なし,0.0,0.0,発車済み,85.0,70.0,normal,0.0,ブレーキ中だがdelta_stopが-7.02mでオーバーランが確実なため即時0点ルールが適用され、rewardは0.0とした。
206.0999999999996,Train11,次駅への減速フェーズ（駅手前400m以内）,ブレーキ（減速）中,2.400000000000001,力行（加速）,0.1,70.0,70.0,24.72,70.0,31.0,0.0,28.980625422611737,26.2,9.2,この先制限速度なし,この先目立った勾配なし,前方1534.3m先を48.7km/h,後続列車なし,0.0,0.0,,80.0,70.0,normal,1.0,ブレーキで適切に減速し、delta_stopが許容範囲内で停止位置も正確、速度・信号遵守、ノコギリ運転なし、間隔も適切なため最高評価。
45.0,Train11,巡航フェーズ（駅間走行中）,力行（加速）中,12.0,ブレーキ（減速）,6.0,70.0,70.0,44.8,70.0,1767.7,63.0,116.47267309602782,0.0,-6.7,この先制限速度なし,この先目立った勾配なし,前方1121.8m先を62.5km/h,後続列車なし,0.0,93.0,未発車,60.0,67.8,normal,1.0,巡航フェーズでrequired_speed未達だが加速は必要かつ適切で、速度・CBTC制限遵守、ノコギリ運転なし、前方列車との間隔も問題なく高評価。
213.59999999999906,Train11,次駅への減速フェーズ（駅手前400m以内）,ブレーキ（減速）中,0.2,力行（加速）,0.1,70.0,70.0,0.62,0.0,0.0,0.0,0.020656231266153135,33.7,0.0,この先制限速度なし,この先目立った勾配なし,前方1729.1m先を63.1km/h,後続列車なし,0.0,0.0,発車済み,110.0,0.0,delay_recovery,1.0,ブレーキで適切に減速し、delta_stopが許容範囲内で安全に駅停車位置に近づいているため高評価。
146.0,Train11,巡航フェーズ（駅間走行中）,惰行中,1.0,力行（加速）,6.0,70.0,70.0,40.21,70.0,611.1,30.0,85.61031933212543,0.0,0.0,この先制限速度なし,21m先に上り勾配6.1‰あり,前方609.5m先を4.3km/h,後続列車なし,10.0,64.0,未発車,28.0,34.5,anti_mid_stop,0.4,先行が塞ぎanti_mid_stop。フェーズは適切だが、力行→惰行の短時間切替がノコギリ運転と判定され、上限0.5に抑え0.4とした。
175.19999999999976,Train11,次駅への減速フェーズ（駅手前400m以内）,ブレーキ（減速）中,1.0999999999999999,惰行,0.1,70.0,70.0,32.91,70.0,55.1,4.8,51.19979939501638,0.0,9.2,この先制限速度なし,この先目立った勾配なし,前方371.9m先を45.1km/h,後続列車なし,0.0,0.0,発車済み,60.0,70.0,normal,0.9,次駅減速フェーズでブレーキが適切に作動し、delta_stopが3.9mで許容範囲内、速度・信号遵守、先行列車との間隔も安全なため高評価。
66.0,Train11,巡航フェーズ（駅間走行中）,ブレーキ（減速）中,4.0,力行（加速）,18.0,70.0,70.0,29.49,70.0,2041.7,64.0,47.64303639969702,0.0,-2.1,この先制限速度なし,251m先に下り勾配6.7‰あり,前方1675.0m先を48.0km/h,後続列車なし,0.0,0.0,,80.0,70.0,normal,0.2,巡航フェーズでrequired_speed未達の状態で不必要にブレーキをかけており、先行列車は遠く安全距離にあるため安全は保たれるが運転品質が低く0.2点とした。
169.49999999999991,Train11,次駅への減速フェーズ（駅手前400m以内）,惰行中,1.0999999999999999,力行（加速）,5.499999999999998,70.0,50.0,34.89,70.0,77.2,10.5,57.49697580423865,0.0,9.2,この先制限速度なし,この先目立った勾配なし,前方167.1m先を31.6km/h,後続列車なし,10.0,0.0,発車済み,85.0,70.0,normal,0.5,直前の力行から7秒未満で惰行へ切替え、合理的理由がなくノコギリ運転と判定され、reward上限が0.5に制限されたため。
122.0,Train11,巡航フェーズ（駅間走行中）,力行（加速）中,17.0,惰行,6.0,70.0,70.0,63.33,70.0,1399.2,58.0,209.33223474582755,0.0,0.0,この先制限速度なし,409m先に上り勾配12.5‰あり,前方1676.6m先を43.7km/h,後続列車なし,0.0,0.0,発車済み,110.0,70.0,normal,1.0,巡航フェーズでrequired_speed未達のため加速は適切、速度・CBTC制限遵守、ノコギリ運転なし、前方列車との間隔も十分で最高評価。
170.99999999999972,Train11,次駅への減速フェーズ（駅手前400m以内）,ブレーキ（減速）中,4.200000000000001,力行（加速）,0.1,70.0,70.0,31.36,70.0,44.6,9.0,46.52060082322135,0.0,9.2,この先制限速度なし,この先目立った勾配なし,前方371.5m先を45.4km/h,後続列車なし,5.0,0.0,発車済み,85.0,70.0,normal,0.9,ブレーキが適切に掛かり、delta_stopが-1.92mで許容範囲内、速度・信号遵守、即時0点違反なしのため高評価。
199.39999999999986,Train11,次駅への減速フェーズ（駅手前400m以内）,ブレーキ（減速）中,1.7000000000000004,力行（加速）,2.8000000000000007,70.0,70.0,29.84,70.0,70.2,0.0,42.14624234475503,19.5,9.2,この先制限速度なし,この先目立った勾配なし,前方1553.2m先を63.3km/h,後続列車なし,0.0,0.0,発車済み,110.0,70.0,normal,0.5,ブレーキ開始が早すぎて停止位置が余裕過ぎ、遅延とエネルギー損失が生じたため減点。
204.69999999999922,Train11,次駅への減速フェーズ（駅手前400m以内）,ブレーキ（減速）中,5.799999999999995,力行（加速）,0.1,70.0,70.0,6.5,0.0,0.0,0.0,2.267231265448154,24.8,0.0,この先制限速度なし,この先目立った勾配なし,前方1132.1m先を63.3km/h,後続列車なし,0.0,0.0,発車済み,85.0,0.0,normal,0.0,低速(6.5km/h)でdelta_stopが-2.27mとオーバーランが確実であり、次駅減速フェーズで安全違反となるためrewardは0.0とした。
204.09999999999926,Train11,次駅への減速フェーズ（駅手前400m以内）,ブレーキ（減速）中,3.4000000000000017,力行（加速）,0.1,70.0,0.0,8.2,70.0,6.2,0.0,3.2048919480895304,26.2,9.2,この先制限速度なし,この先目立った勾配なし,前方6.6m先を0.0km/h,後続列車なし,10.0,5.9,未発車,28.0,4.3,anti_mid_stop,0.0,先行列車が6.6m先で停止しており、接近距離が40m未満のため即時安全違反と判定しreward=0.0とした。
206.6999999999991,Train11,次駅への減速フェーズ（駅手前400m以内）,ブレーキ（減速）中,5.999999999999995,力行（加速）,0.1,70.0,0.0,0.62,70.0,3.1,0.0,0.018351651328327074,28.8,9.2,この先制限速度なし,この先目立った勾配なし,前方3.4m先を0.0km/h,後続列車なし,10.0,3.3,未発車,28.0,3.1,anti_mid_stop,0.5,次駅減速フェーズでブレーキは適切だが、低速域でdelta_stopが3.08mと許容範囲を超えているため減点し、reward 0.5とする。
171.0,Train11,巡航フェーズ（駅間走行中）,力行（加速）中,5.0,ブレーキ（減速）,6.0,70.0,70.0,48.95,70.0,401.8,9.0,116.7151917304717,0.0,6.1,この先制限速度なし,211m先に上り勾配9.2‰あり,前方929.8m先を51.0km/h,後続列車なし,0.0,0.0,発車済み,80.0,70.0,normal,0.9,巡航フェーズでrequired_speed未達だが加速は必要であり、合理的な加速操作で速度・CBTC制限を遵守しノコギリ運転でもないため高評価。
183.49999999999912,Train11,次駅への減速フェーズ（駅手前400m以内）,ブレーキ（減速）中,1.6000000000000003,力行（加速）,0.1,70.0,63.5,0.51,70.0,1.5,0.0,0.012417714018078825,3.6,9.2,この先制限速度なし,この先目立った勾配なし,前方237.2m先を42.0km/h,後続列車なし,10.0,0.0,発車済み,85.0,70.0,normal,0.8,低速ブレーキ中にdelta_stopが1.5mで許容範囲をやや超えているため、評価は0.8とした。
181.79999999999984,Train11,次駅への減速フェーズ（駅手前400m以内）,ブレーキ（減速）中,0.1,惰行,0.1,70.0,70.0,38.49,70.0,54.7,0.0,69.86122193250385,1.9,9.2,この先制限速度なし,この先目立った勾配なし,前方1634.6m先を48.1km/h,後続列車なし,0.0,0.0,,110.0,70.0,normal,0.0,delta_stopが-15.16mでブレーキ中でもオーバーランがほぼ確実と判断され、即reward0.0ルールが適用されたため。
173.0,Train11,次駅への減速フェーズ（駅手前400m以内）,力行（加速）中,3.0,ブレーキ（減速）,2.0,70.0,70.0,60.78,70.0,178.5,7.0,172.1228983118345,0.0,9.2,この先制限速度なし,この先目立った勾配なし,前方1640.2m先を48.3km/h,後続列車なし,0.0,0.0,,110.0,70.0,normal,0.0,減速フェーズでブレーキせずに加速し、前後ノッチ切替が7秒未満で合理的理由がなくノコギリ運転と判定されたため0.0点。
199.29999999999959,Train11,次駅への減速フェーズ（駅手前400m以内）,ブレーキ（減速）中,1.2,惰行,0.1,70.0,70.0,24.49,70.0,23.3,0.0,28.44622386743647,19.4,9.2,この先制限速度なし,この先目立った勾配なし,前方984.6m先を58.7km/h,後続列車なし,0.0,0.0,発車済み,80.0,70.0,normal,0.0,delta_stopが-5.15mでオーバーランがほぼ確実となり、即時0点ルールが適用されたため。
222.69999999999956,Train11,次駅への減速フェーズ（駅手前400m以内）,ブレーキ（減速）中,0.5,惰行,0.1,70.0,70.0,22.16,70.0,20.4,0.0,23.310103622101625,42.8,9.2,この先制限速度なし,この先目立った勾配なし,前方2158.3m先を51.7km/h,後続列車なし,0.0,0.0,,110.0,70.0,delay_recovery,0.5,ブレーキは必要だがΔstopが‑2.91mでやや過走し、遅延回復中のため評価は0.5とする。
193.39999999999964,Train11,次駅への減速フェーズ（駅手前400m以内）,ブレーキ（減速）中,0.2,力行（加速）,0.1,70.0,36.8,29.23,70.0,33.5,0.0,40.45054569386201,13.5,9.2,この先制限速度なし,この先目立った勾配なし,前方113.9m先を30.4km/h,後続列車なし,10.0,0.0,発車済み,45.0,70.0,normal,0.0,ブレーキ中にdelta_stopが‑6.95mと手前過ぎてオーバーランが確実と判断され、即0.0とした。
207.6999999999998,Train11,次駅への減速フェーズ（駅手前400m以内）,ブレーキ（減速）中,0.30000000000000004,惰行,0.1,70.0,70.0,34.64,70.0,52.2,0.0,56.682127832724525,27.8,9.2,この先制限速度なし,この先目立った勾配なし,前方1577.1m先を48.5km/h,後続列車なし,0.0,0.0,,80.0,70.0,normal,0.9,ブレーキはCBTC信号速度内で行われ、delta_stop‑4.48mは許容範囲（±5m）内で次駅減速フェーズとして適切な操作と判断したため高評価とした。
133.0,Train11,巡航フェーズ（駅間走行中）,力行（加速）中,9.0,ブレーキ（減速）,6.0,70.0,70.0,50.78,70.0,1183.7,47.0,135.70925250172974,0.0,0.0,この先制限速度なし,193m先に上り勾配12.5‰あり,前方1709.6m先を47.6km/h,後続列車なし,0.0,0.0,,80.0,70.0,normal,1.0,巡航フェーズでrequired_speed未達だが加速中であり、制限速度・CBTC遵守、ノコギリ運転なし、間隔問題も無く安全かつ定時性に寄与するため最高評価とした。
209.79999999999848,Train11,次駅への減速フェーズ（駅手前400m以内）,ブレーキ（減速）中,1.4000000000000001,力行（加速）,0.1,70.0,39.8,0.73,70.0,4.3,0.0,0.02544066814037587,29.9,9.2,この先制限速度なし,この先目立った勾配なし,前方124.7m先を34.8km/h,後続列車なし,5.0,0.0,発車済み,28.0,70.0,normal,0.2,ブレーキ開始が早すぎてdelta_stopが4.27mと低速域の許容範囲を超えており、駅手前で過早に停止しているため減点し0.2とする。
21.0,Train11,巡航フェーズ（駅間走行中）,力行（加速）中,4.0,ブレーキ（減速）,6.0,70.0,66.6,20.18,70.0,2075.8,19.0,22.397357902446274,0.0,-2.1,この先制限速度なし,285m先に下り勾配6.7‰あり,前方282.2m先を56.0km/h,後続列車なし,10.0,189.0,未発車,28.0,45.5,anti_mid_stop,0.4,先行列車が塞ぎ駅間停車防止モードで、target_speed_no_stop以下での加速は適切だが、直前のブレーキから短時間で力行への切替がノコギリ運転と判定され、reward上限0.5に抑えられた。
66.0,Train11,巡航フェーズ（駅間走行中）,力行（加速）中,13.0,惰行,6.0,70.0,70.0,33.24,70.0,2084.4,91.0,60.42225856787993,0.0,-2.1,この先制限速度なし,294m先に下り勾配6.7‰あり,前方2003.4m先を27.6km/h,後続列車なし,0.0,52.0,未発車,80.0,70.0,normal,0.9,巡航フェーズでrequired_speed未達だが、速度不足を解消すべく力行中であり、制限速度・CBTC信号を遵守、先行列車との間隔も安全、ノコギリ運転なしの適切操作。
186.79999999999916,Train11,次駅への減速フェーズ（駅手前400m以内）,力行（加速）中,2.9000000000000012,惰行,3.800000000000002,70.0,18.2,14.64,70.0,33.3,0.0,10.198202384773934,6.9,9.2,この先制限速度なし,この先目立った勾配なし,前方65.7m先を21.4km/h,後続列車なし,10.0,0.0,発車済み,60.0,70.0,normal,0.2,減速フェーズでの不適切な加速と、保持時間が7秒未満のノコギリ運転により停車位置が大きくずれ、エネルギーも浪費したため0.2とした。
200.5999999999995,Train11,次駅への減速フェーズ（駅手前400m以内）,ブレーキ（減速）中,0.9999999999999999,惰行,0.1,70.0,70.0,20.92,70.0,15.0,0.0,20.78315060320498,20.7,9.2,この先制限速度なし,この先目立った勾配なし,前方997.6m先を58.9km/h,後続列車なし,0.0,0.0,発車済み,80.0,70.0,normal,0.0,ブレーキ中でもdelta_stopが-5.78mとオーバーランがほぼ確実で即0.0ルールが適用されるため。
44.0,Train11,巡航フェーズ（駅間走行中）,惰行中,5.0,力行（加速）,40.0,70.0,70.0,57.01,70.0,1714.6,57.0,187.0637812019168,0.0,-6.7,この先制限速度なし,この先目立った勾配なし,前方963.8m先を63.1km/h,後続列車なし,5.0,114.0,未発車,60.0,48.4,anti_mid_stop,0.6,先行列車が塞いでいるため駅間停車防止モード。現在速度がtarget_speed_no_stop上限(＋5km/h)を超えて過剰加速とみなされ減点。
214.8999999999991,Train11,次駅への減速フェーズ（駅手前400m以内）,ブレーキ（減速）中,1.7000000000000004,惰行,0.1,70.0,70.0,0.78,70.0,0.2,0.0,0.029044764337993457,35.0,9.2,この先制限速度なし,この先目立った勾配なし,前方1621.5m先を48.7km/h,後続列車なし,0.0,0.0,,80.0,70.0,delay_recovery,1.0,ブレーキで適切に減速し、delta_stopが正で低速域の許容範囲内、制限速度・CBTC遵守、ノコギリ運転なし、先行列車との間隔も十分で安全かつ遅延回復に適した操作であるため高評価。
174.19999999999965,Train11,次駅への減速フェーズ（駅手前400m以内）,ブレーキ（減速）中,1.7000000000000004,力行（加速）,0.1,70.0,50.6,26.16,70.0,35.6,5.8,32.438119352969615,0.0,9.2,この先制限速度なし,この先目立った勾配なし,前方169.7m先を36.0km/h,後続列車なし,10.0,0.0,発車済み,85.0,70.0,normal,1.0,ブレーキで適切に減速し、delta_stopが3.16mで許容範囲内、速度・信号遵守、ノコギリ運転なしで安全に駅停車できるため高評価。
183.99999999999972,Train11,次駅への減速フェーズ（駅手前400m以内）,ブレーキ（減速）中,0.2,力行（加速）,0.1,70.0,70.0,32.37,70.0,33.1,0.0,49.54462409939881,4.1,9.2,この先制限速度なし,この先目立った勾配なし,前方1642.4m先を47.9km/h,後続列車なし,0.0,0.0,,110.0,70.0,normal,0.0,delta_stopが-16.44mで高速域においてブレーキ中でもオーバーランが確実と判断され、即0.0ルールが適用されたため。
165.0,Train11,次駅への減速フェーズ（駅手前400m以内）,惰行中,6.0,力行（加速）,4.0,70.0,70.0,31.82,70.0,153.2,15.0,47.88627211085476,0.0,9.2,この先制限速度なし,この先目立った勾配なし,前方348.9m先を40.1km/h,後続列車なし,0.0,0.0,発車済み,60.0,70.0,normal,0.3,直前の力行から6秒の惰行への切替が7秒未満で合理的根拠がなく、ノコギリ運転と判定され上限0.3点に抑えられた。
21.0,Train11,巡航フェーズ（駅間走行中）,力行（加速）中,22.0,ブレーキ（減速）,30.0,70.0,70.0,40.59,70.0,2037.0,55.0,89.75302390162649,0.0,-2.1,この先制限速度なし,247m先に下り勾配6.7‰あり,前方884.1m先を63.3km/h,後続列車なし,5.0,137.0,未発車,60.0,59.1,anti_mid_stop,0.9,先行列車が塞いでいるため駅間停車防止モードと判定し、target_speed_no_stop以下で加速している点が適切で、速度超過・信号違反なし、ノコギリ運転もなく車間も許容範囲内のため高評価。
91.0,Train11,巡航フェーズ（駅間走行中）,惰行中,3.0,力行（加速）,2.0,70.0,70.0,49.77,70.0,973.5,66.0,111.75664712661377,0.0,12.5,この先制限速度なし,この先目立った勾配なし,前方892.5m先を27.6km/h,後続列車なし,5.0,67.0,未発車,60.0,69.5,normal,0.0,required_speedを大きく下回る惰行が続き、短時間の力行→惰行でノコギリ運転と判定されたためrewardは0.0とした。
