time,train_id,phase,current_notch,holding_time,prev_notch,prev_notch_duration,speed_limit,signal_speed,current_speed,required_speed,dist_to_next_station,time_to_next_station,req_stop_dist,delay,current_gradient,next_limit_info,next_gradient_info,forward_info,backward_info,forward_train_delay,forward_clear_remaining_time,forward_departed_next,standard_headway,target_speed_no_stop,mode,reward,reason
120.0,Train11,巡航フェーズ（駅間走行中）,力行（加速）中,1.0,ブレーキ（減速）,6.0,70.0,70.0,38.76,70.0,617.4,26.0,79.60811419015572,0.0,0.0,この先制限速度なし,27m先に上り勾配6.1‰あり,前方430.5m先を40.4km/h,後続列車なし,10.0,93.0,未発車,25.0,27.2,anti_mid_stop,0.2,先行列車が塞いでいる駅間停車防止モードで、現在速度が target_speed_no_stop を超えて力行し過剰加速とノコギリ運転が判定されたため減点。
56.0,Train11,巡航フェーズ（駅間走行中）,力行（加速）中,33.0,ブレーキ（減速）,6.0,70.0,70.0,58.63,70.0,1639.1,15.0,179.99795553917056,0.0,0.0,この先制限速度なし,この先目立った勾配なし,前方398.5m先を62.9km/h,後続列車なし,10.0,142.0,未発車,25.0,51.0,anti_mid_stop,0.2,先行列車が塞いでいる駅間停車防止モードで、現在速度が target_speed_no_stop を5km/h 超えて力行しており機外停車リスクがあるため減点し0.2とした。
94.0,Train11,巡航フェーズ（駅間走行中）,力行（加速）中,17.0,ブレーキ（減速）,6.0,70.0,70.0,52.01,70.0,992.9,19.0,142.25482627944817,0.0,0.0,この先制限速度なし,2m先に上り勾配12.5‰あり,前方416.0m先を61.5km/h,後続列車なし,10.0,119.0,未発車,25.0,35.7,anti_mid_stop,0.2,先行列車が塞いでいる駅間停車防止モードで、現在速度が target_speed_no_stop+5km/h を超えて力行し機外停車リスクがあるため減点し0.2とした。
83.0,Train11,巡航フェーズ（駅間走行中）,力行（加速）中,7.0,惰行,6.0,70.0,70.0,53.14,70.0,1267.2,17.0,148.39802722464538,0.0,0.0,この先制限速度なし,277m先に上り勾配12.5‰あり,前方498.8m先を63.3km/h,後続列車なし,10.0,115.0,未発車,25.0,45.7,anti_mid_stop,0.3,先行が塞ぎ駅間停車防止モードで、target_speed_no_stop 45.7km/h を超える53.1km/h の力行は過剰加速と判断し減点した。
48.0,Train11,巡航フェーズ（駅間走行中）,力行（加速）中,25.0,ブレーキ（減速）,6.0,70.0,70.0,51.35,70.0,1761.5,15.0,152.36845727784797,0.0,-6.7,この先制限速度なし,この先目立った勾配なし,前方380.5m先を63.2km/h,後続列車なし,10.0,150.0,未発車,25.0,34.0,anti_mid_stop,0.1,先行列車が塞いでいるため機外停車防止モードで、速度がtarget_speed_no_stop(34km/h)を大幅に上回り加速しているので過剰加速とみなされ低評価となる。
57.0,Train11,巡航フェーズ（駅間走行中）,力行（加速）中,2.0,惰行,6.0,70.0,70.0,63.72,70.0,1484.4,30.0,211.85974230258114,0.0,0.0,この先制限速度なし,494m先に上り勾配12.5‰あり,前方524.4m先を62.4km/h,後続列車なし,10.0,141.0,未発車,40.0,46.6,anti_mid_stop,0.1,先行が塞いで駅間停車防止モードであるにも関わらず、target_speed_no_stopを大幅に超える力行とノコギリ運転が判定され、速度超過と間隔不適切で減点した。
129.0,Train11,巡航フェーズ（駅間走行中）,力行（加速）中,3.0,惰行,6.0,70.0,70.0,63.43,70.0,476.8,26.0,194.26618762688742,0.0,6.1,この先制限速度なし,286m先に上り勾配9.2‰あり,前方379.8m先を30.2km/h,後続列車なし,10.0,69.0,未発車,25.0,34.6,anti_mid_stop,0.1,先行列車が塞いでいるため駅間停車防止モード。target_speed_no_stop 34.6km/h を大幅に上回る63.4km/h の力行と不合理なノコギリ運転で安全性と省エネが損なわれたため0.1とした。
165.0,Train11,巡航フェーズ（駅間走行中）,力行（加速）中,29.0,ブレーキ（減速）,6.0,70.0,70.0,48.07,70.0,514.2,13.0,112.61114226407587,0.0,6.1,この先制限速度なし,324m先に上り勾配9.2‰あり,前方514.6m先を0.0km/h,後続列車なし,10.0,48.0,未発車,25.0,41.6,anti_mid_stop,0.2,先行列車が停止しているため駅間停車防止モード。現在速度が target_speed_no_stop を5km/h超えて加速しており機外停車リスクがあるため減点し0.2とした。
100.0,Train11,巡航フェーズ（駅間走行中）,力行（加速）中,6.0,惰行,6.0,70.0,70.0,66.91,70.0,704.3,40.0,233.0652207670543,0.0,0.0,この先制限速度なし,114m先に上り勾配6.1‰あり,前方456.9m先を46.6km/h,後続列車なし,10.0,83.0,未発車,40.0,32.9,anti_mid_stop,0.2,先行列車が塞ぎ駅間停車防止モードで、target_speed_no_stop 32.9km/h を大幅に超える力行とノコギリ運転により安全余裕が失われ、上限超過で減点し、上限0.5の制限で最終reward 0.2とした。
56.0,Train11,巡航フェーズ（駅間走行中）,力行（加速）中,19.0,惰行,6.0,70.0,70.0,63.71,70.0,1525.7,30.0,211.79475676017006,0.0,0.0,この先制限速度なし,この先目立った勾配なし,前方548.3m先を63.1km/h,後続列車なし,10.0,127.0,未発車,40.0,51.4,anti_mid_stop,0.3,先行列車が塞いでいる駅間停車防止モードで、target_speed_no_stop 51.4km/h を超える63.7km/h の力行は過加速とみなされ減点対象となった。
89.0,Train11,巡航フェーズ（駅間走行中）,力行（加速）中,13.0,惰行,6.0,70.0,70.0,57.18,70.0,1175.2,18.0,171.37083840663763,0.0,0.0,この先制限速度なし,185m先に上り勾配12.5‰あり,前方511.9m先を62.7km/h,後続列車なし,10.0,109.0,未発車,25.0,44.4,anti_mid_stop,0.2,先行列車が塞いでいるため駅間停車防止モード。target_speed_no_stop44.4km/hを超えて57.2km/hで力行し、機外停車リスクがあるため減点し0.2とする。
117.0,Train11,巡航フェーズ（駅間走行中）,力行（加速）中,3.0,ブレーキ（減速）,6.0,70.0,70.0,38.06,70.0,633.3,33.0,76.78651997428011,0.0,0.0,この先制限速度なし,43m先に上り勾配6.1‰あり,前方489.8m先を36.8km/h,後続列車なし,10.0,89.0,未発車,32.0,28.5,anti_mid_stop,0.2,先行列車が塞いでいる駅間停車防止モードで、target_speed_no_stop 28.5km/h を超える 38.1km/h の力行は過加速で機外停車リスクがあり、さらにノコギリ運転と判定されたため評価を低くし0.2とした。
89.0,Train11,巡航フェーズ（駅間走行中）,力行（加速）中,11.0,惰行,6.0,70.0,70.0,67.99,70.0,890.6,37.0,206.36616662148296,0.0,12.5,この先制限速度なし,この先目立った勾配なし,前方480.6m先を58.0km/h,後続列車なし,10.0,109.0,未発車,40.0,62.0,anti_mid_stop,0.6,先行列車が塞いでいるため駅間停車防止モード。現在速度がtarget_speed_no_stop 62km/hを5km/h超えて加速しており、機外停車リスクがあるため減点し、rewardは0.6とする。
42.0,Train11,巡航フェーズ（駅間走行中）,力行（加速）中,43.0,ブレーキ（減速）,30.0,70.0,70.0,58.6,70.0,1745.8,30.0,197.41373886911762,0.0,-6.7,この先制限速度なし,この先目立った勾配なし,前方522.8m先を63.5km/h,後続列車なし,10.0,156.0,未発車,40.0,31.4,anti_mid_stop,0.2,駅間停車防止モードでtarget_speed_no_stop(31.4km/h)を大幅に上回る力行(58.6km/h)は機外停車リスクが高く、過加速として減点しrewardを0.2とした。
41.0,Train11,巡航フェーズ（駅間走行中）,力行（加速）中,42.0,ブレーキ（減速）,30.0,70.0,70.0,57.74,70.0,1762.0,30.0,191.783046892321,0.0,-6.7,この先制限速度なし,この先目立った勾配なし,前方521.4m先を62.9km/h,後続列車なし,10.0,157.0,未発車,40.0,31.3,anti_mid_stop,0.1,先行列車が塞いでいる駅間停車防止モードで、target_speed_no_stop 31.3km/h を大幅に超える57.7km/h の力行は機外停車リスクが高く、評価を大きく減点した。
47.0,Train11,巡航フェーズ（駅間走行中）,力行（加速）中,10.0,惰行,6.0,70.0,70.0,58.03,70.0,1678.6,30.0,193.67319567620933,0.0,-6.7,この先制限速度なし,この先目立った勾配なし,前方543.3m先を63.1km/h,後続列車なし,10.0,136.0,未発車,40.0,36.3,anti_mid_stop,0.2,先行列車が塞いでいる駅間停車防止モードで、現在速度が target_speed_no_stop を大幅に上回る力行となり機外停車リスクがあるため減点し0.2とした。
127.0,Train11,巡航フェーズ（駅間走行中）,力行（加速）中,41.0,惰行,6.0,70.0,70.0,64.46,70.0,546.6,33.0,200.49014664759179,0.0,6.1,この先制限速度なし,356m先に上り勾配9.2‰あり,前方487.0m先を23.6km/h,後続列車なし,10.0,64.0,未発車,32.0,38.9,anti_mid_stop,0.2,先行列車が塞いでいる駅間停車防止モードで、現在速度が target_speed_no_stop を大きく超えて力行しており機外停車リスクがあるため減点した。
99.0,Train11,巡航フェーズ（駅間走行中）,力行（加速）中,6.0,惰行,6.0,70.0,70.0,53.17,70.0,1147.4,40.0,148.5628103901396,0.0,0.0,この先制限速度なし,157m先に上り勾配12.5‰あり,前方886.9m先を47.9km/h,後続列車なし,10.0,99.0,未発車,40.0,46.1,anti_mid_stop,0.1,先行が塞いでいる駅間停車防止モードでtarget_speed_no_stopを超える力行とノコギリ運転が判定され、間隔縮小・エネルギー非効率もあり大幅減点した。
52.0,Train11,巡航フェーズ（駅間走行中）,力行（加速）中,14.0,惰行,6.0,70.0,68.4,60.91,70.0,1603.7,15.0,193.9677459195104,0.0,0.0,この先制限速度なし,この先目立った勾配なし,前方293.0m先を63.1km/h,後続列車なし,10.0,161.0,未発車,25.0,46.0,anti_mid_stop,0.2,先行列車が塞いでいるため駅間停車防止モードで、target_speed_no_stop 46km/h を超えて力行し過加速している点が減点対象。
169.0,Train11,巡航フェーズ（駅間走行中）,力行（加速）中,33.0,ブレーキ（減速）,6.0,70.0,70.0,50.31,70.0,459.5,9.0,123.19685744373261,0.0,6.1,この先制限速度なし,269m先に上り勾配9.2‰あり,前方459.9m先を0.0km/h,後続列車なし,10.0,44.0,未発車,25.0,39.5,anti_mid_stop,0.2,先行列車が塞いでいる駅間停車防止モードで、target_speed_no_stop 39.5km/h を10.8km/h 超える力行は過加速とみなし機外停車リスクがあるため減点し0.2とした。
58.0,Train11,巡航フェーズ（駅間走行中）,力行（加速）中,3.0,惰行,6.0,70.0,70.0,64.24,70.0,1466.6,30.0,215.2518603873123,0.0,0.0,この先制限速度なし,476m先に上り勾配12.5‰あり,前方524.0m先を62.5km/h,後続列車なし,10.0,140.0,未発車,40.0,46.3,anti_mid_stop,0.1,先行列車が塞いでいるanti_mid_stopモードで、target_speed_no_stop 46.3km/h を大幅に上回る力行と、7秒未満の短時間切替がノコギリ運転と判定され評価を大きく減点した。
40.0,Train11,巡航フェーズ（駅間走行中）,力行（加速）中,2.0,惰行,6.0,70.0,64.0,50.73,70.0,1791.0,15.0,139.35916536653147,0.0,-2.1,この先制限速度なし,1m先に下り勾配6.7‰あり,前方269.8m先を63.5km/h,後続列車なし,10.0,173.0,未発車,25.0,41.8,anti_mid_stop,0.2,先行列車が塞いでいるため駅間停車防止モードで、target_speed_no_stop 41.8km/h を超えて加速し、過剰加速と短時間切替が判定された。
140.0,Train11,巡航フェーズ（駅間走行中）,力行（加速）中,15.0,惰行,6.0,70.0,70.0,50.34,70.0,622.5,38.0,133.4036133548433,0.0,0.0,この先制限速度なし,32m先に上り勾配6.1‰あり,前方622.9m先を0.0km/h,後続列車なし,10.0,58.0,未発車,40.0,37.6,anti_mid_stop,0.2,先行列車が塞いでいるためtarget_speed_no_stop 37.6km/hを超える力行は機外停車リスクを招き、エネルギー無駄となるため減点し0.2とする。
102.0,Train11,巡航フェーズ（駅間走行中）,力行（加速）中,17.0,ブレーキ（減速）,6.0,70.0,70.0,54.21,70.0,1161.3,22.0,154.32918513200985,0.0,0.0,この先制限速度なし,171m先に上り勾配12.5‰あり,前方718.8m先を58.9km/h,後続列車なし,10.0,111.0,未発車,25.0,43.2,anti_mid_stop,0.2,先行が塞ぎ駅間停車防止モードで、target_speed_no_stop 43.2km/h を超える 54.2km/h の力行は過剰加速とみなされ減点し、reward=0.2 とした。
115.0,Train11,巡航フェーズ（駅間走行中）,力行（加速）中,29.0,惰行,6.0,70.0,70.0,58.26,70.0,752.2,33.0,177.7774929791586,0.0,0.0,この先制限速度なし,162m先に上り勾配6.1‰あり,前方587.5m先を39.5km/h,後続列車なし,10.0,76.0,未発車,32.0,37.2,anti_mid_stop,0.2,先行が塞ぎ駅間停車防止モードで、target_speed_no_stop(37.2km/h)を大幅に上回る58.3km/hの力行は過剰加速とみなされ低評価となった。
62.0,Train11,巡航フェーズ（駅間走行中）,力行（加速）中,43.0,ブレーキ（減速）,6.0,70.0,70.0,63.09,70.0,1547.1,22.0,207.78391970865937,0.0,0.0,この先制限速度なし,この先目立った勾配なし,前方534.7m先を63.1km/h,後続列車なし,10.0,144.0,未発車,32.0,47.8,anti_mid_stop,0.2,先行が塞いで駅間停車防止モード。target_speed_no_stop 47.8km/h を超えて63.1km/h の力行は過加速で機外停車リスクがあるため減点し、reward 0.2とする。
54.0,Train11,巡航フェーズ（駅間走行中）,力行（加速）中,31.0,ブレーキ（減速）,6.0,70.0,70.0,56.91,70.0,1671.2,15.0,186.42162583461175,0.0,-6.7,この先制限速度なし,この先目立った勾配なし,前方395.5m先を63.4km/h,後続列車なし,10.0,144.0,未発車,25.0,33.1,anti_mid_stop,0.2,先行列車が塞いでいる駅間停車防止モードで、現在速度が target_speed_no_stop+5km/h を大きく超えて力行している点が減点要因。
151.0,Train11,巡航フェーズ（駅間走行中）,力行（加速）中,26.0,惰行,6.0,70.0,70.0,56.19,70.0,458.9,27.0,153.14842254019726,0.0,6.1,この先制限速度なし,268m先に上り勾配9.2‰あり,前方459.3m先を0.0km/h,後続列車なし,10.0,47.0,未発車,40.0,38.4,anti_mid_stop,0.2,先行列車が停車しているため駅間停車防止モードとなり、現在速度56.2km/hが target_speed_no_stop(38.4km/h) を大幅に上回る力行となって機外停車リスクがあるため減点し、rewardは0.2とした。
167.0,Train11,巡航フェーズ（駅間走行中）,力行（加速）中,31.0,ブレーキ（減速）,6.0,70.0,70.0,49.21,70.0,487.2,11.0,117.94129406086812,0.0,6.1,この先制限速度なし,297m先に上り勾配9.2‰あり,前方487.6m先を0.0km/h,後続列車なし,10.0,46.0,未発車,25.0,40.5,anti_mid_stop,0.2,先行が塞ぎ駅間停車防止モードで、target_speed_no_stop 40.5km/h を8.7km/h上回る力行を続けているため過剰加速と判断し減点した。
105.0,Train11,巡航フェーズ（駅間走行中）,力行（加速）中,20.0,ブレーキ（減速）,6.0,70.0,70.0,56.23,70.0,1115.2,22.0,165.82759596311683,0.0,0.0,この先制限速度なし,125m先に上り勾配12.5‰あり,前方721.3m先を57.6km/h,後続列車なし,10.0,108.0,未発車,25.0,42.5,anti_mid_stop,0.1,駅間停車防止モードでtarget_speed_no_stop 42.5km/hを大幅に超える力行を行い、機外停車リスクと遅延可能性があるため減点。
74.0,Train11,巡航フェーズ（駅間走行中）,力行（加速）中,5.0,惰行,6.0,70.0,70.0,64.89,70.0,1335.0,23.0,219.52746930832947,0.0,0.0,この先制限速度なし,344m先に上り勾配12.5‰あり,前方531.7m先を62.6km/h,後続列車なし,10.0,132.0,未発車,32.0,44.0,anti_mid_stop,0.1,先行列車が塞いでいる駅間停車防止モードで、target_speed_no_stop44km/hを超えて64.9km/hの力行は過剰加速で機外停車リスクが高く、ノコギリ運転にも該当するため低評価とした。
72.0,Train11,巡航フェーズ（駅間走行中）,力行（加速）中,1.0,惰行,6.0,70.0,70.0,66.66,70.0,1207.2,33.0,231.3692698973259,0.0,0.0,この先制限速度なし,217m先に上り勾配12.5‰あり,前方509.0m先を63.2km/h,後続列車なし,10.0,126.0,未発車,40.0,41.2,anti_mid_stop,0.1,先行が塞いでいる駅間停車防止モードでtarget_speed_no_stop 41.2km/h を大幅に超える力行とノコギリ運転があり、間隔も不足しているため大幅減点し0.1とする。
84.0,Train11,巡航フェーズ（駅間走行中）,力行（加速）中,7.0,ブレーキ（減速）,6.0,70.0,70.0,44.07,70.0,1126.7,17.0,102.61853990633416,0.0,0.0,この先制限速度なし,136m先に上り勾配12.5‰あり,前方375.9m先を63.1km/h,後続列車なし,10.0,129.0,未発車,25.0,38.2,anti_mid_stop,0.5,先行列車が塞いで駅間停車防止モードとなり、現在速度が target_speed_no_stop＋5km/h を超えて力行しているため機外停車リスクがあり減点し0.5とした。
56.0,Train11,巡航フェーズ（駅間走行中）,力行（加速）中,18.0,惰行,6.0,70.0,68.5,63.13,70.0,1534.7,15.0,208.04159763976716,0.0,0.0,この先制限速度なし,この先目立った勾配なし,前方294.2m先を62.9km/h,後続列車なし,10.0,157.0,未発車,25.0,45.0,anti_mid_stop,0.2,先行が塞いでいるため駅間停車防止モード。target_speed_no_stop45km/hを超えて63km/hで力行し過加速、機外停車リスクがあるため減点し0.2とした。
79.0,Train11,巡航フェーズ（駅間走行中）,力行（加速）中,10.0,惰行,6.0,70.0,70.0,67.3,70.0,1243.2,24.0,235.72242403571164,0.0,0.0,この先制限速度なし,253m先に上り勾配12.5‰あり,前方527.3m先を63.4km/h,後続列車なし,10.0,127.0,未発車,32.0,42.2,anti_mid_stop,0.2,先行列車が塞いでいる駅間停車防止モードで、target_speed_no_stop 42.2km/h を大幅に上回る力行により過加速・間隔縮小・機外停車リスクが生じたため低評価。
89.0,Train11,巡航フェーズ（駅間走行中）,力行（加速）中,11.0,惰行,6.0,70.0,70.0,59.79,70.0,1156.9,37.0,187.04380390648882,0.0,0.0,この先制限速度なし,166m先に上り勾配12.5‰あり,前方746.9m先を58.0km/h,後続列車なし,10.0,94.0,未発車,40.0,48.7,anti_mid_stop,0.2,先行が塞いでいるため駅間停車防止モード。target_speed_no_stop(48.7km/h)を超える力行は機外停車リスクがあるため減点し、rewardを0.2とした。
48.0,Train11,巡航フェーズ（駅間走行中）,力行（加速）中,11.0,惰行,6.0,70.0,70.0,58.88,70.0,1662.4,30.0,199.2635241002722,0.0,-6.7,この先制限速度なし,この先目立った勾配なし,前方544.6m先を62.9km/h,後続列車なし,10.0,135.0,未発車,40.0,36.9,anti_mid_stop,0.1,先行列車が塞いで駅間停車防止モードにあり、target_speed_no_stop 36.9km/h を大幅に上回る58.9km/h の力行は機外停車リスクが高く過剰加速と判断した。
90.0,Train11,巡航フェーズ（駅間走行中）,力行（加速）中,4.0,惰行,6.0,70.0,70.0,68.15,70.0,1036.8,27.0,241.5623158127206,0.0,0.0,この先制限速度なし,46m先に上り勾配12.5‰あり,前方511.2m先を61.0km/h,後続列車なし,10.0,116.0,未発車,32.0,37.9,anti_mid_stop,0.1,先行列車が塞いでいる駅間停車防止モードで、target_speed_no_stop 37.9km/h を大幅に上回る 68.2km/h の力行は過剰加速で機外停車リスクがあり、さらに短時間のノコギリ運転でエネルギー浪費が生じるため低評価とした。
33.0,Train11,巡航フェーズ（駅間走行中）,力行（加速）中,34.0,ブレーキ（減速）,30.0,70.0,70.0,51.38,70.0,1883.1,30.0,142.894322173708,0.0,-2.1,この先制限速度なし,93m先に下り勾配6.7‰あり,前方502.2m先を63.2km/h,後続列車なし,10.0,165.0,未発車,40.0,45.9,anti_mid_stop,0.6,先行列車が塞いでいるため駅間停車防止モード。現在速度がtarget_speed_no_stopを5km/h超えて加速しており過剰加速と判断し減点。
98.0,Train11,巡航フェーズ（駅間走行中）,力行（加速）中,22.0,惰行,6.0,70.0,70.0,62.5,70.0,1025.4,20.0,204.00059162822222,0.0,0.0,この先制限速度なし,35m先に上り勾配12.5‰あり,前方516.6m先を60.5km/h,後続列車なし,10.0,100.0,未発車,25.0,41.2,anti_mid_stop,0.1,先行が塞ぎ駅間停車防止モードで、target_speed_no_stop 41.2km/h を大幅に超える62.5km/h の力行は機外停車リスクとエネルギー浪費を招くため減点し0.1とする。
111.0,Train11,巡航フェーズ（駅間走行中）,力行（加速）中,1.0,惰行,6.0,70.0,70.0,52.68,70.0,740.0,24.0,145.88228599888825,0.0,0.0,この先制限速度なし,150m先に上り勾配6.1‰あり,前方438.1m先を51.7km/h,後続列車なし,10.0,102.0,未発車,25.0,30.1,anti_mid_stop,0.2,先行が塞いでいる駅間停車防止モードで、target_speed_no_stop 30.1km/h を大幅に上回る力行と短時間切替のノコギリ運転が判定され、上限超過により減点。
72.0,Train11,巡航フェーズ（駅間走行中）,力行（加速）中,2.0,惰行,6.0,70.0,70.0,67.12,70.0,1230.0,33.0,234.4942789653523,0.0,0.0,この先制限速度なし,239m先に上り勾配12.5‰あり,前方531.8m先を63.2km/h,後続列車なし,10.0,111.0,未発車,40.0,45.9,anti_mid_stop,0.1,先行列車が塞いでいる駅間停車防止モードで、target_speed_no_stop 45.9km/h を大幅に上回り加速し、ノコギリ運転も発生しているため大幅減点し0.1とする。
51.0,Train11,巡航フェーズ（駅間走行中）,力行（加速）中,14.0,惰行,6.0,70.0,70.0,60.97,70.0,1612.4,30.0,194.34201834305406,0.0,0.0,この先制限速度なし,この先目立った勾配なし,前方547.2m先を63.0km/h,後続列車なし,10.0,132.0,未発車,40.0,52.8,anti_mid_stop,0.3,先行が塞いで駅間停車防止モード。現在速度が target_speed_no_stop の許容上限(+5km/h) を超えて力行し、機外停車リスクがあるため減点し0.3とした。
60.0,Train11,巡航フェーズ（駅間走行中）,力行（加速）中,23.0,惰行,6.0,70.0,70.0,65.74,70.0,1453.8,30.0,225.1779507334871,0.0,0.0,この先制限速度なし,463m先に上り勾配12.5‰あり,前方546.0m先を62.7km/h,後続列車なし,10.0,123.0,未発車,40.0,50.1,anti_mid_stop,0.2,先行が塞いでいるため駅間停車防止モード。target_speed_no_stop 50.1km/h を超える65.7km/h の力行は機外停車リスクと間隔不足を招くため減点し、reward 0.2 とした。
130.0,Train11,巡航フェーズ（駅間走行中）,力行（加速）中,4.0,惰行,6.0,70.0,70.0,63.75,70.0,459.1,26.0,196.18994539818672,0.0,6.1,この先制限速度なし,269m先に上り勾配9.2‰あり,前方370.3m先を28.9km/h,後続列車なし,10.0,68.0,未発車,25.0,33.9,anti_mid_stop,0.1,先行列車が塞ぎ駅間停車防止モードで、target_speed_no_stop(33.9km/h)を大幅に超える力行とノコギリ運転により機外停車リスクとエネルギー浪費が顕著なため低評価。
94.0,Train11,巡航フェーズ（駅間走行中）,力行（加速）中,16.0,惰行,6.0,70.0,70.0,62.63,70.0,1071.9,39.0,204.83140174425333,0.0,0.0,この先制限速度なし,81m先に上り勾配12.5‰あり,前方740.5m先を54.2km/h,後続列車なし,10.0,89.0,未発車,40.0,47.2,anti_mid_stop,0.2,先行列車が塞いでいるため駅間停車防止モードで、target_speed_no_stop 47.2km/h を 15km/h 超えて力行しており過加速で機外停車リスクとエネルギー浪費がある。
56.0,Train11,巡航フェーズ（駅間走行中）,力行（加速）中,1.0,惰行,6.0,70.0,70.0,63.19,70.0,1502.0,30.0,208.42839552098485,0.0,0.0,この先制限速度なし,この先目立った勾配なし,前方524.6m先を63.1km/h,後続列車なし,10.0,142.0,未発車,40.0,46.8,anti_mid_stop,0.2,先行列車が塞いでいるためtarget_speed_no_stop(46.8km/h)を超える力行は機外停車リスクがあり、過剰加速とノコギリ運転と判断し0.2点とした。
73.0,Train11,巡航フェーズ（駅間走行中）,力行（加速）中,3.0,惰行,6.0,70.0,70.0,67.58,70.0,1211.3,33.0,237.63880773250932,0.0,0.0,この先制限速度なし,221m先に上り勾配12.5‰あり,前方530.6m先を63.0km/h,後続列車なし,10.0,110.0,未発車,40.0,45.3,anti_mid_stop,0.1,先行が塞いでいる駅間停車防止モードでtarget_speed_no_stop 45.3km/h を超える67.6km/h の力行と、無合理なノコギリ運転があり、過速・間隔不足で安全・効率が損なわれたため0.1とした。
43.0,Train11,巡航フェーズ（駅間走行中）,力行（加速）中,44.0,ブレーキ（減速）,30.0,70.0,70.0,59.44,70.0,1729.4,30.0,202.98741132995568,0.0,-6.7,この先制限速度なし,この先目立った勾配なし,前方524.0m先を63.2km/h,後続列車なし,10.0,155.0,未発車,40.0,30.6,anti_mid_stop,0.2,先行列車が塞いでいるため駅間停車防止モードで、target_speed_no_stop(30.6km/h)を大幅に上回る59.4km/hの力行は過加速とみなされ減点対象となる。
166.0,Train11,巡航フェーズ（駅間走行中）,力行（加速）中,30.0,ブレーキ（減速）,6.0,70.0,70.0,48.64,70.0,500.8,12.0,115.26136946691018,0.0,6.1,この先制限速度なし,310m先に上り勾配9.2‰あり,前方501.1m先を0.0km/h,後続列車なし,10.0,47.0,未発車,25.0,41.2,anti_mid_stop,0.2,先行列車が停車しているため駅間停車防止モードが適用され、target_speed_no_stop 41.2km/h を超える48.6km/h の力行は過剰加速とみなされ減点した。
118.0,Train11,巡航フェーズ（駅間走行中）,力行（加速）中,4.0,ブレーキ（減速）,6.0,70.0,70.0,39.15,70.0,622.6,33.0,81.20163770480991,0.0,0.0,この先制限速度なし,32m先に上り勾配6.1‰あり,前方489.1m先を35.5km/h,後続列車なし,10.0,88.0,未発車,32.0,28.3,anti_mid_stop,0.2,先行が塞いでいるため機外停車防止モードで、target_speed_no_stop 28.3km/h を超えて加速し、さらにブレーキ→力行の短時間切替があり過剰加速とノコギリ運転で減点した。
135.0,Train11,巡航フェーズ（駅間走行中）,力行（加速）中,21.0,ブレーキ（減速）,6.0,70.0,70.0,50.55,70.0,408.0,33.0,124.358166357998,0.0,6.1,この先制限速度なし,217m先に上り勾配9.2‰あり,前方389.3m先を13.3km/h,後続列車なし,10.0,71.0,未発車,32.0,31.2,anti_mid_stop,0.2,先行が塞ぎ駅間停車防止モードでtarget_speed_no_stop(31.2km/h)を大幅に超える力行(50.5km/h)は機外停車リスクがあるため大幅減点。
47.0,Train11,巡航フェーズ（駅間走行中）,力行（加速）中,48.0,ブレーキ（減速）,30.0,70.0,70.0,62.67,70.0,1661.6,30.0,225.09573434745053,0.0,-6.7,この先制限速度なし,この先目立った勾配なし,前方526.2m先を63.1km/h,後続列車なし,10.0,151.0,未発車,40.0,30.7,anti_mid_stop,0.1,先行列車が塞いでいる駅間停車防止モードで、現在速度が target_speed_no_stop(30.7km/h) を大幅に上回り過剰加速しているため減点し、rewardは0.1とした。
87.0,Train11,巡航フェーズ（駅間走行中）,力行（加速）中,11.0,惰行,6.0,70.0,70.0,55.88,70.0,1206.6,18.0,163.80717061320016,0.0,0.0,この先制限速度なし,216m先に上り勾配12.5‰あり,前方508.3m先を63.2km/h,後続列車なし,10.0,111.0,未発車,25.0,44.8,anti_mid_stop,0.2,先行が塞ぎ駅間停車防止モードで、target_speed_no_stop(44.8km/h)を超える55.9km/hの力行を続けているため過剰加速とみなし減点。
48.0,Train11,巡航フェーズ（駅間走行中）,力行（加速）中,49.0,ブレーキ（減速）,30.0,70.0,70.0,63.44,70.0,1644.0,22.0,230.5235605020014,0.0,-6.7,この先制限速度なし,この先目立った勾配なし,前方386.0m先を63.2km/h,後続列車なし,10.0,143.0,未発車,32.0,33.1,anti_mid_stop,0.1,先行列車が塞いでいる駅間停車防止モードで、target_speed_no_stop 33.1km/h を大幅に超える63.4km/h の力行を継続しているため減点。
46.0,Train11,巡航フェーズ（駅間走行中）,力行（加速）中,9.0,惰行,6.0,70.0,70.0,57.16,70.0,1694.6,30.0,188.02896716911326,0.0,-6.7,この先制限速度なし,この先目立った勾配なし,前方541.7m先を63.3km/h,後続列車なし,10.0,137.0,未発車,40.0,36.6,anti_mid_stop,0.1,先行列車が塞いでいるため機外停車防止モードで、target_speed_no_stop 36.6km/h を大幅に上回る57.2km/h の力行は過剰加速とみなされ減点した。
58.0,Train11,巡航フェーズ（駅間走行中）,力行（加速）中,39.0,ブレーキ（減速）,6.0,70.0,70.0,60.87,70.0,1616.0,22.0,193.7184198244032,0.0,0.0,この先制限速度なし,この先目立った勾配なし,前方533.3m先を63.2km/h,後続列車なし,10.0,148.0,未発車,32.0,48.8,anti_mid_stop,0.3,先行列車が塞いでいるため駅間停車防止モードで、target_speed_no_stop(48.8km/h)を5km/h超える62km/hで力行しており上限超過が減点要因となる。
49.0,Train11,巡航フェーズ（駅間走行中）,力行（加速）中,30.0,ブレーキ（減速）,6.0,70.0,70.0,53.36,70.0,1759.4,22.0,164.30310914716839,0.0,-6.7,この先制限速度なし,この先目立った勾配なし,前方518.8m先を62.9km/h,後続列車なし,10.0,157.0,未発車,32.0,31.2,anti_mid_stop,0.2,先行列車が塞いでいる駅間停車防止モードで、target_speed_no_stop(31.2km/h)を大幅に上回る53.4km/hの力行を続けているため減点し、低評価とした。
127.0,Train11,巡航フェーズ（駅間走行中）,力行（加速）中,13.0,ブレーキ（減速）,6.0,70.0,70.0,45.93,70.0,515.3,33.0,102.9270149642736,0.0,6.1,この先制限速度なし,325m先に上り勾配9.2‰あり,前方455.7m先を23.6km/h,後続列車なし,10.0,79.0,未発車,32.0,35.5,anti_mid_stop,0.3,先行が塞いで駅間停車防止モードで、現在速度45.9km/hがtarget_speed_no_stop35.5km/hを5km/h超えて力行しており機外停車リスクがあるため減点し、reward=0.3とする。
129.0,Train11,巡航フェーズ（駅間走行中）,力行（加速）中,10.0,ブレーキ（減速）,6.0,70.0,70.0,45.56,70.0,511.1,26.0,101.29534793355712,0.0,6.1,この先制限速度なし,321m先に上り勾配9.2‰あり,前方414.1m先を30.2km/h,後続列車なし,10.0,84.0,未発車,25.0,35.1,anti_mid_stop,0.2,先行列車が塞いでいる駅間停車防止モードで、現在速度が target_speed_no_stop+5km/h を超えて力行し機外停車リスクがあるため減点し0.2とした。
43.0,Train11,巡航フェーズ（駅間走行中）,力行（加速）中,44.0,ブレーキ（減速）,30.0,70.0,70.0,59.44,70.0,1729.4,22.0,202.98741132995568,0.0,-6.7,この先制限速度なし,この先目立った勾配なし,前方383.6m先を63.5km/h,後続列車なし,10.0,148.0,未発車,32.0,33.3,anti_mid_stop,0.1,駅間停車防止モードでtarget_speed_no_stop+5km/hを大きく超える力行は機外停車リスクが高く減点し、reward 0.1とする。
34.0,Train11,巡航フェーズ（駅間走行中）,力行（加速）中,35.0,ブレーキ（減速）,30.0,70.0,70.0,52.18,70.0,1868.8,30.0,147.3033411749892,0.0,-2.1,この先制限速度なし,78m先に下り勾配6.7‰あり,前方505.3m先を63.0km/h,後続列車なし,10.0,164.0,未発車,40.0,45.8,anti_mid_stop,0.4,先行が塞いで駅間停車防止モード。現在速度がtarget_speed_no_stop(45.8km/h)を5km/h超えて力行しており、機外停車リスクがあるため減点し、rewardを0.4とする。
92.0,Train11,巡航フェーズ（駅間走行中）,力行（加速）中,15.0,ブレーキ（減速）,6.0,70.0,70.0,50.53,70.0,1021.4,19.0,134.3969081183283,0.0,0.0,この先制限速度なし,31m先に上り勾配12.5‰あり,前方410.2m先を62.1km/h,後続列車なし,10.0,121.0,未発車,25.0,36.4,anti_mid_stop,0.1,先行列車が塞いでいるため駅間停車防止モード。現在速度が target_speed_no_stop を大幅に上回り過剰加速となり機外停車リスクがあるため減点し、reward 0.1とする。
102.0,Train11,巡航フェーズ（駅間走行中）,力行（加速）中,9.0,惰行,6.0,70.0,70.0,55.24,70.0,1102.2,41.0,160.14313268344904,0.0,0.0,この先制限速度なし,112m先に上り勾配12.5‰あり,前方880.1m先を44.2km/h,後続列車なし,10.0,96.0,未発車,40.0,45.5,anti_mid_stop,0.2,先行列車が塞いでいるため駅間停車防止モードで、target_speed_no_stop 45.5km/h を超えて9.7km/h の過加速は機外停車リスクを増大させるため減点し、rewardは0.2とする。
129.0,Train11,巡航フェーズ（駅間走行中）,力行（加速）中,43.0,惰行,6.0,70.0,70.0,65.04,70.0,510.6,33.0,204.0355263261259,0.0,6.1,この先制限速度なし,320m先に上り勾配9.2‰あり,前方463.4m先を21.0km/h,後続列車なし,10.0,62.0,未発車,32.0,37.3,anti_mid_stop,0.1,先行が塞いでいる駅間停車防止モードで、target_speed_no_stop 37.3km/h を大幅に上回る65km/h の力行は機外停車リスクとエネルギー浪費を招くため低評価とした。
96.0,Train11,巡航フェーズ（駅間走行中）,力行（加速）中,11.0,ブレーキ（減速）,6.0,70.0,70.0,49.85,70.0,1248.1,20.0,130.8582633929811,0.0,0.0,この先制限速度なし,258m先に上り勾配12.5‰あり,前方705.4m先を61.4km/h,後続列車なし,10.0,117.0,未発車,25.0,44.6,anti_mid_stop,0.7,先行列車が塞いでいるため駅間停車防止モードで、速度がtarget_speed_no_stopの+5km/h上限を僅かに超えて力行しているため減点した。
63.0,Train11,巡航フェーズ（駅間走行中）,力行（加速）中,26.0,ブレーキ（減速）,6.0,70.0,70.0,49.91,70.0,1713.4,15.0,144.08217169479997,0.0,-6.7,この先制限速度なし,この先目立った勾配なし,前方595.5m先を62.9km/h,後続列車なし,10.0,150.0,未発車,25.0,32.4,anti_mid_stop,0.2,先行列車が塞いでいるため駅間停車防止モード。target_speed_no_stop 32.4km/h を超える49.9km/h の力行は過加速で機外停車リスクがあるため減点し0.2とした。
127.0,Train11,巡航フェーズ（駅間走行中）,力行（加速）中,1.0,惰行,6.0,70.0,70.0,62.79,70.0,511.9,26.0,190.44549394289595,0.0,6.1,この先制限速度なし,321m先に上り勾配9.2‰あり,前方397.4m先を32.8km/h,後続列車なし,10.0,71.0,未発車,25.0,36.0,anti_mid_stop,0.2,先行列車が塞いでいるanti_mid_stopモードで、target_speed_no_stop 36km/hを大幅に超える力行は機外停車リスクとノコギリ運転を招くため、上限0.3以下に抑えて0.2とした。
94.0,Train11,巡航フェーズ（駅間走行中）,力行（加速）中,18.0,惰行,6.0,70.0,70.0,60.24,70.0,1093.6,19.0,189.81147954287871,0.0,0.0,この先制限速度なし,103m先に上り勾配12.5‰あり,前方516.7m先を61.5km/h,後続列車なし,10.0,104.0,未発車,25.0,42.8,anti_mid_stop,0.2,先行が塞いでいるため駅間停車防止モードで、現在速度がtarget_speed_no_stop＋5km/hを超えて力行し機外停車リスクがあるため減点し、reward 0.2とした。
47.0,Train11,巡航フェーズ（駅間走行中）,力行（加速）中,24.0,ブレーキ（減速）,6.0,70.0,70.0,50.36,70.0,1775.6,15.0,146.64788792706423,0.0,-6.7,この先制限速度なし,この先目立った勾配なし,前方377.1m先を63.4km/h,後続列車なし,10.0,151.0,未発車,25.0,33.3,anti_mid_stop,0.2,先行列車が塞いでいる駅間停車防止モードで、現在速度が target_speed_no_stop(33.3km/h) を5km/h以上上回り力行しているため過加速と判断し大幅減点した。
97.0,Train11,巡航フェーズ（駅間走行中）,力行（加速）中,3.0,惰行,6.0,70.0,70.0,65.47,70.0,759.4,40.0,223.375819799759,0.0,0.0,この先制限速度なし,169m先に上り勾配6.1‰あり,前方471.6m先を50.4km/h,後続列車なし,10.0,86.0,未発車,40.0,34.4,anti_mid_stop,0.1,先行列車が塞いでいる駅間停車防止モードで、速度がtarget_speed_no_stop(34.4km/h)を大幅に上回り力行し、かつノコギリ運転が発生したため減点し、rewardは0.1とした。
60.0,Train11,巡航フェーズ（駅間走行中）,力行（加速）中,22.0,惰行,6.0,70.0,68.4,65.19,70.0,1463.4,15.0,221.51409193280796,0.0,0.0,この先制限速度なし,473m先に上り勾配12.5‰あり,前方293.0m先を62.8km/h,後続列車なし,10.0,153.0,未発車,25.0,43.6,anti_mid_stop,0.1,先行列車が塞いでいる駅間停車防止モードで、速度がtarget_speed_no_stop 43.6km/hを大幅に上回り加速しているため減点。
57.0,Train11,巡航フェーズ（駅間走行中）,力行（加速）中,19.0,惰行,6.0,70.0,68.5,63.66,70.0,1517.1,15.0,211.46996924876208,0.0,0.0,この先制限速度なし,この先目立った勾配なし,前方294.1m先を63.5km/h,後続列車なし,10.0,156.0,未発車,25.0,44.6,anti_mid_stop,0.2,先行列車が塞ぎ駅間停車防止モードで、target_speed_no_stop44.6km/hを大幅に上回る力行は機外停車リスクとエネルギー浪費を招くため低評価とした。
129.0,Train11,巡航フェーズ（駅間走行中）,力行（加速）中,15.0,ブレーキ（減速）,6.0,70.0,70.0,47.15,70.0,489.4,33.0,108.39635092889802,0.0,6.1,この先制限速度なし,299m先に上り勾配9.2‰あり,前方442.2m先を21.0km/h,後続列車なし,10.0,77.0,未発車,32.0,34.5,anti_mid_stop,0.2,先行列車が塞いでいる駅間停車防止モードで、現在速度が target_speed_no_stop+5km/h を超えて力行しており過剰加速と判断し減点。
36.0,Train11,巡航フェーズ（駅間走行中）,力行（加速）中,37.0,ブレーキ（減速）,30.0,70.0,70.0,53.76,70.0,1839.3,30.0,156.19873599355563,0.0,-2.1,この先制限速度なし,49m先に下り勾配6.7‰あり,前方511.1m先を63.3km/h,後続列車なし,10.0,162.0,未発車,40.0,45.5,anti_mid_stop,0.2,先行列車が塞いでいるため駅間停車防止モードで、target_speed_no_stop 45.5km/h を超えて約8km/hの力行は機外停車リスクを増大させるため減点し0.2とした。
143.0,Train11,巡航フェーズ（駅間走行中）,力行（加速）中,18.0,惰行,6.0,70.0,70.0,52.4,70.0,579.6,35.0,133.48540277042923,0.0,6.1,この先制限速度なし,389m先に上り勾配9.2‰あり,前方580.0m先を0.0km/h,後続列車なし,10.0,55.0,未発車,40.0,43.2,anti_mid_stop,0.3,先行列車が停車しているため駅間停車防止モード。target_speed_no_stop 43.2km/h を9km/h 超えて力行しているので過加速と判断し減点した。
113.0,Train11,巡航フェーズ（駅間走行中）,力行（加速）中,27.0,惰行,6.0,70.0,70.0,57.0,70.0,784.3,33.0,170.31390101441107,0.0,0.0,この先制限速度なし,194m先に上り勾配6.1‰あり,前方597.4m先を40.4km/h,後続列車なし,10.0,78.0,未発車,32.0,38.2,anti_mid_stop,0.2,先行列車が塞いでいる駅間停車防止モードで、target_speed_no_stop 38.2km/h を超えて57km/h の力行は過剰加速で機外停車リスクがあるため減点し0.2とした。
126.0,Train11,巡航フェーズ（駅間走行中）,力行（加速）中,40.0,惰行,6.0,70.0,70.0,64.16,70.0,564.5,33.0,198.66780544753567,0.0,6.1,この先制限速度なし,374m先に上り勾配9.2‰あり,前方498.1m先を24.9km/h,後続列車なし,10.0,65.0,未発車,32.0,39.6,anti_mid_stop,0.1,先行が塞いでいる駅間停車防止モードで、target_speed_no_stop 39.6km/h を大幅に超える力行(64.2km/h)は機外停車リスクが高く、過加速と間隔不足で評価を低下させ0.1とした。
106.0,Train11,巡航フェーズ（駅間走行中）,力行（加速）中,4.0,ブレーキ（減速）,6.0,70.0,70.0,49.41,70.0,768.7,32.0,128.5926900759125,0.0,0.0,この先制限速度なし,178m先に上り勾配6.1‰あり,前方494.7m先を49.1km/h,後続列車なし,10.0,100.0,未発車,32.0,31.6,anti_mid_stop,0.2,先行列車が塞いでいる駅間停車防止モードで、現在速度が target_speed_no_stop+5km/h を超えて力行し、過剰加速とノコギリ運転が判定されたため低評価とした。
59.0,Train11,巡航フェーズ（駅間走行中）,力行（加速）中,21.0,惰行,6.0,70.0,68.5,64.69,70.0,1481.5,15.0,218.20770584520625,0.0,0.0,この先制限速度なし,491m先に上り勾配12.5‰あり,前方293.6m先を63.0km/h,後続列車なし,10.0,154.0,未発車,25.0,44.0,anti_mid_stop,0.1,駅間停車防止モードでtarget_speed_no_stop 44km/h を超える力行を続け、先行列車に追いつく危険と間隔縮小・エネルギー浪費が生じるため低評価。
39.0,Train11,巡航フェーズ（駅間走行中）,力行（加速）中,40.0,ブレーキ（減速）,30.0,70.0,70.0,56.01,70.0,1793.6,30.0,169.29388975465542,0.0,-2.1,この先制限速度なし,3m先に下り勾配6.7‰あり,前方517.9m先を63.4km/h,後続列車なし,10.0,159.0,未発車,40.0,44.9,anti_mid_stop,0.2,先行列車が塞いでいる駅間停車防止モードで、現在速度が target_speed_no_stop を5km/h以上上回って力行しているため減点し低評価とした。
97.0,Train11,巡航フェーズ（駅間走行中）,力行（加速）中,12.0,ブレーキ（減速）,6.0,70.0,70.0,50.61,70.0,1234.1,20.0,134.81619363027792,0.0,0.0,この先制限速度なし,244m先に上り勾配12.5‰あり,前方708.4m先を61.0km/h,後続列車なし,10.0,116.0,未発車,25.0,44.6,anti_mid_stop,0.2,先行列車が塞いで駅間停車防止モードとなっているが、現在速度が target_speed_no_stop を超えて加速しており機外停車リスクがあるため減点し0.2とした。
105.0,Train11,巡航フェーズ（駅間走行中）,力行（加速）中,1.0,惰行,6.0,70.0,70.0,64.72,70.0,597.0,41.0,218.40543299674346,0.0,0.0,この先制限速度なし,7m先に上り勾配6.1‰あり,前方410.1m先を40.4km/h,後続列車なし,10.0,93.0,未発車,40.0,26.4,anti_mid_stop,0.2,先行列車が塞いでいるためtarget_speed_no_stop 26.4km/hを大幅に超える力行とノコギリ運転で速度が過剰で、機外停車リスクとエネルギー浪費が顕著。
61.0,Train11,巡航フェーズ（駅間走行中）,力行（加速）中,24.0,ブレーキ（減速）,6.0,70.0,70.0,47.87,70.0,1740.5,15.0,132.72276592046836,0.0,-6.7,この先制限速度なし,この先目立った勾配なし,前方587.6m先を63.3km/h,後続列車なし,10.0,152.0,未発車,25.0,32.6,anti_mid_stop,0.2,先行列車が塞いでいるため駅間停車防止モード。現在速度がtarget_speed_no_stop(32.6km/h)を大幅に上回り、上限超えの力行となっているため減点し、rewardは0.2とする。
93.0,Train11,巡航フェーズ（駅間走行中）,力行（加速）中,16.0,ブレーキ（減速）,6.0,70.0,70.0,51.28,70.0,1007.3,19.0,138.35225606600488,0.0,0.0,この先制限速度なし,17m先に上り勾配12.5‰あり,前方413.2m先を61.9km/h,後続列車なし,10.0,120.0,未発車,25.0,36.1,anti_mid_stop,0.2,先行列車が塞いでいる駅間停車防止モードで、target_speed_no_stop 36.1km/h を超える力行(51.3km/h)は機外停車リスクを高めるため減点し、rewardは0.2とした。
45.0,Train11,巡航フェーズ（駅間走行中）,力行（加速）中,7.0,惰行,6.0,70.0,63.9,55.45,70.0,1717.3,15.0,177.1650260614256,0.0,-6.7,この先制限速度なし,この先目立った勾配なし,前方283.7m先を63.1km/h,後続列車なし,10.0,168.0,未発車,25.0,25.3,anti_mid_stop,0.1,先行列車が塞いでいる駅間停車防止モードで、現在速度が target_speed_no_stop+5km/h を大きく超えて力行し機外停車リスクが高いため減点した。
101.0,Train11,巡航フェーズ（駅間走行中）,力行（加速）中,8.0,惰行,6.0,70.0,70.0,54.56,70.0,1117.5,40.0,156.29331625156078,0.0,0.0,この先制限速度なし,127m先に上り勾配12.5‰あり,前方882.9m先を45.4km/h,後続列車なし,10.0,97.0,未発車,40.0,45.8,anti_mid_stop,0.2,先行が塞いでいる駅間停車防止モードで、現在速度が target_speed_no_stop を5km/h以上上回る過剰加速のため減点し、reward 0.2 とした。
124.0,Train11,巡航フェーズ（駅間走行中）,力行（加速）中,10.0,ブレーキ（減速）,6.0,70.0,70.0,44.04,70.0,552.8,33.0,94.72481779712217,0.0,6.1,この先制限速度なし,362m先に上り勾配9.2‰あり,前方471.8m先を27.6km/h,後続列車なし,10.0,82.0,未発車,32.0,36.9,anti_mid_stop,0.3,先行が塞ぎ駅間停車防止モードで、target_speed_no_stop(36.9km/h)を超える44km/hの力行を続け過剰加速となり機外停車リスクがあるため減点。
46.0,Train11,巡航フェーズ（駅間走行中）,力行（加速）中,23.0,ブレーキ（減速）,6.0,70.0,70.0,49.36,70.0,1789.4,15.0,140.97568112967897,0.0,-6.7,この先制限速度なし,この先目立った勾配なし,前方373.4m先を62.9km/h,後続列車なし,10.0,152.0,未発車,25.0,33.6,anti_mid_stop,0.2,先行列車が塞いでいる駅間停車防止モードで、現在速度が target_speed_no_stop(33.6km/h) を大幅に上回る力行となり過剰加速と判断し減点したためrewardは0.2とした。
70.0,Train11,巡航フェーズ（駅間走行中）,力行（加速）中,1.0,惰行,6.0,70.0,70.0,62.8,70.0,1406.0,23.0,205.92023845197818,0.0,0.0,この先制限速度なし,415m先に上り勾配12.5‰あり,前方533.0m先を62.9km/h,後続列車なし,10.0,136.0,未発車,32.0,45.3,anti_mid_stop,0.3,先行が塞いで駅間停車防止モード。現在速度が target_speed_no_stop を大幅に上回り加速は不要、さらに短時間でノコギリ運転が発生したため減点し0.3とした。
134.0,Train11,巡航フェーズ（駅間走行中）,力行（加速）中,20.0,ブレーキ（減速）,6.0,70.0,70.0,50.0,70.0,421.9,33.0,121.70458945519717,0.0,6.1,この先制限速度なし,231m先に上り勾配9.2‰あり,前方399.4m先を14.6km/h,後続列車なし,10.0,72.0,未発車,32.0,31.8,anti_mid_stop,0.2,先行列車が塞いでいる駅間停車防止モードで、現在速度がtarget_speed_no_stop＋5km/hを超えて力行し機外停車リスクがあるため減点し0.2とした。
88.0,Train11,巡航フェーズ（駅間走行中）,力行（加速）中,6.0,惰行,6.0,70.0,70.0,68.65,70.0,925.6,37.0,210.30320429612726,0.0,12.5,この先制限速度なし,この先目立った勾配なし,前方499.5m先を58.4km/h,後続列車なし,10.0,95.0,未発車,40.0,63.3,anti_mid_stop,0.2,先行が塞いで駅間停車防止モード。target_speed_no_stopを超える力行とノコギリ運転で安全余裕が減少し、上限超過により減点し0.2とした。
71.0,Train11,巡航フェーズ（駅間走行中）,力行（加速）中,2.0,惰行,6.0,70.0,70.0,63.34,70.0,1388.4,23.0,209.3968648944804,0.0,0.0,この先制限速度なし,398m先に上り勾配12.5‰あり,前方533.0m先を63.0km/h,後続列車なし,10.0,135.0,未発車,32.0,44.9,anti_mid_stop,0.2,先行列車が塞いでいる駅間停車防止モードで、target_speed_no_stop 44.9km/h を超える63.3km/h の力行と、保持時間が短いノコギリ運転が判定されたため減点し0.2とした。
87.0,Train11,巡航フェーズ（駅間走行中）,力行（加速）中,9.0,惰行,6.0,70.0,70.0,58.58,70.0,1189.8,37.0,179.69713109777967,0.0,0.0,この先制限速度なし,199m先に上り勾配12.5‰あり,前方747.3m先を58.9km/h,後続列車なし,10.0,96.0,未発車,40.0,49.4,anti_mid_stop,0.2,先行列車が塞いでいるため駅間停車防止モード。現在速度が target_speed_no_stop を5km/h 超えて力行しており機外停車リスクがあるため減点し0.2とする。
133.0,Train11,巡航フェーズ（駅間走行中）,力行（加速）中,47.0,惰行,6.0,70.0,70.0,66.15,70.0,437.7,33.0,210.90200342827745,0.0,6.1,この先制限速度なし,247m先に上り勾配9.2‰あり,前方411.0m先を15.8km/h,後続列車なし,10.0,58.0,未発車,32.0,34.2,anti_mid_stop,0.1,先行が塞いで駅間停車防止モード。現在速度が target_speed_no_stop(34.2km/h) を大幅に上回り力行しているため機外停車リスクが高く、評価を大きく減点し0.1とした。
132.0,Train11,巡航フェーズ（駅間走行中）,力行（加速）中,13.0,ブレーキ（減速）,6.0,70.0,70.0,47.39,70.0,472.3,26.0,109.48838026154951,0.0,6.1,この先制限速度なし,282m先に上り勾配9.2‰あり,前方398.8m先を26.2km/h,後続列車なし,10.0,81.0,未発車,25.0,33.6,anti_mid_stop,0.2,先行が塞いで駅間停車防止モード。現在速度が target_speed_no_stop を5km/h超えており過剰加速と判断し減点した。
98.0,Train11,巡航フェーズ（駅間走行中）,力行（加速）中,20.0,惰行,6.0,70.0,70.0,64.73,70.0,1001.1,40.0,218.47136066927146,0.0,0.0,この先制限速度なし,11m先に上り勾配12.5‰あり,前方727.2m先を49.1km/h,後続列車なし,10.0,85.0,未発車,40.0,45.6,anti_mid_stop,0.1,先行列車が塞いでいるため駅間停車防止モードで、target_speed_no_stop45.6km/h を大幅に上回る64.7km/h の力行は機外停車リスクが高く過剰加速と判断し減点。
93.0,Train11,巡航フェーズ（駅間走行中）,力行（加速）中,15.0,惰行,6.0,70.0,70.0,62.08,70.0,1089.2,38.0,201.32728283224355,0.0,0.0,この先制限速度なし,99m先に上り勾配12.5‰あり,前方742.6m先を55.5km/h,後続列車なし,10.0,90.0,未発車,40.0,47.3,anti_mid_stop,0.1,先行が塞いでいる駅間停車防止モードで、target_speed_no_stop 47.3km/h を超える62.1km/h の力行は過加速で機外停車リスクがあるため大幅減点し0.1とした。
106.0,Train11,巡航フェーズ（駅間走行中）,力行（加速）中,2.0,惰行,6.0,70.0,70.0,65.09,70.0,579.0,41.0,204.3425302926774,0.0,6.1,この先制限速度なし,388m先に上り勾配9.2‰あり,前方403.3m先を40.0km/h,後続列車なし,10.0,92.0,未発車,40.0,37.5,anti_mid_stop,0.1,先行が塞いで駅間停車防止モードであるにも関わらず、現在速度がtarget_speed_no_stop 37.5km/hを大幅に上回り力行し、無合理なノコギリ運転も発生しているため評価は低く0.1とする。
83.0,Train11,巡航フェーズ（駅間走行中）,力行（加速）中,5.0,惰行,6.0,70.0,70.0,67.61,70.0,1003.9,35.0,237.84456287652867,0.0,0.0,この先制限速度なし,13m先に上り勾配12.5‰あり,前方495.1m先を60.5km/h,後続列車なし,10.0,115.0,未発車,40.0,36.8,anti_mid_stop,0.1,先行列車が塞いでいる駅間停車防止モードで、target_speed_no_stop 36.8km/h を大幅に超える力行と短時間切替により機外停車リスクが高く評価を低減した。
134.0,Train11,巡航フェーズ（駅間走行中）,力行（加速）中,9.0,惰行,6.0,70.0,70.0,45.56,70.0,702.5,42.0,109.58199966206769,0.0,0.0,この先制限速度なし,112m先に上り勾配6.1‰あり,前方700.9m先を4.3km/h,後続列車なし,10.0,64.0,未発車,40.0,39.3,anti_mid_stop,0.3,駅間停車防止モードでtarget_speed_no_stop 39.3km/hを超える45.6km/hの力行は機外停車リスクを招くため減点し0.3とする。
53.0,Train11,巡航フェーズ（駅間走行中）,力行（加速）中,15.0,惰行,6.0,70.0,68.4,61.48,70.0,1586.7,15.0,197.53704834614175,0.0,0.0,この先制限速度なし,この先目立った勾配なし,前方293.5m先を62.9km/h,後続列車なし,10.0,160.0,未発車,25.0,45.8,anti_mid_stop,0.2,先行列車が塞いでいるため駅間停車防止モードと判定し、target_speed_no_stop 45.8km/h を超えて15.7km/h 上回る力行は過剰加速とみなして減点した。
121.0,Train11,巡航フェーズ（駅間走行中）,力行（加速）中,35.0,惰行,6.0,70.0,70.0,61.8,70.0,652.1,33.0,199.55428988219379,0.0,0.0,この先制限速度なし,62m先に上り勾配6.1‰あり,前方546.6m先を31.5km/h,後続列車なし,10.0,70.0,未発車,32.0,34.1,anti_mid_stop,0.1,先行が塞いでいる駅間停車防止モードで、target_speed_no_stop 34.1km/h を大幅に超える61.8km/h の力行は機外停車リスクを高めるため減点し、rewardを0.1とした。
51.0,Train11,巡航フェーズ（駅間走行中）,力行（加速）中,13.0,惰行,6.0,70.0,68.3,60.33,70.0,1620.5,15.0,190.3673157436847,0.0,0.0,この先制限速度なし,この先目立った勾配なし,前方292.3m先を63.3km/h,後続列車なし,10.0,162.0,未発車,25.0,46.3,anti_mid_stop,0.2,先行列車が塞いで駅間停車防止モード。target_speed_no_stop(46.3km/h)を大幅に上回る力行(60.3km/h)は機外停車リスクがあるため減点し、総合評価は0.2とした。
130.0,Train11,巡航フェーズ（駅間走行中）,力行（加速）中,11.0,ブレーキ（減速）,6.0,70.0,70.0,46.18,70.0,498.3,26.0,104.03662998912851,0.0,6.1,この先制限速度なし,308m先に上り勾配9.2‰あり,前方409.5m先を28.9km/h,後続列車なし,10.0,83.0,未発車,25.0,34.6,anti_mid_stop,0.3,先行列車が塞いでいるため駅間停車防止モード。target_speed_no_stopを超える力行は機外停車リスクを増大させるため減点し、rewardを0.3とする。
131.0,Train11,巡航フェーズ（駅間走行中）,力行（加速）中,5.0,惰行,6.0,70.0,70.0,64.05,70.0,441.4,26.0,198.00157640703293,0.0,6.1,この先制限速度なし,251m先に上り勾配9.2‰あり,前方360.4m先を27.6km/h,後続列車なし,10.0,67.0,未発車,25.0,33.1,anti_mid_stop,0.2,先行列車が塞いでいる駅間停車防止モードで、target_speed_no_stop 33.1km/h を大幅に超える力行を続け、ノコギリ運転と判定されたため低評価とした。
61.0,Train11,巡航フェーズ（駅間走行中）,力行（加速）中,20.0,ブレーキ（減速）,6.0,70.0,70.0,48.66,70.0,1647.3,30.0,137.0688038101156,0.0,-6.7,この先制限速度なし,この先目立った勾配なし,前方756.9m先を62.8km/h,後続列車なし,10.0,137.0,未発車,40.0,34.9,anti_mid_stop,0.3,先行列車が塞いでいるため駅間停車防止モード。target_speed_no_stop 34.9km/h を超えて13.8km/h の力行は過加速とみなされ減点対象。
55.0,Train11,巡航フェーズ（駅間走行中）,力行（加速）中,17.0,惰行,6.0,70.0,68.5,62.59,70.0,1552.2,15.0,204.57559892149212,0.0,0.0,この先制限速度なし,この先目立った勾配なし,前方294.1m先を63.2km/h,後続列車なし,10.0,158.0,未発車,25.0,45.1,anti_mid_stop,0.2,先行列車が塞いでいるため駅間停車防止モード。現在速度が target_speed_no_stop を大幅に上回り過剰加速となり機外停車リスクがあるため減点し0.2とする。
62.0,Train11,巡航フェーズ（駅間走行中）,力行（加速）中,25.0,惰行,6.0,70.0,70.0,66.7,70.0,1417.0,31.0,231.64023404919988,0.0,0.0,この先制限速度なし,427m先に上り勾配12.5‰あり,前方544.1m先を62.9km/h,後続列車なし,10.0,121.0,未発車,40.0,49.3,anti_mid_stop,0.2,先行列車が塞いでいるため駅間停車防止モード。target_speed_no_stop 49.3km/h を超えて66.7km/h の力行は過剰加速で機外停車リスクがあるため減点し0.2とした。
85.0,Train11,巡航フェーズ（駅間走行中）,力行（加速）中,7.0,惰行,6.0,70.0,70.0,57.33,70.0,1222.0,36.0,172.25398762228272,0.0,0.0,この先制限速度なし,232m先に上り勾配12.5‰あり,前方746.6m先を59.7km/h,後続列車なし,10.0,98.0,未発車,40.0,49.6,anti_mid_stop,0.3,先行列車が塞いで駅間停車防止モード。target_speed_no_stop を超える力行で過剰加速し機外停車リスクがあるため減点し、rewardを0.3とした。
127.0,Train11,巡航フェーズ（駅間走行中）,力行（加速）中,8.0,ブレーキ（減速）,6.0,70.0,70.0,44.3,70.0,536.0,26.0,95.83358909055467,0.0,6.1,この先制限速度なし,346m先に上り勾配9.2‰あり,前方421.5m先を32.8km/h,後続列車なし,10.0,86.0,未発車,25.0,36.0,anti_mid_stop,0.2,先行が塞いで駅間停車防止モード。現在速度44.3km/hがtarget_speed_no_stop36km/hを5km/h超えており過加速と判断し減点した。
119.0,Train11,巡航フェーズ（駅間走行中）,力行（加速）中,33.0,惰行,6.0,70.0,70.0,60.66,70.0,686.1,33.0,192.41193738219528,0.0,0.0,この先制限速度なし,96m先に上り勾配6.1‰あり,前方562.3m先を34.1km/h,後続列車なし,10.0,72.0,未発車,32.0,35.5,anti_mid_stop,0.1,先行が塞いでいるため駅間停車防止モードで、target_speed_no_stop 35.5km/h を大幅に上回る力行は機外停車リスクを高めるため減点し、rewardを0.1とした。
79.0,Train11,巡航フェーズ（駅間走行中）,力行（加速）中,1.0,惰行,6.0,70.0,70.0,65.73,70.0,1078.0,34.0,225.11108453227934,0.0,0.0,この先制限速度なし,87m先に上り勾配12.5‰あり,前方501.1m先を61.5km/h,後続列車なし,10.0,119.0,未発車,40.0,38.6,anti_mid_stop,0.2,先行列車が塞ぎ駅間停車防止モードで、target_speed_no_stopを大幅に超える力行とノコギリ運転が判定され、過加速が安全・効率を損なうため0.2とした。
133.0,Train11,巡航フェーズ（駅間走行中）,力行（加速）中,19.0,ブレーキ（減速）,6.0,70.0,70.0,49.45,70.0,435.8,33.0,119.07855644562291,0.0,6.1,この先制限速度なし,245m先に上り勾配9.2‰あり,前方409.0m先を15.8km/h,後続列車なし,10.0,73.0,未発車,32.0,32.4,anti_mid_stop,0.2,先行列車が塞いでいる駅間停車防止モードで、target_speed_no_stop 32.4km/h を大幅に上回る力行は機外停車リスクがあるため減点した。
62.0,Train11,巡航フェーズ（駅間走行中）,力行（加速）中,7.0,惰行,6.0,70.0,70.0,66.23,70.0,1394.2,31.0,228.46574841640592,0.0,0.0,この先制限速度なし,404m先に上り勾配12.5‰あり,前方521.2m先を62.9km/h,後続列車なし,10.0,136.0,未発車,40.0,45.0,anti_mid_stop,0.2,先行列車が塞いでいるため駅間停車防止モード。target_speed_no_stop 45km/h を大幅に上回る66.2km/h の力行は機外停車リスクが高く減点し、reward 0.2 とした。
149.0,Train11,巡航フェーズ（駅間走行中）,力行（加速）中,24.0,惰行,6.0,70.0,70.0,55.29,70.0,489.9,29.0,148.36229866708123,0.0,6.1,この先制限速度なし,299m先に上り勾配9.2‰あり,前方490.2m先を0.0km/h,後続列車なし,10.0,49.0,未発車,40.0,39.5,anti_mid_stop,0.1,先行列車が停車しているため駅間停車防止モードで、現在速度がtarget_speed_no_stop 39.5km/h を大幅に上回る力行は過剰加速とみなされ減点対象となる。
50.0,Train11,巡航フェーズ（駅間走行中）,力行（加速）中,13.0,惰行,6.0,70.0,70.0,60.4,70.0,1629.2,30.0,190.80016269686604,0.0,0.0,この先制限速度なし,この先目立った勾配なし,前方546.5m先を63.2km/h,後続列車なし,10.0,133.0,未発車,40.0,53.0,anti_mid_stop,0.3,先行が塞いでいる駅間停車防止モードで、現在速度が target_speed_no_stop+5km/h を超えて力行しており過剰加速と判断したため減点した。
92.0,Train11,巡航フェーズ（駅間走行中）,力行（加速）中,6.0,惰行,6.0,70.0,70.0,69.04,70.0,998.7,28.0,247.74816135719672,0.0,0.0,この先制限速度なし,8m先に上り勾配12.5‰あり,前方506.7m先を60.1km/h,後続列車なし,10.0,114.0,未発車,32.0,37.0,anti_mid_stop,0.2,先行が塞いでいる駅間停車防止モードで、target_speed_no_stop 37km/h を大幅に上回る 69km/h の力行は過剰加速で機外停車リスクが高く、ノコギリ運転も判定されたため評価を低くし0.2とした。
86.0,Train11,巡航フェーズ（駅間走行中）,力行（加速）中,9.0,ブレーキ（減速）,6.0,70.0,70.0,45.77,70.0,1101.8,17.0,110.58116395189427,0.0,0.0,この先制限速度なし,111m先に上り勾配12.5‰あり,前方385.9m先を63.4km/h,後続列車なし,10.0,127.0,未発車,25.0,37.8,anti_mid_stop,0.2,先行列車が塞いでいる駅間停車防止モードで、現在速度が target_speed_no_stop+5km/h を超えて加速しており機外停車リスクがあるため減点し0.2とした。
53.0,Train11,巡航フェーズ（駅間走行中）,力行（加速）中,30.0,ブレーキ（減速）,6.0,70.0,70.0,56.02,70.0,1686.8,15.0,180.75239542433914,0.0,-6.7,この先制限速度なし,この先目立った勾配なし,前方393.6m先を62.9km/h,後続列車なし,10.0,145.0,未発車,25.0,33.6,anti_mid_stop,0.2,先行が塞いで駅間停車防止モードであり、target_speed_no_stop 33.6km/h を大幅に上回る56km/h の力行は機外停車リスクを増大させるため減点し、reward 0.2とする。
85.0,Train11,巡航フェーズ（駅間走行中）,力行（加速）中,9.0,惰行,6.0,70.0,70.0,54.54,70.0,1237.3,17.0,156.18076153277678,0.0,0.0,この先制限速度なし,247m先に上り勾配12.5‰あり,前方503.9m先を62.9km/h,後続列車なし,10.0,113.0,未発車,25.0,45.2,anti_mid_stop,0.3,先行列車が塞いでいる駅間停車防止モードで、target_speed_no_stop 45.2km/h を9km/h上回る力行は過剰加速とみなされ減点対象となった。
135.0,Train11,巡航フェーズ（駅間走行中）,力行（加速）中,16.0,ブレーキ（減速）,6.0,70.0,70.0,49.12,70.0,432.1,26.0,117.51617566135819,0.0,6.1,この先制限速度なし,242m先に上り勾配9.2‰あり,前方378.8m先を22.3km/h,後続列車なし,10.0,78.0,未発車,25.0,32.0,anti_mid_stop,0.2,先行が塞ぎ駅間停車防止モードで、target_speed_no_stop 32km/h を超える49.1km/h の力行は過加速とみなされ、rewardを0.2とした。
170.0,Train11,巡航フェーズ（駅間走行中）,力行（加速）中,34.0,ブレーキ（減速）,6.0,70.0,70.0,50.85,70.0,445.5,8.0,125.8171658478526,0.0,6.1,この先制限速度なし,255m先に上り勾配9.2‰あり,前方445.9m先を0.0km/h,後続列車なし,10.0,43.0,未発車,25.0,38.7,anti_mid_stop,0.2,先行列車が塞いでいる駅間停車防止モードで、現在速度がtarget_speed_no_stop＋5km/hを超えて力行しているため過剰加速と判断し減点した。
112.0,Train11,巡航フェーズ（駅間走行中）,力行（加速）中,2.0,惰行,6.0,70.0,70.0,53.39,70.0,725.3,25.0,149.7738862243544,0.0,0.0,この先制限速度なし,135m先に上り勾配6.1‰あり,前方437.5m先を50.4km/h,後続列車なし,10.0,101.0,未発車,25.0,29.8,anti_mid_stop,0.2,先行列車が塞いでいる駅間停車防止モードで、現在速度が target_speed_no_stop(29.8km/h) を約23km/h上回り過剰加速している上、惰行から2秒で力行への不合理な切替がノコギリ運転と判定されたため減点し、rewardは0.2とした。
83.0,Train11,巡航フェーズ（駅間走行中）,力行（加速）中,1.0,惰行,6.0,70.0,70.0,67.91,70.0,1020.8,35.0,239.90667025968656,0.0,0.0,この先制限速度なし,30m先に上り勾配12.5‰あり,前方512.0m先を60.5km/h,後続列車なし,10.0,100.0,未発車,40.0,41.2,anti_mid_stop,0.2,先行列車が塞いでいる駅間停車防止モードで、target_speed_no_stop 41.2km/h を大幅に超える加速とノコギリ運転があり安全・エネルギー効率が低下したため0.2とした。
131.0,Train11,巡航フェーズ（駅間走行中）,力行（加速）中,12.0,ブレーキ（減速）,6.0,70.0,70.0,46.79,70.0,485.4,26.0,106.7682204225776,0.0,6.1,この先制限速度なし,295m先に上り勾配9.2‰あり,前方404.4m先を27.6km/h,後続列車なし,10.0,82.0,未発車,25.0,34.1,anti_mid_stop,0.2,先行列車が塞いでいる駅間停車防止モードで、現在速度46.8km/hがtarget_speed_no_stop34.1km/hを12.7km/h上回る過剰加速のため減点し、rewardは0.2とした。
124.0,Train11,巡航フェーズ（駅間走行中）,力行（加速）中,38.0,惰行,6.0,70.0,70.0,63.43,70.0,599.9,33.0,209.97895734701467,0.0,0.0,この先制限速度なし,9m先に上り勾配6.1‰あり,前方519.0m先を27.6km/h,後続列車なし,10.0,67.0,未発車,32.0,32.5,anti_mid_stop,0.1,先行列車が塞いでいる駅間停車防止モードで、現在速度が target_speed_no_stop(32.5km/h) を大幅に上回り過剰加速しているため減点し、reward 0.1とする。
42.0,Train11,巡航フェーズ（駅間走行中）,力行（加速）中,5.0,惰行,6.0,70.0,70.0,53.54,70.0,1756.1,30.0,165.39273632847858,0.0,-6.7,この先制限速度なし,この先目立った勾配なし,前方533.1m先を63.5km/h,後続列車なし,10.0,141.0,未発車,40.0,37.4,anti_mid_stop,0.2,先行が塞いで駅間停車防止モードとなり、target_speed_no_stop(37.4km/h)を超える力行とノコギリ運転が判定され、機外停車リスクがあるため低評価。
87.0,Train11,巡航フェーズ（駅間走行中）,力行（加速）中,1.0,惰行,6.0,70.0,70.0,66.78,70.0,1093.0,26.0,232.1826058457596,0.0,0.0,この先制限速度なし,103m先に上り勾配12.5‰あり,前方516.1m先を61.5km/h,後続列車なし,10.0,119.0,未発車,32.0,38.9,anti_mid_stop,0.2,先行列車が塞いでいる駅間停車防止モードで、target_speed_no_stop 38.9km/h を大幅に超える力行とノコギリ運転が判定され、上限超過により低評価となった。
122.0,Train11,巡航フェーズ（駅間走行中）,力行（加速）中,3.0,ブレーキ（減速）,6.0,70.0,70.0,40.8,70.0,595.3,26.0,88.11325047068935,0.0,0.0,この先制限速度なし,5m先に上り勾配6.1‰あり,前方430.6m先を39.5km/h,後続列車なし,10.0,91.0,未発車,25.0,26.7,anti_mid_stop,0.2,先行列車が塞いでいる駅間停車防止モードで、target_speed_no_stop 26.7km/h を超える力行と、保持時間が7秒未満のノコギリ運転が判定されたため減点。
158.0,Train11,巡航フェーズ（駅間走行中）,力行（加速）中,22.0,ブレーキ（減速）,6.0,70.0,70.0,43.51,70.0,603.5,20.0,100.05855939469356,0.0,0.0,この先制限速度なし,13m先に上り勾配6.1‰あり,前方603.9m先を0.0km/h,後続列車なし,10.0,55.0,未発車,25.0,38.3,anti_mid_stop,0.7,先行列車が塞いで駅間停車防止モード。現在速度が target_speed_no_stop を5km/h超えて力行しているため減点。
59.0,Train11,巡航フェーズ（駅間走行中）,力行（加速）中,18.0,ブレーキ（減速）,6.0,70.0,70.0,46.58,70.0,1673.7,30.0,125.77046666151652,0.0,-6.7,この先制限速度なし,この先目立った勾配なし,前方748.5m先を62.6km/h,後続列車なし,10.0,139.0,未発車,40.0,34.9,anti_mid_stop,0.2,先行列車が塞いでいる駅間停車防止モードで、現在速度が target_speed_no_stop(34.9km/h) を5km/h以上上回り過剰加速して機外停車リスクがあるため減点し0.2とした。
65.0,Train11,巡航フェーズ（駅間走行中）,力行（加速）中,10.0,惰行,6.0,70.0,70.0,67.63,70.0,1338.4,31.0,237.98177900964967,0.0,0.0,この先制限速度なし,348m先に上り勾配12.5‰あり,前方517.7m先を62.5km/h,後続列車なし,10.0,133.0,未発車,40.0,43.9,anti_mid_stop,0.1,先行が塞いで駅間停車防止モード。target_speed_no_stopを大幅に超える力行は機外停車リスクがあるため減点し0.1とする。
45.0,Train11,巡航フェーズ（駅間走行中）,力行（加速）中,12.0,惰行,6.0,70.0,70.0,50.98,70.0,1785.4,30.0,150.21825316849146,0.0,-6.7,この先制限速度なし,この先目立った勾配なし,前方615.0m先を62.8km/h,後続列車なし,10.0,138.0,未発車,40.0,39.5,anti_mid_stop,0.2,先行列車が塞ぎ駅間停車防止モードで、target_speed_no_stop 39.5km/h を 11.5km/h 超える力行は機外停車リスクがあるため減点し、rewardを0.2とした。
49.0,Train11,巡航フェーズ（駅間走行中）,力行（加速）中,50.0,ブレーキ（減速）,30.0,70.0,70.0,64.02,70.0,1626.3,30.0,213.81365263137712,0.0,0.0,この先制限速度なし,この先目立った勾配なし,前方526.1m先を63.4km/h,後続列車なし,10.0,149.0,未発車,40.0,48.8,anti_mid_stop,0.2,先行が塞いで駅間停車防止モード。target_speed_no_stopを超える力行は機外停車リスクがあるため減点し、rewardを0.2とした。
67.0,Train11,巡航フェーズ（駅間走行中）,力行（加速）中,30.0,ブレーキ（減速）,6.0,70.0,70.0,53.78,70.0,1655.7,15.0,166.8508893503346,0.0,-6.7,この先制限速度なし,この先目立った勾配なし,前方608.2m先を63.5km/h,後続列車なし,10.0,146.0,未発車,25.0,32.4,anti_mid_stop,0.2,先行列車が塞いでいる駅間停車防止モードで、現在速度が target_speed_no_stop(32.4km/h) を5km/h以上超えて加速しているため過剰加速と判断し減点した。
98.0,Train11,巡航フェーズ（駅間走行中）,力行（加速）中,2.0,惰行,6.0,70.0,70.0,65.61,70.0,724.3,40.0,224.30941366382515,0.0,0.0,この先制限速度なし,134m先に上り勾配6.1‰あり,前方450.4m先を49.1km/h,後続列車なし,10.0,100.0,未発車,40.0,29.8,anti_mid_stop,0.1,先行が塞いで駅間停車防止モードなのに、target_speed_no_stop 29.8km/h を大幅に超えて力行し、ノコギリ運転も発生しているため大幅減点し0.1とした。
123.0,Train11,巡航フェーズ（駅間走行中）,力行（加速）中,9.0,ブレーキ（減速）,6.0,70.0,70.0,43.38,70.0,564.9,33.0,91.93835029566941,0.0,6.1,この先制限速度なし,374m先に上り勾配9.2‰あり,前方476.1m先を28.9km/h,後続列車なし,10.0,83.0,未発車,32.0,37.3,anti_mid_stop,0.2,駅間停車防止モードで target_speed_no_stop(37.3km/h) を超えて力行し、機外停車リスクがあるため減点し0.2とした。
39.0,Train11,巡航フェーズ（駅間走行中）,力行（加速）中,1.0,惰行,6.0,70.0,63.5,49.9,70.0,1805.0,15.0,134.90667321701875,0.0,-2.1,この先制限速度なし,15m先に下り勾配6.7‰あり,前方266.2m先を62.9km/h,後続列車なし,10.0,174.0,未発車,25.0,42.0,anti_mid_stop,0.3,先行が塞いで駅間停車防止モード。target_speed_no_stop を超える力行と惰行→力行の短時間切替があり、過剰加速とノコギリ運転で減点し0.3とした。
45.0,Train11,巡航フェーズ（駅間走行中）,力行（加速）中,8.0,惰行,6.0,70.0,70.0,56.28,70.0,1710.4,30.0,182.40002463142392,0.0,-6.7,この先制限速度なし,この先目立った勾配なし,前方540.0m先を62.8km/h,後続列車なし,10.0,138.0,未発車,40.0,37.1,anti_mid_stop,0.1,先行列車が塞いでいる駅間停車防止モードで、現在速度が target_speed_no_stop を大幅に上回り過剰加速となっている。
171.0,Train11,巡航フェーズ（駅間走行中）,力行（加速）中,35.0,ブレーキ（減速）,6.0,70.0,70.0,51.38,70.0,431.3,7.0,128.41470571496225,0.0,6.1,この先制限速度なし,241m先に上り勾配9.2‰あり,前方431.7m先を0.0km/h,後続列車なし,10.0,42.0,未発車,25.0,38.4,anti_mid_stop,0.1,先行列車が停車中でtarget_speed_no_stop 38.4km/h を超える51.4km/h の力行は機外停車リスクとエネルギー浪費を招くため減点し、rewardを0.1とした。
95.0,Train11,巡航フェーズ（駅間走行中）,力行（加速）中,9.0,惰行,6.0,70.0,70.0,50.41,70.0,1056.9,29.0,133.7691532404748,0.0,0.0,この先制限速度なし,66m先に上り勾配12.5‰あり,前方614.5m先を58.9km/h,後続列車なし,10.0,96.0,未発車,32.0,43.6,anti_mid_stop,0.4,先行列車が塞いでいるため駅間停車防止モード。target_speed_no_stop 43.6km/h を超えて50.4km/hで力行しており、過加速は機外停車リスクを増大させるため減点し0.4とする。
147.0,Train11,巡航フェーズ（駅間走行中）,力行（加速）中,22.0,惰行,6.0,70.0,70.0,54.36,70.0,520.3,31.0,143.49291317830517,0.0,6.1,この先制限速度なし,330m先に上り勾配9.2‰あり,前方520.7m先を0.0km/h,後続列車なし,10.0,51.0,未発車,40.0,40.7,anti_mid_stop,0.2,先行列車が塞いで駅間停車防止モード。現在速度が target_speed_no_stop を大幅に上回り過剰加速しているため減点し、reward 0.2とする。
59.0,Train11,巡航フェーズ（駅間走行中）,力行（加速）中,22.0,惰行,6.0,70.0,70.0,65.25,70.0,1472.0,30.0,221.91242050644277,0.0,0.0,この先制限速度なし,481m先に上り勾配12.5‰あり,前方546.7m先を62.6km/h,後続列車なし,10.0,124.0,未発車,40.0,50.4,anti_mid_stop,0.2,先行列車が塞いでいる駅間停車防止モードで、target_speed_no_stop 50.4km/h を超える65.2km/h の力行は過加速で機外停車リスクがあるため減点し0.2とした。
126.0,Train11,巡航フェーズ（駅間走行中）,力行（加速）中,7.0,ブレーキ（減速）,6.0,70.0,70.0,43.65,70.0,548.3,26.0,93.07339201388038,0.0,6.1,この先制限速度なし,358m先に上り勾配9.2‰あり,前方424.5m先を34.1km/h,後続列車なし,10.0,87.0,未発車,25.0,36.5,anti_mid_stop,0.2,駅間停車防止モードでtarget_speed_no_stopを5km/h超えて力行しており、機外停車リスクと遅延リスクがあるため減点。
49.0,Train11,巡航フェーズ（駅間走行中）,力行（加速）中,26.0,ブレーキ（減速）,6.0,70.0,70.0,52.31,70.0,1747.1,15.0,158.01519113788478,0.0,-6.7,この先制限速度なし,この先目立った勾配なし,前方383.6m先を63.0km/h,後続列車なし,10.0,149.0,未発車,25.0,33.5,anti_mid_stop,0.1,先行列車が塞いでいるため駅間停車防止モードで、速度がtarget_speed_no_stop 33.5km/hを大幅に上回る力行は機外停車リスクを招くため大幅減点し0.1とした。
114.0,Train11,巡航フェーズ（駅間走行中）,力行（加速）中,28.0,惰行,6.0,70.0,70.0,57.64,70.0,768.3,33.0,174.08597952674253,0.0,0.0,この先制限速度なし,178m先に上り勾配6.1‰あり,前方592.6m先を40.0km/h,後続列車なし,10.0,77.0,未発車,32.0,37.6,anti_mid_stop,0.2,先行列車が塞いでいるため駅間停車防止モード。target_speed_no_stop 37.6km/h を超えて57.6km/h の力行は過剰加速で機外停車リスクがあり減点し0.2とする。
40.0,Train11,巡航フェーズ（駅間走行中）,力行（加速）中,41.0,ブレーキ（減速）,30.0,70.0,70.0,56.87,70.0,1777.9,30.0,186.16505544331773,0.0,-6.7,この先制限速度なし,この先目立った勾配なし,前方519.8m先を63.2km/h,後続列車なし,10.0,158.0,未発車,40.0,31.4,anti_mid_stop,0.1,先行が塞いで駅間停車防止モード。現在速度が target_speed_no_stop を大幅に上回り過剰加速となっているため減点し、reward 0.1とする。
97.0,Train11,巡航フェーズ（駅間走行中）,力行（加速）中,1.0,惰行,6.0,70.0,70.0,65.11,70.0,742.5,40.0,220.98350765050938,0.0,0.0,この先制限速度なし,152m先に上り勾配6.1‰あり,前方454.7m先を50.4km/h,後続列車なし,10.0,101.0,未発車,40.0,30.5,anti_mid_stop,0.1,先行列車が塞いでいる駅間停車防止モードで、target_speed_no_stop 30.5km/h を大幅に超える力行と、短時間切替のノコギリ運転が判定され、過加速で大幅減点し0.1とした。
104.0,Train11,巡航フェーズ（駅間走行中）,力行（加速）中,19.0,ブレーキ（減速）,6.0,70.0,70.0,55.57,70.0,1130.8,22.0,162.0274815314332,0.0,0.0,この先制限速度なし,140m先に上り勾配12.5‰あり,前方720.8m先を58.0km/h,後続列車なし,10.0,109.0,未発車,25.0,42.6,anti_mid_stop,0.2,先行列車が塞いで駅間停車防止モードで、現在速度55.6km/hが target_speed_no_stop42.6km/h＋5km/h を超えており、機外停車リスクがあるため減点し0.2とした。
80.0,Train11,巡航フェーズ（駅間走行中）,力行（加速）中,11.0,惰行,6.0,70.0,70.0,67.76,70.0,1224.4,25.0,238.87458139134839,0.0,0.0,この先制限速度なし,234m先に上り勾配12.5‰あり,前方526.2m先を63.2km/h,後続列車なし,10.0,126.0,未発車,32.0,41.9,anti_mid_stop,0.1,先行列車が塞いでいる駅間停車防止モードで、現在速度が target_speed_no_stop(41.9km/h) を大幅に上回り力行しているため機外停車リスクが高く、評価を大きく減点し0.1とした。
145.0,Train11,巡航フェーズ（駅間走行中）,力行（加速）中,20.0,惰行,6.0,70.0,70.0,53.4,70.0,550.3,33.0,138.54800108649556,0.0,6.1,この先制限速度なし,360m先に上り勾配9.2‰あり,前方550.6m先を0.0km/h,後続列車なし,10.0,53.0,未発車,40.0,41.9,anti_mid_stop,0.2,先行が塞ぎ機外停車防止モードで、target_speed_no_stop 41.9km/h を超える53.4km/h の力行は過加速とみなされ減点し、reward 0.2 とした。
125.0,Train11,巡航フェーズ（駅間走行中）,力行（加速）中,39.0,惰行,6.0,70.0,70.0,63.86,70.0,582.3,33.0,196.85329947014233,0.0,6.1,この先制限速度なし,392m先に上り勾配9.2‰あり,前方508.8m先を26.2km/h,後続列車なし,10.0,66.0,未発車,32.0,40.2,anti_mid_stop,0.2,先行列車が塞いでいる駅間停車防止モードで、現在速度が target_speed_no_stop を大幅に上回る力行となり機外停車リスクがあるため減点し0.2とした。
103.0,Train11,巡航フェーズ（駅間走行中）,力行（加速）中,18.0,ブレーキ（減速）,6.0,70.0,70.0,54.9,70.0,1146.1,22.0,158.2126516774748,0.0,0.0,この先制限速度なし,156m先に上り勾配12.5‰あり,前方719.9m先を58.4km/h,後続列車なし,10.0,110.0,未発車,25.0,42.9,anti_mid_stop,0.2,先行列車が塞いでいるため駅間停車防止モードとなり、target_speed_no_stop(42.9km/h) を超えて力行し続けている点が機外停車リスクとなり減点対象となった。
136.0,Train11,巡航フェーズ（駅間走行中）,力行（加速）中,11.0,惰行,6.0,70.0,70.0,47.21,70.0,676.7,42.0,117.55026953361515,0.0,0.0,この先制限速度なし,86m先に上り勾配6.1‰あり,前方676.8m先を1.8km/h,後続列車なし,10.0,62.0,未発車,40.0,39.0,anti_mid_stop,0.2,先行列車が塞いでいるため駅間停車防止モードと判定し、target_speed_no_stop 39km/h を8km/h 超える力行を続けている点が過剰加速とみなされ減点した。
144.0,Train11,巡航フェーズ（駅間走行中）,力行（加速）中,19.0,惰行,6.0,70.0,70.0,52.9,70.0,565.0,34.0,136.00541610679238,0.0,6.1,この先制限速度なし,375m先に上り勾配9.2‰あり,前方565.4m先を0.0km/h,後続列車なし,10.0,54.0,未発車,40.0,42.4,anti_mid_stop,0.2,先行列車が停車しているため駅間停車防止モードと判定し、target_speed_no_stop 42.4km/h を超える52.9km/h の力行は過加速で機外停車リスクがあるため減点し0.2とした。
133.0,Train11,巡航フェーズ（駅間走行中）,力行（加速）中,7.0,惰行,6.0,70.0,70.0,64.65,70.0,405.6,26.0,201.64834489383995,0.0,6.1,この先制限速度なし,215m先に上り勾配9.2‰あり,前方339.2m先を24.9km/h,後続列車なし,10.0,65.0,未発車,25.0,31.6,anti_mid_stop,0.1,先行が塞いでいる駅間停車防止モードで、target_speed_no_stop 31.6km/h を大幅に上回る力行を続け、間隔縮小とエネルギー浪費が顕著なため低評価とした。
44.0,Train11,巡航フェーズ（駅間走行中）,力行（加速）中,6.0,惰行,6.0,70.0,63.6,54.53,70.0,1732.5,15.0,171.4467265788867,0.0,-6.7,この先制限速度なし,この先目立った勾配なし,前方281.4m先を63.3km/h,後続列車なし,10.0,169.0,未発車,25.0,25.4,anti_mid_stop,0.1,先行列車が塞いでいる駅間停車防止モードで、target_speed_no_stop 25.4km/h を大幅に超える力行とノコギリ運転が判定され、機外停車リスクとエネルギー浪費があるため低評価。
75.0,Train11,巡航フェーズ（駅間走行中）,力行（加速）中,6.0,惰行,6.0,70.0,70.0,65.39,70.0,1316.9,23.0,222.84315449644023,0.0,0.0,この先制限速度なし,326m先に上り勾配12.5‰あり,前方531.0m先を62.8km/h,後続列車なし,10.0,131.0,未発車,32.0,43.4,anti_mid_stop,0.1,先行が塞いでいる駅間停車防止モードでtarget_speed_no_stop 43.4km/h を大幅に上回る65.4km/hの力行と、ノコギリ運転が判定されたため大幅減点し0.1とした。
117.0,Train11,巡航フェーズ（駅間走行中）,力行（加速）中,2.0,惰行,6.0,70.0,70.0,63.02,70.0,689.8,26.0,207.33334399834456,0.0,0.0,この先制限速度なし,99m先に上り勾配6.1‰あり,前方467.7m先を44.2km/h,後続列車なし,10.0,81.0,未発車,25.0,32.9,anti_mid_stop,0.1,先行列車が塞いでいる駅間停車防止モードで、target_speed_no_stop 32.9km/h を大幅に超える力行と、2秒未満の短時間切替がノコギリ運転と判定されたため低評価。
41.0,Train11,巡航フェーズ（駅間走行中）,力行（加速）中,4.0,惰行,6.0,70.0,70.0,52.59,70.0,1770.9,30.0,159.68056455964637,0.0,-6.7,この先制限速度なし,この先目立った勾配なし,前方530.3m先を62.9km/h,後続列車なし,10.0,142.0,未発車,40.0,37.3,anti_mid_stop,0.2,先行列車が塞いで駅間停車防止モードで、target_speed_no_stop 37.3km/h を超える52.6km/h の力行とノコギリ運転が判定されたため減点し0.2とする。
90.0,Train11,巡航フェーズ（駅間走行中）,力行（加速）中,12.0,惰行,6.0,70.0,70.0,67.99,70.0,871.7,37.0,206.36616662148296,0.0,12.5,この先制限速度なし,この先目立った勾配なし,前方477.8m先を57.6km/h,後続列車なし,10.0,108.0,未発車,40.0,61.3,anti_mid_stop,0.3,先行列車が塞いでいるためtarget_speed_no_stopを超える力行は機外停車リスクを招き、加速が過剰で間隔も縮小しエネルギー無駄となるため減点し0.3とする。
96.0,Train11,巡航フェーズ（駅間走行中）,力行（加速）中,18.0,惰行,6.0,70.0,70.0,63.69,70.0,1036.8,39.0,211.66481371447844,0.0,0.0,この先制限速度なし,46m先に上り勾配12.5‰あり,前方734.8m先を51.7km/h,後続列車なし,10.0,87.0,未発車,40.0,46.3,anti_mid_stop,0.2,先行列車が前方に塞いでいるため駅間停車防止モードと判定し、target_speed_no_stop 46.3km/h を超える63.7km/h の力行は過剰加速とみなされ減点対象となった。
91.0,Train11,巡航フェーズ（駅間走行中）,力行（加速）中,5.0,惰行,6.0,70.0,70.0,68.6,70.0,1017.8,27.0,244.68091094593555,0.0,0.0,この先制限速度なし,27m先に上り勾配12.5‰あり,前方509.0m先を60.5km/h,後続列車なし,10.0,115.0,未発車,32.0,37.2,anti_mid_stop,0.1,先行列車が塞いでいる駅間停車防止モードで、target_speed_no_stop 37.2km/h を大幅に上回る68.6km/h の力行と、5秒未満の保持によるノコギリ運転が過加速と安全リスクを生じさせたため低評価とした。
132.0,Train11,巡航フェーズ（駅間走行中）,力行（加速）中,6.0,惰行,6.0,70.0,70.0,64.35,70.0,423.6,26.0,199.82104563475812,0.0,6.1,この先制限速度なし,233m先に上り勾配9.2‰あり,前方350.1m先を26.2km/h,後続列車なし,10.0,66.0,未発車,25.0,32.3,anti_mid_stop,0.1,先行列車が塞いでいる駅間停車防止モードで、target_speed_no_stop 32.3km/h を大幅に超える力行とノコギリ運転により機外停車リスクとエネルギー浪費が生じたため低評価。
57.0,Train11,巡航フェーズ（駅間走行中）,力行（加速）中,20.0,惰行,6.0,70.0,70.0,64.23,70.0,1508.0,30.0,215.18638933942702,0.0,0.0,この先制限速度なし,この先目立った勾配なし,前方548.0m先を62.4km/h,後続列車なし,10.0,126.0,未発車,40.0,51.0,anti_mid_stop,0.1,先行列車が塞いでいる駅間停車防止モードで、target_speed_no_stop 51km/h を超える64.2km/h の力行は過加速で機外停車リスクが高く、評価を大幅減点し0.1とした。
120.0,Train11,巡航フェーズ（駅間走行中）,力行（加速）中,34.0,惰行,6.0,70.0,70.0,61.23,70.0,669.2,33.0,195.9677918239888,0.0,0.0,この先制限速度なし,79m先に上り勾配6.1‰あり,前方554.7m先を32.8km/h,後続列車なし,10.0,71.0,未発車,32.0,35.0,anti_mid_stop,0.1,先行列車が塞いでいる駅間停車防止モードで、target_speed_no_stop 35km/h を大幅に超える61.2km/h の力行は過加速で間隔も危険、エネルギー無駄のため低評価とした。
48.0,Train11,巡航フェーズ（駅間走行中）,力行（加速）中,15.0,惰行,6.0,70.0,70.0,53.85,70.0,1741.7,30.0,167.27732788712575,0.0,-6.7,この先制限速度なし,この先目立った勾配なし,前方623.9m先を62.9km/h,後続列車なし,10.0,135.0,未発車,40.0,39.0,anti_mid_stop,0.2,先行列車が塞いでいるためtarget_speed_no_stop(39km/h)を超える力行は機外停車リスクを招く過剰加速と判断し、評価を大幅に減点した。
100.0,Train11,巡航フェーズ（駅間走行中）,力行（加速）中,7.0,惰行,6.0,70.0,70.0,53.87,70.0,1132.5,40.0,152.43250721787766,0.0,0.0,この先制限速度なし,142m先に上り勾配12.5‰あり,前方885.2m先を46.6km/h,後続列車なし,10.0,98.0,未発車,40.0,46.3,anti_mid_stop,0.2,先行列車が塞いでいるため駅間停車防止モード。現在速度が target_speed_no_stop を5km/h超えており過剰加速で機外停車リスクがあるため減点し、他は問題なし。
36.0,Train11,巡航フェーズ（駅間走行中）,力行（加速）中,37.0,ブレーキ（減速）,30.0,70.0,70.0,53.76,70.0,1839.3,22.0,156.19873599355563,0.0,-2.1,この先制限速度なし,49m先に下り勾配6.7‰あり,前方370.7m先を62.8km/h,後続列車なし,10.0,155.0,未発車,32.0,47.4,anti_mid_stop,0.3,先行列車が塞いでいる駅間停車防止モードで、target_speed_no_stop(47.4km/h)を超えて力行しており機外停車リスクがあるため減点し0.3とした。
48.0,Train11,巡航フェーズ（駅間走行中）,力行（加速）中,10.0,惰行,6.0,70.0,64.6,58.09,70.0,1669.9,15.0,194.06535075939615,0.0,-6.7,この先制限速度なし,この先目立った勾配なし,前方289.0m先を63.2km/h,後続列車なし,10.0,165.0,未発車,25.0,25.0,anti_mid_stop,0.1,先行列車が塞いでいるためanti_mid_stopモード。現在速度がtarget_speed_no_stop(25km/h)を大幅に上回る力行で機外停車リスクが高く、評価を大幅減点し0.1とした。
122.0,Train11,巡航フェーズ（駅間走行中）,力行（加速）中,8.0,ブレーキ（減速）,6.0,70.0,70.0,42.72,70.0,576.9,33.0,89.19226310022825,0.0,6.1,この先制限速度なし,386m先に上り勾配9.2‰あり,前方479.9m先を30.2km/h,後続列車なし,10.0,84.0,未発車,32.0,37.7,anti_mid_stop,0.8,先行列車が塞いでいる駅間停車防止モードで、現在速度は target_speed_no_stop の上限付近（+5km/h）であり、加速は許容範囲内で安全かつ省エネ的に適切。
64.0,Train11,巡航フェーズ（駅間走行中）,力行（加速）中,27.0,ブレーキ（減速）,6.0,70.0,70.0,50.9,70.0,1699.4,15.0,149.75525965715343,0.0,-6.7,この先制限速度なし,この先目立った勾配なし,前方599.1m先を63.4km/h,後続列車なし,10.0,149.0,未発車,25.0,32.2,anti_mid_stop,0.2,先行列車が塞いでいる駅間停車防止モードで、現在速度が target_speed_no_stop(32.2km/h) を 5km/h 超えて加速を続けているため過加速と判断し減点した。
74.0,Train11,巡航フェーズ（駅間走行中）,力行（加速）中,4.0,惰行,6.0,70.0,70.0,68.03,70.0,1192.4,33.0,240.7338312301914,0.0,0.0,この先制限速度なし,202m先に上り勾配12.5‰あり,前方529.2m先を62.7km/h,後続列車なし,10.0,109.0,未発車,40.0,45.1,anti_mid_stop,0.2,先行が塞いでいる駅間停車防止モードで、target_speed_no_stop 45.1km/h を超える68km/h の力行は過加速で機外停車リスクがあり、短時間切替によるノコギリ運転と間隔不適切が重なるため低評価とした。
113.0,Train11,巡航フェーズ（駅間走行中）,力行（加速）中,3.0,惰行,6.0,70.0,70.0,54.09,70.0,710.4,25.0,153.65849316940202,0.0,0.0,この先制限速度なし,120m先に上り勾配6.1‰あり,前方436.4m先を49.1km/h,後続列車なし,10.0,100.0,未発車,25.0,29.4,anti_mid_stop,0.2,先行列車が塞いでいる駅間停車防止モードで、現在速度が target_speed_no_stop を大幅に上回る力行と、短時間のノコギリ運転が評価を下げたため。
31.0,Train11,巡航フェーズ（駅間走行中）,力行（加速）中,17.0,惰行,1.0,70.0,59.0,48.85,70.0,1916.3,15.0,129.37330846563577,0.0,-2.1,この先制限速度なし,126m先に下り勾配6.7‰あり,前方237.5m先を61.9km/h,後続列車なし,10.0,182.0,未発車,25.0,42.9,anti_mid_stop,0.4,先行列車が塞いでいる駅間停車防止モードで、target_speed_no_stop 42.9km/h を超えて48.9km/h の力行は過剰加速とみなされ機外停車リスクがあるため減点し、reward 0.4とする。
128.0,Train11,巡航フェーズ（駅間走行中）,力行（加速）中,9.0,ブレーキ（減速）,6.0,70.0,70.0,44.93,70.0,523.6,26.0,98.5461458957674,0.0,6.1,この先制限速度なし,333m先に上り勾配9.2‰あり,前方418.1m先を31.5km/h,後続列車なし,10.0,85.0,未発車,25.0,35.6,anti_mid_stop,0.2,先行列車が塞いでいるため駅間停車防止モード。target_speed_no_stop 35.6km/h を超えて44.9km/h の力行は機外停車リスクを招くため減点し、最終rewardは0.2とした。
50.0,Train11,巡航フェーズ（駅間走行中）,力行（加速）中,27.0,ブレーキ（減速）,6.0,70.0,70.0,53.27,70.0,1732.4,15.0,163.75957808214164,0.0,-6.7,この先制限速度なし,この先目立った勾配なし,前方386.5m先を63.5km/h,後続列車なし,10.0,148.0,未発車,25.0,33.9,anti_mid_stop,0.2,先行列車が塞いでいる駅間停車防止モードで、target_speed_no_stop 33.9km/h を大幅に上回る53.3km/h の力行は過剰加速と判断し減点した。
97.0,Train11,巡航フェーズ（駅間走行中）,力行（加速）中,4.0,惰行,6.0,70.0,70.0,51.73,70.0,1176.5,40.0,140.7518119351244,0.0,0.0,この先制限速度なし,186m先に上り勾配12.5‰あり,前方888.7m先を50.4km/h,後続列車なし,10.0,101.0,未発車,40.0,46.7,anti_mid_stop,0.5,先行列車が塞いでいるため駅間停車防止モードで、target_speed_no_stopを超える加速は許容範囲だが、短時間の力行→惰行切替に合理的理由がなくノコギリ運転と判定し、reward上限0.5に抑えた。
58.0,Train11,巡航フェーズ（駅間走行中）,力行（加速）中,17.0,ブレーキ（減速）,6.0,70.0,70.0,45.51,70.0,1686.5,30.0,120.140187028931,0.0,-6.7,この先制限速度なし,この先目立った勾配なし,前方743.9m先を62.5km/h,後続列車なし,10.0,140.0,未発車,40.0,35.5,anti_mid_stop,0.2,先行が塞いで駅間停車防止モード。target_speed_no_stop 35.5km/h を超えて45.5km/h の力行は過加速で機外停車リスクがあるため減点し、rewardを0.2とした。
62.0,Train11,巡航フェーズ（駅間走行中）,力行（加速）中,25.0,ブレーキ（減速）,6.0,70.0,70.0,48.9,70.0,1727.1,15.0,138.40238832558873,0.0,-6.7,この先制限速度なし,この先目立った勾配なし,前方591.8m先を63.1km/h,後続列車なし,10.0,151.0,未発車,25.0,32.6,anti_mid_stop,0.2,先行が塞ぎ駅間停車防止モードで、target_speed_no_stop(32.6km/h)を超える48.9km/hの力行を続けているため減点し、reward 0.2とする。
130.0,Train11,巡航フェーズ（駅間走行中）,力行（加速）中,16.0,ブレーキ（減速）,6.0,70.0,70.0,47.74,70.0,476.3,33.0,111.09039232671722,0.0,6.1,この先制限速度なし,286m先に上り勾配9.2‰あり,前方434.7m先を19.7km/h,後続列車なし,10.0,76.0,未発車,32.0,34.0,anti_mid_stop,0.2,先行が塞いでいる駅間停車防止モードで、現在速度が target_speed_no_stop(34km/h) を5km/h 超えて力行しているため減点し、reward 0.2 とした。
120.0,Train11,巡航フェーズ（駅間走行中）,力行（加速）中,6.0,ブレーキ（減速）,6.0,70.0,70.0,41.14,70.0,600.2,33.0,89.57151921193619,0.0,0.0,この先制限速度なし,10m先に上り勾配6.1‰あり,前方485.7m先を32.8km/h,後続列車なし,10.0,86.0,未発車,32.0,27.7,anti_mid_stop,0.2,先行列車が塞いで駅間停車防止モード。current_speedがtarget_speed_no_stopを超過し、短時間のブレーキ→力行切替に合理性がなく、先行列車との間隔も縮小しているため減点し、上限0.5を下回る0.2とした。
45.0,Train11,巡航フェーズ（駅間走行中）,力行（加速）中,46.0,ブレーキ（減速）,30.0,70.0,70.0,61.08,70.0,1695.9,22.0,214.07899352927487,0.0,-6.7,この先制限速度なし,この先目立った勾配なし,前方385.3m先を63.1km/h,後続列車なし,10.0,146.0,未発車,32.0,33.5,anti_mid_stop,0.1,先行列車が塞いでいる駅間停車防止モードで、target_speed_no_stop 33.5km/h を大幅に上回る 61.1km/h の力行は過加速で機外停車リスクが高く、列車間隔も不足しているため低評価とした。
130.0,Train11,巡航フェーズ（駅間走行中）,力行（加速）中,44.0,惰行,6.0,70.0,70.0,65.33,70.0,492.5,33.0,205.81916845029733,0.0,6.1,この先制限速度なし,302m先に上り勾配9.2‰あり,前方450.9m先を19.7km/h,後続列車なし,10.0,61.0,未発車,32.0,36.6,anti_mid_stop,0.1,先行列車が塞いでいる駅間停車防止モードで、target_speed_no_stop 36.6km/h を大幅に超える力行は機外停車リスクとエネルギー浪費を招くため低評価とし0.1とした。
95.0,Train11,巡航フェーズ（駅間走行中）,力行（加速）中,17.0,惰行,6.0,70.0,70.0,63.16,70.0,1054.4,39.0,208.23495443617142,0.0,0.0,この先制限速度なし,64m先に上り勾配12.5‰あり,前方737.9m先を52.9km/h,後続列車なし,10.0,88.0,未発車,40.0,46.3,anti_mid_stop,0.2,先行列車が塞いでいるため駅間停車防止モードで、現在速度がtarget_speed_no_stop＋5km/hを超えて力行しており機外停車リスクがあるため減点。
97.0,Train11,巡航フェーズ（駅間走行中）,力行（加速）中,19.0,惰行,6.0,70.0,70.0,64.21,70.0,1019.0,40.0,215.05547522817923,0.0,0.0,この先制限速度なし,29m先に上り勾配12.5‰あり,前方731.2m先を50.4km/h,後続列車なし,10.0,86.0,未発車,40.0,46.0,anti_mid_stop,0.1,先行列車が塞いでいるanti_mid_stopモードで、target_speed_no_stop46km/hを大きく超える力行は機外停車リスクを招くため大幅減点し0.1とした。
77.0,Train11,巡航フェーズ（駅間走行中）,力行（加速）中,8.0,惰行,6.0,70.0,70.0,66.36,70.0,1280.3,24.0,229.3417534647866,0.0,0.0,この先制限速度なし,290m先に上り勾配12.5‰あり,前方529.4m先を63.1km/h,後続列車なし,10.0,129.0,未発車,32.0,43.0,anti_mid_stop,0.2,先行列車が塞いでいるため駅間停車防止モードで、target_speed_no_stop 43km/h を大幅に上回る66.4km/h の力行は過加速で機外停車リスクが高く、評価を大きく減点した。
47.0,Train11,巡航フェーズ（駅間走行中）,力行（加速）中,48.0,ブレーキ（減速）,30.0,70.0,70.0,62.67,70.0,1661.6,22.0,225.09573434745053,0.0,-6.7,この先制限速度なし,この先目立った勾配なし,前方385.9m先を63.4km/h,後続列車なし,10.0,144.0,未発車,32.0,32.7,anti_mid_stop,0.2,先行が塞ぎ駅間停車防止モードで、target_speed_no_stop(32.7km/h)を大幅に超える力行(62.7km/h)は機外停車リスクを高めるため減点し0.2とする。
120.0,Train11,巡航フェーズ（駅間走行中）,力行（加速）中,5.0,惰行,6.0,70.0,70.0,64.59,70.0,636.7,26.0,217.5492206575098,0.0,0.0,この先制限速度なし,46m先に上り勾配6.1‰あり,前方449.8m先を40.4km/h,後続列車なし,10.0,78.0,未発車,25.0,31.1,anti_mid_stop,0.1,先行が塞いで駅間停車防止モード。現在速度がtarget_speed_no_stop 31.1km/hを大幅に上回り力行しているため過加速とみなされ、ノコギリ運転でもあるため低評価となる。
64.0,Train11,巡航フェーズ（駅間走行中）,力行（加速）中,27.0,惰行,6.0,70.0,70.0,67.63,70.0,1379.7,31.0,237.98177900964967,0.0,0.0,この先制限速度なし,389m先に上り勾配12.5‰あり,前方541.7m先を62.4km/h,後続列車なし,10.0,119.0,未発車,40.0,48.7,anti_mid_stop,0.2,先行列車が塞いでいる駅間停車防止モードで、target_speed_no_stop 48.7km/h を大幅に超える力行を続け機外停車リスクが高く減点した。
111.0,Train11,巡航フェーズ（駅間走行中）,力行（加速）中,4.0,ブレーキ（減速）,5.0,70.0,70.0,50.56,70.0,789.2,41.0,134.55406685737492,0.0,0.0,この先制限速度なし,199m先に上り勾配6.1‰あり,前方665.4m先を34.1km/h,後続列車なし,10.0,72.0,未発車,40.0,40.7,anti_mid_stop,0.2,駅間停車防止モードでtarget_speed_no_stop 40.7km/h を超える力行と、ブレーキ→力行の短時間切替が合理的理由なく行われたため減点し、reward 0.2とした。
45.0,Train11,巡航フェーズ（駅間走行中）,力行（加速）中,46.0,ブレーキ（減速）,30.0,70.0,70.0,61.08,70.0,1695.9,30.0,214.07899352927487,0.0,-6.7,この先制限速度なし,この先目立った勾配なし,前方525.5m先を62.8km/h,後続列車なし,10.0,153.0,未発車,40.0,30.8,anti_mid_stop,0.2,先行列車が塞いでいる駅間停車防止モードで、target_speed_no_stop 30.8km/h を大幅に超える力行を続けている点が減点要因。
88.0,Train11,巡航フェーズ（駅間走行中）,力行（加速）中,10.0,惰行,6.0,70.0,70.0,67.98,70.0,909.5,37.0,206.30678339701203,0.0,12.5,この先制限速度なし,この先目立った勾配なし,前方483.3m先を58.4km/h,後続列車なし,10.0,110.0,未発車,40.0,62.7,anti_mid_stop,0.4,先行列車が塞いでいる駅間停車防止モードで、速度がtarget_speed_no_stop(62.7km/h)を超えて加速し機外停車リスクと間隔過密が生じるため減点し0.4とする。
135.0,Train11,巡航フェーズ（駅間走行中）,力行（加速）中,10.0,惰行,6.0,70.0,70.0,46.39,70.0,689.7,42.0,113.55658810201469,0.0,0.0,この先制限速度なし,99m先に上り勾配6.1‰あり,前方689.1m先を3.0km/h,後続列車なし,10.0,63.0,未発車,40.0,39.4,anti_mid_stop,0.2,先行列車が塞いでいるため駅間停車防止モード。target_speed_no_stop 39.4km/h を超えて46.4km/h の力行は過剰加速で機外停車リスクがあり、評価を低くし0.2とした。
38.0,Train11,巡航フェーズ（駅間走行中）,力行（加速）中,39.0,ブレーキ（減速）,30.0,70.0,70.0,55.28,70.0,1809.0,22.0,164.99036638750835,0.0,-2.1,この先制限速度なし,19m先に下り勾配6.7‰あり,前方375.5m先を63.1km/h,後続列車なし,10.0,153.0,未発車,32.0,47.2,anti_mid_stop,0.2,先行が塞いで駅間停車防止モード。現在速度がtarget_speed_no_stop＋5km/hを超えて力行し機外停車リスクがあるため減点し0.2とした。
46.0,Train11,巡航フェーズ（駅間走行中）,力行（加速）中,27.0,ブレーキ（減速）,6.0,70.0,70.0,50.6,70.0,1802.6,22.0,138.6572176161346,0.0,-2.1,この先制限速度なし,12m先に下り勾配6.7‰あり,前方509.4m先を62.9km/h,後続列車なし,10.0,160.0,未発車,32.0,44.9,anti_mid_stop,0.5,先行列車が塞いで駅間停車防止モードで、現在速度が target_speed_no_stop+5km/h を僅かに超えて力行しているため減点し、評価は中程度の0.5とする。
73.0,Train11,巡航フェーズ（駅間走行中）,力行（加速）中,4.0,惰行,6.0,70.0,70.0,64.38,70.0,1353.0,23.0,216.1694342140796,0.0,0.0,この先制限速度なし,362m先に上り勾配12.5‰あり,前方532.3m先を62.5km/h,後続列車なし,10.0,133.0,未発車,32.0,44.4,anti_mid_stop,0.2,先行列車が塞いでいる駅間停車防止モードで、target_speed_no_stop44.4km/hを20km/h上回る力行は機外停車リスクが高く、ノコギリ運転でもあるため低評価とし0.2とした。
89.0,Train11,巡航フェーズ（駅間走行中）,力行（加速）中,12.0,ブレーキ（減速）,6.0,70.0,70.0,48.21,70.0,1062.6,18.0,122.51047761459147,0.0,0.0,この先制限速度なし,72m先に上り勾配12.5‰あり,前方399.3m先を62.7km/h,後続列車なし,10.0,124.0,未発車,25.0,37.1,anti_mid_stop,0.3,先行列車が塞いで駅間停車防止モードのため、target_speed_no_stop 37.1km/h を超える48.2km/h の力行は過剰加速とみなされ減点した。
63.0,Train11,巡航フェーズ（駅間走行中）,力行（加速）中,26.0,惰行,6.0,70.0,70.0,67.17,70.0,1398.4,31.0,234.83513065513165,0.0,0.0,この先制限速度なし,408m先に上り勾配12.5‰あり,前方543.0m先を63.0km/h,後続列車なし,10.0,120.0,未発車,40.0,49.0,anti_mid_stop,0.1,先行が塞いでいるため駅間停車防止モード。現在速度がtarget_speed_no_stop(49km/h)を大きく上回り加速を続けているので機外停車リスクが高く、評価を大幅減点し0.1とした。
55.0,Train11,巡航フェーズ（駅間走行中）,力行（加速）中,36.0,ブレーキ（減速）,6.0,70.0,70.0,58.72,70.0,1665.9,22.0,198.20551053564623,0.0,-6.7,この先制限速度なし,この先目立った勾配なし,前方530.5m先を63.1km/h,後続列車なし,10.0,151.0,未発車,32.0,30.3,anti_mid_stop,0.2,先行が塞ぎ駅間停車防止モード。target_speed_no_stopを大幅に超える力行で機外停車リスクがあるため減点し0.2とする。
50.0,Train11,巡航フェーズ（駅間走行中）,力行（加速）中,31.0,ブレーキ（減速）,6.0,70.0,70.0,54.29,70.0,1744.4,22.0,169.96961740625002,0.0,-6.7,この先制限速度なし,この先目立った勾配なし,前方521.4m先を63.5km/h,後続列車なし,10.0,156.0,未発車,32.0,31.2,anti_mid_stop,0.1,先行列車が塞いでいる駅間停車防止モードで、target_speed_no_stop 31.2km/h を大幅に超える力行は機外停車リスクとエネルギー浪費を招くため減点し、rewardは0.1とする。
91.0,Train11,巡航フェーズ（駅間走行中）,力行（加速）中,13.0,惰行,6.0,70.0,70.0,60.95,70.0,1123.4,38.0,194.2172231012121,0.0,0.0,この先制限速度なし,133m先に上り勾配12.5‰あり,前方745.4m先を57.2km/h,後続列車なし,10.0,92.0,未発車,40.0,48.0,anti_mid_stop,0.2,先行が塞ぎ駅間停車防止モードで、target_speed_no_stop 48km/h を超える61km/hで力行しているため機外停車リスクがあり減点。
98.0,Train11,巡航フェーズ（駅間走行中）,力行（加速）中,13.0,ブレーキ（減速）,6.0,70.0,70.0,51.35,70.0,1219.9,20.0,138.72422358060754,0.0,0.0,この先制限速度なし,229m先に上り勾配12.5‰あり,前方711.2m先を60.5km/h,後続列車なし,10.0,115.0,未発車,25.0,44.3,anti_mid_stop,0.3,先行列車が塞いでいる駅間停車防止モードで、現在速度が target_speed_no_stop を5km/h超えて過剰加速となり機外停車リスクがあるため減点し0.3とする。
95.0,Train11,巡航フェーズ（駅間走行中）,力行（加速）中,19.0,惰行,6.0,70.0,70.0,60.82,70.0,1076.8,20.0,193.40697470264067,0.0,0.0,この先制限速度なし,86m先に上り勾配12.5‰あり,前方517.0m先を61.8km/h,後続列車なし,10.0,103.0,未発車,25.0,42.5,anti_mid_stop,0.2,先行列車が塞いでいるため駅間停車防止モードとなり、現在速度がtarget_speed_no_stop 42.5km/hを大幅に上回る力行となって機外停車リスクがあるため減点し0.2とした。
44.0,Train11,巡航フェーズ（駅間走行中）,力行（加速）中,45.0,ブレーキ（減速）,30.0,70.0,70.0,60.27,70.0,1712.8,30.0,208.56625464974854,0.0,-6.7,この先制限速度なし,この先目立った勾配なし,前方524.9m先を63.0km/h,後続列車なし,10.0,154.0,未発車,40.0,31.1,anti_mid_stop,0.1,先行列車が塞いでいる駅間停車防止モードで、現在速度が target_speed_no_stop を大幅に上回り過剰加速となり機外停車リスクがあるため減点し、reward 0.1 とした。
131.0,Train11,巡航フェーズ（駅間走行中）,力行（加速）中,45.0,惰行,6.0,70.0,70.0,65.6,70.0,474.3,33.0,207.48635555140416,0.0,6.1,この先制限速度なし,284m先に上り勾配9.2‰あり,前方438.0m先を18.4km/h,後続列車なし,10.0,60.0,未発車,32.0,35.7,anti_mid_stop,0.1,先行列車が塞いでいる駅間停車防止モードで、現在速度65.6km/hがtarget_speed_no_stop35.7km/hを大幅に上回る力行は過剰加速で機外停車リスクが高く、評価を大幅に減点した。
81.0,Train11,巡航フェーズ（駅間走行中）,力行（加速）中,5.0,惰行,6.0,70.0,70.0,51.7,70.0,1296.3,16.0,140.59122752696686,0.0,0.0,この先制限速度なし,306m先に上り勾配12.5‰あり,前方493.0m先を62.6km/h,後続列車なし,10.0,117.0,未発車,25.0,46.4,anti_mid_stop,0.3,先行列車が塞いでいるためtarget_speed_no_stopを超える加速と、惰行→力行の短時間切替がノコギリ運転と判定され、reward上限が低く抑えられた。
76.0,Train11,巡航フェーズ（駅間走行中）,力行（加速）中,6.0,惰行,6.0,70.0,70.0,68.92,70.0,1154.4,34.0,246.90987942084104,0.0,0.0,この先制限速度なし,164m先に上り勾配12.5‰あり,前方525.9m先を62.3km/h,後続列車なし,10.0,107.0,未発車,40.0,44.0,anti_mid_stop,0.2,先行列車が塞いでいる駅間停車防止モードで、target_speed_no_stop44km/hを超えて68.9km/hの力行を続け過加速し、かつノコギリ運転と判定されたため減点し0.2とした。
54.0,Train11,巡航フェーズ（駅間走行中）,力行（加速）中,17.0,惰行,6.0,70.0,70.0,62.65,70.0,1560.8,30.0,204.9593594593784,0.0,0.0,この先制限速度なし,この先目立った勾配なし,前方548.4m先を63.1km/h,後続列車なし,10.0,129.0,未発車,40.0,51.7,anti_mid_stop,0.2,先行が塞いで駅間停車防止モード。現在速度がtarget_speed_no_stop 51.7km/hを10.9km/h上回り力行しており、機外停車リスクとエネルギー浪費があるため減点し0.2とする。
42.0,Train11,巡航フェーズ（駅間走行中）,力行（加速）中,4.0,惰行,6.0,70.0,62.8,52.66,70.0,1762.3,15.0,160.09820497220593,0.0,-6.7,この先制限速度なし,この先目立った勾配なし,前方276.2m先を63.0km/h,後続列車なし,10.0,171.0,未発車,25.0,25.5,anti_mid_stop,0.2,先行が塞いで駅間停車防止モードであるにも関わらず、target_speed_no_stopを大幅に上回る力行とノコギリ運転が判定されたため低評価。
115.0,Train11,巡航フェーズ（駅間走行中）,力行（加速）中,1.0,ブレーキ（減速）,6.0,70.0,70.0,35.7,70.0,653.8,33.0,67.63988288921436,0.0,0.0,この先制限速度なし,63m先に上り勾配6.1‰あり,前方489.1m先を39.5km/h,後続列車なし,10.0,91.0,未発車,32.0,28.9,anti_mid_stop,0.2,先行が塞いで駅間停車防止モード。target_speed_no_stop(28.9km/h) を超える力行(35.7km/h)は機外停車リスクがあるため減点し0.2とした。
107.0,Train11,巡航フェーズ（駅間走行中）,力行（加速）中,3.0,惰行,6.0,70.0,70.0,65.37,70.0,560.9,41.0,206.06576044866034,0.0,6.1,この先制限速度なし,370m先に上り勾配9.2‰あり,前方396.2m先を39.5km/h,後続列車なし,10.0,91.0,未発車,40.0,36.8,anti_mid_stop,0.2,先行が塞ぎ駅間停車防止モードで、target_speed_no_stopを大幅に超える力行とノコギリ運転が判定され、機外停車リスクが高いため減点し0.2とする。
35.0,Train11,巡航フェーズ（駅間走行中）,力行（加速）中,36.0,ブレーキ（減速）,30.0,70.0,70.0,52.98,70.0,1854.2,30.0,151.77626602905448,0.0,-2.1,この先制限速度なし,64m先に下り勾配6.7‰あり,前方508.3m先を63.5km/h,後続列車なし,10.0,163.0,未発車,40.0,45.7,anti_mid_stop,0.3,先行列車が塞いでいる駅間停車防止モードで、現在速度が target_speed_no_stop(45.7km/h) を5km/h 超える 53km/h で加速しており過剰加速と判断し減点した。
119.0,Train11,巡航フェーズ（駅間走行中）,力行（加速）中,4.0,惰行,6.0,70.0,70.0,64.07,70.0,654.5,26.0,214.14012141722193,0.0,0.0,この先制限速度なし,64m先に上り勾配6.1‰あり,前方456.2m先を41.7km/h,後続列車なし,10.0,79.0,未発車,25.0,31.8,anti_mid_stop,0.1,先行が塞いで駅間停車防止モードで、target_speed_no_stop 31.8km/h を大幅に上回る力行と、7秒未満のノコギリ運転が判定されたため評価は0.1とした。
113.0,Train11,巡航フェーズ（駅間走行中）,力行（加速）中,6.0,ブレーキ（減速）,5.0,70.0,70.0,52.04,70.0,760.7,41.0,142.41631621097073,0.0,0.0,この先制限速度なし,170m先に上り勾配6.1‰あり,前方655.1m先を31.5km/h,後続列車なし,10.0,70.0,未発車,40.0,39.8,anti_mid_stop,0.2,先行が塞いで駅間停車防止モード。target_speed_no_stop 39.8km/h を超えて力行し、ブレーキ→力行の短時間切替でノコギリ運転となり、過加速と不適切な切替が減点要因。
46.0,Train11,巡航フェーズ（駅間走行中）,力行（加速）中,47.0,ブレーキ（減速）,30.0,70.0,70.0,61.88,70.0,1678.9,22.0,219.5897088907447,0.0,-6.7,この先制限速度なし,この先目立った勾配なし,前方385.7m先を62.9km/h,後続列車なし,10.0,145.0,未発車,32.0,33.4,anti_mid_stop,0.1,先行が塞ぎ駅間停車防止モードで、target_speed_no_stop 33.4km/h を大幅に上回る61.9km/hで力行して過加速と判定されるため減点。
114.0,Train11,巡航フェーズ（駅間走行中）,力行（加速）中,7.0,ブレーキ（減速）,5.0,70.0,70.0,52.76,70.0,746.2,41.0,146.31833089611087,0.0,0.0,この先制限速度なし,156m先に上り勾配6.1‰あり,前方649.2m先を30.2km/h,後続列車なし,10.0,69.0,未発車,40.0,39.8,anti_mid_stop,0.2,先行列車が塞いでいるため駅間停車防止モードで、現在速度が target_speed_no_stop(39.8km/h) を13km/h 超えて力行しており過剰加速と判断し減点した。
63.0,Train11,巡航フェーズ（駅間走行中）,力行（加速）中,44.0,ブレーキ（減速）,6.0,70.0,70.0,63.62,70.0,1529.5,22.0,211.21030750038665,0.0,0.0,この先制限速度なし,この先目立った勾配なし,前方534.5m先を62.9km/h,後続列車なし,10.0,143.0,未発車,32.0,47.5,anti_mid_stop,0.2,先行が塞ぎ駅間停車防止モードで、target_speed_no_stop(47.5km/h)を大幅に上回る力行(63.6km/h)は機外停車リスクがあるため減点し0.2とした。
50.0,Train11,巡航フェーズ（駅間走行中）,力行（加速）中,12.0,惰行,6.0,70.0,68.1,59.75,70.0,1637.2,15.0,186.7987169507678,0.0,0.0,この先制限速度なし,この先目立った勾配なし,前方291.3m先を63.5km/h,後続列車なし,10.0,163.0,未発車,25.0,46.6,anti_mid_stop,0.2,先行が塞いでいる駅間停車防止モードで、target_speed_no_stop 46.6km/h を13km/h上回る力行を続け機外停車リスクがあるため減点し0.2とした。
57.0,Train11,巡航フェーズ（駅間走行中）,力行（加速）中,38.0,ブレーキ（減速）,6.0,70.0,70.0,60.29,70.0,1632.8,22.0,190.12018279546172,0.0,0.0,この先制限速度なし,この先目立った勾配なし,前方532.5m先を63.4km/h,後続列車なし,10.0,149.0,未発車,32.0,49.1,anti_mid_stop,0.2,先行列車が塞いでいるため駅間停車防止モードで、target_speed_no_stop 49.1km/h を超えて約11km/h の力行を続けているため過加速と判断し減点した。
46.0,Train11,巡航フェーズ（駅間走行中）,力行（加速）中,13.0,惰行,6.0,70.0,70.0,51.96,70.0,1771.1,30.0,155.94515747532037,0.0,-6.7,この先制限速度なし,この先目立った勾配なし,前方618.2m先を63.3km/h,後続列車なし,10.0,137.0,未発車,40.0,39.5,anti_mid_stop,0.2,先行列車が塞いでいる駅間停車防止モードで、現在速度がtarget_speed_no_stop 39.5km/hを12.5km/h上回り過剰加速して機外停車リスクがあるため減点し0.2とした。
99.0,Train11,巡航フェーズ（駅間走行中）,力行（加速）中,13.0,惰行,6.0,70.0,70.0,53.34,70.0,999.3,30.0,149.4982297965283,0.0,0.0,この先制限速度なし,9m先に上り勾配12.5‰あり,前方621.3m先を57.2km/h,後続列車なし,10.0,92.0,未発車,32.0,42.5,anti_mid_stop,0.2,先行が塞いで駅間停車防止モード。target_speed_no_stop 42.5km/h を超えて力行し過剰加速しているため減点し、reward 0.2とする。
128.0,Train11,巡航フェーズ（駅間走行中）,力行（加速）中,42.0,惰行,6.0,70.0,70.0,64.76,70.0,528.7,33.0,202.32031487000978,0.0,6.1,この先制限速度なし,338m先に上り勾配9.2‰あり,前方475.4m先を22.3km/h,後続列車なし,10.0,63.0,未発車,32.0,38.1,anti_mid_stop,0.2,先行列車が塞いで駅間停車防止モードとなっているが、target_speed_no_stop 38.1km/h を大幅に上回る力行を続けているため減点。
84.0,Train11,巡航フェーズ（駅間走行中）,力行（加速）中,2.0,惰行,6.0,70.0,70.0,68.36,70.0,1001.9,36.0,243.01534696188597,0.0,0.0,この先制限速度なし,11m先に上り勾配12.5‰あり,前方509.8m先を60.1km/h,後続列車なし,10.0,99.0,未発車,40.0,40.7,anti_mid_stop,0.1,先行が塞いでいる駅間停車防止モードで、target_speed_no_stop 40.7km/h を大幅に上回る力行とノコギリ運転が検出されたため減点し、reward 0.1とする。
137.0,Train11,巡航フェーズ（駅間走行中）,力行（加速）中,18.0,ブレーキ（減速）,6.0,70.0,70.0,50.22,70.0,404.5,26.0,122.76271736617355,0.0,6.1,この先制限速度なし,214m先に上り勾配9.2‰あり,前方362.9m先を19.7km/h,後続列車なし,10.0,76.0,未発車,25.0,30.9,anti_mid_stop,0.2,先行列車が塞いでいる駅間停車防止モードで、現在速度が target_speed_no_stop(30.9km/h) を5km/h以上上回る力行となり機外停車リスクと間隔不足が生じるため減点し0.2とした。
99.0,Train11,巡航フェーズ（駅間走行中）,力行（加速）中,23.0,惰行,6.0,70.0,70.0,63.05,70.0,1007.9,21.0,207.52639166071805,0.0,0.0,この先制限速度なし,17m先に上り勾配12.5‰あり,前方515.9m先を60.1km/h,後続列車なし,10.0,99.0,未発車,25.0,41.0,anti_mid_stop,0.1,先行列車が塞いでいる駅間停車防止モードで、現在速度63km/hがtarget_speed_no_stop 41km/hを大幅に上回る力行は過加速とみなされ減点対象となる。
96.0,Train11,巡航フェーズ（駅間走行中）,力行（加速）中,2.0,惰行,6.0,70.0,70.0,64.97,70.0,777.5,39.0,220.05641695497562,0.0,0.0,この先制限速度なし,187m先に上り勾配6.1‰あり,前方475.6m先を51.7km/h,後続列車なし,10.0,87.0,未発車,40.0,34.9,anti_mid_stop,0.2,先行列車が塞いでいる駅間停車防止モードで、target_speed_no_stop 34.9km/h を大幅に上回る力行と短時間のノコギリ運転があり、安全は保たれるが過剰加速で評価を下げ0.2とする。
55.0,Train11,巡航フェーズ（駅間走行中）,力行（加速）中,18.0,惰行,6.0,70.0,70.0,63.19,70.0,1543.4,30.0,208.42839552098485,0.0,0.0,この先制限速度なし,この先目立った勾配なし,前方548.4m先を62.9km/h,後続列車なし,10.0,128.0,未発車,40.0,51.7,anti_mid_stop,0.2,先行列車が塞いでいる駅間停車防止モードで、現在速度63.2km/hがtarget_speed_no_stop(51.7km/h)を5km/h以上上回り過剰加速と判断し減点した。
132.0,Train11,巡航フェーズ（駅間走行中）,力行（加速）中,18.0,ブレーキ（減速）,6.0,70.0,70.0,48.89,70.0,449.4,33.0,116.43312159564168,0.0,6.1,この先制限速度なし,259m先に上り勾配9.2‰あり,前方418.1m先を17.1km/h,後続列車なし,10.0,74.0,未発車,32.0,32.9,anti_mid_stop,0.2,先行列車が塞いでいる駅間停車防止モードで、現在速度48.9km/hがtarget_speed_no_stop32.9km/hを大幅に上回る過剰加速のため減点し、rewardを0.2とした。
146.0,Train11,巡航フェーズ（駅間走行中）,力行（加速）中,21.0,惰行,6.0,70.0,70.0,53.88,70.0,535.4,32.0,141.0100867142413,0.0,6.1,この先制限速度なし,345m先に上り勾配9.2‰あり,前方535.7m先を0.0km/h,後続列車なし,10.0,52.0,未発車,40.0,41.6,anti_mid_stop,0.2,先行列車が塞いでいるためtarget_speed_no_stop(41.6km/h)を超える力行は機外停車リスクを招き、間隔も不足しているため評価を大幅に減点した。
96.0,Train11,巡航フェーズ（駅間走行中）,力行（加速）中,10.0,惰行,6.0,70.0,70.0,51.16,70.0,1042.8,29.0,137.71570958502696,0.0,0.0,この先制限速度なし,52m先に上り勾配12.5‰あり,前方616.7m先を58.4km/h,後続列車なし,10.0,95.0,未発車,32.0,43.7,anti_mid_stop,0.2,先行列車が塞いでいる駅間停車防止モードで、現在速度が target_speed_no_stop+5km/h を超えて力行しており機外停車リスクがあるため減点し、reward 0.2とした。
71.0,Train11,巡航フェーズ（駅間走行中）,力行（加速）中,1.0,惰行,6.0,70.0,70.0,53.69,70.0,1287.9,15.0,151.43291040557256,0.0,0.0,この先制限速度なし,297m先に上り勾配12.5‰あり,前方310.5m先を63.1km/h,後続列車なし,10.0,142.0,未発車,25.0,40.6,anti_mid_stop,0.2,先行列車が塞いでいる駅間停車防止モードで、現在速度がtarget_speed_no_stop上限を超えて力行し、かつノコギリ運転と判定されたため減点し0.2とした。
47.0,Train11,巡航フェーズ（駅間走行中）,力行（加速）中,28.0,ブレーキ（減速）,6.0,70.0,70.0,51.44,70.0,1788.5,22.0,152.89368135821684,0.0,-6.7,この先制限速度なし,この先目立った勾配なし,前方512.8m先を63.4km/h,後続列車なし,10.0,159.0,未発車,32.0,31.5,anti_mid_stop,0.2,先行列車が塞いでいる駅間停車防止モードで、速度がtarget_speed_no_stop(31.5km/h)を大幅に上回り過剰加速しているため機外停車リスクとエネルギー浪費が生じ、減点して0.2とした。
32.0,Train11,巡航フェーズ（駅間走行中）,力行（加速）中,18.0,惰行,1.0,70.0,59.6,49.7,70.0,1902.6,16.0,133.84413749146145,0.0,-2.1,この先制限速度なし,112m先に下り勾配6.7‰あり,前方241.1m先を62.7km/h,後続列車なし,10.0,181.0,未発車,25.0,43.0,anti_mid_stop,0.3,先行が塞いで駅間停車防止モード。現在速度が target_speed_no_stop を5km/h超えて過剰加速となり機外停車リスクがあるため減点し0.3とした。
66.0,Train11,巡航フェーズ（駅間走行中）,力行（加速）中,29.0,ブレーキ（減速）,6.0,70.0,70.0,52.83,70.0,1670.5,15.0,161.11463323854275,0.0,-6.7,この先制限速度なし,この先目立った勾配なし,前方605.4m先を63.0km/h,後続列車なし,10.0,147.0,未発車,25.0,32.2,anti_mid_stop,0.2,先行列車が塞いでいる駅間停車防止モードで、target_speed_no_stop 32.2km/h を大幅に上回る52.8km/h の力行は過剰加速とみなされ減点。
54.0,Train11,巡航フェーズ（駅間走行中）,力行（加速）中,16.0,惰行,6.0,70.0,68.5,62.04,70.0,1569.5,15.0,201.07354663220426,0.0,0.0,この先制限速度なし,この先目立った勾配なし,前方293.8m先を63.4km/h,後続列車なし,10.0,159.0,未発車,25.0,45.6,anti_mid_stop,0.2,先行が塞ぎ駅間停車防止モードで、target_speed_no_stop 45.6km/h を超える62km/h の力行は過加速で機外停車リスクがあるため減点し0.2とした。
134.0,Train11,巡航フェーズ（駅間走行中）,力行（加速）中,48.0,惰行,6.0,70.0,70.0,66.41,70.0,419.3,33.0,212.52577957055607,0.0,6.1,この先制限速度なし,229m先に上り勾配9.2‰あり,前方396.8m先を14.6km/h,後続列車なし,10.0,57.0,未発車,32.0,33.3,anti_mid_stop,0.1,先行列車が塞いでいるのにtarget_speed_no_stop(33.3km/h)を大幅に超える力行を続け、機外停車リスクが高く不適切なため減点。
99.0,Train11,巡航フェーズ（駅間走行中）,力行（加速）中,5.0,惰行,6.0,70.0,70.0,66.44,70.0,722.8,40.0,229.88161072886328,0.0,0.0,この先制限速度なし,132m先に上り勾配6.1‰あり,前方462.3m先を47.9km/h,後続列車なし,10.0,84.0,未発車,40.0,33.5,anti_mid_stop,0.2,先行列車が塞いでいるためanti_mid_stopモードで、target_speed_no_stop 33.5km/h を大幅に超える力行と短時間切替は機外停車リスクと安全間隔縮小を招くため低評価とした。
52.0,Train11,巡航フェーズ（駅間走行中）,力行（加速）中,15.0,惰行,6.0,70.0,70.0,61.54,70.0,1595.3,30.0,197.91454646649908,0.0,0.0,この先制限速度なし,この先目立った勾配なし,前方547.8m先を63.5km/h,後続列車なし,10.0,131.0,未発車,40.0,52.2,anti_mid_stop,0.2,先行が塞ぎ駅間停車防止モードで、target_speed_no_stopを超える力行は機外停車リスクがあるため減点し、reward 0.2とする。
141.0,Train11,巡航フェーズ（駅間走行中）,力行（加速）中,16.0,惰行,6.0,70.0,70.0,51.09,70.0,608.4,37.0,137.34503974071012,0.0,0.0,この先制限速度なし,18m先に上り勾配6.1‰あり,前方608.8m先を0.0km/h,後続列車なし,10.0,57.0,未発車,40.0,37.1,anti_mid_stop,0.2,先行列車が塞いでいる駅間停車防止モードで、target_speed_no_stop 37.1km/h を超えて51.1km/h の力行は過加速となり機外停車リスクを高めるため減点し、rewardを0.2とした。
92.0,Train11,巡航フェーズ（駅間走行中）,力行（加速）中,14.0,惰行,6.0,70.0,70.0,61.52,70.0,1106.4,38.0,197.78867607473313,0.0,0.0,この先制限速度なし,116m先に上り勾配12.5‰あり,前方744.2m先を56.8km/h,後続列車なし,10.0,91.0,未発車,40.0,47.6,anti_mid_stop,0.2,先行列車が塞いでいる駅間停車防止モードで、現在速度が target_speed_no_stop+5km/h を超えて力行し機外停車リスクがあるため減点し0.2とした。
132.0,Train11,巡航フェーズ（駅間走行中）,力行（加速）中,46.0,惰行,6.0,70.0,70.0,65.88,70.0,456.1,33.0,209.22195986978633,0.0,6.1,この先制限速度なし,266m先に上り勾配9.2‰あり,前方424.7m先を17.1km/h,後続列車なし,10.0,59.0,未発車,32.0,35.0,anti_mid_stop,0.1,先行列車が塞いでいる駅間停車防止モードで、現在速度65.9km/hがtarget_speed_no_stop35km/hを大幅に超えており過加速と判断し減点した。
43.0,Train11,巡航フェーズ（駅間走行中）,力行（加速）中,5.0,惰行,6.0,70.0,63.2,53.6,70.0,1747.6,15.0,165.75670508094217,0.0,-6.7,この先制限速度なし,この先目立った勾配なし,前方278.9m先を62.8km/h,後続列車なし,10.0,170.0,未発車,25.0,25.4,anti_mid_stop,0.2,先行列車が塞いでいるため駅間停車防止モードで、target_speed_no_stop 25.4km/h を大幅に上回る力行と、保持時間が7秒未満のノコギリ運転が判定された。
86.0,Train11,巡航フェーズ（駅間走行中）,力行（加速）中,10.0,惰行,6.0,70.0,70.0,55.22,70.0,1222.0,17.0,160.02926667086507,0.0,0.0,この先制限速度なし,232m先に上り勾配12.5‰あり,前方506.2m先を63.4km/h,後続列車なし,10.0,112.0,未発車,25.0,45.3,anti_mid_stop,0.2,先行列車が塞いでいるため駅間停車防止モード。現在速度がtarget_speed_no_stop 45.3km/h を5km/h超える55.2km/hで力行しており、機外停車リスクがあるため減点し0.2とする。
97.0,Train11,巡航フェーズ（駅間走行中）,力行（加速）中,11.0,惰行,6.0,70.0,70.0,51.9,70.0,1028.5,29.0,141.66344597109148,0.0,0.0,この先制限速度なし,38m先に上り勾配12.5‰あり,前方618.5m先を58.0km/h,後続列車なし,10.0,94.0,未発車,32.0,43.3,anti_mid_stop,0.3,駅間停車防止モードで target_speed_no_stop(43.3km/h) を超える力行(51.9km/h)は過剰加速とみなされ減点対象。
59.0,Train11,巡航フェーズ（駅間走行中）,力行（加速）中,22.0,ブレーキ（減速）,6.0,70.0,70.0,45.76,70.0,1766.6,15.0,121.44457834530898,0.0,-6.7,この先制限速度なし,この先目立った勾配なし,前方578.7m先を63.0km/h,後続列車なし,10.0,154.0,未発車,25.0,32.2,anti_mid_stop,0.2,先行列車が塞いでいるため駅間停車防止モード。現在速度が target_speed_no_stop+5km/h を超えて力行しており、機外停車リスクが高く減点対象となる。
117.0,Train11,巡航フェーズ（駅間走行中）,力行（加速）中,31.0,惰行,6.0,70.0,70.0,59.48,70.0,719.5,33.0,185.1483492371341,0.0,0.0,この先制限速度なし,129m先に上り勾配6.1‰あり,前方576.0m先を36.8km/h,後続列車なし,10.0,74.0,未発車,32.0,36.5,anti_mid_stop,0.1,先行が塞いでいる駅間停車防止モードで、target_speed_no_stop(36.5km/h)を大幅に上回る力行(59.5km/h)を続けているため機外停車リスクが高く評価を大きく減点した。
75.0,Train11,巡航フェーズ（駅間走行中）,力行（加速）中,2.0,惰行,6.0,70.0,70.0,54.26,70.0,1535.5,15.0,154.60905085525488,0.0,0.0,この先制限速度なし,この先目立った勾配なし,前方627.6m先を62.7km/h,後続列車なし,10.0,138.0,未発車,25.0,48.7,anti_mid_stop,0.2,先行列車が塞いでいるため駅間停車防止モード。target_speed_no_stop 48.7km/h を超えて力行し、ノコギリ運転と判定されたため減点し0.2とする。
78.0,Train11,巡航フェーズ（駅間走行中）,力行（加速）中,9.0,惰行,6.0,70.0,70.0,66.83,70.0,1261.8,24.0,232.52188842242396,0.0,0.0,この先制限速度なし,271m先に上り勾配12.5‰あり,前方528.4m先を62.9km/h,後続列車なし,10.0,128.0,未発車,32.0,42.6,anti_mid_stop,0.2,先行列車が塞いでいるため機外停車防止モード。target_speed_no_stop 42.6km/h を大幅に超える力行は過加速で減点対象。
112.0,Train11,巡航フェーズ（駅間走行中）,力行（加速）中,5.0,ブレーキ（減速）,5.0,70.0,70.0,51.3,70.0,775.1,41.0,138.4584837272376,0.0,0.0,この先制限速度なし,185m先に上り勾配6.1‰あり,前方660.6m先を32.8km/h,後続列車なし,10.0,71.0,未発車,40.0,40.3,anti_mid_stop,0.2,先行が塞ぎ駅間停車防止モードでtarget_speed_no_stopを超える力行と不合理なノコギリ切替があり、機外停車リスクとエネルギー浪費が生じたため0.2とした。
123.0,Train11,巡航フェーズ（駅間走行中）,力行（加速）中,37.0,惰行,6.0,70.0,70.0,62.89,70.0,617.5,33.0,206.49777869297,0.0,0.0,この先制限速度なし,27m先に上り勾配6.1‰あり,前方528.7m先を28.9km/h,後続列車なし,10.0,68.0,未発車,32.0,33.1,anti_mid_stop,0.1,先行が塞いで駅間停車防止モード。target_speed_no_stop 33.1km/h を大幅に上回る62.9km/h の力行は機外停車リスクとエネルギー浪費を招くため減点し、reward 0.1とする。
58.0,Train11,巡航フェーズ（駅間走行中）,力行（加速）中,21.0,惰行,6.0,70.0,70.0,64.75,70.0,1490.0,30.0,218.6032439453348,0.0,0.0,この先制限速度なし,この先目立った勾配なし,前方547.4m先を62.5km/h,後続列車なし,10.0,125.0,未発車,40.0,50.5,anti_mid_stop,0.2,先行が塞ぎ駅間停車防止モードで、target_speed_no_stop 50.5km/h を超える力行(64.8km/h)は機外停車リスクがあるため減点し、他は問題なし。
84.0,Train11,巡航フェーズ（駅間走行中）,力行（加速）中,6.0,惰行,6.0,70.0,70.0,56.68,70.0,1237.8,36.0,168.44256112148327,0.0,0.0,この先制限速度なし,247m先に上り勾配12.5‰あり,前方745.8m先を60.1km/h,後続列車なし,10.0,99.0,未発車,40.0,50.0,anti_mid_stop,0.3,先行列車が塞いでいる駅間停車防止モードで、target_speed_no_stop 50km/h を超えて力行し、さらにノコギリ運転が発生したため減点し、reward 0.3とした。
83.0,Train11,巡航フェーズ（駅間走行中）,力行（加速）中,5.0,惰行,6.0,70.0,70.0,56.03,70.0,1253.5,35.0,164.67162652178263,0.0,0.0,この先制限速度なし,263m先に上り勾配12.5‰あり,前方744.7m先を60.5km/h,後続列車なし,10.0,100.0,未発車,40.0,50.0,anti_mid_stop,0.2,先行列車が塞いで駅間停車防止モード。target_speed_no_stop 50km/h を超えて5km/h以上の力行を続け、ノコギリ運転も発生しているため減点し、reward 0.2とする。
150.0,Train11,巡航フェーズ（駅間走行中）,力行（加速）中,25.0,惰行,6.0,70.0,70.0,55.74,70.0,474.4,28.0,150.74629786948574,0.0,6.1,この先制限速度なし,284m先に上り勾配9.2‰あり,前方474.8m先を0.0km/h,後続列車なし,10.0,48.0,未発車,40.0,39.1,anti_mid_stop,0.2,先行列車が停車しているため駅間停車防止モードで、target_speed_no_stop 39.1km/h を大幅に上回る55.7km/h の力行を続けている点が過剰加速とみなされ減点対象となった。
98.0,Train11,巡航フェーズ（駅間走行中）,力行（加速）中,12.0,惰行,6.0,70.0,70.0,52.62,70.0,1014.0,29.0,145.55566021956463,0.0,0.0,この先制限速度なし,24m先に上り勾配12.5‰あり,前方620.1m先を57.6km/h,後続列車なし,10.0,93.0,未発車,32.0,42.8,anti_mid_stop,0.2,先行が塞いで駅間停車防止モード。現在速度が target_speed_no_stop+5km/h を超えて力行しているため減点し、reward=0.2とした。
172.0,Train11,巡航フェーズ（駅間走行中）,力行（加速）中,36.0,ブレーキ（減速）,6.0,70.0,70.0,51.9,70.0,416.9,6.0,130.98799465669515,0.0,6.1,この先制限速度なし,226m先に上り勾配9.2‰あり,前方417.3m先を0.0km/h,後続列車なし,10.0,41.0,未発車,25.0,37.8,anti_mid_stop,0.2,先行列車が塞いで駅間停車防止モード。target_speed_no_stopを超える力行は機外停車リスクがあるため減点し0.2とする。
53.0,Train11,巡航フェーズ（駅間走行中）,力行（加速）中,16.0,惰行,6.0,70.0,70.0,62.1,70.0,1578.2,30.0,201.45420734955619,0.0,0.0,この先制限速度なし,この先目立った勾配なし,前方548.2m先を63.3km/h,後続列車なし,10.0,130.0,未発車,40.0,52.2,anti_mid_stop,0.2,先行列車が塞いでいる駅間停車防止モードで、現在速度が target_speed_no_stop を超えて力行し機外停車リスクがあるため減点。
119.0,Train11,巡航フェーズ（駅間走行中）,力行（加速）中,5.0,ブレーキ（減速）,6.0,70.0,70.0,40.17,70.0,611.5,33.0,85.44189746356221,0.0,0.0,この先制限速度なし,21m先に上り勾配6.1‰あり,前方487.7m先を34.1km/h,後続列車なし,10.0,87.0,未発車,32.0,28.0,anti_mid_stop,0.2,先行列車が塞いでいる駅間停車防止モードで、target_speed_no_stop 28km/h を超えて力行し、さらにノコギリ運転と判定されたため減点し0.2とする。
91.0,Train11,巡航フェーズ（駅間走行中）,力行（加速）中,15.0,惰行,6.0,70.0,70.0,58.44,70.0,1143.1,19.0,178.8560891009953,0.0,0.0,この先制限速度なし,153m先に上り勾配12.5‰あり,前方514.5m先を62.3km/h,後続列車なし,10.0,107.0,未発車,25.0,43.8,anti_mid_stop,0.2,先行列車が塞いでいるため駅間停車防止モードと判定し、target_speed_no_stop 43.8km/h を超えて58.4km/h の力行を続けている点が過剰加速とみなされ減点対象となった。
61.0,Train11,巡航フェーズ（駅間走行中）,力行（加速）中,6.0,惰行,6.0,70.0,70.0,65.74,70.0,1412.5,30.0,225.1779507334871,0.0,0.0,この先制限速度なし,422m先に上り勾配12.5‰あり,前方522.1m先を62.8km/h,後続列車なし,10.0,137.0,未発車,40.0,45.4,anti_mid_stop,0.2,先行が塞いでいるため駅間停車防止モード。target_speed_no_stop 45.4km/h を超えて65.7km/h の力行は過加速で機外停車リスクがあり、ノコギリ運転も発生しているため0.2とした。
55.0,Train11,巡航フェーズ（駅間走行中）,力行（加速）中,14.0,ブレーキ（減速）,6.0,70.0,70.0,42.2,70.0,1723.1,30.0,103.51069428828723,0.0,-6.7,この先制限速度なし,この先目立った勾配なし,前方728.2m先を62.9km/h,後続列車なし,10.0,143.0,未発車,40.0,35.5,anti_mid_stop,0.3,先行が塞ぎ駅間停車防止モードで、target_speed_no_stop 35.5km/h を超える力行と不要なエネルギー消費があり過剰加速と判断し減点。
53.0,Train11,巡航フェーズ（駅間走行中）,力行（加速）中,34.0,ブレーキ（減速）,6.0,70.0,70.0,56.99,70.0,1698.0,22.0,186.9352667860461,0.0,-6.7,この先制限速度なし,この先目立った勾配なし,前方527.6m先を62.8km/h,後続列車なし,10.0,153.0,未発車,32.0,30.6,anti_mid_stop,0.2,先行列車が塞いでいるため駅間停車防止モード。現在速度がtarget_speed_no_stop 30.6km/hを大幅に超えて力行しており、機外停車リスクがあるため減点し0.2とした。
52.0,Train11,巡航フェーズ（駅間走行中）,力行（加速）中,33.0,ブレーキ（減速）,6.0,70.0,70.0,56.11,70.0,1713.7,22.0,181.3219291341943,0.0,-6.7,この先制限速度なし,この先目立った勾配なし,前方525.8m先を63.0km/h,後続列車なし,10.0,154.0,未発車,32.0,30.6,anti_mid_stop,0.1,先行列車が塞いでいる駅間停車防止モードで、現在速度がtarget_speed_no_stop+5km/hを大きく超えて力行しており機外停車リスクが高く評価を大幅に減点した。
116.0,Train11,巡航フェーズ（駅間走行中）,力行（加速）中,2.0,ブレーキ（減速）,6.0,70.0,70.0,36.91,70.0,643.7,33.0,72.25880952277402,0.0,0.0,この先制限速度なし,53m先に上り勾配6.1‰あり,前方489.8m先を38.1km/h,後続列車なし,10.0,90.0,未発車,32.0,28.7,anti_mid_stop,0.2,先行が塞ぎ駅間停車防止モードでtarget_speed_no_stop 28.7km/h を超えて加速し、かつノコギリ運転が発生しているため減点し、上限0.3‑0.5のうち0.2とした。
90.0,Train11,巡航フェーズ（駅間走行中）,力行（加速）中,12.0,惰行,6.0,70.0,70.0,60.37,70.0,1140.2,37.0,190.61460009188863,0.0,0.0,この先制限速度なし,150m先に上り勾配12.5‰あり,前方746.3m先を57.6km/h,後続列車なし,10.0,93.0,未発車,40.0,48.5,anti_mid_stop,0.3,先行列車が塞いでいる駅間停車防止モードで、現在速度が target_speed_no_stop+5km/h を超えて力行しているため過加速と判断し減点した。
116.0,Train11,巡航フェーズ（駅間走行中）,力行（加速）中,30.0,惰行,6.0,70.0,70.0,58.88,70.0,736.0,33.0,181.50564675512285,0.0,0.0,この先制限速度なし,145m先に上り勾配6.1‰あり,前方582.0m先を38.1km/h,後続列車なし,10.0,75.0,未発車,32.0,36.8,anti_mid_stop,0.1,駅間停車防止モードでtarget_speed_no_stop 36.8km/h を大幅に上回る58.9km/h の力行は過剰加速で機外停車リスクが高く減点した。
134.0,Train11,巡航フェーズ（駅間走行中）,力行（加速）中,15.0,ブレーキ（減速）,6.0,70.0,70.0,48.55,70.0,445.7,26.0,114.84093699209042,0.0,6.1,この先制限速度なし,255m先に上り勾配9.2‰あり,前方386.0m先を23.6km/h,後続列車なし,10.0,79.0,未発車,25.0,32.6,anti_mid_stop,0.2,先行列車が塞いでいる駅間停車防止モードで、現在速度が target_speed_no_stop 32.6km/h を大幅に上回り力行しているため機外停車リスクが高く減点し、reward 0.2とした。
51.0,Train11,巡航フェーズ（駅間走行中）,力行（加速）中,32.0,ブレーキ（減速）,6.0,70.0,70.0,55.21,70.0,1729.2,22.0,175.66473434027208,0.0,-6.7,この先制限速度なし,この先目立った勾配なし,前方523.8m先を63.2km/h,後続列車なし,10.0,155.0,未発車,32.0,30.6,anti_mid_stop,0.1,先行が塞いでいる駅間停車防止モードで、target_speed_no_stop 30.6km/h を大幅に超える55.2km/h の力行は機外停車リスクを高めるため減点し、0.1とした。
77.0,Train11,巡航フェーズ（駅間走行中）,力行（加速）中,4.0,惰行,6.0,70.0,70.0,55.62,70.0,1504.9,16.0,162.31390310940498,0.0,0.0,この先制限速度なし,この先目立った勾配なし,前方632.0m先を62.9km/h,後続列車なし,10.0,136.0,未発車,25.0,48.3,anti_mid_stop,0.2,駅間停車防止モードでtarget_speed_no_stopを超える力行とノコギリ運転が機外停車リスクとエネルギー浪費を招くため0.2とした。
37.0,Train11,巡航フェーズ（駅間走行中）,力行（加速）中,38.0,ブレーキ（減速）,30.0,70.0,70.0,54.52,70.0,1824.3,22.0,160.5659383857808,0.0,-2.1,この先制限速度なし,34m先に下り勾配6.7‰あり,前方373.2m先を63.3km/h,後続列車なし,10.0,154.0,未発車,32.0,47.2,anti_mid_stop,0.4,駅間停車防止モードで target_speed_no_stop(47.2km/h) を超える速度で力行しており、上限＋5km/h を超過しているため過剰加速と判断し減点した。
49.0,Train11,巡航フェーズ（駅間走行中）,力行（加速）中,50.0,ブレーキ（減速）,30.0,70.0,70.0,64.02,70.0,1626.3,22.0,213.81365263137712,0.0,0.0,この先制限速度なし,この先目立った勾配なし,前方385.8m先を62.9km/h,後続列車なし,10.0,142.0,未発車,32.0,50.5,anti_mid_stop,0.1,先行が塞いでいる駅間停車防止モードで、現在速度64km/hがtarget_speed_no_stop(50.5km/h)を13.5km/h超えて力行しているため過加速とみなし減点し、rewardは0.1とした。
125.0,Train11,巡航フェーズ（駅間走行中）,力行（加速）中,11.0,ブレーキ（減速）,6.0,70.0,70.0,44.68,70.0,540.5,33.0,97.46534547694505,0.0,6.1,この先制限速度なし,350m先に上り勾配9.2‰あり,前方467.0m先を26.2km/h,後続列車なし,10.0,81.0,未発車,32.0,36.5,anti_mid_stop,0.2,先行列車が塞いでいるため駅間停車防止モード。target_speed_no_stop 36.5km/h を超えて44.7km/h の力行は過加速で機外停車リスクがあり減点し0.2とした。
108.0,Train11,巡航フェーズ（駅間走行中）,力行（加速）中,6.0,ブレーキ（減速）,6.0,70.0,70.0,50.93,70.0,740.8,32.0,136.49959055965883,0.0,0.0,この先制限速度なし,150m先に上り勾配6.1‰あり,前方493.4m先を46.6km/h,後続列車なし,10.0,98.0,未発車,32.0,30.9,anti_mid_stop,0.1,先行が塞いでいる駅間停車防止モードでtarget_speed_no_stopを大幅に超える力行とノコギリ運転があり、危険度とエネルギー浪費が高いため0.1とした。
82.0,Train11,巡航フェーズ（駅間走行中）,力行（加速）中,4.0,惰行,6.0,70.0,70.0,67.15,70.0,1022.6,35.0,234.6987623069321,0.0,0.0,この先制限速度なし,32m先に上り勾配12.5‰あり,前方496.9m先を61.0km/h,後続列車なし,10.0,116.0,未発車,40.0,37.4,anti_mid_stop,0.1,先行が塞いでいる駅間停車防止モードで、target_speed_no_stop 37.4km/h を大幅に上回る力行とノコギリ運転が続き、エネルギー無駄と安全リスクがあるため低評価。
44.0,Train11,巡航フェーズ（駅間走行中）,力行（加速）中,7.0,惰行,6.0,70.0,70.0,55.38,70.0,1725.9,30.0,176.72681734820262,0.0,-6.7,この先制限速度なし,この先目立った勾配なし,前方538.0m先を63.0km/h,後続列車なし,10.0,139.0,未発車,40.0,37.2,anti_mid_stop,0.2,先行列車が塞いでいる駅間停車防止モードで、target_speed_no_stop 37.2km/h を超えて55.4km/h の力行は過加速とみなされ機外停車リスクが高く、評価を大幅減点し0.2とした。
42.0,Train11,巡航フェーズ（駅間走行中）,力行（加速）中,43.0,ブレーキ（減速）,30.0,70.0,70.0,58.6,70.0,1745.8,22.0,197.41373886911762,0.0,-6.7,この先制限速度なし,この先目立った勾配なし,前方382.4m先を63.0km/h,後続列車なし,10.0,149.0,未発車,32.0,33.3,anti_mid_stop,0.2,先行列車が塞いでいる駅間停車防止モードで、現在速度が target_speed_no_stop を大幅に上回る力行となり機外停車リスクがあるため減点し、reward 0.2 とした。
37.0,Train11,巡航フェーズ（駅間走行中）,力行（加速）中,38.0,ブレーキ（減速）,30.0,70.0,70.0,54.52,70.0,1824.3,30.0,160.5659383857808,0.0,-2.1,この先制限速度なし,34m先に下り勾配6.7‰あり,前方513.6m先を63.1km/h,後続列車なし,10.0,161.0,未発車,40.0,45.2,anti_mid_stop,0.2,先行列車が塞いでいる駅間停車防止モードで、現在速度がtarget_speed_no_stop 45.2km/hを約9km/h上回り過剰加速している点が減点要因。
60.0,Train11,巡航フェーズ（駅間走行中）,力行（加速）中,5.0,惰行,6.0,70.0,70.0,65.25,70.0,1430.7,30.0,221.91242050644277,0.0,0.0,この先制限速度なし,440m先に上り勾配12.5‰あり,前方522.8m先を62.7km/h,後続列車なし,10.0,138.0,未発車,40.0,45.6,anti_mid_stop,0.2,先行列車が塞いでいる駅間停車防止モードで、target_speed_no_stop(45.6km/h)を大幅に超える力行とノコギリ運転により機外停車リスクがあるため低評価。
98.0,Train11,巡航フェーズ（駅間走行中）,力行（加速）中,4.0,惰行,6.0,70.0,70.0,65.96,70.0,741.2,40.0,226.6513528436607,0.0,0.0,この先制限速度なし,151m先に上り勾配6.1‰あり,前方467.2m先を49.1km/h,後続列車なし,10.0,85.0,未発車,40.0,33.9,anti_mid_stop,0.2,先行列車が塞いでいる駅間停車防止モードで、target_speed_no_stop 33.9km/h を大幅に超える力行とノコギリ運転が判定され、間隔も不適切なため低評価とした。
49.0,Train11,巡航フェーズ（駅間走行中）,力行（加速）中,11.0,惰行,6.0,70.0,64.8,58.95,70.0,1653.7,15.0,199.72723771048558,0.0,-6.7,この先制限速度なし,この先目立った勾配なし,前方290.3m先を63.0km/h,後続列車なし,10.0,164.0,未発車,25.0,25.0,anti_mid_stop,0.2,先行が塞いでいる駅間停車防止モードで、現在速度がtarget_speed_no_stop 25km/hを大幅に上回る力行となり機外停車リスクがあるため減点した。
99.0,Train11,巡航フェーズ（駅間走行中）,力行（加速）中,14.0,ブレーキ（減速）,6.0,70.0,70.0,52.09,70.0,1205.6,21.0,142.68566072756406,0.0,0.0,この先制限速度なし,215m先に上り勾配12.5‰あり,前方713.5m先を60.1km/h,後続列車なし,10.0,114.0,未発車,25.0,44.1,anti_mid_stop,0.3,先行列車が塞いでいる駅間停車防止モードで、現在速度が target_speed_no_stop(44.1km/h) を8km/h上回り力行しているため過剰加速と判断し減点した。
159.0,Train11,巡航フェーズ（駅間走行中）,力行（加速）中,23.0,ブレーキ（減速）,6.0,70.0,70.0,44.38,70.0,591.3,19.0,104.04911516395686,0.0,0.0,この先制限速度なし,1m先に上り勾配6.1‰あり,前方591.7m先を0.0km/h,後続列車なし,10.0,54.0,未発車,25.0,37.6,anti_mid_stop,0.2,先行列車が停車している駅間停車防止モードで、現在速度44.4km/hがtarget_speed_no_stop(37.6km/h)を5km/h超えて力行しており機外停車リスクがあるため減点し0.2とした。
80.0,Train11,巡航フェーズ（駅間走行中）,力行（加速）中,2.0,惰行,6.0,70.0,70.0,66.21,70.0,1059.6,35.0,228.3311172347226,0.0,0.0,この先制限速度なし,69m先に上り勾配12.5‰あり,前方499.9m先を61.8km/h,後続列車なし,10.0,118.0,未発車,40.0,38.1,anti_mid_stop,0.1,先行列車が塞いでいる駅間停車防止モードで、target_speed_no_stop 38.1km/h を大幅に上回る力行を続け、ノコギリ運転と判定されたため低評価。
89.0,Train11,巡航フェーズ（駅間走行中）,力行（加速）中,3.0,惰行,6.0,70.0,70.0,67.7,70.0,1055.7,27.0,238.46232546588712,0.0,0.0,この先制限速度なし,65m先に上り勾配12.5‰あり,前方513.0m先を61.4km/h,後続列車なし,10.0,117.0,未発車,32.0,38.2,anti_mid_stop,0.2,先行が塞いで駅間停車防止モードであるにも関わらず、現在速度が target_speed_no_stop(38.2km/h) を大幅に上回り力行し、さらに惰行→力行のノコギリ運転となっているため減点し、上限0.3のうち0.2とした。
60.0,Train11,巡航フェーズ（駅間走行中）,力行（加速）中,41.0,ブレーキ（減速）,6.0,70.0,70.0,62.0,70.0,1581.8,22.0,200.8199608957775,0.0,0.0,この先制限速度なし,この先目立った勾配なし,前方534.2m先を63.5km/h,後続列車なし,10.0,146.0,未発車,32.0,48.2,anti_mid_stop,0.2,先行列車が塞いでいるため駅間停車防止モード。現在速度が target_speed_no_stop(48.2km/h) を超えて力行し、機外停車リスクがあるため減点し0.2とした。
41.0,Train11,巡航フェーズ（駅間走行中）,力行（加速）中,3.0,惰行,6.0,70.0,62.4,51.7,70.0,1776.8,15.0,154.4158302949827,0.0,-6.7,この先制限速度なし,この先目立った勾配なし,前方273.2m先を63.2km/h,後続列車なし,10.0,172.0,未発車,25.0,25.6,anti_mid_stop,0.2,先行列車が塞いでいる駅間停車防止モードで、target_speed_no_stopを大幅に上回る力行とノコギリ運転があり、間隔縮小・エネルギー浪費が顕著なため0.2とした。
105.0,Train11,巡航フェーズ（駅間走行中）,力行（加速）中,3.0,ブレーキ（減速）,6.0,70.0,70.0,48.63,70.0,782.3,32.0,124.6231477379558,0.0,0.0,この先制限速度なし,192m先に上り勾配6.1‰あり,前方494.5m先を50.4km/h,後続列車なし,10.0,101.0,未発車,32.0,31.9,anti_mid_stop,0.1,先行列車が塞いで駅間停車防止モード中に、target_speed_no_stop+5km/h を超える力行とノコギリ運転が判定されたため、評価は0.1とした。
126.0,Train11,巡航フェーズ（駅間走行中）,力行（加速）中,12.0,ブレーキ（減速）,6.0,70.0,70.0,45.31,70.0,528.0,33.0,100.20001302215421,0.0,6.1,この先制限速度なし,337m先に上り勾配9.2‰あり,前方461.6m先を24.9km/h,後続列車なし,10.0,80.0,未発車,32.0,36.0,anti_mid_stop,0.2,先行列車が塞いでいる駅間停車防止モードで、現在速度が target_speed_no_stop(36km/h) を5km/h超えて力行しており機外停車リスクがあるため減点し0.2とした。
93.0,Train11,巡航フェーズ（駅間走行中）,力行（加速）中,17.0,惰行,6.0,70.0,70.0,59.65,70.0,1110.3,19.0,186.18666331385435,0.0,0.0,この先制限速度なし,120m先に上り勾配12.5‰あり,前方516.2m先を61.9km/h,後続列車なし,10.0,105.0,未発車,25.0,43.0,anti_mid_stop,0.2,先行が塞いでいる駅間停車防止モードで、現在速度が target_speed_no_stop+5km/h を超えて力行し機外停車リスクがあるため減点し、reward 0.2とした。
116.0,Train11,巡航フェーズ（駅間走行中）,力行（加速）中,1.0,惰行,6.0,70.0,70.0,62.48,70.0,707.3,25.0,203.87291548001033,0.0,0.0,この先制限速度なし,117m先に上り勾配6.1‰あり,前方472.7m先を45.4km/h,後続列車なし,10.0,82.0,未発車,25.0,33.3,anti_mid_stop,0.2,先行列車が塞いでいるため駅間停車防止モードで、target_speed_no_stop 33.3km/h を大幅に上回る力行と短時間のノコギリ運転が判定され、過加速は機外停車リスクを招くため減点し0.2とした。
101.0,Train11,巡航フェーズ（駅間走行中）,力行（加速）中,7.0,惰行,6.0,70.0,70.0,67.37,70.0,685.6,40.0,236.20084271599595,0.0,0.0,この先制限速度なし,95m先に上り勾配6.1‰あり,前方451.0m先を45.4km/h,後続列車なし,10.0,82.0,未発車,40.0,32.4,anti_mid_stop,0.1,先行列車が塞いでいる駅間停車防止モードで、target_speed_no_stop 32.4km/h を大幅に超える力行は機外停車リスクとエネルギー浪費を招くため低評価とした。
46.0,Train11,巡航フェーズ（駅間走行中）,力行（加速）中,8.0,惰行,6.0,70.0,64.2,56.34,70.0,1701.7,15.0,182.78124970889692,0.0,-6.7,この先制限速度なし,この先目立った勾配なし,前方285.7m先を62.9km/h,後続列車なし,10.0,167.0,未発車,25.0,25.3,normal,0.9,制限速度・CBTCを遵守し、required_speed未達のため加速が適切であり、ノコギリ運転もなく安全上の問題がないため高評価。
55.0,Train11,巡航フェーズ（駅間走行中）,力行（加速）中,32.0,ブレーキ（減速）,6.0,70.0,70.0,57.78,70.0,1655.2,15.0,192.04323789789316,0.0,-6.7,この先制限速度なし,この先目立った勾配なし,前方397.1m先を63.2km/h,後続列車なし,10.0,143.0,未発車,25.0,33.0,anti_mid_stop,0.2,先行が塞ぎ駅間停車防止モードで、target_speed_no_stop(33km/h)を大幅に上回る57.8km/hの力行を続けているため過剰加速とみなし減点し、低評価とした。
48.0,Train11,巡航フェーズ（駅間走行中）,力行（加速）中,49.0,ブレーキ（減速）,30.0,70.0,70.0,63.44,70.0,1644.0,30.0,230.5235605020014,0.0,-6.7,この先制限速度なし,この先目立った勾配なし,前方526.2m先を62.9km/h,後続列車なし,10.0,150.0,未発車,40.0,30.3,anti_mid_stop,0.1,先行が塞ぎ駅間停車防止モードで、target_speed_no_stop 30.3km/h を大幅に超える力行を続けて機外停車リスクと間隔逼迫を招くため低評価とした。
78.0,Train11,巡航フェーズ（駅間走行中）,力行（加速）中,5.0,惰行,6.0,70.0,70.0,56.28,70.0,1489.4,16.0,166.11718833616945,0.0,0.0,この先制限速度なし,499m先に上り勾配12.5‰あり,前方633.9m先を63.0km/h,後続列車なし,10.0,135.0,未発車,25.0,48.0,anti_mid_stop,0.3,先行が塞いでいる駅間停車防止モードで、target_speed_no_stopを超えて力行し過剰加速かつノコギリ運転と判定されたため減点し0.3とする。
76.0,Train11,巡航フェーズ（駅間走行中）,力行（加速）中,3.0,惰行,6.0,70.0,70.0,54.95,70.0,1520.3,15.0,158.49584723941575,0.0,0.0,この先制限速度なし,この先目立った勾配なし,前方629.9m先を62.8km/h,後続列車なし,10.0,137.0,未発車,25.0,48.4,anti_mid_stop,0.2,先行列車が塞ぎ駅間停車防止モードで、target_speed_no_stopを超える力行とノコギリ運転と判定されたため減点し0.2とする。
121.0,Train11,巡航フェーズ（駅間走行中）,力行（加速）中,2.0,ブレーキ（減速）,6.0,70.0,70.0,39.81,70.0,606.5,26.0,83.93335485807843,0.0,0.0,この先制限速度なし,16m先に上り勾配6.1‰あり,前方430.7m先を40.0km/h,後続列車なし,10.0,92.0,未発車,25.0,27.0,anti_mid_stop,0.2,先行列車が塞いでいるため駅間停車防止モードで、target_speed_no_stop 27km/h を超える力行は機外停車リスクとエネルギー浪費を招くため減点し、ノコギリ運転も判定された。
103.0,Train11,巡航フェーズ（駅間走行中）,力行（加速）中,10.0,惰行,6.0,70.0,70.0,55.91,70.0,1086.8,41.0,163.97988884921054,0.0,0.0,この先制限速度なし,96m先に上り勾配12.5‰あり,前方876.7m先を42.9km/h,後続列車なし,10.0,95.0,未発車,40.0,45.2,anti_mid_stop,0.2,先行列車が塞いでいる駅間停車防止モードで、現在速度がtarget_speed_no_stop(45.2km/h)を5km/h以上上回って加速しており過剰加速と判断したため低評価とした。
49.0,Train11,巡航フェーズ（駅間走行中）,力行（加速）中,12.0,惰行,6.0,70.0,70.0,59.72,70.0,1645.9,30.0,204.86149575975588,0.0,-6.7,この先制限速度なし,この先目立った勾配なし,前方545.6m先を63.4km/h,後続列車なし,10.0,134.0,未発車,40.0,36.9,anti_mid_stop,0.2,先行が塞いでいるため駅間停車防止モード。現在速度が target_speed_no_stop(36.9km/h) を大幅に上回り過剰加速となっているため減点し、reward 0.2とする。
125.0,Train11,巡航フェーズ（駅間走行中）,力行（加速）中,6.0,ブレーキ（減速）,6.0,70.0,70.0,42.99,70.0,560.3,26.0,90.31077737583644,0.0,6.1,この先制限速度なし,370m先に上り勾配9.2‰あり,前方426.8m先を35.5km/h,後続列車なし,10.0,88.0,未発車,25.0,36.9,anti_mid_stop,0.3,先行列車が塞いでいるためtarget_speed_no_stopを超える力行とノコギリ運転が判定され、機外停車リスクがあるため減点し0.3とする。
128.0,Train11,巡航フェーズ（駅間走行中）,力行（加速）中,2.0,惰行,6.0,70.0,70.0,63.12,70.0,494.4,26.0,192.41106995050282,0.0,6.1,この先制限速度なし,304m先に上り勾配9.2‰あり,前方388.8m先を31.5km/h,後続列車なし,10.0,70.0,未発車,25.0,35.4,anti_mid_stop,0.1,先行列車が塞いでいる駅間停車防止モードで、target_speed_no_stop(35.4km/h) を大幅に上回る力行とノコギリ運転が判定され、評価を大幅に減点した。
60.0,Train11,巡航フェーズ（駅間走行中）,力行（加速）中,23.0,ブレーキ（減速）,6.0,70.0,70.0,46.83,70.0,1753.7,15.0,127.1037918286673,0.0,-6.7,この先制限速度なし,この先目立った勾配なし,前方583.3m先を62.8km/h,後続列車なし,10.0,153.0,未発車,25.0,32.2,anti_mid_stop,0.2,先行列車が塞いでいる駅間停車防止モードで、target_speed_no_stop 32.2km/h を超える46.8km/hの力行は過加速となり機外停車リスクを高めるため減点し、rewardを0.2とした。
60.0,Train11,巡航フェーズ（駅間走行中）,力行（加速）中,19.0,ブレーキ（減速）,6.0,70.0,70.0,47.63,70.0,1660.6,30.0,131.41573837223197,0.0,-6.7,この先制限速度なし,この先目立った勾配なし,前方752.8m先を62.7km/h,後続列車なし,10.0,138.0,未発車,40.0,34.9,anti_mid_stop,0.2,先行が塞いでいる駅間停車防止モードで、現在速度が target_speed_no_stop(34.9km/h) を5km/h以上上回り力行しているため過加速とみなし減点した。
81.0,Train11,巡航フェーズ（駅間走行中）,力行（加速）中,3.0,惰行,6.0,70.0,70.0,66.69,70.0,1041.2,35.0,231.57247914999783,0.0,0.0,この先制限速度なし,51m先に上り勾配12.5‰あり,前方498.5m先を61.4km/h,後続列車なし,10.0,117.0,未発車,40.0,37.7,anti_mid_stop,0.1,先行列車が塞いでいる駅間停車防止モードで、target_speed_no_stopを大幅に超える力行とノコギリ運転が発生し、間隔・エネルギー効率が著しく低下しているため。
56.0,Train11,巡航フェーズ（駅間走行中）,力行（加速）中,15.0,ブレーキ（減速）,6.0,70.0,70.0,43.32,70.0,1711.2,30.0,109.00390395813515,0.0,-6.7,この先制限速度なし,この先目立った勾配なし,前方733.8m先を63.1km/h,後続列車なし,10.0,142.0,未発車,40.0,35.1,anti_mid_stop,0.2,先行列車が塞いでいる駅間停車防止モードで、現在速度が target_speed_no_stop(35.1km/h) を5km/h 超えて力行しているため過加速と判断し減点した。
95.0,Train11,巡航フェーズ（駅間走行中）,力行（加速）中,1.0,惰行,6.0,70.0,70.0,64.6,70.0,795.5,39.0,186.6971493701516,0.0,12.5,この先制限速度なし,この先目立った勾配なし,前方479.0m先を52.9km/h,後続列車なし,10.0,88.0,未発車,40.0,58.3,anti_mid_stop,0.2,先行列車が塞いでいるためtarget_speed_no_stopを超える力行は機外停車リスクを招き、かつノコギリ運転でエネルギー無駄となるため減点する。
75.0,Train11,巡航フェーズ（駅間走行中）,力行（加速）中,5.0,惰行,6.0,70.0,70.0,68.48,70.0,1173.5,33.0,243.8474683233307,0.0,0.0,この先制限速度なし,183m先に上り勾配12.5‰あり,前方527.6m先を62.5km/h,後続列車なし,10.0,108.0,未発車,40.0,44.7,anti_mid_stop,0.1,先行が塞いで駅間停車防止モード。target_speed_no_stop44.7km/h を大幅に超える力行と不合理なノコギリ運転で安全余裕が失われ、評価を大きく減点し0.1とした。
79.0,Train11,巡航フェーズ（駅間走行中）,力行（加速）中,6.0,惰行,6.0,70.0,70.0,56.93,70.0,1473.7,16.0,169.90370735445276,0.0,0.0,この先制限速度なし,483m先に上り勾配12.5‰あり,前方635.6m先を62.4km/h,後続列車なし,10.0,134.0,未発車,25.0,47.6,anti_mid_stop,0.2,先行が塞いで駅間停車防止モード。target_speed_no_stop 47.6km/h を超える56.9km/h の力行は過加速で機外停車リスクがあり、かつ不合理なノコギリ運転と判断し減点し0.2とする。
92.0,Train11,巡航フェーズ（駅間走行中）,力行（加速）中,16.0,惰行,6.0,70.0,70.0,59.05,70.0,1126.7,19.0,182.53427260005523,0.0,0.0,この先制限速度なし,136m先に上り勾配12.5‰あり,前方515.5m先を62.1km/h,後続列車なし,10.0,106.0,未発車,25.0,43.5,anti_mid_stop,0.2,先行列車が塞いでいる駅間停車防止モードで、現在速度が target_speed_no_stop(43.5km/h) を大幅に上回る力行となり機外停車リスクがあるため減点し0.2とした。
49.0,Train11,巡航フェーズ（駅間走行中）,力行（加速）中,16.0,惰行,6.0,70.0,70.0,54.78,70.0,1726.6,30.0,172.99182070748083,0.0,-6.7,この先制限速度なし,この先目立った勾配なし,前方626.3m先を63.4km/h,後続列車なし,10.0,134.0,未発車,40.0,39.0,anti_mid_stop,0.2,先行列車が塞いでいる駅間停車防止モードで、現在速度が target_speed_no_stop(39km/h) を約16km/h 超えて力行しており、機外停車リスクがあるため減点し0.2とした。
107.0,Train11,巡航フェーズ（駅間走行中）,力行（加速）中,5.0,ブレーキ（減速）,6.0,70.0,70.0,50.18,70.0,754.8,32.0,132.5698940030768,0.0,0.0,この先制限速度なし,164m先に上り勾配6.1‰あり,前方494.3m先を47.9km/h,後続列車なし,10.0,99.0,未発車,32.0,31.1,anti_mid_stop,0.2,先行列車が塞いでいる駅間停車防止モードで、target_speed_no_stop 31.1km/h を大幅に上回る力行と、直前ブレーキからの短時間切替でノコギリ運転と判定されたため低評価とした。
102.0,Train11,巡航フェーズ（駅間走行中）,力行（加速）中,8.0,惰行,6.0,70.0,70.0,67.83,70.0,666.8,41.0,239.3559652862947,0.0,0.0,この先制限速度なし,76m先に上り勾配6.1‰あり,前方444.7m先を44.2km/h,後続列車なし,10.0,81.0,未発車,40.0,31.8,anti_mid_stop,0.1,先行が塞いで駅間停車防止モード。target_speed_no_stop 31.8km/h を大幅に上回る力行(67.8km/h)は機外停車リスクとエネルギー浪費を招くため減点し、rewardを0.1とした。
142.0,Train11,巡航フェーズ（駅間走行中）,力行（加速）中,17.0,惰行,6.0,70.0,70.0,51.83,70.0,594.1,36.0,141.2877264035097,0.0,0.0,この先制限速度なし,4m先に上り勾配6.1‰あり,前方594.5m先を0.0km/h,後続列車なし,10.0,56.0,未発車,40.0,37.1,anti_mid_stop,0.1,先行列車が停車しているため駅間停車防止モードでtarget_speed_no_stop 37.1km/hを超える力行は機外停車リスクとエネルギー浪費を招くため大幅減点し0.1とした。
91.0,Train11,巡航フェーズ（駅間走行中）,力行（加速）中,14.0,ブレーキ（減速）,6.0,70.0,70.0,49.77,70.0,1035.4,19.0,130.4449292205855,0.0,0.0,この先制限速度なし,45m先に上り勾配12.5‰あり,前方406.8m先を62.3km/h,後続列車なし,10.0,122.0,未発車,25.0,36.5,anti_mid_stop,0.2,先行が塞ぎ駅間停車防止モード。target_speed_no_stopを超える力行は機外停車を招くため減点し0.2とする。
57.0,Train11,巡航フェーズ（駅間走行中）,力行（加速）中,16.0,ブレーキ（減速）,6.0,70.0,70.0,44.43,70.0,1699.0,30.0,114.5831304968478,0.0,-6.7,この先制限速度なし,この先目立った勾配なし,前方739.0m先を62.4km/h,後続列車なし,10.0,141.0,未発車,40.0,35.5,anti_mid_stop,0.3,先行列車が塞いでいる駅間停車防止モードで、target_speed_no_stop 35.5km/h を超える44.4km/h の力行は過剰加速とみなされ機外停車リスクがあるため減点し0.3とする。
138.0,Train11,巡航フェーズ（駅間走行中）,力行（加速）中,13.0,惰行,6.0,70.0,70.0,48.8,70.0,650.1,40.0,125.48320973743907,0.0,0.0,この先制限速度なし,60m先に上り勾配6.1‰あり,前方650.4m先を0.0km/h,後続列車なし,10.0,60.0,未発車,40.0,38.2,anti_mid_stop,0.2,先行列車が塞いでいるため駅間停車防止モードで、target_speed_no_stop 38.2km/h を超えて48.8km/h の力行は機外停車リスクを増大させるため減点し、0.2とした。
40.0,Train11,巡航フェーズ（駅間走行中）,力行（加速）中,3.0,惰行,6.0,70.0,70.0,51.63,70.0,1785.4,30.0,154.0053145474324,0.0,-6.7,この先制限速度なし,この先目立った勾配なし,前方527.3m先を63.2km/h,後続列車なし,10.0,143.0,未発車,40.0,36.8,anti_mid_stop,0.2,先行列車が塞ぎ駅間停車防止モードで、target_speed_no_stop 36.8km/h を超える力行とノコギリ運転により過加速とエネルギー浪費が生じたため低評価とした。
137.0,Train11,巡航フェーズ（駅間走行中）,力行（加速）中,12.0,惰行,6.0,70.0,70.0,48.01,70.0,663.5,41.0,121.51054844066667,0.0,0.0,この先制限速度なし,73m先に上り勾配6.1‰あり,前方663.9m先を0.5km/h,後続列車なし,10.0,61.0,未発車,40.0,38.8,anti_mid_stop,0.2,先行列車が塞いでいるため駅間停車防止モード。現在速度が target_speed_no_stop を5km/h以上上回り過剰加速で機外停車リスクがあるため大幅減点。
128.0,Train11,巡航フェーズ（駅間走行中）,力行（加速）中,14.0,ブレーキ（減速）,6.0,70.0,70.0,46.55,70.0,502.5,33.0,105.68941410155576,0.0,6.1,この先制限速度なし,312m先に上り勾配9.2‰あり,前方449.2m先を22.3km/h,後続列車なし,10.0,78.0,未発車,32.0,35.0,anti_mid_stop,0.2,駅間停車防止モードで target_speed_no_stop(35km/h) を超える 46.5km/h の力行は過加速となり、先行列車に追いつく危険があるため減点し0.2とした。
100.0,Train11,巡航フェーズ（駅間走行中）,力行（加速）中,15.0,ブレーキ（減速）,6.0,70.0,70.0,52.81,70.0,1191.0,21.0,146.59117450125683,0.0,0.0,この先制限速度なし,201m先に上り勾配12.5‰あり,前方715.6m先を59.7km/h,後続列車なし,10.0,113.0,未発車,25.0,43.8,anti_mid_stop,0.2,先行列車が塞いでいる駅間停車防止モードで、現在速度が target_speed_no_stop+5km/h を超えて力行しており機外停車リスクがあるため大幅減点し0.2とした。
164.0,Train11,巡航フェーズ（駅間走行中）,力行（加速）中,28.0,ブレーキ（減速）,6.0,70.0,70.0,47.48,70.0,527.5,14.0,109.89925351870761,0.0,6.1,この先制限速度なし,337m先に上り勾配9.2‰あり,前方527.9m先を0.0km/h,後続列車なし,10.0,49.0,未発車,25.0,42.3,anti_mid_stop,0.5,先行列車が停車しているため駅間停車防止モードと判定し、target_speed_no_stop 42.3km/h を5km/h超える力行を継続して過加速とみなした。
61.0,Train11,巡航フェーズ（駅間走行中）,力行（加速）中,42.0,ブレーキ（減速）,6.0,70.0,70.0,62.55,70.0,1564.5,22.0,204.31994625963281,0.0,0.0,この先制限速度なし,この先目立った勾配なし,前方534.6m先を63.3km/h,後続列車なし,10.0,145.0,未発車,32.0,48.1,anti_mid_stop,0.2,先行列車が塞いでいるため駅間停車防止モードで、現在速度がtarget_speed_no_stop＋5km/hを超えて力行しており機外停車リスクがある。
35.0,Train11,巡航フェーズ（駅間走行中）,力行（加速）中,36.0,ブレーキ（減速）,30.0,70.0,70.0,52.98,70.0,1854.2,22.0,151.77626602905448,0.0,-2.1,この先制限速度なし,64m先に下り勾配6.7‰あり,前方368.0m先を63.0km/h,後続列車なし,10.0,156.0,未発車,32.0,47.6,anti_mid_stop,0.6,駅間停車防止モードで先行列車が塞いでいるため target_speed_no_stop 47.6km/h が上限だが、現在速度が53km/h と上回っており過剰な力行となっている。
168.0,Train11,巡航フェーズ（駅間走行中）,力行（加速）中,32.0,ブレーキ（減速）,6.0,70.0,70.0,49.77,70.0,473.4,10.0,120.60307691638265,0.0,6.1,この先制限速度なし,283m先に上り勾配9.2‰あり,前方473.8m先を0.0km/h,後続列車なし,10.0,45.0,未発車,25.0,40.0,anti_mid_stop,0.2,先行列車が塞いでいるため駅間停車防止モード。target_speed_no_stop 40km/h を超えて49.8km/h の力行は過加速で機外停車リスクがあり、区間間隔も不足し評価を低減した。
38.0,Train11,巡航フェーズ（駅間走行中）,力行（加速）中,39.0,ブレーキ（減速）,30.0,70.0,70.0,55.28,70.0,1809.0,30.0,164.99036638750835,0.0,-2.1,この先制限速度なし,19m先に下り勾配6.7‰あり,前方515.8m先を62.9km/h,後続列車なし,10.0,160.0,未発車,40.0,45.1,anti_mid_stop,0.2,先行列車が塞いでいるためtarget_speed_no_stopを超える力行は機外停車リスクを招き、過加速として減点し0.2とした。
65.0,Train11,巡航フェーズ（駅間走行中）,力行（加速）中,28.0,ブレーキ（減速）,6.0,70.0,70.0,51.88,70.0,1685.1,15.0,155.47383110385002,0.0,-6.7,この先制限速度なし,この先目立った勾配なし,前方602.4m先を63.2km/h,後続列車なし,10.0,148.0,未発車,25.0,32.3,anti_mid_stop,0.2,先行列車が塞いでいる駅間停車防止モードで、現在速度が target_speed_no_stop を5km/h以上上回る過剰加速を行っているため減点対象となった。
124.0,Train11,巡航フェーズ（駅間走行中）,力行（加速）中,5.0,ブレーキ（減速）,6.0,70.0,70.0,42.31,70.0,572.1,26.0,87.50672414777848,0.0,6.1,この先制限速度なし,382m先に上り勾配9.2‰あり,前方428.6m先を36.8km/h,後続列車なし,10.0,89.0,未発車,25.0,37.3,anti_mid_stop,0.4,先行列車が塞いで駅間停車防止モード。target_speed_no_stop を5km/h超えているが許容範囲。一方、ブレーキ後5秒の力行は合理的理由がなくノコギリ運転と判定され、reward上限0.5に抑えて0.4とした。
86.0,Train11,巡航フェーズ（駅間走行中）,力行（加速）中,8.0,惰行,6.0,70.0,70.0,57.96,70.0,1206.0,36.0,175.98669662721198,0.0,0.0,この先制限速度なし,215m先に上り勾配12.5‰あり,前方747.1m先を59.3km/h,後続列車なし,10.0,97.0,未発車,40.0,49.7,anti_mid_stop,0.2,先行列車が塞いでいるためtarget_speed_no_stop 49.7km/hを超える58km/hの力行は機外停車リスクを招く過剰加速と判断し減点した。
64.0,Train11,巡航フェーズ（駅間走行中）,力行（加速）中,9.0,惰行,6.0,70.0,70.0,67.17,70.0,1357.1,31.0,234.83513065513165,0.0,0.0,この先制限速度なし,367m先に上り勾配12.5‰あり,前方519.1m先を62.4km/h,後続列車なし,10.0,134.0,未発車,40.0,44.1,anti_mid_stop,0.2,先行列車が塞いでいる駅間停車防止モードで、target_speed_no_stop44.1km/hを大幅に上回る力行は機外停車リスクが高く、過剰加速と判断し低評価とした。
58.0,Train11,巡航フェーズ（駅間走行中）,力行（加速）中,21.0,ブレーキ（減速）,6.0,70.0,70.0,44.68,70.0,1779.1,15.0,115.85821814920787,0.0,-6.7,この先制限速度なし,この先目立った勾配なし,前方573.7m先を63.2km/h,後続列車なし,10.0,155.0,未発車,25.0,32.6,anti_mid_stop,0.2,先行が塞いで駅間停車防止モード。現在速度が target_speed_no_stop を5km/h超えており、過剰な力行は機外停車リスクとエネルギー浪費を招くため0.2とした。
72.0,Train11,巡航フェーズ（駅間走行中）,力行（加速）中,3.0,惰行,6.0,70.0,70.0,63.86,70.0,1370.8,23.0,212.7705209854319,0.0,0.0,この先制限速度なし,380m先に上り勾配12.5‰あり,前方532.7m先を62.4km/h,後続列車なし,10.0,134.0,未発車,32.0,44.7,anti_mid_stop,0.1,先行列車が塞いでいる駅間停車防止モードで、target_speed_no_stop44.7km/hを大幅に上回る力行とノコギリ運転が判定され、安全・省エネ基準を著しく下回るため減点。
139.0,Train11,巡航フェーズ（駅間走行中）,力行（加速）中,14.0,惰行,6.0,70.0,70.0,49.58,70.0,636.4,39.0,129.46577479023853,0.0,0.0,この先制限速度なし,46m先に上り勾配6.1‰あり,前方636.8m先を0.0km/h,後続列車なし,10.0,59.0,未発車,40.0,38.2,anti_mid_stop,0.2,先行列車が停車しているため駅間停車防止モードと判定し、target_speed_no_stop 38.2km/h を超えて49.6km/h の力行を続けている点が過剰加速とみなされ減点対象となった。
101.0,Train11,巡航フェーズ（駅間走行中）,力行（加速）中,16.0,ブレーキ（減速）,6.0,70.0,70.0,53.51,70.0,1176.2,21.0,150.43644992445735,0.0,0.0,この先制限速度なし,186m先に上り勾配12.5‰あり,前方717.4m先を59.3km/h,後続列車なし,10.0,112.0,未発車,25.0,43.7,anti_mid_stop,0.2,先行列車が塞いで駅間停車防止モードとなっているが、現在速度が target_speed_no_stop を5km/h以上上回って力行しており過剰加速と判断したため減点した。
41.0,Train11,巡航フェーズ（駅間走行中）,力行（加速）中,42.0,ブレーキ（減速）,30.0,70.0,70.0,57.74,70.0,1762.0,22.0,191.783046892321,0.0,-6.7,この先制限速度なし,この先目立った勾配なし,前方381.0m先を63.2km/h,後続列車なし,10.0,150.0,未発車,32.0,34.0,anti_mid_stop,0.1,先行が塞いでいる駅間停車防止モードで、target_speed_no_stop 34km/h を大幅に上回る57.7km/h の力行は機外停車リスクを増大させるため減点し、reward 0.1とした。
148.0,Train11,巡航フェーズ（駅間走行中）,力行（加速）中,23.0,惰行,6.0,70.0,70.0,54.83,70.0,505.2,30.0,145.94408219157475,0.0,6.1,この先制限速度なし,315m先に上り勾配9.2‰あり,前方505.5m先を0.0km/h,後続列車なし,10.0,50.0,未発車,40.0,40.4,anti_mid_stop,0.2,先行列車が停止している駅間停車防止モードで、現在速度54.8km/hがtarget_speed_no_stop40.4km/hを約14km/h上回り過剰加速しているため減点し、rewardは0.2とした。
97.0,Train11,巡航フェーズ（駅間走行中）,力行（加速）中,21.0,惰行,6.0,70.0,70.0,61.95,70.0,1042.7,20.0,200.50319032605776,0.0,0.0,この先制限速度なし,52m先に上り勾配12.5‰あり,前方517.0m先を61.0km/h,後続列車なし,10.0,101.0,未発車,25.0,41.7,anti_mid_stop,0.2,先行が塞いでいる駅間停車防止モードで、target_speed_no_stop 41.7km/h を大幅に上回る62km/h の力行は過加速とみなされ機外停車リスクがあるため減点し0.2とした。
46.0,Train11,巡航フェーズ（駅間走行中）,力行（加速）中,47.0,ブレーキ（減速）,30.0,70.0,70.0,61.88,70.0,1678.9,30.0,219.5897088907447,0.0,-6.7,この先制限速度なし,この先目立った勾配なし,前方526.0m先を63.3km/h,後続列車なし,10.0,152.0,未発車,40.0,30.6,anti_mid_stop,0.1,先行列車が塞いで駅間停車防止モード。target_speed_no_stop 30.6km/h を大幅に上回る61.9km/h の力行は機外停車リスクとエネルギー浪費を招くため減点し0.1とする。
59.0,Train11,巡航フェーズ（駅間走行中）,力行（加速）中,40.0,ブレーキ（減速）,6.0,70.0,70.0,61.44,70.0,1599.0,22.0,197.28557138306002,0.0,0.0,この先制限速度なし,この先目立った勾配なし,前方533.8m先を63.0km/h,後続列車なし,10.0,147.0,未発車,32.0,48.7,anti_mid_stop,0.2,先行列車が塞いで駅間停車防止モード。現在速度が target_speed_no_stop＋5km/h を超えて力行しており、機外停車リスクがあるため減点し、reward 0.2 とした。
59.0,Train11,巡航フェーズ（駅間走行中）,力行（加速）中,4.0,惰行,6.0,70.0,70.0,64.75,70.0,1448.7,30.0,218.6032439453348,0.0,0.0,この先制限速度なし,458m先に上り勾配12.5‰あり,前方523.5m先を62.6km/h,後続列車なし,10.0,139.0,未発車,40.0,45.9,anti_mid_stop,0.2,先行が塞いで駅間停車防止モード。target_speed_no_stop45.9km/hを超えて64.8km/hの力行は過剰加速で機外停車リスクがあり、さらに惰行→力行のノコギリ運転で評価上限が低くなるため0.2とした。
88.0,Train11,巡航フェーズ（駅間走行中）,力行（加速）中,12.0,惰行,6.0,70.0,70.0,56.54,70.0,1191.0,18.0,167.6269353141699,0.0,0.0,この先制限速度なし,200m先に上り勾配12.5‰あり,前方510.3m先を63.0km/h,後続列車なし,10.0,110.0,未発車,25.0,44.5,anti_mid_stop,0.2,先行が塞いで駅間停車防止モード。target_speed_no_stop44.5km/h を超える56.5km/h の力行は機外停車リスクがあるため減点し0.2とした。
48.0,Train11,巡航フェーズ（駅間走行中）,力行（加速）中,29.0,ブレーキ（減速）,6.0,70.0,70.0,52.41,70.0,1774.0,22.0,158.60901413214427,0.0,-6.7,この先制限速度なし,この先目立った勾配なし,前方515.9m先を63.2km/h,後続列車なし,10.0,158.0,未発車,32.0,31.0,anti_mid_stop,0.2,先行列車が塞いでいるため駅間停車防止モードで、target_speed_no_stop 31km/h を大きく超える力行を続け、機外停車リスクとエネルギー浪費が生じたため0.2とした。
122.0,Train11,巡航フェーズ（駅間走行中）,力行（加速）中,36.0,惰行,6.0,70.0,70.0,62.35,70.0,634.9,33.0,203.04393607155677,0.0,0.0,この先制限速度なし,44m先に上り勾配6.1‰あり,前方537.9m先を30.2km/h,後続列車なし,10.0,69.0,未発車,32.0,33.9,anti_mid_stop,0.1,先行列車が塞いでいる駅間停車防止モードで、target_speed_no_stop 33.9km/h を大幅に超える力行を継続している点が減点要因。
63.0,Train11,巡航フェーズ（駅間走行中）,力行（加速）中,8.0,惰行,6.0,70.0,70.0,66.7,70.0,1375.7,31.0,231.64023404919988,0.0,0.0,この先制限速度なし,385m先に上り勾配12.5‰あり,前方520.2m先を63.0km/h,後続列車なし,10.0,135.0,未発車,40.0,44.6,anti_mid_stop,0.1,先行列車が塞いでいる駅間停車防止モードで、現在速度がtarget_speed_no_stop44.6km/hを大幅に上回り力行しているため過加速と間隔短縮が生じ、評価は0.1とした。
94.0,Train11,巡航フェーズ（駅間走行中）,力行（加速）中,8.0,惰行,6.0,70.0,70.0,49.65,70.0,1070.8,28.0,129.82610411189643,0.0,0.0,この先制限速度なし,80m先に上り勾配12.5‰あり,前方612.0m先を59.3km/h,後続列車なし,10.0,97.0,未発車,32.0,44.1,anti_mid_stop,0.7,先行列車が塞いでいる駅間停車防止モードで、現在速度が target_speed_no_stop をわずか5km/h 超えており過剰加速と判断したため減点した。
71.0,Train11,巡航フェーズ（駅間走行中）,力行（加速）中,1.0,惰行,6.0,70.0,70.0,66.65,70.0,1248.6,32.0,231.30155196255356,0.0,0.0,この先制限速度なし,258m先に上り勾配12.5‰あり,前方532.7m先を63.4km/h,後続列車なし,10.0,112.0,未発車,40.0,45.9,anti_mid_stop,0.2,先行列車が塞いでいる駅間停車防止モードで、現在速度がtarget_speed_no_stop 45.9km/hを約20km/h超えて力行し、さらに短時間のノコギリ運転が判定されたため減点し0.2とした。
100.0,Train11,巡航フェーズ（駅間走行中）,力行（加速）中,24.0,惰行,6.0,70.0,70.0,63.58,70.0,990.4,21.0,210.95079534020252,0.0,0.0,この先制限速度なし,0m先に上り勾配12.5‰あり,前方515.0m先を59.7km/h,後続列車なし,10.0,98.0,未発車,25.0,40.3,anti_mid_stop,0.2,先行列車が塞いでいる駅間停車防止モードで、現在速度が target_speed_no_stop(40.3km/h) を大幅に上回り力行しているため過加速とみなし減点し、rewardを0.2とした。
58.0,Train11,巡航フェーズ（駅間走行中）,力行（加速）中,20.0,惰行,6.0,70.0,68.5,64.18,70.0,1499.4,15.0,214.85917402763098,0.0,0.0,この先制限速度なし,この先目立った勾配なし,前方293.9m先を63.2km/h,後続列車なし,10.0,155.0,未発車,25.0,44.3,anti_mid_stop,0.2,先行列車が塞いでいる駅間停車防止モードで、target_speed_no_stop44.3km/h を20km/h 超えて加速しており機外停車リスクがあるため減点し0.2とした。
61.0,Train11,巡航フェーズ（駅間走行中）,力行（加速）中,24.0,惰行,6.0,70.0,70.0,66.22,70.0,1435.5,30.0,228.3984281968217,0.0,0.0,この先制限速度なし,445m先に上り勾配12.5‰あり,前方545.1m先を62.8km/h,後続列車なし,10.0,122.0,未発車,40.0,49.6,anti_mid_stop,0.2,先行が塞いでいる駅間停車防止モードで、現在速度がtarget_speed_no_stop(49.6km/h)を16.6km/h上回り過剰加速しているため減点し、rewardを0.2とした。
43.0,Train11,巡航フェーズ（駅間走行中）,力行（加速）中,6.0,惰行,6.0,70.0,70.0,54.47,70.0,1741.1,30.0,171.07688140844556,0.0,-6.7,この先制限速度なし,この先目立った勾配なし,前方535.7m先を63.2km/h,後続列車なし,10.0,140.0,未発車,40.0,37.1,anti_mid_stop,0.2,先行列車が塞いでいる駅間停車防止モードで、現在速度が target_speed_no_stop(37.1km/h) を大幅に上回り力行している上、6秒未満のノコギリ運転があり、過剰加速と不必要な切替により評価を低くし0.2とした。
51.0,Train11,巡航フェーズ（駅間走行中）,力行（加速）中,28.0,ブレーキ（減速）,6.0,70.0,70.0,54.2,70.0,1717.5,15.0,169.41726362176055,0.0,-6.7,この先制限速度なし,この先目立った勾配なし,前方389.2m先を63.3km/h,後続列車なし,10.0,147.0,未発車,25.0,33.5,anti_mid_stop,0.2,先行が塞ぎ駅間停車防止モードで、target_speed_no_stop 33.5km/h を超える54.2km/h の力行は過剰加速で機外停車リスクがあるため減点し、reward 0.2とした。
87.0,Train11,巡航フェーズ（駅間走行中）,力行（加速）中,10.0,ブレーキ（減速）,6.0,70.0,70.0,46.6,70.0,1088.9,18.0,114.57302505969679,0.0,0.0,この先制限速度なし,98m先に上り勾配12.5‰あり,前方390.7m先を63.2km/h,後続列車なし,10.0,126.0,未発車,25.0,37.5,anti_mid_stop,0.2,先行列車が塞いでいるためtarget_speed_no_stop 37.5km/hを超える9km/hの加速は機外停車リスクを増大させ、エネルギー無駄となるため減点し0.2とする。
56.0,Train11,巡航フェーズ（駅間走行中）,力行（加速）中,37.0,ブレーキ（減速）,6.0,70.0,70.0,59.56,70.0,1649.4,22.0,203.78960015985663,0.0,-6.7,この先制限速度なし,この先目立った勾配なし,前方531.6m先を62.9km/h,後続列車なし,10.0,150.0,未発車,32.0,30.7,anti_mid_stop,0.1,先行列車が塞いでいるため機外停車防止モードで、target_speed_no_stop 30.7km/h を大幅に上回る力行は過加速とみなされ減点対象となる。
136.0,Train11,巡航フェーズ（駅間走行中）,力行（加速）中,17.0,ブレーキ（減速）,6.0,70.0,70.0,49.68,70.0,418.4,26.0,120.17336212982813,0.0,6.1,この先制限速度なし,228m先に上り勾配9.2‰あり,前方371.1m先を21.0km/h,後続列車なし,10.0,77.0,未発車,25.0,31.5,anti_mid_stop,0.2,先行列車が塞いでいるため駅間停車防止モードで、速度がtarget_speed_no_stop(31.5km/h)を5km/h以上超えて力行しているので過剰加速とみなされ減点対象となる。
133.0,Train11,巡航フェーズ（駅間走行中）,力行（加速）中,14.0,ブレーキ（減速）,6.0,70.0,70.0,47.97,70.0,459.1,26.0,112.14925570987728,0.0,6.1,この先制限速度なし,269m先に上り勾配9.2‰あり,前方392.7m先を24.9km/h,後続列車なし,10.0,80.0,未発車,25.0,33.1,anti_mid_stop,0.2,先行列車が塞いでいる駅間停車防止モードで、現在速度48km/hが target_speed_no_stop(33.1km/h) を大幅に上回る過剰加速となり機外停車リスクがあるため減点し、rewardを0.2とした。
108.0,Train11,巡航フェーズ（駅間走行中）,力行（加速）中,4.0,惰行,6.0,70.0,70.0,65.65,66.2,542.7,41.0,207.795787030323,0.0,6.1,この先制限速度なし,352m先に上り勾配9.2‰あり,前方388.8m先を38.1km/h,後続列車なし,10.0,90.0,未発車,40.0,36.1,anti_mid_stop,0.1,先行が塞いでいるためtarget_speed_no_stopを大幅に超える力行とノコギリ運転があり、安全・効率が損なわれた。
118.0,Train11,巡航フェーズ（駅間走行中）,力行（加速）中,32.0,惰行,6.0,70.0,70.0,60.08,70.0,702.9,33.0,188.82521951338083,0.0,0.0,この先制限速度なし,112m先に上り勾配6.1‰あり,前方569.4m先を35.5km/h,後続列車なし,10.0,73.0,未発車,32.0,35.7,anti_mid_stop,0.1,駅間停車防止モードでtarget_speed_no_stop 35.7km/h を大幅に上回る60.1km/h の力行は過加速で機外停車リスクが高く、評価を大幅減点し0.1とした。
82.0,Train11,巡航フェーズ（駅間走行中）,力行（加速）中,6.0,惰行,6.0,70.0,70.0,52.43,70.0,1281.8,16.0,144.52365256160797,0.0,0.0,この先制限速度なし,291m先に上り勾配12.5‰あり,前方495.9m先を62.8km/h,後続列車なし,10.0,116.0,未発車,25.0,46.1,anti_mid_stop,0.4,先行列車が塞いでいるため駅間停車防止モードで、target_speed_no_stopを超える力行は不適切だが速度は許容範囲内。短時間の力行・惰行切替がノコギリ運転と判定され、上限0.5に抑えた。
96.0,Train11,巡航フェーズ（駅間走行中）,力行（加速）中,20.0,惰行,6.0,70.0,70.0,61.39,70.0,1059.8,20.0,196.97143724068988,0.0,0.0,この先制限速度なし,69m先に上り勾配12.5‰あり,前方517.1m先を61.4km/h,後続列車なし,10.0,102.0,未発車,25.0,42.2,anti_mid_stop,0.1,先行列車が塞いで駅間停車防止モード。target_speed_no_stop 42.2km/h を大幅に上回る61.4km/h の力行は機外停車リスクが高く過剰加速とみなして減点し、reward 0.1とする。
131.0,Train11,巡航フェーズ（駅間走行中）,力行（加速）中,17.0,ブレーキ（減速）,6.0,70.0,70.0,48.32,70.0,462.9,33.0,113.76986340350345,0.0,6.1,この先制限速度なし,272m先に上り勾配9.2‰あり,前方426.6m先を18.4km/h,後続列車なし,10.0,75.0,未発車,32.0,33.5,anti_mid_stop,0.2,先行が塞いで駅間停車防止モード。target_speed_no_stop(33.5km/h)を5km/h以上上回る力行は機外停車リスクを招くため減点し、0.2とした。
90.0,Train11,巡航フェーズ（駅間走行中）,力行（加速）中,13.0,ブレーキ（減速）,6.0,70.0,70.0,49.0,70.0,1049.1,18.0,126.49868443413537,0.0,0.0,この先制限速度なし,59m先に上り勾配12.5‰あり,前方403.2m先を62.5km/h,後続列車なし,10.0,123.0,未発車,25.0,36.9,anti_mid_stop,0.2,先行列車が塞いでいる駅間停車防止モードで、現在速度が target_speed_no_stop を超過し過剰加速となり機外停車リスクがあるため減点。
98.0,Train11,巡航フェーズ（駅間走行中）,力行（加速）中,5.0,惰行,6.0,70.0,70.0,52.46,70.0,1162.1,40.0,144.68636792935717,0.0,0.0,この先制限速度なし,172m先に上り勾配12.5‰あり,前方888.1m先を49.1km/h,後続列車なし,10.0,100.0,未発車,40.0,46.7,anti_mid_stop,0.2,先行列車が塞いで駅間停車防止モード。current_speedがtarget_speed_no_stopを超えており、上限超えの力行と短時間のノコギリ運転が判定され、reward上限が0.5以下に抑えられた。
88.0,Train11,巡航フェーズ（駅間走行中）,力行（加速）中,11.0,ブレーキ（減速）,6.0,70.0,70.0,47.41,70.0,1075.9,18.0,118.53441887918555,0.0,0.0,この先制限速度なし,85m先に上り勾配12.5‰あり,前方395.1m先を63.0km/h,後続列車なし,10.0,125.0,未発車,25.0,37.4,anti_mid_stop,0.2,先行列車が塞いでいるため駅間停車防止モード。現在速度がtarget_speed_no_stop(37.4km/h)を10km/h上回り力行しているため過加速と判断し、0.2点とした。
84.0,Train11,巡航フェーズ（駅間走行中）,力行（加速）中,8.0,惰行,6.0,70.0,70.0,53.85,70.0,1252.3,17.0,152.32128608391537,0.0,0.0,この先制限速度なし,262m先に上り勾配12.5‰あり,前方501.5m先を63.1km/h,後続列車なし,10.0,114.0,未発車,25.0,45.7,anti_mid_stop,0.3,先行列車が塞いで駅間停車防止モード。target_speed_no_stop を超える力行は機外停車リスクがあるため減点。
90.0,Train11,巡航フェーズ（駅間走行中）,力行（加速）中,14.0,惰行,6.0,70.0,70.0,57.82,70.0,1159.2,18.0,175.1539299933526,0.0,0.0,この先制限速度なし,169m先に上り勾配12.5‰あり,前方513.3m先を62.5km/h,後続列車なし,10.0,108.0,未発車,25.0,44.1,anti_mid_stop,0.2,先行列車が塞いでいるため駅間停車防止モードで、target_speed_no_stop44.1km/hを13.7km/h上回る力行は過加速とみなされ減点対象となる。
47.0,Train11,巡航フェーズ（駅間走行中）,力行（加速）中,14.0,惰行,6.0,70.0,70.0,52.91,70.0,1756.5,30.0,161.5940101929154,0.0,-6.7,この先制限速度なし,この先目立った勾配なし,前方621.2m先を63.1km/h,後続列車なし,10.0,136.0,未発車,40.0,38.7,anti_mid_stop,0.2,先行列車が塞いでいるため駅間停車防止モードで、現在速度が target_speed_no_stop(38.7km/h) を 14km/h 超えて力行しており過剰加速と判断し減点した。
85.0,Train11,巡航フェーズ（駅間走行中）,力行（加速）中,8.0,ブレーキ（減速）,6.0,70.0,70.0,44.93,70.0,1114.4,17.0,106.61077791863866,0.0,0.0,この先制限速度なし,124m先に上り勾配12.5‰あり,前方381.0m先を62.9km/h,後続列車なし,10.0,128.0,未発車,25.0,38.0,anti_mid_stop,0.3,先行列車が塞いでいる駅間停車防止モードで、現在速度が target_speed_no_stop+5km/h を超えて力行し機外停車リスクがあるため減点し、rewardを0.3とした。
47.0,Train11,巡航フェーズ（駅間走行中）,力行（加速）中,9.0,惰行,6.0,70.0,64.4,57.23,70.0,1686.0,15.0,188.4801890014209,0.0,-6.7,この先制限速度なし,この先目立った勾配なし,前方287.4m先を63.4km/h,後続列車なし,10.0,166.0,未発車,25.0,25.1,anti_mid_stop,0.1,駅間停車防止モードでtarget_speed_no_stop 25.1km/h を大きく超える57.2km/hの力行は機外停車リスクを招くため減点し、rewardは0.1とした。
40.0,Train11,巡航フェーズ（駅間走行中）,力行（加速）中,41.0,ブレーキ（減速）,30.0,70.0,70.0,56.87,70.0,1777.9,22.0,186.16505544331773,0.0,-6.7,この先制限速度なし,この先目立った勾配なし,前方379.4m先を63.4km/h,後続列車なし,10.0,151.0,未発車,32.0,34.0,anti_mid_stop,0.1,先行列車が塞いでいる駅間停車防止モードで、現在速度が target_speed_no_stop+5km/h を大きく超えて加速しているため過剰加速とみなし低評価。
54.0,Train11,巡航フェーズ（駅間走行中）,力行（加速）中,35.0,ブレーキ（減速）,6.0,70.0,70.0,57.87,70.0,1682.1,22.0,192.62927520400257,0.0,-6.7,この先制限速度なし,この先目立った勾配なし,前方529.2m先を63.3km/h,後続列車なし,10.0,152.0,未発車,32.0,30.6,anti_mid_stop,0.1,先行列車が塞いでいるため駅間停車防止モードと判定し、target_speed_no_stop 30.6km/h を大幅に上回る57.9km/h の力行を続けているため過加速とみなし減点し、rewardを0.1とした。
39.0,Train11,巡航フェーズ（駅間走行中）,力行（加速）中,40.0,ブレーキ（減速）,30.0,70.0,70.0,56.01,70.0,1793.6,22.0,169.29388975465542,0.0,-2.1,この先制限速度なし,3m先に下り勾配6.7‰あり,前方377.5m先を62.9km/h,後続列車なし,10.0,152.0,未発車,32.0,47.0,anti_mid_stop,0.2,先行列車が塞いでいるため駅間停車防止モード。target_speed_no_stop 47km/h を9km/h 超えて加速しており、機外停車リスクがあるため減点し0.2とした。
88.0,Train11,巡航フェーズ（駅間走行中）,力行（加速）中,10.0,惰行,6.0,70.0,70.0,59.19,70.0,1173.4,37.0,183.3834389899358,0.0,0.0,この先制限速度なし,183m先に上り勾配12.5‰あり,前方747.3m先を58.4km/h,後続列車なし,10.0,95.0,未発車,40.0,48.9,anti_mid_stop,0.2,先行列車が塞いでいるため駅間停車防止モードで、target_speed_no_stop 48.9km/h を 10km/h 超える力行は機外停車リスクを招く過剰加速と判断し減点した。
52.0,Train11,巡航フェーズ（駅間走行中）,力行（加速）中,29.0,ブレーキ（減速）,6.0,70.0,70.0,55.12,70.0,1702.3,15.0,175.1036818691132,0.0,-6.7,この先制限速度なし,この先目立った勾配なし,前方391.6m先を63.1km/h,後続列車なし,10.0,146.0,未発車,25.0,33.7,anti_mid_stop,0.1,先行が塞ぎ駅間停車防止モードで、target_speed_no_stop 33.7km/h を大幅に上回る55.1km/h の力行は過加速とみなされ、0.1点とした。
88.0,Train11,巡航フェーズ（駅間走行中）,力行（加速）中,2.0,惰行,6.0,70.0,70.0,67.25,70.0,1074.4,27.0,235.38097295222403,0.0,0.0,この先制限速度なし,84m先に上り勾配12.5‰あり,前方514.7m先を61.8km/h,後続列車なし,10.0,118.0,未発車,32.0,38.6,anti_mid_stop,0.1,先行列車が塞いでいる駅間停車防止モードで、target_speed_no_stop 38.6km/h を大幅に超える力行とノコギリ運転が判定されたため減点し、最終rewardは0.1とした。
109.0,Train11,巡航フェーズ（駅間走行中）,力行（加速）中,5.0,惰行,6.0,70.0,70.0,65.92,66.7,524.4,41.0,209.47045730960318,0.0,6.1,この先制限速度なし,334m先に上り勾配9.2‰あり,前方380.9m先を36.8km/h,後続列車なし,10.0,89.0,未発車,40.0,35.5,anti_mid_stop,0.2,先行列車が塞いでいる駅間停車防止モードで、target_speed_no_stop 35.5km/h を大幅に上回る65.9km/h の力行は過加速・機外停車リスクがあり、ノコギリ運転も発生しているため低評価。
76.0,Train11,巡航フェーズ（駅間走行中）,力行（加速）中,7.0,惰行,6.0,70.0,70.0,65.88,70.0,1298.7,24.0,226.1150511313648,0.0,0.0,この先制限速度なし,308m先に上り勾配12.5‰あり,前方530.3m先を63.3km/h,後続列車なし,10.0,130.0,未発車,32.0,43.3,anti_mid_stop,0.1,駅間停車防止モードで target_speed_no_stop 43.3km/h を大きく上回る 65.9km/h の力行は過剰加速とみなされ減点対象となる。
173.0,Train11,巡航フェーズ（駅間走行中）,力行（加速）中,37.0,ブレーキ（減速）,6.0,70.0,70.0,52.41,70.0,402.4,5.0,133.53558161774794,0.0,6.1,この先制限速度なし,212m先に上り勾配9.2‰あり,前方402.8m先を0.0km/h,後続列車なし,10.0,40.0,未発車,25.0,36.8,anti_mid_stop,0.2,先行列車が停車しているため駅間停車防止モードと判定し、target_speed_no_stop 36.8km/h を超える52.4km/h の力行は過剰加速とみなして減点し、0.2点とした。
54.0,Train11,巡航フェーズ（駅間走行中）,力行（加速）中,13.0,ブレーキ（減速）,6.0,70.0,70.0,41.05,70.0,1734.7,30.0,98.01326905451559,0.0,-6.7,この先制限速度なし,この先目立った勾配なし,前方722.2m先を63.1km/h,後続列車なし,10.0,144.0,未発車,40.0,35.5,anti_mid_stop,0.5,先行列車が塞いでいるため駅間停車防止モード。現在速度が target_speed_no_stop を5km/h 超えており、過剰な力行となっているため減点。
44.0,Train11,巡航フェーズ（駅間走行中）,力行（加速）中,45.0,ブレーキ（減速）,30.0,70.0,70.0,60.27,70.0,1712.8,22.0,208.56625464974854,0.0,-6.7,この先制限速度なし,この先目立った勾配なし,前方384.6m先を63.3km/h,後続列車なし,10.0,147.0,未発車,32.0,33.6,anti_mid_stop,0.2,先行列車が塞いでいる駅間停車防止モードで、target_speed_no_stop 33.6km/h を大幅に上回る 60.3km/h の力行は過剰加速とみなされ機外停車リスクが高く評価を減点した。
118.0,Train11,巡航フェーズ（駅間走行中）,力行（加速）中,3.0,惰行,6.0,70.0,70.0,63.55,70.0,672.3,26.0,210.7562594001299,0.0,0.0,この先制限速度なし,82m先に上り勾配6.1‰あり,前方462.2m先を42.9km/h,後続列車なし,10.0,80.0,未発車,25.0,32.3,anti_mid_stop,0.1,先行列車が塞いでいる駅間停車防止モードで、target_speed_no_stop 32.3km/h を大幅に上回る力行とノコギリ運転が判定され、過加速により評価を大きく減点し0.1とした。
