start,speed_limit
0,70
0.211,55
0.35,35
0.45,70
3.18,35
3.257745911,70
9.793842803,15
9.90623189,70
11.83283942,45
12.08,50
12.37,45
12.45387391,70
14.81,35
14.82,45
14.92,70
18.03515485,45
18.1,35
18.2,70
18.56237105,70
19.50249425,15
19.6614123,70
30.12982613,45
30.4,50
