time,train_id,phase,current_notch,holding_time,prev_notch,prev_notch_duration,speed_limit,signal_speed,current_speed,required_speed,dist_to_next_station,time_to_next_station,req_stop_dist,delay,current_gradient,next_limit_info,next_gradient_info,forward_info,backward_info,forward_train_delay,forward_clear_remaining_time,forward_departed_next,standard_headway,target_speed_no_stop,forward_observed_delay,mode,reward,reason
0,Train11,巡航フェーズ（駅間走行中）,力行（加速）中,1.0,ブレーキ（減速）,8.0,70.0,70.0,2.5,68.6,1650.0,122.0,0.33571382522419596,0.0,0.0,この先制限速度なし,この先目立った勾配なし,先行列車なし,後続列車なし,0,0,,0,68.6,0,normal,0.1,巡航フェーズで必要速度68.6km/hに対し2.5km/hと大幅に遅く、遅延運転かつ省エネ性が低いため0.1点とした。
1,Train11,巡航フェーズ（駅間走行中）,力行（加速）中,1.0,ブレーキ（減速）,8.0,70.0,70.0,2.5,70.0,1200.0,88.0,0.33571382522419596,0.0,0.0,この先制限速度なし,この先目立った勾配なし,先行列車なし,後続列車なし,0,0,,0,70.0,0,normal,1.0,巡航フェーズでrequired_speed未達のため加速は適切で、速度は制限内・CBTC遵守、即時ゼロ違反なし、ノコギリ運転でもなく全体的に適切と判断した。
2,Train11,巡航フェーズ（駅間走行中）,力行（加速）中,1.0,ブレーキ（減速）,8.0,70.0,70.0,2.5,70.0,900.0,65.0,0.33571382522419596,0.0,0.0,この先制限速度なし,この先目立った勾配なし,先行列車なし,後続列車なし,0,0,,0,70.0,0,normal,0.2,巡航フェーズでrequired_speed70km/hに対し2.5km/hの低速走行のまま力行1秒だけ保持し、エネルギー無駄と遅延リスクが高く0.2とした。
3,Train11,巡航フェーズ（駅間走行中）,力行（加速）中,2.0,ブレーキ（減速）,8.0,70.0,70.0,2.5,68.6,1650.0,122.0,0.33571382522419596,0.0,0.0,この先制限速度なし,この先目立った勾配なし,先行列車なし,後続列車なし,0,0,,0,68.6,0,normal,0.2,巡航フェーズで必要速度68.6km/hに対し現在速度2.5km/hで大幅に遅れ、加速が2秒に留まり遅延が生じるため低評価とした。
4,Train11,巡航フェーズ（駅間走行中）,力行（加速）中,2.0,ブレーキ（減速）,8.0,70.0,70.0,2.5,70.0,1200.0,88.0,0.33571382522419596,0.0,0.0,この先制限速度なし,この先目立った勾配なし,先行列車なし,後続列車なし,0,0,,0,70.0,0,normal,1.0,巡航フェーズでrequired_speed未達のため加速は適切で、速度・信号超過なし、ノコギリ運転条件も満たさず、他項目に問題がない。
5,Train11,巡航フェーズ（駅間走行中）,力行（加速）中,2.0,ブレーキ（減速）,8.0,70.0,70.0,2.5,70.0,900.0,65.0,0.33571382522419596,0.0,0.0,この先制限速度なし,この先目立った勾配なし,先行列車なし,後続列車なし,0,0,,0,70.0,0,normal,0.1,巡航フェーズでrequired_speed 70km/hに対し現在速度2.5km/hと大幅に遅く、遅延を増大させるちんたら運転と判断したため低評価とした。
6,Train11,巡航フェーズ（駅間走行中）,力行（加速）中,4.0,ブレーキ（減速）,8.0,70.0,70.0,2.5,68.6,1650.0,122.0,0.33571382522419596,0.0,0.0,この先制限速度なし,この先目立った勾配なし,先行列車なし,後続列車なし,0,0,,0,68.6,0,normal,1.0,巡航フェーズでrequired_speed未達のため加速は適切で、速度・信号制限遵守、ノコギリ運転なし、他列車不在の安全運転であるため高評価。
7,Train11,巡航フェーズ（駅間走行中）,力行（加速）中,4.0,ブレーキ（減速）,8.0,70.0,70.0,2.5,70.0,1200.0,88.0,0.33571382522419596,0.0,0.0,この先制限速度なし,この先目立った勾配なし,先行列車なし,後続列車なし,0,0,,0,70.0,0,normal,1.0,巡航フェーズでrequired_speed 70km/hに対し現在速度2.5km/hは加速が必要で、力行は適切かつ制限速度・CBTC違反なし、ノコギリ運転でもなくエネルギー無駄もないためreward=1.0。
8,Train11,巡航フェーズ（駅間走行中）,力行（加速）中,4.0,ブレーキ（減速）,8.0,70.0,70.0,2.5,70.0,900.0,65.0,0.33571382522419596,0.0,0.0,この先制限速度なし,この先目立った勾配なし,先行列車なし,後続列車なし,0,0,,0,70.0,0,normal,0.1,巡航フェーズでrequired_speed 70km/hに対し2.5km/hの低速走行で遅延リスクが高く、エネルギー無駄となるため0.1点とした。
9,Train11,巡航フェーズ（駅間走行中）,力行（加速）中,10.0,ブレーキ（減速）,8.0,70.0,70.0,2.5,68.6,1650.0,122.0,0.33571382522419596,0.0,0.0,この先制限速度なし,この先目立った勾配なし,先行列車なし,後続列車なし,0,0,,0,68.6,0,normal,1.0,巡航フェーズでrequired_speed未達のため加速は適切で、速度・CBTC制限を超えておらず、ノコギリ運転でもなく、全項目で問題なし。
10,Train11,巡航フェーズ（駅間走行中）,力行（加速）中,10.0,ブレーキ（減速）,8.0,70.0,70.0,2.5,70.0,1200.0,88.0,0.33571382522419596,0.0,0.0,この先制限速度なし,この先目立った勾配なし,先行列車なし,後続列車なし,0,0,,0,70.0,0,normal,1.0,即時ゼロ違反なし、速度・CBTC制限遵守、巡航フェーズで必要速度未達のため加速は適切と判断し高評価とした。
11,Train11,巡航フェーズ（駅間走行中）,力行（加速）中,10.0,ブレーキ（減速）,8.0,70.0,70.0,2.5,70.0,900.0,65.0,0.33571382522419596,0.0,0.0,この先制限速度なし,この先目立った勾配なし,先行列車なし,後続列車なし,0,0,,0,70.0,0,normal,1.0,巡航フェーズでrequired_speed未達のため加速は適切で、速度制限・CBTC遵守、ノコギリ運転なし、間隔問題なし、エネルギー無駄なしと評価し最高点とする。
12,Train11,巡航フェーズ（駅間走行中）,力行（加速）中,20.0,ブレーキ（減速）,8.0,70.0,70.0,2.5,68.6,1650.0,122.0,0.33571382522419596,0.0,0.0,この先制限速度なし,この先目立った勾配なし,先行列車なし,後続列車なし,0,0,,0,68.6,0,normal,1.0,巡航フェーズでrequired_speed未達のため加速は適切で、速度・信号超過なし、ノコギリ運転もなく、エネルギー・定時性に問題なしと判断し1.0とした。
13,Train11,巡航フェーズ（駅間走行中）,力行（加速）中,20.0,ブレーキ（減速）,8.0,70.0,70.0,2.5,70.0,1200.0,88.0,0.33571382522419596,0.0,0.0,この先制限速度なし,この先目立った勾配なし,先行列車なし,後続列車なし,0,0,,0,70.0,0,normal,0.9,巡航フェーズでrequired_speed未達のため加速は適切だが、速度が極低速で遅延リスクがあるため高評価ながら若干減点し0.9とした。
14,Train11,巡航フェーズ（駅間走行中）,力行（加速）中,20.0,ブレーキ（減速）,8.0,70.0,70.0,2.5,70.0,900.0,65.0,0.33571382522419596,0.0,0.0,この先制限速度なし,この先目立った勾配なし,先行列車なし,後続列車なし,0,0,,0,70.0,0,normal,1.0,巡航フェーズでrequired_speed未達のため加速は適切、速度・信号・制限遵守、ノコギリ運転なしで高評価。
15,Train11,巡航フェーズ（駅間走行中）,力行（加速）中,1.0,ブレーキ（減速）,8.0,70.0,70.0,5.0,68.1,1650.0,122.0,1.3420645674902167,0.0,0.0,この先制限速度なし,この先目立った勾配なし,先行列車なし,後続列車なし,0,0,,0,68.1,0,normal,0.8,巡航フェーズでrequired_speed未達だが加速操作は適切で、速度制限・CBTC違反なし、ノコギリ運転でもエネルギー無駄もないため高評価とした。
16,Train11,巡航フェーズ（駅間走行中）,力行（加速）中,1.0,ブレーキ（減速）,8.0,70.0,70.0,5.0,70.0,1200.0,88.0,1.3420645674902167,0.0,0.0,この先制限速度なし,この先目立った勾配なし,先行列車なし,後続列車なし,0,0,,0,70.0,0,normal,1.0,巡航フェーズでrequired_speed未達のため加速は適切で、速度制限・CBTC遵守、ノコギリ運転なし、他に問題はない。
17,Train11,巡航フェーズ（駅間走行中）,力行（加速）中,1.0,ブレーキ（減速）,8.0,70.0,70.0,5.0,70.0,900.0,65.0,1.3420645674902167,0.0,0.0,この先制限速度なし,この先目立った勾配なし,先行列車なし,後続列車なし,0,0,,0,70.0,0,normal,1.0,巡航フェーズでrequired_speed未達のため加速が必要であり、速度・CBTC制限を遵守、ノコギリ運転なし、他列車なし、定時性に問題なしと判断した。
18,Train11,巡航フェーズ（駅間走行中）,力行（加速）中,2.0,ブレーキ（減速）,8.0,70.0,70.0,5.0,68.1,1650.0,122.0,1.3420645674902167,0.0,0.0,この先制限速度なし,この先目立った勾配なし,先行列車なし,後続列車なし,0,0,,0,68.1,0,normal,0.1,巡航フェーズでrequired_speed(68.1km/h)に対し5km/hの低速走行が続き、遅延拡大と省エネ性低下が顕著なため低評価とした。
19,Train11,巡航フェーズ（駅間走行中）,力行（加速）中,2.0,ブレーキ（減速）,8.0,70.0,70.0,5.0,70.0,1200.0,88.0,1.3420645674902167,0.0,0.0,この先制限速度なし,この先目立った勾配なし,先行列車なし,後続列車なし,0,0,,0,70.0,0,normal,1.0,巡航フェーズでrequired_speed未達のため加速は適切で、速度・信号・制限を遵守しノコギリ運転もなく評価は最高点とした。
20,Train11,巡航フェーズ（駅間走行中）,力行（加速）中,2.0,ブレーキ（減速）,8.0,70.0,70.0,5.0,70.0,900.0,65.0,1.3420645674902167,0.0,0.0,この先制限速度なし,この先目立った勾配なし,先行列車なし,後続列車なし,0,0,,0,70.0,0,normal,1.0,巡航フェーズでrequired_speed未達のため加速は適切で、速度制限・CBTC遵守、ノコギリ運転なし、過剰加速でもなく評価は最高とした。
21,Train11,巡航フェーズ（駅間走行中）,力行（加速）中,4.0,ブレーキ（減速）,8.0,70.0,70.0,5.0,68.1,1650.0,122.0,1.3420645674902167,0.0,0.0,この先制限速度なし,この先目立った勾配なし,先行列車なし,後続列車なし,0,0,,0,68.1,0,normal,1.0,巡航フェーズでrequired_speed未達だが加速が必要であり、速度制限・CBTC遵守、ノコギリ運転なしと評価し最高点とした。
22,Train11,巡航フェーズ（駅間走行中）,力行（加速）中,4.0,ブレーキ（減速）,8.0,70.0,70.0,5.0,70.0,1200.0,88.0,1.3420645674902167,0.0,0.0,この先制限速度なし,この先目立った勾配なし,先行列車なし,後続列車なし,0,0,,0,70.0,0,normal,0.9,巡航フェーズでrequired_speed未達のため加速は適切で、速度超過・CBTC違反なし、ノコギリ運転でもなく高評価とする。
23,Train11,巡航フェーズ（駅間走行中）,力行（加速）中,4.0,ブレーキ（減速）,8.0,70.0,70.0,5.0,70.0,900.0,65.0,1.3420645674902167,0.0,0.0,この先制限速度なし,この先目立った勾配なし,先行列車なし,後続列車なし,0,0,,0,70.0,0,normal,0.1,巡航フェーズでrequired_speed 70km/hに対し5km/hの低速走行が続き、先行列車不在にも関わらず必要速度を大きく下回り遅延とエネルギー効率が著しく低下しているため。
24,Train11,巡航フェーズ（駅間走行中）,力行（加速）中,10.0,ブレーキ（減速）,8.0,70.0,70.0,5.0,68.1,1650.0,122.0,1.3420645674902167,0.0,0.0,この先制限速度なし,この先目立った勾配なし,先行列車なし,後続列車なし,0,0,,0,68.1,0,normal,1.0,巡航フェーズでrequired_speed未達のため加速は適切、制限速度・CBTC遵守、ノコギリ運転なし、間隔問題もなく定時余裕があるため高評価。
25,Train11,巡航フェーズ（駅間走行中）,力行（加速）中,10.0,ブレーキ（減速）,8.0,70.0,70.0,5.0,70.0,1200.0,88.0,1.3420645674902167,0.0,0.0,この先制限速度なし,この先目立った勾配なし,先行列車なし,後続列車なし,0,0,,0,70.0,0,normal,1.0,巡航フェーズでrequired_speed未達のため加速が適切で、速度・CBTC制限を守りノコギリ運転もなく、エネルギー効率も妥当と判断し最高評価とした。
26,Train11,巡航フェーズ（駅間走行中）,力行（加速）中,10.0,ブレーキ（減速）,8.0,70.0,70.0,5.0,70.0,900.0,65.0,1.3420645674902167,0.0,0.0,この先制限速度なし,この先目立った勾配なし,先行列車なし,後続列車なし,0,0,,0,70.0,0,normal,1.0,巡航フェーズでrequired_speed未達のため加速が必要で、制限速度・CBTC遵守、ノコギリ運転なしと評価しreward=1.0とした。
27,Train11,巡航フェーズ（駅間走行中）,力行（加速）中,20.0,ブレーキ（減速）,8.0,70.0,70.0,5.0,68.1,1650.0,122.0,1.3420645674902167,0.0,0.0,この先制限速度なし,この先目立った勾配なし,先行列車なし,後続列車なし,0,0,,0,68.1,0,normal,0.2,巡航フェーズで必要速度68.1km/hに対し5km/hのまま力行を続けており、遅延リスクとエネルギー無駄が大きく評価を低下させる。
28,Train11,巡航フェーズ（駅間走行中）,力行（加速）中,20.0,ブレーキ（減速）,8.0,70.0,70.0,5.0,70.0,1200.0,88.0,1.3420645674902167,0.0,0.0,この先制限速度なし,この先目立った勾配なし,先行列車なし,後続列車なし,0,0,,0,70.0,0,normal,1.0,巡航フェーズでrequired_speed未達のため加速は適切で、速度・信号超過なし、ノコギリ運転もなく最高評価とした。
29,Train11,巡航フェーズ（駅間走行中）,力行（加速）中,20.0,ブレーキ（減速）,8.0,70.0,70.0,5.0,70.0,900.0,65.0,1.3420645674902167,0.0,0.0,この先制限速度なし,この先目立った勾配なし,先行列車なし,後続列車なし,0,0,,0,70.0,0,normal,0.1,巡航フェーズでrequired_speed 70km/hに対し5km/hの低速走行が続き、遅延拡大とエネルギー無駄が顕著なため0.1点とした。
30,Train11,巡航フェーズ（駅間走行中）,力行（加速）中,1.0,ブレーキ（減速）,8.0,70.0,70.0,10.0,66.3,1650.0,122.0,5.361102334269932,0.0,0.0,この先制限速度なし,この先目立った勾配なし,先行列車なし,後続列車なし,0,0,,0,66.3,0,normal,0.2,巡航フェーズでrequired_speed66.3km/hに対し現在10km/hと大幅に低速で、先行列車なしにも関わらず無駄な力行が続くため定時性と省エネ性が著しく低下し、0.2点とした。
31,Train11,巡航フェーズ（駅間走行中）,力行（加速）中,1.0,ブレーキ（減速）,8.0,70.0,70.0,10.0,70.0,1200.0,88.0,5.361102334269932,0.0,0.0,この先制限速度なし,この先目立った勾配なし,先行列車なし,後続列車なし,0,0,,0,70.0,0,normal,1.0,巡航フェーズでrequired_speed未達のため加速は適切で、速度・信号超過なし、ノコギリ運転も成立せず、全項目で問題なしと判断した。
32,Train11,巡航フェーズ（駅間走行中）,力行（加速）中,1.0,ブレーキ（減速）,8.0,70.0,70.0,10.0,70.0,900.0,65.0,5.361102334269932,0.0,0.0,この先制限速度なし,この先目立った勾配なし,先行列車なし,後続列車なし,0,0,,0,70.0,0,normal,0.9,巡航フェーズでrequired_speed未達のため加速は適切であり、速度・信号超過なし、ノコギリ運転でもなく、全体的に高評価とした。
33,Train11,巡航フェーズ（駅間走行中）,力行（加速）中,2.0,ブレーキ（減速）,8.0,70.0,70.0,10.0,66.3,1650.0,122.0,5.361102334269932,0.0,0.0,この先制限速度なし,この先目立った勾配なし,先行列車なし,後続列車なし,0,0,,0,66.3,0,normal,1.0,巡航フェーズでrequired_speedに遠く及ばず、加速は必要かつ適切で、速度・信号・制限を遵守し、ノコギリ運転や過剰加速もないため高評価とした。
34,Train11,巡航フェーズ（駅間走行中）,力行（加速）中,2.0,ブレーキ（減速）,8.0,70.0,70.0,10.0,70.0,1200.0,88.0,5.361102334269932,0.0,0.0,この先制限速度なし,この先目立った勾配なし,先行列車なし,後続列車なし,0,0,,0,70.0,0,normal,1.0,巡航フェーズでrequired_speed未達のため加速は適切で、速度・信号超過なし、ノコギリ運転でもなく最高評価とした。
35,Train11,巡航フェーズ（駅間走行中）,力行（加速）中,2.0,ブレーキ（減速）,8.0,70.0,70.0,10.0,70.0,900.0,65.0,5.361102334269932,0.0,0.0,この先制限速度なし,この先目立った勾配なし,先行列車なし,後続列車なし,0,0,,0,70.0,0,normal,1.0,巡航フェーズでrequired_speed未達のため加速は適切で、速度・信号制限を遵守し、ノコギリ運転もなく、全項目で問題なしと判断した。
36,Train11,巡航フェーズ（駅間走行中）,力行（加速）中,4.0,ブレーキ（減速）,8.0,70.0,70.0,10.0,66.3,1650.0,122.0,5.361102334269932,0.0,0.0,この先制限速度なし,この先目立った勾配なし,先行列車なし,後続列車なし,0,0,,0,66.3,0,normal,1.0,巡航フェーズでrequired_speed未達のため加速は必要であり、速度・CBTC制限遵守、ノコギリ運転なし、定時余裕がある点から適切と判断した。
37,Train11,巡航フェーズ（駅間走行中）,力行（加速）中,4.0,ブレーキ（減速）,8.0,70.0,70.0,10.0,70.0,1200.0,88.0,5.361102334269932,0.0,0.0,この先制限速度なし,この先目立った勾配なし,先行列車なし,後続列車なし,0,0,,0,70.0,0,normal,1.0,巡航フェーズでrequired_speed未達だが加速中であり、速度制限・CBTC遵守、ノコギリ運転なし、不要な力行もなく全項目で問題なしと判断した。
38,Train11,巡航フェーズ（駅間走行中）,力行（加速）中,4.0,ブレーキ（減速）,8.0,70.0,70.0,10.0,70.0,900.0,65.0,5.361102334269932,0.0,0.0,この先制限速度なし,この先目立った勾配なし,先行列車なし,後続列車なし,0,0,,0,70.0,0,normal,0.1,巡航フェーズでrequired_speed 70km/hに対し10km/hの低速走行を続け、先行列車なしで遅延を拡大するちんたら運転と判断した。
39,Train11,巡航フェーズ（駅間走行中）,力行（加速）中,10.0,ブレーキ（減速）,8.0,70.0,70.0,10.0,66.3,1650.0,122.0,5.361102334269932,0.0,0.0,この先制限速度なし,この先目立った勾配なし,先行列車なし,後続列車なし,0,0,,0,66.3,0,normal,1.0,巡航フェーズでrequired_speed未達のため加速は適切で、制限速度・CBTC遵守、ノコギリ運転なし、他条件すべて満たすため高評価。
40,Train11,巡航フェーズ（駅間走行中）,力行（加速）中,10.0,ブレーキ（減速）,8.0,70.0,70.0,10.0,70.0,1200.0,88.0,5.361102334269932,0.0,0.0,この先制限速度なし,この先目立った勾配なし,先行列車なし,後続列車なし,0,0,,0,70.0,0,normal,1.0,現在速度がrequired_speedを大きく下回っており、加速は定時到達に必要であり、違反や無駄な加速はないため高評価とした。
41,Train11,巡航フェーズ（駅間走行中）,力行（加速）中,10.0,ブレーキ（減速）,8.0,70.0,70.0,10.0,70.0,900.0,65.0,5.361102334269932,0.0,0.0,この先制限速度なし,この先目立った勾配なし,先行列車なし,後続列車なし,0,0,,0,70.0,0,normal,1.0,巡航フェーズでrequired_speed未達のため加速が必要であり、速度制限・CBTC遵守、ノコギリ運転なしと評価し、全体として適切と判断した。
42,Train11,巡航フェーズ（駅間走行中）,力行（加速）中,20.0,ブレーキ（減速）,8.0,70.0,70.0,10.0,66.3,1650.0,122.0,5.361102334269932,0.0,0.0,この先制限速度なし,この先目立った勾配なし,先行列車なし,後続列車なし,0,0,,0,66.3,0,normal,1.0,巡航フェーズでrequired_speed未達のため加速は適切で、速度・信号・制限を遵守し、ノコギリ運転や間隔問題もなく高評価とした。
43,Train11,巡航フェーズ（駅間走行中）,力行（加速）中,20.0,ブレーキ（減速）,8.0,70.0,70.0,10.0,70.0,1200.0,88.0,5.361102334269932,0.0,0.0,この先制限速度なし,この先目立った勾配なし,先行列車なし,後続列車なし,0,0,,0,70.0,0,normal,1.0,巡航フェーズでrequired_speed未達のため加速は適切で、速度制限・CBTC遵守、ノコギリ運転なしと評価し最高点とした。
44,Train11,巡航フェーズ（駅間走行中）,力行（加速）中,20.0,ブレーキ（減速）,8.0,70.0,70.0,10.0,70.0,900.0,65.0,5.361102334269932,0.0,0.0,この先制限速度なし,この先目立った勾配なし,先行列車なし,後続列車なし,0,0,,0,70.0,0,normal,0.9,巡航フェーズでrequired_speed未達のため加速は適切で、速度・CBTC違反なし、ノコギリ運転もなく評価は高くなる。
45,Train11,巡航フェーズ（駅間走行中）,力行（加速）中,1.0,ブレーキ（減速）,8.0,70.0,70.0,15.0,63.7,1650.0,122.0,12.043897473726263,0.0,0.0,この先制限速度なし,この先目立った勾配なし,先行列車なし,後続列車なし,0,0,,0,63.7,0,normal,1.0,巡航フェーズでrequired_speed未達のため加速は適切で、速度・信号・制限を遵守し、ノコギリ運転や無駄な加速はなく高評価とする。
46,Train11,巡航フェーズ（駅間走行中）,力行（加速）中,1.0,ブレーキ（減速）,8.0,70.0,70.0,15.0,70.0,1200.0,88.0,12.043897473726263,0.0,0.0,この先制限速度なし,この先目立った勾配なし,先行列車なし,後続列車なし,0,0,,0,70.0,0,normal,1.0,巡航フェーズでrequired_speed未達のため加速は適切で、速度・信号超過なし、ノコギリ運転条件も満たさず、全体的に安全かつ効率的と判断した。
47,Train11,巡航フェーズ（駅間走行中）,力行（加速）中,1.0,ブレーキ（減速）,8.0,70.0,70.0,15.0,70.0,900.0,65.0,12.043897473726263,0.0,0.0,この先制限速度なし,この先目立った勾配なし,先行列車なし,後続列車なし,0,0,,0,70.0,0,normal,1.0,巡航フェーズでrequired_speed未達のため加速は適切で、速度・信号超過やノコギリ運転等の違反はなく評価は最高点とした。
48,Train11,巡航フェーズ（駅間走行中）,力行（加速）中,2.0,ブレーキ（減速）,8.0,70.0,70.0,15.0,63.7,1650.0,122.0,12.043897473726263,0.0,0.0,この先制限速度なし,この先目立った勾配なし,先行列車なし,後続列車なし,0,0,,0,63.7,0,normal,0.9,巡航フェーズでrequired_speed未達だが加速は適切で、速度・CBTC制限遵守、ノコギリ運転なしのため高評価とした。
49,Train11,巡航フェーズ（駅間走行中）,力行（加速）中,2.0,ブレーキ（減速）,8.0,70.0,70.0,15.0,70.0,1200.0,88.0,12.043897473726263,0.0,0.0,この先制限速度なし,この先目立った勾配なし,先行列車なし,後続列車なし,0,0,,0,70.0,0,normal,0.9,巡航フェーズでrequired_speed未達のため加速は適切であり、速度・信号超過なし、ノコギリ運転条件も満たさず、全体的に適切な操作と判断した。
50,Train11,巡航フェーズ（駅間走行中）,力行（加速）中,2.0,ブレーキ（減速）,8.0,70.0,70.0,15.0,70.0,900.0,65.0,12.043897473726263,0.0,0.0,この先制限速度なし,この先目立った勾配なし,先行列車なし,後続列車なし,0,0,,0,70.0,0,normal,0.1,巡航フェーズでrequired_speed 70km/hに対し現在15km/hと大幅に遅く、遅延とエネルギー無駄が顕著なため0.1点とした。
51,Train11,巡航フェーズ（駅間走行中）,力行（加速）中,4.0,ブレーキ（減速）,8.0,70.0,70.0,15.0,63.7,1650.0,122.0,12.043897473726263,0.0,0.0,この先制限速度なし,この先目立った勾配なし,先行列車なし,後続列車なし,0,0,,0,63.7,0,normal,1.0,巡航フェーズでrequired_speed未達のため加速は適切で、速度・制限・CBTCを遵守し、ノコギリ運転や過剰加速はなく高評価とした。
52,Train11,巡航フェーズ（駅間走行中）,力行（加速）中,4.0,ブレーキ（減速）,8.0,70.0,70.0,15.0,70.0,1200.0,88.0,12.043897473726263,0.0,0.0,この先制限速度なし,この先目立った勾配なし,先行列車なし,後続列車なし,0,0,,0,70.0,0,normal,1.0,巡航フェーズでrequired_speed未達のため加速は適切で、速度・信号遵守、ノコギリ運転なし、他条件すべて満たすため最高評価とした。
53,Train11,巡航フェーズ（駅間走行中）,力行（加速）中,4.0,ブレーキ（減速）,8.0,70.0,70.0,15.0,70.0,900.0,65.0,12.043897473726263,0.0,0.0,この先制限速度なし,この先目立った勾配なし,先行列車なし,後続列車なし,0,0,,0,70.0,0,normal,1.0,巡航フェーズでrequired_speed未達のため加速は適切で、制限速度・CBTC遵守、ノコギリ運転なしと評価し最高点とした。
54,Train11,巡航フェーズ（駅間走行中）,力行（加速）中,10.0,ブレーキ（減速）,8.0,70.0,70.0,15.0,63.7,1650.0,122.0,12.043897473726263,0.0,0.0,この先制限速度なし,この先目立った勾配なし,先行列車なし,後続列車なし,0,0,,0,63.7,0,normal,1.0,巡航フェーズでrequired_speed未達だが加速中であり、制限速度・CBTC遵守、ノコギリ運転なし、他列車なしで適切な操作と判断し高評価。
55,Train11,巡航フェーズ（駅間走行中）,力行（加速）中,10.0,ブレーキ（減速）,8.0,70.0,70.0,15.0,70.0,1200.0,88.0,12.043897473726263,0.0,0.0,この先制限速度なし,この先目立った勾配なし,先行列車なし,後続列車なし,0,0,,0,70.0,0,normal,1.0,巡航フェーズでrequired_speed未達のため加速は適切で、速度制限・CBTC遵守、ノコギリ運転なし、不要な力行もなく、全項目で問題なしと判断した。
56,Train11,巡航フェーズ（駅間走行中）,力行（加速）中,10.0,ブレーキ（減速）,8.0,70.0,70.0,15.0,70.0,900.0,65.0,12.043897473726263,0.0,0.0,この先制限速度なし,この先目立った勾配なし,先行列車なし,後続列車なし,0,0,,0,70.0,0,normal,1.0,巡航フェーズで必要速度未達だが加速中であり、制限速度・CBTC遵守、ノコギリ運転なしと評価し最高点とした。
57,Train11,巡航フェーズ（駅間走行中）,力行（加速）中,20.0,ブレーキ（減速）,8.0,70.0,70.0,15.0,63.7,1650.0,122.0,12.043897473726263,0.0,0.0,この先制限速度なし,この先目立った勾配なし,先行列車なし,後続列車なし,0,0,,0,63.7,0,normal,1.0,巡航フェーズでrequired_speed未達のため加速は適切で、制限速度・CBTC遵守、ノコギリ運転なし、遅延なしと評価し最高点とする。
58,Train11,巡航フェーズ（駅間走行中）,力行（加速）中,20.0,ブレーキ（減速）,8.0,70.0,70.0,15.0,70.0,1200.0,88.0,12.043897473726263,0.0,0.0,この先制限速度なし,この先目立った勾配なし,先行列車なし,後続列車なし,0,0,,0,70.0,0,normal,1.0,現在速度がrequired_speedを大きく下回っており、制限速度・CBTC信号を遵守しつつ加速が必要なため、力行操作は適切と判断した。
59,Train11,巡航フェーズ（駅間走行中）,力行（加速）中,20.0,ブレーキ（減速）,8.0,70.0,70.0,15.0,70.0,900.0,65.0,12.043897473726263,0.0,0.0,この先制限速度なし,この先目立った勾配なし,先行列車なし,後続列車なし,0,0,,0,70.0,0,normal,1.0,巡航フェーズでrequired_speed未達のため加速は適切で、速度・信号超過なし、ノコギリ運転もなく、他項目に問題がない。
60,Train11,巡航フェーズ（駅間走行中）,力行（加速）中,1.0,ブレーキ（減速）,8.0,70.0,70.0,20.0,64.1,1650.0,122.0,21.3739727373643,0.0,0.0,この先制限速度なし,この先目立った勾配なし,先行列車なし,後続列車なし,0,0,,0,64.1,0,normal,0.2,巡航フェーズでrequired_speed64.1km/hに対し20km/hの低速走行は遅延を招くちんたら運転と判断し、低評価とした。
61,Train11,巡航フェーズ（駅間走行中）,力行（加速）中,1.0,ブレーキ（減速）,8.0,70.0,70.0,20.0,70.0,1200.0,88.0,21.3739727373643,0.0,0.0,この先制限速度なし,この先目立った勾配なし,先行列車なし,後続列車なし,0,0,,0,70.0,0,normal,1.0,巡航フェーズでrequired_speed未達のため加速は必要であり、速度・信号制限を遵守しノコギリ運転もなく、全項目で問題なしと判断し高評価とした。
62,Train11,巡航フェーズ（駅間走行中）,力行（加速）中,1.0,ブレーキ（減速）,8.0,70.0,70.0,20.0,70.0,900.0,65.0,21.3739727373643,0.0,0.0,この先制限速度なし,この先目立った勾配なし,先行列車なし,後続列車なし,0,0,,0,70.0,0,normal,1.0,巡航フェーズでrequired_speed未達のため加速は適切で、速度・信号超過なし、ノコギリ運転もなく全項目で問題がないため最高評価とした。
63,Train11,巡航フェーズ（駅間走行中）,力行（加速）中,2.0,ブレーキ（減速）,8.0,70.0,70.0,20.0,64.1,1650.0,122.0,21.3739727373643,0.0,0.0,この先制限速度なし,この先目立った勾配なし,先行列車なし,後続列車なし,0,0,,0,64.1,0,normal,0.1,巡航フェーズで必要速度64.1km/hに対し現在20km/hと大幅に不足し、定時到着が危ぶまれるため低評価とした。
64,Train11,巡航フェーズ（駅間走行中）,力行（加速）中,2.0,ブレーキ（減速）,8.0,70.0,70.0,20.0,70.0,1200.0,88.0,21.3739727373643,0.0,0.0,この先制限速度なし,この先目立った勾配なし,先行列車なし,後続列車なし,0,0,,0,70.0,0,normal,0.2,巡航フェーズでrequired_speed 70km/hに対し20km/hの低速走行が続き、遅延につながるちんたら運転と判断した。
65,Train11,巡航フェーズ（駅間走行中）,力行（加速）中,2.0,ブレーキ（減速）,8.0,70.0,70.0,20.0,70.0,900.0,65.0,21.3739727373643,0.0,0.0,この先制限速度なし,この先目立った勾配なし,先行列車なし,後続列車なし,0,0,,0,70.0,0,normal,1.0,巡航フェーズでrequired_speed未達のため加速は必要かつ適切で、速度・CBTC制限を遵守し、ノコギリ運転や列車間隔の問題もなく、定時性・省エネ性に支障がないためrewardを1.0とした。
66,Train11,巡航フェーズ（駅間走行中）,力行（加速）中,4.0,ブレーキ（減速）,8.0,70.0,70.0,20.0,64.1,1650.0,122.0,21.3739727373643,0.0,0.0,この先制限速度なし,この先目立った勾配なし,先行列車なし,後続列車なし,0,0,,0,64.1,0,normal,1.0,巡航フェーズでrequired_speed未達のため加速が必要であり、速度・信号制限を守り、ノコギリ運転でもなく、全体的に適切な操作と判断した。
67,Train11,巡航フェーズ（駅間走行中）,力行（加速）中,4.0,ブレーキ（減速）,8.0,70.0,70.0,20.0,70.0,1200.0,88.0,21.3739727373643,0.0,0.0,この先制限速度なし,この先目立った勾配なし,先行列車なし,後続列車なし,0,0,,0,70.0,0,normal,1.0,巡航フェーズでrequired_speed未達のため加速は適切で、速度・信号超過やノコギリ運転はなく、全項目で問題がないため高評価とした。
68,Train11,巡航フェーズ（駅間走行中）,力行（加速）中,4.0,ブレーキ（減速）,8.0,70.0,70.0,20.0,70.0,900.0,65.0,21.3739727373643,0.0,0.0,この先制限速度なし,この先目立った勾配なし,先行列車なし,後続列車なし,0,0,,0,70.0,0,normal,1.0,巡航フェーズでrequired_speed未達のため加速は適切で、速度・CBTC制限を守り、ノコギリ運転もなし。全項目で問題なし。
69,Train11,巡航フェーズ（駅間走行中）,力行（加速）中,10.0,ブレーキ（減速）,8.0,70.0,70.0,20.0,64.1,1650.0,122.0,21.3739727373643,0.0,0.0,この先制限速度なし,この先目立った勾配なし,先行列車なし,後続列車なし,0,0,,0,64.1,0,normal,1.0,巡航フェーズでrequired_speed未達のため加速は適切で、速度・信号超過なし、ノコギリ運転もなく、全項目で問題なしと判断した。
70,Train11,巡航フェーズ（駅間走行中）,力行（加速）中,10.0,ブレーキ（減速）,8.0,70.0,70.0,20.0,70.0,1200.0,88.0,21.3739727373643,0.0,0.0,この先制限速度なし,この先目立った勾配なし,先行列車なし,後続列車なし,0,0,,0,70.0,0,normal,1.0,巡航フェーズでrequired_speed未達だが加速は必要で、速度・信号遵守、ノコギリ運転なしの適切操作と判断し最高評価。
71,Train11,巡航フェーズ（駅間走行中）,力行（加速）中,10.0,ブレーキ（減速）,8.0,70.0,70.0,20.0,70.0,900.0,65.0,21.3739727373643,0.0,0.0,この先制限速度なし,この先目立った勾配なし,先行列車なし,後続列車なし,0,0,,0,70.0,0,normal,1.0,現在速度がrequired_speed未満で加速が必要なため、力行は適切であり制限超過やノコギリ運転はなく安全かつ効率的と判断した。
72,Train11,巡航フェーズ（駅間走行中）,力行（加速）中,20.0,ブレーキ（減速）,8.0,70.0,70.0,20.0,64.1,1650.0,122.0,21.3739727373643,0.0,0.0,この先制限速度なし,この先目立った勾配なし,先行列車なし,後続列車なし,0,0,,0,64.1,0,normal,0.2,巡航フェーズで必要速度64.1km/hに対し現在速度20km/hと大幅に遅れており、遅延リスクが高いため評価を低減した。
73,Train11,巡航フェーズ（駅間走行中）,力行（加速）中,20.0,ブレーキ（減速）,8.0,70.0,70.0,20.0,70.0,1200.0,88.0,21.3739727373643,0.0,0.0,この先制限速度なし,この先目立った勾配なし,先行列車なし,後続列車なし,0,0,,0,70.0,0,normal,1.0,巡航フェーズでrequired_speed未達のため加速は適切で、速度・信号・制限をすべて遵守しているため最高評価とした。
74,Train11,巡航フェーズ（駅間走行中）,力行（加速）中,20.0,ブレーキ（減速）,8.0,70.0,70.0,20.0,70.0,900.0,65.0,21.3739727373643,0.0,0.0,この先制限速度なし,この先目立った勾配なし,先行列車なし,後続列車なし,0,0,,0,70.0,0,normal,0.9,巡航フェーズでrequired_speed未達のため加速は適切で、速度制限・CBTC遵守、ノコギリ運転なし、不要な力行もなく高評価とした。
75,Train11,巡航フェーズ（駅間走行中）,力行（加速）中,1.0,ブレーキ（減速）,8.0,70.0,70.0,25.0,62.2,1650.0,122.0,33.33166419349847,0.0,0.0,この先制限速度なし,この先目立った勾配なし,先行列車なし,後続列車なし,0,0,,0,62.2,0,normal,0.8,巡航フェーズでrequired_speed未満のため加速は適切だが、加速保持時間が短くエネルギー効率がやや低下している点を考慮し、全体的に安全かつ妥当な操作と判断した。
76,Train11,巡航フェーズ（駅間走行中）,力行（加速）中,1.0,ブレーキ（減速）,8.0,70.0,70.0,25.0,68.9,1200.0,88.0,33.33166419349847,0.0,0.0,この先制限速度なし,この先目立った勾配なし,先行列車なし,後続列車なし,0,0,,0,68.9,0,normal,0.2,巡航フェーズでrequired_speed(68.9km/h)に対し現在速度25km/hが大幅に不足し、余裕があるにも関わらず力行を続けているため省エネ性が低く、0.2点とした。
77,Train11,巡航フェーズ（駅間走行中）,力行（加速）中,1.0,ブレーキ（減速）,8.0,70.0,70.0,25.0,70.0,900.0,65.0,33.33166419349847,0.0,0.0,この先制限速度なし,この先目立った勾配なし,先行列車なし,後続列車なし,0,0,,0,70.0,0,normal,0.2,巡航フェーズでrequired_speed 70km/hに対し25km/hの低速走行で力行しており、先行列車なしで遅延が拡大するため大幅減点とした。
78,Train11,巡航フェーズ（駅間走行中）,力行（加速）中,2.0,ブレーキ（減速）,8.0,70.0,70.0,25.0,62.2,1650.0,122.0,33.33166419349847,0.0,0.0,この先制限速度なし,この先目立った勾配なし,先行列車なし,後続列車なし,0,0,,0,62.2,0,normal,1.0,巡航フェーズでrequired_speed未達のため加速は適切で、速度制限・CBTC遵守、ノコギリ運転なし、他項目に問題がない。
79,Train11,巡航フェーズ（駅間走行中）,力行（加速）中,2.0,ブレーキ（減速）,8.0,70.0,70.0,25.0,68.9,1200.0,88.0,33.33166419349847,0.0,0.0,この先制限速度なし,この先目立った勾配なし,先行列車なし,後続列車なし,0,0,,0,68.9,0,normal,0.9,巡航フェーズでrequired_speed未達のため加速は適切だが、保持時間が短くエネルギー効率がやや低下し、全体的に安全・速度遵守に問題なし。
80,Train11,巡航フェーズ（駅間走行中）,力行（加速）中,2.0,ブレーキ（減速）,8.0,70.0,70.0,25.0,70.0,900.0,65.0,33.33166419349847,0.0,0.0,この先制限速度なし,この先目立った勾配なし,先行列車なし,後続列車なし,0,0,,0,70.0,0,normal,1.0,巡航フェーズでrequired_speed未達のため加速は適切で、即時ゼロ違反や速度超過もなく、ノコギリ運転条件も満たさないため高評価とした。
81,Train11,巡航フェーズ（駅間走行中）,力行（加速）中,4.0,ブレーキ（減速）,8.0,70.0,70.0,25.0,62.2,1650.0,122.0,33.33166419349847,0.0,0.0,この先制限速度なし,この先目立った勾配なし,先行列車なし,後続列車なし,0,0,,0,62.2,0,normal,0.9,巡航フェーズでrequired_speed未達のため加速は適切で、速度制限・CBTC遵守、ノコギリ運転なし、余分な力行もなく評価は高く0.9とする。
82,Train11,巡航フェーズ（駅間走行中）,力行（加速）中,4.0,ブレーキ（減速）,8.0,70.0,70.0,25.0,68.9,1200.0,88.0,33.33166419349847,0.0,0.0,この先制限速度なし,この先目立った勾配なし,先行列車なし,後続列車なし,0,0,,0,68.9,0,normal,1.0,巡航フェーズでrequired_speed未達のため加速は適切で、速度・CBTC制限を遵守しノコギリ運転もなく全項目で問題なしと判断した。
83,Train11,巡航フェーズ（駅間走行中）,力行（加速）中,4.0,ブレーキ（減速）,8.0,70.0,70.0,25.0,70.0,900.0,65.0,33.33166419349847,0.0,0.0,この先制限速度なし,この先目立った勾配なし,先行列車なし,後続列車なし,0,0,,0,70.0,0,normal,1.0,巡航フェーズでrequired_speed未達のため加速は適切で、速度・信号超過なし、ノコギリ運転条件も満たさないため高評価。
84,Train11,巡航フェーズ（駅間走行中）,力行（加速）中,10.0,ブレーキ（減速）,8.0,70.0,70.0,25.0,62.2,1650.0,122.0,33.33166419349847,0.0,0.0,この先制限速度なし,この先目立った勾配なし,先行列車なし,後続列車なし,0,0,,0,62.2,0,normal,0.9,巡航フェーズでrequired_speed未達のため加速は必要であり、速度・信号制限を超えておらずノコギリ運転もなく、定時性・省エネ性に問題なしと判断した。
85,Train11,巡航フェーズ（駅間走行中）,力行（加速）中,10.0,ブレーキ（減速）,8.0,70.0,70.0,25.0,68.9,1200.0,88.0,33.33166419349847,0.0,0.0,この先制限速度なし,この先目立った勾配なし,先行列車なし,後続列車なし,0,0,,0,68.9,0,normal,1.0,巡航フェーズでrequired_speed未達のため加速は適切で、速度・CBTC・制限速度すべて遵守し、ノコギリ運転や間隔問題もなく、全体的に最適な操作と判断した。
86,Train11,巡航フェーズ（駅間走行中）,力行（加速）中,10.0,ブレーキ（減速）,8.0,70.0,70.0,25.0,70.0,900.0,65.0,33.33166419349847,0.0,0.0,この先制限速度なし,この先目立った勾配なし,先行列車なし,後続列車なし,0,0,,0,70.0,0,normal,1.0,巡航フェーズでrequired_speed未達のため加速は適切、速度制限・CBTC遵守、ノコギリ運転なし、エネルギー無駄なしと判断し最高評価。
87,Train11,巡航フェーズ（駅間走行中）,力行（加速）中,20.0,ブレーキ（減速）,8.0,70.0,70.0,25.0,62.2,1650.0,122.0,33.33166419349847,0.0,0.0,この先制限速度なし,この先目立った勾配なし,先行列車なし,後続列車なし,0,0,,0,62.2,0,normal,1.0,巡航フェーズでrequired_speed未達だが加速は必要で、速度・信号・制限を遵守し、ノコギリ運転もなく評価は最高点とした。
88,Train11,巡航フェーズ（駅間走行中）,力行（加速）中,20.0,ブレーキ（減速）,8.0,70.0,70.0,25.0,68.9,1200.0,88.0,33.33166419349847,0.0,0.0,この先制限速度なし,この先目立った勾配なし,先行列車なし,後続列車なし,0,0,,0,68.9,0,normal,1.0,巡航フェーズでrequired_speed未達のため加速は必要であり、速度・信号制限を遵守、ノコギリ運転や間隔問題もなく、全項目で問題なしと判断した。
89,Train11,巡航フェーズ（駅間走行中）,力行（加速）中,20.0,ブレーキ（減速）,8.0,70.0,70.0,25.0,70.0,900.0,65.0,33.33166419349847,0.0,0.0,この先制限速度なし,この先目立った勾配なし,先行列車なし,後続列車なし,0,0,,0,70.0,0,normal,1.0,巡航フェーズでrequired_speed未達のため加速が必要で、速度・信号・制限を遵守しノコギリ運転もなく最高評価とした。
90,Train11,巡航フェーズ（駅間走行中）,力行（加速）中,1.0,ブレーキ（減速）,8.0,70.0,70.0,30.0,62.2,1650.0,122.0,47.89420822240694,0.0,0.0,この先制限速度なし,この先目立った勾配なし,先行列車なし,後続列車なし,0,0,,0,62.2,0,normal,1.0,巡航フェーズでrequired_speed未達だが加速が適切で、速度・CBTC制限を守りノコギリ運転もなく安全かつ効率的と判断した。
91,Train11,巡航フェーズ（駅間走行中）,力行（加速）中,1.0,ブレーキ（減速）,8.0,70.0,70.0,30.0,64.3,1200.0,88.0,47.89420822240694,0.0,0.0,この先制限速度なし,この先目立った勾配なし,先行列車なし,後続列車なし,0,0,,0,64.3,0,normal,1.0,巡航フェーズでrequired_speed未達のため加速は適切で、速度・CBTC制限を遵守し、ノコギリ運転もなく、全項目で問題なしと判断した。
92,Train11,巡航フェーズ（駅間走行中）,力行（加速）中,1.0,ブレーキ（減速）,8.0,70.0,70.0,30.0,70.0,900.0,65.0,47.89420822240694,0.0,0.0,この先制限速度なし,この先目立った勾配なし,先行列車なし,後続列車なし,0,0,,0,70.0,0,normal,1.0,巡航フェーズでrequired_speed未達のため加速は適切で、速度・信号制限を遵守しノコギリ運転もなく評価は最高点とした。
93,Train11,巡航フェーズ（駅間走行中）,力行（加速）中,2.0,ブレーキ（減速）,8.0,70.0,70.0,30.0,62.2,1650.0,122.0,47.89420822240694,0.0,0.0,この先制限速度なし,この先目立った勾配なし,先行列車なし,後続列車なし,0,0,,0,62.2,0,normal,0.1,巡航フェーズでrequired_speed 62.2km/hに対し30km/hの低速走行が続き、先行列車なしで遅延リスクが高くちんたら運転と判断し0.1とした。
94,Train11,巡航フェーズ（駅間走行中）,力行（加速）中,2.0,ブレーキ（減速）,8.0,70.0,70.0,30.0,64.3,1200.0,88.0,47.89420822240694,0.0,0.0,この先制限速度なし,この先目立った勾配なし,先行列車なし,後続列車なし,0,0,,0,64.3,0,normal,0.2,巡航フェーズでrequired_speed(64.3km/h)を大きく下回り、先行列車なしで低速走行は遅延とエネルギー浪費と判断し0.2とした。
95,Train11,巡航フェーズ（駅間走行中）,力行（加速）中,2.0,ブレーキ（減速）,8.0,70.0,70.0,30.0,70.0,900.0,65.0,47.89420822240694,0.0,0.0,この先制限速度なし,この先目立った勾配なし,先行列車なし,後続列車なし,0,0,,0,70.0,0,normal,1.0,巡航フェーズでrequired_speed未達のため加速は適切で、速度・CBTC制限を遵守し、ノコギリ運転もなく遅延もないため高評価とした。
96,Train11,巡航フェーズ（駅間走行中）,力行（加速）中,4.0,ブレーキ（減速）,8.0,70.0,70.0,30.0,62.2,1650.0,122.0,47.89420822240694,0.0,0.0,この先制限速度なし,この先目立った勾配なし,先行列車なし,後続列車なし,0,0,,0,62.2,0,normal,1.0,巡航フェーズでrequired_speed未達のため加速は適切で、速度・信号超過なし、ノコギリ運転や間隔問題も無く高評価とした。
97,Train11,巡航フェーズ（駅間走行中）,力行（加速）中,4.0,ブレーキ（減速）,8.0,70.0,70.0,30.0,64.3,1200.0,88.0,47.89420822240694,0.0,0.0,この先制限速度なし,この先目立った勾配なし,先行列車なし,後続列車なし,0,0,,0,64.3,0,normal,1.0,巡航フェーズでrequired_speed未達のため加速は適切で、速度・信号・制限を遵守し、ノコギリ運転でも不要な力行でもないため高評価とした。
98,Train11,巡航フェーズ（駅間走行中）,力行（加速）中,4.0,ブレーキ（減速）,8.0,70.0,70.0,30.0,70.0,900.0,65.0,47.89420822240694,0.0,0.0,この先制限速度なし,この先目立った勾配なし,先行列車なし,後続列車なし,0,0,,0,70.0,0,normal,1.0,巡航フェーズでrequired_speed未達のため加速は適切で、速度・信号制限を遵守し、ノコギリ運転条件も満たさないため高評価とした。
99,Train11,巡航フェーズ（駅間走行中）,力行（加速）中,10.0,ブレーキ（減速）,8.0,70.0,70.0,30.0,62.2,1650.0,122.0,47.89420822240694,0.0,0.0,この先制限速度なし,この先目立った勾配なし,先行列車なし,後続列車なし,0,0,,0,62.2,0,normal,1.0,巡航フェーズでrequired_speed未達だが加速が必要であり、制限速度・CBTC遵守、ノコギリ運転なし、不要な力行でもないため高評価とした。
100,Train11,巡航フェーズ（駅間走行中）,力行（加速）中,10.0,ブレーキ（減速）,8.0,70.0,70.0,30.0,64.3,1200.0,88.0,47.89420822240694,0.0,0.0,この先制限速度なし,この先目立った勾配なし,先行列車なし,後続列車なし,0,0,,0,64.3,0,normal,1.0,巡航フェーズでrequired_speed未達のため加速は適切で、制限速度・CBTC遵守、停止位置余裕もあり、ノコギリ運転なしと評価し最高点とした。
101,Train11,巡航フェーズ（駅間走行中）,力行（加速）中,10.0,ブレーキ（減速）,8.0,70.0,70.0,30.0,70.0,900.0,65.0,47.89420822240694,0.0,0.0,この先制限速度なし,この先目立った勾配なし,先行列車なし,後続列車なし,0,0,,0,70.0,0,normal,1.0,巡航フェーズでrequired_speed未達のため加速は適切、速度・信号制限を遵守しノコギリ運転もなく高評価とした。
102,Train11,巡航フェーズ（駅間走行中）,力行（加速）中,20.0,ブレーキ（減速）,8.0,70.0,70.0,30.0,62.2,1650.0,122.0,47.89420822240694,0.0,0.0,この先制限速度なし,この先目立った勾配なし,先行列車なし,後続列車なし,0,0,,0,62.2,0,normal,0.2,巡航フェーズで必要速度62.2km/hに対し30km/hと大きく遅れ、遅延と省エネ性が著しく低下しているため低評価とした。
103,Train11,巡航フェーズ（駅間走行中）,力行（加速）中,20.0,ブレーキ（減速）,8.0,70.0,70.0,30.0,64.3,1200.0,88.0,47.89420822240694,0.0,0.0,この先制限速度なし,この先目立った勾配なし,先行列車なし,後続列車なし,0,0,,0,64.3,0,normal,0.9,巡航フェーズでrequired_speed未達のため加速は適切で、速度制限・CBTC遵守、ノコギリ運転なしと評価し高評価とした。
104,Train11,巡航フェーズ（駅間走行中）,力行（加速）中,20.0,ブレーキ（減速）,8.0,70.0,70.0,30.0,70.0,900.0,65.0,47.89420822240694,0.0,0.0,この先制限速度なし,この先目立った勾配なし,先行列車なし,後続列車なし,0,0,,0,70.0,0,normal,1.0,巡航フェーズでrequired_speed 70km/hに対し30km/hの低速であり、加速（力行）は必要かつ適切で、速度・信号超過やノコギリ運転はなく安全かつ定時運行に資するため最高評価とした。
105,Train11,巡航フェーズ（駅間走行中）,力行（加速）中,1.0,ブレーキ（減速）,8.0,70.0,70.0,35.0,61.4,1650.0,122.0,65.03584000886715,0.0,0.0,この先制限速度なし,この先目立った勾配なし,先行列車なし,後続列車なし,0,0,,0,61.4,0,normal,1.0,巡航フェーズでrequired_speed未達のため加速は適切で、速度制限・CBTC遵守、ノコギリ運転なし、間隔問題も無く、定時性・省エネ性に支障なしと判断した。
106,Train11,巡航フェーズ（駅間走行中）,力行（加速）中,1.0,ブレーキ（減速）,8.0,70.0,70.0,35.0,64.6,1200.0,88.0,65.03584000886715,0.0,0.0,この先制限速度なし,この先目立った勾配なし,先行列車なし,後続列車なし,0,0,,0,64.6,0,normal,1.0,巡航フェーズでrequired_speed未達のため加速は適切で、速度・信号制限を遵守しノコギリ運転もなく高評価とした。
107,Train11,巡航フェーズ（駅間走行中）,力行（加速）中,1.0,ブレーキ（減速）,8.0,70.0,70.0,35.0,70.0,900.0,65.0,65.03584000886715,0.0,0.0,この先制限速度なし,この先目立った勾配なし,先行列車なし,後続列車なし,0,0,,0,70.0,0,normal,1.0,巡航フェーズでrequired_speed未達のため加速は適切で、速度制限・CBTC遵守、ノコギリ運転条件も満たさず評価は高い。
108,Train11,巡航フェーズ（駅間走行中）,力行（加速）中,2.0,ブレーキ（減速）,8.0,70.0,70.0,35.0,61.4,1650.0,122.0,65.03584000886715,0.0,0.0,この先制限速度なし,この先目立った勾配なし,先行列車なし,後続列車なし,0,0,,0,61.4,0,normal,1.0,巡航フェーズでrequired_speed未達のため加速は適切で、速度・信号超過なし、ノコギリ運転でもなく評価項目すべてOKと判断した。
109,Train11,巡航フェーズ（駅間走行中）,力行（加速）中,2.0,ブレーキ（減速）,8.0,70.0,70.0,35.0,64.6,1200.0,88.0,65.03584000886715,0.0,0.0,この先制限速度なし,この先目立った勾配なし,先行列車なし,後続列車なし,0,0,,0,64.6,0,normal,0.1,巡航フェーズでrequired_speed 64.6km/hに対し現在35km/hと大幅に遅れ、低速走行が遅延リスクとエネルギー非効率を招くため0.1とした。
110,Train11,巡航フェーズ（駅間走行中）,力行（加速）中,2.0,ブレーキ（減速）,8.0,70.0,70.0,35.0,70.0,900.0,65.0,65.03584000886715,0.0,0.0,この先制限速度なし,この先目立った勾配なし,先行列車なし,後続列車なし,0,0,,0,70.0,0,normal,1.0,巡航フェーズでrequired_speed未達のため加速は必要かつ適切で、速度・信号超過やノコギリ運転はなく安全かつエネルギー効率的に判断した。
111,Train11,巡航フェーズ（駅間走行中）,力行（加速）中,4.0,ブレーキ（減速）,8.0,70.0,70.0,35.0,61.4,1650.0,122.0,65.03584000886715,0.0,0.0,この先制限速度なし,この先目立った勾配なし,先行列車なし,後続列車なし,0,0,,0,61.4,0,normal,1.0,巡航フェーズでrequired_speed 61.4km/hに未達のため加速は適切で、速度制限・CBTC遵守、ノコギリ運転なし、不要な力行もなく評価は高く1.0とする。
112,Train11,巡航フェーズ（駅間走行中）,力行（加速）中,4.0,ブレーキ（減速）,8.0,70.0,70.0,35.0,64.6,1200.0,88.0,65.03584000886715,0.0,0.0,この先制限速度なし,この先目立った勾配なし,先行列車なし,後続列車なし,0,0,,0,64.6,0,normal,0.9,巡航フェーズでrequired_speed未達のため加速は適切で、速度制限・CBTC遵守、ノコギリ運転なし、不要な力行でもなく高評価とした。
113,Train11,巡航フェーズ（駅間走行中）,力行（加速）中,4.0,ブレーキ（減速）,8.0,70.0,70.0,35.0,70.0,900.0,65.0,65.03584000886715,0.0,0.0,この先制限速度なし,この先目立った勾配なし,先行列車なし,後続列車なし,0,0,,0,70.0,0,normal,1.0,巡航フェーズでrequired_speed未達のため加速は適切で、速度・CBTC制限遵守、ノコギリ運転なしと評価し最高点とした。
114,Train11,巡航フェーズ（駅間走行中）,力行（加速）中,10.0,ブレーキ（減速）,8.0,70.0,70.0,35.0,61.4,1650.0,122.0,65.03584000886715,0.0,0.0,この先制限速度なし,この先目立った勾配なし,先行列車なし,後続列車なし,0,0,,0,61.4,0,normal,1.0,巡航フェーズでrequired_speed未達のため加速が適切で、速度・CBTC制限を遵守し、ノコギリ運転もなく評価が最高となった。
115,Train11,巡航フェーズ（駅間走行中）,力行（加速）中,10.0,ブレーキ（減速）,8.0,70.0,70.0,35.0,64.6,1200.0,88.0,65.03584000886715,0.0,0.0,この先制限速度なし,この先目立った勾配なし,先行列車なし,後続列車なし,0,0,,0,64.6,0,normal,0.2,巡航フェーズで必要速度64.6km/hに対し35km/hと大幅に遅れ、遅延拡大とエネルギー非効率と判断し0.2とした。
116,Train11,巡航フェーズ（駅間走行中）,力行（加速）中,10.0,ブレーキ（減速）,8.0,70.0,70.0,35.0,70.0,900.0,65.0,65.03584000886715,0.0,0.0,この先制限速度なし,この先目立った勾配なし,先行列車なし,後続列車なし,0,0,,0,70.0,0,normal,1.0,巡航フェーズでrequired_speed未達だが加速は必要であり、速度・信号超過なし、ノコギリ運転もなく評価は最高とした。
117,Train11,巡航フェーズ（駅間走行中）,力行（加速）中,20.0,ブレーキ（減速）,8.0,70.0,70.0,35.0,61.4,1650.0,122.0,65.03584000886715,0.0,0.0,この先制限速度なし,この先目立った勾配なし,先行列車なし,後続列車なし,0,0,,0,61.4,0,normal,0.1,巡航フェーズでrequired_speed 61.4km/hに対し35km/hと大きく遅れ、必要以上の力行のみで遅延とエネルギー無駄が顕著なため低評価。
118,Train11,巡航フェーズ（駅間走行中）,力行（加速）中,20.0,ブレーキ（減速）,8.0,70.0,70.0,35.0,64.6,1200.0,88.0,65.03584000886715,0.0,0.0,この先制限速度なし,この先目立った勾配なし,先行列車なし,後続列車なし,0,0,,0,64.6,0,normal,1.0,巡航フェーズでrequired_speed未達のため加速は適切で、制限・CBTC遵守、ノコギリ運転なしと評価し高評価とした。
119,Train11,巡航フェーズ（駅間走行中）,力行（加速）中,20.0,ブレーキ（減速）,8.0,70.0,70.0,35.0,70.0,900.0,65.0,65.03584000886715,0.0,0.0,この先制限速度なし,この先目立った勾配なし,先行列車なし,後続列車なし,0,0,,0,70.0,0,normal,1.0,巡航フェーズでrequired_speed未達のため加速は必要であり、速度・信号遵守、ノコギリ運転なし、定時余裕がある点から適切と判断した。
120,Train11,巡航フェーズ（駅間走行中）,力行（加速）中,1.0,ブレーキ（減速）,8.0,70.0,70.0,40.0,61.0,1650.0,122.0,84.72790268989202,0.0,0.0,この先制限速度なし,この先目立った勾配なし,先行列車なし,後続列車なし,0,0,,0,61.0,0,normal,1.0,巡航フェーズでrequired_speed未達のため加速は適切で、速度・信号超過なし、ノコギリ運転もなく評価を最高とした。
121,Train11,巡航フェーズ（駅間走行中）,力行（加速）中,1.0,ブレーキ（減速）,8.0,70.0,70.0,40.0,62.7,1200.0,88.0,84.72790268989202,0.0,0.0,この先制限速度なし,この先目立った勾配なし,先行列車なし,後続列車なし,0,0,,0,62.7,0,normal,1.0,巡航フェーズでrequired_speed未達のため加速は必要かつ適切で、制限速度・CBTC遵守、ノコギリ運転なし、遅延なしのため高評価。
122,Train11,巡航フェーズ（駅間走行中）,力行（加速）中,1.0,ブレーキ（減速）,8.0,70.0,70.0,40.0,70.0,900.0,65.0,84.72790268989202,0.0,0.0,この先制限速度なし,この先目立った勾配なし,先行列車なし,後続列車なし,0,0,,0,70.0,0,normal,1.0,巡航フェーズでrequired_speed未達のため加速は適切で、速度・信号超過なし、ノコギリ運転条件も満たさず、全項目で問題なしと判断した。
123,Train11,巡航フェーズ（駅間走行中）,力行（加速）中,2.0,ブレーキ（減速）,8.0,70.0,70.0,40.0,61.0,1650.0,122.0,84.72790268989202,0.0,0.0,この先制限速度なし,この先目立った勾配なし,先行列車なし,後続列車なし,0,0,,0,61.0,0,normal,1.0,巡航フェーズでrequired_speed未達のため加速は適切で、速度超過やCBTC違反もなく、ノコギリ運転条件も満たさないため最高評価とした。
124,Train11,巡航フェーズ（駅間走行中）,力行（加速）中,2.0,ブレーキ（減速）,8.0,70.0,70.0,40.0,62.7,1200.0,88.0,84.72790268989202,0.0,0.0,この先制限速度なし,この先目立った勾配なし,先行列車なし,後続列車なし,0,0,,0,62.7,0,normal,1.0,巡航フェーズでrequired_speed未達のため加速は適切で、制限速度・CBTC遵守、即時ゼロ違反なしと評価し最高点とした。
125,Train11,巡航フェーズ（駅間走行中）,力行（加速）中,2.0,ブレーキ（減速）,8.0,70.0,70.0,40.0,70.0,900.0,65.0,84.72790268989202,0.0,0.0,この先制限速度なし,この先目立った勾配なし,先行列車なし,後続列車なし,0,0,,0,70.0,0,normal,1.0,巡航フェーズでrequired_speed未達のため加速は適切で、速度・信号超過なし、ノコギリ運転でもなく、余分な力行でもないため高評価とする。
126,Train11,巡航フェーズ（駅間走行中）,力行（加速）中,4.0,ブレーキ（減速）,8.0,70.0,70.0,40.0,61.0,1650.0,122.0,84.72790268989202,0.0,0.0,この先制限速度なし,この先目立った勾配なし,先行列車なし,後続列車なし,0,0,,0,61.0,0,normal,0.9,巡航フェーズでrequired_speed未達のため加速は適切だが、ノッチ保持が7秒未満である点が若干減点要因となり、全体として高評価とした。
127,Train11,巡航フェーズ（駅間走行中）,力行（加速）中,4.0,ブレーキ（減速）,8.0,70.0,70.0,40.0,62.7,1200.0,88.0,84.72790268989202,0.0,0.0,この先制限速度なし,この先目立った勾配なし,先行列車なし,後続列車なし,0,0,,0,62.7,0,normal,1.0,巡航フェーズでrequired_speed未達のため加速は適切で、速度・信号超過なし、ノコギリ運転もなく、全項目で問題なしと判断し最高評価。
128,Train11,巡航フェーズ（駅間走行中）,力行（加速）中,4.0,ブレーキ（減速）,8.0,70.0,70.0,40.0,70.0,900.0,65.0,84.72790268989202,0.0,0.0,この先制限速度なし,この先目立った勾配なし,先行列車なし,後続列車なし,0,0,,0,70.0,0,normal,0.9,巡航フェーズでrequired_speed未達のため加速は適切であり、速度・信号制限も遵守、ノコギリ運転条件を満たさないため減点なし。
129,Train11,巡航フェーズ（駅間走行中）,力行（加速）中,10.0,ブレーキ（減速）,8.0,70.0,70.0,40.0,61.0,1650.0,122.0,84.72790268989202,0.0,0.0,この先制限速度なし,この先目立った勾配なし,先行列車なし,後続列車なし,0,0,,0,61.0,0,normal,1.0,巡航フェーズでrequired_speed未達のため加速は適切で、速度・信号超過やノコギリ運転等の問題がなく評価は最高点とした。
130,Train11,巡航フェーズ（駅間走行中）,力行（加速）中,10.0,ブレーキ（減速）,8.0,70.0,70.0,40.0,62.7,1200.0,88.0,84.72790268989202,0.0,0.0,この先制限速度なし,この先目立った勾配なし,先行列車なし,後続列車なし,0,0,,0,62.7,0,normal,1.0,巡航フェーズでrequired_speed未達のため加速は適切で、制限速度・CBTC遵守、ノコギリ運転なしと評価し高評価とした。
131,Train11,巡航フェーズ（駅間走行中）,力行（加速）中,10.0,ブレーキ（減速）,8.0,70.0,70.0,40.0,70.0,900.0,65.0,84.72790268989202,0.0,0.0,この先制限速度なし,この先目立った勾配なし,先行列車なし,後続列車なし,0,0,,0,70.0,0,normal,1.0,巡航フェーズでrequired_speed未達のため加速は適切で、速度・信号・停止位置すべて基準を満たす。
132,Train11,巡航フェーズ（駅間走行中）,力行（加速）中,20.0,ブレーキ（減速）,8.0,70.0,70.0,40.0,61.0,1650.0,122.0,84.72790268989202,0.0,0.0,この先制限速度なし,この先目立った勾配なし,先行列車なし,後続列車なし,0,0,,0,61.0,0,normal,1.0,巡航フェーズでrequired_speed未達のため力行は適切で、速度制限・CBTC遵守、ノコギリ運転なし、エネルギー無駄なしと評価し最高点とする。
133,Train11,巡航フェーズ（駅間走行中）,力行（加速）中,20.0,ブレーキ（減速）,8.0,70.0,70.0,40.0,62.7,1200.0,88.0,84.72790268989202,0.0,0.0,この先制限速度なし,この先目立った勾配なし,先行列車なし,後続列車なし,0,0,,0,62.7,0,normal,1.0,巡航フェーズでrequired_speed未達のため加速は適切で、速度・CBTC制限を遵守し、ノコギリ運転や不要な力行もなく最高評価とした。
134,Train11,巡航フェーズ（駅間走行中）,力行（加速）中,20.0,ブレーキ（減速）,8.0,70.0,70.0,40.0,70.0,900.0,65.0,84.72790268989202,0.0,0.0,この先制限速度なし,この先目立った勾配なし,先行列車なし,後続列車なし,0,0,,0,70.0,0,normal,1.0,巡航フェーズでrequired_speed未達のため力行は適切で、速度・信号超過なし、ノコギリ運転でもなくエネルギー無駄もないため高評価とした。
135,Train11,巡航フェーズ（駅間走行中）,力行（加速）中,1.0,ブレーキ（減速）,8.0,70.0,70.0,45.0,60.7,1650.0,122.0,106.93896624430757,0.0,0.0,この先制限速度なし,この先目立った勾配なし,先行列車なし,後続列車なし,0,0,,0,60.7,0,normal,1.0,巡航フェーズでrequired_speed未達のため加速は適切で、速度・信号超過なし、ノコギリ運転条件を満たさず、全項目で問題なしと判断し最高評価とした。
136,Train11,巡航フェーズ（駅間走行中）,力行（加速）中,1.0,ブレーキ（減速）,8.0,70.0,70.0,45.0,60.0,1200.0,88.0,106.93896624430757,0.0,0.0,この先制限速度なし,この先目立った勾配なし,先行列車なし,後続列車なし,0,0,,0,60.0,0,normal,0.9,巡航フェーズでrequired_speed(60km/h)未達の45km/hであり、加速は適切。制限速度・CBTC超過なし、ノコギリ運転条件も満たさず、全体的に高評価。
137,Train11,巡航フェーズ（駅間走行中）,力行（加速）中,1.0,ブレーキ（減速）,8.0,70.0,70.0,45.0,66.8,900.0,65.0,106.93896624430757,0.0,0.0,この先制限速度なし,この先目立った勾配なし,先行列車なし,後続列車なし,0,0,,0,66.8,0,normal,1.0,巡航フェーズでrequired_speed未達のため加速は適切で、速度・信号超過なし、ノコギリ運転もなく評価は最高とした。
138,Train11,巡航フェーズ（駅間走行中）,力行（加速）中,2.0,ブレーキ（減速）,8.0,70.0,70.0,45.0,60.7,1650.0,122.0,106.93896624430757,0.0,0.0,この先制限速度なし,この先目立った勾配なし,先行列車なし,後続列車なし,0,0,,0,60.7,0,normal,1.0,巡航フェーズでrequired_speed未達のため加速は適切で、速度・信号・制限を遵守し、ノコギリ運転もなく評価は高くなる。
139,Train11,巡航フェーズ（駅間走行中）,力行（加速）中,2.0,ブレーキ（減速）,8.0,70.0,70.0,45.0,60.0,1200.0,88.0,106.93896624430757,0.0,0.0,この先制限速度なし,この先目立った勾配なし,先行列車なし,後続列車なし,0,0,,0,60.0,0,normal,1.0,巡航フェーズでrequired_speed未達のため加速は適切、制限速度・CBTC遵守、即時0点条件なし、ノコギリ運転でもエネルギー無駄でもなく最高評価とした。
140,Train11,巡航フェーズ（駅間走行中）,力行（加速）中,2.0,ブレーキ（減速）,8.0,70.0,70.0,45.0,66.8,900.0,65.0,106.93896624430757,0.0,0.0,この先制限速度なし,この先目立った勾配なし,先行列車なし,後続列車なし,0,0,,0,66.8,0,normal,1.0,巡航フェーズでrequired_speed未達のため加速は適切で、速度・信号制限を遵守し安全上の問題もなく評価は高い。
141,Train11,巡航フェーズ（駅間走行中）,力行（加速）中,4.0,ブレーキ（減速）,8.0,70.0,70.0,45.0,60.7,1650.0,122.0,106.93896624430757,0.0,0.0,この先制限速度なし,この先目立った勾配なし,先行列車なし,後続列車なし,0,0,,0,60.7,0,normal,1.0,巡航フェーズでrequired_speed未達のため加速は必要かつ適切で、速度・信号制限を遵守し他に問題がない。
142,Train11,巡航フェーズ（駅間走行中）,力行（加速）中,4.0,ブレーキ（減速）,8.0,70.0,70.0,45.0,60.0,1200.0,88.0,106.93896624430757,0.0,0.0,この先制限速度なし,この先目立った勾配なし,先行列車なし,後続列車なし,0,0,,0,60.0,0,normal,1.0,巡航フェーズでrequired_speed未達のため加速は適切で、速度・信号・制限を遵守し、ノコギリ運転や間隔問題もなし。
143,Train11,巡航フェーズ（駅間走行中）,力行（加速）中,4.0,ブレーキ（減速）,8.0,70.0,70.0,45.0,66.8,900.0,65.0,106.93896624430757,0.0,0.0,この先制限速度なし,この先目立った勾配なし,先行列車なし,後続列車なし,0,0,,0,66.8,0,normal,1.0,巡航フェーズでrequired_speed未達のため加速は必要かつ適切で、速度・CBTC制限を守り、ノコギリ運転や過剰加速もなく高評価とした。
144,Train11,巡航フェーズ（駅間走行中）,力行（加速）中,10.0,ブレーキ（減速）,8.0,70.0,70.0,45.0,60.7,1650.0,122.0,106.93896624430757,0.0,0.0,この先制限速度なし,この先目立った勾配なし,先行列車なし,後続列車なし,0,0,,0,60.7,0,normal,1.0,巡航フェーズでrequired_speed未達のため加速は適切で、速度・信号・制限を遵守し、ノコギリ運転や無駄な加速はなく高評価とした。
145,Train11,巡航フェーズ（駅間走行中）,力行（加速）中,10.0,ブレーキ（減速）,8.0,70.0,70.0,45.0,60.0,1200.0,88.0,106.93896624430757,0.0,0.0,この先制限速度なし,この先目立った勾配なし,先行列車なし,後続列車なし,0,0,,0,60.0,0,normal,1.0,巡航フェーズでrequired_speed未達のため加速は適切で、制限速度・CBTCを遵守し、ノコギリ運転や列車間隔の問題もなく、定時性と省エネ性を損なわないため最高評価。
146,Train11,巡航フェーズ（駅間走行中）,力行（加速）中,10.0,ブレーキ（減速）,8.0,70.0,70.0,45.0,66.8,900.0,65.0,106.93896624430757,0.0,0.0,この先制限速度なし,この先目立った勾配なし,先行列車なし,後続列車なし,0,0,,0,66.8,0,normal,1.0,巡航フェーズでrequired_speed未達のため加速は適切で、速度・信号超過なし、ノコギリ運転もなく、全項目で問題なしと判断し最高評価とする。
147,Train11,巡航フェーズ（駅間走行中）,力行（加速）中,20.0,ブレーキ（減速）,8.0,70.0,70.0,45.0,60.7,1650.0,122.0,106.93896624430757,0.0,0.0,この先制限速度なし,この先目立った勾配なし,先行列車なし,後続列車なし,0,0,,0,60.7,0,normal,1.0,巡航フェーズでrequired_speed未達のため加速は適切で、速度制限・CBTC遵守、ノコギリ運転なし、遅延なしと判断し最高評価とした。
148,Train11,巡航フェーズ（駅間走行中）,力行（加速）中,20.0,ブレーキ（減速）,8.0,70.0,70.0,45.0,60.0,1200.0,88.0,106.93896624430757,0.0,0.0,この先制限速度なし,この先目立った勾配なし,先行列車なし,後続列車なし,0,0,,0,60.0,0,normal,1.0,巡航フェーズでrequired_speed未達のため加速は適切で、制限速度・CBTC遵守、ノコギリ運転なし、遅延なしと評価し高評価とした。
149,Train11,巡航フェーズ（駅間走行中）,力行（加速）中,20.0,ブレーキ（減速）,8.0,70.0,70.0,45.0,66.8,900.0,65.0,106.93896624430757,0.0,0.0,この先制限速度なし,この先目立った勾配なし,先行列車なし,後続列車なし,0,0,,0,66.8,0,normal,1.0,巡航フェーズでrequired_speed未達のため加速が適切で、制限速度・CBTCを遵守し、ノコギリ運転や過剰加速もなく評価は高い。
150,Train11,巡航フェーズ（駅間走行中）,力行（加速）中,1.0,ブレーキ（減速）,8.0,70.0,70.0,50.0,60.8,1650.0,122.0,131.6349551522256,0.0,0.0,この先制限速度なし,この先目立った勾配なし,先行列車なし,後続列車なし,0,0,,0,60.8,0,normal,1.0,現在速度がrequired_speed未満であり、加速は必要かつ制限速度・CBTC信号を遵守しているため、評価は最高点とした。
151,Train11,巡航フェーズ（駅間走行中）,力行（加速）中,1.0,ブレーキ（減速）,8.0,70.0,70.0,50.0,60.5,1200.0,88.0,131.6349551522256,0.0,0.0,この先制限速度なし,この先目立った勾配なし,先行列車なし,後続列車なし,0,0,,0,60.5,0,normal,1.0,巡航フェーズでrequired_speed未達のため加速は適切で、速度・信号・安全条件すべて遵守している。
152,Train11,巡航フェーズ（駅間走行中）,力行（加速）中,1.0,ブレーキ（減速）,8.0,70.0,70.0,50.0,65.3,900.0,65.0,131.6349551522256,0.0,0.0,この先制限速度なし,この先目立った勾配なし,先行列車なし,後続列車なし,0,0,,0,65.3,0,normal,1.0,巡航フェーズでrequired_speed未達のため加速は適切で、速度・信号超過なし、ノコギリ運転でもなく、全項目で安全かつ定時性を保っている。
153,Train11,巡航フェーズ（駅間走行中）,力行（加速）中,2.0,ブレーキ（減速）,8.0,70.0,70.0,50.0,60.8,1650.0,122.0,131.6349551522256,0.0,0.0,この先制限速度なし,この先目立った勾配なし,先行列車なし,後続列車なし,0,0,,0,60.8,0,normal,1.0,巡航フェーズでrequired_speed未達のため加速は適切で、速度・信号・制限を遵守し、ノコギリ運転もなく他項目に問題なし。
154,Train11,巡航フェーズ（駅間走行中）,力行（加速）中,2.0,ブレーキ（減速）,8.0,70.0,70.0,50.0,60.5,1200.0,88.0,131.6349551522256,0.0,0.0,この先制限速度なし,この先目立った勾配なし,先行列車なし,後続列車なし,0,0,,0,60.5,0,normal,1.0,巡航フェーズでrequired_speed未達のため加速は必要で、速度・信号制限を超えておらず、ノコギリ運転条件も満たさないため高評価としreward=1.0。
155,Train11,巡航フェーズ（駅間走行中）,力行（加速）中,2.0,ブレーキ（減速）,8.0,70.0,70.0,50.0,65.3,900.0,65.0,131.6349551522256,0.0,0.0,この先制限速度なし,この先目立った勾配なし,先行列車なし,後続列車なし,0,0,,0,65.3,0,normal,1.0,巡航フェーズでrequired_speed未達のため加速は適切で、制限速度・CBTCを遵守し、ノコギリ運転や間隔問題もなく高評価とした。
156,Train11,巡航フェーズ（駅間走行中）,力行（加速）中,4.0,ブレーキ（減速）,8.0,70.0,70.0,50.0,60.8,1650.0,122.0,131.6349551522256,0.0,0.0,この先制限速度なし,この先目立った勾配なし,先行列車なし,後続列車なし,0,0,,0,60.8,0,normal,1.0,巡航フェーズでrequired_speed未達のため加速が必要で、現在の力行は制限速度・CBTCを遵守し、ノコギリ運転でもなく、停車位置や列車間隔にも問題がないため高評価とした。
157,Train11,巡航フェーズ（駅間走行中）,力行（加速）中,4.0,ブレーキ（減速）,8.0,70.0,70.0,50.0,60.5,1200.0,88.0,131.6349551522256,0.0,0.0,この先制限速度なし,この先目立った勾配なし,先行列車なし,後続列車なし,0,0,,0,60.5,0,normal,1.0,巡航フェーズでrequired_speed未達のため加速は適切で、速度・信号・制限を遵守し、ノコギリ運転もなく評価は最高とした。
158,Train11,巡航フェーズ（駅間走行中）,力行（加速）中,4.0,ブレーキ（減速）,8.0,70.0,70.0,50.0,65.3,900.0,65.0,131.6349551522256,0.0,0.0,この先制限速度なし,この先目立った勾配なし,先行列車なし,後続列車なし,0,0,,0,65.3,0,normal,1.0,巡航フェーズでrequired_speedに未達のため加速は適切で、速度超過・信号違反なし、ノコギリ運転も発生せず、全体的に最適な操作と判断した。
159,Train11,巡航フェーズ（駅間走行中）,力行（加速）中,10.0,ブレーキ（減速）,8.0,70.0,70.0,50.0,60.8,1650.0,122.0,131.6349551522256,0.0,0.0,この先制限速度なし,この先目立った勾配なし,先行列車なし,後続列車なし,0,0,,0,60.8,0,normal,1.0,制限速度・CBTCを遵守し安全、巡航フェーズでrequired_speed未達のため加速は適切で、ノコギリ運転や間隔問題もなく最高評価とした。
160,Train11,巡航フェーズ（駅間走行中）,力行（加速）中,10.0,ブレーキ（減速）,8.0,70.0,70.0,50.0,60.5,1200.0,88.0,131.6349551522256,0.0,0.0,この先制限速度なし,この先目立った勾配なし,先行列車なし,後続列車なし,0,0,,0,60.5,0,normal,1.0,巡航フェーズでrequired_speed未達のため加速は適切で、速度・CBTC制限を遵守し、ノコギリ運転や不要な力行もなく最高評価とした。
161,Train11,巡航フェーズ（駅間走行中）,力行（加速）中,10.0,ブレーキ（減速）,8.0,70.0,70.0,50.0,65.3,900.0,65.0,131.6349551522256,0.0,0.0,この先制限速度なし,この先目立った勾配なし,先行列車なし,後続列車なし,0,0,,0,65.3,0,normal,1.0,巡航フェーズでrequired_speed未達のため加速は適切で、制限速度・CBTC遵守、停止位置も十分に確保されており問題なし。
162,Train11,巡航フェーズ（駅間走行中）,力行（加速）中,20.0,ブレーキ（減速）,8.0,70.0,70.0,50.0,60.8,1650.0,122.0,131.6349551522256,0.0,0.0,この先制限速度なし,この先目立った勾配なし,先行列車なし,後続列車なし,0,0,,0,60.8,0,normal,1.0,巡航フェーズでrequired_speed未達のため加速が適切で、速度制限・CBTCを遵守し、ノコギリ運転や無駄な力行もなく、全項目で問題がないためrewardを1.0とした。
163,Train11,巡航フェーズ（駅間走行中）,力行（加速）中,20.0,ブレーキ（減速）,8.0,70.0,70.0,50.0,60.5,1200.0,88.0,131.6349551522256,0.0,0.0,この先制限速度なし,この先目立った勾配なし,先行列車なし,後続列車なし,0,0,,0,60.5,0,normal,1.0,巡航フェーズでrequired_speed未達のため加速は適切で、速度・信号超過なし、ノコギリ運転もなく省エネ面でも必要な加速と判断し最高評価とした。
164,Train11,巡航フェーズ（駅間走行中）,力行（加速）中,20.0,ブレーキ（減速）,8.0,70.0,70.0,50.0,65.3,900.0,65.0,131.6349551522256,0.0,0.0,この先制限速度なし,この先目立った勾配なし,先行列車なし,後続列車なし,0,0,,0,65.3,0,normal,1.0,巡航フェーズでrequired_speed未達のため加速は適切で、制限速度・CBTC遵守、ノコギリ運転なし、間隔問題もなく評価は高い。
165,Train11,巡航フェーズ（駅間走行中）,力行（加速）中,1.0,ブレーキ（減速）,20.0,70.0,70.0,2.5,68.6,1650.0,122.0,0.33571382522419596,0.0,0.0,この先制限速度なし,この先目立った勾配なし,先行列車なし,後続列車なし,0,0,,0,68.6,0,normal,0.1,巡航フェーズで必要速度68.6km/hに対し2.5km/hの低速のまま1秒だけ力行し、加速保持が不足しているため大幅な遅延リスクと省エネ性欠如と判断した。
166,Train11,巡航フェーズ（駅間走行中）,力行（加速）中,1.0,ブレーキ（減速）,20.0,70.0,70.0,2.5,70.0,1200.0,88.0,0.33571382522419596,0.0,0.0,この先制限速度なし,この先目立った勾配なし,先行列車なし,後続列車なし,0,0,,0,70.0,0,normal,0.2,巡航フェーズでrequired_speed 70km/hに対し現在速度2.5km/hと大幅に遅れており、必要な加速が不足しているため遅延リスクが高く0.2点とした。
167,Train11,巡航フェーズ（駅間走行中）,力行（加速）中,1.0,ブレーキ（減速）,20.0,70.0,70.0,2.5,70.0,900.0,65.0,0.33571382522419596,0.0,0.0,この先制限速度なし,この先目立った勾配なし,先行列車なし,後続列車なし,0,0,,0,70.0,0,normal,0.2,巡航フェーズで必要速度70km/hに対し現在速度2.5km/hと大きく乖離し、低速のまま力行は遅延を拡大するため0.2とした。
168,Train11,巡航フェーズ（駅間走行中）,力行（加速）中,2.0,ブレーキ（減速）,20.0,70.0,70.0,2.5,68.6,1650.0,122.0,0.33571382522419596,0.0,0.0,この先制限速度なし,この先目立った勾配なし,先行列車なし,後続列車なし,0,0,,0,68.6,0,normal,1.0,巡航フェーズでrequired_speed未達だが加速は必要で、速度・信号制限を超えておらずノコギリ運転でもないため高評価とした。
169,Train11,巡航フェーズ（駅間走行中）,力行（加速）中,2.0,ブレーキ（減速）,20.0,70.0,70.0,2.5,70.0,1200.0,88.0,0.33571382522419596,0.0,0.0,この先制限速度なし,この先目立った勾配なし,先行列車なし,後続列車なし,0,0,,0,70.0,0,normal,0.2,巡航フェーズでrequired_speed70km/hに対し2.5km/hと大幅に遅く、2秒の力行だけでは遅延とエネルギー浪費が顕著なため低評価。
170,Train11,巡航フェーズ（駅間走行中）,力行（加速）中,2.0,ブレーキ（減速）,20.0,70.0,70.0,2.5,70.0,900.0,65.0,0.33571382522419596,0.0,0.0,この先制限速度なし,この先目立った勾配なし,先行列車なし,後続列車なし,0,0,,0,70.0,0,normal,0.2,巡航フェーズでrequired_speed 70km/hに対し現在速度2.5km/hと大幅に遅く、遅延と省エネ性の欠如が顕著なため0.2とした。
171,Train11,巡航フェーズ（駅間走行中）,力行（加速）中,4.0,ブレーキ（減速）,20.0,70.0,70.0,2.5,68.6,1650.0,122.0,0.33571382522419596,0.0,0.0,この先制限速度なし,この先目立った勾配なし,先行列車なし,後続列車なし,0,0,,0,68.6,0,normal,0.1,巡航フェーズで必要速度68.6km/hに対し2.5km/hと大幅に遅く、無駄な力行によるちんたら運転と判定し低評価。
172,Train11,巡航フェーズ（駅間走行中）,力行（加速）中,4.0,ブレーキ（減速）,20.0,70.0,70.0,2.5,70.0,1200.0,88.0,0.33571382522419596,0.0,0.0,この先制限速度なし,この先目立った勾配なし,先行列車なし,後続列車なし,0,0,,0,70.0,0,normal,0.9,巡航フェーズでrequired_speed未達のため加速は適切で、速度・CBTC制限遵守、停止位置問題なし、ノコギリ運転でもなくエネルギー過剰でもないため高評価。
173,Train11,巡航フェーズ（駅間走行中）,力行（加速）中,4.0,ブレーキ（減速）,20.0,70.0,70.0,2.5,70.0,900.0,65.0,0.33571382522419596,0.0,0.0,この先制限速度なし,この先目立った勾配なし,先行列車なし,後続列車なし,0,0,,0,70.0,0,normal,1.0,巡航フェーズで必要速度未達のため加速は適切で、速度制限・CBTC違反なし、ノコギリ運転条件も満たさず評価は高くなる。
174,Train11,巡航フェーズ（駅間走行中）,力行（加速）中,10.0,ブレーキ（減速）,20.0,70.0,70.0,2.5,68.6,1650.0,122.0,0.33571382522419596,0.0,0.0,この先制限速度なし,この先目立った勾配なし,先行列車なし,後続列車なし,0,0,,0,68.6,0,normal,0.1,巡航フェーズでrequired_speed(68.6km/h)に対し2.5km/hと大幅に遅く、必要以上の加速は遅延とエネルギー浪費を招くため低評価とした。
175,Train11,巡航フェーズ（駅間走行中）,力行（加速）中,10.0,ブレーキ（減速）,20.0,70.0,70.0,2.5,70.0,1200.0,88.0,0.33571382522419596,0.0,0.0,この先制限速度なし,この先目立った勾配なし,先行列車なし,後続列車なし,0,0,,0,70.0,0,normal,1.0,巡航フェーズでrequired_speed未達のため加速は適切で、違反やノコギリ運転はなく評価は最高とした。
176,Train11,巡航フェーズ（駅間走行中）,力行（加速）中,10.0,ブレーキ（減速）,20.0,70.0,70.0,2.5,70.0,900.0,65.0,0.33571382522419596,0.0,0.0,この先制限速度なし,この先目立った勾配なし,先行列車なし,後続列車なし,0,0,,0,70.0,0,normal,1.0,巡航フェーズでrequired_speed未達のため加速は適切で、速度制限・CBTC遵守、ノコギリ運転なし、他条件も満たすため高評価とした。
177,Train11,巡航フェーズ（駅間走行中）,力行（加速）中,20.0,ブレーキ（減速）,20.0,70.0,70.0,2.5,68.6,1650.0,122.0,0.33571382522419596,0.0,0.0,この先制限速度なし,この先目立った勾配なし,先行列車なし,後続列車なし,0,0,,0,68.6,0,normal,0.2,巡航フェーズでrequired_speed(68.6km/h)を大きく下回る2.5km/hの低速走行は遅延リスクと省エネ低下を招くため0.2とした。
178,Train11,巡航フェーズ（駅間走行中）,力行（加速）中,20.0,ブレーキ（減速）,20.0,70.0,70.0,2.5,70.0,1200.0,88.0,0.33571382522419596,0.0,0.0,この先制限速度なし,この先目立った勾配なし,先行列車なし,後続列車なし,0,0,,0,70.0,0,normal,0.1,巡航フェーズでrequired_speed 70km/hに対し2.5km/hの低速のまま力行を続け、遅延がなくてもエネルギー無駄でありちんたら運転と判断したため低評価とした。
179,Train11,巡航フェーズ（駅間走行中）,力行（加速）中,20.0,ブレーキ（減速）,20.0,70.0,70.0,2.5,70.0,900.0,65.0,0.33571382522419596,0.0,0.0,この先制限速度なし,この先目立った勾配なし,先行列車なし,後続列車なし,0,0,,0,70.0,0,normal,0.1,巡航フェーズでrequired_speed(70km/h)に対し現在速度2.5km/hと大幅に遅く、先行列車もなく低速走行が遅延を招くため0.1点とした。
180,Train11,巡航フェーズ（駅間走行中）,力行（加速）中,1.0,ブレーキ（減速）,20.0,70.0,70.0,5.0,68.1,1650.0,122.0,1.3420645674902167,0.0,0.0,この先制限速度なし,この先目立った勾配なし,先行列車なし,後続列車なし,0,0,,0,68.1,0,normal,1.0,巡航フェーズで必要速度未達のため加速が適切で、速度・信号超過なし、ノコギリ運転もなく評価は最高とした。
181,Train11,巡航フェーズ（駅間走行中）,力行（加速）中,1.0,ブレーキ（減速）,20.0,70.0,70.0,5.0,70.0,1200.0,88.0,1.3420645674902167,0.0,0.0,この先制限速度なし,この先目立った勾配なし,先行列車なし,後続列車なし,0,0,,0,70.0,0,normal,1.0,巡航フェーズで必要速度未達のため加速は適切で、速度・信号超過なし、ノコギリ運転もなく、現在の加速は今後も継続すべきで定時到達に向けた適切な操作と判断する。
182,Train11,巡航フェーズ（駅間走行中）,力行（加速）中,1.0,ブレーキ（減速）,20.0,70.0,70.0,5.0,70.0,900.0,65.0,1.3420645674902167,0.0,0.0,この先制限速度なし,この先目立った勾配なし,先行列車なし,後続列車なし,0,0,,0,70.0,0,normal,0.1,巡航フェーズで必要速度70km/hに対し5km/hと大幅に不足し、加速が不十分なため遅延が予測され評価を大幅減点し0.1とした。
183,Train11,巡航フェーズ（駅間走行中）,力行（加速）中,2.0,ブレーキ（減速）,20.0,70.0,70.0,5.0,68.1,1650.0,122.0,1.3420645674902167,0.0,0.0,この先制限速度なし,この先目立った勾配なし,先行列車なし,後続列車なし,0,0,,0,68.1,0,normal,0.9,巡航フェーズでrequired_speed未達だが加速中であり、制限速度・CBTC遵守、ノコギリ運転なし、間隔問題もなく適切な加速と判断したため高評価。
184,Train11,巡航フェーズ（駅間走行中）,力行（加速）中,2.0,ブレーキ（減速）,20.0,70.0,70.0,5.0,70.0,1200.0,88.0,1.3420645674902167,0.0,0.0,この先制限速度なし,この先目立った勾配なし,先行列車なし,後続列車なし,0,0,,0,70.0,0,normal,1.0,巡航フェーズでrequired_speed未達のため加速は適切で、速度・信号超過なし、ノコギリ運転条件を満たさず評価は最高とした。
185,Train11,巡航フェーズ（駅間走行中）,力行（加速）中,2.0,ブレーキ（減速）,20.0,70.0,70.0,5.0,70.0,900.0,65.0,1.3420645674902167,0.0,0.0,この先制限速度なし,この先目立った勾配なし,先行列車なし,後続列車なし,0,0,,0,70.0,0,normal,1.0,巡航フェーズでrequired_speed未達のため加速は適切であり、速度・信号制限を超えておらず、ノコギリ運転でもなく、他条件に問題なし。
186,Train11,巡航フェーズ（駅間走行中）,力行（加速）中,4.0,ブレーキ（減速）,20.0,70.0,70.0,5.0,68.1,1650.0,122.0,1.3420645674902167,0.0,0.0,この先制限速度なし,この先目立った勾配なし,先行列車なし,後続列車なし,0,0,,0,68.1,0,normal,0.9,巡航フェーズでrequired_speed未達だが加速は必要であり、速度・信号超過なし、ノコギリ運転でもなくエネルギー無駄もないため高評価。
187,Train11,巡航フェーズ（駅間走行中）,力行（加速）中,4.0,ブレーキ（減速）,20.0,70.0,70.0,5.0,70.0,1200.0,88.0,1.3420645674902167,0.0,0.0,この先制限速度なし,この先目立った勾配なし,先行列車なし,後続列車なし,0,0,,0,70.0,0,normal,0.1,巡航フェーズでrequired_speed 70km/hに対し5km/hと大幅に遅く、必要以上の低速走行で遅延リスクが高く評価を低減。
188,Train11,巡航フェーズ（駅間走行中）,力行（加速）中,4.0,ブレーキ（減速）,20.0,70.0,70.0,5.0,70.0,900.0,65.0,1.3420645674902167,0.0,0.0,この先制限速度なし,この先目立った勾配なし,先行列車なし,後続列車なし,0,0,,0,70.0,0,normal,1.0,巡航フェーズで必要速度未達だが加速中であり、速度・信号超過やノコギリ運転はなく、全項目で適切と判断した。
189,Train11,巡航フェーズ（駅間走行中）,力行（加速）中,10.0,ブレーキ（減速）,20.0,70.0,70.0,5.0,68.1,1650.0,122.0,1.3420645674902167,0.0,0.0,この先制限速度なし,この先目立った勾配なし,先行列車なし,後続列車なし,0,0,,0,68.1,0,normal,1.0,制限速度・CBTC遵守、巡航フェーズで必要速度未達のため加速は適切で、ノコギリ運転や過剰加速はなく評価は最高とした。
190,Train11,巡航フェーズ（駅間走行中）,力行（加速）中,10.0,ブレーキ（減速）,20.0,70.0,70.0,5.0,70.0,1200.0,88.0,1.3420645674902167,0.0,0.0,この先制限速度なし,この先目立った勾配なし,先行列車なし,後続列車なし,0,0,,0,70.0,0,normal,1.0,制限速度・CBTC遵守、必要な加速で巡航速度に向かう操作であり、ノコギリ運転や間隔問題もなく評価は最高とした。
191,Train11,巡航フェーズ（駅間走行中）,力行（加速）中,10.0,ブレーキ（減速）,20.0,70.0,70.0,5.0,70.0,900.0,65.0,1.3420645674902167,0.0,0.0,この先制限速度なし,この先目立った勾配なし,先行列車なし,後続列車なし,0,0,,0,70.0,0,normal,0.2,巡航フェーズでrequired_speed 70km/hに対し5km/hの低速で力行を続け、遅延リスクとエネルギー無駄が顕著なため評価を低くした。
192,Train11,巡航フェーズ（駅間走行中）,力行（加速）中,20.0,ブレーキ（減速）,20.0,70.0,70.0,5.0,68.1,1650.0,122.0,1.3420645674902167,0.0,0.0,この先制限速度なし,この先目立った勾配なし,先行列車なし,後続列車なし,0,0,,0,68.1,0,normal,0.2,巡航フェーズでrequired_speed(68.1km/h)に対し5km/hの低速のまま力行を続けており、先行列車もなく余裕があるためちんたら運転とみなされ省エネ性が著しく低下する。
193,Train11,巡航フェーズ（駅間走行中）,力行（加速）中,20.0,ブレーキ（減速）,20.0,70.0,70.0,5.0,70.0,1200.0,88.0,1.3420645674902167,0.0,0.0,この先制限速度なし,この先目立った勾配なし,先行列車なし,後続列車なし,0,0,,0,70.0,0,normal,0.1,巡航フェーズでrequired_speed 70km/hに対し5km/hの低速のまま力行を続け、遅延リスクとエネルギー無駄が顕著なため大幅減点した。
194,Train11,巡航フェーズ（駅間走行中）,力行（加速）中,20.0,ブレーキ（減速）,20.0,70.0,70.0,5.0,70.0,900.0,65.0,1.3420645674902167,0.0,0.0,この先制限速度なし,この先目立った勾配なし,先行列車なし,後続列車なし,0,0,,0,70.0,0,normal,0.2,巡航フェーズで必要速度70km/hに対し5km/hと大幅に遅れ、先行列車なしで低速走行はちんたら運転とみなされ評価を0.2とした。
195,Train11,巡航フェーズ（駅間走行中）,力行（加速）中,1.0,ブレーキ（減速）,20.0,70.0,70.0,10.0,66.3,1650.0,122.0,5.361102334269932,0.0,0.0,この先制限速度なし,この先目立った勾配なし,先行列車なし,後続列車なし,0,0,,0,66.3,0,normal,1.0,巡航フェーズでrequired_speed未達のため加速は適切で、速度・信号・制限をすべて遵守し安全上の問題がない。
196,Train11,巡航フェーズ（駅間走行中）,力行（加速）中,1.0,ブレーキ（減速）,20.0,70.0,70.0,10.0,70.0,1200.0,88.0,5.361102334269932,0.0,0.0,この先制限速度なし,この先目立った勾配なし,先行列車なし,後続列車なし,0,0,,0,70.0,0,normal,1.0,巡航フェーズでrequired_speed未達のため加速は適切で、速度・信号制限を遵守しノコギリ運転もなく評価は高く減点要因なし。
197,Train11,巡航フェーズ（駅間走行中）,力行（加速）中,1.0,ブレーキ（減速）,20.0,70.0,70.0,10.0,70.0,900.0,65.0,5.361102334269932,0.0,0.0,この先制限速度なし,この先目立った勾配なし,先行列車なし,後続列車なし,0,0,,0,70.0,0,normal,0.1,巡航フェーズで必要速度70km/hに対し現在10km/hと大幅に遅れ、無駄な低速走行となっているため0.1とした。
198,Train11,巡航フェーズ（駅間走行中）,力行（加速）中,2.0,ブレーキ（減速）,20.0,70.0,70.0,10.0,66.3,1650.0,122.0,5.361102334269932,0.0,0.0,この先制限速度なし,この先目立った勾配なし,先行列車なし,後続列車なし,0,0,,0,66.3,0,normal,1.0,巡航フェーズでrequired_speed未達のため加速は適切であり、速度・信号超過なし、ノコギリ運転でもなく、全項目で問題なしと判断した。
199,Train11,巡航フェーズ（駅間走行中）,力行（加速）中,2.0,ブレーキ（減速）,20.0,70.0,70.0,10.0,70.0,1200.0,88.0,5.361102334269932,0.0,0.0,この先制限速度なし,この先目立った勾配なし,先行列車なし,後続列車なし,0,0,,0,70.0,0,normal,0.8,巡航フェーズでrequired_speed未達だが加速が必要であり、速度・信号制限を遵守しノコギリ運転もなく、適切な操作と判断した。
200,Train11,巡航フェーズ（駅間走行中）,力行（加速）中,2.0,ブレーキ（減速）,20.0,70.0,70.0,10.0,70.0,900.0,65.0,5.361102334269932,0.0,0.0,この先制限速度なし,この先目立った勾配なし,先行列車なし,後続列車なし,0,0,,0,70.0,0,normal,1.0,巡航フェーズでrequired_speed未達のため加速は適切で、速度制限・CBTC遵守、ノコギリ運転なし、列車間隔問題もなく評価は高い。
201,Train11,巡航フェーズ（駅間走行中）,力行（加速）中,4.0,ブレーキ（減速）,20.0,70.0,70.0,10.0,66.3,1650.0,122.0,5.361102334269932,0.0,0.0,この先制限速度なし,この先目立った勾配なし,先行列車なし,後続列車なし,0,0,,0,66.3,0,normal,1.0,巡航フェーズでrequired_speed未達のため加速は適切で、速度・信号超過なし、ノコギリ運転もなく評価は高く1.0とした。
202,Train11,巡航フェーズ（駅間走行中）,力行（加速）中,4.0,ブレーキ（減速）,20.0,70.0,70.0,10.0,70.0,1200.0,88.0,5.361102334269932,0.0,0.0,この先制限速度なし,この先目立った勾配なし,先行列車なし,後続列車なし,0,0,,0,70.0,0,normal,0.2,巡航フェーズでrequired_speed(70km/h)に対し現在速度10km/hと大幅に遅れており、低速のまま力行は遅延とエネルギー無駄を招くため0.2とした。
203,Train11,巡航フェーズ（駅間走行中）,力行（加速）中,4.0,ブレーキ（減速）,20.0,70.0,70.0,10.0,70.0,900.0,65.0,5.361102334269932,0.0,0.0,この先制限速度なし,この先目立った勾配なし,先行列車なし,後続列車なし,0,0,,0,70.0,0,normal,1.0,巡航フェーズでrequired_speed未達のため加速は適切で、速度・信号・安全条件すべて遵守しているため高評価とする。
204,Train11,巡航フェーズ（駅間走行中）,力行（加速）中,10.0,ブレーキ（減速）,20.0,70.0,70.0,10.0,66.3,1650.0,122.0,5.361102334269932,0.0,0.0,この先制限速度なし,この先目立った勾配なし,先行列車なし,後続列車なし,0,0,,0,66.3,0,normal,1.0,巡航フェーズでrequired_speed未達のため加速は適切であり、速度・信号超過なし、ノコギリ運転もなく、全項目で問題なしと判断した。
205,Train11,巡航フェーズ（駅間走行中）,力行（加速）中,10.0,ブレーキ（減速）,20.0,70.0,70.0,10.0,70.0,1200.0,88.0,5.361102334269932,0.0,0.0,この先制限速度なし,この先目立った勾配なし,先行列車なし,後続列車なし,0,0,,0,70.0,0,normal,1.0,制限速度・CBTC遵守、巡航フェーズで必要な加速であり、ノコギリ運転や過剰加速がなく評価は最高点とした。
206,Train11,巡航フェーズ（駅間走行中）,力行（加速）中,10.0,ブレーキ（減速）,20.0,70.0,70.0,10.0,70.0,900.0,65.0,5.361102334269932,0.0,0.0,この先制限速度なし,この先目立った勾配なし,先行列車なし,後続列車なし,0,0,,0,70.0,0,normal,1.0,巡航フェーズでrequired_speed未達のため加速は適切で、速度・信号超過なし、ノコギリ運転もなく評価は高い。
207,Train11,巡航フェーズ（駅間走行中）,力行（加速）中,20.0,ブレーキ（減速）,20.0,70.0,70.0,10.0,66.3,1650.0,122.0,5.361102334269932,0.0,0.0,この先制限速度なし,この先目立った勾配なし,先行列車なし,後続列車なし,0,0,,0,66.3,0,normal,1.0,巡航フェーズでrequired_speed未達のため加速は適切で、速度・信号制限遵守、ノコギリ運転なしと評価し最高点とした。
208,Train11,巡航フェーズ（駅間走行中）,力行（加速）中,20.0,ブレーキ（減速）,20.0,70.0,70.0,10.0,70.0,1200.0,88.0,5.361102334269932,0.0,0.0,この先制限速度なし,この先目立った勾配なし,先行列車なし,後続列車なし,0,0,,0,70.0,0,normal,0.1,巡航フェーズでrequired_speed 70km/hに対し現在10km/hと大幅に遅く、先行列車なしで遅延を拡大するちんたら運転と判断し0.1とした。
209,Train11,巡航フェーズ（駅間走行中）,力行（加速）中,20.0,ブレーキ（減速）,20.0,70.0,70.0,10.0,70.0,900.0,65.0,5.361102334269932,0.0,0.0,この先制限速度なし,この先目立った勾配なし,先行列車なし,後続列車なし,0,0,,0,70.0,0,normal,0.9,巡航フェーズでrequired_speed未達のため加速は適切で、制限速度・CBTC遵守、停止位置も問題なく、ノコギリ運転や余分な力行はないため高評価とした。
210,Train11,巡航フェーズ（駅間走行中）,力行（加速）中,1.0,ブレーキ（減速）,20.0,70.0,70.0,15.0,63.7,1650.0,122.0,12.043897473726263,0.0,0.0,この先制限速度なし,この先目立った勾配なし,先行列車なし,後続列車なし,0,0,,0,63.7,0,normal,1.0,現在速度15km/hはrequired_speed63.7km/hを大きく下回り、加速が必要なため力行は適切で、制限速度・CBTC超過もなく安全かつ定時性に問題ありません。
211,Train11,巡航フェーズ（駅間走行中）,力行（加速）中,1.0,ブレーキ（減速）,20.0,70.0,70.0,15.0,70.0,1200.0,88.0,12.043897473726263,0.0,0.0,この先制限速度なし,この先目立った勾配なし,先行列車なし,後続列車なし,0,0,,0,70.0,0,normal,1.0,巡航フェーズでrequired_speed未達のため加速は適切で、速度・信号超過なし、ノコギリ運転もなく評価上問題なし。
212,Train11,巡航フェーズ（駅間走行中）,力行（加速）中,1.0,ブレーキ（減速）,20.0,70.0,70.0,15.0,70.0,900.0,65.0,12.043897473726263,0.0,0.0,この先制限速度なし,この先目立った勾配なし,先行列車なし,後続列車なし,0,0,,0,70.0,0,normal,1.0,巡航フェーズでrequired_speed未達のため加速は適切で、速度・信号・制限を遵守し、ノコギリ運転もなし。
213,Train11,巡航フェーズ（駅間走行中）,力行（加速）中,2.0,ブレーキ（減速）,20.0,70.0,70.0,15.0,63.7,1650.0,122.0,12.043897473726263,0.0,0.0,この先制限速度なし,この先目立った勾配なし,先行列車なし,後続列車なし,0,0,,0,63.7,0,normal,0.1,巡航フェーズでrequired_speed 63.7km/hに対し15km/hと大幅に遅く、先行列車なしで低速走行はちんたら運転とみなされ、評価を0.1にした。
214,Train11,巡航フェーズ（駅間走行中）,力行（加速）中,2.0,ブレーキ（減速）,20.0,70.0,70.0,15.0,70.0,1200.0,88.0,12.043897473726263,0.0,0.0,この先制限速度なし,この先目立った勾配なし,先行列車なし,後続列車なし,0,0,,0,70.0,0,normal,1.0,巡航フェーズでrequired_speed未達のため加速は適切で、速度・信号超過なし、ノコギリ運転でもなく、全項目で問題がないため高評価とした。
215,Train11,巡航フェーズ（駅間走行中）,力行（加速）中,2.0,ブレーキ（減速）,20.0,70.0,70.0,15.0,70.0,900.0,65.0,12.043897473726263,0.0,0.0,この先制限速度なし,この先目立った勾配なし,先行列車なし,後続列車なし,0,0,,0,70.0,0,normal,1.0,巡航フェーズでrequired_speed未達のため加速は適切で、速度・CBTC制限遵守、ノコギリ運転なしと評価し高評価とした。
216,Train11,巡航フェーズ（駅間走行中）,力行（加速）中,4.0,ブレーキ（減速）,20.0,70.0,70.0,15.0,63.7,1650.0,122.0,12.043897473726263,0.0,0.0,この先制限速度なし,この先目立った勾配なし,先行列車なし,後続列車なし,0,0,,0,63.7,0,normal,0.8,巡航フェーズでrequired_speed未達だが加速が必要で、速度・CBTC制限を遵守し、ノコギリ運転もなく、間隔問題も無いため高評価とした。
217,Train11,巡航フェーズ（駅間走行中）,力行（加速）中,4.0,ブレーキ（減速）,20.0,70.0,70.0,15.0,70.0,1200.0,88.0,12.043897473726263,0.0,0.0,この先制限速度なし,この先目立った勾配なし,先行列車なし,後続列車なし,0,0,,0,70.0,0,normal,1.0,巡航フェーズでrequired_speed未達のため加速は適切で、制限速度・CBTC遵守、ノコギリ運転なし、不要な力行もなく安全かつ効率的と判断した。
218,Train11,巡航フェーズ（駅間走行中）,力行（加速）中,4.0,ブレーキ（減速）,20.0,70.0,70.0,15.0,70.0,900.0,65.0,12.043897473726263,0.0,0.0,この先制限速度なし,この先目立った勾配なし,先行列車なし,後続列車なし,0,0,,0,70.0,0,normal,1.0,巡航フェーズでrequired_speed未達のため加速は適切で、速度・信号超過なし、ノコギリ運転も該当せず高評価とする。
219,Train11,巡航フェーズ（駅間走行中）,力行（加速）中,10.0,ブレーキ（減速）,20.0,70.0,70.0,15.0,63.7,1650.0,122.0,12.043897473726263,0.0,0.0,この先制限速度なし,この先目立った勾配なし,先行列車なし,後続列車なし,0,0,,0,63.7,0,normal,1.0,制限速度・CBTC遵守、ノコギリ運転なし、必要な加速であり全項目で問題がないため最高評価とした。
220,Train11,巡航フェーズ（駅間走行中）,力行（加速）中,10.0,ブレーキ（減速）,20.0,70.0,70.0,15.0,70.0,1200.0,88.0,12.043897473726263,0.0,0.0,この先制限速度なし,この先目立った勾配なし,先行列車なし,後続列車なし,0,0,,0,70.0,0,normal,0.2,巡航フェーズでrequired_speed 70km/hに対し現在15km/hと大幅に遅く、先行列車なしでCBTC余裕があるためちんたら運転とみなされ減点対象となる。
221,Train11,巡航フェーズ（駅間走行中）,力行（加速）中,10.0,ブレーキ（減速）,20.0,70.0,70.0,15.0,70.0,900.0,65.0,12.043897473726263,0.0,0.0,この先制限速度なし,この先目立った勾配なし,先行列車なし,後続列車なし,0,0,,0,70.0,0,normal,0.1,巡航フェーズでrequired_speed 70km/hに対し15km/hの低速走行が続き、先行列車なしで遅延を拡大するちんたら運転と判断し、rewardを0.1とした。
222,Train11,巡航フェーズ（駅間走行中）,力行（加速）中,20.0,ブレーキ（減速）,20.0,70.0,70.0,15.0,63.7,1650.0,122.0,12.043897473726263,0.0,0.0,この先制限速度なし,この先目立った勾配なし,先行列車なし,後続列車なし,0,0,,0,63.7,0,normal,0.1,巡航フェーズでrequired_speed 63.7km/hに対し15km/hと大幅に遅く、遅延リスクとエネルギー無駄が顕著なため低評価とした。
223,Train11,巡航フェーズ（駅間走行中）,力行（加速）中,20.0,ブレーキ（減速）,20.0,70.0,70.0,15.0,70.0,1200.0,88.0,12.043897473726263,0.0,0.0,この先制限速度なし,この先目立った勾配なし,先行列車なし,後続列車なし,0,0,,0,70.0,0,normal,0.1,巡航フェーズでrequired_speed70km/hに対し現在15km/hと大幅に遅く、遅延とエネルギー無駄が顕著なため低評価とした。
224,Train11,巡航フェーズ（駅間走行中）,力行（加速）中,20.0,ブレーキ（減速）,20.0,70.0,70.0,15.0,70.0,900.0,65.0,12.043897473726263,0.0,0.0,この先制限速度なし,この先目立った勾配なし,先行列車なし,後続列車なし,0,0,,0,70.0,0,normal,0.2,巡航フェーズでrequired_speed 70km/hに対し現在15km/hと大幅に遅れ、低速走行が続くため遅延とエネルギー効率が著しく低下した。
225,Train11,巡航フェーズ（駅間走行中）,力行（加速）中,1.0,ブレーキ（減速）,20.0,70.0,70.0,20.0,64.1,1650.0,122.0,21.3739727373643,0.0,0.0,この先制限速度なし,この先目立った勾配なし,先行列車なし,後続列車なし,0,0,,0,64.1,0,normal,1.0,現在速度がrequired_speed(64.1km/h)を大きく下回っているため、巡航フェーズでの加速が必要であり、力行操作は適切と判断した。
226,Train11,巡航フェーズ（駅間走行中）,力行（加速）中,1.0,ブレーキ（減速）,20.0,70.0,70.0,20.0,70.0,1200.0,88.0,21.3739727373643,0.0,0.0,この先制限速度なし,この先目立った勾配なし,先行列車なし,後続列車なし,0,0,,0,70.0,0,normal,1.0,巡航フェーズでrequired_speed未達のため加速は適切で、速度・信号超過なし、ノコギリ運転条件も満たさないため高評価とした。
227,Train11,巡航フェーズ（駅間走行中）,力行（加速）中,1.0,ブレーキ（減速）,20.0,70.0,70.0,20.0,70.0,900.0,65.0,21.3739727373643,0.0,0.0,この先制限速度なし,この先目立った勾配なし,先行列車なし,後続列車なし,0,0,,0,70.0,0,normal,1.0,巡航フェーズでrequired_speed未達のため加速が必要であり、現在の力行は制限速度・CBTCを遵守し、ノコギリ運転でもなく適切と判断した。
228,Train11,巡航フェーズ（駅間走行中）,力行（加速）中,2.0,ブレーキ（減速）,20.0,70.0,70.0,20.0,64.1,1650.0,122.0,21.3739727373643,0.0,0.0,この先制限速度なし,この先目立った勾配なし,先行列車なし,後続列車なし,0,0,,0,64.1,0,normal,1.0,巡航フェーズでrequired_speed(64.1km/h)に未達のため加速は必要であり、速度・信号超過やノコギリ運転はなく、評価は最高点とした。
229,Train11,巡航フェーズ（駅間走行中）,力行（加速）中,2.0,ブレーキ（減速）,20.0,70.0,70.0,20.0,70.0,1200.0,88.0,21.3739727373643,0.0,0.0,この先制限速度なし,この先目立った勾配なし,先行列車なし,後続列車なし,0,0,,0,70.0,0,normal,1.0,巡航フェーズでrequired_speed未達のため加速は適切で、速度・CBTC制限を遵守し、ノコギリ運転や列車間隔の問題もなく、定時到達に向けた正当な操作と判断した。
230,Train11,巡航フェーズ（駅間走行中）,力行（加速）中,2.0,ブレーキ（減速）,20.0,70.0,70.0,20.0,70.0,900.0,65.0,21.3739727373643,0.0,0.0,この先制限速度なし,この先目立った勾配なし,先行列車なし,後続列車なし,0,0,,0,70.0,0,normal,1.0,巡航フェーズでrequired_speed未達のため加速は適切で、速度・信号制限を遵守しノコギリ運転もなく最高評価とした。
231,Train11,巡航フェーズ（駅間走行中）,力行（加速）中,4.0,ブレーキ（減速）,20.0,70.0,70.0,20.0,64.1,1650.0,122.0,21.3739727373643,0.0,0.0,この先制限速度なし,この先目立った勾配なし,先行列車なし,後続列車なし,0,0,,0,64.1,0,normal,0.1,巡航フェーズでrequired_speed64.1km/hに対し現在20km/hと大幅に遅く、遅延を招くちんたら運転と判断し0.1点とした。
232,Train11,巡航フェーズ（駅間走行中）,力行（加速）中,4.0,ブレーキ（減速）,20.0,70.0,70.0,20.0,70.0,1200.0,88.0,21.3739727373643,0.0,0.0,この先制限速度なし,この先目立った勾配なし,先行列車なし,後続列車なし,0,0,,0,70.0,0,normal,0.9,巡航フェーズでrequired_speed未達のため加速は適切で、速度超過やCBTC違反なし、ノコギリ運転もなしと判断し高評価とした。
233,Train11,巡航フェーズ（駅間走行中）,力行（加速）中,4.0,ブレーキ（減速）,20.0,70.0,70.0,20.0,70.0,900.0,65.0,21.3739727373643,0.0,0.0,この先制限速度なし,この先目立った勾配なし,先行列車なし,後続列車なし,0,0,,0,70.0,0,normal,0.1,巡航フェーズでrequired_speed 70km/hに対し現在20km/hで力行が不十分、遅延リスクとエネルギー無駄が大きく評価を低下させた。
234,Train11,巡航フェーズ（駅間走行中）,力行（加速）中,10.0,ブレーキ（減速）,20.0,70.0,70.0,20.0,64.1,1650.0,122.0,21.3739727373643,0.0,0.0,この先制限速度なし,この先目立った勾配なし,先行列車なし,後続列車なし,0,0,,0,64.1,0,normal,0.2,巡航フェーズでrequired_speed64.1km/hに対し20km/hのまま力行を続け、遅延を拡大させ省エネ性も低いため0.2点とした。
235,Train11,巡航フェーズ（駅間走行中）,力行（加速）中,10.0,ブレーキ（減速）,20.0,70.0,70.0,20.0,70.0,1200.0,88.0,21.3739727373643,0.0,0.0,この先制限速度なし,この先目立った勾配なし,先行列車なし,後続列車なし,0,0,,0,70.0,0,normal,1.0,巡航フェーズでrequired_speed未達のため加速は必要であり、速度・信号・安全基準すべて遵守しているため最高評価とした。
236,Train11,巡航フェーズ（駅間走行中）,力行（加速）中,10.0,ブレーキ（減速）,20.0,70.0,70.0,20.0,70.0,900.0,65.0,21.3739727373643,0.0,0.0,この先制限速度なし,この先目立った勾配なし,先行列車なし,後続列車なし,0,0,,0,70.0,0,normal,1.0,巡航フェーズでrequired_speed(70km/h)未達のため加速は必要であり、速度・信号超過やノコギリ運転等の違反がなく適切な操作と判断した。
237,Train11,巡航フェーズ（駅間走行中）,力行（加速）中,20.0,ブレーキ（減速）,20.0,70.0,70.0,20.0,64.1,1650.0,122.0,21.3739727373643,0.0,0.0,この先制限速度なし,この先目立った勾配なし,先行列車なし,後続列車なし,0,0,,0,64.1,0,normal,1.0,全ての安全・信号基準を遵守し、巡航フェーズで必要な加速を行っているため最高評価とした。
238,Train11,巡航フェーズ（駅間走行中）,力行（加速）中,20.0,ブレーキ（減速）,20.0,70.0,70.0,20.0,70.0,1200.0,88.0,21.3739727373643,0.0,0.0,この先制限速度なし,この先目立った勾配なし,先行列車なし,後続列車なし,0,0,,0,70.0,0,normal,1.0,巡航フェーズでrequired_speed未達のため加速は適切であり、速度・信号制限を遵守、ノコギリ運転なし、他列車なしで安全かつ定時性を保てるため高評価。
239,Train11,巡航フェーズ（駅間走行中）,力行（加速）中,20.0,ブレーキ（減速）,20.0,70.0,70.0,20.0,70.0,900.0,65.0,21.3739727373643,0.0,0.0,この先制限速度なし,この先目立った勾配なし,先行列車なし,後続列車なし,0,0,,0,70.0,0,normal,0.2,巡航フェーズでrequired_speed(70km/h)に対し現在速度が20km/hと大幅に不足し、定時到着が遅れ省エネ効果も低いため低評価とした。
240,Train11,巡航フェーズ（駅間走行中）,力行（加速）中,1.0,ブレーキ（減速）,20.0,70.0,70.0,25.0,62.2,1650.0,122.0,33.33166419349847,0.0,0.0,この先制限速度なし,この先目立った勾配なし,先行列車なし,後続列車なし,0,0,,0,62.2,0,normal,1.0,巡航フェーズで必要速度62.2km/hに対し25km/hと遅く、加速が適切であり、速度・信号超過やノコギリ運転はなく安全かつ定時性に問題なし。
241,Train11,巡航フェーズ（駅間走行中）,力行（加速）中,1.0,ブレーキ（減速）,20.0,70.0,70.0,25.0,68.9,1200.0,88.0,33.33166419349847,0.0,0.0,この先制限速度なし,この先目立った勾配なし,先行列車なし,後続列車なし,0,0,,0,68.9,0,normal,1.0,巡航フェーズでrequired_speed未達のため加速は適切で、速度・信号超過なし、ノコギリ運転もなく、全項目に問題がないため最高評価とした。
242,Train11,巡航フェーズ（駅間走行中）,力行（加速）中,1.0,ブレーキ（減速）,20.0,70.0,70.0,25.0,70.0,900.0,65.0,33.33166419349847,0.0,0.0,この先制限速度なし,この先目立った勾配なし,先行列車なし,後続列車なし,0,0,,0,70.0,0,normal,1.0,巡航フェーズでrequired_speed未達のため加速は適切で、速度・信号超過なし、ノコギリ運転条件も満たさず高評価とした。
243,Train11,巡航フェーズ（駅間走行中）,力行（加速）中,2.0,ブレーキ（減速）,20.0,70.0,70.0,25.0,62.2,1650.0,122.0,33.33166419349847,0.0,0.0,この先制限速度なし,この先目立った勾配なし,先行列車なし,後続列車なし,0,0,,0,62.2,0,normal,1.0,巡航フェーズでrequired_speed未達のため加速は適切で、速度・信号超過なし、ノコギリ運転条件も満たさず、全項目で問題なしと判断した。
244,Train11,巡航フェーズ（駅間走行中）,力行（加速）中,2.0,ブレーキ（減速）,20.0,70.0,70.0,25.0,68.9,1200.0,88.0,33.33166419349847,0.0,0.0,この先制限速度なし,この先目立った勾配なし,先行列車なし,後続列車なし,0,0,,0,68.9,0,normal,1.0,巡航フェーズでrequired_speed未達のため加速は適切で、速度・信号・制限を遵守し、ノコギリ運転や列車間隔の問題もなく高評価とした。
245,Train11,巡航フェーズ（駅間走行中）,力行（加速）中,2.0,ブレーキ（減速）,20.0,70.0,70.0,25.0,70.0,900.0,65.0,33.33166419349847,0.0,0.0,この先制限速度なし,この先目立った勾配なし,先行列車なし,後続列車なし,0,0,,0,70.0,0,normal,1.0,上位項目すべてで違反がなく、巡航フェーズで必要な加速が適切に行われているためreward=1.0とした。
246,Train11,巡航フェーズ（駅間走行中）,力行（加速）中,4.0,ブレーキ（減速）,20.0,70.0,70.0,25.0,62.2,1650.0,122.0,33.33166419349847,0.0,0.0,この先制限速度なし,この先目立った勾配なし,先行列車なし,後続列車なし,0,0,,0,62.2,0,normal,0.2,巡航フェーズでrequired_speed62.2km/hに対し25km/hの低速走行が続き、遅延とエネルギー浪費が顕著なため0.2とした。
247,Train11,巡航フェーズ（駅間走行中）,力行（加速）中,4.0,ブレーキ（減速）,20.0,70.0,70.0,25.0,68.9,1200.0,88.0,33.33166419349847,0.0,0.0,この先制限速度なし,この先目立った勾配なし,先行列車なし,後続列車なし,0,0,,0,68.9,0,normal,1.0,巡航フェーズでrequired_speed未達のため加速は適切で、制限速度・CBTC遵守、ノコギリ運転なし、不要な力行なしと判断し高評価。
248,Train11,巡航フェーズ（駅間走行中）,力行（加速）中,4.0,ブレーキ（減速）,20.0,70.0,70.0,25.0,70.0,900.0,65.0,33.33166419349847,0.0,0.0,この先制限速度なし,この先目立った勾配なし,先行列車なし,後続列車なし,0,0,,0,70.0,0,normal,1.0,制限速度・CBTCを遵守し、巡航フェーズで必要な加速であり、ノコギリ運転や過剰加速はなく適切な操作と判断した。
249,Train11,巡航フェーズ（駅間走行中）,力行（加速）中,10.0,ブレーキ（減速）,20.0,70.0,70.0,25.0,62.2,1650.0,122.0,33.33166419349847,0.0,0.0,この先制限速度なし,この先目立った勾配なし,先行列車なし,後続列車なし,0,0,,0,62.2,0,normal,0.2,巡航フェーズでrequired_speed 62.2km/hに対し現在速度25km/hと大幅に遅れ、遅延が顕著なため低評価とした。
250,Train11,巡航フェーズ（駅間走行中）,力行（加速）中,10.0,ブレーキ（減速）,20.0,70.0,70.0,25.0,68.9,1200.0,88.0,33.33166419349847,0.0,0.0,この先制限速度なし,この先目立った勾配なし,先行列車なし,後続列車なし,0,0,,0,68.9,0,normal,1.0,巡航フェーズでrequired_speed未達のため加速は適切で、速度・信号超過なし、ノコギリ運転もなく最高評価とした。
251,Train11,巡航フェーズ（駅間走行中）,力行（加速）中,10.0,ブレーキ（減速）,20.0,70.0,70.0,25.0,70.0,900.0,65.0,33.33166419349847,0.0,0.0,この先制限速度なし,この先目立った勾配なし,先行列車なし,後続列車なし,0,0,,0,70.0,0,normal,1.0,巡航フェーズでrequired_speed未達のため加速は適切で、速度・信号・制限を遵守し安全上の問題はない。
252,Train11,巡航フェーズ（駅間走行中）,力行（加速）中,20.0,ブレーキ（減速）,20.0,70.0,70.0,25.0,62.2,1650.0,122.0,33.33166419349847,0.0,0.0,この先制限速度なし,この先目立った勾配なし,先行列車なし,後続列車なし,0,0,,0,62.2,0,normal,0.2,巡航フェーズでrequired_speed 62.2km/hに対し現在速度25km/hと大きく不足し、遅延リスクとエネルギー無駄が顕著なため0.2とした。
253,Train11,巡航フェーズ（駅間走行中）,力行（加速）中,20.0,ブレーキ（減速）,20.0,70.0,70.0,25.0,68.9,1200.0,88.0,33.33166419349847,0.0,0.0,この先制限速度なし,この先目立った勾配なし,先行列車なし,後続列車なし,0,0,,0,68.9,0,normal,0.1,巡航フェーズでrequired_speed 68.9km/hに対し現在速度25km/hと大幅に不足し、遅延リスクとエネルギー無駄が顕著なため低評価とした。
254,Train11,巡航フェーズ（駅間走行中）,力行（加速）中,20.0,ブレーキ（減速）,20.0,70.0,70.0,25.0,70.0,900.0,65.0,33.33166419349847,0.0,0.0,この先制限速度なし,この先目立った勾配なし,先行列車なし,後続列車なし,0,0,,0,70.0,0,normal,0.9,巡航フェーズでrequired_speed未達だが加速が必要であり、速度・信号・制限を遵守しノコギリ運転もなく、評価上問題なしと判断した。
255,Train11,巡航フェーズ（駅間走行中）,力行（加速）中,1.0,ブレーキ（減速）,20.0,70.0,70.0,30.0,62.2,1650.0,122.0,47.89420822240694,0.0,0.0,この先制限速度なし,この先目立った勾配なし,先行列車なし,後続列車なし,0,0,,0,62.2,0,normal,0.9,巡航フェーズでrequired_speed未達だが加速操作は必要かつ違反なし、他項目に安全違反は見られない。
256,Train11,巡航フェーズ（駅間走行中）,力行（加速）中,1.0,ブレーキ（減速）,20.0,70.0,70.0,30.0,64.3,1200.0,88.0,47.89420822240694,0.0,0.0,この先制限速度なし,この先目立った勾配なし,先行列車なし,後続列車なし,0,0,,0,64.3,0,normal,1.0,巡航フェーズでrequired_speed未達のため加速は適切で、速度・信号制限を遵守し、ノコギリ運転や不要加速はなく、評価項目すべてOKと判断した。
257,Train11,巡航フェーズ（駅間走行中）,力行（加速）中,1.0,ブレーキ（減速）,20.0,70.0,70.0,30.0,70.0,900.0,65.0,47.89420822240694,0.0,0.0,この先制限速度なし,この先目立った勾配なし,先行列車なし,後続列車なし,0,0,,0,70.0,0,normal,0.9,巡航フェーズでrequired_speed 70km/hに対し30km/hと遅れているため、加速は必要かつCBTC・制限速度を遵守し、ノコギリ運転でもなく適切な操作と判断した。
258,Train11,巡航フェーズ（駅間走行中）,力行（加速）中,2.0,ブレーキ（減速）,20.0,70.0,70.0,30.0,62.2,1650.0,122.0,47.89420822240694,0.0,0.0,この先制限速度なし,この先目立った勾配なし,先行列車なし,後続列車なし,0,0,,0,62.2,0,normal,1.0,巡航フェーズでrequired_speed未達のため加速は適切で、制限速度・CBTCを遵守し、先行・後続列車もなく安全・定時性に問題がないと判断した。
259,Train11,巡航フェーズ（駅間走行中）,力行（加速）中,2.0,ブレーキ（減速）,20.0,70.0,70.0,30.0,64.3,1200.0,88.0,47.89420822240694,0.0,0.0,この先制限速度なし,この先目立った勾配なし,先行列車なし,後続列車なし,0,0,,0,64.3,0,normal,0.8,巡航フェーズでrequired_speed未達のため加速は適切だが、速度が大きく不足してエネルギー効率は低く、他に安全上の問題はないため0.8とした。
260,Train11,巡航フェーズ（駅間走行中）,力行（加速）中,2.0,ブレーキ（減速）,20.0,70.0,70.0,30.0,70.0,900.0,65.0,47.89420822240694,0.0,0.0,この先制限速度なし,この先目立った勾配なし,先行列車なし,後続列車なし,0,0,,0,70.0,0,normal,1.0,制限速度・CBTC遵守、停止位置に余裕があり、巡航フェーズで必要な加速を行っているため、評価は最高の1.0とした。
261,Train11,巡航フェーズ（駅間走行中）,力行（加速）中,4.0,ブレーキ（減速）,20.0,70.0,70.0,30.0,62.2,1650.0,122.0,47.89420822240694,0.0,0.0,この先制限速度なし,この先目立った勾配なし,先行列車なし,後続列車なし,0,0,,0,62.2,0,normal,1.0,巡航フェーズでrequired_speed未達のため加速は適切で、制限速度・CBTC遵守、ノコギリ運転なしと評価し最高点とした。
262,Train11,巡航フェーズ（駅間走行中）,力行（加速）中,4.0,ブレーキ（減速）,20.0,70.0,70.0,30.0,64.3,1200.0,88.0,47.89420822240694,0.0,0.0,この先制限速度なし,この先目立った勾配なし,先行列車なし,後続列車なし,0,0,,0,64.3,0,normal,0.9,巡航フェーズでrequired_speed未達だが加速は必要であり、制限速度・CBTC遵守、ノコギリ運転なしと評価し高評価とした。
263,Train11,巡航フェーズ（駅間走行中）,力行（加速）中,4.0,ブレーキ（減速）,20.0,70.0,70.0,30.0,70.0,900.0,65.0,47.89420822240694,0.0,0.0,この先制限速度なし,この先目立った勾配なし,先行列車なし,後続列車なし,0,0,,0,70.0,0,normal,1.0,巡航フェーズでrequired_speed未達のため加速は適切で、速度・信号・制限を遵守し、ノコギリ運転や間隔問題もなく、省エネ面でも必要以上の力行ではないため高評価とした。
264,Train11,巡航フェーズ（駅間走行中）,力行（加速）中,10.0,ブレーキ（減速）,20.0,70.0,70.0,30.0,62.2,1650.0,122.0,47.89420822240694,0.0,0.0,この先制限速度なし,この先目立った勾配なし,先行列車なし,後続列車なし,0,0,,0,62.2,0,normal,1.0,巡航フェーズでrequired_speed未達のため加速は適切であり、速度・信号超過なし、ノコギリ運転もなくエネルギー無駄なしと判断し高評価。
265,Train11,巡航フェーズ（駅間走行中）,力行（加速）中,10.0,ブレーキ（減速）,20.0,70.0,70.0,30.0,64.3,1200.0,88.0,47.89420822240694,0.0,0.0,この先制限速度なし,この先目立った勾配なし,先行列車なし,後続列車なし,0,0,,0,64.3,0,normal,1.0,巡航フェーズでrequired_speed未達のため加速が適切で、速度・信号・制限を遵守しノコギリ運転もなく評価を1.0とした。
266,Train11,巡航フェーズ（駅間走行中）,力行（加速）中,10.0,ブレーキ（減速）,20.0,70.0,70.0,30.0,70.0,900.0,65.0,47.89420822240694,0.0,0.0,この先制限速度なし,この先目立った勾配なし,先行列車なし,後続列車なし,0,0,,0,70.0,0,normal,1.0,巡航フェーズでrequired_speed未達のため加速は適切で、速度・信号超過やノコギリ運転はなく、停止位置も十分確保できるため高評価。
267,Train11,巡航フェーズ（駅間走行中）,力行（加速）中,20.0,ブレーキ（減速）,20.0,70.0,70.0,30.0,62.2,1650.0,122.0,47.89420822240694,0.0,0.0,この先制限速度なし,この先目立った勾配なし,先行列車なし,後続列車なし,0,0,,0,62.2,0,normal,0.2,巡航フェーズでrequired_speed 62.2km/hに対し現在30km/hと大幅に遅く、力行は必要だが低速走行で遅延を招くため0.2点とした。
268,Train11,巡航フェーズ（駅間走行中）,力行（加速）中,20.0,ブレーキ（減速）,20.0,70.0,70.0,30.0,64.3,1200.0,88.0,47.89420822240694,0.0,0.0,この先制限速度なし,この先目立った勾配なし,先行列車なし,後続列車なし,0,0,,0,64.3,0,normal,1.0,巡航フェーズでrequired_speed未達のため加速は適切で、速度・信号超過なし、ノコギリ運転もなく、全項目で問題なし。
269,Train11,巡航フェーズ（駅間走行中）,力行（加速）中,20.0,ブレーキ（減速）,20.0,70.0,70.0,30.0,70.0,900.0,65.0,47.89420822240694,0.0,0.0,この先制限速度なし,この先目立った勾配なし,先行列車なし,後続列車なし,0,0,,0,70.0,0,normal,0.1,巡航フェーズでrequired_speed 70km/hに対し30km/hの低速走行が続き、遅延リスクとエネルギー無駄が大きく評価を下げる。
270,Train11,巡航フェーズ（駅間走行中）,力行（加速）中,1.0,ブレーキ（減速）,20.0,70.0,70.0,35.0,61.4,1650.0,122.0,65.03584000886715,0.0,0.0,この先制限速度なし,この先目立った勾配なし,先行列車なし,後続列車なし,0,0,,0,61.4,0,normal,0.9,巡航フェーズでrequired_speed未達だが加速中であり、制限速度・CBTC遵守、ノコギリ運転なし、他列車なしで適切と判断し高評価。
271,Train11,巡航フェーズ（駅間走行中）,力行（加速）中,1.0,ブレーキ（減速）,20.0,70.0,70.0,35.0,64.6,1200.0,88.0,65.03584000886715,0.0,0.0,この先制限速度なし,この先目立った勾配なし,先行列車なし,後続列車なし,0,0,,0,64.6,0,normal,1.0,巡航フェーズでrequired_speed未達のため加速が必要であり、現在の力行は制限速度・CBTCを遵守し、ノコギリ運転でもなく適切と判断した。
272,Train11,巡航フェーズ（駅間走行中）,力行（加速）中,1.0,ブレーキ（減速）,20.0,70.0,70.0,35.0,70.0,900.0,65.0,65.03584000886715,0.0,0.0,この先制限速度なし,この先目立った勾配なし,先行列車なし,後続列車なし,0,0,,0,70.0,0,normal,1.0,巡航フェーズでrequired_speed未達のため加速は適切であり、速度超過や信号違反もなく、ノコギリ運転や間隔問題も不存在なので高評価とする。
273,Train11,巡航フェーズ（駅間走行中）,力行（加速）中,2.0,ブレーキ（減速）,20.0,70.0,70.0,35.0,61.4,1650.0,122.0,65.03584000886715,0.0,0.0,この先制限速度なし,この先目立った勾配なし,先行列車なし,後続列車なし,0,0,,0,61.4,0,normal,1.0,巡航フェーズでrequired_speed未達のため加速は適切で、速度・CBTC・制限速度を遵守し、ノコギリ運転もなく全項目で問題なし。
274,Train11,巡航フェーズ（駅間走行中）,力行（加速）中,2.0,ブレーキ（減速）,20.0,70.0,70.0,35.0,64.6,1200.0,88.0,65.03584000886715,0.0,0.0,この先制限速度なし,この先目立った勾配なし,先行列車なし,後続列車なし,0,0,,0,64.6,0,normal,1.0,巡航フェーズでrequired_speed未達のため加速は適切で、速度・信号・制限を遵守し、ノコギリ運転でもなく他項目に問題なし。
275,Train11,巡航フェーズ（駅間走行中）,力行（加速）中,2.0,ブレーキ（減速）,20.0,70.0,70.0,35.0,70.0,900.0,65.0,65.03584000886715,0.0,0.0,この先制限速度なし,この先目立った勾配なし,先行列車なし,後続列車なし,0,0,,0,70.0,0,normal,1.0,現在速度がrequired_speed未満で加速が必要なため、力行は適切であり制限速度・CBTC違反やノコギリ運転はなく高評価とした。
276,Train11,巡航フェーズ（駅間走行中）,力行（加速）中,4.0,ブレーキ（減速）,20.0,70.0,70.0,35.0,61.4,1650.0,122.0,65.03584000886715,0.0,0.0,この先制限速度なし,この先目立った勾配なし,先行列車なし,後続列車なし,0,0,,0,61.4,0,normal,1.0,巡航フェーズでrequired_speed未達のため加速は適切で、制限速度・CBTC遵守、即時ゼロ違反なし、ノコギリ運転でもなく、定時性・省エネ面でも問題なし。
277,Train11,巡航フェーズ（駅間走行中）,力行（加速）中,4.0,ブレーキ（減速）,20.0,70.0,70.0,35.0,64.6,1200.0,88.0,65.03584000886715,0.0,0.0,この先制限速度なし,この先目立った勾配なし,先行列車なし,後続列車なし,0,0,,0,64.6,0,normal,0.2,巡航フェーズでrequired_speed 64.6km/hに対し現在速度35km/hと大幅に不足し、遅延につながるため低評価とした。
278,Train11,巡航フェーズ（駅間走行中）,力行（加速）中,4.0,ブレーキ（減速）,20.0,70.0,70.0,35.0,70.0,900.0,65.0,65.03584000886715,0.0,0.0,この先制限速度なし,この先目立った勾配なし,先行列車なし,後続列車なし,0,0,,0,70.0,0,normal,1.0,巡航フェーズでrequired_speed未達のため加速は必要かつ適切で、制限速度・CBTC遵守、停止位置問題なし、ノコギリ運転条件も満たさず高評価となる。
279,Train11,巡航フェーズ（駅間走行中）,力行（加速）中,10.0,ブレーキ（減速）,20.0,70.0,70.0,35.0,61.4,1650.0,122.0,65.03584000886715,0.0,0.0,この先制限速度なし,この先目立った勾配なし,先行列車なし,後続列車なし,0,0,,0,61.4,0,normal,1.0,巡航フェーズでrequired_speed未達のため加速は適切で、速度制限・CBTC遵守、ノコギリ運転なしと評価し最高点とした。
280,Train11,巡航フェーズ（駅間走行中）,力行（加速）中,10.0,ブレーキ（減速）,20.0,70.0,70.0,35.0,64.6,1200.0,88.0,65.03584000886715,0.0,0.0,この先制限速度なし,この先目立った勾配なし,先行列車なし,後続列車なし,0,0,,0,64.6,0,normal,1.0,巡航フェーズでrequired_speed未達のため加速は適切、速度制限・CBTC遵守、ノコギリ運転なし、他列車なしで全項目OKのためreward=1.0。
281,Train11,巡航フェーズ（駅間走行中）,力行（加速）中,10.0,ブレーキ（減速）,20.0,70.0,70.0,35.0,70.0,900.0,65.0,65.03584000886715,0.0,0.0,この先制限速度なし,この先目立った勾配なし,先行列車なし,後続列車なし,0,0,,0,70.0,0,normal,1.0,巡航フェーズでrequired_speed 70km/hに対し現在35km/hであり、加速は必要かつCBTC・制限速度を遵守しているため高評価とした。
282,Train11,巡航フェーズ（駅間走行中）,力行（加速）中,20.0,ブレーキ（減速）,20.0,70.0,70.0,35.0,61.4,1650.0,122.0,65.03584000886715,0.0,0.0,この先制限速度なし,この先目立った勾配なし,先行列車なし,後続列車なし,0,0,,0,61.4,0,normal,1.0,全ての安全基準を満たし、巡航フェーズで必要速度未達のため加速は適切で、無駄な力行やノコギリ運転はなく評価は最高とした。
283,Train11,巡航フェーズ（駅間走行中）,力行（加速）中,20.0,ブレーキ（減速）,20.0,70.0,70.0,35.0,64.6,1200.0,88.0,65.03584000886715,0.0,0.0,この先制限速度なし,この先目立った勾配なし,先行列車なし,後続列車なし,0,0,,0,64.6,0,normal,1.0,巡航フェーズでrequired_speed未達のため加速は適切で、速度・信号制限を遵守し、ノコギリ運転もなく最高評価とした。
284,Train11,巡航フェーズ（駅間走行中）,力行（加速）中,20.0,ブレーキ（減速）,20.0,70.0,70.0,35.0,70.0,900.0,65.0,65.03584000886715,0.0,0.0,この先制限速度なし,この先目立った勾配なし,先行列車なし,後続列車なし,0,0,,0,70.0,0,normal,1.0,巡航フェーズでrequired_speed未達のため加速は適切で、速度・信号・制限を遵守し、ノコギリ運転もなく遅延もないため最高評価とした。
285,Train11,巡航フェーズ（駅間走行中）,力行（加速）中,1.0,ブレーキ（減速）,20.0,70.0,70.0,40.0,61.0,1650.0,122.0,84.72790268989202,0.0,0.0,この先制限速度なし,この先目立った勾配なし,先行列車なし,後続列車なし,0,0,,0,61.0,0,normal,1.0,巡航フェーズでrequired_speed未達のため加速は適切で、制限速度・CBTC超過なし、ノコギリ運転条件も満たさず、他に問題はない。
286,Train11,巡航フェーズ（駅間走行中）,力行（加速）中,1.0,ブレーキ（減速）,20.0,70.0,70.0,40.0,62.7,1200.0,88.0,84.72790268989202,0.0,0.0,この先制限速度なし,この先目立った勾配なし,先行列車なし,後続列車なし,0,0,,0,62.7,0,normal,1.0,巡航フェーズでrequired_speed未達のため加速は適切で、速度・信号超過なし、ノコギリ運転もなく評価は最高点とした。
287,Train11,巡航フェーズ（駅間走行中）,力行（加速）中,1.0,ブレーキ（減速）,20.0,70.0,70.0,40.0,70.0,900.0,65.0,84.72790268989202,0.0,0.0,この先制限速度なし,この先目立った勾配なし,先行列車なし,後続列車なし,0,0,,0,70.0,0,normal,1.0,巡航フェーズでrequired_speed未達のため加速は適切で、速度・信号超過なし、ノコギリ運転も該当せず高評価とする。
288,Train11,巡航フェーズ（駅間走行中）,力行（加速）中,2.0,ブレーキ（減速）,20.0,70.0,70.0,40.0,61.0,1650.0,122.0,84.72790268989202,0.0,0.0,この先制限速度なし,この先目立った勾配なし,先行列車なし,後続列車なし,0,0,,0,61.0,0,normal,1.0,巡航フェーズでrequired_speed(61km/h)に未達のため加速は適切であり、速度・信号・制限をすべて遵守。前ノッチが長くノコギリ運転条件を満たさないため減点なし。
289,Train11,巡航フェーズ（駅間走行中）,力行（加速）中,2.0,ブレーキ（減速）,20.0,70.0,70.0,40.0,62.7,1200.0,88.0,84.72790268989202,0.0,0.0,この先制限速度なし,この先目立った勾配なし,先行列車なし,後続列車なし,0,0,,0,62.7,0,normal,0.2,required_speed62.7km/hに対し現在40km/hと大幅に遅れ、遅延につながる低速走行と判断し0.2とした。
290,Train11,巡航フェーズ（駅間走行中）,力行（加速）中,2.0,ブレーキ（減速）,20.0,70.0,70.0,40.0,70.0,900.0,65.0,84.72790268989202,0.0,0.0,この先制限速度なし,この先目立った勾配なし,先行列車なし,後続列車なし,0,0,,0,70.0,0,normal,1.0,巡航フェーズでrequired_speed未達のため加速は適切で、速度・信号超過やノコギリ運転等の違反はなく、全項目で問題なしと判断した。
291,Train11,巡航フェーズ（駅間走行中）,力行（加速）中,4.0,ブレーキ（減速）,20.0,70.0,70.0,40.0,61.0,1650.0,122.0,84.72790268989202,0.0,0.0,この先制限速度なし,この先目立った勾配なし,先行列車なし,後続列車なし,0,0,,0,61.0,0,normal,1.0,巡航フェーズでrequired_speed未達のため加速は適切で、制限速度・CBTC遵守、ノコギリ運転なしと全項目で問題がない。
292,Train11,巡航フェーズ（駅間走行中）,力行（加速）中,4.0,ブレーキ（減速）,20.0,70.0,70.0,40.0,62.7,1200.0,88.0,84.72790268989202,0.0,0.0,この先制限速度なし,この先目立った勾配なし,先行列車なし,後続列車なし,0,0,,0,62.7,0,normal,1.0,巡航フェーズでrequired_speed未達のため加速は適切で、速度・信号遵守、ノコギリ運転なし、不要な力行もなく全項目で問題なしと判断しreward=1.0とする。
293,Train11,巡航フェーズ（駅間走行中）,力行（加速）中,4.0,ブレーキ（減速）,20.0,70.0,70.0,40.0,70.0,900.0,65.0,84.72790268989202,0.0,0.0,この先制限速度なし,この先目立った勾配なし,先行列車なし,後続列車なし,0,0,,0,70.0,0,normal,1.0,巡航フェーズでrequired_speed未達のため加速は適切、速度は制限・CBTC内、ノコギリ運転なし、他列車なしで安全かつ定時性を確保できる。
294,Train11,巡航フェーズ（駅間走行中）,力行（加速）中,10.0,ブレーキ（減速）,20.0,70.0,70.0,40.0,61.0,1650.0,122.0,84.72790268989202,0.0,0.0,この先制限速度なし,この先目立った勾配なし,先行列車なし,後続列車なし,0,0,,0,61.0,0,normal,1.0,巡航フェーズでrequired_speed未達のため加速は適切で、制限速度・CBTC遵守、ノコギリ運転なしと評価し高評価とした。
295,Train11,巡航フェーズ（駅間走行中）,力行（加速）中,10.0,ブレーキ（減速）,20.0,70.0,70.0,40.0,62.7,1200.0,88.0,84.72790268989202,0.0,0.0,この先制限速度なし,この先目立った勾配なし,先行列車なし,後続列車なし,0,0,,0,62.7,0,normal,0.2,巡航フェーズで必要速度62.7km/hに対し現在速度40km/hと大きく遅れ、遅延リスクとエネルギー無駄が顕著なため0.2とした。
296,Train11,巡航フェーズ（駅間走行中）,力行（加速）中,10.0,ブレーキ（減速）,20.0,70.0,70.0,40.0,70.0,900.0,65.0,84.72790268989202,0.0,0.0,この先制限速度なし,この先目立った勾配なし,先行列車なし,後続列車なし,0,0,,0,70.0,0,normal,1.0,巡航フェーズでrequired_speed未達のため加速は適切で、速度・信号超過なし、ノコギリ運転もなく省エネ上の問題もないため高評価。
297,Train11,巡航フェーズ（駅間走行中）,力行（加速）中,20.0,ブレーキ（減速）,20.0,70.0,70.0,40.0,61.0,1650.0,122.0,84.72790268989202,0.0,0.0,この先制限速度なし,この先目立った勾配なし,先行列車なし,後続列車なし,0,0,,0,61.0,0,normal,1.0,巡航フェーズでrequired_speed未達のため加速は適切で、速度・CBTC制限を守り、ノコギリ運転や不要な力行もなく、全体として最適な操作と判断した。
298,Train11,巡航フェーズ（駅間走行中）,力行（加速）中,20.0,ブレーキ（減速）,20.0,70.0,70.0,40.0,62.7,1200.0,88.0,84.72790268989202,0.0,0.0,この先制限速度なし,この先目立った勾配なし,先行列車なし,後続列車なし,0,0,,0,62.7,0,normal,0.2,巡航フェーズでrequired_speed 62.7km/hに対し40km/hのまま力行を続け、必要速度を大きく下回るちんたら運転となり遅延とエネルギー浪費が顕著なため低評価とした。
299,Train11,巡航フェーズ（駅間走行中）,力行（加速）中,20.0,ブレーキ（減速）,20.0,70.0,70.0,40.0,70.0,900.0,65.0,84.72790268989202,0.0,0.0,この先制限速度なし,この先目立った勾配なし,先行列車なし,後続列車なし,0,0,,0,70.0,0,normal,1.0,巡航フェーズでrequired_speed未達のため加速は適切で、速度・信号超過なし、ノコギリ運転もなく評価は高い。
300,Train11,巡航フェーズ（駅間走行中）,力行（加速）中,1.0,ブレーキ（減速）,20.0,70.0,70.0,45.0,60.7,1650.0,122.0,106.93896624430757,0.0,0.0,この先制限速度なし,この先目立った勾配なし,先行列車なし,後続列車なし,0,0,,0,60.7,0,normal,1.0,巡航フェーズでrequired_speed未達のため加速は適切で、速度・信号制限を遵守し、即時ゼロ違反なし。
301,Train11,巡航フェーズ（駅間走行中）,力行（加速）中,1.0,ブレーキ（減速）,20.0,70.0,70.0,45.0,60.0,1200.0,88.0,106.93896624430757,0.0,0.0,この先制限速度なし,この先目立った勾配なし,先行列車なし,後続列車なし,0,0,,0,60.0,0,normal,1.0,巡航フェーズでrequired_speed未達のため加速は適切で、制限速度・CBTCを遵守し、ノコギリ運転や不要な力行はなく安全かつ効率的。
302,Train11,巡航フェーズ（駅間走行中）,力行（加速）中,1.0,ブレーキ（減速）,20.0,70.0,70.0,45.0,66.8,900.0,65.0,106.93896624430757,0.0,0.0,この先制限速度なし,この先目立った勾配なし,先行列車なし,後続列車なし,0,0,,0,66.8,0,normal,1.0,巡航フェーズでrequired_speed未達のため加速は適切で、速度・信号超過なし、ノコギリ運転もなく評価は高く1.0とした。
303,Train11,巡航フェーズ（駅間走行中）,力行（加速）中,2.0,ブレーキ（減速）,20.0,70.0,70.0,45.0,60.7,1650.0,122.0,106.93896624430757,0.0,0.0,この先制限速度なし,この先目立った勾配なし,先行列車なし,後続列車なし,0,0,,0,60.7,0,normal,1.0,巡航フェーズでrequired_speed未達だが加速中で適切、制限・CBTC遵守、ノコギリ運転なし、遅延0秒のため最高評価とした。
304,Train11,巡航フェーズ（駅間走行中）,力行（加速）中,2.0,ブレーキ（減速）,20.0,70.0,70.0,45.0,60.0,1200.0,88.0,106.93896624430757,0.0,0.0,この先制限速度なし,この先目立った勾配なし,先行列車なし,後続列車なし,0,0,,0,60.0,0,normal,1.0,巡航フェーズでrequired_speed未達のため加速は必要かつ適切で、速度・信号超過なし、ノコギリ運転条件も満たさず評価上問題なし。
305,Train11,巡航フェーズ（駅間走行中）,力行（加速）中,2.0,ブレーキ（減速）,20.0,70.0,70.0,45.0,66.8,900.0,65.0,106.93896624430757,0.0,0.0,この先制限速度なし,この先目立った勾配なし,先行列車なし,後続列車なし,0,0,,0,66.8,0,normal,1.0,巡航フェーズでrequired_speed未達のため加速が適切であり、速度・信号遵守、ノコギリ運転なし、無駄な力行もなく高評価とした。
306,Train11,巡航フェーズ（駅間走行中）,力行（加速）中,4.0,ブレーキ（減速）,20.0,70.0,70.0,45.0,60.7,1650.0,122.0,106.93896624430757,0.0,0.0,この先制限速度なし,この先目立った勾配なし,先行列車なし,後続列車なし,0,0,,0,60.7,0,normal,1.0,巡航フェーズでrequired_speed未達のため加速が適切で、速度・信号・制限を遵守し、ノコギリ運転や間隔問題もなく評価は最高とした。
307,Train11,巡航フェーズ（駅間走行中）,力行（加速）中,4.0,ブレーキ（減速）,20.0,70.0,70.0,45.0,60.0,1200.0,88.0,106.93896624430757,0.0,0.0,この先制限速度なし,この先目立った勾配なし,先行列車なし,後続列車なし,0,0,,0,60.0,0,normal,0.9,巡航フェーズでrequired_speed未達のため加速は適切で、制限速度・CBTC遵守、即時ゼロ違反なし、ノコギリ運転も該当せず、全体的に適切と判断した。
308,Train11,巡航フェーズ（駅間走行中）,力行（加速）中,4.0,ブレーキ（減速）,20.0,70.0,70.0,45.0,66.8,900.0,65.0,106.93896624430757,0.0,0.0,この先制限速度なし,この先目立った勾配なし,先行列車なし,後続列車なし,0,0,,0,66.8,0,normal,0.1,巡航フェーズで必要速度66.8km/hに対し45km/hと大きく不足し、遅延を招くちんたら運転と判断した。
309,Train11,巡航フェーズ（駅間走行中）,力行（加速）中,10.0,ブレーキ（減速）,20.0,70.0,70.0,45.0,60.7,1650.0,122.0,106.93896624430757,0.0,0.0,この先制限速度なし,この先目立った勾配なし,先行列車なし,後続列車なし,0,0,,0,60.7,0,normal,1.0,巡航フェーズでrequired_speed未達のため加速は適切で、速度・CBTC制限遵守、ノコギリ運転なしと評価し最高点とした。
310,Train11,巡航フェーズ（駅間走行中）,力行（加速）中,10.0,ブレーキ（減速）,20.0,70.0,70.0,45.0,60.0,1200.0,88.0,106.93896624430757,0.0,0.0,この先制限速度なし,この先目立った勾配なし,先行列車なし,後続列車なし,0,0,,0,60.0,0,normal,1.0,巡航フェーズでrequired_speed未達のため加速は適切で、速度・信号超過やノコギリ運転はなく評価は最高。
311,Train11,巡航フェーズ（駅間走行中）,力行（加速）中,10.0,ブレーキ（減速）,20.0,70.0,70.0,45.0,66.8,900.0,65.0,106.93896624430757,0.0,0.0,この先制限速度なし,この先目立った勾配なし,先行列車なし,後続列車なし,0,0,,0,66.8,0,normal,0.2,巡航フェーズで必要速度66.8km/hに対し45km/hと大きく遅れ、定時到着が危うくエネルギー効率も低下したため低評価。
312,Train11,巡航フェーズ（駅間走行中）,力行（加速）中,20.0,ブレーキ（減速）,20.0,70.0,70.0,45.0,60.7,1650.0,122.0,106.93896624430757,0.0,0.0,この先制限速度なし,この先目立った勾配なし,先行列車なし,後続列車なし,0,0,,0,60.7,0,normal,1.0,巡航フェーズでrequired_speed未達のため加速は適切で、速度超過・CBTC違反・ノコギリ運転はなく、最高評価とした。
313,Train11,巡航フェーズ（駅間走行中）,力行（加速）中,20.0,ブレーキ（減速）,20.0,70.0,70.0,45.0,60.0,1200.0,88.0,106.93896624430757,0.0,0.0,この先制限速度なし,この先目立った勾配なし,先行列車なし,後続列車なし,0,0,,0,60.0,0,normal,1.0,巡航フェーズでrequired_speed未達のため加速は適切で、速度・信号超過やノコギリ運転はなく、全項目で問題なしと判断した。
314,Train11,巡航フェーズ（駅間走行中）,力行（加速）中,20.0,ブレーキ（減速）,20.0,70.0,70.0,45.0,66.8,900.0,65.0,106.93896624430757,0.0,0.0,この先制限速度なし,この先目立った勾配なし,先行列車なし,後続列車なし,0,0,,0,66.8,0,normal,1.0,現在の力行はrequired_speed未達であり加速が必要な巡航フェーズに適合し、速度・CBTC制限を超えておらずノコギリ運転もなく、全項目で問題がないため最高評価とした。
315,Train11,巡航フェーズ（駅間走行中）,力行（加速）中,1.0,ブレーキ（減速）,20.0,70.0,70.0,50.0,60.8,1650.0,122.0,131.6349551522256,0.0,0.0,この先制限速度なし,この先目立った勾配なし,先行列車なし,後続列車なし,0,0,,0,60.8,0,normal,1.0,巡航フェーズでrequired_speed未達のため加速は適切で、速度・信号超過・ノコギリ運転等の問題がない。
316,Train11,巡航フェーズ（駅間走行中）,力行（加速）中,1.0,ブレーキ（減速）,20.0,70.0,70.0,50.0,60.5,1200.0,88.0,131.6349551522256,0.0,0.0,この先制限速度なし,この先目立った勾配なし,先行列車なし,後続列車なし,0,0,,0,60.5,0,normal,1.0,巡航フェーズでrequired_speed未達のため加速は適切で、速度・CBTC制限を遵守し、ノコギリ運転や間隔問題もなく評価は高く0.0減点なし。
317,Train11,巡航フェーズ（駅間走行中）,力行（加速）中,1.0,ブレーキ（減速）,20.0,70.0,70.0,50.0,65.3,900.0,65.0,131.6349551522256,0.0,0.0,この先制限速度なし,この先目立った勾配なし,先行列車なし,後続列車なし,0,0,,0,65.3,0,normal,0.2,巡航フェーズでrequired_speed 65.3km/hに対し現在速度50km/hで力行しており、速度不足により遅延リスクと省エネ性の低下が顕著なため低評価。
318,Train11,巡航フェーズ（駅間走行中）,力行（加速）中,2.0,ブレーキ（減速）,20.0,70.0,70.0,50.0,60.8,1650.0,122.0,131.6349551522256,0.0,0.0,この先制限速度なし,この先目立った勾配なし,先行列車なし,後続列車なし,0,0,,0,60.8,0,normal,1.0,巡航フェーズでrequired_speed未達のため加速は適切で、速度・信号超過なし、ノコギリ運転もなく評価は最高点とした。
319,Train11,巡航フェーズ（駅間走行中）,力行（加速）中,2.0,ブレーキ（減速）,20.0,70.0,70.0,50.0,60.5,1200.0,88.0,131.6349551522256,0.0,0.0,この先制限速度なし,この先目立った勾配なし,先行列車なし,後続列車なし,0,0,,0,60.5,0,normal,1.0,巡航フェーズでrequired_speed未達のため加速は適切で、速度・信号制限を守りノコギリ運転もなく、全項目で問題なしと判断し1.0とした。
320,Train11,巡航フェーズ（駅間走行中）,力行（加速）中,2.0,ブレーキ（減速）,20.0,70.0,70.0,50.0,65.3,900.0,65.0,131.6349551522256,0.0,0.0,この先制限速度なし,この先目立った勾配なし,先行列車なし,後続列車なし,0,0,,0,65.3,0,normal,1.0,巡航フェーズでrequired_speed未達のため加速は適切で、速度・信号・制限を遵守し、ノコギリ運転でもなく全体的に適切と判断した。
321,Train11,巡航フェーズ（駅間走行中）,力行（加速）中,4.0,ブレーキ（減速）,20.0,70.0,70.0,50.0,60.8,1650.0,122.0,131.6349551522256,0.0,0.0,この先制限速度なし,この先目立った勾配なし,先行列車なし,後続列車なし,0,0,,0,60.8,0,normal,1.0,巡航フェーズでrequired_speed未達のため加速は適切で、速度・CBTC制限遵守、ノコギリ運転なし、不要な力行もなく高評価とした。
322,Train11,巡航フェーズ（駅間走行中）,力行（加速）中,4.0,ブレーキ（減速）,20.0,70.0,70.0,50.0,60.5,1200.0,88.0,131.6349551522256,0.0,0.0,この先制限速度なし,この先目立った勾配なし,先行列車なし,後続列車なし,0,0,,0,60.5,0,normal,0.9,巡航フェーズでrequired_speed未達のため加速は適切で、速度・信号・制限を遵守し違反なし。
323,Train11,巡航フェーズ（駅間走行中）,力行（加速）中,4.0,ブレーキ（減速）,20.0,70.0,70.0,50.0,65.3,900.0,65.0,131.6349551522256,0.0,0.0,この先制限速度なし,この先目立った勾配なし,先行列車なし,後続列車なし,0,0,,0,65.3,0,normal,1.0,巡航フェーズでrequired_speed未達のため加速は適切で、制限速度・CBTC遵守、ノコギリ運転なし、他列車なしで安全かつ定時性を保てると判断し最高評価とした。
324,Train11,巡航フェーズ（駅間走行中）,力行（加速）中,10.0,ブレーキ（減速）,20.0,70.0,70.0,50.0,60.8,1650.0,122.0,131.6349551522256,0.0,0.0,この先制限速度なし,この先目立った勾配なし,先行列車なし,後続列車なし,0,0,,0,60.8,0,normal,1.0,巡航フェーズでrequired_speed未達のため加速は適切で、速度・信号・制限を遵守し、ノコギリ運転や間隔問題もなく高評価とした。
325,Train11,巡航フェーズ（駅間走行中）,力行（加速）中,10.0,ブレーキ（減速）,20.0,70.0,70.0,50.0,60.5,1200.0,88.0,131.6349551522256,0.0,0.0,この先制限速度なし,この先目立った勾配なし,先行列車なし,後続列車なし,0,0,,0,60.5,0,normal,1.0,巡航フェーズでrequired_speed未達のため加速は適切で、速度・信号超過なし、ノコギリ運転もなく評価上問題なし。
326,Train11,巡航フェーズ（駅間走行中）,力行（加速）中,10.0,ブレーキ（減速）,20.0,70.0,70.0,50.0,65.3,900.0,65.0,131.6349551522256,0.0,0.0,この先制限速度なし,この先目立った勾配なし,先行列車なし,後続列車なし,0,0,,0,65.3,0,normal,1.0,巡航フェーズでrequired_speed未達のため加速は必要であり、速度・信号・安全基準をすべて遵守しているため高評価とした。
327,Train11,巡航フェーズ（駅間走行中）,力行（加速）中,20.0,ブレーキ（減速）,20.0,70.0,70.0,50.0,60.8,1650.0,122.0,131.6349551522256,0.0,0.0,この先制限速度なし,この先目立った勾配なし,先行列車なし,後続列車なし,0,0,,0,60.8,0,normal,1.0,巡航フェーズでrequired_speed未達のため加速は適切で、速度・信号超過やノコギリ運転等の問題がなく安全かつ効率的と判断した。
328,Train11,巡航フェーズ（駅間走行中）,力行（加速）中,20.0,ブレーキ（減速）,20.0,70.0,70.0,50.0,60.5,1200.0,88.0,131.6349551522256,0.0,0.0,この先制限速度なし,この先目立った勾配なし,先行列車なし,後続列車なし,0,0,,0,60.5,0,normal,1.0,巡航フェーズでrequired_speed未達のため加速は適切で、速度・信号制限を遵守し、ノコギリ運転や無駄な加速はなく、全項目で問題なしと判断した。
329,Train11,巡航フェーズ（駅間走行中）,力行（加速）中,20.0,ブレーキ（減速）,20.0,70.0,70.0,50.0,65.3,900.0,65.0,131.6349551522256,0.0,0.0,この先制限速度なし,この先目立った勾配なし,先行列車なし,後続列車なし,0,0,,0,65.3,0,normal,1.0,巡航フェーズでrequired_speed未達のため加速は適切で、速度・信号超過なし、ノコギリ運転もなく評価は最高とした。
330,Train11,巡航フェーズ（駅間走行中）,力行（加速）中,1.0,ブレーキ（減速）,35.0,70.0,70.0,2.5,68.6,1650.0,122.0,0.33571382522419596,0.0,0.0,この先制限速度なし,この先目立った勾配なし,先行列車なし,後続列車なし,0,0,,0,68.6,0,normal,0.1,巡航フェーズでrequired_speed 68.6km/hに対し現在速度2.5km/hと大幅に不足し、遅延とエネルギー無駄が顕著なため0.1点とした。
331,Train11,巡航フェーズ（駅間走行中）,力行（加速）中,1.0,ブレーキ（減速）,35.0,70.0,70.0,2.5,70.0,1200.0,88.0,0.33571382522419596,0.0,0.0,この先制限速度なし,この先目立った勾配なし,先行列車なし,後続列車なし,0,0,,0,70.0,0,normal,0.2,巡航フェーズでrequired_speed 70km/hに対し現在速度2.5km/hと大幅に不足し、先行列車なしで低速走行はちんたら運転とみなされるため0.2点とした。
332,Train11,巡航フェーズ（駅間走行中）,力行（加速）中,1.0,ブレーキ（減速）,35.0,70.0,70.0,2.5,70.0,900.0,65.0,0.33571382522419596,0.0,0.0,この先制限速度なし,この先目立った勾配なし,先行列車なし,後続列車なし,0,0,,0,70.0,0,normal,0.1,巡航フェーズでrequired_speed 70km/hに対し現在速度が2.5km/hと大幅に遅れ、遅延が拡大するため低評価とした。
333,Train11,巡航フェーズ（駅間走行中）,力行（加速）中,2.0,ブレーキ（減速）,35.0,70.0,70.0,2.5,68.6,1650.0,122.0,0.33571382522419596,0.0,0.0,この先制限速度なし,この先目立った勾配なし,先行列車なし,後続列車なし,0,0,,0,68.6,0,normal,0.2,巡航フェーズでrequired_speed 68.6km/hに対し2.5km/hの低速走行で力行が2秒しか続かず、遅延が大きく省エネ性が著しく低いため0.2とした。
334,Train11,巡航フェーズ（駅間走行中）,力行（加速）中,2.0,ブレーキ（減速）,35.0,70.0,70.0,2.5,70.0,1200.0,88.0,0.33571382522419596,0.0,0.0,この先制限速度なし,この先目立った勾配なし,先行列車なし,後続列車なし,0,0,,0,70.0,0,normal,0.1,巡航フェーズでrequired_speed(70km/h)に対し現在速度2.5km/hと大幅に不足し、遅延を招くちんたら運転と判断したため低評価。
335,Train11,巡航フェーズ（駅間走行中）,力行（加速）中,2.0,ブレーキ（減速）,35.0,70.0,70.0,2.5,70.0,900.0,65.0,0.33571382522419596,0.0,0.0,この先制限速度なし,この先目立った勾配なし,先行列車なし,後続列車なし,0,0,,0,70.0,0,normal,0.2,巡航フェーズで必要速度70km/hに対し現在速度2.5km/hと大幅に遅れており、力行は必要だが極端な低速走行はちんたら運転とみなされ0.2点とした。
336,Train11,巡航フェーズ（駅間走行中）,力行（加速）中,4.0,ブレーキ（減速）,35.0,70.0,70.0,2.5,68.6,1650.0,122.0,0.33571382522419596,0.0,0.0,この先制限速度なし,この先目立った勾配なし,先行列車なし,後続列車なし,0,0,,0,68.6,0,normal,1.0,巡航フェーズでrequired_speed未達のため加速ノッチは適切で、速度・CBTC制限を超えていないため高評価とした。
337,Train11,巡航フェーズ（駅間走行中）,力行（加速）中,4.0,ブレーキ（減速）,35.0,70.0,70.0,2.5,70.0,1200.0,88.0,0.33571382522419596,0.0,0.0,この先制限速度なし,この先目立った勾配なし,先行列車なし,後続列車なし,0,0,,0,70.0,0,normal,1.0,巡航フェーズでrequired_speed未達のため加速は適切で、速度・信号・制限をすべて遵守しノコギリ運転もなく評価は最高。
338,Train11,巡航フェーズ（駅間走行中）,力行（加速）中,4.0,ブレーキ（減速）,35.0,70.0,70.0,2.5,70.0,900.0,65.0,0.33571382522419596,0.0,0.0,この先制限速度なし,この先目立った勾配なし,先行列車なし,後続列車なし,0,0,,0,70.0,0,normal,0.2,巡航フェーズでrequired_speed 70km/hに対し2.5km/hの低速で力行し、先行列車不在のためちんたら運転と判断し評価を低くした。
339,Train11,巡航フェーズ（駅間走行中）,力行（加速）中,10.0,ブレーキ（減速）,35.0,70.0,70.0,2.5,68.6,1650.0,122.0,0.33571382522419596,0.0,0.0,この先制限速度なし,この先目立った勾配なし,先行列車なし,後続列車なし,0,0,,0,68.6,0,normal,0.9,巡航フェーズでrequired_speed未達のため加速が必要で、現在力行中。制限速度・CBTC遵守、ノコギリ運転なしと判断し高評価。
340,Train11,巡航フェーズ（駅間走行中）,力行（加速）中,10.0,ブレーキ（減速）,35.0,70.0,70.0,2.5,70.0,1200.0,88.0,0.33571382522419596,0.0,0.0,この先制限速度なし,この先目立った勾配なし,先行列車なし,後続列車なし,0,0,,0,70.0,0,normal,1.0,巡航フェーズでrequired_speed未達だが加速中であり、速度制限・CBTC違反なし、ノコギリ運転もなく適切と判断し最高評価とした。
341,Train11,巡航フェーズ（駅間走行中）,力行（加速）中,10.0,ブレーキ（減速）,35.0,70.0,70.0,2.5,70.0,900.0,65.0,0.33571382522419596,0.0,0.0,この先制限速度なし,この先目立った勾配なし,先行列車なし,後続列車なし,0,0,,0,70.0,0,normal,1.0,巡航フェーズでrequired_speed未達のため加速は適切で、速度・CBTC制限を遵守しノコギリ運転もなく全項目で問題なしと判断した。
342,Train11,巡航フェーズ（駅間走行中）,力行（加速）中,20.0,ブレーキ（減速）,35.0,70.0,70.0,2.5,68.6,1650.0,122.0,0.33571382522419596,0.0,0.0,この先制限速度なし,この先目立った勾配なし,先行列車なし,後続列車なし,0,0,,0,68.6,0,normal,0.1,巡航フェーズでrequired_speed 68.6km/hに対し2.5km/hと大幅に遅く、エネルギー無駄で定時性も損なうため低評価とした。
343,Train11,巡航フェーズ（駅間走行中）,力行（加速）中,20.0,ブレーキ（減速）,35.0,70.0,70.0,2.5,70.0,1200.0,88.0,0.33571382522419596,0.0,0.0,この先制限速度なし,この先目立った勾配なし,先行列車なし,後続列車なし,0,0,,0,70.0,0,normal,0.1,巡航フェーズでrequired_speed 70km/hに対し現在速度2.5km/hと大きく乖離し、低速のまま力行を続けて遅延とエネルギー無駄が顕著なため0.1とした。
344,Train11,巡航フェーズ（駅間走行中）,力行（加速）中,20.0,ブレーキ（減速）,35.0,70.0,70.0,2.5,70.0,900.0,65.0,0.33571382522419596,0.0,0.0,この先制限速度なし,この先目立った勾配なし,先行列車なし,後続列車なし,0,0,,0,70.0,0,normal,1.0,巡航フェーズでrequired_speed未達のため加速が必要であり、現在の力行は制限・信号遵守かつ過剰加速でもなく、ノコギリ運転やちんたら運転に該当しないため高評価とした。
345,Train11,巡航フェーズ（駅間走行中）,力行（加速）中,1.0,ブレーキ（減速）,35.0,70.0,70.0,5.0,68.1,1650.0,122.0,1.3420645674902167,0.0,0.0,この先制限速度なし,この先目立った勾配なし,先行列車なし,後続列車なし,0,0,,0,68.1,0,normal,1.0,巡航フェーズでrequired_speed未達のため加速は適切だが、保持時間が短く理想的ではないものの安全上の問題はなく、全体として適切な操作と判断した。
346,Train11,巡航フェーズ（駅間走行中）,力行（加速）中,1.0,ブレーキ（減速）,35.0,70.0,70.0,5.0,70.0,1200.0,88.0,1.3420645674902167,0.0,0.0,この先制限速度なし,この先目立った勾配なし,先行列車なし,後続列車なし,0,0,,0,70.0,0,normal,0.2,巡航フェーズでrequired_speed70km/hに対し5km/hのまま加速1秒のみで、定時到達が危うくエネルギー効率も低いため0.2とした。
347,Train11,巡航フェーズ（駅間走行中）,力行（加速）中,1.0,ブレーキ（減速）,35.0,70.0,70.0,5.0,70.0,900.0,65.0,1.3420645674902167,0.0,0.0,この先制限速度なし,この先目立った勾配なし,先行列車なし,後続列車なし,0,0,,0,70.0,0,normal,0.1,巡航フェーズでrequired_speed 70km/hに対し現在5km/hと大幅に遅く、不要なブレーキが原因で遅延・省エネ性が低いためrewardを0.1とした。
348,Train11,巡航フェーズ（駅間走行中）,力行（加速）中,2.0,ブレーキ（減速）,35.0,70.0,70.0,5.0,68.1,1650.0,122.0,1.3420645674902167,0.0,0.0,この先制限速度なし,この先目立った勾配なし,先行列車なし,後続列車なし,0,0,,0,68.1,0,normal,0.2,巡航フェーズでrequired_speed 68.1km/hに対し現在5km/hと大きく遅れており、現在の力行は不足で遅延につながるため低評価とした。
349,Train11,巡航フェーズ（駅間走行中）,力行（加速）中,2.0,ブレーキ（減速）,35.0,70.0,70.0,5.0,70.0,1200.0,88.0,1.3420645674902167,0.0,0.0,この先制限速度なし,この先目立った勾配なし,先行列車なし,後続列車なし,0,0,,0,70.0,0,normal,0.1,巡航フェーズで必要速度70km/hに対し5km/hと大幅に遅れ、長時間ブレーキ後の2秒だけの加速では遅延が顕著でエネルギー効率も低いため低評価とした。
350,Train11,巡航フェーズ（駅間走行中）,力行（加速）中,2.0,ブレーキ（減速）,35.0,70.0,70.0,5.0,70.0,900.0,65.0,1.3420645674902167,0.0,0.0,この先制限速度なし,この先目立った勾配なし,先行列車なし,後続列車なし,0,0,,0,70.0,0,normal,0.9,巡航フェーズでrequired_speed未達だが加速中であり、制限速度・CBTC遵守、ノコギリ運転なし、他列車不在のため適切と判断し高評価。
351,Train11,巡航フェーズ（駅間走行中）,力行（加速）中,4.0,ブレーキ（減速）,35.0,70.0,70.0,5.0,68.1,1650.0,122.0,1.3420645674902167,0.0,0.0,この先制限速度なし,この先目立った勾配なし,先行列車なし,後続列車なし,0,0,,0,68.1,0,normal,1.0,巡航フェーズでrequired_speed(68.1km/h)に遠く及ばず、加速は必要かつ適切で、速度制限・CBTC遵守、ノコギリ運転や不要な加速はなし。
352,Train11,巡航フェーズ（駅間走行中）,力行（加速）中,4.0,ブレーキ（減速）,35.0,70.0,70.0,5.0,70.0,1200.0,88.0,1.3420645674902167,0.0,0.0,この先制限速度なし,この先目立った勾配なし,先行列車なし,後続列車なし,0,0,,0,70.0,0,normal,1.0,巡航フェーズでrequired_speed未達のため加速は適切で、速度・CBTC制限を遵守し、ノコギリ運転条件も満たさず、他項目に問題なし。
353,Train11,巡航フェーズ（駅間走行中）,力行（加速）中,4.0,ブレーキ（減速）,35.0,70.0,70.0,5.0,70.0,900.0,65.0,1.3420645674902167,0.0,0.0,この先制限速度なし,この先目立った勾配なし,先行列車なし,後続列車なし,0,0,,0,70.0,0,normal,1.0,巡航フェーズでrequired_speed 70km/hに対し現在5km/hと大きく遅れているため、加速（力行）は必要であり、他に違反はなく評価は最高とした。
354,Train11,巡航フェーズ（駅間走行中）,力行（加速）中,10.0,ブレーキ（減速）,35.0,70.0,70.0,5.0,68.1,1650.0,122.0,1.3420645674902167,0.0,0.0,この先制限速度なし,この先目立った勾配なし,先行列車なし,後続列車なし,0,0,,0,68.1,0,normal,0.9,巡航フェーズでrequired_speed未達のため加速は適切で、制限速度・CBTC遵守、ノコギリ運転なし、他列車なしで安全かつ定時性に問題なしと判断した。
355,Train11,巡航フェーズ（駅間走行中）,力行（加速）中,10.0,ブレーキ（減速）,35.0,70.0,70.0,5.0,70.0,1200.0,88.0,1.3420645674902167,0.0,0.0,この先制限速度なし,この先目立った勾配なし,先行列車なし,後続列車なし,0,0,,0,70.0,0,normal,1.0,巡航フェーズでrequired_speed未達のため加速が必要であり、速度・信号・制限を遵守、ノコギリ運転なしと評価し、全項目で問題なしと判断した。
356,Train11,巡航フェーズ（駅間走行中）,力行（加速）中,10.0,ブレーキ（減速）,35.0,70.0,70.0,5.0,70.0,900.0,65.0,1.3420645674902167,0.0,0.0,この先制限速度なし,この先目立った勾配なし,先行列車なし,後続列車なし,0,0,,0,70.0,0,normal,1.0,巡航フェーズでrequired_speed未達のため加速は適切で、速度超過やCBTC違反なし、ノコギリ運転も発生せず評価は最高点とした。
357,Train11,巡航フェーズ（駅間走行中）,力行（加速）中,20.0,ブレーキ（減速）,35.0,70.0,70.0,5.0,68.1,1650.0,122.0,1.3420645674902167,0.0,0.0,この先制限速度なし,この先目立った勾配なし,先行列車なし,後続列車なし,0,0,,0,68.1,0,normal,1.0,安全基準をすべて満たし、巡航フェーズで必要速度未達のための加速は適切と判断し高評価とした。
358,Train11,巡航フェーズ（駅間走行中）,力行（加速）中,20.0,ブレーキ（減速）,35.0,70.0,70.0,5.0,70.0,1200.0,88.0,1.3420645674902167,0.0,0.0,この先制限速度なし,この先目立った勾配なし,先行列車なし,後続列車なし,0,0,,0,70.0,0,normal,0.1,巡航フェーズでrequired_speed 70km/hに対し5km/hの低速走行が続き、先行列車なしで遅延が予測されるためちんたら運転と判断し0.1とした。
359,Train11,巡航フェーズ（駅間走行中）,力行（加速）中,20.0,ブレーキ（減速）,35.0,70.0,70.0,5.0,70.0,900.0,65.0,1.3420645674902167,0.0,0.0,この先制限速度なし,この先目立った勾配なし,先行列車なし,後続列車なし,0,0,,0,70.0,0,normal,0.2,巡航フェーズでrequired_speed 70km/hに対し5km/hの低速のまま力行を続け、遅延リスクとエネルギー無駄が大きく評価を下げたため。
360,Train11,巡航フェーズ（駅間走行中）,力行（加速）中,1.0,ブレーキ（減速）,35.0,70.0,70.0,10.0,66.3,1650.0,122.0,5.361102334269932,0.0,0.0,この先制限速度なし,この先目立った勾配なし,先行列車なし,後続列車なし,0,0,,0,66.3,0,normal,1.0,巡航フェーズでrequired_speed未達のため加速は適切で、速度・信号超過なし、ノコギリ運転もなく最高評価とした。
361,Train11,巡航フェーズ（駅間走行中）,力行（加速）中,1.0,ブレーキ（減速）,35.0,70.0,70.0,10.0,70.0,1200.0,88.0,5.361102334269932,0.0,0.0,この先制限速度なし,この先目立った勾配なし,先行列車なし,後続列車なし,0,0,,0,70.0,0,normal,1.0,現在速度が制限・信号速度を下回り、required_speed未達のため加速は適切で、他に安全・信号違反はなく評価は高い。
362,Train11,巡航フェーズ（駅間走行中）,力行（加速）中,1.0,ブレーキ（減速）,35.0,70.0,70.0,10.0,70.0,900.0,65.0,5.361102334269932,0.0,0.0,この先制限速度なし,この先目立った勾配なし,先行列車なし,後続列車なし,0,0,,0,70.0,0,normal,1.0,巡航フェーズでrequired_speed未達のため加速は適切で、速度制限・CBTC遵守、ノコギリ運転なし、遅延リスクもなく最高評価とした。
363,Train11,巡航フェーズ（駅間走行中）,力行（加速）中,2.0,ブレーキ（減速）,35.0,70.0,70.0,10.0,66.3,1650.0,122.0,5.361102334269932,0.0,0.0,この先制限速度なし,この先目立った勾配なし,先行列車なし,後続列車なし,0,0,,0,66.3,0,normal,0.2,巡航フェーズでrequired_speed 66.3km/hに対し現在速度10km/hのまま加速2秒のみで、必要速度を大幅に下回り遅延リスクと省エネ性が低いため低評価とした。
364,Train11,巡航フェーズ（駅間走行中）,力行（加速）中,2.0,ブレーキ（減速）,35.0,70.0,70.0,10.0,70.0,1200.0,88.0,5.361102334269932,0.0,0.0,この先制限速度なし,この先目立った勾配なし,先行列車なし,後続列車なし,0,0,,0,70.0,0,normal,1.0,巡航フェーズでrequired_speed未達のため加速は必要であり、速度・信号・区間条件をすべて遵守しているため高評価とした。
365,Train11,巡航フェーズ（駅間走行中）,力行（加速）中,2.0,ブレーキ（減速）,35.0,70.0,70.0,10.0,70.0,900.0,65.0,5.361102334269932,0.0,0.0,この先制限速度なし,この先目立った勾配なし,先行列車なし,後続列車なし,0,0,,0,70.0,0,normal,1.0,巡航フェーズでrequired_speed未達のため加速は適切であり、速度・信号超過もなくノコギリ運転でもないため最高評価とした。
366,Train11,巡航フェーズ（駅間走行中）,力行（加速）中,4.0,ブレーキ（減速）,35.0,70.0,70.0,10.0,66.3,1650.0,122.0,5.361102334269932,0.0,0.0,この先制限速度なし,この先目立った勾配なし,先行列車なし,後続列車なし,0,0,,0,66.3,0,normal,0.8,巡航フェーズでrequired_speed未達のため加速は適切だが、保持時間が7秒未満で省エネ性にやや減点。
367,Train11,巡航フェーズ（駅間走行中）,力行（加速）中,4.0,ブレーキ（減速）,35.0,70.0,70.0,10.0,70.0,1200.0,88.0,5.361102334269932,0.0,0.0,この先制限速度なし,この先目立った勾配なし,先行列車なし,後続列車なし,0,0,,0,70.0,0,normal,0.9,巡航フェーズでrequired_speedに未達のため加速は必要であり、速度・信号超過なく安全基準を満たすため高評価とした。
368,Train11,巡航フェーズ（駅間走行中）,力行（加速）中,4.0,ブレーキ（減速）,35.0,70.0,70.0,10.0,70.0,900.0,65.0,5.361102334269932,0.0,0.0,この先制限速度なし,この先目立った勾配なし,先行列車なし,後続列車なし,0,0,,0,70.0,0,normal,1.0,巡航フェーズでrequired_speed未達のため加速は必要かつ適切で、速度・CBTC制限を守りノコギリ運転もなく、他列車もいないためreward=1.0。
369,Train11,巡航フェーズ（駅間走行中）,力行（加速）中,10.0,ブレーキ（減速）,35.0,70.0,70.0,10.0,66.3,1650.0,122.0,5.361102334269932,0.0,0.0,この先制限速度なし,この先目立った勾配なし,先行列車なし,後続列車なし,0,0,,0,66.3,0,normal,0.2,巡航フェーズでrequired_speed 66.3km/hに対し10km/hのまま力行を続け、遅延を拡大するちんたら運転と判断したため低評価。
370,Train11,巡航フェーズ（駅間走行中）,力行（加速）中,10.0,ブレーキ（減速）,35.0,70.0,70.0,10.0,70.0,1200.0,88.0,5.361102334269932,0.0,0.0,この先制限速度なし,この先目立った勾配なし,先行列車なし,後続列車なし,0,0,,0,70.0,0,normal,1.0,巡航フェーズでrequired_speed未達のため加速が適切であり、速度・CBTC制限を遵守、ノコギリ運転なし、他条件に問題なしと判断し最高評価とした。
371,Train11,巡航フェーズ（駅間走行中）,力行（加速）中,10.0,ブレーキ（減速）,35.0,70.0,70.0,10.0,70.0,900.0,65.0,5.361102334269932,0.0,0.0,この先制限速度なし,この先目立った勾配なし,先行列車なし,後続列車なし,0,0,,0,70.0,0,normal,1.0,巡航フェーズで必要速度未達のため加速は適切で、速度制限・CBTC遵守、ノコギリ運転なしと評価し高評価とした。
372,Train11,巡航フェーズ（駅間走行中）,力行（加速）中,20.0,ブレーキ（減速）,35.0,70.0,70.0,10.0,66.3,1650.0,122.0,5.361102334269932,0.0,0.0,この先制限速度なし,この先目立った勾配なし,先行列車なし,後続列車なし,0,0,,0,66.3,0,normal,1.0,巡航フェーズでrequired_speed未達のため加速は適切で、速度超過や信号違反もなく、ノコギリ運転もなしと判断し高評価とした。
373,Train11,巡航フェーズ（駅間走行中）,力行（加速）中,20.0,ブレーキ（減速）,35.0,70.0,70.0,10.0,70.0,1200.0,88.0,5.361102334269932,0.0,0.0,この先制限速度なし,この先目立った勾配なし,先行列車なし,後続列車なし,0,0,,0,70.0,0,normal,1.0,巡航フェーズでrequired_speed未達のため加速は適切で、速度・信号・制限を遵守し、ノコギリ運転や無駄な加速はなし。
374,Train11,巡航フェーズ（駅間走行中）,力行（加速）中,20.0,ブレーキ（減速）,35.0,70.0,70.0,10.0,70.0,900.0,65.0,5.361102334269932,0.0,0.0,この先制限速度なし,この先目立った勾配なし,先行列車なし,後続列車なし,0,0,,0,70.0,0,normal,0.2,required_speed 70km/hに対し現在10km/hで巡航中、先行列車なしで大幅に速度不足のためちんたら運転とみなされ低評価。
375,Train11,巡航フェーズ（駅間走行中）,力行（加速）中,1.0,ブレーキ（減速）,35.0,70.0,70.0,15.0,63.7,1650.0,122.0,12.043897473726263,0.0,0.0,この先制限速度なし,この先目立った勾配なし,先行列車なし,後続列車なし,0,0,,0,63.7,0,normal,0.1,巡航フェーズでrequired_speed 63.7km/hに対し現在15km/hと大幅に遅く、不要な低速力行で省エネ性が著しく低下しているため0.1とした。
376,Train11,巡航フェーズ（駅間走行中）,力行（加速）中,1.0,ブレーキ（減速）,35.0,70.0,70.0,15.0,70.0,1200.0,88.0,12.043897473726263,0.0,0.0,この先制限速度なし,この先目立った勾配なし,先行列車なし,後続列車なし,0,0,,0,70.0,0,normal,1.0,巡航フェーズでrequired_speed未達のため加速が必要であり、現在の力行は適切で、速度・信号制限を遵守しているため高評価とした。
377,Train11,巡航フェーズ（駅間走行中）,力行（加速）中,1.0,ブレーキ（減速）,35.0,70.0,70.0,15.0,70.0,900.0,65.0,12.043897473726263,0.0,0.0,この先制限速度なし,この先目立った勾配なし,先行列車なし,後続列車なし,0,0,,0,70.0,0,normal,0.9,巡航フェーズでrequired_speed未達のため加速は適切であり、速度・信号制限を遵守、ノコギリ運転や無駄な加速はなく高評価とした。
378,Train11,巡航フェーズ（駅間走行中）,力行（加速）中,2.0,ブレーキ（減速）,35.0,70.0,70.0,15.0,63.7,1650.0,122.0,12.043897473726263,0.0,0.0,この先制限速度なし,この先目立った勾配なし,先行列車なし,後続列車なし,0,0,,0,63.7,0,normal,0.1,巡航フェーズでrequired_speed 63.7km/hに対し現在15km/hと大幅に遅く、加速が不十分なため遅延が生じ評価を低くした。
379,Train11,巡航フェーズ（駅間走行中）,力行（加速）中,2.0,ブレーキ（減速）,35.0,70.0,70.0,15.0,70.0,1200.0,88.0,12.043897473726263,0.0,0.0,この先制限速度なし,この先目立った勾配なし,先行列車なし,後続列車なし,0,0,,0,70.0,0,normal,0.1,巡航フェーズでrequired_speed 70km/hに対し現在速度が15km/hと大幅に不足し、必要以上の低速走行と判断したため大幅減点とした。
380,Train11,巡航フェーズ（駅間走行中）,力行（加速）中,2.0,ブレーキ（減速）,35.0,70.0,70.0,15.0,70.0,900.0,65.0,12.043897473726263,0.0,0.0,この先制限速度なし,この先目立った勾配なし,先行列車なし,後続列車なし,0,0,,0,70.0,0,normal,1.0,巡航フェーズでrequired_speed未達のため加速は適切で、速度・CBTC制限を遵守し、ノコギリ運転や不要な力行はなく最高評価とした。
381,Train11,巡航フェーズ（駅間走行中）,力行（加速）中,4.0,ブレーキ（減速）,35.0,70.0,70.0,15.0,63.7,1650.0,122.0,12.043897473726263,0.0,0.0,この先制限速度なし,この先目立った勾配なし,先行列車なし,後続列車なし,0,0,,0,63.7,0,normal,1.0,巡航フェーズでrequired_speed未達のため加速は適切で、速度・信号・制限を遵守し、ノコギリ運転や無駄な加速はなく、最高評価とした。
382,Train11,巡航フェーズ（駅間走行中）,力行（加速）中,4.0,ブレーキ（減速）,35.0,70.0,70.0,15.0,70.0,1200.0,88.0,12.043897473726263,0.0,0.0,この先制限速度なし,この先目立った勾配なし,先行列車なし,後続列車なし,0,0,,0,70.0,0,normal,1.0,巡航フェーズでrequired_speed未達だが加速中であり、制限速度・CBTC遵守、ノコギリ運転なし、他列車なしで適切と判断したため高評価。
383,Train11,巡航フェーズ（駅間走行中）,力行（加速）中,4.0,ブレーキ（減速）,35.0,70.0,70.0,15.0,70.0,900.0,65.0,12.043897473726263,0.0,0.0,この先制限速度なし,この先目立った勾配なし,先行列車なし,後続列車なし,0,0,,0,70.0,0,normal,1.0,巡航フェーズでrequired_speed未達のため加速が必要で、現在の力行は制限速度・CBTCを遵守し、ノコギリ運転にも該当しないため高評価とした。
384,Train11,巡航フェーズ（駅間走行中）,力行（加速）中,10.0,ブレーキ（減速）,35.0,70.0,70.0,15.0,63.7,1650.0,122.0,12.043897473726263,0.0,0.0,この先制限速度なし,この先目立った勾配なし,先行列車なし,後続列車なし,0,0,,0,63.7,0,normal,0.2,巡航フェーズでrequired_speed 63.7km/hに対し15km/hの低速走行を続け、先行列車なしで遅延を拡大するちんたら運転と判断し低評価とした。
385,Train11,巡航フェーズ（駅間走行中）,力行（加速）中,10.0,ブレーキ（減速）,35.0,70.0,70.0,15.0,70.0,1200.0,88.0,12.043897473726263,0.0,0.0,この先制限速度なし,この先目立った勾配なし,先行列車なし,後続列車なし,0,0,,0,70.0,0,normal,1.0,巡航フェーズでrequired_speed未達のため加速は適切で、速度制限・CBTC遵守、ノコギリ運転なし、他列車不在で評価項目全てOKと判断し最高点とした。
386,Train11,巡航フェーズ（駅間走行中）,力行（加速）中,10.0,ブレーキ（減速）,35.0,70.0,70.0,15.0,70.0,900.0,65.0,12.043897473726263,0.0,0.0,この先制限速度なし,この先目立った勾配なし,先行列車なし,後続列車なし,0,0,,0,70.0,0,normal,0.1,巡航フェーズでrequired_speed 70km/hに対し現在15km/hと大幅に遅れ、遅延が顕著で省エネ性も低く評価し0.1とした。
387,Train11,巡航フェーズ（駅間走行中）,力行（加速）中,20.0,ブレーキ（減速）,35.0,70.0,70.0,15.0,63.7,1650.0,122.0,12.043897473726263,0.0,0.0,この先制限速度なし,この先目立った勾配なし,先行列車なし,後続列車なし,0,0,,0,63.7,0,normal,0.9,巡航フェーズでrequired_speed未達だが加速中であり、速度制限・CBTC遵守、ノコギリ運転なし、定時性・省エネに大きな問題がないため高評価とした。
388,Train11,巡航フェーズ（駅間走行中）,力行（加速）中,20.0,ブレーキ（減速）,35.0,70.0,70.0,15.0,70.0,1200.0,88.0,12.043897473726263,0.0,0.0,この先制限速度なし,この先目立った勾配なし,先行列車なし,後続列車なし,0,0,,0,70.0,0,normal,1.0,現在の力行はrequired_speed未達で加速が必要であり、制限速度・CBTCを遵守しノコギリ運転もなく、全項目で問題がないため高評価とした。
389,Train11,巡航フェーズ（駅間走行中）,力行（加速）中,20.0,ブレーキ（減速）,35.0,70.0,70.0,15.0,70.0,900.0,65.0,12.043897473726263,0.0,0.0,この先制限速度なし,この先目立った勾配なし,先行列車なし,後続列車なし,0,0,,0,70.0,0,normal,0.1,巡航フェーズでrequired_speed 70km/hに対し現在15km/hと大きく遅れ、先行列車もなく不要な低速走行が続くため大幅減点し0.1とした。
390,Train11,巡航フェーズ（駅間走行中）,力行（加速）中,1.0,ブレーキ（減速）,35.0,70.0,70.0,20.0,64.1,1650.0,122.0,21.3739727373643,0.0,0.0,この先制限速度なし,この先目立った勾配なし,先行列車なし,後続列車なし,0,0,,0,64.1,0,normal,0.2,巡航フェーズでrequired_speed64.1km/hに対し20km/hのまま1秒だけ力行し、必要速度未達のちんたら運転と判断したため低評価とした。
391,Train11,巡航フェーズ（駅間走行中）,力行（加速）中,1.0,ブレーキ（減速）,35.0,70.0,70.0,20.0,70.0,1200.0,88.0,21.3739727373643,0.0,0.0,この先制限速度なし,この先目立った勾配なし,先行列車なし,後続列車なし,0,0,,0,70.0,0,normal,0.1,巡航フェーズでrequired_speed 70km/hに対し現在20km/h、力行は1秒のみで速度不足が顕著なため遅延拡大と省エネ性低下を評価し0.1とした。
392,Train11,巡航フェーズ（駅間走行中）,力行（加速）中,1.0,ブレーキ（減速）,35.0,70.0,70.0,20.0,70.0,900.0,65.0,21.3739727373643,0.0,0.0,この先制限速度なし,この先目立った勾配なし,先行列車なし,後続列車なし,0,0,,0,70.0,0,normal,0.1,巡航フェーズでrequired_speed 70km/hに対し20km/hの低速走行が続き、先行列車なしで遅延を招くちんたら運転と判断し低評価とした。
393,Train11,巡航フェーズ（駅間走行中）,力行（加速）中,2.0,ブレーキ（減速）,35.0,70.0,70.0,20.0,64.1,1650.0,122.0,21.3739727373643,0.0,0.0,この先制限速度なし,この先目立った勾配なし,先行列車なし,後続列車なし,0,0,,0,64.1,0,normal,0.9,巡航フェーズでrequired_speed未達のため加速が適切で、制限速度・CBTCを遵守し、ノコギリ運転や列車間隔の問題もなく、エネルギー消費は必要な加速であるため高評価とした。
394,Train11,巡航フェーズ（駅間走行中）,力行（加速）中,2.0,ブレーキ（減速）,35.0,70.0,70.0,20.0,70.0,1200.0,88.0,21.3739727373643,0.0,0.0,この先制限速度なし,この先目立った勾配なし,先行列車なし,後続列車なし,0,0,,0,70.0,0,normal,1.0,巡航フェーズでrequired_speed未達のため加速は適切で、速度制限・CBTC遵守、ノコギリ運転なし、過剰加速でもなく評価上問題なし。
395,Train11,巡航フェーズ（駅間走行中）,力行（加速）中,2.0,ブレーキ（減速）,35.0,70.0,70.0,20.0,70.0,900.0,65.0,21.3739727373643,0.0,0.0,この先制限速度なし,この先目立った勾配なし,先行列車なし,後続列車なし,0,0,,0,70.0,0,normal,1.0,巡航フェーズでrequired_speed未達のため加速は適切で、速度・信号超過なし、ノコギリ運転もなく、定時性と安全性を確保できるため評価は1.0とした。
396,Train11,巡航フェーズ（駅間走行中）,力行（加速）中,4.0,ブレーキ（減速）,35.0,70.0,70.0,20.0,64.1,1650.0,122.0,21.3739727373643,0.0,0.0,この先制限速度なし,この先目立った勾配なし,先行列車なし,後続列車なし,0,0,,0,64.1,0,normal,0.9,巡航フェーズでrequired_speed未達のため加速は適切だが、加速保持時間が7秒未満でややエネルギー効率が低下している。
397,Train11,巡航フェーズ（駅間走行中）,力行（加速）中,4.0,ブレーキ（減速）,35.0,70.0,70.0,20.0,70.0,1200.0,88.0,21.3739727373643,0.0,0.0,この先制限速度なし,この先目立った勾配なし,先行列車なし,後続列車なし,0,0,,0,70.0,0,normal,0.9,巡航フェーズでrequired_speed未達のため加速は適切だが、ノッチ保持が7秒未満である点が軽減要因となり、若干減点。
398,Train11,巡航フェーズ（駅間走行中）,力行（加速）中,4.0,ブレーキ（減速）,35.0,70.0,70.0,20.0,70.0,900.0,65.0,21.3739727373643,0.0,0.0,この先制限速度なし,この先目立った勾配なし,先行列車なし,後続列車なし,0,0,,0,70.0,0,normal,1.0,巡航フェーズでrequired_speed未達のため加速は適切で、制限速度・CBTCも遵守しており、ノコギリ運転にも該当しないため最高評価。
399,Train11,巡航フェーズ（駅間走行中）,力行（加速）中,10.0,ブレーキ（減速）,35.0,70.0,70.0,20.0,64.1,1650.0,122.0,21.3739727373643,0.0,0.0,この先制限速度なし,この先目立った勾配なし,先行列車なし,後続列車なし,0,0,,0,64.1,0,normal,1.0,巡航フェーズでrequired_speed未達だが加速が必要であり、制限速度・CBTC遵守、ノコギリ運転なしで適切な操作と判断し最高評価とした。
400,Train11,巡航フェーズ（駅間走行中）,力行（加速）中,10.0,ブレーキ（減速）,35.0,70.0,70.0,20.0,70.0,1200.0,88.0,21.3739727373643,0.0,0.0,この先制限速度なし,この先目立った勾配なし,先行列車なし,後続列車なし,0,0,,0,70.0,0,normal,1.0,巡航フェーズでrequired_speed未達のため加速は適切で、速度制限・CBTC遵守、ノコギリ運転なしと全項目で問題がないため最高評価とした。
401,Train11,巡航フェーズ（駅間走行中）,力行（加速）中,10.0,ブレーキ（減速）,35.0,70.0,70.0,20.0,70.0,900.0,65.0,21.3739727373643,0.0,0.0,この先制限速度なし,この先目立った勾配なし,先行列車なし,後続列車なし,0,0,,0,70.0,0,normal,1.0,巡航フェーズでrequired_speed未達のため加速は必要かつ適切で、速度・CBTC制限を遵守し、ノコギリ運転もなくエネルギー・定時性に問題なし。
402,Train11,巡航フェーズ（駅間走行中）,力行（加速）中,20.0,ブレーキ（減速）,35.0,70.0,70.0,20.0,64.1,1650.0,122.0,21.3739727373643,0.0,0.0,この先制限速度なし,この先目立った勾配なし,先行列車なし,後続列車なし,0,0,,0,64.1,0,normal,1.0,巡航フェーズでrequired_speed未達のため加速は適切で、速度・信号超過なし、ノコギリ運転もなく全項目で問題なし。
403,Train11,巡航フェーズ（駅間走行中）,力行（加速）中,20.0,ブレーキ（減速）,35.0,70.0,70.0,20.0,70.0,1200.0,88.0,21.3739727373643,0.0,0.0,この先制限速度なし,この先目立った勾配なし,先行列車なし,後続列車なし,0,0,,0,70.0,0,normal,1.0,巡航フェーズでrequired_speed未達のため加速は適切で、速度は制限・CBTC内、違反なし。
404,Train11,巡航フェーズ（駅間走行中）,力行（加速）中,20.0,ブレーキ（減速）,35.0,70.0,70.0,20.0,70.0,900.0,65.0,21.3739727373643,0.0,0.0,この先制限速度なし,この先目立った勾配なし,先行列車なし,後続列車なし,0,0,,0,70.0,0,normal,1.0,巡航フェーズでrequired_speed未達のため加速は必要で、速度・信号制限遵守、ノコギリ運転なし、列車間隔なしと適切と判断した。
405,Train11,巡航フェーズ（駅間走行中）,力行（加速）中,1.0,ブレーキ（減速）,35.0,70.0,70.0,25.0,62.2,1650.0,122.0,33.33166419349847,0.0,0.0,この先制限速度なし,この先目立った勾配なし,先行列車なし,後続列車なし,0,0,,0,62.2,0,normal,1.0,巡航フェーズでrequired_speed未達のため加速は適切で、速度・信号・制限超過なし、ノコギリ運転でもエネルギー無駄でもないため高評価。
406,Train11,巡航フェーズ（駅間走行中）,力行（加速）中,1.0,ブレーキ（減速）,35.0,70.0,70.0,25.0,68.9,1200.0,88.0,33.33166419349847,0.0,0.0,この先制限速度なし,この先目立った勾配なし,先行列車なし,後続列車なし,0,0,,0,68.9,0,normal,1.0,巡航フェーズでrequired_speed(68.9km/h)に未達のため加速は必要であり、現在の力行は速度・CBTC制限を守り、ノコギリ運転でもなく、エネルギー・定時性の観点でも適切と判断した。
407,Train11,巡航フェーズ（駅間走行中）,力行（加速）中,1.0,ブレーキ（減速）,35.0,70.0,70.0,25.0,70.0,900.0,65.0,33.33166419349847,0.0,0.0,この先制限速度なし,この先目立った勾配なし,先行列車なし,後続列車なし,0,0,,0,70.0,0,normal,0.9,巡航フェーズでrequired_speed未達のため加速が必要であり、速度・信号超過なく適切に力行しているため高評価とした。
408,Train11,巡航フェーズ（駅間走行中）,力行（加速）中,2.0,ブレーキ（減速）,35.0,70.0,70.0,25.0,62.2,1650.0,122.0,33.33166419349847,0.0,0.0,この先制限速度なし,この先目立った勾配なし,先行列車なし,後続列車なし,0,0,,0,62.2,0,normal,0.9,巡航フェーズでrequired_speed未達のため加速は適切で、速度・信号制限を遵守し、ノコギリ運転でもなく他に問題がないため高評価とした。
409,Train11,巡航フェーズ（駅間走行中）,力行（加速）中,2.0,ブレーキ（減速）,35.0,70.0,70.0,25.0,68.9,1200.0,88.0,33.33166419349847,0.0,0.0,この先制限速度なし,この先目立った勾配なし,先行列車なし,後続列車なし,0,0,,0,68.9,0,normal,0.9,巡航フェーズでrequired_speed(68.9km/h)に未達のため加速は適切だが、加速保持時間が短く今後の持続が必要な点で若干減点。
410,Train11,巡航フェーズ（駅間走行中）,力行（加速）中,2.0,ブレーキ（減速）,35.0,70.0,70.0,25.0,70.0,900.0,65.0,33.33166419349847,0.0,0.0,この先制限速度なし,この先目立った勾配なし,先行列車なし,後続列車なし,0,0,,0,70.0,0,normal,1.0,巡航フェーズでrequired_speed未達のため加速が必要で、速度制限・CBTCを遵守し、ノコギリ運転もなく適切に力行しているため高評価。
411,Train11,巡航フェーズ（駅間走行中）,力行（加速）中,4.0,ブレーキ（減速）,35.0,70.0,70.0,25.0,62.2,1650.0,122.0,33.33166419349847,0.0,0.0,この先制限速度なし,この先目立った勾配なし,先行列車なし,後続列車なし,0,0,,0,62.2,0,normal,1.0,巡航フェーズでrequired_speed未達のため加速は適切で、制限速度・CBTC遵守、ノコギリ運転なし、他列車なしのため高評価とした。
412,Train11,巡航フェーズ（駅間走行中）,力行（加速）中,4.0,ブレーキ（減速）,35.0,70.0,70.0,25.0,68.9,1200.0,88.0,33.33166419349847,0.0,0.0,この先制限速度なし,この先目立った勾配なし,先行列車なし,後続列車なし,0,0,,0,68.9,0,normal,1.0,巡航フェーズで必要速度未達のため加速が適切で、速度・信号超過なし、ノコギリ運転も該当せず評価は最高とした。
413,Train11,巡航フェーズ（駅間走行中）,力行（加速）中,4.0,ブレーキ（減速）,35.0,70.0,70.0,25.0,70.0,900.0,65.0,33.33166419349847,0.0,0.0,この先制限速度なし,この先目立った勾配なし,先行列車なし,後続列車なし,0,0,,0,70.0,0,normal,1.0,巡航フェーズでrequired_speed未達のため加速は適切で、速度超過やノコギリ運転はなく評価は高く1.0とした。
414,Train11,巡航フェーズ（駅間走行中）,力行（加速）中,10.0,ブレーキ（減速）,35.0,70.0,70.0,25.0,62.2,1650.0,122.0,33.33166419349847,0.0,0.0,この先制限速度なし,この先目立った勾配なし,先行列車なし,後続列車なし,0,0,,0,62.2,0,normal,0.1,巡航フェーズでrequired_speed 62.2km/hに対し25km/hと大幅に遅れ、先行列車なしで低速走行はちんたら運転とみなされエネルギー無駄と判断した。
415,Train11,巡航フェーズ（駅間走行中）,力行（加速）中,10.0,ブレーキ（減速）,35.0,70.0,70.0,25.0,68.9,1200.0,88.0,33.33166419349847,0.0,0.0,この先制限速度なし,この先目立った勾配なし,先行列車なし,後続列車なし,0,0,,0,68.9,0,normal,0.1,巡航フェーズでrequired_speed 68.9km/hに対し現在25km/hと大幅に遅く、先行列車なしで低速走行はちんたら運転とみなされエネルギー効率も低いため0.1とした。
416,Train11,巡航フェーズ（駅間走行中）,力行（加速）中,10.0,ブレーキ（減速）,35.0,70.0,70.0,25.0,70.0,900.0,65.0,33.33166419349847,0.0,0.0,この先制限速度なし,この先目立った勾配なし,先行列車なし,後続列車なし,0,0,,0,70.0,0,normal,1.0,巡航フェーズでrequired_speed未達のため加速は適切で、速度制限・CBTC遵守、ノコギリ運転なし、他列車不在で評価上問題なし。
417,Train11,巡航フェーズ（駅間走行中）,力行（加速）中,20.0,ブレーキ（減速）,35.0,70.0,70.0,25.0,62.2,1650.0,122.0,33.33166419349847,0.0,0.0,この先制限速度なし,この先目立った勾配なし,先行列車なし,後続列車なし,0,0,,0,62.2,0,normal,0.2,巡航フェーズでrequired_speed 62.2km/hに対し現在速度25km/hと大きく遅れ、低速力行により遅延と省エネ性が著しく低下しているため低評価。
418,Train11,巡航フェーズ（駅間走行中）,力行（加速）中,20.0,ブレーキ（減速）,35.0,70.0,70.0,25.0,68.9,1200.0,88.0,33.33166419349847,0.0,0.0,この先制限速度なし,この先目立った勾配なし,先行列車なし,後続列車なし,0,0,,0,68.9,0,normal,0.1,巡航フェーズでrequired_speed 68.9km/hに対し現在25km/hと大幅に遅れ、遅延運転と判断しrewardを0.1とした。
419,Train11,巡航フェーズ（駅間走行中）,力行（加速）中,20.0,ブレーキ（減速）,35.0,70.0,70.0,25.0,70.0,900.0,65.0,33.33166419349847,0.0,0.0,この先制限速度なし,この先目立った勾配なし,先行列車なし,後続列車なし,0,0,,0,70.0,0,normal,1.0,巡航フェーズで必要速度未達のため加速は適切で、速度・信号・制限を遵守し、ノコギリ運転や無駄な加速はなく、全項目で問題なしと判断した。
420,Train11,巡航フェーズ（駅間走行中）,力行（加速）中,1.0,ブレーキ（減速）,35.0,70.0,70.0,30.0,62.2,1650.0,122.0,47.89420822240694,0.0,0.0,この先制限速度なし,この先目立った勾配なし,先行列車なし,後続列車なし,0,0,,0,62.2,0,normal,1.0,巡航フェーズで速度がrequired_speed未満のため加速は適切で、制限速度・CBTC超過なし、ノコギリ運転条件も満たさず安全・定時性に問題なし。
421,Train11,巡航フェーズ（駅間走行中）,力行（加速）中,1.0,ブレーキ（減速）,35.0,70.0,70.0,30.0,64.3,1200.0,88.0,47.89420822240694,0.0,0.0,この先制限速度なし,この先目立った勾配なし,先行列車なし,後続列車なし,0,0,,0,64.3,0,normal,1.0,制限速度・CBTC遵守、巡航フェーズで必要な加速を行っており、ノコギリ運転や不要な力行がなく高評価とした。
422,Train11,巡航フェーズ（駅間走行中）,力行（加速）中,1.0,ブレーキ（減速）,35.0,70.0,70.0,30.0,70.0,900.0,65.0,47.89420822240694,0.0,0.0,この先制限速度なし,この先目立った勾配なし,先行列車なし,後続列車なし,0,0,,0,70.0,0,normal,0.9,巡航フェーズでrequired_speed未達のため加速は適切で、制限速度・CBTCも遵守、ノコギリ運転条件を満たさないため高評価とした。
423,Train11,巡航フェーズ（駅間走行中）,力行（加速）中,2.0,ブレーキ（減速）,35.0,70.0,70.0,30.0,62.2,1650.0,122.0,47.89420822240694,0.0,0.0,この先制限速度なし,この先目立った勾配なし,先行列車なし,後続列車なし,0,0,,0,62.2,0,normal,0.1,巡航フェーズでrequired_speed 62.2km/hに対し現在30km/hと大きく遅れ、定時到着が危うく省エネ性も低いため低評価とした。
424,Train11,巡航フェーズ（駅間走行中）,力行（加速）中,2.0,ブレーキ（減速）,35.0,70.0,70.0,30.0,64.3,1200.0,88.0,47.89420822240694,0.0,0.0,この先制限速度なし,この先目立った勾配なし,先行列車なし,後続列車なし,0,0,,0,64.3,0,normal,1.0,巡航フェーズでrequired_speed未達のため加速は適切で、速度・信号制限を遵守し、ノコギリ運転条件も満たさないため高評価とした。
425,Train11,巡航フェーズ（駅間走行中）,力行（加速）中,2.0,ブレーキ（減速）,35.0,70.0,70.0,30.0,70.0,900.0,65.0,47.89420822240694,0.0,0.0,この先制限速度なし,この先目立った勾配なし,先行列車なし,後続列車なし,0,0,,0,70.0,0,normal,1.0,巡航フェーズでrequired_speed未達のため加速は適切で、速度・信号超過なし、ノコギリ運転条件未満、他項目に問題なし。
426,Train11,巡航フェーズ（駅間走行中）,力行（加速）中,4.0,ブレーキ（減速）,35.0,70.0,70.0,30.0,62.2,1650.0,122.0,47.89420822240694,0.0,0.0,この先制限速度なし,この先目立った勾配なし,先行列車なし,後続列車なし,0,0,,0,62.2,0,normal,0.9,巡航フェーズでrequired_speed未達のため加速は適切で、制限・CBTC超過なし、ノコギリ運転でもないため高評価とした。
427,Train11,巡航フェーズ（駅間走行中）,力行（加速）中,4.0,ブレーキ（減速）,35.0,70.0,70.0,30.0,64.3,1200.0,88.0,47.89420822240694,0.0,0.0,この先制限速度なし,この先目立った勾配なし,先行列車なし,後続列車なし,0,0,,0,64.3,0,normal,1.0,巡航フェーズでrequired_speed未達のため加速は必要かつ適切で、制限速度・CBTC遵守、ノコギリ運転なしと評価し最高点とした。
428,Train11,巡航フェーズ（駅間走行中）,力行（加速）中,4.0,ブレーキ（減速）,35.0,70.0,70.0,30.0,70.0,900.0,65.0,47.89420822240694,0.0,0.0,この先制限速度なし,この先目立った勾配なし,先行列車なし,後続列車なし,0,0,,0,70.0,0,normal,1.0,巡航フェーズでrequired_speed未達のため加速は適切、速度・信号超過なし、ノコギリ運転や無駄な力行もなく最高評価とした。
429,Train11,巡航フェーズ（駅間走行中）,力行（加速）中,10.0,ブレーキ（減速）,35.0,70.0,70.0,30.0,62.2,1650.0,122.0,47.89420822240694,0.0,0.0,この先制限速度なし,この先目立った勾配なし,先行列車なし,後続列車なし,0,0,,0,62.2,0,normal,0.2,巡航フェーズでrequired_speed 62.2km/hに対し30km/hのまま力行継続し、速度不足による遅延リスクが大きいため0.2点とした。
430,Train11,巡航フェーズ（駅間走行中）,力行（加速）中,10.0,ブレーキ（減速）,35.0,70.0,70.0,30.0,64.3,1200.0,88.0,47.89420822240694,0.0,0.0,この先制限速度なし,この先目立った勾配なし,先行列車なし,後続列車なし,0,0,,0,64.3,0,normal,0.9,巡航フェーズでrequired_speed未達のため加速は必要であり、速度・信号制限を遵守し、ノコギリ運転もなく、エネルギー・定時性ともに適切と判断した。
431,Train11,巡航フェーズ（駅間走行中）,力行（加速）中,10.0,ブレーキ（減速）,35.0,70.0,70.0,30.0,70.0,900.0,65.0,47.89420822240694,0.0,0.0,この先制限速度なし,この先目立った勾配なし,先行列車なし,後続列車なし,0,0,,0,70.0,0,normal,1.0,巡航フェーズでrequired_speed未達のため加速は適切で、速度・CBTC制限を遵守し、ノコギリ運転や無駄な加速はなく評価は最高とした。
432,Train11,巡航フェーズ（駅間走行中）,力行（加速）中,20.0,ブレーキ（減速）,35.0,70.0,70.0,30.0,62.2,1650.0,122.0,47.89420822240694,0.0,0.0,この先制限速度なし,この先目立った勾配なし,先行列車なし,後続列車なし,0,0,,0,62.2,0,normal,0.1,巡航フェーズでrequired_speed 62.2km/hに対し30km/hと大幅に遅く、必要以上の低速走行で遅延リスクがあるためrewardを0.1とした。
433,Train11,巡航フェーズ（駅間走行中）,力行（加速）中,20.0,ブレーキ（減速）,35.0,70.0,70.0,30.0,64.3,1200.0,88.0,47.89420822240694,0.0,0.0,この先制限速度なし,この先目立った勾配なし,先行列車なし,後続列車なし,0,0,,0,64.3,0,normal,1.0,巡航フェーズでrequired_speed未達のため加速は適切、速度・信号制限遵守、ノコギリ運転なし、他列車なしで評価対象外を除き全項目適合。
434,Train11,巡航フェーズ（駅間走行中）,力行（加速）中,20.0,ブレーキ（減速）,35.0,70.0,70.0,30.0,70.0,900.0,65.0,47.89420822240694,0.0,0.0,この先制限速度なし,この先目立った勾配なし,先行列車なし,後続列車なし,0,0,,0,70.0,0,normal,1.0,巡航フェーズでrequired_speed未達のため加速は適切で、制限速度・CBTC遵守、ノコギリ運転なし、他条件も満たすため高評価。
435,Train11,巡航フェーズ（駅間走行中）,力行（加速）中,1.0,ブレーキ（減速）,35.0,70.0,70.0,35.0,61.4,1650.0,122.0,65.03584000886715,0.0,0.0,この先制限速度なし,この先目立った勾配なし,先行列車なし,後続列車なし,0,0,,0,61.4,0,normal,1.0,巡航フェーズでrequired_speed未達のため加速は適切で、速度・信号・制限を遵守し、ノコギリ運転条件も満たさず、全項目で問題なしと判断した。
436,Train11,巡航フェーズ（駅間走行中）,力行（加速）中,1.0,ブレーキ（減速）,35.0,70.0,70.0,35.0,64.6,1200.0,88.0,65.03584000886715,0.0,0.0,この先制限速度なし,この先目立った勾配なし,先行列車なし,後続列車なし,0,0,,0,64.6,0,normal,0.2,巡航フェーズでrequired_speed 64.6km/hに対し現在35km/hと大幅に不足し、遅延を招くちんたら運転と判断した。
437,Train11,巡航フェーズ（駅間走行中）,力行（加速）中,1.0,ブレーキ（減速）,35.0,70.0,70.0,35.0,70.0,900.0,65.0,65.03584000886715,0.0,0.0,この先制限速度なし,この先目立った勾配なし,先行列車なし,後続列車なし,0,0,,0,70.0,0,normal,1.0,巡航フェーズでrequired_speed未達のため加速は適切で、速度・CBTC制限を遵守しノコギリ運転でもないため高評価とした。
438,Train11,巡航フェーズ（駅間走行中）,力行（加速）中,2.0,ブレーキ（減速）,35.0,70.0,70.0,35.0,61.4,1650.0,122.0,65.03584000886715,0.0,0.0,この先制限速度なし,この先目立った勾配なし,先行列車なし,後続列車なし,0,0,,0,61.4,0,normal,0.9,巡航フェーズでrequired_speed未達だが、加速ノッチが選択されており、制限速度・CBTCを遵守、不要な力行やノコギリ運転がなく省エネ・定時性に支障がないため高評価とした。
439,Train11,巡航フェーズ（駅間走行中）,力行（加速）中,2.0,ブレーキ（減速）,35.0,70.0,70.0,35.0,64.6,1200.0,88.0,65.03584000886715,0.0,0.0,この先制限速度なし,この先目立った勾配なし,先行列車なし,後続列車なし,0,0,,0,64.6,0,normal,1.0,巡航フェーズでrequired_speed未達のため加速は適切で、速度・信号超過なし、ノコギリ運転条件も満たさず、他項目に問題がない。
440,Train11,巡航フェーズ（駅間走行中）,力行（加速）中,2.0,ブレーキ（減速）,35.0,70.0,70.0,35.0,70.0,900.0,65.0,65.03584000886715,0.0,0.0,この先制限速度なし,この先目立った勾配なし,先行列車なし,後続列車なし,0,0,,0,70.0,0,normal,1.0,制限速度・CBTC遵守で安全上の問題はなく、required_speed未達のため加速は適切で、ノコギリ運転や間隔問題もなく、定時性・省エネ面でも妥当と判断した。
441,Train11,巡航フェーズ（駅間走行中）,力行（加速）中,4.0,ブレーキ（減速）,35.0,70.0,70.0,35.0,61.4,1650.0,122.0,65.03584000886715,0.0,0.0,この先制限速度なし,この先目立った勾配なし,先行列車なし,後続列車なし,0,0,,0,61.4,0,normal,1.0,巡航フェーズでrequired_speed未達のため加速は適切で、速度・信号超過なし、ノコギリ運転もなく、全項目で問題がないため最高評価とした。
442,Train11,巡航フェーズ（駅間走行中）,力行（加速）中,4.0,ブレーキ（減速）,35.0,70.0,70.0,35.0,64.6,1200.0,88.0,65.03584000886715,0.0,0.0,この先制限速度なし,この先目立った勾配なし,先行列車なし,後続列車なし,0,0,,0,64.6,0,normal,1.0,巡航フェーズで必要速度未達のため加速は適切で、速度・信号超過なし、ノコギリ運転条件も満たさず、全項目がOKのためrewardを1.0とした。
443,Train11,巡航フェーズ（駅間走行中）,力行（加速）中,4.0,ブレーキ（減速）,35.0,70.0,70.0,35.0,70.0,900.0,65.0,65.03584000886715,0.0,0.0,この先制限速度なし,この先目立った勾配なし,先行列車なし,後続列車なし,0,0,,0,70.0,0,normal,1.0,巡航フェーズでrequired_speed未達のため加速は適切で、速度・CBTC違反なくノコギリ運転もなく評価は最高点とした。
444,Train11,巡航フェーズ（駅間走行中）,力行（加速）中,10.0,ブレーキ（減速）,35.0,70.0,70.0,35.0,61.4,1650.0,122.0,65.03584000886715,0.0,0.0,この先制限速度なし,この先目立った勾配なし,先行列車なし,後続列車なし,0,0,,0,61.4,0,normal,0.9,巡航フェーズでrequired_speed未達のため加速は適切で、速度制限・CBTC違反もなく、ノコギリ運転もなし。
445,Train11,巡航フェーズ（駅間走行中）,力行（加速）中,10.0,ブレーキ（減速）,35.0,70.0,70.0,35.0,64.6,1200.0,88.0,65.03584000886715,0.0,0.0,この先制限速度なし,この先目立った勾配なし,先行列車なし,後続列車なし,0,0,,0,64.6,0,normal,1.0,巡航フェーズで必要速度未達のため加速は適切で、速度・CBTC制限を守りノコギリ運転もなく、評価対象外項目を除き全て問題なしと判断した。
446,Train11,巡航フェーズ（駅間走行中）,力行（加速）中,10.0,ブレーキ（減速）,35.0,70.0,70.0,35.0,70.0,900.0,65.0,65.03584000886715,0.0,0.0,この先制限速度なし,この先目立った勾配なし,先行列車なし,後続列車なし,0,0,,0,70.0,0,normal,1.0,巡航フェーズでrequired_speed未達のため加速は適切で、速度・信号超過なし、ノコギリ運転でもなく、全項目で問題なしと判断した。
447,Train11,巡航フェーズ（駅間走行中）,力行（加速）中,20.0,ブレーキ（減速）,35.0,70.0,70.0,35.0,61.4,1650.0,122.0,65.03584000886715,0.0,0.0,この先制限速度なし,この先目立った勾配なし,先行列車なし,後続列車なし,0,0,,0,61.4,0,normal,1.0,巡航フェーズでrequired_speed未達だが、必要な加速を行い速度・信号・制限をすべて遵守しているため最高評価とした。
448,Train11,巡航フェーズ（駅間走行中）,力行（加速）中,20.0,ブレーキ（減速）,35.0,70.0,70.0,35.0,64.6,1200.0,88.0,65.03584000886715,0.0,0.0,この先制限速度なし,この先目立った勾配なし,先行列車なし,後続列車なし,0,0,,0,64.6,0,normal,0.2,巡航フェーズで必要速度64.6km/hに対し35km/hと大幅に不足し、遅延拡大とエネルギー無駄が生じるため低評価とした。
449,Train11,巡航フェーズ（駅間走行中）,力行（加速）中,20.0,ブレーキ（減速）,35.0,70.0,70.0,35.0,70.0,900.0,65.0,65.03584000886715,0.0,0.0,この先制限速度なし,この先目立った勾配なし,先行列車なし,後続列車なし,0,0,,0,70.0,0,normal,1.0,巡航フェーズでrequired_speed未達のため加速が必要であり、現在の力行は制限速度・CBTCを遵守し、ノコギリ運転もなく、エネルギー面でも不要な加速ではないため高評価とした。
450,Train11,巡航フェーズ（駅間走行中）,力行（加速）中,1.0,ブレーキ（減速）,35.0,70.0,70.0,40.0,61.0,1650.0,122.0,84.72790268989202,0.0,0.0,この先制限速度なし,この先目立った勾配なし,先行列車なし,後続列車なし,0,0,,0,61.0,0,normal,1.0,巡航フェーズでrequired_speed未達のため加速は適切で、速度・CBTC制限を遵守し、ノコギリ運転もなく最高評価とした。
451,Train11,巡航フェーズ（駅間走行中）,力行（加速）中,1.0,ブレーキ（減速）,35.0,70.0,70.0,40.0,62.7,1200.0,88.0,84.72790268989202,0.0,0.0,この先制限速度なし,この先目立った勾配なし,先行列車なし,後続列車なし,0,0,,0,62.7,0,normal,0.9,巡航フェーズでrequired_speed未達のため加速は適切で、速度・信号超過なし、ノコギリ運転もなく高評価とした。
452,Train11,巡航フェーズ（駅間走行中）,力行（加速）中,1.0,ブレーキ（減速）,35.0,70.0,70.0,40.0,70.0,900.0,65.0,84.72790268989202,0.0,0.0,この先制限速度なし,この先目立った勾配なし,先行列車なし,後続列車なし,0,0,,0,70.0,0,normal,1.0,巡航フェーズでrequired_speed未達のため加速は適切、速度・信号超過なし、ノコギリ運転もなく全項目が基準を満たす。
453,Train11,巡航フェーズ（駅間走行中）,力行（加速）中,2.0,ブレーキ（減速）,35.0,70.0,70.0,40.0,61.0,1650.0,122.0,84.72790268989202,0.0,0.0,この先制限速度なし,この先目立った勾配なし,先行列車なし,後続列車なし,0,0,,0,61.0,0,normal,1.0,巡航フェーズでrequired_speed未達のため加速は適切で、速度・信号・制限を遵守し、ノコギリ運転や間隔問題もなく評価は高い。
454,Train11,巡航フェーズ（駅間走行中）,力行（加速）中,2.0,ブレーキ（減速）,35.0,70.0,70.0,40.0,62.7,1200.0,88.0,84.72790268989202,0.0,0.0,この先制限速度なし,この先目立った勾配なし,先行列車なし,後続列車なし,0,0,,0,62.7,0,normal,1.0,巡航フェーズでrequired_speed未達のため加速は適切で、速度・信号超過なし、ノコギリ運転もなく評価は最高とした。
455,Train11,巡航フェーズ（駅間走行中）,力行（加速）中,2.0,ブレーキ（減速）,35.0,70.0,70.0,40.0,70.0,900.0,65.0,84.72790268989202,0.0,0.0,この先制限速度なし,この先目立った勾配なし,先行列車なし,後続列車なし,0,0,,0,70.0,0,normal,1.0,巡航フェーズでrequired_speed未達のため加速は適切で、速度・信号超過なし、ノコギリ運転もなく、全体として安全かつ定時運行に寄与している。
456,Train11,巡航フェーズ（駅間走行中）,力行（加速）中,4.0,ブレーキ（減速）,35.0,70.0,70.0,40.0,61.0,1650.0,122.0,84.72790268989202,0.0,0.0,この先制限速度なし,この先目立った勾配なし,先行列車なし,後続列車なし,0,0,,0,61.0,0,normal,1.0,巡航フェーズでrequired_speed未達のため加速は必要であり、速度・信号制限を超えておらずノコギリ運転でもなく、全項目で適切と判断した。
457,Train11,巡航フェーズ（駅間走行中）,力行（加速）中,4.0,ブレーキ（減速）,35.0,70.0,70.0,40.0,62.7,1200.0,88.0,84.72790268989202,0.0,0.0,この先制限速度なし,この先目立った勾配なし,先行列車なし,後続列車なし,0,0,,0,62.7,0,normal,1.0,巡航フェーズでrequired_speed未達のため加速は適切で、速度・信号制限を遵守し、ノコギリ運転もなく、他に問題はないため最高評価とした。
458,Train11,巡航フェーズ（駅間走行中）,力行（加速）中,4.0,ブレーキ（減速）,35.0,70.0,70.0,40.0,70.0,900.0,65.0,84.72790268989202,0.0,0.0,この先制限速度なし,この先目立った勾配なし,先行列車なし,後続列車なし,0,0,,0,70.0,0,normal,1.0,巡航フェーズでrequired_speed未達のため加速は適切で、速度・信号制限遵守、過剰加速やノコギリ運転なしと判断し高評価。
459,Train11,巡航フェーズ（駅間走行中）,力行（加速）中,10.0,ブレーキ（減速）,35.0,70.0,70.0,40.0,61.0,1650.0,122.0,84.72790268989202,0.0,0.0,この先制限速度なし,この先目立った勾配なし,先行列車なし,後続列車なし,0,0,,0,61.0,0,normal,1.0,巡航フェーズでrequired_speed未達のため加速は適切で、速度・信号・制限を遵守し、ノコギリ運転や不要な力行もなく評価は最高とした。
460,Train11,巡航フェーズ（駅間走行中）,力行（加速）中,10.0,ブレーキ（減速）,35.0,70.0,70.0,40.0,62.7,1200.0,88.0,84.72790268989202,0.0,0.0,この先制限速度なし,この先目立った勾配なし,先行列車なし,後続列車なし,0,0,,0,62.7,0,normal,0.1,巡航フェーズで必要速度62.7km/hに対し現在速度40km/hと大きく遅れ、遅延リスクが高いためrewardを0.1とした。
461,Train11,巡航フェーズ（駅間走行中）,力行（加速）中,10.0,ブレーキ（減速）,35.0,70.0,70.0,40.0,70.0,900.0,65.0,84.72790268989202,0.0,0.0,この先制限速度なし,この先目立った勾配なし,先行列車なし,後続列車なし,0,0,,0,70.0,0,normal,1.0,巡航フェーズでrequired_speed未達のため加速は適切で、速度制限・CBTC遵守、ノコギリ運転なし、他項目に問題なし。
462,Train11,巡航フェーズ（駅間走行中）,力行（加速）中,20.0,ブレーキ（減速）,35.0,70.0,70.0,40.0,61.0,1650.0,122.0,84.72790268989202,0.0,0.0,この先制限速度なし,この先目立った勾配なし,先行列車なし,後続列車なし,0,0,,0,61.0,0,normal,1.0,巡航フェーズでrequired_speed(61km/h)未達のため加速は妥当、速度・信号・制限をすべて遵守している。
463,Train11,巡航フェーズ（駅間走行中）,力行（加速）中,20.0,ブレーキ（減速）,35.0,70.0,70.0,40.0,62.7,1200.0,88.0,84.72790268989202,0.0,0.0,この先制限速度なし,この先目立った勾配なし,先行列車なし,後続列車なし,0,0,,0,62.7,0,normal,1.0,巡航フェーズでrequired_speed未達だが加速中であり、速度・信号制限を守り不要な力行がないため高評価とした。
464,Train11,巡航フェーズ（駅間走行中）,力行（加速）中,20.0,ブレーキ（減速）,35.0,70.0,70.0,40.0,70.0,900.0,65.0,84.72790268989202,0.0,0.0,この先制限速度なし,この先目立った勾配なし,先行列車なし,後続列車なし,0,0,,0,70.0,0,normal,1.0,巡航フェーズでrequired_speed未達のため加速は適切で、制限・CBTC遵守、ノコギリ運転なし、余分な力行もなく評価は最高点とした。
465,Train11,巡航フェーズ（駅間走行中）,力行（加速）中,1.0,ブレーキ（減速）,35.0,70.0,70.0,45.0,60.7,1650.0,122.0,106.93896624430757,0.0,0.0,この先制限速度なし,この先目立った勾配なし,先行列車なし,後続列車なし,0,0,,0,60.7,0,normal,0.9,巡航フェーズでrequired_speed未達のため加速は適切だが、ノッチ保持が短く省エネ性に若干減点。
466,Train11,巡航フェーズ（駅間走行中）,力行（加速）中,1.0,ブレーキ（減速）,35.0,70.0,70.0,45.0,60.0,1200.0,88.0,106.93896624430757,0.0,0.0,この先制限速度なし,この先目立った勾配なし,先行列車なし,後続列車なし,0,0,,0,60.0,0,normal,1.0,巡航フェーズでrequired_speed未達のため加速が適切で、速度・信号超過なし、ノコギリ運転や省エネ上の問題もなく最高評価とした。
467,Train11,巡航フェーズ（駅間走行中）,力行（加速）中,1.0,ブレーキ（減速）,35.0,70.0,70.0,45.0,66.8,900.0,65.0,106.93896624430757,0.0,0.0,この先制限速度なし,この先目立った勾配なし,先行列車なし,後続列車なし,0,0,,0,66.8,0,normal,1.0,巡航フェーズでrequired_speed(66.8km/h)に未達のため加速は必要であり、速度・CBTC制限を守っているため高評価とした。
468,Train11,巡航フェーズ（駅間走行中）,力行（加速）中,2.0,ブレーキ（減速）,35.0,70.0,70.0,45.0,60.7,1650.0,122.0,106.93896624430757,0.0,0.0,この先制限速度なし,この先目立った勾配なし,先行列車なし,後続列車なし,0,0,,0,60.7,0,normal,1.0,巡航フェーズでrequired_speed未達のため加速は適切で、速度・信号超過なし、ノコギリ運転条件も満たさず、全項目で問題なしと判断した。
469,Train11,巡航フェーズ（駅間走行中）,力行（加速）中,2.0,ブレーキ（減速）,35.0,70.0,70.0,45.0,60.0,1200.0,88.0,106.93896624430757,0.0,0.0,この先制限速度なし,この先目立った勾配なし,先行列車なし,後続列車なし,0,0,,0,60.0,0,normal,1.0,巡航フェーズでrequired_speed未達のため加速は適切で、速度・信号・制限をすべて遵守し、ノコギリ運転もなく最高評価とした。
470,Train11,巡航フェーズ（駅間走行中）,力行（加速）中,2.0,ブレーキ（減速）,35.0,70.0,70.0,45.0,66.8,900.0,65.0,106.93896624430757,0.0,0.0,この先制限速度なし,この先目立った勾配なし,先行列車なし,後続列車なし,0,0,,0,66.8,0,normal,1.0,巡航フェーズでrequired_speed未達のため加速が必要であり、速度・信号・安全基準をすべて遵守しているため最高評価とした。
471,Train11,巡航フェーズ（駅間走行中）,力行（加速）中,4.0,ブレーキ（減速）,35.0,70.0,70.0,45.0,60.7,1650.0,122.0,106.93896624430757,0.0,0.0,この先制限速度なし,この先目立った勾配なし,先行列車なし,後続列車なし,0,0,,0,60.7,0,normal,1.0,巡航フェーズでrequired_speed未達のため加速は適切で、速度・信号制限を遵守し、ノコギリ運転や列車間隔の問題もなく高評価とした。
472,Train11,巡航フェーズ（駅間走行中）,力行（加速）中,4.0,ブレーキ（減速）,35.0,70.0,70.0,45.0,60.0,1200.0,88.0,106.93896624430757,0.0,0.0,この先制限速度なし,この先目立った勾配なし,先行列車なし,後続列車なし,0,0,,0,60.0,0,normal,1.0,巡航フェーズでrequired_speed未達のため加速が適切で、速度・信号制限を遵守し、ノコギリ運転や間隔問題もなく全項目で問題なし。
473,Train11,巡航フェーズ（駅間走行中）,力行（加速）中,4.0,ブレーキ（減速）,35.0,70.0,70.0,45.0,66.8,900.0,65.0,106.93896624430757,0.0,0.0,この先制限速度なし,この先目立った勾配なし,先行列車なし,後続列車なし,0,0,,0,66.8,0,normal,0.9,巡航フェーズでrequired_speed未達のため加速は適切で、速度・信号制限を遵守し、ノコギリ運転条件も満たさず、遅延なしで高評価とした。
474,Train11,巡航フェーズ（駅間走行中）,力行（加速）中,10.0,ブレーキ（減速）,35.0,70.0,70.0,45.0,60.7,1650.0,122.0,106.93896624430757,0.0,0.0,この先制限速度なし,この先目立った勾配なし,先行列車なし,後続列車なし,0,0,,0,60.7,0,normal,1.0,巡航フェーズでrequired_speed未達のため加速が適切で、制限速度・CBTC遵守、ノコギリ運転なし、他列車なしで評価が高く1.0とした。
475,Train11,巡航フェーズ（駅間走行中）,力行（加速）中,10.0,ブレーキ（減速）,35.0,70.0,70.0,45.0,60.0,1200.0,88.0,106.93896624430757,0.0,0.0,この先制限速度なし,この先目立った勾配なし,先行列車なし,後続列車なし,0,0,,0,60.0,0,normal,1.0,巡航フェーズでrequired_speed未達のため加速は適切で、速度・信号制限を遵守し、ノコギリ運転や間隔問題もなく評価が高い。
476,Train11,巡航フェーズ（駅間走行中）,力行（加速）中,10.0,ブレーキ（減速）,35.0,70.0,70.0,45.0,66.8,900.0,65.0,106.93896624430757,0.0,0.0,この先制限速度なし,この先目立った勾配なし,先行列車なし,後続列車なし,0,0,,0,66.8,0,normal,0.2,巡航フェーズでrequired_speed 66.8km/hに対し45km/hと大幅に遅く、低速の力行が続くため遅延とエネルギー効率が著しく低下し、rewardは0.2とした。
477,Train11,巡航フェーズ（駅間走行中）,力行（加速）中,20.0,ブレーキ（減速）,35.0,70.0,70.0,45.0,60.7,1650.0,122.0,106.93896624430757,0.0,0.0,この先制限速度なし,この先目立った勾配なし,先行列車なし,後続列車なし,0,0,,0,60.7,0,normal,1.0,巡航フェーズでrequired_speed未達のため加速が適切であり、速度・信号・制限を遵守、ノコギリ運転もなく全項目で問題なしと判断した。
478,Train11,巡航フェーズ（駅間走行中）,力行（加速）中,20.0,ブレーキ（減速）,35.0,70.0,70.0,45.0,60.0,1200.0,88.0,106.93896624430757,0.0,0.0,この先制限速度なし,この先目立った勾配なし,先行列車なし,後続列車なし,0,0,,0,60.0,0,normal,1.0,巡航フェーズでrequired_speed未達のため加速は適切で、速度・信号制限を守り安全上の問題がなく高評価とした。
479,Train11,巡航フェーズ（駅間走行中）,力行（加速）中,20.0,ブレーキ（減速）,35.0,70.0,70.0,45.0,66.8,900.0,65.0,106.93896624430757,0.0,0.0,この先制限速度なし,この先目立った勾配なし,先行列車なし,後続列車なし,0,0,,0,66.8,0,normal,1.0,巡航フェーズでrequired_speed未達のため加速は必要で、速度・CBTC制限を守り、ノコギリ運転や間隔問題もなく、定時性と省エネ性に支障がないため最高評価とした。
480,Train11,巡航フェーズ（駅間走行中）,力行（加速）中,1.0,ブレーキ（減速）,35.0,70.0,70.0,50.0,60.8,1650.0,122.0,131.6349551522256,0.0,0.0,この先制限速度なし,この先目立った勾配なし,先行列車なし,後続列車なし,0,0,,0,60.8,0,normal,1.0,巡航フェーズでrequired_speed未達のため加速は適切で、速度制限・CBTC信号を遵守し、ノコギリ運転や間隔問題もなく、エネルギー無駄もないため最高評価とした。
481,Train11,巡航フェーズ（駅間走行中）,力行（加速）中,1.0,ブレーキ（減速）,35.0,70.0,70.0,50.0,60.5,1200.0,88.0,131.6349551522256,0.0,0.0,この先制限速度なし,この先目立った勾配なし,先行列車なし,後続列車なし,0,0,,0,60.5,0,normal,1.0,巡航フェーズでrequired_speed未達のため加速が適切で、速度・信号・制限を遵守し、ノコギリ運転や間隔問題もなく高評価とした。
482,Train11,巡航フェーズ（駅間走行中）,力行（加速）中,1.0,ブレーキ（減速）,35.0,70.0,70.0,50.0,65.3,900.0,65.0,131.6349551522256,0.0,0.0,この先制限速度なし,この先目立った勾配なし,先行列車なし,後続列車なし,0,0,,0,65.3,0,normal,1.0,巡航フェーズでrequired_speed未達のため加速は適切、速度・信号・制限遵守、ノコギリ運転なしで最高評価。
483,Train11,巡航フェーズ（駅間走行中）,力行（加速）中,2.0,ブレーキ（減速）,35.0,70.0,70.0,50.0,60.8,1650.0,122.0,131.6349551522256,0.0,0.0,この先制限速度なし,この先目立った勾配なし,先行列車なし,後続列車なし,0,0,,0,60.8,0,normal,1.0,巡航フェーズでrequired_speed未達のため加速は適切で、速度・CBTC制限を遵守し、ノコギリ運転や間隔問題もなく省エネ上の過剰加速もない。
484,Train11,巡航フェーズ（駅間走行中）,力行（加速）中,2.0,ブレーキ（減速）,35.0,70.0,70.0,50.0,60.5,1200.0,88.0,131.6349551522256,0.0,0.0,この先制限速度なし,この先目立った勾配なし,先行列車なし,後続列車なし,0,0,,0,60.5,0,normal,0.9,巡航フェーズでrequired_speed(60.5km/h)未達のため加速は適切で、速度・CBTC制限を守り、ノコギリ運転条件も満たさないため高評価とした。
485,Train11,巡航フェーズ（駅間走行中）,力行（加速）中,2.0,ブレーキ（減速）,35.0,70.0,70.0,50.0,65.3,900.0,65.0,131.6349551522256,0.0,0.0,この先制限速度なし,この先目立った勾配なし,先行列車なし,後続列車なし,0,0,,0,65.3,0,normal,1.0,巡航フェーズでrequired_speed未達のため加速は必要かつ適切で、速度制限・CBTC遵守、ノコギリ運転なしと評価し最高点とした。
486,Train11,巡航フェーズ（駅間走行中）,力行（加速）中,4.0,ブレーキ（減速）,35.0,70.0,70.0,50.0,60.8,1650.0,122.0,131.6349551522256,0.0,0.0,この先制限速度なし,この先目立った勾配なし,先行列車なし,後続列車なし,0,0,,0,60.8,0,normal,1.0,巡航フェーズでrequired_speed未達のため加速は適切で、速度・信号・制限をすべて遵守し、ノコギリ運転もなく高評価とした。
487,Train11,巡航フェーズ（駅間走行中）,力行（加速）中,4.0,ブレーキ（減速）,35.0,70.0,70.0,50.0,60.5,1200.0,88.0,131.6349551522256,0.0,0.0,この先制限速度なし,この先目立った勾配なし,先行列車なし,後続列車なし,0,0,,0,60.5,0,normal,1.0,巡航フェーズでrequired_speed未達のため加速は適切で、速度・信号制限を遵守し、ノコギリ運転もなく、他列車もなし。全項目で問題なし。
488,Train11,巡航フェーズ（駅間走行中）,力行（加速）中,4.0,ブレーキ（減速）,35.0,70.0,70.0,50.0,65.3,900.0,65.0,131.6349551522256,0.0,0.0,この先制限速度なし,この先目立った勾配なし,先行列車なし,後続列車なし,0,0,,0,65.3,0,normal,1.0,巡航フェーズで速度がrequired_speed未満のため加速は適切で、制限速度・CBTC遵守、ノコギリ運転なしと評価し最高点とした。
489,Train11,巡航フェーズ（駅間走行中）,力行（加速）中,10.0,ブレーキ（減速）,35.0,70.0,70.0,50.0,60.8,1650.0,122.0,131.6349551522256,0.0,0.0,この先制限速度なし,この先目立った勾配なし,先行列車なし,後続列車なし,0,0,,0,60.8,0,normal,1.0,上位項目すべてで違反なし、巡航フェーズでrequired_speed未達のため加速は適切であり、ノコギリ運転や過剰加速もないためreward=1.0とした。
490,Train11,巡航フェーズ（駅間走行中）,力行（加速）中,10.0,ブレーキ（減速）,35.0,70.0,70.0,50.0,60.5,1200.0,88.0,131.6349551522256,0.0,0.0,この先制限速度なし,この先目立った勾配なし,先行列車なし,後続列車なし,0,0,,0,60.5,0,normal,1.0,巡航フェーズでrequired_speed未達のため加速は適切で、制限速度・CBTC遵守、ノコギリ運転なしと評価し最高点とした。
491,Train11,巡航フェーズ（駅間走行中）,力行（加速）中,10.0,ブレーキ（減速）,35.0,70.0,70.0,50.0,65.3,900.0,65.0,131.6349551522256,0.0,0.0,この先制限速度なし,この先目立った勾配なし,先行列車なし,後続列車なし,0,0,,0,65.3,0,normal,1.0,巡航フェーズでrequired_speedに未達のため加速は適切で、速度・信号違反もなくノコギリ運転もないため最高評価とした。
492,Train11,巡航フェーズ（駅間走行中）,力行（加速）中,20.0,ブレーキ（減速）,35.0,70.0,70.0,50.0,60.8,1650.0,122.0,131.6349551522256,0.0,0.0,この先制限速度なし,この先目立った勾配なし,先行列車なし,後続列車なし,0,0,,0,60.8,0,normal,1.0,巡航フェーズでrequired_speed未達のため加速は適切で、速度制限・CBTC遵守、ノコギリ運転なし、不要な力行もなく高評価とした。
493,Train11,巡航フェーズ（駅間走行中）,力行（加速）中,20.0,ブレーキ（減速）,35.0,70.0,70.0,50.0,60.5,1200.0,88.0,131.6349551522256,0.0,0.0,この先制限速度なし,この先目立った勾配なし,先行列車なし,後続列車なし,0,0,,0,60.5,0,normal,1.0,巡航フェーズでrequired_speed未達のため加速が適切で、速度制限・CBTC遵守、ノコギリ運転なし、間隔問題なし、定時性・省エネ上問題なしと判断し最高評価とした。
494,Train11,巡航フェーズ（駅間走行中）,力行（加速）中,20.0,ブレーキ（減速）,35.0,70.0,70.0,50.0,65.3,900.0,65.0,131.6349551522256,0.0,0.0,この先制限速度なし,この先目立った勾配なし,先行列車なし,後続列車なし,0,0,,0,65.3,0,normal,1.0,巡航フェーズでrequired_speed未達のため加速は適切で、速度・信号・制限を遵守し、ノコギリ運転や無駄な加速もなく評価は最高。
495,Train11,巡航フェーズ（駅間走行中）,力行（加速）中,2.0,ブレーキ（減速）,20.0,70.0,70.0,5.0,70.0,1400.0,0.0,1.3420645674902167,25.0,0.0,この先制限速度なし,この先目立った勾配なし,先行列車なし,後続列車なし,0,0,,0,70.0,0,normal,1.0,巡航フェーズでrequired_speed未達のため加速は適切で、速度・信号・制限を遵守しノコギリ運転もなく評価は高い。
496,Train11,巡航フェーズ（駅間走行中）,力行（加速）中,2.0,ブレーキ（減速）,20.0,70.0,70.0,5.0,70.0,1000.0,0.0,1.3420645674902167,25.0,0.0,この先制限速度なし,この先目立った勾配なし,先行列車なし,後続列車なし,0,0,,0,70.0,0,normal,1.0,巡航フェーズでrequired_speed未達のため加速は適切、速度・CBTC制限遵守、ノコギリ運転なしと評価し最高点とした。
497,Train11,巡航フェーズ（駅間走行中）,力行（加速）中,8.0,ブレーキ（減速）,20.0,70.0,70.0,5.0,70.0,1400.0,0.0,1.3420645674902167,25.0,0.0,この先制限速度なし,この先目立った勾配なし,先行列車なし,後続列車なし,0,0,,0,70.0,0,normal,0.2,遅延が25秒あり、巡航フェーズで必要速度70km/hに対し5km/hの低速のまま加速しているため定時性と省エネ性が著しく低く評価し、低評価とした。
498,Train11,巡航フェーズ（駅間走行中）,力行（加速）中,8.0,ブレーキ（減速）,20.0,70.0,70.0,5.0,70.0,1000.0,0.0,1.3420645674902167,25.0,0.0,この先制限速度なし,この先目立った勾配なし,先行列車なし,後続列車なし,0,0,,0,70.0,0,normal,0.1,巡航フェーズで必要速度70km/hに対し5km/hと大幅に遅れ、遅延拡大と省エネ欠如が顕著なため低評価とした。
499,Train11,巡航フェーズ（駅間走行中）,力行（加速）中,2.0,ブレーキ（減速）,20.0,70.0,70.0,15.0,70.0,1400.0,0.0,12.043897473726263,25.0,0.0,この先制限速度なし,この先目立った勾配なし,先行列車なし,後続列車なし,0,0,,0,70.0,0,normal,1.0,巡航フェーズでrequired_speed未達のため加速は適切で、速度制限・CBTC遵守、ノコギリ運転なし、間隔問題もなく評価は最高とした。
500,Train11,巡航フェーズ（駅間走行中）,力行（加速）中,2.0,ブレーキ（減速）,20.0,70.0,70.0,15.0,70.0,1000.0,0.0,12.043897473726263,25.0,0.0,この先制限速度なし,この先目立った勾配なし,先行列車なし,後続列車なし,0,0,,0,70.0,0,normal,1.0,巡航フェーズでrequired_speed未達のため加速は適切で、速度・CBTC制限を遵守し、ノコギリ運転もなく、他項目に問題なし。
501,Train11,巡航フェーズ（駅間走行中）,力行（加速）中,8.0,ブレーキ（減速）,20.0,70.0,70.0,15.0,70.0,1400.0,0.0,12.043897473726263,25.0,0.0,この先制限速度なし,この先目立った勾配なし,先行列車なし,後続列車なし,0,0,,0,70.0,0,normal,1.0,巡航フェーズでrequired_speed未達のため加速は適切で、速度制限・CBTC遵守、ノコギリ運転なし、他の違反もなく高評価とした。
502,Train11,巡航フェーズ（駅間走行中）,力行（加速）中,8.0,ブレーキ（減速）,20.0,70.0,70.0,15.0,70.0,1000.0,0.0,12.043897473726263,25.0,0.0,この先制限速度なし,この先目立った勾配なし,先行列車なし,後続列車なし,0,0,,0,70.0,0,normal,1.0,巡航フェーズで必要速度未達だが加速中であり、速度制限・CBTC遵守、ノコギリ運転なし、遅延はあるが適切な加速であるため高評価。
503,Train11,巡航フェーズ（駅間走行中）,力行（加速）中,2.0,ブレーキ（減速）,20.0,70.0,70.0,25.0,70.0,1400.0,0.0,33.33166419349847,25.0,0.0,この先制限速度なし,この先目立った勾配なし,先行列車なし,後続列車なし,0,0,,0,70.0,0,normal,1.0,巡航フェーズでrequired_speed未達のため加速は適切で、速度・信号制限を遵守し、ノコギリ運転や過剰加速もなく評価は最高。
504,Train11,巡航フェーズ（駅間走行中）,力行（加速）中,2.0,ブレーキ（減速）,20.0,70.0,70.0,25.0,70.0,1000.0,0.0,33.33166419349847,25.0,0.0,この先制限速度なし,この先目立った勾配なし,先行列車なし,後続列車なし,0,0,,0,70.0,0,normal,1.0,巡航フェーズでrequired_speed未達のため加速は適切で、速度・信号・制限を遵守しノコギリ運転でもないため最高評価。
505,Train11,巡航フェーズ（駅間走行中）,力行（加速）中,8.0,ブレーキ（減速）,20.0,70.0,70.0,25.0,70.0,1400.0,0.0,33.33166419349847,25.0,0.0,この先制限速度なし,この先目立った勾配なし,先行列車なし,後続列車なし,0,0,,0,70.0,0,normal,0.9,巡航フェーズでrequired_speed未達だが、速度・信号制限を守り加速が必要であり、ノコギリ運転もなく適切な力行と判断した。
506,Train11,巡航フェーズ（駅間走行中）,力行（加速）中,8.0,ブレーキ（減速）,20.0,70.0,70.0,25.0,70.0,1000.0,0.0,33.33166419349847,25.0,0.0,この先制限速度なし,この先目立った勾配なし,先行列車なし,後続列車なし,0,0,,0,70.0,0,normal,1.0,制限速度・CBTC遵守かつ巡航フェーズで必要速度未達のため加速は適切で、ノコギリ運転等の問題もなく評価は最高とした。
507,Train11,巡航フェーズ（駅間走行中）,力行（加速）中,2.0,ブレーキ（減速）,20.0,70.0,70.0,35.0,70.0,1400.0,0.0,65.03584000886715,25.0,0.0,この先制限速度なし,この先目立った勾配なし,先行列車なし,後続列車なし,0,0,,0,70.0,0,normal,0.9,巡航フェーズでrequired_speed未達のため加速は必要かつ適切で、制限速度・CBTCを遵守し、ノコギリ運転や間隔問題もなく評価対象外項目以外に問題なし。
508,Train11,巡航フェーズ（駅間走行中）,力行（加速）中,2.0,ブレーキ（減速）,20.0,70.0,70.0,35.0,70.0,1000.0,0.0,65.03584000886715,25.0,0.0,この先制限速度なし,この先目立った勾配なし,先行列車なし,後続列車なし,0,0,,0,70.0,0,normal,0.2,巡航フェーズでrequired_speed 70km/hに対し35km/hと大幅に遅く、先行列車なしで遅延拡大と判断し0.2とした。
509,Train11,巡航フェーズ（駅間走行中）,力行（加速）中,8.0,ブレーキ（減速）,20.0,70.0,70.0,35.0,70.0,1400.0,0.0,65.03584000886715,25.0,0.0,この先制限速度なし,この先目立った勾配なし,先行列車なし,後続列車なし,0,0,,0,70.0,0,normal,1.0,巡航フェーズでrequired_speed未達のため加速は適切で、速度・CBTC制限を遵守し、ノコギリ運転もなく遅延回復に寄与するため高評価とした。
510,Train11,巡航フェーズ（駅間走行中）,力行（加速）中,8.0,ブレーキ（減速）,20.0,70.0,70.0,35.0,70.0,1000.0,0.0,65.03584000886715,25.0,0.0,この先制限速度なし,この先目立った勾配なし,先行列車なし,後続列車なし,0,0,,0,70.0,0,normal,1.0,巡航フェーズでrequired_speed未達のため加速は適切で、制限速度・CBTC遵守、ノコギリ運転なしと評価し高評価とした。
511,Train11,巡航フェーズ（駅間走行中）,力行（加速）中,2.0,ブレーキ（減速）,20.0,70.0,70.0,45.0,70.0,1400.0,0.0,106.93896624430757,25.0,0.0,この先制限速度なし,この先目立った勾配なし,先行列車なし,後続列車なし,0,0,,0,70.0,0,normal,1.0,巡航フェーズでrequired_speed未達のため加速は適切で、速度制限・CBTC遵守、ノコギリ運転なし、遅延解消に寄与し評価は高い。
512,Train11,巡航フェーズ（駅間走行中）,力行（加速）中,2.0,ブレーキ（減速）,20.0,70.0,70.0,45.0,70.0,1000.0,0.0,106.93896624430757,25.0,0.0,この先制限速度なし,この先目立った勾配なし,先行列車なし,後続列車なし,0,0,,0,70.0,0,normal,1.0,巡航フェーズでrequired_speed未達のため加速は適切、速度・信号制限遵守、ノコギリ運転なしで評価項目に問題なし。
513,Train11,巡航フェーズ（駅間走行中）,力行（加速）中,8.0,ブレーキ（減速）,20.0,70.0,70.0,45.0,70.0,1400.0,0.0,106.93896624430757,25.0,0.0,この先制限速度なし,この先目立った勾配なし,先行列車なし,後続列車なし,0,0,,0,70.0,0,normal,1.0,巡航フェーズでrequired_speed未達のため加速は適切で、速度・信号超過なし、ノコギリ運転もなく、遅延解消に寄与するため最高評価とした。
514,Train11,巡航フェーズ（駅間走行中）,力行（加速）中,8.0,ブレーキ（減速）,20.0,70.0,70.0,45.0,70.0,1000.0,0.0,106.93896624430757,25.0,0.0,この先制限速度なし,この先目立った勾配なし,先行列車なし,後続列車なし,0,0,,0,70.0,0,normal,1.0,巡航フェーズでrequired_speed未達のため加速は適切で、速度・信号超過なし、ノコギリ運転もなく評価は最高点とした。
515,Train11,巡航フェーズ（駅間走行中）,力行（加速）中,2.0,ブレーキ（減速）,35.0,70.0,70.0,5.0,70.0,1400.0,0.0,1.3420645674902167,25.0,0.0,この先制限速度なし,この先目立った勾配なし,先行列車なし,後続列車なし,0,0,,0,70.0,0,normal,0.2,巡航フェーズでrequired_speed 70km/hに対し現在5km/hのまま2秒だけ力行しており、遅延を拡大させるちんたら運転と判断したため低評価。
516,Train11,巡航フェーズ（駅間走行中）,力行（加速）中,2.0,ブレーキ（減速）,35.0,70.0,70.0,5.0,70.0,1000.0,0.0,1.3420645674902167,25.0,0.0,この先制限速度なし,この先目立った勾配なし,先行列車なし,後続列車なし,0,0,,0,70.0,0,normal,0.1,巡航フェーズでrequired_speed(70km/h)に対し5km/hの低速走行が続き、遅延が拡大するちんたら運転と判断した。
517,Train11,巡航フェーズ（駅間走行中）,力行（加速）中,8.0,ブレーキ（減速）,35.0,70.0,70.0,5.0,70.0,1400.0,0.0,1.3420645674902167,25.0,0.0,この先制限速度なし,この先目立った勾配なし,先行列車なし,後続列車なし,0,0,,0,70.0,0,normal,1.0,巡航フェーズでrequired_speed未達のため加速は適切で、速度・信号超過なし、ノコギリ運転もなく遅延解消に寄与するため最高評価とした。
518,Train11,巡航フェーズ（駅間走行中）,力行（加速）中,8.0,ブレーキ（減速）,35.0,70.0,70.0,5.0,70.0,1000.0,0.0,1.3420645674902167,25.0,0.0,この先制限速度なし,この先目立った勾配なし,先行列車なし,後続列車なし,0,0,,0,70.0,0,normal,1.0,巡航フェーズで必要速度未達のため加速は適切で、速度・信号超過なし、ノコギリ運転でもなく評価は高く1.0とした。
519,Train11,巡航フェーズ（駅間走行中）,力行（加速）中,2.0,ブレーキ（減速）,35.0,70.0,70.0,15.0,70.0,1400.0,0.0,12.043897473726263,25.0,0.0,この先制限速度なし,この先目立った勾配なし,先行列車なし,後続列車なし,0,0,,0,70.0,0,normal,0.9,巡航フェーズでrequired_speed未達だが加速が必要であり、速度制限・CBTC遵守、ノコギリ運転なしと評価し高評価とした。
520,Train11,巡航フェーズ（駅間走行中）,力行（加速）中,2.0,ブレーキ（減速）,35.0,70.0,70.0,15.0,70.0,1000.0,0.0,12.043897473726263,25.0,0.0,この先制限速度なし,この先目立った勾配なし,先行列車なし,後続列車なし,0,0,,0,70.0,0,normal,1.0,巡航フェーズでrequired_speed未達のため加速が必要であり、速度・信号制限を遵守、ノコギリ運転でもなく、全項目で問題なしと判断した。
521,Train11,巡航フェーズ（駅間走行中）,力行（加速）中,8.0,ブレーキ（減速）,35.0,70.0,70.0,15.0,70.0,1400.0,0.0,12.043897473726263,25.0,0.0,この先制限速度なし,この先目立った勾配なし,先行列車なし,後続列車なし,0,0,,0,70.0,0,normal,1.0,制限速度・CBTCを遵守し、巡航フェーズで必要速度未達のため加速は適切で、ノコギリ運転や過剰加速はなく、評価は最高の1.0とします。
522,Train11,巡航フェーズ（駅間走行中）,力行（加速）中,8.0,ブレーキ（減速）,35.0,70.0,70.0,15.0,70.0,1000.0,0.0,12.043897473726263,25.0,0.0,この先制限速度なし,この先目立った勾配なし,先行列車なし,後続列車なし,0,0,,0,70.0,0,normal,0.1,巡航フェーズでrequired_speed 70km/hに対し現在15km/hと大幅に遅れ、25秒の遅延があるため低速走行はちんたら運転とみなされ、評価を0.1とした。
523,Train11,巡航フェーズ（駅間走行中）,力行（加速）中,2.0,ブレーキ（減速）,35.0,70.0,70.0,25.0,70.0,1400.0,0.0,33.33166419349847,25.0,0.0,この先制限速度なし,この先目立った勾配なし,先行列車なし,後続列車なし,0,0,,0,70.0,0,normal,0.1,巡航フェーズでrequired_speed 70km/hに対し現在25km/hと大きく遅れ、遅延拡大のちんたら運転と判断し0.1点とした。
524,Train11,巡航フェーズ（駅間走行中）,力行（加速）中,2.0,ブレーキ（減速）,35.0,70.0,70.0,25.0,70.0,1000.0,0.0,33.33166419349847,25.0,0.0,この先制限速度なし,この先目立った勾配なし,先行列車なし,後続列車なし,0,0,,0,70.0,0,normal,0.9,巡航フェーズでrequired_speed未達のため加速は適切で、速度・信号超過やノコギリ運転はなく、全項目で問題なしと判断した。
525,Train11,巡航フェーズ（駅間走行中）,力行（加速）中,8.0,ブレーキ（減速）,35.0,70.0,70.0,25.0,70.0,1400.0,0.0,33.33166419349847,25.0,0.0,この先制限速度なし,この先目立った勾配なし,先行列車なし,後続列車なし,0,0,,0,70.0,0,normal,1.0,巡航フェーズでrequired_speed未達のため加速は適切で、速度・信号遵守、ノコギリ運転なし、間隔問題もなく省エネ面でも過剰加速ではないため最高評価とした。
526,Train11,巡航フェーズ（駅間走行中）,力行（加速）中,8.0,ブレーキ（減速）,35.0,70.0,70.0,25.0,70.0,1000.0,0.0,33.33166419349847,25.0,0.0,この先制限速度なし,この先目立った勾配なし,先行列車なし,後続列車なし,0,0,,0,70.0,0,normal,0.8,巡航フェーズでrequired_speed未達のため加速は適切であり、速度・信号超過なし、ノコギリ運転もなく遅延補填として妥当な操作と判断した。
527,Train11,巡航フェーズ（駅間走行中）,力行（加速）中,2.0,ブレーキ（減速）,35.0,70.0,70.0,35.0,70.0,1400.0,0.0,65.03584000886715,25.0,0.0,この先制限速度なし,この先目立った勾配なし,先行列車なし,後続列車なし,0,0,,0,70.0,0,normal,1.0,巡航フェーズでrequired_speed未達のため加速が必要であり、速度・信号遵守、ノコギリ運転なしと評価し最高点とした。
528,Train11,巡航フェーズ（駅間走行中）,力行（加速）中,2.0,ブレーキ（減速）,35.0,70.0,70.0,35.0,70.0,1000.0,0.0,65.03584000886715,25.0,0.0,この先制限速度なし,この先目立った勾配なし,先行列車なし,後続列車なし,0,0,,0,70.0,0,normal,0.9,巡航フェーズでrequired_speed未達だが加速中であり、制限速度・CBTC遵守、ノコギリ運転なし、列車間隔問題も無く適切と判断したため高評価。
529,Train11,巡航フェーズ（駅間走行中）,力行（加速）中,8.0,ブレーキ（減速）,35.0,70.0,70.0,35.0,70.0,1400.0,0.0,65.03584000886715,25.0,0.0,この先制限速度なし,この先目立った勾配なし,先行列車なし,後続列車なし,0,0,,0,70.0,0,normal,1.0,巡航フェーズでrequired_speed未達のため加速は適切で、速度制限・CBTC遵守、ノコギリ運転なし、他列車なしで安全かつ定時回復に寄与するため高評価とした。
530,Train11,巡航フェーズ（駅間走行中）,力行（加速）中,8.0,ブレーキ（減速）,35.0,70.0,70.0,35.0,70.0,1000.0,0.0,65.03584000886715,25.0,0.0,この先制限速度なし,この先目立った勾配なし,先行列車なし,後続列車なし,0,0,,0,70.0,0,normal,1.0,巡航フェーズでrequired_speed未達のため加速は適切で、速度・信号制限を遵守し、ノコギリ運転や間隔問題もなく、全体的に正しい操作と判断した。
531,Train11,巡航フェーズ（駅間走行中）,力行（加速）中,2.0,ブレーキ（減速）,35.0,70.0,70.0,45.0,70.0,1400.0,0.0,106.93896624430757,25.0,0.0,この先制限速度なし,この先目立った勾配なし,先行列車なし,後続列車なし,0,0,,0,70.0,0,normal,0.9,巡航フェーズでrequired_speed(70km/h)に未達のため加速は必要かつ適切で、速度・CBTC制限を遵守しノコギリ運転もなく、遅延回復のための加速であるため高評価。
532,Train11,巡航フェーズ（駅間走行中）,力行（加速）中,2.0,ブレーキ（減速）,35.0,70.0,70.0,45.0,70.0,1000.0,0.0,106.93896624430757,25.0,0.0,この先制限速度なし,この先目立った勾配なし,先行列車なし,後続列車なし,0,0,,0,70.0,0,normal,1.0,巡航フェーズでrequired_speed未達のため加速が適切で、速度・信号超過なし、ノコギリ運転でもなく、全項目で問題がないため最高評価とした。
533,Train11,巡航フェーズ（駅間走行中）,力行（加速）中,8.0,ブレーキ（減速）,35.0,70.0,70.0,45.0,70.0,1400.0,0.0,106.93896624430757,25.0,0.0,この先制限速度なし,この先目立った勾配なし,先行列車なし,後続列車なし,0,0,,0,70.0,0,normal,1.0,巡航フェーズでrequired_speed未達のため加速は適切で、速度・信号制限を遵守しノコギリ運転もなく評価は最高点とした。
534,Train11,巡航フェーズ（駅間走行中）,力行（加速）中,8.0,ブレーキ（減速）,35.0,70.0,70.0,45.0,70.0,1000.0,0.0,106.93896624430757,25.0,0.0,この先制限速度なし,この先目立った勾配なし,先行列車なし,後続列車なし,0,0,,0,70.0,0,normal,1.0,巡航フェーズでrequired_speed未達のため加速は適切で、速度・信号超過なし、ノコギリ運転もなく、全項目で問題なしと判断し最高評価とした。
