time,train_id,phase,current_notch,holding_time,prev_notch,prev_notch_duration,speed_limit,signal_speed,current_speed,required_speed,dist_to_next_station,time_to_next_station,req_stop_dist,delay,current_gradient,next_limit_info,next_gradient_info,forward_info,backward_info,forward_train_delay,forward_clear_remaining_time,forward_departed_next,standard_headway,target_speed_no_stop,forward_observed_delay,mode,reward,reason
169.5,Train11,次駅への減速フェーズ（駅手前400m以内）,惰行中,120.6,力行（加速）,49.0,70.0,32.64,24.42,70.0,79.68,10.5,28.284556051677445,0.0,9.2,この先制限速度なし,この先目立った勾配なし,前方100.3m先を17.8km/h,後続列車なし,40.0,0.0,発車済み,80.0,70.0,0.0,delay_recovery,0.2,遅延回復モードで速度が制限速度‑8km/h以下に留まり加速せず、必要速度帯外であるため評価を大幅に減点した。
169.5,Train11,次駅への減速フェーズ（駅手前400m以内）,力行（加速）中,0.1,惰行,120.6,70.0,32.64,24.42,70.0,79.68,10.5,28.284556051677445,0.0,9.2,この先制限速度なし,この先目立った勾配なし,前方100.3m先を17.8km/h,後続列車なし,40.0,0.0,発車済み,80.0,70.0,0.0,delay_recovery,0.2,遅延回復モードで速度が制限帯を大きく下回り、減速フェーズで不適切に加速しているため評価を低くした。
169.5,Train11,次駅への減速フェーズ（駅手前400m以内）,ブレーキ（減速）中,0.1,惰行,120.6,70.0,32.64,24.42,70.0,79.68,10.5,28.284556051677445,0.0,9.2,この先制限速度なし,この先目立った勾配なし,前方100.3m先を17.8km/h,後続列車なし,40.0,0.0,発車済み,80.0,70.0,0.0,delay_recovery,0.2,遅延回復モードで制限速度付近走行が求められる中、必要以上に早くブレーキを開始し停車位置が手前にずれたため評価が低くなる。
161.0,Train11,次駅への減速フェーズ（駅手前400m以内）,惰行中,0.1,ブレーキ（減速）,10.1,70.0,19.33,7.72,15.5,61.19,19.0,2.840994679065028,0.0,9.2,この先制限速度なし,この先目立った勾配なし,前方67.7m先を10.7km/h,後続列車なし,20.0,0.0,発車済み,100.0,15.5,0.0,normal,0.2,次駅減速フェーズで必要なブレーキが行われず惰行に切り替わっているため停止位置達成が遅れ、運転が不適切と判断した。
161.0,Train11,次駅への減速フェーズ（駅手前400m以内）,力行（加速）中,0.1,ブレーキ（減速）,10.1,70.0,19.33,7.72,15.5,61.19,19.0,2.840994679065028,0.0,9.2,この先制限速度なし,この先目立った勾配なし,前方67.7m先を10.7km/h,後続列車なし,20.0,0.0,発車済み,100.0,15.5,0.0,normal,0.2,次駅減速フェーズで加速しており、停止位置への到達が遅れるため大幅に減点し、reward 0.2とした。
161.0,Train11,次駅への減速フェーズ（駅手前400m以内）,ブレーキ（減速）中,10.1,惰行,89.0,70.0,19.33,7.72,15.5,61.19,19.0,2.840994679065028,0.0,9.2,この先制限速度なし,この先目立った勾配なし,前方67.7m先を10.7km/h,後続列車なし,20.0,0.0,発車済み,100.0,15.5,0.0,normal,0.1,ブレーキが過度に早く、停止位置が遠く手前になるため定時性とエネルギー効率が低下し評価が低い。
174.1,Train11,次駅への減速フェーズ（駅手前400m以内）,惰行中,0.1,ブレーキ（減速）,7.2,70.0,65.5,22.99,70.0,61.42,5.9,25.08171344273401,0.0,9.2,この先制限速度なし,この先目立った勾配なし,前方249.2m先を39.7km/h,後続列車なし,40.0,0.0,発車済み,80.0,70.0,0.0,delay_recovery,0.2,遅延回復モードで必要速度70km/hに対し現在23km/hの低速惰行が続き、定時性が著しく低下しているため評価が低い。
174.1,Train11,次駅への減速フェーズ（駅手前400m以内）,力行（加速）中,0.1,ブレーキ（減速）,7.2,70.0,65.5,22.99,70.0,61.42,5.9,25.08171344273401,0.0,9.2,この先制限速度なし,この先目立った勾配なし,前方249.2m先を39.7km/h,後続列車なし,40.0,0.0,発車済み,80.0,70.0,0.0,delay_recovery,0.1,次駅減速フェーズで加速し、遅延回復モードの速度帯を大きく下回っているため停車位置達成と遅延回復の両方が危険である。
174.1,Train11,次駅への減速フェーズ（駅手前400m以内）,ブレーキ（減速）中,7.2,力行（加速）,5.0,70.0,65.5,22.99,70.0,61.42,5.9,25.08171344273401,0.0,9.2,この先制限速度なし,この先目立った勾配なし,前方249.2m先を39.7km/h,後続列車なし,40.0,0.0,発車済み,80.0,70.0,0.0,delay_recovery,0.2,遅延回復モードで制限速度付近走行が必要な局面で早期ブレーキにより速度が低下し、停車位置も過剰に早く、定時性と省エネが大きく損なわれたため。
174.3,Train11,次駅への減速フェーズ（駅手前400m以内）,惰行中,125.4,力行（加速）,49.0,70.0,70.0,22.31,70.0,48.53,5.7,23.62551723626329,0.0,9.2,この先制限速度なし,この先目立った勾配なし,前方720.5m先を54.1km/h,後続列車なし,20.0,0.0,発車済み,100.0,70.0,0.0,delay_recovery,0.2,次駅減速フェーズで22.3km/hの惰行が続き、必要なブレーキが行われていないためちんたら運転と判断し、遅延回復が求められる中評価を低下させた。
174.3,Train11,次駅への減速フェーズ（駅手前400m以内）,力行（加速）中,0.1,惰行,125.4,70.0,70.0,22.31,70.0,48.53,5.7,23.62551723626329,0.0,9.2,この先制限速度なし,この先目立った勾配なし,前方720.5m先を54.1km/h,後続列車なし,20.0,0.0,発車済み,100.0,70.0,0.0,normal,0.2,次駅減速フェーズで低速22.3km/hのまま加速し続け、停止開始が遅れたため停止位置達成が危うく、ちんたら運転とみなされる。
174.3,Train11,次駅への減速フェーズ（駅手前400m以内）,ブレーキ（減速）中,0.1,惰行,125.4,70.0,70.0,22.31,70.0,48.53,5.7,23.62551723626329,0.0,9.2,この先制限速度なし,この先目立った勾配なし,前方720.5m先を54.1km/h,後続列車なし,20.0,0.0,発車済み,100.0,70.0,0.0,delay_recovery,0.9,遅延回復モードで駅手前のブレーキが適切に開始され、delta_stopが正で停止余裕があり、速度・信号遵守・安全上問題なし。
169.3,Train11,次駅への減速フェーズ（駅手前400m以内）,惰行中,118.4,力行（加速）,51.0,70.0,70.0,24.98,25.0,45.64,10.7,29.590651677503807,0.0,9.2,この先制限速度なし,この先目立った勾配なし,前方483.5m先を48.7km/h,後続列車なし,0.0,0.0,発車済み,120.0,25.0,0.0,normal,1.0,制限速度・CBTCを遵守し、required_speedに合わせた惰行でdelta_stopが正で停止位置も確保できているため高評価。
169.3,Train11,次駅への減速フェーズ（駅手前400m以内）,力行（加速）中,0.1,惰行,118.4,70.0,70.0,24.98,25.0,45.64,10.7,29.590651677503807,0.0,9.2,この先制限速度なし,この先目立った勾配なし,前方483.5m先を48.7km/h,後続列車なし,0.0,0.0,発車済み,120.0,25.0,0.0,normal,0.3,次駅減速フェーズにも関わらず力行しており、現在の加速は停止位置達成を危うくするため評価を大幅に減点した。
169.3,Train11,次駅への減速フェーズ（駅手前400m以内）,ブレーキ（減速）中,0.1,惰行,118.4,70.0,70.0,24.98,25.0,45.64,10.7,29.590651677503807,0.0,9.2,この先制限速度なし,この先目立った勾配なし,前方483.5m先を48.7km/h,後続列車なし,0.0,0.0,発車済み,120.0,25.0,0.0,normal,0.3,delta_stopが+16.05mでブレーキ開始が早すぎ、停止位置が過剰に前方となりエネルギー無駄となるため評価を低下させた。
183.8,Train11,次駅への減速フェーズ（駅手前400m以内）,惰行中,0.1,力行（加速）,6.8,70.0,31.98,16.05,70.0,81.04,0.0,12.252109549954112,3.9,9.2,この先制限速度なし,この先目立った勾配なし,前方98.3m先を16.5km/h,後続列車なし,40.0,0.0,発車済み,80.0,70.0,0.0,delay_recovery,0.2,次駅減速フェーズで16km/hの惰行を続け、必要速度を大きく下回り遅延を拡大すると同時に、持続時間7秒未満の力行→惰行がノコギリ運転と判定されたため減点。
183.8,Train11,次駅への減速フェーズ（駅手前400m以内）,力行（加速）中,6.8,惰行,2.1,70.0,31.98,16.05,70.0,81.04,0.0,12.252109549954112,3.9,9.2,この先制限速度なし,この先目立った勾配なし,前方98.3m先を16.5km/h,後続列車なし,40.0,0.0,発車済み,80.0,70.0,0.0,delay_recovery,0.1,減速フェーズで加速し続け、ノコギリ運転（短時間の力行・惰行切替）となっているため安全性と遅延回復の目的を著しく損ね、評価は最低に近い。
183.8,Train11,次駅への減速フェーズ（駅手前400m以内）,ブレーキ（減速）中,0.1,力行（加速）,6.8,70.0,31.98,16.05,70.0,81.04,0.0,12.252109549954112,3.9,9.2,この先制限速度なし,この先目立った勾配なし,前方98.3m先を16.5km/h,後続列車なし,40.0,0.0,発車済み,80.0,70.0,0.0,delay_recovery,0.1,遅延回復モードで速度が制限の約1/4に低く、ブレーキ継続と短時間切替が安全・遅延回復に逆行し、rewardは0.1とする。
174.2,Train11,次駅への減速フェーズ（駅手前400m以内）,惰行中,0.1,力行（加速）,6.6,70.0,40.03,18.39,70.0,76.42,5.8,16.07349840588189,0.0,9.2,この先制限速度なし,この先目立った勾配なし,前方125.5m先を25.4km/h,後続列車なし,40.0,0.0,発車済み,80.0,70.0,0.0,delay_recovery,0.2,遅延回復モードで速度帯(62‑68km/h)を大きく下回り、停車位置も未確保のまま惰行へ切替、ノコギリ運転と評価されるため低評価。
174.2,Train11,次駅への減速フェーズ（駅手前400m以内）,力行（加速）中,6.6,ブレーキ（減速）,11.7,70.0,40.03,18.39,70.0,76.42,5.8,16.07349840588189,0.0,9.2,この先制限速度なし,この先目立った勾配なし,前方125.5m先を25.4km/h,後続列車なし,40.0,0.0,発車済み,80.0,70.0,0.0,delay_recovery,0.1,次駅減速フェーズで加速しており、停止位置が遠くなるため安全確保と定時性が著しく損なわれている。
174.2,Train11,次駅への減速フェーズ（駅手前400m以内）,ブレーキ（減速）中,0.1,力行（加速）,6.6,70.0,40.03,18.39,70.0,76.42,5.8,16.07349840588189,0.0,9.2,この先制限速度なし,この先目立った勾配なし,前方125.5m先を25.4km/h,後続列車なし,40.0,0.0,発車済み,80.0,70.0,0.0,delay_recovery,0.0,力行からブレーキへの短時間切替に合理的理由がなくノコギリ運転と判定され、reward上限が0.0点となった。
178.6,Train11,次駅への減速フェーズ（駅手前400m以内）,惰行中,0.1,力行（加速）,1.6,70.0,21.04,14.55,70.0,69.64,1.4,10.073462557929359,0.0,9.2,この先制限速度なし,この先目立った勾配なし,前方71.0m先を4.9km/h,後続列車なし,40.0,0.0,発車済み,80.0,70.0,0.0,delay_recovery,0.0,現在速度が遅く惰行が続き必要速度帯外で、かつノコギリ運転と判定されたためrewardは0.0とした。
178.6,Train11,次駅への減速フェーズ（駅手前400m以内）,力行（加速）中,1.6,ブレーキ（減速）,0.1,70.0,21.04,14.55,70.0,69.64,1.4,10.073462557929359,0.0,9.2,この先制限速度なし,この先目立った勾配なし,前方71.0m先を4.9km/h,後続列車なし,40.0,0.0,発車済み,80.0,70.0,0.0,delay_recovery,0.0,直前のブレーキから1.6秒の力行への短時間切替に合理的根拠がなくノコギリ運転と判定され、上限rewardが0.0となった。
178.6,Train11,次駅への減速フェーズ（駅手前400m以内）,ブレーキ（減速）中,0.1,力行（加速）,1.6,70.0,21.04,14.55,70.0,69.64,1.4,10.073462557929359,0.0,9.2,この先制限速度なし,この先目立った勾配なし,前方71.0m先を4.9km/h,後続列車なし,40.0,0.0,発車済み,80.0,70.0,0.0,normal,0.2,ブレーキがdelta_stop 59.5mと遠くで開始され、早すぎる減速により停止位置が大幅に前方へずれ遅延が生じるため低評価とした。
180.1,Train11,次駅への減速フェーズ（駅手前400m以内）,惰行中,0.1,力行（加速）,3.2,70.0,23.59,10.08,70.0,72.23,0.0,4.8406453148119875,0.2,9.2,この先制限速度なし,この先目立った勾配なし,前方76.4m先を8.6km/h,後続列車なし,40.0,0.0,発車済み,80.0,70.0,0.0,delay_recovery,0.2,遅延回復モードで必要速度帯(62‑68km/h)を大きく下回り惰行は減点対象、さらにノコギリ運転と判定され上限0.3に抑えられたため0.2とした。
180.1,Train11,次駅への減速フェーズ（駅手前400m以内）,力行（加速）中,3.2,ブレーキ（減速）,0.3,70.0,23.59,10.08,70.0,72.23,0.0,4.8406453148119875,0.2,9.2,この先制限速度なし,この先目立った勾配なし,前方76.4m先を8.6km/h,後続列車なし,40.0,0.0,発車済み,80.0,70.0,0.0,delay_recovery,0.0,直前のブレーキから短時間で力行への切替が合理的理由なく行われ、ノコギリ運転と判定され上限0.0となった。
180.1,Train11,次駅への減速フェーズ（駅手前400m以内）,ブレーキ（減速）中,0.1,力行（加速）,3.2,70.0,23.59,10.08,70.0,72.23,0.0,4.8406453148119875,0.2,9.2,この先制限速度なし,この先目立った勾配なし,前方76.4m先を8.6km/h,後続列車なし,40.0,0.0,発車済み,80.0,70.0,0.0,delay_recovery,0.1,ブレーキが早すぎてdelta_stopが67.4mと大幅に超過し、停車位置が遅れ、先行列車との間隔も標準間隔を下回るため評価を低くした。
179.2,Train11,次駅への減速フェーズ（駅手前400m以内）,惰行中,0.1,ブレーキ（減速）,0.1,70.0,2.08,1.31,70.0,47.94,0.8,0.08191758453649017,0.0,9.2,この先制限速度なし,この先目立った勾配なし,前方50.2m先を6.4km/h,後続列車なし,40.0,0.0,発車済み,80.0,70.0,0.0,delay_recovery,0.0,次駅減速フェーズでブレーキせず惰行を続け、0.1秒の短時間切替がノコギリ運転と判定され、reward上限が0.0点となる。
179.2,Train11,次駅への減速フェーズ（駅手前400m以内）,力行（加速）中,0.1,ブレーキ（減速）,0.1,70.0,2.08,1.31,70.0,47.94,0.8,0.08191758453649017,0.0,9.2,この先制限速度なし,この先目立った勾配なし,前方50.2m先を6.4km/h,後続列車なし,40.0,0.0,発車済み,80.0,70.0,0.0,delay_recovery,0.0,ブレーキから0.1秒の力行への短時間切替がノコギリ運転と判定され、上限0.0点が適用されたためrewardは0.0となる。
179.2,Train11,次駅への減速フェーズ（駅手前400m以内）,ブレーキ（減速）中,0.1,力行（加速）,0.1,70.0,2.08,1.31,70.0,47.94,0.8,0.08191758453649017,0.0,9.2,この先制限速度なし,この先目立った勾配なし,前方50.2m先を6.4km/h,後続列車なし,40.0,0.0,発車済み,80.0,70.0,0.0,delay_recovery,0.2,CBTC信号は低速を要求するが、現在のブレーキで速度が必要速度から大きく乖離し、次駅到達が不可能で遅延が拡大しているため低評価。
162.3,Train11,次駅への減速フェーズ（駅手前400m以内）,惰行中,0.1,ブレーキ（減速）,11.4,70.0,30.14,7.92,70.0,91.54,17.7,2.9899600378570392,0.0,9.2,この先制限速度なし,この先目立った勾配なし,前方93.0m先を5.1km/h,後続列車なし,40.0,0.0,発車済み,80.0,70.0,0.0,delay_recovery,0.2,遅延回復モードで必要速度付近(制限速度‑8〜‑2km/h)を大きく下回り、惰行だけで極端に低速走行しているため評価が低くなる。
162.3,Train11,次駅への減速フェーズ（駅手前400m以内）,力行（加速）中,0.1,ブレーキ（減速）,11.4,70.0,30.14,7.92,70.0,91.54,17.7,2.9899600378570392,0.0,9.2,この先制限速度なし,この先目立った勾配なし,前方93.0m先を5.1km/h,後続列車なし,40.0,0.0,発車済み,80.0,70.0,0.0,delay_recovery,0.2,次駅減速フェーズで加速しており、必要なブレーキが行われていないため減点し、rewardを0.2とした。
162.3,Train11,次駅への減速フェーズ（駅手前400m以内）,ブレーキ（減速）中,11.4,惰行,38.0,70.0,30.14,7.92,70.0,91.54,17.7,2.9899600378570392,0.0,9.2,この先制限速度なし,この先目立った勾配なし,前方93.0m先を5.1km/h,後続列車なし,40.0,0.0,発車済み,80.0,70.0,0.0,delay_recovery,0.2,遅延回復モードで次駅まで遠くブレーキを掛け、停止位置が大幅に早すぎるため定時性とエネルギー効率が著しく低下している。
165.5,Train11,次駅への減速フェーズ（駅手前400m以内）,惰行中,8.6,ブレーキ（減速）,4.0,70.0,30.54,21.96,23.2,68.24,14.5,22.89281837297043,0.0,9.2,この先制限速度なし,この先目立った勾配なし,前方94.1m先を19.6km/h,後続列車なし,20.0,0.0,発車済み,100.0,23.2,0.0,normal,0.2,低速22km/hで惰行を続け、必要なブレーキ開始が遅れたため次駅停車位置が遅延リスクとなり評価を低下させた。
165.5,Train11,次駅への減速フェーズ（駅手前400m以内）,力行（加速）中,0.1,惰行,8.6,70.0,30.54,21.96,23.2,68.24,14.5,22.89281837297043,0.0,9.2,この先制限速度なし,この先目立った勾配なし,前方94.1m先を19.6km/h,後続列車なし,20.0,0.0,発車済み,100.0,23.2,0.0,normal,0.1,次駅減速フェーズで加速ノッチに切替え、停止位置確保が不適切かつ先行列車との間隔が不足しているため大幅減点し0.1とする。
165.5,Train11,次駅への減速フェーズ（駅手前400m以内）,ブレーキ（減速）中,0.1,惰行,8.6,70.0,30.54,21.96,23.2,68.24,14.5,22.89281837297043,0.0,9.2,この先制限速度なし,この先目立った勾配なし,前方94.1m先を19.6km/h,後続列車なし,20.0,0.0,発車済み,100.0,23.2,0.0,normal,0.2,ブレーキが必要停止距離より45m前に開始され、早すぎる減速で定時到着が危うく評価が低くなるため0.2とした。
164.7,Train11,次駅への減速フェーズ（駅手前400m以内）,惰行中,3.2,力行（加速）,0.4,70.0,26.09,1.23,70.0,75.45,15.3,0.07221899901861106,0.0,9.2,この先制限速度なし,この先目立った勾配なし,前方82.2m先を10.9km/h,後続列車なし,40.0,0.0,発車済み,80.0,70.0,0.0,delay_recovery,0.1,遅延回復モードで速度が制限速度から大きく乖離し、加速→惰行への短時間切替でノコギリ運転と判定されたため低評価。
164.7,Train11,次駅への減速フェーズ（駅手前400m以内）,力行（加速）中,0.1,惰行,3.2,70.0,26.09,1.23,70.0,75.45,15.3,0.07221899901861106,0.0,9.2,この先制限速度なし,この先目立った勾配なし,前方82.2m先を10.9km/h,後続列車なし,40.0,0.0,発車済み,80.0,70.0,0.0,delay_recovery,0.2,次駅減速フェーズで加速操作は停止位置達成に不適切で、0.1秒の短時間加速はノコギリ運転とみなされ大幅減点した。
164.7,Train11,次駅への減速フェーズ（駅手前400m以内）,ブレーキ（減速）中,0.1,惰行,3.2,70.0,26.09,1.23,70.0,75.45,15.3,0.07221899901861106,0.0,9.2,この先制限速度なし,この先目立った勾配なし,前方82.2m先を10.9km/h,後続列車なし,40.0,0.0,発車済み,80.0,70.0,0.0,delay_recovery,0.1,遅延回復モードで必要速度帯を大きく下回り、早期ブレーキにより速度が1.2km/hと極端に低く、定時回復が不可能なため低評価。
164.0,Train11,次駅への減速フェーズ（駅手前400m以内）,惰行中,0.1,ブレーキ（減速）,5.1,70.0,31.84,23.39,70.0,96.03,16.0,25.958433185813107,0.0,9.2,この先制限速度なし,この先目立った勾配なし,前方97.9m先を6.0km/h,後続列車なし,40.0,0.0,発車済み,80.0,70.0,0.0,delay_recovery,0.1,遅延回復モードで必要速度帯外の低速惰行と、合理的理由のない短時間ノッチ切替が見られ、運転品質が低く評価される。
164.0,Train11,次駅への減速フェーズ（駅手前400m以内）,力行（加速）中,0.1,ブレーキ（減速）,5.1,70.0,31.84,23.39,70.0,96.03,16.0,25.958433185813107,0.0,9.2,この先制限速度なし,この先目立った勾配なし,前方97.9m先を6.0km/h,後続列車なし,40.0,0.0,発車済み,80.0,70.0,0.0,delay_recovery,0.2,遅延回復モードで次駅減速フェーズにも関わらず加速し、停止位置が確保できずノコギリ運転と判定されたため低評価。
164.0,Train11,次駅への減速フェーズ（駅手前400m以内）,ブレーキ（減速）中,5.1,惰行,40.0,70.0,31.84,23.39,70.0,96.03,16.0,25.958433185813107,0.0,9.2,この先制限速度なし,この先目立った勾配なし,前方97.9m先を6.0km/h,後続列車なし,40.0,0.0,発車済み,80.0,70.0,0.0,normal,0.4,早すぎるブレーキで停止位置が遠すぎ、エネルギー無駄となるため減点し0.4とする。
172.4,Train11,次駅への減速フェーズ（駅手前400m以内）,惰行中,0.1,ブレーキ（減速）,17.5,70.0,32.04,0.0,70.0,52.53,7.6,0.0,0.0,9.2,この先制限速度なし,この先目立った勾配なし,前方98.5m先を24.7km/h,後続列車なし,40.0,0.0,発車済み,80.0,70.0,0.0,delay_recovery,0.2,遅延回復モードで必要速度帯外の0km/hで惰行し、駅間で停止しているため停車位置達成が不可能で遅延が拡大し、評価は0.2とした。
172.4,Train11,次駅への減速フェーズ（駅手前400m以内）,力行（加速）中,0.1,ブレーキ（減速）,17.5,70.0,32.04,0.0,70.0,52.53,7.6,0.0,0.0,9.2,この先制限速度なし,この先目立った勾配なし,前方98.5m先を24.7km/h,後続列車なし,40.0,0.0,発車済み,80.0,70.0,0.0,delay_recovery,0.1,次駅減速フェーズで加速し続けており、required_speed未達かつ停止位置が確保できず、遅延回復モードに不適切な操作のため低評価。
172.4,Train11,次駅への減速フェーズ（駅手前400m以内）,ブレーキ（減速）中,17.5,惰行,39.0,70.0,32.04,0.0,70.0,52.53,7.6,0.0,0.0,9.2,この先制限速度なし,この先目立った勾配なし,前方98.5m先を24.7km/h,後続列車なし,40.0,0.0,発車済み,80.0,70.0,0.0,delay_recovery,0.1,遅延回復モードで必要速度70km/hに対し0km/hで停止しており、早期停止により駅到着が遅れ、エネルギーも無駄になるため低評価。
172.1,Train11,次駅への減速フェーズ（駅手前400m以内）,惰行中,0.1,ブレーキ（減速）,2.9,70.0,64.01,23.95,70.0,74.31,7.9,27.21087458975557,0.0,9.2,この先制限速度なし,この先目立った勾配なし,前方240.4m先を38.4km/h,後続列車なし,40.0,0.0,発車済み,80.0,70.0,0.0,delay_recovery,0.1,遅延回復モードで速度が制限帯を大きく下回り、惰行とノコギリ運転により遅延が拡大したため、評価を0.1に減点。
172.1,Train11,次駅への減速フェーズ（駅手前400m以内）,力行（加速）中,0.1,ブレーキ（減速）,2.9,70.0,64.01,23.95,70.0,74.31,7.9,27.21087458975557,0.0,9.2,この先制限速度なし,この先目立った勾配なし,前方240.4m先を38.4km/h,後続列車なし,40.0,0.0,発車済み,80.0,70.0,0.0,delay_recovery,0.2,遅延回復モードで速度が制限付近に遠く及ばず、加速直前の短時間ブレーキとの切替がノコギリ運転と判定され、上限0.3に抑えられたため0.2とした。
172.1,Train11,次駅への減速フェーズ（駅手前400m以内）,ブレーキ（減速）中,2.9,力行（加速）,0.1,70.0,64.01,23.95,70.0,74.31,7.9,27.21087458975557,0.0,9.2,この先制限速度なし,この先目立った勾配なし,前方240.4m先を38.4km/h,後続列車なし,40.0,0.0,発車済み,80.0,70.0,0.0,delay_recovery,0.0,短時間の加速→ブレーキへの不合理な切替がノコギリ運転と判定され、上限0.0点のためreward=0.0。
170.9,Train11,次駅への減速フェーズ（駅手前400m以内）,惰行中,0.1,ブレーキ（減速）,0.1,70.0,20.17,19.14,23.4,41.28,9.1,17.40710458851352,0.0,9.2,この先制限速度なし,この先目立った勾配なし,前方69.3m先を20.3km/h,後続列車なし,40.0,0.0,発車済み,80.0,23.4,0.0,normal,0.0,ブレーキから惰行への7秒未満の切替が合理的根拠なく行われたため、ノコギリ運転上限が0.0となり評価は0.0。
170.9,Train11,次駅への減速フェーズ（駅手前400m以内）,力行（加速）中,0.1,ブレーキ（減速）,0.1,70.0,20.17,19.14,23.4,41.28,9.1,17.40710458851352,0.0,9.2,この先制限速度なし,この先目立った勾配なし,前方69.3m先を20.3km/h,後続列車なし,40.0,0.0,発車済み,80.0,23.4,0.0,normal,0.0,次駅減速フェーズでの加速は不適切で、短時間のブレーキ→力行切替がノコギリ運転と判定され上限0.0となる。
170.9,Train11,次駅への減速フェーズ（駅手前400m以内）,ブレーキ（減速）中,0.1,力行（加速）,0.2,70.0,20.17,19.14,23.4,41.28,9.1,17.40710458851352,0.0,9.2,この先制限速度なし,この先目立った勾配なし,前方69.3m先を20.3km/h,後続列車なし,40.0,0.0,発車済み,80.0,23.4,0.0,normal,0.4,ブレーキ開始が必要位置より約24m早く、delta_stopが15‑30m範囲のため早すぎる減速と評価し、rewardを0.4とした。
178.3,Train11,次駅への減速フェーズ（駅手前400m以内）,惰行中,0.1,ブレーキ（減速）,8.4,70.0,32.41,4.72,70.0,98.65,1.7,1.0627138332045192,0.0,9.2,この先制限速度なし,この先目立った勾配なし,前方99.6m先を4.1km/h,後続列車なし,40.0,0.0,発車済み,80.0,70.0,0.0,delay_recovery,0.1,次駅まで約100mで4.7km/hの惰行は停止位置に間に合わず、遅延回復モードで必要な速度帯(62‑68km/h)を大きく下回っているため低評価とした。
178.3,Train11,次駅への減速フェーズ（駅手前400m以内）,力行（加速）中,0.1,ブレーキ（減速）,8.4,70.0,32.41,4.72,70.0,98.65,1.7,1.0627138332045192,0.0,9.2,この先制限速度なし,この先目立った勾配なし,前方99.6m先を4.1km/h,後続列車なし,40.0,0.0,発車済み,80.0,70.0,0.0,delay_recovery,0.1,現在速度が制限帯(70‑8~70‑2km/h)を大きく下回り、ブレーキ未開始で加速が極短のため次駅での停止位置が確保できず、遅延が拡大している。
178.3,Train11,次駅への減速フェーズ（駅手前400m以内）,ブレーキ（減速）中,8.4,惰行,79.0,70.0,32.41,4.72,70.0,98.65,1.7,1.0627138332045192,0.0,9.2,この先制限速度なし,この先目立った勾配なし,前方99.6m先を4.1km/h,後続列車なし,40.0,0.0,発車済み,80.0,70.0,0.0,delay_recovery,0.3,遅延回復モードで速度上限付近の維持が必要なのに、現在は4.7km/hに減速しブレーキを続けており、定時性と省エネ性を著しく損なうため低評価。
161.2,Train11,次駅への減速フェーズ（駅手前400m以内）,惰行中,0.1,ブレーキ（減速）,12.3,70.0,27.15,2.82,70.0,84.59,18.8,0.37949267673190645,0.0,9.2,この先制限速度なし,この先目立った勾配なし,前方84.9m先を2.1km/h,後続列車なし,40.0,0.0,発車済み,80.0,70.0,0.0,delay_recovery,0.2,遅延回復モードで必要速度帯(62-68km/h)を大きく下回り、惰行だけで速度回復せず停車位置も遅れが予測されるため低評価とした。
161.2,Train11,次駅への減速フェーズ（駅手前400m以内）,力行（加速）中,0.1,ブレーキ（減速）,12.3,70.0,27.15,2.82,70.0,84.59,18.8,0.37949267673190645,0.0,9.2,この先制限速度なし,この先目立った勾配なし,前方84.9m先を2.1km/h,後続列車なし,40.0,0.0,発車済み,80.0,70.0,0.0,delay_recovery,0.1,遅延回復モードで速度が制限帯外の低速かつ減速フェーズで加速しているため、停止位置と定時性が大きく損なわれた。
161.2,Train11,次駅への減速フェーズ（駅手前400m以内）,ブレーキ（減速）中,12.3,惰行,45.0,70.0,27.15,2.82,70.0,84.59,18.8,0.37949267673190645,0.0,9.2,この先制限速度なし,この先目立った勾配なし,前方84.9m先を2.1km/h,後続列車なし,40.0,0.0,発車済み,80.0,70.0,0.0,delay_recovery,0.1,ブレーキが過早にかかり速度が制限値から大きく外れ、遅延回復モードでの速度維持ができていないため低評価。
175.2,Train11,次駅への減速フェーズ（駅手前400m以内）,惰行中,0.1,ブレーキ（減速）,8.3,70.0,66.45,19.76,70.0,54.89,4.8,18.549362856886983,0.0,9.2,この先制限速度なし,この先目立った勾配なし,前方254.9m先を40.4km/h,後続列車なし,40.0,0.0,発車済み,80.0,70.0,0.0,delay_recovery,0.1,遅延回復モードで速度が制限速度から大きく離れ、低速惰行が続くため停止位置も遅れ、評価を大幅に減点。安全面は保たれるが遅延回復が不達成。
175.2,Train11,次駅への減速フェーズ（駅手前400m以内）,力行（加速）中,0.1,ブレーキ（減速）,8.3,70.0,66.45,19.76,70.0,54.89,4.8,18.549362856886983,0.0,9.2,この先制限速度なし,この先目立った勾配なし,前方254.9m先を40.4km/h,後続列車なし,40.0,0.0,発車済み,80.0,70.0,0.0,delay_recovery,0.2,次駅減速フェーズで力行が続き、ブレーキ未実施のため停止位置が確保できず安全性が低く、評価を大幅に減点した。
175.2,Train11,次駅への減速フェーズ（駅手前400m以内）,ブレーキ（減速）中,8.3,力行（加速）,5.0,70.0,66.45,19.76,70.0,54.89,4.8,18.549362856886983,0.0,9.2,この先制限速度なし,この先目立った勾配なし,前方254.9m先を40.4km/h,後続列車なし,40.0,0.0,発車済み,80.0,70.0,0.0,delay_recovery,0.1,早すぎるブレーキでdelta_stopが大きく正の値となり、遅延回復モードでの必要速度維持に反し減速が過剰なため低評価とした。
185.3,Train11,次駅への減速フェーズ（駅手前400m以内）,惰行中,0.4,力行（加速）,8.0,70.0,22.74,19.91,70.0,49.76,0.0,18.8311251570661,5.4,9.2,この先制限速度なし,この先目立った勾配なし,前方74.5m先を19.2km/h,後続列車なし,40.0,0.0,発車済み,80.0,70.0,0.0,delay_recovery,0.2,遅延回復モードで速度が制限速度‑8km/h以下の低速惰行となり、加速すべき場面で加速していないため評価が低くなる。
185.3,Train11,次駅への減速フェーズ（駅手前400m以内）,力行（加速）中,0.1,惰行,0.4,70.0,22.74,19.91,70.0,49.76,0.0,18.8311251570661,5.4,9.2,この先制限速度なし,この先目立った勾配なし,前方74.5m先を19.2km/h,後続列車なし,40.0,0.0,発車済み,80.0,70.0,0.0,delay_recovery,0.0,減速フェーズで不適切に力行し、0.1秒・0.4秒の短時間切替がノコギリ運転と判定され上限rewardが0.0となったため。
185.3,Train11,次駅への減速フェーズ（駅手前400m以内）,ブレーキ（減速）中,0.1,惰行,0.4,70.0,22.74,19.91,70.0,49.76,0.0,18.8311251570661,5.4,9.2,この先制限速度なし,この先目立った勾配なし,前方74.5m先を19.2km/h,後続列車なし,40.0,0.0,発車済み,80.0,70.0,0.0,delay_recovery,0.0,遅延回復モードで必要速度未達のまま減速し、保持時間0.1秒のノコギリ運転と判断され上限0.0点となった。
166.3,Train11,次駅への減速フェーズ（駅手前400m以内）,惰行中,5.3,ブレーキ（減速）,0.1,70.0,32.81,1.98,70.0,88.44,13.7,0.18711489537746115,0.0,9.2,この先制限速度なし,この先目立った勾配なし,前方100.8m先を14.3km/h,後続列車なし,40.0,0.0,発車済み,80.0,70.0,0.0,delay_recovery,0.0,減速フェーズでの惰行は不適切で、持続時間が短く合理的理由のないブレーキ→惰行切替がノコギリ運転と判定され、reward上限は0.0となった。
166.3,Train11,次駅への減速フェーズ（駅手前400m以内）,力行（加速）中,0.1,惰行,5.3,70.0,32.81,1.98,70.0,88.44,13.7,0.18711489537746115,0.0,9.2,この先制限速度なし,この先目立った勾配なし,前方100.8m先を14.3km/h,後続列車なし,40.0,0.0,発車済み,80.0,70.0,0.0,delay_recovery,0.3,次駅減速フェーズで加速しており停止位置が危うく、さらにノコギリ運転と判定されたため低評価。
166.3,Train11,次駅への減速フェーズ（駅手前400m以内）,ブレーキ（減速）中,0.1,惰行,5.3,70.0,32.81,1.98,70.0,88.44,13.7,0.18711489537746115,0.0,9.2,この先制限速度なし,この先目立った勾配なし,前方100.8m先を14.3km/h,後続列車なし,40.0,0.0,発車済み,80.0,70.0,0.0,delay_recovery,0.2,遅延回復モードで必要速度70km/hに対し2km/hでブレーキし、不要な減速とノコギリ運転で遅延とエネルギー損失が顕著。
168.8,Train11,次駅への減速フェーズ（駅手前400m以内）,惰行中,7.8,ブレーキ（減速）,0.1,70.0,36.09,0.95,70.0,87.42,11.2,0.04308357091833875,0.0,9.2,この先制限速度なし,この先目立った勾配なし,前方111.4m先を19.0km/h,後続列車なし,40.0,0.0,発車済み,80.0,70.0,0.0,delay_recovery,0.1,遅延回復モードで制限速度付近の維持が必須なのに、現在速度0.9km/hの惰行でブレーキもせず、停止位置も遠く遅延とエネルギー浪費を招くため低評価。
168.8,Train11,次駅への減速フェーズ（駅手前400m以内）,力行（加速）中,0.1,惰行,7.8,70.0,36.09,0.95,70.0,87.42,11.2,0.04308357091833875,0.0,9.2,この先制限速度なし,この先目立った勾配なし,前方111.4m先を19.0km/h,後続列車なし,40.0,0.0,発車済み,80.0,70.0,0.0,delay_recovery,0.2,次駅減速フェーズで低速のまま加速し続け、停止位置が遅れる恐れがあるため0.2とした。
168.8,Train11,次駅への減速フェーズ（駅手前400m以内）,ブレーキ（減速）中,0.1,惰行,7.8,70.0,36.09,0.95,70.0,87.42,11.2,0.04308357091833875,0.0,9.2,この先制限速度なし,この先目立った勾配なし,前方111.4m先を19.0km/h,後続列車なし,40.0,0.0,発車済み,80.0,70.0,0.0,delay_recovery,0.1,遅延回復モードで必要速度70km/hに対し0.9km/hのブレーキ状態、停車位置も達成できず重大な減点要因となる。
167.7,Train11,次駅への減速フェーズ（駅手前400m以内）,惰行中,0.1,力行（加速）,0.1,70.0,35.62,3.88,70.0,97.32,12.3,0.7182466719619067,0.0,9.2,この先制限速度なし,この先目立った勾配なし,前方109.9m先を14.4km/h,後続列車なし,40.0,0.0,発車済み,80.0,70.0,0.0,delay_recovery,0.0,遅延回復モードで速度が制限帯域外(3.9km/h)かつ加速から惰行への短時間切替がノコギリ運転と判定され、reward上限が0.0となった。
167.7,Train11,次駅への減速フェーズ（駅手前400m以内）,力行（加速）中,0.1,ブレーキ（減速）,11.7,70.0,35.62,3.88,70.0,97.32,12.3,0.7182466719619067,0.0,9.2,この先制限速度なし,この先目立った勾配なし,前方109.9m先を14.4km/h,後続列車なし,40.0,0.0,発車済み,80.0,70.0,0.0,delay_recovery,0.1,次駅減速フェーズで力行しており、停止位置達成が不可能で遅延回復モードの基準速度から大きく外れているため低評価。
167.7,Train11,次駅への減速フェーズ（駅手前400m以内）,ブレーキ（減速）中,0.1,力行（加速）,0.1,70.0,35.62,3.88,70.0,97.32,12.3,0.7182466719619067,0.0,9.2,この先制限速度なし,この先目立った勾配なし,前方109.9m先を14.4km/h,後続列車なし,40.0,0.0,発車済み,80.0,70.0,0.0,delay_recovery,0.0,加速直後0.1秒で急ブレーキへ切替え、保持時間が7秒未満で合理的理由なしのノコギリ運転と判定され、reward上限が0.0となった。
186.7,Train11,次駅への減速フェーズ（駅手前400m以内）,惰行中,0.1,力行（加速）,7.3,70.0,25.09,17.04,70.0,47.11,0.0,13.806046391285674,6.8,9.2,この先制限速度なし,この先目立った勾配なし,前方79.8m先を21.6km/h,後続列車なし,40.0,0.0,発車済み,80.0,70.0,0.0,delay_recovery,0.1,遅延回復モードで必要速度付近まで加速すべきところを低速惰行のまま進み、停車位置も遠く遅延が拡大しているため評価が低い。
186.7,Train11,次駅への減速フェーズ（駅手前400m以内）,力行（加速）中,7.3,ブレーキ（減速）,9.5,70.0,25.09,17.04,70.0,47.11,0.0,13.806046391285674,6.8,9.2,この先制限速度なし,この先目立った勾配なし,前方79.8m先を21.6km/h,後続列車なし,40.0,0.0,発車済み,80.0,70.0,0.0,delay_recovery,0.1,遅延回復モードで制限速度付近を維持すべきところ、現在は低速17km/hで加速しており停止位置も遅れ、運転品質が極めて低い。
186.7,Train11,次駅への減速フェーズ（駅手前400m以内）,ブレーキ（減速）中,0.1,力行（加速）,7.3,70.0,25.09,17.04,70.0,47.11,0.0,13.806046391285674,6.8,9.2,この先制限速度なし,この先目立った勾配なし,前方79.8m先を21.6km/h,後続列車なし,40.0,0.0,発車済み,80.0,70.0,0.0,delay_recovery,0.1,ブレーキ開始が早すぎてdelta_stopが30m超、遅延回復モードで速度が制限帯(62‑68km/h)を大きく下回っているため評価が大幅に低下した。
169.0,Train11,次駅への減速フェーズ（駅手前400m以内）,惰行中,0.1,ブレーキ（減速）,13.1,70.0,34.01,2.1,70.0,86.45,11.0,0.21047779670300729,0.0,9.2,この先制限速度なし,この先目立った勾配なし,前方104.6m先を16.9km/h,後続列車なし,40.0,0.0,発車済み,80.0,70.0,0.0,delay_recovery,0.2,遅延回復モードで必要速度70km/hに対し2.1km/hの低速惰行で加速せず、停車位置も遠く遅延を拡大するため低評価。
169.0,Train11,次駅への減速フェーズ（駅手前400m以内）,力行（加速）中,0.1,ブレーキ（減速）,13.1,70.0,34.01,2.1,70.0,86.45,11.0,0.21047779670300729,0.0,9.2,この先制限速度なし,この先目立った勾配なし,前方104.6m先を16.9km/h,後続列車なし,40.0,0.0,発車済み,80.0,70.0,0.0,delay_recovery,0.1,次駅減速フェーズで加速操作を行いブレーキ未実施のため、停止位置達成が危うく安全性が低下している。
169.0,Train11,次駅への減速フェーズ（駅手前400m以内）,ブレーキ（減速）中,13.1,惰行,36.0,70.0,34.01,2.1,70.0,86.45,11.0,0.21047779670300729,0.0,9.2,この先制限速度なし,この先目立った勾配なし,前方104.6m先を16.9km/h,後続列車なし,40.0,0.0,発車済み,80.0,70.0,0.0,delay_recovery,0.1,遅延回復モードで制限速度付近を保つべきなのに、現在速度2.1km/hで不必要にブレーキし停止位置も遠く、重大な遅延リスクがあるため大幅減点。
150.7,Train11,次駅への減速フェーズ（駅手前400m以内）,惰行中,0.1,ブレーキ（減速）,7.8,70.0,35.34,21.82,21.8,48.91,29.3,22.602940282753853,0.0,9.2,この先制限速度なし,この先目立った勾配なし,前方108.9m先を27.4km/h,後続列車なし,0.0,0.0,発車済み,120.0,21.8,0.0,normal,0.2,低速で惰行を続けブレーキせず、次駅停車位置が危うくちんたら運転と判断したため低評価。
150.7,Train11,次駅への減速フェーズ（駅手前400m以内）,力行（加速）中,0.1,ブレーキ（減速）,7.8,70.0,35.34,21.82,21.8,48.91,29.3,22.602940282753853,0.0,9.2,この先制限速度なし,この先目立った勾配なし,前方108.9m先を27.4km/h,後続列車なし,0.0,0.0,発車済み,120.0,21.8,0.0,normal,0.2,次駅減速フェーズで加速に切り替えており、停止位置確保が危うく不必要な遅延とエネルギー浪費を招くため低評価となる。
150.7,Train11,次駅への減速フェーズ（駅手前400m以内）,ブレーキ（減速）中,7.8,惰行,44.0,70.0,35.34,21.82,21.8,48.91,29.3,22.602940282753853,0.0,9.2,この先制限速度なし,この先目立った勾配なし,前方108.9m先を27.4km/h,後続列車なし,0.0,0.0,発車済み,120.0,21.8,0.0,normal,0.6,delta_stopが26.31mで早すぎるブレーキ開始となり、停止位置が過剰に手前になるため減点し、rewardを0.6とした。
161.1,Train11,次駅への減速フェーズ（駅手前400m以内）,惰行中,0.1,ブレーキ（減速）,6.2,70.0,29.72,21.4,22.7,91.55,18.9,21.744287488379417,0.0,9.2,この先制限速度なし,この先目立った勾配なし,前方91.8m先を1.9km/h,後続列車なし,40.0,0.0,発車済み,80.0,22.7,0.0,normal,0.2,減速フェーズでブレーキせず惰行を続け、CBTC超過はなく安全は保たれるがノコギリ運転とちんたら運転で効率と停止位置確保が低下するため、rewardは0.2とした。
161.1,Train11,次駅への減速フェーズ（駅手前400m以内）,力行（加速）中,0.1,ブレーキ（減速）,6.2,70.0,29.72,21.4,22.7,91.55,18.9,21.744287488379417,0.0,9.2,この先制限速度なし,この先目立った勾配なし,前方91.8m先を1.9km/h,後続列車なし,40.0,0.0,発車済み,80.0,22.7,0.0,normal,0.2,次駅減速フェーズで不必要に加速し、前方列車に接近しながら停止位置が遠く、ノコギリ運転と判定されたため評価は低くなる。
161.1,Train11,次駅への減速フェーズ（駅手前400m以内）,ブレーキ（減速）中,6.2,惰行,45.0,70.0,29.72,21.4,22.7,91.55,18.9,21.744287488379417,0.0,9.2,この先制限速度なし,この先目立った勾配なし,前方91.8m先を1.9km/h,後続列車なし,40.0,0.0,発車済み,80.0,22.7,0.0,normal,0.2,delta_stopが69.8mと大きく早すぎるブレーキで停止位置が過剰に前倒しされ、次駅減速フェーズでの適切性が欠如しているため0.2とした。
170.8,Train11,次駅への減速フェーズ（駅手前400m以内）,惰行中,121.9,力行（加速）,49.0,70.0,70.0,23.85,70.0,70.97,9.2,26.985083292325125,0.0,9.2,この先制限速度なし,この先目立った勾配なし,前方480.1m先を47.9km/h,後続列車なし,20.0,0.0,発車済み,100.0,70.0,0.0,delay_recovery,0.1,遅延回復モードで速度が制限速度付近に保たれておらず、惰行の低速走行が続くため遅延拡大と安全性低下が顕著である。
170.8,Train11,次駅への減速フェーズ（駅手前400m以内）,力行（加速）中,0.1,惰行,121.9,70.0,70.0,23.85,70.0,70.97,9.2,26.985083292325125,0.0,9.2,この先制限速度なし,この先目立った勾配なし,前方480.1m先を47.9km/h,後続列車なし,20.0,0.0,発車済み,100.0,70.0,0.0,delay_recovery,0.1,次駅減速フェーズで加速中だが速度23.9km/hと必要70km/hに大きく不足し、停止位置も遠く、遅延回復に不適切なためrewardは0.1とする。
170.8,Train11,次駅への減速フェーズ（駅手前400m以内）,ブレーキ（減速）中,0.1,惰行,121.9,70.0,70.0,23.85,70.0,70.97,9.2,26.985083292325125,0.0,9.2,この先制限速度なし,この先目立った勾配なし,前方480.1m先を47.9km/h,後続列車なし,20.0,0.0,発車済み,100.0,70.0,0.0,delay_recovery,0.2,次駅減速フェーズでδ_stopが44mと大きく、現在ブレーキ中であるため停止位置が大幅に早く、遅延とエネルギー損失が顕著で評価を低くした。
164.0,Train11,次駅への減速フェーズ（駅手前400m以内）,惰行中,0.1,ブレーキ（減速）,5.0,70.0,70.0,15.95,15.9,42.81,16.0,12.10027374786767,0.0,9.2,この先制限速度なし,この先目立った勾配なし,前方636.1m先を52.5km/h,後続列車なし,0.0,0.0,発車済み,120.0,15.9,0.0,normal,1.0,次駅減速フェーズでrequired_speedとdelta_stopに合致し、制限速度・CBTCを遵守しつつ適切に惰行へ切替えているため高評価。
164.0,Train11,次駅への減速フェーズ（駅手前400m以内）,力行（加速）中,0.1,ブレーキ（減速）,5.0,70.0,70.0,15.95,15.9,42.81,16.0,12.10027374786767,0.0,9.2,この先制限速度なし,この先目立った勾配なし,前方636.1m先を52.5km/h,後続列車なし,0.0,0.0,発車済み,120.0,15.9,0.0,normal,0.2,減速フェーズで加速し、直前のブレーキからの切替が5秒未満でノコギリ運転と判定され、上限0.5点以下に抑えられたため0.2とした。
164.0,Train11,次駅への減速フェーズ（駅手前400m以内）,ブレーキ（減速）中,5.0,惰行,105.1,70.0,70.0,15.95,15.9,42.81,16.0,12.10027374786767,0.0,9.2,この先制限速度なし,この先目立った勾配なし,前方636.1m先を52.5km/h,後続列車なし,0.0,0.0,発車済み,120.0,15.9,0.0,normal,0.2,次駅減速フェーズで必要ブレーキ距離より30m以上早くブレーキをかけ、停止位置が大幅にずれたため低評価とし、reward 0.2とした。
163.5,Train11,次駅への減速フェーズ（駅手前400m以内）,惰行中,0.1,ブレーキ（減速）,0.1,70.0,30.46,3.48,70.0,90.25,16.5,0.5778364537266341,0.0,9.2,この先制限速度なし,この先目立った勾配なし,前方93.9m先を8.1km/h,後続列車なし,40.0,0.0,発車済み,80.0,70.0,0.0,delay_recovery,0.0,ブレーキ→惰行への0.1秒切替がノコギリ運転と判定され、reward上限が0.0点になる。
163.5,Train11,次駅への減速フェーズ（駅手前400m以内）,力行（加速）中,0.1,ブレーキ（減速）,0.1,70.0,30.46,3.48,70.0,90.25,16.5,0.5778364537266341,0.0,9.2,この先制限速度なし,この先目立った勾配なし,前方93.9m先を8.1km/h,後続列車なし,40.0,0.0,発車済み,80.0,70.0,0.0,delay_recovery,0.0,ブレーキから加速への切替が0.1秒で行われ、合理的理由がなくノコギリ運転と判定され即0.0の罰則が適用される。
163.5,Train11,次駅への減速フェーズ（駅手前400m以内）,ブレーキ（減速）中,0.1,惰行,2.2,70.0,30.46,3.48,70.0,90.25,16.5,0.5778364537266341,0.0,9.2,この先制限速度なし,この先目立った勾配なし,前方93.9m先を8.1km/h,後続列車なし,40.0,0.0,発車済み,80.0,70.0,0.0,delay_recovery,0.2,遅延回復モードで制限速度付近走行が必要な中、遠距離で早期ブレーキを行い停止位置が大幅に早すぎるため評価を低くし、reward 0.2とした。
161.8,Train11,次駅への減速フェーズ（駅手前400m以内）,惰行中,0.1,ブレーキ（減速）,6.9,70.0,22.47,20.85,20.9,73.14,18.2,20.644784177908257,0.0,9.2,この先制限速度なし,この先目立った勾配なし,前方73.9m先を3.8km/h,後続列車なし,40.0,0.0,発車済み,80.0,20.9,0.0,normal,1.0,次駅減速フェーズでdelta_stopが正であり、ブレーキ未実施でも安全に停止可能。CBTC・制限速度遵守、間隔適正で評価は最高。
161.8,Train11,次駅への減速フェーズ（駅手前400m以内）,力行（加速）中,0.1,ブレーキ（減速）,6.9,70.0,22.47,20.85,20.9,73.14,18.2,20.644784177908257,0.0,9.2,この先制限速度なし,この先目立った勾配なし,前方73.9m先を3.8km/h,後続列車なし,40.0,0.0,発車済み,80.0,20.9,0.0,normal,0.2,次駅減速フェーズで加速しており停止位置確保が不適切、ブレーキから加速への短時間切替がノコギリ運転と判定されたため低評価。
161.8,Train11,次駅への減速フェーズ（駅手前400m以内）,ブレーキ（減速）中,6.9,惰行,39.0,70.0,22.47,20.85,20.9,73.14,18.2,20.644784177908257,0.0,9.2,この先制限速度なし,この先目立った勾配なし,前方73.9m先を3.8km/h,後続列車なし,40.0,0.0,発車済み,80.0,20.9,0.0,normal,0.2,次駅減速フェーズでブレーキ開始が早すぎ、停止位置が手前になるため遅延が増大し評価が低くなった。
167.7,Train11,次駅への減速フェーズ（駅手前400m以内）,惰行中,0.1,力行（加速）,2.8,70.0,30.79,7.17,70.0,76.3,12.3,2.450928606790273,0.0,9.2,この先制限速度なし,この先目立った勾配なし,前方94.8m先を17.0km/h,後続列車なし,40.0,0.0,発車済み,80.0,70.0,0.0,delay_recovery,0.2,遅延回復モードで速度が制限帯外の低速惰行となり、加速から惰行への短時間切替でノコギリ運転と判定され、停止位置も達成できず評価が低くなる。
167.7,Train11,次駅への減速フェーズ（駅手前400m以内）,力行（加速）中,2.8,ブレーキ（減速）,14.0,70.0,30.79,7.17,70.0,76.3,12.3,2.450928606790273,0.0,9.2,この先制限速度なし,この先目立った勾配なし,前方94.8m先を17.0km/h,後続列車なし,40.0,0.0,発車済み,80.0,70.0,0.0,delay_recovery,0.2,遅延回復モードで制限速度帯から大きく外れ、加速が不十分かつ停車位置が危うく評価が低くなる。
167.7,Train11,次駅への減速フェーズ（駅手前400m以内）,ブレーキ（減速）中,0.1,力行（加速）,2.8,70.0,30.79,7.17,70.0,76.3,12.3,2.450928606790273,0.0,9.2,この先制限速度なし,この先目立った勾配なし,前方94.8m先を17.0km/h,後続列車なし,40.0,0.0,発車済み,80.0,70.0,0.0,delay_recovery,1.0,次駅減速フェーズでブレーキ操作はCBTC・制限速度遵守かつ安全な停止位置確保に適切で、ノコギリ運転や間隔問題もなく高評価。
173.5,Train11,次駅への減速フェーズ（駅手前400m以内）,惰行中,0.1,力行（加速）,11.5,70.0,33.74,24.31,70.0,49.95,6.5,28.03142722008074,0.0,9.2,この先制限速度なし,この先目立った勾配なし,前方103.7m先を26.3km/h,後続列車なし,40.0,0.0,発車済み,80.0,70.0,0.0,delay_recovery,0.3,遅延回復モードで速度が制限速度‑8km/h以下に低く、惰行を続けて遅延拡大と判断し、0.3とした。
173.5,Train11,次駅への減速フェーズ（駅手前400m以内）,力行（加速）中,11.5,ブレーキ（減速）,13.1,70.0,33.74,24.31,70.0,49.95,6.5,28.03142722008074,0.0,9.2,この先制限速度なし,この先目立った勾配なし,前方103.7m先を26.3km/h,後続列車なし,40.0,0.0,発車済み,80.0,70.0,0.0,delay_recovery,0.2,次駅減速フェーズで加速しており、停止位置達成が危険で遅延回復モードでも速度帯外の力行は不適切なため低評価。
173.5,Train11,次駅への減速フェーズ（駅手前400m以内）,ブレーキ（減速）中,0.1,力行（加速）,11.5,70.0,33.74,24.31,70.0,49.95,6.5,28.03142722008074,0.0,9.2,この先制限速度なし,この先目立った勾配なし,前方103.7m先を26.3km/h,後続列車なし,40.0,0.0,発車済み,80.0,70.0,0.0,delay_recovery,0.1,遅延回復モードで速度が制限帯(62‑68km/h)を大きく下回り、ブレーキで更に減速しているため評価が低くなる。
168.8,Train11,次駅への減速フェーズ（駅手前400m以内）,惰行中,0.1,力行（加速）,7.1,70.0,33.01,17.07,70.0,55.22,11.2,13.854574162240988,0.0,9.2,この先制限速度なし,この先目立った勾配なし,前方101.5m先を24.8km/h,後続列車なし,20.0,0.0,発車済み,100.0,70.0,0.0,delay_recovery,1.0,減速フェーズで速度は制限・CBTC内、停止位置は十分確保され、先行列車との間隔も安全。ノコギリ運転なしで適切な惰行のため高評価。
168.8,Train11,次駅への減速フェーズ（駅手前400m以内）,力行（加速）中,7.1,惰行,4.7,70.0,33.01,17.07,70.0,55.22,11.2,13.854574162240988,0.0,9.2,この先制限速度なし,この先目立った勾配なし,前方101.5m先を24.8km/h,後続列車なし,20.0,0.0,発車済み,100.0,70.0,0.0,delay_recovery,0.1,次駅が近く停止が必要なのに加速しているため停止位置達成が不可能で、評価を大幅に減点した。
168.8,Train11,次駅への減速フェーズ（駅手前400m以内）,ブレーキ（減速）中,0.1,力行（加速）,7.1,70.0,33.01,17.07,70.0,55.22,11.2,13.854574162240988,0.0,9.2,この先制限速度なし,この先目立った勾配なし,前方101.5m先を24.8km/h,後続列車なし,20.0,0.0,発車済み,100.0,70.0,0.0,delay_recovery,0.2,遅延回復モードで制限速度付近を維持すべきところ、過度に減速しブレーキを早く掛けているため停止位置も大幅に手前となり、定時性とエネルギー効率が著しく低下した。
157.0,Train11,次駅への減速フェーズ（駅手前400m以内）,惰行中,1.0,ブレーキ（減速）,7.0,70.0,34.06,16.39,21.9,104.74,23.0,12.77539060501684,0.0,9.2,この先制限速度なし,この先目立った勾配なし,前方104.8m先を0.6km/h,後続列車なし,20.0,0.0,発車済み,100.0,21.9,0.0,normal,0.2,次駅減速フェーズでブレーキせず低速惰行しているため遅延増大のちんたら運転と判断し、rewardを0.2とした。
157.0,Train11,次駅への減速フェーズ（駅手前400m以内）,力行（加速）中,1.0,ブレーキ（減速）,7.0,70.0,34.06,16.39,21.9,104.74,23.0,12.77539060501684,0.0,9.2,この先制限速度なし,この先目立った勾配なし,前方104.8m先を0.6km/h,後続列車なし,20.0,0.0,発車済み,100.0,21.9,0.0,normal,0.1,次駅減速フェーズで加速しており停止位置達成が遅れ、先行列車との安全間隔も縮小するため大幅減点し0.1とする。
157.0,Train11,次駅への減速フェーズ（駅手前400m以内）,ブレーキ（減速）中,7.0,惰行,97.0,70.0,34.06,16.39,21.9,104.74,23.0,12.77539060501684,0.0,9.2,この先制限速度なし,この先目立った勾配なし,前方104.8m先を0.6km/h,後続列車なし,20.0,0.0,発車済み,100.0,21.9,0.0,normal,0.2,ブレーキが必要位置より30m以上早く開始され、required_speed未達で減速しているため遅延とエネルギー浪費が顕著。
182.1,Train11,次駅への減速フェーズ（駅手前400m以内）,惰行中,0.1,力行（加速）,5.1,70.0,15.27,19.11,70.0,50.84,0.0,17.35274766664489,2.2,9.2,この先制限速度なし,この先目立った勾配なし,前方61.1m先を13.2km/h,後続列車なし,40.0,0.0,発車済み,80.0,70.0,0.0,delay_recovery,0.0,CBTC信号を2km/h超過して走行しているため即時0点とし、安全違反が最優先で評価を下げた。
182.1,Train11,次駅への減速フェーズ（駅手前400m以内）,力行（加速）中,5.1,ブレーキ（減速）,0.1,70.0,15.27,19.11,70.0,50.84,0.0,17.35274766664489,2.2,9.2,この先制限速度なし,この先目立った勾配なし,前方61.1m先を13.2km/h,後続列車なし,40.0,0.0,発車済み,80.0,70.0,0.0,normal,0.0,CBTC信号を超過し減速フェーズで加速、さらにノコギリ運転と判定されたためrewardは0.0。
182.1,Train11,次駅への減速フェーズ（駅手前400m以内）,ブレーキ（減速）中,0.1,力行（加速）,5.1,70.0,15.27,19.11,70.0,50.84,0.0,17.35274766664489,2.2,9.2,この先制限速度なし,この先目立った勾配なし,前方61.1m先を13.2km/h,後続列車なし,40.0,0.0,発車済み,80.0,70.0,0.0,delay_recovery,0.0,CBTC信号超過（現在速度が信号速度を2km/h以上上回っている）ため即時0点とし、他の評価は不要。
168.2,Train11,次駅への減速フェーズ（駅手前400m以内）,惰行中,119.3,力行（加速）,49.0,70.0,70.0,24.99,70.0,88.6,11.8,29.614239659585603,0.0,9.2,この先制限速度なし,この先目立った勾配なし,前方281.4m先を40.0km/h,後続列車なし,20.0,0.0,発車済み,100.0,70.0,0.0,delay_recovery,0.2,遅延回復モードで速度が制限帯(62‑68km/h)を大きく下回り、次駅減速に向けた適切な加速が欠如しているため低評価。
168.2,Train11,次駅への減速フェーズ（駅手前400m以内）,力行（加速）中,0.1,惰行,119.3,70.0,70.0,24.99,70.0,88.6,11.8,29.614239659585603,0.0,9.2,この先制限速度なし,この先目立った勾配なし,前方281.4m先を40.0km/h,後続列車なし,20.0,0.0,発車済み,100.0,70.0,0.0,delay_recovery,0.1,遅延回復モードでrequired_speed70km/hに対し25km/hの低速で加速し、次駅減速フェーズでブレーキせず加速しているため停止位置達成が不適切で遅延が大幅に拡大し、評価は0.1とした。
168.2,Train11,次駅への減速フェーズ（駅手前400m以内）,ブレーキ（減速）中,0.1,惰行,119.3,70.0,70.0,24.99,70.0,88.6,11.8,29.614239659585603,0.0,9.2,この先制限速度なし,この先目立った勾配なし,前方281.4m先を40.0km/h,後続列車なし,20.0,0.0,発車済み,100.0,70.0,0.0,delay_recovery,0.2,次駅減速フェーズで必要速度70km/hに対し25km/hにブレーキし過度に減速、遅延回復モードで速度帯外のため到達可能性と定時性が大きく損なわれた。
171.0,Train11,次駅への減速フェーズ（駅手前400m以内）,惰行中,122.1,力行（加速）,49.0,70.0,70.0,23.76,70.0,69.65,9.0,26.782666889280094,0.0,9.2,この先制限速度なし,この先目立った勾配なし,前方481.5m先を48.0km/h,後続列車なし,20.0,0.0,発車済み,100.0,70.0,0.0,delay_recovery,0.1,遅延回復モードで必要速度帯外の低速惰行が続き、停車位置も遅れ、定時性が著しく損なわれたため低評価。
171.0,Train11,次駅への減速フェーズ（駅手前400m以内）,力行（加速）中,0.1,惰行,122.1,70.0,70.0,23.76,70.0,69.65,9.0,26.782666889280094,0.0,9.2,この先制限速度なし,この先目立った勾配なし,前方481.5m先を48.0km/h,後続列車なし,20.0,0.0,発車済み,100.0,70.0,0.0,delay_recovery,0.2,次駅減速フェーズで加速しており、停止位置達成が遅れ安全性が低下したため低評価。
171.0,Train11,次駅への減速フェーズ（駅手前400m以内）,ブレーキ（減速）中,0.1,惰行,122.1,70.0,70.0,23.76,70.0,69.65,9.0,26.782666889280094,0.0,9.2,この先制限速度なし,この先目立った勾配なし,前方481.5m先を48.0km/h,後続列車なし,20.0,0.0,発車済み,100.0,70.0,0.0,delay_recovery,0.1,遅延回復モードでrequired_speed70km/hに対し23.8km/hの低速で早期ブレーキを掛け、停止位置も大幅に早すぎるため低評価とした。
178.3,Train11,次駅への減速フェーズ（駅手前400m以内）,惰行中,0.1,ブレーキ（減速）,22.4,70.0,28.04,0.0,70.0,86.24,1.7,0.0,0.0,9.2,この先制限速度なし,この先目立った勾配なし,前方87.2m先を4.1km/h,後続列車なし,40.0,0.0,発車済み,80.0,70.0,0.0,delay_recovery,0.2,遅延回復モードで必要速度付近に遠く離れ、惰行のまま停止しているため遅延回復が不可能で大幅減点。
178.3,Train11,次駅への減速フェーズ（駅手前400m以内）,力行（加速）中,0.1,ブレーキ（減速）,22.4,70.0,28.04,0.0,70.0,86.24,1.7,0.0,0.0,9.2,この先制限速度なし,この先目立った勾配なし,前方87.2m先を4.1km/h,後続列車なし,40.0,0.0,発車済み,80.0,70.0,0.0,delay_recovery,0.1,次駅減速フェーズで不適切に力行し、停止位置達成が危険になるため評価が大幅に低下した。
178.3,Train11,次駅への減速フェーズ（駅手前400m以内）,ブレーキ（減速）中,22.4,惰行,36.0,70.0,28.04,0.0,70.0,86.24,1.7,0.0,0.0,9.2,この先制限速度なし,この先目立った勾配なし,前方87.2m先を4.1km/h,後続列車なし,40.0,0.0,発車済み,80.0,70.0,0.0,delay_recovery,0.1,遅延回復モードで必要速度付近の維持が求められる中、0km/hでブレーキを続け停車位置も遠く、不要な減速が目立つため低評価。
185.0,Train11,次駅への減速フェーズ（駅手前400m以内）,惰行中,0.1,力行（加速）,1.2,70.0,32.29,3.05,70.0,76.15,0.0,0.44389939296800746,5.1,9.2,この先制限速度なし,この先目立った勾配なし,前方99.3m先を18.7km/h,後続列車なし,40.0,0.0,発車済み,80.0,70.0,0.0,delay_recovery,0.0,直前の力行から0.1秒の惰行への短時間切替がノコギリ運転と判定され、reward上限が0.0となった。
185.0,Train11,次駅への減速フェーズ（駅手前400m以内）,力行（加速）中,1.2,ブレーキ（減速）,23.9,70.0,32.29,3.05,70.0,76.15,0.0,0.44389939296800746,5.1,9.2,この先制限速度なし,この先目立った勾配なし,前方99.3m先を18.7km/h,後続列車なし,40.0,0.0,発車済み,80.0,70.0,0.0,delay_recovery,0.2,長時間のブレーキ後に低速で加速し続け、遅延回復に必要な速度帯を大きく下回っているため、停止位置と遅延回復の両面で不適切。
185.0,Train11,次駅への減速フェーズ（駅手前400m以内）,ブレーキ（減速）中,0.1,力行（加速）,1.2,70.0,32.29,3.05,70.0,76.15,0.0,0.44389939296800746,5.1,9.2,この先制限速度なし,この先目立った勾配なし,前方99.3m先を18.7km/h,後続列車なし,40.0,0.0,発車済み,80.0,70.0,0.0,delay_recovery,0.0,力行から0.1秒のブレーキへの不合理な切替がノコギリ運転と判定され、reward上限が0.0となった。
177.5,Train11,次駅への減速フェーズ（駅手前400m以内）,惰行中,0.1,力行（加速）,0.5,70.0,32.56,1.13,70.0,99.8,2.5,0.06095458842657915,0.0,9.2,この先制限速度なし,この先目立った勾配なし,前方100.1m先を2.0km/h,後続列車なし,40.0,0.0,発車済み,80.0,70.0,0.0,delay_recovery,0.0,遅延回復モードで速度帯(制限‑8~‑2km/h)外の惰行を続け、力行→惰行の短時間切替が合理的理由なくノコギリ運転と判定されたためrewardは0.0。
177.5,Train11,次駅への減速フェーズ（駅手前400m以内）,力行（加速）中,0.5,ブレーキ（減速）,18.1,70.0,32.56,1.13,70.0,99.8,2.5,0.06095458842657915,0.0,9.2,この先制限速度なし,この先目立った勾配なし,前方100.1m先を2.0km/h,後続列車なし,40.0,0.0,発車済み,80.0,70.0,0.0,delay_recovery,0.1,次駅減速フェーズで速度1.1km/hのまま加速し、停止位置が遠く遅延回復に不適切なため低評価。
177.5,Train11,次駅への減速フェーズ（駅手前400m以内）,ブレーキ（減速）中,0.1,力行（加速）,0.5,70.0,32.56,1.13,70.0,99.8,2.5,0.06095458842657915,0.0,9.2,この先制限速度なし,この先目立った勾配なし,前方100.1m先を2.0km/h,後続列車なし,40.0,0.0,発車済み,80.0,70.0,0.0,delay_recovery,0.0,加速からブレーキへの切替が7秒未満で合理的理由がなく、ノコギリ運転と判定され上限0.0となった。
171.7,Train11,次駅への減速フェーズ（駅手前400m以内）,惰行中,0.1,ブレーキ（減速）,2.5,70.0,57.88,23.71,70.0,44.41,8.3,26.67053910814161,0.0,9.2,この先制限速度なし,この先目立った勾配なし,前方206.3m先を38.1km/h,後続列車なし,40.0,0.0,発車済み,80.0,70.0,0.0,delay_recovery,0.1,遅延回復モードで必要速度70km/hに対し23.7km/hの低速惰行が続き、定時性が著しく損なわれているため低評価。
171.7,Train11,次駅への減速フェーズ（駅手前400m以内）,力行（加速）中,0.1,ブレーキ（減速）,2.5,70.0,57.88,23.71,70.0,44.41,8.3,26.67053910814161,0.0,9.2,この先制限速度なし,この先目立った勾配なし,前方206.3m先を38.1km/h,後続列車なし,40.0,0.0,発車済み,80.0,70.0,0.0,delay_recovery,0.1,次駅減速フェーズで加速し、遅延回復モードの速度帯から大きく外れ、ノコギリ運転と判定されたため低評価。
171.7,Train11,次駅への減速フェーズ（駅手前400m以内）,ブレーキ（減速）中,2.5,惰行,0.1,70.0,57.88,23.71,70.0,44.41,8.3,26.67053910814161,0.0,9.2,この先制限速度なし,この先目立った勾配なし,前方206.3m先を38.1km/h,後続列車なし,40.0,0.0,発車済み,80.0,70.0,0.0,delay_recovery,0.0,短時間の惰行→減速への切替が合理的根拠なく行われ、保持時間が0.1秒でノコギリ運転と判定され上限0.0点となった。
172.3,Train11,次駅への減速フェーズ（駅手前400m以内）,惰行中,124.4,力行（加速）,48.0,70.0,37.38,22.98,70.0,79.49,7.7,25.0599864640319,0.0,9.2,この先制限速度なし,この先目立った勾配なし,前方115.9m先を22.5km/h,後続列車なし,40.0,0.0,発車済み,80.0,70.0,0.0,delay_recovery,0.2,遅延回復モードで速度が70km/h付近の維持帯を大きく下回り、加速せず惰行しているため遅延回復が不適切。
172.3,Train11,次駅への減速フェーズ（駅手前400m以内）,力行（加速）中,0.1,惰行,124.4,70.0,37.38,22.98,70.0,79.49,7.7,25.0599864640319,0.0,9.2,この先制限速度なし,この先目立った勾配なし,前方115.9m先を22.5km/h,後続列車なし,40.0,0.0,発車済み,80.0,70.0,0.0,delay_recovery,0.2,次駅減速フェーズで加速しており、停止位置への到達が遅れ安全性が低下したため低評価とした。
172.3,Train11,次駅への減速フェーズ（駅手前400m以内）,ブレーキ（減速）中,0.1,惰行,124.4,70.0,37.38,22.98,70.0,79.49,7.7,25.0599864640319,0.0,9.2,この先制限速度なし,この先目立った勾配なし,前方115.9m先を22.5km/h,後続列車なし,40.0,0.0,発車済み,80.0,70.0,0.0,normal,0.2,delta_stopが54.43mと大きく早すぎるブレーキで、必要停止位置より手前で減速しているため評価を低くし、rewardを0.2とした。
182.0,Train11,次駅への減速フェーズ（駅手前400m以内）,惰行中,0.1,ブレーキ（減速）,0.1,70.0,70.0,4.3,70.0,42.1,0.0,0.8820809639492696,2.1,9.2,この先制限速度なし,この先目立った勾配なし,前方321.8m先を43.8km/h,後続列車なし,40.0,0.0,発車済み,80.0,70.0,0.0,delay_recovery,0.0,直前のブレーキから0.1秒で惰行へ切替え、保持時間が7秒未満で合理的根拠がなくノコギリ運転と判定され、上限0.0点となったため。
182.0,Train11,次駅への減速フェーズ（駅手前400m以内）,力行（加速）中,0.1,惰行,0.1,70.0,70.0,4.3,70.0,42.1,0.0,0.8820809639492696,2.1,9.2,この先制限速度なし,この先目立った勾配なし,前方321.8m先を43.8km/h,後続列車なし,40.0,0.0,発車済み,80.0,70.0,0.0,delay_recovery,0.1,減速すべき駅間で加速し、短時間切替が続くため停止位置達成と安全性が著しく損なわれた。
182.0,Train11,次駅への減速フェーズ（駅手前400m以内）,ブレーキ（減速）中,0.1,惰行,0.1,70.0,70.0,4.3,70.0,42.1,0.0,0.8820809639492696,2.1,9.2,この先制限速度なし,この先目立った勾配なし,前方321.8m先を43.8km/h,後続列車なし,40.0,0.0,発車済み,80.0,70.0,0.0,delay_recovery,0.3,次駅減速フェーズで低速4.3km/hでbrakeを開始し、delta_stopが41mと過大で遅延を拡大させたため減点。
179.3,Train11,次駅への減速フェーズ（駅手前400m以内）,惰行中,0.1,ブレーキ（減速）,0.1,70.0,0.0,22.61,70.0,47.44,0.7,24.2626415006101,0.0,9.2,この先制限速度なし,この先目立った勾配なし,前方49.9m先を6.7km/h,後続列車なし,40.0,0.0,発車済み,80.0,70.0,0.0,delay_recovery,0.0,CBTC信号が0km/hなのに22.6km/hで走行し、即時0.0ルールに該当したため評価は0.0とした。
179.3,Train11,次駅への減速フェーズ（駅手前400m以内）,力行（加速）中,0.1,ブレーキ（減速）,0.1,70.0,0.0,22.61,70.0,47.44,0.7,24.2626415006101,0.0,9.2,この先制限速度なし,この先目立った勾配なし,前方49.9m先を6.7km/h,後続列車なし,40.0,0.0,発車済み,80.0,70.0,0.0,delay_recovery,0.0,CBTC信号0km/hを22.6km/hで走行し信号超過のため即0.0評価。
179.3,Train11,次駅への減速フェーズ（駅手前400m以内）,ブレーキ（減速）中,0.1,力行（加速）,0.1,70.0,0.0,22.61,70.0,47.44,0.7,24.2626415006101,0.0,9.2,この先制限速度なし,この先目立った勾配なし,前方49.9m先を6.7km/h,後続列車なし,40.0,0.0,発車済み,80.0,70.0,0.0,delay_recovery,0.0,CBTC信号0km/hを22.6km/hで超過し即0.0ルールが適用、加速→ブレーキへの短時間切替でノコギリ運転と判定されたため。
166.3,Train11,次駅への減速フェーズ（駅手前400m以内）,惰行中,0.1,力行（加速）,4.8,70.0,24.95,14.12,70.0,67.09,13.7,9.488026612388222,0.0,9.2,この先制限速度なし,この先目立った勾配なし,前方79.5m先を14.3km/h,後続列車なし,40.0,0.0,発車済み,80.0,70.0,0.0,delay_recovery,0.2,遅延回復モードで必要速度70km/hに遠く及ばず、惰行に切替えているため安全・定時性が著しく損なわれ、ノコギリ運転も判定される。
166.3,Train11,次駅への減速フェーズ（駅手前400m以内）,力行（加速）中,4.8,ブレーキ（減速）,12.6,70.0,24.95,14.12,70.0,67.09,13.7,9.488026612388222,0.0,9.2,この先制限速度なし,この先目立った勾配なし,前方79.5m先を14.3km/h,後続列車なし,40.0,0.0,発車済み,80.0,70.0,0.0,delay_recovery,0.2,次駅減速フェーズで力行しているため停止位置が確保できず、遅延増大と安全リスクが生じ、rewardを低く設定した。
166.3,Train11,次駅への減速フェーズ（駅手前400m以内）,ブレーキ（減速）中,0.1,力行（加速）,4.8,70.0,24.95,14.12,70.0,67.09,13.7,9.488026612388222,0.0,9.2,この先制限速度なし,この先目立った勾配なし,前方79.5m先を14.3km/h,後続列車なし,40.0,0.0,発車済み,80.0,70.0,0.0,delay_recovery,0.2,遅延回復モードで必要速度帯域外の低速でブレーキしており、速度維持できず遅延が拡大しているため低評価。
188.0,Train11,次駅への減速フェーズ（駅手前400m以内）,惰行中,0.1,力行（加速）,10.1,70.0,33.82,22.07,70.0,63.18,0.0,23.121863267975026,8.1,9.2,この先制限速度なし,この先目立った勾配なし,前方104.0m先を23.6km/h,後続列車なし,40.0,0.0,発車済み,80.0,70.0,0.0,delay_recovery,0.2,遅延回復モードで制限速度付近の維持帯から外れ、現在速度が大幅に低く惰行しているため評価を低くし、reward 0.2とした。
188.0,Train11,次駅への減速フェーズ（駅手前400m以内）,力行（加速）中,10.1,ブレーキ（減速）,22.0,70.0,33.82,22.07,70.0,63.18,0.0,23.121863267975026,8.1,9.2,この先制限速度なし,この先目立った勾配なし,前方104.0m先を23.6km/h,後続列車なし,40.0,0.0,発車済み,80.0,70.0,0.0,delay_recovery,0.2,減速フェーズでの加速は停止位置達成を妨げ、遅延回復モードで必要速度未達かつ速度維持帯から外れるため安全性と遅延回復目的を大きく損なう。
188.0,Train11,次駅への減速フェーズ（駅手前400m以内）,ブレーキ（減速）中,0.1,力行（加速）,10.1,70.0,33.82,22.07,70.0,63.18,0.0,23.121863267975026,8.1,9.2,この先制限速度なし,この先目立った勾配なし,前方104.0m先を23.6km/h,後続列車なし,40.0,0.0,発車済み,80.0,70.0,0.0,delay_recovery,0.1,遅延回復モードで必要速度帯外に大幅減速し、早すぎるブレーキで停車位置が大幅に手前になるため評価を低くし、reward=0.1とした。
183.4,Train11,次駅への減速フェーズ（駅手前400m以内）,惰行中,1.0,力行（加速）,5.4,70.0,13.97,19.45,70.0,43.76,0.0,17.973731843917722,3.5,9.2,この先制限速度なし,この先目立った勾配なし,前方59.3m先を15.8km/h,後続列車なし,40.0,0.0,発車済み,80.0,70.0,0.0,delay_recovery,0.0,CBTC信号速度14km/hを超えて19.4km/hで走行し、即時0.0ルールに該当したため評価は0.0とする。
183.4,Train11,次駅への減速フェーズ（駅手前400m以内）,力行（加速）中,0.1,惰行,1.0,70.0,13.97,19.45,70.0,43.76,0.0,17.973731843917722,3.5,9.2,この先制限速度なし,この先目立った勾配なし,前方59.3m先を15.8km/h,後続列車なし,40.0,0.0,発車済み,80.0,70.0,0.0,delay_recovery,0.0,CBTC信号速度14km/hを2km/h超える19.4km/hで走行し即時0点ルールに該当するため、rewardは0.0とした。
183.4,Train11,次駅への減速フェーズ（駅手前400m以内）,ブレーキ（減速）中,0.1,惰行,1.0,70.0,13.97,19.45,70.0,43.76,0.0,17.973731843917722,3.5,9.2,この先制限速度なし,この先目立った勾配なし,前方59.3m先を15.8km/h,後続列車なし,40.0,0.0,発車済み,80.0,70.0,0.0,delay_recovery,0.0,CBTC信号速度14km/hを2km/h超える19.4km/hで走行し、即reward0.0ルールに該当するため評価は0.0とした。
176.4,Train11,次駅への減速フェーズ（駅手前400m以内）,惰行中,0.1,ブレーキ（減速）,1.8,70.0,47.57,24.72,70.0,47.47,3.6,28.980625422611737,0.0,9.2,この先制限速度なし,この先目立った勾配なし,前方156.2m先を33.7km/h,後続列車なし,20.0,0.0,発車済み,100.0,70.0,0.0,delay_recovery,0.0,次駅減速フェーズでブレーキすべきところを惰行に切り替え、短時間のノコギリ運転と判定されたためreward上限0.0となる。
176.4,Train11,次駅への減速フェーズ（駅手前400m以内）,力行（加速）中,0.1,ブレーキ（減速）,1.8,70.0,47.57,24.72,70.0,47.47,3.6,28.980625422611737,0.0,9.2,この先制限速度なし,この先目立った勾配なし,前方156.2m先を33.7km/h,後続列車なし,20.0,0.0,発車済み,100.0,70.0,0.0,delay_recovery,0.0,前ブレーキから0.1秒の加速への短時間切替が合理的根拠なく、ノコギリ運転と判定され上限0.0となり、現在操作は不適切と評価する。
176.4,Train11,次駅への減速フェーズ（駅手前400m以内）,ブレーキ（減速）中,1.8,惰行,0.1,70.0,47.57,24.72,70.0,47.47,3.6,28.980625422611737,0.0,9.2,この先制限速度なし,この先目立った勾配なし,前方156.2m先を33.7km/h,後続列車なし,20.0,0.0,発車済み,100.0,70.0,0.0,delay_recovery,0.0,現在ブレーキへ0.1秒の惰行から1.8秒の減速へ切り替えたが、合理的理由がなくノコギリ運転と判定され、上限が0.0点となったため、rewardは0.0とした。
184.8,Train11,次駅への減速フェーズ（駅手前400m以内）,惰行中,0.1,力行（加速）,5.4,70.0,23.97,13.16,70.0,55.11,0.0,8.243963431579285,4.9,9.2,この先制限速度なし,この先目立った勾配なし,前方77.2m先を18.4km/h,後続列車なし,40.0,0.0,発車済み,80.0,70.0,0.0,delay_recovery,0.3,遅延回復モードで速度が制限帯(62‑68km/h)を大きく下回り加速せず惰行を続け、直前の加速→惰行が7秒未満で合理的理由なく切替わずノコギリ運転と判定されたため減点し0.3とした。
184.8,Train11,次駅への減速フェーズ（駅手前400m以内）,力行（加速）中,5.4,ブレーキ（減速）,9.5,70.0,23.97,13.16,70.0,55.11,0.0,8.243963431579285,4.9,9.2,この先制限速度なし,この先目立った勾配なし,前方77.2m先を18.4km/h,後続列車なし,40.0,0.0,発車済み,80.0,70.0,0.0,delay_recovery,0.4,次駅減速フェーズで力行しており、遅延回復モードでも減速すべき場面に不適切な加速操作が見られるため評価を下げた。
184.8,Train11,次駅への減速フェーズ（駅手前400m以内）,ブレーキ（減速）中,0.1,力行（加速）,5.4,70.0,23.97,13.16,70.0,55.11,0.0,8.243963431579285,4.9,9.2,この先制限速度なし,この先目立った勾配なし,前方77.2m先を18.4km/h,後続列車なし,40.0,0.0,発車済み,80.0,70.0,0.0,delay_recovery,0.2,次駅減速フェーズで信号速度を下回りながらブレーキを掛けており、停止位置と定時性を損ねるため低評価となる。
183.3,Train11,次駅への減速フェーズ（駅手前400m以内）,惰行中,0.1,力行（加速）,0.1,70.0,70.0,3.98,70.0,40.57,0.0,0.7557308867166637,3.4,9.2,この先制限速度なし,この先目立った勾配なし,前方336.2m先を44.4km/h,後続列車なし,40.0,0.0,発車済み,80.0,70.0,0.0,delay_recovery,0.0,0.1秒の力行→惰行切替が合理的根拠なくノコギリ運転と判定され、reward上限が0.0点となった。
183.3,Train11,次駅への減速フェーズ（駅手前400m以内）,力行（加速）中,0.1,惰行,0.1,70.0,70.0,3.98,70.0,40.57,0.0,0.7557308867166637,3.4,9.2,この先制限速度なし,この先目立った勾配なし,前方336.2m先を44.4km/h,後続列車なし,40.0,0.0,発車済み,80.0,70.0,0.0,delay_recovery,0.0,0.1秒未満の力行⇔惰行切替がノコギリ運転と判定され、prev_notch_durationが2秒未満のためrewardは0.0になる。
183.3,Train11,次駅への減速フェーズ（駅手前400m以内）,ブレーキ（減速）中,0.1,力行（加速）,0.1,70.0,70.0,3.98,70.0,40.57,0.0,0.7557308867166637,3.4,9.2,この先制限速度なし,この先目立った勾配なし,前方336.2m先を44.4km/h,後続列車なし,40.0,0.0,発車済み,80.0,70.0,0.0,delay_recovery,0.1,遅延回復モードで制限速度付近の維持が必要なのに、現在4km/hでブレーキし、停止位置も遠すぎるため評価が低く0.1とした。
161.5,Train11,次駅への減速フェーズ（駅手前400m以内）,惰行中,0.1,力行（加速）,4.5,70.0,21.82,16.09,16.6,64.38,18.5,12.313107403586779,0.0,9.2,この先制限速度なし,この先目立った勾配なし,前方72.6m先を11.9km/h,後続列車なし,20.0,0.0,発車済み,100.0,16.6,0.0,normal,0.3,力行から惰行への切替が7秒未満で合理的根拠がなくノコギリ運転と判定され、reward上限が0.3に制限された。
161.5,Train11,次駅への減速フェーズ（駅手前400m以内）,力行（加速）中,4.5,ブレーキ（減速）,12.1,70.0,21.82,16.09,16.6,64.38,18.5,12.313107403586779,0.0,9.2,この先制限速度なし,この先目立った勾配なし,前方72.6m先を11.9km/h,後続列車なし,20.0,0.0,発車済み,100.0,16.6,0.0,normal,0.2,次駅減速フェーズで力行しており、停止位置への到達が遅れCBTCは守っているが減速すべきため低評価とした。
161.5,Train11,次駅への減速フェーズ（駅手前400m以内）,ブレーキ（減速）中,0.1,力行（加速）,4.5,70.0,21.82,16.09,16.6,64.38,18.5,12.313107403586779,0.0,9.2,この先制限速度なし,この先目立った勾配なし,前方72.6m先を11.9km/h,後続列車なし,20.0,0.0,発車済み,100.0,16.6,0.0,normal,0.2,早すぎるブレーキとノコギリ運転により停止位置が手前になり、エネルギー効率と定時性が低下したため低評価。
169.0,Train11,次駅への減速フェーズ（駅手前400m以内）,惰行中,122.0,力行（加速）,48.0,70.0,38.37,24.43,70.0,101.22,11.0,28.307623558827743,0.0,9.2,この先制限速度なし,この先目立った勾配なし,前方119.4m先を16.9km/h,後続列車なし,40.0,0.0,発車済み,80.0,70.0,0.0,delay_recovery,0.2,遅延回復モードで必要速度帯を大きく下回り、惰行は遅延拡大につながるため評価を大幅に減点した。
169.0,Train11,次駅への減速フェーズ（駅手前400m以内）,力行（加速）中,1.0,惰行,122.0,70.0,38.37,24.43,70.0,101.22,11.0,28.307623558827743,0.0,9.2,この先制限速度なし,この先目立った勾配なし,前方119.4m先を16.9km/h,後続列車なし,40.0,0.0,発車済み,80.0,70.0,0.0,delay_recovery,0.2,遅延回復モードで速度が制限帯外に低く、減速フェーズで加速し先行列車に接近しているため低評価。
169.0,Train11,次駅への減速フェーズ（駅手前400m以内）,ブレーキ（減速）中,1.0,惰行,122.0,70.0,38.37,24.43,70.0,101.22,11.0,28.307623558827743,0.0,9.2,この先制限速度なし,この先目立った勾配なし,前方119.4m先を16.9km/h,後続列車なし,40.0,0.0,発車済み,80.0,70.0,0.0,delay_recovery,0.2,遅延回復モードで制限速度付近走行が求められる中、ブレーキに切り替えたため早すぎる減速となり停止位置が大幅に手前になるほか、定時性が損なわれ評価を低下させた。
177.6,Train11,次駅への減速フェーズ（駅手前400m以内）,惰行中,0.1,ブレーキ（減速）,0.1,70.0,0.0,1.41,70.0,48.48,2.4,0.09489959958840084,0.0,9.2,この先制限速度なし,この先目立った勾配なし,前方48.8m先を2.2km/h,後続列車なし,40.0,0.0,発車済み,80.0,70.0,0.0,delay_recovery,0.1,次駅まで48m残りで速度1.4km/h、ブレーキ未実施のため停止位置が不可能で遅延リスクが高く評価が低い。
177.6,Train11,次駅への減速フェーズ（駅手前400m以内）,力行（加速）中,0.1,ブレーキ（減速）,0.1,70.0,0.0,1.41,70.0,48.48,2.4,0.09489959958840084,0.0,9.2,この先制限速度なし,この先目立った勾配なし,前方48.8m先を2.2km/h,後続列車なし,40.0,0.0,発車済み,80.0,70.0,0.0,delay_recovery,0.0,次駅減速中に加速しブレーキ未実施で停止位置が危険、かつブレーキ→力行の短時間切替がノコギリ運転と判定され上限0.0となる。
177.6,Train11,次駅への減速フェーズ（駅手前400m以内）,ブレーキ（減速）中,0.1,力行（加速）,0.5,70.0,0.0,1.41,70.0,48.48,2.4,0.09489959958840084,0.0,9.2,この先制限速度なし,この先目立った勾配なし,前方48.8m先を2.2km/h,後続列車なし,40.0,0.0,発車済み,80.0,70.0,0.0,delay_recovery,0.0,加速から0.1秒のブレーキへの短時間切替がノコギリ運転と判定され、即時0点上限が適用されたため、他の評価は無効となります。
182.4,Train11,次駅への減速フェーズ（駅手前400m以内）,惰行中,0.1,力行（加速）,5.5,70.0,23.22,15.08,70.0,64.16,0.0,10.819033290118949,2.5,9.2,この先制限速度なし,この先目立った勾配なし,前方75.5m先を13.8km/h,後続列車なし,40.0,0.0,発車済み,80.0,70.0,0.0,delay_recovery,0.7,遅延回復モードで制限速度付近に維持すべきなのに、現在は低速惰行が続き遅延回復が不十分なため評価を減点した。
182.4,Train11,次駅への減速フェーズ（駅手前400m以内）,力行（加速）中,5.5,ブレーキ（減速）,0.3,70.0,23.22,15.08,70.0,64.16,0.0,10.819033290118949,2.5,9.2,この先制限速度なし,この先目立った勾配なし,前方75.5m先を13.8km/h,後続列車なし,40.0,0.0,発車済み,80.0,70.0,0.0,delay_recovery,0.9,遅延回復モードで制限速度帯へ戻すための力行は適切で、CBTC遵守・安全上問題なく、停車位置も十分確保できる。
182.4,Train11,次駅への減速フェーズ（駅手前400m以内）,ブレーキ（減速）中,0.1,力行（加速）,5.5,70.0,23.22,15.08,70.0,64.16,0.0,10.819033290118949,2.5,9.2,この先制限速度なし,この先目立った勾配なし,前方75.5m先を13.8km/h,後続列車なし,40.0,0.0,発車済み,80.0,70.0,0.0,delay_recovery,0.1,遅延回復モードで必要速度帯を大きく下回り、不要なブレーキとノコギリ運転により停止位置も過早で評価が低く0.1となる。
180.2,Train11,次駅への減速フェーズ（駅手前400m以内）,惰行中,0.1,力行（加速）,3.2,70.0,31.77,8.15,70.0,93.28,0.0,3.1659653759134465,0.3,9.2,この先制限速度なし,この先目立った勾配なし,前方97.7m先を8.9km/h,後続列車なし,40.0,0.0,発車済み,80.0,70.0,0.0,delay_recovery,0.2,遅延回復モードで制限速度付近維持が必要なのに、減速フェーズでブレーキせず惰行に切替え、短時間のノコギリ運転となり安全・定時性が損なわれたため低評価。
180.2,Train11,次駅への減速フェーズ（駅手前400m以内）,力行（加速）中,3.2,惰行,2.1,70.0,31.77,8.15,70.0,93.28,0.0,3.1659653759134465,0.3,9.2,この先制限速度なし,この先目立った勾配なし,前方97.7m先を8.9km/h,後続列車なし,40.0,0.0,発車済み,80.0,70.0,0.0,delay_recovery,0.2,惰行2.1秒→力行3.2秒への短時間切替に合理的根拠がなくノコギリ運転と判定され、reward上限が0.3に抑えられた。
180.2,Train11,次駅への減速フェーズ（駅手前400m以内）,ブレーキ（減速）中,0.1,力行（加速）,3.2,70.0,31.77,8.15,70.0,93.28,0.0,3.1659653759134465,0.3,9.2,この先制限速度なし,この先目立った勾配なし,前方97.7m先を8.9km/h,後続列車なし,40.0,0.0,発車済み,80.0,70.0,0.0,delay_recovery,0.1,遅延回復モードで必要速度付近を大きく下回り、不要なブレーキと短時間の加減速反転が見られ安全・遅延回復の目的を著しく損ねるため低評価。
159.1,Train11,次駅への減速フェーズ（駅手前400m以内）,惰行中,0.1,ブレーキ（減速）,11.2,70.0,21.97,3.79,17.5,70.82,20.9,0.6853253578561472,0.0,9.2,この先制限速度なし,この先目立った勾配なし,前方72.9m先を6.2km/h,後続列車なし,20.0,0.0,発車済み,100.0,17.5,0.0,normal,0.2,次駅減速フェーズで速度3.8km/hのまま惰行を続け、ブレーキ未実施のため遅延を拡大させるちんたら運転と判断された。
159.1,Train11,次駅への減速フェーズ（駅手前400m以内）,力行（加速）中,0.1,ブレーキ（減速）,11.2,70.0,21.97,3.79,17.5,70.82,20.9,0.6853253578561472,0.0,9.2,この先制限速度なし,この先目立った勾配なし,前方72.9m先を6.2km/h,後続列車なし,20.0,0.0,発車済み,100.0,17.5,0.0,normal,0.2,次駅減速フェーズで加速し続け低速走行しているため、停止位置達成が遅れちんたら運転とみなされ、低評価となる。
159.1,Train11,次駅への減速フェーズ（駅手前400m以内）,ブレーキ（減速）中,11.2,惰行,91.0,70.0,21.97,3.79,17.5,70.82,20.9,0.6853253578561472,0.0,9.2,この先制限速度なし,この先目立った勾配なし,前方72.9m先を6.2km/h,後続列車なし,20.0,0.0,発車済み,100.0,17.5,0.0,normal,0.2,ブレーキが駅手前400m以内で過度に早く開始され、delta_stopが70mと大きく早すぎるため停止位置達成が遅れ、定時到着が危うく評価を低くした。
157.9,Train11,次駅への減速フェーズ（駅手前400m以内）,惰行中,0.1,ブレーキ（減速）,11.0,70.0,28.64,7.94,19.1,88.29,22.1,3.005065474155181,0.0,9.2,この先制限速度なし,この先目立った勾配なし,前方88.8m先を3.1km/h,後続列車なし,20.0,0.0,発車済み,100.0,19.1,0.0,normal,0.2,次駅減速フェーズで必要なブレーキを行わず惰行しているため停止位置達成が危うく、遅延とエネルギー効率が低下する。
157.9,Train11,次駅への減速フェーズ（駅手前400m以内）,力行（加速）中,0.1,ブレーキ（減速）,11.0,70.0,28.64,7.94,19.1,88.29,22.1,3.005065474155181,0.0,9.2,この先制限速度なし,この先目立った勾配なし,前方88.8m先を3.1km/h,後続列車なし,20.0,0.0,発車済み,100.0,19.1,0.0,normal,0.1,次駅減速フェーズで低速の力行を続け、停止位置達成が遅れ、ちんたら運転と判断されたため低評価。
157.9,Train11,次駅への減速フェーズ（駅手前400m以内）,ブレーキ（減速）中,11.0,惰行,49.0,70.0,28.64,7.94,19.1,88.29,22.1,3.005065474155181,0.0,9.2,この先制限速度なし,この先目立った勾配なし,前方88.8m先を3.1km/h,後続列車なし,20.0,0.0,発車済み,100.0,19.1,0.0,normal,0.2,次駅減速フェーズでブレーキを早く掛けすぎ、delta_stopが85mと大きく停止位置が遠く、必要速度を大幅に下回り遅延とエネルギー損失が顕著なため低評価。
163.7,Train11,次駅への減速フェーズ（駅手前400m以内）,惰行中,0.1,ブレーキ（減速）,12.8,70.0,30.27,3.84,70.0,89.26,16.3,0.703519713510524,0.0,9.2,この先制限速度なし,この先目立った勾配なし,前方93.3m先を8.5km/h,後続列車なし,40.0,0.0,発車済み,80.0,70.0,0.0,delay_recovery,0.1,遅延回復モードで必要な62〜68km/h帯を大きく下回り、減速フェーズで惰行に切り替えているため停車位置も遠く遅延が拡大し評価が低くなる。
163.7,Train11,次駅への減速フェーズ（駅手前400m以内）,力行（加速）中,0.1,ブレーキ（減速）,12.8,70.0,30.27,3.84,70.0,89.26,16.3,0.703519713510524,0.0,9.2,この先制限速度なし,この先目立った勾配なし,前方93.3m先を8.5km/h,後続列車なし,40.0,0.0,発車済み,80.0,70.0,0.0,delay_recovery,0.9,遅延回復モードで制限速度帯下部にいるため、加速操作は正当であり、速度・信号・安全上の違反がなく、ノコギリ運転でもない。
163.7,Train11,次駅への減速フェーズ（駅手前400m以内）,ブレーキ（減速）中,12.8,惰行,38.0,70.0,30.27,3.84,70.0,89.26,16.3,0.703519713510524,0.0,9.2,この先制限速度なし,この先目立った勾配なし,前方93.3m先を8.5km/h,後続列車なし,40.0,0.0,発車済み,80.0,70.0,0.0,delay_recovery,0.2,低速で早期にブレーキを継続しdelta_stopが大きく停止位置が遠すぎるため遅延が拡大し、安全性は保たれるが運転品質が低くrewardは0.2とした。
1.0,Train11,駅出発直後の加速フェーズ（20秒以内）,惰行中,1.0,ブレーキ（減速）,1.0,70.0,70.0,3.17,55.6,2177.55,179.0,0.5556035075874219,0.0,-2.1,この先制限速度なし,387m先に下り勾配6.7‰あり,前方1662.0m先を44.0km/h,後続列車なし,0.0,90.0,未発車,120.0,55.6,0.0,normal,0.0,加速すべき場面でブレーキ後すぐ惰行に切替え、保持時間1秒のノコギリ運転と判定し、reward上限を0.0とした。
1.0,Train11,駅出発直後の加速フェーズ（20秒以内）,力行（加速）中,1.0,ブレーキ（減速）,1.0,70.0,70.0,3.17,55.6,2177.55,179.0,0.5556035075874219,0.0,-2.1,この先制限速度なし,387m先に下り勾配6.7‰あり,前方1662.0m先を44.0km/h,後続列車なし,0.0,90.0,未発車,120.0,55.6,0.0,normal,0.0,直前のブレーキが1秒で、現在の力行へ短時間で切り替えたためノコギリ運転と判定され、reward上限が0.0となる。
1.0,Train11,駅出発直後の加速フェーズ（20秒以内）,ブレーキ（減速）中,1.0,力行（加速）,1.0,70.0,70.0,3.17,55.6,2177.55,179.0,0.5556035075874219,0.0,-2.1,この先制限速度なし,387m先に下り勾配6.7‰あり,前方1662.0m先を44.0km/h,後続列車なし,0.0,90.0,未発車,120.0,55.6,0.0,normal,0.0,加速フェーズで1秒の力行→減速への短時間切替が合理的根拠なくノコギリ運転と判定され、reward上限が0.0となる。
3.0,Train11,駅出発直後の加速フェーズ（20秒以内）,惰行中,1.0,力行（加速）,2.0,70.0,70.0,3.79,56.1,2176.4,177.0,0.7940725746186486,0.0,-2.1,この先制限速度なし,384m先に下り勾配6.7‰あり,前方1240.9m先を47.5km/h,後続列車なし,20.0,124.0,未発車,100.0,56.1,0.0,normal,0.2,加速途中で不必要に惰行へ切替え、保持時間が7秒未満で反転しているためノコギリ運転とみなされ、reward上限が0.3に制限されさらに遅延リスクで減点。
3.0,Train11,駅出発直後の加速フェーズ（20秒以内）,力行（加速）中,2.0,ブレーキ（減速）,1.0,70.0,70.0,3.79,56.1,2176.4,177.0,0.7940725746186486,0.0,-2.1,この先制限速度なし,384m先に下り勾配6.7‰あり,前方1240.9m先を47.5km/h,後続列車なし,20.0,124.0,未発車,100.0,56.1,0.0,normal,0.2,直前のブレーキから2秒の加速への切替が7秒未満で合理的理由がなく、ノコギリ運転と判定され上限0.3に抑えられる。
3.0,Train11,駅出発直後の加速フェーズ（20秒以内）,ブレーキ（減速）中,1.0,力行（加速）,2.0,70.0,70.0,3.79,56.1,2176.4,177.0,0.7940725746186486,0.0,-2.1,この先制限速度なし,384m先に下り勾配6.7‰あり,前方1240.9m先を47.5km/h,後続列車なし,20.0,124.0,未発車,100.0,56.1,0.0,normal,0.2,加速フェーズで不要なブレーキと短時間の逆転操作によりノコギリ運転と判定され、上限0.3点に抑えられたため0.2点とした。
5.0,Train11,駅出発直後の加速フェーズ（20秒以内）,惰行中,1.0,力行（加速）,2.0,70.0,70.0,3.76,56.9,2176.05,175.0,0.7815569549871197,0.0,-2.1,この先制限速度なし,384m先に下り勾配6.7‰あり,前方998.2m先を47.5km/h,後続列車なし,40.0,157.0,未発車,80.0,56.9,0.0,normal,0.1,加速フェーズで不必要な惰行とノコギリ運転によりrequired_speed未達で遅延リスクが高く評価を大幅に減点した。
5.0,Train11,駅出発直後の加速フェーズ（20秒以内）,力行（加速）中,2.0,惰行,2.0,70.0,70.0,3.76,56.9,2176.05,175.0,0.7815569549871197,0.0,-2.1,この先制限速度なし,384m先に下り勾配6.7‰あり,前方998.2m先を47.5km/h,後続列車なし,40.0,157.0,未発車,80.0,56.9,0.0,normal,0.3,加速は必要だが、2秒の惰行から2秒の力行への短時間切替がノコギリ運転と判定され、reward上限が0.3に制限された。
5.0,Train11,駅出発直後の加速フェーズ（20秒以内）,ブレーキ（減速）中,1.0,力行（加速）,2.0,70.0,70.0,3.76,56.9,2176.05,175.0,0.7815569549871197,0.0,-2.1,この先制限速度なし,384m先に下り勾配6.7‰あり,前方998.2m先を47.5km/h,後続列車なし,40.0,157.0,未発車,80.0,56.9,0.0,normal,0.2,通常運転中に加速フェーズで不要なブレーキを行い、ノコギリ運転と判定されたため大幅減点し0.2とした。
173.9,Train11,次駅への減速フェーズ（駅手前400m以内）,惰行中,0.1,ブレーキ（減速）,12.0,70.0,28.01,3.71,70.0,87.13,6.1,0.6567097604444475,0.0,9.2,この先制限速度なし,この先目立った勾配なし,前方87.1m先を0.0km/h,後続列車なし,40.0,15.0,未発車,80.0,16.9,26.9,anti_mid_stop,0.2,先行列車が塞いで駅間停車防止モードとなり、target_speed_no_stop(16.9km/h)を大きく下回る低速惰行で停止位置に間に合わず遅延が拡大するため低評価。
173.9,Train11,次駅への減速フェーズ（駅手前400m以内）,力行（加速）中,0.1,ブレーキ（減速）,12.0,70.0,28.01,3.71,70.0,87.13,6.1,0.6567097604444475,0.0,9.2,この先制限速度なし,この先目立った勾配なし,前方87.1m先を0.0km/h,後続列車なし,40.0,15.0,未発車,80.0,16.9,26.9,anti_mid_stop,0.1,先行列車が停車中で機外停車防止モードのため、不要な力行は先行に追いつき危険であり評価を大幅に減点した。
173.9,Train11,次駅への減速フェーズ（駅手前400m以内）,ブレーキ（減速）中,12.0,惰行,30.0,70.0,28.01,3.71,70.0,87.13,6.1,0.6567097604444475,0.0,9.2,この先制限速度なし,この先目立った勾配なし,前方87.1m先を0.0km/h,後続列車なし,40.0,15.0,未発車,80.0,16.9,26.9,anti_mid_stop,0.2,先行列車が停車中で駅間停車防止モード。target_speed_no_stop 16.9km/h を大きく下回り不要なブレーキで早すぎる停止位置となり大幅減点。
173.2,Train11,次駅への減速フェーズ（駅手前400m以内）,惰行中,0.1,ブレーキ（減速）,10.3,70.0,32.19,7.86,70.0,98.96,6.8,2.944871613452469,0.0,9.2,この先制限速度なし,この先目立った勾配なし,前方99.0m先を0.0km/h,後続列車なし,40.0,15.0,未発車,80.0,18.5,26.2,anti_mid_stop,0.5,先行列車が停車中で駅間停車防止モード。target_speed_no_stop以下の惰行は適切だが、現在速度が基準を10km/h以上下回っているため遅延リスクがあり評価を減点した。
173.2,Train11,次駅への減速フェーズ（駅手前400m以内）,力行（加速）中,0.1,ブレーキ（減速）,10.3,70.0,32.19,7.86,70.0,98.96,6.8,2.944871613452469,0.0,9.2,この先制限速度なし,この先目立った勾配なし,前方99.0m先を0.0km/h,後続列車なし,40.0,15.0,未発車,80.0,18.5,26.2,anti_mid_stop,0.2,先行列車が塞ぎ駅間停車防止モードで、target_speed_no_stop以下に抑えるべきところを加速し駅停止位置への到達が遅延しているため低評価。
173.2,Train11,次駅への減速フェーズ（駅手前400m以内）,ブレーキ（減速）中,10.3,惰行,20.0,70.0,32.19,7.86,70.0,98.96,6.8,2.944871613452469,0.0,9.2,この先制限速度なし,この先目立った勾配なし,前方99.0m先を0.0km/h,後続列車なし,40.0,15.0,未発車,80.0,18.5,26.2,anti_mid_stop,0.1,ブレーキが早すぎて停止位置が大きくずれ、駅間停車防止モードでも適切な減速ではないため低評価。
172.5,Train11,次駅への減速フェーズ（駅手前400m以内）,惰行中,0.3,ブレーキ（減速）,0.1,70.0,3.68,4.57,70.0,50.64,7.5,0.9962740112277193,0.0,9.2,この先制限速度なし,この先目立った勾配なし,前方50.6m先を0.0km/h,後続列車なし,40.0,15.0,未発車,80.0,12.4,25.5,anti_mid_stop,0.9,先行列車が停車中で機外停車防止モード。target_speed_no_stop以下の惰行は適切で、速度・CBTC・停止位置すべて遵守しているため高評価。
172.5,Train11,次駅への減速フェーズ（駅手前400m以内）,力行（加速）中,0.1,惰行,0.3,70.0,3.68,4.57,70.0,50.64,7.5,0.9962740112277193,0.0,9.2,この先制限速度なし,この先目立った勾配なし,前方50.6m先を0.0km/h,後続列車なし,40.0,15.0,未発車,80.0,12.4,25.5,anti_mid_stop,0.0,加速と惰行の切替が7秒未満で合理的理由なく行われ、ノコギリ運転と判定され、即reward0.0上限が適用されたため評価は0.0となった。
172.5,Train11,次駅への減速フェーズ（駅手前400m以内）,ブレーキ（減速）中,0.1,惰行,0.3,70.0,3.68,4.57,70.0,50.64,7.5,0.9962740112277193,0.0,9.2,この先制限速度なし,この先目立った勾配なし,前方50.6m先を0.0km/h,後続列車なし,40.0,15.0,未発車,80.0,12.4,25.5,anti_mid_stop,0.2,駅間停車防止モードで target_speed_no_stop 12.4km/h 以下に抑えるべきところを不必要にブレーキし、停車位置から約50m 手前で止まる恐れがあるため低評価とした。
170.3,Train11,次駅への減速フェーズ（駅手前400m以内）,惰行中,0.1,ブレーキ（減速）,11.4,70.0,21.17,4.97,70.0,71.26,9.7,1.1782067608936961,0.0,9.2,この先制限速度なし,この先目立った勾配なし,前方71.3m先を0.0km/h,後続列車なし,40.0,15.0,未発車,80.0,14.9,23.3,anti_mid_stop,0.9,先行列車が停車中で駅間停車防止モード。target_speed_no_stop以下で惰行は適切であり、速度はtarget_speed_no_stopを10km/h以内に下回っているため減点なし。
170.3,Train11,次駅への減速フェーズ（駅手前400m以内）,力行（加速）中,0.1,ブレーキ（減速）,11.4,70.0,21.17,4.97,70.0,71.26,9.7,1.1782067608936961,0.0,9.2,この先制限速度なし,この先目立った勾配なし,前方71.3m先を0.0km/h,後続列車なし,40.0,15.0,未発車,80.0,14.9,23.3,anti_mid_stop,0.9,先行列車が停車中で機外停車防止モード。target_speed_no_stop以下で加速しており安全かつ停車位置も確保できるため高評価。
170.3,Train11,次駅への減速フェーズ（駅手前400m以内）,ブレーキ（減速）中,11.4,惰行,40.0,70.0,21.17,4.97,70.0,71.26,9.7,1.1782067608936961,0.0,9.2,この先制限速度なし,この先目立った勾配なし,前方71.3m先を0.0km/h,後続列車なし,40.0,15.0,未発車,80.0,14.9,23.3,anti_mid_stop,0.2,先行列車が停車中で駅間停車防止モード。target_speed_no_stop以下に速度が低く、不要なブレーキで早期停止し、停止位置が大きくずれたため減点し0.2とする。
158.8,Train11,次駅への減速フェーズ（駅手前400m以内）,惰行中,0.1,ブレーキ（減速）,11.8,70.0,11.83,6.77,13.2,56.65,21.2,2.1852955942301517,0.0,9.2,この先制限速度なし,この先目立った勾配なし,前方56.7m先を0.0km/h,後続列車なし,40.0,15.0,未発車,80.0,13.1,27.8,anti_mid_stop,0.2,先行列車が停車中で駅間停車防止モード。target_speed_no_stop未達のまま惰行し、required_speedに届かず停止位置も遅れが生じるため低評価とした。
158.8,Train11,次駅への減速フェーズ（駅手前400m以内）,力行（加速）中,0.1,惰行,0.1,70.0,11.83,6.77,13.2,56.65,21.2,2.1852955942301517,0.0,9.2,この先制限速度なし,この先目立った勾配なし,前方56.7m先を0.0km/h,後続列車なし,40.0,15.0,未発車,80.0,13.1,27.8,anti_mid_stop,0.0,先行列車が停車中で機外停車防止モード、不要な加速と0.1秒のノッチ切替がノコギリ運転と判定され、即reward=0.0とする。
158.8,Train11,次駅への減速フェーズ（駅手前400m以内）,ブレーキ（減速）中,0.1,惰行,0.1,70.0,11.83,6.77,13.2,56.65,21.2,2.1852955942301517,0.0,9.2,この先制限速度なし,この先目立った勾配なし,前方56.7m先を0.0km/h,後続列車なし,40.0,15.0,未発車,80.0,13.1,27.8,anti_mid_stop,0.0,先行列車が塞ぎ駅間停車防止モードで、target_speed_no_stop以下に抑えるべきところを不要なブレーキと短時間のノコギリ運転により安全性が損なわれたためrewardは0.0。
156.4,Train11,次駅への減速フェーズ（駅手前400m以内）,惰行中,0.6,ブレーキ（減速）,0.1,70.0,30.23,2.99,19.7,93.19,23.6,0.42661150963795863,0.0,9.2,この先制限速度なし,この先目立った勾配なし,前方93.2m先を0.2km/h,後続列車なし,20.0,15.0,未発車,100.0,17.7,29.4,anti_mid_stop,0.0,ブレーキから惰行への短時間切替に合理的根拠がなくノコギリ運転と判定され、reward上限が0.0となった。
156.4,Train11,次駅への減速フェーズ（駅手前400m以内）,力行（加速）中,0.1,惰行,0.6,70.0,30.23,2.99,19.7,93.19,23.6,0.42661150963795863,0.0,9.2,この先制限速度なし,この先目立った勾配なし,前方93.2m先を0.2km/h,後続列車なし,20.0,15.0,未発車,100.0,17.7,29.4,anti_mid_stop,0.9,先行列車が塞いでいる駅間停車防止モードで、target_speed_no_stop以下に向けた加速は合理的であり、停止位置も十分確保できるため高評価とした。
156.4,Train11,次駅への減速フェーズ（駅手前400m以内）,ブレーキ（減速）中,0.1,惰行,0.6,70.0,30.23,2.99,19.7,93.19,23.6,0.42661150963795863,0.0,9.2,この先制限速度なし,この先目立った勾配なし,前方93.2m先を0.2km/h,後続列車なし,20.0,15.0,未発車,100.0,17.7,29.4,anti_mid_stop,0.0,先行列車が停車中で機外停車防止モード。target_speed_no_stopを大幅下回るブレーキとノコギリ運転により停止位置が早すぎ、評価上限0.0となる。
4.0,Train11,駅出発直後の加速フェーズ（20秒以内）,惰行中,1.0,力行（加速）,1.0,70.0,70.0,1.27,56.5,2175.7,176.0,0.08921617364916967,0.0,-2.1,この先制限速度なし,384m先に下り勾配6.7‰あり,前方1147.7m先を57.9km/h,後続列車なし,40.0,142.0,未発車,80.0,56.5,0.0,normal,0.0,力行→惰行への短時間切替が合理的根拠なく行われ、持続時間<2秒のノコギリ運転と判定され上限0.0点となった。
4.0,Train11,駅出発直後の加速フェーズ（20秒以内）,力行（加速）中,1.0,ブレーキ（減速）,1.0,70.0,70.0,1.27,56.5,2175.7,176.0,0.08921617364916967,0.0,-2.1,この先制限速度なし,384m先に下り勾配6.7‰あり,前方1147.7m先を57.9km/h,後続列車なし,40.0,142.0,未発車,80.0,56.5,0.0,normal,0.0,直前のブレーキから1秒で力行への切替が7秒未満で合理的根拠なく行われ、ノコギリ運転と判定され上限0.0点となった。
4.0,Train11,駅出発直後の加速フェーズ（20秒以内）,ブレーキ（減速）中,1.0,力行（加速）,1.0,70.0,70.0,1.27,56.5,2175.7,176.0,0.08921617364916967,0.0,-2.1,この先制限速度なし,384m先に下り勾配6.7‰あり,前方1147.7m先を57.9km/h,後続列車なし,40.0,142.0,未発車,80.0,56.5,0.0,normal,0.0,加速フェーズでブレーキに切り替え、持続時間が7秒未満のノコギリ運転と判定され、reward上限が0.0となる。
173.0,Train11,次駅への減速フェーズ（駅手前400m以内）,惰行中,0.1,ブレーキ（減速）,12.1,70.0,25.93,7.75,70.0,81.83,7.0,2.8630973446056474,0.0,9.2,この先制限速度なし,この先目立った勾配なし,前方81.8m先を0.0km/h,後続列車なし,40.0,15.0,未発車,80.0,16.3,26.0,anti_mid_stop,0.8,先行列車が停車中で駅間停車防止モード。target_speed_no_stop以下の惰行は適切で、速度は上限を大きく超えていないため高評価。
173.0,Train11,次駅への減速フェーズ（駅手前400m以内）,力行（加速）中,0.1,ブレーキ（減速）,12.1,70.0,25.93,7.75,70.0,81.83,7.0,2.8630973446056474,0.0,9.2,この先制限速度なし,この先目立った勾配なし,前方81.8m先を0.0km/h,後続列車なし,40.0,15.0,未発車,80.0,16.3,26.0,anti_mid_stop,0.3,先行が塞ぎ駅間停車防止モードで、target_speed_no_stop未達のまま不要な力行を行い機外停車リスクを増大させたため減点。
173.0,Train11,次駅への減速フェーズ（駅手前400m以内）,ブレーキ（減速）中,12.1,惰行,11.0,70.0,25.93,7.75,70.0,81.83,7.0,2.8630973446056474,0.0,9.2,この先制限速度なし,この先目立った勾配なし,前方81.8m先を0.0km/h,後続列車なし,40.0,15.0,未発車,80.0,16.3,26.0,anti_mid_stop,0.4,駅間停車防止モードでtarget_speed_no_stop以下に抑えるべきところを不必要にブレーキし、停止位置が遠すぎるためフェーズ評価がNGとなり低評価となった。
2.0,Train11,駅出発直後の加速フェーズ（20秒以内）,惰行中,1.0,力行（加速）,1.0,70.0,70.0,0.65,56.1,2177.03,178.0,0.023373426087989622,0.0,-2.1,この先制限速度なし,386m先に下り勾配6.7‰あり,前方1116.8m先を58.3km/h,後続列車なし,40.0,144.0,未発車,80.0,56.1,0.0,normal,0.0,加速フェーズで1秒だけ力行後すぐ惰行へ切替し、持続時間が7秒未満で合理的理由がなくノコギリ運転と判定、上限0.0点のためreward=0.0。
2.0,Train11,駅出発直後の加速フェーズ（20秒以内）,力行（加速）中,1.0,ブレーキ（減速）,1.0,70.0,70.0,0.65,56.1,2177.03,178.0,0.023373426087989622,0.0,-2.1,この先制限速度なし,386m先に下り勾配6.7‰あり,前方1116.8m先を58.3km/h,後続列車なし,40.0,144.0,未発車,80.0,56.1,0.0,normal,0.0,直前のブレーキ→加速への短時間切替が合理的理由なくノコギリ運転と判定され、reward上限が0.0となった。
2.0,Train11,駅出発直後の加速フェーズ（20秒以内）,ブレーキ（減速）中,1.0,力行（加速）,1.0,70.0,70.0,0.65,56.1,2177.03,178.0,0.023373426087989622,0.0,-2.1,この先制限速度なし,386m先に下り勾配6.7‰あり,前方1116.8m先を58.3km/h,後続列車なし,40.0,144.0,未発車,80.0,56.1,0.0,normal,0.0,加速フェーズで不要なブレーキに切替え、前後ノッチ保持時間が1秒未満で合理的理由がなくノコギリ運転と判定され、reward上限が0.0となった。
2.0,Train11,駅出発直後の加速フェーズ（20秒以内）,惰行中,1.0,力行（加速）,3.0,70.0,70.0,6.17,55.6,2176.25,178.0,2.1032483734342726,0.0,-2.1,この先制限速度なし,384m先に下り勾配6.7‰あり,前方1494.7m先を46.5km/h,後続列車なし,0.0,105.0,未発車,120.0,55.6,0.0,normal,0.2,加速フェーズでrequired_speedに達していないのに惰行へ切替え、7秒未満の短時間切替でノコギリ運転と判定されたため低評価。
2.0,Train11,駅出発直後の加速フェーズ（20秒以内）,力行（加速）中,3.0,ブレーキ（減速）,30.0,70.0,70.0,6.17,55.6,2176.25,178.0,2.1032483734342726,0.0,-2.1,この先制限速度なし,384m先に下り勾配6.7‰あり,前方1494.7m先を46.5km/h,後続列車なし,0.0,105.0,未発車,120.0,55.6,0.0,normal,0.9,加速フェーズで必要速度未達だが、力行継続は適切で制限・CBTC遵守、ノコギリ運転なし。全体的に安全かつ効率的。
2.0,Train11,駅出発直後の加速フェーズ（20秒以内）,ブレーキ（減速）中,1.0,力行（加速）,3.0,70.0,70.0,6.17,55.6,2176.25,178.0,2.1032483734342726,0.0,-2.1,この先制限速度なし,384m先に下り勾配6.7‰あり,前方1494.7m先を46.5km/h,後続列車なし,0.0,105.0,未発車,120.0,55.6,0.0,normal,0.2,加速フェーズで不必要にブレーキし、短時間でのブレーキ・加速切替がノコギリ運転とみなされるため低評価。
160.1,Train11,次駅への減速フェーズ（駅手前400m以内）,惰行中,0.1,ブレーキ（減速）,0.1,70.0,29.56,0.72,70.0,91.3,19.9,0.024748482956043167,0.0,9.2,この先制限速度なし,この先目立った勾配なし,前方91.3m先を0.2km/h,後続列車なし,40.0,15.0,未発車,80.0,17.4,29.1,anti_mid_stop,0.0,前ブレーキから0.1秒で惰行へ切替え、保持時間・切替が7秒未満で合理的理由がなくノコギリ運転と判定され、上限0.0点のためrewardは0.0となった。
160.1,Train11,次駅への減速フェーズ（駅手前400m以内）,力行（加速）中,0.1,惰行,0.1,70.0,29.56,0.72,70.0,91.3,19.9,0.024748482956043167,0.0,9.2,この先制限速度なし,この先目立った勾配なし,前方91.3m先を0.2km/h,後続列車なし,40.0,15.0,未発車,80.0,17.4,29.1,anti_mid_stop,0.2,先行列車が塞いで駅間停車防止モード。target_speed_no_stop未達で加速は妥当だが、加速により停止位置が遠くなり次駅での正確な停車が不可能なため低評価とした。
160.1,Train11,次駅への減速フェーズ（駅手前400m以内）,ブレーキ（減速）中,0.1,惰行,0.1,70.0,29.56,0.72,70.0,91.3,19.9,0.024748482956043167,0.0,9.2,この先制限速度なし,この先目立った勾配なし,前方91.3m先を0.2km/h,後続列車なし,40.0,15.0,未発車,80.0,17.4,29.1,anti_mid_stop,0.0,先行列車が塞ぎ駅間停車防止モードで、target_speed_no_stop 17.4km/h を大幅下回る0.7km/hでブレーキし、保持時間0.1秒のノコギリ運転と判定されたためrewardは0.0とした。
168.7,Train11,次駅への減速フェーズ（駅手前400m以内）,惰行中,0.1,ブレーキ（減速）,12.8,70.0,27.83,2.98,70.0,86.66,11.3,0.42376355389954656,0.0,9.2,この先制限速度なし,この先目立った勾配なし,前方86.7m先を0.0km/h,後続列車なし,40.0,15.0,未発車,80.0,16.9,21.7,anti_mid_stop,0.2,先行列車が停車している駅間停車防止モードだが、現在速度が target_speed_no_stop を10km/h以上下回り惰行し、減速も行わず停止位置達成が遅延しているため低評価。
168.7,Train11,次駅への減速フェーズ（駅手前400m以内）,力行（加速）中,0.1,ブレーキ（減速）,12.8,70.0,27.83,2.98,70.0,86.66,11.3,0.42376355389954656,0.0,9.2,この先制限速度なし,この先目立った勾配なし,前方86.7m先を0.0km/h,後続列車なし,40.0,15.0,未発車,80.0,16.9,21.7,anti_mid_stop,0.1,先行列車が停止しているのに加速しており、停止位置達成が不可能であり、駅間停車防止モードでの不要な力行と判断されるため低評価。
168.7,Train11,次駅への減速フェーズ（駅手前400m以内）,ブレーキ（減速）中,12.8,惰行,36.0,70.0,27.83,2.98,70.0,86.66,11.3,0.42376355389954656,0.0,9.2,この先制限速度なし,この先目立った勾配なし,前方86.7m先を0.0km/h,後続列車なし,40.0,15.0,未発車,80.0,16.9,21.7,anti_mid_stop,0.2,先行列車が塞いで駅間停車防止モード。target_speed_no_stop以下で走行すべきだが、現在は過度に低速でブレーキし、停止位置までの余裕が大きく遅延を拡大しているため低評価。
160.7,Train11,次駅への減速フェーズ（駅手前400m以内）,惰行中,0.1,ブレーキ（減速）,11.8,70.0,29.99,0.97,70.0,92.44,19.3,0.04491654277160635,0.0,9.2,この先制限速度なし,この先目立った勾配なし,前方92.5m先を1.1km/h,後続列車なし,40.0,15.0,未発車,80.0,17.7,29.7,anti_mid_stop,0.2,駅間停車防止モードでtarget_speed_no_stop(17.7km/h)を大きく下回る惰行状態が続き、遅延リスクが高く不適切な速度維持となっているため低評価。
160.7,Train11,次駅への減速フェーズ（駅手前400m以内）,力行（加速）中,0.1,ブレーキ（減速）,11.8,70.0,29.99,0.97,70.0,92.44,19.3,0.04491654277160635,0.0,9.2,この先制限速度なし,この先目立った勾配なし,前方92.5m先を1.1km/h,後続列車なし,40.0,15.0,未発車,80.0,17.7,29.7,anti_mid_stop,0.2,次駅減速フェーズで加速し、低速のまま停止位置へ向かうため遅延拡大と見なされ、0.2点に減点。
160.7,Train11,次駅への減速フェーズ（駅手前400m以内）,ブレーキ（減速）中,11.8,惰行,94.0,70.0,29.99,0.97,70.0,92.44,19.3,0.04491654277160635,0.0,9.2,この先制限速度なし,この先目立った勾配なし,前方92.5m先を1.1km/h,後続列車なし,40.0,15.0,未発車,80.0,17.7,29.7,anti_mid_stop,0.2,先行列車が遅延で塞いでいる駅間停車防止モードだが、現在のブレーキは必要速度を大きく下回り停止位置が遠すぎるため過早な減速となり評価を低下させた。
160.0,Train11,次駅への減速フェーズ（駅手前400m以内）,惰行中,0.1,ブレーキ（減速）,13.1,70.0,29.95,5.45,70.0,92.42,20.0,1.4166281084582437,0.0,9.2,この先制限速度なし,この先目立った勾配なし,前方92.4m先を0.0km/h,後続列車なし,40.0,15.0,未発車,80.0,17.6,29.0,anti_mid_stop,0.2,先行列車が塞いでいる駅間停車防止モードで、現在速度がtarget_speed_no_stop 17.6km/h を10km/h以上下回る惰行となり遅延が大きく評価を低下させる。
160.0,Train11,次駅への減速フェーズ（駅手前400m以内）,力行（加速）中,0.1,ブレーキ（減速）,13.1,70.0,29.95,5.45,70.0,92.42,20.0,1.4166281084582437,0.0,9.2,この先制限速度なし,この先目立った勾配なし,前方92.4m先を0.0km/h,後続列車なし,40.0,15.0,未発車,80.0,17.6,29.0,anti_mid_stop,0.8,駅間停車防止モードでtarget_speed_no_stop未満の低速で力行中。加速は機外停車回避に適切で、CBTC・制限速度違反なし。
160.0,Train11,次駅への減速フェーズ（駅手前400m以内）,ブレーキ（減速）中,13.1,惰行,42.0,70.0,29.95,5.45,70.0,92.42,20.0,1.4166281084582437,0.0,9.2,この先制限速度なし,この先目立った勾配なし,前方92.4m先を0.0km/h,後続列車なし,40.0,15.0,未発車,80.0,17.6,29.0,anti_mid_stop,0.1,先行列車が塞いでいるため駅間停車防止モードで、target_speed_no_stop 17.6km/h を下回る状態で不要なブレーキを続け、停止位置が大幅に遅れたため低評価とした。
6.0,Train11,駅出発直後の加速フェーズ（20秒以内）,惰行中,1.0,力行（加速）,1.0,70.0,70.0,1.86,57.3,2174.05,174.0,0.19133940388493254,0.0,-2.1,この先制限速度なし,383m先に下り勾配6.7‰あり,前方1278.5m先を48.5km/h,後続列車なし,20.0,121.0,未発車,100.0,57.3,0.0,normal,0.0,加速フェーズで1秒の力行後すぐ惰行へ切替え、保持時間が7秒未満で合理的理由なしのノコギリ運転と判定され、reward上限が0.0となった。
6.0,Train11,駅出発直後の加速フェーズ（20秒以内）,力行（加速）中,1.0,ブレーキ（減速）,1.0,70.0,70.0,1.86,57.3,2174.05,174.0,0.19133940388493254,0.0,-2.1,この先制限速度なし,383m先に下り勾配6.7‰あり,前方1278.5m先を48.5km/h,後続列車なし,20.0,121.0,未発車,100.0,57.3,0.0,normal,0.0,直前の1秒ブレーキから1秒の力行への切替に合理的根拠がなくノコギリ運転と判定され、reward上限が0.0となった。
6.0,Train11,駅出発直後の加速フェーズ（20秒以内）,ブレーキ（減速）中,1.0,力行（加速）,1.0,70.0,70.0,1.86,57.3,2174.05,174.0,0.19133940388493254,0.0,-2.1,この先制限速度なし,383m先に下り勾配6.7‰あり,前方1278.5m先を48.5km/h,後続列車なし,20.0,121.0,未発車,100.0,57.3,0.0,normal,0.0,加速フェーズで不必要にブレーキし、持続時間が7秒未満の反転操作でノコギリ運転と判定され、上限0.0点となった。
2.0,Train11,駅出発直後の加速フェーズ（20秒以内）,惰行中,1.0,ブレーキ（減速）,1.0,70.0,70.0,0.65,56.1,2177.03,178.0,0.023373426087989622,0.0,-2.1,この先制限速度なし,386m先に下り勾配6.7‰あり,前方1228.3m先を47.1km/h,後続列車なし,20.0,125.0,未発車,100.0,56.1,0.0,normal,0.0,ブレーキ→惰行の短時間切替がノコギリ運転と判定され、保持時間が2秒未満のため上限rewardは0.0となった。
2.0,Train11,駅出発直後の加速フェーズ（20秒以内）,力行（加速）中,1.0,惰行,1.0,70.0,70.0,0.65,56.1,2177.03,178.0,0.023373426087989622,0.0,-2.1,この先制限速度なし,386m先に下り勾配6.7‰あり,前方1228.3m先を47.1km/h,後続列車なし,20.0,125.0,未発車,100.0,56.1,0.0,normal,0.0,直前の惰行から1秒だけの力行への切替が合理的理由なくノコギリ運転と判定され、reward上限が0.0となった。
2.0,Train11,駅出発直後の加速フェーズ（20秒以内）,ブレーキ（減速）中,1.0,惰行,1.0,70.0,70.0,0.65,56.1,2177.03,178.0,0.023373426087989622,0.0,-2.1,この先制限速度なし,386m先に下り勾配6.7‰あり,前方1228.3m先を47.1km/h,後続列車なし,20.0,125.0,未発車,100.0,56.1,0.0,normal,0.0,加速フェーズで不要なブレーキを行い、保持時間1秒のノコギリ運転と判定されたため、即0.0とした。
176.9,Train11,次駅への減速フェーズ（駅手前400m以内）,惰行中,0.1,力行（加速）,0.1,70.0,25.65,5.92,70.0,81.15,3.1,1.6713238808114572,0.0,9.2,この先制限速度なし,この先目立った勾配なし,前方81.2m先を0.5km/h,後続列車なし,40.0,15.0,未発車,80.0,16.2,29.9,anti_mid_stop,0.0,直前の力行から0.1秒で惰行へ切替し、保持時間が7秒未満で合理的理由がなくノコギリ運転と判定されたためrewardは0.0。
176.9,Train11,次駅への減速フェーズ（駅手前400m以内）,力行（加速）中,0.1,惰行,0.1,70.0,25.65,5.92,70.0,81.15,3.1,1.6713238808114572,0.0,9.2,この先制限速度なし,この先目立った勾配なし,前方81.2m先を0.5km/h,後続列車なし,40.0,15.0,未発車,80.0,16.2,29.9,anti_mid_stop,1.0,先行列車が停車中で駅間停車防止モード。target_speed_no_stop 未満の加速は適切で、他項目に問題なし。
176.9,Train11,次駅への減速フェーズ（駅手前400m以内）,ブレーキ（減速）中,0.1,惰行,0.1,70.0,25.65,5.92,70.0,81.15,3.1,1.6713238808114572,0.0,9.2,この先制限速度なし,この先目立った勾配なし,前方81.2m先を0.5km/h,後続列車なし,40.0,15.0,未発車,80.0,16.2,29.9,anti_mid_stop,0.0,ブレーキが早すぎ、持続時間が7秒未満のノコギリ運転と判定され上限0.0となる。
175.4,Train11,次駅への減速フェーズ（駅手前400m以内）,惰行中,0.1,ブレーキ（減速）,0.1,70.0,25.99,1.71,70.0,81.99,4.6,0.13957034072424268,0.0,9.2,この先制限速度なし,この先目立った勾配なし,前方82.0m先を0.0km/h,後続列車なし,40.0,15.0,未発車,80.0,16.3,28.4,anti_mid_stop,0.0,駅間停車防止モードでtarget_speed_no_stop 16.3km/hを大幅に下回り、0.1秒の惰行と直前のブレーキが短時間で切替わりノコギリ運転と判定され、reward上限が0.0となった。
175.4,Train11,次駅への減速フェーズ（駅手前400m以内）,力行（加速）中,0.1,ブレーキ（減速）,0.1,70.0,25.99,1.71,70.0,81.99,4.6,0.13957034072424268,0.0,9.2,この先制限速度なし,この先目立った勾配なし,前方82.0m先を0.0km/h,後続列車なし,40.0,15.0,未発車,80.0,16.3,28.4,anti_mid_stop,0.0,0.1秒以下のブレーキから加速への頻繁な切替が合理的根拠なくノコギリ運転と判定され、上限0.0点となった。
175.4,Train11,次駅への減速フェーズ（駅手前400m以内）,ブレーキ（減速）中,0.1,力行（加速）,0.1,70.0,25.99,1.71,70.0,81.99,4.6,0.13957034072424268,0.0,9.2,この先制限速度なし,この先目立った勾配なし,前方82.0m先を0.0km/h,後続列車なし,40.0,15.0,未発車,80.0,16.3,28.4,anti_mid_stop,0.0,先行列車が塞ぎ駅間停車防止モードで、0.1秒の力行→ブレーキの急激な切替は合理的根拠がなくノコギリ運転と判定され、reward上限が0.0になる。
3.0,Train11,駅出発直後の加速フェーズ（20秒以内）,惰行中,1.0,ブレーキ（減速）,1.0,70.0,70.0,3.79,56.1,2176.4,177.0,0.7940725746186486,0.0,-2.1,この先制限速度なし,385m先に下り勾配6.7‰あり,前方1240.9m先を47.5km/h,後続列車なし,20.0,124.0,未発車,100.0,56.1,0.0,normal,0.0,加速フェーズでブレーキ直後に1秒の惰行へ切替え、保持時間が7秒未満で不合理な反転となりノコギリ運転と判定、上限0.0点のためreward=0.0。
3.0,Train11,駅出発直後の加速フェーズ（20秒以内）,力行（加速）中,1.0,ブレーキ（減速）,1.0,70.0,70.0,3.79,56.1,2176.4,177.0,0.7940725746186486,0.0,-2.1,この先制限速度なし,385m先に下り勾配6.7‰あり,前方1240.9m先を47.5km/h,後続列車なし,20.0,124.0,未発車,100.0,56.1,0.0,normal,0.0,直前のブレーキ→加速が7秒未満で合理的理由がなくノコギリ運転と判定され、上限0.0点となった。
3.0,Train11,駅出発直後の加速フェーズ（20秒以内）,ブレーキ（減速）中,1.0,力行（加速）,1.0,70.0,70.0,3.79,56.1,2176.4,177.0,0.7940725746186486,0.0,-2.1,この先制限速度なし,385m先に下り勾配6.7‰あり,前方1240.9m先を47.5km/h,後続列車なし,20.0,124.0,未発車,100.0,56.1,0.0,normal,0.0,加速フェーズで不必要にブレーキし、短時間の力行→ブレーキがノコギリ運転と判定されたため、rewardは上限0.0となる。
173.4,Train11,次駅への減速フェーズ（駅手前400m以内）,惰行中,0.1,力行（加速）,0.1,70.0,24.93,6.71,70.0,79.45,6.6,2.146762116460872,0.0,9.2,この先制限速度なし,この先目立った勾配なし,前方79.4m先を0.0km/h,後続列車なし,40.0,15.0,未発車,80.0,16.0,26.4,anti_mid_stop,0.0,先行列車が塞ぎ駅間停車防止モードで、加速→惰行への0.1秒切替に合理的根拠がなくノコギリ運転と判定され、reward上限が0.0となった。
173.4,Train11,次駅への減速フェーズ（駅手前400m以内）,力行（加速）中,0.1,ブレーキ（減速）,4.4,70.0,24.93,6.71,70.0,79.45,6.6,2.146762116460872,0.0,9.2,この先制限速度なし,この先目立った勾配なし,前方79.4m先を0.0km/h,後続列車なし,40.0,15.0,未発車,80.0,16.0,26.4,anti_mid_stop,0.2,先行列車が停車中で機外停車防止モード、不要な加速とノコギリ運転により評価が低く0.2とした。
173.4,Train11,次駅への減速フェーズ（駅手前400m以内）,ブレーキ（減速）中,0.1,力行（加速）,0.1,70.0,24.93,6.71,70.0,79.45,6.6,2.146762116460872,0.0,9.2,この先制限速度なし,この先目立った勾配なし,前方79.4m先を0.0km/h,後続列車なし,40.0,15.0,未発車,80.0,16.0,26.4,anti_mid_stop,0.2,駅間停車防止モードでtarget_speed_no_stop以下に抑えるべきところ、次駅停止位置に対し過度に早くブレーキをかけ停車位置が遅れたため減点し、rewardは0.2とした。
171.9,Train11,次駅への減速フェーズ（駅手前400m以内）,惰行中,0.1,ブレーキ（減速）,11.0,70.0,20.17,7.72,70.0,69.3,8.1,2.840994679065028,0.0,9.2,この先制限速度なし,この先目立った勾配なし,前方69.3m先を0.0km/h,後続列車なし,40.0,15.0,未発車,80.0,14.7,24.9,anti_mid_stop,0.2,先行列車が塞いで駅間停車防止モード。target_speed_no_stop 14.7km/h 未満の惰行は許容だが、次駅までブレーキせず低速で惰行しているため遅延と評価し0.2とした。
171.9,Train11,次駅への減速フェーズ（駅手前400m以内）,力行（加速）中,0.1,ブレーキ（減速）,11.0,70.0,20.17,7.72,70.0,69.3,8.1,2.840994679065028,0.0,9.2,この先制限速度なし,この先目立った勾配なし,前方69.3m先を0.0km/h,後続列車なし,40.0,15.0,未発車,80.0,14.7,24.9,anti_mid_stop,0.2,次駅減速フェーズで加速しており停止位置達成が危険なため、評価を大幅に減点し0.2とした。
171.9,Train11,次駅への減速フェーズ（駅手前400m以内）,ブレーキ（減速）中,11.0,惰行,30.0,70.0,20.17,7.72,70.0,69.3,8.1,2.840994679065028,0.0,9.2,この先制限速度なし,この先目立った勾配なし,前方69.3m先を0.0km/h,後続列車なし,40.0,15.0,未発車,80.0,14.7,24.9,anti_mid_stop,0.2,delta_stopが66.46mと大きく正で、低速で過度に早くブレーキをかけているため停止位置達成が遅れ、評価を0.2とした。
6.0,Train11,駅出発直後の加速フェーズ（20秒以内）,惰行中,1.0,力行（加速）,3.0,70.0,70.0,7.31,56.5,2173.28,174.0,2.9513603916389215,0.0,-2.1,この先制限速度なし,380m先に下り勾配6.7‰あり,前方1543.0m先を45.8km/h,後続列車なし,0.0,101.0,未発車,120.0,56.5,0.0,normal,0.2,加速直後に不必要な惰行へ切替し、保持時間が7秒未満でノコギリ運転と判定されたため、上限0.3以下に抑えて0.2とした。
6.0,Train11,駅出発直後の加速フェーズ（20秒以内）,力行（加速）中,3.0,ブレーキ（減速）,1.0,70.0,70.0,7.31,56.5,2173.28,174.0,2.9513603916389215,0.0,-2.1,この先制限速度なし,380m先に下り勾配6.7‰あり,前方1543.0m先を45.8km/h,後続列車なし,0.0,101.0,未発車,120.0,56.5,0.0,normal,0.0,直前のブレーキから3秒の力行への短時間切替が合理的理由なくノコギリ運転と判定され、reward上限が0.0となった。
6.0,Train11,駅出発直後の加速フェーズ（20秒以内）,ブレーキ（減速）中,1.0,力行（加速）,3.0,70.0,70.0,7.31,56.5,2173.28,174.0,2.9513603916389215,0.0,-2.1,この先制限速度なし,380m先に下り勾配6.7‰あり,前方1543.0m先を45.8km/h,後続列車なし,0.0,101.0,未発車,120.0,56.5,0.0,normal,0.2,加速フェーズで不要なブレーキに切り替え、保持時間が7秒未満のノコギリ運転と判断されるため低評価。
4.0,Train11,駅出発直後の加速フェーズ（20秒以内）,惰行中,1.0,力行（加速）,1.0,70.0,70.0,1.27,56.5,2175.7,176.0,0.08921617364916967,0.0,-2.1,この先制限速度なし,384m先に下り勾配6.7‰あり,前方1253.4m先を47.8km/h,後続列車なし,20.0,123.0,未発車,100.0,56.5,0.0,normal,0.0,加速フェーズで不必要な惰行に切り替え、持続時間が1秒でノコギリ運転と判定され、上限0.0点となった。
4.0,Train11,駅出発直後の加速フェーズ（20秒以内）,力行（加速）中,1.0,ブレーキ（減速）,1.0,70.0,70.0,1.27,56.5,2175.7,176.0,0.08921617364916967,0.0,-2.1,この先制限速度なし,384m先に下り勾配6.7‰あり,前方1253.4m先を47.8km/h,後続列車なし,20.0,123.0,未発車,100.0,56.5,0.0,normal,1.0,加速フェーズでrequired_speed未達だが制限速度・CBTCを遵守し、必要な力行を継続。前後のブレーキは駅停車保持で合理的なためノコギリ運転なし。
4.0,Train11,駅出発直後の加速フェーズ（20秒以内）,ブレーキ（減速）中,1.0,力行（加速）,1.0,70.0,70.0,1.27,56.5,2175.7,176.0,0.08921617364916967,0.0,-2.1,この先制限速度なし,384m先に下り勾配6.7‰あり,前方1253.4m先を47.8km/h,後続列車なし,20.0,123.0,未発車,100.0,56.5,0.0,normal,0.0,加速フェーズで不必要にブレーキし、保持時間が7秒未満のノコギリ運転と判定されたためrewardは0.0とした。
160.3,Train11,次駅への減速フェーズ（駅手前400m以内）,惰行中,0.1,ブレーキ（減速）,12.4,70.0,28.77,2.81,70.0,89.13,19.7,0.3768067754215038,0.0,9.2,この先制限速度なし,この先目立った勾配なし,前方89.2m先を0.5km/h,後続列車なし,40.0,15.0,未発車,80.0,17.2,29.3,anti_mid_stop,0.3,駅間停車防止モードでtarget_speed_no_stop 17.2km/h を大きく下回り、惰行が過度に遅くなるため遅延リスクと評価し減点。
160.3,Train11,次駅への減速フェーズ（駅手前400m以内）,力行（加速）中,0.1,ブレーキ（減速）,12.4,70.0,28.77,2.81,70.0,89.13,19.7,0.3768067754215038,0.0,9.2,この先制限速度なし,この先目立った勾配なし,前方89.2m先を0.5km/h,後続列車なし,40.0,15.0,未発車,80.0,17.2,29.3,anti_mid_stop,0.4,先行列車が駅で遅延中の駅間停車防止モードで、target_speed_no_stop以下に抑えるべきところを加速しているため減点。
160.3,Train11,次駅への減速フェーズ（駅手前400m以内）,ブレーキ（減速）中,12.4,惰行,51.0,70.0,28.77,2.81,70.0,89.13,19.7,0.3768067754215038,0.0,9.2,この先制限速度なし,この先目立った勾配なし,前方89.2m先を0.5km/h,後続列車なし,40.0,15.0,未発車,80.0,17.2,29.3,anti_mid_stop,0.1,先行列車が停車中で駅間停車防止モード。target_speed_no_stop 17.2km/h を大幅下回り、不要なブレーキで駅手前で停止し遅延とエネルギー損失が生じたため低評価。
169.3,Train11,次駅への減速フェーズ（駅手前400m以内）,惰行中,0.1,ブレーキ（減速）,10.4,70.0,22.04,7.88,70.0,73.04,10.7,2.9598631069300447,0.0,9.2,この先制限速度なし,この先目立った勾配なし,前方73.0m先を0.0km/h,後続列車なし,40.0,15.0,未発車,80.0,15.2,22.3,anti_mid_stop,1.0,先行列車が塞ぎ駅間停車防止モードで、target_speed_no_stop以下の惰行は適切であり、制限・CBTC遵守、停止位置も確保できるため高評価。
169.3,Train11,次駅への減速フェーズ（駅手前400m以内）,力行（加速）中,0.1,ブレーキ（減速）,10.4,70.0,22.04,7.88,70.0,73.04,10.7,2.9598631069300447,0.0,9.2,この先制限速度なし,この先目立った勾配なし,前方73.0m先を0.0km/h,後続列車なし,40.0,15.0,未発車,80.0,15.2,22.3,anti_mid_stop,0.1,次駅減速フェーズで加速しており、停止位置達成が危険なため低評価。
169.3,Train11,次駅への減速フェーズ（駅手前400m以内）,ブレーキ（減速）中,10.4,惰行,40.0,70.0,22.04,7.88,70.0,73.04,10.7,2.9598631069300447,0.0,9.2,この先制限速度なし,この先目立った勾配なし,前方73.0m先を0.0km/h,後続列車なし,40.0,15.0,未発車,80.0,15.2,22.3,anti_mid_stop,0.2,先行列車が塞いでいる駅間停車防止モードで、target_speed_no_stop以下に不必要にブレーキし停止位置が大幅に早くなるため減点し、reward 0.2とした。
6.0,Train11,駅出発直後の加速フェーズ（20秒以内）,惰行中,1.0,力行（加速）,1.0,70.0,70.0,1.86,57.3,2174.05,174.0,0.19133940388493254,0.0,-2.1,この先制限速度なし,383m先に下り勾配6.7‰あり,前方1465.6m先を47.8km/h,後続列車なし,20.0,105.0,未発車,100.0,57.3,0.0,normal,0.0,加速フェーズでrequired_speedに遠く及ばず惰行に切り替え、持続時間1秒でノコギリ運転と判定されreward上限が0.0となった。
6.0,Train11,駅出発直後の加速フェーズ（20秒以内）,力行（加速）中,1.0,ブレーキ（減速）,1.0,70.0,70.0,1.86,57.3,2174.05,174.0,0.19133940388493254,0.0,-2.1,この先制限速度なし,383m先に下り勾配6.7‰あり,前方1465.6m先を47.8km/h,後続列車なし,20.0,105.0,未発車,100.0,57.3,0.0,normal,0.0,直前のブレーキから1秒で力行へ切り替えたため、2秒未満のノコギリ運転と判定されreward上限が0.0となった。
6.0,Train11,駅出発直後の加速フェーズ（20秒以内）,ブレーキ（減速）中,1.0,力行（加速）,1.0,70.0,70.0,1.86,57.3,2174.05,174.0,0.19133940388493254,0.0,-2.1,この先制限速度なし,383m先に下り勾配6.7‰あり,前方1465.6m先を47.8km/h,後続列車なし,20.0,105.0,未発車,100.0,57.3,0.0,normal,0.0,加速フェーズで不要なブレーキを行い、保持時間が7秒未満のノコギリ運転となっているため評価は最低の0.0となる。
176.8,Train11,次駅への減速フェーズ（駅手前400m以内）,惰行中,0.1,力行（加速）,0.1,70.0,25.72,5.66,70.0,81.31,3.2,1.5278313082281825,0.0,9.2,この先制限速度なし,この先目立った勾配なし,前方81.3m先を0.5km/h,後続列車なし,40.0,15.0,未発車,80.0,16.2,29.8,anti_mid_stop,0.0,持続時間0.1秒の力行→惰行切替が合理的根拠なくノコギリ運転と判定され、上限0.0点となったため。
176.8,Train11,次駅への減速フェーズ（駅手前400m以内）,力行（加速）中,0.1,ブレーキ（減速）,0.2,70.0,25.72,5.66,70.0,81.31,3.2,1.5278313082281825,0.0,9.2,この先制限速度なし,この先目立った勾配なし,前方81.3m先を0.5km/h,後続列車なし,40.0,15.0,未発車,80.0,16.2,29.8,anti_mid_stop,0.3,駅間停車防止モードでtarget_speed_no_stop以下の加速は許容だが、次駅減速フェーズで加速しているため停止位置達成が危うく評価を低くした。
176.8,Train11,次駅への減速フェーズ（駅手前400m以内）,ブレーキ（減速）中,0.1,力行（加速）,0.1,70.0,25.72,5.66,70.0,81.31,3.2,1.5278313082281825,0.0,9.2,この先制限速度なし,この先目立った勾配なし,前方81.3m先を0.5km/h,後続列車なし,40.0,15.0,未発車,80.0,16.2,29.8,anti_mid_stop,0.0,短時間で力行→減速への反転と低速での不必要なブレーキにより sawtooth 上限が 0.0 となり、 reward は 0.0 とした。
160.6,Train11,次駅への減速フェーズ（駅手前400m以内）,惰行中,0.1,ブレーキ（減速）,9.7,70.0,30.4,5.88,70.0,93.62,19.4,1.648829577973864,0.0,9.2,この先制限速度なし,この先目立った勾配なし,前方93.7m先を1.0km/h,後続列車なし,40.0,15.0,未発車,80.0,17.8,29.6,anti_mid_stop,0.2,先行列車が塞いで駅間停車防止モード。現在速度がtarget_speed_no_stop 17.8km/h を10km/h以上下回り過度に低速で惰行しているため減点し、reward 0.2とする。
160.6,Train11,次駅への減速フェーズ（駅手前400m以内）,力行（加速）中,0.1,ブレーキ（減速）,9.7,70.0,30.4,5.88,70.0,93.62,19.4,1.648829577973864,0.0,9.2,この先制限速度なし,この先目立った勾配なし,前方93.7m先を1.0km/h,後続列車なし,40.0,15.0,未発車,80.0,17.8,29.6,anti_mid_stop,0.1,次駅減速フェーズで不要な加速を行い、停止位置が遠くなると同時に先行列車との間隔が縮小し安全性と定時性を損ねたため低評価。
160.6,Train11,次駅への減速フェーズ（駅手前400m以内）,ブレーキ（減速）中,9.7,惰行,97.0,70.0,30.4,5.88,70.0,93.62,19.4,1.648829577973864,0.0,9.2,この先制限速度なし,この先目立った勾配なし,前方93.7m先を1.0km/h,後続列車なし,40.0,15.0,未発車,80.0,17.8,29.6,anti_mid_stop,0.2,先行列車が停車中で駅間停車防止モード。現在速度がtarget_speed_no_stop 17.8km/hを10km/h以上下回り、不要なブレーキで停車位置遅延を招くため低評価とした。
4.0,Train11,駅出発直後の加速フェーズ（20秒以内）,惰行中,1.0,力行（加速）,3.0,70.0,70.0,6.75,56.3,2174.93,176.0,2.5168703861892383,0.0,-2.1,この先制限速度なし,382m先に下り勾配6.7‰あり,前方1439.8m先を48.2km/h,後続列車なし,20.0,107.0,未発車,100.0,56.3,0.0,normal,0.2,加速フェーズで不要な惰行に切り替え、7秒未満の短時間切替でノコギリ運転と判定され、上限0.3点に抑えられたため0.2点とした。
4.0,Train11,駅出発直後の加速フェーズ（20秒以内）,力行（加速）中,3.0,ブレーキ（減速）,1.0,70.0,70.0,6.75,56.3,2174.93,176.0,2.5168703861892383,0.0,-2.1,この先制限速度なし,382m先に下り勾配6.7‰あり,前方1439.8m先を48.2km/h,後続列車なし,20.0,107.0,未発車,100.0,56.3,0.0,normal,0.9,加速が必要な段階で適切に力行し、速度制限・CBTC違反なし。前後のブレーキは短時間で合理的な加速への切替と判断し減点なし。
4.0,Train11,駅出発直後の加速フェーズ（20秒以内）,ブレーキ（減速）中,1.0,力行（加速）,3.0,70.0,70.0,6.75,56.3,2174.93,176.0,2.5168703861892383,0.0,-2.1,この先制限速度なし,382m先に下り勾配6.7‰あり,前方1439.8m先を48.2km/h,後続列車なし,20.0,107.0,未発車,100.0,56.3,0.0,anti_mid_stop,0.1,先行列車が未発車で駅間停車防止モードと判定され、target_speed_no_stop を大幅に下回る不必要な減速が行われたため評価を大きく減点し、ノコギリ運転と合わせて reward を 0.1 とした。
169.4,Train11,次駅への減速フェーズ（駅手前400m以内）,惰行中,0.1,ブレーキ（減速）,13.5,70.0,27.69,0.94,70.0,86.28,10.6,0.04218140156391283,0.0,9.2,この先制限速度なし,この先目立った勾配なし,前方86.3m先を0.0km/h,後続列車なし,40.0,15.0,未発車,80.0,16.9,22.4,anti_mid_stop,0.2,先行列車が塞いでいる駅間停車防止モードだが、現在速度が target_speed_no_stop(16.9km/h) を大きく下回り、低速惰行で遅延を増大させているため低評価。
169.4,Train11,次駅への減速フェーズ（駅手前400m以内）,力行（加速）中,0.1,ブレーキ（減速）,13.5,70.0,27.69,0.94,70.0,86.28,10.6,0.04218140156391283,0.0,9.2,この先制限速度なし,この先目立った勾配なし,前方86.3m先を0.0km/h,後続列車なし,40.0,15.0,未発車,80.0,16.9,22.4,anti_mid_stop,0.1,先行列車が停車中で機外停車防止モード。target_speed_no_stopを超える力行は不要で、停止位置も遠く、加速は減点要因。
169.4,Train11,次駅への減速フェーズ（駅手前400m以内）,ブレーキ（減速）中,13.5,惰行,36.0,70.0,27.69,0.94,70.0,86.28,10.6,0.04218140156391283,0.0,9.2,この先制限速度なし,この先目立った勾配なし,前方86.3m先を0.0km/h,後続列車なし,40.0,15.0,未発車,80.0,16.9,22.4,anti_mid_stop,0.2,先行が塞ぎ駅間停車防止モードで、target_speed_no_stopを大幅に下回ったままブレーキし停車位置が遠すぎるため低評価とした。
170.4,Train11,次駅への減速フェーズ（駅手前400m以内）,惰行中,0.1,ブレーキ（減速）,0.1,70.0,9.42,7.94,70.0,54.22,9.6,3.005065474155181,0.0,9.2,この先制限速度なし,この先目立った勾配なし,前方54.2m先を0.0km/h,後続列車なし,40.0,15.0,未発車,80.0,12.8,23.4,anti_mid_stop,0.0,ブレーキ→惰行への反転が0.1秒と極短で合理的根拠がなく、ノコギリ運転と判定され上限0.0点となった。
170.4,Train11,次駅への減速フェーズ（駅手前400m以内）,力行（加速）中,0.1,ブレーキ（減速）,0.1,70.0,9.42,7.94,70.0,54.22,9.6,3.005065474155181,0.0,9.2,この先制限速度なし,この先目立った勾配なし,前方54.2m先を0.0km/h,後続列車なし,40.0,15.0,未発車,80.0,12.8,23.4,anti_mid_stop,0.5,先行列車が塞いでいる駅間停車防止モードで、target_speed_no_stop未満の加速は妥当だが、減速フェーズでの加速は停止位置確保に支障を来すため評価を下げた。
170.4,Train11,次駅への減速フェーズ（駅手前400m以内）,ブレーキ（減速）中,0.1,惰行,0.1,70.0,9.42,7.94,70.0,54.22,9.6,3.005065474155181,0.0,9.2,この先制限速度なし,この先目立った勾配なし,前方54.2m先を0.0km/h,後続列車なし,40.0,15.0,未発車,80.0,12.8,23.4,anti_mid_stop,0.9,先行列車が停車中で駅間停車防止モード。現在速度はtarget_speed_no_stop以下でブレーキはCBTC信号内に収まり、過剰加速もなく適切と判断し高評価。
173.6,Train11,次駅への減速フェーズ（駅手前400m以内）,惰行中,0.1,力行（加速）,0.1,70.0,28.14,7.88,70.0,87.47,6.4,2.9598631069300447,0.0,9.2,この先制限速度なし,この先目立った勾配なし,前方87.5m先を0.0km/h,後続列車なし,40.0,15.0,未発車,80.0,17.0,26.6,anti_mid_stop,0.0,0.1秒以下の力行→惰行への短時間切替が合理的根拠なく行われ、ノコギリ運転と判定され上限0.0点となった。
173.6,Train11,次駅への減速フェーズ（駅手前400m以内）,力行（加速）中,0.1,ブレーキ（減速）,0.2,70.0,28.14,7.88,70.0,87.47,6.4,2.9598631069300447,0.0,9.2,この先制限速度なし,この先目立った勾配なし,前方87.5m先を0.0km/h,後続列車なし,40.0,15.0,未発車,80.0,17.0,26.6,anti_mid_stop,0.0,短時間のブレーキ→力行切替が合理的根拠なく行われ、持続時間2秒未満のノコギリ運転と判定されreward上限0.0となった。
173.6,Train11,次駅への減速フェーズ（駅手前400m以内）,ブレーキ（減速）中,0.1,力行（加速）,0.1,70.0,28.14,7.88,70.0,87.47,6.4,2.9598631069300447,0.0,9.2,この先制限速度なし,この先目立った勾配なし,前方87.5m先を0.0km/h,後続列車なし,40.0,15.0,未発車,80.0,17.0,26.6,anti_mid_stop,0.0,直前の力行から0.1秒でブレーキへ切替え、保持時間が7秒未満で合理的理由がなくノコギリ運転と判定され、上限が0.0点となったためrewardは0.0とした。
174.0,Train11,次駅への減速フェーズ（駅手前400m以内）,惰行中,0.1,力行（加速）,0.1,70.0,27.81,7.5,70.0,86.59,6.0,2.6815202241373366,0.0,9.2,この先制限速度なし,この先目立った勾配なし,前方86.6m先を0.0km/h,後続列車なし,40.0,15.0,未発車,80.0,16.8,27.0,anti_mid_stop,0.0,0.1秒の力行から惰行への急切替は合理的根拠がなく、ノコギリ運転と判定され上限0.0点となった。
174.0,Train11,次駅への減速フェーズ（駅手前400m以内）,力行（加速）中,0.1,ブレーキ（減速）,0.2,70.0,27.81,7.5,70.0,86.59,6.0,2.6815202241373366,0.0,9.2,この先制限速度なし,この先目立った勾配なし,前方86.6m先を0.0km/h,後続列車なし,40.0,15.0,未発車,80.0,16.8,27.0,anti_mid_stop,0.9,先行列車が塞いで駅間停車防止モード。現在速度が target_speed_no_stop 未満で加速は適切であり、制限速度・CBTC違反なし。
174.0,Train11,次駅への減速フェーズ（駅手前400m以内）,ブレーキ（減速）中,0.1,力行（加速）,0.1,70.0,27.81,7.5,70.0,86.59,6.0,2.6815202241373366,0.0,9.2,この先制限速度なし,この先目立った勾配なし,前方86.6m先を0.0km/h,後続列車なし,40.0,15.0,未発車,80.0,16.8,27.0,anti_mid_stop,0.3,次駅まで距離が遠く、ブレーキ開始は早すぎて駅停車位置達成が困難なため減点し、全体評価は0.3とした。
173.3,Train11,次駅への減速フェーズ（駅手前400m以内）,惰行中,0.1,ブレーキ（減速）,12.4,70.0,25.68,6.87,70.0,81.22,6.7,2.250278381571128,0.0,9.2,この先制限速度なし,この先目立った勾配なし,前方81.2m先を0.0km/h,後続列車なし,40.0,15.0,未発車,80.0,16.2,26.3,anti_mid_stop,0.8,先行列車が停車中で駅間停車防止モード。現在速度はtarget_speed_no_stop以下で過度な低速でもなく、CBTC・制限速度遵守、ノコギリ運転なし、停止位置も確保できるため高評価とする。
173.3,Train11,次駅への減速フェーズ（駅手前400m以内）,力行（加速）中,0.1,ブレーキ（減速）,12.4,70.0,25.68,6.87,70.0,81.22,6.7,2.250278381571128,0.0,9.2,この先制限速度なし,この先目立った勾配なし,前方81.2m先を0.0km/h,後続列車なし,40.0,15.0,未発車,80.0,16.2,26.3,anti_mid_stop,0.4,先行列車が塞いでいる駅間停車防止モードで、target_speed_no_stopを下回ったまま0.1秒だけの力行となり、加速不足と停止遅延が評価を下げた。
173.3,Train11,次駅への減速フェーズ（駅手前400m以内）,ブレーキ（減速）中,12.4,惰行,11.0,70.0,25.68,6.87,70.0,81.22,6.7,2.250278381571128,0.0,9.2,この先制限速度なし,この先目立った勾配なし,前方81.2m先を0.0km/h,後続列車なし,40.0,15.0,未発車,80.0,16.2,26.3,anti_mid_stop,0.2,先行列車が塞いでいる駅間停車防止モードで、target_speed_no_stopを大幅下回った状態で不必要にブレーキし、停止位置が大幅に早すぎるため減点。
176.1,Train11,次駅への減速フェーズ（駅手前400m以内）,惰行中,0.1,力行（加速）,0.1,70.0,9.17,0.0,70.0,53.99,3.9,0.0,0.0,9.2,この先制限速度なし,この先目立った勾配なし,前方54.0m先を0.1km/h,後続列車なし,40.0,15.0,未発車,80.0,12.8,29.1,anti_mid_stop,0.0,先行列車が塞ぎ駅間停車防止モードで、target_speed_no_stopを大幅下回り、0.1秒の力行→惰行切替がノコギリ運転と判定され上限0.0となったため。
176.1,Train11,次駅への減速フェーズ（駅手前400m以内）,力行（加速）中,0.1,ブレーキ（減速）,16.1,70.0,9.17,0.0,70.0,53.99,3.9,0.0,0.0,9.2,この先制限速度なし,この先目立った勾配なし,前方54.0m先を0.1km/h,後続列車なし,40.0,15.0,未発車,80.0,12.8,29.1,anti_mid_stop,0.2,先行列車が塞ぎ駅間停車防止モードでtarget_speed_no_stop以下の加速は適切だが、次駅減速フェーズでブレーキせず加速しているため停止位置達成が危険となり評価を低くした。
176.1,Train11,次駅への減速フェーズ（駅手前400m以内）,ブレーキ（減速）中,0.1,力行（加速）,0.1,70.0,9.17,0.0,70.0,53.99,3.9,0.0,0.0,9.2,この先制限速度なし,この先目立った勾配なし,前方54.0m先を0.1km/h,後続列車なし,40.0,15.0,未発車,80.0,12.8,29.1,anti_mid_stop,0.0,ブレーキと直前の力行が7秒未満で切り替わり、合理的理由がなくノコギリ運転と判定されたためrewardは0.0。
1.0,Train11,駅出発直後の加速フェーズ（20秒以内）,惰行中,1.0,力行（加速）,2.0,70.0,70.0,3.17,55.6,2177.55,179.0,0.5556035075874219,0.0,-2.1,この先制限速度なし,386m先に下り勾配6.7‰あり,前方946.6m先を48.2km/h,後続列車なし,40.0,161.0,未発車,80.0,55.6,0.0,normal,0.2,加速中に必要速度55.6km/hに遠く及ばず惰行に切り替え、持続時間が7秒未満で反転したためノコギリ運転と判定され大幅減点。
1.0,Train11,駅出発直後の加速フェーズ（20秒以内）,力行（加速）中,2.0,ブレーキ（減速）,30.0,70.0,70.0,3.17,55.6,2177.55,179.0,0.5556035075874219,0.0,-2.1,この先制限速度なし,386m先に下り勾配6.7‰あり,前方946.6m先を48.2km/h,後続列車なし,40.0,161.0,未発車,80.0,55.6,0.0,normal,0.9,加速フェーズでrequired_speed未達だが、制限速度・CBTC遵守し適切に力行中で、他項目に問題がないため高評価。
1.0,Train11,駅出発直後の加速フェーズ（20秒以内）,ブレーキ（減速）中,1.0,力行（加速）,2.0,70.0,70.0,3.17,55.6,2177.55,179.0,0.5556035075874219,0.0,-2.1,この先制限速度なし,386m先に下り勾配6.7‰あり,前方946.6m先を48.2km/h,後続列車なし,40.0,161.0,未発車,80.0,55.6,0.0,normal,0.2,加速フェーズで不要なブレーキと2秒未満のノコギリ運転が判定され、上限0.3に抑えて0.2とした。
169.0,Train11,次駅への減速フェーズ（駅手前400m以内）,惰行中,0.1,ブレーキ（減速）,10.1,70.0,32.49,0.06,70.0,99.86,11.0,0.00017188516057751614,0.0,9.2,この先制限速度なし,この先目立った勾配なし,前方99.9m先を0.0km/h,後続列車なし,40.0,15.0,未発車,80.0,18.5,22.0,anti_mid_stop,0.1,駅間停車防止モードでtarget_speed_no_stop 18.5km/h を大きく下回る0.1km/h の惰行と、ブレーキせずに遠距離で停車位置が遠いため低速ちんたら運転とみなし減点した。
169.0,Train11,次駅への減速フェーズ（駅手前400m以内）,力行（加速）中,0.1,ブレーキ（減速）,10.1,70.0,32.49,0.06,70.0,99.86,11.0,0.00017188516057751614,0.0,9.2,この先制限速度なし,この先目立った勾配なし,前方99.9m先を0.0km/h,後続列車なし,40.0,15.0,未発車,80.0,18.5,22.0,anti_mid_stop,0.9,先行列車が停車中で駅間停車防止モード。target_speed_no_stop以下で加速しており、制限速度・CBTC遵守、ノコギリ運転なし。
169.0,Train11,次駅への減速フェーズ（駅手前400m以内）,ブレーキ（減速）中,10.1,惰行,109.0,70.0,32.49,0.06,70.0,99.86,11.0,0.00017188516057751614,0.0,9.2,この先制限速度なし,この先目立った勾配なし,前方99.9m先を0.0km/h,後続列車なし,40.0,15.0,未発車,80.0,18.5,22.0,anti_mid_stop,0.2,先行列車が停車中で駅間停車防止モード。target_speed_no_stop以下で走行すべきだが、過度にブレーキし停車位置が遠すぎ遅延が生じたため0.2とした。
6.0,Train11,駅出発直後の加速フェーズ（20秒以内）,惰行中,1.0,力行（加速）,3.0,70.0,70.0,6.73,57.0,2174.58,174.0,2.501991104854463,0.0,-2.1,この先制限速度なし,382m先に下り勾配6.7‰あり,前方1009.9m先を47.3km/h,後続列車なし,40.0,156.0,未発車,80.0,57.0,0.0,normal,0.1,加速フェーズでrequired_speed57km/hに対し6.7km/hの惰行は不適切で、3秒未満の力行→惰行切替がノコギリ運転と判定され評価上限0.3に抑えられたため0.1とした。
6.0,Train11,駅出発直後の加速フェーズ（20秒以内）,力行（加速）中,3.0,惰行,2.0,70.0,70.0,6.73,57.0,2174.58,174.0,2.501991104854463,0.0,-2.1,この先制限速度なし,382m先に下り勾配6.7‰あり,前方1009.9m先を47.3km/h,後続列車なし,40.0,156.0,未発車,80.0,57.0,0.0,normal,0.2,短時間の惰行から力行への切替がノコギリ運転と判定され、上限0.3点に抑えられたため。
6.0,Train11,駅出発直後の加速フェーズ（20秒以内）,ブレーキ（減速）中,1.0,力行（加速）,3.0,70.0,70.0,6.73,57.0,2174.58,174.0,2.501991104854463,0.0,-2.1,この先制限速度なし,382m先に下り勾配6.7‰あり,前方1009.9m先を47.3km/h,後続列車なし,40.0,156.0,未発車,80.0,57.0,0.0,normal,0.2,駅出発直後の加速フェーズで不必要にブレーキし、ノコギリ運転となっているため評価を大幅に減点した。
9.0,Train11,駅出発直後の加速フェーズ（20秒以内）,惰行中,1.0,力行（加速）,2.0,70.0,70.0,5.45,58.3,2170.98,171.0,1.6413249942202968,0.0,-2.1,この先制限速度なし,379m先に下り勾配6.7‰あり,前方1045.7m先を48.0km/h,後続列車なし,40.0,153.0,未発車,80.0,58.3,0.0,normal,0.0,加速フェーズでrequired_speed 58.3km/hに対し5.5km/hの惰行に切替え、持続1秒でノコギリ運転と判定され上限0.0となるため。
9.0,Train11,駅出発直後の加速フェーズ（20秒以内）,力行（加速）中,2.0,ブレーキ（減速）,1.0,70.0,70.0,5.45,58.3,2170.98,171.0,1.6413249942202968,0.0,-2.1,この先制限速度なし,379m先に下り勾配6.7‰あり,前方1045.7m先を48.0km/h,後続列車なし,40.0,153.0,未発車,80.0,58.3,0.0,normal,0.0,直前のブレーキが不要で、2秒未満の力行へ切替えるノコギリ運転と判定され、reward上限が0.0となった。
9.0,Train11,駅出発直後の加速フェーズ（20秒以内）,ブレーキ（減速）中,1.0,力行（加速）,2.0,70.0,70.0,5.45,58.3,2170.98,171.0,1.6413249942202968,0.0,-2.1,この先制限速度なし,379m先に下り勾配6.7‰あり,前方1045.7m先を48.0km/h,後続列車なし,40.0,153.0,未発車,80.0,58.3,0.0,normal,0.2,required_speed 58.3km/hに対し現在5.5km/hでブレーキしており、加速フェーズで不必要な減速と保持時間<7秒のノコギリ運転となるため評価は低く、rewardは0.2とした。
176.3,Train11,次駅への減速フェーズ（駅手前400m以内）,惰行中,0.1,ブレーキ（減速）,0.1,70.0,23.45,1.46,70.0,76.06,3.7,0.10174842455446025,0.0,9.2,この先制限速度なし,この先目立った勾配なし,前方76.1m先を0.2km/h,後続列車なし,40.0,15.0,未発車,80.0,15.5,29.3,anti_mid_stop,0.0,先行列車が塞いでいるため駅間停車防止モード。現在速度がtarget_speed_no_stopを10km/h以上下回り、かつ短時間のブレーキ→惰行の切替でノコギリ運転と判定され、reward上限0.0となる。
176.3,Train11,次駅への減速フェーズ（駅手前400m以内）,力行（加速）中,0.1,惰行,0.1,70.0,23.45,1.46,70.0,76.06,3.7,0.10174842455446025,0.0,9.2,この先制限速度なし,この先目立った勾配なし,前方76.1m先を0.2km/h,後続列車なし,40.0,15.0,未発車,80.0,15.5,29.3,anti_mid_stop,0.0,先行列車が遅延で塞いでいるため駅間停車防止モード。target_speed_no_stop 15.5km/h を超える力行は機外停車を招き、0.1秒のノコギリ運転によりreward上限が0.0となる。
176.3,Train11,次駅への減速フェーズ（駅手前400m以内）,ブレーキ（減速）中,0.1,惰行,0.1,70.0,23.45,1.46,70.0,76.06,3.7,0.10174842455446025,0.0,9.2,この先制限速度なし,この先目立った勾配なし,前方76.1m先を0.2km/h,後続列車なし,40.0,15.0,未発車,80.0,15.5,29.3,anti_mid_stop,0.0,ノコギリ運転（0.1秒のブレーキへの短時間切替）によりreward上限が0.0となった。
158.6,Train11,次駅への減速フェーズ（駅手前400m以内）,惰行中,0.1,ブレーキ（減速）,10.7,70.0,29.66,7.77,22.1,91.62,21.4,2.8778799294744943,0.0,9.2,この先制限速度なし,この先目立った勾配なし,前方91.6m先を0.0km/h,後続列車なし,40.0,15.0,未発車,80.0,17.5,27.6,anti_mid_stop,1.0,先行列車が停車中で駅間停車防止モード。target_speed_no_stop以下の惰行は適切で、CBTC・制限速度遵守、停止位置も問題なく、ノコギリ運転なし。
158.6,Train11,次駅への減速フェーズ（駅手前400m以内）,力行（加速）中,0.1,ブレーキ（減速）,10.7,70.0,29.66,7.77,22.1,91.62,21.4,2.8778799294744943,0.0,9.2,この先制限速度なし,この先目立った勾配なし,前方91.6m先を0.0km/h,後続列車なし,40.0,15.0,未発車,80.0,17.5,27.6,anti_mid_stop,0.2,次駅減速フェーズで加速しているため停止位置達成が危うく、CBTC・制限速度は遵守しているが減速すべきであるため低評価。
158.6,Train11,次駅への減速フェーズ（駅手前400m以内）,ブレーキ（減速）中,10.7,惰行,51.0,70.0,29.66,7.77,22.1,91.62,21.4,2.8778799294744943,0.0,9.2,この先制限速度なし,この先目立った勾配なし,前方91.6m先を0.0km/h,後続列車なし,40.0,15.0,未発車,80.0,17.5,27.6,anti_mid_stop,0.5,先行列車が停車中で駅間停車防止モード。target_speed_no_stop以下に抑えるべきところをブレーキで減速し、停車位置への遅れが生じるため減点し0.5とする。
1.0,Train11,駅出発直後の加速フェーズ（20秒以内）,惰行中,1.0,ブレーキ（減速）,1.0,70.0,70.0,3.17,55.6,2177.55,179.0,0.5556035075874219,0.0,-2.1,この先制限速度なし,387m先に下り勾配6.7‰あり,前方1101.1m先を58.5km/h,後続列車なし,40.0,145.0,未発車,80.0,55.6,0.0,anti_mid_stop,0.0,反転が持続7秒未満で合理的根拠がなく、ノコギリ運転と判定され上限rewardが0.0となった。
1.0,Train11,駅出発直後の加速フェーズ（20秒以内）,力行（加速）中,1.0,ブレーキ（減速）,1.0,70.0,70.0,3.17,55.6,2177.55,179.0,0.5556035075874219,0.0,-2.1,この先制限速度なし,387m先に下り勾配6.7‰あり,前方1101.1m先を58.5km/h,後続列車なし,40.0,145.0,未発車,80.0,55.6,0.0,normal,0.0,直前の不要なブレーキと1秒未満の切替でノコギリ運転と判定され、上限0.0点のためrewardは0.0。
1.0,Train11,駅出発直後の加速フェーズ（20秒以内）,ブレーキ（減速）中,1.0,力行（加速）,1.0,70.0,70.0,3.17,55.6,2177.55,179.0,0.5556035075874219,0.0,-2.1,この先制限速度なし,387m先に下り勾配6.7‰あり,前方1101.1m先を58.5km/h,後続列車なし,40.0,145.0,未発車,80.0,55.6,0.0,normal,0.0,加速フェーズで不要なブレーキを行い、保持時間が7秒未満のノコギリ運転と判定されたためrewardは0.0とした。
155.0,Train11,次駅への減速フェーズ（駅手前400m以内）,惰行中,49.0,力行（加速）,11.0,70.0,57.97,35.64,43.5,212.75,25.0,62.29184481015688,0.0,6.1,この先制限速度なし,12m先に上り勾配9.2‰あり,前方212.7m先を0.0km/h,後続列車なし,40.0,15.0,未発車,80.0,34.4,24.0,anti_mid_stop,0.9,先行列車が停車中で機外停車防止モード。現在速度はtarget_speed_no_stop付近で惰行しており、CBTC・制限速度を遵守し安全に停車位置も確保できるため高評価。
155.0,Train11,次駅への減速フェーズ（駅手前400m以内）,力行（加速）中,1.0,惰行,49.0,70.0,57.97,35.64,43.5,212.75,25.0,62.29184481015688,0.0,6.1,この先制限速度なし,12m先に上り勾配9.2‰あり,前方212.7m先を0.0km/h,後続列車なし,40.0,15.0,未発車,80.0,34.4,24.0,anti_mid_stop,0.6,駅間停車防止モードでtarget_speed_no_stopをわずかに上回るが許容範囲内、加速は過度でなく安全は保たれるが停止位置への遅れがあるため評価を減点。
155.0,Train11,次駅への減速フェーズ（駅手前400m以内）,ブレーキ（減速）中,1.0,惰行,49.0,70.0,57.97,35.64,43.5,212.75,25.0,62.29184481015688,0.0,6.1,この先制限速度なし,12m先に上り勾配9.2‰あり,前方212.7m先を0.0km/h,後続列車なし,40.0,15.0,未発車,80.0,34.4,24.0,anti_mid_stop,0.8,先行列車が停止しているため駅間停車防止モードと判定し、target_speed_no_stop以下に減速して安全距離を保っているので高評価とした。
159.0,Train11,次駅への減速フェーズ（駅手前400m以内）,惰行中,1.0,ブレーキ（減速）,2.0,70.0,48.23,24.11,70.0,159.09,21.0,27.574076164526126,0.0,9.2,この先制限速度なし,この先目立った勾配なし,前方159.1m先を0.0km/h,後続列車なし,40.0,15.0,未発車,80.0,27.0,12.0,anti_mid_stop,0.2,駅間停車防止モードでtarget_speed_no_stop 27km/h未満のまま2秒のブレーキ後すぐ惰行に切替え、ノコギリ運転と判定されたため報酬上限0.3に抑えた。
159.0,Train11,次駅への減速フェーズ（駅手前400m以内）,力行（加速）中,1.0,惰行,1.0,70.0,48.23,24.11,70.0,159.09,21.0,27.574076164526126,0.0,9.2,この先制限速度なし,この先目立った勾配なし,前方159.1m先を0.0km/h,後続列車なし,40.0,15.0,未発車,80.0,27.0,12.0,anti_mid_stop,0.0,ノコギリ運転（持続1秒の力行→惰行切替）によりreward上限が0.0に設定されたため。
159.0,Train11,次駅への減速フェーズ（駅手前400m以内）,ブレーキ（減速）中,1.0,惰行,1.0,70.0,48.23,24.11,70.0,159.09,21.0,27.574076164526126,0.0,9.2,この先制限速度なし,この先目立った勾配なし,前方159.1m先を0.0km/h,後続列車なし,40.0,15.0,未発車,80.0,27.0,12.0,anti_mid_stop,0.0,ノコギリ運転（惰行→減速、保持時間1秒未満）によりreward上限が0.0となり、早期ブレーキもNG要因。
135.0,Train11,次駅への減速フェーズ（駅手前400m以内）,惰行中,83.0,力行（加速）,53.0,70.0,70.0,39.82,39.8,326.03,45.0,77.6063403783618,0.0,6.1,この先制限速度なし,125m先に上り勾配9.2‰あり,前方326.0m先を0.0km/h,後続列車なし,0.0,15.0,未発車,120.0,39.8,28.0,anti_mid_stop,0.9,先行列車が塞いでいるため駅間停車防止モードとなり、現在速度はtarget_speed_no_stopと一致し惰行は適切。制限速度・CBTC遵守も問題なく、停止位置も十分確保できる。
135.0,Train11,次駅への減速フェーズ（駅手前400m以内）,力行（加速）中,1.0,惰行,83.0,70.0,70.0,39.82,39.8,326.03,45.0,77.6063403783618,0.0,6.1,この先制限速度なし,125m先に上り勾配9.2‰あり,前方326.0m先を0.0km/h,後続列車なし,0.0,15.0,未発車,120.0,39.8,28.0,anti_mid_stop,0.9,先行列車が遅延で駅間停車防止モードにあり、現在速度はtarget_speed_no_stop以内で加速して安全・適切なため高評価とした。
135.0,Train11,次駅への減速フェーズ（駅手前400m以内）,ブレーキ（減速）中,1.0,惰行,83.0,70.0,70.0,39.82,39.8,326.03,45.0,77.6063403783618,0.0,6.1,この先制限速度なし,125m先に上り勾配9.2‰あり,前方326.0m先を0.0km/h,後続列車なし,0.0,15.0,未発車,120.0,39.8,28.0,anti_mid_stop,0.2,先行列車が停車中で駅間停車防止モード。target_speed_no_stopと同等の速度で走行すべきところ、早期ブレーキにより速度が低下し停止位置が大幅に早すぎるため減点し0.2とした。
138.0,Train11,次駅への減速フェーズ（駅手前400m以内）,惰行中,1.0,力行（加速）,1.0,70.0,34.71,31.15,31.1,106.85,42.0,45.90360208067701,0.0,9.2,この先制限速度なし,この先目立った勾配なし,前方106.8m先を0.0km/h,後続列車なし,20.0,15.0,未発車,100.0,31.1,27.0,normal,0.0,力行→惰行が1秒未満で切替され、ノコギリ運転と判定され上限0.0点となった。
138.0,Train11,次駅への減速フェーズ（駅手前400m以内）,力行（加速）中,1.0,ブレーキ（減速）,7.0,70.0,34.71,31.15,31.1,106.85,42.0,45.90360208067701,0.0,9.2,この先制限速度なし,この先目立った勾配なし,前方106.8m先を0.0km/h,後続列車なし,20.0,15.0,未発車,100.0,31.1,27.0,normal,0.9,次駅減速フェーズでブレーキ未実施だがdelta_stopが十分正であり、加速は速度上限を超えず安全であるため高評価とした。
138.0,Train11,次駅への減速フェーズ（駅手前400m以内）,ブレーキ（減速）中,1.0,力行（加速）,1.0,70.0,34.71,31.15,31.1,106.85,42.0,45.90360208067701,0.0,9.2,この先制限速度なし,この先目立った勾配なし,前方106.8m先を0.0km/h,後続列車なし,20.0,15.0,未発車,100.0,31.1,27.0,normal,0.0,パワーからブレーキへの短時間切替が合理的根拠なく行われたため、ノコギリ運転と判定しreward上限0.0となった。
137.0,Train11,次駅への減速フェーズ（駅手前400m以内）,惰行中,90.0,力行（加速）,48.0,70.0,70.0,36.77,40.3,376.19,43.0,66.26981638594056,0.0,6.1,この先制限速度なし,176m先に上り勾配9.2‰あり,前方376.2m先を0.0km/h,後続列車なし,40.0,15.0,未発車,80.0,40.3,6.0,normal,0.9,減速フェーズでdelta_stopが正、ブレーキ未実施でも停止余裕があり、速度・信号遵守・ノコギリ運転なしで安全に減速可能なため高評価。
137.0,Train11,次駅への減速フェーズ（駅手前400m以内）,力行（加速）中,1.0,惰行,90.0,70.0,70.0,36.77,40.3,376.19,43.0,66.26981638594056,0.0,6.1,この先制限速度なし,176m先に上り勾配9.2‰あり,前方376.2m先を0.0km/h,後続列車なし,40.0,15.0,未発車,80.0,40.3,6.0,anti_mid_stop,1.0,先行列車が停車して機外停車防止モード。現在速度が target_speed_no_stop 未満で加速は適切で、速度・信号・停止位置・間隔すべて安全基準を満たす。
137.0,Train11,次駅への減速フェーズ（駅手前400m以内）,ブレーキ（減速）中,1.0,惰行,90.0,70.0,70.0,36.77,40.3,376.19,43.0,66.26981638594056,0.0,6.1,この先制限速度なし,176m先に上り勾配9.2‰あり,前方376.2m先を0.0km/h,後続列車なし,40.0,15.0,未発車,80.0,40.3,6.0,normal,0.2,ブレーキが停止点から遠く、必要速度未達のまま減速しているため停止位置達成と定時性が損なわれ、評価は低くなる。
144.0,Train11,次駅への減速フェーズ（駅手前400m以内）,惰行中,1.0,力行（加速）,15.0,70.0,70.0,46.48,70.0,395.38,36.0,105.37575955987673,0.0,6.1,この先制限速度なし,192m先に上り勾配9.2‰あり,前方395.4m先を0.0km/h,後続列車なし,20.0,15.0,未発車,100.0,70.0,17.0,delay_recovery,0.2,遅延回復モードで必要速度帯(62‑68km/h)を大きく下回り、惰行で維持しているため遅延拡大と判断し低評価とした。
144.0,Train11,次駅への減速フェーズ（駅手前400m以内）,力行（加速）中,15.0,惰行,89.0,70.0,70.0,46.48,70.0,395.38,36.0,105.37575955987673,0.0,6.1,この先制限速度なし,192m先に上り勾配9.2‰あり,前方395.4m先を0.0km/h,後続列車なし,20.0,15.0,未発車,100.0,70.0,17.0,anti_mid_stop,0.8,先行列車が停車中で駅間停車防止モード。target_speed_no_stop以下での加速は機外停車回避に適切だが、先行列車との車間が標準間隔より短くNGとした。
144.0,Train11,次駅への減速フェーズ（駅手前400m以内）,ブレーキ（減速）中,1.0,力行（加速）,15.0,70.0,70.0,46.48,70.0,395.38,36.0,105.37575955987673,0.0,6.1,この先制限速度なし,192m先に上り勾配9.2‰あり,前方395.4m先を0.0km/h,後続列車なし,20.0,15.0,未発車,100.0,70.0,17.0,anti_mid_stop,0.2,先行列車が停止している駅間停車防止モードでブレーキは必要だが、delta_stopが290mと大きく早過ぎる減速のため評価を下げ0.2とした。
161.0,Train11,次駅への減速フェーズ（駅手前400m以内）,惰行中,1.0,ブレーキ（減速）,1.0,70.0,44.19,28.2,70.0,141.78,19.0,37.66522121913,0.0,9.2,この先制限速度なし,この先目立った勾配なし,前方141.8m先を0.0km/h,後続列車なし,40.0,15.0,未発車,80.0,24.5,14.0,anti_mid_stop,0.0,先行列車が停車中で駅間停車防止モード。ブレーキ後1秒で惰行へ切替え、保持時間・切替が7秒未満で合理的理由がなくノコギリ運転と判定され、reward上限が0.0になる。
161.0,Train11,次駅への減速フェーズ（駅手前400m以内）,力行（加速）中,1.0,ブレーキ（減速）,1.0,70.0,44.19,28.2,70.0,141.78,19.0,37.66522121913,0.0,9.2,この先制限速度なし,この先目立った勾配なし,前方141.8m先を0.0km/h,後続列車なし,40.0,15.0,未発車,80.0,24.5,14.0,anti_mid_stop,0.0,直前のブレーキから1秒で力行への切替が合理的根拠なく短時間で行われたためノコギリ運転と判定し、reward上限が0.0となった。
161.0,Train11,次駅への減速フェーズ（駅手前400m以内）,ブレーキ（減速）中,1.0,惰行,112.0,70.0,44.19,28.2,70.0,141.78,19.0,37.66522121913,0.0,9.2,この先制限速度なし,この先目立った勾配なし,前方141.8m先を0.0km/h,後続列車なし,40.0,15.0,未発車,80.0,24.5,14.0,anti_mid_stop,0.9,先行列車が停車中で機外停車防止モード、target_speed_no_stop以下に減速し安全距離を確保、違反なしの適切なブレーキ操作と判断したため高評価。
140.0,Train11,次駅への減速フェーズ（駅手前400m以内）,惰行中,95.0,力行（加速）,46.0,70.0,70.0,34.79,45.0,377.57,40.0,59.37900846549362,0.0,6.1,この先制限速度なし,177m先に上り勾配9.2‰あり,前方377.6m先を0.0km/h,後続列車なし,20.0,15.0,未発車,100.0,45.0,13.0,normal,0.9,減速フェーズでdelta_stopが十分正であり、ブレーキ未使用でも停止位置は確保できる。速度は制限内・CBTC遵守、ノコギリ運転なし、全体的に適切な運転。
140.0,Train11,次駅への減速フェーズ（駅手前400m以内）,力行（加速）中,1.0,惰行,95.0,70.0,70.0,34.79,45.0,377.57,40.0,59.37900846549362,0.0,6.1,この先制限速度なし,177m先に上り勾配9.2‰あり,前方377.6m先を0.0km/h,後続列車なし,20.0,15.0,未発車,100.0,45.0,13.0,anti_mid_stop,1.0,先行列車が塞いでいる駅間停車防止モードで、target_speed_no_stop以下の加速は適切であり、速度・信号・制限をすべて遵守しているため高評価。
140.0,Train11,次駅への減速フェーズ（駅手前400m以内）,ブレーキ（減速）中,1.0,惰行,95.0,70.0,70.0,34.79,45.0,377.57,40.0,59.37900846549362,0.0,6.1,この先制限速度なし,177m先に上り勾配9.2‰あり,前方377.6m先を0.0km/h,後続列車なし,20.0,15.0,未発車,100.0,45.0,13.0,anti_mid_stop,0.1,先行列車が停車中で駅間停車防止モード。target_speed_no_stop 45km/hに対し34.8km/hでブレーキし過度に減速し、停止位置が遠すぎるため大幅減点し0.1とした。
149.0,Train11,次駅への減速フェーズ（駅手前400m以内）,惰行中,30.0,力行（加速）,21.0,70.0,70.0,43.97,70.0,310.63,31.0,94.42737114605792,0.0,6.1,この先制限速度なし,108m先に上り勾配9.2‰あり,前方310.6m先を0.0km/h,後続列車なし,40.0,15.0,未発車,80.0,70.0,18.0,delay_recovery,0.3,遅延回復モードで速度帯(62‑68km/h)を大きく下回る44km/hを惰行走行し、加速せず遅延拡大とエネルギー浪費が生じたため低評価。
149.0,Train11,次駅への減速フェーズ（駅手前400m以内）,力行（加速）中,1.0,惰行,30.0,70.0,70.0,43.97,70.0,310.63,31.0,94.42737114605792,0.0,6.1,この先制限速度なし,108m先に上り勾配9.2‰あり,前方310.6m先を0.0km/h,後続列車なし,40.0,15.0,未発車,80.0,70.0,18.0,anti_mid_stop,0.2,先行列車が停車中で駅間停車防止モード。減速フェーズで加速しており、必要速度未達かつブレーキすべき場面で不適切な力行のため減点し、rewardを0.2とした。
149.0,Train11,次駅への減速フェーズ（駅手前400m以内）,ブレーキ（減速）中,1.0,惰行,30.0,70.0,70.0,43.97,70.0,310.63,31.0,94.42737114605792,0.0,6.1,この先制限速度なし,108m先に上り勾配9.2‰あり,前方310.6m先を0.0km/h,後続列車なし,40.0,15.0,未発車,80.0,70.0,18.0,delay_recovery,0.2,次駅までの距離に対しブレーキ開始が早すぎ、delta_stopが216mと大きく早期減速となり停車位置と定時性が損なわれたため。
160.0,Train11,次駅への減速フェーズ（駅手前400m以内）,惰行中,2.0,ブレーキ（減速）,2.0,70.0,46.72,23.67,70.0,152.46,20.0,26.581004449506263,0.0,9.2,この先制限速度なし,この先目立った勾配なし,前方152.5m先を0.0km/h,後続列車なし,40.0,15.0,未発車,80.0,25.8,13.0,anti_mid_stop,0.8,駅間停車防止モードでtarget_speed_no_stop以下に抑え、速度は許容範囲内の惰行で安全かつ適切だが、若干の加速余地があるため0.8とした。
160.0,Train11,次駅への減速フェーズ（駅手前400m以内）,力行（加速）中,1.0,惰行,2.0,70.0,46.72,23.67,70.0,152.46,20.0,26.581004449506263,0.0,9.2,この先制限速度なし,この先目立った勾配なし,前方152.5m先を0.0km/h,後続列車なし,40.0,15.0,未発車,80.0,25.8,13.0,anti_mid_stop,0.2,先行列車が塞ぎ駅間停車防止モードで、target_speed_no_stop以下の加速は許容だが、惰行→力行がノコギリ運転と判定され上限0.3に抑え、加速により停車位置が遅れたため0.2とした。
160.0,Train11,次駅への減速フェーズ（駅手前400m以内）,ブレーキ（減速）中,1.0,惰行,2.0,70.0,46.72,23.67,70.0,152.46,20.0,26.581004449506263,0.0,9.2,この先制限速度なし,この先目立った勾配なし,前方152.5m先を0.0km/h,後続列車なし,40.0,15.0,未発車,80.0,25.8,13.0,anti_mid_stop,0.1,駅間停車防止モードでtarget_speed_no_stop以下に不必要にブレーキし、惰行→減速のノコギリ運転を発生させたため大幅減点し0.1とした。
127.0,Train11,次駅への減速フェーズ（駅手前400m以内）,惰行中,70.0,力行（加速）,58.0,70.0,70.0,45.18,45.2,358.74,53.0,99.6327168583707,0.0,6.1,この先制限速度なし,156m先に上り勾配9.2‰あり,前方358.7m先を0.0km/h,後続列車なし,40.0,19.0,未発車,80.0,45.2,0.0,normal,1.0,現在速度がrequired_speedと一致し、CBTC・制限速度を遵守、前方列車との間隔も安全で、ノコギリ運転なし。減速開始前の惰行は適切と判断し最高評価。
127.0,Train11,次駅への減速フェーズ（駅手前400m以内）,力行（加速）中,1.0,惰行,70.0,70.0,70.0,45.18,45.2,358.74,53.0,99.6327168583707,0.0,6.1,この先制限速度なし,156m先に上り勾配9.2‰あり,前方358.7m先を0.0km/h,後続列車なし,40.0,19.0,未発車,80.0,45.2,0.0,anti_mid_stop,0.2,駅間停車防止モードでtarget_speed_no_stopを超える力行を続け、機外停車リスクがあるため低評価。
127.0,Train11,次駅への減速フェーズ（駅手前400m以内）,ブレーキ（減速）中,1.0,惰行,70.0,70.0,70.0,45.18,45.2,358.74,53.0,99.6327168583707,0.0,6.1,この先制限速度なし,156m先に上り勾配9.2‰あり,前方358.7m先を0.0km/h,後続列車なし,40.0,19.0,未発車,80.0,45.2,0.0,normal,0.2,次駅減速フェーズでdelta_stopが259mと大きく正で、早期ブレーキにより停止位置が手前になるため評価を低くし0.2とした。
143.0,Train11,次駅への減速フェーズ（駅手前400m以内）,惰行中,1.0,力行（加速）,4.0,70.0,70.0,37.39,70.0,363.96,37.0,68.50353687595315,0.0,6.1,この先制限速度なし,163m先に上り勾配9.2‰あり,前方364.0m先を0.0km/h,後続列車なし,40.0,15.0,未発車,80.0,70.0,12.0,normal,0.2,短時間の力行→惰行切替が合理的根拠なく行われたためノコギリ運転とみなし、上限0.3点に抑え0.2とした。
143.0,Train11,次駅への減速フェーズ（駅手前400m以内）,力行（加速）中,4.0,惰行,95.0,70.0,70.0,37.39,70.0,363.96,37.0,68.50353687595315,0.0,6.1,この先制限速度なし,163m先に上り勾配9.2‰あり,前方364.0m先を0.0km/h,後続列車なし,40.0,15.0,未発車,80.0,70.0,12.0,delay_recovery,0.2,次駅減速フェーズで加速しており、必要なブレーキが遅れているため大幅に減点し、reward 0.2とした。
143.0,Train11,次駅への減速フェーズ（駅手前400m以内）,ブレーキ（減速）中,1.0,力行（加速）,4.0,70.0,70.0,37.39,70.0,363.96,37.0,68.50353687595315,0.0,6.1,この先制限速度なし,163m先に上り勾配9.2‰あり,前方364.0m先を0.0km/h,後続列車なし,40.0,15.0,未発車,80.0,70.0,12.0,delay_recovery,0.1,遅延回復モードで必要速度70km/hに対し37.4km/hに減速しており、制限速度帯から大きく外れた不必要なブレーキと短時間のノコギリ運転が評価を大幅に下げた。
132.0,Train11,次駅への減速フェーズ（駅手前400m以内）,惰行中,34.0,力行（加速）,13.0,70.0,66.66,49.46,49.5,264.0,48.0,119.12605640059662,0.0,6.1,この先制限速度なし,60m先に上り勾配9.2‰あり,前方264.0m先を0.0km/h,後続列車なし,0.0,15.0,未発車,120.0,49.5,25.0,normal,1.0,制限速度・CBTCを遵守し、required_speedと一致した惰行でdelta_stopが正のため停止位置は確保でき、先行列車との間隔も安全である。
132.0,Train11,次駅への減速フェーズ（駅手前400m以内）,力行（加速）中,1.0,惰行,34.0,70.0,66.66,49.46,49.5,264.0,48.0,119.12605640059662,0.0,6.1,この先制限速度なし,60m先に上り勾配9.2‰あり,前方264.0m先を0.0km/h,後続列車なし,0.0,15.0,未発車,120.0,49.5,25.0,anti_mid_stop,0.2,駅間停車防止モードでtarget_speed_no_stopを超える力行は機外停車リスクを招くため減点し、rewardを0.2とした。
132.0,Train11,次駅への減速フェーズ（駅手前400m以内）,ブレーキ（減速）中,1.0,惰行,34.0,70.0,66.66,49.46,49.5,264.0,48.0,119.12605640059662,0.0,6.1,この先制限速度なし,60m先に上り勾配9.2‰あり,前方264.0m先を0.0km/h,後続列車なし,0.0,15.0,未発車,120.0,49.5,25.0,anti_mid_stop,0.3,先行列車が停車中で駅間停車防止モード。target_speed_no_stopと同等の速度でブレーキを開始し、delta_stopが大きく正のため早すぎる減速となり停止位置遅延リスクがあるため減点した。
152.0,Train11,次駅への減速フェーズ（駅手前400m以内）,惰行中,1.0,ブレーキ（減速）,1.0,70.0,50.19,43.59,43.6,168.01,28.0,89.38211093336659,0.0,9.2,この先制限速度なし,この先目立った勾配なし,前方168.0m先を0.0km/h,後続列車なし,40.0,15.0,未発車,80.0,28.4,5.0,anti_mid_stop,0.0,ブレーキから惰行への短時間切替がノコギリ運転と判定され、上限rewardが0.0となったため評価は0.0。
152.0,Train11,次駅への減速フェーズ（駅手前400m以内）,力行（加速）中,1.0,ブレーキ（減速）,1.0,70.0,50.19,43.59,43.6,168.01,28.0,89.38211093336659,0.0,9.2,この先制限速度なし,この先目立った勾配なし,前方168.0m先を0.0km/h,後続列車なし,40.0,15.0,未発車,80.0,28.4,5.0,anti_mid_stop,0.0,短時間のブレーキ→力行への不合理な切替がノコギリ運転と判定され、reward上限が0.0となり、全体評価は0.0とした。
152.0,Train11,次駅への減速フェーズ（駅手前400m以内）,ブレーキ（減速）中,1.0,惰行,34.0,70.0,50.19,43.59,43.6,168.01,28.0,89.38211093336659,0.0,9.2,この先制限速度なし,この先目立った勾配なし,前方168.0m先を0.0km/h,後続列車なし,40.0,15.0,未発車,80.0,28.4,5.0,anti_mid_stop,0.2,先行列車が停車中で駅間停車防止モード。target_speed_no_stopを上回る速度で早期ブレーキを開始し、停止位置が遠すぎて遅延とエネルギー損失が大きく評価を下げた。
149.0,Train11,次駅への減速フェーズ（駅手前400m以内）,惰行中,1.0,力行（加速）,6.0,70.0,70.0,42.15,70.0,316.51,31.0,86.85319057568755,0.0,6.1,この先制限速度なし,114m先に上り勾配9.2‰あり,前方316.5m先を0.0km/h,後続列車なし,40.0,15.0,未発車,80.0,70.0,2.0,delay_recovery,0.2,遅延回復モードで速度上限付近を維持すべきところ、42km/hの惰行で大幅に低速かつノコギリ運転となり、遅延拡大と安全性低下が顕著なため。
149.0,Train11,次駅への減速フェーズ（駅手前400m以内）,力行（加速）中,6.0,惰行,41.0,70.0,70.0,42.15,70.0,316.51,31.0,86.85319057568755,0.0,6.1,この先制限速度なし,114m先に上り勾配9.2‰あり,前方316.5m先を0.0km/h,後続列車なし,40.0,15.0,未発車,80.0,70.0,2.0,delay_recovery,0.8,遅延回復モードで速度が制限帯下限以下のため加速は適切であり、加速時間が7秒未満でノコギリ運転に該当せず、停止位置も十分確保できる。
149.0,Train11,次駅への減速フェーズ（駅手前400m以内）,ブレーキ（減速）中,1.0,力行（加速）,6.0,70.0,70.0,42.15,70.0,316.51,31.0,86.85319057568755,0.0,6.1,この先制限速度なし,114m先に上り勾配9.2‰あり,前方316.5m先を0.0km/h,後続列車なし,40.0,15.0,未発車,80.0,70.0,2.0,delay_recovery,0.2,遅延回復モードで速度を制限付近に保つべきところ、遠くから不必要に減速・ブレーキしノコギリ運転となっているため低評価。
130.0,Train11,次駅への減速フェーズ（駅手前400m以内）,惰行中,69.0,力行（加速）,58.0,70.0,70.0,45.57,45.6,365.61,50.0,101.33928118201538,0.0,6.1,この先制限速度なし,163m先に上り勾配9.2‰あり,前方365.6m先を0.0km/h,後続列車なし,20.0,15.0,未発車,100.0,45.6,3.0,anti_mid_stop,0.9,先行列車が停車中で機外停車防止モードと判定し、速度はtarget_speed_no_stopと一致し惰行が適切、制限速度・CBTC遵守、停止位置に余裕がありノコギリ運転もなし。
130.0,Train11,次駅への減速フェーズ（駅手前400m以内）,力行（加速）中,1.0,惰行,69.0,70.0,70.0,45.57,45.6,365.61,50.0,101.33928118201538,0.0,6.1,この先制限速度なし,163m先に上り勾配9.2‰あり,前方365.6m先を0.0km/h,後続列車なし,20.0,15.0,未発車,100.0,45.6,3.0,anti_mid_stop,0.2,先行列車が停車中で駅間停車防止モード。target_speed_no_stopを超える力行は過剰加速とみなされ減点し、rewardは0.2とした。
130.0,Train11,次駅への減速フェーズ（駅手前400m以内）,ブレーキ（減速）中,1.0,惰行,69.0,70.0,70.0,45.57,45.6,365.61,50.0,101.33928118201538,0.0,6.1,この先制限速度なし,163m先に上り勾配9.2‰あり,前方365.6m先を0.0km/h,後続列車なし,20.0,15.0,未発車,100.0,45.6,3.0,anti_mid_stop,0.2,先行列車が次駅で停車中の駅間停車防止モードだが、現在速度はtarget_speed_no_stopと同等であるにも関わらず早期ブレーキを行い、停止位置が遠すぎるため減点し、rewardを0.2とした。
163.0,Train11,次駅への減速フェーズ（駅手前400m以内）,惰行中,1.0,ブレーキ（減速）,5.0,70.0,33.48,26.34,31.2,102.93,17.0,32.883833586269375,0.0,9.2,この先制限速度なし,この先目立った勾配なし,前方102.9m先を0.0km/h,後続列車なし,40.0,15.0,未発車,80.0,19.1,16.0,anti_mid_stop,0.2,先行列車が塞ぎ駅間停車防止モードで、target_speed_no_stop 19.1km/h を超える26.3km/h の惰行は機外停車リスクがあり、ブレーキ未実施で遅延増大、かつノコギリ運転と判定されたため低評価。
163.0,Train11,次駅への減速フェーズ（駅手前400m以内）,力行（加速）中,1.0,ブレーキ（減速）,5.0,70.0,33.48,26.34,31.2,102.93,17.0,32.883833586269375,0.0,9.2,この先制限速度なし,この先目立った勾配なし,前方102.9m先を0.0km/h,後続列車なし,40.0,15.0,未発車,80.0,19.1,16.0,anti_mid_stop,0.2,先行列車が塞いでいる駅間停車防止モードで、target_speed_no_stop 19.1km/h を超える加速と、ブレーキ後1秒の力行への切替が合理的理由なくノコギリ運転と判定されたため減点し、rewardは0.2とした。
163.0,Train11,次駅への減速フェーズ（駅手前400m以内）,ブレーキ（減速）中,5.0,惰行,40.0,70.0,33.48,26.34,31.2,102.93,17.0,32.883833586269375,0.0,9.2,この先制限速度なし,この先目立った勾配なし,前方102.9m先を0.0km/h,後続列車なし,40.0,15.0,未発車,80.0,19.1,16.0,anti_mid_stop,1.0,先行列車が塞いでいる駅間停車防止モードで、target_speed_no_stop以下に減速すべき状況。CBTC信号を下回るブレーキは適切で、即時ゼロ違反なし。
134.0,Train11,次駅への減速フェーズ（駅手前400m以内）,惰行中,82.0,力行（加速）,53.0,70.0,70.0,40.18,40.2,337.14,46.0,79.00194740589644,0.0,6.1,この先制限速度なし,136m先に上り勾配9.2‰あり,前方337.1m先を0.0km/h,後続列車なし,0.0,15.0,未発車,120.0,40.2,27.0,anti_mid_stop,1.0,先行列車が未発車で駅間停車防止モード。target_speed_no_stopと同速度で惰行し、制限・CBTC遵守、停止位置余裕あり、ノコギリ運転なしで安全に運転しているため高評価。
134.0,Train11,次駅への減速フェーズ（駅手前400m以内）,力行（加速）中,1.0,惰行,82.0,70.0,70.0,40.18,40.2,337.14,46.0,79.00194740589644,0.0,6.1,この先制限速度なし,136m先に上り勾配9.2‰あり,前方337.1m先を0.0km/h,後続列車なし,0.0,15.0,未発車,120.0,40.2,27.0,anti_mid_stop,0.4,先行列車が停車中で駅間停車防止モード。target_speed_no_stop を超える力行は機外停車リスクを高めるため減点し、rewardを0.4とした。
134.0,Train11,次駅への減速フェーズ（駅手前400m以内）,ブレーキ（減速）中,1.0,惰行,82.0,70.0,70.0,40.18,40.2,337.14,46.0,79.00194740589644,0.0,6.1,この先制限速度なし,136m先に上り勾配9.2‰あり,前方337.1m先を0.0km/h,後続列車なし,0.0,15.0,未発車,120.0,40.2,27.0,anti_mid_stop,0.2,先行列車が停車中で機外停車防止モード。target_speed_no_stop以下での不要なブレーキは早すぎる減速となり停止位置と定時性を大幅に損ねるため低評価。
135.0,Train11,次駅への減速フェーズ（駅手前400m以内）,惰行中,75.0,力行（加速）,57.0,70.0,70.0,43.2,43.2,315.49,45.0,91.18540990243542,0.0,6.1,この先制限速度なし,113m先に上り勾配9.2‰あり,前方315.5m先を0.0km/h,後続列車なし,40.0,27.0,未発車,80.0,43.2,0.0,normal,1.0,現在速度がrequired_speedと一致し、CBTC・制限速度を遵守、停止位置も余裕あり、ノコギリ運転なしで適切に惰行しているため高評価。
135.0,Train11,次駅への減速フェーズ（駅手前400m以内）,力行（加速）中,1.0,惰行,75.0,70.0,70.0,43.2,43.2,315.49,45.0,91.18540990243542,0.0,6.1,この先制限速度なし,113m先に上り勾配9.2‰あり,前方315.5m先を0.0km/h,後続列車なし,40.0,27.0,未発車,80.0,43.2,0.0,anti_mid_stop,0.2,先行列車が停車中で駅間停車防止モード。target_speed_no_stopと同等の速度で力行は過剰加速となり機外停車リスクがあるため減点し、reward 0.2とした。
135.0,Train11,次駅への減速フェーズ（駅手前400m以内）,ブレーキ（減速）中,1.0,惰行,75.0,70.0,70.0,43.2,43.2,315.49,45.0,91.18540990243542,0.0,6.1,この先制限速度なし,113m先に上り勾配9.2‰あり,前方315.5m先を0.0km/h,後続列車なし,40.0,27.0,未発車,80.0,43.2,0.0,normal,0.4,ブレーキが停止位置から遠く離れた段階で開始され、不要な減速となっているため評価を下げ、reward 0.4とする。
148.0,Train11,次駅への減速フェーズ（駅手前400m以内）,惰行中,1.0,力行（加速）,19.0,70.0,70.0,48.83,70.0,342.42,32.0,116.15138029486309,0.0,6.1,この先制限速度なし,138m先に上り勾配9.2‰あり,前方342.4m先を0.0km/h,後続列車なし,20.0,15.0,未発車,100.0,70.0,21.0,delay_recovery,0.2,遅延回復モードで速度が制限速度帯(62‑68km/h)を大きく下回り惰行が続くため、遅延回復が不適切と判断し0.2とした。
148.0,Train11,次駅への減速フェーズ（駅手前400m以内）,力行（加速）中,19.0,惰行,89.0,70.0,70.0,48.83,70.0,342.42,32.0,116.15138029486309,0.0,6.1,この先制限速度なし,138m先に上り勾配9.2‰あり,前方342.4m先を0.0km/h,後続列車なし,20.0,15.0,未発車,100.0,70.0,21.0,delay_recovery,1.0,遅延回復モードで制限速度付近へ加速が必要であり、現在の力行は速度上限を超えずCBTC違反もなく、停止位置も確保できるため高評価。
148.0,Train11,次駅への減速フェーズ（駅手前400m以内）,ブレーキ（減速）中,1.0,力行（加速）,19.0,70.0,70.0,48.83,70.0,342.42,32.0,116.15138029486309,0.0,6.1,この先制限速度なし,138m先に上り勾配9.2‰あり,前方342.4m先を0.0km/h,後続列車なし,20.0,15.0,未発車,100.0,70.0,21.0,anti_mid_stop,0.1,先行列車が停車中で駅間停車防止モードだが、required_speed未達のままブレーキを続けており停止位置が遠すぎるため遅延と安全性が低下し、評価を大幅に減点した。
148.0,Train11,次駅への減速フェーズ（駅手前400m以内）,惰行中,64.0,力行（加速）,28.0,70.0,41.2,42.61,42.6,129.87,32.0,85.44968072680847,0.0,9.2,この先制限速度なし,この先目立った勾配なし,前方129.9m先を0.0km/h,後続列車なし,40.0,15.0,未発車,80.0,42.6,1.0,anti_mid_stop,0.9,先行列車が停車中で駅間停車防止モード。現在速度はtarget_speed_no_stopと一致し惰行で適切、CBTC遵守かつ減速余裕あり。
148.0,Train11,次駅への減速フェーズ（駅手前400m以内）,力行（加速）中,1.0,惰行,64.0,70.0,41.2,42.61,42.6,129.87,32.0,85.44968072680847,0.0,9.2,この先制限速度なし,この先目立った勾配なし,前方129.9m先を0.0km/h,後続列車なし,40.0,15.0,未発車,80.0,42.6,1.0,anti_mid_stop,0.2,先行列車が停車中で駅間停車防止モード。target_speed_no_stop を超える加速は機外停車リスクを高め、減速すべき減速フェーズで力行しているため減点し、reward 0.2 とした。
148.0,Train11,次駅への減速フェーズ（駅手前400m以内）,ブレーキ（減速）中,1.0,惰行,64.0,70.0,41.2,42.61,42.6,129.87,32.0,85.44968072680847,0.0,9.2,この先制限速度なし,この先目立った勾配なし,前方129.9m先を0.0km/h,後続列車なし,40.0,15.0,未発車,80.0,42.6,1.0,normal,0.2,ブレーキが早すぎて停止位置が大幅に手前になり、次駅減速フェーズでの制御が不適切なため低評価。
138.0,Train11,次駅への減速フェーズ（駅手前400m以内）,惰行中,91.0,力行（加速）,48.0,70.0,70.0,36.41,41.3,366.03,42.0,64.98942892747044,0.0,6.1,この先制限速度なし,165m先に上り勾配9.2‰あり,前方366.0m先を0.0km/h,後続列車なし,40.0,15.0,未発車,80.0,41.3,7.0,normal,0.3,次駅減速フェーズで必要速度41.3km/hを下回り惰行しているため、ブレーキ開始が遅れ遅延リスクが高く評価を下げた。
138.0,Train11,次駅への減速フェーズ（駅手前400m以内）,力行（加速）中,1.0,惰行,91.0,70.0,70.0,36.41,41.3,366.03,42.0,64.98942892747044,0.0,6.1,この先制限速度なし,165m先に上り勾配9.2‰あり,前方366.0m先を0.0km/h,後続列車なし,40.0,15.0,未発車,80.0,41.3,7.0,normal,0.9,required_speed未達のため加速は妥当で、制限速度・CBTCを遵守し、ノコギリ運転や間隔問題もなく安全かつ定時性を保てるため高評価とした。
138.0,Train11,次駅への減速フェーズ（駅手前400m以内）,ブレーキ（減速）中,1.0,惰行,91.0,70.0,70.0,36.41,41.3,366.03,42.0,64.98942892747044,0.0,6.1,この先制限速度なし,165m先に上り勾配9.2‰あり,前方366.0m先を0.0km/h,後続列車なし,40.0,15.0,未発車,80.0,41.3,7.0,anti_mid_stop,0.2,先行列車が塞いでいる駅間停車防止モードで、target_speed_no_stop を下回る状態で不必要にブレーキをかけ、停止位置が遠く早すぎる減速となったため低評価とした。
148.0,Train11,次駅への減速フェーズ（駅手前400m以内）,惰行中,1.0,ブレーキ（減速）,2.0,70.0,50.43,40.74,40.7,169.15,32.0,78.18492107224323,0.0,9.2,この先制限速度なし,この先目立った勾配なし,前方169.1m先を0.0km/h,後続列車なし,40.0,15.0,未発車,80.0,40.7,17.0,normal,0.2,ブレーキ→惰行への7秒未満の切替が合理的根拠なく行われ、ノコギリ運転と判定され上限0.3点に抑えられたため0.2とした。
148.0,Train11,次駅への減速フェーズ（駅手前400m以内）,力行（加速）中,1.0,ブレーキ（減速）,2.0,70.0,50.43,40.74,40.7,169.15,32.0,78.18492107224323,0.0,9.2,この先制限速度なし,この先目立った勾配なし,前方169.1m先を0.0km/h,後続列車なし,40.0,15.0,未発車,80.0,40.7,17.0,anti_mid_stop,0.2,駅間停車防止モードでtarget_speed_no_stopを超える力行を行い、ブレーキ→力行への短時間切替があり機外停車リスクとノコギリ運転が判定されたため低評価。
148.0,Train11,次駅への減速フェーズ（駅手前400m以内）,ブレーキ（減速）中,2.0,惰行,42.0,70.0,50.43,40.74,40.7,169.15,32.0,78.18492107224323,0.0,9.2,この先制限速度なし,この先目立った勾配なし,前方169.1m先を0.0km/h,後続列車なし,40.0,15.0,未発車,80.0,40.7,17.0,anti_mid_stop,0.2,先行列車が停車中の駅間停車防止モードで、target_speed_no_stop を超えずにブレーキを早く掛けているため停止位置が大幅に前倒しとなり、不要な減速と判断された。
131.0,Train11,次駅への減速フェーズ（駅手前400m以内）,惰行中,47.0,力行（加速）,28.0,70.0,70.0,49.66,49.7,348.49,49.0,120.07797020052917,0.0,6.1,この先制限速度なし,144m先に上り勾配9.2‰あり,前方348.5m先を0.0km/h,後続列車なし,40.0,31.0,未発車,80.0,49.7,0.0,normal,1.0,制限速度・CBTCを遵守し、required_speedと同等の惰行で走行、停止余裕距離も十分で適切な操作と判断。
131.0,Train11,次駅への減速フェーズ（駅手前400m以内）,力行（加速）中,1.0,惰行,47.0,70.0,70.0,49.66,49.7,348.49,49.0,120.07797020052917,0.0,6.1,この先制限速度なし,144m先に上り勾配9.2‰あり,前方348.5m先を0.0km/h,後続列車なし,40.0,31.0,未発車,80.0,49.7,0.0,normal,0.5,現在速度はrequired_speedと同等で余裕があるのに加速ノッチを継続し、不要な力行となっているため評価を下げる。
131.0,Train11,次駅への減速フェーズ（駅手前400m以内）,ブレーキ（減速）中,1.0,惰行,47.0,70.0,70.0,49.66,49.7,348.49,49.0,120.07797020052917,0.0,6.1,この先制限速度なし,144m先に上り勾配9.2‰あり,前方348.5m先を0.0km/h,後続列車なし,40.0,31.0,未発車,80.0,49.7,0.0,normal,0.2,次駅減速フェーズでdelta_stopが228mと過大で、早すぎるブレーキにより停止位置が遅れ、エネルギー無駄が顕著なため低評価。
147.0,Train11,次駅への減速フェーズ（駅手前400m以内）,惰行中,96.0,力行（加速）,52.0,70.0,58.5,35.04,35.0,215.67,33.0,60.22863554163292,0.0,6.1,この先制限速度なし,15m先に上り勾配9.2‰あり,前方215.7m先を0.0km/h,後続列車なし,40.0,15.0,未発車,80.0,35.0,0.0,normal,0.9,減速フェーズで必要停止距離まで十分な余裕があり、速度は制限・CBTC範囲内で惰行が適切に維持されているため高評価。
147.0,Train11,次駅への減速フェーズ（駅手前400m以内）,力行（加速）中,1.0,惰行,96.0,70.0,58.5,35.04,35.0,215.67,33.0,60.22863554163292,0.0,6.1,この先制限速度なし,15m先に上り勾配9.2‰あり,前方215.7m先を0.0km/h,後続列車なし,40.0,15.0,未発車,80.0,35.0,0.0,normal,0.3,次駅減速フェーズで必要速度と同等なのに加速しており、停止位置確保が遅れリスクとエネルギー無駄が生じるため低評価とした。
147.0,Train11,次駅への減速フェーズ（駅手前400m以内）,ブレーキ（減速）中,1.0,惰行,96.0,70.0,58.5,35.04,35.0,215.67,33.0,60.22863554163292,0.0,6.1,この先制限速度なし,15m先に上り勾配9.2‰あり,前方215.7m先を0.0km/h,後続列車なし,40.0,15.0,未発車,80.0,35.0,0.0,normal,0.2,ブレーキ開始が必要停止距離より大幅に早く、delta_stopが155mで早すぎる減速となり停止位置が遅れリスクが高いため低評価。
126.0,Train11,次駅への減速フェーズ（駅手前400m以内）,惰行中,66.0,力行（加速）,61.0,70.0,70.0,47.04,47.0,338.65,54.0,107.89760407870415,0.0,6.1,この先制限速度なし,135m先に上り勾配9.2‰あり,前方338.7m先を0.0km/h,後続列車なし,40.0,20.0,未発車,80.0,47.0,0.0,normal,0.9,減速フェーズで停止余裕が大きく、速度は制限・CBTC内、ノコギリ運転なし、惰行で適切に走行しているため高評価。
126.0,Train11,次駅への減速フェーズ（駅手前400m以内）,力行（加速）中,1.0,惰行,66.0,70.0,70.0,47.04,47.0,338.65,54.0,107.89760407870415,0.0,6.1,この先制限速度なし,135m先に上り勾配9.2‰あり,前方338.7m先を0.0km/h,後続列車なし,40.0,20.0,未発車,80.0,47.0,0.0,normal,0.2,減速フェーズで加速操作を行い、必要速度を超える力行は安全・定時性を損ねるため大幅に減点し0.2とした。
126.0,Train11,次駅への減速フェーズ（駅手前400m以内）,ブレーキ（減速）中,1.0,惰行,66.0,70.0,70.0,47.04,47.0,338.65,54.0,107.89760407870415,0.0,6.1,この先制限速度なし,135m先に上り勾配9.2‰あり,前方338.7m先を0.0km/h,後続列車なし,40.0,20.0,未発車,80.0,47.0,0.0,normal,0.2,delta_stopが230.75mと大きく正で、必要ブレーキ位置よりはるか前に減速しているため、停車位置と定時性が著しく損なわれ評価を0.2とした。
165.0,Train11,次駅への減速フェーズ（駅手前400m以内）,惰行中,21.0,力行（加速）,16.0,70.0,46.82,39.74,70.0,152.89,15.0,74.42910037681311,0.0,9.2,この先制限速度なし,この先目立った勾配なし,前方152.9m先を0.0km/h,後続列車なし,40.0,15.0,未発車,80.0,26.0,18.0,anti_mid_stop,0.2,先行が塞ぎ駅間停車防止モードで、現在速度が target_speed_no_stop(26km/h) を大幅に上回り過剰加速となっているため減点し、reward 0.2とした。
165.0,Train11,次駅への減速フェーズ（駅手前400m以内）,力行（加速）中,1.0,惰行,21.0,70.0,46.82,39.74,70.0,152.89,15.0,74.42910037681311,0.0,9.2,この先制限速度なし,この先目立った勾配なし,前方152.9m先を0.0km/h,後続列車なし,40.0,15.0,未発車,80.0,26.0,18.0,anti_mid_stop,0.2,先行列車が塞いでいる駅間停車防止モードで、target_speed_no_stop 26km/h を大幅に上回る加速を行い、停止位置達成が遅れ危険なため低評価。
165.0,Train11,次駅への減速フェーズ（駅手前400m以内）,ブレーキ（減速）中,1.0,惰行,21.0,70.0,46.82,39.74,70.0,152.89,15.0,74.42910037681311,0.0,9.2,この先制限速度なし,この先目立った勾配なし,前方152.9m先を0.0km/h,後続列車なし,40.0,15.0,未発車,80.0,26.0,18.0,anti_mid_stop,0.9,先行列車が塞いで駅間停車防止モード。target_speed_no_stop 超過だが適切にブレーキ減速しCBTC・制限速度遵守で安全運転。
148.0,Train11,次駅への減速フェーズ（駅手前400m以内）,惰行中,103.0,力行（加速）,46.0,70.0,70.0,31.99,70.0,303.39,32.0,50.267871675165836,0.0,6.1,この先制限速度なし,104m先に上り勾配9.2‰あり,前方303.4m先を0.0km/h,後続列車なし,20.0,15.0,未発車,100.0,70.0,21.0,delay_recovery,0.1,遅延回復モードで制限速度付近(62‑68km/h)を大きく下回る32km/hで惰行しており、速度回復が全く行われていないため遅延拡大とエネルギー低下が顕著。
148.0,Train11,次駅への減速フェーズ（駅手前400m以内）,力行（加速）中,1.0,惰行,103.0,70.0,70.0,31.99,70.0,303.39,32.0,50.267871675165836,0.0,6.1,この先制限速度なし,104m先に上り勾配9.2‰あり,前方303.4m先を0.0km/h,後続列車なし,20.0,15.0,未発車,100.0,70.0,21.0,delay_recovery,0.3,遅延回復モードで速度が制限値の半分以下のまま加速し、減速フェーズでの加速は安全上不適切と判断したため評価を低くした。
148.0,Train11,次駅への減速フェーズ（駅手前400m以内）,ブレーキ（減速）中,1.0,惰行,103.0,70.0,70.0,31.99,70.0,303.39,32.0,50.267871675165836,0.0,6.1,この先制限速度なし,104m先に上り勾配9.2‰あり,前方303.4m先を0.0km/h,後続列車なし,20.0,15.0,未発車,100.0,70.0,21.0,normal,0.4,次駅まで約300mあるのにブレーキを開始し、delta_stopが253mと過大で早すぎる減速となっているため評価を低下させた。
142.0,Train11,次駅への減速フェーズ（駅手前400m以内）,惰行中,18.0,力行（加速）,7.0,70.0,70.0,40.0,44.4,351.97,38.0,78.30262950465575,0.0,6.1,この先制限速度なし,150m先に上り勾配9.2‰あり,前方352.0m先を0.0km/h,後続列車なし,40.0,20.0,未発車,80.0,44.4,0.0,normal,0.4,次駅減速フェーズで必要速度44.4km/hに対し40km/hの惰行が続き、加速不足で定時到着が危うく評価を下げた。
142.0,Train11,次駅への減速フェーズ（駅手前400m以内）,力行（加速）中,1.0,惰行,18.0,70.0,70.0,40.0,44.4,351.97,38.0,78.30262950465575,0.0,6.1,この先制限速度なし,150m先に上り勾配9.2‰あり,前方352.0m先を0.0km/h,後続列車なし,40.0,20.0,未発車,80.0,44.4,0.0,normal,0.2,次駅減速フェーズで力行を続けているため停止位置達成が遅れ、安全性と定時性を著しく損ねている。
142.0,Train11,次駅への減速フェーズ（駅手前400m以内）,ブレーキ（減速）中,1.0,惰行,18.0,70.0,70.0,40.0,44.4,351.97,38.0,78.30262950465575,0.0,6.1,この先制限速度なし,150m先に上り勾配9.2‰あり,前方352.0m先を0.0km/h,後続列車なし,40.0,20.0,未発車,80.0,44.4,0.0,anti_mid_stop,0.2,先行列車が停車している駅間停車防止モードだが、必要速度44.4km/hを上回る早すぎるブレーキで減速し、停止位置が大きく前方にずれたため評価を低くした。
153.0,Train11,次駅への減速フェーズ（駅手前400m以内）,惰行中,1.0,ブレーキ（減速）,2.0,70.0,40.85,38.1,38.1,128.54,27.0,68.46496007848998,0.0,9.2,この先制限速度なし,この先目立った勾配なし,前方128.5m先を0.0km/h,後続列車なし,20.0,15.0,未発車,100.0,22.6,26.0,anti_mid_stop,0.2,先行列車が停車中で駅間停車防止モード。現在速度がtarget_speed_no_stop＋5km/hを大きく超えており過剰加速とみなされ、さらにブレーキ→惰行の短時間切替がノコギリ運転と判定されたため減点。
153.0,Train11,次駅への減速フェーズ（駅手前400m以内）,力行（加速）中,1.0,ブレーキ（減速）,2.0,70.0,40.85,38.1,38.1,128.54,27.0,68.46496007848998,0.0,9.2,この先制限速度なし,この先目立った勾配なし,前方128.5m先を0.0km/h,後続列車なし,20.0,15.0,未発車,100.0,22.6,26.0,anti_mid_stop,0.1,先行列車が停車しているため駅間停車防止モードで、target_speed_no_stop 22.6km/h を大幅に上回る加速と短時間のノコギリ運転により機外停車リスクが高く評価を低減した。
153.0,Train11,次駅への減速フェーズ（駅手前400m以内）,ブレーキ（減速）中,2.0,惰行,43.0,70.0,40.85,38.1,38.1,128.54,27.0,68.46496007848998,0.0,9.2,この先制限速度なし,この先目立った勾配なし,前方128.5m先を0.0km/h,後続列車なし,20.0,15.0,未発車,100.0,22.6,26.0,anti_mid_stop,0.2,先行列車が塞ぎ駅間停車防止モードで、target_speed_no_stopを上回る速度でブレーキ開始が早すぎ、停止位置が大幅に手前になるため減点し0.2とした。
136.0,Train11,次駅への減速フェーズ（駅手前400m以内）,惰行中,37.0,力行（加速）,9.0,70.0,70.0,41.84,41.8,376.6,44.0,85.5937444230025,0.0,6.1,この先制限速度なし,175m先に上り勾配9.2‰あり,前方376.6m先を0.0km/h,後続列車なし,40.0,26.0,未発車,80.0,41.8,0.0,normal,0.9,現在はrequired_speedと同等の41.8km/hで惰行し、制限速度・CBTCを遵守、停止余裕も十分で安全かつ省エネな運転と判断した。
136.0,Train11,次駅への減速フェーズ（駅手前400m以内）,力行（加速）中,1.0,惰行,37.0,70.0,70.0,41.84,41.8,376.6,44.0,85.5937444230025,0.0,6.1,この先制限速度なし,175m先に上り勾配9.2‰あり,前方376.6m先を0.0km/h,後続列車なし,40.0,26.0,未発車,80.0,41.8,0.0,normal,0.2,次駅減速フェーズで不要な力行を行い、ブレーキすべき場面で加速しているため大幅減点し0.2とした。
136.0,Train11,次駅への減速フェーズ（駅手前400m以内）,ブレーキ（減速）中,1.0,惰行,37.0,70.0,70.0,41.84,41.8,376.6,44.0,85.5937444230025,0.0,6.1,この先制限速度なし,175m先に上り勾配9.2‰あり,前方376.6m先を0.0km/h,後続列車なし,40.0,26.0,未発車,80.0,41.8,0.0,anti_mid_stop,0.2,停止点まで遠くブレーキをかけているため大幅減点し、rewardを0.2とした。
153.0,Train11,次駅への減速フェーズ（駅手前400m以内）,惰行中,38.0,力行（加速）,18.0,70.0,47.17,41.9,41.9,154.43,27.0,82.65442498038938,0.0,9.2,この先制限速度なし,この先目立った勾配なし,前方154.4m先を0.0km/h,後続列車なし,40.0,15.0,未発車,80.0,26.3,22.0,anti_mid_stop,0.2,先行列車が停車中で駅間停車防止モード。現在速度がtarget_speed_no_stop 26.3km/hを大きく上回り、加速は不要なのに超過速度で走行し、ブレーキ未開始のため停止位置達成が危険。
153.0,Train11,次駅への減速フェーズ（駅手前400m以内）,力行（加速）中,1.0,惰行,38.0,70.0,47.17,41.9,41.9,154.43,27.0,82.65442498038938,0.0,9.2,この先制限速度なし,この先目立った勾配なし,前方154.4m先を0.0km/h,後続列車なし,40.0,15.0,未発車,80.0,26.3,22.0,anti_mid_stop,0.1,駅間停車防止モードでtarget_speed_no_stop 26.3km/h を大幅に上回る41.9km/h の力行を続け、停止位置達成が不可能なため低評価とした。
153.0,Train11,次駅への減速フェーズ（駅手前400m以内）,ブレーキ（減速）中,1.0,惰行,38.0,70.0,47.17,41.9,41.9,154.43,27.0,82.65442498038938,0.0,9.2,この先制限速度なし,この先目立った勾配なし,前方154.4m先を0.0km/h,後続列車なし,40.0,15.0,未発車,80.0,26.3,22.0,anti_mid_stop,0.9,先行列車が塞いで駅間停車防止モード。現在速度はtarget_speed_no_stop(26.3km/h)を上回っており、ブレーキで減速しているため適切な操作と判断し高評価。
152.0,Train11,次駅への減速フェーズ（駅手前400m以内）,惰行中,101.0,力行（加速）,52.0,70.0,50.25,33.03,33.0,168.31,28.0,51.571242908945656,0.0,9.2,この先制限速度なし,この先目立った勾配なし,前方168.3m先を0.0km/h,後続列車なし,40.0,15.0,未発車,80.0,27.9,5.0,anti_mid_stop,0.9,先行列車が停車中で駅間停車防止モード。現在速度はtarget_speed_no_stop上限以内で惰行し、停止位置も余裕があるため高評価。
152.0,Train11,次駅への減速フェーズ（駅手前400m以内）,力行（加速）中,1.0,惰行,101.0,70.0,50.25,33.03,33.0,168.31,28.0,51.571242908945656,0.0,9.2,この先制限速度なし,この先目立った勾配なし,前方168.3m先を0.0km/h,後続列車なし,40.0,15.0,未発車,80.0,27.9,5.0,anti_mid_stop,0.3,先行列車が停車中で駅間停車防止モードにあり、target_speed_no_stop 27.9km/h を超えて加速しているため機外停車リスクが高く、評価を低くした。
152.0,Train11,次駅への減速フェーズ（駅手前400m以内）,ブレーキ（減速）中,1.0,惰行,101.0,70.0,50.25,33.03,33.0,168.31,28.0,51.571242908945656,0.0,9.2,この先制限速度なし,この先目立った勾配なし,前方168.3m先を0.0km/h,後続列車なし,40.0,15.0,未発車,80.0,27.9,5.0,anti_mid_stop,0.2,駅間停車防止モードでtarget_speed_no_stop(27.9km/h)以下に抑えるべきところ、不要なブレーキで停止位置が大幅に早くなるため低評価とした。
144.0,Train11,次駅への減速フェーズ（駅手前400m以内）,惰行中,1.0,ブレーキ（減速）,7.0,70.0,42.13,24.73,24.7,133.5,36.0,29.00397181571355,0.0,9.2,この先制限速度なし,この先目立った勾配なし,前方133.5m先を0.0km/h,後続列車なし,20.0,15.0,未発車,100.0,24.7,17.0,anti_mid_stop,0.9,先行列車が停車中で機外停車防止モード。target_speed_no_stopと同速で惰行は適切で、違反なし。
144.0,Train11,次駅への減速フェーズ（駅手前400m以内）,力行（加速）中,1.0,ブレーキ（減速）,7.0,70.0,42.13,24.73,24.7,133.5,36.0,29.00397181571355,0.0,9.2,この先制限速度なし,この先目立った勾配なし,前方133.5m先を0.0km/h,後続列車なし,20.0,15.0,未発車,100.0,24.7,17.0,anti_mid_stop,0.8,先行列車が未発車で駅間停車防止モード。現在速度はtarget_speed_no_stopと同等で、加速は上限＋5km/h以内かつ停止余裕が十分なため高評価。
144.0,Train11,次駅への減速フェーズ（駅手前400m以内）,ブレーキ（減速）中,7.0,惰行,77.0,70.0,42.13,24.73,24.7,133.5,36.0,29.00397181571355,0.0,9.2,この先制限速度なし,この先目立った勾配なし,前方133.5m先を0.0km/h,後続列車なし,20.0,15.0,未発車,100.0,24.7,17.0,anti_mid_stop,0.2,先行列車が停車している駅間停車防止モードで、必要以上にブレーキし速度が下回り停車位置が遠すぎるため減点し0.2とする。
151.0,Train11,次駅への減速フェーズ（駅手前400m以内）,惰行中,1.0,力行（加速）,1.0,70.0,42.63,48.97,49.0,135.49,29.0,112.4940994461389,0.0,9.2,この先制限速度なし,この先目立った勾配なし,前方135.5m先を0.0km/h,後続列車なし,40.0,15.0,未発車,80.0,23.4,20.0,anti_mid_stop,0.0,CBTC信号速度42.6km/hを2km/h以上超過し49km/hで走行しているため即時0点とした。
151.0,Train11,次駅への減速フェーズ（駅手前400m以内）,力行（加速）中,1.0,惰行,26.0,70.0,42.63,48.97,49.0,135.49,29.0,112.4940994461389,0.0,9.2,この先制限速度なし,この先目立った勾配なし,前方135.5m先を0.0km/h,後続列車なし,40.0,15.0,未発車,80.0,23.4,20.0,anti_mid_stop,0.0,CBTC信号速度を2km/h以上超過し安全違反となったため即0.0とし、加速がtarget_speed_no_stopを大幅に上回っている点が減点要因。
151.0,Train11,次駅への減速フェーズ（駅手前400m以内）,ブレーキ（減速）中,1.0,力行（加速）,1.0,70.0,42.63,48.97,49.0,135.49,29.0,112.4940994461389,0.0,9.2,この先制限速度なし,この先目立った勾配なし,前方135.5m先を0.0km/h,後続列車なし,40.0,15.0,未発車,80.0,23.4,20.0,anti_mid_stop,0.0,CBTC信号速度を2km/h以上超過しているため即0.0ルールが適用され、rewardは0.0となる。
166.0,Train11,次駅への減速フェーズ（駅手前400m以内）,惰行中,57.0,力行（加速）,13.0,70.0,49.49,31.73,70.0,164.79,14.0,47.61754724791871,0.0,9.2,この先制限速度なし,この先目立った勾配なし,前方164.8m先を0.0km/h,後続列車なし,40.0,15.0,未発車,80.0,27.4,19.0,anti_mid_stop,0.9,先行列車が停車中で駅間停車防止モード。現在速度はtarget_speed_no_stop＋5km/h以内の惰行で安全・省エネ、全項目OKのため高評価。
166.0,Train11,次駅への減速フェーズ（駅手前400m以内）,力行（加速）中,1.0,惰行,57.0,70.0,49.49,31.73,70.0,164.79,14.0,47.61754724791871,0.0,9.2,この先制限速度なし,この先目立った勾配なし,前方164.8m先を0.0km/h,後続列車なし,40.0,15.0,未発車,80.0,27.4,19.0,anti_mid_stop,0.8,先行列車が停車中で駅間停車防止モード。現在速度はtarget_speed_no_stop＋5km/h以内で加速しており、CBTC・制限速度遵守、停止位置も確保できるため高評価。
166.0,Train11,次駅への減速フェーズ（駅手前400m以内）,ブレーキ（減速）中,1.0,惰行,57.0,70.0,49.49,31.73,70.0,164.79,14.0,47.61754724791871,0.0,9.2,この先制限速度なし,この先目立った勾配なし,前方164.8m先を0.0km/h,後続列車なし,40.0,15.0,未発車,80.0,27.4,19.0,anti_mid_stop,0.3,駅間停車防止モードで先行列車が停車中。現在のブレーキはdelta_stopが大きく早すぎ、停止位置遅延とエネルギー浪費のリスクがあるため減点し0.3とする。
166.0,Train11,次駅への減速フェーズ（駅手前400m以内）,惰行中,1.0,ブレーキ（減速）,6.0,70.0,39.86,22.82,70.0,124.84,14.0,24.71362245272351,0.0,9.2,この先制限速度なし,この先目立った勾配なし,前方124.8m先を0.0km/h,後続列車なし,40.0,15.0,未発車,80.0,22.0,19.0,anti_mid_stop,0.9,先行列車が塞いでいるため駅間停車防止モード。現在速度はtarget_speed_no_stop付近で惰行しており、過加速・過減速なく安全かつ適切な操作と判断した。
166.0,Train11,次駅への減速フェーズ（駅手前400m以内）,力行（加速）中,1.0,ブレーキ（減速）,6.0,70.0,39.86,22.82,70.0,124.84,14.0,24.71362245272351,0.0,9.2,この先制限速度なし,この先目立った勾配なし,前方124.8m先を0.0km/h,後続列車なし,40.0,15.0,未発車,80.0,22.0,19.0,anti_mid_stop,0.2,先行列車が停車中で駅間停車防止モード。target_speed_no_stopを超える加速と減速後の再加速は機外停車リスクと停止位置遅延を招くため低評価。
166.0,Train11,次駅への減速フェーズ（駅手前400m以内）,ブレーキ（減速）中,6.0,惰行,32.0,70.0,39.86,22.82,70.0,124.84,14.0,24.71362245272351,0.0,9.2,この先制限速度なし,この先目立った勾配なし,前方124.8m先を0.0km/h,後続列車なし,40.0,15.0,未発車,80.0,22.0,19.0,anti_mid_stop,0.9,先行列車が停車しているため駅間停車防止モード。target_speed_no_stop 22 km/h を超えているので減速ブレーキで速度を下げている操作は適切で、即時安全違反はなく評価は高い。
138.0,Train11,次駅への減速フェーズ（駅手前400m以内）,惰行中,44.0,力行（加速）,7.0,70.0,68.88,41.91,41.9,278.18,42.0,85.87735401853944,0.0,6.1,この先制限速度なし,76m先に上り勾配9.2‰あり,前方278.2m先を0.0km/h,後続列車なし,40.0,24.0,未発車,80.0,41.9,0.0,anti_mid_stop,0.9,先行列車が未発車で前方を塞いでいるため駅間停車防止モード。現在速度がtarget_speed_no_stopと一致し惰行を長時間維持しているので適切。
138.0,Train11,次駅への減速フェーズ（駅手前400m以内）,力行（加速）中,1.0,惰行,44.0,70.0,68.88,41.91,41.9,278.18,42.0,85.87735401853944,0.0,6.1,この先制限速度なし,76m先に上り勾配9.2‰あり,前方278.2m先を0.0km/h,後続列車なし,40.0,24.0,未発車,80.0,41.9,0.0,normal,0.1,次駅減速フェーズで加速しており、停止位置確保と安全確保に逆行するため評価を大幅に減点し0.1とする。
138.0,Train11,次駅への減速フェーズ（駅手前400m以内）,ブレーキ（減速）中,1.0,惰行,44.0,70.0,68.88,41.91,41.9,278.18,42.0,85.87735401853944,0.0,6.1,この先制限速度なし,76m先に上り勾配9.2‰あり,前方278.2m先を0.0km/h,後続列車なし,40.0,24.0,未発車,80.0,41.9,0.0,normal,0.2,駅間で必要以上に早くブレーキをかけ、delta_stopが192mと大きく停止位置が早すぎるため減点し、reward 0.2とする。
146.0,Train11,次駅への減速フェーズ（駅手前400m以内）,惰行中,1.0,力行（加速）,5.0,70.0,70.0,41.07,70.0,351.48,34.0,82.50415234057866,0.0,6.1,この先制限速度なし,149m先に上り勾配9.2‰あり,前方351.5m先を0.0km/h,後続列車なし,40.0,16.0,未発車,80.0,70.0,0.0,normal,0.2,力行から1秒の惰行への切替が合理的根拠なく行われ、保持時間が7秒未満でノコギリ運転と判定され、reward上限が0.3に制限されたため。
146.0,Train11,次駅への減速フェーズ（駅手前400m以内）,力行（加速）中,5.0,惰行,41.0,70.0,70.0,41.07,70.0,351.48,34.0,82.50415234057866,0.0,6.1,この先制限速度なし,149m先に上り勾配9.2‰あり,前方351.5m先を0.0km/h,後続列車なし,40.0,16.0,未発車,80.0,70.0,0.0,delay_recovery,1.0,遅延回復モードで現在速度が制限速度帯下限(62km/h)を大きく下回っており、required_speed(70km/h)に向けた加速は必要かつ安全で、他の評価項目に問題がないため高評価とした。
146.0,Train11,次駅への減速フェーズ（駅手前400m以内）,ブレーキ（減速）中,1.0,力行（加速）,5.0,70.0,70.0,41.07,70.0,351.48,34.0,82.50415234057866,0.0,6.1,この先制限速度なし,149m先に上り勾配9.2‰あり,前方351.5m先を0.0km/h,後続列車なし,40.0,16.0,未発車,80.0,70.0,0.0,delay_recovery,0.2,遅延回復モードで必要速度付近を維持すべきところを不必要にブレーキし、ノコギリ運転となったため評価を大幅に減点した。
163.0,Train11,次駅への減速フェーズ（駅手前400m以内）,惰行中,63.0,力行（加速）,7.0,70.0,48.18,30.94,70.0,158.87,17.0,45.290655124398626,0.0,9.2,この先制限速度なし,この先目立った勾配なし,前方158.9m先を0.0km/h,後続列車なし,40.0,15.0,未発車,80.0,27.0,16.0,anti_mid_stop,0.9,先行列車が停車中で駅間停車防止モード。現在速度30.9km/hはtarget_speed_no_stop27km/h＋5km/h以内の惰行で、CBTC・制限速度遵守、ノコギリ運転なし。安全かつ機外停車回避に適切。
163.0,Train11,次駅への減速フェーズ（駅手前400m以内）,力行（加速）中,1.0,惰行,63.0,70.0,48.18,30.94,70.0,158.87,17.0,45.290655124398626,0.0,9.2,この先制限速度なし,この先目立った勾配なし,前方158.9m先を0.0km/h,後続列車なし,40.0,15.0,未発車,80.0,27.0,16.0,anti_mid_stop,0.5,駅間停車防止モードでtarget_speed_no_stop(27km/h)を超えて加速しており、次駅での停止位置が確保できないため減点。
163.0,Train11,次駅への減速フェーズ（駅手前400m以内）,ブレーキ（減速）中,1.0,惰行,63.0,70.0,48.18,30.94,70.0,158.87,17.0,45.290655124398626,0.0,9.2,この先制限速度なし,この先目立った勾配なし,前方158.9m先を0.0km/h,後続列車なし,40.0,15.0,未発車,80.0,27.0,16.0,anti_mid_stop,0.3,駅間停車防止モードで target_speed_no_stop 27km/h を上回る 30.9km/h でブレーキを開始し、delta_stop が大きく正のため停止位置が大幅に手前になる危険があるため減点した。
137.0,Train11,次駅への減速フェーズ（駅手前400m以内）,惰行中,84.0,力行（加速）,54.0,70.0,70.0,39.56,39.6,290.44,43.0,76.60593922210379,0.0,6.1,この先制限速度なし,89m先に上り勾配9.2‰あり,前方290.4m先を0.0km/h,後続列車なし,20.0,15.0,未発車,100.0,39.6,10.0,anti_mid_stop,1.0,先行列車が塞いでいる駅間停車防止モードで、速度はtarget_speed_no_stopと一致し惰行が適切、他に安全違反なし。
137.0,Train11,次駅への減速フェーズ（駅手前400m以内）,力行（加速）中,1.0,惰行,84.0,70.0,70.0,39.56,39.6,290.44,43.0,76.60593922210379,0.0,6.1,この先制限速度なし,89m先に上り勾配9.2‰あり,前方290.4m先を0.0km/h,後続列車なし,20.0,15.0,未発車,100.0,39.6,10.0,anti_mid_stop,0.2,先行列車が停車中で駅間停車防止モード。target_speed_no_stopを超える力行は機外停車リスクがあるため減点し、rewardを0.2とした。
137.0,Train11,次駅への減速フェーズ（駅手前400m以内）,ブレーキ（減速）中,1.0,惰行,84.0,70.0,70.0,39.56,39.6,290.44,43.0,76.60593922210379,0.0,6.1,この先制限速度なし,89m先に上り勾配9.2‰あり,前方290.4m先を0.0km/h,後続列車なし,20.0,15.0,未発車,100.0,39.6,10.0,normal,0.2,ブレーキが必要距離(≈76m)より遠くで開始され、delta_stopが213.8mと大きく早すぎる減速と判断されたため低評価。
137.0,Train11,次駅への減速フェーズ（駅手前400m以内）,惰行中,80.0,力行（加速）,58.0,70.0,62.47,41.44,41.4,238.46,43.0,83.98186831501702,0.0,6.1,この先制限速度なし,37m先に上り勾配9.2‰あり,前方238.5m先を0.0km/h,後続列車なし,40.0,15.0,未発車,80.0,41.4,6.0,anti_mid_stop,0.9,先行列車が塞いでいる駅間停車防止モードで、現在速度はtarget_speed_no_stopと一致し惰行が適切。制限速度・CBTC遵守、過剰加速なしのため高評価。
137.0,Train11,次駅への減速フェーズ（駅手前400m以内）,力行（加速）中,1.0,惰行,80.0,70.0,62.47,41.44,41.4,238.46,43.0,83.98186831501702,0.0,6.1,この先制限速度なし,37m先に上り勾配9.2‰あり,前方238.5m先を0.0km/h,後続列車なし,40.0,15.0,未発車,80.0,41.4,6.0,anti_mid_stop,0.9,先行列車が停車中で駅間停車防止モード。target_speed_no_stopを超えない範囲での加速は適切で、制限速度・CBTC遵守、停止位置も確保できるため高評価。
137.0,Train11,次駅への減速フェーズ（駅手前400m以内）,ブレーキ（減速）中,1.0,惰行,80.0,70.0,62.47,41.44,41.4,238.46,43.0,83.98186831501702,0.0,6.1,この先制限速度なし,37m先に上り勾配9.2‰あり,前方238.5m先を0.0km/h,後続列車なし,40.0,15.0,未発車,80.0,41.4,6.0,anti_mid_stop,0.2,駅間停車防止モードでtarget_speed_no_stopと同等の速度を保つべきところ、delta_stopが大きく早期ブレーキし停止位置が大幅に手前になるため大幅減点とした。
147.0,Train11,次駅への減速フェーズ（駅手前400m以内）,惰行中,87.0,力行（加速）,57.0,70.0,52.49,38.66,38.7,178.93,33.0,70.47415636407415,0.0,9.2,この先制限速度なし,この先目立った勾配なし,前方178.9m先を0.0km/h,後続列車なし,40.0,15.0,未発車,80.0,38.7,0.0,normal,1.0,制限速度・CBTCを遵守し、次駅減速フェーズでrequired_speedを維持しつつブレーキ未実施は適切で、ノコギリ運転や列車間隔の問題もなく高評価。
147.0,Train11,次駅への減速フェーズ（駅手前400m以内）,力行（加速）中,1.0,惰行,87.0,70.0,52.49,38.66,38.7,178.93,33.0,70.47415636407415,0.0,9.2,この先制限速度なし,この先目立った勾配なし,前方178.9m先を0.0km/h,後続列車なし,40.0,15.0,未発車,80.0,38.7,0.0,normal,0.1,次駅減速フェーズで加速しており、停止位置確保と安全間隔が損なわれているため評価を大幅に減点した。
147.0,Train11,次駅への減速フェーズ（駅手前400m以内）,ブレーキ（減速）中,1.0,惰行,87.0,70.0,52.49,38.66,38.7,178.93,33.0,70.47415636407415,0.0,9.2,この先制限速度なし,この先目立った勾配なし,前方178.9m先を0.0km/h,後続列車なし,40.0,15.0,未発車,80.0,38.7,0.0,normal,0.2,ブレーキ開始が停止位置から108m離れて過度に早く減速しているため、停車位置達成と定時性が損なわれ評価を低くした。
159.0,Train11,次駅への減速フェーズ（駅手前400m以内）,惰行中,111.0,力行（加速）,49.0,70.0,47.92,29.1,70.0,157.7,21.0,40.093601730556856,0.0,9.2,この先制限速度なし,この先目立った勾配なし,前方157.7m先を0.0km/h,後続列車なし,40.0,15.0,未発車,80.0,26.3,12.0,anti_mid_stop,0.9,先行列車が停車中で駅間停車防止モード。現在速度はtarget_speed_no_stop付近で惰行し、CBTC・制限速度遵守、停止位置も確保できるため高評価。
159.0,Train11,次駅への減速フェーズ（駅手前400m以内）,力行（加速）中,1.0,惰行,111.0,70.0,47.92,29.1,70.0,157.7,21.0,40.093601730556856,0.0,9.2,この先制限速度なし,この先目立った勾配なし,前方157.7m先を0.0km/h,後続列車なし,40.0,15.0,未発車,80.0,26.3,12.0,anti_mid_stop,0.2,先行列車が停車中で距離が近く、加速操作により停車位置と安全間隔が確保できず減点対象となる。
159.0,Train11,次駅への減速フェーズ（駅手前400m以内）,ブレーキ（減速）中,1.0,惰行,111.0,70.0,47.92,29.1,70.0,157.7,21.0,40.093601730556856,0.0,9.2,この先制限速度なし,この先目立った勾配なし,前方157.7m先を0.0km/h,後続列車なし,40.0,15.0,未発車,80.0,26.3,12.0,anti_mid_stop,0.2,先行列車が停車中で駅間停車防止モード。現在速度がtarget_speed_no_stopを上回りブレーキしているが、delta_stopが117.6mと過剰に早くブレーキを開始し、停止位置が大幅に手前になる。
148.0,Train11,次駅への減速フェーズ（駅手前400m以内）,惰行中,1.0,力行（加速）,13.0,70.0,70.0,44.48,70.0,331.6,32.0,96.6048624841909,0.0,6.1,この先制限速度なし,129m先に上り勾配9.2‰あり,前方331.6m先を0.0km/h,後続列車なし,40.0,15.0,未発車,80.0,70.0,17.0,anti_mid_stop,0.4,先行列車が停車しているため駅間停車防止モードと判定し、target_speed_no_stop 70km/h に対し現在44.5km/h の過度な低速惰行は遅延リスクとなり減点対象となった。
148.0,Train11,次駅への減速フェーズ（駅手前400m以内）,力行（加速）中,13.0,惰行,93.0,70.0,70.0,44.48,70.0,331.6,32.0,96.6048624841909,0.0,6.1,この先制限速度なし,129m先に上り勾配9.2‰あり,前方331.6m先を0.0km/h,後続列車なし,40.0,15.0,未発車,80.0,70.0,17.0,delay_recovery,0.2,次駅減速フェーズで力行を続けており、ブレーキすべき場面で速度が低く遅延回復が不十分なため低評価とした。
148.0,Train11,次駅への減速フェーズ（駅手前400m以内）,ブレーキ（減速）中,1.0,力行（加速）,13.0,70.0,70.0,44.48,70.0,331.6,32.0,96.6048624841909,0.0,6.1,この先制限速度なし,129m先に上り勾配9.2‰あり,前方331.6m先を0.0km/h,後続列車なし,40.0,15.0,未発車,80.0,70.0,17.0,delay_recovery,0.2,次駅減速フェーズで必要以上に早くブレーキを掛け、遅延回復モードで速度維持すべきところを減速したため評価が大幅に低下した。
139.0,Train11,次駅への減速フェーズ（駅手前400m以内）,惰行中,33.0,力行（加速）,16.0,70.0,67.8,46.31,46.3,271.21,41.0,104.61590301150558,0.0,6.1,この先制限速度なし,68m先に上り勾配9.2‰あり,前方271.2m先を0.0km/h,後続列車なし,20.0,15.0,未発車,100.0,46.3,12.0,normal,0.9,必要速度と現在速度が一致しCBTC・制限速度を遵守、ノコギリ運転なし、停止位置は余裕があり惰行で適切に減速フェーズを進行しているため高評価。
139.0,Train11,次駅への減速フェーズ（駅手前400m以内）,力行（加速）中,1.0,惰行,33.0,70.0,67.8,46.31,46.3,271.21,41.0,104.61590301150558,0.0,6.1,この先制限速度なし,68m先に上り勾配9.2‰あり,前方271.2m先を0.0km/h,後続列車なし,20.0,15.0,未発車,100.0,46.3,12.0,normal,0.2,次駅減速フェーズで先行列車が停止中にも関わらず力行しており、停止位置達成が危険なため低評価。
139.0,Train11,次駅への減速フェーズ（駅手前400m以内）,ブレーキ（減速）中,1.0,惰行,33.0,70.0,67.8,46.31,46.3,271.21,41.0,104.61590301150558,0.0,6.1,この先制限速度なし,68m先に上り勾配9.2‰あり,前方271.2m先を0.0km/h,後続列車なし,20.0,15.0,未発車,100.0,46.3,12.0,anti_mid_stop,0.1,先行列車が停車中で駅間停車防止モードだが、必要速度と同等の46.3km/hで早期にブレーキをかけており、停止位置が大幅に手前になるため大幅減点とした。
147.0,Train11,次駅への減速フェーズ（駅手前400m以内）,惰行中,1.0,力行（加速）,3.0,70.0,70.0,37.19,70.0,317.04,33.0,67.77902907697478,0.0,6.1,この先制限速度なし,116m先に上り勾配9.2‰あり,前方317.0m先を0.0km/h,後続列車なし,20.0,15.0,未発車,100.0,70.0,20.0,delay_recovery,0.2,遅延回復モードで速度が制限帯域(62‑68km/h)を大きく下回り惰行は遅延拡大につながり、さらにノコギリ運転（保持時間短く反転）により上限0.3に抑えられた。
147.0,Train11,次駅への減速フェーズ（駅手前400m以内）,力行（加速）中,3.0,惰行,78.0,70.0,70.0,37.19,70.0,317.04,33.0,67.77902907697478,0.0,6.1,この先制限速度なし,116m先に上り勾配9.2‰あり,前方317.0m先を0.0km/h,後続列車なし,20.0,15.0,未発車,100.0,70.0,20.0,delay_recovery,0.9,required_speed が制限速度付近で遅延回復モードと判定され、現在の低速での加速は速度帯下限以下の適切な力行と評価され、他項目に問題なし。
147.0,Train11,次駅への減速フェーズ（駅手前400m以内）,ブレーキ（減速）中,1.0,力行（加速）,3.0,70.0,70.0,37.19,70.0,317.04,33.0,67.77902907697478,0.0,6.1,この先制限速度なし,116m先に上り勾配9.2‰あり,前方317.0m先を0.0km/h,後続列車なし,20.0,15.0,未発車,100.0,70.0,20.0,anti_mid_stop,0.2,先行列車が停止している駅間停車防止モードで、必要以上にブレーキし速度を下げ、保持時間が短くノコギリ運転と判定されたため、上限0.3点以下に抑えられる。
159.0,Train11,次駅への減速フェーズ（駅手前400m以内）,惰行中,28.0,力行（加速）,13.0,70.0,58.68,45.72,70.0,216.72,21.0,101.99938586414356,0.0,6.1,この先制限速度なし,14m先に上り勾配9.2‰あり,前方216.7m先を0.0km/h,後続列車なし,40.0,15.0,未発車,80.0,35.5,12.0,anti_mid_stop,0.2,先行列車が停止しているため機外停車防止モードで、速度がtarget_speed_no_stop(35.5km/h)を5km/h以上上回り過剰加速し、間隔も不足しているため減点し0.2とした。
159.0,Train11,次駅への減速フェーズ（駅手前400m以内）,力行（加速）中,1.0,惰行,28.0,70.0,58.68,45.72,70.0,216.72,21.0,101.99938586414356,0.0,6.1,この先制限速度なし,14m先に上り勾配9.2‰あり,前方216.7m先を0.0km/h,後続列車なし,40.0,15.0,未発車,80.0,35.5,12.0,anti_mid_stop,0.2,駅間停車防止モードでtarget_speed_no_stop 35.5km/hを5km/h以上上回る力行を続けており、先行列車に追いつく過剰加速と判断し減点した。
159.0,Train11,次駅への減速フェーズ（駅手前400m以内）,ブレーキ（減速）中,1.0,惰行,28.0,70.0,58.68,45.72,70.0,216.72,21.0,101.99938586414356,0.0,6.1,この先制限速度なし,14m先に上り勾配9.2‰あり,前方216.7m先を0.0km/h,後続列車なし,40.0,15.0,未発車,80.0,35.5,12.0,anti_mid_stop,0.2,先行列車が停車中で駅間停車防止モード、target_speed_no_stopを超える早期ブレーキにより停止位置が大幅に早くなり減点した。
155.0,Train11,次駅への減速フェーズ（駅手前400m以内）,惰行中,43.0,力行（加速）,14.0,70.0,54.44,38.17,38.9,188.55,25.0,68.71455728066833,0.0,9.2,この先制限速度なし,この先目立った勾配なし,前方188.5m先を0.0km/h,後続列車なし,40.0,15.0,未発車,80.0,31.6,8.0,anti_mid_stop,0.3,先行列車が塞いでいるため駅間停車防止モード。現在速度38.2km/hがtarget_speed_no_stop31.6km/h＋5km/hを超えており、機外停車リスクがあるため減点し0.3とした。
155.0,Train11,次駅への減速フェーズ（駅手前400m以内）,力行（加速）中,1.0,惰行,43.0,70.0,54.44,38.17,38.9,188.55,25.0,68.71455728066833,0.0,9.2,この先制限速度なし,この先目立った勾配なし,前方188.5m先を0.0km/h,後続列車なし,40.0,15.0,未発車,80.0,31.6,8.0,anti_mid_stop,0.2,先行列車が塞いでいる駅間停車防止モードで、target_speed_no_stop 31.6km/h を超えて加速しているため過剰加速と判断し減点した。
155.0,Train11,次駅への減速フェーズ（駅手前400m以内）,ブレーキ（減速）中,1.0,惰行,43.0,70.0,54.44,38.17,38.9,188.55,25.0,68.71455728066833,0.0,9.2,この先制限速度なし,この先目立った勾配なし,前方188.5m先を0.0km/h,後続列車なし,40.0,15.0,未発車,80.0,31.6,8.0,anti_mid_stop,0.2,先行列車が停車中で駅間停車防止モードだが、現在は必要以上に早くブレーキを掛けており delta_stop が119m と過大で、停車位置が大幅に手前になるため低評価とした。
134.0,Train11,次駅への減速フェーズ（駅手前400m以内）,惰行中,37.0,力行（加速）,12.0,70.0,61.29,48.4,48.4,231.57,46.0,114.14186197301419,0.0,6.1,この先制限速度なし,28m先に上り勾配9.2‰あり,前方231.6m先を0.0km/h,後続列車なし,20.0,15.0,未発車,100.0,48.4,23.0,normal,1.0,制限速度・CBTCを遵守し、現在速度がrequired_speedと一致した惰行で、停止位置も確保でき、ノコギリ運転や遅延がなく安全に減速フェーズを進行しているため高評価。
134.0,Train11,次駅への減速フェーズ（駅手前400m以内）,力行（加速）中,1.0,惰行,37.0,70.0,61.29,48.4,48.4,231.57,46.0,114.14186197301419,0.0,6.1,この先制限速度なし,28m先に上り勾配9.2‰あり,前方231.6m先を0.0km/h,後続列車なし,20.0,15.0,未発車,100.0,48.4,23.0,normal,0.3,次駅減速フェーズで不要な力行を行いエネルギー無駄と停止位置リスクがあるため減点し0.3とする。
134.0,Train11,次駅への減速フェーズ（駅手前400m以内）,ブレーキ（減速）中,1.0,惰行,37.0,70.0,61.29,48.4,48.4,231.57,46.0,114.14186197301419,0.0,6.1,この先制限速度なし,28m先に上り勾配9.2‰あり,前方231.6m先を0.0km/h,後続列車なし,20.0,15.0,未発車,100.0,48.4,23.0,anti_mid_stop,0.9,先行列車が停車中で駅間停車防止モード、target_speed_no_stop以下でブレーキし安全に停止位置が確保されているため高評価。
135.0,Train11,次駅への減速フェーズ（駅手前400m以内）,惰行中,30.0,力行（加速）,15.0,70.0,70.0,46.74,46.7,344.6,45.0,106.54303260533905,0.0,6.1,この先制限速度なし,141m先に上り勾配9.2‰あり,前方344.6m先を0.0km/h,後続列車なし,40.0,27.0,未発車,80.0,46.7,0.0,normal,0.9,現在速度はrequired_speedと一致し、delta_stopが正でブレーキ未実施は適切。制限・CBTC遵守、間隔安全、エネルギー効率も良好。
135.0,Train11,次駅への減速フェーズ（駅手前400m以内）,力行（加速）中,1.0,惰行,30.0,70.0,70.0,46.74,46.7,344.6,45.0,106.54303260533905,0.0,6.1,この先制限速度なし,141m先に上り勾配9.2‰あり,前方344.6m先を0.0km/h,後続列車なし,40.0,27.0,未発車,80.0,46.7,0.0,anti_mid_stop,0.4,駅間停車防止モードで target_speed_no_stop を超える加速を行い機外停車リスクがあるため減点し、reward 0.4とした。
135.0,Train11,次駅への減速フェーズ（駅手前400m以内）,ブレーキ（減速）中,1.0,惰行,30.0,70.0,70.0,46.74,46.7,344.6,45.0,106.54303260533905,0.0,6.1,この先制限速度なし,141m先に上り勾配9.2‰あり,前方344.6m先を0.0km/h,後続列車なし,40.0,27.0,未発車,80.0,46.7,0.0,normal,0.2,ブレーキが必要停止点よりはるか前（delta_stop≈238m）で開始され、早すぎる減速により定時性が損なわれるため低評価となる。
149.0,Train11,次駅への減速フェーズ（駅手前400m以内）,惰行中,1.0,力行（加速）,19.0,70.0,70.0,48.87,70.0,315.53,31.0,116.33917128901847,0.0,6.1,この先制限速度なし,111m先に上り勾配9.2‰あり,前方315.5m先を0.0km/h,後続列車なし,40.0,15.0,未発車,80.0,70.0,18.0,anti_mid_stop,0.2,先行列車が停車中でtarget_speed_no_stop(70km/h)を大きく下回る惰行が続き、間隔不足のため評価を低くした。
149.0,Train11,次駅への減速フェーズ（駅手前400m以内）,力行（加速）中,19.0,惰行,89.0,70.0,70.0,48.87,70.0,315.53,31.0,116.33917128901847,0.0,6.1,この先制限速度なし,111m先に上り勾配9.2‰あり,前方315.5m先を0.0km/h,後続列車なし,40.0,15.0,未発車,80.0,70.0,18.0,delay_recovery,0.2,次駅減速フェーズにも関わらず力行しており、停止位置が遠く、CBTC違反はないが安全な停車が不可能なため大幅減点し0.2とした。
149.0,Train11,次駅への減速フェーズ（駅手前400m以内）,ブレーキ（減速）中,1.0,力行（加速）,19.0,70.0,70.0,48.87,70.0,315.53,31.0,116.33917128901847,0.0,6.1,この先制限速度なし,111m先に上り勾配9.2‰あり,前方315.5m先を0.0km/h,後続列車なし,40.0,15.0,未発車,80.0,70.0,18.0,delay_recovery,0.2,遅延回復モードで必要速度70km/hに対し48.9km/hのブレーキ走行は制限帯外で遅延を拡大するため減点。
136.0,Train11,次駅への減速フェーズ（駅手前400m以内）,惰行中,82.0,力行（加速）,55.0,70.0,70.0,40.4,40.4,288.24,44.0,79.86078056466069,0.0,6.1,この先制限速度なし,87m先に上り勾配9.2‰あり,前方288.2m先を0.0km/h,後続列車なし,0.0,15.0,未発車,120.0,40.4,29.0,anti_mid_stop,1.0,先行列車が停車中で機外停車防止モード、target_speed_no_stopを維持し惰行しているため高評価。
136.0,Train11,次駅への減速フェーズ（駅手前400m以内）,力行（加速）中,1.0,惰行,82.0,70.0,70.0,40.4,40.4,288.24,44.0,79.86078056466069,0.0,6.1,この先制限速度なし,87m先に上り勾配9.2‰あり,前方288.2m先を0.0km/h,後続列車なし,0.0,15.0,未発車,120.0,40.4,29.0,anti_mid_stop,0.3,先行列車が停車中で駅間停車防止モード。target_speed_no_stopと同等の速度で加速し、上限超過の力行は機外停車リスクを増大させるため減点し、rewardを0.3とした。
136.0,Train11,次駅への減速フェーズ（駅手前400m以内）,ブレーキ（減速）中,1.0,惰行,82.0,70.0,70.0,40.4,40.4,288.24,44.0,79.86078056466069,0.0,6.1,この先制限速度なし,87m先に上り勾配9.2‰あり,前方288.2m先を0.0km/h,後続列車なし,0.0,15.0,未発車,120.0,40.4,29.0,normal,0.2,ブレーキを開始する時点が必要停止距離よりはるかに前方（delta_stop≈208m）であり、駅手前で過度に減速しているため停止位置の達成可能性が低く、評価を大幅に減点した。
145.0,Train11,次駅への減速フェーズ（駅手前400m以内）,惰行中,90.0,力行（加速）,56.0,70.0,52.15,37.45,37.5,177.26,35.0,66.16847136746358,0.0,9.2,この先制限速度なし,この先目立った勾配なし,前方177.3m先を0.0km/h,後続列車なし,20.0,15.0,未発車,100.0,37.5,18.0,anti_mid_stop,0.9,先行列車が停車中で駅間停車防止モード、target_speed_no_stopでの惰行は適切で安全かつ省エネ。
145.0,Train11,次駅への減速フェーズ（駅手前400m以内）,力行（加速）中,1.0,惰行,90.0,70.0,52.15,37.45,37.5,177.26,35.0,66.16847136746358,0.0,9.2,この先制限速度なし,この先目立った勾配なし,前方177.3m先を0.0km/h,後続列車なし,20.0,15.0,未発車,100.0,37.5,18.0,normal,0.1,次駅減速フェーズで加速しており、停止位置達成が危険なため低評価。
145.0,Train11,次駅への減速フェーズ（駅手前400m以内）,ブレーキ（減速）中,1.0,惰行,90.0,70.0,52.15,37.45,37.5,177.26,35.0,66.16847136746358,0.0,9.2,この先制限速度なし,この先目立った勾配なし,前方177.3m先を0.0km/h,後続列車なし,20.0,15.0,未発車,100.0,37.5,18.0,anti_mid_stop,0.2,delta_stopが111.09mと大きく、必要ブレーキ開始点より早すぎる減速で停止位置が過剰に前倒しになるため評価を低くし、rewardを0.2とした。
132.0,Train11,次駅への減速フェーズ（駅手前400m以内）,惰行中,77.0,力行（加速）,56.0,70.0,70.0,42.34,42.3,321.5,48.0,87.6295266308025,0.0,6.1,この先制限速度なし,119m先に上り勾配9.2‰あり,前方321.5m先を0.0km/h,後続列車なし,40.0,30.0,未発車,80.0,42.3,0.0,normal,0.9,先行列車が停止しているが十分な車間と速度でrequired_speedを維持し、CBTC・制限速度遵守、ノコギリ運転なしで適切な惰行と判断し高評価。
132.0,Train11,次駅への減速フェーズ（駅手前400m以内）,力行（加速）中,1.0,惰行,77.0,70.0,70.0,42.34,42.3,321.5,48.0,87.6295266308025,0.0,6.1,この先制限速度なし,119m先に上り勾配9.2‰あり,前方321.5m先を0.0km/h,後続列車なし,40.0,30.0,未発車,80.0,42.3,0.0,normal,0.2,次駅減速フェーズで加速しており、必要なブレーキ操作と逆行しているため安全性と定時性が低く評価され0.2とした。
132.0,Train11,次駅への減速フェーズ（駅手前400m以内）,ブレーキ（減速）中,1.0,惰行,77.0,70.0,70.0,42.34,42.3,321.5,48.0,87.6295266308025,0.0,6.1,この先制限速度なし,119m先に上り勾配9.2‰あり,前方321.5m先を0.0km/h,後続列車なし,40.0,30.0,未発車,80.0,42.3,0.0,anti_mid_stop,0.2,駅間停車防止モードでtarget_speed_no_stopと同等の速度なのに早期ブレーキを掛けており、停止位置が大幅に早すぎて遅延とエネルギー損失を招くため低評価。
169.2,Train11,次駅への減速フェーズ（駅手前400m以内）,惰行中,0.1,ブレーキ（減速）,0.1,70.0,24.5,28.24,70.0,59.28,10.8,37.771561146721254,0.0,9.2,この先制限速度なし,この先目立った勾配なし,前方78.4m先を17.3km/h,後続列車なし,40.0,0.0,発車済み,80.0,70.0,0.0,delay_recovery,0.0,CBTC信号速度24.5km/hを超えて28.2km/hで走行し、即時0.0ルールに該当するため評価は0.0とする。
169.2,Train11,次駅への減速フェーズ（駅手前400m以内）,力行（加速）中,0.1,ブレーキ（減速）,0.1,70.0,24.5,28.24,70.0,59.28,10.8,37.771561146721254,0.0,9.2,この先制限速度なし,この先目立った勾配なし,前方78.4m先を17.3km/h,後続列車なし,40.0,0.0,発車済み,80.0,70.0,0.0,delay_recovery,0.0,CBTC信号速度を2km/h以上超過しているため即0.0ルールが適用され、rewardは0.0となった。
169.2,Train11,次駅への減速フェーズ（駅手前400m以内）,ブレーキ（減速）中,0.1,惰行,0.1,70.0,24.5,28.24,70.0,59.28,10.8,37.771561146721254,0.0,9.2,この先制限速度なし,この先目立った勾配なし,前方78.4m先を17.3km/h,後続列車なし,40.0,0.0,発車済み,80.0,70.0,0.0,delay_recovery,0.0,CBTC信号速度24.5km/hを2km/h超えて28.2km/hで走行しており、即時0点ルールが適用されるためrewardは0.0となる。
152.2,Train11,次駅への減速フェーズ（駅手前400m以内）,惰行中,0.1,ブレーキ（減速）,0.4,70.0,30.34,35.99,36.0,82.88,27.8,61.149974093725945,0.0,9.2,この先制限速度なし,この先目立った勾配なし,前方93.5m先を13.4km/h,後続列車なし,40.0,0.0,発車済み,80.0,36.0,0.0,normal,0.0,現在速度36km/hがCBTC信号30.3km/hを2km/h以上超えており、即時0.0ルールに違反したため。
152.2,Train11,次駅への減速フェーズ（駅手前400m以内）,力行（加速）中,0.1,ブレーキ（減速）,0.4,70.0,30.34,35.99,36.0,82.88,27.8,61.149974093725945,0.0,9.2,この先制限速度なし,この先目立った勾配なし,前方93.5m先を13.4km/h,後続列車なし,40.0,0.0,発車済み,80.0,36.0,0.0,normal,0.0,CBTC信号速度30.3km/hを2km/h以上上回る36km/hで加速しており、安全違反の即0.0ルールが適用された。
152.2,Train11,次駅への減速フェーズ（駅手前400m以内）,ブレーキ（減速）中,0.4,惰行,0.1,70.0,30.34,35.99,36.0,82.88,27.8,61.149974093725945,0.0,9.2,この先制限速度なし,この先目立った勾配なし,前方93.5m先を13.4km/h,後続列車なし,40.0,0.0,発車済み,80.0,36.0,0.0,normal,0.0,CBTC信号速度30.3km/hを2km/h超える36km/hで走行し、即時0点ルールに該当したため。
187.6,Train11,次駅への減速フェーズ（駅手前400m以内）,惰行中,0.1,ブレーキ（減速）,0.5,70.0,12.09,17.26,70.0,18.66,0.0,14.163881104032242,7.7,9.2,この先制限速度なし,この先目立った勾配なし,前方56.9m先を23.0km/h,後続列車なし,40.0,0.0,発車済み,80.0,70.0,0.0,delay_recovery,0.0,CBTC信号速度12.1km/hを2km/h超えて17.3km/hで走行しており、即時0.0ルールに該当するため評価は0.0とした。
187.6,Train11,次駅への減速フェーズ（駅手前400m以内）,力行（加速）中,0.1,ブレーキ（減速）,0.5,70.0,12.09,17.26,70.0,18.66,0.0,14.163881104032242,7.7,9.2,この先制限速度なし,この先目立った勾配なし,前方56.9m先を23.0km/h,後続列車なし,40.0,0.0,発車済み,80.0,70.0,0.0,delay_recovery,0.0,CBTC信号速度12.1km/hを2km/h超える17.3km/hで走行し、即0.0ルールに該当するため評価は0.0。
187.6,Train11,次駅への減速フェーズ（駅手前400m以内）,ブレーキ（減速）中,0.5,力行（加速）,0.1,70.0,12.09,17.26,70.0,18.66,0.0,14.163881104032242,7.7,9.2,この先制限速度なし,この先目立った勾配なし,前方56.9m先を23.0km/h,後続列車なし,40.0,0.0,発車済み,80.0,70.0,0.0,delay_recovery,0.0,CBTC信号速度12.1km/hを2km/h超えて17.3km/hで走行しており即reward0.0ルールが適用されるため、rewardは0.0となる。
177.1,Train11,次駅への減速フェーズ（駅手前400m以内）,惰行中,0.1,ブレーキ（減速）,0.1,70.0,29.09,36.09,36.1,19.01,2.9,61.48752730656495,0.0,9.2,この先制限速度なし,この先目立った勾配なし,前方90.0m先を29.1km/h,後続列車なし,40.0,0.0,発車済み,80.0,36.1,0.0,normal,0.0,現在速度がCBTC信号速度を2km/h以上上回っており安全違反のため即0.0とした。
177.1,Train11,次駅への減速フェーズ（駅手前400m以内）,力行（加速）中,0.1,惰行,0.1,70.0,29.09,36.09,36.1,19.01,2.9,61.48752730656495,0.0,9.2,この先制限速度なし,この先目立った勾配なし,前方90.0m先を29.1km/h,後続列車なし,40.0,0.0,発車済み,80.0,36.1,0.0,normal,0.0,CBTC信号速度29.1km/hを5km/h上回り、減速すべき区間で加速しているため即時0.0とした。
177.1,Train11,次駅への減速フェーズ（駅手前400m以内）,ブレーキ（減速）中,0.1,惰行,0.1,70.0,29.09,36.09,36.1,19.01,2.9,61.48752730656495,0.0,9.2,この先制限速度なし,この先目立った勾配なし,前方90.0m先を29.1km/h,後続列車なし,40.0,0.0,発車済み,80.0,36.1,0.0,normal,0.0,CBTC信号を2km/h以上超過し、delta_stopが-42.48mでオーバーランが確実なため即時0点とする。
173.0,Train11,次駅への減速フェーズ（駅手前400m以内）,惰行中,0.1,ブレーキ（減速）,3.1,70.0,32.33,30.44,70.0,49.25,7.0,43.84757541451888,0.0,9.2,この先制限速度なし,この先目立った勾配なし,前方99.4m先を25.6km/h,後続列車なし,40.0,0.0,発車済み,80.0,70.0,0.0,delay_recovery,0.1,遅延回復モードで制限速度付近の維持が必要なのに、現在30.4km/hで惰行し速度が大幅に不足し、ノコギリ運転も発生しているため低評価とした。
173.0,Train11,次駅への減速フェーズ（駅手前400m以内）,力行（加速）中,0.1,ブレーキ（減速）,3.1,70.0,32.33,30.44,70.0,49.25,7.0,43.84757541451888,0.0,9.2,この先制限速度なし,この先目立った勾配なし,前方99.4m先を25.6km/h,後続列車なし,40.0,0.0,発車済み,80.0,70.0,0.0,delay_recovery,0.0,前ブレーキから0.1秒の加速への反転が合理的理由なく、保持時間が2秒未満のノコギリ運転と判定され即0点となった。
173.0,Train11,次駅への減速フェーズ（駅手前400m以内）,ブレーキ（減速）中,3.1,惰行,1.0,70.0,32.33,30.44,70.0,49.25,7.0,43.84757541451888,0.0,9.2,この先制限速度なし,この先目立った勾配なし,前方99.4m先を25.6km/h,後続列車なし,40.0,0.0,発車済み,80.0,70.0,0.0,delay_recovery,0.6,次駅減速フェーズで適切にブレーキし、delta_stopが許容範囲内で安全に停止できるためやや減点の0.6とした。
147.0,Train11,次駅への減速フェーズ（駅手前400m以内）,惰行中,70.0,力行（加速）,26.0,70.0,42.88,41.5,41.5,135.5,33.0,81.09955567658204,0.0,9.2,この先制限速度なし,この先目立った勾配なし,前方136.5m先を4.3km/h,後続列車なし,40.0,0.0,発車済み,80.0,41.5,0.0,normal,0.9,制限速度・CBTCを遵守し、現在速度が必要速度と一致した惰行で、ブレーキ開始距離を十分に保ち、先行列車との間隔も安全範囲内のため高評価。
147.0,Train11,次駅への減速フェーズ（駅手前400m以内）,力行（加速）中,1.0,惰行,70.0,70.0,42.88,41.5,41.5,135.5,33.0,81.09955567658204,0.0,9.2,この先制限速度なし,この先目立った勾配なし,前方136.5m先を4.3km/h,後続列車なし,40.0,0.0,発車済み,80.0,41.5,0.0,normal,0.8,次駅減速フェーズで加速ノッチを続けている点は不要だが、制限速度・CBTC遵守・停止余裕は確保され安全性は保たれるため、やや減点し0.8とする。
147.0,Train11,次駅への減速フェーズ（駅手前400m以内）,ブレーキ（減速）中,1.0,惰行,70.0,70.0,42.88,41.5,41.5,135.5,33.0,81.09955567658204,0.0,9.2,この先制限速度なし,この先目立った勾配なし,前方136.5m先を4.3km/h,後続列車なし,40.0,0.0,発車済み,80.0,41.5,0.0,normal,0.2,次駅減速フェーズで必要ブレーキ距離より早くブレーキを開始し停止位置が遅れ、先行列車との間隔が標準間隔を下回っているため低評価。
159.6,Train11,次駅への減速フェーズ（駅手前400m以内）,惰行中,0.1,ブレーキ（減速）,0.1,70.0,5.87,36.08,36.1,48.56,20.4,61.45373105148147,0.0,9.2,この先制限速度なし,この先目立った勾配なし,前方51.6m先を7.4km/h,後続列車なし,20.0,0.0,発車済み,100.0,36.1,0.0,normal,0.0,CBTC信号速度5.9km/hを大幅に超えて36.1km/hで走行しているため即時0.0ルールが適用され、rewardは0.0となる。
159.6,Train11,次駅への減速フェーズ（駅手前400m以内）,力行（加速）中,0.1,惰行,0.1,70.0,5.87,36.08,36.1,48.56,20.4,61.45373105148147,0.0,9.2,この先制限速度なし,この先目立った勾配なし,前方51.6m先を7.4km/h,後続列車なし,20.0,0.0,発車済み,100.0,36.1,0.0,normal,0.0,CBTC信号速度を大幅に超過し、ブレーキ開始点を過ぎた状態で加速しているため即0.0とする。
159.6,Train11,次駅への減速フェーズ（駅手前400m以内）,ブレーキ（減速）中,0.1,惰行,0.1,70.0,5.87,36.08,36.1,48.56,20.4,61.45373105148147,0.0,9.2,この先制限速度なし,この先目立った勾配なし,前方51.6m先を7.4km/h,後続列車なし,20.0,0.0,発車済み,100.0,36.1,0.0,normal,0.0,CBTC信号5.9km/hを大幅に上回る36.1km/hで走行しており、即時0点ルールが適用される。
164.4,Train11,次駅への減速フェーズ（駅手前400m以内）,惰行中,0.1,ブレーキ（減速）,7.8,70.0,0.0,9.74,9.7,4.58,15.6,4.5199929315968514,0.0,9.2,この先制限速度なし,この先目立った勾配なし,前方4.6m先を0.0km/h,後続列車なし,40.0,15.0,未発車,80.0,3.7,17.4,anti_mid_stop,0.0,CBTC信号が0km/hなのに現在速度が9.7km/hで2km/h以上超過しているため即reward0.0ルールが適用され、rewardは0.0となる。
164.4,Train11,次駅への減速フェーズ（駅手前400m以内）,力行（加速）中,0.1,ブレーキ（減速）,7.8,70.0,0.0,9.74,9.7,4.58,15.6,4.5199929315968514,0.0,9.2,この先制限速度なし,この先目立った勾配なし,前方4.6m先を0.0km/h,後続列車なし,40.0,15.0,未発車,80.0,3.7,17.4,anti_mid_stop,0.0,CBTC信号速度上限を2km/h以上超過しているため即0.0とし、安全上重大な違反と判断した。
164.4,Train11,次駅への減速フェーズ（駅手前400m以内）,ブレーキ（減速）中,7.8,惰行,99.7,70.0,0.0,9.74,9.7,4.58,15.6,4.5199929315968514,0.0,9.2,この先制限速度なし,この先目立った勾配なし,前方4.6m先を0.0km/h,後続列車なし,40.0,15.0,未発車,80.0,3.7,17.4,anti_mid_stop,0.0,CBTC信号が0km/hなのに現在速度が9.7km/hで2km/h以上超過しており、安全違反の即0点ルールが適用される。
70.0,Train11,巡航フェーズ（駅間走行中）,惰行中,10.0,力行（加速）,61.0,70.0,70.0,67.49,67.5,1231.82,110.0,237.02203958319197,0.0,0.0,この先制限速度なし,223m先に上り勾配12.5‰あり,前方1213.3m先を19.8km/h,後続列車なし,0.0,37.0,未発車,120.0,67.5,0.0,delay_recovery,1.0,遅延回復モードで速度が制限速度‑8〜‑2km/h帯内の惰行で維持され、全安全基準を満たしノコギリ運転もなく高評価。
70.0,Train11,巡航フェーズ（駅間走行中）,力行（加速）中,1.0,惰行,10.0,70.0,70.0,67.49,67.5,1231.82,110.0,237.02203958319197,0.0,0.0,この先制限速度なし,223m先に上り勾配12.5‰あり,前方1213.3m先を19.8km/h,後続列車なし,0.0,37.0,未発車,120.0,67.5,0.0,delay_recovery,0.7,先行列車との車間が標準間隔より縮小し、加速により接近しているため評価を減点し、rewardを0.7とした。
70.0,Train11,巡航フェーズ（駅間走行中）,ブレーキ（減速）中,1.0,惰行,10.0,70.0,70.0,67.49,67.5,1231.82,110.0,237.02203958319197,0.0,0.0,この先制限速度なし,223m先に上り勾配12.5‰あり,前方1213.3m先を19.8km/h,後続列車なし,0.0,37.0,未発車,120.0,67.5,0.0,anti_mid_stop,0.6,駅間停車防止モードと判定されたが、現在のブレーキは必要以上の減速であり評価を下げた。
69.0,Train11,巡航フェーズ（駅間走行中）,惰行中,8.0,力行（加速）,58.0,70.0,70.0,66.75,66.8,1324.3,111.0,231.97914714215167,0.0,0.0,この先制限速度なし,315m先に上り勾配12.5‰あり,前方1154.5m先を30.7km/h,後続列車なし,20.0,58.0,未発車,100.0,66.8,0.0,normal,1.0,巡航フェーズでrequired_speedと一致し、7秒以上の惰行を維持。速度・信号・間隔すべて遵守し、ノコギリ運転なしで安全かつ省エネ。
69.0,Train11,巡航フェーズ（駅間走行中）,力行（加速）中,1.0,惰行,8.0,70.0,70.0,66.75,66.8,1324.3,111.0,231.97914714215167,0.0,0.0,この先制限速度なし,315m先に上り勾配12.5‰あり,前方1154.5m先を30.7km/h,後続列車なし,20.0,58.0,未発車,100.0,66.8,0.0,normal,0.6,現在速度はrequired_speedに達しているのに力行を続けており、不要な加速でエネルギーを浪費しているため評価を下げた。
69.0,Train11,巡航フェーズ（駅間走行中）,ブレーキ（減速）中,1.0,惰行,8.0,70.0,70.0,66.75,66.8,1324.3,111.0,231.97914714215167,0.0,0.0,この先制限速度なし,315m先に上り勾配12.5‰あり,前方1154.5m先を30.7km/h,後続列車なし,20.0,58.0,未発車,100.0,66.8,0.0,normal,0.2,巡航フェーズでrequired_speedと同等の速度にも関わらずブレーキを掛けているため、不要な減速とエネルギー浪費・遅延リスクが生じ、rewardを0.2とした。
146.3,Train11,次駅への減速フェーズ（駅手前400m以内）,惰行中,0.1,ブレーキ（減速）,9.4,70.0,0.0,27.98,28.0,48.22,33.7,37.08299412644539,0.0,9.2,この先制限速度なし,この先目立った勾配なし,前方48.2m先を0.0km/h,後続列車なし,20.0,15.0,未発車,100.0,28.0,19.3,normal,0.0,CBTC信号0km/hを超えて28km/hで走行しており即時0点ルールに該当するため、rewardは0.0とする。
146.3,Train11,次駅への減速フェーズ（駅手前400m以内）,力行（加速）中,0.1,ブレーキ（減速）,9.4,70.0,0.0,27.98,28.0,48.22,33.7,37.08299412644539,0.0,9.2,この先制限速度なし,この先目立った勾配なし,前方48.2m先を0.0km/h,後続列車なし,20.0,15.0,未発車,100.0,28.0,19.3,normal,0.0,CBTC信号0km/hに対し現在速度28km/hで2km/h以上超過し、即時0.0ルールに該当するためrewardは0.0とした。
146.3,Train11,次駅への減速フェーズ（駅手前400m以内）,ブレーキ（減速）中,9.4,力行（加速）,2.0,70.0,0.0,27.98,28.0,48.22,33.7,37.08299412644539,0.0,9.2,この先制限速度なし,この先目立った勾配なし,前方48.2m先を0.0km/h,後続列車なし,20.0,15.0,未発車,100.0,28.0,19.3,anti_mid_stop,0.0,CBTC信号が0km/hなのに28km/hで走行しており、即reward0.0ルールに該当するため評価は0.0となる。
172.9,Train11,次駅への減速フェーズ（駅手前400m以内）,惰行中,0.1,ブレーキ（減速）,0.4,70.0,34.46,32.91,70.0,65.85,7.1,51.19979939501638,0.0,9.2,この先制限速度なし,この先目立った勾配なし,前方106.0m先を23.5km/h,後続列車なし,40.0,0.0,発車済み,80.0,70.0,0.0,delay_recovery,0.0,前ブレーキ0.4秒から惰行0.1秒への短時間切替が合理的根拠なくノコギリ運転と判定され、上限rewardが0.0となった。
172.9,Train11,次駅への減速フェーズ（駅手前400m以内）,力行（加速）中,0.1,ブレーキ（減速）,0.4,70.0,34.46,32.91,70.0,65.85,7.1,51.19979939501638,0.0,9.2,この先制限速度なし,この先目立った勾配なし,前方106.0m先を23.5km/h,後続列車なし,40.0,0.0,発車済み,80.0,70.0,0.0,delay_recovery,0.0,ブレーキ→力行への0.4秒・0.1秒の短時間切替が合理的理由なくノコギリ運転と判定され、上限rewardが0.0となる。
172.9,Train11,次駅への減速フェーズ（駅手前400m以内）,ブレーキ（減速）中,0.4,惰行,0.5,70.0,34.46,32.91,70.0,65.85,7.1,51.19979939501638,0.0,9.2,この先制限速度なし,この先目立った勾配なし,前方106.0m先を23.5km/h,後続列車なし,40.0,0.0,発車済み,80.0,70.0,0.0,delay_recovery,0.5,遅延回復モードで速度維持が求められる中、駅手前で過度に早いブレーキにより速度が低下し定時到着が危うくなったため減点。
165.5,Train11,次駅への減速フェーズ（駅手前400m以内）,惰行中,0.1,ブレーキ（減速）,0.2,70.0,24.74,23.73,24.9,73.79,14.5,26.71536229483093,0.0,9.2,この先制限速度なし,この先目立った勾配なし,前方79.0m先を9.6km/h,後続列車なし,40.0,0.0,発車済み,80.0,24.9,0.0,normal,0.0,直前のブレーキから0.1秒の惰行への短時間切替が合理的根拠なく行われ、ノコギリ運転と判定され上限rewardが0.0となった。
165.5,Train11,次駅への減速フェーズ（駅手前400m以内）,力行（加速）中,0.1,ブレーキ（減速）,0.2,70.0,24.74,23.73,24.9,73.79,14.5,26.71536229483093,0.0,9.2,この先制限速度なし,この先目立った勾配なし,前方79.0m先を9.6km/h,後続列車なし,40.0,0.0,発車済み,80.0,24.9,0.0,anti_mid_stop,0.0,短時間でブレーキ→加速への切替が合理的根拠なく行われ、ノコギリ運転と判定され上限0.0点となった。
165.5,Train11,次駅への減速フェーズ（駅手前400m以内）,ブレーキ（減速）中,0.2,力行（加速）,0.1,70.0,24.74,23.73,24.9,73.79,14.5,26.71536229483093,0.0,9.2,この先制限速度なし,この先目立った勾配なし,前方79.0m先を9.6km/h,後続列車なし,40.0,0.0,発車済み,80.0,24.9,0.0,normal,0.2,次駅減速フェーズでブレーキ開始が早すぎ、delta_stopが30m超過し早期停止リスクが高いため評価が低くなる。
71.0,Train11,巡航フェーズ（駅間走行中）,惰行中,14.0,力行（加速）,58.0,70.0,70.0,65.29,65.3,1219.53,109.0,222.17815871094032,0.0,0.0,この先制限速度なし,211m先に上り勾配12.5‰あり,前方1025.0m先を33.1km/h,後続列車なし,40.0,75.0,未発車,80.0,65.3,0.0,anti_mid_stop,1.0,駅間停車防止モードでtarget_speed_no_stopと現在速度が一致し、惰行が適切に維持されているため高評価。
71.0,Train11,巡航フェーズ（駅間走行中）,力行（加速）中,1.0,惰行,14.0,70.0,70.0,65.29,65.3,1219.53,109.0,222.17815871094032,0.0,0.0,この先制限速度なし,211m先に上り勾配12.5‰あり,前方1025.0m先を33.1km/h,後続列車なし,40.0,75.0,未発車,80.0,65.3,0.0,normal,0.8,巡航フェーズでrequired_speedを既に満たすのに加速しており、不要な力行でエネルギーを浪費しているため減点。
71.0,Train11,巡航フェーズ（駅間走行中）,ブレーキ（減速）中,1.0,惰行,14.0,70.0,70.0,65.29,65.3,1219.53,109.0,222.17815871094032,0.0,0.0,この先制限速度なし,211m先に上り勾配12.5‰あり,前方1025.0m先を33.1km/h,後続列車なし,40.0,75.0,未発車,80.0,65.3,0.0,normal,0.2,巡航フェーズでrequired_speedに達しているのに不必要にブレーキをかけ、遅延リスクとエネルギー無駄が生じるため低評価。
152.2,Train11,次駅への減速フェーズ（駅手前400m以内）,惰行中,0.1,力行（加速）,3.3,70.0,25.1,43.91,43.9,79.85,27.8,90.68477406812723,0.0,9.2,この先制限速度なし,この先目立った勾配なし,前方79.9m先を0.0km/h,後続列車なし,40.0,15.0,未発車,80.0,16.0,5.2,anti_mid_stop,0.0,CBTC信号速度を大幅に超過しているため即0.0ルールが適用され、rewardは0.0となる。
152.2,Train11,次駅への減速フェーズ（駅手前400m以内）,力行（加速）中,3.3,惰行,64.0,70.0,25.1,43.91,43.9,79.85,27.8,90.68477406812723,0.0,9.2,この先制限速度なし,この先目立った勾配なし,前方79.9m先を0.0km/h,後続列車なし,40.0,15.0,未発車,80.0,16.0,5.2,anti_mid_stop,0.0,CBTC信号速度25.1km/hを大幅に超える43.9km/hで走行し即0.0ルールに該当、さらに駅間停車防止モードでtarget_speed_no_stop16km/hを超える力行は不適切。
152.2,Train11,次駅への減速フェーズ（駅手前400m以内）,ブレーキ（減速）中,0.1,力行（加速）,3.3,70.0,25.1,43.91,43.9,79.85,27.8,90.68477406812723,0.0,9.2,この先制限速度なし,この先目立った勾配なし,前方79.9m先を0.0km/h,後続列車なし,40.0,15.0,未発車,80.0,16.0,5.2,anti_mid_stop,0.0,CBTC信号速度を2km/h以上超過し即時0.0ルールに該当、さらに停止位置が過走でオーバーランリスクがあるため。
169.7,Train11,次駅への減速フェーズ（駅手前400m以内）,惰行中,0.1,ブレーキ（減速）,2.0,70.0,38.02,38.92,38.9,65.51,10.3,71.41664097542152,0.0,9.2,この先制限速度なし,この先目立った勾配なし,前方118.1m先を26.1km/h,後続列車なし,20.0,0.0,発車済み,100.0,38.9,0.0,normal,0.0,delta_stopが-5.91mでオーバーランが確実、ブレーキ未実施かつ0.1秒の惰行切替はノコギリ運転とみなされ、rewardは0.0になる。
169.7,Train11,次駅への減速フェーズ（駅手前400m以内）,力行（加速）中,0.1,ブレーキ（減速）,2.0,70.0,38.02,38.92,38.9,65.51,10.3,71.41664097542152,0.0,9.2,この先制限速度なし,この先目立った勾配なし,前方118.1m先を26.1km/h,後続列車なし,20.0,0.0,発車済み,100.0,38.9,0.0,normal,0.0,delta_stopが-5.91mでブレーキせずに加速しており、オーバーランが確実なため即時0点とする。
169.7,Train11,次駅への減速フェーズ（駅手前400m以内）,ブレーキ（減速）中,2.0,惰行,0.1,70.0,38.02,38.92,38.9,65.51,10.3,71.41664097542152,0.0,9.2,この先制限速度なし,この先目立った勾配なし,前方118.1m先を26.1km/h,後続列車なし,20.0,0.0,発車済み,100.0,38.9,0.0,normal,0.0,delta_stopが-5.91mでブレーキ中にオーバーランが確実となり、即時0点ルールが適用されたため。
166.5,Train11,次駅への減速フェーズ（駅手前400m以内）,惰行中,0.1,ブレーキ（減速）,3.2,70.0,15.77,28.49,28.5,48.59,13.5,38.439533901039624,0.0,9.2,この先制限速度なし,この先目立った勾配なし,前方61.8m先を14.7km/h,後続列車なし,40.0,0.0,発車済み,80.0,28.5,0.0,normal,0.0,現在速度がCBTC信号速度を2km/h以上上回っているため即0.0とし、他の項目は評価対象外とした。
166.5,Train11,次駅への減速フェーズ（駅手前400m以内）,力行（加速）中,0.1,ブレーキ（減速）,3.2,70.0,15.77,28.49,28.5,48.59,13.5,38.439533901039624,0.0,9.2,この先制限速度なし,この先目立った勾配なし,前方61.8m先を14.7km/h,後続列車なし,40.0,0.0,発車済み,80.0,28.5,0.0,normal,0.0,CBTC信号15.8km/hを2km/h以上超える28.5km/hで走行し、即時0.0ルールに該当するためrewardは0.0とする。
166.5,Train11,次駅への減速フェーズ（駅手前400m以内）,ブレーキ（減速）中,3.2,惰行,41.4,70.0,15.77,28.49,28.5,48.59,13.5,38.439533901039624,0.0,9.2,この先制限速度なし,この先目立った勾配なし,前方61.8m先を14.7km/h,後続列車なし,40.0,0.0,発車済み,80.0,28.5,0.0,normal,0.0,CBTC信号速度15.8km/hを2km/h超える28.5km/hで走行しており、即reward0.0ルールに該当するため評価は0.0とした。
156.1,Train11,次駅への減速フェーズ（駅手前400m以内）,惰行中,0.1,ブレーキ（減速）,5.2,70.0,25.76,22.06,22.1,81.42,23.9,23.10099433739528,0.0,9.2,この先制限速度なし,この先目立った勾配なし,前方81.4m先を0.1km/h,後続列車なし,20.0,15.0,未発車,100.0,16.2,29.1,anti_mid_stop,0.6,駅間停車防止モードでtarget_speed_no_stop(16.2km/h)を5km/h超える22.1km/hで走行しており、過剰加速と判断され減点対象となる。
156.1,Train11,次駅への減速フェーズ（駅手前400m以内）,力行（加速）中,0.1,ブレーキ（減速）,5.2,70.0,25.76,22.06,22.1,81.42,23.9,23.10099433739528,0.0,9.2,この先制限速度なし,この先目立った勾配なし,前方81.4m先を0.1km/h,後続列車なし,20.0,15.0,未発車,100.0,16.2,29.1,anti_mid_stop,0.2,先行列車が塞いでいるため駅間停車防止モードで、target_speed_no_stopを超える加速とノコギリ運転により安全余裕が失われ評価が低く0.2となった。
156.1,Train11,次駅への減速フェーズ（駅手前400m以内）,ブレーキ（減速）中,5.2,惰行,89.0,70.0,25.76,22.06,22.1,81.42,23.9,23.10099433739528,0.0,9.2,この先制限速度なし,この先目立った勾配なし,前方81.4m先を0.1km/h,後続列車なし,20.0,15.0,未発車,100.0,16.2,29.1,anti_mid_stop,0.2,先行列車が塞いでいるため駅間停車防止モードだが、現在速度が target_speed_no_stop を超えて早期にブレーキをかけており、delta_stop が 58 m と大きく早すぎるため停止位置が大幅にずれ、エネルギー無駄が顕著。
157.9,Train11,次駅への減速フェーズ（駅手前400m以内）,惰行中,0.1,ブレーキ（減速）,1.3,70.0,0.0,28.81,28.8,39.32,22.1,39.302959662780324,0.0,9.2,この先制限速度なし,この先目立った勾配なし,前方39.3m先を0.0km/h,後続列車なし,40.0,15.0,未発車,80.0,10.9,10.9,anti_mid_stop,0.0,CBTC信号が0km/hであるにも関わらず現在速度が28.8km/hと2km/h以上超過しており、即reward0.0ルールが適用される。
157.9,Train11,次駅への減速フェーズ（駅手前400m以内）,力行（加速）中,0.1,ブレーキ（減速）,1.3,70.0,0.0,28.81,28.8,39.32,22.1,39.302959662780324,0.0,9.2,この先制限速度なし,この先目立った勾配なし,前方39.3m先を0.0km/h,後続列車なし,40.0,15.0,未発車,80.0,10.9,10.9,anti_mid_stop,0.0,CBTC信号速度0km/hを2km/h以上超過し、即時0点ルールに該当するためrewardは0.0となる。
157.9,Train11,次駅への減速フェーズ（駅手前400m以内）,ブレーキ（減速）中,1.3,惰行,99.7,70.0,0.0,28.81,28.8,39.32,22.1,39.302959662780324,0.0,9.2,この先制限速度なし,この先目立った勾配なし,前方39.3m先を0.0km/h,後続列車なし,40.0,15.0,未発車,80.0,10.9,10.9,anti_mid_stop,0.0,CBTC信号速度0km/hを2km/h以上超過し、信号超過は即時0点とする安全違反となったため、rewardは0.0とした。
159.8,Train11,次駅への減速フェーズ（駅手前400m以内）,惰行中,0.1,ブレーキ（減速）,0.9,70.0,34.36,30.71,30.7,52.34,20.2,44.62398319124656,0.0,9.2,この先制限速度なし,この先目立った勾配なし,前方105.7m先を26.2km/h,後続列車なし,40.0,0.0,発車済み,80.0,30.7,0.0,normal,0.0,ブレーキから惰行への0.1秒切替が合理的根拠なく行われ、ノコギリ運転と判定され上限0.0となった。
159.8,Train11,次駅への減速フェーズ（駅手前400m以内）,力行（加速）中,0.1,ブレーキ（減速）,0.9,70.0,34.36,30.71,30.7,52.34,20.2,44.62398319124656,0.0,9.2,この先制限速度なし,この先目立った勾配なし,前方105.7m先を26.2km/h,後続列車なし,40.0,0.0,発車済み,80.0,30.7,0.0,normal,0.0,直前のブレーキから0.1秒の力行への切替が7秒未満で合理的理由がなく、ノコギリ運転と判定され上限rewardが0.0となった。
159.8,Train11,次駅への減速フェーズ（駅手前400m以内）,ブレーキ（減速）中,0.9,惰行,98.0,70.0,34.36,30.71,30.7,52.34,20.2,44.62398319124656,0.0,9.2,この先制限速度なし,この先目立った勾配なし,前方105.7m先を26.2km/h,後続列車なし,40.0,0.0,発車済み,80.0,30.7,0.0,normal,0.6,次駅減速フェーズでブレーキ開始がやや早く、delta_stopが7.7mでやや減点となるため評価を低下させた。
170.9,Train11,次駅への減速フェーズ（駅手前400m以内）,惰行中,39.0,力行（加速）,14.0,70.0,35.76,39.0,70.0,74.21,9.1,71.70786573178202,0.0,9.2,この先制限速度なし,この先目立った勾配なし,前方110.3m先を22.5km/h,後続列車なし,40.0,0.0,発車済み,80.0,70.0,0.0,delay_recovery,0.0,CBTC信号速度35.8km/hを超えて39km/hで走行し、即reward0.0ルールに該当するため、評価は0.0とした。
170.9,Train11,次駅への減速フェーズ（駅手前400m以内）,力行（加速）中,0.1,惰行,39.0,70.0,35.76,39.0,70.0,74.21,9.1,71.70786573178202,0.0,9.2,この先制限速度なし,この先目立った勾配なし,前方110.3m先を22.5km/h,後続列車なし,40.0,0.0,発車済み,80.0,70.0,0.0,delay_recovery,0.0,CBTC信号速度35.8km/hを2km/h超える39km/hで走行し、即0.0ルールに該当したため。
170.9,Train11,次駅への減速フェーズ（駅手前400m以内）,ブレーキ（減速）中,0.1,惰行,39.0,70.0,35.76,39.0,70.0,74.21,9.1,71.70786573178202,0.0,9.2,この先制限速度なし,この先目立った勾配なし,前方110.3m先を22.5km/h,後続列車なし,40.0,0.0,発車済み,80.0,70.0,0.0,delay_recovery,0.0,CBTC信号現示35.8km/hを2km/h超えて39km/hで走行しており、安全違反の即0.0ルールが適用された。
187.4,Train11,次駅への減速フェーズ（駅手前400m以内）,惰行中,0.1,力行（加速）,2.5,70.0,0.0,23.09,70.0,0.54,0.0,28.455049562821035,7.5,0.0,この先制限速度なし,この先目立った勾配なし,前方37.6m先を22.7km/h,後続列車なし,40.0,0.0,発車済み,80.0,70.0,0.0,delay_recovery,0.0,CBTC信号0km/hを超えて23.1km/hで走行し即0.0ルールが適用されたため、安全違反としてrewardは0.0とする。
187.4,Train11,次駅への減速フェーズ（駅手前400m以内）,力行（加速）中,2.5,ブレーキ（減速）,0.1,70.0,0.0,23.09,70.0,0.54,0.0,28.455049562821035,7.5,0.0,この先制限速度なし,この先目立った勾配なし,前方37.6m先を22.7km/h,後続列車なし,40.0,0.0,発車済み,80.0,70.0,0.0,delay_recovery,0.0,CBTC信号が0km/hであるにも関わらず力行中で、即時0.0ルールに該当し安全違反となる。
187.4,Train11,次駅への減速フェーズ（駅手前400m以内）,ブレーキ（減速）中,0.1,力行（加速）,2.5,70.0,0.0,23.09,70.0,0.54,0.0,28.455049562821035,7.5,0.0,この先制限速度なし,この先目立った勾配なし,前方37.6m先を22.7km/h,後続列車なし,40.0,0.0,発車済み,80.0,70.0,0.0,delay_recovery,0.0,CBTC信号を2km/h以上超過し安全違反のため即0点とする。
151.6,Train11,次駅への減速フェーズ（駅手前400m以内）,惰行中,0.1,力行（加速）,0.1,70.0,38.47,39.38,39.4,79.12,28.4,73.09908015570295,0.0,9.2,この先制限速度なし,この先目立った勾配なし,前方119.7m先を23.6km/h,後続列車なし,20.0,0.0,発車済み,100.0,39.4,0.0,normal,0.9,次駅減速フェーズで停止余裕があり、CBTC信号内で惰行に切り替えたことが合理的で安全・省エネに優れた操作と判断した。
151.6,Train11,次駅への減速フェーズ（駅手前400m以内）,力行（加速）中,0.1,ブレーキ（減速）,0.1,70.0,38.47,39.38,39.4,79.12,28.4,73.09908015570295,0.0,9.2,この先制限速度なし,この先目立った勾配なし,前方119.7m先を23.6km/h,後続列車なし,20.0,0.0,発車済み,100.0,39.4,0.0,normal,0.0,直前ブレーキから0.1秒の加速への短時間切替が合理的根拠なく、ノコギリ運転と判定され上限0.0となった。
151.6,Train11,次駅への減速フェーズ（駅手前400m以内）,ブレーキ（減速）中,0.1,力行（加速）,0.1,70.0,38.47,39.38,39.4,79.12,28.4,73.09908015570295,0.0,9.2,この先制限速度なし,この先目立った勾配なし,前方119.7m先を23.6km/h,後続列車なし,20.0,0.0,発車済み,100.0,39.4,0.0,normal,0.9,ブレーキが適切に作動し、delta_stopが6.0mで停止位置が確保できるため高評価となる。
172.9,Train11,次駅への減速フェーズ（駅手前400m以内）,惰行中,0.1,ブレーキ（減速）,0.1,70.0,19.54,37.1,70.0,68.12,7.1,64.94776746233696,0.0,9.2,この先制限速度なし,この先目立った勾配なし,前方68.1m先を0.0km/h,後続列車なし,40.0,15.0,未発車,80.0,14.6,25.9,anti_mid_stop,0.0,CBTC信号速度を大幅に超過し、駅間停車防止モードでもtarget_speed_no_stopを超える速度で走行しているため即0.0とする。
172.9,Train11,次駅への減速フェーズ（駅手前400m以内）,力行（加速）中,0.1,ブレーキ（減速）,0.1,70.0,19.54,37.1,70.0,68.12,7.1,64.94776746233696,0.0,9.2,この先制限速度なし,この先目立った勾配なし,前方68.1m先を0.0km/h,後続列車なし,40.0,15.0,未発車,80.0,14.6,25.9,anti_mid_stop,0.0,CBTC信号速度19.5km/hを2km/h以上上回る37.1km/hで走行し、即時0.0ルールに該当するためrewardは0.0とした。
172.9,Train11,次駅への減速フェーズ（駅手前400m以内）,ブレーキ（減速）中,0.1,惰行,0.1,70.0,19.54,37.1,70.0,68.12,7.1,64.94776746233696,0.0,9.2,この先制限速度なし,この先目立った勾配なし,前方68.1m先を0.0km/h,後続列車なし,40.0,15.0,未発車,80.0,14.6,25.9,anti_mid_stop,0.0,CBTC信号速度19.5km/hを2km/h超える37.1km/hで走行し、即時0.0ルールに該当するため評価は0.0とした。
157.1,Train11,次駅への減速フェーズ（駅手前400m以内）,惰行中,2.0,力行（加速）,4.2,70.0,0.0,37.68,37.7,39.69,22.9,66.9766976595991,0.0,9.2,この先制限速度なし,この先目立った勾配なし,前方39.7m先を0.0km/h,後続列車なし,40.0,15.0,未発車,80.0,11.0,10.1,anti_mid_stop,0.0,CBTC信号0km/hを超過しブレーキ未実施、delta_stopが-27.29mでオーバーラン確実のため即0.0とする。
157.1,Train11,次駅への減速フェーズ（駅手前400m以内）,力行（加速）中,0.1,惰行,2.0,70.0,0.0,37.68,37.7,39.69,22.9,66.9766976595991,0.0,9.2,この先制限速度なし,この先目立った勾配なし,前方39.7m先を0.0km/h,後続列車なし,40.0,15.0,未発車,80.0,11.0,10.1,anti_mid_stop,0.0,CBTC信号0km/hに対し37.7km/hで走行し、signal_speed+2km/hを大幅に超過したため即時0点とした。
157.1,Train11,次駅への減速フェーズ（駅手前400m以内）,ブレーキ（減速）中,0.1,惰行,2.0,70.0,0.0,37.68,37.7,39.69,22.9,66.9766976595991,0.0,9.2,この先制限速度なし,この先目立った勾配なし,前方39.7m先を0.0km/h,後続列車なし,40.0,15.0,未発車,80.0,11.0,10.1,anti_mid_stop,0.0,CBTC信号が0km/hであるにも関わらず現在速度が37.7km/hと2km/h以上超過しており、安全違反となるため即時0.0の評価とした。
56.0,Train11,巡航フェーズ（駅間走行中）,惰行中,1.0,力行（加速）,57.0,70.0,70.0,67.44,67.4,1498.46,124.0,236.67971298008484,0.0,0.0,この先制限速度なし,489m先に上り勾配12.5‰あり,前方1348.5m先を30.9km/h,後続列車なし,20.0,55.0,未発車,100.0,67.4,0.0,delay_recovery,1.0,遅延回復モードで制限速度帯内を惰行維持し、速度・信号・安全すべて遵守しているため最高評価。
56.0,Train11,巡航フェーズ（駅間走行中）,力行（加速）中,57.0,ブレーキ（減速）,30.0,70.0,70.0,67.44,67.4,1498.46,124.0,236.67971298008484,0.0,0.0,この先制限速度なし,489m先に上り勾配12.5‰あり,前方1348.5m先を30.9km/h,後続列車なし,20.0,55.0,未発車,100.0,67.4,0.0,delay_recovery,0.2,先行列車が遠く遅延回復モードで速度は制限速度−2km/h帯上限付近にあるのに不要な力行を続けているため大幅減点し、reward 0.2とした。
56.0,Train11,巡航フェーズ（駅間走行中）,ブレーキ（減速）中,1.0,力行（加速）,57.0,70.0,70.0,67.44,67.4,1498.46,124.0,236.67971298008484,0.0,0.0,この先制限速度なし,489m先に上り勾配12.5‰あり,前方1348.5m先を30.9km/h,後続列車なし,20.0,55.0,未発車,100.0,67.4,0.0,delay_recovery,0.2,遅延回復モードで速度帯内なのに不必要にブレーキをかけて遅延を拡大しているため大幅に減点。
168.0,Train11,次駅への減速フェーズ（駅手前400m以内）,惰行中,48.1,力行（加速）,21.0,70.0,38.04,36.05,70.0,98.29,12.0,61.35239686296926,0.0,9.2,この先制限速度なし,この先目立った勾配なし,前方118.2m先を17.6km/h,後続列車なし,40.0,0.0,発車済み,80.0,70.0,0.0,delay_recovery,0.9,遅延回復モードで制限速度・CBTCを遵守し、停止位置も確保。減速フェーズの惰行は適切でノコギリ運転や間隔問題もなく高評価とする。
168.0,Train11,次駅への減速フェーズ（駅手前400m以内）,力行（加速）中,0.1,惰行,48.1,70.0,38.04,36.05,70.0,98.29,12.0,61.35239686296926,0.0,9.2,この先制限速度なし,この先目立った勾配なし,前方118.2m先を17.6km/h,後続列車なし,40.0,0.0,発車済み,80.0,70.0,0.0,delay_recovery,0.2,次駅減速フェーズで加速ノッチを続けているため停止位置確保が危うく、フェーズ不適合が評価を大きく下げた。
168.0,Train11,次駅への減速フェーズ（駅手前400m以内）,ブレーキ（減速）中,0.1,惰行,48.1,70.0,38.04,36.05,70.0,98.29,12.0,61.35239686296926,0.0,9.2,この先制限速度なし,この先目立った勾配なし,前方118.2m先を17.6km/h,後続列車なし,40.0,0.0,発車済み,80.0,70.0,0.0,delay_recovery,0.1,遅延回復モードで必要速度70km/hに対し36km/hに減速し、早期ブレーキで遅延を拡大しているため評価を大幅に減点した。
159.0,Train11,次駅への減速フェーズ（駅手前400m以内）,惰行中,0.1,力行（加速）,2.1,70.0,27.92,26.89,26.9,85.01,21.0,34.26434104890271,0.0,9.2,この先制限速度なし,この先目立った勾配なし,前方86.9m先を5.9km/h,後続列車なし,20.0,0.0,発車済み,100.0,26.9,0.0,normal,0.3,直前の力行から0.1秒の惰行への切替が合理的理由なく行われ、保持時間が7秒未満でノコギリ運転と判定され、reward上限が0.3に制限された。
159.0,Train11,次駅への減速フェーズ（駅手前400m以内）,力行（加速）中,2.1,ブレーキ（減速）,5.0,70.0,27.92,26.89,26.9,85.01,21.0,34.26434104890271,0.0,9.2,この先制限速度なし,この先目立った勾配なし,前方86.9m先を5.9km/h,後続列車なし,20.0,0.0,発車済み,100.0,26.9,0.0,normal,0.1,次駅減速フェーズで加速し停止位置が遅れ、ブレーキ→力行のノコギリ運転が判定されたため低評価。
159.0,Train11,次駅への減速フェーズ（駅手前400m以内）,ブレーキ（減速）中,0.1,力行（加速）,2.1,70.0,27.92,26.89,26.9,85.01,21.0,34.26434104890271,0.0,9.2,この先制限速度なし,この先目立った勾配なし,前方86.9m先を5.9km/h,後続列車なし,20.0,0.0,発車済み,100.0,26.9,0.0,normal,0.1,先行列車が前方にあり速度差で接近する中、必要以上に早くブレーキを掛け、加速からの短時間切替でノコギリ運転となり、停止位置が大幅に早すぎるため評価を大幅減点し0.1とした。
154.2,Train11,次駅への減速フェーズ（駅手前400m以内）,惰行中,0.1,力行（加速）,3.3,70.0,29.56,50.39,50.4,91.33,25.8,119.02141061687662,0.0,9.2,この先制限速度なし,この先目立った勾配なし,前方91.3m先を0.0km/h,後続列車なし,40.0,15.0,未発車,80.0,17.4,23.2,anti_mid_stop,0.0,CBTC信号速度29.6km/hを大幅に上回る50.4km/hで走行し即時0.0評価となったため。
154.2,Train11,次駅への減速フェーズ（駅手前400m以内）,力行（加速）中,3.3,惰行,26.0,70.0,29.56,50.39,50.4,91.33,25.8,119.02141061687662,0.0,9.2,この先制限速度なし,この先目立った勾配なし,前方91.3m先を0.0km/h,後続列車なし,40.0,15.0,未発車,80.0,17.4,23.2,anti_mid_stop,0.0,CBTC信号を2km/h以上超過し安全違反となったため即座に0.0とする。
154.2,Train11,次駅への減速フェーズ（駅手前400m以内）,ブレーキ（減速）中,0.1,力行（加速）,3.3,70.0,29.56,50.39,50.4,91.33,25.8,119.02141061687662,0.0,9.2,この先制限速度なし,この先目立った勾配なし,前方91.3m先を0.0km/h,後続列車なし,40.0,15.0,未発車,80.0,17.4,23.2,anti_mid_stop,0.0,CBTC信号速度29.6km/hを大幅に上回る50.4km/hで走行しており、即reward0.0ルールに該当するため評価は0.0となる。
161.4,Train11,次駅への減速フェーズ（駅手前400m以内）,惰行中,0.1,ブレーキ（減速）,0.1,70.0,0.0,29.98,30.0,23.9,18.6,42.540255621033744,0.0,9.2,この先制限速度なし,この先目立った勾配なし,前方24.4m先を2.7km/h,後続列車なし,40.0,0.0,発車済み,80.0,30.0,0.0,normal,0.0,CBTC信号が0km/hなのに30km/hで走行し信号超過となるため即時0.0とし、停止位置も大幅に過走している。
161.4,Train11,次駅への減速フェーズ（駅手前400m以内）,力行（加速）中,0.1,惰行,0.1,70.0,0.0,29.98,30.0,23.9,18.6,42.540255621033744,0.0,9.2,この先制限速度なし,この先目立った勾配なし,前方24.4m先を2.7km/h,後続列車なし,40.0,0.0,発車済み,80.0,30.0,0.0,normal,0.0,CBTC信号0km/hを30km/hで超過し即0.0、減速フェーズでの加速と停車位置不可が致命的。
161.4,Train11,次駅への減速フェーズ（駅手前400m以内）,ブレーキ（減速）中,0.1,惰行,0.1,70.0,0.0,29.98,30.0,23.9,18.6,42.540255621033744,0.0,9.2,この先制限速度なし,この先目立った勾配なし,前方24.4m先を2.7km/h,後続列車なし,40.0,0.0,発車済み,80.0,30.0,0.0,normal,0.0,CBTC信号速度を2km/h以上超過し、delta_stopが-18.64mでオーバーランが確実なため即0.0とする。
159.7,Train11,次駅への減速フェーズ（駅手前400m以内）,惰行中,0.1,力行（加速）,2.8,70.0,26.38,27.85,27.9,79.69,20.3,36.74105328526406,0.0,9.2,この先制限速度なし,この先目立った勾配なし,前方83.0m先を7.7km/h,後続列車なし,20.0,0.0,発車済み,100.0,27.9,0.0,normal,0.2,短時間での力行→惰行切替に合理的根拠がなく、先行列車との間隔が標準間隔を大きく下回るため、評価は低くなり0.2とする。
159.7,Train11,次駅への減速フェーズ（駅手前400m以内）,力行（加速）中,2.8,ブレーキ（減速）,5.0,70.0,26.38,27.85,27.9,79.69,20.3,36.74105328526406,0.0,9.2,この先制限速度なし,この先目立った勾配なし,前方83.0m先を7.7km/h,後続列車なし,20.0,0.0,発車済み,100.0,27.9,0.0,normal,0.1,減速フェーズでの力行と短時間のノコギリ運転が安全・エネルギー効率を著しく損ね、先行列車との間隔も不適切なため低評価。
159.7,Train11,次駅への減速フェーズ（駅手前400m以内）,ブレーキ（減速）中,0.1,力行（加速）,2.8,70.0,26.38,27.85,27.9,79.69,20.3,36.74105328526406,0.0,9.2,この先制限速度なし,この先目立った勾配なし,前方83.0m先を7.7km/h,後続列車なし,20.0,0.0,発車済み,100.0,27.9,0.0,normal,0.1,減速フェーズで必要以上に早くブレーキを掛け、停止位置が大幅に手前になる上に、加速→減速の短時間切替でノコギリ運転と判定され、先行列車との間隔も危険なため評価は最低に近い。
172.8,Train11,次駅への減速フェーズ（駅手前400m以内）,惰行中,0.1,力行（加速）,0.1,70.0,25.75,26.51,70.0,41.84,7.2,33.30754336549235,0.0,9.2,この先制限速度なし,この先目立った勾配なし,前方81.4m先を23.3km/h,後続列車なし,40.0,0.0,発車済み,80.0,70.0,0.0,delay_recovery,0.0,直前の力行から0.1秒の惰行への短時間切替が合理的理由なく行われ、ノコギリ運転と判定され報酬上限が0.0となった。
172.8,Train11,次駅への減速フェーズ（駅手前400m以内）,力行（加速）中,0.1,ブレーキ（減速）,2.6,70.0,25.75,26.51,70.0,41.84,7.2,33.30754336549235,0.0,9.2,この先制限速度なし,この先目立った勾配なし,前方81.4m先を23.3km/h,後続列車なし,40.0,0.0,発車済み,80.0,70.0,0.0,normal,0.2,減速フェーズでの加速と、2.6秒未満のブレーキ→加速切替がノコギリ運転と判定され、上限0.3点に抑えられた。
172.8,Train11,次駅への減速フェーズ（駅手前400m以内）,ブレーキ（減速）中,0.1,力行（加速）,0.1,70.0,25.75,26.51,70.0,41.84,7.2,33.30754336549235,0.0,9.2,この先制限速度なし,この先目立った勾配なし,前方81.4m先を23.3km/h,後続列車なし,40.0,0.0,発車済み,80.0,70.0,0.0,delay_recovery,0.6,ブレーキ開始がやや早くdelta_stopが8.5mでやや減点、他は全て適正のためreward0.6。
76.0,Train11,巡航フェーズ（駅間走行中）,惰行中,15.0,力行（加速）,62.0,70.0,70.0,66.72,66.7,1117.86,104.0,231.77577156801837,0.0,0.0,この先制限速度なし,109m先に上り勾配12.5‰あり,前方1117.6m先を2.2km/h,後続列車なし,0.0,31.0,未発車,120.0,66.7,0.0,normal,1.0,巡航フェーズでrequired_speedと一致し、制限速度・CBTCを遵守した惰行でエネルギー効率も高く、全安全基準を満たすためrewardは1.0とした。
76.0,Train11,巡航フェーズ（駅間走行中）,力行（加速）中,1.0,惰行,15.0,70.0,70.0,66.72,66.7,1117.86,104.0,231.77577156801837,0.0,0.0,この先制限速度なし,109m先に上り勾配12.5‰あり,前方1117.6m先を2.2km/h,後続列車なし,0.0,31.0,未発車,120.0,66.7,0.0,normal,0.7,巡航フェーズでrequired_speedに達しているのに不要な力行を続けているため、エネルギー無駄と評価し減点。
76.0,Train11,巡航フェーズ（駅間走行中）,ブレーキ（減速）中,1.0,惰行,15.0,70.0,70.0,66.72,66.7,1117.86,104.0,231.77577156801837,0.0,0.0,この先制限速度なし,109m先に上り勾配12.5‰あり,前方1117.6m先を2.2km/h,後続列車なし,0.0,31.0,未発車,120.0,66.7,0.0,normal,0.2,巡航フェーズでrequired_speedと同等の速度なのにブレーキをかけており、遅延とエネルギー浪費を招くため低評価とした。
148.8,Train11,次駅への減速フェーズ（駅手前400m以内）,惰行中,0.1,ブレーキ（減速）,2.8,70.0,16.75,30.99,31.0,59.01,31.2,45.43622728871458,0.0,9.2,この先制限速度なし,この先目立った勾配なし,前方63.3m先を8.8km/h,後続列車なし,40.0,0.0,発車済み,80.0,31.0,0.0,normal,0.0,CBTC信号速度を2km/h以上超過しているため即時0点ルールが適用され、rewardは0.0となる。
148.8,Train11,次駅への減速フェーズ（駅手前400m以内）,力行（加速）中,0.1,ブレーキ（減速）,2.8,70.0,16.75,30.99,31.0,59.01,31.2,45.43622728871458,0.0,9.2,この先制限速度なし,この先目立った勾配なし,前方63.3m先を8.8km/h,後続列車なし,40.0,0.0,発車済み,80.0,31.0,0.0,normal,0.0,現在速度がCBTC信号速度16.8km/hを2km/h以上上回っており、即reward0.0ルールが適用されたため。
148.8,Train11,次駅への減速フェーズ（駅手前400m以内）,ブレーキ（減速）中,2.8,惰行,84.1,70.0,16.75,30.99,31.0,59.01,31.2,45.43622728871458,0.0,9.2,この先制限速度なし,この先目立った勾配なし,前方63.3m先を8.8km/h,後続列車なし,40.0,0.0,発車済み,80.0,31.0,0.0,normal,0.0,CBTC信号速度16.8km/hを2km/h超える31km/hで走行し、即時0点ルールに該当するためrewardは0.0となる。
64.0,Train11,巡航フェーズ（駅間走行中）,惰行中,4.0,力行（加速）,57.0,70.0,70.0,67.26,67.3,1418.31,116.0,235.44924473004482,0.0,0.0,この先制限速度なし,409m先に上り勾配12.5‰あり,前方1003.4m先を39.8km/h,後続列車なし,40.0,98.0,未発車,80.0,67.3,0.0,anti_mid_stop,0.8,先行列車が前方で塞いでいるため駅間停車防止モードと判定し、target_speed_no_stopと同等の速度で惰行している点は適切だが、先行列車との車間が標準間隔を下回っているため若干減点。
64.0,Train11,巡航フェーズ（駅間走行中）,力行（加速）中,1.0,惰行,4.0,70.0,70.0,67.26,67.3,1418.31,116.0,235.44924473004482,0.0,0.0,この先制限速度なし,409m先に上り勾配12.5‰あり,前方1003.4m先を39.8km/h,後続列車なし,40.0,98.0,未発車,80.0,67.3,0.0,delay_recovery,0.3,遅延回復モードで速度は制限帯内だが、加速と惰行の切替が7秒未満で合理的理由がなくノコギリ運転と判定され、上限0.3点に減点。
64.0,Train11,巡航フェーズ（駅間走行中）,ブレーキ（減速）中,1.0,惰行,4.0,70.0,70.0,67.26,67.3,1418.31,116.0,235.44924473004482,0.0,0.0,この先制限速度なし,409m先に上り勾配12.5‰あり,前方1003.4m先を39.8km/h,後続列車なし,40.0,98.0,未発車,80.0,67.3,0.0,delay_recovery,0.2,遅延回復モードで必要速度帯内にあるのにブレーキで速度を下げ、かつノコギリ運転と判定されたため低評価。
171.0,Train11,次駅への減速フェーズ（駅手前400m以内）,惰行中,26.1,力行（加速）,16.0,70.0,40.1,36.92,70.0,89.01,9.0,64.3243055054652,0.0,9.2,この先制限速度なし,この先目立った勾配なし,前方125.7m先を22.6km/h,後続列車なし,40.0,0.0,発車済み,80.0,70.0,0.0,delay_recovery,0.9,遅延回復モードで速度は制限・CBTC内、停止余裕あり、ノコギリ運転なしの安全減速であり高評価。
171.0,Train11,次駅への減速フェーズ（駅手前400m以内）,力行（加速）中,0.1,惰行,26.1,70.0,40.1,36.92,70.0,89.01,9.0,64.3243055054652,0.0,9.2,この先制限速度なし,この先目立った勾配なし,前方125.7m先を22.6km/h,後続列車なし,40.0,0.0,発車済み,80.0,70.0,0.0,delay_recovery,0.2,次駅減速フェーズで加速しており停止位置が遅れ、先行列車に接近しつつエネルギーも無駄になるため、評価を低くし0.2とした。
171.0,Train11,次駅への減速フェーズ（駅手前400m以内）,ブレーキ（減速）中,0.1,惰行,26.1,70.0,40.1,36.92,70.0,89.01,9.0,64.3243055054652,0.0,9.2,この先制限速度なし,この先目立った勾配なし,前方125.7m先を22.6km/h,後続列車なし,40.0,0.0,発車済み,80.0,70.0,0.0,delay_recovery,0.1,遅延回復モードで制限速度付近の維持が必要なのに、現在速度が36.9km/hと大幅に低くブレーキしているため大幅減点し、rewardは0.1とした。
169.8,Train11,次駅への減速フェーズ（駅手前400m以内）,惰行中,0.1,力行（加速）,4.3,70.0,18.02,13.89,20.2,35.89,10.2,9.182046302617403,0.0,9.2,この先制限速度なし,この先目立った勾配なし,前方65.4m先を20.7km/h,後続列車なし,40.0,0.0,発車済み,80.0,20.2,0.0,normal,0.2,次駅減速フェーズで低速惰行が続きブレーキ未実施、かつノコギリ運転と判定されたため減点し0.2とする。
169.8,Train11,次駅への減速フェーズ（駅手前400m以内）,力行（加速）中,4.3,惰行,6.8,70.0,18.02,13.89,20.2,35.89,10.2,9.182046302617403,0.0,9.2,この先制限速度なし,この先目立った勾配なし,前方65.4m先を20.7km/h,後続列車なし,40.0,0.0,発車済み,80.0,20.2,0.0,normal,0.9,先行列車が前方にあり信号速度を超えておらず、required_speed未達のため加速は必要で、CBTC・制限速度遵守、停止位置も確保できる。
169.8,Train11,次駅への減速フェーズ（駅手前400m以内）,ブレーキ（減速）中,0.1,力行（加速）,4.3,70.0,18.02,13.89,20.2,35.89,10.2,9.182046302617403,0.0,9.2,この先制限速度なし,この先目立った勾配なし,前方65.4m先を20.7km/h,後続列車なし,40.0,0.0,発車済み,80.0,20.2,0.0,normal,0.2,ブレーキが必要停止点より26.7m前に開始され、早すぎる減速で駅手前に停車し過ぎる恐れがあるため低評価。
149.0,Train11,次駅への減速フェーズ（駅手前400m以内）,惰行中,1.0,ブレーキ（減速）,1.0,70.0,41.34,45.72,45.7,112.25,31.0,98.2249345482679,0.0,9.2,この先制限速度なし,この先目立った勾配なし,前方130.4m先を16.9km/h,後続列車なし,20.0,0.0,発車済み,100.0,45.7,0.0,normal,0.0,CBTC信号速度41.3km/hを2km/h超える45.7km/hで走行しており、即時0点ルールが適用されるためrewardは0.0。
149.0,Train11,次駅への減速フェーズ（駅手前400m以内）,力行（加速）中,1.0,ブレーキ（減速）,1.0,70.0,41.34,45.72,45.7,112.25,31.0,98.2249345482679,0.0,9.2,この先制限速度なし,この先目立った勾配なし,前方130.4m先を16.9km/h,後続列車なし,20.0,0.0,発車済み,100.0,45.7,0.0,normal,0.0,CBTC信号現示41.3km/hを2km/h以上超えて走行しているため即0.0ルールが適用され、rewardは0.0となる。
149.0,Train11,次駅への減速フェーズ（駅手前400m以内）,ブレーキ（減速）中,1.0,惰行,37.0,70.0,41.34,45.72,45.7,112.25,31.0,98.2249345482679,0.0,9.2,この先制限速度なし,この先目立った勾配なし,前方130.4m先を16.9km/h,後続列車なし,20.0,0.0,発車済み,100.0,45.7,0.0,normal,0.0,現在速度45.7km/hがCBTC信号41.3km/hを2km/h以上上回っており、安全違反の即reward0.0ルールが適用される。
161.7,Train11,次駅への減速フェーズ（駅手前400m以内）,惰行中,0.1,ブレーキ（減速）,0.5,70.0,25.97,26.24,26.2,73.1,18.3,32.63584377147544,0.0,9.2,この先制限速度なし,この先目立った勾配なし,前方81.9m先を12.3km/h,後続列車なし,20.0,0.0,発車済み,100.0,26.2,0.0,normal,0.0,直前のブレーキから0.1秒の惰行への切替が7秒未満で合理的理由がなく、ノコギリ運転と判定されreward上限0.0となった。
161.7,Train11,次駅への減速フェーズ（駅手前400m以内）,力行（加速）中,0.1,ブレーキ（減速）,0.5,70.0,25.97,26.24,26.2,73.1,18.3,32.63584377147544,0.0,9.2,この先制限速度なし,この先目立った勾配なし,前方81.9m先を12.3km/h,後続列車なし,20.0,0.0,発車済み,100.0,26.2,0.0,normal,0.0,次駅減速フェーズで加速し続け、ブレーキ→力行の短時間切替に合理的理由がなくノコギリ運転と判定されreward上限0.0となる。
161.7,Train11,次駅への減速フェーズ（駅手前400m以内）,ブレーキ（減速）中,0.5,惰行,0.1,70.0,25.97,26.24,26.2,73.1,18.3,32.63584377147544,0.0,9.2,この先制限速度なし,この先目立った勾配なし,前方81.9m先を12.3km/h,後続列車なし,20.0,0.0,発車済み,100.0,26.2,0.0,normal,0.9,ブレーキがCBTC信号速度内で適切に行われ、delta_stopが正で停止位置も確保できるため高評価。
55.0,Train11,巡航フェーズ（駅間走行中）,惰行中,1.0,力行（加速）,56.0,70.0,70.0,66.97,67.0,1517.13,125.0,233.4731078059387,0.0,0.0,この先制限速度なし,この先目立った勾配なし,前方1505.3m先を15.8km/h,後続列車なし,0.0,36.0,未発車,120.0,67.0,0.0,delay_recovery,1.0,遅延回復モードで制限速度帯(62‑68km/h)内を惰行し、速度・CBTC・列間隔すべて遵守しているため高評価。
55.0,Train11,巡航フェーズ（駅間走行中）,力行（加速）中,56.0,ブレーキ（減速）,30.0,70.0,70.0,66.97,67.0,1517.13,125.0,233.4731078059387,0.0,0.0,この先制限速度なし,この先目立った勾配なし,前方1505.3m先を15.8km/h,後続列車なし,0.0,36.0,未発車,120.0,67.0,0.0,delay_recovery,0.9,遅延回復モードで速度が制限速度‑8〜‑2km/h帯内にあり、加速も許容範囲なので高評価。ただし必要速度はすでに満たしているため加速はやや過剰とし0.9とした。
55.0,Train11,巡航フェーズ（駅間走行中）,ブレーキ（減速）中,1.0,力行（加速）,56.0,70.0,70.0,66.97,67.0,1517.13,125.0,233.4731078059387,0.0,0.0,この先制限速度なし,この先目立った勾配なし,前方1505.3m先を15.8km/h,後続列車なし,0.0,36.0,未発車,120.0,67.0,0.0,delay_recovery,0.3,遅延回復モードで速度帯内にあるのに減速ブレーキを続けており、遅延拡大のリスクが高いため評価を低くした。
167.0,Train11,次駅への減速フェーズ（駅手前400m以内）,惰行中,22.0,力行（加速）,14.0,70.0,40.93,41.76,70.0,119.02,13.0,82.10858632150395,0.0,9.2,この先制限速度なし,この先目立った勾配なし,前方128.9m先を13.0km/h,後続列車なし,40.0,0.0,発車済み,80.0,70.0,0.0,delay_recovery,0.1,遅延回復モードで制限速度付近を維持すべきところ、現在速度が大幅に低く惰行しており遅延拡大のため低評価とした。
167.0,Train11,次駅への減速フェーズ（駅手前400m以内）,力行（加速）中,1.0,惰行,22.0,70.0,40.93,41.76,70.0,119.02,13.0,82.10858632150395,0.0,9.2,この先制限速度なし,この先目立った勾配なし,前方128.9m先を13.0km/h,後続列車なし,40.0,0.0,発車済み,80.0,70.0,0.0,delay_recovery,0.1,先行列車が遅く前方にあり速度が制限付近から大きく離れ、加速操作で停止位置が遅れ、遅延回復モードで必要速度未達のため低評価。
167.0,Train11,次駅への減速フェーズ（駅手前400m以内）,ブレーキ（減速）中,1.0,惰行,22.0,70.0,40.93,41.76,70.0,119.02,13.0,82.10858632150395,0.0,9.2,この先制限速度なし,この先目立った勾配なし,前方128.9m先を13.0km/h,後続列車なし,40.0,0.0,発車済み,80.0,70.0,0.0,delay_recovery,0.1,次駅減速フェーズでdelta_stopが30m超の早すぎるブレーキと、遅延回復モードで速度が制限付近に達せず遅延が拡大するため低評価。
69.0,Train11,巡航フェーズ（駅間走行中）,惰行中,3.0,力行（加速）,16.0,70.0,70.0,65.29,65.3,1294.21,111.0,222.17815871094032,0.0,0.0,この先制限速度なし,286m先に上り勾配12.5‰あり,前方1269.9m先を21.8km/h,後続列車なし,0.0,38.0,未発車,120.0,65.3,0.0,normal,1.0,制限速度・CBTC遵守、required_speedと同等の速度で惰行を継続し安全・省エネともに適切な巡航運転のため高評価。
69.0,Train11,巡航フェーズ（駅間走行中）,力行（加速）中,1.0,惰行,3.0,70.0,70.0,65.29,65.3,1294.21,111.0,222.17815871094032,0.0,0.0,この先制限速度なし,286m先に上り勾配12.5‰あり,前方1269.9m先を21.8km/h,後続列車なし,0.0,38.0,未発車,120.0,65.3,0.0,normal,0.0,先行列車が24m先に遅い速度で走行中で、接近距離が40m未満のため即時安全違反と判定し、rewardは0.0とする。
69.0,Train11,巡航フェーズ（駅間走行中）,ブレーキ（減速）中,1.0,惰行,3.0,70.0,70.0,65.29,65.3,1294.21,111.0,222.17815871094032,0.0,0.0,この先制限速度なし,286m先に上り勾配12.5‰あり,前方1269.9m先を21.8km/h,後続列車なし,0.0,38.0,未発車,120.0,65.3,0.0,normal,0.2,巡航フェーズでrequired_speedを満たすのに不要なブレーキを行い、持続時間1秒のノコギリ運転となったため評価を大幅に減点し、rewardは0.2とした。
51.0,Train11,巡航フェーズ（駅間走行中）,惰行中,1.0,力行（加速）,52.0,70.0,70.0,65.04,65.0,1590.48,129.0,220.5197344799229,0.0,0.0,この先制限速度なし,この先目立った勾配なし,前方1250.5m先を37.2km/h,後続列車なし,20.0,76.0,未発車,100.0,65.0,0.0,normal,0.9,巡航フェーズで現在速度がrequired_speedと一致し、制限速度・CBTC信号を遵守、適切に惰行しておりノコギリ運転や間隔違反はなし。
51.0,Train11,巡航フェーズ（駅間走行中）,力行（加速）中,52.0,ブレーキ（減速）,30.0,70.0,70.0,65.04,65.0,1590.48,129.0,220.5197344799229,0.0,0.0,この先制限速度なし,この先目立った勾配なし,前方1250.5m先を37.2km/h,後続列車なし,20.0,76.0,未発車,100.0,65.0,0.0,normal,0.6,巡航フェーズでrequired_speedに達しているのに加速を続けているため、不要な力行とエネルギー浪費が見られ評価を減点した。
51.0,Train11,巡航フェーズ（駅間走行中）,ブレーキ（減速）中,1.0,力行（加速）,52.0,70.0,70.0,65.04,65.0,1590.48,129.0,220.5197344799229,0.0,0.0,この先制限速度なし,この先目立った勾配なし,前方1250.5m先を37.2km/h,後続列車なし,20.0,76.0,未発車,100.0,65.0,0.0,normal,0.2,巡航フェーズで不要なブレーキをかけ速度を下げ、先行列車との間隔が縮まり遅延リスクが生じたため減点。
150.0,Train11,次駅への減速フェーズ（駅手前400m以内）,惰行中,49.1,力行（加速）,13.0,70.0,40.58,40.39,40.4,96.89,30.0,76.86013423278105,0.0,9.2,この先制限速度なし,この先目立った勾配なし,前方127.5m先を21.1km/h,後続列車なし,20.0,0.0,発車済み,100.0,40.4,0.0,normal,0.9,CBTC信号内で速度が要求速度と一致し、停止位置に余裕があるため加減速の不必要な切替がなく安全かつ省エネな惰行と判断した。
150.0,Train11,次駅への減速フェーズ（駅手前400m以内）,力行（加速）中,0.1,惰行,49.1,70.0,40.58,40.39,40.4,96.89,30.0,76.86013423278105,0.0,9.2,この先制限速度なし,この先目立った勾配なし,前方127.5m先を21.1km/h,後続列車なし,20.0,0.0,発車済み,100.0,40.4,0.0,normal,0.5,次駅減速フェーズで必要速度に達しているのに加速操作を続けており、停止位置確保とエネルギー効率が低下しているため減点した。
150.0,Train11,次駅への減速フェーズ（駅手前400m以内）,ブレーキ（減速）中,0.1,惰行,49.1,70.0,40.58,40.39,40.4,96.89,30.0,76.86013423278105,0.0,9.2,この先制限速度なし,この先目立った勾配なし,前方127.5m先を21.1km/h,後続列車なし,20.0,0.0,発車済み,100.0,40.4,0.0,normal,0.5,delta_stopが20.03mでブレーキ開始が早すぎ、必要停止位置より早く減速しているため減点し、rewardを0.5とした。
166.2,Train11,次駅への減速フェーズ（駅手前400m以内）,惰行中,0.1,ブレーキ（減速）,0.1,70.0,29.33,30.71,31.9,78.69,13.8,44.62398319124656,0.0,9.2,この先制限速度なし,この先目立った勾配なし,前方90.7m先を14.1km/h,後続列車なし,40.0,0.0,発車済み,80.0,31.9,0.0,normal,0.0,直前のブレーキ0.1秒から惰行0.1秒への切替が合理的理由なく、保持時間が2秒未満のノコギリ運転と判定され上限rewardが0.0となった。
166.2,Train11,次駅への減速フェーズ（駅手前400m以内）,力行（加速）中,0.1,ブレーキ（減速）,0.1,70.0,29.33,30.71,31.9,78.69,13.8,44.62398319124656,0.0,9.2,この先制限速度なし,この先目立った勾配なし,前方90.7m先を14.1km/h,後続列車なし,40.0,0.0,発車済み,80.0,31.9,0.0,normal,0.0,次駅減速フェーズで加速操作は不適切であり、ブレーキ→加速の短時間切替に合理的理由がないためノコギリ運転と判定され、reward上限は0.0となる。
166.2,Train11,次駅への減速フェーズ（駅手前400m以内）,ブレーキ（減速）中,0.1,力行（加速）,0.1,70.0,29.33,30.71,31.9,78.69,13.8,44.62398319124656,0.0,9.2,この先制限速度なし,この先目立った勾配なし,前方90.7m先を14.1km/h,後続列車なし,40.0,0.0,発車済み,80.0,31.9,0.0,normal,0.0,加速からブレーキへの切替が0.1秒で合理的理由なく早すぎるブレーキとなりノコギリ運転と判定され、reward上限が0.0となった。
166.4,Train11,次駅への減速フェーズ（駅手前400m以内）,惰行中,0.1,力行（加速）,0.1,70.0,23.38,22.24,70.0,68.04,13.6,23.478062963215034,0.0,9.2,この先制限速度なし,この先目立った勾配なし,前方75.9m先を11.6km/h,後続列車なし,40.0,0.0,発車済み,80.0,70.0,0.0,delay_recovery,0.0,力行から惰行への短時間切替に合理的根拠がなくノコギリ運転と判定され、reward上限が0.0となった。
166.4,Train11,次駅への減速フェーズ（駅手前400m以内）,力行（加速）中,0.1,ブレーキ（減速）,0.3,70.0,23.38,22.24,70.0,68.04,13.6,23.478062963215034,0.0,9.2,この先制限速度なし,この先目立った勾配なし,前方75.9m先を11.6km/h,後続列車なし,40.0,0.0,発車済み,80.0,70.0,0.0,delay_recovery,0.0,ブレーキから加速への短時間切替が合理的理由なく行われ、ノコギリ運転と判定され上限0.0となった。
166.4,Train11,次駅への減速フェーズ（駅手前400m以内）,ブレーキ（減速）中,0.1,力行（加速）,0.1,70.0,23.38,22.24,70.0,68.04,13.6,23.478062963215034,0.0,9.2,この先制限速度なし,この先目立った勾配なし,前方75.9m先を11.6km/h,後続列車なし,40.0,0.0,発車済み,80.0,70.0,0.0,delay_recovery,0.0,短時間での加速→減速切替が合理的根拠なく行われ、ノコギリ運転と判定され上限0.0点となった。
178.5,Train11,次駅への減速フェーズ（駅手前400m以内）,惰行中,0.1,力行（加速）,1.6,70.0,23.91,6.22,70.0,75.87,1.5,1.8448814728574754,0.0,9.2,この先制限速度なし,この先目立った勾配なし,前方77.1m先を4.6km/h,後続列車なし,40.0,0.0,発車済み,80.0,70.0,0.0,normal,0.0,直前の力行から0.1秒の惰行への短時間切替が合理的根拠なくノコギリ運転と判定され、reward上限が0.0となった。
178.5,Train11,次駅への減速フェーズ（駅手前400m以内）,力行（加速）中,1.6,ブレーキ（減速）,0.3,70.0,23.91,6.22,70.0,75.87,1.5,1.8448814728574754,0.0,9.2,この先制限速度なし,この先目立った勾配なし,前方77.1m先を4.6km/h,後続列車なし,40.0,0.0,発車済み,80.0,70.0,0.0,delay_recovery,0.0,直前ブレーキからの短時間力行は合理的根拠がなく、ノコギリ運転と判定され上限rewardが0.0となる。
178.5,Train11,次駅への減速フェーズ（駅手前400m以内）,ブレーキ（減速）中,0.1,力行（加速）,1.6,70.0,23.91,6.22,70.0,75.87,1.5,1.8448814728574754,0.0,9.2,この先制限速度なし,この先目立った勾配なし,前方77.1m先を4.6km/h,後続列車なし,40.0,0.0,発車済み,80.0,70.0,0.0,delay_recovery,0.0,ブレーキが早すぎ、不要な減速とノコギリ運転が判定され、prev_notch_durationが1.6秒で上限0.0となったため。
176.9,Train11,次駅への減速フェーズ（駅手前400m以内）,惰行中,0.1,ブレーキ（減速）,2.6,70.0,20.14,6.9,70.0,69.23,3.1,2.2699585440549823,0.0,9.2,この先制限速度なし,この先目立った勾配なし,前方69.2m先を0.5km/h,後続列車なし,40.0,15.0,未発車,80.0,14.7,29.9,anti_mid_stop,0.2,先行列車が塞ぎ駅間停車防止モードでtarget_speed_no_stop以下の惰行は許容だが、次駅減速フェーズでブレーキせず停車位置が遠く、ノコギリ運転が発生し上限0.3に抑えられるため0.2とした。
176.9,Train11,次駅への減速フェーズ（駅手前400m以内）,力行（加速）中,0.1,ブレーキ（減速）,2.6,70.0,20.14,6.9,70.0,69.23,3.1,2.2699585440549823,0.0,9.2,この先制限速度なし,この先目立った勾配なし,前方69.2m先を0.5km/h,後続列車なし,40.0,15.0,未発車,80.0,14.7,29.9,anti_mid_stop,0.2,先行列車が塞ぎ駅間停車防止モードで、target_speed_no_stopを超える加速とブレーキ直後の短時間力行は不適切で、ノコギリ運転と判定されるため低評価。
176.9,Train11,次駅への減速フェーズ（駅手前400m以内）,ブレーキ（減速）中,2.6,惰行,3.2,70.0,20.14,6.9,70.0,69.23,3.1,2.2699585440549823,0.0,9.2,この先制限速度なし,この先目立った勾配なし,前方69.2m先を0.5km/h,後続列車なし,40.0,15.0,未発車,80.0,14.7,29.9,anti_mid_stop,0.2,delta_stopが66.96mと大きく早すぎるブレーキで停止位置が遠すぎるため、評価が低く0.2とした。
168.9,Train11,次駅への減速フェーズ（駅手前400m以内）,惰行中,0.1,ブレーキ（減速）,0.3,70.0,24.68,21.76,21.8,31.94,11.1,22.479267000834074,0.0,9.2,この先制限速度なし,この先目立った勾配なし,前方78.9m先を24.9km/h,後続列車なし,20.0,0.0,発車済み,100.0,21.8,0.0,normal,0.0,次駅減速フェーズでブレーキすべきところを惰行に切り替え、0.1秒の短時間保持でノコギリ運転と判定され即0点とする。
168.9,Train11,次駅への減速フェーズ（駅手前400m以内）,力行（加速）中,0.1,ブレーキ（減速）,0.3,70.0,24.68,21.76,21.8,31.94,11.1,22.479267000834074,0.0,9.2,この先制限速度なし,この先目立った勾配なし,前方78.9m先を24.9km/h,後続列車なし,20.0,0.0,発車済み,100.0,21.8,0.0,normal,0.0,次駅減速フェーズで加速に切り替え、保持時間が7秒未満のノコギリ運転と判断され、上限0.0点のためrewardは0.0。
168.9,Train11,次駅への減速フェーズ（駅手前400m以内）,ブレーキ（減速）中,0.3,惰行,0.1,70.0,24.68,21.76,21.8,31.94,11.1,22.479267000834074,0.0,9.2,この先制限速度なし,この先目立った勾配なし,前方78.9m先を24.9km/h,後続列車なし,20.0,0.0,発車済み,100.0,21.8,0.0,normal,0.6,次駅減速フェーズでブレーキ開始が必要距離より約9.5m早く、delta_stopが5〜15mでやや減点となりrewardを0.6とした。
168.0,Train11,次駅への減速フェーズ（駅手前400m以内）,惰行中,0.1,力行（加速）,6.0,70.0,32.47,14.43,70.0,79.94,12.0,9.908330867804775,0.0,9.2,この先制限速度なし,この先目立った勾配なし,前方99.8m先を17.6km/h,後続列車なし,40.0,0.0,発車済み,80.0,70.0,0.0,delay_recovery,0.5,次駅減速フェーズでブレーキせず惰行に切替え、保持時間が7秒未満の逆転がノコギリ運転と判定されたため、上限0.5に抑えて0.5とした。
168.0,Train11,次駅への減速フェーズ（駅手前400m以内）,力行（加速）中,6.0,ブレーキ（減速）,13.1,70.0,32.47,14.43,70.0,79.94,12.0,9.908330867804775,0.0,9.2,この先制限速度なし,この先目立った勾配なし,前方99.8m先を17.6km/h,後続列車なし,40.0,0.0,発車済み,80.0,70.0,0.0,delay_recovery,0.1,減速フェーズで力行を続けており、停止位置達成が危険なため評価を大幅に下げた。
168.0,Train11,次駅への減速フェーズ（駅手前400m以内）,ブレーキ（減速）中,0.1,力行（加速）,6.0,70.0,32.47,14.43,70.0,79.94,12.0,9.908330867804775,0.0,9.2,この先制限速度なし,この先目立った勾配なし,前方99.8m先を17.6km/h,後続列車なし,40.0,0.0,発車済み,80.0,70.0,0.0,delay_recovery,0.1,遅延回復モードで制限速度付近を維持すべきところ、現在速度が14.4km/hと大幅に低く早期ブレーキし停止位置も過剰に早く、遅延が顕著に拡大しているため低評価。
157.1,Train11,次駅への減速フェーズ（駅手前400m以内）,惰行中,0.1,ブレーキ（減速）,14.2,70.0,26.08,7.09,18.0,82.13,22.9,2.3965856893747124,0.0,9.2,この先制限速度なし,この先目立った勾配なし,前方82.2m先を0.9km/h,後続列車なし,20.0,0.0,発車済み,100.0,18.0,0.0,normal,0.2,次駅減速フェーズでrequired_speed18km/hに対し7.1km/hの低速惰行を続け、ブレーキ未実施で停止位置が遠く遅延が拡大しているため低評価。
157.1,Train11,次駅への減速フェーズ（駅手前400m以内）,力行（加速）中,0.1,ブレーキ（減速）,14.2,70.0,26.08,7.09,18.0,82.13,22.9,2.3965856893747124,0.0,9.2,この先制限速度なし,この先目立った勾配なし,前方82.2m先を0.9km/h,後続列車なし,20.0,0.0,発車済み,100.0,18.0,0.0,normal,0.1,次駅減速フェーズで加速しており、停止位置達成が不可能であり、先行列車との間隔も縮小しているため大幅減点。
157.1,Train11,次駅への減速フェーズ（駅手前400m以内）,ブレーキ（減速）中,14.2,惰行,31.0,70.0,26.08,7.09,18.0,82.13,22.9,2.3965856893747124,0.0,9.2,この先制限速度なし,この先目立った勾配なし,前方82.2m先を0.9km/h,後続列車なし,20.0,0.0,発車済み,100.0,18.0,0.0,normal,0.2,delta_stopが79.73mと大きく、required_speed 18km/hに対し現在速度7.1km/hで早すぎるブレーキにより遅延とエネルギー浪費が顕著なため低評価。
172.8,Train11,次駅への減速フェーズ（駅手前400m以内）,惰行中,0.1,力行（加速）,0.1,70.0,28.84,8.66,70.0,89.36,7.2,3.5741496439958556,0.0,9.2,この先制限速度なし,この先目立った勾配なし,前方89.4m先を0.0km/h,後続列車なし,40.0,15.0,未発車,80.0,17.2,25.8,anti_mid_stop,0.0,直前の加速から0.1秒で惰行へ切り替えた短時間のノコギリ運転で、prev_notch_durationが2秒未満のためreward上限が0.0となった。
172.8,Train11,次駅への減速フェーズ（駅手前400m以内）,力行（加速）中,0.1,ブレーキ（減速）,0.3,70.0,28.84,8.66,70.0,89.36,7.2,3.5741496439958556,0.0,9.2,この先制限速度なし,この先目立った勾配なし,前方89.4m先を0.0km/h,後続列車なし,40.0,15.0,未発車,80.0,17.2,25.8,anti_mid_stop,0.8,先行列車が塞いでいる駅間停車防止モードで、target_speed_no_stop未満の加速は適切だが、減速フェーズでの加速は停止位置リスクを示す。
172.8,Train11,次駅への減速フェーズ（駅手前400m以内）,ブレーキ（減速）中,0.1,力行（加速）,0.1,70.0,28.84,8.66,70.0,89.36,7.2,3.5741496439958556,0.0,9.2,この先制限速度なし,この先目立った勾配なし,前方89.4m先を0.0km/h,後続列車なし,40.0,15.0,未発車,80.0,17.2,25.8,anti_mid_stop,0.0,直前の力行から0.1秒でブレーキへ切替え、合理的根拠がなくノコギリ運転と判定され上限0.0点となった。
180.0,Train11,次駅への減速フェーズ（駅手前400m以内）,惰行中,0.1,力行（加速）,3.0,70.0,14.31,16.71,70.0,55.86,0.0,13.27782513164178,0.1,9.2,この先制限速度なし,この先目立った勾配なし,前方59.7m先を8.4km/h,後続列車なし,40.0,0.0,発車済み,80.0,70.0,0.0,delay_recovery,0.0,CBTC信号速度14.3km/hを2km/h超える16.7km/hで走行し、即時0.0ルールに該当するため評価は0.0とした。
180.0,Train11,次駅への減速フェーズ（駅手前400m以内）,力行（加速）中,3.0,惰行,0.2,70.0,14.31,16.71,70.0,55.86,0.0,13.27782513164178,0.1,9.2,この先制限速度なし,この先目立った勾配なし,前方59.7m先を8.4km/h,後続列車なし,40.0,0.0,発車済み,80.0,70.0,0.0,delay_recovery,0.0,CBTC信号14.3km/hを超えて16.7km/hで走行し、signal_speed+2km/hを超過しているため即時0点とした。
180.0,Train11,次駅への減速フェーズ（駅手前400m以内）,ブレーキ（減速）中,0.1,力行（加速）,3.0,70.0,14.31,16.71,70.0,55.86,0.0,13.27782513164178,0.1,9.2,この先制限速度なし,この先目立った勾配なし,前方59.7m先を8.4km/h,後続列車なし,40.0,0.0,発車済み,80.0,70.0,0.0,delay_recovery,0.0,CBTC信号速度14.3km/hを2km/h超えて走行し、即時0.0ルールに該当するため評価は0.0となる。
169.9,Train11,次駅への減速フェーズ（駅手前400m以内）,惰行中,0.1,力行（加速）,8.4,70.0,24.96,20.97,70.0,49.42,10.1,20.88226425136893,0.0,9.2,この先制限速度なし,この先目立った勾配なし,前方79.5m先を20.9km/h,後続列車なし,40.0,0.0,発車済み,80.0,70.0,0.0,delay_recovery,0.1,遅延回復モードで速度が制限速度付近から大きく外れ、加速せず惰行しているため遅延リスクが高く評価を大幅に減点。
169.9,Train11,次駅への減速フェーズ（駅手前400m以内）,力行（加速）中,8.4,ブレーキ（減速）,12.6,70.0,24.96,20.97,70.0,49.42,10.1,20.88226425136893,0.0,9.2,この先制限速度なし,この先目立った勾配なし,前方79.5m先を20.9km/h,後続列車なし,40.0,0.0,発車済み,80.0,70.0,0.0,normal,0.2,次駅減速フェーズで加速しており、ブレーキ未実施のため停止位置が確保できず遅延が拡大する点が主因。
169.9,Train11,次駅への減速フェーズ（駅手前400m以内）,ブレーキ（減速）中,0.1,力行（加速）,8.4,70.0,24.96,20.97,70.0,49.42,10.1,20.88226425136893,0.0,9.2,この先制限速度なし,この先目立った勾配なし,前方79.5m先を20.9km/h,後続列車なし,40.0,0.0,発車済み,80.0,70.0,0.0,delay_recovery,0.2,遅延回復モードで必要速度付近を保つべきところを不必要に減速し、速度が大幅に低下したため評価が大きく減点された。
158.9,Train11,次駅への減速フェーズ（駅手前400m以内）,惰行中,0.1,ブレーキ（減速）,16.0,70.0,25.85,1.84,20.7,79.9,21.1,0.16159411350391797,0.0,9.2,この先制限速度なし,この先目立った勾配なし,前方81.6m先を5.7km/h,後続列車なし,20.0,0.0,発車済み,100.0,20.7,0.0,normal,0.2,次駅減速フェーズで必要なブレーキを行わず低速惰行しているため遅延が拡大し、停止位置達成が危うく評価を低くする。
158.9,Train11,次駅への減速フェーズ（駅手前400m以内）,力行（加速）中,0.1,ブレーキ（減速）,16.0,70.0,25.85,1.84,20.7,79.9,21.1,0.16159411350391797,0.0,9.2,この先制限速度なし,この先目立った勾配なし,前方81.6m先を5.7km/h,後続列車なし,20.0,0.0,発車済み,100.0,20.7,0.0,normal,0.1,次駅減速フェーズで加速しており、停止位置が確保できないため安全性と停止位置達成可能性で大幅減点。
158.9,Train11,次駅への減速フェーズ（駅手前400m以内）,ブレーキ（減速）中,16.0,惰行,31.0,70.0,25.85,1.84,20.7,79.9,21.1,0.16159411350391797,0.0,9.2,この先制限速度なし,この先目立った勾配なし,前方81.6m先を5.7km/h,後続列車なし,20.0,0.0,発車済み,100.0,20.7,0.0,normal,0.2,次駅減速フェーズで速度1.8km/hのままブレーキを続け、delta_stop≈80mと大きく、required_speed20.7km/hに達せず停止位置と定時性が著しく損なわれるため低評価。
159.9,Train11,次駅への減速フェーズ（駅手前400m以内）,惰行中,0.1,力行（加速）,0.1,70.0,30.4,7.08,70.0,90.02,20.1,2.389835582632258,0.0,9.2,この先制限速度なし,この先目立った勾配なし,前方93.7m先を8.2km/h,後続列車なし,20.0,0.0,発車済み,100.0,70.0,0.0,delay_recovery,0.0,0.1秒の力行→惰行切替が合理的理由なく頻繁に行われ、ノコギリ運転と判定され上限rewardが0.0となった。
159.9,Train11,次駅への減速フェーズ（駅手前400m以内）,力行（加速）中,0.1,ブレーキ（減速）,11.9,70.0,30.4,7.08,70.0,90.02,20.1,2.389835582632258,0.0,9.2,この先制限速度なし,この先目立った勾配なし,前方93.7m先を8.2km/h,後続列車なし,20.0,0.0,発車済み,100.0,70.0,0.0,delay_recovery,0.2,次駅減速フェーズで加速は停止位置達成に逆行し、遅延回復モードの速度帯からも外れるため減点し、reward 0.2とした。
159.9,Train11,次駅への減速フェーズ（駅手前400m以内）,ブレーキ（減速）中,0.1,力行（加速）,0.1,70.0,30.4,7.08,70.0,90.02,20.1,2.389835582632258,0.0,9.2,この先制限速度なし,この先目立った勾配なし,前方93.7m先を8.2km/h,後続列車なし,20.0,0.0,発車済み,100.0,70.0,0.0,delay_recovery,0.1,次駅減速フェーズで必要以上にブレーキし速度が極端に低く、停止位置が大幅に早すぎるため評価を大幅減点し0.1とした。
190.8,Train11,次駅への減速フェーズ（駅手前400m以内）,惰行中,0.1,ブレーキ（減速）,2.8,70.0,28.15,15.77,70.0,26.71,0.0,11.829341479642574,10.9,9.2,この先制限速度なし,この先目立った勾配なし,前方87.5m先を27.5km/h,後続列車なし,40.0,0.0,発車済み,80.0,70.0,0.0,delay_recovery,0.2,減速フェーズで低速惰行かつブレーキ未実施、短時間のブレーキ→惰行がノコギリ運転と判定され低評価となり0.2とした。
190.8,Train11,次駅への減速フェーズ（駅手前400m以内）,力行（加速）中,0.1,ブレーキ（減速）,2.8,70.0,28.15,15.77,70.0,26.71,0.0,11.829341479642574,10.9,9.2,この先制限速度なし,この先目立った勾配なし,前方87.5m先を27.5km/h,後続列車なし,40.0,0.0,発車済み,80.0,70.0,0.0,delay_recovery,0.2,遅延回復モードで制限速度付近を維持すべきところ、速度が極端に低く加速しておりノコギリ運転と判定され上限0.3に抑えられる。
190.8,Train11,次駅への減速フェーズ（駅手前400m以内）,ブレーキ（減速）中,2.8,力行（加速）,11.0,70.0,28.15,15.77,70.0,26.71,0.0,11.829341479642574,10.9,9.2,この先制限速度なし,この先目立った勾配なし,前方87.5m先を27.5km/h,後続列車なし,40.0,0.0,発車済み,80.0,70.0,0.0,delay_recovery,0.6,遅延回復モードで制限速度・CBTCは遵守しているが、次駅減速でdelta_stopが14.9mとやや早くブレーキ開始し、停止位置精度がやや低く評価されたため。
166.3,Train11,次駅への減速フェーズ（駅手前400m以内）,惰行中,0.1,ブレーキ（減速）,8.4,70.0,20.29,19.43,27.4,69.52,13.7,17.936903497473832,0.0,9.2,この先制限速度なし,この先目立った勾配なし,前方69.5m先を0.0km/h,後続列車なし,40.0,15.0,未発車,80.0,14.7,19.3,anti_mid_stop,0.9,先行列車が停車中で機外停車防止モード。現在速度はtarget_speed_no_stop＋5km/h以内で惰行し、CBTC・制限速度遵守、停止位置も確保できるため高評価。
166.3,Train11,次駅への減速フェーズ（駅手前400m以内）,力行（加速）中,0.1,ブレーキ（減速）,8.4,70.0,20.29,19.43,27.4,69.52,13.7,17.936903497473832,0.0,9.2,この先制限速度なし,この先目立った勾配なし,前方69.5m先を0.0km/h,後続列車なし,40.0,15.0,未発車,80.0,14.7,19.3,anti_mid_stop,0.9,先行列車が停車中で駅間停車防止モード、速度はtarget_speed_no_stop＋5km/h以内で加速は許容範囲。
166.3,Train11,次駅への減速フェーズ（駅手前400m以内）,ブレーキ（減速）中,8.4,惰行,25.0,70.0,20.29,19.43,27.4,69.52,13.7,17.936903497473832,0.0,9.2,この先制限速度なし,この先目立った勾配なし,前方69.5m先を0.0km/h,後続列車なし,40.0,15.0,未発車,80.0,14.7,19.3,anti_mid_stop,0.8,先行列車が塞いで駅間停車防止モード。現在速度がtarget_speed_no_stopを僅かに上回りブレーキで減速しているため、CBTC・制限速度遵守・停止位置確保ともに適切。
172.1,Train11,次駅への減速フェーズ（駅手前400m以内）,惰行中,0.1,ブレーキ（減速）,0.1,70.0,4.97,4.99,70.0,51.17,7.9,1.1877032062751165,0.0,9.2,この先制限速度なし,この先目立った勾配なし,前方51.2m先を0.0km/h,後続列車なし,40.0,15.0,未発車,80.0,12.4,25.1,anti_mid_stop,0.0,短時間のブレーキから惰行への切替が合理的理由なく、ノコギリ運転と判定され上限0.0点となる。
172.1,Train11,次駅への減速フェーズ（駅手前400m以内）,力行（加速）中,0.1,惰行,0.1,70.0,4.97,4.99,70.0,51.17,7.9,1.1877032062751165,0.0,9.2,この先制限速度なし,この先目立った勾配なし,前方51.2m先を0.0km/h,後続列車なし,40.0,15.0,未発車,80.0,12.4,25.1,anti_mid_stop,0.0,短時間で惰行→力行への不合理な切替がノコギリ運転と判定され、reward上限が0.0となった。
172.1,Train11,次駅への減速フェーズ（駅手前400m以内）,ブレーキ（減速）中,0.1,惰行,0.1,70.0,4.97,4.99,70.0,51.17,7.9,1.1877032062751165,0.0,9.2,この先制限速度なし,この先目立った勾配なし,前方51.2m先を0.0km/h,後続列車なし,40.0,15.0,未発車,80.0,12.4,25.1,anti_mid_stop,0.5,先行列車が停車中で駅間停車防止モード。現在速度がtarget_speed_no_stop(12.4km/h)を下回り、早期ブレーキで過度に減速しているため評価を下げた。
160.7,Train11,次駅への減速フェーズ（駅手前400m以内）,惰行中,0.1,ブレーキ（減速）,8.8,70.0,23.93,15.41,17.9,71.4,19.3,11.29662912893049,0.0,9.2,この先制限速度なし,この先目立った勾配なし,前方77.1m先を10.0km/h,後続列車なし,20.0,0.0,発車済み,100.0,17.9,0.0,normal,0.2,次駅減速フェーズでブレーキせず低速惰行を続け、必要速度を下回り遅延を増大させるため評価を低くし、rewardを0.2とした。
160.7,Train11,次駅への減速フェーズ（駅手前400m以内）,力行（加速）中,0.1,ブレーキ（減速）,8.8,70.0,23.93,15.41,17.9,71.4,19.3,11.29662912893049,0.0,9.2,この先制限速度なし,この先目立った勾配なし,前方77.1m先を10.0km/h,後続列車なし,20.0,0.0,発車済み,100.0,17.9,0.0,normal,0.9,required_speed未達で加速が必要だが、signal_speed以下で安全かつ停車位置も確保できるため高評価。
160.7,Train11,次駅への減速フェーズ（駅手前400m以内）,ブレーキ（減速）中,8.8,惰行,43.0,70.0,23.93,15.41,17.9,71.4,19.3,11.29662912893049,0.0,9.2,この先制限速度なし,この先目立った勾配なし,前方77.1m先を10.0km/h,後続列車なし,20.0,0.0,発車済み,100.0,17.9,0.0,normal,0.2,次駅まで約60m余りあるのにブレーキを開始し、停止位置が大幅に早すぎるため評価を低くした。
173.7,Train11,次駅への減速フェーズ（駅手前400m以内）,惰行中,0.1,ブレーキ（減速）,9.1,70.0,29.73,4.71,5.4,7.39,6.3,1.0582178673231848,0.0,9.2,この先制限速度なし,この先目立った勾配なし,前方91.8m先を31.0km/h,後続列車なし,20.0,0.0,発車済み,100.0,5.4,0.0,normal,0.2,次駅減速フェーズで低速惰行を続け、delta_stopが6.3mと手前で止まるため停車位置と定時性が大幅に損なわれ、評価が低くなる。
173.7,Train11,次駅への減速フェーズ（駅手前400m以内）,力行（加速）中,0.1,惰行,0.1,70.0,29.73,4.71,5.4,7.39,6.3,1.0582178673231848,0.0,9.2,この先制限速度なし,この先目立った勾配なし,前方91.8m先を31.0km/h,後続列車なし,20.0,0.0,発車済み,100.0,5.4,0.0,normal,0.0,次駅減速フェーズで不適切に加速し、0.1秒の短時間切替がノコギリ運転と判定され、停止位置遅延が大きくなるためrewardは0.0とする。
173.7,Train11,次駅への減速フェーズ（駅手前400m以内）,ブレーキ（減速）中,0.1,惰行,0.1,70.0,29.73,4.71,5.4,7.39,6.3,1.0582178673231848,0.0,9.2,この先制限速度なし,この先目立った勾配なし,前方91.8m先を31.0km/h,後続列車なし,20.0,0.0,発車済み,100.0,5.4,0.0,normal,0.0,持続時間0.1秒の惰行→ブレーキへの不合理な切替がノコギリ運転と判定され、上限0.0点となった。
156.1,Train11,次駅への減速フェーズ（駅手前400m以内）,惰行中,0.1,ブレーキ（減速）,7.4,70.0,29.01,15.85,15.8,15.86,23.9,11.94937925030305,0.0,9.2,この先制限速度なし,この先目立った勾配なし,前方89.8m先を29.6km/h,後続列車なし,20.0,0.0,発車済み,100.0,15.8,0.0,normal,0.2,次駅減速フェーズで現在速度15.8km/hの惰行が続き、ブレーキせずに低速で進むため「ちんたら運転」とみなされ大幅減点対象となった。
156.1,Train11,次駅への減速フェーズ（駅手前400m以内）,力行（加速）中,0.1,ブレーキ（減速）,7.4,70.0,29.01,15.85,15.8,15.86,23.9,11.94937925030305,0.0,9.2,この先制限速度なし,この先目立った勾配なし,前方89.8m先を29.6km/h,後続列車なし,20.0,0.0,発車済み,100.0,15.8,0.0,normal,0.2,次駅減速フェーズで低速(15.8km/h)にも関わらず加速操作を続けており、遅延を増大させるちんたら運転と判断したため減点。
156.1,Train11,次駅への減速フェーズ（駅手前400m以内）,ブレーキ（減速）中,7.4,惰行,87.8,70.0,29.01,15.85,15.8,15.86,23.9,11.94937925030305,0.0,9.2,この先制限速度なし,この先目立った勾配なし,前方89.8m先を29.6km/h,後続列車なし,20.0,0.0,発車済み,100.0,15.8,0.0,normal,0.9,ブレーキが必要距離より早く開始されエネルギー効率が低下したが、安全基準は全て満たすため0.9点とした。
163.6,Train11,次駅への減速フェーズ（駅手前400m以内）,惰行中,1.6,力行（加速）,1.3,70.0,13.78,15.24,16.2,57.67,16.4,11.049313622395188,0.0,9.2,この先制限速度なし,この先目立った勾配なし,前方59.0m先を4.9km/h,後続列車なし,40.0,0.0,発車済み,80.0,16.2,0.0,normal,0.0,現在の惰行は直前の短時間の力行からの不合理な切替で、保持時間が7秒未満かつ理由なしのノコギリ運転と判定され、reward上限が0.0となった。
163.6,Train11,次駅への減速フェーズ（駅手前400m以内）,力行（加速）中,0.1,惰行,1.6,70.0,13.78,15.24,16.2,57.67,16.4,11.049313622395188,0.0,9.2,この先制限速度なし,この先目立った勾配なし,前方59.0m先を4.9km/h,後続列車なし,40.0,0.0,発車済み,80.0,16.2,0.0,anti_mid_stop,0.4,先行列車が前方に塞がっているため駅間停車防止モードと判定し、target_speed_no_stop未満の加速は適切だが、次駅減速フェーズで加速しているため停止位置確保が不適切で減点した。
163.6,Train11,次駅への減速フェーズ（駅手前400m以内）,ブレーキ（減速）中,0.1,惰行,1.6,70.0,13.78,15.24,16.2,57.67,16.4,11.049313622395188,0.0,9.2,この先制限速度なし,この先目立った勾配なし,前方59.0m先を4.9km/h,後続列車なし,40.0,0.0,発車済み,80.0,16.2,0.0,normal,0.2,次駅減速フェーズでdelta_stopが46.6mと大きく早すぎるブレーキをかけ、停止位置誤差が30m超となるため大幅減点し0.2とした。
166.1,Train11,次駅への減速フェーズ（駅手前400m以内）,惰行中,0.1,力行（加速）,1.2,70.0,29.14,3.05,70.0,78.59,13.9,0.44389939296800746,0.0,9.2,この先制限速度なし,この先目立った勾配なし,前方90.2m先を13.9km/h,後続列車なし,40.0,0.0,発車済み,80.0,70.0,0.0,delay_recovery,0.0,持続時間が7秒未満の力行→惰行の反転でノコギリ運転と判定され、上限が0.0点のためrewardは0.0となる。
166.1,Train11,次駅への減速フェーズ（駅手前400m以内）,力行（加速）中,1.2,ブレーキ（減速）,14.0,70.0,29.14,3.05,70.0,78.59,13.9,0.44389939296800746,0.0,9.2,この先制限速度なし,この先目立った勾配なし,前方90.2m先を13.9km/h,後続列車なし,40.0,0.0,発車済み,80.0,70.0,0.0,delay_recovery,0.1,次駅減速フェーズで加速しており、停止位置が遠すぎて確保できず、遅延回復モードで必要速度未達のため低評価。
166.1,Train11,次駅への減速フェーズ（駅手前400m以内）,ブレーキ（減速）中,0.1,力行（加速）,1.2,70.0,29.14,3.05,70.0,78.59,13.9,0.44389939296800746,0.0,9.2,この先制限速度なし,この先目立った勾配なし,前方90.2m先を13.9km/h,後続列車なし,40.0,0.0,発車済み,80.0,70.0,0.0,delay_recovery,0.0,ブレーキが早すぎ、遅延回復モードで減速し、ノコギリ運転（持続時間1.2秒）によりreward上限0.0となった。
165.4,Train11,次駅への減速フェーズ（駅手前400m以内）,惰行中,0.1,ブレーキ（減速）,8.8,70.0,0.0,6.83,6.8,2.28,14.6,2.2241712177978616,0.0,9.2,この先制限速度なし,この先目立った勾配なし,前方7.2m先を9.3km/h,後続列車なし,40.0,0.0,発車済み,80.0,6.8,0.0,normal,0.0,CBTC信号が0km/hなのに6.8km/hで走行しており、signal_speed＋2km/hを超過しているため即時0点とする。
165.4,Train11,次駅への減速フェーズ（駅手前400m以内）,力行（加速）中,0.1,ブレーキ（減速）,8.8,70.0,0.0,6.83,6.8,2.28,14.6,2.2241712177978616,0.0,9.2,この先制限速度なし,この先目立った勾配なし,前方7.2m先を9.3km/h,後続列車なし,40.0,0.0,発車済み,80.0,6.8,0.0,normal,0.0,CBTC信号速度0km/hを2km/h以上超えて走行しており、即時0点ルールに該当するためrewardは0.0となる。
165.4,Train11,次駅への減速フェーズ（駅手前400m以内）,ブレーキ（減速）中,8.8,惰行,99.7,70.0,0.0,6.83,6.8,2.28,14.6,2.2241712177978616,0.0,9.2,この先制限速度なし,この先目立った勾配なし,前方7.2m先を9.3km/h,後続列車なし,40.0,0.0,発車済み,80.0,6.8,0.0,normal,0.0,CBTC信号が0km/hなのに現在速度が6.8km/hでsignal_speed+2km/hを超えており、安全違反の即時0点ルールが適用された。
170.7,Train11,次駅への減速フェーズ（駅手前400m以内）,惰行中,0.1,ブレーキ（減速）,0.8,70.0,22.01,11.97,12.0,12.93,9.3,6.822671719141307,0.0,9.2,この先制限速度なし,この先目立った勾配なし,前方73.0m先を27.4km/h,後続列車なし,20.0,0.0,発車済み,100.0,12.0,0.0,normal,0.0,ブレーキ→惰行への切替が7秒未満で合理的理由がなくノコギリ運転と判定され、reward上限が0.0となった。
170.7,Train11,次駅への減速フェーズ（駅手前400m以内）,力行（加速）中,0.1,ブレーキ（減速）,0.8,70.0,22.01,11.97,12.0,12.93,9.3,6.822671719141307,0.0,9.2,この先制限速度なし,この先目立った勾配なし,前方73.0m先を27.4km/h,後続列車なし,20.0,0.0,発車済み,100.0,12.0,0.0,normal,0.0,次駅減速フェーズで加速し、ブレーキ→力行への短時間切替がノコギリ運転と判定されたためrewardは0.0。
170.7,Train11,次駅への減速フェーズ（駅手前400m以内）,ブレーキ（減速）中,0.8,惰行,0.1,70.0,22.01,11.97,12.0,12.93,9.3,6.822671719141307,0.0,9.2,この先制限速度なし,この先目立った勾配なし,前方73.0m先を27.4km/h,後続列車なし,20.0,0.0,発車済み,100.0,12.0,0.0,normal,0.2,低速域でブレーキ開始が早すぎ、delta_stopが6.11mと過剰に早い減速となり停止位置精度が低く評価されたため。
160.5,Train11,次駅への減速フェーズ（駅手前400m以内）,惰行中,0.1,ブレーキ（減速）,11.6,70.0,25.16,6.12,22.2,79.91,19.5,1.786077957406687,0.0,9.2,この先制限速度なし,この先目立った勾配なし,前方80.0m先を0.8km/h,後続列車なし,40.0,15.0,未発車,80.0,16.0,29.5,anti_mid_stop,0.9,先行列車が遅延で塞いでいるため駅間停車防止モードと判定し、速度はtarget_speed_no_stop(16km/h)より約10km/h下回っているが10km/h超過ではなく過度な低速とはみなされず、ノコギリ運転もなく安全基準を満たすため高評価とした。
160.5,Train11,次駅への減速フェーズ（駅手前400m以内）,力行（加速）中,0.1,ブレーキ（減速）,11.6,70.0,25.16,6.12,22.2,79.91,19.5,1.786077957406687,0.0,9.2,この先制限速度なし,この先目立った勾配なし,前方80.0m先を0.8km/h,後続列車なし,40.0,15.0,未発車,80.0,16.0,29.5,anti_mid_stop,0.2,駅間停車防止モードでtarget_speed_no_stop以下の加速は適切だが、次駅へのブレーキ開始が遅く停止位置が大幅に早くなるため減点し0.2とした。
160.5,Train11,次駅への減速フェーズ（駅手前400m以内）,ブレーキ（減速）中,11.6,惰行,44.0,70.0,25.16,6.12,22.2,79.91,19.5,1.786077957406687,0.0,9.2,この先制限速度なし,この先目立った勾配なし,前方80.0m先を0.8km/h,後続列車なし,40.0,15.0,未発車,80.0,16.0,29.5,anti_mid_stop,0.3,先行列車が塞いでいる駅間停車防止モードで、速度がtarget_speed_no_stop(16km/h)を大きく下回り不必要にブレーキしているため停車遅延リスクが高く評価が低くなる。
168.9,Train11,次駅への減速フェーズ（駅手前400m以内）,惰行中,0.1,力行（加速）,0.1,70.0,23.95,18.92,18.9,30.27,11.1,17.010446388952705,0.0,9.2,この先制限速度なし,この先目立った勾配なし,前方77.2m先を24.9km/h,後続列車なし,20.0,0.0,発車済み,100.0,18.9,0.0,normal,0.0,力行→惰行への0.1秒切替が合理的理由なくノコギリ運転と判定され、reward上限が0.0となった。
168.9,Train11,次駅への減速フェーズ（駅手前400m以内）,力行（加速）中,0.1,ブレーキ（減速）,0.1,70.0,23.95,18.92,18.9,30.27,11.1,17.010446388952705,0.0,9.2,この先制限速度なし,この先目立った勾配なし,前方77.2m先を24.9km/h,後続列車なし,20.0,0.0,発車済み,100.0,18.9,0.0,normal,0.0,次駅減速フェーズで加速に切り替え、保持時間が0.1秒と短くノコギリ運転と判定され、上限0.0点となったため。
168.9,Train11,次駅への減速フェーズ（駅手前400m以内）,ブレーキ（減速）中,0.1,力行（加速）,0.1,70.0,23.95,18.92,18.9,30.27,11.1,17.010446388952705,0.0,9.2,この先制限速度なし,この先目立った勾配なし,前方77.2m先を24.9km/h,後続列車なし,20.0,0.0,発車済み,100.0,18.9,0.0,normal,0.6,駅手前でのブレーキ開始が必要距離より約13m早く、停止位置精度がやや低下したため評価を減点し、rewardを0.6とした。
148.0,Train11,次駅への減速フェーズ（駅手前400m以内）,惰行中,0.1,ブレーキ（減速）,11.1,70.0,0.0,22.98,23.0,36.19,32.0,25.0599864640319,0.0,9.2,この先制限速度なし,この先目立った勾配なし,前方36.2m先を0.0km/h,後続列車なし,20.0,15.0,未発車,100.0,23.0,21.0,normal,0.0,CBTC信号が0km/hなのに23km/hで走行しており、即時0点ルールに該当するためrewardは0.0となる。
148.0,Train11,次駅への減速フェーズ（駅手前400m以内）,力行（加速）中,0.1,ブレーキ（減速）,11.1,70.0,0.0,22.98,23.0,36.19,32.0,25.0599864640319,0.0,9.2,この先制限速度なし,この先目立った勾配なし,前方36.2m先を0.0km/h,後続列車なし,20.0,15.0,未発車,100.0,23.0,21.0,anti_mid_stop,0.0,CBTC信号0km/hに対し現在速度23km/hで2km/h以上超過しており、即時0点ルールに該当するためrewardは0.0。
148.0,Train11,次駅への減速フェーズ（駅手前400m以内）,ブレーキ（減速）中,11.1,力行（加速）,2.0,70.0,0.0,22.98,23.0,36.19,32.0,25.0599864640319,0.0,9.2,この先制限速度なし,この先目立った勾配なし,前方36.2m先を0.0km/h,後続列車なし,20.0,15.0,未発車,100.0,23.0,21.0,normal,0.0,CBTC信号が0km/hなのに現在速度23km/hで信号超過しており、即reward0.0ルールが適用されたため評価は0.0となった。
188.3,Train11,次駅への減速フェーズ（駅手前400m以内）,惰行中,0.1,力行（加速）,0.1,70.0,21.07,22.32,70.0,28.2,0.0,23.646619451943618,8.4,9.2,この先制限速度なし,この先目立った勾配なし,前方71.1m先を24.1km/h,後続列車なし,40.0,0.0,発車済み,80.0,70.0,0.0,delay_recovery,0.0,0.1 sの力行→惰行という短時間切替が合理的理由なく行われ、ノコギリ運転と判定され上限rewardが0.0となった。
188.3,Train11,次駅への減速フェーズ（駅手前400m以内）,力行（加速）中,0.1,ブレーキ（減速）,0.9,70.0,21.07,22.32,70.0,28.2,0.0,23.646619451943618,8.4,9.2,この先制限速度なし,この先目立った勾配なし,前方71.1m先を24.1km/h,後続列車なし,40.0,0.0,発車済み,80.0,70.0,0.0,delay_recovery,0.0,次駅減速フェーズでブレーキすべきところを力行し、かつブレーキ→力行のノコギリ運転が発生したためrewardは0.0とする。
188.3,Train11,次駅への減速フェーズ（駅手前400m以内）,ブレーキ（減速）中,0.1,力行（加速）,0.1,70.0,21.07,22.32,70.0,28.2,0.0,23.646619451943618,8.4,9.2,この先制限速度なし,この先目立った勾配なし,前方71.1m先を24.1km/h,後続列車なし,40.0,0.0,発車済み,80.0,70.0,0.0,delay_recovery,0.9,次駅での適切なブレーキにより停止位置が許容範囲内で、CBTC・制限速度遵守、ノコギリ運転なしで安全に減速しているため高評価。
157.0,Train11,次駅への減速フェーズ（駅手前400m以内）,惰行中,0.1,ブレーキ（減速）,11.0,70.0,13.85,6.94,6.9,15.9,23.0,2.2963318100944887,0.0,9.2,この先制限速度なし,この先目立った勾配なし,前方59.1m先を24.2km/h,後続列車なし,40.0,0.0,発車済み,80.0,6.9,0.0,normal,0.9,現在はrequired_speedと一致しCBTC・制限速度を遵守、delta_stopが正でブレーキ開始前の惰行は適切であり、全項目で問題なし。
157.0,Train11,次駅への減速フェーズ（駅手前400m以内）,力行（加速）中,0.1,ブレーキ（減速）,11.0,70.0,13.85,6.94,6.9,15.9,23.0,2.2963318100944887,0.0,9.2,この先制限速度なし,この先目立った勾配なし,前方59.1m先を24.2km/h,後続列車なし,40.0,0.0,発車済み,80.0,6.9,0.0,normal,0.2,次駅減速フェーズで加速を続けており、停止位置達成が遅れエネルギーも無駄になるため低評価。
157.0,Train11,次駅への減速フェーズ（駅手前400m以内）,ブレーキ（減速）中,11.0,惰行,84.1,70.0,13.85,6.94,6.9,15.9,23.0,2.2963318100944887,0.0,9.2,この先制限速度なし,この先目立った勾配なし,前方59.1m先を24.2km/h,後続列車なし,40.0,0.0,発車済み,80.0,6.9,0.0,normal,0.2,ブレーキが早すぎて停止位置が大きく前方にずれ、定時到着が遅れエネルギーも無駄になるため低評価。
190.9,Train11,次駅への減速フェーズ（駅手前400m以内）,惰行中,6.0,力行（加速）,8.0,70.0,26.09,17.49,70.0,20.68,0.0,14.542844044776603,11.0,9.2,この先制限速度なし,この先目立った勾配なし,前方82.2m先を27.6km/h,後続列車なし,40.0,0.0,発車済み,80.0,70.0,0.0,delay_recovery,0.2,遅延回復モードで必要速度帯(62‑68km/h)に対し17.5km/hの惰行で速度が大幅に不足し、delta_stopが6m余裕あるため停車位置も遅れが生じている。
190.9,Train11,次駅への減速フェーズ（駅手前400m以内）,力行（加速）中,0.1,惰行,6.0,70.0,26.09,17.49,70.0,20.68,0.0,14.542844044776603,11.0,9.2,この先制限速度なし,この先目立った勾配なし,前方82.2m先を27.6km/h,後続列車なし,40.0,0.0,発車済み,80.0,70.0,0.0,delay_recovery,0.3,遅延回復モードでrequired_speed未達。0.1秒の力行と6秒の惰行の切替がノコギリ運転と判定され、上限0.3点に抑えられた。
190.9,Train11,次駅への減速フェーズ（駅手前400m以内）,ブレーキ（減速）中,0.1,惰行,6.0,70.0,26.09,17.49,70.0,20.68,0.0,14.542844044776603,11.0,9.2,この先制限速度なし,この先目立った勾配なし,前方82.2m先を27.6km/h,後続列車なし,40.0,0.0,発車済み,80.0,70.0,0.0,delay_recovery,0.1,遅延回復モードで速度が制限帯(62‑68km/h)を大きく下回り、減速操作は遅延を拡大し停車位置も過剰に前倒しになるため低評価。
182.0,Train11,次駅への減速フェーズ（駅手前400m以内）,惰行中,0.1,力行（加速）,1.2,70.0,24.94,5.12,70.0,69.63,0.0,1.2503580499605835,2.1,9.2,この先制限速度なし,この先目立った勾配なし,前方79.5m先を13.0km/h,後続列車なし,40.0,0.0,発車済み,80.0,70.0,0.0,delay_recovery,0.0,短時間の力行→惰行切替がノコギリ運転と判定され、reward上限が0.0となった。
182.0,Train11,次駅への減速フェーズ（駅手前400m以内）,力行（加速）中,1.2,惰行,5.3,70.0,24.94,5.12,70.0,69.63,0.0,1.2503580499605835,2.1,9.2,この先制限速度なし,この先目立った勾配なし,前方79.5m先を13.0km/h,後続列車なし,40.0,0.0,発車済み,80.0,70.0,0.0,delay_recovery,0.2,次駅減速フェーズで低速加速を続け、停止位置が確保できず、短時間のノコギリ運転となったため評価を大幅に減点した。
182.0,Train11,次駅への減速フェーズ（駅手前400m以内）,ブレーキ（減速）中,0.1,力行（加速）,1.2,70.0,24.94,5.12,70.0,69.63,0.0,1.2503580499605835,2.1,9.2,この先制限速度なし,この先目立った勾配なし,前方79.5m先を13.0km/h,後続列車なし,40.0,0.0,発車済み,80.0,70.0,0.0,delay_recovery,0.2,遅延回復モードで速度制限付近を維持すべきところ、現在5.1km/hと大幅に低速でブレーキし、停止位置が68m余り早く、早すぎるブレーキと遅延拡大が判定されるため0.2とした。
172.8,Train11,次駅への減速フェーズ（駅手前400m以内）,惰行中,0.1,力行（加速）,1.4,70.0,20.77,21.12,70.0,30.91,7.2,21.181007390460195,0.0,9.2,この先制限速度なし,この先目立った勾配なし,前方70.5m先を23.3km/h,後続列車なし,40.0,0.0,発車済み,80.0,70.0,0.0,normal,0.0,減速フェーズで低速惰行を続け、7秒未満のノッチ切替に合理的根拠がなくノコギリ運転と判定され、reward上限が0.0となった。
172.8,Train11,次駅への減速フェーズ（駅手前400m以内）,力行（加速）中,1.4,ブレーキ（減速）,0.1,70.0,20.77,21.12,70.0,30.91,7.2,21.181007390460195,0.0,9.2,この先制限速度なし,この先目立った勾配なし,前方70.5m先を23.3km/h,後続列車なし,40.0,0.0,発車済み,80.0,70.0,0.0,delay_recovery,0.0,前ブレーキ0.1秒からの加速への短時間切替が合理的根拠なくノコギリ運転と判定され、上限0.0点となった。
172.8,Train11,次駅への減速フェーズ（駅手前400m以内）,ブレーキ（減速）中,0.1,力行（加速）,1.4,70.0,20.77,21.12,70.0,30.91,7.2,21.181007390460195,0.0,9.2,この先制限速度なし,この先目立った勾配なし,前方70.5m先を23.3km/h,後続列車なし,40.0,0.0,発車済み,80.0,70.0,0.0,delay_recovery,0.0,力行からブレーキへの短時間切替がノコギリ運転と判定され、reward上限が0.0となった。
192.1,Train11,次駅への減速フェーズ（駅手前400m以内）,惰行中,0.1,ブレーキ（減速）,4.6,70.0,24.38,1.74,70.0,7.14,0.0,0.1445096645495476,12.2,9.2,この先制限速度なし,この先目立った勾配なし,前方78.2m先を29.1km/h,後続列車なし,40.0,0.0,発車済み,80.0,70.0,0.0,delay_recovery,0.2,次駅減速フェーズで必要速度を大きく下回る低速惰行を続け、ブレーキ未実施のため遅延増大と停止位置リスクがある。
192.1,Train11,次駅への減速フェーズ（駅手前400m以内）,力行（加速）中,0.1,ブレーキ（減速）,4.6,70.0,24.38,1.74,70.0,7.14,0.0,0.1445096645495476,12.2,9.2,この先制限速度なし,この先目立った勾配なし,前方78.2m先を29.1km/h,後続列車なし,40.0,0.0,発車済み,80.0,70.0,0.0,delay_recovery,0.2,遅延回復モードで速度が制限帯外にあり、短時間の力行と直前のブレーキがノコギリ運転と判定されたため低評価となった。
192.1,Train11,次駅への減速フェーズ（駅手前400m以内）,ブレーキ（減速）中,4.6,力行（加速）,0.1,70.0,24.38,1.74,70.0,7.14,0.0,0.1445096645495476,12.2,9.2,この先制限速度なし,この先目立った勾配なし,前方78.2m先を29.1km/h,後続列車なし,40.0,0.0,発車済み,80.0,70.0,0.0,delay_recovery,0.1,遅延回復モードで制限速度付近の維持が必要なのに減速し、ブレーキ開始が早すぎて停止位置も過剰なため低評価とした。
73.0,Train11,巡航フェーズ（駅間走行中）,惰行中,7.0,力行（加速）,6.0,70.0,70.0,54.69,54.9,1288.04,107.0,157.0258629306732,0.0,0.0,この先制限速度なし,282m先に上り勾配12.5‰あり,前方968.5m先を36.5km/h,後続列車なし,40.0,89.0,未発車,80.0,54.9,0.0,normal,0.9,制限速度・CBTC遵守、停車余裕・列間隔問題なし。required_speed を僅かに下回る惰行だが差は極小で許容範囲。
73.0,Train11,巡航フェーズ（駅間走行中）,力行（加速）中,1.0,惰行,7.0,70.0,70.0,54.69,54.9,1288.04,107.0,157.0258629306732,0.0,0.0,この先制限速度なし,282m先に上り勾配12.5‰あり,前方968.5m先を36.5km/h,後続列車なし,40.0,89.0,未発車,80.0,54.9,0.0,normal,0.9,巡航フェーズでrequired_speed未満の0.2km/h差を補う短時間の力行は適切で、速度・CBTC・制限速度を遵守し、停止余裕も十分にあるため高評価。
73.0,Train11,巡航フェーズ（駅間走行中）,ブレーキ（減速）中,1.0,惰行,7.0,70.0,70.0,54.69,54.9,1288.04,107.0,157.0258629306732,0.0,0.0,この先制限速度なし,282m先に上り勾配12.5‰あり,前方968.5m先を36.5km/h,後続列車なし,40.0,89.0,未発車,80.0,54.9,0.0,normal,0.3,巡航フェーズでrequired_speed未達の状態でブレーキを続けており、必要な加速が行われず遅延リスクが増大したため評価を低下させた。
93.0,Train11,巡航フェーズ（駅間走行中）,惰行中,47.0,力行（加速）,47.0,70.0,70.0,51.48,55.9,920.07,87.0,119.46050947088503,0.0,12.5,この先制限速度なし,115m先で上り勾配12.5‰が終わり平坦になる,前方897.9m先を21.6km/h,後続列車なし,40.0,53.0,未発車,80.0,55.9,0.0,normal,0.5,required_speedを下回る51.5km/hで惰行を続け、定時到着が危うく遅延リスクがあるため減点。
93.0,Train11,巡航フェーズ（駅間走行中）,力行（加速）中,1.0,惰行,47.0,70.0,70.0,51.48,55.9,920.07,87.0,119.46050947088503,0.0,12.5,この先制限速度なし,115m先で上り勾配12.5‰が終わり平坦になる,前方897.9m先を21.6km/h,後続列車なし,40.0,53.0,未発車,80.0,55.9,0.0,normal,0.8,required_speed未達で加速が必要だが、短時間の力行はノコギリ運転とならず安全・信号遵守は保たれ、間隔も適正なため軽度減点で0.8とした。
93.0,Train11,巡航フェーズ（駅間走行中）,ブレーキ（減速）中,1.0,惰行,47.0,70.0,70.0,51.48,55.9,920.07,87.0,119.46050947088503,0.0,12.5,この先制限速度なし,115m先で上り勾配12.5‰が終わり平坦になる,前方897.9m先を21.6km/h,後続列車なし,40.0,53.0,未発車,80.0,55.9,0.0,anti_mid_stop,0.3,先行列車が塞いでいる駅間停車防止モードで、target_speed_no_stop以下に速度がありながらブレーキを続けたため過度な減速とみなされ減点した。
89.0,Train11,巡航フェーズ（駅間走行中）,惰行中,1.0,力行（加速）,1.0,70.0,70.0,48.88,51.9,1053.93,91.0,125.88892789021094,0.0,0.0,この先制限速度なし,50m先に上り勾配12.5‰あり,前方884.1m先を30.7km/h,後続列車なし,40.0,73.0,未発車,80.0,51.9,0.0,normal,0.0,短時間で力行→惰行への切替が合理的根拠なく行われ、ノコギリ運転と判定され上限0.0点となった。
89.0,Train11,巡航フェーズ（駅間走行中）,力行（加速）中,1.0,惰行,50.0,70.0,70.0,48.88,51.9,1053.93,91.0,125.88892789021094,0.0,0.0,この先制限速度なし,50m先に上り勾配12.5‰あり,前方884.1m先を30.7km/h,後続列車なし,40.0,73.0,未発車,80.0,51.9,0.0,normal,0.9,通常運転モードで制限速度・CBTCを遵守し、required_speed 未達のための加速は適切、ノコギリ運転や間隔問題なし。
89.0,Train11,巡航フェーズ（駅間走行中）,ブレーキ（減速）中,1.0,力行（加速）,1.0,70.0,70.0,48.88,51.9,1053.93,91.0,125.88892789021094,0.0,0.0,この先制限速度なし,50m先に上り勾配12.5‰あり,前方884.1m先を30.7km/h,後続列車なし,40.0,73.0,未発車,80.0,51.9,0.0,normal,0.0,巡航フェーズで必要速度未達かつ不必要に減速し、前後のノッチ保持時間が7秒未満のノコギリ運転と判定されたためrewardは0.0とした。
96.0,Train11,巡航フェーズ（駅間走行中）,惰行中,42.0,力行（加速）,55.0,70.0,70.0,53.17,55.3,814.25,84.0,127.31692472230552,0.0,12.5,この先制限速度なし,9m先で上り勾配12.5‰が終わり平坦になる,前方806.4m先を12.8km/h,後続列車なし,40.0,50.0,未発車,80.0,55.3,0.0,normal,0.5,巡航フェーズでrequired_speed未達の惰行が続き、定時到達が危うくエネルギー効率も低下したため減点し0.5とした。
96.0,Train11,巡航フェーズ（駅間走行中）,力行（加速）中,1.0,惰行,42.0,70.0,70.0,53.17,55.3,814.25,84.0,127.31692472230552,0.0,12.5,この先制限速度なし,9m先で上り勾配12.5‰が終わり平坦になる,前方806.4m先を12.8km/h,後続列車なし,40.0,50.0,未発車,80.0,55.3,0.0,anti_mid_stop,0.9,現在の力行は target_speed_no_stop (55.3km/h) 未満で行われ、CBTC・制限速度を遵守し、ノコギリ運転もなく、先行列車との安全間隔も保たれているため高評価。
96.0,Train11,巡航フェーズ（駅間走行中）,ブレーキ（減速）中,1.0,惰行,42.0,70.0,70.0,53.17,55.3,814.25,84.0,127.31692472230552,0.0,12.5,この先制限速度なし,9m先で上り勾配12.5‰が終わり平坦になる,前方806.4m先を12.8km/h,後続列車なし,40.0,50.0,未発車,80.0,55.3,0.0,anti_mid_stop,0.5,先行列車が遅く塞いでいるため駅間停車防止モードと判定したが、target_speed_no_stop以下であるにも関わらず不要なブレーキで速度を下げ過ぎたため減点した。
36.0,Train11,巡航フェーズ（駅間走行中）,惰行中,1.0,力行（加速）,37.0,70.0,70.0,53.76,55.8,1839.33,144.0,156.19873599355563,0.0,-2.1,この先制限速度なし,34m先に下り勾配6.7‰あり,前方1261.3m先を45.9km/h,後続列車なし,40.0,110.0,未発車,80.0,55.8,0.0,anti_mid_stop,0.9,先行列車が塞いでいる駅間停車防止モードで、target_speed_no_stop以下の惰行は適切。過剰加速やノコギリ運転はなく、全安全基準を満たすため高評価。
36.0,Train11,巡航フェーズ（駅間走行中）,力行（加速）中,37.0,ブレーキ（減速）,30.0,70.0,70.0,53.76,55.8,1839.33,144.0,156.19873599355563,0.0,-2.1,この先制限速度なし,34m先に下り勾配6.7‰あり,前方1261.3m先を45.9km/h,後続列車なし,40.0,110.0,未発車,80.0,55.8,0.0,normal,0.9,巡航フェーズでrequired_speed未達ながら加速中で適切、制限速度・CBTC遵守、先行列車との間隔安全、ノコギリ運転なし。
36.0,Train11,巡航フェーズ（駅間走行中）,ブレーキ（減速）中,1.0,力行（加速）,37.0,70.0,70.0,53.76,55.8,1839.33,144.0,156.19873599355563,0.0,-2.1,この先制限速度なし,34m先に下り勾配6.7‰あり,前方1261.3m先を45.9km/h,後続列車なし,40.0,110.0,未発車,80.0,55.8,0.0,normal,0.2,巡航フェーズでrequired_speed未達の状態で不必要にブレーキをかけ、遅延リスクとエネルギー浪費が生じるため大幅減点とした。
113.0,Train11,巡航フェーズ（駅間走行中）,惰行中,65.0,力行（加速）,49.0,70.0,70.0,45.28,45.3,638.27,67.0,108.25658937446694,0.0,0.0,この先制限速度なし,35m先に上り勾配6.1‰あり,前方632.6m先を11.0km/h,後続列車なし,40.0,49.0,未発車,80.0,45.3,0.0,normal,1.0,巡航フェーズでrequired_speedとcurrent_speedが一致し、惰行が7秒以上継続、CBTC・制限速度遵守、ノコギリ運転なし、先行列車との間隔も許容範囲内のため最高評価。
113.0,Train11,巡航フェーズ（駅間走行中）,力行（加速）中,1.0,惰行,65.0,70.0,70.0,45.28,45.3,638.27,67.0,108.25658937446694,0.0,0.0,この先制限速度なし,35m先に上り勾配6.1‰あり,前方632.6m先を11.0km/h,後続列車なし,40.0,49.0,未発車,80.0,45.3,0.0,normal,0.5,不要な加速により速度が必要以上に上がり、先行列車との間隔が縮小したため評価を減点した。
113.0,Train11,巡航フェーズ（駅間走行中）,ブレーキ（減速）中,1.0,惰行,65.0,70.0,70.0,45.28,45.3,638.27,67.0,108.25658937446694,0.0,0.0,この先制限速度なし,35m先に上り勾配6.1‰あり,前方632.6m先を11.0km/h,後続列車なし,40.0,49.0,未発車,80.0,45.3,0.0,normal,0.2,巡航フェーズでrequired_speedと同等の速度なのにブレーキを続けているため、不要な減速と判断し低評価にした。
65.0,Train11,巡航フェーズ（駅間走行中）,惰行中,12.0,力行（加速）,54.0,70.0,70.0,63.98,64.0,1336.34,115.0,213.5526456227332,0.0,0.0,この先制限速度なし,328m先に上り勾配12.5‰あり,前方1131.5m先を32.3km/h,後続列車なし,20.0,62.0,未発車,100.0,64.0,0.0,normal,1.0,巡航フェーズでrequired_speedと同等の64km/hを惰行で維持し、速度・信号・制限を遵守、先行列車との間隔も十分で安全かつ省エネ。
65.0,Train11,巡航フェーズ（駅間走行中）,力行（加速）中,1.0,惰行,12.0,70.0,70.0,63.98,64.0,1336.34,115.0,213.5526456227332,0.0,0.0,この先制限速度なし,328m先に上り勾配12.5‰あり,前方1131.5m先を32.3km/h,後続列車なし,20.0,62.0,未発車,100.0,64.0,0.0,normal,0.5,巡航フェーズでrequired_speedを既に満たすのに力行を続けており、不要な加速とエネルギー浪費があるため0.5とした。
65.0,Train11,巡航フェーズ（駅間走行中）,ブレーキ（減速）中,1.0,惰行,12.0,70.0,70.0,63.98,64.0,1336.34,115.0,213.5526456227332,0.0,0.0,この先制限速度なし,328m先に上り勾配12.5‰あり,前方1131.5m先を32.3km/h,後続列車なし,20.0,62.0,未発車,100.0,64.0,0.0,normal,0.5,巡航フェーズでrequired_speedを満たす速度で惰行すべきところをブレーキで減速し、不要な遅延とエネルギー浪費が生じている。
112.0,Train11,巡航フェーズ（駅間走行中）,惰行中,1.0,力行（加速）,15.0,70.0,70.0,52.99,53.0,721.26,68.0,147.57542072429663,0.0,0.0,この先制限速度なし,116m先に上り勾配6.1‰あり,前方721.3m先を0.0km/h,後続列車なし,40.0,34.0,未発車,80.0,53.0,0.0,normal,1.0,巡航フェーズでrequired_speedと一致し惰行で維持、制限速度・CBTC遵守、前方列車との間隔も安全であり、即時0点要因なし。
112.0,Train11,巡航フェーズ（駅間走行中）,力行（加速）中,15.0,惰行,57.0,70.0,70.0,52.99,53.0,721.26,68.0,147.57542072429663,0.0,0.0,この先制限速度なし,116m先に上り勾配6.1‰あり,前方721.3m先を0.0km/h,後続列車なし,40.0,34.0,未発車,80.0,53.0,0.0,anti_mid_stop,0.2,先行列車が停車中で駅間停車防止モード。target_speed_no_stopを超える力行は機外停車リスクを高めるため減点し、低評価となる。
112.0,Train11,巡航フェーズ（駅間走行中）,ブレーキ（減速）中,1.0,力行（加速）,15.0,70.0,70.0,52.99,53.0,721.26,68.0,147.57542072429663,0.0,0.0,この先制限速度なし,116m先に上り勾配6.1‰あり,前方721.3m先を0.0km/h,後続列車なし,40.0,34.0,未発車,80.0,53.0,0.0,anti_mid_stop,0.9,先行列車が次駅で停止中のため駅間停車防止モード。現在速度はtarget_speed_no_stopと同等で、不要な加速はなく、短時間のブレーキは過度でないため高評価。
68.0,Train11,巡航フェーズ（駅間走行中）,惰行中,14.0,力行（加速）,55.0,70.0,70.0,63.99,64.0,1280.72,112.0,213.61788337326217,0.0,0.0,この先制限速度なし,272m先に上り勾配12.5‰あり,前方1058.1m先を34.2km/h,後続列車なし,40.0,78.0,未発車,80.0,64.0,0.0,normal,1.0,制限速度・CBTC遵守し、required_speedと一致した惰行で適切な巡航運転と判断し、全項目で問題なし。
68.0,Train11,巡航フェーズ（駅間走行中）,力行（加速）中,1.0,惰行,14.0,70.0,70.0,63.99,64.0,1280.72,112.0,213.61788337326217,0.0,0.0,この先制限速度なし,272m先に上り勾配12.5‰あり,前方1058.1m先を34.2km/h,後続列車なし,40.0,78.0,未発車,80.0,64.0,0.0,anti_mid_stop,0.9,先行列車が前方にあり駅間停車防止モードと判定されたが、現在速度はtarget_speed_no_stopと一致し、加速は上限以内で安全かつ効率的な運転と評価できるため高評価とした。
68.0,Train11,巡航フェーズ（駅間走行中）,ブレーキ（減速）中,1.0,惰行,14.0,70.0,70.0,63.99,64.0,1280.72,112.0,213.61788337326217,0.0,0.0,この先制限速度なし,272m先に上り勾配12.5‰あり,前方1058.1m先を34.2km/h,後続列車なし,40.0,78.0,未発車,80.0,64.0,0.0,normal,0.5,巡航フェーズでrequired_speedを満たすのに不要なブレーキを行い、遅延とエネルギー損失を招くため評価を減点した。
57.0,Train11,巡航フェーズ（駅間走行中）,惰行中,13.0,力行（加速）,45.0,70.0,70.0,59.32,59.3,1494.36,123.0,184.17361805655904,0.0,0.0,この先制限速度なし,487m先に上り勾配12.5‰あり,前方1352.9m先を30.5km/h,後続列車なし,20.0,54.0,未発車,100.0,59.3,0.0,anti_mid_stop,0.9,先行列車が前方に塞いでいるため駅間停車防止モードとなり、target_speed_no_stopと同等の59.3km/hで惰行して安全かつ省エネであるため高評価。
57.0,Train11,巡航フェーズ（駅間走行中）,力行（加速）中,1.0,惰行,13.0,70.0,70.0,59.32,59.3,1494.36,123.0,184.17361805655904,0.0,0.0,この先制限速度なし,487m先に上り勾配12.5‰あり,前方1352.9m先を30.5km/h,後続列車なし,20.0,54.0,未発車,100.0,59.3,0.0,normal,0.5,巡航フェーズでrequired_speedに達しているのに加速を続けたため不要な力行となりエネルギー効率が低下した。
57.0,Train11,巡航フェーズ（駅間走行中）,ブレーキ（減速）中,1.0,惰行,13.0,70.0,70.0,59.32,59.3,1494.36,123.0,184.17361805655904,0.0,0.0,この先制限速度なし,487m先に上り勾配12.5‰あり,前方1352.9m先を30.5km/h,後続列車なし,20.0,54.0,未発車,100.0,59.3,0.0,normal,0.2,巡航フェーズでrequired_speedを満たすのに不要なブレーキを行い、先行列車も遠く間隔もあるため無駄な減速と判断し0.2とした。
76.0,Train11,巡航フェーズ（駅間走行中）,惰行中,21.0,力行（加速）,56.0,70.0,70.0,62.86,62.9,1136.68,104.0,206.30518089479725,0.0,0.0,この先制限速度なし,129m先に上り勾配12.5‰あり,前方986.7m先を30.9km/h,後続列車なし,40.0,70.0,未発車,80.0,62.9,0.0,normal,1.0,現在は制限速度・CBTC遵守し、required_speedに一致した惰行で巡航中。停車余裕も十分で、ノコギリ運転や間隔問題もなく安全かつ省エネ。
76.0,Train11,巡航フェーズ（駅間走行中）,力行（加速）中,1.0,惰行,21.0,70.0,70.0,62.86,62.9,1136.68,104.0,206.30518089479725,0.0,0.0,この先制限速度なし,129m先に上り勾配12.5‰あり,前方986.7m先を30.9km/h,後続列車なし,40.0,70.0,未発車,80.0,62.9,0.0,normal,0.7,required_speedを満たす状態で不要な力行を行いエネルギー効率が低下したため、評価を減点した。
76.0,Train11,巡航フェーズ（駅間走行中）,ブレーキ（減速）中,1.0,惰行,21.0,70.0,70.0,62.86,62.9,1136.68,104.0,206.30518089479725,0.0,0.0,この先制限速度なし,129m先に上り勾配12.5‰あり,前方986.7m先を30.9km/h,後続列車なし,40.0,70.0,未発車,80.0,62.9,0.0,normal,0.2,巡航フェーズで必要速度と同等なのに不必要にブレーキをかけ、遅延とエネルギー浪費を招いたため評価を低くした。
52.0,Train11,巡航フェーズ（駅間走行中）,惰行中,7.0,力行（加速）,46.0,70.0,70.0,61.12,61.1,1576.08,128.0,195.27918610869463,0.0,0.0,この先制限速度なし,この先目立った勾配なし,前方1431.3m先を29.3km/h,後続列車なし,0.0,55.0,未発車,120.0,61.1,0.0,normal,1.0,現在速度がrequired_speedと一致し惰行で適切、制限速度・CBTCを遵守、先行列車との間隔安全、ノコギリ運転なしで全体的に最適。
52.0,Train11,巡航フェーズ（駅間走行中）,力行（加速）中,1.0,惰行,7.0,70.0,70.0,61.12,61.1,1576.08,128.0,195.27918610869463,0.0,0.0,この先制限速度なし,この先目立った勾配なし,前方1431.3m先を29.3km/h,後続列車なし,0.0,55.0,未発車,120.0,61.1,0.0,normal,0.6,巡航フェーズでrequired_speedに既に到達しているのに現在の力行は不要でエネルギーを浪費し、評価を下げたため。
52.0,Train11,巡航フェーズ（駅間走行中）,ブレーキ（減速）中,1.0,惰行,7.0,70.0,70.0,61.12,61.1,1576.08,128.0,195.27918610869463,0.0,0.0,この先制限速度なし,この先目立った勾配なし,前方1431.3m先を29.3km/h,後続列車なし,0.0,55.0,未発車,120.0,61.1,0.0,normal,0.2,巡航フェーズで不要なブレーキを行い、停止位置までの距離が大きく余裕があるにも関わらず減速して遅延とエネルギー浪費を招いたため低評価とした。
49.0,Train11,巡航フェーズ（駅間走行中）,惰行中,7.0,力行（加速）,43.0,70.0,70.0,59.47,59.5,1630.23,131.0,185.08735733889205,0.0,0.0,この先制限速度なし,この先目立った勾配なし,前方1460.4m先を30.7km/h,後続列車なし,0.0,58.0,未発車,120.0,59.5,0.0,normal,1.0,required_speedとcurrent_speedが一致し、制限速度・CBTCを遵守したまま惰行が適切に維持されているため。
49.0,Train11,巡航フェーズ（駅間走行中）,力行（加速）中,1.0,惰行,7.0,70.0,70.0,59.47,59.5,1630.23,131.0,185.08735733889205,0.0,0.0,この先制限速度なし,この先目立った勾配なし,前方1460.4m先を30.7km/h,後続列車なし,0.0,58.0,未発車,120.0,59.5,0.0,normal,0.7,巡航フェーズでrequired_speedと同等の速度なのに力行を続けており、エネルギー効率が低下したため減点した。
49.0,Train11,巡航フェーズ（駅間走行中）,ブレーキ（減速）中,1.0,惰行,7.0,70.0,70.0,59.47,59.5,1630.23,131.0,185.08735733889205,0.0,0.0,この先制限速度なし,この先目立った勾配なし,前方1460.4m先を30.7km/h,後続列車なし,0.0,58.0,未発車,120.0,59.5,0.0,normal,0.2,巡航フェーズでrequired_speed 59.5km/hを満たすのにブレーキで速度を下げた不必要な減速はちんたら運転とみなされ、評価が大幅に低下した。
90.0,Train11,巡航フェーズ（駅間走行中）,惰行中,42.0,力行（加速）,49.0,70.0,70.0,54.22,57.4,947.71,90.0,132.31913472951092,0.0,12.5,この先制限速度なし,142m先で上り勾配12.5‰が終わり平坦になる,前方905.7m先を24.6km/h,後続列車なし,40.0,56.0,未発車,80.0,57.4,0.0,normal,0.3,required_speedに達しておらず不必要に惰行しているため、定時到着が遅れる恐れがある。
90.0,Train11,巡航フェーズ（駅間走行中）,力行（加速）中,1.0,惰行,42.0,70.0,70.0,54.22,57.4,947.71,90.0,132.31913472951092,0.0,12.5,この先制限速度なし,142m先で上り勾配12.5‰が終わり平坦になる,前方905.7m先を24.6km/h,後続列車なし,40.0,56.0,未発車,80.0,57.4,0.0,anti_mid_stop,0.9,先行列車が前方に塞ぎ駅間停車防止モードと判定。現在速度が target_speed_no_stop 未満で、加速は上限超過せず適切であり、CBTC・制限速度遵守、ノコギリ運転なし。
90.0,Train11,巡航フェーズ（駅間走行中）,ブレーキ（減速）中,1.0,惰行,42.0,70.0,70.0,54.22,57.4,947.71,90.0,132.31913472951092,0.0,12.5,この先制限速度なし,142m先で上り勾配12.5‰が終わり平坦になる,前方905.7m先を24.6km/h,後続列車なし,40.0,56.0,未発車,80.0,57.4,0.0,normal,0.2,巡航フェーズでrequired_speed 57.4km/hを下回る中、不要な減速ブレーキを行い定時性とエネルギー効率を著しく損なうため低評価とした。
75.0,Train11,巡航フェーズ（駅間走行中）,惰行中,39.0,力行（加速）,37.0,70.0,70.0,49.91,53.9,1265.16,105.0,131.1686755817626,0.0,0.0,この先制限速度なし,261m先に上り勾配12.5‰あり,前方965.7m先を35.8km/h,後続列車なし,40.0,87.0,未発車,80.0,53.9,0.0,normal,0.3,巡航フェーズでrequired_speed(53.9km/h)未達のまま惰行を続けており、先行列車の影響もなく遅延リスクとエネルギー無駄が顕著なため低評価となった。
75.0,Train11,巡航フェーズ（駅間走行中）,力行（加速）中,1.0,惰行,39.0,70.0,70.0,49.91,53.9,1265.16,105.0,131.1686755817626,0.0,0.0,この先制限速度なし,261m先に上り勾配12.5‰あり,前方965.7m先を35.8km/h,後続列車なし,40.0,87.0,未発車,80.0,53.9,0.0,normal,0.9,巡航フェーズでrequired_speed未達のため加速は適切であり、速度・CBTC・制限速度・停止位置すべて遵守、ノコギリ運転にも該当せず高評価。
75.0,Train11,巡航フェーズ（駅間走行中）,ブレーキ（減速）中,1.0,惰行,39.0,70.0,70.0,49.91,53.9,1265.16,105.0,131.1686755817626,0.0,0.0,この先制限速度なし,261m先に上り勾配12.5‰あり,前方965.7m先を35.8km/h,後続列車なし,40.0,87.0,未発車,80.0,53.9,0.0,normal,0.5,巡航フェーズでrequired_speed未達の状態にもかかわらずブレーキを継続し、不要な減速で遅延リスクを増大させたため減点。
80.0,Train11,巡航フェーズ（駅間走行中）,惰行中,24.0,力行（加速）,8.0,70.0,70.0,57.1,57.1,1123.04,100.0,170.9007056341134,0.0,0.0,この先制限速度なし,117m先に上り勾配12.5‰あり,前方1123.0m先を1.2km/h,後続列車なし,20.0,31.0,未発車,100.0,57.1,0.0,normal,1.0,制限速度・CBTC信号を遵守し、required_speedと同等の57.1km/hで惰行を長時間維持、停止余裕距離も十分で安全かつ省エネな運転と判断。
80.0,Train11,巡航フェーズ（駅間走行中）,力行（加速）中,1.0,惰行,24.0,70.0,70.0,57.1,57.1,1123.04,100.0,170.9007056341134,0.0,0.0,この先制限速度なし,117m先に上り勾配12.5‰あり,前方1123.0m先を1.2km/h,後続列車なし,20.0,31.0,未発車,100.0,57.1,0.0,normal,0.4,通常運転でrequired_speedと同等の速度なのに加速ノッチを続け、先行列車との間隔が縮小しエネルギー無駄になるため評価を低くした。
80.0,Train11,巡航フェーズ（駅間走行中）,ブレーキ（減速）中,1.0,惰行,24.0,70.0,70.0,57.1,57.1,1123.04,100.0,170.9007056341134,0.0,0.0,この先制限速度なし,117m先に上り勾配12.5‰あり,前方1123.0m先を1.2km/h,後続列車なし,20.0,31.0,未発車,100.0,57.1,0.0,normal,0.2,不要なブレーキにより速度が低下し遅延と先行列車との間隔不足を招くため、評価を低くした。
71.0,Train11,巡航フェーズ（駅間走行中）,惰行中,30.0,力行（加速）,42.0,70.0,70.0,54.32,54.3,1286.54,109.0,154.9452085431222,0.0,0.0,この先制限速度なし,281m先に上り勾配12.5‰あり,前方1092.0m先を33.1km/h,後続列車なし,40.0,75.0,未発車,80.0,54.3,0.0,normal,1.0,現在は通常運転モードで、速度は制限・CBTC内に収まりrequired_speedと一致し惰行が適切、ノコギリ運転や間隔問題もなく安全かつ定時・省エネに優れるため高評価。
71.0,Train11,巡航フェーズ（駅間走行中）,力行（加速）中,1.0,惰行,30.0,70.0,70.0,54.32,54.3,1286.54,109.0,154.9452085431222,0.0,0.0,この先制限速度なし,281m先に上り勾配12.5‰あり,前方1092.0m先を33.1km/h,後続列車なし,40.0,75.0,未発車,80.0,54.3,0.0,normal,0.7,巡航フェーズでrequired_speedに達しているのに加速ノッチを続けたため不要な力行と判断し減点。
71.0,Train11,巡航フェーズ（駅間走行中）,ブレーキ（減速）中,1.0,惰行,30.0,70.0,70.0,54.32,54.3,1286.54,109.0,154.9452085431222,0.0,0.0,この先制限速度なし,281m先に上り勾配12.5‰あり,前方1092.0m先を33.1km/h,後続列車なし,40.0,75.0,未発車,80.0,54.3,0.0,normal,0.2,巡航フェーズでrequired_speedと同等の54.3km/hであるにも関わらずブレーキを続け、不要な減速と再加速を招くため評価を低くし、0.2とした。
93.0,Train11,巡航フェーズ（駅間走行中）,惰行中,1.0,力行（加速）,4.0,70.0,70.0,51.59,56.9,987.6,87.0,119.96454616336526,0.0,12.5,この先制限速度なし,183m先で上り勾配12.5‰が終わり平坦になる,前方850.8m先を28.9km/h,後続列車なし,40.0,69.0,未発車,80.0,56.9,0.0,normal,0.1,required_speed未達で惰行し、ノコギリ運転と判定された上、遅延リスクがあるため評価を低くした。
93.0,Train11,巡航フェーズ（駅間走行中）,力行（加速）中,4.0,惰行,50.0,70.0,70.0,51.59,56.9,987.6,87.0,119.96454616336526,0.0,12.5,この先制限速度なし,183m先で上り勾配12.5‰が終わり平坦になる,前方850.8m先を28.9km/h,後続列車なし,40.0,69.0,未発車,80.0,56.9,0.0,normal,0.9,現在は制限速度・CBTCを遵守し、required_speed 未達のため加速は適切で、ノコギリ運転や間隔問題もなく安全運転と判断した。
93.0,Train11,巡航フェーズ（駅間走行中）,ブレーキ（減速）中,1.0,力行（加速）,4.0,70.0,70.0,51.59,56.9,987.6,87.0,119.96454616336526,0.0,12.5,この先制限速度なし,183m先で上り勾配12.5‰が終わり平坦になる,前方850.8m先を28.9km/h,後続列車なし,40.0,69.0,未発車,80.0,56.9,0.0,normal,0.1,巡航フェーズでrequired_speed未達の状態で不必要にブレーキし、さらにノコギリ運転が認められたため低評価。
96.0,Train11,巡航フェーズ（駅間走行中）,惰行中,57.0,力行（加速）,40.0,70.0,70.0,46.99,54.8,948.85,84.0,99.76226609425669,0.0,12.5,この先制限速度なし,145m先で上り勾配12.5‰が終わり平坦になる,前方941.0m先を12.8km/h,後続列車なし,40.0,50.0,未発車,80.0,54.8,0.0,normal,0.3,required_speed未達の状態で惰行を続け、加速不足により定時性が損なわれるリスクが高いため評価を下げた。
96.0,Train11,巡航フェーズ（駅間走行中）,力行（加速）中,1.0,惰行,57.0,70.0,70.0,46.99,54.8,948.85,84.0,99.76226609425669,0.0,12.5,この先制限速度なし,145m先で上り勾配12.5‰が終わり平坦になる,前方941.0m先を12.8km/h,後続列車なし,40.0,50.0,未発車,80.0,54.8,0.0,anti_mid_stop,0.9,先行列車が停車中で機外停車防止モード。target_speed_no_stop 未満で加速しており、CBTC・制限速度遵守、ノコギリ運転なしで適切な操作。
96.0,Train11,巡航フェーズ（駅間走行中）,ブレーキ（減速）中,1.0,惰行,57.0,70.0,70.0,46.99,54.8,948.85,84.0,99.76226609425669,0.0,12.5,この先制限速度なし,145m先で上り勾配12.5‰が終わり平坦になる,前方941.0m先を12.8km/h,後続列車なし,40.0,50.0,未発車,80.0,54.8,0.0,normal,0.2,巡航フェーズでrequired_speed(54.8km/h)未達のにも関わらずブレーキを続行し、加速すべき状況で速度を落としているため大幅減点。
101.0,Train11,巡航フェーズ（駅間走行中）,惰行中,1.0,力行（加速）,9.0,70.0,70.0,51.68,55.8,865.77,79.0,120.37769975326462,0.0,12.5,この先制限速度なし,61m先で上り勾配12.5‰が終わり平坦になる,前方865.8m先を0.0km/h,後続列車なし,40.0,45.0,未発車,80.0,55.8,0.0,normal,0.3,巡航フェーズでrequired_speed 55.8km/hに対し51.7km/hのまま惰行を続けており、速度不足が遅延につながるため低評価とした。
101.0,Train11,巡航フェーズ（駅間走行中）,力行（加速）中,9.0,惰行,52.0,70.0,70.0,51.68,55.8,865.77,79.0,120.37769975326462,0.0,12.5,この先制限速度なし,61m先で上り勾配12.5‰が終わり平坦になる,前方865.8m先を0.0km/h,後続列車なし,40.0,45.0,未発車,80.0,55.8,0.0,anti_mid_stop,0.9,先行列車が停止しているため駅間停車防止モード。target_speed_no_stop以下での加速は適切で、速度超過やノコギリ運転はなく安全に運転している。
101.0,Train11,巡航フェーズ（駅間走行中）,ブレーキ（減速）中,1.0,力行（加速）,9.0,70.0,70.0,51.68,55.8,865.77,79.0,120.37769975326462,0.0,12.5,この先制限速度なし,61m先で上り勾配12.5‰が終わり平坦になる,前方865.8m先を0.0km/h,後続列車なし,40.0,45.0,未発車,80.0,55.8,0.0,anti_mid_stop,0.5,先行列車が停車中で駅間停車防止モード。target_speed_no_stop 未達のまま不必要にブレーキし速度低下させたため減点し、rewardを0.5とした。
73.0,Train11,巡航フェーズ（駅間走行中）,惰行中,24.0,力行（加速）,50.0,70.0,70.0,59.53,59.5,1212.38,107.0,185.4534510763427,0.0,0.0,この先制限速度なし,205m先に上り勾配12.5‰あり,前方892.8m先を36.5km/h,後続列車なし,40.0,89.0,未発車,80.0,59.5,0.0,normal,1.0,巡航フェーズで現在速度がrequired_speedと一致し惰行が適切、制限速度・CBTCを遵守、先行列車との間隔も安全なため最高評価とした。
73.0,Train11,巡航フェーズ（駅間走行中）,力行（加速）中,1.0,惰行,24.0,70.0,70.0,59.53,59.5,1212.38,107.0,185.4534510763427,0.0,0.0,この先制限速度なし,205m先に上り勾配12.5‰あり,前方892.8m先を36.5km/h,後続列車なし,40.0,89.0,未発車,80.0,59.5,0.0,anti_mid_stop,0.9,加速はtarget_speed_no_stop＋5km/h以内であり、先行列車が塞いでいるため機外停車防止モードで適切と判断。
73.0,Train11,巡航フェーズ（駅間走行中）,ブレーキ（減速）中,1.0,惰行,24.0,70.0,70.0,59.53,59.5,1212.38,107.0,185.4534510763427,0.0,0.0,この先制限速度なし,205m先に上り勾配12.5‰あり,前方892.8m先を36.5km/h,後続列車なし,40.0,89.0,未発車,80.0,59.5,0.0,normal,0.2,巡航フェーズでrequired_speedと同等の速度にも関わらず不必要にブレーキを掛け、遅延とエネルギー浪費を招くため低評価とした。
84.0,Train11,巡航フェーズ（駅間走行中）,惰行中,43.0,力行（加速）,42.0,70.0,70.0,51.88,51.9,1094.84,96.0,141.55604883755572,0.0,0.0,この先制限速度なし,90m先に上り勾配12.5‰あり,前方881.0m先を32.6km/h,後続列車なし,40.0,78.0,未発車,80.0,51.9,0.0,normal,1.0,制限速度・CBTCを遵守し、required_speedと同等の惰行で巡航、ノコギリ運転や間隔問題もなく、定時・省エネを満たすため高評価。
84.0,Train11,巡航フェーズ（駅間走行中）,力行（加速）中,1.0,惰行,43.0,70.0,70.0,51.88,51.9,1094.84,96.0,141.55604883755572,0.0,0.0,この先制限速度なし,90m先に上り勾配12.5‰あり,前方881.0m先を32.6km/h,後続列車なし,40.0,78.0,未発車,80.0,51.9,0.0,normal,0.7,巡航フェーズでrequired_speedと同等の速度にも関わらず、不要な力行が続いているためエネルギー無駄と判断し、全体評価を0.7とした。
84.0,Train11,巡航フェーズ（駅間走行中）,ブレーキ（減速）中,1.0,惰行,43.0,70.0,70.0,51.88,51.9,1094.84,96.0,141.55604883755572,0.0,0.0,この先制限速度なし,90m先に上り勾配12.5‰あり,前方881.0m先を32.6km/h,後続列車なし,40.0,78.0,未発車,80.0,51.9,0.0,normal,0.2,巡航フェーズでrequired_speedを維持すべきところ、不要なブレーキで速度を下げ間隔も標準以下、エネルギー効率が低下したため低評価。
71.0,Train11,巡航フェーズ（駅間走行中）,惰行中,25.0,力行（加速）,47.0,70.0,70.0,57.88,57.9,1259.05,109.0,175.51060091267806,0.0,0.0,この先制限速度なし,252m先に上り勾配12.5‰あり,前方1064.5m先を33.1km/h,後続列車なし,40.0,75.0,未発車,80.0,57.9,0.0,anti_mid_stop,1.0,先行列車が前方にあり駅間停車防止モードで、target_speed_no_stopと同等の57.9km/hで惰行を維持し、速度超過やノコギリ運転がなく安全かつ適切な運転と判断したため高評価。
71.0,Train11,巡航フェーズ（駅間走行中）,力行（加速）中,1.0,惰行,25.0,70.0,70.0,57.88,57.9,1259.05,109.0,175.51060091267806,0.0,0.0,この先制限速度なし,252m先に上り勾配12.5‰あり,前方1064.5m先を33.1km/h,後続列車なし,40.0,75.0,未発車,80.0,57.9,0.0,normal,0.6,巡航フェーズでrequired_speedに達しているのに加速（力行）を継続しているため不必要な力行と判断し減点した。
71.0,Train11,巡航フェーズ（駅間走行中）,ブレーキ（減速）中,1.0,惰行,25.0,70.0,70.0,57.88,57.9,1259.05,109.0,175.51060091267806,0.0,0.0,この先制限速度なし,252m先に上り勾配12.5‰あり,前方1064.5m先を33.1km/h,後続列車なし,40.0,75.0,未発車,80.0,57.9,0.0,normal,0.2,巡航フェーズで必要速度を満たすのにブレーキを継続し、無駄な減速で遅延とエネルギー損失を招くため減点する。
63.0,Train11,巡航フェーズ（駅間走行中）,惰行中,1.0,力行（加速）,12.0,70.0,70.0,63.03,63.0,1405.01,117.0,207.39768384956056,0.0,0.0,この先制限速度なし,397m先に上り勾配12.5‰あり,前方1312.0m先を27.8km/h,後続列車なし,20.0,48.0,未発車,100.0,63.0,0.0,normal,1.0,制限速度・CBTCを遵守し、required_speedと一致した惰行で巡航しているため、全項目で安全かつ効率的な運転と判断した。
63.0,Train11,巡航フェーズ（駅間走行中）,力行（加速）中,12.0,惰行,12.0,70.0,70.0,63.03,63.0,1405.01,117.0,207.39768384956056,0.0,0.0,この先制限速度なし,397m先に上り勾配12.5‰あり,前方1312.0m先を27.8km/h,後続列車なし,20.0,48.0,未発車,100.0,63.0,0.0,normal,0.6,巡航フェーズでrequired_speedに達しているのに不要な力行を続けているため減点し、rewardを0.6とした。
63.0,Train11,巡航フェーズ（駅間走行中）,ブレーキ（減速）中,1.0,力行（加速）,12.0,70.0,70.0,63.03,63.0,1405.01,117.0,207.39768384956056,0.0,0.0,この先制限速度なし,397m先に上り勾配12.5‰あり,前方1312.0m先を27.8km/h,後続列車なし,20.0,48.0,未発車,100.0,63.0,0.0,normal,0.2,巡航フェーズでrequired_speedと同等の速度にもかかわらず不必要にブレーキをかけ、遅延とエネルギー浪費を招くため低評価とした。
61.0,Train11,巡航フェーズ（駅間走行中）,惰行中,1.0,力行（加速）,8.0,70.0,70.0,60.28,60.3,1476.08,119.0,190.0584232170709,0.0,0.0,この先制限速度なし,469m先に上り勾配12.5‰あり,前方1367.4m先を28.7km/h,後続列車なし,20.0,50.0,未発車,100.0,60.3,0.0,normal,1.0,全項目で安全・速度・信号遵守、停止位置も余裕あり、惰行維持で適切な巡航運転と判断し高評価。
61.0,Train11,巡航フェーズ（駅間走行中）,力行（加速）中,1.0,惰行,1.0,70.0,70.0,60.28,60.3,1476.08,119.0,190.0584232170709,0.0,0.0,この先制限速度なし,469m先に上り勾配12.5‰あり,前方1367.4m先を28.7km/h,後続列車なし,20.0,50.0,未発車,100.0,60.3,0.0,anti_mid_stop,0.0,先行列車が前方に塞ぎ駅間停車防止モードで、target_speed_no_stopを超える力行と1秒未満のノコギリ運転と判断され、reward上限が0.0となったため0.0とした。
61.0,Train11,巡航フェーズ（駅間走行中）,ブレーキ（減速）中,1.0,惰行,1.0,70.0,70.0,60.28,60.3,1476.08,119.0,190.0584232170709,0.0,0.0,この先制限速度なし,469m先に上り勾配12.5‰あり,前方1367.4m先を28.7km/h,後続列車なし,20.0,50.0,未発車,100.0,60.3,0.0,normal,0.0,不必要なブレーキと1秒未満のノコギリ運転によりreward上限が0.0となった。
98.0,Train11,巡航フェーズ（駅間走行中）,惰行中,59.0,力行（加速）,40.0,70.0,70.0,45.77,54.1,923.08,82.0,94.70678362412657,0.0,12.5,この先制限速度なし,120m先で上り勾配12.5‰が終わり平坦になる,前方824.8m先を26.6km/h,後続列車なし,40.0,64.0,未発車,80.0,54.1,0.0,normal,0.2,巡航フェーズでrequired_speed(54.1km/h)を大きく下回る惰行45.8km/hは先行列車なしでちんたら運転とみなされ、大幅減点の対象となった。
98.0,Train11,巡航フェーズ（駅間走行中）,力行（加速）中,1.0,惰行,59.0,70.0,70.0,45.77,54.1,923.08,82.0,94.70678362412657,0.0,12.5,この先制限速度なし,120m先で上り勾配12.5‰が終わり平坦になる,前方824.8m先を26.6km/h,後続列車なし,40.0,64.0,未発車,80.0,54.1,0.0,normal,0.9,巡航フェーズでrequired_speed未達だが、必要な加速（力行）を行っており、制限速度・CBTC違反なし、ノコギリ運転でもなく全評価項目が適合している。
98.0,Train11,巡航フェーズ（駅間走行中）,ブレーキ（減速）中,1.0,惰行,59.0,70.0,70.0,45.77,54.1,923.08,82.0,94.70678362412657,0.0,12.5,この先制限速度なし,120m先で上り勾配12.5‰が終わり平坦になる,前方824.8m先を26.6km/h,後続列車なし,40.0,64.0,未発車,80.0,54.1,0.0,normal,0.2,巡航フェーズでrequired_speed未達なのに不必要なブレーキを行い、遅延拡大とエネルギー浪費が顕著なため大幅減点。
73.0,Train11,巡航フェーズ（駅間走行中）,惰行中,31.0,力行（加速）,43.0,70.0,70.0,54.65,54.6,1250.05,107.0,156.8002902480905,0.0,0.0,この先制限速度なし,244m先に上り勾配12.5‰あり,前方1073.7m先を32.3km/h,後続列車なし,40.0,73.0,未発車,80.0,54.6,0.0,normal,1.0,現在速度がrequired_speedと一致し、惰行を長時間維持しているため巡航フェーズで適切な運転と判断し、全項目で安全・効率が保たれている。
73.0,Train11,巡航フェーズ（駅間走行中）,力行（加速）中,1.0,惰行,31.0,70.0,70.0,54.65,54.6,1250.05,107.0,156.8002902480905,0.0,0.0,この先制限速度なし,244m先に上り勾配12.5‰あり,前方1073.7m先を32.3km/h,後続列車なし,40.0,73.0,未発車,80.0,54.6,0.0,normal,0.7,巡航フェーズでrequired_speedを満たすのに不要な力行を行っているためエネルギー効率が低下し評価を下げる。
73.0,Train11,巡航フェーズ（駅間走行中）,ブレーキ（減速）中,1.0,惰行,31.0,70.0,70.0,54.65,54.6,1250.05,107.0,156.8002902480905,0.0,0.0,この先制限速度なし,244m先に上り勾配12.5‰あり,前方1073.7m先を32.3km/h,後続列車なし,40.0,73.0,未発車,80.0,54.6,0.0,normal,0.2,巡航フェーズでrequired_speedと同等の速度なのにブレーキで減速しており、遅延とエネルギー浪費を招くため評価を低くした。
53.0,Train11,巡航フェーズ（駅間走行中）,惰行中,5.0,力行（加速）,49.0,70.0,70.0,63.13,63.1,1555.7,127.0,208.04159763976716,0.0,0.0,この先制限速度なし,この先目立った勾配なし,前方1419.0m先を28.9km/h,後続列車なし,0.0,54.0,未発車,120.0,63.1,0.0,normal,0.9,巡航フェーズでrequired_speedを満たす惰行走行、制限速度・CBTC遵守、危険要素なし。
53.0,Train11,巡航フェーズ（駅間走行中）,力行（加速）中,1.0,惰行,5.0,70.0,70.0,63.13,63.1,1555.7,127.0,208.04159763976716,0.0,0.0,この先制限速度なし,この先目立った勾配なし,前方1419.0m先を28.9km/h,後続列車なし,0.0,54.0,未発車,120.0,63.1,0.0,normal,0.3,巡航フェーズでrequired_speedと同等の速度であるにも関わらず力行を続け、前ノッチ惰行から1秒の短時間切替でノコギリ運転と判定されたため評価を大幅に減点し0.3とした。
53.0,Train11,巡航フェーズ（駅間走行中）,ブレーキ（減速）中,1.0,惰行,5.0,70.0,70.0,63.13,63.1,1555.7,127.0,208.04159763976716,0.0,0.0,この先制限速度なし,この先目立った勾配なし,前方1419.0m先を28.9km/h,後続列車なし,0.0,54.0,未発車,120.0,63.1,0.0,anti_mid_stop,0.2,駅間停車防止モードでtarget_speed_no_stopを下回る不必要なブレーキと、持続時間が7秒未満のノコギリ運転と判断され、評価上限が0.3に抑えられたため0.2とした。
111.0,Train11,巡航フェーズ（駅間走行中）,惰行中,1.0,力行（加速）,14.0,70.0,70.0,52.27,52.3,735.88,69.0,143.6573148773734,0.0,0.0,この先制限速度なし,131m先に上り勾配6.1‰あり,前方735.9m先を0.0km/h,後続列車なし,40.0,35.0,未発車,80.0,52.3,0.0,normal,1.0,required_speedとcurrent_speedが一致し、制限速度・CBTCを遵守した惰行で適切な運転と判断したため。
111.0,Train11,巡航フェーズ（駅間走行中）,力行（加速）中,14.0,惰行,57.0,70.0,70.0,52.27,52.3,735.88,69.0,143.6573148773734,0.0,0.0,この先制限速度なし,131m先に上り勾配6.1‰あり,前方735.9m先を0.0km/h,後続列車なし,40.0,35.0,未発車,80.0,52.3,0.0,normal,0.7,巡航フェーズでrequired_speedに達しているのに不要な力行を続けているためエネルギー無駄と評価し、0.7とした。
111.0,Train11,巡航フェーズ（駅間走行中）,ブレーキ（減速）中,1.0,力行（加速）,14.0,70.0,70.0,52.27,52.3,735.88,69.0,143.6573148773734,0.0,0.0,この先制限速度なし,131m先に上り勾配6.1‰あり,前方735.9m先を0.0km/h,後続列車なし,40.0,35.0,未発車,80.0,52.3,0.0,normal,0.2,巡航フェーズでrequired_speedと同等の速度にも関わらず不必要にブレーキをかけて速度を低下させたため、定時性と省エネ性が損なわれ評価を0.2とした。
115.0,Train11,巡航フェーズ（駅間走行中）,惰行中,1.0,力行（加速）,10.0,70.0,70.0,46.74,50.3,730.86,65.0,115.25307408912886,0.0,0.0,この先制限速度なし,127m先に上り勾配6.1‰あり,前方729.6m先を5.1km/h,後続列車なし,40.0,47.0,未発車,80.0,50.3,0.0,anti_mid_stop,0.9,先行列車が塞いでいるため駅間停車防止モードと判定し、target_speed_no_stop以下で惰行している点は適切で、速度・信号遵守に問題なし。
115.0,Train11,巡航フェーズ（駅間走行中）,力行（加速）中,10.0,惰行,67.0,70.0,70.0,46.74,50.3,730.86,65.0,115.25307408912886,0.0,0.0,この先制限速度なし,127m先に上り勾配6.1‰あり,前方729.6m先を5.1km/h,後続列車なし,40.0,47.0,未発車,80.0,50.3,0.0,normal,0.9,巡航フェーズでrequired_speed未満のため加速は適切、速度は制限・CBTC内、ノコギリ運転なし、先行列車との間隔も安全で高評価。
115.0,Train11,巡航フェーズ（駅間走行中）,ブレーキ（減速）中,1.0,力行（加速）,10.0,70.0,70.0,46.74,50.3,730.86,65.0,115.25307408912886,0.0,0.0,この先制限速度なし,127m先に上り勾配6.1‰あり,前方729.6m先を5.1km/h,後続列車なし,40.0,47.0,未発車,80.0,50.3,0.0,normal,0.2,巡航フェーズでrequired_speed未達の状態で不必要にブレーキをかけ、遅延リスクとエネルギー浪費が生じるため0.2とした。
79.0,Train11,巡航フェーズ（駅間走行中）,惰行中,31.0,力行（加速）,49.0,70.0,70.0,57.62,57.6,1119.96,101.0,173.96750937718312,0.0,0.0,この先制限速度なし,113m先に上り勾配12.5‰あり,前方1029.1m先を26.2km/h,後続列車なし,20.0,48.0,未発車,100.0,57.6,0.0,normal,1.0,制限速度・CBTCを遵守し、required_speedと一致した惰行を31秒継続。先行列車は遠く間隔も十分で、エネルギー効率と定時性が高く評価できる。
79.0,Train11,巡航フェーズ（駅間走行中）,力行（加速）中,1.0,惰行,31.0,70.0,70.0,57.62,57.6,1119.96,101.0,173.96750937718312,0.0,0.0,この先制限速度なし,113m先に上り勾配12.5‰あり,前方1029.1m先を26.2km/h,後続列車なし,20.0,48.0,未発車,100.0,57.6,0.0,normal,0.7,required_speedに既に到達しているのに加速ノッチを継続しているため不必要な力行とみなされ、エネルギー効率が低下した。
79.0,Train11,巡航フェーズ（駅間走行中）,ブレーキ（減速）中,1.0,惰行,31.0,70.0,70.0,57.62,57.6,1119.96,101.0,173.96750937718312,0.0,0.0,この先制限速度なし,113m先に上り勾配12.5‰あり,前方1029.1m先を26.2km/h,後続列車なし,20.0,48.0,未発車,100.0,57.6,0.0,normal,0.2,巡航フェーズでrequired_speedを満たすのに不要なブレーキを行い、遅延とエネルギー浪費を招くため大幅減点とした。
81.0,Train11,巡航フェーズ（駅間走行中）,惰行中,39.0,力行（加速）,43.0,70.0,70.0,53.13,53.1,1130.31,99.0,148.34311889755176,0.0,0.0,この先制限速度なし,125m先に上り勾配12.5‰あり,前方1130.3m先を0.0km/h,後続列車なし,20.0,30.0,未発車,100.0,53.1,0.0,normal,1.0,制限速度・CBTCを遵守し、required_speedと同等の惰行で巡航中、過加速やノコギリ運転がなく安全かつ省エネ。
81.0,Train11,巡航フェーズ（駅間走行中）,力行（加速）中,1.0,惰行,39.0,70.0,70.0,53.13,53.1,1130.31,99.0,148.34311889755176,0.0,0.0,この先制限速度なし,125m先に上り勾配12.5‰あり,前方1130.3m先を0.0km/h,後続列車なし,20.0,30.0,未発車,100.0,53.1,0.0,normal,0.6,巡航フェーズでrequired_speedを既に満たすのに加速ノッチを継続し、エネルギー無駄となるため評価を減点し0.6とした。
