time,train_id,phase,current_notch,holding_time,prev_notch,prev_notch_duration,speed_limit,signal_speed,current_speed,required_speed,dist_to_next_station,time_to_next_station,req_stop_dist,delay,current_gradient,next_limit_info,next_gradient_info,forward_info,backward_info,forward_train_delay,forward_clear_remaining_time,forward_departed_next,standard_headway,target_speed_no_stop,forward_observed_delay,mode,reward,reason
206.8,Train11,次駅への減速フェーズ（駅手前400m以内）,ブレーキ（減速）中,3.0,惰行,0.1,70.0,0.0,19.52,70.0,1.0,0.0,18.102926177969664,28.9,9.2,この先制限速度なし,この先目立った勾配なし,前方1.3m先を0.0km/h,後続列車なし,60.0,15.0,未発車,0.0,1.8,9.9,anti_mid_stop,0.0,CBTC信号0km/hに対し現在速度19.5km/hが2km/h以上超過し、即時0点ルールに該当するため。
225.2,Train11,次駅への減速フェーズ（駅手前400m以内）,ブレーキ（減速）中,3.3,惰行,0.1,70.0,0.0,36.98,70.0,45.4,0.0,64.53179936437172,47.3,9.2,この先制限速度なし,この先目立った勾配なし,前方45.7m先を0.0km/h,後続列車なし,60.0,16.7,未発車,-30.0,11.7,0.0,anti_mid_stop,0.0,CBTC信号0km/hに対し現在速度37km/hが2km/h以上超過しているため即reward0.0の安全違反となる。
183.0,Train11,巡航フェーズ（駅間走行中）,力行（加速）中,5.0,ブレーキ（減速）,6.0,70.0,70.0,43.83,70.0,1115.3,0.0,101.5175753404557,51.0,0.0,この先制限速度なし,125m先に上り勾配12.5‰あり,前方768.7m先を55.5km/h,後続列車なし,90.0,88.0,未発車,-60.0,49.6,0.0,anti_mid_stop,0.4,先行列車が塞いでいるためtarget_speed_no_stop以下の加速は適切だが、ブレーキから5秒での力行への切替が7秒未満で合理的根拠がなくノコギリ運転と判定され、上限0.5の減点要因となった。
222.0,Train11,次駅への減速フェーズ（駅手前400m以内）,ブレーキ（減速）中,2.6,力行（加速）,0.1,70.0,49.1,15.32,70.0,0.2,0.0,11.165358255736281,42.1,9.2,この先制限速度なし,この先目立った勾配なし,前方163.2m先を38.2km/h,後続列車なし,60.0,0.0,発車済み,0.0,70.0,0.0,delay_recovery,0.0,delta_stopが-10.97mでブレーキ中でもオーバーランが確実と判断され、即0点ルールが適用されたためrewardは0.0となる。
158.0,Train11,巡航フェーズ（駅間走行中）,力行（加速）中,42.0,惰行,6.0,70.0,70.0,66.95,70.0,1418.6,0.0,233.33710853366065,39.0,0.0,この先制限速度なし,428m先に上り勾配12.5‰あり,前方909.8m先を60.5km/h,後続列車なし,75.0,98.0,未発車,-45.0,57.9,0.0,anti_mid_stop,0.2,先行列車が塞いでいる駅間停車防止モードで、現在速度が target_speed_no_stop(57.9km/h) を5km/h以上上回る力行は機外停車リスクを招くため減点し、rewardは0.2とした。
183.0,Train11,次駅への減速フェーズ（駅手前400m以内）,力行（加速）中,4.0,惰行,6.0,70.0,59.1,67.06,70.0,255.4,0.0,216.61075160524769,19.0,6.1,この先制限速度なし,65m先に上り勾配9.2‰あり,前方219.1m先を18.4km/h,後続列車なし,90.0,58.0,未発車,-30.0,24.3,0.0,anti_mid_stop,0.0,CBTC信号速度59.1km/hを8km/h上回って走行しているため即時0.0ルールが適用され、rewardは0.0となる。
177.0,Train11,巡航フェーズ（駅間走行中）,力行（加速）中,1.0,ブレーキ（減速）,6.0,70.0,70.0,42.0,70.0,695.8,0.0,93.31189839897179,3.0,0.0,この先制限速度なし,105m先に上り勾配6.1‰あり,前方691.1m先を6.9km/h,後続列車なし,75.0,49.0,未発車,-15.0,48.4,0.0,anti_mid_stop,0.4,駅間停車防止モードで target_speed_no_stop 未満の加速は適切だが、ブレーキ後すぐの加速がノコギリ運転と判定され報酬を抑制した。
197.0,Train11,巡航フェーズ（駅間走行中）,力行（加速）中,6.0,惰行,6.0,70.0,70.0,42.58,70.0,580.7,0.0,88.61495741605131,20.0,6.1,この先制限速度なし,390m先に上り勾配9.2‰あり,前方581.0m先を0.5km/h,後続列車なし,90.0,44.0,未発車,-30.0,48.4,0.0,anti_mid_stop,0.4,先行列車が塞いでいる駅間停車防止モードで、6秒未満の加速と直前の6秒惰行の切替に合理的理由がなくノコギリ運転と判定され、報酬が上限0.5に抑えられた。
191.0,Train11,次駅への減速フェーズ（駅手前400m以内）,ブレーキ（減速）中,3.0,力行（加速）,2.0,70.0,70.0,53.31,70.0,364.1,0.0,138.08867151846138,14.0,6.1,この先制限速度なし,174m先に上り勾配9.2‰あり,前方364.4m先を0.0km/h,後続列車なし,60.0,20.0,未発車,0.0,52.6,0.0,anti_mid_stop,0.2,先行列車が停車しているため駅間停車防止モードと判定したが、現在は必要以上に早くブレーキを掛けており停止位置が大幅に手前になるため評価を低くし、rewardを0.2とした。
204.9,Train11,次駅への減速フェーズ（駅手前400m以内）,ブレーキ（減速）中,0.7,惰行,0.2,70.0,0.0,18.48,70.0,0.6,0.0,16.230745489340762,27.0,9.2,この先制限速度なし,この先目立った勾配なし,前方1.0m先を0.0km/h,後続列車なし,75.0,22.0,未発車,-15.0,1.4,0.0,anti_mid_stop,0.0,CBTC信号0km/hを超えて18.5km/hで走行し、即時0.0ルールに該当するためrewardは0.0となる。
201.0,Train11,巡航フェーズ（駅間走行中）,力行（加速）中,11.0,惰行,30.0,70.0,70.0,51.12,70.0,850.8,0.0,117.81808175954619,49.0,12.5,この先制限速度なし,60m先で上り勾配12.5‰が終わり平坦になる,前方727.0m先を34.1km/h,後続列車なし,90.0,70.0,未発車,-60.0,62.2,0.0,anti_mid_stop,0.9,先行列車が塞いでいるため駅間停車防止モードと判定し、target_speed_no_stop 未満での加速は適切と判断した。
117.0,Train11,巡航フェーズ（駅間走行中）,力行（加速）中,28.0,ブレーキ（減速）,30.0,70.0,70.0,46.24,70.0,1964.6,0.0,116.1017607061773,30.0,-2.1,この先制限速度なし,174m先に下り勾配6.7‰あり,前方1004.6m先を62.4km/h,後続列車なし,60.0,124.0,未発車,-30.0,62.7,0.0,anti_mid_stop,1.0,先行列車が塞いでいるため駅間停車防止モードと判定し、target_speed_no_stop以下で加速して安全・CBTC遵守、減点要因なし。
121.0,Train11,巡航フェーズ（駅間走行中）,力行（加速）中,6.0,ブレーキ（減速）,6.0,70.0,70.0,36.11,70.0,1557.3,0.0,69.18829089485298,29.0,0.0,この先制限速度なし,この先目立った勾配なし,前方666.8m先を62.8km/h,後続列車なし,90.0,120.0,未発車,-30.0,54.7,0.0,anti_mid_stop,0.4,先行列車が塞いでいるため駅間停車防止モードと判定し、target_speed_no_stop以下での加速は適切だが、ブレーキからの短時間切替がノコギリ運転とみなされ評価上限が低くなる。
196.0,Train11,巡航フェーズ（駅間走行中）,惰行中,8.0,力行（加速）,16.0,70.0,70.0,63.91,70.0,1227.3,0.0,213.096242819271,49.0,0.0,この先制限速度なし,237m先に上り勾配12.5‰あり,前方1051.6m先を40.0km/h,後続列車なし,60.0,75.0,未発車,-60.0,61.8,0.0,anti_mid_stop,0.9,先行列車が塞いでいるため駅間停車防止モードと判定し、速度がtarget_speed_no_stop上限以内で惰行して安全かつ省エネであるため高評価。
129.0,Train11,巡航フェーズ（駅間走行中）,惰行中,1.0,力行（加速）,39.0,70.0,70.0,56.01,70.0,1793.6,0.0,169.29388975465542,45.0,-2.1,この先制限速度なし,3m先に下り勾配6.7‰あり,前方781.2m先を63.1km/h,後続列車なし,75.0,127.0,未発車,-45.0,55.5,0.0,anti_mid_stop,0.9,先行列車が塞いでいるため駅間停車防止モード。現在速度がtarget_speed_no_stop 55.5km/hを僅か上回るだけで過加速や制限超過はなく、ノコギリ運転もなく安全に機外停車回避できている。
120.0,Train11,巡航フェーズ（駅間走行中）,力行（加速）中,31.0,ブレーキ（減速）,30.0,70.0,70.0,48.87,70.0,1924.9,0.0,129.47766753381111,60.0,-2.1,この先制限速度なし,134m先に下り勾配6.7‰あり,前方491.4m先を63.1km/h,後続列車なし,90.0,151.0,未発車,-60.0,51.1,0.0,anti_mid_stop,1.0,先行列車が塞いでいるため駅間停車防止モードと判定し、target_speed_no_stop未満で加速している点が適切で違反なし。
158.0,Train11,巡航フェーズ（駅間走行中）,惰行中,2.0,力行（加速）,14.0,70.0,70.0,68.95,70.0,718.8,11.0,247.11932627752395,0.0,0.0,この先制限速度なし,128m先に上り勾配6.1‰あり,前方703.7m先を12.0km/h,後続列車なし,60.0,53.0,未発車,0.0,47.4,0.0,anti_mid_stop,0.2,先行列車が塞いでいる駅間停車防止モードで、現在速度がtarget_speed_no_stop 47.4km/h を大幅に上回り過剰加速となり、間隔リスクもあるため減点し0.2とした。
226.8,Train11,次駅への減速フェーズ（駅手前400m以内）,ブレーキ（減速）中,1.1,力行（加速）,0.1,70.0,41.3,40.13,70.0,63.1,0.0,75.88315013775434,46.9,9.2,この先制限速度なし,この先目立った勾配なし,前方130.4m先を28.5km/h,後続列車なし,75.0,0.0,発車済み,-15.0,70.0,0.0,delay_recovery,0.0,delta_stopが-12.78mでオーバーランが確実と判断され、即reward0.0ルールが適用された。
104.0,Train11,駅出発直後の加速フェーズ（20秒以内）,力行（加速）中,15.0,ブレーキ（減速）,30.0,70.0,70.0,31.96,70.0,2108.0,0.0,55.89315744601786,30.0,-2.1,この先制限速度なし,318m先に下り勾配6.7‰あり,前方920.2m先を63.0km/h,後続列車なし,60.0,137.0,未発車,-30.0,61.7,0.0,anti_mid_stop,0.9,先行列車が塞いでいるため駅間停車防止モードと判定し、target_speed_no_stop以下での加速は適切と評価した。
144.0,Train11,巡航フェーズ（駅間走行中）,惰行中,2.0,ブレーキ（減速）,6.0,70.0,70.0,42.92,70.0,1569.6,0.0,97.39530271465064,24.0,0.0,この先制限速度なし,この先目立った勾配なし,前方1077.6m先を60.1km/h,後続列車なし,60.0,97.0,未発車,-30.0,65.1,0.0,anti_mid_stop,0.2,先行列車が塞いでいるため駅間停車防止モードと判定し、target_speed_no_stop 65.1km/h を大きく下回る低速惰行とノコギリ運転が評価を下げ、上限0.3のうち0.2とした。
221.0,Train11,巡航フェーズ（駅間走行中）,力行（加速）中,2.0,惰行,6.0,70.0,70.0,68.35,70.0,637.8,0.0,242.94606317745084,49.0,0.0,この先制限速度なし,47m先に上り勾配6.1‰あり,前方631.0m先を8.1km/h,後続列車なし,60.0,50.0,未発車,-60.0,43.0,0.0,anti_mid_stop,0.1,先行列車が塞いでいる駅間停車防止モードで、target_speed_no_stop 43km/h を大幅に上回り加速し、ノコギリ運転となっているため低評価とした。
68.0,Train11,駅出発直後の加速フェーズ（20秒以内）,力行（加速）中,2.0,惰行,6.0,70.0,70.0,6.09,70.0,2171.1,0.0,2.0491037730736053,0.0,-2.1,この先制限速度なし,381m先に下り勾配6.7‰あり,前方877.9m先を62.9km/h,後続列車なし,60.0,143.0,未発車,0.0,61.3,0.0,anti_mid_stop,1.0,先行列車が塞いでいるため駅間停車防止モードと判定し、target_speed_no_stop以下での加速は適切で違反やノコギリ運転はなく高評価とした。
71.0,Train11,駅出発直後の加速フェーズ（20秒以内）,力行（加速）中,12.0,ブレーキ（減速）,30.0,70.0,70.0,26.99,70.0,2132.7,0.0,39.95252541526575,15.0,-2.1,この先制限速度なし,342m先に下り勾配6.7‰あり,前方629.0m先を63.2km/h,後続列車なし,75.0,155.0,未発車,-15.0,55.5,0.0,anti_mid_stop,0.9,先行列車が塞いでいる駅間停車防止モードで、target_speed_no_stop以下の加速は適切であり、制限速度・CBTC遵守、ノコギリ運転なしで安全に加速しているため高評価。
203.8,Train11,次駅への減速フェーズ（駅手前400m以内）,ブレーキ（減速）中,1.1,惰行,0.1,70.0,0.0,16.51,0.0,-2.0,0.0,14.583400504542361,25.9,0.0,この先制限速度なし,この先目立った勾配なし,前方0.0m先を0.0km/h,後続列車なし,90.0,38.1,未発車,-30.0,0.0,0.0,normal,0.0,CBTC信号が0km/hであるにも関わらず現在速度が16.5km/hと2km/h以上超過しており、即時0.0ルールが適用されたため。
196.1,Train11,次駅への減速フェーズ（駅手前400m以内）,ブレーキ（減速）中,3.2,力行（加速）,1.0,70.0,22.9,42.3,70.0,74.5,0.0,84.22365654233195,18.2,9.2,この先制限速度なし,この先目立った勾配なし,前方74.9m先を0.0km/h,後続列車なし,75.0,30.8,未発車,-15.0,15.0,0.0,anti_mid_stop,0.0,CBTC信号速度22.9km/hを大幅に上回る42.3km/hで走行し、信号超過が即時0.0評価の根本原因となったため、全体評価は0.0とした。
159.0,Train11,巡航フェーズ（駅間走行中）,惰行中,3.0,力行（加速）,14.0,70.0,70.0,68.7,70.0,699.7,11.0,245.3764553295209,0.0,0.0,この先制限速度なし,109m先に上り勾配6.1‰あり,前方687.7m先を10.7km/h,後続列車なし,60.0,52.0,未発車,0.0,46.6,0.0,anti_mid_stop,0.2,先行列車が塞いでいる駅間停車防止モードで、target_speed_no_stop 46.6km/h を大幅に上回る68.7km/hで惰行し、機外停車リスクと列車間隔縮小が顕著なため減点し0.2とした。
196.0,Train11,次駅への減速フェーズ（駅手前400m以内）,ブレーキ（減速）中,1.3,惰行,0.1,70.0,6.1,35.28,70.0,51.4,0.0,58.77951787779803,18.1,9.2,この先制限速度なし,この先目立った勾配なし,前方51.8m先を0.0km/h,後続列車なし,60.0,15.9,未発車,0.0,12.5,0.0,anti_mid_stop,0.0,CBTC信号6.1km/hを大幅に超えて走行しているため即0.0ルールが適用され、rewardは0.0となる。
135.0,Train11,巡航フェーズ（駅間走行中）,惰行中,3.0,力行（加速）,11.0,70.0,70.0,50.64,70.0,1398.6,0.0,134.97358700604303,7.0,0.0,この先制限速度なし,408m先に上り勾配12.5‰あり,前方1004.6m先を57.6km/h,後続列車なし,75.0,91.0,未発車,-15.0,61.0,0.0,anti_mid_stop,0.4,先行列車が塞いでいる駅間停車防止モードで、現在速度がtarget_speed_no_stop(61km/h)を10km/h以上下回り過度に低速な惰行となっているため減点。
203.1,Train11,次駅への減速フェーズ（駅手前400m以内）,ブレーキ（減速）中,0.7,力行（加速）,0.1,70.0,0.0,30.15,70.0,26.5,0.0,43.02112661416249,25.2,9.2,この先制限速度なし,この先目立った勾配なし,前方26.9m先を0.0km/h,後続列車なし,60.0,15.0,未発車,0.0,8.9,6.2,anti_mid_stop,0.0,CBTC信号が0km/hなのに30.1km/hで走行し信号超過が即0.0評価となり、他の要因は無視して安全違反が決定的となった。
225.4,Train11,次駅への減速フェーズ（駅手前400m以内）,力行（加速）中,0.1,ブレーキ（減速）,0.1,70.0,31.8,28.22,70.0,41.1,0.0,37.71837270623324,45.5,9.2,この先制限速度なし,この先目立った勾配なし,前方97.7m先を26.7km/h,後続列車なし,60.0,0.0,発車済み,0.0,70.0,0.0,delay_recovery,0.0,持続時間0.1秒のブレーキ→力行の逆転がノコギリ運転と判定され、上限0.0点となるためrewardは0.0。
202.1,Train11,次駅への減速フェーズ（駅手前400m以内）,ブレーキ（減速）中,3.2,力行（加速）,0.1,70.0,0.0,26.39,70.0,17.8,0.0,33.00817607979247,24.2,9.2,この先制限速度なし,この先目立った勾配なし,前方18.2m先を0.0km/h,後続列車なし,90.0,39.8,未発車,-30.0,7.3,0.0,anti_mid_stop,0.0,CBTC信号0km/hに対し現在速度26.4km/hで2km/h超過しており、即時0.0評価が適用される。
77.0,Train11,駅出発直後の加速フェーズ（20秒以内）,力行（加速）中,18.0,ブレーキ（減速）,30.0,70.0,70.0,36.02,70.0,2079.7,0.0,70.85254473570848,0.0,-2.1,この先制限速度なし,289m先に下り勾配6.7‰あり,前方944.3m先を63.1km/h,後続列車なし,60.0,134.0,未発車,0.0,62.2,0.0,anti_mid_stop,1.0,先行列車が塞いでいるため駅間停車防止モードと判定し、現在速度が target_speed_no_stop 未満で加速中。制限速度・CBTC遵守、ノコギリ運転なしで適切な運転と評価した。
139.0,Train11,駅出発直後の加速フェーズ（20秒以内）,惰行中,4.0,力行（加速）,16.0,70.0,70.0,34.42,70.0,2060.7,0.0,64.75039342884725,75.0,-2.1,この先制限速度なし,270m先に下り勾配6.7‰あり,前方697.3m先を63.0km/h,後続列車なし,75.0,147.0,未発車,-75.0,56.2,0.0,anti_mid_stop,0.3,駅間停車防止モードで target_speed_no_stop (56.2km/h) を大きく下回る惰行は遅延拡大につながるため減点し0.3とする。
209.0,Train11,次駅への減速フェーズ（駅手前400m以内）,力行（加速）中,4.0,惰行,6.0,70.0,70.0,67.19,70.0,305.0,0.0,217.43211741534608,33.0,6.1,この先制限速度なし,114m先に上り勾配9.2‰あり,前方303.3m先を4.3km/h,後続列車なし,75.0,47.0,未発車,-45.0,28.0,0.0,anti_mid_stop,0.1,駅間停車防止モードでtarget_speed_no_stop28km/hを大幅に超える加速とノコギリ運転があり、停車位置達成が危険なため低評価。
231.6,Train11,次駅への減速フェーズ（駅手前400m以内）,ブレーキ（減速）中,0.1,力行（加速）,0.1,70.0,40.5,27.47,70.0,18.4,0.0,35.75049287054656,51.7,9.2,この先制限速度なし,この先目立った勾配なし,前方127.3m先を33.7km/h,後続列車なし,75.0,0.0,発車済み,-15.0,70.0,0.0,delay_recovery,0.0,delta_stopが-17.35mでブレーキ中にも関わらずオーバーランが確実と判定され、即時0点ルールが適用されたため。
224.6,Train11,次駅への減速フェーズ（駅手前400m以内）,惰行中,4.9,ブレーキ（減速）,0.9,70.0,12.0,18.3,70.0,56.5,0.0,15.917011356799298,46.7,9.2,この先制限速度なし,この先目立った勾配なし,前方56.9m先を0.0km/h,後続列車なし,60.0,15.0,未発車,0.0,13.1,27.7,anti_mid_stop,0.0,CBTC信号12km/hを2km/h超える18.3km/hで走行し即0.0、さらにtarget_speed_no_stop13.1km/hを上回っているため評価は0.0となる。
134.0,Train11,駅出発直後の加速フェーズ（20秒以内）,力行（加速）中,15.0,ブレーキ（減速）,30.0,70.0,70.0,31.96,70.0,2108.0,0.0,55.89315744601786,75.0,-2.1,この先制限速度なし,318m先に下り勾配6.7‰あり,前方656.9m先を63.3km/h,後続列車なし,75.0,152.0,未発車,-75.0,56.1,0.0,anti_mid_stop,1.0,先行列車が塞いでいるため駅間停車防止モードとなり、target_speed_no_stop以下の加速は正当で、速度・信号・制限超過がなく安全かつ適切な操作と判断した。
222.2,Train11,次駅への減速フェーズ（駅手前400m以内）,惰行中,2.5,ブレーキ（減速）,0.9,70.0,20.2,19.33,70.0,69.0,0.0,17.753323963441495,44.3,9.2,この先制限速度なし,この先目立った勾配なし,前方69.4m先を0.0km/h,後続列車なし,60.0,15.0,未発車,0.0,14.6,25.3,anti_mid_stop,0.9,先行列車が停車中で駅間停車防止モード。現在速度がtarget_speed_no_stop上限以内で惰行し、CBTC・制限速度遵守しているため高評価。
68.0,Train11,駅出発直後の加速フェーズ（20秒以内）,力行（加速）中,9.0,ブレーキ（減速）,30.0,70.0,70.0,21.14,70.0,2152.8,0.0,24.56989190122231,15.0,-2.1,この先制限速度なし,362m先に下り勾配6.7‰あり,前方596.5m先を63.1km/h,後続列車なし,75.0,158.0,未発車,-15.0,55.0,0.0,anti_mid_stop,0.9,先行列車が塞いでいるため駅間停車防止モードと判定し、target_speed_no_stop以下での加速は適切と評価し高評価とした。
195.0,Train11,次駅への減速フェーズ（駅手前400m以内）,ブレーキ（減速）中,7.0,力行（加速）,10.0,70.0,37.7,51.04,70.0,116.5,0.0,122.06838495917532,18.0,9.2,この先制限速度なし,この先目立った勾配なし,前方116.8m先を0.0km/h,後続列車なし,60.0,16.0,未発車,0.0,20.5,0.0,anti_mid_stop,0.0,CBTC信号速度37.7km/hを2km/h超える51km/hで走行し、即時0.0ルールに該当したため評価は0.0とした。
197.0,Train11,次駅への減速フェーズ（駅手前400m以内）,ブレーキ（減速）中,7.1,惰行,1.0,70.0,24.8,42.78,70.0,78.8,0.0,86.12567309479098,19.1,9.2,この先制限速度なし,この先目立った勾配なし,前方79.2m先を0.0km/h,後続列車なし,75.0,29.9,未発車,-15.0,15.5,0.0,anti_mid_stop,0.0,CBTC信号速度24.8km/hを2km/h以上超える42.8km/hで走行し、即時0.0ルールに該当したため。
213.5,Train11,次駅への減速フェーズ（駅手前400m以内）,ブレーキ（減速）中,3.8,力行（加速）,0.1,70.0,0.0,1.26,0.0,-3.3,0.0,0.08530001943213895,35.6,0.0,この先制限速度なし,この先目立った勾配なし,前方0.0m先を0.0km/h,後続列車なし,90.0,28.4,未発車,-30.0,0.0,0.0,normal,0.0,先行列車が0m前方に停車しており接近距離が40m未満のため即時安全違反と判定し、rewardを0.0とした。
152.0,Train11,巡航フェーズ（駅間走行中）,力行（加速）中,11.0,惰行,6.0,70.0,70.0,50.59,70.0,1495.2,0.0,134.71131359167074,41.0,0.0,この先制限速度なし,この先目立った勾配なし,前方884.0m先を62.1km/h,後続列車なし,75.0,104.0,未発車,-45.0,58.1,0.0,anti_mid_stop,0.9,先行列車が塞いでいる駅間停車防止モードで、target_speed_no_stop以下に加速中。速度上限超過やノコギリ運転はなく、安全かつ適切な操作と判断した。
231.0,Train11,巡航フェーズ（駅間走行中）,惰行中,6.0,力行（加速）,6.0,70.0,70.0,67.72,70.0,445.9,0.0,220.79581895948155,54.0,6.1,この先制限速度なし,255m先に上り勾配9.2‰あり,前方446.3m先を0.0km/h,後続列車なし,60.0,40.0,未発車,-60.0,40.6,0.0,anti_mid_stop,0.8,先行列車が停止しているため駅間停車防止モードと判定し、target_speed_no_stop超過はあるが現在は惰行で減速し安全に対処しているため高評価とした。
110.0,Train11,巡航フェーズ（駅間走行中）,力行（加速）中,44.0,惰行,6.0,70.0,70.0,60.3,70.0,1708.0,5.0,208.7692279483325,0.0,-6.7,この先制限速度なし,67m先で下り勾配6.7‰が終わり平坦になる,前方1148.2m先を61.8km/h,後続列車なし,60.0,101.0,未発車,0.0,56.8,0.0,anti_mid_stop,0.2,先行列車が塞ぎ駅間停車防止モードで、target_speed_no_stopを超える加速は機外停車リスクを高めるため減点し0.2とした。
103.0,Train11,巡航フェーズ（駅間走行中）,惰行中,4.0,力行（加速）,40.0,70.0,70.0,56.97,70.0,1730.5,3.0,186.80679403450074,0.0,-6.7,この先制限速度なし,90m先で下り勾配6.7‰が終わり平坦になる,前方1049.7m先を63.0km/h,後続列車なし,60.0,108.0,未発車,0.0,52.9,0.0,anti_mid_stop,0.8,先行列車が塞ぎ機外停車防止モードで、target_speed_no_stopを超えていないため惰行は適切と判断し高評価とした。
171.0,Train11,巡航フェーズ（駅間走行中）,惰行中,7.0,ブレーキ（減速）,5.0,70.0,70.0,39.09,70.0,1657.3,0.0,88.97886109785523,90.0,-6.7,この先制限速度なし,17m先で下り勾配6.7‰が終わり平坦になる,前方592.2m先を63.0km/h,後続列車なし,90.0,130.0,未発車,-90.0,38.7,0.0,anti_mid_stop,0.9,先行列車が塞いでいるため駅間停車防止モードと判定し、現在速度はtarget_speed_no_stop(38.7km/h)付近で惰行しており、過加速やノコギリ運転はなく安全かつ適切な運転と評価した。
116.0,Train11,巡航フェーズ（駅間走行中）,力行（加速）中,36.0,惰行,6.0,70.0,70.0,64.16,70.0,1554.5,0.0,214.72835320871647,12.0,0.0,この先制限速度なし,この先目立った勾配なし,前方838.7m先を63.4km/h,後続列車なし,75.0,110.0,未発車,-15.0,57.9,0.0,anti_mid_stop,0.2,先行列車が塞いでいるため駅間停車防止モードで、現在速度が target_speed_no_stop(57.9km/h) を 5km/h 超えて力行しており機外停車リスクがある。
228.0,Train11,巡航フェーズ（駅間走行中）,惰行中,16.0,力行（加速）,8.0,70.0,70.0,41.56,70.0,420.2,0.0,84.46386683850744,51.0,6.1,この先制限速度なし,230m先に上り勾配9.2‰あり,前方420.6m先を0.0km/h,後続列車なし,75.0,28.0,未発車,-45.0,47.8,0.0,anti_mid_stop,0.9,先行列車が停車しているため駅間停車防止モード。現在速度はtarget_speed_no_stop(47.8km/h)を6km/h下回るが10km/h以上の低速ではなく、過度な惰行でもないため高評価。
199.7,Train11,次駅への減速フェーズ（駅手前400m以内）,ブレーキ（減速）中,0.8,力行（加速）,0.1,70.0,0.0,23.0,70.0,13.0,0.0,25.103449741580476,21.8,9.2,この先制限速度なし,この先目立った勾配なし,前方13.4m先を0.0km/h,後続列車なし,75.0,27.2,未発車,-15.0,6.3,0.0,anti_mid_stop,0.0,CBTC信号0km/hに対し現在速度23km/hで2km/h超過しており、即時0.0評価の対象となる上、delta_stopが-12.1mでオーバーランリスクが高いためrewardは0.0とする。
225.8,Train11,次駅への減速フェーズ（駅手前400m以内）,ブレーキ（減速）中,1.1,力行（加速）,0.1,70.0,0.0,36.56,70.0,40.6,0.0,63.08620791065713,47.9,9.2,この先制限速度なし,この先目立った勾配なし,前方41.0m先を0.0km/h,後続列車なし,75.0,31.1,未発車,-45.0,11.1,0.0,anti_mid_stop,0.0,CBTC信号0km/hを2km/h以上超過し即時0.0とし、delta_stopが-22.49mでオーバーラン確実のため評価は0.0。
61.0,Train11,駅出発直後の加速フェーズ（20秒以内）,力行（加速）中,2.0,ブレーキ（減速）,30.0,70.0,70.0,3.17,70.0,2177.6,0.0,0.5556035075874219,0.0,-2.1,この先制限速度なし,387m先に下り勾配6.7‰あり,前方761.5m先を62.9km/h,後続列車なし,60.0,150.0,未発車,0.0,58.9,0.0,anti_mid_stop,1.0,先行列車が塞いで駅間停車防止モードと判定され、target_speed_no_stop以下での加速は適切であり、制限速度・CBTC超過なし、ノコギリ運転もなく間隔も安全なため高評価とした。
226.0,Train11,次駅への減速フェーズ（駅手前400m以内）,ブレーキ（減速）中,0.3,力行（加速）,0.1,70.0,42.1,42.52,70.0,72.3,0.0,85.09285080041393,46.1,9.2,この先制限速度なし,この先目立った勾配なし,前方133.4m先を27.5km/h,後続列車なし,75.0,0.0,発車済み,-15.0,70.0,0.0,delay_recovery,0.0,delta_stopが-12.79mでブレーキ中にも関わらずオーバーランが確実と判断され、即時0点ルールが適用されたため。
104.0,Train11,駅出発直後の加速フェーズ（20秒以内）,力行（加速）中,15.0,ブレーキ（減速）,30.0,70.0,70.0,31.96,70.0,2108.0,0.0,55.89315744601786,30.0,-2.1,この先制限速度なし,318m先に下り勾配6.7‰あり,前方920.2m先を63.0km/h,後続列車なし,60.0,137.0,未発車,-30.0,61.7,0.0,anti_mid_stop,0.9,先行列車が塞いでいるため駅間停車防止モードと判定し、target_speed_no_stop以下での加速は適切と判断した。
103.0,Train11,駅出発直後の加速フェーズ（20秒以内）,力行（加速）中,14.0,ブレーキ（減速）,30.0,70.0,70.0,30.39,70.0,2116.7,0.0,50.57430128540498,60.0,-2.1,この先制限速度なし,326m先に下り勾配6.7‰あり,前方387.3m先を59.4km/h,後続列車なし,90.0,168.0,未発車,-60.0,51.5,0.0,anti_mid_stop,1.0,先行列車が塞いで駅間停車防止モードで、target_speed_no_stop未満の加速は適切で、速度・CBTC・安全基準をすべて遵守しているため最高評価。
233.1,Train11,次駅への減速フェーズ（駅手前400m以内）,ブレーキ（減速）中,1.3,力行（加速）,0.1,70.0,0.0,22.96,70.0,11.7,0.0,25.016560467591795,55.2,9.2,この先制限速度なし,この先目立った勾配なし,前方12.1m先を0.0km/h,後続列車なし,60.0,15.0,未発車,-30.0,5.9,6.2,anti_mid_stop,0.0,CBTC信号0km/hに対し現在速度23km/hが2km/h以上超過しており、安全違反の即0.0ルールが適用されたため。
199.4,Train11,次駅への減速フェーズ（駅手前400m以内）,ブレーキ（減速）中,0.5,力行（加速）,0.1,70.0,0.0,34.36,70.0,40.6,0.0,55.77626797615911,21.5,9.2,この先制限速度なし,この先目立った勾配なし,前方40.9m先を0.0km/h,後続列車なし,90.0,42.5,未発車,-30.0,11.1,0.0,anti_mid_stop,0.0,CBTC信号が0km/hであるにも関わらず現在速度34.4km/hが2km/h以上超過しており、即時0.0の安全違反と判断した。
231.8,Train11,次駅への減速フェーズ（駅手前400m以内）,ブレーキ（減速）中,0.9,力行（加速）,0.1,70.0,24.2,41.05,70.0,77.4,0.0,79.36751215408154,53.9,9.2,この先制限速度なし,この先目立った勾配なし,前方77.8m先を0.0km/h,後続列車なし,75.0,25.1,未発車,-45.0,15.3,0.0,anti_mid_stop,0.0,CBTC信号速度24.2km/hを大幅に上回る41km/hで走行しており、即時0.0ルールに該当するため評価は0.0とした。
60.0,Train11,駅出発直後の加速フェーズ（20秒以内）,力行（加速）中,1.0,ブレーキ（減速）,30.0,70.0,70.0,0.0,70.0,2178.0,0.0,0.0,15.0,-2.1,この先制限速度なし,388m先に下り勾配6.7‰あり,前方482.1m先を61.1km/h,後続列車なし,75.0,166.0,未発車,-15.0,53.5,0.0,anti_mid_stop,1.0,先行列車が塞いでいるため駅間停車防止モードと判定し、target_speed_no_stop以下での加速は適切で、制限速度・CBTC違反なし、ノコギリ運転でもなく間隔も安全なため高評価とした。
186.0,Train11,巡航フェーズ（駅間走行中）,力行（加速）中,8.0,ブレーキ（減速）,6.0,70.0,70.0,46.37,70.0,1077.7,0.0,113.46001226004198,50.0,0.0,この先制限速度なし,87m先に上り勾配12.5‰あり,前方775.8m先を51.7km/h,後続列車なし,90.0,85.0,未発車,-60.0,48.7,0.0,anti_mid_stop,0.9,先行列車が塞いで駅間停車防止モード。target_speed_no_stop以下で加速しており、速度は上限を超えていないため高評価。
235.0,Train11,次駅への減速フェーズ（駅手前400m以内）,惰行中,2.0,ブレーキ（減速）,6.0,70.0,53.6,34.08,70.0,184.1,0.0,54.87756520181532,58.0,9.2,この先制限速度なし,この先目立った勾配なし,前方184.5m先を0.0km/h,後続列車なし,60.0,15.0,未発車,-30.0,30.2,9.0,anti_mid_stop,0.4,前ブレーキから惰行への短時間切替が合理的理由なく行われ、ノコギリ運転と判定され上限0.5の減点要因となった。
211.0,Train11,次駅への減速フェーズ（駅手前400m以内）,惰行中,8.0,力行（加速）,12.0,70.0,70.0,49.44,70.0,289.0,0.0,119.03106561061296,34.0,6.1,この先制限速度なし,98m先に上り勾配9.2‰あり,前方289.3m先を0.0km/h,後続列車なし,75.0,15.0,未発車,-15.0,50.2,0.0,anti_mid_stop,0.9,先行列車が停車しているため駅間停車防止モード。現在速度はtarget_speed_no_stop以下で惰行を継続し、CBTC・制限速度を遵守しているため高評価。
236.2,Train11,次駅への減速フェーズ（駅手前400m以内）,ブレーキ（減速）中,4.3,力行（加速）,1.0,70.0,9.1,36.58,70.0,53.5,0.0,63.15468225276608,58.3,9.2,この先制限速度なし,この先目立った勾配なし,前方53.9m先を0.0km/h,後続列車なし,75.0,20.7,未発車,-45.0,12.7,0.0,anti_mid_stop,0.0,CBTC信号速度9.1km/hを大幅に上回る36.6km/hで走行し、即時0.0ルールに該当するため評価は0.0とした。
155.0,Train11,巡航フェーズ（駅間走行中）,力行（加速）中,3.0,惰行,6.0,70.0,70.0,46.64,70.0,1465.5,0.0,114.76712691663109,40.0,0.0,この先制限速度なし,475m先に上り勾配12.5‰あり,前方905.7m先を61.8km/h,後続列車なし,75.0,101.0,未発車,-45.0,58.6,0.0,anti_mid_stop,0.9,先行列車が塞いでいるため駅間停車防止モード。target_speed_no_stop以下での加速は機外停車回避に適切で、制限速度・CBTC違反なし。
155.0,Train11,巡航フェーズ（駅間走行中）,力行（加速）中,2.0,惰行,6.0,70.0,70.0,47.45,70.0,1860.5,0.0,122.16863516878061,90.0,-2.1,この先制限速度なし,70m先に下り勾配6.7‰あり,前方514.6m先を63.5km/h,後続列車なし,90.0,146.0,未発車,-90.0,50.3,0.0,anti_mid_stop,0.9,先行列車が前方で塞いでいるため駅間停車防止モードと判定し、target_speed_no_stop(50.3km/h)未満で加速している点は適切で、ノコギリ運転もなく安全基準を満たすため高評価とした。
179.0,Train11,巡航フェーズ（駅間走行中）,惰行中,19.0,力行（加速）,19.0,70.0,70.0,49.98,70.0,1151.4,0.0,131.53126890061242,53.0,0.0,この先制限速度なし,161m先に上り勾配12.5‰あり,前方741.4m先を58.0km/h,後続列車なし,90.0,92.0,未発車,-60.0,49.4,0.0,anti_mid_stop,0.9,先行列車が塞いでいるため駅間停車防止モード。現在速度がtarget_speed_no_stop付近で惰行し、過加速やノコギリ運転がなく安全かつ適切な運転と判断した。
126.0,Train11,巡航フェーズ（駅間走行中）,力行（加速）中,46.0,惰行,6.0,70.0,70.0,68.9,70.0,1369.5,0.0,246.77029398134084,29.0,0.0,この先制限速度なし,379m先に上り勾配12.5‰あり,前方566.2m先を62.6km/h,後続列車なし,90.0,115.0,未発車,-30.0,49.2,0.0,anti_mid_stop,0.1,駅間停車防止モードでtarget_speed_no_stop 49.2km/h を大幅に超える力行を続け、機外停車リスクが高く評価を大幅減点した。
230.0,Train11,巡航フェーズ（駅間走行中）,惰行中,4.0,ブレーキ（減速）,6.0,70.0,70.0,47.16,70.0,653.8,0.0,117.30484941396043,53.0,0.0,この先制限速度なし,63m先に上り勾配6.1‰あり,前方654.2m先を0.0km/h,後続列車なし,60.0,41.0,未発車,-60.0,52.7,0.0,anti_mid_stop,0.4,先行列車が塞いでいるため駅間停車防止モード。target_speed_no_stop以下での惰行は適切だが、ブレーキ→惰行の切替が7秒未満で合理的理由がなくノコギリ運転と判定され報酬上限が低下した。
238.0,Train11,次駅への減速フェーズ（駅手前400m以内）,ブレーキ（減速）中,1.0,惰行,4.0,70.0,47.7,32.7,70.0,156.3,0.0,50.55294599220969,61.0,9.2,この先制限速度なし,この先目立った勾配なし,前方156.7m先を0.0km/h,後続列車なし,60.0,15.0,未発車,-30.0,26.5,12.0,anti_mid_stop,0.9,先行列車が停車中で機外停車防止モード。現在速度は上限超過だがブレーキで減速しCBTC遵守・安全確保のため適切。
232.0,Train11,次駅への減速フェーズ（駅手前400m以内）,惰行中,3.0,力行（加速）,17.0,70.0,70.0,48.3,70.0,376.7,0.0,113.67695524362271,55.0,6.1,この先制限速度なし,186m先に上り勾配9.2‰あり,前方377.0m先を0.0km/h,後続列車なし,75.0,24.0,未発車,-45.0,47.1,0.0,anti_mid_stop,0.8,先行列車が停止しているため機外停車防止モードとなり、速度はtarget_speed_no_stop(47.1km/h)を超えておらず惰行が適切と判断し高評価。
136.0,Train11,巡航フェーズ（駅間走行中）,力行（加速）中,5.0,惰行,6.0,70.0,70.0,69.44,70.0,1209.6,0.0,250.55195219483574,7.0,0.0,この先制限速度なし,219m先に上り勾配12.5‰あり,前方831.6m先を57.2km/h,後続列車なし,75.0,90.0,未発車,-15.0,52.5,0.0,anti_mid_stop,0.2,先行列車が塞いでいる駅間停車防止モードで、target_speed_no_stop 52.5km/h を大幅に上回る加速とノコギリ運転により機外停車リスクが高く、評価を低くした。
225.0,Train11,次駅への減速フェーズ（駅手前400m以内）,ブレーキ（減速）中,2.0,惰行,1.0,70.0,70.0,50.03,70.0,300.9,0.0,121.84862017848205,48.0,6.1,この先制限速度なし,110m先に上り勾配9.2‰あり,前方301.2m先を0.0km/h,後続列車なし,60.0,16.0,未発車,-30.0,51.0,0.0,anti_mid_stop,0.0,先行列車が塞いでいる駅間停車防止モードで、target_speed_no_stop以下で不要なブレーキと惰行→減速への短時間切替がノコギリ運転と判定され、reward上限が0.0となったため。
232.5,Train11,次駅への減速フェーズ（駅手前400m以内）,ブレーキ（減速）中,0.3,惰行,0.1,70.0,41.0,25.5,70.0,11.7,0.0,30.82954149052628,52.6,9.2,この先制限速度なし,この先目立った勾配なし,前方129.2m先を34.6km/h,後続列車なし,75.0,0.0,発車済み,-15.0,70.0,0.0,delay_recovery,0.0,ブレーキ中にdelta_stopが-19.13mでオーバーランが確実となり、即時0点ルールが適用されるためrewardは0.0。
90.0,Train11,巡航フェーズ（駅間走行中）,力行（加速）中,20.0,惰行,6.0,70.0,70.0,43.42,70.0,1979.1,0.0,102.54142005707766,15.0,-2.1,この先制限速度なし,189m先に下り勾配6.7‰あり,前方808.7m先を62.8km/h,後続列車なし,75.0,136.0,未発車,-15.0,57.6,0.0,anti_mid_stop,0.9,先行列車が塞いでいるため駅間停車防止モードで、target_speed_no_stop 未満の加速は適切であり違反はなし。
102.0,Train11,巡航フェーズ（駅間走行中）,力行（加速）中,27.0,惰行,6.0,70.0,70.0,53.66,70.0,1799.2,3.0,155.62837210603635,0.0,-2.1,この先制限速度なし,9m先に下り勾配6.7‰あり,前方1100.9m先を63.2km/h,後続列車なし,60.0,109.0,未発車,0.0,63.8,0.0,anti_mid_stop,1.0,先行列車が塞いでいるため駅間停車防止モードと判定し、target_speed_no_stop以下での加速は適切で速度超過やノコギリ運転はなく安全と評価した。
203.2,Train11,次駅への減速フェーズ（駅手前400m以内）,ブレーキ（減速）中,2.4,惰行,0.1,70.0,0.0,12.66,70.0,7.5,0.0,7.630480075093365,23.3,9.2,この先制限速度なし,この先目立った勾配なし,前方21.6m先を15.0km/h,後続列車なし,60.0,0.0,発車済み,0.0,70.0,0.0,delay_recovery,0.0,CBTC信号が0km/hなのに現在速度12.7km/hで走行し、signal_speed＋2km/hを超過しているため即時0点とする。
236.8,Train11,次駅への減速フェーズ（駅手前400m以内）,惰行中,17.9,ブレーキ（減速）,6.0,70.0,17.1,18.94,70.0,63.5,0.0,17.046318725491627,58.9,9.2,この先制限速度なし,この先目立った勾配なし,前方63.9m先を0.0km/h,後続列車なし,75.0,15.0,未発車,-15.0,14.0,24.9,anti_mid_stop,0.9,先行列車が停車しているため駅間停車防止モードと判定し、現在速度はtarget_speed_no_stop＋5km/h以内の惰行でCBTC・制限速度超過なし、停止位置も適切であるため高評価とした。
165.0,Train11,巡航フェーズ（駅間走行中）,惰行中,6.0,力行（加速）,40.0,70.0,70.0,57.05,70.0,1698.8,0.0,187.3209350161878,56.0,-6.7,この先制限速度なし,58m先で下り勾配6.7‰が終わり平坦になる,前方1052.9m先を62.5km/h,後続列車なし,60.0,106.0,未発車,-60.0,52.6,0.0,anti_mid_stop,0.9,先行列車が塞いで駅間停車防止モード。現在速度はtarget_speed_no_stop上限以内で惰行し、CBTC・制限速度違反なく安全に運転している。
176.0,Train11,巡航フェーズ（駅間走行中）,惰行中,4.0,力行（加速）,6.0,70.0,70.0,68.09,70.0,461.5,2.0,223.15837875934085,0.0,6.1,この先制限速度なし,271m先に上り勾配9.2‰あり,前方461.9m先を0.0km/h,後続列車なし,60.0,35.0,未発車,0.0,44.5,0.0,anti_mid_stop,0.2,先行列車が停車しているため駅間停車防止モード。現在速度がtarget_speed_no_stop44.5km/hを大きく上回り過剰加速とみなされ、ノコギリ運転も発生したため減点し0.2とした。
187.0,Train11,巡航フェーズ（駅間走行中）,惰行中,2.0,力行（加速）,24.0,70.0,70.0,68.82,70.0,1316.6,0.0,246.21231867007515,50.0,0.0,この先制限速度なし,326m先に上り勾配12.5‰あり,前方1028.8m先を50.4km/h,後続列車なし,60.0,84.0,未発車,-60.0,60.3,0.0,anti_mid_stop,0.2,先行列車が塞いでいる駅間停車防止モードで、現在速度68.8km/hがtarget_speed_no_stop60.3km/hを8.5km/h上回り過剰加速とみなされ機外停車リスクがあるため減点し0.2とした。
114.0,Train11,巡航フェーズ（駅間走行中）,惰行中,4.0,力行（加速）,44.0,70.0,70.0,61.18,70.0,1640.1,0.0,214.76424841591853,30.0,-6.7,この先制限速度なし,0m先で下り勾配6.7‰が終わり平坦になる,前方627.7m先を63.1km/h,後続列車なし,90.0,127.0,未発車,-30.0,39.2,0.0,anti_mid_stop,0.2,先行列車が塞いでいる駅間停車防止モードで、現在速度61.2km/h が target_speed_no_stop 39.2km/h を大きく上回り過剰加速とみなされ減点したため。
139.0,Train11,巡航フェーズ（駅間走行中）,惰行中,3.0,力行（加速）,11.0,70.0,70.0,68.55,70.0,1078.3,11.0,244.33348265756715,0.0,0.0,この先制限速度なし,88m先に上り勾配12.5‰あり,前方934.8m先を36.8km/h,後続列車なし,60.0,72.0,未発車,0.0,55.8,0.0,anti_mid_stop,0.2,先行列車が塞いでいるため駅間停車防止モードと判定し、現在速度が target_speed_no_stop(55.8km/h) を5km/h以上上回っているため過剰加速とみなして減点した。
198.2,Train11,次駅への減速フェーズ（駅手前400m以内）,ブレーキ（減速）中,8.3,力行（加速）,12.0,70.0,30.6,44.27,70.0,93.9,0.0,92.16120304944626,20.3,9.2,この先制限速度なし,この先目立った勾配なし,前方94.3m先を0.0km/h,後続列車なし,90.0,43.7,未発車,-30.0,16.9,0.0,anti_mid_stop,0.0,CBTC信号速度30.6km/hを2km/h超える44.3km/hで走行し、即時0.0ルールに該当したため評価は0.0とした。
237.2,Train11,次駅への減速フェーズ（駅手前400m以内）,ブレーキ（減速）中,1.0,惰行,0.1,70.0,23.4,28.12,70.0,41.2,0.0,37.452984829018305,57.3,9.2,この先制限速度なし,この先目立った勾配なし,前方76.0m先を22.1km/h,後続列車なし,75.0,0.0,発車済み,-15.0,70.0,0.0,delay_recovery,0.0,CBTC信号速度23.4km/hを2km/h超える28.1km/hで走行しており、即時0点ルールに該当するためrewardは0.0とした。
237.0,Train11,巡航フェーズ（駅間走行中）,ブレーキ（減速）中,5.0,惰行,1.0,70.0,70.0,47.28,70.0,704.5,0.0,117.89427252637657,63.0,0.0,この先制限速度なし,114m先に上り勾配6.1‰あり,前方699.8m先を6.9km/h,後続列車なし,75.0,49.0,未発車,-75.0,50.1,0.0,anti_mid_stop,0.0,先行列車が塞ぎ駅間停車防止モードで、target_speed_no_stop以下なのに減速し、前ノッチが1秒で切替えたためノコギリ運転と判定され上限0.0になる。
188.0,Train11,巡航フェーズ（駅間走行中）,惰行中,4.0,力行（加速）,8.0,70.0,70.0,67.11,70.0,699.3,0.0,234.42613630105845,34.0,0.0,この先制限速度なし,109m先に上り勾配6.1‰あり,前方593.7m先を31.5km/h,後続列車なし,75.0,68.0,未発車,-45.0,37.7,0.0,anti_mid_stop,0.2,駅間停車防止モードで target_speed_no_stop 37.7km/h を大幅に上回る 67.1km/h の惰行は過剰加速とみなされ機外停車リスクがあるため減点。
99.0,Train11,巡航フェーズ（駅間走行中）,力行（加速）中,33.0,惰行,6.0,70.0,70.0,51.36,70.0,1878.3,2.0,142.78491694257417,0.0,-2.1,この先制限速度なし,88m先に下り勾配6.7‰あり,前方1127.5m先を63.1km/h,後続列車なし,60.0,112.0,未発車,0.0,66.0,0.0,anti_mid_stop,0.9,先行列車が塞いでいるため駅間停車防止モードと判定し、target_speed_no_stop以下で加速しているので適切な運転と評価した。
152.0,Train11,巡航フェーズ（駅間走行中）,力行（加速）中,2.0,惰行,6.0,70.0,70.0,65.88,70.0,832.3,0.0,194.01467225894916,22.0,12.5,この先制限速度なし,42m先で上り勾配12.5‰が終わり平坦になる,前方470.1m先を56.8km/h,後続列車なし,90.0,89.0,未発車,-30.0,59.7,0.0,anti_mid_stop,0.2,先行列車が塞いで駅間停車防止モード。target_speed_no_stop 59.7km/h を超える65.9km/h の力行とノコギリ運転で過加速と間隔不足が生じ、減点対象となった。
167.0,Train11,巡航フェーズ（駅間走行中）,力行（加速）中,3.0,惰行,9.0,70.0,70.0,58.85,70.0,1267.5,0.0,181.3244098391796,37.0,0.0,この先制限速度なし,277m先に上り勾配12.5‰あり,前方905.3m先を56.8km/h,後続列車なし,75.0,89.0,未発車,-45.0,56.0,0.0,anti_mid_stop,0.9,先行列車が前方で塞いでいるため駅間停車防止モード。現在速度はtarget_speed_no_stop上限以内で加速しており、制限速度・CBTC遵守、ノコギリ運転なしで安全に運転している。
198.1,Train11,次駅への減速フェーズ（駅手前400m以内）,ブレーキ（減速）中,14.2,力行（加速）,9.0,70.0,0.0,26.67,70.0,35.6,0.0,33.70877524331821,20.2,9.2,この先制限速度なし,この先目立った勾配なし,前方36.5m先を3.0km/h,後続列車なし,60.0,0.0,発車済み,0.0,70.0,0.0,delay_recovery,0.0,CBTC信号0km/hに対し26.7km/hで走行し信号超過が即0.0と判定されたため。
205.9,Train11,次駅への減速フェーズ（駅手前400m以内）,ブレーキ（減速）中,0.2,惰行,0.2,70.0,0.0,19.31,70.0,3.5,0.0,17.716720502926574,28.0,9.2,この先制限速度なし,この先目立った勾配なし,前方3.9m先を0.0km/h,後続列車なし,75.0,21.0,未発車,-15.0,3.3,0.0,anti_mid_stop,0.0,CBTC信号0km/hを2km/h以上超過し即reward0.0ルールに該当、過走リスクもあるため評価は0.0。
96.0,Train11,巡航フェーズ（駅間走行中）,力行（加速）中,17.0,惰行,6.0,70.0,70.0,43.29,70.0,1938.0,0.0,101.93591558457516,30.0,-2.1,この先制限速度なし,148m先に下り勾配6.7‰あり,前方609.8m先を63.3km/h,後続列車なし,90.0,145.0,未発車,-30.0,53.3,0.0,anti_mid_stop,0.9,先行列車が未発車で駅間停車防止モード。target_speed_no_stop以下で加速しており、上限超過やノコギリ運転はなく安全かつ適切な操作。
137.0,Train11,巡航フェーズ（駅間走行中）,力行（加速）中,48.0,ブレーキ（減速）,30.0,70.0,70.0,62.67,70.0,1661.6,0.0,225.09573434745053,60.0,-6.7,この先制限速度なし,21m先で下り勾配6.7‰が終わり平坦になる,前方526.2m先を63.1km/h,後続列車なし,90.0,134.0,未発車,-60.0,37.1,0.0,anti_mid_stop,0.1,先行列車が塞いでいる駅間停車防止モードで、target_speed_no_stop(37.1km/h)を大幅に上回る力行は機外停車リスクを高めるため0.1とした。
84.0,Train11,巡航フェーズ（駅間走行中）,力行（加速）中,25.0,ブレーキ（減速）,30.0,70.0,70.0,43.47,70.0,2002.0,0.0,102.77476801771388,30.0,-2.1,この先制限速度なし,211m先に下り勾配6.7‰あり,前方463.2m先を62.9km/h,後続列車なし,90.0,157.0,未発車,-30.0,51.1,0.0,anti_mid_stop,0.9,先行列車が次駅未発車で前方を塞いでいるため駅間停車防止モードと判定し、target_speed_no_stop 51.1km/h 以下での加速は機外停車回避に適切であり、他の安全項目も満たすため高評価。
192.4,Train11,次駅への減速フェーズ（駅手前400m以内）,ブレーキ（減速）中,1.2,力行（加速）,0.1,70.0,25.2,43.4,70.0,79.7,0.0,88.61298543103476,14.5,9.2,この先制限速度なし,この先目立った勾配なし,前方80.1m先を0.0km/h,後続列車なし,75.0,34.5,未発車,-15.0,15.6,0.0,anti_mid_stop,0.0,CBTC信号速度25.2km/hを超えて43.4km/hで走行し、delta_stopが-8.91mでオーバーランリスクが顕著なため、即時0.0ルールが適用される。
170.0,Train11,巡航フェーズ（駅間走行中）,惰行中,9.0,力行（加速）,18.0,70.0,70.0,51.26,70.0,1275.8,0.0,138.2460674254702,55.0,0.0,この先制限速度なし,285m先に上り勾配12.5‰あり,前方716.0m先を61.8km/h,後続列車なし,90.0,101.0,未発車,-60.0,50.8,0.0,anti_mid_stop,0.9,先行列車が塞ぎ機外停車防止モードで、速度がtarget_speed_no_stop付近(51.3km/h)で惰行し、制限速度・CBTC遵守、ノコギリ運転なしと適切な運転と判断した。
179.0,Train11,次駅への減速フェーズ（駅手前400m以内）,力行（加速）中,4.0,惰行,6.0,70.0,70.0,67.13,70.0,303.8,0.0,217.05284459165063,3.0,6.1,この先制限速度なし,113m先に上り勾配9.2‰あり,前方302.2m先を4.3km/h,後続列車なし,75.0,47.0,未発車,-15.0,28.0,0.0,anti_mid_stop,0.2,先行列車が塞いで駅間停車防止モードで、target_speed_no_stop 28km/h を大幅に超える加速とノコギリ運転により機外停車リスクが高く、評価を低くした。
157.0,Train11,巡航フェーズ（駅間走行中）,惰行中,1.0,力行（加速）,14.0,70.0,70.0,69.19,70.0,738.0,11.0,248.79786759351862,0.0,0.0,この先制限速度なし,148m先に上り勾配6.1‰あり,前方719.3m先を13.3km/h,後続列車なし,60.0,54.0,未発車,0.0,48.2,0.0,anti_mid_stop,0.2,駅間停車防止モードでtarget_speed_no_stop 48.2km/hを大幅に上回る69.2km/hで惰行しており、機外停車リスクがあるため減点し低評価とした。
120.0,Train11,巡航フェーズ（駅間走行中）,力行（加速）中,4.0,惰行,6.0,70.0,70.0,36.7,70.0,1988.1,0.0,73.52711795832631,45.0,-2.1,この先制限速度なし,198m先に下り勾配6.7‰あり,前方817.7m先を62.8km/h,後続列車なし,75.0,136.0,未発車,-45.0,57.9,0.0,anti_mid_stop,0.9,先行列車が停車中で駅間停車防止モード。target_speed_no_stop以下での加速は適切で、速度超過やノコギリ運転はなく安全かつ効率的。
228.8,Train11,次駅への減速フェーズ（駅手前400m以内）,ブレーキ（減速）中,0.9,惰行,0.1,70.0,0.0,33.87,70.0,45.7,0.0,54.2082374404827,50.9,9.2,この先制限速度なし,この先目立った勾配なし,前方46.1m先を0.0km/h,後続列車なし,60.0,15.0,未発車,-30.0,11.8,1.9,anti_mid_stop,0.0,CBTC信号0km/hを2km/h以上超過し即0.0ルールに該当するため、rewardは0.0とする。
145.0,Train11,巡航フェーズ（駅間走行中）,惰行中,2.0,力行（加速）,4.0,70.0,70.0,36.75,70.0,2007.1,0.0,73.72568476512392,60.0,-2.1,この先制限速度なし,217m先に下り勾配6.7‰あり,前方1012.2m先を62.9km/h,後続列車なし,60.0,126.0,未発車,-60.0,63.2,0.0,anti_mid_stop,0.2,先行列車が塞いで駅間停車防止モードとなり、target_speed_no_stopを大幅に下回る惰行とノコギリ運転が判定され、評価上限が0.2に抑えられた。
99.0,Train11,駅出発直後の加速フェーズ（20秒以内）,惰行中,4.0,力行（加速）,6.0,70.0,70.0,16.59,70.0,2149.5,0.0,15.15723772111091,45.0,-2.1,この先制限速度なし,359m先に下り勾配6.7‰あり,前方610.7m先を62.9km/h,後続列車なし,75.0,157.0,未発車,-45.0,55.3,0.0,anti_mid_stop,0.2,先行列車が塞いで駅間停車防止モードと判定され、target_speed_no_stop 55.3km/h を大幅に下回る16.6km/h の惰行は過度な低速とみなされ、さらにノコギリ運転（保持時間4秒、前ノッチ6秒）に該当するため評価を大幅に減点し0.2とした。
70.0,Train11,駅出発直後の加速フェーズ（20秒以内）,惰行中,6.0,力行（加速）,5.0,70.0,70.0,14.13,70.0,2147.9,0.0,11.00466290298763,15.0,-2.1,この先制限速度なし,357m先に下り勾配6.7‰あり,前方626.7m先を63.5km/h,後続列車なし,75.0,156.0,未発車,-15.0,55.9,0.0,anti_mid_stop,0.2,先行が塞いで駅間停車防止モードだが、target_speed_no_stop55.9km/hに対し14.1km/hの惰行は過度に遅く、力行→惰行への短時間切替でノコギリ運転とみなされたため評価を低下させた。
161.0,Train11,巡航フェーズ（駅間走行中）,力行（加速）中,7.0,惰行,28.0,70.0,70.0,48.87,70.0,1037.9,0.0,125.83817872016586,19.0,0.0,この先制限速度なし,47m先に上り勾配12.5‰あり,前方803.3m先を45.4km/h,後続列車なし,90.0,80.0,未発車,-30.0,49.5,0.0,anti_mid_stop,0.9,先行列車が塞いでいるため駅間停車防止モード。現在速度がtarget_speed_no_stop未満で加速中であり、上限超過もなく安全かつ適切な運転と判断した。
118.0,Train11,巡航フェーズ（駅間走行中）,力行（加速）中,29.0,ブレーキ（減速）,30.0,70.0,70.0,47.13,70.0,1951.6,0.0,120.54971637069741,30.0,-2.1,この先制限速度なし,161m先に下り勾配6.7‰あり,前方1009.0m先を62.5km/h,後続列車なし,60.0,123.0,未発車,-30.0,62.7,0.0,anti_mid_stop,0.8,先行列車が前方で塞いでいるため駅間停車防止モードと判定し、target_speed_no_stop以下で加速している現在の力行は適切であり、速度超過やノコギリ運転もなく高評価とした。
209.4,Train11,次駅への減速フェーズ（駅手前400m以内）,ブレーキ（減速）中,5.6,力行（加速）,0.1,70.0,0.0,12.7,70.0,4.9,0.0,7.678689543248394,31.5,9.2,この先制限速度なし,この先目立った勾配なし,前方5.3m先を0.0km/h,後続列車なし,90.0,32.5,未発車,-30.0,3.9,0.0,anti_mid_stop,0.0,CBTC信号0km/hに対し現在速度12.7km/hが2km/h超過し即時0点ルールが適用されたためrewardは0.0。
137.0,Train11,駅出発直後の加速フェーズ（20秒以内）,惰行中,4.0,力行（加速）,14.0,70.0,70.0,31.62,70.0,2081.5,0.0,54.71918442957659,60.0,-2.1,この先制限速度なし,291m先に下り勾配6.7‰あり,前方946.2m先を63.1km/h,後続列車なし,60.0,134.0,未発車,-60.0,61.8,0.0,anti_mid_stop,0.2,先行列車が塞いで駅間停車防止モードで、target_speed_no_stop 61.8km/h を10km/h以上下回る惰行は過度な低速とみなされ減点し、reward 0.2とした。
224.7,Train11,次駅への減速フェーズ（駅手前400m以内）,惰行中,5.0,ブレーキ（減速）,0.9,70.0,11.6,18.25,70.0,56.0,0.0,15.830402548027855,46.8,9.2,この先制限速度なし,この先目立った勾配なし,前方56.4m先を0.0km/h,後続列車なし,60.0,15.0,未発車,0.0,13.0,27.8,anti_mid_stop,0.0,CBTC信号速度11.6km/hを2km/h超える18.2km/hで走行しているため即時0点ルールが適用され、rewardは0.0となる。
134.0,Train11,巡航フェーズ（駅間走行中）,惰行中,2.0,力行（加速）,11.0,70.0,70.0,50.82,70.0,1412.6,0.0,135.919794406636,8.0,0.0,この先制限速度なし,422m先に上り勾配12.5‰あり,前方1002.6m先を58.0km/h,後続列車なし,75.0,92.0,未発車,-15.0,60.9,0.0,anti_mid_stop,0.4,先行列車が塞いで駅間停車防止モード。現在速度がtarget_speed_no_stop(60.9km/h)を10km/h以上下回り、過度な惰行と判断し減点したため。
121.0,Train11,巡航フェーズ（駅間走行中）,力行（加速）中,32.0,ブレーキ（減速）,30.0,70.0,70.0,49.72,70.0,1911.2,0.0,133.9502099322065,29.0,-2.1,この先制限速度なし,121m先に下り勾配6.7‰あり,前方1020.8m先を62.8km/h,後続列車なし,60.0,120.0,未発車,-30.0,62.4,0.0,anti_mid_stop,0.9,先行列車が塞いでいるため駅間停車防止モード。target_speed_no_stop以下で加速中であり、過加速やCBTC違反はなく適切な操作と判断した。
204.0,Train11,巡航フェーズ（駅間走行中）,力行（加速）中,2.0,惰行,6.0,70.0,70.0,68.22,70.0,993.3,0.0,242.04620951287941,65.0,0.0,この先制限速度なし,3m先に上り勾配12.5‰あり,前方732.8m先を47.9km/h,後続列車なし,75.0,82.0,未発車,-75.0,46.5,0.0,anti_mid_stop,0.1,先行列車が塞いでいる駅間停車防止モードで、target_speed_no_stop 46.5km/h を大幅に超えて加速し、ノコギリ運転も発生しているため低評価とする。
197.3,Train11,次駅への減速フェーズ（駅手前400m以内）,ブレーキ（減速）中,1.0,力行（加速）,0.1,70.0,0.0,34.9,70.0,44.3,0.0,57.52968828819486,19.4,9.2,この先制限速度なし,この先目立った勾配なし,前方44.6m先を0.3km/h,後続列車なし,90.0,44.6,未発車,-30.0,11.6,0.0,anti_mid_stop,0.0,CBTC信号を2km/h超過し、delta_stopが-13.23mでオーバーランが確実なため即0.0適用。
221.6,Train11,次駅への減速フェーズ（駅手前400m以内）,惰行中,1.9,ブレーキ（減速）,0.9,70.0,21.9,19.59,70.0,72.3,0.0,18.232579539977436,43.7,9.2,この先制限速度なし,この先目立った勾配なし,前方72.6m先を0.0km/h,後続列車なし,60.0,15.0,未発車,0.0,15.1,24.7,anti_mid_stop,0.0,短時間でブレーキ→惰行の切替が合理的理由なく行われ、ノコギリ運転と判定され上限rewardが0.0となった。
236.2,Train11,次駅への減速フェーズ（駅手前400m以内）,惰行中,17.3,ブレーキ（減速）,6.0,70.0,19.0,19.2,70.0,66.7,0.0,17.51607151137272,58.3,9.2,この先制限速度なし,この先目立った勾配なし,前方67.1m先を0.0km/h,後続列車なし,75.0,15.0,未発車,-15.0,14.4,24.3,anti_mid_stop,0.9,先行列車が停車中で駅間停車防止モード。現在速度はtarget_speed_no_stop＋5km/h以内で惰行し、CBTC・制限速度遵守、停止位置も確保できるため高評価とし0.9とする。
167.0,Train11,巡航フェーズ（駅間走行中）,力行（加速）中,7.0,惰行,6.0,70.0,70.0,57.2,70.0,1677.4,0.0,188.28674575903713,74.0,-6.7,この先制限速度なし,37m先で下り勾配6.7‰が終わり平坦になる,前方804.5m先を62.9km/h,後続列車なし,75.0,119.0,未発車,-75.0,45.1,0.0,anti_mid_stop,0.2,先行列車が塞いで駅間停車防止モード。target_speed_no_stop 45.1km/h を超える加速が続き機外停車リスクがあるため減点し0.2とした。
136.0,Train11,駅出発直後の加速フェーズ（20秒以内）,力行（加速）中,17.0,ブレーキ（減速）,30.0,70.0,70.0,34.74,70.0,2089.5,0.0,65.94934798318482,89.0,-2.1,この先制限速度なし,299m先に下り勾配6.7‰あり,前方410.6m先を61.9km/h,後続列車なし,90.0,165.0,未発車,-90.0,51.6,0.0,anti_mid_stop,0.9,先行列車が塞いでいるため駅間停車防止モード。現在はtarget_speed_no_stop未満で加速中であり、制限速度・CBTC超過や過加速はなく適切な操作と判断し高評価。
194.0,Train11,巡航フェーズ（駅間走行中）,惰行中,10.0,力行（加速）,8.0,70.0,70.0,45.33,70.0,477.2,0.0,100.2874277199366,17.0,6.1,この先制限速度なし,287m先に上り勾配9.2‰あり,前方477.5m先を0.0km/h,後続列車なし,75.0,32.0,未発車,-15.0,49.0,0.0,anti_mid_stop,0.9,先行列車が停車しているため駅間停車防止モード。target_speed_no_stop以下での惰行は適切で、過加速はなく安全・省エネに優れる。
230.5,Train11,次駅への減速フェーズ（駅手前400m以内）,ブレーキ（減速）中,7.6,力行（加速）,6.0,70.0,30.3,44.57,70.0,92.9,0.0,93.40039613943304,52.6,9.2,この先制限速度なし,この先目立った勾配なし,前方93.3m先を0.0km/h,後続列車なし,75.0,26.4,未発車,-45.0,16.8,0.0,anti_mid_stop,0.0,CBTC信号速度30.3km/hを2km/h超えて44.6km/hで走行しており、即reward0.0ルールが適用されるため評価は0.0となる。
191.2,Train11,次駅への減速フェーズ（駅手前400m以内）,力行（加速）中,0.1,ブレーキ（減速）,7.2,70.0,30.9,46.64,70.0,94.8,0.0,102.1692484404973,13.3,9.2,この先制限速度なし,この先目立った勾配なし,前方95.2m先を0.0km/h,後続列車なし,75.0,35.7,未発車,-15.0,17.0,0.0,anti_mid_stop,0.0,CBTC信号速度30.9km/hを2km/h超える46.6km/hで走行し、即時0点ルールに該当するためrewardは0.0。
192.0,Train11,次駅への減速フェーズ（駅手前400m以内）,惰行中,23.0,力行（加速）,21.0,70.0,70.0,48.68,70.0,350.7,0.0,115.44846601259106,15.0,6.1,この先制限速度なし,160m先に上り勾配9.2‰あり,前方351.0m先を0.0km/h,後続列車なし,60.0,19.0,未発車,0.0,52.4,0.0,anti_mid_stop,0.9,先行列車が停車中で機外停車防止モード。現在速度はtarget_speed_no_stop以下で惰行し、制限速度・CBTC遵守、過剰加速なし、停車位置も確保できるため高評価。
215.0,Train11,次駅への減速フェーズ（駅手前400m以内）,惰行中,5.0,力行（加速）,15.0,70.0,70.0,66.44,70.0,356.5,0.0,212.71351416586324,38.0,6.1,この先制限速度なし,166m先に上り勾配9.2‰あり,前方356.9m先を0.0km/h,後続列車なし,75.0,41.0,未発車,-45.0,33.2,0.0,anti_mid_stop,0.1,先行列車が停止しているため機外停車防止モードで、現在速度66.4km/hがtarget_speed_no_stop(33.2km/h)を大幅に超えており過剰加速とみなされる。
207.5,Train11,次駅への減速フェーズ（駅手前400m以内）,ブレーキ（減速）中,1.8,惰行,0.2,70.0,0.0,14.62,0.0,-4.0,0.0,11.442826714590378,29.6,0.0,この先制限速度なし,この先目立った勾配なし,前方0.0m先を0.0km/h,後続列車なし,75.0,19.4,未発車,-15.0,0.0,0.0,normal,0.0,CBTC信号0km/hに対し14.6km/hで走行し、signal_speed+2km/hを超過しているため即時0点とする。
235.6,Train11,次駅への減速フェーズ（駅手前400m以内）,惰行中,16.7,ブレーキ（減速）,6.0,70.0,20.7,19.46,70.0,69.9,0.0,17.99216007132153,57.7,9.2,この先制限速度なし,この先目立った勾配なし,前方70.3m先を0.0km/h,後続列車なし,75.0,15.0,未発車,-15.0,14.8,23.7,anti_mid_stop,0.9,先行列車が停車しているため駅間停車防止モードと判定し、速度はtarget_speed_no_stop上限内で惰行、CBTC・制限速度遵守、ノコギリ運転なし、停止位置も確保できるため高評価とした。
238.5,Train11,次駅への減速フェーズ（駅手前400m以内）,ブレーキ（減速）中,0.7,惰行,0.1,70.0,0.0,30.27,70.0,32.2,0.0,43.362166743583195,60.6,9.2,この先制限速度なし,この先目立った勾配なし,前方32.6m先を0.0km/h,後続列車なし,75.0,18.4,未発車,-45.0,9.9,0.0,anti_mid_stop,0.0,CBTC信号0km/hに対し30.3km/hで走行し、信号超過が即0.0評価となったため。
110.0,Train11,巡航フェーズ（駅間走行中）,惰行中,6.0,力行（加速）,15.0,70.0,70.0,32.88,70.0,2053.0,0.0,59.13098603806657,45.0,-2.1,この先制限速度なし,262m先に下り勾配6.7‰あり,前方707.1m先を63.5km/h,後続列車なし,75.0,146.0,未発車,-45.0,56.6,0.0,anti_mid_stop,0.3,先行列車が塞いで駅間停車防止モードとなり、target_speed_no_stop 56.6km/h を10km/h以上下回る惰行で過度に遅く、遅延拡大のため減点。
69.0,Train11,駅出発直後の加速フェーズ（20秒以内）,力行（加速）中,3.0,惰行,6.0,70.0,70.0,8.94,70.0,2169.0,0.0,4.412292745231297,30.0,-2.1,この先制限速度なし,378m先に下り勾配6.7‰あり,前方375.4m先を56.0km/h,後続列車なし,90.0,172.0,未発車,-30.0,51.7,0.0,anti_mid_stop,0.3,先行列車が塞いでいる駅間停車防止モードで、target_speed_no_stop以下の加速は適切だが、coastingから3秒の力行への切替が7秒未満で合理的根拠がなくノコギリ運転と判定され、reward上限が0.3に抑えられた。
60.0,Train11,駅出発直後の加速フェーズ（20秒以内）,力行（加速）中,1.0,ブレーキ（減速）,30.0,70.0,70.0,0.0,70.0,2178.0,0.0,0.0,0.0,-2.1,この先制限速度なし,388m先に下り勾配6.7‰あり,前方744.4m先を63.1km/h,後続列車なし,60.0,151.0,未発車,0.0,58.4,0.0,anti_mid_stop,0.9,先行列車が塞いでいるため駅間停車防止モードと判定し、target_speed_no_stop以下での加速開始は適切で、速度超過やノコギリ運転はなく安全・効率的と判断した。
124.0,Train11,巡航フェーズ（駅間走行中）,惰行中,2.0,力行（加速）,33.0,70.0,70.0,51.27,70.0,1868.9,0.0,142.29308904533934,60.0,-2.1,この先制限速度なし,78m先に下り勾配6.7‰あり,前方505.5m先を63.0km/h,後続列車なし,90.0,147.0,未発車,-60.0,50.7,0.0,anti_mid_stop,0.9,先行列車が塞いでいるため駅間停車防止モード。現在速度はtarget_speed_no_stop付近で惰行継続し、制限速度・CBTC信号を遵守、ノコギリ運転もなく安全に運転している。
162.0,Train11,巡航フェーズ（駅間走行中）,力行（加速）中,15.0,惰行,5.0,70.0,70.0,53.43,70.0,1335.3,0.0,149.9945857830544,19.0,0.0,この先制限速度なし,345m先に上り勾配12.5‰あり,前方1113.2m先を44.2km/h,後続列車なし,60.0,79.0,未発車,-30.0,65.9,0.0,anti_mid_stop,0.9,先行列車が未発車で駅間停車防止モード。target_speed_no_stop以下で加速し、速度は上限を超えておらず、CBTC・制限速度遵守、ノコギリ運転なし。
143.0,Train11,巡航フェーズ（駅間走行中）,惰行中,4.0,力行（加速）,11.0,70.0,70.0,47.11,70.0,1302.7,0.0,117.05967626336385,24.0,0.0,この先制限速度なし,312m先に上り勾配12.5‰あり,前方794.0m先を60.5km/h,後続列車なし,90.0,98.0,未発車,-30.0,53.2,0.0,anti_mid_stop,0.7,先行列車が塞いでいるため駅間停車防止モードと判定し、target_speed_no_stop以下の惰行は適切である。
227.2,Train11,次駅への減速フェーズ（駅手前400m以内）,惰行中,7.5,ブレーキ（減速）,0.9,70.0,0.0,17.18,70.0,43.7,0.0,14.033233070049311,49.3,9.2,この先制限速度なし,この先目立った勾配なし,前方44.1m先を0.6km/h,後続列車なし,60.0,15.0,未発車,0.0,11.5,30.3,anti_mid_stop,0.0,CBTC信号0km/hに対し現在速度が17.2km/hで2km/h超過しており、即reward0.0ルールに該当するため評価は0.0となる。
176.0,Train11,巡航フェーズ（駅間走行中）,惰行中,7.0,力行（加速）,17.0,70.0,70.0,56.28,70.0,1152.8,0.0,166.11718833616945,34.0,0.0,この先制限速度なし,162m先に上り勾配12.5‰あり,前方918.2m先を45.4km/h,後続列車なし,75.0,80.0,未発車,-45.0,54.8,0.0,anti_mid_stop,1.0,先行列車が塞いでいるため駅間停車防止モードと判定し、target_speed_no_stop以下で惰行を維持し速度超過もなく安全かつ省エネであるため高評価。
222.3,Train11,次駅への減速フェーズ（駅手前400m以内）,ブレーキ（減速）中,1.4,惰行,1.0,70.0,25.6,45.9,70.0,80.7,0.0,98.9907318428774,44.4,9.2,この先制限速度なし,この先目立った勾配なし,前方81.1m先を0.0km/h,後続列車なし,75.0,34.6,未発車,-45.0,15.7,0.0,anti_mid_stop,0.0,CBTC信号を2km/h以上超過し、delta_stopが-18.29mでオーバーランが確実なため即時0点とする。
221.0,Train11,巡航フェーズ（駅間走行中）,惰行中,25.0,力行（加速）,17.0,70.0,70.0,48.98,70.0,996.8,0.0,126.39696008413648,79.0,0.0,この先制限速度なし,6m先に上り勾配12.5‰あり,前方762.2m先を45.4km/h,後続列車なし,90.0,80.0,未発車,-90.0,47.3,0.0,anti_mid_stop,0.9,先行列車が塞いでいるため駅間停車防止モードで、現在速度はtarget_speed_no_stop上限以内の惰行で安全かつ適切。
187.0,Train11,巡航フェーズ（駅間走行中）,惰行中,5.0,力行（加速）,3.0,70.0,70.0,66.01,70.0,866.8,0.0,194.76528065775778,34.0,12.5,この先制限速度なし,76m先で上り勾配12.5‰が終わり平坦になる,前方752.3m先を32.8km/h,後続列車なし,75.0,69.0,未発車,-45.0,63.3,0.0,anti_mid_stop,0.3,先行列車が塞いで駅間停車防止モードと判定され、target_speed_no_stop(63.3km/h)以下で惰行は適切だが、加速から5秒未満の惰行への切替に合理的理由がなくノコギリ運転とみなされ、上限0.3点となった。
120.0,Train11,巡航フェーズ（駅間走行中）,力行（加速）中,11.0,惰行,13.0,70.0,70.0,60.82,70.0,1467.1,7.0,193.40697470264067,0.0,0.0,この先制限速度なし,477m先に上り勾配12.5‰あり,前方1073.2m先を57.6km/h,後続列車なし,60.0,91.0,未発車,0.0,63.4,0.0,anti_mid_stop,1.0,先行列車が塞いで駅間停車防止モード。現在速度がtarget_speed_no_stop未満で加速は適切であり、制限速度・CBTC遵守、間隔安全のため高評価。
170.0,Train11,巡航フェーズ（駅間走行中）,惰行中,1.0,力行（加速）,17.0,70.0,70.0,57.49,70.0,1247.6,0.0,173.1983849515086,36.0,0.0,この先制限速度なし,257m先に上り勾配12.5‰あり,前方931.1m先を52.9km/h,後続列車なし,75.0,86.0,未発車,-45.0,56.8,0.0,anti_mid_stop,1.0,先行列車が塞いで駅間停車防止モードと判定され、現在速度はtarget_speed_no_stop(56.8km/h)を僅か上回る惰行で適切かつ制限速度・CBTC遵守、ノコギリ運転なしのため最高評価とした。
194.0,Train11,巡航フェーズ（駅間走行中）,力行（加速）中,9.0,惰行,24.0,70.0,70.0,54.55,70.0,858.3,0.0,133.91035726714983,34.0,12.5,この先制限速度なし,68m先で上り勾配12.5‰が終わり平坦になる,前方798.6m先を23.6km/h,後続列車なし,75.0,62.0,未発車,-45.0,65.0,0.0,anti_mid_stop,0.9,先行列車が塞いで駅間停車防止モード。現在速度がtarget_speed_no_stop(65km/h)未満で加速は適切、制限速度・CBTC遵守、前方列車との間隔も安全なため高評価。
136.0,Train11,駅出発直後の加速フェーズ（20秒以内）,惰行中,5.0,力行（加速）,12.0,70.0,70.0,28.43,70.0,2093.1,0.0,44.300998532057214,89.0,-2.1,この先制限速度なし,303m先に下り勾配6.7‰あり,前方414.3m先を61.9km/h,後続列車なし,90.0,165.0,未発車,-90.0,51.5,0.0,anti_mid_stop,0.3,先行列車が塞いでいる駅間停車防止モードで、target_speed_no_stop 51.5km/h に対し現在速度28.4km/h と過度に低く惰行しているため減点し、rewardを0.3とした。
66.0,Train11,駅出発直後の加速フェーズ（20秒以内）,力行（加速）中,7.0,ブレーキ（減速）,30.0,70.0,70.0,16.68,70.0,2163.3,0.0,15.321652244867195,0.0,-2.1,この先制限速度なし,373m先に下り勾配6.7‰あり,前方835.1m先を63.3km/h,後続列車なし,60.0,145.0,未発車,0.0,59.9,0.0,anti_mid_stop,0.9,先行列車が塞いでいるため駅間停車防止モードと判定し、target_speed_no_stop以下での加速は適切で、制限速度・CBTC遵守・間隔も問題なく高評価とした。
125.0,Train11,巡航フェーズ（駅間走行中）,力行（加速）中,9.0,惰行,6.0,70.0,70.0,42.22,70.0,1933.1,0.0,97.01808264139308,45.0,-2.1,この先制限速度なし,143m先に下り勾配6.7‰あり,前方850.4m先を63.2km/h,後続列車なし,75.0,131.0,未発車,-45.0,58.3,0.0,anti_mid_stop,0.9,先行列車が塞いでいるため駅間停車防止モードと判定し、現在速度はtarget_speed_no_stop未満で加速は適切、制限速度・CBTC遵守、ノコギリ運転なしで高評価となる。
227.0,Train11,巡航フェーズ（駅間走行中）,惰行中,1.0,力行（加速）,6.0,70.0,70.0,69.84,70.0,552.1,0.0,234.49162258682128,50.0,6.1,この先制限速度なし,362m先に上り勾配9.2‰あり,前方552.4m先を0.5km/h,後続列車なし,60.0,44.0,未発車,-60.0,46.7,0.0,anti_mid_stop,0.1,先行列車が塞いでいる駅間停車防止モードで、速度がtarget_speed_no_stop 46.7km/hを大幅に超え過剰加速かつノコギリ運転と判定されたため低評価。
121.0,Train11,巡航フェーズ（駅間走行中）,力行（加速）中,5.0,惰行,6.0,70.0,70.0,62.78,70.0,1520.9,0.0,205.79199932251876,29.0,0.0,この先制限速度なし,この先目立った勾配なし,前方630.5m先を62.8km/h,後続列車なし,90.0,120.0,未発車,-30.0,53.0,0.0,anti_mid_stop,0.2,先行列車が塞いでいる駅間停車防止モードで、target_speed_no_stop 53km/h を超える力行は過剰加速とみなされ、ノコギリ運転も発生しているため減点し0.2とした。
223.3,Train11,次駅への減速フェーズ（駅手前400m以内）,ブレーキ（減速）中,0.2,惰行,0.1,70.0,51.1,12.02,0.0,-4.7,0.0,7.741112303391023,43.4,0.0,この先制限速度なし,この先目立った勾配なし,前方172.3m先を39.1km/h,後続列車なし,60.0,0.0,発車済み,0.0,0.0,0.0,normal,0.0,delta_stopが-12.44mでブレーキ中にも関わらずオーバーランが確実で即reward0.0ルールが適用されたため。
92.0,Train11,駅出発直後の加速フェーズ（20秒以内）,力行（加速）中,3.0,ブレーキ（減速）,30.0,70.0,70.0,6.17,70.0,2176.2,0.0,2.1032483734342726,30.0,-2.1,この先制限速度なし,386m先に下り勾配6.7‰あり,前方777.7m先を63.4km/h,後続列車なし,60.0,149.0,未発車,-30.0,59.1,0.0,anti_mid_stop,0.9,先行列車が塞いでいるため駅間停車防止モードと判定し、target_speed_no_stop以下での加速は適切で、上限超過やノコギリ運転はなく安全・CBTC遵守のため高評価とした。
236.9,Train11,次駅への減速フェーズ（駅手前400m以内）,ブレーキ（減速）中,0.7,惰行,0.1,70.0,23.7,29.0,70.0,43.6,0.0,39.82009012462496,57.0,9.2,この先制限速度なし,この先目立った勾配なし,前方76.5m先を21.6km/h,後続列車なし,75.0,0.0,発車済み,-15.0,70.0,0.0,delay_recovery,0.0,CBTC信号速度23.7km/hを2km/h以上超える29km/hで走行しており、即時0.0ルールに該当するため評価は0.0とした。
173.0,Train11,巡航フェーズ（駅間走行中）,力行（加速）中,12.0,惰行,6.0,70.0,70.0,68.78,70.0,442.8,0.0,227.5956149385265,19.0,6.1,この先制限速度なし,252m先に上り勾配9.2‰あり,前方337.3m先を31.5km/h,後続列車なし,90.0,68.0,未発車,-30.0,33.1,0.0,anti_mid_stop,0.1,先行列車が塞いでいる駅間停車防止モードで、target_speed_no_stop 33.1km/h を大幅に上回る力行を続けているため減点し、rewardを0.1とした。
158.0,Train11,巡航フェーズ（駅間走行中）,惰行中,3.0,力行（加速）,12.0,70.0,70.0,59.05,70.0,1413.3,0.0,182.53427260005523,39.0,0.0,この先制限速度なし,423m先に上り勾配12.5‰あり,前方904.5m先を60.5km/h,後続列車なし,75.0,98.0,未発車,-45.0,57.9,0.0,anti_mid_stop,0.9,先行列車が塞いでいるため駅間停車防止モード。現在速度がtarget_speed_no_stop付近で惰行し、制限速度・CBTCを遵守しているため高評価。
204.7,Train11,次駅への減速フェーズ（駅手前400m以内）,ブレーキ（減速）中,0.9,力行（加速）,0.1,70.0,0.0,26.49,70.0,30.5,0.0,33.25755615171488,26.8,9.2,この先制限速度なし,この先目立った勾配なし,前方30.8m先を0.0km/h,後続列車なし,90.0,37.2,未発車,-30.0,9.6,0.0,anti_mid_stop,0.0,CBTC信号0km/hに対し現在速度26.5km/hがsignal_speed+2km/hを超えているため即時0点とした。
126.0,Train11,巡航フェーズ（駅間走行中）,力行（加速）中,14.0,惰行,6.0,70.0,70.0,68.16,70.0,1322.9,9.0,241.63141592354674,0.0,0.0,この先制限速度なし,332m先に上り勾配12.5‰あり,前方1021.0m先を51.7km/h,後続列車なし,60.0,85.0,未発車,0.0,60.3,0.0,anti_mid_stop,0.4,先行列車が塞いでいる駅間停車防止モードで、現在速度がtarget_speed_no_stop上限(65.3km/h)を超えて力行し機外停車リスクがあるため減点し、rewardを0.4とした。
237.0,Train11,次駅への減速フェーズ（駅手前400m以内）,力行（加速）中,5.0,惰行,6.0,70.0,70.0,68.06,70.0,362.9,0.0,222.96638183465745,60.0,6.1,この先制限速度なし,172m先に上り勾配9.2‰あり,前方363.2m先を0.0km/h,後続列車なし,60.0,34.0,未発車,-60.0,36.5,0.0,anti_mid_stop,0.1,先行列車が塞いでいる駅間停車防止モードで、target_speed_no_stop 36.5km/h を大幅に超える加速と、保持時間5秒・前ノッチ6秒のノコギリ運転が判定され、reward上限が0.1に抑えられた。
102.0,Train11,駅出発直後の加速フェーズ（20秒以内）,力行（加速）中,13.0,ブレーキ（減速）,30.0,70.0,70.0,28.74,70.0,2124.9,0.0,45.26602444419625,45.0,-2.1,この先制限速度なし,334m先に下り勾配6.7‰あり,前方638.8m先を63.0km/h,後続列車なし,75.0,154.0,未発車,-45.0,56.0,0.0,anti_mid_stop,1.0,先行列車が前方に塞ぎ機外停車防止モード。target_speed_no_stop以下で加速し、制限速度・CBTC遵守、ノコギリ運転なしの適切な力行と判断し高評価。
227.3,Train11,次駅への減速フェーズ（駅手前400m以内）,ブレーキ（減速）中,1.2,惰行,0.1,70.0,15.3,38.06,70.0,60.7,0.0,68.32253233123382,49.4,9.2,この先制限速度なし,この先目立った勾配なし,前方61.1m先を0.0km/h,後続列車なし,60.0,15.0,未発車,-30.0,13.6,0.4,anti_mid_stop,0.0,CBTC信号15.3km/hを38.1km/hで大幅超過しており、即reward0.0ルールが適用されるため評価は0.0となる。
191.0,Train11,次駅への減速フェーズ（駅手前400m以内）,ブレーキ（減速）中,7.1,力行（加速）,8.0,70.0,31.8,47.24,70.0,97.4,0.0,104.78208811793353,13.1,9.2,この先制限速度なし,この先目立った勾配なし,前方97.8m先を0.0km/h,後続列車なし,75.0,35.9,未発車,-15.0,17.2,0.0,anti_mid_stop,0.0,CBTC信号速度31.8km/hを超える47.2km/hで走行し、即時0.0ルールに該当したため。
193.0,Train11,巡航フェーズ（駅間走行中）,惰行中,2.0,力行（加速）,24.0,70.0,70.0,58.54,70.0,1356.0,0.0,179.456642926629,68.0,0.0,この先制限速度なし,365m先に上り勾配12.5‰あり,前方929.8m先を58.4km/h,後続列車なし,75.0,93.0,未発車,-75.0,57.8,0.0,anti_mid_stop,0.9,先行列車が塞いで駅間停車防止モードと判定され、target_speed_no_stop 57.8km/h を超えず惰行を継続しているため適切と判断し高評価とした。
199.0,Train11,次駅への減速フェーズ（駅手前400m以内）,ブレーキ（減速）中,2.2,惰行,0.1,70.0,0.0,26.67,70.0,25.6,0.0,33.70877524331821,21.1,9.2,この先制限速度なし,この先目立った勾配なし,前方25.9m先を0.0km/h,後続列車なし,60.0,15.0,未発車,0.0,8.8,2.1,anti_mid_stop,0.0,CBTC信号0km/hに対し26.7km/hで走行し、signal_speed超過が即0.0ルールに該当したため。
207.0,Train11,巡航フェーズ（駅間走行中）,ブレーキ（減速）中,1.0,力行（加速）,16.0,70.0,70.0,53.62,70.0,763.9,0.0,151.04502520795936,49.0,0.0,この先制限速度なし,173m先に上り勾配6.1‰あり,前方690.4m先を26.2km/h,後続列車なし,90.0,64.0,未発車,-60.0,42.9,0.0,anti_mid_stop,0.7,先行列車が塞いでいる駅間停車防止モードで、現在速度が target_speed_no_stop を超えているためブレーキで減速中だが、即時安全違反はなく過度な加速もないためやや減点し0.7とした。
119.0,Train11,巡航フェーズ（駅間走行中）,力行（加速）中,30.0,ブレーキ（減速）,30.0,70.0,70.0,48.01,70.0,1938.4,0.0,125.02671222749039,30.0,-2.1,この先制限速度なし,148m先に下り勾配6.7‰あり,前方1013.1m先を62.6km/h,後続列車なし,60.0,122.0,未発車,-30.0,62.7,0.0,anti_mid_stop,1.0,先行列車が塞いでいるため駅間停車防止モードで、target_speed_no_stop以下の加速は適切であり、速度・信号・安全基準をすべて遵守している。
197.0,Train11,巡航フェーズ（駅間走行中）,力行（加速）中,10.0,惰行,11.0,70.0,70.0,51.12,70.0,463.1,0.0,127.13725512886627,20.0,6.1,この先制限速度なし,273m先に上り勾配9.2‰あり,前方463.5m先を0.0km/h,後続列車なし,75.0,29.0,未発車,-15.0,52.0,0.0,anti_mid_stop,1.0,先行列車が停車しているため駅間停車防止モードとなり、target_speed_no_stop 52km/h 以下での加速は適切で、現在速度は上限未満、ノコギリ運転もなく安全基準をすべて満たすため高評価とした。
163.0,Train11,巡航フェーズ（駅間走行中）,惰行中,4.0,力行（加速）,40.0,70.0,70.0,56.97,70.0,1730.5,0.0,186.80679403450074,57.0,-6.7,この先制限速度なし,90m先で下り勾配6.7‰が終わり平坦になる,前方1049.7m先を63.0km/h,後続列車なし,60.0,108.0,未発車,-60.0,52.9,0.0,anti_mid_stop,0.9,先行列車が塞いで駅間停車防止モードと判定され、速度はtarget_speed_no_stop上限以内で惰行しており、制限速度・CBTC遵守、間隔も適切なため高評価とした。
201.4,Train11,次駅への減速フェーズ（駅手前400m以内）,ブレーキ（減速）中,1.9,惰行,0.1,70.0,0.0,27.59,70.0,23.1,0.0,36.06185878001531,23.5,9.2,この先制限速度なし,この先目立った勾配なし,前方23.4m先を0.0km/h,後続列車なし,75.0,25.5,未発車,-15.0,8.4,0.0,anti_mid_stop,0.0,CBTC信号が0km/hであるにも関わらず27.6km/hで走行し、信号速度を2km/h以上超過したため即時0点とし、他の評価は適用しない。
131.0,Train11,駅出発直後の加速フェーズ（20秒以内）,惰行中,1.0,力行（加速）,11.0,70.0,70.0,26.99,70.0,2132.7,0.0,39.95252541526575,60.0,-2.1,この先制限速度なし,342m先に下り勾配6.7‰あり,前方892.1m先を62.9km/h,後続列車なし,60.0,140.0,未発車,-60.0,61.4,0.0,anti_mid_stop,0.3,先行列車が塞いで駅間停車防止モードで、target_speed_no_stop 61.4km/h を大きく下回る惰行は遅延拡大につながり評価を下げ0.3とした。
206.0,Train11,次駅への減速フェーズ（駅手前400m以内）,ブレーキ（減速）中,2.2,惰行,0.1,70.0,0.0,21.86,70.0,5.6,0.0,22.6855758743813,28.1,9.2,この先制限速度なし,この先目立った勾配なし,前方5.9m先を0.0km/h,後続列車なし,60.0,15.0,未発車,0.0,4.1,9.1,anti_mid_stop,0.0,CBTC信号0km/hを超えて21.9km/hで走行し、delta_stopが-17.09mでオーバーランが確実なため即0.0とした。
200.1,Train11,次駅への減速フェーズ（駅手前400m以内）,力行（加速）中,0.1,ブレーキ（減速）,1.1,70.0,0.0,21.82,70.0,10.6,0.0,22.602940282753853,22.2,9.2,この先制限速度なし,この先目立った勾配なし,前方10.9m先を0.0km/h,後続列車なし,75.0,26.8,未発車,-15.0,5.7,0.0,anti_mid_stop,0.0,CBTC信号が0km/hなのに21.8km/hで走行し、signal_speed+2km/hを超えているため即時0.0評価となった。
195.8,Train11,次駅への減速フェーズ（駅手前400m以内）,ブレーキ（減速）中,1.7,力行（加速）,0.1,70.0,14.2,38.98,70.0,59.7,0.0,71.63500531238124,17.9,9.2,この先制限速度なし,この先目立った勾配なし,前方59.6m先を2.0km/h,後続列車なし,90.0,46.1,未発車,-30.0,13.5,0.0,anti_mid_stop,0.0,CBTC信号速度14.2km/hを2km/h超える39km/hで走行しており即時0.0ルールが適用されるためrewardは0.0。
127.0,Train11,巡航フェーズ（駅間走行中）,力行（加速）中,15.0,惰行,6.0,70.0,70.0,68.61,70.0,1303.9,10.0,244.7504241190139,0.0,0.0,この先制限速度なし,313m先に上り勾配12.5‰あり,前方1016.1m先を50.4km/h,後続列車なし,60.0,84.0,未発車,0.0,60.7,0.0,anti_mid_stop,0.2,先行列車が塞いでいるため駅間停車防止モードと判定し、現在速度が target_speed_no_stop(60.7km/h) を約8km/h上回って力行しているため過加速とみなし減点し0.2とする。
188.0,Train11,巡航フェーズ（駅間走行中）,惰行中,4.0,力行（加速）,20.0,70.0,70.0,67.2,70.0,1295.1,0.0,235.03975235127996,69.0,0.0,この先制限速度なし,305m先に上り勾配12.5‰あり,前方786.4m先を60.5km/h,後続列車なし,75.0,98.0,未発車,-75.0,52.7,0.0,anti_mid_stop,0.2,先行列車が塞いでいる駅間停車防止モードで、現在速度が target_speed_no_stop の上限を大きく超えており過剰加速と判断したため減点した。
147.0,Train11,巡航フェーズ（駅間走行中）,惰行中,4.0,力行（加速）,4.0,70.0,70.0,36.61,70.0,1986.7,0.0,73.17035570857017,60.0,-2.1,この先制限速度なし,196m先に下り勾配6.7‰あり,前方1026.7m先を62.4km/h,後続列車なし,60.0,124.0,未発車,-60.0,63.4,0.0,anti_mid_stop,0.2,先行列車が塞いでいるため駅間停車防止モード。target_speed_no_stop以下で過度に低速の惰行と短時間の加減速がノコギリ運転とみなされ、評価上限0.3に抑えられ0.2となる。
205.6,Train11,次駅への減速フェーズ（駅手前400m以内）,ブレーキ（減速）中,0.8,力行（加速）,0.1,70.0,0.0,16.84,0.0,-3.1,0.0,15.1704928654434,27.7,0.0,この先制限速度なし,この先目立った勾配なし,前方0.0m先を0.0km/h,後続列車なし,90.0,36.3,未発車,-30.0,0.0,0.0,normal,0.0,CBTC信号0km/hを2km/h以上超過し、現在速度16.8km/hで走行しているため即時0.0とする。
221.0,Train11,次駅への減速フェーズ（駅手前400m以内）,惰行中,3.0,ブレーキ（減速）,6.0,70.0,48.9,25.85,70.0,161.7,0.0,31.677542636456455,44.0,9.2,この先制限速度なし,この先目立った勾配なし,前方162.1m先を0.0km/h,後続列車なし,75.0,15.0,未発車,-15.0,27.5,10.0,anti_mid_stop,0.4,駅間停車防止モードでtarget_speed_no_stop以下に惰行は適切だが、直前のブレーキからの短時間切替が合理的理由なくノコギリ運転と判定され、上限0.5に抑えられた。
184.0,Train11,次駅への減速フェーズ（駅手前400m以内）,惰行中,3.0,力行（加速）,6.0,70.0,70.0,69.13,70.0,294.3,0.0,229.8619777449654,7.0,6.1,この先制限速度なし,104m先に上り勾配9.2‰あり,前方294.7m先を0.0km/h,後続列車なし,75.0,42.0,未発車,-15.0,28.2,0.0,anti_mid_stop,0.2,駅間停車防止モードでtarget_speed_no_stop 28.2km/h を大きく超える69.1km/hで惰行し、保持時間が7秒未満のノコギリ運転となっているため減点し、rewardは0.2とした。
237.5,Train11,次駅への減速フェーズ（駅手前400m以内）,ブレーキ（減速）中,1.3,惰行,0.1,70.0,23.2,27.23,70.0,38.9,0.0,35.13175751112996,57.6,9.2,この先制限速度なし,この先目立った勾配なし,前方75.6m先を22.5km/h,後続列車なし,75.0,0.0,発車済み,-15.0,70.0,0.0,delay_recovery,0.0,CBTC信号速度を2km/h超えて走行しており安全違反のため即座にreward=0.0とする。
205.9,Train11,次駅への減速フェーズ（駅手前400m以内）,ブレーキ（減速）中,2.1,力行（加速）,0.1,70.0,0.0,22.96,70.0,22.2,0.0,25.016560467591795,28.0,9.2,この先制限速度なし,この先目立った勾配なし,前方22.6m先を0.0km/h,後続列車なし,90.0,36.0,未発車,-30.0,8.2,0.0,anti_mid_stop,0.0,CBTC信号現示0km/hを2km/h以上超過し安全違反となるため、即座にrewardを0.0とした。
168.0,Train11,巡航フェーズ（駅間走行中）,力行（加速）中,38.0,惰行,2.0,70.0,70.0,61.97,70.0,1666.3,0.0,220.21376179171727,56.0,-6.7,この先制限速度なし,26m先で下り勾配6.7‰が終わり平坦になる,前方1072.2m先を61.9km/h,後続列車なし,60.0,103.0,未発車,-60.0,54.4,0.0,anti_mid_stop,0.3,駅間停車防止モードでtarget_speed_no_stop 54.4km/h を超える加速を続け、機外停車リスクがあるため減点し0.3とした。
199.6,Train11,次駅への減速フェーズ（駅手前400m以内）,ブレーキ（減速）中,0.7,力行（加速）,0.1,70.0,0.0,22.71,70.0,25.3,0.0,24.476881524714663,21.7,9.2,この先制限速度なし,この先目立った勾配なし,前方28.3m先を6.9km/h,後続列車なし,60.0,0.0,発車済み,0.0,70.0,0.0,delay_recovery,0.0,CBTC信号が0km/hであるのに現在速度22.7km/hは2km/h以上超過しており、即時0点ルールが適用される。
227.8,Train11,次駅への減速フェーズ（駅手前400m以内）,ブレーキ（減速）中,1.5,惰行,0.1,70.0,0.0,31.06,70.0,24.9,0.0,45.640414300087635,49.9,9.2,この先制限速度なし,この先目立った勾配なし,前方25.3m先を0.1km/h,後続列車なし,90.0,44.1,未発車,-60.0,8.7,0.0,anti_mid_stop,0.0,CBTC信号0km/hを2km/h以上超過しているため即時0.0評価となる。
195.4,Train11,次駅への減速フェーズ（駅手前400m以内）,ブレーキ（減速）中,4.2,力行（加速）,0.1,70.0,0.0,34.48,70.0,47.3,0.0,56.16361750139256,17.5,9.2,この先制限速度なし,この先目立った勾配なし,前方47.7m先を0.0km/h,後続列車なし,75.0,31.5,未発車,-15.0,12.0,0.0,anti_mid_stop,0.0,CBTC信号0km/hを大幅に超えて走行しており即時0.0ルールが適用されたため、rewardは0.0とする。
208.0,Train11,次駅への減速フェーズ（駅手前400m以内）,力行（加速）中,11.0,惰行,28.0,70.0,51.6,51.55,70.0,134.9,0.0,124.48502064624054,29.0,9.2,この先制限速度なし,この先目立った勾配なし,前方174.7m先を23.3km/h,後続列車なし,60.0,0.0,発車済み,0.0,70.0,0.0,delay_recovery,0.2,CBTCは遵守しているが、次駅減速フェーズで力行を続けており、停止位置達成が危うく評価を低くし0.2とした。
203.0,Train11,巡航フェーズ（駅間走行中）,力行（加速）中,2.0,惰行,6.0,70.0,70.0,64.78,70.0,1147.5,0.0,218.8011386645056,49.0,0.0,この先制限速度なし,157m先に上り勾配12.5‰あり,前方1041.9m先を31.5km/h,後続列車なし,60.0,68.0,未発車,-60.0,63.2,0.0,anti_mid_stop,0.5,先行列車が塞いでいる駅間停車防止モードだが、6秒未満の加速への切替が合理的根拠なく行われたノコギリ運転で、reward上限を0.5に抑えた。
202.3,Train11,次駅への減速フェーズ（駅手前400m以内）,ブレーキ（減速）中,1.8,惰行,0.1,70.0,0.0,17.48,70.0,5.3,0.0,14.52626404433182,24.4,9.2,この先制限速度なし,この先目立った勾配なし,前方5.7m先を0.0km/h,後続列車なし,60.0,15.0,未発車,0.0,4.0,5.4,anti_mid_stop,0.0,CBTC信号0km/hに対し17.5km/hで走行し超過しているため即時0点とし、安全違反が最重要項目である。
211.8,Train11,次駅への減速フェーズ（駅手前400m以内）,ブレーキ（減速）中,2.1,力行（加速）,0.1,70.0,0.0,6.21,0.0,-1.5,0.0,2.069591847556672,33.9,0.0,この先制限速度なし,この先目立った勾配なし,前方0.0m先を0.0km/h,後続列車なし,90.0,30.1,未発車,-30.0,0.0,0.0,normal,0.0,CBTC信号0km/hを2km/h以上超過し6.2km/hで走行しているため即時0点とした。
192.5,Train11,次駅への減速フェーズ（駅手前400m以内）,ブレーキ（減速）中,1.3,力行（加速）,0.1,70.0,24.7,43.11,70.0,78.5,0.0,87.44528237947013,14.6,9.2,この先制限速度なし,この先目立った勾配なし,前方78.9m先を0.0km/h,後続列車なし,75.0,34.4,未発車,-15.0,15.5,0.0,anti_mid_stop,0.0,CBTC信号速度24.7km/hを大幅に上回る43.1km/hで走行し、停止余裕が-8.95mと不足しているため即時0.0評価とした。
237.7,Train11,次駅への減速フェーズ（駅手前400m以内）,惰行中,18.8,ブレーキ（減速）,6.0,70.0,13.9,18.55,70.0,58.8,0.0,16.35357415414994,59.8,9.2,この先制限速度なし,この先目立った勾配なし,前方59.2m先を0.0km/h,後続列車なし,75.0,15.0,未発車,-15.0,13.4,25.8,anti_mid_stop,0.0,CBTC信号速度13.9km/hを超えて18.6km/hで走行しており、即reward0.0ルールが適用されるため評価は0.0となる。
126.0,Train11,巡航フェーズ（駅間走行中）,力行（加速）中,1.0,惰行,6.0,70.0,70.0,63.79,70.0,1319.7,9.0,212.31490274289663,0.0,0.0,この先制限速度なし,329m先に上り勾配12.5‰あり,前方1017.7m先を51.7km/h,後続列車なし,60.0,85.0,未発車,0.0,60.2,0.0,anti_mid_stop,0.4,先行列車が塞いでいる駅間停車防止モードで、target_speed_no_stop上限内の加速は許容されるが、1秒の力行と6秒の惰行の短時間切替がノコギリ運転と判定され、reward上限0.4に抑えられた。
225.0,Train11,巡航フェーズ（駅間走行中）,惰行中,16.0,力行（加速）,6.0,70.0,70.0,46.05,70.0,441.4,0.0,103.45891216091611,48.0,6.1,この先制限速度なし,251m先に上り勾配9.2‰あり,前方441.8m先を0.0km/h,後続列車なし,75.0,31.0,未発車,-45.0,46.2,0.0,anti_mid_stop,0.9,先行列車が塞いでいるため駅間停車防止モード。target_speed_no_stop付近で惰行を維持し、速度・信号遵守・安全に問題なし。
133.0,Train11,巡航フェーズ（駅間走行中）,力行（加速）中,44.0,ブレーキ（減速）,30.0,70.0,70.0,59.44,70.0,1729.4,0.0,202.98741132995568,60.0,-6.7,この先制限速度なし,89m先で下り勾配6.7‰が終わり平坦になる,前方524.0m先を63.2km/h,後続列車なし,90.0,138.0,未発車,-60.0,37.6,0.0,anti_mid_stop,0.2,先行列車が塞いでいる駅間停車防止モードで、target_speed_no_stop 37.6km/h を大幅に上回る力行を続けており、機外停車リスクとエネルギー浪費が顕著なため0.2とした。
227.2,Train11,次駅への減速フェーズ（駅手前400m以内）,ブレーキ（減速）中,1.9,力行（加速）,0.1,70.0,0.0,31.44,70.0,26.3,0.0,46.756713395913366,49.3,9.2,この先制限速度なし,この先目立った勾配なし,前方26.6m先を0.0km/h,後続列車なし,60.0,15.0,未発車,-30.0,8.9,0.3,anti_mid_stop,0.0,CBTC信号が0km/hであるにも関わらず31.4km/hで走行し、信号超過が即時0点の対象となるため、rewardは0.0とした。
144.0,Train11,巡航フェーズ（駅間走行中）,力行（加速）中,14.0,惰行,2.0,70.0,70.0,41.52,70.0,2013.1,0.0,93.86454600359822,60.0,-2.1,この先制限速度なし,223m先に下り勾配6.7‰あり,前方1000.6m先を63.1km/h,後続列車なし,60.0,127.0,未発車,-60.0,62.4,0.0,anti_mid_stop,0.8,先行列車が塞いでいるため駅間停車防止モードと判定し、target_speed_no_stop以下での加速は適切で、速度超過やノコギリ運転はなく安全基準を満たすため高評価とした。
231.3,Train11,次駅への減速フェーズ（駅手前400m以内）,ブレーキ（減速）中,0.4,力行（加速）,0.1,70.0,26.7,42.54,70.0,83.2,0.0,85.17208360377134,53.4,9.2,この先制限速度なし,この先目立った勾配なし,前方83.6m先を0.0km/h,後続列車なし,75.0,25.6,未発車,-45.0,15.9,0.0,anti_mid_stop,0.0,CBTC信号速度26.7km/hを大幅に上回る42.5km/hで走行しているため、即時0.0評価となる。
153.0,Train11,巡航フェーズ（駅間走行中）,力行（加速）中,34.0,ブレーキ（減速）,30.0,70.0,70.0,51.38,70.0,1883.1,0.0,142.894322173708,75.0,-2.1,この先制限速度なし,93m先に下り勾配6.7‰あり,前方765.3m先を62.9km/h,後続列車なし,75.0,133.0,未発車,-75.0,56.1,0.0,anti_mid_stop,0.9,先行列車が塞ぎ駅間停車防止モードで、target_speed_no_stop以下に抑えるべき速度帯で加速しており、上限超過やCBTC違反はなく、ノコギリ運転でもないため高評価とした。
220.6,Train11,次駅への減速フェーズ（駅手前400m以内）,力行（加速）中,5.7,ブレーキ（減速）,6.0,70.0,33.5,23.85,70.0,77.4,0.0,26.985083292325125,40.7,9.2,この先制限速度なし,この先目立った勾配なし,前方103.0m先を19.4km/h,後続列車なし,60.0,0.0,発車済み,0.0,70.0,0.0,delay_recovery,0.1,遅延回復モードで速度が制限速度‑10km/h以上に達せず、短時間のブレーキ→力行切替でノコギリ運転と判定されたため低評価。
201.7,Train11,次駅への減速フェーズ（駅手前400m以内）,力行（加速）中,0.1,ブレーキ（減速）,2.1,70.0,11.4,34.11,70.0,55.8,0.0,54.97351232281353,23.8,9.2,この先制限速度なし,この先目立った勾配なし,前方56.2m先を0.0km/h,後続列車なし,90.0,40.2,未発車,-30.0,13.0,0.0,anti_mid_stop,0.0,CBTC信号速度11.4km/hを大幅に上回る34.1km/hで走行し、signal_speed+2km/h超過のため即時0.0評価。
238.2,Train11,次駅への減速フェーズ（駅手前400m以内）,ブレーキ（減速）中,0.1,力行（加速）,0.1,70.0,22.9,25.61,70.0,33.8,0.0,31.094831234506138,58.3,9.2,この先制限速度なし,この先目立った勾配なし,前方74.9m先を23.6km/h,後続列車なし,75.0,0.0,発車済み,-15.0,70.0,0.0,delay_recovery,0.0,現在速度25.6km/hがCBTC信号22.9km/hを2km/h超えており即時0点ルールに該当するためreward=0.0とする。
223.6,Train11,次駅への減速フェーズ（駅手前400m以内）,ブレーキ（減速）中,0.2,力行（加速）,0.1,70.0,18.4,43.28,70.0,68.2,0.0,88.1288854033643,48.7,9.2,この先制限速度なし,この先目立った勾配なし,前方66.1m先を4.8km/h,後続列車なし,90.0,48.3,未発車,-60.0,14.4,0.0,anti_mid_stop,0.0,CBTC信号速度18.4km/hを大幅に上回る43.3km/hで走行し、即時0.0ルールに該当するため評価は0.0とした。
213.0,Train11,巡航フェーズ（駅間走行中）,力行（加速）中,11.0,ブレーキ（減速）,6.0,70.0,70.0,49.36,70.0,478.5,0.0,118.6514672784656,36.0,6.1,この先制限速度なし,288m先に上り勾配9.2‰あり,前方478.9m先を0.0km/h,後続列車なし,60.0,28.0,未発車,-30.0,53.8,0.0,anti_mid_stop,0.9,先行列車が停車中で駅間停車防止モードと判定し、現在速度がtarget_speed_no_stop未満のため加速は適切、制限速度・CBTC遵守、ノコギリ運転なしで高評価。
219.0,Train11,巡航フェーズ（駅間走行中）,力行（加速）中,1.0,惰行,6.0,70.0,70.0,63.76,70.0,763.9,0.0,212.11977792284662,64.0,0.0,この先制限速度なし,173m先に上り勾配6.1‰あり,前方666.9m先を30.2km/h,後続列車なし,75.0,67.0,未発車,-75.0,41.7,0.0,anti_mid_stop,0.2,先行列車が塞いでいる駅間停車防止モードで、target_speed_no_stop 41.7km/h を超える63.8km/h の力行を続け、惰行→力行のノコギリ運転（保持時間1秒）となっているため減点し、rewardは0.2とした。
82.0,Train11,巡航フェーズ（駅間走行中）,力行（加速）中,23.0,ブレーキ（減速）,30.0,70.0,70.0,41.58,70.0,2025.6,0.0,94.132870604381,0.0,-2.1,この先制限速度なし,235m先に下り勾配6.7‰あり,前方978.0m先を63.5km/h,後続列車なし,60.0,129.0,未発車,0.0,62.2,0.0,anti_mid_stop,1.0,先行列車が塞いで駅間停車防止モード。target_speed_no_stop 以下で加速中であり、CBTC・制限速度遵守、力行中の低速は減点対象外のため高評価。
205.0,Train11,次駅への減速フェーズ（駅手前400m以内）,惰行中,2.0,力行（加速）,12.0,70.0,70.0,51.81,70.0,373.3,0.0,130.54086445566935,28.0,6.1,この先制限速度なし,183m先に上り勾配9.2‰あり,前方373.7m先を0.0km/h,後続列車なし,75.0,21.0,未発車,-15.0,53.3,0.0,anti_mid_stop,0.9,先行列車が停車中で駅間停車防止モードと判定され、現在速度51.8km/hが target_speed_no_stop53.3km/h にほぼ合致し、CBTC・制限速度を遵守しているため高評価とした。
191.0,Train11,巡航フェーズ（駅間走行中）,惰行中,3.0,力行（加速）,16.0,70.0,70.0,65.05,70.0,1316.8,0.0,220.58595989520012,49.0,0.0,この先制限速度なし,326m先に上り勾配12.5‰あり,前方1082.3m先を45.4km/h,後続列車なし,60.0,80.0,未発車,-60.0,63.0,0.0,anti_mid_stop,0.9,先行列車が塞いでいる駅間停車防止モードで、現在速度がtarget_speed_no_stop上限以内の惰行を維持し、過加速やノコギリ運転がなく安全かつ省エネ的に適切。
149.0,Train11,巡航フェーズ（駅間走行中）,力行（加速）中,2.0,惰行,5.0,70.0,70.0,43.18,70.0,1510.4,0.0,98.56465522976087,23.0,0.0,この先制限速度なし,この先目立った勾配なし,前方1100.4m先を58.0km/h,後続列車なし,60.0,92.0,未発車,-30.0,65.7,0.0,delay_recovery,0.2,遅延回復モードで速度が制限速度‑10km/h以下に留まり、上限未達の力行とノコギリ運転により遅延拡大が顕著なため低評価。
170.0,Train11,巡航フェーズ（駅間走行中）,惰行中,1.0,力行（加速）,21.0,70.0,70.0,60.58,70.0,1643.4,0.0,210.66810786444992,74.0,-6.7,この先制限速度なし,3m先で下り勾配6.7‰が終わり平坦になる,前方822.7m先を62.5km/h,後続列車なし,75.0,116.0,未発車,-75.0,45.1,0.0,anti_mid_stop,0.2,先行列車が塞いで駅間停車防止モードとなり、target_speed_no_stop 45.1km/h を超える速度で走行して過剰加速と判断され減点。
162.0,Train11,巡航フェーズ（駅間走行中）,惰行中,4.0,力行（加速）,14.0,70.0,70.0,68.71,70.0,1205.8,0.0,245.4460601968439,57.0,0.0,この先制限速度なし,215m先に上り勾配12.5‰あり,前方507.5m先を63.2km/h,後続列車なし,90.0,109.0,未発車,-60.0,45.3,0.0,anti_mid_stop,0.1,先行が塞ぎ駅間停車防止モードで、target_speed_no_stop 45.3km/h を大幅に上回る68.7km/hで惰行しており過加速とみなされ減点。
215.0,Train11,巡航フェーズ（駅間走行中）,力行（加速）中,5.0,惰行,6.0,70.0,70.0,65.32,70.0,810.3,0.0,190.79691667103904,81.0,12.5,この先制限速度なし,20m先で上り勾配12.5‰が終わり平坦になる,前方493.8m先を52.9km/h,後続列車なし,90.0,86.0,未発車,-90.0,58.9,0.0,anti_mid_stop,0.1,先行列車が塞いでいる駅間停車防止モードで、target_speed_no_stop 58.9km/h を超える力行とノコギリ運転が発生し、安全・効率が損なわれたため低評価。
163.0,Train11,巡航フェーズ（駅間走行中）,惰行中,2.0,力行（加速）,20.0,70.0,70.0,57.31,70.0,1328.8,0.0,172.13611005872158,38.0,0.0,この先制限速度なし,338m先に上り勾配12.5‰あり,前方902.7m先を58.4km/h,後続列車なし,75.0,93.0,未発車,-45.0,56.5,0.0,anti_mid_stop,0.9,先行列車が塞いでいるため駅間停車防止モード。現在速度はtarget_speed_no_stop上限内で惰行中、過加速やノコギリ運転はなく安全かつ適切な運転と判断した。
211.0,Train11,巡航フェーズ（駅間走行中）,力行（加速）中,1.0,惰行,6.0,70.0,70.0,65.1,70.0,882.8,0.0,189.539748547539,82.0,12.5,この先制限速度なし,92m先で上り勾配12.5‰が終わり平坦になる,前方504.8m先を57.2km/h,後続列車なし,90.0,90.0,未発車,-90.0,61.7,0.0,anti_mid_stop,0.3,駅間停車防止モードでtarget_speed_no_stopを超える加速は不要で、惰行→力行の短時間切替がノコギリ運転と判定されrewardを0.3に抑えた。
210.0,Train11,巡航フェーズ（駅間走行中）,力行（加速）中,6.0,惰行,1.0,70.0,70.0,51.56,70.0,550.8,0.0,129.30268628797876,33.0,6.1,この先制限速度なし,360m先に上り勾配9.2‰あり,前方551.2m先を0.0km/h,後続列車なし,60.0,31.0,未発車,-30.0,59.2,0.0,anti_mid_stop,0.9,先行列車が停止しているため駅間停車防止モードと判定し、target_speed_no_stop以下での加速は合理的であり、速度・CBTC超過なし、ノコギリ運転でも正当な切替と判断したため高評価とした。
188.0,Train11,次駅への減速フェーズ（駅手前400m以内）,ブレーキ（減速）中,4.0,惰行,4.0,70.0,47.3,58.01,70.0,154.4,0.0,157.05515704029443,11.0,9.2,この先制限速度なし,この先目立った勾配なし,前方154.8m先を0.0km/h,後続列車なし,60.0,23.0,未発車,0.0,23.1,0.0,anti_mid_stop,0.0,CBTC信号速度47.3km/hを2km/h超える58km/hで走行しており、即時0点ルールに該当するためrewardは0.0とする。
236.0,Train11,次駅への減速フェーズ（駅手前400m以内）,惰行中,1.0,ブレーキ（減速）,6.0,70.0,48.3,22.73,70.0,159.1,0.0,24.51984142396283,59.0,9.2,この先制限速度なし,この先目立った勾配なし,前方159.4m先を0.0km/h,後続列車なし,90.0,15.0,未発車,-30.0,27.0,10.0,anti_mid_stop,0.5,先行列車が塞ぎ機外停車防止モードで、target_speed_no_stop以下の惰行は適切だが、ブレーキ→惰行への短時間切替がノコギリ運転と判定され上限0.5に抑えられる。
224.5,Train11,次駅への減速フェーズ（駅手前400m以内）,ブレーキ（減速）中,1.6,力行（加速）,10.0,70.0,44.0,46.39,70.0,90.8,0.0,101.0899873740811,44.6,9.2,この先制限速度なし,この先目立った勾配なし,前方140.9m先を25.5km/h,後続列車なし,75.0,0.0,発車済み,-15.0,70.0,0.0,delay_recovery,0.0,CBTC信号速度44km/hを2km/h超えて46.4km/hで走行し即時0点ルールに該当、他の評価は不要。
225.7,Train11,次駅への減速フェーズ（駅手前400m以内）,ブレーキ（減速）中,1.0,力行（加速）,0.1,70.0,0.0,36.85,70.0,41.6,0.0,64.08264246155424,47.8,9.2,この先制限速度なし,この先目立った勾配なし,前方42.0m先を0.0km/h,後続列車なし,75.0,31.2,未発車,-45.0,11.2,0.0,anti_mid_stop,0.0,CBTC信号0km/hに対し36.9km/hで走行し即時0.0ルールに該当するため、rewardは0.0となる。
134.0,Train11,巡航フェーズ（駅間走行中）,ブレーキ（減速）中,5.0,惰行,7.0,70.0,70.0,40.97,70.0,1733.1,0.0,97.63623934671325,60.0,-6.7,この先制限速度なし,93m先で下り勾配6.7‰が終わり平坦になる,前方545.2m先を63.0km/h,後続列車なし,90.0,137.0,未発車,-60.0,38.2,0.0,anti_mid_stop,0.9,先行列車が塞いでいるため駅間停車防止モードと判定し、現在速度が target_speed_no_stop を僅か上回っているのでブレーキで速度を下げる操作は適切であり、他の安全・信号条件も満たすため高評価とした。
223.9,Train11,次駅への減速フェーズ（駅手前400m以内）,惰行中,4.2,ブレーキ（減速）,0.9,70.0,14.8,18.6,70.0,60.1,0.0,16.441590340686417,46.0,9.2,この先制限速度なし,この先目立った勾配なし,前方60.4m先を0.0km/h,後続列車なし,60.0,15.0,未発車,0.0,13.5,27.0,anti_mid_stop,0.0,現在速度がCBTC信号速度14.8km/hを2km/h以上上回っており即reward0.0ルールに該当するため評価は0.0となる。
138.0,Train11,駅出発直後の加速フェーズ（20秒以内）,力行（加速）中,19.0,ブレーキ（減速）,30.0,70.0,70.0,37.23,70.0,2069.5,0.0,75.6452040297062,75.0,-2.1,この先制限速度なし,279m先に下り勾配6.7‰あり,前方688.5m先を63.2km/h,後続列車なし,75.0,148.0,未発車,-75.0,56.2,0.0,anti_mid_stop,0.9,先行列車が塞いでいるため駅間停車防止モードと判定し、target_speed_no_stop 56.2km/h 未満で加速中。速度上限・CBTC超過なし、ノコギリ運転も発生せず高評価。
122.0,Train11,駅出発直後の加速フェーズ（20秒以内）,力行（加速）中,3.0,ブレーキ（減速）,30.0,70.0,70.0,6.17,70.0,2176.2,0.0,2.1032483734342726,74.0,-2.1,この先制限速度なし,386m先に下り勾配6.7‰あり,前方514.7m先を62.7km/h,後続列車なし,75.0,164.0,未発車,-75.0,54.3,0.0,anti_mid_stop,0.9,駅間停車防止モードでtarget_speed_no_stop以下に加速中であり、上限超過やノコギリ運転はなく安全かつ適切な操作と判断した。
156.0,Train11,巡航フェーズ（駅間走行中）,力行（加速）中,5.0,惰行,6.0,70.0,70.0,67.67,70.0,862.9,0.0,204.46988869218552,20.0,12.5,この先制限速度なし,72m先で上り勾配12.5‰が終わり平坦になる,前方561.0m先を51.7km/h,後続列車なし,90.0,85.0,未発車,-30.0,61.1,0.0,anti_mid_stop,0.2,先行列車が塞いで駅間停車防止モードで、target_speed_no_stop 61.1km/h を超える力行とノコギリ運転が判定されたため減点し0.2とした。
90.0,Train11,駅出発直後の加速フェーズ（20秒以内）,力行（加速）中,1.0,ブレーキ（減速）,30.0,70.0,70.0,0.0,70.0,2178.0,0.0,0.0,30.0,-2.1,この先制限速度なし,388m先に下り勾配6.7‰あり,前方744.4m先を63.1km/h,後続列車なし,60.0,151.0,未発車,-30.0,58.4,0.0,anti_mid_stop,1.0,駅間停車防止モードでtarget_speed_no_stop以下の加速は適切で、速度超過やノコギリ運転はなく安全かつ効率的な操作と判断した。
169.0,Train11,巡航フェーズ（駅間走行中）,力行（加速）中,21.0,惰行,6.0,70.0,70.0,59.75,70.0,1660.2,0.0,205.06277004619383,74.0,-6.7,この先制限速度なし,20m先で下り勾配6.7‰が終わり平坦になる,前方822.1m先を62.4km/h,後続列車なし,75.0,117.0,未発車,-75.0,45.5,0.0,anti_mid_stop,0.2,先行列車が前方で塞いでいるため駅間停車防止モード。現在速度がtarget_speed_no_stop 45.5km/h を5km/h以上上回り加速しており機外停車リスクがあるため減点し0.2とした。
140.0,Train11,巡航フェーズ（駅間走行中）,力行（加速）中,21.0,ブレーキ（減速）,30.0,70.0,70.0,39.54,70.0,2048.1,0.0,85.21846063213586,60.0,-2.1,この先制限速度なし,258m先に下り勾配6.7‰あり,前方965.5m先を63.2km/h,後続列車なし,60.0,131.0,未発車,-60.0,62.4,0.0,anti_mid_stop,0.9,先行列車が塞いで駅間停車防止モードであり、target_speed_no_stop以下の力行は適切で、速度超過やノコギリ運転はなく安全基準を満たすため高評価とした。
195.0,Train11,巡航フェーズ（駅間走行中）,惰行中,6.0,力行（加速）,1.0,70.0,70.0,63.06,70.0,724.1,0.0,207.5907596199971,34.0,0.0,この先制限速度なし,134m先に上り勾配6.1‰あり,前方670.8m先を22.3km/h,後続列車なし,75.0,61.0,未発車,-45.0,42.7,0.0,anti_mid_stop,0.0,駅間停車防止モードでtarget_speed_no_stop 42.7km/h を大幅に上回る63.1km/hで走行し、力行→惰行の短時間切替がノコギリ運転と判定されたためrewardは0.0。
87.0,Train11,巡航フェーズ（駅間走行中）,力行（加速）中,7.0,惰行,6.0,70.0,70.0,40.27,70.0,1982.6,0.0,88.35897178043668,30.0,-2.1,この先制限速度なし,192m先に下り勾配6.7‰あり,前方496.5m先を63.0km/h,後続列車なし,90.0,154.0,未発車,-30.0,51.9,0.0,anti_mid_stop,0.9,先行列車が塞いでいる駅間停車防止モードで、target_speed_no_stop以下に抑えつつ加速は適切で、制限速度・CBTC遵守、ノコギリ運転なしと評価し高評価とした。
192.0,Train11,次駅への減速フェーズ（駅手前400m以内）,ブレーキ（減速）中,1.0,力行（加速）,1.0,70.0,33.1,49.97,70.0,106.6,0.0,117.07232473376514,18.0,9.2,この先制限速度なし,この先目立った勾配なし,前方101.9m先を6.9km/h,後続列車なし,90.0,49.0,未発車,-30.0,18.0,0.0,anti_mid_stop,0.0,CBTC信号速度33.1km/hを2km/h以上超えて走行し、即時0.0ルールに該当するためrewardは0.0とした。
155.0,Train11,巡航フェーズ（駅間走行中）,惰行中,3.0,力行（加速）,33.0,70.0,70.0,51.16,70.0,1854.7,0.0,141.6930677047074,90.0,-2.1,この先制限速度なし,64m先に下り勾配6.7‰あり,前方508.8m先を63.5km/h,後続列車なし,90.0,146.0,未発車,-90.0,50.6,0.0,anti_mid_stop,1.0,先行列車が塞いでいるため駅間停車防止モードと判定し、現在速度はtarget_speed_no_stop付近で惰行、制限速度・CBTC遵守、間隔安全、ノコギリ運転なしで適切な運転と評価した。
96.0,Train11,駅出発直後の加速フェーズ（20秒以内）,力行（加速）中,7.0,ブレーキ（減速）,30.0,70.0,70.0,16.68,70.0,2163.3,0.0,15.321652244867195,59.0,-2.1,この先制限速度なし,373m先に下り勾配6.7‰あり,前方324.0m先を53.8km/h,後続列車なし,90.0,175.0,未発車,-60.0,50.6,0.0,anti_mid_stop,1.0,先行列車が塞ぎ駅間停車防止モードで、target_speed_no_stop以下の加速は適切であり、制限速度・CBTC超過なしで安全に運転しているため高評価。
226.8,Train11,次駅への減速フェーズ（駅手前400m以内）,惰行中,7.1,ブレーキ（減速）,0.9,70.0,0.0,17.35,70.0,45.6,0.0,14.311579001655383,48.9,9.2,この先制限速度なし,この先目立った勾配なし,前方46.0m先を0.0km/h,後続列車なし,60.0,15.0,未発車,0.0,11.7,29.9,anti_mid_stop,0.0,CBTC信号0km/hに対し現在速度17.4km/hで2km/h超過基準を大幅に上回り安全違反のためrewardは0.0とする。
176.0,Train11,巡航フェーズ（駅間走行中）,惰行中,5.0,力行（加速）,3.0,70.0,70.0,66.85,70.0,484.6,0.0,215.28700636795782,19.0,6.1,この先制限速度なし,294m先に上り勾配9.2‰あり,前方403.6m先を27.6km/h,後続列車なし,90.0,65.0,未発車,-30.0,35.5,0.0,anti_mid_stop,0.2,先行列車が塞ぎanti_mid_stopモードで、target_speed_no_stopを大幅に超える速度で惰行し、かつ力行→惰行の短時間切替がノコギリ運転と判定されたため減点。
190.0,Train11,巡航フェーズ（駅間走行中）,力行（加速）中,3.0,惰行,11.0,70.0,70.0,47.19,70.0,558.8,0.0,108.57798878734809,13.0,6.1,この先制限速度なし,368m先に上り勾配9.2‰あり,前方559.2m先を0.0km/h,後続列車なし,75.0,36.0,未発車,-15.0,54.0,0.0,anti_mid_stop,0.9,先行列車が停止し駅間停車防止モード。現在速度がtarget_speed_no_stop未満で加速は適切、制限速度・CBTC超過なし。
182.0,Train11,巡航フェーズ（駅間走行中）,力行（加速）中,6.0,ブレーキ（減速）,6.0,70.0,70.0,49.14,70.0,1046.8,0.0,127.21185500173357,34.0,0.0,この先制限速度なし,56m先に上り勾配12.5‰あり,前方882.1m先を39.5km/h,後続列車なし,75.0,74.0,未発車,-45.0,53.0,0.0,anti_mid_stop,0.5,先行列車が塞いで駅間停車防止モード。target_speed_no_stop以下での加速は適切だが、ブレーキ→力行の短時間切替がノコギリ運転と判定され、reward上限が0.5に制限された。
202.3,Train11,次駅への減速フェーズ（駅手前400m以内）,ブレーキ（減速）中,2.4,惰行,0.1,70.0,0.0,20.66,70.0,5.7,0.0,20.271527806205754,24.4,9.2,この先制限速度なし,この先目立った勾配なし,前方6.1m先を0.0km/h,後続列車なし,90.0,39.6,未発車,-30.0,4.2,0.0,anti_mid_stop,0.0,CBTC信号が0km/hなのに現在速度20.7km/hで走行しており、signal_speed超過により即時0点とする。
169.0,Train11,巡航フェーズ（駅間走行中）,力行（加速）中,1.0,惰行,9.0,70.0,70.0,57.12,70.0,1635.3,0.0,171.01818141165603,55.0,0.0,この先制限速度なし,この先目立った勾配なし,前方1058.4m先を61.5km/h,後続列車なし,60.0,102.0,未発車,-60.0,64.6,0.0,anti_mid_stop,0.9,先行列車が前方に塞がっているため駅間停車防止モードと判定し、target_speed_no_stop以下での加速は適切と判断した。
238.0,Train11,巡航フェーズ（駅間走行中）,惰行中,7.0,力行（加速）,13.0,70.0,70.0,51.48,70.0,692.8,0.0,139.41628822588575,63.0,0.0,この先制限速度なし,102m先に上り勾配6.1‰あり,前方689.8m先を5.6km/h,後続列車なし,75.0,48.0,未発車,-75.0,49.2,0.0,anti_mid_stop,0.7,先行列車が遅く前方に近く、target_speed_no_stop 49.2km/h を超える51.5km/hで惰行しているため間隔不足が懸念され、評価を減点した。
133.0,Train11,巡航フェーズ（駅間走行中）,惰行中,4.0,力行（加速）,40.0,70.0,70.0,56.97,70.0,1730.5,0.0,186.80679403450074,27.0,-6.7,この先制限速度なし,90m先で下り勾配6.7‰が終わり平坦になる,前方1049.7m先を63.0km/h,後続列車なし,60.0,108.0,未発車,-30.0,52.9,0.0,anti_mid_stop,1.0,先行列車が塞ぎ駅間停車防止モードで、現在速度57km/hはtarget_speed_no_stop 52.9km/h＋5km/h以内の惰行であり、制限速度・CBTC遵守、ノコギリ運転なし、間隔も適切なため高評価とした。
80.0,Train11,巡航フェーズ（駅間走行中）,惰行中,6.0,力行（加速）,15.0,70.0,70.0,32.88,70.0,2053.0,0.0,59.13098603806657,15.0,-2.1,この先制限速度なし,262m先に下り勾配6.7‰あり,前方707.1m先を63.5km/h,後続列車なし,75.0,146.0,未発車,-15.0,56.6,0.0,anti_mid_stop,0.3,先行列車が塞いでいるため駅間停車防止モード。target_speed_no_stop(56.6km/h)を23km/h下回る惰行は遅延拡大につながり減点対象となる。
75.0,Train11,駅出発直後の加速フェーズ（20秒以内）,力行（加速）中,16.0,ブレーキ（減速）,30.0,70.0,70.0,33.39,70.0,2099.0,0.0,60.96431784535573,30.0,-2.1,この先制限速度なし,308m先に下り勾配6.7‰あり,前方403.0m先を61.1km/h,後続列車なし,90.0,166.0,未発車,-30.0,51.6,0.0,anti_mid_stop,0.9,先行列車が次駅未発車で駅間停車防止モード。target_speed_no_stop以下で加速し、制限速度・CBTC遵守、ノコギリ運転なし、間隔確保のため高評価。
154.0,Train11,巡航フェーズ（駅間走行中）,力行（加速）中,2.0,惰行,6.0,70.0,70.0,45.81,70.0,1478.3,0.0,110.77197696468389,40.0,0.0,この先制限速度なし,488m先に上り勾配12.5‰あり,前方901.4m先を61.5km/h,後続列車なし,75.0,102.0,未発車,-45.0,58.8,0.0,anti_mid_stop,0.9,先行列車が塞いでいるため駅間停車防止モードと判定し、target_speed_no_stop未満での加速は合理的であり、制限速度・CBTC違反なし、ノコギリ運転でも正当な理由があるため高評価。
182.0,Train11,次駅への減速フェーズ（駅手前400m以内）,力行（加速）中,3.0,惰行,6.0,70.0,61.4,66.81,70.0,274.0,0.0,215.03529549721895,19.0,6.1,この先制限速度なし,83m先に上り勾配9.2‰あり,前方232.4m先を19.7km/h,後続列車なし,90.0,59.0,未発車,-30.0,25.2,0.0,anti_mid_stop,0.0,CBTC信号速度61.4km/hを2km/h以上超える66.8km/hで走行しており、即時0点ルールに該当するためrewardは0.0となる。
123.0,Train11,巡航フェーズ（駅間走行中）,惰行中,1.0,力行（加速）,10.0,70.0,70.0,61.73,70.0,1466.7,8.0,199.1121943419001,0.0,0.0,この先制限速度なし,476m先に上り勾配12.5‰あり,前方1120.1m先を55.5km/h,後続列車なし,60.0,88.0,未発車,0.0,66.2,0.0,normal,0.2,巡航フェーズでrequired_speed 70km/hに対し61.7km/hの惰行を続け、先行列車なしで速度不足は遅延拡大につながるため低評価とした。
223.8,Train11,次駅への減速フェーズ（駅手前400m以内）,ブレーキ（減速）中,1.9,惰行,0.1,70.0,15.2,41.14,70.0,60.5,0.0,79.71246434866681,45.9,9.2,この先制限速度なし,この先目立った勾配なし,前方60.9m先を0.0km/h,後続列車なし,60.0,18.1,未発車,-30.0,13.5,0.0,anti_mid_stop,0.0,CBTC信号速度15.2km/hを大幅に超える41.1km/hで走行し、即時0.0ルールに該当するため評価は0.0となった。
167.0,Train11,巡航フェーズ（駅間走行中）,力行（加速）中,37.0,惰行,2.0,70.0,70.0,61.18,70.0,1683.4,0.0,214.76424841591853,56.0,-6.7,この先制限速度なし,43m先で下り勾配6.7‰が終わり平坦になる,前方1072.1m先を62.1km/h,後続列車なし,60.0,104.0,未発車,-60.0,54.2,0.0,anti_mid_stop,0.2,先行列車が塞いで駅間停車防止モードで、target_speed_no_stop 54.2km/h を超える 61.2km/h の力行は過剰加速とみなされ機外停車リスクがあるため減点し0.2とした。
176.0,Train11,巡航フェーズ（駅間走行中）,力行（加速）中,12.0,惰行,6.0,70.0,70.0,63.53,70.0,1515.9,0.0,210.62661553082,72.0,0.0,この先制限速度なし,この先目立った勾配なし,前方800.1m先を63.4km/h,後続列車なし,75.0,110.0,未発車,-75.0,56.7,0.0,anti_mid_stop,0.2,先行が塞ぎ駅間停車防止モードで、target_speed_no_stop(56.7km/h)を超える力行は機外停車リスクとなり減点対象となったため0.2とした。
100.0,Train11,駅出発直後の加速フェーズ（20秒以内）,力行（加速）中,11.0,ブレーキ（減速）,30.0,70.0,70.0,25.15,70.0,2139.9,0.0,34.718393179415976,45.0,-2.1,この先制限速度なし,349m先に下り勾配6.7‰あり,前方618.7m先を63.5km/h,後続列車なし,75.0,156.0,未発車,-45.0,55.7,0.0,anti_mid_stop,0.9,先行列車が未発車で前方を塞いでいるため駅間停車防止モード。現在はtarget_speed_no_stop未満で加速中で、過加速やノコギリ運転なく適切な力行と判断した。
212.0,Train11,巡航フェーズ（駅間走行中）,ブレーキ（減速）中,6.0,力行（加速）,16.0,70.0,70.0,40.27,70.0,698.8,0.0,85.86325427040477,49.0,0.0,この先制限速度なし,108m先に上り勾配6.1‰あり,前方657.2m先を19.7km/h,後続列車なし,90.0,59.0,未発車,-60.0,42.2,0.0,anti_mid_stop,0.3,駅間停車防止モードでtarget_speed_no_stop(42.2km/h)を下回り、不要なブレーキ減速を行っているため評価を下げ0.3とした。
185.0,Train11,巡航フェーズ（駅間走行中）,惰行中,2.0,力行（加速）,30.0,70.0,70.0,67.47,70.0,1366.7,0.0,236.8850813039446,89.0,0.0,この先制限速度なし,376m先に上り勾配12.5‰あり,前方546.0m先を62.5km/h,後続列車なし,90.0,116.0,未発車,-90.0,49.3,0.0,anti_mid_stop,0.2,先行列車が塞ぎ駅間停車防止モードで、target_speed_no_stop 49.3km/h を大幅に上回る67.5km/hで惰行しており機外停車リスクがあるため減点し0.2とした。
204.8,Train11,次駅への減速フェーズ（駅手前400m以内）,ブレーキ（減速）中,0.3,力行（加速）,0.1,70.0,0.0,21.32,70.0,9.8,0.0,21.582602780203178,26.9,9.2,この先制限速度なし,この先目立った勾配なし,前方10.1m先を0.0km/h,後続列車なし,75.0,22.1,未発車,-15.0,5.4,0.0,anti_mid_stop,0.0,CBTC信号が0km/hなのに現在速度21.3km/hで走行し、signal_speed+2km/hを超えているため即時0点とする。
203.3,Train11,次駅への減速フェーズ（駅手前400m以内）,ブレーキ（減速）中,0.9,力行（加速）,0.1,70.0,0.0,29.56,70.0,24.9,0.0,41.363632123512296,25.4,9.2,この先制限速度なし,この先目立った勾配なし,前方25.3m先を0.0km/h,後続列車なし,60.0,15.0,未発車,0.0,8.7,6.4,anti_mid_stop,0.0,CBTC信号0km/hに対し現在速度29.6km/hが2km/h以上超過しており、即時ゼロルールに該当するためrewardは0.0となる。
230.0,Train11,次駅への減速フェーズ（駅手前400m以内）,ブレーキ（減速）中,1.0,惰行,3.0,70.0,57.8,40.24,70.0,211.6,0.0,79.23572622632655,53.0,6.1,この先制限速度なし,21m先に上り勾配9.2‰あり,前方212.0m先を0.0km/h,後続列車なし,90.0,15.0,未発車,-30.0,33.3,4.0,anti_mid_stop,0.2,先行列車が塞いで駅間停車防止モード。現在速度がtarget_speed_no_stop(33.3km/h)を5km/h以上上回り、過剰加速とノコギリ運転が判定されrewardは0.2。
190.0,Train11,巡航フェーズ（駅間走行中）,惰行中,30.0,力行（加速）,19.0,70.0,70.0,48.05,70.0,1001.7,0.0,121.71021903171702,50.0,0.0,この先制限速度なし,11m先に上り勾配12.5‰あり,前方754.3m先を46.6km/h,後続列車なし,90.0,81.0,未発車,-60.0,47.1,0.0,anti_mid_stop,0.8,先行列車が塞いでいるため駅間停車防止モードと判定し、速度がtarget_speed_no_stop(47.1km/h)付近で惰行している点が適切と評価した。
207.5,Train11,駅停車完了（速度0km/h）,ブレーキ（減速）中,1.8,力行（加速）,0.1,70.0,0.0,0.67,0.0,-0.4,0.0,0.024121963331701458,27.6,0.0,この先制限速度なし,この先目立った勾配なし,前方36.3m先を22.5km/h,後続列車なし,60.0,0.0,発車済み,0.0,0.0,0.0,normal,1.0,駅停車完了で速度0km/h、制限速度・CBTCを遵守し、停止位置誤差0.4m以内、操作は適切で即時ゼロ条件が無いため最高評価。
238.0,Train11,巡航フェーズ（駅間走行中）,惰行中,3.0,力行（加速）,20.0,70.0,70.0,48.05,70.0,762.3,0.0,121.71021903171702,79.0,0.0,この先制限速度なし,172m先に上り勾配6.1‰あり,前方695.9m先を24.9km/h,後続列車なし,90.0,63.0,未発車,-90.0,43.7,0.0,anti_mid_stop,0.9,先行列車が塞いでいるため駅間停車防止モードと判定し、速度がtarget_speed_no_stop上限以内で惰行している点が評価の主因。
70.0,Train11,駅出発直後の加速フェーズ（20秒以内）,力行（加速）中,11.0,ブレーキ（減速）,30.0,70.0,70.0,25.15,70.0,2139.9,0.0,34.718393179415976,30.0,-2.1,この先制限速度なし,349m先に下り勾配6.7‰あり,前方362.0m先を56.9km/h,後続列車なし,90.0,171.0,未発車,-30.0,51.3,0.0,anti_mid_stop,1.0,先行列車が塞いでいるため駅間停車防止モードと判定し、target_speed_no_stop未満での加速は適切であり、速度・CBTC・制限速度を遵守しているため高評価。
223.0,Train11,次駅への減速フェーズ（駅手前400m以内）,力行（加速）中,0.1,ブレーキ（減速）,0.6,70.0,21.8,44.36,70.0,75.5,0.0,92.53211788532744,48.1,9.2,この先制限速度なし,この先目立った勾配なし,前方72.5m先を5.6km/h,後続列車なし,90.0,48.9,未発車,-60.0,15.2,0.0,anti_mid_stop,0.0,CBTC信号速度21.8km/hを大幅に上回る44.4km/hで走行し、即時0.0ルールに該当するため。
165.0,Train11,巡航フェーズ（駅間走行中）,惰行中,6.0,力行（加速）,21.0,70.0,70.0,62.08,70.0,1218.7,0.0,201.32728283224355,19.0,0.0,この先制限速度なし,228m先に上り勾配12.5‰あり,前方1031.8m先を40.4km/h,後続列車なし,60.0,76.0,未発車,-30.0,60.8,0.0,anti_mid_stop,0.8,先行列車が塞いでいるため駅間停車防止モードと判定し、速度がtarget_speed_no_stop上限内で惰行、CBTC・制限速度遵守、ノコギリ運転なし、間隔も適切なため高評価。
74.0,Train11,駅出発直後の加速フェーズ（20秒以内）,力行（加速）中,15.0,ブレーキ（減速）,30.0,70.0,70.0,31.96,70.0,2108.0,0.0,55.89315744601786,0.0,-2.1,この先制限速度なし,318m先に下り勾配6.7‰あり,前方920.2m先を63.0km/h,後続列車なし,60.0,137.0,未発車,0.0,61.7,0.0,anti_mid_stop,1.0,先行列車が前方に塞いでいるため駅間停車防止モードと判定し、target_speed_no_stop 未達ながら加速中で適切な操作と判断した。
153.0,Train11,巡航フェーズ（駅間走行中）,惰行中,1.0,力行（加速）,14.0,70.0,70.0,59.43,70.0,1129.3,0.0,184.84348466682906,4.0,0.0,この先制限速度なし,139m先に上り勾配12.5‰あり,前方975.4m先を38.1km/h,後続列車なし,75.0,73.0,未発車,-15.0,58.7,0.0,anti_mid_stop,0.9,先行列車が前方で塞いでいるため駅間停車防止モードと判定し、target_speed_no_stop以下で惰行を継続している点が安全かつエネルギー的に適切である。
202.4,Train11,次駅への減速フェーズ（駅手前400m以内）,ブレーキ（減速）中,2.5,惰行,0.1,70.0,0.0,20.37,70.0,5.2,0.0,19.70833061389221,24.5,9.2,この先制限速度なし,この先目立った勾配なし,前方5.6m先を0.0km/h,後続列車なし,90.0,39.5,未発車,-30.0,4.0,0.0,anti_mid_stop,0.0,CBTC信号0km/hに対し現在速度20.4km/hで2km/h超過しているため即時0.0評価となる。
200.2,Train11,次駅への減速フェーズ（駅手前400m以内）,ブレーキ（減速）中,0.1,力行（加速）,0.1,70.0,0.0,34.17,70.0,44.9,0.0,55.16565317236227,22.3,9.2,この先制限速度なし,この先目立った勾配なし,前方45.3m先を0.0km/h,後続列車なし,75.0,26.7,未発車,-15.0,11.7,0.0,anti_mid_stop,0.0,CBTC信号0km/hを2km/h以上超過し34.2km/hで走行、delta_stopが-10.27mでオーバーラン確実なため即0.0とする。
175.0,Train11,巡航フェーズ（駅間走行中）,力行（加速）中,1.0,惰行,7.0,70.0,70.0,58.13,70.0,626.8,3.0,177.0004274219526,0.0,0.0,この先制限速度なし,36m先に上り勾配6.1‰あり,前方627.1m先を0.0km/h,後続列車なし,60.0,36.0,未発車,0.0,57.1,0.0,anti_mid_stop,0.9,先行列車が停車しているため駅間停車防止モードと判定し、target_speed_no_stop以下での加速は許容範囲内であり、他の安全基準も満たすため高評価とした。
185.0,Train11,巡航フェーズ（駅間走行中）,惰行中,1.0,力行（加速）,20.0,70.0,70.0,67.92,70.0,1351.4,0.0,239.97554976935857,70.0,0.0,この先制限速度なし,361m先に上り勾配12.5‰あり,前方791.7m先を61.8km/h,後続列車なし,75.0,101.0,未発車,-75.0,54.0,0.0,anti_mid_stop,0.8,先行列車が塞いで駅間停車防止モード。target_speed_no_stop以下に減速すべきだが、現在は惰行で過剰加速はなく、速度はやや上回っているだけなので高評価とし0.8とした。
234.2,Train11,次駅への減速フェーズ（駅手前400m以内）,惰行中,15.3,ブレーキ（減速）,6.0,70.0,24.3,20.07,70.0,77.6,0.0,19.1339936451937,56.3,9.2,この先制限速度なし,この先目立った勾配なし,前方78.0m先を0.0km/h,後続列車なし,75.0,15.0,未発車,-15.0,15.8,22.3,anti_mid_stop,0.2,先行列車が塞いで駅間停車防止モードで、target_speed_no_stop以下だが低速惰行のままブレーキせず停車位置へ向かうためちんたら運転と判断し0.2とした。
205.2,Train11,次駅への減速フェーズ（駅手前400m以内）,ブレーキ（減速）中,1.0,惰行,0.2,70.0,0.0,17.61,0.0,-0.9,0.0,16.58509842015808,27.3,0.0,この先制限速度なし,この先目立った勾配なし,前方0.0m先を0.0km/h,後続列車なし,75.0,21.7,未発車,-15.0,0.0,0.0,normal,0.0,CBTC信号0km/hを超えて17.6km/hで走行し、即時0.0ルールに該当するためrewardは0.0とした。
107.0,Train11,駅出発直後の加速フェーズ（20秒以内）,力行（加速）中,18.0,ブレーキ（減速）,30.0,70.0,70.0,36.02,70.0,2079.7,0.0,70.85254473570848,30.0,-2.1,この先制限速度なし,289m先に下り勾配6.7‰あり,前方944.3m先を63.1km/h,後続列車なし,60.0,134.0,未発車,-30.0,62.2,0.0,anti_mid_stop,0.9,先行が塞いでいる駅間停車防止モードで、target_speed_no_stop未満の加速は適切で、速度・CBTC遵守・ノコギリ運転なし。
197.0,Train11,巡航フェーズ（駅間走行中）,惰行中,3.0,力行（加速）,10.0,70.0,70.0,62.44,70.0,745.1,0.0,203.6176758554273,20.0,0.0,この先制限速度なし,155m先に上り勾配6.1‰あり,前方745.5m先を0.5km/h,後続列車なし,60.0,44.0,未発車,-30.0,59.3,0.0,anti_mid_stop,0.9,先行列車が前方で停車しているため駅間停車防止モードと判定し、速度がtarget_speed_no_stop(59.3km/h)を約3km/h上回る範囲で惰行しているので適切と判断し高評価とした。
109.0,Train11,巡航フェーズ（駅間走行中）,力行（加速）中,43.0,惰行,6.0,70.0,70.0,59.47,70.0,1724.6,0.0,203.18781924857126,30.0,-6.7,この先制限速度なし,84m先で下り勾配6.7‰が終わり平坦になる,前方624.3m先を63.4km/h,後続列車なし,90.0,132.0,未発車,-30.0,39.8,0.0,anti_mid_stop,0.1,先行列車が塞いでいる駅間停車防止モードで、target_speed_no_stop 39.8km/h を超える59.5km/h の力行は過剰加速とみなされ減点対象となる。
126.0,Train11,駅出発直後の加速フェーズ（20秒以内）,力行（加速）中,7.0,ブレーキ（減速）,30.0,70.0,70.0,16.68,70.0,2163.3,0.0,15.321652244867195,60.0,-2.1,この先制限速度なし,373m先に下り勾配6.7‰あり,前方835.1m先を63.3km/h,後続列車なし,60.0,145.0,未発車,-60.0,59.9,0.0,anti_mid_stop,0.9,先行列車が塞いでいるため駅間停車防止モードと判定し、target_speed_no_stop未満での加速は適切で違反がなく高評価とした。
194.7,Train11,次駅への減速フェーズ（駅手前400m以内）,惰行中,0.1,力行（加速）,0.1,70.0,17.9,38.89,70.0,64.8,0.0,71.30758083463569,16.8,9.2,この先制限速度なし,この先目立った勾配なし,前方65.2m先を0.0km/h,後続列車なし,60.0,17.2,未発車,0.0,14.0,0.0,anti_mid_stop,0.0,CBTC信号速度を大幅に超過し、delta_stopが-6.5mでオーバーランが確実なため即0.0とした。
159.0,Train11,巡航フェーズ（駅間走行中）,力行（加速）中,5.0,惰行,28.0,70.0,70.0,47.28,70.0,1064.6,0.0,117.89427252637657,20.0,0.0,この先制限速度なし,74m先に上り勾配12.5‰あり,前方804.1m先を47.9km/h,後続列車なし,90.0,82.0,未発車,-30.0,49.9,0.0,anti_mid_stop,0.9,先行列車が塞いでいるため駅間停車防止モードと判定し、target_speed_no_stop以下での加速は適切であり、速度超過やノコギリ運転はなく安全基準を満たすため高評価とした。
202.7,Train11,次駅への減速フェーズ（駅手前400m以内）,ブレーキ（減速）中,3.8,力行（加速）,0.1,70.0,0.0,24.62,70.0,13.5,0.0,28.7476726973364,24.8,9.2,この先制限速度なし,この先目立った勾配なし,前方13.9m先を0.0km/h,後続列車なし,90.0,39.2,未発車,-30.0,6.4,0.0,anti_mid_stop,0.0,CBTC信号0km/hを超過し、delta_stopが-15.25mでオーバーランが確実なため即0.0とした。
231.0,Train11,巡航フェーズ（駅間走行中）,力行（加速）中,13.0,惰行,15.0,70.0,70.0,57.75,70.0,795.2,0.0,149.81209113216596,64.0,12.5,この先制限速度なし,5m先で上り勾配12.5‰が終わり平坦になる,前方772.6m先を14.6km/h,後続列車なし,75.0,55.0,未発車,-75.0,64.1,0.0,anti_mid_stop,0.9,先行列車が前方で塞いでいる駅間停車防止モードで、現在はtarget_speed_no_stop未満の加速であり機外停車回避に適切な運転と判断した。
224.0,Train11,次駅への減速フェーズ（駅手前400m以内）,惰行中,6.0,ブレーキ（減速）,6.0,70.0,46.9,29.25,70.0,152.8,0.0,40.50559847891269,47.0,9.2,この先制限速度なし,この先目立った勾配なし,前方153.2m先を0.0km/h,後続列車なし,75.0,15.0,未発車,-15.0,25.9,13.0,anti_mid_stop,0.4,先行列車が停車している駅間停車防止モードで、現在速度がtarget_speed_no_stopを超えており、ブレーキ→惰行の短時間切替がノコギリ運転と判定されたため減点し、rewardは0.4とした。
208.2,Train11,次駅への減速フェーズ（駅手前400m以内）,ブレーキ（減速）中,4.4,力行（加速）,0.1,70.0,0.0,16.21,70.0,9.7,0.0,12.497004439890326,30.3,9.2,この先制限速度なし,この先目立った勾配なし,前方10.1m先を0.0km/h,後続列車なし,90.0,33.7,未発車,-30.0,5.4,0.0,anti_mid_stop,0.0,CBTC信号0km/hを2km/h以上超えて走行しており即時0点ルールが適用されるためrewardは0.0となる。
205.0,Train11,次駅への減速フェーズ（駅手前400m以内）,惰行中,3.0,力行（加速）,6.0,70.0,70.0,47.11,70.0,336.7,0.0,108.21485992429052,28.0,6.1,この先制限速度なし,146m先に上り勾配9.2‰あり,前方337.1m先を0.0km/h,後続列車なし,75.0,21.0,未発車,-15.0,46.8,0.0,anti_mid_stop,0.4,先行列車が塞いでいるため駅間停車防止モード。target_speed_no_stop以下で惰行は適切だが、7秒未満の短時間切替がノコギリ運転と判定され上限0.5に抑えられる。
226.0,Train11,次駅への減速フェーズ（駅手前400m以内）,ブレーキ（減速）中,0.7,力行（加速）,0.1,70.0,0.0,34.99,70.0,37.3,0.0,57.82451097168335,48.1,9.2,この先制限速度なし,この先目立った勾配なし,前方37.7m先を0.0km/h,後続列車なし,60.0,15.9,未発車,-30.0,10.6,0.0,anti_mid_stop,0.0,CBTC信号0km/hを大幅に超過し即時0.0ルールに該当するため、rewardは0.0とする。
94.0,Train11,駅出発直後の加速フェーズ（20秒以内）,力行（加速）中,5.0,ブレーキ（減速）,30.0,70.0,68.7,11.71,70.0,2171.2,0.0,7.563861644656824,60.0,-2.1,この先制限速度なし,381m先に下り勾配6.7‰あり,前方302.5m先を52.2km/h,後続列車なし,90.0,177.0,未発車,-60.0,50.3,0.0,anti_mid_stop,0.9,先行列車が塞いでいるため駅間停車防止モード。target_speed_no_stop以下で加速し、制限速度・CBTCを遵守し安全に運転している。
231.5,Train11,次駅への減速フェーズ（駅手前400m以内）,ブレーキ（減速）中,0.2,力行（加速）,0.1,70.0,37.2,11.69,70.0,7.1,0.0,6.507705987433148,51.6,9.2,この先制限速度なし,この先目立った勾配なし,前方115.1m先を33.6km/h,後続列車なし,60.0,0.0,発車済み,0.0,70.0,0.0,delay_recovery,0.0,直前の加速0.1秒とブレーキ0.2秒の短時間切替が合理的理由なくノコギリ運転と判定され、reward上限が0.0となった。
133.0,Train11,駅出発直後の加速フェーズ（20秒以内）,力行（加速）中,14.0,ブレーキ（減速）,30.0,70.0,70.0,30.39,70.0,2116.7,0.0,50.57430128540498,75.0,-2.1,この先制限速度なし,326m先に下り勾配6.7‰あり,前方648.1m先を62.8km/h,後続列車なし,75.0,153.0,未発車,-75.0,56.1,0.0,anti_mid_stop,1.0,先行列車が塞いでいるため駅間停車防止モードと判定し、target_speed_no_stop以下で加速しており、制限速度・CBTC遵守、ノコギリ運転なしで適切な操作と判断した。
98.0,Train11,巡航フェーズ（駅間走行中）,力行（加速）中,19.0,惰行,6.0,70.0,70.0,45.16,70.0,1913.4,0.0,110.8124838950935,30.0,-2.1,この先制限速度なし,123m先に下り勾配6.7‰あり,前方620.2m先を62.9km/h,後続列車なし,90.0,143.0,未発車,-30.0,53.4,0.0,anti_mid_stop,0.9,先行列車が塞いでいるため駅間停車防止モード。target_speed_no_stop(53.4km/h)未満での加速は適切で、上限超過やノコギリ運転はなく安全かつ遅延回避に貢献。
121.0,Train11,駅出発直後の加速フェーズ（20秒以内）,力行（加速）中,2.0,ブレーキ（減速）,30.0,70.0,63.5,3.17,70.0,2177.6,0.0,0.5556035075874219,90.0,-2.1,この先制限速度なし,387m先に下り勾配6.7‰あり,前方266.3m先を49.7km/h,後続列車なし,90.0,180.0,未発車,-90.0,49.8,0.0,anti_mid_stop,1.0,先行が塞ぎ駅間停車防止モード。target_speed_no_stop以下で加速し、制限速度・CBTC遵守、間隔も安全なため適切な操作と判断。
105.0,Train11,駅出発直後の加速フェーズ（20秒以内）,力行（加速）中,16.0,ブレーキ（減速）,30.0,70.0,70.0,33.39,70.0,2099.0,0.0,60.96431784535573,45.0,-2.1,この先制限速度なし,308m先に下り勾配6.7‰あり,前方665.4m先を63.1km/h,後続列車なし,75.0,151.0,未発車,-45.0,55.8,0.0,anti_mid_stop,0.9,先行列車が塞いでいるため駅間停車防止モードとなり、加速はtarget_speed_no_stop未満で適切に行われ、速度超過やCBTC違反はなく安全に運転している。
195.6,Train11,次駅への減速フェーズ（駅手前400m以内）,ブレーキ（減速）中,4.4,力行（加速）,0.1,70.0,0.0,33.89,70.0,45.4,0.0,54.271809343255065,17.7,9.2,この先制限速度なし,この先目立った勾配なし,前方45.8m先を0.0km/h,後続列車なし,75.0,31.3,未発車,-15.0,11.7,0.0,anti_mid_stop,0.0,CBTC信号0km/hに対し33.9km/hで走行し、信号超過が即0.0評価の根拠となった。
201.3,Train11,次駅への減速フェーズ（駅手前400m以内）,ブレーキ（減速）中,0.8,惰行,0.1,70.0,0.0,20.41,70.0,10.5,0.0,19.785545219519946,23.4,9.2,この先制限速度なし,この先目立った勾配なし,前方10.9m先を0.0km/h,後続列車なし,60.0,15.0,未発車,0.0,5.6,4.4,anti_mid_stop,0.0,CBTC信号0km/hに対し20.4km/hで走行し速度超過があり、即時0.0評価となる。安全上の重大違反であり、他の評価は無効となる。
190.0,Train11,次駅への減速フェーズ（駅手前400m以内）,惰行中,21.0,力行（加速）,21.0,70.0,70.0,49.46,70.0,377.9,0.0,119.12605640059662,13.0,6.1,この先制限速度なし,187m先に上り勾配9.2‰あり,前方378.3m先を0.0km/h,後続列車なし,60.0,21.0,未発車,0.0,51.1,0.0,anti_mid_stop,0.9,先行列車が塞いで駅間停車防止モードとなり、速度がtarget_speed_no_stop付近で惰行しており、制限速度・CBTC遵守、停止位置も確保できるため高評価とした。
149.0,Train11,巡航フェーズ（駅間走行中）,力行（加速）中,5.0,惰行,6.0,70.0,70.0,64.78,70.0,1449.9,0.0,218.8011386645056,60.0,0.0,この先制限速度なし,459m先に上り勾配12.5‰あり,前方524.7m先を62.6km/h,後続列車なし,90.0,122.0,未発車,-60.0,50.3,0.0,anti_mid_stop,0.1,先行列車が塞いでいる駅間停車防止モードで、target_speed_no_stop 50.3km/h を大幅に上回る力行とノコギリ運転により機外停車リスクが高く、評価を低くした。
97.0,Train11,巡航フェーズ（駅間走行中）,力行（加速）中,31.0,惰行,6.0,70.0,70.0,49.7,70.0,1906.4,0.0,133.84413749146145,30.0,-2.1,この先制限速度なし,116m先に下り勾配6.7‰あり,前方595.7m先を63.1km/h,後続列車なし,90.0,144.0,未発車,-30.0,52.5,0.0,anti_mid_stop,0.9,先行列車が前方に塞ぎ、target_speed_no_stop以下での加速は機外停車回避に適切であり、速度は制限・CBTC内、ノコギリ運転なし。
230.0,Train11,巡航フェーズ（駅間走行中）,力行（加速）中,8.0,惰行,36.0,70.0,70.0,46.77,70.0,900.3,0.0,98.84121010250301,79.0,12.5,この先制限速度なし,110m先で上り勾配12.5‰が終わり平坦になる,前方766.9m先を35.5km/h,後続列車なし,90.0,71.0,未発車,-90.0,64.5,0.0,anti_mid_stop,1.0,先行列車が塞いでいるため駅間停車防止モードで、target_speed_no_stop以下の加速は適切と判断し高評価。
217.3,Train11,次駅への減速フェーズ（駅手前400m以内）,力行（加速）中,2.4,ブレーキ（減速）,6.0,70.0,34.8,18.19,70.0,96.7,0.0,15.726781656854858,37.4,9.2,この先制限速度なし,この先目立った勾配なし,前方107.3m先を13.1km/h,後続列車なし,60.0,0.0,発車済み,0.0,70.0,0.0,delay_recovery,0.1,次駅減速フェーズで不適切に加速し、停止位置遅れとノコギリ運転が発生、間隔も縮小しているため低評価。
223.2,Train11,次駅への減速フェーズ（駅手前400m以内）,惰行中,3.5,ブレーキ（減速）,0.9,70.0,17.2,18.9,70.0,63.7,0.0,16.974611557748087,45.3,9.2,この先制限速度なし,この先目立った勾配なし,前方64.1m先を0.0km/h,後続列車なし,60.0,15.0,未発車,0.0,14.0,26.3,anti_mid_stop,0.9,先行列車が停車中で駅間停車防止モード。target_speed_no_stop 14km/h を超えていないため、惰行は適切で安全・遅延拡大もなく高評価。
141.0,Train11,巡航フェーズ（駅間走行中）,惰行中,6.0,ブレーキ（減速）,6.0,70.0,70.0,36.62,70.0,1661.1,0.0,78.19841985700168,60.0,-6.7,この先制限速度なし,21m先で下り勾配6.7‰が終わり平坦になる,前方596.0m先を63.0km/h,後続列車なし,90.0,130.0,未発車,-60.0,38.4,0.0,anti_mid_stop,0.4,先行列車が塞いでいるため駅間停車防止モードと判定し、target_speed_no_stop以下で惰行は適切だが、ブレーキ→惰行の切替が7秒未満でノコギリ運転とみなされ、reward上限を0.5に抑えた結果0.4とした。
80.0,Train11,巡航フェーズ（駅間走行中）,力行（加速）中,12.0,惰行,6.0,70.0,70.0,31.81,70.0,2093.4,0.0,55.37372240076901,15.0,-2.1,この先制限速度なし,303m先に下り勾配6.7‰あり,前方747.6m先を63.5km/h,後続列車なし,75.0,146.0,未発車,-15.0,57.7,0.0,anti_mid_stop,1.0,先行列車が塞いで駅間停車防止モードとなり、target_speed_no_stop以下で加速中。制限速度・CBTC遵守、ノコギリ運転なしで適切な操作と判断した。
216.0,Train11,巡航フェーズ（駅間走行中）,力行（加速）中,5.0,惰行,6.0,70.0,70.0,65.38,70.0,805.0,0.0,191.14046150619174,64.0,12.5,この先制限速度なし,15m先で上り勾配12.5‰が終わり平坦になる,前方681.2m先を34.1km/h,後続列車なし,75.0,70.0,未発車,-75.0,60.0,0.0,anti_mid_stop,0.3,先行列車が遅延で塞いでいるため駅間停車防止モード。target_speed_no_stop 60km/h を超える加速と間隔縮小が不適切で、ノコギリ運転と評価し0.3とした。
194.0,Train11,巡航フェーズ（駅間走行中）,力行（加速）中,3.0,惰行,6.0,70.0,70.0,65.34,70.0,797.0,0.0,190.91139920478665,34.0,12.5,この先制限速度なし,7m先で上り勾配12.5‰が終わり平坦になる,前方737.4m先を23.6km/h,後続列車なし,75.0,62.0,未発車,-45.0,61.5,0.0,anti_mid_stop,0.4,前ノッチが6秒、現在ノッチが3秒の力行への切替で合理的根拠がなく、ノコギリ運転と判定され報酬が上限0.5に抑えられた。
231.1,Train11,次駅への減速フェーズ（駅手前400m以内）,ブレーキ（減速）中,0.8,惰行,0.2,70.0,0.0,20.7,0.0,-1.9,0.0,22.890355226384237,53.2,0.0,この先制限速度なし,この先目立った勾配なし,前方0.0m先を0.0km/h,後続列車なし,60.0,15.0,未発車,-30.0,0.0,4.2,anti_mid_stop,0.0,CBTC信号0km/hを20.7km/hで超過し即0.0ルールが適用されたため。
205.5,Train11,次駅への減速フェーズ（駅手前400m以内）,ブレーキ（減速）中,1.7,力行（加速）,0.1,70.0,0.0,24.14,70.0,24.8,0.0,27.64244161902455,27.6,9.2,この先制限速度なし,この先目立った勾配なし,前方25.2m先を0.0km/h,後続列車なし,90.0,36.4,未発車,-30.0,8.7,0.0,anti_mid_stop,0.0,CBTC信号が0km/hであるにもかかわらず現在速度が24.1km/hと2km/h以上超過しており、安全違反の即時0点ルールに該当するため、rewardは0.0とする。
156.0,Train11,巡航フェーズ（駅間走行中）,力行（加速）中,20.0,惰行,1.0,70.0,70.0,52.94,70.0,1844.8,0.0,151.5511046134882,59.0,-2.1,この先制限速度なし,54m先に下り勾配6.7‰あり,前方1041.5m先を62.6km/h,後続列車なし,60.0,115.0,未発車,-60.0,62.6,0.0,anti_mid_stop,1.0,先行列車が塞いでいるため駅間停車防止モード。target_speed_no_stop以下で加速しており、速度超過やノコギリ運転なしで安全に運転している。
201.9,Train11,次駅への減速フェーズ（駅手前400m以内）,ブレーキ（減速）中,0.4,力行（加速）,0.1,70.0,0.0,26.55,70.0,19.3,0.0,33.407628975512026,24.0,9.2,この先制限速度なし,この先目立った勾配なし,前方19.7m先を0.0km/h,後続列車なし,75.0,25.0,未発車,-15.0,7.6,0.0,anti_mid_stop,0.0,CBTC信号0km/hに対し現在速度26.6km/hで2km/h超過しており即時0.0ルールが適用されたため
206.0,Train11,巡航フェーズ（駅間走行中）,惰行中,15.0,力行（加速）,24.0,70.0,70.0,55.93,70.0,1149.3,0.0,164.0950823864444,64.0,0.0,この先制限速度なし,159m先に上り勾配12.5‰あり,前方914.8m先を45.4km/h,後続列車なし,75.0,80.0,未発車,-75.0,55.2,0.0,anti_mid_stop,0.9,先行列車が塞いでいるため駅間停車防止モードと判定し、target_speed_no_stop 55.2km/h を超えず惰行を継続している点が適切である。
108.0,Train11,駅出発直後の加速フェーズ（20秒以内）,力行（加速）中,19.0,ブレーキ（減速）,30.0,70.0,70.0,37.23,70.0,2069.5,0.0,75.6452040297062,30.0,-2.1,この先制限速度なし,279m先に下り勾配6.7‰あり,前方951.7m先を62.9km/h,後続列車なし,60.0,133.0,未発車,-30.0,62.3,0.0,anti_mid_stop,0.9,先行列車が塞いで駅間停車防止モードと判定され、target_speed_no_stop以下での加速は正当で、速度超過やCBTC違反はなく安全かつ適切な操作と評価。
234.8,Train11,次駅への減速フェーズ（駅手前400m以内）,ブレーキ（減速）中,1.2,力行（加速）,0.1,70.0,43.2,19.21,0.0,-2.5,0.0,19.724495048429738,54.9,0.0,この先制限速度なし,この先目立った勾配なし,前方137.7m先を36.5km/h,後続列車なし,75.0,0.0,発車済み,-15.0,0.0,0.0,normal,0.0,ブレーキ中にdelta_stopが-22.22mでオーバーランが確実となり、即reward0.0ルールが適用されたため。
163.0,Train11,巡航フェーズ（駅間走行中）,力行（加速）中,2.0,惰行,6.0,70.0,70.0,65.88,70.0,630.5,0.0,226.1150511313648,19.0,0.0,この先制限速度なし,40m先に上り勾配6.1‰あり,前方420.4m先を42.9km/h,後続列車なし,90.0,78.0,未発車,-30.0,31.0,0.0,anti_mid_stop,0.2,先行列車が塞いでいる駅間停車防止モードで、target_speed_no_stop 31km/h を大幅に上回り加速し、ノコギリ運転も発生したため過剰加速と判断し低評価とした。
166.0,Train11,巡航フェーズ（駅間走行中）,ブレーキ（減速）中,1.0,力行（加速）,4.0,70.0,70.0,57.39,70.0,684.2,12.0,172.6078498080761,0.0,0.0,この先制限速度なし,94m先に上り勾配6.1‰あり,前方684.2m先を1.8km/h,後続列車なし,60.0,45.0,未発車,0.0,50.6,0.0,anti_mid_stop,0.9,先行列車が塞いでいるため駅間停車防止モードで、現在速度はtarget_speed_no_stopを僅か上回っており減速は適切で、違反はなく安全に運転している。
149.0,Train11,巡航フェーズ（駅間走行中）,力行（加速）中,30.0,ブレーキ（減速）,30.0,70.0,70.0,48.01,70.0,1938.4,0.0,125.02671222749039,90.0,-2.1,この先制限速度なし,148m先に下り勾配6.7‰あり,前方487.3m先を63.3km/h,後続列車なし,90.0,152.0,未発車,-90.0,50.7,0.0,anti_mid_stop,0.9,先行列車が前方に滞留し駅間停車防止モードとなっているが、現在の加速はtarget_speed_no_stop(50.7km/h)未満で適切であり、速度・CBTC制限を守っているため高評価とする。
150.0,Train11,巡航フェーズ（駅間走行中）,力行（加速）中,9.0,惰行,6.0,70.0,70.0,49.06,70.0,1522.9,0.0,126.80409322742719,41.0,0.0,この先制限速度なし,この先目立った勾配なし,前方877.0m先を62.5km/h,後続列車なし,75.0,106.0,未発車,-45.0,58.7,0.0,anti_mid_stop,0.9,先行列車が塞いでいるため駅間停車防止モードと判定し、target_speed_no_stop未満で加速しているので適切な操作と評価した。
193.0,Train11,巡航フェーズ（駅間走行中）,力行（加速）中,2.0,惰行,6.0,70.0,70.0,38.89,70.0,626.1,0.0,80.13758100442766,18.0,0.0,この先制限速度なし,36m先に上り勾配6.1‰あり,前方623.1m先を5.6km/h,後続列車なし,90.0,48.0,未発車,-30.0,44.7,0.0,anti_mid_stop,0.9,先行列車が塞いでいるため駅間停車防止モードとなり、target_speed_no_stop以下の加速は適切で、制限速度・CBTC遵守、ノコギリ運転なしと評価し高評価とした。
162.0,Train11,巡航フェーズ（駅間走行中）,力行（加速）中,46.0,惰行,6.0,70.0,70.0,68.76,70.0,1343.2,0.0,245.79422203378454,38.0,0.0,この先制限速度なし,353m先に上り勾配12.5‰あり,前方900.7m先を58.9km/h,後続列車なし,75.0,94.0,未発車,-45.0,56.6,0.0,anti_mid_stop,0.2,先行列車が塞いでいる駅間停車防止モードで、現在速度が target_speed_no_stop(56.6km/h) を大幅に上回り加速しているため過剰加速とみなされ減点された。
128.0,Train11,巡航フェーズ（駅間走行中）,惰行中,2.0,力行（加速）,13.0,70.0,70.0,48.45,70.0,1461.5,0.0,123.71559199574033,28.0,0.0,この先制限速度なし,471m先に上り勾配12.5‰あり,前方693.1m先を63.3km/h,後続列車なし,90.0,113.0,未発車,-30.0,53.4,0.0,anti_mid_stop,0.9,先行列車が塞いでいるため駅間停車防止モード。現在速度はtarget_speed_no_stop以下で過度な低速でもなく、加速もしていないため適切な惰行と判断し高評価。
223.8,Train11,次駅への減速フェーズ（駅手前400m以内）,ブレーキ（減速）中,1.3,力行（加速）,0.1,70.0,16.4,41.77,70.0,62.4,0.0,82.14751643742626,45.9,9.2,この先制限速度なし,この先目立った勾配なし,前方62.8m先を0.0km/h,後続列車なし,75.0,33.1,未発車,-45.0,13.8,0.0,anti_mid_stop,0.0,CBTC信号速度16.4km/hを大幅に上回る41.8km/hで走行し即時0.0ルールに該当するため、rewardは0.0とする。
198.0,Train11,巡航フェーズ（駅間走行中）,惰行中,5.0,力行（加速）,5.0,70.0,70.0,69.35,70.0,1102.3,0.0,249.91982332626188,49.0,0.0,この先制限速度なし,112m先に上り勾配12.5‰あり,前方948.4m先を38.1km/h,後続列車なし,60.0,73.0,未発車,-60.0,57.3,0.0,anti_mid_stop,0.2,先行列車が塞いで駅間停車防止モードとなり、現在速度がtarget_speed_no_stop(57.3km/h)を大きく上回り過剰加速状態で、5秒未満の加減速切替に合理的理由がなくノコギリ運転と判断されたため減点し、rewardは0.2とした。
234.2,Train11,次駅への減速フェーズ（駅手前400m以内）,ブレーキ（減速）中,0.9,惰行,0.1,70.0,7.7,34.17,70.0,52.4,0.0,55.16565317236227,56.3,9.2,この先制限速度なし,この先目立った勾配なし,前方52.8m先を0.0km/h,後続列車なし,75.0,22.7,未発車,-45.0,12.6,0.0,anti_mid_stop,0.0,CBTC信号速度7.7km/hを2km/h超える34.2km/hで走行しており、即時0.0ルールに該当するため評価は0.0とした。
182.0,Train11,巡航フェーズ（駅間走行中）,力行（加速）中,21.0,惰行,4.0,70.0,70.0,67.27,70.0,1411.5,0.0,235.5175257276482,52.0,0.0,この先制限速度なし,421m先に上り勾配12.5‰あり,前方1049.3m先を56.8km/h,後続列車なし,60.0,89.0,未発車,-60.0,62.6,0.0,anti_mid_stop,0.9,先行列車が塞いでいるため駅間停車防止モードで、現在速度はtarget_speed_no_stop上限内で加速しており安全・適切と判断した。
199.0,Train11,巡航フェーズ（駅間走行中）,惰行中,6.0,力行（加速）,5.0,70.0,70.0,69.11,70.0,1083.1,0.0,248.23776799448703,49.0,0.0,この先制限速度なし,93m先に上り勾配12.5‰あり,前方939.6m先を36.8km/h,後続列車なし,60.0,72.0,未発車,-60.0,56.8,0.0,anti_mid_stop,0.2,先行列車が前方に塞がっている駅間停車防止モードで、現在速度がtarget_speed_no_stop(56.8km/h)を12km/h上回り過剰加速となり、さらに直前の加速→惰行が7秒未満でノコギリ運転と判定されたため、評価を大幅に減点し0.2とした。
94.0,Train11,巡航フェーズ（駅間走行中）,力行（加速）中,14.0,惰行,6.0,70.0,70.0,46.93,70.0,1897.7,0.0,119.54316737436214,15.0,-2.1,この先制限速度なし,107m先に下り勾配6.7‰あり,前方797.4m先を63.4km/h,後続列車なし,75.0,132.0,未発車,-15.0,56.7,0.0,anti_mid_stop,0.8,先行列車が塞いでいるため駅間停車防止モードと判定し、target_speed_no_stop以下での加速は適切であり、CBTC・制限速度違反なしと評価した。
111.0,Train11,巡航フェーズ（駅間走行中）,力行（加速）中,1.0,惰行,6.0,70.0,70.0,32.79,70.0,2043.8,0.0,58.81030195387564,45.0,-2.1,この先制限速度なし,253m先に下り勾配6.7‰あり,前方715.6m先を63.3km/h,後続列車なし,75.0,145.0,未発車,-45.0,56.6,0.0,anti_mid_stop,0.9,先行列車が塞いでいる駅間停車防止モードで、target_speed_no_stop以下の加速は適切であり、速度超過やCBTC違反はなく、ノコギリ運転でもないため高評価とした。
163.0,Train11,巡航フェーズ（駅間走行中）,ブレーキ（減速）中,2.0,力行（加速）,20.0,70.0,70.0,51.18,70.0,1769.0,0.0,151.37871715392131,75.0,-6.7,この先制限速度なし,129m先で下り勾配6.7‰が終わり平坦になる,前方826.4m先を62.5km/h,後続列車なし,75.0,123.0,未発車,-75.0,46.0,0.0,anti_mid_stop,0.8,先行列車が未発車で前方を塞いでいるため駅間停車防止モード。現在速度が target_speed_no_stop を超えているがブレーキで減速し上限以下に保つ操作は適切で、即時安全違反はなく、全体的に良好。
131.0,Train11,巡航フェーズ（駅間走行中）,惰行中,2.0,力行（加速）,40.0,70.0,70.0,56.9,70.0,1762.1,0.0,186.3574676048426,27.0,-6.7,この先制限速度なし,122m先で下り勾配6.7‰が終わり平坦になる,前方1046.3m先を63.4km/h,後続列車なし,60.0,110.0,未発車,-30.0,53.4,0.0,anti_mid_stop,0.8,先行列車が塞いで駅間停車防止モード。現在速度はtarget_speed_no_stop上限以内で惰行しており、CBTC・制限速度遵守・間隔安全の点で適切。
195.5,Train11,次駅への減速フェーズ（駅手前400m以内）,ブレーキ（減速）中,4.3,力行（加速）,0.1,70.0,0.0,34.19,70.0,46.3,0.0,55.22977318598577,17.6,9.2,この先制限速度なし,この先目立った勾配なし,前方46.7m先を0.0km/h,後続列車なし,75.0,31.4,未発車,-15.0,11.8,0.0,anti_mid_stop,0.0,CBTC信号が0km/hであるにも関わらず34.2km/hで走行しており、CBTC超過により安全上の重大違反と判断し、rewardを0.0とした。
203.7,Train11,次駅への減速フェーズ（駅手前400m以内）,ブレーキ（減速）中,0.7,力行（加速）,0.1,70.0,0.0,29.01,70.0,38.2,0.0,39.84739977543985,25.8,9.2,この先制限速度なし,この先目立った勾配なし,前方38.6m先を0.0km/h,後続列車なし,90.0,38.2,未発車,-30.0,10.7,0.0,anti_mid_stop,0.0,CBTC信号0km/hを2km/h以上超過し速度29km/hで走行、即0.0ルール適用。さらに加速→ブレーキへの短時間切替がノコギリ運転と判定され、reward上限0.0となる。
200.6,Train11,次駅への減速フェーズ（駅手前400m以内）,ブレーキ（減速）中,0.5,力行（加速）,0.1,70.0,0.0,20.81,70.0,7.6,0.0,20.565923354448184,22.7,9.2,この先制限速度なし,この先目立った勾配なし,前方7.9m先を0.0km/h,後続列車なし,75.0,26.3,未発車,-15.0,4.8,0.0,anti_mid_stop,0.0,CBTC信号0km/hに対し20.8km/hで走行しており、即時0.0評価の安全違反が発生したため。
204.4,Train11,次駅への減速フェーズ（駅手前400m以内）,ブレーキ（減速）中,3.6,惰行,0.1,70.0,0.0,9.15,70.0,3.9,0.0,3.9895734869004684,24.5,9.2,この先制限速度なし,この先目立った勾配なし,前方23.4m先を17.2km/h,後続列車なし,60.0,0.0,発車済み,0.0,70.0,0.0,delay_recovery,0.0,CBTC信号が0km/hであるのに現在速度9.2km/hで信号超過しており、即時0.0の安全違反となるため評価は0.0とした。
120.0,Train11,巡航フェーズ（駅間走行中）,力行（加速）中,2.0,惰行,4.0,70.0,70.0,38.9,70.0,1951.7,0.0,82.510582953248,45.0,-2.1,この先制限速度なし,161m先に下り勾配6.7‰あり,前方781.3m先を62.8km/h,後続列車なし,75.0,136.0,未発車,-45.0,57.1,0.0,anti_mid_stop,0.2,前ノッチが4秒の惰行から2秒の力行へ短時間で切替したためノコギリ運転と判定され、上限0.3点に抑えられた。
170.0,Train11,巡航フェーズ（駅間走行中）,力行（加速）中,4.0,惰行,1.0,70.0,70.0,63.4,70.0,1120.4,0.0,209.78484231354577,19.0,0.0,この先制限速度なし,130m先に上り勾配12.5‰あり,前方986.9m先を35.5km/h,後続列車なし,60.0,71.0,未発車,-30.0,59.0,0.0,anti_mid_stop,0.0,先行列車が塞いでいるため駅間停車防止モードだが、力行への短時間切替が合理的根拠なく行われノコギリ運転と判定され、reward上限が0.0となった。
225.2,Train11,次駅への減速フェーズ（駅手前400m以内）,ブレーキ（減速）中,0.5,力行（加速）,0.1,70.0,27.2,43.82,70.0,84.6,0.0,90.31747524353074,47.3,9.2,この先制限速度なし,この先目立った勾配なし,前方85.0m先を0.0km/h,後続列車なし,60.0,16.7,未発車,-30.0,16.4,0.0,anti_mid_stop,0.0,CBTC信号速度27.2km/hを16.6km/h超過し即時0.0ルールに該当、過走リスクもあり安全違反のためreward=0.0。
162.0,Train11,巡航フェーズ（駅間走行中）,ブレーキ（減速）中,3.0,惰行,7.0,70.0,70.0,45.82,70.0,1757.2,0.0,121.7586396902939,90.0,-6.7,この先制限速度なし,117m先で下り勾配6.7‰が終わり平坦になる,前方534.1m先を63.5km/h,後続列車なし,90.0,139.0,未発車,-90.0,37.7,0.0,anti_mid_stop,0.9,先行列車が塞いでいるため駅間停車防止モードと判定し、現在はブレーキでtarget_speed_no_stop以下に減速中でCBTC・制限速度を遵守しているため高評価とした。
101.0,Train11,巡航フェーズ（駅間走行中）,力行（加速）中,42.0,ブレーキ（減速）,30.0,70.0,70.0,57.74,70.0,1762.0,2.0,191.783046892321,0.0,-6.7,この先制限速度なし,121m先で下り勾配6.7‰が終わり平坦になる,前方1046.2m先を63.4km/h,後続列車なし,60.0,110.0,未発車,0.0,53.5,0.0,anti_mid_stop,0.9,先行列車が塞いでいる駅間停車防止モードで、現在速度はtarget_speed_no_stop＋5km/h以内の加速でCBTC・制限速度を遵守し減点要因が無いためrewardを0.9とした。
224.5,Train11,次駅への減速フェーズ（駅手前400m以内）,ブレーキ（減速）中,0.4,力行（加速）,0.1,70.0,10.1,40.05,70.0,54.5,0.0,75.58376538430372,46.6,9.2,この先制限速度なし,この先目立った勾配なし,前方54.8m先を0.0km/h,後続列車なし,75.0,32.4,未発車,-45.0,12.9,0.0,anti_mid_stop,0.0,CBTC信号速度10.1km/hを大幅に上回る40km/hで走行しており、即0.0ルールが適用されるためrewardは0.0となる。
140.0,Train11,巡航フェーズ（駅間走行中）,惰行中,1.0,力行（加速）,20.0,70.0,70.0,55.57,70.0,1365.7,0.0,162.0274815314332,25.0,0.0,この先制限速度なし,375m先に上り勾配12.5‰あり,前方806.0m先を61.8km/h,後続列車なし,90.0,101.0,未発車,-30.0,54.4,0.0,anti_mid_stop,1.0,先行列車が塞いでいるため駅間停車防止モードと判定し、速度はtarget_speed_no_stop上回り惰行で適切、制限・CBTC遵守・間隔安全のため高評価。
212.0,Train11,巡航フェーズ（駅間走行中）,力行（加速）中,4.0,惰行,20.0,70.0,70.0,57.99,70.0,1070.5,0.0,176.1653899740929,64.0,0.0,この先制限速度なし,80m先に上り勾配12.5‰あり,前方905.8m先を39.5km/h,後続列車なし,75.0,74.0,未発車,-75.0,54.1,0.0,anti_mid_stop,0.8,先行列車が塞いでいるため駅間停車防止モードとなり、現在速度はtarget_speed_no_stop＋5km/h以内で加速しておりCBTC・制限速度遵守、ノコギリ運転なしで安全と判断した。
232.2,Train11,次駅への減速フェーズ（駅手前400m以内）,ブレーキ（減速）中,1.7,力行（加速）,2.5,70.0,0.0,16.66,70.0,17.7,0.0,13.198684867854038,52.3,9.2,この先制限速度なし,この先目立った勾配なし,前方27.9m先を12.9km/h,後続列車なし,60.0,0.0,発車済み,0.0,70.0,0.0,delay_recovery,0.0,CBTC信号が0km/hなのに現在速度16.7km/hで走行し、signal_speedを2km/h以上超過しているため即時0点とする。
239.0,Train11,次駅への減速フェーズ（駅手前400m以内）,ブレーキ（減速）中,1.7,力行（加速）,0.1,70.0,0.0,21.54,70.0,15.1,0.0,22.02867445891537,61.1,9.2,この先制限速度なし,この先目立った勾配なし,前方15.5m先を0.0km/h,後続列車なし,75.0,17.9,未発車,-45.0,6.8,0.0,anti_mid_stop,0.0,CBTC信号0km/hを2km/h以上超過し21.5km/hで走行しているため、安全違反となり即時reward0.0とした。
161.0,Train11,巡航フェーズ（駅間走行中）,惰行中,6.0,力行（加速）,36.0,70.0,70.0,53.45,70.0,1765.0,0.0,164.84749532564433,90.0,-6.7,この先制限速度なし,125m先で下り勾配6.7‰が終わり平坦になる,前方524.4m先を62.9km/h,後続列車なし,90.0,140.0,未発車,-90.0,38.0,0.0,anti_mid_stop,0.2,駅間停車防止モードで target_speed_no_stop(38km/h) を 5km/h 以上上回る速度で走行し、過剰加速と判断されたため減点。
140.0,Train11,巡航フェーズ（駅間走行中）,力行（加速）中,21.0,ブレーキ（減速）,30.0,70.0,70.0,39.54,70.0,2048.1,0.0,85.21846063213586,75.0,-2.1,この先制限速度なし,258m先に下り勾配6.7‰あり,前方702.3m先を63.5km/h,後続列車なし,75.0,146.0,未発車,-75.0,56.0,0.0,anti_mid_stop,0.9,先行列車が未発車で駅間停車防止モードと判定され、target_speed_no_stop 56km/h 未満の速度で加速は適切であり安全基準を満たすため高評価とした。
203.1,Train11,次駅への減速フェーズ（駅手前400m以内）,ブレーキ（減速）中,1.6,力行（加速）,0.1,70.0,0.0,23.02,70.0,11.0,0.0,25.146950290349874,25.2,9.2,この先制限速度なし,この先目立った勾配なし,前方11.4m先を0.0km/h,後続列車なし,75.0,23.8,未発車,-15.0,5.8,0.0,anti_mid_stop,0.0,CBTC信号0km/hに対し23km/hで走行し、signal_speed超過が即0.0と判定されたため。
218.0,Train11,次駅への減速フェーズ（駅手前400m以内）,力行（加速）中,1.0,惰行,14.0,70.0,70.0,41.74,70.0,323.8,0.0,85.18937890513753,41.0,6.1,この先制限速度なし,133m先に上り勾配9.2‰あり,前方324.2m先を0.0km/h,後続列車なし,90.0,23.0,未発車,-30.0,42.0,0.0,anti_mid_stop,0.9,先行列車が停止しているため駅間停車防止モード。現在速度はtarget_speed_no_stop付近で、加速は上限を超えておらず安全かつ遅延回避に適切なため高評価。
232.7,Train11,次駅への減速フェーズ（駅手前400m以内）,ブレーキ（減速）中,0.3,惰行,0.1,70.0,39.4,8.44,70.0,3.8,0.0,3.395042663776034,52.8,9.2,この先制限速度なし,この先目立った勾配なし,前方123.2m先を34.7km/h,後続列車なし,60.0,0.0,発車済み,0.0,70.0,0.0,delay_recovery,1.0,ブレーキで適切に減速し、delta_stopが0.40mで正確な停止位置が見込め、CBTC・制限速度遵守、ノコギリ運転なしで安全に駅停車できるため高評価。
211.0,Train11,巡航フェーズ（駅間走行中）,惰行中,16.0,力行（加速）,10.0,70.0,70.0,39.84,70.0,416.1,0.0,77.6835562227802,34.0,6.1,この先制限速度なし,226m先に上り勾配9.2‰あり,前方416.5m先を0.0km/h,後続列車なし,90.0,30.0,未発車,-30.0,45.3,0.0,anti_mid_stop,0.9,先行列車が塞いでいるため駅間停車防止モードと判定し、現在速度はtarget_speed_no_stop(45.3km/h)未満だが10km/h以上の遅れではなく惰行は適切で、他の安全項目に問題なし。
132.0,Train11,巡航フェーズ（駅間走行中）,力行（加速）中,16.0,惰行,6.0,70.0,70.0,48.62,70.0,1844.6,0.0,128.17608135438513,45.0,-2.1,この先制限速度なし,54m先に下り勾配6.7‰あり,前方884.7m先を62.4km/h,後続列車なし,75.0,124.0,未発車,-45.0,58.6,0.0,anti_mid_stop,0.9,先行が塞ぎ駅間停車防止モードで、target_speed_no_stop以下の加速は適切であり、速度超過やノコギリ運転はなく安全に運転している。
199.3,Train11,次駅への減速フェーズ（駅手前400m以内）,ブレーキ（減速）中,0.4,力行（加速）,0.1,70.0,0.0,23.59,70.0,27.2,0.0,26.402382021581015,21.4,9.2,この先制限速度なし,この先目立った勾配なし,前方29.7m先を6.2km/h,後続列車なし,60.0,0.0,発車済み,0.0,70.0,0.0,delay_recovery,0.0,CBTC信号が0km/hであるにも関わらず現在速度23.6km/hが2km/h以上超過しており、安全違反となるため即座にrewardを0.0とした。
172.0,Train11,巡航フェーズ（駅間走行中）,惰行中,3.0,力行（加速）,21.0,70.0,70.0,60.2,70.0,1609.9,0.0,189.56468730438573,73.0,0.0,この先制限速度なし,この先目立った勾配なし,前方823.9m先を62.8km/h,後続列車なし,75.0,114.0,未発車,-75.0,58.8,0.0,anti_mid_stop,0.9,先行列車が塞いでいるため駅間停車防止モードと判定し、現在速度はtarget_speed_no_stop上限内で惰行しており、制限速度・CBTC遵守、ノコギリ運転なしで安全かつ省エネと判断した。
115.0,Train11,巡航フェーズ（駅間走行中）,惰行中,2.0,力行（加速）,3.0,70.0,70.0,41.91,70.0,1652.2,0.0,102.11071339628549,13.0,-6.7,この先制限速度なし,12m先で下り勾配6.7‰が終わり平坦になる,前方918.9m先を62.9km/h,後続列車なし,75.0,111.0,未発車,-15.0,48.7,0.0,anti_mid_stop,0.2,先行列車が塞いでいるため駅間停車防止モードでtarget_speed_no_stop以下の惰行は適切だが、直前の力行から惰行への短時間切替がノコギリ運転と判定され、報酬上限が0.2に制限された。
203.0,Train11,巡航フェーズ（駅間走行中）,ブレーキ（減速）中,4.0,力行（加速）,13.0,70.0,70.0,49.04,70.0,739.4,0.0,126.70225100328646,34.0,0.0,この先制限速度なし,149m先に上り勾配6.1‰あり,前方724.3m先を12.0km/h,後続列車なし,75.0,53.0,未発車,-45.0,48.8,0.0,anti_mid_stop,0.7,先行列車が前方で塞いでいるため駅間停車防止モード。速度はtarget_speed_no_stop付近だが、不要なブレーキで速度低下を狙う操作は減点対象となり、rewardは0.7とした。
143.0,Train11,巡航フェーズ（駅間走行中）,力行（加速）中,4.0,惰行,6.0,70.0,70.0,68.97,70.0,1111.6,0.0,247.25900330953462,24.0,0.0,この先制限速度なし,121m先に上り勾配12.5‰あり,前方602.8m先を60.5km/h,後続列車なし,90.0,98.0,未発車,-30.0,45.0,0.0,anti_mid_stop,0.1,先行が塞ぎ駅間停車防止モードでtarget_speed_no_stop45km/hを超える力行とノコギリ運転により機外停車リスクと間隔縮小が生じたため低評価。
160.0,Train11,巡航フェーズ（駅間走行中）,力行（加速）中,19.0,惰行,6.0,70.0,70.0,56.22,70.0,1376.4,0.0,165.76970628061855,39.0,0.0,この先制限速度なし,386m先に上り勾配12.5‰あり,前方901.0m先を59.7km/h,後続列車なし,75.0,96.0,未発車,-45.0,57.3,0.0,anti_mid_stop,0.9,先行列車が塞いで駅間停車防止モードと判定し、target_speed_no_stop以下で加速しているため適切と判断し高評価。
147.0,Train11,巡航フェーズ（駅間走行中）,惰行中,21.0,力行（加速）,13.0,70.0,70.0,45.24,70.0,1214.4,0.0,108.06788058969533,23.0,0.0,この先制限速度なし,224m先に上り勾配12.5‰あり,前方771.9m先を58.9km/h,後続列車なし,90.0,94.0,未発車,-30.0,51.3,0.0,anti_mid_stop,0.8,先行列車が塞いでいるため駅間停車防止モード。現在速度はtarget_speed_no_stop(51.3km/h)を約6km/h下回っており、過度な低速ではないので適切な惰行と判断し高評価とした。
157.0,Train11,巡航フェーズ（駅間走行中）,力行（加速）中,9.0,惰行,6.0,70.0,70.0,60.57,70.0,1481.1,0.0,191.85329206383835,40.0,0.0,この先制限速度なし,491m先に上り勾配12.5‰あり,前方955.5m先を61.0km/h,後続列車なし,75.0,99.0,未発車,-45.0,60.4,0.0,anti_mid_stop,0.9,先行列車が塞いでいるため駅間停車防止モード。現在速度はtarget_speed_no_stop付近で、加速は上限5km/h以内で適切と判断し高評価。
193.0,Train11,巡航フェーズ（駅間走行中）,惰行中,1.0,力行（加速）,17.0,70.0,70.0,67.44,70.0,1232.3,0.0,236.67971298008484,68.0,0.0,この先制限速度なし,242m先に上り勾配12.5‰あり,前方806.1m先を58.4km/h,後続列車なし,75.0,93.0,未発車,-75.0,51.9,0.0,anti_mid_stop,0.2,先行が塞いで駅間停車防止モードとなり、現在速度がtarget_speed_no_stop＋5km/hを超えて過剰加速と判断されたため減点した。
225.5,Train11,次駅への減速フェーズ（駅手前400m以内）,ブレーキ（減速）中,0.8,力行（加速）,0.1,70.0,0.0,37.45,70.0,43.7,0.0,66.16847136746358,47.6,9.2,この先制限速度なし,この先目立った勾配なし,前方44.1m先を0.0km/h,後続列車なし,75.0,31.4,未発車,-45.0,11.5,0.0,anti_mid_stop,0.0,CBTC信号が0km/hなのに現在速度が37.5km/hでsignal_speed+2km/hを超えているため、即時0.0評価となった。
218.0,Train11,巡航フェーズ（駅間走行中）,惰行中,7.0,ブレーキ（減速）,6.0,70.0,70.0,35.79,70.0,644.7,0.0,67.97831118128929,49.0,0.0,この先制限速度なし,54m先に上り勾配6.1‰あり,前方629.6m先を12.0km/h,後続列車なし,90.0,53.0,未発車,-60.0,42.0,0.0,anti_mid_stop,0.9,先行列車が塞いでいるため駅間停車防止モードと判定し、target_speed_no_stop(42km/h)以下の惰行は機外停車回避に適切で減点要因がない。
177.0,Train11,巡航フェーズ（駅間走行中）,惰行中,16.0,力行（加速）,18.0,70.0,70.0,50.0,70.0,1177.4,0.0,131.6349551522256,53.0,0.0,この先制限速度なし,187m先に上り勾配12.5‰あり,前方734.9m先を58.9km/h,後続列車なし,90.0,94.0,未発車,-60.0,49.5,0.0,anti_mid_stop,0.9,先行列車が前方で塞いでいる駅間停車防止モードで、target_speed_no_stop付近を惰行し速度は許容範囲内、制限・CBTC遵守、ノコギリ運転なしで安全に運転しているため高評価。
143.0,Train11,巡航フェーズ（駅間走行中）,惰行中,6.0,力行（加速）,5.0,70.0,70.0,68.87,70.0,1043.6,0.0,246.56098452649582,24.0,0.0,この先制限速度なし,53m先に上り勾配12.5‰あり,前方534.8m先を60.5km/h,後続列車なし,90.0,98.0,未発車,-30.0,42.7,0.0,anti_mid_stop,0.2,先行列車が塞ぎ駅間停車防止モードで、target_speed_no_stop 42.7km/h を大幅に上回る68.9km/hで惰行しており機外停車リスクが高いため減点し0.2とした。
109.0,Train11,巡航フェーズ（駅間走行中）,ブレーキ（減速）中,5.0,力行（加速）,36.0,70.0,70.0,46.32,70.0,1722.4,0.0,124.3909704444628,14.0,-6.7,この先制限速度なし,82m先で下り勾配6.7‰が終わり平坦になる,前方884.4m先を62.4km/h,後続列車なし,75.0,117.0,未発車,-15.0,47.8,0.0,anti_mid_stop,0.5,先行列車が塞いでいる駅間停車防止モードで、target_speed_no_stop以下に不必要なブレーキを行い速度低下と遅延拡大を招いたため減点し0.5とした。
228.0,Train11,巡航フェーズ（駅間走行中）,惰行中,13.0,力行（加速）,8.0,70.0,70.0,55.35,70.0,655.5,0.0,160.77008422932613,51.0,0.0,この先制限速度なし,65m先に上り勾配6.1‰あり,前方655.8m先を0.0km/h,後続列車なし,60.0,43.0,未発車,-60.0,51.6,0.0,anti_mid_stop,0.9,先行列車が停車しているため駅間停車防止モードと判定し、現在速度が target_speed_no_stop(51.6km/h) を5km/h以内で維持しており、CBTC・制限速度も遵守しているため高評価とした。
201.0,Train11,巡航フェーズ（駅間走行中）,惰行中,16.0,力行（加速）,19.0,70.0,70.0,50.98,70.0,1240.0,0.0,136.76352493495688,85.0,0.0,この先制限速度なし,249m先に上り勾配12.5‰あり,前方697.3m先を61.4km/h,後続列車なし,90.0,100.0,未発車,-90.0,49.6,0.0,anti_mid_stop,0.8,先行列車が塞いでいるため駅間停車防止モード。現在速度がtarget_speed_no_stop付近で惰行し、過加速もなく安全かつ適切な運転と判断した。
166.0,Train11,巡航フェーズ（駅間走行中）,力行（加速）中,1.0,惰行,2.0,70.0,70.0,53.23,70.0,1350.0,0.0,148.89263852332803,56.0,0.0,この先制限速度なし,359m先に上り勾配12.5‰あり,前方721.4m先を62.3km/h,後続列車なし,90.0,105.0,未発車,-60.0,52.3,0.0,anti_mid_stop,0.2,先行列車が塞ぎ機外停車防止モードで、target_speed_no_stopを超える加速と短時間のノコギリ運転が判定され、rewardは0.2に抑えられた。
125.0,Train11,巡航フェーズ（駅間走行中）,惰行中,6.0,力行（加速）,60.0,70.0,70.0,68.01,70.0,1327.2,0.0,240.5958791376542,10.0,0.0,この先制限速度なし,337m先に上り勾配12.5‰あり,前方767.5m先を61.8km/h,後続列車なし,75.0,101.0,未発車,-15.0,53.0,0.0,anti_mid_stop,0.2,駅間停車防止モードで target_speed_no_stop(53km/h) を大幅に上回り過剰加速、先行列車との間隔が縮小し遅延回復も不適切なため減点し0.2とした。
163.0,Train11,巡航フェーズ（駅間走行中）,力行（加速）中,15.0,ブレーキ（減速）,6.0,70.0,70.0,51.52,70.0,779.1,12.0,139.62956269031125,0.0,0.0,この先制限速度なし,189m先に上り勾配6.1‰あり,前方776.1m先を5.6km/h,後続列車なし,60.0,48.0,未発車,0.0,57.3,0.0,anti_mid_stop,0.8,先行列車が塞いでいるため駅間停車防止モードと判定し、現在速度がtarget_speed_no_stop未満で加速中で上限超過がなく安全かつ遅延もないため高評価とした。
170.0,Train11,巡航フェーズ（駅間走行中）,力行（加速）中,1.0,惰行,4.0,70.0,70.0,68.44,70.0,1103.4,0.0,243.56994769167312,19.0,0.0,この先制限速度なし,113m先に上り勾配12.5‰あり,前方969.9m先を35.5km/h,後続列車なし,60.0,71.0,未発車,-30.0,58.0,0.0,anti_mid_stop,0.2,先行列車が前方に塞がっているため駅間停車防止モードと判定し、target_speed_no_stop 58km/h を5km/h 超える68.4km/h の力行と短時間切替のノコギリ運転が減点要因となり、rewardは0.2とした。
109.0,Train11,駅出発直後の加速フェーズ（20秒以内）,力行（加速）中,20.0,ブレーキ（減速）,30.0,70.0,70.0,38.43,70.0,2059.0,0.0,80.54907042724551,45.0,-2.1,この先制限速度なし,268m先に下り勾配6.7‰あり,前方695.6m先を63.0km/h,後続列車なし,75.0,147.0,未発車,-45.0,56.4,0.0,anti_mid_stop,0.9,先行列車が塞いで駅間停車防止モードと判定し、加速はtarget_speed_no_stop未満で過剰加速でもなく、制限速度・CBTC遵守も問題ないため高評価。
135.0,Train11,駅出発直後の加速フェーズ（20秒以内）,力行（加速）中,16.0,ブレーキ（減速）,30.0,70.0,70.0,33.39,70.0,2099.0,0.0,60.96431784535573,90.0,-2.1,この先制限速度なし,308m先に下り勾配6.7‰あり,前方403.0m先を61.1km/h,後続列車なし,90.0,166.0,未発車,-90.0,51.6,0.0,anti_mid_stop,1.0,先行列車が塞いでいるため駅間停車防止モードと判定し、target_speed_no_stop以下での加速は適切であり、速度超過やノコギリ運転はなく安全基準をすべて満たすため高評価とした。
134.0,Train11,巡航フェーズ（駅間走行中）,惰行中,14.0,力行（加速）,12.0,70.0,70.0,61.19,70.0,1206.9,11.0,195.71725767350677,0.0,0.0,この先制限速度なし,216m先に上り勾配12.5‰あり,前方1008.6m先を41.7km/h,後続列車なし,60.0,77.0,未発車,0.0,59.3,0.0,anti_mid_stop,0.8,先行列車が遅延で前方を塞いでいるため駅間停車防止モード。現在速度はtarget_speed_no_stop上限以内で惰行しており、CBTC・制限速度違反なし。
179.0,Train11,巡航フェーズ（駅間走行中）,力行（加速）中,6.0,惰行,6.0,70.0,70.0,43.62,70.0,1563.2,0.0,100.55894362515234,90.0,0.0,この先制限速度なし,この先目立った勾配なし,前方638.0m先を62.6km/h,後続列車なし,90.0,122.0,未発車,-90.0,54.2,0.0,anti_mid_stop,0.3,先行列車が塞ぎ機外停車防止モードで、target_speed_no_stop以下の加速は適切だが、6秒未満の切替がノコギリ運転と判定され、reward上限0.3‑0.5に抑えられた。
108.0,Train11,巡航フェーズ（駅間走行中）,力行（加速）中,4.0,ブレーキ（減速）,5.0,70.0,70.0,42.22,70.0,1688.3,0.0,103.60758422923514,30.0,-6.7,この先制限速度なし,48m先で下り勾配6.7‰が終わり平坦になる,前方570.5m先を62.9km/h,後続列車なし,90.0,133.0,未発車,-30.0,38.7,0.0,anti_mid_stop,0.3,先行列車が塞ぎ機外停車防止モードで、速度はtarget_speed_no_stop上限内だが、短時間のブレーキ→加速の切替がノコギリ運転と判定され上限0.3に抑えられる。
113.0,Train11,巡航フェーズ（駅間走行中）,力行（加速）中,8.0,惰行,6.0,70.0,70.0,31.52,70.0,2065.5,0.0,54.37622347936028,45.0,-2.1,この先制限速度なし,275m先に下り勾配6.7‰あり,前方772.3m先を62.9km/h,後続列車なし,75.0,143.0,未発車,-45.0,58.1,0.0,anti_mid_stop,0.9,先行列車が塞いでいるため駅間停車防止モードと判定し、target_speed_no_stop以下での加速は適切で速度超過やノコギリ運転はなく安全かつ効率的と判断した。
234.3,Train11,次駅への減速フェーズ（駅手前400m以内）,ブレーキ（減速）中,0.3,力行（加速）,0.1,70.0,0.0,20.16,70.0,4.6,0.0,19.305410296585528,56.4,9.2,この先制限速度なし,この先目立った勾配なし,前方5.0m先を0.0km/h,後続列車なし,60.0,15.0,未発車,-30.0,3.7,7.4,anti_mid_stop,0.0,CBTC信号が0km/hなのに20.2km/hで走行し、delta_stopが-14.71mでオーバーランが確実なため即時0点とした。
234.9,Train11,次駅への減速フェーズ（駅手前400m以内）,ブレーキ（減速）中,0.9,力行（加速）,0.1,70.0,0.0,18.4,70.0,1.4,0.0,16.090932773013716,57.0,9.2,この先制限速度なし,この先目立った勾配なし,前方1.7m先を0.0km/h,後続列車なし,60.0,15.0,未発車,-30.0,2.1,8.0,anti_mid_stop,0.0,CBTC信号0km/hを大幅に超過し、delta_stopが-14.69mでオーバーランが確実なため即0.0とした。
233.9,Train11,次駅への減速フェーズ（駅手前400m以内）,ブレーキ（減速）中,1.4,力行（加速）,0.1,70.0,0.0,12.18,70.0,10.8,0.0,7.063761708517124,54.0,9.2,この先制限速度なし,この先目立った勾配なし,前方28.0m先を16.3km/h,後続列車なし,60.0,0.0,発車済み,0.0,70.0,0.0,delay_recovery,0.0,CBTC信号0km/hに対し12.2km/hで走行し、2km/h以上超過しているため安全違反とみなし即0.0とした。
180.0,Train11,巡航フェーズ（駅間走行中）,力行（加速）中,9.0,ブレーキ（減速）,6.0,70.0,70.0,46.73,70.0,503.7,0.0,106.49802260304395,3.0,6.1,この先制限速度なし,313m先に上り勾配9.2‰あり,前方504.1m先を0.0km/h,後続列車なし,60.0,31.0,未発車,0.0,53.6,0.0,anti_mid_stop,0.9,先行列車が停車しているため駅間停車防止モードと判定し、target_speed_no_stop以下で加速中であり安全・CBTC遵守かつノコギリ運転なしの適切な操作と評価した。
210.0,Train11,巡航フェーズ（駅間走行中）,力行（加速）中,8.0,惰行,6.0,70.0,70.0,68.33,70.0,879.4,0.0,208.38997324613396,64.0,12.5,この先制限速度なし,89m先で上り勾配12.5‰が終わり平坦になる,前方692.5m先を40.4km/h,後続列車なし,75.0,76.0,未発車,-75.0,62.6,0.0,anti_mid_stop,0.3,先行列車が前方に塞がっているため駅間停車防止モードと判定し、target_speed_no_stop(62.6km/h)を超えて68.3km/hで力行している点が過加速とみなされ減点対象となった。
172.0,Train11,巡航フェーズ（駅間走行中）,力行（加速）中,5.0,ブレーキ（減速）,6.0,70.0,70.0,43.74,70.0,1660.3,0.0,111.09917457675941,73.0,-6.7,この先制限速度なし,20m先で下り勾配6.7‰が終わり平坦になる,前方874.4m先を62.8km/h,後続列車なし,75.0,114.0,未発車,-75.0,47.2,0.0,anti_mid_stop,0.4,先行列車が塞いで駅間停車防止モードとなり、target_speed_no_stop以下に抑えるべきところを加速し、さらにブレーキから加速への不合理な切替がノコギリ運転と判定されたため評価を低減し0.4とした。
180.0,Train11,巡航フェーズ（駅間走行中）,力行（加速）中,8.0,惰行,6.0,70.0,70.0,67.7,70.0,865.7,0.0,204.64731513126355,52.0,12.5,この先制限速度なし,75m先で上り勾配12.5‰が終わり平坦になる,前方471.7m先を57.6km/h,後続列車なし,90.0,91.0,未発車,-60.0,61.0,0.0,anti_mid_stop,0.2,先行列車が塞いで駅間停車防止モード。現在速度が target_speed_no_stop(61km/h) を超えて力行しており、機外停車リスクがあるため減点し0.2とした。
158.0,Train11,巡航フェーズ（駅間走行中）,力行（加速）中,20.0,ブレーキ（減速）,4.0,70.0,70.0,62.09,70.0,1340.5,0.0,201.39074038973203,20.0,0.0,この先制限速度なし,350m先に上り勾配12.5‰あり,前方1066.5m先を49.1km/h,後続列車なし,60.0,83.0,未発車,-30.0,63.2,0.0,anti_mid_stop,1.0,先行列車が前方で塞いでいるため駅間停車防止モードと判定し、target_speed_no_stop以下で加速している操作は安全かつ適切で減点要因がない。
227.9,Train11,次駅への減速フェーズ（駅手前400m以内）,惰行中,0.1,ブレーキ（減速）,1.7,70.0,10.1,36.28,70.0,54.5,0.0,62.13138413759886,50.0,9.2,この先制限速度なし,この先目立った勾配なし,前方54.9m先を0.0km/h,後続列車なし,60.0,15.0,未発車,-30.0,12.9,1.0,anti_mid_stop,0.0,CBTC信号速度10.1km/hを2km/h超えて36.3km/hで走行し、即時0.0ルールに該当したためrewardは0.0となる。
230.9,Train11,次駅への減速フェーズ（駅手前400m以内）,力行（加速）中,0.1,ブレーキ（減速）,7.9,70.0,28.5,43.38,70.0,88.0,0.0,88.5322126442274,53.0,9.2,この先制限速度なし,この先目立った勾配なし,前方88.4m先を0.0km/h,後続列車なし,75.0,26.0,未発車,-45.0,16.4,0.0,anti_mid_stop,0.0,現在速度43.4km/hがCBTC信号速度28.5km/hを2km/h以上超過しており、安全違反のためrewardは0.0とした。
221.4,Train11,次駅への減速フェーズ（駅手前400m以内）,惰行中,1.7,ブレーキ（減速）,0.9,70.0,22.4,19.68,70.0,73.4,0.0,18.399951167614724,43.5,9.2,この先制限速度なし,この先目立った勾配なし,前方73.7m先を0.0km/h,後続列車なし,60.0,15.0,未発車,0.0,15.2,24.5,anti_mid_stop,0.8,先行列車が塞いでいるため駅間停車防止モードで、速度はtarget_speed_no_stop以下に保たれ惰行が適切だが、遅延が大きく定時性が低下している。
220.0,Train11,次駅への減速フェーズ（駅手前400m以内）,惰行中,1.0,ブレーキ（減速）,6.0,70.0,36.3,50.3,70.0,111.9,0.0,118.60244466526609,43.0,9.2,この先制限速度なし,この先目立った勾配なし,前方112.3m先を0.0km/h,後続列車なし,75.0,36.0,未発車,-45.0,18.5,0.0,anti_mid_stop,0.0,CBTC信号速度36.3km/hを超えて50.3km/hで走行しているため即時0点ルールが適用される。
141.0,Train11,巡航フェーズ（駅間走行中）,惰行中,4.0,力行（加速）,5.0,70.0,70.0,69.36,70.0,1082.0,0.0,249.99002329622814,5.0,0.0,この先制限速度なし,92m先に上り勾配12.5‰あり,前方780.1m先を51.7km/h,後続列車なし,75.0,85.0,未発車,-15.0,49.0,0.0,anti_mid_stop,0.2,先行列車が塞いで駅間停車防止モード。現在速度がtarget_speed_no_stop(49km/h)を大幅に上回り、加速→惰行の短時間切替に合理的理由がなく減点し、rewardを0.2とした。
228.3,Train11,次駅への減速フェーズ（駅手前400m以内）,ブレーキ（減速）中,0.4,惰行,0.1,70.0,0.0,28.44,70.0,17.1,0.0,38.30547758064667,50.4,9.2,この先制限速度なし,この先目立った勾配なし,前方17.5m先を0.0km/h,後続列車なし,60.0,15.0,未発車,-30.0,7.2,1.4,anti_mid_stop,0.0,CBTC信号0km/hに対し28.4km/hで走行し超過しているため即時0.0評価となる。
67.0,Train11,駅出発直後の加速フェーズ（20秒以内）,力行（加速）中,8.0,ブレーキ（減速）,30.0,70.0,70.0,18.97,70.0,2158.4,0.0,19.801016369093954,15.0,-2.1,この先制限速度なし,368m先に下り勾配6.7‰あり,前方584.5m先を63.4km/h,後続列車なし,75.0,159.0,未発車,-15.0,54.9,0.0,anti_mid_stop,1.0,先行列車が塞いでいるため駅間停車防止モードと判定し、target_speed_no_stop以下での加速は適切であり、速度・信号超過なし、ノコギリ運転もなく高評価となる。
236.0,Train11,次駅への減速フェーズ（駅手前400m以内）,力行（加速）中,4.0,惰行,6.0,70.0,70.0,67.83,70.0,381.7,0.0,221.496973069843,59.0,6.1,この先制限速度なし,191m先に上り勾配9.2‰あり,前方382.1m先を0.0km/h,後続列車なし,60.0,35.0,未発車,-60.0,37.7,0.0,anti_mid_stop,0.1,先行列車が停止している駅間停車防止モードで、target_speed_no_stop 37.7km/h を大幅に上回る加速と不合理なノコギリ運転があり、危険度が高いため低評価。
193.0,Train11,巡航フェーズ（駅間走行中）,力行（加速）中,18.0,惰行,6.0,70.0,70.0,68.44,70.0,1262.3,0.0,243.56994769167312,87.0,0.0,この先制限速度なし,272m先に上り勾配12.5‰あり,前方581.6m先を63.0km/h,後続列車なし,90.0,108.0,未発車,-90.0,48.0,0.0,anti_mid_stop,0.1,先行列車が塞いでいる駅間停車防止モードで、現在速度がtarget_speed_no_stop 48km/h を大幅に上回る68.4km/hの力行となり、機外停車リスクと間隔縮小が生じるため減点。
229.0,Train11,次駅への減速フェーズ（駅手前400m以内）,力行（加速）中,1.0,ブレーキ（減速）,6.0,70.0,56.5,27.89,70.0,202.8,0.0,38.273755795059564,52.0,6.1,この先制限速度なし,12m先に上り勾配9.2‰あり,前方204.7m先を5.4km/h,後続列車なし,90.0,0.0,発車済み,-30.0,70.0,0.0,delay_recovery,0.2,遅延回復モードで駅間減速フェーズに加速し、上限超えの力行とノコギリ運転が判定されたため低評価。
223.3,Train11,次駅への減速フェーズ（駅手前400m以内）,ブレーキ（減速）中,0.3,力行（加速）,0.1,70.0,20.2,43.82,70.0,71.9,0.0,90.31747524353074,48.4,9.2,この先制限速度なし,この先目立った勾配なし,前方69.3m先を5.2km/h,後続列車なし,90.0,48.6,未発車,-60.0,14.8,0.0,anti_mid_stop,0.0,CBTC信号速度20.2km/hを大幅に超える43.8km/hで走行しており即時0.0評価となる。
198.0,Train11,巡航フェーズ（駅間走行中）,惰行中,3.0,力行（加速）,22.0,70.0,70.0,65.18,70.0,1237.3,0.0,221.447736364605,49.0,0.0,この先制限速度なし,247m先に上り勾配12.5‰あり,前方1083.4m先を38.1km/h,後続列車なし,60.0,73.0,未発車,-60.0,65.1,0.0,anti_mid_stop,0.9,先行列車が塞いでいるため駅間停車防止モードと判定し、target_speed_no_stop付近で惰行している点が適切であるため高評価。
139.0,Train11,巡航フェーズ（駅間走行中）,力行（加速）中,6.0,惰行,6.0,70.0,70.0,69.82,70.0,1075.5,11.0,253.2291000003197,0.0,0.0,この先制限速度なし,85m先に上り勾配12.5‰あり,前方932.0m先を36.8km/h,後続列車なし,60.0,72.0,未発車,0.0,55.8,0.0,anti_mid_stop,0.2,先行列車が塞いでいる駅間停車防止モードで、target_speed_no_stopを大幅に超える力行とノコギリ運転が判定され、減点して0.2とした。
231.7,Train11,次駅への減速フェーズ（駅手前400m以内）,力行（加速）中,3.8,惰行,9.0,70.0,32.3,32.05,70.0,90.6,0.0,48.57638980992971,53.8,9.2,この先制限速度なし,この先目立った勾配なし,前方99.2m先を11.8km/h,後続列車なし,75.0,0.0,発車済み,-15.0,70.0,0.0,delay_recovery,0.2,先行列車が遅く前方に近く、減速すべき場面で力行し、遅延回復モードで速度が制限付近に達しておらず間隔も不足しているため低評価。
91.0,Train11,巡航フェーズ（駅間走行中）,力行（加速）中,32.0,ブレーキ（減速）,30.0,70.0,70.0,49.72,70.0,1911.2,0.0,133.9502099322065,0.0,-2.1,この先制限速度なし,121m先に下り勾配6.7‰あり,前方1020.8m先を62.8km/h,後続列車なし,60.0,120.0,未発車,0.0,62.4,0.0,anti_mid_stop,0.9,先行列車が塞いでいるため駅間停車防止モードと判定し、target_speed_no_stop以下での加速は適切で違反がなく高評価とした。
200.0,Train11,次駅への減速フェーズ（駅手前400m以内）,惰行中,0.1,ブレーキ（減速）,1.1,70.0,0.0,34.11,70.0,46.8,0.0,54.97351232281353,22.1,9.2,この先制限速度なし,この先目立った勾配なし,前方47.2m先を0.0km/h,後続列車なし,75.0,26.9,未発車,-15.0,11.9,0.0,anti_mid_stop,0.0,CBTC信号0km/hを2km/h以上超過しており、即時0.0評価の安全違反が発生したため。
223.1,Train11,次駅への減速フェーズ（駅手前400m以内）,ブレーキ（減速）中,1.2,惰行,0.1,70.0,20.1,43.23,70.0,68.7,0.0,87.92755725265077,45.2,9.2,この先制限速度なし,この先目立った勾配なし,前方69.1m先を0.0km/h,後続列車なし,60.0,18.8,未発車,-30.0,14.4,0.0,anti_mid_stop,0.0,現在速度43.2km/hがCBTC信号速度20.1km/hを2km/h以上超過しており、即時0.0ルールに該当するためrewardは0.0とした。
90.0,Train11,巡航フェーズ（駅間走行中）,力行（加速）中,31.0,ブレーキ（減速）,30.0,70.0,70.0,48.87,70.0,1924.9,0.0,129.47766753381111,30.0,-2.1,この先制限速度なし,134m先に下り勾配6.7‰あり,前方491.4m先を63.1km/h,後続列車なし,90.0,151.0,未発車,-30.0,51.1,0.0,anti_mid_stop,1.0,先行列車が塞いでいるため駅間停車防止モードと判定し、現在速度がtarget_speed_no_stop未満で加速中。上限超過やノコギリ運転はなく、速度・CBTC・間隔すべて基準を満たすため高評価。
125.0,Train11,巡航フェーズ（駅間走行中）,力行（加速）中,36.0,ブレーキ（減速）,30.0,70.0,70.0,52.98,70.0,1854.2,0.0,151.77626602905448,29.0,-2.1,この先制限速度なし,64m先に下り勾配6.7‰あり,前方1033.5m先を62.5km/h,後続列車なし,60.0,116.0,未発車,-30.0,62.7,0.0,anti_mid_stop,0.8,先行列車が塞いでいるため駅間停車防止モードと判定し、target_speed_no_stop以下で加速中。速度超過・ノコギリ運転なしで安全かつ適切な操作と判断した。
222.8,Train11,次駅への減速フェーズ（駅手前400m以内）,ブレーキ（減速）中,0.9,惰行,0.1,70.0,21.9,44.12,70.0,72.4,0.0,91.54461810771748,44.9,9.2,この先制限速度なし,この先目立った勾配なし,前方72.8m先を0.0km/h,後続列車なし,60.0,19.1,未発車,-30.0,14.9,0.0,anti_mid_stop,0.0,CBTC信号速度21.9km/hを大幅に超過し、delta_stopが-19.14mでオーバーランが確実なため即時0点とした。
193.0,Train11,巡航フェーズ（駅間走行中）,力行（加速）中,2.0,惰行,6.0,70.0,70.0,64.05,70.0,1246.0,0.0,214.00950590030195,68.0,0.0,この先制限速度なし,255m先に上り勾配12.5‰あり,前方819.8m先を58.4km/h,後続列車なし,75.0,93.0,未発車,-75.0,52.7,0.0,anti_mid_stop,0.2,先行列車が塞いで駅間停車防止モードとなり、target_speed_no_stop 52.7km/h を超える力行とノコギリ運転で安全余裕が失われたため減点し0.2とした。
226.7,Train11,次駅への減速フェーズ（駅手前400m以内）,ブレーキ（減速）中,0.2,力行（加速）,0.1,70.0,0.0,34.47,70.0,44.6,0.0,56.131288171791354,48.8,9.2,この先制限速度なし,この先目立った勾配なし,前方44.8m先を0.9km/h,後続列車なし,90.0,45.2,未発車,-60.0,11.6,0.0,anti_mid_stop,0.0,CBTC信号0km/hを2km/h以上超過し安全違反となったためrewardを0.0とした。
220.0,Train11,巡航フェーズ（駅間走行中）,惰行中,34.0,力行（加速）,13.0,70.0,70.0,44.51,70.0,1025.5,0.0,104.65188230632839,80.0,0.0,この先制限速度なし,35m先に上り勾配12.5‰あり,前方778.1m先を46.6km/h,後続列車なし,90.0,81.0,未発車,-90.0,48.5,0.0,anti_mid_stop,0.7,先行列車が塞いでいるため駅間停車防止モード。target_speed_no_stop以下で惰行は適切だが遅延が大きく定時性が低下。
229.0,Train11,巡航フェーズ（駅間走行中）,力行（加速）中,11.0,ブレーキ（減速）,4.0,70.0,70.0,51.4,70.0,822.8,0.0,119.09457919958012,64.0,12.5,この先制限速度なし,32m先で上り勾配12.5‰が終わり平坦になる,前方791.4m先を17.1km/h,後続列車なし,75.0,57.0,未発車,-75.0,64.8,0.0,anti_mid_stop,0.8,先行列車が遅延で塞いでいるため駅間停車防止モード。target_speed_no_stop以下での加速は適切だが、先行列車との間隔が縮小しリスクがある。
204.0,Train11,次駅への減速フェーズ（駅手前400m以内）,ブレーキ（減速）中,1.3,惰行,0.1,70.0,0.0,15.93,0.0,-2.9,0.0,13.579432783559495,26.1,0.0,この先制限速度なし,この先目立った勾配なし,前方0.0m先を0.0km/h,後続列車なし,90.0,37.9,未発車,-30.0,0.0,0.0,normal,0.0,CBTC信号0km/hを超えて15.9km/hで走行し、delta_stopが-16.48mでオーバーランが確実なため即時0.0とした。
212.0,Train11,巡航フェーズ（駅間走行中）,力行（加速）中,4.0,惰行,6.0,70.0,70.0,66.55,70.0,836.5,0.0,197.89781164960993,49.0,12.5,この先制限速度なし,46m先で上り勾配12.5‰が終わり平坦になる,前方794.9m先を19.7km/h,後続列車なし,60.0,59.0,未発車,-60.0,64.5,0.0,anti_mid_stop,0.3,先行列車が塞いでいる駅間停車防止モードで、target_speed_no_stopを超える加速と4秒の短時間力行切替がノコギリ運転と判定され、間隔も不適切なため0.3とした。
181.0,Train11,巡航フェーズ（駅間走行中）,ブレーキ（減速）中,2.0,力行（加速）,12.0,70.0,70.0,48.74,70.0,765.4,0.0,125.17933398048208,19.0,0.0,この先制限速度なし,175m先に上り勾配6.1‰あり,前方718.1m先を21.0km/h,後続列車なし,90.0,60.0,未発車,-30.0,45.2,0.0,anti_mid_stop,0.9,先行列車が塞いでいるため駅間停車防止モードと判定し、現在速度がtarget_speed_no_stop(45.2km/h)を僅か上回っているのでブレーキは適切で評価は高い。
221.5,Train11,次駅への減速フェーズ（駅手前400m以内）,ブレーキ（減速）中,0.6,惰行,1.0,70.0,29.6,48.3,70.0,91.2,0.0,109.47599420117882,43.6,9.2,この先制限速度なし,この先目立った勾配なし,前方91.6m先を0.0km/h,後続列車なし,75.0,35.4,未発車,-45.0,16.7,0.0,anti_mid_stop,0.0,CBTC信号速度を2km/h以上超過し即時0.0ルールに該当したため、rewardは0.0とした。
228.0,Train11,次駅への減速フェーズ（駅手前400m以内）,ブレーキ（減速）中,2.3,力行（加速）,0.1,70.0,32.5,21.42,70.0,23.0,0.0,21.784802095833466,48.1,9.2,この先制限速度なし,この先目立った勾配なし,前方100.0m先を29.9km/h,後続列車なし,60.0,0.0,発車済み,0.0,70.0,0.0,delay_recovery,0.9,ブレーキが適切にかかりdelta_stopが1.22mで安全に停止位置に近づいているため高評価。
225.7,Train11,次駅への減速フェーズ（駅手前400m以内）,力行（加速）中,0.1,ブレーキ（減速）,0.9,70.0,42.4,43.06,70.0,75.9,0.0,87.24471488055802,45.8,9.2,この先制限速度なし,この先目立った勾配なし,前方134.7m先を27.1km/h,後続列車なし,75.0,0.0,発車済み,-15.0,70.0,0.0,delay_recovery,0.0,delta_stopが-11.34mでブレーキせずに加速しており、オーバーランが確実と判断されたためrewardは0.0とした。
139.0,Train11,駅出発直後の加速フェーズ（20秒以内）,力行（加速）中,20.0,ブレーキ（減速）,30.0,70.0,70.0,38.43,70.0,2059.0,0.0,80.54907042724551,75.0,-2.1,この先制限速度なし,268m先に下り勾配6.7‰あり,前方695.6m先を63.0km/h,後続列車なし,75.0,147.0,未発車,-75.0,56.4,0.0,anti_mid_stop,1.0,先行が塞いで駅間停車防止モード。target_speed_no_stop以下で力行中であり、制限速度・CBTC遵守、ノコギリ運転なし、間隔安全のため高評価。
182.0,Train11,巡航フェーズ（駅間走行中）,惰行中,13.0,力行（加速）,21.0,70.0,70.0,52.64,70.0,491.4,0.0,134.6921901027817,5.0,6.1,この先制限速度なし,301m先に上り勾配9.2‰あり,前方491.7m先を0.0km/h,後続列車なし,60.0,29.0,未発車,0.0,54.9,0.0,anti_mid_stop,0.9,先行列車が停車して塞いでいるため駅間停車防止モード。現在速度はtarget_speed_no_stop(54.9km/h)未満で惰行は適切であり、制限速度・CBTC超過もなく安全・省エネに優れる。
226.0,Train11,巡航フェーズ（駅間走行中）,力行（加速）中,1.0,惰行,6.0,70.0,70.0,67.47,70.0,572.6,0.0,219.2061557999809,49.0,6.1,この先制限速度なし,382m先に上り勾配9.2‰あり,前方572.6m先を1.8km/h,後続列車なし,60.0,45.0,未発車,-60.0,47.8,0.0,anti_mid_stop,0.1,先行列車が塞ぎ機外停車防止モードで、target_speed_no_stopを大幅に超える加速と短時間切替が危険で、間隔も不足し遅延とエネルギーが悪化するため低評価。
218.0,Train11,次駅への減速フェーズ（駅手前400m以内）,力行（加速）中,3.1,ブレーキ（減速）,6.0,70.0,34.5,19.48,70.0,93.0,0.0,18.029044633898117,38.1,9.2,この先制限速度なし,この先目立った勾配なし,前方106.3m先を14.6km/h,後続列車なし,60.0,0.0,発車済み,0.0,70.0,0.0,delay_recovery,0.5,遅延回復モードで速度不足を加速で補っているが、ブレーキ→力行の短時間切替がノコギリ運転と判定され、上限0.5に抑えた。
76.0,Train11,駅出発直後の加速フェーズ（20秒以内）,惰行中,2.0,力行（加速）,15.0,70.0,70.0,33.27,70.0,2089.7,0.0,60.53048087999492,29.0,-2.1,この先制限速度なし,299m先に下り勾配6.7‰あり,前方410.8m先を61.9km/h,後続列車なし,90.0,165.0,未発車,-30.0,51.6,0.0,anti_mid_stop,0.2,先行が塞いで駅間停車防止モードとなり、target_speed_no_stop(51.6km/h)を大きく下回る惰行が続き遅延を拡大しているため低評価とした。
204.1,Train11,次駅への減速フェーズ（駅手前400m以内）,ブレーキ（減速）中,3.3,惰行,0.1,70.0,0.0,10.03,70.0,4.7,0.0,4.792803497386287,24.2,9.2,この先制限速度なし,この先目立った勾配なし,前方22.7m先を16.7km/h,後続列車なし,60.0,0.0,発車済み,0.0,70.0,0.0,delay_recovery,0.0,CBTC信号が0km/hなのに列車が10km/hで走行しており、信号超過が即0.0の安全違反となるため。
229.1,Train11,次駅への減速フェーズ（駅手前400m以内）,惰行中,0.1,ブレーキ（減速）,2.1,70.0,40.1,33.67,70.0,39.5,0.0,53.574529047154414,49.2,9.2,この先制限速度なし,この先目立った勾配なし,前方125.9m先を31.2km/h,後続列車なし,75.0,0.0,発車済み,-15.0,70.0,0.0,delay_recovery,0.0,delta_stopが-14.07mでブレーキをかけず惰行しており、オーバーランが確実なため即時0.0の安全違反と判定した。
224.2,Train11,次駅への減速フェーズ（駅手前400m以内）,ブレーキ（減速）中,0.8,力行（加速）,0.1,70.0,14.3,41.49,70.0,61.2,0.0,81.06086807627078,48.3,9.2,この先制限速度なし,この先目立った勾配なし,前方59.7m先を4.0km/h,後続列車なし,90.0,47.7,未発車,-60.0,13.6,0.0,anti_mid_stop,0.0,CBTC信号速度14.3km/hを大幅に超えて41.5km/hで走行しており、即時0.0評価となる。
223.4,Train11,次駅への減速フェーズ（駅手前400m以内）,ブレーキ（減速）中,1.5,惰行,0.1,70.0,18.1,42.33,70.0,65.2,0.0,84.34192749857512,45.5,9.2,この先制限速度なし,この先目立った勾配なし,前方65.6m先を0.0km/h,後続列車なし,60.0,18.5,未発車,-30.0,14.1,0.0,anti_mid_stop,0.0,CBTC信号速度18.1km/hを大幅に上回る42.3km/hで走行しており、即時0.0評価の安全違反が発生したため。
222.6,Train11,次駅への減速フェーズ（駅手前400m以内）,ブレーキ（減速）中,0.3,力行（加速）,0.1,70.0,23.8,45.56,70.0,80.5,0.0,97.5466443376329,48.7,9.2,この先制限速度なし,この先目立った勾配なし,前方76.8m先を6.1km/h,後続列車なし,90.0,49.3,未発車,-60.0,15.7,0.0,anti_mid_stop,0.0,CBTC信号速度23.8km/hを2km/h超える45.6km/hで走行し、即時0.0ルールに該当するため評価は0.0とした。
144.0,Train11,巡航フェーズ（駅間走行中）,力行（加速）中,25.0,ブレーキ（減速）,30.0,70.0,70.0,43.47,70.0,2002.0,0.0,102.77476801771388,60.0,-2.1,この先制限速度なし,211m先に下り勾配6.7‰あり,前方989.5m先を63.1km/h,後続列車なし,60.0,127.0,未発車,-60.0,62.8,0.0,anti_mid_stop,0.9,先行列車が塞ぎ機外停車防止モードで、target_speed_no_stop以下の加速は適切であり、速度超過やノコギリ運転はなく安全に運転しているため高評価。
113.0,Train11,巡航フェーズ（駅間走行中）,惰行中,1.0,力行（加速）,7.0,70.0,70.0,53.27,70.0,1696.6,0.0,163.75957808214164,13.0,-6.7,この先制限速度なし,56m先で下り勾配6.7‰が終わり平坦になる,前方928.2m先を63.3km/h,後続列車なし,75.0,113.0,未発車,-15.0,48.7,0.0,anti_mid_stop,0.9,先行列車が塞いでいるため駅間停車防止モードと判定し、現在速度はtarget_speed_no_stop上限以内で惰行しており適切と判断した。
89.0,Train11,巡航フェーズ（駅間走行中）,力行（加速）中,3.0,惰行,6.0,70.0,70.0,35.4,70.0,1998.1,0.0,68.45612110578872,15.0,-2.1,この先制限速度なし,208m先に下り勾配6.7‰あり,前方810.2m先を63.0km/h,後続列車なし,75.0,137.0,未発車,-15.0,58.1,0.0,anti_mid_stop,1.0,先行列車が塞いでいるため駅間停車防止モードと判定し、target_speed_no_stop以下での加速は合理的で速度・CBTC遵守・ノコギリ運転なしの安全運転と評価した。
92.0,Train11,巡航フェーズ（駅間走行中）,力行（加速）中,33.0,ブレーキ（減速）,30.0,70.0,70.0,50.56,70.0,1897.3,0.0,138.44157491411787,30.0,-2.1,この先制限速度なし,107m先に下り勾配6.7‰あり,前方498.8m先を63.4km/h,後続列車なし,90.0,149.0,未発車,-30.0,50.9,0.0,anti_mid_stop,1.0,先行列車が前方で塞いでいるため駅間停車防止モードと判定し、現在速度がtarget_speed_no_stop以下で加速している操作は適切で、違反やノコギリ運転はなし。
164.0,Train11,巡航フェーズ（駅間走行中）,惰行中,6.0,力行（加速）,39.0,70.0,70.0,56.17,70.0,1715.7,0.0,181.70208861981124,75.0,-6.7,この先制限速度なし,75m先で下り勾配6.7‰が終わり平坦になる,前方790.4m先を62.6km/h,後続列車なし,75.0,122.0,未発車,-75.0,44.1,0.0,anti_mid_stop,0.3,先行列車が塞いでいる駅間停車防止モードで、現在速度56.2km/hがtarget_speed_no_stop上限49.1km/hを超えており機外停車リスクがあるため減点し低評価とした。
236.6,Train11,次駅への減速フェーズ（駅手前400m以内）,惰行中,0.1,ブレーキ（減速）,4.6,70.0,0.0,35.4,70.0,49.5,0.0,59.176934811493524,58.7,9.2,この先制限速度なし,この先目立った勾配なし,前方49.9m先を0.0km/h,後続列車なし,75.0,20.3,未発車,-45.0,12.2,0.0,anti_mid_stop,0.0,CBTC信号が0km/hであるにも関わらず、現在速度35.4km/hが2km/h以上超過しているため即時0点ルールが適用され、rewardは0.0となった。
136.0,Train11,巡航フェーズ（駅間走行中）,惰行中,4.0,力行（加速）,11.0,70.0,70.0,50.46,70.0,1384.5,0.0,134.03054662396718,7.0,0.0,この先制限速度なし,394m先に上り勾配12.5‰あり,前方1006.5m先を57.2km/h,後続列車なし,75.0,90.0,未発車,-15.0,61.0,0.0,anti_mid_stop,0.5,先行列車が塞いでいるため駅間停車防止モード。現在速度が target_speed_no_stop(61km/h) を10km/h以上下回り、過度な惰行で遅延拡大リスクがあるため減点した。
237.1,Train11,次駅への減速フェーズ（駅手前400m以内）,ブレーキ（減速）中,0.5,惰行,0.1,70.0,0.0,34.16,70.0,44.7,0.0,55.133606864570766,59.2,9.2,この先制限速度なし,この先目立った勾配なし,前方45.1m先を0.0km/h,後続列車なし,75.0,19.8,未発車,-45.0,11.6,0.0,anti_mid_stop,0.0,CBTC信号0km/hに対し現在速度34.2km/hが2km/h以上超過しており、即reward0.0ルールに該当するため評価は0.0とした。
134.0,Train11,巡航フェーズ（駅間走行中）,力行（加速）中,6.0,惰行,6.0,70.0,70.0,42.55,70.0,1417.4,0.0,95.74287857672181,27.0,0.0,この先制限速度なし,427m先に上り勾配12.5‰あり,前方754.2m先を62.7km/h,後続列車なし,90.0,107.0,未発車,-30.0,53.8,0.0,anti_mid_stop,0.9,先行列車が塞いでいるため駅間停車防止モードと判定し、target_speed_no_stop以下での加速は適切で評価が高い。
180.0,Train11,次駅への減速フェーズ（駅手前400m以内）,力行（加速）中,7.0,惰行,5.0,70.0,70.0,68.63,70.0,301.2,0.0,226.62752685055798,3.0,6.1,この先制限速度なし,111m先に上り勾配9.2‰あり,前方301.5m先を0.0km/h,後続列車なし,60.0,31.0,未発車,0.0,32.6,0.0,anti_mid_stop,0.1,駅間停車防止モードでtarget_speed_no_stop 32.6km/hを大幅に超える加速を行い、機外停車リスクが高く過剰加速と判断したため低評価。
61.0,Train11,駅出発直後の加速フェーズ（20秒以内）,力行（加速）中,2.0,ブレーキ（減速）,30.0,70.0,70.0,3.17,70.0,2177.6,0.0,0.5556035075874219,14.0,-2.1,この先制限速度なし,387m先に下り勾配6.7‰あり,前方498.7m先を61.9km/h,後続列車なし,75.0,165.0,未発車,-15.0,53.6,0.0,anti_mid_stop,1.0,先行列車が塞いで駅間停車防止モード。target_speed_no_stop以下での加速は適切で、制限速度・CBTC違反なし。
145.0,Train11,巡航フェーズ（駅間走行中）,惰行中,3.0,力行（加速）,23.0,70.0,70.0,42.35,70.0,1990.3,0.0,97.6092949476736,75.0,-2.1,この先制限速度なし,200m先に下り勾配6.7‰あり,前方732.2m先を63.2km/h,後続列車なし,75.0,141.0,未発車,-75.0,56.2,0.0,anti_mid_stop,0.3,先行が塞いで駅間停車防止モード。現在速度42.4km/hがtarget_speed_no_stop56.2km/hを13.8km/h下回り過度な低速惰行と判断し減点。
111.0,Train11,巡航フェーズ（駅間走行中）,惰行中,1.0,ブレーキ（減速）,6.0,70.0,70.0,41.47,70.0,1698.1,0.0,100.00420737477265,14.0,-6.7,この先制限速度なし,58m先で下り勾配6.7‰が終わり平坦になる,前方894.7m先を62.6km/h,後続列車なし,75.0,115.0,未発車,-15.0,47.5,0.0,anti_mid_stop,0.4,先行列車が塞ぎ駅間停車防止モードで、5秒未満のブレーキ後に1秒だけ惰行へ切り替えたことが合理的理由なくノコギリ運転と判定され、reward上限が0.3‑0.5に制限された。
211.0,Train11,巡航フェーズ（駅間走行中）,力行（加速）中,7.0,惰行,6.0,70.0,70.0,68.24,70.0,858.8,0.0,207.85335677057762,82.0,12.5,この先制限速度なし,68m先で上り勾配12.5‰が終わり平坦になる,前方480.8m先を57.2km/h,後続列車なし,90.0,90.0,未発車,-90.0,60.8,0.0,anti_mid_stop,0.2,先行列車が塞いでいるため駅間停車防止モードと判定し、target_speed_no_stop 60.8km/h を超える68.2km/h の力行は過剰加速とみなされ減点された。
233.6,Train11,次駅への減速フェーズ（駅手前400m以内）,惰行中,14.7,ブレーキ（減速）,6.0,70.0,25.7,20.33,70.0,81.0,0.0,19.631265719695055,55.7,9.2,この先制限速度なし,この先目立った勾配なし,前方81.3m先を0.0km/h,後続列車なし,75.0,15.0,未発車,-15.0,16.2,21.7,anti_mid_stop,0.8,先行列車が停車中で駅間停車防止モードと判定し、target_speed_no_stop以下で惰行しているが速度が若干上回っているため軽減点。
194.0,Train11,巡航フェーズ（駅間走行中）,力行（加速）中,18.0,ブレーキ（減速）,6.0,70.0,70.0,51.68,70.0,1374.0,0.0,140.48421996698212,68.0,0.0,この先制限速度なし,383m先に上り勾配12.5‰あり,前方964.0m先を58.0km/h,後続列車なし,75.0,92.0,未発車,-75.0,59.3,0.0,anti_mid_stop,0.9,先行列車が塞いでいるため駅間停車防止モード。現在はtarget_speed_no_stop未満で加速中で基準速度を超えておらず、適切な運転と判断した。
196.8,Train11,次駅への減速フェーズ（駅手前400m以内）,ブレーキ（減速）中,0.2,惰行,0.1,70.0,19.6,41.69,70.0,67.9,0.0,81.83632692675339,18.9,9.2,この先制限速度なし,この先目立った勾配なし,前方68.2m先を0.7km/h,後続列車なし,90.0,45.1,未発車,-30.0,14.4,0.0,anti_mid_stop,0.0,CBTC信号速度19.6km/hを超えて41.7km/hで走行しており、即時安全違反となるためrewardは0.0とする。
164.0,Train11,巡航フェーズ（駅間走行中）,惰行中,2.0,ブレーキ（減速）,3.0,70.0,70.0,43.47,70.0,1732.7,0.0,109.7500063226006,90.0,-6.7,この先制限速度なし,92m先で下り勾配6.7‰が終わり平坦になる,前方544.8m先を63.0km/h,後続列車なし,90.0,137.0,未発車,-90.0,37.6,0.0,anti_mid_stop,0.2,駅間停車防止モードでtarget_speed_no_stop(37.6km/h)を超える速度で惰行し過剰加速とみなされ、さらにノコギリ運転が判定されたため低評価。
127.0,Train11,駅出発直後の加速フェーズ（20秒以内）,力行（加速）中,8.0,ブレーキ（減速）,30.0,70.0,70.0,18.97,70.0,2158.4,0.0,19.801016369093954,89.0,-2.1,この先制限速度なし,368m先に下り勾配6.7‰あり,前方334.1m先を54.5km/h,後続列車なし,90.0,174.0,未発車,-90.0,51.0,0.0,anti_mid_stop,0.9,先行列車が塞いで駅間停車防止モードで、target_speed_no_stop以下の加速は適切であり、速度超過やノコギリ運転はなく安全かつ効率的な操作と判断した。
91.0,Train11,巡航フェーズ（駅間走行中）,力行（加速）中,25.0,惰行,6.0,70.0,70.0,44.39,70.0,1984.9,0.0,107.11409393272335,30.0,-2.1,この先制限速度なし,194m先に下り勾配6.7‰あり,前方568.8m先を62.9km/h,後続列車なし,90.0,150.0,未発車,-30.0,52.7,0.0,anti_mid_stop,1.0,先行列車が塞いでいるため駅間停車防止モードと判定し、現在速度がtarget_speed_no_stop未満で加速中であり適切な操作と判断したため高評価。
132.0,Train11,駅出発直後の加速フェーズ（20秒以内）,力行（加速）中,13.0,ブレーキ（減速）,30.0,70.0,70.0,28.74,70.0,2124.9,0.0,45.26602444419625,90.0,-2.1,この先制限速度なし,334m先に下り勾配6.7‰あり,前方379.1m先を58.6km/h,後続列車なし,90.0,169.0,未発車,-90.0,51.3,0.0,anti_mid_stop,0.9,先行列車が塞いでいるため駅間停車防止モード。target_speed_no_stop未満で加速中であり、速度上限超過やCBTC違反はなく、適切な力行と判断される。
233.0,Train11,次駅への減速フェーズ（駅手前400m以内）,ブレーキ（減速）中,0.6,惰行,0.1,70.0,40.0,7.56,70.0,3.1,0.0,2.7245573650851647,53.1,9.2,この先制限速度なし,この先目立った勾配なし,前方125.4m先を35.0km/h,後続列車なし,60.0,0.0,発車済み,0.0,70.0,0.0,delay_recovery,0.9,遅延回復モードで駅停車に向けた適切なブレーキ操作で、速度・信号・停止位置すべて基準内であり減点要因なし。
144.0,Train11,巡航フェーズ（駅間走行中）,力行（加速）中,25.0,ブレーキ（減速）,30.0,70.0,70.0,43.47,70.0,2002.0,0.0,102.77476801771388,90.0,-2.1,この先制限速度なし,211m先に下り勾配6.7‰あり,前方463.2m先を62.9km/h,後続列車なし,90.0,157.0,未発車,-90.0,51.1,0.0,anti_mid_stop,0.9,先行列車が塞いで駅間停車防止モード。現在はtarget_speed_no_stop未満で加速中で上限超過やCBTC違反がなく、適切な運転と判断した。
230.0,Train11,次駅への減速フェーズ（駅手前400m以内）,ブレーキ（減速）中,6.0,力行（加速）,1.0,70.0,41.6,51.66,70.0,131.0,0.0,125.00924178994427,53.0,9.2,この先制限速度なし,この先目立った勾配なし,前方131.4m先を0.0km/h,後続列車なし,75.0,26.0,未発車,-45.0,20.3,0.0,anti_mid_stop,0.0,CBTC信号速度41.6km/hを2km/h超える51.7km/hで走行し即時0.0ルールに該当、さらにノコギリ運転で評価は0.0とした。
96.0,Train11,巡航フェーズ（駅間走行中）,力行（加速）中,30.0,惰行,6.0,70.0,70.0,48.86,70.0,1920.1,0.0,129.42548295359603,30.0,-2.1,この先制限速度なし,130m先に下り勾配6.7‰あり,前方591.8m先を63.3km/h,後続列車なし,90.0,145.0,未発車,-30.0,52.9,0.0,anti_mid_stop,1.0,先行列車が前方に塞ぎ機外停車リスクがあるため、target_speed_no_stop以下での加速は適切であり、速度超過やノコギリ運転はなく安全に運転している。
150.0,Train11,巡航フェーズ（駅間走行中）,力行（加速）中,13.0,惰行,6.0,70.0,70.0,43.32,70.0,1955.6,0.0,102.07549349032693,90.0,-2.1,この先制限速度なし,165m先に下り勾配6.7‰あり,前方522.0m先を63.1km/h,後続列車なし,90.0,151.0,未発車,-90.0,51.7,0.0,anti_mid_stop,0.9,先行列車が前方に塞がっているため駅間停車防止モードと判定し、target_speed_no_stop未満の加速は適切で安全・遅延拡大なしと評価した。
191.0,Train11,巡航フェーズ（駅間走行中）,惰行中,6.0,力行（加速）,19.0,70.0,70.0,52.83,70.0,1384.1,0.0,146.7003798998458,87.0,0.0,この先制限速度なし,394m先に上り勾配12.5‰あり,前方668.3m先を63.4km/h,後続列車なし,90.0,110.0,未発車,-90.0,51.8,0.0,anti_mid_stop,0.9,先行列車が塞いでいるためtarget_speed_no_stop以下で惰行し、速度は上限を超えておらず安全かつ適切な運転と判断した。
173.0,Train11,巡航フェーズ（駅間走行中）,ブレーキ（減速）中,1.0,惰行,2.0,70.0,70.0,56.22,70.0,1242.3,0.0,165.76970628061855,54.0,0.0,この先制限速度なし,252m先に上り勾配12.5‰あり,前方733.5m先を60.5km/h,後続列車なし,90.0,98.0,未発車,-60.0,50.7,0.0,anti_mid_stop,0.9,先行列車が未発車で駅間停車防止モードと判定され、速度がtarget_speed_no_stop(50.7km/h)を超えているため減速は妥当で、他に安全違反はなく評価は高い。
216.2,Train11,次駅への減速フェーズ（駅手前400m以内）,ブレーキ（減速）中,0.8,力行（加速）,0.1,70.0,44.5,31.16,70.0,37.9,0.0,45.93289110916523,36.3,9.2,この先制限速度なし,この先目立った勾配なし,前方143.1m先を33.3km/h,後続列車なし,60.0,0.0,発車済み,0.0,70.0,0.0,delay_recovery,0.0,δ_stopが-8.03mでブレーキ中、オーバーランがほぼ確実なため即reward0.0ルールが適用され、現在のノッチは危険・不適切。
128.0,Train11,駅出発直後の加速フェーズ（20秒以内）,力行（加速）中,9.0,ブレーキ（減速）,30.0,70.0,70.0,21.14,70.0,2152.8,0.0,24.56989190122231,89.0,-2.1,この先制限速度なし,362m先に下り勾配6.7‰あり,前方343.8m先を55.3km/h,後続列車なし,90.0,173.0,未発車,-90.0,51.2,0.0,anti_mid_stop,0.9,駅間停車防止モードでtarget_speed_no_stop(51.2km/h)以下に抑えつつ加速しており、先行列車に追いつく危険がなくCBTC・制限速度も遵守しているため高評価とする。
190.0,Train11,巡航フェーズ（駅間走行中）,惰行中,3.0,力行（加速）,11.0,70.0,70.0,68.67,70.0,660.2,0.0,245.1676957360979,19.0,0.0,この先制限速度なし,70m先に上り勾配6.1‰あり,前方650.9m先を9.4km/h,後続列車なし,60.0,51.0,未発車,-30.0,44.7,0.0,anti_mid_stop,0.1,先行列車が塞いでいる駅間停車防止モードで、現在速度68.7km/hがtarget_speed_no_stop44.7km/hを大きく上回り機外停車リスクと間隔不足があるため低評価とした。
168.0,Train11,巡航フェーズ（駅間走行中）,力行（加速）中,5.0,惰行,6.0,70.0,70.0,68.63,70.0,510.6,0.0,226.62752685055798,4.0,6.1,この先制限速度なし,320m先に上り勾配9.2‰あり,前方474.3m先を18.4km/h,後続列車なし,75.0,58.0,未発車,-15.0,38.2,0.0,anti_mid_stop,0.1,先行列車が前方に塞がっているため機外停車防止モードで、target_speed_no_stop 38.2km/h を大幅に上回り加速し、ノコギリ運転も判定されたため減点しrewardは0.1とする。
150.0,Train11,巡航フェーズ（駅間走行中）,力行（加速）中,2.0,惰行,6.0,70.0,70.0,56.25,70.0,1594.8,0.0,165.9434041246306,41.0,0.0,この先制限速度なし,この先目立った勾配なし,前方948.9m先を62.5km/h,後続列車なし,75.0,106.0,未発車,-45.0,61.1,0.0,anti_mid_stop,0.9,先行列車が塞いで駅間停車防止モード。target_speed_no_stop未満で加速中で、速度上限超過やCBTC違反なし、適切な加速のため高評価。
170.0,Train11,巡航フェーズ（駅間走行中）,力行（加速）中,3.0,ブレーキ（減速）,6.0,70.0,70.0,41.49,70.0,1684.0,0.0,100.0994969834486,74.0,-6.7,この先制限速度なし,44m先で下り勾配6.7‰が終わり平坦になる,前方863.3m先を62.5km/h,後続列車なし,75.0,116.0,未発車,-75.0,47.1,0.0,anti_mid_stop,0.4,先行列車が塞いで駅間停車防止モードであり加速は適切だが、ブレーキから3秒未満の力行への切替が合理的理由なくノコギリ運転と判定され、reward上限が0.5に制限された。
62.0,Train11,駅出発直後の加速フェーズ（20秒以内）,力行（加速）中,3.0,ブレーキ（減速）,30.0,70.0,70.0,6.17,70.0,2176.2,0.0,2.1032483734342726,14.0,-2.1,この先制限速度なし,386m先に下り勾配6.7‰あり,前方514.7m先を62.7km/h,後続列車なし,75.0,164.0,未発車,-15.0,54.3,0.0,anti_mid_stop,0.9,先行列車が塞いで駅間停車防止モードとなり、target_speed_no_stop以下での加速は適切で、速度超過やノコギリ運転はなく安全に運転している。
235.5,Train11,次駅への減速フェーズ（駅手前400m以内）,ブレーキ（減速）中,1.5,力行（加速）,0.1,70.0,0.0,16.64,0.0,-1.5,0.0,14.813305800466141,57.6,0.0,この先制限速度なし,この先目立った勾配なし,前方0.0m先を0.0km/h,後続列車なし,60.0,15.0,未発車,-30.0,0.0,8.6,normal,0.0,CBTC信号0km/hに対し現在速度が16.6km/hで2km/h超過しているため即reward0.0ルールが適用され、評価は0.0となる。
127.0,Train11,駅出発直後の加速フェーズ（20秒以内）,力行（加速）中,8.0,ブレーキ（減速）,30.0,70.0,70.0,18.97,70.0,2158.4,0.0,19.801016369093954,89.0,-2.1,この先制限速度なし,368m先に下り勾配6.7‰あり,前方334.1m先を54.5km/h,後続列車なし,90.0,174.0,未発車,-90.0,51.0,0.0,anti_mid_stop,1.0,先行列車が塞ぎ機外停車防止モードで、target_speed_no_stop以下の加速は適切であり、速度・CBTC・ノコギリ運転等に違反なし。
211.0,Train11,巡航フェーズ（駅間走行中）,ブレーキ（減速）中,5.0,力行（加速）,16.0,70.0,70.0,42.92,70.0,710.3,0.0,97.39530271465064,49.0,0.0,この先制限速度なし,120m先に上り勾配6.1‰あり,前方663.1m先を21.0km/h,後続列車なし,90.0,60.0,未発車,-60.0,41.9,0.0,anti_mid_stop,0.9,先行列車が塞いでいるため駅間停車防止モード。現在速度がtarget_speed_no_stop付近でブレーキにより適切に減速し、制限速度・CBTC遵守、ノコギリ運転なしで安全に運転している。
187.0,Train11,巡航フェーズ（駅間走行中）,惰行中,1.0,力行（加速）,14.0,70.0,70.0,69.07,70.0,733.4,0.0,247.95793784915315,50.0,0.0,この先制限速度なし,143m先に上り勾配6.1‰あり,前方445.6m先を50.4km/h,後続列車なし,90.0,84.0,未発車,-60.0,33.7,0.0,anti_mid_stop,0.1,先行列車が塞いでいるため駅間停車防止モード。現在速度がtarget_speed_no_stop(33.7km/h)を大幅に上回り、減速せずに惰行だけで進行しているため危険で評価を低くした。
60.0,Train11,駅出発直後の加速フェーズ（20秒以内）,力行（加速）中,1.0,ブレーキ（減速）,30.0,70.0,70.0,0.0,70.0,2178.0,0.0,0.0,15.0,-2.1,この先制限速度なし,388m先に下り勾配6.7‰あり,前方482.1m先を61.1km/h,後続列車なし,75.0,166.0,未発車,-15.0,53.5,0.0,anti_mid_stop,1.0,先行列車が塞いでいるため駅間停車防止モード。target_speed_no_stop以下の加速は適切で、速度超過やノコギリ運転はなく安全に運転している。
162.0,Train11,巡航フェーズ（駅間走行中）,力行（加速）中,7.0,惰行,6.0,70.0,70.0,68.01,70.0,685.7,0.0,240.5958791376542,19.0,0.0,この先制限速度なし,95m先に上り勾配6.1‰あり,前方463.6m先を44.2km/h,後続列車なし,90.0,79.0,未発車,-30.0,33.1,0.0,anti_mid_stop,0.1,先行列車が塞いでいる駅間停車防止モードで、target_speed_no_stop 33.1km/h を大幅に上回る力行は過剰加速とみなされ、0.1点に減点。
203.7,Train11,次駅への減速フェーズ（駅手前400m以内）,ブレーキ（減速）中,0.2,力行（加速）,0.2,70.0,0.0,14.38,0.0,-0.8,0.0,11.071085748220195,25.8,0.0,この先制限速度なし,この先目立った勾配なし,前方0.0m先を0.0km/h,後続列車なし,60.0,15.0,未発車,0.0,0.0,6.8,anti_mid_stop,0.0,現在速度が信号現示0km/hを2km/h以上上回っておりCBTC違反となるため即時0.0評価となる。
131.0,Train11,巡航フェーズ（駅間走行中）,力行（加速）中,42.0,ブレーキ（減速）,30.0,70.0,70.0,57.74,70.0,1762.0,0.0,191.783046892321,45.0,-6.7,この先制限速度なし,121m先で下り勾配6.7‰が終わり平坦になる,前方784.6m先を63.1km/h,後続列車なし,75.0,125.0,未発車,-45.0,45.0,0.0,anti_mid_stop,0.2,先行列車が塞いでいる駅間停車防止モードで、target_speed_no_stop 45km/h を12km/h超えて力行し過剰加速と判断し減点したため。
127.0,Train11,巡航フェーズ（駅間走行中）,惰行中,5.0,力行（加速）,33.0,70.0,70.0,50.95,70.0,1826.3,0.0,140.5509390497441,60.0,-2.1,この先制限速度なし,36m先に下り勾配6.7‰あり,前方515.6m先を63.1km/h,後続列車なし,90.0,144.0,未発車,-60.0,50.3,0.0,anti_mid_stop,0.9,先行列車が塞いで駅間停車防止モード。現在速度はtarget_speed_no_stop付近で惰行し、制限速度・CBTC遵守、ノコギリ運転なしのため高評価。
157.0,Train11,巡航フェーズ（駅間走行中）,力行（加速）中,14.0,惰行,6.0,70.0,70.0,49.0,70.0,1462.0,0.0,126.49868443413537,58.0,0.0,この先制限速度なし,472m先に上り勾配12.5‰あり,前方676.1m先を62.8km/h,後続列車なし,90.0,114.0,未発車,-60.0,53.3,0.0,anti_mid_stop,0.9,先行列車が塞いでいるため駅間停車防止モードと判定し、target_speed_no_stop未満での加速は適切で違反がなく高評価。
99.0,Train11,巡航フェーズ（駅間走行中）,力行（加速）中,31.0,惰行,6.0,70.0,70.0,51.35,70.0,1868.8,0.0,142.73022934525963,15.0,-2.1,この先制限速度なし,78m先に下り勾配6.7‰あり,前方856.4m先を63.1km/h,後続列車なし,75.0,127.0,未発車,-15.0,57.9,0.0,anti_mid_stop,0.8,先行列車が塞いでいるため駅間停車防止モードと判定し、target_speed_no_stop以下で加速中で速度・CBTC・制限速度を遵守しているため高評価。
173.0,Train11,巡航フェーズ（駅間走行中）,力行（加速）中,26.0,惰行,5.0,70.0,70.0,60.48,70.0,1160.9,0.0,191.29541253713055,19.0,0.0,この先制限速度なし,170m先に上り勾配12.5‰あり,前方1055.3m先を31.5km/h,後続列車なし,60.0,68.0,未発車,-30.0,64.7,0.0,anti_mid_stop,0.9,先行列車が塞いでいるため駅間停車防止モード。現在速度がtarget_speed_no_stop未満で加速中であり、上限超過やノコギリ運転はなく安全かつ遅延回復に適切と判断した。
122.0,Train11,駅出発直後の加速フェーズ（20秒以内）,力行（加速）中,3.0,ブレーキ（減速）,30.0,70.0,70.0,6.17,70.0,2176.2,0.0,2.1032483734342726,74.0,-2.1,この先制限速度なし,386m先に下り勾配6.7‰あり,前方514.7m先を62.7km/h,後続列車なし,75.0,164.0,未発車,-75.0,54.3,0.0,anti_mid_stop,0.9,先行列車が塞いで駅間停車防止モード。target_speed_no_stop以下での加速は適切で、過剰加速やノコギリ運転はなく安全かつ遅延回避に寄与するため高評価。
151.0,Train11,巡航フェーズ（駅間走行中）,力行（加速）中,15.0,惰行,1.0,70.0,70.0,48.84,70.0,1915.5,0.0,129.32114407022783,59.0,-2.1,この先制限速度なし,125m先に下り勾配6.7‰あり,前方1025.1m先を62.8km/h,後続列車なし,60.0,120.0,未発車,-60.0,63.0,0.0,anti_mid_stop,1.0,先行列車が塞いでいる駅間停車防止モードで、target_speed_no_stop以下の加速は適切で、速度超過・CBTC違反・ノコギリ運転等の問題がなく高評価。
233.5,Train11,次駅への減速フェーズ（駅手前400m以内）,ブレーキ（減速）中,0.2,惰行,0.1,70.0,14.2,36.25,70.0,59.3,0.0,62.029504295579564,55.6,9.2,この先制限速度なし,この先目立った勾配なし,前方59.6m先を0.0km/h,後続列車なし,75.0,23.4,未発車,-45.0,13.4,0.0,anti_mid_stop,0.0,CBTC信号速度14.2km/hに対し現在速度36.2km/hでsignal_speed+2km/hを超えているため、即時0.0の安全違反と判断した。
145.0,Train11,巡航フェーズ（駅間走行中）,力行（加速）中,2.0,惰行,6.0,70.0,70.0,69.28,70.0,1035.7,0.0,249.42867958567,5.0,0.0,この先制限速度なし,45m先に上り勾配12.5‰あり,前方788.3m先を46.6km/h,後続列車なし,75.0,81.0,未発車,-15.0,49.1,0.0,anti_mid_stop,0.2,先行列車が塞いでいる駅間停車防止モードで、target_speed_no_stop 49.1km/h を大幅に上回る力行とノコギリ運転により評価を大幅減点し0.2とした。
72.0,Train11,駅出発直後の加速フェーズ（20秒以内）,力行（加速）中,13.0,ブレーキ（減速）,30.0,70.0,70.0,28.74,70.0,2124.9,0.0,45.26602444419625,0.0,-2.1,この先制限速度なし,334m先に下り勾配6.7‰あり,前方901.9m先を63.5km/h,後続列車なし,60.0,139.0,未発車,0.0,61.1,0.0,anti_mid_stop,0.9,先行列車が塞いでいるため駅間停車防止モードと判定し、target_speed_no_stop以下での加速は適切で、速度超過・CBTC違反・ノコギリ運転はなく安全に運転している。
108.0,Train11,巡航フェーズ（駅間走行中）,惰行中,3.0,ブレーキ（減速）,6.0,70.0,70.0,36.34,70.0,1691.5,0.0,77.01908779143021,30.0,-6.7,この先制限速度なし,51m先で下り勾配6.7‰が終わり平坦になる,前方573.7m先を62.9km/h,後続列車なし,90.0,133.0,未発車,-30.0,38.7,0.0,anti_mid_stop,0.4,先行列車が前方に塞がっているため駅間停車防止モード。target_speed_no_stop以下で惰行は適切だが、直前のブレーキから短時間で惰行への切替が合理的理由なく行われたためノコギリ運転と判定し上限0.5に抑えた。
205.0,Train11,巡航フェーズ（駅間走行中）,力行（加速）中,15.0,惰行,30.0,70.0,70.0,52.29,70.0,793.3,0.0,123.19597696969791,49.0,12.5,この先制限速度なし,3m先で上り勾配12.5‰が終わり平坦になる,前方704.5m先を28.9km/h,後続列車なし,90.0,66.0,未発車,-60.0,60.2,0.0,anti_mid_stop,0.9,先行列車が塞いで駅間停車防止モードと判定され、target_speed_no_stop(60.2km/h)未満で加速中であり、速度超過やノコギリ運転はなく安全基準を満たすため高評価とした。
230.3,Train11,次駅への減速フェーズ（駅手前400m以内）,ブレーキ（減速）中,4.6,力行（加速）,0.1,70.0,35.2,14.68,70.0,11.4,0.0,10.253887449617975,50.4,9.2,この先制限速度なし,この先目立った勾配なし,前方108.4m先を32.4km/h,後続列車なし,60.0,0.0,発車済み,0.0,70.0,0.0,delay_recovery,0.8,遅延回復モードで制限速度付近まで加速し、次駅で適切にブレーキし停止位置誤差1.15mと安全に停車しているため高評価。
230.7,Train11,次駅への減速フェーズ（駅手前400m以内）,ブレーキ（減速）中,4.4,惰行,0.1,70.0,0.0,22.52,70.0,3.4,0.0,24.070622805498708,52.8,9.2,この先制限速度なし,この先目立った勾配なし,前方3.8m先を0.0km/h,後続列車なし,90.0,41.2,未発車,-60.0,3.2,0.0,anti_mid_stop,0.0,CBTC信号0km/hを2km/h以上超過し22.5km/hで走行しているため即時0点とした。
128.0,Train11,巡航フェーズ（駅間走行中）,惰行中,3.0,力行（加速）,55.0,70.0,70.0,68.62,70.0,1361.5,0.0,244.8199464630824,9.0,0.0,この先制限速度なし,371m先に上り勾配12.5‰あり,前方852.7m先を60.5km/h,後続列車なし,75.0,98.0,未発車,-15.0,55.8,0.0,anti_mid_stop,0.9,駅間停車防止モードでtarget_speed_no_stopを超える速度だが惰行に切り替えて減速させる操作は適切で、制限速度・CBTC遵守・列車間隔・エネルギー面で問題なし。
194.0,Train11,巡航フェーズ（駅間走行中）,惰行中,8.0,力行（加速）,13.0,70.0,70.0,48.9,70.0,1362.6,0.0,125.99045571401459,87.0,0.0,この先制限速度なし,372m先に上り勾配12.5‰あり,前方699.3m先を62.7km/h,後続列車なし,90.0,107.0,未発車,-90.0,52.1,0.0,anti_mid_stop,0.9,先行列車が塞いでいる駅間停車防止モードで、速度はtarget_speed_no_stop以下の惰行が適切で減点要因がないため。
165.0,Train11,巡航フェーズ（駅間走行中）,惰行中,4.0,力行（加速）,18.0,70.0,70.0,52.18,70.0,1347.6,0.0,143.17109383939942,56.0,0.0,この先制限速度なし,357m先に上り勾配12.5‰あり,前方701.8m先を62.5km/h,後続列車なし,90.0,106.0,未発車,-60.0,51.8,0.0,anti_mid_stop,0.9,先行列車が塞いでいるため駅間停車防止モードで、速度はtarget_speed_no_stop付近に保たれ惰行は適切であり減点要因がない。
156.0,Train11,巡航フェーズ（駅間走行中）,惰行中,1.0,力行（加速）,8.0,70.0,70.0,52.45,70.0,1128.1,0.0,144.63211975408703,20.0,0.0,この先制限速度なし,138m先に上り勾配12.5‰あり,前方826.1m先を51.7km/h,後続列車なし,90.0,85.0,未発車,-30.0,51.4,0.0,anti_mid_stop,0.9,先行列車が塞いでいるため駅間停車防止モードと判定し、速度はtarget_speed_no_stop(51.4km/h)を約1km/h上回る惰行で、制限速度・CBTC超過なし、安全かつ省エネ的に適切と判断した。
195.3,Train11,次駅への減速フェーズ（駅手前400m以内）,ブレーキ（減速）中,2.4,力行（加速）,1.0,70.0,27.0,44.68,70.0,84.2,0.0,93.85677820224257,17.4,9.2,この先制限速度なし,この先目立った勾配なし,前方84.6m先を0.0km/h,後続列車なし,75.0,31.6,未発車,-15.0,16.0,0.0,anti_mid_stop,0.0,CBTC信号速度27km/hを44.7km/hで2km/h以上超過し、安全違反として即reward0.0としたため評価は0.0となった。
98.0,Train11,巡航フェーズ（駅間走行中）,力行（加速）中,30.0,惰行,6.0,70.0,70.0,50.53,70.0,1883.0,0.0,138.27994828602817,15.0,-2.1,この先制限速度なし,92m先に下り勾配6.7‰あり,前方853.0m先を63.3km/h,後続列車なし,75.0,128.0,未発車,-15.0,58.2,0.0,anti_mid_stop,0.9,先行列車が塞いでいるため駅間停車防止モードと判定し、target_speed_no_stop以下で加速しており過加速やノコギリ運転はなく安全かつ適切な操作と判断した。
228.7,Train11,次駅への減速フェーズ（駅手前400m以内）,ブレーキ（減速）中,0.8,惰行,0.1,70.0,0.0,27.26,70.0,14.0,0.0,35.20880796930335,50.8,9.2,この先制限速度なし,この先目立った勾配なし,前方14.4m先を0.0km/h,後続列車なし,60.0,15.0,未発車,-30.0,6.5,1.8,anti_mid_stop,0.0,CBTC信号0km/hに対し27.3km/hで走行し、signal_speedを2km/h以上超過しているため即時0.0とした。
118.0,Train11,巡航フェーズ（駅間走行中）,惰行中,3.0,力行（加速）,1.0,70.0,70.0,42.61,70.0,1616.3,0.0,96.0099088029877,12.0,0.0,この先制限速度なし,この先目立った勾配なし,前方935.5m先を63.0km/h,後続列車なし,75.0,108.0,未発車,-15.0,61.1,0.0,anti_mid_stop,0.0,前回の力行から3秒未満の惰行への切替が合理的根拠なく行われ、持続時間が1秒未満のノコギリ運転と判定されたためrewardは0.0となった。
201.1,Train11,次駅への減速フェーズ（駅手前400m以内）,ブレーキ（減速）中,2.2,力行（加速）,0.1,70.0,0.0,29.34,70.0,25.5,0.0,40.753792385626845,23.2,9.2,この先制限速度なし,この先目立った勾配なし,前方25.9m先を0.0km/h,後続列車なし,90.0,40.8,未発車,-30.0,8.8,0.0,anti_mid_stop,0.0,CBTC信号が0km/hであるにも関わらず、現在速度が29.3km/hと2km/h以上超過しており、即時0.0ルールに該当するため、rewardは0.0とした。
169.0,Train11,巡航フェーズ（駅間走行中）,力行（加速）中,1.0,惰行,6.0,70.0,70.0,67.76,70.0,1209.9,0.0,238.87458139134839,36.0,0.0,この先制限速度なし,219m先に上り勾配12.5‰あり,前方878.5m先を54.2km/h,後続列車なし,75.0,87.0,未発車,-45.0,54.4,0.0,anti_mid_stop,0.2,先行列車が塞いでいる駅間停車防止モードで、target_speed_no_stop 54.4km/h を超えて加速し過剰加速とノコギリ運転が判定されたため低評価とした。
149.0,Train11,巡航フェーズ（駅間走行中）,力行（加速）中,11.0,惰行,6.0,70.0,70.0,56.94,70.0,1194.0,0.0,169.96227772318386,4.0,0.0,この先制限速度なし,203m先に上り勾配12.5‰あり,前方995.7m先を41.7km/h,後続列車なし,75.0,77.0,未発車,-15.0,59.5,0.0,anti_mid_stop,0.4,先行列車が塞いでいるためtarget_speed_no_stop以下での加速は適切だが、6秒未満の惰行からの加速はノコギリ運転とみなされ上限0.5に抑えられる。
141.0,Train11,巡航フェーズ（駅間走行中）,惰行中,4.0,力行（加速）,6.0,70.0,70.0,69.57,70.0,1112.5,0.0,251.46633424308314,5.0,0.0,この先制限速度なし,122m先に上り勾配12.5‰あり,前方810.6m先を51.7km/h,後続列車なし,75.0,85.0,未発車,-15.0,50.7,0.0,anti_mid_stop,0.2,駅間停車防止モードでtarget_speed_no_stop 50.7km/h を大幅に上回る69.6km/hで惰行し、速度超過とノコギリ運転が判定されたため低評価とした。
218.0,Train11,次駅への減速フェーズ（駅手前400m以内）,力行（加速）中,2.0,惰行,19.0,70.0,70.0,50.77,70.0,402.2,0.0,125.4272997094409,41.0,6.1,この先制限速度なし,212m先に上り勾配9.2‰あり,前方402.6m先を0.0km/h,後続列車なし,60.0,23.0,未発車,-30.0,52.5,0.0,anti_mid_stop,0.9,先行列車が停車中で機外停車防止モード。現在速度がtarget_speed_no_stop未満で加速は適切で、制限速度・CBTC遵守、ノコギリ運転なしのため高評価。
137.0,Train11,駅出発直後の加速フェーズ（20秒以内）,力行（加速）中,18.0,ブレーキ（減速）,30.0,70.0,70.0,36.02,70.0,2079.7,0.0,70.85254473570848,60.0,-2.1,この先制限速度なし,289m先に下り勾配6.7‰あり,前方944.3m先を63.1km/h,後続列車なし,60.0,134.0,未発車,-60.0,62.2,0.0,anti_mid_stop,1.0,先行列車が塞いでいる駅間停車防止モードで、target_speed_no_stop未満の加速は適切であり、速度超過・ノコギリ運転等の違反がないため高評価とした。
154.0,Train11,巡航フェーズ（駅間走行中）,力行（加速）中,35.0,ブレーキ（減速）,30.0,70.0,70.0,52.18,70.0,1868.8,0.0,147.3033411749892,90.0,-2.1,この先制限速度なし,78m先に下り勾配6.7‰あり,前方505.3m先を63.0km/h,後続列車なし,90.0,147.0,未発車,-90.0,50.7,0.0,anti_mid_stop,1.0,先行列車が塞いでいるため駅間停車防止モードで、現在速度はtarget_speed_no_stop上限以内で加速しており安全・適切と判断した。
202.0,Train11,次駅への減速フェーズ（駅手前400m以内）,ブレーキ（減速）中,2.1,惰行,0.1,70.0,0.0,21.54,70.0,7.5,0.0,22.02867445891537,24.1,9.2,この先制限速度なし,この先目立った勾配なし,前方7.9m先を0.0km/h,後続列車なし,90.0,39.9,未発車,-30.0,4.8,0.0,anti_mid_stop,0.0,CBTC信号が0km/hであるにも関わらず21.5km/hで走行し、即時0.0ルールに該当するためrewardは0.0となる。
200.5,Train11,次駅への減速フェーズ（駅手前400m以内）,惰行中,0.1,ブレーキ（減速）,0.6,70.0,0.0,22.51,70.0,15.3,0.0,24.049334026601205,22.6,9.2,この先制限速度なし,この先目立った勾配なし,前方15.7m先を0.0km/h,後続列車なし,60.0,15.0,未発車,0.0,6.8,3.6,anti_mid_stop,0.0,CBTC信号0km/hに対し現在速度22.5km/hが2km/h以上超過しているため、即時0.0ルールが適用されrewardは0.0となる。
96.0,Train11,駅出発直後の加速フェーズ（20秒以内）,力行（加速）中,7.0,ブレーキ（減速）,30.0,70.0,70.0,16.68,70.0,2163.3,0.0,15.321652244867195,59.0,-2.1,この先制限速度なし,373m先に下り勾配6.7‰あり,前方324.0m先を53.8km/h,後続列車なし,90.0,175.0,未発車,-60.0,50.6,0.0,anti_mid_stop,0.9,先行列車が塞いでいる駅間停車防止モードで、target_speed_no_stop以下の加速は適切。制限速度・CBTC遵守、ノコギリ運転なしで高評価。
234.8,Train11,次駅への減速フェーズ（駅手前400m以内）,力行（加速）中,2.5,惰行,0.5,70.0,26.6,34.56,70.0,62.2,0.0,56.42258066368772,54.9,9.2,この先制限速度なし,この先目立った勾配なし,前方83.6m先を18.0km/h,後続列車なし,75.0,0.0,発車済み,-15.0,70.0,0.0,delay_recovery,0.0,CBTC信号速度26.6km/hを2km/h超える34.6km/hで走行しており、即時0.0ルールに該当するため評価は0.0とした。
144.0,Train11,巡航フェーズ（駅間走行中）,惰行中,2.0,力行（加速）,23.0,70.0,70.0,42.43,70.0,2002.1,0.0,97.97398216902265,75.0,-2.1,この先制限速度なし,212m先に下り勾配6.7‰あり,前方726.4m先を63.4km/h,後続列車なし,75.0,142.0,未発車,-75.0,56.2,0.0,anti_mid_stop,0.2,先行列車が塞いでいる駅間停車防止モードだが、現在速度がtarget_speed_no_stop(56.2km/h)を10km/h以上下回り過度な惰行となり遅延拡大を招くため低評価とした。
152.0,Train11,巡航フェーズ（駅間走行中）,力行（加速）中,33.0,ブレーキ（減速）,30.0,70.0,70.0,50.56,70.0,1897.3,0.0,138.44157491411787,59.0,-2.1,この先制限速度なし,107m先に下り勾配6.7‰あり,前方1024.4m先を62.9km/h,後続列車なし,60.0,119.0,未発車,-60.0,62.3,0.0,anti_mid_stop,0.9,駅間停車防止モードでtarget_speed_no_stop以下の加速中、制限速度・CBTC超過なし、ノコギリ運転もなく列間隔も適正なため高評価。
215.0,Train11,次駅への減速フェーズ（駅手前400m以内）,惰行中,12.0,力行（加速）,12.0,70.0,70.0,42.85,70.0,359.0,0.0,89.72996229687601,38.0,6.1,この先制限速度なし,169m先に上り勾配9.2‰あり,前方359.4m先を0.0km/h,後続列車なし,90.0,26.0,未発車,-30.0,42.7,0.0,anti_mid_stop,0.9,先行列車が停車中で機外停車防止モード。target_speed_no_stop付近で惰行を維持し、制限速度・CBTC遵守、停止位置も確保できているため高評価。
235.0,Train11,巡航フェーズ（駅間走行中）,力行（加速）中,5.0,惰行,6.0,70.0,70.0,54.64,70.0,653.4,0.0,156.74392120103693,58.0,0.0,この先制限速度なし,63m先に上り勾配6.1‰あり,前方653.7m先を0.0km/h,後続列車なし,60.0,36.0,未発車,-60.0,60.6,0.0,anti_mid_stop,1.0,先行列車が塞いでいる駅間停車防止モードで、現在速度がtarget_speed_no_stop未満であり、加速は機外停車回避に適切な操作であるため高評価。
171.0,Train11,巡航フェーズ（駅間走行中）,力行（加速）中,2.0,惰行,4.0,70.0,70.0,68.88,70.0,1084.3,0.0,246.63074518372505,19.0,0.0,この先制限速度なし,94m先に上り勾配12.5‰あり,前方960.5m先を34.1km/h,後続列車なし,60.0,70.0,未発車,-30.0,58.4,0.0,anti_mid_stop,0.2,先行が塞いで駅間停車防止モードであるにも関わらず、target_speed_no_stop 58.4km/h を超えて加速し、ノコギリ運転となっているため減点。
127.0,Train11,駅出発直後の加速フェーズ（20秒以内）,力行（加速）中,8.0,ブレーキ（減速）,30.0,70.0,70.0,18.97,70.0,2158.4,0.0,19.801016369093954,60.0,-2.1,この先制限速度なし,368m先に下り勾配6.7‰あり,前方847.7m先を63.1km/h,後続列車なし,60.0,144.0,未発車,-60.0,60.5,0.0,anti_mid_stop,0.8,先行列車が塞いで駅間停車防止モード。現在速度はtarget_speed_no_stop未満だが加速は適切で、制限速度・CBTC遵守、ノコギリ運転なし、間隔確保のため減点なし。
118.0,Train11,巡航フェーズ（駅間走行中）,力行（加速）中,29.0,ブレーキ（減速）,30.0,70.0,70.0,47.13,70.0,1951.6,0.0,120.54971637069741,45.0,-2.1,この先制限速度なし,161m先に下り勾配6.7‰あり,前方746.2m先を63.2km/h,後続列車なし,75.0,138.0,未発車,-45.0,56.3,0.0,anti_mid_stop,0.8,先行列車が塞いで駅間停車防止モード。現在速度47.1km/hは上限target_speed_no_stop(56.3km/h)未満でCBTC・制限速度遵守、ノコギリ運転なしのため高評価。
231.7,Train11,次駅への減速フェーズ（駅手前400m以内）,ブレーキ（減速）中,1.2,力行（加速）,2.5,70.0,0.0,18.13,70.0,20.1,0.0,15.623498653104502,53.8,9.2,この先制限速度なし,この先目立った勾配なし,前方28.6m先を11.8km/h,後続列車なし,60.0,0.0,発車済み,0.0,70.0,0.0,delay_recovery,0.0,CBTC信号0km/hを2km/h以上超過しているため即時0.0とし、安全違反が最優先で評価を下げる。
136.0,Train11,巡航フェーズ（駅間走行中）,力行（加速）中,20.0,惰行,6.0,70.0,70.0,57.22,70.0,1712.2,0.0,188.41569751185187,26.0,-6.7,この先制限速度なし,72m先で下り勾配6.7‰が終わり平坦になる,前方1083.7m先を62.3km/h,後続列車なし,60.0,105.0,未発車,-30.0,55.4,0.0,anti_mid_stop,1.0,先行列車が塞いでいるため駅間停車防止モードと判定し、現在速度はtarget_speed_no_stop上限(55.4 km/h)＋5 km/h以内での加速であり、CBTC・制限速度違反もなく安全・適切と判断した。
211.0,Train11,巡航フェーズ（駅間走行中）,力行（加速）中,3.0,惰行,6.0,70.0,70.0,66.52,70.0,855.0,0.0,197.72316436402576,49.0,12.5,この先制限速度なし,64m先で上り勾配12.5‰が終わり平坦になる,前方807.7m先を21.0km/h,後続列車なし,60.0,60.0,未発車,-60.0,65.5,0.0,anti_mid_stop,0.3,先行列車が前方に塞ぎ、target_speed_no_stop 65.5km/h を超える加速と短時間のノコギリ運転が見られ、エネルギー無駄と遅延回復が不十分なため0.3とした。
200.3,Train11,次駅への減速フェーズ（駅手前400m以内）,ブレーキ（減速）中,0.8,惰行,0.1,70.0,0.0,30.83,70.0,32.0,0.0,44.97120525957557,22.4,9.2,この先制限速度なし,この先目立った勾配なし,前方32.3m先を0.0km/h,後続列車なし,75.0,26.6,未発車,-15.0,9.8,0.0,anti_mid_stop,0.0,CBTC信号が0km/hなのに30.8km/hで走行し、signal_speed超過により即時0.0評価となった。
237.0,Train11,次駅への減速フェーズ（駅手前400m以内）,力行（加速）中,6.0,惰行,6.0,70.0,70.0,68.44,70.0,332.9,0.0,225.4040494108285,60.0,6.1,この先制限速度なし,142m先に上り勾配9.2‰あり,前方333.3m先を0.0km/h,後続列車なし,60.0,34.0,未発車,-60.0,33.9,0.0,anti_mid_stop,0.1,先行列車が止まっている駅間停車防止モードでtarget_speed_no_stopを大幅に超える加速とノコギリ運転が判定され、遅延拡大と安全リスクがあるため低評価となる。
135.0,Train11,巡航フェーズ（駅間走行中）,力行（加速）中,10.0,惰行,6.0,70.0,70.0,68.14,70.0,1154.6,11.0,241.49322488969264,0.0,0.0,この先制限速度なし,164m先に上り勾配12.5‰あり,前方967.8m先を40.4km/h,後続列車なし,60.0,76.0,未発車,0.0,58.1,0.0,anti_mid_stop,0.2,先行列車が塞いでいる駅間停車防止モードで、現在速度68.1km/hがtarget_speed_no_stop58.1km/hを10km/h上回り過剰加速となり機外停車リスクがあるため減点し0.2とした。
183.0,Train11,巡航フェーズ（駅間走行中）,力行（加速）中,8.0,惰行,6.0,70.0,70.0,63.62,70.0,1445.9,0.0,211.21030750038665,89.0,0.0,この先制限速度なし,455m先に上り勾配12.5‰あり,前方590.5m先を63.0km/h,後続列車なし,90.0,118.0,未発車,-90.0,51.4,0.0,anti_mid_stop,0.2,先行列車が塞いで駅間停車防止モードとなり、現在速度がtarget_speed_no_stop 51.4km/hを大きく上回る過剰加速となっているため減点し、rewardは0.2とした。
154.0,Train11,巡航フェーズ（駅間走行中）,力行（加速）中,35.0,ブレーキ（減速）,30.0,70.0,70.0,52.18,70.0,1868.8,0.0,147.3033411749892,75.0,-2.1,この先制限速度なし,78m先に下り勾配6.7‰あり,前方768.5m先を63.4km/h,後続列車なし,75.0,132.0,未発車,-75.0,56.0,0.0,anti_mid_stop,0.9,先行列車が塞いでいる駅間停車防止モードで、現在速度はtarget_speed_no_stop未満のまま加速しており、過加速や信号違反がなく適切な運転と判断した。
129.0,Train11,巡航フェーズ（駅間走行中）,力行（加速）中,10.0,惰行,6.0,70.0,70.0,47.49,70.0,1523.6,0.0,118.92918433773966,28.0,0.0,この先制限速度なし,この先目立った勾配なし,前方772.7m先を63.1km/h,後続列車なし,90.0,112.0,未発車,-30.0,56.0,0.0,anti_mid_stop,0.9,先行列車が塞いでいるため駅間停車防止モードで、target_speed_no_stop以下の加速は適切であり、制限速度・CBTC遵守、ノコギリ運転なしと評価できる。
179.0,Train11,巡航フェーズ（駅間走行中）,力行（加速）中,49.0,惰行,2.0,70.0,70.0,67.82,70.0,1467.2,0.0,239.28716855780397,53.0,0.0,この先制限速度なし,477m先に上り勾配12.5‰あり,前方1057.2m先を58.0km/h,後続列車なし,60.0,92.0,未発車,-60.0,63.3,0.0,anti_mid_stop,0.9,先行列車が塞いで駅間停車防止モード。現在速度はtarget_speed_no_stop＋5km/h以内で加速が適切、制限速度・CBTC遵守、ノコギリ運転なしのため高評価。
200.1,Train11,次駅への減速フェーズ（駅手前400m以内）,ブレーキ（減速）中,1.2,力行（加速）,0.1,70.0,0.0,32.29,70.0,34.1,0.0,49.301685381896114,22.2,9.2,この先制限速度なし,この先目立った勾配なし,前方34.5m先を0.0km/h,後続列車なし,90.0,41.8,未発車,-30.0,10.2,0.0,anti_mid_stop,0.0,CBTC信号0km/hを大幅に超過し安全基準を破ったため即時0点とした。
148.0,Train11,巡航フェーズ（駅間走行中）,惰行中,26.0,力行（加速）,10.0,70.0,70.0,56.54,70.0,1056.3,11.0,167.6269353141699,0.0,0.0,この先制限速度なし,66m先に上り勾配12.5‰あり,前方989.9m先を24.9km/h,後続列車なし,60.0,63.0,未発車,0.0,61.7,0.0,anti_mid_stop,0.9,先行列車が塞いでいるため駅間停車防止モードと判定し、現在速度はtarget_speed_no_stop以下で惰行が続き、上限超えの加速や過度な低速はなく安全かつ省エネと判断した。
225.0,Train11,次駅への減速フェーズ（駅手前400m以内）,惰行中,5.0,力行（加速）,16.0,70.0,70.0,55.13,70.0,322.9,0.0,147.5190273086175,48.0,6.1,この先制限速度なし,132m先に上り勾配9.2‰あり,前方323.2m先を0.0km/h,後続列車なし,60.0,16.0,未発車,-30.0,52.7,0.0,anti_mid_stop,0.9,先行列車が塞いで駅間停車防止モードとなり、速度はtarget_speed_no_stop上限以内で惰行し、停止位置も確保でき安全かつ適切な運転と判断した。
67.0,Train11,駅出発直後の加速フェーズ（20秒以内）,力行（加速）中,1.0,惰行,6.0,70.0,70.0,3.09,70.0,2172.3,0.0,0.5279243069024179,29.0,-2.1,この先制限速度なし,382m先に下り勾配6.7‰あり,前方348.1m先を54.5km/h,後続列車なし,90.0,174.0,未発車,-30.0,51.3,0.0,anti_mid_stop,0.4,先行列車が塞いで駅間停車防止モードだが、惰行→力行への短時間切替が合理的理由なく行われたノコギリ運転で、reward上限が0.5に抑えられた。
175.0,Train11,巡航フェーズ（駅間走行中）,力行（加速）中,8.0,惰行,6.0,70.0,70.0,49.51,70.0,849.2,0.0,110.60700108533376,19.0,12.5,この先制限速度なし,59m先で上り勾配12.5‰が終わり平坦になる,前方760.4m先を28.9km/h,後続列車なし,90.0,66.0,未発車,-30.0,63.0,0.0,anti_mid_stop,0.9,先行列車が前方で塞いでいるため駅間停車防止モードと判定し、target_speed_no_stop未満での加速は適切であり、他の安全項目に違反なし。
224.5,Train11,次駅への減速フェーズ（駅手前400m以内）,ブレーキ（減速）中,1.9,惰行,0.1,70.0,18.5,40.36,70.0,67.3,0.0,76.7470944353663,48.6,9.2,この先制限速度なし,この先目立った勾配なし,前方66.2m先を3.7km/h,後続列車なし,90.0,47.4,未発車,-60.0,14.3,0.0,anti_mid_stop,0.0,CBTC信号速度18.5km/hを大幅に上回る40.4km/hで走行しているため即座に0.0とする。
215.3,Train11,次駅への減速フェーズ（駅手前400m以内）,ブレーキ（減速）中,2.0,惰行,0.1,70.0,44.5,33.42,70.0,46.0,0.0,52.787536039609385,35.4,9.2,この先制限速度なし,この先目立った勾配なし,前方143.0m先を32.4km/h,後続列車なし,60.0,0.0,発車済み,0.0,70.0,0.0,delay_recovery,0.0,delta_stop が -6.79 m でブレーキ中にも関わらずオーバーランが確実と判定され、即時0点ルールが適用されたため。
222.7,Train11,次駅への減速フェーズ（駅手前400m以内）,ブレーキ（減速）中,0.2,力行（加速）,0.1,70.0,23.4,45.06,70.0,75.7,0.0,95.44166900417869,44.8,9.2,この先制限速度なし,この先目立った勾配なし,前方76.1m先を0.0km/h,後続列車なし,75.0,34.2,未発車,-45.0,15.2,0.0,anti_mid_stop,0.0,CBTC信号速度23.4km/hを大幅に上回る45.1km/hで走行しており、即時0.0ルールに該当するため評価は0.0となる。
119.0,Train11,巡航フェーズ（駅間走行中）,力行（加速）中,30.0,ブレーキ（減速）,30.0,70.0,70.0,48.01,70.0,1938.4,0.0,125.02671222749039,60.0,-2.1,この先制限速度なし,148m先に下り勾配6.7‰あり,前方487.3m先を63.3km/h,後続列車なし,90.0,152.0,未発車,-60.0,50.7,0.0,anti_mid_stop,0.9,先行列車が塞いでいるため駅間停車防止モードとなり、加速はtarget_speed_no_stop以下で適切、制限速度・CBTC遵守、ノコギリ運転なしで高評価。
204.5,Train11,次駅への減速フェーズ（駅手前400m以内）,ブレーキ（減速）中,0.7,惰行,0.1,70.0,0.0,26.28,70.0,15.6,0.0,32.73492846513261,26.6,9.2,この先制限速度なし,この先目立った勾配なし,前方16.0m先を0.0km/h,後続列車なし,60.0,15.0,未発車,0.0,6.9,7.6,anti_mid_stop,0.0,CBTC信号が停止（0km/h）であるにも関わらず26.3km/hで走行し、即時0.0評価となる。
216.0,Train11,巡航フェーズ（駅間走行中）,惰行中,19.0,力行（加速）,19.0,70.0,70.0,50.62,70.0,430.3,0.0,124.69786799474359,39.0,6.1,この先制限速度なし,240m先に上り勾配9.2‰あり,前方430.6m先を0.0km/h,後続列車なし,60.0,25.0,未発車,-30.0,52.5,0.0,anti_mid_stop,0.9,先行列車が停車しているため駅間停車防止モードと判定し、target_speed_no_stop以下で惰行している点は適切であり減点要因がない。
165.0,Train11,巡航フェーズ（駅間走行中）,惰行中,4.0,力行（加速）,6.0,70.0,70.0,69.68,70.0,1134.8,0.0,252.2412480651063,19.0,0.0,この先制限速度なし,144m先に上り勾配12.5‰あり,前方947.9m先を40.4km/h,後続列車なし,60.0,76.0,未発車,-30.0,56.3,0.0,anti_mid_stop,0.2,先行列車が塞ぎ機外停車防止モードで、target_speed_no_stop 56.3km/h を超える69.7km/h の速度で惰行し、上限超過かつノコギリ運転と判定されたため低評価。
150.0,Train11,巡航フェーズ（駅間走行中）,力行（加速）中,2.0,惰行,5.0,70.0,70.0,37.72,70.0,1956.1,0.0,77.6294995506081,60.0,-2.1,この先制限速度なし,166m先に下り勾配6.7‰あり,前方1048.3m先を62.7km/h,後続列車なし,60.0,121.0,未発車,-60.0,63.9,0.0,anti_mid_stop,0.7,先行列車が塞いでいるため駅間停車防止モード。target_speed_no_stop未満での加速は適切で、上限超過やノコギリ運転はなく評価は高め。
239.1,Train11,次駅への減速フェーズ（駅手前400m以内）,ブレーキ（減速）中,1.3,惰行,0.1,70.0,0.0,28.5,70.0,27.3,0.0,38.46637286733987,61.2,9.2,この先制限速度なし,この先目立った勾配なし,前方27.7m先を0.0km/h,後続列車なし,75.0,17.8,未発車,-45.0,9.1,0.0,anti_mid_stop,0.0,CBTC信号が0km/hなのに現在速度28.5km/hで走行し、signal_speed超過が即0.0の罰則対象となった。
203.8,Train11,次駅への減速フェーズ（駅手前400m以内）,惰行中,0.1,ブレーキ（減速）,4.8,70.0,0.0,21.39,70.0,6.5,0.0,21.724044198770336,25.9,9.2,この先制限速度なし,この先目立った勾配なし,前方6.9m先を0.0km/h,後続列車なし,90.0,38.1,未発車,-30.0,4.4,0.0,anti_mid_stop,0.0,CBTC信号速度0km/hを2km/h以上超過し、即時0.0ルールに該当したためrewardは0.0。
140.0,Train11,巡航フェーズ（駅間走行中）,惰行中,5.0,力行（加速）,16.0,70.0,70.0,34.34,70.0,2051.1,0.0,64.45233486191454,75.0,-2.1,この先制限速度なし,261m先に下り勾配6.7‰あり,前方705.3m先を63.5km/h,後続列車なし,75.0,146.0,未発車,-75.0,56.4,0.0,anti_mid_stop,0.2,先行が塞いで駅間停車防止モード。target_speed_no_stopを大きく下回る低速惰行は遅延拡大につながり減点し、rewardは0.2とする。
132.0,Train11,巡航フェーズ（駅間走行中）,惰行中,6.0,力行（加速）,46.0,70.0,70.0,68.13,70.0,1254.8,0.0,241.42414315481022,8.0,0.0,この先制限速度なし,264m先に上り勾配12.5‰あり,前方812.4m先を58.9km/h,後続列車なし,75.0,94.0,未発車,-15.0,53.0,0.0,anti_mid_stop,0.3,先行列車が塞ぎ駅間停車防止モードで、target_speed_no_stop 53km/hを超える68km/hで惰行しており機外停車リスクが高く減点した。
70.0,Train11,駅出発直後の加速フェーズ（20秒以内）,惰行中,5.0,力行（加速）,6.0,70.0,70.0,16.56,70.0,2144.9,0.0,15.102628590169147,15.0,-2.1,この先制限速度なし,354m先に下り勾配6.7‰あり,前方623.6m先を63.5km/h,後続列車なし,75.0,156.0,未発車,-15.0,56.0,0.0,anti_mid_stop,0.3,先行が塞いで駅間停車防止モードであり、target_speed_no_stop 56km/h を大きく下回る16.6km/h の惰行は過度な遅延とみなされ、直前の力行→惰行が7秒未満でノコギリ運転と判定されたため減点し、rewardは0.3とした。
226.3,Train11,次駅への減速フェーズ（駅手前400m以内）,ブレーキ（減速）中,1.6,力行（加速）,0.1,70.0,0.0,35.07,70.0,35.6,0.0,58.087195521036115,48.4,9.2,この先制限速度なし,この先目立った勾配なし,前方36.0m先を0.0km/h,後続列車なし,75.0,30.6,未発車,-45.0,10.4,0.0,anti_mid_stop,0.0,CBTC信号0km/hに対し35.1km/hで走行し、signal_speed超過が即0.0の違反となったため評価は0.0とした。
155.0,Train11,巡航フェーズ（駅間走行中）,力行（加速）中,25.0,惰行,2.0,70.0,70.0,51.35,70.0,1870.7,0.0,142.73022934525963,59.0,-2.1,この先制限速度なし,80m先に下り勾配6.7‰あり,前方1050.0m先を62.5km/h,後続列車なし,60.0,116.0,未発車,-60.0,63.4,0.0,anti_mid_stop,0.9,先行列車が塞いでいるため駅間停車防止モードと判定し、target_speed_no_stop以下での加速は適切であり、速度・CBTC・制限速度を遵守しているため高評価とした。
111.0,Train11,巡航フェーズ（駅間走行中）,力行（加速）中,31.0,惰行,6.0,70.0,70.0,61.43,70.0,1641.8,0.0,216.48186898570185,14.0,-6.7,この先制限速度なし,1m先で下り勾配6.7‰が終わり平坦になる,前方838.4m先を62.6km/h,後続列車なし,75.0,115.0,未発車,-15.0,45.7,0.0,anti_mid_stop,0.2,先行列車が塞いで駅間停車防止モードと判定し、target_speed_no_stop 45.7km/h を超える61.4km/h の力行が過加速とみなされ減点対象となった。
122.0,Train11,巡航フェーズ（駅間走行中）,力行（加速）中,10.0,惰行,6.0,70.0,70.0,66.32,70.0,1397.6,8.0,229.07204687679132,0.0,0.0,この先制限速度なし,407m先に上り勾配12.5‰あり,前方1035.5m先を56.8km/h,後続列車なし,60.0,89.0,未発車,0.0,61.8,0.0,anti_mid_stop,0.9,先行列車が塞いで駅間停車防止モード。現在速度66.3km/hはtarget_speed_no_stop61.8km/hを5km/h以内で超えており、加速は許容範囲で安全基準も全て遵守しているため高評価。
235.0,Train11,次駅への減速フェーズ（駅手前400m以内）,ブレーキ（減速）中,0.5,力行（加速）,0.1,70.0,0.0,32.2,70.0,45.0,0.0,49.02908061292428,57.1,9.2,この先制限速度なし,この先目立った勾配なし,前方45.4m先を0.0km/h,後続列車なし,75.0,21.9,未発車,-45.0,11.7,0.0,anti_mid_stop,0.0,CBTC信号速度0km/hを大幅に超過し、即時0.0ルールが適用されたためrewardは0.0となる。
155.0,Train11,巡航フェーズ（駅間走行中）,力行（加速）中,10.0,惰行,6.0,70.0,70.0,68.2,70.0,771.2,11.0,241.9079082379117,0.0,0.0,この先制限速度なし,181m先に上り勾配6.1‰あり,前方744.5m先を15.8km/h,後続列車なし,60.0,56.0,未発車,0.0,48.5,0.0,anti_mid_stop,0.2,先行列車が塞いでいる駅間停車防止モードで、target_speed_no_stop 48.5km/h を大幅に上回り加速しているため過剰加速と間隔不足と評価し、reward 0.2とした。
194.0,Train11,巡航フェーズ（駅間走行中）,力行（加速）中,1.0,惰行,6.0,70.0,70.0,67.87,70.0,1183.8,0.0,239.63124418971864,87.0,0.0,この先制限速度なし,193m先に上り勾配12.5‰あり,前方520.6m先を62.7km/h,後続列車なし,90.0,107.0,未発車,-90.0,45.4,0.0,anti_mid_stop,0.1,先行列車が塞いでいる駅間停車防止モードで、target_speed_no_stop 45.4km/h を大幅に上回る加速と短時間のノコギリ運転により機外停車リスクが高く、評価を低くした。
126.0,Train11,駅出発直後の加速フェーズ（20秒以内）,力行（加速）中,7.0,ブレーキ（減速）,30.0,70.0,70.0,16.68,70.0,2163.3,0.0,15.321652244867195,75.0,-2.1,この先制限速度なし,373m先に下り勾配6.7‰あり,前方571.9m先を62.8km/h,後続列車なし,75.0,160.0,未発車,-75.0,55.1,0.0,anti_mid_stop,0.9,先行列車が塞ぎ駅間停車防止モードで、target_speed_no_stop以下の加速は適切であり、制限速度・CBTC遵守、ノコギリ運転なし。
154.0,Train11,巡航フェーズ（駅間走行中）,力行（加速）中,4.0,惰行,6.0,70.0,70.0,65.97,70.0,795.7,0.0,194.53417866760765,21.0,12.5,この先制限速度なし,5m先で上り勾配12.5‰が終わり平坦になる,前方464.3m先を54.2km/h,後続列車なし,90.0,87.0,未発車,-30.0,58.3,0.0,anti_mid_stop,0.4,先行列車が塞いでいる駅間停車防止モードで、target_speed_no_stop 58.3km/h を超える66km/h の力行とノコギリ運転（保持4秒）により危険度が上がり0.4とした。
219.0,Train11,次駅への減速フェーズ（駅手前400m以内）,ブレーキ（減速）中,6.0,力行（加速）,8.0,70.0,40.4,53.31,70.0,126.3,0.0,132.9994329482668,42.0,9.2,この先制限速度なし,この先目立った勾配なし,前方126.7m先を0.0km/h,後続列車なし,75.0,37.0,未発車,-45.0,19.7,0.0,anti_mid_stop,0.0,CBTC信号速度40.4km/hを超え53.3km/hで走行し、即0.0の安全違反となったため。
230.9,Train11,次駅への減速フェーズ（駅手前400m以内）,ブレーキ（減速）中,0.2,惰行,0.1,70.0,0.0,28.57,70.0,27.5,0.0,38.654504130133034,53.0,9.2,この先制限速度なし,この先目立った勾配なし,前方27.9m先を0.0km/h,後続列車なし,60.0,15.0,未発車,-30.0,9.1,4.0,anti_mid_stop,0.0,CBTC信号が0km/hなのに28.6km/hで走行し、signal_speed超過により即0.0とした。
193.0,Train11,巡航フェーズ（駅間走行中）,惰行中,4.0,力行（加速）,1.0,70.0,70.0,63.5,70.0,759.2,0.0,210.43221986961916,34.0,0.0,この先制限速度なし,169m先に上り勾配6.1‰あり,前方692.8m先を24.9km/h,後続列車なし,75.0,63.0,未発車,-45.0,43.4,0.0,anti_mid_stop,0.0,先行列車が塞ぎ機外停車防止モードで、target_speed_no_stopを大幅に上回る速度で惰行し、かつノコギリ運転と判定されたためrewardは0.0となる。
85.0,Train11,巡航フェーズ（駅間走行中）,力行（加速）中,19.0,惰行,6.0,70.0,70.0,38.39,70.0,2054.0,0.0,80.3831933610473,0.0,-2.1,この先制限速度なし,264m先に下り勾配6.7‰あり,前方1059.1m先を62.9km/h,後続列車なし,60.0,126.0,未発車,0.0,65.2,0.0,normal,0.9,巡航フェーズでrequired_speed未達だが加速中であり、制限速度・CBTC遵守、先行列車との間隔も安全で、ノコギリ運転なしと判断し高評価。
141.0,Train11,巡航フェーズ（駅間走行中）,ブレーキ（減速）中,5.0,力行（加速）,2.0,70.0,70.0,48.41,70.0,1607.0,0.0,123.5143458613413,25.0,0.0,この先制限速度なし,この先目立った勾配なし,前方1064.3m先を61.4km/h,後続列車なし,60.0,100.0,未発車,-30.0,65.3,0.0,anti_mid_stop,0.2,先行列車が塞いでいるため駅間停車防止モード。現在ブレーキで速度がtarget_speed_no_stopを大きく下回り、不要な減速とノコギリ運転が判定され低評価となる。
151.0,Train11,巡航フェーズ（駅間走行中）,力行（加速）中,10.0,惰行,6.0,70.0,70.0,44.17,70.0,1933.3,0.0,106.06854425793443,75.0,-2.1,この先制限速度なし,143m先に下り勾配6.7‰あり,前方780.4m先を63.3km/h,後続列車なし,75.0,135.0,未発車,-75.0,56.9,0.0,anti_mid_stop,0.8,先行列車が塞いでいるため駅間停車防止モード。target_speed_no_stop以下で加速中で安全だが、75秒の遅延により定時性が低い。
177.0,Train11,巡航フェーズ（駅間走行中）,惰行中,4.0,力行（加速）,25.0,70.0,70.0,68.37,70.0,1116.7,0.0,243.08463992641774,34.0,0.0,この先制限速度なし,126m先に上り勾配12.5‰あり,前方894.6m先を44.2km/h,後続列車なし,75.0,79.0,未発車,-45.0,54.2,0.0,anti_mid_stop,0.3,先行列車が塞いで駅間停車防止モード。現在速度が target_speed_no_stop を大幅に上回り、間隔が縮小しているため減点し0.3とする。
234.4,Train11,次駅への減速フェーズ（駅手前400m以内）,ブレーキ（減速）中,0.8,力行（加速）,0.1,70.0,42.7,20.38,0.0,-0.4,0.0,22.1907645434637,54.5,0.0,この先制限速度なし,この先目立った勾配なし,前方135.8m先を36.2km/h,後続列車なし,75.0,0.0,発車済み,-15.0,0.0,0.0,normal,0.0,delta_stopが-22.59mで高速度域においてブレーキ中にも関わらずオーバーランが確実と判定され、即時0.0ルールが適用されたため。
228.0,Train11,次駅への減速フェーズ（駅手前400m以内）,ブレーキ（減速）中,0.9,惰行,0.1,70.0,0.0,30.87,70.0,32.8,0.0,45.08724014954635,50.1,9.2,この先制限速度なし,この先目立った勾配なし,前方33.1m先を0.0km/h,後続列車なし,90.0,43.9,未発車,-60.0,10.0,0.0,anti_mid_stop,0.0,CBTC信号が0km/hなのに30.9km/hで走行しており即時0.0ルールが適用されるため評価は0.0となる。
229.7,Train11,次駅への減速フェーズ（駅手前400m以内）,ブレーキ（減速）中,0.6,惰行,0.1,70.0,0.0,26.11,70.0,19.3,0.0,32.3148429177186,51.8,9.2,この先制限速度なし,この先目立った勾配なし,前方19.7m先を0.0km/h,後続列車なし,90.0,42.2,未発車,-60.0,7.6,0.0,anti_mid_stop,0.0,CBTC信号0km/hに対し現在速度26.1km/hで超過しているため即時0.0ルールが適用され、rewardは0.0となる。
230.4,Train11,次駅への減速フェーズ（駅手前400m以内）,ブレーキ（減速）中,4.1,惰行,0.1,70.0,0.0,23.4,70.0,5.3,0.0,25.980542154844596,52.5,9.2,この先制限速度なし,この先目立った勾配なし,前方5.7m先を0.0km/h,後続列車なし,90.0,41.5,未発車,-60.0,4.0,0.0,anti_mid_stop,0.0,現在速度23.4km/hがCBTC信号0km/hを2km/h以上上回っており、即時0.0ルールに該当するため、全体評価は0.0とした。
235.0,Train11,次駅への減速フェーズ（駅手前400m以内）,ブレーキ（減速）中,0.8,惰行,0.1,70.0,0.0,9.22,70.0,7.5,0.0,4.05077887860628,55.1,9.2,この先制限速度なし,この先目立った勾配なし,前方30.0m先を18.3km/h,後続列車なし,60.0,0.0,発車済み,0.0,70.0,0.0,delay_recovery,0.0,CBTC信号が0km/hなのに9.2km/hで走行し信号超過となったため、即reward0.0ルールが適用された。
215.0,Train11,巡航フェーズ（駅間走行中）,惰行中,4.0,ブレーキ（減速）,6.0,70.0,70.0,36.21,70.0,674.7,0.0,69.56854683069966,49.0,0.0,この先制限速度なし,84m先に上り勾配6.1‰あり,前方648.0m先を15.8km/h,後続列車なし,90.0,56.0,未発車,-60.0,42.4,0.0,anti_mid_stop,0.5,先行列車が塞いで駅間停車防止モードで、target_speed_no_stop未満の惰行は適切だが、ブレーキ→惰行への短時間切替がノコギリ運転と判定され、reward上限0.5に抑えられた。
105.0,Train11,駅出発直後の加速フェーズ（20秒以内）,力行（加速）中,16.0,ブレーキ（減速）,30.0,70.0,70.0,33.39,70.0,2099.0,0.0,60.96431784535573,30.0,-2.1,この先制限速度なし,308m先に下り勾配6.7‰あり,前方928.5m先を62.8km/h,後続列車なし,60.0,136.0,未発車,-30.0,62.1,0.0,anti_mid_stop,0.9,先行列車が塞いで駅間停車防止モードとなり、現在の加速はtarget_speed_no_stop未満で適切であり、制限速度・CBTC違反がないため高評価とした。
136.0,Train11,巡航フェーズ（駅間走行中）,力行（加速）中,4.0,惰行,6.0,70.0,70.0,69.22,70.0,1178.8,0.0,249.0080559265869,26.0,0.0,この先制限速度なし,188m先に上り勾配12.5‰あり,前方550.3m先を62.3km/h,後続列車なし,90.0,105.0,未発車,-30.0,45.6,0.0,anti_mid_stop,0.2,駅間停車防止モードでtarget_speed_no_stop 45.6km/h を大幅に上回る力行と、保持時間が7秒未満のノコギリ運転が判定されたため低評価。
132.0,Train11,巡航フェーズ（駅間走行中）,力行（加速）中,1.0,惰行,2.0,70.0,70.0,56.94,70.0,1746.3,0.0,186.61416304650905,27.0,-6.7,この先制限速度なし,106m先で下り勾配6.7‰が終わり平坦になる,前方1048.0m先を63.2km/h,後続列車なし,60.0,109.0,未発車,-30.0,53.1,0.0,anti_mid_stop,0.2,先行列車が塞いでいるため駅間停車防止モードと判定し、速度はtarget_speed_no_stop上限内だが、1秒の力行への短時間切替に合理的根拠がなくノコギリ運転と判断され、reward上限が0.1〜0.3に制限されたため0.2とした。
139.0,Train11,巡航フェーズ（駅間走行中）,惰行中,4.0,ブレーキ（減速）,6.0,70.0,70.0,36.44,70.0,1681.4,0.0,77.43927625606695,60.0,-6.7,この先制限速度なし,41m先で下り勾配6.7‰が終わり平坦になる,前方581.1m先を63.4km/h,後続列車なし,90.0,132.0,未発車,-60.0,38.7,0.0,anti_mid_stop,0.5,先行列車が塞いで駅間停車防止モードとなり、target_speed_no_stop以下での惰行は適切だが、直前のブレーキから惰行への切替が7秒未満でノコギリ運転と判定され、reward上限が0.5になる。
237.0,Train11,巡航フェーズ（駅間走行中）,力行（加速）中,15.0,惰行,36.0,70.0,70.0,49.26,70.0,806.9,0.0,109.50698484009823,79.0,12.5,この先制限速度なし,16m先で上り勾配12.5‰が終わり平坦になる,前方733.4m先を26.2km/h,後続列車なし,90.0,64.0,未発車,-90.0,61.4,0.0,anti_mid_stop,0.9,先行列車が塞いでいるためtarget_speed_no_stop以下で加速しており、上限超過やノコギリ運転はなく安全かつ適切な運転と判断した。
182.0,Train11,巡航フェーズ（駅間走行中）,惰行中,21.0,力行（加速）,20.0,70.0,70.0,53.59,70.0,1036.3,0.0,150.87893392492418,34.0,0.0,この先制限速度なし,46m先に上り勾配12.5‰あり,前方871.6m先を39.5km/h,後続列車なし,75.0,74.0,未発車,-45.0,52.9,0.0,anti_mid_stop,0.9,先行列車が塞いでいる駅間停車防止モードで、現在速度はtarget_speed_no_stop付近の惰行でCBTC・制限速度を遵守し、ノコギリ運転もなく安全かつ適切な運転と判断した。
181.0,Train11,次駅への減速フェーズ（駅手前400m以内）,力行（加速）中,2.0,惰行,6.0,70.0,63.6,66.55,70.0,292.5,0.0,213.40253925099358,19.0,6.1,この先制限速度なし,102m先に上り勾配9.2‰あり,前方245.3m先を21.0km/h,後続列車なし,90.0,60.0,未発車,-30.0,26.2,0.0,anti_mid_stop,0.0,現在速度66.5km/hがCBTC信号速度63.6km/hを2km/h以上上回っており、即時0.0ルールに該当するためrewardは0.0とした。
199.0,Train11,巡航フェーズ（駅間走行中）,力行（加速）中,23.0,ブレーキ（減速）,6.0,70.0,70.0,55.2,70.0,1299.7,0.0,159.91543918462207,66.0,0.0,この先制限速度なし,309m先に上り勾配12.5‰あり,前方968.3m先を54.2km/h,後続列車なし,75.0,87.0,未発車,-75.0,58.7,0.0,anti_mid_stop,0.9,先行列車が塞いでいるため駅間停車防止モードと判定し、現在速度はtarget_speed_no_stop未満で加速中。上限超過やCBTC違反はなく、ノコギリ運転でもないため高評価。
159.0,Train11,巡航フェーズ（駅間走行中）,力行（加速）中,11.0,惰行,6.0,70.0,70.0,45.93,70.0,1883.3,0.0,114.57138390232257,75.0,-2.1,この先制限速度なし,93m先に下り勾配6.7‰あり,前方870.9m先を63.1km/h,後続列車なし,75.0,127.0,未発車,-75.0,58.4,0.0,anti_mid_stop,1.0,先行列車が塞いでいるため駅間停車防止モードと判定し、target_speed_no_stop以下で加速中であり安全・CBTC遵守で適切な運転と評価。
219.0,Train11,巡航フェーズ（駅間走行中）,惰行中,8.0,ブレーキ（減速）,6.0,70.0,70.0,35.65,70.0,634.8,0.0,67.45222365853401,49.0,0.0,この先制限速度なし,44m先に上り勾配6.1‰あり,前方622.8m先を10.7km/h,後続列車なし,90.0,52.0,未発車,-60.0,42.3,0.0,anti_mid_stop,0.9,先行列車が前方で塞いでいるため駅間停車防止モードと判定し、target_speed_no_stop以下の惰行は適切であり、過度な加速や制限超過はなく安全かつエネルギー効率的な運転と評価した。
125.0,Train11,駅出発直後の加速フェーズ（20秒以内）,力行（加速）中,6.0,ブレーキ（減速）,30.0,70.0,70.0,14.26,70.0,2167.6,0.0,11.20760290932472,75.0,-2.1,この先制限速度なし,377m先に下り勾配6.7‰あり,前方558.7m先を63.0km/h,後続列車なし,75.0,161.0,未発車,-75.0,55.0,0.0,anti_mid_stop,1.0,先行列車が塞ぎ機外停車防止モードで、target_speed_no_stop以下の加速は適切であり、速度超過やCBTC違反はなく、ノコギリ運転でもないため高評価。
127.0,Train11,巡航フェーズ（駅間走行中）,惰行中,1.0,力行（加速）,13.0,70.0,70.0,48.63,70.0,1475.0,0.0,124.6231477379558,28.0,0.0,この先制限速度なし,485m先に上り勾配12.5‰あり,前方689.1m先を62.8km/h,後続列車なし,90.0,114.0,未発車,-30.0,53.5,0.0,anti_mid_stop,0.9,先行列車が塞いでいるため駅間停車防止モードと判定し、現在速度がtarget_speed_no_stop以下で惰行は適切であり、違反なしで高評価とする。
237.0,Train11,次駅への減速フェーズ（駅手前400m以内）,力行（加速）中,5.0,惰行,6.0,70.0,70.0,67.64,70.0,369.7,0.0,220.28654197067863,63.0,6.1,この先制限速度なし,179m先に上り勾配9.2‰あり,前方365.0m先を6.9km/h,後続列車なし,75.0,49.0,未発車,-75.0,31.9,0.0,anti_mid_stop,0.2,先行列車が塞ぎ駅間停車防止モードで、target_speed_no_stop 31.9km/h を大幅に超える加速とノコギリ運転により機外停車リスクと遅延が増大したため低評価。
160.0,Train11,巡航フェーズ（駅間走行中）,力行（加速）中,5.0,惰行,6.0,70.0,70.0,69.55,70.0,1232.1,0.0,251.3255595724676,58.0,0.0,この先制限速度なし,242m先に上り勾配12.5‰あり,前方498.7m先を62.9km/h,後続列車なし,90.0,111.0,未発車,-60.0,46.0,0.0,anti_mid_stop,0.1,先行列車が塞いでいる駅間停車防止モードで、target_speed_no_stop46km/hを大幅に超える加速とノコギリ運転により機外停車リスクが高く評価を低下させた。
236.0,Train11,次駅への減速フェーズ（駅手前400m以内）,惰行中,7.0,力行（加速）,17.0,70.0,70.0,46.75,70.0,323.9,0.0,106.58805179636354,59.0,6.1,この先制限速度なし,133m先に上り勾配9.2‰あり,前方324.2m先を0.0km/h,後続列車なし,75.0,20.0,未発車,-45.0,45.5,0.0,anti_mid_stop,0.9,先行列車が停車しているため駅間停車防止モードと判定し、現在速度がtarget_speed_no_stop(45.5km/h)付近で惰行しており、CBTC・制限速度違反なく安全に停車位置も確保できるため高評価とした。
232.5,Train11,次駅への減速フェーズ（駅手前400m以内）,惰行中,13.6,ブレーキ（減速）,6.0,70.0,28.2,20.8,70.0,87.3,0.0,20.546231525430223,54.6,9.2,この先制限速度なし,この先目立った勾配なし,前方87.6m先を0.0km/h,後続列車なし,75.0,15.0,未発車,-15.0,17.0,20.6,anti_mid_stop,0.2,先行列車が塞いで駅間停車防止モード。target_speed_no_stop以下で惰行は許容だが、次駅減速フェーズで低速のままブレーキせず走行しちんたら運転と判断した。
130.0,Train11,駅出発直後の加速フェーズ（20秒以内）,力行（加速）中,11.0,ブレーキ（減速）,30.0,70.0,70.0,25.15,70.0,2139.9,0.0,34.718393179415976,90.0,-2.1,この先制限速度なし,349m先に下り勾配6.7‰あり,前方362.0m先を56.9km/h,後続列車なし,90.0,171.0,未発車,-90.0,51.3,0.0,anti_mid_stop,0.9,先行列車が塞いで駅間停車防止モード。現在はtarget_speed_no_stop未満の加速中で速度超過やノコギリ運転はなく、安全かつ適切な操作と判断した。
132.0,Train11,駅出発直後の加速フェーズ（20秒以内）,力行（加速）中,13.0,ブレーキ（減速）,30.0,70.0,70.0,28.74,70.0,2124.9,0.0,45.26602444419625,75.0,-2.1,この先制限速度なし,334m先に下り勾配6.7‰あり,前方638.8m先を63.0km/h,後続列車なし,75.0,154.0,未発車,-75.0,56.0,0.0,anti_mid_stop,1.0,先行列車が塞いでいるため駅間停車防止モードで、target_speed_no_stop以下の加速は適切であり、速度超過やノコギリ運転はなく安全かつ適切な操作と判断した。
206.5,Train11,次駅への減速フェーズ（駅手前400m以内）,ブレーキ（減速）中,0.8,力行（加速）,0.1,70.0,0.0,3.58,70.0,0.2,0.0,0.6115098798616868,26.6,9.2,この先制限速度なし,この先目立った勾配なし,前方30.9m先を20.9km/h,後続列車なし,60.0,0.0,発車済み,0.0,70.0,0.0,delay_recovery,0.0,CBTC信号0km/hを超えて3.6km/hで走行し即時0.0ルールに該当するためrewardは0.0。
232.0,Train11,次駅への減速フェーズ（駅手前400m以内）,ブレーキ（減速）中,0.2,力行（加速）,0.1,70.0,0.0,26.2,70.0,19.2,0.0,32.53690739307636,54.1,9.2,この先制限速度なし,この先目立った勾配なし,前方19.6m先を0.0km/h,後続列車なし,60.0,15.0,未発車,-30.0,7.6,5.1,anti_mid_stop,0.0,CBTC信号0km/hに対し現在速度26.2km/hが2km/h以上超過しているため即時0.0評価となる。
178.0,Train11,巡航フェーズ（駅間走行中）,力行（加速）中,4.0,惰行,7.0,70.0,70.0,59.79,70.0,577.6,0.0,173.01485863494955,1.0,6.1,この先制限速度なし,387m先に上り勾配9.2‰あり,前方577.9m先を0.0km/h,後続列車なし,60.0,33.0,未発車,0.0,60.0,0.0,anti_mid_stop,0.9,先行列車が停車しているため駅間停車防止モードと判定し、target_speed_no_stop 60km/h 以下での加速は適切であり、制限速度・CBTC も遵守しているため高評価とした。
152.0,Train11,巡航フェーズ（駅間走行中）,力行（加速）中,8.0,惰行,6.0,70.0,70.0,66.26,70.0,1395.3,0.0,228.6677646112828,59.0,0.0,この先制限速度なし,405m先に上り勾配12.5‰あり,前方522.4m先を62.9km/h,後続列車なし,90.0,119.0,未発車,-60.0,49.3,0.0,anti_mid_stop,0.1,先行列車が塞いでいる駅間停車防止モードで、現在速度が target_speed_no_stop の上限 (+5km/h) を大きく超えて力行しており機外停車リスクがあるため減点し0.1とする。
66.0,Train11,駅出発直後の加速フェーズ（20秒以内）,力行（加速）中,7.0,ブレーキ（減速）,30.0,70.0,70.0,16.68,70.0,2163.3,0.0,15.321652244867195,0.0,-2.1,この先制限速度なし,373m先に下り勾配6.7‰あり,前方835.1m先を63.3km/h,後続列車なし,60.0,145.0,未発車,0.0,59.9,0.0,anti_mid_stop,1.0,先行列車が塞いでいるため駅間停車防止モードと判定し、target_speed_no_stop未満での加速は適切。速度・信号超過なし、ノコギリ運転もなく安全運転のため高評価。
145.0,Train11,巡航フェーズ（駅間走行中）,力行（加速）中,9.0,惰行,6.0,70.0,70.0,38.14,70.0,2015.2,0.0,79.3502319593564,60.0,-2.1,この先制限速度なし,225m先に下り勾配6.7‰あり,前方1020.2m先を62.9km/h,後続列車なし,60.0,126.0,未発車,-60.0,63.5,0.0,anti_mid_stop,0.9,先行列車が塞いでいるため駅間停車防止モードと判定し、target_speed_no_stop未満での加速は適切で違反がなく高評価。
153.0,Train11,巡航フェーズ（駅間走行中）,力行（加速）中,2.0,惰行,6.0,70.0,70.0,63.19,70.0,1419.8,0.0,208.42839552098485,21.0,0.0,この先制限速度なし,429m先に上り勾配12.5‰あり,前方1073.2m先を55.5km/h,後続列車なし,60.0,88.0,未発車,-30.0,63.7,0.0,anti_mid_stop,0.5,先行列車が塞いでいるため駅間停車防止モード。target_speed_no_stop以下の加速は適切だが、2秒の力行と6秒の惰行の短時間切替がノコギリ運転と判定され、上限0.5に抑えられる。
223.0,Train11,巡航フェーズ（駅間走行中）,力行（加速）中,11.0,ブレーキ（減速）,6.0,70.0,70.0,44.89,70.0,495.2,0.0,98.37282994836896,46.0,6.1,この先制限速度なし,305m先に上り勾配9.2‰あり,前方495.5m先を0.0km/h,後続列車なし,75.0,33.0,未発車,-45.0,50.0,0.0,anti_mid_stop,0.9,先行列車が停止しているため駅間停車防止モード。target_speed_no_stop以下で加速しており、上限超過やノコギリ運転はなく安全かつ機外停車回避に適切な操作と判断した。
112.0,Train11,巡航フェーズ（駅間走行中）,力行（加速）中,23.0,ブレーキ（減速）,30.0,70.0,70.0,41.58,70.0,2025.6,0.0,94.132870604381,45.0,-2.1,この先制限速度なし,235m先に下り勾配6.7‰あり,前方714.9m先を63.1km/h,後続列車なし,75.0,144.0,未発車,-45.0,56.4,0.0,anti_mid_stop,0.9,先行列車が塞いでいるため駅間停車防止モードと判定し、target_speed_no_stop以下での加速は適切であり、制限速度・CBTC違反もなくノコギリ運転も発生していない。
109.0,Train11,駅出発直後の加速フェーズ（20秒以内）,力行（加速）中,20.0,ブレーキ（減速）,30.0,70.0,70.0,38.43,70.0,2059.0,0.0,80.54907042724551,30.0,-2.1,この先制限速度なし,268m先に下り勾配6.7‰あり,前方958.7m先を63.4km/h,後続列車なし,60.0,132.0,未発車,-30.0,62.5,0.0,anti_mid_stop,0.9,先行列車が塞いでいるため駅間停車防止モード。target_speed_no_stop 以下で加速しており、制限速度・CBTC 超過や過剰加速はなく適切な操作と判断した。
100.0,Train11,駅出発直後の加速フェーズ（20秒以内）,力行（加速）中,11.0,ブレーキ（減速）,30.0,70.0,70.0,25.15,70.0,2139.9,0.0,34.718393179415976,45.0,-2.1,この先制限速度なし,349m先に下り勾配6.7‰あり,前方618.7m先を63.5km/h,後続列車なし,75.0,156.0,未発車,-45.0,55.7,0.0,anti_mid_stop,0.9,先行列車が塞いでいるため駅間停車防止モード。現在はtarget_speed_no_stop以下で加速中で、制限速度・CBTCを遵守し過剰加速もなく適切な操作と判断した。
64.0,Train11,駅出発直後の加速フェーズ（20秒以内）,力行（加速）中,5.0,ブレーキ（減速）,30.0,70.0,68.7,11.71,70.0,2171.2,0.0,7.563861644656824,30.0,-2.1,この先制限速度なし,381m先に下り勾配6.7‰あり,前方302.5m先を52.2km/h,後続列車なし,90.0,177.0,未発車,-30.0,50.3,0.0,anti_mid_stop,0.9,先行列車が塞いで駅間停車防止モード。target_speed_no_stop以下で加速しており、制限速度・CBTC遵守、ノコギリ運転なしで安全に運転しているため高評価。
70.0,Train11,駅出発直後の加速フェーズ（20秒以内）,力行（加速）中,11.0,ブレーキ（減速）,30.0,70.0,70.0,25.15,70.0,2139.9,0.0,34.718393179415976,15.0,-2.1,この先制限速度なし,349m先に下り勾配6.7‰あり,前方618.7m先を63.5km/h,後続列車なし,75.0,156.0,未発車,-15.0,55.7,0.0,anti_mid_stop,0.9,先行列車が塞ぎ機外停車防止モードで、target_speed_no_stop以下の加速は適切であり、速度超過やノコギリ運転はなく高評価。
137.0,Train11,巡航フェーズ（駅間走行中）,力行（加速）中,18.0,惰行,6.0,70.0,70.0,53.51,70.0,1411.2,0.0,150.43644992445735,26.0,0.0,この先制限速度なし,421m先に上り勾配12.5‰あり,前方800.0m先を62.1km/h,後続列車なし,90.0,104.0,未発車,-30.0,55.2,0.0,anti_mid_stop,0.9,先行列車が塞いでいる駅間停車防止モードで、現在速度はtarget_speed_no_stop未満で加速は適切。制限速度・CBTC遵守、間隔も問題なし。
237.0,Train11,次駅への減速フェーズ（駅手前400m以内）,惰行中,18.1,ブレーキ（減速）,6.0,70.0,16.5,18.85,70.0,62.5,0.0,16.885188571710152,59.1,9.2,この先制限速度なし,この先目立った勾配なし,前方62.8m先を0.0km/h,後続列車なし,75.0,15.0,未発車,-15.0,13.8,25.1,anti_mid_stop,0.0,CBTC信号速度16.5km/hを2km/h超えて現在速度18.9km/hで走行しているため即時0点ルールが適用され、rewardは0.0となる。
154.0,Train11,巡航フェーズ（駅間走行中）,惰行中,10.0,力行（加速）,25.0,70.0,70.0,58.03,70.0,1090.6,0.0,176.40378132781754,4.0,0.0,この先制限速度なし,100m先に上り勾配12.5‰あり,前方947.1m先を36.8km/h,後続列車なし,75.0,72.0,未発車,-15.0,57.3,0.0,anti_mid_stop,0.8,先行列車が塞いでいるため駅間停車防止モードと判定し、target_speed_no_stopをわずか上回る58km/hで惰行維持は適切だが、先行との間隔が不足気味で間隔評価に減点。
156.0,Train11,巡航フェーズ（駅間走行中）,惰行中,12.0,力行（加速）,25.0,70.0,70.0,57.62,70.0,1058.5,0.0,173.96750937718312,4.0,0.0,この先制限速度なし,68m先に上り勾配12.5‰あり,前方934.7m先を34.1km/h,後続列車なし,75.0,70.0,未発車,-15.0,56.1,0.0,anti_mid_stop,0.9,先行列車が塞いでいるため駅間停車防止モードと判定し、速度がtarget_speed_no_stop付近で惰行しているので安全かつ適切と評価した。
125.0,Train11,巡航フェーズ（駅間走行中）,力行（加速）中,6.0,惰行,6.0,70.0,70.0,44.16,70.0,1574.5,0.0,103.03288187128868,29.0,0.0,この先制限速度なし,この先目立った勾配なし,前方753.8m先を62.5km/h,後続列車なし,90.0,116.0,未発車,-30.0,56.4,0.0,anti_mid_stop,0.4,先行列車が塞いで駅間停車防止モードだが、6秒未満の力行への切替がノコギリ運転と判定され、評価上限が0.3〜0.5に制限されたため。
153.0,Train11,巡航フェーズ（駅間走行中）,惰行中,9.0,力行（加速）,25.0,70.0,70.0,58.23,70.0,1106.7,0.0,177.59802715307322,4.0,0.0,この先制限速度なし,116m先に上り勾配12.5‰あり,前方952.8m先を38.1km/h,後続列車なし,75.0,73.0,未発車,-15.0,56.5,0.0,anti_mid_stop,0.9,先行列車が塞いでいるため駅間停車防止モードと判定し、速度はtarget_speed_no_stop(56.5km/h)を僅か上回るだけで惰行を維持しており安全・適切な運転と評価した。
178.0,Train11,巡航フェーズ（駅間走行中）,ブレーキ（減速）中,6.0,惰行,2.0,70.0,70.0,42.83,70.0,1173.6,0.0,96.99210136789215,53.0,0.0,この先制限速度なし,183m先に上り勾配12.5‰あり,前方747.4m先を58.4km/h,後続列車なし,90.0,93.0,未発車,-60.0,49.5,0.0,anti_mid_stop,0.1,先行列車が塞いで駅間停車防止モードだが、target_speed_no_stop以下でブレーキを続け不要な減速と2秒保持のノコギリ運転により評価が大幅に低下した。
217.0,Train11,次駅への減速フェーズ（駅手前400m以内）,力行（加速）中,5.0,惰行,15.0,70.0,56.2,48.19,70.0,193.7,0.0,113.16661456428531,38.0,6.1,この先制限速度なし,3m先に上り勾配9.2‰あり,前方203.2m先を12.5km/h,後続列車なし,75.0,0.0,発車済み,-15.0,70.0,0.0,delay_recovery,0.1,遅延回復モードで速度が制限付近に達せず、減速フェーズで加速しているため停止位置と遅延回復が著しく不適切。
197.0,Train11,次駅への減速フェーズ（駅手前400m以内）,惰行中,28.0,力行（加速）,21.0,70.0,69.9,46.75,70.0,284.4,0.0,106.58805179636354,20.0,6.1,この先制限速度なし,94m先に上り勾配9.2‰あり,前方284.8m先を0.0km/h,後続列車なし,60.0,0.0,発車済み,0.0,70.0,0.0,delay_recovery,0.2,遅延回復モードで速度制限付近まで加速すべきところを惰行に留まり、遅延拡大と定時性低下を招くため低評価とした。
237.3,Train11,次駅への減速フェーズ（駅手前400m以内）,惰行中,18.4,ブレーキ（減速）,6.0,70.0,15.4,18.72,70.0,60.9,0.0,16.653785960390785,59.4,9.2,この先制限速度なし,この先目立った勾配なし,前方61.3m先を0.0km/h,後続列車なし,75.0,15.0,未発車,-15.0,13.6,25.4,anti_mid_stop,0.0,CBTC信号速度15.4km/hを2km/h超える18.7km/hで走行しており即時0.0ルールに該当するため評価は0.0。
200.1,Train11,次駅への減速フェーズ（駅手前400m以内）,ブレーキ（減速）中,0.2,惰行,0.1,70.0,0.0,27.13,70.0,20.3,0.0,34.87552421060835,22.2,9.2,この先制限速度なし,この先目立った勾配なし,前方20.7m先を0.0km/h,後続列車なし,90.0,41.8,未発車,-30.0,7.8,0.0,anti_mid_stop,0.0,CBTC信号が0km/hなのに27.1km/hで走行し、signal_speed＋2km/hを超過しているため即時0点とする。
202.2,Train11,次駅への減速フェーズ（駅手前400m以内）,ブレーキ（減速）中,2.3,惰行,0.1,70.0,0.0,20.95,70.0,6.3,0.0,20.84259074462794,24.3,9.2,この先制限速度なし,この先目立った勾配なし,前方6.7m先を0.0km/h,後続列車なし,90.0,39.7,未発車,-30.0,4.4,0.0,anti_mid_stop,0.0,CBTC信号速度0km/hを2km/h以上超過しているため即時0.0とし、安全違反が最優先で評価される。
164.0,Train11,巡航フェーズ（駅間走行中）,力行（加速）中,11.0,惰行,6.0,70.0,70.0,55.4,70.0,1732.1,0.0,176.8519674430287,90.0,-6.7,この先制限速度なし,92m先で下り勾配6.7‰が終わり平坦になる,前方544.2m先を63.0km/h,後続列車なし,90.0,137.0,未発車,-90.0,37.9,0.0,anti_mid_stop,0.1,先行列車が塞いでいるため駅間停車防止モードと判定し、target_speed_no_stop 37.9km/h を超える55.4km/h の力行は過剰加速とみなされ減点した。
122.0,Train11,駅出発直後の加速フェーズ（20秒以内）,力行（加速）中,3.0,ブレーキ（減速）,30.0,70.0,65.4,6.17,70.0,2176.2,0.0,2.1032483734342726,89.0,-2.1,この先制限速度なし,386m先に下り勾配6.7‰あり,前方278.9m先を50.6km/h,後続列車なし,90.0,179.0,未発車,-90.0,50.2,0.0,anti_mid_stop,0.9,先行列車が塞いでいる駅間停車防止モードで、target_speed_no_stop以下の加速は適切で速度超過やCBTC違反がなく高評価とした。
168.0,Train11,巡航フェーズ（駅間走行中）,惰行中,4.0,力行（加速）,28.0,70.0,70.0,56.43,70.0,1703.4,0.0,183.35379218786437,56.0,-6.7,この先制限速度なし,63m先で下り勾配6.7‰が終わり平坦になる,前方1109.4m先を61.9km/h,後続列車なし,60.0,103.0,未発車,-60.0,55.8,0.0,anti_mid_stop,0.9,駅間停車防止モードでtarget_speed_no_stop以下に惰行し、速度・CBTC信号遵守、ノコギリ運転なしの安全運転のため高評価。
178.0,Train11,巡航フェーズ（駅間走行中）,力行（加速）中,10.0,惰行,9.0,70.0,70.0,62.45,70.0,1485.7,0.0,203.6814716767706,53.0,0.0,この先制限速度なし,495m先に上り勾配12.5‰あり,前方1059.5m先を58.4km/h,後続列車なし,60.0,93.0,未発車,-60.0,63.5,0.0,anti_mid_stop,1.0,先行列車が塞いでいる駅間停車防止モードで、現在速度はtarget_speed_no_stop未満で加速は適切と判断し高評価。
222.0,Train11,巡航フェーズ（駅間走行中）,惰行中,36.0,力行（加速）,13.0,70.0,70.0,44.18,70.0,1000.9,0.0,103.12506747893549,79.0,0.0,この先制限速度なし,10m先に上り勾配12.5‰あり,前方778.7m先を44.2km/h,後続列車なし,90.0,79.0,未発車,-90.0,48.2,0.0,anti_mid_stop,0.9,先行列車が塞いでいるため駅間停車防止モード。現在速度はtarget_speed_no_stop(48.2km/h)付近で惰行しており、過度な低速や過加速はなく適切な運転と判断した。
164.0,Train11,巡航フェーズ（駅間走行中）,力行（加速）中,12.0,惰行,6.0,70.0,70.0,53.48,70.0,1340.1,0.0,150.27067822066414,38.0,0.0,この先制限速度なし,350m先に上り勾配12.5‰あり,前方930.1m先を58.0km/h,後続列車なし,75.0,92.0,未発車,-45.0,57.4,0.0,anti_mid_stop,0.9,先行列車が塞いで駅間停車防止モードとなり、加速はtarget_speed_no_stop未満で適切、制限速度・CBTC遵守、ノコギリ運転なしのため高評価。
207.0,Train11,巡航フェーズ（駅間走行中）,惰行中,3.0,力行（加速）,7.0,70.0,70.0,67.8,70.0,956.6,0.0,205.23925911978876,83.0,12.5,この先制限速度なし,166m先で上り勾配12.5‰が終わり平坦になる,前方514.2m先を58.9km/h,後続列車なし,90.0,94.0,未発車,-90.0,64.5,0.0,anti_mid_stop,0.9,先行列車が塞いでいるため駅間停車防止モードと判定し、現在速度はtarget_speed_no_stop上限以内で惰行しており安全・CBTC遵守のため高評価とした。
136.0,Train11,駅出発直後の加速フェーズ（20秒以内）,惰行中,6.0,力行（加速）,11.0,70.0,70.0,26.66,70.0,2095.4,0.0,38.98715680838039,60.0,-2.1,この先制限速度なし,305m先に下り勾配6.7‰あり,前方942.5m先を63.3km/h,後続列車なし,60.0,135.0,未発車,-60.0,62.3,0.0,anti_mid_stop,0.2,駅間停車防止モードでtarget_speed_no_stop 62.3km/hに対し、現在速度26.7km/hのまま惰行を続け過度に低速で走行しているため減点し、rewardを0.2とした。
123.0,Train11,駅出発直後の加速フェーズ（20秒以内）,力行（加速）中,4.0,ブレーキ（減速）,30.0,70.0,70.0,9.01,70.0,2174.1,0.0,4.4815694528904775,60.0,-2.1,この先制限速度なし,384m先に下り勾配6.7‰あり,前方793.2m先を63.2km/h,後続列車なし,60.0,148.0,未発車,-60.0,59.3,0.0,anti_mid_stop,1.0,駅間停車防止モードでtarget_speed_no_stop以下の加速は適切で、速度超過やノコギリ運転はなく安全かつ遅延回復に寄与するため高評価。
140.0,Train11,巡航フェーズ（駅間走行中）,力行（加速）中,21.0,惰行,6.0,70.0,70.0,56.8,70.0,1319.0,0.0,169.14316409105018,6.0,0.0,この先制限速度なし,329m先に上り勾配12.5‰あり,前方1002.6m先を52.9km/h,後続列車なし,75.0,86.0,未発車,-15.0,59.8,0.0,anti_mid_stop,0.9,先行列車が塞いでいる駅間停車防止モードで、速度がtarget_speed_no_stop未満のまま加速しており、過加速やノコギリ運転はなく安全かつ適切と判断した。
161.0,Train11,巡航フェーズ（駅間走行中）,力行（加速）中,31.0,惰行,2.0,70.0,70.0,56.08,70.0,1781.2,0.0,181.1319904851671,57.0,-6.7,この先制限速度なし,141m先で下り勾配6.7‰が終わり平坦になる,前方1065.4m先を63.4km/h,後続列車なし,60.0,110.0,未発車,-60.0,54.3,0.0,anti_mid_stop,0.9,先行列車が塞いで駅間停車防止モードと判定され、現在速度はtarget_speed_no_stop上限内で加速しており、制限速度・CBTC違反なし、ノコギリ運転もなく評価は高い。
179.0,Train11,巡航フェーズ（駅間走行中）,力行（加速）中,3.0,ブレーキ（減速）,6.0,70.0,70.0,38.96,70.0,1564.2,0.0,80.42338597131767,72.0,0.0,この先制限速度なし,この先目立った勾配なし,前方901.0m先を62.7km/h,後続列車なし,75.0,107.0,未発車,-75.0,60.0,0.0,anti_mid_stop,0.4,先行列車が塞いでいる駅間停車防止モードだが、ブレーキから3秒の加速への短時間切替が合理的理由なくノコギリ運転と判定され、上限0.5の減点要因となった。
235.4,Train11,次駅への減速フェーズ（駅手前400m以内）,ブレーキ（減速）中,1.4,力行（加速）,0.1,70.0,0.0,16.93,0.0,-1.1,0.0,15.332605546747631,57.5,0.0,この先制限速度なし,この先目立った勾配なし,前方0.0m先を0.0km/h,後続列車なし,60.0,15.0,未発車,-30.0,0.0,8.5,normal,0.0,CBTC信号が0km/hであるのに現在速度が16.9km/hと2km/h以上超過しているため、即時0.0とした。
127.0,Train11,巡航フェーズ（駅間走行中）,力行（加速）中,38.0,ブレーキ（減速）,30.0,70.0,70.0,54.52,70.0,1824.3,0.0,160.5659383857808,28.0,-2.1,この先制限速度なし,34m先に下り勾配6.7‰あり,前方1038.4m先を62.8km/h,後続列車なし,60.0,114.0,未発車,-30.0,62.6,0.0,anti_mid_stop,0.9,先行列車が塞いで駅間停車防止モード。現在速度がtarget_speed_no_stop未満で加速中であり、CBTC・制限速度遵守、間隔も適切なため高評価。
167.0,Train11,巡航フェーズ（駅間走行中）,惰行中,2.0,力行（加速）,17.0,70.0,70.0,51.98,70.0,1773.7,0.0,156.06309517020142,74.0,-6.7,この先制限速度なし,133m先で下り勾配6.7‰が終わり平坦になる,前方900.7m先を62.9km/h,後続列車なし,75.0,119.0,未発車,-75.0,48.7,0.0,anti_mid_stop,0.8,先行列車が塞いでいるため駅間停車防止モードと判定し、現在速度はtarget_speed_no_stop上限以内で惰行しており安全・適切と判断した。
110.0,Train11,巡航フェーズ（駅間走行中）,惰行中,5.0,ブレーキ（減速）,6.0,70.0,70.0,36.53,70.0,1671.3,0.0,77.81839744295868,30.0,-6.7,この先制限速度なし,31m先で下り勾配6.7‰が終わり平坦になる,前方588.6m先を63.2km/h,後続列車なし,90.0,131.0,未発車,-30.0,38.4,0.0,anti_mid_stop,0.4,先行列車が塞いで駅間停車防止モードとなり、target_speed_no_stop以下の惰行は適切だが、ブレーキから惰行への短時間切替が合理的理由なくノコギリ運転と判定され、reward上限0.5に抑えられる。
197.2,Train11,次駅への減速フェーズ（駅手前400m以内）,ブレーキ（減速）中,0.4,惰行,0.1,70.0,0.0,31.98,70.0,40.2,0.0,48.3658402793358,19.3,9.2,この先制限速度なし,この先目立った勾配なし,前方40.6m先を0.0km/h,後続列車なし,60.0,15.0,未発車,0.0,11.0,0.3,anti_mid_stop,0.0,CBTC信号0km/hを大幅に超過し、delta_stopが-8.17mでオーバーランが確実なため即時0点とする。
207.2,Train11,次駅への減速フェーズ（駅手前400m以内）,ブレーキ（減速）中,1.5,惰行,0.2,70.0,0.0,15.5,0.0,-2.7,0.0,12.858077141115468,29.3,0.0,この先制限速度なし,この先目立った勾配なし,前方0.0m先を0.0km/h,後続列車なし,75.0,19.7,未発車,-15.0,0.0,0.0,normal,0.0,CBTC信号が0km/hであるにも関わらず現在速度が15.5km/hと2km/h以上超過しており、即時0点ルールに該当するためrewardは0.0となった。
95.0,Train11,駅出発直後の加速フェーズ（20秒以内）,力行（加速）中,6.0,ブレーキ（減速）,30.0,70.0,70.0,14.26,70.0,2167.6,0.0,11.20760290932472,45.0,-2.1,この先制限速度なし,377m先に下り勾配6.7‰あり,前方558.7m先を63.0km/h,後続列車なし,75.0,161.0,未発車,-45.0,55.0,0.0,anti_mid_stop,0.9,先行列車が塞いで駅間停車防止モード。target_speed_no_stop以下での加速は適切で、制限速度・CBTC違反なし、ノコギリ運転でもないため高評価。
95.0,Train11,巡航フェーズ（駅間走行中）,力行（加速）中,36.0,ブレーキ（減速）,30.0,70.0,70.0,52.98,70.0,1854.2,1.0,151.77626602905448,0.0,-2.1,この先制限速度なし,64m先に下り勾配6.7‰あり,前方1033.5m先を62.5km/h,後続列車なし,60.0,116.0,未発車,0.0,62.7,0.0,anti_mid_stop,0.9,先行列車が塞いで駅間停車防止モード。target_speed_no_stop以下での加速は適切で、速度は制限・CBTC内、ノコギリ運転なし。
149.0,Train11,巡航フェーズ（駅間走行中）,力行（加速）中,8.0,惰行,6.0,70.0,70.0,42.26,70.0,1957.3,0.0,97.1998089014601,75.0,-2.1,この先制限速度なし,167m先に下り勾配6.7‰あり,前方769.5m先を63.0km/h,後続列車なし,75.0,137.0,未発車,-75.0,56.4,0.0,anti_mid_stop,0.9,先行列車が塞いで駅間停車防止モード。target_speed_no_stop以下で加速中であり、速度上限超過やCBTC違反はなく、適切な運転と判断した。
145.0,Train11,巡航フェーズ（駅間走行中）,ブレーキ（減速）中,3.0,惰行,9.0,70.0,70.0,57.83,70.0,1027.4,11.0,175.21335128206573,0.0,0.0,この先制限速度なし,37m先に上り勾配12.5‰あり,前方938.5m先を28.9km/h,後続列車なし,60.0,66.0,未発車,0.0,57.3,0.0,anti_mid_stop,0.9,先行列車が塞いでいる駅間停車防止モードで、速度がtarget_speed_no_stopを僅かに上回っているためブレーキは適切で、他の安全項目に違反なし。
197.8,Train11,次駅への減速フェーズ（駅手前400m以内）,ブレーキ（減速）中,13.9,力行（加速）,9.0,70.0,0.0,27.56,70.0,37.8,0.0,35.98389243938175,19.9,9.2,この先制限速度なし,この先目立った勾配なし,前方38.5m先を2.2km/h,後続列車なし,60.0,15.0,未発車,0.0,10.7,0.9,anti_mid_stop,0.0,CBTC信号0km/hに対し27.6km/hで走行し、signal_speed超過により即0.0と判定。
123.0,Train11,巡航フェーズ（駅間走行中）,力行（加速）中,5.0,惰行,4.0,70.0,70.0,42.06,70.0,1917.9,0.0,96.29282454402302,45.0,-2.1,この先制限速度なし,127m先に下り勾配6.7‰あり,前方800.1m先を62.9km/h,後続列車なし,75.0,133.0,未発車,-45.0,57.0,0.0,anti_mid_stop,0.2,先行列車が塞いで駅間停車防止モードとなり、target_speed_no_stop未満の加速は適切だが、7秒未満の力行切替がノコギリ運転と判定され評価上限が低くなる。
169.0,Train11,巡航フェーズ（駅間走行中）,力行（加速）中,8.0,惰行,4.0,70.0,70.0,60.49,70.0,1642.7,0.0,210.05687475307258,55.0,-6.7,この先制限速度なし,2m先で下り勾配6.7‰が終わり平坦になる,前方1065.8m先を61.5km/h,後続列車なし,60.0,102.0,未発車,-60.0,54.2,0.0,anti_mid_stop,0.2,駅間停車防止モードで target_speed_no_stop(54.2km/h) を5km/h超える 60.5km/h の加速は機外停車リスクがあるため減点し、rewardを0.2とした。
230.2,Train11,次駅への減速フェーズ（駅手前400m以内）,惰行中,0.1,ブレーキ（減速）,2.2,70.0,0.0,22.85,70.0,3.6,0.0,24.778383934430522,52.3,9.2,この先制限速度なし,この先目立った勾配なし,前方4.0m先を0.0km/h,後続列車なし,60.0,15.0,未発車,-30.0,3.3,3.3,anti_mid_stop,0.0,CBTC信号0km/hを2km/h以上超過し即時0.0とし、上限速度超過・停車位置オーバーラン等複数安全違反があるため。
135.0,Train11,巡航フェーズ（駅間走行中）,惰行中,5.0,力行（加速）,12.0,70.0,70.0,59.9,70.0,1350.6,0.0,187.71857513019393,7.0,0.0,この先制限速度なし,360m先に上り勾配12.5‰あり,前方956.7m先を57.6km/h,後続列車なし,75.0,91.0,未発車,-15.0,58.8,0.0,anti_mid_stop,0.9,先行列車が塞いでいるため駅間停車防止モードと判定し、target_speed_no_stop 58.8km/h を超えない惰行で適切に走行しているため高評価とした。
200.5,Train11,次駅への減速フェーズ（駅手前400m以内）,ブレーキ（減速）中,0.3,力行（加速）,0.1,70.0,4.3,36.24,70.0,50.5,0.0,61.995562529229964,22.6,9.2,この先制限速度なし,この先目立った勾配なし,前方50.9m先を0.0km/h,後続列車なし,60.0,15.0,未発車,0.0,12.4,3.6,anti_mid_stop,0.0,CBTC信号速度4.3km/hを大幅に超える36.2km/hで走行し、即時0.0ルールに該当するため評価は0.0とした。
233.1,Train11,次駅への減速フェーズ（駅手前400m以内）,ブレーキ（減速）中,0.9,惰行,0.1,70.0,41.5,23.74,70.0,7.6,0.0,26.73778785204369,53.2,9.2,この先制限速度なし,この先目立った勾配なし,前方130.9m先を35.1km/h,後続列車なし,75.0,0.0,発車済み,-15.0,70.0,0.0,delay_recovery,0.0,δ_stopが-19.14mでオーバーランがほぼ確実なため即0.0ルールが適用され、rewardは0.0となる。
134.0,Train11,駅出発直後の加速フェーズ（20秒以内）,力行（加速）中,15.0,ブレーキ（減速）,30.0,70.0,70.0,31.96,70.0,2108.0,0.0,55.89315744601786,60.0,-2.1,この先制限速度なし,318m先に下り勾配6.7‰あり,前方920.2m先を63.0km/h,後続列車なし,60.0,137.0,未発車,-60.0,61.7,0.0,anti_mid_stop,0.9,先行列車が塞いでいるため駅間停車防止モードで、target_speed_no_stop 未満の加速は適切であり安全・速度制限・CBTC すべて遵守している。
177.0,Train11,巡航フェーズ（駅間走行中）,力行（加速）中,10.0,惰行,6.0,70.0,70.0,50.16,70.0,821.5,0.0,113.49186929311908,19.0,12.5,この先制限速度なし,31m先で上り勾配12.5‰が終わり平坦になる,前方748.0m先を26.2km/h,後続列車なし,90.0,64.0,未発車,-30.0,62.1,0.0,anti_mid_stop,0.9,先行列車が塞いでいるため駅間停車防止モードで、target_speed_no_stop以下に加速中であり安全・適切な運転と判断した。
105.0,Train11,巡航フェーズ（駅間走行中）,ブレーキ（減速）中,1.0,力行（加速）,36.0,70.0,70.0,56.1,70.0,1779.3,0.0,181.2586057989356,15.0,-6.7,この先制限速度なし,139m先で下り勾配6.7‰が終わり平坦になる,前方871.5m先を62.7km/h,後続列車なし,75.0,121.0,未発車,-15.0,47.6,0.0,anti_mid_stop,0.9,先行列車が塞いでいるため駅間停車防止モード。現在速度がtarget_speed_no_stopを超えているので減速は適切で、他に違反なし。
219.0,Train11,次駅への減速フェーズ（駅手前400m以内）,ブレーキ（減速）中,0.1,惰行,0.1,70.0,45.8,23.66,70.0,16.6,0.0,26.558644059543386,39.1,9.2,この先制限速度なし,この先目立った勾配なし,前方148.7m先を35.9km/h,後続列車なし,60.0,0.0,発車済み,0.0,70.0,0.0,delay_recovery,0.0,ブレーキ中にδ_stopが-9.96mでオーバーランが確実と判定され、即時0点ルールが適用された。
235.0,Train11,巡航フェーズ（駅間走行中）,惰行中,3.0,力行（加速）,10.0,70.0,70.0,43.2,70.0,449.2,0.0,91.18540990243542,58.0,6.1,この先制限速度なし,259m先に上り勾配9.2‰あり,前方449.6m先を0.0km/h,後続列車なし,90.0,36.0,未発車,-60.0,43.2,0.0,anti_mid_stop,1.0,先行列車が停止しているため駅間停車防止モードと判定し、現在速度はtarget_speed_no_stopと一致し惰行は適切で、制限速度・CBTC違反なし。
64.0,Train11,駅出発直後の加速フェーズ（20秒以内）,力行（加速）中,5.0,ブレーキ（減速）,30.0,70.0,70.0,11.71,70.0,2171.2,0.0,7.563861644656824,15.0,-2.1,この先制限速度なし,381m先に下り勾配6.7‰あり,前方544.8m先を63.3km/h,後続列車なし,75.0,162.0,未発車,-15.0,54.8,0.0,anti_mid_stop,0.9,先行列車が塞いでいるため駅間停車防止モードと判定し、target_speed_no_stop未満での加速は適切であり、速度超過やノコギリ運転はなく安全に運転しているため高評価。
200.8,Train11,次駅への減速フェーズ（駅手前400m以内）,ブレーキ（減速）中,0.7,力行（加速）,0.1,70.0,0.0,32.39,70.0,39.4,0.0,49.60545044189842,22.9,9.2,この先制限速度なし,この先目立った勾配なし,前方39.7m先を0.0km/h,後続列車なし,75.0,26.1,未発車,-15.0,10.9,0.0,anti_mid_stop,0.0,CBTC信号0km/hに対し32.4km/hで走行し即時0.0ルールに該当、過走リスクと先行列車接近もあり評価は0.0。
151.0,Train11,巡航フェーズ（駅間走行中）,力行（加速）中,32.0,ブレーキ（減速）,30.0,70.0,70.0,49.72,70.0,1911.2,0.0,133.9502099322065,59.0,-2.1,この先制限速度なし,121m先に下り勾配6.7‰あり,前方1020.8m先を62.8km/h,後続列車なし,60.0,120.0,未発車,-60.0,62.4,0.0,anti_mid_stop,0.9,先行列車が塞いで駅間停車防止モード。target_speed_no_stop以下で加速しており、過剰加速でもなく適切な操作と判断し高評価。
235.9,Train11,次駅への減速フェーズ（駅手前400m以内）,ブレーキ（減速）中,1.1,力行（加速）,2.5,70.0,24.8,31.7,70.0,52.0,0.0,47.52813747360709,56.0,9.2,この先制限速度なし,この先目立った勾配なし,前方79.2m先を19.9km/h,後続列車なし,75.0,0.0,発車済み,-15.0,70.0,0.0,delay_recovery,0.0,CBTC信号速度を2km/h超過して走行しているため即時0点とし、他の評価は無効。
186.0,Train11,巡航フェーズ（駅間走行中）,惰行中,6.0,力行（加速）,12.0,70.0,70.0,62.93,70.0,1344.8,0.0,206.7547070019413,50.0,0.0,この先制限速度なし,354m先に上り勾配12.5‰あり,前方1042.8m先を51.7km/h,後続列車なし,60.0,85.0,未発車,-60.0,62.1,0.0,anti_mid_stop,0.9,先行列車が塞いで駅間停車防止モードと判定され、target_speed_no_stop(62.1km/h)以下での惰行は適切であり、速度超過やCBTC違反がなく安全運転と評価したため高評価とした。
208.0,Train11,次駅への減速フェーズ（駅手前400m以内）,力行（加速）中,6.0,惰行,6.0,70.0,66.4,67.15,70.0,328.7,0.0,217.17923441047606,49.0,6.1,この先制限速度なし,138m先に上り勾配9.2‰あり,前方262.3m先を24.9km/h,後続列車なし,90.0,63.0,未発車,-60.0,27.9,0.0,anti_mid_stop,0.1,先行列車が塞いでいる駅間停車防止モードで、target_speed_no_stop(27.9km/h)を大幅に超える加速とノコギリ運転により機外停車リスクと間隔違反が生じたため大幅減点。
92.0,Train11,駅出発直後の加速フェーズ（20秒以内）,力行（加速）中,3.0,ブレーキ（減速）,30.0,70.0,70.0,6.17,70.0,2176.2,0.0,2.1032483734342726,44.0,-2.1,この先制限速度なし,386m先に下り勾配6.7‰あり,前方514.7m先を62.7km/h,後続列車なし,75.0,164.0,未発車,-45.0,54.3,0.0,anti_mid_stop,0.9,先行列車が駅間で塞いでいるため駅間停車防止モードと判定し、target_speed_no_stop以下での加速は適切であるため高評価
126.0,Train11,駅出発直後の加速フェーズ（20秒以内）,力行（加速）中,7.0,ブレーキ（減速）,30.0,70.0,70.0,16.68,70.0,2163.3,0.0,15.321652244867195,60.0,-2.1,この先制限速度なし,373m先に下り勾配6.7‰あり,前方835.1m先を63.3km/h,後続列車なし,60.0,145.0,未発車,-60.0,59.9,0.0,anti_mid_stop,0.9,先行列車が未発車で駅間停車防止モード。target_speed_no_stop以下で加速中であり、制限速度・CBTC違反なく適切な力行なので高評価。
197.0,Train11,巡航フェーズ（駅間走行中）,力行（加速）中,6.0,惰行,6.0,70.0,70.0,66.05,70.0,1173.7,0.0,227.25540113700106,67.0,0.0,この先制限速度なし,183m先に上り勾配12.5‰あり,前方811.5m先を56.8km/h,後続列車なし,75.0,89.0,未発車,-75.0,51.7,0.0,anti_mid_stop,0.1,先行列車が塞いでいるためtarget_speed_no_stopを超える加速は機外停車リスクを招き、短時間の力行・惰行切替がノコギリ運転と判定された。
68.0,Train11,駅出発直後の加速フェーズ（20秒以内）,力行（加速）中,9.0,ブレーキ（減速）,30.0,70.0,70.0,21.14,70.0,2152.8,0.0,24.56989190122231,15.0,-2.1,この先制限速度なし,362m先に下り勾配6.7‰あり,前方596.5m先を63.1km/h,後続列車なし,75.0,158.0,未発車,-15.0,55.0,0.0,anti_mid_stop,0.9,先行列車が塞いでいるため駅間停車防止モード。現在はtarget_speed_no_stop未満で加速中であり、上限超過やノコギリ運転はなく安全かつ適切な操作。
91.0,Train11,巡航フェーズ（駅間走行中）,力行（加速）中,11.0,惰行,6.0,70.0,70.0,44.19,70.0,1935.7,0.0,106.16338957257804,30.0,-2.1,この先制限速度なし,145m先に下り勾配6.7‰あり,前方519.6m先を62.9km/h,後続列車なし,90.0,150.0,未発車,-30.0,51.3,0.0,anti_mid_stop,0.8,先行列車が塞いでいる駅間停車防止モードで、target_speed_no_stop以下の加速は適切かつ速度制限・CBTC遵守も問題なし。
226.8,Train11,次駅への減速フェーズ（駅手前400m以内）,ブレーキ（減速）中,0.5,惰行,0.1,70.0,0.0,34.02,70.0,34.0,0.0,54.685917590974555,48.9,9.2,この先制限速度なし,この先目立った勾配なし,前方34.3m先を0.7km/h,後続列車なし,90.0,45.1,未発車,-60.0,10.1,0.0,anti_mid_stop,0.0,CBTC信号が0km/hであるにもかかわらず、現在速度34km/hで走行しており、信号速度超過が即0.0評価の唯一の根拠となります。
154.0,Train11,巡航フェーズ（駅間走行中）,力行（加速）中,11.0,惰行,6.0,70.0,70.0,46.6,70.0,1501.9,0.0,114.57302505969679,59.0,0.0,この先制限速度なし,この先目立った勾配なし,前方663.9m先を62.4km/h,後続列車なし,90.0,117.0,未発車,-60.0,53.5,0.0,anti_mid_stop,0.9,先行列車が塞いでいるため駅間停車防止モードと判定し、現在の加速はtarget_speed_no_stop(53.5km/h)未満で適切であり、速度超過やノコギリ運転はなく安全かつ効率的と判断した。
207.2,Train11,次駅への減速フェーズ（駅手前400m以内）,ブレーキ（減速）中,3.4,力行（加速）,0.1,70.0,0.0,19.14,70.0,14.6,0.0,17.40710458851352,29.3,9.2,この先制限速度なし,この先目立った勾配なし,前方15.0m先を0.0km/h,後続列車なし,90.0,34.7,未発車,-30.0,6.6,0.0,anti_mid_stop,0.0,CBTC信号0km/hに対し現在速度19.1km/hで信号超過（+2km/h以上）となり即0.0の安全違反。
197.2,Train11,次駅への減速フェーズ（駅手前400m以内）,ブレーキ（減速）中,0.7,惰行,0.1,70.0,0.0,29.66,70.0,31.3,0.0,41.64230657654458,19.3,9.2,この先制限速度なし,この先目立った勾配なし,前方31.7m先を0.0km/h,後続列車なし,75.0,29.7,未発車,-15.0,9.7,0.0,anti_mid_stop,0.0,CBTC信号0km/hに対し現在速度29.7km/hが2km/h以上超過し即0.0ルールが適用、さらにdelta_stopが-10.34mでオーバーラン危険のためrewardは0.0。
183.0,Train11,巡航フェーズ（駅間走行中）,ブレーキ（減速）中,4.0,力行（加速）,12.0,70.0,70.0,43.41,70.0,739.8,0.0,99.60471273831155,19.0,0.0,この先制限速度なし,149m先に上り勾配6.1‰あり,前方703.5m先を18.4km/h,後続列車なし,90.0,58.0,未発車,-30.0,45.1,0.0,anti_mid_stop,0.3,先行列車が塞いで駅間停車防止モードとなり、target_speed_no_stop以下でブレーキしているため、早すぎる減速が停止位置達成を妨げている。
208.0,Train11,巡航フェーズ（駅間走行中）,力行（加速）中,6.0,ブレーキ（減速）,6.0,70.0,70.0,46.44,70.0,545.0,0.0,105.19673066676185,31.0,6.1,この先制限速度なし,355m先に上り勾配9.2‰あり,前方545.4m先を0.0km/h,後続列車なし,60.0,33.0,未発車,-30.0,54.9,0.0,anti_mid_stop,0.4,先行列車が停車しているため駅間停車防止モード。加速は適切だが、直前のブレーキから6秒での加速切替がノコギリ運転と判定され評価を低減。
192.0,Train11,巡航フェーズ（駅間走行中）,惰行中,6.0,力行（加速）,13.0,70.0,70.0,49.25,70.0,1389.9,0.0,127.77355362797995,87.0,0.0,この先制限速度なし,399m先に上り勾配12.5‰あり,前方691.6m先を63.2km/h,後続列車なし,90.0,109.0,未発車,-90.0,52.4,0.0,anti_mid_stop,0.9,先行列車が塞いで駅間停車防止モードと判定され、target_speed_no_stop以下で惰行しているため適切と判断し高評価とした。
236.4,Train11,次駅への減速フェーズ（駅手前400m以内）,ブレーキ（減速）中,4.5,力行（加速）,1.0,70.0,6.3,35.99,70.0,51.5,0.0,61.149974093725945,58.5,9.2,この先制限速度なし,この先目立った勾配なし,前方51.9m先を0.0km/h,後続列車なし,75.0,20.5,未発車,-45.0,12.5,0.0,anti_mid_stop,0.0,CBTC信号速度6.3km/hを大幅に上回る36km/hで走行し、即時0.0の安全違反となったため。
207.7,Train11,次駅への減速フェーズ（駅手前400m以内）,ブレーキ（減速）中,0.8,力行（加速）,0.1,70.0,0.0,17.35,0.0,-3.7,0.0,16.100440729756095,29.8,0.0,この先制限速度なし,この先目立った勾配なし,前方0.0m先を0.0km/h,後続列車なし,60.0,15.0,未発車,0.0,0.0,10.8,anti_mid_stop,0.0,CBTC信号0km/hに対し現在速度が17.4km/hで2km/h以上超過しており、即reward0.0の安全違反となったため。
165.0,Train11,巡航フェーズ（駅間走行中）,惰行中,1.0,ブレーキ（減速）,5.0,70.0,70.0,38.56,70.0,1722.0,0.0,86.60868965327073,90.0,-6.7,この先制限速度なし,82m先で下り勾配6.7‰が終わり平坦になる,前方551.6m先を62.8km/h,後続列車なし,90.0,136.0,未発車,-90.0,38.5,0.0,anti_mid_stop,0.5,ブレーキから惰行への短時間切替が合理的理由なく行われたため、ノコギリ運転と判定し上限0.5点に抑えた。
119.0,Train11,巡航フェーズ（駅間走行中）,力行（加速）中,30.0,ブレーキ（減速）,30.0,70.0,70.0,48.01,70.0,1938.4,0.0,125.02671222749039,45.0,-2.1,この先制限速度なし,148m先に下り勾配6.7‰あり,前方750.5m先を63.0km/h,後続列車なし,75.0,137.0,未発車,-45.0,56.0,0.0,anti_mid_stop,0.9,先行列車が塞いでいるため駅間停車防止モード。現在速度がtarget_speed_no_stop未満で加速中であり、過加速はなくCBTC・制限速度も遵守しているため高評価。
211.9,Train11,次駅への減速フェーズ（駅手前400m以内）,ブレーキ（減速）中,2.2,力行（加速）,0.1,70.0,0.0,5.92,0.0,-1.7,0.0,1.880948957593805,34.0,0.0,この先制限速度なし,この先目立った勾配なし,前方0.0m先を0.0km/h,後続列車なし,90.0,30.0,未発車,-30.0,0.0,0.0,normal,0.0,CBTC信号0km/hを2km/h以上超過し安全違反となったためrewardを0.0とした。
211.6,Train11,次駅への減速フェーズ（駅手前400m以内）,ブレーキ（減速）中,1.9,力行（加速）,0.1,70.0,0.0,6.8,0.0,-1.1,0.0,2.4811504352903224,33.7,0.0,この先制限速度なし,この先目立った勾配なし,前方0.0m先を0.0km/h,後続列車なし,90.0,30.3,未発車,-30.0,0.0,0.0,normal,0.0,CBTC信号速度0km/hを2km/h以上超えて走行しているため即時0.0評価となる。
203.9,Train11,次駅への減速フェーズ（駅手前400m以内）,ブレーキ（減速）中,3.1,惰行,0.1,70.0,0.0,10.61,70.0,5.3,0.0,5.362330097146683,24.0,9.2,この先制限速度なし,この先目立った勾配なし,前方22.4m先を16.3km/h,後続列車なし,60.0,0.0,発車済み,0.0,70.0,0.0,delay_recovery,0.0,CBTC信号が0km/hなのに現在速度が10.6km/hで信号超過しており、即時0点ルールが適用されたためrewardは0.0となる。
203.3,Train11,次駅への減速フェーズ（駅手前400m以内）,ブレーキ（減速）中,0.6,惰行,0.1,70.0,0.0,17.98,70.0,0.4,0.0,15.366769555092302,25.4,9.2,この先制限速度なし,この先目立った勾配なし,前方0.8m先を0.0km/h,後続列車なし,90.0,38.6,未発車,-30.0,1.1,0.0,anti_mid_stop,0.0,CBTC信号0km/hに対し現在速度18km/hで超過しており、即時0.0評価の安全違反が発生したため。
104.0,Train11,巡航フェーズ（駅間走行中）,力行（加速）中,45.0,ブレーキ（減速）,30.0,70.0,70.0,60.27,70.0,1712.8,3.0,208.56625464974854,0.0,-6.7,この先制限速度なし,72m先で下り勾配6.7‰が終わり平坦になる,前方1049.5m先を62.7km/h,後続列車なし,60.0,107.0,未発車,0.0,53.8,0.0,anti_mid_stop,0.4,先行列車が塞いでいる駅間停車防止モードで、現在速度がtarget_speed_no_stop＋5km/hを超えて加速しており機外停車リスクがある。
159.0,Train11,巡航フェーズ（駅間走行中）,力行（加速）中,18.0,惰行,6.0,70.0,70.0,55.56,70.0,1391.9,0.0,161.97022607478027,39.0,0.0,この先制限速度なし,401m先に上り勾配12.5‰あり,前方899.9m先を60.1km/h,後続列車なし,75.0,97.0,未発車,-45.0,57.3,0.0,anti_mid_stop,0.9,先行列車が前方で塞いでいるためtarget_speed_no_stop以下で加速し、速度は上限未満で適切な運転と判断した。
108.0,Train11,巡航フェーズ（駅間走行中）,力行（加速）中,3.0,惰行,6.0,70.0,70.0,48.35,70.0,1767.3,0.0,135.3554044014896,14.0,-6.7,この先制限速度なし,127m先で下り勾配6.7‰が終わり平坦になる,前方911.8m先を63.0km/h,後続列車なし,75.0,118.0,未発車,-15.0,49.1,0.0,anti_mid_stop,0.9,先行列車が駅で塞いでいるため駅間停車防止モード。現在速度がtarget_speed_no_stop未満で加速中で、上限超過やノコギリ運転はなく適切な操作と判断した。
230.4,Train11,次駅への減速フェーズ（駅手前400m以内）,ブレーキ（減速）中,0.1,惰行,0.2,70.0,0.0,22.76,70.0,2.3,0.0,24.584351197664617,52.5,9.2,この先制限速度なし,この先目立った勾配なし,前方2.7m先を0.0km/h,後続列車なし,60.0,15.0,未発車,-30.0,2.7,3.5,anti_mid_stop,0.0,CBTC信号を2km/h以上超過し即0.0とし、さらにノコギリ運転で上限超えの力行が判定されたため。
174.0,Train11,巡航フェーズ（駅間走行中）,惰行中,13.0,力行（加速）,18.0,70.0,70.0,50.53,70.0,1219.3,0.0,134.3969081183283,54.0,0.0,この先制限速度なし,229m先に上り勾配12.5‰あり,前方727.2m先を60.1km/h,後続列車なし,90.0,97.0,未発車,-60.0,50.1,0.0,anti_mid_stop,0.9,先行列車が塞いでいる駅間停車防止モードで、target_speed_no_stop付近の惰行を維持し速度超過やCBTC違反がなく適切な運転と判断。
162.0,Train11,巡航フェーズ（駅間走行中）,力行（加速）中,23.0,ブレーキ（減速）,6.0,70.0,70.0,52.18,70.0,1409.0,0.0,143.17109383939942,57.0,0.0,この先制限速度なし,419m先に上り勾配12.5‰あり,前方710.8m先を63.2km/h,後続列車なし,90.0,109.0,未発車,-60.0,52.8,0.0,anti_mid_stop,1.0,先行列車が塞いでいるため駅間停車防止モードで、現在速度はtarget_speed_no_stop以下で加速は適切と判断される。
196.0,Train11,巡航フェーズ（駅間走行中）,力行（加速）中,5.0,惰行,6.0,70.0,70.0,66.14,70.0,760.5,0.0,227.86019973821877,34.0,0.0,この先制限速度なし,170m先に上り勾配6.1‰あり,前方713.3m先を21.0km/h,後続列車なし,75.0,60.0,未発車,-45.0,44.9,0.0,anti_mid_stop,0.2,先行列車が塞いでいる駅間停車防止モードで、現在速度がtarget_speed_no_stop(44.9km/h)を大幅に上回り過剰加速かつノコギリ運転となり安全余裕が不足しているため低評価。
124.0,Train11,巡航フェーズ（駅間走行中）,力行（加速）中,15.0,惰行,13.0,70.0,70.0,63.04,70.0,1398.3,9.0,207.4620330704623,0.0,0.0,この先制限速度なし,408m先に上り勾配12.5‰あり,前方1066.9m先を54.2km/h,後続列車なし,60.0,87.0,未発車,0.0,62.4,0.0,anti_mid_stop,0.9,先行列車が塞いで駅間停車防止モード。現在速度はtarget_speed_no_stop付近で、加速は上限5km/h以内に収まっており適切と判断した。
97.0,Train11,巡航フェーズ（駅間走行中）,力行（加速）中,38.0,ブレーキ（減速）,30.0,70.0,70.0,54.52,70.0,1824.3,1.0,160.5659383857808,0.0,-2.1,この先制限速度なし,34m先に下り勾配6.7‰あり,前方1038.4m先を62.8km/h,後続列車なし,60.0,114.0,未発車,0.0,62.6,0.0,anti_mid_stop,0.9,先行列車が塞いで駅間停車防止モードとなり、target_speed_no_stop(62.6km/h)未満の速度で加速中。制限速度・CBTC遵守、ノコギリ運転なし、列車間隔も安全であるため高評価。
204.0,Train11,巡航フェーズ（駅間走行中）,惰行中,24.0,力行（加速）,12.0,70.0,70.0,59.08,70.0,1039.9,0.0,182.7160800141921,49.0,0.0,この先制限速度なし,49m先に上り勾配12.5‰あり,前方942.8m先を30.2km/h,後続列車なし,60.0,67.0,未発車,-60.0,56.9,0.0,anti_mid_stop,0.9,先行列車が塞いでいるため駅間停車防止モードと判定し、target_speed_no_stop以下での惰行は適切であり、速度も上限内で安全・CBTC遵守のため高評価とした。
227.0,Train11,次駅への減速フェーズ（駅手前400m以内）,ブレーキ（減速）中,0.9,惰行,0.1,70.0,17.3,38.96,70.0,63.9,0.0,71.56218104549775,49.1,9.2,この先制限速度なし,この先目立った勾配なし,前方64.3m先を0.0km/h,後続列車なし,60.0,15.0,未発車,-30.0,14.0,0.1,anti_mid_stop,0.0,CBTC信号速度17.3km/h＋2km/hを超える39km/hで走行しており、即時0.0ルールに該当するためrewardは0.0。
206.0,Train11,巡航フェーズ（駅間走行中）,力行（加速）中,11.0,惰行,6.0,70.0,70.0,50.41,70.0,808.0,0.0,114.61097279396172,49.0,12.5,この先制限速度なし,18m先で上り勾配12.5‰が終わり平坦になる,前方727.1m先を27.6km/h,後続列車なし,90.0,65.0,未発車,-60.0,61.2,0.0,anti_mid_stop,0.9,先行列車が前方で塞いでいるため駅間停車防止モードと判定し、target_speed_no_stop以下での加速は適切で速度・CBTC違反なし。
197.0,Train11,巡航フェーズ（駅間走行中）,力行（加速）中,7.0,惰行,30.0,70.0,70.0,49.87,70.0,906.9,0.0,112.20034613092442,49.0,12.5,この先制限速度なし,116m先で上り勾配12.5‰が終わり平坦になる,前方742.2m先を39.5km/h,後続列車なし,90.0,74.0,未発車,-60.0,64.2,0.0,anti_mid_stop,0.9,駅間停車防止モードでtarget_speed_no_stop未満の加速は先行列車追従を防ぎ適切な操作であるため高評価。
86.0,Train11,巡航フェーズ（駅間走行中）,力行（加速）中,11.0,惰行,6.0,70.0,70.0,39.29,70.0,2007.4,0.0,84.15563781955697,0.0,-2.1,この先制限速度なし,217m先に下り勾配6.7‰あり,前方1030.0m先を63.1km/h,後続列車なし,60.0,125.0,未発車,0.0,63.6,0.0,anti_mid_stop,0.9,先行列車が塞いでいるため駅間停車防止モードとなり、target_speed_no_stop以下での加速は正当で、速度超過やノコギリ運転はなく安全かつ効率的な操作と判断した。
83.0,Train11,巡航フェーズ（駅間走行中）,力行（加速）中,24.0,ブレーキ（減速）,30.0,70.0,70.0,42.53,70.0,2013.9,0.0,98.43076693241338,0.0,-2.1,この先制限速度なし,223m先に下り勾配6.7‰あり,前方983.9m先を63.3km/h,後続列車なし,60.0,128.0,未発車,0.0,62.2,0.0,anti_mid_stop,0.9,先行列車が塞いで駅間停車防止モード。現在速度がtarget_speed_no_stop(62.2km/h)未満で加速中であり、上限を超えていないため適切な運転と判断した。
196.1,Train11,次駅への減速フェーズ（駅手前400m以内）,ブレーキ（減速）中,1.4,惰行,0.1,70.0,4.1,34.99,70.0,50.4,0.0,57.82451097168335,18.2,9.2,この先制限速度なし,この先目立った勾配なし,前方50.8m先を0.0km/h,後続列車なし,60.0,15.8,未発車,0.0,12.4,0.0,anti_mid_stop,0.0,CBTC信号速度4.1km/hを大幅に上回り、signal_speed+2km/hを超過しているため即0.0とした。
188.0,Train11,巡航フェーズ（駅間走行中）,惰行中,3.0,力行（加速）,19.0,70.0,70.0,53.39,70.0,1428.4,0.0,149.7738862243544,88.0,0.0,この先制限速度なし,438m先に上り勾配12.5‰あり,前方660.0m先を63.3km/h,後続列車なし,90.0,113.0,未発車,-90.0,52.4,0.0,anti_mid_stop,0.9,先行列車が塞いで駅間停車防止モードとなり、target_speed_no_stop以下で惰行しているため適切と判断し高評価とした。
199.0,Train11,巡航フェーズ（駅間走行中）,惰行中,2.0,力行（加速）,19.0,70.0,70.0,56.2,70.0,684.3,0.0,165.65395571367947,22.0,0.0,この先制限速度なし,94m先に上り勾配6.1‰あり,前方684.7m先を0.0km/h,後続列車なし,60.0,42.0,未発車,-30.0,56.0,0.0,anti_mid_stop,0.9,先行列車が停車中で機外停車防止モード。速度はtarget_speed_no_stop(56 km/h)付近で惰行し、CBTC・制限速度遵守、ノコギリ運転なしの安全かつ適切な操作。
201.0,Train11,次駅への減速フェーズ（駅手前400m以内）,ブレーキ（減速）中,1.1,惰行,0.1,70.0,0.0,24.48,70.0,13.9,0.0,28.42310057077692,23.1,9.2,この先制限速度なし,この先目立った勾配なし,前方14.3m先を0.0km/h,後続列車なし,90.0,40.9,未発車,-30.0,6.5,0.0,anti_mid_stop,0.0,CBTC信号0km/hを大幅に超過し、delta_stopが-14.5mでオーバーランが確実なため即0.0とした。
199.9,Train11,次駅への減速フェーズ（駅手前400m以内）,ブレーキ（減速）中,1.1,惰行,0.1,70.0,0.0,34.41,70.0,47.8,0.0,55.93750387029556,22.0,9.2,この先制限速度なし,この先目立った勾配なし,前方48.1m先を0.0km/h,後続列車なし,75.0,27.0,未発車,-15.0,12.0,0.0,anti_mid_stop,0.0,CBTC信号が0km/hなのに現在速度34.4km/hで2km/h超過しており、安全違反の即時0.0ルールが適用されたため。
200.5,Train11,次駅への減速フェーズ（駅手前400m以内）,ブレーキ（減速）中,0.4,力行（加速）,0.1,70.0,0.0,21.11,70.0,8.2,0.0,21.161025750636412,22.6,9.2,この先制限速度なし,この先目立った勾配なし,前方8.5m先を0.0km/h,後続列車なし,75.0,26.4,未発車,-15.0,5.0,0.0,anti_mid_stop,0.0,CBTC信号0km/hを2km/h以上超過し、delta_stopが-5m以下でオーバーラン確実と判定されたため即0.0評価。
113.0,Train11,巡航フェーズ（駅間走行中）,力行（加速）中,24.0,ブレーキ（減速）,30.0,70.0,70.0,42.53,70.0,2013.9,0.0,98.43076693241338,60.0,-2.1,この先制限速度なし,223m先に下り勾配6.7‰あり,前方457.6m先を63.1km/h,後続列車なし,90.0,158.0,未発車,-60.0,51.6,0.0,anti_mid_stop,0.9,先行列車が塞いでいる駅間停車防止モードで、現在速度がtarget_speed_no_stop未満の加速は適切であり、制限速度・CBTC遵守、ノコギリ運転なしと評価。
165.0,Train11,巡航フェーズ（駅間走行中）,力行（加速）中,13.0,惰行,6.0,70.0,70.0,54.18,70.0,1325.2,0.0,154.1613816588342,37.0,0.0,この先制限速度なし,335m先に上り勾配12.5‰あり,前方931.2m先を57.6km/h,後続列車なし,75.0,91.0,未発車,-45.0,57.6,0.0,anti_mid_stop,0.9,先行列車が塞いでいるため駅間停車防止モード。target_speed_no_stop以下で加速しており、速度超過やノコギリ運転はなく安全かつ適切。
190.0,Train11,巡航フェーズ（駅間走行中）,惰行中,5.0,ブレーキ（減速）,6.0,70.0,70.0,38.03,70.0,660.6,0.0,76.66670279277491,19.0,0.0,この先制限速度なし,70m先に上り勾配6.1‰あり,前方651.3m先を9.4km/h,後続列車なし,90.0,51.0,未発車,-30.0,44.2,0.0,anti_mid_stop,0.5,直前のブレーキから惰行への切替が7秒未満で合理的理由がなくノコギリ運転と判定され、reward上限が0.5に抑えられた。
201.0,Train11,巡航フェーズ（駅間走行中）,惰行中,5.0,力行（加速）,8.0,70.0,70.0,66.75,70.0,457.9,0.0,214.6579879342494,49.0,6.1,この先制限速度なし,267m先に上り勾配9.2‰あり,前方334.1m先を34.1km/h,後続列車なし,90.0,70.0,未発車,-60.0,33.6,0.0,anti_mid_stop,0.1,駅間停車防止モードでtarget_speed_no_stop 33.6km/h を大幅に上回る66.8km/h の惰行が続き、機外停車リスクと先行列車との間隔が不適切なため低評価。
192.0,Train11,巡航フェーズ（駅間走行中）,力行（加速）中,1.0,惰行,6.0,70.0,70.0,65.22,70.0,833.3,0.0,190.22499024296917,34.0,12.5,この先制限速度なし,43m先で上り勾配12.5‰が終わり平坦になる,前方759.8m先を26.2km/h,後続列車なし,75.0,64.0,未発車,-45.0,62.7,0.0,anti_mid_stop,0.4,先行列車が塞いで駅間停車防止モードとなり、現在速度がtarget_speed_no_stopを超えて加速している上、惰行→力行のノコギリ運転が判定されたため減点し0.4とした。
193.8,Train11,次駅への減速フェーズ（駅手前400m以内）,ブレーキ（減速）中,1.7,惰行,0.1,70.0,23.0,41.2,70.0,74.8,0.0,79.94283716578491,15.9,9.2,この先制限速度なし,この先目立った勾配なし,前方75.2m先を0.0km/h,後続列車なし,60.0,18.1,未発車,0.0,15.2,0.0,anti_mid_stop,0.0,CBTC信号速度23km/hを大幅に上回る41.2km/hで走行し、信号超過は即時0.0の安全違反となり、他の評価は全て無効化された。
204.0,Train11,巡航フェーズ（駅間走行中）,惰行中,1.0,ブレーキ（減速）,5.0,70.0,70.0,48.52,70.0,633.9,0.0,124.06815158373429,27.0,0.0,この先制限速度なし,43m先に上り勾配6.1‰あり,前方634.2m先を0.0km/h,後続列車なし,60.0,37.0,未発車,-30.0,57.3,0.0,anti_mid_stop,0.2,先行列車が塞いで駅間停車防止モード。target_speed_no_stop以下で惰行すべきところ、直前のブレーキから1秒の惰行への短時間切替がノコギリ運転と判定され、上限0.3点に抑えられた。
197.1,Train11,次駅への減速フェーズ（駅手前400m以内）,ブレーキ（減速）中,0.2,惰行,0.1,70.0,16.9,39.57,70.0,63.2,0.0,73.79957760613351,19.2,9.2,この先制限速度なし,この先目立った勾配なし,前方63.6m先を0.0km/h,後続列車なし,75.0,29.8,未発車,-15.0,13.8,0.0,anti_mid_stop,0.0,CBTC信号速度16.9km/hを超えて39.6km/hで走行し、即時0.0ルールに該当するため評価は0.0とした。
202.4,Train11,次駅への減速フェーズ（駅手前400m以内）,ブレーキ（減速）中,0.9,力行（加速）,0.1,70.0,0.0,25.08,70.0,15.7,0.0,29.826949493293363,24.5,9.2,この先制限速度なし,この先目立った勾配なし,前方16.1m先を0.0km/h,後続列車なし,75.0,24.5,未発車,-15.0,6.9,0.0,anti_mid_stop,0.0,CBTC信号0km/hを25.1km/hで超過し、先行列車が16.1m先に止まっているため安全基準を大幅に逸脱し即時0点とする。
235.0,Train11,次駅への減速フェーズ（駅手前400m以内）,力行（加速）中,2.0,惰行,24.0,70.0,70.0,43.32,70.0,318.6,0.0,91.6870363778345,58.0,6.1,この先制限速度なし,128m先に上り勾配9.2‰あり,前方319.0m先を0.0km/h,後続列車なし,75.0,21.0,未発車,-45.0,43.1,0.0,anti_mid_stop,0.4,先行列車が停止しているため駅間停車防止モード。target_speed_no_stop付近での加速は許容だが、減速フェーズでの加速は停止位置達成を妨げるため減点し、遅延も考慮して0.4とする。
74.0,Train11,駅出発直後の加速フェーズ（20秒以内）,力行（加速）中,4.0,惰行,6.0,70.0,70.0,21.01,70.0,2129.3,0.0,24.269867733807835,15.0,-2.1,この先制限速度なし,339m先に下り勾配6.7‰あり,前方678.2m先を63.3km/h,後続列車なし,75.0,152.0,未発車,-15.0,56.4,0.0,anti_mid_stop,0.9,先行列車が塞ぎ駅間停車防止モードで、target_speed_no_stop以下に向けた加速は適切であり安全基準をすべて満たすため高評価。
145.0,Train11,巡航フェーズ（駅間走行中）,力行（加速）中,9.0,惰行,1.0,70.0,70.0,43.43,70.0,1992.5,0.0,102.58806913509657,60.0,-2.1,この先制限速度なし,202m先に下り勾配6.7‰あり,前方997.6m先を62.9km/h,後続列車なし,60.0,126.0,未発車,-60.0,62.9,0.0,anti_mid_stop,0.8,先行列車が塞いでいるため駅間停車防止モードと判定し、target_speed_no_stop以下で加速している点は適切で、過剰加速やノコギリ運転はなく安全基準も遵守しているため高評価とした。
162.0,Train11,巡航フェーズ（駅間走行中）,力行（加速）中,10.0,惰行,6.0,70.0,70.0,52.05,70.0,1369.4,0.0,142.470165652,38.0,0.0,この先制限速度なし,379m先に上り勾配12.5‰あり,前方927.0m先を58.9km/h,後続列車なし,75.0,94.0,未発車,-45.0,57.8,0.0,anti_mid_stop,0.9,先行列車が塞いでいるため駅間停車防止モードと判定し、target_speed_no_stop以下での加速は適切で、速度超過やノコギリ運転はなく安全に運転しているため高評価とする。
61.0,Train11,駅出発直後の加速フェーズ（20秒以内）,力行（加速）中,2.0,ブレーキ（減速）,30.0,70.0,70.0,3.17,70.0,2177.6,0.0,0.5556035075874219,0.0,-2.1,この先制限速度なし,387m先に下り勾配6.7‰あり,前方761.5m先を62.9km/h,後続列車なし,60.0,150.0,未発車,0.0,58.9,0.0,anti_mid_stop,0.9,先行列車が塞いで駅間停車防止モード。現在速度が target_speed_no_stop 未満で加速中であり、制限速度・CBTC遵守、ノコギリ運転なし。
200.6,Train11,次駅への減速フェーズ（駅手前400m以内）,ブレーキ（減速）中,0.7,惰行,0.1,70.0,0.0,25.66,70.0,16.7,0.0,31.21578870592453,22.7,9.2,この先制限速度なし,この先目立った勾配なし,前方17.0m先を0.0km/h,後続列車なし,90.0,41.3,未発車,-30.0,7.1,0.0,anti_mid_stop,0.0,CBTC信号0km/hを2km/h以上超えて走行しており即時0.0評価となる安全違反があるため。
201.8,Train11,次駅への減速フェーズ（駅手前400m以内）,ブレーキ（減速）中,1.3,惰行,0.1,70.0,0.0,18.94,70.0,7.8,0.0,17.046318725491627,23.9,9.2,この先制限速度なし,この先目立った勾配なし,前方8.2m先を0.0km/h,後続列車なし,60.0,15.0,未発車,0.0,4.9,4.9,anti_mid_stop,0.0,CBTC信号が0km/hであるにもかかわらず現在速度が18.9km/hと2km/h以上超過し、delta_stopが-9.25mでオーバーランが確実なため即時0.0の評価とした。
226.3,Train11,次駅への減速フェーズ（駅手前400m以内）,ブレーキ（減速）中,0.2,惰行,0.1,70.0,21.6,41.04,70.0,71.7,0.0,79.32922910304546,48.4,9.2,この先制限速度なし,この先目立った勾配なし,前方72.0m先を0.0km/h,後続列車なし,60.0,15.6,未発車,-30.0,15.0,0.0,anti_mid_stop,0.0,CBTC信号速度21.6km/hを2km/h以上上回る41km/hで走行しており、即時0.0ルールに該当するためrewardは0.0とした。
187.0,Train11,巡航フェーズ（駅間走行中）,力行（加速）中,11.0,惰行,6.0,70.0,70.0,68.72,70.0,717.6,0.0,245.5156742316777,19.0,0.0,この先制限速度なし,127m先に上り勾配6.1‰あり,前方698.9m先を13.3km/h,後続列車なし,60.0,54.0,未発車,-30.0,46.1,0.0,anti_mid_stop,0.1,先行列車が塞いでいるため駅間停車防止モードと判定され、target_speed_no_stop 46.1km/h を大幅に上回る力行は過剰加速とみなされ減点対象となった。
164.0,Train11,巡航フェーズ（駅間走行中）,ブレーキ（減速）中,5.0,惰行,7.0,70.0,70.0,40.97,70.0,1733.1,0.0,97.63623934671325,90.0,-6.7,この先制限速度なし,93m先で下り勾配6.7‰が終わり平坦になる,前方545.2m先を63.0km/h,後続列車なし,90.0,137.0,未発車,-90.0,38.2,0.0,anti_mid_stop,0.9,先行列車が塞いでいるため駅間停車防止モードと判定し、現在速度が target_speed_no_stop を僅か上回っているのでブレーキは適切であり、制限速度・CBTC違反もなく即0.0ルールも該当しないため高評価とした。
108.0,Train11,巡航フェーズ（駅間走行中）,惰行中,2.0,力行（加速）,47.0,70.0,70.0,62.69,70.0,1644.2,0.0,225.23595352647376,30.0,-6.7,この先制限速度なし,4m先で下り勾配6.7‰が終わり平坦になる,前方526.3m先を62.9km/h,後続列車なし,90.0,133.0,未発車,-30.0,36.6,0.0,anti_mid_stop,0.3,駅間停車防止モードで target_speed_no_stop が 36.6km/h なのに現在速度が 62.7km/h と大幅に上回り過加速状態であるため減点し、低評価とした。
234.0,Train11,巡航フェーズ（駅間走行中）,惰行中,1.0,力行（加速）,12.0,70.0,70.0,46.24,70.0,484.5,0.0,104.30379356173327,57.0,6.1,この先制限速度なし,294m先に上り勾配9.2‰あり,前方484.9m先を0.0km/h,後続列車なし,90.0,37.0,未発車,-60.0,46.1,0.0,anti_mid_stop,0.9,先行列車が停車しているため駅間停車防止モードと判定し、現在速度はtarget_speed_no_stopにほぼ一致し惰行で適切に維持しているため高評価。
228.6,Train11,次駅への減速フェーズ（駅手前400m以内）,ブレーキ（減速）中,0.7,惰行,0.1,70.0,0.0,27.55,70.0,14.8,0.0,35.95792215702693,50.7,9.2,この先制限速度なし,この先目立った勾配なし,前方15.2m先を0.0km/h,後続列車なし,60.0,15.0,未発車,-30.0,6.7,1.7,anti_mid_stop,0.0,CBTC信号0km/hを大幅超過し、delta_stopが-21.16mでオーバーランが確実なため即0.0とした。
114.0,Train11,巡航フェーズ（駅間走行中）,力行（加速）中,1.0,惰行,8.0,70.0,70.0,36.69,70.0,1630.5,0.0,71.40793206339879,30.0,0.0,この先制限速度なし,この先目立った勾配なし,前方618.1m先を63.1km/h,後続列車なし,90.0,127.0,未発車,-30.0,54.5,0.0,anti_mid_stop,0.9,先行列車が塞いでいるため駅間停車防止モードと判定し、target_speed_no_stop未満の加速は適切で、制限速度・CBTC違反なし、ノコギリ運転も発生していない。
236.9,Train11,次駅への減速フェーズ（駅手前400m以内）,ブレーキ（減速）中,0.3,惰行,0.1,70.0,0.0,34.76,70.0,46.6,0.0,57.07254341087503,59.0,9.2,この先制限速度なし,この先目立った勾配なし,前方47.0m先を0.0km/h,後続列車なし,75.0,20.0,未発車,-45.0,11.9,0.0,anti_mid_stop,0.0,CBTC信号0km/hに対し34.8km/hで走行し、信号超過とオーバーランリスクが即0.0と判定されたため。
163.0,Train11,巡航フェーズ（駅間走行中）,力行（加速）中,2.0,ブレーキ（減速）,2.0,70.0,70.0,55.44,70.0,731.2,12.0,161.2839110472219,0.0,0.0,この先制限速度なし,141m先に上り勾配6.1‰あり,前方728.2m先を5.6km/h,後続列車なし,60.0,48.0,未発車,0.0,53.3,0.0,anti_mid_stop,0.2,先行列車が塞ぎ駅間停車防止モードで、target_speed_no_stop(53.3km/h)を超える加速と2秒間のノコギリ運転が判定され、評価上限が低くなる。
235.5,Train11,次駅への減速フェーズ（駅手前400m以内）,ブレーキ（減速）中,3.6,力行（加速）,1.0,70.0,15.4,38.66,70.0,60.8,0.0,70.47415636407415,57.6,9.2,この先制限速度なし,この先目立った勾配なし,前方61.2m先を0.0km/h,後続列車なし,75.0,21.4,未発車,-45.0,13.6,0.0,anti_mid_stop,0.0,CBTC信号速度15.4km/hを2km/h以上上回る38.7km/hで走行しており、即時0点ルールに該当するためrewardは0.0とした。
177.0,Train11,巡航フェーズ（駅間走行中）,惰行中,6.0,力行（加速）,3.0,70.0,70.0,66.4,70.0,466.1,0.0,212.46321864594935,19.0,6.1,この先制限速度なし,276m先に上り勾配9.2‰あり,前方392.5m先を26.2km/h,後続列車なし,90.0,64.0,未発車,-30.0,34.7,0.0,anti_mid_stop,0.2,先行列車が塞いでいる駅間停車防止モードで、現在速度がtarget_speed_no_stop 34.7km/h を大きく上回り過剰加速状態で、かつ持続時間7秒未満の力行→惰行切替がノコギリ運転と判定されたため低評価。
141.0,Train11,巡航フェーズ（駅間走行中）,力行（加速）中,2.0,ブレーキ（減速）,6.0,70.0,70.0,31.79,70.0,1661.9,0.0,59.08272073838646,60.0,-6.7,この先制限速度なし,21m先で下り勾配6.7‰が終わり平坦になる,前方596.8m先を63.0km/h,後続列車なし,90.0,130.0,未発車,-60.0,38.9,0.0,anti_mid_stop,0.4,先行列車が前方に塞ぎtarget_speed_no_stopを超える加速は機外停車リスクがあるが、現在は上限以下で加速中。ノコギリ運転によりreward上限が0.5に制限され、0.4とした。
227.0,Train11,巡航フェーズ（駅間走行中）,力行（加速）中,4.0,惰行,6.0,70.0,70.0,66.39,70.0,591.6,0.0,229.54413055602433,79.0,0.0,この先制限速度なし,1m先に上り勾配6.1‰あり,前方426.9m先を39.5km/h,後続列車なし,90.0,74.0,未発車,-90.0,30.2,0.0,anti_mid_stop,0.1,先行列車が塞いで駅間停車防止モードであり、target_speed_no_stop(30.2km/h)を大幅に上回る加速とノコギリ運転が判定され、過加速は機外停車リスクを招くため低評価。
116.0,Train11,巡航フェーズ（駅間走行中）,力行（加速）中,27.0,ブレーキ（減速）,30.0,70.0,70.0,45.33,70.0,1977.3,0.0,111.63717076016556,45.0,-2.1,この先制限速度なし,187m先に下り勾配6.7‰あり,前方736.7m先を62.9km/h,後続列車なし,75.0,140.0,未発車,-45.0,56.4,0.0,anti_mid_stop,0.5,先行列車が塞いでいるため駅間停車防止モードと判定し、target_speed_no_stop 56.4km/h を10km/h以上下回る低速で力行している点が遅延拡大につながり評価を下げた。
107.0,Train11,巡航フェーズ（駅間走行中）,惰行中,2.0,ブレーキ（減速）,6.0,70.0,70.0,36.25,70.0,1701.6,0.0,76.64186998369742,30.0,-6.7,この先制限速度なし,61m先で下り勾配6.7‰が終わり平坦になる,前方566.3m先を63.1km/h,後続列車なし,90.0,134.0,未発車,-30.0,38.7,0.0,anti_mid_stop,0.4,先行列車が塞ぎ駅間停車防止モードで、target_speed_no_stop以下の惰行は適切だが、ブレーキ→惰行への短時間切替がノコギリ運転と判定され報酬上限が低下した。
235.0,Train11,次駅への減速フェーズ（駅手前400m以内）,力行（加速）中,2.0,ブレーキ（減速）,5.0,70.0,46.4,24.62,70.0,150.8,0.0,28.7476726973364,58.0,9.2,この先制限速度なし,この先目立った勾配なし,前方151.2m先を0.0km/h,後続列車なし,90.0,15.0,未発車,-30.0,25.8,9.0,anti_mid_stop,0.2,駅間停車防止モードでtarget_speed_no_stopを下回りながら加速し、次駅停車が遅延する上、ノコギリ運転（2s/5s切替）で安全余裕が低く評価対象となり、rewardは0.2に抑えられる。
214.0,Train11,次駅への減速フェーズ（駅手前400m以内）,惰行中,19.0,力行（加速）,10.0,70.0,70.0,38.75,70.0,383.4,0.0,73.5298754112736,37.0,6.1,この先制限速度なし,193m先に上り勾配9.2‰あり,前方383.7m先を0.0km/h,後続列車なし,90.0,27.0,未発車,-30.0,44.9,0.0,anti_mid_stop,1.0,先行列車が停車しているため駅間停車防止モード。target_speed_no_stop以下で惰行を維持し、速度・信号・制限を遵守し過不足なく安全に走行している。
231.4,Train11,次駅への減速フェーズ（駅手前400m以内）,ブレーキ（減速）中,0.9,力行（加速）,2.5,70.0,0.0,19.01,70.0,21.7,0.0,17.172167240130868,53.5,9.2,この先制限速度なし,この先目立った勾配なし,前方29.2m先を11.2km/h,後続列車なし,60.0,0.0,発車済み,0.0,70.0,0.0,delay_recovery,0.0,CBTC信号0km/hを大幅に超える19km/hで走行しているため即時0.0評価となる。
77.0,Train11,駅出発直後の加速フェーズ（20秒以内）,力行（加速）中,18.0,ブレーキ（減速）,30.0,70.0,70.0,36.02,70.0,2079.7,0.0,70.85254473570848,0.0,-2.1,この先制限速度なし,289m先に下り勾配6.7‰あり,前方944.3m先を63.1km/h,後続列車なし,60.0,134.0,未発車,0.0,62.2,0.0,anti_mid_stop,0.9,先行が塞いで駅間停車防止モード。現在はtarget_speed_no_stop以下で力行中であり、過剰加速やノコギリ運転はなく安全かつ機外停車回避に適切な操作と判断した。
200.0,Train11,次駅への減速フェーズ（駅手前400m以内）,ブレーキ（減速）中,0.2,力行（加速）,0.1,70.0,11.2,37.34,70.0,55.6,0.0,65.78362407836677,22.1,9.2,この先制限速度なし,この先目立った勾配なし,前方56.0m先を0.0km/h,後続列車なし,60.0,15.0,未発車,0.0,13.0,3.1,anti_mid_stop,0.0,CBTC信号速度11.2km/hを大幅に超える37.3km/hで走行しており、即時0.0の安全違反となる。
199.2,Train11,次駅への減速フェーズ（駅手前400m以内）,ブレーキ（減速）中,0.3,力行（加速）,0.1,70.0,0.0,34.95,70.0,42.5,0.0,57.69338748749021,21.3,9.2,この先制限速度なし,この先目立った勾配なし,前方42.9m先を0.0km/h,後続列車なし,90.0,42.7,未発車,-30.0,11.3,0.0,anti_mid_stop,0.0,CBTC信号0km/hに対し35km/hで走行し超過しているため即0.0とし、他の評価は不要。
