time,train_id,phase,current_notch,holding_time,prev_notch,prev_notch_duration,speed_limit,signal_speed,current_speed,required_speed,dist_to_next_station,time_to_next_station,req_stop_dist,delay,current_gradient,next_limit_info,next_gradient_info,forward_info,backward_info,forward_train_delay,forward_clear_remaining_time,forward_departed_next,standard_headway,target_speed_no_stop,forward_observed_delay,mode,reward,reason
0.0,Train11,駅出発直後の加速フェーズ（20秒以内）,力行（加速）中,1.0,ブレーキ（減速）,30.0,70.0,70.0,0.0,55.4,2178.000000000001,180.0,0.0,0.0,-2.1,この先制限速度なし,387m先に下り勾配6.7‰あり,先行列車なし,後続列車なし,0,0,,0,55.4,0,normal,1.0,加速フェーズでrequired_speed未達のため力行は適切で、速度・信号超過や停止位置の問題はなく安全かつ定時運行に資する操作と判断した。
1.0,Train11,駅出発直後の加速フェーズ（20秒以内）,力行（加速）中,2.0,ブレーキ（減速）,30.0,70.0,70.0,3.1655461647722727,55.6,2177.552031426483,179.0,0.5540439496433487,0.0,-2.1,この先制限速度なし,386m先に下り勾配6.7‰あり,先行列車なし,後続列車なし,0,0,,0,55.6,0,normal,1.0,制限速度・CBTCを遵守し、加速フェーズで必要速度未達のため適切に力行しており、ノコギリ運転や間隔問題もなく評価は最高点とした。
2.0,Train11,駅出発直後の加速フェーズ（20秒以内）,力行（加速）中,3.0,ブレーキ（減速）,30.0,70.0,70.0,6.166266910487602,55.6,2176.2480601784305,178.0,2.1007061134517437,0.0,-2.1,この先制限速度なし,384m先に下り勾配6.7‰あり,先行列車なし,後続列車なし,0,0,,0,55.6,0,normal,0.9,加速フェーズでrequired_speed未達のため適切に力行し、速度・信号制限を遵守、ノコギリ運転なしと評価。
3.0,Train11,駅出発直後の加速フェーズ（20秒以内）,力行（加速）中,4.0,ブレーキ（減速）,30.0,70.0,70.0,9.01037060950777,55.6,2174.132710937684,177.0,4.481937664682632,0.0,-2.1,この先制限速度なし,381m先に下り勾配6.7‰あり,先行列車なし,後続列車なし,0,0,,0,55.6,0,normal,1.0,加速フェーズで必要速度未達のため力行継続は適切で、速度・信号超過やノコギリ運転等の問題がなく評価は最高とした。
4.0,Train11,駅出発直後の加速フェーズ（20秒以内）,力行（加速）中,5.0,ブレーキ（減速）,30.0,70.0,70.0,11.705695795979539,55.6,2171.248380451793,176.0,7.55831232746583,0.0,-2.1,この先制限速度なし,377m先に下り勾配6.7‰あり,先行列車なし,後続列車なし,0,0,,0,55.6,0,normal,1.0,加速フェーズで必要速度未達のため力行は適切で、速度超過や信号違反もなく、ノコギリ運転も発生せず、評価は最高点とした。
5.0,Train11,駅出発直後の加速フェーズ（20秒以内）,力行（加速）中,6.0,ブレーキ（減速）,30.0,70.0,70.0,14.259723701053257,55.8,2167.6353385103334,175.0,11.207169630305838,0.0,-2.1,この先制限速度なし,373m先に下り勾配6.7‰あり,先行列車なし,後続列車なし,0,0,,0,55.8,0,normal,1.0,制限速度・CBTCを遵守し、加速フェーズで適切に力行しており、ノコギリ運転や列間隔の問題がないため最高評価とした。
6.0,Train11,駅出発直後の加速フェーズ（20秒以内）,力行（加速）中,7.0,ブレーキ（減速）,30.0,70.0,70.0,16.679590829763864,55.4,2163.3318254315873,174.0,15.32090276844218,0.0,-2.1,この先制限速度なし,368m先に下り勾配6.7‰あり,先行列車なし,後続列車なし,0,0,,0,55.4,0,normal,1.0,加速フェーズで必要速度未達のため力行が適切で、速度超過や信号違反なし、ノコギリ運転もなく評価を1.0とした。
7.0,Train11,駅出発直後の加速フェーズ（20秒以内）,力行（加速）中,8.0,ブレーキ（減速）,30.0,70.0,70.0,18.972101512263023,55.8,2158.374146057838,173.0,19.80538826026195,0.0,-2.1,この先制限速度なし,362m先に下り勾配6.7‰あり,先行列車なし,後続列車なし,0,0,,0,55.8,0,normal,1.0,加速フェーズでrequired_speed未達だが力行継続は適切で、速度・信号超過なし、ノコギリ運転もなく安全かつ省エネ的に評価できるため最高点とした。
8.0,Train11,駅出発直後の加速フェーズ（20秒以内）,力行（加速）中,9.0,ブレーキ（減速）,30.0,70.0,70.0,21.143740370988105,55.4,2152.7967602747963,172.0,24.578551221670597,0.0,-2.1,この先制限速度なし,356m先に下り勾配6.7‰あり,先行列車なし,後続列車なし,0,0,,0,55.4,0,normal,1.0,加速フェーズで必要速度未達だが適切に力行を継続し、速度・信号超過やノコギリ運転がなく評価は最高とした。
9.0,Train11,駅出発直後の加速フェーズ（20秒以内）,力行（加速）中,10.0,ブレーキ（減速）,30.0,70.0,70.0,23.200684653441794,55.8,2146.6323700855482,171.0,29.569060133539022,0.0,-2.1,この先制限速度なし,349m先に下り勾配6.7‰あり,先行列車なし,後続列車なし,0,0,,0,55.8,0,normal,1.0,加速フェーズで必要速度未達であり、制限・信号遵守、ノコギリ運転なし、無駄な力行が無いため最高評価とした。
10.0,Train11,駅出発直後の加速フェーズ（20秒以内）,力行（加速）中,11.0,ブレーキ（減速）,30.0,70.0,70.0,25.14881638758307,55.6,2139.9120032828982,170.0,34.715142846549554,0.0,-2.1,この先制限速度なし,342m先に下り勾配6.7‰あり,先行列車なし,後続列車なし,0,0,,0,55.6,0,normal,0.9,加速フェーズでrequired_speed未達のため力行は適切で、速度・信号制限を遵守し安全上の問題もなく、ノコギリ運転や過剰加速は認められない。
11.0,Train11,駅出発直後の加速フェーズ（20秒以内）,力行（加速）中,12.0,ブレーキ（減速）,30.0,70.0,70.0,26.993734323444887,55.6,2132.665093774268,169.0,39.963516196805514,0.0,-2.1,この先制限速度なし,334m先に下り勾配6.7‰あり,先行列車なし,後続列車なし,0,0,,0,55.6,0,normal,1.0,加速フェーズでrequired_speed未達のため力行継続は適切で、速度超過や信号違反なし、ノコギリ運転も発生せず高評価とした。
12.0,Train11,駅出発直後の加速フェーズ（20秒以内）,力行（加速）中,13.0,ブレーキ（減速）,30.0,70.0,70.0,28.74076563054452,55.6,2124.919558623116,168.0,45.26842050023039,0.0,-2.1,この先制限速度なし,326m先に下り勾配6.7‰あり,先行列車なし,後続列車なし,0,0,,0,55.6,0,normal,1.0,制限速度・CBTCを遵守し、加速フェーズで必要な力行を継続、ノコギリ運転や列間隔問題がなく最適と判断した。
13.0,Train11,駅出発直後の加速フェーズ（20秒以内）,力行（加速）中,14.0,ブレーキ（減速）,30.0,70.0,70.0,30.39497732598752,55.6,2116.701871878522,167.0,50.590751129929444,0.0,-2.1,この先制限速度なし,318m先に下り勾配6.7‰あり,先行列車なし,後続列車なし,0,0,,0,55.6,0,normal,1.0,制限速度・CBTC信号を遵守し、加速フェーズで必要速度未達のため力行継続は適切であり、ノコギリ運転や間隔問題もなく高評価とした。
14.0,Train11,駅出発直後の加速フェーズ（20秒以内）,力行（加速）中,15.0,ブレーキ（減速）,30.0,70.0,70.0,31.96118741293167,55.6,2108.0371352702264,166.0,55.89727882133326,0.0,-2.1,この先制限速度なし,308m先に下り勾配6.7‰あり,先行列車なし,後続列車なし,0,0,,0,55.6,0,normal,1.0,加速フェーズで必要速度未達、制限・信号遵守、ノコギリ運転なし、適切な力行であるため最高評価とした。運転操作は妥当です。
15.0,Train11,駅出発直後の加速フェーズ（20秒以内）,力行（加速）中,16.0,ブレーキ（減速）,30.0,70.0,70.0,33.38956556163591,55.7,2098.9567704531,165.0,60.962744482185535,0.0,-2.1,この先制限速度なし,299m先に下り勾配6.7‰あり,先行列車なし,後続列車なし,0,0,,0,55.7,0,normal,1.0,制限速度・CBTC信号を遵守し、加速フェーズで必要速度未達ながら適切に力行を継続しているため、評価は最高点とした。
16.0,Train11,駅出発直後の加速フェーズ（20秒以内）,力行（加速）中,17.0,ブレーキ（減速）,30.0,70.0,70.0,34.74124400116306,55.5,2089.490565453438,164.0,65.9540298982678,0.0,-2.1,この先制限速度なし,289m先に下り勾配6.7‰あり,先行列車なし,後続列車なし,0,0,,0,55.5,0,normal,1.0,加速フェーズで必要速度未達のため力行継続は適切で、速度・信号超過なし、ノコギリ運転もなく評価は最高点とする。
17.0,Train11,駅出発直後の加速フェーズ（20秒以内）,力行（加速）中,18.0,ブレーキ（減速）,30.0,70.0,70.0,36.020771480221505,55.8,2079.6591052485524,163.0,70.85555172406373,0.0,-2.1,この先制限速度なし,279m先に下り勾配6.7‰あり,先行列車なし,後続列車なし,0,0,,0,55.8,0,normal,1.0,加速フェーズで必要速度未達のため力行は適切で、速度・信号・停止位置すべて遵守しているため最高評価とした。
18.0,Train11,駅出発直後の加速フェーズ（20秒以内）,力行（加速）中,19.0,ブレーキ（減速）,30.0,70.0,70.0,37.231931443069435,55.6,2069.481896506094,162.0,75.65297642941177,0.0,-2.1,この先制限速度なし,268m先に下り勾配6.7‰あり,先行列車なし,後続列車なし,0,0,,0,55.6,0,normal,1.0,加速フェーズで必要速度未達だが加速中であり、速度・信号超過なし、ノコギリ運転もなく、全項目で適切と判断し最高評価とした。
19.0,Train11,駅出発直後の加速フェーズ（20秒以内）,力行（加速）中,20.0,ブレーキ（減速）,30.0,70.0,70.0,38.42520543202613,55.6,2058.9717781665904,161.0,80.52917892951976,0.0,-2.1,この先制限速度なし,258m先に下り勾配6.7‰あり,先行列車なし,後続列車なし,0,0,,0,55.6,0,normal,1.0,加速フェーズでrequired_speed未達のため力行は適切、速度・信号遵守、ノコギリ運転なしと評価し最高点とした。
20.0,Train11,駅出発直後の加速フェーズ（20秒以内）,力行（加速）中,21.0,ブレーキ（減速）,30.0,70.0,70.0,39.53786155146717,55.6,2048.14026130251,160.0,85.20934198308025,0.0,-2.1,この先制限速度なし,247m先に下り勾配6.7‰あり,先行列車なし,後続列車なし,0,0,,0,55.6,0,normal,1.0,加速フェーズでrequired_speed未達だが力行継続は適切で、速度超過・信号違反・ノコギリ運転なし。
21.0,Train11,巡航フェーズ（駅間走行中）,力行（加速）中,22.0,ブレーキ（減速）,30.0,70.0,70.0,40.58822488598231,55.4,2037.0088400947352,159.0,89.74526156397916,0.0,-2.1,この先制限速度なし,235m先に下り勾配6.7‰あり,先行列車なし,後続列車なし,0,0,,0,55.4,0,normal,1.0,全ての上位評価項目で安全・信号遵守・速度適正が保たれ、加速は必要速度未達のため適切であり、ノコギリ運転もなく高評価とした。
22.0,Train11,巡航フェーズ（駅間走行中）,力行（加速）中,23.0,ブレーキ（減速）,30.0,70.0,70.0,41.5822664799225,55.5,2025.5936227656478,158.0,94.14301375213098,0.0,-2.1,この先制限速度なし,223m先に下り勾配6.7‰あり,先行列車なし,後続列車なし,0,0,,0,55.5,0,normal,1.0,巡航フェーズでrequired_speed未達のため加速は適切で、速度・信号制限を遵守し安全上の問題なしと判断した。
23.0,Train11,巡航フェーズ（駅間走行中）,力行（加速）中,24.0,ブレーキ（減速）,30.0,70.0,70.0,42.52872754108959,55.7,2013.90952097929,157.0,98.42494807454143,0.0,-2.1,この先制限速度なし,211m先に下り勾配6.7‰あり,先行列車なし,後続列車なし,0,0,,0,55.7,0,normal,1.0,巡航フェーズでrequired_speed未達のため加速は適切で、速度・信号超過なし、ノコギリ運転もなく評価は最高点とした。
24.0,Train11,巡航フェーズ（駅間走行中）,力行（加速）中,25.0,ブレーキ（減速）,30.0,70.0,70.0,43.467615797622145,55.7,2001.9648644447336,156.0,102.7636352204607,0.0,-2.1,この先制限速度なし,199m先に下り勾配6.7‰あり,先行列車なし,後続列車なし,0,0,,0,55.7,0,normal,1.0,巡航フェーズでrequired_speed未達のため加速は適切で、速度制限・CBTC遵守、ノコギリ運転なしと評価し最高点とした。
25.0,Train11,巡航フェーズ（駅間走行中）,力行（加速）中,26.0,ブレーキ（減速）,30.0,70.0,70.0,44.4073152454624,55.7,1989.758341814124,155.0,107.19659481098377,0.0,-2.1,この先制限速度なし,187m先に下り勾配6.7‰あり,先行列車なし,後続列車なし,0,0,,0,55.7,0,normal,1.0,巡航フェーズでrequired_speed未達のため加速は適切で、速度・信号遵守、停止位置も問題なく、ノコギリ運転なし。
26.0,Train11,巡航フェーズ（駅間走行中）,力行（加速）中,27.0,ブレーキ（減速）,30.0,70.0,70.0,45.33131704463812,55.3,1977.2929988316755,154.0,111.64357138409707,0.0,-2.1,この先制限速度なし,174m先に下り勾配6.7‰あり,先行列車なし,後続列車なし,0,0,,0,55.3,0,normal,1.0,巡航フェーズでrequired_speed未達のため加速は適切、速度・信号超過なし、ノコギリ運転もなく全項目OKのためreward=1.0。
27.0,Train11,巡航フェーズ（駅間走行中）,力行（加速）中,28.0,ブレーキ（減速）,30.0,70.0,70.0,46.23984668729646,55.7,1964.5731642795427,153.0,116.10100143035547,0.0,-2.1,この先制限速度なし,161m先に下り勾配6.7‰あり,先行列車なし,後続列車なし,0,0,,0,55.7,0,normal,1.0,巡航フェーズでrequired_speed未達のため加速は適切で、速度・信号遵守、ノコギリ運転なし、他条件すべてOKと判断し最高評価とした。
28.0,Train11,巡航フェーズ（駅間走行中）,力行（加速）中,29.0,ブレーキ（減速）,30.0,70.0,70.0,47.133127735266775,55.3,1951.6031045731133,152.0,120.56548970110217,0.0,-2.1,この先制限速度なし,148m先に下り勾配6.7‰あり,先行列車なし,後続列車なし,0,0,,0,55.3,0,normal,1.0,制限速度・CBTCを遵守し、巡航フェーズで必要速度未達のため加速は適切かつ安全上問題なく、他項目に違反がないため最高評価とした。
29.0,Train11,巡航フェーズ（駅間走行中）,力行（加速）中,30.0,ブレーキ（減速）,30.0,70.0,70.0,48.01138178645524,55.7,1938.3870243020879,151.0,125.03380373150794,0.0,-2.1,この先制限速度なし,134m先に下り勾配6.7‰あり,先行列車なし,後続列車なし,0,0,,0,55.7,0,normal,1.0,巡航フェーズでrequired_speed未達のため加速は適切で、速度・信号超過なし、ノコギリ運転もなく安全・省エネ的に問題なしと判断し1.0とした。
30.0,Train11,巡航フェーズ（駅間走行中）,力行（加速）中,31.0,ブレーキ（減速）,30.0,70.0,70.0,48.87482844365983,55.7,1924.9290667802868,150.0,129.50286817721283,0.0,-2.1,この先制限速度なし,121m先に下り勾配6.7‰あり,先行列車なし,後続列車なし,0,0,,0,55.7,0,normal,1.0,現在速度が必要速度未満であり、加速は必須。速度制限・CBTC信号を遵守し、ノコギリ運転やエネルギー無駄もなく適切な巡航運転と判断した。
31.0,Train11,巡航フェーズ（駅間走行中）,力行（加速）中,32.0,ブレーキ（減速）,30.0,70.0,70.0,49.72368528573123,55.3,1911.233314604086,149.0,133.96975968771088,0.0,-2.1,この先制限速度なし,107m先に下り勾配6.7‰あり,先行列車なし,後続列車なし,0,0,,0,55.3,0,normal,1.0,巡航フェーズでrequired_speed未達のため加速は適切で、速度・信号・制限を遵守し、ノコギリ運転もなく全項目で問題なしと判断した。
32.0,Train11,巡航フェーズ（駅間走行中）,力行（加速）中,33.0,ブレーキ（減速）,30.0,70.0,70.0,50.55816784100678,55.8,1897.3037902183344,148.0,138.43170146781245,0.0,-2.1,この先制限速度なし,93m先に下り勾配6.7‰あり,先行列車なし,後続列車なし,0,0,,0,55.8,0,normal,1.0,巡航フェーズでrequired_speed未達のため加速は適切、速度は制限内、ノコギリ運転なし、定時・省エネに問題なく評価。
33.0,Train11,巡航フェーズ（駅間走行中）,力行（加速）中,34.0,ブレーキ（減速）,30.0,70.0,70.0,51.378489562944814,55.8,1883.1444564893936,147.0,142.88605828992664,0.0,-2.1,この先制限速度なし,78m先に下り勾配6.7‰あり,先行列車なし,後続列車なし,0,0,,0,55.8,0,normal,1.0,制限速度・信号遵守、ノコギリ運転なし、必要な加速を実施しており安全・定時性に問題がないため最高評価とした。
34.0,Train11,巡航フェーズ（駅間走行中）,力行（加速）中,35.0,ブレーキ（減速）,30.0,70.0,70.0,52.18486180788789,55.8,1868.7592172847083,146.0,147.33033146615946,0.0,-2.1,この先制限速度なし,64m先に下り勾配6.7‰あり,先行列車なし,後続列車なし,0,0,,0,55.8,0,normal,1.0,全ての安全・信号基準を満たし、巡航フェーズで必要速度未達のため加速は適切であると判断した。
35.0,Train11,巡航フェーズ（駅間走行中）,力行（加速）中,36.0,ブレーキ（減速）,30.0,70.0,70.0,52.97749381488468,55.8,1854.1519180581504,145.0,151.76215394491751,0.0,-2.1,この先制限速度なし,49m先に下り勾配6.7‰あり,先行列車なし,後続列車なし,0,0,,0,55.8,0,normal,1.0,巡航フェーズでrequired_speed未達のため加速は適切で、速度・信号制限を遵守し、ノコギリ運転もなく、全項目で問題なしと判断した。
36.0,Train11,巡航フェーズ（駅間走行中）,力行（加速）中,37.0,ブレーキ（減速）,30.0,70.0,70.0,53.75659268750127,55.8,1839.3263464408776,144.0,156.17928556696097,0.0,-2.1,この先制限速度なし,34m先に下り勾配6.7‰あり,先行列車なし,後続列車なし,0,0,,0,55.8,0,normal,1.0,巡航フェーズでrequired_speed未達のため加速は適切で、速度・信号超過なし、ノコギリ運転もなく評価は最高です。
37.0,Train11,巡航フェーズ（駅間走行中）,力行（加速）中,38.0,ブレーキ（減速）,30.0,70.0,70.0,54.522363377553184,55.5,1824.2862328366946,143.0,160.5796084373565,0.0,-2.1,この先制限速度なし,19m先に下り勾配6.7‰あり,先行列車なし,後続列車なし,0,0,,0,55.5,0,normal,1.0,巡航フェーズでrequired_speed未満のため加速は適切で、速度・信号制限を遵守し、ノコギリ運転もなく、全体的に安全かつ効率的。
38.0,Train11,巡航フェーズ（駅間走行中）,力行（加速）中,39.0,ブレーキ（減速）,30.0,70.0,70.0,55.27500867069228,55.8,1809.0352510219284,142.0,164.9611224265856,0.0,-2.1,この先制限速度なし,3m先に下り勾配6.7‰あり,先行列車なし,後続列車なし,0,0,,0,55.8,0,normal,1.0,巡航フェーズでrequired_speed未満のため加速が必要であり、現在の力行は速度制限・CBTC信号を遵守し、ノコギリ運転もなく、全体的に適切と判断した。
39.0,Train11,巡航フェーズ（駅間走行中）,力行（加速）中,40.0,ブレーキ（減速）,30.0,70.0,70.0,56.01472917378099,56.0,1793.577018748909,141.0,180.71906708088176,0.0,-6.7,この先制限速度なし,この先目立った勾配なし,先行列車なし,後続列車なし,0,0,,0,56.0,0,normal,0.4,巡航フェーズでrequired_speedを満たすにも関わらず不要な力行を続けているため省エネ性が低く評価し、rewardを0.4とした。
40.0,Train11,巡航フェーズ（駅間走行中）,力行（加速）中,41.0,ブレーキ（減速）,30.0,70.0,70.0,56.86586343327023,56.9,1777.9016202179746,140.0,186.13853194337307,0.0,-6.7,この先制限速度なし,この先目立った勾配なし,先行列車なし,後続列車なし,0,0,,0,56.9,0,normal,0.5,巡航フェーズでrequired_speedと同等の速度にも関わらず力行を継続し、不要な加速でエネルギー効率が低下しているため減点し0.5とした。
41.0,Train11,巡航フェーズ（駅間走行中）,力行（加速）中,42.0,ブレーキ（減速）,30.0,70.0,70.0,57.73908262527237,57.7,1761.9827019064403,139.0,191.7770815251151,0.0,-6.7,この先制限速度なし,この先目立った勾配なし,先行列車なし,後続列車なし,0,0,,0,57.7,0,normal,0.5,巡航フェーズでrequired_speedを満たす速度であるにも関わらず力行を継続し、省エネ性が低く不適切と判断した。
42.0,Train11,巡航フェーズ（駅間走行中）,力行（加速）中,43.0,ブレーキ（減速）,30.0,70.0,70.0,58.597213985238675,58.6,1745.8233445234869,138.0,197.39537417975214,0.0,-6.7,この先制限速度なし,この先目立った勾配なし,先行列車なし,後続列車なし,0,0,,0,58.6,0,normal,0.4,巡航フェーズで必要速度を満たすにも関わらず力行を継続し、省エネ性と定時性に対し不適切なため評価を低減した。
43.0,Train11,巡航フェーズ（駅間走行中）,力行（加速）中,44.0,ブレーキ（減速）,30.0,70.0,70.0,59.4404865393385,59.4,1729.4277069528619,137.0,202.9906608002074,0.0,-6.7,この先制限速度なし,この先目立った勾配なし,先行列車なし,後続列車なし,0,0,,0,59.4,0,normal,0.5,巡航フェーズでrequired_speedを満たすにも関わらず力行を続けているため省エネ性が低く、不要な加速と判断し0.5点とした。
44.0,Train11,巡航フェーズ（駅間走行中）,力行（加速）中,45.0,ブレーキ（減速）,30.0,70.0,70.0,60.269126993146735,60.3,1712.799884784868,136.0,208.56034946659292,0.0,-6.7,この先制限速度なし,この先目立った勾配なし,先行列車なし,後続列車なし,0,0,,0,60.3,0,normal,0.5,巡航フェーズでrequired_speedと同等の速度にも関わらず力行を継続し、省エネ性が低いため評価を減点した。
45.0,Train11,巡航フェーズ（駅間走行中）,力行（加速）中,46.0,ブレーキ（減速）,30.0,70.0,70.0,61.083359710399804,61.1,1695.943910964143,135.0,214.10199946474236,0.0,-6.7,この先制限速度なし,この先目立った勾配なし,先行列車なし,後続列車なし,0,0,,0,61.1,0,normal,0.5,巡航フェーズで必要速度と同等なのに力行を続け、エネルギー効率が低下しているため減点し0.5とした。
46.0,Train11,巡航フェーズ（駅間走行中）,力行（加速）中,47.0,ブレーキ（減速）,30.0,70.0,70.0,61.883406693976156,61.9,1678.8637564428122,134.0,219.61331556358223,0.0,-6.7,この先制限速度なし,この先目立った勾配なし,先行列車なし,後続列車なし,0,0,,0,61.9,0,normal,0.5,巡航フェーズでrequired_speedを満たすのに力行を続けているためエネルギー無駄と判断し、0.5点とした。
47.0,Train11,巡航フェーズ（駅間走行中）,力行（加速）中,48.0,ブレーキ（減速）,30.0,70.0,70.0,62.66948756902297,62.7,1661.5633308387032,133.0,225.09214225037752,0.0,-6.7,この先制限速度なし,この先目立った勾配なし,先行列車なし,後続列車なし,0,0,,0,62.7,0,normal,0.5,巡航フェーズでrequired_speedを満たす速度にも関わらず力行を継続し、不要な加速で省エネ性が低下しているため減点する。
48.0,Train11,巡航フェーズ（駅間走行中）,力行（加速）中,49.0,ブレーキ（減速）,30.0,70.0,70.0,63.44181956815132,63.4,1644.0464830979877,132.0,210.05545899927287,0.0,0.0,この先制限速度なし,この先目立った勾配なし,先行列車なし,後続列車なし,0,0,,0,63.4,0,normal,0.7,巡航フェーズでrequired_speedに達しているのに力行を続けているためエネルギー効率が低く、不要な加速と判断した。
49.0,Train11,巡航フェーズ（駅間走行中）,力行（加速）中,50.0,ブレーキ（減速）,30.0,70.0,70.0,64.01982676502095,64.0,1626.3366317579048,131.0,213.81252192077906,0.0,0.0,この先制限速度なし,この先目立った勾配なし,先行列車なし,後続列車なし,0,0,,0,64.0,0,normal,0.5,巡航フェーズでrequired_speedと同等の速度にも関わらず力行を継続しているためエネルギー効率が低く、不要な加速と判断し中程度の減点とした。
50.0,Train11,巡航フェーズ（駅間走行中）,力行（加速）中,51.0,ブレーキ（減速）,30.0,70.0,70.0,64.53416485320778,64.5,1608.4809854409734,130.0,217.1819597241544,0.0,0.0,この先制限速度なし,この先目立った勾配なし,先行列車なし,後続列車なし,0,0,,0,64.5,0,normal,0.5,巡航フェーズでrequired_speedと同等の速度にも関わらず力行を継続し、エネルギー効率が低下しているため減点し0.5とした。
51.0,Train11,巡航フェーズ（駅間走行中）,力行（加速）中,52.0,ブレーキ（減速）,30.0,70.0,70.0,65.03946568219119,65.0,1590.4837386042523,129.0,220.51619619975193,0.0,0.0,この先制限速度なし,この先目立った勾配なし,先行列車なし,後続列車なし,0,0,,0,65.0,0,normal,0.6,巡航フェーズでrequired_speedと同等の速度なのに力行を続けており、エネルギー効率が低下しているため評価を減点し0.6とした。
52.0,Train11,巡航フェーズ（駅間走行中）,力行（加速）中,53.0,ブレーキ（減速）,30.0,70.0,70.0,65.5358770655747,65.5,1572.3473808156464,128.0,223.81489622968957,0.0,0.0,この先制限速度なし,この先目立った勾配なし,先行列車なし,後続列車なし,0,0,,0,65.5,0,normal,0.7,巡航フェーズでrequired_speedを満たす速度にも関わらず力行を継続し、エネルギー効率が低下しているため減点し0.7とした。
53.0,Train11,巡航フェーズ（駅間走行中）,力行（加速）中,54.0,ブレーキ（減速）,30.0,70.0,70.0,66.02354479594342,66.0,1554.0743608675066,127.0,227.0777652594139,0.0,0.0,この先制限速度なし,この先目立った勾配なし,先行列車なし,後続列車なし,0,0,,0,66.0,0,normal,0.5,巡航フェーズでrequired_speedを満たすにも関わらず力行を継続しており、エネルギー効率が低下しているため評価を減点した。
54.0,Train11,巡航フェーズ（駅間走行中）,力行（加速）中,55.0,ブレーキ（減速）,30.0,70.0,70.0,66.50261265776794,66.5,1535.6670873362398,126.0,230.30454742595413,0.0,0.0,この先制限速度なし,この先目立った勾配なし,先行列車なし,後続列車なし,0,0,,0,66.5,0,normal,0.7,巡航フェーズでrequired_speedを満たすのに力行を継続し、エネルギー効率が低下しているため減点し、rewardを0.7とした。
55.0,Train11,巡航フェーズ（駅間走行中）,力行（加速）中,56.0,ブレーキ（減速）,30.0,70.0,70.0,66.97322244084468,67.0,1517.1279291382582,125.0,233.49502374026002,0.0,0.0,この先制限速度なし,この先目立った勾配なし,先行列車なし,後続列車なし,0,0,,0,67.0,0,normal,0.5,巡航フェーズで必要速度を満たすにも関わらず不要な力行を続けているため省エネ性が低く評価し0.5点とした。
56.0,Train11,巡航フェーズ（駅間走行中）,力行（加速）中,57.0,ブレーキ（減速）,30.0,70.0,70.0,67.43551395424122,67.4,1498.4592160821107,124.0,236.6490103835682,0.0,0.0,この先制限速度なし,489m先に上り勾配12.5‰あり,先行列車なし,後続列車なし,0,0,,0,67.4,0,normal,0.6,巡航フェーズで必要速度67.4km/hを既に達成しているにも関わらず、力行を継続しエネルギー効率が低下したため、評価を減点した。
57.0,Train11,巡航フェーズ（駅間走行中）,力行（加速）中,58.0,ブレーキ（減速）,30.0,70.0,70.0,67.88962504071506,67.9,1479.6632394166238,123.0,239.76635699766786,0.0,0.0,この先制限速度なし,470m先に上り勾配12.5‰あり,先行列車なし,後続列車なし,0,0,,0,67.9,0,normal,0.7,巡航フェーズでrequired_speedを既に満たすのに力行を続けているため、エネルギー効率が低下し評価を減点した。
58.0,Train11,巡航フェーズ（駅間走行中）,力行（加速）中,59.0,ブレーキ（減速）,30.0,70.0,70.0,68.33703074066928,68.3,1460.7421574620466,122.0,242.85622091473422,0.0,0.0,この先制限速度なし,451m先に上り勾配12.5‰あり,先行列車なし,後続列車なし,0,0,,0,68.3,0,normal,0.6,巡航フェーズでrequired_speedと同等の速度にもかかわらず力行を継続し、エネルギー消費が増大しているため省エネ性が低く評価される。
59.0,Train11,巡航フェーズ（駅間走行中）,力行（加速）中,60.0,ブレーキ（減速）,30.0,70.0,70.0,68.7810865040963,68.8,1441.6972838972627,121.0,245.94112104175284,0.0,0.0,この先制限速度なし,432m先に上り勾配12.5‰あり,先行列車なし,後続列車なし,0,0,,0,68.8,0,normal,0.4,巡航フェーズで必要速度を満たすにも関わらず力行を継続し、省エネ性が低いため減点し、rewardを0.4とした。
60.0,Train11,巡航フェーズ（駅間走行中）,力行（加速）中,61.0,ブレーキ（減速）,30.0,70.0,70.0,69.22195793481993,69.2,1422.5295085325947,120.0,249.02177662418936,0.0,0.0,この先制限速度なし,413m先に上り勾配12.5‰あり,先行列車なし,後続列車なし,0,0,,0,69.2,0,normal,0.5,巡航フェーズで必要速度に達しているにも関わらず力行を継続し、省エネ性が低下しているため中程度の減点とした。
61.0,Train11,巡航フェーズ（駅間走行中）,力行（加速）中,62.0,ブレーキ（減速）,30.0,70.0,70.0,69.65965942481216,69.7,1403.2397138878955,119.0,252.09787211822405,0.0,0.0,この先制限速度なし,393m先に上り勾配12.5‰あり,先行列車なし,後続列車なし,0,0,,0,69.7,0,normal,0.5,巡航フェーズでrequired_speedと同等の速度であるにも関わらず不要な力行を継続し、省エネ性が低く評価されたため。
62.0,Train11,巡航フェーズ（駅間走行中）,ブレーキ（減速）中,1.0,力行（加速）,62.0,70.0,70.0,70.0942054446789,70.1,1383.8287784741326,118.0,255.1690988578471,0.0,0.0,この先制限速度なし,374m先に上り勾配12.5‰あり,先行列車なし,後続列車なし,0,0,,0,70.1,0,normal,0.0,制限速度とCBTC信号を超過し、不要なブレーキを行っているため即時0点ルールが適用され、rewardは0.0となります。
63.0,Train11,巡航フェーズ（駅間走行中）,力行（加速）中,1.0,ブレーキ（減速）,1.0,70.0,70.0,67.35220737393803,67.4,1364.7430482492914,117.0,236.07919526905738,0.0,0.0,この先制限速度なし,355m先に上り勾配12.5‰あり,先行列車なし,後続列車なし,0,0,,0,67.4,0,normal,0.0,ブレーキから力行への1秒未満の反転がノコギリ運転と判定され、上限が0.0点となったため0.0とした。
64.0,Train11,巡航フェーズ（駅間走行中）,力行（加速）中,2.0,ブレーキ（減速）,1.0,70.0,70.0,67.80779327506437,67.8,1345.9700048451673,116.0,239.20320275251524,0.0,0.0,この先制限速度なし,337m先に上り勾配12.5‰あり,先行列車なし,後続列車なし,0,0,,0,67.8,0,normal,0.0,ブレーキから2秒で力行へ反転し、保持時間が7秒未満のためノコギリ運転と判定、上限0.0点となり、加速は不要で省エネ性も欠如している。
65.0,Train11,巡航フェーズ（駅間走行中）,力行（加速）中,3.0,ブレーキ（減速）,1.0,70.0,70.0,68.25608011336216,68.3,1327.07150324595,115.0,242.2957987190891,0.0,0.0,この先制限速度なし,318m先に上り勾配12.5‰あり,先行列車なし,後続列車なし,0,0,,0,68.3,0,normal,0.0,前ノッチが1秒のブレーキから3秒の力行へ短時間で反転し、ノコギリ運転と判定されたためreward上限が0.0となった。
66.0,Train11,巡航フェーズ（駅間走行中）,力行（加速）中,4.0,ブレーキ（減速）,1.0,70.0,70.0,68.70071545559975,68.7,1308.0490346044264,114.0,245.38143494423903,0.0,0.0,この先制限速度なし,298m先に上り勾配12.5‰あり,先行列車なし,後続列車なし,0,0,,0,68.7,0,normal,0.0,前後のノッチ保持時間が7秒未満で減速→力行への不合理な切替があり、ノコギリ運転と判定され上限0.0点となった。
67.0,Train11,巡航フェーズ（駅間走行中）,力行（加速）中,5.0,ブレーキ（減速）,1.0,70.0,70.0,69.14216386127225,69.1,1288.9035035338204,113.0,248.46288466538948,0.0,0.0,この先制限速度なし,279m先に上り勾配12.5‰あり,先行列車なし,後続列車なし,0,0,,0,69.1,0,normal,0.0,前ブレーキから5秒の力行への反転が1秒で行われ、保持時間が7秒未満のためノコギリ運転と判定し、上限0.0点となった。
68.0,Train11,巡航フェーズ（駅間走行中）,力行（加速）中,6.0,ブレーキ（減速）,1.0,70.0,70.0,69.58043970775545,69.6,1269.6357932793348,112.0,251.53983108022018,0.0,0.0,この先制限速度なし,260m先に上り勾配12.5‰あり,先行列車なし,後続列車なし,0,0,,0,69.6,0,normal,0.0,前ノッチが1秒のブレーキから6秒未満の力行へ反転し、条件をすべて満たすノコギリ運転と判定されたため、rewardは0.0とした。
69.0,Train11,巡航フェーズ（駅間走行中）,ブレーキ（減速）中,1.0,力行（加速）,6.0,70.0,70.0,70.01555745160337,70.0,1250.2467830813125,111.0,254.6119642627876,0.0,0.0,この先制限速度なし,241m先に上り勾配12.5‰あり,先行列車なし,後続列車なし,0,0,,0,70.0,0,normal,0.3,不必要なブレーキと6秒未満の力行からの急激な減速がノコギリ運転と判定され、エネルギー無駄と評価されたため。
70.0,Train11,巡航フェーズ（駅間走行中）,力行（加速）中,1.0,ブレーキ（減速）,1.0,70.0,70.0,67.27385733426055,67.3,1231.1828574808424,110.0,235.54386645481117,0.0,0.0,この先制限速度なし,222m先に上り勾配12.5‰あり,先行列車なし,後続列車なし,0,0,,0,67.3,0,normal,0.0,前後のノッチが1秒未満で反転し、2秒未満のノコギリ運転と判定されたため、上限が0.0点となりreward=0.0とした。
71.0,Train11,巡航フェーズ（駅間走行中）,力行（加速）中,2.0,ブレーキ（減速）,1.0,70.0,70.0,67.7308300323249,67.7,1212.431382902473,109.0,238.67411514461574,0.0,0.0,この先制限速度なし,203m先に上り勾配12.5‰あり,先行列車なし,後続列車なし,0,0,,0,67.7,0,normal,0.0,直前のブレーキから2秒で力行へ切替え、保持時間が7秒未満で合理的理由がなく、ノコギリ運転と判定し上限0.0点とした。
72.0,Train11,巡航フェーズ（駅間走行中）,力行（加速）中,3.0,ブレーキ（減速）,1.0,70.0,70.0,68.18008866831453,68.2,1193.5540952910806,108.0,241.77025661026116,0.0,0.0,この先制限速度なし,184m先に上り勾配12.5‰あり,先行列車なし,後続列車なし,0,0,,0,68.2,0,normal,0.0,力行への切替が不要であり、保持時間が短くノコギリ運転と判定されたためrewardは0.0とした。
73.0,Train11,巡航フェーズ（駅間走行中）,力行（加速）中,4.0,ブレーキ（減速）,1.0,70.0,70.0,68.62526782521049,68.6,1174.5526590428917,107.0,244.85657330667456,0.0,0.0,この先制限速度なし,165m先に上り勾配12.5‰あり,先行列車なし,後続列車なし,0,0,,0,68.6,0,normal,0.0,持続時間が7秒未満でブレーキから力行への不合理な切替があり、ノコギリ運転と判定され上限0.0点となった。このためエネルギー効率が著しく低下し、評価は0.0とした。
74.0,Train11,巡航フェーズ（駅間走行中）,力行（加速）中,5.0,ブレーキ（減速）,1.0,70.0,70.0,69.06725760673861,69.1,1155.4280096477853,106.0,247.93875810634412,0.0,0.0,この先制限速度なし,146m先に上り勾配12.5‰あり,先行列車なし,後続列車なし,0,0,,0,69.1,0,normal,0.0,巡航中に必要以上の力行を行い、直前のブレーキから5秒で加速へ切り替えたためノコギリ運転と判定され、上限が0点となった。
75.0,Train11,巡航フェーズ（駅間走行中）,力行（加速）中,6.0,ブレーキ（減速）,1.0,70.0,70.0,69.50607237649942,69.5,1136.181031030354,105.0,251.01649302486746,0.0,0.0,この先制限速度なし,126m先に上り勾配12.5‰あり,先行列車なし,後続列車なし,0,0,,0,69.5,0,normal,0.0,ブレーキ→力行への反転が2秒未満で合理的理由がなくノコギリ運転と判定されたため、rewardは0.0とした。
76.0,Train11,巡航フェーズ（駅間走行中）,力行（加速）中,7.0,ブレーキ（減速）,1.0,70.0,70.0,69.94172657778337,69.9,1116.8126031140418,104.0,254.08946694680773,0.0,0.0,この先制限速度なし,107m先に上り勾配12.5‰あり,先行列車なし,後続列車なし,0,0,,0,69.9,0,normal,0.7,巡航フェーズでrequired_speedを満たすのに不要な力行を継続し、省エネ性が低下したため評価を減点し0.7とした。
77.0,Train11,巡航フェーズ（駅間走行中）,ブレーキ（減速）中,1.0,力行（加速）,7.0,70.0,70.0,70.37423473057962,70.4,1097.3236017994452,103.0,257.1573756355572,0.0,0.0,この先制限速度なし,88m先に上り勾配12.5‰あり,先行列車なし,後続列車なし,0,0,,0,70.4,0,normal,0.0,現在速度が制限速度70km/hを超えて70.4km/hで走行しており、即時0点ルールに該当するためrewardは0.0とする。
78.0,Train11,巡航フェーズ（駅間走行中）,力行（加速）中,1.0,ブレーキ（減速）,1.0,70.0,70.0,67.63117360039294,67.6,1078.1602356552362,102.0,237.98983199895613,0.0,0.0,この先制限速度なし,69m先に上り勾配12.5‰あり,先行列車なし,後続列車なし,0,0,,0,67.6,0,normal,0.0,ブレーキ→力行への短時間反転（各1秒）でノコギリ運転と判定され、上限が0.0点のためrewardは0.0とした。
79.0,Train11,巡航フェーズ（駅間走行中）,力行（加速）中,2.0,ブレーキ（減速）,1.0,70.0,70.0,68.08189551955337,68.1,1059.3103951400735,101.0,241.09195747758812,0.0,0.0,この先制限速度なし,50m先に上り勾配12.5‰あり,先行列車なし,後続列車なし,0,0,,0,68.1,0,normal,0.0,ブレーキから2秒未満で力行へ切替え、条件をすべて満たすノコギリ運転と判定し、エネルギー無駄と定時性に余裕がある点も評価対象外とした。上限点0.0とした。
80.0,Train11,巡航フェーズ（駅間走行中）,力行（加速）中,3.0,ブレーキ（減速）,1.0,70.0,70.0,68.5277770021531,68.5,1040.3361361732984,100.0,244.17913830736867,0.0,0.0,この先制限速度なし,31m先に上り勾配12.5‰あり,先行列車なし,後続列車なし,0,0,,0,68.5,0,normal,0.0,前ノッチが1秒でブレーキ→力行への反転でノコギリ運転と判定され、prev_notch_durationが2秒未満のため上限0.0点となり、不要な力行も評価を下げた。
81.0,Train11,巡航フェーズ（駅間走行中）,力行（加速）中,4.0,ブレーキ（減速）,1.0,70.0,70.0,68.9704659660034,69.0,1021.238469409667,99.0,247.26225798363936,0.0,0.0,この先制限速度なし,12m先に上り勾配12.5‰あり,先行列車なし,後続列車なし,0,0,,0,69.0,0,normal,0.0,加速から減速への短時間反転がノコギリ運転と判定され、prev_notch_durationが1秒で上限0.0点となったためrewardは0.0とした。
82.0,Train11,巡航フェーズ（駅間走行中）,力行（加速）中,5.0,ブレーキ（減速）,1.0,70.0,70.0,69.4099767568006,69.4,1002.018279649441,98.0,214.87985905464086,0.0,12.5,この先制限速度なし,この先目立った勾配なし,先行列車なし,後続列車なし,0,0,,0,69.4,0,normal,0.0,前ノッチが1秒のブレーキから5秒の力行への短時間反転でノコギリ運転と判定され、上限が0.0点となったため評価は0.0とした。
83.0,Train11,巡航フェーズ（駅間走行中）,力行（加速）中,6.0,ブレーキ（減速）,1.0,70.0,70.0,69.68336621515576,69.7,982.685051971906,97.0,216.5375338977956,0.0,12.5,この先制限速度なし,この先目立った勾配なし,先行列車なし,後続列車なし,0,0,,0,69.7,0,normal,0.0,持続時間が7秒未満のブレーキから6秒の力行への不合理な切替がノコギリ運転と判定され、上限0.0点となったため。
84.0,Train11,巡航フェーズ（駅間走行中）,力行（加速）中,7.0,ブレーキ（減速）,1.0,70.0,70.0,69.67831832451404,69.7,963.3292703089396,96.0,216.50687232109166,0.0,12.5,この先制限速度なし,この先目立った勾配なし,先行列車なし,後続列車なし,0,0,,0,69.7,0,normal,0.5,巡航フェーズでrequired_speedと同等の速度にも関わらず不要な力行を継続し、省エネ性が低いため評価を0.5とした。
85.0,Train11,巡航フェーズ（駅間走行中）,力行（加速）中,8.0,ブレーキ（減速）,1.0,70.0,70.0,69.67330682973083,69.7,943.9748857261776,95.0,216.47643383069007,0.0,12.5,この先制限速度なし,この先目立った勾配なし,先行列車なし,後続列車なし,0,0,,0,69.7,0,normal,0.7,巡航フェーズで必要速度を満たしているのに力行を継続し、エネルギー効率が低下しているため減点し、0.7とした。
86.0,Train11,巡航フェーズ（駅間走行中）,力行（加速）中,9.0,ブレーキ（減速）,1.0,70.0,70.0,69.66833146729708,69.7,924.6218881506501,94.0,216.44621678259887,0.0,12.5,この先制限速度なし,この先目立った勾配なし,先行列車なし,後続列車なし,0,0,,0,69.7,0,normal,0.6,巡航フェーズでrequired_speedを満たすにも関わらず不要な力行を継続しエネルギー効率が低下しているため、評価を減点し0.6とした。
87.0,Train11,巡航フェーズ（駅間走行中）,力行（加速）中,10.0,ブレーキ（減速）,1.0,70.0,70.0,69.66339197562701,69.7,905.270267582356,93.0,216.4162195452388,0.0,12.5,この先制限速度なし,この先目立った勾配なし,先行列車なし,後続列車なし,0,0,,0,69.7,0,normal,0.4,巡航フェーズで必要速度を満たすのに力行を継続しており、エネルギー効率が低下しているため評価を減点し0.4とした。
88.0,Train11,巡航フェーズ（駅間走行中）,力行（加速）中,11.0,ブレーキ（減速）,1.0,70.0,70.0,69.6584880950442,69.7,885.9200140936174,92.0,216.3864404993459,0.0,12.5,この先制限速度なし,この先目立った勾配なし,先行列車なし,後続列車なし,0,0,,0,69.7,0,normal,0.5,巡航フェーズでrequired_speedと同等の速度にも関わらず力行を継続しているためエネルギー効率が低く、不要な加速と判断し評価を減点した。
89.0,Train11,巡航フェーズ（駅間走行中）,力行（加速）中,12.0,ブレーキ（減速）,1.0,70.0,70.0,69.6536195677673,69.7,866.5711178287303,91.0,216.3568780378729,0.0,12.5,この先制限速度なし,この先目立った勾配なし,先行列車なし,後続列車なし,0,0,,0,69.7,0,normal,0.5,巡航フェーズでrequired_speedに達しているのに不要な力行を続け、エネルギー効率が低下しているため減点し、rewardを0.5とした。
90.0,Train11,巡航フェーズ（駅間走行中）,力行（加速）中,13.0,ブレーキ（減速）,1.0,70.0,70.0,69.64878613789571,69.6,847.2235690032051,90.0,216.32753056589317,0.0,12.5,この先制限速度なし,この先目立った勾配なし,先行列車なし,後続列車なし,0,0,,0,69.6,0,normal,0.5,巡航フェーズでrequired_speedを既に満たすのに力行を継続し、省エネ性が低いため中程度の減点とした。
91.0,Train11,巡航フェーズ（駅間走行中）,力行（加速）中,14.0,ブレーキ（減速）,1.0,70.0,70.0,69.64398755139622,69.6,827.8773579034962,89.0,216.2983965005067,0.0,12.5,この先制限速度なし,この先目立った勾配なし,先行列車なし,後続列車なし,0,0,,0,69.6,0,normal,0.5,巡航フェーズで必要速度を満たすにも関わらず力行を継続し、エネルギー効率が低下しているため減点し0.5とした。
92.0,Train11,巡航フェーズ（駅間走行中）,力行（加速）中,15.0,ブレーキ（減速）,1.0,70.0,70.0,69.6392235560886,69.6,808.5324748862988,88.0,251.95386252080255,0.0,0.0,この先制限速度なし,199m先に上り勾配6.1‰あり,先行列車なし,後続列車なし,0,0,,0,69.6,0,normal,0.5,巡航フェーズでrequired_speedと同等の速度にも関わらず力行を継続し、エネルギー効率が低下しているため減点し0.5とした。
93.0,Train11,巡航フェーズ（駅間走行中）,力行（加速）中,16.0,ブレーキ（減速）,1.0,70.0,70.0,69.65213198828228,69.7,789.1887878869675,87.0,252.04482256130683,0.0,0.0,この先制限速度なし,179m先に上り勾配6.1‰あり,先行列車なし,後続列車なし,0,0,,0,69.7,0,normal,0.5,巡航フェーズで必要速度と同等の速度にも関わらず不要な力行を継続し、エネルギー効率が低下しているため評価を減点し、0.5とした。
94.0,Train11,巡航フェーズ（駅間走行中）,ブレーキ（減速）中,1.0,力行（加速）,16.0,70.0,70.0,70.08673234488832,70.1,769.7799357997503,86.0,255.11613591095738,0.0,0.0,この先制限速度なし,160m先に上り勾配6.1‰あり,先行列車なし,後続列車なし,0,0,,0,70.1,0,normal,0.0,制限速度70km/hを超えて70.1km/hで走行しており、即時0点ルールが適用されるためrewardは0.0とした。
95.0,Train11,巡航フェーズ（駅間走行中）,惰行中,1.0,ブレーキ（減速）,1.0,70.0,70.0,67.34476259712517,67.3,750.6962774396798,85.0,236.02830429683522,0.0,0.0,この先制限速度なし,142m先に上り勾配6.1‰あり,先行列車なし,後続列車なし,0,0,,0,67.3,0,normal,0.0,ノコギリ運転と判定され、prev_notch_durationが1秒で上限0.0点のためrewardは0.0となった。
96.0,Train11,巡航フェーズ（駅間走行中）,惰行中,2.0,ブレーキ（減速）,1.0,70.0,70.0,67.10845592436016,67.1,732.0225679241687,84.0,234.41561538045923,0.0,0.0,この先制限速度なし,123m先に上り勾配6.1‰あり,先行列車なし,後続列車なし,0,0,,0,67.1,0,normal,0.0,ノコギリ運転と判定され、前ノッチの保持時間が1秒（2秒未満）で上限0.0点に制限されたため、rewardは0.0となります。
97.0,Train11,巡航フェーズ（駅間走行中）,惰行中,3.0,ブレーキ（減速）,1.0,70.0,70.0,66.87302814060664,66.9,713.4143757303519,83.0,232.8140472304965,0.0,0.0,この先制限速度なし,104m先に上り勾配6.1‰あり,先行列車なし,後続列車なし,0,0,,0,66.9,0,normal,1.0,全ての安全基準を満たし、巡航フェーズでrequired_speedと同等の速度を維持する惰行が適切であるため最高評価とした。
98.0,Train11,巡航フェーズ（駅間走行中）,惰行中,4.0,ブレーキ（減速）,1.0,70.0,70.0,66.63847356115475,66.6,694.8714575209642,82.0,231.22350876491217,0.0,0.0,この先制限速度なし,86m先に上り勾配6.1‰あり,先行列車なし,後続列車なし,0,0,,0,66.6,0,normal,0.0,ノコギリ運転と判定され、prev_notch_durationが1秒で上限0.0点となるためrewardは0.0になる。
99.0,Train11,巡航フェーズ（駅間走行中）,惰行中,5.0,ブレーキ（減速）,1.0,70.0,70.0,66.4047865492619,66.4,676.3935715310616,81.0,229.6439098169575,0.0,0.0,この先制限速度なし,67m先に上り勾配6.1‰あり,先行列車なし,後続列車なし,0,0,,0,66.4,0,normal,0.0,持続時間が7秒未満でブレーキから惰行への反転が合理的根拠なく行われ、ノコギリ運転と判定され上限0.0点となった。安全上の問題はないが。
100.0,Train11,巡航フェーズ（駅間走行中）,惰行中,6.0,ブレーキ（減速）,1.0,70.0,70.0,66.17196151564461,66.2,657.9804775548048,80.0,228.07516112439535,0.0,0.0,この先制限速度なし,49m先に上り勾配6.1‰あり,先行列車なし,後続列車なし,0,0,,0,66.2,0,normal,0.0,ブレーキから惰行への短時間反転がノコギリ運転と判定され、上限が0.0点となったためrewardは0.0。
101.0,Train11,巡航フェーズ（駅間走行中）,惰行中,7.0,ブレーキ（減速）,1.0,70.0,70.0,65.9399929179772,65.9,639.6319369323073,79.0,226.5171743188715,0.0,0.0,この先制限速度なし,31m先に上り勾配6.1‰あり,先行列車なし,後続列車なし,0,0,,0,65.9,0,normal,1.0,巡航フェーズでrequired_speedと一致し惰行が適切、速度制限・CBTC遵守、停止距離に余裕があり、ノコギリ運転なしと評価し最高点とした。
102.0,Train11,巡航フェーズ（駅間走行中）,惰行中,8.0,ブレーキ（減速）,1.0,70.0,70.0,65.70887526039677,65.7,621.3477125367249,78.0,224.96986191543235,0.0,0.0,この先制限速度なし,13m先に上り勾配6.1‰あり,先行列車なし,後続列車なし,0,0,,0,65.7,0,normal,1.0,巡航フェーズでrequired_speedと一致し惰行が適切、速度制限・CBTC遵守、ノコギリ運転なしで安全かつ省エネと判断し最高評価とした。
103.0,Train11,巡航フェーズ（駅間走行中）,惰行中,9.0,ブレーキ（減速）,1.0,70.0,70.0,65.47860309301431,65.5,603.12756876138,77.0,206.73597627880667,0.0,6.1,この先制限速度なし,394m先に上り勾配9.2‰あり,先行列車なし,後続列車なし,0,0,,0,65.5,0,normal,1.0,巡航フェーズでrequired_speedと一致し惰行を9秒保持、速度制限・CBTC信号を遵守、停止余裕が大きく無駄な加速がなく最適と判断した。
104.0,Train11,巡航フェーズ（駅間走行中）,惰行中,10.0,ブレーキ（減速）,1.0,70.0,70.0,65.19109237303809,65.2,584.973530477388,76.0,204.9639081663154,0.0,6.1,この先制限速度なし,376m先に上り勾配9.2‰あり,先行列車なし,後続列車なし,0,0,,0,65.2,0,normal,1.0,巡航フェーズでrequired_speedと現在速度が一致し惰行が適切、速度制限・CBTC遵守、ノコギリ運転なしで安全かつ省エネと判断した。
105.0,Train11,巡航フェーズ（駅間走行中）,惰行中,11.0,ブレーキ（減速）,1.0,70.0,70.0,64.74788444753209,64.7,566.9271031953435,75.0,202.24625164639258,0.0,6.1,この先制限速度なし,359m先に上り勾配9.2‰あり,先行列車なし,後続列車なし,0,0,,0,64.7,0,normal,1.0,巡航フェーズでrequired_speedと一致し、制限・CBTC速度内で惰行を継続、停止位置も十分に確保できているため高評価とする。
106.0,Train11,巡航フェーズ（駅間走行中）,惰行中,12.0,ブレーキ（減速）,1.0,70.0,70.0,64.30627935237541,64.3,549.0035640518513,74.0,199.555396794163,0.0,6.1,この先制限速度なし,341m先に上り勾配9.2‰あり,先行列車なし,後続列車なし,0,0,,0,64.3,0,normal,1.0,巡航フェーズでrequired_speedと一致し惰行が適切、速度制限・CBTC遵守、停止位置は未到達で問題なし。
107.0,Train11,巡航フェーズ（駅間走行中）,惰行中,13.0,ブレーキ（減速）,1.0,70.0,70.0,63.86626278994578,63.9,531.2024698252671,73.0,196.89109890407192,0.0,6.1,この先制限速度なし,323m先に上り勾配9.2‰あり,先行列車なし,後続列車なし,0,0,,0,63.9,0,normal,1.0,巡航フェーズでrequired_speedと一致し惰行が適切、速度制限・CBTC遵守、ノコギリ運転なしで最高評価。
108.0,Train11,巡航フェーズ（駅間走行中）,惰行中,14.0,ブレーキ（減速）,1.0,70.0,70.0,63.427820605797116,63.4,513.5233812453137,72.0,194.2531162992585,0.0,6.1,この先制限速度なし,305m先に上り勾配9.2‰あり,先行列車なし,後続列車なし,0,0,,0,63.4,0,normal,1.0,巡航フェーズでrequired_speedと一致する63.4km/hで惰行を維持し、速度・信号制限を遵守、ノコギリ運転なし、不要な加速もなく、停止位置も十分確保できるため最高評価とした。
109.0,Train11,巡航フェーズ（駅間走行中）,惰行中,15.0,ブレーキ（減速）,1.0,70.0,70.0,62.990938786730254,63.0,495.96586295368184,71.0,191.64121030470116,0.0,6.1,この先制限速度なし,288m先に上り勾配9.2‰あり,先行列車なし,後続列車なし,0,0,,0,63.0,0,normal,1.0,巡航フェーズでrequired_speedと一致し惰行が適切、速度・信号遵守、停止余裕があり安全かつ省エネと判断した。
110.0,Train11,巡航フェーズ（駅間走行中）,惰行中,16.0,ブレーキ（減速）,1.0,70.0,70.0,62.555603458893565,62.6,478.5294834650351,70.0,189.0551451767625,0.0,6.1,この先制限速度なし,271m先に上り勾配9.2‰あり,先行列車なし,後続列車なし,0,0,,0,62.6,0,normal,1.0,巡航フェーズでrequired_speedを満たす惰行が適切であり、速度・信号超過なし、ノコギリ運転もなく省エネ的に最適と判断したため。
111.0,Train11,巡航フェーズ（駅間走行中）,惰行中,17.0,ブレーキ（減速）,1.0,70.0,70.0,62.121800885913316,62.1,461.21381512851303,69.0,186.49468813238258,0.0,6.1,この先制限速度なし,254m先に上り勾配9.2‰あり,先行列車なし,後続列車なし,0,0,,0,62.1,0,normal,1.0,巡航フェーズでrequired_speedと一致し惰行が適切、速度・信号遵守、停止距離に余裕があり安全かつ省エネと判断した。
112.0,Train11,巡航フェーズ（駅間走行中）,惰行中,18.0,ブレーキ（減速）,1.0,70.0,70.0,61.68951746705309,61.7,444.01843408990874,68.0,183.9596092620618,0.0,6.1,この先制限速度なし,236m先に上り勾配9.2‰あり,先行列車なし,後続列車なし,0,0,,0,61.7,0,normal,1.0,巡航フェーズでrequired_speedと一致する惰行を維持し、制限速度・CBTCを遵守、停止余裕も十分なため最高評価とした。
113.0,Train11,巡航フェーズ（駅間走行中）,惰行中,19.0,ブレーキ（減速）,1.0,70.0,70.0,61.258739735401655,61.3,426.9429202541346,67.0,181.44968148980414,0.0,6.1,この先制限速度なし,219m先に上り勾配9.2‰あり,先行列車なし,後続列車なし,0,0,,0,61.3,0,normal,1.0,巡航フェーズでrequired_speedと一致する61.3km/hで惰行を継続し、速度・信号・停止位置すべて安全基準を満たすため最高評価とした。
114.0,Train11,巡航フェーズ（駅間走行中）,惰行中,20.0,ブレーキ（減速）,1.0,70.0,70.0,60.82945435608864,60.8,409.98685724838776,66.0,178.96468051182364,0.0,6.1,この先制限速度なし,203m先に上り勾配9.2‰あり,先行列車なし,後続列車なし,0,0,,0,60.8,0,normal,1.0,巡航フェーズでrequired_speedと一致する惰行を維持し、速度制限・CBTC信号を遵守、無駄な力行やノコギリ運転がなく安全かつ省エネと判断した。
115.0,Train11,次駅への減速フェーズ（駅手前400m以内）,惰行中,21.0,ブレーキ（減速）,1.0,70.0,70.0,60.40164812452803,60.4,393.14983238564946,65.0,176.5043848419934,0.0,6.1,この先制限速度なし,186m先に上り勾配9.2‰あり,先行列車なし,後続列車なし,0,0,,0,60.4,0,normal,1.0,制限速度・CBTC遵守、停止距離に余裕があり現在速度は必要速度と一致、不要な加速もなく適切な惰行であるため評価は最高の1.0とした。
116.0,Train11,次駅への減速フェーズ（駅手前400m以内）,惰行中,22.0,ブレーキ（減速）,1.0,70.0,70.0,59.97530796468846,60.0,376.43143662876355,64.0,174.06857570097867,0.0,6.1,この先制限速度なし,169m先に上り勾配9.2‰あり,先行列車なし,後続列車なし,0,0,,0,60.0,0,normal,1.0,現在速度がrequired_speedと一致し、制限・信号を遵守、停止距離に余裕があるため適切な惰行と判断し最高評価とした。
117.0,Train11,次駅への減速フェーズ（駅手前400m以内）,惰行中,23.0,ブレーキ（減速）,1.0,70.0,70.0,59.550420927389794,59.6,359.8312645549804,63.0,171.65703697268896,0.0,6.1,この先制限速度なし,153m先に上り勾配9.2‰あり,先行列車なし,後続列車なし,0,0,,0,59.6,0,normal,1.0,全ての優先項目で安全かつ適切に運転されており、速度・信号遵守・停止位置確保が問題なく評価できるため、最高評価とした。
118.0,Train11,次駅への減速フェーズ（駅手前400m以内）,惰行中,24.0,ブレーキ（減速）,1.0,70.0,70.0,59.1269741886261,59.1,343.3489143209663,62.0,169.26955521686318,0.0,6.1,この先制限速度なし,136m先に上り勾配9.2‰あり,先行列車なし,後続列車なし,0,0,,0,59.1,0,normal,1.0,制限速度・信号遵守、停止位置は十分に確保され、次駅減速フェーズでの惰行は適切であり、ノコギリ運転もなく省エネかつ定時性に問題なし。
119.0,Train11,次駅への減速フェーズ（駅手前400m以内）,惰行中,25.0,ブレーキ（減速）,1.0,70.0,70.0,58.70495504791392,58.7,326.9839876282319,61.0,166.9059196241702,0.0,6.1,この先制限速度なし,120m先に上り勾配9.2‰あり,先行列車なし,後続列車なし,0,0,,0,58.7,0,normal,1.0,全ての安全基準を満たし、減速フェーズでの惰行は適切でエネルギー効率も良好なため最高評価とした。
120.0,Train11,次駅への減速フェーズ（駅手前400m以内）,惰行中,26.0,ブレーキ（減速）,1.0,70.0,70.0,58.2843509266655,58.3,310.7360896890654,60.0,164.5659219409651,0.0,6.1,この先制限速度なし,104m先に上り勾配9.2‰あり,先行列車なし,後続列車なし,0,0,,0,58.3,0,normal,1.0,制限速度・CBTC信号遵守、減速フェーズで現在速度がrequired_speedと一致し惰行が適切で、即時0点要因がなくエネルギー無駄もないため高評価とした。
121.0,Train11,次駅への減速フェーズ（駅手前400m以内）,惰行中,27.0,ブレーキ（減速）,1.0,70.0,70.0,57.86514936658697,57.9,294.60482919285624,59.0,162.24935645612777,0.0,6.1,この先制限速度なし,88m先に上り勾配9.2‰あり,先行列車なし,後続列車なし,0,0,,0,57.9,0,normal,1.0,次駅減速フェーズで必要速度と同等の57.9km/hで惰行し、制限速度・信号速度を遵守、停止距離も十分確保されているため最高評価とした。
122.0,Train11,次駅への減速フェーズ（駅手前400m以内）,ブレーキ（減速）中,1.0,惰行,27.0,70.0,70.0,57.44733802810035,57.4,278.5898182730016,58.0,159.9560200101132,0.0,6.1,この先制限速度なし,73m先に上り勾配9.2‰あり,先行列車なし,後続列車なし,0,0,,0,57.4,0,normal,0.1,次駅減速フェーズで必要ブレーキ距離より遠くでブレーキを開始し、早すぎる減速により停止位置が大幅に手前になるため、rewardは0.1とした。
123.0,Train11,次駅への減速フェーズ（駅手前400m以内）,惰行中,1.0,ブレーキ（減速）,1.0,70.0,70.0,54.53492860266315,54.5,263.04098913356813,57.0,144.40289177027944,0.0,6.1,この先制限速度なし,57m先に上り勾配9.2‰あり,先行列車なし,後続列車なし,0,0,,0,54.5,0,normal,0.0,ブレーキから惰行への短時間（2秒未満）切替が合理的理由なく行われ、ノコギリ運転上限0.0点と判定されたためrewardは0.0となる。
124.0,Train11,次駅への減速フェーズ（駅手前400m以内）,惰行中,2.0,ブレーキ（減速）,1.0,70.0,70.0,54.12788966251043,54.1,247.9495262125404,56.0,142.28972176150134,0.0,6.1,この先制限速度なし,42m先に上り勾配9.2‰あり,先行列車なし,後続列車なし,0,0,,0,54.1,0,normal,1.0,制限速度・CBTC遵守、停止位置は十分に確保され、減速フェーズで惰行は適切であり、ノコギリ運転は認められないため最高評価とした。
125.0,Train11,次駅への減速フェーズ（駅手前400m以内）,惰行中,3.0,ブレーキ（減速）,1.0,70.0,70.0,53.722134271418405,53.7,232.97094934929063,55.0,140.1980484917524,0.0,6.1,この先制限速度なし,28m先に上り勾配9.2‰あり,先行列車なし,後続列車なし,0,0,,0,53.7,0,normal,1.0,制限速度・信号速度を遵守し、停止位置も確保できており、ノコギリ運転や無駄な加速もなく全ての上位項目が適切であるため最高評価とした。
126.0,Train11,次駅への減速フェーズ（駅手前400m以内）,ブレーキ（減速）中,1.0,惰行,3.0,70.0,70.0,53.31765120171605,53.3,218.10490357982815,54.0,138.1276922588249,0.0,6.1,この先制限速度なし,13m先に上り勾配9.2‰あり,先行列車なし,後続列車なし,0,0,,0,53.3,0,normal,0.1,ブレーキ開始が距離余裕がある状態で行われ、保持時間が短く惰行→減速への不合理な切替となったため、ノコギリ運転上限0.1点に抑えた。
127.0,Train11,次駅への減速フェーズ（駅手前400m以内）,ブレーキ（減速）中,2.0,惰行,3.0,70.0,70.0,50.41823060611624,50.4,203.70137454604276,53.0,123.71991381036787,0.0,6.1,この先制限速度なし,0m先に上り勾配9.2‰あり,先行列車なし,後続列車なし,0,0,,0,50.4,0,normal,0.1,ノコギリ運転と早すぎるブレーキによりエネルギー効率が低下し、上限0.3点となり最終的に0.1点とした。
128.0,Train11,次駅への減速フェーズ（駅手前400m以内）,ブレーキ（減速）中,3.0,惰行,3.0,70.0,70.0,47.52748561169042,47.5,190.10201403920846,52.0,106.04531264270605,0.0,9.2,この先制限速度なし,この先目立った勾配なし,先行列車なし,後続列車なし,0,0,,0,47.5,0,normal,0.1,減速フェーズでブレーキ開始が早すぎ、ノコギリ運転と無駄な減速が重なり、上限0.3点以下となり最終的に0.1点とした。
129.0,Train11,次駅への減速フェーズ（駅手前400m以内）,ブレーキ（減速）中,4.0,惰行,3.0,70.0,70.0,44.536898971586396,44.5,177.3194913797802,51.0,93.26327355701525,0.0,9.2,この先制限速度なし,この先目立った勾配なし,先行列車なし,後続列車なし,0,0,,0,44.5,0,normal,0.1,次駅減速フェーズで必要ブレーキ距離より遠くでブレーキを開始し、早すぎる減速とノコギリ運転が判定されたため上限0.1点としreward=0.1とした。
130.0,Train11,次駅への減速フェーズ（駅手前400m以内）,ブレーキ（減速）中,5.0,惰行,3.0,70.0,70.0,41.55340277672011,41.6,165.36683342787484,50.0,81.30631028953644,0.0,9.2,この先制限速度なし,この先目立った勾配なし,先行列車なし,後続列車なし,0,0,,0,41.6,0,normal,0.1,次駅減速フェーズでdelta_stopが84mと大きく早くブレーキをかけ、さらに惰行→減速への2秒未満の切替でノコギリ運転と判定されたため、上限0.1点となった。
131.0,Train11,次駅への減速フェーズ（駅手前400m以内）,ブレーキ（減速）中,6.0,惰行,3.0,70.0,70.0,38.57767996029921,38.6,154.2418245274355,49.0,70.17702526920957,0.0,9.2,この先制限速度なし,この先目立った勾配なし,先行列車なし,後続列車なし,0,0,,0,38.6,0,normal,0.1,次駅減速フェーズでブレーキを早期に開始し、delta_stopが84mと過大で停止位置が大幅に手前になるため、早すぎるブレーキとノコギリ運転が判定され、上限0.1点となる。
132.0,Train11,次駅への減速フェーズ（駅手前400m以内）,ブレーキ（減速）中,7.0,惰行,3.0,70.0,70.0,35.609323851455144,35.6,143.94236254595683,48.0,59.873314679338925,0.0,9.2,この先制限速度なし,この先目立った勾配なし,先行列車なし,後続列車なし,0,0,,0,35.6,0,normal,0.1,delta_stopが84.07mと大きく早すぎるブレーキでエネルギー無駄、適切な減速タイミングではないため0.1とした。
133.0,Train11,次駅への減速フェーズ（駅手前400m以内）,ブレーキ（減速）中,8.0,惰行,3.0,70.0,70.0,32.64793165717837,32.6,134.46645776584276,47.0,50.3931871343516,0.0,9.2,この先制限速度なし,この先目立った勾配なし,先行列車なし,後続列車なし,0,0,,0,32.6,0,normal,0.1,次駅減速フェーズで必要距離より早くブレーキを開始し、delta_stopが84mと過大で早すぎる減速となりエネルギー効率が低下したためrewardは0.1とした。
134.0,Train11,次駅への減速フェーズ（駅手前400m以内）,ブレーキ（減速）中,9.0,惰行,3.0,70.0,70.0,29.693104237213756,29.7,125.81223183884305,46.0,41.73476263358876,0.0,9.2,この先制限速度なし,この先目立った勾配なし,先行列車なし,後続列車なし,0,0,,0,29.7,0,normal,0.1,ブレーキが停止位置より84m前に開始され、早すぎる減速で駅手前に止まるため評価は0.1とした。
135.0,Train11,次駅への減速フェーズ（駅手前400m以内）,ブレーキ（減速）中,10.0,惰行,3.0,70.0,70.0,26.744445883073176,26.7,117.97791680254477,45.0,33.896271577059,0.0,9.2,この先制限速度なし,この先目立った勾配なし,先行列車なし,後続列車なし,0,0,,0,26.7,0,normal,0.1,ブレーキを早期に開始し、delta_stopが84mと大幅に正のため早すぎるブレーキと判断し、評価を0.1とした。
136.0,Train11,次駅への減速フェーズ（駅手前400m以内）,ブレーキ（減速）中,11.0,惰行,3.0,70.0,70.0,23.801564100897835,23.8,110.96185415762605,44.0,26.87605381656992,0.0,9.2,この先制限速度なし,この先目立った勾配なし,先行列車なし,後続列車なし,0,0,,0,23.8,0,normal,0.1,ブレーキ開始が早すぎ、delta_stopが84mで過剰減速と判断し、次駅減速フェーズで大幅減点となったため0.1とした。
137.0,Train11,次駅への減速フェーズ（駅手前400m以内）,ブレーキ（減速）中,12.0,惰行,3.0,70.0,70.0,20.864069397912147,20.9,104.76249400495519,43.0,20.67255785117033,0.0,9.2,この先制限速度なし,この先目立った勾配なし,先行列車なし,後続列車なし,0,0,,0,20.9,0,normal,0.1,ブレーキが停止位置から84m手前で開始され、早すぎる減速により停車遅延とエネルギー無駄が生じたためrewardは0.1とした。
138.0,Train11,次駅への減速フェーズ（駅手前400m以内）,ブレーキ（減速）中,12.1,惰行,3.0,70.0,70.0,17.93157507221669,17.9,99.37839424155115,42.0,15.284339979667683,0.0,9.2,この先制限速度なし,この先目立った勾配なし,先行列車なし,後続列車なし,0,0,,0,17.9,0,normal,0.1,次駅減速フェーズでdelta_stopが84mと大きく、ブレーキを早期に開始したため停止位置が大幅に手前となり、定時性と省エネ性が著しく損なわれたことが評価の主因です。
138.1,Train11,次駅への減速フェーズ（駅手前400m以内）,ブレーキ（減速）中,12.2,惰行,3.0,70.0,70.0,17.638585850569648,17.6,98.8847712635561,41.900000000000006,14.790306101383463,0.0,9.2,この先制限速度なし,この先目立った勾配なし,先行列車なし,後続列車なし,0,0,,0,17.6,0,normal,0.1,ブレーキ開始が早すぎて停止位置が大幅に手前になる（delta_stop > 15 m）ため、次駅減速フェーズでの適切性が欠如し、rewardは0.1とした。
138.2,Train11,次駅への減速フェーズ（駅手前400m以内）,ブレーキ（減速）中,12.299999999999999,惰行,3.0,70.0,70.0,17.345642406792123,17.3,98.39928617479288,41.80000000000001,14.30441027510893,0.0,9.2,この先制限速度なし,この先目立った勾配なし,先行列車なし,後続列車なし,0,0,,0,17.3,0,normal,0.1,ブレーキが停止位置から84m手前で開始され、早すぎる減速により停止誤差が15m超となり、定時性と省エネ性が損なわれたため0.1とした。
138.29999999999998,Train11,次駅への減速フェーズ（駅手前400m以内）,ブレーキ（減速）中,12.399999999999999,惰行,3.0,70.0,70.0,17.05274435836078,17.1,97.92193770949353,41.70000000000002,13.82665123243717,0.0,9.2,この先制限速度なし,この先目立った勾配なし,先行列車なし,後続列車なし,0,0,,0,17.1,0,normal,0.1,ブレーキが早すぎてdelta_stopが84mと大きく、停止位置が大幅に手前になるためエネルギー無駄と定時性低下が懸念され、評価は0.1点とした。
138.39999999999998,Train11,次駅への減速フェーズ（駅手前400m以内）,ブレーキ（減速）中,12.499999999999998,惰行,3.0,70.0,70.0,16.759891322986146,16.8,97.45272461252341,41.60000000000002,13.357027715598226,0.0,9.2,この先制限速度なし,この先目立った勾配なし,先行列車なし,後続列車なし,0,0,,0,16.8,0,normal,0.1,減速フェーズで必要以上に早くブレーキをかけ、停止位置まで余裕があるにも関わらずエネルギー無駄で定時性を損なうためrewardは0.1とした。
138.49999999999997,Train11,次駅への減速フェーズ（駅手前400m以内）,ブレーキ（減速）中,12.599999999999998,惰行,3.0,70.0,70.0,16.46708291861057,17.0,96.9916456393527,41.50000000000003,12.895538465807583,0.0,9.2,この先制限速度なし,この先目立った勾配なし,先行列車なし,後続列車なし,0,0,,0,17.0,0,normal,0.1,次駅減速フェーズで84m前にブレーキを開始し、停止位置が大幅に手前になるため大幅減点とし0.1とした。
138.59999999999997,Train11,次駅への減速フェーズ（駅手前400m以内）,ブレーキ（減速）中,12.699999999999998,惰行,3.0,70.0,70.0,16.174318763406216,16.7,96.53869955606709,41.400000000000034,12.44218226003478,0.0,9.2,この先制限速度なし,この先目立った勾配なし,先行列車なし,後続列車なし,0,0,,0,16.7,0,normal,0.1,ブレーキ開始が早すぎ、delta_stopが84mと大幅に手前で停止するため、早すぎるブレーキによる大幅減点としrewardは0.1とした。
138.69999999999996,Train11,次駅への減速フェーズ（駅手前400m以内）,ブレーキ（減速）中,12.799999999999997,惰行,3.0,70.0,70.0,15.881598475773046,16.9,96.09388513935357,41.30000000000004,11.996957876519547,0.0,9.2,この先制限速度なし,この先目立った勾配なし,先行列車なし,後続列車なし,0,0,,0,16.9,0,normal,0.1,ブレーキが停止位置より84m前に開始され、早すぎる減速で停車位置を大幅に手前にずらすため大幅減点とし、rewardは0.1とした。
138.79999999999995,Train11,次駅への減速フェーズ（駅手前400m以内）,ブレーキ（減速）中,12.899999999999997,惰行,3.0,70.0,70.0,15.5889216743368,16.6,95.65720117648624,41.200000000000045,11.559864099913794,0.0,9.2,この先制限速度なし,この先目立った勾配なし,先行列車なし,後続列車なし,0,0,,0,16.6,0,normal,0.1,ブレーキが停止位置から遠く早すぎるため、早期停止でエネルギーと定時性が損なわれ評価を0.1とした。
138.89999999999995,Train11,次駅への減速フェーズ（駅手前400m以内）,ブレーキ（減速）中,12.999999999999996,惰行,3.0,70.0,70.0,15.296287977946994,16.3,95.22864646535112,41.10000000000005,11.130899725474132,0.0,9.2,この先制限速度なし,この先目立った勾配なし,先行列車なし,後続列車なし,0,0,,0,16.3,0,normal,0.1,delta_stopが84mと大きく、必要以上に早くブレーキを開始しているため、定時性と省エネ性が著しく低下し、評価は0.1とした。
138.99999999999994,Train11,次駅への減速フェーズ（駅手前400m以内）,ブレーキ（減速）中,13.099999999999996,惰行,3.0,70.0,70.0,15.003697005674896,16.5,94.80821981440357,41.00000000000006,10.710063559055504,0.0,9.2,この先制限速度なし,この先目立った勾配なし,先行列車なし,後続列車なし,0,0,,0,16.5,0,normal,0.1,ブレーキ開始が停止位置から84m離れた状態で早すぎるため、停止距離誤差が大幅に大きくエネルギー効率が低下し、rewardは0.1とした。
139.09999999999994,Train11,次駅への減速フェーズ（駅手前400m以内）,ブレーキ（減速）中,13.199999999999996,惰行,3.0,70.0,70.0,14.711148376811533,16.2,94.39592004267539,40.90000000000006,10.297354403740732,0.0,9.2,この先制限速度なし,この先目立った勾配なし,先行列車なし,後続列車なし,0,0,,0,16.2,0,normal,0.1,ブレーキが停止位置から84m前に開始され、早すぎる減速により停止位置誤差が大きくエネルギー効率が低下したため、rewardは0.1とした。
139.19999999999993,Train11,次駅への減速フェーズ（駅手前400m以内）,ブレーキ（減速）中,13.299999999999995,惰行,3.0,70.0,70.0,14.41864171086567,16.5,93.99174597977478,40.80000000000007,9.892771104355056,0.0,9.2,この先制限速度なし,この先目立った勾配なし,先行列車なし,後続列車なし,0,0,,0,16.5,0,normal,0.1,減速フェーズでdelta_stopが84mと大きく、早期ブレーキにより駅手前で過早停止が予測されエネルギー無駄となるためrewardは0.1とした。
139.29999999999993,Train11,次駅への減速フェーズ（駅手前400m以内）,ブレーキ（減速）中,13.399999999999995,惰行,3.0,70.0,70.0,14.126176627561826,16.2,93.59569646587929,40.700000000000074,9.496312499983764,0.0,9.2,この先制限速度なし,この先目立った勾配なし,先行列車なし,後続列車なし,0,0,,0,16.2,0,normal,0.1,ブレーキが停止位置より84m前に開始され早すぎる減速となり、停止位置誤差が大きくエネルギー無駄になるためrewardは0.1とした。
139.39999999999992,Train11,次駅への減速フェーズ（駅手前400m以内）,ブレーキ（減速）中,13.499999999999995,惰行,3.0,70.0,70.0,13.83375274683825,15.9,93.20777035172156,40.60000000000008,9.107977438754512,0.0,9.2,この先制限速度なし,この先目立った勾配なし,先行列車なし,後続列車なし,0,0,,0,15.9,0,normal,0.1,次駅減速フェーズで必要速度15.9km/h未満の13.8km/hにも関わらず早期ブレーキを行い、停止位置が大幅に手前になるため評価は0.1とした。
139.49999999999991,Train11,次駅への減速フェーズ（駅手前400m以内）,ブレーキ（減速）中,13.599999999999994,惰行,3.0,70.0,70.0,13.541369688844954,16.1,92.82796649859293,40.500000000000085,8.727764779362793,0.0,9.2,この先制限速度なし,この先目立った勾配なし,先行列車なし,後続列車なし,0,0,,0,16.1,0,normal,0.1,ブレーキ開始が早すぎ、delta_stopが84mと過大で停止位置が大幅に手前になるため、早すぎるブレーキによる大幅減点と判断した。
139.5999999999999,Train11,次駅への減速フェーズ（駅手前400m以内）,ブレーキ（減速）中,13.699999999999994,惰行,3.0,70.0,70.0,13.249027073941692,15.9,92.45628377832205,40.40000000000009,8.355673390670319,0.0,9.2,この先制限速度なし,この先目立った勾配なし,先行列車なし,後続列車なし,0,0,,0,15.9,0,normal,0.1,ブレーキが停止点より84m前に開始され、早すぎる減速で停止位置が大幅に手前になるため評価は0.1とした。
139.6999999999999,Train11,次駅への減速フェーズ（駅手前400m以内）,ブレーキ（減速）中,13.799999999999994,惰行,3.0,70.0,70.0,12.956724522695978,16.1,92.09272107328914,40.3000000000001,7.99170213910623,0.0,9.2,この先制限速度なし,この先目立った勾配なし,先行列車なし,後続列車なし,0,0,,0,16.1,0,normal,0.1,delta_stopが84mでブレーキ開始が早すぎ、停止位置が大幅に手前になるためreward0.1とした。
139.7999999999999,Train11,次駅への減速フェーズ（駅手前400m以内）,ブレーキ（減速）中,13.899999999999993,惰行,3.0,70.0,70.0,12.664461655881093,15.8,91.73727727640824,40.2000000000001,7.63584993469898,0.0,9.2,この先制限速度なし,この先目立った勾配なし,先行列車なし,後続列車なし,0,0,,0,15.8,0,normal,0.1,ブレーキが停止位置から遠く早すぎるためエネルギー無駄で定時性が損なわれ、rewardは0.1とした。
139.8999999999999,Train11,次駅への減速フェーズ（駅手前400m以内）,ブレーキ（減速）中,13.999999999999993,惰行,3.0,70.0,70.0,12.372238094474097,15.5,91.3899512911307,40.10000000000011,7.288115678298774,0.0,9.2,この先制限速度なし,この先目立った勾配なし,先行列車なし,後続列車なし,0,0,,0,15.5,0,normal,0.1,減速フェーズで必要ブレーキ距離より84m前にブレーキを開始し、停止位置が大幅に手前になるため大幅減点とした。
139.9999999999999,Train11,次駅への減速フェーズ（駅手前400m以内）,ブレーキ（減速）中,14.099999999999993,惰行,3.0,70.0,70.0,12.080053459653843,15.8,91.05074203142038,40.000000000000114,6.948498281294482,0.0,9.2,この先制限速度なし,この先目立った勾配なし,先行列車なし,後続列車なし,0,0,,0,15.8,0,normal,0.1,ブレーキが停止位置から84m手前で開始され、早すぎる減速により遅延とエネルギー損失が生じるため、rewardは0.1とした。
140.09999999999988,Train11,次駅への減速フェーズ（駅手前400m以内）,ブレーキ（減速）中,14.199999999999992,惰行,3.0,70.0,70.0,11.787907372798985,15.5,90.71964842177138,39.90000000000012,6.616996665607892,0.0,9.2,この先制限速度なし,この先目立った勾配なし,先行列車なし,後続列車なし,0,0,,0,15.5,0,normal,0.1,減速フェーズで距離84m余裕があるのにブレーキを開始し、停止位置が大幅に早くなるためエネルギー無駄と遅延が生じ、評価を低くした。
140.19999999999987,Train11,次駅への減速フェーズ（駅手前400m以内）,ブレーキ（減速）中,14.299999999999992,惰行,3.0,70.0,70.0,11.495799455486013,15.8,90.39666939718671,39.800000000000125,6.293609762002819,0.0,9.2,この先制限速度なし,この先目立った勾配なし,先行列車なし,後続列車なし,0,0,,0,15.8,0,normal,0.1,ブレーキが停止位置から84.1m前に開始され、delta_stopが15m超で大幅減点対象となりreward=0.1とした。
140.29999999999987,Train11,次駅への減速フェーズ（駅手前400m以内）,ブレーキ（減速）中,14.399999999999991,惰行,3.0,70.0,70.0,11.203729329487258,15.5,90.08180390318543,39.70000000000013,5.9783365031547895,0.0,9.2,この先制限速度なし,この先目立った勾配なし,先行列車なし,後続列車なし,0,0,,0,15.5,0,normal,0.1,ブレーキが停止位置から遠く（delta_stop=84m）で行われており、早すぎる減速により停止位置達成が不可能なため、次駅減速フェーズでの適切な操作ではなくrewardは0.1とした。
140.39999999999986,Train11,次駅への減速フェーズ（駅手前400m以内）,ブレーキ（減速）中,14.499999999999991,惰行,3.0,70.0,70.0,10.91169661676892,15.2,89.77505089578841,39.600000000000136,5.671175860348917,0.0,9.2,この先制限速度なし,この先目立った勾配なし,先行列車なし,後続列車なし,0,0,,0,15.2,0,normal,0.1,ブレーキが停止位置から84m離れた地点で開始され、早すぎる減速で停止位置誤差が大きくエネルギー無駄となるためrewardは0.1とした。
140.49999999999986,Train11,次駅への減速フェーズ（駅手前400m以内）,ブレーキ（減速）中,14.59999999999999,惰行,3.0,70.0,70.0,10.619700939489086,15.5,89.47640934148993,39.50000000000014,5.372126797527282,0.0,9.2,この先制限速度なし,この先目立った勾配なし,先行列車なし,後続列車なし,0,0,,0,15.5,0,normal,0.1,ブレーキを過早にかけて停止位置が大幅に手前になるため、エネルギー無駄と到達遅延が生じ評価は最低に近い。
140.59999999999985,Train11,次駅への減速フェーズ（駅手前400m以内）,ブレーキ（減速）中,14.69999999999999,惰行,3.0,70.0,70.0,10.32774191999577,15.2,89.1858782173216,39.40000000000015,5.081188289137418,0.0,9.2,この先制限速度なし,この先目立った勾配なし,先行列車なし,後続列車なし,0,0,,0,15.2,0,normal,0.1,ブレーキが停止位置より84m手前で開始され、早すぎる減速により停車遅延とエネルギー無駄が生じたためrewardは0.1とした。
140.69999999999985,Train11,次駅への減速フェーズ（駅手前400m以内）,ブレーキ（減速）中,14.79999999999999,惰行,3.0,70.0,70.0,10.035819180824932,15.5,88.90345651076359,39.30000000000015,4.798359320126906,0.0,9.2,この先制限速度なし,この先目立った勾配なし,先行列車なし,後続列車なし,0,0,,0,15.5,0,normal,0.1,次駅減速フェーズで必要距離よりはるかに早くブレーキをかけており、遅延とエネルギー無駄が生じるためrewardを0.1とした。
140.79999999999984,Train11,次駅への減速フェーズ（駅手前400m以内）,ブレーキ（減速）中,14.89999999999999,惰行,3.0,70.0,70.0,9.743932344698512,15.2,88.62914321980853,39.20000000000016,4.523638883522487,0.0,9.2,この先制限速度なし,この先目立った勾配なし,先行列車なし,後続列車なし,0,0,,0,15.2,0,normal,0.1,ブレーキが停止位置から遠く早すぎるためエネルギー損失が大きく、必要速度未達で減速している点が主な減点要因です。
140.89999999999984,Train11,次駅への減速フェーズ（駅手前400m以内）,ブレーキ（減速）中,14.99999999999999,惰行,3.0,70.0,70.0,9.452081034522456,15.0,88.36293735290113,39.100000000000165,4.257025976734909,0.0,9.2,この先制限速度なし,この先目立った勾配なし,先行列車なし,後続列車なし,0,0,,0,15.0,0,normal,0.1,ブレーキが停止位置から遠く早すぎるため、定時性と省エネ性が損なわれ、次駅減速フェーズに不適切な操作と判断した。
140.99999999999983,Train11,次駅への減速フェーズ（駅手前400m以内）,ブレーキ（減速）中,15.099999999999989,惰行,3.0,70.0,70.0,9.160264873384756,15.2,88.10483792897017,39.00000000000017,3.998519632872351,0.0,9.2,この先制限速度なし,この先目立った勾配なし,先行列車なし,後続列車なし,0,0,,0,15.2,0,normal,0.1,ブレーキが早すぎて停止位置が84m手前となり、早期停止で遅延とエネルギー損失が生じるためrewardは0.1とした。
141.09999999999982,Train11,次駅への減速フェーズ（駅手前400m以内）,ブレーキ（減速）中,15.199999999999989,惰行,3.0,70.0,70.0,8.868483484553492,15.0,87.85484397740362,38.900000000000176,3.7481188787761774,0.0,9.2,この先制限速度なし,この先目立った勾配なし,先行列車なし,後続列車なし,0,0,,0,15.0,0,normal,0.1,次駅減速フェーズで必要ブレーキ距離より84m前にブレーキを開始し、早すぎる減速でエネルギー無駄かつ定時性低下と判断し0.1とした。
141.19999999999982,Train11,次駅への減速フェーズ（駅手前400m以内）,ブレーキ（減速）中,15.299999999999988,惰行,3.0,70.0,70.0,8.576736491474865,15.2,87.61295453806284,38.80000000000018,3.505822751762003,0.0,9.2,この先制限速度なし,この先目立った勾配なし,先行列車なし,後続列車なし,0,0,,0,15.2,0,normal,0.1,ブレーキ開始が早すぎてdelta_stopが84mと大幅に手前で停止するため、停止位置達成が不可能と判断しrewardを0.1とした。
141.2999999999998,Train11,次駅への減速フェーズ（駅手前400m以内）,ブレーキ（減速）中,15.399999999999988,惰行,3.0,70.0,70.0,8.285023517771231,15.0,87.37916866126128,38.70000000000019,3.271630299614606,0.0,9.2,この先制限速度なし,この先目立った勾配なし,先行列車なし,後続列車なし,0,0,,0,15.0,0,normal,0.1,次駅減速フェーズでdelta_stopが84mと余裕があるのに早期ブレーキをかけ、停止位置遅れとエネルギー浪費が顕著なため低評価とした。
141.3999999999998,Train11,次駅への減速フェーズ（駅手前400m以内）,惰行中,0.1,ブレーキ（減速）,15.399999999999988,70.0,70.0,7.993344187239157,14.8,87.15348540776446,38.60000000000019,3.045540577939724,0.0,9.2,この先制限速度なし,この先目立った勾配なし,先行列車なし,後続列車なし,0,0,,0,14.8,0,normal,0.1,次駅減速フェーズで8km/hの低速惰行が続きブレーキ未実施のためちんたら運転とみなされ、エネルギー効率と定時性が著しく低下した。
141.4999999999998,Train11,次駅への減速フェーズ（駅手前400m以内）,ブレーキ（減速）中,0.1,惰行,0.1,70.0,70.0,7.951685351647751,14.7,86.93208453453849,38.5000000000002,3.0139086686722774,0.0,9.2,この先制限速度なし,この先目立った勾配なし,先行列車なし,後続列車なし,0,0,,0,14.7,0,normal,0.0,0.1秒という極短の保持時間で力行→ブレーキへの反転があり、ノコギリ運転と判定されたため、reward上限が0.0点に制限されました。
141.5999999999998,Train11,次駅への減速フェーズ（駅手前400m以内）,ブレーキ（減速）中,0.2,惰行,0.1,70.0,70.0,7.660044009235108,15.0,86.71566009317999,38.400000000000205,2.7970778756928993,0.0,9.2,この先制限速度なし,この先目立った勾配なし,先行列車なし,後続列車なし,0,0,,0,15.0,0,normal,0.0,ブレーキが早すぎ、0.1秒の惰行→減速の反転でノコギリ運転と判定され、上限が0.0点のためrewardは0.0。
141.6999999999998,Train11,次駅への減速フェーズ（駅手前400m以内）,ブレーキ（減速）中,0.30000000000000004,惰行,0.1,70.0,70.0,7.368435504430228,14.7,86.50733629768581,38.30000000000021,2.58834783788915,0.0,9.2,この先制限速度なし,この先目立った勾配なし,先行列車なし,後続列車なし,0,0,,0,14.7,0,normal,0.0,次駅減速フェーズで必要速度14.7km/hに対し7.4km/hのまま早期ブレーキを行い、ノコギリ運転と判定されたためrewardは0.0とした。
141.79999999999978,Train11,次駅への減速フェーズ（駅手前400m以内）,ブレーキ（減速）中,0.4,惰行,0.1,70.0,70.0,7.07685946156445,15.0,86.30711224162368,38.200000000000216,2.3877176463206236,0.0,9.2,この先制限速度なし,この先目立った勾配なし,先行列車なし,後続列車なし,0,0,,0,15.0,0,normal,0.0,ノコギリ運転（保持時間0.4秒、前ノッチ0.1秒の反転）と、必要以上に早いブレーキ開始により上限が0.0点と判定したため。
141.89999999999978,Train11,次駅への減速フェーズ（駅手前400m以内）,ブレーキ（減速）中,0.5,惰行,0.1,70.0,70.0,6.785315505135223,14.8,86.11498702901343,38.10000000000022,2.1951864024912027,0.0,9.2,この先制限速度なし,この先目立った勾配なし,先行列車なし,後続列車なし,0,0,,0,14.8,0,normal,0.0,惰行から減速への反転が0.6秒で行われ、ノコギリ運転と判定され上限が0.0点となったため、rewardは0.0とした。
141.99999999999977,Train11,次駅への減速フェーズ（駅手前400m以内）,ブレーキ（減速）中,0.6,惰行,0.1,70.0,70.0,6.493803259804167,14.5,85.9309597743021,38.00000000000023,2.0107532158787245,0.0,9.2,この先制限速度なし,この先目立った勾配なし,先行列車なし,後続列車なし,0,0,,0,14.5,0,normal,0.0,ノコギリ運転と判定され、prev_notch_durationが0.1秒で上限0.0点となったため。
142.09999999999977,Train11,次駅への減速フェーズ（駅手前400m以内）,ブレーキ（減速）中,0.7,惰行,0.1,70.0,70.0,6.2023223503951215,14.8,85.75502960236392,37.90000000000023,1.83441720055122,0.0,9.2,この先制限速度なし,この先目立った勾配なし,先行列車なし,後続列車なし,0,0,,0,14.8,0,normal,0.0,ノコギリ運転と早すぎるブレーキにより停止位置が大幅に手前になるため、rewardは0.0とした。
142.19999999999976,Train11,次駅への減速フェーズ（駅手前400m以内）,ブレーキ（減速）中,0.7999999999999999,惰行,0.1,70.0,70.0,5.910872401892201,14.6,85.58719564847905,37.80000000000024,1.6661775057474444,0.0,9.2,この先制限速度なし,この先目立った勾配なし,先行列車なし,後続列車なし,0,0,,0,14.6,0,normal,0.0,次駅減速フェーズで必要速度未達の状態で不必要にブレーキをかけ、ノコギリ運転（惰行→減速）と判定されたためrewardは0.0とした。
142.29999999999976,Train11,次駅への減速フェーズ（駅手前400m以内）,ブレーキ（減速）中,0.8999999999999999,惰行,0.1,70.0,70.0,5.619453039437855,14.9,85.42745705834776,37.700000000000244,1.5060332746510343,0.0,9.2,この先制限速度なし,この先目立った勾配なし,先行列車なし,後続列車なし,0,0,,0,14.9,0,normal,0.0,次駅減速フェーズでブレーキを早期に掛け、惰行からの急激な切替がノコギリ運転と判定され、上限0点となったためrewardは0.0。
142.39999999999975,Train11,次駅への減速フェーズ（駅手前400m以内）,ブレーキ（減速）中,0.9999999999999999,惰行,0.1,70.0,70.0,5.328063888330926,14.6,85.27581298808684,37.60000000000025,1.3539836608671643,0.0,9.2,この先制限速度なし,この先目立った勾配なし,先行列車なし,後続列車なし,0,0,,0,14.6,0,normal,0.0,次駅減速フェーズでdelta_stopが大きくブレーキ開始は不適切で、保持時間が7秒未満の惰行→減速の反転がノコギリ運転と判定され、上限0.0点となったためrewardは0.0とした。
142.49999999999974,Train11,次駅への減速フェーズ（駅手前400m以内）,ブレーキ（減速）中,1.0999999999999999,惰行,0.1,70.0,70.0,5.03670457402471,14.9,85.13226260421547,37.500000000000256,1.2100278284180808,0.0,9.2,この先制限速度なし,この先目立った勾配なし,先行列車なし,後続列車なし,0,0,,0,14.9,0,normal,0.0,ノコギリ運転（惰行→減速、保持時間共に7秒未満）と早すぎるブレーキにより、上限0.0点と判断した。安全性と運転品質を考慮し。
142.59999999999974,Train11,次駅への減速フェーズ（駅手前400m以内）,ブレーキ（減速）中,1.2,惰行,0.1,70.0,70.0,4.745374722125015,14.7,84.9968050836516,37.40000000000026,1.0741649498863544,0.0,9.2,この先制限速度なし,この先目立った勾配なし,先行列車なし,後続列車なし,0,0,,0,14.7,0,normal,0.0,ブレーキが必要距離よりはるかに早く開始され、保持時間が短く逆転操作となったためノコギリ運転上限が0点となりrewardは0.0とした。
142.69999999999973,Train11,次駅への減速フェーズ（駅手前400m以内）,ブレーキ（減速）中,1.3,惰行,0.1,70.0,70.0,4.454073958388236,14.4,84.86943961371196,37.30000000000027,0.9463942004098538,0.0,9.2,この先制限速度なし,この先目立った勾配なし,先行列車なし,後続列車なし,0,0,,0,14.4,0,normal,0.0,ブレーキがdelta_stopが大きく必要速度未達の状態で行われ、保持時間2秒未満のノコギリ運転と判定されたためreward0.0とした。
142.79999999999973,Train11,次駅への減速フェーズ（駅手前400m以内）,ブレーキ（減速）中,1.4000000000000001,惰行,0.1,70.0,70.0,4.16280190871941,14.7,84.75016539211211,37.20000000000027,0.8267147924004734,0.0,9.2,この先制限速度なし,この先目立った勾配なし,先行列車なし,後続列車なし,0,0,,0,14.7,0,normal,0.0,持続時間2秒未満のノコギリ運転と、delta_stopが大きい状態での早期ブレーキによりreward上限が0.0と判断された。
142.89999999999972,Train11,次駅への減速フェーズ（駅手前400m以内）,惰行中,0.1,ブレーキ（減速）,1.4000000000000001,70.0,70.0,3.871558199170285,14.5,84.63898162695216,37.10000000000028,0.7151259314561363,0.0,9.2,この先制限速度なし,この先目立った勾配なし,先行列車なし,後続列車なし,0,0,,0,14.5,0,normal,0.0,減速→惰行の2秒未満の反転がノコギリ運転と判定され上限0.0点となり、減速フェーズで必要速度未達の低速惰行も評価を下げたため0.0とした。
142.99999999999972,Train11,次駅への減速フェーズ（駅手前400m以内）,力行（加速）中,0.1,惰行,0.1,70.0,70.0,3.830331712051795,14.5,84.53206820180625,37.000000000000284,0.6999829745250856,0.0,9.2,この先制限速度なし,この先目立った勾配なし,先行列車なし,後続列車なし,0,0,,0,14.5,0,normal,1.0,次駅まで距離が十分あり、required_speed未達のため加速は妥当であり、制限・信号超過なし、ノコギリ運転とならず評価は高く1.0とした。
143.0999999999997,Train11,次駅への減速フェーズ（駅手前400m以内）,惰行中,0.1,力行（加速）,0.1,70.0,70.0,4.094365161391744,14.7,84.42163301660699,36.90000000000029,0.799767348874249,0.0,9.2,この先制限速度なし,この先目立った勾配なし,先行列車なし,後続列車なし,0,0,,0,14.7,0,normal,0.0,持続時間が7秒未満で力行→惰行への不合理な切替がノコギリ運転と判定され、上限が0.0点のためrewardは0.0となった。
143.1999999999997,Train11,次駅への減速フェーズ（駅手前400m以内）,力行（加速）中,0.1,惰行,0.1,70.0,70.0,4.053117203216305,14.6,84.30853083730838,36.800000000000296,0.7837411369481058,0.0,9.2,この先制限速度なし,この先目立った勾配なし,先行列車なし,後続列車なし,0,0,,0,14.6,0,normal,1.0,次駅減速フェーズで必要速度未達のため加速は適切で、速度・信号超過なし、ノコギリ運転でもなく、全体的に安全かつ定時性に寄与する操作と判断した。
143.2999999999997,Train11,次駅への減速フェーズ（駅手前400m以内）,惰行中,0.1,力行（加速）,0.1,70.0,70.0,4.315961619476025,14.3,84.19192534602615,36.7000000000003,0.888638666107642,0.0,9.2,この先制限速度なし,この先目立った勾配なし,先行列車なし,後続列車なし,0,0,,0,14.3,0,normal,0.0,保持時間が7秒未満で力行→惰行への不合理な反転がノコギリ運転と判定され、上限が0.0点となったため。
143.3999999999997,Train11,次駅への減速フェーズ（駅手前400m以内）,力行（加速）中,0.1,惰行,0.1,70.0,70.0,4.274692091516133,14.8,84.07266803918745,36.60000000000031,0.8717331463709826,0.0,9.2,この先制限速度なし,この先目立った勾配なし,先行列車なし,後続列車なし,0,0,,0,14.8,0,normal,1.0,加速はdelta_stopが大きく信号速度未超過で必要速度に向けた適切な操作であり、速度超過や信号無視はなく、ノコギリ運転にも該当しないため最高評価とした。
143.4999999999997,Train11,次駅への減速フェーズ（駅手前400m以内）,惰行中,0.1,力行（加速）,0.1,70.0,70.0,4.536353722014003,14.5,83.9499257741565,36.50000000000031,0.9816651440649985,0.0,9.2,この先制限速度なし,この先目立った勾配なし,先行列車なし,後続列車なし,0,0,,0,14.5,0,normal,0.0,持続時間0.1秒の力行→惰行の急激な切替がノコギリ運転と判定され、prev_notch_durationが2秒未満のためreward上限が0.0となった。
143.59999999999968,Train11,次駅への減速フェーズ（駅手前400m以内）,力行（加速）中,0.1,惰行,0.1,70.0,70.0,4.495062528455043,14.5,83.82454679557227,36.40000000000032,0.9638842397622833,0.0,9.2,この先制限速度なし,この先目立った勾配なし,先行列車なし,後続列車なし,0,0,,0,14.5,0,normal,0.0,持続時間0.1秒の力行への切替がノコギリ運転と判定され、上限が0.0点となった上、減速フェーズで低速のまま加速して省エネ性が欠如しているため、rewardは0.0とした。
143.69999999999968,Train11,次駅への減速フェーズ（駅手前400m以内）,惰行中,0.1,力行（加速）,0.1,70.0,70.0,4.755547591158687,14.7,83.69570111871738,36.300000000000324,1.0787729782742008,0.0,9.2,この先制限速度なし,この先目立った勾配なし,先行列車なし,後続列車なし,0,0,,0,14.7,0,normal,0.0,次駅減速フェーズで速度が必要速度14.7km/hに遠く及ばず、惰行は遅延を拡大し、力行への切替が正当であるためノコギリ運転と判定し上限0.0点とした。
143.79999999999967,Train11,次駅への減速フェーズ（駅手前400m以内）,力行（加速）中,0.1,惰行,0.1,70.0,70.0,4.714234639058753,14.7,83.56423375406052,36.20000000000033,1.0601205844362296,0.0,9.2,この先制限速度なし,この先目立った勾配なし,先行列車なし,後続列車なし,0,0,,0,14.7,0,normal,0.9,次駅減速フェーズでdelta_stopが正、信号速度未超過かつ必要速度未達のため加速は妥当で、即時ゼロ違反やノコギリ運転は認められない。
143.89999999999966,Train11,次駅への減速フェーズ（駅手前400m以内）,惰行中,0.1,力行（加速）,0.1,70.0,70.0,4.973549322683928,14.3,83.42931785760399,36.100000000000335,1.1798892794880997,0.0,9.2,この先制限速度なし,この先目立った勾配なし,先行列車なし,後続列車なし,0,0,,0,14.3,0,normal,0.0,力行→惰行が0.1秒で反転し合理的根拠がなくノコギリ運転と判定、上限0.0点のためrewardは0.0。
143.99999999999966,Train11,次駅への減速フェーズ（駅手前400m以内）,ブレーキ（減速）中,0.1,惰行,0.1,70.0,70.0,4.932214521934084,14.3,83.29179522318952,36.00000000000034,1.160369290875112,0.0,9.2,この先制限速度なし,この先目立った勾配なし,先行列車なし,後続列車なし,0,0,,0,14.3,0,normal,0.0,ブレーキは必要速度未達で早すぎ、持続時間が短くノコギリ運転と判定され上限0.0点となった。
144.09999999999965,Train11,次駅への減速フェーズ（駅手前400m以内）,惰行中,0.1,ブレーキ（減速）,0.1,70.0,70.0,4.640895145661232,14.6,83.15924004372377,35.90000000000035,1.0274087808656331,0.0,9.2,この先制限速度なし,この先目立った勾配なし,先行列車なし,後続列車なし,0,0,,0,14.6,0,normal,0.0,ブレーキから惰行への0.1秒以下の反転はノコギリ運転と判定され、上限0.0点のためrewardは0.0となる。
144.19999999999965,Train11,次駅への減速フェーズ（駅手前400m以内）,力行（加速）中,0.1,惰行,0.1,70.0,70.0,4.5995936008871405,14.6,83.0309572948984,35.80000000000035,1.009212342203095,0.0,9.2,この先制限速度なし,この先目立った勾配なし,先行列車なし,後続列車なし,0,0,,0,14.6,0,normal,0.0,0.1秒の力行→惰行反転がノコギリ運転条件を満たし、2秒未満の上限によりrewardは0.0となった。
144.29999999999964,Train11,次駅への減速フェーズ（駅手前400m以内）,惰行中,0.1,力行（加速）,0.1,70.0,70.0,4.85952049368384,14.2,82.89921651130783,35.70000000000036,1.126434705277137,0.0,9.2,この先制限速度なし,この先目立った勾配なし,先行列車なし,後続列車なし,0,0,,0,14.2,0,normal,0.0,保持時間が0.1秒で力行→惰行への不合理な切替がノコギリ運転と判定され、上限0.0点となった上、必要速度14.2km/hに対し現在速度4.9km/hの低速惰行は遅延運転と評価されたため。
144.39999999999964,Train11,次駅への減速フェーズ（駅手前400m以内）,力行（加速）中,0.1,惰行,0.1,70.0,70.0,4.81819714710297,14.7,82.76486116931991,35.600000000000364,1.1073686411772885,0.0,9.2,この先制限速度なし,この先目立った勾配なし,先行列車なし,後続列車なし,0,0,,0,14.7,0,normal,1.0,次駅減速フェーズでrequired_speed未達のため加速は妥当で、速度・信号超過なし、停止位置も確保でき、ノコギリ運転とならずエネルギー無駄でもないため最高評価とした。
144.49999999999963,Train11,次駅への減速フェーズ（駅手前400m以内）,惰行中,0.1,力行（加速）,0.1,70.0,70.0,5.076956597978713,14.4,82.62706591467861,35.50000000000037,1.229434720810135,0.0,9.2,この先制限速度なし,この先目立った勾配なし,先行列車なし,後続列車なし,0,0,,0,14.4,0,normal,0.0,0.1秒の力行→惰行という短時間反転がノコギリ運転と判定され、上限が0.0点となった上、次駅減速フェーズで必要速度未達かつ減速未実施で遅延リスクが高いため。
144.59999999999962,Train11,次駅への減速フェーズ（駅手前400m以内）,ブレーキ（減速）中,0.1,惰行,0.1,70.0,70.0,5.035611360817501,14.4,82.48667101544527,35.400000000000375,1.2095029034950522,0.0,9.2,この先制限速度なし,この先目立った勾配なし,先行列車なし,後続列車なし,0,0,,0,14.4,0,normal,0.0,ブレーキが遠距離で開始され、保持時間が7秒未満の反転操作でノコギリ運転と判定され、上限0.0点のためreward=0.0とした。
144.69999999999962,Train11,次駅への減速フェーズ（駅手前400m以内）,惰行中,0.1,ブレーキ（減速）,0.1,70.0,70.0,4.744281618764867,14.7,82.35124386023074,35.30000000000038,1.0736703902376055,0.0,9.2,この先制限速度なし,この先目立った勾配なし,先行列車なし,後続列車なし,0,0,,0,14.7,0,normal,0.0,低速4.7km/hの惰行が必要速度14.7km/hに達せず、減速フェーズで加速すべきところを逆転しノコギリ運転とみなされ、上限0.0点となる。
144.7999999999996,Train11,次駅への減速フェーズ（駅手前400m以内）,力行（加速）中,0.1,惰行,0.1,70.0,70.0,4.702969790118352,14.6,82.22008942209058,35.20000000000039,1.0550628081245268,0.0,9.2,この先制限速度なし,この先目立った勾配なし,先行列車なし,後続列車なし,0,0,,0,14.6,0,normal,1.0,次駅減速フェーズでrequired_speed未達のため加速は合理的で、速度・信号遵守、ノコギリ運転なし、上位項目に問題なしと判断し高評価。
144.8999999999996,Train11,次駅への減速フェーズ（駅手前400m以内）,惰行中,0.1,力行（加速）,0.1,70.0,70.0,4.962344633123271,14.3,82.08548551829864,35.10000000000039,1.1745818981083216,0.0,9.2,この先制限速度なし,この先目立った勾配なし,先行列車なし,後続列車なし,0,0,,0,14.3,0,normal,0.0,ノコギリ運転と低速惰行によりエネルギー効率が極めて低く、上限が0.0点となったためrewardは0.0。
144.9999999999996,Train11,次駅への減速フェーズ（駅手前400m以内）,力行（加速）中,0.1,惰行,0.1,70.0,70.0,4.921010960401592,14.3,81.94827410802219,35.0000000000004,1.1551065237649374,0.0,9.2,この先制限速度なし,この先目立った勾配なし,先行列車なし,後続列車なし,0,0,,0,14.3,0,normal,0.0,ノコギリ運転と判定され、保持時間が2秒未満の反転操作で上限0.0点となり、低速での不必要な加速も評価を下げるためrewardは0.0とした。
145.0999999999996,Train11,次駅への減速フェーズ（駅手前400m以内）,惰行中,0.1,力行（加速）,0.1,70.0,70.0,5.179221267196772,14.5,81.80763131030844,34.900000000000404,1.2794336073127577,0.0,9.2,この先制限速度なし,この先目立った勾配なし,先行列車なし,後続列車なし,0,0,,0,14.5,0,normal,0.0,ノコギリ運転と判定され、前ノッチ保持時間が0.1秒（2秒未満）で上限0.0点となり、他の評価に関わらずrewardは0.0とした。
145.1999999999996,Train11,次駅への減速フェーズ（駅手前400m以内）,力行（加速）中,0.1,惰行,0.1,70.0,70.0,5.137865662941664,14.5,81.66439588424979,34.80000000000041,1.2590943031175037,0.0,9.2,この先制限速度なし,この先目立った勾配なし,先行列車なし,後続列車なし,0,0,,0,14.5,0,normal,1.0,delta_stopが80mと十分に正で加速が必要、速度は制限・信号内で合理的に力行しているため高評価。
145.29999999999959,Train11,次駅への減速フェーズ（駅手前400m以内）,惰行中,0.1,力行（加速）,0.1,70.0,70.0,5.394917565530992,14.7,81.51774705629578,34.700000000000415,1.3881544129409071,0.0,9.2,この先制限速度なし,この先目立った勾配なし,先行列車なし,後続列車なし,0,0,,0,14.7,0,normal,0.0,力行→惰行が0.1秒で反転し、保持時間が2秒未満のノコギリ運転と判定され上限が0点となり、必要速度14.7km/hに対し5.4km/hと遅れが大きく定時性も損なうため0.0とした。
145.39999999999958,Train11,次駅への減速フェーズ（駅手前400m以内）,惰行中,0.2,力行（加速）,0.1,70.0,70.0,5.35353994504099,14.6,81.36852040284381,34.60000000000042,1.3669550204951564,0.0,9.2,この先制限速度なし,この先目立った勾配なし,先行列車なし,後続列車なし,0,0,,0,14.6,0,normal,0.0,ノコギリ運転と判定され、prev_notch_durationが2秒未満のためreward上限が0.0となり、他の評価は無視された。
145.49999999999957,Train11,次駅への減速フェーズ（駅手前400m以内）,惰行中,0.30000000000000004,力行（加速）,0.1,70.0,70.0,5.312166563761543,14.6,81.22044306296061,34.500000000000426,1.3459206909309571,0.0,9.2,この先制限速度なし,この先目立った勾配なし,先行列車なし,後続列車なし,0,0,,0,14.6,0,normal,0.0,持続時間が7秒未満で力行→惰行への不合理な切替がノコギリ運転と判定され、上限が0.0点のためrewardは0.0となった。
145.59999999999957,Train11,次駅への減速フェーズ（駅手前400m以内）,惰行中,0.4,力行（加速）,0.1,70.0,70.0,5.270797413770531,14.6,81.07351491900516,34.40000000000043,1.3250513745429768,0.0,9.2,この先制限速度なし,この先目立った勾配なし,先行列車なし,後続列車なし,0,0,,0,14.6,0,normal,0.0,持続時間が7秒未満で力行→惰行への不合理な切替がノコギリ運転と判定され、上限が0.0点となったため。
145.69999999999956,Train11,次駅への減速フェーズ（駅手前400m以内）,惰行中,0.5,力行（加速）,0.1,70.0,70.0,5.2294324871489435,14.5,80.92773585356028,34.30000000000044,1.3043470140534699,0.0,9.2,この先制限速度なし,この先目立った勾配なし,先行列車なし,後続列車なし,0,0,,0,14.5,0,normal,0.0,0.5秒の惰行への切替は力行からの短時間反転でノコギリ運転と判定され、上限0.0点となる。
145.79999999999956,Train11,次駅への減速フェーズ（駅手前400m以内）,力行（加速）中,0.1,惰行,0.5,70.0,70.0,5.188071775980868,14.5,80.78310574943615,34.20000000000044,1.2838075641376223,0.0,9.2,この先制限速度なし,この先目立った勾配なし,先行列車なし,後続列車なし,0,0,,0,14.5,0,normal,1.0,次駅減速フェーズで必要速度未達のため加速は適切であり、速度・信号超過なし、ノコギリ運転でもないため高評価とした。
145.89999999999955,Train11,次駅への減速フェーズ（駅手前400m以内）,惰行中,0.1,力行（加速）,0.1,70.0,70.0,5.44485545617986,14.2,80.63506640823448,34.10000000000045,1.4139565232573696,0.0,9.2,この先制限速度なし,この先目立った勾配なし,先行列車なし,後続列車なし,0,0,,0,14.2,0,normal,0.0,0.1秒の力行から惰行への短時間反転がノコギリ運転と判定され、上限が0.0点に設定されたため、rewardは0.0となります。
145.99999999999955,Train11,次駅への減速フェーズ（駅手前400m以内）,惰行中,0.2,力行（加速）,0.1,70.0,70.0,5.403472709491245,14.2,80.4844526694879,34.000000000000455,1.3925578756547077,0.0,9.2,この先制限速度なし,この先目立った勾配なし,先行列車なし,後続列車なし,0,0,,0,14.2,0,normal,0.0,持続時間が7秒未満の力行→惰行の反転でノコギリ運転と判定され、prev_notch_durationが2秒未満のためreward上限が0.0となった。
146.09999999999954,Train11,次駅への減速フェーズ（駅手前400m以内）,惰行中,0.30000000000000004,力行（加速）,0.1,70.0,70.0,5.36209421157731,14.1,80.33498838655362,33.90000000000046,1.3713243510787063,0.0,9.2,この先制限速度なし,この先目立った勾配なし,先行列車なし,後続列車なし,0,0,,0,14.1,0,normal,0.0,力行0.1秒から惰行0.3秒への短時間反転がノコギリ運転と判定され、上限0.0点が適用されたため、rewardは0.0となります。
146.19999999999953,Train11,次駅への減速フェーズ（駅手前400m以内）,惰行中,0.4,力行（加速）,0.1,70.0,70.0,5.320719954512177,14.1,80.18667344153485,33.800000000000466,1.3502558996758922,0.0,9.2,この先制限速度なし,この先目立った勾配なし,先行列車なし,後続列車なし,0,0,,0,14.1,0,normal,0.0,持続時間が7秒未満の力行→惰行の反転が合理的根拠なく行われ、ノコギリ運転と判定されたためrewardは0.0とした。
146.29999999999953,Train11,次駅への減速フェーズ（駅手前400m以内）,惰行中,0.5,力行（加速）,0.1,70.0,70.0,5.279349930373083,14.6,80.03950771674795,33.70000000000047,1.3293524717155634,0.0,9.2,この先制限速度なし,この先目立った勾配なし,先行列車なし,後続列車なし,0,0,,0,14.6,0,normal,0.0,0.1秒の力行から0.5秒の惰行への短時間反転がノコギリ運転と判定され、上限0.0点となったため。
146.39999999999952,Train11,次駅への減速フェーズ（駅手前400m以内）,惰行中,0.6,力行（加速）,0.1,70.0,70.0,5.237984131240373,14.6,79.89349109472954,33.60000000000048,1.3086140129243726,0.0,9.2,この先制限速度なし,この先目立った勾配なし,先行列車なし,後続列車なし,0,0,,0,14.6,0,normal,0.0,持続時間が7秒未満で力行→惰行への不合理な切替があり、ノコギリ運転と判定され上限が0点となったためrewardは0.0とした。
146.49999999999952,Train11,次駅への減速フェーズ（駅手前400m以内）,力行（加速）中,0.1,惰行,0.6,70.0,70.0,5.196622549197497,14.5,79.74862345824008,33.50000000000048,1.2880404707288486,0.0,9.2,この先制限速度なし,この先目立った勾配なし,先行列車なし,後続列車なし,0,0,,0,14.5,0,normal,0.0,次駅減速フェーズで加速に切り替え、保持時間0.1秒・前回0.6秒でノコギリ運転と判定され、上限0.0点となったため。
146.5999999999995,Train11,次駅への減速フェーズ（駅手前400m以内）,惰行中,0.1,力行（加速）,0.1,70.0,70.0,5.4533605464413695,14.2,79.60034729403986,33.40000000000049,1.4183746154056356,0.0,9.2,この先制限速度なし,この先目立った勾配なし,先行列車なし,後続列車なし,0,0,,0,14.2,0,normal,0.0,次駅減速フェーズで必要速度14.2km/hに対し5.5km/hの惰行は不適切で、0.1秒以下の力行→惰行切替がノコギリ運転と判定されreward上限0.0となった。
146.6999999999995,Train11,次駅への減速フェーズ（駅手前400m以内）,惰行中,0.2,力行（加速）,0.1,70.0,70.0,5.411976925605509,14.2,79.4494973161477,33.300000000000495,1.3969420272032245,0.0,9.2,この先制限速度なし,この先目立った勾配なし,先行列車なし,後続列車なし,0,0,,0,14.2,0,normal,0.0,持続時間が7秒未満の力行→惰行の反転が合理的根拠なく行われ、ノコギリ運転と判定され上限0.0点となった。
146.7999999999995,Train11,次駅への減速フェーズ（駅手前400m以内）,惰行中,0.30000000000000004,力行（加速）,0.1,70.0,70.0,5.3705975551735605,14.1,79.29979681832933,33.2000000000005,1.3756745722880686,0.0,9.2,この先制限速度なし,この先目立った勾配なし,先行列車なし,後続列車なし,0,0,,0,14.1,0,normal,0.0,ノコギリ運転と低速惰行によるちんたら運転が判定され、上限0.0点となったためrewardは0.0とした。
146.8999999999995,Train11,次駅への減速フェーズ（駅手前400m以内）,惰行中,0.4,力行（加速）,0.1,70.0,70.0,5.329222427219006,14.1,79.1512456826311,33.100000000000506,1.3545722007814553,0.0,9.2,この先制限速度なし,この先目立った勾配なし,先行列車なし,後続列車なし,0,0,,0,14.1,0,normal,0.0,ノコギリ運転と判定され、prev_notch_durationが0.1秒で上限0.0点となったためrewardは0.0とした。
146.9999999999995,Train11,次駅への減速フェーズ（駅手前400m以内）,惰行中,0.5,力行（加速）,0.1,70.0,70.0,5.28785153381844,14.1,79.00384379132674,33.00000000000051,1.3336348629274595,0.0,9.2,この先制限速度なし,この先目立った勾配なし,先行列車なし,後続列車なし,0,0,,0,14.1,0,normal,0.0,ノコギリ運転（0.1秒の力行→0.5秒の惰行）で加速不足、停車位置達成不可と判断し上限0.0点とした。
147.09999999999948,Train11,次駅への減速フェーズ（駅手前400m以内）,力行（加速）中,0.1,惰行,0.5,70.0,70.0,5.2464848670515725,14.0,78.85759102692091,32.90000000000052,1.312862507678652,0.0,9.2,この先制限速度なし,この先目立った勾配なし,先行列車なし,後続列車なし,0,0,,0,14.0,0,normal,0.0,持続時間0.5秒の力行への反転がノコギリ運転と判定され、上限が0.0点となったため、加速は不適切と評価した。
147.19999999999948,Train11,次駅への減速フェーズ（駅手前400m以内）,惰行中,0.1,力行（加速）,0.1,70.0,70.0,5.502956465917791,14.2,78.70793387144559,32.80000000000052,1.4442750202089178,0.0,9.2,この先制限速度なし,この先目立った勾配なし,先行列車なし,後続列車なし,0,0,,0,14.2,0,normal,0.0,保持時間が7秒未満で力行→惰行への不合理な切替があり、ノコギリ運転と判定され上限0.0点となった。さらに現在速度が必要速度14.2km/hに遠く及ばず、加速すべき場面で惰行を続けたため省エネ性も低く評価された。
147.29999999999947,Train11,次駅への減速フェーズ（駅手前400m以内）,惰行中,0.2,力行（加速）,0.1,70.0,70.0,5.461567741345744,14.2,78.5557063071245,32.70000000000053,1.4226444868748287,0.0,9.2,この先制限速度なし,この先目立った勾配なし,先行列車なし,後続列車なし,0,0,,0,14.2,0,normal,0.0,0.3秒の力行→惰行の急激な切替がノコギリ運転と判定され、上限が0.0点となったため。
147.39999999999947,Train11,次駅への減速フェーズ（駅手前400m以内）,惰行中,0.30000000000000004,力行（加速）,0.1,70.0,70.0,5.420183276680134,14.2,78.40462836449191,32.600000000000534,1.401179145538773,0.0,9.2,この先制限速度なし,この先目立った勾配なし,先行列車なし,後続列車なし,0,0,,0,14.2,0,normal,0.0,ノコギリ運転と判定され、prev_notch_durationが2秒未満のためreward上限は0.0となり、最終評価は0.0とした。
147.49999999999946,Train11,次駅への減速フェーズ（駅手前400m以内）,力行（加速）中,0.1,惰行,0.30000000000000004,70.0,70.0,5.378803063990696,14.1,78.2546999253455,32.50000000000054,1.3798789473958983,0.0,9.2,この先制限速度なし,この先目立った勾配なし,先行列車なし,後続列車なし,0,0,,0,14.1,0,normal,1.0,次駅減速フェーズで必要速度未達だが加速はスケジュール遵守に必要であり、制限・信号遵守、ノコギリ運転なしで適切と判断した。
147.59999999999945,Train11,次駅への減速フェーズ（駅手前400m以内）,惰行中,0.1,力行（加速）,0.1,70.0,70.0,5.634567676805795,14.3,78.10137807391726,32.400000000000546,1.51414061423835,0.0,9.2,この先制限速度なし,この先目立った勾配なし,先行列車なし,後続列車なし,0,0,,0,14.3,0,normal,0.0,次駅減速フェーズで必要速度未達かつ力行から惰行への短時間切替がノコギリ運転と判定され、上限0.0点となった。
147.69999999999945,Train11,次駅への減速フェーズ（駅手前400m以内）,惰行中,0.2,力行（加速）,0.1,70.0,70.0,5.593165356442555,14.3,77.94549485040037,32.30000000000055,1.491984597149812,0.0,9.2,この先制限速度なし,この先目立った勾配なし,先行列車なし,後続列車なし,0,0,,0,14.3,0,normal,0.0,減速フェーズでrequired_speed未達のまま惰行を続け、0.2秒の力行→惰行切替がノコギリ運転と判定され上限0.0点となる。
147.79999999999944,Train11,次駅への減速フェーズ（駅手前400m以内）,惰行中,0.30000000000000004,力行（加速）,0.1,70.0,70.0,5.551767321218429,14.3,77.7907616258453,32.20000000000056,1.4699939273793516,0.0,9.2,この先制限速度なし,この先目立った勾配なし,先行列車なし,後続列車なし,0,0,,0,14.3,0,normal,0.0,持続時間が2秒未満の力行→惰行の急激な切替がノコギリ運転と判定され、上限が0.0点となり、低速でのちんたら運転も評価を下げたため0.0とした。
147.89999999999944,Train11,次駅への減速フェーズ（駅手前400m以内）,力行（加速）中,0.1,惰行,0.30000000000000004,70.0,70.0,5.510373563193179,14.2,77.63717828135341,32.10000000000056,1.4481685545493956,0.0,9.2,この先制限速度なし,この先目立った勾配なし,先行列車なし,後続列車なし,0,0,,0,14.2,0,normal,1.0,次駅減速フェーズで必要速度未達のため加速は合理的で、速度・信号遵守、停止位置も問題なく、ノコギリ運転とみなされないため最高評価とした。
147.99999999999943,Train11,次駅への減速フェーズ（駅手前400m以内）,惰行中,0.1,力行（加速）,0.1,70.0,70.0,5.765435109564401,14.5,77.48021244342951,32.00000000000057,1.5852452994788497,0.0,9.2,この先制限速度なし,この先目立った勾配なし,先行列車なし,後続列車なし,0,0,,0,14.5,0,normal,0.0,0.1秒の力行→惰行の反転が条件を満たしノコギリ運転と判定され、上限が0.0点のため評価は0.0となった。
148.09999999999943,Train11,次駅への減速フェーズ（駅手前400m以内）,惰行中,0.2,力行（加速）,0.1,70.0,70.0,5.72401919511914,14.4,77.32069422119281,31.900000000000574,1.5625664276897748,0.0,9.2,この先制限速度なし,この先目立った勾配なし,先行列車なし,後続列車なし,0,0,,0,14.4,0,normal,0.0,ノコギリ運転と判定され、prev_notch_durationが2秒未満のためreward上限が0.0点となった。
148.19999999999942,Train11,次駅への減速フェーズ（駅手前400m以内）,惰行中,0.30000000000000004,力行（加速）,0.1,70.0,70.0,5.682607590926385,14.4,77.16232637514508,31.80000000000058,1.5400530565375805,0.0,9.2,この先制限速度なし,この先目立った勾配なし,先行列車なし,後続列車なし,0,0,,0,14.4,0,normal,0.0,直前の力行からすぐ惰行への切替が0.1秒未満でノコギリ運転と判定され、上限0.0点となり、低速惰行での遅延リスクも評価に加わったためrewardは0.0とした。
148.29999999999941,Train11,次駅への減速フェーズ（駅手前400m以内）,力行（加速）中,0.1,惰行,0.30000000000000004,70.0,70.0,5.641200289035918,14.4,77.00510878569133,31.700000000000585,1.5177051419492125,0.0,9.2,この先制限速度なし,この先目立った勾配なし,先行列車なし,後続列車なし,0,0,,0,14.4,0,normal,0.0,加速と惰行の短時間切替がノコギリ運転と判定され、上限0.0点のため評価は0.0となった。
148.3999999999994,Train11,次駅への減速フェーズ（駅手前400m以内）,惰行中,0.1,力行（加速）,0.1,70.0,70.0,5.895562668878509,14.0,76.84451956201244,31.60000000000059,1.657563276125911,0.0,9.2,この先制限速度なし,この先目立った勾配なし,先行列車なし,後続列車なし,0,0,,0,14.0,0,normal,0.0,保持時間が7秒未満で力行から惰行への不合理な切替があり、ノコギリ運転と判定され上限が0点となったためrewardは0.0とした。
148.4999999999994,Train11,次駅への減速フェーズ（駅手前400m以内）,惰行中,0.2,力行（加速）,0.1,70.0,70.0,5.854133162928788,14.0,76.68138689305337,31.500000000000597,1.6343641935804325,0.0,9.2,この先制限速度なし,この先目立った勾配なし,先行列車なし,後続列車なし,0,0,,0,14.0,0,normal,0.0,持続時間が極めて短い力行→惰行の反転がノコギリ運転と判定され、上限rewardは0.0となる。
148.5999999999994,Train11,次駅への減速フェーズ（駅手前400m以内）,惰行中,0.30000000000000004,力行（加速）,0.1,70.0,70.0,5.8127079922261595,14.0,76.51940497745002,31.400000000000603,1.611330772865677,0.0,9.2,この先制限速度なし,この先目立った勾配なし,先行列車なし,後続列車なし,0,0,,0,14.0,0,normal,0.0,ノコギリ運転と低速惰行によるちんたら運転が判定され、上限が0.0点となったためrewardは0.0。
148.6999999999994,Train11,次駅への減速フェーズ（駅手前400m以内）,力行（加速）中,0.1,惰行,0.30000000000000004,70.0,70.0,5.771287148810431,13.9,76.35857369490395,31.30000000000061,1.5884629628659983,0.0,9.2,この先制限速度なし,この先目立った勾配なし,先行列車なし,後続列車なし,0,0,,0,13.9,0,normal,0.0,持続時間が7秒未満の力行への急激な切替がノコギリ運転と判定され、上限が0.0点となったため。
148.7999999999994,Train11,次駅への減速フェーズ（駅手前400m以内）,惰行中,0.1,力行（加速）,0.1,70.0,70.0,6.024954242422807,14.1,76.19438157797731,31.200000000000614,1.7310691772946722,0.0,9.2,この先制限速度なし,この先目立った勾配なし,先行列車なし,後続列車なし,0,0,,0,14.1,0,normal,0.0,0.1秒の力行から惰行への急激な切替がノコギリ運転と判定され、上限0.0点となったため。
148.89999999999938,Train11,次駅への減速フェーズ（駅手前400m以内）,惰行中,0.2,力行（加速）,0.1,70.0,70.0,5.9835111484002645,14.1,76.02765490629793,31.10000000000062,1.7073524967423006,0.0,9.2,この先制限速度なし,この先目立った勾配なし,先行列車なし,後続列車なし,0,0,,0,14.1,0,normal,0.0,力行→惰行への不合理な切替がノコギリ運転と判定され、上限0.0点となったため。
148.99999999999937,Train11,次駅への減速フェーズ（駅手前400m以内）,惰行中,0.30000000000000004,力行（加速）,0.1,70.0,70.0,5.942072414501082,14.1,75.86207936503797,31.000000000000625,1.6838016272093128,0.0,9.2,この先制限速度なし,この先目立った勾配なし,先行列車なし,後続列車なし,0,0,,0,14.1,0,normal,0.0,次駅減速フェーズで必要速度14.1km/hに対し5.9km/hの惰行は遅延を招き、力行→惰行の短時間切替がノコギリ運転と判定され上限0.0点となった。
149.09999999999937,Train11,次駅への減速フェーズ（駅手前400m以内）,力行（加速）中,0.1,惰行,0.30000000000000004,70.0,70.0,5.900638032755079,14.0,75.69765483320978,30.90000000000063,1.6604165284100016,0.0,9.2,この先制限速度なし,この先目立った勾配なし,先行列車なし,後続列車なし,0,0,,0,14.0,0,normal,0.0,ノコギリ運転と減速フェーズでの不適切な加速が判定され、上限が0.0点となるためrewardは0.0。
149.19999999999936,Train11,次駅への減速フェーズ（駅手前400m以内）,惰行中,0.1,力行（加速）,0.1,70.0,70.0,6.153613700894,14.3,75.52988020778528,30.800000000000637,1.8057378943782167,0.0,9.2,この先制限速度なし,この先目立った勾配なし,先行列車なし,後続列車なし,0,0,,0,14.3,0,normal,0.0,持続時間が7秒未満で力行→惰行への不合理な切替があり、ノコギリ運転と判定され上限が0.0点となったため。
149.29999999999936,Train11,次駅への減速フェーズ（駅手前400m以内）,惰行中,0.2,力行（加速）,0.1,70.0,70.0,6.112157023070222,14.2,75.35957986983988,30.700000000000642,1.7815062274404976,0.0,9.2,この先制限速度なし,この先目立った勾配なし,先行列車なし,後続列車なし,0,0,,0,14.2,0,normal,0.0,力行→惰行への保持時間が7秒未満の不合理な切替でノコギリ運転と判定され、上限が0.0点となったため。
149.39999999999935,Train11,次駅への減速フェーズ（駅手前400m以内）,惰行中,0.30000000000000004,力行（加速）,0.1,70.0,70.0,6.070704730128222,14.2,75.19043103927103,30.600000000000648,1.757440537588356,0.0,9.2,この先制限速度なし,この先目立った勾配なし,先行列車なし,後続列車なし,0,0,,0,14.2,0,normal,0.0,力行から惰行への不合理な切替が7秒未満で行われ、ノコギリ運転と判定されたためrewardは0.0とした。
149.49999999999935,Train11,次駅への減速フェーズ（駅手前400m以内）,惰行中,0.4,力行（加速）,0.1,70.0,70.0,6.029256814087833,14.1,75.02243359439831,30.500000000000654,1.733540772974307,0.0,9.2,この先制限速度なし,この先目立った勾配なし,先行列車なし,後続列車なし,0,0,,0,14.1,0,normal,0.0,前ノッチが0.1秒の力行から0.4秒の惰行へ短時間で反転し、ノコギリ運転と判定され上限0.0点となったため、現在のノッチ操作は不適切と評価する。
149.59999999999934,Train11,次駅への減速フェーズ（駅手前400m以内）,惰行中,0.5,力行（加速）,0.1,70.0,70.0,5.987813266972117,14.1,74.85558741375087,30.40000000000066,1.7098068771467687,0.0,9.2,この先制限速度なし,この先目立った勾配なし,先行列車なし,後続列車なし,0,0,,0,14.1,0,normal,0.0,前後のノッチが0.5秒・0.1秒で反転し、持続時間が7秒未満のためノコギリ運転と判定し、上限0.0点となった。
149.69999999999933,Train11,次駅への減速フェーズ（駅手前400m以内）,力行（加速）中,0.1,惰行,0.5,70.0,70.0,5.9463740808073515,14.1,74.68989237611012,30.300000000000665,1.686238795549464,0.0,9.2,この先制限速度なし,この先目立った勾配なし,先行列車なし,後続列車なし,0,0,,0,14.1,0,normal,0.0,持続時間が7秒未満の力行への切替がノコギリ運転と判定され、上限0.0点となったため評価は0.0とした。
149.79999999999933,Train11,次駅への減速フェーズ（駅手前400m以内）,惰行中,0.1,力行（加速）,0.1,70.0,70.0,6.199105256469064,14.3,74.52085104309703,30.20000000000067,1.8325160400939946,0.0,9.2,この先制限速度なし,この先目立った勾配なし,先行列車なし,後続列車なし,0,0,,0,14.3,0,normal,0.0,0.1秒の力行から惰行への短時間反転がノコギリ運転と判定され、上限0.0点となり評価は0.0とした。
149.89999999999932,Train11,次駅への減速フェーズ（駅手前400m以内）,惰行中,0.2,力行（加速）,0.1,70.0,70.0,6.157643758342947,14.3,74.34928712450173,30.100000000000676,1.8081022023604136,0.0,9.2,この先制限速度なし,この先目立った勾配なし,先行列車なし,後続列車なし,0,0,,0,14.3,0,normal,0.0,ノコギリ運転（0.1秒の力行→0.2秒の惰行）と、必要速度14.3km/hに対し6.2km/hの低速惰行が遅延を生むため、上限が0.0点となりrewardは0.0とした。
149.99999999999932,Train11,次駅への減速フェーズ（駅手前400m以内）,惰行中,0.30000000000000004,力行（加速）,0.1,70.0,70.0,6.116186653858205,14.2,74.17887484703556,30.000000000000682,1.783854398742678,0.0,9.2,この先制限速度なし,この先目立った勾配なし,先行列車なし,後続列車なし,0,0,,0,14.2,0,normal,0.0,持続時間が7秒未満で力行→惰行への不合理な切替がノコギリ運転と判定され、上限が0.0点となったため。
150.0999999999993,Train11,次駅への減速フェーズ（駅手前400m以内）,惰行中,0.4,力行（加速）,0.1,70.0,70.0,6.074733935031129,14.2,74.00961408878715,29.900000000000688,1.7597725772570116,0.0,9.2,この先制限速度なし,この先目立った勾配なし,先行列車なし,後続列車なし,0,0,,0,14.2,0,normal,0.0,次駅減速フェーズで必要速度14.2km/hに対し6.1km/hの惰行で、加速が必要なのにノコギリ運転とみなされ上限0.0点。
150.1999999999993,Train11,次駅への減速フェーズ（駅手前400m以内）,惰行中,0.5,力行（加速）,0.1,70.0,70.0,6.033285593881241,14.2,73.84150472805118,29.800000000000693,1.7358566860438596,0.0,9.2,この先制限速度なし,この先目立った勾配なし,先行列車なし,後続列車なし,0,0,,0,14.2,0,normal,0.0,ノコギリ運転と判定され、prev_notch_durationが0.1秒で上限0.0点となるためrewardは0.0とする。
150.2999999999993,Train11,次駅への減速フェーズ（駅手前400m以内）,力行（加速）中,0.1,惰行,0.5,70.0,70.0,5.991841622431288,14.1,73.67454664334616,29.7000000000007,1.7121066701481782,0.0,9.2,この先制限速度なし,この先目立った勾配なし,先行列車なし,後続列車なし,0,0,,0,14.1,0,normal,1.0,次駅減速フェーズで必要速度未達のため加速は適切で、制限速度・CBTC信号遵守、停止位置も確保できる。
150.3999999999993,Train11,次駅への減速フェーズ（駅手前400m以内）,惰行中,0.1,力行（加速）,0.1,70.0,70.0,6.244329731972989,14.3,73.50424603944106,29.600000000000705,1.8593320332340084,0.0,9.2,この先制限速度なし,この先目立った勾配なし,先行列車なし,後続列車なし,0,0,,0,14.3,0,normal,0.0,0.1秒の力行→惰行の短時間反転がノコギリ運転と判定され、上限が0.0点となったためrewardは0.0とした。
150.4999999999993,Train11,次駅への減速フェーズ（駅手前400m以内）,惰行中,0.2,力行（加速）,0.1,70.0,70.0,6.202863432871892,13.8,73.33142595877362,29.50000000000071,1.83473705308691,0.0,9.2,この先制限速度なし,この先目立った勾配なし,先行列車なし,後続列車なし,0,0,,0,13.8,0,normal,0.0,持続時間が7秒未満の力行→惰行の頻繁な切替がノコギリ運転と判定され、上限0.0点となったため、他の評価は無効。
150.59999999999928,Train11,次駅への減速フェーズ（駅手前400m以内）,惰行中,0.30000000000000004,力行（加速）,0.1,70.0,70.0,6.161401536123188,14.3,73.15975765246918,29.400000000000716,1.810308163892823,0.0,9.2,この先制限速度なし,この先目立った勾配なし,先行列車なし,後続列車なし,0,0,,0,14.3,0,normal,0.0,保持時間が7秒未満で力行→惰行への不合理な切替と、必要速度未達のため、ノコギリ運転上限0.0点とした。
150.69999999999928,Train11,次駅への減速フェーズ（駅手前400m以内）,惰行中,0.4,力行（加速）,0.1,70.0,70.0,6.119944033739644,14.2,72.98924099837478,29.300000000000722,1.7860453135323962,0.0,9.2,この先制限速度なし,この先目立った勾配なし,先行列車なし,後続列車なし,0,0,,0,14.2,0,normal,0.0,0.4秒の惰行への切替が直前0.1秒の力行からの短時間反転でノコギリ運転と判定され、上限が0.0点となったため。
150.79999999999927,Train11,次駅への減速フェーズ（駅手前400m以内）,惰行中,0.5,力行（加速）,0.1,70.0,70.0,6.078490917737255,14.2,72.81987587453287,29.200000000000728,1.761948450010587,0.0,9.2,この先制限速度なし,この先目立った勾配なし,先行列車なし,後続列車なし,0,0,,0,14.2,0,normal,0.0,力行→惰行が7秒未満で反転し、合理的理由がなくノコギリ運転と判定されたため、reward上限は0.0となる。
150.89999999999927,Train11,次駅への減速フェーズ（駅手前400m以内）,力行（加速）中,0.1,惰行,0.5,70.0,70.0,6.037042180135249,14.2,72.65166215922392,29.100000000000733,1.738017521456587,0.0,9.2,この先制限速度なし,この先目立った勾配なし,先行列車なし,後続列車なし,0,0,,0,14.2,0,normal,1.0,次駅減速フェーズでrequired_speed未達のため加速は妥当で、速度・信号超過なし、ノコギリ運転にも該当せず高評価とした。
150.99999999999926,Train11,次駅への減速フェーズ（駅手前400m以内）,惰行中,0.1,力行（加速）,0.1,70.0,70.0,6.289288641933539,13.8,72.48010967897045,29.00000000000074,1.886183311319198,0.0,9.2,この先制限速度なし,この先目立った勾配なし,先行列車なし,後続列車なし,0,0,,0,13.8,0,normal,0.0,0.1秒の力行→惰行の短時間反転がノコギリ運転と判定され、上限が0.0点となったため。
151.09999999999926,Train11,次駅への減速フェーズ（駅手前400m以内）,惰行中,0.2,力行（加速）,0.1,70.0,70.0,6.247817561182092,13.8,72.30604081276937,28.900000000000745,1.861408230289336,0.0,9.2,この先制限速度なし,この先目立った勾配なし,先行列車なし,後続列車なし,0,0,,0,13.8,0,normal,0.0,持続時間0.2秒・0.1秒の急速な力行→惰行切替がノコギリ運転と判定され、上限0.0点となったためrewardは0.0とした。
151.19999999999925,Train11,次駅への減速フェーズ（駅手前400m以内）,惰行中,0.30000000000000004,力行（加速）,0.1,70.0,70.0,6.206350891445734,13.8,72.13312385362158,28.80000000000075,1.8367992782613052,0.0,9.2,この先制限速度なし,この先目立った勾配なし,先行列車なし,後続列車なし,0,0,,0,13.8,0,normal,0.0,前回の力行が0.1秒で止まりすぐ惰行に切り替えたためノコギリ運転と判定され、reward上限が0点に設定された。
151.29999999999924,Train11,次駅への減速フェーズ（駅手前400m以内）,惰行中,0.4,力行（加速）,0.1,70.0,70.0,6.164888624733705,14.3,71.96135867912545,28.700000000000756,1.8123564215755876,0.0,9.2,この先制限速度なし,この先目立った勾配なし,先行列車なし,後続列車なし,0,0,,0,14.3,0,normal,0.0,力行→惰行への短時間切替がノコギリ運転と判定され、上限が0点となったためrewardは0.0とした。
151.39999999999924,Train11,次駅への減速フェーズ（駅手前400m以内）,惰行中,0.5,力行（加速）,0.1,70.0,70.0,6.123430753058497,13.7,71.79074516709605,28.60000000000076,1.7880796081023702,0.0,9.2,この先制限速度なし,この先目立った勾配なし,先行列車なし,後続列車なし,0,0,,0,13.7,0,normal,0.0,ノコギリ運転と判定され、prev_notch_durationが0.1秒で上限0.0点となったためreward=0.0とした。
151.49999999999923,Train11,次駅への減速フェーズ（駅手前400m以内）,惰行中,0.6,力行（加速）,0.1,70.0,70.0,6.081977268435834,14.2,71.62128319557226,28.500000000000767,1.76396878583616,0.0,9.2,この先制限速度なし,この先目立った勾配なし,先行列車なし,後続列車なし,0,0,,0,14.2,0,normal,0.0,ノコギリ運転と判定され、prev_notch_durationが0.1秒で上限0.0点となったためrewardは0.0とした。
151.59999999999923,Train11,次駅への減速フェーズ（駅手前400m以内）,力行（加速）中,0.1,惰行,0.6,70.0,70.0,6.040528162884673,14.2,71.45297264281325,28.400000000000773,1.7400239028957005,0.0,9.2,この先制限速度なし,この先目立った勾配なし,先行列車なし,後続列車なし,0,0,,0,14.2,0,normal,1.0,次駅減速フェーズで必要速度未達のため加速は適切で、速度・信号超過なし、停止位置も確保できるため高評価とした。
151.69999999999922,Train11,次駅への減速フェーズ（駅手前400m以内）,惰行中,0.1,力行（加速）,0.1,70.0,70.0,6.292755987821671,13.8,71.28132361465234,28.30000000000078,1.8882621330232185,0.0,9.2,この先制限速度なし,この先目立った勾配なし,先行列車なし,後続列車なし,0,0,,0,13.8,0,normal,0.0,力行→惰行への保持時間0.1秒の短い切替がノコギリ運転と判定され、上限が0点となり、低速惰行による遅延も評価を下げたためrewardは0.0とした。
151.79999999999922,Train11,次駅への減速フェーズ（駅手前400m以内）,惰行中,0.2,力行（加速）,0.1,70.0,70.0,6.251284537929918,13.8,71.10715843892734,28.200000000000784,1.8634731603889036,0.0,9.2,この先制限速度なし,この先目立った勾配なし,先行列車なし,後続列車なし,0,0,,0,13.8,0,normal,0.0,前後のノッチ保持時間が共に7秒未満で力行→惰行への反転が合理的理由なく行われ、prev_notch_durationが2秒未満のためノコギリ運転上限0点となった。
151.8999999999992,Train11,次駅への減速フェーズ（駅手前400m以内）,惰行中,0.30000000000000004,力行（加速）,0.1,70.0,70.0,6.209817499721456,13.8,70.93414518050523,28.10000000000079,1.838850320297267,0.0,9.2,この先制限速度なし,この先目立った勾配なし,先行列車なし,後続列車なし,0,0,,0,13.8,0,normal,0.0,力行→惰行への短時間切替がノコギリ運転と判定され、上限が0.0点となったためrewardは0.0。
151.9999999999992,Train11,次駅への減速フェーズ（駅手前400m以内）,惰行中,0.4,力行（加速）,0.1,70.0,70.0,6.168354865205262,13.7,70.76228371695592,28.000000000000796,1.8143935793848427,0.0,9.2,この先制限速度なし,この先目立った勾配なし,先行列車なし,後続列車なし,0,0,,0,13.7,0,normal,0.0,0.5秒の力行→惰行の反転がノコギリ運転と判定され、上限0.0点になるためrewardは0.0とした。
152.0999999999992,Train11,次駅への減速フェーズ（駅手前400m以内）,惰行中,0.5,力行（加速）,0.1,70.0,70.0,6.126896626393551,14.2,70.59157392608384,27.9000000000008,1.7901028860384125,0.0,9.2,この先制限速度なし,この先目立った勾配なし,先行列車なし,後続列車なし,0,0,,0,14.2,0,normal,0.0,次駅減速フェーズで必要速度14.2km/hに対し6.1km/hと遅く、加速せず惰行に切替えた上、力行→惰行の短時間切替がノコギリ運転と判定され上限0点となった。
152.1999999999992,Train11,次駅への減速フェーズ（駅手前400m以内）,惰行中,0.6,力行（加速）,0.1,70.0,70.0,6.085442775301777,14.2,70.42201568589945,27.800000000000807,1.7659781882420935,0.0,9.2,この先制限速度なし,この先目立った勾配なし,先行列車なし,後続列車なし,0,0,,0,14.2,0,normal,0.0,保持時間が7秒未満で力行→惰行への不合理な切替があり、次駅減速フェーズで速度不足のまま惰行を続けたためノコギリ運転と判定され、reward上限が0.0点となった。
152.2999999999992,Train11,次駅への減速フェーズ（駅手前400m以内）,惰行中,0.7,力行（加速）,0.1,70.0,70.0,6.043993303948629,14.2,70.25360887464771,27.700000000000813,1.7420194341042463,0.0,9.2,この先制限速度なし,この先目立った勾配なし,先行列車なし,後続列車なし,0,0,,0,14.2,0,normal,0.0,ノコギリ運転と低速惰行により定時到達が遅れ、エネルギー効率も低下するため、上限0.0点とした。
152.39999999999918,Train11,次駅への減速フェーズ（駅手前400m以内）,力行（加速）中,0.1,惰行,0.7,70.0,70.0,6.002548204356022,14.1,70.08635337079028,27.60000000000082,1.7182265718573901,0.0,9.2,この先制限速度なし,この先目立った勾配なし,先行列車なし,後続列車なし,0,0,,0,14.1,0,normal,0.9,必要速度未達であり加速が合理的かつ適切、制限速度・信号超過なし、ノコギリ運転の理由があるため高評価。
152.49999999999918,Train11,次駅への減速フェーズ（駅手前400m以内）,惰行中,0.1,力行（加速）,0.1,70.0,70.0,6.254979075995303,13.8,69.91575623697699,27.500000000000824,1.8656748828923897,0.0,9.2,この先制限速度なし,この先目立った勾配なし,先行列車なし,後続列車なし,0,0,,0,13.8,0,normal,0.0,力行→惰行の短時間切替が合理性なくノコギリ運転と判定され、上限0.0点となったため。
152.59999999999917,Train11,次駅への減速フェーズ（駅手前400m以内）,惰行中,0.2,力行（加速）,0.1,70.0,70.0,6.213511645071539,13.8,69.74264035849131,27.40000000000083,1.8410372438873441,0.0,9.2,この先制限速度なし,この先目立った勾配なし,先行列車なし,後続列車なし,0,0,,0,13.8,0,normal,0.0,持続時間が7秒未満で力行→惰行への不合理な切替がありノコギリ運転と判定、上限0.0点となった。加えて現在速度6.2km/hはrequired_speed13.8km/hに不足し、減速フェーズで不適切な惰行である。
152.69999999999916,Train11,次駅への減速フェーズ（駅手前400m以内）,惰行中,0.30000000000000004,力行（加速）,0.1,70.0,70.0,6.172048618551836,13.7,69.57067628578528,27.300000000000836,1.8165657071665775,0.0,9.2,この先制限速度なし,この先目立った勾配なし,先行列車なし,後続列車なし,0,0,,0,13.7,0,normal,0.0,ノコギリ運転と低速での惰行が遅延運転と判断され、即時0.0点の上限が適用されたためrewardは0.0となります。
152.79999999999916,Train11,次駅への減速フェーズ（駅手前400m以内）,惰行中,0.4,力行（加速）,0.1,70.0,70.0,6.1305899884481185,13.7,69.39986389662778,27.20000000000084,1.7922602226519626,0.0,9.2,この先制限速度なし,この先目立った勾配なし,先行列車なし,後続列車なし,0,0,,0,13.7,0,normal,0.0,直前の力行からすぐ惰行へ切り替え、保持時間が共に7秒未満で合理的理由がなくノコギリ運転と判定され、上限が0.0点となったためrewardは0.0とした。
152.89999999999915,Train11,次駅への減速フェーズ（駅手前400m以内）,惰行中,0.5,力行（加速）,0.1,70.0,70.0,6.089135746775556,13.7,69.23020306902217,27.100000000000847,1.7681207383165414,0.0,9.2,この先制限速度なし,この先目立った勾配なし,先行列車なし,後続列車なし,0,0,,0,13.7,0,normal,0.0,前回の力行が0.1秒で止まりすぐ惰行へ切替えたため、ノコギリ運転（2秒未満）と判定され上限0.0点となった。
152.99999999999915,Train11,次駅への減速フェーズ（駅手前400m以内）,惰行中,0.6,力行（加速）,0.1,70.0,70.0,6.04768588555255,13.6,69.06169368118853,27.000000000000853,1.7441472022576137,0.0,9.2,この先制限速度なし,この先目立った勾配なし,先行列車なし,後続列車なし,0,0,,0,13.6,0,normal,0.0,保持時間が7秒未満で力行→惰行の反転に合理性がなくノコギリ運転と判定され、上限0.0点となったため。
153.09999999999914,Train11,次駅への減速フェーズ（駅手前400m以内）,惰行中,0.7,力行（加速）,0.1,70.0,70.0,6.006240396800726,13.6,68.89433561157077,26.90000000000086,1.7203395626966371,0.0,9.2,この先制限速度なし,この先目立った勾配なし,先行列車なし,後続列車なし,0,0,,0,13.6,0,normal,0.0,ノコギリ運転と判定され、前後ノッチ保持時間が2秒未満であるためreward上限が0.0に設定され、他の評価は無視された。
153.19999999999914,Train11,次駅への減速フェーズ（駅手前400m以内）,力行（加速）中,0.1,惰行,0.7,70.0,70.0,5.964799272544931,14.1,68.72812873882594,26.800000000000864,1.6966977556590421,0.0,9.2,この先制限速度なし,この先目立った勾配なし,先行列車なし,後続列車なし,0,0,,0,14.1,0,normal,0.0,ノコギリ運転と判定され、prev_notch_durationが0.7秒で上限0点となったため、他の評価を考慮せずrewardは0.0とした。
153.29999999999913,Train11,次駅への減速フェーズ（駅手前400m以内）,惰行中,0.1,力行（加速）,0.1,70.0,70.0,6.217431949574226,13.8,68.5585771009265,26.70000000000087,1.8433594723347013,0.0,9.2,この先制限速度なし,この先目立った勾配なし,先行列車なし,後続列車なし,0,0,,0,13.8,0,normal,0.0,ノコギリ運転と速度不足により次駅停止位置が遅れ、即時0点上限が適用されたためreward=0.0
153.39999999999912,Train11,次駅への減速フェーズ（駅手前400m以内）,惰行中,0.2,力行（加速）,0.1,70.0,70.0,6.1759685069868935,13.7,68.38650413722291,26.600000000000875,1.8188722336923087,0.0,9.2,この先制限速度なし,この先目立った勾配なし,先行列車なし,後続列車なし,0,0,,0,13.7,0,normal,0.0,ノコギリ運転と判定され、保持時間が0.1秒（2秒未満）で上限が0.0点に設定されたため、他の評価に関わらずrewardは0.0となります。
153.49999999999912,Train11,次駅への減速フェーズ（駅手前400m以内）,惰行中,0.30000000000000004,力行（加速）,0.1,70.0,70.0,6.134509461570632,13.7,68.21558286862839,26.50000000000088,1.794551052181331,0.0,9.2,この先制限速度なし,この先目立った勾配なし,先行列車なし,後続列車なし,0,0,,0,13.7,0,normal,0.0,直前の力行から0.3秒の惰行への切替が保持時間7秒未満で不合理な反転となり、ノコギリ運転と判定され上限0.0点となったため。
153.5999999999991,Train11,次駅への減速フェーズ（駅手前400m以内）,惰行中,0.4,力行（加速）,0.1,70.0,70.0,6.093054805340305,13.7,68.0458131731072,26.400000000000887,1.7703958757630618,0.0,9.2,この先制限速度なし,この先目立った勾配なし,先行列車なし,後続列車なし,0,0,,0,13.7,0,normal,0.0,持続時間が7秒未満の力行→惰行の反転がノコギリ運転と判定され、prev_notch_durationが0.1秒で上限0.0点となったため評価は0.0となる。
153.6999999999991,Train11,次駅への減速フェーズ（駅手前400m以内）,惰行中,0.5,力行（加速）,0.1,70.0,70.0,6.051604530314007,13.6,67.87719492885458,26.300000000000892,1.7464066525230526,0.0,9.2,この先制限速度なし,この先目立った勾配なし,先行列車なし,後続列車なし,0,0,,0,13.6,0,normal,0.0,0.5秒の惰行から0.1秒の力行へ短時間で反転し、条件1〜4を満たすノコギリ運転と判定されたためrewardは0.0とした。
153.7999999999991,Train11,次駅への減速フェーズ（駅手前400m以内）,力行（加速）中,0.1,惰行,0.5,70.0,70.0,6.01015862851306,13.6,67.7097280143002,26.200000000000898,1.722583330671029,0.0,9.2,この先制限速度なし,この先目立った勾配なし,先行列車なし,後続列車なし,0,0,,0,13.6,0,normal,0.0,0.5秒以下の短時間で惰行→力行への反転がノコギリ運転と判定され、上限が0.0点となったため。
153.8999999999991,Train11,次駅への減速フェーズ（駅手前400m以内）,惰行中,0.1,力行（加速）,0.1,70.0,70.0,6.262548814155691,13.8,67.53892010188522,26.100000000000904,1.8701900454374567,0.0,9.2,この先制限速度なし,この先目立った勾配なし,先行列車なし,後続列車なし,0,0,,0,13.8,0,normal,0.0,ノコギリ運転と低速惰行による遅延が判定基準となり、上限が0.0点のためrewardは0.0とした。安全性は保たれるが効率が極端に低い。
153.9999999999991,Train11,次駅への減速フェーズ（駅手前400m以内）,惰行中,0.2,力行（加速）,0.1,70.0,70.0,6.2210805784111525,13.8,67.36559396519937,26.00000000000091,1.8455220842256848,0.0,9.2,この先制限速度なし,この先目立った勾配なし,先行列車なし,後続列車なし,0,0,,0,13.8,0,normal,0.0,力行→惰行が7秒未満で反転しノコギリ運転と判定、上限0.0点のためreward=0.0とした。
154.09999999999908,Train11,次駅への減速フェーズ（駅手前400m以内）,惰行中,0.30000000000000004,力行（加速）,0.1,70.0,70.0,6.179616748529129,13.7,67.1934196566184,25.900000000000915,1.8210202315218702,0.0,9.2,この先制限速度なし,この先目立った勾配なし,先行列車なし,後続列車なし,0,0,,0,13.7,0,normal,0.0,次駅減速フェーズで必要速度未達のまま惰行に切り替え、ノコギリ運転と判定され上限0.0点となった。
154.19999999999908,Train11,次駅への減速フェーズ（駅手前400m以内）,惰行中,0.4,力行（加速）,0.1,70.0,70.0,6.138157316520952,13.7,67.02239705388635,25.80000000000092,1.7966844405343687,0.0,9.2,この先制限速度なし,この先目立った勾配なし,先行列車なし,後続列車なし,0,0,,0,13.7,0,normal,0.0,0.5秒の力行→惰行の短時間反転がノコギリ運転と判定され、上限0.0点となったため。
154.29999999999907,Train11,次駅への減速フェーズ（駅手前400m以内）,惰行中,0.5,力行（加速）,0.1,70.0,70.0,6.096702274401201,13.7,66.85252603495329,25.700000000000927,1.7725146592135372,0.0,9.2,この先制限速度なし,この先目立った勾配なし,先行列車なし,後続列車なし,0,0,,0,13.7,0,normal,0.0,ノコギリ運転と判定され、prev_notch_durationが0.1秒で上限0.0点となるためrewardは0.0とする。
154.39999999999907,Train11,次駅への減速フェーズ（駅手前400m以内）,力行（加速）中,0.1,惰行,0.5,70.0,70.0,6.055251614187686,13.6,66.68380647801087,25.600000000000932,1.7485108356339953,0.0,9.2,この先制限速度なし,この先目立った勾配なし,先行列車なし,後続列車なし,0,0,,0,13.6,0,normal,1.0,信号・速度制限を守り、駅までの距離で必要な加速を行っているため高評価とし、reward=1.0とする。
154.49999999999906,Train11,次駅への減速フェーズ（駅手前400m以内）,惰行中,0.1,力行（加速）,0.1,70.0,70.0,6.307400723603413,13.9,66.51174966861717,25.500000000000938,1.8970548866924017,0.0,9.2,この先制限速度なし,この先目立った勾配なし,先行列車なし,後続列車なし,0,0,,0,13.9,0,normal,0.0,ノコギリ運転と判定され、prev_notch_durationが2秒未満のためreward上限が0.0となった。
154.59999999999906,Train11,次駅への減速フェーズ（駅手前400m以内）,惰行中,0.2,力行（加速）,0.1,70.0,70.0,6.265927714024834,13.8,66.33717771851266,25.400000000000944,1.8722072348621022,0.0,9.2,この先制限速度なし,この先目立った勾配なし,先行列車なし,後続列車なし,0,0,,0,13.8,0,normal,0.0,持続時間0.1秒・0.2秒の力行→惰行の急激な切替がノコギリ運転と判定され、上限0.0点となったためrewardは0.0。
154.69999999999905,Train11,次駅への減速フェーズ（駅手前400m以内）,惰行中,0.30000000000000004,力行（加速）,0.1,70.0,70.0,6.224459118951979,13.8,66.1637577289973,25.30000000000095,1.8475257384326027,0.0,9.2,この先制限速度なし,この先目立った勾配なし,先行列車なし,後続列車なし,0,0,,0,13.8,0,normal,0.0,力行から惰行への短時間切替がノコギリ運転と判定され、上限が0.0点となったためrewardは0.0。
154.79999999999905,Train11,次駅への減速フェーズ（駅手前400m以内）,惰行中,0.4,力行（加速）,0.1,70.0,70.0,6.182994930392672,13.7,65.99148957754863,25.200000000000955,1.82301035322907,0.0,9.2,この先制限速度なし,この先目立った勾配なし,先行列車なし,後続列車なし,0,0,,0,13.7,0,normal,0.0,力行→惰行への不合理な切替がノコギリ運転と判定され、上限0.0点となったため。
154.89999999999904,Train11,次駅への減速フェーズ（駅手前400m以内）,惰行中,0.5,力行（加速）,0.1,70.0,70.0,6.141535140357985,13.7,65.82037314190003,25.10000000000096,1.798661033988177,0.0,9.2,この先制限速度なし,この先目立った勾配なし,先行列車なし,後続列車なし,0,0,,0,13.7,0,normal,0.0,0.5秒の惰行への急激な反転が2秒未満であり、ノコギリ運転と判定され上限0.0点となる。
154.99999999999903,Train11,次駅への減速フェーズ（駅手前400m以内）,惰行中,0.6,力行（加速）,0.1,70.0,70.0,6.100079740862231,13.7,65.65040829999091,25.000000000000966,1.774477728650149,0.0,9.2,この先制限速度なし,この先目立った勾配なし,先行列車なし,後続列車なし,0,0,,0,13.7,0,normal,0.0,前回の力行0.1秒、直後の惰行0.6秒と7秒未満で反転し合理的根拠がなくノコギリ運転と判定、上限0.0点となった。
155.09999999999903,Train11,次駅への減速フェーズ（駅手前400m以内）,力行（加速）中,0.1,惰行,0.6,70.0,70.0,6.058628723922956,13.6,65.4815949299774,24.900000000000972,1.7504603852794844,0.0,9.2,この先制限速度なし,この先目立った勾配なし,先行列車なし,後続列車なし,0,0,,0,13.6,0,normal,1.0,次駅までの距離と残り時間から加速が必要であり、信号速度内で適切に力行しているため高評価とした。
155.19999999999902,Train11,次駅への減速フェーズ（駅手前400m以内）,惰行中,0.1,力行（加速）,0.1,70.0,70.0,6.310759778271146,13.9,65.309444588042,24.800000000000978,1.8990745506420887,0.0,9.2,この先制限速度なし,この先目立った勾配なし,先行列車なし,後続列車なし,0,0,,0,13.9,0,normal,0.0,保持時間0.1秒の力行→惰行がノコギリ運転と判定され上限0.0点、次駅減速フェーズで速度不足の惰行も不適切と評価したため0.0とした。
155.29999999999902,Train11,次駅への減速フェーズ（駅手前400m以内）,惰行中,0.2,力行（加速）,0.1,70.0,70.0,6.269286410815829,13.8,65.13477933632927,24.700000000000983,1.8742134389888314,0.0,9.2,この先制限速度なし,この先目立った勾配なし,先行列車なし,後続列車なし,0,0,,0,13.8,0,normal,0.0,ノコギリ運転と判定され、prev_notch_durationが2秒未満のためreward上限が0.0点となった。
155.399999999999,Train11,次駅への減速フェーズ（駅手前400m以内）,惰行中,0.30000000000000004,力行（加速）,0.1,70.0,70.0,6.227817458513656,13.8,64.96126605513552,24.60000000000099,1.8495184880809752,0.0,9.2,この先制限速度なし,この先目立った勾配なし,先行列車なし,後続列車なし,0,0,,0,13.8,0,normal,0.0,直前の力行が0.1秒で止まりすぐ惰行へ切替わず、2秒未満のノコギリ運転と低速で停止位置が達成できず、上限が0.0点となった。
155.499999999999,Train11,次駅への減速フェーズ（駅手前400m以内）,惰行中,0.4,力行（加速）,0.1,70.0,70.0,6.1863529133721915,13.7,64.78890462193121,24.500000000000995,1.8249896510640884,0.0,9.2,この先制限速度なし,この先目立った勾配なし,先行列車なし,後続列車なし,0,0,,0,13.7,0,normal,0.0,0.4秒の惰行への急激な反転がノコギリ運転と判定され、prev_notch_durationが0.1秒で上限0.0点となり、他の評価を上回ってrewardを0.0とした。
155.599999999999,Train11,次駅への減速フェーズ（駅手前400m以内）,惰行中,0.5,力行（加速）,0.1,70.0,70.0,6.144892767402241,13.7,64.61769491442126,24.400000000001,1.8006268842315558,0.0,9.2,この先制限速度なし,この先目立った勾配なし,先行列車なし,後続列車なし,0,0,,0,13.7,0,normal,0.0,0.1秒の加速から0.5秒の惰行への短時間切替がノコギリ運転と判定され、上限が0点となったため。
155.699999999999,Train11,次駅への減速フェーズ（駅手前400m以内）,惰行中,0.6,力行（加速）,0.1,70.0,70.0,6.103437012617856,13.7,64.44763681052734,24.300000000001006,1.7764301355135352,0.0,9.2,この先制限速度なし,この先目立った勾配なし,先行列車なし,後続列車なし,0,0,,0,13.7,0,normal,0.0,ノコギリ運転と判定され、prev_notch_durationが2秒未満のためreward上限が0.0となった。
155.799999999999,Train11,次駅への減速フェーズ（駅手前400m以内）,惰行中,0.7,力行（加速）,0.1,70.0,70.0,6.061985641036323,13.6,64.27873018839136,24.200000000001012,1.752399352964466,0.0,9.2,この先制限速度なし,この先目立った勾配なし,先行列車なし,後続列車なし,0,0,,0,13.6,0,normal,0.0,力行から惰行への切替が2秒未満で持続時間も短く、合理的根拠がなくノコギリ運転と判定され、上限が0.0点となったためrewardは0.0とした。
155.89999999999898,Train11,次駅への減速フェーズ（駅手前400m以内）,惰行中,0.7999999999999999,力行（加速）,0.1,70.0,70.0,6.020538644678155,13.6,64.11097492638262,24.100000000001017,1.7285344847629798,0.0,9.2,この先制限速度なし,この先目立った勾配なし,先行列車なし,後続列車なし,0,0,,0,13.6,0,normal,0.0,直前の力行から0.1秒で惰行へ切替し、保持時間が7秒未満で合理的根拠がなくノコギリ運転と判定され、上限0.0点となる。
155.99999999999898,Train11,次駅への減速フェーズ（駅手前400m以内）,力行（加速）中,0.1,惰行,0.7999999999999999,70.0,70.0,5.979096015567091,13.6,63.944370903090686,24.000000000001023,1.7048354714024634,0.0,9.2,この先制限速度なし,この先目立った勾配なし,先行列車なし,後続列車なし,0,0,,0,13.6,0,normal,0.0,ノコギリ運転と減速フェーズでの不必要な低速加速により上限0.0点と判断した。
156.09999999999897,Train11,次駅への減速フェーズ（駅手前400m以内）,惰行中,0.1,力行（加速）,0.1,70.0,70.0,6.231652263087587,13.8,63.774423302024985,23.90000000000103,1.8517952709307672,0.0,9.2,この先制限速度なし,この先目立った勾配なし,先行列車なし,後続列車なし,0,0,,0,13.8,0,normal,0.0,0.1秒の力行→惰行の短時間切替でノコギリ運転と判定され、上限が0点となったためrewardは0.0。
156.19999999999897,Train11,次駅への減速フェーズ（駅手前400m以内）,ブレーキ（減速）中,0.1,惰行,0.1,70.0,70.0,6.190187310713478,13.8,63.60195535269497,23.800000000001035,1.8272510733450937,0.0,9.2,この先制限速度なし,この先目立った勾配なし,先行列車なし,後続列車なし,0,0,,0,13.8,0,normal,0.0,ノコギリ運転とブレーキ開始が早すぎるため、上限が0.0点に設定され、他の評価は無効となります。結果としてrewardは0.0となります。
156.29999999999896,Train11,次駅への減速フェーズ（駅手前400m以内）,惰行中,0.1,ブレーキ（減速）,0.1,70.0,70.0,5.898738643128374,14.0,63.43445846364304,23.70000000000104,1.659348448569929,0.0,9.2,この先制限速度なし,この先目立った勾配なし,先行列車なし,後続列車なし,0,0,,0,14.0,0,normal,0.0,ブレーキ→惰行の0.1秒反転がノコギリ運転と判定され、上限が0.0点となったため。
156.39999999999895,Train11,次駅への減速フェーズ（駅手前400m以内）,惰行中,0.2,ブレーキ（減速）,0.1,70.0,70.0,5.857308804530001,13.5,63.271237578256034,23.600000000001046,1.6361366650385927,0.0,9.2,この先制限速度なし,この先目立った勾配なし,先行列車なし,後続列車なし,0,0,,0,13.5,0,normal,0.0,0.1秒の減速→惰行の短時間反転がノコギリ運転と判定され上限0.0点となり、次駅減速フェーズで必要速度13.5km/hに達していない点も評価を下げたため。
156.49999999999895,Train11,次駅への減速フェーズ（駅手前400m以内）,惰行中,0.30000000000000004,ブレーキ（減速）,0.1,70.0,70.0,5.815883301789045,14.0,63.109167455465354,23.50000000000105,1.6130905472613748,0.0,9.2,この先制限速度なし,この先目立った勾配なし,先行列車なし,後続列車なし,0,0,,0,14.0,0,normal,0.0,直前の減速から0.3秒の惰行への切替が保持時間2秒未満で不合理な反転となり、ノコギリ運転上限が0点に設定されたためrewardは0.0とした。
156.59999999999894,Train11,次駅への減速フェーズ（駅手前400m以内）,力行（加速）中,0.1,惰行,0.30000000000000004,70.0,70.0,5.774462126945066,13.9,62.94824797493703,23.400000000001057,1.5902100441131477,0.0,9.2,この先制限速度なし,この先目立った勾配なし,先行列車なし,後続列車なし,0,0,,0,13.9,0,normal,0.0,持続時間0.3秒以下で惰行→力行への反転はノコギリ運転と判定され、上限0.0点となるためrewardは0.0とする。
156.69999999999894,Train11,次駅への減速フェーズ（駅手前400m以内）,惰行中,0.1,力行（加速）,0.1,70.0,70.0,6.0281122500647495,13.6,62.78396792365015,23.300000000001063,1.7328831107137512,0.0,9.2,この先制限速度なし,この先目立った勾配なし,先行列車なし,後続列車なし,0,0,,0,13.6,0,normal,0.0,ノコギリ運転と低速惰行による遅延リスクがあり、prev_notch_durationが2秒未満のためreward上限は0.0とした。
156.79999999999893,Train11,次駅への減速フェーズ（駅手前400m以内）,ブレーキ（減速）中,0.1,惰行,0.1,70.0,70.0,5.986668823488144,14.1,62.61715353461739,23.20000000000107,1.7091537944992663,0.0,9.2,この先制限速度なし,この先目立った勾配なし,先行列車なし,後続列車なし,0,0,,0,14.1,0,normal,0.0,ブレーキが停止点より大幅に手前で開始され、惰行→ブレーキへの短時間切替がノコギリ運転と判定されたため、reward上限は0.0となり0.0とする。
156.89999999999893,Train11,次駅への減速フェーズ（駅手前400m以内）,惰行中,0.1,ブレーキ（減速）,0.1,70.0,70.0,5.695241542370589,13.9,62.455309609532605,23.100000000001074,1.546904196219637,0.0,9.2,この先制限速度なし,この先目立った勾配なし,先行列車なし,後続列車なし,0,0,,0,13.9,0,normal,0.0,ノコギリ運転と判定され、prev_notch_durationが2秒未満のためreward上限が0.0となった。
156.99999999999892,Train11,次駅への減速フェーズ（駅手前400m以内）,力行（加速）中,0.1,惰行,0.1,70.0,70.0,5.653832928718588,13.8,62.297741097033565,23.00000000000108,1.5245058072968578,0.0,9.2,この先制限速度なし,この先目立った勾配なし,先行列車なし,後続列車なし,0,0,,0,13.8,0,normal,1.0,加速は残り距離と残り時間から見て必要速度を満たすために合理的であり、速度超過や信号違反、ノコギリ運転等の違反がなく、停止位置も確保できるため高評価とした。
157.09999999999891,Train11,次駅への減速フェーズ（駅手前400m以内）,惰行中,0.1,力行（加速）,0.1,70.0,70.0,5.908127793046679,14.0,62.13680199898164,22.900000000001086,1.664631574160394,0.0,9.2,この先制限速度なし,この先目立った勾配なし,先行列車なし,後続列車なし,0,0,,0,14.0,0,normal,0.0,0.1秒で力行→惰行への反転が合理的理由なく行われ、ノコギリ運転と判定され上限0.0点となった。
157.1999999999989,Train11,次駅への減速フェーズ（駅手前400m以内）,ブレーキ（減速）中,0.1,惰行,0.1,70.0,70.0,5.866696970779276,14.0,61.97332031890923,22.80000000000109,1.641382241471345,0.0,9.2,この先制限速度なし,この先目立った勾配なし,先行列車なし,後続列車なし,0,0,,0,14.0,0,normal,0.0,ブレーキへの短時間反転がノコギリ運転と判定され、prev_notch_durationが2秒未満のためreward上限0.0となった。
157.2999999999989,Train11,次駅への減速フェーズ（駅手前400m以内）,惰行中,0.1,ブレーキ（減速）,0.1,70.0,70.0,5.575282211864265,13.8,61.81480875362766,22.700000000001097,1.482465052497969,0.0,9.2,この先制限速度なし,この先目立った勾配なし,先行列車なし,後続列車なし,0,0,,0,13.8,0,normal,0.0,減速→惰行の短時間切替がノコギリ運転と判定され、上限が0.0点となったため。
157.3999999999989,Train11,次駅への減速フェーズ（駅手前400m以内）,力行（加速）中,0.1,惰行,0.1,70.0,70.0,5.533886025226414,13.7,61.66057225484067,22.600000000001103,1.4605457918611089,0.0,9.2,この先制限速度なし,この先目立った勾配なし,先行列車なし,後続列車なし,0,0,,0,13.7,0,normal,1.0,次駅減速フェーズで速度が必要速度未達のため加速は合理的で、速度・信号超過なし、ノコギリ運転もなく最高評価とした。
157.4999999999989,Train11,次駅への減速フェーズ（駅手前400m以内）,惰行中,0.1,力行（加速）,0.1,70.0,70.0,5.788821921356841,13.9,61.50295521410598,22.50000000000111,1.5981237206788306,0.0,9.2,この先制限速度なし,この先目立った勾配なし,先行列車なし,後続列車なし,0,0,,0,13.9,0,normal,0.0,持続時間0.1秒の力行→惰行の急激な切替がノコギリ運転と判定され、上限が0.0点となったためrewardは0.0とした。
157.5999999999989,Train11,次駅への減速フェーズ（駅手前400m以内）,ブレーキ（減速）中,0.1,惰行,0.1,70.0,70.0,5.747403569676032,13.9,61.34278739545351,22.400000000001114,1.5753513867158404,0.0,9.2,この先制限速度なし,この先目立った勾配なし,先行列車なし,後続列車なし,0,0,,0,13.9,0,normal,0.0,0.1秒の惰行から0.1秒のブレーキへの不合理な反転でノコギリ運転と判定され、上限が0.0点となったため。
157.69999999999888,Train11,次駅への減速フェーズ（駅手前400m以内）,惰行中,0.1,ブレーキ（減速）,0.1,70.0,70.0,5.456001199724863,14.2,61.18758934613311,22.30000000000112,1.4197477411644945,0.0,9.2,この先制限速度なし,この先目立った勾配なし,先行列車なし,後続列車なし,0,0,,0,14.2,0,normal,0.0,前後0.1秒のブレーキ→惰行という短時間反転がノコギリ運転と判定され、prev_notch_durationが2秒未満のためreward上限が0.0となった。
157.79999999999887,Train11,次駅への減速フェーズ（駅手前400m以内）,力行（加速）中,0.1,惰行,0.1,70.0,70.0,5.414617307420129,14.2,61.03666602091451,22.200000000001125,1.3983046148296034,0.0,9.2,この先制限速度なし,この先目立った勾配なし,先行列車なし,後続列車なし,0,0,,0,14.2,0,normal,0.0,保持時間0.1秒で惰行→力行への反転がノコギリ運転と判定され、上限が0.0点となったためrewardは0.0とした。
157.89999999999887,Train11,次駅への減速フェーズ（駅手前400m以内）,惰行中,0.1,力行（加速）,0.1,70.0,70.0,5.670190548969879,13.9,60.88235225537986,22.10000000000113,1.5333343383099467,0.0,9.2,この先制限速度なし,この先目立った勾配なし,先行列車なし,後続列車なし,0,0,,0,13.9,0,normal,0.0,保持時間が7秒未満で力行→惰行への不合理な切替がありノコギリ運転と判定され、上限が0.0点となったためrewardは0.0。
157.99999999999886,Train11,次駅への減速フェーズ（駅手前400m以内）,ブレーキ（減速）中,0.1,惰行,0.1,70.0,70.0,5.628784535639301,13.8,60.725479564066376,22.000000000001137,1.5110360284388993,0.0,9.2,この先制限速度なし,この先目立った勾配なし,先行列車なし,後続列車なし,0,0,,0,13.8,0,normal,0.0,0.1秒の持続時間で惰行→ブレーキへの反転がノコギリ運転と判定され、上限が0.0点となったためrewardは0.0です。
158.09999999999886,Train11,次駅への減速フェーズ（駅手前400m以内）,惰行中,0.1,ブレーキ（減速）,0.1,70.0,70.0,5.337394422896284,14.1,60.57357630029969,21.900000000001143,1.3587272176171667,0.0,9.2,この先制限速度なし,この先目立った勾配なし,先行列車なし,後続列車なし,0,0,,0,14.1,0,normal,0.0,保持時間が0.1秒でブレーキ→惰行への短時間反転がノコギリ運転と判定され、上限が0.0点となったためrewardは0.0とした。
158.19999999999885,Train11,次駅への減速フェーズ（駅手前400m以内）,力行（加速）中,0.1,惰行,0.1,70.0,70.0,5.296022693722986,14.1,60.42594742189422,21.80000000000115,1.3377572865875804,0.0,9.2,この先制限速度なし,この先目立った勾配なし,先行列車なし,後続列車なし,0,0,,0,14.1,0,normal,1.0,次駅減速フェーズで必要速度未達のため加速は適切で、速度・信号超過なし、ノコギリ運転も認められず高評価とした。
158.29999999999885,Train11,次駅への減速フェーズ（駅手前400m以内）,惰行中,0.1,力行（加速）,0.1,70.0,70.0,5.552229617170795,14.3,60.27491826245779,21.700000000001154,1.4702385991390186,0.0,9.2,この先制限速度なし,この先目立った勾配なし,先行列車なし,後続列車なし,0,0,,0,14.3,0,normal,0.0,0.1秒の力行→惰行切替がノコギリ運転と判定され、上限0.0点となったためrewardは0.0。
158.39999999999884,Train11,次駅への減速フェーズ（駅手前400m以内）,ブレーキ（減速）中,0.1,惰行,0.1,70.0,70.0,5.51083581142303,14.2,60.121322077140604,21.60000000000116,1.448411380605136,0.0,9.2,この先制限速度なし,この先目立った勾配なし,先行列車なし,後続列車なし,0,0,,0,14.2,0,normal,0.0,ブレーキを過度に早く掛け、0.1秒の惰行からの反転がノコギリ運転と判定され、停止位置が大幅に前方になるため低評価とした。
158.49999999999883,Train11,次駅への減速フェーズ（駅手前400m以内）,惰行中,0.1,ブレーキ（減速）,0.1,70.0,70.0,5.21945782559822,14.0,59.97269498119806,21.500000000001165,1.2993787677049753,0.0,9.2,この先制限速度なし,この先目立った勾配なし,先行列車なし,後続列車なし,0,0,,0,14.0,0,normal,0.0,ブレーキ直後0.1秒で惰行へ切り替えたためノコギリ運転と判定され、上限が0.0点となった。
158.59999999999883,Train11,次駅への減速フェーズ（駅手前400m以内）,力行（加速）中,0.1,惰行,0.1,70.0,70.0,5.1780981298167905,14.0,59.828341935485696,21.40000000000117,1.278879081360347,0.0,9.2,この先制限速度なし,この先目立った勾配なし,先行列車なし,後続列車なし,0,0,,0,14.0,0,normal,1.0,次駅減速フェーズでdelta_stopが正であり、加速はCBTC制限内かつ必要速度未達のため適切と判断し高評価。
158.69999999999882,Train11,次駅への減速フェーズ（駅手前400m以内）,惰行中,0.1,力行（加速）,0.1,70.0,70.0,5.434935094343157,14.2,59.68057882531852,21.300000000001177,1.4088119438873135,0.0,9.2,この先制限速度なし,この先目立った勾配なし,先行列車なし,後続列車なし,0,0,,0,14.2,0,normal,0.0,0.1秒の力行→惰行の反転が合理性なく、2秒未満のノコギリ運転で上限0.0点とした。
158.79999999999882,Train11,次駅への減速フェーズ（駅手前400m以内）,ブレーキ（減速）中,0.1,惰行,0.1,70.0,70.0,5.393553366862647,14.2,59.530240636608056,21.200000000001182,1.3874528829378399,0.0,9.2,この先制限速度なし,この先目立った勾配なし,先行列車なし,後続列車なし,0,0,,0,14.2,0,normal,0.0,ブレーキが早すぎて停止位置を大きく逸し、かつノコギリ運転（0.1秒で反転）に該当し上限0点としたためrewardは0.0。
158.8999999999988,Train11,次駅への減速フェーズ（駅手前400m以内）,惰行中,0.1,ブレーキ（減速）,0.1,70.0,70.0,5.102187379114792,13.9,59.384871202698974,21.100000000001188,1.2416779764774646,0.0,9.2,この先制限速度なし,この先目立った勾配なし,先行列車なし,後続列車なし,0,0,,0,13.9,0,normal,0.0,ノコギリ運転と判定され、保持時間が0.2秒と2秒未満で上限0.0点となり、他の評価は無効化された。
158.9999999999988,Train11,次駅への減速フェーズ（駅手前400m以内）,力行（加速）中,0.1,惰行,0.1,70.0,70.0,5.060839588430747,13.9,59.24377548745596,21.000000000001194,1.2216456422112711,0.0,9.2,この先制限速度なし,この先目立った勾配なし,先行列車なし,後続列車なし,0,0,,0,13.9,0,normal,0.0,0.1秒の力行・惰行切替がノコギリ運転と判定され、上限が0.0点となったため。
159.0999999999988,Train11,次駅への減速フェーズ（駅手前400m以内）,惰行中,0.1,力行（加速）,0.1,70.0,70.0,5.318302975759278,14.1,59.09925998125942,20.9000000000012,1.3490301701864167,0.0,9.2,この先制限速度なし,この先目立った勾配なし,先行列車なし,後続列車なし,0,0,,0,14.1,0,normal,0.0,次駅減速フェーズで必要速度14.1km/hに達しておらず、惰行から力行への切替がなくノコギリ運転と判定され上限0.0点となった。
159.1999999999988,Train11,次駅への減速フェーズ（駅手前400m以内）,力行（加速）中,0.1,惰行,0.1,70.0,70.0,5.27693319866546,14.1,58.952161390998015,20.800000000001205,1.3281363814627947,0.0,9.2,この先制限速度なし,この先目立った勾配なし,先行列車なし,後続列車なし,0,0,,0,14.1,0,normal,0.0,持続時間0.1秒の惰行から0.1秒の力行への反転がノコギリ運転と判定され、上限0.0点のためrewardは0.0となる。
159.2999999999988,Train11,次駅への減速フェーズ（駅手前400m以内）,惰行中,0.1,力行（加速）,0.1,70.0,70.0,5.533242116547808,14.3,58.80166093585615,20.70000000000121,1.4602061302483842,0.0,9.2,この先制限速度なし,この先目立った勾配なし,先行列車なし,後続列車なし,0,0,,0,14.3,0,normal,0.0,持続時間0.1秒の力行→惰行の急切替がノコギリ運転と判定され、上限0.0点となったため、他の評価は無視されます。
159.39999999999878,Train11,次駅への減速フェーズ（駅手前400m以内）,惰行中,0.2,力行（加速）,0.1,70.0,70.0,5.491850270098236,14.2,58.64859215117235,20.600000000001216,1.4384547121703548,0.0,9.2,この先制限速度なし,この先目立った勾配なし,先行列車なし,後続列車なし,0,0,,0,14.2,0,normal,0.0,持続時間が0.2秒・0.1秒と極短で力行→惰行に反転し、ノコギリ運転と判定され上限0.0点となったため評価は0.0とした。
159.49999999999878,Train11,次駅への減速フェーズ（駅手前400m以内）,力行（加速）中,0.1,惰行,0.2,70.0,70.0,5.450462689359428,13.7,58.49667307480644,20.500000000001222,1.4168685085928368,0.0,9.2,この先制限速度なし,この先目立った勾配なし,先行列車なし,後続列車なし,0,0,,0,13.7,0,normal,1.0,加速はdelta_stopが正であり信号速度を超えておらず、停止位置も確保できるため適切な操作と判断し高評価とした。
159.59999999999877,Train11,次駅への減速フェーズ（駅手前400m以内）,惰行中,0.1,力行（加速）,0.1,70.0,70.0,5.705844387678953,13.9,58.34136653283295,20.400000000001228,1.5526656265648116,0.0,9.2,この先制限速度なし,この先目立った勾配なし,先行列車なし,後続列車なし,0,0,,0,13.9,0,normal,0.0,力行→惰行が0.1秒で反転し保持時間が7秒未満のためノコギリ運転と判定、上限0.0点となる。
159.69999999999877,Train11,次駅への減速フェーズ（駅手前400m以内）,惰行中,0.2,力行（加速）,0.1,70.0,70.0,5.6644346726128525,13.8,58.183503513681956,20.300000000001234,1.5302248754444912,0.0,9.2,この先制限速度なし,この先目立った勾配なし,先行列車なし,後続列車なし,0,0,,0,13.8,0,normal,0.0,持続時間が7秒未満で力行→惰行への不合理な切替がノコギリ運転と判定され、上限が0.0点となったため。
159.79999999999876,Train11,次駅への減速フェーズ（駅手前400m以内）,惰行中,0.30000000000000004,力行（加速）,0.1,70.0,70.0,5.623029256360936,14.3,58.02679069870109,20.20000000000124,1.5079495586467953,0.0,9.2,この先制限速度なし,この先目立った勾配なし,先行列車なし,後続列車なし,0,0,,0,14.3,0,normal,0.0,持続時間が7秒未満で力行→惰行への不合理な切替があり、ノコギリ運転と判定され上限0.0点となった。さらに、次駅減速フェーズで必要速度14.3km/hに達しておらず遅延が予測される。
159.89999999999876,Train11,次駅への減速フェーズ（駅手前400m以内）,惰行中,0.4,力行（加速）,0.1,70.0,70.0,5.581628130977542,14.3,57.87122796859734,20.100000000001245,1.4858396255820239,0.0,9.2,この先制限速度なし,この先目立った勾配なし,先行列車なし,後続列車なし,0,0,,0,14.3,0,normal,0.0,ノコギリ運転と判定され、prev_notch_durationが0.1秒で上限0.0点となるため、他の評価を考慮せずrewardは0.0とした。
159.99999999999875,Train11,次駅への減速フェーズ（駅手前400m以内）,惰行中,0.5,力行（加速）,0.1,70.0,70.0,5.54023128852016,14.3,57.7168152043086,20.00000000000125,1.4638950257837373,0.0,9.2,この先制限速度なし,この先目立った勾配なし,先行列車なし,後続列車なし,0,0,,0,14.3,0,normal,0.0,持続時間0.5秒・0.1秒の力行→惰行の急激な切替が条件を満たし、ノコギリ運転と判定され上限が0.0点となった。
160.09999999999874,Train11,次駅への減速フェーズ（駅手前400m以内）,力行（加速）中,0.1,惰行,0.5,70.0,70.0,5.49883872104943,14.2,57.56355228697885,19.900000000001256,1.442115708436958,0.0,9.2,この先制限速度なし,この先目立った勾配なし,先行列車なし,後続列車なし,0,0,,0,14.2,0,normal,1.0,次駅までの距離とdelta_stopが十分あり、required_speed未達のため加速は妥当で、信号・速度制限を遵守し、合理的な加速でありノコギリ運転とみなされないため高評価。
160.19999999999874,Train11,次駅への減速フェーズ（駅手前400m以内）,惰行中,0.1,力行（加速）,0.1,70.0,70.0,5.753961908564368,13.9,57.406905918867324,19.800000000001262,1.578946371618134,0.0,9.2,この先制限速度なし,この先目立った勾配なし,先行列車なし,後続列車なし,0,0,,0,13.9,0,normal,0.0,0.1秒の力行→惰行の急激な切替がノコギリ運転と判定され、上限0.0点となった上、次駅減速フェーズで必要速度13.9km/hに達しておらず低速惰行は遅延リスクが高く評価を下げたため。
160.29999999999873,Train11,次駅への減速フェーズ（駅手前400m以内）,惰行中,0.2,力行（加速）,0.1,70.0,70.0,5.7125471889137005,13.9,57.24770637839427,19.700000000001268,1.5563133476397812,0.0,9.2,この先制限速度なし,この先目立った勾配なし,先行列車なし,後続列車なし,0,0,,0,13.9,0,normal,0.0,0.1秒の力行から0.2秒の惰行への短時間反転がノコギリ運転と判定され、上限が0.0点となったためrewardは0.0とした。
160.39999999999873,Train11,次駅への減速フェーズ（駅手前400m以内）,惰行中,0.30000000000000004,力行（加速）,0.1,70.0,70.0,5.671136777312903,14.4,57.08965718096337,19.600000000001273,1.5338458152739307,0.0,9.2,この先制限速度なし,この先目立った勾配なし,先行列車なし,後続列車なし,0,0,,0,14.4,0,normal,0.0,ノコギリ運転と判定され、prev_notch_durationが0.1秒で上限0.0点となり、次駅減速フェーズで加速が必要なのに惰行を続けたためrewardは0.0とした。
160.49999999999872,Train11,次駅への減速フェーズ（駅手前400m以内）,惰行中,0.4,力行（加速）,0.1,70.0,70.0,5.629730665812638,14.3,56.932758207029366,19.50000000000128,1.5115437254305313,0.0,9.2,この先制限速度なし,この先目立った勾配なし,先行列車なし,後続列車なし,0,0,,0,14.3,0,normal,0.0,持続時間が7秒未満の力行→惰行の反転でノコギリ運転と判定され、上限が0.0点のためrewardは0.0となった。
160.59999999999872,Train11,次駅への減速フェーズ（駅手前400m以内）,惰行中,0.5,力行（加速）,0.1,70.0,70.0,5.588328846466732,14.3,56.777009337263706,19.400000000001285,1.4894070274999207,0.0,9.2,この先制限速度なし,この先目立った勾配なし,先行列車なし,後続列車なし,0,0,,0,14.3,0,normal,0.0,0.5秒の惰行への切替が直前の0.1秒の力行からの逆転で、保持時間が7秒未満かつ合理的理由なしのノコギリ運転と判定され、上限0.0点となった。
160.6999999999987,Train11,次駅への減速フェーズ（駅手前400m以内）,惰行中,0.6,力行（加速）,0.1,70.0,70.0,5.546931311332165,14.3,56.62241045256877,19.30000000000129,1.4674356709957181,0.0,9.2,この先制限速度なし,この先目立った勾配なし,先行列車なし,後続列車なし,0,0,,0,14.3,0,normal,0.0,短時間の力行→惰行の切替がノコギリ運転と判定され、上限が0.0点となったため。
160.7999999999987,Train11,次駅への減速フェーズ（駅手前400m以内）,力行（加速）中,0.1,惰行,0.6,70.0,70.0,5.505538052469067,14.2,56.468961434053,19.200000000001296,1.4456296055547357,0.0,9.2,この先制限速度なし,この先目立った勾配なし,先行列車なし,後続列車なし,0,0,,0,14.2,0,normal,0.9,加速はrequired_speedに達するための合理的操作で、速度・信号超過なく停止位置も確保できるため高評価とし0.9とした。
160.8999999999987,Train11,次駅への減速フェーズ（駅手前400m以内）,惰行中,0.1,力行（加速）,0.1,70.0,70.0,5.760625439438645,14.5,56.312129520776466,19.1000000000013,1.582603207353442,0.0,9.2,この先制限速度なし,この先目立った勾配なし,先行列車なし,後続列車なし,0,0,,0,14.5,0,normal,0.0,0.1秒の力行から0.1秒の惰行への短時間反転がノコギリ運転と判定され、上限0.0点となったため。
160.9999999999987,Train11,次駅への減速フェーズ（駅手前400m以内）,惰行中,0.2,力行（加速）,0.1,70.0,70.0,5.71921002593223,14.4,56.15274489282385,19.000000000001307,1.5599435556442336,0.0,9.2,この先制限速度なし,この先目立った勾配なし,先行列車なし,後続列車なし,0,0,,0,14.4,0,normal,0.0,現在、速度が必要速度を大きく下回り、力行すべき場面で惰行に切り替えたため、ノコギリ運転と加速不足が同時に発生し、即時0点上限が適用されrewardは0.0となります。
161.0999999999987,Train11,次駅への減速フェーズ（駅手前400m以内）,惰行中,0.30000000000000004,力行（加速）,0.1,70.0,70.0,5.677798921754933,14.4,55.994510627172644,18.900000000001313,1.5374494008408188,0.0,9.2,この先制限速度なし,この先目立った勾配なし,先行列車なし,後続列車なし,0,0,,0,14.4,0,normal,0.0,直前の力行から0.3秒の惰行への短時間切替がノコギリ運転と判定され、上限0.0点のためrewardは0.0となった。
161.19999999999868,Train11,次駅への減速フェーズ（駅手前400m以内）,惰行中,0.4,力行（加速）,0.1,70.0,70.0,5.636392118956907,14.4,55.837426604238516,18.80000000000132,1.515120696713855,0.0,9.2,この先制限速度なし,この先目立った勾配なし,先行列車なし,後続列車なし,0,0,,0,14.4,0,normal,0.0,持続時間が7秒未満で力行→惰行への不合理な切替があり、ノコギリ運転と判定されたためrewardは0.0とした。
161.29999999999868,Train11,次駅への減速フェーズ（駅手前400m以内）,惰行中,0.5,力行（加速）,0.1,70.0,70.0,5.59498960959147,14.3,55.68149270465739,18.700000000001324,1.4929573926338395,0.0,9.2,この先制限速度なし,この先目立った勾配なし,先行列車なし,後続列車なし,0,0,,0,14.3,0,normal,0.0,持続時間が7秒未満の力行→惰行の反転がノコギリ運転と判定され、上限が0.0点となったためrewardは0.0とした。
161.39999999999867,Train11,次駅への減速フェーズ（駅手前400m以内）,惰行中,0.6,力行（加速）,0.1,70.0,70.0,5.553591385715094,14.8,55.52670880929611,18.60000000000133,1.470959438094562,0.0,9.2,この先制限速度なし,この先目立った勾配なし,先行列車なし,後続列車なし,0,0,,0,14.8,0,normal,0.0,ノコギリ運転とrequired_speed未達で惰行を続け、加速不足のためrewardを0.0とした。
161.49999999999866,Train11,次駅への減速フェーズ（駅手前400m以内）,惰行中,0.7,力行（加速）,0.1,70.0,70.0,5.512197439387405,14.8,55.37307479922404,18.500000000001336,1.4491267827130223,0.0,9.2,この先制限速度なし,この先目立った勾配なし,先行列車なし,後続列車なし,0,0,,0,14.8,0,normal,0.0,ノコギリ運転と判定され、前ノッチ保持時間が2秒未満のためreward上限は0.0となった。
161.59999999999866,Train11,次駅への減速フェーズ（駅手前400m以内）,力行（加速）中,0.1,惰行,0.7,70.0,70.0,5.470807762671171,14.7,55.220590555737914,18.40000000000134,1.4274593657229349,0.0,9.2,この先制限速度なし,この先目立った勾配なし,先行列車なし,後続列車なし,0,0,,0,14.7,0,normal,1.0,次駅減速フェーズで必要速度未達のため加速は適切で、制限・信号遵守、停止位置も確保でき、合理的な加速でノコギリ運転とならず高評価。
161.69999999999865,Train11,次駅への減速フェーズ（駅手前400m以内）,惰行中,0.1,力行（加速）,0.1,70.0,70.0,5.726080742661051,14.9,55.064720535092704,18.300000000001347,1.563691448505795,0.0,9.2,この先制限速度なし,この先目立った勾配なし,先行列車なし,後続列車なし,0,0,,0,14.9,0,normal,0.0,力行→惰行が7秒未満で反転し合理的理由がなく、ノコギリ運転と判定され上限が0点となった。
161.79999999999865,Train11,次駅への減速フェーズ（駅手前400m以内）,惰行中,0.2,力行（加速）,0.1,70.0,70.0,5.684668924095587,14.9,54.90629542711645,18.200000000001353,1.5411698397389193,0.0,9.2,この先制限速度なし,この先目立った勾配なし,先行列車なし,後続列車なし,0,0,,0,14.9,0,normal,0.0,持続時間が2秒未満の力行→惰行の反転でノコギリ運転と判定され、上限が0.0点となったためrewardは0.0。
161.89999999999864,Train11,次駅への減速フェーズ（駅手前400m以内）,惰行中,0.30000000000000004,力行（加速）,0.1,70.0,70.0,5.643261408228093,14.9,54.74902058168141,18.10000000000136,1.5188136900601013,0.0,9.2,この先制限速度なし,この先目立った勾配なし,先行列車なし,後続列車なし,0,0,,0,14.9,0,normal,0.0,短時間の力行→惰行の切替がノコギリ運転と判定され、上限が0.0点となった上、低速惰行で遅延が生じたためrewardは0.0とした。
161.99999999999864,Train11,次駅への減速フェーズ（駅手前400m以内）,惰行中,0.4,力行（加速）,0.1,70.0,70.0,5.601858187111361,14.8,54.59289587938443,18.000000000001364,1.4966229488193756,0.0,9.2,この先制限速度なし,この先目立った勾配なし,先行列車なし,後続列車なし,0,0,,0,14.8,0,normal,0.0,持続時間が7秒未満で力行→惰行への不合理な切替があり、ノコギリ運転と判定され上限0.0点となった。
162.09999999999863,Train11,次駅への減速フェーズ（駅手前400m以内）,惰行中,0.5,力行（加速）,0.1,70.0,70.0,5.560459252801342,15.3,54.43792120104973,17.90000000000137,1.4745975654900831,0.0,9.2,この先制限速度なし,この先目立った勾配なし,先行列車なし,後続列車なし,0,0,,0,15.3,0,normal,0.0,持続時間が7秒未満で力行→惰行への不合理な切替がノコギリ運転と判定され、上限が0.0点となったため。
162.19999999999862,Train11,次駅への減速フェーズ（駅手前400m以内）,惰行中,0.6,力行（加速）,0.1,70.0,70.0,5.519064597357139,15.3,54.28409642772891,17.800000000001376,1.452737489668787,0.0,9.2,この先制限速度なし,この先目立った勾配なし,先行列車なし,後続列車なし,0,0,,0,15.3,0,normal,0.0,0.6秒の惰行への切替が直前の0.1秒の力行からの急激な反転で、保持時間が7秒未満のためノコギリ運転と判定され、上限が0.0点となった。
162.29999999999862,Train11,次駅への減速フェーズ（駅手前400m以内）,力行（加速）中,0.1,惰行,0.6,70.0,70.0,5.477674212840999,15.3,54.13142144067962,17.70000000000138,1.4310426627870763,0.0,9.2,この先制限速度なし,この先目立った勾配なし,先行列車なし,後続列車なし,0,0,,0,15.3,0,normal,0.9,次駅減速フェーズでdelta_stopが正で加速はCBTC遵守かつ停止位置は確保できるため高評価とし、0.9とした。
162.3999999999986,Train11,次駅への減速フェーズ（駅手前400m以内）,惰行中,0.1,力行（加速）,0.1,70.0,70.0,5.732910500053384,14.9,53.975361246326514,17.600000000001387,1.5674214491892808,0.0,9.2,この先制限速度なし,この先目立った勾配なし,先行列車なし,後続列車なし,0,0,,0,14.9,0,normal,0.0,力行→惰行が0.1秒ずつで反転し、保持時間が7秒未満のためノコギリ運転と判定され、上限が0.0点となった。さらに次駅減速フェーズで必要速度14.9km/hに対し5.7km/hの低速で惰行しているため、ちんたら運転と評価された。
162.4999999999986,Train11,次駅への減速フェーズ（駅手前400m以内）,惰行中,0.2,力行（加速）,0.1,70.0,70.0,5.691497971153889,14.9,53.816746433724916,17.500000000001393,1.5448725492088382,0.0,9.2,この先制限速度なし,この先目立った勾配なし,先行列車なし,後続列車なし,0,0,,0,14.9,0,normal,0.0,加速→惰行への切替が0.1秒・0.2秒と極短で、合理的根拠がなくノコギリ運転と判定され、上限が0.0点となったためrewardは0.0とした。
162.5999999999986,Train11,次駅への減速フェーズ（駅手前400m以内）,惰行中,0.30000000000000004,力行（加速）,0.1,70.0,70.0,5.650089746263263,14.9,53.659281903371436,17.4000000000014,1.522489116681135,0.0,9.2,この先制限速度なし,この先目立った勾配なし,先行列車なし,後続列車なし,0,0,,0,14.9,0,normal,0.0,持続時間が2秒未満の力行→惰行の反転でノコギリ運転と判定され、上限が0.0点となったためrewardは0.0。
162.6999999999986,Train11,次駅への減速フェーズ（駅手前400m以内）,惰行中,0.4,力行（加速）,0.1,70.0,70.0,5.60868581743378,14.8,53.50296753583805,17.300000000001404,1.5002711009358647,0.0,9.2,この先制限速度なし,この先目立った勾配なし,先行列車なし,後続列車なし,0,0,,0,14.8,0,normal,0.0,減速フェーズで必要な加速が行われず、保持時間2秒未満のノコギリ運転と判定されたためrewardは0.0とした。
162.7999999999986,Train11,次駅への減速フェーズ（駅手前400m以内）,惰行中,0.5,力行（加速）,0.1,70.0,70.0,5.56728617672087,14.8,53.34780321190635,17.20000000000141,1.4782184514260397,0.0,9.2,この先制限速度なし,この先目立った勾配なし,先行列車なし,後続列車なし,0,0,,0,14.8,0,normal,0.0,減速フェーズでrequired_speed 14.8km/hに対し5.6km/hの惰行であり、7秒未満の力行→惰行の反転がノコギリ運転と判定され上限0点となる。
162.89999999999858,Train11,次駅への減速フェーズ（駅手前400m以内）,惰行中,0.6,力行（加速）,0.1,70.0,70.0,5.525890816183115,14.8,53.1937888125853,17.100000000001415,1.4563311177279066,0.0,9.2,この先制限速度なし,この先目立った勾配なし,先行列車なし,後続列車なし,0,0,,0,14.8,0,normal,0.0,持続時間が7秒未満の力行→惰行の反転でノコギリ運転と判定され、上限が0点となったためreward=0.0。
162.99999999999858,Train11,次駅への減速フェーズ（駅手前400m以内）,力行（加速）中,0.1,惰行,0.6,70.0,70.0,5.484499727882243,14.7,53.04092421910056,17.00000000000142,1.4346090436119092,0.0,9.2,この先制限速度なし,この先目立った勾配なし,先行列車なし,後続列車なし,0,0,,0,14.7,0,normal,1.0,全ての上位評価項目が適合し、速度は制限内で必要速度未達のため加速は妥当と判断し、安全基準を満たし、適切な加速操作と評価。
163.09999999999857,Train11,次駅への減速フェーズ（駅手前400m以内）,惰行中,0.1,力行（加速）,0.1,70.0,70.0,5.739699540862378,16.0,52.88467498478866,16.900000000001427,1.5711336106529707,0.0,9.2,この先制限速度なし,この先目立った勾配なし,先行列車なし,後続列車なし,0,0,,0,16.0,0,normal,0.0,0.1秒の力行→惰行という短時間反転がノコギリ運転と判定され、上限が0.0点となり、さらに5.7km/hの低速惰行で遅延とエネルギー効率低下が見られたため。
163.19999999999857,Train11,次駅への減速フェーズ（駅手前400m以内）,惰行中,0.2,力行（加速）,0.1,70.0,70.0,5.698286305661397,15.9,52.725871598511276,16.800000000001432,1.5485575812548336,0.0,9.2,この先制限速度なし,この先目立った勾配なし,先行列車なし,後続列車なし,0,0,,0,15.9,0,normal,0.0,持続時間が7秒未満で力行→惰行への反転が合理性なく、ノコギリ運転と判定され、上限0.0点のためrewardは0.0となります。
163.29999999999856,Train11,次駅への減速フェーズ（駅手前400m以内）,惰行中,0.30000000000000004,力行（加速）,0.1,70.0,70.0,5.656877375772434,15.9,52.56821851408944,16.700000000001438,1.5261470276274365,0.0,9.2,この先制限速度なし,この先目立った勾配なし,先行列車なし,後続列車なし,0,0,,0,15.9,0,normal,0.0,持続時間が7秒未満の力行→惰行の反転でノコギリ運転と判定され、reward上限が0.0点となったため。
163.39999999999856,Train11,次駅への減速フェーズ（駅手前400m以内）,惰行中,0.4,力行（加速）,0.1,70.0,70.0,5.6154727432472455,15.9,52.41171561204183,16.600000000001444,1.5039018990802486,0.0,9.2,この先制限速度なし,この先目立った勾配なし,先行列車なし,後続列車なし,0,0,,0,15.9,0,normal,0.0,0.4秒・0.1秒の短時間で力行→惰行の反転はノコギリ運転と判定され、上限0.0点のためrewardは0.0となる。
163.49999999999855,Train11,次駅への減速フェーズ（駅手前400m以内）,惰行中,0.5,力行（加速）,0.1,70.0,70.0,5.574072400140741,15.8,52.25636277312162,16.50000000000145,1.4818221450460718,0.0,9.2,この先制限速度なし,この先目立った勾配なし,先行列車なし,後続列車なし,0,0,,0,15.8,0,normal,0.0,力行から0.5秒の惰行への短時間切替がノコギリ運転と判定され、上限が0点となったため0.0とした。
163.59999999999854,Train11,次駅への減速フェーズ（駅手前400m以内）,惰行中,0.6,力行（加速）,0.1,70.0,70.0,5.5326763385109885,16.3,52.10215987830935,16.400000000001455,1.4599077150809583,0.0,9.2,この先制限速度なし,この先目立った勾配なし,先行列車なし,後続列車なし,0,0,,0,16.3,0,normal,0.0,直前の力行から0.6秒の惰行への短時間反転がノコギリ運転と判定され、持続時間が0.1秒で上限0点となったため0.0とした。
163.69999999999854,Train11,次駅への減速フェーズ（駅手前400m以内）,惰行中,0.7,力行（加速）,0.1,70.0,70.0,5.4912845504192,16.3,51.949106808780954,16.30000000000146,1.4381585554326841,0.0,9.2,この先制限速度なし,この先目立った勾配なし,先行列車なし,後続列車なし,0,0,,0,16.3,0,normal,0.0,保持時間が7秒未満で力行→惰行への短時間反転があり、ノコギリ運転と判定され上限が0点となったためrewardは0.0とした。
163.79999999999853,Train11,次駅への減速フェーズ（駅手前400m以内）,力行（加速）中,0.1,惰行,0.7,70.0,70.0,5.449897027929734,16.7,51.79720344596106,16.200000000001467,1.416574609891894,0.0,9.2,この先制限速度なし,この先目立った勾配なし,先行列車なし,後続列車なし,0,0,,0,16.7,0,normal,1.0,次駅減速フェーズで必要速度未達のため加速は適切で、速度・信号制限を遵守し、ノコギリ運転もなく全項目で問題なし。
163.89999999999853,Train11,次駅への減速フェーズ（駅手前400m以内）,惰行中,0.1,力行（加速）,0.1,70.0,70.0,5.705281748958603,16.4,51.64191257058803,16.100000000001472,1.5523596282554701,0.0,9.2,この先制限速度なし,この先目立った勾配なし,先行列車なし,後続列車なし,0,0,,0,16.4,0,normal,0.0,次駅減速フェーズで必要速度16.4km/hに対し5.7km/hの惰行で加速せず、ノコギリ運転と判定され上限0.0点となったためrewardは0.0。
163.99999999999852,Train11,次駅への減速フェーズ（駅手前400m以内）,惰行中,0.2,力行（加速）,0.1,70.0,70.0,5.663872092351263,16.4,51.484065179394634,16.000000000001478,1.5299211251352751,0.0,9.2,この先制限速度なし,この先目立った勾配なし,先行列車なし,後続列車なし,0,0,,0,16.4,0,normal,0.0,0.1秒の力行→惰行の反転がノコギリ運転と判定され、上限が0.0点のためrewardは0.0となった。
164.09999999999852,Train11,次駅への減速フェーズ（駅手前400m以内）,惰行中,0.30000000000000004,力行（加速）,0.1,70.0,70.0,5.622466734450135,16.4,51.32736799075488,15.900000000001484,1.507648055649546,0.0,9.2,この先制限速度なし,この先目立った勾配なし,先行列車なし,後続列車なし,0,0,,0,16.4,0,normal,0.0,保持時間が7秒未満で力行→惰行への不合理な切替があり、prev_notch_durationが2秒未満のノコギリ運転と判定されたためrewardは0.0とした。
164.1999999999985,Train11,次駅への減速フェーズ（駅手前400m以内）,惰行中,0.4,力行（加速）,0.1,70.0,70.0,5.581065667309597,16.3,51.171820885368646,15.80000000000149,1.485540369210256,0.0,9.2,この先制限速度なし,この先目立った勾配なし,先行列車なし,後続列車なし,0,0,,0,16.3,0,normal,0.0,ノコギリ運転と判定され、前の力行継続時間が0.1秒と2秒未満であるため、reward上限が0.0点に設定されました。
164.2999999999985,Train11,次駅への減速フェーズ（駅手前400m以内）,惰行中,0.5,力行（加速）,0.1,70.0,70.0,5.539668882987183,16.3,51.01742374417384,15.700000000001495,1.463598015352643,0.0,9.2,この先制限速度なし,この先目立った勾配なし,先行列車なし,後続列車なし,0,0,,0,16.3,0,normal,0.0,持続時間が7秒未満で力行→惰行への不合理な切替がありノコギリ運転と判定、上限が0.0点のためrewardは0.0となる。
164.3999999999985,Train11,次駅への減速フェーズ（駅手前400m以内）,惰行中,0.6,力行（加速）,0.1,70.0,70.0,5.498276373543577,16.3,50.864176448328635,15.6000000000015,1.441820943036571,0.0,9.2,この先制限速度なし,この先目立った勾配なし,先行列車なし,後続列車なし,0,0,,0,16.3,0,normal,0.0,直前の力行0.1秒から惰行0.6秒への短時間反転がノコギリ運転と判定され、上限が0.0点となったためrewardは0.0とした。
164.4999999999985,Train11,次駅への減速フェーズ（駅手前400m以内）,惰行中,0.7,力行（加速）,0.1,70.0,70.0,5.456888131042603,16.3,50.71207887920792,15.500000000001506,1.4202090896122437,0.0,9.2,この先制限速度なし,この先目立った勾配なし,先行列車なし,後続列車なし,0,0,,0,16.3,0,normal,0.0,0.7秒の惰行直前に0.1秒の力行が続き、保持時間が7秒未満の反転操作で合理的根拠がなくノコギリ運転と判定され、上限が0.0点となったためrewardは0.0。
164.5999999999985,Train11,次駅への減速フェーズ（駅手前400m以内）,力行（加速）中,0.1,惰行,0.7,70.0,70.0,5.415504147551222,16.2,50.561130918399755,15.400000000001512,1.3987624237443868,0.0,9.2,この先制限速度なし,この先目立った勾配なし,先行列車なし,後続列車なし,0,0,,0,16.2,0,normal,1.0,次駅減速フェーズでrequired_speed未達のため加速は適切で、速度・信号遵守、ノコギリ運転なしと評価し高評価とした。
164.69999999999848,Train11,次駅への減速フェーズ（駅手前400m以内）,惰行中,0.1,力行（加速）,0.1,70.0,70.0,5.671072650253152,16.9,50.40679259086289,15.300000000001518,1.533811149159727,0.0,9.2,この先制限速度なし,この先目立った勾配なし,先行列車なし,後続列車なし,0,0,,0,16.9,0,normal,0.0,0.1秒の力行→惰行の急激な切替がノコギリ運転と判定され、上限0.0点となったためrewardは0.0。
164.79999999999848,Train11,次駅への減速フェーズ（駅手前400m以内）,惰行中,0.2,力行（加速）,0.1,70.0,70.0,5.629666545406093,17.4,50.24989539813873,15.200000000001523,1.5115093154902595,0.0,9.2,この先制限速度なし,この先目立った勾配なし,先行列車なし,後続列車なし,0,0,,0,17.4,0,normal,0.0,ノコギリ運転と判定され、prev_notch_durationが0.1秒でreward上限が0.0点となったため、他の評価は無効化されrewardは0.0となる。
164.89999999999847,Train11,次駅への減速フェーズ（駅手前400m以内）,惰行中,0.30000000000000004,力行（加速）,0.1,70.0,70.0,5.588264732701088,17.3,50.09414830940173,15.100000000001529,1.4893728736552996,0.0,9.2,この先制限速度なし,この先目立った勾配なし,先行列車なし,後続列車なし,0,0,,0,17.3,0,normal,0.0,直前の力行から0.3秒の惰行への急速な切替がノコギリ運転と判定され、さらに低速での惰行が遅延を招くため、評価上限が0.0点となった。
164.99999999999847,Train11,次駅への減速フェーズ（駅手前400m以内）,惰行中,0.4,力行（加速）,0.1,70.0,70.0,5.546867204195124,17.3,49.939551205540056,15.000000000001535,1.4674017731686566,0.0,9.2,この先制限速度なし,この先目立った勾配なし,先行列車なし,後続列車なし,0,0,,0,17.3,0,normal,0.0,ノコギリ運転と判定され、持続時間が2秒未満のためreward上限が0.0となり、さらに次駅減速フェーズで必要速度を下回る低速惰行が続く点が評価を下げた。
165.09999999999846,Train11,次駅への減速フェーズ（駅手前400m以内）,惰行中,0.5,力行（加速）,0.1,70.0,70.0,5.505473951948335,17.3,49.78610396767991,14.90000000000154,1.4455959636673346,0.0,9.2,この先制限速度なし,この先目立った勾配なし,先行列車なし,後続列車なし,0,0,,0,17.3,0,normal,0.0,ノコギリ運転と低速惰行により停止位置が確保できず、エネルギー効率も低く、上限0.0点とした。
165.19999999999845,Train11,次駅への減速フェーズ（駅手前400m以内）,惰行中,0.6,力行（加速）,0.1,70.0,70.0,5.464084968024001,17.2,49.63380647715354,14.800000000001546,1.4239553823836228,0.0,9.2,この先制限速度なし,この先目立った勾配なし,先行列車なし,後続列車なし,0,0,,0,17.2,0,normal,0.0,力行から惰行への短時間切替がノコギリ運転と判定され、上限が0点となった上、required_speed 17.2km/h に対し5.5km/h の惰行は定時到達に不適切であるため、rewardは0.0とした。
165.29999999999845,Train11,次駅への減速フェーズ（駅手前400m以内）,惰行中,0.7,力行（加速）,0.1,70.0,70.0,5.4227002444885395,17.2,49.48265861551704,14.700000000001552,1.4024799950819897,0.0,9.2,この先制限速度なし,この先目立った勾配なし,先行列車なし,後続列車なし,0,0,,0,17.2,0,normal,0.0,ノコギリ運転と判定され、prev_notch_durationが0.1秒で上限0.0点のためrewardは0.0となる。
165.39999999999844,Train11,次駅への減速フェーズ（駅手前400m以内）,力行（加速）中,0.1,惰行,0.7,70.0,70.0,5.381319773411499,17.2,49.332660264546746,14.600000000001558,1.3811697540127115,0.0,9.2,この先制限速度なし,この先目立った勾配なし,先行列車なし,後続列車なし,0,0,,0,17.2,0,normal,0.0,持続時間0.1秒の力行と0.7秒の惰行の短時間切替がノコギリ運転と判定され、上限0.0点となったためrewardは0.0とした。
165.49999999999844,Train11,次駅への減速フェーズ（駅手前400m以内）,惰行中,0.1,力行（加速）,0.1,70.0,70.0,5.637070938522479,17.4,49.179268710137336,14.500000000001563,1.515485436493668,0.0,9.2,この先制限速度なし,この先目立った勾配なし,先行列車なし,後続列車なし,0,0,,0,17.4,0,normal,0.0,力行→惰行が0.1秒で反転しノコギリ運転と判定、上限rewardが0.0となるため。
165.59999999999843,Train11,次駅への減速フェーズ（駅手前400m以内）,惰行中,0.2,力行（加速）,0.1,70.0,70.0,5.595668358831341,70.0,49.02331595553733,14.400000000001569,1.4933194211287006,0.0,9.2,この先制限速度なし,この先目立った勾配なし,先行列車なし,後続列車なし,0,0,,0,70.0,0,normal,0.0,ノコギリ運転と判定され、保持時間が7秒未満で不合理な反転操作のためreward上限が0.0点に設定された。
165.69999999999843,Train11,次駅への減速フェーズ（駅手前400m以内）,惰行中,0.30000000000000004,力行（加速）,0.1,70.0,70.0,5.554270064759474,70.0,48.86851320709695,14.300000000001575,1.471318756131515,0.0,9.2,この先制限速度なし,この先目立った勾配なし,先行列車なし,後続列車なし,0,0,,0,70.0,0,normal,0.0,ノコギリ運転と判定され、prev_notch_durationが0.1秒で上限が0.0点となるため、rewardは0.0とする。
165.79999999999842,Train11,次駅への減速フェーズ（駅手前400m以内）,惰行中,0.4,力行（加速）,0.1,70.0,70.0,5.512876048366448,70.0,48.71486034589978,14.20000000000158,1.4494833911170895,0.0,9.2,この先制限速度なし,この先目立った勾配なし,先行列車なし,後続列車なし,0,0,,0,70.0,0,normal,0.0,短時間で力行→惰行への反転がノコギリ運転と判定され、持続時間が2秒未満のためreward上限が0.0点となり、評価は0.0とした。
165.8999999999984,Train11,次駅への減速フェーズ（駅手前400m以内）,惰行中,0.5,力行（加速）,0.1,70.0,70.0,5.471486301714981,70.0,48.56235725323543,14.100000000001586,1.4278132655294162,0.0,9.2,この先制限速度なし,この先目立った勾配なし,先行列車なし,後続列車なし,0,0,,0,70.0,0,normal,0.0,ノコギリ運転と判定され、prev_notch_durationが0.1秒で上限0.0点となったためrewardは0.0となる。
165.9999999999984,Train11,次駅への減速フェーズ（駅手前400m以内）,惰行中,0.6,力行（加速）,0.1,70.0,70.0,5.430100816870929,70.0,48.41100381063512,14.000000000001592,1.406308339638335,0.0,9.2,この先制限速度なし,この先目立った勾配なし,先行列車なし,後続列車なし,0,0,,0,70.0,0,normal,0.0,次駅減速フェーズで必要速度70km/hに対し5.4km/hの惰行は不適切で、直前の力行からの短時間切替はノコギリ運転と判定され、上限が0点となった。
166.0999999999984,Train11,次駅への減速フェーズ（駅手前400m以内）,惰行中,0.7,力行（加速）,0.1,70.0,70.0,5.388719585903281,70.0,48.26079989981835,13.900000000001597,1.3849685689181286,0.0,9.2,この先制限速度なし,この先目立った勾配なし,先行列車なし,後続列車なし,0,0,,0,70.0,0,normal,0.0,ノコギリ運転と減速フェーズでの不適切な惰行により、必要速度70km/hに達せず停止位置が確保できず、上限0.0点と判断した。
166.1999999999984,Train11,次駅への減速フェーズ（駅手前400m以内）,惰行中,0.7999999999999999,力行（加速）,0.1,70.0,70.0,5.347342600884148,70.0,48.11174540275687,13.800000000001603,1.3637939034362825,0.0,9.2,この先制限速度なし,この先目立った勾配なし,先行列車なし,後続列車なし,0,0,,0,70.0,0,normal,0.0,2秒未満の力行→惰行の反転がノコギリ運転と判定され、上限0.0点となったため。
166.2999999999984,Train11,次駅への減速フェーズ（駅手前400m以内）,惰行中,0.8999999999999999,力行（加速）,0.1,70.0,70.0,5.305969853888765,70.0,47.96384020162847,13.700000000001609,1.3427842933831062,0.0,9.2,この先制限速度なし,この先目立った勾配なし,先行列車なし,後続列車なし,0,0,,0,70.0,0,normal,0.0,持続時間が7秒未満で力行→惰行への不合理な切替があり、ノコギリ運転と判定され上限0.0点となった。
166.39999999999839,Train11,次駅への減速フェーズ（駅手前400m以内）,力行（加速）中,0.1,惰行,0.8999999999999999,70.0,70.0,5.2646013369954785,70.0,47.81708417882058,13.600000000001614,1.3219396890716462,0.0,9.2,この先制限速度なし,この先目立った勾配なし,先行列車なし,後続列車なし,0,0,,0,70.0,0,normal,0.0,ノコギリ運転（0.9秒→0.1秒の不合理な切替）と低速での不必要な加速が判定され、reward上限が0.0点に設定されたため、最終rewardは0.0となります。
166.49999999999838,Train11,次駅への減速フェーズ（駅手前400m以内）,惰行中,0.1,力行（加速）,0.1,70.0,70.0,5.520976142696806,20.5,47.66692526800398,13.50000000000162,1.4537433660466794,0.0,9.2,この先制限速度なし,この先目立った勾配なし,先行列車なし,後続列車なし,0,0,,0,20.5,0,normal,0.0,持続時間が7秒未満で力行→惰行への不合理な切替がノコギリ運転と判定され、上限が0.0点となった。加えて次駅減速フェーズで必要速度20.5km/hに対し5.5km/hと不足し、減速操作が不適切と判断された。
166.59999999999837,Train11,次駅への減速フェーズ（駅手前400m以内）,惰行中,0.2,力行（加速）,0.1,70.0,70.0,5.479585561120446,20.5,47.51419718548178,13.400000000001626,1.4320409092001092,0.0,9.2,この先制限速度なし,この先目立った勾配なし,先行列車なし,後続列車なし,0,0,,0,20.5,0,normal,0.0,2秒未満の力行→惰行の反転がノコギリ運転と判定され、上限0点となったためrewardは0.0とした。
166.69999999999837,Train11,次駅への減速フェーズ（駅手前400m以内）,惰行中,0.30000000000000004,力行（加速）,0.1,70.0,70.0,5.438199242903896,20.5,47.36261877618375,13.300000000001631,1.4105036580996066,0.0,9.2,この先制限速度なし,この先目立った勾配なし,先行列車なし,後続列車なし,0,0,,0,20.5,0,normal,0.0,次駅減速フェーズで必要速度20.5km/hに対し5.4km/hの惰行は遅延を招き、直前の力行からの短時間切替がノコギリ運転と判定され上限0点となった。
166.79999999999836,Train11,次駅への減速フェーズ（駅手前400m以内）,惰行中,0.4,力行（加速）,0.1,70.0,70.0,5.396817180115528,20.4,47.212189921800984,13.200000000001637,1.3891315719556883,0.0,9.2,この先制限速度なし,この先目立った勾配なし,先行列車なし,後続列車なし,0,0,,0,20.4,0,normal,0.0,ノコギリ運転と判定され、prev_notch_durationが2秒未満のためreward上限は0.0点となった。
166.89999999999836,Train11,次駅への減速フェーズ（駅手前400m以内）,惰行中,0.5,力行（加速）,0.1,70.0,70.0,5.355439364826848,20.4,47.06291050425193,13.100000000001643,1.3679246008118,0.0,9.2,この先制限速度なし,この先目立った勾配なし,先行列車なし,後続列車なし,0,0,,0,20.4,0,normal,0.0,直前の力行から0.5秒の惰行への短時間反転がノコギリ運転と判定され、prev_notch_durationが0.1秒のためreward上限は0.0となった。
166.99999999999835,Train11,次駅への減速フェーズ（駅手前400m以内）,惰行中,0.6,力行（加速）,0.1,70.0,70.0,5.314065789112477,20.4,46.91478040567176,13.000000000001648,1.3468826948342205,0.0,9.2,この先制限速度なし,この先目立った勾配なし,先行列車なし,後続列車なし,0,0,,0,20.4,0,normal,0.0,前回の力行が0.1秒で止まり、続く惰行が0.6秒と保持時間が7秒未満の反転操作でノコギリ運転と判定され、上限点が0.0点となったため評価は0.0とした。
167.09999999999835,Train11,次駅への減速フェーズ（駅手前400m以内）,惰行中,0.7,力行（加速）,0.1,70.0,70.0,5.272696445050151,70.0,46.76779950841947,12.900000000001654,1.3260058043119844,0.0,9.2,この先制限速度なし,この先目立った勾配なし,先行列車なし,後続列車なし,0,0,,0,70.0,0,normal,0.0,力行→惰行が7秒未満で頻繁に切替わされ、ノコギリ運転と判定され上限0.0点となる。さらに現在速度が5.3km/hと必要速度70km/hに大きく乖離し、遅延が不可避である。
167.19999999999834,Train11,次駅への減速フェーズ（駅手前400m以内）,惰行中,0.7999999999999999,力行（加速）,0.1,70.0,70.0,5.231331324720716,70.0,46.62196769506366,12.80000000000166,1.3052938726136052,0.0,9.2,この先制限速度なし,この先目立った勾配なし,先行列車なし,後続列車なし,0,0,,0,70.0,0,normal,0.0,持続時間が7秒未満で力行→惰行への不合理な切替があり、ノコギリ運転と判定され上限0.0点となった上、次駅減速フェーズで速度が5.2km/hと遅く加速が必要な状況でも惰行を続けた点が評価を下げる要因です。
167.29999999999833,Train11,次駅への減速フェーズ（駅手前400m以内）,惰行中,0.8999999999999999,力行（加速）,0.1,70.0,70.0,5.1899704202081205,70.0,46.477284848403855,12.700000000001666,1.2847468528465906,0.0,9.2,この先制限速度なし,この先目立った勾配なし,先行列車なし,後続列車なし,0,0,,0,70.0,0,normal,0.0,力行からすぐ惰行へ切り替え、保持時間が7秒未満で合理的理由がなく、ノコギリ運転と判定され上限が0.0点となった。
167.39999999999833,Train11,次駅への減速フェーズ（駅手前400m以内）,惰行中,0.9999999999999999,力行（加速）,0.1,70.0,70.0,5.148613723599406,70.0,46.3337508514563,12.600000000001671,1.264364705744954,0.0,9.2,この先制限速度なし,この先目立った勾配なし,先行列車なし,後続列車なし,0,0,,0,70.0,0,normal,0.0,持続時間が2秒未満の力行→惰行の反転がノコギリ運転と判定され、上限が0.0点となったため。
167.49999999999832,Train11,次駅への減速フェーズ（駅手前400m以内）,惰行中,1.0999999999999999,力行（加速）,0.1,70.0,70.0,5.107261226984707,70.0,46.19136558745396,12.500000000001677,1.2441473820485112,0.0,9.2,この先制限速度なし,この先目立った勾配なし,先行列車なし,後続列車なし,0,0,,0,70.0,0,normal,0.0,次駅減速フェーズで速度が必要速度70km/hに遠く及ばず、惰行は不適切であり、短時間の力行→惰行はノコギリ運転と判定され上限0.0点となる。
167.59999999999832,Train11,次駅への減速フェーズ（駅手前400m以内）,惰行中,1.2,力行（加速）,0.1,70.0,70.0,5.065912922457232,70.0,46.0501289398394,12.400000000001683,1.2240948326194458,0.0,9.2,この先制限速度なし,この先目立った勾配なし,先行列車なし,後続列車なし,0,0,,0,70.0,0,normal,0.0,次駅減速フェーズで必要速度70km/hに対し5.1km/hの惰行を続け、加速不足と0.1秒の短時間切替によるノコギリ運転と判定し、reward上限0.0とした。
167.6999999999983,Train11,次駅への減速フェーズ（駅手前400m以内）,惰行中,1.3,力行（加速）,0.1,70.0,70.0,5.024568802113278,70.0,45.910040792303874,12.300000000001688,1.2042070084422336,0.0,9.2,この先制限速度なし,この先目立った勾配なし,先行列車なし,後続列車なし,0,0,,0,70.0,0,normal,0.0,次駅減速フェーズで必要速度70km/hに対し5km/hの惰行で加速不足かつノコギリ運転と判定し、reward上限0.0とした。
167.7999999999983,Train11,次駅への減速フェーズ（駅手前400m以内）,惰行中,1.4000000000000001,力行（加速）,0.1,70.0,70.0,4.983228858052207,70.0,45.7711010287305,12.200000000001694,1.1844838542436908,0.0,9.2,この先制限速度なし,この先目立った勾配なし,先行列車なし,後続列車なし,0,0,,0,70.0,0,normal,0.0,力行から惰行への短時間切替が合理性なくノコギリ運転と判定され、上限0.0点となり、さらに速度不足で遅延運転と判断した。
167.8999999999983,Train11,次駅への減速フェーズ（駅手前400m以内）,力行（加速）中,0.1,惰行,1.4000000000000001,70.0,70.0,4.941893082376443,70.0,45.633309533236854,12.1000000000017,1.1649253222464886,0.0,9.2,この先制限速度なし,この先目立った勾配なし,先行列車なし,後続列車なし,0,0,,0,70.0,0,normal,1.0,次駅減速フェーズでdelta_stopが正で加速が必要、速度・信号遵守、ノコギリ運転なしと判断し高評価。
167.9999999999983,Train11,次駅への減速フェーズ（駅手前400m以内）,惰行中,0.1,力行（加速）,0.1,70.0,70.0,5.199991848999921,70.0,45.49208838197316,12.000000000001705,1.289710293124587,0.0,9.2,この先制限速度なし,この先目立った勾配なし,先行列車なし,後続列車なし,0,0,,0,70.0,0,normal,0.0,ノコギリ運転に該当し、かつ定時性に余裕があるため力行継続は省エネ性に欠けると判断し0.0とする。
168.0999999999983,Train11,次駅への減速フェーズ（駅手前400m以内）,惰行中,0.2,力行（加速）,0.1,70.0,70.0,5.158634133535369,70.0,45.34827602757119,11.900000000001711,1.2692882016308138,0.0,9.2,この先制限速度なし,この先目立った勾配なし,先行列車なし,後続列車なし,0,0,,0,70.0,0,normal,0.0,持続時間が7秒未満で力行→惰行への不合理な切替がノコギリ運転と判定され、上限が0.0点となった上、次駅減速フェーズで必要速度70km/hに対し5.2km/hの低速惰行で停止位置が達成できず運転品質も低下しているため。
168.19999999999828,Train11,次駅への減速フェーズ（駅手前400m以内）,惰行中,0.30000000000000004,力行（加速）,0.1,70.0,70.0,5.117280619981119,70.0,45.20561243438337,11.800000000001717,1.249030945466821,0.0,9.2,この先制限速度なし,この先目立った勾配なし,先行列車なし,後続列車なし,0,0,,0,70.0,0,normal,0.0,力行から惰行への短時間切替がノコギリ運転と判定され、prev_notch_durationが0.1秒のためreward上限が0.0点となった。
168.29999999999828,Train11,次駅への減速フェーズ（駅手前400m以内）,惰行中,0.4,力行（加速）,0.1,70.0,70.0,5.075931300429642,70.0,45.06409748581319,11.700000000001722,1.2289384754651511,0.0,9.2,この先制限速度なし,この先目立った勾配なし,先行列車なし,後続列車なし,0,0,,0,70.0,0,normal,0.0,短時間で力行→惰行への反転がノコギリ運転と判定され、上限が0.0点となったためrewardは0.0とした。
168.39999999999827,Train11,次駅への減速フェーズ（駅手前400m以内）,惰行中,0.5,力行（加速）,0.1,70.0,70.0,5.034586166976484,70.0,44.92373106547376,11.600000000001728,1.209010742580656,0.0,9.2,この先制限速度なし,この先目立った勾配なし,先行列車なし,後続列車なし,0,0,,0,70.0,0,normal,0.0,持続時間が7秒未満の力行→惰行の急激な切替がノコギリ運転と判定され、上限が0点となったため。
168.49999999999827,Train11,次駅への減速フェーズ（駅手前400m以内）,惰行中,0.6,力行（加速）,0.1,70.0,70.0,4.993245211720264,70.0,44.784513057219755,11.500000000001734,1.189247695209026,0.0,9.2,この先制限速度なし,この先目立った勾配なし,先行列車なし,後続列車なし,0,0,,0,70.0,0,normal,0.0,力行→惰行の短時間切替がノコギリ運転と判定され、上限が0.0点のためrewardは0.0となった。このため他の評価は無効化されます。
168.59999999999826,Train11,次駅への減速フェーズ（駅手前400m以内）,惰行中,0.7,力行（加速）,0.1,70.0,70.0,4.951908426762666,70.0,44.64644334509771,11.40000000000174,1.1696492767830504,0.0,9.2,この先制限速度なし,この先目立った勾配なし,先行列車なし,後続列車なし,0,0,,0,70.0,0,normal,0.0,ノコギリ運転と低速ちんたら運転により上限が0.0点となり、最終rewardは0.0とした。
168.69999999999825,Train11,次駅への減速フェーズ（駅手前400m以内）,惰行中,0.7999999999999999,力行（加速）,0.1,70.0,70.0,4.910575804208432,70.0,44.50952181339929,11.300000000001745,1.150215454683562,0.0,9.2,この先制限速度なし,この先目立った勾配なし,先行列車なし,後続列車なし,0,0,,0,70.0,0,normal,0.0,力行→惰行の0.1秒と0.8秒という極短の切替がノコギリ運転と判定され、上限0.0点が適用されるためrewardは0.0となります。
168.79999999999825,Train11,次駅への減速フェーズ（駅手前400m以内）,惰行中,0.8999999999999999,力行（加速）,0.1,70.0,70.0,4.869247336165361,70.0,44.373748346615116,11.20000000000175,1.1309461803145,0.0,9.2,この先制限速度なし,この先目立った勾配なし,先行列車なし,後続列車なし,0,0,,0,70.0,0,normal,0.0,ノコギリ運転と低速ちんたら運転が判定され、reward上限が0.0点となったため0.0とした。
168.89999999999824,Train11,次駅への減速フェーズ（駅手前400m以内）,惰行中,0.9999999999999999,力行（加速）,0.1,70.0,70.0,4.827923014744297,70.0,44.23912282945608,11.100000000001756,1.1118414052017347,0.0,9.2,この先制限速度なし,この先目立った勾配なし,先行列車なし,後続列車なし,0,0,,0,70.0,0,normal,0.0,次駅減速フェーズで必要速度70km/hに対し4.8km/hの惰行は停止位置達成不可で、0.1秒の力行→惰行はノコギリ運転と判定され上限0.0点となる。
168.99999999999824,Train11,次駅への減速フェーズ（駅手前400m以内）,惰行中,1.0999999999999999,力行（加速）,0.1,70.0,70.0,4.786602832059122,70.0,44.10564514686399,11.000000000001762,1.0929010809929824,0.0,9.2,この先制限速度なし,この先目立った勾配なし,先行列車なし,後続列車なし,0,0,,0,70.0,0,normal,0.0,力行→惰行が7秒未満で反転し、ノコギリ運転と判定されたためreward上限が0.0となった。
169.09999999999823,Train11,次駅への減速フェーズ（駅手前400m以内）,惰行中,1.2,力行（加速）,0.1,70.0,70.0,4.745286780226755,70.0,43.97331518400449,10.900000000001768,1.0741251575708524,0.0,9.2,この先制限速度なし,この先目立った勾配なし,先行列車なし,後続列車なし,0,0,,0,70.0,0,normal,0.0,直前の力行からすぐ惰行への切替が保持時間2秒未満で合理的根拠がなく、ノコギリ運転と判定され上限0.0点となった。
169.19999999999823,Train11,次駅への減速フェーズ（駅手前400m以内）,惰行中,1.3,力行（加速）,0.1,70.0,70.0,4.7039748513671436,70.0,43.84213282623861,10.800000000001774,1.0555135771993287,0.0,9.2,この先制限速度なし,この先目立った勾配なし,先行列車なし,後続列車なし,0,0,,0,70.0,0,normal,0.0,持続時間0.1秒の力行から1.3秒の惰行への反転が条件を満たし、2秒未満のprev_notch_durationで上限0.0点となったためrewardは0.0とした。
169.29999999999822,Train11,次駅への減速フェーズ（駅手前400m以内）,惰行中,1.4000000000000001,力行（加速）,0.1,70.0,70.0,4.66266703760326,70.0,43.71209795916897,10.70000000000178,1.0370663090121424,0.0,9.2,この先制限速度なし,この先目立った勾配なし,先行列車なし,後続列車なし,0,0,,0,70.0,0,normal,0.0,前回の力行が0.1秒、直後の惰行が1.4秒と保持時間が7秒未満で反転し、ノコギリ運転と判定されたため上限点が0.0点となった。
169.39999999999822,Train11,次駅への減速フェーズ（駅手前400m以内）,惰行中,1.5000000000000002,力行（加速）,0.1,70.0,70.0,4.621363331061085,70.0,43.583210468597144,10.600000000001785,1.0187833051043573,0.0,9.2,この先制限速度なし,この先目立った勾配なし,先行列車なし,後続列車なし,0,0,,0,70.0,0,normal,0.0,力行→惰行の0.1秒反転がノコギリ運転と判定され、上限0.0点となったためrewardは0.0。
169.4999999999982,Train11,次駅への減速フェーズ（駅手前400m以内）,惰行中,1.6000000000000003,力行（加速）,0.1,70.0,70.0,4.580063723869614,70.0,43.45547024055918,10.50000000000179,1.0006645176925155,0.0,9.2,この先制限速度なし,この先目立った勾配なし,先行列車なし,後続列車なし,0,0,,0,70.0,0,normal,0.0,直前の力行から惰行への切替が2秒未満で不合理なノコギリ運転と判定され、上限が0.0点に設定されたためrewardは0.0となります。
169.5999999999982,Train11,次駅への減速フェーズ（駅手前400m以内）,惰行中,1.7000000000000004,力行（加速）,0.1,70.0,70.0,4.538768208160844,70.0,43.3288771613114,10.400000000001796,0.9827098991145525,0.0,9.2,この先制限速度なし,この先目立った勾配なし,先行列車なし,後続列車なし,0,0,,0,70.0,0,normal,0.0,力行からすぐ惰行への短時間切替が2秒未満で合理的理由なく行われたため、ノコギリ運転と判定し上限0.0点とした。
169.6999999999982,Train11,次駅への減速フェーズ（駅手前400m以内）,惰行中,1.8000000000000005,力行（加速）,0.1,70.0,70.0,4.497476776069771,70.0,43.20343111731617,10.300000000001802,0.9649194008104398,0.0,9.2,この先制限速度なし,この先目立った勾配なし,先行列車なし,後続列車なし,0,0,,0,70.0,0,normal,0.0,直前の力行からすぐ惰行へ切替え、保持時間が0.1秒と2秒未満のノコギリ運転と判定され、上限が0.0点となったため。
169.7999999999982,Train11,次駅への減速フェーズ（駅手前400m以内）,惰行中,1.9000000000000006,力行（加速）,0.1,70.0,70.0,4.45618941973438,70.0,43.07913199525615,10.200000000001808,0.9472929637065118,0.0,9.2,この先制限速度なし,この先目立った勾配なし,先行列車なし,後続列車なし,0,0,,0,70.0,0,normal,0.0,力行→惰行が2秒未満で反転し、合理的理由がなくノコギリ運転と判定されたため、reward上限0.0とした。
169.8999999999982,Train11,次駅への減速フェーズ（駅手前400m以内）,惰行中,2.0000000000000004,力行（加速）,0.1,70.0,70.0,4.414906131295642,70.0,42.95597968203779,10.100000000001813,0.9298305587801003,0.0,9.2,この先制限速度なし,この先目立った勾配なし,先行列車なし,後続列車なし,0,0,,0,70.0,0,normal,0.0,力行→惰行が7秒未満で反転し、prev_notch_durationが0.1秒のためノコギリ運転上限0.0点とし、必要加速も欠如している。
169.99999999999818,Train11,次駅への減速フェーズ（駅手前400m以内）,惰行中,2.1000000000000005,力行（加速）,0.1,70.0,70.0,4.373626902897508,70.0,42.833974064784286,10.000000000001819,0.9125321388147741,0.0,9.2,この先制限速度なし,この先目立った勾配なし,先行列車なし,後続列車なし,0,0,,0,70.0,0,normal,0.0,現在速度が4.4km/hと極低速のまま惰行を続け、次駅到達に必要な加速が行われていないため遅延が生じ、力行→惰行の短時間切替がノコギリ運転と判定されreward上限が0.0となった。
170.09999999999818,Train11,次駅への減速フェーズ（駅手前400m以内）,惰行中,2.2000000000000006,力行（加速）,0.1,70.0,70.0,4.332351726686899,70.0,42.71311503083908,9.900000000001825,0.8953976567151285,0.0,9.2,この先制限速度なし,この先目立った勾配なし,先行列車なし,後続列車なし,0,0,,0,70.0,0,normal,0.0,次駅減速フェーズで減速すべきところを惰行に切り替え、力行→惰行の短時間反転がノコギリ運転と判定され、上限が0点となったためrewardは0.0とした。
170.19999999999817,Train11,次駅への減速フェーズ（駅手前400m以内）,力行（加速）中,0.1,惰行,2.2000000000000006,70.0,70.0,4.291080594813701,70.0,42.59340246776233,9.80000000000183,0.8784270655067045,0.0,9.2,この先制限速度なし,この先目立った勾配なし,先行列車なし,後続列車なし,0,0,,0,70.0,0,normal,0.9,加速が必要で信号・速度制限を遵守し、合理的な操作と判断され高く評価する。
170.29999999999816,Train11,次駅への減速フェーズ（駅手前400m以内）,惰行中,0.1,力行（加速）,0.1,70.0,70.0,4.55265473360606,70.0,42.47020630424103,9.700000000001836,0.9887294148012399,0.0,9.2,この先制限速度なし,この先目立った勾配なし,先行列車なし,後続列車なし,0,0,,0,70.0,0,normal,0.0,力行から惰行への短時間切替がノコギリ運転と判定され、上限が0点となった上、低速惰行はちんたら運転とみなされ評価を低下させたため、rewardは0.0とした。
170.39999999999816,Train11,次駅への減速フェーズ（駅手前400m以内）,惰行中,0.2,力行（加速）,0.1,70.0,70.0,4.511361929141151,70.0,42.34437454439899,9.600000000001842,0.9708837316069895,0.0,9.2,この先制限速度なし,この先目立った勾配なし,先行列車なし,後続列車なし,0,0,,0,70.0,0,normal,0.0,ノコギリ運転（保持時間2秒未満）によりreward上限が0.0となり、低速惰行で遅延が生じるため0.0とした。
170.49999999999815,Train11,次駅への減速フェーズ（駅手前400m以内）,惰行中,0.30000000000000004,力行（加速）,0.1,70.0,70.0,4.470073203075453,70.0,42.21968974457724,9.500000000001847,0.9532021274846945,0.0,9.2,この先制限速度なし,この先目立った勾配なし,先行列車なし,後続列車なし,0,0,,0,70.0,0,normal,0.0,保持時間が2秒未満で力行→惰行への不合理な切替があり、ノコギリ運転と判定され上限0.0点となったためrewardは0.0。
170.59999999999815,Train11,次駅への減速フェーズ（駅手前400m以内）,惰行中,0.4,力行（加速）,0.1,70.0,70.0,4.428788547548933,70.0,42.09615179160053,9.400000000001853,0.9356845665942645,0.0,9.2,この先制限速度なし,この先目立った勾配なし,先行列車なし,後続列車なし,0,0,,0,70.0,0,normal,0.0,0.1秒の力行から惰行への短時間反転がノコギリ運転と判定され、上限0.0点となったためrewardは0.0。
170.69999999999814,Train11,次駅への減速フェーズ（駅手前400m以内）,惰行中,0.5,力行（加速）,0.1,70.0,70.0,4.38750795470454,70.0,41.973760572524554,9.300000000001859,0.9183310065294935,0.0,9.2,この先制限速度なし,この先目立った勾配なし,先行列車なし,後続列車なし,0,0,,0,70.0,0,normal,0.0,次駅減速フェーズで速度が低く加速が必要なのに惰行に切り替え、保持時間が短くノコギリ運転と判定されたためrewardは0.0とした。
170.79999999999814,Train11,次駅への減速フェーズ（駅手前400m以内）,惰行中,0.6,力行（加速）,0.1,70.0,70.0,4.346231416688196,70.0,41.85251597461814,9.200000000001864,0.9011414001542878,0.0,9.2,この先制限速度なし,この先目立った勾配なし,先行列車なし,後続列車なし,0,0,,0,70.0,0,normal,0.0,直前の力行から0.6秒の惰行への短時間反転がノコギリ運転と判定され、保持時間0.1秒で上限0.0点となるためrewardは0.0とした。
170.89999999999813,Train11,次駅への減速フェーズ（駅手前400m以内）,惰行中,0.7,力行（加速）,0.1,70.0,70.0,4.304958925648796,70.0,41.73241788536686,9.10000000000187,0.8841157004535256,0.0,9.2,この先制限速度なし,この先目立った勾配なし,先行列車なし,後続列車なし,0,0,,0,70.0,0,normal,0.0,2秒未満の力行→惰行の頻繁な切替がノコギリ運転と判定され、上限0.0点となったため。
170.99999999999812,Train11,次駅への減速フェーズ（駅手前400m以内）,惰行中,0.7999999999999999,力行（加速）,0.1,70.0,70.0,4.2636904737381895,70.0,41.61346619246942,9.000000000001876,0.8672538605329813,0.0,9.2,この先制限速度なし,この先目立った勾配なし,先行列車なし,後続列車なし,0,0,,0,70.0,0,normal,0.0,持続時間が7秒未満で力行→惰行への不合理な切替があり、ノコギリ運転と判定され上限が0点となったためrewardは0.0。
171.09999999999812,Train11,次駅への減速フェーズ（駅手前400m以内）,惰行中,0.8999999999999999,力行（加速）,0.1,70.0,70.0,4.222426053111186,70.0,41.49566078385547,8.900000000001882,0.8505558236216556,0.0,9.2,この先制限速度なし,この先目立った勾配なし,先行列車なし,後続列車なし,0,0,,0,70.0,0,normal,0.0,ノコギリ運転と低速でのちんたら運転が判定され、上限が0.0点となったためrewardは0.0。
171.1999999999981,Train11,次駅への減速フェーズ（駅手前400m以内）,惰行中,0.9999999999999999,力行（加速）,0.1,70.0,70.0,4.181165655925547,70.0,41.37900154765717,8.800000000001887,0.834021552777518,0.0,9.2,この先制限速度なし,この先目立った勾配なし,先行列車なし,後続列車なし,0,0,,0,70.0,0,normal,0.0,保持時間が2秒未満の力行→惰行の反転でノコギリ運転と判定され、上限が0.0点となるためrewardは0.0。
171.2999999999981,Train11,次駅への減速フェーズ（駅手前400m以内）,惰行中,1.0999999999999999,力行（加速）,0.1,70.0,70.0,4.139909274341971,70.0,41.26348837224114,8.700000000001893,0.817651007327413,0.0,9.2,この先制限速度なし,この先目立った勾配なし,先行列車なし,後続列車なし,0,0,,0,70.0,0,normal,0.0,持続時間が7秒未満で力行→惰行への不合理な切替があり、ノコギリ運転上限0.0点とした。現在速度4.1km/hと必要速度70km/hの大きな乖離もあり、適切な加速が求められるが実施されていない。
171.3999999999981,Train11,次駅への減速フェーズ（駅手前400m以内）,惰行中,1.2,力行（加速）,0.1,70.0,70.0,4.098656900524099,70.0,41.149121146176526,8.600000000001899,0.801444140820866,0.0,9.2,この先制限速度なし,この先目立った勾配なし,先行列車なし,後続列車なし,0,0,,0,70.0,0,normal,0.0,持続時間が7秒未満で力行→惰行への不合理な切替があり、ノコギリ運転と判定され上限0.0点となった。現在速度4.1km/hでは定時到着が不可能で、加速すべき場面で惰行は不適切です。
171.4999999999981,Train11,次駅への減速フェーズ（駅手前400m以内）,惰行中,1.3,力行（加速）,0.1,70.0,70.0,4.057408526638505,70.0,41.03589975825628,8.500000000001904,0.7854009069279366,0.0,9.2,この先制限速度なし,この先目立った勾配なし,先行列車なし,後続列車なし,0,0,,0,70.0,0,normal,0.0,ノコギリ運転と判定され、prev_notch_durationが0.1秒で上限0.0点、加えて低速惰行による遅延リスクがあるためrewardは0.0とした。
171.5999999999981,Train11,次駅への減速フェーズ（駅手前400m以内）,惰行中,1.4000000000000001,力行（加速）,0.1,70.0,70.0,4.016164144854682,70.0,40.92382409749362,8.40000000000191,0.7695212594391379,0.0,9.2,この先制限速度なし,この先目立った勾配なし,先行列車なし,後続列車なし,0,0,,0,70.0,0,normal,0.0,直前の力行からすぐ惰行への切替が保持時間7秒未満で合理的理由なく、ノコギリ運転と判定され上限0.0点となった。
171.69999999999808,Train11,次駅への減速フェーズ（駅手前400m以内）,惰行中,1.5000000000000002,力行（加速）,0.1,70.0,70.0,3.9749237473450467,70.0,40.81289405310784,8.300000000001916,0.753805143070021,0.0,9.2,この先制限速度なし,この先目立った勾配なし,先行列車なし,後続列車なし,0,0,,0,70.0,0,normal,0.0,直前の力行が0.1秒で止まりすぐ惰行へ切り替わったため、2秒未満のノコギリ運転と判定され上限が0.0点となった。
171.79999999999808,Train11,次駅への減速フェーズ（駅手前400m以内）,惰行中,1.6000000000000003,力行（加速）,0.1,70.0,70.0,3.9336873262849275,70.0,40.70310951455269,8.200000000001921,0.738252519623983,0.0,9.2,この先制限速度なし,この先目立った勾配なし,先行列車なし,後続列車なし,0,0,,0,70.0,0,normal,0.0,ノコギリ運転と低速でのちんたら運転が判定され、上限が0.0点となるためrewardは0.0とした。
171.89999999999807,Train11,次駅への減速フェーズ（駅手前400m以内）,惰行中,1.7000000000000004,力行（加速）,0.1,70.0,70.0,3.8924548738525595,70.0,40.59447037148445,8.100000000001927,0.7228633502433216,0.0,9.2,この先制限速度なし,この先目立った勾配なし,先行列車なし,後続列車なし,0,0,,0,70.0,0,normal,0.0,直前の力行が0.1秒で止まりすぐ惰行へ切替えたため2秒未満のノコギリ運転と判定され、上限0.0点となった。さらに現在速度が3.9km/hと必要速度70km/hに大きく乖離し、遅延が不可避である点も評価を下げる要因です。
171.99999999999807,Train11,次駅への減速フェーズ（駅手前400m以内）,惰行中,1.8000000000000005,力行（加速）,0.1,70.0,70.0,3.8512263822290778,70.0,40.48697651378674,8.000000000001933,0.7076375891606359,0.0,9.2,この先制限速度なし,この先目立った勾配なし,先行列車なし,後続列車なし,0,0,,0,70.0,0,normal,0.0,力行から0.1秒で惰行へ切替え、保持時間も7秒未満のためノコギリ運転と判定し、上限0.0点となった。加えて3.9km/hの低速惰行はちんたら運転とみなされ、評価をさらに低下させた。
172.09999999999806,Train11,次駅への減速フェーズ（駅手前400m以内）,惰行中,1.9000000000000006,力行（加速）,0.1,70.0,70.0,3.810001843598512,70.0,40.38062783155638,7.900000000001938,0.692575190728622,0.0,9.2,この先制限速度なし,この先目立った勾配なし,先行列車なし,後続列車なし,0,0,,0,70.0,0,normal,0.0,ノコギリ運転と低速でのちんたら運転が判定され、上限が0.0点となったためrewardは0.0。
172.19999999999806,Train11,次駅への減速フェーズ（駅手前400m以内）,惰行中,2.0000000000000004,力行（加速）,0.1,70.0,70.0,3.7687812501477818,70.0,40.275424215113986,7.800000000001944,0.6776761094199989,0.0,9.2,この先制限速度なし,この先目立った勾配なし,先行列車なし,後続列車なし,0,0,,0,70.0,0,normal,0.0,2秒未満の惰行への切替と直前0.1秒の力行が反転操作とみなされ、ノコギリ運転上限0.0点となったため、rewardは0.0とした。
172.29999999999805,Train11,次駅への減速フェーズ（駅手前400m以内）,惰行中,2.1000000000000005,力行（加速）,0.1,70.0,70.0,3.727564594066686,70.0,40.17136555497558,7.70000000000195,0.6629402915026827,0.0,9.2,この先制限速度なし,この先目立った勾配なし,先行列車なし,後続列車なし,0,0,,0,70.0,0,normal,0.0,ノコギリ運転と判定され、prev_notch_durationが0.1秒で上限0.0点となるためrewardは0.0とする。
172.39999999999804,Train11,次駅への減速フェーズ（駅手前400m以内）,惰行中,2.2000000000000006,力行（加速）,0.1,70.0,70.0,3.686351867547904,70.0,40.06845174190232,7.600000000001955,0.6483676973670999,0.0,9.2,この先制限速度なし,この先目立った勾配なし,先行列車なし,後続列車なし,0,0,,0,70.0,0,normal,0.0,持続時間が7秒未満で力行→惰行への不合理な切替があり、ノコギリ運転と判定され上限0.0点となったため。
172.49999999999804,Train11,次駅への減速フェーズ（駅手前400m以内）,惰行中,2.3000000000000007,力行（加速）,0.1,70.0,70.0,3.6451430627869805,70.0,39.966682666854325,7.500000000001961,0.6339582900562206,0.0,9.2,この先制限速度なし,この先目立った勾配なし,先行列車なし,後続列車なし,0,0,,0,70.0,0,normal,0.0,直前の力行からすぐ惰行への切替が2秒未満で合理的根拠がなく、ノコギリ運転と判定され上限0点となる。
172.59999999999803,Train11,次駅への減速フェーズ（駅手前400m以内）,力行（加速）中,0.1,惰行,2.3000000000000007,70.0,70.0,3.6039381719823274,70.0,39.86605822100486,7.400000000001967,0.6197120244832056,0.0,9.2,この先制限速度なし,この先目立った勾配なし,先行列車なし,後続列車なし,0,0,,0,70.0,0,normal,0.2,加速→惰行の短時間切替がノコギリ運転と判定され、さらに不要な力行でエネルギー効率が低下したため、上限0.3のうち0.2点とした。
172.69999999999803,Train11,次駅への減速フェーズ（駅手前400m以内）,惰行中,0.1,力行（加速）,0.1,70.0,70.0,3.869179690160789,70.0,39.76189327443436,7.3000000000019725,0.7142478769589754,0.0,9.2,この先制限速度なし,この先目立った勾配なし,先行列車なし,後続列車なし,0,0,,0,70.0,0,normal,0.0,ノコギリ運転と判定され、保持時間が2秒未満で上限が0.0点に設定されたため、rewardは0.0となります。
172.79999999999802,Train11,次駅への減速フェーズ（駅手前400m以内）,惰行中,0.2,力行（加速）,0.1,70.0,70.0,3.827953431078727,70.0,39.655045915502285,7.200000000001978,0.699114344505367,0.0,9.2,この先制限速度なし,この先目立った勾配なし,先行列車なし,後続列車なし,0,0,,0,70.0,0,normal,0.0,力行→惰行の短時間切替がノコギリ運転と判定され、prev_notch_durationが0.1秒で上限0.0点となったため。
172.89999999999802,Train11,次駅への減速フェーズ（駅手前400m以内）,惰行中,0.30000000000000004,力行（加速）,0.1,70.0,70.0,3.7867311205785126,70.0,39.54934367008889,7.100000000001984,0.6841441489861919,0.0,9.2,この先制限速度なし,この先目立った勾配なし,先行列車なし,後続列車なし,0,0,,0,70.0,0,normal,0.0,ノコギリ運転と判定され、prev_notch_durationが2秒未満のためreward上限が0.0点に設定された。
172.999999999998,Train11,次駅への減速フェーズ（駅手前400m以内）,惰行中,0.4,力行（加速）,0.1,70.0,70.0,3.7455127508486923,70.0,39.44478642863203,7.0000000000019895,0.6693372431438022,0.0,9.2,この先制限速度なし,この先目立った勾配なし,先行列車なし,後続列車なし,0,0,,0,70.0,0,normal,0.0,ノコギリ運転と判定され、prev_notch_durationが0.1秒で上限0.0点となるためrewardは0.0とする。
173.099999999998,Train11,次駅への減速フェーズ（駅手前400m以内）,惰行中,0.5,力行（加速）,0.1,70.0,70.0,3.7042983140806904,70.0,39.34137408178273,6.900000000001995,0.6546935718280908,0.0,9.2,この先制限速度なし,この先目立った勾配なし,先行列車なし,後続列車なし,0,0,,0,70.0,0,normal,0.0,持続時間が7秒未満で力行→惰行への不合理な切替があり、ノコギリ運転と判定され上限が0点となったため0.0とした。
173.199999999998,Train11,次駅への減速フェーズ（駅手前400m以内）,惰行中,0.6,力行（加速）,0.1,70.0,70.0,3.6630878024688047,70.0,39.239106520415845,6.800000000002001,0.6402131070084949,0.0,9.2,この先制限速度なし,この先目立った勾配なし,先行列車なし,後続列車なし,0,0,,0,70.0,0,normal,0.0,ノコギリ運転と判定され、prev_notch_durationが2秒未満のためreward上限が0.0点となった。
173.299999999998,Train11,次駅への減速フェーズ（駅手前400m以内）,惰行中,0.7,力行（加速）,0.1,70.0,70.0,3.6218812082102,70.0,39.13798363562293,6.700000000002007,0.6258958035460409,0.0,9.2,この先制限速度なし,この先目立った勾配なし,先行列車なし,後続列車なし,0,0,,0,70.0,0,normal,0.0,ノコギリ運転と判定され、prev_notch_durationが0.1秒で上限0.0点となるためrewardは0.0とする。
173.399999999998,Train11,次駅への減速フェーズ（駅手前400m以内）,惰行中,0.7999999999999999,力行（加速）,0.1,70.0,70.0,3.5806785235048997,70.0,39.038005318698055,6.600000000002012,0.6117416164214551,0.0,9.2,この先制限速度なし,この先目立った勾配なし,先行列車なし,後続列車なし,0,0,,0,70.0,0,normal,0.0,持続時間が7秒未満で力行→惰行への反転かつ加速が必要な状況であるため、ノコギリ運転上限0.0点とし評価を0.0とした。
173.49999999999798,Train11,次駅への減速フェーズ（駅手前400m以内）,惰行中,0.8999999999999999,力行（加速）,0.1,70.0,70.0,3.539479740555784,70.0,38.939171461159106,6.500000000002018,0.5977505007350908,0.0,9.2,この先制限速度なし,この先目立った勾配なし,先行列車なし,後続列車なし,0,0,,0,70.0,0,normal,0.0,ノコギリ運転と低速惰行により停止位置達成が不可能で、上限0.0点となる。
173.59999999999798,Train11,次駅への減速フェーズ（駅手前400m以内）,惰行中,0.9999999999999999,力行（加速）,0.1,70.0,70.0,3.4982848515685796,70.0,38.841481954751345,6.400000000002024,0.58392241101171,0.0,9.2,この先制限速度なし,この先目立った勾配なし,先行列車なし,後続列車なし,0,0,,0,70.0,0,normal,0.0,力行→惰行の反転が2秒未満でノコギリ運転と判定され、上限が0.0点となったためreward=0.0。
173.69999999999797,Train11,次駅への減速フェーズ（駅手前400m以内）,惰行中,1.0999999999999999,力行（加速）,0.1,70.0,70.0,3.4570938487518563,70.0,38.74493669142964,6.300000000002029,0.5702572902039302,0.0,9.2,この先制限速度なし,この先目立った勾配なし,先行列車なし,後続列車なし,0,0,,0,70.0,0,normal,0.0,持続時間が2秒未満の力行→惰行の反転がノコギリ運転と判定され、上限が0点となったためrewardは0.0。
173.79999999999797,Train11,次駅への減速フェーズ（駅手前400m以内）,惰行中,1.2,力行（加速）,0.1,70.0,70.0,3.41590672431702,70.0,38.64953556335138,6.200000000002035,0.5567551124293838,0.0,9.2,この先制限速度なし,この先目立った勾配なし,先行列車なし,後続列車なし,0,0,,0,70.0,0,normal,0.0,保持時間が共に7秒未満で力行→惰行への不合理な反転があり、ノコギリ運転と判定され上限が0.0点となったため。
173.89999999999796,Train11,次駅への減速フェーズ（駅手前400m以内）,惰行中,1.3,力行（加速）,0.1,70.0,70.0,3.3747234704783056,70.0,38.55527846291551,6.100000000002041,0.5434158332273676,0.0,9.2,この先制限速度なし,この先目立った勾配なし,先行列車なし,後続列車なし,0,0,,0,70.0,0,normal,0.0,ノコギリ運転と低速惰行により停止位置が達成できず、reward上限が0.0点となる。
173.99999999999795,Train11,次駅への減速フェーズ（駅手前400m以内）,惰行中,1.4000000000000001,力行（加速）,0.1,70.0,70.0,3.333544079452773,70.0,38.46216528271995,6.000000000002046,0.5302394082564561,0.0,9.2,この先制限速度なし,この先目立った勾配なし,先行列車なし,後続列車なし,0,0,,0,70.0,0,normal,0.0,力行→惰行の短時間切替がノコギリ運転と判定され、prev_notch_durationが0.1秒で上限0.0点となったためrewardは0.0とした。
174.09999999999795,Train11,次駅への減速フェーズ（駅手前400m以内）,惰行中,1.5000000000000002,力行（加速）,0.1,70.0,70.0,3.2923685434602996,70.0,38.370195915586436,5.900000000002052,0.517225793294428,0.0,9.2,この先制限速度なし,この先目立った勾配なし,先行列車なし,後続列車なし,0,0,,0,70.0,0,normal,0.0,直前の力行から1.5秒の惰行への短時間切替が条件を満たしノコギリ運転と判定され、上限が0.0点となった。加えて低速での惰行は遅延運転とみなされ、評価をさらに低下させる要因となった。
174.19999999999794,Train11,次駅への減速フェーズ（駅手前400m以内）,惰行中,1.6000000000000003,力行（加速）,0.1,70.0,70.0,3.2511968547235752,70.0,38.27937025454631,5.800000000002058,0.5043749442381935,0.0,9.2,この先制限速度なし,この先目立った勾配なし,先行列車なし,後続列車なし,0,0,,0,70.0,0,normal,0.0,直前の力行からすぐ惰行への切替が0.1秒で不合理なノコギリ運転と判定され、reward上限が0点となった。
174.29999999999794,Train11,次駅への減速フェーズ（駅手前400m以内）,惰行中,1.7000000000000004,力行（加速）,0.1,70.0,70.0,3.210029005468094,70.0,38.18968819284052,5.700000000002063,0.49168680342827337,0.0,9.2,この先制限速度なし,この先目立った勾配なし,先行列車なし,後続列車なし,0,0,,0,70.0,0,normal,0.0,ノコギリ運転と低速ちんたら運転により、エネルギー無駄と安全性低下が顕著で、reward上限を0.0とした。
174.39999999999793,Train11,次駅への減速フェーズ（駅手前400m以内）,惰行中,1.8000000000000005,力行（加速）,0.1,70.0,70.0,3.1688649879221518,70.0,38.10114962395161,5.600000000002069,0.47916134575756886,0.0,9.2,この先制限速度なし,この先目立った勾配なし,先行列車なし,後続列車なし,0,0,,0,70.0,0,normal,0.0,ノコギリ運転（0.1秒で力行→惰行）と次駅減速フェーズで速度不足の惰行が判定され、上限が0.0点となるためrewardは0.0とした。
174.49999999999793,Train11,次駅への減速フェーズ（駅手前400m以内）,惰行中,1.9000000000000006,力行（加速）,0.1,70.0,70.0,3.127704794316836,70.0,38.013754441546865,5.500000000002075,0.46679852793205373,0.0,9.2,この先制限速度なし,この先目立った勾配なし,先行列車なし,後続列車なし,0,0,,0,70.0,0,normal,0.0,短時間で力行→惰行への切替があり合理的根拠がないためノコギリ運転と判定し、上限0.0点となった。
174.59999999999792,Train11,次駅への減速フェーズ（駅手前400m以内）,力行（加速）中,0.1,惰行,1.9000000000000006,70.0,70.0,3.0865484168860218,70.0,37.92750253953869,5.4000000000020805,0.4545983062857131,0.0,9.2,この先制限速度なし,この先目立った勾配なし,先行列車なし,後続列車なし,0,0,,0,70.0,0,normal,0.0,持続時間2秒未満の力行への切替がノコギリ運転と判定され、reward上限が0.0点となったため。
174.6999999999979,Train11,次駅への減速フェーズ（駅手前400m以内）,惰行中,0.1,力行（加速）,0.1,70.0,70.0,3.3545499663090874,70.0,37.837667331018565,5.300000000002086,0.5369406006537231,0.0,9.2,この先制限速度なし,この先目立った勾配なし,先行列車なし,後続列車なし,0,0,,0,70.0,0,normal,0.0,次駅までの残距離と残時間から加速が必要であるにも関わらず、力行から惰行への短時間切替がノコギリ運転と判定され、上限0.0点となったためrewardは0.0とした。
174.7999999999979,Train11,次駅への減速フェーズ（駅手前400m以内）,惰行中,0.2,力行（加速）,0.1,70.0,70.0,3.3133724647648903,70.0,37.74511449705997,5.200000000002092,0.5238439388129053,0.0,9.2,この先制限速度なし,この先目立った勾配なし,先行列車なし,後続列車なし,0,0,,0,70.0,0,normal,0.0,持続時間が7秒未満で力行→惰行への不合理な切替がありノコギリ運転と判定され、上限0.0点となった上、次駅減速フェーズで加速が必要なのに惰行を続けているため適切性が欠如している。
174.8999999999979,Train11,次駅への減速フェーズ（駅手前400m以内）,惰行中,0.30000000000000004,力行（加速）,0.1,70.0,70.0,3.2721988144434397,70.0,37.65370542373603,5.1000000000020975,0.5109100653608016,0.0,9.2,この先制限速度なし,この先目立った勾配なし,先行列車なし,後続列車なし,0,0,,0,70.0,0,normal,0.0,力行から惰行への短時間切替がノコギリ運転と判定され、prev_notch_durationが0.1秒で上限0.0点となり、減速フェーズで速度不足も評価を下げたためrewardは0.0とした。
174.9999999999979,Train11,次駅への減速フェーズ（駅手前400m以内）,惰行中,0.4,力行（加速）,0.1,70.0,70.0,3.2310290075688015,70.0,37.56344000418821,5.000000000002103,0.4981389291048775,0.0,9.2,この先制限速度なし,この先目立った勾配なし,先行列車なし,後続列車なし,0,0,,0,70.0,0,normal,0.0,持続時間が7秒未満で力行→惰行への不合理な切替がノコギリ運転と判定され、上限が0.0点となったためrewardは0.0。
175.0999999999979,Train11,次駅への減速フェーズ（駅手前400m以内）,惰行中,0.5,力行（加速）,0.1,70.0,70.0,3.189863036367843,70.0,37.4743181317676,4.900000000002109,0.48553048898378337,0.0,9.2,この先制限速度なし,この先目立った勾配なし,先行列車なし,後続列車なし,0,0,,0,70.0,0,normal,0.0,ノコギリ運転と低速惰行により即時0点上限が適用されたためrewardは0.0。
175.19999999999789,Train11,次駅への減速フェーズ（駅手前400m以内）,惰行中,0.6,力行（加速）,0.1,70.0,70.0,3.148700893070228,70.0,37.386339700042015,4.800000000002115,0.4730847110284967,0.0,9.2,この先制限速度なし,この先目立った勾配なし,先行列車なし,後続列車なし,0,0,,0,70.0,0,normal,0.0,ノコギリ運転と判定され、prev_notch_durationが0.1秒で上限0.0点となり、他の評価は全て無効化されるためrewardは0.0とする。
175.29999999999788,Train11,次駅への減速フェーズ（駅手前400m以内）,惰行中,0.7,力行（加速）,0.1,70.0,70.0,3.1075425699084107,70.0,37.299504602810174,4.70000000000212,0.4608015515123795,0.0,9.2,この先制限速度なし,この先目立った勾配なし,先行列車なし,後続列車なし,0,0,,0,70.0,0,normal,0.0,ノコギリ運転と判定され、prev_notch_durationが2秒未満のためreward上限が0.0点となった。
175.39999999999787,Train11,次駅への減速フェーズ（駅手前400m以内）,惰行中,0.7999999999999999,力行（加速）,0.1,70.0,70.0,3.066388059117631,70.0,37.213812734073315,4.600000000002126,0.44868096682761854,0.0,9.2,この先制限速度なし,この先目立った勾配なし,先行列車なし,後続列車なし,0,0,,0,70.0,0,normal,0.0,持続時間が7秒未満で力行→惰行への不合理な切替がノコギリ運転と判定され、上限が0.0点となった。
175.49999999999787,Train11,次駅への減速フェーズ（駅手前400m以内）,惰行中,0.8999999999999999,力行（加速）,0.1,70.0,70.0,3.025237352935907,70.0,37.129263988045835,4.500000000002132,0.43672291348515313,0.0,9.2,この先制限速度なし,この先目立った勾配なし,先行列車なし,後続列車なし,0,0,,0,70.0,0,normal,0.0,前後のノッチ保持時間が7秒未満で力行→惰行の反転が合理性なく、2秒未満のノコギリ運転と判定し上限0.0点とした。
175.59999999999786,Train11,次駅への減速フェーズ（駅手前400m以内）,惰行中,0.9999999999999999,力行（加速）,0.1,70.0,70.0,2.9840904436040283,70.0,37.04585825915885,4.400000000002137,0.42492734203984883,0.0,9.2,この先制限速度なし,この先目立った勾配なし,先行列車なし,後続列車なし,0,0,,0,70.0,0,normal,0.0,直前の力行からすぐ惰行への切替が保持時間7秒未満で合理的理由なく、ノコギリ運転と判定され上限0.0点となったため。
175.69999999999786,Train11,次駅への減速フェーズ（駅手前400m以内）,惰行中,1.0999999999999999,力行（加速）,0.1,70.0,70.0,2.942947323365553,70.0,36.96359544207084,4.300000000002143,0.4132942095487696,0.0,9.2,この先制限速度なし,この先目立った勾配なし,先行列車なし,後続列車なし,0,0,,0,70.0,0,normal,0.0,持続時間が2秒未満の力行→惰行の反転でノコギリ運転と判定され、上限が0.0点になるため評価は0.0となる。
175.79999999999785,Train11,次駅への減速フェーズ（駅手前400m以内）,惰行中,1.2,力行（加速）,0.1,70.0,70.0,2.9018079844667977,70.0,36.88247543164991,4.200000000002149,0.40182348419562264,0.0,9.2,この先制限速度なし,この先目立った勾配なし,先行列車なし,後続列車なし,0,0,,0,70.0,0,normal,0.0,ノコギリ運転（力行→惰行が7秒未満で反転）と、必要速度を大幅に下回る低速ちんたら運転が判定され、上限が0.0点となったためrewardは0.0。
175.89999999999785,Train11,次駅への減速フェーズ（駅手前400m以内）,惰行中,1.3,力行（加速）,0.1,70.0,70.0,2.8606724191568342,70.0,36.802498122970206,4.100000000002154,0.3905151229269901,0.0,9.2,この先制限速度なし,この先目立った勾配なし,先行列車なし,後続列車なし,0,0,,0,70.0,0,normal,0.0,持続時間が7秒未満で力行→惰行への不合理な切替があり、ノコギリ運転と判定され上限が0.0点となったため。
175.99999999999784,Train11,次駅への減速フェーズ（駅手前400m以内）,惰行中,1.4000000000000001,力行（加速）,0.1,70.0,70.0,2.819540619687483,70.0,36.72366341132616,4.00000000000216,0.3793690828078677,0.0,9.2,この先制限速度なし,この先目立った勾配なし,先行列車なし,後続列車なし,0,0,,0,70.0,0,normal,0.0,ノコギリ運転と低速惰行により必要速度に達せず、安全・定時性が損なわれたためrewardは0.0。
176.09999999999783,Train11,次駅への減速フェーズ（駅手前400m以内）,力行（加速）中,0.1,惰行,1.4000000000000001,70.0,70.0,2.7784125783133073,70.0,36.64597119223956,3.9000000000021657,0.3683853210215939,0.0,9.2,この先制限速度なし,この先目立った勾配なし,先行列車なし,後続列車なし,0,0,,0,70.0,0,normal,1.0,次駅までの距離と残り時間から加速が必要で、速度・信号制限を守り合理的に力行しているため高評価とした。
176.19999999999783,Train11,次駅への減速フェーズ（駅手前400m以内）,惰行中,0.1,力行（加速）,0.1,70.0,70.0,3.04805733524998,70.0,36.564670188699466,3.8000000000021714,0.4433342752384234,0.0,9.2,この先制限速度なし,この先目立った勾配なし,先行列車なし,後続列車なし,0,0,,0,70.0,0,normal,0.0,ノコギリ運転と判定され、保持時間が2秒未満のためreward上限は0.0となり、減速フェーズで必要速度未達の惰行が不適切であるため0.0とした。
176.29999999999782,Train11,次駅への減速フェーズ（駅手前400m以内）,惰行中,0.2,力行（加速）,0.1,70.0,70.0,3.006908321302976,70.0,36.48063060358453,3.700000000002177,0.4314486062189647,0.0,9.2,この先制限速度なし,この先目立った勾配なし,先行列車なし,後続列車なし,0,0,,0,70.0,0,normal,0.0,保持時間が7秒未満で力行→惰行への不合理な切替があり、ノコギリ運転と判定され上限が0.0点となった。
176.39999999999782,Train11,次駅への減速フェーズ（駅手前400m以内）,惰行中,0.30000000000000004,力行（加速）,0.1,70.0,70.0,2.9657631007504315,70.0,36.39773398865742,3.600000000002183,0.4197253938534405,0.0,9.2,この先制限速度なし,この先目立った勾配なし,先行列車なし,後続列車なし,0,0,,0,70.0,0,normal,0.0,直前の力行から0.3秒の惰行への短時間切替が合理性なく、2秒未満の持続でノコギリ運転と判定され上限0.0点となった。
176.4999999999978,Train11,次駅への減速フェーズ（駅手前400m以内）,惰行中,0.4,力行（加速）,0.1,70.0,70.0,2.9246216658371327,70.0,36.315980238665446,3.5000000000021885,0.40816460965400697,0.0,9.2,この先制限速度なし,この先目立った勾配なし,先行列車なし,後続列車なし,0,0,,0,70.0,0,normal,0.0,ノコギリ運転（力行→惰行）が判定され、prev_notch_durationが0.1秒で上限0.0点となり、他の評価を上回って最終rewardは0.0とした。
176.5999999999978,Train11,次駅への減速フェーズ（駅手前400m以内）,惰行中,0.5,力行（加速）,0.1,70.0,70.0,2.883484008810625,70.0,36.23536924858328,3.400000000002194,0.39676621340007356,0.0,9.2,この先制限速度なし,この先目立った勾配なし,先行列車なし,後続列車なし,0,0,,0,70.0,0,normal,0.0,直前の0.1秒の力行から0.5秒の惰行への短時間反転がノコギリ運転と判定され、上限が0.0点となったため。
176.6999999999978,Train11,次駅への減速フェーズ（駅手前400m以内）,惰行中,0.6,力行（加速）,0.1,70.0,70.0,2.8423501219212057,70.0,36.155900913577455,3.3000000000022,0.3855301620909777,0.0,9.2,この先制限速度なし,この先目立った勾配なし,先行列車なし,後続列車なし,0,0,,0,70.0,0,normal,0.0,持続時間が7秒未満の力行から惰行への急激な反転が全条件を満たし、ノコギリ運転上限0.0点が適用されたため、rewardは0.0とした。
176.7999999999978,Train11,次駅への減速フェーズ（駅手前400m以内）,惰行中,0.7,力行（加速）,0.1,70.0,70.0,2.8012199974219163,70.0,36.07757512903831,3.2000000000022055,0.3744564128444381,0.0,9.2,この先制限速度なし,この先目立った勾配なし,先行列車なし,後続列車なし,0,0,,0,70.0,0,normal,0.0,0.1秒の力行から0.7秒の惰行への短時間切替がノコギリ運転と判定され、上限が0.0点となったためrewardは0.0。
176.8999999999978,Train11,次駅への減速フェーズ（駅手前400m以内）,惰行中,0.7999999999999999,力行（加速）,0.1,70.0,70.0,2.760093627568541,70.0,36.00039179058356,3.100000000002211,0.363544922896486,0.0,9.2,この先制限速度なし,この先目立った勾配なし,先行列車なし,後続列車なし,0,0,,0,70.0,0,normal,0.0,直前の力行が0.1秒で止まりすぐ惰行へ切替えたため、2秒未満のノコギリ運転と判定され上限0.0点となった。
176.99999999999778,Train11,次駅への減速フェーズ（駅手前400m以内）,惰行中,0.8999999999999999,力行（加速）,0.1,70.0,70.0,2.7189710046195947,70.0,35.924350794022786,3.000000000002217,0.35279563852793033,0.0,9.2,この先制限速度なし,この先目立った勾配なし,先行列車なし,後続列車なし,0,0,,0,70.0,0,normal,0.0,次駅減速フェーズで速度2.7km/hは到達不可で加速すべきところを惰行にし、0.1秒の反転でノコギリ運転と判定されたためrewardは0.0とした。
177.09999999999778,Train11,次駅への減速フェーズ（駅手前400m以内）,惰行中,0.9999999999999999,力行（加速）,0.1,70.0,70.0,2.6778521208363224,70.0,35.84945203540002,2.9000000000022226,0.3422085295657072,0.0,9.2,この先制限速度なし,この先目立った勾配なし,先行列車なし,後続列車なし,0,0,,0,70.0,0,normal,0.0,次駅減速フェーズで必要速度70km/hに対し2.7km/hの惰行は停止位置達成不可で、ノコギリ運転と判定され上限0.0点となる。
177.19999999999777,Train11,次駅への減速フェーズ（駅手前400m以内）,惰行中,1.0999999999999999,力行（加速）,0.1,70.0,70.0,2.6367369684826887,70.0,35.77569541096537,2.8000000000022283,0.331783557850012,0.0,9.2,この先制限速度なし,この先目立った勾配なし,先行列車なし,後続列車なし,0,0,,0,70.0,0,normal,0.0,ノコギリ運転が判定され、必要速度70km/hに対し2.6km/hのまま惰行を続けているため、上限0.0点とした。
177.29999999999777,Train11,次駅への減速フェーズ（駅手前400m以内）,力行（加速）中,0.1,惰行,1.0999999999999999,70.0,70.0,2.595625539825375,70.0,35.703080817192756,2.700000000002234,0.3215206810508523,0.0,9.2,この先制限速度なし,この先目立った勾配なし,先行列車なし,後続列車なし,0,0,,0,70.0,0,normal,0.0,0.1秒の力行への切替が前の惰行1.1秒と合わせてノコギリ運転と判定され、上限が0.0点となったため。
177.39999999999776,Train11,次駅への減速フェーズ（駅手前400m以内）,惰行中,0.1,力行（加速）,0.1,70.0,70.0,2.8662448571702472,70.0,35.62684233082436,2.6000000000022396,0.3920375667981394,0.0,9.2,この先制限速度なし,この先目立った勾配なし,先行列車なし,後続列車なし,0,0,,0,70.0,0,normal,0.0,0.1秒の力行→惰行の急激な切替がノコギリ運転と判定され、上限が0.0点となる上、速度が2.9km/hと極端に低く遅延が生じているためrewardは0.0。
177.49999999999775,Train11,次駅への減速フェーズ（駅手前400m以内）,惰行中,0.2,力行（加速）,0.1,70.0,70.0,2.8251125479939283,70.0,35.54785283702344,2.5000000000022453,0.380869539449393,0.0,9.2,この先制限速度なし,この先目立った勾配なし,先行列車なし,後続列車なし,0,0,,0,70.0,0,normal,0.0,持続時間が7秒未満で力行→惰行への不合理な切替がノコギリ運転と判定され、上限が0.0点に設定されたため、rewardは0.0となる。
177.59999999999775,Train11,次駅への減速フェーズ（駅手前400m以内）,惰行中,0.30000000000000004,力行（加速）,0.1,70.0,70.0,2.7839839979619025,70.0,35.47000584992688,2.400000000002251,0.36986379622696525,0.0,9.2,この先制限速度なし,この先目立った勾配なし,先行列車なし,後続列車なし,0,0,,0,70.0,0,normal,0.0,次駅減速フェーズで必要速度70km/hに対し2.8km/hの惰行は不適切で、力行→惰行の短時間切替がノコギリ運転と判定され上限0.0点となった。
177.69999999999774,Train11,次駅への減速フェーズ（駅手前400m以内）,惰行中,0.4,力行（加速）,0.1,70.0,70.0,2.7428591993311,70.0,35.39330126521989,2.3000000000022567,0.35902029158638743,0.0,9.2,この先制限速度なし,この先目立った勾配なし,先行列車なし,後続列車なし,0,0,,0,70.0,0,normal,0.0,持続時間が2秒未満の力行から0.4秒の惰行への急激な切替がノコギリ運転と判定され、上限0.0点となったためrewardは0.0。
177.79999999999774,Train11,次駅への減速フェーズ（駅手前400m以内）,惰行中,0.5,力行（加速）,0.1,70.0,70.0,2.7017381443611796,70.0,35.31773897881507,2.2000000000022624,0.34833897556859533,0.0,9.2,この先制限速度なし,この先目立った勾配なし,先行列車なし,後続列車なし,0,0,,0,70.0,0,normal,0.0,次駅減速フェーズで低速惰行に切り替え、2秒未満のノコギリ運転と判定されエネルギー効率も低いため0.0とした。
177.89999999999773,Train11,次駅への減速フェーズ（駅手前400m以内）,惰行中,0.6,力行（加速）,0.1,70.0,70.0,2.660620825314527,70.0,35.24331888683818,2.100000000002268,0.3378198214415594,0.0,9.2,この先制限速度なし,この先目立った勾配なし,先行列車なし,後続列車なし,0,0,,0,70.0,0,normal,0.0,ノコギリ運転と判定され、prev_notch_durationが0.1秒で上限0.0点となり、遅延増大もあるためreward=0.0とした。
177.99999999999773,Train11,次駅への減速フェーズ（駅手前400m以内）,惰行中,0.7,力行（加速）,0.1,70.0,70.0,2.6195072344562464,70.0,35.1700408856388,2.0000000000022737,0.3274627868067198,0.0,9.2,この先制限速度なし,この先目立った勾配なし,先行列車なし,後続列車なし,0,0,,0,70.0,0,normal,0.0,力行からすぐ惰行への切替が合理性なく、保持時間が2秒未満のノコギリ運転と判定し、上限rewardが0.0となったため。
178.09999999999772,Train11,次駅への減速フェーズ（駅手前400m以内）,惰行中,0.7999999999999999,力行（加速）,0.1,70.0,70.0,2.578397364054157,70.0,35.09790487177611,1.9000000000022794,0.3172678293835361,0.0,9.2,この先制限速度なし,この先目立った勾配なし,先行列車なし,後続列車なし,0,0,,0,70.0,0,normal,0.0,短時間で力行→惰行への反転かつ減速フェーズで速度が必要速度70km/hに遠く及ばず、適切な加速が欠如しているため、ノコギリ運転上限0.0点とした。
178.19999999999771,Train11,次駅への減速フェーズ（駅手前400m以内）,惰行中,0.8999999999999999,力行（加速）,0.1,70.0,70.0,2.5372912063787827,70.0,35.02691074201536,1.800000000002285,0.30723490700941525,0.0,9.2,この先制限速度なし,この先目立った勾配なし,先行列車なし,後続列車なし,0,0,,0,70.0,0,normal,0.0,保持時間が共に7秒未満で力行→惰行への不合理な切替があり、ノコギリ運転と判定され上限が0.0点となったためreward=0.0。
178.2999999999977,Train11,次駅への減速フェーズ（駅手前400m以内）,惰行中,0.9999999999999999,力行（加速）,0.1,70.0,70.0,2.4961887537033505,70.0,34.95705839334562,1.7000000000022908,0.2973639761081743,0.0,9.2,この先制限速度なし,この先目立った勾配なし,先行列車なし,後続列車なし,0,0,,0,70.0,0,normal,0.0,低速で惰行を続け、前後の力行からの短時間切替がノコギリ運転と判定され、上限が0点となったためrewardは0.0。
