time,run_id,section,position_km,phase,current_notch,holding_time,prev_notch,prev_notch_duration,notch_jump,current_speed,atc_now,signal_speed,v_ceiling,v_target,band_upper,band_lower,band_notch_pair,hold_notch,v_std,v_std_deviation,schedule_speed,section_cap,required_speed,target_speed_no_stop,target_speed_spacing,dist_to_next_station,time_to_next_station,req_stop_dist,delta_stop,current_gradient,coast_accel,power_accel,next_gradient_info,limit_drop_ahead,delay,total_delay,stations_remaining,total_remaining_time,forward_info,forward_train_delay,forward_departed_next,standard_headway,forward_clear_remaining_time,forward_observed_delay,backward_info,backward_distance,backward_speed,backward_delay,is_dwelling,dwell_elapsed,dwell_min,dwell_max,mode,reward,reason
0.0,early_coast_s0_a,0,0.0,駅出発直後の加速フェーズ（20秒以内）,力行,0.0,なし（または停止）,0.0,0.0,0.0,45.0,45.0,45.0,0.0,39.8,34.5,惰行 ↔ 勾配ブレーキ,惰行,0.0,0.0,49.4,75.0,45.0,45.0,,964.5,80.0,0.0,964.5,-5.0,0.103,3.476,80m先で勾配が-5.0‰から-14.2‰に変わる,前方に現示の低下なし,0.0,0.0,1,80.0,先行列車なし,0,,0,0,0,後続列車なし,該当なし,該当なし,0,0,0,30,240,,,
1.0,early_coast_s0_a,0,0.000487,駅出発直後の加速フェーズ（20秒以内）,力行,1.0,なし（または停止）,0.0,0.0,3.47,45.0,45.0,45.0,3.5,39.8,34.5,惰行 ↔ 勾配ブレーキ,惰行,3.5,-0.0,50.2,75.0,45.0,45.0,,964.0,79.0,0.7,963.31,-5.0,0.098,3.471,80m先で勾配が-5.0‰から-14.2‰に変わる,前方に現示の低下なし,0.0,0.0,1,79.0,先行列車なし,0,,0,0,0,後続列車なし,該当なし,該当なし,0,0,0,30,240,,,
2.0,early_coast_s0_a,0,0.001939,駅出発直後の加速フェーズ（20秒以内）,力行,2.0,なし（または停止）,0.0,0.0,6.94,45.0,45.0,45.0,6.9,39.8,34.5,惰行 ↔ 勾配ブレーキ,惰行,6.9,-0.0,51.0,75.0,45.0,45.0,,962.6,78.0,2.78,959.78,-5.0,0.092,3.466,80m先で勾配が-5.0‰から-14.2‰に変わる,前方に現示の低下なし,0.0,0.0,1,78.0,先行列車なし,0,,0,0,0,後続列車なし,該当なし,該当なし,0,0,0,30,240,,,
3.0,early_coast_s0_a,0,0.004353,駅出発直後の加速フェーズ（20秒以内）,力行,3.0,なし（または停止）,0.0,0.0,10.4,45.0,45.0,45.0,10.4,39.8,34.5,惰行 ↔ 勾配ブレーキ,惰行,10.4,-0.0,51.8,75.0,45.0,45.0,,960.1,77.0,6.24,953.9,-5.0,0.086,3.459,75m先で勾配が-5.0‰から-14.2‰に変わる,前方に現示の低下なし,0.0,0.0,1,77.0,先行列車なし,0,,0,0,0,後続列車なし,該当なし,該当なし,0,0,0,30,240,,,
4.0,early_coast_s0_a,0,0.007729,駅出発直後の加速フェーズ（20秒以内）,力行,4.0,なし（または停止）,0.0,0.0,13.86,45.0,45.0,45.0,13.9,39.8,34.5,惰行 ↔ 勾配ブレーキ,惰行,13.9,0.0,52.3,75.0,45.0,45.0,,956.8,76.0,11.06,945.71,-5.0,0.079,3.453,70m先で勾配が-5.0‰から-14.2‰に変わる,前方に現示の低下なし,0.0,0.0,1,76.0,先行列車なし,0,,0,0,0,後続列車なし,該当なし,該当なし,0,0,0,30,240,,,
5.0,early_coast_s0_a,0,0.012063,駅出発直後の加速フェーズ（20秒以内）,力行,5.0,なし（または停止）,0.0,0.0,17.31,45.0,45.0,45.0,17.3,39.8,34.5,惰行 ↔ 勾配ブレーキ,惰行,17.3,0.0,53.0,75.0,45.0,45.0,,952.4,75.0,17.22,935.22,-5.0,0.072,3.445,70m先で勾配が-5.0‰から-14.2‰に変わる,前方に現示の低下なし,0.0,0.0,1,75.0,先行列車なし,0,,0,0,0,後続列車なし,該当なし,該当なし,0,0,0,30,240,,,
6.0,early_coast_s0_a,0,0.017354,駅出発直後の加速フェーズ（20秒以内）,力行,6.0,なし（または停止）,0.0,0.0,20.75,70.0,70.0,70.0,20.8,64.8,59.6,惰行 ↔ 勾配ブレーキ,惰行,20.8,-0.0,53.4,75.0,56.9,56.9,,947.1,74.0,24.7,922.45,-5.0,0.064,3.437,65m先で勾配が-5.0‰から-14.2‰に変わる,前方に現示の低下なし,0.0,0.0,1,74.0,先行列車なし,0,,0,0,0,後続列車なし,該当なし,該当なし,0,0,0,30,240,,,
7.0,early_coast_s0_a,0,0.0236,駅出発直後の加速フェーズ（20秒以内）,力行,7.0,なし（または停止）,0.0,0.0,24.18,70.0,70.0,70.0,24.2,64.9,59.6,惰行 ↔ 勾配ブレーキ,惰行,24.2,-0.0,54.2,75.0,56.9,56.9,,940.9,73.0,33.48,907.42,-5.0,0.055,3.429,55m先で勾配が-5.0‰から-14.2‰に変わる,前方に現示の低下なし,0.0,0.0,1,73.0,先行列車なし,0,,0,0,0,後続列車なし,該当なし,該当なし,0,0,0,30,240,,,
8.0,early_coast_s0_a,0,0.030799,駅出発直後の加速フェーズ（20秒以内）,力行,8.0,なし（または停止）,0.0,0.0,27.61,70.0,70.0,70.0,27.6,64.9,64.3,惰行 ↔ 勾配ブレーキ,惰行,27.6,0.0,54.5,75.0,56.9,56.9,,933.7,72.0,43.53,890.17,-5.0,0.046,3.42,50m先で勾配が-5.0‰から-14.2‰に変わる,前方に現示の低下なし,0.0,0.0,1,72.0,先行列車なし,0,,0,0,0,後続列車なし,該当なし,該当なし,0,0,0,30,240,,,
9.0,early_coast_s0_a,0,0.038947,駅出発直後の加速フェーズ（20秒以内）,力行,9.0,なし（または停止）,0.0,0.0,31.02,70.0,70.0,70.0,31.0,64.9,59.9,惰行 ↔ 勾配ブレーキ,惰行,31.0,-0.0,55.1,75.0,56.9,56.9,,925.6,71.0,57.36,868.2,-5.0,0.037,3.41,40m先で勾配が-5.0‰から-14.2‰に変わる,前方に現示の低下なし,0.0,0.0,1,71.0,先行列車なし,0,,0,0,0,後続列車なし,該当なし,該当なし,0,0,0,30,240,,,
10.0,early_coast_s0_a,0,0.048043,駅出発直後の加速フェーズ（20秒以内）,力行,10.0,なし（または停止）,0.0,0.0,34.43,70.0,70.0,70.0,34.4,64.9,60.3,惰行 ↔ 勾配ブレーキ,惰行,34.4,0.0,55.7,75.0,56.9,56.9,,916.5,70.0,73.2,843.25,-5.0,0.027,3.4,30m先で勾配が-5.0‰から-14.2‰に変わる,前方に現示の低下なし,0.0,0.0,1,70.0,先行列車なし,0,,0,0,0,後続列車なし,該当なし,該当なし,0,0,0,30,240,,,
11.0,early_coast_s0_a,0,0.057787,駅出発直後の加速フェーズ（20秒以内）,惰行,0.8,力行,10.2,3.37,35.16,70.0,70.0,70.0,37.7,64.9,60.6,惰行 ↔ 勾配ブレーキ,惰行,37.7,-2.6,56.0,75.0,57.8,57.8,,906.7,69.0,77.97,828.74,-5.0,0.024,3.398,20m先で勾配が-5.0‰から-14.2‰に変わる,前方に現示の低下なし,0.0,0.0,1,69.0,先行列車なし,0,,0,0,0,後続列車なし,該当なし,該当なし,0,0,0,30,240,,,
12.0,early_coast_s0_a,0,0.067558,駅出発直後の加速フェーズ（20秒以内）,惰行,1.8,力行,10.2,3.37,35.19,70.0,70.0,70.0,40.8,64.9,60.9,惰行 ↔ 勾配ブレーキ,惰行,40.8,-5.6,56.5,75.0,58.0,58.0,,896.9,68.0,79.54,817.4,-5.0,0.024,3.398,10m先で勾配が-5.0‰から-14.2‰に変わる,前方に現示の低下なし,0.0,0.0,1,68.0,先行列車なし,0,,0,0,0,後続列車なし,該当なし,該当なし,0,0,0,30,240,,,
13.0,early_coast_s0_a,0,0.077336,駅出発直後の加速フェーズ（20秒以内）,惰行,2.8,力行,10.2,3.37,35.21,70.0,70.0,70.0,43.4,64.9,61.1,惰行 ↔ 勾配ブレーキ,惰行,43.4,-8.2,56.9,75.0,58.7,58.7,,887.2,67.0,81.08,806.08,-5.0,0.024,3.398,5m先で勾配が-5.0‰から-14.2‰に変わる,前方に現示の低下なし,0.0,0.0,1,67.0,先行列車なし,0,,0,0,0,後続列車なし,該当なし,該当なし,0,0,0,30,240,,,
14.0,early_coast_s0_a,0,0.087164,駅出発直後の加速フェーズ（20秒以内）,惰行,3.8,力行,10.2,3.37,35.55,70.0,70.0,70.0,46.1,64.4,60.7,惰行 ↔ 勾配ブレーキ,惰行,46.1,-10.5,57.5,75.0,59.4,59.4,,877.3,66.0,82.88,794.46,-14.2,0.348,3.721,85m先で勾配が-14.2‰から-16.3‰に変わる,前方に現示の低下なし,0.0,0.0,1,66.0,先行列車なし,0,,0,0,0,後続列車なし,該当なし,該当なし,0,0,0,30,240,,,
15.0,early_coast_s0_a,0,0.097088,駅出発直後の加速フェーズ（20秒以内）,惰行,4.8,力行,10.2,3.37,35.9,70.0,70.0,70.0,48.5,64.4,60.8,惰行 ↔ 勾配ブレーキ,惰行,48.5,-12.6,57.8,75.0,59.7,59.7,,867.4,65.0,84.9,782.51,-14.2,0.347,3.72,75m先で勾配が-14.2‰から-16.3‰に変わる,前方に現示の低下なし,0.0,0.0,1,65.0,先行列車なし,0,,0,0,0,後続列車なし,該当なし,該当なし,0,0,0,30,240,,,
16.0,early_coast_s0_a,0,0.107109,駅出発直後の加速フェーズ（20秒以内）,惰行,5.8,力行,10.2,3.37,36.25,70.0,70.0,70.0,48.9,64.4,60.8,惰行 ↔ 勾配ブレーキ,惰行,48.9,-12.7,58.6,75.0,60.4,60.4,,857.4,64.0,86.92,770.47,-14.2,0.346,3.719,65m先で勾配が-14.2‰から-16.3‰に変わる,前方に現示の低下なし,0.0,0.0,1,64.0,先行列車なし,0,,0,0,0,後続列車なし,該当なし,該当なし,0,0,0,30,240,,,
17.0,early_coast_s0_a,0,0.117226,駅出発直後の加速フェーズ（20秒以内）,惰行,6.8,力行,10.2,3.37,36.59,70.0,70.0,70.0,49.1,64.4,60.8,惰行 ↔ 勾配ブレーキ,惰行,49.1,-12.5,58.8,75.0,61.2,61.2,,847.3,63.0,88.97,758.31,-14.2,0.345,3.718,55m先で勾配が-14.2‰から-16.3‰に変わる,前方に現示の低下なし,0.0,0.0,1,63.0,先行列車なし,0,,0,0,0,後続列車なし,該当なし,該当なし,0,0,0,30,240,,,
18.0,early_coast_s0_a,0,0.127439,駅出発直後の加速フェーズ（20秒以内）,惰行,7.8,力行,10.2,3.37,36.94,75.0,75.0,75.0,49.4,69.4,65.8,惰行 ↔ 勾配ブレーキ,惰行,49.4,-12.4,59.5,75.0,62.0,62.0,,837.1,62.0,91.03,746.03,-14.2,0.343,3.717,45m先で勾配が-14.2‰から-16.3‰に変わる,前方に現示の低下なし,0.0,0.0,1,62.0,先行列車なし,0,,0,0,0,後続列車なし,該当なし,該当なし,0,0,0,30,240,,,
19.0,early_coast_s0_a,0,0.137747,駅出発直後の加速フェーズ（20秒以内）,惰行,8.8,力行,10.2,3.37,37.28,75.0,75.0,75.0,49.6,69.4,65.9,惰行 ↔ 勾配ブレーキ,惰行,49.6,-12.3,60.4,75.0,62.0,62.0,,826.8,61.0,93.08,733.67,-14.2,0.342,3.716,30m先で勾配が-14.2‰から-16.3‰に変わる,前方に現示の低下なし,0.0,0.0,1,61.0,先行列車なし,0,,0,0,0,後続列車なし,該当なし,該当なし,0,0,0,30,240,,,
20.0,early_coast_s0_a,0,0.14815,巡航フェーズ（駅間走行中）,惰行,9.8,力行,10.2,3.37,37.62,75.0,75.0,75.0,49.8,69.4,66.0,惰行 ↔ 勾配ブレーキ,惰行,49.8,-12.2,60.8,75.0,62.8,62.8,,816.4,60.0,95.19,721.16,-14.2,0.341,3.715,20m先で勾配が-14.2‰から-16.3‰に変わる,前方に現示の低下なし,0.0,0.0,1,60.0,先行列車なし,0,,0,0,0,後続列車なし,該当なし,該当なし,0,0,0,30,240,,,
21.0,early_coast_s0_a,0,0.158648,巡航フェーズ（駅間走行中）,惰行,10.8,力行,10.2,3.37,37.96,75.0,75.0,75.0,50.0,69.4,66.1,惰行 ↔ 勾配ブレーキ,惰行,50.0,-12.1,61.2,75.0,63.9,63.9,,805.9,59.0,97.26,708.59,-14.2,0.34,3.714,10m先で勾配が-14.2‰から-16.3‰に変わる,前方に現示の低下なし,0.0,0.0,1,59.0,先行列車なし,0,,0,0,0,後続列車なし,該当なし,該当なし,0,0,0,30,240,,,
22.0,early_coast_s0_a,0,0.16924,巡航フェーズ（駅間走行中）,惰行,11.8,力行,10.2,3.37,38.31,75.0,75.0,75.0,50.3,69.3,66.0,惰行 ↔ 勾配ブレーキ,惰行,50.3,-12.0,62.0,75.0,65.2,65.2,,795.3,58.0,99.38,695.88,-16.3,0.413,3.787,540m先で勾配が-16.3‰から+2.0‰に変わる,前方に現示の低下なし,0.0,0.0,1,58.0,先行列車なし,0,,0,0,0,後続列車なし,該当なし,該当なし,0,0,0,30,240,,,
23.0,early_coast_s0_a,0,0.179941,巡航フェーズ（駅間走行中）,惰行,12.8,力行,10.2,3.37,38.73,75.0,75.0,75.0,50.6,69.3,66.0,惰行 ↔ 勾配ブレーキ,惰行,50.6,-11.8,62.8,75.0,66.0,66.0,,784.6,57.0,101.5,683.06,-16.3,0.412,3.786,530m先で勾配が-16.3‰から+2.0‰に変わる,前方に現示の低下なし,0.0,0.0,1,57.0,先行列車なし,0,,0,0,0,後続列車なし,該当なし,該当なし,0,0,0,30,240,,,
24.0,early_coast_s0_a,0,0.190755,巡航フェーズ（駅間走行中）,惰行,13.8,力行,10.2,3.37,39.14,75.0,75.0,75.0,50.8,69.3,66.0,惰行 ↔ 勾配ブレーキ,惰行,50.8,-11.7,63.2,75.0,66.8,66.8,,773.7,56.0,103.62,670.12,-16.3,0.41,3.784,520m先で勾配が-16.3‰から+2.0‰に変わる,前方に現示の低下なし,0.0,0.0,1,56.0,先行列車なし,0,,0,0,0,後続列車なし,該当なし,該当なし,0,0,0,30,240,,,
25.0,early_coast_s0_a,0,0.201684,巡航フェーズ（駅間走行中）,惰行,14.8,力行,10.2,3.37,39.55,75.0,75.0,75.0,51.1,69.3,66.0,惰行 ↔ 勾配ブレーキ,惰行,51.1,-11.6,64.2,75.0,68.3,68.3,,762.8,55.0,105.77,657.05,-16.3,0.409,3.783,510m先で勾配が-16.3‰から+2.0‰に変わる,前方に現示の低下なし,0.0,0.0,1,55.0,先行列車なし,0,,0,0,0,後続列車なし,該当なし,該当なし,0,0,0,30,240,,,
26.0,early_coast_s0_a,0,0.212726,巡航フェーズ（駅間走行中）,惰行,15.8,力行,10.2,3.37,39.95,75.0,75.0,75.0,51.4,69.3,66.0,惰行 ↔ 勾配ブレーキ,惰行,51.4,-11.4,65.2,75.0,69.8,69.8,,751.8,54.0,107.92,643.85,-16.3,0.408,3.782,495m先で勾配が-16.3‰から+2.0‰に変わる,前方に現示の低下なし,0.0,0.0,1,54.0,先行列車なし,0,,0,0,0,後続列車なし,該当なし,該当なし,0,0,0,30,240,,,
27.0,early_coast_s0_a,0,0.223882,巡航フェーズ（駅間走行中）,惰行,16.8,力行,10.2,3.34,40.36,75.0,75.0,75.0,51.7,69.4,66.1,惰行 ↔ 勾配ブレーキ,惰行,51.7,-11.3,66.0,75.0,70.5,70.5,,740.6,53.0,110.09,630.52,-16.3,0.406,3.75,485m先で勾配が-16.3‰から+2.0‰に変わる,前方に現示の低下なし,0.0,0.0,1,53.0,先行列車なし,0,,0,0,0,後続列車なし,該当なし,該当なし,0,0,0,30,240,,,
28.0,early_coast_s0_a,0,0.235151,巡航フェーズ（駅間走行中）,惰行,17.8,力行,10.2,3.31,40.77,75.0,75.0,75.0,52.0,69.4,66.1,惰行 ↔ 勾配ブレーキ,惰行,52.0,-11.2,66.8,75.0,73.0,73.0,,729.3,52.0,112.28,617.07,-16.3,0.405,3.715,475m先で勾配が-16.3‰から+2.0‰に変わる,前方に現示の低下なし,0.0,0.0,1,52.0,先行列車なし,0,,0,0,0,後続列車なし,該当なし,該当なし,0,0,0,30,240,,,
29.0,early_coast_s0_a,0,0.246532,巡航フェーズ（駅間走行中）,惰行,18.8,力行,10.2,3.28,41.17,75.0,75.0,75.0,52.3,69.5,66.2,惰行 ↔ 勾配ブレーキ,惰行,52.3,-11.1,67.5,75.0,74.6,74.6,,718.0,51.0,114.47,603.49,-16.3,0.404,3.681,465m先で勾配が-16.3‰から+2.0‰に変わる,前方に現示の低下なし,0.0,0.0,1,51.0,先行列車なし,0,,0,0,0,後続列車なし,該当なし,該当なし,0,0,0,30,240,,,
30.0,early_coast_s0_a,0,0.258025,巡航フェーズ（駅間走行中）,惰行,19.8,力行,10.2,3.25,41.58,75.0,75.0,75.0,52.5,69.5,66.2,惰行 ↔ 勾配ブレーキ,惰行,52.5,-11.0,69.0,75.0,75.0,75.0,,706.5,50.0,116.68,589.79,-16.3,0.402,3.648,450m先で勾配が-16.3‰から+2.0‰に変わる,前方に現示の低下なし,0.0,0.0,1,50.0,先行列車なし,0,,0,0,0,後続列車なし,該当なし,該当なし,0,0,0,30,240,,,
31.0,early_coast_s0_a,0,0.26963,巡航フェーズ（駅間走行中）,惰行,20.8,力行,10.2,3.21,41.98,75.0,75.0,75.0,52.8,69.6,66.3,惰行 ↔ 勾配ブレーキ,惰行,52.8,-10.9,70.5,75.0,75.0,75.0,,694.9,49.0,118.9,575.97,-16.3,0.401,3.616,440m先で勾配が-16.3‰から+2.0‰に変わる,前方に現示の低下なし,0.0,0.0,1,49.0,先行列車なし,0,,0,0,0,後続列車なし,該当なし,該当なし,0,0,0,30,240,,,
32.0,early_coast_s0_a,0,0.281346,巡航フェーズ（駅間走行中）,惰行,21.8,力行,10.2,3.18,42.38,75.0,75.0,75.0,53.1,69.6,66.3,惰行 ↔ 勾配ブレーキ,惰行,53.1,-10.7,71.3,75.0,75.0,75.0,,683.2,48.0,121.14,562.01,-16.3,0.4,3.584,430m先で勾配が-16.3‰から+2.0‰に変わる,前方に現示の低下なし,0.0,0.0,1,48.0,先行列車なし,0,,0,0,0,後続列車なし,該当なし,該当なし,0,0,0,30,240,,,
33.0,early_coast_s0_a,0,0.293174,巡航フェーズ（駅間走行中）,惰行,22.8,力行,10.2,3.15,42.78,75.0,75.0,75.0,53.4,69.7,66.4,惰行 ↔ 勾配ブレーキ,惰行,53.4,-10.6,72.5,75.0,75.0,75.0,,671.3,47.0,123.38,547.94,-16.3,0.398,3.553,415m先で勾配が-16.3‰から+2.0‰に変わる,前方に現示の低下なし,0.0,0.0,1,47.0,先行列車なし,0,,0,0,0,後続列車なし,該当なし,該当なし,0,0,0,30,240,,,
34.0,early_coast_s0_a,0,0.305112,巡航フェーズ（駅間走行中）,惰行,23.8,力行,10.2,3.13,43.17,75.0,75.0,75.0,53.7,69.7,66.4,惰行 ↔ 勾配ブレーキ,惰行,53.7,-10.5,73.5,75.0,75.0,75.0,,659.4,46.0,125.64,533.75,-16.3,0.397,3.523,405m先で勾配が-16.3‰から+2.0‰に変わる,前方に現示の低下なし,0.0,0.0,1,46.0,先行列車なし,0,,0,0,0,後続列車なし,該当なし,該当なし,0,0,0,30,240,,,
35.0,early_coast_s0_a,0,0.31716,巡航フェーズ（駅間走行中）,惰行,24.8,力行,10.2,3.1,43.57,75.0,75.0,75.0,54.0,69.8,66.5,惰行 ↔ 勾配ブレーキ,惰行,54.0,-10.4,75.0,75.0,75.0,75.0,,647.3,45.0,127.91,519.43,-16.3,0.396,3.493,395m先で勾配が-16.3‰から+2.0‰に変わる,前方に現示の低下なし,0.0,0.0,1,45.0,先行列車なし,0,,0,0,0,後続列車なし,該当なし,該当なし,0,0,0,30,240,,,
36.0,early_coast_s0_a,0,0.329318,巡航フェーズ（駅間走行中）,惰行,25.8,力行,10.2,3.07,43.96,75.0,75.0,75.0,54.3,69.8,66.5,惰行 ↔ 勾配ブレーキ,惰行,54.3,-10.3,75.0,75.0,75.0,75.0,,635.2,44.0,130.19,504.99,-16.3,0.394,3.464,380m先で勾配が-16.3‰から+2.0‰に変わる,前方に現示の低下なし,0.0,0.0,1,44.0,先行列車なし,0,,0,0,0,後続列車なし,該当なし,該当なし,0,0,0,30,240,,,
37.0,early_coast_s0_a,0,0.341586,巡航フェーズ（駅間走行中）,惰行,26.8,力行,10.2,3.04,44.36,75.0,75.0,75.0,54.6,69.8,66.5,惰行 ↔ 勾配ブレーキ,惰行,54.6,-10.2,75.0,75.0,75.0,75.0,,622.9,43.0,132.48,490.43,-16.3,0.393,3.435,370m先で勾配が-16.3‰から+2.0‰に変わる,前方に現示の低下なし,0.0,0.0,1,43.0,先行列車なし,0,,0,0,0,後続列車なし,該当なし,該当なし,0,0,0,30,240,,,
38.0,early_coast_s0_a,0,0.353963,巡航フェーズ（駅間走行中）,惰行,27.8,力行,10.2,3.02,44.75,75.0,75.0,75.0,54.9,69.9,66.6,惰行 ↔ 勾配ブレーキ,惰行,54.9,-10.1,75.0,75.0,75.0,75.0,,610.5,42.0,134.79,475.75,-16.3,0.391,3.407,355m先で勾配が-16.3‰から+2.0‰に変わる,前方に現示の低下なし,0.0,0.0,1,42.0,先行列車なし,0,,0,0,0,後続列車なし,該当なし,該当なし,0,0,0,30,240,,,
39.0,early_coast_s0_a,0,0.366448,巡航フェーズ（駅間走行中）,惰行,28.8,力行,10.2,2.99,45.14,75.0,75.0,75.0,55.1,69.9,66.6,惰行 ↔ 勾配ブレーキ,惰行,55.1,-10.0,75.0,75.0,75.0,75.0,,598.1,41.0,137.1,460.95,-16.3,0.39,3.38,345m先で勾配が-16.3‰から+2.0‰に変わる,前方に現示の低下なし,0.0,0.0,1,41.0,先行列車なし,0,,0,0,0,後続列車なし,該当なし,該当なし,0,0,0,30,240,,,
40.0,early_coast_s0_a,0,0.379042,巡航フェーズ（駅間走行中）,惰行,29.8,力行,10.2,2.96,45.53,75.0,75.0,75.0,55.4,70.0,66.7,惰行 ↔ 勾配ブレーキ,惰行,55.4,-9.9,75.0,75.0,75.0,75.0,,585.5,40.0,139.42,446.03,-16.3,0.389,3.353,330m先で勾配が-16.3‰から+2.0‰に変わる,前方に現示の低下なし,0.0,0.0,1,40.0,先行列車なし,0,,0,0,0,後続列車なし,該当なし,該当なし,0,0,0,30,240,,,
41.0,early_coast_s0_a,0,0.391744,巡航フェーズ（駅間走行中）,惰行,30.8,力行,10.2,2.94,45.92,75.0,75.0,75.0,55.7,70.0,66.7,惰行 ↔ 勾配ブレーキ,惰行,55.7,-9.8,75.0,75.0,75.0,75.0,,572.8,39.0,141.76,431.0,-16.3,0.387,3.326,320m先で勾配が-16.3‰から+2.0‰に変わる,前方に現示の低下なし,0.0,0.0,1,39.0,先行列車なし,0,,0,0,0,後続列車なし,該当なし,該当なし,0,0,0,30,240,,,
42.0,early_coast_s0_a,0,0.404554,巡航フェーズ（駅間走行中）,惰行,31.8,力行,10.2,2.91,46.31,75.0,75.0,75.0,56.0,70.0,66.8,惰行 ↔ 勾配ブレーキ,惰行,56.0,-9.7,75.0,75.0,75.0,75.0,,559.9,38.0,144.1,415.85,-16.3,0.386,3.3,305m先で勾配が-16.3‰から+2.0‰に変わる,前方に現示の低下なし,0.0,0.0,1,38.0,先行列車なし,0,,0,0,0,後続列車なし,該当なし,該当なし,0,0,0,30,240,,,
43.0,early_coast_s0_a,0,0.417471,巡航フェーズ（駅間走行中）,惰行,32.8,力行,10.2,2.89,46.69,75.0,75.0,75.0,56.3,70.1,66.8,惰行 ↔ 勾配ブレーキ,惰行,56.3,-9.6,75.0,75.0,75.0,75.0,,547.0,37.0,146.45,400.58,-16.3,0.385,3.275,295m先で勾配が-16.3‰から+2.0‰に変わる,前方に現示の低下なし,0.0,0.0,1,37.0,先行列車なし,0,,0,0,0,後続列車なし,該当なし,該当なし,0,0,0,30,240,,,
44.0,early_coast_s0_a,0,0.430494,巡航フェーズ（駅間走行中）,惰行,33.8,力行,10.2,2.87,47.07,75.0,75.0,75.0,56.6,70.1,66.8,惰行 ↔ 勾配ブレーキ,惰行,56.6,-9.5,75.0,75.0,75.0,75.0,,534.0,36.0,148.82,385.19,-16.3,0.383,3.25,280m先で勾配が-16.3‰から+2.0‰に変わる,前方に現示の低下なし,0.0,0.0,1,36.0,先行列車なし,0,,0,0,0,後続列車なし,該当なし,該当なし,0,0,0,30,240,,,
45.0,early_coast_s0_a,0,0.443624,巡航フェーズ（駅間走行中）,惰行,34.8,力行,10.2,2.84,47.46,75.0,75.0,75.0,56.9,70.2,66.9,惰行 ↔ 勾配ブレーキ,惰行,56.9,-9.4,75.0,75.0,75.0,75.0,,520.9,35.0,151.19,369.69,-16.3,0.382,3.225,265m先で勾配が-16.3‰から+2.0‰に変わる,前方に現示の低下なし,0.0,0.0,1,35.0,先行列車なし,0,,0,0,0,後続列車なし,該当なし,該当なし,0,0,0,30,240,,,
46.0,early_coast_s0_a,0,0.45686,巡航フェーズ（駅間走行中）,惰行,35.8,力行,10.2,2.82,47.84,75.0,75.0,75.0,57.2,70.2,66.9,惰行 ↔ 勾配ブレーキ,惰行,57.2,-9.3,75.0,75.0,75.0,75.0,,507.6,34.0,153.57,354.07,-16.3,0.38,3.201,255m先で勾配が-16.3‰から+2.0‰に変わる,前方に現示の低下なし,0.0,0.0,1,34.0,先行列車なし,0,,0,0,0,後続列車なし,該当なし,該当なし,0,0,0,30,240,,,
47.0,early_coast_s0_a,0,0.470202,巡航フェーズ（駅間走行中）,惰行,36.8,力行,10.2,2.8,48.22,75.0,75.0,75.0,57.4,70.2,66.9,惰行 ↔ 勾配ブレーキ,惰行,57.4,-9.2,75.0,75.0,75.0,75.0,,494.3,33.0,155.96,338.34,-16.3,0.379,3.178,240m先で勾配が-16.3‰から+2.0‰に変わる,前方に現示の低下なし,0.0,0.0,1,33.0,先行列車なし,0,,0,0,0,後続列車なし,該当なし,該当なし,0,0,0,30,240,,,
48.0,early_coast_s0_a,0,0.483649,巡航フェーズ（駅間走行中）,惰行,37.8,力行,10.2,2.78,48.6,75.0,75.0,75.0,57.7,70.3,67.0,惰行 ↔ 勾配ブレーキ,惰行,57.7,-9.1,75.0,75.0,75.0,75.0,,480.9,32.0,158.35,322.5,-16.3,0.378,3.155,225m先で勾配が-16.3‰から+2.0‰に変わる,前方に現示の低下なし,0.0,0.0,1,32.0,先行列車なし,0,,0,0,0,後続列車なし,該当なし,該当なし,0,0,0,30,240,,,
49.0,early_coast_s0_a,0,0.497201,巡航フェーズ（駅間走行中）,惰行,38.8,力行,10.2,2.76,48.97,75.0,75.0,75.0,58.0,70.3,67.0,惰行 ↔ 勾配ブレーキ,惰行,58.0,-9.0,75.0,75.0,75.0,75.0,,467.3,31.0,160.76,306.54,-16.3,0.376,3.132,215m先で勾配が-16.3‰から+2.0‰に変わる,前方に現示の低下なし,0.0,0.0,1,31.0,先行列車なし,0,,0,0,0,後続列車なし,該当なし,該当なし,0,0,0,30,240,,,
50.0,early_coast_s0_a,0,0.510857,巡航フェーズ（駅間走行中）,惰行,39.8,力行,10.2,2.73,49.35,75.0,75.0,75.0,58.3,70.3,67.0,惰行 ↔ 勾配ブレーキ,惰行,58.3,-9.0,75.0,75.0,75.0,75.0,,453.6,30.0,163.17,290.47,-16.3,0.375,3.109,200m先で勾配が-16.3‰から+2.0‰に変わる,前方に現示の低下なし,0.0,0.0,1,30.0,先行列車なし,0,,0,0,0,後続列車なし,該当なし,該当なし,0,0,0,30,240,,,
51.0,early_coast_s0_a,0,0.524617,巡航フェーズ（駅間走行中）,惰行,40.8,力行,10.2,2.71,49.72,75.0,75.0,75.0,58.6,70.4,67.1,惰行 ↔ 勾配ブレーキ,惰行,58.6,-8.9,75.0,75.0,75.0,75.0,,439.9,29.0,165.59,274.29,-16.3,0.373,3.087,185m先で勾配が-16.3‰から+2.0‰に変わる,前方に現示の低下なし,0.0,0.0,1,29.0,先行列車なし,0,,0,0,0,後続列車なし,該当なし,該当なし,0,0,0,30,240,,,
52.0,early_coast_s0_a,0,0.538482,巡航フェーズ（駅間走行中）,惰行,41.8,力行,10.2,2.69,50.1,75.0,75.0,75.0,58.9,70.4,67.1,惰行 ↔ 勾配ブレーキ,惰行,58.9,-8.8,75.0,75.0,75.0,75.0,,426.0,28.0,168.02,258.0,-16.3,0.372,3.066,170m先で勾配が-16.3‰から+2.0‰に変わる,前方に現示の低下なし,0.0,0.0,1,28.0,先行列車なし,0,,0,0,0,後続列車なし,該当なし,該当なし,0,0,0,30,240,,,
53.0,early_coast_s0_a,0,0.552449,巡航フェーズ（駅間走行中）,惰行,42.8,力行,10.2,2.67,50.47,75.0,75.0,75.0,59.2,70.4,67.1,惰行 ↔ 勾配ブレーキ,惰行,59.2,-8.7,75.0,75.0,75.0,75.0,,412.1,27.0,166.84,245.21,-16.3,0.371,3.045,160m先で勾配が-16.3‰から+2.0‰に変わる,前方に現示の低下なし,0.0,0.0,1,27.0,先行列車なし,0,,0,0,0,後続列車なし,該当なし,該当なし,0,0,0,30,240,,,
54.0,early_coast_s0_a,0,0.566519,次駅への減速フェーズ（駅手前400m以内）,惰行,43.8,力行,10.2,2.65,50.84,75.0,75.0,75.0,59.5,70.5,67.2,惰行 ↔ 勾配ブレーキ,惰行,59.5,-8.6,,75.0,75.0,75.0,,398.0,26.0,165.35,232.63,-16.3,0.369,3.024,145m先で勾配が-16.3‰から+2.0‰に変わる,前方に現示の低下なし,0.0,0.0,1,26.0,先行列車なし,0,,0,0,0,後続列車なし,該当なし,該当なし,0,0,0,30,240,,,
55.0,early_coast_s0_a,0,0.580692,次駅への減速フェーズ（駅手前400m以内）,惰行,44.8,力行,10.2,2.64,51.2,75.0,75.0,75.0,59.7,70.5,67.2,惰行 ↔ 勾配ブレーキ,惰行,59.7,-8.5,,75.0,75.0,75.0,,383.8,25.0,163.81,220.0,-16.3,0.368,3.003,130m先で勾配が-16.3‰から+2.0‰に変わる,前方に現示の低下なし,0.0,0.0,1,25.0,先行列車なし,0,,0,0,0,後続列車なし,該当なし,該当なし,0,0,0,30,240,,,
56.0,early_coast_s0_a,0,0.594967,次駅への減速フェーズ（駅手前400m以内）,惰行,45.8,力行,10.2,2.62,51.57,75.0,75.0,75.0,60.0,70.5,67.2,惰行 ↔ 勾配ブレーキ,惰行,60.0,-8.5,,75.0,75.0,75.0,,369.5,24.0,162.24,207.3,-16.3,0.366,2.983,115m先で勾配が-16.3‰から+2.0‰に変わる,前方に現示の低下なし,0.0,0.0,1,24.0,先行列車なし,0,,0,0,0,後続列車なし,該当なし,該当なし,0,0,0,30,240,,,
57.0,early_coast_s0_a,0,0.609344,次駅への減速フェーズ（駅手前400m以内）,惰行,46.8,力行,10.2,2.6,51.94,75.0,75.0,75.0,60.3,70.6,67.3,惰行 ↔ 勾配ブレーキ,惰行,60.3,-8.4,,75.0,75.0,75.0,,355.2,23.0,160.66,194.5,-16.3,0.365,2.963,100m先で勾配が-16.3‰から+2.0‰に変わる,前方に現示の低下なし,0.0,0.0,1,23.0,先行列車なし,0,,0,0,0,後続列車なし,該当なし,該当なし,0,0,0,30,240,,,
58.0,early_coast_s0_a,0,0.623823,次駅への減速フェーズ（駅手前400m以内）,惰行,47.8,力行,10.2,2.58,52.3,75.0,75.0,75.0,60.6,70.6,67.3,惰行 ↔ 勾配ブレーキ,惰行,60.6,-8.3,,75.0,75.0,75.0,,340.7,22.0,159.26,181.42,-16.3,0.364,2.944,85m先で勾配が-16.3‰から+2.0‰に変わる,前方に現示の低下なし,0.0,0.0,1,22.0,先行列車なし,0,,0,0,0,後続列車なし,該当なし,該当なし,0,0,0,30,240,,,
59.0,early_coast_s0_a,0,0.638402,次駅への減速フェーズ（駅手前400m以内）,惰行,48.8,力行,10.2,2.56,52.66,75.0,75.0,75.0,60.9,70.6,67.3,惰行 ↔ 勾配ブレーキ,惰行,60.9,-8.2,,75.0,75.0,75.0,,326.1,21.0,157.55,168.55,-16.3,0.362,2.925,70m先で勾配が-16.3‰から+2.0‰に変わる,前方に現示の低下なし,0.0,0.0,1,21.0,先行列車なし,0,,0,0,0,後続列車なし,該当なし,該当なし,0,0,0,30,240,,,
60.0,early_coast_s0_a,0,0.653082,次駅への減速フェーズ（駅手前400m以内）,惰行,49.8,力行,10.2,2.54,53.03,75.0,75.0,75.0,61.2,70.6,67.3,惰行 ↔ 勾配ブレーキ,惰行,61.2,-8.1,,75.0,75.0,75.0,,311.4,20.0,156.22,155.19,-16.3,0.361,2.906,55m先で勾配が-16.3‰から+2.0‰に変わる,前方に現示の低下なし,0.0,0.0,1,20.0,先行列車なし,0,,0,0,0,後続列車なし,該当なし,該当なし,0,0,0,30,240,,,
61.0,early_coast_s0_a,0,0.667862,次駅への減速フェーズ（駅手前400m以内）,惰行,50.8,力行,10.2,2.53,53.39,75.0,75.0,75.0,61.4,70.7,66.7,惰行 ↔ 勾配ブレーキ,惰行,61.4,-8.1,,75.0,75.0,75.0,,296.6,19.0,154.69,141.95,-16.3,0.359,2.887,40m先で勾配が-16.3‰から+2.0‰に変わる,前方に現示の低下なし,0.0,0.0,1,19.0,先行列車なし,0,,0,0,0,後続列車なし,該当なし,該当なし,0,0,0,30,240,,,
62.0,early_coast_s0_a,0,0.682741,次駅への減速フェーズ（駅手前400m以内）,惰行,51.8,力行,10.2,2.51,53.74,75.0,75.0,75.0,61.7,70.7,70.1,惰行 ↔ 勾配ブレーキ,惰行,61.7,-8.0,,75.0,75.0,75.0,,281.8,18.0,152.94,128.82,-16.3,0.358,2.869,25m先で勾配が-16.3‰から+2.0‰に変わる,989m先でATC現示が75km/hから70km/hに低下する,0.0,0.0,1,18.0,先行列車なし,0,,0,0,0,後続列車なし,該当なし,該当なし,0,0,0,30,240,,,
63.0,early_coast_s0_a,0,0.697721,次駅への減速フェーズ（駅手前400m以内）,惰行,52.8,力行,10.2,2.49,54.1,75.0,75.0,75.0,62.0,70.7,64.3,勾配力行 ↔ 惰行,惰行,62.0,-7.9,,75.0,75.0,75.0,,266.8,17.0,151.39,115.39,-16.3,0.356,2.851,10m先で勾配が-16.3‰から+2.0‰に変わる,974m先でATC現示が75km/hから70km/hに低下する,0.0,0.0,1,17.0,先行列車なし,0,,0,0,0,後続列車なし,該当なし,該当なし,0,0,0,30,240,,,
64.0,early_coast_s0_a,0,0.712787,次駅への減速フェーズ（駅手前400m以内）,惰行,53.8,力行,10.2,2.49,54.23,75.0,75.0,75.0,62.1,71.7,65.9,勾配力行 ↔ 惰行,惰行,62.1,-7.9,,75.0,75.0,75.0,,251.7,16.0,149.68,102.03,2.0,-0.29,2.199,当面+2.0‰が続く,959m先でATC現示が75km/hから70km/hに低下する,0.0,0.0,1,16.0,先行列車なし,0,,0,0,0,後続列車なし,該当なし,該当なし,0,0,0,30,240,,,
65.0,early_coast_s0_a,0,0.727811,次駅への減速フェーズ（駅手前400m以内）,惰行,54.8,力行,10.2,2.5,53.94,75.0,75.0,75.0,61.8,71.7,65.9,勾配力行 ↔ 惰行,惰行,61.8,-7.9,,75.0,75.0,75.0,,236.7,15.0,148.12,88.56,2.0,-0.289,2.213,当面+2.0‰が続く,944m先でATC現示が75km/hから70km/hに低下する,0.0,0.0,1,15.0,先行列車なし,0,,0,0,0,後続列車なし,該当なし,該当なし,0,0,0,30,240,,,
66.0,early_coast_s0_a,0,0.742755,次駅への減速フェーズ（駅手前400m以内）,惰行,55.8,力行,10.2,2.52,53.65,75.0,75.0,75.0,61.5,71.7,65.8,勾配力行 ↔ 惰行,惰行,61.5,-7.9,,75.0,75.0,75.0,,221.7,14.0,146.58,75.16,2.0,-0.287,2.228,当面+2.0‰が続く,929m先でATC現示が75km/hから70km/hに低下する,0.0,0.0,1,14.0,先行列車なし,0,,0,0,0,後続列車なし,該当なし,該当なし,0,0,0,30,240,,,
67.0,early_coast_s0_a,0,0.757619,次駅への減速フェーズ（駅手前400m以内）,惰行,56.8,力行,10.2,2.53,53.37,75.0,75.0,75.0,61.3,71.6,65.8,勾配力行 ↔ 惰行,惰行,61.3,-7.9,,75.0,75.0,75.0,,206.9,13.0,145.05,61.83,2.0,-0.286,2.242,当面+2.0‰が続く,914m先でATC現示が75km/hから70km/hに低下する,0.0,0.0,1,13.0,先行列車なし,0,,0,0,0,後続列車なし,該当なし,該当なし,0,0,0,30,240,,,
68.0,early_coast_s0_a,0,0.772403,次駅への減速フェーズ（駅手前400m以内）,惰行,57.8,力行,10.2,2.54,53.08,75.0,75.0,75.0,61.0,71.6,65.8,勾配力行 ↔ 惰行,惰行,61.0,-7.9,,75.0,75.0,75.0,,192.1,12.0,143.53,48.56,2.0,-0.285,2.257,当面+2.0‰が続く,899m先でATC現示が75km/hから70km/hに低下する,0.0,0.0,1,12.0,先行列車なし,0,,0,0,0,後続列車なし,該当なし,該当なし,0,0,0,30,240,,,
69.0,early_coast_s0_a,0,0.787108,次駅への減速フェーズ（駅手前400m以内）,惰行,58.8,力行,10.2,2.56,52.8,75.0,75.0,75.0,59.2,71.6,65.8,勾配力行 ↔ 惰行,惰行,59.2,-6.4,,75.0,75.0,75.0,,177.4,11.0,142.03,35.36,2.0,-0.284,2.272,当面+2.0‰が続く,885m先でATC現示が75km/hから70km/hに低下する,0.0,0.0,1,11.0,先行列車なし,0,,0,0,0,後続列車なし,該当なし,該当なし,0,0,0,30,240,,,
70.0,early_coast_s0_a,0,0.801734,次駅への減速フェーズ（駅手前400m以内）,惰行,59.8,力行,10.2,2.57,52.51,75.0,75.0,75.0,56.6,71.6,65.7,勾配力行 ↔ 惰行,惰行,56.6,-4.1,,75.0,75.0,75.0,,162.8,10.0,140.54,22.22,2.0,-0.283,2.287,当面+2.0‰が続く,870m先でATC現示が75km/hから70km/hに低下する,0.0,0.0,1,10.0,先行列車なし,0,,0,0,0,後続列車なし,該当なし,該当なし,0,0,0,30,240,,,
71.0,early_coast_s0_a,0,0.816282,次駅への減速フェーズ（駅手前400m以内）,惰行,60.8,力行,10.2,2.58,52.23,75.0,75.0,75.0,54.0,71.5,65.7,勾配力行 ↔ 惰行,惰行,54.0,-1.7,,75.0,75.0,75.0,,148.2,9.0,139.07,9.15,2.0,-0.282,2.302,当面+2.0‰が続く,856m先でATC現示が75km/hから70km/hに低下する,0.0,0.0,1,9.0,先行列車なし,0,,0,0,0,後続列車なし,該当なし,該当なし,0,0,0,30,240,,,
71.5,early_coast_s0_a,0,0.823526,次駅への減速フェーズ（駅手前400m以内）,惰行,61.3,力行,10.2,2.59,52.09,75.0,75.0,75.0,52.6,71.5,65.7,勾配力行 ↔ 惰行,惰行,52.6,-0.5,,75.0,75.0,75.0,,141.0,8.5,138.33,2.64,2.0,-0.281,2.309,当面+2.0‰が続く,848m先でATC現示が75km/hから70km/hに低下する,0.0,0.0,1,8.5,先行列車なし,0,,0,0,0,後続列車なし,該当なし,該当なし,0,0,0,30,240,,,
72.0,early_coast_s0_a,0,0.830721,次駅への減速フェーズ（駅手前400m以内）,制動,0.3,惰行,61.5,2.5,51.23,75.0,75.0,75.0,51.2,71.5,65.6,勾配力行 ↔ 惰行,惰行,51.2,0.0,,75.0,75.0,75.0,,133.8,8.0,133.87,-0.09,2.0,-0.278,2.356,当面+2.0‰が続く,841m先でATC現示が75km/hから70km/hに低下する,0.0,0.0,1,8.0,先行列車なし,0,,0,0,0,後続列車なし,該当なし,該当なし,0,0,0,30,240,,,
72.5,early_coast_s0_a,0,0.837737,次駅への減速フェーズ（駅手前400m以内）,制動,0.8,惰行,61.5,2.5,49.84,75.0,75.0,75.0,49.8,71.3,65.5,勾配力行 ↔ 惰行,惰行,49.8,0.0,,75.0,75.0,75.0,,126.8,7.5,126.85,-0.08,2.0,-0.273,2.435,当面+2.0‰が続く,834m先でATC現示が75km/hから70km/hに低下する,0.0,0.0,1,7.5,先行列車なし,0,,0,0,0,後続列車なし,該当なし,該当なし,0,0,0,30,240,,,
73.0,early_coast_s0_a,0,0.844561,次駅への減速フェーズ（駅手前400m以内）,制動,1.3,惰行,61.5,2.5,48.45,75.0,75.0,75.0,48.5,71.2,65.4,勾配力行 ↔ 惰行,惰行,48.5,0.0,,75.0,75.0,75.0,,119.9,7.0,120.02,-0.08,2.0,-0.268,2.518,当面+2.0‰が続く,827m先でATC現示が75km/hから70km/hに低下する,0.0,0.0,1,7.0,先行列車なし,0,,0,0,0,後続列車なし,該当なし,該当なし,0,0,0,30,240,,,
73.5,early_coast_s0_a,0,0.851193,次駅への減速フェーズ（駅手前400m以内）,制動,1.8,惰行,61.5,2.5,47.07,75.0,75.0,75.0,47.1,71.1,65.3,勾配力行 ↔ 惰行,惰行,47.1,-0.0,,75.0,75.0,75.0,,113.3,6.5,113.39,-0.08,2.0,-0.262,2.604,当面+2.0‰が続く,821m先でATC現示が75km/hから70km/hに低下する,0.0,0.0,1,6.5,先行列車なし,0,,0,0,0,後続列車なし,該当なし,該当なし,0,0,0,30,240,,,
74.0,early_coast_s0_a,0,0.857632,次駅への減速フェーズ（駅手前400m以内）,制動,2.3,惰行,61.5,2.5,45.69,75.0,75.0,75.0,45.7,71.0,65.1,勾配力行 ↔ 惰行,惰行,45.7,-0.0,,75.0,75.0,75.0,,106.9,6.0,106.95,-0.08,2.0,-0.257,2.696,当面+2.0‰が続く,814m先でATC現示が75km/hから70km/hに低下する,0.0,0.0,1,6.0,先行列車なし,0,,0,0,0,後続列車なし,該当なし,該当なし,0,0,0,30,240,,,
74.5,early_coast_s0_a,0,0.863881,次駅への減速フェーズ（駅手前400m以内）,制動,2.8,惰行,61.5,2.5,44.31,75.0,75.0,75.0,44.3,70.8,65.0,勾配力行 ↔ 惰行,惰行,44.3,-0.0,,75.0,75.0,75.0,,100.6,5.5,100.7,-0.08,2.0,-0.253,2.793,当面+2.0‰が続く,808m先でATC現示が75km/hから70km/hに低下する,0.0,0.0,1,5.5,先行列車なし,0,,0,0,0,後続列車なし,該当なし,該当なし,0,0,0,30,240,,,
75.0,early_coast_s0_a,0,0.869938,次駅への減速フェーズ（駅手前400m以内）,制動,3.3,惰行,61.5,2.5,42.94,75.0,75.0,75.0,43.0,70.7,64.8,勾配力行 ↔ 惰行,惰行,43.0,-0.0,,75.0,75.0,75.0,,94.6,5.0,94.64,-0.07,2.0,-0.248,2.895,当面+2.0‰が続く,802m先でATC現示が75km/hから70km/hに低下する,0.0,0.0,1,5.0,先行列車なし,0,,0,0,0,後続列車なし,該当なし,該当なし,0,0,0,30,240,,,
75.5,early_coast_s0_a,0,0.875804,次駅への減速フェーズ（駅手前400m以内）,制動,3.8,惰行,61.5,2.5,41.56,75.0,75.0,75.0,41.6,70.5,64.7,勾配力行 ↔ 惰行,惰行,41.6,-0.0,,75.0,75.0,75.0,,88.7,4.5,88.77,-0.07,2.0,-0.243,3.003,当面+2.0‰が続く,796m先でATC現示が75km/hから70km/hに低下する,0.0,0.0,1,4.5,先行列車なし,0,,0,0,0,後続列車なし,該当なし,該当なし,0,0,0,30,240,,,
76.0,early_coast_s0_a,0,0.88148,次駅への減速フェーズ（駅手前400m以内）,制動,4.3,惰行,61.5,2.5,40.19,75.0,75.0,75.0,40.2,70.3,64.5,勾配力行 ↔ 惰行,惰行,40.2,-0.0,,75.0,75.0,75.0,,83.0,4.0,83.09,-0.07,2.0,-0.239,3.119,当面+2.0‰が続く,790m先でATC現示が75km/hから70km/hに低下する,0.0,0.0,1,4.0,先行列車なし,0,,0,0,0,後続列車なし,該当なし,該当なし,0,0,0,30,240,,,
76.5,early_coast_s0_a,0,0.886966,次駅への減速フェーズ（駅手前400m以内）,制動,4.8,惰行,61.5,2.5,38.83,75.0,75.0,75.0,38.9,70.3,64.5,勾配力行 ↔ 惰行,惰行,38.9,-0.0,,75.0,75.0,75.0,,77.5,3.5,77.6,-0.07,2.0,-0.234,3.14,当面+2.0‰が続く,785m先でATC現示が75km/hから70km/hに低下する,0.0,0.0,1,3.5,先行列車なし,0,,0,0,0,後続列車なし,該当なし,該当なし,0,0,0,30,240,,,
77.0,early_coast_s0_a,0,0.892261,次駅への減速フェーズ（駅手前400m以内）,制動,5.3,惰行,61.5,2.5,37.46,75.0,75.0,75.0,37.5,70.3,64.5,勾配力行 ↔ 惰行,惰行,37.5,-0.0,,75.0,75.0,75.0,,72.2,3.0,72.31,-0.07,2.0,-0.23,3.144,当面+2.0‰が続く,780m先でATC現示が75km/hから70km/hに低下する,0.0,0.0,1,3.0,先行列車なし,0,,0,0,0,後続列車なし,該当なし,該当なし,0,0,0,30,240,,,
77.5,early_coast_s0_a,0,0.897368,次駅への減速フェーズ（駅手前400m以内）,制動,5.8,惰行,61.5,2.5,36.1,75.0,75.0,75.0,36.1,70.3,64.5,勾配力行 ↔ 惰行,惰行,36.1,-0.0,,75.0,75.0,75.0,,67.1,2.5,67.2,-0.06,2.0,-0.225,3.148,当面+2.0‰が続く,774m先でATC現示が75km/hから70km/hに低下する,0.0,0.0,1,2.5,先行列車なし,0,,0,0,0,後続列車なし,該当なし,該当なし,0,0,0,30,240,,,
78.0,early_coast_s0_a,0,0.902285,次駅への減速フェーズ（駅手前400m以内）,制動,6.3,惰行,61.5,2.5,34.73,75.0,75.0,75.0,34.8,70.3,64.5,勾配力行 ↔ 惰行,惰行,34.8,-0.0,,75.0,75.0,75.0,,62.2,2.0,62.28,-0.06,2.0,-0.221,3.152,当面+2.0‰が続く,770m先でATC現示が75km/hから70km/hに低下する,0.0,0.0,1,2.0,先行列車なし,0,,0,0,0,後続列車なし,該当なし,該当なし,0,0,0,30,240,,,
78.5,early_coast_s0_a,0,0.907012,次駅への減速フェーズ（駅手前400m以内）,制動,6.8,惰行,61.5,2.5,33.38,75.0,75.0,75.0,33.4,70.3,64.4,勾配力行 ↔ 惰行,惰行,33.4,-0.0,,75.0,75.0,75.0,,57.5,1.5,57.55,-0.06,2.0,-0.217,3.157,当面+2.0‰が続く,765m先でATC現示が75km/hから70km/hに低下する,0.0,0.0,1,1.5,先行列車なし,0,,0,0,0,後続列車なし,該当なし,該当なし,0,0,0,30,240,,,
79.0,early_coast_s0_a,0,0.911552,次駅への減速フェーズ（駅手前400m以内）,制動,7.3,惰行,61.5,2.5,32.02,75.0,75.0,75.0,32.1,70.3,64.4,勾配力行 ↔ 惰行,惰行,32.1,-0.0,,75.0,75.0,75.0,,52.9,1.0,53.01,-0.06,2.0,-0.213,3.161,当面+2.0‰が続く,760m先でATC現示が75km/hから70km/hに低下する,0.0,0.0,1,1.0,先行列車なし,0,,0,0,0,後続列車なし,該当なし,該当なし,0,0,0,30,240,,,
79.5,early_coast_s0_a,0,0.915903,次駅への減速フェーズ（駅手前400m以内）,制動,7.8,惰行,61.5,2.5,30.66,75.0,75.0,75.0,30.7,70.3,64.4,勾配力行 ↔ 惰行,惰行,30.7,-0.0,,75.0,75.0,75.0,,48.6,0.5,48.65,-0.06,2.0,-0.209,3.164,当面+2.0‰が続く,756m先でATC現示が75km/hから70km/hに低下する,0.0,0.0,1,0.5,先行列車なし,0,,0,0,0,後続列車なし,該当なし,該当なし,0,0,0,30,240,,,
80.0,early_coast_s0_a,0,0.920065,次駅への減速フェーズ（駅手前400m以内）,制動,8.3,惰行,61.5,2.5,29.31,75.0,75.0,75.0,29.3,70.2,64.4,勾配力行 ↔ 惰行,惰行,29.3,-0.0,,75.0,75.0,75.0,,44.4,0.0,44.49,-0.06,2.0,-0.205,3.168,当面+2.0‰が続く,752m先でATC現示が75km/hから70km/hに低下する,0.0,0.0,1,0.0,先行列車なし,0,,0,0,0,後続列車なし,該当なし,該当なし,0,0,0,30,240,,,
80.5,early_coast_s0_a,0,0.92404,次駅への減速フェーズ（駅手前400m以内）,制動,8.8,惰行,61.5,2.5,27.96,75.0,75.0,75.0,28.0,70.2,64.4,勾配力行 ↔ 惰行,惰行,28.0,-0.0,,75.0,75.0,75.0,,40.5,0.0,40.51,-0.05,2.0,-0.202,3.172,当面+2.0‰が続く,748m先でATC現示が75km/hから70km/hに低下する,0.5,0.5,1,0.0,先行列車なし,0,,0,0,0,後続列車なし,該当なし,該当なし,0,0,0,30,240,,,
81.0,early_coast_s0_a,0,0.927827,次駅への減速フェーズ（駅手前400m以内）,制動,9.3,惰行,61.5,2.5,26.61,75.0,75.0,75.0,26.6,70.2,64.4,勾配力行 ↔ 惰行,惰行,26.6,-0.0,,75.0,75.0,75.0,,36.7,0.0,36.72,-0.05,2.0,-0.198,3.176,当面+2.0‰が続く,744m先でATC現示が75km/hから70km/hに低下する,1.0,1.0,1,0.0,先行列車なし,0,,0,0,0,後続列車なし,該当なし,該当なし,0,0,0,30,240,,,
81.5,early_coast_s0_a,0,0.931427,次駅への減速フェーズ（駅手前400m以内）,制動,9.8,惰行,61.5,2.5,25.26,75.0,75.0,75.0,25.3,70.2,64.4,勾配力行 ↔ 惰行,惰行,25.3,-0.0,,75.0,75.0,75.0,,33.1,0.0,33.12,-0.05,2.0,-0.195,3.179,当面+2.0‰が続く,740m先でATC現示が75km/hから70km/hに低下する,1.5,1.5,1,0.0,先行列車なし,0,,0,0,0,後続列車なし,該当なし,該当なし,0,0,0,30,240,,,
82.0,early_coast_s0_a,0,0.93484,次駅への減速フェーズ（駅手前400m以内）,制動,10.3,惰行,61.5,2.5,23.91,75.0,75.0,75.0,24.0,70.2,64.4,勾配力行 ↔ 惰行,惰行,24.0,-0.0,,75.0,75.0,75.0,,29.7,0.0,29.71,-0.05,2.0,-0.191,3.183,当面+2.0‰が続く,737m先でATC現示が75km/hから70km/hに低下する,2.0,2.0,1,0.0,先行列車なし,0,,0,0,0,後続列車なし,該当なし,該当なし,0,0,0,30,240,,,
82.5,early_coast_s0_a,0,0.938066,次駅への減速フェーズ（駅手前400m以内）,制動,10.8,惰行,61.5,2.5,22.57,75.0,75.0,75.0,22.6,70.2,64.4,勾配力行 ↔ 惰行,惰行,22.6,-0.0,,75.0,75.0,75.0,,26.4,0.0,26.48,-0.05,2.0,-0.188,3.186,当面+2.0‰が続く,734m先でATC現示が75km/hから70km/hに低下する,2.5,2.5,1,0.0,先行列車なし,0,,0,0,0,後続列車なし,該当なし,該当なし,0,0,0,30,240,,,
83.0,early_coast_s0_a,0,0.941105,次駅への減速フェーズ（駅手前400m以内）,制動,11.3,惰行,61.5,2.5,21.22,75.0,75.0,75.0,21.3,70.2,64.4,勾配力行 ↔ 惰行,惰行,21.3,-0.1,,75.0,75.0,75.0,,23.4,0.0,23.44,-0.04,2.0,-0.184,3.189,当面+2.0‰が続く,731m先でATC現示が75km/hから70km/hに低下する,3.0,3.0,1,0.0,先行列車なし,0,,0,0,0,後続列車なし,該当なし,該当なし,0,0,0,30,240,,,
83.5,early_coast_s0_a,0,0.943958,次駅への減速フェーズ（駅手前400m以内）,制動,11.8,惰行,61.5,2.5,19.88,75.0,75.0,75.0,19.9,70.2,64.4,勾配力行 ↔ 惰行,惰行,19.9,-0.1,,75.0,75.0,75.0,,20.5,0.0,20.58,-0.04,2.0,-0.181,3.192,当面+2.0‰が続く,728m先でATC現示が75km/hから70km/hに低下する,3.5,3.5,1,0.0,先行列車なし,0,,0,0,0,後続列車なし,該当なし,該当なし,0,0,0,30,240,,,
84.0,early_coast_s0_a,0,0.946624,次駅への減速フェーズ（駅手前400m以内）,制動,12.3,惰行,61.5,2.5,18.54,75.0,75.0,75.0,18.6,70.2,64.4,勾配力行 ↔ 惰行,惰行,18.6,-0.1,,75.0,75.0,75.0,,17.9,0.0,17.92,-0.04,2.0,-0.178,3.195,当面+2.0‰が続く,725m先でATC現示が75km/hから70km/hに低下する,4.0,4.0,1,0.0,先行列車なし,0,,0,0,0,後続列車なし,該当なし,該当なし,0,0,0,30,240,,,
84.5,early_coast_s0_a,0,0.949105,次駅への減速フェーズ（駅手前400m以内）,制動,12.8,惰行,61.5,2.5,17.2,75.0,75.0,75.0,17.3,70.2,64.4,勾配力行 ↔ 惰行,惰行,17.3,-0.1,,75.0,75.0,75.0,,15.4,0.0,15.43,-0.04,2.0,-0.175,3.198,当面+2.0‰が続く,723m先でATC現示が75km/hから70km/hに低下する,4.5,4.5,1,0.0,先行列車なし,0,,0,0,0,後続列車なし,該当なし,該当なし,0,0,0,30,240,,,
85.0,early_coast_s0_a,0,0.951399,次駅への減速フェーズ（駅手前400m以内）,制動,13.3,惰行,61.5,2.5,15.87,75.0,75.0,75.0,15.9,70.2,64.4,勾配力行 ↔ 惰行,惰行,15.9,-0.1,,75.0,75.0,75.0,,13.1,0.0,13.14,-0.04,2.0,-0.172,3.201,当面+2.0‰が続く,720m先でATC現示が75km/hから70km/hに低下する,5.0,5.0,1,0.0,先行列車なし,0,,0,0,0,後続列車なし,該当なし,該当なし,0,0,0,30,240,,,
85.5,early_coast_s0_a,0,0.953509,次駅への減速フェーズ（駅手前400m以内）,制動,13.8,惰行,61.5,2.5,14.53,75.0,75.0,75.0,14.6,70.2,64.4,勾配力行 ↔ 惰行,惰行,14.6,-0.1,,75.0,75.0,75.0,,11.0,0.0,11.03,-0.03,2.0,-0.169,3.204,当面+2.0‰が続く,718m先でATC現示が75km/hから70km/hに低下する,5.5,5.5,1,0.0,先行列車なし,0,,0,0,0,後続列車なし,該当なし,該当なし,0,0,0,30,240,,,
86.0,early_coast_s0_a,0,0.955432,次駅への減速フェーズ（駅手前400m以内）,制動,14.3,惰行,61.5,2.5,13.2,75.0,75.0,75.0,13.3,70.2,64.4,勾配力行 ↔ 惰行,惰行,13.3,-0.1,,75.0,75.0,75.0,,9.1,0.0,9.1,-0.03,2.0,-0.167,3.207,当面+2.0‰が続く,716m先でATC現示が75km/hから70km/hに低下する,6.0,6.0,1,0.0,先行列車なし,0,,0,0,0,後続列車なし,該当なし,該当なし,0,0,0,30,240,,,
86.5,early_coast_s0_a,0,0.957171,次駅への減速フェーズ（駅手前400m以内）,制動,14.8,惰行,61.5,2.5,11.87,75.0,75.0,75.0,12.0,70.2,64.4,勾配力行 ↔ 惰行,惰行,12.0,-0.1,,75.0,75.0,75.0,,7.3,0.0,7.36,-0.03,2.0,-0.164,3.21,当面+2.0‰が続く,715m先でATC現示が75km/hから70km/hに低下する,6.5,6.5,1,0.0,先行列車なし,0,,0,0,0,後続列車なし,該当なし,該当なし,0,0,0,30,240,,,
87.0,early_coast_s0_a,0,0.958725,次駅への減速フェーズ（駅手前400m以内）,制動,15.3,惰行,61.5,2.5,10.53,75.0,75.0,75.0,10.6,70.2,64.4,勾配力行 ↔ 惰行,惰行,10.6,-0.1,,75.0,75.0,75.0,,5.8,0.0,5.8,-0.03,2.0,-0.162,3.212,当面+2.0‰が続く,713m先でATC現示が75km/hから70km/hに低下する,7.0,7.0,1,0.0,先行列車なし,0,,0,0,0,後続列車なし,該当なし,該当なし,0,0,0,30,240,,,
87.5,early_coast_s0_a,0,0.960093,次駅への減速フェーズ（駅手前400m以内）,制動,15.8,惰行,61.5,2.5,9.2,75.0,75.0,75.0,9.3,70.2,64.4,勾配力行 ↔ 惰行,惰行,9.3,-0.1,,75.0,75.0,75.0,,4.4,0.0,4.43,-0.03,2.0,-0.159,3.215,当面+2.0‰が続く,712m先でATC現示が75km/hから70km/hに低下する,7.5,7.5,1,0.0,先行列車なし,0,,0,0,0,後続列車なし,該当なし,該当なし,0,0,0,30,240,,,
88.0,early_coast_s0_a,0,0.961278,次駅への減速フェーズ（駅手前400m以内）,制動,16.3,惰行,61.5,2.5,7.87,75.0,75.0,75.0,8.0,70.2,64.4,勾配力行 ↔ 惰行,惰行,8.0,-0.1,,75.0,75.0,75.0,,3.2,0.0,3.25,-0.02,2.0,-0.157,3.217,当面+2.0‰が続く,711m先でATC現示が75km/hから70km/hに低下する,8.0,8.0,1,0.0,先行列車なし,0,,0,0,0,後続列車なし,該当なし,該当なし,0,0,0,30,240,,,
88.5,early_coast_s0_a,0,0.962277,次駅への減速フェーズ（駅手前400m以内）,制動,16.8,惰行,61.5,2.5,6.55,75.0,75.0,75.0,6.7,70.2,64.3,勾配力行 ↔ 惰行,惰行,6.7,-0.2,,75.0,75.0,75.0,,2.2,0.0,2.25,-0.02,2.0,-0.154,3.219,当面+2.0‰が続く,710m先でATC現示が75km/hから70km/hに低下する,8.5,8.5,1,0.0,先行列車なし,0,,0,0,0,後続列車なし,該当なし,該当なし,0,0,0,30,240,,,
89.0,early_coast_s0_a,0,0.963093,次駅への減速フェーズ（駅手前400m以内）,制動,17.3,惰行,61.5,2.5,5.22,75.0,75.0,75.0,5.4,70.2,64.3,勾配力行 ↔ 惰行,惰行,5.4,-0.2,,75.0,75.0,75.0,,1.4,0.0,1.43,-0.02,2.0,-0.152,3.222,当面+2.0‰が続く,709m先でATC現示が75km/hから70km/hに低下する,9.0,9.0,1,0.0,先行列車なし,0,,0,0,0,後続列車なし,該当なし,該当なし,0,0,0,30,240,,,
89.5,early_coast_s0_a,0,0.963724,次駅への減速フェーズ（駅手前400m以内）,制動,17.8,惰行,61.5,2.5,3.89,75.0,75.0,75.0,4.2,70.2,64.3,勾配力行 ↔ 惰行,惰行,4.2,-0.3,,75.0,75.0,75.0,,0.8,0.0,0.8,-0.02,2.0,-0.15,3.224,当面+2.0‰が続く,708m先でATC現示が75km/hから70km/hに低下する,9.5,9.5,1,0.0,先行列車なし,0,,0,0,0,後続列車なし,該当なし,該当なし,0,0,0,30,240,,,
90.0,early_coast_s0_a,0,0.964171,次駅への減速フェーズ（駅手前400m以内）,制動,18.3,惰行,61.5,2.5,2.57,75.0,75.0,75.0,3.0,70.2,64.3,勾配力行 ↔ 惰行,惰行,3.0,-0.4,,75.0,75.0,75.0,,0.3,0.0,0.35,-0.02,2.0,-0.148,3.226,当面+2.0‰が続く,708m先でATC現示が75km/hから70km/hに低下する,10.0,10.0,1,0.0,先行列車なし,0,,0,0,0,後続列車なし,該当なし,該当なし,0,0,0,30,240,,,
90.5,early_coast_s0_a,0,0.964434,次駅への減速フェーズ（駅手前400m以内）,制動,18.8,惰行,61.5,2.5,1.25,75.0,75.0,75.0,1.9,70.2,64.3,勾配力行 ↔ 惰行,惰行,1.9,-0.7,,75.0,75.0,75.0,,0.1,0.0,0.08,-0.02,2.0,-0.146,3.228,当面+2.0‰が続く,707m先でATC現示が75km/hから70km/hに低下する,10.5,10.5,1,0.0,先行列車なし,0,,0,0,0,後続列車なし,該当なし,該当なし,0,0,0,30,240,,,
0.0,early_coast_s0_b,0,0.0,駅出発直後の加速フェーズ（20秒以内）,力行,0.0,なし（または停止）,0.0,0.0,0.0,45.0,45.0,45.0,0.0,39.8,34.5,惰行 ↔ 勾配ブレーキ,惰行,0.0,0.0,49.4,75.0,45.0,45.0,,964.5,80.0,0.0,964.5,-5.0,0.103,3.476,80m先で勾配が-5.0‰から-14.2‰に変わる,前方に現示の低下なし,0.0,0.0,1,80.0,先行列車なし,0,,0,0,0,後続列車なし,該当なし,該当なし,0,0,0,30,240,,,
1.0,early_coast_s0_b,0,0.000487,駅出発直後の加速フェーズ（20秒以内）,力行,1.0,なし（または停止）,0.0,0.0,3.47,45.0,45.0,45.0,3.5,39.8,34.5,惰行 ↔ 勾配ブレーキ,惰行,3.5,-0.0,50.2,75.0,45.0,45.0,,964.0,79.0,0.7,963.31,-5.0,0.098,3.471,80m先で勾配が-5.0‰から-14.2‰に変わる,前方に現示の低下なし,0.0,0.0,1,79.0,先行列車なし,0,,0,0,0,後続列車なし,該当なし,該当なし,0,0,0,30,240,,,
2.0,early_coast_s0_b,0,0.001939,駅出発直後の加速フェーズ（20秒以内）,力行,2.0,なし（または停止）,0.0,0.0,6.94,45.0,45.0,45.0,6.9,39.8,34.5,惰行 ↔ 勾配ブレーキ,惰行,6.9,-0.0,51.0,75.0,45.0,45.0,,962.6,78.0,2.78,959.78,-5.0,0.092,3.466,80m先で勾配が-5.0‰から-14.2‰に変わる,前方に現示の低下なし,0.0,0.0,1,78.0,先行列車なし,0,,0,0,0,後続列車なし,該当なし,該当なし,0,0,0,30,240,,,
3.0,early_coast_s0_b,0,0.004353,駅出発直後の加速フェーズ（20秒以内）,力行,3.0,なし（または停止）,0.0,0.0,10.4,45.0,45.0,45.0,10.4,39.8,34.5,惰行 ↔ 勾配ブレーキ,惰行,10.4,-0.0,51.8,75.0,45.0,45.0,,960.1,77.0,6.24,953.9,-5.0,0.086,3.459,75m先で勾配が-5.0‰から-14.2‰に変わる,前方に現示の低下なし,0.0,0.0,1,77.0,先行列車なし,0,,0,0,0,後続列車なし,該当なし,該当なし,0,0,0,30,240,,,
4.0,early_coast_s0_b,0,0.007729,駅出発直後の加速フェーズ（20秒以内）,力行,4.0,なし（または停止）,0.0,0.0,13.86,45.0,45.0,45.0,13.9,39.8,34.5,惰行 ↔ 勾配ブレーキ,惰行,13.9,0.0,52.3,75.0,45.0,45.0,,956.8,76.0,11.06,945.71,-5.0,0.079,3.453,70m先で勾配が-5.0‰から-14.2‰に変わる,前方に現示の低下なし,0.0,0.0,1,76.0,先行列車なし,0,,0,0,0,後続列車なし,該当なし,該当なし,0,0,0,30,240,,,
5.0,early_coast_s0_b,0,0.012063,駅出発直後の加速フェーズ（20秒以内）,力行,5.0,なし（または停止）,0.0,0.0,17.31,45.0,45.0,45.0,17.3,39.8,34.5,惰行 ↔ 勾配ブレーキ,惰行,17.3,0.0,53.0,75.0,45.0,45.0,,952.4,75.0,17.22,935.22,-5.0,0.072,3.445,70m先で勾配が-5.0‰から-14.2‰に変わる,前方に現示の低下なし,0.0,0.0,1,75.0,先行列車なし,0,,0,0,0,後続列車なし,該当なし,該当なし,0,0,0,30,240,,,
6.0,early_coast_s0_b,0,0.017354,駅出発直後の加速フェーズ（20秒以内）,力行,6.0,なし（または停止）,0.0,0.0,20.75,70.0,70.0,70.0,20.8,64.8,59.6,惰行 ↔ 勾配ブレーキ,惰行,20.8,-0.0,53.4,75.0,56.9,56.9,,947.1,74.0,24.7,922.45,-5.0,0.064,3.437,65m先で勾配が-5.0‰から-14.2‰に変わる,前方に現示の低下なし,0.0,0.0,1,74.0,先行列車なし,0,,0,0,0,後続列車なし,該当なし,該当なし,0,0,0,30,240,,,
7.0,early_coast_s0_b,0,0.0236,駅出発直後の加速フェーズ（20秒以内）,力行,7.0,なし（または停止）,0.0,0.0,24.18,70.0,70.0,70.0,24.2,64.9,59.6,惰行 ↔ 勾配ブレーキ,惰行,24.2,-0.0,54.2,75.0,56.9,56.9,,940.9,73.0,33.48,907.42,-5.0,0.055,3.429,55m先で勾配が-5.0‰から-14.2‰に変わる,前方に現示の低下なし,0.0,0.0,1,73.0,先行列車なし,0,,0,0,0,後続列車なし,該当なし,該当なし,0,0,0,30,240,,,
8.0,early_coast_s0_b,0,0.030799,駅出発直後の加速フェーズ（20秒以内）,力行,8.0,なし（または停止）,0.0,0.0,27.61,70.0,70.0,70.0,27.6,64.9,64.3,惰行 ↔ 勾配ブレーキ,惰行,27.6,0.0,54.5,75.0,56.9,56.9,,933.7,72.0,43.53,890.17,-5.0,0.046,3.42,50m先で勾配が-5.0‰から-14.2‰に変わる,前方に現示の低下なし,0.0,0.0,1,72.0,先行列車なし,0,,0,0,0,後続列車なし,該当なし,該当なし,0,0,0,30,240,,,
9.0,early_coast_s0_b,0,0.038947,駅出発直後の加速フェーズ（20秒以内）,力行,9.0,なし（または停止）,0.0,0.0,31.02,70.0,70.0,70.0,31.0,64.9,59.9,惰行 ↔ 勾配ブレーキ,惰行,31.0,-0.0,55.1,75.0,56.9,56.9,,925.6,71.0,57.36,868.2,-5.0,0.037,3.41,40m先で勾配が-5.0‰から-14.2‰に変わる,前方に現示の低下なし,0.0,0.0,1,71.0,先行列車なし,0,,0,0,0,後続列車なし,該当なし,該当なし,0,0,0,30,240,,,
10.0,early_coast_s0_b,0,0.048043,駅出発直後の加速フェーズ（20秒以内）,力行,10.0,なし（または停止）,0.0,0.0,34.43,70.0,70.0,70.0,34.4,64.9,60.3,惰行 ↔ 勾配ブレーキ,惰行,34.4,0.0,55.7,75.0,56.9,56.9,,916.5,70.0,73.2,843.25,-5.0,0.027,3.4,30m先で勾配が-5.0‰から-14.2‰に変わる,前方に現示の低下なし,0.0,0.0,1,70.0,先行列車なし,0,,0,0,0,後続列車なし,該当なし,該当なし,0,0,0,30,240,,,
11.0,early_coast_s0_b,0,0.058083,駅出発直後の加速フェーズ（20秒以内）,力行,11.0,なし（または停止）,0.0,0.0,37.82,70.0,70.0,70.0,37.8,64.9,60.6,惰行 ↔ 勾配ブレーキ,惰行,37.8,-0.0,56.0,75.0,56.9,56.9,,906.4,69.0,90.54,815.88,-5.0,0.016,3.39,20m先で勾配が-5.0‰から-14.2‰に変わる,前方に現示の低下なし,0.0,0.0,1,69.0,先行列車なし,0,,0,0,0,後続列車なし,該当なし,該当なし,0,0,0,30,240,,,
12.0,early_coast_s0_b,0,0.069064,駅出発直後の加速フェーズ（20秒以内）,力行,12.0,なし（または停止）,0.0,0.0,41.19,70.0,70.0,70.0,41.2,65.1,61.1,惰行 ↔ 勾配ブレーキ,惰行,41.2,-0.0,56.5,75.0,56.9,56.9,,895.4,68.0,109.65,785.79,-5.0,0.005,3.281,10m先で勾配が-5.0‰から-14.2‰に変わる,前方に現示の低下なし,0.0,0.0,1,68.0,先行列車なし,0,,0,0,0,後続列車なし,該当なし,該当なし,0,0,0,30,240,,,
13.0,early_coast_s0_b,0,0.080959,駅出発直後の加速フェーズ（20秒以内）,力行,13.0,なし（または停止）,0.0,0.0,44.44,70.0,70.0,70.0,44.4,65.0,61.3,惰行 ↔ 勾配ブレーキ,惰行,44.4,0.0,56.6,75.0,56.9,56.9,,883.5,67.0,129.84,753.7,-14.2,0.318,3.355,90m先で勾配が-14.2‰から-16.3‰に変わる,前方に現示の低下なし,0.0,0.0,1,67.0,先行列車なし,0,,0,0,0,後続列車なし,該当なし,該当なし,0,0,0,30,240,,,
14.0,early_coast_s0_b,0,0.093763,駅出発直後の加速フェーズ（20秒以内）,力行,14.0,なし（または停止）,0.0,0.0,47.68,70.0,70.0,70.0,47.7,65.3,61.6,惰行 ↔ 勾配ブレーキ,惰行,47.7,0.0,56.9,75.0,56.9,56.9,,870.7,66.0,149.97,720.77,-14.2,0.307,3.137,75m先で勾配が-14.2‰から-16.3‰に変わる,前方に現示の低下なし,0.0,0.0,1,66.0,先行列車なし,0,,0,0,0,後続列車なし,該当なし,該当なし,0,0,0,30,240,,,
15.0,early_coast_s0_b,0,0.107331,駅出発直後の加速フェーズ（20秒以内）,惰行,0.5,力行,14.5,2.74,49.29,70.0,70.0,70.0,48.9,65.4,61.8,惰行 ↔ 勾配ブレーキ,惰行,48.9,0.4,56.9,75.0,57.3,57.3,,857.2,65.0,160.67,696.5,-14.2,0.301,3.038,65m先で勾配が-14.2‰から-16.3‰に変わる,前方に現示の低下なし,0.0,0.0,1,65.0,先行列車なし,0,,0,0,0,後続列車なし,該当なし,該当なし,0,0,0,30,240,,,
16.0,early_coast_s0_b,0,0.121066,駅出発直後の加速フェーズ（20秒以内）,惰行,1.5,力行,14.5,2.72,49.59,70.0,70.0,70.0,49.2,65.5,61.8,惰行 ↔ 勾配ブレーキ,惰行,49.2,0.4,57.0,75.0,57.4,57.4,,843.4,64.0,163.09,680.34,-14.2,0.3,3.021,50m先で勾配が-14.2‰から-16.3‰に変わる,前方に現示の低下なし,0.0,0.0,1,64.0,先行列車なし,0,,0,0,0,後続列車なし,該当なし,該当なし,0,0,0,30,240,,,
17.0,early_coast_s0_b,0,0.134884,駅出発直後の加速フェーズ（20秒以内）,惰行,2.5,力行,14.5,2.7,49.89,75.0,75.0,75.0,49.5,70.5,66.9,惰行 ↔ 勾配ブレーキ,惰行,49.5,0.4,57.8,75.0,57.6,57.6,,829.6,63.0,165.56,664.06,-14.2,0.299,3.003,35m先で勾配が-14.2‰から-16.3‰に変わる,前方に現示の低下なし,0.0,0.0,1,63.0,先行列車なし,0,,0,0,0,後続列車なし,該当なし,該当なし,0,0,0,30,240,,,
18.0,early_coast_s0_b,0,0.148786,駅出発直後の加速フェーズ（20秒以内）,惰行,3.5,力行,14.5,2.69,50.19,75.0,75.0,75.0,49.8,70.5,67.1,惰行 ↔ 勾配ブレーキ,惰行,49.8,0.4,57.8,75.0,57.8,57.8,,815.7,62.0,167.96,647.75,-14.2,0.298,2.986,20m先で勾配が-14.2‰から-16.3‰に変わる,前方に現示の低下なし,0.0,0.0,1,62.0,先行列車なし,0,,0,0,0,後続列車なし,該当なし,該当なし,0,0,0,30,240,,,
19.0,early_coast_s0_b,0,0.16277,駅出発直後の加速フェーズ（20秒以内）,惰行,4.5,力行,14.5,2.67,50.49,75.0,75.0,75.0,50.1,70.5,67.2,惰行 ↔ 勾配ブレーキ,惰行,50.1,0.4,57.8,75.0,58.1,58.1,,801.7,61.0,170.44,631.29,-14.2,0.296,2.969,5m先で勾配が-14.2‰から-16.3‰に変わる,前方に現示の低下なし,0.0,0.0,1,61.0,先行列車なし,0,,0,0,0,後続列車なし,該当なし,該当なし,0,0,0,30,240,,,
20.0,early_coast_s0_b,0,0.17684,巡航フェーズ（駅間走行中）,惰行,5.5,力行,14.5,2.65,50.83,75.0,75.0,75.0,50.5,70.5,67.2,惰行 ↔ 勾配ブレーキ,惰行,50.5,0.4,57.8,75.0,57.8,57.8,,787.7,60.0,172.89,614.77,-16.3,0.369,3.024,535m先で勾配が-16.3‰から+2.0‰に変わる,前方に現示の低下なし,0.0,0.0,1,60.0,先行列車なし,0,,0,0,0,後続列車なし,該当なし,該当なし,0,0,0,30,240,,,
21.0,early_coast_s0_b,0,0.191013,巡航フェーズ（駅間走行中）,惰行,6.5,力行,14.5,2.64,51.2,75.0,75.0,75.0,50.8,70.5,67.2,惰行 ↔ 勾配ブレーキ,惰行,50.8,0.4,57.8,75.0,58.7,58.7,,773.5,59.0,175.34,598.15,-16.3,0.368,3.003,520m先で勾配が-16.3‰から+2.0‰に変わる,前方に現示の低下なし,0.0,0.0,1,59.0,先行列車なし,0,,0,0,0,後続列車なし,該当なし,該当なし,0,0,0,30,240,,,
22.0,early_coast_s0_b,0,0.205287,巡航フェーズ（駅間走行中）,惰行,7.5,力行,14.5,2.62,51.57,75.0,75.0,75.0,51.2,70.5,67.2,惰行 ↔ 勾配ブレーキ,惰行,51.2,0.4,58.1,75.0,58.7,58.7,,759.2,58.0,177.79,581.42,-16.3,0.366,2.983,505m先で勾配が-16.3‰から+2.0‰に変わる,前方に現示の低下なし,0.0,0.0,1,58.0,先行列車なし,0,,0,0,0,後続列車なし,該当なし,該当なし,0,0,0,30,240,,,
23.0,early_coast_s0_b,0,0.219663,巡航フェーズ（駅間走行中）,惰行,8.5,力行,14.5,2.6,51.94,75.0,75.0,75.0,51.6,70.6,67.3,惰行 ↔ 勾配ブレーキ,惰行,51.6,0.4,58.7,75.0,58.7,58.7,,744.8,57.0,180.25,564.58,-16.3,0.365,2.963,490m先で勾配が-16.3‰から+2.0‰に変わる,前方に現示の低下なし,0.0,0.0,1,57.0,先行列車なし,0,,0,0,0,後続列車なし,該当なし,該当なし,0,0,0,30,240,,,
24.0,early_coast_s0_b,0,0.234141,巡航フェーズ（駅間走行中）,惰行,9.5,力行,14.5,2.58,52.3,75.0,75.0,75.0,51.9,70.6,67.3,惰行 ↔ 勾配ブレーキ,惰行,51.9,0.3,58.7,75.0,58.9,58.9,,730.4,56.0,182.72,547.64,-16.3,0.364,2.944,475m先で勾配が-16.3‰から+2.0‰に変わる,前方に現示の低下なし,0.0,0.0,1,56.0,先行列車なし,0,,0,0,0,後続列車なし,該当なし,該当なし,0,0,0,30,240,,,
25.0,early_coast_s0_b,0,0.248719,巡航フェーズ（駅間走行中）,惰行,10.5,力行,14.5,2.56,52.66,75.0,75.0,75.0,52.3,70.6,67.3,惰行 ↔ 勾配ブレーキ,惰行,52.3,0.3,59.0,75.0,59.4,59.4,,715.8,55.0,185.2,530.58,-16.3,0.362,2.925,460m先で勾配が-16.3‰から+2.0‰に変わる,前方に現示の低下なし,0.0,0.0,1,55.0,先行列車なし,0,,0,0,0,後続列車なし,該当なし,該当なし,0,0,0,30,240,,,
26.0,early_coast_s0_b,0,0.263398,巡航フェーズ（駅間走行中）,惰行,11.5,力行,14.5,2.55,53.02,75.0,75.0,75.0,52.7,70.6,67.3,惰行 ↔ 勾配ブレーキ,惰行,52.7,0.3,59.5,75.0,59.5,59.5,,701.1,54.0,187.68,513.42,-16.3,0.361,2.906,445m先で勾配が-16.3‰から+2.0‰に変わる,前方に現示の低下なし,0.0,0.0,1,54.0,先行列車なし,0,,0,0,0,後続列車なし,該当なし,該当なし,0,0,0,30,240,,,
27.0,early_coast_s0_b,0,0.278178,巡航フェーズ（駅間走行中）,惰行,12.5,力行,14.5,2.53,53.38,75.0,75.0,75.0,53.0,70.7,67.4,惰行 ↔ 勾配ブレーキ,惰行,53.0,0.3,59.5,75.0,59.5,59.5,,686.3,53.0,190.17,496.16,-16.3,0.359,2.887,430m先で勾配が-16.3‰から+2.0‰に変わる,前方に現示の低下なし,0.0,0.0,1,53.0,先行列車なし,0,,0,0,0,後続列車なし,該当なし,該当なし,0,0,0,30,240,,,
28.0,early_coast_s0_b,0,0.293057,巡航フェーズ（駅間走行中）,惰行,13.5,力行,14.5,2.51,53.74,75.0,75.0,75.0,53.4,70.7,67.4,惰行 ↔ 勾配ブレーキ,惰行,53.4,0.3,59.5,75.0,59.5,59.5,,671.4,52.0,192.66,478.79,-16.3,0.358,2.869,415m先で勾配が-16.3‰から+2.0‰に変わる,前方に現示の低下なし,0.0,0.0,1,52.0,先行列車なし,0,,0,0,0,後続列車なし,該当なし,該当なし,0,0,0,30,240,,,
29.0,early_coast_s0_b,0,0.308035,巡航フェーズ（駅間走行中）,惰行,14.5,力行,14.5,2.49,54.1,75.0,75.0,75.0,53.8,70.7,67.4,惰行 ↔ 勾配ブレーキ,惰行,53.8,0.3,59.5,75.0,60.1,60.1,,656.5,51.0,195.15,461.31,-16.3,0.356,2.851,400m先で勾配が-16.3‰から+2.0‰に変わる,前方に現示の低下なし,0.0,0.0,1,51.0,先行列車なし,0,,0,0,0,後続列車なし,該当なし,該当なし,0,0,0,30,240,,,
30.0,early_coast_s0_b,0,0.323113,巡航フェーズ（駅間走行中）,惰行,15.5,力行,14.5,2.48,54.46,75.0,75.0,75.0,54.1,70.8,67.5,惰行 ↔ 勾配ブレーキ,惰行,54.1,0.3,60.1,75.0,59.5,59.5,,641.4,50.0,197.66,443.73,-16.3,0.355,2.833,385m先で勾配が-16.3‰から+2.0‰に変わる,前方に現示の低下なし,0.0,0.0,1,50.0,先行列車なし,0,,0,0,0,後続列車なし,該当なし,該当なし,0,0,0,30,240,,,
31.0,early_coast_s0_b,0,0.338289,巡航フェーズ（駅間走行中）,惰行,16.5,力行,14.5,2.46,54.81,75.0,75.0,75.0,54.5,70.8,67.5,惰行 ↔ 勾配ブレーキ,惰行,54.5,0.3,60.4,75.0,60.4,60.4,,626.2,49.0,200.16,426.05,-16.3,0.354,2.816,370m先で勾配が-16.3‰から+2.0‰に変わる,前方に現示の低下なし,0.0,0.0,1,49.0,先行列車なし,0,,0,0,0,後続列車なし,該当なし,該当なし,0,0,0,30,240,,,
32.0,early_coast_s0_b,0,0.353563,巡航フェーズ（駅間走行中）,惰行,17.5,力行,14.5,2.45,55.16,75.0,75.0,75.0,54.8,70.8,67.5,惰行 ↔ 勾配ブレーキ,惰行,54.8,0.3,60.4,75.0,60.4,60.4,,610.9,48.0,202.67,408.26,-16.3,0.352,2.799,355m先で勾配が-16.3‰から+2.0‰に変わる,前方に現示の低下なし,0.0,0.0,1,48.0,先行列車なし,0,,0,0,0,後続列車なし,該当なし,該当なし,0,0,0,30,240,,,
33.0,early_coast_s0_b,0,0.368936,巡航フェーズ（駅間走行中）,惰行,18.5,力行,14.5,2.43,55.51,75.0,75.0,75.0,55.2,70.8,67.5,惰行 ↔ 勾配ブレーキ,惰行,55.2,0.3,60.4,75.0,60.4,60.4,,595.6,47.0,205.19,390.38,-16.3,0.351,2.782,340m先で勾配が-16.3‰から+2.0‰に変わる,前方に現示の低下なし,0.0,0.0,1,47.0,先行列車なし,0,,0,0,0,後続列車なし,該当なし,該当なし,0,0,0,30,240,,,
34.0,early_coast_s0_b,0,0.384405,巡航フェーズ（駅間走行中）,惰行,19.5,力行,14.5,2.42,55.86,75.0,75.0,75.0,55.5,70.9,67.6,惰行 ↔ 勾配ブレーキ,惰行,55.5,0.3,61.2,75.0,61.2,61.2,,580.1,46.0,207.71,372.39,-16.3,0.349,2.765,325m先で勾配が-16.3‰から+2.0‰に変わる,前方に現示の低下なし,0.0,0.0,1,46.0,先行列車なし,0,,0,0,0,後続列車なし,該当なし,該当なし,0,0,0,30,240,,,
35.0,early_coast_s0_b,0,0.399972,巡航フェーズ（駅間走行中）,惰行,20.5,力行,14.5,2.4,56.21,75.0,75.0,75.0,55.9,70.9,67.6,惰行 ↔ 勾配ブレーキ,惰行,55.9,0.3,61.2,75.0,61.2,61.2,,564.5,45.0,210.23,354.3,-16.3,0.348,2.749,310m先で勾配が-16.3‰から+2.0‰に変わる,前方に現示の低下なし,0.0,0.0,1,45.0,先行列車なし,0,,0,0,0,後続列車なし,該当なし,該当なし,0,0,0,30,240,,,
36.0,early_coast_s0_b,0,0.415636,巡航フェーズ（駅間走行中）,惰行,21.5,力行,14.5,2.39,56.56,75.0,75.0,75.0,56.3,70.9,67.6,惰行 ↔ 勾配ブレーキ,惰行,56.3,0.3,61.2,75.0,61.2,61.2,,548.9,44.0,212.76,336.11,-16.3,0.347,2.732,295m先で勾配が-16.3‰から+2.0‰に変わる,前方に現示の低下なし,0.0,0.0,1,44.0,先行列車なし,0,,0,0,0,後続列車なし,該当なし,該当なし,0,0,0,30,240,,,
37.0,early_coast_s0_b,0,0.431395,巡航フェーズ（駅間走行中）,惰行,22.5,力行,14.5,2.37,56.91,75.0,75.0,75.0,56.6,70.9,67.6,惰行 ↔ 勾配ブレーキ,惰行,56.6,0.3,61.2,75.0,62.0,62.0,,533.1,43.0,215.29,317.82,-16.3,0.345,2.717,280m先で勾配が-16.3‰から+2.0‰に変わる,前方に現示の低下なし,0.0,0.0,1,43.0,先行列車なし,0,,0,0,0,後続列車なし,該当なし,該当なし,0,0,0,30,240,,,
38.0,early_coast_s0_b,0,0.447251,巡航フェーズ（駅間走行中）,惰行,23.5,力行,14.5,2.36,57.25,75.0,75.0,75.0,56.9,70.9,67.6,惰行 ↔ 勾配ブレーキ,惰行,56.9,0.3,61.2,75.0,61.2,61.2,,517.2,42.0,217.82,299.43,-16.3,0.344,2.701,265m先で勾配が-16.3‰から+2.0‰に変わる,前方に現示の低下なし,0.0,0.0,1,42.0,先行列車なし,0,,0,0,0,後続列車なし,該当なし,該当なし,0,0,0,30,240,,,
39.0,early_coast_s0_b,0,0.463202,巡航フェーズ（駅間走行中）,惰行,24.5,力行,14.5,2.34,57.59,75.0,75.0,75.0,57.3,71.0,67.7,惰行 ↔ 勾配ブレーキ,惰行,57.3,0.3,62.0,75.0,62.0,62.0,,501.3,41.0,220.36,280.94,-16.3,0.342,2.685,245m先で勾配が-16.3‰から+2.0‰に変わる,前方に現示の低下なし,0.0,0.0,1,41.0,先行列車なし,0,,0,0,0,後続列車なし,該当なし,該当なし,0,0,0,30,240,,,
40.0,early_coast_s0_b,0,0.479248,巡航フェーズ（駅間走行中）,惰行,25.5,力行,14.5,2.33,57.93,75.0,75.0,75.0,57.6,71.0,67.7,惰行 ↔ 勾配ブレーキ,惰行,57.6,0.3,62.0,75.0,62.0,62.0,,485.3,40.0,222.9,262.36,-16.3,0.341,2.67,230m先で勾配が-16.3‰から+2.0‰に変わる,前方に現示の低下なし,0.0,0.0,1,40.0,先行列車なし,0,,0,0,0,後続列車なし,該当なし,該当なし,0,0,0,30,240,,,
41.0,early_coast_s0_b,0,0.495389,巡航フェーズ（駅間走行中）,惰行,26.5,力行,14.5,2.32,58.28,75.0,75.0,75.0,58.0,71.0,67.7,惰行 ↔ 勾配ブレーキ,惰行,58.0,0.3,62.0,75.0,62.8,62.8,,469.1,39.0,222.26,246.85,-16.3,0.339,2.655,215m先で勾配が-16.3‰から+2.0‰に変わる,前方に現示の低下なし,0.0,0.0,1,39.0,先行列車なし,0,,0,0,0,後続列車なし,該当なし,該当なし,0,0,0,30,240,,,
42.0,early_coast_s0_b,0,0.511624,巡航フェーズ（駅間走行中）,惰行,27.5,力行,14.5,2.3,58.61,75.0,75.0,75.0,58.3,71.0,67.7,惰行 ↔ 勾配ブレーキ,惰行,58.3,0.3,62.0,75.0,62.0,62.0,,452.9,38.0,220.23,232.64,-16.3,0.338,2.64,200m先で勾配が-16.3‰から+2.0‰に変わる,前方に現示の低下なし,0.0,0.0,1,38.0,先行列車なし,0,,0,0,0,後続列車なし,該当なし,該当なし,0,0,0,30,240,,,
43.0,early_coast_s0_b,0,0.527953,巡航フェーズ（駅間走行中）,惰行,28.5,力行,14.5,2.29,58.95,75.0,75.0,75.0,58.7,71.1,67.8,惰行 ↔ 勾配ブレーキ,惰行,58.7,0.3,62.8,75.0,62.8,62.8,,436.5,37.0,218.34,218.21,-16.3,0.337,2.626,180m先で勾配が-16.3‰から+2.0‰に変わる,前方に現示の低下なし,0.0,0.0,1,37.0,先行列車なし,0,,0,0,0,後続列車なし,該当なし,該当なし,0,0,0,30,240,,,
44.0,early_coast_s0_b,0,0.544375,巡航フェーズ（駅間走行中）,惰行,29.5,力行,14.5,2.28,59.29,75.0,75.0,75.0,59.0,71.1,67.8,惰行 ↔ 勾配ブレーキ,惰行,59.0,0.3,63.7,75.0,63.7,63.7,,420.1,36.0,216.29,203.84,-16.3,0.335,2.611,165m先で勾配が-16.3‰から+2.0‰に変わる,前方に現示の低下なし,0.0,0.0,1,36.0,先行列車なし,0,,0,0,0,後続列車なし,該当なし,該当なし,0,0,0,30,240,,,
45.0,early_coast_s0_b,0,0.560891,巡航フェーズ（駅間走行中）,惰行,30.5,力行,14.5,2.26,59.62,75.0,75.0,75.0,59.3,71.1,67.8,惰行 ↔ 勾配ブレーキ,惰行,59.3,0.3,62.8,75.0,62.8,62.8,,403.6,35.0,214.41,189.2,-16.3,0.334,2.597,150m先で勾配が-16.3‰から+2.0‰に変わる,前方に現示の低下なし,0.0,0.0,1,35.0,先行列車なし,0,,0,0,0,後続列車なし,該当なし,該当なし,0,0,0,30,240,,,
46.0,early_coast_s0_b,0,0.577499,次駅への減速フェーズ（駅手前400m以内）,惰行,31.5,力行,14.5,2.25,59.95,75.0,75.0,75.0,59.7,71.1,67.8,惰行 ↔ 勾配ブレーキ,惰行,59.7,0.3,,75.0,63.7,63.7,,387.0,34.0,212.38,174.63,-16.3,0.332,2.583,135m先で勾配が-16.3‰から+2.0‰に変わる,前方に現示の低下なし,0.0,0.0,1,34.0,先行列車なし,0,,0,0,0,後続列車なし,該当なし,該当なし,0,0,0,30,240,,,
47.0,early_coast_s0_b,0,0.5942,次駅への減速フェーズ（駅手前400m以内）,惰行,32.5,力行,14.5,2.24,60.29,75.0,75.0,75.0,60.0,71.1,67.8,惰行 ↔ 勾配ブレーキ,惰行,60.0,0.3,,75.0,62.8,62.8,,370.3,33.0,210.61,159.69,-16.3,0.331,2.569,115m先で勾配が-16.3‰から+2.0‰に変わる,前方に現示の低下なし,0.0,0.0,1,33.0,先行列車なし,0,,0,0,0,後続列車なし,該当なし,該当なし,0,0,0,30,240,,,
48.0,early_coast_s0_b,0,0.610993,次駅への減速フェーズ（駅手前400m以内）,惰行,33.5,力行,14.5,2.23,60.62,75.0,75.0,75.0,60.3,71.2,67.9,惰行 ↔ 勾配ブレーキ,惰行,60.3,0.3,,75.0,65.2,65.2,,353.5,32.0,208.55,144.96,-16.3,0.33,2.556,100m先で勾配が-16.3‰から+2.0‰に変わる,前方に現示の低下なし,0.0,0.0,1,32.0,先行列車なし,0,,0,0,0,後続列車なし,該当なし,該当なし,0,0,0,30,240,,,
49.0,early_coast_s0_b,0,0.627877,次駅への減速フェーズ（駅手前400m以内）,惰行,34.5,力行,14.5,2.21,60.95,75.0,75.0,75.0,60.7,71.2,67.9,惰行 ↔ 勾配ブレーキ,惰行,60.7,0.3,,75.0,65.2,65.2,,336.6,31.0,206.57,130.05,-16.3,0.328,2.542,80m先で勾配が-16.3‰から+2.0‰に変わる,前方に現示の低下なし,0.0,0.0,1,31.0,先行列車なし,0,,0,0,0,後続列車なし,該当なし,該当なし,0,0,0,30,240,,,
50.0,early_coast_s0_b,0,0.644852,次駅への減速フェーズ（駅手前400m以内）,惰行,35.5,力行,14.5,2.2,61.27,75.0,75.0,75.0,61.0,71.2,67.9,惰行 ↔ 勾配ブレーキ,惰行,61.0,0.3,,75.0,75.0,75.0,,319.6,30.0,204.75,114.89,-16.3,0.327,2.529,65m先で勾配が-16.3‰から+2.0‰に変わる,前方に現示の低下なし,0.0,0.0,1,30.0,先行列車なし,0,,0,0,0,後続列車なし,該当なし,該当なし,0,0,0,30,240,,,
51.0,early_coast_s0_b,0,0.661919,次駅への減速フェーズ（駅手前400m以内）,惰行,36.5,力行,14.5,2.19,61.6,75.0,75.0,75.0,61.3,71.2,67.9,惰行 ↔ 勾配ブレーキ,惰行,61.3,0.3,,75.0,75.0,75.0,,302.6,29.0,202.74,99.84,-16.3,0.325,2.516,50m先で勾配が-16.3‰から+2.0‰に変わる,前方に現示の低下なし,0.0,0.0,1,29.0,先行列車なし,0,,0,0,0,後続列車なし,該当なし,該当なし,0,0,0,30,240,,,
52.0,early_coast_s0_b,0,0.679075,次駅への減速フェーズ（駅手前400m以内）,惰行,37.5,力行,14.5,2.18,61.92,75.0,75.0,75.0,61.7,71.2,66.7,惰行 ↔ 勾配ブレーキ,惰行,61.7,0.3,,75.0,75.0,75.0,,285.4,28.0,200.53,84.89,-16.3,0.324,2.503,30m先で勾配が-16.3‰から+2.0‰に変わる,993m先でATC現示が75km/hから70km/hに低下する,0.0,0.0,1,28.0,先行列車なし,0,,0,0,0,後続列車なし,該当なし,該当なし,0,0,0,30,240,,,
53.0,early_coast_s0_b,0,0.696322,次駅への減速フェーズ（駅手前400m以内）,惰行,38.5,力行,14.5,2.17,62.25,75.0,75.0,75.0,62.0,71.3,64.5,勾配力行 ↔ 惰行,惰行,62.0,0.3,,75.0,75.0,75.0,,268.2,27.0,198.59,69.59,-16.3,0.323,2.49,15m先で勾配が-16.3‰から+2.0‰に変わる,975m先でATC現示が75km/hから70km/hに低下する,0.0,0.0,1,27.0,先行列車なし,0,,0,0,0,後続列車なし,該当なし,該当なし,0,0,0,30,240,,,
54.0,early_coast_s0_b,0,0.713647,次駅への減速フェーズ（駅手前400m以内）,惰行,39.5,力行,14.5,2.16,62.34,75.0,75.0,75.0,62.1,72.2,66.4,勾配力行 ↔ 惰行,惰行,62.1,0.3,,75.0,75.0,75.0,,250.9,26.0,196.48,54.38,2.0,-0.323,1.841,当面+2.0‰が続く,958m先でATC現示が75km/hから70km/hに低下する,0.0,0.0,1,26.0,先行列車なし,0,,0,0,0,後続列車なし,該当なし,該当なし,0,0,0,30,240,,,
55.0,early_coast_s0_b,0,0.730919,次駅への減速フェーズ（駅手前400m以内）,惰行,40.5,力行,14.5,2.18,62.02,75.0,75.0,75.0,61.8,72.2,66.4,勾配力行 ↔ 惰行,惰行,61.8,0.3,,75.0,75.0,75.0,,233.6,25.0,194.5,39.08,2.0,-0.322,1.854,当面+2.0‰が続く,941m先でATC現示が75km/hから70km/hに低下する,0.0,0.0,1,25.0,先行列車なし,0,,0,0,0,後続列車なし,該当なし,該当なし,0,0,0,30,240,,,
56.0,early_coast_s0_b,0,0.748102,次駅への減速フェーズ（駅手前400m以内）,惰行,41.5,力行,14.5,2.19,61.7,75.0,75.0,75.0,61.4,72.2,66.4,勾配力行 ↔ 惰行,惰行,61.4,0.3,,75.0,75.0,75.0,,216.4,24.0,192.54,23.85,2.0,-0.321,1.867,当面+2.0‰が続く,924m先でATC現示が75km/hから70km/hに低下する,0.0,0.0,1,24.0,先行列車なし,0,,0,0,0,後続列車なし,該当なし,該当なし,0,0,0,30,240,,,
57.0,early_coast_s0_b,0,0.765196,次駅への減速フェーズ（駅手前400m以内）,惰行,42.5,力行,14.5,2.2,61.38,75.0,75.0,75.0,61.1,72.2,66.4,勾配力行 ↔ 惰行,惰行,61.1,0.3,,75.0,75.0,75.0,,199.3,23.0,190.6,8.7,2.0,-0.319,1.879,当面+2.0‰が続く,907m先でATC現示が75km/hから70km/hに低下する,0.0,0.0,1,23.0,先行列車なし,0,,0,0,0,後続列車なし,該当なし,該当なし,0,0,0,30,240,,,
58.0,early_coast_s0_b,0,0.782141,次駅への減速フェーズ（駅手前400m以内）,制動,0.4,惰行,43.1,2.5,60.04,75.0,75.0,75.0,60.0,72.1,66.3,勾配力行 ↔ 惰行,惰行,60.0,0.0,,75.0,75.0,75.0,,182.4,22.0,182.57,-0.21,2.0,-0.314,1.934,当面+2.0‰が続く,890m先でATC現示が75km/hから70km/hに低下する,0.0,0.0,1,22.0,先行列車なし,0,,0,0,0,後続列車なし,該当なし,該当なし,0,0,0,30,240,,,
59.0,early_coast_s0_b,0,0.798424,次駅への減速フェーズ（駅手前400m以内）,制動,1.4,惰行,43.1,2.5,57.23,75.0,75.0,75.0,57.2,71.9,66.1,勾配力行 ↔ 惰行,惰行,57.2,0.0,,75.0,75.0,75.0,,166.1,21.0,166.28,-0.2,2.0,-0.302,2.056,当面+2.0‰が続く,873m先でATC現示が75km/hから70km/hに低下する,0.0,0.0,1,21.0,先行列車なし,0,,0,0,0,後続列車なし,該当なし,該当なし,0,0,0,30,240,,,
60.0,early_coast_s0_b,0,0.813928,次駅への減速フェーズ（駅手前400m以内）,制動,2.4,惰行,43.1,2.5,54.43,75.0,75.0,75.0,54.4,71.7,65.9,勾配力行 ↔ 惰行,惰行,54.4,0.0,,75.0,75.0,75.0,,150.6,20.0,150.77,-0.2,2.0,-0.29,2.189,当面+2.0‰が続く,858m先でATC現示が75km/hから70km/hに低下する,0.0,0.0,1,20.0,先行列車なし,0,,0,0,0,後続列車なし,該当なし,該当なし,0,0,0,30,240,,,
61.0,early_coast_s0_b,0,0.828657,次駅への減速フェーズ（駅手前400m以内）,制動,3.4,惰行,43.1,2.5,51.65,75.0,75.0,75.0,51.6,71.5,65.7,勾配力行 ↔ 惰行,惰行,51.6,0.0,,75.0,75.0,75.0,,135.8,19.0,136.04,-0.19,2.0,-0.28,2.333,当面+2.0‰が続く,843m先でATC現示が75km/hから70km/hに低下する,0.0,0.0,1,19.0,先行列車なし,0,,0,0,0,後続列車なし,該当なし,該当なし,0,0,0,30,240,,,
61.5,early_coast_s0_b,0,0.835732,次駅への減速フェーズ（駅手前400m以内）,制動,3.9,惰行,43.1,2.5,50.26,75.0,75.0,75.0,50.2,71.4,65.6,勾配力行 ↔ 惰行,惰行,50.2,0.0,,75.0,75.0,75.0,,128.8,18.5,128.96,-0.19,2.0,-0.274,2.411,当面+2.0‰が続く,836m先でATC現示が75km/hから70km/hに低下する,0.0,0.0,1,18.5,先行列車なし,0,,0,0,0,後続列車なし,該当なし,該当なし,0,0,0,30,240,,,
62.0,early_coast_s0_b,0,0.842614,次駅への減速フェーズ（駅手前400m以内）,制動,4.4,惰行,43.1,2.5,48.87,75.0,75.0,75.0,48.9,71.3,65.4,勾配力行 ↔ 惰行,惰行,48.9,0.0,,75.0,75.0,75.0,,121.9,18.0,122.07,-0.19,2.0,-0.269,2.492,当面+2.0‰が続く,829m先でATC現示が75km/hから70km/hに低下する,0.0,0.0,1,18.0,先行列車なし,0,,0,0,0,後続列車なし,該当なし,該当なし,0,0,0,30,240,,,
62.5,early_coast_s0_b,0,0.849304,次駅への減速フェーズ（駅手前400m以内）,制動,4.9,惰行,43.1,2.5,47.49,75.0,75.0,75.0,47.5,71.1,65.3,勾配力行 ↔ 惰行,惰行,47.5,0.0,,75.0,75.0,75.0,,115.2,17.5,115.38,-0.19,2.0,-0.264,2.578,当面+2.0‰が続く,822m先でATC現示が75km/hから70km/hに低下する,0.0,0.0,1,17.5,先行列車なし,0,,0,0,0,後続列車なし,該当なし,該当なし,0,0,0,30,240,,,
63.0,early_coast_s0_b,0,0.855802,次駅への減速フェーズ（駅手前400m以内）,制動,5.4,惰行,43.1,2.5,46.11,75.0,75.0,75.0,46.1,71.0,65.2,勾配力行 ↔ 惰行,惰行,46.1,-0.0,,75.0,75.0,75.0,,108.7,17.0,108.88,-0.19,2.0,-0.259,2.668,当面+2.0‰が続く,816m先でATC現示が75km/hから70km/hに低下する,0.0,0.0,1,17.0,先行列車なし,0,,0,0,0,後続列車なし,該当なし,該当なし,0,0,0,30,240,,,
63.5,early_coast_s0_b,0,0.862109,次駅への減速フェーズ（駅手前400m以内）,制動,5.9,惰行,43.1,2.5,44.73,75.0,75.0,75.0,44.7,70.9,65.0,勾配力行 ↔ 惰行,惰行,44.7,-0.0,,75.0,75.0,75.0,,102.4,16.5,102.57,-0.18,2.0,-0.254,2.763,当面+2.0‰が続く,810m先でATC現示が75km/hから70km/hに低下する,0.0,0.0,1,16.5,先行列車なし,0,,0,0,0,後続列車なし,該当なし,該当なし,0,0,0,30,240,,,
64.0,early_coast_s0_b,0,0.868224,次駅への減速フェーズ（駅手前400m以内）,制動,6.4,惰行,43.1,2.5,43.36,75.0,75.0,75.0,43.4,70.7,64.9,勾配力行 ↔ 惰行,惰行,43.4,-0.0,,75.0,75.0,75.0,,96.3,16.0,96.46,-0.18,2.0,-0.249,2.863,当面+2.0‰が続く,804m先でATC現示が75km/hから70km/hに低下する,0.0,0.0,1,16.0,先行列車なし,0,,0,0,0,後続列車なし,該当なし,該当なし,0,0,0,30,240,,,
64.5,early_coast_s0_b,0,0.874148,次駅への減速フェーズ（駅手前400m以内）,制動,6.9,惰行,43.1,2.5,41.98,75.0,75.0,75.0,42.0,70.5,64.7,勾配力行 ↔ 惰行,惰行,42.0,-0.0,,75.0,75.0,75.0,,90.4,15.5,90.53,-0.18,2.0,-0.245,2.97,当面+2.0‰が続く,798m先でATC現示が75km/hから70km/hに低下する,0.0,0.0,1,15.5,先行列車なし,0,,0,0,0,後続列車なし,該当なし,該当なし,0,0,0,30,240,,,
65.0,early_coast_s0_b,0,0.879882,次駅への減速フェーズ（駅手前400m以内）,制動,7.4,惰行,43.1,2.5,40.61,75.0,75.0,75.0,40.6,70.4,64.6,勾配力行 ↔ 惰行,惰行,40.6,-0.0,,75.0,75.0,75.0,,84.6,15.0,84.8,-0.18,2.0,-0.24,3.083,当面+2.0‰が続く,792m先でATC現示が75km/hから70km/hに低下する,0.0,0.0,1,15.0,先行列車なし,0,,0,0,0,後続列車なし,該当なし,該当なし,0,0,0,30,240,,,
65.5,early_coast_s0_b,0,0.885425,次駅への減速フェーズ（駅手前400m以内）,制動,7.9,惰行,43.1,2.5,39.24,75.0,75.0,75.0,39.2,70.3,64.5,勾配力行 ↔ 惰行,惰行,39.2,-0.0,,75.0,75.0,75.0,,79.1,14.5,79.25,-0.18,2.0,-0.235,3.138,当面+2.0‰が続く,786m先でATC現示が75km/hから70km/hに低下する,0.0,0.0,1,14.5,先行列車なし,0,,0,0,0,後続列車なし,該当なし,該当なし,0,0,0,30,240,,,
66.0,early_coast_s0_b,0,0.890779,次駅への減速フェーズ（駅手前400m以内）,制動,8.4,惰行,43.1,2.5,37.87,75.0,75.0,75.0,37.9,70.3,64.5,勾配力行 ↔ 惰行,惰行,37.9,-0.0,,75.0,75.0,75.0,,73.7,14.0,73.89,-0.17,2.0,-0.231,3.143,当面+2.0‰が続く,781m先でATC現示が75km/hから70km/hに低下する,0.0,0.0,1,14.0,先行列車なし,0,,0,0,0,後続列車なし,該当なし,該当なし,0,0,0,30,240,,,
66.5,early_coast_s0_b,0,0.895942,次駅への減速フェーズ（駅手前400m以内）,制動,8.9,惰行,43.1,2.5,36.51,75.0,75.0,75.0,36.5,70.3,64.5,勾配力行 ↔ 惰行,惰行,36.5,-0.0,,75.0,75.0,75.0,,68.6,13.5,68.73,-0.17,2.0,-0.227,3.147,当面+2.0‰が続く,776m先でATC現示が75km/hから70km/hに低下する,0.0,0.0,1,13.5,先行列車なし,0,,0,0,0,後続列車なし,該当なし,該当なし,0,0,0,30,240,,,
67.0,early_coast_s0_b,0,0.900917,次駅への減速フェーズ（駅手前400m以内）,制動,9.4,惰行,43.1,2.5,35.15,75.0,75.0,75.0,35.1,70.3,64.5,勾配力行 ↔ 惰行,惰行,35.1,-0.0,,75.0,75.0,75.0,,63.6,13.0,63.75,-0.17,2.0,-0.223,3.151,当面+2.0‰が続く,771m先でATC現示が75km/hから70km/hに低下する,0.0,0.0,1,13.0,先行列車なし,0,,0,0,0,後続列車なし,該当なし,該当なし,0,0,0,30,240,,,
67.5,early_coast_s0_b,0,0.905702,次駅への減速フェーズ（駅手前400m以内）,制動,9.9,惰行,43.1,2.5,33.79,75.0,75.0,75.0,33.8,70.3,64.4,勾配力行 ↔ 惰行,惰行,33.8,-0.0,,75.0,75.0,75.0,,58.8,12.5,58.97,-0.17,2.0,-0.218,3.155,当面+2.0‰が続く,766m先でATC現示が75km/hから70km/hに低下する,0.0,0.0,1,12.5,先行列車なし,0,,0,0,0,後続列車なし,該当なし,該当なし,0,0,0,30,240,,,
68.0,early_coast_s0_b,0,0.910299,次駅への減速フェーズ（駅手前400m以内）,制動,10.4,惰行,43.1,2.5,32.43,75.0,75.0,75.0,32.4,70.3,64.4,勾配力行 ↔ 惰行,惰行,32.4,-0.0,,75.0,75.0,75.0,,54.2,12.0,54.37,-0.17,2.0,-0.214,3.159,当面+2.0‰が続く,762m先でATC現示が75km/hから70km/hに低下する,0.0,0.0,1,12.0,先行列車なし,0,,0,0,0,後続列車なし,該当なし,該当なし,0,0,0,30,240,,,
68.5,early_coast_s0_b,0,0.914707,次駅への減速フェーズ（駅手前400m以内）,制動,10.9,惰行,43.1,2.5,31.07,75.0,75.0,75.0,31.1,70.3,64.4,勾配力行 ↔ 惰行,惰行,31.1,-0.0,,75.0,75.0,75.0,,49.8,11.5,49.96,-0.16,2.0,-0.21,3.163,当面+2.0‰が続く,757m先でATC現示が75km/hから70km/hに低下する,0.0,0.0,1,11.5,先行列車なし,0,,0,0,0,後続列車なし,該当なし,該当なし,0,0,0,30,240,,,
69.0,early_coast_s0_b,0,0.918926,次駅への減速フェーズ（駅手前400m以内）,制動,11.4,惰行,43.1,2.5,29.72,75.0,75.0,75.0,29.7,70.2,64.4,勾配力行 ↔ 惰行,惰行,29.7,-0.0,,75.0,75.0,75.0,,45.6,11.0,45.73,-0.16,2.0,-0.207,3.167,当面+2.0‰が続く,753m先でATC現示が75km/hから70km/hに低下する,0.0,0.0,1,11.0,先行列車なし,0,,0,0,0,後続列車なし,該当なし,該当なし,0,0,0,30,240,,,
69.5,early_coast_s0_b,0,0.922958,次駅への減速フェーズ（駅手前400m以内）,制動,11.9,惰行,43.1,2.5,28.37,75.0,75.0,75.0,28.4,70.2,64.4,勾配力行 ↔ 惰行,惰行,28.4,-0.0,,75.0,75.0,75.0,,41.5,10.5,41.7,-0.16,2.0,-0.203,3.171,当面+2.0‰が続く,749m先でATC現示が75km/hから70km/hに低下する,0.0,0.0,1,10.5,先行列車なし,0,,0,0,0,後続列車なし,該当なし,該当なし,0,0,0,30,240,,,
70.0,early_coast_s0_b,0,0.926802,次駅への減速フェーズ（駅手前400m以内）,制動,12.4,惰行,43.1,2.5,27.02,75.0,75.0,75.0,27.0,70.2,64.4,勾配力行 ↔ 惰行,惰行,27.0,-0.0,,75.0,75.0,75.0,,37.7,10.0,37.85,-0.16,2.0,-0.199,3.175,当面+2.0‰が続く,745m先でATC現示が75km/hから70km/hに低下する,0.0,0.0,1,10.0,先行列車なし,0,,0,0,0,後続列車なし,該当なし,該当なし,0,0,0,30,240,,,
70.5,early_coast_s0_b,0,0.930459,次駅への減速フェーズ（駅手前400m以内）,制動,12.9,惰行,43.1,2.5,25.67,75.0,75.0,75.0,25.7,70.2,64.4,勾配力行 ↔ 惰行,惰行,25.7,-0.0,,75.0,75.0,75.0,,34.0,9.5,34.2,-0.16,2.0,-0.196,3.178,当面+2.0‰が続く,741m先でATC現示が75km/hから70km/hに低下する,0.0,0.0,1,9.5,先行列車なし,0,,0,0,0,後続列車なし,該当なし,該当なし,0,0,0,30,240,,,
71.0,early_coast_s0_b,0,0.933929,次駅への減速フェーズ（駅手前400m以内）,制動,13.4,惰行,43.1,2.5,24.32,75.0,75.0,75.0,24.3,70.2,64.4,勾配力行 ↔ 惰行,惰行,24.3,-0.0,,75.0,75.0,75.0,,30.6,9.0,30.72,-0.15,2.0,-0.192,3.182,当面+2.0‰が続く,738m先でATC現示が75km/hから70km/hに低下する,0.0,0.0,1,9.0,先行列車なし,0,,0,0,0,後続列車なし,該当なし,該当なし,0,0,0,30,240,,,
71.5,early_coast_s0_b,0,0.937211,次駅への減速フェーズ（駅手前400m以内）,制動,13.9,惰行,43.1,2.5,22.98,75.0,75.0,75.0,23.0,70.2,64.4,勾配力行 ↔ 惰行,惰行,23.0,-0.0,,75.0,75.0,75.0,,27.3,8.5,27.44,-0.15,2.0,-0.189,3.185,当面+2.0‰が続く,735m先でATC現示が75km/hから70km/hに低下する,0.0,0.0,1,8.5,先行列車なし,0,,0,0,0,後続列車なし,該当なし,該当なし,0,0,0,30,240,,,
72.0,early_coast_s0_b,0,0.940307,次駅への減速フェーズ（駅手前400m以内）,制動,14.4,惰行,43.1,2.5,21.63,75.0,75.0,75.0,21.6,70.2,64.4,勾配力行 ↔ 惰行,惰行,21.6,-0.0,,75.0,75.0,75.0,,24.2,8.0,24.34,-0.15,2.0,-0.185,3.188,当面+2.0‰が続く,731m先でATC現示が75km/hから70km/hに低下する,0.0,0.0,1,8.0,先行列車なし,0,,0,0,0,後続列車なし,該当なし,該当なし,0,0,0,30,240,,,
72.5,early_coast_s0_b,0,0.943216,次駅への減速フェーズ（駅手前400m以内）,制動,14.9,惰行,43.1,2.5,20.29,75.0,75.0,75.0,20.3,70.2,64.4,勾配力行 ↔ 惰行,惰行,20.3,-0.0,,75.0,75.0,75.0,,21.3,7.5,21.43,-0.15,2.0,-0.182,3.191,当面+2.0‰が続く,729m先でATC現示が75km/hから70km/hに低下する,0.0,0.0,1,7.5,先行列車なし,0,,0,0,0,後続列車なし,該当なし,該当なし,0,0,0,30,240,,,
73.0,early_coast_s0_b,0,0.94594,次駅への減速フェーズ（駅手前400m以内）,制動,15.4,惰行,43.1,2.5,18.95,75.0,75.0,75.0,19.0,70.2,64.4,勾配力行 ↔ 惰行,惰行,19.0,-0.0,,75.0,75.0,75.0,,18.6,7.0,18.71,-0.15,2.0,-0.179,3.195,当面+2.0‰が続く,726m先でATC現示が75km/hから70km/hに低下する,0.0,0.0,1,7.0,先行列車なし,0,,0,0,0,後続列車なし,該当なし,該当なし,0,0,0,30,240,,,
73.5,early_coast_s0_b,0,0.948477,次駅への減速フェーズ（駅手前400m以内）,制動,15.9,惰行,43.1,2.5,17.61,75.0,75.0,75.0,17.6,70.2,64.4,勾配力行 ↔ 惰行,惰行,17.6,-0.0,,75.0,75.0,75.0,,16.0,6.5,16.17,-0.14,2.0,-0.176,3.198,当面+2.0‰が続く,723m先でATC現示が75km/hから70km/hに低下する,0.0,0.0,1,6.5,先行列車なし,0,,0,0,0,後続列車なし,該当なし,該当なし,0,0,0,30,240,,,
74.0,early_coast_s0_b,0,0.950828,次駅への減速フェーズ（駅手前400m以内）,制動,16.4,惰行,43.1,2.5,16.27,75.0,75.0,75.0,16.3,70.2,64.4,勾配力行 ↔ 惰行,惰行,16.3,-0.0,,75.0,75.0,75.0,,13.7,6.0,13.81,-0.14,2.0,-0.173,3.201,当面+2.0‰が続く,721m先でATC現示が75km/hから70km/hに低下する,0.0,0.0,1,6.0,先行列車なし,0,,0,0,0,後続列車なし,該当なし,該当なし,0,0,0,30,240,,,
74.5,early_coast_s0_b,0,0.952993,次駅への減速フェーズ（駅手前400m以内）,制動,16.9,惰行,43.1,2.5,14.94,75.0,75.0,75.0,14.9,70.2,64.4,勾配力行 ↔ 惰行,惰行,14.9,-0.0,,75.0,75.0,75.0,,11.5,5.5,11.65,-0.14,2.0,-0.17,3.203,当面+2.0‰が続く,719m先でATC現示が75km/hから70km/hに低下する,0.0,0.0,1,5.5,先行列車なし,0,,0,0,0,後続列車なし,該当なし,該当なし,0,0,0,30,240,,,
75.0,early_coast_s0_b,0,0.954973,次駅への減速フェーズ（駅手前400m以内）,制動,17.4,惰行,43.1,2.5,13.6,75.0,75.0,75.0,13.6,70.2,64.4,勾配力行 ↔ 惰行,惰行,13.6,-0.0,,75.0,75.0,75.0,,9.5,5.0,9.67,-0.14,2.0,-0.168,3.206,当面+2.0‰が続く,717m先でATC現示が75km/hから70km/hに低下する,0.0,0.0,1,5.0,先行列車なし,0,,0,0,0,後続列車なし,該当なし,該当なし,0,0,0,30,240,,,
75.5,early_coast_s0_b,0,0.956768,次駅への減速フェーズ（駅手前400m以内）,制動,17.9,惰行,43.1,2.5,12.27,75.0,75.0,75.0,12.3,70.2,64.4,勾配力行 ↔ 惰行,惰行,12.3,-0.0,,75.0,75.0,75.0,,7.7,4.5,7.87,-0.14,2.0,-0.165,3.209,当面+2.0‰が続く,715m先でATC現示が75km/hから70km/hに低下する,0.0,0.0,1,4.5,先行列車なし,0,,0,0,0,後続列車なし,該当なし,該当なし,0,0,0,30,240,,,
76.0,early_coast_s0_b,0,0.958378,次駅への減速フェーズ（駅手前400m以内）,制動,18.4,惰行,43.1,2.5,10.94,75.0,75.0,75.0,10.9,70.2,64.4,勾配力行 ↔ 惰行,惰行,10.9,-0.0,,75.0,75.0,75.0,,6.1,4.0,6.26,-0.13,2.0,-0.162,3.211,当面+2.0‰が続く,713m先でATC現示が75km/hから70km/hに低下する,0.0,0.0,1,4.0,先行列車なし,0,,0,0,0,後続列車なし,該当なし,該当なし,0,0,0,30,240,,,
76.5,early_coast_s0_b,0,0.959803,次駅への減速フェーズ（駅手前400m以内）,制動,18.9,惰行,43.1,2.5,9.61,75.0,75.0,75.0,9.6,70.2,64.4,勾配力行 ↔ 惰行,惰行,9.6,-0.0,,75.0,75.0,75.0,,4.7,3.5,4.83,-0.13,2.0,-0.16,3.214,当面+2.0‰が続く,712m先でATC現示が75km/hから70km/hに低下する,0.0,0.0,1,3.5,先行列車なし,0,,0,0,0,後続列車なし,該当なし,該当なし,0,0,0,30,240,,,
77.0,early_coast_s0_b,0,0.961043,次駅への減速フェーズ（駅手前400m以内）,制動,19.4,惰行,43.1,2.5,8.28,75.0,75.0,75.0,8.3,70.2,64.4,勾配力行 ↔ 惰行,惰行,8.3,-0.0,,75.0,75.0,75.0,,3.5,3.0,3.59,-0.13,2.0,-0.157,3.216,当面+2.0‰が続く,711m先でATC現示が75km/hから70km/hに低下する,0.0,0.0,1,3.0,先行列車なし,0,,0,0,0,後続列車なし,該当なし,該当なし,0,0,0,30,240,,,
77.5,early_coast_s0_b,0,0.962099,次駅への減速フェーズ（駅手前400m以内）,制動,19.9,惰行,43.1,2.5,6.95,75.0,75.0,75.0,7.0,70.2,64.4,勾配力行 ↔ 惰行,惰行,7.0,-0.0,,75.0,75.0,75.0,,2.4,2.5,2.53,-0.13,2.0,-0.155,3.219,当面+2.0‰が続く,710m先でATC現示が75km/hから70km/hに低下する,0.0,0.0,1,2.5,先行列車なし,0,,0,0,0,後続列車なし,該当なし,該当なし,0,0,0,30,240,,,
78.0,early_coast_s0_b,0,0.96297,次駅への減速フェーズ（駅手前400m以内）,制動,20.4,惰行,43.1,2.5,5.62,75.0,75.0,75.0,5.6,70.2,64.3,勾配力行 ↔ 惰行,惰行,5.6,-0.0,,75.0,75.0,75.0,,1.5,2.0,1.66,-0.13,2.0,-0.153,3.221,当面+2.0‰が続く,709m先でATC現示が75km/hから70km/hに低下する,0.0,0.0,1,2.0,先行列車なし,0,,0,0,0,後続列車なし,該当なし,該当なし,0,0,0,30,240,,,
78.5,early_coast_s0_b,0,0.963657,次駅への減速フェーズ（駅手前400m以内）,制動,20.9,惰行,43.1,2.5,4.3,75.0,75.0,75.0,4.3,70.2,64.3,勾配力行 ↔ 惰行,惰行,4.3,-0.0,,75.0,75.0,75.0,,0.8,1.5,0.97,-0.13,2.0,-0.151,3.223,当面+2.0‰が続く,708m先でATC現示が75km/hから70km/hに低下する,0.0,0.0,1,1.5,先行列車なし,0,,0,0,0,後続列車なし,該当なし,該当なし,0,0,0,30,240,,,
79.0,early_coast_s0_b,0,0.96416,次駅への減速フェーズ（駅手前400m以内）,制動,21.4,惰行,43.1,2.5,2.97,75.0,75.0,75.0,3.0,70.2,64.3,勾配力行 ↔ 惰行,惰行,3.0,-0.0,,75.0,75.0,75.0,,0.3,1.0,0.46,-0.12,2.0,-0.149,3.225,当面+2.0‰が続く,708m先でATC現示が75km/hから70km/hに低下する,0.0,0.0,1,1.0,先行列車なし,0,,0,0,0,後続列車なし,該当なし,該当なし,0,0,0,30,240,,,
79.5,early_coast_s0_b,0,0.964479,次駅への減速フェーズ（駅手前400m以内）,制動,21.9,惰行,43.1,2.5,1.65,75.0,75.0,75.0,1.8,70.2,64.3,勾配力行 ↔ 惰行,惰行,1.8,-0.1,,75.0,75.0,75.0,,0.0,0.5,0.14,-0.12,2.0,-0.147,3.227,当面+2.0‰が続く,707m先でATC現示が75km/hから70km/hに低下する,0.0,0.0,1,0.5,先行列車なし,0,,0,0,0,後続列車なし,該当なし,該当なし,0,0,0,30,240,,,
80.0,early_coast_s0_b,0,0.964614,駅停車完了（速度0km/h）,制動,22.4,惰行,43.1,2.5,0.33,75.0,75.0,75.0,1.8,70.2,64.3,勾配力行 ↔ 惰行,惰行,1.8,-1.4,,75.0,0.0,0.0,,-0.1,0.0,0.01,-0.12,2.0,-0.145,3.229,当面+2.0‰が続く,707m先でATC現示が75km/hから70km/hに低下する,0.0,0.0,1,0.0,先行列車なし,0,,0,0,0,後続列車なし,該当なし,該当なし,0,0,0,30,240,,,
0.0,over_power_s0,0,0.0,駅出発直後の加速フェーズ（20秒以内）,力行,0.0,なし（または停止）,0.0,0.0,0.0,45.0,45.0,45.0,0.0,39.8,34.5,惰行 ↔ 勾配ブレーキ,惰行,0.0,0.0,49.4,75.0,45.0,45.0,,964.5,80.0,0.0,964.5,-5.0,0.103,3.476,80m先で勾配が-5.0‰から-14.2‰に変わる,前方に現示の低下なし,0.0,0.0,1,80.0,先行列車なし,0,,0,0,0,後続列車なし,該当なし,該当なし,0,0,0,30,240,,,
1.0,over_power_s0,0,0.000487,駅出発直後の加速フェーズ（20秒以内）,力行,1.0,なし（または停止）,0.0,0.0,3.47,45.0,45.0,45.0,3.5,39.8,34.5,惰行 ↔ 勾配ブレーキ,惰行,3.5,-0.0,50.2,75.0,45.0,45.0,,964.0,79.0,0.7,963.31,-5.0,0.098,3.471,80m先で勾配が-5.0‰から-14.2‰に変わる,前方に現示の低下なし,0.0,0.0,1,79.0,先行列車なし,0,,0,0,0,後続列車なし,該当なし,該当なし,0,0,0,30,240,,,
2.0,over_power_s0,0,0.001939,駅出発直後の加速フェーズ（20秒以内）,力行,2.0,なし（または停止）,0.0,0.0,6.94,45.0,45.0,45.0,6.9,39.8,34.5,惰行 ↔ 勾配ブレーキ,惰行,6.9,-0.0,51.0,75.0,45.0,45.0,,962.6,78.0,2.78,959.78,-5.0,0.092,3.466,80m先で勾配が-5.0‰から-14.2‰に変わる,前方に現示の低下なし,0.0,0.0,1,78.0,先行列車なし,0,,0,0,0,後続列車なし,該当なし,該当なし,0,0,0,30,240,,,
3.0,over_power_s0,0,0.004353,駅出発直後の加速フェーズ（20秒以内）,力行,3.0,なし（または停止）,0.0,0.0,10.4,45.0,45.0,45.0,10.4,39.8,34.5,惰行 ↔ 勾配ブレーキ,惰行,10.4,-0.0,51.8,75.0,45.0,45.0,,960.1,77.0,6.24,953.9,-5.0,0.086,3.459,75m先で勾配が-5.0‰から-14.2‰に変わる,前方に現示の低下なし,0.0,0.0,1,77.0,先行列車なし,0,,0,0,0,後続列車なし,該当なし,該当なし,0,0,0,30,240,,,
4.0,over_power_s0,0,0.007729,駅出発直後の加速フェーズ（20秒以内）,力行,4.0,なし（または停止）,0.0,0.0,13.86,45.0,45.0,45.0,13.9,39.8,34.5,惰行 ↔ 勾配ブレーキ,惰行,13.9,0.0,52.3,75.0,45.0,45.0,,956.8,76.0,11.06,945.71,-5.0,0.079,3.453,70m先で勾配が-5.0‰から-14.2‰に変わる,前方に現示の低下なし,0.0,0.0,1,76.0,先行列車なし,0,,0,0,0,後続列車なし,該当なし,該当なし,0,0,0,30,240,,,
5.0,over_power_s0,0,0.012063,駅出発直後の加速フェーズ（20秒以内）,力行,5.0,なし（または停止）,0.0,0.0,17.31,45.0,45.0,45.0,17.3,39.8,34.5,惰行 ↔ 勾配ブレーキ,惰行,17.3,0.0,53.0,75.0,45.0,45.0,,952.4,75.0,17.22,935.22,-5.0,0.072,3.445,70m先で勾配が-5.0‰から-14.2‰に変わる,前方に現示の低下なし,0.0,0.0,1,75.0,先行列車なし,0,,0,0,0,後続列車なし,該当なし,該当なし,0,0,0,30,240,,,
6.0,over_power_s0,0,0.017354,駅出発直後の加速フェーズ（20秒以内）,力行,6.0,なし（または停止）,0.0,0.0,20.75,70.0,70.0,70.0,20.8,64.8,59.6,惰行 ↔ 勾配ブレーキ,惰行,20.8,-0.0,53.4,75.0,56.9,56.9,,947.1,74.0,24.7,922.45,-5.0,0.064,3.437,65m先で勾配が-5.0‰から-14.2‰に変わる,前方に現示の低下なし,0.0,0.0,1,74.0,先行列車なし,0,,0,0,0,後続列車なし,該当なし,該当なし,0,0,0,30,240,,,
7.0,over_power_s0,0,0.0236,駅出発直後の加速フェーズ（20秒以内）,力行,7.0,なし（または停止）,0.0,0.0,24.18,70.0,70.0,70.0,24.2,64.9,59.6,惰行 ↔ 勾配ブレーキ,惰行,24.2,-0.0,54.2,75.0,56.9,56.9,,940.9,73.0,33.48,907.42,-5.0,0.055,3.429,55m先で勾配が-5.0‰から-14.2‰に変わる,前方に現示の低下なし,0.0,0.0,1,73.0,先行列車なし,0,,0,0,0,後続列車なし,該当なし,該当なし,0,0,0,30,240,,,
8.0,over_power_s0,0,0.030799,駅出発直後の加速フェーズ（20秒以内）,力行,8.0,なし（または停止）,0.0,0.0,27.61,70.0,70.0,70.0,27.6,64.9,64.3,惰行 ↔ 勾配ブレーキ,惰行,27.6,0.0,54.5,75.0,56.9,56.9,,933.7,72.0,43.53,890.17,-5.0,0.046,3.42,50m先で勾配が-5.0‰から-14.2‰に変わる,前方に現示の低下なし,0.0,0.0,1,72.0,先行列車なし,0,,0,0,0,後続列車なし,該当なし,該当なし,0,0,0,30,240,,,
9.0,over_power_s0,0,0.038947,駅出発直後の加速フェーズ（20秒以内）,力行,9.0,なし（または停止）,0.0,0.0,31.02,70.0,70.0,70.0,31.0,64.9,59.9,惰行 ↔ 勾配ブレーキ,惰行,31.0,-0.0,55.1,75.0,56.9,56.9,,925.6,71.0,57.36,868.2,-5.0,0.037,3.41,40m先で勾配が-5.0‰から-14.2‰に変わる,前方に現示の低下なし,0.0,0.0,1,71.0,先行列車なし,0,,0,0,0,後続列車なし,該当なし,該当なし,0,0,0,30,240,,,
10.0,over_power_s0,0,0.048043,駅出発直後の加速フェーズ（20秒以内）,力行,10.0,なし（または停止）,0.0,0.0,34.43,70.0,70.0,70.0,34.4,64.9,60.3,惰行 ↔ 勾配ブレーキ,惰行,34.4,0.0,55.7,75.0,56.9,56.9,,916.5,70.0,73.2,843.25,-5.0,0.027,3.4,30m先で勾配が-5.0‰から-14.2‰に変わる,前方に現示の低下なし,0.0,0.0,1,70.0,先行列車なし,0,,0,0,0,後続列車なし,該当なし,該当なし,0,0,0,30,240,,,
11.0,over_power_s0,0,0.058083,駅出発直後の加速フェーズ（20秒以内）,力行,11.0,なし（または停止）,0.0,0.0,37.82,70.0,70.0,70.0,37.8,64.9,60.6,惰行 ↔ 勾配ブレーキ,惰行,37.8,-0.0,56.0,75.0,56.9,56.9,,906.4,69.0,90.54,815.88,-5.0,0.016,3.39,20m先で勾配が-5.0‰から-14.2‰に変わる,前方に現示の低下なし,0.0,0.0,1,69.0,先行列車なし,0,,0,0,0,後続列車なし,該当なし,該当なし,0,0,0,30,240,,,
12.0,over_power_s0,0,0.069064,駅出発直後の加速フェーズ（20秒以内）,力行,12.0,なし（または停止）,0.0,0.0,41.19,70.0,70.0,70.0,41.2,65.1,61.1,惰行 ↔ 勾配ブレーキ,惰行,41.2,-0.0,56.5,75.0,56.9,56.9,,895.4,68.0,109.65,785.79,-5.0,0.005,3.281,10m先で勾配が-5.0‰から-14.2‰に変わる,前方に現示の低下なし,0.0,0.0,1,68.0,先行列車なし,0,,0,0,0,後続列車なし,該当なし,該当なし,0,0,0,30,240,,,
13.0,over_power_s0,0,0.080959,駅出発直後の加速フェーズ（20秒以内）,力行,13.0,なし（または停止）,0.0,0.0,44.44,70.0,70.0,70.0,44.4,65.0,61.3,惰行 ↔ 勾配ブレーキ,惰行,44.4,0.0,56.6,75.0,56.9,56.9,,883.5,67.0,129.84,753.7,-14.2,0.318,3.355,90m先で勾配が-14.2‰から-16.3‰に変わる,前方に現示の低下なし,0.0,0.0,1,67.0,先行列車なし,0,,0,0,0,後続列車なし,該当なし,該当なし,0,0,0,30,240,,,
14.0,over_power_s0,0,0.093763,駅出発直後の加速フェーズ（20秒以内）,力行,14.0,なし（または停止）,0.0,0.0,47.68,70.0,70.0,70.0,47.7,65.3,61.6,惰行 ↔ 勾配ブレーキ,惰行,47.7,0.0,56.9,75.0,56.9,56.9,,870.7,66.0,149.97,720.77,-14.2,0.307,3.137,75m先で勾配が-14.2‰から-16.3‰に変わる,前方に現示の低下なし,0.0,0.0,1,66.0,先行列車なし,0,,0,0,0,後続列車なし,該当なし,該当なし,0,0,0,30,240,,,
15.0,over_power_s0,0,0.107439,駅出発直後の加速フェーズ（20秒以内）,力行,15.0,なし（または停止）,0.0,0.0,50.73,70.0,70.0,70.0,48.9,65.6,61.9,惰行 ↔ 勾配ブレーキ,惰行,48.9,1.8,56.9,75.0,56.9,56.9,,857.1,65.0,170.04,687.02,-14.2,0.295,2.956,65m先で勾配が-14.2‰から-16.3‰に変わる,前方に現示の低下なし,0.0,0.0,1,65.0,先行列車なし,0,,0,0,0,後続列車なし,該当なし,該当なし,0,0,0,30,240,,,
16.0,over_power_s0,0,0.121936,駅出発直後の加速フェーズ（20秒以内）,力行,16.0,なし（または停止）,0.0,0.0,53.6,75.0,75.0,70.0,49.2,65.8,62.1,惰行 ↔ 勾配ブレーキ,惰行,49.2,4.4,57.0,75.0,56.9,56.9,,842.6,64.0,190.1,652.46,-14.2,0.284,2.802,50m先で勾配が-14.2‰から-16.3‰に変わる,前方に現示の低下なし,0.0,0.0,1,64.0,先行列車なし,0,,0,0,0,後続列車なし,該当なし,該当なし,0,0,0,30,240,,,
17.0,over_power_s0,0,0.137213,駅出発直後の加速フェーズ（20秒以内）,力行,17.0,なし（または停止）,0.0,0.0,56.34,75.0,75.0,75.0,49.6,71.0,67.4,惰行 ↔ 勾配ブレーキ,惰行,49.6,6.8,57.1,75.0,56.9,56.9,,827.3,63.0,210.09,617.2,-14.2,0.273,2.669,35m先で勾配が-14.2‰から-16.3‰に変わる,前方に現示の低下なし,0.0,0.0,1,63.0,先行列車なし,0,,0,0,0,後続列車なし,該当なし,該当なし,0,0,0,30,240,,,
18.0,over_power_s0,0,0.153231,駅出発直後の加速フェーズ（20秒以内）,力行,18.0,なし（または停止）,0.0,0.0,58.95,75.0,75.0,75.0,49.9,71.2,67.8,惰行 ↔ 勾配ブレーキ,惰行,49.9,9.0,57.3,75.0,58.9,58.9,,811.3,62.0,230.01,581.26,-14.2,0.263,2.552,15m先で勾配が-14.2‰から-16.3‰に変わる,前方に現示の低下なし,0.0,0.0,1,62.0,先行列車なし,0,,0,0,0,後続列車なし,該当なし,該当なし,0,0,0,30,240,,,
19.0,over_power_s0,0,0.169959,駅出発直後の加速フェーズ（20秒以内）,力行,19.0,なし（または停止）,0.0,0.0,61.46,75.0,75.0,75.0,50.3,71.2,67.9,惰行 ↔ 勾配ブレーキ,惰行,50.3,11.2,57.4,75.0,61.5,61.5,,794.5,61.0,249.86,544.68,-16.3,0.326,2.522,540m先で勾配が-16.3‰から+2.0‰に変わる,前方に現示の低下なし,0.0,0.0,1,61.0,先行列車なし,0,,0,0,0,後続列車なし,該当なし,該当なし,0,0,0,30,240,,,
20.0,over_power_s0,0,0.18738,巡航フェーズ（駅間走行中）,力行,20.0,なし（または停止）,0.0,0.0,63.93,75.0,75.0,75.0,50.7,71.4,68.1,惰行 ↔ 勾配ブレーキ,惰行,50.7,13.2,56.9,75.0,63.9,63.9,,777.1,60.0,269.62,507.5,-16.3,0.315,2.426,525m先で勾配が-16.3‰から+2.0‰に変わる,前方に現示の低下なし,0.0,0.0,1,60.0,先行列車なし,0,,0,0,0,後続列車なし,該当なし,該当なし,0,0,0,30,240,,,
21.0,over_power_s0,0,0.205475,巡航フェーズ（駅間走行中）,力行,21.0,なし（または停止）,0.0,0.0,66.31,75.0,75.0,75.0,51.2,71.5,68.2,惰行 ↔ 勾配ブレーキ,惰行,51.2,15.1,56.8,75.0,66.3,66.3,,759.0,59.0,289.3,469.72,-16.3,0.304,2.339,505m先で勾配が-16.3‰から+2.0‰に変わる,前方に現示の低下なし,0.0,0.0,1,59.0,先行列車なし,0,,0,0,0,後続列車なし,該当なし,該当なし,0,0,0,30,240,,,
22.0,over_power_s0,0,0.22422,巡航フェーズ（駅間走行中）,力行,22.0,なし（または停止）,0.0,0.0,68.61,75.0,75.0,75.0,51.7,71.6,68.3,惰行 ↔ 勾配ブレーキ,惰行,51.7,16.9,56.9,75.0,68.6,68.6,,740.3,58.0,308.88,431.4,-16.3,0.294,2.261,485m先で勾配が-16.3‰から+2.0‰に変わる,前方に現示の低下なし,0.0,0.0,1,58.0,先行列車なし,0,,0,0,0,後続列車なし,該当なし,該当なし,0,0,0,30,240,,,
23.0,over_power_s0,0,0.243593,巡航フェーズ（駅間走行中）,力行,23.0,なし（または停止）,0.0,0.0,70.84,75.0,75.0,75.0,52.2,71.7,68.4,惰行 ↔ 勾配ブレーキ,惰行,52.2,18.7,56.0,75.0,70.8,70.8,,720.9,57.0,328.37,392.54,-16.3,0.283,2.188,465m先で勾配が-16.3‰から+2.0‰に変わる,前方に現示の低下なし,0.0,0.0,1,57.0,先行列車なし,0,,0,0,0,後続列車なし,該当なし,該当なし,0,0,0,30,240,,,
24.0,over_power_s0,0,0.263574,巡航フェーズ（駅間走行中）,力行,24.0,なし（または停止）,0.0,0.0,72.99,75.0,75.0,75.0,52.7,71.8,68.5,惰行 ↔ 勾配ブレーキ,惰行,52.7,20.3,56.0,75.0,73.0,73.0,,700.9,56.0,347.74,353.18,-16.3,0.273,2.122,445m先で勾配が-16.3‰から+2.0‰に変わる,前方に現示の低下なし,0.0,0.0,1,56.0,先行列車なし,0,,0,0,0,後続列車なし,該当なし,該当なし,0,0,0,30,240,,,
25.0,over_power_s0,0,0.284136,巡航フェーズ（駅間走行中）,惰行,0.2,力行,24.8,1.81,74.76,75.0,75.0,75.0,53.2,71.9,68.6,惰行 ↔ 勾配ブレーキ,惰行,53.2,21.6,55.1,75.0,74.8,74.8,,680.4,55.0,363.99,316.37,-16.3,0.264,2.069,425m先で勾配が-16.3‰から+2.0‰に変わる,前方に現示の低下なし,0.0,0.0,1,55.0,先行列車なし,0,,0,0,0,後続列車なし,該当なし,該当なし,0,0,0,30,240,,,
26.0,over_power_s0,0,0.304939,巡航フェーズ（駅間走行中）,惰行,1.2,力行,24.8,1.8,75.02,75.0,75.0,75.0,53.7,71.9,68.6,惰行 ↔ 勾配ブレーキ,惰行,53.7,21.3,55.1,75.0,75.0,75.0,,659.6,54.0,366.44,293.12,-16.3,0.263,2.061,405m先で勾配が-16.3‰から+2.0‰に変わる,前方に現示の低下なし,0.0,0.0,1,54.0,先行列車なし,0,,0,0,0,後続列車なし,該当なし,該当なし,0,0,0,30,240,,,
27.0,over_power_s0,0,0.325816,巡航フェーズ（駅間走行中）,惰行,2.2,力行,24.8,1.79,75.29,75.0,75.0,75.0,54.2,71.9,68.6,惰行 ↔ 勾配ブレーキ,惰行,54.2,21.1,53.9,75.0,75.0,75.0,,638.7,53.0,368.89,269.79,-16.3,0.262,2.047,385m先で勾配が-16.3‰から+2.0‰に変わる,前方に現示の低下なし,0.0,0.0,1,53.0,先行列車なし,0,,0,0,0,後続列車なし,該当なし,該当なし,0,0,0,30,240,,,
28.0,over_power_s0,0,0.346765,巡航フェーズ（駅間走行中）,惰行,3.2,力行,24.8,1.77,75.55,75.0,75.0,75.0,54.7,71.9,68.7,惰行 ↔ 勾配ブレーキ,惰行,54.7,20.9,53.3,75.0,75.0,75.0,,617.7,52.0,368.8,248.94,-16.3,0.26,2.034,365m先で勾配が-16.3‰から+2.0‰に変わる,前方に現示の低下なし,0.0,0.0,1,52.0,先行列車なし,0,,0,0,0,後続列車なし,該当なし,該当なし,0,0,0,30,240,,,
29.0,over_power_s0,0,0.367787,巡航フェーズ（駅間走行中）,惰行,4.2,力行,24.8,1.76,75.81,75.0,75.0,75.0,55.2,72.0,68.7,惰行 ↔ 勾配ブレーキ,惰行,55.2,20.6,52.4,75.0,75.0,75.0,,596.7,51.0,365.7,231.01,-16.3,0.259,2.02,340m先で勾配が-16.3‰から+2.0‰に変わる,前方に現示の低下なし,0.0,0.0,1,51.0,先行列車なし,0,,0,0,0,後続列車なし,該当なし,該当なし,0,0,0,30,240,,,
30.0,over_power_s0,0,0.388881,巡航フェーズ（駅間走行中）,惰行,5.2,力行,24.8,1.75,76.07,75.0,75.0,75.0,55.7,72.0,68.7,惰行 ↔ 勾配ブレーキ,惰行,55.7,20.4,52.3,75.0,75.0,75.0,,575.6,50.0,362.56,213.06,-16.3,0.258,2.007,320m先で勾配が-16.3‰から+2.0‰に変わる,前方に現示の低下なし,0.0,0.0,1,50.0,先行列車なし,0,,0,0,0,後続列車なし,該当なし,該当なし,0,0,0,30,240,,,
31.0,over_power_s0,0,0.410046,巡航フェーズ（駅間走行中）,惰行,6.2,力行,24.8,1.74,76.32,75.0,75.0,75.0,56.1,72.0,68.7,惰行 ↔ 勾配ブレーキ,惰行,56.1,20.2,50.5,75.0,75.0,75.0,,554.5,49.0,359.42,195.03,-16.3,0.257,1.994,300m先で勾配が-16.3‰から+2.0‰に変わる,前方に現示の低下なし,0.0,0.0,1,49.0,先行列車なし,0,,0,0,0,後続列車なし,該当なし,該当なし,0,0,0,30,240,,,
32.0,over_power_s0,0,0.431282,巡航フェーズ（駅間走行中）,惰行,7.2,力行,24.8,1.73,76.58,75.0,75.0,75.0,56.6,72.0,68.7,惰行 ↔ 勾配ブレーキ,惰行,56.6,20.0,50.2,75.0,75.0,75.0,,533.2,48.0,356.02,177.19,-16.3,0.255,1.981,280m先で勾配が-16.3‰から+2.0‰に変わる,前方に現示の低下なし,0.0,0.0,1,48.0,先行列車なし,0,,0,0,0,後続列車なし,該当なし,該当なし,0,0,0,30,240,,,
33.0,over_power_s0,0,0.45259,巡航フェーズ（駅間走行中）,惰行,8.2,力行,24.8,1.71,76.83,75.0,75.0,75.0,57.1,72.0,68.7,惰行 ↔ 勾配ブレーキ,惰行,57.1,19.8,49.4,75.0,75.0,75.0,,511.9,47.0,352.94,158.97,-16.3,0.254,1.968,255m先で勾配が-16.3‰から+2.0‰に変わる,前方に現示の低下なし,0.0,0.0,1,47.0,先行列車なし,0,,0,0,0,後続列車なし,該当なし,該当なし,0,0,0,30,240,,,
34.0,over_power_s0,0,0.473968,巡航フェーズ（駅間走行中）,惰行,9.2,力行,24.8,1.7,77.09,75.0,75.0,75.0,57.5,72.1,68.8,惰行 ↔ 勾配ブレーキ,惰行,57.5,19.6,48.4,75.0,75.0,75.0,,490.5,46.0,349.73,140.8,-16.3,0.253,1.956,235m先で勾配が-16.3‰から+2.0‰に変わる,前方に現示の低下なし,0.0,0.0,1,46.0,先行列車なし,0,,0,0,0,後続列車なし,該当なし,該当なし,0,0,0,30,240,,,
35.0,over_power_s0,0,0.495416,巡航フェーズ（駅間走行中）,惰行,10.2,力行,24.8,1.69,77.34,75.0,75.0,75.0,58.0,72.1,68.8,惰行 ↔ 勾配ブレーキ,惰行,58.0,19.4,47.1,75.0,75.0,75.0,,469.1,45.0,346.87,122.21,-16.3,0.251,1.944,215m先で勾配が-16.3‰から+2.0‰に変わる,前方に現示の低下なし,0.0,0.0,1,45.0,先行列車なし,0,,0,0,0,後続列車なし,該当なし,該当なし,0,0,0,30,240,,,
36.0,over_power_s0,0,0.516934,巡航フェーズ（駅間走行中）,惰行,11.2,力行,24.8,1.68,77.59,75.0,75.0,75.0,58.4,72.1,68.8,惰行 ↔ 勾配ブレーキ,惰行,58.4,19.2,46.3,75.0,75.0,75.0,,447.6,44.0,343.7,103.86,-16.3,0.25,1.931,195m先で勾配が-16.3‰から+2.0‰に変わる,前方に現示の低下なし,0.0,0.0,1,44.0,先行列車なし,0,,0,0,0,後続列車なし,該当なし,該当なし,0,0,0,30,240,,,
37.0,over_power_s0,0,0.538522,巡航フェーズ（駅間走行中）,惰行,12.2,力行,24.8,1.67,77.84,75.0,75.0,75.0,58.9,72.1,68.8,惰行 ↔ 勾配ブレーキ,惰行,58.9,19.0,45.2,75.0,75.0,75.0,,426.0,43.0,340.22,85.75,-16.3,0.249,1.919,170m先で勾配が-16.3‰から+2.0‰に変わる,前方に現示の低下なし,0.0,0.0,1,43.0,先行列車なし,0,,0,0,0,後続列車なし,該当なし,該当なし,0,0,0,30,240,,,
38.0,over_power_s0,0,0.560178,巡航フェーズ（駅間走行中）,惰行,13.2,力行,24.8,1.66,78.09,75.0,75.0,75.0,59.3,72.1,68.8,惰行 ↔ 勾配ブレーキ,惰行,59.3,18.8,42.9,75.0,75.0,75.0,,404.3,42.0,337.35,66.97,-16.3,0.248,1.907,150m先で勾配が-16.3‰から+2.0‰に変わる,前方に現示の低下なし,0.0,0.0,1,42.0,先行列車なし,0,,0,0,0,後続列車なし,該当なし,該当なし,0,0,0,30,240,,,
39.0,over_power_s0,0,0.581904,次駅への減速フェーズ（駅手前400m以内）,惰行,14.2,力行,24.8,1.65,78.33,75.0,75.0,75.0,59.8,72.2,68.9,惰行 ↔ 勾配ブレーキ,惰行,59.8,18.6,,75.0,75.0,75.0,,382.6,41.0,334.27,48.33,-16.3,0.246,1.896,130m先で勾配が-16.3‰から+2.0‰に変わる,前方に現示の低下なし,0.0,0.0,1,41.0,先行列車なし,0,,0,0,0,後続列車なし,該当なし,該当なし,0,0,0,30,240,,,
40.0,over_power_s0,0,0.603698,次駅への減速フェーズ（駅手前400m以内）,惰行,15.2,力行,24.8,1.64,78.58,75.0,75.0,75.0,60.2,72.2,68.9,惰行 ↔ 勾配ブレーキ,惰行,60.2,18.4,,75.0,75.0,75.0,,360.8,40.0,330.98,29.82,-16.3,0.245,1.884,105m先で勾配が-16.3‰から+2.0‰に変わる,前方に現示の低下なし,0.0,0.0,1,40.0,先行列車なし,0,,0,0,0,後続列車なし,該当なし,該当なし,0,0,0,30,240,,,
41.0,over_power_s0,0,0.62556,次駅への減速フェーズ（駅手前400m以内）,惰行,16.2,力行,24.8,1.63,78.82,75.0,75.0,75.0,60.6,72.2,68.9,惰行 ↔ 勾配ブレーキ,惰行,60.6,18.2,,75.0,75.0,75.0,,338.9,39.0,327.99,10.95,-16.3,0.244,1.873,85m先で勾配が-16.3‰から+2.0‰に変わる,前方に現示の低下なし,0.0,0.0,1,39.0,先行列車なし,0,,0,0,0,後続列車なし,該当なし,該当なし,0,0,0,30,240,,,
42.0,over_power_s0,0,0.647435,次駅への減速フェーズ（駅手前400m以内）,制動,0.4,惰行,16.8,2.5,78.09,75.0,75.0,75.0,61.1,72.1,68.8,惰行 ↔ 勾配ブレーキ,惰行,61.1,17.0,,75.0,75.0,75.0,,317.1,38.0,317.39,-0.32,-16.3,0.248,1.907,65m先で勾配が-16.3‰から+2.0‰に変わる,前方に現示の低下なし,0.0,0.0,1,38.0,先行列車なし,0,,0,0,0,後続列車なし,該当なし,該当なし,0,0,0,30,240,,,
43.0,over_power_s0,0,0.668812,次駅への減速フェーズ（駅手前400m以内）,制動,1.4,惰行,16.8,2.5,75.85,75.0,75.0,75.0,61.5,72.0,68.0,惰行 ↔ 勾配ブレーキ,惰行,61.5,14.4,,75.0,75.0,75.0,,295.7,37.0,296.0,-0.31,-16.3,0.259,2.018,40m先で勾配が-16.3‰から+2.0‰に変わる,前方に現示の低下なし,0.0,0.0,1,37.0,先行列車なし,0,,0,0,0,後続列車なし,該当なし,該当なし,0,0,0,30,240,,,
44.0,over_power_s0,0,0.689567,次駅への減速フェーズ（駅手前400m以内）,制動,2.4,惰行,16.8,2.5,73.61,75.0,75.0,75.0,61.9,71.8,64.7,勾配力行 ↔ 惰行,惰行,61.9,11.8,,75.0,75.0,75.0,,274.9,36.0,275.21,-0.28,-16.3,0.27,2.103,20m先で勾配が-16.3‰から+2.0‰に変わる,982m先でATC現示が75km/hから70km/hに低下する,0.0,0.0,1,36.0,先行列車なし,0,,0,0,0,後続列車なし,該当なし,該当なし,0,0,0,30,240,,,
45.0,over_power_s0,0,0.709701,次駅への減速フェーズ（駅手前400m以内）,制動,3.4,惰行,16.8,2.5,71.32,75.0,75.0,75.0,62.2,72.7,66.9,勾配力行 ↔ 惰行,惰行,62.2,9.2,,75.0,75.0,75.0,,254.8,35.0,255.04,-0.24,2.0,-0.365,1.528,当面+2.0‰が続く,962m先でATC現示が75km/hから70km/hに低下する,0.0,0.0,1,35.0,先行列車なし,0,,0,0,0,後続列車なし,該当なし,該当なし,0,0,0,30,240,,,
46.0,over_power_s0,0,0.72911,次駅への減速フェーズ（駅手前400m以内）,制動,4.4,惰行,16.8,2.5,68.46,75.0,75.0,75.0,61.8,72.6,66.7,勾配力行 ↔ 惰行,惰行,61.8,6.7,,75.0,75.0,75.0,,235.4,34.0,235.62,-0.23,2.0,-0.351,1.62,当面+2.0‰が続く,943m先でATC現示が75km/hから70km/hに低下する,0.0,0.0,1,34.0,先行列車なし,0,,0,0,0,後続列車なし,該当なし,該当なし,0,0,0,30,240,,,
47.0,over_power_s0,0,0.747726,次駅への減速フェーズ（駅手前400m以内）,制動,5.4,惰行,16.8,2.5,65.61,75.0,75.0,75.0,61.4,72.4,66.6,勾配力行 ↔ 惰行,惰行,61.4,4.2,,75.0,75.0,75.0,,216.8,33.0,217.0,-0.23,2.0,-0.338,1.719,当面+2.0‰が続く,924m先でATC現示が75km/hから70km/hに低下する,0.0,0.0,1,33.0,先行列車なし,0,,0,0,0,後続列車なし,該当なし,該当なし,0,0,0,30,240,,,
48.0,over_power_s0,0,0.765554,次駅への減速フェーズ（駅手前400m以内）,制動,6.4,惰行,16.8,2.5,62.78,75.0,75.0,75.0,61.1,72.3,66.4,勾配力行 ↔ 惰行,惰行,61.1,1.7,,75.0,75.0,75.0,,198.9,32.0,199.17,-0.22,2.0,-0.325,1.824,当面+2.0‰が続く,906m先でATC現示が75km/hから70km/hに低下する,0.0,0.0,1,32.0,先行列車なし,0,,0,0,0,後続列車なし,該当なし,該当なし,0,0,0,30,240,,,
49.0,over_power_s0,0,0.782598,次駅への減速フェーズ（駅手前400m以内）,制動,7.4,惰行,16.8,2.5,59.96,75.0,75.0,75.0,59.9,72.1,66.3,勾配力行 ↔ 惰行,惰行,59.9,0.0,,75.0,75.0,75.0,,181.9,31.0,182.12,-0.22,2.0,-0.313,1.937,当面+2.0‰が続く,889m先でATC現示が75km/hから70km/hに低下する,0.0,0.0,1,31.0,先行列車なし,0,,0,0,0,後続列車なし,該当なし,該当なし,0,0,0,30,240,,,
50.0,over_power_s0,0,0.79886,次駅への減速フェーズ（駅手前400m以内）,制動,8.4,惰行,16.8,2.5,57.15,75.0,75.0,75.0,57.1,71.9,66.1,勾配力行 ↔ 惰行,惰行,57.1,0.0,,75.0,75.0,75.0,,165.6,30.0,165.86,-0.22,2.0,-0.301,2.06,当面+2.0‰が続く,873m先でATC現示が75km/hから70km/hに低下する,0.0,0.0,1,30.0,先行列車なし,0,,0,0,0,後続列車なし,該当なし,該当なし,0,0,0,30,240,,,
51.0,over_power_s0,0,0.814344,次駅への減速フェーズ（駅手前400m以内）,制動,9.4,惰行,16.8,2.5,54.36,75.0,75.0,75.0,54.3,71.7,65.9,勾配力行 ↔ 惰行,惰行,54.3,0.0,,75.0,75.0,75.0,,150.2,29.0,150.37,-0.21,2.0,-0.29,2.192,当面+2.0‰が続く,857m先でATC現示が75km/hから70km/hに低下する,0.0,0.0,1,29.0,先行列車なし,0,,0,0,0,後続列車なし,該当なし,該当なし,0,0,0,30,240,,,
52.0,over_power_s0,0,0.829052,次駅への減速フェーズ（駅手前400m以内）,制動,10.4,惰行,16.8,2.5,51.57,75.0,75.0,75.0,51.5,71.5,65.7,勾配力行 ↔ 惰行,惰行,51.5,0.0,,75.0,75.0,75.0,,135.4,28.0,135.65,-0.21,2.0,-0.279,2.337,当面+2.0‰が続く,843m先でATC現示が75km/hから70km/hに低下する,0.0,0.0,1,28.0,先行列車なし,0,,0,0,0,後続列車なし,該当なし,該当なし,0,0,0,30,240,,,
52.5,over_power_s0,0,0.836117,次駅への減速フェーズ（駅手前400m以内）,制動,10.9,惰行,16.8,2.5,50.19,75.0,75.0,75.0,50.2,71.4,65.6,勾配力行 ↔ 惰行,惰行,50.2,0.0,,75.0,75.0,75.0,,128.4,27.5,128.59,-0.21,2.0,-0.274,2.415,当面+2.0‰が続く,836m先でATC現示が75km/hから70km/hに低下する,0.0,0.0,1,27.5,先行列車なし,0,,0,0,0,後続列車なし,該当なし,該当なし,0,0,0,30,240,,,
53.0,over_power_s0,0,0.842989,次駅への減速フェーズ（駅手前400m以内）,制動,11.4,惰行,16.8,2.5,48.8,75.0,75.0,75.0,48.8,71.3,65.4,勾配力行 ↔ 惰行,惰行,48.8,0.0,,75.0,75.0,75.0,,121.5,27.0,121.71,-0.2,2.0,-0.269,2.497,当面+2.0‰が続く,829m先でATC現示が75km/hから70km/hに低下する,0.0,0.0,1,27.0,先行列車なし,0,,0,0,0,後続列車なし,該当なし,該当なし,0,0,0,30,240,,,
53.5,over_power_s0,0,0.849669,次駅への減速フェーズ（駅手前400m以内）,制動,11.9,惰行,16.8,2.5,47.42,75.0,75.0,75.0,47.4,71.1,65.3,勾配力行 ↔ 惰行,惰行,47.4,0.0,,75.0,75.0,75.0,,114.8,26.5,115.03,-0.2,2.0,-0.264,2.582,当面+2.0‰が続く,822m先でATC現示が75km/hから70km/hに低下する,0.0,0.0,1,26.5,先行列車なし,0,,0,0,0,後続列車なし,該当なし,該当なし,0,0,0,30,240,,,
54.0,over_power_s0,0,0.856157,次駅への減速フェーズ（駅手前400m以内）,制動,12.4,惰行,16.8,2.5,46.04,75.0,75.0,75.0,46.0,71.0,65.2,勾配力行 ↔ 惰行,惰行,46.0,0.0,,75.0,75.0,75.0,,108.3,26.0,108.54,-0.2,2.0,-0.259,2.673,当面+2.0‰が続く,816m先でATC現示が75km/hから70km/hに低下する,0.0,0.0,1,26.0,先行列車なし,0,,0,0,0,後続列車なし,該当なし,該当なし,0,0,0,30,240,,,
54.5,over_power_s0,0,0.862453,次駅への減速フェーズ（駅手前400m以内）,制動,12.9,惰行,16.8,2.5,44.66,75.0,75.0,75.0,44.7,70.8,65.0,勾配力行 ↔ 惰行,惰行,44.7,0.0,,75.0,75.0,75.0,,102.0,25.5,102.24,-0.2,2.0,-0.254,2.768,当面+2.0‰が続く,809m先でATC現示が75km/hから70km/hに低下する,0.0,0.0,1,25.5,先行列車なし,0,,0,0,0,後続列車なし,該当なし,該当なし,0,0,0,30,240,,,
55.0,over_power_s0,0,0.868558,次駅への減速フェーズ（駅手前400m以内）,制動,13.4,惰行,16.8,2.5,43.28,75.0,75.0,75.0,43.3,70.7,64.9,勾配力行 ↔ 惰行,惰行,43.3,0.0,,75.0,75.0,75.0,,95.9,25.0,96.14,-0.19,2.0,-0.249,2.869,当面+2.0‰が続く,803m先でATC現示が75km/hから70km/hに低下する,0.0,0.0,1,25.0,先行列車なし,0,,0,0,0,後続列車なし,該当なし,該当なし,0,0,0,30,240,,,
55.5,over_power_s0,0,0.874472,次駅への減速フェーズ（駅手前400m以内）,制動,13.9,惰行,16.8,2.5,41.91,75.0,75.0,75.0,41.9,70.5,64.7,勾配力行 ↔ 惰行,惰行,41.9,0.0,,75.0,75.0,75.0,,90.0,24.5,90.22,-0.19,2.0,-0.244,2.976,当面+2.0‰が続く,797m先でATC現示が75km/hから70km/hに低下する,0.0,0.0,1,24.5,先行列車なし,0,,0,0,0,後続列車なし,該当なし,該当なし,0,0,0,30,240,,,
56.0,over_power_s0,0,0.880195,次駅への減速フェーズ（駅手前400m以内）,制動,14.4,惰行,16.8,2.5,40.54,75.0,75.0,75.0,40.5,70.4,64.5,勾配力行 ↔ 惰行,惰行,40.5,0.0,,75.0,75.0,75.0,,84.3,24.0,84.5,-0.19,2.0,-0.24,3.089,当面+2.0‰が続く,792m先でATC現示が75km/hから70km/hに低下する,0.0,0.0,1,24.0,先行列車なし,0,,0,0,0,後続列車なし,該当なし,該当なし,0,0,0,30,240,,,
56.5,over_power_s0,0,0.885729,次駅への減速フェーズ（駅手前400m以内）,制動,14.9,惰行,16.8,2.5,39.17,75.0,75.0,75.0,39.2,70.3,64.5,勾配力行 ↔ 惰行,惰行,39.2,0.0,,75.0,75.0,75.0,,78.8,23.5,78.96,-0.19,2.0,-0.235,3.138,当面+2.0‰が続く,786m先でATC現示が75km/hから70km/hに低下する,0.0,0.0,1,23.5,先行列車なし,0,,0,0,0,後続列車なし,該当なし,該当なし,0,0,0,30,240,,,
57.0,over_power_s0,0,0.891072,次駅への減速フェーズ（駅手前400m以内）,制動,15.4,惰行,16.8,2.5,37.8,75.0,75.0,75.0,37.8,70.3,64.5,勾配力行 ↔ 惰行,惰行,37.8,0.0,,75.0,75.0,75.0,,73.4,23.0,73.61,-0.19,2.0,-0.231,3.143,当面+2.0‰が続く,781m先でATC現示が75km/hから70km/hに低下する,0.0,0.0,1,23.0,先行列車なし,0,,0,0,0,後続列車なし,該当なし,該当なし,0,0,0,30,240,,,
57.5,over_power_s0,0,0.896226,次駅への減速フェーズ（駅手前400m以内）,制動,15.9,惰行,16.8,2.5,36.44,75.0,75.0,75.0,36.4,70.3,64.5,勾配力行 ↔ 惰行,惰行,36.4,0.0,,75.0,75.0,75.0,,68.3,22.5,68.46,-0.18,2.0,-0.227,3.147,当面+2.0‰が続く,776m先でATC現示が75km/hから70km/hに低下する,0.0,0.0,1,22.5,先行列車なし,0,,0,0,0,後続列車なし,該当なし,該当なし,0,0,0,30,240,,,
58.0,over_power_s0,0,0.90119,次駅への減速フェーズ（駅手前400m以内）,制動,16.4,惰行,16.8,2.5,35.08,75.0,75.0,75.0,35.1,70.3,64.5,勾配力行 ↔ 惰行,惰行,35.1,0.0,,75.0,75.0,75.0,,63.3,22.0,63.49,-0.18,2.0,-0.222,3.151,当面+2.0‰が続く,771m先でATC現示が75km/hから70km/hに低下する,0.0,0.0,1,22.0,先行列車なし,0,,0,0,0,後続列車なし,該当なし,該当なし,0,0,0,30,240,,,
58.5,over_power_s0,0,0.905965,次駅への減速フェーズ（駅手前400m以内）,制動,16.9,惰行,16.8,2.5,33.72,75.0,75.0,75.0,33.7,70.3,64.4,勾配力行 ↔ 惰行,惰行,33.7,0.0,,75.0,75.0,75.0,,58.5,21.5,58.72,-0.18,2.0,-0.218,3.156,当面+2.0‰が続く,766m先でATC現示が75km/hから70km/hに低下する,0.0,0.0,1,21.5,先行列車なし,0,,0,0,0,後続列車なし,該当なし,該当なし,0,0,0,30,240,,,
59.0,over_power_s0,0,0.910552,次駅への減速フェーズ（駅手前400m以内）,制動,17.4,惰行,16.8,2.5,32.36,75.0,75.0,75.0,32.4,70.3,64.4,勾配力行 ↔ 惰行,惰行,32.4,0.0,,75.0,75.0,75.0,,53.9,21.0,54.13,-0.18,2.0,-0.214,3.16,当面+2.0‰が続く,761m先でATC現示が75km/hから70km/hに低下する,0.0,0.0,1,21.0,先行列車なし,0,,0,0,0,後続列車なし,該当なし,該当なし,0,0,0,30,240,,,
59.5,over_power_s0,0,0.91495,次駅への減速フェーズ（駅手前400m以内）,制動,17.9,惰行,16.8,2.5,31.0,75.0,75.0,75.0,31.0,70.3,64.4,勾配力行 ↔ 惰行,惰行,31.0,0.0,,75.0,75.0,75.0,,49.6,20.5,49.73,-0.18,2.0,-0.21,3.163,当面+2.0‰が続く,757m先でATC現示が75km/hから70km/hに低下する,0.0,0.0,1,20.5,先行列車なし,0,,0,0,0,後続列車なし,該当なし,該当なし,0,0,0,30,240,,,
60.0,over_power_s0,0,0.91916,次駅への減速フェーズ（駅手前400m以内）,制動,18.4,惰行,16.8,2.5,29.65,75.0,75.0,75.0,29.6,70.2,64.4,勾配力行 ↔ 惰行,惰行,29.6,0.0,,75.0,75.0,75.0,,45.3,20.0,45.52,-0.18,2.0,-0.206,3.167,当面+2.0‰が続く,753m先でATC現示が75km/hから70km/hに低下する,0.0,0.0,1,20.0,先行列車なし,0,,0,0,0,後続列車なし,該当なし,該当なし,0,0,0,30,240,,,
60.5,over_power_s0,0,0.923181,次駅への減速フェーズ（駅手前400m以内）,制動,18.9,惰行,16.8,2.5,28.29,75.0,75.0,75.0,28.3,70.2,64.4,勾配力行 ↔ 惰行,惰行,28.3,0.0,,75.0,75.0,75.0,,41.3,19.5,41.49,-0.17,2.0,-0.203,3.171,当面+2.0‰が続く,749m先でATC現示が75km/hから70km/hに低下する,0.0,0.0,1,19.5,先行列車なし,0,,0,0,0,後続列車なし,該当なし,該当なし,0,0,0,30,240,,,
61.0,over_power_s0,0,0.927016,次駅への減速フェーズ（駅手前400m以内）,制動,19.4,惰行,16.8,2.5,26.94,75.0,75.0,75.0,26.9,70.2,64.4,勾配力行 ↔ 惰行,惰行,26.9,0.0,,75.0,75.0,75.0,,37.5,19.0,37.66,-0.17,2.0,-0.199,3.175,当面+2.0‰が続く,745m先でATC現示が75km/hから70km/hに低下する,0.0,0.0,1,19.0,先行列車なし,0,,0,0,0,後続列車なし,該当なし,該当なし,0,0,0,30,240,,,
61.5,over_power_s0,0,0.930662,次駅への減速フェーズ（駅手前400m以内）,制動,19.9,惰行,16.8,2.5,25.6,75.0,75.0,75.0,25.6,70.2,64.4,勾配力行 ↔ 惰行,惰行,25.6,0.0,,75.0,75.0,75.0,,33.8,18.5,34.01,-0.17,2.0,-0.195,3.178,当面+2.0‰が続く,741m先でATC現示が75km/hから70km/hに低下する,0.0,0.0,1,18.5,先行列車なし,0,,0,0,0,後続列車なし,該当なし,該当なし,0,0,0,30,240,,,
62.0,over_power_s0,0,0.934122,次駅への減速フェーズ（駅手前400m以内）,制動,20.4,惰行,16.8,2.5,24.25,75.0,75.0,75.0,24.2,70.2,64.4,勾配力行 ↔ 惰行,惰行,24.2,0.0,,75.0,75.0,75.0,,30.4,18.0,30.55,-0.17,2.0,-0.192,3.182,当面+2.0‰が続く,738m先でATC現示が75km/hから70km/hに低下する,0.0,0.0,1,18.0,先行列車なし,0,,0,0,0,後続列車なし,該当なし,該当なし,0,0,0,30,240,,,
62.5,over_power_s0,0,0.937395,次駅への減速フェーズ（駅手前400m以内）,制動,20.9,惰行,16.8,2.5,22.9,75.0,75.0,75.0,22.9,70.2,64.4,勾配力行 ↔ 惰行,惰行,22.9,0.0,,75.0,75.0,75.0,,27.1,17.5,27.27,-0.17,2.0,-0.189,3.185,当面+2.0‰が続く,734m先でATC現示が75km/hから70km/hに低下する,0.0,0.0,1,17.5,先行列車なし,0,,0,0,0,後続列車なし,該当なし,該当なし,0,0,0,30,240,,,
63.0,over_power_s0,0,0.94048,次駅への減速フェーズ（駅手前400m以内）,制動,21.4,惰行,16.8,2.5,21.56,75.0,75.0,75.0,21.6,70.2,64.4,勾配力行 ↔ 惰行,惰行,21.6,0.0,,75.0,75.0,75.0,,24.0,17.0,24.18,-0.16,2.0,-0.185,3.188,当面+2.0‰が続く,731m先でATC現示が75km/hから70km/hに低下する,0.0,0.0,1,17.0,先行列車なし,0,,0,0,0,後続列車なし,該当なし,該当なし,0,0,0,30,240,,,
63.5,over_power_s0,0,0.94338,次駅への減速フェーズ（駅手前400m以内）,制動,21.9,惰行,16.8,2.5,20.22,75.0,75.0,75.0,20.2,70.2,64.4,勾配力行 ↔ 惰行,惰行,20.2,0.0,,75.0,75.0,75.0,,21.1,16.5,21.28,-0.16,2.0,-0.182,3.192,当面+2.0‰が続く,728m先でATC現示が75km/hから70km/hに低下する,0.0,0.0,1,16.5,先行列車なし,0,,0,0,0,後続列車なし,該当なし,該当なし,0,0,0,30,240,,,
64.0,over_power_s0,0,0.946093,次駅への減速フェーズ（駅手前400m以内）,制動,22.4,惰行,16.8,2.5,18.88,75.0,75.0,75.0,18.9,70.2,64.4,勾配力行 ↔ 惰行,惰行,18.9,0.0,,75.0,75.0,75.0,,18.4,16.0,18.57,-0.16,2.0,-0.179,3.195,当面+2.0‰が続く,726m先でATC現示が75km/hから70km/hに低下する,0.0,0.0,1,16.0,先行列車なし,0,,0,0,0,後続列車なし,該当なし,該当なし,0,0,0,30,240,,,
64.5,over_power_s0,0,0.94862,次駅への減速フェーズ（駅手前400m以内）,制動,22.9,惰行,16.8,2.5,17.54,75.0,75.0,75.0,17.5,70.2,64.4,勾配力行 ↔ 惰行,惰行,17.5,0.0,,75.0,75.0,75.0,,15.9,15.5,16.04,-0.16,2.0,-0.176,3.198,当面+2.0‰が続く,723m先でATC現示が75km/hから70km/hに低下する,0.0,0.0,1,15.5,先行列車なし,0,,0,0,0,後続列車なし,該当なし,該当なし,0,0,0,30,240,,,
65.0,over_power_s0,0,0.950962,次駅への減速フェーズ（駅手前400m以内）,制動,23.4,惰行,16.8,2.5,16.2,75.0,75.0,75.0,16.2,70.2,64.4,勾配力行 ↔ 惰行,惰行,16.2,0.0,,75.0,75.0,75.0,,13.5,15.0,13.69,-0.16,2.0,-0.173,3.201,当面+2.0‰が続く,721m先でATC現示が75km/hから70km/hに低下する,0.0,0.0,1,15.0,先行列車なし,0,,0,0,0,後続列車なし,該当なし,該当なし,0,0,0,30,240,,,
65.5,over_power_s0,0,0.953117,次駅への減速フェーズ（駅手前400m以内）,制動,23.9,惰行,16.8,2.5,14.87,75.0,75.0,75.0,14.9,70.2,64.4,勾配力行 ↔ 惰行,惰行,14.9,0.0,,75.0,75.0,75.0,,11.4,14.5,11.54,-0.15,2.0,-0.17,3.204,当面+2.0‰が続く,719m先でATC現示が75km/hから70km/hに低下する,0.0,0.0,1,14.5,先行列車なし,0,,0,0,0,後続列車なし,該当なし,該当なし,0,0,0,30,240,,,
66.0,over_power_s0,0,0.955087,次駅への減速フェーズ（駅手前400m以内）,制動,24.4,惰行,16.8,2.5,13.53,75.0,75.0,75.0,13.5,70.2,64.4,勾配力行 ↔ 惰行,惰行,13.5,0.0,,75.0,75.0,75.0,,9.4,14.0,9.56,-0.15,2.0,-0.167,3.206,当面+2.0‰が続く,717m先でATC現示が75km/hから70km/hに低下する,0.0,0.0,1,14.0,先行列車なし,0,,0,0,0,後続列車なし,該当なし,該当なし,0,0,0,30,240,,,
66.5,over_power_s0,0,0.956872,次駅への減速フェーズ（駅手前400m以内）,制動,24.9,惰行,16.8,2.5,12.2,75.0,75.0,75.0,12.2,70.2,64.4,勾配力行 ↔ 惰行,惰行,12.2,0.0,,75.0,75.0,75.0,,7.6,13.5,7.78,-0.15,2.0,-0.165,3.209,当面+2.0‰が続く,715m先でATC現示が75km/hから70km/hに低下する,0.0,0.0,1,13.5,先行列車なし,0,,0,0,0,後続列車なし,該当なし,該当なし,0,0,0,30,240,,,
67.0,over_power_s0,0,0.958472,次駅への減速フェーズ（駅手前400m以内）,制動,25.4,惰行,16.8,2.5,10.87,75.0,75.0,75.0,10.9,70.2,64.4,勾配力行 ↔ 惰行,惰行,10.9,0.0,,75.0,75.0,75.0,,6.0,13.0,6.18,-0.15,2.0,-0.162,3.212,当面+2.0‰が続く,713m先でATC現示が75km/hから70km/hに低下する,0.0,0.0,1,13.0,先行列車なし,0,,0,0,0,後続列車なし,該当なし,該当なし,0,0,0,30,240,,,
67.5,over_power_s0,0,0.959887,次駅への減速フェーズ（駅手前400m以内）,制動,25.9,惰行,16.8,2.5,9.54,75.0,75.0,75.0,9.5,70.2,64.4,勾配力行 ↔ 惰行,惰行,9.5,0.0,,75.0,75.0,75.0,,4.6,12.5,4.76,-0.15,2.0,-0.16,3.214,当面+2.0‰が続く,712m先でATC現示が75km/hから70km/hに低下する,0.0,0.0,1,12.5,先行列車なし,0,,0,0,0,後続列車なし,該当なし,該当なし,0,0,0,30,240,,,
68.0,over_power_s0,0,0.961118,次駅への減速フェーズ（駅手前400m以内）,制動,26.4,惰行,16.8,2.5,8.21,75.0,75.0,75.0,8.2,70.2,64.4,勾配力行 ↔ 惰行,惰行,8.2,0.0,,75.0,75.0,75.0,,3.4,12.0,3.53,-0.14,2.0,-0.157,3.216,当面+2.0‰が続く,711m先でATC現示が75km/hから70km/hに低下する,0.0,0.0,1,12.0,先行列車なし,0,,0,0,0,後続列車なし,該当なし,該当なし,0,0,0,30,240,,,
68.5,over_power_s0,0,0.962164,次駅への減速フェーズ（駅手前400m以内）,制動,26.9,惰行,16.8,2.5,6.88,75.0,75.0,75.0,6.9,70.2,64.4,勾配力行 ↔ 惰行,惰行,6.9,0.0,,75.0,75.0,75.0,,2.3,11.5,2.48,-0.14,2.0,-0.155,3.219,当面+2.0‰が続く,710m先でATC現示が75km/hから70km/hに低下する,0.0,0.0,1,11.5,先行列車なし,0,,0,0,0,後続列車なし,該当なし,該当なし,0,0,0,30,240,,,
69.0,over_power_s0,0,0.963025,次駅への減速フェーズ（駅手前400m以内）,制動,27.4,惰行,16.8,2.5,5.55,75.0,75.0,75.0,5.5,70.2,64.3,勾配力行 ↔ 惰行,惰行,5.5,0.0,,75.0,75.0,75.0,,1.5,11.0,1.62,-0.14,2.0,-0.153,3.221,当面+2.0‰が続く,709m先でATC現示が75km/hから70km/hに低下する,0.0,0.0,1,11.0,先行列車なし,0,,0,0,0,後続列車なし,該当なし,該当なし,0,0,0,30,240,,,
69.5,over_power_s0,0,0.963702,次駅への減速フェーズ（駅手前400m以内）,制動,27.9,惰行,16.8,2.5,4.23,75.0,75.0,75.0,4.2,70.2,64.3,勾配力行 ↔ 惰行,惰行,4.2,0.0,,75.0,75.0,75.0,,0.8,10.5,0.94,-0.14,2.0,-0.151,3.223,当面+2.0‰が続く,708m先でATC現示が75km/hから70km/hに低下する,0.0,0.0,1,10.5,先行列車なし,0,,0,0,0,後続列車なし,該当なし,該当なし,0,0,0,30,240,,,
70.0,over_power_s0,0,0.964196,次駅への減速フェーズ（駅手前400m以内）,制動,28.4,惰行,16.8,2.5,2.9,75.0,75.0,75.0,2.9,70.2,64.3,勾配力行 ↔ 惰行,惰行,2.9,0.0,,75.0,75.0,75.0,,0.3,10.0,0.44,-0.14,2.0,-0.148,3.225,当面+2.0‰が続く,708m先でATC現示が75km/hから70km/hに低下する,0.0,0.0,1,10.0,先行列車なし,0,,0,0,0,後続列車なし,該当なし,該当なし,0,0,0,30,240,,,
70.5,over_power_s0,0,0.964505,次駅への減速フェーズ（駅手前400m以内）,制動,28.9,惰行,16.8,2.5,1.58,75.0,75.0,75.0,1.8,70.2,64.3,勾配力行 ↔ 惰行,惰行,1.8,-0.2,,75.0,0.0,0.0,,-0.0,9.5,0.13,-0.14,2.0,-0.147,3.227,当面+2.0‰が続く,707m先でATC現示が75km/hから70km/hに低下する,0.0,0.0,1,9.5,先行列車なし,0,,0,0,0,後続列車なし,該当なし,該当なし,0,0,0,30,240,,,
71.0,over_power_s0,0,0.96463,駅停車完了（速度0km/h）,制動,29.4,惰行,16.8,2.5,0.26,75.0,75.0,75.0,1.8,70.2,64.3,勾配力行 ↔ 惰行,惰行,1.8,-1.5,,75.0,0.0,0.0,,-0.1,9.0,0.0,-0.13,2.0,-0.145,3.229,当面+2.0‰が続く,707m先でATC現示が75km/hから70km/hに低下する,0.0,0.0,1,9.0,先行列車なし,0,,0,0,0,後続列車なし,該当なし,該当なし,0,0,0,30,240,,,
0.0,useless_brake_s0,0,0.0,駅出発直後の加速フェーズ（20秒以内）,力行,0.0,なし（または停止）,0.0,0.0,0.0,45.0,45.0,45.0,0.0,39.8,34.5,惰行 ↔ 勾配ブレーキ,惰行,0.0,0.0,49.4,75.0,45.0,45.0,,964.5,80.0,0.0,964.5,-5.0,0.103,3.476,80m先で勾配が-5.0‰から-14.2‰に変わる,前方に現示の低下なし,0.0,0.0,1,80.0,先行列車なし,0,,0,0,0,後続列車なし,該当なし,該当なし,0,0,0,30,240,,,
1.0,useless_brake_s0,0,0.000487,駅出発直後の加速フェーズ（20秒以内）,力行,1.0,なし（または停止）,0.0,0.0,3.47,45.0,45.0,45.0,3.5,39.8,34.5,惰行 ↔ 勾配ブレーキ,惰行,3.5,-0.0,50.2,75.0,45.0,45.0,,964.0,79.0,0.7,963.31,-5.0,0.098,3.471,80m先で勾配が-5.0‰から-14.2‰に変わる,前方に現示の低下なし,0.0,0.0,1,79.0,先行列車なし,0,,0,0,0,後続列車なし,該当なし,該当なし,0,0,0,30,240,,,
2.0,useless_brake_s0,0,0.001939,駅出発直後の加速フェーズ（20秒以内）,力行,2.0,なし（または停止）,0.0,0.0,6.94,45.0,45.0,45.0,6.9,39.8,34.5,惰行 ↔ 勾配ブレーキ,惰行,6.9,-0.0,51.0,75.0,45.0,45.0,,962.6,78.0,2.78,959.78,-5.0,0.092,3.466,80m先で勾配が-5.0‰から-14.2‰に変わる,前方に現示の低下なし,0.0,0.0,1,78.0,先行列車なし,0,,0,0,0,後続列車なし,該当なし,該当なし,0,0,0,30,240,,,
3.0,useless_brake_s0,0,0.004353,駅出発直後の加速フェーズ（20秒以内）,力行,3.0,なし（または停止）,0.0,0.0,10.4,45.0,45.0,45.0,10.4,39.8,34.5,惰行 ↔ 勾配ブレーキ,惰行,10.4,-0.0,51.8,75.0,45.0,45.0,,960.1,77.0,6.24,953.9,-5.0,0.086,3.459,75m先で勾配が-5.0‰から-14.2‰に変わる,前方に現示の低下なし,0.0,0.0,1,77.0,先行列車なし,0,,0,0,0,後続列車なし,該当なし,該当なし,0,0,0,30,240,,,
4.0,useless_brake_s0,0,0.007729,駅出発直後の加速フェーズ（20秒以内）,力行,4.0,なし（または停止）,0.0,0.0,13.86,45.0,45.0,45.0,13.9,39.8,34.5,惰行 ↔ 勾配ブレーキ,惰行,13.9,0.0,52.3,75.0,45.0,45.0,,956.8,76.0,11.06,945.71,-5.0,0.079,3.453,70m先で勾配が-5.0‰から-14.2‰に変わる,前方に現示の低下なし,0.0,0.0,1,76.0,先行列車なし,0,,0,0,0,後続列車なし,該当なし,該当なし,0,0,0,30,240,,,
5.0,useless_brake_s0,0,0.012063,駅出発直後の加速フェーズ（20秒以内）,力行,5.0,なし（または停止）,0.0,0.0,17.31,45.0,45.0,45.0,17.3,39.8,34.5,惰行 ↔ 勾配ブレーキ,惰行,17.3,0.0,53.0,75.0,45.0,45.0,,952.4,75.0,17.22,935.22,-5.0,0.072,3.445,70m先で勾配が-5.0‰から-14.2‰に変わる,前方に現示の低下なし,0.0,0.0,1,75.0,先行列車なし,0,,0,0,0,後続列車なし,該当なし,該当なし,0,0,0,30,240,,,
6.0,useless_brake_s0,0,0.017354,駅出発直後の加速フェーズ（20秒以内）,力行,6.0,なし（または停止）,0.0,0.0,20.75,70.0,70.0,70.0,20.8,64.8,59.6,惰行 ↔ 勾配ブレーキ,惰行,20.8,-0.0,53.4,75.0,56.9,56.9,,947.1,74.0,24.7,922.45,-5.0,0.064,3.437,65m先で勾配が-5.0‰から-14.2‰に変わる,前方に現示の低下なし,0.0,0.0,1,74.0,先行列車なし,0,,0,0,0,後続列車なし,該当なし,該当なし,0,0,0,30,240,,,
7.0,useless_brake_s0,0,0.0236,駅出発直後の加速フェーズ（20秒以内）,力行,7.0,なし（または停止）,0.0,0.0,24.18,70.0,70.0,70.0,24.2,64.9,59.6,惰行 ↔ 勾配ブレーキ,惰行,24.2,-0.0,54.2,75.0,56.9,56.9,,940.9,73.0,33.48,907.42,-5.0,0.055,3.429,55m先で勾配が-5.0‰から-14.2‰に変わる,前方に現示の低下なし,0.0,0.0,1,73.0,先行列車なし,0,,0,0,0,後続列車なし,該当なし,該当なし,0,0,0,30,240,,,
8.0,useless_brake_s0,0,0.030799,駅出発直後の加速フェーズ（20秒以内）,力行,8.0,なし（または停止）,0.0,0.0,27.61,70.0,70.0,70.0,27.6,64.9,64.3,惰行 ↔ 勾配ブレーキ,惰行,27.6,0.0,54.5,75.0,56.9,56.9,,933.7,72.0,43.53,890.17,-5.0,0.046,3.42,50m先で勾配が-5.0‰から-14.2‰に変わる,前方に現示の低下なし,0.0,0.0,1,72.0,先行列車なし,0,,0,0,0,後続列車なし,該当なし,該当なし,0,0,0,30,240,,,
9.0,useless_brake_s0,0,0.038947,駅出発直後の加速フェーズ（20秒以内）,力行,9.0,なし（または停止）,0.0,0.0,31.02,70.0,70.0,70.0,31.0,64.9,59.9,惰行 ↔ 勾配ブレーキ,惰行,31.0,-0.0,55.1,75.0,56.9,56.9,,925.6,71.0,57.36,868.2,-5.0,0.037,3.41,40m先で勾配が-5.0‰から-14.2‰に変わる,前方に現示の低下なし,0.0,0.0,1,71.0,先行列車なし,0,,0,0,0,後続列車なし,該当なし,該当なし,0,0,0,30,240,,,
10.0,useless_brake_s0,0,0.048043,駅出発直後の加速フェーズ（20秒以内）,力行,10.0,なし（または停止）,0.0,0.0,34.43,70.0,70.0,70.0,34.4,64.9,60.3,惰行 ↔ 勾配ブレーキ,惰行,34.4,0.0,55.7,75.0,56.9,56.9,,916.5,70.0,73.2,843.25,-5.0,0.027,3.4,30m先で勾配が-5.0‰から-14.2‰に変わる,前方に現示の低下なし,0.0,0.0,1,70.0,先行列車なし,0,,0,0,0,後続列車なし,該当なし,該当なし,0,0,0,30,240,,,
11.0,useless_brake_s0,0,0.058083,駅出発直後の加速フェーズ（20秒以内）,力行,11.0,なし（または停止）,0.0,0.0,37.82,70.0,70.0,70.0,37.8,64.9,60.6,惰行 ↔ 勾配ブレーキ,惰行,37.8,-0.0,56.0,75.0,56.9,56.9,,906.4,69.0,90.54,815.88,-5.0,0.016,3.39,20m先で勾配が-5.0‰から-14.2‰に変わる,前方に現示の低下なし,0.0,0.0,1,69.0,先行列車なし,0,,0,0,0,後続列車なし,該当なし,該当なし,0,0,0,30,240,,,
12.0,useless_brake_s0,0,0.069064,駅出発直後の加速フェーズ（20秒以内）,力行,12.0,なし（または停止）,0.0,0.0,41.19,70.0,70.0,70.0,41.2,65.1,61.1,惰行 ↔ 勾配ブレーキ,惰行,41.2,-0.0,56.5,75.0,56.9,56.9,,895.4,68.0,109.65,785.79,-5.0,0.005,3.281,10m先で勾配が-5.0‰から-14.2‰に変わる,前方に現示の低下なし,0.0,0.0,1,68.0,先行列車なし,0,,0,0,0,後続列車なし,該当なし,該当なし,0,0,0,30,240,,,
13.0,useless_brake_s0,0,0.080959,駅出発直後の加速フェーズ（20秒以内）,力行,13.0,なし（または停止）,0.0,0.0,44.44,70.0,70.0,70.0,44.4,65.0,61.3,惰行 ↔ 勾配ブレーキ,惰行,44.4,0.0,56.6,75.0,56.9,56.9,,883.5,67.0,129.84,753.7,-14.2,0.318,3.355,90m先で勾配が-14.2‰から-16.3‰に変わる,前方に現示の低下なし,0.0,0.0,1,67.0,先行列車なし,0,,0,0,0,後続列車なし,該当なし,該当なし,0,0,0,30,240,,,
14.0,useless_brake_s0,0,0.093763,駅出発直後の加速フェーズ（20秒以内）,力行,14.0,なし（または停止）,0.0,0.0,47.68,70.0,70.0,70.0,47.7,65.3,61.6,惰行 ↔ 勾配ブレーキ,惰行,47.7,0.0,56.9,75.0,56.9,56.9,,870.7,66.0,149.97,720.77,-14.2,0.307,3.137,75m先で勾配が-14.2‰から-16.3‰に変わる,前方に現示の低下なし,0.0,0.0,1,66.0,先行列車なし,0,,0,0,0,後続列車なし,該当なし,該当なし,0,0,0,30,240,,,
15.0,useless_brake_s0,0,0.107439,駅出発直後の加速フェーズ（20秒以内）,力行,15.0,なし（または停止）,0.0,0.0,50.73,70.0,70.0,70.0,48.9,65.6,61.9,惰行 ↔ 勾配ブレーキ,惰行,48.9,1.8,56.9,75.0,56.9,56.9,,857.1,65.0,170.04,687.02,-14.2,0.295,2.956,65m先で勾配が-14.2‰から-16.3‰に変わる,前方に現示の低下なし,0.0,0.0,1,65.0,先行列車なし,0,,0,0,0,後続列車なし,該当なし,該当なし,0,0,0,30,240,,,
16.0,useless_brake_s0,0,0.121936,駅出発直後の加速フェーズ（20秒以内）,力行,16.0,なし（または停止）,0.0,0.0,53.6,75.0,75.0,70.0,49.2,65.8,62.1,惰行 ↔ 勾配ブレーキ,惰行,49.2,4.4,57.0,75.0,56.9,56.9,,842.6,64.0,190.1,652.46,-14.2,0.284,2.802,50m先で勾配が-14.2‰から-16.3‰に変わる,前方に現示の低下なし,0.0,0.0,1,64.0,先行列車なし,0,,0,0,0,後続列車なし,該当なし,該当なし,0,0,0,30,240,,,
17.0,useless_brake_s0,0,0.137213,駅出発直後の加速フェーズ（20秒以内）,力行,17.0,なし（または停止）,0.0,0.0,56.34,75.0,75.0,75.0,49.6,71.0,67.4,惰行 ↔ 勾配ブレーキ,惰行,49.6,6.8,57.1,75.0,56.9,56.9,,827.3,63.0,210.09,617.2,-14.2,0.273,2.669,35m先で勾配が-14.2‰から-16.3‰に変わる,前方に現示の低下なし,0.0,0.0,1,63.0,先行列車なし,0,,0,0,0,後続列車なし,該当なし,該当なし,0,0,0,30,240,,,
18.0,useless_brake_s0,0,0.153231,駅出発直後の加速フェーズ（20秒以内）,力行,18.0,なし（または停止）,0.0,0.0,58.95,75.0,75.0,75.0,49.9,71.2,67.8,惰行 ↔ 勾配ブレーキ,惰行,49.9,9.0,57.3,75.0,58.9,58.9,,811.3,62.0,230.01,581.26,-14.2,0.263,2.552,15m先で勾配が-14.2‰から-16.3‰に変わる,前方に現示の低下なし,0.0,0.0,1,62.0,先行列車なし,0,,0,0,0,後続列車なし,該当なし,該当なし,0,0,0,30,240,,,
19.0,useless_brake_s0,0,0.169805,駅出発直後の加速フェーズ（20秒以内）,惰行,0.7,力行,18.3,2.25,59.9,75.0,75.0,75.0,50.3,71.1,67.8,惰行 ↔ 勾配ブレーキ,惰行,50.3,9.6,57.4,75.0,59.9,59.9,,794.7,61.0,237.76,556.94,-16.3,0.333,2.586,540m先で勾配が-16.3‰から+2.0‰に変わる,前方に現示の低下なし,0.0,0.0,1,61.0,先行列車なし,0,,0,0,0,後続列車なし,該当なし,該当なし,0,0,0,30,240,,,
20.0,useless_brake_s0,0,0.18649,巡航フェーズ（駅間走行中）,惰行,1.7,力行,18.3,2.24,60.23,75.0,75.0,75.0,50.7,71.1,67.8,惰行 ↔ 勾配ブレーキ,惰行,50.7,9.5,56.9,75.0,60.2,60.2,,778.0,60.0,240.31,537.7,-16.3,0.331,2.572,525m先で勾配が-16.3‰から+2.0‰に変わる,前方に現示の低下なし,0.0,0.0,1,60.0,先行列車なし,0,,0,0,0,後続列車なし,該当なし,該当なし,0,0,0,30,240,,,
21.0,useless_brake_s0,0,0.203267,巡航フェーズ（駅間走行中）,惰行,2.7,力行,18.3,2.23,60.56,75.0,75.0,75.0,51.2,71.2,67.9,惰行 ↔ 勾配ブレーキ,惰行,51.2,9.4,56.9,75.0,60.6,60.6,,761.2,59.0,242.87,518.36,-16.3,0.33,2.558,505m先で勾配が-16.3‰から+2.0‰に変わる,前方に現示の低下なし,0.0,0.0,1,59.0,先行列車なし,0,,0,0,0,後続列車なし,該当なし,該当なし,0,0,0,30,240,,,
22.0,useless_brake_s0,0,0.220136,巡航フェーズ（駅間走行中）,惰行,3.7,力行,18.3,2.22,60.89,75.0,75.0,75.0,51.6,71.2,67.9,惰行 ↔ 勾配ブレーキ,惰行,51.6,9.3,56.9,75.0,60.9,60.9,,744.4,58.0,245.43,498.94,-16.3,0.328,2.545,490m先で勾配が-16.3‰から+2.0‰に変わる,前方に現示の低下なし,0.0,0.0,1,58.0,先行列車なし,0,,0,0,0,後続列車なし,該当なし,該当なし,0,0,0,30,240,,,
23.0,useless_brake_s0,0,0.237097,巡航フェーズ（駅間走行中）,惰行,4.7,力行,18.3,2.2,61.22,75.0,75.0,75.0,52.0,71.2,67.9,惰行 ↔ 勾配ブレーキ,惰行,52.0,9.2,56.9,75.0,61.2,61.2,,727.4,57.0,247.99,479.42,-16.3,0.327,2.531,475m先で勾配が-16.3‰から+2.0‰に変わる,前方に現示の低下なし,0.0,0.0,1,57.0,先行列車なし,0,,0,0,0,後続列車なし,該当なし,該当なし,0,0,0,30,240,,,
24.0,useless_brake_s0,0,0.254148,巡航フェーズ（駅間走行中）,惰行,5.7,力行,18.3,2.19,61.55,75.0,75.0,75.0,52.5,71.2,67.9,惰行 ↔ 勾配ブレーキ,惰行,52.5,9.1,56.9,75.0,61.5,61.5,,710.4,56.0,250.55,459.81,-16.3,0.326,2.518,455m先で勾配が-16.3‰から+2.0‰に変わる,前方に現示の低下なし,0.0,0.0,1,56.0,先行列車なし,0,,0,0,0,後続列車なし,該当なし,該当なし,0,0,0,30,240,,,
25.0,useless_brake_s0,0,0.271289,巡航フェーズ（駅間走行中）,惰行,6.7,力行,18.3,2.18,61.87,75.0,75.0,75.0,52.9,71.2,67.9,惰行 ↔ 勾配ブレーキ,惰行,52.9,9.0,56.3,75.0,61.9,61.9,,693.2,55.0,253.11,440.1,-16.3,0.324,2.505,440m先で勾配が-16.3‰から+2.0‰に変わる,前方に現示の低下なし,0.0,0.0,1,55.0,先行列車なし,0,,0,0,0,後続列車なし,該当なし,該当なし,0,0,0,30,240,,,
26.0,useless_brake_s0,0,0.288521,巡航フェーズ（駅間走行中）,惰行,7.7,力行,18.3,2.17,62.19,75.0,75.0,75.0,53.3,71.3,68.0,惰行 ↔ 勾配ブレーキ,惰行,53.3,8.9,56.5,75.0,62.2,62.2,,676.0,54.0,255.67,420.31,-16.3,0.323,2.493,420m先で勾配が-16.3‰から+2.0‰に変わる,前方に現示の低下なし,0.0,0.0,1,54.0,先行列車なし,0,,0,0,0,後続列車なし,該当なし,該当なし,0,0,0,30,240,,,
27.0,useless_brake_s0,0,0.305803,巡航フェーズ（駅間走行中）,制動,0.3,惰行,8.4,2.5,61.69,75.0,75.0,75.0,53.7,71.2,67.9,惰行 ↔ 勾配ブレーキ,惰行,53.7,8.0,56.0,75.0,61.7,61.7,,658.7,53.0,251.7,407.0,-16.3,0.325,2.512,405m先で勾配が-16.3‰から+2.0‰に変わる,前方に現示の低下なし,0.0,0.0,1,53.0,先行列車なし,0,,0,0,0,後続列車なし,該当なし,該当なし,0,0,0,30,240,,,
28.0,useless_brake_s0,0,0.322635,巡航フェーズ（駅間走行中）,制動,1.3,惰行,8.4,2.5,59.52,75.0,75.0,75.0,54.1,71.1,67.8,惰行 ↔ 勾配ブレーキ,惰行,54.1,5.4,56.0,75.0,59.5,59.5,,641.9,52.0,234.86,407.0,-16.3,0.334,2.601,385m先で勾配が-16.3‰から+2.0‰に変わる,前方に現示の低下なし,0.0,0.0,1,52.0,先行列車なし,0,,0,0,0,後続列車なし,該当なし,該当なし,0,0,0,30,240,,,
29.0,useless_brake_s0,0,0.338865,巡航フェーズ（駅間走行中）,制動,2.3,惰行,8.4,2.5,57.36,75.0,75.0,75.0,54.5,71.0,67.7,惰行 ↔ 勾配ブレーキ,惰行,54.5,2.9,56.0,75.0,57.4,57.4,,625.6,51.0,218.63,407.01,-16.3,0.343,2.696,370m先で勾配が-16.3‰から+2.0‰に変わる,前方に現示の低下なし,0.0,0.0,1,51.0,先行列車なし,0,,0,0,0,後続列車なし,該当なし,該当なし,0,0,0,30,240,,,
30.0,useless_brake_s0,0,0.354496,巡航フェーズ（駅間走行中）,制動,3.3,惰行,8.4,2.5,55.21,75.0,75.0,75.0,54.9,70.8,67.5,惰行 ↔ 勾配ブレーキ,惰行,54.9,0.3,56.0,75.0,56.0,56.0,,610.0,50.0,202.99,407.01,-16.3,0.352,2.796,355m先で勾配が-16.3‰から+2.0‰に変わる,前方に現示の低下なし,0.0,0.0,1,50.0,先行列車なし,0,,0,0,0,後続列車なし,該当なし,該当なし,0,0,0,30,240,,,
31.0,useless_brake_s0,0,0.369531,巡航フェーズ（駅間走行中）,制動,4.3,惰行,8.4,2.5,53.06,75.0,75.0,75.0,55.2,70.6,67.3,惰行 ↔ 勾配ブレーキ,惰行,55.2,-2.1,56.0,75.0,56.0,56.0,,595.0,49.0,187.96,407.01,-16.3,0.361,2.904,340m先で勾配が-16.3‰から+2.0‰に変わる,前方に現示の低下なし,0.0,0.0,1,49.0,先行列車なし,0,,0,0,0,後続列車なし,該当なし,該当なし,0,0,0,30,240,,,
32.0,useless_brake_s0,0,0.383971,巡航フェーズ（駅間走行中）,制動,5.3,惰行,8.4,2.5,50.93,75.0,75.0,75.0,55.5,70.5,67.2,惰行 ↔ 勾配ブレーキ,惰行,55.5,-4.6,56.1,75.0,56.7,56.7,,580.5,48.0,173.51,407.02,-16.3,0.369,3.019,325m先で勾配が-16.3‰から+2.0‰に変わる,前方に現示の低下なし,0.0,0.0,1,48.0,先行列車なし,0,,0,0,0,後続列車なし,該当なし,該当なし,0,0,0,30,240,,,
33.0,useless_brake_s0,0,0.397819,巡航フェーズ（駅間走行中）,制動,6.3,惰行,8.4,2.5,48.8,75.0,75.0,75.0,55.9,70.3,67.0,惰行 ↔ 勾配ブレーキ,惰行,55.9,-7.1,56.4,75.0,56.9,56.9,,566.7,47.0,159.66,407.02,-16.3,0.377,3.142,310m先で勾配が-16.3‰から+2.0‰に変わる,前方に現示の低下なし,0.0,0.0,1,47.0,先行列車なし,0,,0,0,0,後続列車なし,該当なし,該当なし,0,0,0,30,240,,,
34.0,useless_brake_s0,0,0.411584,巡航フェーズ（駅間走行中）,力行,0.8,制動,6.5,5.15,51.0,75.0,75.0,75.0,56.2,70.5,67.2,惰行 ↔ 勾配ブレーキ,惰行,56.2,-5.2,56.9,75.0,56.8,56.8,,552.9,46.0,174.01,378.9,-16.3,0.369,3.014,300m先で勾配が-16.3‰から+2.0‰に変わる,前方に現示の低下なし,0.0,0.0,1,46.0,先行列車なし,0,,0,0,0,後続列車なし,該当なし,該当なし,0,0,0,30,240,,,
35.0,useless_brake_s0,0,0.426167,巡航フェーズ（駅間走行中）,力行,1.8,制動,6.5,5.0,53.94,75.0,75.0,75.0,56.5,70.7,67.4,惰行 ↔ 勾配ブレーキ,惰行,56.5,-2.5,56.9,75.0,56.9,56.9,,538.3,45.0,194.03,344.3,-16.3,0.357,2.859,285m先で勾配が-16.3‰から+2.0‰に変わる,前方に現示の低下なし,0.0,0.0,1,45.0,先行列車なし,0,,0,0,0,後続列車なし,該当なし,該当なし,0,0,0,30,240,,,
36.0,useless_brake_s0,0,0.441545,巡航フェーズ（駅間走行中）,力行,2.8,制動,6.5,4.88,56.73,75.0,75.0,75.0,56.8,70.9,67.6,惰行 ↔ 勾配ブレーキ,惰行,56.8,-0.1,56.9,75.0,56.9,56.9,,523.0,44.0,214.0,308.96,-16.3,0.346,2.725,270m先で勾配が-16.3‰から+2.0‰に変わる,前方に現示の低下なし,0.0,0.0,1,44.0,先行列車なし,0,,0,0,0,後続列車なし,該当なし,該当なし,0,0,0,30,240,,,
37.0,useless_brake_s0,0,0.45768,巡航フェーズ（駅間走行中）,力行,3.8,制動,6.5,4.77,59.4,75.0,75.0,75.0,57.2,71.1,67.8,惰行 ↔ 勾配ブレーキ,惰行,57.2,2.2,56.9,75.0,59.4,59.4,,506.8,43.0,233.9,272.92,-16.3,0.335,2.607,250m先で勾配が-16.3‰から+2.0‰に変わる,前方に現示の低下なし,0.0,0.0,1,43.0,先行列車なし,0,,0,0,0,後続列車なし,該当なし,該当なし,0,0,0,30,240,,,
38.0,useless_brake_s0,0,0.474297,巡航フェーズ（駅間走行中）,惰行,0.9,力行,3.9,2.25,60.0,75.0,75.0,75.0,57.5,71.1,67.8,惰行 ↔ 勾配ブレーキ,惰行,57.5,2.5,56.9,75.0,60.0,60.0,,490.2,42.0,237.24,252.96,-16.3,0.332,2.581,235m先で勾配が-16.3‰から+2.0‰に変わる,前方に現示の低下なし,0.0,0.0,1,42.0,先行列車なし,0,,0,0,0,後続列車なし,該当なし,該当なし,0,0,0,30,240,,,
39.0,useless_brake_s0,0,0.49101,巡航フェーズ（駅間走行中）,惰行,1.9,力行,3.9,2.24,60.33,75.0,75.0,75.0,57.9,71.1,67.8,惰行 ↔ 勾配ブレーキ,惰行,57.9,2.4,56.0,75.0,60.3,60.3,,473.5,41.0,235.18,238.31,-16.3,0.331,2.568,220m先で勾配が-16.3‰から+2.0‰に変わる,前方に現示の低下なし,0.0,0.0,1,41.0,先行列車なし,0,,0,0,0,後続列車なし,該当なし,該当なし,0,0,0,30,240,,,
40.0,useless_brake_s0,0,0.507815,巡航フェーズ（駅間走行中）,惰行,2.9,力行,3.9,2.22,60.66,75.0,75.0,75.0,58.2,71.2,67.9,惰行 ↔ 勾配ブレーキ,惰行,58.2,2.4,56.0,75.0,60.7,60.7,,456.7,40.0,233.19,223.5,-16.3,0.329,2.554,200m先で勾配が-16.3‰から+2.0‰に変わる,前方に現示の低下なし,0.0,0.0,1,40.0,先行列車なし,0,,0,0,0,後続列車なし,該当なし,該当なし,0,0,0,30,240,,,
41.0,useless_brake_s0,0,0.524712,巡航フェーズ（駅間走行中）,惰行,3.9,力行,3.9,2.21,60.99,75.0,75.0,75.0,58.6,71.2,67.9,惰行 ↔ 勾配ブレーキ,惰行,58.6,2.4,56.9,75.0,61.0,61.0,,439.8,39.0,230.96,208.83,-16.3,0.328,2.541,185m先で勾配が-16.3‰から+2.0‰に変わる,前方に現示の低下なし,0.0,0.0,1,39.0,先行列車なし,0,,0,0,0,後続列車なし,該当なし,該当なし,0,0,0,30,240,,,
42.0,useless_brake_s0,0,0.541699,巡航フェーズ（駅間走行中）,惰行,4.9,力行,3.9,2.2,61.32,75.0,75.0,75.0,58.9,71.2,67.9,惰行 ↔ 勾配ブレーキ,惰行,58.9,2.4,56.0,75.0,61.3,61.3,,422.8,38.0,229.01,193.8,-16.3,0.327,2.527,170m先で勾配が-16.3‰から+2.0‰に変わる,前方に現示の低下なし,0.0,0.0,1,38.0,先行列車なし,0,,0,0,0,後続列車なし,該当なし,該当なし,0,0,0,30,240,,,
43.0,useless_brake_s0,0,0.558778,巡航フェーズ（駅間走行中）,惰行,5.9,力行,3.9,2.19,61.64,75.0,75.0,75.0,59.3,71.2,67.9,惰行 ↔ 勾配ブレーキ,惰行,59.3,2.3,56.0,75.0,61.6,61.6,,405.7,37.0,226.82,178.9,-16.3,0.325,2.514,150m先で勾配が-16.3‰から+2.0‰に変わる,前方に現示の低下なし,0.0,0.0,1,37.0,先行列車なし,0,,0,0,0,後続列車なし,該当なし,該当なし,0,0,0,30,240,,,
44.0,useless_brake_s0,0,0.575947,次駅への減速フェーズ（駅手前400m以内）,惰行,6.9,力行,3.9,2.18,61.97,75.0,75.0,75.0,59.6,71.2,67.9,惰行 ↔ 勾配ブレーキ,惰行,59.6,2.3,,75.0,62.0,62.0,,388.6,36.0,224.84,163.71,-16.3,0.324,2.501,135m先で勾配が-16.3‰から+2.0‰に変わる,前方に現示の低下なし,0.0,0.0,1,36.0,先行列車なし,0,,0,0,0,後続列車なし,該当なし,該当なし,0,0,0,30,240,,,
45.0,useless_brake_s0,0,0.593205,次駅への減速フェーズ（駅手前400m以内）,惰行,7.9,力行,3.9,2.17,62.29,75.0,75.0,75.0,60.0,71.3,68.0,惰行 ↔ 勾配ブレーキ,惰行,60.0,2.3,,75.0,62.3,62.3,,371.3,35.0,222.86,148.43,-16.3,0.322,2.489,115m先で勾配が-16.3‰から+2.0‰に変わる,前方に現示の低下なし,0.0,0.0,1,35.0,先行列車なし,0,,0,0,0,後続列車なし,該当なし,該当なし,0,0,0,30,240,,,
46.0,useless_brake_s0,0,0.610554,次駅への減速フェーズ（駅手前400m以内）,惰行,8.9,力行,3.9,2.16,62.61,75.0,75.0,75.0,60.3,71.3,68.0,惰行 ↔ 勾配ブレーキ,惰行,60.3,2.3,,75.0,62.6,62.6,,353.9,34.0,220.6,133.35,-16.3,0.321,2.476,100m先で勾配が-16.3‰から+2.0‰に変わる,前方に現示の低下なし,0.0,0.0,1,34.0,先行列車なし,0,,0,0,0,後続列車なし,該当なし,該当なし,0,0,0,30,240,,,
47.0,useless_brake_s0,0,0.627991,次駅への減速フェーズ（駅手前400m以内）,惰行,9.9,力行,3.9,2.14,62.93,75.0,75.0,75.0,60.7,71.3,68.0,惰行 ↔ 勾配ブレーキ,惰行,60.7,2.3,,75.0,62.9,62.9,,336.5,33.0,218.44,118.06,-16.3,0.32,2.464,80m先で勾配が-16.3‰から+2.0‰に変わる,前方に現示の低下なし,0.0,0.0,1,33.0,先行列車なし,0,,0,0,0,後続列車なし,該当なし,該当なし,0,0,0,30,240,,,
48.0,useless_brake_s0,0,0.645517,次駅への減速フェーズ（駅手前400m以内）,惰行,10.9,力行,3.9,2.13,63.25,75.0,75.0,75.0,61.0,71.3,68.0,惰行 ↔ 勾配ブレーキ,惰行,61.0,2.2,,75.0,63.3,63.3,,319.0,32.0,216.47,102.52,-16.3,0.318,2.452,65m先で勾配が-16.3‰から+2.0‰に変わる,前方に現示の低下なし,0.0,0.0,1,32.0,先行列車なし,0,,0,0,0,後続列車なし,該当なし,該当なし,0,0,0,30,240,,,
49.0,useless_brake_s0,0,0.663132,次駅への減速フェーズ（駅手前400m以内）,惰行,11.9,力行,3.9,2.12,63.57,75.0,75.0,75.0,61.4,71.3,67.7,惰行 ↔ 勾配ブレーキ,惰行,61.4,2.2,,75.0,63.6,63.6,,301.4,31.0,214.3,87.07,-16.3,0.317,2.44,45m先で勾配が-16.3‰から+2.0‰に変わる,前方に現示の低下なし,0.0,0.0,1,31.0,先行列車なし,0,,0,0,0,後続列車なし,該当なし,該当なし,0,0,0,30,240,,,
50.0,useless_brake_s0,0,0.680834,次駅への減速フェーズ（駅手前400m以内）,惰行,12.9,力行,3.9,2.11,63.89,75.0,75.0,75.0,61.7,71.4,66.8,惰行 ↔ 勾配ブレーキ,惰行,61.7,2.2,,75.0,63.9,63.9,,283.7,30.0,212.39,71.28,-16.3,0.315,2.428,30m先で勾配が-16.3‰から+2.0‰に変わる,991m先でATC現示が75km/hから70km/hに低下する,0.0,0.0,1,30.0,先行列車なし,0,,0,0,0,後続列車なし,該当なし,該当なし,0,0,0,30,240,,,
51.0,useless_brake_s0,0,0.698625,次駅への減速フェーズ（駅手前400m以内）,惰行,13.9,力行,3.9,2.1,64.2,75.0,75.0,75.0,62.0,71.4,64.9,勾配力行 ↔ 惰行,惰行,62.0,2.2,,75.0,64.2,64.2,,265.9,29.0,210.33,55.55,-16.3,0.314,2.416,10m先で勾配が-16.3‰から+2.0‰に変わる,973m先でATC現示が75km/hから70km/hに低下する,0.0,0.0,1,29.0,先行列車なし,0,,0,0,0,後続列車なし,該当なし,該当なし,0,0,0,30,240,,,
52.0,useless_brake_s0,0,0.716479,次駅への減速フェーズ（駅手前400m以内）,惰行,14.9,力行,3.9,2.1,64.19,75.0,75.0,75.0,62.0,72.3,66.5,勾配力行 ↔ 惰行,惰行,62.0,2.2,,75.0,64.2,64.2,,248.0,28.0,207.96,40.06,2.0,-0.332,1.771,当面+2.0‰が続く,955m先でATC現示が75km/hから70km/hに低下する,0.0,0.0,1,28.0,先行列車なし,0,,0,0,0,後続列車なし,該当なし,該当なし,0,0,0,30,240,,,
53.0,useless_brake_s0,0,0.734263,次駅への減速フェーズ（駅手前400m以内）,惰行,15.9,力行,3.9,2.11,63.86,75.0,75.0,75.0,61.7,72.3,66.5,勾配力行 ↔ 惰行,惰行,61.7,2.2,,75.0,63.9,63.9,,230.2,27.0,205.88,24.36,2.0,-0.33,1.783,当面+2.0‰が続く,938m先でATC現示が75km/hから70km/hに低下する,0.0,0.0,1,27.0,先行列車なし,0,,0,0,0,後続列車なし,該当なし,該当なし,0,0,0,30,240,,,
54.0,useless_brake_s0,0,0.751956,次駅への減速フェーズ（駅手前400m以内）,惰行,16.9,力行,3.9,2.12,63.53,75.0,75.0,75.0,61.4,72.3,66.5,勾配力行 ↔ 惰行,惰行,61.4,2.2,,75.0,63.5,63.5,,212.5,26.0,203.82,8.72,2.0,-0.329,1.795,当面+2.0‰が続く,920m先でATC現示が75km/hから70km/hに低下する,0.0,0.0,1,26.0,先行列車なし,0,,0,0,0,後続列車なし,該当なし,該当なし,0,0,0,30,240,,,
55.0,useless_brake_s0,0,0.769492,次駅への減速フェーズ（駅手前400m以内）,制動,0.4,惰行,17.4,2.5,62.13,75.0,75.0,75.0,61.0,72.2,66.4,勾配力行 ↔ 惰行,惰行,61.0,1.1,,75.0,75.0,75.0,,195.0,25.0,195.16,-0.15,2.0,-0.323,1.85,当面+2.0‰が続く,902m先でATC現示が75km/hから70km/hに低下する,0.0,0.0,1,25.0,先行列車なし,0,,0,0,0,後続列車なし,該当なし,該当なし,0,0,0,30,240,,,
56.0,useless_brake_s0,0,0.786355,次駅への減速フェーズ（駅手前400m以内）,制動,1.4,惰行,17.4,2.5,59.31,75.0,75.0,75.0,59.3,72.1,66.2,勾配力行 ↔ 惰行,惰行,59.3,0.0,,75.0,75.0,75.0,,178.1,24.0,178.29,-0.15,2.0,-0.31,1.965,当面+2.0‰が続く,885m先でATC現示が75km/hから70km/hに低下する,0.0,0.0,1,24.0,先行列車なし,0,,0,0,0,後続列車なし,該当なし,該当なし,0,0,0,30,240,,,
57.0,useless_brake_s0,0,0.802436,次駅への減速フェーズ（駅手前400m以内）,制動,2.4,惰行,17.4,2.5,56.51,75.0,75.0,75.0,56.5,71.9,66.0,勾配力行 ↔ 惰行,惰行,56.5,0.0,,75.0,75.0,75.0,,162.1,23.0,162.21,-0.15,2.0,-0.299,2.089,当面+2.0‰が続く,869m先でATC現示が75km/hから70km/hに低下する,0.0,0.0,1,23.0,先行列車なし,0,,0,0,0,後続列車なし,該当なし,該当なし,0,0,0,30,240,,,
58.0,useless_brake_s0,0,0.817741,次駅への減速フェーズ（駅手前400m以内）,制動,3.4,惰行,17.4,2.5,53.71,75.0,75.0,75.0,53.7,71.7,65.8,勾配力行 ↔ 惰行,惰行,53.7,0.0,,75.0,75.0,75.0,,146.8,22.0,146.9,-0.14,2.0,-0.288,2.225,当面+2.0‰が続く,854m先でATC現示が75km/hから70km/hに低下する,0.0,0.0,1,22.0,先行列車なし,0,,0,0,0,後続列車なし,該当なし,該当なし,0,0,0,30,240,,,
58.5,useless_brake_s0,0,0.825103,次駅への減速フェーズ（駅手前400m以内）,制動,3.9,惰行,17.4,2.5,52.32,75.0,75.0,75.0,52.3,71.6,65.7,勾配力行 ↔ 惰行,惰行,52.3,0.0,,75.0,75.0,75.0,,139.4,21.5,139.54,-0.14,2.0,-0.282,2.297,当面+2.0‰が続く,847m先でATC現示が75km/hから70km/hに低下する,0.0,0.0,1,21.5,先行列車なし,0,,0,0,0,後続列車なし,該当なし,該当なし,0,0,0,30,240,,,
59.0,useless_brake_s0,0,0.832271,次駅への減速フェーズ（駅手前400m以内）,制動,4.4,惰行,17.4,2.5,50.93,75.0,75.0,75.0,50.9,71.4,65.6,勾配力行 ↔ 惰行,惰行,50.9,0.0,,75.0,75.0,75.0,,132.2,21.0,132.37,-0.14,2.0,-0.277,2.373,当面+2.0‰が続く,840m先でATC現示が75km/hから70km/hに低下する,0.0,0.0,1,21.0,先行列車なし,0,,0,0,0,後続列車なし,該当なし,該当なし,0,0,0,30,240,,,
59.5,useless_brake_s0,0,0.839247,次駅への減速フェーズ（駅手前400m以内）,制動,4.9,惰行,17.4,2.5,49.54,75.0,75.0,75.0,49.5,71.3,65.5,勾配力行 ↔ 惰行,惰行,49.5,0.0,,75.0,75.0,75.0,,125.3,20.5,125.39,-0.13,2.0,-0.272,2.452,当面+2.0‰が続く,833m先でATC現示が75km/hから70km/hに低下する,0.0,0.0,1,20.5,先行列車なし,0,,0,0,0,後続列車なし,該当なし,該当なし,0,0,0,30,240,,,
60.0,useless_brake_s0,0,0.84603,次駅への減速フェーズ（駅手前400m以内）,制動,5.4,惰行,17.4,2.5,48.16,75.0,75.0,75.0,48.1,71.2,65.4,勾配力行 ↔ 惰行,惰行,48.1,0.0,,75.0,75.0,75.0,,118.5,20.0,118.6,-0.13,2.0,-0.266,2.536,当面+2.0‰が続く,826m先でATC現示が75km/hから70km/hに低下する,0.0,0.0,1,20.0,先行列車なし,0,,0,0,0,後続列車なし,該当なし,該当なし,0,0,0,30,240,,,
60.5,useless_brake_s0,0,0.852621,次駅への減速フェーズ（駅手前400m以内）,制動,5.9,惰行,17.4,2.5,46.78,75.0,75.0,75.0,46.8,71.1,65.2,勾配力行 ↔ 惰行,惰行,46.8,-0.0,,75.0,75.0,75.0,,111.9,19.5,112.01,-0.13,2.0,-0.261,2.623,当面+2.0‰が続く,819m先でATC現示が75km/hから70km/hに低下する,0.0,0.0,1,19.5,先行列車なし,0,,0,0,0,後続列車なし,該当なし,該当なし,0,0,0,30,240,,,
61.0,useless_brake_s0,0,0.85902,次駅への減速フェーズ（駅手前400m以内）,制動,6.4,惰行,17.4,2.5,45.4,75.0,75.0,75.0,45.4,70.9,65.1,勾配力行 ↔ 惰行,惰行,45.4,-0.0,,75.0,75.0,75.0,,105.5,19.0,105.61,-0.13,2.0,-0.256,2.716,当面+2.0‰が続く,813m先でATC現示が75km/hから70km/hに低下する,0.0,0.0,1,19.0,先行列車なし,0,,0,0,0,後続列車なし,該当なし,該当なし,0,0,0,30,240,,,
61.5,useless_brake_s0,0,0.865228,次駅への減速フェーズ（駅手前400m以内）,制動,6.9,惰行,17.4,2.5,44.02,75.0,75.0,75.0,44.0,70.8,65.0,勾配力行 ↔ 惰行,惰行,44.0,-0.0,,75.0,75.0,75.0,,99.3,18.5,99.4,-0.13,2.0,-0.252,2.814,当面+2.0‰が続く,807m先でATC現示が75km/hから70km/hに低下する,0.0,0.0,1,18.5,先行列車なし,0,,0,0,0,後続列車なし,該当なし,該当なし,0,0,0,30,240,,,
62.0,useless_brake_s0,0,0.871245,次駅への減速フェーズ（駅手前400m以内）,制動,7.4,惰行,17.4,2.5,42.65,75.0,75.0,75.0,42.7,70.6,64.8,勾配力行 ↔ 惰行,惰行,42.7,-0.0,,75.0,75.0,75.0,,93.3,18.0,93.38,-0.12,2.0,-0.247,2.917,当面+2.0‰が続く,801m先でATC現示が75km/hから70km/hに低下する,0.0,0.0,1,18.0,先行列車なし,0,,0,0,0,後続列車なし,該当なし,該当なし,0,0,0,30,240,,,
62.5,useless_brake_s0,0,0.877071,次駅への減速フェーズ（駅手前400m以内）,制動,7.9,惰行,17.4,2.5,41.27,75.0,75.0,75.0,41.3,70.5,64.6,勾配力行 ↔ 惰行,惰行,41.3,-0.0,,75.0,75.0,75.0,,87.4,17.5,87.55,-0.12,2.0,-0.242,3.027,当面+2.0‰が続く,795m先でATC現示が75km/hから70km/hに低下する,0.0,0.0,1,17.5,先行列車なし,0,,0,0,0,後続列車なし,該当なし,該当なし,0,0,0,30,240,,,
63.0,useless_brake_s0,0,0.882706,次駅への減速フェーズ（駅手前400m以内）,制動,8.4,惰行,17.4,2.5,39.91,75.0,75.0,75.0,39.9,70.3,64.5,勾配力行 ↔ 惰行,惰行,39.9,-0.0,,75.0,75.0,75.0,,81.8,17.0,81.91,-0.12,2.0,-0.238,3.136,当面+2.0‰が続く,789m先でATC現示が75km/hから70km/hに低下する,0.0,0.0,1,17.0,先行列車なし,0,,0,0,0,後続列車なし,該当なし,該当なし,0,0,0,30,240,,,
63.5,useless_brake_s0,0,0.888152,次駅への減速フェーズ（駅手前400m以内）,制動,8.9,惰行,17.4,2.5,38.54,75.0,75.0,75.0,38.6,70.3,64.5,勾配力行 ↔ 惰行,惰行,38.6,-0.0,,75.0,75.0,75.0,,76.3,16.5,76.47,-0.12,2.0,-0.233,3.141,当面+2.0‰が続く,784m先でATC現示が75km/hから70km/hに低下する,0.0,0.0,1,16.5,先行列車なし,0,,0,0,0,後続列車なし,該当なし,該当なし,0,0,0,30,240,,,
64.0,useless_brake_s0,0,0.893407,次駅への減速フェーズ（駅手前400m以内）,制動,9.4,惰行,17.4,2.5,37.17,75.0,75.0,75.0,37.2,70.3,64.5,勾配力行 ↔ 惰行,惰行,37.2,-0.0,,75.0,75.0,75.0,,71.1,16.0,71.21,-0.12,2.0,-0.229,3.145,当面+2.0‰が続く,778m先でATC現示が75km/hから70km/hに低下する,0.0,0.0,1,16.0,先行列車なし,0,,0,0,0,後続列車なし,該当なし,該当なし,0,0,0,30,240,,,
64.5,useless_brake_s0,0,0.898473,次駅への減速フェーズ（駅手前400m以内）,制動,9.9,惰行,17.4,2.5,35.81,75.0,75.0,75.0,35.8,70.3,64.5,勾配力行 ↔ 惰行,惰行,35.8,-0.0,,75.0,75.0,75.0,,66.0,15.5,66.14,-0.11,2.0,-0.225,3.149,当面+2.0‰が続く,773m先でATC現示が75km/hから70km/hに低下する,0.0,0.0,1,15.5,先行列車なし,0,,0,0,0,後続列車なし,該当なし,該当なし,0,0,0,30,240,,,
65.0,useless_brake_s0,0,0.90335,次駅への減速フェーズ（駅手前400m以内）,制動,10.4,惰行,17.4,2.5,34.45,75.0,75.0,75.0,34.5,70.3,64.4,勾配力行 ↔ 惰行,惰行,34.5,-0.0,,75.0,75.0,75.0,,61.1,15.0,61.26,-0.11,2.0,-0.22,3.153,当面+2.0‰が続く,768m先でATC現示が75km/hから70km/hに低下する,0.0,0.0,1,15.0,先行列車なし,0,,0,0,0,後続列車なし,該当なし,該当なし,0,0,0,30,240,,,
65.5,useless_brake_s0,0,0.908038,次駅への減速フェーズ（駅手前400m以内）,制動,10.9,惰行,17.4,2.5,33.09,75.0,75.0,75.0,33.1,70.3,64.4,勾配力行 ↔ 惰行,惰行,33.1,-0.0,,75.0,75.0,75.0,,56.5,14.5,56.57,-0.11,2.0,-0.216,3.157,当面+2.0‰が続く,764m先でATC現示が75km/hから70km/hに低下する,0.0,0.0,1,14.5,先行列車なし,0,,0,0,0,後続列車なし,該当なし,該当なし,0,0,0,30,240,,,
66.0,useless_brake_s0,0,0.912538,次駅への減速フェーズ（駅手前400m以内）,制動,11.4,惰行,17.4,2.5,31.73,75.0,75.0,75.0,31.7,70.3,64.4,勾配力行 ↔ 惰行,惰行,31.7,-0.0,,75.0,75.0,75.0,,52.0,14.0,52.07,-0.11,2.0,-0.212,3.161,当面+2.0‰が続く,759m先でATC現示が75km/hから70km/hに低下する,0.0,0.0,1,14.0,先行列車なし,0,,0,0,0,後続列車なし,該当なし,該当なし,0,0,0,30,240,,,
66.5,useless_brake_s0,0,0.916849,次駅への減速フェーズ（駅手前400m以内）,制動,11.9,惰行,17.4,2.5,30.38,75.0,75.0,75.0,30.4,70.3,64.4,勾配力行 ↔ 惰行,惰行,30.4,-0.0,,75.0,75.0,75.0,,47.7,13.5,47.76,-0.11,2.0,-0.208,3.165,当面+2.0‰が続く,755m先でATC現示が75km/hから70km/hに低下する,0.0,0.0,1,13.5,先行列車なし,0,,0,0,0,後続列車なし,該当なし,該当なし,0,0,0,30,240,,,
67.0,useless_brake_s0,0,0.920972,次駅への減速フェーズ（駅手前400m以内）,制動,12.4,惰行,17.4,2.5,29.02,75.0,75.0,75.0,29.0,70.2,64.4,勾配力行 ↔ 惰行,惰行,29.0,-0.0,,75.0,75.0,75.0,,43.5,13.0,43.63,-0.11,2.0,-0.205,3.169,当面+2.0‰が続く,751m先でATC現示が75km/hから70km/hに低下する,0.0,0.0,1,13.0,先行列車なし,0,,0,0,0,後続列車なし,該当なし,該当なし,0,0,0,30,240,,,
67.5,useless_brake_s0,0,0.924907,次駅への減速フェーズ（駅手前400m以内）,制動,12.9,惰行,17.4,2.5,27.67,75.0,75.0,75.0,27.7,70.2,64.4,勾配力行 ↔ 惰行,惰行,27.7,-0.0,,75.0,75.0,75.0,,39.6,12.5,39.7,-0.1,2.0,-0.201,3.173,当面+2.0‰が続く,747m先でATC現示が75km/hから70km/hに低下する,0.0,0.0,1,12.5,先行列車なし,0,,0,0,0,後続列車なし,該当なし,該当なし,0,0,0,30,240,,,
68.0,useless_brake_s0,0,0.928654,次駅への減速フェーズ（駅手前400m以内）,制動,13.4,惰行,17.4,2.5,26.32,75.0,75.0,75.0,26.3,70.2,64.4,勾配力行 ↔ 惰行,惰行,26.3,-0.0,,75.0,75.0,75.0,,35.8,12.0,35.95,-0.1,2.0,-0.197,3.176,当面+2.0‰が続く,743m先でATC現示が75km/hから70km/hに低下する,0.0,0.0,1,12.0,先行列車なし,0,,0,0,0,後続列車なし,該当なし,該当なし,0,0,0,30,240,,,
68.5,useless_brake_s0,0,0.932215,次駅への減速フェーズ（駅手前400m以内）,制動,13.9,惰行,17.4,2.5,24.97,75.0,75.0,75.0,25.0,70.2,64.4,勾配力行 ↔ 惰行,惰行,25.0,-0.0,,75.0,75.0,75.0,,32.3,11.5,32.38,-0.1,2.0,-0.194,3.18,当面+2.0‰が続く,740m先でATC現示が75km/hから70km/hに低下する,0.0,0.0,1,11.5,先行列車なし,0,,0,0,0,後続列車なし,該当なし,該当なし,0,0,0,30,240,,,
69.0,useless_brake_s0,0,0.935588,次駅への減速フェーズ（駅手前400m以内）,制動,14.4,惰行,17.4,2.5,23.63,75.0,75.0,75.0,23.7,70.2,64.4,勾配力行 ↔ 惰行,惰行,23.7,-0.0,,75.0,75.0,75.0,,28.9,11.0,29.01,-0.1,2.0,-0.19,3.183,当面+2.0‰が続く,736m先でATC現示が75km/hから70km/hに低下する,0.0,0.0,1,11.0,先行列車なし,0,,0,0,0,後続列車なし,該当なし,該当なし,0,0,0,30,240,,,
69.5,useless_brake_s0,0,0.938774,次駅への減速フェーズ（駅手前400m以内）,制動,14.9,惰行,17.4,2.5,22.28,75.0,75.0,75.0,22.3,70.2,64.4,勾配力行 ↔ 惰行,惰行,22.3,-0.0,,75.0,75.0,75.0,,25.7,10.5,25.82,-0.1,2.0,-0.187,3.187,当面+2.0‰が続く,733m先でATC現示が75km/hから70km/hに低下する,0.0,0.0,1,10.5,先行列車なし,0,,0,0,0,後続列車なし,該当なし,該当なし,0,0,0,30,240,,,
70.0,useless_brake_s0,0,0.941774,次駅への減速フェーズ（駅手前400m以内）,制動,15.4,惰行,17.4,2.5,20.94,75.0,75.0,75.0,21.0,70.2,64.4,勾配力行 ↔ 惰行,惰行,21.0,-0.0,,75.0,75.0,75.0,,22.7,10.0,22.82,-0.09,2.0,-0.184,3.19,当面+2.0‰が続く,730m先でATC現示が75km/hから70km/hに低下する,0.0,0.0,1,10.0,先行列車なし,0,,0,0,0,後続列車なし,該当なし,該当なし,0,0,0,30,240,,,
70.5,useless_brake_s0,0,0.944587,次駅への減速フェーズ（駅手前400m以内）,制動,15.9,惰行,17.4,2.5,19.6,75.0,75.0,75.0,19.6,70.2,64.4,勾配力行 ↔ 惰行,惰行,19.6,-0.0,,75.0,75.0,75.0,,19.9,9.5,20.0,-0.09,2.0,-0.181,3.193,当面+2.0‰が続く,727m先でATC現示が75km/hから70km/hに低下する,0.0,0.0,1,9.5,先行列車なし,0,,0,0,0,後続列車なし,該当なし,該当なし,0,0,0,30,240,,,
71.0,useless_brake_s0,0,0.947215,次駅への減速フェーズ（駅手前400m以内）,制動,16.4,惰行,17.4,2.5,18.26,75.0,75.0,75.0,18.3,70.2,64.4,勾配力行 ↔ 惰行,惰行,18.3,-0.0,,75.0,75.0,75.0,,17.3,9.0,17.38,-0.09,2.0,-0.178,3.196,当面+2.0‰が続く,725m先でATC現示が75km/hから70km/hに低下する,0.0,0.0,1,9.0,先行列車なし,0,,0,0,0,後続列車なし,該当なし,該当なし,0,0,0,30,240,,,
71.5,useless_brake_s0,0,0.949656,次駅への減速フェーズ（駅手前400m以内）,制動,16.9,惰行,17.4,2.5,16.92,75.0,75.0,75.0,17.0,70.2,64.4,勾配力行 ↔ 惰行,惰行,17.0,-0.0,,75.0,75.0,75.0,,14.8,8.5,14.93,-0.09,2.0,-0.175,3.199,当面+2.0‰が続く,722m先でATC現示が75km/hから70km/hに低下する,0.0,0.0,1,8.5,先行列車なし,0,,0,0,0,後続列車なし,該当なし,該当なし,0,0,0,30,240,,,
72.0,useless_brake_s0,0,0.951911,次駅への減速フェーズ（駅手前400m以内）,制動,17.4,惰行,17.4,2.5,15.58,75.0,75.0,75.0,15.6,70.2,64.4,勾配力行 ↔ 惰行,惰行,15.6,-0.0,,75.0,75.0,75.0,,12.6,8.0,12.67,-0.09,2.0,-0.172,3.202,当面+2.0‰が続く,720m先でATC現示が75km/hから70km/hに低下する,0.0,0.0,1,8.0,先行列車なし,0,,0,0,0,後続列車なし,該当なし,該当なし,0,0,0,30,240,,,
72.5,useless_brake_s0,0,0.953981,次駅への減速フェーズ（駅手前400m以内）,制動,17.9,惰行,17.4,2.5,14.25,75.0,75.0,75.0,14.3,70.2,64.4,勾配力行 ↔ 惰行,惰行,14.3,-0.0,,75.0,75.0,75.0,,10.5,7.5,10.6,-0.08,2.0,-0.169,3.205,当面+2.0‰が続く,718m先でATC現示が75km/hから70km/hに低下する,0.0,0.0,1,7.5,先行列車なし,0,,0,0,0,後続列車なし,該当なし,該当なし,0,0,0,30,240,,,
73.0,useless_brake_s0,0,0.955866,次駅への減速フェーズ（駅手前400m以内）,制動,18.4,惰行,17.4,2.5,12.92,75.0,75.0,75.0,13.0,70.2,64.4,勾配力行 ↔ 惰行,惰行,13.0,-0.0,,75.0,75.0,75.0,,8.6,7.0,8.72,-0.08,2.0,-0.166,3.208,当面+2.0‰が続く,716m先でATC現示が75km/hから70km/hに低下する,0.0,0.0,1,7.0,先行列車なし,0,,0,0,0,後続列車なし,該当なし,該当なし,0,0,0,30,240,,,
73.5,useless_brake_s0,0,0.957565,次駅への減速フェーズ（駅手前400m以内）,制動,18.9,惰行,17.4,2.5,11.58,75.0,75.0,75.0,11.6,70.2,64.4,勾配力行 ↔ 惰行,惰行,11.6,-0.1,,75.0,75.0,75.0,,6.9,6.5,7.01,-0.08,2.0,-0.164,3.21,当面+2.0‰が続く,714m先でATC現示が75km/hから70km/hに低下する,0.0,0.0,1,6.5,先行列車なし,0,,0,0,0,後続列車なし,該当なし,該当なし,0,0,0,30,240,,,
74.0,useless_brake_s0,0,0.95908,次駅への減速フェーズ（駅手前400m以内）,制動,19.4,惰行,17.4,2.5,10.25,75.0,75.0,75.0,10.3,70.2,64.4,勾配力行 ↔ 惰行,惰行,10.3,-0.1,,75.0,75.0,75.0,,5.4,6.0,5.5,-0.08,2.0,-0.161,3.213,当面+2.0‰が続く,713m先でATC現示が75km/hから70km/hに低下する,0.0,0.0,1,6.0,先行列車なし,0,,0,0,0,後続列車なし,該当なし,該当なし,0,0,0,30,240,,,
74.5,useless_brake_s0,0,0.96041,次駅への減速フェーズ（駅手前400m以内）,制動,19.9,惰行,17.4,2.5,8.92,75.0,75.0,75.0,9.0,70.2,64.4,勾配力行 ↔ 惰行,惰行,9.0,-0.1,,75.0,75.0,75.0,,4.1,5.5,4.17,-0.08,2.0,-0.159,3.215,当面+2.0‰が続く,711m先でATC現示が75km/hから70km/hに低下する,0.0,0.0,1,5.5,先行列車なし,0,,0,0,0,後続列車なし,該当なし,該当なし,0,0,0,30,240,,,
75.0,useless_brake_s0,0,0.961555,次駅への減速フェーズ（駅手前400m以内）,制動,20.4,惰行,17.4,2.5,7.59,75.0,75.0,75.0,7.7,70.2,64.4,勾配力行 ↔ 惰行,惰行,7.7,-0.1,,75.0,75.0,75.0,,2.9,5.0,3.02,-0.07,2.0,-0.156,3.218,当面+2.0‰が続く,710m先でATC現示が75km/hから70km/hに低下する,0.0,0.0,1,5.0,先行列車なし,0,,0,0,0,後続列車なし,該当なし,該当なし,0,0,0,30,240,,,
75.5,useless_brake_s0,0,0.962515,次駅への減速フェーズ（駅手前400m以内）,制動,20.9,惰行,17.4,2.5,6.27,75.0,75.0,75.0,6.4,70.2,64.3,勾配力行 ↔ 惰行,惰行,6.4,-0.1,,75.0,75.0,75.0,,2.0,4.5,2.06,-0.07,2.0,-0.154,3.22,当面+2.0‰が続く,709m先でATC現示が75km/hから70km/hに低下する,0.0,0.0,1,4.5,先行列車なし,0,,0,0,0,後続列車なし,該当なし,該当なし,0,0,0,30,240,,,
76.0,useless_brake_s0,0,0.963292,次駅への減速フェーズ（駅手前400m以内）,制動,21.4,惰行,17.4,2.5,4.94,75.0,75.0,75.0,5.1,70.2,64.3,勾配力行 ↔ 惰行,惰行,5.1,-0.1,,75.0,75.0,75.0,,1.2,4.0,1.28,-0.07,2.0,-0.152,3.222,当面+2.0‰が続く,709m先でATC現示が75km/hから70km/hに低下する,0.0,0.0,1,4.0,先行列車なし,0,,0,0,0,後続列車なし,該当なし,該当なし,0,0,0,30,240,,,
76.5,useless_brake_s0,0,0.963884,次駅への減速フェーズ（駅手前400m以内）,制動,21.9,惰行,17.4,2.5,3.61,75.0,75.0,75.0,3.8,70.2,64.3,勾配力行 ↔ 惰行,惰行,3.8,-0.2,,75.0,75.0,75.0,,0.6,3.5,0.69,-0.07,2.0,-0.15,3.224,当面+2.0‰が続く,708m先でATC現示が75km/hから70km/hに低下する,0.0,0.0,1,3.5,先行列車なし,0,,0,0,0,後続列車なし,該当なし,該当なし,0,0,0,30,240,,,
77.0,useless_brake_s0,0,0.964292,次駅への減速フェーズ（駅手前400m以内）,制動,22.4,惰行,17.4,2.5,2.29,75.0,75.0,75.0,2.5,70.2,64.3,勾配力行 ↔ 惰行,惰行,2.5,-0.2,,75.0,75.0,75.0,,0.2,3.0,0.28,-0.07,2.0,-0.148,3.226,当面+2.0‰が続く,708m先でATC現示が75km/hから70km/hに低下する,0.0,0.0,1,3.0,先行列車なし,0,,0,0,0,後続列車なし,該当なし,該当なし,0,0,0,30,240,,,
77.5,useless_brake_s0,0,0.964516,次駅への減速フェーズ（駅手前400m以内）,制動,22.9,惰行,17.4,2.5,0.97,75.0,75.0,75.0,1.8,70.2,64.3,勾配力行 ↔ 惰行,惰行,1.8,-0.8,,75.0,0.0,0.0,,-0.0,2.5,0.05,-0.07,2.0,-0.146,3.228,当面+2.0‰が続く,707m先でATC現示が75km/hから70km/hに低下する,0.0,0.0,1,2.5,先行列車なし,0,,0,0,0,後続列車なし,該当なし,該当なし,0,0,0,30,240,,,
0.0,sawtooth_s0_3s,0,0.0,駅出発直後の加速フェーズ（20秒以内）,力行,0.0,なし（または停止）,0.0,0.0,0.0,45.0,45.0,45.0,0.0,39.8,34.5,惰行 ↔ 勾配ブレーキ,惰行,0.0,0.0,49.4,75.0,45.0,45.0,,964.5,80.0,0.0,964.5,-5.0,0.103,3.476,80m先で勾配が-5.0‰から-14.2‰に変わる,前方に現示の低下なし,0.0,0.0,1,80.0,先行列車なし,0,,0,0,0,後続列車なし,該当なし,該当なし,0,0,0,30,240,,,
1.0,sawtooth_s0_3s,0,0.000487,駅出発直後の加速フェーズ（20秒以内）,力行,1.0,なし（または停止）,0.0,0.0,3.47,45.0,45.0,45.0,3.5,39.8,34.5,惰行 ↔ 勾配ブレーキ,惰行,3.5,-0.0,50.2,75.0,45.0,45.0,,964.0,79.0,0.7,963.31,-5.0,0.098,3.471,80m先で勾配が-5.0‰から-14.2‰に変わる,前方に現示の低下なし,0.0,0.0,1,79.0,先行列車なし,0,,0,0,0,後続列車なし,該当なし,該当なし,0,0,0,30,240,,,
2.0,sawtooth_s0_3s,0,0.001939,駅出発直後の加速フェーズ（20秒以内）,力行,2.0,なし（または停止）,0.0,0.0,6.94,45.0,45.0,45.0,6.9,39.8,34.5,惰行 ↔ 勾配ブレーキ,惰行,6.9,-0.0,51.0,75.0,45.0,45.0,,962.6,78.0,2.78,959.78,-5.0,0.092,3.466,80m先で勾配が-5.0‰から-14.2‰に変わる,前方に現示の低下なし,0.0,0.0,1,78.0,先行列車なし,0,,0,0,0,後続列車なし,該当なし,該当なし,0,0,0,30,240,,,
3.0,sawtooth_s0_3s,0,0.004353,駅出発直後の加速フェーズ（20秒以内）,力行,3.0,なし（または停止）,0.0,0.0,10.4,45.0,45.0,45.0,10.4,39.8,34.5,惰行 ↔ 勾配ブレーキ,惰行,10.4,-0.0,51.8,75.0,45.0,45.0,,960.1,77.0,6.24,953.9,-5.0,0.086,3.459,75m先で勾配が-5.0‰から-14.2‰に変わる,前方に現示の低下なし,0.0,0.0,1,77.0,先行列車なし,0,,0,0,0,後続列車なし,該当なし,該当なし,0,0,0,30,240,,,
4.0,sawtooth_s0_3s,0,0.007729,駅出発直後の加速フェーズ（20秒以内）,力行,4.0,なし（または停止）,0.0,0.0,13.86,45.0,45.0,45.0,13.9,39.8,34.5,惰行 ↔ 勾配ブレーキ,惰行,13.9,0.0,52.3,75.0,45.0,45.0,,956.8,76.0,11.06,945.71,-5.0,0.079,3.453,70m先で勾配が-5.0‰から-14.2‰に変わる,前方に現示の低下なし,0.0,0.0,1,76.0,先行列車なし,0,,0,0,0,後続列車なし,該当なし,該当なし,0,0,0,30,240,,,
5.0,sawtooth_s0_3s,0,0.012063,駅出発直後の加速フェーズ（20秒以内）,力行,5.0,なし（または停止）,0.0,0.0,17.31,45.0,45.0,45.0,17.3,39.8,34.5,惰行 ↔ 勾配ブレーキ,惰行,17.3,0.0,53.0,75.0,45.0,45.0,,952.4,75.0,17.22,935.22,-5.0,0.072,3.445,70m先で勾配が-5.0‰から-14.2‰に変わる,前方に現示の低下なし,0.0,0.0,1,75.0,先行列車なし,0,,0,0,0,後続列車なし,該当なし,該当なし,0,0,0,30,240,,,
6.0,sawtooth_s0_3s,0,0.017354,駅出発直後の加速フェーズ（20秒以内）,力行,6.0,なし（または停止）,0.0,0.0,20.75,70.0,70.0,70.0,20.8,64.8,59.6,惰行 ↔ 勾配ブレーキ,惰行,20.8,-0.0,53.4,75.0,56.9,56.9,,947.1,74.0,24.7,922.45,-5.0,0.064,3.437,65m先で勾配が-5.0‰から-14.2‰に変わる,前方に現示の低下なし,0.0,0.0,1,74.0,先行列車なし,0,,0,0,0,後続列車なし,該当なし,該当なし,0,0,0,30,240,,,
7.0,sawtooth_s0_3s,0,0.0236,駅出発直後の加速フェーズ（20秒以内）,力行,7.0,なし（または停止）,0.0,0.0,24.18,70.0,70.0,70.0,24.2,64.9,59.6,惰行 ↔ 勾配ブレーキ,惰行,24.2,-0.0,54.2,75.0,56.9,56.9,,940.9,73.0,33.48,907.42,-5.0,0.055,3.429,55m先で勾配が-5.0‰から-14.2‰に変わる,前方に現示の低下なし,0.0,0.0,1,73.0,先行列車なし,0,,0,0,0,後続列車なし,該当なし,該当なし,0,0,0,30,240,,,
8.0,sawtooth_s0_3s,0,0.030799,駅出発直後の加速フェーズ（20秒以内）,力行,8.0,なし（または停止）,0.0,0.0,27.61,70.0,70.0,70.0,27.6,64.9,64.3,惰行 ↔ 勾配ブレーキ,惰行,27.6,0.0,54.5,75.0,56.9,56.9,,933.7,72.0,43.53,890.17,-5.0,0.046,3.42,50m先で勾配が-5.0‰から-14.2‰に変わる,前方に現示の低下なし,0.0,0.0,1,72.0,先行列車なし,0,,0,0,0,後続列車なし,該当なし,該当なし,0,0,0,30,240,,,
9.0,sawtooth_s0_3s,0,0.038947,駅出発直後の加速フェーズ（20秒以内）,力行,9.0,なし（または停止）,0.0,0.0,31.02,70.0,70.0,70.0,31.0,64.9,59.9,惰行 ↔ 勾配ブレーキ,惰行,31.0,-0.0,55.1,75.0,56.9,56.9,,925.6,71.0,57.36,868.2,-5.0,0.037,3.41,40m先で勾配が-5.0‰から-14.2‰に変わる,前方に現示の低下なし,0.0,0.0,1,71.0,先行列車なし,0,,0,0,0,後続列車なし,該当なし,該当なし,0,0,0,30,240,,,
10.0,sawtooth_s0_3s,0,0.047579,駅出発直後の加速フェーズ（20秒以内）,惰行,1.0,力行,9.0,3.37,31.09,70.0,70.0,70.0,34.3,64.9,60.2,惰行 ↔ 勾配ブレーキ,惰行,34.3,-3.2,55.7,75.0,57.8,57.8,,916.9,70.0,58.95,857.97,-5.0,0.036,3.41,30m先で勾配が-5.0‰から-14.2‰に変わる,前方に現示の低下なし,0.0,0.0,1,70.0,先行列車なし,0,,0,0,0,後続列車なし,該当なし,該当なし,0,0,0,30,240,,,
11.0,sawtooth_s0_3s,0,0.056222,駅出発直後の加速フェーズ（20秒以内）,惰行,2.0,力行,9.0,3.37,31.13,70.0,70.0,70.0,37.2,64.9,60.4,惰行 ↔ 勾配ブレーキ,惰行,37.2,-6.1,56.0,75.0,58.6,58.6,,908.3,69.0,60.37,847.91,-5.0,0.036,3.41,25m先で勾配が-5.0‰から-14.2‰に変わる,前方に現示の低下なし,0.0,0.0,1,69.0,先行列車なし,0,,0,0,0,後続列車なし,該当なし,該当なし,0,0,0,30,240,,,
12.0,sawtooth_s0_3s,0,0.064874,駅出発直後の加速フェーズ（20秒以内）,惰行,3.0,力行,9.0,3.37,31.17,70.0,70.0,70.0,40.0,64.9,60.7,惰行 ↔ 勾配ブレーキ,惰行,40.0,-8.8,56.9,75.0,58.9,58.9,,899.6,68.0,61.84,837.78,-5.0,0.036,3.41,15m先で勾配が-5.0‰から-14.2‰に変わる,前方に現示の低下なし,0.0,0.0,1,68.0,先行列車なし,0,,0,0,0,後続列車なし,該当なし,該当なし,0,0,0,30,240,,,
13.0,sawtooth_s0_3s,0,0.074001,駅出発直後の加速フェーズ（20秒以内）,力行,1.0,惰行,3.0,3.37,34.54,70.0,70.0,70.0,42.6,64.9,61.1,惰行 ↔ 勾配ブレーキ,惰行,42.6,-8.0,57.3,75.0,58.9,58.9,,890.5,67.0,77.62,812.88,-5.0,0.026,3.4,5m先で勾配が-5.0‰から-14.2‰に変わる,前方に現示の低下なし,0.0,0.0,1,67.0,先行列車なし,0,,0,0,0,後続列車なし,該当なし,該当なし,0,0,0,30,240,,,
14.0,sawtooth_s0_3s,0,0.08409,駅出発直後の加速フェーズ（20秒以内）,力行,2.0,惰行,3.0,3.37,38.14,70.0,70.0,70.0,45.3,64.4,60.8,惰行 ↔ 勾配ブレーキ,惰行,45.3,-7.1,57.8,75.0,58.9,58.9,,880.4,66.0,95.5,784.91,-14.2,0.34,3.713,85m先で勾配が-14.2‰から-16.3‰に変わる,前方に現示の低下なし,0.0,0.0,1,66.0,先行列車なし,0,,0,0,0,後続列車なし,該当なし,該当なし,0,0,0,30,240,,,
15.0,sawtooth_s0_3s,0,0.095203,駅出発直後の加速フェーズ（20秒以内）,力行,3.0,惰行,3.0,3.23,41.81,70.0,70.0,70.0,48.0,64.7,61.0,惰行 ↔ 勾配ブレーキ,惰行,48.0,-6.2,57.8,75.0,58.9,58.9,,869.3,65.0,115.4,753.89,-14.2,0.328,3.555,75m先で勾配が-14.2‰から-16.3‰に変わる,前方に現示の低下なし,0.0,0.0,1,65.0,先行列車なし,0,,0,0,0,後続列車なし,該当なし,該当なし,0,0,0,30,240,,,
16.0,sawtooth_s0_3s,0,0.106872,駅出発直後の加速フェーズ（20秒以内）,惰行,1.0,力行,3.0,3.2,42.17,70.0,70.0,70.0,48.9,64.7,61.0,惰行 ↔ 勾配ブレーキ,惰行,48.9,-6.7,58.6,75.0,59.5,59.5,,857.6,64.0,117.82,739.81,-14.2,0.326,3.526,65m先で勾配が-14.2‰から-16.3‰に変わる,前方に現示の低下なし,0.0,0.0,1,64.0,先行列車なし,0,,0,0,0,後続列車なし,該当なし,該当なし,0,0,0,30,240,,,
17.0,sawtooth_s0_3s,0,0.118632,駅出発直後の加速フェーズ（20秒以内）,惰行,2.0,力行,3.0,3.18,42.5,70.0,70.0,70.0,49.2,64.7,61.1,惰行 ↔ 勾配ブレーキ,惰行,49.2,-6.7,58.8,75.0,59.6,59.6,,845.9,63.0,120.06,725.81,-14.2,0.325,3.501,50m先で勾配が-14.2‰から-16.3‰に変わる,前方に現示の低下なし,0.0,0.0,1,63.0,先行列車なし,0,,0,0,0,後続列車なし,該当なし,該当なし,0,0,0,30,240,,,
18.0,sawtooth_s0_3s,0,0.130482,駅出発直後の加速フェーズ（20秒以内）,力行,0.0,惰行,3.0,3.15,42.82,75.0,75.0,75.0,49.4,69.8,66.2,惰行 ↔ 勾配ブレーキ,惰行,49.4,-6.6,59.1,75.0,60.4,60.4,,834.0,62.0,122.31,711.71,-14.2,0.324,3.476,40m先で勾配が-14.2‰から-16.3‰に変わる,前方に現示の低下なし,0.0,0.0,1,62.0,先行列車なし,0,,0,0,0,後続列車なし,該当なし,該当なし,0,0,0,30,240,,,
19.0,sawtooth_s0_3s,0,0.142853,駅出発直後の加速フェーズ（20秒以内）,力行,1.0,惰行,3.0,2.92,46.17,75.0,75.0,75.0,49.7,70.1,66.7,惰行 ↔ 勾配ブレーキ,惰行,49.7,-3.5,59.5,75.0,60.4,60.4,,821.6,61.0,142.41,679.24,-14.2,0.312,3.235,25m先で勾配が-14.2‰から-16.3‰に変わる,前方に現示の低下なし,0.0,0.0,1,61.0,先行列車なし,0,,0,0,0,後続列車なし,該当なし,該当なし,0,0,0,30,240,,,
20.0,sawtooth_s0_3s,0,0.156123,巡航フェーズ（駅間走行中）,力行,2.0,惰行,3.0,2.74,49.31,75.0,75.0,75.0,50.0,70.4,67.0,惰行 ↔ 勾配ブレーキ,惰行,50.0,-0.7,59.7,75.0,60.4,60.4,,808.4,60.0,162.48,645.89,-14.2,0.301,3.038,15m先で勾配が-14.2‰から-16.3‰に変わる,前方に現示の低下なし,0.0,0.0,1,60.0,先行列車なし,0,,0,0,0,後続列車なし,該当なし,該当なし,0,0,0,30,240,,,
21.0,sawtooth_s0_3s,0,0.170238,巡航フェーズ（駅間走行中）,惰行,0.0,力行,3.0,2.58,52.27,75.0,75.0,75.0,50.3,70.6,67.3,惰行 ↔ 勾配ブレーキ,惰行,50.3,2.0,60.0,75.0,60.4,60.4,,794.3,59.0,182.55,611.71,-16.3,0.364,2.945,540m先で勾配が-16.3‰から+2.0‰に変わる,前方に現示の低下なし,0.0,0.0,1,59.0,先行列車なし,0,,0,0,0,後続列車なし,該当なし,該当なし,0,0,0,30,240,,,
22.0,sawtooth_s0_3s,0,0.184809,巡航フェーズ（駅間走行中）,惰行,1.0,力行,3.0,2.56,52.64,75.0,75.0,75.0,50.7,70.6,67.3,惰行 ↔ 勾配ブレーキ,惰行,50.7,2.0,60.5,75.0,60.6,60.6,,779.7,58.0,185.03,594.66,-16.3,0.362,2.926,525m先で勾配が-16.3‰から+2.0‰に変わる,前方に現示の低下なし,0.0,0.0,1,58.0,先行列車なし,0,,0,0,0,後続列車なし,該当なし,該当なし,0,0,0,30,240,,,
23.0,sawtooth_s0_3s,0,0.199482,巡航フェーズ（駅間走行中）,惰行,2.0,力行,3.0,2.55,53.0,75.0,75.0,75.0,51.1,70.6,67.3,惰行 ↔ 勾配ブレーキ,惰行,51.1,1.9,61.0,75.0,61.2,61.2,,765.0,57.0,187.51,577.51,-16.3,0.361,2.907,510m先で勾配が-16.3‰から+2.0‰に変わる,前方に現示の低下なし,0.0,0.0,1,57.0,先行列車なし,0,,0,0,0,後続列車なし,該当なし,該当なし,0,0,0,30,240,,,
24.0,sawtooth_s0_3s,0,0.214254,巡航フェーズ（駅間走行中）,力行,0.0,惰行,3.0,2.53,53.36,75.0,75.0,75.0,51.4,70.7,67.4,惰行 ↔ 勾配ブレーキ,惰行,51.4,1.9,61.2,75.0,61.2,61.2,,750.2,56.0,189.99,560.25,-16.3,0.359,2.888,495m先で勾配が-16.3‰から+2.0‰に変わる,前方に現示の低下なし,0.0,0.0,1,56.0,先行列車なし,0,,0,0,0,後続列車なし,該当なし,該当なし,0,0,0,30,240,,,
25.0,sawtooth_s0_3s,0,0.229474,巡航フェーズ（駅間走行中）,力行,1.0,惰行,3.0,2.4,56.18,75.0,75.0,75.0,51.8,70.9,67.6,惰行 ↔ 勾配ブレーキ,惰行,51.8,4.3,61.2,75.0,61.2,61.2,,735.0,55.0,209.97,525.05,-16.3,0.348,2.75,480m先で勾配が-16.3‰から+2.0‰に変わる,前方に現示の低下なし,0.0,0.0,1,55.0,先行列車なし,0,,0,0,0,後続列車なし,該当なし,該当なし,0,0,0,30,240,,,
26.0,sawtooth_s0_3s,0,0.245459,巡航フェーズ（駅間走行中）,力行,2.0,惰行,3.0,2.29,58.87,75.0,75.0,75.0,52.2,71.1,67.8,惰行 ↔ 勾配ブレーキ,惰行,52.2,6.6,61.2,75.0,61.2,61.2,,719.0,54.0,229.89,489.15,-16.3,0.337,2.629,465m先で勾配が-16.3‰から+2.0‰に変わる,前方に現示の低下なし,0.0,0.0,1,54.0,先行列車なし,0,,0,0,0,後続列車なし,該当なし,該当なし,0,0,0,30,240,,,
27.0,sawtooth_s0_3s,0,0.262175,巡航フェーズ（駅間走行中）,惰行,0.0,力行,3.0,2.2,61.44,75.0,75.0,75.0,52.7,71.2,67.9,惰行 ↔ 勾配ブレーキ,惰行,52.7,8.8,61.2,75.0,61.4,61.4,,702.3,53.0,249.73,452.59,-16.3,0.326,2.522,450m先で勾配が-16.3‰から+2.0‰に変わる,前方に現示の低下なし,0.0,0.0,1,53.0,先行列車なし,0,,0,0,0,後続列車なし,該当なし,該当なし,0,0,0,30,240,,,
28.0,sawtooth_s0_3s,0,0.279288,巡航フェーズ（駅間走行中）,惰行,1.0,力行,3.0,2.18,61.77,75.0,75.0,75.0,53.1,71.2,67.9,惰行 ↔ 勾配ブレーキ,惰行,53.1,8.7,61.2,75.0,61.8,61.8,,685.2,52.0,252.29,432.92,-16.3,0.325,2.509,430m先で勾配が-16.3‰から+2.0‰に変わる,前方に現示の低下なし,0.0,0.0,1,52.0,先行列車なし,0,,0,0,0,後続列車なし,該当なし,該当なし,0,0,0,30,240,,,
29.0,sawtooth_s0_3s,0,0.296491,巡航フェーズ（駅間走行中）,惰行,2.0,力行,3.0,2.17,62.09,75.0,75.0,75.0,53.5,71.3,68.0,惰行 ↔ 勾配ブレーキ,惰行,53.5,8.6,61.2,75.0,62.1,62.1,,668.0,51.0,254.85,413.15,-16.3,0.323,2.497,415m先で勾配が-16.3‰から+2.0‰に変わる,前方に現示の低下なし,0.0,0.0,1,51.0,先行列車なし,0,,0,0,0,後続列車なし,該当なし,該当なし,0,0,0,30,240,,,
30.0,sawtooth_s0_3s,0,0.313784,巡航フェーズ（駅間走行中）,力行,0.0,惰行,3.0,2.16,62.41,75.0,75.0,75.0,53.9,71.3,68.0,惰行 ↔ 勾配ブレーキ,惰行,53.9,8.5,61.2,75.0,62.4,62.4,,650.7,50.0,257.42,393.3,-16.3,0.322,2.484,395m先で勾配が-16.3‰から+2.0‰に変わる,前方に現示の低下なし,0.0,0.0,1,50.0,先行列車なし,0,,0,0,0,後続列車なし,該当なし,該当なし,0,0,0,30,240,,,
31.0,sawtooth_s0_3s,0,0.331465,巡航フェーズ（駅間走行中）,力行,1.0,惰行,3.0,2.08,64.85,75.0,75.0,75.0,54.3,71.4,68.1,惰行 ↔ 勾配ブレーキ,惰行,54.3,10.5,61.2,75.0,64.9,64.9,,633.0,49.0,277.15,355.89,-16.3,0.311,2.392,380m先で勾配が-16.3‰から+2.0‰に変わる,前方に現示の低下なし,0.0,0.0,1,49.0,先行列車なし,0,,0,0,0,後続列車なし,該当なし,該当なし,0,0,0,30,240,,,
32.0,sawtooth_s0_3s,0,0.349811,巡航フェーズ（駅間走行中）,力行,2.0,惰行,3.0,2.01,67.2,75.0,75.0,75.0,54.8,71.5,68.2,惰行 ↔ 勾配ブレーキ,惰行,54.8,12.4,61.2,75.0,67.2,67.2,,614.7,48.0,296.79,317.9,-16.3,0.3,2.309,360m先で勾配が-16.3‰から+2.0‰に変わる,前方に現示の低下なし,0.0,0.0,1,48.0,先行列車なし,0,,0,0,0,後続列車なし,該当なし,該当なし,0,0,0,30,240,,,
33.0,sawtooth_s0_3s,0,0.368798,巡航フェーズ（駅間走行中）,惰行,0.0,力行,3.0,1.94,69.47,75.0,75.0,75.0,55.2,71.7,68.4,惰行 ↔ 勾配ブレーキ,惰行,55.2,14.3,60.4,75.0,69.5,69.5,,595.7,47.0,316.34,279.37,-16.3,0.29,2.232,340m先で勾配が-16.3‰から+2.0‰に変わる,前方に現示の低下なし,0.0,0.0,1,47.0,先行列車なし,0,,0,0,0,後続列車なし,該当なし,該当なし,0,0,0,30,240,,,
34.0,sawtooth_s0_3s,0,0.388136,巡航フェーズ（駅間走行中）,惰行,1.0,力行,3.0,1.93,69.76,75.0,75.0,75.0,55.6,71.7,68.4,惰行 ↔ 勾配ブレーキ,惰行,55.6,14.1,60.4,75.0,69.8,69.8,,576.4,46.0,318.87,257.5,-16.3,0.289,2.223,320m先で勾配が-16.3‰から+2.0‰に変わる,前方に現示の低下なし,0.0,0.0,1,46.0,先行列車なし,0,,0,0,0,後続列車なし,該当なし,該当なし,0,0,0,30,240,,,
35.0,sawtooth_s0_3s,0,0.407555,巡航フェーズ（駅間走行中）,惰行,2.0,力行,3.0,1.93,70.05,75.0,75.0,75.0,56.1,71.7,68.4,惰行 ↔ 勾配ブレーキ,惰行,56.1,14.0,59.5,75.0,70.0,70.0,,556.9,45.0,316.26,240.69,-16.3,0.287,2.214,300m先で勾配が-16.3‰から+2.0‰に変わる,前方に現示の低下なし,0.0,0.0,1,45.0,先行列車なし,0,,0,0,0,後続列車なし,該当なし,該当なし,0,0,0,30,240,,,
36.0,sawtooth_s0_3s,0,0.427053,巡航フェーズ（駅間走行中）,力行,0.0,惰行,3.0,1.92,70.34,75.0,75.0,75.0,56.5,71.7,68.4,惰行 ↔ 勾配ブレーキ,惰行,56.5,13.8,59.5,75.0,70.3,70.3,,537.4,44.0,313.52,223.93,-16.3,0.286,2.204,285m先で勾配が-16.3‰から+2.0‰に変わる,前方に現示の低下なし,0.0,0.0,1,44.0,先行列車なし,0,,0,0,0,後続列車なし,該当なし,該当なし,0,0,0,30,240,,,
37.0,sawtooth_s0_3s,0,0.446896,巡航フェーズ（駅間走行中）,力行,1.0,惰行,3.0,1.86,72.51,75.0,75.0,75.0,56.9,71.8,68.5,惰行 ↔ 勾配ブレーキ,惰行,56.9,15.6,58.7,75.0,72.5,72.5,,517.6,43.0,323.63,193.97,-16.3,0.275,2.137,265m先で勾配が-16.3‰から+2.0‰に変わる,前方に現示の低下なし,0.0,0.0,1,43.0,先行列車なし,0,,0,0,0,後続列車なし,該当なし,該当なし,0,0,0,30,240,,,
38.0,sawtooth_s0_3s,0,0.467333,巡航フェーズ（駅間走行中）,力行,2.0,惰行,3.0,1.81,74.61,75.0,75.0,75.0,57.4,71.9,68.6,惰行 ↔ 勾配ブレーキ,惰行,57.4,17.2,57.8,75.0,74.6,74.6,,497.2,42.0,333.71,163.46,-16.3,0.265,2.074,245m先で勾配が-16.3‰から+2.0‰に変わる,前方に現示の低下なし,0.0,0.0,1,42.0,先行列車なし,0,,0,0,0,後続列車なし,該当なし,該当なし,0,0,0,30,240,,,
39.0,sawtooth_s0_3s,0,0.488346,巡航フェーズ（駅間走行中）,惰行,0.0,力行,3.0,1.72,76.64,75.0,75.0,75.0,57.8,72.0,68.7,惰行 ↔ 勾配ブレーキ,惰行,57.8,18.8,56.9,75.0,75.0,75.0,,476.2,41.0,343.19,132.96,-16.3,0.255,1.978,220m先で勾配が-16.3‰から+2.0‰に変わる,前方に現示の低下なし,0.0,0.0,1,41.0,先行列車なし,0,,0,0,0,後続列車なし,該当なし,該当なし,0,0,0,30,240,,,
40.0,sawtooth_s0_3s,0,0.50967,巡航フェーズ（駅間走行中）,惰行,1.0,力行,3.0,1.71,76.89,75.0,75.0,75.0,58.3,72.1,68.8,惰行 ↔ 勾配ブレーキ,惰行,58.3,18.6,56.0,75.0,75.0,75.0,,454.8,40.0,340.2,114.63,-16.3,0.254,1.965,200m先で勾配が-16.3‰から+2.0‰に変わる,前方に現示の低下なし,0.0,0.0,1,40.0,先行列車なし,0,,0,0,0,後続列車なし,該当なし,該当なし,0,0,0,30,240,,,
41.0,sawtooth_s0_3s,0,0.531065,巡航フェーズ（駅間走行中）,惰行,2.0,力行,3.0,1.7,77.15,75.0,75.0,75.0,58.7,72.1,68.8,惰行 ↔ 勾配ブレーキ,惰行,58.7,18.4,54.2,75.0,75.0,75.0,,433.4,39.0,336.9,96.53,-16.3,0.252,1.953,180m先で勾配が-16.3‰から+2.0‰に変わる,前方に現示の低下なし,0.0,0.0,1,39.0,先行列車なし,0,,0,0,0,後続列車なし,該当なし,該当なし,0,0,0,30,240,,,
42.0,sawtooth_s0_3s,0,0.55253,巡航フェーズ（駅間走行中）,力行,0.0,惰行,3.0,1.69,77.4,75.0,75.0,75.0,59.2,72.1,68.8,惰行 ↔ 勾配ブレーキ,惰行,59.2,18.2,53.3,75.0,75.0,75.0,,412.0,38.0,334.18,77.79,-16.3,0.251,1.941,155m先で勾配が-16.3‰から+2.0‰に変わる,前方に現示の低下なし,0.0,0.0,1,38.0,先行列車なし,0,,0,0,0,後続列車なし,該当なし,該当なし,0,0,0,30,240,,,
43.0,sawtooth_s0_3s,0,0.574298,次駅への減速フェーズ（駅手前400m以内）,力行,1.0,惰行,3.0,1.61,79.29,75.0,75.0,75.0,59.6,72.2,68.9,惰行 ↔ 勾配ブレーキ,惰行,59.6,19.7,,75.0,75.0,75.0,,390.2,37.0,343.2,47.0,-16.3,0.241,1.851,135m先で勾配が-16.3‰から+2.0‰に変わる,前方に現示の低下なし,0.0,0.0,1,37.0,先行列車なし,0,,0,0,0,後続列車なし,該当なし,該当なし,0,0,0,30,240,,,
44.0,sawtooth_s0_3s,0,0.59658,次駅への減速フェーズ（駅手前400m以内）,力行,2.0,惰行,3.0,1.54,81.11,75.0,75.0,75.0,60.1,72.3,69.0,惰行 ↔ 勾配ブレーキ,惰行,60.1,21.0,,75.0,75.0,75.0,,367.9,36.0,351.81,16.11,-16.3,0.232,1.771,115m先で勾配が-16.3‰から+2.0‰に変わる,前方に現示の低下なし,0.0,0.0,1,36.0,先行列車なし,0,,0,0,0,後続列車なし,該当なし,該当なし,0,0,0,30,240,,,
45.0,sawtooth_s0_3s,0,0.619234,次駅への減速フェーズ（駅手前400m以内）,制動,0.5,力行,0.0,4.04,81.01,75.0,75.0,75.0,60.5,72.3,69.0,惰行 ↔ 勾配ブレーキ,惰行,60.5,20.5,,75.0,75.0,75.0,,345.3,35.0,346.04,-0.78,-16.3,0.232,1.775,90m先で勾配が-16.3‰から+2.0‰に変わる,前方に現示の低下なし,0.0,0.0,1,35.0,先行列車なし,0,,0,0,0,後続列車なし,該当なし,該当なし,0,0,0,30,240,,,
46.0,sawtooth_s0_3s,0,0.641418,次駅への減速フェーズ（駅手前400m以内）,制動,1.5,力行,0.0,4.13,78.74,75.0,75.0,75.0,60.9,72.2,68.9,惰行 ↔ 勾配ブレーキ,惰行,60.9,17.8,,75.0,75.0,75.0,,323.1,34.0,323.88,-0.8,-16.3,0.244,1.877,70m先で勾配が-16.3‰から+2.0‰に変わる,前方に現示の低下なし,0.0,0.0,1,34.0,先行列車なし,0,,0,0,0,後続列車なし,該当なし,該当なし,0,0,0,30,240,,,
47.0,sawtooth_s0_3s,0,0.662976,次駅への減速フェーズ（駅手前400m以内）,制動,2.4,力行,0.0,4.23,76.49,75.0,75.0,75.0,61.4,72.0,68.4,惰行 ↔ 勾配ブレーキ,惰行,61.4,15.1,,75.0,75.0,75.0,,301.5,33.0,302.32,-0.8,-16.3,0.256,1.985,45m先で勾配が-16.3‰から+2.0‰に変わる,前方に現示の低下なし,0.0,0.0,1,33.0,先行列車なし,0,,0,0,0,後続列車なし,該当なし,該当なし,0,0,0,30,240,,,
48.0,sawtooth_s0_3s,0,0.68391,次駅への減速フェーズ（駅手前400m以内）,制動,3.4,力行,0.0,4.32,74.26,75.0,75.0,75.0,61.8,71.9,64.4,勾配力行 ↔ 惰行,惰行,61.8,12.5,,75.0,75.0,75.0,,280.6,32.0,281.36,-0.77,-16.3,0.267,2.084,25m先で勾配が-16.3‰から+2.0‰に変わる,988m先でATC現示が75km/hから70km/hに低下する,0.0,0.0,1,32.0,先行列車なし,0,,0,0,0,後続列車なし,該当なし,該当なし,0,0,0,30,240,,,
49.0,sawtooth_s0_3s,0,0.704224,次駅への減速フェーズ（駅手前400m以内）,制動,4.4,力行,0.0,4.37,72.03,75.0,75.0,75.0,62.1,71.8,65.6,勾配力行 ↔ 惰行,惰行,62.1,9.9,,75.0,75.0,75.0,,260.3,31.0,261.0,-0.72,-16.3,0.278,2.151,5m先で勾配が-16.3‰から+2.0‰に変わる,968m先でATC現示が75km/hから70km/hに低下する,0.0,0.0,1,31.0,先行列車なし,0,,0,0,0,後続列車なし,該当なし,該当なし,0,0,0,30,240,,,
50.0,sawtooth_s0_3s,0,0.723858,次駅への減速フェーズ（駅手前400m以内）,制動,5.4,力行,0.0,4.45,69.28,75.0,75.0,75.0,61.9,72.6,66.8,勾配力行 ↔ 惰行,惰行,61.9,7.4,,75.0,75.0,75.0,,240.6,30.0,241.11,-0.47,2.0,-0.355,1.593,当面+2.0‰が続く,948m先でATC現示が75km/hから70km/hに低下する,0.0,0.0,1,30.0,先行列車なし,0,,0,0,0,後続列車なし,該当なし,該当なし,0,0,0,30,240,,,
51.0,sawtooth_s0_3s,0,0.742701,次駅への減速フェーズ（駅手前400m以内）,制動,6.4,力行,0.0,4.53,66.43,75.0,75.0,75.0,61.5,72.5,66.6,勾配力行 ↔ 惰行,惰行,61.5,4.9,,75.0,75.0,75.0,,221.8,29.0,222.26,-0.46,2.0,-0.342,1.69,当面+2.0‰が続く,929m先でATC現示が75km/hから70km/hに低下する,0.0,0.0,1,29.0,先行列車なし,0,,0,0,0,後続列車なし,該当なし,該当なし,0,0,0,30,240,,,
52.0,sawtooth_s0_3s,0,0.760755,次駅への減速フェーズ（駅手前400m以内）,制動,7.4,力行,0.0,4.62,63.59,75.0,75.0,75.0,61.2,72.3,66.5,勾配力行 ↔ 惰行,惰行,61.2,2.4,,75.0,75.0,75.0,,203.7,28.0,204.21,-0.46,2.0,-0.329,1.793,当面+2.0‰が続く,911m先でATC現示が75km/hから70km/hに低下する,0.0,0.0,1,28.0,先行列車なし,0,,0,0,0,後続列車なし,該当なし,該当なし,0,0,0,30,240,,,
53.0,sawtooth_s0_3s,0,0.778024,次駅への減速フェーズ（駅手前400m以内）,制動,8.4,力行,0.0,4.72,60.77,75.0,75.0,75.0,60.7,72.1,66.3,勾配力行 ↔ 惰行,惰行,60.7,0.1,,75.0,75.0,75.0,,186.5,27.0,186.93,-0.46,2.0,-0.317,1.904,当面+2.0‰が続く,894m先でATC現示が75km/hから70km/hに低下する,0.0,0.0,1,27.0,先行列車なし,0,,0,0,0,後続列車なし,該当なし,該当なし,0,0,0,30,240,,,
54.0,sawtooth_s0_3s,0,0.794509,次駅への減速フェーズ（駅手前400m以内）,制動,9.4,力行,0.0,4.83,57.96,75.0,75.0,75.0,57.9,72.0,66.1,勾配力行 ↔ 惰行,惰行,57.9,0.1,,75.0,75.0,75.0,,170.0,26.0,170.44,-0.45,2.0,-0.305,2.024,当面+2.0‰が続く,877m先でATC現示が75km/hから70km/hに低下する,0.0,0.0,1,26.0,先行列車なし,0,,0,0,0,後続列車なし,該当なし,該当なし,0,0,0,30,240,,,
55.0,sawtooth_s0_3s,0,0.810216,次駅への減速フェーズ（駅手前400m以内）,制動,10.4,力行,0.0,4.95,55.16,75.0,75.0,75.0,55.1,71.8,65.9,勾配力行 ↔ 惰行,惰行,55.1,0.1,,75.0,75.0,75.0,,154.3,25.0,154.73,-0.45,2.0,-0.293,2.153,当面+2.0‰が続く,862m先でATC現示が75km/hから70km/hに低下する,0.0,0.0,1,25.0,先行列車なし,0,,0,0,0,後続列車なし,該当なし,該当なし,0,0,0,30,240,,,
56.0,sawtooth_s0_3s,0,0.825147,次駅への減速フェーズ（駅手前400m以内）,制動,11.4,力行,0.0,5.08,52.37,75.0,75.0,75.0,52.3,71.6,65.7,勾配力行 ↔ 惰行,惰行,52.3,0.1,,75.0,75.0,75.0,,139.4,24.0,139.8,-0.44,2.0,-0.282,2.294,当面+2.0‰が続く,847m先でATC現示が75km/hから70km/hに低下する,0.0,0.0,1,24.0,先行列車なし,0,,0,0,0,後続列車なし,該当なし,該当なし,0,0,0,30,240,,,
56.5,sawtooth_s0_3s,0,0.832322,次駅への減速フェーズ（駅手前400m以内）,制動,11.9,力行,0.0,5.15,50.98,75.0,75.0,75.0,50.9,71.4,65.6,勾配力行 ↔ 惰行,惰行,50.9,0.1,,75.0,75.0,75.0,,132.2,23.5,132.62,-0.44,2.0,-0.277,2.37,当面+2.0‰が続く,839m先でATC現示が75km/hから70km/hに低下する,0.0,0.0,1,23.5,先行列車なし,0,,0,0,0,後続列車なし,該当なし,該当なし,0,0,0,30,240,,,
57.0,sawtooth_s0_3s,0,0.839305,次駅への減速フェーズ（駅手前400m以内）,制動,12.4,力行,0.0,5.22,49.59,75.0,75.0,75.0,49.5,71.3,65.5,勾配力行 ↔ 惰行,惰行,49.5,0.1,,75.0,75.0,75.0,,125.2,23.0,125.63,-0.44,2.0,-0.272,2.449,当面+2.0‰が続く,832m先でATC現示が75km/hから70km/hに低下する,0.0,0.0,1,23.0,先行列車なし,0,,0,0,0,後続列車なし,該当なし,該当なし,0,0,0,30,240,,,
57.5,sawtooth_s0_3s,0,0.846095,次駅への減速フェーズ（駅手前400m以内）,制動,12.9,力行,0.0,5.3,48.21,75.0,75.0,75.0,48.1,71.2,65.4,勾配力行 ↔ 惰行,惰行,48.1,0.1,,75.0,75.0,75.0,,118.4,22.5,118.84,-0.44,2.0,-0.267,2.533,当面+2.0‰が続く,826m先でATC現示が75km/hから70km/hに低下する,0.0,0.0,1,22.5,先行列車なし,0,,0,0,0,後続列車なし,該当なし,該当なし,0,0,0,30,240,,,
58.0,sawtooth_s0_3s,0,0.852693,次駅への減速フェーズ（駅手前400m以内）,制動,13.4,力行,0.0,5.38,46.83,75.0,75.0,75.0,46.8,71.1,65.2,勾配力行 ↔ 惰行,惰行,46.8,0.1,,75.0,75.0,75.0,,111.8,22.0,112.24,-0.44,2.0,-0.262,2.62,当面+2.0‰が続く,819m先でATC現示が75km/hから70km/hに低下する,0.0,0.0,1,22.0,先行列車なし,0,,0,0,0,後続列車なし,該当なし,該当なし,0,0,0,30,240,,,
58.5,sawtooth_s0_3s,0,0.859099,次駅への減速フェーズ（駅手前400m以内）,制動,13.9,力行,0.0,5.47,45.45,75.0,75.0,75.0,45.4,70.9,65.1,勾配力行 ↔ 惰行,惰行,45.4,0.1,,75.0,75.0,75.0,,105.4,21.5,105.83,-0.43,2.0,-0.257,2.713,当面+2.0‰が続く,813m先でATC現示が75km/hから70km/hに低下する,0.0,0.0,1,21.5,先行列車なし,0,,0,0,0,後続列車なし,該当なし,該当なし,0,0,0,30,240,,,
59.0,sawtooth_s0_3s,0,0.865313,次駅への減速フェーズ（駅手前400m以内）,制動,14.4,力行,0.0,5.56,44.07,75.0,75.0,75.0,44.0,70.8,65.0,勾配力行 ↔ 惰行,惰行,44.0,0.1,,75.0,75.0,75.0,,99.2,21.0,99.62,-0.43,2.0,-0.252,2.81,当面+2.0‰が続く,806m先でATC現示が75km/hから70km/hに低下する,0.0,0.0,1,21.0,先行列車なし,0,,0,0,0,後続列車なし,該当なし,該当なし,0,0,0,30,240,,,
59.5,sawtooth_s0_3s,0,0.871337,次駅への減速フェーズ（駅手前400m以内）,制動,14.9,力行,0.0,5.66,42.7,75.0,75.0,75.0,42.6,70.6,64.8,勾配力行 ↔ 惰行,惰行,42.6,0.1,,75.0,75.0,75.0,,93.2,20.5,93.59,-0.43,2.0,-0.247,2.914,当面+2.0‰が続く,800m先でATC現示が75km/hから70km/hに低下する,0.0,0.0,1,20.5,先行列車なし,0,,0,0,0,後続列車なし,該当なし,該当なし,0,0,0,30,240,,,
60.0,sawtooth_s0_3s,0,0.87717,次駅への減速フェーズ（駅手前400m以内）,制動,15.4,力行,0.0,5.77,41.32,75.0,75.0,75.0,41.3,70.5,64.6,勾配力行 ↔ 惰行,惰行,41.3,0.1,,75.0,75.0,75.0,,87.3,20.0,87.76,-0.43,2.0,-0.242,3.023,当面+2.0‰が続く,795m先でATC現示が75km/hから70km/hに低下する,0.0,0.0,1,20.0,先行列車なし,0,,0,0,0,後続列車なし,該当なし,該当なし,0,0,0,30,240,,,
60.5,sawtooth_s0_3s,0,0.882812,次駅への減速フェーズ（駅手前400m以内）,制動,15.9,力行,0.0,5.87,39.95,75.0,75.0,75.0,39.9,70.3,64.5,勾配力行 ↔ 惰行,惰行,39.9,0.1,,75.0,75.0,75.0,,81.7,19.5,82.11,-0.43,2.0,-0.238,3.136,当面+2.0‰が続く,789m先でATC現示が75km/hから70km/hに低下する,0.0,0.0,1,19.5,先行列車なし,0,,0,0,0,後続列車なし,該当なし,該当なし,0,0,0,30,240,,,
61.0,sawtooth_s0_3s,0,0.888264,次駅への減速フェーズ（駅手前400m以内）,制動,16.4,力行,0.0,5.87,38.59,75.0,75.0,75.0,38.5,70.3,64.5,勾配力行 ↔ 惰行,惰行,38.5,0.1,,75.0,75.0,75.0,,76.2,19.0,76.66,-0.42,2.0,-0.233,3.14,当面+2.0‰が続く,784m先でATC現示が75km/hから70km/hに低下する,0.0,0.0,1,19.0,先行列車なし,0,,0,0,0,後続列車なし,該当なし,該当なし,0,0,0,30,240,,,
61.5,sawtooth_s0_3s,0,0.893527,次駅への減速フェーズ（駅手前400m以内）,制動,16.9,力行,0.0,5.87,37.22,75.0,75.0,75.0,37.2,70.3,64.5,勾配力行 ↔ 惰行,惰行,37.2,0.1,,75.0,75.0,75.0,,71.0,18.5,71.39,-0.42,2.0,-0.229,3.145,当面+2.0‰が続く,778m先でATC現示が75km/hから70km/hに低下する,0.0,0.0,1,18.5,先行列車なし,0,,0,0,0,後続列車なし,該当なし,該当なし,0,0,0,30,240,,,
62.0,sawtooth_s0_3s,0,0.8986,次駅への減速フェーズ（駅手前400m以内）,制動,17.4,力行,0.0,5.87,35.86,75.0,75.0,75.0,35.8,70.3,64.5,勾配力行 ↔ 惰行,惰行,35.8,0.1,,75.0,75.0,75.0,,65.9,18.0,66.32,-0.42,2.0,-0.225,3.149,当面+2.0‰が続く,773m先でATC現示が75km/hから70km/hに低下する,0.0,0.0,1,18.0,先行列車なし,0,,0,0,0,後続列車なし,該当なし,該当なし,0,0,0,30,240,,,
62.5,sawtooth_s0_3s,0,0.903484,次駅への減速フェーズ（駅手前400m以内）,制動,18.0,力行,0.0,5.87,34.5,75.0,75.0,75.0,34.4,70.3,64.4,勾配力行 ↔ 惰行,惰行,34.4,0.1,,75.0,75.0,75.0,,61.0,17.5,61.43,-0.42,2.0,-0.221,3.153,当面+2.0‰が続く,768m先でATC現示が75km/hから70km/hに低下する,0.0,0.0,1,17.5,先行列車なし,0,,0,0,0,後続列車なし,該当なし,該当なし,0,0,0,30,240,,,
63.0,sawtooth_s0_3s,0,0.908178,次駅への減速フェーズ（駅手前400m以内）,制動,18.5,力行,0.0,5.87,33.14,75.0,75.0,75.0,33.1,70.3,64.4,勾配力行 ↔ 惰行,惰行,33.1,0.1,,75.0,75.0,75.0,,56.3,17.0,56.74,-0.42,2.0,-0.216,3.157,当面+2.0‰が続く,764m先でATC現示が75km/hから70km/hに低下する,0.0,0.0,1,17.0,先行列車なし,0,,0,0,0,後続列車なし,該当なし,該当なし,0,0,0,30,240,,,
63.5,sawtooth_s0_3s,0,0.912684,次駅への減速フェーズ（駅手前400m以内）,制動,19.0,力行,0.0,5.87,31.78,75.0,75.0,75.0,31.7,70.3,64.4,勾配力行 ↔ 惰行,惰行,31.7,0.1,,75.0,75.0,75.0,,51.8,16.5,52.23,-0.41,2.0,-0.212,3.161,当面+2.0‰が続く,759m先でATC現示が75km/hから70km/hに低下する,0.0,0.0,1,16.5,先行列車なし,0,,0,0,0,後続列車なし,該当なし,該当なし,0,0,0,30,240,,,
64.0,sawtooth_s0_3s,0,0.917002,次駅への減速フェーズ（駅手前400m以内）,制動,19.5,力行,0.0,5.87,30.42,75.0,75.0,75.0,30.3,70.3,64.4,勾配力行 ↔ 惰行,惰行,30.3,0.1,,75.0,75.0,75.0,,47.5,16.0,47.91,-0.41,2.0,-0.209,3.165,当面+2.0‰が続く,755m先でATC現示が75km/hから70km/hに低下する,0.0,0.0,1,16.0,先行列車なし,0,,0,0,0,後続列車なし,該当なし,該当なし,0,0,0,30,240,,,
64.5,sawtooth_s0_3s,0,0.921132,次駅への減速フェーズ（駅手前400m以内）,制動,20.0,力行,0.0,5.87,29.07,75.0,75.0,75.0,29.0,70.2,64.4,勾配力行 ↔ 惰行,惰行,29.0,0.1,,75.0,75.0,75.0,,43.4,15.5,43.78,-0.41,2.0,-0.205,3.169,当面+2.0‰が続く,751m先でATC現示が75km/hから70km/hに低下する,0.0,0.0,1,15.5,先行列車なし,0,,0,0,0,後続列車なし,該当なし,該当なし,0,0,0,30,240,,,
65.0,sawtooth_s0_3s,0,0.925074,次駅への減速フェーズ（駅手前400m以内）,制動,20.5,力行,0.0,5.87,27.72,75.0,75.0,75.0,27.6,70.2,64.4,勾配力行 ↔ 惰行,惰行,27.6,0.1,,75.0,75.0,75.0,,39.4,15.0,39.83,-0.41,2.0,-0.201,3.173,当面+2.0‰が続く,747m先でATC現示が75km/hから70km/hに低下する,0.0,0.0,1,15.0,先行列車なし,0,,0,0,0,後続列車なし,該当なし,該当なし,0,0,0,30,240,,,
65.5,sawtooth_s0_3s,0,0.928828,次駅への減速フェーズ（駅手前400m以内）,制動,21.0,力行,0.0,5.87,26.37,75.0,75.0,75.0,26.3,70.2,64.4,勾配力行 ↔ 惰行,惰行,26.3,0.1,,75.0,75.0,75.0,,35.7,14.5,36.08,-0.41,2.0,-0.197,3.176,当面+2.0‰が続く,743m先でATC現示が75km/hから70km/hに低下する,0.0,0.0,1,14.5,先行列車なし,0,,0,0,0,後続列車なし,該当なし,該当なし,0,0,0,30,240,,,
66.0,sawtooth_s0_3s,0,0.932395,次駅への減速フェーズ（駅手前400m以内）,制動,21.5,力行,0.0,5.87,25.02,75.0,75.0,75.0,24.9,70.2,64.4,勾配力行 ↔ 惰行,惰行,24.9,0.1,,75.0,75.0,75.0,,32.1,14.0,32.51,-0.4,2.0,-0.194,3.18,当面+2.0‰が続く,739m先でATC現示が75km/hから70km/hに低下する,0.0,0.0,1,14.0,先行列車なし,0,,0,0,0,後続列車なし,該当なし,該当なし,0,0,0,30,240,,,
66.5,sawtooth_s0_3s,0,0.935775,次駅への減速フェーズ（駅手前400m以内）,制動,22.0,力行,0.0,5.87,23.68,75.0,75.0,75.0,23.6,70.2,64.4,勾配力行 ↔ 惰行,惰行,23.6,0.1,,75.0,75.0,75.0,,28.7,13.5,29.13,-0.4,2.0,-0.191,3.183,当面+2.0‰が続く,736m先でATC現示が75km/hから70km/hに低下する,0.0,0.0,1,13.5,先行列車なし,0,,0,0,0,後続列車なし,該当なし,該当なし,0,0,0,30,240,,,
67.0,sawtooth_s0_3s,0,0.938968,次駅への減速フェーズ（駅手前400m以内）,制動,22.5,力行,0.0,5.87,22.33,75.0,75.0,75.0,22.2,70.2,64.4,勾配力行 ↔ 惰行,惰行,22.2,0.1,,75.0,75.0,75.0,,25.5,13.0,25.93,-0.4,2.0,-0.187,3.187,当面+2.0‰が続く,733m先でATC現示が75km/hから70km/hに低下する,0.0,0.0,1,13.0,先行列車なし,0,,0,0,0,後続列車なし,該当なし,該当なし,0,0,0,30,240,,,
67.5,sawtooth_s0_3s,0,0.941974,次駅への減速フェーズ（駅手前400m以内）,制動,23.0,力行,0.0,5.87,20.99,75.0,75.0,75.0,20.9,70.2,64.4,勾配力行 ↔ 惰行,惰行,20.9,0.1,,75.0,75.0,75.0,,22.5,12.5,22.92,-0.4,2.0,-0.184,3.19,当面+2.0‰が続く,730m先でATC現示が75km/hから70km/hに低下する,0.0,0.0,1,12.5,先行列車なし,0,,0,0,0,後続列車なし,該当なし,該当なし,0,0,0,30,240,,,
68.0,sawtooth_s0_3s,0,0.944794,次駅への減速フェーズ（駅手前400m以内）,制動,23.5,力行,0.0,5.87,19.65,75.0,75.0,75.0,19.5,70.2,64.4,勾配力行 ↔ 惰行,惰行,19.5,0.1,,75.0,75.0,75.0,,19.7,12.0,20.1,-0.4,2.0,-0.181,3.193,当面+2.0‰が続く,727m先でATC現示が75km/hから70km/hに低下する,0.0,0.0,1,12.0,先行列車なし,0,,0,0,0,後続列車なし,該当なし,該当なし,0,0,0,30,240,,,
68.5,sawtooth_s0_3s,0,0.947428,次駅への減速フェーズ（駅手前400m以内）,制動,24.0,力行,0.0,5.87,18.31,75.0,75.0,75.0,18.2,70.2,64.4,勾配力行 ↔ 惰行,惰行,18.2,0.1,,75.0,75.0,75.0,,17.1,11.5,17.47,-0.39,2.0,-0.178,3.196,当面+2.0‰が続く,724m先でATC現示が75km/hから70km/hに低下する,0.0,0.0,1,11.5,先行列車なし,0,,0,0,0,後続列車なし,該当なし,該当なし,0,0,0,30,240,,,
69.0,sawtooth_s0_3s,0,0.949876,次駅への減速フェーズ（駅手前400m以内）,制動,24.5,力行,0.0,5.87,16.97,75.0,75.0,75.0,16.8,70.2,64.4,勾配力行 ↔ 惰行,惰行,16.8,0.1,,75.0,75.0,75.0,,14.6,11.0,15.02,-0.39,2.0,-0.175,3.199,当面+2.0‰が続く,722m先でATC現示が75km/hから70km/hに低下する,0.0,0.0,1,11.0,先行列車なし,0,,0,0,0,後続列車なし,該当なし,該当なし,0,0,0,30,240,,,
69.5,sawtooth_s0_3s,0,0.952138,次駅への減速フェーズ（駅手前400m以内）,制動,25.0,力行,0.0,5.87,15.63,75.0,75.0,75.0,15.5,70.2,64.4,勾配力行 ↔ 惰行,惰行,15.5,0.2,,75.0,75.0,75.0,,12.4,10.5,12.75,-0.39,2.0,-0.172,3.202,当面+2.0‰が続く,720m先でATC現示が75km/hから70km/hに低下する,0.0,0.0,1,10.5,先行列車なし,0,,0,0,0,後続列車なし,該当なし,該当なし,0,0,0,30,240,,,
70.0,sawtooth_s0_3s,0,0.954215,次駅への減速フェーズ（駅手前400m以内）,制動,25.5,力行,0.0,5.87,14.3,75.0,75.0,75.0,14.1,70.2,64.4,勾配力行 ↔ 惰行,惰行,14.1,0.2,,75.0,75.0,75.0,,10.3,10.0,10.67,-0.39,2.0,-0.169,3.205,当面+2.0‰が続く,718m先でATC現示が75km/hから70km/hに低下する,0.0,0.0,1,10.0,先行列車なし,0,,0,0,0,後続列車なし,該当なし,該当なし,0,0,0,30,240,,,
70.5,sawtooth_s0_3s,0,0.956106,次駅への減速フェーズ（駅手前400m以内）,制動,26.0,力行,0.0,5.87,12.96,75.0,75.0,75.0,12.8,70.2,64.4,勾配力行 ↔ 惰行,惰行,12.8,0.2,,75.0,75.0,75.0,,8.4,9.5,8.78,-0.39,2.0,-0.166,3.207,当面+2.0‰が続く,716m先でATC現示が75km/hから70km/hに低下する,0.0,0.0,1,9.5,先行列車なし,0,,0,0,0,後続列車なし,該当なし,該当なし,0,0,0,30,240,,,
71.0,sawtooth_s0_3s,0,0.957812,次駅への減速フェーズ（駅手前400m以内）,制動,26.5,力行,0.0,5.87,11.63,75.0,75.0,75.0,11.4,70.2,64.4,勾配力行 ↔ 惰行,惰行,11.4,0.2,,75.0,75.0,75.0,,6.7,9.0,7.07,-0.38,2.0,-0.164,3.21,当面+2.0‰が続く,714m先でATC現示が75km/hから70km/hに低下する,0.0,0.0,1,9.0,先行列車なし,0,,0,0,0,後続列車なし,該当なし,該当なし,0,0,0,30,240,,,
71.5,sawtooth_s0_3s,0,0.959333,次駅への減速フェーズ（駅手前400m以内）,制動,27.0,力行,0.0,5.87,10.3,75.0,75.0,75.0,10.1,70.2,64.4,勾配力行 ↔ 惰行,惰行,10.1,0.2,,75.0,75.0,75.0,,5.2,8.5,5.55,-0.38,2.0,-0.161,3.213,当面+2.0‰が続く,712m先でATC現示が75km/hから70km/hに低下する,0.0,0.0,1,8.5,先行列車なし,0,,0,0,0,後続列車なし,該当なし,該当なし,0,0,0,30,240,,,
72.0,sawtooth_s0_3s,0,0.96067,次駅への減速フェーズ（駅手前400m以内）,制動,27.5,力行,0.0,5.87,8.97,75.0,75.0,75.0,8.7,70.2,64.4,勾配力行 ↔ 惰行,惰行,8.7,0.3,,75.0,75.0,75.0,,3.8,8.0,4.21,-0.38,2.0,-0.159,3.215,当面+2.0‰が続く,711m先でATC現示が75km/hから70km/hに低下する,0.0,0.0,1,8.0,先行列車なし,0,,0,0,0,後続列車なし,該当なし,該当なし,0,0,0,30,240,,,
72.5,sawtooth_s0_3s,0,0.961821,次駅への減速フェーズ（駅手前400m以内）,制動,28.0,力行,0.0,5.87,7.64,75.0,75.0,75.0,7.3,70.2,64.4,勾配力行 ↔ 惰行,惰行,7.3,0.3,,75.0,75.0,75.0,,2.7,7.5,3.06,-0.38,2.0,-0.156,3.217,当面+2.0‰が続く,710m先でATC現示が75km/hから70km/hに低下する,0.0,0.0,1,7.5,先行列車なし,0,,0,0,0,後続列車なし,該当なし,該当なし,0,0,0,30,240,,,
73.0,sawtooth_s0_3s,0,0.962789,次駅への減速フェーズ（駅手前400m以内）,制動,28.5,力行,0.0,5.87,6.31,75.0,75.0,75.0,5.9,70.2,64.3,勾配力行 ↔ 惰行,惰行,5.9,0.4,,75.0,75.0,75.0,,1.7,7.0,2.09,-0.38,2.0,-0.154,3.22,当面+2.0‰が続く,709m先でATC現示が75km/hから70km/hに低下する,0.0,0.0,1,7.0,先行列車なし,0,,0,0,0,後続列車なし,該当なし,該当なし,0,0,0,30,240,,,
73.5,sawtooth_s0_3s,0,0.963572,次駅への減速フェーズ（駅手前400m以内）,制動,29.0,力行,0.0,5.87,4.99,75.0,75.0,75.0,4.5,70.2,64.3,勾配力行 ↔ 惰行,惰行,4.5,0.5,,75.0,75.0,75.0,,0.9,6.5,1.3,-0.38,2.0,-0.152,3.222,当面+2.0‰が続く,708m先でATC現示が75km/hから70km/hに低下する,0.0,0.0,1,6.5,先行列車なし,0,,0,0,0,後続列車なし,該当なし,該当なし,0,0,0,30,240,,,
74.0,sawtooth_s0_3s,0,0.96417,次駅への減速フェーズ（駅手前400m以内）,制動,29.5,力行,0.0,5.87,3.66,75.0,75.0,75.0,3.0,70.2,64.3,勾配力行 ↔ 惰行,惰行,3.0,0.7,,75.0,75.0,75.0,,0.3,6.0,0.7,-0.37,2.0,-0.15,3.224,当面+2.0‰が続く,708m先でATC現示が75km/hから70km/hに低下する,0.0,0.0,1,6.0,先行列車なし,0,,0,0,0,後続列車なし,該当なし,該当なし,0,0,0,30,240,,,
74.5,sawtooth_s0_3s,0,0.964585,次駅への減速フェーズ（駅手前400m以内）,制動,30.0,力行,0.0,5.87,2.34,75.0,75.0,75.0,1.8,70.2,64.3,勾配力行 ↔ 惰行,惰行,1.8,0.6,,75.0,0.0,0.0,,-0.1,5.5,0.29,-0.37,2.0,-0.148,3.226,当面+2.0‰が続く,707m先でATC現示が75km/hから70km/hに低下する,0.0,0.0,1,5.5,先行列車なし,0,,0,0,0,後続列車なし,該当なし,該当なし,0,0,0,30,240,,,
75.0,sawtooth_s0_3s,0,0.964816,次駅への減速フェーズ（駅手前400m以内）,制動,30.5,力行,0.0,5.87,1.01,75.0,75.0,75.0,1.8,70.2,64.3,勾配力行 ↔ 惰行,惰行,1.8,-0.8,,75.0,0.0,0.0,,-0.3,5.0,0.05,-0.37,2.0,-0.146,3.228,当面+2.0‰が続く,707m先でATC現示が75km/hから70km/hに低下する,0.0,0.0,1,5.0,先行列車なし,0,,0,0,0,後続列車なし,該当なし,該当なし,0,0,0,30,240,,,
0.0,sawtooth_s0_2s,0,0.0,駅出発直後の加速フェーズ（20秒以内）,力行,0.0,なし（または停止）,0.0,0.0,0.0,45.0,45.0,45.0,0.0,39.8,34.5,惰行 ↔ 勾配ブレーキ,惰行,0.0,0.0,49.4,75.0,45.0,45.0,,964.5,80.0,0.0,964.5,-5.0,0.103,3.476,80m先で勾配が-5.0‰から-14.2‰に変わる,前方に現示の低下なし,0.0,0.0,1,80.0,先行列車なし,0,,0,0,0,後続列車なし,該当なし,該当なし,0,0,0,30,240,,,
1.0,sawtooth_s0_2s,0,0.000487,駅出発直後の加速フェーズ（20秒以内）,力行,1.0,なし（または停止）,0.0,0.0,3.47,45.0,45.0,45.0,3.5,39.8,34.5,惰行 ↔ 勾配ブレーキ,惰行,3.5,-0.0,50.2,75.0,45.0,45.0,,964.0,79.0,0.7,963.31,-5.0,0.098,3.471,80m先で勾配が-5.0‰から-14.2‰に変わる,前方に現示の低下なし,0.0,0.0,1,79.0,先行列車なし,0,,0,0,0,後続列車なし,該当なし,該当なし,0,0,0,30,240,,,
2.0,sawtooth_s0_2s,0,0.001939,駅出発直後の加速フェーズ（20秒以内）,力行,2.0,なし（または停止）,0.0,0.0,6.94,45.0,45.0,45.0,6.9,39.8,34.5,惰行 ↔ 勾配ブレーキ,惰行,6.9,-0.0,51.0,75.0,45.0,45.0,,962.6,78.0,2.78,959.78,-5.0,0.092,3.466,80m先で勾配が-5.0‰から-14.2‰に変わる,前方に現示の低下なし,0.0,0.0,1,78.0,先行列車なし,0,,0,0,0,後続列車なし,該当なし,該当なし,0,0,0,30,240,,,
3.0,sawtooth_s0_2s,0,0.004353,駅出発直後の加速フェーズ（20秒以内）,力行,3.0,なし（または停止）,0.0,0.0,10.4,45.0,45.0,45.0,10.4,39.8,34.5,惰行 ↔ 勾配ブレーキ,惰行,10.4,-0.0,51.8,75.0,45.0,45.0,,960.1,77.0,6.24,953.9,-5.0,0.086,3.459,75m先で勾配が-5.0‰から-14.2‰に変わる,前方に現示の低下なし,0.0,0.0,1,77.0,先行列車なし,0,,0,0,0,後続列車なし,該当なし,該当なし,0,0,0,30,240,,,
4.0,sawtooth_s0_2s,0,0.007729,駅出発直後の加速フェーズ（20秒以内）,力行,4.0,なし（または停止）,0.0,0.0,13.86,45.0,45.0,45.0,13.9,39.8,34.5,惰行 ↔ 勾配ブレーキ,惰行,13.9,0.0,52.3,75.0,45.0,45.0,,956.8,76.0,11.06,945.71,-5.0,0.079,3.453,70m先で勾配が-5.0‰から-14.2‰に変わる,前方に現示の低下なし,0.0,0.0,1,76.0,先行列車なし,0,,0,0,0,後続列車なし,該当なし,該当なし,0,0,0,30,240,,,
5.0,sawtooth_s0_2s,0,0.012063,駅出発直後の加速フェーズ（20秒以内）,力行,5.0,なし（または停止）,0.0,0.0,17.31,45.0,45.0,45.0,17.3,39.8,34.5,惰行 ↔ 勾配ブレーキ,惰行,17.3,0.0,53.0,75.0,45.0,45.0,,952.4,75.0,17.22,935.22,-5.0,0.072,3.445,70m先で勾配が-5.0‰から-14.2‰に変わる,前方に現示の低下なし,0.0,0.0,1,75.0,先行列車なし,0,,0,0,0,後続列車なし,該当なし,該当なし,0,0,0,30,240,,,
6.0,sawtooth_s0_2s,0,0.017354,駅出発直後の加速フェーズ（20秒以内）,力行,6.0,なし（または停止）,0.0,0.0,20.75,70.0,70.0,70.0,20.8,64.8,59.6,惰行 ↔ 勾配ブレーキ,惰行,20.8,-0.0,53.4,75.0,56.9,56.9,,947.1,74.0,24.7,922.45,-5.0,0.064,3.437,65m先で勾配が-5.0‰から-14.2‰に変わる,前方に現示の低下なし,0.0,0.0,1,74.0,先行列車なし,0,,0,0,0,後続列車なし,該当なし,該当なし,0,0,0,30,240,,,
7.0,sawtooth_s0_2s,0,0.0236,駅出発直後の加速フェーズ（20秒以内）,力行,7.0,なし（または停止）,0.0,0.0,24.18,70.0,70.0,70.0,24.2,64.9,59.6,惰行 ↔ 勾配ブレーキ,惰行,24.2,-0.0,54.2,75.0,56.9,56.9,,940.9,73.0,33.48,907.42,-5.0,0.055,3.429,55m先で勾配が-5.0‰から-14.2‰に変わる,前方に現示の低下なし,0.0,0.0,1,73.0,先行列車なし,0,,0,0,0,後続列車なし,該当なし,該当なし,0,0,0,30,240,,,
8.0,sawtooth_s0_2s,0,0.030525,駅出発直後の加速フェーズ（20秒以内）,惰行,0.8,力行,7.2,3.37,25.05,70.0,70.0,70.0,27.5,64.9,59.6,惰行 ↔ 勾配ブレーキ,惰行,27.5,-2.4,54.5,75.0,57.8,57.8,,934.0,72.0,35.89,898.09,-5.0,0.053,3.427,50m先で勾配が-5.0‰から-14.2‰に変わる,前方に現示の低下なし,0.0,0.0,1,72.0,先行列車なし,0,,0,0,0,後続列車なし,該当なし,該当なし,0,0,0,30,240,,,
9.0,sawtooth_s0_2s,0,0.037953,駅出発直後の加速フェーズ（20秒以内）,力行,1.0,惰行,0.8,3.37,28.44,70.0,70.0,70.0,30.6,64.9,59.9,惰行 ↔ 勾配ブレーキ,惰行,30.6,-2.2,55.1,75.0,57.8,57.8,,926.5,71.0,47.18,879.37,-5.0,0.044,3.418,40m先で勾配が-5.0‰から-14.2‰に変わる,前方に現示の低下なし,0.0,0.0,1,71.0,先行列車なし,0,,0,0,0,後続列車なし,該当なし,該当なし,0,0,0,30,240,,,
10.0,sawtooth_s0_2s,0,0.046331,駅出発直後の加速フェーズ（20秒以内）,力行,2.0,惰行,0.8,3.37,31.85,70.0,70.0,70.0,33.8,64.9,60.1,惰行 ↔ 勾配ブレーキ,惰行,33.8,-2.0,55.7,75.0,57.8,57.8,,918.2,70.0,61.81,856.36,-5.0,0.034,3.408,35m先で勾配が-5.0‰から-14.2‰に変わる,前方に現示の低下なし,0.0,0.0,1,70.0,先行列車なし,0,,0,0,0,後続列車なし,該当なし,該当なし,0,0,0,30,240,,,
11.0,sawtooth_s0_2s,0,0.055192,駅出発直後の加速フェーズ（20秒以内）,惰行,1.0,力行,2.0,3.37,31.92,70.0,70.0,70.0,36.9,64.9,60.4,惰行 ↔ 勾配ブレーキ,惰行,36.9,-5.0,56.0,75.0,58.0,58.0,,909.3,69.0,63.49,845.81,-5.0,0.034,3.408,25m先で勾配が-5.0‰から-14.2‰に変わる,前方に現示の低下なし,0.0,0.0,1,69.0,先行列車なし,0,,0,0,0,後続列車なし,該当なし,該当なし,0,0,0,30,240,,,
12.0,sawtooth_s0_2s,0,0.064063,駅出発直後の加速フェーズ（20秒以内）,惰行,2.0,力行,2.0,3.37,31.95,70.0,70.0,70.0,39.7,64.9,60.7,惰行 ↔ 勾配ブレーキ,惰行,39.7,-7.8,56.9,75.0,58.7,58.7,,900.4,68.0,65.0,835.43,-5.0,0.034,3.408,15m先で勾配が-5.0‰から-14.2‰に変わる,前方に現示の低下なし,0.0,0.0,1,68.0,先行列車なし,0,,0,0,0,後続列車なし,該当なし,該当なし,0,0,0,30,240,,,
13.0,sawtooth_s0_2s,0,0.073406,駅出発直後の加速フェーズ（20秒以内）,力行,1.0,惰行,2.0,3.37,35.32,70.0,70.0,70.0,42.4,64.9,61.1,惰行 ↔ 勾配ブレーキ,惰行,42.4,-7.1,57.3,75.0,59.0,59.0,,891.1,67.0,80.99,810.11,-5.0,0.024,3.398,5m先で勾配が-5.0‰から-14.2‰に変わる,前方に現示の低下なし,0.0,0.0,1,67.0,先行列車なし,0,,0,0,0,後続列車なし,該当なし,該当なし,0,0,0,30,240,,,
14.0,sawtooth_s0_2s,0,0.083709,駅出発直後の加速フェーズ（20秒以内）,力行,2.0,惰行,2.0,3.37,38.9,70.0,70.0,70.0,45.2,64.4,60.8,惰行 ↔ 勾配ブレーキ,惰行,45.2,-6.3,57.8,75.0,59.0,59.0,,880.8,66.0,99.39,781.4,-14.2,0.337,3.711,85m先で勾配が-14.2‰から-16.3‰に変わる,前方に現示の低下なし,0.0,0.0,1,66.0,先行列車なし,0,,0,0,0,後続列車なし,該当なし,該当なし,0,0,0,30,240,,,
15.0,sawtooth_s0_2s,0,0.094572,駅出発直後の加速フェーズ（20秒以内）,惰行,1.0,力行,2.0,3.37,39.27,70.0,70.0,70.0,47.9,64.4,60.8,惰行 ↔ 勾配ブレーキ,惰行,47.9,-8.6,58.4,75.0,59.5,59.5,,869.9,65.0,101.7,768.22,-14.2,0.336,3.71,75m先で勾配が-14.2‰から-16.3‰に変わる,前方に現示の低下なし,0.0,0.0,1,65.0,先行列車なし,0,,0,0,0,後続列車なし,該当なし,該当なし,0,0,0,30,240,,,
16.0,sawtooth_s0_2s,0,0.105529,駅出発直後の加速フェーズ（20秒以内）,惰行,2.0,力行,2.0,3.37,39.61,70.0,70.0,70.0,48.9,64.4,60.8,惰行 ↔ 勾配ブレーキ,惰行,48.9,-9.3,58.6,75.0,59.6,59.6,,859.0,64.0,103.87,755.11,-14.2,0.335,3.709,65m先で勾配が-14.2‰から-16.3‰に変わる,前方に現示の低下なし,0.0,0.0,1,64.0,先行列車なし,0,,0,0,0,後続列車なし,該当なし,該当なし,0,0,0,30,240,,,
17.0,sawtooth_s0_2s,0,0.117032,駅出発直後の加速フェーズ（20秒以内）,力行,1.0,惰行,2.0,3.13,43.17,70.0,70.0,70.0,49.1,64.8,61.2,惰行 ↔ 勾配ブレーキ,惰行,49.1,-6.0,58.8,75.0,59.6,59.6,,847.5,63.0,123.78,723.69,-14.2,0.323,3.449,55m先で勾配が-14.2‰から-16.3‰に変わる,前方に現示の低下なし,0.0,0.0,1,63.0,先行列車なし,0,,0,0,0,後続列車なし,該当なし,該当なし,0,0,0,30,240,,,
18.0,sawtooth_s0_2s,0,0.129495,駅出発直後の加速フェーズ（20秒以内）,惰行,0.0,力行,2.0,2.9,46.49,75.0,75.0,75.0,49.4,70.2,66.6,惰行 ↔ 勾配ブレーキ,惰行,49.4,-2.9,59.5,75.0,59.6,59.6,,835.0,62.0,143.9,691.11,-14.2,0.311,3.214,40m先で勾配が-14.2‰から-16.3‰に変わる,前方に現示の低下なし,0.0,0.0,1,62.0,先行列車なし,0,,0,0,0,後続列車なし,該当なし,該当なし,0,0,0,30,240,,,
19.0,sawtooth_s0_2s,0,0.142454,駅出発直後の加速フェーズ（20秒以内）,惰行,1.0,力行,2.0,2.88,46.8,75.0,75.0,75.0,49.7,70.2,66.7,惰行 ↔ 勾配ブレーキ,惰行,49.7,-2.9,59.5,75.0,60.4,60.4,,822.0,61.0,146.26,675.79,-14.2,0.31,3.193,30m先で勾配が-14.2‰から-16.3‰に変わる,前方に現示の低下なし,0.0,0.0,1,61.0,先行列車なし,0,,0,0,0,後続列車なし,該当なし,該当なし,0,0,0,30,240,,,
20.0,sawtooth_s0_2s,0,0.155498,巡航フェーズ（駅間走行中）,力行,0.0,惰行,2.0,2.86,47.11,75.0,75.0,75.0,50.0,70.2,66.8,惰行 ↔ 勾配ブレーキ,惰行,50.0,-2.8,59.7,75.0,60.6,60.6,,809.0,60.0,148.6,660.4,-14.2,0.309,3.173,15m先で勾配が-14.2‰から-16.3‰に変わる,前方に現示の低下なし,0.0,0.0,1,60.0,先行列車なし,0,,0,0,0,後続列車なし,該当なし,該当なし,0,0,0,30,240,,,
21.0,sawtooth_s0_2s,0,0.169022,巡航フェーズ（駅間走行中）,力行,1.0,惰行,2.0,2.69,50.2,75.0,75.0,75.0,50.3,70.4,67.1,惰行 ↔ 勾配ブレーキ,惰行,50.3,-0.1,60.4,75.0,60.6,60.6,,795.5,59.0,168.71,626.77,-16.3,0.372,3.06,540m先で勾配が-16.3‰から+2.0‰に変わる,前方に現示の低下なし,0.0,0.0,1,59.0,先行列車なし,0,,0,0,0,後続列車なし,該当なし,該当なし,0,0,0,30,240,,,
22.0,sawtooth_s0_2s,0,0.183388,巡航フェーズ（駅間走行中）,惰行,0.0,力行,2.0,2.54,53.18,75.0,75.0,75.0,50.6,70.7,67.4,惰行 ↔ 勾配ブレーキ,惰行,50.6,2.5,60.5,75.0,60.6,60.6,,781.1,58.0,188.74,592.38,-16.3,0.36,2.898,525m先で勾配が-16.3‰から+2.0‰に変わる,前方に現示の低下なし,0.0,0.0,1,58.0,先行列車なし,0,,0,0,0,後続列車なし,該当なし,該当なし,0,0,0,30,240,,,
23.0,sawtooth_s0_2s,0,0.198209,巡航フェーズ（駅間走行中）,惰行,1.0,力行,2.0,2.52,53.54,75.0,75.0,75.0,51.0,70.7,67.4,惰行 ↔ 勾配ブレーキ,惰行,51.0,2.5,61.0,75.0,61.2,61.2,,766.3,57.0,191.22,575.07,-16.3,0.359,2.879,510m先で勾配が-16.3‰から+2.0‰に変わる,前方に現示の低下なし,0.0,0.0,1,57.0,先行列車なし,0,,0,0,0,後続列車なし,該当なし,該当なし,0,0,0,30,240,,,
24.0,sawtooth_s0_2s,0,0.213131,巡航フェーズ（駅間走行中）,力行,0.0,惰行,2.0,2.5,53.89,75.0,75.0,75.0,51.4,70.7,67.4,惰行 ↔ 勾配ブレーキ,惰行,51.4,2.5,61.2,75.0,61.2,61.2,,751.4,56.0,193.72,557.65,-16.3,0.357,2.861,495m先で勾配が-16.3‰から+2.0‰に変わる,前方に現示の低下なし,0.0,0.0,1,56.0,先行列車なし,0,,0,0,0,後続列車なし,該当なし,該当なし,0,0,0,30,240,,,
25.0,sawtooth_s0_2s,0,0.228496,巡航フェーズ（駅間走行中）,力行,1.0,惰行,2.0,2.38,56.69,75.0,75.0,75.0,51.8,70.9,67.6,惰行 ↔ 勾配ブレーキ,惰行,51.8,4.9,61.2,75.0,61.2,61.2,,736.0,55.0,213.69,522.32,-16.3,0.346,2.727,480m先で勾配が-16.3‰から+2.0‰に変わる,前方に現示の低下なし,0.0,0.0,1,55.0,先行列車なし,0,,0,0,0,後続列車なし,該当なし,該当なし,0,0,0,30,240,,,
26.0,sawtooth_s0_2s,0,0.24462,巡航フェーズ（駅間走行中）,惰行,0.0,力行,2.0,2.27,59.35,75.0,75.0,75.0,52.2,71.1,67.8,惰行 ↔ 勾配ブレーキ,惰行,52.2,7.1,61.3,75.0,61.2,61.2,,719.9,54.0,233.59,486.29,-16.3,0.335,2.609,465m先で勾配が-16.3‰から+2.0‰に変わる,前方に現示の低下なし,0.0,0.0,1,54.0,先行列車なし,0,,0,0,0,後続列車なし,該当なし,該当なし,0,0,0,30,240,,,
27.0,sawtooth_s0_2s,0,0.261154,巡航フェーズ（駅間走行中）,惰行,1.0,力行,2.0,2.26,59.69,75.0,75.0,75.0,52.6,71.1,67.8,惰行 ↔ 勾配ブレーキ,惰行,52.6,7.1,61.2,75.0,61.2,61.2,,703.3,53.0,236.14,467.2,-16.3,0.334,2.594,450m先で勾配が-16.3‰から+2.0‰に変わる,前方に現示の低下なし,0.0,0.0,1,53.0,先行列車なし,0,,0,0,0,後続列車なし,該当なし,該当なし,0,0,0,30,240,,,
28.0,sawtooth_s0_2s,0,0.277781,巡航フェーズ（駅間走行中）,力行,0.0,惰行,2.0,2.25,60.02,75.0,75.0,75.0,53.0,71.1,67.8,惰行 ↔ 勾配ブレーキ,惰行,53.0,7.0,61.2,75.0,61.8,61.8,,686.7,52.0,238.7,448.02,-16.3,0.332,2.58,430m先で勾配が-16.3‰から+2.0‰に変わる,前方に現示の低下なし,0.0,0.0,1,52.0,先行列車なし,0,,0,0,0,後続列車なし,該当なし,該当なし,0,0,0,30,240,,,
29.0,sawtooth_s0_2s,0,0.294811,巡航フェーズ（駅間走行中）,力行,1.0,惰行,2.0,2.16,62.55,75.0,75.0,75.0,53.4,71.3,68.0,惰行 ↔ 勾配ブレーキ,惰行,53.4,9.1,61.8,75.0,62.6,62.6,,669.7,51.0,258.51,411.18,-16.3,0.321,2.479,415m先で勾配が-16.3‰から+2.0‰に変わる,前方に現示の低下なし,0.0,0.0,1,51.0,先行列車なし,0,,0,0,0,後続列車なし,該当なし,該当なし,0,0,0,30,240,,,
30.0,sawtooth_s0_2s,0,0.312529,巡航フェーズ（駅間走行中）,惰行,0.0,力行,2.0,2.08,64.98,75.0,75.0,75.0,53.9,71.4,68.1,惰行 ↔ 勾配ブレーキ,惰行,53.9,11.1,61.2,75.0,65.0,65.0,,652.0,50.0,278.23,373.74,-16.3,0.31,2.387,395m先で勾配が-16.3‰から+2.0‰に変わる,前方に現示の低下なし,0.0,0.0,1,50.0,先行列車なし,0,,0,0,0,後続列車なし,該当なし,該当なし,0,0,0,30,240,,,
31.0,sawtooth_s0_2s,0,0.330624,巡航フェーズ（駅間走行中）,惰行,1.0,力行,2.0,2.07,65.29,75.0,75.0,75.0,54.3,71.4,68.1,惰行 ↔ 勾配ブレーキ,惰行,54.3,11.0,61.2,75.0,65.3,65.3,,633.9,49.0,280.79,353.08,-16.3,0.309,2.376,380m先で勾配が-16.3‰から+2.0‰に変わる,前方に現示の低下なし,0.0,0.0,1,49.0,先行列車なし,0,,0,0,0,後続列車なし,該当なし,該当なし,0,0,0,30,240,,,
32.0,sawtooth_s0_2s,0,0.348804,巡航フェーズ（駅間走行中）,力行,0.0,惰行,2.0,2.06,65.6,75.0,75.0,75.0,54.7,71.5,68.2,惰行 ↔ 勾配ブレーキ,惰行,54.7,10.9,61.2,75.0,65.6,65.6,,615.7,48.0,283.35,332.34,-16.3,0.308,2.365,360m先で勾配が-16.3‰から+2.0‰に変わる,前方に現示の低下なし,0.0,0.0,1,48.0,先行列車なし,0,,0,0,0,後続列車なし,該当なし,該当なし,0,0,0,30,240,,,
33.0,sawtooth_s0_2s,0,0.367354,巡航フェーズ（駅間走行中）,力行,1.0,惰行,2.0,1.99,67.93,75.0,75.0,75.0,55.2,71.6,68.3,惰行 ↔ 勾配ブレーキ,惰行,55.2,12.8,60.4,75.0,67.9,67.9,,597.1,47.0,302.96,294.18,-16.3,0.297,2.284,345m先で勾配が-16.3‰から+2.0‰に変わる,前方に現示の低下なし,0.0,0.0,1,47.0,先行列車なし,0,,0,0,0,後続列車なし,該当なし,該当なし,0,0,0,30,240,,,
34.0,sawtooth_s0_2s,0,0.386539,巡航フェーズ（駅間走行中）,惰行,0.0,力行,2.0,1.92,70.17,75.0,75.0,75.0,55.6,71.7,68.4,惰行 ↔ 勾配ブレーキ,惰行,55.6,14.6,60.4,75.0,70.2,70.2,,578.0,46.0,322.11,255.85,-16.3,0.287,2.21,325m先で勾配が-16.3‰から+2.0‰に変わる,前方に現示の低下なし,0.0,0.0,1,46.0,先行列車なし,0,,0,0,0,後続列車なし,該当なし,該当なし,0,0,0,30,240,,,
35.0,sawtooth_s0_2s,0,0.406072,巡航フェーズ（駅間走行中）,惰行,1.0,力行,2.0,1.92,70.46,75.0,75.0,75.0,56.0,71.7,68.4,惰行 ↔ 勾配ブレーキ,惰行,56.0,14.4,59.5,75.0,70.5,70.5,,558.4,45.0,319.32,239.1,-16.3,0.285,2.201,305m先で勾配が-16.3‰から+2.0‰に変わる,前方に現示の低下なし,0.0,0.0,1,45.0,先行列車なし,0,,0,0,0,後続列車なし,該当なし,該当なし,0,0,0,30,240,,,
36.0,sawtooth_s0_2s,0,0.425683,巡航フェーズ（駅間走行中）,力行,0.0,惰行,2.0,1.91,70.74,75.0,75.0,75.0,56.5,71.7,68.4,惰行 ↔ 勾配ブレーキ,惰行,56.5,14.3,59.5,75.0,70.7,70.7,,538.8,44.0,316.58,222.24,-16.3,0.284,2.191,285m先で勾配が-16.3‰から+2.0‰に変わる,前方に現示の低下なし,0.0,0.0,1,44.0,先行列車なし,0,,0,0,0,後続列車なし,該当なし,該当なし,0,0,0,30,240,,,
37.0,sawtooth_s0_2s,0,0.445638,巡航フェーズ（駅間走行中）,力行,1.0,惰行,2.0,1.85,72.9,75.0,75.0,75.0,56.9,71.8,68.5,惰行 ↔ 勾配ブレーキ,惰行,56.9,16.0,58.7,75.0,72.9,72.9,,518.9,43.0,326.78,192.09,-16.3,0.273,2.125,265m先で勾配が-16.3‰から+2.0‰に変わる,前方に現示の低下なし,0.0,0.0,1,43.0,先行列車なし,0,,0,0,0,後続列車なし,該当なし,該当なし,0,0,0,30,240,,,
38.0,sawtooth_s0_2s,0,0.466183,巡航フェーズ（駅間走行中）,惰行,0.0,力行,2.0,1.8,74.99,75.0,75.0,75.0,57.4,71.9,68.6,惰行 ↔ 勾配ブレーキ,惰行,57.4,17.6,57.8,75.0,75.0,75.0,,498.3,42.0,336.43,161.89,-16.3,0.263,2.063,245m先で勾配が-16.3‰から+2.0‰に変わる,前方に現示の低下なし,0.0,0.0,1,42.0,先行列車なし,0,,0,0,0,後続列車なし,該当なし,該当なし,0,0,0,30,240,,,
39.0,sawtooth_s0_2s,0,0.487052,巡航フェーズ（駅間走行中）,惰行,1.0,力行,2.0,1.79,75.26,75.0,75.0,75.0,57.8,71.9,68.6,惰行 ↔ 勾配ブレーキ,惰行,57.8,17.5,56.9,75.0,75.0,75.0,,477.4,41.0,333.67,143.78,-16.3,0.262,2.049,225m先で勾配が-16.3‰から+2.0‰に変わる,前方に現示の低下なし,0.0,0.0,1,41.0,先行列車なし,0,,0,0,0,後続列車なし,該当なし,該当なし,0,0,0,30,240,,,
40.0,sawtooth_s0_2s,0,0.507993,巡航フェーズ（駅間走行中）,力行,0.0,惰行,2.0,1.77,75.52,75.0,75.0,75.0,58.2,71.9,68.6,惰行 ↔ 勾配ブレーキ,惰行,58.2,17.3,56.0,75.0,75.0,75.0,,456.5,40.0,330.53,125.98,-16.3,0.261,2.035,200m先で勾配が-16.3‰から+2.0‰に変わる,前方に現示の低下なし,0.0,0.0,1,40.0,先行列車なし,0,,0,0,0,後続列車なし,該当なし,該当なし,0,0,0,30,240,,,
41.0,sawtooth_s0_2s,0,0.529251,巡航フェーズ（駅間走行中）,力行,1.0,惰行,2.0,1.68,77.5,75.0,75.0,75.0,58.7,72.1,68.8,惰行 ↔ 勾配ブレーキ,惰行,58.7,18.8,55.1,75.0,75.0,75.0,,435.2,39.0,340.12,95.13,-16.3,0.251,1.936,180m先で勾配が-16.3‰から+2.0‰に変わる,前方に現示の低下なし,0.0,0.0,1,39.0,先行列車なし,0,,0,0,0,後続列車なし,該当なし,該当なし,0,0,0,30,240,,,
42.0,sawtooth_s0_2s,0,0.551047,巡航フェーズ（駅間走行中）,惰行,0.0,力行,2.0,1.61,79.39,75.0,75.0,75.0,59.1,72.2,68.9,惰行 ↔ 勾配ブレーキ,惰行,59.1,20.3,53.3,75.0,75.0,75.0,,413.5,38.0,349.02,64.43,-16.3,0.241,1.847,160m先で勾配が-16.3‰から+2.0‰に変わる,前方に現示の低下なし,0.0,0.0,1,38.0,先行列車なし,0,,0,0,0,後続列車なし,該当なし,該当なし,0,0,0,30,240,,,
43.0,sawtooth_s0_2s,0,0.573134,次駅への減速フェーズ（駅手前400m以内）,惰行,1.0,力行,2.0,1.6,79.63,75.0,75.0,75.0,59.6,72.2,68.9,惰行 ↔ 勾配ブレーキ,惰行,59.6,20.0,,75.0,75.0,75.0,,391.4,37.0,345.88,45.49,-16.3,0.24,1.836,135m先で勾配が-16.3‰から+2.0‰に変わる,前方に現示の低下なし,0.0,0.0,1,37.0,先行列車なし,0,,0,0,0,後続列車なし,該当なし,該当なし,0,0,0,30,240,,,
44.0,sawtooth_s0_2s,0,0.595288,次駅への減速フェーズ（駅手前400m以内）,惰行,2.0,力行,2.0,1.59,79.87,75.0,75.0,75.0,60.0,72.3,69.0,惰行 ↔ 勾配ブレーキ,惰行,60.0,19.8,,75.0,75.0,75.0,,369.2,36.0,342.53,26.68,-16.3,0.238,1.825,115m先で勾配が-16.3‰から+2.0‰に変わる,前方に現示の低下なし,0.0,0.0,1,36.0,先行列車なし,0,,0,0,0,後続列車なし,該当なし,該当なし,0,0,0,30,240,,,
45.0,sawtooth_s0_2s,0,0.617713,次駅への減速フェーズ（駅手前400m以内）,制動,0.1,力行,0.9,4.04,81.12,75.0,75.0,75.0,60.5,72.3,69.0,惰行 ↔ 勾配ブレーキ,惰行,60.5,20.6,,75.0,75.0,75.0,,346.8,35.0,346.95,-0.16,-16.3,0.232,1.77,90m先で勾配が-16.3‰から+2.0‰に変わる,前方に現示の低下なし,0.0,0.0,1,35.0,先行列車なし,0,,0,0,0,後続列車なし,該当なし,該当なし,0,0,0,30,240,,,
46.0,sawtooth_s0_2s,0,0.639929,次駅への減速フェーズ（駅手前400m以内）,制動,1.1,力行,0.9,4.13,78.86,75.0,75.0,75.0,60.9,72.2,68.9,惰行 ↔ 勾配ブレーキ,惰行,60.9,17.9,,75.0,75.0,75.0,,324.6,34.0,324.75,-0.18,-16.3,0.244,1.871,70m先で勾配が-16.3‰から+2.0‰に変わる,前方に現示の低下なし,0.0,0.0,1,34.0,先行列車なし,0,,0,0,0,後続列車なし,該当なし,該当なし,0,0,0,30,240,,,
47.0,sawtooth_s0_2s,0,0.661518,次駅への減速フェーズ（駅手前400m以内）,制動,2.1,力行,0.9,4.22,76.61,75.0,75.0,75.0,61.3,72.0,68.7,惰行 ↔ 勾配ブレーキ,惰行,61.3,15.3,,75.0,75.0,75.0,,303.0,33.0,303.16,-0.18,-16.3,0.255,1.98,50m先で勾配が-16.3‰から+2.0‰に変わる,前方に現示の低下なし,0.0,0.0,1,33.0,先行列車なし,0,,0,0,0,後続列車なし,該当なし,該当なし,0,0,0,30,240,,,
48.0,sawtooth_s0_2s,0,0.682483,次駅への減速フェーズ（駅手前400m以内）,制動,3.1,力行,0.9,4.31,74.37,75.0,75.0,75.0,61.7,71.9,71.3,惰行 ↔ 勾配ブレーキ,惰行,61.7,12.6,,75.0,75.0,75.0,,282.0,32.0,282.17,-0.15,-16.3,0.266,2.081,30m先で勾配が-16.3‰から+2.0‰に変わる,989m先でATC現示が75km/hから70km/hに低下する,0.0,0.0,1,32.0,先行列車なし,0,,0,0,0,後続列車なし,該当なし,該当なし,0,0,0,30,240,,,
49.0,sawtooth_s0_2s,0,0.702828,次駅への減速フェーズ（駅手前400m以内）,制動,4.1,力行,0.9,4.37,72.14,75.0,75.0,75.0,62.1,71.8,65.6,勾配力行 ↔ 惰行,惰行,62.1,10.0,,75.0,75.0,75.0,,261.7,31.0,262.28,-0.61,-16.3,0.277,2.148,5m先で勾配が-16.3‰から+2.0‰に変わる,969m先でATC現示が75km/hから70km/hに低下する,0.0,0.0,1,31.0,先行列車なし,0,,0,0,0,後続列車なし,該当なし,該当なし,0,0,0,30,240,,,
50.0,sawtooth_s0_2s,0,0.722503,次駅への減速フェーズ（駅手前400m以内）,制動,5.1,力行,0.9,4.44,69.43,75.0,75.0,75.0,61.9,72.6,66.8,勾配力行 ↔ 惰行,惰行,61.9,7.5,,75.0,75.0,75.0,,242.0,30.0,242.17,-0.17,2.0,-0.356,1.588,当面+2.0‰が続く,949m先でATC現示が75km/hから70km/hに低下する,0.0,0.0,1,30.0,先行列車なし,0,,0,0,0,後続列車なし,該当なし,該当なし,0,0,0,30,240,,,
51.0,sawtooth_s0_2s,0,0.74139,次駅への減速フェーズ（駅手前400m以内）,制動,6.1,力行,0.9,4.53,66.58,75.0,75.0,75.0,61.6,72.5,66.7,勾配力行 ↔ 惰行,惰行,61.6,5.0,,75.0,75.0,75.0,,223.1,29.0,223.28,-0.17,2.0,-0.342,1.684,当面+2.0‰が続く,930m先でATC現示が75km/hから70km/hに低下する,0.0,0.0,1,29.0,先行列車なし,0,,0,0,0,後続列車なし,該当なし,該当なし,0,0,0,30,240,,,
52.0,sawtooth_s0_2s,0,0.759487,次駅への減速フェーズ（駅手前400m以内）,制動,7.1,力行,0.9,4.62,63.75,75.0,75.0,75.0,61.2,72.3,66.5,勾配力行 ↔ 惰行,惰行,61.2,2.5,,75.0,75.0,75.0,,205.0,28.0,205.17,-0.16,2.0,-0.33,1.787,当面+2.0‰が続く,912m先でATC現示が75km/hから70km/hに低下する,0.0,0.0,1,28.0,先行列車なし,0,,0,0,0,後続列車なし,該当なし,該当なし,0,0,0,30,240,,,
53.0,sawtooth_s0_2s,0,0.776798,次駅への減速フェーズ（駅手前400m以内）,制動,8.1,力行,0.9,4.72,60.92,75.0,75.0,75.0,60.9,72.2,66.3,勾配力行 ↔ 惰行,惰行,60.9,0.1,,75.0,75.0,75.0,,187.7,27.0,187.86,-0.16,2.0,-0.317,1.898,当面+2.0‰が続く,895m先でATC現示が75km/hから70km/hに低下する,0.0,0.0,1,27.0,先行列車なし,0,,0,0,0,後続列車なし,該当なし,該当なし,0,0,0,30,240,,,
54.0,sawtooth_s0_2s,0,0.793327,次駅への減速フェーズ（駅手前400m以内）,制動,9.1,力行,0.9,4.82,58.11,75.0,75.0,75.0,58.1,72.0,66.2,勾配力行 ↔ 惰行,惰行,58.1,0.0,,75.0,75.0,75.0,,171.2,26.0,171.33,-0.15,2.0,-0.305,2.017,当面+2.0‰が続く,878m先でATC現示が75km/hから70km/hに低下する,0.0,0.0,1,26.0,先行列車なし,0,,0,0,0,後続列車なし,該当なし,該当なし,0,0,0,30,240,,,
55.0,sawtooth_s0_2s,0,0.809076,次駅への減速フェーズ（駅手前400m以内）,制動,10.1,力行,0.9,4.94,55.31,75.0,75.0,75.0,55.3,71.8,66.0,勾配力行 ↔ 惰行,惰行,55.3,0.0,,75.0,75.0,75.0,,155.4,25.0,155.57,-0.15,2.0,-0.294,2.146,当面+2.0‰が続く,863m先でATC現示が75km/hから70km/hに低下する,0.0,0.0,1,25.0,先行列車なし,0,,0,0,0,後続列車なし,該当なし,該当なし,0,0,0,30,240,,,
56.0,sawtooth_s0_2s,0,0.824049,次駅への減速フェーズ（駅手前400m以内）,制動,11.1,力行,0.9,5.07,52.52,75.0,75.0,75.0,52.5,71.6,65.7,勾配力行 ↔ 惰行,惰行,52.5,0.0,,75.0,75.0,75.0,,140.5,24.0,140.59,-0.14,2.0,-0.283,2.286,当面+2.0‰が続く,848m先でATC現示が75km/hから70km/hに低下する,0.0,0.0,1,24.0,先行列車なし,0,,0,0,0,後続列車なし,該当なし,該当なし,0,0,0,30,240,,,
56.5,sawtooth_s0_2s,0,0.831246,次駅への減速フェーズ（駅手前400m以内）,制動,11.6,力行,0.9,5.14,51.13,75.0,75.0,75.0,51.1,71.5,65.6,勾配力行 ↔ 惰行,惰行,51.1,0.0,,75.0,75.0,75.0,,133.3,23.5,133.4,-0.14,2.0,-0.278,2.362,当面+2.0‰が続く,841m先でATC現示が75km/hから70km/hに低下する,0.0,0.0,1,23.5,先行列車なし,0,,0,0,0,後続列車なし,該当なし,該当なし,0,0,0,30,240,,,
57.0,sawtooth_s0_2s,0,0.83825,次駅への減速フェーズ（駅手前400m以内）,制動,12.1,力行,0.9,5.21,49.75,75.0,75.0,75.0,49.7,71.3,65.5,勾配力行 ↔ 惰行,惰行,49.7,0.0,,75.0,75.0,75.0,,126.3,23.0,126.39,-0.14,2.0,-0.272,2.44,当面+2.0‰が続く,834m先でATC現示が75km/hから70km/hに低下する,0.0,0.0,1,23.0,先行列車なし,0,,0,0,0,後続列車なし,該当なし,該当なし,0,0,0,30,240,,,
57.5,sawtooth_s0_2s,0,0.845061,次駅への減速フェーズ（駅手前400m以内）,制動,12.6,力行,0.9,5.29,48.36,75.0,75.0,75.0,48.3,71.2,65.4,勾配力行 ↔ 惰行,惰行,48.3,0.0,,75.0,75.0,75.0,,119.4,22.5,119.58,-0.14,2.0,-0.267,2.523,当面+2.0‰が続く,827m先でATC現示が75km/hから70km/hに低下する,0.0,0.0,1,22.5,先行列車なし,0,,0,0,0,後続列車なし,該当なし,該当なし,0,0,0,30,240,,,
58.0,sawtooth_s0_2s,0,0.85168,次駅への減速フェーズ（駅手前400m以内）,制動,13.1,力行,0.9,5.37,46.98,75.0,75.0,75.0,47.0,71.1,65.3,勾配力行 ↔ 惰行,惰行,47.0,-0.0,,75.0,75.0,75.0,,112.8,22.0,112.96,-0.14,2.0,-0.262,2.61,当面+2.0‰が続く,820m先でATC現示が75km/hから70km/hに低下する,0.0,0.0,1,22.0,先行列車なし,0,,0,0,0,後続列車なし,該当なし,該当なし,0,0,0,30,240,,,
58.5,sawtooth_s0_2s,0,0.858107,次駅への減速フェーズ（駅手前400m以内）,制動,13.6,力行,0.9,5.46,45.6,75.0,75.0,75.0,45.6,70.9,65.1,勾配力行 ↔ 惰行,惰行,45.6,-0.0,,75.0,75.0,75.0,,106.4,21.5,106.53,-0.13,2.0,-0.257,2.702,当面+2.0‰が続く,814m先でATC現示が75km/hから70km/hに低下する,0.0,0.0,1,21.5,先行列車なし,0,,0,0,0,後続列車なし,該当なし,該当なし,0,0,0,30,240,,,
59.0,sawtooth_s0_2s,0,0.864342,次駅への減速フェーズ（駅手前400m以内）,制動,14.1,力行,0.9,5.55,44.22,75.0,75.0,75.0,44.2,70.8,65.0,勾配力行 ↔ 惰行,惰行,44.2,-0.0,,75.0,75.0,75.0,,100.2,21.0,100.29,-0.13,2.0,-0.252,2.799,当面+2.0‰が続く,807m先でATC現示が75km/hから70km/hに低下する,0.0,0.0,1,21.0,先行列車なし,0,,0,0,0,後続列車なし,該当なし,該当なし,0,0,0,30,240,,,
59.5,sawtooth_s0_2s,0,0.870387,次駅への減速フェーズ（駅手前400m以内）,制動,14.6,力行,0.9,5.65,42.85,75.0,75.0,75.0,42.9,70.6,64.8,勾配力行 ↔ 惰行,惰行,42.9,-0.0,,75.0,75.0,75.0,,94.1,20.5,94.24,-0.13,2.0,-0.248,2.902,当面+2.0‰が続く,801m先でATC現示が75km/hから70km/hに低下する,0.0,0.0,1,20.5,先行列車なし,0,,0,0,0,後続列車なし,該当なし,該当なし,0,0,0,30,240,,,
60.0,sawtooth_s0_2s,0,0.876241,次駅への減速フェーズ（駅手前400m以内）,制動,15.1,力行,0.9,5.75,41.47,75.0,75.0,75.0,41.5,70.5,64.7,勾配力行 ↔ 惰行,惰行,41.5,-0.0,,75.0,75.0,75.0,,88.3,20.0,88.39,-0.13,2.0,-0.243,3.011,当面+2.0‰が続く,796m先でATC現示が75km/hから70km/hに低下する,0.0,0.0,1,20.0,先行列車なし,0,,0,0,0,後続列車なし,該当なし,該当なし,0,0,0,30,240,,,
60.5,sawtooth_s0_2s,0,0.881904,次駅への減速フェーズ（駅手前400m以内）,制動,15.6,力行,0.9,5.86,40.1,75.0,75.0,75.0,40.1,70.3,64.5,勾配力行 ↔ 惰行,惰行,40.1,-0.0,,75.0,75.0,75.0,,82.6,19.5,82.72,-0.13,2.0,-0.238,3.127,当面+2.0‰が続く,790m先でATC現示が75km/hから70km/hに低下する,0.0,0.0,1,19.5,先行列車なし,0,,0,0,0,後続列車なし,該当なし,該当なし,0,0,0,30,240,,,
61.0,sawtooth_s0_2s,0,0.887377,次駅への減速フェーズ（駅手前400m以内）,制動,16.1,力行,0.9,5.87,38.74,75.0,75.0,75.0,38.8,70.3,64.5,勾配力行 ↔ 惰行,惰行,38.8,-0.0,,75.0,75.0,75.0,,77.1,19.0,77.25,-0.12,2.0,-0.234,3.14,当面+2.0‰が続く,784m先でATC現示が75km/hから70km/hに低下する,0.0,0.0,1,19.0,先行列車なし,0,,0,0,0,後続列車なし,該当なし,該当なし,0,0,0,30,240,,,
61.5,sawtooth_s0_2s,0,0.89266,次駅への減速フェーズ（駅手前400m以内）,制動,16.6,力行,0.9,5.87,37.37,75.0,75.0,75.0,37.4,70.3,64.5,勾配力行 ↔ 惰行,惰行,37.4,-0.0,,75.0,75.0,75.0,,71.8,18.5,71.96,-0.12,2.0,-0.229,3.144,当面+2.0‰が続く,779m先でATC現示が75km/hから70km/hに低下する,0.0,0.0,1,18.5,先行列車なし,0,,0,0,0,後続列車なし,該当なし,該当なし,0,0,0,30,240,,,
62.0,sawtooth_s0_2s,0,0.897754,次駅への減速フェーズ（駅手前400m以内）,制動,17.1,力行,0.9,5.87,36.01,75.0,75.0,75.0,36.0,70.3,64.5,勾配力行 ↔ 惰行,惰行,36.0,-0.0,,75.0,75.0,75.0,,66.7,18.0,66.87,-0.12,2.0,-0.225,3.149,当面+2.0‰が続く,774m先でATC現示が75km/hから70km/hに低下する,0.0,0.0,1,18.0,先行列車なし,0,,0,0,0,後続列車なし,該当なし,該当なし,0,0,0,30,240,,,
62.5,sawtooth_s0_2s,0,0.902658,次駅への減速フェーズ（駅手前400m以内）,制動,17.6,力行,0.9,5.87,34.64,75.0,75.0,75.0,34.7,70.3,64.4,勾配力行 ↔ 惰行,惰行,34.7,-0.0,,75.0,75.0,75.0,,61.8,17.5,61.96,-0.12,2.0,-0.221,3.153,当面+2.0‰が続く,769m先でATC現示が75km/hから70km/hに低下する,0.0,0.0,1,17.5,先行列車なし,0,,0,0,0,後続列車なし,該当なし,該当なし,0,0,0,30,240,,,
63.0,sawtooth_s0_2s,0,0.907374,次駅への減速フェーズ（駅手前400m以内）,制動,18.1,力行,0.9,5.87,33.29,75.0,75.0,75.0,33.3,70.3,64.4,勾配力行 ↔ 惰行,惰行,33.3,-0.0,,75.0,75.0,75.0,,57.1,17.0,57.24,-0.12,2.0,-0.217,3.157,当面+2.0‰が続く,764m先でATC現示が75km/hから70km/hに低下する,0.0,0.0,1,17.0,先行列車なし,0,,0,0,0,後続列車なし,該当なし,該当なし,0,0,0,30,240,,,
63.5,sawtooth_s0_2s,0,0.9119,次駅への減速フェーズ（駅手前400m以内）,制動,18.6,力行,0.9,5.87,31.93,75.0,75.0,75.0,31.9,70.3,64.4,勾配力行 ↔ 惰行,惰行,31.9,-0.0,,75.0,75.0,75.0,,52.6,16.5,52.71,-0.11,2.0,-0.213,3.161,当面+2.0‰が続く,760m先でATC現示が75km/hから70km/hに低下する,0.0,0.0,1,16.5,先行列車なし,0,,0,0,0,後続列車なし,該当なし,該当なし,0,0,0,30,240,,,
64.0,sawtooth_s0_2s,0,0.916239,次駅への減速フェーズ（駅手前400m以内）,制動,19.1,力行,0.9,5.87,30.57,75.0,75.0,75.0,30.6,70.3,64.4,勾配力行 ↔ 惰行,惰行,30.6,-0.0,,75.0,75.0,75.0,,48.3,16.0,48.37,-0.11,2.0,-0.209,3.165,当面+2.0‰が続く,756m先でATC現示が75km/hから70km/hに低下する,0.0,0.0,1,16.0,先行列車なし,0,,0,0,0,後続列車なし,該当なし,該当なし,0,0,0,30,240,,,
64.5,sawtooth_s0_2s,0,0.920389,次駅への減速フェーズ（駅手前400m以内）,制動,19.6,力行,0.9,5.87,29.22,75.0,75.0,75.0,29.2,70.2,64.4,勾配力行 ↔ 惰行,惰行,29.2,-0.0,,75.0,75.0,75.0,,44.1,15.5,44.22,-0.11,2.0,-0.205,3.168,当面+2.0‰が続く,751m先でATC現示が75km/hから70km/hに低下する,0.0,0.0,1,15.5,先行列車なし,0,,0,0,0,後続列車なし,該当なし,該当なし,0,0,0,30,240,,,
65.0,sawtooth_s0_2s,0,0.924352,次駅への減速フェーズ（駅手前400m以内）,制動,20.1,力行,0.9,5.87,27.87,75.0,75.0,75.0,27.9,70.2,64.4,勾配力行 ↔ 惰行,惰行,27.9,-0.0,,75.0,75.0,75.0,,40.1,15.0,40.26,-0.11,2.0,-0.201,3.172,当面+2.0‰が続く,747m先でATC現示が75km/hから70km/hに低下する,0.0,0.0,1,15.0,先行列車なし,0,,0,0,0,後続列車なし,該当なし,該当なし,0,0,0,30,240,,,
65.5,sawtooth_s0_2s,0,0.928126,次駅への減速フェーズ（駅手前400m以内）,制動,20.6,力行,0.9,5.87,26.52,75.0,75.0,75.0,26.5,70.2,64.4,勾配力行 ↔ 惰行,惰行,26.5,-0.0,,75.0,75.0,75.0,,36.4,14.5,36.48,-0.11,2.0,-0.198,3.176,当面+2.0‰が続く,744m先でATC現示が75km/hから70km/hに低下する,0.0,0.0,1,14.5,先行列車なし,0,,0,0,0,後続列車なし,該当なし,該当なし,0,0,0,30,240,,,
66.0,sawtooth_s0_2s,0,0.931714,次駅への減速フェーズ（駅手前400m以内）,制動,21.1,力行,0.9,5.87,25.17,75.0,75.0,75.0,25.2,70.2,64.4,勾配力行 ↔ 惰行,惰行,25.2,-0.0,,75.0,75.0,75.0,,32.8,14.0,32.89,-0.1,2.0,-0.194,3.179,当面+2.0‰が続く,740m先でATC現示が75km/hから70km/hに低下する,0.0,0.0,1,14.0,先行列車なし,0,,0,0,0,後続列車なし,該当なし,該当なし,0,0,0,30,240,,,
66.5,sawtooth_s0_2s,0,0.935114,次駅への減速フェーズ（駅手前400m以内）,制動,21.6,力行,0.9,5.87,23.82,75.0,75.0,75.0,23.8,70.2,64.4,勾配力行 ↔ 惰行,惰行,23.8,-0.0,,75.0,75.0,75.0,,29.4,13.5,29.49,-0.1,2.0,-0.191,3.183,当面+2.0‰が続く,737m先でATC現示が75km/hから70km/hに低下する,0.0,0.0,1,13.5,先行列車なし,0,,0,0,0,後続列車なし,該当なし,該当なし,0,0,0,30,240,,,
67.0,sawtooth_s0_2s,0,0.938328,次駅への減速フェーズ（駅手前400m以内）,制動,22.1,力行,0.9,5.87,22.48,75.0,75.0,75.0,22.5,70.2,64.4,勾配力行 ↔ 惰行,惰行,22.5,-0.0,,75.0,75.0,75.0,,26.2,13.0,26.27,-0.1,2.0,-0.188,3.186,当面+2.0‰が続く,733m先でATC現示が75km/hから70km/hに低下する,0.0,0.0,1,13.0,先行列車なし,0,,0,0,0,後続列車なし,該当なし,該当なし,0,0,0,30,240,,,
67.5,sawtooth_s0_2s,0,0.941354,次駅への減速フェーズ（駅手前400m以内）,制動,22.6,力行,0.9,5.87,21.14,75.0,75.0,75.0,21.2,70.2,64.4,勾配力行 ↔ 惰行,惰行,21.2,-0.0,,75.0,75.0,75.0,,23.1,12.5,23.24,-0.1,2.0,-0.184,3.189,当面+2.0‰が続く,730m先でATC現示が75km/hから70km/hに低下する,0.0,0.0,1,12.5,先行列車なし,0,,0,0,0,後続列車なし,該当なし,該当なし,0,0,0,30,240,,,
68.0,sawtooth_s0_2s,0,0.944195,次駅への減速フェーズ（駅手前400m以内）,制動,23.1,力行,0.9,5.87,19.79,75.0,75.0,75.0,19.8,70.2,64.4,勾配力行 ↔ 惰行,惰行,19.8,-0.0,,75.0,75.0,75.0,,20.3,12.0,20.4,-0.1,2.0,-0.181,3.193,当面+2.0‰が続く,728m先でATC現示が75km/hから70km/hに低下する,0.0,0.0,1,12.0,先行列車なし,0,,0,0,0,後続列車なし,該当なし,該当なし,0,0,0,30,240,,,
68.5,sawtooth_s0_2s,0,0.946849,次駅への減速フェーズ（駅手前400m以内）,制動,23.6,力行,0.9,5.87,18.45,75.0,75.0,75.0,18.5,70.2,64.4,勾配力行 ↔ 惰行,惰行,18.5,-0.0,,75.0,75.0,75.0,,17.7,11.5,17.75,-0.09,2.0,-0.178,3.196,当面+2.0‰が続く,725m先でATC現示が75km/hから70km/hに低下する,0.0,0.0,1,11.5,先行列車なし,0,,0,0,0,後続列車なし,該当なし,該当なし,0,0,0,30,240,,,
69.0,sawtooth_s0_2s,0,0.949317,次駅への減速フェーズ（駅手前400m以内）,制動,24.1,力行,0.9,5.87,17.12,75.0,75.0,75.0,17.1,70.2,64.4,勾配力行 ↔ 惰行,惰行,17.1,-0.0,,75.0,75.0,75.0,,15.2,11.0,15.28,-0.09,2.0,-0.175,3.199,当面+2.0‰が続く,722m先でATC現示が75km/hから70km/hに低下する,0.0,0.0,1,11.0,先行列車なし,0,,0,0,0,後続列車なし,該当なし,該当なし,0,0,0,30,240,,,
69.5,sawtooth_s0_2s,0,0.9516,次駅への減速フェーズ（駅手前400m以内）,制動,24.6,力行,0.9,5.87,15.78,75.0,75.0,75.0,15.8,70.2,64.4,勾配力行 ↔ 惰行,惰行,15.8,-0.0,,75.0,75.0,75.0,,12.9,10.5,12.99,-0.09,2.0,-0.172,3.202,当面+2.0‰が続く,720m先でATC現示が75km/hから70km/hに低下する,0.0,0.0,1,10.5,先行列車なし,0,,0,0,0,後続列車なし,該当なし,該当なし,0,0,0,30,240,,,
70.0,sawtooth_s0_2s,0,0.953697,次駅への減速フェーズ（駅手前400m以内）,制動,25.1,力行,0.9,5.87,14.44,75.0,75.0,75.0,14.5,70.2,64.4,勾配力行 ↔ 惰行,惰行,14.5,-0.0,,75.0,75.0,75.0,,10.8,10.0,10.89,-0.09,2.0,-0.169,3.204,当面+2.0‰が続く,718m先でATC現示が75km/hから70km/hに低下する,0.0,0.0,1,10.0,先行列車なし,0,,0,0,0,後続列車なし,該当なし,該当なし,0,0,0,30,240,,,
70.5,sawtooth_s0_2s,0,0.955608,次駅への減速フェーズ（駅手前400m以内）,制動,25.6,力行,0.9,5.87,13.11,75.0,75.0,75.0,13.2,70.2,64.4,勾配力行 ↔ 惰行,惰行,13.2,-0.0,,75.0,75.0,75.0,,8.9,9.5,8.98,-0.09,2.0,-0.167,3.207,当面+2.0‰が続く,716m先でATC現示が75km/hから70km/hに低下する,0.0,0.0,1,9.5,先行列車なし,0,,0,0,0,後続列車なし,該当なし,該当なし,0,0,0,30,240,,,
71.0,sawtooth_s0_2s,0,0.957335,次駅への減速フェーズ（駅手前400m以内）,制動,26.1,力行,0.9,5.87,11.78,75.0,75.0,75.0,11.8,70.2,64.4,勾配力行 ↔ 惰行,惰行,11.8,-0.0,,75.0,75.0,75.0,,7.2,9.0,7.25,-0.09,2.0,-0.164,3.21,当面+2.0‰が続く,714m先でATC現示が75km/hから70km/hに低下する,0.0,0.0,1,9.0,先行列車なし,0,,0,0,0,後続列車なし,該当なし,該当なし,0,0,0,30,240,,,
71.5,sawtooth_s0_2s,0,0.958876,次駅への減速フェーズ（駅手前400m以内）,制動,26.6,力行,0.9,5.87,10.45,75.0,75.0,75.0,10.5,70.2,64.4,勾配力行 ↔ 惰行,惰行,10.5,-0.1,,75.0,75.0,75.0,,5.6,8.5,5.71,-0.08,2.0,-0.161,3.212,当面+2.0‰が続く,713m先でATC現示が75km/hから70km/hに低下する,0.0,0.0,1,8.5,先行列車なし,0,,0,0,0,後続列車なし,該当なし,該当なし,0,0,0,30,240,,,
72.0,sawtooth_s0_2s,0,0.960233,次駅への減速フェーズ（駅手前400m以内）,制動,27.1,力行,0.9,5.87,9.12,75.0,75.0,75.0,9.2,70.2,64.4,勾配力行 ↔ 惰行,惰行,9.2,-0.1,,75.0,75.0,75.0,,4.3,8.0,4.35,-0.08,2.0,-0.159,3.215,当面+2.0‰が続く,712m先でATC現示が75km/hから70km/hに低下する,0.0,0.0,1,8.0,先行列車なし,0,,0,0,0,後続列車なし,該当なし,該当なし,0,0,0,30,240,,,
72.5,sawtooth_s0_2s,0,0.961405,次駅への減速フェーズ（駅手前400m以内）,制動,27.6,力行,0.9,5.87,7.79,75.0,75.0,75.0,7.9,70.2,64.4,勾配力行 ↔ 惰行,惰行,7.9,-0.1,,75.0,75.0,75.0,,3.1,7.5,3.18,-0.08,2.0,-0.157,3.217,当面+2.0‰が続く,710m先でATC現示が75km/hから70km/hに低下する,0.0,0.0,1,7.5,先行列車なし,0,,0,0,0,後続列車なし,該当なし,該当なし,0,0,0,30,240,,,
73.0,sawtooth_s0_2s,0,0.962392,次駅への減速フェーズ（駅手前400m以内）,制動,28.1,力行,0.9,5.87,6.46,75.0,75.0,75.0,6.5,70.2,64.3,勾配力行 ↔ 惰行,惰行,6.5,-0.1,,75.0,75.0,75.0,,2.1,7.0,2.19,-0.08,2.0,-0.154,3.219,当面+2.0‰が続く,709m先でATC現示が75km/hから70km/hに低下する,0.0,0.0,1,7.0,先行列車なし,0,,0,0,0,後続列車なし,該当なし,該当なし,0,0,0,30,240,,,
73.5,sawtooth_s0_2s,0,0.963195,次駅への減速フェーズ（駅手前400m以内）,制動,28.6,力行,0.9,5.87,5.13,75.0,75.0,75.0,5.2,70.2,64.3,勾配力行 ↔ 惰行,惰行,5.2,-0.1,,75.0,75.0,75.0,,1.3,6.5,1.38,-0.08,2.0,-0.152,3.222,当面+2.0‰が続く,709m先でATC現示が75km/hから70km/hに低下する,0.0,0.0,1,6.5,先行列車なし,0,,0,0,0,後続列車なし,該当なし,該当なし,0,0,0,30,240,,,
74.0,sawtooth_s0_2s,0,0.963814,次駅への減速フェーズ（駅手前400m以内）,制動,29.1,力行,0.9,5.87,3.81,75.0,75.0,75.0,3.9,70.2,64.3,勾配力行 ↔ 惰行,惰行,3.9,-0.1,,75.0,75.0,75.0,,0.7,6.0,0.76,-0.07,2.0,-0.15,3.224,当面+2.0‰が続く,708m先でATC現示が75km/hから70km/hに低下する,0.0,0.0,1,6.0,先行列車なし,0,,0,0,0,後続列車なし,該当なし,該当なし,0,0,0,30,240,,,
74.5,sawtooth_s0_2s,0,0.964249,次駅への減速フェーズ（駅手前400m以内）,制動,29.6,力行,0.9,5.87,2.48,75.0,75.0,75.0,2.7,70.2,64.3,勾配力行 ↔ 惰行,惰行,2.7,-0.2,,75.0,75.0,75.0,,0.3,5.5,0.32,-0.07,2.0,-0.148,3.226,当面+2.0‰が続く,708m先でATC現示が75km/hから70km/hに低下する,0.0,0.0,1,5.5,先行列車なし,0,,0,0,0,後続列車なし,該当なし,該当なし,0,0,0,30,240,,,
75.0,sawtooth_s0_2s,0,0.9645,次駅への減速フェーズ（駅手前400m以内）,制動,30.1,力行,0.9,5.87,1.16,75.0,75.0,75.0,1.8,70.2,64.3,勾配力行 ↔ 惰行,惰行,1.8,-0.6,,75.0,0.0,0.0,,-0.0,5.0,0.07,-0.07,2.0,-0.146,3.228,当面+2.0‰が続く,707m先でATC現示が75km/hから70km/hに低下する,0.0,0.0,1,5.0,先行列車なし,0,,0,0,0,後続列車なし,該当なし,該当なし,0,0,0,30,240,,,
0.0,brake_late_s0,0,0.0,駅出発直後の加速フェーズ（20秒以内）,力行,0.0,なし（または停止）,0.0,0.0,0.0,45.0,45.0,45.0,0.0,39.8,34.5,惰行 ↔ 勾配ブレーキ,惰行,0.0,0.0,49.4,75.0,45.0,45.0,,964.5,80.0,0.0,964.5,-5.0,0.103,3.476,80m先で勾配が-5.0‰から-14.2‰に変わる,前方に現示の低下なし,0.0,0.0,1,80.0,先行列車なし,0,,0,0,0,後続列車なし,該当なし,該当なし,0,0,0,30,240,,,
1.0,brake_late_s0,0,0.000487,駅出発直後の加速フェーズ（20秒以内）,力行,1.0,なし（または停止）,0.0,0.0,3.47,45.0,45.0,45.0,3.5,39.8,34.5,惰行 ↔ 勾配ブレーキ,惰行,3.5,-0.0,50.2,75.0,45.0,45.0,,964.0,79.0,0.7,963.31,-5.0,0.098,3.471,80m先で勾配が-5.0‰から-14.2‰に変わる,前方に現示の低下なし,0.0,0.0,1,79.0,先行列車なし,0,,0,0,0,後続列車なし,該当なし,該当なし,0,0,0,30,240,,,
2.0,brake_late_s0,0,0.001939,駅出発直後の加速フェーズ（20秒以内）,力行,2.0,なし（または停止）,0.0,0.0,6.94,45.0,45.0,45.0,6.9,39.8,34.5,惰行 ↔ 勾配ブレーキ,惰行,6.9,-0.0,51.0,75.0,45.0,45.0,,962.6,78.0,2.78,959.78,-5.0,0.092,3.466,80m先で勾配が-5.0‰から-14.2‰に変わる,前方に現示の低下なし,0.0,0.0,1,78.0,先行列車なし,0,,0,0,0,後続列車なし,該当なし,該当なし,0,0,0,30,240,,,
3.0,brake_late_s0,0,0.004353,駅出発直後の加速フェーズ（20秒以内）,力行,3.0,なし（または停止）,0.0,0.0,10.4,45.0,45.0,45.0,10.4,39.8,34.5,惰行 ↔ 勾配ブレーキ,惰行,10.4,-0.0,51.8,75.0,45.0,45.0,,960.1,77.0,6.24,953.9,-5.0,0.086,3.459,75m先で勾配が-5.0‰から-14.2‰に変わる,前方に現示の低下なし,0.0,0.0,1,77.0,先行列車なし,0,,0,0,0,後続列車なし,該当なし,該当なし,0,0,0,30,240,,,
4.0,brake_late_s0,0,0.007729,駅出発直後の加速フェーズ（20秒以内）,力行,4.0,なし（または停止）,0.0,0.0,13.86,45.0,45.0,45.0,13.9,39.8,34.5,惰行 ↔ 勾配ブレーキ,惰行,13.9,0.0,52.3,75.0,45.0,45.0,,956.8,76.0,11.06,945.71,-5.0,0.079,3.453,70m先で勾配が-5.0‰から-14.2‰に変わる,前方に現示の低下なし,0.0,0.0,1,76.0,先行列車なし,0,,0,0,0,後続列車なし,該当なし,該当なし,0,0,0,30,240,,,
5.0,brake_late_s0,0,0.012063,駅出発直後の加速フェーズ（20秒以内）,力行,5.0,なし（または停止）,0.0,0.0,17.31,45.0,45.0,45.0,17.3,39.8,34.5,惰行 ↔ 勾配ブレーキ,惰行,17.3,0.0,53.0,75.0,45.0,45.0,,952.4,75.0,17.22,935.22,-5.0,0.072,3.445,70m先で勾配が-5.0‰から-14.2‰に変わる,前方に現示の低下なし,0.0,0.0,1,75.0,先行列車なし,0,,0,0,0,後続列車なし,該当なし,該当なし,0,0,0,30,240,,,
6.0,brake_late_s0,0,0.017354,駅出発直後の加速フェーズ（20秒以内）,力行,6.0,なし（または停止）,0.0,0.0,20.75,70.0,70.0,70.0,20.8,64.8,59.6,惰行 ↔ 勾配ブレーキ,惰行,20.8,-0.0,53.4,75.0,56.9,56.9,,947.1,74.0,24.7,922.45,-5.0,0.064,3.437,65m先で勾配が-5.0‰から-14.2‰に変わる,前方に現示の低下なし,0.0,0.0,1,74.0,先行列車なし,0,,0,0,0,後続列車なし,該当なし,該当なし,0,0,0,30,240,,,
7.0,brake_late_s0,0,0.0236,駅出発直後の加速フェーズ（20秒以内）,力行,7.0,なし（または停止）,0.0,0.0,24.18,70.0,70.0,70.0,24.2,64.9,59.6,惰行 ↔ 勾配ブレーキ,惰行,24.2,-0.0,54.2,75.0,56.9,56.9,,940.9,73.0,33.48,907.42,-5.0,0.055,3.429,55m先で勾配が-5.0‰から-14.2‰に変わる,前方に現示の低下なし,0.0,0.0,1,73.0,先行列車なし,0,,0,0,0,後続列車なし,該当なし,該当なし,0,0,0,30,240,,,
8.0,brake_late_s0,0,0.030799,駅出発直後の加速フェーズ（20秒以内）,力行,8.0,なし（または停止）,0.0,0.0,27.61,70.0,70.0,70.0,27.6,64.9,64.3,惰行 ↔ 勾配ブレーキ,惰行,27.6,0.0,54.5,75.0,56.9,56.9,,933.7,72.0,43.53,890.17,-5.0,0.046,3.42,50m先で勾配が-5.0‰から-14.2‰に変わる,前方に現示の低下なし,0.0,0.0,1,72.0,先行列車なし,0,,0,0,0,後続列車なし,該当なし,該当なし,0,0,0,30,240,,,
9.0,brake_late_s0,0,0.038947,駅出発直後の加速フェーズ（20秒以内）,力行,9.0,なし（または停止）,0.0,0.0,31.02,70.0,70.0,70.0,31.0,64.9,59.9,惰行 ↔ 勾配ブレーキ,惰行,31.0,-0.0,55.1,75.0,56.9,56.9,,925.6,71.0,57.36,868.2,-5.0,0.037,3.41,40m先で勾配が-5.0‰から-14.2‰に変わる,前方に現示の低下なし,0.0,0.0,1,71.0,先行列車なし,0,,0,0,0,後続列車なし,該当なし,該当なし,0,0,0,30,240,,,
10.0,brake_late_s0,0,0.048043,駅出発直後の加速フェーズ（20秒以内）,力行,10.0,なし（または停止）,0.0,0.0,34.43,70.0,70.0,70.0,34.4,64.9,60.3,惰行 ↔ 勾配ブレーキ,惰行,34.4,0.0,55.7,75.0,56.9,56.9,,916.5,70.0,73.2,843.25,-5.0,0.027,3.4,30m先で勾配が-5.0‰から-14.2‰に変わる,前方に現示の低下なし,0.0,0.0,1,70.0,先行列車なし,0,,0,0,0,後続列車なし,該当なし,該当なし,0,0,0,30,240,,,
11.0,brake_late_s0,0,0.058083,駅出発直後の加速フェーズ（20秒以内）,力行,11.0,なし（または停止）,0.0,0.0,37.82,70.0,70.0,70.0,37.8,64.9,60.6,惰行 ↔ 勾配ブレーキ,惰行,37.8,-0.0,56.0,75.0,56.9,56.9,,906.4,69.0,90.54,815.88,-5.0,0.016,3.39,20m先で勾配が-5.0‰から-14.2‰に変わる,前方に現示の低下なし,0.0,0.0,1,69.0,先行列車なし,0,,0,0,0,後続列車なし,該当なし,該当なし,0,0,0,30,240,,,
12.0,brake_late_s0,0,0.069064,駅出発直後の加速フェーズ（20秒以内）,力行,12.0,なし（または停止）,0.0,0.0,41.19,70.0,70.0,70.0,41.2,65.1,61.1,惰行 ↔ 勾配ブレーキ,惰行,41.2,-0.0,56.5,75.0,56.9,56.9,,895.4,68.0,109.65,785.79,-5.0,0.005,3.281,10m先で勾配が-5.0‰から-14.2‰に変わる,前方に現示の低下なし,0.0,0.0,1,68.0,先行列車なし,0,,0,0,0,後続列車なし,該当なし,該当なし,0,0,0,30,240,,,
13.0,brake_late_s0,0,0.080959,駅出発直後の加速フェーズ（20秒以内）,力行,13.0,なし（または停止）,0.0,0.0,44.44,70.0,70.0,70.0,44.4,65.0,61.3,惰行 ↔ 勾配ブレーキ,惰行,44.4,0.0,56.6,75.0,56.9,56.9,,883.5,67.0,129.84,753.7,-14.2,0.318,3.355,90m先で勾配が-14.2‰から-16.3‰に変わる,前方に現示の低下なし,0.0,0.0,1,67.0,先行列車なし,0,,0,0,0,後続列車なし,該当なし,該当なし,0,0,0,30,240,,,
14.0,brake_late_s0,0,0.093763,駅出発直後の加速フェーズ（20秒以内）,力行,14.0,なし（または停止）,0.0,0.0,47.68,70.0,70.0,70.0,47.7,65.3,61.6,惰行 ↔ 勾配ブレーキ,惰行,47.7,0.0,56.9,75.0,56.9,56.9,,870.7,66.0,149.97,720.77,-14.2,0.307,3.137,75m先で勾配が-14.2‰から-16.3‰に変わる,前方に現示の低下なし,0.0,0.0,1,66.0,先行列車なし,0,,0,0,0,後続列車なし,該当なし,該当なし,0,0,0,30,240,,,
15.0,brake_late_s0,0,0.107439,駅出発直後の加速フェーズ（20秒以内）,力行,15.0,なし（または停止）,0.0,0.0,50.73,70.0,70.0,70.0,48.9,65.6,61.9,惰行 ↔ 勾配ブレーキ,惰行,48.9,1.8,56.9,75.0,56.9,56.9,,857.1,65.0,170.04,687.02,-14.2,0.295,2.956,65m先で勾配が-14.2‰から-16.3‰に変わる,前方に現示の低下なし,0.0,0.0,1,65.0,先行列車なし,0,,0,0,0,後続列車なし,該当なし,該当なし,0,0,0,30,240,,,
16.0,brake_late_s0,0,0.121936,駅出発直後の加速フェーズ（20秒以内）,力行,16.0,なし（または停止）,0.0,0.0,53.6,75.0,75.0,70.0,49.2,65.8,62.1,惰行 ↔ 勾配ブレーキ,惰行,49.2,4.4,57.0,75.0,56.9,56.9,,842.6,64.0,190.1,652.46,-14.2,0.284,2.802,50m先で勾配が-14.2‰から-16.3‰に変わる,前方に現示の低下なし,0.0,0.0,1,64.0,先行列車なし,0,,0,0,0,後続列車なし,該当なし,該当なし,0,0,0,30,240,,,
17.0,brake_late_s0,0,0.137213,駅出発直後の加速フェーズ（20秒以内）,力行,17.0,なし（または停止）,0.0,0.0,56.34,75.0,75.0,75.0,49.6,71.0,67.4,惰行 ↔ 勾配ブレーキ,惰行,49.6,6.8,57.1,75.0,56.9,56.9,,827.3,63.0,210.09,617.2,-14.2,0.273,2.669,35m先で勾配が-14.2‰から-16.3‰に変わる,前方に現示の低下なし,0.0,0.0,1,63.0,先行列車なし,0,,0,0,0,後続列車なし,該当なし,該当なし,0,0,0,30,240,,,
18.0,brake_late_s0,0,0.153231,駅出発直後の加速フェーズ（20秒以内）,力行,18.0,なし（または停止）,0.0,0.0,58.95,75.0,75.0,75.0,49.9,71.2,67.8,惰行 ↔ 勾配ブレーキ,惰行,49.9,9.0,57.3,75.0,58.9,58.9,,811.3,62.0,230.01,581.26,-14.2,0.263,2.552,15m先で勾配が-14.2‰から-16.3‰に変わる,前方に現示の低下なし,0.0,0.0,1,62.0,先行列車なし,0,,0,0,0,後続列車なし,該当なし,該当なし,0,0,0,30,240,,,
19.0,brake_late_s0,0,0.169805,駅出発直後の加速フェーズ（20秒以内）,惰行,0.7,力行,18.3,2.25,59.9,75.0,75.0,75.0,50.3,71.1,67.8,惰行 ↔ 勾配ブレーキ,惰行,50.3,9.6,57.4,75.0,59.9,59.9,,794.7,61.0,237.76,556.94,-16.3,0.333,2.586,540m先で勾配が-16.3‰から+2.0‰に変わる,前方に現示の低下なし,0.0,0.0,1,61.0,先行列車なし,0,,0,0,0,後続列車なし,該当なし,該当なし,0,0,0,30,240,,,
20.0,brake_late_s0,0,0.18649,巡航フェーズ（駅間走行中）,惰行,1.7,力行,18.3,2.24,60.23,75.0,75.0,75.0,50.7,71.1,67.8,惰行 ↔ 勾配ブレーキ,惰行,50.7,9.5,56.9,75.0,60.2,60.2,,778.0,60.0,240.31,537.7,-16.3,0.331,2.572,525m先で勾配が-16.3‰から+2.0‰に変わる,前方に現示の低下なし,0.0,0.0,1,60.0,先行列車なし,0,,0,0,0,後続列車なし,該当なし,該当なし,0,0,0,30,240,,,
21.0,brake_late_s0,0,0.203267,巡航フェーズ（駅間走行中）,惰行,2.7,力行,18.3,2.23,60.56,75.0,75.0,75.0,51.2,71.2,67.9,惰行 ↔ 勾配ブレーキ,惰行,51.2,9.4,56.9,75.0,60.6,60.6,,761.2,59.0,242.87,518.36,-16.3,0.33,2.558,505m先で勾配が-16.3‰から+2.0‰に変わる,前方に現示の低下なし,0.0,0.0,1,59.0,先行列車なし,0,,0,0,0,後続列車なし,該当なし,該当なし,0,0,0,30,240,,,
22.0,brake_late_s0,0,0.220136,巡航フェーズ（駅間走行中）,惰行,3.7,力行,18.3,2.22,60.89,75.0,75.0,75.0,51.6,71.2,67.9,惰行 ↔ 勾配ブレーキ,惰行,51.6,9.3,56.9,75.0,60.9,60.9,,744.4,58.0,245.43,498.94,-16.3,0.328,2.545,490m先で勾配が-16.3‰から+2.0‰に変わる,前方に現示の低下なし,0.0,0.0,1,58.0,先行列車なし,0,,0,0,0,後続列車なし,該当なし,該当なし,0,0,0,30,240,,,
23.0,brake_late_s0,0,0.237097,巡航フェーズ（駅間走行中）,惰行,4.7,力行,18.3,2.2,61.22,75.0,75.0,75.0,52.0,71.2,67.9,惰行 ↔ 勾配ブレーキ,惰行,52.0,9.2,56.9,75.0,61.2,61.2,,727.4,57.0,247.99,479.42,-16.3,0.327,2.531,475m先で勾配が-16.3‰から+2.0‰に変わる,前方に現示の低下なし,0.0,0.0,1,57.0,先行列車なし,0,,0,0,0,後続列車なし,該当なし,該当なし,0,0,0,30,240,,,
24.0,brake_late_s0,0,0.254148,巡航フェーズ（駅間走行中）,惰行,5.7,力行,18.3,2.19,61.55,75.0,75.0,75.0,52.5,71.2,67.9,惰行 ↔ 勾配ブレーキ,惰行,52.5,9.1,56.9,75.0,61.5,61.5,,710.4,56.0,250.55,459.81,-16.3,0.326,2.518,455m先で勾配が-16.3‰から+2.0‰に変わる,前方に現示の低下なし,0.0,0.0,1,56.0,先行列車なし,0,,0,0,0,後続列車なし,該当なし,該当なし,0,0,0,30,240,,,
25.0,brake_late_s0,0,0.271289,巡航フェーズ（駅間走行中）,惰行,6.7,力行,18.3,2.18,61.87,75.0,75.0,75.0,52.9,71.2,67.9,惰行 ↔ 勾配ブレーキ,惰行,52.9,9.0,56.3,75.0,61.9,61.9,,693.2,55.0,253.11,440.1,-16.3,0.324,2.505,440m先で勾配が-16.3‰から+2.0‰に変わる,前方に現示の低下なし,0.0,0.0,1,55.0,先行列車なし,0,,0,0,0,後続列車なし,該当なし,該当なし,0,0,0,30,240,,,
26.0,brake_late_s0,0,0.288521,巡航フェーズ（駅間走行中）,惰行,7.7,力行,18.3,2.17,62.19,75.0,75.0,75.0,53.3,71.3,68.0,惰行 ↔ 勾配ブレーキ,惰行,53.3,8.9,56.5,75.0,62.2,62.2,,676.0,54.0,255.67,420.31,-16.3,0.323,2.493,420m先で勾配が-16.3‰から+2.0‰に変わる,前方に現示の低下なし,0.0,0.0,1,54.0,先行列車なし,0,,0,0,0,後続列車なし,該当なし,該当なし,0,0,0,30,240,,,
27.0,brake_late_s0,0,0.305842,巡航フェーズ（駅間走行中）,惰行,8.7,力行,18.3,2.16,62.52,75.0,75.0,75.0,53.7,71.3,68.0,惰行 ↔ 勾配ブレーキ,惰行,53.7,8.8,56.0,75.0,62.5,62.5,,658.7,53.0,258.23,400.43,-16.3,0.321,2.48,405m先で勾配が-16.3‰から+2.0‰に変わる,前方に現示の低下なし,0.0,0.0,1,53.0,先行列車なし,0,,0,0,0,後続列車なし,該当なし,該当なし,0,0,0,30,240,,,
28.0,brake_late_s0,0,0.323253,巡航フェーズ（駅間走行中）,惰行,9.7,力行,18.3,2.15,62.84,75.0,75.0,75.0,54.1,71.3,68.0,惰行 ↔ 勾配ブレーキ,惰行,54.1,8.7,56.0,75.0,62.8,62.8,,641.2,52.0,260.79,380.46,-16.3,0.32,2.468,385m先で勾配が-16.3‰から+2.0‰に変わる,前方に現示の低下なし,0.0,0.0,1,52.0,先行列車なし,0,,0,0,0,後続列車なし,該当なし,該当なし,0,0,0,30,240,,,
29.0,brake_late_s0,0,0.340752,巡航フェーズ（駅間走行中）,惰行,10.7,力行,18.3,2.14,63.16,75.0,75.0,75.0,54.5,71.3,68.0,惰行 ↔ 勾配ブレーキ,惰行,54.5,8.6,55.5,75.0,63.2,63.2,,623.7,51.0,263.35,360.39,-16.3,0.319,2.455,370m先で勾配が-16.3‰から+2.0‰に変わる,前方に現示の低下なし,0.0,0.0,1,51.0,先行列車なし,0,,0,0,0,後続列車なし,該当なし,該当なし,0,0,0,30,240,,,
30.0,brake_late_s0,0,0.35834,巡航フェーズ（駅間走行中）,惰行,11.7,力行,18.3,2.13,63.47,75.0,75.0,75.0,55.0,71.3,68.0,惰行 ↔ 勾配ブレーキ,惰行,55.0,8.5,55.6,75.0,63.5,63.5,,606.2,50.0,265.92,340.24,-16.3,0.317,2.443,350m先で勾配が-16.3‰から+2.0‰に変わる,前方に現示の低下なし,0.0,0.0,1,50.0,先行列車なし,0,,0,0,0,後続列車なし,該当なし,該当なし,0,0,0,30,240,,,
31.0,brake_late_s0,0,0.376016,巡航フェーズ（駅間走行中）,惰行,12.7,力行,18.3,2.12,63.79,75.0,75.0,75.0,55.4,71.4,68.1,惰行 ↔ 勾配ブレーキ,惰行,55.4,8.4,55.1,75.0,63.8,63.8,,588.5,49.0,268.48,320.01,-16.3,0.316,2.431,335m先で勾配が-16.3‰から+2.0‰に変わる,前方に現示の低下なし,0.0,0.0,1,49.0,先行列車なし,0,,0,0,0,後続列車なし,該当なし,該当なし,0,0,0,30,240,,,
32.0,brake_late_s0,0,0.39378,巡航フェーズ（駅間走行中）,惰行,13.7,力行,18.3,2.11,64.11,75.0,75.0,75.0,55.8,71.4,68.1,惰行 ↔ 勾配ブレーキ,惰行,55.8,8.3,55.1,75.0,64.1,64.1,,570.7,48.0,271.04,299.68,-16.3,0.314,2.419,315m先で勾配が-16.3‰から+2.0‰に変わる,前方に現示の低下なし,0.0,0.0,1,48.0,先行列車なし,0,,0,0,0,後続列車なし,該当なし,該当なし,0,0,0,30,240,,,
33.0,brake_late_s0,0,0.411631,巡航フェーズ（駅間走行中）,惰行,14.7,力行,18.3,2.09,64.42,75.0,75.0,75.0,56.2,71.4,68.1,惰行 ↔ 勾配ブレーキ,惰行,56.2,8.3,54.2,75.0,64.4,64.4,,552.9,47.0,273.6,279.27,-16.3,0.313,2.408,300m先で勾配が-16.3‰から+2.0‰に変わる,前方に現示の低下なし,0.0,0.0,1,47.0,先行列車なし,0,,0,0,0,後続列車なし,該当なし,該当なし,0,0,0,30,240,,,
34.0,brake_late_s0,0,0.429569,巡航フェーズ（駅間走行中）,惰行,15.7,力行,18.3,2.08,64.73,75.0,75.0,75.0,56.6,71.4,68.1,惰行 ↔ 勾配ブレーキ,惰行,56.6,8.2,54.2,75.0,64.7,64.7,,534.9,46.0,276.16,258.77,-16.3,0.312,2.396,280m先で勾配が-16.3‰から+2.0‰に変わる,前方に現示の低下なし,0.0,0.0,1,46.0,先行列車なし,0,,0,0,0,後続列車なし,該当なし,該当なし,0,0,0,30,240,,,
35.0,brake_late_s0,0,0.447593,巡航フェーズ（駅間走行中）,惰行,16.7,力行,18.3,2.07,65.04,75.0,75.0,75.0,57.0,71.4,68.1,惰行 ↔ 勾配ブレーキ,惰行,57.0,8.1,53.7,75.0,65.0,65.0,,516.9,45.0,274.29,242.62,-16.3,0.31,2.385,260m先で勾配が-16.3‰から+2.0‰に変わる,前方に現示の低下なし,0.0,0.0,1,45.0,先行列車なし,0,,0,0,0,後続列車なし,該当なし,該当なし,0,0,0,30,240,,,
36.0,brake_late_s0,0,0.465704,巡航フェーズ（駅間走行中）,惰行,17.7,力行,18.3,2.06,65.35,75.0,75.0,75.0,57.3,71.4,68.1,惰行 ↔ 勾配ブレーキ,惰行,57.3,8.0,53.3,75.0,65.4,65.4,,498.8,44.0,271.87,226.93,-16.3,0.309,2.374,245m先で勾配が-16.3‰から+2.0‰に変わる,前方に現示の低下なし,0.0,0.0,1,44.0,先行列車なし,0,,0,0,0,後続列車なし,該当なし,該当なし,0,0,0,30,240,,,
37.0,brake_late_s0,0,0.483901,巡航フェーズ（駅間走行中）,惰行,18.7,力行,18.3,2.06,65.66,75.0,75.0,75.0,57.7,71.5,68.2,惰行 ↔ 勾配ブレーキ,惰行,57.7,7.9,53.3,75.0,65.7,65.7,,480.6,43.0,269.4,211.2,-16.3,0.307,2.363,225m先で勾配が-16.3‰から+2.0‰に変わる,前方に現示の低下なし,0.0,0.0,1,43.0,先行列車なし,0,,0,0,0,後続列車なし,該当なし,該当なし,0,0,0,30,240,,,
38.0,brake_late_s0,0,0.502183,巡航フェーズ（駅間走行中）,惰行,19.7,力行,18.3,2.05,65.97,75.0,75.0,75.0,58.1,71.5,68.2,惰行 ↔ 勾配ブレーキ,惰行,58.1,7.8,52.3,75.0,66.0,66.0,,462.3,42.0,267.03,195.29,-16.3,0.306,2.352,210m先で勾配が-16.3‰から+2.0‰に変わる,前方に現示の低下なし,0.0,0.0,1,42.0,先行列車なし,0,,0,0,0,後続列車なし,該当なし,該当なし,0,0,0,30,240,,,
39.0,brake_late_s0,0,0.520549,巡航フェーズ（駅間走行中）,惰行,20.7,力行,18.3,2.04,66.27,75.0,75.0,75.0,58.5,71.5,68.2,惰行 ↔ 勾配ブレーキ,惰行,58.5,7.8,51.4,75.0,66.3,66.3,,444.0,41.0,264.6,179.35,-16.3,0.305,2.341,190m先で勾配が-16.3‰から+2.0‰に変わる,前方に現示の低下なし,0.0,0.0,1,41.0,先行列車なし,0,,0,0,0,後続列車なし,該当なし,該当なし,0,0,0,30,240,,,
40.0,brake_late_s0,0,0.539001,巡航フェーズ（駅間走行中）,惰行,21.7,力行,18.3,2.03,66.58,75.0,75.0,75.0,58.9,71.5,68.2,惰行 ↔ 勾配ブレーキ,惰行,58.9,7.7,51.4,75.0,66.6,66.6,,425.5,40.0,262.32,163.18,-16.3,0.303,2.33,170m先で勾配が-16.3‰から+2.0‰に変わる,前方に現示の低下なし,0.0,0.0,1,40.0,先行列車なし,0,,0,0,0,後続列車なし,該当なし,該当なし,0,0,0,30,240,,,
41.0,brake_late_s0,0,0.557537,巡航フェーズ（駅間走行中）,惰行,22.7,力行,18.3,2.02,66.88,75.0,75.0,75.0,59.3,71.5,68.2,惰行 ↔ 勾配ブレーキ,惰行,59.3,7.6,50.4,75.0,66.9,66.9,,407.0,39.0,260.0,146.96,-16.3,0.302,2.32,150m先で勾配が-16.3‰から+2.0‰に変わる,前方に現示の低下なし,0.0,0.0,1,39.0,先行列車なし,0,,0,0,0,後続列車なし,該当なし,該当なし,0,0,0,30,240,,,
42.0,brake_late_s0,0,0.576156,次駅への減速フェーズ（駅手前400m以内）,惰行,23.7,力行,18.3,2.01,67.18,75.0,75.0,75.0,59.6,71.5,68.2,惰行 ↔ 勾配ブレーキ,惰行,59.6,7.5,,75.0,67.2,67.2,,388.3,38.0,257.73,130.62,-16.3,0.301,2.309,135m先で勾配が-16.3‰から+2.0‰に変わる,前方に現示の低下なし,0.0,0.0,1,38.0,先行列車なし,0,,0,0,0,後続列車なし,該当なし,該当なし,0,0,0,30,240,,,
43.0,brake_late_s0,0,0.59486,次駅への減速フェーズ（駅手前400m以内）,惰行,24.7,力行,18.3,2.0,67.48,75.0,75.0,75.0,60.0,71.6,68.3,惰行 ↔ 勾配ブレーキ,惰行,60.0,7.5,,75.0,67.5,67.5,,369.6,37.0,255.17,114.47,-16.3,0.299,2.299,115m先で勾配が-16.3‰から+2.0‰に変わる,前方に現示の低下なし,0.0,0.0,1,37.0,先行列車なし,0,,0,0,0,後続列車なし,該当なし,該当なし,0,0,0,30,240,,,
44.0,brake_late_s0,0,0.613646,次駅への減速フェーズ（駅手前400m以内）,惰行,25.7,力行,18.3,1.99,67.78,75.0,75.0,75.0,60.4,71.6,68.3,惰行 ↔ 勾配ブレーキ,惰行,60.4,7.4,,75.0,67.8,67.8,,350.9,36.0,252.76,98.1,-16.3,0.298,2.289,95m先で勾配が-16.3‰から+2.0‰に変わる,前方に現示の低下なし,0.0,0.0,1,36.0,先行列車なし,0,,0,0,0,後続列車なし,該当なし,該当なし,0,0,0,30,240,,,
45.0,brake_late_s0,0,0.632515,次駅への減速フェーズ（駅手前400m以内）,惰行,26.7,力行,18.3,1.98,68.08,75.0,75.0,75.0,60.8,71.6,68.3,惰行 ↔ 勾配ブレーキ,惰行,60.8,7.3,,75.0,68.1,68.1,,332.0,35.0,250.55,81.43,-16.3,0.296,2.279,75m先で勾配が-16.3‰から+2.0‰に変わる,前方に現示の低下なし,0.0,0.0,1,35.0,先行列車なし,0,,0,0,0,後続列車なし,該当なし,該当なし,0,0,0,30,240,,,
46.0,brake_late_s0,0,0.651466,次駅への減速フェーズ（駅手前400m以内）,惰行,27.7,力行,18.3,1.97,68.37,75.0,75.0,75.0,61.1,71.6,68.3,惰行 ↔ 勾配ブレーキ,惰行,61.1,7.2,,75.0,68.4,68.4,,313.0,34.0,248.17,64.87,-16.3,0.295,2.269,60m先で勾配が-16.3‰から+2.0‰に変わる,前方に現示の低下なし,0.0,0.0,1,34.0,先行列車なし,0,,0,0,0,後続列車なし,該当なし,該当なし,0,0,0,30,240,,,
47.0,brake_late_s0,0,0.670499,次駅への減速フェーズ（駅手前400m以内）,惰行,28.7,力行,18.3,1.97,68.67,75.0,75.0,75.0,61.5,71.6,67.7,惰行 ↔ 勾配ブレーキ,惰行,61.5,7.2,,75.0,68.7,68.7,,294.0,33.0,245.6,48.4,-16.3,0.294,2.259,40m先で勾配が-16.3‰から+2.0‰に変わる,前方に現示の低下なし,0.0,0.0,1,33.0,先行列車なし,0,,0,0,0,後続列車なし,該当なし,該当なし,0,0,0,30,240,,,
48.0,brake_late_s0,0,0.689614,次駅への減速フェーズ（駅手前400m以内）,惰行,29.7,力行,18.3,1.96,68.96,75.0,75.0,75.0,61.9,71.6,64.5,勾配力行 ↔ 惰行,惰行,61.9,7.1,,75.0,69.0,69.0,,274.9,32.0,243.34,31.55,-16.3,0.292,2.249,20m先で勾配が-16.3‰から+2.0‰に変わる,982m先でATC現示が75km/hから70km/hに低下する,0.0,0.0,1,32.0,先行列車なし,0,,0,0,0,後続列車なし,該当なし,該当なし,0,0,0,30,240,,,
49.0,brake_late_s0,0,0.70881,次駅への減速フェーズ（駅手前400m以内）,惰行,30.7,力行,18.3,1.95,69.21,75.0,75.0,75.0,62.2,72.6,66.8,勾配力行 ↔ 惰行,惰行,62.2,7.0,,75.0,69.2,69.2,,255.7,31.0,240.67,15.02,2.0,-0.355,1.595,当面+2.0‰が続く,963m先でATC現示が75km/hから70km/hに低下する,0.0,0.0,1,31.0,先行列車なし,0,,0,0,0,後続列車なし,該当なし,該当なし,0,0,0,30,240,,,
50.0,brake_late_s0,0,0.727985,次駅への減速フェーズ（駅手前400m以内）,惰行,31.7,力行,18.3,1.96,68.86,75.0,75.0,75.0,61.8,72.6,66.8,勾配力行 ↔ 惰行,惰行,61.8,7.0,,75.0,75.0,75.0,,236.5,30.0,238.3,-1.78,2.0,-0.353,1.607,当面+2.0‰が続く,944m先でATC現示が75km/hから70km/hに低下する,0.0,0.0,1,30.0,先行列車なし,0,,0,0,0,後続列車なし,該当なし,該当なし,0,0,0,30,240,,,
51.0,brake_late_s0,0,0.747063,次駅への減速フェーズ（駅手前400m以内）,惰行,32.7,力行,18.3,1.97,68.51,75.0,75.0,75.0,61.5,72.6,66.8,勾配力行 ↔ 惰行,惰行,61.5,7.0,,75.0,75.0,75.0,,217.4,29.0,235.94,-18.5,2.0,-0.351,1.619,当面+2.0‰が続く,925m先でATC現示が75km/hから70km/hに低下する,0.0,0.0,1,29.0,先行列車なし,0,,0,0,0,後続列車なし,該当なし,該当なし,0,0,0,30,240,,,
52.0,brake_late_s0,0,0.765912,次駅への減速フェーズ（駅手前400m以内）,制動,0.6,惰行,33.1,2.5,66.63,75.0,75.0,75.0,61.1,72.5,66.7,勾配力行 ↔ 惰行,惰行,61.1,5.5,,75.0,75.0,75.0,,198.6,28.0,223.59,-25.0,2.0,-0.343,1.683,当面+2.0‰が続く,906m先でATC現示が75km/hから70km/hに低下する,0.0,0.0,1,28.0,先行列車なし,0,,0,0,0,後続列車なし,該当なし,該当なし,0,0,0,30,240,,,
53.0,brake_late_s0,0,0.784025,次駅への減速フェーズ（駅手前400m以内）,制動,0.4,惰行,0.0,2.5,63.82,75.0,75.0,75.0,59.7,72.3,66.5,勾配力行 ↔ 惰行,惰行,59.7,4.1,,75.0,75.0,75.0,,180.5,27.0,205.63,-25.16,2.0,-0.33,1.785,当面+2.0‰が続く,888m先でATC現示が75km/hから70km/hに低下する,0.0,0.0,1,27.0,先行列車なし,0,,0,0,0,後続列車なし,該当なし,該当なし,0,0,0,30,240,,,
54.0,brake_late_s0,0,0.801356,次駅への減速フェーズ（駅手前400m以内）,制動,1.4,惰行,0.0,2.5,61.0,75.0,75.0,75.0,56.7,72.2,66.3,勾配力行 ↔ 惰行,惰行,56.7,4.3,,75.0,75.0,75.0,,163.1,26.0,188.3,-25.15,2.0,-0.318,1.895,当面+2.0‰が続く,870m先でATC現示が75km/hから70km/hに低下する,0.0,0.0,1,26.0,先行列車なし,0,,0,0,0,後続列車なし,該当なし,該当なし,0,0,0,30,240,,,
55.0,brake_late_s0,0,0.817905,次駅への減速フェーズ（駅手前400m以内）,制動,2.3,惰行,0.0,2.5,58.18,75.0,75.0,75.0,53.7,72.0,66.2,勾配力行 ↔ 惰行,惰行,53.7,4.5,,75.0,75.0,75.0,,146.6,25.0,171.74,-25.15,2.0,-0.306,2.014,当面+2.0‰が続く,854m先でATC現示が75km/hから70km/hに低下する,0.0,0.0,1,25.0,先行列車なし,0,,0,0,0,後続列車なし,該当なし,該当なし,0,0,0,30,240,,,
55.5,brake_late_s0,0,0.825887,次駅への減速フェーズ（駅手前400m以内）,制動,2.8,惰行,0.0,2.5,56.78,75.0,75.0,75.0,52.2,71.9,66.1,勾配力行 ↔ 惰行,惰行,52.2,4.6,,75.0,75.0,75.0,,138.6,24.5,163.76,-25.15,2.0,-0.3,2.077,当面+2.0‰が続く,846m先でATC現示が75km/hから70km/hに低下する,0.0,0.0,1,24.5,先行列車なし,0,,0,0,0,後続列車なし,該当なし,該当なし,0,0,0,30,240,,,
56.0,brake_late_s0,0,0.833674,次駅への減速フェーズ（駅手前400m以内）,制動,3.3,惰行,0.0,2.5,55.38,75.0,75.0,75.0,50.6,71.8,66.0,勾配力行 ↔ 惰行,惰行,50.6,4.7,,75.0,75.0,75.0,,130.8,24.0,155.97,-25.14,2.0,-0.294,2.142,当面+2.0‰が続く,838m先でATC現示が75km/hから70km/hに低下する,0.0,0.0,1,24.0,先行列車なし,0,,0,0,0,後続列車なし,該当なし,該当なし,0,0,0,30,240,,,
56.5,brake_late_s0,0,0.841268,次駅への減速フェーズ（駅手前400m以内）,制動,3.8,惰行,0.0,2.5,53.99,75.0,75.0,75.0,49.1,71.7,65.9,勾配力行 ↔ 惰行,惰行,49.1,4.9,,75.0,75.0,75.0,,123.2,23.5,148.37,-25.14,2.0,-0.289,2.211,当面+2.0‰が続く,831m先でATC現示が75km/hから70km/hに低下する,0.0,0.0,1,23.5,先行列車なし,0,,0,0,0,後続列車なし,該当なし,該当なし,0,0,0,30,240,,,
57.0,brake_late_s0,0,0.848668,次駅への減速フェーズ（駅手前400m以内）,制動,4.3,惰行,0.0,2.5,52.6,75.0,75.0,75.0,47.6,71.6,65.8,勾配力行 ↔ 惰行,惰行,47.6,5.0,,75.0,75.0,75.0,,115.8,23.0,140.97,-25.14,2.0,-0.283,2.282,当面+2.0‰が続く,823m先でATC現示が75km/hから70km/hに低下する,0.0,0.0,1,23.0,先行列車なし,0,,0,0,0,後続列車なし,該当なし,該当なし,0,0,0,30,240,,,
57.5,brake_late_s0,0,0.855874,次駅への減速フェーズ（駅手前400m以内）,制動,4.8,惰行,0.0,2.5,51.21,75.0,75.0,75.0,46.1,71.5,65.6,勾配力行 ↔ 惰行,惰行,46.1,5.1,,75.0,75.0,75.0,,108.6,22.5,133.76,-25.14,2.0,-0.278,2.358,当面+2.0‰が続く,816m先でATC現示が75km/hから70km/hに低下する,0.0,0.0,1,22.5,先行列車なし,0,,0,0,0,後続列車なし,該当なし,該当なし,0,0,0,30,240,,,
58.0,brake_late_s0,0,0.862888,次駅への減速フェーズ（駅手前400m以内）,制動,5.3,惰行,0.0,2.5,49.82,75.0,75.0,75.0,44.6,71.3,65.5,勾配力行 ↔ 惰行,惰行,44.6,5.3,,75.0,75.0,75.0,,101.6,22.0,126.75,-25.14,2.0,-0.273,2.436,当面+2.0‰が続く,809m先でATC現示が75km/hから70km/hに低下する,0.0,0.0,1,22.0,先行列車なし,0,,0,0,0,後続列車なし,該当なし,該当なし,0,0,0,30,240,,,
58.5,brake_late_s0,0,0.869709,次駅への減速フェーズ（駅手前400m以内）,制動,5.8,惰行,0.0,2.5,48.43,75.0,75.0,75.0,43.0,71.2,65.4,勾配力行 ↔ 惰行,惰行,43.0,5.4,,75.0,75.0,75.0,,94.8,21.5,119.93,-25.13,2.0,-0.267,2.519,当面+2.0‰が続く,802m先でATC現示が75km/hから70km/hに低下する,0.0,0.0,1,21.5,先行列車なし,0,,0,0,0,後続列車なし,該当なし,該当なし,0,0,0,30,240,,,
59.0,brake_late_s0,0,0.876338,次駅への減速フェーズ（駅手前400m以内）,制動,6.3,惰行,0.0,2.5,47.05,75.0,75.0,75.0,41.5,71.1,65.3,勾配力行 ↔ 惰行,惰行,41.5,5.6,,75.0,75.0,75.0,,88.2,21.0,113.29,-25.13,2.0,-0.262,2.606,当面+2.0‰が続く,795m先でATC現示が75km/hから70km/hに低下する,0.0,0.0,1,21.0,先行列車なし,0,,0,0,0,後続列車なし,該当なし,該当なし,0,0,0,30,240,,,
59.5,brake_late_s0,0,0.882775,次駅への減速フェーズ（駅手前400m以内）,制動,6.8,惰行,0.0,2.5,45.67,75.0,75.0,75.0,39.9,71.0,65.1,勾配力行 ↔ 惰行,惰行,39.9,5.8,,75.0,75.0,75.0,,81.7,20.5,106.86,-25.13,2.0,-0.257,2.697,当面+2.0‰が続く,789m先でATC現示が75km/hから70km/hに低下する,0.0,0.0,1,20.5,先行列車なし,0,,0,0,0,後続列車なし,該当なし,該当なし,0,0,0,30,240,,,
60.0,brake_late_s0,0,0.88902,次駅への減速フェーズ（駅手前400m以内）,制動,7.3,惰行,0.0,2.5,44.29,75.0,75.0,75.0,38.3,70.8,65.0,勾配力行 ↔ 惰行,惰行,38.3,6.0,,75.0,75.0,75.0,,75.5,20.0,100.61,-25.13,2.0,-0.253,2.794,当面+2.0‰が続く,783m先でATC現示が75km/hから70km/hに低下する,0.0,0.0,1,20.0,先行列車なし,0,,0,0,0,後続列車なし,該当なし,該当なし,0,0,0,30,240,,,
60.5,brake_late_s0,0,0.895075,次駅への減速フェーズ（駅手前400m以内）,制動,7.8,惰行,0.0,2.5,42.92,75.0,75.0,75.0,36.7,70.7,64.8,勾配力行 ↔ 惰行,惰行,36.7,6.2,,75.0,75.0,75.0,,69.4,19.5,94.55,-25.13,2.0,-0.248,2.897,当面+2.0‰が続く,777m先でATC現示が75km/hから70km/hに低下する,0.0,0.0,1,19.5,先行列車なし,0,,0,0,0,後続列車なし,該当なし,該当なし,0,0,0,30,240,,,
61.0,brake_late_s0,0,0.900938,次駅への減速フェーズ（駅手前400m以内）,制動,8.3,惰行,0.0,2.5,41.55,75.0,75.0,75.0,35.1,70.5,64.7,勾配力行 ↔ 惰行,惰行,35.1,6.4,,75.0,75.0,75.0,,63.6,19.0,88.69,-25.12,2.0,-0.243,3.005,当面+2.0‰が続く,771m先でATC現示が75km/hから70km/hに低下する,0.0,0.0,1,19.0,先行列車なし,0,,0,0,0,後続列車なし,該当なし,該当なし,0,0,0,30,240,,,
61.5,brake_late_s0,0,0.906611,次駅への減速フェーズ（駅手前400m以内）,制動,8.8,惰行,0.0,2.5,40.17,75.0,75.0,75.0,33.5,70.3,64.5,勾配力行 ↔ 惰行,惰行,33.5,6.6,,75.0,75.0,75.0,,57.9,18.5,83.01,-25.12,2.0,-0.239,3.12,当面+2.0‰が続く,765m先でATC現示が75km/hから70km/hに低下する,0.0,0.0,1,18.5,先行列車なし,0,,0,0,0,後続列車なし,該当なし,該当なし,0,0,0,30,240,,,
62.0,brake_late_s0,0,0.912094,次駅への減速フェーズ（駅手前400m以内）,制動,9.3,惰行,0.0,2.5,38.81,75.0,75.0,75.0,31.9,70.3,64.5,勾配力行 ↔ 惰行,惰行,31.9,6.9,,75.0,75.0,75.0,,52.4,18.0,77.53,-25.12,2.0,-0.234,3.14,当面+2.0‰が続く,760m先でATC現示が75km/hから70km/hに低下する,0.0,0.0,1,18.0,先行列車なし,0,,0,0,0,後続列車なし,該当なし,該当なし,0,0,0,30,240,,,
62.5,brake_late_s0,0,0.917387,次駅への減速フェーズ（駅手前400m以内）,制動,9.8,惰行,0.0,2.5,37.44,75.0,75.0,75.0,30.2,70.3,64.5,勾配力行 ↔ 惰行,惰行,30.2,7.2,,75.0,75.0,75.0,,47.1,17.5,72.23,-25.12,2.0,-0.23,3.144,当面+2.0‰が続く,754m先でATC現示が75km/hから70km/hに低下する,0.0,0.0,1,17.5,先行列車なし,0,,0,0,0,後続列車なし,該当なし,該当なし,0,0,0,30,240,,,
63.0,brake_late_s0,0,0.922491,次駅への減速フェーズ（駅手前400m以内）,制動,10.3,惰行,0.0,2.5,36.08,75.0,75.0,75.0,28.5,70.3,64.5,勾配力行 ↔ 惰行,惰行,28.5,7.5,,75.0,75.0,75.0,,42.0,17.0,67.13,-25.12,2.0,-0.225,3.148,当面+2.0‰が続く,749m先でATC現示が75km/hから70km/hに低下する,0.0,0.0,1,17.0,先行列車なし,0,,0,0,0,後続列車なし,該当なし,該当なし,0,0,0,30,240,,,
63.5,brake_late_s0,0,0.927405,次駅への減速フェーズ（駅手前400m以内）,制動,10.8,惰行,0.0,2.5,34.72,75.0,75.0,75.0,26.8,70.3,64.5,勾配力行 ↔ 惰行,惰行,26.8,7.9,,75.0,75.0,75.0,,37.1,16.5,62.21,-25.11,2.0,-0.221,3.152,当面+2.0‰が続く,744m先でATC現示が75km/hから70km/hに低下する,0.0,0.0,1,16.5,先行列車なし,0,,0,0,0,後続列車なし,該当なし,該当なし,0,0,0,30,240,,,
64.0,brake_late_s0,0,0.93213,次駅への減速フェーズ（駅手前400m以内）,制動,11.3,惰行,0.0,2.5,33.36,75.0,75.0,75.0,25.0,70.3,64.4,勾配力行 ↔ 惰行,惰行,25.0,8.3,,75.0,75.0,75.0,,32.4,16.0,57.48,-25.11,2.0,-0.217,3.157,当面+2.0‰が続く,740m先でATC現示が75km/hから70km/hに低下する,0.0,0.0,1,16.0,先行列車なし,0,,0,0,0,後続列車なし,該当なし,該当なし,0,0,0,30,240,,,
64.5,brake_late_s0,0,0.936667,次駅への減速フェーズ（駅手前400m以内）,制動,11.8,惰行,0.0,2.5,32.0,75.0,75.0,75.0,23.2,70.3,64.4,勾配力行 ↔ 惰行,惰行,23.2,8.8,,75.0,75.0,75.0,,27.8,15.5,52.94,-25.11,2.0,-0.213,3.161,当面+2.0‰が続く,735m先でATC現示が75km/hから70km/hに低下する,0.0,0.0,1,15.5,先行列車なし,0,,0,0,0,後続列車なし,該当なし,該当なし,0,0,0,30,240,,,
65.0,brake_late_s0,0,0.941015,次駅への減速フェーズ（駅手前400m以内）,制動,12.3,惰行,0.0,2.5,30.64,75.0,75.0,75.0,21.3,70.3,64.4,勾配力行 ↔ 惰行,惰行,21.3,9.3,,75.0,75.0,75.0,,23.5,15.0,48.59,-25.11,2.0,-0.209,3.164,当面+2.0‰が続く,731m先でATC現示が75km/hから70km/hに低下する,0.0,0.0,1,15.0,先行列車なし,0,,0,0,0,後続列車なし,該当なし,該当なし,0,0,0,30,240,,,
65.5,brake_late_s0,0,0.945175,次駅への減速フェーズ（駅手前400m以内）,制動,12.8,惰行,0.0,2.5,29.29,75.0,75.0,75.0,19.3,70.2,64.4,勾配力行 ↔ 惰行,惰行,19.3,10.0,,75.0,75.0,75.0,,19.3,14.5,44.43,-25.11,2.0,-0.205,3.168,当面+2.0‰が続く,727m先でATC現示が75km/hから70km/hに低下する,0.0,0.0,1,14.5,先行列車なし,0,,0,0,0,後続列車なし,該当なし,該当なし,0,0,0,30,240,,,
66.0,brake_late_s0,0,0.949147,次駅への減速フェーズ（駅手前400m以内）,制動,13.3,惰行,0.0,2.5,27.94,75.0,75.0,75.0,17.2,70.2,64.4,勾配力行 ↔ 惰行,惰行,17.2,10.7,,75.0,75.0,75.0,,15.4,14.0,40.46,-25.1,2.0,-0.202,3.172,当面+2.0‰が続く,723m先でATC現示が75km/hから70km/hに低下する,0.0,0.0,1,14.0,先行列車なし,0,,0,0,0,後続列車なし,該当なし,該当なし,0,0,0,30,240,,,
66.5,brake_late_s0,0,0.952931,次駅への減速フェーズ（駅手前400m以内）,制動,13.8,惰行,0.0,2.5,26.59,75.0,75.0,75.0,15.0,70.2,64.4,勾配力行 ↔ 惰行,惰行,15.0,11.6,,75.0,75.0,75.0,,11.6,13.5,36.67,-25.1,2.0,-0.198,3.176,当面+2.0‰が続く,719m先でATC現示が75km/hから70km/hに低下する,0.0,0.0,1,13.5,先行列車なし,0,,0,0,0,後続列車なし,該当なし,該当なし,0,0,0,30,240,,,
67.0,brake_late_s0,0,0.956529,次駅への減速フェーズ（駅手前400m以内）,制動,14.3,惰行,0.0,2.5,25.24,75.0,75.0,75.0,12.5,70.2,64.4,勾配力行 ↔ 惰行,惰行,12.5,12.8,,75.0,75.0,75.0,,8.0,13.0,33.07,-25.1,2.0,-0.195,3.179,当面+2.0‰が続く,715m先でATC現示が75km/hから70km/hに低下する,0.0,0.0,1,13.0,先行列車なし,0,,0,0,0,後続列車なし,該当なし,該当なし,0,0,0,30,240,,,
67.5,brake_late_s0,0,0.959939,次駅への減速フェーズ（駅手前400m以内）,制動,14.8,惰行,0.0,2.5,23.89,75.0,75.0,75.0,9.5,70.2,64.4,勾配力行 ↔ 惰行,惰行,9.5,14.4,,75.0,75.0,75.0,,4.6,12.5,29.66,-25.1,2.0,-0.191,3.183,当面+2.0‰が続く,712m先でATC現示が75km/hから70km/hに低下する,0.0,0.0,1,12.5,先行列車なし,0,,0,0,0,後続列車なし,該当なし,該当なし,0,0,0,30,240,,,
68.0,brake_late_s0,0,0.963162,次駅への減速フェーズ（駅手前400m以内）,制動,15.3,惰行,0.0,2.5,22.55,75.0,75.0,75.0,5.3,70.2,64.4,勾配力行 ↔ 惰行,惰行,5.3,17.3,,75.0,75.0,75.0,,1.3,12.0,26.43,-25.1,2.0,-0.188,3.186,当面+2.0‰が続く,709m先でATC現示が75km/hから70km/hに低下する,0.0,0.0,1,12.0,先行列車なし,0,,0,0,0,後続列車なし,該当なし,該当なし,0,0,0,30,240,,,
68.5,brake_late_s0,0,0.966198,次駅への減速フェーズ（駅手前400m以内）,制動,15.8,惰行,0.0,2.5,21.2,75.0,75.0,75.0,1.8,70.2,64.4,勾配力行 ↔ 惰行,惰行,1.8,19.4,,75.0,0.0,0.0,,-1.7,11.5,23.4,-25.09,2.0,-0.184,3.189,当面+2.0‰が続く,706m先でATC現示が75km/hから70km/hに低下する,0.0,0.0,1,11.5,先行列車なし,0,,0,0,0,後続列車なし,該当なし,該当なし,0,0,0,30,240,,,
69.0,brake_late_s0,0,0.969048,次駅への減速フェーズ（駅手前400m以内）,制動,16.3,惰行,0.0,2.5,19.86,75.0,75.0,75.0,1.8,70.2,64.4,勾配力行 ↔ 惰行,惰行,1.8,18.1,,75.0,0.0,0.0,,-4.5,11.0,20.54,-25.09,2.0,-0.181,3.192,当面+2.0‰が続く,703m先でATC現示が75km/hから70km/hに低下する,0.0,0.0,1,11.0,先行列車なし,0,,0,0,0,後続列車なし,該当なし,該当なし,0,0,0,30,240,,,
69.5,brake_late_s0,0,0.971712,次駅への減速フェーズ（駅手前400m以内）,制動,16.8,惰行,0.0,2.5,18.52,75.0,75.0,75.0,1.8,70.2,64.4,勾配力行 ↔ 惰行,惰行,1.8,16.8,,75.0,0.0,0.0,,-7.2,10.5,17.88,-25.09,2.0,-0.178,3.196,当面+2.0‰が続く,700m先でATC現示が75km/hから70km/hに低下する,0.0,0.0,1,10.5,先行列車なし,0,,0,0,0,後続列車なし,該当なし,該当なし,0,0,0,30,240,,,
70.0,brake_late_s0,0,0.97419,次駅への減速フェーズ（駅手前400m以内）,制動,17.3,惰行,0.0,2.5,17.19,75.0,75.0,75.0,1.8,70.2,64.4,勾配力行 ↔ 惰行,惰行,1.8,15.4,,75.0,0.0,0.0,,-9.7,10.0,15.4,-25.09,2.0,-0.175,3.199,当面+2.0‰が続く,698m先でATC現示が75km/hから70km/hに低下する,0.0,0.0,1,10.0,先行列車なし,0,,0,0,0,後続列車なし,該当なし,該当なし,0,0,0,30,240,,,
0.0,brake_early_s0,0,0.0,駅出発直後の加速フェーズ（20秒以内）,力行,0.0,なし（または停止）,0.0,0.0,0.0,45.0,45.0,45.0,0.0,39.8,34.5,惰行 ↔ 勾配ブレーキ,惰行,0.0,0.0,49.4,75.0,45.0,45.0,,964.5,80.0,0.0,964.5,-5.0,0.103,3.476,80m先で勾配が-5.0‰から-14.2‰に変わる,前方に現示の低下なし,0.0,0.0,1,80.0,先行列車なし,0,,0,0,0,後続列車なし,該当なし,該当なし,0,0,0,30,240,,,
1.0,brake_early_s0,0,0.000487,駅出発直後の加速フェーズ（20秒以内）,力行,1.0,なし（または停止）,0.0,0.0,3.47,45.0,45.0,45.0,3.5,39.8,34.5,惰行 ↔ 勾配ブレーキ,惰行,3.5,-0.0,50.2,75.0,45.0,45.0,,964.0,79.0,0.7,963.31,-5.0,0.098,3.471,80m先で勾配が-5.0‰から-14.2‰に変わる,前方に現示の低下なし,0.0,0.0,1,79.0,先行列車なし,0,,0,0,0,後続列車なし,該当なし,該当なし,0,0,0,30,240,,,
2.0,brake_early_s0,0,0.001939,駅出発直後の加速フェーズ（20秒以内）,力行,2.0,なし（または停止）,0.0,0.0,6.94,45.0,45.0,45.0,6.9,39.8,34.5,惰行 ↔ 勾配ブレーキ,惰行,6.9,-0.0,51.0,75.0,45.0,45.0,,962.6,78.0,2.78,959.78,-5.0,0.092,3.466,80m先で勾配が-5.0‰から-14.2‰に変わる,前方に現示の低下なし,0.0,0.0,1,78.0,先行列車なし,0,,0,0,0,後続列車なし,該当なし,該当なし,0,0,0,30,240,,,
3.0,brake_early_s0,0,0.004353,駅出発直後の加速フェーズ（20秒以内）,力行,3.0,なし（または停止）,0.0,0.0,10.4,45.0,45.0,45.0,10.4,39.8,34.5,惰行 ↔ 勾配ブレーキ,惰行,10.4,-0.0,51.8,75.0,45.0,45.0,,960.1,77.0,6.24,953.9,-5.0,0.086,3.459,75m先で勾配が-5.0‰から-14.2‰に変わる,前方に現示の低下なし,0.0,0.0,1,77.0,先行列車なし,0,,0,0,0,後続列車なし,該当なし,該当なし,0,0,0,30,240,,,
4.0,brake_early_s0,0,0.007729,駅出発直後の加速フェーズ（20秒以内）,力行,4.0,なし（または停止）,0.0,0.0,13.86,45.0,45.0,45.0,13.9,39.8,34.5,惰行 ↔ 勾配ブレーキ,惰行,13.9,0.0,52.3,75.0,45.0,45.0,,956.8,76.0,11.06,945.71,-5.0,0.079,3.453,70m先で勾配が-5.0‰から-14.2‰に変わる,前方に現示の低下なし,0.0,0.0,1,76.0,先行列車なし,0,,0,0,0,後続列車なし,該当なし,該当なし,0,0,0,30,240,,,
5.0,brake_early_s0,0,0.012063,駅出発直後の加速フェーズ（20秒以内）,力行,5.0,なし（または停止）,0.0,0.0,17.31,45.0,45.0,45.0,17.3,39.8,34.5,惰行 ↔ 勾配ブレーキ,惰行,17.3,0.0,53.0,75.0,45.0,45.0,,952.4,75.0,17.22,935.22,-5.0,0.072,3.445,70m先で勾配が-5.0‰から-14.2‰に変わる,前方に現示の低下なし,0.0,0.0,1,75.0,先行列車なし,0,,0,0,0,後続列車なし,該当なし,該当なし,0,0,0,30,240,,,
6.0,brake_early_s0,0,0.017354,駅出発直後の加速フェーズ（20秒以内）,力行,6.0,なし（または停止）,0.0,0.0,20.75,70.0,70.0,70.0,20.8,64.8,59.6,惰行 ↔ 勾配ブレーキ,惰行,20.8,-0.0,53.4,75.0,56.9,56.9,,947.1,74.0,24.7,922.45,-5.0,0.064,3.437,65m先で勾配が-5.0‰から-14.2‰に変わる,前方に現示の低下なし,0.0,0.0,1,74.0,先行列車なし,0,,0,0,0,後続列車なし,該当なし,該当なし,0,0,0,30,240,,,
7.0,brake_early_s0,0,0.0236,駅出発直後の加速フェーズ（20秒以内）,力行,7.0,なし（または停止）,0.0,0.0,24.18,70.0,70.0,70.0,24.2,64.9,59.6,惰行 ↔ 勾配ブレーキ,惰行,24.2,-0.0,54.2,75.0,56.9,56.9,,940.9,73.0,33.48,907.42,-5.0,0.055,3.429,55m先で勾配が-5.0‰から-14.2‰に変わる,前方に現示の低下なし,0.0,0.0,1,73.0,先行列車なし,0,,0,0,0,後続列車なし,該当なし,該当なし,0,0,0,30,240,,,
8.0,brake_early_s0,0,0.030799,駅出発直後の加速フェーズ（20秒以内）,力行,8.0,なし（または停止）,0.0,0.0,27.61,70.0,70.0,70.0,27.6,64.9,64.3,惰行 ↔ 勾配ブレーキ,惰行,27.6,0.0,54.5,75.0,56.9,56.9,,933.7,72.0,43.53,890.17,-5.0,0.046,3.42,50m先で勾配が-5.0‰から-14.2‰に変わる,前方に現示の低下なし,0.0,0.0,1,72.0,先行列車なし,0,,0,0,0,後続列車なし,該当なし,該当なし,0,0,0,30,240,,,
9.0,brake_early_s0,0,0.038947,駅出発直後の加速フェーズ（20秒以内）,力行,9.0,なし（または停止）,0.0,0.0,31.02,70.0,70.0,70.0,31.0,64.9,59.9,惰行 ↔ 勾配ブレーキ,惰行,31.0,-0.0,55.1,75.0,56.9,56.9,,925.6,71.0,57.36,868.2,-5.0,0.037,3.41,40m先で勾配が-5.0‰から-14.2‰に変わる,前方に現示の低下なし,0.0,0.0,1,71.0,先行列車なし,0,,0,0,0,後続列車なし,該当なし,該当なし,0,0,0,30,240,,,
10.0,brake_early_s0,0,0.048043,駅出発直後の加速フェーズ（20秒以内）,力行,10.0,なし（または停止）,0.0,0.0,34.43,70.0,70.0,70.0,34.4,64.9,60.3,惰行 ↔ 勾配ブレーキ,惰行,34.4,0.0,55.7,75.0,56.9,56.9,,916.5,70.0,73.2,843.25,-5.0,0.027,3.4,30m先で勾配が-5.0‰から-14.2‰に変わる,前方に現示の低下なし,0.0,0.0,1,70.0,先行列車なし,0,,0,0,0,後続列車なし,該当なし,該当なし,0,0,0,30,240,,,
11.0,brake_early_s0,0,0.058083,駅出発直後の加速フェーズ（20秒以内）,力行,11.0,なし（または停止）,0.0,0.0,37.82,70.0,70.0,70.0,37.8,64.9,60.6,惰行 ↔ 勾配ブレーキ,惰行,37.8,-0.0,56.0,75.0,56.9,56.9,,906.4,69.0,90.54,815.88,-5.0,0.016,3.39,20m先で勾配が-5.0‰から-14.2‰に変わる,前方に現示の低下なし,0.0,0.0,1,69.0,先行列車なし,0,,0,0,0,後続列車なし,該当なし,該当なし,0,0,0,30,240,,,
12.0,brake_early_s0,0,0.069064,駅出発直後の加速フェーズ（20秒以内）,力行,12.0,なし（または停止）,0.0,0.0,41.19,70.0,70.0,70.0,41.2,65.1,61.1,惰行 ↔ 勾配ブレーキ,惰行,41.2,-0.0,56.5,75.0,56.9,56.9,,895.4,68.0,109.65,785.79,-5.0,0.005,3.281,10m先で勾配が-5.0‰から-14.2‰に変わる,前方に現示の低下なし,0.0,0.0,1,68.0,先行列車なし,0,,0,0,0,後続列車なし,該当なし,該当なし,0,0,0,30,240,,,
13.0,brake_early_s0,0,0.080959,駅出発直後の加速フェーズ（20秒以内）,力行,13.0,なし（または停止）,0.0,0.0,44.44,70.0,70.0,70.0,44.4,65.0,61.3,惰行 ↔ 勾配ブレーキ,惰行,44.4,0.0,56.6,75.0,56.9,56.9,,883.5,67.0,129.84,753.7,-14.2,0.318,3.355,90m先で勾配が-14.2‰から-16.3‰に変わる,前方に現示の低下なし,0.0,0.0,1,67.0,先行列車なし,0,,0,0,0,後続列車なし,該当なし,該当なし,0,0,0,30,240,,,
14.0,brake_early_s0,0,0.093763,駅出発直後の加速フェーズ（20秒以内）,力行,14.0,なし（または停止）,0.0,0.0,47.68,70.0,70.0,70.0,47.7,65.3,61.6,惰行 ↔ 勾配ブレーキ,惰行,47.7,0.0,56.9,75.0,56.9,56.9,,870.7,66.0,149.97,720.77,-14.2,0.307,3.137,75m先で勾配が-14.2‰から-16.3‰に変わる,前方に現示の低下なし,0.0,0.0,1,66.0,先行列車なし,0,,0,0,0,後続列車なし,該当なし,該当なし,0,0,0,30,240,,,
15.0,brake_early_s0,0,0.107439,駅出発直後の加速フェーズ（20秒以内）,力行,15.0,なし（または停止）,0.0,0.0,50.73,70.0,70.0,70.0,48.9,65.6,61.9,惰行 ↔ 勾配ブレーキ,惰行,48.9,1.8,56.9,75.0,56.9,56.9,,857.1,65.0,170.04,687.02,-14.2,0.295,2.956,65m先で勾配が-14.2‰から-16.3‰に変わる,前方に現示の低下なし,0.0,0.0,1,65.0,先行列車なし,0,,0,0,0,後続列車なし,該当なし,該当なし,0,0,0,30,240,,,
16.0,brake_early_s0,0,0.121936,駅出発直後の加速フェーズ（20秒以内）,力行,16.0,なし（または停止）,0.0,0.0,53.6,75.0,75.0,70.0,49.2,65.8,62.1,惰行 ↔ 勾配ブレーキ,惰行,49.2,4.4,57.0,75.0,56.9,56.9,,842.6,64.0,190.1,652.46,-14.2,0.284,2.802,50m先で勾配が-14.2‰から-16.3‰に変わる,前方に現示の低下なし,0.0,0.0,1,64.0,先行列車なし,0,,0,0,0,後続列車なし,該当なし,該当なし,0,0,0,30,240,,,
17.0,brake_early_s0,0,0.137213,駅出発直後の加速フェーズ（20秒以内）,力行,17.0,なし（または停止）,0.0,0.0,56.34,75.0,75.0,75.0,49.6,71.0,67.4,惰行 ↔ 勾配ブレーキ,惰行,49.6,6.8,57.1,75.0,56.9,56.9,,827.3,63.0,210.09,617.2,-14.2,0.273,2.669,35m先で勾配が-14.2‰から-16.3‰に変わる,前方に現示の低下なし,0.0,0.0,1,63.0,先行列車なし,0,,0,0,0,後続列車なし,該当なし,該当なし,0,0,0,30,240,,,
18.0,brake_early_s0,0,0.153231,駅出発直後の加速フェーズ（20秒以内）,力行,18.0,なし（または停止）,0.0,0.0,58.95,75.0,75.0,75.0,49.9,71.2,67.8,惰行 ↔ 勾配ブレーキ,惰行,49.9,9.0,57.3,75.0,58.9,58.9,,811.3,62.0,230.01,581.26,-14.2,0.263,2.552,15m先で勾配が-14.2‰から-16.3‰に変わる,前方に現示の低下なし,0.0,0.0,1,62.0,先行列車なし,0,,0,0,0,後続列車なし,該当なし,該当なし,0,0,0,30,240,,,
19.0,brake_early_s0,0,0.169805,駅出発直後の加速フェーズ（20秒以内）,惰行,0.7,力行,18.3,2.25,59.9,75.0,75.0,75.0,50.3,71.1,67.8,惰行 ↔ 勾配ブレーキ,惰行,50.3,9.6,57.4,75.0,59.9,59.9,,794.7,61.0,237.76,556.94,-16.3,0.333,2.586,540m先で勾配が-16.3‰から+2.0‰に変わる,前方に現示の低下なし,0.0,0.0,1,61.0,先行列車なし,0,,0,0,0,後続列車なし,該当なし,該当なし,0,0,0,30,240,,,
20.0,brake_early_s0,0,0.18649,巡航フェーズ（駅間走行中）,惰行,1.7,力行,18.3,2.24,60.23,75.0,75.0,75.0,50.7,71.1,67.8,惰行 ↔ 勾配ブレーキ,惰行,50.7,9.5,56.9,75.0,60.2,60.2,,778.0,60.0,240.31,537.7,-16.3,0.331,2.572,525m先で勾配が-16.3‰から+2.0‰に変わる,前方に現示の低下なし,0.0,0.0,1,60.0,先行列車なし,0,,0,0,0,後続列車なし,該当なし,該当なし,0,0,0,30,240,,,
21.0,brake_early_s0,0,0.203267,巡航フェーズ（駅間走行中）,惰行,2.7,力行,18.3,2.23,60.56,75.0,75.0,75.0,51.2,71.2,67.9,惰行 ↔ 勾配ブレーキ,惰行,51.2,9.4,56.9,75.0,60.6,60.6,,761.2,59.0,242.87,518.36,-16.3,0.33,2.558,505m先で勾配が-16.3‰から+2.0‰に変わる,前方に現示の低下なし,0.0,0.0,1,59.0,先行列車なし,0,,0,0,0,後続列車なし,該当なし,該当なし,0,0,0,30,240,,,
22.0,brake_early_s0,0,0.220136,巡航フェーズ（駅間走行中）,惰行,3.7,力行,18.3,2.22,60.89,75.0,75.0,75.0,51.6,71.2,67.9,惰行 ↔ 勾配ブレーキ,惰行,51.6,9.3,56.9,75.0,60.9,60.9,,744.4,58.0,245.43,498.94,-16.3,0.328,2.545,490m先で勾配が-16.3‰から+2.0‰に変わる,前方に現示の低下なし,0.0,0.0,1,58.0,先行列車なし,0,,0,0,0,後続列車なし,該当なし,該当なし,0,0,0,30,240,,,
23.0,brake_early_s0,0,0.237097,巡航フェーズ（駅間走行中）,惰行,4.7,力行,18.3,2.2,61.22,75.0,75.0,75.0,52.0,71.2,67.9,惰行 ↔ 勾配ブレーキ,惰行,52.0,9.2,56.9,75.0,61.2,61.2,,727.4,57.0,247.99,479.42,-16.3,0.327,2.531,475m先で勾配が-16.3‰から+2.0‰に変わる,前方に現示の低下なし,0.0,0.0,1,57.0,先行列車なし,0,,0,0,0,後続列車なし,該当なし,該当なし,0,0,0,30,240,,,
24.0,brake_early_s0,0,0.254148,巡航フェーズ（駅間走行中）,惰行,5.7,力行,18.3,2.19,61.55,75.0,75.0,75.0,52.5,71.2,67.9,惰行 ↔ 勾配ブレーキ,惰行,52.5,9.1,56.9,75.0,61.5,61.5,,710.4,56.0,250.55,459.81,-16.3,0.326,2.518,455m先で勾配が-16.3‰から+2.0‰に変わる,前方に現示の低下なし,0.0,0.0,1,56.0,先行列車なし,0,,0,0,0,後続列車なし,該当なし,該当なし,0,0,0,30,240,,,
25.0,brake_early_s0,0,0.271289,巡航フェーズ（駅間走行中）,惰行,6.7,力行,18.3,2.18,61.87,75.0,75.0,75.0,52.9,71.2,67.9,惰行 ↔ 勾配ブレーキ,惰行,52.9,9.0,56.3,75.0,61.9,61.9,,693.2,55.0,253.11,440.1,-16.3,0.324,2.505,440m先で勾配が-16.3‰から+2.0‰に変わる,前方に現示の低下なし,0.0,0.0,1,55.0,先行列車なし,0,,0,0,0,後続列車なし,該当なし,該当なし,0,0,0,30,240,,,
26.0,brake_early_s0,0,0.288521,巡航フェーズ（駅間走行中）,惰行,7.7,力行,18.3,2.17,62.19,75.0,75.0,75.0,53.3,71.3,68.0,惰行 ↔ 勾配ブレーキ,惰行,53.3,8.9,56.5,75.0,62.2,62.2,,676.0,54.0,255.67,420.31,-16.3,0.323,2.493,420m先で勾配が-16.3‰から+2.0‰に変わる,前方に現示の低下なし,0.0,0.0,1,54.0,先行列車なし,0,,0,0,0,後続列車なし,該当なし,該当なし,0,0,0,30,240,,,
27.0,brake_early_s0,0,0.305842,巡航フェーズ（駅間走行中）,惰行,8.7,力行,18.3,2.16,62.52,75.0,75.0,75.0,53.7,71.3,68.0,惰行 ↔ 勾配ブレーキ,惰行,53.7,8.8,56.0,75.0,62.5,62.5,,658.7,53.0,258.23,400.43,-16.3,0.321,2.48,405m先で勾配が-16.3‰から+2.0‰に変わる,前方に現示の低下なし,0.0,0.0,1,53.0,先行列車なし,0,,0,0,0,後続列車なし,該当なし,該当なし,0,0,0,30,240,,,
28.0,brake_early_s0,0,0.323253,巡航フェーズ（駅間走行中）,惰行,9.7,力行,18.3,2.15,62.84,75.0,75.0,75.0,54.1,71.3,68.0,惰行 ↔ 勾配ブレーキ,惰行,54.1,8.7,56.0,75.0,62.8,62.8,,641.2,52.0,260.79,380.46,-16.3,0.32,2.468,385m先で勾配が-16.3‰から+2.0‰に変わる,前方に現示の低下なし,0.0,0.0,1,52.0,先行列車なし,0,,0,0,0,後続列車なし,該当なし,該当なし,0,0,0,30,240,,,
29.0,brake_early_s0,0,0.340752,巡航フェーズ（駅間走行中）,惰行,10.7,力行,18.3,2.14,63.16,75.0,75.0,75.0,54.5,71.3,68.0,惰行 ↔ 勾配ブレーキ,惰行,54.5,8.6,55.5,75.0,63.2,63.2,,623.7,51.0,263.35,360.39,-16.3,0.319,2.455,370m先で勾配が-16.3‰から+2.0‰に変わる,前方に現示の低下なし,0.0,0.0,1,51.0,先行列車なし,0,,0,0,0,後続列車なし,該当なし,該当なし,0,0,0,30,240,,,
30.0,brake_early_s0,0,0.35834,巡航フェーズ（駅間走行中）,惰行,11.7,力行,18.3,2.13,63.47,75.0,75.0,75.0,55.0,71.3,68.0,惰行 ↔ 勾配ブレーキ,惰行,55.0,8.5,55.6,75.0,63.5,63.5,,606.2,50.0,265.92,340.24,-16.3,0.317,2.443,350m先で勾配が-16.3‰から+2.0‰に変わる,前方に現示の低下なし,0.0,0.0,1,50.0,先行列車なし,0,,0,0,0,後続列車なし,該当なし,該当なし,0,0,0,30,240,,,
31.0,brake_early_s0,0,0.376016,巡航フェーズ（駅間走行中）,惰行,12.7,力行,18.3,2.12,63.79,75.0,75.0,75.0,55.4,71.4,68.1,惰行 ↔ 勾配ブレーキ,惰行,55.4,8.4,55.1,75.0,63.8,63.8,,588.5,49.0,268.48,320.01,-16.3,0.316,2.431,335m先で勾配が-16.3‰から+2.0‰に変わる,前方に現示の低下なし,0.0,0.0,1,49.0,先行列車なし,0,,0,0,0,後続列車なし,該当なし,該当なし,0,0,0,30,240,,,
32.0,brake_early_s0,0,0.39378,巡航フェーズ（駅間走行中）,惰行,13.7,力行,18.3,2.11,64.11,75.0,75.0,75.0,55.8,71.4,68.1,惰行 ↔ 勾配ブレーキ,惰行,55.8,8.3,55.1,75.0,64.1,64.1,,570.7,48.0,271.04,299.68,-16.3,0.314,2.419,315m先で勾配が-16.3‰から+2.0‰に変わる,前方に現示の低下なし,0.0,0.0,1,48.0,先行列車なし,0,,0,0,0,後続列車なし,該当なし,該当なし,0,0,0,30,240,,,
33.0,brake_early_s0,0,0.411631,巡航フェーズ（駅間走行中）,惰行,14.7,力行,18.3,2.09,64.42,75.0,75.0,75.0,56.2,71.4,68.1,惰行 ↔ 勾配ブレーキ,惰行,56.2,8.3,54.2,75.0,64.4,64.4,,552.9,47.0,273.6,279.27,-16.3,0.313,2.408,300m先で勾配が-16.3‰から+2.0‰に変わる,前方に現示の低下なし,0.0,0.0,1,47.0,先行列車なし,0,,0,0,0,後続列車なし,該当なし,該当なし,0,0,0,30,240,,,
34.0,brake_early_s0,0,0.429569,巡航フェーズ（駅間走行中）,惰行,15.7,力行,18.3,2.08,64.73,75.0,75.0,75.0,56.6,71.4,68.1,惰行 ↔ 勾配ブレーキ,惰行,56.6,8.2,54.2,75.0,64.7,64.7,,534.9,46.0,276.16,258.77,-16.3,0.312,2.396,280m先で勾配が-16.3‰から+2.0‰に変わる,前方に現示の低下なし,0.0,0.0,1,46.0,先行列車なし,0,,0,0,0,後続列車なし,該当なし,該当なし,0,0,0,30,240,,,
35.0,brake_early_s0,0,0.447593,巡航フェーズ（駅間走行中）,惰行,16.7,力行,18.3,2.07,65.04,75.0,75.0,75.0,57.0,71.4,68.1,惰行 ↔ 勾配ブレーキ,惰行,57.0,8.1,53.7,75.0,65.0,65.0,,516.9,45.0,274.29,242.62,-16.3,0.31,2.385,260m先で勾配が-16.3‰から+2.0‰に変わる,前方に現示の低下なし,0.0,0.0,1,45.0,先行列車なし,0,,0,0,0,後続列車なし,該当なし,該当なし,0,0,0,30,240,,,
36.0,brake_early_s0,0,0.465704,巡航フェーズ（駅間走行中）,惰行,17.7,力行,18.3,2.06,65.35,75.0,75.0,75.0,57.3,71.4,68.1,惰行 ↔ 勾配ブレーキ,惰行,57.3,8.0,53.3,75.0,65.4,65.4,,498.8,44.0,271.87,226.93,-16.3,0.309,2.374,245m先で勾配が-16.3‰から+2.0‰に変わる,前方に現示の低下なし,0.0,0.0,1,44.0,先行列車なし,0,,0,0,0,後続列車なし,該当なし,該当なし,0,0,0,30,240,,,
37.0,brake_early_s0,0,0.483901,巡航フェーズ（駅間走行中）,惰行,18.7,力行,18.3,2.06,65.66,75.0,75.0,75.0,57.7,71.5,68.2,惰行 ↔ 勾配ブレーキ,惰行,57.7,7.9,53.3,75.0,65.7,65.7,,480.6,43.0,269.4,211.2,-16.3,0.307,2.363,225m先で勾配が-16.3‰から+2.0‰に変わる,前方に現示の低下なし,0.0,0.0,1,43.0,先行列車なし,0,,0,0,0,後続列車なし,該当なし,該当なし,0,0,0,30,240,,,
38.0,brake_early_s0,0,0.502183,巡航フェーズ（駅間走行中）,惰行,19.7,力行,18.3,2.05,65.97,75.0,75.0,75.0,58.1,71.5,68.2,惰行 ↔ 勾配ブレーキ,惰行,58.1,7.8,52.3,75.0,66.0,66.0,,462.3,42.0,267.03,195.29,-16.3,0.306,2.352,210m先で勾配が-16.3‰から+2.0‰に変わる,前方に現示の低下なし,0.0,0.0,1,42.0,先行列車なし,0,,0,0,0,後続列車なし,該当なし,該当なし,0,0,0,30,240,,,
39.0,brake_early_s0,0,0.520549,巡航フェーズ（駅間走行中）,惰行,20.7,力行,18.3,2.04,66.27,75.0,75.0,75.0,58.5,71.5,68.2,惰行 ↔ 勾配ブレーキ,惰行,58.5,7.8,51.4,75.0,66.3,66.3,,444.0,41.0,264.6,179.35,-16.3,0.305,2.341,190m先で勾配が-16.3‰から+2.0‰に変わる,前方に現示の低下なし,0.0,0.0,1,41.0,先行列車なし,0,,0,0,0,後続列車なし,該当なし,該当なし,0,0,0,30,240,,,
40.0,brake_early_s0,0,0.539001,巡航フェーズ（駅間走行中）,惰行,21.7,力行,18.3,2.03,66.58,75.0,75.0,75.0,58.9,71.5,68.2,惰行 ↔ 勾配ブレーキ,惰行,58.9,7.7,51.4,75.0,66.6,66.6,,425.5,40.0,262.32,163.18,-16.3,0.303,2.33,170m先で勾配が-16.3‰から+2.0‰に変わる,前方に現示の低下なし,0.0,0.0,1,40.0,先行列車なし,0,,0,0,0,後続列車なし,該当なし,該当なし,0,0,0,30,240,,,
41.0,brake_early_s0,0,0.557537,巡航フェーズ（駅間走行中）,惰行,22.7,力行,18.3,2.02,66.88,75.0,75.0,75.0,59.3,71.5,68.2,惰行 ↔ 勾配ブレーキ,惰行,59.3,7.6,50.4,75.0,66.9,66.9,,407.0,39.0,260.0,146.96,-16.3,0.302,2.32,150m先で勾配が-16.3‰から+2.0‰に変わる,前方に現示の低下なし,0.0,0.0,1,39.0,先行列車なし,0,,0,0,0,後続列車なし,該当なし,該当なし,0,0,0,30,240,,,
42.0,brake_early_s0,0,0.576156,次駅への減速フェーズ（駅手前400m以内）,惰行,23.7,力行,18.3,2.01,67.18,75.0,75.0,75.0,59.6,71.5,68.2,惰行 ↔ 勾配ブレーキ,惰行,59.6,7.5,,75.0,67.2,67.2,,388.3,38.0,257.73,130.62,-16.3,0.301,2.309,135m先で勾配が-16.3‰から+2.0‰に変わる,前方に現示の低下なし,0.0,0.0,1,38.0,先行列車なし,0,,0,0,0,後続列車なし,該当なし,該当なし,0,0,0,30,240,,,
43.0,brake_early_s0,0,0.59486,次駅への減速フェーズ（駅手前400m以内）,惰行,24.7,力行,18.3,2.0,67.48,75.0,75.0,75.0,60.0,71.6,68.3,惰行 ↔ 勾配ブレーキ,惰行,60.0,7.5,,75.0,67.5,67.5,,369.6,37.0,255.17,114.47,-16.3,0.299,2.299,115m先で勾配が-16.3‰から+2.0‰に変わる,前方に現示の低下なし,0.0,0.0,1,37.0,先行列車なし,0,,0,0,0,後続列車なし,該当なし,該当なし,0,0,0,30,240,,,
44.0,brake_early_s0,0,0.613646,次駅への減速フェーズ（駅手前400m以内）,惰行,25.7,力行,18.3,1.99,67.78,75.0,75.0,75.0,60.4,71.6,68.3,惰行 ↔ 勾配ブレーキ,惰行,60.4,7.4,,75.0,67.8,67.8,,350.9,36.0,252.76,98.1,-16.3,0.298,2.289,95m先で勾配が-16.3‰から+2.0‰に変わる,前方に現示の低下なし,0.0,0.0,1,36.0,先行列車なし,0,,0,0,0,後続列車なし,該当なし,該当なし,0,0,0,30,240,,,
45.0,brake_early_s0,0,0.632515,次駅への減速フェーズ（駅手前400m以内）,惰行,26.7,力行,18.3,1.98,68.08,75.0,75.0,75.0,60.8,71.6,68.3,惰行 ↔ 勾配ブレーキ,惰行,60.8,7.3,,75.0,68.1,68.1,,332.0,35.0,250.55,81.43,-16.3,0.296,2.279,75m先で勾配が-16.3‰から+2.0‰に変わる,前方に現示の低下なし,0.0,0.0,1,35.0,先行列車なし,0,,0,0,0,後続列車なし,該当なし,該当なし,0,0,0,30,240,,,
46.0,brake_early_s0,0,0.651466,次駅への減速フェーズ（駅手前400m以内）,惰行,27.7,力行,18.3,1.97,68.37,75.0,75.0,75.0,61.1,71.6,68.3,惰行 ↔ 勾配ブレーキ,惰行,61.1,7.2,,75.0,68.4,68.4,,313.0,34.0,248.17,64.87,-16.3,0.295,2.269,60m先で勾配が-16.3‰から+2.0‰に変わる,前方に現示の低下なし,0.0,0.0,1,34.0,先行列車なし,0,,0,0,0,後続列車なし,該当なし,該当なし,0,0,0,30,240,,,
47.0,brake_early_s0,0,0.670336,次駅への減速フェーズ（駅手前400m以内）,制動,0.7,惰行,0.0,2.5,66.97,75.0,75.0,75.0,61.5,71.5,67.6,惰行 ↔ 勾配ブレーキ,惰行,61.5,5.5,,75.0,67.0,67.0,,294.2,33.0,234.66,59.51,-16.3,0.301,2.317,40m先で勾配が-16.3‰から+2.0‰に変わる,前方に現示の低下なし,0.0,0.0,1,33.0,先行列車なし,0,,0,0,0,後続列車なし,該当なし,該当なし,0,0,0,30,240,,,
48.0,brake_early_s0,0,0.68863,次駅への減速フェーズ（駅手前400m以内）,制動,1.7,惰行,0.0,2.5,64.77,75.0,75.0,75.0,61.8,71.4,64.3,勾配力行 ↔ 惰行,惰行,61.8,2.9,,75.0,64.8,64.8,,275.9,32.0,216.26,59.61,-16.3,0.311,2.395,20m先で勾配が-16.3‰から+2.0‰に変わる,983m先でATC現示が75km/hから70km/hに低下する,0.0,0.0,1,32.0,先行列車なし,0,,0,0,0,後続列車なし,該当なし,該当なし,0,0,0,30,240,,,
49.0,brake_early_s0,0,0.706316,次駅への減速フェーズ（駅手前400m以内）,制動,2.6,惰行,0.0,2.5,62.59,75.0,75.0,75.0,62.2,71.3,65.1,勾配力行 ↔ 惰行,惰行,62.2,0.4,,75.0,62.6,62.6,,258.2,31.0,198.45,59.73,-16.3,0.321,2.477,5m先で勾配が-16.3‰から+2.0‰に変わる,965m先でATC現示が75km/hから70km/hに低下する,0.0,0.0,1,31.0,先行列車なし,0,,0,0,0,後続列車なし,該当なし,該当なし,0,0,0,30,240,,,
50.0,brake_early_s0,0,0.723319,次駅への減速フェーズ（駅手前400m以内）,制動,3.6,惰行,0.0,2.5,59.82,75.0,75.0,75.0,61.9,72.1,66.3,勾配力行 ↔ 惰行,惰行,61.9,-2.1,,75.0,59.8,59.8,,241.2,30.0,181.26,59.92,2.0,-0.313,1.943,当面+2.0‰が続く,948m先でATC現示が75km/hから70km/hに低下する,0.0,0.0,1,30.0,先行列車なし,0,,0,0,0,後続列車なし,該当なし,該当なし,0,0,0,30,240,,,
51.0,brake_early_s0,0,0.739541,次駅への減速フェーズ（駅手前400m以内）,制動,4.6,惰行,0.0,2.5,57.01,75.0,75.0,75.0,61.6,71.9,66.1,勾配力行 ↔ 惰行,惰行,61.6,-4.6,,75.0,57.0,57.0,,225.0,29.0,165.04,59.92,2.0,-0.301,2.066,当面+2.0‰が続く,932m先でATC現示が75km/hから70km/hに低下する,0.0,0.0,1,29.0,先行列車なし,0,,0,0,0,後続列車なし,該当なし,該当なし,0,0,0,30,240,,,
52.0,brake_early_s0,0,0.754985,次駅への減速フェーズ（駅手前400m以内）,制動,5.6,惰行,0.0,2.5,54.21,75.0,75.0,75.0,61.3,71.7,65.9,勾配力行 ↔ 惰行,惰行,61.3,-7.1,,75.0,54.2,54.2,,209.5,28.0,149.59,59.92,2.0,-0.29,2.2,当面+2.0‰が続く,917m先でATC現示が75km/hから70km/hに低下する,0.0,0.0,1,28.0,先行列車なし,0,,0,0,0,後続列車なし,該当なし,該当なし,0,0,0,30,240,,,
53.0,brake_early_s0,0,0.769653,次駅への減速フェーズ（駅手前400m以内）,制動,6.6,惰行,0.0,2.5,51.43,75.0,75.0,75.0,61.0,71.5,65.7,勾配力行 ↔ 惰行,惰行,61.0,-9.6,,75.0,51.4,51.4,,194.8,27.0,134.92,59.93,2.0,-0.279,2.345,当面+2.0‰が続く,902m先でATC現示が75km/hから70km/hに低下する,0.0,0.0,1,27.0,先行列車なし,0,,0,0,0,後続列車なし,該当なし,該当なし,0,0,0,30,240,,,
54.0,brake_early_s0,0,0.78355,次駅への減速フェーズ（駅手前400m以内）,制動,7.6,惰行,0.0,2.5,48.66,75.0,75.0,75.0,59.8,71.2,65.4,勾配力行 ↔ 惰行,惰行,59.8,-11.1,,75.0,48.7,48.7,,180.9,26.0,121.02,59.93,2.0,-0.268,2.505,当面+2.0‰が続く,888m先でATC現示が75km/hから70km/hに低下する,0.0,0.0,1,26.0,先行列車なし,0,,0,0,0,後続列車なし,該当なし,該当なし,0,0,0,30,240,,,
55.0,brake_early_s0,0,0.796678,次駅への減速フェーズ（駅手前400m以内）,制動,8.6,惰行,0.0,2.5,45.89,75.0,75.0,75.0,57.5,71.0,65.2,勾配力行 ↔ 惰行,惰行,57.5,-11.6,,75.0,45.9,45.9,,167.8,25.0,107.88,59.94,2.0,-0.258,2.682,当面+2.0‰が続く,875m先でATC現示が75km/hから70km/hに低下する,0.0,0.0,1,25.0,先行列車なし,0,,0,0,0,後続列車なし,該当なし,該当なし,0,0,0,30,240,,,
56.0,brake_early_s0,0,0.80904,次駅への減速フェーズ（駅手前400m以内）,制動,9.6,惰行,0.0,2.5,43.14,75.0,75.0,75.0,55.3,70.7,64.9,勾配力行 ↔ 惰行,惰行,55.3,-12.2,,75.0,43.1,43.1,,155.5,24.0,95.52,59.94,2.0,-0.249,2.88,当面+2.0‰が続く,863m先でATC現示が75km/hから70km/hに低下する,0.0,0.0,1,24.0,先行列車なし,0,,0,0,0,後続列車なし,該当なし,該当なし,0,0,0,30,240,,,
57.0,brake_early_s0,0,0.820639,次駅への減速フェーズ（駅手前400m以内）,制動,10.6,惰行,0.0,2.5,40.4,75.0,75.0,75.0,53.2,70.3,64.5,勾配力行 ↔ 惰行,惰行,53.2,-12.8,,75.0,40.4,40.4,,143.9,23.0,83.92,59.95,2.0,-0.239,3.101,当面+2.0‰が続く,851m先でATC現示が75km/hから70km/hに低下する,0.0,0.0,1,23.0,先行列車なし,0,,0,0,0,後続列車なし,該当なし,該当なし,0,0,0,30,240,,,
57.5,brake_early_s0,0,0.826152,次駅への減速フェーズ（駅手前400m以内）,制動,11.1,惰行,0.0,2.5,39.03,75.0,75.0,75.0,52.1,70.3,64.5,勾配力行 ↔ 惰行,惰行,52.1,-13.1,,75.0,39.0,39.0,,138.3,22.5,78.4,59.95,2.0,-0.235,3.139,当面+2.0‰が続く,846m先でATC現示が75km/hから70km/hに低下する,0.0,0.0,1,22.5,先行列車なし,0,,0,0,0,後続列車なし,該当なし,該当なし,0,0,0,30,240,,,
58.0,brake_early_s0,0,0.831476,次駅への減速フェーズ（駅手前400m以内）,制動,11.6,惰行,0.0,2.5,37.66,75.0,75.0,75.0,51.1,70.3,64.5,勾配力行 ↔ 惰行,惰行,51.1,-13.4,,75.0,37.7,37.7,,133.0,22.0,73.07,59.95,2.0,-0.23,3.143,当面+2.0‰が続く,840m先でATC現示が75km/hから70km/hに低下する,0.0,0.0,1,22.0,先行列車なし,0,,0,0,0,後続列車なし,該当なし,該当なし,0,0,0,30,240,,,
58.5,brake_early_s0,0,0.83661,次駅への減速フェーズ（駅手前400m以内）,制動,12.1,惰行,0.0,2.5,36.3,75.0,75.0,75.0,50.1,70.3,64.5,勾配力行 ↔ 惰行,惰行,50.1,-13.8,,75.0,36.3,36.3,,127.9,21.5,67.94,59.95,2.0,-0.226,3.148,当面+2.0‰が続く,835m先でATC現示が75km/hから70km/hに低下する,0.0,0.0,1,21.5,先行列車なし,0,,0,0,0,後続列車なし,該当なし,該当なし,0,0,0,30,240,,,
59.0,brake_early_s0,0,0.841555,次駅への減速フェーズ（駅手前400m以内）,制動,12.6,惰行,0.0,2.5,34.94,75.0,75.0,75.0,49.1,70.3,64.5,勾配力行 ↔ 惰行,惰行,49.1,-14.1,,75.0,34.9,34.9,,122.9,21.0,62.99,59.95,2.0,-0.222,3.152,当面+2.0‰が続く,830m先でATC現示が75km/hから70km/hに低下する,0.0,0.0,1,21.0,先行列車なし,0,,0,0,0,後続列車なし,該当なし,該当なし,0,0,0,30,240,,,
59.5,brake_early_s0,0,0.846311,次駅への減速フェーズ（駅手前400m以内）,制動,13.1,惰行,0.0,2.5,33.58,75.0,75.0,75.0,48.1,70.3,64.4,勾配力行 ↔ 惰行,惰行,48.1,-14.5,,75.0,33.6,33.6,,118.2,20.5,58.23,59.96,2.0,-0.218,3.156,当面+2.0‰が続く,825m先でATC現示が75km/hから70km/hに低下する,0.0,0.0,1,20.5,先行列車なし,0,,0,0,0,後続列車なし,該当なし,該当なし,0,0,0,30,240,,,
60.0,brake_early_s0,0,0.850878,次駅への減速フェーズ（駅手前400m以内）,制動,13.6,惰行,0.0,2.5,32.22,75.0,75.0,75.0,47.2,70.3,64.4,勾配力行 ↔ 惰行,惰行,47.2,-14.9,,75.0,32.2,32.2,,113.6,20.0,53.67,59.96,2.0,-0.214,3.16,当面+2.0‰が続く,821m先でATC現示が75km/hから70km/hに低下する,0.0,0.0,1,20.0,先行列車なし,0,,0,0,0,後続列車なし,該当なし,該当なし,0,0,0,30,240,,,
60.5,brake_early_s0,0,0.855256,次駅への減速フェーズ（駅手前400m以内）,制動,14.1,惰行,0.0,2.5,30.86,75.0,75.0,75.0,46.2,70.3,64.4,勾配力行 ↔ 惰行,惰行,46.2,-15.4,,75.0,30.9,30.9,,109.2,19.5,49.28,59.96,2.0,-0.21,3.164,当面+2.0‰が続く,817m先でATC現示が75km/hから70km/hに低下する,0.0,0.0,1,19.5,先行列車なし,0,,0,0,0,後続列車なし,該当なし,該当なし,0,0,0,30,240,,,
61.0,brake_early_s0,0,0.859447,次駅への減速フェーズ（駅手前400m以内）,制動,14.6,惰行,0.0,2.5,29.51,75.0,75.0,75.0,45.3,70.2,64.4,勾配力行 ↔ 惰行,惰行,45.3,-15.8,,75.0,29.5,29.5,,105.1,19.0,45.09,59.96,2.0,-0.206,3.168,当面+2.0‰が続く,812m先でATC現示が75km/hから70km/hに低下する,0.0,0.0,1,19.0,先行列車なし,0,,0,0,0,後続列車なし,該当なし,該当なし,0,0,0,30,240,,,
61.5,brake_early_s0,0,0.863449,次駅への減速フェーズ（駅手前400m以内）,制動,15.1,惰行,0.0,2.5,28.16,75.0,75.0,75.0,44.4,70.2,64.4,勾配力行 ↔ 惰行,惰行,44.4,-16.3,,75.0,75.0,75.0,,101.1,18.5,41.09,59.96,2.0,-0.202,3.171,当面+2.0‰が続く,808m先でATC現示が75km/hから70km/hに低下する,0.0,0.0,1,18.5,先行列車なし,0,,0,0,0,後続列車なし,該当なし,該当なし,0,0,0,30,240,,,
62.0,brake_early_s0,0,0.867264,次駅への減速フェーズ（駅手前400m以内）,制動,15.6,惰行,0.0,2.5,26.81,75.0,75.0,75.0,43.6,70.2,64.4,勾配力行 ↔ 惰行,惰行,43.6,-16.8,,75.0,75.0,75.0,,97.2,18.0,37.27,59.96,2.0,-0.199,3.175,当面+2.0‰が続く,805m先でATC現示が75km/hから70km/hに低下する,0.0,0.0,1,18.0,先行列車なし,0,,0,0,0,後続列車なし,該当なし,該当なし,0,0,0,30,240,,,
62.5,brake_early_s0,0,0.870892,次駅への減速フェーズ（駅手前400m以内）,制動,16.1,惰行,0.0,2.5,25.46,75.0,75.0,75.0,42.7,70.2,64.4,勾配力行 ↔ 惰行,惰行,42.7,-17.3,,75.0,75.0,75.0,,93.6,17.5,33.64,59.97,2.0,-0.195,3.179,当面+2.0‰が続く,801m先でATC現示が75km/hから70km/hに低下する,0.0,0.0,1,17.5,先行列車なし,0,,0,0,0,後続列車なし,該当なし,該当なし,0,0,0,30,240,,,
63.0,brake_early_s0,0,0.874332,次駅への減速フェーズ（駅手前400m以内）,制動,16.6,惰行,0.0,2.5,24.11,75.0,75.0,75.0,41.9,70.2,64.4,勾配力行 ↔ 惰行,惰行,41.9,-17.8,,75.0,75.0,75.0,,90.2,17.0,30.2,59.97,2.0,-0.192,3.182,当面+2.0‰が続く,797m先でATC現示が75km/hから70km/hに低下する,0.0,0.0,1,17.0,先行列車なし,0,,0,0,0,後続列車なし,該当なし,該当なし,0,0,0,30,240,,,
63.5,brake_early_s0,0,0.877585,次駅への減速フェーズ（駅手前400m以内）,制動,17.1,惰行,0.0,2.5,22.77,75.0,75.0,75.0,41.2,70.2,64.4,勾配力行 ↔ 惰行,惰行,41.2,-18.4,,75.0,75.0,75.0,,86.9,16.5,26.94,59.97,2.0,-0.188,3.185,当面+2.0‰が続く,794m先でATC現示が75km/hから70km/hに低下する,0.0,0.0,1,16.5,先行列車なし,0,,0,0,0,後続列車なし,該当なし,該当なし,0,0,0,30,240,,,
64.0,brake_early_s0,0,0.880652,次駅への減速フェーズ（駅手前400m以内）,制動,17.6,惰行,0.0,2.5,21.42,75.0,75.0,75.0,40.4,70.2,64.4,勾配力行 ↔ 惰行,惰行,40.4,-19.0,,75.0,75.0,75.0,,83.8,16.0,23.88,59.97,2.0,-0.185,3.189,当面+2.0‰が続く,791m先でATC現示が75km/hから70km/hに低下する,0.0,0.0,1,16.0,先行列車なし,0,,0,0,0,後続列車なし,該当なし,該当なし,0,0,0,30,240,,,
64.5,brake_early_s0,0,0.883532,次駅への減速フェーズ（駅手前400m以内）,制動,18.2,惰行,0.0,2.5,20.08,75.0,75.0,75.0,39.7,70.2,64.4,勾配力行 ↔ 惰行,惰行,39.7,-19.6,,75.0,75.0,75.0,,81.0,15.5,20.99,59.97,2.0,-0.182,3.192,当面+2.0‰が続く,788m先でATC現示が75km/hから70km/hに低下する,0.0,0.0,1,15.5,先行列車なし,0,,0,0,0,後続列車なし,該当なし,該当なし,0,0,0,30,240,,,
65.0,brake_early_s0,0,0.886226,次駅への減速フェーズ（駅手前400m以内）,制動,18.7,惰行,0.0,2.5,18.74,75.0,75.0,75.0,39.0,70.2,64.4,勾配力行 ↔ 惰行,惰行,39.0,-20.3,,75.0,75.0,75.0,,78.3,15.0,18.3,59.98,2.0,-0.179,3.195,当面+2.0‰が続く,786m先でATC現示が75km/hから70km/hに低下する,0.0,0.0,1,15.0,先行列車なし,0,,0,0,0,後続列車なし,該当なし,該当なし,0,0,0,30,240,,,
65.5,brake_early_s0,0,0.888734,次駅への減速フェーズ（駅手前400m以内）,制動,19.2,惰行,0.0,2.5,17.4,75.0,75.0,75.0,38.4,70.2,64.4,勾配力行 ↔ 惰行,惰行,38.4,-21.0,,75.0,75.0,75.0,,75.8,14.5,15.79,59.98,2.0,-0.176,3.198,当面+2.0‰が続く,783m先でATC現示が75km/hから70km/hに低下する,0.0,0.0,1,14.5,先行列車なし,0,,0,0,0,後続列車なし,該当なし,該当なし,0,0,0,30,240,,,
66.0,brake_early_s0,0,0.891056,次駅への減速フェーズ（駅手前400m以内）,制動,19.7,惰行,0.0,2.5,16.06,75.0,75.0,75.0,37.8,70.2,64.4,勾配力行 ↔ 惰行,惰行,37.8,-21.7,,75.0,75.0,75.0,,73.4,14.0,13.46,59.98,2.0,-0.173,3.201,当面+2.0‰が続く,781m先でATC現示が75km/hから70km/hに低下する,0.0,0.0,1,14.0,先行列車なし,0,,0,0,0,後続列車なし,該当なし,該当なし,0,0,0,30,240,,,
66.5,brake_early_s0,0,0.893193,次駅への減速フェーズ（駅手前400m以内）,制動,20.2,惰行,0.0,2.5,14.73,75.0,75.0,75.0,37.2,70.2,64.4,勾配力行 ↔ 惰行,惰行,37.2,-22.5,,75.0,75.0,75.0,,71.3,13.5,11.33,59.98,2.0,-0.17,3.204,当面+2.0‰が続く,779m先でATC現示が75km/hから70km/hに低下する,0.0,0.0,1,13.5,先行列車なし,0,,0,0,0,後続列車なし,該当なし,該当なし,0,0,0,30,240,,,
67.0,brake_early_s0,0,0.895144,次駅への減速フェーズ（駅手前400m以内）,制動,20.7,惰行,0.0,2.5,13.39,75.0,75.0,75.0,36.7,70.2,64.4,勾配力行 ↔ 惰行,惰行,36.7,-23.3,,75.0,75.0,75.0,,69.4,13.0,9.37,59.98,2.0,-0.167,3.207,当面+2.0‰が続く,777m先でATC現示が75km/hから70km/hに低下する,0.0,0.0,1,13.0,先行列車なし,0,,0,0,0,後続列車なし,該当なし,該当なし,0,0,0,30,240,,,
67.5,brake_early_s0,0,0.89691,次駅への減速フェーズ（駅手前400m以内）,制動,21.2,惰行,0.0,2.5,12.06,75.0,75.0,75.0,36.3,70.2,64.4,勾配力行 ↔ 惰行,惰行,36.3,-24.2,,75.0,75.0,75.0,,67.6,12.5,7.6,59.99,2.0,-0.164,3.209,当面+2.0‰が続く,775m先でATC現示が75km/hから70km/hに低下する,0.0,0.0,1,12.5,先行列車なし,0,,0,0,0,後続列車なし,該当なし,該当なし,0,0,0,30,240,,,
68.0,brake_early_s0,0,0.898491,次駅への減速フェーズ（駅手前400m以内）,制動,21.7,惰行,0.0,2.5,10.73,75.0,75.0,75.0,35.8,70.2,64.4,勾配力行 ↔ 惰行,惰行,35.8,-25.1,,75.0,75.0,75.0,,66.0,12.0,6.02,59.99,2.0,-0.162,3.212,当面+2.0‰が続く,773m先でATC現示が75km/hから70km/hに低下する,0.0,0.0,1,12.0,先行列車なし,0,,0,0,0,後続列車なし,該当なし,該当なし,0,0,0,30,240,,,
68.5,brake_early_s0,0,0.899887,次駅への減速フェーズ（駅手前400m以内）,制動,22.2,惰行,0.0,2.5,9.4,75.0,75.0,75.0,35.4,70.2,64.4,勾配力行 ↔ 惰行,惰行,35.4,-26.0,,75.0,75.0,75.0,,64.6,11.5,4.62,59.99,2.0,-0.159,3.214,当面+2.0‰が続く,772m先でATC現示が75km/hから70km/hに低下する,0.0,0.0,1,11.5,先行列車なし,0,,0,0,0,後続列車なし,該当なし,該当なし,0,0,0,30,240,,,
69.0,brake_early_s0,0,0.901098,次駅への減速フェーズ（駅手前400m以内）,制動,22.7,惰行,0.0,2.5,8.07,75.0,75.0,75.0,35.1,70.2,64.4,勾配力行 ↔ 惰行,惰行,35.1,-27.0,,75.0,75.0,75.0,,63.4,11.0,3.41,59.99,2.0,-0.157,3.217,当面+2.0‰が続く,771m先でATC現示が75km/hから70km/hに低下する,0.0,0.0,1,11.0,先行列車なし,0,,0,0,0,後続列車なし,該当なし,該当なし,0,0,0,30,240,,,
69.5,brake_early_s0,0,0.902125,次駅への減速フェーズ（駅手前400m以内）,制動,23.2,惰行,0.0,2.5,6.74,75.0,75.0,75.0,34.8,70.2,64.4,勾配力行 ↔ 惰行,惰行,34.8,-28.1,,75.0,75.0,75.0,,62.4,10.5,2.38,59.99,2.0,-0.155,3.219,当面+2.0‰が続く,770m先でATC現示が75km/hから70km/hに低下する,0.0,0.0,1,10.5,先行列車なし,0,,0,0,0,後続列車なし,該当なし,該当なし,0,0,0,30,240,,,
70.0,brake_early_s0,0,0.902968,次駅への減速フェーズ（駅手前400m以内）,制動,23.7,惰行,0.0,2.5,5.42,75.0,75.0,75.0,34.6,70.2,64.3,勾配力行 ↔ 惰行,惰行,34.6,-29.2,,75.0,75.0,75.0,,61.5,10.0,1.54,59.99,2.0,-0.152,3.221,当面+2.0‰が続く,769m先でATC現示が75km/hから70km/hに低下する,0.0,0.0,1,10.0,先行列車なし,0,,0,0,0,後続列車なし,該当なし,該当なし,0,0,0,30,240,,,
70.5,brake_early_s0,0,0.903626,次駅への減速フェーズ（駅手前400m以内）,制動,24.2,惰行,0.0,2.5,4.09,75.0,75.0,75.0,34.4,70.2,64.3,勾配力行 ↔ 惰行,惰行,34.4,-30.3,,75.0,75.0,75.0,,60.9,9.5,0.88,60.0,2.0,-0.15,3.223,当面+2.0‰が続く,768m先でATC現示が75km/hから70km/hに低下する,0.0,0.0,1,9.5,先行列車なし,0,,0,0,0,後続列車なし,該当なし,該当なし,0,0,0,30,240,,,
71.0,brake_early_s0,0,0.9041,次駅への減速フェーズ（駅手前400m以内）,制動,24.7,惰行,0.0,2.5,2.77,75.0,75.0,75.0,34.3,70.2,64.3,勾配力行 ↔ 惰行,惰行,34.3,-31.5,,75.0,75.0,75.0,,60.4,9.0,0.4,60.0,2.0,-0.148,3.225,当面+2.0‰が続く,768m先でATC現示が75km/hから70km/hに低下する,0.0,0.0,1,9.0,先行列車なし,0,,0,0,0,後続列車なし,該当なし,該当なし,0,0,0,30,240,,,
71.5,brake_early_s0,0,0.904392,次駅への減速フェーズ（駅手前400m以内）,制動,0.1,力行,0.0,5.87,1.5,75.0,75.0,75.0,34.2,70.2,64.3,勾配力行 ↔ 惰行,惰行,34.2,-32.7,,75.0,75.0,75.0,,60.1,8.5,0.12,59.99,2.0,-0.146,3.227,当面+2.0‰が続く,767m先でATC現示が75km/hから70km/hに低下する,0.0,0.0,1,8.5,先行列車なし,0,,0,0,0,後続列車なし,該当なし,該当なし,0,0,0,30,240,,,
72.0,brake_early_s0,0,0.904507,次駅への減速フェーズ（駅手前400m以内）,制動,0.6,力行,0.0,5.87,0.18,75.0,75.0,75.0,34.1,70.2,64.3,勾配力行 ↔ 惰行,惰行,34.1,-34.0,,75.0,75.0,75.0,,60.0,8.0,0.0,59.99,2.0,-0.145,3.229,当面+2.0‰が続く,767m先でATC現示が75km/hから70km/hに低下する,0.0,0.0,1,8.0,先行列車なし,0,,0,0,0,後続列車なし,該当なし,該当なし,0,0,0,30,240,,,
0.0,crawl_s0_30,0,0.0,駅出発直後の加速フェーズ（20秒以内）,力行,0.0,なし（または停止）,0.0,0.0,0.0,45.0,45.0,45.0,0.0,39.8,34.5,惰行 ↔ 勾配ブレーキ,惰行,0.0,0.0,49.4,75.0,45.0,45.0,,964.5,80.0,0.0,964.5,-5.0,0.103,3.476,80m先で勾配が-5.0‰から-14.2‰に変わる,前方に現示の低下なし,0.0,0.0,1,80.0,先行列車なし,0,,0,0,0,後続列車なし,該当なし,該当なし,0,0,0,30,240,,,
1.0,crawl_s0_30,0,0.000487,駅出発直後の加速フェーズ（20秒以内）,力行,1.0,なし（または停止）,0.0,0.0,3.47,45.0,45.0,45.0,3.5,39.8,34.5,惰行 ↔ 勾配ブレーキ,惰行,3.5,-0.0,50.2,75.0,45.0,45.0,,964.0,79.0,0.7,963.31,-5.0,0.098,3.471,80m先で勾配が-5.0‰から-14.2‰に変わる,前方に現示の低下なし,0.0,0.0,1,79.0,先行列車なし,0,,0,0,0,後続列車なし,該当なし,該当なし,0,0,0,30,240,,,
2.0,crawl_s0_30,0,0.001939,駅出発直後の加速フェーズ（20秒以内）,力行,2.0,なし（または停止）,0.0,0.0,6.94,45.0,45.0,45.0,6.9,39.8,34.5,惰行 ↔ 勾配ブレーキ,惰行,6.9,-0.0,51.0,75.0,45.0,45.0,,962.6,78.0,2.78,959.78,-5.0,0.092,3.466,80m先で勾配が-5.0‰から-14.2‰に変わる,前方に現示の低下なし,0.0,0.0,1,78.0,先行列車なし,0,,0,0,0,後続列車なし,該当なし,該当なし,0,0,0,30,240,,,
3.0,crawl_s0_30,0,0.004353,駅出発直後の加速フェーズ（20秒以内）,力行,3.0,なし（または停止）,0.0,0.0,10.4,45.0,45.0,45.0,10.4,39.8,34.5,惰行 ↔ 勾配ブレーキ,惰行,10.4,-0.0,51.8,75.0,45.0,45.0,,960.1,77.0,6.24,953.9,-5.0,0.086,3.459,75m先で勾配が-5.0‰から-14.2‰に変わる,前方に現示の低下なし,0.0,0.0,1,77.0,先行列車なし,0,,0,0,0,後続列車なし,該当なし,該当なし,0,0,0,30,240,,,
4.0,crawl_s0_30,0,0.007729,駅出発直後の加速フェーズ（20秒以内）,力行,4.0,なし（または停止）,0.0,0.0,13.86,45.0,45.0,45.0,13.9,39.8,34.5,惰行 ↔ 勾配ブレーキ,惰行,13.9,0.0,52.3,75.0,45.0,45.0,,956.8,76.0,11.06,945.71,-5.0,0.079,3.453,70m先で勾配が-5.0‰から-14.2‰に変わる,前方に現示の低下なし,0.0,0.0,1,76.0,先行列車なし,0,,0,0,0,後続列車なし,該当なし,該当なし,0,0,0,30,240,,,
5.0,crawl_s0_30,0,0.012063,駅出発直後の加速フェーズ（20秒以内）,力行,5.0,なし（または停止）,0.0,0.0,17.31,45.0,45.0,45.0,17.3,39.8,34.5,惰行 ↔ 勾配ブレーキ,惰行,17.3,0.0,53.0,75.0,45.0,45.0,,952.4,75.0,17.22,935.22,-5.0,0.072,3.445,70m先で勾配が-5.0‰から-14.2‰に変わる,前方に現示の低下なし,0.0,0.0,1,75.0,先行列車なし,0,,0,0,0,後続列車なし,該当なし,該当なし,0,0,0,30,240,,,
6.0,crawl_s0_30,0,0.017354,駅出発直後の加速フェーズ（20秒以内）,力行,6.0,なし（または停止）,0.0,0.0,20.75,70.0,70.0,70.0,20.8,64.8,59.6,惰行 ↔ 勾配ブレーキ,惰行,20.8,-0.0,53.4,75.0,56.9,56.9,,947.1,74.0,24.7,922.45,-5.0,0.064,3.437,65m先で勾配が-5.0‰から-14.2‰に変わる,前方に現示の低下なし,0.0,0.0,1,74.0,先行列車なし,0,,0,0,0,後続列車なし,該当なし,該当なし,0,0,0,30,240,,,
7.0,crawl_s0_30,0,0.0236,駅出発直後の加速フェーズ（20秒以内）,力行,7.0,なし（または停止）,0.0,0.0,24.18,70.0,70.0,70.0,24.2,64.9,59.6,惰行 ↔ 勾配ブレーキ,惰行,24.2,-0.0,54.2,75.0,56.9,56.9,,940.9,73.0,33.48,907.42,-5.0,0.055,3.429,55m先で勾配が-5.0‰から-14.2‰に変わる,前方に現示の低下なし,0.0,0.0,1,73.0,先行列車なし,0,,0,0,0,後続列車なし,該当なし,該当なし,0,0,0,30,240,,,
8.0,crawl_s0_30,0,0.030799,駅出発直後の加速フェーズ（20秒以内）,力行,8.0,なし（または停止）,0.0,0.0,27.61,70.0,70.0,70.0,27.6,64.9,64.3,惰行 ↔ 勾配ブレーキ,惰行,27.6,0.0,54.5,75.0,56.9,56.9,,933.7,72.0,43.53,890.17,-5.0,0.046,3.42,50m先で勾配が-5.0‰から-14.2‰に変わる,前方に現示の低下なし,0.0,0.0,1,72.0,先行列車なし,0,,0,0,0,後続列車なし,該当なし,該当なし,0,0,0,30,240,,,
9.0,crawl_s0_30,0,0.038854,駅出発直後の加速フェーズ（20秒以内）,惰行,0.5,力行,8.6,3.37,29.54,70.0,70.0,70.0,31.0,64.9,59.9,惰行 ↔ 勾配ブレーキ,惰行,31.0,-1.4,55.1,75.0,57.3,57.3,,925.6,71.0,51.48,874.17,-5.0,0.041,3.415,40m先で勾配が-5.0‰から-14.2‰に変わる,前方に現示の低下なし,0.0,0.0,1,71.0,先行列車なし,0,,0,0,0,後続列車なし,該当なし,該当なし,0,0,0,30,240,,,
10.0,crawl_s0_30,0,0.047066,駅出発直後の加速フェーズ（20秒以内）,惰行,1.5,力行,8.6,3.37,29.58,70.0,70.0,70.0,34.1,64.9,60.1,惰行 ↔ 勾配ブレーキ,惰行,34.1,-4.5,55.7,75.0,57.8,57.8,,917.4,70.0,52.9,864.53,-5.0,0.041,3.414,35m先で勾配が-5.0‰から-14.2‰に変わる,前方に現示の低下なし,0.0,0.0,1,70.0,先行列車なし,0,,0,0,0,後続列車なし,該当なし,該当なし,0,0,0,30,240,,,
11.0,crawl_s0_30,0,0.055289,駅出発直後の加速フェーズ（20秒以内）,惰行,2.4,力行,8.6,3.37,29.62,70.0,70.0,70.0,36.9,64.9,60.4,惰行 ↔ 勾配ブレーキ,惰行,36.9,-7.3,56.0,75.0,58.7,58.7,,909.2,69.0,54.29,854.92,-5.0,0.041,3.414,25m先で勾配が-5.0‰から-14.2‰に変わる,前方に現示の低下なし,0.0,0.0,1,69.0,先行列車なし,0,,0,0,0,後続列車なし,該当なし,該当なし,0,0,0,30,240,,,
12.0,crawl_s0_30,0,0.063523,駅出発直後の加速フェーズ（20秒以内）,惰行,3.4,力行,8.6,3.37,29.66,70.0,70.0,70.0,39.5,64.9,60.7,惰行 ↔ 勾配ブレーキ,惰行,39.5,-9.9,56.9,75.0,59.5,59.5,,901.0,68.0,55.66,845.31,-5.0,0.041,3.414,15m先で勾配が-5.0‰から-14.2‰に変わる,前方に現示の低下なし,0.0,0.0,1,68.0,先行列車なし,0,,0,0,0,後続列車なし,該当なし,該当なし,0,0,0,30,240,,,
13.0,crawl_s0_30,0,0.071768,駅出発直後の加速フェーズ（20秒以内）,惰行,4.4,力行,8.6,3.37,29.7,70.0,70.0,70.0,42.0,64.9,60.9,惰行 ↔ 勾配ブレーキ,惰行,42.0,-12.2,57.3,75.0,60.0,60.0,,892.7,67.0,57.07,835.66,-5.0,0.04,3.414,10m先で勾配が-5.0‰から-14.2‰に変わる,前方に現示の低下なし,0.0,0.0,1,67.0,先行列車なし,0,,0,0,0,後続列車なし,該当なし,該当なし,0,0,0,30,240,,,
14.0,crawl_s0_30,0,0.080029,駅出発直後の加速フェーズ（20秒以内）,惰行,5.4,力行,8.6,3.37,29.84,70.0,70.0,70.0,44.2,64.4,60.7,惰行 ↔ 勾配ブレーキ,惰行,44.2,-14.3,57.8,75.0,61.2,61.2,,884.5,66.0,58.59,825.88,-14.2,0.365,3.738,90m先で勾配が-14.2‰から-16.3‰に変わる,前方に現示の低下なし,0.0,0.0,1,66.0,先行列車なし,0,,0,0,0,後続列車なし,該当なし,該当なし,0,0,0,30,240,,,
15.0,crawl_s0_30,0,0.088369,駅出発直後の加速フェーズ（20秒以内）,惰行,6.4,力行,8.6,3.37,30.2,70.0,70.0,70.0,46.4,64.4,60.7,惰行 ↔ 勾配ブレーキ,惰行,46.4,-16.2,58.7,75.0,62.0,62.0,,876.1,65.0,60.01,816.12,-14.2,0.364,3.737,80m先で勾配が-14.2‰から-16.3‰に変わる,前方に現示の低下なし,0.0,0.0,1,65.0,先行列車なし,0,,0,0,0,後続列車なし,該当なし,該当なし,0,0,0,30,240,,,
16.0,crawl_s0_30,0,0.09681,駅出発直後の加速フェーズ（20秒以内）,惰行,7.4,力行,8.6,3.37,30.57,70.0,70.0,70.0,48.4,64.4,60.7,惰行 ↔ 勾配ブレーキ,惰行,48.4,-17.8,59.5,75.0,62.7,62.7,,867.7,64.0,61.45,806.24,-14.2,0.363,3.736,75m先で勾配が-14.2‰から-16.3‰に変わる,前方に現示の低下なし,0.0,0.0,1,64.0,先行列車なし,0,,0,0,0,後続列車なし,該当なし,該当なし,0,0,0,30,240,,,
17.0,crawl_s0_30,0,0.105352,駅出発直後の加速フェーズ（20秒以内）,惰行,8.4,力行,8.6,3.37,30.93,70.0,70.0,70.0,48.9,64.4,60.7,惰行 ↔ 勾配ブレーキ,惰行,48.9,-17.9,59.7,75.0,64.0,64.0,,859.1,63.0,62.92,796.23,-14.2,0.362,3.735,65m先で勾配が-14.2‰から-16.3‰に変わる,前方に現示の低下なし,0.0,0.0,1,63.0,先行列車なし,0,,0,0,0,後続列車なし,該当なし,該当なし,0,0,0,30,240,,,
18.0,crawl_s0_30,0,0.113994,駅出発直後の加速フェーズ（20秒以内）,惰行,9.4,力行,8.6,3.37,31.29,70.0,70.0,70.0,49.1,64.4,60.7,惰行 ↔ 勾配ブレーキ,惰行,49.1,-17.8,61.0,75.0,65.2,65.2,,850.5,62.0,64.74,785.77,-14.2,0.36,3.734,55m先で勾配が-14.2‰から-16.3‰に変わる,前方に現示の低下なし,0.0,0.0,1,62.0,先行列車なし,0,,0,0,0,後続列車なし,該当なし,該当なし,0,0,0,30,240,,,
19.0,crawl_s0_30,0,0.122737,駅出発直後の加速フェーズ（20秒以内）,惰行,10.4,力行,8.6,3.37,31.65,75.0,75.0,75.0,49.3,69.4,65.8,惰行 ↔ 勾配ブレーキ,惰行,49.3,-17.6,61.4,75.0,66.0,66.0,,841.8,61.0,66.58,775.18,-14.2,0.359,3.733,45m先で勾配が-14.2‰から-16.3‰に変わる,前方に現示の低下なし,0.0,0.0,1,61.0,先行列車なし,0,,0,0,0,後続列車なし,該当なし,該当なし,0,0,0,30,240,,,
20.0,crawl_s0_30,0,0.131579,巡航フェーズ（駅間走行中）,惰行,11.4,力行,8.6,3.37,32.01,75.0,75.0,75.0,49.4,69.4,65.8,惰行 ↔ 勾配ブレーキ,惰行,49.4,-17.4,62.0,75.0,66.8,66.8,,832.9,60.0,68.45,764.47,-14.2,0.358,3.732,40m先で勾配が-14.2‰から-16.3‰に変わる,前方に現示の低下なし,0.0,0.0,1,60.0,先行列車なし,0,,0,0,0,後続列車なし,該当なし,該当なし,0,0,0,30,240,,,
21.0,crawl_s0_30,0,0.140521,巡航フェーズ（駅間走行中）,惰行,12.4,力行,8.6,3.37,32.37,75.0,75.0,75.0,49.6,69.4,65.9,惰行 ↔ 勾配ブレーキ,惰行,49.6,-17.3,62.8,75.0,68.3,68.3,,824.0,59.0,70.32,753.66,-14.2,0.357,3.731,30m先で勾配が-14.2‰から-16.3‰に変わる,前方に現示の低下なし,0.0,0.0,1,59.0,先行列車なし,0,,0,0,0,後続列車なし,該当なし,該当なし,0,0,0,30,240,,,
22.0,crawl_s0_30,0,0.149562,巡航フェーズ（駅間走行中）,惰行,13.4,力行,8.6,3.37,32.72,75.0,75.0,75.0,49.8,69.4,66.0,惰行 ↔ 勾配ブレーキ,惰行,49.8,-17.1,64.4,75.0,69.8,69.8,,814.9,58.0,72.18,742.76,-14.2,0.356,3.73,20m先で勾配が-14.2‰から-16.3‰に変わる,前方に現示の低下なし,0.0,0.0,1,58.0,先行列車なし,0,,0,0,0,後続列車なし,該当なし,該当なし,0,0,0,30,240,,,
23.0,crawl_s0_30,0,0.158702,巡航フェーズ（駅間走行中）,惰行,14.4,力行,8.6,3.37,33.08,75.0,75.0,75.0,50.0,69.4,66.0,惰行 ↔ 勾配ブレーキ,惰行,50.0,-17.0,65.2,75.0,71.9,71.9,,805.8,57.0,74.09,731.71,-14.2,0.355,3.729,10m先で勾配が-14.2‰から-16.3‰に変わる,前方に現示の低下なし,0.0,0.0,1,57.0,先行列車なし,0,,0,0,0,後続列車なし,該当なし,該当なし,0,0,0,30,240,,,
24.0,crawl_s0_30,0,0.167941,巡航フェーズ（駅間走行中）,惰行,15.4,力行,8.6,3.37,33.44,75.0,75.0,75.0,50.2,69.3,66.0,惰行 ↔ 勾配ブレーキ,惰行,50.2,-16.8,66.0,75.0,74.1,74.1,,796.6,56.0,76.02,720.54,-16.3,0.428,3.802,540m先で勾配が-16.3‰から+2.0‰に変わる,前方に現示の低下なし,0.0,0.0,1,56.0,先行列車なし,0,,0,0,0,後続列車なし,該当なし,該当なし,0,0,0,30,240,,,
25.0,crawl_s0_30,0,0.177289,巡航フェーズ（駅間走行中）,惰行,16.4,力行,8.6,3.37,33.87,75.0,75.0,75.0,50.5,69.3,66.0,惰行 ↔ 勾配ブレーキ,惰行,50.5,-16.6,66.8,75.0,75.0,75.0,,787.2,55.0,77.95,709.26,-16.3,0.427,3.801,535m先で勾配が-16.3‰から+2.0‰に変わる,前方に現示の低下なし,0.0,0.0,1,55.0,先行列車なし,0,,0,0,0,後続列車なし,該当なし,該当なし,0,0,0,30,240,,,
26.0,crawl_s0_30,0,0.186756,巡航フェーズ（駅間走行中）,惰行,17.4,力行,8.6,3.37,34.29,75.0,75.0,75.0,50.7,69.3,66.0,惰行 ↔ 勾配ブレーキ,惰行,50.7,-16.4,68.3,75.0,75.0,75.0,,777.7,54.0,79.9,697.85,-16.3,0.426,3.799,525m先で勾配が-16.3‰から+2.0‰に変わる,前方に現示の低下なし,0.0,0.0,1,54.0,先行列車なし,0,,0,0,0,後続列車なし,該当なし,該当なし,0,0,0,30,240,,,
27.0,crawl_s0_30,0,0.196341,巡航フェーズ（駅間走行中）,惰行,18.5,力行,8.6,3.37,34.72,75.0,75.0,75.0,51.0,69.3,66.0,惰行 ↔ 勾配ブレーキ,惰行,51.0,-16.3,69.0,75.0,75.0,75.0,,768.2,53.0,81.86,686.3,-16.3,0.424,3.798,515m先で勾配が-16.3‰から+2.0‰に変わる,前方に現示の低下なし,0.0,0.0,1,53.0,先行列車なし,0,,0,0,0,後続列車なし,該当なし,該当なし,0,0,0,30,240,,,
28.0,crawl_s0_30,0,0.206044,巡航フェーズ（駅間走行中）,惰行,19.5,力行,8.6,3.37,35.14,75.0,75.0,75.0,51.2,69.3,66.0,惰行 ↔ 勾配ブレーキ,惰行,51.2,-16.1,70.5,75.0,75.0,75.0,,758.5,52.0,83.84,674.62,-16.3,0.423,3.797,505m先で勾配が-16.3‰から+2.0‰に変わる,前方に現示の低下なし,0.0,0.0,1,52.0,先行列車なし,0,,0,0,0,後続列車なし,該当なし,該当なし,0,0,0,30,240,,,
29.0,crawl_s0_30,0,0.215865,巡航フェーズ（駅間走行中）,惰行,20.5,力行,8.6,3.37,35.56,75.0,75.0,75.0,51.5,69.3,66.0,惰行 ↔ 勾配ブレーキ,惰行,51.5,-15.9,71.9,75.0,75.0,75.0,,748.6,51.0,85.84,662.8,-16.3,0.422,3.796,495m先で勾配が-16.3‰から+2.0‰に変わる,前方に現示の低下なし,0.0,0.0,1,51.0,先行列車なし,0,,0,0,0,後続列車なし,該当なし,該当なし,0,0,0,30,240,,,
30.0,crawl_s0_30,0,0.225803,巡航フェーズ（駅間走行中）,惰行,21.5,力行,8.6,3.37,35.98,75.0,75.0,75.0,51.7,69.3,66.0,惰行 ↔ 勾配ブレーキ,惰行,51.7,-15.8,73.5,75.0,75.0,75.0,,738.7,50.0,87.85,650.85,-16.3,0.421,3.794,485m先で勾配が-16.3‰から+2.0‰に変わる,前方に現示の低下なし,0.0,0.0,1,50.0,先行列車なし,0,,0,0,0,後続列車なし,該当なし,該当なし,0,0,0,30,240,,,
31.0,crawl_s0_30,0,0.235857,巡航フェーズ（駅間走行中）,惰行,22.5,力行,8.6,3.37,36.4,75.0,75.0,75.0,52.0,69.3,66.0,惰行 ↔ 勾配ブレーキ,惰行,52.0,-15.6,75.0,75.0,75.0,75.0,,728.6,49.0,89.88,638.76,-16.3,0.419,3.793,475m先で勾配が-16.3‰から+2.0‰に変わる,前方に現示の低下なし,0.0,0.0,1,49.0,先行列車なし,0,,0,0,0,後続列車なし,該当なし,該当なし,0,0,0,30,240,,,
32.0,crawl_s0_30,0,0.246028,巡航フェーズ（駅間走行中）,惰行,23.5,力行,8.6,3.37,36.82,75.0,75.0,75.0,52.2,69.3,66.0,惰行 ↔ 勾配ブレーキ,惰行,52.2,-15.4,75.0,75.0,75.0,75.0,,718.5,48.0,91.92,626.55,-16.3,0.418,3.792,465m先で勾配が-16.3‰から+2.0‰に変わる,前方に現示の低下なし,0.0,0.0,1,48.0,先行列車なし,0,,0,0,0,後続列車なし,該当なし,該当なし,0,0,0,30,240,,,
33.0,crawl_s0_30,0,0.256316,巡航フェーズ（駅間走行中）,惰行,24.5,力行,8.6,3.37,37.24,75.0,75.0,75.0,52.5,69.3,66.0,惰行 ↔ 勾配ブレーキ,惰行,52.5,-15.3,75.0,75.0,75.0,75.0,,708.2,47.0,93.98,614.2,-16.3,0.417,3.79,455m先で勾配が-16.3‰から+2.0‰に変わる,前方に現示の低下なし,0.0,0.0,1,47.0,先行列車なし,0,,0,0,0,後続列車なし,該当なし,該当なし,0,0,0,30,240,,,
34.0,crawl_s0_30,0,0.266718,巡航フェーズ（駅間走行中）,惰行,25.5,力行,8.6,3.37,37.66,75.0,75.0,75.0,52.8,69.3,66.0,惰行 ↔ 勾配ブレーキ,惰行,52.8,-15.1,75.0,75.0,75.0,75.0,,697.8,46.0,96.06,601.72,-16.3,0.415,3.789,445m先で勾配が-16.3‰から+2.0‰に変わる,前方に現示の低下なし,0.0,0.0,1,46.0,先行列車なし,0,,0,0,0,後続列車なし,該当なし,該当なし,0,0,0,30,240,,,
35.0,crawl_s0_30,0,0.277237,巡航フェーズ（駅間走行中）,惰行,26.5,力行,8.6,3.37,38.07,75.0,75.0,75.0,53.0,69.3,66.0,惰行 ↔ 勾配ブレーキ,惰行,53.0,-15.0,75.0,75.0,75.0,75.0,,687.3,45.0,98.15,589.11,-16.3,0.414,3.788,435m先で勾配が-16.3‰から+2.0‰に変わる,前方に現示の低下なし,0.0,0.0,1,45.0,先行列車なし,0,,0,0,0,後続列車なし,該当なし,該当なし,0,0,0,30,240,,,
36.0,crawl_s0_30,0,0.28787,巡航フェーズ（駅間走行中）,惰行,27.5,力行,8.6,3.37,38.48,75.0,75.0,75.0,53.3,69.3,66.0,惰行 ↔ 勾配ブレーキ,惰行,53.3,-14.8,75.0,75.0,75.0,75.0,,676.6,44.0,100.26,576.37,-16.3,0.413,3.786,420m先で勾配が-16.3‰から+2.0‰に変わる,前方に現示の低下なし,0.0,0.0,1,44.0,先行列車なし,0,,0,0,0,後続列車なし,該当なし,該当なし,0,0,0,30,240,,,
37.0,crawl_s0_30,0,0.298617,巡航フェーズ（駅間走行中）,惰行,28.5,力行,8.6,3.37,38.9,75.0,75.0,75.0,53.5,69.3,66.0,惰行 ↔ 勾配ブレーキ,惰行,53.5,-14.6,75.0,75.0,75.0,75.0,,665.9,43.0,102.38,563.51,-16.3,0.411,3.785,410m先で勾配が-16.3‰から+2.0‰に変わる,前方に現示の低下なし,0.0,0.0,1,43.0,先行列車なし,0,,0,0,0,後続列車なし,該当なし,該当なし,0,0,0,30,240,,,
38.0,crawl_s0_30,0,0.309479,巡航フェーズ（駅間走行中）,惰行,29.5,力行,8.6,3.37,39.31,75.0,75.0,75.0,53.8,69.3,66.0,惰行 ↔ 勾配ブレーキ,惰行,53.8,-14.5,75.0,75.0,75.0,75.0,,655.0,42.0,104.51,550.51,-16.3,0.41,3.784,400m先で勾配が-16.3‰から+2.0‰に変わる,前方に現示の低下なし,0.0,0.0,1,42.0,先行列車なし,0,,0,0,0,後続列車なし,該当なし,該当なし,0,0,0,30,240,,,
39.0,crawl_s0_30,0,0.320455,巡航フェーズ（駅間走行中）,惰行,30.5,力行,8.6,3.37,39.72,75.0,75.0,75.0,54.1,69.3,66.0,惰行 ↔ 勾配ブレーキ,惰行,54.1,-14.3,75.0,75.0,75.0,75.0,,644.0,41.0,106.66,537.38,-16.3,0.409,3.782,390m先で勾配が-16.3‰から+2.0‰に変わる,前方に現示の低下なし,0.0,0.0,1,41.0,先行列車なし,0,,0,0,0,後続列車なし,該当なし,該当なし,0,0,0,30,240,,,
40.0,crawl_s0_30,0,0.331545,巡航フェーズ（駅間走行中）,惰行,31.5,力行,8.6,3.36,40.12,75.0,75.0,75.0,54.3,69.3,66.0,惰行 ↔ 勾配ブレーキ,惰行,54.3,-14.2,75.0,75.0,75.0,75.0,,633.0,40.0,108.82,524.13,-16.3,0.407,3.771,380m先で勾配が-16.3‰から+2.0‰に変わる,前方に現示の低下なし,0.0,0.0,1,40.0,先行列車なし,0,,0,0,0,後続列車なし,該当なし,該当なし,0,0,0,30,240,,,
41.0,crawl_s0_30,0,0.342747,巡航フェーズ（駅間走行中）,惰行,32.5,力行,8.6,3.33,40.53,75.0,75.0,75.0,54.6,69.4,66.1,惰行 ↔ 勾配ブレーキ,惰行,54.6,-14.1,75.0,75.0,75.0,75.0,,621.8,39.0,111.0,510.75,-16.3,0.406,3.735,365m先で勾配が-16.3‰から+2.0‰に変わる,前方に現示の低下なし,0.0,0.0,1,39.0,先行列車なし,0,,0,0,0,後続列車なし,該当なし,該当なし,0,0,0,30,240,,,
42.0,crawl_s0_30,0,0.354062,巡航フェーズ（駅間走行中）,惰行,33.5,力行,8.6,3.3,40.94,75.0,75.0,75.0,54.9,69.4,66.1,惰行 ↔ 勾配ブレーキ,惰行,54.9,-13.9,75.0,75.0,75.0,75.0,,610.4,38.0,113.19,497.25,-16.3,0.405,3.701,355m先で勾配が-16.3‰から+2.0‰に変わる,前方に現示の低下なし,0.0,0.0,1,38.0,先行列車なし,0,,0,0,0,後続列車なし,該当なし,該当なし,0,0,0,30,240,,,
43.0,crawl_s0_30,0,0.36549,巡航フェーズ（駅間走行中）,惰行,34.5,力行,8.6,3.26,41.34,75.0,75.0,75.0,55.1,69.5,66.2,惰行 ↔ 勾配ブレーキ,惰行,55.1,-13.8,75.0,75.0,75.0,75.0,,599.0,37.0,115.39,483.62,-16.3,0.403,3.668,345m先で勾配が-16.3‰から+2.0‰に変わる,前方に現示の低下なし,0.0,0.0,1,37.0,先行列車なし,0,,0,0,0,後続列車なし,該当なし,該当なし,0,0,0,30,240,,,
44.0,crawl_s0_30,0,0.37703,巡航フェーズ（駅間走行中）,惰行,35.5,力行,8.6,3.23,41.74,75.0,75.0,75.0,55.4,69.5,66.2,惰行 ↔ 勾配ブレーキ,惰行,55.4,-13.6,75.0,75.0,75.0,75.0,,587.5,36.0,117.6,469.87,-16.3,0.402,3.635,335m先で勾配が-16.3‰から+2.0‰に変わる,前方に現示の低下なし,0.0,0.0,1,36.0,先行列車なし,0,,0,0,0,後続列車なし,該当なし,該当なし,0,0,0,30,240,,,
45.0,crawl_s0_30,0,0.388681,巡航フェーズ（駅間走行中）,惰行,36.5,力行,8.6,3.2,42.14,75.0,75.0,75.0,55.6,69.6,66.3,惰行 ↔ 勾配ブレーキ,惰行,55.6,-13.5,75.0,75.0,75.0,75.0,,575.8,35.0,119.83,455.99,-16.3,0.4,3.603,320m先で勾配が-16.3‰から+2.0‰に変わる,前方に現示の低下なし,0.0,0.0,1,35.0,先行列車なし,0,,0,0,0,後続列車なし,該当なし,該当なし,0,0,0,30,240,,,
46.0,crawl_s0_30,0,0.400443,巡航フェーズ（駅間走行中）,惰行,37.5,力行,8.6,3.17,42.54,75.0,75.0,75.0,55.9,69.6,66.3,惰行 ↔ 勾配ブレーキ,惰行,55.9,-13.4,75.0,75.0,75.0,75.0,,564.1,34.0,122.07,441.99,-16.3,0.399,3.571,310m先で勾配が-16.3‰から+2.0‰に変わる,前方に現示の低下なし,0.0,0.0,1,34.0,先行列車なし,0,,0,0,0,後続列車なし,該当なし,該当なし,0,0,0,30,240,,,
47.0,crawl_s0_30,0,0.412317,巡航フェーズ（駅間走行中）,惰行,38.5,力行,8.6,3.14,42.94,75.0,75.0,75.0,56.2,69.7,66.4,惰行 ↔ 勾配ブレーキ,惰行,56.2,-13.2,75.0,75.0,75.0,75.0,,552.2,33.0,124.32,427.86,-16.3,0.398,3.54,300m先で勾配が-16.3‰から+2.0‰に変わる,前方に現示の低下なし,0.0,0.0,1,33.0,先行列車なし,0,,0,0,0,後続列車なし,該当なし,該当なし,0,0,0,30,240,,,
48.0,crawl_s0_30,0,0.424301,巡航フェーズ（駅間走行中）,惰行,39.5,力行,8.6,3.11,43.34,75.0,75.0,75.0,56.4,69.7,66.4,惰行 ↔ 勾配ブレーキ,惰行,56.4,-13.1,75.0,75.0,75.0,75.0,,540.2,32.0,126.58,413.62,-16.3,0.396,3.51,285m先で勾配が-16.3‰から+2.0‰に変わる,前方に現示の低下なし,0.0,0.0,1,32.0,先行列車なし,0,,0,0,0,後続列車なし,該当なし,該当なし,0,0,0,30,240,,,
49.0,crawl_s0_30,0,0.436395,巡航フェーズ（駅間走行中）,惰行,40.5,力行,8.6,3.09,43.73,75.0,75.0,75.0,56.7,69.8,66.5,惰行 ↔ 勾配ブレーキ,惰行,56.7,-13.0,75.0,75.0,75.0,75.0,,528.1,31.0,128.86,399.25,-16.3,0.395,3.481,275m先で勾配が-16.3‰から+2.0‰に変わる,前方に現示の低下なし,0.0,0.0,1,31.0,先行列車なし,0,,0,0,0,後続列車なし,該当なし,該当なし,0,0,0,30,240,,,
50.0,crawl_s0_30,0,0.448598,巡航フェーズ（駅間走行中）,惰行,41.5,力行,8.6,3.06,44.13,75.0,75.0,75.0,57.0,69.8,66.5,惰行 ↔ 勾配ブレーキ,惰行,57.0,-12.8,75.0,75.0,75.0,75.0,,515.9,30.0,131.14,384.76,-16.3,0.394,3.452,260m先で勾配が-16.3‰から+2.0‰に変わる,前方に現示の低下なし,0.0,0.0,1,30.0,先行列車なし,0,,0,0,0,後続列車なし,該当なし,該当なし,0,0,0,30,240,,,
51.0,crawl_s0_30,0,0.460911,巡航フェーズ（駅間走行中）,惰行,42.5,力行,8.6,3.03,44.52,75.0,75.0,75.0,57.2,69.9,66.6,惰行 ↔ 勾配ブレーキ,惰行,57.2,-12.7,75.0,75.0,75.0,75.0,,503.6,29.0,133.44,370.15,-16.3,0.392,3.423,250m先で勾配が-16.3‰から+2.0‰に変わる,前方に現示の低下なし,0.0,0.0,1,29.0,先行列車なし,0,,0,0,0,後続列車なし,該当なし,該当なし,0,0,0,30,240,,,
52.0,crawl_s0_30,0,0.473333,巡航フェーズ（駅間走行中）,惰行,43.4,力行,8.6,3.0,44.91,75.0,75.0,75.0,57.5,69.9,66.6,惰行 ↔ 勾配ブレーキ,惰行,57.5,-12.6,75.0,75.0,75.0,75.0,,491.2,28.0,135.75,355.42,-16.3,0.391,3.396,235m先で勾配が-16.3‰から+2.0‰に変わる,前方に現示の低下なし,0.0,0.0,1,28.0,先行列車なし,0,,0,0,0,後続列車なし,該当なし,該当なし,0,0,0,30,240,,,
53.0,crawl_s0_30,0,0.485864,巡航フェーズ（駅間走行中）,惰行,44.4,力行,8.6,2.98,45.3,75.0,75.0,75.0,57.8,69.9,66.6,惰行 ↔ 勾配ブレーキ,惰行,57.8,-12.5,75.0,75.0,75.0,75.0,,478.6,27.0,138.06,340.57,-16.3,0.39,3.368,225m先で勾配が-16.3‰から+2.0‰に変わる,前方に現示の低下なし,0.0,0.0,1,27.0,先行列車なし,0,,0,0,0,後続列車なし,該当なし,該当なし,0,0,0,30,240,,,
54.0,crawl_s0_30,0,0.498503,巡航フェーズ（駅間走行中）,惰行,45.4,力行,8.6,2.95,45.69,75.0,75.0,75.0,58.0,70.0,66.7,惰行 ↔ 勾配ブレーキ,惰行,58.0,-12.4,75.0,75.0,75.0,75.0,,466.0,26.0,140.39,325.61,-16.3,0.388,3.342,210m先で勾配が-16.3‰から+2.0‰に変わる,前方に現示の低下なし,0.0,0.0,1,26.0,先行列車なし,0,,0,0,0,後続列車なし,該当なし,該当なし,0,0,0,30,240,,,
55.0,crawl_s0_30,0,0.511249,巡航フェーズ（駅間走行中）,惰行,46.4,力行,8.6,2.93,46.08,75.0,75.0,75.0,58.3,70.0,66.7,惰行 ↔ 勾配ブレーキ,惰行,58.3,-12.2,75.0,75.0,75.0,75.0,,453.3,25.0,142.73,310.52,-16.3,0.387,3.315,200m先で勾配が-16.3‰から+2.0‰に変わる,前方に現示の低下なし,0.0,0.0,1,25.0,先行列車なし,0,,0,0,0,後続列車なし,該当なし,該当なし,0,0,0,30,240,,,
56.0,crawl_s0_30,0,0.524103,巡航フェーズ（駅間走行中）,惰行,47.4,力行,8.6,2.9,46.47,75.0,75.0,75.0,58.6,70.1,66.8,惰行 ↔ 勾配ブレーキ,惰行,58.6,-12.1,75.0,75.0,75.0,75.0,,440.4,24.0,145.08,295.32,-16.3,0.385,3.29,185m先で勾配が-16.3‰から+2.0‰に変わる,前方に現示の低下なし,0.0,0.0,1,24.0,先行列車なし,0,,0,0,0,後続列車なし,該当なし,該当なし,0,0,0,30,240,,,
57.0,crawl_s0_30,0,0.537065,巡航フェーズ（駅間走行中）,惰行,48.4,力行,8.6,2.88,46.85,75.0,75.0,75.0,58.9,70.1,66.8,惰行 ↔ 勾配ブレーキ,惰行,58.9,-12.0,75.0,75.0,75.0,75.0,,427.4,23.0,147.43,280.0,-16.3,0.384,3.264,175m先で勾配が-16.3‰から+2.0‰に変わる,前方に現示の低下なし,0.0,0.0,1,23.0,先行列車なし,0,,0,0,0,後続列車なし,該当なし,該当なし,0,0,0,30,240,,,
58.0,crawl_s0_30,0,0.550132,巡航フェーズ（駅間走行中）,惰行,49.4,力行,8.6,2.86,47.23,75.0,75.0,75.0,59.1,70.1,66.8,惰行 ↔ 勾配ブレーキ,惰行,59.1,-11.9,75.0,75.0,75.0,75.0,,414.4,22.0,149.8,264.57,-16.3,0.383,3.24,160m先で勾配が-16.3‰から+2.0‰に変わる,前方に現示の低下なし,0.0,0.0,1,22.0,先行列車なし,0,,0,0,0,後続列車なし,該当なし,該当なし,0,0,0,30,240,,,
59.0,crawl_s0_30,0,0.563306,巡航フェーズ（駅間走行中）,惰行,50.4,力行,8.6,2.83,47.62,75.0,75.0,75.0,59.4,70.2,66.9,惰行 ↔ 勾配ブレーキ,惰行,59.4,-11.8,75.0,75.0,75.0,75.0,,401.2,21.0,150.28,250.91,-16.3,0.381,3.215,145m先で勾配が-16.3‰から+2.0‰に変わる,前方に現示の低下なし,0.0,0.0,1,21.0,先行列車なし,0,,0,0,0,後続列車なし,該当なし,該当なし,0,0,0,30,240,,,
60.0,crawl_s0_30,0,0.576586,次駅への減速フェーズ（駅手前400m以内）,惰行,51.4,力行,8.6,2.81,48.0,75.0,75.0,75.0,59.7,70.2,66.9,惰行 ↔ 勾配ブレーキ,惰行,59.7,-11.7,,75.0,75.0,75.0,,387.9,20.0,148.86,239.05,-16.3,0.38,3.191,135m先で勾配が-16.3‰から+2.0‰に変わる,前方に現示の低下なし,0.0,0.0,1,20.0,先行列車なし,0,,0,0,0,後続列車なし,該当なし,該当なし,0,0,0,30,240,,,
61.0,crawl_s0_30,0,0.589972,次駅への減速フェーズ（駅手前400m以内）,惰行,52.4,力行,8.6,2.79,48.37,75.0,75.0,75.0,59.9,70.2,66.9,惰行 ↔ 勾配ブレーキ,惰行,59.9,-11.6,,75.0,75.0,75.0,,374.5,19.0,147.52,227.01,-16.3,0.378,3.168,120m先で勾配が-16.3‰から+2.0‰に変わる,前方に現示の低下なし,0.0,0.0,1,19.0,先行列車なし,0,,0,0,0,後続列車なし,該当なし,該当なし,0,0,0,30,240,,,
62.0,crawl_s0_30,0,0.603462,次駅への減速フェーズ（駅手前400m以内）,惰行,53.4,力行,8.6,2.77,48.75,75.0,75.0,75.0,60.2,70.3,67.0,惰行 ↔ 勾配ブレーキ,惰行,60.2,-11.4,,75.0,75.0,75.0,,361.0,18.0,146.22,214.82,-16.3,0.377,3.145,105m先で勾配が-16.3‰から+2.0‰に変わる,前方に現示の低下なし,0.0,0.0,1,18.0,先行列車なし,0,,0,0,0,後続列車なし,該当なし,該当なし,0,0,0,30,240,,,
63.0,crawl_s0_30,0,0.617057,次駅への減速フェーズ（駅手前400m以内）,惰行,54.4,力行,8.6,2.75,49.13,75.0,75.0,75.0,60.5,70.3,67.0,惰行 ↔ 勾配ブレーキ,惰行,60.5,-11.3,,75.0,75.0,75.0,,347.4,17.0,144.87,202.57,-16.3,0.376,3.122,95m先で勾配が-16.3‰から+2.0‰に変わる,前方に現示の低下なし,0.0,0.0,1,17.0,先行列車なし,0,,0,0,0,後続列車なし,該当なし,該当なし,0,0,0,30,240,,,
64.0,crawl_s0_30,0,0.630757,次駅への減速フェーズ（駅手前400m以内）,惰行,55.4,力行,8.6,2.73,49.5,75.0,75.0,75.0,60.7,70.3,67.1,惰行 ↔ 勾配ブレーキ,惰行,60.7,-11.2,,75.0,75.0,75.0,,333.7,16.0,143.37,190.37,-16.3,0.374,3.1,80m先で勾配が-16.3‰から+2.0‰に変わる,前方に現示の低下なし,0.0,0.0,1,16.0,先行列車なし,0,,0,0,0,後続列車なし,該当なし,該当なし,0,0,0,30,240,,,
65.0,crawl_s0_30,0,0.64456,次駅への減速フェーズ（駅手前400m以内）,惰行,56.4,力行,8.6,2.71,49.88,75.0,75.0,75.0,61.0,70.4,67.1,惰行 ↔ 勾配ブレーキ,惰行,61.0,-11.1,,75.0,75.0,75.0,,319.9,15.0,141.82,178.12,-16.3,0.373,3.078,65m先で勾配が-16.3‰から+2.0‰に変わる,前方に現示の低下なし,0.0,0.0,1,15.0,先行列車なし,0,,0,0,0,後続列車なし,該当なし,該当なし,0,0,0,30,240,,,
66.0,crawl_s0_30,0,0.658467,次駅への減速フェーズ（駅手前400m以内）,惰行,57.4,力行,8.6,2.69,50.25,75.0,75.0,75.0,61.3,70.4,67.1,惰行 ↔ 勾配ブレーキ,惰行,61.3,-11.0,,75.0,75.0,75.0,,306.0,14.0,140.61,165.42,-16.3,0.371,3.057,50m先で勾配が-16.3‰から+2.0‰に変わる,前方に現示の低下なし,0.0,0.0,1,14.0,先行列車なし,0,,0,0,0,後続列車なし,該当なし,該当なし,0,0,0,30,240,,,
67.0,crawl_s0_30,0,0.672478,次駅への減速フェーズ（駅手前400m以内）,惰行,58.4,力行,8.6,2.67,50.62,75.0,75.0,75.0,61.5,70.4,66.5,惰行 ↔ 勾配ブレーキ,惰行,61.5,-10.9,,75.0,75.0,75.0,,292.0,13.0,139.18,152.84,-16.3,0.37,3.036,40m先で勾配が-16.3‰から+2.0‰に変わる,999m先でATC現示が75km/hから70km/hに低下する,0.0,0.0,1,13.0,先行列車なし,0,,0,0,0,後続列車なし,該当なし,該当なし,0,0,0,30,240,,,
68.0,crawl_s0_30,0,0.686591,次駅への減速フェーズ（駅手前400m以内）,惰行,59.4,力行,8.6,2.65,50.99,75.0,75.0,75.0,61.8,70.5,69.9,惰行 ↔ 勾配ブレーキ,惰行,61.8,-10.8,,75.0,75.0,75.0,,277.9,12.0,137.54,140.37,-16.3,0.369,3.015,25m先で勾配が-16.3‰から+2.0‰に変わる,985m先でATC現示が75km/hから70km/hに低下する,0.0,0.0,1,12.0,先行列車なし,0,,0,0,0,後続列車なし,該当なし,該当なし,0,0,0,30,240,,,
69.0,crawl_s0_30,0,0.700806,次駅への減速フェーズ（駅手前400m以内）,惰行,60.4,力行,8.6,2.63,51.36,75.0,75.0,75.0,62.1,70.5,64.0,勾配力行 ↔ 惰行,惰行,62.1,-10.7,,75.0,75.0,75.0,,263.7,11.0,136.46,127.23,-16.3,0.367,2.995,10m先で勾配が-16.3‰から+2.0‰に変わる,971m先でATC現示が75km/hから70km/hに低下する,0.0,0.0,1,11.0,先行列車なし,0,,0,0,0,後続列車なし,該当なし,該当なし,0,0,0,30,240,,,
70.0,crawl_s0_30,0,0.715098,次駅への減速フェーズ（駅手前400m以内）,惰行,61.4,力行,8.6,2.63,51.38,75.0,75.0,75.0,62.1,71.5,65.7,勾配力行 ↔ 惰行,惰行,62.1,-10.7,,75.0,75.0,75.0,,249.4,10.0,134.67,114.73,2.0,-0.279,2.348,当面+2.0‰が続く,957m先でATC現示が75km/hから70km/hに低下する,0.0,0.0,1,10.0,先行列車なし,0,,0,0,0,後続列車なし,該当なし,該当なし,0,0,0,30,240,,,
71.0,crawl_s0_30,0,0.729331,次駅への減速フェーズ（駅手前400m以内）,惰行,62.4,力行,8.6,2.64,51.1,75.0,75.0,75.0,61.8,71.5,65.6,勾配力行 ↔ 惰行,惰行,61.8,-10.7,,75.0,75.0,75.0,,235.2,9.0,133.24,101.93,2.0,-0.277,2.363,当面+2.0‰が続く,942m先でATC現示が75km/hから70km/hに低下する,0.0,0.0,1,9.0,先行列車なし,0,,0,0,0,後続列車なし,該当なし,該当なし,0,0,0,30,240,,,
72.0,crawl_s0_30,0,0.743488,次駅への減速フェーズ（駅手前400m以内）,惰行,63.4,力行,8.6,2.66,50.83,75.0,75.0,75.0,61.5,71.4,65.6,勾配力行 ↔ 惰行,惰行,61.5,-10.7,,75.0,75.0,75.0,,221.0,8.0,131.83,89.18,2.0,-0.276,2.379,当面+2.0‰が続く,928m先でATC現示が75km/hから70km/hに低下する,0.0,0.0,1,8.0,先行列車なし,0,,0,0,0,後続列車なし,該当なし,該当なし,0,0,0,30,240,,,
73.0,crawl_s0_30,0,0.757568,次駅への減速フェーズ（駅手前400m以内）,惰行,64.4,力行,8.6,2.67,50.55,75.0,75.0,75.0,61.3,71.4,65.6,勾配力行 ↔ 惰行,惰行,61.3,-10.7,,75.0,75.0,75.0,,206.9,7.0,130.43,76.5,2.0,-0.275,2.394,当面+2.0‰が続く,914m先でATC現示が75km/hから70km/hに低下する,0.0,0.0,1,7.0,先行列車なし,0,,0,0,0,後続列車なし,該当なし,該当なし,0,0,0,30,240,,,
74.0,crawl_s0_30,0,0.771571,次駅への減速フェーズ（駅手前400m以内）,惰行,65.4,力行,8.6,2.68,50.28,75.0,75.0,75.0,61.0,71.4,65.6,勾配力行 ↔ 惰行,惰行,61.0,-10.7,,75.0,75.0,75.0,,192.9,6.0,129.04,63.88,2.0,-0.274,2.41,当面+2.0‰が続く,900m先でATC現示が75km/hから70km/hに低下する,0.0,0.0,1,6.0,先行列車なし,0,,0,0,0,後続列車なし,該当なし,該当なし,0,0,0,30,240,,,
75.0,crawl_s0_30,0,0.785498,次駅への減速フェーズ（駅手前400m以内）,惰行,66.4,力行,8.6,2.7,50.0,75.0,75.0,75.0,59.4,71.4,65.5,勾配力行 ↔ 惰行,惰行,59.4,-9.4,,75.0,75.0,75.0,,179.0,5.0,127.67,51.33,2.0,-0.273,2.426,当面+2.0‰が続く,886m先でATC現示が75km/hから70km/hに低下する,0.0,0.0,1,5.0,先行列車なし,0,,0,0,0,後続列車なし,該当なし,該当なし,0,0,0,30,240,,,
76.0,crawl_s0_30,0,0.79935,次駅への減速フェーズ（駅手前400m以内）,惰行,67.4,力行,8.6,2.71,49.73,75.0,75.0,75.0,57.0,71.3,65.5,勾配力行 ↔ 惰行,惰行,57.0,-7.3,,75.0,75.0,75.0,,165.2,4.0,126.31,38.84,2.0,-0.272,2.441,当面+2.0‰が続く,872m先でATC現示が75km/hから70km/hに低下する,0.0,0.0,1,4.0,先行列車なし,0,,0,0,0,後続列車なし,該当なし,該当なし,0,0,0,30,240,,,
77.0,crawl_s0_30,0,0.813125,次駅への減速フェーズ（駅手前400m以内）,惰行,68.4,力行,8.6,2.73,49.46,75.0,75.0,75.0,54.6,71.3,65.5,勾配力行 ↔ 惰行,惰行,54.6,-5.1,,75.0,75.0,75.0,,151.4,3.0,124.96,26.42,2.0,-0.271,2.457,当面+2.0‰が続く,859m先でATC現示が75km/hから70km/hに低下する,0.0,0.0,1,3.0,先行列車なし,0,,0,0,0,後続列車なし,該当なし,該当なし,0,0,0,30,240,,,
78.0,crawl_s0_30,0,0.826826,次駅への減速フェーズ（駅手前400m以内）,惰行,69.4,力行,8.6,2.74,49.19,75.0,75.0,75.0,52.0,71.3,65.5,勾配力行 ↔ 惰行,惰行,52.0,-2.8,,75.0,75.0,75.0,,137.7,2.0,123.62,14.06,2.0,-0.27,2.473,当面+2.0‰が続く,845m先でATC現示が75km/hから70km/hに低下する,0.0,0.0,1,2.0,先行列車なし,0,,0,0,0,後続列車なし,該当なし,該当なし,0,0,0,30,240,,,
78.5,crawl_s0_30,0,0.833648,次駅への減速フェーズ（駅手前400m以内）,惰行,69.9,力行,8.6,2.75,49.05,75.0,75.0,75.0,50.6,71.3,65.5,勾配力行 ↔ 惰行,惰行,50.6,-1.6,,75.0,75.0,75.0,,130.9,1.5,122.95,7.9,2.0,-0.27,2.481,当面+2.0‰が続く,838m先でATC現示が75km/hから70km/hに低下する,0.0,0.0,1,1.5,先行列車なし,0,,0,0,0,後続列車なし,該当なし,該当なし,0,0,0,30,240,,,
79.0,crawl_s0_30,0,0.840451,次駅への減速フェーズ（駅手前400m以内）,惰行,70.4,力行,8.6,2.76,48.92,75.0,75.0,75.0,49.3,71.3,65.4,勾配力行 ↔ 惰行,惰行,49.3,-0.4,,75.0,75.0,75.0,,124.0,1.0,122.29,1.76,2.0,-0.269,2.489,当面+2.0‰が続く,831m先でATC現示が75km/hから70km/hに低下する,0.0,0.0,1,1.0,先行列車なし,0,,0,0,0,後続列車なし,該当なし,該当なし,0,0,0,30,240,,,
79.5,crawl_s0_30,0,0.847192,次駅への減速フェーズ（駅手前400m以内）,制動,0.4,惰行,70.6,2.5,47.91,75.0,75.0,75.0,47.9,71.2,65.4,勾配力行 ↔ 惰行,惰行,47.9,0.0,,75.0,75.0,75.0,,117.3,0.5,117.39,-0.08,2.0,-0.266,2.551,当面+2.0‰が続く,825m先でATC現示が75km/hから70km/hに低下する,0.0,0.0,1,0.5,先行列車なし,0,,0,0,0,後続列車なし,該当なし,該当なし,0,0,0,30,240,,,
80.0,crawl_s0_30,0,0.853748,次駅への減速フェーズ（駅手前400m以内）,制動,0.9,惰行,70.6,2.5,46.53,75.0,75.0,75.0,46.6,71.0,65.2,勾配力行 ↔ 惰行,惰行,46.6,-0.0,,75.0,75.0,75.0,,110.8,0.0,110.83,-0.08,2.0,-0.26,2.64,当面+2.0‰が続く,818m先でATC現示が75km/hから70km/hに低下する,0.0,0.0,1,0.0,先行列車なし,0,,0,0,0,後続列車なし,該当なし,該当なし,0,0,0,30,240,,,
80.5,crawl_s0_30,0,0.860112,次駅への減速フェーズ（駅手前400m以内）,制動,1.4,惰行,70.6,2.5,45.15,75.0,75.0,75.0,45.2,70.9,65.1,勾配力行 ↔ 惰行,惰行,45.2,-0.0,,75.0,75.0,75.0,,104.4,0.0,104.46,-0.07,2.0,-0.256,2.733,当面+2.0‰が続く,812m先でATC現示が75km/hから70km/hに低下する,0.5,0.5,1,0.0,先行列車なし,0,,0,0,0,後続列車なし,該当なし,該当なし,0,0,0,30,240,,,
81.0,crawl_s0_30,0,0.866285,次駅への減速フェーズ（駅手前400m以内）,制動,1.9,惰行,70.6,2.5,43.77,75.0,75.0,75.0,43.8,70.8,64.9,勾配力行 ↔ 惰行,惰行,43.8,-0.0,,75.0,75.0,75.0,,98.2,0.0,98.29,-0.07,2.0,-0.251,2.832,当面+2.0‰が続く,806m先でATC現示が75km/hから70km/hに低下する,1.0,1.0,1,0.0,先行列車なし,0,,0,0,0,後続列車なし,該当なし,該当なし,0,0,0,30,240,,,
81.5,crawl_s0_30,0,0.872267,次駅への減速フェーズ（駅手前400m以内）,制動,2.4,惰行,70.6,2.5,42.4,75.0,75.0,75.0,42.4,70.6,64.8,勾配力行 ↔ 惰行,惰行,42.4,-0.0,,75.0,75.0,75.0,,92.2,0.0,92.3,-0.07,2.0,-0.246,2.937,当面+2.0‰が続く,800m先でATC現示が75km/hから70km/hに低下する,1.5,1.5,1,0.0,先行列車なし,0,,0,0,0,後続列車なし,該当なし,該当なし,0,0,0,30,240,,,
82.0,crawl_s0_30,0,0.878058,次駅への減速フェーズ（駅手前400m以内）,制動,2.9,惰行,70.6,2.5,41.03,75.0,75.0,75.0,41.1,70.4,64.6,勾配力行 ↔ 惰行,惰行,41.1,-0.0,,75.0,75.0,75.0,,86.4,0.0,86.51,-0.07,2.0,-0.241,3.048,当面+2.0‰が続く,794m先でATC現示が75km/hから70km/hに低下する,2.0,2.0,1,0.0,先行列車なし,0,,0,0,0,後続列車なし,該当なし,該当なし,0,0,0,30,240,,,
82.5,crawl_s0_30,0,0.883659,次駅への減速フェーズ（駅手前400m以内）,制動,3.4,惰行,70.6,2.5,39.66,75.0,75.0,75.0,39.7,70.3,64.5,勾配力行 ↔ 惰行,惰行,39.7,-0.0,,75.0,75.0,75.0,,80.8,0.0,80.91,-0.07,2.0,-0.237,3.137,当面+2.0‰が続く,788m先でATC現示が75km/hから70km/hに低下する,2.5,2.5,1,0.0,先行列車なし,0,,0,0,0,後続列車なし,該当なし,該当なし,0,0,0,30,240,,,
83.0,crawl_s0_30,0,0.88907,次駅への減速フェーズ（駅手前400m以内）,制動,3.9,惰行,70.6,2.5,38.29,75.0,75.0,75.0,38.3,70.3,64.5,勾配力行 ↔ 惰行,惰行,38.3,-0.0,,75.0,75.0,75.0,,75.4,0.0,75.49,-0.06,2.0,-0.232,3.141,当面+2.0‰が続く,783m先でATC現示が75km/hから70km/hに低下する,3.0,3.0,1,0.0,先行列車なし,0,,0,0,0,後続列車なし,該当なし,該当なし,0,0,0,30,240,,,
83.5,crawl_s0_30,0,0.894291,次駅への減速フェーズ（駅手前400m以内）,制動,4.4,惰行,70.6,2.5,36.92,75.0,75.0,75.0,37.0,70.3,64.5,勾配力行 ↔ 惰行,惰行,37.0,-0.0,,75.0,75.0,75.0,,70.2,0.0,70.27,-0.06,2.0,-0.228,3.146,当面+2.0‰が続く,778m先でATC現示が75km/hから70km/hに低下する,3.5,3.5,1,0.0,先行列車なし,0,,0,0,0,後続列車なし,該当なし,該当なし,0,0,0,30,240,,,
84.0,crawl_s0_30,0,0.899323,次駅への減速フェーズ（駅手前400m以内）,制動,4.9,惰行,70.6,2.5,35.56,75.0,75.0,75.0,35.6,70.3,64.5,勾配力行 ↔ 惰行,惰行,35.6,-0.0,,75.0,75.0,75.0,,65.2,0.0,65.24,-0.06,2.0,-0.224,3.15,当面+2.0‰が続く,772m先でATC現示が75km/hから70km/hに低下する,4.0,4.0,1,0.0,先行列車なし,0,,0,0,0,後続列車なし,該当なし,該当なし,0,0,0,30,240,,,
84.5,crawl_s0_30,0,0.904165,次駅への減速フェーズ（駅手前400m以内）,制動,5.4,惰行,70.6,2.5,34.2,75.0,75.0,75.0,34.2,70.3,64.4,勾配力行 ↔ 惰行,惰行,34.2,-0.0,,75.0,75.0,75.0,,60.3,0.0,60.39,-0.06,2.0,-0.22,3.154,当面+2.0‰が続く,768m先でATC現示が75km/hから70km/hに低下する,4.5,4.5,1,0.0,先行列車なし,0,,0,0,0,後続列車なし,該当なし,該当なし,0,0,0,30,240,,,
85.0,crawl_s0_30,0,0.908819,次駅への減速フェーズ（駅手前400m以内）,制動,5.9,惰行,70.6,2.5,32.84,75.0,75.0,75.0,32.9,70.3,64.4,勾配力行 ↔ 惰行,惰行,32.9,-0.0,,75.0,75.0,75.0,,55.7,0.0,55.74,-0.06,2.0,-0.216,3.158,当面+2.0‰が続く,763m先でATC現示が75km/hから70km/hに低下する,5.0,5.0,1,0.0,先行列車なし,0,,0,0,0,後続列車なし,該当なし,該当なし,0,0,0,30,240,,,
85.5,crawl_s0_30,0,0.913284,次駅への減速フェーズ（駅手前400m以内）,制動,6.4,惰行,70.6,2.5,31.48,75.0,75.0,75.0,31.5,70.3,64.4,勾配力行 ↔ 惰行,惰行,31.5,-0.0,,75.0,75.0,75.0,,51.2,0.0,51.27,-0.05,2.0,-0.212,3.162,当面+2.0‰が続く,759m先でATC現示が75km/hから70km/hに低下する,5.5,5.5,1,0.0,先行列車なし,0,,0,0,0,後続列車なし,該当なし,該当なし,0,0,0,30,240,,,
86.0,crawl_s0_30,0,0.917561,次駅への減速フェーズ（駅手前400m以内）,制動,6.9,惰行,70.6,2.5,30.13,75.0,75.0,75.0,30.2,70.3,64.4,勾配力行 ↔ 惰行,惰行,30.2,-0.0,,75.0,75.0,75.0,,46.9,0.0,46.99,-0.05,2.0,-0.208,3.166,当面+2.0‰が続く,754m先でATC現示が75km/hから70km/hに低下する,6.0,6.0,1,0.0,先行列車なし,0,,0,0,0,後続列車なし,該当なし,該当なし,0,0,0,30,240,,,
86.5,crawl_s0_30,0,0.921649,次駅への減速フェーズ（駅手前400m以内）,制動,7.4,惰行,70.6,2.5,28.78,75.0,75.0,75.0,28.8,70.2,64.4,勾配力行 ↔ 惰行,惰行,28.8,-0.0,,75.0,75.0,75.0,,42.9,0.0,42.9,-0.05,2.0,-0.204,3.17,当面+2.0‰が続く,750m先でATC現示が75km/hから70km/hに低下する,6.5,6.5,1,0.0,先行列車なし,0,,0,0,0,後続列車なし,該当なし,該当なし,0,0,0,30,240,,,
87.0,crawl_s0_30,0,0.92555,次駅への減速フェーズ（駅手前400m以内）,制動,7.9,惰行,70.6,2.5,27.42,75.0,75.0,75.0,27.5,70.2,64.4,勾配力行 ↔ 惰行,惰行,27.5,-0.0,,75.0,75.0,75.0,,38.9,0.0,39.0,-0.05,2.0,-0.2,3.173,当面+2.0‰が続く,746m先でATC現示が75km/hから70km/hに低下する,7.0,7.0,1,0.0,先行列車なし,0,,0,0,0,後続列車なし,該当なし,該当なし,0,0,0,30,240,,,
87.5,crawl_s0_30,0,0.929263,次駅への減速フェーズ（駅手前400m以内）,制動,8.4,惰行,70.6,2.5,26.08,75.0,75.0,75.0,26.1,70.2,64.4,勾配力行 ↔ 惰行,惰行,26.1,-0.0,,75.0,75.0,75.0,,35.2,0.0,35.28,-0.05,2.0,-0.197,3.177,当面+2.0‰が続く,743m先でATC現示が75km/hから70km/hに低下する,7.5,7.5,1,0.0,先行列車なし,0,,0,0,0,後続列車なし,該当なし,該当なし,0,0,0,30,240,,,
88.0,crawl_s0_30,0,0.93279,次駅への減速フェーズ（駅手前400m以内）,制動,8.9,惰行,70.6,2.5,24.73,75.0,75.0,75.0,24.8,70.2,64.4,勾配力行 ↔ 惰行,惰行,24.8,-0.0,,75.0,75.0,75.0,,31.7,0.0,31.76,-0.04,2.0,-0.193,3.181,当面+2.0‰が続く,739m先でATC現示が75km/hから70km/hに低下する,8.0,8.0,1,0.0,先行列車なし,0,,0,0,0,後続列車なし,該当なし,該当なし,0,0,0,30,240,,,
88.5,crawl_s0_30,0,0.936129,次駅への減速フェーズ（駅手前400m以内）,制動,9.4,惰行,70.6,2.5,23.38,75.0,75.0,75.0,23.4,70.2,64.4,勾配力行 ↔ 惰行,惰行,23.4,-0.0,,75.0,75.0,75.0,,28.4,0.0,28.41,-0.04,2.0,-0.19,3.184,当面+2.0‰が続く,736m先でATC現示が75km/hから70km/hに低下する,8.5,8.5,1,0.0,先行列車なし,0,,0,0,0,後続列車なし,該当なし,該当なし,0,0,0,30,240,,,
89.0,crawl_s0_30,0,0.939281,次駅への減速フェーズ（駅手前400m以内）,制動,9.9,惰行,70.6,2.5,22.04,75.0,75.0,75.0,22.1,70.2,64.4,勾配力行 ↔ 惰行,惰行,22.1,-0.1,,75.0,75.0,75.0,,25.2,0.0,25.26,-0.04,2.0,-0.186,3.187,当面+2.0‰が続く,733m先でATC現示が75km/hから70km/hに低下する,9.0,9.0,1,0.0,先行列車なし,0,,0,0,0,後続列車なし,該当なし,該当なし,0,0,0,30,240,,,
89.5,crawl_s0_30,0,0.942247,次駅への減速フェーズ（駅手前400m以内）,制動,10.4,惰行,70.6,2.5,20.7,75.0,75.0,75.0,20.7,70.2,64.4,勾配力行 ↔ 惰行,惰行,20.7,-0.1,,75.0,75.0,75.0,,22.3,0.0,22.29,-0.04,2.0,-0.183,3.19,当面+2.0‰が続く,730m先でATC現示が75km/hから70km/hに低下する,9.5,9.5,1,0.0,先行列車なし,0,,0,0,0,後続列車なし,該当なし,該当なし,0,0,0,30,240,,,
90.0,crawl_s0_30,0,0.945026,次駅への減速フェーズ（駅手前400m以内）,制動,10.9,惰行,70.6,2.5,19.35,75.0,75.0,75.0,19.4,70.2,64.4,勾配力行 ↔ 惰行,惰行,19.4,-0.1,,75.0,75.0,75.0,,19.5,0.0,19.51,-0.04,2.0,-0.18,3.194,当面+2.0‰が続く,727m先でATC現示が75km/hから70km/hに低下する,10.0,10.0,1,0.0,先行列車なし,0,,0,0,0,後続列車なし,該当なし,該当なし,0,0,0,30,240,,,
90.5,crawl_s0_30,0,0.947619,次駅への減速フェーズ（駅手前400m以内）,制動,11.4,惰行,70.6,2.5,18.02,75.0,75.0,75.0,18.1,70.2,64.4,勾配力行 ↔ 惰行,惰行,18.1,-0.1,,75.0,75.0,75.0,,16.9,0.0,16.92,-0.04,2.0,-0.177,3.197,当面+2.0‰が続く,724m先でATC現示が75km/hから70km/hに低下する,10.5,10.5,1,0.0,先行列車なし,0,,0,0,0,後続列車なし,該当なし,該当なし,0,0,0,30,240,,,
91.0,crawl_s0_30,0,0.950027,次駅への減速フェーズ（駅手前400m以内）,制動,11.9,惰行,70.6,2.5,16.68,75.0,75.0,75.0,16.7,70.2,64.4,勾配力行 ↔ 惰行,惰行,16.7,-0.1,,75.0,75.0,75.0,,14.5,0.0,14.51,-0.03,2.0,-0.174,3.2,当面+2.0‰が続く,722m先でATC現示が75km/hから70km/hに低下する,11.0,11.0,1,0.0,先行列車なし,0,,0,0,0,後続列車なし,該当なし,該当なし,0,0,0,30,240,,,
91.5,crawl_s0_30,0,0.952248,次駅への減速フェーズ（駅手前400m以内）,制動,12.4,惰行,70.6,2.5,15.34,75.0,75.0,75.0,15.4,70.2,64.4,勾配力行 ↔ 惰行,惰行,15.4,-0.1,,75.0,75.0,75.0,,12.3,0.0,12.28,-0.03,2.0,-0.171,3.203,当面+2.0‰が続く,720m先でATC現示が75km/hから70km/hに低下する,11.5,11.5,1,0.0,先行列車なし,0,,0,0,0,後続列車なし,該当なし,該当なし,0,0,0,30,240,,,
92.0,crawl_s0_30,0,0.954285,次駅への減速フェーズ（駅手前400m以内）,制動,12.9,惰行,70.6,2.5,14.01,75.0,75.0,75.0,14.1,70.2,64.4,勾配力行 ↔ 惰行,惰行,14.1,-0.1,,75.0,75.0,75.0,,10.2,0.0,10.25,-0.03,2.0,-0.168,3.205,当面+2.0‰が続く,718m先でATC現示が75km/hから70km/hに低下する,12.0,12.0,1,0.0,先行列車なし,0,,0,0,0,後続列車なし,該当なし,該当なし,0,0,0,30,240,,,
92.5,crawl_s0_30,0,0.956136,次駅への減速フェーズ（駅手前400m以内）,制動,13.4,惰行,70.6,2.5,12.67,75.0,75.0,75.0,12.8,70.2,64.4,勾配力行 ↔ 惰行,惰行,12.8,-0.1,,75.0,75.0,75.0,,8.4,0.0,8.39,-0.03,2.0,-0.166,3.208,当面+2.0‰が続く,716m先でATC現示が75km/hから70km/hに低下する,12.5,12.5,1,0.0,先行列車なし,0,,0,0,0,後続列車なし,該当なし,該当なし,0,0,0,30,240,,,
93.0,crawl_s0_30,0,0.957801,次駅への減速フェーズ（駅手前400m以内）,制動,13.9,惰行,70.6,2.5,11.34,75.0,75.0,75.0,11.4,70.2,64.4,勾配力行 ↔ 惰行,惰行,11.4,-0.1,,75.0,75.0,75.0,,6.7,0.0,6.72,-0.03,2.0,-0.163,3.211,当面+2.0‰が続く,714m先でATC現示が75km/hから70km/hに低下する,13.0,13.0,1,0.0,先行列車なし,0,,0,0,0,後続列車なし,該当なし,該当なし,0,0,0,30,240,,,
93.5,crawl_s0_30,0,0.959282,次駅への減速フェーズ（駅手前400m以内）,制動,14.4,惰行,70.6,2.5,10.01,75.0,75.0,75.0,10.1,70.2,64.4,勾配力行 ↔ 惰行,惰行,10.1,-0.1,,75.0,75.0,75.0,,5.2,0.0,5.24,-0.02,2.0,-0.161,3.213,当面+2.0‰が続く,713m先でATC現示が75km/hから70km/hに低下する,13.5,13.5,1,0.0,先行列車なし,0,,0,0,0,後続列車なし,該当なし,該当なし,0,0,0,30,240,,,
94.0,crawl_s0_30,0,0.960578,次駅への減速フェーズ（駅手前400m以内）,制動,14.9,惰行,70.6,2.5,8.68,75.0,75.0,75.0,8.8,70.2,64.4,勾配力行 ↔ 惰行,惰行,8.8,-0.1,,75.0,75.0,75.0,,3.9,0.0,3.94,-0.02,2.0,-0.158,3.216,当面+2.0‰が続く,711m先でATC現示が75km/hから70km/hに低下する,14.0,14.0,1,0.0,先行列車なし,0,,0,0,0,後続列車なし,該当なし,該当なし,0,0,0,30,240,,,
94.5,crawl_s0_30,0,0.96169,次駅への減速フェーズ（駅手前400m以内）,制動,15.4,惰行,70.6,2.5,7.35,75.0,75.0,75.0,7.5,70.2,64.4,勾配力行 ↔ 惰行,惰行,7.5,-0.1,,75.0,75.0,75.0,,2.8,0.0,2.83,-0.02,2.0,-0.156,3.218,当面+2.0‰が続く,710m先でATC現示が75km/hから70km/hに低下する,14.5,14.5,1,0.0,先行列車なし,0,,0,0,0,後続列車なし,該当なし,該当なし,0,0,0,30,240,,,
95.0,crawl_s0_30,0,0.962617,次駅への減速フェーズ（駅手前400m以内）,制動,15.9,惰行,70.6,2.5,6.02,75.0,75.0,75.0,6.2,70.2,64.3,勾配力行 ↔ 惰行,惰行,6.2,-0.2,,75.0,75.0,75.0,,1.9,0.0,1.9,-0.02,2.0,-0.153,3.22,当面+2.0‰が続く,709m先でATC現示が75km/hから70km/hに低下する,15.0,15.0,1,0.0,先行列車なし,0,,0,0,0,後続列車なし,該当なし,該当なし,0,0,0,30,240,,,
95.5,crawl_s0_30,0,0.963359,次駅への減速フェーズ（駅手前400m以内）,制動,16.4,惰行,70.6,2.5,4.7,75.0,75.0,75.0,4.9,70.2,64.3,勾配力行 ↔ 惰行,惰行,4.9,-0.2,,75.0,75.0,75.0,,1.1,0.0,1.16,-0.02,2.0,-0.151,3.222,当面+2.0‰が続く,708m先でATC現示が75km/hから70km/hに低下する,15.5,15.5,1,0.0,先行列車なし,0,,0,0,0,後続列車なし,該当なし,該当なし,0,0,0,30,240,,,
96.0,crawl_s0_30,0,0.963918,次駅への減速フェーズ（駅手前400m以内）,制動,16.9,惰行,70.6,2.5,3.37,75.0,75.0,75.0,3.7,70.2,64.3,勾配力行 ↔ 惰行,惰行,3.7,-0.3,,75.0,75.0,75.0,,0.6,0.0,0.6,-0.01,2.0,-0.149,3.224,当面+2.0‰が続く,708m先でATC現示が75km/hから70km/hに低下する,16.0,16.0,1,0.0,先行列車なし,0,,0,0,0,後続列車なし,該当なし,該当なし,0,0,0,30,240,,,
96.5,crawl_s0_30,0,0.964293,次駅への減速フェーズ（駅手前400m以内）,制動,17.4,惰行,70.6,2.5,2.05,75.0,75.0,75.0,2.5,70.2,64.3,勾配力行 ↔ 惰行,惰行,2.5,-0.5,,75.0,75.0,75.0,,0.2,0.0,0.22,-0.01,2.0,-0.147,3.226,当面+2.0‰が続く,708m先でATC現示が75km/hから70km/hに低下する,16.5,16.5,1,0.0,先行列車なし,0,,0,0,0,後続列車なし,該当なし,該当なし,0,0,0,30,240,,,
97.0,crawl_s0_30,0,0.964484,次駅への減速フェーズ（駅手前400m以内）,制動,17.9,惰行,70.6,2.5,0.73,75.0,75.0,75.0,1.8,70.2,64.3,勾配力行 ↔ 惰行,惰行,1.8,-1.0,,75.0,75.0,75.0,,0.0,0.0,0.03,-0.01,2.0,-0.145,3.228,当面+2.0‰が続く,707m先でATC現示が75km/hから70km/hに低下する,17.0,17.0,1,0.0,先行列車なし,0,,0,0,0,後続列車なし,該当なし,該当なし,0,0,0,30,240,,,
0.0,early_coast_s1_a,1,0.9645,駅出発直後の加速フェーズ（20秒以内）,力行,0.0,なし（または停止）,0.0,0.0,0.0,75.0,75.0,75.0,0.0,70.2,64.3,勾配力行 ↔ 惰行,惰行,0.0,-0.0,50.4,75.0,58.8,58.8,,1058.0,85.0,0.0,1058.0,2.0,-0.144,3.229,265m先で勾配が+2.0‰から+3.5‰に変わる,707m先でATC現示が75km/hから70km/hに低下する,0.0,0.0,1,85.0,先行列車なし,0,,0,0,0,後続列車なし,該当なし,該当なし,0,0,0,30,240,,,
1.0,early_coast_s1_a,1,0.964953,駅出発直後の加速フェーズ（20秒以内）,力行,1.0,なし（または停止）,0.0,0.0,3.23,75.0,75.0,75.0,3.2,70.2,64.3,勾配力行 ↔ 惰行,惰行,3.2,0.0,51.3,75.0,58.8,58.8,,1057.5,84.0,0.55,1057.0,2.0,-0.149,3.225,265m先で勾配が+2.0‰から+3.5‰に変わる,707m先でATC現示が75km/hから70km/hに低下する,0.0,0.0,1,84.0,先行列車なし,0,,0,0,0,後続列車なし,該当なし,該当なし,0,0,0,30,240,,,
2.0,early_coast_s1_a,1,0.966301,駅出発直後の加速フェーズ（20秒以内）,力行,2.0,なし（または停止）,0.0,0.0,6.45,75.0,75.0,75.0,6.4,70.2,64.3,勾配力行 ↔ 惰行,惰行,6.4,-0.0,52.0,75.0,58.8,58.8,,1056.2,83.0,2.18,1054.02,2.0,-0.154,3.219,265m先で勾配が+2.0‰から+3.5‰に変わる,705m先でATC現示が75km/hから70km/hに低下する,0.0,0.0,1,83.0,先行列車なし,0,,0,0,0,後続列車なし,該当なし,該当なし,0,0,0,30,240,,,
3.0,early_coast_s1_a,1,0.968544,駅出発直後の加速フェーズ（20秒以内）,力行,3.0,なし（または停止）,0.0,0.0,9.67,75.0,75.0,75.0,9.7,70.2,64.4,勾配力行 ↔ 惰行,惰行,9.7,-0.0,52.8,75.0,58.8,58.8,,1054.0,82.0,4.89,1049.07,2.0,-0.16,3.214,260m先で勾配が+2.0‰から+3.5‰に変わる,703m先でATC現示が75km/hから70km/hに低下する,0.0,0.0,1,82.0,先行列車なし,0,,0,0,0,後続列車なし,該当なし,該当なし,0,0,0,30,240,,,
4.0,early_coast_s1_a,1,0.97168,駅出発直後の加速フェーズ（20秒以内）,力行,4.0,なし（または停止）,0.0,0.0,12.88,75.0,75.0,75.0,12.9,70.2,64.4,勾配力行 ↔ 惰行,惰行,12.9,0.0,53.3,75.0,58.8,58.8,,1050.8,81.0,8.66,1042.16,2.0,-0.166,3.208,260m先で勾配が+2.0‰から+3.5‰に変わる,700m先でATC現示が75km/hから70km/hに低下する,0.0,0.0,1,81.0,先行列車なし,0,,0,0,0,後続列車なし,該当なし,該当なし,0,0,0,30,240,,,
5.0,early_coast_s1_a,1,0.975706,駅出発直後の加速フェーズ（20秒以内）,力行,5.0,なし（または停止）,0.0,0.0,16.08,75.0,75.0,75.0,16.1,70.2,64.4,勾配力行 ↔ 惰行,惰行,16.1,-0.0,54.1,75.0,59.0,59.0,,1046.8,80.0,13.49,1033.3,2.0,-0.173,3.201,255m先で勾配が+2.0‰から+3.5‰に変わる,696m先でATC現示が75km/hから70km/hに低下する,0.0,0.0,1,80.0,先行列車なし,0,,0,0,0,後続列車なし,該当なし,該当なし,0,0,0,30,240,,,
6.0,early_coast_s1_a,1,0.980622,駅出発直後の加速フェーズ（20秒以内）,力行,6.0,なし（または停止）,0.0,0.0,19.28,75.0,75.0,75.0,19.3,70.2,64.4,勾配力行 ↔ 惰行,惰行,19.3,0.0,54.5,75.0,59.0,59.0,,1041.9,79.0,19.36,1022.52,2.0,-0.18,3.194,250m先で勾配が+2.0‰から+3.5‰に変わる,691m先でATC現示が75km/hから70km/hに低下する,0.0,0.0,1,79.0,先行列車なし,0,,0,0,0,後続列車なし,該当なし,該当なし,0,0,0,30,240,,,
7.0,early_coast_s1_a,1,0.986425,駅出発直後の加速フェーズ（20秒以内）,力行,7.0,なし（または停止）,0.0,0.0,22.47,75.0,75.0,75.0,22.5,70.2,64.4,勾配力行 ↔ 惰行,惰行,22.5,0.0,55.2,75.0,59.0,59.0,,1036.1,78.0,26.25,1009.82,2.0,-0.188,3.186,245m先で勾配が+2.0‰から+3.5‰に変わる,685m先でATC現示が75km/hから70km/hに低下する,0.0,0.0,1,78.0,先行列車なし,0,,0,0,0,後続列車なし,該当なし,該当なし,0,0,0,30,240,,,
8.0,early_coast_s1_a,1,0.993113,駅出発直後の加速フェーズ（20秒以内）,力行,8.0,なし（または停止）,0.0,0.0,25.65,75.0,75.0,75.0,25.7,70.2,64.4,勾配力行 ↔ 惰行,惰行,25.7,0.0,56.0,75.0,59.0,59.0,,1029.4,77.0,34.15,995.24,2.0,-0.196,3.178,235m先で勾配が+2.0‰から+3.5‰に変わる,679m先でATC現示が75km/hから70km/hに低下する,0.0,0.0,1,77.0,先行列車なし,0,,0,0,0,後続列車なし,該当なし,該当なし,0,0,0,30,240,,,
9.0,early_coast_s1_a,1,1.000683,駅出発直後の加速フェーズ（20秒以内）,力行,9.0,なし（または停止）,0.0,0.0,28.82,75.0,75.0,75.0,28.8,70.2,64.4,勾配力行 ↔ 惰行,惰行,28.8,-0.0,56.1,75.0,59.0,59.0,,1021.8,76.0,43.05,978.77,2.0,-0.204,3.17,230m先で勾配が+2.0‰から+3.5‰に変わる,671m先でATC現示が75km/hから70km/hに低下する,0.0,0.0,1,76.0,先行列車なし,0,,0,0,0,後続列車なし,該当なし,該当なし,0,0,0,30,240,,,
10.0,early_coast_s1_a,1,1.009134,駅出発直後の加速フェーズ（20秒以内）,力行,10.0,なし（または停止）,0.0,0.0,31.99,75.0,75.0,75.0,32.0,70.3,64.4,勾配力行 ↔ 惰行,惰行,32.0,-0.0,57.0,75.0,59.0,59.0,,1013.4,75.0,52.92,960.45,2.0,-0.213,3.161,220m先で勾配が+2.0‰から+3.5‰に変わる,663m先でATC現示が75km/hから70km/hに低下する,0.0,0.0,1,75.0,先行列車なし,0,,0,0,0,後続列車なし,該当なし,該当なし,0,0,0,30,240,,,
11.0,early_coast_s1_a,1,1.018463,駅出発直後の加速フェーズ（20秒以内）,力行,11.0,なし（または停止）,0.0,0.0,35.15,75.0,75.0,75.0,35.1,70.3,64.5,勾配力行 ↔ 惰行,惰行,35.1,-0.0,57.2,75.0,59.0,59.0,,1004.0,74.0,63.74,940.29,2.0,-0.223,3.151,210m先で勾配が+2.0‰から+3.5‰に変わる,653m先でATC現示が75km/hから70km/hに低下する,0.0,0.0,1,74.0,先行列車なし,0,,0,0,0,後続列車なし,該当なし,該当なし,0,0,0,30,240,,,
12.0,early_coast_s1_a,1,1.028668,駅出発直後の加速フェーズ（20秒以内）,力行,12.0,なし（または停止）,0.0,0.0,38.29,75.0,75.0,75.0,38.3,70.3,64.5,勾配力行 ↔ 惰行,惰行,38.3,0.0,57.9,75.0,59.0,59.0,,993.8,73.0,75.51,918.32,2.0,-0.232,3.141,200m先で勾配が+2.0‰から+3.5‰に変わる,643m先でATC現示が75km/hから70km/hに低下する,0.0,0.0,1,73.0,先行列車なし,0,,0,0,0,後続列車なし,該当なし,該当なし,0,0,0,30,240,,,
13.0,early_coast_s1_a,1,1.039743,駅出発直後の加速フェーズ（20秒以内）,惰行,0.0,力行,13.0,3.26,41.34,75.0,75.0,75.0,41.4,70.5,64.6,勾配力行 ↔ 惰行,惰行,41.4,-0.1,57.9,75.0,59.0,59.0,,982.8,72.0,87.81,894.94,2.0,-0.242,3.022,190m先で勾配が+2.0‰から+3.5‰に変わる,632m先でATC現示が75km/hから70km/hに低下する,0.0,0.0,1,72.0,先行列車なし,0,,0,0,0,後続列車なし,該当なし,該当なし,0,0,0,30,240,,,
14.0,early_coast_s1_a,1,1.051192,駅出発直後の加速フェーズ（20秒以内）,惰行,1.0,力行,13.0,3.28,41.1,75.0,75.0,75.0,44.2,70.4,64.6,勾配力行 ↔ 惰行,惰行,44.2,-3.1,58.2,75.0,59.7,59.7,,971.3,71.0,86.8,884.51,2.0,-0.242,3.042,180m先で勾配が+2.0‰から+3.5‰に変わる,621m先でATC現示が75km/hから70km/hに低下する,0.0,0.0,1,71.0,先行列車なし,0,,0,0,0,後続列車なし,該当なし,該当なし,0,0,0,30,240,,,
15.0,early_coast_s1_a,1,1.062573,駅出発直後の加速フェーズ（20秒以内）,惰行,2.0,力行,13.0,3.3,40.85,75.0,75.0,75.0,46.6,70.4,64.6,勾配力行 ↔ 惰行,惰行,46.6,-5.8,58.8,75.0,60.1,60.1,,959.9,70.0,85.8,874.13,2.0,-0.241,3.062,165m先で勾配が+2.0‰から+3.5‰に変わる,609m先でATC現示が75km/hから70km/hに低下する,0.0,0.0,1,70.0,先行列車なし,0,,0,0,0,後続列車なし,該当なし,該当なし,0,0,0,30,240,,,
16.0,early_coast_s1_a,1,1.073888,駅出発直後の加速フェーズ（20秒以内）,惰行,3.0,力行,13.0,3.32,40.61,75.0,75.0,75.0,48.8,70.4,64.6,勾配力行 ↔ 惰行,惰行,48.8,-8.2,59.2,75.0,60.5,60.5,,948.6,69.0,84.81,863.8,2.0,-0.24,3.083,155m先で勾配が+2.0‰から+3.5‰に変わる,598m先でATC現示が75km/hから70km/hに低下する,0.0,0.0,1,69.0,先行列車なし,0,,0,0,0,後続列車なし,該当なし,該当なし,0,0,0,30,240,,,
17.0,early_coast_s1_a,1,1.085136,駅出発直後の加速フェーズ（20秒以内）,惰行,4.0,力行,13.0,3.34,40.37,75.0,75.0,75.0,50.8,70.3,64.5,勾配力行 ↔ 惰行,惰行,50.8,-10.4,59.4,75.0,61.3,61.3,,937.4,68.0,83.82,853.54,2.0,-0.239,3.103,145m先で勾配が+2.0‰から+3.5‰に変わる,587m先でATC現示が75km/hから70km/hに低下する,0.0,0.0,1,68.0,先行列車なし,0,,0,0,0,後続列車なし,該当なし,該当なし,0,0,0,30,240,,,
18.0,early_coast_s1_a,1,1.096317,駅出発直後の加速フェーズ（20秒以内）,惰行,5.0,力行,13.0,3.36,40.14,75.0,75.0,75.0,52.6,70.3,64.5,勾配力行 ↔ 惰行,惰行,52.6,-12.5,59.7,75.0,61.7,61.7,,926.2,67.0,82.85,843.33,2.0,-0.238,3.124,135m先で勾配が+2.0‰から+3.5‰に変わる,575m先でATC現示が75km/hから70km/hに低下する,0.0,0.0,1,67.0,先行列車なし,0,,0,0,0,後続列車なし,該当なし,該当なし,0,0,0,30,240,,,
19.0,early_coast_s1_a,1,1.107433,駅出発直後の加速フェーズ（20秒以内）,惰行,6.0,力行,13.0,3.37,39.9,75.0,75.0,75.0,54.3,70.3,64.5,勾配力行 ↔ 惰行,惰行,54.3,-14.4,60.5,75.0,62.2,62.2,,915.1,66.0,81.88,833.18,2.0,-0.238,3.136,125m先で勾配が+2.0‰から+3.5‰に変わる,564m先でATC現示が75km/hから70km/hに低下する,0.0,0.0,1,66.0,先行列車なし,0,,0,0,0,後続列車なし,該当なし,該当なし,0,0,0,30,240,,,
20.0,early_coast_s1_a,1,1.118482,巡航フェーズ（駅間走行中）,惰行,7.0,力行,13.0,3.37,39.66,75.0,75.0,75.0,55.9,70.3,64.5,勾配力行 ↔ 惰行,惰行,55.9,-16.2,60.9,75.0,63.0,63.0,,904.0,65.0,80.93,823.09,2.0,-0.237,3.137,110m先で勾配が+2.0‰から+3.5‰に変わる,553m先でATC現示が75km/hから70km/hに低下する,0.0,0.0,1,65.0,先行列車なし,0,,0,0,0,後続列車なし,該当なし,該当なし,0,0,0,30,240,,,
21.0,early_coast_s1_a,1,1.129465,巡航フェーズ（駅間走行中）,惰行,8.0,力行,13.0,3.37,39.42,75.0,75.0,75.0,57.3,70.3,64.5,勾配力行 ↔ 惰行,惰行,57.3,-17.9,61.4,75.0,64.3,64.3,,893.0,64.0,79.98,813.06,2.0,-0.236,3.138,100m先で勾配が+2.0‰から+3.5‰に変わる,542m先でATC現示が75km/hから70km/hに低下する,0.0,0.0,1,64.0,先行列車なし,0,,0,0,0,後続列車なし,該当なし,該当なし,0,0,0,30,240,,,
22.0,early_coast_s1_a,1,1.140383,巡航フェーズ（駅間走行中）,惰行,9.0,力行,13.0,3.37,39.19,75.0,75.0,75.0,58.7,70.3,64.5,勾配力行 ↔ 惰行,惰行,58.7,-19.5,61.6,75.0,65.4,65.4,,882.1,63.0,79.04,803.08,2.0,-0.235,3.138,90m先で勾配が+2.0‰から+3.5‰に変わる,531m先でATC現示が75km/hから70km/hに低下する,0.0,0.0,1,63.0,先行列車なし,0,,0,0,0,後続列車なし,該当なし,該当なし,0,0,0,30,240,,,
23.0,early_coast_s1_a,1,1.151236,巡航フェーズ（駅間走行中）,惰行,10.0,力行,13.0,3.37,38.95,75.0,75.0,75.0,60.0,70.3,64.5,勾配力行 ↔ 惰行,惰行,60.0,-21.0,62.2,75.0,66.2,66.2,,871.3,62.0,78.07,793.19,2.0,-0.235,3.139,80m先で勾配が+2.0‰から+3.5‰に変わる,521m先でATC現示が75km/hから70km/hに低下する,0.0,0.0,1,62.0,先行列車なし,0,,0,0,0,後続列車なし,該当なし,該当なし,0,0,0,30,240,,,
24.0,early_coast_s1_a,1,1.162023,巡航フェーズ（駅間走行中）,惰行,11.0,力行,13.0,3.37,38.72,75.0,75.0,75.0,61.2,70.3,64.5,勾配力行 ↔ 惰行,惰行,61.2,-22.5,63.0,75.0,67.0,67.0,,860.5,61.0,76.95,783.53,2.0,-0.234,3.14,70m先で勾配が+2.0‰から+3.5‰に変わる,510m先でATC現示が75km/hから70km/hに低下する,0.0,0.0,1,61.0,先行列車なし,0,,0,0,0,後続列車なし,該当なし,該当なし,0,0,0,30,240,,,
25.0,early_coast_s1_a,1,1.172746,現示低下点への接近フェーズ（500m以内に現示の低下あり）,惰行,12.0,力行,13.0,3.37,38.49,75.0,75.0,75.0,62.4,70.3,64.5,勾配力行 ↔ 惰行,惰行,62.4,-23.9,63.8,75.0,69.3,69.3,,849.8,60.0,75.84,773.91,2.0,-0.233,3.141,55m先で勾配が+2.0‰から+3.5‰に変わる,499m先でATC現示が75km/hから70km/hに低下する,0.0,0.0,1,60.0,先行列車なし,0,,0,0,0,後続列車なし,該当なし,該当なし,0,0,0,30,240,,,
26.0,early_coast_s1_a,1,1.183403,現示低下点への接近フェーズ（500m以内に現示の低下あり）,惰行,13.0,力行,13.0,3.37,38.25,75.0,75.0,75.0,63.5,70.3,64.5,勾配力行 ↔ 惰行,惰行,63.5,-25.2,64.6,75.0,70.8,70.8,,839.1,59.0,74.68,764.41,2.0,-0.232,3.141,45m先で勾配が+2.0‰から+3.5‰に変わる,488m先でATC現示が75km/hから70km/hに低下する,0.0,0.0,1,59.0,先行列車なし,0,,0,0,0,後続列車なし,該当なし,該当なし,0,0,0,30,240,,,
27.0,early_coast_s1_a,1,1.193996,現示低下点への接近フェーズ（500m以内に現示の低下あり）,惰行,14.0,力行,13.0,3.37,38.02,75.0,75.0,75.0,64.5,70.3,64.5,勾配力行 ↔ 惰行,惰行,64.5,-26.5,65.4,75.0,75.0,75.0,,828.5,58.0,73.54,754.96,2.0,-0.232,3.142,35m先で勾配が+2.0‰から+3.5‰に変わる,478m先でATC現示が75km/hから70km/hに低下する,0.0,0.0,1,58.0,先行列車なし,0,,0,0,0,後続列車なし,該当なし,該当なし,0,0,0,30,240,,,
28.0,early_coast_s1_a,1,1.204525,現示低下点への接近フェーズ（500m以内に現示の低下あり）,惰行,15.0,力行,13.0,3.37,37.79,75.0,75.0,75.0,65.5,70.3,64.6,勾配力行 ↔ 惰行,惰行,65.5,-27.8,65.5,75.0,75.0,75.0,,818.0,57.0,72.41,745.56,2.0,-0.231,3.143,25m先で勾配が+2.0‰から+3.5‰に変わる,467m先でATC現示が75km/hから70km/hに低下する,0.0,0.0,1,57.0,先行列車なし,0,,0,0,0,後続列車なし,該当なし,該当なし,0,0,0,30,240,,,
29.0,early_coast_s1_a,1,1.21499,現示低下点への接近フェーズ（500m以内に現示の低下あり）,惰行,16.0,力行,13.0,3.37,37.56,75.0,75.0,75.0,66.5,70.3,64.7,勾配力行 ↔ 惰行,惰行,66.5,-29.0,66.8,75.0,75.0,75.0,,807.5,56.0,71.28,736.23,2.0,-0.23,3.144,15m先で勾配が+2.0‰から+3.5‰に変わる,457m先でATC現示が75km/hから70km/hに低下する,0.0,0.0,1,56.0,先行列車なし,0,,0,0,0,後続列車なし,該当なし,該当なし,0,0,0,30,240,,,
30.0,early_coast_s1_a,1,1.225391,現示低下点への接近フェーズ（500m以内に現示の低下あり）,惰行,17.0,力行,13.0,3.37,37.33,75.0,75.0,75.0,67.5,70.3,64.7,勾配力行 ↔ 惰行,惰行,67.5,-30.1,67.8,75.0,75.0,75.0,,797.1,55.0,70.17,726.94,2.0,-0.229,3.144,5m先で勾配が+2.0‰から+3.5‰に変わる,446m先でATC現示が75km/hから70km/hに低下する,0.0,0.0,1,55.0,先行列車なし,0,,0,0,0,後続列車なし,該当なし,該当なし,0,0,0,30,240,,,
31.0,early_coast_s1_a,1,1.235724,現示低下点への接近フェーズ（500m以内に現示の低下あり）,惰行,18.0,力行,13.0,3.37,37.06,75.0,75.0,75.0,68.3,70.4,64.9,勾配力行 ↔ 惰行,惰行,68.3,-31.3,68.5,75.0,75.0,75.0,,786.8,54.0,69.05,717.72,3.5,-0.281,3.092,15m先で勾配が+3.5‰から+4.0‰に変わる,436m先でATC現示が75km/hから70km/hに低下する,0.0,0.0,1,54.0,先行列車なし,0,,0,0,0,後続列車なし,該当なし,該当なし,0,0,0,30,240,,,
32.0,early_coast_s1_a,1,1.245978,現示低下点への接近フェーズ（500m以内に現示の低下あり）,惰行,19.0,力行,13.0,3.37,36.78,75.0,75.0,75.0,69.2,70.4,64.9,勾配力行 ↔ 惰行,惰行,69.2,-32.4,70.0,75.0,75.0,75.0,,776.5,53.0,67.96,708.56,3.5,-0.281,3.093,5m先で勾配が+3.5‰から+4.0‰に変わる,426m先でATC現示が75km/hから70km/hに低下する,0.0,0.0,1,53.0,先行列車なし,0,,0,0,0,後続列車なし,該当なし,該当なし,0,0,0,30,240,,,
33.0,early_coast_s1_a,1,1.256153,現示低下点への接近フェーズ（500m以内に現示の低下あり）,惰行,20.0,力行,13.0,3.37,36.48,75.0,75.0,75.0,70.0,70.4,64.9,勾配力行 ↔ 惰行,惰行,70.0,-33.5,71.5,75.0,75.0,75.0,,766.3,52.0,66.87,699.47,4.0,-0.297,3.076,110m先で勾配が+4.0‰から+27.0‰に変わる,416m先でATC現示が75km/hから70km/hに低下する,0.0,0.0,1,52.0,先行列車なし,0,,0,0,0,後続列車なし,該当なし,該当なし,0,0,0,30,240,,,
34.0,early_coast_s1_a,1,1.266246,現示低下点への接近フェーズ（500m以内に現示の低下あり）,惰行,21.0,力行,13.0,3.37,36.19,75.0,75.0,75.0,70.7,70.4,64.9,勾配力行 ↔ 惰行,惰行,70.7,-34.5,72.9,75.0,75.0,75.0,,756.3,51.0,65.8,690.45,4.0,-0.296,3.077,100m先で勾配が+4.0‰から+27.0‰に変わる,406m先でATC現示が75km/hから70km/hに低下する,0.0,0.0,1,51.0,先行列車なし,0,,0,0,0,後続列車なし,該当なし,該当なし,0,0,0,30,240,,,
35.0,early_coast_s1_a,1,1.276256,現示低下点への接近フェーズ（500m以内に現示の低下あり）,惰行,22.0,力行,13.0,3.37,35.89,75.0,75.0,75.0,71.5,70.4,64.9,勾配力行 ↔ 惰行,惰行,71.5,-35.6,75.0,75.0,75.0,75.0,,746.2,50.0,64.74,681.5,4.0,-0.295,3.078,90m先で勾配が+4.0‰から+27.0‰に変わる,396m先でATC現示が75km/hから70km/hに低下する,0.0,0.0,1,50.0,先行列車なし,0,,0,0,0,後続列車なし,該当なし,該当なし,0,0,0,30,240,,,
36.0,early_coast_s1_a,1,1.286184,現示低下点への接近フェーズ（500m以内に現示の低下あり）,惰行,23.0,力行,13.0,3.37,35.6,75.0,75.0,75.0,72.2,70.4,64.9,勾配力行 ↔ 惰行,惰行,72.2,-36.6,75.0,75.0,75.0,75.0,,736.3,49.0,63.7,672.62,4.0,-0.294,3.079,80m先で勾配が+4.0‰から+27.0‰に変わる,386m先でATC現示が75km/hから70km/hに低下する,0.0,0.0,1,49.0,先行列車なし,0,,0,0,0,後続列車なし,該当なし,該当なし,0,0,0,30,240,,,
37.0,early_coast_s1_a,1,1.29603,現示低下点への接近フェーズ（500m以内に現示の低下あり）,惰行,24.0,力行,13.0,3.37,35.3,75.0,75.0,75.0,72.9,70.4,64.9,勾配力行 ↔ 惰行,惰行,72.9,-37.6,75.0,75.0,75.0,75.0,,726.5,48.0,62.66,663.81,4.0,-0.294,3.08,70m先で勾配が+4.0‰から+27.0‰に変わる,376m先でATC現示が75km/hから70km/hに低下する,0.0,0.0,1,48.0,先行列車なし,0,,0,0,0,後続列車なし,該当なし,該当なし,0,0,0,30,240,,,
38.0,early_coast_s1_a,1,1.305795,現示低下点への接近フェーズ（500m以内に現示の低下あり）,惰行,25.0,力行,13.0,3.37,35.01,75.0,75.0,75.0,73.6,70.4,64.9,勾配力行 ↔ 惰行,惰行,73.6,-38.5,75.0,75.0,75.0,75.0,,716.7,47.0,60.4,656.3,4.0,-0.293,3.081,60m先で勾配が+4.0‰から+27.0‰に変わる,366m先でATC現示が75km/hから70km/hに低下する,0.0,0.0,1,47.0,先行列車なし,0,,0,0,0,後続列車なし,該当なし,該当なし,0,0,0,30,240,,,
39.0,early_coast_s1_a,1,1.315478,現示低下点への接近フェーズ（500m以内に現示の低下あり）,惰行,26.0,力行,13.0,3.37,34.72,75.0,75.0,75.0,73.9,70.4,64.9,勾配力行 ↔ 惰行,惰行,73.9,-39.2,75.0,75.0,75.0,75.0,,707.0,46.0,57.47,649.55,4.0,-0.292,3.082,50m先で勾配が+4.0‰から+27.0‰に変わる,356m先でATC現示が75km/hから70km/hに低下する,0.0,0.0,1,46.0,先行列車なし,0,,0,0,0,後続列車なし,該当なし,該当なし,0,0,0,30,240,,,
40.0,early_coast_s1_a,1,1.325081,現示低下点への接近フェーズ（500m以内に現示の低下あり）,惰行,27.0,力行,13.0,3.37,34.42,75.0,75.0,75.0,73.7,70.4,65.7,勾配力行 ↔ 惰行,惰行,73.7,-39.3,75.0,75.0,75.0,75.0,,697.4,45.0,54.55,642.87,4.0,-0.291,3.083,40m先で勾配が+4.0‰から+27.0‰に変わる,347m先でATC現示が75km/hから70km/hに低下する,0.0,0.0,1,45.0,先行列車なし,0,,0,0,0,後続列車なし,該当なし,該当なし,0,0,0,30,240,,,
41.0,early_coast_s1_a,1,1.334602,現示低下点への接近フェーズ（500m以内に現示の低下あり）,惰行,28.0,力行,13.0,3.37,34.13,75.0,75.0,75.0,73.5,70.4,66.5,勾配力行 ↔ 惰行,惰行,73.5,-39.4,75.0,75.0,75.0,75.0,,687.9,44.0,51.62,636.28,4.0,-0.29,3.084,30m先で勾配が+4.0‰から+27.0‰に変わる,337m先でATC現示が75km/hから70km/hに低下する,0.0,0.0,1,44.0,先行列車なし,0,,0,0,0,後続列車なし,該当なし,該当なし,0,0,0,30,240,,,
42.0,early_coast_s1_a,1,1.344043,現示低下点への接近フェーズ（500m以内に現示の低下あり）,惰行,29.0,力行,13.0,3.37,33.84,75.0,75.0,75.0,73.3,70.4,66.5,勾配力行 ↔ 惰行,勾配力行,73.3,-39.5,75.0,75.0,75.0,75.0,,678.5,43.0,48.72,629.73,4.0,-0.289,3.085,20m先で勾配が+4.0‰から+27.0‰に変わる,328m先でATC現示が75km/hから70km/hに低下する,0.0,0.0,1,43.0,先行列車なし,0,,0,0,0,後続列車なし,該当なし,該当なし,0,0,0,30,240,,,
43.0,early_coast_s1_a,1,1.353404,現示低下点への接近フェーズ（500m以内に現示の低下あり）,惰行,30.0,力行,13.0,3.37,33.56,75.0,75.0,75.0,73.1,70.4,65.7,勾配力行 ↔ 惰行,勾配力行,73.1,-39.6,75.0,75.0,75.0,75.0,,669.1,42.0,45.79,623.31,4.0,-0.288,3.085,10m先で勾配が+4.0‰から+27.0‰に変わる,318m先でATC現示が75km/hから70km/hに低下する,0.0,0.0,1,42.0,先行列車なし,0,,0,0,0,後続列車なし,該当なし,該当なし,0,0,0,30,240,,,
44.0,early_coast_s1_a,1,1.362684,現示低下点への接近フェーズ（500m以内に現示の低下あり）,惰行,31.0,力行,13.0,3.37,33.21,75.0,75.0,75.0,72.9,71.6,66.1,勾配力行 ↔ 惰行,勾配力行,72.9,-39.7,75.0,75.0,75.0,75.0,,659.8,41.0,42.91,616.91,27.0,-1.099,2.275,125m先で勾配が+27.0‰から+28.0‰に変わる,309m先でATC現示が75km/hから70km/hに低下する,0.0,0.0,1,41.0,先行列車なし,0,,0,0,0,後続列車なし,該当なし,該当なし,0,0,0,30,240,,,
45.0,early_coast_s1_a,1,1.371755,現示低下点への接近フェーズ（500m以内に現示の低下あり）,惰行,32.0,力行,13.0,3.37,32.11,75.0,75.0,75.0,72.3,71.6,66.1,勾配力行 ↔ 惰行,勾配力行,72.3,-40.2,75.0,75.0,75.0,75.0,,650.7,40.0,40.14,610.6,27.0,-1.095,2.278,120m先で勾配が+27.0‰から+28.0‰に変わる,300m先でATC現示が75km/hから70km/hに低下する,0.0,0.0,1,40.0,先行列車なし,0,,0,0,0,後続列車なし,該当なし,該当なし,0,0,0,30,240,,,
46.0,early_coast_s1_a,1,1.380522,現示低下点への接近フェーズ（500m以内に現示の低下あり）,惰行,33.0,力行,13.0,3.37,31.02,75.0,75.0,75.0,71.8,71.6,66.1,勾配力行 ↔ 惰行,勾配力行,71.8,-40.8,75.0,75.0,75.0,75.0,,642.0,39.0,37.47,604.5,27.0,-1.092,2.281,110m先で勾配が+27.0‰から+28.0‰に変わる,291m先でATC現示が75km/hから70km/hに低下する,0.0,0.0,1,39.0,先行列車なし,0,,0,0,0,後続列車なし,該当なし,該当なし,0,0,0,30,240,,,
47.0,early_coast_s1_a,1,1.388986,現示低下点への接近フェーズ（500m以内に現示の低下あり）,惰行,34.0,力行,13.0,3.37,29.93,75.0,75.0,75.0,71.2,71.6,66.1,勾配力行 ↔ 惰行,勾配力行,71.2,-41.3,75.0,75.0,75.0,75.0,,633.5,38.0,34.9,598.61,27.0,-1.089,2.285,100m先で勾配が+27.0‰から+28.0‰に変わる,283m先でATC現示が75km/hから70km/hに低下する,0.0,0.0,1,38.0,先行列車なし,0,,0,0,0,後続列車なし,該当なし,該当なし,0,0,0,30,240,,,
48.0,early_coast_s1_a,1,1.397147,現示低下点への接近フェーズ（500m以内に現示の低下あり）,惰行,35.0,力行,13.0,3.37,28.84,75.0,75.0,75.0,70.7,71.6,66.1,勾配力行 ↔ 惰行,勾配力行,70.7,-41.9,75.0,75.0,75.0,75.0,,625.4,37.0,32.43,592.93,27.0,-1.086,2.288,95m先で勾配が+27.0‰から+28.0‰に変わる,275m先でATC現示が75km/hから70km/hに低下する,0.0,0.0,1,37.0,先行列車なし,0,,0,0,0,後続列車なし,該当なし,該当なし,0,0,0,30,240,,,
49.0,early_coast_s1_a,1,1.405006,現示低下点への接近フェーズ（500m以内に現示の低下あり）,惰行,36.0,力行,13.0,3.37,27.76,75.0,75.0,75.0,70.2,71.6,66.1,勾配力行 ↔ 惰行,勾配力行,70.2,-42.5,75.0,75.0,75.0,75.0,,617.5,36.0,30.05,587.44,27.0,-1.083,2.291,85m先で勾配が+27.0‰から+28.0‰に変わる,267m先でATC現示が75km/hから70km/hに低下する,0.0,0.0,1,36.0,先行列車なし,0,,0,0,0,後続列車なし,該当なし,該当なし,0,0,0,30,240,,,
50.0,early_coast_s1_a,1,1.412565,現示低下点への接近フェーズ（500m以内に現示の低下あり）,惰行,37.0,力行,13.0,3.37,26.68,75.0,75.0,75.0,69.7,71.6,66.2,勾配力行 ↔ 惰行,勾配力行,69.7,-43.1,75.0,75.0,75.0,75.0,,609.9,35.0,27.77,582.17,27.0,-1.08,2.293,75m先で勾配が+27.0‰から+28.0‰に変わる,259m先でATC現示が75km/hから70km/hに低下する,0.0,0.0,1,35.0,先行列車なし,0,,0,0,0,後続列車なし,該当なし,該当なし,0,0,0,30,240,,,
51.0,early_coast_s1_a,1,1.419823,現示低下点への接近フェーズ（500m以内に現示の低下あり）,惰行,38.0,力行,13.0,3.37,25.6,75.0,75.0,75.0,69.3,71.6,66.2,勾配力行 ↔ 惰行,勾配力行,69.3,-43.7,75.0,75.0,75.0,75.0,,602.7,34.0,25.58,577.1,27.0,-1.077,2.296,70m先で勾配が+27.0‰から+28.0‰に変わる,252m先でATC現示が75km/hから70km/hに低下する,0.0,0.0,1,34.0,先行列車なし,0,,0,0,0,後続列車なし,該当なし,該当なし,0,0,0,30,240,,,
52.0,early_coast_s1_a,1,1.426782,現示低下点への接近フェーズ（500m以内に現示の低下あり）,惰行,39.0,力行,13.0,3.37,24.52,75.0,75.0,75.0,68.8,71.6,66.2,勾配力行 ↔ 惰行,勾配力行,68.8,-44.3,75.0,75.0,75.0,75.0,,595.7,33.0,23.48,572.24,27.0,-1.075,2.299,65m先で勾配が+27.0‰から+28.0‰に変わる,245m先でATC現示が75km/hから70km/hに低下する,0.0,0.0,1,33.0,先行列車なし,0,,0,0,0,後続列車なし,該当なし,該当なし,0,0,0,30,240,,,
53.0,early_coast_s1_a,1,1.433443,現示低下点への接近フェーズ（500m以内に現示の低下あり）,惰行,40.0,力行,13.0,3.37,23.45,75.0,75.0,75.0,68.4,71.5,66.2,勾配力行 ↔ 惰行,勾配力行,68.4,-45.0,75.0,75.0,75.0,75.0,,589.1,32.0,21.48,567.58,27.0,-1.072,2.302,55m先で勾配が+27.0‰から+28.0‰に変わる,238m先でATC現示が75km/hから70km/hに低下する,0.0,0.0,1,32.0,先行列車なし,0,,0,0,0,後続列車なし,該当なし,該当なし,0,0,0,30,240,,,
54.0,early_coast_s1_a,1,1.439806,現示低下点への接近フェーズ（500m以内に現示の低下あり）,惰行,41.0,力行,13.0,3.37,22.38,75.0,75.0,75.0,68.0,71.5,66.2,勾配力行 ↔ 惰行,勾配力行,68.0,-45.6,75.0,75.0,75.0,75.0,,582.7,31.0,19.57,563.12,27.0,-1.069,2.304,50m先で勾配が+27.0‰から+28.0‰に変わる,232m先でATC現示が75km/hから70km/hに低下する,0.0,0.0,1,31.0,先行列車なし,0,,0,0,0,後続列車なし,該当なし,該当なし,0,0,0,30,240,,,
55.0,early_coast_s1_a,1,1.445871,現示低下点への接近フェーズ（500m以内に現示の低下あり）,惰行,42.0,力行,13.0,3.37,21.31,75.0,75.0,75.0,67.9,71.5,66.2,勾配力行 ↔ 惰行,勾配力行,67.9,-46.6,75.0,75.0,75.0,75.0,,576.6,30.0,17.76,558.87,27.0,-1.067,2.307,45m先で勾配が+27.0‰から+28.0‰に変わる,226m先でATC現示が75km/hから70km/hに低下する,0.0,0.0,1,30.0,先行列車なし,0,,0,0,0,後続列車なし,該当なし,該当なし,0,0,0,30,240,,,
56.0,early_coast_s1_a,1,1.451641,現示低下点への接近フェーズ（500m以内に現示の低下あり）,惰行,43.0,力行,13.0,3.37,20.24,75.0,75.0,75.0,68.0,71.5,66.2,勾配力行 ↔ 惰行,勾配力行,68.0,-47.7,75.0,75.0,75.0,75.0,,570.9,29.0,16.03,554.83,27.0,-1.064,2.31,40m先で勾配が+27.0‰から+28.0‰に変わる,220m先でATC現示が75km/hから70km/hに低下する,0.0,0.0,1,29.0,先行列車なし,0,,0,0,0,後続列車なし,該当なし,該当なし,0,0,0,30,240,,,
57.0,early_coast_s1_a,1,1.457115,現示低下点への接近フェーズ（500m以内に現示の低下あり）,惰行,44.0,力行,13.0,3.37,19.18,75.0,75.0,75.0,68.0,71.5,66.2,勾配力行 ↔ 惰行,勾配力行,68.0,-48.8,75.0,75.0,75.0,75.0,,565.4,28.0,14.4,550.99,27.0,-1.062,2.312,35m先で勾配が+27.0‰から+28.0‰に変わる,215m先でATC現示が75km/hから70km/hに低下する,0.0,0.0,1,28.0,先行列車なし,0,,0,0,0,後続列車なし,該当なし,該当なし,0,0,0,30,240,,,
58.0,early_coast_s1_a,1,1.462294,現示低下点への接近フェーズ（500m以内に現示の低下あり）,惰行,45.0,力行,13.0,3.37,18.12,75.0,75.0,75.0,67.7,71.5,66.2,勾配力行 ↔ 惰行,勾配力行,67.7,-49.5,75.0,75.0,75.0,75.0,,560.2,27.0,12.86,547.35,27.0,-1.059,2.314,30m先で勾配が+27.0‰から+28.0‰に変わる,210m先でATC現示が75km/hから70km/hに低下する,0.0,0.0,1,27.0,先行列車なし,0,,0,0,0,後続列車なし,該当なし,該当なし,0,0,0,30,240,,,
59.0,early_coast_s1_a,1,1.467178,現示低下点への接近フェーズ（500m以内に現示の低下あり）,惰行,46.0,力行,13.0,3.37,17.06,75.0,75.0,75.0,67.3,71.5,66.2,勾配力行 ↔ 惰行,勾配力行,67.3,-50.3,75.0,75.0,75.0,75.0,,555.3,26.0,11.4,543.92,27.0,-1.057,2.317,25m先で勾配が+27.0‰から+28.0‰に変わる,205m先でATC現示が75km/hから70km/hに低下する,0.0,0.0,1,26.0,先行列車なし,0,,0,0,0,後続列車なし,該当なし,該当なし,0,0,0,30,240,,,
60.0,early_coast_s1_a,1,1.471769,現示低下点への接近フェーズ（500m以内に現示の低下あり）,惰行,47.0,力行,13.0,3.37,16.01,75.0,75.0,75.0,67.0,71.5,66.1,勾配力行 ↔ 惰行,勾配力行,67.0,-51.0,75.0,75.0,75.0,75.0,,550.7,25.0,10.04,540.69,27.0,-1.055,2.319,20m先で勾配が+27.0‰から+28.0‰に変わる,200m先でATC現示が75km/hから70km/hに低下する,0.0,0.0,1,25.0,先行列車なし,0,,0,0,0,後続列車なし,該当なし,該当なし,0,0,0,30,240,,,
61.0,early_coast_s1_a,1,1.476068,現示低下点への接近フェーズ（500m以内に現示の低下あり）,惰行,48.0,力行,13.0,3.37,14.95,75.0,75.0,75.0,66.8,71.5,66.1,勾配力行 ↔ 惰行,勾配力行,66.8,-51.8,75.0,75.0,75.0,75.0,,546.4,24.0,8.76,537.67,27.0,-1.052,2.321,15m先で勾配が+27.0‰から+28.0‰に変わる,196m先でATC現示が75km/hから70km/hに低下する,0.0,0.0,1,24.0,先行列車なし,0,,0,0,0,後続列車なし,該当なし,該当なし,0,0,0,30,240,,,
62.0,early_coast_s1_a,1,1.480073,現示低下点への接近フェーズ（500m以内に現示の低下あり）,惰行,49.0,力行,13.0,3.37,13.9,75.0,75.0,75.0,66.5,71.5,66.1,勾配力行 ↔ 惰行,勾配力行,66.5,-52.6,75.0,75.0,75.0,75.0,,542.4,23.0,7.58,534.85,27.0,-1.05,2.324,10m先で勾配が+27.0‰から+28.0‰に変わる,192m先でATC現示が75km/hから70km/hに低下する,0.0,0.0,1,23.0,先行列車なし,0,,0,0,0,後続列車なし,該当なし,該当なし,0,0,0,30,240,,,
63.0,early_coast_s1_a,1,1.483788,現示低下点への接近フェーズ（500m以内に現示の低下あり）,惰行,50.0,力行,13.0,3.37,12.85,75.0,75.0,75.0,66.3,71.5,66.1,勾配力行 ↔ 惰行,勾配力行,66.3,-53.4,75.0,75.0,75.0,75.0,,538.7,22.0,6.45,532.26,27.0,-1.048,2.326,5m先で勾配が+27.0‰から+28.0‰に変わる,188m先でATC現示が75km/hから70km/hに低下する,0.0,0.0,1,22.0,先行列車なし,0,,0,0,0,後続列車なし,該当なし,該当なし,0,0,0,30,240,,,
64.0,early_coast_s1_a,1,1.487211,現示低下点への接近フェーズ（500m以内に現示の低下あり）,惰行,51.0,力行,13.0,3.37,11.8,75.0,75.0,75.0,66.0,71.5,66.1,勾配力行 ↔ 惰行,勾配力行,66.0,-54.2,75.0,75.0,75.0,75.0,,535.3,21.0,5.42,529.87,27.0,-1.046,2.328,5m先で勾配が+27.0‰から+28.0‰に変わる,185m先でATC現示が75km/hから70km/hに低下する,0.0,0.0,1,21.0,先行列車なし,0,,0,0,0,後続列車なし,該当なし,該当なし,0,0,0,30,240,,,
65.0,early_coast_s1_a,1,1.490339,現示低下点への接近フェーズ（500m以内に現示の低下あり）,惰行,52.0,力行,13.0,3.37,10.73,75.0,75.0,75.0,65.8,71.6,66.2,勾配力行 ↔ 惰行,勾配力行,65.8,-55.1,75.0,75.0,75.0,75.0,,532.2,20.0,4.47,527.69,28.0,-1.079,2.295,60m先で勾配が+28.0‰から+29.7‰に変わる,181m先でATC現示が75km/hから70km/hに低下する,0.0,0.0,1,20.0,先行列車なし,0,,0,0,0,後続列車なし,該当なし,該当なし,0,0,0,30,240,,,
66.0,early_coast_s1_a,1,1.493168,現示低下点への接近フェーズ（500m以内に現示の低下あり）,惰行,53.0,力行,13.0,3.37,9.65,75.0,75.0,75.0,65.6,71.6,66.2,勾配力行 ↔ 惰行,勾配力行,65.6,-56.0,75.0,75.0,75.0,75.0,,529.3,19.0,3.62,525.71,28.0,-1.077,2.297,55m先で勾配が+28.0‰から+29.7‰に変わる,179m先でATC現示が75km/hから70km/hに低下する,0.0,0.0,1,19.0,先行列車なし,0,,0,0,0,後続列車なし,該当なし,該当なし,0,0,0,30,240,,,
67.0,early_coast_s1_a,1,1.495697,現示低下点への接近フェーズ（500m以内に現示の低下あり）,惰行,54.0,力行,13.0,3.37,8.57,75.0,75.0,75.0,65.4,71.6,66.2,勾配力行 ↔ 惰行,勾配力行,65.4,-56.9,75.0,75.0,75.0,75.0,,526.8,18.0,2.86,523.94,28.0,-1.075,2.298,55m先で勾配が+28.0‰から+29.7‰に変わる,176m先でATC現示が75km/hから70km/hに低下する,0.0,0.0,1,18.0,先行列車なし,0,,0,0,0,後続列車なし,該当なし,該当なし,0,0,0,30,240,,,
68.0,early_coast_s1_a,1,1.497928,現示低下点への接近フェーズ（500m以内に現示の低下あり）,惰行,55.0,力行,13.0,3.37,7.5,75.0,75.0,75.0,65.3,71.5,66.2,勾配力行 ↔ 惰行,勾配力行,65.3,-57.8,75.0,75.0,75.0,75.0,,524.6,17.0,2.19,522.38,28.0,-1.073,2.3,50m先で勾配が+28.0‰から+29.7‰に変わる,174m先でATC現示が75km/hから70km/hに低下する,0.0,0.0,1,17.0,先行列車なし,0,,0,0,0,後続列車なし,該当なし,該当なし,0,0,0,30,240,,,
69.0,early_coast_s1_a,1,1.49986,現示低下点への接近フェーズ（500m以内に現示の低下あり）,惰行,56.0,力行,13.0,3.37,6.43,75.0,75.0,75.0,65.2,71.5,66.2,勾配力行 ↔ 惰行,勾配力行,65.2,-58.7,75.0,75.0,75.0,75.0,,522.6,16.0,1.61,521.03,28.0,-1.071,2.302,50m先で勾配が+28.0‰から+29.7‰に変わる,172m先でATC現示が75km/hから70km/hに低下する,0.0,0.0,1,16.0,先行列車なし,0,,0,0,0,後続列車なし,該当なし,該当なし,0,0,0,30,240,,,
70.0,early_coast_s1_a,1,1.501495,現示低下点への接近フェーズ（500m以内に現示の低下あり）,惰行,57.0,力行,13.0,3.37,5.36,75.0,75.0,75.0,65.0,71.5,66.2,勾配力行 ↔ 惰行,勾配力行,65.0,-59.7,75.0,75.0,75.0,75.0,,521.0,15.0,1.12,519.89,28.0,-1.07,2.304,50m先で勾配が+28.0‰から+29.7‰に変わる,170m先でATC現示が75km/hから70km/hに低下する,0.0,0.0,1,15.0,先行列車なし,0,,0,0,0,後続列車なし,該当なし,該当なし,0,0,0,30,240,,,
71.0,early_coast_s1_a,1,1.502833,現示低下点への接近フェーズ（500m以内に現示の低下あり）,惰行,58.0,力行,13.0,3.37,4.29,75.0,75.0,75.0,64.9,71.5,66.2,勾配力行 ↔ 惰行,勾配力行,64.9,-60.7,75.0,75.0,75.0,75.0,,519.7,14.0,0.72,518.95,28.0,-1.068,2.306,45m先で勾配が+28.0‰から+29.7‰に変わる,169m先でATC現示が75km/hから70km/hに低下する,0.0,0.0,1,14.0,先行列車なし,0,,0,0,0,後続列車なし,該当なし,該当なし,0,0,0,30,240,,,
72.0,early_coast_s1_a,1,1.503874,現示低下点への接近フェーズ（500m以内に現示の低下あり）,惰行,59.0,力行,13.0,3.37,3.22,75.0,75.0,75.0,64.9,71.5,66.2,勾配力行 ↔ 惰行,勾配力行,64.9,-61.7,75.0,75.0,75.0,75.0,,518.6,13.0,0.4,518.22,28.0,-1.066,2.307,45m先で勾配が+28.0‰から+29.7‰に変わる,168m先でATC現示が75km/hから70km/hに低下する,0.0,0.0,1,13.0,先行列車なし,0,,0,0,0,後続列車なし,該当なし,該当なし,0,0,0,30,240,,,
73.0,early_coast_s1_a,1,1.504619,現示低下点への接近フェーズ（500m以内に現示の低下あり）,惰行,60.0,力行,13.0,3.37,2.15,75.0,75.0,75.0,64.8,71.5,66.2,勾配力行 ↔ 惰行,勾配力行,64.8,-62.7,75.0,75.0,75.0,75.0,,517.9,12.0,0.18,517.7,28.0,-1.065,2.309,45m先で勾配が+28.0‰から+29.7‰に変わる,167m先でATC現示が75km/hから70km/hに低下する,0.0,0.0,1,12.0,先行列車なし,0,,0,0,0,後続列車なし,該当なし,該当なし,0,0,0,30,240,,,
74.0,early_coast_s1_a,1,1.505068,現示低下点への接近フェーズ（500m以内に現示の低下あり）,惰行,61.0,力行,13.0,3.37,1.09,75.0,75.0,75.0,64.8,71.5,66.2,勾配力行 ↔ 惰行,勾配力行,64.8,-63.7,75.0,75.0,75.0,75.0,,517.4,11.0,0.05,517.39,28.0,-1.063,2.311,45m先で勾配が+28.0‰から+29.7‰に変わる,167m先でATC現示が75km/hから70km/hに低下する,0.0,0.0,1,11.0,先行列車なし,0,,0,0,0,後続列車なし,該当なし,該当なし,0,0,0,30,240,,,
75.0,early_coast_s1_a,1,1.505222,現示低下点への接近フェーズ（500m以内に現示の低下あり）,惰行,62.0,力行,13.0,3.37,0.03,75.0,75.0,75.0,64.8,71.5,66.2,勾配力行 ↔ 惰行,勾配力行,64.8,-64.8,75.0,75.0,75.0,75.0,,517.3,10.0,0.0,517.28,28.0,-1.062,2.312,45m先で勾配が+28.0‰から+29.7‰に変わる,167m先でATC現示が75km/hから70km/hに低下する,0.0,0.0,1,10.0,先行列車なし,0,,0,0,0,後続列車なし,該当なし,該当なし,0,0,0,30,240,,,
0.0,early_coast_s1_b,1,0.9645,駅出発直後の加速フェーズ（20秒以内）,力行,0.0,なし（または停止）,0.0,0.0,0.0,75.0,75.0,75.0,0.0,70.2,64.3,勾配力行 ↔ 惰行,惰行,0.0,-0.0,50.4,75.0,58.8,58.8,,1058.0,85.0,0.0,1058.0,2.0,-0.144,3.229,265m先で勾配が+2.0‰から+3.5‰に変わる,707m先でATC現示が75km/hから70km/hに低下する,0.0,0.0,1,85.0,先行列車なし,0,,0,0,0,後続列車なし,該当なし,該当なし,0,0,0,30,240,,,
1.0,early_coast_s1_b,1,0.964953,駅出発直後の加速フェーズ（20秒以内）,力行,1.0,なし（または停止）,0.0,0.0,3.23,75.0,75.0,75.0,3.2,70.2,64.3,勾配力行 ↔ 惰行,惰行,3.2,0.0,51.3,75.0,58.8,58.8,,1057.5,84.0,0.55,1057.0,2.0,-0.149,3.225,265m先で勾配が+2.0‰から+3.5‰に変わる,707m先でATC現示が75km/hから70km/hに低下する,0.0,0.0,1,84.0,先行列車なし,0,,0,0,0,後続列車なし,該当なし,該当なし,0,0,0,30,240,,,
2.0,early_coast_s1_b,1,0.966301,駅出発直後の加速フェーズ（20秒以内）,力行,2.0,なし（または停止）,0.0,0.0,6.45,75.0,75.0,75.0,6.4,70.2,64.3,勾配力行 ↔ 惰行,惰行,6.4,-0.0,52.0,75.0,58.8,58.8,,1056.2,83.0,2.18,1054.02,2.0,-0.154,3.219,265m先で勾配が+2.0‰から+3.5‰に変わる,705m先でATC現示が75km/hから70km/hに低下する,0.0,0.0,1,83.0,先行列車なし,0,,0,0,0,後続列車なし,該当なし,該当なし,0,0,0,30,240,,,
3.0,early_coast_s1_b,1,0.968544,駅出発直後の加速フェーズ（20秒以内）,力行,3.0,なし（または停止）,0.0,0.0,9.67,75.0,75.0,75.0,9.7,70.2,64.4,勾配力行 ↔ 惰行,惰行,9.7,-0.0,52.8,75.0,58.8,58.8,,1054.0,82.0,4.89,1049.07,2.0,-0.16,3.214,260m先で勾配が+2.0‰から+3.5‰に変わる,703m先でATC現示が75km/hから70km/hに低下する,0.0,0.0,1,82.0,先行列車なし,0,,0,0,0,後続列車なし,該当なし,該当なし,0,0,0,30,240,,,
4.0,early_coast_s1_b,1,0.97168,駅出発直後の加速フェーズ（20秒以内）,力行,4.0,なし（または停止）,0.0,0.0,12.88,75.0,75.0,75.0,12.9,70.2,64.4,勾配力行 ↔ 惰行,惰行,12.9,0.0,53.3,75.0,58.8,58.8,,1050.8,81.0,8.66,1042.16,2.0,-0.166,3.208,260m先で勾配が+2.0‰から+3.5‰に変わる,700m先でATC現示が75km/hから70km/hに低下する,0.0,0.0,1,81.0,先行列車なし,0,,0,0,0,後続列車なし,該当なし,該当なし,0,0,0,30,240,,,
5.0,early_coast_s1_b,1,0.975706,駅出発直後の加速フェーズ（20秒以内）,力行,5.0,なし（または停止）,0.0,0.0,16.08,75.0,75.0,75.0,16.1,70.2,64.4,勾配力行 ↔ 惰行,惰行,16.1,-0.0,54.1,75.0,59.0,59.0,,1046.8,80.0,13.49,1033.3,2.0,-0.173,3.201,255m先で勾配が+2.0‰から+3.5‰に変わる,696m先でATC現示が75km/hから70km/hに低下する,0.0,0.0,1,80.0,先行列車なし,0,,0,0,0,後続列車なし,該当なし,該当なし,0,0,0,30,240,,,
6.0,early_coast_s1_b,1,0.980622,駅出発直後の加速フェーズ（20秒以内）,力行,6.0,なし（または停止）,0.0,0.0,19.28,75.0,75.0,75.0,19.3,70.2,64.4,勾配力行 ↔ 惰行,惰行,19.3,0.0,54.5,75.0,59.0,59.0,,1041.9,79.0,19.36,1022.52,2.0,-0.18,3.194,250m先で勾配が+2.0‰から+3.5‰に変わる,691m先でATC現示が75km/hから70km/hに低下する,0.0,0.0,1,79.0,先行列車なし,0,,0,0,0,後続列車なし,該当なし,該当なし,0,0,0,30,240,,,
7.0,early_coast_s1_b,1,0.986425,駅出発直後の加速フェーズ（20秒以内）,力行,7.0,なし（または停止）,0.0,0.0,22.47,75.0,75.0,75.0,22.5,70.2,64.4,勾配力行 ↔ 惰行,惰行,22.5,0.0,55.2,75.0,59.0,59.0,,1036.1,78.0,26.25,1009.82,2.0,-0.188,3.186,245m先で勾配が+2.0‰から+3.5‰に変わる,685m先でATC現示が75km/hから70km/hに低下する,0.0,0.0,1,78.0,先行列車なし,0,,0,0,0,後続列車なし,該当なし,該当なし,0,0,0,30,240,,,
8.0,early_coast_s1_b,1,0.993113,駅出発直後の加速フェーズ（20秒以内）,力行,8.0,なし（または停止）,0.0,0.0,25.65,75.0,75.0,75.0,25.7,70.2,64.4,勾配力行 ↔ 惰行,惰行,25.7,0.0,56.0,75.0,59.0,59.0,,1029.4,77.0,34.15,995.24,2.0,-0.196,3.178,235m先で勾配が+2.0‰から+3.5‰に変わる,679m先でATC現示が75km/hから70km/hに低下する,0.0,0.0,1,77.0,先行列車なし,0,,0,0,0,後続列車なし,該当なし,該当なし,0,0,0,30,240,,,
9.0,early_coast_s1_b,1,1.000683,駅出発直後の加速フェーズ（20秒以内）,力行,9.0,なし（または停止）,0.0,0.0,28.82,75.0,75.0,75.0,28.8,70.2,64.4,勾配力行 ↔ 惰行,惰行,28.8,-0.0,56.1,75.0,59.0,59.0,,1021.8,76.0,43.05,978.77,2.0,-0.204,3.17,230m先で勾配が+2.0‰から+3.5‰に変わる,671m先でATC現示が75km/hから70km/hに低下する,0.0,0.0,1,76.0,先行列車なし,0,,0,0,0,後続列車なし,該当なし,該当なし,0,0,0,30,240,,,
10.0,early_coast_s1_b,1,1.009134,駅出発直後の加速フェーズ（20秒以内）,力行,10.0,なし（または停止）,0.0,0.0,31.99,75.0,75.0,75.0,32.0,70.3,64.4,勾配力行 ↔ 惰行,惰行,32.0,-0.0,57.0,75.0,59.0,59.0,,1013.4,75.0,52.92,960.45,2.0,-0.213,3.161,220m先で勾配が+2.0‰から+3.5‰に変わる,663m先でATC現示が75km/hから70km/hに低下する,0.0,0.0,1,75.0,先行列車なし,0,,0,0,0,後続列車なし,該当なし,該当なし,0,0,0,30,240,,,
11.0,early_coast_s1_b,1,1.018463,駅出発直後の加速フェーズ（20秒以内）,力行,11.0,なし（または停止）,0.0,0.0,35.15,75.0,75.0,75.0,35.1,70.3,64.5,勾配力行 ↔ 惰行,惰行,35.1,-0.0,57.2,75.0,59.0,59.0,,1004.0,74.0,63.74,940.29,2.0,-0.223,3.151,210m先で勾配が+2.0‰から+3.5‰に変わる,653m先でATC現示が75km/hから70km/hに低下する,0.0,0.0,1,74.0,先行列車なし,0,,0,0,0,後続列車なし,該当なし,該当なし,0,0,0,30,240,,,
12.0,early_coast_s1_b,1,1.028668,駅出発直後の加速フェーズ（20秒以内）,力行,12.0,なし（または停止）,0.0,0.0,38.29,75.0,75.0,75.0,38.3,70.3,64.5,勾配力行 ↔ 惰行,惰行,38.3,0.0,57.9,75.0,59.0,59.0,,993.8,73.0,75.51,918.32,2.0,-0.232,3.141,200m先で勾配が+2.0‰から+3.5‰に変わる,643m先でATC現示が75km/hから70km/hに低下する,0.0,0.0,1,73.0,先行列車なし,0,,0,0,0,後続列車なし,該当なし,該当なし,0,0,0,30,240,,,
13.0,early_coast_s1_b,1,1.039743,駅出発直後の加速フェーズ（20秒以内）,力行,13.0,なし（または停止）,0.0,0.0,41.4,75.0,75.0,75.0,41.4,70.5,64.7,勾配力行 ↔ 惰行,惰行,41.4,-0.0,57.9,75.0,59.0,59.0,,982.8,72.0,88.09,894.67,2.0,-0.243,3.017,190m先で勾配が+2.0‰から+3.5‰に変わる,632m先でATC現示が75km/hから70km/hに低下する,0.0,0.0,1,72.0,先行列車なし,0,,0,0,0,後続列車なし,該当なし,該当なし,0,0,0,30,240,,,
14.0,early_coast_s1_b,1,1.051656,駅出発直後の加速フェーズ（20秒以内）,力行,14.0,なし（または停止）,0.0,0.0,44.3,75.0,75.0,75.0,44.3,70.8,65.0,勾配力行 ↔ 惰行,惰行,44.3,-0.0,58.2,75.0,59.0,59.0,,970.8,71.0,100.66,870.18,2.0,-0.253,2.793,180m先で勾配が+2.0‰から+3.5‰に変わる,620m先でATC現示が75km/hから70km/hに低下する,0.0,0.0,1,71.0,先行列車なし,0,,0,0,0,後続列車なし,該当なし,該当なし,0,0,0,30,240,,,
15.0,early_coast_s1_b,1,1.064346,駅出発直後の加速フェーズ（20秒以内）,力行,15.0,なし（または停止）,0.0,0.0,47.0,75.0,75.0,75.0,47.0,71.1,65.3,勾配力行 ↔ 惰行,惰行,47.0,-0.0,58.8,75.0,59.0,59.0,,958.2,70.0,113.07,845.08,2.0,-0.262,2.609,165m先で勾配が+2.0‰から+3.5‰に変わる,607m先でATC現示が75km/hから70km/hに低下する,0.0,0.0,1,70.0,先行列車なし,0,,0,0,0,後続列車なし,該当なし,該当なし,0,0,0,30,240,,,
16.0,early_coast_s1_b,1,1.077761,駅出発直後の加速フェーズ（20秒以内）,力行,16.0,なし（または停止）,0.0,0.0,49.53,75.0,75.0,75.0,49.5,71.3,65.5,勾配力行 ↔ 惰行,惰行,49.5,-0.0,58.8,75.0,59.0,59.0,,944.7,69.0,125.33,819.41,2.0,-0.272,2.453,150m先で勾配が+2.0‰から+3.5‰に変わる,594m先でATC現示が75km/hから70km/hに低下する,0.0,0.0,1,69.0,先行列車なし,0,,0,0,0,後続列車なし,該当なし,該当なし,0,0,0,30,240,,,
17.0,early_coast_s1_b,1,1.091858,駅出発直後の加速フェーズ（20秒以内）,力行,17.0,なし（または停止）,0.0,0.0,51.92,75.0,75.0,75.0,51.9,71.5,65.7,勾配力行 ↔ 惰行,惰行,51.9,-0.0,58.8,75.0,59.0,59.0,,930.6,68.0,137.4,793.24,2.0,-0.281,2.319,140m先で勾配が+2.0‰から+3.5‰に変わる,580m先でATC現示が75km/hから70km/hに低下する,0.0,0.0,1,68.0,先行列車なし,0,,0,0,0,後続列車なし,該当なし,該当なし,0,0,0,30,240,,,
18.0,early_coast_s1_b,1,1.1066,駅出発直後の加速フェーズ（20秒以内）,力行,18.0,なし（または停止）,0.0,0.0,54.18,75.0,75.0,75.0,54.2,71.7,65.9,勾配力行 ↔ 惰行,惰行,54.2,0.0,58.8,75.0,59.0,59.0,,915.9,67.0,148.8,767.1,2.0,-0.289,2.201,125m先で勾配が+2.0‰から+3.5‰に変わる,565m先でATC現示が75km/hから70km/hに低下する,0.0,0.0,1,67.0,先行列車なし,0,,0,0,0,後続列車なし,該当なし,該当なし,0,0,0,30,240,,,
19.0,early_coast_s1_b,1,1.121874,駅出発直後の加速フェーズ（20秒以内）,惰行,0.5,力行,18.5,2.45,55.17,75.0,75.0,75.0,56.3,71.8,65.9,勾配力行 ↔ 惰行,惰行,56.3,-1.1,59.0,75.0,59.3,59.3,,900.6,66.0,153.65,746.97,2.0,-0.293,2.153,110m先で勾配が+2.0‰から+3.5‰に変わる,550m先でATC現示が75km/hから70km/hに低下する,0.0,0.0,1,66.0,先行列車なし,0,,0,0,0,後続列車なし,該当なし,該当なし,0,0,0,30,240,,,
20.0,early_coast_s1_b,1,1.137157,巡航フェーズ（駅間走行中）,惰行,1.5,力行,18.5,2.46,54.87,75.0,75.0,75.0,58.3,71.7,65.9,勾配力行 ↔ 惰行,惰行,58.3,-3.4,59.3,75.0,59.5,59.5,,885.3,65.0,151.7,733.65,2.0,-0.292,2.167,95m先で勾配が+2.0‰から+3.5‰に変わる,535m先でATC現示が75km/hから70km/hに低下する,0.0,0.0,1,65.0,先行列車なし,0,,0,0,0,後続列車なし,該当なし,該当なし,0,0,0,30,240,,,
21.0,early_coast_s1_b,1,1.152359,巡航フェーズ（駅間走行中）,惰行,2.5,力行,18.5,2.47,54.58,75.0,75.0,75.0,60.1,71.7,65.9,勾配力行 ↔ 惰行,惰行,60.1,-5.5,59.5,75.0,59.7,59.7,,870.1,64.0,149.78,720.36,2.0,-0.291,2.181,80m先で勾配が+2.0‰から+3.5‰に変わる,519m先でATC現示が75km/hから70km/hに低下する,0.0,0.0,1,64.0,先行列車なし,0,,0,0,0,後続列車なし,該当なし,該当なし,0,0,0,30,240,,,
22.0,early_coast_s1_b,1,1.16748,巡航フェーズ（駅間走行中）,惰行,3.5,力行,18.5,2.49,54.29,75.0,75.0,75.0,61.8,71.7,65.9,勾配力行 ↔ 惰行,惰行,61.8,-7.5,59.7,75.0,59.7,59.7,,855.0,63.0,147.85,707.17,2.0,-0.29,2.196,65m先で勾配が+2.0‰から+3.5‰に変わる,504m先でATC現示が75km/hから70km/hに低下する,0.0,0.0,1,63.0,先行列車なし,0,,0,0,0,後続列車なし,該当なし,該当なし,0,0,0,30,240,,,
23.0,early_coast_s1_b,1,1.182521,現示低下点への接近フェーズ（500m以内に現示の低下あり）,惰行,4.5,力行,18.5,2.5,54.0,75.0,75.0,75.0,63.4,71.7,65.9,勾配力行 ↔ 惰行,惰行,63.4,-9.4,59.7,75.0,59.7,59.7,,840.0,62.0,145.97,694.01,2.0,-0.289,2.21,45m先で勾配が+2.0‰から+3.5‰に変わる,489m先でATC現示が75km/hから70km/hに低下する,0.0,0.0,1,62.0,先行列車なし,0,,0,0,0,後続列車なし,該当なし,該当なし,0,0,0,30,240,,,
24.0,early_coast_s1_b,1,1.197481,現示低下点への接近フェーズ（500m以内に現示の低下あり）,惰行,5.5,力行,18.5,2.51,53.71,75.0,75.0,75.0,64.9,71.7,65.9,勾配力行 ↔ 惰行,惰行,64.9,-11.2,59.7,75.0,59.7,59.7,,825.0,61.0,144.08,680.94,2.0,-0.288,2.225,35m先で勾配が+2.0‰から+3.5‰に変わる,474m先でATC現示が75km/hから70km/hに低下する,0.0,0.0,1,61.0,先行列車なし,0,,0,0,0,後続列車なし,該当なし,該当なし,0,0,0,30,240,,,
25.0,early_coast_s1_b,1,1.212361,現示低下点への接近フェーズ（500m以内に現示の低下あり）,惰行,6.5,力行,18.5,2.53,53.43,75.0,75.0,75.0,66.3,71.6,66.0,勾配力行 ↔ 惰行,惰行,66.3,-12.9,59.7,75.0,60.5,60.5,,810.1,60.0,142.21,667.93,2.0,-0.287,2.239,20m先で勾配が+2.0‰から+3.5‰に変わる,459m先でATC現示が75km/hから70km/hに低下する,0.0,0.0,1,60.0,先行列車なし,0,,0,0,0,後続列車なし,該当なし,該当なし,0,0,0,30,240,,,
26.0,early_coast_s1_b,1,1.227162,現示低下点への接近フェーズ（500m以内に現示の低下あり）,惰行,7.5,力行,18.5,2.54,53.14,75.0,75.0,75.0,67.6,71.6,66.1,勾配力行 ↔ 惰行,惰行,67.6,-14.5,60.1,75.0,60.5,60.5,,795.3,59.0,139.11,656.22,2.0,-0.285,2.254,5m先で勾配が+2.0‰から+3.5‰に変わる,445m先でATC現示が75km/hから70km/hに低下する,0.0,0.0,1,59.0,先行列車なし,0,,0,0,0,後続列車なし,該当なし,該当なし,0,0,0,30,240,,,
27.0,early_coast_s1_b,1,1.241877,現示低下点への接近フェーズ（500m以内に現示の低下あり）,惰行,8.5,力行,18.5,2.56,52.81,75.0,75.0,75.0,68.8,71.7,66.2,勾配力行 ↔ 惰行,惰行,68.8,-16.0,60.5,75.0,60.5,60.5,,780.6,58.0,134.42,646.2,3.5,-0.337,2.219,10m先で勾配が+3.5‰から+4.0‰に変わる,430m先でATC現示が75km/hから70km/hに低下する,0.0,0.0,1,58.0,先行列車なし,0,,0,0,0,後続列車なし,該当なし,該当なし,0,0,0,30,240,,,
28.0,early_coast_s1_b,1,1.256497,現示低下点への接近フェーズ（500m以内に現示の低下あり）,惰行,9.5,力行,18.5,2.57,52.46,75.0,75.0,75.0,70.0,71.7,66.2,勾配力行 ↔ 惰行,惰行,70.0,-17.5,60.5,75.0,61.4,61.4,,766.0,57.0,129.66,636.34,4.0,-0.353,2.219,110m先で勾配が+4.0‰から+27.0‰に変わる,415m先でATC現示が75km/hから70km/hに低下する,0.0,0.0,1,57.0,先行列車なし,0,,0,0,0,後続列車なし,該当なし,該当なし,0,0,0,30,240,,,
29.0,early_coast_s1_b,1,1.271019,現示低下点への接近フェーズ（500m以内に現示の低下あり）,惰行,10.5,力行,18.5,2.59,52.11,75.0,75.0,75.0,71.1,71.6,66.2,勾配力行 ↔ 惰行,惰行,71.1,-19.0,60.5,75.0,61.4,61.4,,751.5,56.0,125.01,626.47,4.0,-0.352,2.238,95m先で勾配が+4.0‰から+27.0‰に変わる,401m先でATC現示が75km/hから70km/hに低下する,0.0,0.0,1,56.0,先行列車なし,0,,0,0,0,後続列車なし,該当なし,該当なし,0,0,0,30,240,,,
30.0,early_coast_s1_b,1,1.285444,現示低下点への接近フェーズ（500m以内に現示の低下あり）,惰行,11.5,力行,18.5,2.61,51.75,75.0,75.0,75.0,72.1,71.6,66.1,勾配力行 ↔ 惰行,惰行,72.1,-20.4,60.6,75.0,62.2,62.2,,737.1,55.0,120.3,616.76,4.0,-0.351,2.257,80m先で勾配が+4.0‰から+27.0‰に変わる,386m先でATC現示が75km/hから70km/hに低下する,0.0,0.0,1,55.0,先行列車なし,0,,0,0,0,後続列車なし,該当なし,該当なし,0,0,0,30,240,,,
31.0,early_coast_s1_b,1,1.299771,現示低下点への接近フェーズ（500m以内に現示の低下あり）,惰行,12.5,力行,18.5,2.63,51.4,75.0,75.0,75.0,73.1,71.6,66.1,勾配力行 ↔ 惰行,惰行,73.1,-21.7,61.3,75.0,61.9,61.9,,722.7,54.0,115.86,606.87,4.0,-0.349,2.276,65m先で勾配が+4.0‰から+27.0‰に変わる,372m先でATC現示が75km/hから70km/hに低下する,0.0,0.0,1,54.0,先行列車なし,0,,0,0,0,後続列車なし,該当なし,該当なし,0,0,0,30,240,,,
32.0,early_coast_s1_b,1,1.314001,現示低下点への接近フェーズ（500m以内に現示の低下あり）,惰行,13.5,力行,18.5,2.64,51.06,75.0,75.0,75.0,74.0,71.6,66.1,勾配力行 ↔ 惰行,惰行,74.0,-22.9,62.1,75.0,62.2,62.2,,708.5,53.0,111.2,597.3,4.0,-0.348,2.295,50m先で勾配が+4.0‰から+27.0‰に変わる,358m先でATC現示が75km/hから70km/hに低下する,0.0,0.0,1,53.0,先行列車なし,0,,0,0,0,後続列車なし,該当なし,該当なし,0,0,0,30,240,,,
33.0,early_coast_s1_b,1,1.328135,現示低下点への接近フェーズ（500m以内に現示の低下あり）,惰行,14.5,力行,18.5,2.66,50.71,75.0,75.0,75.0,73.7,71.5,67.3,勾配力行 ↔ 惰行,惰行,73.7,-23.0,62.2,75.0,63.8,63.8,,694.4,52.0,106.8,587.57,4.0,-0.347,2.315,35m先で勾配が+4.0‰から+27.0‰に変わる,344m先でATC現示が75km/hから70km/hに低下する,0.0,0.0,1,52.0,先行列車なし,0,,0,0,0,後続列車なし,該当なし,該当なし,0,0,0,30,240,,,
34.0,early_coast_s1_b,1,1.342172,現示低下点への接近フェーズ（500m以内に現示の低下あり）,惰行,15.5,力行,18.5,2.68,50.36,75.0,75.0,75.0,73.4,71.5,67.3,勾配力行 ↔ 惰行,勾配力行,73.4,-23.0,62.2,75.0,65.4,65.4,,680.3,51.0,102.24,578.08,4.0,-0.345,2.334,20m先で勾配が+4.0‰から+27.0‰に変わる,330m先でATC現示が75km/hから70km/hに低下する,0.0,0.0,1,51.0,先行列車なし,0,,0,0,0,後続列車なし,該当なし,該当なし,0,0,0,30,240,,,
35.0,early_coast_s1_b,1,1.356113,現示低下点への接近フェーズ（500m以内に現示の低下あり）,惰行,16.5,力行,18.5,2.7,50.02,75.0,75.0,75.0,73.1,71.5,66.5,勾配力行 ↔ 惰行,勾配力行,73.1,-23.0,63.0,75.0,66.2,66.2,,666.4,50.0,97.81,568.58,4.0,-0.344,2.354,10m先で勾配が+4.0‰から+27.0‰に変わる,316m先でATC現示が75km/hから70km/hに低下する,0.0,0.0,1,50.0,先行列車なし,0,,0,0,0,後続列車なし,該当なし,該当なし,0,0,0,30,240,,,
36.0,early_coast_s1_b,1,1.369922,現示低下点への接近フェーズ（500m以内に現示の低下あり）,惰行,17.5,力行,18.5,2.74,49.21,75.0,75.0,75.0,72.4,72.6,66.9,勾配力行 ↔ 惰行,勾配力行,72.4,-23.2,63.0,75.0,75.0,75.0,,652.6,49.0,93.43,559.15,27.0,-1.152,1.59,120m先で勾配が+27.0‰から+28.0‰に変わる,302m先でATC現示が75km/hから70km/hに低下する,0.0,0.0,1,49.0,先行列車なし,0,,0,0,0,後続列車なし,該当なし,該当なし,0,0,0,30,240,,,
37.0,early_coast_s1_b,1,1.383431,現示低下点への接近フェーズ（500m以内に現示の低下あり）,惰行,18.5,力行,18.5,2.81,48.06,75.0,75.0,75.0,71.6,72.5,66.8,勾配力行 ↔ 惰行,勾配力行,71.6,-23.5,63.8,75.0,75.0,75.0,,639.1,48.0,89.17,549.9,27.0,-1.148,1.66,105m先で勾配が+27.0‰から+28.0‰に変わる,288m先でATC現示が75km/hから70km/hに低下する,0.0,0.0,1,48.0,先行列車なし,0,,0,0,0,後続列車なし,該当なし,該当なし,0,0,0,30,240,,,
38.0,early_coast_s1_b,1,1.396621,現示低下点への接近フェーズ（500m以内に現示の低下あり）,惰行,19.5,力行,18.5,2.88,46.92,75.0,75.0,75.0,70.8,72.4,66.7,勾配力行 ↔ 惰行,勾配力行,70.8,-23.8,64.6,75.0,75.0,75.0,,625.9,47.0,85.02,540.85,27.0,-1.144,1.732,95m先で勾配が+27.0‰から+28.0‰に変わる,275m先でATC現示が75km/hから70km/hに低下する,0.0,0.0,1,47.0,先行列車なし,0,,0,0,0,後続列車なし,該当なし,該当なし,0,0,0,30,240,,,
39.0,early_coast_s1_b,1,1.409493,現示低下点への接近フェーズ（500m以内に現示の低下あり）,惰行,20.5,力行,18.5,2.95,45.78,75.0,75.0,75.0,69.9,72.3,66.6,勾配力行 ↔ 惰行,勾配力行,69.9,-24.2,66.2,75.0,75.0,75.0,,613.0,46.0,80.96,532.05,27.0,-1.14,1.808,80m先で勾配が+27.0‰から+28.0‰に変わる,262m先でATC現示が75km/hから70km/hに低下する,0.0,0.0,1,46.0,先行列車なし,0,,0,0,0,後続列車なし,該当なし,該当なし,0,0,0,30,240,,,
40.0,early_coast_s1_b,1,1.422048,現示低下点への接近フェーズ（500m以内に現示の低下あり）,惰行,21.5,力行,18.5,3.02,44.64,75.0,75.0,75.0,69.1,72.2,66.5,勾配力行 ↔ 惰行,勾配力行,69.1,-24.5,66.2,75.0,75.0,75.0,,600.5,45.0,76.95,523.5,27.0,-1.136,1.887,70m先で勾配が+27.0‰から+28.0‰に変わる,250m先でATC現示が75km/hから70km/hに低下する,0.0,0.0,1,45.0,先行列車なし,0,,0,0,0,後続列車なし,該当なし,該当なし,0,0,0,30,240,,,
41.0,early_coast_s1_b,1,1.434289,現示低下点への接近フェーズ（500m以内に現示の低下あり）,惰行,22.5,力行,18.5,3.1,43.5,75.0,75.0,75.0,68.3,72.0,66.4,勾配力行 ↔ 惰行,勾配力行,68.3,-24.8,67.8,75.0,75.0,75.0,,588.2,44.0,73.05,515.16,27.0,-1.132,1.97,55m先で勾配が+27.0‰から+28.0‰に変わる,238m先でATC現示が75km/hから70km/hに低下する,0.0,0.0,1,44.0,先行列車なし,0,,0,0,0,後続列車なし,該当なし,該当なし,0,0,0,30,240,,,
42.0,early_coast_s1_b,1,1.446214,現示低下点への接近フェーズ（500m以内に現示の低下あり）,惰行,23.5,力行,18.5,3.18,42.37,75.0,75.0,75.0,67.9,71.9,66.3,勾配力行 ↔ 惰行,勾配力行,67.9,-25.5,68.5,75.0,75.0,75.0,,576.3,43.0,69.25,507.03,27.0,-1.128,2.057,45m先で勾配が+27.0‰から+28.0‰に変わる,226m先でATC現示が75km/hから70km/hに低下する,0.0,0.0,1,43.0,先行列車なし,0,,0,0,0,後続列車なし,該当なし,該当なし,0,0,0,30,240,,,
43.0,early_coast_s1_b,1,1.457827,現示低下点への接近フェーズ（500m以内に現示の低下あり）,惰行,24.5,力行,18.5,3.27,41.25,75.0,75.0,75.0,68.0,71.8,66.1,勾配力行 ↔ 惰行,勾配力行,68.0,-26.7,70.8,75.0,75.0,75.0,,564.7,42.0,65.57,499.11,27.0,-1.124,2.148,30m先で勾配が+27.0‰から+28.0‰に変わる,214m先でATC現示が75km/hから70km/hに低下する,0.0,0.0,1,42.0,先行列車なし,0,,0,0,0,後続列車なし,該当なし,該当なし,0,0,0,30,240,,,
44.0,early_coast_s1_b,1,1.469127,現示低下点への接近フェーズ（500m以内に現示の低下あり）,惰行,25.5,力行,18.5,3.36,40.13,75.0,75.0,75.0,67.2,71.6,65.9,勾配力行 ↔ 惰行,勾配力行,67.2,-27.1,74.4,75.0,75.0,75.0,,553.4,41.0,61.99,491.38,27.0,-1.12,2.243,20m先で勾配が+27.0‰から+28.0‰に変わる,203m先でATC現示が75km/hから70km/hに低下する,0.0,0.0,1,41.0,先行列車なし,0,,0,0,0,後続列車なし,該当なし,該当なし,0,0,0,30,240,,,
45.0,early_coast_s1_b,1,1.480116,現示低下点への接近フェーズ（500m以内に現示の低下あり）,惰行,26.5,力行,18.5,3.37,39.01,75.0,75.0,75.0,66.5,71.6,65.9,勾配力行 ↔ 惰行,勾配力行,66.5,-27.5,75.0,75.0,75.0,75.0,,542.4,40.0,58.52,483.86,27.0,-1.117,2.257,10m先で勾配が+27.0‰から+28.0‰に変わる,192m先でATC現示が75km/hから70km/hに低下する,0.0,0.0,1,40.0,先行列車なし,0,,0,0,0,後続列車なし,該当なし,該当なし,0,0,0,30,240,,,
46.0,early_coast_s1_b,1,1.490794,現示低下点への接近フェーズ（500m以内に現示の低下あり）,惰行,27.5,力行,18.5,3.37,37.88,75.0,75.0,75.0,65.8,71.7,65.9,勾配力行 ↔ 惰行,勾配力行,65.8,-27.9,75.0,75.0,75.0,75.0,,531.7,39.0,55.15,476.55,28.0,-1.148,2.225,60m先で勾配が+28.0‰から+29.7‰に変わる,181m先でATC現示が75km/hから70km/hに低下する,0.0,0.0,1,39.0,先行列車なし,0,,0,0,0,後続列車なし,該当なし,該当なし,0,0,0,30,240,,,
47.0,early_coast_s1_b,1,1.501156,現示低下点への接近フェーズ（500m以内に現示の低下あり）,惰行,28.5,力行,18.5,3.37,36.73,75.0,75.0,75.0,65.1,71.7,65.9,勾配力行 ↔ 惰行,勾配力行,65.1,-28.3,75.0,75.0,75.0,75.0,,521.3,38.0,51.81,469.54,28.0,-1.145,2.229,50m先で勾配が+28.0‰から+29.7‰に変わる,171m先でATC現示が75km/hから70km/hに低下する,0.0,0.0,1,38.0,先行列車なし,0,,0,0,0,後続列車なし,該当なし,該当なし,0,0,0,30,240,,,
48.0,early_coast_s1_b,1,1.511199,現示低下点への接近フェーズ（500m以内に現示の低下あり）,惰行,29.5,力行,18.5,3.37,35.59,75.0,75.0,75.0,64.4,71.7,65.9,勾配力行 ↔ 惰行,勾配力行,64.4,-28.8,75.0,75.0,75.0,75.0,,511.3,37.0,48.54,462.76,28.0,-1.141,2.233,40m先で勾配が+28.0‰から+29.7‰に変わる,161m先でATC現示が75km/hから70km/hに低下する,0.0,0.0,1,37.0,先行列車なし,0,,0,0,0,後続列車なし,該当なし,該当なし,0,0,0,30,240,,,
49.0,early_coast_s1_b,1,1.520926,現示低下点への接近フェーズ（500m以内に現示の低下あり）,惰行,30.5,力行,18.5,3.37,34.45,75.0,75.0,75.0,63.7,71.6,65.8,勾配力行 ↔ 惰行,勾配力行,63.7,-29.2,75.0,75.0,75.0,75.0,,501.6,36.0,45.38,456.19,28.0,-1.138,2.236,30m先で勾配が+28.0‰から+29.7‰に変わる,151m先でATC現示が75km/hから70km/hに低下する,0.0,0.0,1,36.0,先行列車なし,0,,0,0,0,後続列車なし,該当なし,該当なし,0,0,0,30,240,,,
50.0,early_coast_s1_b,1,1.530336,現示低下点への接近フェーズ（500m以内に現示の低下あり）,惰行,31.5,力行,18.5,3.37,33.32,75.0,75.0,75.0,63.0,71.6,65.8,勾配力行 ↔ 惰行,勾配力行,63.0,-29.7,75.0,75.0,75.0,75.0,,492.2,35.0,42.34,449.82,28.0,-1.134,2.239,20m先で勾配が+28.0‰から+29.7‰に変わる,141m先でATC現示が75km/hから70km/hに低下する,0.0,0.0,1,35.0,先行列車なし,0,,0,0,0,後続列車なし,該当なし,該当なし,0,0,0,30,240,,,
51.0,early_coast_s1_b,1,1.539432,現示低下点への接近フェーズ（500m以内に現示の低下あり）,惰行,32.5,力行,18.5,3.37,32.18,75.0,75.0,75.0,62.4,71.6,65.7,勾配力行 ↔ 惰行,勾配力行,62.4,-30.2,75.0,75.0,75.0,75.0,,483.1,34.0,39.4,443.67,28.0,-1.131,2.243,10m先で勾配が+28.0‰から+29.7‰に変わる,132m先でATC現示が75km/hから70km/hに低下する,0.0,0.0,1,34.0,先行列車なし,0,,0,0,0,後続列車なし,該当なし,該当なし,0,0,0,30,240,,,
52.0,early_coast_s1_b,1,1.548213,現示低下点への接近フェーズ（500m以内に現示の低下あり）,惰行,33.5,力行,18.5,3.37,31.05,75.0,75.0,75.0,61.7,71.7,65.8,勾配力行 ↔ 惰行,勾配力行,61.7,-30.7,75.0,75.0,75.0,75.0,,474.3,33.0,36.57,437.72,29.7,-1.188,2.186,165m先で勾配が+29.7‰から+3.0‰に変わる,124m先でATC現示が75km/hから70km/hに低下する,0.0,0.0,1,33.0,先行列車なし,0,,0,0,0,後続列車なし,該当なし,該当なし,0,0,0,30,240,,,
53.0,early_coast_s1_b,1,1.556671,現示低下点への接近フェーズ（500m以内に現示の低下あり）,惰行,34.5,力行,18.5,3.37,29.86,75.0,75.0,75.0,61.1,71.7,65.8,勾配力行 ↔ 惰行,勾配力行,61.1,-31.2,75.0,75.0,75.0,75.0,,465.8,32.0,33.84,431.98,29.7,-1.184,2.189,155m先で勾配が+29.7‰から+3.0‰に変わる,115m先でATC現示が75km/hから70km/hに低下する,0.0,0.0,1,32.0,先行列車なし,0,,0,0,0,後続列車なし,該当なし,該当なし,0,0,0,30,240,,,
54.0,early_coast_s1_b,1,1.564801,現示低下点への接近フェーズ（500m以内に現示の低下あり）,惰行,35.5,力行,18.5,3.37,28.68,75.0,75.0,75.0,60.5,71.7,65.8,勾配力行 ↔ 惰行,勾配力行,60.5,-31.8,75.0,75.0,75.0,75.0,,457.7,31.0,31.23,426.47,29.7,-1.181,2.193,150m先で勾配が+29.7‰から+3.0‰に変わる,107m先でATC現示が75km/hから70km/hに低下する,0.0,0.0,1,31.0,先行列車なし,0,,0,0,0,後続列車なし,該当なし,該当なし,0,0,0,30,240,,,
55.0,early_coast_s1_b,1,1.572602,現示低下点への接近フェーズ（500m以内に現示の低下あり）,惰行,36.5,力行,18.5,3.37,27.5,75.0,75.0,75.0,59.9,71.7,65.8,勾配力行 ↔ 惰行,勾配力行,59.9,-32.4,75.0,75.0,75.0,75.0,,449.9,30.0,28.73,421.17,29.7,-1.178,2.196,140m先で勾配が+29.7‰から+3.0‰に変わる,99m先でATC現示が75km/hから70km/hに低下する,0.0,0.0,1,30.0,先行列車なし,0,,0,0,0,後続列車なし,該当なし,該当なし,0,0,0,30,240,,,
56.0,early_coast_s1_b,1,1.580076,現示低下点への接近フェーズ（500m以内に現示の低下あり）,惰行,37.5,力行,18.5,3.37,26.33,75.0,75.0,75.0,59.3,71.7,65.8,勾配力行 ↔ 惰行,勾配力行,59.3,-33.0,75.0,75.0,75.0,75.0,,442.4,29.0,26.34,416.08,29.7,-1.175,2.199,135m先で勾配が+29.7‰から+3.0‰に変わる,92m先でATC現示が75km/hから70km/hに低下する,0.0,0.0,1,29.0,先行列車なし,0,,0,0,0,後続列車なし,該当なし,該当なし,0,0,0,30,240,,,
57.0,early_coast_s1_b,1,1.587224,現示低下点への接近フェーズ（500m以内に現示の低下あり）,惰行,38.5,力行,18.5,3.37,25.15,75.0,75.0,75.0,58.7,71.7,65.8,勾配力行 ↔ 惰行,勾配力行,58.7,-33.6,75.0,75.0,75.0,75.0,,435.3,28.0,24.06,411.22,29.7,-1.172,2.202,125m先で勾配が+29.7‰から+3.0‰に変わる,85m先でATC現示が75km/hから70km/hに低下する,0.0,0.0,1,28.0,先行列車なし,0,,0,0,0,後続列車なし,該当なし,該当なし,0,0,0,30,240,,,
58.0,early_coast_s1_b,1,1.594047,現示低下点への接近フェーズ（500m以内に現示の低下あり）,惰行,39.5,力行,18.5,3.37,23.98,75.0,75.0,75.0,58.2,71.7,65.8,勾配力行 ↔ 惰行,勾配力行,58.2,-34.2,75.0,75.0,75.0,75.0,,428.5,27.0,21.88,406.57,29.7,-1.169,2.205,120m先で勾配が+29.7‰から+3.0‰に変わる,78m先でATC現示が75km/hから70km/hに低下する,0.0,0.0,1,27.0,先行列車なし,0,,0,0,0,後続列車なし,該当なし,該当なし,0,0,0,30,240,,,
59.0,early_coast_s1_b,1,1.600545,現示低下点への接近フェーズ（500m以内に現示の低下あり）,惰行,40.5,力行,18.5,3.37,22.81,75.0,75.0,75.0,57.7,71.7,65.9,勾配力行 ↔ 惰行,勾配力行,57.7,-34.8,75.0,75.0,75.0,75.0,,422.0,26.0,19.81,402.14,29.7,-1.166,2.208,115m先で勾配が+29.7‰から+3.0‰に変わる,71m先でATC現示が75km/hから70km/hに低下する,0.0,0.0,1,26.0,先行列車なし,0,,0,0,0,後続列車なし,該当なし,該当なし,0,0,0,30,240,,,
60.0,early_coast_s1_b,1,1.606719,現示低下点への接近フェーズ（500m以内に現示の低下あり）,惰行,41.5,力行,18.5,3.37,21.65,75.0,75.0,75.0,57.2,71.7,65.9,勾配力行 ↔ 惰行,勾配力行,57.2,-35.5,75.0,75.0,75.0,75.0,,415.8,25.0,17.85,397.93,29.7,-1.163,2.211,105m先で勾配が+29.7‰から+3.0‰に変わる,65m先でATC現示が75km/hから70km/hに低下する,0.0,0.0,1,25.0,先行列車なし,0,,0,0,0,後続列車なし,該当なし,該当なし,0,0,0,30,240,,,
61.0,early_coast_s1_b,1,1.61257,現示低下点への接近フェーズ（500m以内に現示の低下あり）,惰行,42.5,力行,18.5,3.37,20.49,75.0,75.0,75.0,56.7,71.7,65.9,勾配力行 ↔ 惰行,勾配力行,56.7,-36.2,75.0,75.0,75.0,75.0,,409.9,24.0,15.99,393.94,29.7,-1.16,2.214,100m先で勾配が+29.7‰から+3.0‰に変わる,59m先でATC現示が75km/hから70km/hに低下する,0.0,0.0,1,24.0,先行列車なし,0,,0,0,0,後続列車なし,該当なし,該当なし,0,0,0,30,240,,,
62.0,early_coast_s1_b,1,1.618099,現示低下点への接近フェーズ（500m以内に現示の低下あり）,惰行,43.5,力行,18.5,3.37,19.33,75.0,75.0,75.0,56.2,71.7,65.9,勾配力行 ↔ 惰行,勾配力行,56.2,-36.9,75.0,75.0,75.0,75.0,,404.4,23.0,14.24,390.16,29.7,-1.157,2.216,95m先で勾配が+29.7‰から+3.0‰に変わる,54m先でATC現示が75km/hから70km/hに低下する,0.0,0.0,1,23.0,先行列車なし,0,,0,0,0,後続列車なし,該当なし,該当なし,0,0,0,30,240,,,
63.0,early_coast_s1_b,1,1.623306,次駅への減速フェーズ（駅手前400m以内）,惰行,44.5,力行,18.5,3.37,18.17,75.0,75.0,75.0,55.8,71.7,65.9,勾配力行 ↔ 惰行,勾配力行,55.8,-37.6,,75.0,75.0,75.0,,399.2,22.0,12.6,386.6,29.7,-1.155,2.219,90m先で勾配が+29.7‰から+3.0‰に変わる,48m先でATC現示が75km/hから70km/hに低下する,0.0,0.0,1,22.0,先行列車なし,0,,0,0,0,後続列車なし,該当なし,該当なし,0,0,0,30,240,,,
64.0,early_coast_s1_b,1,1.628193,次駅への減速フェーズ（駅手前400m以内）,惰行,45.5,力行,18.5,3.37,17.02,75.0,75.0,75.0,55.4,71.7,65.9,勾配力行 ↔ 惰行,勾配力行,55.4,-38.4,,75.0,75.0,75.0,,394.3,21.0,11.05,383.25,29.7,-1.152,2.222,85m先で勾配が+29.7‰から+3.0‰に変わる,44m先でATC現示が75km/hから70km/hに低下する,0.0,0.0,1,21.0,先行列車なし,0,,0,0,0,後続列車なし,該当なし,該当なし,0,0,0,30,240,,,
65.0,early_coast_s1_b,1,1.632759,次駅への減速フェーズ（駅手前400m以内）,惰行,46.5,力行,18.5,3.37,15.87,75.0,75.0,75.0,55.0,71.7,65.9,勾配力行 ↔ 惰行,勾配力行,55.0,-39.2,,75.0,75.0,75.0,,389.7,20.0,9.61,380.13,29.7,-1.15,2.224,80m先で勾配が+29.7‰から+3.0‰に変わる,39m先でATC現示が75km/hから70km/hに低下する,0.0,0.0,1,20.0,先行列車なし,0,,0,0,0,後続列車なし,該当なし,該当なし,0,0,0,30,240,,,
66.0,early_coast_s1_b,1,1.637006,次駅への減速フェーズ（駅手前400m以内）,惰行,47.5,力行,18.5,3.37,14.72,75.0,75.0,75.0,54.7,71.7,65.9,勾配力行 ↔ 惰行,勾配力行,54.7,-40.0,,75.0,75.0,75.0,,385.5,19.0,8.28,377.22,29.7,-1.147,2.227,75m先で勾配が+29.7‰から+3.0‰に変わる,35m先でATC現示が75km/hから70km/hに低下する,0.0,0.0,1,19.0,先行列車なし,0,,0,0,0,後続列車なし,該当なし,該当なし,0,0,0,30,240,,,
67.0,early_coast_s1_b,1,1.640935,次駅への減速フェーズ（駅手前400m以内）,惰行,48.5,力行,18.5,3.37,13.58,75.0,75.0,75.0,54.4,71.7,65.9,勾配力行 ↔ 惰行,勾配力行,54.4,-40.8,,75.0,75.0,75.0,,381.6,18.0,7.04,374.53,29.7,-1.145,2.229,70m先で勾配が+29.7‰から+3.0‰に変わる,31m先でATC現示が75km/hから70km/hに低下する,0.0,0.0,1,18.0,先行列車なし,0,,0,0,0,後続列車なし,該当なし,該当なし,0,0,0,30,240,,,
68.0,early_coast_s1_b,1,1.644546,次駅への減速フェーズ（駅手前400m以内）,惰行,49.5,力行,18.5,3.37,12.43,75.0,75.0,75.0,54.1,71.7,65.9,勾配力行 ↔ 惰行,勾配力行,54.1,-41.6,,75.0,75.0,75.0,,378.0,17.0,5.91,372.05,29.7,-1.142,2.231,70m先で勾配が+29.7‰から+3.0‰に変わる,27m先でATC現示が75km/hから70km/hに低下する,0.0,0.0,1,17.0,先行列車なし,0,,0,0,0,後続列車なし,該当なし,該当なし,0,0,0,30,240,,,
69.0,early_coast_s1_b,1,1.647839,次駅への減速フェーズ（駅手前400m以内）,惰行,50.5,力行,18.5,3.37,11.29,75.0,75.0,74.7,53.8,71.3,65.6,勾配力行 ↔ 惰行,勾配力行,53.8,-42.5,,75.0,74.7,74.7,,374.7,16.0,4.87,369.79,29.7,-1.14,2.233,65m先で勾配が+29.7‰から+3.0‰に変わる,24m先でATC現示が75km/hから70km/hに低下する,0.0,0.0,1,16.0,先行列車なし,0,,0,0,0,後続列車なし,該当なし,該当なし,0,0,0,30,240,,,
70.0,early_coast_s1_b,1,1.650816,次駅への減速フェーズ（駅手前400m以内）,惰行,51.5,力行,18.5,3.37,10.15,75.0,75.0,74.1,53.5,70.8,65.1,勾配力行 ↔ 惰行,勾配力行,53.5,-43.4,,75.0,74.1,74.1,,371.7,15.0,3.94,367.74,29.7,-1.138,2.236,65m先で勾配が+29.7‰から+3.0‰に変わる,21m先でATC現示が75km/hから70km/hに低下する,0.0,0.0,1,15.0,先行列車なし,0,,0,0,0,後続列車なし,該当なし,該当なし,0,0,0,30,240,,,
71.0,early_coast_s1_b,1,1.653476,次駅への減速フェーズ（駅手前400m以内）,惰行,52.5,力行,18.5,3.37,9.01,75.0,75.0,73.7,53.3,70.3,64.6,勾配力行 ↔ 惰行,勾配力行,53.3,-44.3,,75.0,73.7,73.7,,369.0,14.0,3.11,365.92,29.7,-1.136,2.238,60m先で勾配が+29.7‰から+3.0‰に変わる,18m先でATC現示が75km/hから70km/hに低下する,0.0,0.0,1,14.0,先行列車なし,0,,0,0,0,後続列車なし,該当なし,該当なし,0,0,0,30,240,,,
72.0,early_coast_s1_b,1,1.655821,次駅への減速フェーズ（駅手前400m以内）,惰行,53.5,力行,18.5,3.37,7.88,75.0,75.0,73.2,53.1,69.8,64.2,勾配力行 ↔ 惰行,勾配力行,53.1,-45.2,,75.0,73.2,73.2,,366.7,13.0,2.38,364.3,29.7,-1.134,2.24,60m先で勾配が+29.7‰から+3.0‰に変わる,16m先でATC現示が75km/hから70km/hに低下する,0.0,0.0,1,13.0,先行列車なし,0,,0,0,0,後続列車なし,該当なし,該当なし,0,0,0,30,240,,,
73.0,early_coast_s1_b,1,1.657851,次駅への減速フェーズ（駅手前400m以内）,惰行,54.5,力行,18.5,3.37,6.75,75.0,75.0,72.8,52.9,69.4,63.8,勾配力行 ↔ 惰行,勾配力行,52.9,-46.2,,75.0,72.8,72.8,,364.6,12.0,1.74,362.91,29.7,-1.132,2.242,55m先で勾配が+29.7‰から+3.0‰に変わる,14m先でATC現示が75km/hから70km/hに低下する,0.0,0.0,1,12.0,先行列車なし,0,,0,0,0,後続列車なし,該当なし,該当なし,0,0,0,30,240,,,
74.0,early_coast_s1_b,1,1.659566,次駅への減速フェーズ（駅手前400m以内）,惰行,55.5,力行,18.5,3.37,5.62,75.0,75.0,72.4,52.8,69.1,63.4,勾配力行 ↔ 惰行,勾配力行,52.8,-47.2,,75.0,72.4,72.4,,362.9,11.0,1.21,361.73,29.7,-1.13,2.244,55m先で勾配が+29.7‰から+3.0‰に変わる,12m先でATC現示が75km/hから70km/hに低下する,0.0,0.0,1,11.0,先行列車なし,0,,0,0,0,後続列車なし,該当なし,該当なし,0,0,0,30,240,,,
75.0,early_coast_s1_b,1,1.660968,次駅への減速フェーズ（駅手前400m以内）,惰行,56.5,力行,18.5,3.37,4.49,75.0,75.0,72.2,52.7,68.9,63.2,勾配力行 ↔ 惰行,勾配力行,52.7,-48.2,,75.0,72.2,72.2,,361.5,10.0,0.77,360.76,29.7,-1.128,2.245,50m先で勾配が+29.7‰から+3.0‰に変わる,11m先でATC現示が75km/hから70km/hに低下する,0.0,0.0,1,10.0,先行列車なし,0,,0,0,0,後続列車なし,該当なし,該当なし,0,0,0,30,240,,,
76.0,early_coast_s1_b,1,1.662056,次駅への減速フェーズ（駅手前400m以内）,惰行,57.5,力行,18.5,3.37,3.36,75.0,75.0,71.9,52.6,68.6,62.9,勾配力行 ↔ 惰行,勾配力行,52.6,-49.2,,75.0,71.9,71.9,,360.4,9.0,0.43,360.01,29.7,-1.126,2.247,50m先で勾配が+29.7‰から+3.0‰に変わる,10m先でATC現示が75km/hから70km/hに低下する,0.0,0.0,1,9.0,先行列車なし,0,,0,0,0,後続列車なし,該当なし,該当なし,0,0,0,30,240,,,
77.0,early_coast_s1_b,1,1.662831,次駅への減速フェーズ（駅手前400m以内）,惰行,58.5,力行,18.5,3.37,2.23,75.0,75.0,71.9,52.5,68.5,62.9,勾配力行 ↔ 惰行,勾配力行,52.5,-50.3,,75.0,71.9,71.9,,359.7,8.0,0.19,359.48,29.7,-1.125,2.249,50m先で勾配が+29.7‰から+3.0‰に変わる,9m先でATC現示が75km/hから70km/hに低下する,0.0,0.0,1,8.0,先行列車なし,0,,0,0,0,後続列車なし,該当なし,該当なし,0,0,0,30,240,,,
78.0,early_coast_s1_b,1,1.663294,次駅への減速フェーズ（駅手前400m以内）,惰行,59.5,力行,18.5,3.37,1.11,75.0,75.0,71.8,52.4,68.4,62.8,勾配力行 ↔ 惰行,勾配力行,52.4,-51.3,,75.0,71.8,71.8,,359.2,7.0,0.05,359.16,29.7,-1.123,2.251,50m先で勾配が+29.7‰から+3.0‰に変わる,9m先でATC現示が75km/hから70km/hに低下する,0.0,0.0,1,7.0,先行列車なし,0,,0,0,0,後続列車なし,該当なし,該当なし,0,0,0,30,240,,,
0.0,over_power_s1,1,0.9645,駅出発直後の加速フェーズ（20秒以内）,力行,0.0,なし（または停止）,0.0,0.0,0.0,75.0,75.0,75.0,0.0,70.2,64.3,勾配力行 ↔ 惰行,惰行,0.0,-0.0,50.4,75.0,58.8,58.8,,1058.0,85.0,0.0,1058.0,2.0,-0.144,3.229,265m先で勾配が+2.0‰から+3.5‰に変わる,707m先でATC現示が75km/hから70km/hに低下する,0.0,0.0,1,85.0,先行列車なし,0,,0,0,0,後続列車なし,該当なし,該当なし,0,0,0,30,240,,,
1.0,over_power_s1,1,0.964953,駅出発直後の加速フェーズ（20秒以内）,力行,1.0,なし（または停止）,0.0,0.0,3.23,75.0,75.0,75.0,3.2,70.2,64.3,勾配力行 ↔ 惰行,惰行,3.2,0.0,51.3,75.0,58.8,58.8,,1057.5,84.0,0.55,1057.0,2.0,-0.149,3.225,265m先で勾配が+2.0‰から+3.5‰に変わる,707m先でATC現示が75km/hから70km/hに低下する,0.0,0.0,1,84.0,先行列車なし,0,,0,0,0,後続列車なし,該当なし,該当なし,0,0,0,30,240,,,
2.0,over_power_s1,1,0.966301,駅出発直後の加速フェーズ（20秒以内）,力行,2.0,なし（または停止）,0.0,0.0,6.45,75.0,75.0,75.0,6.4,70.2,64.3,勾配力行 ↔ 惰行,惰行,6.4,-0.0,52.0,75.0,58.8,58.8,,1056.2,83.0,2.18,1054.02,2.0,-0.154,3.219,265m先で勾配が+2.0‰から+3.5‰に変わる,705m先でATC現示が75km/hから70km/hに低下する,0.0,0.0,1,83.0,先行列車なし,0,,0,0,0,後続列車なし,該当なし,該当なし,0,0,0,30,240,,,
3.0,over_power_s1,1,0.968544,駅出発直後の加速フェーズ（20秒以内）,力行,3.0,なし（または停止）,0.0,0.0,9.67,75.0,75.0,75.0,9.7,70.2,64.4,勾配力行 ↔ 惰行,惰行,9.7,-0.0,52.8,75.0,58.8,58.8,,1054.0,82.0,4.89,1049.07,2.0,-0.16,3.214,260m先で勾配が+2.0‰から+3.5‰に変わる,703m先でATC現示が75km/hから70km/hに低下する,0.0,0.0,1,82.0,先行列車なし,0,,0,0,0,後続列車なし,該当なし,該当なし,0,0,0,30,240,,,
4.0,over_power_s1,1,0.97168,駅出発直後の加速フェーズ（20秒以内）,力行,4.0,なし（または停止）,0.0,0.0,12.88,75.0,75.0,75.0,12.9,70.2,64.4,勾配力行 ↔ 惰行,惰行,12.9,0.0,53.3,75.0,58.8,58.8,,1050.8,81.0,8.66,1042.16,2.0,-0.166,3.208,260m先で勾配が+2.0‰から+3.5‰に変わる,700m先でATC現示が75km/hから70km/hに低下する,0.0,0.0,1,81.0,先行列車なし,0,,0,0,0,後続列車なし,該当なし,該当なし,0,0,0,30,240,,,
5.0,over_power_s1,1,0.975706,駅出発直後の加速フェーズ（20秒以内）,力行,5.0,なし（または停止）,0.0,0.0,16.08,75.0,75.0,75.0,16.1,70.2,64.4,勾配力行 ↔ 惰行,惰行,16.1,-0.0,54.1,75.0,59.0,59.0,,1046.8,80.0,13.49,1033.3,2.0,-0.173,3.201,255m先で勾配が+2.0‰から+3.5‰に変わる,696m先でATC現示が75km/hから70km/hに低下する,0.0,0.0,1,80.0,先行列車なし,0,,0,0,0,後続列車なし,該当なし,該当なし,0,0,0,30,240,,,
6.0,over_power_s1,1,0.980622,駅出発直後の加速フェーズ（20秒以内）,力行,6.0,なし（または停止）,0.0,0.0,19.28,75.0,75.0,75.0,19.3,70.2,64.4,勾配力行 ↔ 惰行,惰行,19.3,0.0,54.5,75.0,59.0,59.0,,1041.9,79.0,19.36,1022.52,2.0,-0.18,3.194,250m先で勾配が+2.0‰から+3.5‰に変わる,691m先でATC現示が75km/hから70km/hに低下する,0.0,0.0,1,79.0,先行列車なし,0,,0,0,0,後続列車なし,該当なし,該当なし,0,0,0,30,240,,,
7.0,over_power_s1,1,0.986425,駅出発直後の加速フェーズ（20秒以内）,力行,7.0,なし（または停止）,0.0,0.0,22.47,75.0,75.0,75.0,22.5,70.2,64.4,勾配力行 ↔ 惰行,惰行,22.5,0.0,55.2,75.0,59.0,59.0,,1036.1,78.0,26.25,1009.82,2.0,-0.188,3.186,245m先で勾配が+2.0‰から+3.5‰に変わる,685m先でATC現示が75km/hから70km/hに低下する,0.0,0.0,1,78.0,先行列車なし,0,,0,0,0,後続列車なし,該当なし,該当なし,0,0,0,30,240,,,
8.0,over_power_s1,1,0.993113,駅出発直後の加速フェーズ（20秒以内）,力行,8.0,なし（または停止）,0.0,0.0,25.65,75.0,75.0,75.0,25.7,70.2,64.4,勾配力行 ↔ 惰行,惰行,25.7,0.0,56.0,75.0,59.0,59.0,,1029.4,77.0,34.15,995.24,2.0,-0.196,3.178,235m先で勾配が+2.0‰から+3.5‰に変わる,679m先でATC現示が75km/hから70km/hに低下する,0.0,0.0,1,77.0,先行列車なし,0,,0,0,0,後続列車なし,該当なし,該当なし,0,0,0,30,240,,,
9.0,over_power_s1,1,1.000683,駅出発直後の加速フェーズ（20秒以内）,力行,9.0,なし（または停止）,0.0,0.0,28.82,75.0,75.0,75.0,28.8,70.2,64.4,勾配力行 ↔ 惰行,惰行,28.8,-0.0,56.1,75.0,59.0,59.0,,1021.8,76.0,43.05,978.77,2.0,-0.204,3.17,230m先で勾配が+2.0‰から+3.5‰に変わる,671m先でATC現示が75km/hから70km/hに低下する,0.0,0.0,1,76.0,先行列車なし,0,,0,0,0,後続列車なし,該当なし,該当なし,0,0,0,30,240,,,
10.0,over_power_s1,1,1.009134,駅出発直後の加速フェーズ（20秒以内）,力行,10.0,なし（または停止）,0.0,0.0,31.99,75.0,75.0,75.0,32.0,70.3,64.4,勾配力行 ↔ 惰行,惰行,32.0,-0.0,57.0,75.0,59.0,59.0,,1013.4,75.0,52.92,960.45,2.0,-0.213,3.161,220m先で勾配が+2.0‰から+3.5‰に変わる,663m先でATC現示が75km/hから70km/hに低下する,0.0,0.0,1,75.0,先行列車なし,0,,0,0,0,後続列車なし,該当なし,該当なし,0,0,0,30,240,,,
11.0,over_power_s1,1,1.018463,駅出発直後の加速フェーズ（20秒以内）,力行,11.0,なし（または停止）,0.0,0.0,35.15,75.0,75.0,75.0,35.1,70.3,64.5,勾配力行 ↔ 惰行,惰行,35.1,-0.0,57.2,75.0,59.0,59.0,,1004.0,74.0,63.74,940.29,2.0,-0.223,3.151,210m先で勾配が+2.0‰から+3.5‰に変わる,653m先でATC現示が75km/hから70km/hに低下する,0.0,0.0,1,74.0,先行列車なし,0,,0,0,0,後続列車なし,該当なし,該当なし,0,0,0,30,240,,,
12.0,over_power_s1,1,1.028668,駅出発直後の加速フェーズ（20秒以内）,力行,12.0,なし（または停止）,0.0,0.0,38.29,75.0,75.0,75.0,38.3,70.3,64.5,勾配力行 ↔ 惰行,惰行,38.3,0.0,57.9,75.0,59.0,59.0,,993.8,73.0,75.51,918.32,2.0,-0.232,3.141,200m先で勾配が+2.0‰から+3.5‰に変わる,643m先でATC現示が75km/hから70km/hに低下する,0.0,0.0,1,73.0,先行列車なし,0,,0,0,0,後続列車なし,該当なし,該当なし,0,0,0,30,240,,,
13.0,over_power_s1,1,1.039743,駅出発直後の加速フェーズ（20秒以内）,力行,13.0,なし（または停止）,0.0,0.0,41.4,75.0,75.0,75.0,41.4,70.5,64.7,勾配力行 ↔ 惰行,惰行,41.4,-0.0,57.9,75.0,59.0,59.0,,982.8,72.0,88.09,894.67,2.0,-0.243,3.017,190m先で勾配が+2.0‰から+3.5‰に変わる,632m先でATC現示が75km/hから70km/hに低下する,0.0,0.0,1,72.0,先行列車なし,0,,0,0,0,後続列車なし,該当なし,該当なし,0,0,0,30,240,,,
14.0,over_power_s1,1,1.051656,駅出発直後の加速フェーズ（20秒以内）,力行,14.0,なし（または停止）,0.0,0.0,44.3,75.0,75.0,75.0,44.3,70.8,65.0,勾配力行 ↔ 惰行,惰行,44.3,-0.0,58.2,75.0,59.0,59.0,,970.8,71.0,100.66,870.18,2.0,-0.253,2.793,180m先で勾配が+2.0‰から+3.5‰に変わる,620m先でATC現示が75km/hから70km/hに低下する,0.0,0.0,1,71.0,先行列車なし,0,,0,0,0,後続列車なし,該当なし,該当なし,0,0,0,30,240,,,
15.0,over_power_s1,1,1.064346,駅出発直後の加速フェーズ（20秒以内）,力行,15.0,なし（または停止）,0.0,0.0,47.0,75.0,75.0,75.0,47.0,71.1,65.3,勾配力行 ↔ 惰行,惰行,47.0,-0.0,58.8,75.0,59.0,59.0,,958.2,70.0,113.07,845.08,2.0,-0.262,2.609,165m先で勾配が+2.0‰から+3.5‰に変わる,607m先でATC現示が75km/hから70km/hに低下する,0.0,0.0,1,70.0,先行列車なし,0,,0,0,0,後続列車なし,該当なし,該当なし,0,0,0,30,240,,,
16.0,over_power_s1,1,1.077761,駅出発直後の加速フェーズ（20秒以内）,力行,16.0,なし（または停止）,0.0,0.0,49.53,75.0,75.0,75.0,49.5,71.3,65.5,勾配力行 ↔ 惰行,惰行,49.5,-0.0,58.8,75.0,59.0,59.0,,944.7,69.0,125.33,819.41,2.0,-0.272,2.453,150m先で勾配が+2.0‰から+3.5‰に変わる,594m先でATC現示が75km/hから70km/hに低下する,0.0,0.0,1,69.0,先行列車なし,0,,0,0,0,後続列車なし,該当なし,該当なし,0,0,0,30,240,,,
17.0,over_power_s1,1,1.091858,駅出発直後の加速フェーズ（20秒以内）,力行,17.0,なし（または停止）,0.0,0.0,51.92,75.0,75.0,75.0,51.9,71.5,65.7,勾配力行 ↔ 惰行,惰行,51.9,-0.0,58.8,75.0,59.0,59.0,,930.6,68.0,137.4,793.24,2.0,-0.281,2.319,140m先で勾配が+2.0‰から+3.5‰に変わる,580m先でATC現示が75km/hから70km/hに低下する,0.0,0.0,1,68.0,先行列車なし,0,,0,0,0,後続列車なし,該当なし,該当なし,0,0,0,30,240,,,
18.0,over_power_s1,1,1.1066,駅出発直後の加速フェーズ（20秒以内）,力行,18.0,なし（または停止）,0.0,0.0,54.18,75.0,75.0,75.0,54.2,71.7,65.9,勾配力行 ↔ 惰行,惰行,54.2,0.0,58.8,75.0,59.0,59.0,,915.9,67.0,148.8,767.1,2.0,-0.289,2.201,125m先で勾配が+2.0‰から+3.5‰に変わる,565m先でATC現示が75km/hから70km/hに低下する,0.0,0.0,1,67.0,先行列車なし,0,,0,0,0,後続列車なし,該当なし,該当なし,0,0,0,30,240,,,
19.0,over_power_s1,1,1.121953,駅出発直後の加速フェーズ（20秒以内）,力行,19.0,なし（または停止）,0.0,0.0,56.33,75.0,75.0,75.0,56.3,71.9,66.0,勾配力行 ↔ 惰行,惰行,56.3,-0.0,59.0,75.0,59.0,59.0,,900.5,66.0,159.92,740.63,2.0,-0.298,2.098,110m先で勾配が+2.0‰から+3.5‰に変わる,550m先でATC現示が75km/hから70km/hに低下する,0.0,0.0,1,66.0,先行列車なし,0,,0,0,0,後続列車なし,該当なし,該当なし,0,0,0,30,240,,,
20.0,over_power_s1,1,1.137889,巡航フェーズ（駅間走行中）,力行,20.0,なし（または停止）,0.0,0.0,58.38,75.0,75.0,75.0,58.4,72.0,66.2,勾配力行 ↔ 惰行,惰行,58.4,-0.0,59.3,75.0,59.0,59.0,,884.6,65.0,170.87,713.74,2.0,-0.307,2.005,90m先で勾配が+2.0‰から+3.5‰に変わる,534m先でATC現示が75km/hから70km/hに低下する,0.0,0.0,1,65.0,先行列車なし,0,,0,0,0,後続列車なし,該当なし,該当なし,0,0,0,30,240,,,
21.0,over_power_s1,1,1.154383,巡航フェーズ（駅間走行中）,力行,21.0,なし（または停止）,0.0,0.0,60.34,75.0,75.0,75.0,60.3,72.1,66.3,勾配力行 ↔ 惰行,惰行,60.3,0.0,59.5,75.0,60.3,60.3,,868.1,64.0,181.68,686.43,2.0,-0.315,1.922,75m先で勾配が+2.0‰から+3.5‰に変わる,517m先でATC現示が75km/hから70km/hに低下する,0.0,0.0,1,64.0,先行列車なし,0,,0,0,0,後続列車なし,該当なし,該当なし,0,0,0,30,240,,,
22.0,over_power_s1,1,1.17141,巡航フェーズ（駅間走行中）,力行,22.0,なし（または停止）,0.0,0.0,62.22,75.0,75.0,75.0,62.2,72.2,66.4,勾配力行 ↔ 惰行,惰行,62.2,0.0,58.9,75.0,62.2,62.2,,851.1,63.0,191.97,659.12,2.0,-0.323,1.846,60m先で勾配が+2.0‰から+3.5‰に変わる,500m先でATC現示が75km/hから70km/hに低下する,0.0,0.0,1,63.0,先行列車なし,0,,0,0,0,後続列車なし,該当なし,該当なし,0,0,0,30,240,,,
23.0,over_power_s1,1,1.18895,現示低下点への接近フェーズ（500m以内に現示の低下あり）,力行,23.0,なし（または停止）,0.0,0.0,64.04,75.0,75.0,75.0,64.0,72.3,66.6,勾配力行 ↔ 惰行,惰行,64.0,-0.0,59.2,75.0,64.0,64.0,,833.5,62.0,196.21,637.34,2.0,-0.331,1.776,40m先で勾配が+2.0‰から+3.5‰に変わる,483m先でATC現示が75km/hから70km/hに低下する,0.0,0.0,1,62.0,先行列車なし,0,,0,0,0,後続列車なし,該当なし,該当なし,0,0,0,30,240,,,
24.0,over_power_s1,1,1.206984,現示低下点への接近フェーズ（500m以内に現示の低下あり）,力行,24.0,なし（または停止）,0.0,0.0,65.78,75.0,75.0,75.0,65.8,72.4,66.8,勾配力行 ↔ 惰行,惰行,65.8,0.0,58.8,75.0,65.8,65.8,,815.5,61.0,200.23,615.29,2.0,-0.339,1.713,25m先で勾配が+2.0‰から+3.5‰に変わる,465m先でATC現示が75km/hから70km/hに低下する,0.0,0.0,1,61.0,先行列車なし,0,,0,0,0,後続列車なし,該当なし,該当なし,0,0,0,30,240,,,
25.0,over_power_s1,1,1.225493,現示低下点への接近フェーズ（500m以内に現示の低下あり）,力行,25.0,なし（または停止）,0.0,0.0,67.46,75.0,75.0,75.0,67.5,72.5,67.0,勾配力行 ↔ 惰行,惰行,67.5,0.0,58.7,75.0,67.5,67.5,,797.0,60.0,204.03,592.98,2.0,-0.346,1.654,5m先で勾配が+2.0‰から+3.5‰に変わる,446m先でATC現示が75km/hから70km/hに低下する,0.0,0.0,1,60.0,先行列車なし,0,,0,0,0,後続列車なし,該当なし,該当なし,0,0,0,30,240,,,
26.0,over_power_s1,1,1.244457,現示低下点への接近フェーズ（500m以内に現示の低下あり）,力行,26.0,なし（または停止）,0.0,0.0,69.04,75.0,75.0,75.0,69.0,72.7,67.2,勾配力行 ↔ 惰行,惰行,69.0,-0.0,58.8,75.0,69.0,69.0,,778.0,59.0,207.65,570.39,3.5,-0.407,1.548,5m先で勾配が+3.5‰から+4.0‰に変わる,427m先でATC現示が75km/hから70km/hに低下する,0.0,0.0,1,59.0,先行列車なし,0,,0,0,0,後続列車なし,該当なし,該当なし,0,0,0,30,240,,,
27.0,over_power_s1,1,1.263849,現示低下点への接近フェーズ（500m以内に現示の低下あり）,力行,27.0,なし（または停止）,0.0,0.0,70.55,75.0,75.0,75.0,70.6,72.8,67.3,勾配力行 ↔ 惰行,惰行,70.6,0.0,58.2,75.0,70.6,70.6,,758.7,58.0,210.99,547.66,4.0,-0.431,1.481,100m先で勾配が+4.0‰から+27.0‰に変わる,408m先でATC現示が75km/hから70km/hに低下する,0.0,0.0,1,58.0,先行列車なし,0,,0,0,0,後続列車なし,該当なし,該当なし,0,0,0,30,240,,,
28.0,over_power_s1,1,1.283652,現示低下点への接近フェーズ（500m以内に現示の低下あり）,力行,28.0,なし（または停止）,0.0,0.0,72.01,75.0,75.0,75.0,72.0,72.8,67.4,勾配力行 ↔ 惰行,惰行,72.0,-0.0,57.9,75.0,72.0,72.0,,738.8,57.0,214.12,524.73,4.0,-0.438,1.436,80m先で勾配が+4.0‰から+27.0‰に変わる,388m先でATC現示が75km/hから70km/hに低下する,0.0,0.0,1,57.0,先行列車なし,0,,0,0,0,後続列車なし,該当なし,該当なし,0,0,0,30,240,,,
29.0,over_power_s1,1,1.303854,現示低下点への接近フェーズ（500m以内に現示の低下あり）,力行,29.0,なし（または停止）,0.0,0.0,73.42,75.0,75.0,75.0,73.4,72.9,67.4,勾配力行 ↔ 惰行,惰行,73.4,-0.0,57.5,75.0,73.4,73.4,,718.6,56.0,217.19,501.46,4.0,-0.445,1.393,60m先で勾配が+4.0‰から+27.0‰に変わる,368m先でATC現示が75km/hから70km/hに低下する,0.0,0.0,1,56.0,先行列車なし,0,,0,0,0,後続列車なし,該当なし,該当なし,0,0,0,30,240,,,
30.0,over_power_s1,1,1.324442,現示低下点への接近フェーズ（500m以内に現示の低下あり）,惰行,0.0,力行,0.0,1.81,74.71,75.0,75.0,75.0,73.7,73.0,68.3,勾配力行 ↔ 惰行,惰行,73.7,1.0,57.0,75.0,74.7,74.7,,698.1,55.0,219.64,478.42,4.0,-0.452,1.355,40m先で勾配が+4.0‰から+27.0‰に変わる,347m先でATC現示が75km/hから70km/hに低下する,0.0,0.0,1,55.0,先行列車なし,0,,0,0,0,後続列車なし,該当なし,該当なし,0,0,0,30,240,,,
31.0,over_power_s1,1,1.345193,現示低下点への接近フェーズ（500m以内に現示の低下あり）,惰行,0.0,力行,0.0,1.81,74.71,75.0,75.0,75.0,73.3,73.0,68.3,勾配力行 ↔ 惰行,勾配力行,73.3,1.4,56.1,75.0,74.7,74.7,,677.3,54.0,214.57,462.74,4.0,-0.452,1.355,20m先で勾配が+4.0‰から+27.0‰に変わる,327m先でATC現示が75km/hから70km/hに低下する,0.0,0.0,1,54.0,先行列車なし,0,,0,0,0,後続列車なし,該当なし,該当なし,0,0,0,30,240,,,
32.0,over_power_s1,1,1.365944,現示低下点への接近フェーズ（500m以内に現示の低下あり）,力行,0.0,惰行,0.0,1.81,74.7,75.0,75.0,75.0,72.7,73.0,66.7,勾配力行 ↔ 惰行,勾配力行,72.7,2.0,55.5,75.0,74.7,74.7,,656.6,53.0,210.34,446.22,27.0,-1.263,0.544,125m先で勾配が+27.0‰から+28.0‰に変わる,306m先でATC現示が75km/hから70km/hに低下する,0.0,0.0,1,53.0,先行列車なし,0,,0,0,0,後続列車なし,該当なし,該当なし,0,0,0,30,240,,,
33.0,over_power_s1,1,1.386693,現示低下点への接近フェーズ（500m以内に現示の低下あり）,力行,0.0,惰行,0.0,1.81,74.7,75.0,75.0,75.0,71.4,73.0,66.7,勾配力行 ↔ 惰行,勾配力行,71.4,3.3,55.2,75.0,74.7,74.7,,635.8,52.0,209.82,425.99,27.0,-1.263,0.544,105m先で勾配が+27.0‰から+28.0‰に変わる,285m先でATC現示が75km/hから70km/hに低下する,0.0,0.0,1,52.0,先行列車なし,0,,0,0,0,後続列車なし,該当なし,該当なし,0,0,0,30,240,,,
34.0,over_power_s1,1,1.407442,現示低下点への接近フェーズ（500m以内に現示の低下あり）,惰行,0.0,力行,0.0,1.81,74.7,75.0,75.0,75.0,70.1,73.0,66.7,勾配力行 ↔ 惰行,勾配力行,70.1,4.6,54.3,75.0,74.7,74.7,,615.1,51.0,209.3,405.76,27.0,-1.263,0.544,85m先で勾配が+27.0‰から+28.0‰に変わる,264m先でATC現示が75km/hから70km/hに低下する,0.0,0.0,1,51.0,先行列車なし,0,,0,0,0,後続列車なし,該当なし,該当なし,0,0,0,30,240,,,
35.0,over_power_s1,1,1.428191,現示低下点への接近フェーズ（500m以内に現示の低下あり）,惰行,0.0,力行,0.0,1.81,74.7,75.0,75.0,75.0,68.7,73.0,66.7,勾配力行 ↔ 惰行,勾配力行,68.7,6.0,54.2,75.0,74.7,74.7,,594.3,50.0,208.78,385.52,27.0,-1.263,0.543,60m先で勾配が+27.0‰から+28.0‰に変わる,244m先でATC現示が75km/hから70km/hに低下する,0.0,0.0,1,50.0,先行列車なし,0,,0,0,0,後続列車なし,該当なし,該当なし,0,0,0,30,240,,,
36.0,over_power_s1,1,1.44894,現示低下点への接近フェーズ（500m以内に現示の低下あり）,惰行,0.0,力行,0.0,1.81,74.7,75.0,75.0,75.0,67.9,73.0,66.6,勾配力行 ↔ 惰行,勾配力行,67.9,6.8,53.3,75.0,74.7,74.7,,573.6,49.0,208.28,365.28,27.0,-1.263,0.543,40m先で勾配が+27.0‰から+28.0‰に変わる,223m先でATC現示が75km/hから70km/hに低下する,0.0,0.0,1,49.0,先行列車なし,0,,0,0,0,後続列車なし,該当なし,該当なし,0,0,0,30,240,,,
37.0,over_power_s1,1,1.469689,現示低下点への接近フェーズ（500m以内に現示の低下あり）,力行,0.0,惰行,0.0,1.81,74.69,75.0,75.0,75.0,67.2,73.0,66.6,勾配力行 ↔ 惰行,勾配力行,67.2,7.5,52.4,75.0,74.7,74.7,,552.8,48.0,207.66,345.15,27.0,-1.263,0.544,20m先で勾配が+27.0‰から+28.0‰に変わる,202m先でATC現示が75km/hから70km/hに低下する,0.0,0.0,1,48.0,先行列車なし,0,,0,0,0,後続列車なし,該当なし,該当なし,0,0,0,30,240,,,
38.0,over_power_s1,1,1.490438,現示低下点への接近フェーズ（500m以内に現示の低下あり）,惰行,0.0,力行,0.0,1.81,74.7,75.0,75.0,75.0,65.8,73.0,66.5,勾配力行 ↔ 惰行,勾配力行,65.8,8.9,51.4,75.0,74.7,74.7,,532.1,47.0,207.24,324.82,28.0,-1.298,0.508,60m先で勾配が+28.0‰から+29.7‰に変わる,181m先でATC現示が75km/hから70km/hに低下する,0.0,0.0,1,47.0,先行列車なし,0,,0,0,0,後続列車なし,該当なし,該当なし,0,0,0,30,240,,,
39.0,over_power_s1,1,1.511187,現示低下点への接近フェーズ（500m以内に現示の低下あり）,惰行,0.0,力行,0.0,1.81,74.7,75.0,75.0,75.0,64.4,73.0,66.4,勾配力行 ↔ 惰行,勾配力行,64.4,10.3,50.4,75.0,74.7,74.7,,511.3,46.0,209.44,301.87,28.0,-1.298,0.508,40m先で勾配が+28.0‰から+29.7‰に変わる,161m先でATC現示が75km/hから70km/hに低下する,0.0,0.0,1,46.0,先行列車なし,0,,0,0,0,後続列車なし,該当なし,該当なし,0,0,0,30,240,,,
40.0,over_power_s1,1,1.531936,現示低下点への接近フェーズ（500m以内に現示の低下あり）,力行,0.0,惰行,0.0,1.81,74.69,75.0,75.0,75.0,62.9,73.0,66.3,勾配力行 ↔ 惰行,勾配力行,62.9,11.8,49.6,75.0,74.7,74.7,,490.6,45.0,215.93,274.64,28.0,-1.298,0.509,20m先で勾配が+28.0‰から+29.7‰に変わる,140m先でATC現示が75km/hから70km/hに低下する,0.0,0.0,1,45.0,先行列車なし,0,,0,0,0,後続列車なし,該当なし,該当なし,0,0,0,30,240,,,
41.0,over_power_s1,1,1.552685,現示低下点への接近フェーズ（500m以内に現示の低下あり）,力行,0.0,惰行,0.0,1.81,74.7,75.0,75.0,75.0,61.4,73.0,66.2,勾配力行 ↔ 惰行,勾配力行,61.4,13.3,49.1,75.0,74.7,74.7,,469.8,44.0,222.74,247.08,29.7,-1.358,0.448,160m先で勾配が+29.7‰から+3.0‰に変わる,119m先でATC現示が75km/hから70km/hに低下する,0.0,0.0,1,44.0,先行列車なし,0,,0,0,0,後続列車なし,該当なし,該当なし,0,0,0,30,240,,,
42.0,over_power_s1,1,1.573434,現示低下点への接近フェーズ（500m以内に現示の低下あり）,力行,0.0,惰行,0.0,1.81,74.69,75.0,75.0,75.0,59.8,73.0,66.2,勾配力行 ↔ 惰行,勾配力行,59.8,14.9,48.4,75.0,74.7,74.7,,449.1,43.0,229.92,219.15,29.7,-1.358,0.449,140m先で勾配が+29.7‰から+3.0‰に変わる,98m先でATC現示が75km/hから70km/hに低下する,0.0,0.0,1,43.0,先行列車なし,0,,0,0,0,後続列車なし,該当なし,該当なし,0,0,0,30,240,,,
43.0,over_power_s1,1,1.594182,現示低下点への接近フェーズ（500m以内に現示の低下あり）,力行,0.0,惰行,0.0,1.81,74.69,75.0,75.0,75.0,58.2,73.0,66.2,勾配力行 ↔ 惰行,勾配力行,58.2,16.5,47.3,75.0,74.7,74.7,,428.3,42.0,236.78,191.54,29.7,-1.358,0.449,120m先で勾配が+29.7‰から+3.0‰に変わる,78m先でATC現示が75km/hから70km/hに低下する,0.0,0.0,1,42.0,先行列車なし,0,,0,0,0,後続列車なし,該当なし,該当なし,0,0,0,30,240,,,
44.0,over_power_s1,1,1.614931,現示低下点への接近フェーズ（500m以内に現示の低下あり）,惰行,0.0,力行,0.0,1.81,74.7,75.0,75.0,75.0,56.5,73.0,66.2,勾配力行 ↔ 惰行,勾配力行,56.5,18.2,45.1,75.0,74.7,74.7,,407.6,41.0,243.88,163.69,29.7,-1.358,0.448,100m先で勾配が+29.7‰から+3.0‰に変わる,57m先でATC現示が75km/hから70km/hに低下する,0.0,0.0,1,41.0,先行列車なし,0,,0,0,0,後続列車なし,該当なし,該当なし,0,0,0,30,240,,,
45.0,over_power_s1,1,1.63568,次駅への減速フェーズ（駅手前400m以内）,惰行,0.0,力行,0.0,1.81,74.7,75.0,75.0,75.0,54.8,73.0,66.2,勾配力行 ↔ 惰行,勾配力行,54.8,19.9,,75.0,74.7,74.7,,386.8,40.0,250.79,136.03,29.7,-1.358,0.448,80m先で勾配が+29.7‰から+3.0‰に変わる,36m先でATC現示が75km/hから70km/hに低下する,0.0,0.0,1,40.0,先行列車なし,0,,0,0,0,後続列車なし,該当なし,該当なし,0,0,0,30,240,,,
46.0,over_power_s1,1,1.656382,次駅への減速フェーズ（駅手前400m以内）,惰行,0.5,力行,0.0,1.82,74.03,75.0,75.0,73.1,53.0,71.1,64.3,勾配力行 ↔ 惰行,勾配力行,53.0,21.0,,75.0,73.1,73.1,,366.1,39.0,252.85,113.27,29.7,-1.355,0.468,55m先で勾配が+29.7‰から+3.0‰に変わる,15m先でATC現示が75km/hから70km/hに低下する,0.0,0.0,1,39.0,先行列車なし,0,,0,0,0,後続列車なし,該当なし,該当なし,0,0,0,30,240,,,
47.0,over_power_s1,1,1.676756,次駅への減速フェーズ（駅手前400m以内）,惰行,1.5,力行,0.0,1.86,72.68,70.0,70.0,70.0,51.3,68.0,62.7,勾配力行 ↔ 惰行,勾配力行,51.3,21.4,,75.0,70.0,70.0,,345.7,38.0,249.78,95.97,29.7,-1.348,0.508,35m先で勾配が+29.7‰から+3.0‰に変わる,685m先でATC現示が70km/hから55km/hに低下する,0.0,0.0,1,38.0,先行列車なし,0,,0,0,0,後続列車なし,該当なし,該当なし,0,0,0,30,240,,,
48.0,over_power_s1,1,1.696756,次駅への減速フェーズ（駅手前400m以内）,惰行,2.5,力行,0.0,1.89,71.33,70.0,70.0,70.0,49.5,68.0,63.8,勾配力行 ↔ 惰行,惰行,49.5,21.8,,75.0,70.0,70.0,,325.7,37.0,247.01,78.73,29.7,-1.342,0.55,15m先で勾配が+29.7‰から+3.0‰に変わる,665m先でATC現示が70km/hから55km/hに低下する,0.0,0.0,1,37.0,先行列車なし,0,,0,0,0,後続列車なし,該当なし,該当なし,0,0,0,30,240,,,
49.0,over_power_s1,1,1.716393,次駅への減速フェーズ（駅手前400m以内）,惰行,3.5,力行,0.0,1.92,70.26,70.0,70.0,70.0,48.1,67.7,62.1,勾配力行 ↔ 惰行,惰行,48.1,22.2,,75.0,70.0,70.0,,306.1,36.0,244.65,61.45,3.0,-0.395,1.526,当面+3.0‰が続く,645m先でATC現示が70km/hから55km/hに低下する,0.0,0.0,1,36.0,先行列車なし,0,,0,0,0,後続列車なし,該当なし,該当なし,0,0,0,30,240,,,
50.0,over_power_s1,1,1.735854,次駅への減速フェーズ（駅手前400m以内）,惰行,4.5,力行,0.0,1.93,69.86,70.0,70.0,70.0,47.6,67.7,62.0,勾配力行 ↔ 惰行,惰行,47.6,22.2,,75.0,69.9,69.9,,286.6,35.0,242.01,44.64,3.0,-0.393,1.539,当面+3.0‰が続く,626m先でATC現示が70km/hから55km/hに低下する,0.0,0.0,1,35.0,先行列車なし,0,,0,0,0,後続列車なし,該当なし,該当なし,0,0,0,30,240,,,
51.0,over_power_s1,1,1.755226,次駅への減速フェーズ（駅手前400m以内）,惰行,0.0,力行,0.0,1.94,69.7,70.0,70.0,70.0,47.2,67.7,62.0,勾配力行 ↔ 惰行,惰行,47.2,22.5,,75.0,69.7,69.7,,267.3,34.0,240.93,26.34,3.0,-0.392,1.544,当面+3.0‰が続く,607m先でATC現示が70km/hから55km/hに低下する,0.0,0.0,1,34.0,先行列車なし,0,,0,0,0,後続列車なし,該当なし,該当なし,0,0,0,30,240,,,
52.0,over_power_s1,1,1.774588,次駅への減速フェーズ（駅手前400m以内）,力行,0.0,惰行,0.0,1.94,69.7,70.0,70.0,70.0,46.7,67.7,62.0,勾配力行 ↔ 惰行,惰行,46.7,23.0,,75.0,69.7,69.7,,247.9,33.0,240.9,7.01,3.0,-0.392,1.544,当面+3.0‰が続く,587m先でATC現示が70km/hから55km/hに低下する,0.0,0.0,1,33.0,先行列車なし,0,,0,0,0,後続列車なし,該当なし,該当なし,0,0,0,30,240,,,
53.0,over_power_s1,1,1.79379,次駅への減速フェーズ（駅手前400m以内）,制動,0.6,惰行,0.0,2.5,67.89,70.0,70.0,70.0,46.3,67.6,61.9,勾配力行 ↔ 惰行,惰行,46.3,21.6,,75.0,70.0,70.0,,228.7,32.0,228.93,-0.22,3.0,-0.384,1.604,当面+3.0‰が続く,568m先でATC現示が70km/hから55km/hに低下する,0.0,0.0,1,32.0,先行列車なし,0,,0,0,0,後続列車なし,該当なし,該当なし,0,0,0,30,240,,,
54.0,over_power_s1,1,1.812244,次駅への減速フェーズ（駅手前400m以内）,制動,1.6,惰行,0.0,2.5,65.01,70.0,70.0,70.0,45.9,67.4,61.8,勾配力行 ↔ 惰行,惰行,45.9,19.1,,75.0,70.0,70.0,,210.3,31.0,210.47,-0.21,3.0,-0.371,1.705,当面+3.0‰が続く,550m先でATC現示が70km/hから55km/hに低下する,0.0,0.0,1,31.0,先行列車なし,0,,0,0,0,後続列車なし,該当なし,該当なし,0,0,0,30,240,,,
55.0,over_power_s1,1,1.829901,次駅への減速フェーズ（駅手前400m以内）,制動,2.6,惰行,0.0,2.5,62.15,70.0,70.0,70.0,45.5,67.3,61.6,勾配力行 ↔ 惰行,惰行,45.5,16.7,,75.0,70.0,70.0,,192.6,30.0,192.81,-0.21,3.0,-0.358,1.813,当面+3.0‰が続く,532m先でATC現示が70km/hから55km/hに低下する,0.0,0.0,1,30.0,先行列車なし,0,,0,0,0,後続列車なし,該当なし,該当なし,0,0,0,30,240,,,
56.0,over_power_s1,1,1.846765,次駅への減速フェーズ（駅手前400m以内）,制動,3.6,惰行,0.0,2.5,59.3,70.0,70.0,70.0,45.1,67.1,61.5,勾配力行 ↔ 惰行,惰行,45.1,14.2,,75.0,70.0,70.0,,175.7,29.0,175.94,-0.2,3.0,-0.346,1.93,当面+3.0‰が続く,515m先でATC現示が70km/hから55km/hに低下する,0.0,0.0,1,29.0,先行列車なし,0,,0,0,0,後続列車なし,該当なし,該当なし,0,0,0,30,240,,,
57.0,over_power_s1,1,1.862837,次駅への減速フェーズ（駅手前400m以内）,制動,4.6,惰行,0.0,2.5,56.46,70.0,70.0,70.0,44.7,66.9,61.3,勾配力行 ↔ 惰行,惰行,44.7,11.8,,75.0,70.0,70.0,,159.7,28.0,159.86,-0.2,3.0,-0.334,2.056,当面+3.0‰が続く,499m先でATC現示が70km/hから55km/hに低下する,0.0,0.0,1,28.0,先行列車なし,0,,0,0,0,後続列車なし,該当なし,該当なし,0,0,0,30,240,,,
58.0,over_power_s1,1,1.878123,次駅への減速フェーズ（駅手前400m以内）,制動,5.6,惰行,0.0,2.5,53.63,70.0,70.0,70.0,44.3,66.7,61.1,勾配力行 ↔ 惰行,惰行,44.3,9.3,,75.0,70.0,70.0,,144.4,27.0,144.57,-0.19,3.0,-0.323,2.194,当面+3.0‰が続く,484m先でATC現示が70km/hから55km/hに低下する,0.0,0.0,1,27.0,先行列車なし,0,,0,0,0,後続列車なし,該当なし,該当なし,0,0,0,30,240,,,
58.5,over_power_s1,1,1.885471,次駅への減速フェーズ（駅手前400m以内）,制動,6.1,惰行,0.0,2.5,52.22,70.0,70.0,70.0,44.2,66.6,61.0,勾配力行 ↔ 惰行,惰行,44.2,8.0,,75.0,70.0,70.0,,137.0,26.5,137.22,-0.19,3.0,-0.317,2.267,当面+3.0‰が続く,476m先でATC現示が70km/hから55km/hに低下する,0.0,0.0,1,26.5,先行列車なし,0,,0,0,0,後続列車なし,該当なし,該当なし,0,0,0,30,240,,,
59.0,over_power_s1,1,1.892624,次駅への減速フェーズ（駅手前400m以内）,制動,6.6,惰行,0.0,2.5,50.81,70.0,70.0,70.0,44.0,66.5,60.8,勾配力行 ↔ 惰行,惰行,44.0,6.8,,75.0,70.0,70.0,,129.9,26.0,130.07,-0.19,3.0,-0.312,2.344,当面+3.0‰が続く,469m先でATC現示が70km/hから55km/hに低下する,0.0,0.0,1,26.0,先行列車なし,0,,0,0,0,後続列車なし,該当なし,該当なし,0,0,0,30,240,,,
59.5,over_power_s1,1,1.899582,次駅への減速フェーズ（駅手前400m以内）,制動,7.1,惰行,0.0,2.5,49.41,70.0,70.0,70.0,43.8,66.4,60.7,勾配力行 ↔ 惰行,惰行,43.8,5.6,,75.0,70.0,70.0,,122.9,25.5,123.11,-0.19,3.0,-0.306,2.425,当面+3.0‰が続く,462m先でATC現示が70km/hから55km/hに低下する,0.0,0.0,1,25.5,先行列車なし,0,,0,0,0,後続列車なし,該当なし,該当なし,0,0,0,30,240,,,
60.0,over_power_s1,1,1.906345,次駅への減速フェーズ（駅手前400m以内）,制動,7.6,惰行,0.0,2.5,48.01,70.0,70.0,70.0,43.7,66.2,60.6,勾配力行 ↔ 惰行,惰行,43.7,4.3,,75.0,70.0,70.0,,116.2,25.0,116.34,-0.19,3.0,-0.301,2.51,当面+3.0‰が続く,455m先でATC現示が70km/hから55km/hに低下する,0.0,0.0,1,25.0,先行列車なし,0,,0,0,0,後続列車なし,該当なし,該当なし,0,0,0,30,240,,,
60.5,over_power_s1,1,1.912913,次駅への減速フェーズ（駅手前400m以内）,制動,8.1,惰行,0.0,2.5,46.61,70.0,70.0,70.0,43.5,66.1,60.5,勾配力行 ↔ 惰行,惰行,43.5,3.1,,75.0,70.0,70.0,,109.6,24.5,109.77,-0.18,3.0,-0.296,2.599,当面+3.0‰が続く,449m先でATC現示が70km/hから55km/hに低下する,0.0,0.0,1,24.5,先行列車なし,0,,0,0,0,後続列車なし,該当なし,該当なし,0,0,0,30,240,,,
61.0,over_power_s1,1,1.919287,次駅への減速フェーズ（駅手前400m以内）,制動,8.6,惰行,0.0,2.5,45.21,70.0,70.0,70.0,43.4,66.0,60.3,勾配力行 ↔ 惰行,惰行,43.4,1.8,,75.0,70.0,70.0,,103.2,24.0,103.4,-0.18,3.0,-0.291,2.694,当面+3.0‰が続く,443m先でATC現示が70km/hから55km/hに低下する,0.0,0.0,1,24.0,先行列車なし,0,,0,0,0,後続列車なし,該当なし,該当なし,0,0,0,30,240,,,
61.5,over_power_s1,1,1.925467,次駅への減速フェーズ（駅手前400m以内）,制動,9.1,惰行,0.0,2.5,43.81,70.0,70.0,70.0,43.2,65.8,60.2,勾配力行 ↔ 惰行,惰行,43.2,0.6,,75.0,70.0,70.0,,97.0,23.5,97.21,-0.18,3.0,-0.286,2.794,当面+3.0‰が続く,436m先でATC現示が70km/hから55km/hに低下する,0.0,0.0,1,23.5,先行列車なし,0,,0,0,0,後続列車なし,該当なし,該当なし,0,0,0,30,240,,,
62.0,over_power_s1,1,1.931454,次駅への減速フェーズ（駅手前400m以内）,制動,9.6,惰行,0.0,2.5,42.42,70.0,70.0,70.0,42.4,65.7,60.0,勾配力行 ↔ 惰行,惰行,42.4,0.0,,75.0,70.0,70.0,,91.0,23.0,91.22,-0.18,3.0,-0.281,2.9,当面+3.0‰が続く,430m先でATC現示が70km/hから55km/hに低下する,0.0,0.0,1,23.0,先行列車なし,0,,0,0,0,後続列車なし,該当なし,該当なし,0,0,0,30,240,,,
62.5,over_power_s1,1,1.937247,次駅への減速フェーズ（駅手前400m以内）,制動,10.1,惰行,0.0,2.5,41.03,70.0,70.0,70.0,41.0,65.5,59.8,勾配力行 ↔ 惰行,惰行,41.0,0.0,,75.0,70.0,70.0,,85.3,22.5,85.43,-0.18,3.0,-0.277,3.012,当面+3.0‰が続く,425m先でATC現示が70km/hから55km/hに低下する,0.0,0.0,1,22.5,先行列車なし,0,,0,0,0,後続列車なし,該当なし,該当なし,0,0,0,30,240,,,
63.0,over_power_s1,1,1.942848,次駅への減速フェーズ（駅手前400m以内）,制動,10.6,惰行,0.0,2.5,39.65,70.0,70.0,70.0,39.6,65.3,59.7,勾配力行 ↔ 惰行,惰行,39.6,0.0,,75.0,70.0,70.0,,79.7,22.0,79.83,-0.17,3.0,-0.272,3.102,当面+3.0‰が続く,419m先でATC現示が70km/hから55km/hに低下する,0.0,0.0,1,22.0,先行列車なし,0,,0,0,0,後続列車なし,該当なし,該当なし,0,0,0,30,240,,,
63.5,over_power_s1,1,1.948256,次駅への減速フェーズ（駅手前400m以内）,制動,11.1,惰行,0.0,2.5,38.26,70.0,70.0,70.0,38.3,65.3,59.7,勾配力行 ↔ 惰行,惰行,38.3,0.0,,75.0,70.0,70.0,,74.2,21.5,74.42,-0.17,3.0,-0.268,3.106,当面+3.0‰が続く,414m先でATC現示が70km/hから55km/hに低下する,0.0,0.0,1,21.5,先行列車なし,0,,0,0,0,後続列車なし,該当なし,該当なし,0,0,0,30,240,,,
64.0,over_power_s1,1,1.953473,次駅への減速フェーズ（駅手前400m以内）,制動,11.6,惰行,0.0,2.5,36.88,70.0,70.0,70.0,36.9,65.3,59.7,勾配力行 ↔ 惰行,惰行,36.9,0.0,,75.0,70.0,70.0,,69.0,21.0,69.2,-0.17,3.0,-0.263,3.111,当面+3.0‰が続く,408m先でATC現示が70km/hから55km/hに低下する,0.0,0.0,1,21.0,先行列車なし,0,,0,0,0,後続列車なし,該当なし,該当なし,0,0,0,30,240,,,
64.5,over_power_s1,1,1.958497,次駅への減速フェーズ（駅手前400m以内）,制動,12.1,惰行,0.0,2.5,35.5,70.0,70.0,70.0,35.5,65.3,59.7,勾配力行 ↔ 惰行,惰行,35.5,0.0,,75.0,70.0,70.0,,64.0,20.5,64.17,-0.17,3.0,-0.259,3.115,当面+3.0‰が続く,403m先でATC現示が70km/hから55km/hに低下する,0.0,0.0,1,20.5,先行列車なし,0,,0,0,0,後続列車なし,該当なし,該当なし,0,0,0,30,240,,,
65.0,over_power_s1,1,1.963329,次駅への減速フェーズ（駅手前400m以内）,制動,12.6,惰行,0.0,2.5,34.12,70.0,70.0,70.0,34.1,65.3,59.7,勾配力行 ↔ 惰行,惰行,34.1,0.0,,75.0,70.0,70.0,,59.2,20.0,59.34,-0.17,3.0,-0.255,3.119,当面+3.0‰が続く,398m先でATC現示が70km/hから55km/hに低下する,0.0,0.0,1,20.0,先行列車なし,0,,0,0,0,後続列車なし,該当なし,該当なし,0,0,0,30,240,,,
65.5,over_power_s1,1,1.967971,次駅への減速フェーズ（駅手前400m以内）,制動,13.1,惰行,0.0,2.5,32.74,70.0,70.0,70.0,32.7,65.3,59.7,勾配力行 ↔ 惰行,惰行,32.7,0.0,,75.0,70.0,70.0,,54.5,19.5,54.69,-0.16,3.0,-0.251,3.123,当面+3.0‰が続く,394m先でATC現示が70km/hから55km/hに低下する,0.0,0.0,1,19.5,先行列車なし,0,,0,0,0,後続列車なし,該当なし,該当なし,0,0,0,30,240,,,
66.0,over_power_s1,1,1.972421,次駅への減速フェーズ（駅手前400m以内）,制動,13.6,惰行,0.0,2.5,31.37,70.0,70.0,70.0,31.4,65.3,59.7,勾配力行 ↔ 惰行,惰行,31.4,0.0,,75.0,70.0,70.0,,50.1,19.0,50.24,-0.16,3.0,-0.247,3.127,当面+3.0‰が続く,389m先でATC現示が70km/hから55km/hに低下する,0.0,0.0,1,19.0,先行列車なし,0,,0,0,0,後続列車なし,該当なし,該当なし,0,0,0,30,240,,,
66.5,over_power_s1,1,1.97668,次駅への減速フェーズ（駅手前400m以内）,制動,14.1,惰行,0.0,2.5,30.0,70.0,70.0,70.0,30.0,65.3,59.7,勾配力行 ↔ 惰行,惰行,30.0,0.0,,75.0,70.0,70.0,,45.8,18.5,45.98,-0.16,3.0,-0.243,3.131,当面+3.0‰が続く,385m先でATC現示が70km/hから55km/hに低下する,0.0,0.0,1,18.5,先行列車なし,0,,0,0,0,後続列車なし,該当なし,該当なし,0,0,0,30,240,,,
67.0,over_power_s1,1,1.98075,次駅への減速フェーズ（駅手前400m以内）,制動,14.6,惰行,0.0,2.5,28.63,70.0,70.0,70.0,28.6,65.3,59.7,勾配力行 ↔ 惰行,惰行,28.6,0.0,,75.0,70.0,70.0,,41.8,18.0,41.91,-0.16,3.0,-0.239,3.135,当面+3.0‰が続く,381m先でATC現示が70km/hから55km/hに低下する,0.0,0.0,1,18.0,先行列車なし,0,,0,0,0,後続列車なし,該当なし,該当なし,0,0,0,30,240,,,
67.5,over_power_s1,1,1.984628,次駅への減速フェーズ（駅手前400m以内）,制動,15.1,惰行,0.0,2.5,27.26,70.0,70.0,70.0,27.3,65.3,59.8,勾配力行 ↔ 惰行,惰行,27.3,0.0,,75.0,70.0,70.0,,37.9,17.5,38.03,-0.16,3.0,-0.235,3.139,当面+3.0‰が続く,377m先でATC現示が70km/hから55km/hに低下する,0.0,0.0,1,17.5,先行列車なし,0,,0,0,0,後続列車なし,該当なし,該当なし,0,0,0,30,240,,,
68.0,over_power_s1,1,1.988317,次駅への減速フェーズ（駅手前400m以内）,制動,15.6,惰行,0.0,2.5,25.89,70.0,70.0,70.0,25.9,65.3,59.9,勾配力行 ↔ 惰行,惰行,25.9,0.0,,75.0,70.0,70.0,,34.2,17.0,34.34,-0.15,3.0,-0.231,3.142,当面+3.0‰が続く,373m先でATC現示が70km/hから55km/hに低下する,0.0,0.0,1,17.0,先行列車なし,0,,0,0,0,後続列車なし,該当なし,該当なし,0,0,0,30,240,,,
68.5,over_power_s1,1,1.991817,次駅への減速フェーズ（駅手前400m以内）,制動,16.1,惰行,0.0,2.5,24.53,70.0,70.0,70.0,24.5,65.3,59.8,勾配力行 ↔ 惰行,惰行,24.5,0.0,,75.0,70.0,70.0,,30.7,16.5,30.84,-0.15,3.0,-0.228,3.146,当面+3.0‰が続く,370m先でATC現示が70km/hから55km/hに低下する,0.0,0.0,1,16.5,先行列車なし,0,,0,0,0,後続列車なし,該当なし,該当なし,0,0,0,30,240,,,
69.0,over_power_s1,1,1.995126,次駅への減速フェーズ（駅手前400m以内）,制動,16.6,惰行,0.0,2.5,23.16,70.0,70.0,70.0,23.2,65.3,59.9,勾配力行 ↔ 惰行,惰行,23.2,0.0,,75.0,70.0,70.0,,27.4,16.0,27.52,-0.15,3.0,-0.225,3.149,当面+3.0‰が続く,367m先でATC現示が70km/hから55km/hに低下する,0.0,0.0,1,16.0,先行列車なし,0,,0,0,0,後続列車なし,該当なし,該当なし,0,0,0,30,240,,,
69.5,over_power_s1,1,1.998247,次駅への減速フェーズ（駅手前400m以内）,制動,17.1,惰行,0.0,2.5,21.8,70.0,70.0,70.0,21.8,65.3,60.0,勾配力行 ↔ 惰行,惰行,21.8,0.0,,75.0,70.0,70.0,,24.3,15.5,24.4,-0.15,3.0,-0.221,3.153,当面+3.0‰が続く,364m先でATC現示が70km/hから55km/hに低下する,0.0,0.0,1,15.5,先行列車なし,0,,0,0,0,後続列車なし,該当なし,該当なし,0,0,0,30,240,,,
70.0,over_power_s1,1,2.001179,次駅への減速フェーズ（駅手前400m以内）,制動,17.6,惰行,0.0,2.5,20.44,70.0,70.0,70.0,20.4,65.3,60.0,勾配力行 ↔ 惰行,惰行,20.4,0.0,,75.0,70.0,70.0,,21.3,15.0,21.47,-0.15,3.0,-0.218,3.156,当面+3.0‰が続く,361m先でATC現示が70km/hから55km/hに低下する,0.0,0.0,1,15.0,先行列車なし,0,,0,0,0,後続列車なし,該当なし,該当なし,0,0,0,30,240,,,
70.5,over_power_s1,1,2.003922,次駅への減速フェーズ（駅手前400m以内）,制動,18.1,惰行,0.0,2.5,19.08,70.0,70.0,70.0,19.1,65.3,60.1,勾配力行 ↔ 惰行,惰行,19.1,0.0,,75.0,70.0,70.0,,18.6,14.5,18.72,-0.14,3.0,-0.215,3.159,当面+3.0‰が続く,358m先でATC現示が70km/hから55km/hに低下する,0.0,0.0,1,14.5,先行列車なし,0,,0,0,0,後続列車なし,該当なし,該当なし,0,0,0,30,240,,,
71.0,over_power_s1,1,2.006476,次駅への減速フェーズ（駅手前400m以内）,制動,18.6,惰行,0.0,2.5,17.73,70.0,70.0,70.0,17.7,65.3,60.1,勾配力行 ↔ 惰行,惰行,17.7,0.0,,75.0,70.0,70.0,,16.0,14.0,16.17,-0.14,3.0,-0.212,3.162,当面+3.0‰が続く,355m先でATC現示が70km/hから55km/hに低下する,0.0,0.0,1,14.0,先行列車なし,0,,0,0,0,後続列車なし,該当なし,該当なし,0,0,0,30,240,,,
71.5,over_power_s1,1,2.008842,次駅への減速フェーズ（駅手前400m以内）,制動,19.1,惰行,0.0,2.5,16.37,70.0,70.0,70.0,16.4,65.3,60.2,勾配力行 ↔ 惰行,惰行,16.4,0.0,,75.0,70.0,70.0,,13.7,13.5,13.8,-0.14,3.0,-0.209,3.165,当面+3.0‰が続く,353m先でATC現示が70km/hから55km/hに低下する,0.0,0.0,1,13.5,先行列車なし,0,,0,0,0,後続列車なし,該当なし,該当なし,0,0,0,30,240,,,
72.0,over_power_s1,1,2.01102,次駅への減速フェーズ（駅手前400m以内）,制動,19.6,惰行,0.0,2.5,15.02,70.0,70.0,70.0,15.0,65.2,60.2,勾配力行 ↔ 惰行,惰行,15.0,0.0,,75.0,70.0,70.0,,11.5,13.0,11.62,-0.14,3.0,-0.206,3.168,当面+3.0‰が続く,351m先でATC現示が70km/hから55km/hに低下する,0.0,0.0,1,13.0,先行列車なし,0,,0,0,0,後続列車なし,該当なし,該当なし,0,0,0,30,240,,,
72.5,over_power_s1,1,2.01301,次駅への減速フェーズ（駅手前400m以内）,制動,20.1,惰行,0.0,2.5,13.67,70.0,70.0,70.0,13.7,65.2,60.3,勾配力行 ↔ 惰行,惰行,13.7,0.0,,75.0,70.0,70.0,,9.5,12.5,9.63,-0.14,3.0,-0.203,3.171,当面+3.0‰が続く,349m先でATC現示が70km/hから55km/hに低下する,0.0,0.0,1,12.5,先行列車なし,0,,0,0,0,後続列車なし,該当なし,該当なし,0,0,0,30,240,,,
73.0,over_power_s1,1,2.014812,次駅への減速フェーズ（駅手前400m以内）,制動,20.6,惰行,0.0,2.5,12.32,70.0,70.0,70.0,12.3,65.2,60.3,勾配力行 ↔ 惰行,惰行,12.3,0.0,,75.0,70.0,70.0,,7.7,12.0,7.82,-0.13,3.0,-0.2,3.173,当面+3.0‰が続く,347m先でATC現示が70km/hから55km/hに低下する,0.0,0.0,1,12.0,先行列車なし,0,,0,0,0,後続列車なし,該当なし,該当なし,0,0,0,30,240,,,
73.5,over_power_s1,1,2.016427,次駅への減速フェーズ（駅手前400m以内）,制動,21.1,惰行,0.0,2.5,10.97,70.0,70.0,70.0,11.0,65.2,60.3,勾配力行 ↔ 惰行,惰行,11.0,0.0,,75.0,70.0,70.0,,6.1,11.5,6.21,-0.13,3.0,-0.198,3.176,当面+3.0‰が続く,345m先でATC現示が70km/hから55km/hに低下する,0.0,0.0,1,11.5,先行列車なし,0,,0,0,0,後続列車なし,該当なし,該当なし,0,0,0,30,240,,,
74.0,over_power_s1,1,2.017855,次駅への減速フェーズ（駅手前400m以内）,制動,21.6,惰行,0.0,2.5,9.62,70.0,70.0,70.0,9.6,65.2,60.4,勾配力行 ↔ 惰行,惰行,9.6,0.0,,75.0,70.0,70.0,,4.6,11.0,4.78,-0.13,3.0,-0.195,3.179,当面+3.0‰が続く,344m先でATC現示が70km/hから55km/hに低下する,0.0,0.0,1,11.0,先行列車なし,0,,0,0,0,後続列車なし,該当なし,該当なし,0,0,0,30,240,,,
74.5,over_power_s1,1,2.019095,次駅への減速フェーズ（駅手前400m以内）,制動,22.1,惰行,0.0,2.5,8.27,70.0,70.0,70.0,8.3,65.2,60.4,勾配力行 ↔ 惰行,惰行,8.3,0.0,,75.0,70.0,70.0,,3.4,10.5,3.53,-0.13,3.0,-0.193,3.181,当面+3.0‰が続く,343m先でATC現示が70km/hから55km/hに低下する,0.0,0.0,1,10.5,先行列車なし,0,,0,0,0,後続列車なし,該当なし,該当なし,0,0,0,30,240,,,
75.0,over_power_s1,1,2.020148,次駅への減速フェーズ（駅手前400m以内）,制動,22.6,惰行,0.0,2.5,6.92,70.0,70.0,70.0,6.9,65.2,60.4,勾配力行 ↔ 惰行,惰行,6.9,0.0,,75.0,70.0,70.0,,2.4,10.0,2.48,-0.13,3.0,-0.19,3.183,当面+3.0‰が続く,342m先でATC現示が70km/hから55km/hに低下する,0.0,0.0,1,10.0,先行列車なし,0,,0,0,0,後続列車なし,該当なし,該当なし,0,0,0,30,240,,,
75.5,over_power_s1,1,2.021015,次駅への減速フェーズ（駅手前400m以内）,制動,23.1,惰行,0.0,2.5,5.58,70.0,70.0,70.0,5.6,65.2,60.4,勾配力行 ↔ 惰行,惰行,5.6,0.0,,75.0,70.0,70.0,,1.5,9.5,1.61,-0.13,3.0,-0.188,3.186,当面+3.0‰が続く,341m先でATC現示が70km/hから55km/hに低下する,0.0,0.0,1,9.5,先行列車なし,0,,0,0,0,後続列車なし,該当なし,該当なし,0,0,0,30,240,,,
76.0,over_power_s1,1,2.021695,次駅への減速フェーズ（駅手前400m以内）,制動,23.6,惰行,0.0,2.5,4.24,70.0,70.0,70.0,4.2,65.2,60.4,勾配力行 ↔ 惰行,惰行,4.2,0.0,,75.0,70.0,70.0,,0.8,9.0,0.93,-0.12,3.0,-0.186,3.188,当面+3.0‰が続く,340m先でATC現示が70km/hから55km/hに低下する,0.0,0.0,1,9.0,先行列車なし,0,,0,0,0,後続列車なし,該当なし,該当なし,0,0,0,30,240,,,
76.5,over_power_s1,1,2.022188,次駅への減速フェーズ（駅手前400m以内）,制動,24.1,惰行,0.0,2.5,2.89,70.0,70.0,70.0,2.9,65.2,60.4,勾配力行 ↔ 惰行,惰行,2.9,0.0,,75.0,70.0,70.0,,0.3,8.5,0.43,-0.12,3.0,-0.184,3.19,当面+3.0‰が続く,340m先でATC現示が70km/hから55km/hに低下する,0.0,0.0,1,8.5,先行列車なし,0,,0,0,0,後続列車なし,該当なし,該当なし,0,0,0,30,240,,,
77.0,over_power_s1,1,2.022495,次駅への減速フェーズ（駅手前400m以内）,制動,24.6,惰行,0.0,2.5,1.55,70.0,70.0,70.0,1.5,65.2,60.4,勾配力行 ↔ 惰行,惰行,1.5,0.1,,75.0,70.0,70.0,,0.0,8.0,0.12,-0.12,3.0,-0.182,3.192,当面+3.0‰が続く,339m先でATC現示が70km/hから55km/hに低下する,0.0,0.0,1,8.0,先行列車なし,0,,0,0,0,後続列車なし,該当なし,該当なし,0,0,0,30,240,,,
77.5,over_power_s1,1,2.022616,駅停車完了（速度0km/h）,制動,25.1,惰行,0.0,2.5,0.21,70.0,70.0,70.0,1.5,65.2,60.5,勾配力行 ↔ 惰行,惰行,1.5,-1.3,,75.0,0.0,0.0,,-0.1,7.5,0.0,-0.12,3.0,-0.18,3.194,当面+3.0‰が続く,339m先でATC現示が70km/hから55km/hに低下する,0.0,0.0,1,7.5,先行列車なし,0,,0,0,0,後続列車なし,該当なし,該当なし,0,0,0,30,240,,,
0.0,useless_brake_s1,1,0.9645,駅出発直後の加速フェーズ（20秒以内）,力行,0.0,なし（または停止）,0.0,0.0,0.0,75.0,75.0,75.0,0.0,70.2,64.3,勾配力行 ↔ 惰行,惰行,0.0,-0.0,50.4,75.0,58.8,58.8,,1058.0,85.0,0.0,1058.0,2.0,-0.144,3.229,265m先で勾配が+2.0‰から+3.5‰に変わる,707m先でATC現示が75km/hから70km/hに低下する,0.0,0.0,1,85.0,先行列車なし,0,,0,0,0,後続列車なし,該当なし,該当なし,0,0,0,30,240,,,
1.0,useless_brake_s1,1,0.964953,駅出発直後の加速フェーズ（20秒以内）,力行,1.0,なし（または停止）,0.0,0.0,3.23,75.0,75.0,75.0,3.2,70.2,64.3,勾配力行 ↔ 惰行,惰行,3.2,0.0,51.3,75.0,58.8,58.8,,1057.5,84.0,0.55,1057.0,2.0,-0.149,3.225,265m先で勾配が+2.0‰から+3.5‰に変わる,707m先でATC現示が75km/hから70km/hに低下する,0.0,0.0,1,84.0,先行列車なし,0,,0,0,0,後続列車なし,該当なし,該当なし,0,0,0,30,240,,,
2.0,useless_brake_s1,1,0.966301,駅出発直後の加速フェーズ（20秒以内）,力行,2.0,なし（または停止）,0.0,0.0,6.45,75.0,75.0,75.0,6.4,70.2,64.3,勾配力行 ↔ 惰行,惰行,6.4,-0.0,52.0,75.0,58.8,58.8,,1056.2,83.0,2.18,1054.02,2.0,-0.154,3.219,265m先で勾配が+2.0‰から+3.5‰に変わる,705m先でATC現示が75km/hから70km/hに低下する,0.0,0.0,1,83.0,先行列車なし,0,,0,0,0,後続列車なし,該当なし,該当なし,0,0,0,30,240,,,
3.0,useless_brake_s1,1,0.968544,駅出発直後の加速フェーズ（20秒以内）,力行,3.0,なし（または停止）,0.0,0.0,9.67,75.0,75.0,75.0,9.7,70.2,64.4,勾配力行 ↔ 惰行,惰行,9.7,-0.0,52.8,75.0,58.8,58.8,,1054.0,82.0,4.89,1049.07,2.0,-0.16,3.214,260m先で勾配が+2.0‰から+3.5‰に変わる,703m先でATC現示が75km/hから70km/hに低下する,0.0,0.0,1,82.0,先行列車なし,0,,0,0,0,後続列車なし,該当なし,該当なし,0,0,0,30,240,,,
4.0,useless_brake_s1,1,0.97168,駅出発直後の加速フェーズ（20秒以内）,力行,4.0,なし（または停止）,0.0,0.0,12.88,75.0,75.0,75.0,12.9,70.2,64.4,勾配力行 ↔ 惰行,惰行,12.9,0.0,53.3,75.0,58.8,58.8,,1050.8,81.0,8.66,1042.16,2.0,-0.166,3.208,260m先で勾配が+2.0‰から+3.5‰に変わる,700m先でATC現示が75km/hから70km/hに低下する,0.0,0.0,1,81.0,先行列車なし,0,,0,0,0,後続列車なし,該当なし,該当なし,0,0,0,30,240,,,
5.0,useless_brake_s1,1,0.975706,駅出発直後の加速フェーズ（20秒以内）,力行,5.0,なし（または停止）,0.0,0.0,16.08,75.0,75.0,75.0,16.1,70.2,64.4,勾配力行 ↔ 惰行,惰行,16.1,-0.0,54.1,75.0,59.0,59.0,,1046.8,80.0,13.49,1033.3,2.0,-0.173,3.201,255m先で勾配が+2.0‰から+3.5‰に変わる,696m先でATC現示が75km/hから70km/hに低下する,0.0,0.0,1,80.0,先行列車なし,0,,0,0,0,後続列車なし,該当なし,該当なし,0,0,0,30,240,,,
6.0,useless_brake_s1,1,0.980622,駅出発直後の加速フェーズ（20秒以内）,力行,6.0,なし（または停止）,0.0,0.0,19.28,75.0,75.0,75.0,19.3,70.2,64.4,勾配力行 ↔ 惰行,惰行,19.3,0.0,54.5,75.0,59.0,59.0,,1041.9,79.0,19.36,1022.52,2.0,-0.18,3.194,250m先で勾配が+2.0‰から+3.5‰に変わる,691m先でATC現示が75km/hから70km/hに低下する,0.0,0.0,1,79.0,先行列車なし,0,,0,0,0,後続列車なし,該当なし,該当なし,0,0,0,30,240,,,
7.0,useless_brake_s1,1,0.986425,駅出発直後の加速フェーズ（20秒以内）,力行,7.0,なし（または停止）,0.0,0.0,22.47,75.0,75.0,75.0,22.5,70.2,64.4,勾配力行 ↔ 惰行,惰行,22.5,0.0,55.2,75.0,59.0,59.0,,1036.1,78.0,26.25,1009.82,2.0,-0.188,3.186,245m先で勾配が+2.0‰から+3.5‰に変わる,685m先でATC現示が75km/hから70km/hに低下する,0.0,0.0,1,78.0,先行列車なし,0,,0,0,0,後続列車なし,該当なし,該当なし,0,0,0,30,240,,,
8.0,useless_brake_s1,1,0.993113,駅出発直後の加速フェーズ（20秒以内）,力行,8.0,なし（または停止）,0.0,0.0,25.65,75.0,75.0,75.0,25.7,70.2,64.4,勾配力行 ↔ 惰行,惰行,25.7,0.0,56.0,75.0,59.0,59.0,,1029.4,77.0,34.15,995.24,2.0,-0.196,3.178,235m先で勾配が+2.0‰から+3.5‰に変わる,679m先でATC現示が75km/hから70km/hに低下する,0.0,0.0,1,77.0,先行列車なし,0,,0,0,0,後続列車なし,該当なし,該当なし,0,0,0,30,240,,,
9.0,useless_brake_s1,1,1.000683,駅出発直後の加速フェーズ（20秒以内）,力行,9.0,なし（または停止）,0.0,0.0,28.82,75.0,75.0,75.0,28.8,70.2,64.4,勾配力行 ↔ 惰行,惰行,28.8,-0.0,56.1,75.0,59.0,59.0,,1021.8,76.0,43.05,978.77,2.0,-0.204,3.17,230m先で勾配が+2.0‰から+3.5‰に変わる,671m先でATC現示が75km/hから70km/hに低下する,0.0,0.0,1,76.0,先行列車なし,0,,0,0,0,後続列車なし,該当なし,該当なし,0,0,0,30,240,,,
10.0,useless_brake_s1,1,1.009134,駅出発直後の加速フェーズ（20秒以内）,力行,10.0,なし（または停止）,0.0,0.0,31.99,75.0,75.0,75.0,32.0,70.3,64.4,勾配力行 ↔ 惰行,惰行,32.0,-0.0,57.0,75.0,59.0,59.0,,1013.4,75.0,52.92,960.45,2.0,-0.213,3.161,220m先で勾配が+2.0‰から+3.5‰に変わる,663m先でATC現示が75km/hから70km/hに低下する,0.0,0.0,1,75.0,先行列車なし,0,,0,0,0,後続列車なし,該当なし,該当なし,0,0,0,30,240,,,
11.0,useless_brake_s1,1,1.018463,駅出発直後の加速フェーズ（20秒以内）,力行,11.0,なし（または停止）,0.0,0.0,35.15,75.0,75.0,75.0,35.1,70.3,64.5,勾配力行 ↔ 惰行,惰行,35.1,-0.0,57.2,75.0,59.0,59.0,,1004.0,74.0,63.74,940.29,2.0,-0.223,3.151,210m先で勾配が+2.0‰から+3.5‰に変わる,653m先でATC現示が75km/hから70km/hに低下する,0.0,0.0,1,74.0,先行列車なし,0,,0,0,0,後続列車なし,該当なし,該当なし,0,0,0,30,240,,,
12.0,useless_brake_s1,1,1.028668,駅出発直後の加速フェーズ（20秒以内）,力行,12.0,なし（または停止）,0.0,0.0,38.29,75.0,75.0,75.0,38.3,70.3,64.5,勾配力行 ↔ 惰行,惰行,38.3,0.0,57.9,75.0,59.0,59.0,,993.8,73.0,75.51,918.32,2.0,-0.232,3.141,200m先で勾配が+2.0‰から+3.5‰に変わる,643m先でATC現示が75km/hから70km/hに低下する,0.0,0.0,1,73.0,先行列車なし,0,,0,0,0,後続列車なし,該当なし,該当なし,0,0,0,30,240,,,
13.0,useless_brake_s1,1,1.039743,駅出発直後の加速フェーズ（20秒以内）,力行,13.0,なし（または停止）,0.0,0.0,41.4,75.0,75.0,75.0,41.4,70.5,64.7,勾配力行 ↔ 惰行,惰行,41.4,-0.0,57.9,75.0,59.0,59.0,,982.8,72.0,88.09,894.67,2.0,-0.243,3.017,190m先で勾配が+2.0‰から+3.5‰に変わる,632m先でATC現示が75km/hから70km/hに低下する,0.0,0.0,1,72.0,先行列車なし,0,,0,0,0,後続列車なし,該当なし,該当なし,0,0,0,30,240,,,
14.0,useless_brake_s1,1,1.051656,駅出発直後の加速フェーズ（20秒以内）,力行,14.0,なし（または停止）,0.0,0.0,44.3,75.0,75.0,75.0,44.3,70.8,65.0,勾配力行 ↔ 惰行,惰行,44.3,-0.0,58.2,75.0,59.0,59.0,,970.8,71.0,100.66,870.18,2.0,-0.253,2.793,180m先で勾配が+2.0‰から+3.5‰に変わる,620m先でATC現示が75km/hから70km/hに低下する,0.0,0.0,1,71.0,先行列車なし,0,,0,0,0,後続列車なし,該当なし,該当なし,0,0,0,30,240,,,
15.0,useless_brake_s1,1,1.064346,駅出発直後の加速フェーズ（20秒以内）,力行,15.0,なし（または停止）,0.0,0.0,47.0,75.0,75.0,75.0,47.0,71.1,65.3,勾配力行 ↔ 惰行,惰行,47.0,-0.0,58.8,75.0,59.0,59.0,,958.2,70.0,113.07,845.08,2.0,-0.262,2.609,165m先で勾配が+2.0‰から+3.5‰に変わる,607m先でATC現示が75km/hから70km/hに低下する,0.0,0.0,1,70.0,先行列車なし,0,,0,0,0,後続列車なし,該当なし,該当なし,0,0,0,30,240,,,
16.0,useless_brake_s1,1,1.077761,駅出発直後の加速フェーズ（20秒以内）,力行,16.0,なし（または停止）,0.0,0.0,49.53,75.0,75.0,75.0,49.5,71.3,65.5,勾配力行 ↔ 惰行,惰行,49.5,-0.0,58.8,75.0,59.0,59.0,,944.7,69.0,125.33,819.41,2.0,-0.272,2.453,150m先で勾配が+2.0‰から+3.5‰に変わる,594m先でATC現示が75km/hから70km/hに低下する,0.0,0.0,1,69.0,先行列車なし,0,,0,0,0,後続列車なし,該当なし,該当なし,0,0,0,30,240,,,
17.0,useless_brake_s1,1,1.091858,駅出発直後の加速フェーズ（20秒以内）,力行,17.0,なし（または停止）,0.0,0.0,51.92,75.0,75.0,75.0,51.9,71.5,65.7,勾配力行 ↔ 惰行,惰行,51.9,-0.0,58.8,75.0,59.0,59.0,,930.6,68.0,137.4,793.24,2.0,-0.281,2.319,140m先で勾配が+2.0‰から+3.5‰に変わる,580m先でATC現示が75km/hから70km/hに低下する,0.0,0.0,1,68.0,先行列車なし,0,,0,0,0,後続列車なし,該当なし,該当なし,0,0,0,30,240,,,
18.0,useless_brake_s1,1,1.1066,駅出発直後の加速フェーズ（20秒以内）,力行,18.0,なし（または停止）,0.0,0.0,54.18,75.0,75.0,75.0,54.2,71.7,65.9,勾配力行 ↔ 惰行,惰行,54.2,0.0,58.8,75.0,59.0,59.0,,915.9,67.0,148.8,767.1,2.0,-0.289,2.201,125m先で勾配が+2.0‰から+3.5‰に変わる,565m先でATC現示が75km/hから70km/hに低下する,0.0,0.0,1,67.0,先行列車なし,0,,0,0,0,後続列車なし,該当なし,該当なし,0,0,0,30,240,,,
19.0,useless_brake_s1,1,1.121953,駅出発直後の加速フェーズ（20秒以内）,力行,19.0,なし（または停止）,0.0,0.0,56.33,75.0,75.0,75.0,56.3,71.9,66.0,勾配力行 ↔ 惰行,惰行,56.3,-0.0,59.0,75.0,59.0,59.0,,900.5,66.0,159.92,740.63,2.0,-0.298,2.098,110m先で勾配が+2.0‰から+3.5‰に変わる,550m先でATC現示が75km/hから70km/hに低下する,0.0,0.0,1,66.0,先行列車なし,0,,0,0,0,後続列車なし,該当なし,該当なし,0,0,0,30,240,,,
20.0,useless_brake_s1,1,1.137889,巡航フェーズ（駅間走行中）,力行,20.0,なし（または停止）,0.0,0.0,58.38,75.0,75.0,75.0,58.4,72.0,66.2,勾配力行 ↔ 惰行,惰行,58.4,-0.0,59.3,75.0,59.0,59.0,,884.6,65.0,170.87,713.74,2.0,-0.307,2.005,90m先で勾配が+2.0‰から+3.5‰に変わる,534m先でATC現示が75km/hから70km/hに低下する,0.0,0.0,1,65.0,先行列車なし,0,,0,0,0,後続列車なし,該当なし,該当なし,0,0,0,30,240,,,
21.0,useless_brake_s1,1,1.154353,巡航フェーズ（駅間走行中）,惰行,0.0,力行,0.0,2.26,59.71,75.0,75.0,75.0,60.3,72.1,66.3,勾配力行 ↔ 惰行,惰行,60.3,-0.6,59.5,75.0,59.7,59.7,,868.1,64.0,178.06,690.09,2.0,-0.312,1.948,75m先で勾配が+2.0‰から+3.5‰に変わる,517m先でATC現示が75km/hから70km/hに低下する,0.0,0.0,1,64.0,先行列車なし,0,,0,0,0,後続列車なし,該当なし,該当なし,0,0,0,30,240,,,
22.0,useless_brake_s1,1,1.170939,巡航フェーズ（駅間走行中）,惰行,0.0,力行,0.0,2.26,59.72,75.0,75.0,75.0,62.2,72.1,66.3,勾配力行 ↔ 惰行,惰行,62.2,-2.5,58.9,75.0,59.7,59.7,,851.6,63.0,177.66,673.9,2.0,-0.312,1.948,60m先で勾配が+2.0‰から+3.5‰に変わる,501m先でATC現示が75km/hから70km/hに低下する,0.0,0.0,1,63.0,先行列車なし,0,,0,0,0,後続列車なし,該当なし,該当なし,0,0,0,30,240,,,
23.0,useless_brake_s1,1,1.187524,現示低下点への接近フェーズ（500m以内に現示の低下あり）,力行,0.0,惰行,0.1,2.26,59.7,75.0,75.0,75.0,63.9,72.1,66.3,勾配力行 ↔ 惰行,惰行,63.9,-4.2,59.2,75.0,59.7,59.7,,835.0,62.0,176.54,658.43,2.0,-0.312,1.948,40m先で勾配が+2.0‰から+3.5‰に変わる,484m先でATC現示が75km/hから70km/hに低下する,0.0,0.0,1,62.0,先行列車なし,0,,0,0,0,後続列車なし,該当なし,該当なし,0,0,0,30,240,,,
24.0,useless_brake_s1,1,1.20411,現示低下点への接近フェーズ（500m以内に現示の低下あり）,惰行,0.1,力行,0.0,2.26,59.7,75.0,75.0,75.0,65.5,72.1,66.4,勾配力行 ↔ 惰行,惰行,65.5,-5.8,59.4,75.0,59.7,59.7,,818.4,61.0,172.49,645.9,2.0,-0.312,1.948,25m先で勾配が+2.0‰から+3.5‰に変わる,468m先でATC現示が75km/hから70km/hに低下する,0.0,0.0,1,61.0,先行列車なし,0,,0,0,0,後続列車なし,該当なし,該当なし,0,0,0,30,240,,,
25.0,useless_brake_s1,1,1.220695,現示低下点への接近フェーズ（500m以内に現示の低下あり）,惰行,0.1,力行,0.0,2.26,59.71,75.0,75.0,75.0,67.0,72.1,66.5,勾配力行 ↔ 惰行,惰行,67.0,-7.3,58.8,75.0,59.7,59.7,,801.8,60.0,168.47,633.33,2.0,-0.312,1.948,10m先で勾配が+2.0‰から+3.5‰に変わる,451m先でATC現示が75km/hから70km/hに低下する,0.0,0.0,1,60.0,先行列車なし,0,,0,0,0,後続列車なし,該当なし,該当なし,0,0,0,30,240,,,
26.0,useless_brake_s1,1,1.237281,現示低下点への接近フェーズ（500m以内に現示の低下あり）,惰行,0.1,力行,0.0,2.26,59.7,75.0,75.0,75.0,68.5,72.2,66.7,勾配力行 ↔ 惰行,惰行,68.5,-8.8,59.0,75.0,59.7,59.7,,785.2,59.0,164.61,620.61,3.5,-0.365,1.895,15m先で勾配が+3.5‰から+4.0‰に変わる,435m先でATC現示が75km/hから70km/hに低下する,0.0,0.0,1,59.0,先行列車なし,0,,0,0,0,後続列車なし,該当なし,該当なし,0,0,0,30,240,,,
27.0,useless_brake_s1,1,1.253866,現示低下点への接近フェーズ（500m以内に現示の低下あり）,惰行,0.0,力行,0.0,2.26,59.72,75.0,75.0,75.0,69.8,72.2,66.7,勾配力行 ↔ 惰行,惰行,69.8,-10.1,59.3,75.0,59.7,59.7,,768.6,58.0,160.77,607.87,4.0,-0.383,1.877,110m先で勾配が+4.0‰から+27.0‰に変わる,418m先でATC現示が75km/hから70km/hに低下する,0.0,0.0,1,58.0,先行列車なし,0,,0,0,0,後続列車なし,該当なし,該当なし,0,0,0,30,240,,,
28.0,useless_brake_s1,1,1.270452,現示低下点への接近フェーズ（500m以内に現示の低下あり）,惰行,0.0,力行,0.0,2.26,59.72,75.0,75.0,75.0,71.0,72.2,66.7,勾配力行 ↔ 惰行,惰行,71.0,-11.3,58.8,75.0,59.7,59.7,,752.0,57.0,157.11,594.94,4.0,-0.383,1.877,95m先で勾配が+4.0‰から+27.0‰に変わる,401m先でATC現示が75km/hから70km/hに低下する,0.0,0.0,1,57.0,先行列車なし,0,,0,0,0,後続列車なし,該当なし,該当なし,0,0,0,30,240,,,
29.0,useless_brake_s1,1,1.287037,現示低下点への接近フェーズ（500m以内に現示の低下あり）,惰行,0.0,力行,0.0,2.26,59.72,75.0,75.0,75.0,72.3,72.2,66.7,勾配力行 ↔ 惰行,惰行,72.3,-12.5,58.8,75.0,59.7,59.7,,735.5,56.0,153.33,582.14,4.0,-0.383,1.877,75m先で勾配が+4.0‰から+27.0‰に変わる,385m先でATC現示が75km/hから70km/hに低下する,0.0,0.0,1,56.0,先行列車なし,0,,0,0,0,後続列車なし,該当なし,該当なし,0,0,0,30,240,,,
30.0,useless_brake_s1,1,1.303623,現示低下点への接近フェーズ（500m以内に現示の低下あり）,力行,0.0,惰行,0.1,2.26,59.7,75.0,75.0,75.0,73.4,72.2,66.7,勾配力行 ↔ 惰行,惰行,73.4,-13.7,59.2,75.0,59.7,59.7,,718.9,55.0,149.66,569.22,4.0,-0.383,1.878,60m先で勾配が+4.0‰から+27.0‰に変わる,368m先でATC現示が75km/hから70km/hに低下する,0.0,0.0,1,55.0,先行列車なし,0,,0,0,0,後続列車なし,該当なし,該当なし,0,0,0,30,240,,,
31.0,useless_brake_s1,1,1.320208,現示低下点への接近フェーズ（500m以内に現示の低下あり）,力行,0.0,惰行,0.1,2.26,59.7,75.0,75.0,75.0,73.8,72.2,67.1,勾配力行 ↔ 惰行,惰行,73.8,-14.1,58.8,75.0,59.7,59.7,,702.3,54.0,145.86,556.44,4.0,-0.383,1.878,45m先で勾配が+4.0‰から+27.0‰に変わる,352m先でATC現示が75km/hから70km/hに低下する,0.0,0.0,1,54.0,先行列車なし,0,,0,0,0,後続列車なし,該当なし,該当なし,0,0,0,30,240,,,
32.0,useless_brake_s1,1,1.336793,現示低下点への接近フェーズ（500m以内に現示の低下あり）,惰行,0.1,力行,0.0,2.26,59.7,75.0,75.0,75.0,73.5,72.2,68.3,勾配力行 ↔ 惰行,惰行,73.5,-13.8,58.8,75.0,59.7,59.7,,685.7,53.0,142.41,543.29,4.0,-0.383,1.878,30m先で勾配が+4.0‰から+27.0‰に変わる,335m先でATC現示が75km/hから70km/hに低下する,0.0,0.0,1,53.0,先行列車なし,0,,0,0,0,後続列車なし,該当なし,該当なし,0,0,0,30,240,,,
33.0,useless_brake_s1,1,1.353379,現示低下点への接近フェーズ（500m以内に現示の低下あり）,惰行,0.1,力行,0.0,2.26,59.7,75.0,75.0,75.0,73.1,72.2,67.0,勾配力行 ↔ 惰行,勾配力行,73.1,-13.4,58.9,75.0,59.7,59.7,,669.1,52.0,138.76,530.36,4.0,-0.383,1.878,10m先で勾配が+4.0‰から+27.0‰に変わる,318m先でATC現示が75km/hから70km/hに低下する,0.0,0.0,1,52.0,先行列車なし,0,,0,0,0,後続列車なし,該当なし,該当なし,0,0,0,30,240,,,
34.0,useless_brake_s1,1,1.369909,現示低下点への接近フェーズ（500m以内に現示の低下あり）,制動,0.3,惰行,0.0,2.5,58.52,75.0,75.0,75.0,72.4,73.0,67.1,勾配力行 ↔ 惰行,勾配力行,72.4,-13.9,58.8,75.0,58.8,58.8,,652.6,51.0,131.21,521.38,27.0,-1.189,1.117,120m先で勾配が+27.0‰から+28.0‰に変わる,302m先でATC現示が75km/hから70km/hに低下する,0.0,0.0,1,51.0,先行列車なし,0,,0,0,0,後続列車なし,該当なし,該当なし,0,0,0,30,240,,,
35.0,useless_brake_s1,1,1.385646,現示低下点への接近フェーズ（500m以内に現示の低下あり）,制動,1.3,惰行,0.0,2.5,54.83,75.0,75.0,75.0,71.5,73.0,67.1,勾配力行 ↔ 惰行,勾配力行,71.5,-16.6,58.8,75.0,58.9,58.9,,636.9,50.0,115.47,521.39,27.0,-1.174,1.287,105m先で勾配が+27.0‰から+28.0‰に変わる,286m先でATC現示が75km/hから70km/hに低下する,0.0,0.0,1,50.0,先行列車なし,0,,0,0,0,後続列車なし,該当なし,該当なし,0,0,0,30,240,,,
36.0,useless_brake_s1,1,1.400363,現示低下点への接近フェーズ（500m以内に現示の低下あり）,制動,2.3,惰行,0.0,2.5,51.17,75.0,75.0,75.0,70.5,72.8,67.0,勾配力行 ↔ 惰行,勾配力行,70.5,-19.4,58.8,75.0,60.5,60.5,,622.1,49.0,100.74,521.39,27.0,-1.16,1.478,90m先で勾配が+27.0‰から+28.0‰に変わる,271m先でATC現示が75km/hから70km/hに低下する,0.0,0.0,1,49.0,先行列車なし,0,,0,0,0,後続列車なし,該当なし,該当なし,0,0,0,30,240,,,
37.0,useless_brake_s1,1,1.414063,現示低下点への接近フェーズ（500m以内に現示の低下あり）,制動,3.3,惰行,0.0,2.5,47.51,75.0,75.0,75.0,69.6,72.5,66.7,勾配力行 ↔ 惰行,勾配力行,69.6,-22.1,59.7,75.0,63.0,63.0,,608.4,48.0,87.04,521.4,27.0,-1.146,1.694,75m先で勾配が+27.0‰から+28.0‰に変わる,258m先でATC現示が75km/hから70km/hに低下する,0.0,0.0,1,48.0,先行列車なし,0,,0,0,0,後続列車なし,該当なし,該当なし,0,0,0,30,240,,,
38.0,useless_brake_s1,1,1.426751,現示低下点への接近フェーズ（500m以内に現示の低下あり）,制動,4.3,惰行,0.0,2.5,43.87,75.0,75.0,75.0,68.8,72.1,66.4,勾配力行 ↔ 惰行,勾配力行,68.8,-25.0,60.4,75.0,75.0,75.0,,595.7,47.0,74.35,521.4,27.0,-1.133,1.943,65m先で勾配が+27.0‰から+28.0‰に変わる,245m先でATC現示が75km/hから70km/hに低下する,0.0,0.0,1,47.0,先行列車なし,0,,0,0,0,後続列車なし,該当なし,該当なし,0,0,0,30,240,,,
39.0,useless_brake_s1,1,1.438429,現示低下点への接近フェーズ（500m以内に現示の低下あり）,制動,5.3,惰行,0.0,2.5,40.25,75.0,75.0,75.0,68.1,71.7,66.0,勾配力行 ↔ 惰行,勾配力行,68.1,-27.8,61.4,75.0,75.0,75.0,,584.1,46.0,62.66,521.41,27.0,-1.121,2.232,50m先で勾配が+27.0‰から+28.0‰に変わる,233m先でATC現示が75km/hから70km/hに低下する,0.0,0.0,1,46.0,先行列車なし,0,,0,0,0,後続列車なし,該当なし,該当なし,0,0,0,30,240,,,
40.0,useless_brake_s1,1,1.449101,現示低下点への接近フェーズ（500m以内に現示の低下あり）,制動,6.3,惰行,0.0,2.5,36.63,75.0,75.0,75.0,67.9,71.6,66.0,勾配力行 ↔ 惰行,勾配力行,67.9,-31.3,62.2,75.0,75.0,75.0,,573.4,45.0,51.98,521.41,27.0,-1.109,2.265,40m先で勾配が+27.0‰から+28.0‰に変わる,223m先でATC現示が75km/hから70km/hに低下する,0.0,0.0,1,45.0,先行列車なし,0,,0,0,0,後続列車なし,該当なし,該当なし,0,0,0,30,240,,,
41.0,useless_brake_s1,1,1.458771,現示低下点への接近フェーズ（500m以内に現示の低下あり）,制動,7.3,惰行,0.0,2.5,33.03,75.0,75.0,75.0,67.9,71.6,66.0,勾配力行 ↔ 惰行,勾配力行,67.9,-34.9,63.8,75.0,75.0,75.0,,563.7,44.0,42.31,521.42,27.0,-1.098,2.276,30m先で勾配が+27.0‰から+28.0‰に変わる,213m先でATC現示が75km/hから70km/hに低下する,0.0,0.0,1,44.0,先行列車なし,0,,0,0,0,後続列車なし,該当なし,該当なし,0,0,0,30,240,,,
42.0,useless_brake_s1,1,1.467544,現示低下点への接近フェーズ（500m以内に現示の低下あり）,力行,0.4,制動,8.0,5.87,31.49,75.0,75.0,75.0,67.3,71.6,66.0,勾配力行 ↔ 惰行,勾配力行,67.3,-35.8,64.6,75.0,75.0,75.0,,555.0,43.0,38.43,516.53,27.0,-1.094,2.28,20m先で勾配が+27.0‰から+28.0‰に変わる,204m先でATC現示が75km/hから70km/hに低下する,0.0,0.0,1,43.0,先行列車なし,0,,0,0,0,後続列車なし,該当なし,該当なし,0,0,0,30,240,,,
43.0,useless_brake_s1,1,1.476611,現示低下点への接近フェーズ（500m以内に現示の低下あり）,力行,1.4,制動,8.0,5.87,33.77,75.0,75.0,75.0,66.7,71.6,66.0,勾配力行 ↔ 惰行,勾配力行,66.7,-33.0,66.2,75.0,75.0,75.0,,545.9,42.0,44.02,501.87,27.0,-1.1,2.273,15m先で勾配が+27.0‰から+28.0‰に変わる,195m先でATC現示が75km/hから70km/hに低下する,0.0,0.0,1,42.0,先行列車なし,0,,0,0,0,後続列車なし,該当なし,該当なし,0,0,0,30,240,,,
44.0,useless_brake_s1,1,1.48631,現示低下点への接近フェーズ（500m以内に現示の低下あり）,力行,2.4,制動,8.0,5.87,36.04,75.0,75.0,75.0,66.1,71.6,65.9,勾配力行 ↔ 惰行,勾配力行,66.1,-30.0,68.5,75.0,75.0,75.0,,536.2,41.0,49.97,486.22,27.0,-1.107,2.266,5m先で勾配が+27.0‰から+28.0‰に変わる,185m先でATC現示が75km/hから70km/hに低下する,0.0,0.0,1,41.0,先行列車なし,0,,0,0,0,後続列車なし,該当なし,該当なし,0,0,0,30,240,,,
45.0,useless_brake_s1,1,1.496634,現示低下点への接近フェーズ（500m以内に現示の低下あり）,力行,3.4,制動,8.0,5.87,38.27,75.0,75.0,75.0,65.4,71.7,65.9,勾配力行 ↔ 惰行,勾配力行,65.4,-27.1,70.8,75.0,75.0,75.0,,525.9,40.0,56.19,469.68,28.0,-1.15,2.224,55m先で勾配が+28.0‰から+29.7‰に変わる,175m先でATC現示が75km/hから70km/hに低下する,0.0,0.0,1,40.0,先行列車なし,0,,0,0,0,後続列車なし,該当なし,該当なし,0,0,0,30,240,,,
46.0,useless_brake_s1,1,1.507576,現示低下点への接近フェーズ（500m以内に現示の低下あり）,力行,4.4,制動,8.0,5.83,40.49,75.0,75.0,75.0,64.6,71.7,65.9,勾配力行 ↔ 惰行,勾配力行,64.6,-24.1,74.4,75.0,75.0,75.0,,514.9,39.0,62.54,452.38,28.0,-1.157,2.176,40m先で勾配が+28.0‰から+29.7‰に変わる,164m先でATC現示が75km/hから70km/hに低下する,0.0,0.0,1,39.0,先行列車なし,0,,0,0,0,後続列車なし,該当なし,該当なし,0,0,0,30,240,,,
47.0,useless_brake_s1,1,1.519119,現示低下点への接近フェーズ（500m以内に現示の低下あり）,力行,5.4,制動,8.0,5.67,42.57,75.0,75.0,75.0,63.8,72.0,66.1,勾配力行 ↔ 惰行,勾配力行,63.8,-21.2,75.0,75.0,75.0,75.0,,503.4,38.0,68.83,434.55,28.0,-1.164,2.006,30m先で勾配が+28.0‰から+29.7‰に変わる,153m先でATC現示が75km/hから70km/hに低下する,0.0,0.0,1,38.0,先行列車なし,0,,0,0,0,後続列車なし,該当なし,該当なし,0,0,0,30,240,,,
48.0,useless_brake_s1,1,1.53122,現示低下点への接近フェーズ（500m以内に現示の低下あり）,力行,6.4,制動,8.0,5.53,44.51,75.0,75.0,75.0,63.0,72.2,66.2,勾配力行 ↔ 惰行,勾配力行,63.0,-18.4,75.0,75.0,75.0,75.0,,491.3,37.0,74.91,416.37,28.0,-1.171,1.861,20m先で勾配が+28.0‰から+29.7‰に変わる,141m先でATC現示が75km/hから70km/hに低下する,0.0,0.0,1,37.0,先行列車なし,0,,0,0,0,後続列車なし,該当なし,該当なし,0,0,0,30,240,,,
49.0,useless_brake_s1,1,1.543838,現示低下点への接近フェーズ（500m以内に現示の低下あり）,力行,7.4,制動,8.0,5.41,46.31,75.0,75.0,75.0,62.0,72.4,66.2,勾配力行 ↔ 惰行,勾配力行,62.0,-15.7,75.0,75.0,75.0,75.0,,478.7,36.0,80.78,397.88,28.0,-1.177,1.737,5m先で勾配が+28.0‰から+29.7‰に変わる,128m先でATC現示が75km/hから70km/hに低下する,0.0,0.0,1,36.0,先行列車なし,0,,0,0,0,後続列車なし,該当なし,該当なし,0,0,0,30,240,,,
50.0,useless_brake_s1,1,1.556935,現示低下点への接近フェーズ（500m以内に現示の低下あり）,力行,8.4,制動,8.0,5.31,47.95,75.0,75.0,75.0,61.1,72.6,66.4,勾配力行 ↔ 惰行,勾配力行,61.1,-13.1,75.0,75.0,75.0,75.0,,465.6,35.0,86.46,379.11,29.7,-1.243,1.572,155m先で勾配が+29.7‰から+3.0‰に変わる,115m先でATC現示が75km/hから70km/hに低下する,0.0,0.0,1,35.0,先行列車なし,0,,0,0,0,後続列車なし,該当なし,該当なし,0,0,0,30,240,,,
51.0,useless_brake_s1,1,1.570469,現示低下点への接近フェーズ（500m以内に現示の低下あり）,力行,9.4,制動,8.0,5.23,49.47,75.0,75.0,75.0,60.0,72.8,66.5,勾配力行 ↔ 惰行,勾配力行,60.0,-10.6,75.0,75.0,75.0,75.0,,452.0,34.0,91.97,360.07,29.7,-1.249,1.479,145m先で勾配が+29.7‰から+3.0‰に変わる,101m先でATC現示が75km/hから70km/hに低下する,0.0,0.0,1,34.0,先行列車なし,0,,0,0,0,後続列車なし,該当なし,該当なし,0,0,0,30,240,,,
52.0,useless_brake_s1,1,1.584415,現示低下点への接近フェーズ（500m以内に現示の低下あり）,力行,10.4,制動,8.0,5.15,50.91,75.0,75.0,75.0,58.9,72.9,66.6,勾配力行 ↔ 惰行,勾配力行,58.9,-8.0,75.0,75.0,75.0,75.0,,438.1,33.0,97.31,340.78,29.7,-1.254,1.397,130m先で勾配が+29.7‰から+3.0‰に変わる,87m先でATC現示が75km/hから70km/hに低下する,0.0,0.0,1,33.0,先行列車なし,0,,0,0,0,後続列車なし,該当なし,該当なし,0,0,0,30,240,,,
53.0,useless_brake_s1,1,1.598749,現示低下点への接近フェーズ（500m以内に現示の低下あり）,力行,11.4,制動,8.0,5.08,52.27,75.0,75.0,75.0,57.8,73.0,66.7,勾配力行 ↔ 惰行,勾配力行,57.8,-5.5,75.0,75.0,75.0,75.0,,423.8,32.0,102.49,321.26,29.7,-1.259,1.323,115m先で勾配が+29.7‰から+3.0‰に変わる,73m先でATC現示が75km/hから70km/hに低下する,0.0,0.0,1,32.0,先行列車なし,0,,0,0,0,後続列車なし,該当なし,該当なし,0,0,0,30,240,,,
54.0,useless_brake_s1,1,1.61345,現示低下点への接近フェーズ（500m以内に現示の低下あり）,力行,12.4,制動,8.0,5.02,53.56,75.0,75.0,75.0,56.6,73.0,66.7,勾配力行 ↔ 惰行,勾配力行,56.6,-3.1,75.0,75.0,75.0,75.0,,409.0,31.0,110.97,298.08,29.7,-1.264,1.255,100m先で勾配が+29.7‰から+3.0‰に変わる,58m先でATC現示が75km/hから70km/hに低下する,0.0,0.0,1,31.0,先行列車なし,0,,0,0,0,後続列車なし,該当なし,該当なし,0,0,0,30,240,,,
55.0,useless_brake_s1,1,1.628501,次駅への減速フェーズ（駅手前400m以内）,力行,13.4,制動,8.0,4.96,54.78,75.0,75.0,75.0,55.4,73.0,66.7,勾配力行 ↔ 惰行,勾配力行,55.4,-0.6,,75.0,75.0,75.0,,394.0,30.0,122.78,271.22,29.7,-1.269,1.194,85m先で勾配が+29.7‰から+3.0‰に変わる,43m先でATC現示が75km/hから70km/hに低下する,0.0,0.0,1,30.0,先行列車なし,0,,0,0,0,後続列車なし,該当なし,該当なし,0,0,0,30,240,,,
56.0,useless_brake_s1,1,1.643883,次駅への減速フェーズ（駅手前400m以内）,力行,14.4,制動,8.0,4.91,55.95,75.0,75.0,75.0,54.1,73.0,66.6,勾配力行 ↔ 惰行,勾配力行,54.1,1.8,,75.0,75.0,75.0,,378.6,29.0,134.29,244.32,29.7,-1.274,1.138,70m先で勾配が+29.7‰から+3.0‰に変わる,28m先でATC現示が75km/hから70km/hに低下する,0.0,0.0,1,29.0,先行列車なし,0,,0,0,0,後続列車なし,該当なし,該当なし,0,0,0,30,240,,,
57.0,useless_brake_s1,1,1.659581,次駅への減速フェーズ（駅手前400m以内）,力行,15.4,制動,8.0,4.86,57.06,75.0,75.0,72.4,52.8,70.4,64.0,勾配力行 ↔ 惰行,勾配力行,52.8,4.3,,75.0,72.4,72.4,,362.9,28.0,145.83,217.09,29.7,-1.278,1.087,55m先で勾配が+29.7‰から+3.0‰に変わる,12m先でATC現示が75km/hから70km/hに低下する,0.0,0.0,1,28.0,先行列車なし,0,,0,0,0,後続列車なし,該当なし,該当なし,0,0,0,30,240,,,
58.0,useless_brake_s1,1,1.675582,次駅への減速フェーズ（駅手前400m以内）,力行,16.4,制動,8.0,4.82,58.12,70.0,70.0,70.0,51.4,68.0,62.5,勾配力行 ↔ 惰行,勾配力行,51.4,6.7,,75.0,70.0,70.0,,346.9,27.0,157.33,189.59,29.7,-1.283,1.039,40m先で勾配が+29.7‰から+3.0‰に変わる,686m先でATC現示が70km/hから55km/hに低下する,0.0,0.0,1,27.0,先行列車なし,0,,0,0,0,後続列車なし,該当なし,該当なし,0,0,0,30,240,,,
59.0,useless_brake_s1,1,1.691871,次駅への減速フェーズ（駅手前400m以内）,力行,17.4,制動,8.0,4.78,59.14,70.0,70.0,70.0,49.9,68.0,64.2,勾配力行 ↔ 惰行,惰行,49.9,9.2,,75.0,70.0,70.0,,330.6,26.0,168.45,162.18,29.7,-1.287,0.995,20m先で勾配が+29.7‰から+3.0‰に変わる,670m先でATC現示が70km/hから55km/hに低下する,0.0,0.0,1,26.0,先行列車なし,0,,0,0,0,後続列車なし,該当なし,該当なし,0,0,0,30,240,,,
60.0,useless_brake_s1,1,1.70841,次駅への減速フェーズ（駅手前400m以内）,力行,0.0,惰行,0.0,2.26,59.69,70.0,70.0,70.0,48.4,68.0,62.8,勾配力行 ↔ 惰行,惰行,48.4,11.3,,75.0,70.0,70.0,,314.1,25.0,177.13,136.96,29.7,-1.289,0.972,5m先で勾配が+29.7‰から+3.0‰に変わる,653m先でATC現示が70km/hから55km/hに低下する,0.0,0.0,1,25.0,先行列車なし,0,,0,0,0,後続列車なし,該当なし,該当なし,0,0,0,30,240,,,
61.0,useless_brake_s1,1,1.724996,次駅への減速フェーズ（駅手前400m以内）,惰行,0.0,力行,0.0,2.26,59.71,70.0,70.0,70.0,47.9,67.1,61.5,勾配力行 ↔ 惰行,惰行,47.9,11.8,,75.0,70.0,70.0,,297.5,24.0,178.34,119.16,3.0,-0.347,1.913,当面+3.0‰が続く,637m先でATC現示が70km/hから55km/hに低下する,0.0,0.0,1,24.0,先行列車なし,0,,0,0,0,後続列車なし,該当なし,該当なし,0,0,0,30,240,,,
62.0,useless_brake_s1,1,1.741581,次駅への減速フェーズ（駅手前400m以内）,惰行,0.1,力行,0.0,2.26,59.7,70.0,70.0,70.0,47.5,67.1,61.5,勾配力行 ↔ 惰行,惰行,47.5,12.2,,75.0,70.0,70.0,,280.9,23.0,178.29,102.63,3.0,-0.347,1.913,当面+3.0‰が続く,620m先でATC現示が70km/hから55km/hに低下する,0.0,0.0,1,23.0,先行列車なし,0,,0,0,0,後続列車なし,該当なし,該当なし,0,0,0,30,240,,,
63.0,useless_brake_s1,1,1.758166,次駅への減速フェーズ（駅手前400m以内）,惰行,0.0,力行,0.0,2.26,59.72,70.0,70.0,70.0,47.1,67.1,61.5,勾配力行 ↔ 惰行,惰行,47.1,12.6,,75.0,70.0,70.0,,264.3,22.0,178.37,85.96,3.0,-0.347,1.912,当面+3.0‰が続く,604m先でATC現示が70km/hから55km/hに低下する,0.0,0.0,1,22.0,先行列車なし,0,,0,0,0,後続列車なし,該当なし,該当なし,0,0,0,30,240,,,
64.0,useless_brake_s1,1,1.774752,次駅への減速フェーズ（駅手前400m以内）,惰行,0.0,力行,0.0,2.26,59.71,70.0,70.0,70.0,46.7,67.1,61.5,勾配力行 ↔ 惰行,惰行,46.7,13.0,,75.0,70.0,70.0,,247.7,21.0,178.33,69.42,3.0,-0.347,1.913,当面+3.0‰が続く,587m先でATC現示が70km/hから55km/hに低下する,0.0,0.0,1,21.0,先行列車なし,0,,0,0,0,後続列車なし,該当なし,該当なし,0,0,0,30,240,,,
65.0,useless_brake_s1,1,1.791337,次駅への減速フェーズ（駅手前400m以内）,力行,0.0,惰行,0.1,2.26,59.7,70.0,70.0,70.0,46.4,67.1,61.5,勾配力行 ↔ 惰行,惰行,46.4,13.3,,75.0,70.0,70.0,,231.2,20.0,178.28,52.89,3.0,-0.347,1.913,当面+3.0‰が続く,570m先でATC現示が70km/hから55km/hに低下する,0.0,0.0,1,20.0,先行列車なし,0,,0,0,0,後続列車なし,該当なし,該当なし,0,0,0,30,240,,,
66.0,useless_brake_s1,1,1.807923,次駅への減速フェーズ（駅手前400m以内）,惰行,0.0,力行,0.0,2.26,59.71,70.0,70.0,70.0,46.0,67.1,61.5,勾配力行 ↔ 惰行,惰行,46.0,13.7,,75.0,70.0,70.0,,214.6,19.0,178.36,36.22,3.0,-0.347,1.912,当面+3.0‰が続く,554m先でATC現示が70km/hから55km/hに低下する,0.0,0.0,1,19.0,先行列車なし,0,,0,0,0,後続列車なし,該当なし,該当なし,0,0,0,30,240,,,
67.0,useless_brake_s1,1,1.824509,次駅への減速フェーズ（駅手前400m以内）,惰行,0.0,力行,0.0,2.26,59.71,70.0,70.0,70.0,45.6,67.1,61.5,勾配力行 ↔ 惰行,惰行,45.6,14.1,,75.0,70.0,70.0,,198.0,18.0,178.31,19.68,3.0,-0.347,1.913,当面+3.0‰が続く,537m先でATC現示が70km/hから55km/hに低下する,0.0,0.0,1,18.0,先行列車なし,0,,0,0,0,後続列車なし,該当なし,該当なし,0,0,0,30,240,,,
68.0,useless_brake_s1,1,1.841094,次駅への減速フェーズ（駅手前400m以内）,力行,0.0,惰行,0.1,2.26,59.7,70.0,70.0,70.0,45.2,67.1,61.5,勾配力行 ↔ 惰行,惰行,45.2,14.5,,75.0,70.0,70.0,,181.4,17.0,178.26,3.14,3.0,-0.347,1.913,当面+3.0‰が続く,521m先でATC現示が70km/hから55km/hに低下する,0.0,0.0,1,17.0,先行列車なし,0,,0,0,0,後続列車なし,該当なし,該当なし,0,0,0,30,240,,,
69.0,useless_brake_s1,1,1.857426,次駅への減速フェーズ（駅手前400m以内）,制動,0.8,力行,0.0,4.85,57.44,70.0,70.0,70.0,44.8,67.0,61.3,勾配力行 ↔ 惰行,惰行,44.8,12.6,,75.0,70.0,70.0,,165.1,16.0,165.37,-0.29,3.0,-0.338,2.011,当面+3.0‰が続く,504m先でATC現示が70km/hから55km/hに低下する,0.0,0.0,1,16.0,先行列車なし,0,,0,0,0,後続列車なし,該当なし,該当なし,0,0,0,30,240,,,
70.0,useless_brake_s1,1,1.872985,次駅への減速フェーズ（駅手前400m以内）,制動,1.8,力行,0.0,4.97,54.61,70.0,70.0,70.0,44.5,66.8,61.1,勾配力行 ↔ 惰行,惰行,44.5,10.2,,75.0,70.0,70.0,,149.5,15.0,149.8,-0.29,3.0,-0.326,2.145,当面+3.0‰が続く,489m先でATC現示が70km/hから55km/hに低下する,0.0,0.0,1,15.0,先行列車なし,0,,0,0,0,後続列車なし,該当なし,該当なし,0,0,0,30,240,,,
70.5,useless_brake_s1,1,1.88047,次駅への減速フェーズ（駅手前400m以内）,制動,2.3,力行,0.0,5.04,53.2,70.0,70.0,70.0,44.3,66.7,61.0,勾配力行 ↔ 惰行,惰行,44.3,8.9,,75.0,70.0,70.0,,142.0,14.5,142.32,-0.29,3.0,-0.321,2.216,当面+3.0‰が続く,481m先でATC現示が70km/hから55km/hに低下する,0.0,0.0,1,14.5,先行列車なし,0,,0,0,0,後続列車なし,該当なし,該当なし,0,0,0,30,240,,,
71.0,useless_brake_s1,1,1.887759,次駅への減速フェーズ（駅手前400m以内）,制動,2.8,力行,0.0,5.11,51.79,70.0,70.0,70.0,44.1,66.6,60.9,勾配力行 ↔ 惰行,惰行,44.1,7.7,,75.0,70.0,70.0,,134.7,14.0,135.03,-0.28,3.0,-0.315,2.29,当面+3.0‰が続く,474m先でATC現示が70km/hから55km/hに低下する,0.0,0.0,1,14.0,先行列車なし,0,,0,0,0,後続列車なし,該当なし,該当なし,0,0,0,30,240,,,
71.5,useless_brake_s1,1,1.894852,次駅への減速フェーズ（駅手前400m以内）,制動,3.3,力行,0.0,5.18,50.38,70.0,70.0,70.0,43.9,66.4,60.8,勾配力行 ↔ 惰行,惰行,43.9,6.4,,75.0,70.0,70.0,,127.6,13.5,127.93,-0.28,3.0,-0.31,2.368,当面+3.0‰が続く,467m先でATC現示が70km/hから55km/hに低下する,0.0,0.0,1,13.5,先行列車なし,0,,0,0,0,後続列車なし,該当なし,該当なし,0,0,0,30,240,,,
72.0,useless_brake_s1,1,1.901751,次駅への減速フェーズ（駅手前400m以内）,制動,3.8,力行,0.0,5.26,48.98,70.0,70.0,70.0,43.8,66.3,60.7,勾配力行 ↔ 惰行,惰行,43.8,5.2,,75.0,70.0,70.0,,120.7,13.0,121.03,-0.28,3.0,-0.305,2.45,当面+3.0‰が続く,460m先でATC現示が70km/hから55km/hに低下する,0.0,0.0,1,13.0,先行列車なし,0,,0,0,0,後続列車なし,該当なし,該当なし,0,0,0,30,240,,,
72.5,useless_brake_s1,1,1.908454,次駅への減速フェーズ（駅手前400m以内）,制動,4.3,力行,0.0,5.34,47.58,70.0,70.0,70.0,43.6,66.2,60.6,勾配力行 ↔ 惰行,惰行,43.6,3.9,,75.0,70.0,70.0,,114.0,12.5,114.32,-0.28,3.0,-0.3,2.537,当面+3.0‰が続く,453m先でATC現示が70km/hから55km/hに低下する,0.0,0.0,1,12.5,先行列車なし,0,,0,0,0,後続列車なし,該当なし,該当なし,0,0,0,30,240,,,
73.0,useless_brake_s1,1,1.914963,次駅への減速フェーズ（駅手前400m以内）,制動,4.8,力行,0.0,5.42,46.18,70.0,70.0,70.0,43.5,66.1,60.4,勾配力行 ↔ 惰行,惰行,43.5,2.7,,75.0,70.0,70.0,,107.5,12.0,107.81,-0.28,3.0,-0.295,2.628,当面+3.0‰が続く,447m先でATC現示が70km/hから55km/hに低下する,0.0,0.0,1,12.0,先行列車なし,0,,0,0,0,後続列車なし,該当なし,該当なし,0,0,0,30,240,,,
73.5,useless_brake_s1,1,1.921278,次駅への減速フェーズ（駅手前400m以内）,制動,5.3,力行,0.0,5.51,44.78,70.0,70.0,70.0,43.3,65.9,60.3,勾配力行 ↔ 惰行,惰行,43.3,1.5,,75.0,70.0,70.0,,101.2,11.5,101.5,-0.27,3.0,-0.29,2.724,当面+3.0‰が続く,441m先でATC現示が70km/hから55km/hに低下する,0.0,0.0,1,11.5,先行列車なし,0,,0,0,0,後続列車なし,該当なし,該当なし,0,0,0,30,240,,,
74.0,useless_brake_s1,1,1.9274,次駅への減速フェーズ（駅手前400m以内）,制動,5.8,力行,0.0,5.61,43.39,70.0,70.0,70.0,43.2,65.8,60.1,勾配力行 ↔ 惰行,惰行,43.2,0.2,,75.0,70.0,70.0,,95.1,11.0,95.37,-0.27,3.0,-0.285,2.825,当面+3.0‰が続く,434m先でATC現示が70km/hから55km/hに低下する,0.0,0.0,1,11.0,先行列車なし,0,,0,0,0,後続列車なし,該当なし,該当なし,0,0,0,30,240,,,
74.5,useless_brake_s1,1,1.933328,次駅への減速フェーズ（駅手前400m以内）,制動,6.3,力行,0.0,5.71,42.0,70.0,70.0,70.0,42.0,65.6,60.0,勾配力行 ↔ 惰行,惰行,42.0,0.0,,75.0,70.0,70.0,,89.2,10.5,89.44,-0.27,3.0,-0.28,2.933,当面+3.0‰が続く,428m先でATC現示が70km/hから55km/hに低下する,0.0,0.0,1,10.5,先行列車なし,0,,0,0,0,後続列車なし,該当なし,該当なし,0,0,0,30,240,,,
75.0,useless_brake_s1,1,1.939063,次駅への減速フェーズ（駅手前400m以内）,制動,6.8,力行,0.0,5.82,40.61,70.0,70.0,70.0,40.6,65.4,59.8,勾配力行 ↔ 惰行,惰行,40.6,0.0,,75.0,70.0,70.0,,83.4,10.0,83.7,-0.27,3.0,-0.275,3.048,当面+3.0‰が続く,423m先でATC現示が70km/hから55km/hに低下する,0.0,0.0,1,10.0,先行列車なし,0,,0,0,0,後続列車なし,該当なし,該当なし,0,0,0,30,240,,,
75.5,useless_brake_s1,1,1.944605,次駅への減速フェーズ（駅手前400m以内）,制動,7.3,力行,0.0,5.87,39.22,70.0,70.0,70.0,39.2,65.3,59.7,勾配力行 ↔ 惰行,惰行,39.2,0.0,,75.0,70.0,70.0,,77.9,9.5,78.16,-0.27,3.0,-0.271,3.103,当面+3.0‰が続く,417m先でATC現示が70km/hから55km/hに低下する,0.0,0.0,1,9.5,先行列車なし,0,,0,0,0,後続列車なし,該当なし,該当なし,0,0,0,30,240,,,
76.0,useless_brake_s1,1,1.949955,次駅への減速フェーズ（駅手前400m以内）,制動,7.8,力行,0.0,5.87,37.84,70.0,70.0,70.0,37.8,65.3,59.7,勾配力行 ↔ 惰行,惰行,37.8,0.0,,75.0,70.0,70.0,,72.5,9.0,72.81,-0.26,3.0,-0.266,3.107,当面+3.0‰が続く,412m先でATC現示が70km/hから55km/hに低下する,0.0,0.0,1,9.0,先行列車なし,0,,0,0,0,後続列車なし,該当なし,該当なし,0,0,0,30,240,,,
76.5,useless_brake_s1,1,1.955112,次駅への減速フェーズ（駅手前400m以内）,制動,8.3,力行,0.0,5.87,36.46,70.0,70.0,70.0,36.4,65.3,59.7,勾配力行 ↔ 惰行,惰行,36.4,0.0,,75.0,70.0,70.0,,67.4,8.5,67.65,-0.26,3.0,-0.262,3.112,当面+3.0‰が続く,407m先でATC現示が70km/hから55km/hに低下する,0.0,0.0,1,8.5,先行列車なし,0,,0,0,0,後続列車なし,該当なし,該当なし,0,0,0,30,240,,,
77.0,useless_brake_s1,1,1.960078,次駅への減速フェーズ（駅手前400m以内）,制動,8.8,力行,0.0,5.87,35.08,70.0,70.0,70.0,35.0,65.3,59.7,勾配力行 ↔ 惰行,惰行,35.0,0.0,,75.0,70.0,70.0,,62.4,8.0,62.68,-0.26,3.0,-0.258,3.116,当面+3.0‰が続く,402m先でATC現示が70km/hから55km/hに低下する,0.0,0.0,1,8.0,先行列車なし,0,,0,0,0,後続列車なし,該当なし,該当なし,0,0,0,30,240,,,
77.5,useless_brake_s1,1,1.964853,次駅への減速フェーズ（駅手前400m以内）,制動,9.3,力行,0.0,5.87,33.7,70.0,70.0,70.0,33.7,65.3,59.7,勾配力行 ↔ 惰行,惰行,33.7,0.0,,75.0,70.0,70.0,,57.6,7.5,57.9,-0.26,3.0,-0.253,3.12,当面+3.0‰が続く,397m先でATC現示が70km/hから55km/hに低下する,0.0,0.0,1,7.5,先行列車なし,0,,0,0,0,後続列車なし,該当なし,該当なし,0,0,0,30,240,,,
78.0,useless_brake_s1,1,1.969436,次駅への減速フェーズ（駅手前400m以内）,制動,9.8,力行,0.0,5.87,32.33,70.0,70.0,70.0,32.3,65.3,59.7,勾配力行 ↔ 惰行,惰行,32.3,0.0,,75.0,70.0,70.0,,53.1,7.0,53.32,-0.26,3.0,-0.249,3.124,当面+3.0‰が続く,392m先でATC現示が70km/hから55km/hに低下する,0.0,0.0,1,7.0,先行列車なし,0,,0,0,0,後続列車なし,該当なし,該当なし,0,0,0,30,240,,,
78.5,useless_brake_s1,1,1.973828,次駅への減速フェーズ（駅手前400m以内）,制動,10.3,力行,0.0,5.87,30.95,70.0,70.0,70.0,30.9,65.3,59.7,勾配力行 ↔ 惰行,惰行,30.9,0.0,,75.0,70.0,70.0,,48.7,6.5,48.93,-0.25,3.0,-0.245,3.128,当面+3.0‰が続く,388m先でATC現示が70km/hから55km/hに低下する,0.0,0.0,1,6.5,先行列車なし,0,,0,0,0,後続列車なし,該当なし,該当なし,0,0,0,30,240,,,
79.0,useless_brake_s1,1,1.97803,次駅への減速フェーズ（駅手前400m以内）,制動,10.8,力行,0.0,5.87,29.58,70.0,70.0,70.0,29.5,65.3,59.7,勾配力行 ↔ 惰行,惰行,29.5,0.0,,75.0,70.0,70.0,,44.5,6.0,44.72,-0.25,3.0,-0.241,3.132,当面+3.0‰が続く,384m先でATC現示が70km/hから55km/hに低下する,0.0,0.0,1,6.0,先行列車なし,0,,0,0,0,後続列車なし,該当なし,該当なし,0,0,0,30,240,,,
79.5,useless_brake_s1,1,1.982041,次駅への減速フェーズ（駅手前400m以内）,制動,11.3,力行,0.0,5.87,28.21,70.0,70.0,70.0,28.2,65.3,59.7,勾配力行 ↔ 惰行,惰行,28.2,0.0,,75.0,70.0,70.0,,40.5,5.5,40.71,-0.25,3.0,-0.238,3.136,当面+3.0‰が続く,380m先でATC現示が70km/hから55km/hに低下する,0.0,0.0,1,5.5,先行列車なし,0,,0,0,0,後続列車なし,該当なし,該当なし,0,0,0,30,240,,,
80.0,useless_brake_s1,1,1.985862,次駅への減速フェーズ（駅手前400m以内）,制動,11.8,力行,0.0,5.87,26.84,70.0,70.0,70.0,26.8,65.3,59.8,勾配力行 ↔ 惰行,惰行,26.8,0.0,,75.0,70.0,70.0,,36.6,5.0,36.89,-0.25,3.0,-0.234,3.14,当面+3.0‰が続く,376m先でATC現示が70km/hから55km/hに低下する,0.0,0.0,1,5.0,先行列車なし,0,,0,0,0,後続列車なし,該当なし,該当なし,0,0,0,30,240,,,
80.5,useless_brake_s1,1,1.989493,次駅への減速フェーズ（駅手前400m以内）,制動,12.3,力行,0.0,5.87,25.48,70.0,70.0,70.0,25.4,65.3,59.9,勾配力行 ↔ 惰行,惰行,25.4,0.0,,75.0,70.0,70.0,,33.0,4.5,33.25,-0.25,3.0,-0.23,3.143,当面+3.0‰が続く,372m先でATC現示が70km/hから55km/hに低下する,0.0,0.0,1,4.5,先行列車なし,0,,0,0,0,後続列車なし,該当なし,該当なし,0,0,0,30,240,,,
81.0,useless_brake_s1,1,1.992935,次駅への減速フェーズ（駅手前400m以内）,制動,12.8,力行,0.0,5.87,24.11,70.0,70.0,70.0,24.1,65.3,60.0,勾配力行 ↔ 惰行,惰行,24.1,0.0,,75.0,70.0,70.0,,29.6,4.0,29.81,-0.24,3.0,-0.227,3.147,当面+3.0‰が続く,369m先でATC現示が70km/hから55km/hに低下する,0.0,0.0,1,4.0,先行列車なし,0,,0,0,0,後続列車なし,該当なし,該当なし,0,0,0,30,240,,,
81.5,useless_brake_s1,1,1.996187,次駅への減速フェーズ（駅手前400m以内）,制動,13.3,力行,0.0,5.87,22.75,70.0,70.0,70.0,22.7,65.3,59.9,勾配力行 ↔ 惰行,惰行,22.7,0.0,,75.0,70.0,70.0,,26.3,3.5,26.55,-0.24,3.0,-0.223,3.15,当面+3.0‰が続く,366m先でATC現示が70km/hから55km/hに低下する,0.0,0.0,1,3.5,先行列車なし,0,,0,0,0,後続列車なし,該当なし,該当なし,0,0,0,30,240,,,
82.0,useless_brake_s1,1,1.999251,次駅への減速フェーズ（駅手前400m以内）,制動,13.8,力行,0.0,5.87,21.39,70.0,70.0,70.0,21.3,65.3,60.0,勾配力行 ↔ 惰行,惰行,21.3,0.0,,75.0,70.0,70.0,,23.2,3.0,23.49,-0.24,3.0,-0.22,3.154,当面+3.0‰が続く,363m先でATC現示が70km/hから55km/hに低下する,0.0,0.0,1,3.0,先行列車なし,0,,0,0,0,後続列車なし,該当なし,該当なし,0,0,0,30,240,,,
82.5,useless_brake_s1,1,2.002125,次駅への減速フェーズ（駅手前400m以内）,制動,14.3,力行,0.0,5.87,20.03,70.0,70.0,70.0,20.0,65.3,60.0,勾配力行 ↔ 惰行,惰行,20.0,0.1,,75.0,70.0,70.0,,20.4,2.5,20.61,-0.24,3.0,-0.217,3.157,当面+3.0‰が続く,360m先でATC現示が70km/hから55km/hに低下する,0.0,0.0,1,2.5,先行列車なし,0,,0,0,0,後続列車なし,該当なし,該当なし,0,0,0,30,240,,,
83.0,useless_brake_s1,1,2.00481,次駅への減速フェーズ（駅手前400m以内）,制動,14.8,力行,0.0,5.87,18.67,70.0,70.0,70.0,18.6,65.3,60.1,勾配力行 ↔ 惰行,惰行,18.6,0.1,,75.0,70.0,70.0,,17.7,2.0,17.93,-0.24,3.0,-0.214,3.16,当面+3.0‰が続く,357m先でATC現示が70km/hから55km/hに低下する,0.0,0.0,1,2.0,先行列車なし,0,,0,0,0,後続列車なし,該当なし,該当なし,0,0,0,30,240,,,
83.5,useless_brake_s1,1,2.007307,次駅への減速フェーズ（駅手前400m以内）,制動,15.3,力行,0.0,5.87,17.31,70.0,70.0,70.0,17.3,65.3,60.1,勾配力行 ↔ 惰行,惰行,17.3,0.1,,75.0,70.0,70.0,,15.2,1.5,15.43,-0.23,3.0,-0.211,3.163,当面+3.0‰が続く,354m先でATC現示が70km/hから55km/hに低下する,0.0,0.0,1,1.5,先行列車なし,0,,0,0,0,後続列車なし,該当なし,該当なし,0,0,0,30,240,,,
84.0,useless_brake_s1,1,2.009616,次駅への減速フェーズ（駅手前400m以内）,制動,15.8,力行,0.0,5.87,15.96,70.0,70.0,70.0,15.9,65.3,60.2,勾配力行 ↔ 惰行,惰行,15.9,0.1,,75.0,70.0,70.0,,12.9,1.0,13.12,-0.23,3.0,-0.208,3.166,当面+3.0‰が続く,352m先でATC現示が70km/hから55km/hに低下する,0.0,0.0,1,1.0,先行列車なし,0,,0,0,0,後続列車なし,該当なし,該当なし,0,0,0,30,240,,,
84.5,useless_brake_s1,1,2.011737,次駅への減速フェーズ（駅手前400m以内）,制動,16.3,力行,0.0,5.87,14.61,70.0,70.0,70.0,14.5,65.2,60.2,勾配力行 ↔ 惰行,惰行,14.5,0.1,,75.0,70.0,70.0,,10.8,0.5,10.99,-0.23,3.0,-0.205,3.169,当面+3.0‰が続く,350m先でATC現示が70km/hから55km/hに低下する,0.0,0.0,1,0.5,先行列車なし,0,,0,0,0,後続列車なし,該当なし,該当なし,0,0,0,30,240,,,
85.0,useless_brake_s1,1,2.01367,次駅への減速フェーズ（駅手前400m以内）,制動,16.8,力行,0.0,5.87,13.26,70.0,70.0,70.0,13.2,65.2,60.3,勾配力行 ↔ 惰行,惰行,13.2,0.1,,75.0,70.0,70.0,,8.8,0.0,9.06,-0.23,3.0,-0.202,3.172,当面+3.0‰が続く,348m先でATC現示が70km/hから55km/hに低下する,0.0,0.0,1,0.0,先行列車なし,0,,0,0,0,後続列車なし,該当なし,該当なし,0,0,0,30,240,,,
85.5,useless_brake_s1,1,2.015415,次駅への減速フェーズ（駅手前400m以内）,制動,17.3,力行,0.0,5.87,11.9,70.0,70.0,70.0,11.8,65.2,60.3,勾配力行 ↔ 惰行,惰行,11.8,0.1,,75.0,70.0,70.0,,7.1,0.0,7.31,-0.23,3.0,-0.199,3.174,当面+3.0‰が続く,346m先でATC現示が70km/hから55km/hに低下する,0.5,0.5,1,0.0,先行列車なし,0,,0,0,0,後続列車なし,該当なし,該当なし,0,0,0,30,240,,,
86.0,useless_brake_s1,1,2.016973,次駅への減速フェーズ（駅手前400m以内）,制動,17.8,力行,0.0,5.87,10.56,70.0,70.0,70.0,10.5,65.2,60.3,勾配力行 ↔ 惰行,惰行,10.5,0.1,,75.0,70.0,70.0,,5.5,0.0,5.75,-0.22,3.0,-0.197,3.177,当面+3.0‰が続く,345m先でATC現示が70km/hから55km/hに低下する,1.0,1.0,1,0.0,先行列車なし,0,,0,0,0,後続列車なし,該当なし,該当なし,0,0,0,30,240,,,
86.5,useless_brake_s1,1,2.018344,次駅への減速フェーズ（駅手前400m以内）,制動,18.3,力行,0.0,5.87,9.21,70.0,70.0,70.0,9.1,65.2,60.4,勾配力行 ↔ 惰行,惰行,9.1,0.1,,75.0,70.0,70.0,,4.2,0.0,4.38,-0.22,3.0,-0.194,3.179,当面+3.0‰が続く,343m先でATC現示が70km/hから55km/hに低下する,1.5,1.5,1,0.0,先行列車なし,0,,0,0,0,後続列車なし,該当なし,該当なし,0,0,0,30,240,,,
87.0,useless_brake_s1,1,2.019527,次駅への減速フェーズ（駅手前400m以内）,制動,18.8,力行,0.0,5.87,7.86,70.0,70.0,70.0,7.7,65.2,60.4,勾配力行 ↔ 惰行,惰行,7.7,0.1,,75.0,70.0,70.0,,3.0,0.0,3.19,-0.22,3.0,-0.192,3.182,当面+3.0‰が続く,342m先でATC現示が70km/hから55km/hに低下する,2.0,2.0,1,0.0,先行列車なし,0,,0,0,0,後続列車なし,該当なし,該当なし,0,0,0,30,240,,,
87.5,useless_brake_s1,1,2.020524,次駅への減速フェーズ（駅手前400m以内）,制動,19.3,力行,0.0,5.87,6.52,70.0,70.0,70.0,6.4,65.2,60.4,勾配力行 ↔ 惰行,惰行,6.4,0.2,,75.0,70.0,70.0,,2.0,0.0,2.2,-0.22,3.0,-0.19,3.184,当面+3.0‰が続く,341m先でATC現示が70km/hから55km/hに低下する,2.5,2.5,1,0.0,先行列車なし,0,,0,0,0,後続列車なし,該当なし,該当なし,0,0,0,30,240,,,
88.0,useless_brake_s1,1,2.021334,次駅への減速フェーズ（駅手前400m以内）,制動,19.8,力行,0.0,5.87,5.17,70.0,70.0,70.0,5.0,65.2,60.4,勾配力行 ↔ 惰行,惰行,5.0,0.2,,75.0,70.0,70.0,,1.2,0.0,1.38,-0.22,3.0,-0.187,3.186,当面+3.0‰が続く,340m先でATC現示が70km/hから55km/hに低下する,3.0,3.0,1,0.0,先行列車なし,0,,0,0,0,後続列車なし,該当なし,該当なし,0,0,0,30,240,,,
88.5,useless_brake_s1,1,2.021957,次駅への減速フェーズ（駅手前400m以内）,制動,20.3,力行,0.0,5.87,3.83,70.0,70.0,70.0,3.5,65.2,60.4,勾配力行 ↔ 惰行,惰行,3.5,0.3,,75.0,70.0,70.0,,0.5,0.0,0.76,-0.22,3.0,-0.185,3.188,当面+3.0‰が続く,340m先でATC現示が70km/hから55km/hに低下する,3.5,3.5,1,0.0,先行列車なし,0,,0,0,0,後続列車なし,該当なし,該当なし,0,0,0,30,240,,,
89.0,useless_brake_s1,1,2.022393,次駅への減速フェーズ（駅手前400m以内）,制動,20.8,力行,0.0,5.87,2.49,70.0,70.0,70.0,2.0,65.2,60.4,勾配力行 ↔ 惰行,惰行,2.0,0.5,,75.0,70.0,70.0,,0.1,0.0,0.32,-0.21,3.0,-0.183,3.191,当面+3.0‰が続く,339m先でATC現示が70km/hから55km/hに低下する,4.0,4.0,1,0.0,先行列車なし,0,,0,0,0,後続列車なし,該当なし,該当なし,0,0,0,30,240,,,
89.5,useless_brake_s1,1,2.022644,次駅への減速フェーズ（駅手前400m以内）,制動,21.3,力行,0.0,5.87,1.15,70.0,70.0,70.0,1.5,65.2,60.5,勾配力行 ↔ 惰行,惰行,1.5,-0.3,,75.0,0.0,0.0,,-0.1,0.0,0.07,-0.21,3.0,-0.181,3.193,当面+3.0‰が続く,339m先でATC現示が70km/hから55km/hに低下する,4.5,4.5,1,0.0,先行列車なし,0,,0,0,0,後続列車なし,該当なし,該当なし,0,0,0,30,240,,,
0.0,sawtooth_s1_3s,1,0.9645,駅出発直後の加速フェーズ（20秒以内）,力行,0.0,なし（または停止）,0.0,0.0,0.0,75.0,75.0,75.0,0.0,70.2,64.3,勾配力行 ↔ 惰行,惰行,0.0,-0.0,50.4,75.0,58.8,58.8,,1058.0,85.0,0.0,1058.0,2.0,-0.144,3.229,265m先で勾配が+2.0‰から+3.5‰に変わる,707m先でATC現示が75km/hから70km/hに低下する,0.0,0.0,1,85.0,先行列車なし,0,,0,0,0,後続列車なし,該当なし,該当なし,0,0,0,30,240,,,
1.0,sawtooth_s1_3s,1,0.964953,駅出発直後の加速フェーズ（20秒以内）,力行,1.0,なし（または停止）,0.0,0.0,3.23,75.0,75.0,75.0,3.2,70.2,64.3,勾配力行 ↔ 惰行,惰行,3.2,0.0,51.3,75.0,58.8,58.8,,1057.5,84.0,0.55,1057.0,2.0,-0.149,3.225,265m先で勾配が+2.0‰から+3.5‰に変わる,707m先でATC現示が75km/hから70km/hに低下する,0.0,0.0,1,84.0,先行列車なし,0,,0,0,0,後続列車なし,該当なし,該当なし,0,0,0,30,240,,,
2.0,sawtooth_s1_3s,1,0.966301,駅出発直後の加速フェーズ（20秒以内）,力行,2.0,なし（または停止）,0.0,0.0,6.45,75.0,75.0,75.0,6.4,70.2,64.3,勾配力行 ↔ 惰行,惰行,6.4,-0.0,52.0,75.0,58.8,58.8,,1056.2,83.0,2.18,1054.02,2.0,-0.154,3.219,265m先で勾配が+2.0‰から+3.5‰に変わる,705m先でATC現示が75km/hから70km/hに低下する,0.0,0.0,1,83.0,先行列車なし,0,,0,0,0,後続列車なし,該当なし,該当なし,0,0,0,30,240,,,
3.0,sawtooth_s1_3s,1,0.968544,駅出発直後の加速フェーズ（20秒以内）,力行,3.0,なし（または停止）,0.0,0.0,9.67,75.0,75.0,75.0,9.7,70.2,64.4,勾配力行 ↔ 惰行,惰行,9.7,-0.0,52.8,75.0,58.8,58.8,,1054.0,82.0,4.89,1049.07,2.0,-0.16,3.214,260m先で勾配が+2.0‰から+3.5‰に変わる,703m先でATC現示が75km/hから70km/hに低下する,0.0,0.0,1,82.0,先行列車なし,0,,0,0,0,後続列車なし,該当なし,該当なし,0,0,0,30,240,,,
4.0,sawtooth_s1_3s,1,0.97168,駅出発直後の加速フェーズ（20秒以内）,力行,4.0,なし（または停止）,0.0,0.0,12.88,75.0,75.0,75.0,12.9,70.2,64.4,勾配力行 ↔ 惰行,惰行,12.9,0.0,53.3,75.0,58.8,58.8,,1050.8,81.0,8.66,1042.16,2.0,-0.166,3.208,260m先で勾配が+2.0‰から+3.5‰に変わる,700m先でATC現示が75km/hから70km/hに低下する,0.0,0.0,1,81.0,先行列車なし,0,,0,0,0,後続列車なし,該当なし,該当なし,0,0,0,30,240,,,
5.0,sawtooth_s1_3s,1,0.975706,駅出発直後の加速フェーズ（20秒以内）,力行,5.0,なし（または停止）,0.0,0.0,16.08,75.0,75.0,75.0,16.1,70.2,64.4,勾配力行 ↔ 惰行,惰行,16.1,-0.0,54.1,75.0,59.0,59.0,,1046.8,80.0,13.49,1033.3,2.0,-0.173,3.201,255m先で勾配が+2.0‰から+3.5‰に変わる,696m先でATC現示が75km/hから70km/hに低下する,0.0,0.0,1,80.0,先行列車なし,0,,0,0,0,後続列車なし,該当なし,該当なし,0,0,0,30,240,,,
6.0,sawtooth_s1_3s,1,0.980622,駅出発直後の加速フェーズ（20秒以内）,力行,6.0,なし（または停止）,0.0,0.0,19.28,75.0,75.0,75.0,19.3,70.2,64.4,勾配力行 ↔ 惰行,惰行,19.3,0.0,54.5,75.0,59.0,59.0,,1041.9,79.0,19.36,1022.52,2.0,-0.18,3.194,250m先で勾配が+2.0‰から+3.5‰に変わる,691m先でATC現示が75km/hから70km/hに低下する,0.0,0.0,1,79.0,先行列車なし,0,,0,0,0,後続列車なし,該当なし,該当なし,0,0,0,30,240,,,
7.0,sawtooth_s1_3s,1,0.986425,駅出発直後の加速フェーズ（20秒以内）,力行,7.0,なし（または停止）,0.0,0.0,22.47,75.0,75.0,75.0,22.5,70.2,64.4,勾配力行 ↔ 惰行,惰行,22.5,0.0,55.2,75.0,59.0,59.0,,1036.1,78.0,26.25,1009.82,2.0,-0.188,3.186,245m先で勾配が+2.0‰から+3.5‰に変わる,685m先でATC現示が75km/hから70km/hに低下する,0.0,0.0,1,78.0,先行列車なし,0,,0,0,0,後続列車なし,該当なし,該当なし,0,0,0,30,240,,,
8.0,sawtooth_s1_3s,1,0.993113,駅出発直後の加速フェーズ（20秒以内）,力行,8.0,なし（または停止）,0.0,0.0,25.65,75.0,75.0,75.0,25.7,70.2,64.4,勾配力行 ↔ 惰行,惰行,25.7,0.0,56.0,75.0,59.0,59.0,,1029.4,77.0,34.15,995.24,2.0,-0.196,3.178,235m先で勾配が+2.0‰から+3.5‰に変わる,679m先でATC現示が75km/hから70km/hに低下する,0.0,0.0,1,77.0,先行列車なし,0,,0,0,0,後続列車なし,該当なし,該当なし,0,0,0,30,240,,,
9.0,sawtooth_s1_3s,1,1.000683,駅出発直後の加速フェーズ（20秒以内）,力行,9.0,なし（または停止）,0.0,0.0,28.82,75.0,75.0,75.0,28.8,70.2,64.4,勾配力行 ↔ 惰行,惰行,28.8,-0.0,56.1,75.0,59.0,59.0,,1021.8,76.0,43.05,978.77,2.0,-0.204,3.17,230m先で勾配が+2.0‰から+3.5‰に変わる,671m先でATC現示が75km/hから70km/hに低下する,0.0,0.0,1,76.0,先行列車なし,0,,0,0,0,後続列車なし,該当なし,該当なし,0,0,0,30,240,,,
10.0,sawtooth_s1_3s,1,1.008671,駅出発直後の加速フェーズ（20秒以内）,惰行,1.0,力行,9.0,3.37,28.65,75.0,75.0,75.0,31.8,70.2,64.4,勾配力行 ↔ 惰行,惰行,31.8,-3.2,57.0,75.0,59.8,59.8,,1013.8,75.0,42.54,971.29,2.0,-0.204,3.17,220m先で勾配が+2.0‰から+3.5‰に変わる,663m先でATC現示が75km/hから70km/hに低下する,0.0,0.0,1,75.0,先行列車なし,0,,0,0,0,後続列車なし,該当なし,該当なし,0,0,0,30,240,,,
11.0,sawtooth_s1_3s,1,1.016602,駅出発直後の加速フェーズ（20秒以内）,惰行,2.0,力行,9.0,3.37,28.45,75.0,75.0,75.0,34.5,70.2,64.4,勾配力行 ↔ 惰行,惰行,34.5,-6.1,57.2,75.0,60.5,60.5,,1005.9,74.0,41.95,963.95,2.0,-0.203,3.171,215m先で勾配が+2.0‰から+3.5‰に変わる,655m先でATC現示が75km/hから70km/hに低下する,0.0,0.0,1,74.0,先行列車なし,0,,0,0,0,後続列車なし,該当なし,該当なし,0,0,0,30,240,,,
12.0,sawtooth_s1_3s,1,1.024477,駅出発直後の加速フェーズ（20秒以内）,惰行,3.0,力行,9.0,3.37,28.25,75.0,75.0,75.0,37.0,70.2,64.4,勾配力行 ↔ 惰行,惰行,37.0,-8.8,57.9,75.0,61.4,61.4,,998.0,73.0,41.36,956.67,2.0,-0.203,3.171,205m先で勾配が+2.0‰から+3.5‰に変わる,647m先でATC現示が75km/hから70km/hに低下する,0.0,0.0,1,73.0,先行列車なし,0,,0,0,0,後続列車なし,該当なし,該当なし,0,0,0,30,240,,,
13.0,sawtooth_s1_3s,1,1.032758,駅出発直後の加速フェーズ（20秒以内）,力行,1.0,惰行,3.0,3.37,31.38,75.0,75.0,75.0,39.5,70.3,64.4,勾配力行 ↔ 惰行,惰行,39.5,-8.1,58.6,75.0,61.4,61.4,,989.7,72.0,50.94,938.8,2.0,-0.211,3.162,195m先で勾配が+2.0‰から+3.5‰に変わる,639m先でATC現示が75km/hから70km/hに低下する,0.0,0.0,1,72.0,先行列車なし,0,,0,0,0,後続列車なし,該当なし,該当なし,0,0,0,30,240,,,
14.0,sawtooth_s1_3s,1,1.041919,駅出発直後の加速フェーズ（20秒以内）,力行,2.0,惰行,3.0,3.37,34.54,75.0,75.0,75.0,42.0,70.3,64.4,勾配力行 ↔ 惰行,惰行,42.0,-7.4,58.8,75.0,61.4,61.4,,980.6,71.0,61.59,918.99,2.0,-0.221,3.153,190m先で勾配が+2.0‰から+3.5‰に変わる,630m先でATC現示が75km/hから70km/hに低下する,0.0,0.0,1,71.0,先行列車なし,0,,0,0,0,後続列車なし,該当なし,該当なし,0,0,0,30,240,,,
15.0,sawtooth_s1_3s,1,1.051955,駅出発直後の加速フェーズ（20秒以内）,力行,3.0,惰行,3.0,3.37,37.69,75.0,75.0,75.0,44.4,70.3,64.5,勾配力行 ↔ 惰行,惰行,44.4,-6.7,59.6,75.0,61.4,61.4,,970.5,70.0,73.17,897.37,2.0,-0.23,3.143,180m先で勾配が+2.0‰から+3.5‰に変わる,620m先でATC現示が75km/hから70km/hに低下する,0.0,0.0,1,70.0,先行列車なし,0,,0,0,0,後続列車なし,該当なし,該当なし,0,0,0,30,240,,,
16.0,sawtooth_s1_3s,1,1.062401,駅出発直後の加速フェーズ（20秒以内）,惰行,1.0,力行,3.0,3.37,37.49,75.0,75.0,75.0,46.6,70.3,64.5,勾配力行 ↔ 惰行,惰行,46.6,-9.1,59.8,75.0,62.2,62.2,,960.1,69.0,72.42,887.68,2.0,-0.23,3.144,170m先で勾配が+2.0‰から+3.5‰に変わる,609m先でATC現示が75km/hから70km/hに低下する,0.0,0.0,1,69.0,先行列車なし,0,,0,0,0,後続列車なし,該当なし,該当なし,0,0,0,30,240,,,
17.0,sawtooth_s1_3s,1,1.072783,駅出発直後の加速フェーズ（20秒以内）,惰行,2.0,力行,3.0,3.37,37.26,75.0,75.0,75.0,48.6,70.3,64.5,勾配力行 ↔ 惰行,惰行,48.6,-11.4,60.5,75.0,63.0,63.0,,949.7,68.0,71.55,878.17,2.0,-0.229,3.145,155m先で勾配が+2.0‰から+3.5‰に変わる,599m先でATC現示が75km/hから70km/hに低下する,0.0,0.0,1,68.0,先行列車なし,0,,0,0,0,後続列車なし,該当なし,該当なし,0,0,0,30,240,,,
18.0,sawtooth_s1_3s,1,1.083101,駅出発直後の加速フェーズ（20秒以内）,力行,0.0,惰行,3.0,3.37,37.03,75.0,75.0,75.0,50.5,70.3,64.5,勾配力行 ↔ 惰行,惰行,50.5,-13.4,61.1,75.0,63.8,63.8,,939.4,67.0,70.68,868.71,2.0,-0.228,3.145,145m先で勾配が+2.0‰から+3.5‰に変わる,589m先でATC現示が75km/hから70km/hに低下する,0.0,0.0,1,67.0,先行列車なし,0,,0,0,0,後続列車なし,該当なし,該当なし,0,0,0,30,240,,,
19.0,sawtooth_s1_3s,1,1.093829,駅出発直後の加速フェーズ（20秒以内）,力行,1.0,惰行,3.0,3.36,40.17,75.0,75.0,75.0,52.2,70.3,64.5,勾配力行 ↔ 惰行,惰行,52.2,-12.1,61.4,75.0,63.8,63.8,,928.7,66.0,83.0,845.67,2.0,-0.239,3.121,135m先で勾配が+2.0‰から+3.5‰に変わる,578m先でATC現示が75km/hから70km/hに低下する,0.0,0.0,1,66.0,先行列車なし,0,,0,0,0,後続列車なし,該当なし,該当なし,0,0,0,30,240,,,
20.0,sawtooth_s1_3s,1,1.105414,巡航フェーズ（駅間走行中）,力行,2.0,惰行,3.0,3.13,43.17,75.0,75.0,75.0,54.0,70.7,64.9,勾配力行 ↔ 惰行,惰行,54.0,-10.8,61.7,75.0,63.8,63.8,,917.1,65.0,95.64,821.44,2.0,-0.249,2.877,125m先で勾配が+2.0‰から+3.5‰に変わる,566m先でATC現示が75km/hから70km/hに低下する,0.0,0.0,1,65.0,先行列車なし,0,,0,0,0,後続列車なし,該当なし,該当なし,0,0,0,30,240,,,
21.0,sawtooth_s1_3s,1,1.117799,巡航フェーズ（駅間走行中）,惰行,0.0,力行,3.0,2.94,45.94,75.0,75.0,75.0,55.8,71.0,65.2,勾配力行 ↔ 惰行,惰行,55.8,-9.8,62.2,75.0,63.8,63.8,,904.7,64.0,108.12,796.58,2.0,-0.258,2.679,110m先で勾配が+2.0‰から+3.5‰に変わる,554m先でATC現示が75km/hから70km/hに低下する,0.0,0.0,1,64.0,先行列車なし,0,,0,0,0,後続列車なし,該当なし,該当なし,0,0,0,30,240,,,
22.0,sawtooth_s1_3s,1,1.130525,巡航フェーズ（駅間走行中）,惰行,1.0,力行,3.0,2.95,45.69,75.0,75.0,75.0,57.5,71.0,65.1,勾配力行 ↔ 惰行,惰行,57.5,-11.8,62.6,75.0,64.6,64.6,,892.0,63.0,106.74,785.24,2.0,-0.257,2.696,100m先で勾配が+2.0‰から+3.5‰に変わる,541m先でATC現示が75km/hから70km/hに低下する,0.0,0.0,1,63.0,先行列車なし,0,,0,0,0,後続列車なし,該当なし,該当なし,0,0,0,30,240,,,
23.0,sawtooth_s1_3s,1,1.14318,巡航フェーズ（駅間走行中）,惰行,2.0,力行,3.0,2.97,45.43,75.0,75.0,75.0,59.0,70.9,65.1,勾配力行 ↔ 惰行,惰行,59.0,-13.6,63.1,75.0,65.4,65.4,,879.3,62.0,105.33,773.99,2.0,-0.257,2.714,85m先で勾配が+2.0‰から+3.5‰に変わる,529m先でATC現示が75km/hから70km/hに低下する,0.0,0.0,1,62.0,先行列車なし,0,,0,0,0,後続列車なし,該当なし,該当なし,0,0,0,30,240,,,
24.0,sawtooth_s1_3s,1,1.155763,巡航フェーズ（駅間走行中）,力行,0.0,惰行,3.0,2.99,45.17,75.0,75.0,75.0,60.5,70.9,65.1,勾配力行 ↔ 惰行,惰行,60.5,-15.3,63.6,75.0,65.4,65.4,,866.7,61.0,103.88,762.86,2.0,-0.256,2.732,75m先で勾配が+2.0‰から+3.5‰に変わる,516m先でATC現示が75km/hから70km/hに低下する,0.0,0.0,1,61.0,先行列車なし,0,,0,0,0,後続列車なし,該当なし,該当なし,0,0,0,30,240,,,
25.0,sawtooth_s1_3s,1,1.168686,巡航フェーズ（駅間走行中）,力行,1.0,惰行,3.0,2.82,47.82,75.0,75.0,75.0,61.9,71.2,65.3,勾配力行 ↔ 惰行,惰行,61.9,-14.1,64.3,75.0,66.2,66.2,,853.8,60.0,115.6,738.21,2.0,-0.265,2.557,60m先で勾配が+2.0‰から+3.5‰に変わる,503m先でATC現示が75km/hから70km/hに低下する,0.0,0.0,1,60.0,先行列車なし,0,,0,0,0,後続列車なし,該当なし,該当なし,0,0,0,30,240,,,
26.0,sawtooth_s1_3s,1,1.18232,現示低下点への接近フェーズ（500m以内に現示の低下あり）,力行,2.0,惰行,3.0,2.68,50.3,75.0,75.0,75.0,63.4,71.4,65.6,勾配力行 ↔ 惰行,惰行,63.4,-13.1,64.6,75.0,66.2,66.2,,840.2,59.0,127.15,713.03,2.0,-0.274,2.409,50m先で勾配が+2.0‰から+3.5‰に変わる,489m先でATC現示が75km/hから70km/hに低下する,0.0,0.0,1,59.0,先行列車なし,0,,0,0,0,後続列車なし,該当なし,該当なし,0,0,0,30,240,,,
27.0,sawtooth_s1_3s,1,1.196623,現示低下点への接近フェーズ（500m以内に現示の低下あり）,惰行,0.0,力行,3.0,2.56,52.64,75.0,75.0,75.0,64.8,71.6,65.8,勾配力行 ↔ 惰行,惰行,64.8,-12.1,64.6,75.0,66.2,66.2,,825.9,58.0,138.55,687.33,2.0,-0.283,2.28,35m先で勾配が+2.0‰から+3.5‰に変わる,475m先でATC現示が75km/hから70km/hに低下する,0.0,0.0,1,58.0,先行列車なし,0,,0,0,0,後続列車なし,該当なし,該当なし,0,0,0,30,240,,,
28.0,sawtooth_s1_3s,1,1.211206,現示低下点への接近フェーズ（500m以内に現示の低下あり）,惰行,1.0,力行,3.0,2.58,52.36,75.0,75.0,75.0,66.2,71.6,65.9,勾配力行 ↔ 惰行,惰行,66.2,-13.8,65.4,75.0,66.7,66.7,,811.3,57.0,136.74,674.55,2.0,-0.282,2.295,20m先で勾配が+2.0‰から+3.5‰に変わる,461m先でATC現示が75km/hから70km/hに低下する,0.0,0.0,1,57.0,先行列車なし,0,,0,0,0,後続列車なし,該当なし,該当なし,0,0,0,30,240,,,
29.0,sawtooth_s1_3s,1,1.225711,現示低下点への接近フェーズ（500m以内に現示の低下あり）,惰行,2.0,力行,3.0,2.59,52.08,75.0,75.0,75.0,67.5,71.5,66.0,勾配力行 ↔ 惰行,惰行,67.5,-15.4,65.4,75.0,67.0,67.0,,796.8,56.0,134.95,661.84,2.0,-0.281,2.31,5m先で勾配が+2.0‰から+3.5‰に変わる,446m先でATC現示が75km/hから70km/hに低下する,0.0,0.0,1,56.0,先行列車なし,0,,0,0,0,後続列車なし,該当なし,該当なし,0,0,0,30,240,,,
30.0,sawtooth_s1_3s,1,1.240132,現示低下点への接近フェーズ（500m以内に現示の低下あり）,力行,0.0,惰行,3.0,2.61,51.75,75.0,75.0,75.0,68.7,71.6,66.1,勾配力行 ↔ 惰行,惰行,68.7,-16.9,66.1,75.0,68.2,68.2,,782.4,55.0,130.63,651.74,3.5,-0.333,2.275,10m先で勾配が+3.5‰から+4.0‰に変わる,432m先でATC現示が75km/hから70km/hに低下する,0.0,0.0,1,55.0,先行列車なし,0,,0,0,0,後続列車なし,該当なし,該当なし,0,0,0,30,240,,,
31.0,sawtooth_s1_3s,1,1.25482,現示低下点への接近フェーズ（500m以内に現示の低下あり）,力行,1.0,惰行,3.0,2.5,53.96,75.0,75.0,75.0,69.9,71.8,66.3,勾配力行 ↔ 惰行,惰行,69.9,-15.9,66.2,75.0,67.8,67.8,,767.7,54.0,136.1,631.58,4.0,-0.359,2.142,110m先で勾配が+4.0‰から+27.0‰に変わる,417m先でATC現示が75km/hから70km/hに低下する,0.0,0.0,1,54.0,先行列車なし,0,,0,0,0,後続列車なし,該当なし,該当なし,0,0,0,30,240,,,
32.0,sawtooth_s1_3s,1,1.270103,現示低下点への接近フェーズ（500m以内に現示の低下あり）,力行,2.0,惰行,3.0,2.41,56.05,75.0,75.0,75.0,71.0,71.9,66.5,勾配力行 ↔ 惰行,惰行,71.0,-15.0,67.0,75.0,67.8,67.8,,752.4,53.0,141.2,611.2,4.0,-0.368,2.04,95m先で勾配が+4.0‰から+27.0‰に変わる,402m先でATC現示が75km/hから70km/hに低下する,0.0,0.0,1,53.0,先行列車なし,0,,0,0,0,後続列車なし,該当なし,該当なし,0,0,0,30,240,,,
33.0,sawtooth_s1_3s,1,1.285954,現示低下点への接近フェーズ（500m以内に現示の低下あり）,惰行,0.0,力行,3.0,2.32,58.04,75.0,75.0,75.0,72.2,72.1,66.6,勾配力行 ↔ 惰行,惰行,72.2,-14.1,67.0,75.0,67.8,67.8,,736.5,52.0,146.14,590.41,4.0,-0.376,1.949,80m先で勾配が+4.0‰から+27.0‰に変わる,386m先でATC現示が75km/hから70km/hに低下する,0.0,0.0,1,52.0,先行列車なし,0,,0,0,0,後続列車なし,該当なし,該当なし,0,0,0,30,240,,,
34.0,sawtooth_s1_3s,1,1.302025,現示低下点への接近フェーズ（500m以内に現示の低下あり）,惰行,1.0,力行,3.0,2.34,57.67,75.0,75.0,75.0,73.3,72.1,66.6,勾配力行 ↔ 惰行,惰行,73.3,-15.6,67.8,75.0,69.3,69.3,,720.5,51.0,141.02,579.46,4.0,-0.374,1.966,60m先で勾配が+4.0‰から+27.0‰に変わる,370m先でATC現示が75km/hから70km/hに低下する,0.0,0.0,1,51.0,先行列車なし,0,,0,0,0,後続列車なし,該当なし,該当なし,0,0,0,30,240,,,
35.0,sawtooth_s1_3s,1,1.317991,現示低下点への接近フェーズ（500m以内に現示の低下あり）,惰行,2.0,力行,3.0,2.36,57.29,75.0,75.0,75.0,73.9,72.0,67.0,勾配力行 ↔ 惰行,惰行,73.9,-16.6,68.5,75.0,70.8,70.8,,704.5,50.0,135.98,568.53,4.0,-0.373,1.983,45m先で勾配が+4.0‰から+27.0‰に変わる,354m先でATC現示が75km/hから70km/hに低下する,0.0,0.0,1,50.0,先行列車なし,0,,0,0,0,後続列車なし,該当なし,該当なし,0,0,0,30,240,,,
36.0,sawtooth_s1_3s,1,1.333854,現示低下点への接近フェーズ（500m以内に現示の低下あり）,力行,0.0,惰行,3.0,2.37,56.92,75.0,75.0,75.0,73.5,72.0,68.2,勾配力行 ↔ 惰行,惰行,73.5,-16.6,68.5,75.0,75.0,75.0,,688.6,49.0,130.81,557.84,4.0,-0.371,2.0,30m先で勾配が+4.0‰から+27.0‰に変わる,338m先でATC現示が75km/hから70km/hに低下する,0.0,0.0,1,49.0,先行列車なし,0,,0,0,0,後続列車なし,該当なし,該当なし,0,0,0,30,240,,,
37.0,sawtooth_s1_3s,1,1.349942,現示低下点への接近フェーズ（500m以内に現示の低下あり）,力行,1.0,惰行,3.0,2.29,58.88,75.0,75.0,75.0,73.2,72.1,67.4,勾配力行 ↔ 惰行,勾配力行,73.2,-14.3,68.5,75.0,75.0,75.0,,672.6,48.0,135.71,536.85,4.0,-0.379,1.913,15m先で勾配が+4.0‰から+27.0‰に変わる,322m先でATC現示が75km/hから70km/hに低下する,0.0,0.0,1,48.0,先行列車なし,0,,0,0,0,後続列車なし,該当なし,該当なし,0,0,0,30,240,,,
38.0,sawtooth_s1_3s,1,1.366553,現示低下点への接近フェーズ（500m以内に現示の低下あり）,力行,2.0,惰行,3.0,2.23,60.53,75.0,75.0,75.0,72.6,73.0,67.0,勾配力行 ↔ 惰行,勾配力行,72.6,-12.1,69.3,75.0,75.0,75.0,,655.9,47.0,140.19,515.76,27.0,-1.198,1.032,125m先で勾配が+27.0‰から+28.0‰に変わる,305m先でATC現示が75km/hから70km/hに低下する,0.0,0.0,1,47.0,先行列車なし,0,,0,0,0,後続列車なし,該当なし,該当なし,0,0,0,30,240,,,
39.0,sawtooth_s1_3s,1,1.383511,現示低下点への接近フェーズ（500m以内に現示の低下あり）,惰行,0.0,力行,3.0,2.19,61.54,75.0,75.0,75.0,71.6,73.0,67.0,勾配力行 ↔ 惰行,勾配力行,71.6,-10.0,70.0,75.0,75.0,75.0,,639.0,46.0,144.62,494.37,27.0,-1.202,0.991,105m先で勾配が+27.0‰から+28.0‰に変わる,288m先でATC現示が75km/hから70km/hに低下する,0.0,0.0,1,46.0,先行列車なし,0,,0,0,0,後続列車なし,該当なし,該当なし,0,0,0,30,240,,,
40.0,sawtooth_s1_3s,1,1.400438,現示低下点への接近フェーズ（500m以内に現示の低下あり）,惰行,1.0,力行,3.0,2.24,60.35,75.0,75.0,75.0,70.5,73.0,67.0,勾配力行 ↔ 惰行,勾配力行,70.5,-10.2,70.0,75.0,75.0,75.0,,622.1,45.0,139.02,483.05,27.0,-1.197,1.039,90m先で勾配が+27.0‰から+28.0‰に変わる,271m先でATC現示が75km/hから70km/hに低下する,0.0,0.0,1,45.0,先行列車なし,0,,0,0,0,後続列車なし,該当なし,該当なし,0,0,0,30,240,,,
41.0,sawtooth_s1_3s,1,1.417033,現示低下点への接近フェーズ（500m以内に現示の低下あり）,惰行,2.0,力行,3.0,2.28,59.15,75.0,75.0,75.0,69.5,73.0,67.0,勾配力行 ↔ 惰行,勾配力行,69.5,-10.3,70.8,75.0,75.0,75.0,,605.5,44.0,133.49,471.97,27.0,-1.192,1.09,75m先で勾配が+27.0‰から+28.0‰に変わる,255m先でATC現示が75km/hから70km/hに低下する,0.0,0.0,1,44.0,先行列車なし,0,,0,0,0,後続列車なし,該当なし,該当なし,0,0,0,30,240,,,
42.0,sawtooth_s1_3s,1,1.433297,現示低下点への接近フェーズ（500m以内に現示の低下あり）,力行,0.0,惰行,3.0,2.33,57.96,75.0,75.0,75.0,68.4,73.0,67.1,勾配力行 ↔ 惰行,勾配力行,68.4,-10.4,72.9,75.0,75.0,75.0,,589.2,43.0,127.97,461.24,27.0,-1.187,1.141,55m先で勾配が+27.0‰から+28.0‰に変わる,239m先でATC現示が75km/hから70km/hに低下する,0.0,0.0,1,43.0,先行列車なし,0,,0,0,0,後続列車なし,該当なし,該当なし,0,0,0,30,240,,,
43.0,sawtooth_s1_3s,1,1.449556,現示低下点への接近フェーズ（500m以内に現示の低下あり）,力行,1.0,惰行,3.0,2.28,59.08,75.0,75.0,75.0,68.0,73.0,67.0,勾配力行 ↔ 惰行,勾配力行,68.0,-8.9,72.9,75.0,75.0,75.0,,572.9,42.0,132.34,440.61,27.0,-1.191,1.093,40m先で勾配が+27.0‰から+28.0‰に変わる,222m先でATC現示が75km/hから70km/hに低下する,0.0,0.0,1,42.0,先行列車なし,0,,0,0,0,後続列車なし,該当なし,該当なし,0,0,0,30,240,,,
44.0,sawtooth_s1_3s,1,1.466117,現示低下点への接近フェーズ（500m以内に現示の低下あり）,力行,2.0,惰行,3.0,2.24,60.15,75.0,75.0,75.0,67.4,73.0,66.9,勾配力行 ↔ 惰行,勾配力行,67.4,-7.3,74.4,75.0,75.0,75.0,,556.4,41.0,136.59,419.79,27.0,-1.196,1.048,25m先で勾配が+27.0‰から+28.0‰に変わる,206m先でATC現示が75km/hから70km/hに低下する,0.0,0.0,1,41.0,先行列車なし,0,,0,0,0,後続列車なし,該当なし,該当なし,0,0,0,30,240,,,
45.0,sawtooth_s1_3s,1,1.48297,現示低下点への接近フェーズ（500m以内に現示の低下あり）,力行,3.0,惰行,3.0,2.21,61.18,75.0,75.0,75.0,66.3,73.0,66.8,勾配力行 ↔ 惰行,勾配力行,66.3,-5.1,75.0,75.0,75.0,75.0,,539.5,40.0,140.72,398.81,27.0,-1.2,1.006,5m先で勾配が+27.0‰から+28.0‰に変わる,189m先でATC現示が75km/hから70km/hに低下する,0.0,0.0,1,40.0,先行列車なし,0,,0,0,0,後続列車なし,該当なし,該当なし,0,0,0,30,240,,,
46.0,sawtooth_s1_3s,1,1.499799,現示低下点への接近フェーズ（500m以内に現示の低下あり）,惰行,1.0,力行,3.0,2.25,59.97,75.0,75.0,75.0,65.2,73.0,66.8,勾配力行 ↔ 惰行,勾配力行,65.2,-5.2,75.0,75.0,75.0,75.0,,522.7,39.0,135.08,387.62,28.0,-1.231,1.02,50m先で勾配が+28.0‰から+29.7‰に変わる,172m先でATC現示が75km/hから70km/hに低下する,0.0,0.0,1,39.0,先行列車なし,0,,0,0,0,後続列車なし,該当なし,該当なし,0,0,0,30,240,,,
47.0,sawtooth_s1_3s,1,1.516286,現示低下点への接近フェーズ（500m以内に現示の低下あり）,惰行,2.0,力行,3.0,2.3,58.75,75.0,75.0,75.0,64.0,73.0,66.8,勾配力行 ↔ 惰行,勾配力行,64.0,-5.3,75.0,75.0,75.0,75.0,,506.2,38.0,129.47,376.74,28.0,-1.225,1.072,35m先で勾配が+28.0‰から+29.7‰に変わる,156m先でATC現示が75km/hから70km/hに低下する,0.0,0.0,1,38.0,先行列車なし,0,,0,0,0,後続列車なし,該当なし,該当なし,0,0,0,30,240,,,
48.0,sawtooth_s1_3s,1,1.532432,現示低下点への接近フェーズ（500m以内に現示の低下あり）,惰行,3.0,力行,3.0,2.35,57.52,75.0,75.0,75.0,62.9,73.0,66.7,勾配力行 ↔ 惰行,勾配力行,62.9,-5.3,75.0,75.0,75.0,75.0,,490.1,37.0,123.99,366.07,28.0,-1.22,1.126,20m先で勾配が+28.0‰から+29.7‰に変わる,139m先でATC現示が75km/hから70km/hに低下する,0.0,0.0,1,37.0,先行列車なし,0,,0,0,0,後続列車なし,該当なし,該当なし,0,0,0,30,240,,,
49.0,sawtooth_s1_3s,1,1.54856,現示低下点への接近フェーズ（500m以内に現示の低下あり）,力行,1.0,惰行,3.0,2.3,58.6,75.0,75.0,75.0,61.7,73.0,66.6,勾配力行 ↔ 惰行,勾配力行,61.7,-3.1,75.0,75.0,75.0,75.0,,473.9,36.0,128.33,345.61,29.7,-1.285,1.018,165m先で勾配が+29.7‰から+3.0‰に変わる,123m先でATC現示が75km/hから70km/hに低下する,0.0,0.0,1,36.0,先行列車なし,0,,0,0,0,後続列車なし,該当なし,該当なし,0,0,0,30,240,,,
50.0,sawtooth_s1_3s,1,1.564978,現示低下点への接近フェーズ（500m以内に現示の低下あり）,力行,2.0,惰行,3.0,2.26,59.59,75.0,75.0,75.0,60.5,73.0,66.6,勾配力行 ↔ 惰行,勾配力行,60.5,-0.9,75.0,75.0,75.0,75.0,,457.5,35.0,132.65,324.87,29.7,-1.289,0.975,150m先で勾配が+29.7‰から+3.0‰に変わる,107m先でATC現示が75km/hから70km/hに低下する,0.0,0.0,1,35.0,先行列車なし,0,,0,0,0,後続列車なし,該当なし,該当なし,0,0,0,30,240,,,
51.0,sawtooth_s1_3s,1,1.581667,現示低下点への接近フェーズ（500m以内に現示の低下あり）,力行,3.0,惰行,3.0,2.23,60.55,75.0,75.0,75.0,59.2,73.0,66.5,勾配力行 ↔ 惰行,勾配力行,59.2,1.4,75.0,75.0,75.0,75.0,,440.8,34.0,139.49,301.34,29.7,-1.293,0.936,130m先で勾配が+29.7‰から+3.0‰に変わる,90m先でATC現示が75km/hから70km/hに低下する,0.0,0.0,1,34.0,先行列車なし,0,,0,0,0,後続列車なし,該当なし,該当なし,0,0,0,30,240,,,
52.0,sawtooth_s1_3s,1,1.598312,現示低下点への接近フェーズ（500m以内に現示の低下あり）,惰行,1.0,力行,3.0,2.28,59.28,75.0,75.0,75.0,57.8,73.0,66.6,勾配力行 ↔ 惰行,勾配力行,57.8,1.4,75.0,75.0,75.0,75.0,,424.2,33.0,137.73,286.46,29.7,-1.288,0.989,115m先で勾配が+29.7‰から+3.0‰に変わる,73m先でATC現示が75km/hから70km/hに低下する,0.0,0.0,1,33.0,先行列車なし,0,,0,0,0,後続列車なし,該当なし,該当なし,0,0,0,30,240,,,
53.0,sawtooth_s1_3s,1,1.614599,現示低下点への接近フェーズ（500m以内に現示の低下あり）,惰行,2.0,力行,3.0,2.33,58.0,75.0,75.0,75.0,56.5,73.0,66.6,勾配力行 ↔ 惰行,勾配力行,56.5,1.5,75.0,75.0,75.0,75.0,,407.9,32.0,135.91,271.99,29.7,-1.282,1.045,100m先で勾配が+29.7‰から+3.0‰に変わる,57m先でATC現示が75km/hから70km/hに低下する,0.0,0.0,1,32.0,先行列車なし,0,,0,0,0,後続列車なし,該当なし,該当なし,0,0,0,30,240,,,
54.0,sawtooth_s1_3s,1,1.630529,次駅への減速フェーズ（駅手前400m以内）,惰行,3.0,力行,3.0,2.38,56.72,75.0,75.0,75.0,55.2,73.0,66.6,勾配力行 ↔ 惰行,勾配力行,55.2,1.5,,75.0,75.0,75.0,,392.0,31.0,134.19,257.78,29.7,-1.277,1.102,85m先で勾配が+29.7‰から+3.0‰に変わる,41m先でATC現示が75km/hから70km/hに低下する,0.0,0.0,1,31.0,先行列車なし,0,,0,0,0,後続列車なし,該当なし,該当なし,0,0,0,30,240,,,
55.0,sawtooth_s1_3s,1,1.64643,次駅への減速フェーズ（駅手前400m以内）,力行,1.0,惰行,3.0,2.34,57.77,75.0,75.0,75.0,53.9,73.0,66.6,勾配力行 ↔ 惰行,勾配力行,53.9,3.9,,75.0,75.0,75.0,,376.1,30.0,145.39,230.68,29.7,-1.281,1.055,65m先で勾配が+29.7‰から+3.0‰に変わる,25m先でATC現示が75km/hから70km/hに低下する,0.0,0.0,1,30.0,先行列車なし,0,,0,0,0,後続列車なし,該当なし,該当なし,0,0,0,30,240,,,
56.0,sawtooth_s1_3s,1,1.662624,次駅への減速フェーズ（駅手前400m以内）,力行,2.0,惰行,3.0,2.29,58.8,75.0,75.0,71.9,52.5,69.9,63.4,勾配力行 ↔ 惰行,勾配力行,52.5,6.3,,75.0,71.9,71.9,,359.9,29.0,156.89,202.98,29.7,-1.286,1.009,50m先で勾配が+29.7‰から+3.0‰に変わる,9m先でATC現示が75km/hから70km/hに低下する,0.0,0.0,1,29.0,先行列車なし,0,,0,0,0,後続列車なし,該当なし,該当なし,0,0,0,30,240,,,
57.0,sawtooth_s1_3s,1,1.679098,次駅への減速フェーズ（駅手前400m以内）,力行,3.0,惰行,3.0,2.26,59.79,70.0,70.0,70.0,51.1,68.0,63.0,勾配力行 ↔ 惰行,勾配力行,51.1,8.7,,75.0,70.0,70.0,,343.4,28.0,168.21,175.19,29.7,-1.29,0.967,35m先で勾配が+29.7‰から+3.0‰に変わる,683m先でATC現示が70km/hから55km/hに低下する,0.0,0.0,1,28.0,先行列車なし,0,,0,0,0,後続列車なし,該当なし,該当なし,0,0,0,30,240,,,
58.0,sawtooth_s1_3s,1,1.695533,次駅への減速フェーズ（駅手前400m以内）,惰行,1.0,力行,3.0,2.31,58.53,70.0,70.0,70.0,49.6,68.0,64.2,勾配力行 ↔ 惰行,惰行,49.6,8.9,,75.0,70.0,70.0,,327.0,27.0,166.32,160.64,29.7,-1.284,1.021,20m先で勾配が+29.7‰から+3.0‰に変わる,666m先でATC現示が70km/hから55km/hに低下する,0.0,0.0,1,27.0,先行列車なし,0,,0,0,0,後続列車なし,該当なし,該当なし,0,0,0,30,240,,,
59.0,sawtooth_s1_3s,1,1.711611,次駅への減速フェーズ（駅手前400m以内）,惰行,2.0,力行,3.0,2.36,57.28,70.0,70.0,70.0,48.2,67.0,61.3,勾配力行 ↔ 惰行,惰行,48.2,9.1,,75.0,70.0,70.0,,310.9,26.0,164.47,146.42,3.0,-0.337,2.018,当面+3.0‰が続く,650m先でATC現示が70km/hから55km/hに低下する,0.0,0.0,1,26.0,先行列車なし,0,,0,0,0,後続列車なし,該当なし,該当なし,0,0,0,30,240,,,
60.0,sawtooth_s1_3s,1,1.727476,次駅への減速フェーズ（駅手前400m以内）,惰行,3.0,力行,3.0,2.37,56.95,70.0,70.0,70.0,47.8,66.9,61.3,勾配力行 ↔ 惰行,惰行,47.8,9.1,,75.0,70.0,70.0,,295.0,25.0,162.59,132.44,3.0,-0.336,2.034,当面+3.0‰が続く,634m先でATC現示が70km/hから55km/hに低下する,0.0,0.0,1,25.0,先行列車なし,0,,0,0,0,後続列車なし,該当なし,該当なし,0,0,0,30,240,,,
61.0,sawtooth_s1_3s,1,1.743569,次駅への減速フェーズ（駅手前400m以内）,力行,1.0,惰行,3.0,2.29,58.91,70.0,70.0,70.0,47.4,67.1,61.4,勾配力行 ↔ 惰行,惰行,47.4,11.5,,75.0,70.0,70.0,,278.9,24.0,173.73,105.2,3.0,-0.344,1.947,当面+3.0‰が続く,618m先でATC現示が70km/hから55km/hに低下する,0.0,0.0,1,24.0,先行列車なし,0,,0,0,0,後続列車なし,該当なし,該当なし,0,0,0,30,240,,,
62.0,sawtooth_s1_3s,1,1.760204,次駅への減速フェーズ（駅手前400m以内）,力行,2.0,惰行,3.0,2.22,60.82,70.0,70.0,70.0,47.1,67.2,61.6,勾配力行 ↔ 惰行,惰行,47.1,13.8,,75.0,70.0,70.0,,262.3,23.0,184.86,77.44,3.0,-0.352,1.867,当面+3.0‰が続く,602m先でATC現示が70km/hから55km/hに低下する,0.0,0.0,1,23.0,先行列車なし,0,,0,0,0,後続列車なし,該当なし,該当なし,0,0,0,30,240,,,
63.0,sawtooth_s1_3s,1,1.777357,次駅への減速フェーズ（駅手前400m以内）,力行,3.0,惰行,3.0,2.15,62.65,70.0,70.0,70.0,46.7,67.3,61.7,勾配力行 ↔ 惰行,惰行,46.7,16.0,,75.0,70.0,70.0,,245.1,22.0,195.85,49.29,3.0,-0.36,1.794,当面+3.0‰が続く,584m先でATC現示が70km/hから55km/hに低下する,0.0,0.0,1,22.0,先行列車なし,0,,0,0,0,後続列車なし,該当なし,該当なし,0,0,0,30,240,,,
64.0,sawtooth_s1_3s,1,1.794715,次駅への減速フェーズ（駅手前400m以内）,惰行,1.0,力行,3.0,2.17,62.31,70.0,70.0,70.0,46.3,67.3,61.6,勾配力行 ↔ 惰行,惰行,46.3,16.0,,75.0,70.0,70.0,,227.8,21.0,193.8,33.99,3.0,-0.359,1.807,当面+3.0‰が続く,567m先でATC現示が70km/hから55km/hに低下する,0.0,0.0,1,21.0,先行列車なし,0,,0,0,0,後続列車なし,該当なし,該当なし,0,0,0,30,240,,,
65.0,sawtooth_s1_3s,1,1.811974,次駅への減速フェーズ（駅手前400m以内）,惰行,2.0,力行,3.0,2.18,61.95,70.0,70.0,70.0,45.9,67.3,61.6,勾配力行 ↔ 惰行,惰行,45.9,16.1,,75.0,70.0,70.0,,210.5,20.0,191.64,18.89,3.0,-0.357,1.821,当面+3.0‰が続く,550m先でATC現示が70km/hから55km/hに低下する,0.0,0.0,1,20.0,先行列車なし,0,,0,0,0,後続列車なし,該当なし,該当なし,0,0,0,30,240,,,
66.0,sawtooth_s1_3s,1,1.829134,次駅への減速フェーズ（駅手前400m以内）,惰行,3.0,力行,3.0,2.19,61.6,70.0,70.0,70.0,45.5,67.2,61.6,勾配力行 ↔ 惰行,惰行,45.5,16.1,,75.0,70.0,70.0,,193.4,19.0,189.5,3.87,3.0,-0.356,1.835,当面+3.0‰が続く,533m先でATC現示が70km/hから55km/hに低下する,0.0,0.0,1,19.0,先行列車なし,0,,0,0,0,後続列車なし,該当なし,該当なし,0,0,0,30,240,,,
67.0,sawtooth_s1_3s,1,1.846019,次駅への減速フェーズ（駅手前400m以内）,制動,0.9,力行,0.1,4.77,59.43,70.0,70.0,70.0,45.1,67.1,61.5,勾配力行 ↔ 惰行,惰行,45.1,14.3,,75.0,70.0,70.0,,176.5,18.0,176.7,-0.22,3.0,-0.346,1.925,当面+3.0‰が続く,516m先でATC現示が70km/hから55km/hに低下する,0.0,0.0,1,18.0,先行列車なし,0,,0,0,0,後続列車なし,該当なし,該当なし,0,0,0,30,240,,,
68.0,sawtooth_s1_3s,1,1.862128,次駅への減速フェーズ（駅手前400m以内）,制動,1.9,力行,0.1,4.88,56.59,70.0,70.0,70.0,44.7,66.9,61.3,勾配力行 ↔ 惰行,惰行,44.7,11.9,,75.0,70.0,70.0,,160.4,17.0,160.58,-0.21,3.0,-0.334,2.05,当面+3.0‰が続く,500m先でATC現示が70km/hから55km/hに低下する,0.0,0.0,1,17.0,先行列車なし,0,,0,0,0,後続列車なし,該当なし,該当なし,0,0,0,30,240,,,
69.0,sawtooth_s1_3s,1,1.87745,次駅への減速フェーズ（駅手前400m以内）,制動,2.9,力行,0.1,5.01,53.76,70.0,70.0,70.0,44.4,66.7,61.1,勾配力行 ↔ 惰行,惰行,44.4,9.4,,75.0,70.0,70.0,,145.1,16.0,145.26,-0.21,3.0,-0.323,2.187,当面+3.0‰が続く,484m先でATC現示が70km/hから55km/hに低下する,0.0,0.0,1,16.0,先行列車なし,0,,0,0,0,後続列車なし,該当なし,該当なし,0,0,0,30,240,,,
69.5,sawtooth_s1_3s,1,1.884816,次駅への減速フェーズ（駅手前400m以内）,制動,3.4,力行,0.1,5.08,52.35,70.0,70.0,70.0,44.2,66.6,61.0,勾配力行 ↔ 惰行,惰行,44.2,8.2,,75.0,70.0,70.0,,137.7,15.5,137.89,-0.2,3.0,-0.318,2.26,当面+3.0‰が続く,477m先でATC現示が70km/hから55km/hに低下する,0.0,0.0,1,15.5,先行列車なし,0,,0,0,0,後続列車なし,該当なし,該当なし,0,0,0,30,240,,,
70.0,sawtooth_s1_3s,1,1.891987,次駅への減速フェーズ（駅手前400m以内）,制動,3.9,力行,0.1,5.15,50.94,70.0,70.0,70.0,44.0,66.5,60.8,勾配力行 ↔ 惰行,惰行,44.0,6.9,,75.0,70.0,70.0,,130.5,15.0,130.72,-0.2,3.0,-0.312,2.337,当面+3.0‰が続く,470m先でATC現示が70km/hから55km/hに低下する,0.0,0.0,1,15.0,先行列車なし,0,,0,0,0,後続列車なし,該当なし,該当なし,0,0,0,30,240,,,
70.5,sawtooth_s1_3s,1,1.898963,次駅への減速フェーズ（駅手前400m以内）,制動,4.4,力行,0.1,5.22,49.54,70.0,70.0,70.0,43.9,66.4,60.7,勾配力行 ↔ 惰行,惰行,43.9,5.7,,75.0,70.0,70.0,,123.5,14.5,123.74,-0.2,3.0,-0.307,2.417,当面+3.0‰が続く,463m先でATC現示が70km/hから55km/hに低下する,0.0,0.0,1,14.5,先行列車なし,0,,0,0,0,後続列車なし,該当なし,該当なし,0,0,0,30,240,,,
71.0,sawtooth_s1_3s,1,1.905743,次駅への減速フェーズ（駅手前400m以内）,制動,4.9,力行,0.1,5.3,48.13,70.0,70.0,70.0,43.7,66.2,60.6,勾配力行 ↔ 惰行,惰行,43.7,4.4,,75.0,70.0,70.0,,116.8,14.0,116.95,-0.2,3.0,-0.302,2.502,当面+3.0‰が続く,456m先でATC現示が70km/hから55km/hに低下する,0.0,0.0,1,14.0,先行列車なし,0,,0,0,0,後続列車なし,該当なし,該当なし,0,0,0,30,240,,,
71.5,sawtooth_s1_3s,1,1.91233,次駅への減速フェーズ（駅手前400m以内）,制動,5.4,力行,0.1,5.39,46.73,70.0,70.0,70.0,43.5,66.1,60.5,勾配力行 ↔ 惰行,惰行,43.5,3.2,,75.0,70.0,70.0,,110.2,13.5,110.37,-0.2,3.0,-0.297,2.591,当面+3.0‰が続く,449m先でATC現示が70km/hから55km/hに低下する,0.0,0.0,1,13.5,先行列車なし,0,,0,0,0,後続列車なし,該当なし,該当なし,0,0,0,30,240,,,
72.0,sawtooth_s1_3s,1,1.918721,次駅への減速フェーズ（駅手前400m以内）,制動,5.9,力行,0.1,5.48,45.34,70.0,70.0,70.0,43.4,66.0,60.3,勾配力行 ↔ 惰行,惰行,43.4,1.9,,75.0,70.0,70.0,,103.8,13.0,103.97,-0.19,3.0,-0.292,2.685,当面+3.0‰が続く,443m先でATC現示が70km/hから55km/hに低下する,0.0,0.0,1,13.0,先行列車なし,0,,0,0,0,後続列車なし,該当なし,該当なし,0,0,0,30,240,,,
72.5,sawtooth_s1_3s,1,1.924919,次駅への減速フェーズ（駅手前400m以内）,制動,6.4,力行,0.1,5.57,43.94,70.0,70.0,70.0,43.2,65.8,60.2,勾配力行 ↔ 惰行,惰行,43.2,0.7,,75.0,70.0,70.0,,97.6,12.5,97.77,-0.19,3.0,-0.287,2.784,当面+3.0‰が続く,437m先でATC現示が70km/hから55km/hに低下する,0.0,0.0,1,12.5,先行列車なし,0,,0,0,0,後続列車なし,該当なし,該当なし,0,0,0,30,240,,,
73.0,sawtooth_s1_3s,1,1.930924,次駅への減速フェーズ（駅手前400m以内）,制動,6.9,力行,0.1,5.67,42.55,70.0,70.0,70.0,42.5,65.7,60.0,勾配力行 ↔ 惰行,惰行,42.5,0.0,,75.0,70.0,70.0,,91.6,12.0,91.77,-0.19,3.0,-0.282,2.89,当面+3.0‰が続く,431m先でATC現示が70km/hから55km/hに低下する,0.0,0.0,1,12.0,先行列車なし,0,,0,0,0,後続列車なし,該当なし,該当なし,0,0,0,30,240,,,
73.5,sawtooth_s1_3s,1,1.936735,次駅への減速フェーズ（駅手前400m以内）,制動,7.4,力行,0.1,5.78,41.16,70.0,70.0,70.0,41.2,65.5,59.9,勾配力行 ↔ 惰行,惰行,41.2,0.0,,75.0,70.0,70.0,,85.8,11.5,85.95,-0.19,3.0,-0.277,3.001,当面+3.0‰が続く,425m先でATC現示が70km/hから55km/hに低下する,0.0,0.0,1,11.5,先行列車なし,0,,0,0,0,後続列車なし,該当なし,該当なし,0,0,0,30,240,,,
74.0,sawtooth_s1_3s,1,1.942354,次駅への減速フェーズ（駅手前400m以内）,制動,7.9,力行,0.1,5.87,39.77,70.0,70.0,70.0,39.8,65.3,59.7,勾配力行 ↔ 惰行,惰行,39.8,0.0,,75.0,70.0,70.0,,80.1,11.0,80.33,-0.19,3.0,-0.272,3.101,当面+3.0‰が続く,419m先でATC現示が70km/hから55km/hに低下する,0.0,0.0,1,11.0,先行列車なし,0,,0,0,0,後続列車なし,該当なし,該当なし,0,0,0,30,240,,,
74.5,sawtooth_s1_3s,1,1.94778,次駅への減速フェーズ（駅手前400m以内）,制動,8.4,力行,0.1,5.87,38.39,70.0,70.0,70.0,38.4,65.3,59.7,勾配力行 ↔ 惰行,惰行,38.4,0.0,,75.0,70.0,70.0,,74.7,10.5,74.9,-0.18,3.0,-0.268,3.106,当面+3.0‰が続く,414m先でATC現示が70km/hから55km/hに低下する,0.0,0.0,1,10.5,先行列車なし,0,,0,0,0,後続列車なし,該当なし,該当なし,0,0,0,30,240,,,
75.0,sawtooth_s1_3s,1,1.953013,次駅への減速フェーズ（駅手前400m以内）,制動,8.9,力行,0.1,5.87,37.01,70.0,70.0,70.0,37.0,65.3,59.7,勾配力行 ↔ 惰行,惰行,37.0,0.0,,75.0,70.0,70.0,,69.5,10.0,69.67,-0.18,3.0,-0.264,3.11,当面+3.0‰が続く,409m先でATC現示が70km/hから55km/hに低下する,0.0,0.0,1,10.0,先行列車なし,0,,0,0,0,後続列車なし,該当なし,該当なし,0,0,0,30,240,,,
75.5,sawtooth_s1_3s,1,1.958055,次駅への減速フェーズ（駅手前400m以内）,制動,9.4,力行,0.1,5.87,35.62,70.0,70.0,70.0,35.6,65.3,59.7,勾配力行 ↔ 惰行,惰行,35.6,0.0,,75.0,70.0,70.0,,64.4,9.5,64.62,-0.18,3.0,-0.259,3.114,当面+3.0‰が続く,404m先でATC現示が70km/hから55km/hに低下する,0.0,0.0,1,9.5,先行列車なし,0,,0,0,0,後続列車なし,該当なし,該当なし,0,0,0,30,240,,,
76.0,sawtooth_s1_3s,1,1.962905,次駅への減速フェーズ（駅手前400m以内）,制動,9.9,力行,0.1,5.87,34.25,70.0,70.0,70.0,34.2,65.3,59.7,勾配力行 ↔ 惰行,惰行,34.2,0.0,,75.0,70.0,70.0,,59.6,9.0,59.77,-0.18,3.0,-0.255,3.119,当面+3.0‰が続く,399m先でATC現示が70km/hから55km/hに低下する,0.0,0.0,1,9.0,先行列車なし,0,,0,0,0,後続列車なし,該当なし,該当なし,0,0,0,30,240,,,
76.5,sawtooth_s1_3s,1,1.967564,次駅への減速フェーズ（駅手前400m以内）,制動,10.4,力行,0.1,5.87,32.87,70.0,70.0,70.0,32.9,65.3,59.7,勾配力行 ↔ 惰行,惰行,32.9,0.0,,75.0,70.0,70.0,,54.9,8.5,55.11,-0.18,3.0,-0.251,3.123,当面+3.0‰が続く,394m先でATC現示が70km/hから55km/hに低下する,0.0,0.0,1,8.5,先行列車なし,0,,0,0,0,後続列車なし,該当なし,該当なし,0,0,0,30,240,,,
77.0,sawtooth_s1_3s,1,1.972032,次駅への減速フェーズ（駅手前400m以内）,制動,10.9,力行,0.1,5.87,31.49,70.0,70.0,70.0,31.5,65.3,59.7,勾配力行 ↔ 惰行,惰行,31.5,0.0,,75.0,70.0,70.0,,50.5,8.0,50.64,-0.17,3.0,-0.247,3.127,当面+3.0‰が続く,390m先でATC現示が70km/hから55km/hに低下する,0.0,0.0,1,8.0,先行列車なし,0,,0,0,0,後続列車なし,該当なし,該当なし,0,0,0,30,240,,,
77.5,sawtooth_s1_3s,1,1.976309,次駅への減速フェーズ（駅手前400m以内）,制動,11.4,力行,0.1,5.87,30.12,70.0,70.0,70.0,30.1,65.3,59.7,勾配力行 ↔ 惰行,惰行,30.1,0.0,,75.0,70.0,70.0,,46.2,7.5,46.36,-0.17,3.0,-0.243,3.131,当面+3.0‰が続く,385m先でATC現示が70km/hから55km/hに低下する,0.0,0.0,1,7.5,先行列車なし,0,,0,0,0,後続列車なし,該当なし,該当なし,0,0,0,30,240,,,
78.0,sawtooth_s1_3s,1,1.980396,次駅への減速フェーズ（駅手前400m以内）,制動,11.9,力行,0.1,5.87,28.75,70.0,70.0,70.0,28.7,65.3,59.7,勾配力行 ↔ 惰行,惰行,28.7,0.0,,75.0,70.0,70.0,,42.1,7.0,42.27,-0.17,3.0,-0.239,3.135,当面+3.0‰が続く,381m先でATC現示が70km/hから55km/hに低下する,0.0,0.0,1,7.0,先行列車なし,0,,0,0,0,後続列車なし,該当なし,該当なし,0,0,0,30,240,,,
78.5,sawtooth_s1_3s,1,1.984292,次駅への減速フェーズ（駅手前400m以内）,制動,12.4,力行,0.1,5.87,27.38,70.0,70.0,70.0,27.4,65.3,59.8,勾配力行 ↔ 惰行,惰行,27.4,0.0,,75.0,70.0,70.0,,38.2,6.5,38.38,-0.17,3.0,-0.235,3.138,当面+3.0‰が続く,378m先でATC現示が70km/hから55km/hに低下する,0.0,0.0,1,6.5,先行列車なし,0,,0,0,0,後続列車なし,該当なし,該当なし,0,0,0,30,240,,,
79.0,sawtooth_s1_3s,1,1.987998,次駅への減速フェーズ（駅手前400m以内）,制動,12.9,力行,0.1,5.87,26.02,70.0,70.0,70.0,26.0,65.3,59.9,勾配力行 ↔ 惰行,惰行,26.0,0.0,,75.0,70.0,70.0,,34.5,6.0,34.67,-0.17,3.0,-0.232,3.142,当面+3.0‰が続く,374m先でATC現示が70km/hから55km/hに低下する,0.0,0.0,1,6.0,先行列車なし,0,,0,0,0,後続列車なし,該当なし,該当なし,0,0,0,30,240,,,
79.5,sawtooth_s1_3s,1,1.991515,次駅への減速フェーズ（駅手前400m以内）,制動,13.4,力行,0.1,5.87,24.65,70.0,70.0,70.0,24.6,65.3,59.8,勾配力行 ↔ 惰行,惰行,24.6,0.0,,75.0,70.0,70.0,,31.0,5.5,31.15,-0.16,3.0,-0.228,3.145,当面+3.0‰が続く,370m先でATC現示が70km/hから55km/hに低下する,0.0,0.0,1,5.5,先行列車なし,0,,0,0,0,後続列車なし,該当なし,該当なし,0,0,0,30,240,,,
80.0,sawtooth_s1_3s,1,1.994842,次駅への減速フェーズ（駅手前400m以内）,制動,13.9,力行,0.1,5.87,23.29,70.0,70.0,70.0,23.3,65.3,59.9,勾配力行 ↔ 惰行,惰行,23.3,0.0,,75.0,70.0,70.0,,27.7,5.0,27.82,-0.16,3.0,-0.225,3.149,当面+3.0‰が続く,367m先でATC現示が70km/hから55km/hに低下する,0.0,0.0,1,5.0,先行列車なし,0,,0,0,0,後続列車なし,該当なし,該当なし,0,0,0,30,240,,,
80.5,sawtooth_s1_3s,1,1.99798,次駅への減速フェーズ（駅手前400m以内）,制動,14.4,力行,0.1,5.87,21.93,70.0,70.0,70.0,21.9,65.3,60.1,勾配力行 ↔ 惰行,惰行,21.9,0.0,,75.0,70.0,70.0,,24.5,4.5,24.68,-0.16,3.0,-0.221,3.152,当面+3.0‰が続く,364m先でATC現示が70km/hから55km/hに低下する,0.0,0.0,1,4.5,先行列車なし,0,,0,0,0,後続列車なし,該当なし,該当なし,0,0,0,30,240,,,
81.0,sawtooth_s1_3s,1,2.000929,次駅への減速フェーズ（駅手前400m以内）,制動,14.9,力行,0.1,5.87,20.57,70.0,70.0,70.0,20.6,65.3,60.0,勾配力行 ↔ 惰行,惰行,20.6,0.0,,75.0,70.0,70.0,,21.6,4.0,21.73,-0.16,3.0,-0.218,3.155,当面+3.0‰が続く,361m先でATC現示が70km/hから55km/hに低下する,0.0,0.0,1,4.0,先行列車なし,0,,0,0,0,後続列車なし,該当なし,該当なし,0,0,0,30,240,,,
81.5,sawtooth_s1_3s,1,2.003689,次駅への減速フェーズ（駅手前400m以内）,制動,15.4,力行,0.1,5.87,19.21,70.0,70.0,70.0,19.2,65.3,60.1,勾配力行 ↔ 惰行,惰行,19.2,0.0,,75.0,70.0,70.0,,18.8,3.5,18.97,-0.16,3.0,-0.215,3.159,当面+3.0‰が続く,358m先でATC現示が70km/hから55km/hに低下する,0.0,0.0,1,3.5,先行列車なし,0,,0,0,0,後続列車なし,該当なし,該当なし,0,0,0,30,240,,,
82.0,sawtooth_s1_3s,1,2.006261,次駅への減速フェーズ（駅手前400m以内）,制動,15.9,力行,0.1,5.87,17.85,70.0,70.0,70.0,17.8,65.3,60.1,勾配力行 ↔ 惰行,惰行,17.8,0.0,,75.0,70.0,70.0,,16.2,3.0,16.39,-0.15,3.0,-0.212,3.162,当面+3.0‰が続く,356m先でATC現示が70km/hから55km/hに低下する,0.0,0.0,1,3.0,先行列車なし,0,,0,0,0,後続列車なし,該当なし,該当なし,0,0,0,30,240,,,
82.5,sawtooth_s1_3s,1,2.008644,次駅への減速フェーズ（駅手前400m以内）,制動,16.4,力行,0.1,5.87,16.5,70.0,70.0,70.0,16.5,65.3,60.2,勾配力行 ↔ 惰行,惰行,16.5,0.0,,75.0,70.0,70.0,,13.9,2.5,14.01,-0.15,3.0,-0.209,3.165,当面+3.0‰が続く,353m先でATC現示が70km/hから55km/hに低下する,0.0,0.0,1,2.5,先行列車なし,0,,0,0,0,後続列車なし,該当なし,該当なし,0,0,0,30,240,,,
83.0,sawtooth_s1_3s,1,2.01084,次駅への減速フェーズ（駅手前400m以内）,制動,16.9,力行,0.1,5.87,15.14,70.0,70.0,70.0,15.1,65.2,60.2,勾配力行 ↔ 惰行,惰行,15.1,0.0,,75.0,70.0,70.0,,11.7,2.0,11.81,-0.15,3.0,-0.206,3.168,当面+3.0‰が続く,351m先でATC現示が70km/hから55km/hに低下する,0.0,0.0,1,2.0,先行列車なし,0,,0,0,0,後続列車なし,該当なし,該当なし,0,0,0,30,240,,,
83.5,sawtooth_s1_3s,1,2.012847,次駅への減速フェーズ（駅手前400m以内）,制動,17.4,力行,0.1,5.87,13.79,70.0,70.0,70.0,13.8,65.2,60.3,勾配力行 ↔ 惰行,惰行,13.8,0.0,,75.0,70.0,70.0,,9.7,1.5,9.8,-0.15,3.0,-0.203,3.17,当面+3.0‰が続く,349m先でATC現示が70km/hから55km/hに低下する,0.0,0.0,1,1.5,先行列車なし,0,,0,0,0,後続列車なし,該当なし,該当なし,0,0,0,30,240,,,
84.0,sawtooth_s1_3s,1,2.014667,次駅への減速フェーズ（駅手前400m以内）,制動,17.9,力行,0.1,5.87,12.44,70.0,70.0,70.0,12.4,65.2,60.3,勾配力行 ↔ 惰行,惰行,12.4,0.0,,75.0,70.0,70.0,,7.8,1.0,7.98,-0.15,3.0,-0.201,3.173,当面+3.0‰が続く,347m先でATC現示が70km/hから55km/hに低下する,0.0,0.0,1,1.0,先行列車なし,0,,0,0,0,後続列車なし,該当なし,該当なし,0,0,0,30,240,,,
84.5,sawtooth_s1_3s,1,2.016299,次駅への減速フェーズ（駅手前400m以内）,制動,18.4,力行,0.1,5.87,11.09,70.0,70.0,70.0,11.1,65.2,60.3,勾配力行 ↔ 惰行,惰行,11.1,0.0,,75.0,70.0,70.0,,6.2,0.5,6.35,-0.15,3.0,-0.198,3.176,当面+3.0‰が続く,346m先でATC現示が70km/hから55km/hに低下する,0.0,0.0,1,0.5,先行列車なし,0,,0,0,0,後続列車なし,該当なし,該当なし,0,0,0,30,240,,,
85.0,sawtooth_s1_3s,1,2.017743,次駅への減速フェーズ（駅手前400m以内）,制動,18.9,力行,0.1,5.87,9.74,70.0,70.0,70.0,9.7,65.2,60.4,勾配力行 ↔ 惰行,惰行,9.7,0.0,,75.0,70.0,70.0,,4.8,0.0,4.9,-0.14,3.0,-0.195,3.178,当面+3.0‰が続く,344m先でATC現示が70km/hから55km/hに低下する,0.0,0.0,1,0.0,先行列車なし,0,,0,0,0,後続列車なし,該当なし,該当なし,0,0,0,30,240,,,
85.5,sawtooth_s1_3s,1,2.019001,次駅への減速フェーズ（駅手前400m以内）,制動,19.4,力行,0.1,5.87,8.39,70.0,70.0,70.0,8.4,65.2,60.4,勾配力行 ↔ 惰行,惰行,8.4,0.0,,75.0,70.0,70.0,,3.5,0.0,3.64,-0.14,3.0,-0.193,3.181,当面+3.0‰が続く,343m先でATC現示が70km/hから55km/hに低下する,0.5,0.5,1,0.0,先行列車なし,0,,0,0,0,後続列車なし,該当なし,該当なし,0,0,0,30,240,,,
86.0,sawtooth_s1_3s,1,2.020071,次駅への減速フェーズ（駅手前400m以内）,制動,19.9,力行,0.1,5.87,7.05,70.0,70.0,70.0,7.0,65.2,60.4,勾配力行 ↔ 惰行,惰行,7.0,0.0,,75.0,70.0,70.0,,2.4,0.0,2.57,-0.14,3.0,-0.191,3.183,当面+3.0‰が続く,342m先でATC現示が70km/hから55km/hに低下する,1.0,1.0,1,0.0,先行列車なし,0,,0,0,0,後続列車なし,該当なし,該当なし,0,0,0,30,240,,,
86.5,sawtooth_s1_3s,1,2.020955,次駅への減速フェーズ（駅手前400m以内）,制動,20.4,力行,0.1,5.87,5.7,70.0,70.0,70.0,5.7,65.2,60.4,勾配力行 ↔ 惰行,惰行,5.7,0.0,,75.0,70.0,70.0,,1.5,0.0,1.68,-0.14,3.0,-0.188,3.185,当面+3.0‰が続く,341m先でATC現示が70km/hから55km/hに低下する,1.5,1.5,1,0.0,先行列車なし,0,,0,0,0,後続列車なし,該当なし,該当なし,0,0,0,30,240,,,
87.0,sawtooth_s1_3s,1,2.021652,次駅への減速フェーズ（駅手前400m以内）,制動,20.9,力行,0.1,5.87,4.36,70.0,70.0,70.0,4.3,65.2,60.4,勾配力行 ↔ 惰行,惰行,4.3,0.1,,75.0,70.0,70.0,,0.8,0.0,0.98,-0.14,3.0,-0.186,3.188,当面+3.0‰が続く,340m先でATC現示が70km/hから55km/hに低下する,2.0,2.0,1,0.0,先行列車なし,0,,0,0,0,後続列車なし,該当なし,該当なし,0,0,0,30,240,,,
87.5,sawtooth_s1_3s,1,2.022162,次駅への減速フェーズ（駅手前400m以内）,制動,21.4,力行,0.1,5.87,3.02,70.0,70.0,70.0,2.9,65.2,60.4,勾配力行 ↔ 惰行,惰行,2.9,0.1,,75.0,70.0,70.0,,0.3,0.0,0.47,-0.13,3.0,-0.184,3.19,当面+3.0‰が続く,340m先でATC現示が70km/hから55km/hに低下する,2.5,2.5,1,0.0,先行列車なし,0,,0,0,0,後続列車なし,該当なし,該当なし,0,0,0,30,240,,,
88.0,sawtooth_s1_3s,1,2.022486,次駅への減速フェーズ（駅手前400m以内）,制動,21.9,力行,0.1,5.87,1.68,70.0,70.0,70.0,1.5,65.2,60.4,勾配力行 ↔ 惰行,惰行,1.5,0.2,,75.0,70.0,70.0,,0.0,0.0,0.15,-0.13,3.0,-0.182,3.192,当面+3.0‰が続く,339m先でATC現示が70km/hから55km/hに低下する,3.0,3.0,1,0.0,先行列車なし,0,,0,0,0,後続列車なし,該当なし,該当なし,0,0,0,30,240,,,
88.5,sawtooth_s1_3s,1,2.022624,駅停車完了（速度0km/h）,制動,22.4,力行,0.1,5.87,0.34,70.0,70.0,70.0,1.5,65.2,60.5,勾配力行 ↔ 惰行,惰行,1.5,-1.2,,75.0,0.0,0.0,,-0.1,0.0,0.01,-0.13,3.0,-0.18,3.194,当面+3.0‰が続く,339m先でATC現示が70km/hから55km/hに低下する,3.5,3.5,1,0.0,先行列車なし,0,,0,0,0,後続列車なし,該当なし,該当なし,0,0,0,30,240,,,
0.0,sawtooth_s1_2s,1,0.9645,駅出発直後の加速フェーズ（20秒以内）,力行,0.0,なし（または停止）,0.0,0.0,0.0,75.0,75.0,75.0,0.0,70.2,64.3,勾配力行 ↔ 惰行,惰行,0.0,-0.0,50.4,75.0,58.8,58.8,,1058.0,85.0,0.0,1058.0,2.0,-0.144,3.229,265m先で勾配が+2.0‰から+3.5‰に変わる,707m先でATC現示が75km/hから70km/hに低下する,0.0,0.0,1,85.0,先行列車なし,0,,0,0,0,後続列車なし,該当なし,該当なし,0,0,0,30,240,,,
1.0,sawtooth_s1_2s,1,0.964953,駅出発直後の加速フェーズ（20秒以内）,力行,1.0,なし（または停止）,0.0,0.0,3.23,75.0,75.0,75.0,3.2,70.2,64.3,勾配力行 ↔ 惰行,惰行,3.2,0.0,51.3,75.0,58.8,58.8,,1057.5,84.0,0.55,1057.0,2.0,-0.149,3.225,265m先で勾配が+2.0‰から+3.5‰に変わる,707m先でATC現示が75km/hから70km/hに低下する,0.0,0.0,1,84.0,先行列車なし,0,,0,0,0,後続列車なし,該当なし,該当なし,0,0,0,30,240,,,
2.0,sawtooth_s1_2s,1,0.966301,駅出発直後の加速フェーズ（20秒以内）,力行,2.0,なし（または停止）,0.0,0.0,6.45,75.0,75.0,75.0,6.4,70.2,64.3,勾配力行 ↔ 惰行,惰行,6.4,-0.0,52.0,75.0,58.8,58.8,,1056.2,83.0,2.18,1054.02,2.0,-0.154,3.219,265m先で勾配が+2.0‰から+3.5‰に変わる,705m先でATC現示が75km/hから70km/hに低下する,0.0,0.0,1,83.0,先行列車なし,0,,0,0,0,後続列車なし,該当なし,該当なし,0,0,0,30,240,,,
3.0,sawtooth_s1_2s,1,0.968544,駅出発直後の加速フェーズ（20秒以内）,力行,3.0,なし（または停止）,0.0,0.0,9.67,75.0,75.0,75.0,9.7,70.2,64.4,勾配力行 ↔ 惰行,惰行,9.7,-0.0,52.8,75.0,58.8,58.8,,1054.0,82.0,4.89,1049.07,2.0,-0.16,3.214,260m先で勾配が+2.0‰から+3.5‰に変わる,703m先でATC現示が75km/hから70km/hに低下する,0.0,0.0,1,82.0,先行列車なし,0,,0,0,0,後続列車なし,該当なし,該当なし,0,0,0,30,240,,,
4.0,sawtooth_s1_2s,1,0.97168,駅出発直後の加速フェーズ（20秒以内）,力行,4.0,なし（または停止）,0.0,0.0,12.88,75.0,75.0,75.0,12.9,70.2,64.4,勾配力行 ↔ 惰行,惰行,12.9,0.0,53.3,75.0,58.8,58.8,,1050.8,81.0,8.66,1042.16,2.0,-0.166,3.208,260m先で勾配が+2.0‰から+3.5‰に変わる,700m先でATC現示が75km/hから70km/hに低下する,0.0,0.0,1,81.0,先行列車なし,0,,0,0,0,後続列車なし,該当なし,該当なし,0,0,0,30,240,,,
5.0,sawtooth_s1_2s,1,0.975706,駅出発直後の加速フェーズ（20秒以内）,力行,5.0,なし（または停止）,0.0,0.0,16.08,75.0,75.0,75.0,16.1,70.2,64.4,勾配力行 ↔ 惰行,惰行,16.1,-0.0,54.1,75.0,59.0,59.0,,1046.8,80.0,13.49,1033.3,2.0,-0.173,3.201,255m先で勾配が+2.0‰から+3.5‰に変わる,696m先でATC現示が75km/hから70km/hに低下する,0.0,0.0,1,80.0,先行列車なし,0,,0,0,0,後続列車なし,該当なし,該当なし,0,0,0,30,240,,,
6.0,sawtooth_s1_2s,1,0.980622,駅出発直後の加速フェーズ（20秒以内）,力行,6.0,なし（または停止）,0.0,0.0,19.28,75.0,75.0,75.0,19.3,70.2,64.4,勾配力行 ↔ 惰行,惰行,19.3,0.0,54.5,75.0,59.0,59.0,,1041.9,79.0,19.36,1022.52,2.0,-0.18,3.194,250m先で勾配が+2.0‰から+3.5‰に変わる,691m先でATC現示が75km/hから70km/hに低下する,0.0,0.0,1,79.0,先行列車なし,0,,0,0,0,後続列車なし,該当なし,該当なし,0,0,0,30,240,,,
7.0,sawtooth_s1_2s,1,0.986425,駅出発直後の加速フェーズ（20秒以内）,力行,7.0,なし（または停止）,0.0,0.0,22.47,75.0,75.0,75.0,22.5,70.2,64.4,勾配力行 ↔ 惰行,惰行,22.5,0.0,55.2,75.0,59.0,59.0,,1036.1,78.0,26.25,1009.82,2.0,-0.188,3.186,245m先で勾配が+2.0‰から+3.5‰に変わる,685m先でATC現示が75km/hから70km/hに低下する,0.0,0.0,1,78.0,先行列車なし,0,,0,0,0,後続列車なし,該当なし,該当なし,0,0,0,30,240,,,
8.0,sawtooth_s1_2s,1,0.993094,駅出発直後の加速フェーズ（20秒以内）,惰行,0.1,力行,0.0,3.37,25.01,75.0,75.0,75.0,25.6,70.2,64.4,勾配力行 ↔ 惰行,惰行,25.6,-0.6,56.0,75.0,59.0,59.0,,1029.4,77.0,32.48,996.93,2.0,-0.194,3.18,235m先で勾配が+2.0‰から+3.5‰に変わる,679m先でATC現示が75km/hから70km/hに低下する,0.0,0.0,1,77.0,先行列車なし,0,,0,0,0,後続列車なし,該当なし,該当なし,0,0,0,30,240,,,
9.0,sawtooth_s1_2s,1,1.000478,駅出発直後の加速フェーズ（20秒以内）,力行,1.0,惰行,0.1,3.37,28.15,75.0,75.0,75.0,28.7,70.2,64.4,勾配力行 ↔ 惰行,惰行,28.7,-0.6,56.1,75.0,59.0,59.0,,1022.0,76.0,41.08,980.95,2.0,-0.202,3.171,230m先で勾配が+2.0‰から+3.5‰に変わる,671m先でATC現示が75km/hから70km/hに低下する,0.0,0.0,1,76.0,先行列車なし,0,,0,0,0,後続列車なし,該当なし,該当なし,0,0,0,30,240,,,
10.0,sawtooth_s1_2s,1,1.008742,駅出発直後の加速フェーズ（20秒以内）,力行,2.0,惰行,0.1,3.37,31.32,75.0,75.0,75.0,31.8,70.3,64.4,勾配力行 ↔ 惰行,惰行,31.8,-0.5,57.0,75.0,59.0,59.0,,1013.8,75.0,50.74,963.02,2.0,-0.211,3.163,220m先で勾配が+2.0‰から+3.5‰に変わる,663m先でATC現示が75km/hから70km/hに低下する,0.0,0.0,1,75.0,先行列車なし,0,,0,0,0,後続列車なし,該当なし,該当なし,0,0,0,30,240,,,
11.0,sawtooth_s1_2s,1,1.017422,駅出発直後の加速フェーズ（20秒以内）,惰行,1.0,力行,2.0,3.37,31.14,75.0,75.0,75.0,34.8,70.3,64.4,勾配力行 ↔ 惰行,惰行,34.8,-3.7,57.2,75.0,59.8,59.8,,1005.1,74.0,50.17,954.9,2.0,-0.211,3.163,215m先で勾配が+2.0‰から+3.5‰に変わる,654m先でATC現示が75km/hから70km/hに低下する,0.0,0.0,1,74.0,先行列車なし,0,,0,0,0,後続列車なし,該当なし,該当なし,0,0,0,30,240,,,
12.0,sawtooth_s1_2s,1,1.026043,駅出発直後の加速フェーズ（20秒以内）,惰行,2.0,力行,2.0,3.37,30.93,75.0,75.0,75.0,37.5,70.3,64.4,勾配力行 ↔ 惰行,惰行,37.5,-6.6,57.9,75.0,60.7,60.7,,996.5,73.0,49.51,946.95,2.0,-0.21,3.164,205m先で勾配が+2.0‰から+3.5‰に変わる,646m先でATC現示が75km/hから70km/hに低下する,0.0,0.0,1,73.0,先行列車なし,0,,0,0,0,後続列車なし,該当なし,該当なし,0,0,0,30,240,,,
13.0,sawtooth_s1_2s,1,1.035069,駅出発直後の加速フェーズ（20秒以内）,力行,1.0,惰行,2.0,3.37,34.06,75.0,75.0,75.0,40.1,70.3,64.4,勾配力行 ↔ 惰行,惰行,40.1,-6.1,58.0,75.0,60.7,60.7,,987.4,72.0,59.9,927.53,2.0,-0.219,3.154,195m先で勾配が+2.0‰から+3.5‰に変わる,637m先でATC現示が75km/hから70km/hに低下する,0.0,0.0,1,72.0,先行列車なし,0,,0,0,0,後続列車なし,該当なし,該当なし,0,0,0,30,240,,,
14.0,sawtooth_s1_2s,1,1.044971,駅出発直後の加速フェーズ（20秒以内）,力行,2.0,惰行,2.0,3.37,37.21,75.0,75.0,75.0,42.7,70.3,64.5,勾配力行 ↔ 惰行,惰行,42.7,-5.5,58.8,75.0,60.7,60.7,,977.5,71.0,71.34,906.19,2.0,-0.229,3.145,185m先で勾配が+2.0‰から+3.5‰に変わる,627m先でATC現示が75km/hから70km/hに低下する,0.0,0.0,1,71.0,先行列車なし,0,,0,0,0,後続列車なし,該当なし,該当なし,0,0,0,30,240,,,
15.0,sawtooth_s1_2s,1,1.055283,駅出発直後の加速フェーズ（20秒以内）,惰行,1.0,力行,2.0,3.37,37.01,75.0,75.0,75.0,45.1,70.3,64.5,勾配力行 ↔ 惰行,惰行,45.1,-8.1,59.0,75.0,61.4,61.4,,967.2,70.0,70.6,896.61,2.0,-0.228,3.145,175m先で勾配が+2.0‰から+3.5‰に変わる,617m先でATC現示が75km/hから70km/hに低下する,0.0,0.0,1,70.0,先行列車なし,0,,0,0,0,後続列車なし,該当なし,該当なし,0,0,0,30,240,,,
16.0,sawtooth_s1_2s,1,1.065532,駅出発直後の加速フェーズ（20秒以内）,惰行,2.0,力行,2.0,3.37,36.78,75.0,75.0,75.0,47.2,70.3,64.5,勾配力行 ↔ 惰行,惰行,47.2,-10.5,59.7,75.0,62.1,62.1,,957.0,69.0,69.75,887.22,2.0,-0.228,3.146,165m先で勾配が+2.0‰から+3.5‰に変わる,606m先でATC現示が75km/hから70km/hに低下する,0.0,0.0,1,69.0,先行列車なし,0,,0,0,0,後続列車なし,該当なし,該当なし,0,0,0,30,240,,,
17.0,sawtooth_s1_2s,1,1.076182,駅出発直後の加速フェーズ（20秒以内）,力行,1.0,惰行,2.0,3.37,39.89,75.0,75.0,75.0,49.2,70.3,64.5,勾配力行 ↔ 惰行,惰行,49.2,-9.4,60.1,75.0,62.1,62.1,,946.3,68.0,81.86,864.46,2.0,-0.238,3.136,155m先で勾配が+2.0‰から+3.5‰に変わる,596m先でATC現示が75km/hから70km/hに低下する,0.0,0.0,1,68.0,先行列車なし,0,,0,0,0,後続列車なし,該当なし,該当なし,0,0,0,30,240,,,
18.0,sawtooth_s1_2s,1,1.087692,駅出発直後の加速フェーズ（20秒以内）,惰行,0.0,力行,2.0,3.14,42.91,75.0,75.0,75.0,51.2,70.7,64.8,勾配力行 ↔ 惰行,惰行,51.2,-8.3,60.5,75.0,62.1,62.1,,934.8,67.0,94.51,840.3,2.0,-0.248,2.897,140m先で勾配が+2.0‰から+3.5‰に変わる,584m先でATC現示が75km/hから70km/hに低下する,0.0,0.0,1,67.0,先行列車なし,0,,0,0,0,後続列車なし,該当なし,該当なし,0,0,0,30,240,,,
19.0,sawtooth_s1_2s,1,1.099576,駅出発直後の加速フェーズ（20秒以内）,惰行,1.0,力行,2.0,3.16,42.66,75.0,75.0,75.0,53.1,70.6,64.8,勾配力行 ↔ 惰行,惰行,53.1,-10.5,60.6,75.0,62.4,62.4,,922.9,66.0,93.44,829.48,2.0,-0.247,2.916,130m先で勾配が+2.0‰から+3.5‰に変わる,572m先でATC現示が75km/hから70km/hに低下する,0.0,0.0,1,66.0,先行列車なし,0,,0,0,0,後続列車なし,該当なし,該当なし,0,0,0,30,240,,,
20.0,sawtooth_s1_2s,1,1.111392,巡航フェーズ（駅間走行中）,力行,0.0,惰行,2.0,3.18,42.42,75.0,75.0,75.0,54.9,70.6,64.8,勾配力行 ↔ 惰行,惰行,54.9,-12.5,61.4,75.0,63.0,63.0,,911.1,65.0,92.38,818.73,2.0,-0.246,2.936,120m先で勾配が+2.0‰から+3.5‰に変わる,560m先でATC現示が75km/hから70km/hに低下する,0.0,0.0,1,65.0,先行列車なし,0,,0,0,0,後続列車なし,該当なし,該当なし,0,0,0,30,240,,,
21.0,sawtooth_s1_2s,1,1.123575,巡航フェーズ（駅間走行中）,力行,1.0,惰行,2.0,2.98,45.24,75.0,75.0,75.0,56.5,70.9,65.1,勾配力行 ↔ 惰行,惰行,56.5,-11.3,62.1,75.0,63.0,63.0,,898.9,64.0,104.88,794.04,2.0,-0.256,2.727,105m先で勾配が+2.0‰から+3.5‰に変わる,548m先でATC現示が75km/hから70km/hに低下する,0.0,0.0,1,64.0,先行列車なし,0,,0,0,0,後続列車なし,該当なし,該当なし,0,0,0,30,240,,,
22.0,sawtooth_s1_2s,1,1.136517,巡航フェーズ（駅間走行中）,惰行,0.0,力行,2.0,2.82,47.88,75.0,75.0,75.0,58.2,71.2,65.3,勾配力行 ↔ 惰行,惰行,58.2,-10.3,62.2,75.0,63.0,63.0,,886.0,63.0,116.72,769.26,2.0,-0.265,2.553,95m先で勾配が+2.0‰から+3.5‰に変わる,535m先でATC現示が75km/hから70km/hに低下する,0.0,0.0,1,63.0,先行列車なし,0,,0,0,0,後続列車なし,該当なし,該当なし,0,0,0,30,240,,,
23.0,sawtooth_s1_2s,1,1.149781,巡航フェーズ（駅間走行中）,惰行,1.0,力行,2.0,2.83,47.62,75.0,75.0,75.0,59.8,71.1,65.3,勾配力行 ↔ 惰行,惰行,59.8,-12.2,62.2,75.0,63.8,63.8,,872.7,62.0,115.14,757.58,2.0,-0.264,2.57,80m先で勾配が+2.0‰から+3.5‰に変わる,522m先でATC現示が75km/hから70km/hに低下する,0.0,0.0,1,62.0,先行列車なし,0,,0,0,0,後続列車なし,該当なし,該当なし,0,0,0,30,240,,,
24.0,sawtooth_s1_2s,1,1.162971,巡航フェーズ（駅間走行中）,力行,0.0,惰行,2.0,2.85,47.35,75.0,75.0,75.0,61.3,71.1,65.3,勾配力行 ↔ 惰行,惰行,61.3,-14.0,63.0,75.0,64.6,64.6,,859.5,61.0,113.58,745.95,2.0,-0.263,2.586,65m先で勾配が+2.0‰から+3.5‰に変わる,509m先でATC現示が75km/hから70km/hに低下する,0.0,0.0,1,61.0,先行列車なし,0,,0,0,0,後続列車なし,該当なし,該当なし,0,0,0,30,240,,,
25.0,sawtooth_s1_2s,1,1.17648,現示低下点への接近フェーズ（500m以内に現示の低下あり）,力行,1.0,惰行,2.0,2.71,49.86,75.0,75.0,75.0,62.8,71.3,65.5,勾配力行 ↔ 惰行,惰行,62.8,-12.9,63.1,75.0,64.6,64.6,,846.0,60.0,125.16,720.86,2.0,-0.273,2.434,55m先で勾配が+2.0‰から+3.5‰に変わる,495m先でATC現示が75km/hから70km/hに低下する,0.0,0.0,1,60.0,先行列車なし,0,,0,0,0,後続列車なし,該当なし,該当なし,0,0,0,30,240,,,
26.0,sawtooth_s1_2s,1,1.190666,現示低下点への接近フェーズ（500m以内に現示の低下あり）,惰行,0.0,力行,2.0,2.58,52.23,75.0,75.0,75.0,64.2,71.5,65.8,勾配力行 ↔ 惰行,惰行,64.2,-12.0,63.7,75.0,64.6,64.6,,831.8,59.0,136.6,695.23,2.0,-0.282,2.302,40m先で勾配が+2.0‰から+3.5‰に変わる,481m先でATC現示が75km/hから70km/hに低下する,0.0,0.0,1,59.0,先行列車なし,0,,0,0,0,後続列車なし,該当なし,該当なし,0,0,0,30,240,,,
27.0,sawtooth_s1_2s,1,1.205134,現示低下点への接近フェーズ（500m以内に現示の低下あり）,惰行,1.0,力行,2.0,2.6,51.95,75.0,75.0,75.0,65.6,71.5,65.8,勾配力行 ↔ 惰行,惰行,65.6,-13.7,63.8,75.0,64.9,64.9,,817.4,58.0,134.8,682.57,2.0,-0.281,2.317,25m先で勾配が+2.0‰から+3.5‰に変わる,467m先でATC現示が75km/hから70km/hに低下する,0.0,0.0,1,58.0,先行列車なし,0,,0,0,0,後続列車なし,該当なし,該当なし,0,0,0,30,240,,,
28.0,sawtooth_s1_2s,1,1.219525,現示低下点への接近フェーズ（500m以内に現示の低下あり）,力行,0.0,惰行,2.0,2.61,51.67,75.0,75.0,75.0,66.9,71.5,65.9,勾配力行 ↔ 惰行,惰行,66.9,-15.3,63.9,75.0,66.2,66.2,,803.0,57.0,133.04,669.93,2.0,-0.28,2.332,10m先で勾配が+2.0‰から+3.5‰に変わる,452m先でATC現示が75km/hから70km/hに低下する,0.0,0.0,1,57.0,先行列車なし,0,,0,0,0,後続列車なし,該当なし,該当なし,0,0,0,30,240,,,
29.0,sawtooth_s1_2s,1,1.234197,現示低下点への接近フェーズ（500m以内に現示の低下あり）,力行,1.0,惰行,2.0,2.5,53.92,75.0,75.0,75.0,68.2,71.8,66.3,勾配力行 ↔ 惰行,惰行,68.2,-14.3,64.8,75.0,66.2,66.2,,788.3,56.0,140.61,647.69,3.5,-0.341,2.162,15m先で勾配が+3.5‰から+4.0‰に変わる,438m先でATC現示が75km/hから70km/hに低下する,0.0,0.0,1,56.0,先行列車なし,0,,0,0,0,後続列車なし,該当なし,該当なし,0,0,0,30,240,,,
30.0,sawtooth_s1_2s,1,1.249472,現示低下点への接近フェーズ（500m以内に現示の低下あり）,惰行,0.0,力行,2.0,2.41,56.02,75.0,75.0,75.0,69.4,71.9,66.5,勾配力行 ↔ 惰行,惰行,69.4,-13.4,65.4,75.0,66.2,66.2,,773.0,55.0,145.81,627.22,4.0,-0.367,2.041,115m先で勾配が+4.0‰から+27.0‰に変わる,422m先でATC現示が75km/hから70km/hに低下する,0.0,0.0,1,55.0,先行列車なし,0,,0,0,0,後続列車なし,該当なし,該当なし,0,0,0,30,240,,,
31.0,sawtooth_s1_2s,1,1.264982,現示低下点への接近フェーズ（500m以内に現示の低下あり）,惰行,1.0,力行,2.0,2.42,55.66,75.0,75.0,75.0,70.6,71.9,66.4,勾配力行 ↔ 惰行,惰行,70.6,-15.0,65.3,75.0,66.2,66.2,,757.5,54.0,140.74,616.78,4.0,-0.366,2.059,100m先で勾配が+4.0‰から+27.0‰に変わる,407m先でATC現示が75km/hから70km/hに低下する,0.0,0.0,1,54.0,先行列車なし,0,,0,0,0,後続列車なし,該当なし,該当なし,0,0,0,30,240,,,
32.0,sawtooth_s1_2s,1,1.280391,現示低下点への接近フェーズ（500m以内に現示の低下あり）,力行,0.0,惰行,2.0,2.44,55.29,75.0,75.0,75.0,71.8,71.9,66.4,勾配力行 ↔ 惰行,惰行,71.8,-16.5,65.4,75.0,66.4,66.4,,742.1,53.0,135.7,606.41,4.0,-0.364,2.076,85m先で勾配が+4.0‰から+27.0‰に変わる,391m先でATC現示が75km/hから70km/hに低下する,0.0,0.0,1,53.0,先行列車なし,0,,0,0,0,後続列車なし,該当なし,該当なし,0,0,0,30,240,,,
33.0,sawtooth_s1_2s,1,1.296037,現示低下点への接近フェーズ（500m以内に現示の低下あり）,力行,1.0,惰行,2.0,2.35,57.32,75.0,75.0,75.0,72.9,72.0,66.6,勾配力行 ↔ 惰行,惰行,72.9,-15.6,66.2,75.0,66.4,66.4,,726.5,52.0,140.9,585.57,4.0,-0.373,1.982,70m先で勾配が+4.0‰から+27.0‰に変わる,376m先でATC現示が75km/hから70km/hに低下する,0.0,0.0,1,52.0,先行列車なし,0,,0,0,0,後続列車なし,該当なし,該当なし,0,0,0,30,240,,,
34.0,sawtooth_s1_2s,1,1.312233,現示低下点への接近フェーズ（500m以内に現示の低下あり）,惰行,0.0,力行,2.0,2.28,59.26,75.0,75.0,75.0,74.0,72.2,66.7,勾配力行 ↔ 惰行,惰行,74.0,-14.7,66.2,75.0,66.4,66.4,,710.3,51.0,145.74,564.53,4.0,-0.381,1.896,50m先で勾配が+4.0‰から+27.0‰に変わる,360m先でATC現示が75km/hから70km/hに低下する,0.0,0.0,1,51.0,先行列車なし,0,,0,0,0,後続列車なし,該当なし,該当なし,0,0,0,30,240,,,
35.0,sawtooth_s1_2s,1,1.328641,現示低下点への接近フェーズ（500m以内に現示の低下あり）,惰行,1.0,力行,2.0,2.29,58.88,75.0,75.0,75.0,73.7,72.1,67.9,勾配力行 ↔ 惰行,惰行,73.7,-14.8,67.0,75.0,67.8,67.8,,693.9,50.0,140.4,553.46,4.0,-0.379,1.913,35m先で勾配が+4.0‰から+27.0‰に変わる,343m先でATC現示が75km/hから70km/hに低下する,0.0,0.0,1,50.0,先行列車なし,0,,0,0,0,後続列車なし,該当なし,該当なし,0,0,0,30,240,,,
36.0,sawtooth_s1_2s,1,1.344943,現示低下点への接近フェーズ（500m以内に現示の低下あり）,力行,0.0,惰行,2.0,2.31,58.5,75.0,75.0,75.0,73.3,72.1,67.8,勾配力行 ↔ 惰行,勾配力行,73.3,-14.8,66.5,75.0,69.3,69.3,,677.6,49.0,135.22,542.34,4.0,-0.378,1.929,20m先で勾配が+4.0‰から+27.0‰に変わる,327m先でATC現示が75km/hから70km/hに低下する,0.0,0.0,1,49.0,先行列車なし,0,,0,0,0,後続列車なし,該当なし,該当なし,0,0,0,30,240,,,
37.0,sawtooth_s1_2s,1,1.36146,現示低下点への接近フェーズ（500m以内に現示の低下あり）,力行,1.0,惰行,2.0,2.23,60.39,75.0,75.0,75.0,72.9,72.2,66.6,勾配力行 ↔ 惰行,勾配力行,72.9,-12.5,67.0,75.0,67.8,67.8,,661.0,48.0,139.9,521.14,4.0,-0.386,1.849,5m先で勾配が+4.0‰から+27.0‰に変わる,310m先でATC現示が75km/hから70km/hに低下する,0.0,0.0,1,48.0,先行列車なし,0,,0,0,0,後続列車なし,該当なし,該当なし,0,0,0,30,240,,,
38.0,sawtooth_s1_2s,1,1.378387,現示低下点への接近フェーズ（500m以内に現示の低下あり）,惰行,0.0,力行,2.0,2.2,61.44,75.0,75.0,75.0,71.9,73.0,67.0,勾配力行 ↔ 惰行,勾配力行,71.9,-10.5,67.8,75.0,68.5,68.5,,644.1,47.0,144.17,499.94,27.0,-1.202,0.995,110m先で勾配が+27.0‰から+28.0‰に変わる,293m先でATC現示が75km/hから70km/hに低下する,0.0,0.0,1,47.0,先行列車なし,0,,0,0,0,後続列車なし,該当なし,該当なし,0,0,0,30,240,,,
39.0,sawtooth_s1_2s,1,1.395284,現示低下点への接近フェーズ（500m以内に現示の低下あり）,惰行,1.0,力行,2.0,2.24,60.24,75.0,75.0,75.0,70.8,73.0,67.0,勾配力行 ↔ 惰行,勾配力行,70.8,-10.6,67.8,75.0,75.0,75.0,,627.2,46.0,138.59,488.63,27.0,-1.196,1.044,95m先で勾配が+27.0‰から+28.0‰に変わる,277m先でATC現示が75km/hから70km/hに低下する,0.0,0.0,1,46.0,先行列車なし,0,,0,0,0,後続列車なし,該当なし,該当なし,0,0,0,30,240,,,
40.0,sawtooth_s1_2s,1,1.41185,現示低下点への接近フェーズ（500m以内に現示の低下あり）,力行,0.0,惰行,2.0,2.29,59.04,75.0,75.0,75.0,69.8,73.0,67.0,勾配力行 ↔ 惰行,勾配力行,69.8,-10.7,68.5,75.0,75.0,75.0,,610.7,45.0,133.12,477.53,27.0,-1.191,1.094,80m先で勾配が+27.0‰から+28.0‰に変わる,260m先でATC現示が75km/hから70km/hに低下する,0.0,0.0,1,45.0,先行列車なし,0,,0,0,0,後続列車なし,該当なし,該当なし,0,0,0,30,240,,,
41.0,sawtooth_s1_2s,1,1.428402,現示低下点への接近フェーズ（500m以内に現示の低下あり）,力行,1.0,惰行,2.0,2.24,60.12,75.0,75.0,75.0,68.7,73.0,67.0,勾配力行 ↔ 惰行,勾配力行,68.7,-8.6,69.3,75.0,75.0,75.0,,594.1,44.0,137.42,456.68,27.0,-1.196,1.049,60m先で勾配が+27.0‰から+28.0‰に変わる,243m先でATC現示が75km/hから70km/hに低下する,0.0,0.0,1,44.0,先行列車なし,0,,0,0,0,後続列車なし,該当なし,該当なし,0,0,0,30,240,,,
42.0,sawtooth_s1_2s,1,1.445246,現示低下点への接近フェーズ（500m以内に現示の低下あり）,惰行,0.0,力行,2.0,2.21,61.14,75.0,75.0,75.0,67.9,73.0,67.0,勾配力行 ↔ 惰行,勾配力行,67.9,-6.7,68.5,75.0,75.0,75.0,,577.3,43.0,141.54,435.72,27.0,-1.2,1.007,45m先で勾配が+27.0‰から+28.0‰に変わる,227m先でATC現示が75km/hから70km/hに低下する,0.0,0.0,1,43.0,先行列車なし,0,,0,0,0,後続列車なし,該当なし,該当なし,0,0,0,30,240,,,
43.0,sawtooth_s1_2s,1,1.462062,現示低下点への接近フェーズ（500m以内に現示の低下あり）,惰行,1.0,力行,2.0,2.25,59.95,75.0,75.0,75.0,67.7,73.0,67.0,勾配力行 ↔ 惰行,勾配力行,67.7,-7.7,70.0,75.0,75.0,75.0,,560.4,42.0,135.8,424.64,27.0,-1.195,1.056,30m先で勾配が+27.0‰から+28.0‰に変わる,210m先でATC現示が75km/hから70km/hに低下する,0.0,0.0,1,42.0,先行列車なし,0,,0,0,0,後続列車なし,該当なし,該当なし,0,0,0,30,240,,,
44.0,sawtooth_s1_2s,1,1.478547,現示低下点への接近フェーズ（500m以内に現示の低下あり）,惰行,2.0,力行,2.0,2.3,58.75,75.0,75.0,75.0,66.6,73.0,66.9,勾配力行 ↔ 惰行,勾配力行,66.6,-7.8,70.8,75.0,75.0,75.0,,544.0,41.0,130.19,413.76,27.0,-1.19,1.107,10m先で勾配が+27.0‰から+28.0‰に変わる,193m先でATC現示が75km/hから70km/hに低下する,0.0,0.0,1,41.0,先行列車なし,0,,0,0,0,後続列車なし,該当なし,該当なし,0,0,0,30,240,,,
45.0,sawtooth_s1_2s,1,1.495013,現示低下点への接近フェーズ（500m以内に現示の低下あり）,力行,1.0,惰行,2.0,2.26,59.8,75.0,75.0,75.0,65.5,73.0,66.9,勾配力行 ↔ 惰行,勾配力行,65.5,-5.7,70.8,75.0,75.0,75.0,,527.5,40.0,134.39,393.1,28.0,-1.23,1.027,55m先で勾配が+28.0‰から+29.7‰に変わる,177m先でATC現示が75km/hから70km/hに低下する,0.0,0.0,1,40.0,先行列車なし,0,,0,0,0,後続列車なし,該当なし,該当なし,0,0,0,30,240,,,
46.0,sawtooth_s1_2s,1,1.511766,現示低下点への接近フェーズ（500m以内に現示の低下あり）,力行,2.0,惰行,2.0,2.22,60.81,75.0,75.0,75.0,64.3,73.0,66.8,勾配力行 ↔ 惰行,勾配力行,64.3,-3.5,72.9,75.0,75.0,75.0,,510.7,39.0,138.56,372.17,28.0,-1.234,0.985,40m先で勾配が+28.0‰から+29.7‰に変わる,160m先でATC現示が75km/hから70km/hに低下する,0.0,0.0,1,39.0,先行列車なし,0,,0,0,0,後続列車なし,該当なし,該当なし,0,0,0,30,240,,,
47.0,sawtooth_s1_2s,1,1.528489,現示低下点への接近フェーズ（500m以内に現示の低下あり）,惰行,1.0,力行,2.0,2.26,59.6,75.0,75.0,75.0,63.1,73.0,66.7,勾配力行 ↔ 惰行,勾配力行,63.1,-3.6,74.4,75.0,75.0,75.0,,494.0,38.0,132.96,361.05,28.0,-1.229,1.035,20m先で勾配が+28.0‰から+29.7‰に変わる,143m先でATC現示が75km/hから70km/hに低下する,0.0,0.0,1,38.0,先行列車なし,0,,0,0,0,後続列車なし,該当なし,該当なし,0,0,0,30,240,,,
48.0,sawtooth_s1_2s,1,1.544872,現示低下点への接近フェーズ（500m以内に現示の低下あり）,惰行,2.0,力行,2.0,2.31,58.37,75.0,75.0,75.0,62.0,73.0,66.6,勾配力行 ↔ 惰行,勾配力行,62.0,-3.6,75.0,75.0,75.0,75.0,,477.6,37.0,127.4,350.23,28.0,-1.224,1.088,5m先で勾配が+28.0‰から+29.7‰に変わる,127m先でATC現示が75km/hから70km/hに低下する,0.0,0.0,1,37.0,先行列車なし,0,,0,0,0,後続列車なし,該当なし,該当なし,0,0,0,30,240,,,
49.0,sawtooth_s1_2s,1,1.561224,現示低下点への接近フェーズ（500m以内に現示の低下あり）,力行,1.0,惰行,2.0,2.27,59.36,75.0,75.0,75.0,60.7,73.0,66.6,勾配力行 ↔ 惰行,勾配力行,60.7,-1.4,75.0,75.0,75.0,75.0,,461.3,36.0,131.64,329.63,29.7,-1.288,0.985,150m先で勾配が+29.7‰から+3.0‰に変わる,111m先でATC現示が75km/hから70km/hに低下する,0.0,0.0,1,36.0,先行列車なし,0,,0,0,0,後続列車なし,該当なし,該当なし,0,0,0,30,240,,,
50.0,sawtooth_s1_2s,1,1.57785,現示低下点への接近フェーズ（500m以内に現示の低下あり）,力行,2.0,惰行,2.0,2.24,60.33,75.0,75.0,75.0,59.5,73.0,66.5,勾配力行 ↔ 惰行,勾配力行,59.5,0.9,75.0,75.0,75.0,75.0,,444.6,35.0,136.86,307.79,29.7,-1.292,0.945,135m先で勾配が+29.7‰から+3.0‰に変わる,94m先でATC現示が75km/hから70km/hに低下する,0.0,0.0,1,35.0,先行列車なし,0,,0,0,0,後続列車なし,該当なし,該当なし,0,0,0,30,240,,,
51.0,sawtooth_s1_2s,1,1.594433,現示低下点への接近フェーズ（500m以内に現示の低下あり）,惰行,1.0,力行,2.0,2.28,59.06,75.0,75.0,75.0,58.1,73.0,66.6,勾配力行 ↔ 惰行,勾配力行,58.1,0.9,75.0,75.0,75.0,75.0,,428.1,34.0,135.16,292.91,29.7,-1.287,0.998,120m先で勾配が+29.7‰から+3.0‰に変わる,77m先でATC現示が75km/hから70km/hに低下する,0.0,0.0,1,34.0,先行列車なし,0,,0,0,0,後続列車なし,該当なし,該当なし,0,0,0,30,240,,,
52.0,sawtooth_s1_2s,1,1.610659,現示低下点への接近フェーズ（500m以内に現示の低下あり）,惰行,2.0,力行,2.0,2.34,57.78,75.0,75.0,75.0,56.8,73.0,66.6,勾配力行 ↔ 惰行,勾配力行,56.8,0.9,75.0,75.0,75.0,75.0,,411.8,33.0,133.27,278.57,29.7,-1.281,1.054,105m先で勾配が+29.7‰から+3.0‰に変わる,61m先でATC現示が75km/hから70km/hに低下する,0.0,0.0,1,33.0,先行列車なし,0,,0,0,0,後続列車なし,該当なし,該当なし,0,0,0,30,240,,,
53.0,sawtooth_s1_2s,1,1.626848,次駅への減速フェーズ（駅手前400m以内）,力行,1.0,惰行,2.0,2.3,58.79,75.0,75.0,75.0,55.5,73.0,66.6,勾配力行 ↔ 惰行,勾配力行,55.5,3.3,,75.0,75.0,75.0,,395.7,32.0,144.53,251.12,29.7,-1.286,1.01,85m先で勾配が+29.7‰から+3.0‰に変わる,45m先でATC現示が75km/hから70km/hに低下する,0.0,0.0,1,32.0,先行列車なし,0,,0,0,0,後続列車なし,該当なし,該当なし,0,0,0,30,240,,,
54.0,sawtooth_s1_2s,1,1.643317,次駅への減速フェーズ（駅手前400m以内）,力行,2.0,惰行,2.0,2.26,59.78,75.0,75.0,75.0,54.2,73.0,66.6,勾配力行 ↔ 惰行,勾配力行,54.2,5.6,,75.0,75.0,75.0,,379.2,31.0,156.09,223.09,29.7,-1.29,0.968,70m先で勾配が+29.7‰から+3.0‰に変わる,28m先でATC現示が75km/hから70km/hに低下する,0.0,0.0,1,31.0,先行列車なし,0,,0,0,0,後続列車なし,該当なし,該当なし,0,0,0,30,240,,,
55.0,sawtooth_s1_2s,1,1.659747,次駅への減速フェーズ（駅手前400m以内）,惰行,1.0,力行,2.0,2.31,58.51,75.0,75.0,72.4,52.8,70.4,64.0,勾配力行 ↔ 惰行,勾配力行,52.8,5.8,,75.0,72.4,72.4,,362.8,30.0,154.15,208.61,29.7,-1.284,1.022,55m先で勾配が+29.7‰から+3.0‰に変わる,12m先でATC現示が75km/hから70km/hに低下する,0.0,0.0,1,30.0,先行列車なし,0,,0,0,0,後続列車なし,該当なし,該当なし,0,0,0,30,240,,,
56.0,sawtooth_s1_2s,1,1.67582,次駅への減速フェーズ（駅手前400m以内）,惰行,2.0,力行,2.0,2.36,57.23,70.0,70.0,70.0,51.4,68.0,62.5,勾配力行 ↔ 惰行,勾配力行,51.4,5.9,,75.0,70.0,70.0,,346.7,29.0,152.16,194.52,29.7,-1.279,1.079,40m先で勾配が+29.7‰から+3.0‰に変わる,686m先でATC現示が70km/hから55km/hに低下する,0.0,0.0,1,29.0,先行列車なし,0,,0,0,0,後続列車なし,該当なし,該当なし,0,0,0,30,240,,,
57.0,sawtooth_s1_2s,1,1.69186,次駅への減速フェーズ（駅手前400m以内）,力行,1.0,惰行,2.0,2.32,58.26,70.0,70.0,70.0,49.9,68.0,64.2,勾配力行 ↔ 惰行,惰行,49.9,8.3,,75.0,70.0,70.0,,330.6,28.0,163.5,167.14,29.7,-1.283,1.033,20m先で勾配が+29.7‰から+3.0‰に変わる,670m先でATC現示が70km/hから55km/hに低下する,0.0,0.0,1,28.0,先行列車なし,0,,0,0,0,後続列車なし,該当なし,該当なし,0,0,0,30,240,,,
58.0,sawtooth_s1_2s,1,1.708186,次駅への減速フェーズ（駅手前400m以内）,力行,2.0,惰行,2.0,2.28,59.27,70.0,70.0,70.0,48.4,68.0,62.8,勾配力行 ↔ 惰行,惰行,48.4,10.8,,75.0,70.0,70.0,,314.3,27.0,174.73,139.59,29.7,-1.288,0.989,5m先で勾配が+29.7‰から+3.0‰に変わる,654m先でATC現示が70km/hから55km/hに低下する,0.0,0.0,1,27.0,先行列車なし,0,,0,0,0,後続列車なし,該当なし,該当なし,0,0,0,30,240,,,
59.0,sawtooth_s1_2s,1,1.724568,次駅への減速フェーズ（駅手前400m以内）,惰行,1.0,力行,2.0,2.3,58.79,70.0,70.0,70.0,47.9,67.1,61.4,勾配力行 ↔ 惰行,惰行,47.9,10.9,,75.0,70.0,70.0,,297.9,26.0,173.02,124.91,3.0,-0.344,1.952,当面+3.0‰が続く,637m先でATC現示が70km/hから55km/hに低下する,0.0,0.0,1,26.0,先行列車なし,0,,0,0,0,後続列車なし,該当なし,該当なし,0,0,0,30,240,,,
60.0,sawtooth_s1_2s,1,1.740851,次駅への減速フェーズ（駅手前400m以内）,惰行,2.0,力行,2.0,2.31,58.45,70.0,70.0,70.0,47.5,67.0,61.4,勾配力行 ↔ 惰行,惰行,47.5,10.9,,75.0,70.0,70.0,,281.6,25.0,171.06,110.59,3.0,-0.342,1.967,当面+3.0‰が続く,621m先でATC現示が70km/hから55km/hに低下する,0.0,0.0,1,25.0,先行列車なし,0,,0,0,0,後続列車なし,該当なし,該当なし,0,0,0,30,240,,,
61.0,sawtooth_s1_2s,1,1.757353,次駅への減速フェーズ（駅手前400m以内）,力行,1.0,惰行,2.0,2.24,60.35,70.0,70.0,70.0,47.1,67.2,61.5,勾配力行 ↔ 惰行,惰行,47.1,13.2,,75.0,70.0,70.0,,265.1,24.0,182.1,83.05,3.0,-0.35,1.886,当面+3.0‰が続く,604m先でATC現示が70km/hから55km/hに低下する,0.0,0.0,1,24.0,先行列車なし,0,,0,0,0,後続列車なし,該当なし,該当なし,0,0,0,30,240,,,
62.0,sawtooth_s1_2s,1,1.774378,次駅への減速フェーズ（駅手前400m以内）,力行,2.0,惰行,2.0,2.17,62.2,70.0,70.0,70.0,46.7,67.3,61.6,勾配力行 ↔ 惰行,惰行,46.7,15.5,,75.0,70.0,70.0,,248.1,23.0,193.12,55.0,3.0,-0.358,1.811,当面+3.0‰が続く,587m先でATC現示が70km/hから55km/hに低下する,0.0,0.0,1,23.0,先行列車なし,0,,0,0,0,後続列車なし,該当なし,該当なし,0,0,0,30,240,,,
63.0,sawtooth_s1_2s,1,1.791612,次駅への減速フェーズ（駅手前400m以内）,惰行,1.0,力行,2.0,2.18,61.86,70.0,70.0,70.0,46.3,67.3,61.6,勾配力行 ↔ 惰行,惰行,46.3,15.5,,75.0,70.0,70.0,,230.9,22.0,191.09,39.79,3.0,-0.357,1.825,当面+3.0‰が続く,570m先でATC現示が70km/hから55km/hに低下する,0.0,0.0,1,22.0,先行列車なし,0,,0,0,0,後続列車なし,該当なし,該当なし,0,0,0,30,240,,,
64.0,sawtooth_s1_2s,1,1.808746,次駅への減速フェーズ（駅手前400m以内）,惰行,2.0,力行,2.0,2.19,61.51,70.0,70.0,70.0,46.0,67.2,61.6,勾配力行 ↔ 惰行,惰行,46.0,15.6,,75.0,70.0,70.0,,213.8,21.0,188.96,24.8,3.0,-0.355,1.839,当面+3.0‰が続く,553m先でATC現示が70km/hから55km/hに低下する,0.0,0.0,1,21.0,先行列車なし,0,,0,0,0,後続列車なし,該当なし,該当なし,0,0,0,30,240,,,
65.0,sawtooth_s1_2s,1,1.826072,次駅への減速フェーズ（駅手前400m以内）,制動,0.1,力行,0.9,4.65,62.78,70.0,70.0,70.0,45.6,67.3,61.7,勾配力行 ↔ 惰行,惰行,45.6,17.2,,75.0,70.0,70.0,,196.4,20.0,196.65,-0.22,3.0,-0.361,1.789,当面+3.0‰が続く,536m先でATC現示が70km/hから55km/hに低下する,0.0,0.0,1,20.0,先行列車なし,0,,0,0,0,後続列車なし,該当なし,該当なし,0,0,0,30,240,,,
66.0,sawtooth_s1_2s,1,1.843111,次駅への減速フェーズ（駅手前400m以内）,制動,1.1,力行,0.9,4.75,59.93,70.0,70.0,70.0,45.2,67.1,61.5,勾配力行 ↔ 惰行,惰行,45.2,14.8,,75.0,70.0,70.0,,179.4,19.0,179.6,-0.21,3.0,-0.348,1.904,当面+3.0‰が続く,519m先でATC現示が70km/hから55km/hに低下する,0.0,0.0,1,19.0,先行列車なし,0,,0,0,0,後続列車なし,該当なし,該当なし,0,0,0,30,240,,,
67.0,sawtooth_s1_2s,1,1.859358,次駅への減速フェーズ（駅手前400m以内）,制動,2.1,力行,0.9,4.86,57.08,70.0,70.0,70.0,44.8,67.0,61.3,勾配力行 ↔ 惰行,惰行,44.8,12.3,,75.0,70.0,70.0,,163.1,18.0,163.35,-0.21,3.0,-0.336,2.028,当面+3.0‰が続く,502m先でATC現示が70km/hから55km/hに低下する,0.0,0.0,1,18.0,先行列車なし,0,,0,0,0,後続列車なし,該当なし,該当なし,0,0,0,30,240,,,
68.0,sawtooth_s1_2s,1,1.874817,次駅への減速フェーズ（駅手前400m以内）,制動,3.1,力行,0.9,4.99,54.25,70.0,70.0,70.0,44.4,66.8,61.1,勾配力行 ↔ 惰行,惰行,44.4,9.8,,75.0,70.0,70.0,,147.7,17.0,147.89,-0.2,3.0,-0.325,2.162,当面+3.0‰が続く,487m先でATC現示が70km/hから55km/hに低下する,0.0,0.0,1,17.0,先行列車なし,0,,0,0,0,後続列車なし,該当なし,該当なし,0,0,0,30,240,,,
68.5,sawtooth_s1_2s,1,1.882253,次駅への減速フェーズ（駅手前400m以内）,制動,3.6,力行,0.9,5.05,52.84,70.0,70.0,70.0,44.2,66.6,61.0,勾配力行 ↔ 惰行,惰行,44.2,8.6,,75.0,70.0,70.0,,140.2,16.5,140.45,-0.2,3.0,-0.319,2.234,当面+3.0‰が続く,480m先でATC現示が70km/hから55km/hに低下する,0.0,0.0,1,16.5,先行列車なし,0,,0,0,0,後続列車なし,該当なし,該当なし,0,0,0,30,240,,,
69.0,sawtooth_s1_2s,1,1.889492,次駅への減速フェーズ（駅手前400m以内）,制動,4.1,力行,0.9,5.12,51.43,70.0,70.0,70.0,44.1,66.5,60.9,勾配力行 ↔ 惰行,惰行,44.1,7.4,,75.0,70.0,70.0,,133.0,16.0,133.21,-0.2,3.0,-0.314,2.31,当面+3.0‰が続く,472m先でATC現示が70km/hから55km/hに低下する,0.0,0.0,1,16.0,先行列車なし,0,,0,0,0,後続列車なし,該当なし,該当なし,0,0,0,30,240,,,
69.5,sawtooth_s1_2s,1,1.896536,次駅への減速フェーズ（駅手前400m以内）,制動,4.6,力行,0.9,5.2,50.03,70.0,70.0,70.0,43.9,66.4,60.8,勾配力行 ↔ 惰行,惰行,43.9,6.1,,75.0,70.0,70.0,,126.0,15.5,126.16,-0.2,3.0,-0.309,2.389,当面+3.0‰が続く,465m先でATC現示が70km/hから55km/hに低下する,0.0,0.0,1,15.5,先行列車なし,0,,0,0,0,後続列車なし,該当なし,該当なし,0,0,0,30,240,,,
70.0,sawtooth_s1_2s,1,1.903385,次駅への減速フェーズ（駅手前400m以内）,制動,5.1,力行,0.9,5.28,48.63,70.0,70.0,70.0,43.7,66.3,60.6,勾配力行 ↔ 惰行,惰行,43.7,4.9,,75.0,70.0,70.0,,119.1,15.0,119.31,-0.2,3.0,-0.303,2.472,当面+3.0‰が続く,458m先でATC現示が70km/hから55km/hに低下する,0.0,0.0,1,15.0,先行列車なし,0,,0,0,0,後続列車なし,該当なし,該当なし,0,0,0,30,240,,,
70.5,sawtooth_s1_2s,1,1.910039,次駅への減速フェーズ（駅手前400m以内）,制動,5.6,力行,0.9,5.36,47.22,70.0,70.0,70.0,43.6,66.2,60.5,勾配力行 ↔ 惰行,惰行,43.6,3.6,,75.0,70.0,70.0,,112.5,14.5,112.65,-0.19,3.0,-0.298,2.559,当面+3.0‰が続く,452m先でATC現示が70km/hから55km/hに低下する,0.0,0.0,1,14.5,先行列車なし,0,,0,0,0,後続列車なし,該当なし,該当なし,0,0,0,30,240,,,
71.0,sawtooth_s1_2s,1,1.916499,次駅への減速フェーズ（駅手前400m以内）,制動,6.1,力行,0.9,5.44,45.83,70.0,70.0,70.0,43.4,66.0,60.4,勾配力行 ↔ 惰行,惰行,43.4,2.4,,75.0,70.0,70.0,,106.0,14.0,106.19,-0.19,3.0,-0.293,2.651,当面+3.0‰が続く,445m先でATC現示が70km/hから55km/hに低下する,0.0,0.0,1,14.0,先行列車なし,0,,0,0,0,後続列車なし,該当なし,該当なし,0,0,0,30,240,,,
71.5,sawtooth_s1_2s,1,1.922765,次駅への減速フェーズ（駅手前400m以内）,制動,6.6,力行,0.9,5.54,44.43,70.0,70.0,70.0,43.3,65.9,60.2,勾配力行 ↔ 惰行,惰行,43.3,1.1,,75.0,70.0,70.0,,99.7,13.5,99.92,-0.19,3.0,-0.288,2.749,当面+3.0‰が続く,439m先でATC現示が70km/hから55km/hに低下する,0.0,0.0,1,13.5,先行列車なし,0,,0,0,0,後続列車なし,該当なし,該当なし,0,0,0,30,240,,,
72.0,sawtooth_s1_2s,1,1.928837,次駅への減速フェーズ（駅手前400m以内）,制動,7.1,力行,0.9,5.64,43.04,70.0,70.0,70.0,43.0,65.7,60.1,勾配力行 ↔ 惰行,惰行,43.0,0.0,,75.0,70.0,70.0,,93.7,13.0,93.85,-0.19,3.0,-0.283,2.852,当面+3.0‰が続く,433m先でATC現示が70km/hから55km/hに低下する,0.0,0.0,1,13.0,先行列車なし,0,,0,0,0,後続列車なし,該当なし,該当なし,0,0,0,30,240,,,
72.5,sawtooth_s1_2s,1,1.934717,次駅への減速フェーズ（駅手前400m以内）,制動,7.6,力行,0.9,5.74,41.65,70.0,70.0,70.0,41.6,65.6,59.9,勾配力行 ↔ 惰行,惰行,41.6,0.0,,75.0,70.0,70.0,,87.8,12.5,87.97,-0.19,3.0,-0.279,2.961,当面+3.0‰が続く,427m先でATC現示が70km/hから55km/hに低下する,0.0,0.0,1,12.5,先行列車なし,0,,0,0,0,後続列車なし,該当なし,該当なし,0,0,0,30,240,,,
73.0,sawtooth_s1_2s,1,1.940403,次駅への減速フェーズ（駅手前400m以内）,制動,8.1,力行,0.9,5.85,40.26,70.0,70.0,70.0,40.3,65.4,59.7,勾配力行 ↔ 惰行,惰行,40.3,0.0,,75.0,70.0,70.0,,82.1,12.0,82.28,-0.18,3.0,-0.274,3.078,当面+3.0‰が続く,421m先でATC現示が70km/hから55km/hに低下する,0.0,0.0,1,12.0,先行列車なし,0,,0,0,0,後続列車なし,該当なし,該当なし,0,0,0,30,240,,,
73.5,sawtooth_s1_2s,1,1.945896,次駅への減速フェーズ（駅手前400m以内）,制動,8.6,力行,0.9,5.87,38.87,70.0,70.0,70.0,38.9,65.3,59.7,勾配力行 ↔ 惰行,惰行,38.9,0.0,,75.0,70.0,70.0,,76.6,11.5,76.79,-0.18,3.0,-0.27,3.104,当面+3.0‰が続く,416m先でATC現示が70km/hから55km/hに低下する,0.0,0.0,1,11.5,先行列車なし,0,,0,0,0,後続列車なし,該当なし,該当なし,0,0,0,30,240,,,
74.0,sawtooth_s1_2s,1,1.951197,次駅への減速フェーズ（駅手前400m以内）,制動,9.1,力行,0.9,5.87,37.49,70.0,70.0,70.0,37.5,65.3,59.7,勾配力行 ↔ 惰行,惰行,37.5,0.0,,75.0,70.0,70.0,,71.3,11.0,71.48,-0.18,3.0,-0.265,3.109,当面+3.0‰が続く,411m先でATC現示が70km/hから55km/hに低下する,0.0,0.0,1,11.0,先行列車なし,0,,0,0,0,後続列車なし,該当なし,該当なし,0,0,0,30,240,,,
74.5,sawtooth_s1_2s,1,1.956306,次駅への減速フェーズ（駅手前400m以内）,制動,9.6,力行,0.9,5.87,36.11,70.0,70.0,70.0,36.1,65.3,59.7,勾配力行 ↔ 惰行,惰行,36.1,0.0,,75.0,70.0,70.0,,66.2,10.5,66.37,-0.18,3.0,-0.261,3.113,当面+3.0‰が続く,405m先でATC現示が70km/hから55km/hに低下する,0.0,0.0,1,10.5,先行列車なし,0,,0,0,0,後続列車なし,該当なし,該当なし,0,0,0,30,240,,,
75.0,sawtooth_s1_2s,1,1.961223,次駅への減速フェーズ（駅手前400m以内）,制動,10.1,力行,0.9,5.87,34.73,70.0,70.0,70.0,34.7,65.3,59.7,勾配力行 ↔ 惰行,惰行,34.7,0.0,,75.0,70.0,70.0,,61.3,10.0,61.45,-0.18,3.0,-0.257,3.117,当面+3.0‰が続く,401m先でATC現示が70km/hから55km/hに低下する,0.0,0.0,1,10.0,先行列車なし,0,,0,0,0,後続列車なし,該当なし,該当なし,0,0,0,30,240,,,
75.5,sawtooth_s1_2s,1,1.965949,次駅への減速フェーズ（駅手前400m以内）,制動,10.6,力行,0.9,5.87,33.35,70.0,70.0,70.0,33.3,65.3,59.7,勾配力行 ↔ 惰行,惰行,33.3,0.0,,75.0,70.0,70.0,,56.6,9.5,56.72,-0.17,3.0,-0.252,3.121,当面+3.0‰が続く,396m先でATC現示が70km/hから55km/hに低下する,0.0,0.0,1,9.5,先行列車なし,0,,0,0,0,後続列車なし,該当なし,該当なし,0,0,0,30,240,,,
76.0,sawtooth_s1_2s,1,1.970484,次駅への減速フェーズ（駅手前400m以内）,制動,11.1,力行,0.9,5.87,31.98,70.0,70.0,70.0,32.0,65.3,59.7,勾配力行 ↔ 惰行,惰行,32.0,0.0,,75.0,70.0,70.0,,52.0,9.0,52.19,-0.17,3.0,-0.248,3.125,当面+3.0‰が続く,391m先でATC現示が70km/hから55km/hに低下する,0.0,0.0,1,9.0,先行列車なし,0,,0,0,0,後続列車なし,該当なし,該当なし,0,0,0,30,240,,,
76.5,sawtooth_s1_2s,1,1.974828,次駅への減速フェーズ（駅手前400m以内）,制動,11.6,力行,0.9,5.87,30.6,70.0,70.0,70.0,30.6,65.3,59.7,勾配力行 ↔ 惰行,惰行,30.6,0.0,,75.0,70.0,70.0,,47.7,8.5,47.84,-0.17,3.0,-0.244,3.129,当面+3.0‰が続く,387m先でATC現示が70km/hから55km/hに低下する,0.0,0.0,1,8.5,先行列車なし,0,,0,0,0,後続列車なし,該当なし,該当なし,0,0,0,30,240,,,
77.0,sawtooth_s1_2s,1,1.978981,次駅への減速フェーズ（駅手前400m以内）,制動,12.1,力行,0.9,5.87,29.23,70.0,70.0,70.0,29.2,65.3,59.7,勾配力行 ↔ 惰行,惰行,29.2,0.0,,75.0,70.0,70.0,,43.5,8.0,43.69,-0.17,3.0,-0.241,3.133,当面+3.0‰が続く,383m先でATC現示が70km/hから55km/hに低下する,0.0,0.0,1,8.0,先行列車なし,0,,0,0,0,後続列車なし,該当なし,該当なし,0,0,0,30,240,,,
77.5,sawtooth_s1_2s,1,1.982944,次駅への減速フェーズ（駅手前400m以内）,制動,12.6,力行,0.9,5.87,27.86,70.0,70.0,70.0,27.9,65.3,59.8,勾配力行 ↔ 惰行,惰行,27.9,0.0,,75.0,70.0,70.0,,39.6,7.5,39.72,-0.17,3.0,-0.237,3.137,当面+3.0‰が続く,379m先でATC現示が70km/hから55km/hに低下する,0.0,0.0,1,7.5,先行列車なし,0,,0,0,0,後続列車なし,該当なし,該当なし,0,0,0,30,240,,,
78.0,sawtooth_s1_2s,1,1.986717,次駅への減速フェーズ（駅手前400m以内）,制動,13.1,力行,0.9,5.87,26.5,70.0,70.0,70.0,26.5,65.3,59.8,勾配力行 ↔ 惰行,惰行,26.5,0.0,,75.0,70.0,70.0,,35.8,7.0,35.95,-0.16,3.0,-0.233,3.141,当面+3.0‰が続く,375m先でATC現示が70km/hから55km/hに低下する,0.0,0.0,1,7.0,先行列車なし,0,,0,0,0,後続列車なし,該当なし,該当なし,0,0,0,30,240,,,
78.5,sawtooth_s1_2s,1,1.990301,次駅への減速フェーズ（駅手前400m以内）,制動,13.6,力行,0.9,5.87,25.13,70.0,70.0,70.0,25.1,65.3,59.9,勾配力行 ↔ 惰行,惰行,25.1,0.0,,75.0,70.0,70.0,,32.2,6.5,32.36,-0.16,3.0,-0.23,3.144,当面+3.0‰が続く,371m先でATC現示が70km/hから55km/hに低下する,0.0,0.0,1,6.5,先行列車なし,0,,0,0,0,後続列車なし,該当なし,該当なし,0,0,0,30,240,,,
79.0,sawtooth_s1_2s,1,1.993694,次駅への減速フェーズ（駅手前400m以内）,制動,14.1,力行,0.9,5.87,23.77,70.0,70.0,70.0,23.8,65.3,60.0,勾配力行 ↔ 惰行,惰行,23.8,0.0,,75.0,70.0,70.0,,28.8,6.0,28.97,-0.16,3.0,-0.226,3.148,当面+3.0‰が続く,368m先でATC現示が70km/hから55km/hに低下する,0.0,0.0,1,6.0,先行列車なし,0,,0,0,0,後続列車なし,該当なし,該当なし,0,0,0,30,240,,,
79.5,sawtooth_s1_2s,1,1.996898,次駅への減速フェーズ（駅手前400m以内）,制動,14.6,力行,0.9,5.87,22.4,70.0,70.0,70.0,22.4,65.3,59.9,勾配力行 ↔ 惰行,惰行,22.4,0.0,,75.0,70.0,70.0,,25.6,5.5,25.76,-0.16,3.0,-0.223,3.151,当面+3.0‰が続く,365m先でATC現示が70km/hから55km/hに低下する,0.0,0.0,1,5.5,先行列車なし,0,,0,0,0,後続列車なし,該当なし,該当なし,0,0,0,30,240,,,
80.0,sawtooth_s1_2s,1,1.999914,次駅への減速フェーズ（駅手前400m以内）,制動,15.1,力行,0.9,5.87,21.04,70.0,70.0,70.0,21.0,65.3,60.0,勾配力行 ↔ 惰行,惰行,21.0,0.0,,75.0,70.0,70.0,,22.6,5.0,22.74,-0.16,3.0,-0.219,3.154,当面+3.0‰が続く,362m先でATC現示が70km/hから55km/hに低下する,0.0,0.0,1,5.0,先行列車なし,0,,0,0,0,後続列車なし,該当なし,該当なし,0,0,0,30,240,,,
80.5,sawtooth_s1_2s,1,2.00274,次駅への減速フェーズ（駅手前400m以内）,制動,15.6,力行,0.9,5.87,19.68,70.0,70.0,70.0,19.7,65.3,60.1,勾配力行 ↔ 惰行,惰行,19.7,0.0,,75.0,70.0,70.0,,19.8,4.5,19.91,-0.15,3.0,-0.216,3.158,当面+3.0‰が続く,359m先でATC現示が70km/hから55km/hに低下する,0.0,0.0,1,4.5,先行列車なし,0,,0,0,0,後続列車なし,該当なし,該当なし,0,0,0,30,240,,,
81.0,sawtooth_s1_2s,1,2.005378,次駅への減速フェーズ（駅手前400m以内）,制動,16.1,力行,0.9,5.87,18.33,70.0,70.0,70.0,18.3,65.3,60.1,勾配力行 ↔ 惰行,惰行,18.3,0.0,,75.0,70.0,70.0,,17.1,4.0,17.27,-0.15,3.0,-0.213,3.161,当面+3.0‰が続く,356m先でATC現示が70km/hから55km/hに低下する,0.0,0.0,1,4.0,先行列車なし,0,,0,0,0,後続列車なし,該当なし,該当なし,0,0,0,30,240,,,
81.5,sawtooth_s1_2s,1,2.007827,次駅への減速フェーズ（駅手前400m以内）,制動,16.6,力行,0.9,5.87,16.97,70.0,70.0,70.0,17.0,65.3,60.2,勾配力行 ↔ 惰行,惰行,17.0,0.0,,75.0,70.0,70.0,,14.7,3.5,14.82,-0.15,3.0,-0.21,3.164,当面+3.0‰が続く,354m先でATC現示が70km/hから55km/hに低下する,0.0,0.0,1,3.5,先行列車なし,0,,0,0,0,後続列車なし,該当なし,該当なし,0,0,0,30,240,,,
82.0,sawtooth_s1_2s,1,2.010088,次駅への減速フェーズ（駅手前400m以内）,制動,17.1,力行,0.9,5.87,15.62,70.0,70.0,70.0,15.6,65.3,60.2,勾配力行 ↔ 惰行,惰行,15.6,0.0,,75.0,70.0,70.0,,12.4,3.0,12.56,-0.15,3.0,-0.207,3.167,当面+3.0‰が続く,352m先でATC現示が70km/hから55km/hに低下する,0.0,0.0,1,3.0,先行列車なし,0,,0,0,0,後続列車なし,該当なし,該当なし,0,0,0,30,240,,,
82.5,sawtooth_s1_2s,1,2.012162,次駅への減速フェーズ（駅手前400m以内）,制動,17.6,力行,0.9,5.87,14.26,70.0,70.0,70.0,14.2,65.2,60.2,勾配力行 ↔ 惰行,惰行,14.2,0.0,,75.0,70.0,70.0,,10.3,2.5,10.49,-0.15,3.0,-0.204,3.169,当面+3.0‰が続く,350m先でATC現示が70km/hから55km/hに低下する,0.0,0.0,1,2.5,先行列車なし,0,,0,0,0,後続列車なし,該当なし,該当なし,0,0,0,30,240,,,
83.0,sawtooth_s1_2s,1,2.014047,次駅への減速フェーズ（駅手前400m以内）,制動,18.1,力行,0.9,5.87,12.91,70.0,70.0,70.0,12.9,65.2,60.3,勾配力行 ↔ 惰行,惰行,12.9,0.0,,75.0,70.0,70.0,,8.5,2.0,8.6,-0.14,3.0,-0.201,3.172,当面+3.0‰が続く,348m先でATC現示が70km/hから55km/hに低下する,0.0,0.0,1,2.0,先行列車なし,0,,0,0,0,後続列車なし,該当なし,該当なし,0,0,0,30,240,,,
83.5,sawtooth_s1_2s,1,2.015745,次駅への減速フェーズ（駅手前400m以内）,制動,18.6,力行,0.9,5.87,11.56,70.0,70.0,70.0,11.5,65.2,60.3,勾配力行 ↔ 惰行,惰行,11.5,0.0,,75.0,70.0,70.0,,6.8,1.5,6.9,-0.14,3.0,-0.199,3.175,当面+3.0‰が続く,346m先でATC現示が70km/hから55km/hに低下する,0.0,0.0,1,1.5,先行列車なし,0,,0,0,0,後続列車なし,該当なし,該当なし,0,0,0,30,240,,,
84.0,sawtooth_s1_2s,1,2.017255,次駅への減速フェーズ（駅手前400m以内）,制動,19.1,力行,0.9,5.87,10.21,70.0,70.0,70.0,10.2,65.2,60.3,勾配力行 ↔ 惰行,惰行,10.2,0.0,,75.0,70.0,70.0,,5.2,1.0,5.39,-0.14,3.0,-0.196,3.177,当面+3.0‰が続く,345m先でATC現示が70km/hから55km/hに低下する,0.0,0.0,1,1.0,先行列車なし,0,,0,0,0,後続列車なし,該当なし,該当なし,0,0,0,30,240,,,
84.5,sawtooth_s1_2s,1,2.018578,次駅への減速フェーズ（駅手前400m以内）,制動,19.6,力行,0.9,5.87,8.87,70.0,70.0,70.0,8.8,65.2,60.4,勾配力行 ↔ 惰行,惰行,8.8,0.0,,75.0,70.0,70.0,,3.9,0.5,4.06,-0.14,3.0,-0.194,3.18,当面+3.0‰が続く,343m先でATC現示が70km/hから55km/hに低下する,0.0,0.0,1,0.5,先行列車なし,0,,0,0,0,後続列車なし,該当なし,該当なし,0,0,0,30,240,,,
85.0,sawtooth_s1_2s,1,2.019714,次駅への減速フェーズ（駅手前400m以内）,制動,20.1,力行,0.9,5.87,7.52,70.0,70.0,70.0,7.5,65.2,60.4,勾配力行 ↔ 惰行,惰行,7.5,0.0,,75.0,70.0,70.0,,2.8,0.0,2.92,-0.14,3.0,-0.191,3.182,当面+3.0‰が続く,342m先でATC現示が70km/hから55km/hに低下する,0.0,0.0,1,0.0,先行列車なし,0,,0,0,0,後続列車なし,該当なし,該当なし,0,0,0,30,240,,,
85.5,sawtooth_s1_2s,1,2.020664,次駅への減速フェーズ（駅手前400m以内）,制動,20.6,力行,0.9,5.87,6.18,70.0,70.0,70.0,6.1,65.2,60.4,勾配力行 ↔ 惰行,惰行,6.1,0.0,,75.0,70.0,70.0,,1.8,0.0,1.97,-0.14,3.0,-0.189,3.185,当面+3.0‰が続く,341m先でATC現示が70km/hから55km/hに低下する,0.5,0.5,1,0.0,先行列車なし,0,,0,0,0,後続列車なし,該当なし,該当なし,0,0,0,30,240,,,
86.0,sawtooth_s1_2s,1,2.021426,次駅への減速フェーズ（駅手前400m以内）,制動,21.1,力行,0.9,5.87,4.83,70.0,70.0,70.0,4.8,65.2,60.4,勾配力行 ↔ 惰行,惰行,4.8,0.0,,75.0,70.0,70.0,,1.1,0.0,1.21,-0.13,3.0,-0.187,3.187,当面+3.0‰が続く,340m先でATC現示が70km/hから55km/hに低下する,1.0,1.0,1,0.0,先行列車なし,0,,0,0,0,後続列車なし,該当なし,該当なし,0,0,0,30,240,,,
86.5,sawtooth_s1_2s,1,2.022002,次駅への減速フェーズ（駅手前400m以内）,制動,21.6,力行,0.9,5.87,3.49,70.0,70.0,70.0,3.4,65.2,60.4,勾配力行 ↔ 惰行,惰行,3.4,0.1,,75.0,70.0,70.0,,0.5,0.0,0.63,-0.13,3.0,-0.185,3.189,当面+3.0‰が続く,340m先でATC現示が70km/hから55km/hに低下する,1.5,1.5,1,0.0,先行列車なし,0,,0,0,0,後続列車なし,該当なし,該当なし,0,0,0,30,240,,,
87.0,sawtooth_s1_2s,1,2.022391,次駅への減速フェーズ（駅手前400m以内）,制動,22.1,力行,0.9,5.87,2.15,70.0,70.0,70.0,2.0,65.2,60.4,勾配力行 ↔ 惰行,惰行,2.0,0.1,,75.0,70.0,70.0,,0.1,0.0,0.24,-0.13,3.0,-0.183,3.191,当面+3.0‰が続く,339m先でATC現示が70km/hから55km/hに低下する,2.0,2.0,1,0.0,先行列車なし,0,,0,0,0,後続列車なし,該当なし,該当なし,0,0,0,30,240,,,
87.5,sawtooth_s1_2s,1,2.022594,次駅への減速フェーズ（駅手前400m以内）,制動,22.6,力行,0.9,5.87,0.81,70.0,70.0,70.0,1.5,65.2,60.5,勾配力行 ↔ 惰行,惰行,1.5,-0.7,,75.0,0.0,0.0,,-0.1,0.0,0.03,-0.13,3.0,-0.181,3.193,当面+3.0‰が続く,339m先でATC現示が70km/hから55km/hに低下する,2.5,2.5,1,0.0,先行列車なし,0,,0,0,0,後続列車なし,該当なし,該当なし,0,0,0,30,240,,,
0.0,brake_late_s1,1,0.9645,駅出発直後の加速フェーズ（20秒以内）,力行,0.0,なし（または停止）,0.0,0.0,0.0,75.0,75.0,75.0,0.0,70.2,64.3,勾配力行 ↔ 惰行,惰行,0.0,-0.0,50.4,75.0,58.8,58.8,,1058.0,85.0,0.0,1058.0,2.0,-0.144,3.229,265m先で勾配が+2.0‰から+3.5‰に変わる,707m先でATC現示が75km/hから70km/hに低下する,0.0,0.0,1,85.0,先行列車なし,0,,0,0,0,後続列車なし,該当なし,該当なし,0,0,0,30,240,,,
1.0,brake_late_s1,1,0.964953,駅出発直後の加速フェーズ（20秒以内）,力行,1.0,なし（または停止）,0.0,0.0,3.23,75.0,75.0,75.0,3.2,70.2,64.3,勾配力行 ↔ 惰行,惰行,3.2,0.0,51.3,75.0,58.8,58.8,,1057.5,84.0,0.55,1057.0,2.0,-0.149,3.225,265m先で勾配が+2.0‰から+3.5‰に変わる,707m先でATC現示が75km/hから70km/hに低下する,0.0,0.0,1,84.0,先行列車なし,0,,0,0,0,後続列車なし,該当なし,該当なし,0,0,0,30,240,,,
2.0,brake_late_s1,1,0.966301,駅出発直後の加速フェーズ（20秒以内）,力行,2.0,なし（または停止）,0.0,0.0,6.45,75.0,75.0,75.0,6.4,70.2,64.3,勾配力行 ↔ 惰行,惰行,6.4,-0.0,52.0,75.0,58.8,58.8,,1056.2,83.0,2.18,1054.02,2.0,-0.154,3.219,265m先で勾配が+2.0‰から+3.5‰に変わる,705m先でATC現示が75km/hから70km/hに低下する,0.0,0.0,1,83.0,先行列車なし,0,,0,0,0,後続列車なし,該当なし,該当なし,0,0,0,30,240,,,
3.0,brake_late_s1,1,0.968544,駅出発直後の加速フェーズ（20秒以内）,力行,3.0,なし（または停止）,0.0,0.0,9.67,75.0,75.0,75.0,9.7,70.2,64.4,勾配力行 ↔ 惰行,惰行,9.7,-0.0,52.8,75.0,58.8,58.8,,1054.0,82.0,4.89,1049.07,2.0,-0.16,3.214,260m先で勾配が+2.0‰から+3.5‰に変わる,703m先でATC現示が75km/hから70km/hに低下する,0.0,0.0,1,82.0,先行列車なし,0,,0,0,0,後続列車なし,該当なし,該当なし,0,0,0,30,240,,,
4.0,brake_late_s1,1,0.97168,駅出発直後の加速フェーズ（20秒以内）,力行,4.0,なし（または停止）,0.0,0.0,12.88,75.0,75.0,75.0,12.9,70.2,64.4,勾配力行 ↔ 惰行,惰行,12.9,0.0,53.3,75.0,58.8,58.8,,1050.8,81.0,8.66,1042.16,2.0,-0.166,3.208,260m先で勾配が+2.0‰から+3.5‰に変わる,700m先でATC現示が75km/hから70km/hに低下する,0.0,0.0,1,81.0,先行列車なし,0,,0,0,0,後続列車なし,該当なし,該当なし,0,0,0,30,240,,,
5.0,brake_late_s1,1,0.975706,駅出発直後の加速フェーズ（20秒以内）,力行,5.0,なし（または停止）,0.0,0.0,16.08,75.0,75.0,75.0,16.1,70.2,64.4,勾配力行 ↔ 惰行,惰行,16.1,-0.0,54.1,75.0,59.0,59.0,,1046.8,80.0,13.49,1033.3,2.0,-0.173,3.201,255m先で勾配が+2.0‰から+3.5‰に変わる,696m先でATC現示が75km/hから70km/hに低下する,0.0,0.0,1,80.0,先行列車なし,0,,0,0,0,後続列車なし,該当なし,該当なし,0,0,0,30,240,,,
6.0,brake_late_s1,1,0.980622,駅出発直後の加速フェーズ（20秒以内）,力行,6.0,なし（または停止）,0.0,0.0,19.28,75.0,75.0,75.0,19.3,70.2,64.4,勾配力行 ↔ 惰行,惰行,19.3,0.0,54.5,75.0,59.0,59.0,,1041.9,79.0,19.36,1022.52,2.0,-0.18,3.194,250m先で勾配が+2.0‰から+3.5‰に変わる,691m先でATC現示が75km/hから70km/hに低下する,0.0,0.0,1,79.0,先行列車なし,0,,0,0,0,後続列車なし,該当なし,該当なし,0,0,0,30,240,,,
7.0,brake_late_s1,1,0.986425,駅出発直後の加速フェーズ（20秒以内）,力行,7.0,なし（または停止）,0.0,0.0,22.47,75.0,75.0,75.0,22.5,70.2,64.4,勾配力行 ↔ 惰行,惰行,22.5,0.0,55.2,75.0,59.0,59.0,,1036.1,78.0,26.25,1009.82,2.0,-0.188,3.186,245m先で勾配が+2.0‰から+3.5‰に変わる,685m先でATC現示が75km/hから70km/hに低下する,0.0,0.0,1,78.0,先行列車なし,0,,0,0,0,後続列車なし,該当なし,該当なし,0,0,0,30,240,,,
8.0,brake_late_s1,1,0.993113,駅出発直後の加速フェーズ（20秒以内）,力行,8.0,なし（または停止）,0.0,0.0,25.65,75.0,75.0,75.0,25.7,70.2,64.4,勾配力行 ↔ 惰行,惰行,25.7,0.0,56.0,75.0,59.0,59.0,,1029.4,77.0,34.15,995.24,2.0,-0.196,3.178,235m先で勾配が+2.0‰から+3.5‰に変わる,679m先でATC現示が75km/hから70km/hに低下する,0.0,0.0,1,77.0,先行列車なし,0,,0,0,0,後続列車なし,該当なし,該当なし,0,0,0,30,240,,,
9.0,brake_late_s1,1,1.000683,駅出発直後の加速フェーズ（20秒以内）,力行,9.0,なし（または停止）,0.0,0.0,28.82,75.0,75.0,75.0,28.8,70.2,64.4,勾配力行 ↔ 惰行,惰行,28.8,-0.0,56.1,75.0,59.0,59.0,,1021.8,76.0,43.05,978.77,2.0,-0.204,3.17,230m先で勾配が+2.0‰から+3.5‰に変わる,671m先でATC現示が75km/hから70km/hに低下する,0.0,0.0,1,76.0,先行列車なし,0,,0,0,0,後続列車なし,該当なし,該当なし,0,0,0,30,240,,,
10.0,brake_late_s1,1,1.009134,駅出発直後の加速フェーズ（20秒以内）,力行,10.0,なし（または停止）,0.0,0.0,31.99,75.0,75.0,75.0,32.0,70.3,64.4,勾配力行 ↔ 惰行,惰行,32.0,-0.0,57.0,75.0,59.0,59.0,,1013.4,75.0,52.92,960.45,2.0,-0.213,3.161,220m先で勾配が+2.0‰から+3.5‰に変わる,663m先でATC現示が75km/hから70km/hに低下する,0.0,0.0,1,75.0,先行列車なし,0,,0,0,0,後続列車なし,該当なし,該当なし,0,0,0,30,240,,,
11.0,brake_late_s1,1,1.018463,駅出発直後の加速フェーズ（20秒以内）,力行,11.0,なし（または停止）,0.0,0.0,35.15,75.0,75.0,75.0,35.1,70.3,64.5,勾配力行 ↔ 惰行,惰行,35.1,-0.0,57.2,75.0,59.0,59.0,,1004.0,74.0,63.74,940.29,2.0,-0.223,3.151,210m先で勾配が+2.0‰から+3.5‰に変わる,653m先でATC現示が75km/hから70km/hに低下する,0.0,0.0,1,74.0,先行列車なし,0,,0,0,0,後続列車なし,該当なし,該当なし,0,0,0,30,240,,,
12.0,brake_late_s1,1,1.028668,駅出発直後の加速フェーズ（20秒以内）,力行,12.0,なし（または停止）,0.0,0.0,38.29,75.0,75.0,75.0,38.3,70.3,64.5,勾配力行 ↔ 惰行,惰行,38.3,0.0,57.9,75.0,59.0,59.0,,993.8,73.0,75.51,918.32,2.0,-0.232,3.141,200m先で勾配が+2.0‰から+3.5‰に変わる,643m先でATC現示が75km/hから70km/hに低下する,0.0,0.0,1,73.0,先行列車なし,0,,0,0,0,後続列車なし,該当なし,該当なし,0,0,0,30,240,,,
13.0,brake_late_s1,1,1.039743,駅出発直後の加速フェーズ（20秒以内）,力行,13.0,なし（または停止）,0.0,0.0,41.4,75.0,75.0,75.0,41.4,70.5,64.7,勾配力行 ↔ 惰行,惰行,41.4,-0.0,57.9,75.0,59.0,59.0,,982.8,72.0,88.09,894.67,2.0,-0.243,3.017,190m先で勾配が+2.0‰から+3.5‰に変わる,632m先でATC現示が75km/hから70km/hに低下する,0.0,0.0,1,72.0,先行列車なし,0,,0,0,0,後続列車なし,該当なし,該当なし,0,0,0,30,240,,,
14.0,brake_late_s1,1,1.051656,駅出発直後の加速フェーズ（20秒以内）,力行,14.0,なし（または停止）,0.0,0.0,44.3,75.0,75.0,75.0,44.3,70.8,65.0,勾配力行 ↔ 惰行,惰行,44.3,-0.0,58.2,75.0,59.0,59.0,,970.8,71.0,100.66,870.18,2.0,-0.253,2.793,180m先で勾配が+2.0‰から+3.5‰に変わる,620m先でATC現示が75km/hから70km/hに低下する,0.0,0.0,1,71.0,先行列車なし,0,,0,0,0,後続列車なし,該当なし,該当なし,0,0,0,30,240,,,
15.0,brake_late_s1,1,1.064346,駅出発直後の加速フェーズ（20秒以内）,力行,15.0,なし（または停止）,0.0,0.0,47.0,75.0,75.0,75.0,47.0,71.1,65.3,勾配力行 ↔ 惰行,惰行,47.0,-0.0,58.8,75.0,59.0,59.0,,958.2,70.0,113.07,845.08,2.0,-0.262,2.609,165m先で勾配が+2.0‰から+3.5‰に変わる,607m先でATC現示が75km/hから70km/hに低下する,0.0,0.0,1,70.0,先行列車なし,0,,0,0,0,後続列車なし,該当なし,該当なし,0,0,0,30,240,,,
16.0,brake_late_s1,1,1.077761,駅出発直後の加速フェーズ（20秒以内）,力行,16.0,なし（または停止）,0.0,0.0,49.53,75.0,75.0,75.0,49.5,71.3,65.5,勾配力行 ↔ 惰行,惰行,49.5,-0.0,58.8,75.0,59.0,59.0,,944.7,69.0,125.33,819.41,2.0,-0.272,2.453,150m先で勾配が+2.0‰から+3.5‰に変わる,594m先でATC現示が75km/hから70km/hに低下する,0.0,0.0,1,69.0,先行列車なし,0,,0,0,0,後続列車なし,該当なし,該当なし,0,0,0,30,240,,,
17.0,brake_late_s1,1,1.091858,駅出発直後の加速フェーズ（20秒以内）,力行,17.0,なし（または停止）,0.0,0.0,51.92,75.0,75.0,75.0,51.9,71.5,65.7,勾配力行 ↔ 惰行,惰行,51.9,-0.0,58.8,75.0,59.0,59.0,,930.6,68.0,137.4,793.24,2.0,-0.281,2.319,140m先で勾配が+2.0‰から+3.5‰に変わる,580m先でATC現示が75km/hから70km/hに低下する,0.0,0.0,1,68.0,先行列車なし,0,,0,0,0,後続列車なし,該当なし,該当なし,0,0,0,30,240,,,
18.0,brake_late_s1,1,1.1066,駅出発直後の加速フェーズ（20秒以内）,力行,18.0,なし（または停止）,0.0,0.0,54.18,75.0,75.0,75.0,54.2,71.7,65.9,勾配力行 ↔ 惰行,惰行,54.2,0.0,58.8,75.0,59.0,59.0,,915.9,67.0,148.8,767.1,2.0,-0.289,2.201,125m先で勾配が+2.0‰から+3.5‰に変わる,565m先でATC現示が75km/hから70km/hに低下する,0.0,0.0,1,67.0,先行列車なし,0,,0,0,0,後続列車なし,該当なし,該当なし,0,0,0,30,240,,,
19.0,brake_late_s1,1,1.121953,駅出発直後の加速フェーズ（20秒以内）,力行,19.0,なし（または停止）,0.0,0.0,56.33,75.0,75.0,75.0,56.3,71.9,66.0,勾配力行 ↔ 惰行,惰行,56.3,-0.0,59.0,75.0,59.0,59.0,,900.5,66.0,159.92,740.63,2.0,-0.298,2.098,110m先で勾配が+2.0‰から+3.5‰に変わる,550m先でATC現示が75km/hから70km/hに低下する,0.0,0.0,1,66.0,先行列車なし,0,,0,0,0,後続列車なし,該当なし,該当なし,0,0,0,30,240,,,
20.0,brake_late_s1,1,1.137889,巡航フェーズ（駅間走行中）,力行,20.0,なし（または停止）,0.0,0.0,58.38,75.0,75.0,75.0,58.4,72.0,66.2,勾配力行 ↔ 惰行,惰行,58.4,-0.0,59.3,75.0,59.0,59.0,,884.6,65.0,170.87,713.74,2.0,-0.307,2.005,90m先で勾配が+2.0‰から+3.5‰に変わる,534m先でATC現示が75km/hから70km/hに低下する,0.0,0.0,1,65.0,先行列車なし,0,,0,0,0,後続列車なし,該当なし,該当なし,0,0,0,30,240,,,
21.0,brake_late_s1,1,1.154353,巡航フェーズ（駅間走行中）,惰行,0.0,力行,0.0,2.26,59.71,75.0,75.0,75.0,60.3,72.1,66.3,勾配力行 ↔ 惰行,惰行,60.3,-0.6,59.5,75.0,59.7,59.7,,868.1,64.0,178.06,690.09,2.0,-0.312,1.948,75m先で勾配が+2.0‰から+3.5‰に変わる,517m先でATC現示が75km/hから70km/hに低下する,0.0,0.0,1,64.0,先行列車なし,0,,0,0,0,後続列車なし,該当なし,該当なし,0,0,0,30,240,,,
22.0,brake_late_s1,1,1.170939,巡航フェーズ（駅間走行中）,惰行,0.0,力行,0.0,2.26,59.72,75.0,75.0,75.0,62.2,72.1,66.3,勾配力行 ↔ 惰行,惰行,62.2,-2.5,58.9,75.0,59.7,59.7,,851.6,63.0,177.66,673.9,2.0,-0.312,1.948,60m先で勾配が+2.0‰から+3.5‰に変わる,501m先でATC現示が75km/hから70km/hに低下する,0.0,0.0,1,63.0,先行列車なし,0,,0,0,0,後続列車なし,該当なし,該当なし,0,0,0,30,240,,,
23.0,brake_late_s1,1,1.187524,現示低下点への接近フェーズ（500m以内に現示の低下あり）,力行,0.0,惰行,0.1,2.26,59.7,75.0,75.0,75.0,63.9,72.1,66.3,勾配力行 ↔ 惰行,惰行,63.9,-4.2,59.2,75.0,59.7,59.7,,835.0,62.0,176.54,658.43,2.0,-0.312,1.948,40m先で勾配が+2.0‰から+3.5‰に変わる,484m先でATC現示が75km/hから70km/hに低下する,0.0,0.0,1,62.0,先行列車なし,0,,0,0,0,後続列車なし,該当なし,該当なし,0,0,0,30,240,,,
24.0,brake_late_s1,1,1.20411,現示低下点への接近フェーズ（500m以内に現示の低下あり）,惰行,0.1,力行,0.0,2.26,59.7,75.0,75.0,75.0,65.5,72.1,66.4,勾配力行 ↔ 惰行,惰行,65.5,-5.8,59.4,75.0,59.7,59.7,,818.4,61.0,172.49,645.9,2.0,-0.312,1.948,25m先で勾配が+2.0‰から+3.5‰に変わる,468m先でATC現示が75km/hから70km/hに低下する,0.0,0.0,1,61.0,先行列車なし,0,,0,0,0,後続列車なし,該当なし,該当なし,0,0,0,30,240,,,
25.0,brake_late_s1,1,1.220695,現示低下点への接近フェーズ（500m以内に現示の低下あり）,惰行,0.1,力行,0.0,2.26,59.71,75.0,75.0,75.0,67.0,72.1,66.5,勾配力行 ↔ 惰行,惰行,67.0,-7.3,58.8,75.0,59.7,59.7,,801.8,60.0,168.47,633.33,2.0,-0.312,1.948,10m先で勾配が+2.0‰から+3.5‰に変わる,451m先でATC現示が75km/hから70km/hに低下する,0.0,0.0,1,60.0,先行列車なし,0,,0,0,0,後続列車なし,該当なし,該当なし,0,0,0,30,240,,,
26.0,brake_late_s1,1,1.237281,現示低下点への接近フェーズ（500m以内に現示の低下あり）,惰行,0.1,力行,0.0,2.26,59.7,75.0,75.0,75.0,68.5,72.2,66.7,勾配力行 ↔ 惰行,惰行,68.5,-8.8,59.0,75.0,59.7,59.7,,785.2,59.0,164.61,620.61,3.5,-0.365,1.895,15m先で勾配が+3.5‰から+4.0‰に変わる,435m先でATC現示が75km/hから70km/hに低下する,0.0,0.0,1,59.0,先行列車なし,0,,0,0,0,後続列車なし,該当なし,該当なし,0,0,0,30,240,,,
27.0,brake_late_s1,1,1.253866,現示低下点への接近フェーズ（500m以内に現示の低下あり）,惰行,0.0,力行,0.0,2.26,59.72,75.0,75.0,75.0,69.8,72.2,66.7,勾配力行 ↔ 惰行,惰行,69.8,-10.1,59.3,75.0,59.7,59.7,,768.6,58.0,160.77,607.87,4.0,-0.383,1.877,110m先で勾配が+4.0‰から+27.0‰に変わる,418m先でATC現示が75km/hから70km/hに低下する,0.0,0.0,1,58.0,先行列車なし,0,,0,0,0,後続列車なし,該当なし,該当なし,0,0,0,30,240,,,
28.0,brake_late_s1,1,1.270452,現示低下点への接近フェーズ（500m以内に現示の低下あり）,惰行,0.0,力行,0.0,2.26,59.72,75.0,75.0,75.0,71.0,72.2,66.7,勾配力行 ↔ 惰行,惰行,71.0,-11.3,58.8,75.0,59.7,59.7,,752.0,57.0,157.11,594.94,4.0,-0.383,1.877,95m先で勾配が+4.0‰から+27.0‰に変わる,401m先でATC現示が75km/hから70km/hに低下する,0.0,0.0,1,57.0,先行列車なし,0,,0,0,0,後続列車なし,該当なし,該当なし,0,0,0,30,240,,,
29.0,brake_late_s1,1,1.287037,現示低下点への接近フェーズ（500m以内に現示の低下あり）,惰行,0.0,力行,0.0,2.26,59.72,75.0,75.0,75.0,72.3,72.2,66.7,勾配力行 ↔ 惰行,惰行,72.3,-12.5,58.8,75.0,59.7,59.7,,735.5,56.0,153.33,582.14,4.0,-0.383,1.877,75m先で勾配が+4.0‰から+27.0‰に変わる,385m先でATC現示が75km/hから70km/hに低下する,0.0,0.0,1,56.0,先行列車なし,0,,0,0,0,後続列車なし,該当なし,該当なし,0,0,0,30,240,,,
30.0,brake_late_s1,1,1.303623,現示低下点への接近フェーズ（500m以内に現示の低下あり）,力行,0.0,惰行,0.1,2.26,59.7,75.0,75.0,75.0,73.4,72.2,66.7,勾配力行 ↔ 惰行,惰行,73.4,-13.7,59.2,75.0,59.7,59.7,,718.9,55.0,149.66,569.22,4.0,-0.383,1.878,60m先で勾配が+4.0‰から+27.0‰に変わる,368m先でATC現示が75km/hから70km/hに低下する,0.0,0.0,1,55.0,先行列車なし,0,,0,0,0,後続列車なし,該当なし,該当なし,0,0,0,30,240,,,
31.0,brake_late_s1,1,1.320208,現示低下点への接近フェーズ（500m以内に現示の低下あり）,力行,0.0,惰行,0.1,2.26,59.7,75.0,75.0,75.0,73.8,72.2,67.1,勾配力行 ↔ 惰行,惰行,73.8,-14.1,58.8,75.0,59.7,59.7,,702.3,54.0,145.86,556.44,4.0,-0.383,1.878,45m先で勾配が+4.0‰から+27.0‰に変わる,352m先でATC現示が75km/hから70km/hに低下する,0.0,0.0,1,54.0,先行列車なし,0,,0,0,0,後続列車なし,該当なし,該当なし,0,0,0,30,240,,,
32.0,brake_late_s1,1,1.336793,現示低下点への接近フェーズ（500m以内に現示の低下あり）,惰行,0.1,力行,0.0,2.26,59.7,75.0,75.0,75.0,73.5,72.2,68.3,勾配力行 ↔ 惰行,惰行,73.5,-13.8,58.8,75.0,59.7,59.7,,685.7,53.0,142.41,543.29,4.0,-0.383,1.878,30m先で勾配が+4.0‰から+27.0‰に変わる,335m先でATC現示が75km/hから70km/hに低下する,0.0,0.0,1,53.0,先行列車なし,0,,0,0,0,後続列車なし,該当なし,該当なし,0,0,0,30,240,,,
33.0,brake_late_s1,1,1.353379,現示低下点への接近フェーズ（500m以内に現示の低下あり）,惰行,0.1,力行,0.0,2.26,59.7,75.0,75.0,75.0,73.1,72.2,67.0,勾配力行 ↔ 惰行,勾配力行,73.1,-13.4,58.9,75.0,59.7,59.7,,669.1,52.0,138.76,530.36,4.0,-0.383,1.878,10m先で勾配が+4.0‰から+27.0‰に変わる,318m先でATC現示が75km/hから70km/hに低下する,0.0,0.0,1,52.0,先行列車なし,0,,0,0,0,後続列車なし,該当なし,該当なし,0,0,0,30,240,,,
34.0,brake_late_s1,1,1.369963,現示低下点への接近フェーズ（500m以内に現示の低下あり）,力行,0.0,惰行,0.0,2.26,59.7,75.0,75.0,75.0,72.4,73.0,67.0,勾配力行 ↔ 惰行,勾配力行,72.4,-12.7,58.8,75.0,59.7,59.7,,652.5,51.0,136.42,516.12,27.0,-1.194,1.066,120m先で勾配が+27.0‰から+28.0‰に変わる,302m先でATC現示が75km/hから70km/hに低下する,0.0,0.0,1,51.0,先行列車なし,0,,0,0,0,後続列車なし,該当なし,該当なし,0,0,0,30,240,,,
35.0,brake_late_s1,1,1.386546,現示低下点への接近フェーズ（500m以内に現示の低下あり）,惰行,0.0,力行,0.0,2.26,59.7,75.0,75.0,75.0,71.4,73.0,67.0,勾配力行 ↔ 惰行,勾配力行,71.4,-11.7,58.8,75.0,59.7,59.7,,636.0,50.0,136.28,499.68,27.0,-1.194,1.066,105m先で勾配が+27.0‰から+28.0‰に変わる,285m先でATC現示が75km/hから70km/hに低下する,0.0,0.0,1,50.0,先行列車なし,0,,0,0,0,後続列車なし,該当なし,該当なし,0,0,0,30,240,,,
36.0,brake_late_s1,1,1.403129,現示低下点への接近フェーズ（500m以内に現示の低下あり）,惰行,0.0,力行,0.0,2.26,59.71,75.0,75.0,75.0,70.3,73.0,67.0,勾配力行 ↔ 惰行,勾配力行,70.3,-10.6,58.8,75.0,59.7,59.7,,619.4,49.0,136.14,483.23,27.0,-1.194,1.066,85m先で勾配が+27.0‰から+28.0‰に変わる,269m先でATC現示が75km/hから70km/hに低下する,0.0,0.0,1,49.0,先行列車なし,0,,0,0,0,後続列車なし,該当なし,該当なし,0,0,0,30,240,,,
37.0,brake_late_s1,1,1.419713,現示低下点への接近フェーズ（500m以内に現示の低下あり）,力行,0.0,惰行,0.0,2.26,59.69,75.0,75.0,75.0,69.3,73.0,67.0,勾配力行 ↔ 惰行,勾配力行,69.3,-9.6,58.8,75.0,59.7,59.7,,602.8,48.0,135.76,467.02,27.0,-1.194,1.067,70m先で勾配が+27.0‰から+28.0‰に変わる,252m先でATC現示が75km/hから70km/hに低下する,0.0,0.0,1,48.0,先行列車なし,0,,0,0,0,後続列車なし,該当なし,該当なし,0,0,0,30,240,,,
38.0,brake_late_s1,1,1.436296,現示低下点への接近フェーズ（500m以内に現示の低下あり）,力行,0.0,惰行,0.0,2.26,59.69,75.0,75.0,75.0,68.2,73.0,67.0,勾配力行 ↔ 惰行,勾配力行,68.2,-8.5,58.8,75.0,59.7,59.7,,586.2,47.0,135.35,450.86,27.0,-1.194,1.067,55m先で勾配が+27.0‰から+28.0‰に変わる,236m先でATC現示が75km/hから70km/hに低下する,0.0,0.0,1,47.0,先行列車なし,0,,0,0,0,後続列車なし,該当なし,該当なし,0,0,0,30,240,,,
39.0,brake_late_s1,1,1.452879,現示低下点への接近フェーズ（500m以内に現示の低下あり）,力行,0.0,惰行,0.0,2.26,59.7,75.0,75.0,75.0,68.0,73.0,67.0,勾配力行 ↔ 惰行,勾配力行,68.0,-8.3,58.8,75.0,59.7,59.7,,569.6,46.0,134.94,434.68,27.0,-1.194,1.066,35m先で勾配が+27.0‰から+28.0‰に変わる,219m先でATC現示が75km/hから70km/hに低下する,0.0,0.0,1,46.0,先行列車なし,0,,0,0,0,後続列車なし,該当なし,該当なし,0,0,0,30,240,,,
40.0,brake_late_s1,1,1.469462,現示低下点への接近フェーズ（500m以内に現示の低下あり）,惰行,0.0,力行,0.0,2.26,59.7,75.0,75.0,75.0,67.2,73.0,66.9,勾配力行 ↔ 惰行,勾配力行,67.2,-7.5,58.8,75.0,59.7,59.7,,553.0,45.0,134.54,418.49,27.0,-1.194,1.066,20m先で勾配が+27.0‰から+28.0‰に変わる,202m先でATC現示が75km/hから70km/hに低下する,0.0,0.0,1,45.0,先行列車なし,0,,0,0,0,後続列車なし,該当なし,該当なし,0,0,0,30,240,,,
41.0,brake_late_s1,1,1.486045,現示低下点への接近フェーズ（500m以内に現示の低下あり）,惰行,0.0,力行,0.0,2.26,59.7,75.0,75.0,75.0,66.1,73.0,66.9,勾配力行 ↔ 惰行,勾配力行,66.1,-6.4,58.8,75.0,59.7,59.7,,536.5,44.0,134.14,402.31,27.0,-1.194,1.066,5m先で勾配が+27.0‰から+28.0‰に変わる,186m先でATC現示が75km/hから70km/hに低下する,0.0,0.0,1,44.0,先行列車なし,0,,0,0,0,後続列車なし,該当なし,該当なし,0,0,0,30,240,,,
42.0,brake_late_s1,1,1.502628,現示低下点への接近フェーズ（500m以内に現示の低下あり）,力行,0.0,惰行,0.0,2.26,59.7,75.0,75.0,75.0,65.0,73.0,66.8,勾配力行 ↔ 惰行,勾配力行,65.0,-5.3,58.8,75.0,59.7,59.7,,519.9,43.0,133.83,386.04,28.0,-1.229,1.031,45m先で勾配が+28.0‰から+29.7‰に変わる,169m先でATC現示が75km/hから70km/hに低下する,0.0,0.0,1,43.0,先行列車なし,0,,0,0,0,後続列車なし,該当なし,該当なし,0,0,0,30,240,,,
43.0,brake_late_s1,1,1.519211,現示低下点への接近フェーズ（500m以内に現示の低下あり）,力行,0.0,惰行,0.0,2.26,59.69,75.0,75.0,75.0,63.8,73.0,66.7,勾配力行 ↔ 惰行,勾配力行,63.8,-4.1,58.8,75.0,59.7,59.7,,503.3,42.0,133.52,369.77,28.0,-1.229,1.031,30m先で勾配が+28.0‰から+29.7‰に変わる,153m先でATC現示が75km/hから70km/hに低下する,0.0,0.0,1,42.0,先行列車なし,0,,0,0,0,後続列車なし,該当なし,該当なし,0,0,0,30,240,,,
44.0,brake_late_s1,1,1.535794,現示低下点への接近フェーズ（500m以内に現示の低下あり）,惰行,0.0,力行,0.0,2.26,59.7,75.0,75.0,75.0,62.6,73.0,66.6,勾配力行 ↔ 惰行,勾配力行,62.6,-2.9,57.9,75.0,59.7,59.7,,486.7,41.0,133.32,353.38,28.0,-1.229,1.031,15m先で勾配が+28.0‰から+29.7‰に変わる,136m先でATC現示が75km/hから70km/hに低下する,0.0,0.0,1,41.0,先行列車なし,0,,0,0,0,後続列車なし,該当なし,該当なし,0,0,0,30,240,,,
45.0,brake_late_s1,1,1.552377,現示低下点への接近フェーズ（500m以内に現示の低下あり）,惰行,0.0,力行,0.0,2.26,59.7,75.0,75.0,75.0,61.4,73.0,66.6,勾配力行 ↔ 惰行,勾配力行,61.4,-1.7,58.8,75.0,59.7,59.7,,470.1,40.0,133.12,337.01,29.7,-1.289,0.971,160m先で勾配が+29.7‰から+3.0‰に変わる,119m先でATC現示が75km/hから70km/hに低下する,0.0,0.0,1,40.0,先行列車なし,0,,0,0,0,後続列車なし,該当なし,該当なし,0,0,0,30,240,,,
46.0,brake_late_s1,1,1.56896,現示低下点への接近フェーズ（500m以内に現示の低下あり）,惰行,0.0,力行,0.0,2.26,59.7,75.0,75.0,75.0,60.1,73.0,66.6,勾配力行 ↔ 惰行,勾配力行,60.1,-0.4,58.8,75.0,59.7,59.7,,453.5,39.0,133.11,320.43,29.7,-1.289,0.971,145m先で勾配が+29.7‰から+3.0‰に変わる,103m先でATC現示が75km/hから70km/hに低下する,0.0,0.0,1,39.0,先行列車なし,0,,0,0,0,後続列車なし,該当なし,該当なし,0,0,0,30,240,,,
47.0,brake_late_s1,1,1.585543,現示低下点への接近フェーズ（500m以内に現示の低下あり）,力行,0.0,惰行,0.0,2.26,59.7,75.0,75.0,75.0,58.9,73.0,66.6,勾配力行 ↔ 惰行,勾配力行,58.9,0.8,57.9,75.0,59.7,59.7,,437.0,38.0,135.8,301.16,29.7,-1.289,0.971,130m先で勾配が+29.7‰から+3.0‰に変わる,86m先でATC現示が75km/hから70km/hに低下する,0.0,0.0,1,38.0,先行列車なし,0,,0,0,0,後続列車なし,該当なし,該当なし,0,0,0,30,240,,,
48.0,brake_late_s1,1,1.602126,現示低下点への接近フェーズ（500m以内に現示の低下あり）,力行,0.0,惰行,0.0,2.26,59.7,75.0,75.0,75.0,57.5,73.0,66.6,勾配力行 ↔ 惰行,勾配力行,57.5,2.2,57.9,75.0,59.7,59.7,,420.4,37.0,141.5,278.88,29.7,-1.289,0.971,110m先で勾配が+29.7‰から+3.0‰に変わる,70m先でATC現示が75km/hから70km/hに低下する,0.0,0.0,1,37.0,先行列車なし,0,,0,0,0,後続列車なし,該当なし,該当なし,0,0,0,30,240,,,
49.0,brake_late_s1,1,1.618709,現示低下点への接近フェーズ（500m以内に現示の低下あり）,力行,0.0,惰行,0.0,2.26,59.7,75.0,75.0,75.0,56.2,73.0,66.6,勾配力行 ↔ 惰行,勾配力行,56.2,3.5,58.8,75.0,59.7,59.7,,403.8,36.0,147.12,256.67,29.7,-1.289,0.971,95m先で勾配が+29.7‰から+3.0‰に変わる,53m先でATC現示が75km/hから70km/hに低下する,0.0,0.0,1,36.0,先行列車なし,0,,0,0,0,後続列車なし,該当なし,該当なし,0,0,0,30,240,,,
50.0,brake_late_s1,1,1.635292,次駅への減速フェーズ（駅手前400m以内）,力行,0.0,惰行,0.0,2.26,59.7,75.0,75.0,75.0,54.8,73.0,66.6,勾配力行 ↔ 惰行,勾配力行,54.8,4.9,,75.0,59.7,59.7,,387.2,35.0,152.85,234.36,29.7,-1.289,0.971,80m先で勾配が+29.7‰から+3.0‰に変わる,37m先でATC現示が75km/hから70km/hに低下する,0.0,0.0,1,35.0,先行列車なし,0,,0,0,0,後続列車なし,該当なし,該当なし,0,0,0,30,240,,,
51.0,brake_late_s1,1,1.651875,次駅への減速フェーズ（駅手前400m以内）,力行,0.0,惰行,0.0,2.26,59.7,75.0,75.0,73.9,53.4,71.9,65.5,勾配力行 ↔ 惰行,勾配力行,53.4,6.3,,75.0,59.7,59.7,,370.6,34.0,158.37,212.25,29.7,-1.289,0.971,60m先で勾配が+29.7‰から+3.0‰に変わる,20m先でATC現示が75km/hから70km/hに低下する,0.0,0.0,1,34.0,先行列車なし,0,,0,0,0,後続列車なし,該当なし,該当なし,0,0,0,30,240,,,
52.0,brake_late_s1,1,1.668457,次駅への減速フェーズ（駅手前400m以内）,力行,0.0,惰行,0.0,2.26,59.7,75.0,75.0,70.8,52.0,68.8,62.8,勾配力行 ↔ 惰行,勾配力行,52.0,7.7,,75.0,59.7,59.7,,354.0,33.0,163.91,190.14,29.7,-1.289,0.971,45m先で勾配が+29.7‰から+3.0‰に変わる,3m先でATC現示が75km/hから70km/hに低下する,0.0,0.0,1,33.0,先行列車なし,0,,0,0,0,後続列車なし,該当なし,該当なし,0,0,0,30,240,,,
53.0,brake_late_s1,1,1.68504,次駅への減速フェーズ（駅手前400m以内）,力行,0.0,惰行,0.0,2.26,59.69,70.0,70.0,70.0,50.5,68.0,63.4,勾配力行 ↔ 惰行,勾配力行,50.5,9.2,,75.0,59.7,59.7,,337.5,32.0,169.61,167.85,29.7,-1.289,0.971,30m先で勾配が+29.7‰から+3.0‰に変わる,677m先でATC現示が70km/hから55km/hに低下する,0.0,0.0,1,32.0,先行列車なし,0,,0,0,0,後続列車なし,該当なし,該当なし,0,0,0,30,240,,,
54.0,brake_late_s1,1,1.701623,次駅への減速フェーズ（駅手前400m以内）,力行,0.0,惰行,0.0,2.26,59.69,70.0,70.0,70.0,49.0,68.0,63.3,勾配力行 ↔ 惰行,惰行,49.0,10.7,,75.0,59.7,59.7,,320.9,31.0,175.04,145.84,29.7,-1.289,0.971,10m先で勾配が+29.7‰から+3.0‰に変わる,660m先でATC現示が70km/hから55km/hに低下する,0.0,0.0,1,31.0,先行列車なし,0,,0,0,0,後続列車なし,該当なし,該当なし,0,0,0,30,240,,,
55.0,brake_late_s1,1,1.718207,次駅への減速フェーズ（駅手前400m以内）,惰行,0.1,力行,0.0,2.26,59.7,70.0,70.0,70.0,48.0,67.1,61.5,勾配力行 ↔ 惰行,惰行,48.0,11.7,,75.0,59.7,59.7,,304.3,30.0,178.28,126.01,3.0,-0.347,1.913,当面+3.0‰が続く,644m先でATC現示が70km/hから55km/hに低下する,0.0,0.0,1,30.0,先行列車なし,0,,0,0,0,後続列車なし,該当なし,該当なし,0,0,0,30,240,,,
56.0,brake_late_s1,1,1.734793,次駅への減速フェーズ（駅手前400m以内）,惰行,0.0,力行,0.0,2.26,59.71,70.0,70.0,70.0,47.6,67.1,61.5,勾配力行 ↔ 惰行,惰行,47.6,12.1,,75.0,59.7,59.7,,287.7,29.0,178.37,109.34,3.0,-0.347,1.912,当面+3.0‰が続く,627m先でATC現示が70km/hから55km/hに低下する,0.0,0.0,1,29.0,先行列車なし,0,,0,0,0,後続列車なし,該当なし,該当なし,0,0,0,30,240,,,
57.0,brake_late_s1,1,1.751378,次駅への減速フェーズ（駅手前400m以内）,惰行,0.0,力行,0.0,2.26,59.71,70.0,70.0,70.0,47.3,67.1,61.5,勾配力行 ↔ 惰行,惰行,47.3,12.4,,75.0,59.7,59.7,,271.1,28.0,178.32,92.8,3.0,-0.347,1.913,当面+3.0‰が続く,610m先でATC現示が70km/hから55km/hに低下する,0.0,0.0,1,28.0,先行列車なし,0,,0,0,0,後続列車なし,該当なし,該当なし,0,0,0,30,240,,,
58.0,brake_late_s1,1,1.767964,次駅への減速フェーズ（駅手前400m以内）,力行,0.0,惰行,0.1,2.26,59.7,70.0,70.0,70.0,46.9,67.1,61.5,勾配力行 ↔ 惰行,惰行,46.9,12.8,,75.0,59.7,59.7,,254.5,27.0,178.27,76.27,3.0,-0.347,1.913,当面+3.0‰が続く,594m先でATC現示が70km/hから55km/hに低下する,0.0,0.0,1,27.0,先行列車なし,0,,0,0,0,後続列車なし,該当なし,該当なし,0,0,0,30,240,,,
59.0,brake_late_s1,1,1.784549,次駅への減速フェーズ（駅手前400m以内）,惰行,0.0,力行,0.0,2.26,59.71,70.0,70.0,70.0,46.5,67.1,61.5,勾配力行 ↔ 惰行,惰行,46.5,13.2,,75.0,59.7,59.7,,238.0,26.0,178.35,59.6,3.0,-0.347,1.913,当面+3.0‰が続く,577m先でATC現示が70km/hから55km/hに低下する,0.0,0.0,1,26.0,先行列車なし,0,,0,0,0,後続列車なし,該当なし,該当なし,0,0,0,30,240,,,
60.0,brake_late_s1,1,1.801135,次駅への減速フェーズ（駅手前400m以内）,惰行,0.1,力行,0.0,2.26,59.7,70.0,70.0,70.0,46.1,67.1,61.5,勾配力行 ↔ 惰行,惰行,46.1,13.6,,75.0,59.7,59.7,,221.4,25.0,178.3,43.06,3.0,-0.347,1.913,当面+3.0‰が続く,561m先でATC現示が70km/hから55km/hに低下する,0.0,0.0,1,25.0,先行列車なし,0,,0,0,0,後続列車なし,該当なし,該当なし,0,0,0,30,240,,,
61.0,brake_late_s1,1,1.81772,次駅への減速フェーズ（駅手前400m以内）,惰行,0.0,力行,0.0,2.26,59.72,70.0,70.0,70.0,45.7,67.1,61.5,勾配力行 ↔ 惰行,惰行,45.7,14.0,,75.0,59.7,59.7,,204.8,24.0,178.39,26.39,3.0,-0.347,1.912,当面+3.0‰が続く,544m先でATC現示が70km/hから55km/hに低下する,0.0,0.0,1,24.0,先行列車なし,0,,0,0,0,後続列車なし,該当なし,該当なし,0,0,0,30,240,,,
62.0,brake_late_s1,1,1.834306,次駅への減速フェーズ（駅手前400m以内）,惰行,0.0,力行,0.0,2.26,59.71,70.0,70.0,70.0,45.4,67.1,61.5,勾配力行 ↔ 惰行,惰行,45.4,14.3,,75.0,59.7,59.7,,188.2,23.0,178.34,9.86,3.0,-0.347,1.913,当面+3.0‰が続く,527m先でATC現示が70km/hから55km/hに低下する,0.0,0.0,1,23.0,先行列車なし,0,,0,0,0,後続列車なし,該当なし,該当なし,0,0,0,30,240,,,
63.0,brake_late_s1,1,1.850892,次駅への減速フェーズ（駅手前400m以内）,惰行,0.1,力行,0.0,2.26,59.7,70.0,70.0,70.0,45.0,67.1,61.5,勾配力行 ↔ 惰行,惰行,45.0,14.7,,75.0,70.0,70.0,,171.6,22.0,178.18,-6.57,3.0,-0.347,1.913,当面+3.0‰が続く,511m先でATC現示が70km/hから55km/hに低下する,0.0,0.0,1,22.0,先行列車なし,0,,0,0,0,後続列車なし,該当なし,該当なし,0,0,0,30,240,,,
64.0,brake_late_s1,1,1.867477,次駅への減速フェーズ（駅手前400m以内）,惰行,0.0,力行,0.0,2.26,59.72,70.0,70.0,70.0,44.6,67.1,61.5,勾配力行 ↔ 惰行,惰行,44.6,15.1,,75.0,70.0,70.0,,155.0,21.0,177.06,-22.04,3.0,-0.347,1.912,当面+3.0‰が続く,494m先でATC現示が70km/hから55km/hに低下する,0.0,0.0,1,21.0,先行列車なし,0,,0,0,0,後続列車なし,該当なし,該当なし,0,0,0,30,240,,,
65.0,brake_late_s1,1,1.883808,次駅への減速フェーズ（駅手前400m以内）,制動,0.8,惰行,0.0,2.5,57.44,70.0,70.0,70.0,44.2,67.0,61.3,勾配力行 ↔ 惰行,惰行,44.2,13.2,,75.0,70.0,70.0,,138.7,20.0,163.79,-25.09,3.0,-0.338,2.011,当面+3.0‰が続く,478m先でATC現示が70km/hから55km/hに低下する,0.0,0.0,1,20.0,先行列車なし,0,,0,0,0,後続列車なし,該当なし,該当なし,0,0,0,30,240,,,
65.5,brake_late_s1,1,1.891685,次駅への減速フェーズ（駅手前400m以内）,制動,1.3,惰行,0.0,2.5,56.02,70.0,70.0,70.0,44.0,66.9,61.2,勾配力行 ↔ 惰行,惰行,44.0,12.0,,75.0,70.0,70.0,,130.8,19.5,155.89,-25.08,3.0,-0.332,2.077,当面+3.0‰が続く,470m先でATC現示が70km/hから55km/hに低下する,0.0,0.0,1,19.5,先行列車なし,0,,0,0,0,後続列車なし,該当なし,該当なし,0,0,0,30,240,,,
66.0,brake_late_s1,1,1.899366,次駅への減速フェーズ（駅手前400m以内）,制動,1.8,惰行,0.0,2.5,54.61,70.0,70.0,70.0,43.8,66.8,61.1,勾配力行 ↔ 惰行,惰行,43.8,10.8,,75.0,70.0,70.0,,123.1,19.0,148.24,-25.1,3.0,-0.326,2.145,当面+3.0‰が続く,462m先でATC現示が70km/hから55km/hに低下する,0.0,0.0,1,19.0,先行列車なし,0,,0,0,0,後続列車なし,該当なし,該当なし,0,0,0,30,240,,,
66.5,brake_late_s1,1,1.90685,次駅への減速フェーズ（駅手前400m以内）,制動,2.3,惰行,0.0,2.5,53.2,70.0,70.0,70.0,43.7,66.7,61.0,勾配力行 ↔ 惰行,惰行,43.7,9.5,,75.0,70.0,70.0,,115.6,18.5,140.74,-25.09,3.0,-0.321,2.216,当面+3.0‰が続く,455m先でATC現示が70km/hから55km/hに低下する,0.0,0.0,1,18.5,先行列車なし,0,,0,0,0,後続列車なし,該当なし,該当なし,0,0,0,30,240,,,
67.0,brake_late_s1,1,1.914139,次駅への減速フェーズ（駅手前400m以内）,制動,2.8,惰行,0.0,2.5,51.79,70.0,70.0,70.0,43.5,66.6,60.9,勾配力行 ↔ 惰行,惰行,43.5,8.3,,75.0,70.0,70.0,,108.4,18.0,133.47,-25.11,3.0,-0.315,2.29,当面+3.0‰が続く,448m先でATC現示が70km/hから55km/hに低下する,0.0,0.0,1,18.0,先行列車なし,0,,0,0,0,後続列車なし,該当なし,該当なし,0,0,0,30,240,,,
67.5,brake_late_s1,1,1.921232,次駅への減速フェーズ（駅手前400m以内）,制動,3.3,惰行,0.0,2.5,50.38,70.0,70.0,70.0,43.3,66.4,60.8,勾配力行 ↔ 惰行,惰行,43.3,7.1,,75.0,70.0,70.0,,101.3,17.5,126.36,-25.09,3.0,-0.31,2.369,当面+3.0‰が続く,441m先でATC現示が70km/hから55km/hに低下する,0.0,0.0,1,17.5,先行列車なし,0,,0,0,0,後続列車なし,該当なし,該当なし,0,0,0,30,240,,,
68.0,brake_late_s1,1,1.92813,次駅への減速フェーズ（駅手前400m以内）,制動,3.8,惰行,0.0,2.5,48.98,70.0,70.0,70.0,43.2,66.3,60.7,勾配力行 ↔ 惰行,惰行,43.2,5.8,,75.0,70.0,70.0,,94.4,17.0,119.45,-25.08,3.0,-0.305,2.451,当面+3.0‰が続く,434m先でATC現示が70km/hから55km/hに低下する,0.0,0.0,1,17.0,先行列車なし,0,,0,0,0,後続列車なし,該当なし,該当なし,0,0,0,30,240,,,
68.5,brake_late_s1,1,1.934833,次駅への減速フェーズ（駅手前400m以内）,制動,4.3,惰行,0.0,2.5,47.58,70.0,70.0,70.0,41.6,66.2,60.5,勾配力行 ↔ 惰行,惰行,41.6,6.0,,75.0,70.0,70.0,,87.7,16.5,112.76,-25.1,3.0,-0.3,2.537,当面+3.0‰が続く,427m先でATC現示が70km/hから55km/hに低下する,0.0,0.0,1,16.5,先行列車なし,0,,0,0,0,後続列車なし,該当なし,該当なし,0,0,0,30,240,,,
69.0,brake_late_s1,1,1.941341,次駅への減速フェーズ（駅手前400m以内）,制動,4.8,惰行,0.0,2.5,46.18,70.0,70.0,70.0,40.0,66.1,60.4,勾配力行 ↔ 惰行,惰行,40.0,6.2,,75.0,70.0,70.0,,81.2,16.0,106.24,-25.08,3.0,-0.295,2.628,当面+3.0‰が続く,420m先でATC現示が70km/hから55km/hに低下する,0.0,0.0,1,16.0,先行列車なし,0,,0,0,0,後続列車なし,該当なし,該当なし,0,0,0,30,240,,,
69.5,brake_late_s1,1,1.947656,次駅への減速フェーズ（駅手前400m以内）,制動,5.3,惰行,0.0,2.5,44.78,70.0,70.0,70.0,38.4,65.9,60.3,勾配力行 ↔ 惰行,惰行,38.4,6.4,,75.0,70.0,70.0,,74.8,15.5,99.94,-25.1,3.0,-0.29,2.724,当面+3.0‰が続く,414m先でATC現示が70km/hから55km/hに低下する,0.0,0.0,1,15.5,先行列車なし,0,,0,0,0,後続列車なし,該当なし,該当なし,0,0,0,30,240,,,
70.0,brake_late_s1,1,1.953777,次駅への減速フェーズ（駅手前400m以内）,制動,5.8,惰行,0.0,2.5,43.39,70.0,70.0,70.0,36.8,65.8,60.1,勾配力行 ↔ 惰行,惰行,36.8,6.6,,75.0,70.0,70.0,,68.7,15.0,93.8,-25.08,3.0,-0.285,2.826,当面+3.0‰が続く,408m先でATC現示が70km/hから55km/hに低下する,0.0,0.0,1,15.0,先行列車なし,0,,0,0,0,後続列車なし,該当なし,該当なし,0,0,0,30,240,,,
70.5,brake_late_s1,1,1.959704,次駅への減速フェーズ（駅手前400m以内）,制動,6.3,惰行,0.0,2.5,42.0,70.0,70.0,70.0,35.2,65.6,60.0,勾配力行 ↔ 惰行,惰行,35.2,6.8,,75.0,70.0,70.0,,62.8,14.5,87.86,-25.06,3.0,-0.28,2.933,当面+3.0‰が続く,402m先でATC現示が70km/hから55km/hに低下する,0.0,0.0,1,14.5,先行列車なし,0,,0,0,0,後続列車なし,該当なし,該当なし,0,0,0,30,240,,,
71.0,brake_late_s1,1,1.965439,次駅への減速フェーズ（駅手前400m以内）,制動,6.8,惰行,0.0,2.5,40.61,70.0,70.0,70.0,33.5,65.4,59.8,勾配力行 ↔ 惰行,惰行,33.5,7.1,,75.0,70.0,70.0,,57.1,14.0,82.14,-25.08,3.0,-0.275,3.048,当面+3.0‰が続く,396m先でATC現示が70km/hから55km/hに低下する,0.0,0.0,1,14.0,先行列車なし,0,,0,0,0,後続列車なし,該当なし,該当なし,0,0,0,30,240,,,
71.5,brake_late_s1,1,1.97098,次駅への減速フェーズ（駅手前400m以内）,制動,7.3,惰行,0.0,2.5,39.22,70.0,70.0,70.0,31.8,65.3,59.7,勾配力行 ↔ 惰行,惰行,31.8,7.4,,75.0,70.0,70.0,,51.5,13.5,76.58,-25.06,3.0,-0.271,3.103,当面+3.0‰が続く,391m先でATC現示が70km/hから55km/hに低下する,0.0,0.0,1,13.5,先行列車なし,0,,0,0,0,後続列車なし,該当なし,該当なし,0,0,0,30,240,,,
72.0,brake_late_s1,1,1.97633,次駅への減速フェーズ（駅手前400m以内）,制動,7.8,惰行,0.0,2.5,37.84,70.0,70.0,70.0,30.1,65.3,59.7,勾配力行 ↔ 惰行,惰行,30.1,7.7,,75.0,70.0,70.0,,46.2,13.0,71.25,-25.08,3.0,-0.266,3.107,当面+3.0‰が続く,385m先でATC現示が70km/hから55km/hに低下する,0.0,0.0,1,13.0,先行列車なし,0,,0,0,0,後続列車なし,該当なし,該当なし,0,0,0,30,240,,,
72.5,brake_late_s1,1,1.981487,次駅への減速フェーズ（駅手前400m以内）,制動,8.3,惰行,0.0,2.5,36.45,70.0,70.0,70.0,28.4,65.3,59.7,勾配力行 ↔ 惰行,惰行,28.4,8.1,,75.0,70.0,70.0,,41.0,12.5,66.07,-25.06,3.0,-0.262,3.112,当面+3.0‰が続く,380m先でATC現示が70km/hから55km/hに低下する,0.0,0.0,1,12.5,先行列車なし,0,,0,0,0,後続列車なし,該当なし,該当なし,0,0,0,30,240,,,
73.0,brake_late_s1,1,1.986452,次駅への減速フェーズ（駅手前400m以内）,制動,8.8,惰行,0.0,2.5,35.07,70.0,70.0,70.0,26.6,65.3,59.8,勾配力行 ↔ 惰行,惰行,26.6,8.5,,75.0,70.0,70.0,,36.0,12.0,61.13,-25.08,3.0,-0.258,3.116,当面+3.0‰が続く,375m先でATC現示が70km/hから55km/hに低下する,0.0,0.0,1,12.0,先行列車なし,0,,0,0,0,後続列車なし,該当なし,該当なし,0,0,0,30,240,,,
73.5,brake_late_s1,1,1.991226,次駅への減速フェーズ（駅手前400m以内）,制動,9.3,惰行,0.0,2.5,33.7,70.0,70.0,70.0,24.8,65.3,59.9,勾配力行 ↔ 惰行,惰行,24.8,8.9,,75.0,70.0,70.0,,31.3,11.5,56.33,-25.06,3.0,-0.253,3.12,当面+3.0‰が続く,371m先でATC現示が70km/hから55km/hに低下する,0.0,0.0,1,11.5,先行列車なし,0,,0,0,0,後続列車なし,該当なし,該当なし,0,0,0,30,240,,,
74.0,brake_late_s1,1,1.995809,次駅への減速フェーズ（駅手前400m以内）,制動,9.8,惰行,0.0,2.5,32.32,70.0,70.0,70.0,22.9,65.3,60.0,勾配力行 ↔ 惰行,惰行,22.9,9.5,,75.0,70.0,70.0,,26.7,11.0,51.77,-25.08,3.0,-0.249,3.124,当面+3.0‰が続く,366m先でATC現示が70km/hから55km/hに低下する,0.0,0.0,1,11.0,先行列車なし,0,,0,0,0,後続列車なし,該当なし,該当なし,0,0,0,30,240,,,
74.5,brake_late_s1,1,2.0002,次駅への減速フェーズ（駅手前400m以内）,制動,10.3,惰行,0.0,2.5,30.95,70.0,70.0,70.0,20.9,65.3,60.1,勾配力行 ↔ 惰行,惰行,20.9,10.0,,75.0,70.0,70.0,,22.3,10.5,47.35,-25.05,3.0,-0.245,3.128,当面+3.0‰が続く,362m先でATC現示が70km/hから55km/hに低下する,0.0,0.0,1,10.5,先行列車なし,0,,0,0,0,後続列車なし,該当なし,該当なし,0,0,0,30,240,,,
75.0,brake_late_s1,1,2.004402,次駅への減速フェーズ（駅手前400m以内）,制動,10.8,惰行,0.0,2.5,29.58,70.0,70.0,70.0,18.8,65.3,60.2,勾配力行 ↔ 惰行,惰行,18.8,10.7,,75.0,70.0,70.0,,18.1,10.0,43.17,-25.07,3.0,-0.241,3.132,当面+3.0‰が続く,357m先でATC現示が70km/hから55km/hに低下する,0.0,0.0,1,10.0,先行列車なし,0,,0,0,0,後続列車なし,該当なし,該当なし,0,0,0,30,240,,,
75.5,brake_late_s1,1,2.008412,次駅への減速フェーズ（駅手前400m以内）,制動,11.3,惰行,0.0,2.5,28.21,70.0,70.0,70.0,16.6,65.3,60.3,勾配力行 ↔ 惰行,惰行,16.6,11.6,,75.0,70.0,70.0,,14.1,9.5,39.14,-25.05,3.0,-0.238,3.136,当面+3.0‰が続く,353m先でATC現示が70km/hから55km/hに低下する,0.0,0.0,1,9.5,先行列車なし,0,,0,0,0,後続列車なし,該当なし,該当なし,0,0,0,30,240,,,
76.0,brake_late_s1,1,2.012233,次駅への減速フェーズ（駅手前400m以内）,制動,11.8,惰行,0.0,2.5,26.84,70.0,70.0,70.0,14.2,65.3,60.3,勾配力行 ↔ 惰行,惰行,14.2,12.6,,75.0,70.0,70.0,,10.3,9.0,35.33,-25.07,3.0,-0.234,3.14,当面+3.0‰が続く,350m先でATC現示が70km/hから55km/hに低下する,0.0,0.0,1,9.0,先行列車なし,0,,0,0,0,後続列車なし,該当なし,該当なし,0,0,0,30,240,,,
76.5,brake_late_s1,1,2.015864,次駅への減速フェーズ（駅手前400m以内）,制動,12.3,惰行,0.0,2.5,25.47,70.0,70.0,70.0,11.4,65.3,60.4,勾配力行 ↔ 惰行,惰行,11.4,14.0,,75.0,70.0,70.0,,6.6,8.5,31.68,-25.04,3.0,-0.23,3.143,当面+3.0‰が続く,346m先でATC現示が70km/hから55km/hに低下する,0.0,0.0,1,8.5,先行列車なし,0,,0,0,0,後続列車なし,該当なし,該当なし,0,0,0,30,240,,,
77.0,brake_late_s1,1,2.019305,次駅への減速フェーズ（駅手前400m以内）,制動,12.8,惰行,0.0,2.5,24.11,70.0,70.0,70.0,8.0,65.3,60.5,勾配力行 ↔ 惰行,惰行,8.0,16.1,,75.0,70.0,70.0,,3.2,8.0,28.25,-25.06,3.0,-0.227,3.147,当面+3.0‰が続く,342m先でATC現示が70km/hから55km/hに低下する,0.0,0.0,1,8.0,先行列車なし,0,,0,0,0,後続列車なし,該当なし,該当なし,0,0,0,30,240,,,
77.5,brake_late_s1,1,2.022556,次駅への減速フェーズ（駅手前400m以内）,制動,13.3,惰行,0.0,2.5,22.75,70.0,70.0,70.0,1.5,65.3,60.6,勾配力行 ↔ 惰行,惰行,1.5,21.3,,75.0,0.0,0.0,,-0.1,7.5,24.98,-25.04,3.0,-0.223,3.15,当面+3.0‰が続く,339m先でATC現示が70km/hから55km/hに低下する,0.0,0.0,1,7.5,先行列車なし,0,,0,0,0,後続列車なし,該当なし,該当なし,0,0,0,30,240,,,
78.0,brake_late_s1,1,2.025619,次駅への減速フェーズ（駅手前400m以内）,制動,13.8,惰行,0.0,2.5,21.38,70.0,70.0,70.0,1.5,65.3,60.6,勾配力行 ↔ 惰行,惰行,1.5,19.9,,75.0,0.0,0.0,,-3.1,7.0,21.93,-25.05,3.0,-0.22,3.154,当面+3.0‰が続く,336m先でATC現示が70km/hから55km/hに低下する,0.0,0.0,1,7.0,先行列車なし,0,,0,0,0,後続列車なし,該当なし,該当なし,0,0,0,30,240,,,
78.5,brake_late_s1,1,2.028492,次駅への減速フェーズ（駅手前400m以内）,制動,14.3,惰行,0.0,2.5,19.99,70.0,70.0,70.0,1.5,65.6,61.0,勾配力行 ↔ 惰行,惰行,1.5,18.5,,75.0,0.0,0.0,,-6.0,6.5,19.04,-25.03,9.0,-0.429,2.945,当面+9.0‰が続く,333m先でATC現示が70km/hから55km/hに低下する,0.0,0.0,1,6.5,先行列車なし,0,,0,0,0,後続列車なし,該当なし,該当なし,0,0,0,30,240,,,
79.0,brake_late_s1,1,2.031165,次駅への減速フェーズ（駅手前400m以内）,制動,14.8,惰行,0.0,2.5,18.53,70.0,70.0,70.0,1.5,65.6,61.0,勾配力行 ↔ 惰行,惰行,1.5,17.0,,75.0,0.0,0.0,,-8.7,6.0,16.37,-25.03,9.0,-0.425,2.949,当面+9.0‰が続く,331m先でATC現示が70km/hから55km/hに低下する,0.0,0.0,1,6.0,先行列車なし,0,,0,0,0,後続列車なし,該当なし,該当なし,0,0,0,30,240,,,
0.0,brake_early_s1,1,0.9645,駅出発直後の加速フェーズ（20秒以内）,力行,0.0,なし（または停止）,0.0,0.0,0.0,75.0,75.0,75.0,0.0,70.2,64.3,勾配力行 ↔ 惰行,惰行,0.0,-0.0,50.4,75.0,58.8,58.8,,1058.0,85.0,0.0,1058.0,2.0,-0.144,3.229,265m先で勾配が+2.0‰から+3.5‰に変わる,707m先でATC現示が75km/hから70km/hに低下する,0.0,0.0,1,85.0,先行列車なし,0,,0,0,0,後続列車なし,該当なし,該当なし,0,0,0,30,240,,,
1.0,brake_early_s1,1,0.964953,駅出発直後の加速フェーズ（20秒以内）,力行,1.0,なし（または停止）,0.0,0.0,3.23,75.0,75.0,75.0,3.2,70.2,64.3,勾配力行 ↔ 惰行,惰行,3.2,0.0,51.3,75.0,58.8,58.8,,1057.5,84.0,0.55,1057.0,2.0,-0.149,3.225,265m先で勾配が+2.0‰から+3.5‰に変わる,707m先でATC現示が75km/hから70km/hに低下する,0.0,0.0,1,84.0,先行列車なし,0,,0,0,0,後続列車なし,該当なし,該当なし,0,0,0,30,240,,,
2.0,brake_early_s1,1,0.966301,駅出発直後の加速フェーズ（20秒以内）,力行,2.0,なし（または停止）,0.0,0.0,6.45,75.0,75.0,75.0,6.4,70.2,64.3,勾配力行 ↔ 惰行,惰行,6.4,-0.0,52.0,75.0,58.8,58.8,,1056.2,83.0,2.18,1054.02,2.0,-0.154,3.219,265m先で勾配が+2.0‰から+3.5‰に変わる,705m先でATC現示が75km/hから70km/hに低下する,0.0,0.0,1,83.0,先行列車なし,0,,0,0,0,後続列車なし,該当なし,該当なし,0,0,0,30,240,,,
3.0,brake_early_s1,1,0.968544,駅出発直後の加速フェーズ（20秒以内）,力行,3.0,なし（または停止）,0.0,0.0,9.67,75.0,75.0,75.0,9.7,70.2,64.4,勾配力行 ↔ 惰行,惰行,9.7,-0.0,52.8,75.0,58.8,58.8,,1054.0,82.0,4.89,1049.07,2.0,-0.16,3.214,260m先で勾配が+2.0‰から+3.5‰に変わる,703m先でATC現示が75km/hから70km/hに低下する,0.0,0.0,1,82.0,先行列車なし,0,,0,0,0,後続列車なし,該当なし,該当なし,0,0,0,30,240,,,
4.0,brake_early_s1,1,0.97168,駅出発直後の加速フェーズ（20秒以内）,力行,4.0,なし（または停止）,0.0,0.0,12.88,75.0,75.0,75.0,12.9,70.2,64.4,勾配力行 ↔ 惰行,惰行,12.9,0.0,53.3,75.0,58.8,58.8,,1050.8,81.0,8.66,1042.16,2.0,-0.166,3.208,260m先で勾配が+2.0‰から+3.5‰に変わる,700m先でATC現示が75km/hから70km/hに低下する,0.0,0.0,1,81.0,先行列車なし,0,,0,0,0,後続列車なし,該当なし,該当なし,0,0,0,30,240,,,
5.0,brake_early_s1,1,0.975706,駅出発直後の加速フェーズ（20秒以内）,力行,5.0,なし（または停止）,0.0,0.0,16.08,75.0,75.0,75.0,16.1,70.2,64.4,勾配力行 ↔ 惰行,惰行,16.1,-0.0,54.1,75.0,59.0,59.0,,1046.8,80.0,13.49,1033.3,2.0,-0.173,3.201,255m先で勾配が+2.0‰から+3.5‰に変わる,696m先でATC現示が75km/hから70km/hに低下する,0.0,0.0,1,80.0,先行列車なし,0,,0,0,0,後続列車なし,該当なし,該当なし,0,0,0,30,240,,,
6.0,brake_early_s1,1,0.980622,駅出発直後の加速フェーズ（20秒以内）,力行,6.0,なし（または停止）,0.0,0.0,19.28,75.0,75.0,75.0,19.3,70.2,64.4,勾配力行 ↔ 惰行,惰行,19.3,0.0,54.5,75.0,59.0,59.0,,1041.9,79.0,19.36,1022.52,2.0,-0.18,3.194,250m先で勾配が+2.0‰から+3.5‰に変わる,691m先でATC現示が75km/hから70km/hに低下する,0.0,0.0,1,79.0,先行列車なし,0,,0,0,0,後続列車なし,該当なし,該当なし,0,0,0,30,240,,,
7.0,brake_early_s1,1,0.986425,駅出発直後の加速フェーズ（20秒以内）,力行,7.0,なし（または停止）,0.0,0.0,22.47,75.0,75.0,75.0,22.5,70.2,64.4,勾配力行 ↔ 惰行,惰行,22.5,0.0,55.2,75.0,59.0,59.0,,1036.1,78.0,26.25,1009.82,2.0,-0.188,3.186,245m先で勾配が+2.0‰から+3.5‰に変わる,685m先でATC現示が75km/hから70km/hに低下する,0.0,0.0,1,78.0,先行列車なし,0,,0,0,0,後続列車なし,該当なし,該当なし,0,0,0,30,240,,,
8.0,brake_early_s1,1,0.993113,駅出発直後の加速フェーズ（20秒以内）,力行,8.0,なし（または停止）,0.0,0.0,25.65,75.0,75.0,75.0,25.7,70.2,64.4,勾配力行 ↔ 惰行,惰行,25.7,0.0,56.0,75.0,59.0,59.0,,1029.4,77.0,34.15,995.24,2.0,-0.196,3.178,235m先で勾配が+2.0‰から+3.5‰に変わる,679m先でATC現示が75km/hから70km/hに低下する,0.0,0.0,1,77.0,先行列車なし,0,,0,0,0,後続列車なし,該当なし,該当なし,0,0,0,30,240,,,
9.0,brake_early_s1,1,1.000683,駅出発直後の加速フェーズ（20秒以内）,力行,9.0,なし（または停止）,0.0,0.0,28.82,75.0,75.0,75.0,28.8,70.2,64.4,勾配力行 ↔ 惰行,惰行,28.8,-0.0,56.1,75.0,59.0,59.0,,1021.8,76.0,43.05,978.77,2.0,-0.204,3.17,230m先で勾配が+2.0‰から+3.5‰に変わる,671m先でATC現示が75km/hから70km/hに低下する,0.0,0.0,1,76.0,先行列車なし,0,,0,0,0,後続列車なし,該当なし,該当なし,0,0,0,30,240,,,
10.0,brake_early_s1,1,1.009134,駅出発直後の加速フェーズ（20秒以内）,力行,10.0,なし（または停止）,0.0,0.0,31.99,75.0,75.0,75.0,32.0,70.3,64.4,勾配力行 ↔ 惰行,惰行,32.0,-0.0,57.0,75.0,59.0,59.0,,1013.4,75.0,52.92,960.45,2.0,-0.213,3.161,220m先で勾配が+2.0‰から+3.5‰に変わる,663m先でATC現示が75km/hから70km/hに低下する,0.0,0.0,1,75.0,先行列車なし,0,,0,0,0,後続列車なし,該当なし,該当なし,0,0,0,30,240,,,
11.0,brake_early_s1,1,1.018463,駅出発直後の加速フェーズ（20秒以内）,力行,11.0,なし（または停止）,0.0,0.0,35.15,75.0,75.0,75.0,35.1,70.3,64.5,勾配力行 ↔ 惰行,惰行,35.1,-0.0,57.2,75.0,59.0,59.0,,1004.0,74.0,63.74,940.29,2.0,-0.223,3.151,210m先で勾配が+2.0‰から+3.5‰に変わる,653m先でATC現示が75km/hから70km/hに低下する,0.0,0.0,1,74.0,先行列車なし,0,,0,0,0,後続列車なし,該当なし,該当なし,0,0,0,30,240,,,
12.0,brake_early_s1,1,1.028668,駅出発直後の加速フェーズ（20秒以内）,力行,12.0,なし（または停止）,0.0,0.0,38.29,75.0,75.0,75.0,38.3,70.3,64.5,勾配力行 ↔ 惰行,惰行,38.3,0.0,57.9,75.0,59.0,59.0,,993.8,73.0,75.51,918.32,2.0,-0.232,3.141,200m先で勾配が+2.0‰から+3.5‰に変わる,643m先でATC現示が75km/hから70km/hに低下する,0.0,0.0,1,73.0,先行列車なし,0,,0,0,0,後続列車なし,該当なし,該当なし,0,0,0,30,240,,,
13.0,brake_early_s1,1,1.039743,駅出発直後の加速フェーズ（20秒以内）,力行,13.0,なし（または停止）,0.0,0.0,41.4,75.0,75.0,75.0,41.4,70.5,64.7,勾配力行 ↔ 惰行,惰行,41.4,-0.0,57.9,75.0,59.0,59.0,,982.8,72.0,88.09,894.67,2.0,-0.243,3.017,190m先で勾配が+2.0‰から+3.5‰に変わる,632m先でATC現示が75km/hから70km/hに低下する,0.0,0.0,1,72.0,先行列車なし,0,,0,0,0,後続列車なし,該当なし,該当なし,0,0,0,30,240,,,
14.0,brake_early_s1,1,1.051656,駅出発直後の加速フェーズ（20秒以内）,力行,14.0,なし（または停止）,0.0,0.0,44.3,75.0,75.0,75.0,44.3,70.8,65.0,勾配力行 ↔ 惰行,惰行,44.3,-0.0,58.2,75.0,59.0,59.0,,970.8,71.0,100.66,870.18,2.0,-0.253,2.793,180m先で勾配が+2.0‰から+3.5‰に変わる,620m先でATC現示が75km/hから70km/hに低下する,0.0,0.0,1,71.0,先行列車なし,0,,0,0,0,後続列車なし,該当なし,該当なし,0,0,0,30,240,,,
15.0,brake_early_s1,1,1.064346,駅出発直後の加速フェーズ（20秒以内）,力行,15.0,なし（または停止）,0.0,0.0,47.0,75.0,75.0,75.0,47.0,71.1,65.3,勾配力行 ↔ 惰行,惰行,47.0,-0.0,58.8,75.0,59.0,59.0,,958.2,70.0,113.07,845.08,2.0,-0.262,2.609,165m先で勾配が+2.0‰から+3.5‰に変わる,607m先でATC現示が75km/hから70km/hに低下する,0.0,0.0,1,70.0,先行列車なし,0,,0,0,0,後続列車なし,該当なし,該当なし,0,0,0,30,240,,,
16.0,brake_early_s1,1,1.077761,駅出発直後の加速フェーズ（20秒以内）,力行,16.0,なし（または停止）,0.0,0.0,49.53,75.0,75.0,75.0,49.5,71.3,65.5,勾配力行 ↔ 惰行,惰行,49.5,-0.0,58.8,75.0,59.0,59.0,,944.7,69.0,125.33,819.41,2.0,-0.272,2.453,150m先で勾配が+2.0‰から+3.5‰に変わる,594m先でATC現示が75km/hから70km/hに低下する,0.0,0.0,1,69.0,先行列車なし,0,,0,0,0,後続列車なし,該当なし,該当なし,0,0,0,30,240,,,
17.0,brake_early_s1,1,1.091858,駅出発直後の加速フェーズ（20秒以内）,力行,17.0,なし（または停止）,0.0,0.0,51.92,75.0,75.0,75.0,51.9,71.5,65.7,勾配力行 ↔ 惰行,惰行,51.9,-0.0,58.8,75.0,59.0,59.0,,930.6,68.0,137.4,793.24,2.0,-0.281,2.319,140m先で勾配が+2.0‰から+3.5‰に変わる,580m先でATC現示が75km/hから70km/hに低下する,0.0,0.0,1,68.0,先行列車なし,0,,0,0,0,後続列車なし,該当なし,該当なし,0,0,0,30,240,,,
18.0,brake_early_s1,1,1.1066,駅出発直後の加速フェーズ（20秒以内）,力行,18.0,なし（または停止）,0.0,0.0,54.18,75.0,75.0,75.0,54.2,71.7,65.9,勾配力行 ↔ 惰行,惰行,54.2,0.0,58.8,75.0,59.0,59.0,,915.9,67.0,148.8,767.1,2.0,-0.289,2.201,125m先で勾配が+2.0‰から+3.5‰に変わる,565m先でATC現示が75km/hから70km/hに低下する,0.0,0.0,1,67.0,先行列車なし,0,,0,0,0,後続列車なし,該当なし,該当なし,0,0,0,30,240,,,
19.0,brake_early_s1,1,1.121953,駅出発直後の加速フェーズ（20秒以内）,力行,19.0,なし（または停止）,0.0,0.0,56.33,75.0,75.0,75.0,56.3,71.9,66.0,勾配力行 ↔ 惰行,惰行,56.3,-0.0,59.0,75.0,59.0,59.0,,900.5,66.0,159.92,740.63,2.0,-0.298,2.098,110m先で勾配が+2.0‰から+3.5‰に変わる,550m先でATC現示が75km/hから70km/hに低下する,0.0,0.0,1,66.0,先行列車なし,0,,0,0,0,後続列車なし,該当なし,該当なし,0,0,0,30,240,,,
20.0,brake_early_s1,1,1.137889,巡航フェーズ（駅間走行中）,力行,20.0,なし（または停止）,0.0,0.0,58.38,75.0,75.0,75.0,58.4,72.0,66.2,勾配力行 ↔ 惰行,惰行,58.4,-0.0,59.3,75.0,59.0,59.0,,884.6,65.0,170.87,713.74,2.0,-0.307,2.005,90m先で勾配が+2.0‰から+3.5‰に変わる,534m先でATC現示が75km/hから70km/hに低下する,0.0,0.0,1,65.0,先行列車なし,0,,0,0,0,後続列車なし,該当なし,該当なし,0,0,0,30,240,,,
21.0,brake_early_s1,1,1.154353,巡航フェーズ（駅間走行中）,惰行,0.0,力行,0.0,2.26,59.71,75.0,75.0,75.0,60.3,72.1,66.3,勾配力行 ↔ 惰行,惰行,60.3,-0.6,59.5,75.0,59.7,59.7,,868.1,64.0,178.06,690.09,2.0,-0.312,1.948,75m先で勾配が+2.0‰から+3.5‰に変わる,517m先でATC現示が75km/hから70km/hに低下する,0.0,0.0,1,64.0,先行列車なし,0,,0,0,0,後続列車なし,該当なし,該当なし,0,0,0,30,240,,,
22.0,brake_early_s1,1,1.170939,巡航フェーズ（駅間走行中）,惰行,0.0,力行,0.0,2.26,59.72,75.0,75.0,75.0,62.2,72.1,66.3,勾配力行 ↔ 惰行,惰行,62.2,-2.5,58.9,75.0,59.7,59.7,,851.6,63.0,177.66,673.9,2.0,-0.312,1.948,60m先で勾配が+2.0‰から+3.5‰に変わる,501m先でATC現示が75km/hから70km/hに低下する,0.0,0.0,1,63.0,先行列車なし,0,,0,0,0,後続列車なし,該当なし,該当なし,0,0,0,30,240,,,
23.0,brake_early_s1,1,1.187524,現示低下点への接近フェーズ（500m以内に現示の低下あり）,力行,0.0,惰行,0.1,2.26,59.7,75.0,75.0,75.0,63.9,72.1,66.3,勾配力行 ↔ 惰行,惰行,63.9,-4.2,59.2,75.0,59.7,59.7,,835.0,62.0,176.54,658.43,2.0,-0.312,1.948,40m先で勾配が+2.0‰から+3.5‰に変わる,484m先でATC現示が75km/hから70km/hに低下する,0.0,0.0,1,62.0,先行列車なし,0,,0,0,0,後続列車なし,該当なし,該当なし,0,0,0,30,240,,,
24.0,brake_early_s1,1,1.20411,現示低下点への接近フェーズ（500m以内に現示の低下あり）,惰行,0.1,力行,0.0,2.26,59.7,75.0,75.0,75.0,65.5,72.1,66.4,勾配力行 ↔ 惰行,惰行,65.5,-5.8,59.4,75.0,59.7,59.7,,818.4,61.0,172.49,645.9,2.0,-0.312,1.948,25m先で勾配が+2.0‰から+3.5‰に変わる,468m先でATC現示が75km/hから70km/hに低下する,0.0,0.0,1,61.0,先行列車なし,0,,0,0,0,後続列車なし,該当なし,該当なし,0,0,0,30,240,,,
25.0,brake_early_s1,1,1.220695,現示低下点への接近フェーズ（500m以内に現示の低下あり）,惰行,0.1,力行,0.0,2.26,59.71,75.0,75.0,75.0,67.0,72.1,66.5,勾配力行 ↔ 惰行,惰行,67.0,-7.3,58.8,75.0,59.7,59.7,,801.8,60.0,168.47,633.33,2.0,-0.312,1.948,10m先で勾配が+2.0‰から+3.5‰に変わる,451m先でATC現示が75km/hから70km/hに低下する,0.0,0.0,1,60.0,先行列車なし,0,,0,0,0,後続列車なし,該当なし,該当なし,0,0,0,30,240,,,
26.0,brake_early_s1,1,1.237281,現示低下点への接近フェーズ（500m以内に現示の低下あり）,惰行,0.1,力行,0.0,2.26,59.7,75.0,75.0,75.0,68.5,72.2,66.7,勾配力行 ↔ 惰行,惰行,68.5,-8.8,59.0,75.0,59.7,59.7,,785.2,59.0,164.61,620.61,3.5,-0.365,1.895,15m先で勾配が+3.5‰から+4.0‰に変わる,435m先でATC現示が75km/hから70km/hに低下する,0.0,0.0,1,59.0,先行列車なし,0,,0,0,0,後続列車なし,該当なし,該当なし,0,0,0,30,240,,,
27.0,brake_early_s1,1,1.253866,現示低下点への接近フェーズ（500m以内に現示の低下あり）,惰行,0.0,力行,0.0,2.26,59.72,75.0,75.0,75.0,69.8,72.2,66.7,勾配力行 ↔ 惰行,惰行,69.8,-10.1,59.3,75.0,59.7,59.7,,768.6,58.0,160.77,607.87,4.0,-0.383,1.877,110m先で勾配が+4.0‰から+27.0‰に変わる,418m先でATC現示が75km/hから70km/hに低下する,0.0,0.0,1,58.0,先行列車なし,0,,0,0,0,後続列車なし,該当なし,該当なし,0,0,0,30,240,,,
28.0,brake_early_s1,1,1.270452,現示低下点への接近フェーズ（500m以内に現示の低下あり）,惰行,0.0,力行,0.0,2.26,59.72,75.0,75.0,75.0,71.0,72.2,66.7,勾配力行 ↔ 惰行,惰行,71.0,-11.3,58.8,75.0,59.7,59.7,,752.0,57.0,157.11,594.94,4.0,-0.383,1.877,95m先で勾配が+4.0‰から+27.0‰に変わる,401m先でATC現示が75km/hから70km/hに低下する,0.0,0.0,1,57.0,先行列車なし,0,,0,0,0,後続列車なし,該当なし,該当なし,0,0,0,30,240,,,
29.0,brake_early_s1,1,1.287037,現示低下点への接近フェーズ（500m以内に現示の低下あり）,惰行,0.0,力行,0.0,2.26,59.72,75.0,75.0,75.0,72.3,72.2,66.7,勾配力行 ↔ 惰行,惰行,72.3,-12.5,58.8,75.0,59.7,59.7,,735.5,56.0,153.33,582.14,4.0,-0.383,1.877,75m先で勾配が+4.0‰から+27.0‰に変わる,385m先でATC現示が75km/hから70km/hに低下する,0.0,0.0,1,56.0,先行列車なし,0,,0,0,0,後続列車なし,該当なし,該当なし,0,0,0,30,240,,,
30.0,brake_early_s1,1,1.303623,現示低下点への接近フェーズ（500m以内に現示の低下あり）,力行,0.0,惰行,0.1,2.26,59.7,75.0,75.0,75.0,73.4,72.2,66.7,勾配力行 ↔ 惰行,惰行,73.4,-13.7,59.2,75.0,59.7,59.7,,718.9,55.0,149.66,569.22,4.0,-0.383,1.878,60m先で勾配が+4.0‰から+27.0‰に変わる,368m先でATC現示が75km/hから70km/hに低下する,0.0,0.0,1,55.0,先行列車なし,0,,0,0,0,後続列車なし,該当なし,該当なし,0,0,0,30,240,,,
31.0,brake_early_s1,1,1.320208,現示低下点への接近フェーズ（500m以内に現示の低下あり）,力行,0.0,惰行,0.1,2.26,59.7,75.0,75.0,75.0,73.8,72.2,67.1,勾配力行 ↔ 惰行,惰行,73.8,-14.1,58.8,75.0,59.7,59.7,,702.3,54.0,145.86,556.44,4.0,-0.383,1.878,45m先で勾配が+4.0‰から+27.0‰に変わる,352m先でATC現示が75km/hから70km/hに低下する,0.0,0.0,1,54.0,先行列車なし,0,,0,0,0,後続列車なし,該当なし,該当なし,0,0,0,30,240,,,
32.0,brake_early_s1,1,1.336793,現示低下点への接近フェーズ（500m以内に現示の低下あり）,惰行,0.1,力行,0.0,2.26,59.7,75.0,75.0,75.0,73.5,72.2,68.3,勾配力行 ↔ 惰行,惰行,73.5,-13.8,58.8,75.0,59.7,59.7,,685.7,53.0,142.41,543.29,4.0,-0.383,1.878,30m先で勾配が+4.0‰から+27.0‰に変わる,335m先でATC現示が75km/hから70km/hに低下する,0.0,0.0,1,53.0,先行列車なし,0,,0,0,0,後続列車なし,該当なし,該当なし,0,0,0,30,240,,,
33.0,brake_early_s1,1,1.353379,現示低下点への接近フェーズ（500m以内に現示の低下あり）,惰行,0.1,力行,0.0,2.26,59.7,75.0,75.0,75.0,73.1,72.2,67.0,勾配力行 ↔ 惰行,勾配力行,73.1,-13.4,58.9,75.0,59.7,59.7,,669.1,52.0,138.76,530.36,4.0,-0.383,1.878,10m先で勾配が+4.0‰から+27.0‰に変わる,318m先でATC現示が75km/hから70km/hに低下する,0.0,0.0,1,52.0,先行列車なし,0,,0,0,0,後続列車なし,該当なし,該当なし,0,0,0,30,240,,,
34.0,brake_early_s1,1,1.369963,現示低下点への接近フェーズ（500m以内に現示の低下あり）,力行,0.0,惰行,0.0,2.26,59.7,75.0,75.0,75.0,72.4,73.0,67.0,勾配力行 ↔ 惰行,勾配力行,72.4,-12.7,58.8,75.0,59.7,59.7,,652.5,51.0,136.42,516.12,27.0,-1.194,1.066,120m先で勾配が+27.0‰から+28.0‰に変わる,302m先でATC現示が75km/hから70km/hに低下する,0.0,0.0,1,51.0,先行列車なし,0,,0,0,0,後続列車なし,該当なし,該当なし,0,0,0,30,240,,,
35.0,brake_early_s1,1,1.386546,現示低下点への接近フェーズ（500m以内に現示の低下あり）,惰行,0.0,力行,0.0,2.26,59.7,75.0,75.0,75.0,71.4,73.0,67.0,勾配力行 ↔ 惰行,勾配力行,71.4,-11.7,58.8,75.0,59.7,59.7,,636.0,50.0,136.28,499.68,27.0,-1.194,1.066,105m先で勾配が+27.0‰から+28.0‰に変わる,285m先でATC現示が75km/hから70km/hに低下する,0.0,0.0,1,50.0,先行列車なし,0,,0,0,0,後続列車なし,該当なし,該当なし,0,0,0,30,240,,,
36.0,brake_early_s1,1,1.403129,現示低下点への接近フェーズ（500m以内に現示の低下あり）,惰行,0.0,力行,0.0,2.26,59.71,75.0,75.0,75.0,70.3,73.0,67.0,勾配力行 ↔ 惰行,勾配力行,70.3,-10.6,58.8,75.0,59.7,59.7,,619.4,49.0,136.14,483.23,27.0,-1.194,1.066,85m先で勾配が+27.0‰から+28.0‰に変わる,269m先でATC現示が75km/hから70km/hに低下する,0.0,0.0,1,49.0,先行列車なし,0,,0,0,0,後続列車なし,該当なし,該当なし,0,0,0,30,240,,,
37.0,brake_early_s1,1,1.419713,現示低下点への接近フェーズ（500m以内に現示の低下あり）,力行,0.0,惰行,0.0,2.26,59.69,75.0,75.0,75.0,69.3,73.0,67.0,勾配力行 ↔ 惰行,勾配力行,69.3,-9.6,58.8,75.0,59.7,59.7,,602.8,48.0,135.76,467.02,27.0,-1.194,1.067,70m先で勾配が+27.0‰から+28.0‰に変わる,252m先でATC現示が75km/hから70km/hに低下する,0.0,0.0,1,48.0,先行列車なし,0,,0,0,0,後続列車なし,該当なし,該当なし,0,0,0,30,240,,,
38.0,brake_early_s1,1,1.436296,現示低下点への接近フェーズ（500m以内に現示の低下あり）,力行,0.0,惰行,0.0,2.26,59.69,75.0,75.0,75.0,68.2,73.0,67.0,勾配力行 ↔ 惰行,勾配力行,68.2,-8.5,58.8,75.0,59.7,59.7,,586.2,47.0,135.35,450.86,27.0,-1.194,1.067,55m先で勾配が+27.0‰から+28.0‰に変わる,236m先でATC現示が75km/hから70km/hに低下する,0.0,0.0,1,47.0,先行列車なし,0,,0,0,0,後続列車なし,該当なし,該当なし,0,0,0,30,240,,,
39.0,brake_early_s1,1,1.452879,現示低下点への接近フェーズ（500m以内に現示の低下あり）,力行,0.0,惰行,0.0,2.26,59.7,75.0,75.0,75.0,68.0,73.0,67.0,勾配力行 ↔ 惰行,勾配力行,68.0,-8.3,58.8,75.0,59.7,59.7,,569.6,46.0,134.94,434.68,27.0,-1.194,1.066,35m先で勾配が+27.0‰から+28.0‰に変わる,219m先でATC現示が75km/hから70km/hに低下する,0.0,0.0,1,46.0,先行列車なし,0,,0,0,0,後続列車なし,該当なし,該当なし,0,0,0,30,240,,,
40.0,brake_early_s1,1,1.469462,現示低下点への接近フェーズ（500m以内に現示の低下あり）,惰行,0.0,力行,0.0,2.26,59.7,75.0,75.0,75.0,67.2,73.0,66.9,勾配力行 ↔ 惰行,勾配力行,67.2,-7.5,58.8,75.0,59.7,59.7,,553.0,45.0,134.54,418.49,27.0,-1.194,1.066,20m先で勾配が+27.0‰から+28.0‰に変わる,202m先でATC現示が75km/hから70km/hに低下する,0.0,0.0,1,45.0,先行列車なし,0,,0,0,0,後続列車なし,該当なし,該当なし,0,0,0,30,240,,,
41.0,brake_early_s1,1,1.486045,現示低下点への接近フェーズ（500m以内に現示の低下あり）,惰行,0.0,力行,0.0,2.26,59.7,75.0,75.0,75.0,66.1,73.0,66.9,勾配力行 ↔ 惰行,勾配力行,66.1,-6.4,58.8,75.0,59.7,59.7,,536.5,44.0,134.14,402.31,27.0,-1.194,1.066,5m先で勾配が+27.0‰から+28.0‰に変わる,186m先でATC現示が75km/hから70km/hに低下する,0.0,0.0,1,44.0,先行列車なし,0,,0,0,0,後続列車なし,該当なし,該当なし,0,0,0,30,240,,,
42.0,brake_early_s1,1,1.502628,現示低下点への接近フェーズ（500m以内に現示の低下あり）,力行,0.0,惰行,0.0,2.26,59.7,75.0,75.0,75.0,65.0,73.0,66.8,勾配力行 ↔ 惰行,勾配力行,65.0,-5.3,58.8,75.0,59.7,59.7,,519.9,43.0,133.83,386.04,28.0,-1.229,1.031,45m先で勾配が+28.0‰から+29.7‰に変わる,169m先でATC現示が75km/hから70km/hに低下する,0.0,0.0,1,43.0,先行列車なし,0,,0,0,0,後続列車なし,該当なし,該当なし,0,0,0,30,240,,,
43.0,brake_early_s1,1,1.519211,現示低下点への接近フェーズ（500m以内に現示の低下あり）,力行,0.0,惰行,0.0,2.26,59.69,75.0,75.0,75.0,63.8,73.0,66.7,勾配力行 ↔ 惰行,勾配力行,63.8,-4.1,58.8,75.0,59.7,59.7,,503.3,42.0,133.52,369.77,28.0,-1.229,1.031,30m先で勾配が+28.0‰から+29.7‰に変わる,153m先でATC現示が75km/hから70km/hに低下する,0.0,0.0,1,42.0,先行列車なし,0,,0,0,0,後続列車なし,該当なし,該当なし,0,0,0,30,240,,,
44.0,brake_early_s1,1,1.535794,現示低下点への接近フェーズ（500m以内に現示の低下あり）,惰行,0.0,力行,0.0,2.26,59.7,75.0,75.0,75.0,62.6,73.0,66.6,勾配力行 ↔ 惰行,勾配力行,62.6,-2.9,57.9,75.0,59.7,59.7,,486.7,41.0,133.32,353.38,28.0,-1.229,1.031,15m先で勾配が+28.0‰から+29.7‰に変わる,136m先でATC現示が75km/hから70km/hに低下する,0.0,0.0,1,41.0,先行列車なし,0,,0,0,0,後続列車なし,該当なし,該当なし,0,0,0,30,240,,,
45.0,brake_early_s1,1,1.552377,現示低下点への接近フェーズ（500m以内に現示の低下あり）,惰行,0.0,力行,0.0,2.26,59.7,75.0,75.0,75.0,61.4,73.0,66.6,勾配力行 ↔ 惰行,勾配力行,61.4,-1.7,58.8,75.0,59.7,59.7,,470.1,40.0,133.12,337.01,29.7,-1.289,0.971,160m先で勾配が+29.7‰から+3.0‰に変わる,119m先でATC現示が75km/hから70km/hに低下する,0.0,0.0,1,40.0,先行列車なし,0,,0,0,0,後続列車なし,該当なし,該当なし,0,0,0,30,240,,,
46.0,brake_early_s1,1,1.56896,現示低下点への接近フェーズ（500m以内に現示の低下あり）,惰行,0.0,力行,0.0,2.26,59.7,75.0,75.0,75.0,60.1,73.0,66.6,勾配力行 ↔ 惰行,勾配力行,60.1,-0.4,58.8,75.0,59.7,59.7,,453.5,39.0,133.11,320.43,29.7,-1.289,0.971,145m先で勾配が+29.7‰から+3.0‰に変わる,103m先でATC現示が75km/hから70km/hに低下する,0.0,0.0,1,39.0,先行列車なし,0,,0,0,0,後続列車なし,該当なし,該当なし,0,0,0,30,240,,,
47.0,brake_early_s1,1,1.585543,現示低下点への接近フェーズ（500m以内に現示の低下あり）,力行,0.0,惰行,0.0,2.26,59.7,75.0,75.0,75.0,58.9,73.0,66.6,勾配力行 ↔ 惰行,勾配力行,58.9,0.8,57.9,75.0,59.7,59.7,,437.0,38.0,135.8,301.16,29.7,-1.289,0.971,130m先で勾配が+29.7‰から+3.0‰に変わる,86m先でATC現示が75km/hから70km/hに低下する,0.0,0.0,1,38.0,先行列車なし,0,,0,0,0,後続列車なし,該当なし,該当なし,0,0,0,30,240,,,
48.0,brake_early_s1,1,1.602126,現示低下点への接近フェーズ（500m以内に現示の低下あり）,力行,0.0,惰行,0.0,2.26,59.7,75.0,75.0,75.0,57.5,73.0,66.6,勾配力行 ↔ 惰行,勾配力行,57.5,2.2,57.9,75.0,59.7,59.7,,420.4,37.0,141.5,278.88,29.7,-1.289,0.971,110m先で勾配が+29.7‰から+3.0‰に変わる,70m先でATC現示が75km/hから70km/hに低下する,0.0,0.0,1,37.0,先行列車なし,0,,0,0,0,後続列車なし,該当なし,該当なし,0,0,0,30,240,,,
49.0,brake_early_s1,1,1.618709,現示低下点への接近フェーズ（500m以内に現示の低下あり）,力行,0.0,惰行,0.0,2.26,59.7,75.0,75.0,75.0,56.2,73.0,66.6,勾配力行 ↔ 惰行,勾配力行,56.2,3.5,58.8,75.0,59.7,59.7,,403.8,36.0,147.12,256.67,29.7,-1.289,0.971,95m先で勾配が+29.7‰から+3.0‰に変わる,53m先でATC現示が75km/hから70km/hに低下する,0.0,0.0,1,36.0,先行列車なし,0,,0,0,0,後続列車なし,該当なし,該当なし,0,0,0,30,240,,,
50.0,brake_early_s1,1,1.635292,次駅への減速フェーズ（駅手前400m以内）,力行,0.0,惰行,0.0,2.26,59.7,75.0,75.0,75.0,54.8,73.0,66.6,勾配力行 ↔ 惰行,勾配力行,54.8,4.9,,75.0,59.7,59.7,,387.2,35.0,152.85,234.36,29.7,-1.289,0.971,80m先で勾配が+29.7‰から+3.0‰に変わる,37m先でATC現示が75km/hから70km/hに低下する,0.0,0.0,1,35.0,先行列車なし,0,,0,0,0,後続列車なし,該当なし,該当なし,0,0,0,30,240,,,
51.0,brake_early_s1,1,1.651875,次駅への減速フェーズ（駅手前400m以内）,力行,0.0,惰行,0.0,2.26,59.7,75.0,75.0,73.9,53.4,71.9,65.5,勾配力行 ↔ 惰行,勾配力行,53.4,6.3,,75.0,59.7,59.7,,370.6,34.0,158.37,212.25,29.7,-1.289,0.971,60m先で勾配が+29.7‰から+3.0‰に変わる,20m先でATC現示が75km/hから70km/hに低下する,0.0,0.0,1,34.0,先行列車なし,0,,0,0,0,後続列車なし,該当なし,該当なし,0,0,0,30,240,,,
52.0,brake_early_s1,1,1.668457,次駅への減速フェーズ（駅手前400m以内）,力行,0.0,惰行,0.0,2.26,59.7,75.0,75.0,70.8,52.0,68.8,62.8,勾配力行 ↔ 惰行,勾配力行,52.0,7.7,,75.0,59.7,59.7,,354.0,33.0,163.91,190.14,29.7,-1.289,0.971,45m先で勾配が+29.7‰から+3.0‰に変わる,3m先でATC現示が75km/hから70km/hに低下する,0.0,0.0,1,33.0,先行列車なし,0,,0,0,0,後続列車なし,該当なし,該当なし,0,0,0,30,240,,,
53.0,brake_early_s1,1,1.68504,次駅への減速フェーズ（駅手前400m以内）,力行,0.0,惰行,0.0,2.26,59.69,70.0,70.0,70.0,50.5,68.0,63.4,勾配力行 ↔ 惰行,勾配力行,50.5,9.2,,75.0,59.7,59.7,,337.5,32.0,169.61,167.85,29.7,-1.289,0.971,30m先で勾配が+29.7‰から+3.0‰に変わる,677m先でATC現示が70km/hから55km/hに低下する,0.0,0.0,1,32.0,先行列車なし,0,,0,0,0,後続列車なし,該当なし,該当なし,0,0,0,30,240,,,
54.0,brake_early_s1,1,1.701623,次駅への減速フェーズ（駅手前400m以内）,力行,0.0,惰行,0.0,2.26,59.69,70.0,70.0,70.0,49.0,68.0,63.3,勾配力行 ↔ 惰行,惰行,49.0,10.7,,75.0,59.7,59.7,,320.9,31.0,175.04,145.84,29.7,-1.289,0.971,10m先で勾配が+29.7‰から+3.0‰に変わる,660m先でATC現示が70km/hから55km/hに低下する,0.0,0.0,1,31.0,先行列車なし,0,,0,0,0,後続列車なし,該当なし,該当なし,0,0,0,30,240,,,
55.0,brake_early_s1,1,1.718207,次駅への減速フェーズ（駅手前400m以内）,惰行,0.1,力行,0.0,2.26,59.7,70.0,70.0,70.0,48.0,67.1,61.5,勾配力行 ↔ 惰行,惰行,48.0,11.7,,75.0,59.7,59.7,,304.3,30.0,178.28,126.01,3.0,-0.347,1.913,当面+3.0‰が続く,644m先でATC現示が70km/hから55km/hに低下する,0.0,0.0,1,30.0,先行列車なし,0,,0,0,0,後続列車なし,該当なし,該当なし,0,0,0,30,240,,,
56.0,brake_early_s1,1,1.734793,次駅への減速フェーズ（駅手前400m以内）,惰行,0.0,力行,0.0,2.26,59.71,70.0,70.0,70.0,47.6,67.1,61.5,勾配力行 ↔ 惰行,惰行,47.6,12.1,,75.0,59.7,59.7,,287.7,29.0,178.37,109.34,3.0,-0.347,1.912,当面+3.0‰が続く,627m先でATC現示が70km/hから55km/hに低下する,0.0,0.0,1,29.0,先行列車なし,0,,0,0,0,後続列車なし,該当なし,該当なし,0,0,0,30,240,,,
57.0,brake_early_s1,1,1.751378,次駅への減速フェーズ（駅手前400m以内）,惰行,0.0,力行,0.0,2.26,59.71,70.0,70.0,70.0,47.3,67.1,61.5,勾配力行 ↔ 惰行,惰行,47.3,12.4,,75.0,59.7,59.7,,271.1,28.0,178.32,92.8,3.0,-0.347,1.913,当面+3.0‰が続く,610m先でATC現示が70km/hから55km/hに低下する,0.0,0.0,1,28.0,先行列車なし,0,,0,0,0,後続列車なし,該当なし,該当なし,0,0,0,30,240,,,
58.0,brake_early_s1,1,1.767964,次駅への減速フェーズ（駅手前400m以内）,力行,0.0,惰行,0.1,2.26,59.7,70.0,70.0,70.0,46.9,67.1,61.5,勾配力行 ↔ 惰行,惰行,46.9,12.8,,75.0,59.7,59.7,,254.5,27.0,178.27,76.27,3.0,-0.347,1.913,当面+3.0‰が続く,594m先でATC現示が70km/hから55km/hに低下する,0.0,0.0,1,27.0,先行列車なし,0,,0,0,0,後続列車なし,該当なし,該当なし,0,0,0,30,240,,,
59.0,brake_early_s1,1,1.784549,次駅への減速フェーズ（駅手前400m以内）,制動,0.0,力行,0.0,4.76,59.69,70.0,70.0,70.0,46.5,67.1,61.5,勾配力行 ↔ 惰行,惰行,46.5,13.2,,75.0,59.7,59.7,,238.0,26.0,178.21,59.74,3.0,-0.347,1.914,当面+3.0‰が続く,577m先でATC現示が70km/hから55km/hに低下する,0.0,0.0,1,26.0,先行列車なし,0,,0,0,0,後続列車なし,該当なし,該当なし,0,0,0,30,240,,,
60.0,brake_early_s1,1,1.80073,次駅への減速フェーズ（駅手前400m以内）,制動,1.0,力行,0.0,4.87,56.85,70.0,70.0,70.0,46.1,66.9,61.3,勾配力行 ↔ 惰行,惰行,46.1,10.7,,75.0,56.8,56.8,,221.8,25.0,162.02,59.75,3.0,-0.336,2.038,当面+3.0‰が続く,561m先でATC現示が70km/hから55km/hに低下する,0.0,0.0,1,25.0,先行列車なし,0,,0,0,0,後続列車なし,該当なし,該当なし,0,0,0,30,240,,,
61.0,brake_early_s1,1,1.816124,次駅への減速フェーズ（駅手前400m以内）,制動,2.0,力行,0.0,5.0,54.02,70.0,70.0,70.0,45.8,66.7,61.1,勾配力行 ↔ 惰行,惰行,45.8,8.2,,75.0,70.0,70.0,,206.4,24.0,146.62,59.75,3.0,-0.324,2.174,当面+3.0‰が続く,546m先でATC現示が70km/hから55km/hに低下する,0.0,0.0,1,24.0,先行列車なし,0,,0,0,0,後続列車なし,該当なし,該当なし,0,0,0,30,240,,,
62.0,brake_early_s1,1,1.830733,次駅への減速フェーズ（駅手前400m以内）,制動,3.0,力行,0.0,5.14,51.2,70.0,70.0,70.0,45.4,66.5,60.9,勾配力行 ↔ 惰行,惰行,45.4,5.8,,75.0,70.0,70.0,,191.8,23.0,132.01,59.76,3.0,-0.313,2.323,当面+3.0‰が続く,531m先でATC現示が70km/hから55km/hに低下する,0.0,0.0,1,23.0,先行列車なし,0,,0,0,0,後続列車なし,該当なし,該当なし,0,0,0,30,240,,,
63.0,brake_early_s1,1,1.84456,次駅への減速フェーズ（駅手前400m以内）,制動,4.0,力行,0.0,5.29,48.39,70.0,70.0,70.0,45.1,66.3,60.6,勾配力行 ↔ 惰行,惰行,45.1,3.3,,75.0,70.0,70.0,,177.9,22.0,118.18,59.76,3.0,-0.303,2.486,当面+3.0‰が続く,517m先でATC現示が70km/hから55km/hに低下する,0.0,0.0,1,22.0,先行列車なし,0,,0,0,0,後続列車なし,該当なし,該当なし,0,0,0,30,240,,,
64.0,brake_early_s1,1,1.857609,次駅への減速フェーズ（駅手前400m以内）,制動,5.0,力行,0.0,5.46,45.59,70.0,70.0,70.0,44.8,66.0,60.4,勾配力行 ↔ 惰行,惰行,44.8,0.8,,75.0,70.0,70.0,,164.9,21.0,105.13,59.77,3.0,-0.292,2.667,当面+3.0‰が続く,504m先でATC現示が70km/hから55km/hに低下する,0.0,0.0,1,21.0,先行列車なし,0,,0,0,0,後続列車なし,該当なし,該当なし,0,0,0,30,240,,,
65.0,brake_early_s1,1,1.869882,次駅への減速フェーズ（駅手前400m以内）,制動,6.0,力行,0.0,5.65,42.8,70.0,70.0,70.0,44.5,65.7,60.1,勾配力行 ↔ 惰行,惰行,44.5,-1.7,,75.0,70.0,70.0,,152.6,20.0,92.85,59.77,3.0,-0.283,2.87,当面+3.0‰が続く,492m先でATC現示が70km/hから55km/hに低下する,0.0,0.0,1,20.0,先行列車なし,0,,0,0,0,後続列車なし,該当なし,該当なし,0,0,0,30,240,,,
66.0,brake_early_s1,1,1.881382,次駅への減速フェーズ（駅手前400m以内）,制動,7.0,力行,0.0,5.87,40.03,70.0,70.0,70.0,44.3,65.4,59.7,勾配力行 ↔ 惰行,惰行,44.3,-4.2,,75.0,70.0,70.0,,141.1,19.0,81.34,59.77,3.0,-0.273,3.098,当面+3.0‰が続く,480m先でATC現示が70km/hから55km/hに低下する,0.0,0.0,1,19.0,先行列車なし,0,,0,0,0,後続列車なし,該当なし,該当なし,0,0,0,30,240,,,
66.5,brake_early_s1,1,1.886843,次駅への減速フェーズ（駅手前400m以内）,制動,7.5,力行,0.0,5.87,38.64,70.0,70.0,70.0,44.1,65.3,59.7,勾配力行 ↔ 惰行,惰行,44.1,-5.5,,75.0,70.0,70.0,,135.7,18.5,75.88,59.78,3.0,-0.269,3.105,当面+3.0‰が続く,475m先でATC現示が70km/hから55km/hに低下する,0.0,0.0,1,18.5,先行列車なし,0,,0,0,0,後続列車なし,該当なし,該当なし,0,0,0,30,240,,,
67.0,brake_early_s1,1,1.892112,次駅への減速フェーズ（駅手前400m以内）,制動,8.0,力行,0.0,5.87,37.26,70.0,70.0,70.0,44.0,65.3,59.7,勾配力行 ↔ 惰行,惰行,44.0,-6.8,,75.0,70.0,70.0,,130.4,18.0,70.61,59.78,3.0,-0.264,3.109,当面+3.0‰が続く,470m先でATC現示が70km/hから55km/hに低下する,0.0,0.0,1,18.0,先行列車なし,0,,0,0,0,後続列車なし,該当なし,該当なし,0,0,0,30,240,,,
67.5,brake_early_s1,1,1.897189,次駅への減速フェーズ（駅手前400m以内）,制動,8.5,力行,0.0,5.87,35.88,70.0,70.0,70.0,43.9,65.3,59.7,勾配力行 ↔ 惰行,惰行,43.9,-8.0,,75.0,70.0,70.0,,125.3,17.5,65.53,59.78,3.0,-0.26,3.114,当面+3.0‰が続く,465m先でATC現示が70km/hから55km/hに低下する,0.0,0.0,1,17.5,先行列車なし,0,,0,0,0,後続列車なし,該当なし,該当なし,0,0,0,30,240,,,
68.0,brake_early_s1,1,1.902074,次駅への減速フェーズ（駅手前400m以内）,制動,9.0,力行,0.0,5.87,34.5,70.0,70.0,70.0,43.8,65.3,59.7,勾配力行 ↔ 惰行,惰行,43.8,-9.3,,75.0,70.0,70.0,,120.4,17.0,60.64,59.78,3.0,-0.256,3.118,当面+3.0‰が続く,460m先でATC現示が70km/hから55km/hに低下する,0.0,0.0,1,17.0,先行列車なし,0,,0,0,0,後続列車なし,該当なし,該当なし,0,0,0,30,240,,,
68.5,brake_early_s1,1,1.906768,次駅への減速フェーズ（駅手前400m以内）,制動,9.5,力行,0.0,5.87,33.12,70.0,70.0,70.0,43.7,65.3,59.7,勾配力行 ↔ 惰行,惰行,43.7,-10.5,,75.0,70.0,70.0,,115.7,16.5,55.95,59.78,3.0,-0.252,3.122,当面+3.0‰が続く,455m先でATC現示が70km/hから55km/hに低下する,0.0,0.0,1,16.5,先行列車なし,0,,0,0,0,後続列車なし,該当なし,該当なし,0,0,0,30,240,,,
69.0,brake_early_s1,1,1.911271,次駅への減速フェーズ（駅手前400m以内）,制動,10.0,力行,0.0,5.87,31.75,70.0,70.0,70.0,43.6,65.3,59.7,勾配力行 ↔ 惰行,惰行,43.6,-11.8,,75.0,70.0,70.0,,111.2,16.0,51.44,59.79,3.0,-0.248,3.126,当面+3.0‰が続く,451m先でATC現示が70km/hから55km/hに低下する,0.0,0.0,1,16.0,先行列車なし,0,,0,0,0,後続列車なし,該当なし,該当なし,0,0,0,30,240,,,
69.5,brake_early_s1,1,1.915583,次駅への減速フェーズ（駅手前400m以内）,制動,10.5,力行,0.0,5.87,30.37,70.0,70.0,70.0,43.5,65.3,59.7,勾配力行 ↔ 惰行,惰行,43.5,-13.1,,75.0,70.0,70.0,,106.9,15.5,47.13,59.79,3.0,-0.244,3.13,当面+3.0‰が続く,446m先でATC現示が70km/hから55km/hに低下する,0.0,0.0,1,15.5,先行列車なし,0,,0,0,0,後続列車なし,該当なし,該当なし,0,0,0,30,240,,,
70.0,brake_early_s1,1,1.919704,次駅への減速フェーズ（駅手前400m以内）,制動,11.0,力行,0.0,5.87,29.0,70.0,70.0,70.0,43.4,65.3,59.7,勾配力行 ↔ 惰行,惰行,43.4,-14.4,,75.0,70.0,70.0,,102.8,15.0,43.01,59.79,3.0,-0.24,3.134,当面+3.0‰が続く,442m先でATC現示が70km/hから55km/hに低下する,0.0,0.0,1,15.0,先行列車なし,0,,0,0,0,後続列車なし,該当なし,該当なし,0,0,0,30,240,,,
70.5,brake_early_s1,1,1.923635,次駅への減速フェーズ（駅手前400m以内）,制動,11.5,力行,0.0,5.87,27.63,70.0,70.0,70.0,43.3,65.3,59.6,勾配力行 ↔ 惰行,惰行,43.3,-15.6,,75.0,70.0,70.0,,98.9,14.5,39.07,59.79,3.0,-0.236,3.138,当面+3.0‰が続く,438m先でATC現示が70km/hから55km/hに低下する,0.0,0.0,1,14.5,先行列車なし,0,,0,0,0,後続列車なし,該当なし,該当なし,0,0,0,30,240,,,
71.0,brake_early_s1,1,1.927376,次駅への減速フェーズ（駅手前400m以内）,制動,12.0,力行,0.0,5.87,26.27,70.0,70.0,70.0,43.2,65.3,59.6,勾配力行 ↔ 惰行,惰行,43.2,-16.9,,75.0,70.0,70.0,,95.1,14.0,35.33,59.79,3.0,-0.232,3.141,当面+3.0‰が続く,434m先でATC現示が70km/hから55km/hに低下する,0.0,0.0,1,14.0,先行列車なし,0,,0,0,0,後続列車なし,該当なし,該当なし,0,0,0,30,240,,,
71.5,brake_early_s1,1,1.930927,次駅への減速フェーズ（駅手前400m以内）,制動,12.5,力行,0.0,5.87,24.9,70.0,70.0,70.0,42.5,65.3,59.6,勾配力行 ↔ 惰行,惰行,42.5,-17.6,,75.0,70.0,70.0,,91.6,13.5,31.78,59.79,3.0,-0.229,3.145,当面+3.0‰が続く,431m先でATC現示が70km/hから55km/hに低下する,0.0,0.0,1,13.5,先行列車なし,0,,0,0,0,後続列車なし,該当なし,該当なし,0,0,0,30,240,,,
72.0,brake_early_s1,1,1.934289,次駅への減速フェーズ（駅手前400m以内）,制動,13.0,力行,0.0,5.87,23.54,70.0,70.0,70.0,41.7,65.3,59.6,勾配力行 ↔ 惰行,惰行,41.7,-18.2,,75.0,70.0,70.0,,88.2,13.0,28.41,59.8,3.0,-0.225,3.148,当面+3.0‰が続く,428m先でATC現示が70km/hから55km/hに低下する,0.0,0.0,1,13.0,先行列車なし,0,,0,0,0,後続列車なし,該当なし,該当なし,0,0,0,30,240,,,
72.5,brake_early_s1,1,1.937462,次駅への減速フェーズ（駅手前400m以内）,制動,13.5,力行,0.0,5.87,22.17,70.0,70.0,70.0,41.0,65.3,59.6,勾配力行 ↔ 惰行,惰行,41.0,-18.8,,75.0,70.0,70.0,,85.0,12.5,25.24,59.8,3.0,-0.222,3.152,当面+3.0‰が続く,424m先でATC現示が70km/hから55km/hに低下する,0.0,0.0,1,12.5,先行列車なし,0,,0,0,0,後続列車なし,該当なし,該当なし,0,0,0,30,240,,,
73.0,brake_early_s1,1,1.940445,次駅への減速フェーズ（駅手前400m以内）,制動,14.0,力行,0.0,5.87,20.81,70.0,70.0,70.0,40.2,65.3,59.6,勾配力行 ↔ 惰行,惰行,40.2,-19.4,,75.0,70.0,70.0,,82.1,12.0,22.25,59.8,3.0,-0.219,3.155,当面+3.0‰が続く,421m先でATC現示が70km/hから55km/hに低下する,0.0,0.0,1,12.0,先行列車なし,0,,0,0,0,後続列車なし,該当なし,該当なし,0,0,0,30,240,,,
73.5,brake_early_s1,1,1.94324,次駅への減速フェーズ（駅手前400m以内）,制動,14.5,力行,0.0,5.87,19.46,70.0,70.0,70.0,39.5,65.3,59.6,勾配力行 ↔ 惰行,惰行,39.5,-20.1,,75.0,70.0,70.0,,79.3,11.5,19.46,59.8,3.0,-0.216,3.158,当面+3.0‰が続く,419m先でATC現示が70km/hから55km/hに低下する,0.0,0.0,1,11.5,先行列車なし,0,,0,0,0,後続列車なし,該当なし,該当なし,0,0,0,30,240,,,
74.0,brake_early_s1,1,1.945846,次駅への減速フェーズ（駅手前400m以内）,制動,15.0,力行,0.0,5.87,18.1,70.0,70.0,70.0,38.9,65.3,59.6,勾配力行 ↔ 惰行,惰行,38.9,-20.8,,75.0,70.0,70.0,,76.7,11.0,16.85,59.8,3.0,-0.212,3.161,当面+3.0‰が続く,416m先でATC現示が70km/hから55km/hに低下する,0.0,0.0,1,11.0,先行列車なし,0,,0,0,0,後続列車なし,該当なし,該当なし,0,0,0,30,240,,,
74.5,brake_early_s1,1,1.948264,次駅への減速フェーズ（駅手前400m以内）,制動,15.5,力行,0.0,5.87,16.74,70.0,70.0,70.0,38.3,65.3,59.6,勾配力行 ↔ 惰行,惰行,38.3,-21.5,,75.0,70.0,70.0,,74.2,10.5,14.43,59.81,3.0,-0.209,3.164,当面+3.0‰が続く,414m先でATC現示が70km/hから55km/hに低下する,0.0,0.0,1,10.5,先行列車なし,0,,0,0,0,後続列車なし,該当なし,該当なし,0,0,0,30,240,,,
75.0,brake_early_s1,1,1.950493,次駅への減速フェーズ（駅手前400m以内）,制動,16.0,力行,0.0,5.87,15.39,70.0,70.0,70.0,37.7,65.2,59.6,勾配力行 ↔ 惰行,惰行,37.7,-22.3,,75.0,70.0,70.0,,72.0,10.0,12.2,59.81,3.0,-0.207,3.167,当面+3.0‰が続く,411m先でATC現示が70km/hから55km/hに低下する,0.0,0.0,1,10.0,先行列車なし,0,,0,0,0,後続列車なし,該当なし,該当なし,0,0,0,30,240,,,
75.5,brake_early_s1,1,1.952535,次駅への減速フェーズ（駅手前400m以内）,制動,16.5,力行,0.0,5.87,14.04,70.0,70.0,70.0,37.1,65.2,59.6,勾配力行 ↔ 惰行,惰行,37.1,-23.1,,75.0,70.0,70.0,,70.0,9.5,10.15,59.81,3.0,-0.204,3.17,当面+3.0‰が続く,409m先でATC現示が70km/hから55km/hに低下する,0.0,0.0,1,9.5,先行列車なし,0,,0,0,0,後続列車なし,該当なし,該当なし,0,0,0,30,240,,,
76.0,brake_early_s1,1,1.954389,次駅への減速フェーズ（駅手前400m以内）,制動,17.0,力行,0.0,5.87,12.69,70.0,70.0,70.0,36.6,65.2,59.6,勾配力行 ↔ 惰行,惰行,36.6,-23.9,,75.0,70.0,70.0,,68.1,9.0,8.3,59.81,3.0,-0.201,3.173,当面+3.0‰が続く,407m先でATC現示が70km/hから55km/hに低下する,0.0,0.0,1,9.0,先行列車なし,0,,0,0,0,後続列車なし,該当なし,該当なし,0,0,0,30,240,,,
76.5,brake_early_s1,1,1.956055,次駅への減速フェーズ（駅手前400m以内）,制動,17.5,力行,0.0,5.87,11.34,70.0,70.0,70.0,36.2,65.2,59.6,勾配力行 ↔ 惰行,惰行,36.2,-24.8,,75.0,70.0,70.0,,66.4,8.5,6.63,59.81,3.0,-0.198,3.175,当面+3.0‰が続く,406m先でATC現示が70km/hから55km/hに低下する,0.0,0.0,1,8.5,先行列車なし,0,,0,0,0,後続列車なし,該当なし,該当なし,0,0,0,30,240,,,
77.0,brake_early_s1,1,1.957534,次駅への減速フェーズ（駅手前400m以内）,制動,18.0,力行,0.0,5.87,9.99,70.0,70.0,70.0,35.8,65.2,59.6,勾配力行 ↔ 惰行,惰行,35.8,-25.8,,75.0,70.0,70.0,,65.0,8.0,5.15,59.82,3.0,-0.196,3.178,当面+3.0‰が続く,404m先でATC現示が70km/hから55km/hに低下する,0.0,0.0,1,8.0,先行列車なし,0,,0,0,0,後続列車なし,該当なし,該当なし,0,0,0,30,240,,,
77.5,brake_early_s1,1,1.958826,次駅への減速フェーズ（駅手前400m以内）,制動,18.5,力行,0.0,5.87,8.64,70.0,70.0,70.0,35.4,65.2,59.6,勾配力行 ↔ 惰行,惰行,35.4,-26.8,,75.0,70.0,70.0,,63.7,7.5,3.86,59.82,3.0,-0.193,3.18,当面+3.0‰が続く,403m先でATC現示が70km/hから55km/hに低下する,0.0,0.0,1,7.5,先行列車なし,0,,0,0,0,後続列車なし,該当なし,該当なし,0,0,0,30,240,,,
78.0,brake_early_s1,1,1.95993,次駅への減速フェーズ（駅手前400m以内）,制動,19.0,力行,0.0,5.87,7.29,70.0,70.0,70.0,35.1,65.2,59.6,勾配力行 ↔ 惰行,惰行,35.1,-27.8,,75.0,70.0,70.0,,62.6,7.0,2.75,59.82,3.0,-0.191,3.183,当面+3.0‰が続く,402m先でATC現示が70km/hから55km/hに低下する,0.0,0.0,1,7.0,先行列車なし,0,,0,0,0,後続列車なし,該当なし,該当なし,0,0,0,30,240,,,
78.5,brake_early_s1,1,1.960848,次駅への減速フェーズ（駅手前400m以内）,制動,19.5,力行,0.0,5.87,5.95,70.0,70.0,70.0,34.8,65.2,59.6,勾配力行 ↔ 惰行,惰行,34.8,-28.9,,75.0,70.0,70.0,,61.7,6.5,1.83,59.82,3.0,-0.189,3.185,当面+3.0‰が続く,401m先でATC現示が70km/hから55km/hに低下する,0.0,0.0,1,6.5,先行列車なし,0,,0,0,0,後続列車なし,該当なし,該当なし,0,0,0,30,240,,,
79.0,brake_early_s1,1,1.961579,次駅への減速フェーズ（駅手前400m以内）,制動,20.0,力行,0.0,5.87,4.61,70.0,70.0,70.0,34.6,65.2,59.6,勾配力行 ↔ 惰行,惰行,34.6,-30.0,,75.0,70.0,70.0,,60.9,6.0,1.1,59.82,3.0,-0.186,3.187,当面+3.0‰が続く,400m先でATC現示が70km/hから55km/hに低下する,0.0,0.0,1,6.0,先行列車なし,0,,0,0,0,後続列車なし,該当なし,該当なし,0,0,0,30,240,,,
79.5,brake_early_s1,1,1.962124,次駅への減速フェーズ（駅手前400m以内）,制動,20.5,力行,0.0,5.87,3.26,70.0,70.0,70.0,34.5,65.2,59.6,勾配力行 ↔ 惰行,惰行,34.5,-31.2,,75.0,70.0,70.0,,60.4,5.5,0.55,59.83,3.0,-0.184,3.189,当面+3.0‰が続く,400m先でATC現示が70km/hから55km/hに低下する,0.0,0.0,1,5.5,先行列車なし,0,,0,0,0,後続列車なし,該当なし,該当なし,0,0,0,30,240,,,
80.0,brake_early_s1,1,1.962482,次駅への減速フェーズ（駅手前400m以内）,制動,21.0,力行,0.0,5.87,1.92,70.0,70.0,70.0,34.4,65.2,59.6,勾配力行 ↔ 惰行,惰行,34.4,-32.4,,75.0,70.0,70.0,,60.0,5.0,0.19,59.83,3.0,-0.182,3.191,当面+3.0‰が続く,399m先でATC現示が70km/hから55km/hに低下する,0.0,0.0,1,5.0,先行列車なし,0,,0,0,0,後続列車なし,該当なし,該当なし,0,0,0,30,240,,,
80.5,brake_early_s1,1,1.962653,次駅への減速フェーズ（駅手前400m以内）,制動,21.5,力行,0.0,5.87,0.58,70.0,70.0,70.0,34.3,65.2,59.6,勾配力行 ↔ 惰行,惰行,34.3,-33.7,,75.0,70.0,70.0,,59.8,4.5,0.02,59.83,3.0,-0.18,3.193,当面+3.0‰が続く,399m先でATC現示が70km/hから55km/hに低下する,0.0,0.0,1,4.5,先行列車なし,0,,0,0,0,後続列車なし,該当なし,該当なし,0,0,0,30,240,,,
0.0,crawl_s1_30,1,0.9645,駅出発直後の加速フェーズ（20秒以内）,力行,0.0,なし（または停止）,0.0,0.0,0.0,75.0,75.0,75.0,0.0,70.2,64.3,勾配力行 ↔ 惰行,惰行,0.0,-0.0,50.4,75.0,58.8,58.8,,1058.0,85.0,0.0,1058.0,2.0,-0.144,3.229,265m先で勾配が+2.0‰から+3.5‰に変わる,707m先でATC現示が75km/hから70km/hに低下する,0.0,0.0,1,85.0,先行列車なし,0,,0,0,0,後続列車なし,該当なし,該当なし,0,0,0,30,240,,,
1.0,crawl_s1_30,1,0.964953,駅出発直後の加速フェーズ（20秒以内）,力行,1.0,なし（または停止）,0.0,0.0,3.23,75.0,75.0,75.0,3.2,70.2,64.3,勾配力行 ↔ 惰行,惰行,3.2,0.0,51.3,75.0,58.8,58.8,,1057.5,84.0,0.55,1057.0,2.0,-0.149,3.225,265m先で勾配が+2.0‰から+3.5‰に変わる,707m先でATC現示が75km/hから70km/hに低下する,0.0,0.0,1,84.0,先行列車なし,0,,0,0,0,後続列車なし,該当なし,該当なし,0,0,0,30,240,,,
2.0,crawl_s1_30,1,0.966301,駅出発直後の加速フェーズ（20秒以内）,力行,2.0,なし（または停止）,0.0,0.0,6.45,75.0,75.0,75.0,6.4,70.2,64.3,勾配力行 ↔ 惰行,惰行,6.4,-0.0,52.0,75.0,58.8,58.8,,1056.2,83.0,2.18,1054.02,2.0,-0.154,3.219,265m先で勾配が+2.0‰から+3.5‰に変わる,705m先でATC現示が75km/hから70km/hに低下する,0.0,0.0,1,83.0,先行列車なし,0,,0,0,0,後続列車なし,該当なし,該当なし,0,0,0,30,240,,,
3.0,crawl_s1_30,1,0.968544,駅出発直後の加速フェーズ（20秒以内）,力行,3.0,なし（または停止）,0.0,0.0,9.67,75.0,75.0,75.0,9.7,70.2,64.4,勾配力行 ↔ 惰行,惰行,9.7,-0.0,52.8,75.0,58.8,58.8,,1054.0,82.0,4.89,1049.07,2.0,-0.16,3.214,260m先で勾配が+2.0‰から+3.5‰に変わる,703m先でATC現示が75km/hから70km/hに低下する,0.0,0.0,1,82.0,先行列車なし,0,,0,0,0,後続列車なし,該当なし,該当なし,0,0,0,30,240,,,
4.0,crawl_s1_30,1,0.97168,駅出発直後の加速フェーズ（20秒以内）,力行,4.0,なし（または停止）,0.0,0.0,12.88,75.0,75.0,75.0,12.9,70.2,64.4,勾配力行 ↔ 惰行,惰行,12.9,0.0,53.3,75.0,58.8,58.8,,1050.8,81.0,8.66,1042.16,2.0,-0.166,3.208,260m先で勾配が+2.0‰から+3.5‰に変わる,700m先でATC現示が75km/hから70km/hに低下する,0.0,0.0,1,81.0,先行列車なし,0,,0,0,0,後続列車なし,該当なし,該当なし,0,0,0,30,240,,,
5.0,crawl_s1_30,1,0.975706,駅出発直後の加速フェーズ（20秒以内）,力行,5.0,なし（または停止）,0.0,0.0,16.08,75.0,75.0,75.0,16.1,70.2,64.4,勾配力行 ↔ 惰行,惰行,16.1,-0.0,54.1,75.0,59.0,59.0,,1046.8,80.0,13.49,1033.3,2.0,-0.173,3.201,255m先で勾配が+2.0‰から+3.5‰に変わる,696m先でATC現示が75km/hから70km/hに低下する,0.0,0.0,1,80.0,先行列車なし,0,,0,0,0,後続列車なし,該当なし,該当なし,0,0,0,30,240,,,
6.0,crawl_s1_30,1,0.980622,駅出発直後の加速フェーズ（20秒以内）,力行,6.0,なし（または停止）,0.0,0.0,19.28,75.0,75.0,75.0,19.3,70.2,64.4,勾配力行 ↔ 惰行,惰行,19.3,0.0,54.5,75.0,59.0,59.0,,1041.9,79.0,19.36,1022.52,2.0,-0.18,3.194,250m先で勾配が+2.0‰から+3.5‰に変わる,691m先でATC現示が75km/hから70km/hに低下する,0.0,0.0,1,79.0,先行列車なし,0,,0,0,0,後続列車なし,該当なし,該当なし,0,0,0,30,240,,,
7.0,crawl_s1_30,1,0.986425,駅出発直後の加速フェーズ（20秒以内）,力行,7.0,なし（または停止）,0.0,0.0,22.47,75.0,75.0,75.0,22.5,70.2,64.4,勾配力行 ↔ 惰行,惰行,22.5,0.0,55.2,75.0,59.0,59.0,,1036.1,78.0,26.25,1009.82,2.0,-0.188,3.186,245m先で勾配が+2.0‰から+3.5‰に変わる,685m先でATC現示が75km/hから70km/hに低下する,0.0,0.0,1,78.0,先行列車なし,0,,0,0,0,後続列車なし,該当なし,該当なし,0,0,0,30,240,,,
8.0,crawl_s1_30,1,0.993113,駅出発直後の加速フェーズ（20秒以内）,力行,8.0,なし（または停止）,0.0,0.0,25.65,75.0,75.0,75.0,25.7,70.2,64.4,勾配力行 ↔ 惰行,惰行,25.7,0.0,56.0,75.0,59.0,59.0,,1029.4,77.0,34.15,995.24,2.0,-0.196,3.178,235m先で勾配が+2.0‰から+3.5‰に変わる,679m先でATC現示が75km/hから70km/hに低下する,0.0,0.0,1,77.0,先行列車なし,0,,0,0,0,後続列車なし,該当なし,該当なし,0,0,0,30,240,,,
9.0,crawl_s1_30,1,1.000683,駅出発直後の加速フェーズ（20秒以内）,力行,9.0,なし（または停止）,0.0,0.0,28.82,75.0,75.0,75.0,28.8,70.2,64.4,勾配力行 ↔ 惰行,惰行,28.8,-0.0,56.1,75.0,59.0,59.0,,1021.8,76.0,43.05,978.77,2.0,-0.204,3.17,230m先で勾配が+2.0‰から+3.5‰に変わる,671m先でATC現示が75km/hから70km/hに低下する,0.0,0.0,1,76.0,先行列車なし,0,,0,0,0,後続列車なし,該当なし,該当なし,0,0,0,30,240,,,
10.0,crawl_s1_30,1,1.008862,駅出発直後の加速フェーズ（20秒以内）,惰行,0.0,力行,0.0,3.37,29.53,75.0,75.0,75.0,31.9,70.2,64.4,勾配力行 ↔ 惰行,惰行,31.9,-2.4,57.0,75.0,59.7,59.7,,1013.6,75.0,45.16,968.48,2.0,-0.206,3.168,220m先で勾配が+2.0‰から+3.5‰に変わる,663m先でATC現示が75km/hから70km/hに低下する,0.0,0.0,1,75.0,先行列車なし,0,,0,0,0,後続列車なし,該当なし,該当なし,0,0,0,30,240,,,
11.0,crawl_s1_30,1,1.01706,駅出発直後の加速フェーズ（20秒以内）,惰行,0.0,力行,0.0,3.37,29.53,75.0,75.0,75.0,34.7,70.2,64.4,勾配力行 ↔ 惰行,惰行,34.7,-5.2,57.2,75.0,60.1,60.1,,1005.4,74.0,45.15,960.29,2.0,-0.206,3.168,215m先で勾配が+2.0‰から+3.5‰に変わる,655m先でATC現示が75km/hから70km/hに低下する,0.0,0.0,1,74.0,先行列車なし,0,,0,0,0,後続列車なし,該当なし,該当なし,0,0,0,30,240,,,
12.0,crawl_s1_30,1,1.025259,駅出発直後の加速フェーズ（20秒以内）,惰行,0.1,力行,0.0,3.37,29.52,75.0,75.0,75.0,37.3,70.2,64.4,勾配力行 ↔ 惰行,惰行,37.3,-7.7,57.9,75.0,61.1,61.1,,997.2,73.0,45.14,952.1,2.0,-0.206,3.168,205m先で勾配が+2.0‰から+3.5‰に変わる,647m先でATC現示が75km/hから70km/hに低下する,0.0,0.0,1,73.0,先行列車なし,0,,0,0,0,後続列車なし,該当なし,該当なし,0,0,0,30,240,,,
13.0,crawl_s1_30,1,1.033458,駅出発直後の加速フェーズ（20秒以内）,惰行,0.1,力行,0.0,3.37,29.52,75.0,75.0,75.0,39.7,70.2,64.4,勾配力行 ↔ 惰行,惰行,39.7,-10.2,58.6,75.0,61.6,61.6,,989.0,72.0,45.13,943.92,2.0,-0.206,3.168,195m先で勾配が+2.0‰から+3.5‰に変わる,638m先でATC現示が75km/hから70km/hに低下する,0.0,0.0,1,72.0,先行列車なし,0,,0,0,0,後続列車なし,該当なし,該当なし,0,0,0,30,240,,,
14.0,crawl_s1_30,1,1.041656,駅出発直後の加速フェーズ（20秒以内）,惰行,0.1,力行,0.0,3.37,29.52,75.0,75.0,75.0,41.9,70.2,64.4,勾配力行 ↔ 惰行,惰行,41.9,-12.4,58.8,75.0,62.9,62.9,,980.8,71.0,45.12,935.73,2.0,-0.206,3.168,190m先で勾配が+2.0‰から+3.5‰に変わる,630m先でATC現示が75km/hから70km/hに低下する,0.0,0.0,1,71.0,先行列車なし,0,,0,0,0,後続列車なし,該当なし,該当なし,0,0,0,30,240,,,
15.0,crawl_s1_30,1,1.049855,駅出発直後の加速フェーズ（20秒以内）,惰行,0.1,力行,0.0,3.37,29.51,75.0,75.0,75.0,43.9,70.2,64.4,勾配力行 ↔ 惰行,惰行,43.9,-14.4,59.6,75.0,63.8,63.8,,972.6,70.0,45.1,927.54,2.0,-0.206,3.168,180m先で勾配が+2.0‰から+3.5‰に変わる,622m先でATC現示が75km/hから70km/hに低下する,0.0,0.0,1,70.0,先行列車なし,0,,0,0,0,後続列車なし,該当なし,該当なし,0,0,0,30,240,,,
16.0,crawl_s1_30,1,1.058053,駅出発直後の加速フェーズ（20秒以内）,惰行,0.1,力行,0.0,3.37,29.51,75.0,75.0,75.0,45.7,70.2,64.4,勾配力行 ↔ 惰行,惰行,45.7,-16.2,60.5,75.0,64.6,64.6,,964.4,69.0,45.09,919.35,2.0,-0.206,3.168,170m先で勾配が+2.0‰から+3.5‰に変わる,614m先でATC現示が75km/hから70km/hに低下する,0.0,0.0,1,69.0,先行列車なし,0,,0,0,0,後続列車なし,該当なし,該当なし,0,0,0,30,240,,,
17.0,crawl_s1_30,1,1.066252,駅出発直後の加速フェーズ（20秒以内）,惰行,0.1,力行,0.0,3.37,29.5,75.0,75.0,75.0,47.4,70.2,64.4,勾配力行 ↔ 惰行,惰行,47.4,-17.9,60.8,75.0,66.2,66.2,,956.2,68.0,45.08,911.17,2.0,-0.206,3.168,165m先で勾配が+2.0‰から+3.5‰に変わる,606m先でATC現示が75km/hから70km/hに低下する,0.0,0.0,1,68.0,先行列車なし,0,,0,0,0,後続列車なし,該当なし,該当なし,0,0,0,30,240,,,
18.0,crawl_s1_30,1,1.07445,駅出発直後の加速フェーズ（20秒以内）,惰行,0.1,力行,0.0,3.37,29.5,75.0,75.0,75.0,48.9,70.2,64.4,勾配力行 ↔ 惰行,惰行,48.9,-19.4,61.9,75.0,67.0,67.0,,948.0,67.0,45.07,902.98,2.0,-0.206,3.168,155m先で勾配が+2.0‰から+3.5‰に変わる,597m先でATC現示が75km/hから70km/hに低下する,0.0,0.0,1,67.0,先行列車なし,0,,0,0,0,後続列車なし,該当なし,該当なし,0,0,0,30,240,,,
19.0,crawl_s1_30,1,1.082649,駅出発直後の加速フェーズ（20秒以内）,惰行,0.0,力行,0.0,3.37,29.53,75.0,75.0,75.0,50.4,70.2,64.4,勾配力行 ↔ 惰行,惰行,50.4,-20.9,62.2,75.0,68.5,68.5,,939.9,66.0,45.16,894.69,2.0,-0.206,3.168,145m先で勾配が+2.0‰から+3.5‰に変わる,589m先でATC現示が75km/hから70km/hに低下する,0.0,0.0,1,66.0,先行列車なし,0,,0,0,0,後続列車なし,該当なし,該当なし,0,0,0,30,240,,,
20.0,crawl_s1_30,1,1.090848,巡航フェーズ（駅間走行中）,惰行,0.0,力行,0.0,3.37,29.53,75.0,75.0,75.0,51.8,70.2,64.4,勾配力行 ↔ 惰行,惰行,51.8,-22.2,63.0,75.0,70.0,70.0,,931.7,65.0,45.15,886.5,2.0,-0.206,3.168,140m先で勾配が+2.0‰から+3.5‰に変わる,581m先でATC現示が75km/hから70km/hに低下する,0.0,0.0,1,65.0,先行列車なし,0,,0,0,0,後続列車なし,該当なし,該当なし,0,0,0,30,240,,,
21.0,crawl_s1_30,1,1.099046,巡航フェーズ（駅間走行中）,惰行,0.0,力行,0.0,3.37,29.52,75.0,75.0,75.0,53.0,70.2,64.4,勾配力行 ↔ 惰行,惰行,53.0,-23.5,64.0,75.0,74.4,74.4,,923.5,64.0,45.14,878.31,2.0,-0.206,3.168,130m先で勾配が+2.0‰から+3.5‰に変わる,573m先でATC現示が75km/hから70km/hに低下する,0.0,0.0,1,64.0,先行列車なし,0,,0,0,0,後続列車なし,該当なし,該当なし,0,0,0,30,240,,,
22.0,crawl_s1_30,1,1.107245,巡航フェーズ（駅間走行中）,惰行,0.1,力行,0.0,3.37,29.52,75.0,75.0,75.0,54.3,70.2,64.4,勾配力行 ↔ 惰行,惰行,54.3,-24.8,64.6,75.0,75.0,75.0,,915.3,63.0,45.13,870.13,2.0,-0.206,3.168,125m先で勾配が+2.0‰から+3.5‰に変わる,565m先でATC現示が75km/hから70km/hに低下する,0.0,0.0,1,63.0,先行列車なし,0,,0,0,0,後続列車なし,該当なし,該当なし,0,0,0,30,240,,,
23.0,crawl_s1_30,1,1.115443,巡航フェーズ（駅間走行中）,惰行,0.1,力行,0.0,3.37,29.52,75.0,75.0,75.0,55.4,70.2,64.4,勾配力行 ↔ 惰行,惰行,55.4,-25.9,65.4,75.0,75.0,75.0,,907.1,62.0,45.12,861.94,2.0,-0.206,3.168,115m先で勾配が+2.0‰から+3.5‰に変わる,556m先でATC現示が75km/hから70km/hに低下する,0.0,0.0,1,62.0,先行列車なし,0,,0,0,0,後続列車なし,該当なし,該当なし,0,0,0,30,240,,,
24.0,crawl_s1_30,1,1.123642,巡航フェーズ（駅間走行中）,惰行,0.1,力行,0.0,3.37,29.51,75.0,75.0,75.0,56.6,70.2,64.4,勾配力行 ↔ 惰行,惰行,56.6,-27.0,67.0,75.0,75.0,75.0,,898.9,61.0,45.11,853.75,2.0,-0.206,3.168,105m先で勾配が+2.0‰から+3.5‰に変わる,548m先でATC現示が75km/hから70km/hに低下する,0.0,0.0,1,61.0,先行列車なし,0,,0,0,0,後続列車なし,該当なし,該当なし,0,0,0,30,240,,,
25.0,crawl_s1_30,1,1.131841,巡航フェーズ（駅間走行中）,惰行,0.1,力行,0.0,3.37,29.51,75.0,75.0,75.0,57.6,70.2,64.4,勾配力行 ↔ 惰行,惰行,57.6,-28.1,67.8,75.0,75.0,75.0,,890.7,60.0,45.1,845.56,2.0,-0.206,3.168,100m先で勾配が+2.0‰から+3.5‰に変わる,540m先でATC現示が75km/hから70km/hに低下する,0.0,0.0,1,60.0,先行列車なし,0,,0,0,0,後続列車なし,該当なし,該当なし,0,0,0,30,240,,,
26.0,crawl_s1_30,1,1.140039,巡航フェーズ（駅間走行中）,惰行,0.1,力行,0.0,3.37,29.51,75.0,75.0,75.0,58.6,70.2,64.4,勾配力行 ↔ 惰行,惰行,58.6,-29.1,68.5,75.0,75.0,75.0,,882.5,59.0,45.09,837.37,2.0,-0.206,3.168,90m先で勾配が+2.0‰から+3.5‰に変わる,532m先でATC現示が75km/hから70km/hに低下する,0.0,0.0,1,59.0,先行列車なし,0,,0,0,0,後続列車なし,該当なし,該当なし,0,0,0,30,240,,,
27.0,crawl_s1_30,1,1.148238,巡航フェーズ（駅間走行中）,惰行,0.1,力行,0.0,3.37,29.5,75.0,75.0,75.0,59.6,70.2,64.4,勾配力行 ↔ 惰行,惰行,59.6,-30.1,70.0,75.0,75.0,75.0,,874.3,58.0,45.08,829.19,2.0,-0.206,3.168,80m先で勾配が+2.0‰から+3.5‰に変わる,524m先でATC現示が75km/hから70km/hに低下する,0.0,0.0,1,58.0,先行列車なし,0,,0,0,0,後続列車なし,該当なし,該当なし,0,0,0,30,240,,,
28.0,crawl_s1_30,1,1.156436,巡航フェーズ（駅間走行中）,力行,0.0,惰行,0.2,3.37,29.5,75.0,75.0,75.0,60.6,70.2,64.4,勾配力行 ↔ 惰行,惰行,60.6,-31.1,71.5,75.0,75.0,75.0,,866.1,57.0,45.06,821.0,2.0,-0.206,3.168,75m先で勾配が+2.0‰から+3.5‰に変わる,515m先でATC現示が75km/hから70km/hに低下する,0.0,0.0,1,57.0,先行列車なし,0,,0,0,0,後続列車なし,該当なし,該当なし,0,0,0,30,240,,,
29.0,crawl_s1_30,1,1.164635,巡航フェーズ（駅間走行中）,惰行,0.0,力行,0.0,3.37,29.53,75.0,75.0,75.0,61.5,70.2,64.4,勾配力行 ↔ 惰行,惰行,61.5,-32.0,72.9,75.0,75.0,75.0,,857.9,56.0,45.16,812.71,2.0,-0.206,3.168,65m先で勾配が+2.0‰から+3.5‰に変わる,507m先でATC現示が75km/hから70km/hに低下する,0.0,0.0,1,56.0,先行列車なし,0,,0,0,0,後続列車なし,該当なし,該当なし,0,0,0,30,240,,,
30.0,crawl_s1_30,1,1.172833,現示低下点への接近フェーズ（500m以内に現示の低下あり）,惰行,0.0,力行,0.0,3.37,29.53,75.0,75.0,75.0,62.4,70.2,64.4,勾配力行 ↔ 惰行,惰行,62.4,-32.9,75.0,75.0,75.0,75.0,,849.7,55.0,45.14,804.52,2.0,-0.206,3.168,55m先で勾配が+2.0‰から+3.5‰に変わる,499m先でATC現示が75km/hから70km/hに低下する,0.0,0.0,1,55.0,先行列車なし,0,,0,0,0,後続列車なし,該当なし,該当なし,0,0,0,30,240,,,
31.0,crawl_s1_30,1,1.181032,現示低下点への接近フェーズ（500m以内に現示の低下あり）,惰行,0.1,力行,0.0,3.37,29.52,75.0,75.0,75.0,63.2,70.2,64.4,勾配力行 ↔ 惰行,惰行,63.2,-33.7,75.0,75.0,75.0,75.0,,841.5,54.0,45.13,796.33,2.0,-0.206,3.168,50m先で勾配が+2.0‰から+3.5‰に変わる,491m先でATC現示が75km/hから70km/hに低下する,0.0,0.0,1,54.0,先行列車なし,0,,0,0,0,後続列車なし,該当なし,該当なし,0,0,0,30,240,,,
32.0,crawl_s1_30,1,1.189231,現示低下点への接近フェーズ（500m以内に現示の低下あり）,惰行,0.1,力行,0.0,3.37,29.52,75.0,75.0,75.0,64.1,70.2,64.5,勾配力行 ↔ 惰行,惰行,64.1,-34.5,75.0,75.0,75.0,75.0,,833.3,53.0,44.99,788.28,2.0,-0.206,3.168,40m先で勾配が+2.0‰から+3.5‰に変わる,483m先でATC現示が75km/hから70km/hに低下する,0.0,0.0,1,53.0,先行列車なし,0,,0,0,0,後続列車なし,該当なし,該当なし,0,0,0,30,240,,,
33.0,crawl_s1_30,1,1.197429,現示低下点への接近フェーズ（500m以内に現示の低下あり）,惰行,0.1,力行,0.0,3.37,29.51,75.0,75.0,75.0,64.9,70.2,64.5,勾配力行 ↔ 惰行,惰行,64.9,-35.4,75.0,75.0,75.0,75.0,,825.1,52.0,44.83,780.24,2.0,-0.206,3.168,35m先で勾配が+2.0‰から+3.5‰に変わる,474m先でATC現示が75km/hから70km/hに低下する,0.0,0.0,1,52.0,先行列車なし,0,,0,0,0,後続列車なし,該当なし,該当なし,0,0,0,30,240,,,
34.0,crawl_s1_30,1,1.205628,現示低下点への接近フェーズ（500m以内に現示の低下あり）,惰行,0.1,力行,0.0,3.37,29.51,75.0,75.0,75.0,65.7,70.2,64.6,勾配力行 ↔ 惰行,惰行,65.7,-36.1,75.0,75.0,75.0,75.0,,816.9,51.0,44.64,772.24,2.0,-0.206,3.168,25m先で勾配が+2.0‰から+3.5‰に変わる,466m先でATC現示が75km/hから70km/hに低下する,0.0,0.0,1,51.0,先行列車なし,0,,0,0,0,後続列車なし,該当なし,該当なし,0,0,0,30,240,,,
35.0,crawl_s1_30,1,1.213826,現示低下点への接近フェーズ（500m以内に現示の低下あり）,惰行,0.1,力行,0.0,3.37,29.51,75.0,75.0,75.0,66.4,70.2,64.6,勾配力行 ↔ 惰行,惰行,66.4,-36.9,75.0,75.0,75.0,75.0,,808.7,50.0,44.42,764.26,2.0,-0.206,3.168,15m先で勾配が+2.0‰から+3.5‰に変わる,458m先でATC現示が75km/hから70km/hに低下する,0.0,0.0,1,50.0,先行列車なし,0,,0,0,0,後続列車なし,該当なし,該当なし,0,0,0,30,240,,,
36.0,crawl_s1_30,1,1.222025,現示低下点への接近フェーズ（500m以内に現示の低下あり）,惰行,0.1,力行,0.0,3.37,29.5,75.0,75.0,75.0,67.2,70.2,64.7,勾配力行 ↔ 惰行,惰行,67.2,-37.7,75.0,75.0,75.0,75.0,,800.5,49.0,44.2,756.27,2.0,-0.206,3.168,10m先で勾配が+2.0‰から+3.5‰に変わる,450m先でATC現示が75km/hから70km/hに低下する,0.0,0.0,1,49.0,先行列車なし,0,,0,0,0,後続列車なし,該当なし,該当なし,0,0,0,30,240,,,
37.0,crawl_s1_30,1,1.230223,現示低下点への接近フェーズ（500m以内に現示の低下あり）,惰行,0.1,力行,0.0,3.37,29.52,75.0,75.0,75.0,67.9,70.3,64.8,勾配力行 ↔ 惰行,惰行,67.9,-38.4,75.0,75.0,75.0,75.0,,792.3,48.0,44.07,748.2,3.5,-0.259,3.115,20m先で勾配が+3.5‰から+4.0‰に変わる,442m先でATC現示が75km/hから70km/hに低下する,0.0,0.0,1,48.0,先行列車なし,0,,0,0,0,後続列車なし,該当なし,該当なし,0,0,0,30,240,,,
38.0,crawl_s1_30,1,1.238421,現示低下点への接近フェーズ（500m以内に現示の低下あり）,惰行,0.0,力行,0.0,3.37,29.53,75.0,75.0,75.0,68.6,70.3,64.8,勾配力行 ↔ 惰行,惰行,68.6,-39.0,75.0,75.0,75.0,75.0,,784.1,47.0,44.05,740.03,3.5,-0.259,3.115,10m先で勾配が+3.5‰から+4.0‰に変わる,433m先でATC現示が75km/hから70km/hに低下する,0.0,0.0,1,47.0,先行列車なし,0,,0,0,0,後続列車なし,該当なし,該当なし,0,0,0,30,240,,,
39.0,crawl_s1_30,1,1.24662,現示低下点への接近フェーズ（500m以内に現示の低下あり）,惰行,0.1,力行,0.0,3.37,29.5,75.0,75.0,75.0,69.2,70.3,64.9,勾配力行 ↔ 惰行,惰行,69.2,-39.7,75.0,75.0,75.0,75.0,,775.9,46.0,43.94,731.94,3.5,-0.259,3.115,5m先で勾配が+3.5‰から+4.0‰に変わる,425m先でATC現示が75km/hから70km/hに低下する,0.0,0.0,1,46.0,先行列車なし,0,,0,0,0,後続列車なし,該当なし,該当なし,0,0,0,30,240,,,
40.0,crawl_s1_30,1,1.254818,現示低下点への接近フェーズ（500m以内に現示の低下あり）,力行,0.0,惰行,0.1,3.37,29.5,75.0,75.0,75.0,69.9,70.4,64.9,勾配力行 ↔ 惰行,惰行,69.9,-40.4,75.0,75.0,75.0,75.0,,767.7,45.0,43.91,723.77,4.0,-0.277,3.097,110m先で勾配が+4.0‰から+27.0‰に変わる,417m先でATC現示が75km/hから70km/hに低下する,0.0,0.0,1,45.0,先行列車なし,0,,0,0,0,後続列車なし,該当なし,該当なし,0,0,0,30,240,,,
41.0,crawl_s1_30,1,1.263016,現示低下点への接近フェーズ（500m以内に現示の低下あり）,惰行,0.0,力行,0.0,3.37,29.53,75.0,75.0,75.0,70.5,70.4,64.9,勾配力行 ↔ 惰行,惰行,70.5,-41.0,75.0,75.0,75.0,75.0,,759.5,44.0,43.99,715.49,4.0,-0.277,3.097,100m先で勾配が+4.0‰から+27.0‰に変わる,409m先でATC現示が75km/hから70km/hに低下する,0.0,0.0,1,44.0,先行列車なし,0,,0,0,0,後続列車なし,該当なし,該当なし,0,0,0,30,240,,,
42.0,crawl_s1_30,1,1.271215,現示低下点への接近フェーズ（500m以内に現示の低下あり）,惰行,0.1,力行,0.0,3.37,29.52,75.0,75.0,75.0,71.1,70.4,64.9,勾配力行 ↔ 惰行,惰行,71.1,-41.6,75.0,75.0,75.0,75.0,,751.3,43.0,43.97,707.31,4.0,-0.277,3.097,95m先で勾配が+4.0‰から+27.0‰に変わる,401m先でATC現示が75km/hから70km/hに低下する,0.0,0.0,1,43.0,先行列車なし,0,,0,0,0,後続列車なし,該当なし,該当なし,0,0,0,30,240,,,
43.0,crawl_s1_30,1,1.279413,現示低下点への接近フェーズ（500m以内に現示の低下あり）,惰行,0.1,力行,0.0,3.37,29.51,75.0,75.0,75.0,71.7,70.4,64.9,勾配力行 ↔ 惰行,惰行,71.7,-42.2,75.0,75.0,75.0,75.0,,743.1,42.0,43.95,699.13,4.0,-0.277,3.097,85m先で勾配が+4.0‰から+27.0‰に変わる,392m先でATC現示が75km/hから70km/hに低下する,0.0,0.0,1,42.0,先行列車なし,0,,0,0,0,後続列車なし,該当なし,該当なし,0,0,0,30,240,,,
44.0,crawl_s1_30,1,1.287612,現示低下点への接近フェーズ（500m以内に現示の低下あり）,惰行,0.1,力行,0.0,3.37,29.51,75.0,75.0,75.0,72.3,70.4,64.9,勾配力行 ↔ 惰行,惰行,72.3,-42.8,75.0,75.0,75.0,75.0,,734.9,41.0,43.93,690.96,4.0,-0.277,3.097,75m先で勾配が+4.0‰から+27.0‰に変わる,384m先でATC現示が75km/hから70km/hに低下する,0.0,0.0,1,41.0,先行列車なし,0,,0,0,0,後続列車なし,該当なし,該当なし,0,0,0,30,240,,,
45.0,crawl_s1_30,1,1.29581,現示低下点への接近フェーズ（500m以内に現示の低下あり）,力行,0.0,惰行,0.1,3.37,29.5,75.0,75.0,75.0,72.9,70.4,64.9,勾配力行 ↔ 惰行,惰行,72.9,-43.4,75.0,75.0,75.0,75.0,,726.7,40.0,43.91,682.78,4.0,-0.277,3.097,70m先で勾配が+4.0‰から+27.0‰に変わる,376m先でATC現示が75km/hから70km/hに低下する,0.0,0.0,1,40.0,先行列車なし,0,,0,0,0,後続列車なし,該当なし,該当なし,0,0,0,30,240,,,
46.0,crawl_s1_30,1,1.304008,現示低下点への接近フェーズ（500m以内に現示の低下あり）,惰行,0.0,力行,0.0,3.37,29.53,75.0,75.0,75.0,73.4,70.4,64.9,勾配力行 ↔ 惰行,惰行,73.4,-43.9,75.0,75.0,75.0,75.0,,718.5,39.0,43.99,674.5,4.0,-0.277,3.097,60m先で勾配が+4.0‰から+27.0‰に変わる,368m先でATC現示が75km/hから70km/hに低下する,0.0,0.0,1,39.0,先行列車なし,0,,0,0,0,後続列車なし,該当なし,該当なし,0,0,0,30,240,,,
47.0,crawl_s1_30,1,1.312207,現示低下点への接近フェーズ（500m以内に現示の低下あり）,惰行,0.0,力行,0.0,3.37,29.52,75.0,75.0,75.0,74.0,70.4,64.9,勾配力行 ↔ 惰行,惰行,74.0,-44.5,75.0,75.0,75.0,75.0,,710.3,38.0,43.97,666.32,4.0,-0.277,3.097,50m先で勾配が+4.0‰から+27.0‰に変わる,360m先でATC現示が75km/hから70km/hに低下する,0.0,0.0,1,38.0,先行列車なし,0,,0,0,0,後続列車なし,該当なし,該当なし,0,0,0,30,240,,,
48.0,crawl_s1_30,1,1.320405,現示低下点への接近フェーズ（500m以内に現示の低下あり）,惰行,0.1,力行,0.0,3.37,29.51,75.0,75.0,75.0,73.8,70.4,65.3,勾配力行 ↔ 惰行,惰行,73.8,-44.3,75.0,75.0,75.0,75.0,,702.1,37.0,43.42,658.68,4.0,-0.277,3.097,45m先で勾配が+4.0‰から+27.0‰に変わる,351m先でATC現示が75km/hから70km/hに低下する,0.0,0.0,1,37.0,先行列車なし,0,,0,0,0,後続列車なし,該当なし,該当なし,0,0,0,30,240,,,
49.0,crawl_s1_30,1,1.328603,現示低下点への接近フェーズ（500m以内に現示の低下あり）,惰行,0.1,力行,0.0,3.37,29.51,75.0,75.0,75.0,73.7,70.4,66.1,勾配力行 ↔ 惰行,惰行,73.7,-44.1,75.0,75.0,75.0,75.0,,693.9,36.0,41.56,652.33,4.0,-0.277,3.097,35m先で勾配が+4.0‰から+27.0‰に変わる,343m先でATC現示が75km/hから70km/hに低下する,0.0,0.0,1,36.0,先行列車なし,0,,0,0,0,後続列車なし,該当なし,該当なし,0,0,0,30,240,,,
50.0,crawl_s1_30,1,1.336802,現示低下点への接近フェーズ（500m以内に現示の低下あり）,惰行,0.1,力行,0.0,3.37,29.5,75.0,75.0,75.0,73.5,70.4,66.5,勾配力行 ↔ 惰行,惰行,73.5,-44.0,75.0,75.0,75.0,75.0,,685.7,35.0,39.72,645.97,4.0,-0.277,3.097,30m先で勾配が+4.0‰から+27.0‰に変わる,335m先でATC現示が75km/hから70km/hに低下する,0.0,0.0,1,35.0,先行列車なし,0,,0,0,0,後続列車なし,該当なし,該当なし,0,0,0,30,240,,,
51.0,crawl_s1_30,1,1.345,現示低下点への接近フェーズ（500m以内に現示の低下あり）,惰行,0.0,力行,0.0,3.37,29.53,75.0,75.0,75.0,73.3,70.4,66.5,勾配力行 ↔ 惰行,勾配力行,73.3,-43.8,75.0,75.0,75.0,75.0,,677.5,34.0,37.86,639.64,4.0,-0.277,3.097,20m先で勾配が+4.0‰から+27.0‰に変わる,327m先でATC現示が75km/hから70km/hに低下する,0.0,0.0,1,34.0,先行列車なし,0,,0,0,0,後続列車なし,該当なし,該当なし,0,0,0,30,240,,,
52.0,crawl_s1_30,1,1.353198,現示低下点への接近フェーズ（500m以内に現示の低下あり）,惰行,0.0,力行,0.0,3.37,29.52,75.0,75.0,75.0,73.1,70.4,65.7,勾配力行 ↔ 惰行,勾配力行,73.1,-43.6,75.0,75.0,75.0,75.0,,669.3,33.0,36.02,633.28,4.0,-0.277,3.097,10m先で勾配が+4.0‰から+27.0‰に変わる,319m先でATC現示が75km/hから70km/hに低下する,0.0,0.0,1,33.0,先行列車なし,0,,0,0,0,後続列車なし,該当なし,該当なし,0,0,0,30,240,,,
53.0,crawl_s1_30,1,1.361397,現示低下点への接近フェーズ（500m以内に現示の低下あり）,惰行,0.1,力行,0.0,3.37,29.51,75.0,75.0,75.0,72.9,70.4,65.3,勾配力行 ↔ 惰行,勾配力行,72.9,-43.4,75.0,75.0,75.0,75.0,,661.1,32.0,34.11,626.99,4.0,-0.277,3.097,5m先で勾配が+4.0‰から+27.0‰に変わる,310m先でATC現示が75km/hから70km/hに低下する,0.0,0.0,1,32.0,先行列車なし,0,,0,0,0,後続列車なし,該当なし,該当なし,0,0,0,30,240,,,
54.0,crawl_s1_30,1,1.369593,現示低下点への接近フェーズ（500m以内に現示の低下あり）,惰行,0.0,力行,0.0,3.37,29.5,75.0,75.0,75.0,72.5,71.6,66.1,勾配力行 ↔ 惰行,勾配力行,72.5,-43.0,75.0,75.0,75.0,75.0,,652.9,31.0,33.92,618.99,27.0,-1.088,2.286,120m先で勾配が+27.0‰から+28.0‰に変わる,302m先でATC現示が75km/hから70km/hに低下する,0.0,0.0,1,31.0,先行列車なし,0,,0,0,0,後続列車なし,該当なし,該当なし,0,0,0,30,240,,,
55.0,crawl_s1_30,1,1.377789,現示低下点への接近フェーズ（500m以内に現示の低下あり）,力行,0.0,惰行,0.0,3.37,29.49,75.0,75.0,75.0,71.9,71.6,66.1,勾配力行 ↔ 惰行,勾配力行,71.9,-42.4,75.0,75.0,75.0,75.0,,644.7,30.0,33.9,610.81,27.0,-1.088,2.286,110m先で勾配が+27.0‰から+28.0‰に変わる,294m先でATC現示が75km/hから70km/hに低下する,0.0,0.0,1,30.0,先行列車なし,0,,0,0,0,後続列車なし,該当なし,該当なし,0,0,0,30,240,,,
56.0,crawl_s1_30,1,1.385986,現示低下点への接近フェーズ（500m以内に現示の低下あり）,惰行,0.0,力行,0.0,3.37,29.52,75.0,75.0,75.0,71.4,71.6,66.1,勾配力行 ↔ 惰行,勾配力行,71.4,-41.9,75.0,75.0,75.0,75.0,,636.5,29.0,33.96,602.55,27.0,-1.088,2.286,105m先で勾配が+27.0‰から+28.0‰に変わる,286m先でATC現示が75km/hから70km/hに低下する,0.0,0.0,1,29.0,先行列車なし,0,,0,0,0,後続列車なし,該当なし,該当なし,0,0,0,30,240,,,
57.0,crawl_s1_30,1,1.394182,現示低下点への接近フェーズ（500m以内に現示の低下あり）,惰行,0.0,力行,0.0,3.37,29.51,75.0,75.0,75.0,70.9,71.6,66.1,勾配力行 ↔ 惰行,勾配力行,70.9,-41.4,75.0,75.0,75.0,75.0,,628.3,28.0,33.94,594.38,27.0,-1.088,2.286,95m先で勾配が+27.0‰から+28.0‰に変わる,278m先でATC現示が75km/hから70km/hに低下する,0.0,0.0,1,28.0,先行列車なし,0,,0,0,0,後続列車なし,該当なし,該当なし,0,0,0,30,240,,,
58.0,crawl_s1_30,1,1.402378,現示低下点への接近フェーズ（500m以内に現示の低下あり）,惰行,0.0,力行,0.0,3.37,29.5,75.0,75.0,75.0,70.4,71.6,66.1,勾配力行 ↔ 惰行,勾配力行,70.4,-40.9,75.0,75.0,75.0,75.0,,620.1,27.0,33.92,586.2,27.0,-1.088,2.286,90m先で勾配が+27.0‰から+28.0‰に変わる,269m先でATC現示が75km/hから70km/hに低下する,0.0,0.0,1,27.0,先行列車なし,0,,0,0,0,後続列車なし,該当なし,該当なし,0,0,0,30,240,,,
59.0,crawl_s1_30,1,1.410574,現示低下点への接近フェーズ（500m以内に現示の低下あり）,力行,0.0,惰行,0.0,3.37,29.49,75.0,75.0,75.0,69.9,71.6,66.1,勾配力行 ↔ 惰行,勾配力行,69.9,-40.4,75.0,75.0,75.0,75.0,,611.9,26.0,33.9,578.02,27.0,-1.088,2.286,80m先で勾配が+27.0‰から+28.0‰に変わる,261m先でATC現示が75km/hから70km/hに低下する,0.0,0.0,1,26.0,先行列車なし,0,,0,0,0,後続列車なし,該当なし,該当なし,0,0,0,30,240,,,
60.0,crawl_s1_30,1,1.41877,現示低下点への接近フェーズ（500m以内に現示の低下あり）,惰行,0.0,力行,0.0,3.37,29.52,75.0,75.0,75.0,69.3,71.6,66.1,勾配力行 ↔ 惰行,勾配力行,69.3,-39.8,75.0,75.0,75.0,75.0,,603.7,25.0,33.96,569.77,27.0,-1.088,2.286,70m先で勾配が+27.0‰から+28.0‰に変わる,253m先でATC現示が75km/hから70km/hに低下する,0.0,0.0,1,25.0,先行列車なし,0,,0,0,0,後続列車なし,該当なし,該当なし,0,0,0,30,240,,,
61.0,crawl_s1_30,1,1.426966,現示低下点への接近フェーズ（500m以内に現示の低下あり）,惰行,0.0,力行,0.0,3.37,29.51,75.0,75.0,75.0,68.8,71.6,66.1,勾配力行 ↔ 惰行,勾配力行,68.8,-39.3,75.0,75.0,75.0,75.0,,595.5,24.0,33.94,561.59,27.0,-1.088,2.286,65m先で勾配が+27.0‰から+28.0‰に変わる,245m先でATC現示が75km/hから70km/hに低下する,0.0,0.0,1,24.0,先行列車なし,0,,0,0,0,後続列車なし,該当なし,該当なし,0,0,0,30,240,,,
62.0,crawl_s1_30,1,1.435162,現示低下点への接近フェーズ（500m以内に現示の低下あり）,惰行,0.0,力行,0.0,3.37,29.5,75.0,75.0,75.0,68.3,71.6,66.1,勾配力行 ↔ 惰行,勾配力行,68.3,-38.8,75.0,75.0,75.0,75.0,,587.3,23.0,33.92,553.42,27.0,-1.088,2.286,55m先で勾配が+27.0‰から+28.0‰に変わる,237m先でATC現示が75km/hから70km/hに低下する,0.0,0.0,1,23.0,先行列車なし,0,,0,0,0,後続列車なし,該当なし,該当なし,0,0,0,30,240,,,
63.0,crawl_s1_30,1,1.443358,現示低下点への接近フェーズ（500m以内に現示の低下あり）,力行,0.0,惰行,0.0,3.37,29.49,75.0,75.0,75.0,67.9,71.6,66.1,勾配力行 ↔ 惰行,勾配力行,67.9,-38.4,75.0,75.0,75.0,75.0,,579.1,22.0,33.9,545.24,27.0,-1.088,2.286,45m先で勾配が+27.0‰から+28.0‰に変わる,228m先でATC現示が75km/hから70km/hに低下する,0.0,0.0,1,22.0,先行列車なし,0,,0,0,0,後続列車なし,該当なし,該当なし,0,0,0,30,240,,,
64.0,crawl_s1_30,1,1.451554,現示低下点への接近フェーズ（500m以内に現示の低下あり）,惰行,0.0,力行,0.0,3.37,29.52,75.0,75.0,75.0,68.0,71.6,66.1,勾配力行 ↔ 惰行,勾配力行,68.0,-38.5,75.0,75.0,75.0,75.0,,570.9,21.0,33.96,536.99,27.0,-1.088,2.286,40m先で勾配が+27.0‰から+28.0‰に変わる,220m先でATC現示が75km/hから70km/hに低下する,0.0,0.0,1,21.0,先行列車なし,0,,0,0,0,後続列車なし,該当なし,該当なし,0,0,0,30,240,,,
65.0,crawl_s1_30,1,1.459751,現示低下点への接近フェーズ（500m以内に現示の低下あり）,惰行,0.0,力行,0.0,3.37,29.51,75.0,75.0,75.0,67.8,71.6,66.1,勾配力行 ↔ 惰行,勾配力行,67.8,-38.3,75.0,75.0,75.0,75.0,,562.7,20.0,33.88,528.87,27.0,-1.088,2.286,30m先で勾配が+27.0‰から+28.0‰に変わる,212m先でATC現示が75km/hから70km/hに低下する,0.0,0.0,1,20.0,先行列車なし,0,,0,0,0,後続列車なし,該当なし,該当なし,0,0,0,30,240,,,
66.0,crawl_s1_30,1,1.467947,現示低下点への接近フェーズ（500m以内に現示の低下あり）,惰行,0.0,力行,0.0,3.37,29.5,75.0,75.0,75.0,67.3,71.6,66.0,勾配力行 ↔ 惰行,勾配力行,67.3,-37.8,75.0,75.0,75.0,75.0,,554.6,19.0,33.78,520.77,27.0,-1.088,2.286,20m先で勾配が+27.0‰から+28.0‰に変わる,204m先でATC現示が75km/hから70km/hに低下する,0.0,0.0,1,19.0,先行列車なし,0,,0,0,0,後続列車なし,該当なし,該当なし,0,0,0,30,240,,,
67.0,crawl_s1_30,1,1.476143,現示低下点への接近フェーズ（500m以内に現示の低下あり）,力行,0.0,惰行,0.0,3.37,29.49,75.0,75.0,75.0,66.8,71.6,66.0,勾配力行 ↔ 惰行,勾配力行,66.8,-37.3,75.0,75.0,75.0,75.0,,546.4,18.0,33.68,512.68,27.0,-1.088,2.286,15m先で勾配が+27.0‰から+28.0‰に変わる,196m先でATC現示が75km/hから70km/hに低下する,0.0,0.0,1,18.0,先行列車なし,0,,0,0,0,後続列車なし,該当なし,該当なし,0,0,0,30,240,,,
68.0,crawl_s1_30,1,1.484339,現示低下点への接近フェーズ（500m以内に現示の低下あり）,惰行,0.0,力行,0.0,3.37,29.52,75.0,75.0,75.0,66.2,71.6,66.0,勾配力行 ↔ 惰行,勾配力行,66.2,-36.7,75.0,75.0,75.0,75.0,,538.2,17.0,33.66,504.5,27.0,-1.088,2.286,5m先で勾配が+27.0‰から+28.0‰に変わる,187m先でATC現示が75km/hから70km/hに低下する,0.0,0.0,1,17.0,先行列車なし,0,,0,0,0,後続列車なし,該当なし,該当なし,0,0,0,30,240,,,
69.0,crawl_s1_30,1,1.492534,現示低下点への接近フェーズ（500m以内に現示の低下あり）,力行,0.0,惰行,0.0,3.37,29.49,75.0,75.0,75.0,65.7,71.6,66.0,勾配力行 ↔ 惰行,勾配力行,65.7,-36.2,75.0,75.0,75.0,75.0,,530.0,16.0,33.56,496.41,28.0,-1.123,2.25,55m先で勾配が+28.0‰から+29.7‰に変わる,179m先でATC現示が75km/hから70km/hに低下する,0.0,0.0,1,16.0,先行列車なし,0,,0,0,0,後続列車なし,該当なし,該当なし,0,0,0,30,240,,,
70.0,crawl_s1_30,1,1.500729,現示低下点への接近フェーズ（500m以内に現示の低下あり）,惰行,0.0,力行,0.0,3.37,29.51,75.0,75.0,75.0,65.1,71.6,66.0,勾配力行 ↔ 惰行,勾配力行,65.1,-35.6,75.0,75.0,75.0,75.0,,521.8,15.0,33.61,488.16,28.0,-1.123,2.25,50m先で勾配が+28.0‰から+29.7‰に変わる,171m先でATC現示が75km/hから70km/hに低下する,0.0,0.0,1,15.0,先行列車なし,0,,0,0,0,後続列車なし,該当なし,該当なし,0,0,0,30,240,,,
71.0,crawl_s1_30,1,1.508924,現示低下点への接近フェーズ（500m以内に現示の低下あり）,惰行,0.0,力行,0.0,3.37,29.5,75.0,75.0,75.0,64.5,71.6,65.9,勾配力行 ↔ 惰行,勾配力行,64.5,-35.0,75.0,75.0,75.0,75.0,,513.6,14.0,33.59,479.99,28.0,-1.123,2.25,40m先で勾配が+28.0‰から+29.7‰に変わる,163m先でATC現示が75km/hから70km/hに低下する,0.0,0.0,1,14.0,先行列車なし,0,,0,0,0,後続列車なし,該当なし,該当なし,0,0,0,30,240,,,
72.0,crawl_s1_30,1,1.51712,現示低下点への接近フェーズ（500m以内に現示の低下あり）,力行,0.0,惰行,0.0,3.37,29.49,75.0,75.0,75.0,63.9,71.6,65.9,勾配力行 ↔ 惰行,勾配力行,63.9,-34.5,75.0,75.0,75.0,75.0,,505.4,13.0,33.52,471.86,28.0,-1.123,2.25,35m先で勾配が+28.0‰から+29.7‰に変わる,155m先でATC現示が75km/hから70km/hに低下する,0.0,0.0,1,13.0,先行列車なし,0,,0,0,0,後続列車なし,該当なし,該当なし,0,0,0,30,240,,,
73.0,crawl_s1_30,1,1.525316,現示低下点への接近フェーズ（500m以内に現示の低下あり）,惰行,0.0,力行,0.0,3.37,29.52,75.0,75.0,75.0,63.4,71.6,65.9,勾配力行 ↔ 惰行,勾配力行,63.4,-33.9,75.0,75.0,75.0,75.0,,497.2,12.0,33.44,463.75,28.0,-1.123,2.25,25m先で勾配が+28.0‰から+29.7‰に変わる,146m先でATC現示が75km/hから70km/hに低下する,0.0,0.0,1,12.0,先行列車なし,0,,0,0,0,後続列車なし,該当なし,該当なし,0,0,0,30,240,,,
74.0,crawl_s1_30,1,1.533512,現示低下点への接近フェーズ（500m以内に現示の低下あり）,惰行,0.0,力行,0.0,3.37,29.51,75.0,75.0,75.0,62.8,71.6,65.8,勾配力行 ↔ 惰行,勾配力行,62.8,-33.3,75.0,75.0,75.0,75.0,,489.0,11.0,33.28,455.71,28.0,-1.123,2.25,15m先で勾配が+28.0‰から+29.7‰に変わる,138m先でATC現示が75km/hから70km/hに低下する,0.0,0.0,1,11.0,先行列車なし,0,,0,0,0,後続列車なし,該当なし,該当なし,0,0,0,30,240,,,
75.0,crawl_s1_30,1,1.541709,現示低下点への接近フェーズ（500m以内に現示の低下あり）,力行,0.0,惰行,0.0,3.37,29.5,75.0,75.0,75.0,62.2,71.6,65.8,勾配力行 ↔ 惰行,勾配力行,62.2,-32.7,75.0,75.0,75.0,75.0,,480.8,10.0,33.12,447.67,28.0,-1.123,2.25,10m先で勾配が+28.0‰から+29.7‰に変わる,130m先でATC現示が75km/hから70km/hに低下する,0.0,0.0,1,10.0,先行列車なし,0,,0,0,0,後続列車なし,該当なし,該当なし,0,0,0,30,240,,,
76.0,crawl_s1_30,1,1.549906,現示低下点への接近フェーズ（500m以内に現示の低下あり）,惰行,0.0,力行,0.0,3.37,29.5,75.0,75.0,75.0,61.6,71.7,65.8,勾配力行 ↔ 惰行,勾配力行,61.6,-32.1,75.0,75.0,75.0,75.0,,472.6,9.0,33.04,439.55,29.7,-1.183,2.19,165m先で勾配が+29.7‰から+3.0‰に変わる,122m先でATC現示が75km/hから70km/hに低下する,0.0,0.0,1,9.0,先行列車なし,0,,0,0,0,後続列車なし,該当なし,該当なし,0,0,0,30,240,,,
77.0,crawl_s1_30,1,1.558101,現示低下点への接近フェーズ（500m以内に現示の低下あり）,惰行,0.0,力行,0.0,3.37,29.5,75.0,75.0,75.0,61.0,71.7,65.8,勾配力行 ↔ 惰行,勾配力行,61.0,-31.5,75.0,75.0,75.0,75.0,,464.4,8.0,33.03,431.36,29.7,-1.183,2.19,155m先で勾配が+29.7‰から+3.0‰に変わる,114m先でATC現示が75km/hから70km/hに低下する,0.0,0.0,1,8.0,先行列車なし,0,,0,0,0,後続列車なし,該当なし,該当なし,0,0,0,30,240,,,
78.0,crawl_s1_30,1,1.566297,現示低下点への接近フェーズ（500m以内に現示の低下あり）,力行,0.0,惰行,0.0,3.37,29.5,75.0,75.0,75.0,60.4,71.7,65.8,勾配力行 ↔ 惰行,勾配力行,60.4,-30.9,75.0,75.0,75.0,75.0,,456.2,7.0,33.03,423.17,29.7,-1.183,2.19,145m先で勾配が+29.7‰から+3.0‰に変わる,106m先でATC現示が75km/hから70km/hに低下する,0.0,0.0,1,7.0,先行列車なし,0,,0,0,0,後続列車なし,該当なし,該当なし,0,0,0,30,240,,,
79.0,crawl_s1_30,1,1.574493,現示低下点への接近フェーズ（500m以内に現示の低下あり）,力行,0.0,惰行,0.0,3.37,29.5,75.0,75.0,75.0,59.7,71.7,65.8,勾配力行 ↔ 惰行,勾配力行,59.7,-30.2,75.0,75.0,75.0,75.0,,448.0,6.0,33.02,414.98,29.7,-1.183,2.19,140m先で勾配が+29.7‰から+3.0‰に変わる,97m先でATC現示が75km/hから70km/hに低下する,0.0,0.0,1,6.0,先行列車なし,0,,0,0,0,後続列車なし,該当なし,該当なし,0,0,0,30,240,,,
80.0,crawl_s1_30,1,1.582689,現示低下点への接近フェーズ（500m以内に現示の低下あり）,力行,0.0,惰行,0.0,3.37,29.49,75.0,75.0,75.0,59.1,71.7,65.8,勾配力行 ↔ 惰行,勾配力行,59.1,-29.6,75.0,75.0,75.0,75.0,,439.8,5.0,33.02,406.79,29.7,-1.183,2.19,130m先で勾配が+29.7‰から+3.0‰に変わる,89m先でATC現示が75km/hから70km/hに低下する,0.0,0.0,1,5.0,先行列車なし,0,,0,0,0,後続列車なし,該当なし,該当なし,0,0,0,30,240,,,
81.0,crawl_s1_30,1,1.590885,現示低下点への接近フェーズ（500m以内に現示の低下あり）,力行,0.0,惰行,0.0,3.37,29.49,75.0,75.0,75.0,58.4,71.7,65.8,勾配力行 ↔ 惰行,勾配力行,58.4,-28.9,75.0,75.0,75.0,75.0,,431.6,4.0,33.01,398.6,29.7,-1.183,2.19,125m先で勾配が+29.7‰から+3.0‰に変わる,81m先でATC現示が75km/hから70km/hに低下する,0.0,0.0,1,4.0,先行列車なし,0,,0,0,0,後続列車なし,該当なし,該当なし,0,0,0,30,240,,,
82.0,crawl_s1_30,1,1.599081,現示低下点への接近フェーズ（500m以内に現示の低下あり）,力行,0.0,惰行,0.0,3.37,29.49,75.0,75.0,75.0,57.8,71.7,65.8,勾配力行 ↔ 惰行,勾配力行,57.8,-28.3,75.0,75.0,75.0,75.0,,423.4,3.0,33.01,390.41,29.7,-1.183,2.19,115m先で勾配が+29.7‰から+3.0‰に変わる,73m先でATC現示が75km/hから70km/hに低下する,0.0,0.0,1,3.0,先行列車なし,0,,0,0,0,後続列車なし,該当なし,該当なし,0,0,0,30,240,,,
83.0,crawl_s1_30,1,1.607277,現示低下点への接近フェーズ（500m以内に現示の低下あり）,惰行,0.0,力行,0.0,3.37,29.52,75.0,75.0,75.0,57.1,71.7,65.8,勾配力行 ↔ 惰行,勾配力行,57.1,-27.6,75.0,75.0,75.0,75.0,,415.2,2.0,33.08,382.15,29.7,-1.183,2.19,105m先で勾配が+29.7‰から+3.0‰に変わる,65m先でATC現示が75km/hから70km/hに低下する,0.0,0.0,1,2.0,先行列車なし,0,,0,0,0,後続列車なし,該当なし,該当なし,0,0,0,30,240,,,
84.0,crawl_s1_30,1,1.615472,現示低下点への接近フェーズ（500m以内に現示の低下あり）,惰行,0.0,力行,0.0,3.37,29.52,75.0,75.0,75.0,56.5,71.7,65.8,勾配力行 ↔ 惰行,勾配力行,56.5,-26.9,75.0,75.0,75.0,75.0,,407.0,1.0,33.07,373.96,29.7,-1.183,2.19,100m先で勾配が+29.7‰から+3.0‰に変わる,56m先でATC現示が75km/hから70km/hに低下する,0.0,0.0,1,1.0,先行列車なし,0,,0,0,0,後続列車なし,該当なし,該当なし,0,0,0,30,240,,,
85.0,crawl_s1_30,1,1.623668,次駅への減速フェーズ（駅手前400m以内）,惰行,0.0,力行,0.0,3.37,29.52,75.0,75.0,75.0,55.8,71.7,65.8,勾配力行 ↔ 惰行,勾配力行,55.8,-26.3,,75.0,75.0,75.0,,398.8,0.0,33.07,365.77,29.7,-1.183,2.19,90m先で勾配が+29.7‰から+3.0‰に変わる,48m先でATC現示が75km/hから70km/hに低下する,0.0,0.0,1,0.0,先行列車なし,0,,0,0,0,後続列車なし,該当なし,該当なし,0,0,0,30,240,,,
86.0,crawl_s1_30,1,1.631864,次駅への減速フェーズ（駅手前400m以内）,惰行,0.0,力行,0.0,3.37,29.51,75.0,75.0,75.0,55.1,71.7,65.8,勾配力行 ↔ 惰行,勾配力行,55.1,-25.6,,75.0,75.0,75.0,,390.6,0.0,33.06,357.58,29.7,-1.183,2.19,80m先で勾配が+29.7‰から+3.0‰に変わる,40m先でATC現示が75km/hから70km/hに低下する,1.0,1.0,1,0.0,先行列車なし,0,,0,0,0,後続列車なし,該当なし,該当なし,0,0,0,30,240,,,
87.0,crawl_s1_30,1,1.64006,次駅への減速フェーズ（駅手前400m以内）,惰行,0.0,力行,0.0,3.37,29.51,75.0,75.0,75.0,54.4,71.7,65.8,勾配力行 ↔ 惰行,勾配力行,54.4,-24.9,,75.0,75.0,75.0,,382.4,0.0,33.06,349.38,29.7,-1.183,2.19,75m先で勾配が+29.7‰から+3.0‰に変わる,32m先でATC現示が75km/hから70km/hに低下する,2.0,2.0,1,0.0,先行列車なし,0,,0,0,0,後続列車なし,該当なし,該当なし,0,0,0,30,240,,,
88.0,crawl_s1_30,1,1.648256,次駅への減速フェーズ（駅手前400m以内）,惰行,0.0,力行,0.0,3.37,29.51,75.0,75.0,74.6,53.7,71.3,65.4,勾配力行 ↔ 惰行,勾配力行,53.7,-24.2,,75.0,74.6,74.6,,374.2,0.0,33.05,341.19,29.7,-1.183,2.19,65m先で勾配が+29.7‰から+3.0‰に変わる,24m先でATC現示が75km/hから70km/hに低下する,3.0,3.0,1,0.0,先行列車なし,0,,0,0,0,後続列車なし,該当なし,該当なし,0,0,0,30,240,,,
89.0,crawl_s1_30,1,1.656452,次駅への減速フェーズ（駅手前400m以内）,惰行,0.0,力行,0.0,3.37,29.51,75.0,75.0,73.1,53.0,69.8,63.9,勾配力行 ↔ 惰行,勾配力行,53.0,-23.5,,75.0,73.1,73.1,,366.0,0.0,33.04,333.0,29.7,-1.183,2.19,55m先で勾配が+29.7‰から+3.0‰に変わる,15m先でATC現示が75km/hから70km/hに低下する,4.0,4.0,1,0.0,先行列車なし,0,,0,0,0,後続列車なし,該当なし,該当なし,0,0,0,30,240,,,
90.0,crawl_s1_30,1,1.664647,次駅への減速フェーズ（駅手前400m以内）,惰行,0.0,力行,0.0,3.37,29.5,75.0,75.0,71.5,52.3,68.2,62.3,勾配力行 ↔ 惰行,勾配力行,52.3,-22.8,,75.0,71.5,71.5,,357.9,0.0,33.04,324.81,29.7,-1.183,2.19,50m先で勾配が+29.7‰から+3.0‰に変わる,7m先でATC現示が75km/hから70km/hに低下する,5.0,5.0,1,0.0,先行列車なし,0,,0,0,0,後続列車なし,該当なし,該当なし,0,0,0,30,240,,,
91.0,crawl_s1_30,1,1.672843,次駅への減速フェーズ（駅手前400m以内）,惰行,0.0,力行,0.0,3.37,29.5,70.0,70.0,70.0,51.6,66.7,61.7,勾配力行 ↔ 惰行,勾配力行,51.6,-22.1,,75.0,70.0,70.0,,349.7,0.0,33.03,316.62,29.7,-1.183,2.19,40m先で勾配が+29.7‰から+3.0‰に変わる,689m先でATC現示が70km/hから55km/hに低下する,6.0,6.0,1,0.0,先行列車なし,0,,0,0,0,後続列車なし,該当なし,該当なし,0,0,0,30,240,,,
92.0,crawl_s1_30,1,1.681039,次駅への減速フェーズ（駅手前400m以内）,力行,0.0,惰行,0.0,3.37,29.5,70.0,70.0,70.0,50.9,66.7,62.7,勾配力行 ↔ 惰行,勾配力行,50.9,-21.4,,75.0,70.0,70.0,,341.5,0.0,34.11,307.35,29.7,-1.183,2.19,30m先で勾配が+29.7‰から+3.0‰に変わる,681m先でATC現示が70km/hから55km/hに低下する,7.0,7.0,1,0.0,先行列車なし,0,,0,0,0,後続列車なし,該当なし,該当なし,0,0,0,30,240,,,
93.0,crawl_s1_30,1,1.689235,次駅への減速フェーズ（駅手前400m以内）,力行,0.0,惰行,0.0,3.37,29.5,70.0,70.0,70.0,50.2,66.7,63.2,勾配力行 ↔ 惰行,勾配力行,50.2,-20.7,,75.0,70.0,70.0,,333.3,0.0,36.98,296.28,29.7,-1.183,2.19,25m先で勾配が+29.7‰から+3.0‰に変わる,673m先でATC現示が70km/hから55km/hに低下する,8.0,8.0,1,0.0,先行列車なし,0,,0,0,0,後続列車なし,該当なし,該当なし,0,0,0,30,240,,,
94.0,crawl_s1_30,1,1.697431,次駅への減速フェーズ（駅手前400m以内）,力行,0.0,惰行,0.0,3.37,29.49,70.0,70.0,70.0,49.4,66.7,62.5,勾配力行 ↔ 惰行,惰行,49.4,-19.9,,75.0,70.0,70.0,,325.1,0.0,39.72,285.35,29.7,-1.183,2.19,15m先で勾配が+29.7‰から+3.0‰に変わる,664m先でATC現示が70km/hから55km/hに低下する,9.0,9.0,1,0.0,先行列車なし,0,,0,0,0,後続列車なし,該当なし,該当なし,0,0,0,30,240,,,
95.0,crawl_s1_30,1,1.705627,次駅への減速フェーズ（駅手前400m以内）,力行,0.0,惰行,0.0,3.37,29.49,70.0,70.0,70.0,48.7,66.7,62.0,勾配力行 ↔ 惰行,惰行,48.7,-19.2,,75.0,70.0,70.0,,316.9,0.0,42.62,274.25,29.7,-1.183,2.19,10m先で勾配が+29.7‰から+3.0‰に変わる,656m先でATC現示が70km/hから55km/hに低下する,10.0,10.0,1,0.0,先行列車なし,0,,0,0,0,後続列車なし,該当なし,該当なし,0,0,0,30,240,,,
96.0,crawl_s1_30,1,1.713824,次駅への減速フェーズ（駅手前400m以内）,惰行,0.1,力行,0.0,3.37,29.51,70.0,70.0,70.0,48.1,65.3,59.7,勾配力行 ↔ 惰行,惰行,48.1,-18.6,,75.0,70.0,70.0,,308.7,0.0,44.53,264.15,3.0,-0.241,3.132,当面+3.0‰が続く,648m先でATC現示が70km/hから55km/hに低下する,11.0,11.0,1,0.0,先行列車なし,0,,0,0,0,後続列車なし,該当なし,該当なし,0,0,0,30,240,,,
97.0,crawl_s1_30,1,1.722022,次駅への減速フェーズ（駅手前400m以内）,惰行,0.1,力行,0.0,3.37,29.51,70.0,70.0,70.0,47.9,65.3,59.7,勾配力行 ↔ 惰行,惰行,47.9,-18.4,,75.0,70.0,70.0,,300.5,0.0,44.51,255.97,3.0,-0.241,3.132,当面+3.0‰が続く,640m先でATC現示が70km/hから55km/hに低下する,12.0,12.0,1,0.0,先行列車なし,0,,0,0,0,後続列車なし,該当なし,該当なし,0,0,0,30,240,,,
98.0,crawl_s1_30,1,1.730221,次駅への減速フェーズ（駅手前400m以内）,惰行,0.1,力行,0.0,3.37,29.5,70.0,70.0,70.0,47.7,65.3,59.7,勾配力行 ↔ 惰行,惰行,47.7,-18.2,,75.0,70.0,70.0,,292.3,0.0,44.5,247.78,3.0,-0.241,3.132,当面+3.0‰が続く,632m先でATC現示が70km/hから55km/hに低下する,13.0,13.0,1,0.0,先行列車なし,0,,0,0,0,後続列車なし,該当なし,該当なし,0,0,0,30,240,,,
99.0,crawl_s1_30,1,1.738419,次駅への減速フェーズ（駅手前400m以内）,力行,0.0,惰行,0.1,3.37,29.5,70.0,70.0,70.0,47.6,65.3,59.7,勾配力行 ↔ 惰行,惰行,47.6,-18.1,,75.0,70.0,70.0,,284.1,0.0,44.48,239.6,3.0,-0.241,3.132,当面+3.0‰が続く,623m先でATC現示が70km/hから55km/hに低下する,14.0,14.0,1,0.0,先行列車なし,0,,0,0,0,後続列車なし,該当なし,該当なし,0,0,0,30,240,,,
100.0,crawl_s1_30,1,1.746618,次駅への減速フェーズ（駅手前400m以内）,惰行,0.0,力行,0.0,3.37,29.53,70.0,70.0,70.0,47.4,65.3,59.7,勾配力行 ↔ 惰行,惰行,47.4,-17.8,,75.0,70.0,70.0,,275.9,0.0,44.57,231.32,3.0,-0.241,3.132,当面+3.0‰が続く,615m先でATC現示が70km/hから55km/hに低下する,15.0,15.0,1,0.0,先行列車なし,0,,0,0,0,後続列車なし,該当なし,該当なし,0,0,0,30,240,,,
101.0,crawl_s1_30,1,1.754816,次駅への減速フェーズ（駅手前400m以内）,惰行,0.0,力行,0.0,3.37,29.52,70.0,70.0,70.0,47.2,65.3,59.7,勾配力行 ↔ 惰行,惰行,47.2,-17.7,,75.0,70.0,70.0,,267.7,0.0,44.55,223.13,3.0,-0.241,3.132,当面+3.0‰が続く,607m先でATC現示が70km/hから55km/hに低下する,16.0,16.0,1,0.0,先行列車なし,0,,0,0,0,後続列車なし,該当なし,該当なし,0,0,0,30,240,,,
102.0,crawl_s1_30,1,1.763015,次駅への減速フェーズ（駅手前400m以内）,惰行,0.1,力行,0.0,3.37,29.52,70.0,70.0,70.0,47.0,65.3,59.7,勾配力行 ↔ 惰行,惰行,47.0,-17.5,,75.0,70.0,70.0,,259.5,0.0,44.53,214.95,3.0,-0.241,3.132,当面+3.0‰が続く,599m先でATC現示が70km/hから55km/hに低下する,17.0,17.0,1,0.0,先行列車なし,0,,0,0,0,後続列車なし,該当なし,該当なし,0,0,0,30,240,,,
103.0,crawl_s1_30,1,1.771213,次駅への減速フェーズ（駅手前400m以内）,惰行,0.1,力行,0.0,3.37,29.51,70.0,70.0,70.0,46.8,65.3,59.7,勾配力行 ↔ 惰行,惰行,46.8,-17.3,,75.0,70.0,70.0,,251.3,0.0,44.52,206.77,3.0,-0.241,3.132,当面+3.0‰が続く,591m先でATC現示が70km/hから55km/hに低下する,18.0,18.0,1,0.0,先行列車なし,0,,0,0,0,後続列車なし,該当なし,該当なし,0,0,0,30,240,,,
104.0,crawl_s1_30,1,1.779411,次駅への減速フェーズ（駅手前400m以内）,惰行,0.1,力行,0.0,3.37,29.51,70.0,70.0,70.0,46.6,65.3,59.7,勾配力行 ↔ 惰行,惰行,46.6,-17.1,,75.0,70.0,70.0,,243.1,0.0,44.5,198.58,3.0,-0.241,3.132,当面+3.0‰が続く,582m先でATC現示が70km/hから55km/hに低下する,19.0,19.0,1,0.0,先行列車なし,0,,0,0,0,後続列車なし,該当なし,該当なし,0,0,0,30,240,,,
105.0,crawl_s1_30,1,1.78761,次駅への減速フェーズ（駅手前400m以内）,惰行,0.1,力行,0.0,3.37,29.5,70.0,70.0,70.0,46.4,65.3,59.7,勾配力行 ↔ 惰行,惰行,46.4,-16.9,,75.0,70.0,70.0,,234.9,0.0,44.49,190.4,3.0,-0.241,3.132,当面+3.0‰が続く,574m先でATC現示が70km/hから55km/hに低下する,20.0,20.0,1,0.0,先行列車なし,0,,0,0,0,後続列車なし,該当なし,該当なし,0,0,0,30,240,,,
106.0,crawl_s1_30,1,1.795808,次駅への減速フェーズ（駅手前400m以内）,惰行,0.0,力行,0.0,3.37,29.53,70.0,70.0,70.0,46.2,65.3,59.7,勾配力行 ↔ 惰行,惰行,46.2,-16.7,,75.0,70.0,70.0,,226.7,0.0,44.57,182.12,3.0,-0.241,3.132,当面+3.0‰が続く,566m先でATC現示が70km/hから55km/hに低下する,21.0,21.0,1,0.0,先行列車なし,0,,0,0,0,後続列車なし,該当なし,該当なし,0,0,0,30,240,,,
107.0,crawl_s1_30,1,1.804007,次駅への減速フェーズ（駅手前400m以内）,惰行,0.0,力行,0.0,3.37,29.53,70.0,70.0,70.0,46.1,65.3,59.7,勾配力行 ↔ 惰行,惰行,46.1,-16.5,,75.0,70.0,70.0,,218.5,0.0,44.56,173.93,3.0,-0.241,3.132,当面+3.0‰が続く,558m先でATC現示が70km/hから55km/hに低下する,22.0,22.0,1,0.0,先行列車なし,0,,0,0,0,後続列車なし,該当なし,該当なし,0,0,0,30,240,,,
108.0,crawl_s1_30,1,1.812205,次駅への減速フェーズ（駅手前400m以内）,惰行,0.1,力行,0.0,3.37,29.52,70.0,70.0,70.0,45.9,65.3,59.7,勾配力行 ↔ 惰行,惰行,45.9,-16.4,,75.0,70.0,70.0,,210.3,0.0,44.54,165.75,3.0,-0.241,3.132,当面+3.0‰が続く,550m先でATC現示が70km/hから55km/hに低下する,23.0,23.0,1,0.0,先行列車なし,0,,0,0,0,後続列車なし,該当なし,該当なし,0,0,0,30,240,,,
109.0,crawl_s1_30,1,1.820404,次駅への減速フェーズ（駅手前400m以内）,惰行,0.1,力行,0.0,3.37,29.51,70.0,70.0,70.0,45.7,65.3,59.7,勾配力行 ↔ 惰行,惰行,45.7,-16.2,,75.0,70.0,70.0,,202.1,0.0,44.53,157.57,3.0,-0.241,3.132,当面+3.0‰が続く,541m先でATC現示が70km/hから55km/hに低下する,24.0,24.0,1,0.0,先行列車なし,0,,0,0,0,後続列車なし,該当なし,該当なし,0,0,0,30,240,,,
110.0,crawl_s1_30,1,1.828602,次駅への減速フェーズ（駅手前400m以内）,惰行,0.1,力行,0.0,3.37,29.51,70.0,70.0,70.0,45.5,65.3,59.7,勾配力行 ↔ 惰行,惰行,45.5,-16.0,,75.0,70.0,70.0,,193.9,0.0,44.51,149.39,3.0,-0.241,3.132,当面+3.0‰が続く,533m先でATC現示が70km/hから55km/hに低下する,25.0,25.0,1,0.0,先行列車なし,0,,0,0,0,後続列車なし,該当なし,該当なし,0,0,0,30,240,,,
111.0,crawl_s1_30,1,1.8368,次駅への減速フェーズ（駅手前400m以内）,惰行,0.1,力行,0.0,3.37,29.5,70.0,70.0,70.0,45.3,65.3,59.7,勾配力行 ↔ 惰行,惰行,45.3,-15.8,,75.0,70.0,70.0,,185.7,0.0,44.5,141.2,3.0,-0.241,3.132,当面+3.0‰が続く,525m先でATC現示が70km/hから55km/hに低下する,26.0,26.0,1,0.0,先行列車なし,0,,0,0,0,後続列車なし,該当なし,該当なし,0,0,0,30,240,,,
112.0,crawl_s1_30,1,1.844999,次駅への減速フェーズ（駅手前400m以内）,力行,0.0,惰行,0.1,3.37,29.5,70.0,70.0,70.0,45.1,65.3,59.7,勾配力行 ↔ 惰行,惰行,45.1,-15.6,,75.0,70.0,70.0,,177.5,0.0,44.48,133.02,3.0,-0.241,3.132,当面+3.0‰が続く,517m先でATC現示が70km/hから55km/hに低下する,27.0,27.0,1,0.0,先行列車なし,0,,0,0,0,後続列車なし,該当なし,該当なし,0,0,0,30,240,,,
113.0,crawl_s1_30,1,1.853198,次駅への減速フェーズ（駅手前400m以内）,惰行,0.0,力行,0.0,3.37,29.53,70.0,70.0,70.0,44.9,65.3,59.7,勾配力行 ↔ 惰行,惰行,44.9,-15.4,,75.0,70.0,70.0,,169.3,0.0,44.57,124.74,3.0,-0.241,3.132,当面+3.0‰が続く,509m先でATC現示が70km/hから55km/hに低下する,28.0,28.0,1,0.0,先行列車なし,0,,0,0,0,後続列車なし,該当なし,該当なし,0,0,0,30,240,,,
114.0,crawl_s1_30,1,1.861396,次駅への減速フェーズ（駅手前400m以内）,惰行,0.0,力行,0.0,3.37,29.52,70.0,70.0,70.0,44.7,65.3,59.7,勾配力行 ↔ 惰行,惰行,44.7,-15.2,,75.0,70.0,70.0,,161.1,0.0,44.55,116.55,3.0,-0.241,3.132,当面+3.0‰が続く,500m先でATC現示が70km/hから55km/hに低下する,29.0,29.0,1,0.0,先行列車なし,0,,0,0,0,後続列車なし,該当なし,該当なし,0,0,0,30,240,,,
115.0,crawl_s1_30,1,1.869595,次駅への減速フェーズ（駅手前400m以内）,惰行,0.1,力行,0.0,3.37,29.52,70.0,70.0,70.0,44.5,65.3,59.7,勾配力行 ↔ 惰行,惰行,44.5,-15.0,,75.0,70.0,70.0,,152.9,0.0,44.54,108.37,3.0,-0.241,3.132,当面+3.0‰が続く,492m先でATC現示が70km/hから55km/hに低下する,30.0,30.0,1,0.0,先行列車なし,0,,0,0,0,後続列車なし,該当なし,該当なし,0,0,0,30,240,,,
116.0,crawl_s1_30,1,1.877793,次駅への減速フェーズ（駅手前400m以内）,惰行,0.1,力行,0.0,3.37,29.51,70.0,70.0,70.0,44.3,65.3,59.7,勾配力行 ↔ 惰行,惰行,44.3,-14.8,,75.0,70.0,70.0,,144.7,0.0,44.52,100.19,3.0,-0.241,3.132,当面+3.0‰が続く,484m先でATC現示が70km/hから55km/hに低下する,31.0,31.0,1,0.0,先行列車なし,0,,0,0,0,後続列車なし,該当なし,該当なし,0,0,0,30,240,,,
116.5,crawl_s1_30,1,1.881892,次駅への減速フェーズ（駅手前400m以内）,惰行,0.0,力行,0.0,3.37,29.53,70.0,70.0,70.0,44.3,65.3,59.7,勾配力行 ↔ 惰行,惰行,44.3,-14.7,,75.0,70.0,70.0,,140.6,0.0,44.56,96.04,3.0,-0.241,3.132,当面+3.0‰が続く,480m先でATC現示が70km/hから55km/hに低下する,31.5,31.5,1,0.0,先行列車なし,0,,0,0,0,後続列車なし,該当なし,該当なし,0,0,0,30,240,,,
117.0,crawl_s1_30,1,1.885991,次駅への減速フェーズ（駅手前400m以内）,惰行,0.1,力行,0.0,3.37,29.51,70.0,70.0,70.0,44.2,65.3,59.7,勾配力行 ↔ 惰行,惰行,44.2,-14.6,,75.0,70.0,70.0,,136.5,0.0,44.51,92.0,3.0,-0.241,3.132,当面+3.0‰が続く,476m先でATC現示が70km/hから55km/hに低下する,32.0,32.0,1,0.0,先行列車なし,0,,0,0,0,後続列車なし,該当なし,該当なし,0,0,0,30,240,,,
117.5,crawl_s1_30,1,1.89009,次駅への減速フェーズ（駅手前400m以内）,惰行,0.0,力行,0.0,3.37,29.52,70.0,70.0,70.0,44.1,65.3,59.7,勾配力行 ↔ 惰行,惰行,44.1,-14.5,,75.0,70.0,70.0,,132.4,0.0,44.55,87.86,3.0,-0.241,3.132,当面+3.0‰が続く,472m先でATC現示が70km/hから55km/hに低下する,32.5,32.5,1,0.0,先行列車なし,0,,0,0,0,後続列車なし,該当なし,該当なし,0,0,0,30,240,,,
118.0,crawl_s1_30,1,1.89419,次駅への減速フェーズ（駅手前400m以内）,惰行,0.1,力行,0.0,3.37,29.5,70.0,70.0,70.0,44.0,65.3,59.7,勾配力行 ↔ 惰行,惰行,44.0,-14.5,,75.0,70.0,70.0,,128.3,0.0,44.49,83.82,3.0,-0.241,3.132,当面+3.0‰が続く,468m先でATC現示が70km/hから55km/hに低下する,33.0,33.0,1,0.0,先行列車なし,0,,0,0,0,後続列車なし,該当なし,該当なし,0,0,0,30,240,,,
118.5,crawl_s1_30,1,1.898289,次駅への減速フェーズ（駅手前400m以内）,惰行,0.1,力行,0.0,3.37,29.52,70.0,70.0,70.0,43.9,65.3,59.7,勾配力行 ↔ 惰行,惰行,43.9,-14.4,,75.0,70.0,70.0,,124.2,0.0,44.53,79.68,3.0,-0.241,3.132,当面+3.0‰が続く,464m先でATC現示が70km/hから55km/hに低下する,33.5,33.5,1,0.0,先行列車なし,0,,0,0,0,後続列車なし,該当なし,該当なし,0,0,0,30,240,,,
119.0,crawl_s1_30,1,1.902388,次駅への減速フェーズ（駅手前400m以内）,惰行,0.0,力行,0.0,3.37,29.53,70.0,70.0,70.0,43.8,65.3,59.7,勾配力行 ↔ 惰行,惰行,43.8,-14.2,,75.0,70.0,70.0,,120.1,0.0,44.58,75.54,3.0,-0.241,3.132,当面+3.0‰が続く,459m先でATC現示が70km/hから55km/hに低下する,34.0,34.0,1,0.0,先行列車なし,0,,0,0,0,後続列車なし,該当なし,該当なし,0,0,0,30,240,,,
119.5,crawl_s1_30,1,1.906488,次駅への減速フェーズ（駅手前400m以内）,惰行,0.1,力行,0.0,3.37,29.51,70.0,70.0,70.0,43.7,65.3,59.7,勾配力行 ↔ 惰行,惰行,43.7,-14.2,,75.0,70.0,70.0,,116.0,0.0,44.52,71.49,3.0,-0.241,3.132,当面+3.0‰が続く,455m先でATC現示が70km/hから55km/hに低下する,34.5,34.5,1,0.0,先行列車なし,0,,0,0,0,後続列車なし,該当なし,該当なし,0,0,0,30,240,,,
120.0,crawl_s1_30,1,1.910587,次駅への減速フェーズ（駅手前400m以内）,惰行,0.0,力行,0.0,3.37,29.53,70.0,70.0,70.0,43.6,65.3,59.7,勾配力行 ↔ 惰行,惰行,43.6,-14.1,,75.0,70.0,70.0,,111.9,0.0,44.56,67.35,3.0,-0.241,3.132,当面+3.0‰が続く,451m先でATC現示が70km/hから55km/hに低下する,35.0,35.0,1,0.0,先行列車なし,0,,0,0,0,後続列車なし,該当なし,該当なし,0,0,0,30,240,,,
120.5,crawl_s1_30,1,1.914686,次駅への減速フェーズ（駅手前400m以内）,惰行,0.1,力行,0.0,3.37,29.51,70.0,70.0,70.0,43.5,65.3,59.7,勾配力行 ↔ 惰行,惰行,43.5,-14.0,,75.0,70.0,70.0,,107.8,0.0,44.5,63.31,3.0,-0.241,3.132,当面+3.0‰が続く,447m先でATC現示が70km/hから55km/hに低下する,35.5,35.5,1,0.0,先行列車なし,0,,0,0,0,後続列車なし,該当なし,該当なし,0,0,0,30,240,,,
121.0,crawl_s1_30,1,1.918785,次駅への減速フェーズ（駅手前400m以内）,惰行,0.1,力行,0.0,3.37,29.52,70.0,70.0,70.0,43.4,65.3,59.7,勾配力行 ↔ 惰行,惰行,43.4,-13.9,,75.0,70.0,70.0,,103.7,0.0,44.54,59.17,3.0,-0.241,3.132,当面+3.0‰が続く,443m先でATC現示が70km/hから55km/hに低下する,36.0,36.0,1,0.0,先行列車なし,0,,0,0,0,後続列車なし,該当なし,該当なし,0,0,0,30,240,,,
121.5,crawl_s1_30,1,1.922885,次駅への減速フェーズ（駅手前400m以内）,惰行,0.1,力行,0.0,3.37,29.5,70.0,70.0,70.0,43.3,65.3,59.7,勾配力行 ↔ 惰行,惰行,43.3,-13.8,,75.0,70.0,70.0,,99.6,0.0,44.49,55.13,3.0,-0.241,3.132,当面+3.0‰が続く,439m先でATC現示が70km/hから55km/hに低下する,36.5,36.5,1,0.0,先行列車なし,0,,0,0,0,後続列車なし,該当なし,該当なし,0,0,0,30,240,,,
122.0,crawl_s1_30,1,1.926984,次駅への減速フェーズ（駅手前400m以内）,惰行,0.1,力行,0.0,3.37,29.52,70.0,70.0,70.0,43.2,65.3,59.7,勾配力行 ↔ 惰行,惰行,43.2,-13.7,,75.0,70.0,70.0,,95.5,0.0,44.53,50.99,3.0,-0.241,3.132,当面+3.0‰が続く,435m先でATC現示が70km/hから55km/hに低下する,37.0,37.0,1,0.0,先行列車なし,0,,0,0,0,後続列車なし,該当なし,該当なし,0,0,0,30,240,,,
122.5,crawl_s1_30,1,1.931083,次駅への減速フェーズ（駅手前400m以内）,惰行,0.0,力行,0.0,3.37,29.53,70.0,70.0,70.0,42.5,65.3,59.7,勾配力行 ↔ 惰行,惰行,42.5,-13.0,,75.0,70.0,70.0,,91.4,0.0,44.57,46.84,3.0,-0.241,3.132,当面+3.0‰が続く,431m先でATC現示が70km/hから55km/hに低下する,37.5,37.5,1,0.0,先行列車なし,0,,0,0,0,後続列車なし,該当なし,該当なし,0,0,0,30,240,,,
123.0,crawl_s1_30,1,1.935182,次駅への減速フェーズ（駅手前400m以内）,惰行,0.1,力行,0.0,3.37,29.51,70.0,70.0,70.0,41.5,65.3,59.7,勾配力行 ↔ 惰行,惰行,41.5,-12.0,,75.0,70.0,70.0,,87.3,0.0,44.51,42.8,3.0,-0.241,3.132,当面+3.0‰が続く,427m先でATC現示が70km/hから55km/hに低下する,38.0,38.0,1,0.0,先行列車なし,0,,0,0,0,後続列車なし,該当なし,該当なし,0,0,0,30,240,,,
123.5,crawl_s1_30,1,1.939281,次駅への減速フェーズ（駅手前400m以内）,惰行,0.0,力行,0.0,3.37,29.52,70.0,70.0,70.0,40.5,65.3,59.7,勾配力行 ↔ 惰行,惰行,40.5,-11.0,,75.0,70.0,70.0,,83.2,0.0,44.56,38.66,3.0,-0.241,3.132,当面+3.0‰が続く,423m先でATC現示が70km/hから55km/hに低下する,38.5,38.5,1,0.0,先行列車なし,0,,0,0,0,後続列車なし,該当なし,該当なし,0,0,0,30,240,,,
124.0,crawl_s1_30,1,1.94338,次駅への減速フェーズ（駅手前400m以内）,惰行,0.1,力行,0.0,3.37,29.51,70.0,70.0,70.0,39.5,65.3,59.7,勾配力行 ↔ 惰行,惰行,39.5,-10.0,,75.0,70.0,70.0,,79.1,0.0,44.5,34.62,3.0,-0.241,3.132,当面+3.0‰が続く,418m先でATC現示が70km/hから55km/hに低下する,39.0,39.0,1,0.0,先行列車なし,0,,0,0,0,後続列車なし,該当なし,該当なし,0,0,0,30,240,,,
124.5,crawl_s1_30,1,1.94748,次駅への減速フェーズ（駅手前400m以内）,惰行,0.1,力行,0.0,3.37,29.52,70.0,70.0,70.0,38.5,65.3,59.7,勾配力行 ↔ 惰行,惰行,38.5,-8.9,,75.0,70.0,70.0,,75.0,0.0,44.54,30.48,3.0,-0.241,3.132,当面+3.0‰が続く,414m先でATC現示が70km/hから55km/hに低下する,39.5,39.5,1,0.0,先行列車なし,0,,0,0,0,後続列車なし,該当なし,該当なし,0,0,0,30,240,,,
125.0,crawl_s1_30,1,1.951579,次駅への減速フェーズ（駅手前400m以内）,力行,0.0,惰行,0.1,3.37,29.5,70.0,70.0,70.0,37.4,65.3,59.7,勾配力行 ↔ 惰行,惰行,37.4,-7.9,,75.0,70.0,70.0,,70.9,0.0,44.48,26.44,3.0,-0.241,3.132,当面+3.0‰が続く,410m先でATC現示が70km/hから55km/hに低下する,40.0,40.0,1,0.0,先行列車なし,0,,0,0,0,後続列車なし,該当なし,該当なし,0,0,0,30,240,,,
125.5,crawl_s1_30,1,1.955678,次駅への減速フェーズ（駅手前400m以内）,惰行,0.1,力行,0.0,3.37,29.51,70.0,70.0,70.0,36.3,65.3,59.7,勾配力行 ↔ 惰行,惰行,36.3,-6.8,,75.0,70.0,70.0,,66.8,0.0,44.53,22.3,3.0,-0.241,3.132,当面+3.0‰が続く,406m先でATC現示が70km/hから55km/hに低下する,40.5,40.5,1,0.0,先行列車なし,0,,0,0,0,後続列車なし,該当なし,該当なし,0,0,0,30,240,,,
126.0,crawl_s1_30,1,1.959777,次駅への減速フェーズ（駅手前400m以内）,惰行,0.0,力行,0.0,3.37,29.53,70.0,70.0,70.0,35.1,65.3,59.7,勾配力行 ↔ 惰行,惰行,35.1,-5.6,,75.0,70.0,70.0,,62.7,0.0,44.57,18.15,3.0,-0.241,3.132,当面+3.0‰が続く,402m先でATC現示が70km/hから55km/hに低下する,41.0,41.0,1,0.0,先行列車なし,0,,0,0,0,後続列車なし,該当なし,該当なし,0,0,0,30,240,,,
126.5,crawl_s1_30,1,1.963877,次駅への減速フェーズ（駅手前400m以内）,惰行,0.1,力行,0.0,3.37,29.51,70.0,70.0,70.0,34.0,65.3,59.7,勾配力行 ↔ 惰行,惰行,34.0,-4.4,,75.0,70.0,70.0,,58.6,0.0,44.51,14.11,3.0,-0.241,3.132,当面+3.0‰が続く,398m先でATC現示が70km/hから55km/hに低下する,41.5,41.5,1,0.0,先行列車なし,0,,0,0,0,後続列車なし,該当なし,該当なし,0,0,0,30,240,,,
127.0,crawl_s1_30,1,1.967976,次駅への減速フェーズ（駅手前400m以内）,惰行,0.0,力行,0.0,3.37,29.52,70.0,70.0,70.0,32.7,65.3,59.7,勾配力行 ↔ 惰行,惰行,32.7,-3.2,,75.0,70.0,70.0,,54.5,0.0,44.55,9.97,3.0,-0.241,3.132,当面+3.0‰が続く,394m先でATC現示が70km/hから55km/hに低下する,42.0,42.0,1,0.0,先行列車なし,0,,0,0,0,後続列車なし,該当なし,該当なし,0,0,0,30,240,,,
127.5,crawl_s1_30,1,1.972075,次駅への減速フェーズ（駅手前400m以内）,惰行,0.1,力行,0.0,3.37,29.5,70.0,70.0,70.0,31.5,65.3,59.7,勾配力行 ↔ 惰行,惰行,31.5,-2.0,,75.0,70.0,70.0,,50.4,0.0,44.5,5.93,3.0,-0.241,3.132,当面+3.0‰が続く,390m先でATC現示が70km/hから55km/hに低下する,42.5,42.5,1,0.0,先行列車なし,0,,0,0,0,後続列車なし,該当なし,該当なし,0,0,0,30,240,,,
128.0,crawl_s1_30,1,1.976175,次駅への減速フェーズ（駅手前400m以内）,惰行,0.1,力行,0.0,3.37,29.52,70.0,70.0,70.0,30.2,65.3,59.7,勾配力行 ↔ 惰行,惰行,30.2,-0.6,,75.0,70.0,70.0,,46.3,0.0,44.54,1.79,3.0,-0.241,3.132,当面+3.0‰が続く,386m先でATC現示が70km/hから55km/hに低下する,43.0,43.0,1,0.0,先行列車なし,0,,0,0,0,後続列車なし,該当なし,該当なし,0,0,0,30,240,,,
128.5,crawl_s1_30,1,1.980246,次駅への減速フェーズ（駅手前400m以内）,制動,0.3,力行,0.0,5.87,28.79,70.0,70.0,70.0,28.8,65.3,59.7,勾配力行 ↔ 惰行,惰行,28.8,-0.0,,75.0,70.0,70.0,,42.3,0.0,42.39,-0.13,3.0,-0.239,3.134,当面+3.0‰が続く,382m先でATC現示が70km/hから55km/hに低下する,43.5,43.5,1,0.0,先行列車なし,0,,0,0,0,後続列車なし,該当なし,該当なし,0,0,0,30,240,,,
129.0,crawl_s1_30,1,1.984148,次駅への減速フェーズ（駅手前400m以内）,制動,0.8,力行,0.0,5.87,27.42,70.0,70.0,70.0,27.4,65.3,59.8,勾配力行 ↔ 惰行,惰行,27.4,-0.0,,75.0,70.0,70.0,,38.4,0.0,38.48,-0.13,3.0,-0.236,3.138,当面+3.0‰が続く,378m先でATC現示が70km/hから55km/hに低下する,44.0,44.0,1,0.0,先行列車なし,0,,0,0,0,後続列車なし,該当なし,該当なし,0,0,0,30,240,,,
129.5,crawl_s1_30,1,1.98786,次駅への減速フェーズ（駅手前400m以内）,制動,1.3,力行,0.0,5.87,26.05,70.0,70.0,70.0,26.1,65.3,59.9,勾配力行 ↔ 惰行,惰行,26.1,-0.0,,75.0,70.0,70.0,,34.6,0.0,34.77,-0.13,3.0,-0.232,3.142,当面+3.0‰が続く,374m先でATC現示が70km/hから55km/hに低下する,44.5,44.5,1,0.0,先行列車なし,0,,0,0,0,後続列車なし,該当なし,該当なし,0,0,0,30,240,,,
130.0,crawl_s1_30,1,1.991382,次駅への減速フェーズ（駅手前400m以内）,制動,1.8,力行,0.0,5.87,24.69,70.0,70.0,70.0,24.7,65.3,59.8,勾配力行 ↔ 惰行,惰行,24.7,-0.0,,75.0,70.0,70.0,,31.1,0.0,31.25,-0.13,3.0,-0.228,3.145,当面+3.0‰が続く,370m先でATC現示が70km/hから55km/hに低下する,45.0,45.0,1,0.0,先行列車なし,0,,0,0,0,後続列車なし,該当なし,該当なし,0,0,0,30,240,,,
130.5,crawl_s1_30,1,1.994714,次駅への減速フェーズ（駅手前400m以内）,制動,2.3,力行,0.0,5.87,23.33,70.0,70.0,70.0,23.3,65.3,59.9,勾配力行 ↔ 惰行,惰行,23.3,-0.0,,75.0,70.0,70.0,,27.8,0.0,27.91,-0.13,3.0,-0.225,3.149,当面+3.0‰が続く,367m先でATC現示が70km/hから55km/hに低下する,45.5,45.5,1,0.0,先行列車なし,0,,0,0,0,後続列車なし,該当なし,該当なし,0,0,0,30,240,,,
131.0,crawl_s1_30,1,1.997857,次駅への減速フェーズ（駅手前400m以内）,制動,2.8,力行,0.0,5.87,21.96,70.0,70.0,70.0,22.0,65.3,60.1,勾配力行 ↔ 惰行,惰行,22.0,-0.0,,75.0,70.0,70.0,,24.6,0.0,24.77,-0.12,3.0,-0.222,3.152,当面+3.0‰が続く,364m先でATC現示が70km/hから55km/hに低下する,46.0,46.0,1,0.0,先行列車なし,0,,0,0,0,後続列車なし,該当なし,該当なし,0,0,0,30,240,,,
131.5,crawl_s1_30,1,2.000812,次駅への減速フェーズ（駅手前400m以内）,制動,3.3,力行,0.0,5.87,20.6,70.0,70.0,70.0,20.6,65.3,60.0,勾配力行 ↔ 惰行,惰行,20.6,-0.0,,75.0,70.0,70.0,,21.7,0.0,21.81,-0.12,3.0,-0.218,3.155,当面+3.0‰が続く,361m先でATC現示が70km/hから55km/hに低下する,46.5,46.5,1,0.0,先行列車なし,0,,0,0,0,後続列車なし,該当なし,該当なし,0,0,0,30,240,,,
132.0,crawl_s1_30,1,2.003577,次駅への減速フェーズ（駅手前400m以内）,制動,3.8,力行,0.0,5.87,19.25,70.0,70.0,70.0,19.3,65.3,60.1,勾配力行 ↔ 惰行,惰行,19.3,-0.0,,75.0,70.0,70.0,,18.9,0.0,19.04,-0.12,3.0,-0.215,3.159,当面+3.0‰が続く,358m先でATC現示が70km/hから55km/hに低下する,47.0,47.0,1,0.0,先行列車なし,0,,0,0,0,後続列車なし,該当なし,該当なし,0,0,0,30,240,,,
132.5,crawl_s1_30,1,2.006154,次駅への減速フェーズ（駅手前400m以内）,制動,4.3,力行,0.0,5.87,17.89,70.0,70.0,70.0,17.9,65.3,60.1,勾配力行 ↔ 惰行,惰行,17.9,-0.0,,75.0,70.0,70.0,,16.3,0.0,16.46,-0.12,3.0,-0.212,3.162,当面+3.0‰が続く,356m先でATC現示が70km/hから55km/hに低下する,47.5,47.5,1,0.0,先行列車なし,0,,0,0,0,後続列車なし,該当なし,該当なし,0,0,0,30,240,,,
133.0,crawl_s1_30,1,2.008543,次駅への減速フェーズ（駅手前400m以内）,制動,4.8,力行,0.0,5.87,16.53,70.0,70.0,70.0,16.5,65.3,60.2,勾配力行 ↔ 惰行,惰行,16.5,-0.0,,75.0,70.0,70.0,,14.0,0.0,14.07,-0.12,3.0,-0.209,3.165,当面+3.0‰が続く,353m先でATC現示が70km/hから55km/hに低下する,48.0,48.0,1,0.0,先行列車なし,0,,0,0,0,後続列車なし,該当なし,該当なし,0,0,0,30,240,,,
133.5,crawl_s1_30,1,2.010743,次駅への減速フェーズ（駅手前400m以内）,制動,5.3,力行,0.0,5.87,15.18,70.0,70.0,70.0,15.2,65.2,60.2,勾配力行 ↔ 惰行,惰行,15.2,-0.0,,75.0,70.0,70.0,,11.8,0.0,11.87,-0.11,3.0,-0.206,3.168,当面+3.0‰が続く,351m先でATC現示が70km/hから55km/hに低下する,48.5,48.5,1,0.0,先行列車なし,0,,0,0,0,後続列車なし,該当なし,該当なし,0,0,0,30,240,,,
134.0,crawl_s1_30,1,2.012756,次駅への減速フェーズ（駅手前400m以内）,制動,5.8,力行,0.0,5.87,13.83,70.0,70.0,70.0,13.8,65.2,60.3,勾配力行 ↔ 惰行,惰行,13.8,-0.0,,75.0,70.0,70.0,,9.7,0.0,9.86,-0.11,3.0,-0.203,3.17,当面+3.0‰が続く,349m先でATC現示が70km/hから55km/hに低下する,49.0,49.0,1,0.0,先行列車なし,0,,0,0,0,後続列車なし,該当なし,該当なし,0,0,0,30,240,,,
134.5,crawl_s1_30,1,2.014581,次駅への減速フェーズ（駅手前400m以内）,制動,6.3,力行,0.0,5.87,12.48,70.0,70.0,70.0,12.5,65.2,60.3,勾配力行 ↔ 惰行,惰行,12.5,-0.0,,75.0,70.0,70.0,,7.9,0.0,8.03,-0.11,3.0,-0.201,3.173,当面+3.0‰が続く,347m先でATC現示が70km/hから55km/hに低下する,49.5,49.5,1,0.0,先行列車なし,0,,0,0,0,後続列車なし,該当なし,該当なし,0,0,0,30,240,,,
135.0,crawl_s1_30,1,2.016218,次駅への減速フェーズ（駅手前400m以内）,制動,6.8,力行,0.0,5.87,11.13,70.0,70.0,70.0,11.1,65.2,60.3,勾配力行 ↔ 惰行,惰行,11.1,-0.0,,75.0,70.0,70.0,,6.3,0.0,6.39,-0.11,3.0,-0.198,3.176,当面+3.0‰が続く,346m先でATC現示が70km/hから55km/hに低下する,50.0,50.0,1,0.0,先行列車なし,0,,0,0,0,後続列車なし,該当なし,該当なし,0,0,0,30,240,,,
135.5,crawl_s1_30,1,2.017668,次駅への減速フェーズ（駅手前400m以内）,制動,7.3,力行,0.0,5.87,9.78,70.0,70.0,70.0,9.8,65.2,60.4,勾配力行 ↔ 惰行,惰行,9.8,-0.0,,75.0,70.0,70.0,,4.8,0.0,4.94,-0.11,3.0,-0.195,3.178,当面+3.0‰が続く,344m先でATC現示が70km/hから55km/hに低下する,50.5,50.5,1,0.0,先行列車なし,0,,0,0,0,後続列車なし,該当なし,該当なし,0,0,0,30,240,,,
136.0,crawl_s1_30,1,2.018931,次駅への減速フェーズ（駅手前400m以内）,制動,7.8,力行,0.0,5.87,8.43,70.0,70.0,70.0,8.4,65.2,60.4,勾配力行 ↔ 惰行,惰行,8.4,-0.0,,75.0,70.0,70.0,,3.6,0.0,3.67,-0.1,3.0,-0.193,3.181,当面+3.0‰が続く,343m先でATC現示が70km/hから55km/hに低下する,51.0,51.0,1,0.0,先行列車なし,0,,0,0,0,後続列車なし,該当なし,該当なし,0,0,0,30,240,,,
136.5,crawl_s1_30,1,2.020007,次駅への減速フェーズ（駅手前400m以内）,制動,8.3,力行,0.0,5.87,7.09,70.0,70.0,70.0,7.1,65.2,60.4,勾配力行 ↔ 惰行,惰行,7.1,-0.0,,75.0,70.0,70.0,,2.5,0.0,2.6,-0.1,3.0,-0.191,3.183,当面+3.0‰が続く,342m先でATC現示が70km/hから55km/hに低下する,51.5,51.5,1,0.0,先行列車なし,0,,0,0,0,後続列車なし,該当なし,該当なし,0,0,0,30,240,,,
137.0,crawl_s1_30,1,2.020896,次駅への減速フェーズ（駅手前400m以内）,制動,8.8,力行,0.0,5.87,5.74,70.0,70.0,70.0,5.8,65.2,60.4,勾配力行 ↔ 惰行,惰行,5.8,-0.0,,75.0,70.0,70.0,,1.6,0.0,1.7,-0.1,3.0,-0.188,3.185,当面+3.0‰が続く,341m先でATC現示が70km/hから55km/hに低下する,52.0,52.0,1,0.0,先行列車なし,0,,0,0,0,後続列車なし,該当なし,該当なし,0,0,0,30,240,,,
137.5,crawl_s1_30,1,2.021598,次駅への減速フェーズ（駅手前400m以内）,制動,9.3,力行,0.0,5.87,4.4,70.0,70.0,70.0,4.4,65.2,60.4,勾配力行 ↔ 惰行,惰行,4.4,-0.0,,75.0,70.0,70.0,,0.9,0.0,1.0,-0.1,3.0,-0.186,3.188,当面+3.0‰が続く,340m先でATC現示が70km/hから55km/hに低下する,52.5,52.5,1,0.0,先行列車なし,0,,0,0,0,後続列車なし,該当なし,該当なし,0,0,0,30,240,,,
138.0,crawl_s1_30,1,2.022113,次駅への減速フェーズ（駅手前400m以内）,制動,9.8,力行,0.0,5.87,3.06,70.0,70.0,70.0,3.1,65.2,60.4,勾配力行 ↔ 惰行,惰行,3.1,-0.0,,75.0,70.0,70.0,,0.4,0.0,0.48,-0.1,3.0,-0.184,3.19,当面+3.0‰が続く,340m先でATC現示が70km/hから55km/hに低下する,53.0,53.0,1,0.0,先行列車なし,0,,0,0,0,後続列車なし,該当なし,該当なし,0,0,0,30,240,,,
138.5,crawl_s1_30,1,2.022443,次駅への減速フェーズ（駅手前400m以内）,制動,10.3,力行,0.0,5.87,1.71,70.0,70.0,70.0,1.8,65.2,60.4,勾配力行 ↔ 惰行,惰行,1.8,-0.1,,75.0,70.0,70.0,,0.1,0.0,0.15,-0.09,3.0,-0.182,3.192,当面+3.0‰が続く,339m先でATC現示が70km/hから55km/hに低下する,53.5,53.5,1,0.0,先行列車なし,0,,0,0,0,後続列車なし,該当なし,該当なし,0,0,0,30,240,,,
139.0,crawl_s1_30,1,2.022586,駅停車完了（速度0km/h）,制動,10.8,力行,0.0,5.87,0.37,70.0,70.0,70.0,1.5,65.2,60.5,勾配力行 ↔ 惰行,惰行,1.5,-1.1,,75.0,0.0,0.0,,-0.1,0.0,0.01,-0.09,3.0,-0.18,3.194,当面+3.0‰が続く,339m先でATC現示が70km/hから55km/hに低下する,54.0,54.0,1,0.0,先行列車なし,0,,0,0,0,後続列車なし,該当なし,該当なし,0,0,0,30,240,,,
0.0,power_on_downgrade_s0,0,0.0,駅出発直後の加速フェーズ（20秒以内）,力行,0.0,なし（または停止）,0.0,0.0,0.0,45.0,45.0,45.0,0.0,39.8,34.5,惰行 ↔ 勾配ブレーキ,惰行,0.0,0.0,49.4,75.0,45.0,45.0,,964.5,80.0,0.0,964.5,-5.0,0.103,3.476,80m先で勾配が-5.0‰から-14.2‰に変わる,前方に現示の低下なし,0.0,0.0,1,80.0,先行列車なし,0,,0,0,0,後続列車なし,該当なし,該当なし,0,0,0,30,240,,,
1.0,power_on_downgrade_s0,0,0.000487,駅出発直後の加速フェーズ（20秒以内）,力行,1.0,なし（または停止）,0.0,0.0,3.47,45.0,45.0,45.0,3.5,39.8,34.5,惰行 ↔ 勾配ブレーキ,惰行,3.5,-0.0,50.2,75.0,45.0,45.0,,964.0,79.0,0.7,963.31,-5.0,0.098,3.471,80m先で勾配が-5.0‰から-14.2‰に変わる,前方に現示の低下なし,0.0,0.0,1,79.0,先行列車なし,0,,0,0,0,後続列車なし,該当なし,該当なし,0,0,0,30,240,,,
2.0,power_on_downgrade_s0,0,0.001939,駅出発直後の加速フェーズ（20秒以内）,力行,2.0,なし（または停止）,0.0,0.0,6.94,45.0,45.0,45.0,6.9,39.8,34.5,惰行 ↔ 勾配ブレーキ,惰行,6.9,-0.0,51.0,75.0,45.0,45.0,,962.6,78.0,2.78,959.78,-5.0,0.092,3.466,80m先で勾配が-5.0‰から-14.2‰に変わる,前方に現示の低下なし,0.0,0.0,1,78.0,先行列車なし,0,,0,0,0,後続列車なし,該当なし,該当なし,0,0,0,30,240,,,
3.0,power_on_downgrade_s0,0,0.004353,駅出発直後の加速フェーズ（20秒以内）,力行,3.0,なし（または停止）,0.0,0.0,10.4,45.0,45.0,45.0,10.4,39.8,34.5,惰行 ↔ 勾配ブレーキ,惰行,10.4,-0.0,51.8,75.0,45.0,45.0,,960.1,77.0,6.24,953.9,-5.0,0.086,3.459,75m先で勾配が-5.0‰から-14.2‰に変わる,前方に現示の低下なし,0.0,0.0,1,77.0,先行列車なし,0,,0,0,0,後続列車なし,該当なし,該当なし,0,0,0,30,240,,,
4.0,power_on_downgrade_s0,0,0.007729,駅出発直後の加速フェーズ（20秒以内）,力行,4.0,なし（または停止）,0.0,0.0,13.86,45.0,45.0,45.0,13.9,39.8,34.5,惰行 ↔ 勾配ブレーキ,惰行,13.9,0.0,52.3,75.0,45.0,45.0,,956.8,76.0,11.06,945.71,-5.0,0.079,3.453,70m先で勾配が-5.0‰から-14.2‰に変わる,前方に現示の低下なし,0.0,0.0,1,76.0,先行列車なし,0,,0,0,0,後続列車なし,該当なし,該当なし,0,0,0,30,240,,,
5.0,power_on_downgrade_s0,0,0.012063,駅出発直後の加速フェーズ（20秒以内）,力行,5.0,なし（または停止）,0.0,0.0,17.31,45.0,45.0,45.0,17.3,39.8,34.5,惰行 ↔ 勾配ブレーキ,惰行,17.3,0.0,53.0,75.0,45.0,45.0,,952.4,75.0,17.22,935.22,-5.0,0.072,3.445,70m先で勾配が-5.0‰から-14.2‰に変わる,前方に現示の低下なし,0.0,0.0,1,75.0,先行列車なし,0,,0,0,0,後続列車なし,該当なし,該当なし,0,0,0,30,240,,,
6.0,power_on_downgrade_s0,0,0.017354,駅出発直後の加速フェーズ（20秒以内）,力行,6.0,なし（または停止）,0.0,0.0,20.75,70.0,70.0,70.0,20.8,64.8,59.6,惰行 ↔ 勾配ブレーキ,惰行,20.8,-0.0,53.4,75.0,56.9,56.9,,947.1,74.0,24.7,922.45,-5.0,0.064,3.437,65m先で勾配が-5.0‰から-14.2‰に変わる,前方に現示の低下なし,0.0,0.0,1,74.0,先行列車なし,0,,0,0,0,後続列車なし,該当なし,該当なし,0,0,0,30,240,,,
7.0,power_on_downgrade_s0,0,0.0236,駅出発直後の加速フェーズ（20秒以内）,力行,7.0,なし（または停止）,0.0,0.0,24.18,70.0,70.0,70.0,24.2,64.9,59.6,惰行 ↔ 勾配ブレーキ,惰行,24.2,-0.0,54.2,75.0,56.9,56.9,,940.9,73.0,33.48,907.42,-5.0,0.055,3.429,55m先で勾配が-5.0‰から-14.2‰に変わる,前方に現示の低下なし,0.0,0.0,1,73.0,先行列車なし,0,,0,0,0,後続列車なし,該当なし,該当なし,0,0,0,30,240,,,
8.0,power_on_downgrade_s0,0,0.030799,駅出発直後の加速フェーズ（20秒以内）,力行,8.0,なし（または停止）,0.0,0.0,27.61,70.0,70.0,70.0,27.6,64.9,64.3,惰行 ↔ 勾配ブレーキ,惰行,27.6,0.0,54.5,75.0,56.9,56.9,,933.7,72.0,43.53,890.17,-5.0,0.046,3.42,50m先で勾配が-5.0‰から-14.2‰に変わる,前方に現示の低下なし,0.0,0.0,1,72.0,先行列車なし,0,,0,0,0,後続列車なし,該当なし,該当なし,0,0,0,30,240,,,
9.0,power_on_downgrade_s0,0,0.038947,駅出発直後の加速フェーズ（20秒以内）,力行,9.0,なし（または停止）,0.0,0.0,31.02,70.0,70.0,70.0,31.0,64.9,59.9,惰行 ↔ 勾配ブレーキ,惰行,31.0,-0.0,55.1,75.0,56.9,56.9,,925.6,71.0,57.36,868.2,-5.0,0.037,3.41,40m先で勾配が-5.0‰から-14.2‰に変わる,前方に現示の低下なし,0.0,0.0,1,71.0,先行列車なし,0,,0,0,0,後続列車なし,該当なし,該当なし,0,0,0,30,240,,,
10.0,power_on_downgrade_s0,0,0.048043,駅出発直後の加速フェーズ（20秒以内）,力行,10.0,なし（または停止）,0.0,0.0,34.43,70.0,70.0,70.0,34.4,64.9,60.3,惰行 ↔ 勾配ブレーキ,惰行,34.4,0.0,55.7,75.0,56.9,56.9,,916.5,70.0,73.2,843.25,-5.0,0.027,3.4,30m先で勾配が-5.0‰から-14.2‰に変わる,前方に現示の低下なし,0.0,0.0,1,70.0,先行列車なし,0,,0,0,0,後続列車なし,該当なし,該当なし,0,0,0,30,240,,,
11.0,power_on_downgrade_s0,0,0.058083,駅出発直後の加速フェーズ（20秒以内）,力行,11.0,なし（または停止）,0.0,0.0,37.82,70.0,70.0,70.0,37.8,64.9,60.6,惰行 ↔ 勾配ブレーキ,惰行,37.8,-0.0,56.0,75.0,56.9,56.9,,906.4,69.0,90.54,815.88,-5.0,0.016,3.39,20m先で勾配が-5.0‰から-14.2‰に変わる,前方に現示の低下なし,0.0,0.0,1,69.0,先行列車なし,0,,0,0,0,後続列車なし,該当なし,該当なし,0,0,0,30,240,,,
12.0,power_on_downgrade_s0,0,0.069064,駅出発直後の加速フェーズ（20秒以内）,力行,12.0,なし（または停止）,0.0,0.0,41.19,70.0,70.0,70.0,41.2,65.1,61.1,惰行 ↔ 勾配ブレーキ,惰行,41.2,-0.0,56.5,75.0,56.9,56.9,,895.4,68.0,109.65,785.79,-5.0,0.005,3.281,10m先で勾配が-5.0‰から-14.2‰に変わる,前方に現示の低下なし,0.0,0.0,1,68.0,先行列車なし,0,,0,0,0,後続列車なし,該当なし,該当なし,0,0,0,30,240,,,
13.0,power_on_downgrade_s0,0,0.080959,駅出発直後の加速フェーズ（20秒以内）,力行,13.0,なし（または停止）,0.0,0.0,44.44,70.0,70.0,70.0,44.4,65.0,61.3,惰行 ↔ 勾配ブレーキ,惰行,44.4,0.0,56.6,75.0,56.9,56.9,,883.5,67.0,129.84,753.7,-14.2,0.318,3.355,90m先で勾配が-14.2‰から-16.3‰に変わる,前方に現示の低下なし,0.0,0.0,1,67.0,先行列車なし,0,,0,0,0,後続列車なし,該当なし,該当なし,0,0,0,30,240,,,
14.0,power_on_downgrade_s0,0,0.093763,駅出発直後の加速フェーズ（20秒以内）,力行,14.0,なし（または停止）,0.0,0.0,47.68,70.0,70.0,70.0,47.7,65.3,61.6,惰行 ↔ 勾配ブレーキ,惰行,47.7,0.0,56.9,75.0,56.9,56.9,,870.7,66.0,149.97,720.77,-14.2,0.307,3.137,75m先で勾配が-14.2‰から-16.3‰に変わる,前方に現示の低下なし,0.0,0.0,1,66.0,先行列車なし,0,,0,0,0,後続列車なし,該当なし,該当なし,0,0,0,30,240,,,
15.0,power_on_downgrade_s0,0,0.107439,駅出発直後の加速フェーズ（20秒以内）,力行,15.0,なし（または停止）,0.0,0.0,50.73,70.0,70.0,70.0,48.9,65.6,61.9,惰行 ↔ 勾配ブレーキ,惰行,48.9,1.8,56.9,75.0,56.9,56.9,,857.1,65.0,170.04,687.02,-14.2,0.295,2.956,65m先で勾配が-14.2‰から-16.3‰に変わる,前方に現示の低下なし,0.0,0.0,1,65.0,先行列車なし,0,,0,0,0,後続列車なし,該当なし,該当なし,0,0,0,30,240,,,
16.0,power_on_downgrade_s0,0,0.121936,駅出発直後の加速フェーズ（20秒以内）,力行,16.0,なし（または停止）,0.0,0.0,53.6,75.0,75.0,70.0,49.2,65.8,62.1,惰行 ↔ 勾配ブレーキ,惰行,49.2,4.4,57.0,75.0,56.9,56.9,,842.6,64.0,190.1,652.46,-14.2,0.284,2.802,50m先で勾配が-14.2‰から-16.3‰に変わる,前方に現示の低下なし,0.0,0.0,1,64.0,先行列車なし,0,,0,0,0,後続列車なし,該当なし,該当なし,0,0,0,30,240,,,
17.0,power_on_downgrade_s0,0,0.137213,駅出発直後の加速フェーズ（20秒以内）,力行,17.0,なし（または停止）,0.0,0.0,56.34,75.0,75.0,75.0,49.6,71.0,67.4,惰行 ↔ 勾配ブレーキ,惰行,49.6,6.8,57.1,75.0,56.9,56.9,,827.3,63.0,210.09,617.2,-14.2,0.273,2.669,35m先で勾配が-14.2‰から-16.3‰に変わる,前方に現示の低下なし,0.0,0.0,1,63.0,先行列車なし,0,,0,0,0,後続列車なし,該当なし,該当なし,0,0,0,30,240,,,
18.0,power_on_downgrade_s0,0,0.153231,駅出発直後の加速フェーズ（20秒以内）,力行,18.0,なし（または停止）,0.0,0.0,58.95,75.0,75.0,75.0,49.9,71.2,67.8,惰行 ↔ 勾配ブレーキ,惰行,49.9,9.0,57.3,75.0,58.9,58.9,,811.3,62.0,230.01,581.26,-14.2,0.263,2.552,15m先で勾配が-14.2‰から-16.3‰に変わる,前方に現示の低下なし,0.0,0.0,1,62.0,先行列車なし,0,,0,0,0,後続列車なし,該当なし,該当なし,0,0,0,30,240,,,
19.0,power_on_downgrade_s0,0,0.169959,駅出発直後の加速フェーズ（20秒以内）,力行,19.0,なし（または停止）,0.0,0.0,61.46,75.0,75.0,75.0,50.3,71.2,67.9,惰行 ↔ 勾配ブレーキ,惰行,50.3,11.2,57.4,75.0,61.5,61.5,,794.5,61.0,249.86,544.68,-16.3,0.326,2.522,540m先で勾配が-16.3‰から+2.0‰に変わる,前方に現示の低下なし,0.0,0.0,1,61.0,先行列車なし,0,,0,0,0,後続列車なし,該当なし,該当なし,0,0,0,30,240,,,
20.0,power_on_downgrade_s0,0,0.18738,巡航フェーズ（駅間走行中）,力行,20.0,なし（または停止）,0.0,0.0,63.93,75.0,75.0,75.0,50.7,71.4,68.1,惰行 ↔ 勾配ブレーキ,惰行,50.7,13.2,56.9,75.0,63.9,63.9,,777.1,60.0,269.62,507.5,-16.3,0.315,2.426,525m先で勾配が-16.3‰から+2.0‰に変わる,前方に現示の低下なし,0.0,0.0,1,60.0,先行列車なし,0,,0,0,0,後続列車なし,該当なし,該当なし,0,0,0,30,240,,,
21.0,power_on_downgrade_s0,0,0.205475,巡航フェーズ（駅間走行中）,力行,21.0,なし（または停止）,0.0,0.0,66.31,75.0,75.0,75.0,51.2,71.5,68.2,惰行 ↔ 勾配ブレーキ,惰行,51.2,15.1,56.8,75.0,66.3,66.3,,759.0,59.0,289.3,469.72,-16.3,0.304,2.339,505m先で勾配が-16.3‰から+2.0‰に変わる,前方に現示の低下なし,0.0,0.0,1,59.0,先行列車なし,0,,0,0,0,後続列車なし,該当なし,該当なし,0,0,0,30,240,,,
22.0,power_on_downgrade_s0,0,0.22422,巡航フェーズ（駅間走行中）,力行,22.0,なし（または停止）,0.0,0.0,68.61,75.0,75.0,75.0,51.7,71.6,68.3,惰行 ↔ 勾配ブレーキ,惰行,51.7,16.9,56.9,75.0,68.6,68.6,,740.3,58.0,308.88,431.4,-16.3,0.294,2.261,485m先で勾配が-16.3‰から+2.0‰に変わる,前方に現示の低下なし,0.0,0.0,1,58.0,先行列車なし,0,,0,0,0,後続列車なし,該当なし,該当なし,0,0,0,30,240,,,
23.0,power_on_downgrade_s0,0,0.243593,巡航フェーズ（駅間走行中）,力行,23.0,なし（または停止）,0.0,0.0,70.84,75.0,75.0,75.0,52.2,71.7,68.4,惰行 ↔ 勾配ブレーキ,惰行,52.2,18.7,56.0,75.0,70.8,70.8,,720.9,57.0,328.37,392.54,-16.3,0.283,2.188,465m先で勾配が-16.3‰から+2.0‰に変わる,前方に現示の低下なし,0.0,0.0,1,57.0,先行列車なし,0,,0,0,0,後続列車なし,該当なし,該当なし,0,0,0,30,240,,,
24.0,power_on_downgrade_s0,0,0.263574,巡航フェーズ（駅間走行中）,力行,24.0,なし（または停止）,0.0,0.0,72.99,75.0,75.0,75.0,52.7,71.8,68.5,惰行 ↔ 勾配ブレーキ,惰行,52.7,20.3,56.0,75.0,73.0,73.0,,700.9,56.0,347.74,353.18,-16.3,0.273,2.122,445m先で勾配が-16.3‰から+2.0‰に変わる,前方に現示の低下なし,0.0,0.0,1,56.0,先行列車なし,0,,0,0,0,後続列車なし,該当なし,該当なし,0,0,0,30,240,,,
25.0,power_on_downgrade_s0,0,0.284134,巡航フェーズ（駅間走行中）,勾配ブレーキ,0.0,力行,0.0,2.73,74.7,75.0,75.0,75.0,53.2,71.9,68.6,惰行 ↔ 勾配ブレーキ,惰行,53.2,21.5,55.1,75.0,74.7,74.7,,680.4,55.0,363.46,316.91,-16.3,0.265,2.071,425m先で勾配が-16.3‰から+2.0‰に変わる,前方に現示の低下なし,0.0,0.0,1,55.0,先行列車なし,0,,0,0,0,後続列車なし,該当なし,該当なし,0,0,0,30,240,,,
26.0,power_on_downgrade_s0,0,0.304886,巡航フェーズ（駅間走行中）,力行,0.0,勾配ブレーキ,0.0,2.73,74.7,75.0,75.0,75.0,53.7,71.9,68.6,惰行 ↔ 勾配ブレーキ,惰行,53.7,21.0,55.1,75.0,74.7,74.7,,659.6,54.0,363.42,296.19,-16.3,0.265,2.071,405m先で勾配が-16.3‰から+2.0‰に変わる,前方に現示の低下なし,0.0,0.0,1,54.0,先行列車なし,0,,0,0,0,後続列車なし,該当なし,該当なし,0,0,0,30,240,,,
27.0,power_on_downgrade_s0,0,0.325638,巡航フェーズ（駅間走行中）,力行,0.0,勾配ブレーキ,0.0,2.73,74.69,75.0,75.0,75.0,54.2,71.9,68.6,惰行 ↔ 勾配ブレーキ,惰行,54.2,20.5,53.9,75.0,74.7,74.7,,638.9,53.0,363.38,275.48,-16.3,0.265,2.071,385m先で勾配が-16.3‰から+2.0‰に変わる,前方に現示の低下なし,0.0,0.0,1,53.0,先行列車なし,0,,0,0,0,後続列車なし,該当なし,該当なし,0,0,0,30,240,,,
28.0,power_on_downgrade_s0,0,0.34639,巡航フェーズ（駅間走行中）,勾配ブレーキ,0.0,力行,0.0,2.73,74.72,75.0,75.0,75.0,54.7,71.9,68.6,惰行 ↔ 勾配ブレーキ,惰行,54.7,20.0,53.3,75.0,74.7,74.7,,618.1,52.0,362.99,255.12,-16.3,0.265,2.071,365m先で勾配が-16.3‰から+2.0‰に変わる,前方に現示の低下なし,0.0,0.0,1,52.0,先行列車なし,0,,0,0,0,後続列車なし,該当なし,該当なし,0,0,0,30,240,,,
29.0,power_on_downgrade_s0,0,0.367142,巡航フェーズ（駅間走行中）,勾配ブレーキ,0.0,力行,0.0,2.73,74.71,75.0,75.0,75.0,55.2,71.9,68.6,惰行 ↔ 勾配ブレーキ,惰行,55.2,19.6,52.4,75.0,74.7,74.7,,597.4,51.0,358.03,239.33,-16.3,0.265,2.071,345m先で勾配が-16.3‰から+2.0‰に変わる,前方に現示の低下なし,0.0,0.0,1,51.0,先行列車なし,0,,0,0,0,後続列車なし,該当なし,該当なし,0,0,0,30,240,,,
30.0,power_on_downgrade_s0,0,0.387894,巡航フェーズ（駅間走行中）,勾配ブレーキ,0.0,力行,0.0,2.73,74.71,75.0,75.0,75.0,55.6,71.9,68.6,惰行 ↔ 勾配ブレーキ,惰行,55.6,19.1,52.3,75.0,74.7,74.7,,576.6,50.0,353.02,223.59,-16.3,0.265,2.071,320m先で勾配が-16.3‰から+2.0‰に変わる,前方に現示の低下なし,0.0,0.0,1,50.0,先行列車なし,0,,0,0,0,後続列車なし,該当なし,該当なし,0,0,0,30,240,,,
31.0,power_on_downgrade_s0,0,0.408646,巡航フェーズ（駅間走行中）,勾配ブレーキ,0.0,力行,0.0,2.73,74.7,75.0,75.0,75.0,56.1,71.9,68.6,惰行 ↔ 勾配ブレーキ,惰行,56.1,18.6,51.4,75.0,74.7,74.7,,555.9,49.0,348.02,207.84,-16.3,0.265,2.071,300m先で勾配が-16.3‰から+2.0‰に変わる,前方に現示の低下なし,0.0,0.0,1,49.0,先行列車なし,0,,0,0,0,後続列車なし,該当なし,該当なし,0,0,0,30,240,,,
32.0,power_on_downgrade_s0,0,0.429398,巡航フェーズ（駅間走行中）,力行,0.0,勾配ブレーキ,0.0,2.73,74.7,75.0,75.0,75.0,56.6,71.9,68.6,惰行 ↔ 勾配ブレーキ,惰行,56.6,18.1,50.4,75.0,74.7,74.7,,535.1,48.0,342.97,192.13,-16.3,0.265,2.071,280m先で勾配が-16.3‰から+2.0‰に変わる,前方に現示の低下なし,0.0,0.0,1,48.0,先行列車なし,0,,0,0,0,後続列車なし,該当なし,該当なし,0,0,0,30,240,,,
33.0,power_on_downgrade_s0,0,0.45015,巡航フェーズ（駅間走行中）,力行,0.0,勾配ブレーキ,0.0,2.73,74.7,75.0,75.0,75.0,57.0,71.9,68.6,惰行 ↔ 勾配ブレーキ,惰行,57.0,17.7,49.4,75.0,74.7,74.7,,514.4,47.0,338.22,176.13,-16.3,0.265,2.071,260m先で勾配が-16.3‰から+2.0‰に変わる,前方に現示の低下なし,0.0,0.0,1,47.0,先行列車なし,0,,0,0,0,後続列車なし,該当なし,該当なし,0,0,0,30,240,,,
34.0,power_on_downgrade_s0,0,0.470902,巡航フェーズ（駅間走行中）,勾配ブレーキ,0.0,力行,0.0,2.73,74.72,75.0,75.0,75.0,57.5,71.9,68.6,惰行 ↔ 勾配ブレーキ,惰行,57.5,17.3,48.4,75.0,74.7,74.7,,493.6,46.0,333.57,160.03,-16.3,0.265,2.071,240m先で勾配が-16.3‰から+2.0‰に変わる,前方に現示の低下なし,0.0,0.0,1,46.0,先行列車なし,0,,0,0,0,後続列車なし,該当なし,該当なし,0,0,0,30,240,,,
35.0,power_on_downgrade_s0,0,0.491654,巡航フェーズ（駅間走行中）,勾配ブレーキ,0.0,力行,0.0,2.73,74.71,75.0,75.0,75.0,57.9,71.9,68.6,惰行 ↔ 勾配ブレーキ,惰行,57.9,16.8,47.3,75.0,74.7,74.7,,472.8,45.0,328.68,144.17,-16.3,0.265,2.071,220m先で勾配が-16.3‰から+2.0‰に変わる,前方に現示の低下なし,0.0,0.0,1,45.0,先行列車なし,0,,0,0,0,後続列車なし,該当なし,該当なし,0,0,0,30,240,,,
36.0,power_on_downgrade_s0,0,0.512406,巡航フェーズ（駅間走行中）,勾配ブレーキ,0.0,力行,0.0,2.73,74.71,75.0,75.0,75.0,58.3,71.9,68.6,惰行 ↔ 勾配ブレーキ,惰行,58.3,16.4,46.4,75.0,74.7,74.7,,452.1,44.0,323.85,128.25,-16.3,0.265,2.071,200m先で勾配が-16.3‰から+2.0‰に変わる,前方に現示の低下なし,0.0,0.0,1,44.0,先行列車なし,0,,0,0,0,後続列車なし,該当なし,該当なし,0,0,0,30,240,,,
37.0,power_on_downgrade_s0,0,0.533157,巡航フェーズ（駅間走行中）,勾配ブレーキ,0.0,力行,0.0,2.73,74.71,75.0,75.0,75.0,58.8,71.9,68.6,惰行 ↔ 勾配ブレーキ,惰行,58.8,15.9,45.6,75.0,74.7,74.7,,431.3,43.0,318.74,112.6,-16.3,0.265,2.071,175m先で勾配が-16.3‰から+2.0‰に変わる,前方に現示の低下なし,0.0,0.0,1,43.0,先行列車なし,0,,0,0,0,後続列車なし,該当なし,該当なし,0,0,0,30,240,,,
38.0,power_on_downgrade_s0,0,0.553909,巡航フェーズ（駅間走行中）,勾配ブレーキ,0.0,力行,0.0,2.73,74.7,75.0,75.0,75.0,59.2,71.9,68.6,惰行 ↔ 勾配ブレーキ,惰行,59.2,15.5,44.6,75.0,74.7,74.7,,410.6,42.0,314.22,96.38,-16.3,0.265,2.071,155m先で勾配が-16.3‰から+2.0‰に変わる,前方に現示の低下なし,0.0,0.0,1,42.0,先行列車なし,0,,0,0,0,後続列車なし,該当なし,該当なし,0,0,0,30,240,,,
39.0,power_on_downgrade_s0,0,0.574661,次駅への減速フェーズ（駅手前400m以内）,力行,0.0,勾配ブレーキ,0.0,2.73,74.7,75.0,75.0,75.0,59.6,71.9,68.6,惰行 ↔ 勾配ブレーキ,惰行,59.6,15.1,,75.0,74.7,74.7,,389.8,41.0,309.07,80.77,-16.3,0.265,2.071,135m先で勾配が-16.3‰から+2.0‰に変わる,前方に現示の低下なし,0.0,0.0,1,41.0,先行列車なし,0,,0,0,0,後続列車なし,該当なし,該当なし,0,0,0,30,240,,,
40.0,power_on_downgrade_s0,0,0.595413,次駅への減速フェーズ（駅手前400m以内）,勾配ブレーキ,0.0,力行,0.0,2.73,74.72,75.0,75.0,75.0,60.0,71.9,68.6,惰行 ↔ 勾配ブレーキ,惰行,60.0,14.7,,75.0,74.7,74.7,,369.1,40.0,304.82,64.27,-16.3,0.265,2.071,115m先で勾配が-16.3‰から+2.0‰に変わる,前方に現示の低下なし,0.0,0.0,1,40.0,先行列車なし,0,,0,0,0,後続列車なし,該当なし,該当なし,0,0,0,30,240,,,
41.0,power_on_downgrade_s0,0,0.616165,次駅への減速フェーズ（駅手前400m以内）,勾配ブレーキ,0.0,力行,0.0,2.73,74.72,75.0,75.0,75.0,60.4,71.9,68.6,惰行 ↔ 勾配ブレーキ,惰行,60.4,14.3,,75.0,74.7,74.7,,348.3,39.0,299.76,48.58,-16.3,0.265,2.071,95m先で勾配が-16.3‰から+2.0‰に変わる,前方に現示の低下なし,0.0,0.0,1,39.0,先行列車なし,0,,0,0,0,後続列車なし,該当なし,該当なし,0,0,0,30,240,,,
42.0,power_on_downgrade_s0,0,0.636917,次駅への減速フェーズ（駅手前400m以内）,勾配ブレーキ,0.0,力行,0.0,2.73,74.71,75.0,75.0,75.0,60.9,71.9,68.6,惰行 ↔ 勾配ブレーキ,惰行,60.9,13.9,,75.0,74.7,74.7,,327.6,38.0,295.01,32.58,-16.3,0.265,2.071,75m先で勾配が-16.3‰から+2.0‰に変わる,前方に現示の低下なし,0.0,0.0,1,38.0,先行列車なし,0,,0,0,0,後続列車なし,該当なし,該当なし,0,0,0,30,240,,,
43.0,power_on_downgrade_s0,0,0.657669,次駅への減速フェーズ（駅手前400m以内）,勾配ブレーキ,0.0,力行,0.0,2.73,74.71,75.0,75.0,75.0,61.3,71.9,68.6,惰行 ↔ 勾配ブレーキ,惰行,61.3,13.5,,75.0,74.7,74.7,,306.8,37.0,290.61,16.22,-16.3,0.265,2.071,50m先で勾配が-16.3‰から+2.0‰に変わる,前方に現示の低下なし,0.0,0.0,1,37.0,先行列車なし,0,,0,0,0,後続列車なし,該当なし,該当なし,0,0,0,30,240,,,
44.0,power_on_downgrade_s0,0,0.678421,次駅への減速フェーズ（駅手前400m以内）,勾配ブレーキ,0.0,力行,0.0,2.73,74.7,75.0,75.0,75.0,61.6,71.9,71.3,惰行 ↔ 勾配ブレーキ,惰行,61.6,13.1,,75.0,74.7,74.7,,286.1,36.0,285.61,0.47,-16.3,0.265,2.071,30m先で勾配が-16.3‰から+2.0‰に変わる,993m先でATC現示が75km/hから70km/hに低下する,0.0,0.0,1,36.0,先行列車なし,0,,0,0,0,後続列車なし,該当なし,該当なし,0,0,0,30,240,,,
45.0,power_on_downgrade_s0,0,0.698888,次駅への減速フェーズ（駅手前400m以内）,制動,1.0,勾配ブレーキ,0.0,1.57,72.58,75.0,75.0,75.0,62.0,71.8,65.3,勾配力行 ↔ 惰行,惰行,62.0,10.5,,75.0,75.0,75.0,,265.6,35.0,265.87,-0.26,-16.3,0.275,2.134,10m先で勾配が-16.3‰から+2.0‰に変わる,973m先でATC現示が75km/hから70km/hに低下する,0.0,0.0,1,35.0,先行列車なし,0,,0,0,0,後続列車なし,該当なし,該当なし,0,0,0,30,240,,,
46.0,power_on_downgrade_s0,0,0.718708,次駅への減速フェーズ（駅手前400m以内）,制動,2.0,勾配ブレーキ,0.0,1.55,70.0,75.0,75.0,75.0,62.0,72.6,66.8,勾配力行 ↔ 惰行,惰行,62.0,8.0,,75.0,75.0,75.0,,245.8,34.0,246.0,-0.21,2.0,-0.358,1.57,当面+2.0‰が続く,953m先でATC現示が75km/hから70km/hに低下する,0.0,0.0,1,34.0,先行列車なし,0,,0,0,0,後続列車なし,該当なし,該当なし,0,0,0,30,240,,,
47.0,power_on_downgrade_s0,0,0.737752,次駅への減速フェーズ（駅手前400m以内）,制動,3.0,勾配ブレーキ,0.0,1.54,67.15,75.0,75.0,75.0,61.6,72.5,66.7,勾配力行 ↔ 惰行,惰行,61.6,5.5,,75.0,75.0,75.0,,226.7,33.0,226.95,-0.2,2.0,-0.345,1.665,当面+2.0‰が続く,934m先でATC現示が75km/hから70km/hに低下する,0.0,0.0,1,33.0,先行列車なし,0,,0,0,0,後続列車なし,該当なし,該当なし,0,0,0,30,240,,,
48.0,power_on_downgrade_s0,0,0.756005,次駅への減速フェーズ（駅手前400m以内）,制動,4.0,勾配ブレーキ,0.0,1.53,64.31,75.0,75.0,75.0,61.3,72.4,66.5,勾配力行 ↔ 惰行,惰行,61.3,3.0,,75.0,75.0,75.0,,208.5,32.0,208.69,-0.2,2.0,-0.332,1.766,当面+2.0‰が続く,916m先でATC現示が75km/hから70km/hに低下する,0.0,0.0,1,32.0,先行列車なし,0,,0,0,0,後続列車なし,該当なし,該当なし,0,0,0,30,240,,,
49.0,power_on_downgrade_s0,0,0.773471,次駅への減速フェーズ（駅手前400m以内）,制動,5.0,勾配ブレーキ,0.0,1.51,61.48,75.0,75.0,75.0,61.0,72.2,66.4,勾配力行 ↔ 惰行,惰行,61.0,0.5,,75.0,75.0,75.0,,191.0,31.0,191.22,-0.19,2.0,-0.32,1.875,当面+2.0‰が続く,898m先でATC現示が75km/hから70km/hに低下する,0.0,0.0,1,31.0,先行列車なし,0,,0,0,0,後続列車なし,該当なし,該当なし,0,0,0,30,240,,,
50.0,power_on_downgrade_s0,0,0.790155,次駅への減速フェーズ（駅手前400m以内）,制動,6.0,勾配ブレーキ,0.0,1.5,58.67,75.0,75.0,75.0,58.7,72.0,66.2,勾配力行 ↔ 惰行,惰行,58.7,0.0,,75.0,75.0,75.0,,174.3,30.0,174.54,-0.19,2.0,-0.308,1.992,当面+2.0‰が続く,882m先でATC現示が75km/hから70km/hに低下する,0.0,0.0,1,30.0,先行列車なし,0,,0,0,0,後続列車なし,該当なし,該当なし,0,0,0,30,240,,,
51.0,power_on_downgrade_s0,0,0.806058,次駅への減速フェーズ（駅手前400m以内）,制動,7.0,勾配ブレーキ,0.0,1.49,55.87,75.0,75.0,75.0,55.8,71.8,66.0,勾配力行 ↔ 惰行,惰行,55.8,0.0,,75.0,75.0,75.0,,158.4,29.0,158.63,-0.19,2.0,-0.296,2.119,当面+2.0‰が続く,866m先でATC現示が75km/hから70km/hに低下する,0.0,0.0,1,29.0,先行列車なし,0,,0,0,0,後続列車なし,該当なし,該当なし,0,0,0,30,240,,,
52.0,power_on_downgrade_s0,0,0.821184,次駅への減速フェーズ（駅手前400m以内）,制動,8.0,勾配ブレーキ,0.0,1.48,53.08,75.0,75.0,75.0,53.1,71.6,65.8,勾配力行 ↔ 惰行,惰行,53.1,0.0,,75.0,75.0,75.0,,143.3,28.0,143.5,-0.18,2.0,-0.285,2.257,当面+2.0‰が続く,851m先でATC現示が75km/hから70km/hに低下する,0.0,0.0,1,28.0,先行列車なし,0,,0,0,0,後続列車なし,該当なし,該当なし,0,0,0,30,240,,,
52.5,power_on_downgrade_s0,0,0.828457,次駅への減速フェーズ（駅手前400m以内）,制動,8.5,勾配ブレーキ,0.0,1.47,51.68,75.0,75.0,75.0,51.7,71.5,65.7,勾配力行 ↔ 惰行,惰行,51.7,0.0,,75.0,75.0,75.0,,136.0,27.5,136.22,-0.18,2.0,-0.28,2.331,当面+2.0‰が続く,843m先でATC現示が75km/hから70km/hに低下する,0.0,0.0,1,27.5,先行列車なし,0,,0,0,0,後続列車なし,該当なし,該当なし,0,0,0,30,240,,,
53.0,power_on_downgrade_s0,0,0.835537,次駅への減速フェーズ（駅手前400m以内）,制動,9.0,勾配ブレーキ,0.0,1.47,50.3,75.0,75.0,75.0,50.3,71.4,65.6,勾配力行 ↔ 惰行,惰行,50.3,0.0,,75.0,75.0,75.0,,129.0,27.0,129.14,-0.18,2.0,-0.274,2.409,当面+2.0‰が続く,836m先でATC現示が75km/hから70km/hに低下する,0.0,0.0,1,27.0,先行列車なし,0,,0,0,0,後続列車なし,該当なし,該当なし,0,0,0,30,240,,,
53.5,power_on_downgrade_s0,0,0.842425,次駅への減速フェーズ（駅手前400m以内）,制動,9.5,勾配ブレーキ,0.0,1.46,48.91,75.0,75.0,75.0,48.9,71.3,65.4,勾配力行 ↔ 惰行,惰行,48.9,0.0,,75.0,75.0,75.0,,122.1,26.5,122.25,-0.18,2.0,-0.269,2.49,当面+2.0‰が続く,829m先でATC現示が75km/hから70km/hに低下する,0.0,0.0,1,26.5,先行列車なし,0,,0,0,0,後続列車なし,該当なし,該当なし,0,0,0,30,240,,,
54.0,power_on_downgrade_s0,0,0.849119,次駅への減速フェーズ（駅手前400m以内）,制動,10.0,勾配ブレーキ,0.0,1.46,47.53,75.0,75.0,75.0,47.5,71.1,65.3,勾配力行 ↔ 惰行,惰行,47.5,0.0,,75.0,75.0,75.0,,115.4,26.0,115.55,-0.17,2.0,-0.264,2.575,当面+2.0‰が続く,823m先でATC現示が75km/hから70km/hに低下する,0.0,0.0,1,26.0,先行列車なし,0,,0,0,0,後続列車なし,該当なし,該当なし,0,0,0,30,240,,,
54.5,power_on_downgrade_s0,0,0.855622,次駅への減速フェーズ（駅手前400m以内）,制動,10.5,勾配ブレーキ,0.0,1.45,46.15,75.0,75.0,75.0,46.1,71.0,65.2,勾配力行 ↔ 惰行,惰行,46.1,-0.0,,75.0,75.0,75.0,,108.9,25.5,109.05,-0.17,2.0,-0.259,2.665,当面+2.0‰が続く,816m先でATC現示が75km/hから70km/hに低下する,0.0,0.0,1,25.5,先行列車なし,0,,0,0,0,後続列車なし,該当なし,該当なし,0,0,0,30,240,,,
55.0,power_on_downgrade_s0,0,0.861934,次駅への減速フェーズ（駅手前400m以内）,制動,11.0,勾配ブレーキ,0.0,1.45,44.77,75.0,75.0,75.0,44.8,70.9,65.0,勾配力行 ↔ 惰行,惰行,44.8,-0.0,,75.0,75.0,75.0,,102.6,25.0,102.74,-0.17,2.0,-0.254,2.76,当面+2.0‰が続く,810m先でATC現示が75km/hから70km/hに低下する,0.0,0.0,1,25.0,先行列車なし,0,,0,0,0,後続列車なし,該当なし,該当なし,0,0,0,30,240,,,
55.5,power_on_downgrade_s0,0,0.868054,次駅への減速フェーズ（駅手前400m以内）,制動,11.5,勾配ブレーキ,0.0,1.44,43.39,75.0,75.0,75.0,43.4,70.7,64.9,勾配力行 ↔ 惰行,惰行,43.4,-0.0,,75.0,75.0,75.0,,96.4,24.5,96.61,-0.17,2.0,-0.249,2.861,当面+2.0‰が続く,804m先でATC現示が75km/hから70km/hに低下する,0.0,0.0,1,24.5,先行列車なし,0,,0,0,0,後続列車なし,該当なし,該当なし,0,0,0,30,240,,,
56.0,power_on_downgrade_s0,0,0.873983,次駅への減速フェーズ（駅手前400m以内）,制動,12.0,勾配ブレーキ,0.0,1.44,42.02,75.0,75.0,75.0,42.0,70.5,64.7,勾配力行 ↔ 惰行,惰行,42.0,-0.0,,75.0,75.0,75.0,,90.5,24.0,90.68,-0.17,2.0,-0.245,2.967,当面+2.0‰が続く,798m先でATC現示が75km/hから70km/hに低下する,0.0,0.0,1,24.0,先行列車なし,0,,0,0,0,後続列車なし,該当なし,該当なし,0,0,0,30,240,,,
56.5,power_on_downgrade_s0,0,0.879722,次駅への減速フェーズ（駅手前400m以内）,制動,12.5,勾配ブレーキ,0.0,1.43,40.65,75.0,75.0,75.0,40.7,70.4,64.6,勾配力行 ↔ 惰行,惰行,40.7,-0.0,,75.0,75.0,75.0,,84.8,23.5,84.94,-0.16,2.0,-0.24,3.08,当面+2.0‰が続く,792m先でATC現示が75km/hから70km/hに低下する,0.0,0.0,1,23.5,先行列車なし,0,,0,0,0,後続列車なし,該当なし,該当なし,0,0,0,30,240,,,
57.0,power_on_downgrade_s0,0,0.88527,次駅への減速フェーズ（駅手前400m以内）,制動,13.0,勾配ブレーキ,0.0,1.43,39.28,75.0,75.0,75.0,39.3,70.3,64.5,勾配力行 ↔ 惰行,惰行,39.3,-0.0,,75.0,75.0,75.0,,79.2,23.0,79.39,-0.16,2.0,-0.236,3.138,当面+2.0‰が続く,787m先でATC現示が75km/hから70km/hに低下する,0.0,0.0,1,23.0,先行列車なし,0,,0,0,0,後続列車なし,該当なし,該当なし,0,0,0,30,240,,,
57.5,power_on_downgrade_s0,0,0.890628,次駅への減速フェーズ（駅手前400m以内）,制動,13.5,勾配ブレーキ,0.0,1.43,37.91,75.0,75.0,75.0,37.9,70.3,64.5,勾配力行 ↔ 惰行,惰行,37.9,-0.0,,75.0,75.0,75.0,,73.9,22.5,74.03,-0.16,2.0,-0.231,3.143,当面+2.0‰が続く,781m先でATC現示が75km/hから70km/hに低下する,0.0,0.0,1,22.5,先行列車なし,0,,0,0,0,後続列車なし,該当なし,該当なし,0,0,0,30,240,,,
58.0,power_on_downgrade_s0,0,0.895797,次駅への減速フェーズ（駅手前400m以内）,制動,14.0,勾配ブレーキ,0.0,1.42,36.55,75.0,75.0,75.0,36.6,70.3,64.5,勾配力行 ↔ 惰行,惰行,36.6,-0.0,,75.0,75.0,75.0,,68.7,22.0,68.86,-0.16,2.0,-0.227,3.147,当面+2.0‰が続く,776m先でATC現示が75km/hから70km/hに低下する,0.0,0.0,1,22.0,先行列車なし,0,,0,0,0,後続列車なし,該当なし,該当なし,0,0,0,30,240,,,
58.5,power_on_downgrade_s0,0,0.900776,次駅への減速フェーズ（駅手前400m以内）,制動,14.5,勾配ブレーキ,0.0,1.42,35.18,75.0,75.0,75.0,35.2,70.3,64.5,勾配力行 ↔ 惰行,惰行,35.2,-0.0,,75.0,75.0,75.0,,63.7,21.5,63.88,-0.16,2.0,-0.223,3.151,当面+2.0‰が続く,771m先でATC現示が75km/hから70km/hに低下する,0.0,0.0,1,21.5,先行列車なし,0,,0,0,0,後続列車なし,該当なし,該当なし,0,0,0,30,240,,,
59.0,power_on_downgrade_s0,0,0.905567,次駅への減速フェーズ（駅手前400m以内）,制動,15.0,勾配ブレーキ,0.0,1.41,33.82,75.0,75.0,75.0,33.8,70.3,64.4,勾配力行 ↔ 惰行,惰行,33.8,-0.0,,75.0,75.0,75.0,,58.9,21.0,59.09,-0.15,2.0,-0.219,3.155,当面+2.0‰が続く,766m先でATC現示が75km/hから70km/hに低下する,0.0,0.0,1,21.0,先行列車なし,0,,0,0,0,後続列車なし,該当なし,該当なし,0,0,0,30,240,,,
59.5,power_on_downgrade_s0,0,0.910168,次駅への減速フェーズ（駅手前400m以内）,制動,15.5,勾配ブレーキ,0.0,1.41,32.46,75.0,75.0,75.0,32.5,70.3,64.4,勾配力行 ↔ 惰行,惰行,32.5,-0.0,,75.0,75.0,75.0,,54.3,20.5,54.48,-0.15,2.0,-0.214,3.159,当面+2.0‰が続く,762m先でATC現示が75km/hから70km/hに低下する,0.0,0.0,1,20.5,先行列車なし,0,,0,0,0,後続列車なし,該当なし,該当なし,0,0,0,30,240,,,
60.0,power_on_downgrade_s0,0,0.914581,次駅への減速フェーズ（駅手前400m以内）,制動,16.0,勾配ブレーキ,0.0,1.41,31.11,75.0,75.0,75.0,31.1,70.3,64.4,勾配力行 ↔ 惰行,惰行,31.1,-0.0,,75.0,75.0,75.0,,49.9,20.0,50.07,-0.15,2.0,-0.211,3.163,当面+2.0‰が続く,757m先でATC現示が75km/hから70km/hに低下する,0.0,0.0,1,20.0,先行列車なし,0,,0,0,0,後続列車なし,該当なし,該当なし,0,0,0,30,240,,,
60.5,power_on_downgrade_s0,0,0.918806,次駅への減速フェーズ（駅手前400m以内）,制動,16.5,勾配ブレーキ,0.0,1.4,29.75,75.0,75.0,75.0,29.8,70.2,64.4,勾配力行 ↔ 惰行,惰行,29.8,-0.0,,75.0,75.0,75.0,,45.7,19.5,45.84,-0.15,2.0,-0.207,3.167,当面+2.0‰が続く,753m先でATC現示が75km/hから70km/hに低下する,0.0,0.0,1,19.5,先行列車なし,0,,0,0,0,後続列車なし,該当なし,該当なし,0,0,0,30,240,,,
61.0,power_on_downgrade_s0,0,0.922842,次駅への減速フェーズ（駅手前400m以内）,制動,17.0,勾配ブレーキ,0.0,1.4,28.4,75.0,75.0,75.0,28.4,70.2,64.4,勾配力行 ↔ 惰行,惰行,28.4,-0.0,,75.0,75.0,75.0,,41.7,19.0,41.8,-0.15,2.0,-0.203,3.171,当面+2.0‰が続く,749m先でATC現示が75km/hから70km/hに低下する,0.0,0.0,1,19.0,先行列車なし,0,,0,0,0,後続列車なし,該当なし,該当なし,0,0,0,30,240,,,
61.5,power_on_downgrade_s0,0,0.926691,次駅への減速フェーズ（駅手前400m以内）,制動,17.5,勾配ブレーキ,0.0,1.39,27.05,75.0,75.0,75.0,27.1,70.2,64.4,勾配力行 ↔ 惰行,惰行,27.1,-0.0,,75.0,75.0,75.0,,37.8,18.5,37.95,-0.14,2.0,-0.199,3.174,当面+2.0‰が続く,745m先でATC現示が75km/hから70km/hに低下する,0.0,0.0,1,18.5,先行列車なし,0,,0,0,0,後続列車なし,該当なし,該当なし,0,0,0,30,240,,,
62.0,power_on_downgrade_s0,0,0.930353,次駅への減速フェーズ（駅手前400m以内）,制動,18.0,勾配ブレーキ,0.0,1.39,25.7,75.0,75.0,75.0,25.7,70.2,64.4,勾配力行 ↔ 惰行,惰行,25.7,-0.0,,75.0,75.0,75.0,,34.1,18.0,34.29,-0.14,2.0,-0.196,3.178,当面+2.0‰が続く,741m先でATC現示が75km/hから70km/hに低下する,0.0,0.0,1,18.0,先行列車なし,0,,0,0,0,後続列車なし,該当なし,該当なし,0,0,0,30,240,,,
62.5,power_on_downgrade_s0,0,0.933827,次駅への減速フェーズ（駅手前400m以内）,制動,18.5,勾配ブレーキ,0.0,1.39,24.36,75.0,75.0,75.0,24.4,70.2,64.4,勾配力行 ↔ 惰行,惰行,24.4,-0.0,,75.0,75.0,75.0,,30.7,17.5,30.81,-0.14,2.0,-0.192,3.181,当面+2.0‰が続く,738m先でATC現示が75km/hから70km/hに低下する,0.0,0.0,1,17.5,先行列車なし,0,,0,0,0,後続列車なし,該当なし,該当なし,0,0,0,30,240,,,
63.0,power_on_downgrade_s0,0,0.937115,次駅への減速フェーズ（駅手前400m以内）,制動,19.0,勾配ブレーキ,0.0,1.38,23.01,75.0,75.0,75.0,23.0,70.2,64.4,勾配力行 ↔ 惰行,惰行,23.0,-0.0,,75.0,75.0,75.0,,27.4,17.0,27.52,-0.14,2.0,-0.189,3.185,当面+2.0‰が続く,735m先でATC現示が75km/hから70km/hに低下する,0.0,0.0,1,17.0,先行列車なし,0,,0,0,0,後続列車なし,該当なし,該当なし,0,0,0,30,240,,,
63.5,power_on_downgrade_s0,0,0.940215,次駅への減速フェーズ（駅手前400m以内）,制動,19.5,勾配ブレーキ,0.0,1.38,21.67,75.0,75.0,75.0,21.7,70.2,64.4,勾配力行 ↔ 惰行,惰行,21.7,-0.0,,75.0,75.0,75.0,,24.3,16.5,24.42,-0.14,2.0,-0.186,3.188,当面+2.0‰が続く,732m先でATC現示が75km/hから70km/hに低下する,0.0,0.0,1,16.5,先行列車なし,0,,0,0,0,後続列車なし,該当なし,該当なし,0,0,0,30,240,,,
64.0,power_on_downgrade_s0,0,0.94313,次駅への減速フェーズ（駅手前400m以内）,制動,20.0,勾配ブレーキ,0.0,1.38,20.32,75.0,75.0,75.0,20.3,70.2,64.4,勾配力行 ↔ 惰行,惰行,20.3,-0.0,,75.0,75.0,75.0,,21.4,16.0,21.5,-0.13,2.0,-0.182,3.191,当面+2.0‰が続く,729m先でATC現示が75km/hから70km/hに低下する,0.0,0.0,1,16.0,先行列車なし,0,,0,0,0,後続列車なし,該当なし,該当なし,0,0,0,30,240,,,
64.5,power_on_downgrade_s0,0,0.945858,次駅への減速フェーズ（駅手前400m以内）,制動,20.5,勾配ブレーキ,0.0,1.37,18.98,75.0,75.0,75.0,19.0,70.2,64.4,勾配力行 ↔ 惰行,惰行,19.0,-0.0,,75.0,75.0,75.0,,18.6,15.5,18.77,-0.13,2.0,-0.179,3.194,当面+2.0‰が続く,726m先でATC現示が75km/hから70km/hに低下する,0.0,0.0,1,15.5,先行列車なし,0,,0,0,0,後続列車なし,該当なし,該当なし,0,0,0,30,240,,,
65.0,power_on_downgrade_s0,0,0.948399,次駅への減速フェーズ（駅手前400m以内）,制動,21.0,勾配ブレーキ,0.0,1.37,17.65,75.0,75.0,75.0,17.7,70.2,64.4,勾配力行 ↔ 惰行,惰行,17.7,-0.0,,75.0,75.0,75.0,,16.1,15.0,16.23,-0.13,2.0,-0.176,3.197,当面+2.0‰が続く,723m先でATC現示が75km/hから70km/hに低下する,0.0,0.0,1,15.0,先行列車なし,0,,0,0,0,後続列車なし,該当なし,該当なし,0,0,0,30,240,,,
65.5,power_on_downgrade_s0,0,0.950755,次駅への減速フェーズ（駅手前400m以内）,制動,21.5,勾配ブレーキ,0.0,1.37,16.31,75.0,75.0,75.0,16.3,70.2,64.4,勾配力行 ↔ 惰行,惰行,16.3,-0.0,,75.0,75.0,75.0,,13.7,14.5,13.87,-0.13,2.0,-0.173,3.2,当面+2.0‰が続く,721m先でATC現示が75km/hから70km/hに低下する,0.0,0.0,1,14.5,先行列車なし,0,,0,0,0,後続列車なし,該当なし,該当なし,0,0,0,30,240,,,
66.0,power_on_downgrade_s0,0,0.952926,次駅への減速フェーズ（駅手前400m以内）,制動,22.0,勾配ブレーキ,0.0,1.37,14.97,75.0,75.0,75.0,15.0,70.2,64.4,勾配力行 ↔ 惰行,惰行,15.0,-0.0,,75.0,75.0,75.0,,11.6,14.0,11.7,-0.13,2.0,-0.17,3.203,当面+2.0‰が続く,719m先でATC現示が75km/hから70km/hに低下する,0.0,0.0,1,14.0,先行列車なし,0,,0,0,0,後続列車なし,該当なし,該当なし,0,0,0,30,240,,,
66.5,power_on_downgrade_s0,0,0.954911,次駅への減速フェーズ（駅手前400m以内）,制動,22.5,勾配ブレーキ,0.0,1.36,13.64,75.0,75.0,75.0,13.7,70.2,64.4,勾配力行 ↔ 惰行,惰行,13.7,-0.0,,75.0,75.0,75.0,,9.6,13.5,9.71,-0.12,2.0,-0.168,3.206,当面+2.0‰が続く,717m先でATC現示が75km/hから70km/hに低下する,0.0,0.0,1,13.5,先行列車なし,0,,0,0,0,後続列車なし,該当なし,該当なし,0,0,0,30,240,,,
67.0,power_on_downgrade_s0,0,0.95671,次駅への減速フェーズ（駅手前400m以内）,制動,23.0,勾配ブレーキ,0.0,1.36,12.3,75.0,75.0,75.0,12.3,70.2,64.4,勾配力行 ↔ 惰行,惰行,12.3,-0.0,,75.0,75.0,75.0,,7.8,13.0,7.91,-0.12,2.0,-0.165,3.209,当面+2.0‰が続く,715m先でATC現示が75km/hから70km/hに低下する,0.0,0.0,1,13.0,先行列車なし,0,,0,0,0,後続列車なし,該当なし,該当なし,0,0,0,30,240,,,
67.5,power_on_downgrade_s0,0,0.958325,次駅への減速フェーズ（駅手前400m以内）,制動,23.5,勾配ブレーキ,0.0,1.36,10.97,75.0,75.0,75.0,11.0,70.2,64.4,勾配力行 ↔ 惰行,惰行,11.0,-0.0,,75.0,75.0,75.0,,6.2,12.5,6.3,-0.12,2.0,-0.162,3.211,当面+2.0‰が続く,713m先でATC現示が75km/hから70km/hに低下する,0.0,0.0,1,12.5,先行列車なし,0,,0,0,0,後続列車なし,該当なし,該当なし,0,0,0,30,240,,,
68.0,power_on_downgrade_s0,0,0.959755,次駅への減速フェーズ（駅手前400m以内）,制動,24.0,勾配ブレーキ,0.0,1.35,9.64,75.0,75.0,75.0,9.7,70.2,64.4,勾配力行 ↔ 惰行,惰行,9.7,-0.0,,75.0,75.0,75.0,,4.7,12.0,4.86,-0.12,2.0,-0.16,3.214,当面+2.0‰が続く,712m先でATC現示が75km/hから70km/hに低下する,0.0,0.0,1,12.0,先行列車なし,0,,0,0,0,後続列車なし,該当なし,該当なし,0,0,0,30,240,,,
68.5,power_on_downgrade_s0,0,0.961,次駅への減速フェーズ（駅手前400m以内）,制動,24.5,勾配ブレーキ,0.0,1.35,8.31,75.0,75.0,75.0,8.3,70.2,64.4,勾配力行 ↔ 惰行,惰行,8.3,-0.0,,75.0,75.0,75.0,,3.5,11.5,3.62,-0.12,2.0,-0.157,3.216,当面+2.0‰が続く,711m先でATC現示が75km/hから70km/hに低下する,0.0,0.0,1,11.5,先行列車なし,0,,0,0,0,後続列車なし,該当なし,該当なし,0,0,0,30,240,,,
69.0,power_on_downgrade_s0,0,0.96206,次駅への減速フェーズ（駅手前400m以内）,制動,25.0,勾配ブレーキ,0.0,1.35,6.98,75.0,75.0,75.0,7.0,70.2,64.4,勾配力行 ↔ 惰行,惰行,7.0,-0.0,,75.0,75.0,75.0,,2.4,11.0,2.56,-0.12,2.0,-0.155,3.219,当面+2.0‰が続く,710m先でATC現示が75km/hから70km/hに低下する,0.0,0.0,1,11.0,先行列車なし,0,,0,0,0,後続列車なし,該当なし,該当なし,0,0,0,30,240,,,
69.5,power_on_downgrade_s0,0,0.962936,次駅への減速フェーズ（駅手前400m以内）,制動,25.5,勾配ブレーキ,0.0,1.35,5.66,75.0,75.0,75.0,5.7,70.2,64.3,勾配力行 ↔ 惰行,惰行,5.7,-0.0,,75.0,75.0,75.0,,1.6,10.5,1.68,-0.11,2.0,-0.153,3.221,当面+2.0‰が続く,709m先でATC現示が75km/hから70km/hに低下する,0.0,0.0,1,10.5,先行列車なし,0,,0,0,0,後続列車なし,該当なし,該当なし,0,0,0,30,240,,,
70.0,power_on_downgrade_s0,0,0.963628,次駅への減速フェーズ（駅手前400m以内）,制動,26.0,勾配ブレーキ,0.0,1.35,4.33,75.0,75.0,75.0,4.4,70.2,64.3,勾配力行 ↔ 惰行,惰行,4.4,-0.0,,75.0,75.0,75.0,,0.9,10.0,0.98,-0.11,2.0,-0.151,3.223,当面+2.0‰が続く,708m先でATC現示が75km/hから70km/hに低下する,0.0,0.0,1,10.0,先行列車なし,0,,0,0,0,後続列車なし,該当なし,該当なし,0,0,0,30,240,,,
70.5,power_on_downgrade_s0,0,0.964136,次駅への減速フェーズ（駅手前400m以内）,制動,26.5,勾配ブレーキ,0.0,1.34,3.01,75.0,75.0,75.0,3.1,70.2,64.3,勾配力行 ↔ 惰行,惰行,3.1,-0.1,,75.0,75.0,75.0,,0.4,9.5,0.47,-0.11,2.0,-0.149,3.225,当面+2.0‰が続く,708m先でATC現示が75km/hから70km/hに低下する,0.0,0.0,1,9.5,先行列車なし,0,,0,0,0,後続列車なし,該当なし,該当なし,0,0,0,30,240,,,
71.0,power_on_downgrade_s0,0,0.964459,次駅への減速フェーズ（駅手前400m以内）,制動,27.0,勾配ブレーキ,0.0,1.34,1.68,75.0,75.0,75.0,1.8,70.2,64.3,勾配力行 ↔ 惰行,惰行,1.8,-0.1,,75.0,75.0,75.0,,0.0,9.0,0.15,-0.11,2.0,-0.147,3.227,当面+2.0‰が続く,707m先でATC現示が75km/hから70km/hに低下する,0.0,0.0,1,9.0,先行列車なし,0,,0,0,0,後続列車なし,該当なし,該当なし,0,0,0,30,240,,,
71.5,power_on_downgrade_s0,0,0.9646,駅停車完了（速度0km/h）,制動,27.5,勾配ブレーキ,0.0,1.34,0.36,75.0,75.0,75.0,1.8,70.2,64.3,勾配力行 ↔ 惰行,惰行,1.8,-1.4,,75.0,0.0,0.0,,-0.1,8.5,0.01,-0.11,2.0,-0.145,3.229,当面+2.0‰が続く,707m先でATC現示が75km/hから70km/hに低下する,0.0,0.0,1,8.5,先行列車なし,0,,0,0,0,後続列車なし,該当なし,該当なし,0,0,0,30,240,,,
