time,train_id,phase,current_notch,holding_time,prev_notch,prev_notch_duration,speed_limit,signal_speed,current_speed,required_speed,dist_to_next_station,time_to_next_station,req_stop_dist,delay,current_gradient,next_limit_info,next_gradient_info,forward_info,backward_info,reward,reason
0.0,Train11,駅出発直後の加速フェーズ（20秒以内）,力行（加速）中,1.0,ブレーキ（減速）,30.0,70.0,70.0,0.0,55.4,2178.000000000001,180.0,0.0,0.0,-2.1,この先制限速度なし,387m先に下り勾配6.7‰あり,先行列車なし,後続列車なし,1.0,加速フェーズで必要速度未達のため力行は適切で、制限速度・CBTC遵守、ノコギリ運転なしと評価し最高点とした。
1.0,Train11,駅出発直後の加速フェーズ（20秒以内）,力行（加速）中,2.0,ブレーキ（減速）,30.0,70.0,70.0,3.1655461647722727,55.6,2177.552031426483,179.0,0.5540439496433487,0.0,-2.1,この先制限速度なし,386m先に下り勾配6.7‰あり,先行列車なし,後続列車なし,1.0,制限速度・CBTC遵守、加速フェーズで必要な力行を実施し、ノコギリ運転や間隔問題がなく、全上位項目が適合しているため最高評価。
2.0,Train11,駅出発直後の加速フェーズ（20秒以内）,力行（加速）中,3.0,ブレーキ（減速）,30.0,70.0,70.0,6.166266910487602,55.6,2176.2480601784305,178.0,2.100706113451744,0.0,-2.1,この先制限速度なし,384m先に下り勾配6.7‰あり,先行列車なし,後続列車なし,1.0,加速フェーズで必要速度未達のため力行継続は適切で、速度・信号制限を遵守しノコギリ運転もなく、全評価項目で問題がないため最高評価とした。
3.0,Train11,駅出発直後の加速フェーズ（20秒以内）,力行（加速）中,4.0,ブレーキ（減速）,30.0,70.0,70.0,9.01037060950777,55.6,2174.132710937684,177.0,4.481937664682632,0.0,-2.1,この先制限速度なし,381m先に下り勾配6.7‰あり,先行列車なし,後続列車なし,1.0,加速フェーズで速度不足のため力行継続は適切で、制限速度・CBTC遵守、ノコギリ運転なしと評価し最高点とした。
4.0,Train11,駅出発直後の加速フェーズ（20秒以内）,力行（加速）中,5.0,ブレーキ（減速）,30.0,70.0,70.0,11.70569579597954,55.6,2171.248380451793,176.0,7.55831232746583,0.0,-2.1,この先制限速度なし,377m先に下り勾配6.7‰あり,先行列車なし,後続列車なし,1.0,加速フェーズでrequired_speed未達のため力行継続は適切、速度・信号超過なし、ノコギリ運転もなく最高評価。
5.0,Train11,駅出発直後の加速フェーズ（20秒以内）,力行（加速）中,6.0,ブレーキ（減速）,30.0,70.0,70.0,14.259723701053256,55.8,2167.635338510333,175.0,11.207169630305838,0.0,-2.1,この先制限速度なし,373m先に下り勾配6.7‰あり,先行列車なし,後続列車なし,0.8,加速フェーズで必要速度未達だが、制限速度・信号遵守し適切に力行しており、即時減点要因なし。
6.0,Train11,駅出発直後の加速フェーズ（20秒以内）,力行（加速）中,7.0,ブレーキ（減速）,30.0,70.0,70.0,16.679590829763864,55.4,2163.331825431588,174.0,15.32090276844218,0.0,-2.1,この先制限速度なし,368m先に下り勾配6.7‰あり,先行列車なし,後続列車なし,1.0,加速フェーズで必要速度未達だが、制限速度・信号遵守、不要な減速なしで適切な力行を継続しているため高評価とした。
7.0,Train11,駅出発直後の加速フェーズ（20秒以内）,力行（加速）中,8.0,ブレーキ（減速）,30.0,70.0,70.0,18.972101512263023,55.8,2158.374146057838,173.0,19.80538826026195,0.0,-2.1,この先制限速度なし,362m先に下り勾配6.7‰あり,先行列車なし,後続列車なし,1.0,加速フェーズで必要速度未達のため力行継続は適切で、速度・信号・制限を遵守しノコギリ運転もなく評価は最高点とした。
8.0,Train11,駅出発直後の加速フェーズ（20秒以内）,力行（加速）中,9.0,ブレーキ（減速）,30.0,70.0,70.0,21.143740370988105,55.4,2152.7967602747963,172.0,24.5785512216706,0.0,-2.1,この先制限速度なし,356m先に下り勾配6.7‰あり,先行列車なし,後続列車なし,1.0,加速フェーズで必要速度未達だが力行を継続し、速度・信号制限を遵守、ノコギリ運転もなく評価は最高とした。
9.0,Train11,駅出発直後の加速フェーズ（20秒以内）,力行（加速）中,10.0,ブレーキ（減速）,30.0,70.0,70.0,23.2006846534418,55.8,2146.632370085548,171.0,29.569060133539026,0.0,-2.1,この先制限速度なし,349m先に下り勾配6.7‰あり,先行列車なし,後続列車なし,1.0,加速フェーズで必要速度未達だが、制限速度・CBTC遵守、ノコギリ運転なし、加速継続は適切であり、全項目で問題がないため高評価とした。
10.0,Train11,駅出発直後の加速フェーズ（20秒以内）,力行（加速）中,11.0,ブレーキ（減速）,30.0,70.0,70.0,25.14881638758307,55.6,2139.9120032828982,170.0,34.715142846549554,0.0,-2.1,この先制限速度なし,342m先に下り勾配6.7‰あり,先行列車なし,後続列車なし,1.0,加速フェーズで必要速度未達のため力行は適切で、制限速度・CBTC遵守、ノコギリ運転なしと評価し最高点とした。
11.0,Train11,駅出発直後の加速フェーズ（20秒以内）,力行（加速）中,12.0,ブレーキ（減速）,30.0,70.0,70.0,26.993734323444887,55.6,2132.665093774268,169.0,39.96351619680552,0.0,-2.1,この先制限速度なし,334m先に下り勾配6.7‰あり,先行列車なし,後続列車なし,1.0,加速フェーズで必要速度未達のため力行が適切に継続され、速度・信号・制限速度すべて遵守しているため高評価とした。
12.0,Train11,駅出発直後の加速フェーズ（20秒以内）,力行（加速）中,13.0,ブレーキ（減速）,30.0,70.0,70.0,28.74076563054452,55.6,2124.919558623116,168.0,45.26842050023039,0.0,-2.1,この先制限速度なし,326m先に下り勾配6.7‰あり,先行列車なし,後続列車なし,1.0,加速フェーズで必要速度未達のため力行は適切で、速度・信号遵守・ノコギリ運転なしと評価し最高点とした。安全性も確保されている。
13.0,Train11,駅出発直後の加速フェーズ（20秒以内）,力行（加速）中,14.0,ブレーキ（減速）,30.0,70.0,70.0,30.39497732598752,55.6,2116.701871878522,167.0,50.59075112992944,0.0,-2.1,この先制限速度なし,318m先に下り勾配6.7‰あり,先行列車なし,後続列車なし,1.0,加速フェーズで必要速度未達のため力行が適切で、速度・信号超過なく、ノコギリ運転もなく評価は最高とした。
14.0,Train11,駅出発直後の加速フェーズ（20秒以内）,力行（加速）中,15.0,ブレーキ（減速）,30.0,70.0,70.0,31.96118741293167,55.6,2108.0371352702264,166.0,55.89727882133326,0.0,-2.1,この先制限速度なし,308m先に下り勾配6.7‰あり,先行列車なし,後続列車なし,1.0,加速フェーズでrequired_speed未達のため適切に力行し、速度・信号・制限速度を遵守、ノコギリ運転や間隔問題もなく過剰加速もないため最高評価とした。
15.0,Train11,駅出発直後の加速フェーズ（20秒以内）,力行（加速）中,16.0,ブレーキ（減速）,30.0,70.0,70.0,33.38956556163591,55.7,2098.9567704531,165.0,60.962744482185535,0.0,-2.1,この先制限速度なし,299m先に下り勾配6.7‰あり,先行列車なし,後続列車なし,1.0,加速フェーズで必要速度55.7km/h未達だが、現在の力行は適切に加速しており、制限速度・CBTC信号・速度超過はなく、他の評価項目でも問題がないため高評価とする。
16.0,Train11,駅出発直後の加速フェーズ（20秒以内）,力行（加速）中,17.0,ブレーキ（減速）,30.0,70.0,70.0,34.74124400116306,55.5,2089.490565453438,164.0,65.9540298982678,0.0,-2.1,この先制限速度なし,289m先に下り勾配6.7‰あり,先行列車なし,後続列車なし,1.0,加速フェーズで必要速度未達だが適切に力行し、速度・信号・制限を遵守、ノコギリ運転もなく評価は1.0とした。
17.0,Train11,駅出発直後の加速フェーズ（20秒以内）,力行（加速）中,18.0,ブレーキ（減速）,30.0,70.0,70.0,36.020771480221505,55.8,2079.6591052485524,163.0,70.85555172406373,0.0,-2.1,この先制限速度なし,279m先に下り勾配6.7‰あり,先行列車なし,後続列車なし,1.0,加速フェーズで必要速度未達だが力行を継続しており、速度・信号・制限を遵守しノコギリ運転もなく評価は最高とした。
18.0,Train11,駅出発直後の加速フェーズ（20秒以内）,力行（加速）中,19.0,ブレーキ（減速）,30.0,70.0,70.0,37.23193144306944,55.6,2069.481896506094,162.0,75.65297642941177,0.0,-2.1,この先制限速度なし,268m先に下り勾配6.7‰あり,先行列車なし,後続列車なし,1.0,加速フェーズで必要速度未達だが力行が適切で制限・信号遵守、ノコギリ運転なしと評価し最高点とした。
19.0,Train11,駅出発直後の加速フェーズ（20秒以内）,力行（加速）中,20.0,ブレーキ（減速）,30.0,70.0,70.0,38.42520543202613,55.6,2058.9717781665904,161.0,80.52917892951976,0.0,-2.1,この先制限速度なし,258m先に下り勾配6.7‰あり,先行列車なし,後続列車なし,1.0,加速フェーズで必要速度未達だが加速継続は適切で、速度・信号遵守、ノコギリ運転なしのため最高評価とした。
20.0,Train11,駅出発直後の加速フェーズ（20秒以内）,力行（加速）中,21.0,ブレーキ（減速）,30.0,70.0,70.0,39.53786155146717,55.6,2048.14026130251,160.0,85.20934198308025,0.0,-2.1,この先制限速度なし,247m先に下り勾配6.7‰あり,先行列車なし,後続列車なし,1.0,加速フェーズで必要速度未達だが、現在は力行中で適切な加速を行っており、速度・信号・制限をすべて遵守しているため高評価とする。
21.0,Train11,巡航フェーズ（駅間走行中）,力行（加速）中,22.0,ブレーキ（減速）,30.0,70.0,70.0,40.58822488598231,55.4,2037.0088400947352,159.0,89.74526156397916,0.0,-2.1,この先制限速度なし,235m先に下り勾配6.7‰あり,先行列車なし,後続列車なし,1.0,現在速度がrequired_speed未満であり、加速は定時到達に必要で制限速度・CBTCを遵守しているため評価は高く、0.0ルール違反もなくノコギリ運転でもない。
22.0,Train11,巡航フェーズ（駅間走行中）,力行（加速）中,23.0,ブレーキ（減速）,30.0,70.0,70.0,41.5822664799225,55.5,2025.593622765648,158.0,94.14301375213098,0.0,-2.1,この先制限速度なし,223m先に下り勾配6.7‰あり,先行列車なし,後続列車なし,0.9,全ての安全基準を満たし、巡航フェーズで必要速度未達のため加速は適切であり、ノコギリ運転やエネルギー過剰はなし。
23.0,Train11,巡航フェーズ（駅間走行中）,力行（加速）中,24.0,ブレーキ（減速）,30.0,70.0,70.0,42.52872754108959,55.7,2013.90952097929,157.0,98.42494807454143,0.0,-2.1,この先制限速度なし,211m先に下り勾配6.7‰あり,先行列車なし,後続列車なし,1.0,巡航フェーズで必要速度未達のため加速は適切で、速度・信号制限を遵守し、ノコギリ運転や間隔問題もなく評価は最高とした。
24.0,Train11,巡航フェーズ（駅間走行中）,力行（加速）中,25.0,ブレーキ（減速）,30.0,70.0,70.0,43.46761579762215,55.7,2001.9648644447336,156.0,102.7636352204607,0.0,-2.1,この先制限速度なし,199m先に下り勾配6.7‰あり,先行列車なし,後続列車なし,1.0,巡航フェーズでrequired_speed未達のため加速は適切で、速度・信号超過なし、ノコギリ運転もなく評価上問題なし。
25.0,Train11,巡航フェーズ（駅間走行中）,力行（加速）中,26.0,ブレーキ（減速）,30.0,70.0,70.0,44.4073152454624,55.7,1989.758341814124,155.0,107.19659481098375,0.0,-2.1,この先制限速度なし,187m先に下り勾配6.7‰あり,先行列車なし,後続列車なし,1.0,現在速度がrequired_speed未満であり、次駅到達に必要な加速が必要なため、巡航フェーズでの力行は制限速度・信号遵守・ノコギリ運転なしで適切と判断した。
26.0,Train11,巡航フェーズ（駅間走行中）,力行（加速）中,27.0,ブレーキ（減速）,30.0,70.0,70.0,45.33131704463812,55.3,1977.2929988316755,154.0,111.64357138409709,0.0,-2.1,この先制限速度なし,174m先に下り勾配6.7‰あり,先行列車なし,後続列車なし,1.0,巡航フェーズでrequired_speed未達のため加速は適切で、速度・信号・制限を遵守し、先行列車なしで間隔問題もなく、エネルギー効率も許容範囲内のため最高評価とする。
27.0,Train11,巡航フェーズ（駅間走行中）,力行（加速）中,28.0,ブレーキ（減速）,30.0,70.0,70.0,46.23984668729646,55.7,1964.5731642795429,153.0,116.10100143035548,0.0,-2.1,この先制限速度なし,161m先に下り勾配6.7‰あり,先行列車なし,後続列車なし,1.0,巡航フェーズでrequired_speed未達のため加速は適切、速度・信号超過なし、ノコギリ運転もなく最高評価とした。
28.0,Train11,巡航フェーズ（駅間走行中）,力行（加速）中,29.0,ブレーキ（減速）,30.0,70.0,70.0,47.133127735266775,55.3,1951.603104573113,152.0,120.56548970110217,0.0,-2.1,この先制限速度なし,148m先に下り勾配6.7‰あり,先行列車なし,後続列車なし,1.0,制限速度・CBTC遵守、必要速度未達のため加速は適切で、ノコギリ運転や間隔問題もなく評価は最高点とした。
29.0,Train11,巡航フェーズ（駅間走行中）,力行（加速）中,30.0,ブレーキ（減速）,30.0,70.0,70.0,48.01138178645524,55.7,1938.387024302088,151.0,125.03380373150794,0.0,-2.1,この先制限速度なし,134m先に下り勾配6.7‰あり,先行列車なし,後続列車なし,1.0,制限速度・CBTC遵守、必要速度未達での加速は適切であり、ノコギリ運転や列車間隔の問題もなく高評価とした。
30.0,Train11,巡航フェーズ（駅間走行中）,力行（加速）中,31.0,ブレーキ（減速）,30.0,70.0,70.0,48.87482844365983,55.7,1924.9290667802868,150.0,129.50286817721283,0.0,-2.1,この先制限速度なし,121m先に下り勾配6.7‰あり,先行列車なし,後続列車なし,1.0,巡航フェーズでrequired_speed未達のため加速は適切で、速度・信号・制限を遵守し、ノコギリ運転もなく評価は最高とした。
31.0,Train11,巡航フェーズ（駅間走行中）,力行（加速）中,32.0,ブレーキ（減速）,30.0,70.0,70.0,49.72368528573123,55.3,1911.233314604086,149.0,133.96975968771088,0.0,-2.1,この先制限速度なし,107m先に下り勾配6.7‰あり,先行列車なし,後続列車なし,1.0,巡航フェーズでrequired_speed未達のため加速は適切で、速度・信号・制限超過なし、ノコギリ運転もなく間隔問題も無いため最高評価とした。
32.0,Train11,巡航フェーズ（駅間走行中）,力行（加速）中,33.0,ブレーキ（減速）,30.0,70.0,70.0,50.55816784100678,55.8,1897.3037902183344,148.0,138.43170146781245,0.0,-2.1,この先制限速度なし,93m先に下り勾配6.7‰あり,先行列車なし,後続列車なし,1.0,巡航フェーズでrequired_speed未達のため加速は適切で、速度・信号制限を遵守しノコギリ運転もなく評価は最高点とした。
33.0,Train11,巡航フェーズ（駅間走行中）,力行（加速）中,34.0,ブレーキ（減速）,30.0,70.0,70.0,51.378489562944814,55.8,1883.1444564893936,147.0,142.88605828992664,0.0,-2.1,この先制限速度なし,78m先に下り勾配6.7‰あり,先行列車なし,後続列車なし,1.0,巡航フェーズでrequired_speed未達のため加速は適切で、速度・信号制限を遵守しノコギリ運転もなく、安全かつ省エネ的に妥当なため高評価。
34.0,Train11,巡航フェーズ（駅間走行中）,力行（加速）中,35.0,ブレーキ（減速）,30.0,70.0,70.0,52.18486180788789,55.8,1868.7592172847085,146.0,147.33033146615946,0.0,-2.1,この先制限速度なし,64m先に下り勾配6.7‰あり,先行列車なし,後続列車なし,1.0,巡航フェーズでrequired_speed未達のため加速は適切で、速度は制限・信号内、ノコギリ運転もなくエネルギー過剰でもないため全項目で問題なしと判断しrewardを1.0とした。
35.0,Train11,巡航フェーズ（駅間走行中）,力行（加速）中,36.0,ブレーキ（減速）,30.0,70.0,70.0,52.97749381488468,55.8,1854.1519180581504,145.0,151.76215394491751,0.0,-2.1,この先制限速度なし,49m先に下り勾配6.7‰あり,先行列車なし,後続列車なし,1.0,全ての評価項目で問題がなく、巡航フェーズで必要速度未達のための加速は適切と判断し、最高評価とした。
36.0,Train11,巡航フェーズ（駅間走行中）,力行（加速）中,37.0,ブレーキ（減速）,30.0,70.0,70.0,53.75659268750127,55.8,1839.3263464408776,144.0,156.17928556696097,0.0,-2.1,この先制限速度なし,34m先に下り勾配6.7‰あり,先行列車なし,後続列車なし,1.0,巡航フェーズでrequired_speed未達のため加速は適切、制限速度・CBTC遵守、停止距離十分、ノコギリ運転なしで最高評価。
37.0,Train11,巡航フェーズ（駅間走行中）,力行（加速）中,38.0,ブレーキ（減速）,30.0,70.0,70.0,54.522363377553184,55.5,1824.2862328366944,143.0,160.5796084373565,0.0,-2.1,この先制限速度なし,19m先に下り勾配6.7‰あり,先行列車なし,後続列車なし,1.0,巡航フェーズでrequired_speed未満のため加速が適切、速度・信号制限遵守、ノコギリ運転なし。
38.0,Train11,巡航フェーズ（駅間走行中）,力行（加速）中,39.0,ブレーキ（減速）,30.0,70.0,70.0,55.27500867069228,55.8,1809.0352510219284,142.0,164.9611224265856,0.0,-2.1,この先制限速度なし,3m先に下り勾配6.7‰あり,先行列車なし,後続列車なし,1.0,現在速度がrequired_speed未満で制限速度・信号を守りつつ加速は妥当、ノコギリ運転や間隔問題もなく全項目で適切と判断したため高評価。
39.0,Train11,巡航フェーズ（駅間走行中）,力行（加速）中,40.0,ブレーキ（減速）,30.0,70.0,70.0,56.01472917378099,56.0,1793.577018748909,141.0,180.71906708088176,0.0,-6.7,この先制限速度なし,この先目立った勾配なし,先行列車なし,後続列車なし,0.5,巡航フェーズでrequired_speedと同等の速度であるにも関わらず力行を継続し、エネルギー効率が低下しているため評価を減点した。
40.0,Train11,巡航フェーズ（駅間走行中）,力行（加速）中,41.0,ブレーキ（減速）,30.0,70.0,70.0,56.86586343327023,56.9,1777.9016202179746,140.0,186.13853194337307,0.0,-6.7,この先制限速度なし,この先目立った勾配なし,先行列車なし,後続列車なし,0.5,巡航フェーズでrequired_speedを満たすのに不要な力行を続け、省エネ性が低いため評価を下げた。
41.0,Train11,巡航フェーズ（駅間走行中）,力行（加速）中,42.0,ブレーキ（減速）,30.0,70.0,70.0,57.73908262527237,57.7,1761.9827019064403,139.0,191.7770815251151,0.0,-6.7,この先制限速度なし,この先目立った勾配なし,先行列車なし,後続列車なし,0.6,巡航フェーズでrequired_speedを満たすにも関わらず力行を継続し、エネルギー効率が低下しているため減点。
42.0,Train11,巡航フェーズ（駅間走行中）,力行（加速）中,43.0,ブレーキ（減速）,30.0,70.0,70.0,58.59721398523868,58.6,1745.8233445234869,138.0,197.3953741797521,0.0,-6.7,この先制限速度なし,この先目立った勾配なし,先行列車なし,後続列車なし,0.4,巡航フェーズでrequired_speedと同等の速度にもかかわらず力行を継続し、エネルギー無駄と過加速リスクがあるため評価を低減し0.4とした。
43.0,Train11,巡航フェーズ（駅間走行中）,力行（加速）中,44.0,ブレーキ（減速）,30.0,70.0,70.0,59.4404865393385,59.4,1729.427706952862,137.0,202.9906608002074,0.0,-6.7,この先制限速度なし,この先目立った勾配なし,先行列車なし,後続列車なし,0.4,巡航フェーズでrequired_speedを満たすのに力行を続け、省エネ性が低いため0.4点とした。
44.0,Train11,巡航フェーズ（駅間走行中）,力行（加速）中,45.0,ブレーキ（減速）,30.0,70.0,70.0,60.269126993146735,60.3,1712.799884784868,136.0,208.56034946659287,0.0,-6.7,この先制限速度なし,この先目立った勾配なし,先行列車なし,後続列車なし,0.5,巡航フェーズでrequired_speedと同等の速度にも関わらず力行を継続し、エネルギー効率が低下しているため評価を下げた。
45.0,Train11,巡航フェーズ（駅間走行中）,力行（加速）中,46.0,ブレーキ（減速）,30.0,70.0,70.0,61.083359710399804,61.1,1695.943910964143,135.0,214.1019994647424,0.0,-6.7,この先制限速度なし,この先目立った勾配なし,先行列車なし,後続列車なし,0.5,巡航フェーズでrequired_speedを満たすのに不要な力行を続け、エネルギー効率が低下しているため評価を減点し0.5とした。
46.0,Train11,巡航フェーズ（駅間走行中）,力行（加速）中,47.0,ブレーキ（減速）,30.0,70.0,70.0,61.88340669397616,61.9,1678.8637564428122,134.0,219.61331556358223,0.0,-6.7,この先制限速度なし,この先目立った勾配なし,先行列車なし,後続列車なし,0.6,巡航フェーズでrequired_speedと同等の速度にもかかわらず力行を継続し、不要な加速で省エネ性が低下しているため減点し、rewardを0.6とした。
47.0,Train11,巡航フェーズ（駅間走行中）,力行（加速）中,48.0,ブレーキ（減速）,30.0,70.0,70.0,62.66948756902297,62.7,1661.5633308387032,133.0,225.09214225037752,0.0,-6.7,この先制限速度なし,この先目立った勾配なし,先行列車なし,後続列車なし,0.4,巡航フェーズでrequired_speedと同等の速度にも関わらず力行を継続し、エネルギー効率が低下したため評価を下げrewardを0.4とした。
48.0,Train11,巡航フェーズ（駅間走行中）,惰行中,1.0,力行（加速）,48.0,70.0,70.0,63.44181956815132,63.4,1644.0464830979877,132.0,210.05545899927287,0.0,0.0,この先制限速度なし,この先目立った勾配なし,先行列車なし,後続列車なし,1.0,巡航フェーズでrequired_speedと一致し惰行が適切、速度・信号遵守、ノコギリ運転なしで省エネかつ定時性を確保できるため最高評価。
49.0,Train11,巡航フェーズ（駅間走行中）,惰行中,2.0,力行（加速）,48.0,70.0,70.0,63.27391404112794,63.3,1626.4415102688367,131.0,208.96992382071204,0.0,0.0,この先制限速度なし,この先目立った勾配なし,先行列車なし,後続列車なし,1.0,制限速度・CBTC遵守、停止位置余裕あり、巡航フェーズで必要速度と一致する惰行であり、ノコギリ運転もなく最上位項目に問題がないため最高評価とした。
50.0,Train11,巡航フェーズ（駅間走行中）,惰行中,3.0,力行（加速）,48.0,70.0,70.0,63.05240837702135,63.1,1608.8965135765463,130.0,207.54189303564232,0.0,0.0,この先制限速度なし,この先目立った勾配なし,先行列車なし,後続列車なし,1.0,巡航フェーズでrequired_speedと一致し惰行が適切、速度・信号遵守、停止余裕も十分であり、ノコギリ運転や間隔問題はなく高評価とした。
51.0,Train11,巡航フェーズ（駅間走行中）,惰行中,4.0,力行（加速）,48.0,70.0,70.0,62.83168738922833,62.8,1591.412936048794,129.0,206.12349340725868,0.0,0.0,この先制限速度なし,この先目立った勾配なし,先行列車なし,後続列車なし,1.0,巡航フェーズで必要速度と一致し惰行が適切、制限速度・信号遵守、停止位置も十分に確保されているため高評価とした。
52.0,Train11,巡航フェーズ（駅間走行中）,惰行中,5.0,力行（加速）,48.0,70.0,70.0,62.611746174213096,62.6,1573.9905604087098,128.0,204.7146486145064,0.0,0.0,この先制限速度なし,この先目立った勾配なし,先行列車なし,後続列車なし,1.0,巡航フェーズでrequired_speedと一致し惰行が適切、速度制限・CBTC遵守、停止距離に余裕があり、ノコギリ運転なしでエネルギー効率も良好なため最高評価とした。
53.0,Train11,巡航フェーズ（駅間走行中）,惰行中,6.0,力行（加速）,48.0,70.0,70.0,62.39257986827364,62.4,1556.6291707359137,127.0,203.3152830802724,0.0,0.0,この先制限速度なし,この先目立った勾配なし,先行列車なし,後続列車なし,1.0,全ての上位評価項目を満たし、巡航フェーズで必要速度を維持しつつ惰行で省エネかつ安全に走行しているため最高評価とした。
54.0,Train11,巡航フェーズ（駅間走行中）,惰行中,7.0,力行（加速）,48.0,70.0,70.0,62.17418364713512,62.2,1539.3285524555686,126.0,201.9253219628928,0.0,0.0,この先制限速度なし,この先目立った勾配なし,先行列車なし,後続列車なし,1.0,巡航フェーズでrequired_speedと一致し惰行が適切、速度・信号遵守、ノコギリ運転なし、エネルギー効率も良好なため最高評価とした。
55.0,Train11,巡航フェーズ（駅間走行中）,力行（加速）中,1.0,惰行,7.0,70.0,70.0,61.95655272554824,62.0,1522.0884923273773,125.0,200.5446911477757,0.0,0.0,この先制限速度なし,この先目立った勾配なし,先行列車なし,後続列車なし,0.5,巡航フェーズでrequired_speedを満たすのに加えて不要な力行を続けているため省エネ性が低く評価し、0.5点とした。
56.0,Train11,巡航フェーズ（駅間走行中）,惰行中,1.0,力行（加速）,1.0,70.0,70.0,62.507030582715394,62.5,1504.8008944029866,124.0,204.0454824315908,0.0,0.0,この先制限速度なし,497m先に上り勾配12.5‰あり,先行列車なし,後続列車なし,1.0,巡航フェーズで現在速度がrequired_speedと一致し、制限速度・CBTCを遵守、ノコギリ運転もなく適切に惰行しているため高評価。
57.0,Train11,巡航フェーズ（駅間走行中）,力行（加速）中,1.0,惰行,1.0,70.0,70.0,62.28823247680568,62.3,1487.4685406910369,123.0,202.6506153899276,0.0,0.0,この先制限速度なし,480m先に上り勾配12.5‰あり,先行列車なし,後続列車なし,0.0,前後1秒の力行・惰行切替が条件を満たしノコギリ運転と判定され、上限が0.0点となったためrewardは0.0とした。
58.0,Train11,巡航フェーズ（駅間走行中）,惰行中,1.0,力行（加速）,1.0,70.0,70.0,62.8329129558714,62.8,1470.0896249295142,122.0,206.1313565486064,0.0,0.0,この先制限速度なし,462m先に上り勾配12.5‰あり,先行列車なし,後続列車なし,1.0,全ての評価項目で基準を満たし、巡航フェーズで必要速度を維持しつつ惰行に切り替えているため最高評価とした。
59.0,Train11,巡航フェーズ（駅間走行中）,力行（加速）中,1.0,惰行,1.0,70.0,70.0,62.61296741697392,62.6,1452.6669094614172,121.0,204.7224588182729,0.0,0.0,この先制限速度なし,445m先に上り勾配12.5‰あり,先行列車なし,後続列車なし,0.0,惰行から力行への1秒未満の不合理な切替がノコギリ運転と判定され、上限が0.0点のためrewardは0.0となった。
60.0,Train11,巡航フェーズ（駅間走行中）,惰行中,1.0,力行（加速）,1.0,70.0,70.0,63.1519673630909,63.2,1435.198588546065,120.0,208.18317400827425,0.0,0.0,この先制限速度なし,427m先に上り勾配12.5‰あり,先行列車なし,後続列車なし,0.0,ノコギリ運転と判定され、prev_notch_durationが1秒で上限0.0点となるためrewardは0.0とした。
61.0,Train11,巡航フェーズ（駅間走行中）,力行（加速）中,1.0,惰行,1.0,70.0,70.0,62.930893955130486,62.9,1417.6874052322646,119.0,206.7604507748556,0.0,0.0,この先制限速度なし,410m先に上り勾配12.5‰あり,先行列車なし,後続列車なし,0.0,ノコギリ運転と判定され、prev_notch_durationが2秒未満のためreward上限が0.0点となり、さらに巡航フェーズで不要な力行を行っている点が評価を下げた。
62.0,Train11,巡航フェーズ（駅間走行中）,力行（加速）中,2.0,惰行,1.0,70.0,70.0,63.4643281129006,63.5,1400.1315542501377,118.0,210.2011807418397,0.0,0.0,この先制限速度なし,392m先に上り勾配12.5‰あり,先行列車なし,後続列車なし,0.0,必要速度を満たす中で不要な力行を行い、保持時間が7秒未満の反転でノコギリ運転と判定されたためrewardは0.0とした。
63.0,Train11,巡航フェーズ（駅間走行中）,力行（加速）中,3.0,惰行,1.0,70.0,70.0,63.98841401652663,64.0,1382.4288420076982,117.0,213.60753615088103,0.0,0.0,この先制限速度なし,374m先に上り勾配12.5‰あり,先行列車なし,後続列車なし,0.0,不要な力行と持続時間が7秒未満のノコギリ運転に該当し、上限が0点となったためrewardは0.0とした。
64.0,Train11,巡航フェーズ（駅間走行中）,力行（加速）中,4.0,惰行,1.0,70.0,70.0,64.50330368215238,64.5,1364.5818438702158,116.0,216.9790921039314,0.0,0.0,この先制限速度なし,356m先に上り勾配12.5‰あり,先行列車なし,後続列車なし,0.0,持続時間が7秒未満の惰行から4秒の力行への不合理な切替がノコギリ運転と判定され、上限が0.0点となったためrewardは0.0とした。
65.0,Train11,巡航フェーズ（駅間走行中）,力行（加速）中,5.0,惰行,1.0,70.0,70.0,65.00914708014393,65.0,1346.5930932635608,115.0,220.3154683432452,0.0,0.0,この先制限速度なし,338m先に上り勾配12.5‰あり,先行列車なし,後続列車なし,0.0,required_speedと同等の速度で惰行すべきところを5秒の力行に切替え、ノコギリ運転と判定され上限が0点となったためrewardは0.0。
66.0,Train11,巡航フェーズ（駅間走行中）,力行（加速）中,6.0,惰行,1.0,70.0,70.0,65.50609214678636,65.5,1328.4650822406977,114.0,223.6163272409392,0.0,0.0,この先制限速度なし,320m先に上り勾配12.5‰あり,先行列車なし,後続列車なし,0.0,前ノッチ1秒の惰行から6秒の力行への不合理な切替がノコギリ運転と判定され、上限0.0点となったためrewardは0.0。
67.0,Train11,巡航フェーズ（駅間走行中）,力行（加速）中,7.0,惰行,1.0,70.0,70.0,65.99428479658307,66.0,1310.200262045125,113.0,226.8813718391607,0.0,0.0,この先制限速度なし,301m先に上り勾配12.5‰あり,先行列車なし,後続列車なし,0.5,巡航フェーズでrequired_speedと同等の速度なのに不要な力行を続け、エネルギー効率が低いため評価を減点した。
68.0,Train11,巡航フェーズ（駅間走行中）,力行（加速）中,8.0,惰行,1.0,70.0,70.0,66.47386893512697,66.5,1291.8010436706736,112.0,230.11034398233724,0.0,0.0,この先制限速度なし,283m先に上り勾配12.5‰あり,先行列車なし,後続列車なし,0.5,巡航フェーズで必要速度に達しているにも関わらず不要な力行を続けており、省エネ性が低下しているため評価を減点した。
69.0,Train11,巡航フェーズ（駅間走行中）,力行（加速）中,9.0,惰行,1.0,70.0,70.0,66.94498647250894,66.9,1273.2697984175977,111.0,233.30302251731868,0.0,0.0,この先制限速度なし,264m先に上り勾配12.5‰あり,先行列車なし,後続列車なし,0.4,巡航フェーズでrequired_speedと同等の速度であるにも関わらず力行を続けたため省エネ性が低下し、不要な加速と判断した。
70.0,Train11,巡航フェーズ（駅間走行中）,力行（加速）中,10.0,惰行,1.0,70.0,70.0,67.4077773372334,67.4,1254.6088584449642,110.0,236.4592215375266,0.0,0.0,この先制限速度なし,245m先に上り勾配12.5‰あり,先行列車なし,後続列車なし,0.5,巡航フェーズでrequired_speedを満たすにも関わらず不要な力行を継続し、エネルギー効率が低下したため減点した。
71.0,Train11,巡航フェーズ（駅間走行中）,力行（加速）中,11.0,惰行,1.0,70.0,70.0,67.86237949060936,67.9,1235.8205173191764,109.0,239.57878870448863,0.0,0.0,この先制限速度なし,226m先に上り勾配12.5‰あり,先行列車なし,後続列車なし,0.6,巡航フェーズでrequired_speedと同等なのに不要な力行を続け、省エネ性が低く評価されたため減点した。
72.0,Train11,巡航フェーズ（駅間走行中）,力行（加速）中,12.0,惰行,1.0,70.0,70.0,68.31006110404033,68.3,1216.9069566768194,108.0,242.6694429472528,0.0,0.0,この先制限速度なし,207m先に上り勾配12.5‰あり,先行列車なし,後続列車なし,0.4,巡航フェーズでrequired_speedを満たすにも関わらず不要な力行を続け、エネルギー効率が低下し評価を下げた。前後列車不在で加速保持が長く省エネ観点で不適切と判断した。
73.0,Train11,巡航フェーズ（駅間走行中）,力行（加速）中,13.0,惰行,1.0,70.0,70.0,68.75430999235014,68.8,1197.869547566608,107.0,245.75458961059567,0.0,0.0,この先制限速度なし,188m先に上り勾配12.5‰あり,先行列車なし,後続列車なし,0.5,巡航フェーズでrequired_speedと同等の速度にもかかわらず不要な力行を継続しており、省エネ性が低下しているため評価を減点し、0.5点とした。
74.0,Train11,巡航フェーズ（駅間走行中）,力行（加速）中,14.0,惰行,1.0,70.0,70.0,69.19537367977343,69.2,1178.7091831323835,106.0,248.8355110326937,0.0,0.0,この先制限速度なし,169m先に上り勾配12.5‰あり,先行列車なし,後続列車なし,0.5,巡航フェーズでrequired_speedに達しているのに力行を続けており、省エネ性が低下しているため減点し、0.5点とした。
75.0,Train11,巡航フェーズ（駅間走行中）,力行（加速）中,15.0,惰行,1.0,70.0,70.0,69.63326655342799,69.6,1159.4267461358463,105.0,251.9118912768612,0.0,0.0,この先制限速度なし,150m先に上り勾配12.5‰あり,先行列車なし,後続列車なし,0.6,巡航フェーズでrequired_speedを満たすにも関わらず不要な力行を継続し、省エネ性が低下したため中程度の減点とした。
76.0,Train11,巡航フェーズ（駅間走行中）,ブレーキ（減速）中,1.0,力行（加速）,15.0,70.0,70.0,70.06800307924725,70.1,1140.0231153311183,104.0,254.98342124760924,0.0,0.0,この先制限速度なし,130m先に上り勾配12.5‰あり,先行列車なし,後続列車なし,0.0,制限速度70km/hを0.1km/h超過しCBTC信号を上回ったため即時0点ルールが適用され、rewardは0.0とした。
77.0,Train11,巡航フェーズ（駅間走行中）,力行（加速）中,1.0,ブレーキ（減速）,1.0,70.0,70.0,68.95903109488228,69.0,1120.7154436177652,103.0,247.18239356776544,0.0,0.0,この先制限速度なし,111m先に上り勾配12.5‰あり,先行列車なし,後続列車なし,0.0,力行とブレーキが7秒未満で交互に切り替わり、不要な加速が行われたためノコギリ運転と判定し、報酬上限が0.0点となった。
78.0,Train11,巡航フェーズ（駅間走行中）,力行（加速）中,2.0,ブレーキ（減速）,1.0,70.0,70.0,69.39862408615225,69.4,1101.4984186710776,102.0,250.2612501227223,0.0,0.0,この先制限速度なし,92m先に上り勾配12.5‰あり,先行列車なし,後続列車なし,0.0,加速と直前の減速が7秒未満で反転し、合理的理由がなくノコギリ運転と判定されたためrewardは0.0とした。
79.0,Train11,巡航フェーズ（駅間走行中）,力行（加速）中,3.0,ブレーキ（減速）,1.0,70.0,70.0,69.83505295548568,69.8,1082.1597287508914,101.0,253.33542145941524,0.0,0.0,この先制限速度なし,72m先に上り勾配12.5‰あり,先行列車なし,後続列車なし,0.0,ブレーキ直後の3秒間の力行は保持時間が7秒未満で反転操作となり、ノコギリ運転と判定され上限0.0点となったためrewardは0.0とした。
80.0,Train11,巡航フェーズ（駅間走行中）,ブレーキ（減速）中,1.0,力行（加速）,3.0,70.0,70.0,70.26833220431516,70.3,1062.7002507475215,100.0,256.4046016380102,0.0,0.0,この先制限速度なし,53m先に上り勾配12.5‰あり,先行列車なし,後続列車なし,0.0,制限速度・信号速度を0.3km/h超過し即時0点ルールに該当するため、さらに巡航フェーズで不要なブレーキを行いエネルギー効率も低下しているが、即時0点ルールが支配的である。
81.0,Train11,巡航フェーズ（駅間走行中）,力行（加速）中,1.0,ブレーキ（減速）,1.0,70.0,70.0,69.1585932358117,69.2,1043.3370399385103,99.0,248.5779113121533,0.0,0.0,この先制限速度なし,34m先に上り勾配12.5‰あり,先行列車なし,後続列車なし,0.0,持続時間1秒のブレーキから加速への反転が条件を満たし、prev_notch_durationが2秒未満のノコギリ運転と判定されたためreward上限は0.0となった。
82.0,Train11,巡航フェーズ（駅間走行中）,力行（加速）中,2.0,ブレーキ（減速）,1.0,70.0,70.0,69.59675084644283,69.6,1024.064782567223,98.0,251.65468344963736,0.0,0.0,この先制限速度なし,14m先に上り勾配12.5‰あり,先行列車なし,後続列車なし,0.0,巡航フェーズで必要速度と同等なのに力行を続け、保持時間2秒未満のノコギリ運転と判定され上限0.0点となった。
83.0,Train11,巡航フェーズ（駅間走行中）,ブレーキ（減速）中,1.0,力行（加速）,2.0,70.0,70.0,70.0317508959787,70.0,1004.6712580197834,97.0,218.6585842125189,0.0,12.5,この先制限速度なし,この先目立った勾配なし,先行列車なし,後続列車なし,0.2,短時間で力行→ブレーキへの反転がノコギリ運転と判定され、巡航フェーズで不要な減速はエネルギー効率を損ねるためrewardを低く設定した。
84.0,Train11,巡航フェーズ（駅間走行中）,力行（加速）中,1.0,ブレーキ（減速）,1.0,70.0,70.0,68.81712385271906,68.8,985.3773107874916,96.0,211.3056747916588,0.0,12.5,この先制限速度なし,この先目立った勾配なし,先行列車なし,後続列車なし,0.0,現在の力行は不要で、前後のブレーキと合わせて2秒未満のノコギリ運転と判定され、上限が0点となったためrewardは0.0とした。
85.0,Train11,巡航フェーズ（駅間走行中）,力行（加速）中,2.0,ブレーキ（減速）,1.0,70.0,70.0,68.81830552311207,68.8,966.2612770916396,95.0,211.3127708521081,0.0,12.5,この先制限速度なし,この先目立った勾配なし,先行列車なし,後続列車なし,0.0,ブレーキから2秒で力行へ反転し保持時間が7秒未満で合理的理由がなく、ノコギリ運転と判定され上限が0点となったためrewardは0.0とした。
86.0,Train11,巡航フェーズ（駅間走行中）,力行（加速）中,3.0,ブレーキ（減速）,1.0,70.0,70.0,68.81947871767248,68.8,947.1449163443992,94.0,211.3198161248872,0.0,12.5,この先制限速度なし,この先目立った勾配なし,先行列車なし,後続列車なし,0.0,加速→減速の短時間切替がノコギリ運転条件を満たし上限が0点となるため、rewardは0.0とした。
87.0,Train11,巡航フェーズ（駅間走行中）,力行（加速）中,4.0,ブレーキ（減速）,1.0,70.0,70.0,68.82064349713556,68.8,928.0282308916449,93.0,211.3268109723421,0.0,12.5,この先制限速度なし,この先目立った勾配なし,先行列車なし,後続列車なし,0.0,不要な加速とノコギリ運転が判定され、前ノッチ保持時間が2秒未満のためreward上限が0.0点となり、最終評価は0.0とした。
88.0,Train11,巡航フェーズ（駅間走行中）,力行（加速）中,5.0,ブレーキ（減速）,1.0,70.0,70.0,68.8217999218022,68.8,908.9112230624146,92.0,211.33375575425129,0.0,12.5,この先制限速度なし,この先目立った勾配なし,先行列車なし,後続列車なし,0.0,持続時間が7秒未満で減速から力行への不合理な切替がありノコギリ運転と判定され、上限が0点となる。さらに巡航フェーズで必要速度と同等の速度にも関わらず加速を続けエネルギー効率が低下している。
89.0,Train11,巡航フェーズ（駅間走行中）,力行（加速）中,6.0,ブレーキ（減速）,1.0,70.0,70.0,68.82294805154207,68.8,889.7938951690741,91.0,211.34065082784213,0.0,12.5,この先制限速度なし,この先目立った勾配なし,先行列車なし,後続列車なし,0.0,不要な力行によるノコギリ運転（保持時間6秒、前ノッチ1秒）で上限0点となり、rewardは0.0とした。
90.0,Train11,巡航フェーズ（駅間走行中）,力行（加速）中,7.0,ブレーキ（減速）,1.0,70.0,70.0,68.82408794579669,68.8,870.6762495074329,90.0,211.34749654780825,0.0,12.5,この先制限速度なし,この先目立った勾配なし,先行列車なし,後続列車なし,0.2,巡航フェーズでrequired_speedに達しているのに力行を続けたため、省エネ性が低く評価された。
91.0,Train11,巡航フェーズ（駅間走行中）,力行（加速）中,8.0,ブレーキ（減速）,1.0,70.0,70.0,68.82521966358227,68.8,851.5582883568378,89.0,211.3542932663289,0.0,12.5,この先制限速度なし,この先目立った勾配なし,先行列車なし,後続列車なし,0.5,巡航フェーズでrequired_speedを満たす速度であるにも関わらず力行を継続しており、省エネ性が低く評価されたため、0.5点とした。
92.0,Train11,巡航フェーズ（駅間走行中）,力行（加速）中,9.0,ブレーキ（減速）,1.0,70.0,70.0,68.82634326349316,68.8,832.4400139802925,88.0,211.36104133308567,0.0,12.5,この先制限速度なし,この先目立った勾配なし,先行列車なし,後続列車なし,0.4,巡航フェーズでrequired_speedに達しているのに不要な力行を続け、エネルギー効率が低下しているため減点した。
93.0,Train11,巡航フェーズ（駅間走行中）,力行（加速）中,10.0,ブレーキ（減速）,1.0,70.0,70.0,68.82745880370456,68.8,813.3214286246009,87.0,211.36774109528145,0.0,12.5,この先制限速度なし,この先目立った勾配なし,先行列車なし,後続列車なし,0.3,巡航フェーズでrequired_speedと同等の速度であるにも関わらず、不要な力行を継続しているため省エネ性が低く、0.3点とした。
94.0,Train11,巡航フェーズ（駅間走行中）,力行（加速）中,11.0,ブレーキ（減速）,1.0,70.0,70.0,68.82856634197529,68.8,794.2025345204478,86.0,246.27203822870408,0.0,0.0,この先制限速度なし,185m先に上り勾配6.1‰あり,先行列車なし,後続列車なし,0.6,巡航フェーズでrequired_speedを満たすのに不要な力行を続けエネルギー効率が低下しているため減点し、0.6点とした。
95.0,Train11,巡航フェーズ（駅間走行中）,力行（加速）中,12.0,ブレーキ（減速）,1.0,70.0,70.0,69.1726936726053,69.2,775.0456613082476,85.0,248.6766521112046,0.0,0.0,この先制限速度なし,165m先に上り勾配6.1‰あり,先行列車なし,後続列車なし,0.7,巡航フェーズでrequired_speedと同等の速度にも関わらず力行を継続し、エネルギー効率が低下しているため評価を下げた。
96.0,Train11,巡航フェーズ（駅間走行中）,力行（加速）中,13.0,ブレーキ（減速）,1.0,70.0,70.0,69.61074979853248,69.6,755.769501395779,84.0,251.75327429352515,0.0,0.0,この先制限速度なし,146m先に上り勾配6.1‰あり,先行列車なし,後続列車なし,0.3,巡航フェーズで必要速度を満たしているにも関わらず力行を継続し、エネルギー効率が低下しているため評価を低くした。
97.0,Train11,巡航フェーズ（駅間走行中）,ブレーキ（減速）中,1.0,力行（加速）,13.0,70.0,70.0,70.04564882833988,70.0,736.3721024321492,83.0,254.8250619825223,0.0,0.0,この先制限速度なし,127m先に上り勾配6.1‰あり,先行列車なし,後続列車なし,0.3,巡航フェーズで速度が必要速度以上にも関わらずブレーキを継続しているためエネルギー効率が低下し、不要な減速と判断し評価を減点した。
98.0,Train11,巡航フェーズ（駅間走行中）,力行（加速）中,1.0,ブレーキ（減速）,1.0,70.0,70.0,68.93676232164545,68.9,717.070628209683,82.0,247.02689644491744,0.0,0.0,この先制限速度なし,107m先に上り勾配6.1‰あり,先行列車なし,後続列車なし,0.0,不要な加速がノコギリ運転と判定され、prev_notch_durationが2秒未満のためreward上限は0.0とした。
99.0,Train11,巡航フェーズ（駅間走行中）,力行（加速）中,2.0,ブレーキ（減速）,1.0,70.0,70.0,69.37651537750588,69.4,697.8597665629956,81.0,250.10598121690768,0.0,0.0,この先制限速度なし,88m先に上り勾配6.1‰あり,先行列車なし,後続列車なし,0.0,2秒未満のブレーキ→力行の反転でノコギリ運転と判定され、上限0.0点となる。さらに巡航フェーズで不要な力行を行っている点も評価を下げる要因となった。
100.0,Train11,巡航フェーズ（駅間走行中）,力行（加速）中,3.0,ブレーキ（減速）,1.0,70.0,70.0,69.81310358162315,69.8,678.5271955827135,80.0,253.18039638945905,0.0,0.0,この先制限速度なし,69m先に上り勾配6.1‰あり,先行列車なし,後続列車なし,0.0,前ブレーキから3秒の力行への短時間反転がノコギリ運転と判定され、prev_notch_durationが1秒で上限0.0点となるためrewardは0.0とした。
101.0,Train11,巡航フェーズ（駅間走行中）,ブレーキ（減速）中,1.0,力行（加速）,3.0,70.0,70.0,70.24654143159361,70.2,659.0737923624133,79.0,256.24983567746693,0.0,0.0,この先制限速度なし,49m先に上り勾配6.1‰あり,先行列車なし,後続列車なし,0.0,制限速度・信号速度を0.2km/h超過し、即時0点ルールに該当するため、rewardは0.0とした。
102.0,Train11,巡航フェーズ（駅間走行中）,力行（加速）中,1.0,ブレーキ（減速）,1.0,70.0,70.0,69.13688597629847,69.1,639.7166227989146,78.0,248.425937958709,0.0,0.0,この先制限速度なし,30m先に上り勾配6.1‰あり,先行列車なし,後続列車なし,0.0,ノコギリ運転と不要な力行によりエネルギー効率が低く、上限が0.0点となったためrewardは0.0とした。
103.0,Train11,巡航フェーズ（駅間走行中）,力行（加速）中,2.0,ブレーキ（減速）,1.0,70.0,70.0,69.57519980319854,69.6,620.4503732917708,77.0,251.5029402578189,0.0,0.0,この先制限速度なし,11m先に上り勾配6.1‰あり,先行列車なし,後続列車なし,0.0,ノコギリ運転と不要な力行によりエネルギー効率が低く、上限が0.0点となったため、最終的にrewardは0.0としました。
104.0,Train11,巡航フェーズ（駅間走行中）,ブレーキ（減速）中,1.0,力行（加速）,2.0,70.0,70.0,70.01035535354883,70.0,601.0628133153198,76.0,235.60884630705,0.0,6.1,この先制限速度なし,391m先に上り勾配9.2‰あり,先行列車なし,後続列車なし,0.0,2秒未満の力行からブレーキへの反転がノコギリ運転と判定され、上限0.0点のためrewardは0.0。
105.0,Train11,巡航フェーズ（駅間走行中）,惰行中,1.0,ブレーキ（減速）,1.0,70.0,70.0,68.81128695737803,68.8,581.776519181183,75.0,227.79778134443404,0.0,6.1,この先制限速度なし,372m先に上り勾配9.2‰あり,先行列車なし,後続列車なし,0.0,ノコギリ運転と判定され、保持時間が2秒未満のためreward上限が0.0点となった。
106.0,Train11,巡航フェーズ（駅間走行中）,惰行中,2.0,ブレーキ（減速）,1.0,70.0,70.0,68.35466683831459,68.4,562.7263665236022,74.0,224.8555659424128,0.0,6.1,この先制限速度なし,353m先に上り勾配9.2‰あり,先行列車なし,後続列車なし,0.0,前ブレーキから惰行への短時間反転が条件を満たし、持続時間が2秒未満のためノコギリ運転と判定し、reward上限が0.0となった。
107.0,Train11,巡航フェーズ（駅間走行中）,ブレーキ（減速）中,1.0,惰行,2.0,70.0,70.0,67.89976984057289,67.9,543.8028107112486,73.0,221.9422338779543,0.0,6.1,この先制限速度なし,335m先に上り勾配9.2‰あり,先行列車なし,後続列車なし,0.1,巡航フェーズで必要速度を満たす中、不要な減速によりノコギリ運転とエネルギー浪費が発生し、上限0.3点以下に抑えた結果0.1点とした。
108.0,Train11,巡航フェーズ（駅間走行中）,ブレーキ（減速）中,2.0,惰行,2.0,70.0,70.0,66.58417588726893,66.6,525.1264257788755,72.0,213.6168250663773,0.0,6.1,この先制限速度なし,316m先に上り勾配9.2‰あり,先行列車なし,後続列車なし,0.1,2秒未満でブレーキへ反転しノコギリ運転と判定、上限0.3点、巡航フェーズで不要な減速のため評価が低下し最終的に0.1点とした。
109.0,Train11,巡航フェーズ（駅間走行中）,ブレーキ（減速）中,3.0,惰行,2.0,70.0,70.0,65.27344527048861,65.3,506.8147992302272,71.0,205.4707565854465,0.0,6.1,この先制限速度なし,298m先に上り勾配9.2‰あり,先行列車なし,後続列車なし,0.0,2秒未満の惰行から3秒のブレーキへの不合理な切替がノコギリ運転と判定され、上限が0.0点となったためrewardは0.0とした。
110.0,Train11,巡航フェーズ（駅間走行中）,ブレーキ（減速）中,4.0,惰行,2.0,70.0,70.0,63.96748512434776,64.0,488.8665931925793,70.0,197.50250624007933,0.0,6.1,この先制限速度なし,281m先に上り勾配9.2‰あり,先行列車なし,後続列車なし,0.1,巡航フェーズで必要速度を満たすのに減速し、2秒のノコギリ運転が発生したため評価が低く、上限0.3点のうち0.1点とした。
111.0,Train11,巡航フェーズ（駅間走行中）,ブレーキ（減速）中,5.0,惰行,2.0,70.0,70.0,62.66620373875448,62.7,471.2804954265408,69.0,189.7105837833041,0.0,6.1,この先制限速度なし,264m先に上り勾配9.2‰あり,先行列車なし,後続列車なし,0.2,巡航中に不要な減速へ切り替え、保持時間が短くノコギリ運転と判定されたため、上限0.3点に抑え0.2点とした。
112.0,Train11,巡航フェーズ（駅間走行中）,ブレーキ（減速）中,6.0,惰行,2.0,70.0,70.0,61.36951053138608,61.4,454.0552190088505,68.0,182.0935304354257,0.0,6.1,この先制限速度なし,247m先に上り勾配9.2‰あり,先行列車なし,後続列車なし,0.1,不必要な減速と2秒の短時間切替によるノコギリ運転と判定し、上限0.3点以下となり最終的に0.1点とした。
113.0,Train11,巡航フェーズ（駅間走行中）,ブレーキ（減速）中,7.0,惰行,2.0,70.0,70.0,60.07731602027341,60.1,437.1895020230347,67.0,174.64991843656247,0.0,6.1,この先制限速度なし,230m先に上り勾配9.2‰あり,先行列車なし,後続列車なし,0.5,巡航フェーズでrequired_speedを満たすのに減速しているためエネルギー効率が低く評価を下げ、rewardを0.5とした。
114.0,Train11,巡航フェーズ（駅間走行中）,ブレーキ（減速）中,8.0,惰行,2.0,70.0,70.0,58.78953179697473,58.8,420.6821072575409,66.0,167.37835062769454,0.0,6.1,この先制限速度なし,214m先に上り勾配9.2‰あり,先行列車なし,後続列車なし,0.4,巡航フェーズで必要速度と同等の58.8km/hであるにも関わらず減速ブレーキを続け、エネルギー効率が著しく低下したため評価を下げた。
115.0,Train11,巡航フェーズ（駅間走行中）,ブレーキ（減速）中,9.0,惰行,2.0,70.0,70.0,57.50607050032104,57.5,404.5318219111955,65.0,160.277460030622,0.0,6.1,この先制限速度なし,198m先に上り勾配9.2‰あり,先行列車なし,後続列車なし,0.5,巡航フェーズでrequired_speedを満たすのに減速しており、エネルギー無駄となるため評価を下げ0.5とした。
116.0,Train11,次駅への減速フェーズ（駅手前400m以内）,惰行中,1.0,ブレーキ（減速）,9.0,70.0,70.0,56.22684579071529,56.2,388.7374573059148,64.0,153.3459094287018,0.0,6.1,この先制限速度なし,183m先に上り勾配9.2‰あり,先行列車なし,後続列車なし,1.0,制限速度・信号遵守、停止距離に余裕があり減速フェーズで惰行は適切で、ノコギリ運転なしと評価し最高点とした。
117.0,Train11,次駅への減速フェーズ（駅手前400m以内）,ブレーキ（減速）中,1.0,惰行,1.0,70.0,70.0,55.81439427809628,55.8,373.1767777541464,63.0,151.14216871522314,0.0,6.1,この先制限速度なし,167m先に上り勾配9.2‰あり,先行列車なし,後続列車なし,0.0,ブレーキを早期に掛け、惰行→減速の2秒未満の切替でノコギリ運転と判定され、停止位置も遠すぎて不適切なためrewardは0.0とした。
118.0,Train11,次駅への減速フェーズ（駅手前400m以内）,ブレーキ（減速）中,2.0,惰行,1.0,70.0,70.0,54.54064408023568,54.5,357.85155266443167,62.0,144.43267007097637,0.0,6.1,この先制限速度なし,152m先に上り勾配9.2‰あり,先行列車なし,後続列車なし,0.0,惰行から2秒未満でブレーキに切替え、合理的理由がなくノコギリ運転と判定され上限が0.0点となったためreward=0.0。
119.0,Train11,次駅への減速フェーズ（駅手前400m以内）,ブレーキ（減速）中,3.0,惰行,1.0,70.0,70.0,53.27093369644227,53.3,342.87957844324524,61.0,137.88951764572926,0.0,6.1,この先制限速度なし,138m先に上り勾配9.2‰あり,先行列車なし,後続列車なし,0.0,delta_stopが205mで過早にブレーキし、ノコギリ運転（1→3秒）に該当するためrewardは0.0とした。
121.0,Train11,次駅への減速フェーズ（駅手前400m以内）,ブレーキ（減速）中,5.0,惰行,1.0,70.0,70.0,50.74330079679456,50.7,313.99096361176146,59.0,125.2973151705517,0.0,6.1,この先制限速度なし,110m先に上り勾配9.2‰あり,先行列車なし,後続列車なし,0.0,ブレーキが停止点より188.69m前に開始され、delta_stopが5m超えているため大幅減点としreward=0.0とした。
122.0,Train11,次駅への減速フェーズ（駅手前400m以内）,ブレーキ（減速）中,6.0,惰行,1.0,70.0,70.0,49.485214761887775,49.5,300.0721706540759,58.0,119.24586689393124,0.0,6.1,この先制限速度なし,96m先に上り勾配9.2‰あり,先行列車なし,後続列車なし,0.0,ブレーキが停止位置から180m以上離れた地点で開始され、2秒未満のノコギリ運転と判定されたためrewardは0.0とした。
124.0,Train11,次駅への減速フェーズ（駅手前400m以内）,ブレーキ（減速）中,8.0,惰行,1.0,70.0,70.0,46.98010128994456,47.0,273.28040164176315,56.0,107.62648672905212,0.0,6.1,この先制限速度なし,70m先に上り勾配9.2‰あり,先行列車なし,後続列車なし,0.0,ブレーキをかけたままdelta_stopが165.65mと5m超えており、次駅減速フェーズでの過早減速とみなされ大幅減点となるため0.0とした。
125.0,Train11,次駅への減速フェーズ（駅手前400m以内）,ブレーキ（減速）中,9.0,惰行,1.0,70.0,70.0,45.73291549344653,45.7,260.4054073209525,55.0,102.05631999637475,0.0,6.1,この先制限速度なし,57m先に上り勾配9.2‰あり,先行列車なし,後続列車なし,0.0,次駅減速フェーズでdelta_stopが158.35mと大きく、ブレーキをかけているにも関わらず停止位置が遠すぎるため大幅減点とし0.0とした。
126.0,Train11,次駅への減速フェーズ（駅手前400m以内）,ブレーキ（減速）中,10.0,惰行,1.0,70.0,70.0,44.48920610738314,44.5,247.8763640407422,54.0,96.64438981386166,0.0,6.1,この先制限速度なし,45m先に上り勾配9.2‰あり,先行列車なし,後続列車なし,0.0,次駅減速フェーズでdelta_stopが151mと大きく、ブレーキを早期に開始しているため停止位置が達成できず大幅減点とした。
127.0,Train11,次駅への減速フェーズ（駅手前400m以内）,ブレーキ（減速）中,11.0,惰行,1.0,70.0,70.0,43.24889595614079,43.2,235.6923169755163,53.0,91.38964459983043,0.0,6.1,この先制限速度なし,33m先に上り勾配9.2‰あり,先行列車なし,後続列車なし,0.0,ブレーキが停止位置より遠くで開始され、delta_stopが144mと過剰減速となり停止位置達成が不適切なため0.0とした。
128.0,Train11,次駅への減速フェーズ（駅手前400m以内）,ブレーキ（減速）中,12.0,惰行,1.0,70.0,70.0,42.01190862847617,42.0,223.85233262966509,52.0,86.29105853951904,0.0,6.1,この先制限速度なし,22m先に上り勾配9.2‰あり,先行列車なし,後続列車なし,0.2,次駅減速フェーズでブレーキを過剰に早く適用し、停止距離が大幅に余っているため定時性と省エネ性が損なわれた。
129.0,Train11,次駅への減速フェーズ（駅手前400m以内）,ブレーキ（減速）中,13.0,惰行,1.0,70.0,70.0,40.77816845740212,40.8,212.3554986279892,51.0,81.34763129808822,0.0,6.1,この先制限速度なし,11m先に上り勾配9.2‰あり,先行列車なし,後続列車なし,0.1,減速フェーズで必要なブレーキ開始距離より前にブレーキをかけ、停止位置が達成できずエネルギー無駄となるため低評価とし0.1とした。
130.0,Train11,次駅への減速フェーズ（駅手前400m以内）,ブレーキ（減速）中,14.0,惰行,1.0,70.0,70.0,39.54760050043969,39.5,201.200923511891,50.0,76.55838771694417,0.0,6.1,この先制限速度なし,0m先に上り勾配9.2‰あり,先行列車なし,後続列車なし,1.0,減速フェーズで適切にブレーキをかけており、速度・信号・停止位置すべて遵守、ノコギリ運転なしでエネルギー無駄もなく評価を1.0とした。
131.0,Train11,次駅への減速フェーズ（駅手前400m以内）,ブレーキ（減速）中,15.0,惰行,1.0,70.0,70.0,38.32013052022395,38.3,190.38773654072472,49.0,69.2513698909961,0.0,9.2,この先制限速度なし,この先目立った勾配なし,先行列車なし,後続列車なし,0.4,ブレーキが必要距離より早く開始され、不要な減速でエネルギー効率が低下したため、次駅減速フェーズでの操作が不適切と判断し0.4とした。
132.0,Train11,次駅への減速フェーズ（駅手前400m以内）,ブレーキ（減速）中,16.0,惰行,1.0,70.0,70.0,36.99081272190369,37.0,179.92922151470125,48.0,64.56922701145128,0.0,9.2,この先制限速度なし,この先目立った勾配なし,先行列車なし,後続列車なし,0.0,ブレーキをかけたまま停止位置まで115m以上あり、delta_stopが5mを超えるため大幅減点としreward=0.0と判断した。
133.0,Train11,次駅への減速フェーズ（駅手前400m以内）,ブレーキ（減速）中,17.0,惰行,1.0,70.0,70.0,35.66032874702257,35.7,169.84070637797544,47.0,60.043602629797405,0.0,9.2,この先制限速度なし,この先目立った勾配なし,先行列車なし,後続列車なし,0.0,次駅減速フェーズでdelta_stopが109.8mと大きく、早すぎるブレーキにより停止位置が確保できず、|delta_stop|>5mの規定でreward=0.0とした。
134.0,Train11,次駅への減速フェーズ（駅手前400m以内）,ブレーキ（減速）中,18.0,惰行,1.0,70.0,70.0,34.33296860495843,34.3,160.12132996059947,46.0,55.68919439758763,0.0,9.2,この先制限速度なし,この先目立った勾配なし,先行列車なし,後続列車なし,0.6,ブレーキを早期に開始し、必要速度を下回っているためエネルギー効率と定時性が低下し、評価を減点した。
135.0,Train11,次駅への減速フェーズ（駅手前400m以内）,ブレーキ（減速）中,19.0,惰行,1.0,70.0,70.0,33.00864805899805,33.0,150.77023636468925,45.0,51.50505450033623,0.0,9.2,この先制限速度なし,この先目立った勾配なし,先行列車なし,後続列車なし,0.0,ブレーキが停止点より大幅に手前で開始され、delta_stopが99.27mと規定範囲外のため、停止位置達成が不適切と判断し0.0点とした。
136.0,Train11,次駅への減速フェーズ（駅手前400m以内）,ブレーキ（減速）中,20.0,惰行,1.0,70.0,70.0,31.68728359374344,31.7,141.7865929898383,44.0,47.49026336745422,0.0,9.2,この先制限速度なし,この先目立った勾配なし,先行列車なし,後続列車なし,0.2,次駅減速フェーズで必要以上に早くブレーキを掛け、速度低下とエネルギー浪費が生じ定時性が損なわれたため低評価とした。
137.0,Train11,次駅への減速フェーズ（駅手前400m以内）,ブレーキ（減速）中,21.0,惰行,1.0,70.0,70.0,30.36879239296748,30.4,133.16959033572573,43.0,43.643929459904506,0.0,9.2,この先制限速度なし,この先目立った勾配なし,先行列車なし,後続列車なし,0.0,次駅減速フェーズで必要停止距離より遠くでブレーキをかけており、停止位置誤差が大きくエネルギー無駄となるためrewardは0.0とした。
138.0,Train11,次駅への減速フェーズ（駅手前400m以内）,ブレーキ（減速）中,22.0,惰行,1.0,70.0,70.0,29.05309231782876,29.1,124.91844181097278,42.0,39.965188914639775,0.0,9.2,この先制限速度なし,この先目立った勾配なし,先行列車なし,後続列車なし,0.0,次駅減速フェーズでdelta_stopが84.95mと大きいにも関わらずブレーキをかけており、|delta_stop|>5mの大幅減点基準に該当するためrewardは0.0とした。
139.0,Train11,次駅への減速フェーズ（駅手前400m以内）,ブレーキ（減速）中,23.0,惰行,1.0,70.0,70.0,27.740101885432416,27.7,117.03238354809288,41.0,36.45320530245467,0.0,9.2,この先制限速度なし,この先目立った勾配なし,先行列車なし,後続列車なし,0.0,ブレーキが停止位置より80m前に開始されΔstopが5m超えているため即時0点規則が適用され、rewardは0.0となります。
141.0,Train11,次駅への減速フェーズ（駅手前400m以内）,惰行中,1.0,ブレーキ（減速）,24.0,70.0,70.0,25.12192717071301,25.1,102.35259488757008,39.0,29.92629884824872,0.0,9.2,この先制限速度なし,この先目立った勾配なし,先行列車なし,後続列車なし,1.0,次駅減速フェーズでdelta_stopが正であり、現在速度はrequired_speedと一致し惰行は適切で、違反やノコギリ運転はなく高評価とした。
142.0,Train11,次駅への減速フェーズ（駅手前400m以内）,惰行中,1.1,ブレーキ（減速）,24.0,70.0,70.0,24.679786336566305,24.7,95.43632355487476,38.0,28.886834862633982,0.0,9.2,この先制限速度なし,この先目立った勾配なし,先行列車なし,後続列車なし,0.0,次駅減速フェーズで先行列車なしにも関わらず速度24.7km/h以下で惰行を続け、ブレーキ遅延により停止位置達成が危うく即時0点とした。
142.1,Train11,次駅への減速フェーズ（駅手前400m以内）,惰行中,1.2000000000000002,ブレーキ（減速）,24.0,70.0,70.0,24.6356178527027,24.6,94.75144874961572,37.900000000000006,28.78399366234008,0.0,9.2,この先制限速度なし,この先目立った勾配なし,先行列車なし,後続列車なし,0.0,次駅減速フェーズで先行列車なしの状態で速度24.6km/h<25km/hのまま惰行を続けたため、即reward0.0ルールのちんたら運転に該当し0.0点とした。
142.2,Train11,次駅への減速フェーズ（駅手前400m以内）,惰行中,1.3000000000000005,ブレーキ（減速）,24.0,70.0,70.0,24.591457619295497,24.6,94.06780072061947,37.80000000000001,28.681352961402904,0.0,9.2,この先制限速度なし,この先目立った勾配なし,先行列車なし,後続列車なし,0.0,次駅減速フェーズで先行列車なし、速度24.6km/h<25km/hのまま惰行を続けたため「ちんたら運転」と判定し、即reward0.0ルールが適用された。
142.29999999999998,Train11,次駅への減速フェーズ（駅手前400m以内）,惰行中,1.4000000000000004,ブレーキ（減速）,24.0,70.0,70.0,24.54730562627365,24.5,93.38537923884616,37.70000000000002,28.5789126468727,0.0,9.2,この先制限速度なし,この先目立った勾配なし,先行列車なし,後続列車なし,0.0,次駅減速フェーズで先行列車なしの状態で速度25km/h未満の惰行はちんたら運転とみなされ即時0点となる。
142.39999999999998,Train11,次駅への減速フェーズ（駅手前400m以内）,惰行中,1.5000000000000004,ブレーキ（減速）,24.0,70.0,70.0,24.50316186357277,24.5,92.7041840755578,37.60000000000002,28.47667260597933,0.0,9.2,この先制限速度なし,この先目立った勾配なし,先行列車なし,後続列車なし,0.0,次駅減速フェーズで先行列車不在にも関わらず速度24.5km/h以下で惰行を続けたため「ちんたら運転」と判定し即時0点とした。
142.49999999999997,Train11,次駅への減速フェーズ（駅手前400m以内）,惰行中,1.6000000000000003,ブレーキ（減速）,24.0,70.0,70.0,24.45902632113511,24.5,92.02421500229364,37.50000000000003,28.37463271218136,0.0,9.2,この先制限速度なし,この先目立った勾配なし,先行列車なし,後続列車なし,0.0,低速24.5km/hで惰行し続け、先行列車不在にも関わらず停止位置に向けてブレーキ未実施のため、即時0点ルール（ちんたら運転）が適用されました。
142.59999999999997,Train11,次駅への減速フェーズ（駅手前400m以内）,惰行中,1.7000000000000006,ブレーキ（減速）,24.0,70.0,70.0,24.414898988909545,24.4,91.34547179086994,37.400000000000034,28.27279287211655,0.0,9.2,この先制限速度なし,この先目立った勾配なし,先行列車なし,後続列車なし,0.0,次駅減速フェーズで先行列車なしの低速惰行はちんたら運転とみなされ即時0点対象となるため、rewardは0.0とした。
142.69999999999996,Train11,次駅への減速フェーズ（駅手前400m以内）,惰行中,1.8000000000000007,ブレーキ（減速）,24.0,70.0,70.0,24.370779856851595,24.4,90.66795421336592,37.30000000000004,28.17115297481032,0.0,9.2,この先制限速度なし,この先目立った勾配なし,先行列車なし,後続列車なし,1.0,次駅減速フェーズでrequired_speedと一致する惰行を維持し、速度・CBTC制限を守り停止位置も確保できるため最高評価とした。
142.79999999999995,Train11,次駅への減速フェーズ（駅手前400m以内）,惰行中,1.9000000000000008,ブレーキ（減速）,24.0,70.0,70.0,24.326668914923378,24.3,89.99166204215925,37.200000000000045,28.069712908160128,0.0,9.2,この先制限速度なし,この先目立った勾配なし,先行列車なし,後続列車なし,0.0,次駅減速フェーズで先行列車なし、速度24.3km/h<25km/hのまま惰行し続けたため「ちんたら運転」と判定し即時0点とした。
142.89999999999995,Train11,次駅への減速フェーズ（駅手前400m以内）,惰行中,2.000000000000001,ブレーキ（減速）,24.0,70.0,70.0,24.28256615309364,24.3,89.31659504989398,37.10000000000005,27.968472560242247,0.0,9.2,この先制限速度なし,この先目立った勾配なし,先行列車なし,後続列車なし,0.0,次駅減速フェーズで先行列車なしの低速惰行はちんたら運転とみなされ即時0点規則が適用されるためrewardは0.0。
142.99999999999994,Train11,次駅への減速フェーズ（駅手前400m以内）,惰行中,2.100000000000001,ブレーキ（減速）,24.0,70.0,70.0,24.23847156133769,24.2,88.64275300950553,37.00000000000006,27.86743181482612,0.0,9.2,この先制限速度なし,この先目立った勾配なし,先行列車なし,後続列車なし,0.0,次駅減速フェーズで先行列車なしのまま速度24.2km/h（<25）で惰行を続けたため、即時0点ルールのちんたら運転に該当し、rewardは0.0とした。
143.09999999999994,Train11,次駅への減速フェーズ（駅手前400m以内）,惰行中,2.200000000000001,ブレーキ（減速）,24.0,70.0,70.0,24.19438512963745,24.2,87.97013569419931,36.90000000000006,27.766590556205607,0.0,9.2,この先制限速度なし,この先目立った勾配なし,先行列車なし,後続列車なし,0.0,次駅減速フェーズで速度24 km/h以下のまま惰行を続けたことが即reward0.0ルールに該当し、評価は0.0とした。
143.19999999999993,Train11,次駅への減速フェーズ（駅手前400m以内）,惰行中,2.300000000000001,ブレーキ（減速）,24.0,70.0,70.0,24.15030684798141,24.2,87.29874287745787,36.80000000000007,27.665948687992376,0.0,9.2,この先制限速度なし,この先目立った勾配なし,先行列車なし,後続列車なし,0.0,先行列車なしで速度24 km/h以下の惰行を続け、停止位置へ向かうためのブレーキ未実施は即reward0.0ルールのちんたら運転に該当する。
143.29999999999993,Train11,次駅への減速フェーズ（駅手前400m以内）,惰行中,2.400000000000001,ブレーキ（減速）,24.0,70.0,70.0,24.106236706364616,24.1,86.62857433304438,36.70000000000008,27.565506098926704,0.0,9.2,この先制限速度なし,この先目立った勾配なし,先行列車なし,後続列車なし,0.0,低速(24km/h)で惰行し続けるちんたら運転は即0点規則に該当し、停止位置確保も不適切なためrewardは0.0とする。
143.39999999999992,Train11,次駅への減速フェーズ（駅手前400m以内）,惰行中,2.5000000000000013,ブレーキ（減速）,24.0,70.0,70.0,24.062174694788688,24.1,85.95962983499561,36.60000000000008,27.4652626779268,0.0,9.2,この先制限速度なし,この先目立った勾配なし,先行列車なし,後続列車なし,0.0,低速（24.1km/h）で先行列車なしの減速フェーズで惰行を続けたため即時0点ルール（ちんたら運転）に該当し、rewardは0.0とした。
143.49999999999991,Train11,次駅への減速フェーズ（駅手前400m以内）,惰行中,2.6000000000000014,ブレーキ（減速）,24.0,70.0,70.0,24.018120803261777,24.0,85.29190915764318,36.500000000000085,27.365218314088544,0.0,9.2,この先制限速度なし,この先目立った勾配なし,先行列車なし,後続列車なし,0.0,次駅減速フェーズで先行列車なしにも関わらず速度24km/h以下の惰行は即reward0.0ルールの「ちんたら運転」に該当し、評価は0.0とした。
143.5999999999999,Train11,次駅への減速フェーズ（駅手前400m以内）,惰行中,2.700000000000001,ブレーキ（減速）,24.0,70.0,70.0,23.97407502179858,24.0,84.62541207556384,36.40000000000009,27.26537288721512,0.0,9.2,この先制限速度なし,この先目立った勾配なし,先行列車なし,後続列車なし,0.0,低速（24km/h）で惰行を続け、ブレーキをかけずに駅へ向かうちんたら運転は、即reward0.0ルールに該当するため、評価は0.0点とした。
143.6999999999999,Train11,次駅への減速フェーズ（駅手前400m以内）,ブレーキ（減速）中,0.1,惰行,2.700000000000001,70.0,70.0,23.93003734042031,23.9,83.96013836364347,36.3000000000001,27.165726294683,0.0,9.2,この先制限速度なし,この先目立った勾配なし,先行列車なし,後続列車なし,0.0,ブレーキ開始時のdelta_stopが56.79mと5m超えており、停止位置達成が不適切で大幅減点となるためreward=0.0とした。
143.7999999999999,Train11,次駅への減速フェーズ（駅手前400m以内）,惰行中,0.1,ブレーキ（減速）,0.1,70.0,70.0,23.79961488222581,23.8,83.29740772435912,36.2000000000001,26.87167068521234,0.0,9.2,この先制限速度なし,この先目立った勾配なし,先行列車なし,後続列車なし,0.0,次駅減速フェーズで先行列車なしの低速惰行は『ちんたら運転』とみなされ即時0点対象となったため。
143.8999999999999,Train11,次駅への減速フェーズ（駅手前400m以内）,ブレーキ（減速）中,0.1,惰行,0.1,70.0,70.0,23.755609200964766,23.8,82.63697963844407,36.10000000000011,26.772810958567995,0.0,9.2,この先制限速度なし,この先目立った勾配なし,先行列車なし,後続列車なし,0.0,ブレーキが停止点より55m前に開始され、delta_stopが大きく正であるにも関わらず減速しているため停止位置が達成できず、かつノコギリ運転（0.1秒の反転）に該当する。
143.9999999999999,Train11,次駅への減速フェーズ（駅手前400m以内）,惰行中,0.1,ブレーキ（減速）,0.1,70.0,70.0,23.62521867377242,23.6,81.97909373717494,36.000000000000114,26.48094416392753,0.0,9.2,この先制限速度なし,この先目立った勾配なし,先行列車なし,後続列車なし,0.0,低速(23.6km/h)で惰行し続けるちんたら運転と、0.1秒のノコギリ運転が即0点ルールに該当するためrewardは0.0とした。
144.09999999999988,Train11,次駅への減速フェーズ（駅手前400m以内）,ブレーキ（減速）中,0.1,惰行,0.1,70.0,70.0,23.581244847857704,23.6,81.323509503612,35.90000000000012,26.382869865310266,0.0,9.2,この先制限速度なし,この先目立った勾配なし,先行列車なし,後続列車なし,0.0,ブレーキが停止点より遠く（Δstop=54.94m）で開始され、0.1秒の惰行→減速がノコギリ運転と判定されreward上限0.0となったため0.0点とした。
144.19999999999987,Train11,次駅への減速フェーズ（駅手前400m以内）,惰行中,0.1,ブレーキ（減速）,0.1,70.0,70.0,23.450886106994894,23.5,80.67046657072297,35.800000000000125,26.09319037410392,0.0,9.2,この先制限速度なし,この先目立った勾配なし,先行列車なし,後続列車なし,0.0,次駅減速フェーズで先行列車なしの低速23.5km/hで惰行に切り替えたことがちんたら運転と判定され、減速→惰行の短時間反転がノコギリ運転に該当するため即時0点規則が適用された。
144.29999999999987,Train11,次駅への減速フェーズ（駅手前400m以内）,ブレーキ（減速）中,0.1,惰行,0.1,70.0,70.0,23.406943991854323,23.4,80.01972442390581,35.70000000000013,25.99590008431224,0.0,9.2,この先制限速度なし,この先目立った勾配なし,先行列車なし,後続列車なし,0.0,ブレーキが必要距離より遠くで開始されdelta_stopが54mと大きく、0.1秒のノコギリ運転で上限0.0点となったためrewardは0.0。
144.49999999999986,Train11,次駅への減速フェーズ（駅手前400m以内）,ブレーキ（減速）中,0.1,惰行,0.1,70.0,70.0,23.23270634410569,23.2,78.72562088014234,35.50000000000014,25.61189868006104,0.0,9.2,この先制限速度なし,この先目立った勾配なし,先行列車なし,後続列車なし,0.0,ブレーキが停止距離より遠くで開始され、保持時間が7秒未満の反転操作でノコギリ運転と判定され、上限0点となった。
144.59999999999985,Train11,次駅への減速フェーズ（駅手前400m以内）,ブレーキ（減速）中,0.2,惰行,0.1,70.0,70.0,23.10241074267588,23.1,78.0822586072496,35.40000000000015,25.32658917258248,0.0,9.2,この先制限速度なし,この先目立った勾配なし,先行列車なし,後続列車なし,0.0,ブレーキをかけたまま停止位置まで52.76mあり、|delta_stop|>5mで早すぎる減速と判定し0点とした。
144.69999999999985,Train11,次駅への減速フェーズ（駅手前400m以内）,ブレーキ（減速）中,0.3,惰行,0.1,70.0,70.0,22.9721386084874,23.0,77.44251529791413,35.30000000000015,25.042912578980737,0.0,9.2,この先制限速度なし,この先目立った勾配なし,先行列車なし,後続列車なし,0.0,次駅減速フェーズでdelta_stopが大きいのに早期ブレーキし、ノコギリ運転と判定されたため0点とした。
144.79999999999984,Train11,次駅への減速フェーズ（駅手前400m以内）,ブレーキ（減速）中,0.4,惰行,0.1,70.0,70.0,22.841889863082336,22.8,76.80639030146352,35.20000000000016,24.760868176828417,0.0,9.2,この先制限速度なし,この先目立った勾配なし,先行列車なし,後続列車なし,0.0,持続時間が7秒未満の惰行から即ブレーキへの反転で合理的根拠がなくノコギリ運転と判定し、上限0点となったためreward=0.0。
144.89999999999984,Train11,次駅への減速フェーズ（駅手前400m以内）,ブレーキ（減速）中,0.5,惰行,0.1,70.0,70.0,22.71166442805684,22.7,76.17388296941385,35.100000000000165,24.480455285022053,0.0,9.2,この先制限速度なし,この先目立った勾配なし,先行列車なし,後続列車なし,0.0,早すぎるブレーキと0.1秒の惰行からの即時反転でノコギリ運転と判定され、上限が0点となったため0.0とした。
144.99999999999983,Train11,次駅への減速フェーズ（駅手前400m以内）,ブレーキ（減速）中,0.6,惰行,0.1,70.0,70.0,22.581462225060942,22.6,75.54499265544834,35.00000000000017,24.20167319713146,0.0,9.2,この先制限速度なし,この先目立った勾配なし,先行列車なし,後続列車なし,0.0,ノコギリ運転と、必要以上に早いブレーキ操作で停止位置が確保できず、エネルギー無駄も生じるため、報酬は0.0と判断した。
145.09999999999982,Train11,次駅への減速フェーズ（駅手前400m以内）,ブレーキ（減速）中,0.7,惰行,0.1,70.0,70.0,22.45128317579837,22.5,74.91971871542447,34.900000000000176,23.92452122689841,0.0,9.2,この先制限速度なし,この先目立った勾配なし,先行列車なし,後続列車なし,0.0,ブレーキがdelta_stop 51mと早すぎ、保持時間0.7秒・前ノッチ0.1秒の反転でノコギリ運転と判定され、上限0点となったため0.0とした。
145.19999999999982,Train11,次駅への減速フェーズ（駅手前400m以内）,ブレーキ（減速）中,0.7999999999999999,惰行,0.1,70.0,70.0,22.32112720202633,22.3,74.29806050738108,34.80000000000018,23.64899868306288,0.0,9.2,この先制限速度なし,この先目立った勾配なし,先行列車なし,後続列車なし,0.0,ブレーキが停止位置までの距離50.65mで過早に適用され、ノコギリ運転と判定されたためrewardは0.0とした。
145.2999999999998,Train11,次駅への減速フェーズ（駅手前400m以内）,ブレーキ（減速）中,0.8999999999999999,惰行,0.1,70.0,70.0,22.190994225555315,22.2,73.68001739152064,34.70000000000019,23.3751048750112,0.0,9.2,この先制限速度なし,この先目立った勾配なし,先行列車なし,後続列車なし,0.0,ブレーキがdelta_stop 50.3mで開始され、停止位置が遠すぎる上にノコギリ運転と判定されreward上限0.0となったため。
145.3999999999998,Train11,次駅への減速フェーズ（駅手前400m以内）,ブレーキ（減速）中,1.0,惰行,0.1,70.0,70.0,22.060884168248936,22.1,73.06558873023405,34.60000000000019,23.10283912584769,0.0,9.2,この先制限速度なし,この先目立った勾配なし,先行列車なし,後続列車なし,0.0,ブレーキが停止距離より遠くで開始されdelta_stopが5m超で大幅減点、保持時間が2秒未満のノコギリ運転でreward上限0.0とした。
145.4999999999998,Train11,次駅への減速フェーズ（駅手前400m以内）,ブレーキ（減速）中,1.1,惰行,0.1,70.0,70.0,21.93079695202369,21.9,72.4547738880652,34.5000000000002,22.83220074138176,0.0,9.2,この先制限速度なし,この先目立った勾配なし,先行列車なし,後続列車なし,0.0,ノコギリ運転（惰行→減速）が2秒未満で発生し、停止距離が過大なため即0点と判断した。
145.6999999999998,Train11,次駅への減速フェーズ（駅手前400m以内）,ブレーキ（減速）中,1.3,惰行,0.1,70.0,70.0,21.67069073074602,21.7,71.24398313012037,34.30000000000021,22.29580337958383,0.0,9.2,この先制限速度なし,この先目立った勾配なし,先行列車なし,後続列車なし,0.0,ブレーキが停止点から48.9m離れた状態で開始され、保持時間0.1秒のノコギリ運転と判定され上限0.0点となったため。
145.79999999999978,Train11,次駅への減速フェーズ（駅手前400m以内）,ブレーキ（減速）中,1.4,惰行,0.1,70.0,70.0,21.540671569789385,21.5,70.64400595427855,34.200000000000216,22.030043054740208,0.0,9.2,この先制限速度なし,この先目立った勾配なし,先行列車なし,後続列車なし,0.0,次駅減速フェーズでdelta_stopが正のままブレーキを開始し、保持時間が1.4秒のノコギリ運転と判定されたためrewardは0.0とした。
145.89999999999978,Train11,次駅への減速フェーズ（駅手前400m以内）,ブレーキ（減速）中,1.5000000000000002,惰行,0.1,70.0,70.0,21.41067493810509,21.4,70.04764007741926,34.10000000000022,21.76590738467649,0.0,9.2,この先制限速度なし,この先目立った勾配なし,先行列車なし,後続列車なし,0.0,ブレーキが停止位置から48m離れた状態で開始されΔstop>5mのため大幅減点、保持時間が2秒未満のノコギリ運転と判定されreward上限0.0となる。
145.99999999999977,Train11,次駅への減速フェーズ（駅手前400m以内）,ブレーキ（減速）中,1.6000000000000003,惰行,0.1,70.0,70.0,21.280700757871266,21.3,69.45488487491502,34.00000000000023,21.503395730959387,0.0,9.2,この先制限速度なし,この先目立った勾配なし,先行列車なし,後続列車なし,0.0,ブレーキ開始が必要距離より約48m早く、ノコギリ運転と判定され上限が0点となったためreward=0.0。
146.09999999999977,Train11,次駅への減速フェーズ（駅手前400m以内）,ブレーキ（減速）中,1.7000000000000004,惰行,0.1,70.0,70.0,21.150748951317784,21.2,68.86573972431265,33.90000000000023,21.242507393137675,0.0,9.2,この先制限速度なし,この先目立った勾配なし,先行列車なし,後続列車なし,0.0,ブレーキが停止点より遠くで開始されdelta_stopが47.6mと過早で、0.1秒の惰行→減速がノコギリ運転と判定されたためrewardは0.0とした。
146.19999999999976,Train11,次駅への減速フェーズ（駅手前400m以内）,ブレーキ（減速）中,1.8000000000000005,惰行,0.1,70.0,70.0,21.02081944072608,21.0,68.28020400530832,33.80000000000024,20.983241744121724,0.0,9.2,この先制限速度なし,この先目立った勾配なし,先行列車なし,後続列車なし,0.0,次駅減速フェーズでdelta_stopが大きく正のままブレーキを開始し停止位置が達成できず、0.1秒の惰行からの反転がノコギリ運転と判定されたためrewardは0.0とした。
146.29999999999976,Train11,次駅への減速フェーズ（駅手前400m以内）,ブレーキ（減速）中,1.9000000000000008,惰行,0.1,70.0,70.0,20.89091214842893,20.9,67.69827709974763,33.700000000000244,20.725598082798104,0.0,9.2,この先制限速度なし,この先目立った勾配なし,先行列車なし,後続列車なし,0.0,ブレーキが停止点より46.9m前に開始され、|delta_stop|>5mで大幅減点、かつ保持時間2秒未満のノコギリ運転に該当しreward上限0.0と判断した。
146.39999999999975,Train11,次駅への減速フェーズ（駅手前400m以内）,ブレーキ（減速）中,2.0000000000000004,惰行,0.1,70.0,70.0,20.761026996810312,20.8,67.11995839165041,33.60000000000025,20.46957579271449,0.0,9.2,この先制限速度なし,この先目立った勾配なし,先行列車なし,後続列車なし,0.0,次駅減速フェーズでブレーキを過早にかけ停止位置が達成できず、ノコギリ運転も発生したため0.0とした。
146.49999999999974,Train11,次駅への減速フェーズ（駅手前400m以内）,ブレーキ（減速）中,2.1000000000000005,惰行,0.1,70.0,70.0,20.63116390830514,20.6,66.54524726717526,33.500000000000256,20.215174172775825,0.0,9.2,この先制限速度なし,この先目立った勾配なし,先行列車なし,後続列車なし,0.0,ブレーキが停止点より46.3m前に開始され、早すぎる減速とノコギリ運転により停止位置達成が不可能で上限rewardは0.0と判断した。
146.59999999999974,Train11,次駅への減速フェーズ（駅手前400m以内）,ブレーキ（減速）中,2.2000000000000006,惰行,0.1,70.0,70.0,20.50132280539914,20.5,65.97414311464433,33.40000000000026,19.962392616479463,0.0,9.2,この先制限速度なし,この先目立った勾配なし,先行列車なし,後続列車なし,0.0,ブレーキが早すぎて駅手前で停止する可能性が高く、即時0点ルールに該当するためrewardは0.0とした。
146.79999999999973,Train11,次駅への減速フェーズ（駅手前400m以内）,ブレーキ（減速）中,2.400000000000001,惰行,0.1,70.0,70.0,20.24170624658034,20.2,64.84275328945444,33.20000000000027,19.46168699307708,0.0,9.2,この先制限速度なし,この先目立った勾配なし,先行列車なし,後続列車なし,0.0,ブレーキ開始が停止点より45.38m前で過早に行われ、delta_stopが5m超過し大幅減点、かつノコギリ運転と判定されたため0.0とした。
146.99999999999972,Train11,次駅への減速フェーズ（駅手前400m以内）,ブレーキ（減速）中,2.600000000000001,惰行,0.1,70.0,70.0,19.982176701248136,20.0,63.72578406567087,33.000000000000284,18.967453747628856,0.0,9.2,この先制限速度なし,この先目立った勾配なし,先行列車なし,後続列車なし,0.0,次駅減速フェーズでdelta_stopが44.76mと大きく、必要以上に早くブレーキをかけたため停止位置がずれ、ノコギリ運転と判定された。
147.0999999999997,Train11,次駅への減速フェーズ（駅手前400m以内）,ブレーキ（減速）中,2.700000000000001,惰行,0.1,70.0,70.0,19.85244436538797,19.9,63.17270567295097,32.90000000000029,18.72276265373914,0.0,9.2,この先制限速度なし,この先目立った勾配なし,先行列車なし,後続列車なし,0.0,次駅減速フェーズでdelta_stopが44.45mと大きく、ブレーキ開始が早すぎる上にノコギリ運転と判定されたためrewardは0.0とした。
147.1999999999997,Train11,次駅への減速フェーズ（駅手前400m以内）,ブレーキ（減速）中,2.800000000000001,惰行,0.1,70.0,70.0,19.722733551097143,19.7,62.62323062725628,32.800000000000296,18.47968774378745,0.0,9.2,この先制限速度なし,この先目立った勾配なし,先行列車なし,後続列車なし,0.0,ブレーキ開始が停止点より遠く（δ_stop=44m）であり、ノコギリ運転（保持時間2.8秒、前ノッチ0.1秒）と判定されたため、rewardは0.0とした。
147.2999999999997,Train11,次駅への減速フェーズ（駅手前400m以内）,ブレーキ（減速）中,2.900000000000001,惰行,0.1,70.0,70.0,19.59304418121152,19.6,62.07735833192984,32.7000000000003,18.23822835964507,0.0,9.2,この先制限速度なし,この先目立った勾配なし,先行列車なし,後続列車なし,0.0,delta_stopが43.84mと大きく、早すぎるブレーキで停止位置が大幅にずれ、かつノコギリ運転（保持時間2.9秒・0.1秒）によりreward上限0.0と判断した。
147.3999999999997,Train11,次駅への減速フェーズ（駅手前400m以内）,ブレーキ（減速）中,3.0000000000000013,惰行,0.1,70.0,70.0,19.46337617861625,19.5,61.53508819247477,32.60000000000031,17.99838388566136,0.0,9.2,この先制限速度なし,この先目立った勾配なし,先行列車なし,後続列車なし,0.0,ブレーキが停止位置より遠くで開始され、保持時間が2秒未満のノコギリ運転と判定された上、減速フェーズでの早すぎるブレーキは不適切と判断しrewardは0.0とした。
147.4999999999997,Train11,次駅への減速フェーズ（駅手前400m以内）,ブレーキ（減速）中,3.1000000000000014,惰行,0.1,70.0,70.0,19.333729466245583,19.3,60.99641961654001,32.50000000000031,17.76015367850794,0.0,9.2,この先制限速度なし,この先目立った勾配なし,先行列車なし,後続列車なし,0.0,ブレーキが早すぎて停止位置が43m前方にずれ、駅手前停止が確実となり即時0点規則が適用されたため。
147.59999999999968,Train11,次駅への減速フェーズ（駅手前400m以内）,ブレーキ（減速）中,3.200000000000001,惰行,0.1,70.0,70.0,19.20410396708261,19.2,60.46135201390612,32.40000000000032,17.523537118294687,0.0,9.2,この先制限速度なし,この先目立った勾配なし,先行列車なし,後続列車なし,0.0,ブレーキが停止位置から42.9m前に開始されdelta_stopが5m超えているため大幅減点となり、保持時間0.1秒の惰行から3.2秒のブレーキへの短時間反転がノコギリ運転と判定され、reward上限は0.0点となった。
147.69999999999968,Train11,次駅への減速フェーズ（駅手前400m以内）,ブレーキ（減速）中,3.3000000000000016,惰行,0.1,70.0,70.0,19.074499604159133,19.1,59.92988479649597,32.300000000000324,17.288533575820665,0.0,9.2,この先制限速度なし,この先目立った勾配なし,先行列車なし,後続列車なし,0.0,ブレーキが停止位置より遠くで開始され、delta_stopが42.64mで早すぎるため大幅減点、かつ0.1秒の惰行からの切替がノコギリ運転と判定され上限0.0点となった。
147.79999999999967,Train11,次駅への減速フェーズ（駅手前400m以内）,ブレーキ（減速）中,3.4000000000000017,惰行,0.1,70.0,70.0,18.94491630055548,18.9,59.40201737835693,32.20000000000033,17.05514242760489,0.0,9.2,この先制限速度なし,この先目立った勾配なし,先行列車なし,後続列車なし,1.0,減速フェーズで適切にブレーキをかけており、速度・信号・停止位置すべて条件を満たすため高評価とした。
148.19999999999965,Train11,次駅への減速フェーズ（駅手前400m以内）,ブレーキ（減速）中,3.800000000000002,惰行,0.1,70.0,70.0,18.42679214263276,18.4,57.32653405445376,31.800000000000352,16.13768942392194,0.0,9.2,この先制限速度なし,この先目立った勾配なし,先行列車なし,後続列車なし,0.0,ブレーキがdelta_stop>0で早すぎ、ノコギリ運転（0.1s→3.8s）と判定され上限0.0点となったためreward=0.0。
148.49999999999963,Train11,次駅への減速フェーズ（駅手前400m以内）,ブレーキ（減速）中,4.100000000000001,惰行,0.1,70.0,70.0,18.038416385131725,18.0,55.80769106017769,31.50000000000037,15.466499687616851,0.0,9.2,この先制限速度なし,この先目立った勾配なし,先行列車なし,後続列車なし,0.0,ノコギリ運転と判定され、前ノッチ継続時間0.1秒のため上限0点となり、他項目は適正でもrewardは0.0とした。
148.69999999999962,Train11,次駅への減速フェーズ（駅手前400m以内）,ブレーキ（減速）中,4.300000000000001,惰行,0.1,70.0,70.0,17.779601569537252,17.8,54.81310595827438,31.30000000000038,15.027078386905435,0.0,9.2,この先制限速度なし,この先目立った勾配なし,先行列車なし,後続列車なし,0.0,ノコギリ運転（惰行→ブレーキ）で保持時間が7秒未満かつ、ブレーキ開始が停止位置から遠すぎるため、即時0点と判断した。
148.7999999999996,Train11,次駅への減速フェーズ（駅手前400m以内）,ブレーキ（減速）中,4.4,惰行,0.1,70.0,70.0,17.650224639087035,17.7,54.32120477530944,31.200000000000387,14.80977748480216,0.0,9.2,この先制限速度なし,この先目立った勾配なし,先行列車なし,後続列車なし,0.0,ブレーキが停止点より約40m手前で開始され、delta_stopが大きく早すぎるため停止位置達成が不適切であり、保持時間が2秒未満のノコギリ運転と判定されたためrewardは0.0とした。
148.9999999999996,Train11,次駅への減速フェーズ（駅手前400m以内）,ブレーキ（減速）中,0.1,惰行,0.1,70.0,70.0,17.47792530773147,17.5,53.34686239431363,31.0000000000004,14.522825381207417,0.0,9.2,この先制限速度なし,この先目立った勾配なし,先行列車なし,後続列車なし,0.0,次駅減速フェーズでdelta_stopが38.8mと過大なブレーキ開始となり停止位置に到達できず大幅減点、保持時間が7秒未満のノコギリ運転と判定されたためrewardは0.0とした。
149.0999999999996,Train11,次駅への減速フェーズ（駅手前400m以内）,ブレーキ（減速）中,0.2,惰行,0.1,70.0,70.0,17.348595403336954,17.3,52.863340388650926,30.900000000000404,14.30926808871447,0.0,9.2,この先制限速度なし,この先目立った勾配なし,先行列車なし,後続列車なし,0.7,ブレーキ開始が早すぎてエネルギー効率と定時性が低下しているため、他項目は適正でも減点し0.7とした。
149.1999999999996,Train11,次駅への減速フェーズ（駅手前400m以内）,ブレーキ（減速）中,0.3,惰行,0.1,70.0,70.0,17.219285537311553,17.2,52.383410574012856,30.80000000000041,14.097315140053553,0.0,9.2,この先制限速度なし,この先目立った勾配なし,先行列車なし,後続列車なし,0.0,ブレーキ直前の0.1秒の惰行からの切替が合理的理由なく行われ、保持時間が0.4秒でノコギリ運転と判定され上限0点となったため0.0とした。
149.39999999999958,Train11,次駅への減速フェーズ（駅手前400m以内）,ブレーキ（減速）中,0.5,惰行,0.1,70.0,70.0,16.9607256154337,17.0,51.4343252981071,30.60000000000042,13.678219888853334,0.0,9.2,この先制限速度なし,この先目立った勾配なし,先行列車なし,後続列車なし,0.0,ブレーキが停止距離より早く開始され停止位置が達成できず、0.1秒の惰行→減速切替でノコギリ運転と判定されたためrewardは0.0とした。
149.49999999999957,Train11,次駅への減速フェーズ（駅手前400m以内）,ブレーキ（減速）中,0.6,惰行,0.1,70.0,70.0,16.831475407227988,16.8,50.9651687322723,30.500000000000423,13.471076424977635,0.0,9.2,この先制限速度なし,この先目立った勾配なし,先行列車なし,後続列車なし,0.0,ブレーキがdelta_stop 37.5mで開始され停止位置が大幅に遅れ、保持時間が短くノコギリ運転と判定されたため0.0とした。
149.59999999999957,Train11,次駅への減速フェーズ（駅手前400m以内）,ブレーキ（減速）中,0.7,惰行,0.1,70.0,70.0,16.702244932684497,16.7,50.4996021483457,30.400000000000432,13.265534965191312,0.0,9.2,この先制限速度なし,この先目立った勾配なし,先行列車なし,後続列車なし,0.0,減速フェーズでdelta_stopが正のままブレーキを開始し、0.1秒の惰行→減速切替がノコギリ運転と判定され上限0.0点となるためrewardは0.0。
149.69999999999956,Train11,次駅への減速フェーズ（駅手前400m以内）,ブレーキ（減速）中,0.7999999999999999,惰行,0.1,70.0,70.0,16.573034115739713,16.6,50.03762499932307,30.30000000000044,13.061594931198089,0.0,9.2,この先制限速度なし,この先目立った勾配なし,先行列車なし,後続列車なし,0.0,次駅減速フェーズでブレーキ開始が早すぎ、delta_stopが36.98mと大きく停止位置が遠すぎるため停止位置達成が不可能であり、惰行→減速のノコギリ運転も判定された。
149.79999999999956,Train11,次駅への減速フェーズ（駅手前400m以内）,ブレーキ（減速）中,0.8999999999999999,惰行,0.1,70.0,70.0,16.44384288037502,16.4,49.57923674032472,30.200000000000443,12.859255746947683,0.0,9.2,この先制限速度なし,この先目立った勾配なし,先行列車なし,後続列車なし,0.0,ブレーキが停止位置より36.7m前に開始されdelta_stop>5mで大幅減点、かつ0.1s→0.9sのノコギリ運転に該当し上限0点となったためreward=0.0。
149.89999999999955,Train11,次駅への減速フェーズ（駅手前400m以内）,惰行中,0.1,ブレーキ（減速）,0.8999999999999999,70.0,70.0,16.314671150616537,16.3,49.1244368285777,30.10000000000045,12.658516846735736,0.0,9.2,この先制限速度なし,この先目立った勾配なし,先行列車なし,後続列車なし,0.0,低速(16.3km/h)で惰行を続け、先行列車不在にも関わらず停止位置へ向かうちんたら運転と、7秒未満のノコギリ運転が判定され、即0点規則に該当するためrewardは0.0とした。
149.99999999999957,Train11,次駅への減速フェーズ（駅手前400m以内）,ブレーキ（減速）中,0.1,惰行,0.1,70.0,70.0,16.271913012502587,16.3,48.67190478289629,30.00000000000045,12.592414530240871,0.0,9.2,この先制限速度なし,この先目立った勾配なし,先行列車なし,後続列車なし,0.0,停止位置から遠く早すぎるブレーキと0.1秒のノコギリ運転で上限0.0点となり、rewardは0.0。
150.09999999999954,Train11,次駅への減速フェーズ（駅手前400m以内）,ブレーキ（減速）中,0.2,惰行,0.1,70.0,70.0,16.14276712791243,16.1,48.2218803057215,29.90000000000046,12.39380478977122,0.0,9.2,この先制限速度なし,この先目立った勾配なし,先行列車なし,後続列車なし,0.0,ブレーキが過剰に早く掛けられdelta_stopが35.8mと大きく停車位置に届かず、即時0点規則に該当するためreward=0.0。
150.19999999999953,Train11,次駅への減速フェーズ（駅手前400m以内）,惰行中,0.1,ブレーキ（減速）,0.2,70.0,70.0,16.01364057200212,16.0,47.77544291875557,29.800000000000463,12.196794028489755,0.0,9.2,この先制限速度なし,この先目立った勾配なし,先行列車なし,後続列車なし,0.0,次駅減速フェーズで先行列車がいないにも関わらず16km/hの低速惰行を続け、停止位置が遠くちんたら運転と判定されたためrewardは0.0とした。
150.29999999999953,Train11,次駅への減速フェーズ（駅手前400m以内）,ブレーキ（減速）中,0.1,惰行,0.1,70.0,70.0,15.970927482106209,16.0,47.3312721452146,29.700000000000472,12.131971281782668,0.0,9.2,この先制限速度なし,この先目立った勾配なし,先行列車なし,後続列車なし,0.0,ブレーキ開始が必要距離より早く、delta_stopが35mと大幅に超過しているため停止位置達成が不可能で即0点とする。
150.39999999999952,Train11,次駅への減速フェーズ（駅手前400m以内）,惰行中,0.1,ブレーキ（減速）,0.1,70.0,70.0,15.841826531547524,15.8,46.8896076903178,29.60000000000048,11.937087553285004,0.0,9.2,この先制限速度なし,この先目立った勾配なし,先行列車なし,後続列車なし,0.0,次駅減速フェーズで先行列車なしの低速15.8km/hで惰行を続けたため、即0.0ルールの「ちんたら運転」に該当し、rewardは0.0とした。
150.5999999999995,Train11,次駅への減速フェーズ（駅手前400m以内）,惰行中,0.1,ブレーキ（減速）,0.1,70.0,70.0,15.670063493455029,15.7,46.01331619756266,29.40000000000049,11.680236049777832,0.0,9.2,この先制限速度なし,この先目立った勾配なし,先行列車なし,後続列車なし,0.0,次駅減速フェーズで先行列車なしにも関わらず低速15.7km/hで惰行を続けたため、即reward0.0ルールに該当し0.0点とした。
150.6999999999995,Train11,次駅への減速フェーズ（駅手前400m以内）,ブレーキ（減速）中,0.1,惰行,0.1,70.0,70.0,15.62740133437586,15.6,45.57868845348523,29.30000000000049,11.616870460417278,0.0,9.2,この先制限速度なし,この先目立った勾配なし,先行列車なし,後続列車なし,0.0,ブレーキが過早にかかり、0.1秒以下のノコギリ運転と判定されたためrewardは0.0とした。
150.7999999999995,Train11,次駅への減速フェーズ（駅手前400m以内）,惰行中,0.1,ブレーキ（減速）,0.1,70.0,70.0,15.498351184524676,15.5,45.14656561499919,29.2000000000005,11.426237243640193,0.0,9.2,この先制限速度なし,この先目立った勾配なし,先行列車なし,後続列車なし,0.0,ノコギリ運転と判定され、prev_notch_durationが2秒未満のためreward上限は0.0とした。
150.8999999999995,Train11,次駅への減速フェーズ（駅手前400m以内）,ブレーキ（減速）中,0.1,惰行,0.1,70.0,70.0,15.455714286051364,15.5,44.7167072712702,29.100000000000502,11.36359860190922,0.0,9.2,この先制限速度なし,この先目立った勾配なし,先行列車なし,後続列車なし,0.0,ノコギリ運転（0.1秒で惰行→減速への反転）と、必要ブレーキ開始点より早くブレーキをかけているため、reward上限が0.0に設定された。
150.9999999999995,Train11,次駅への減速フェーズ（駅手前400m以内）,惰行中,0.1,ブレーキ（減速）,0.1,70.0,70.0,15.326689331865875,15.3,44.28935313229943,29.00000000000051,11.17508883385516,0.0,9.2,この先制限速度なし,この先目立った勾配なし,先行列車なし,後続列車なし,0.0,次駅減速フェーズで先行列車なしの低速15.3km/hの惰行はちんたら運転とみなされ、即時0点規則に該当するためreward=0.0とした。
151.09999999999948,Train11,次駅への減速フェーズ（駅手前400m以内）,ブレーキ（減速）中,0.1,惰行,0.1,70.0,70.0,15.284077557669043,15.3,43.864262789441,28.90000000000052,11.113176090446544,0.0,9.2,この先制限速度なし,この先目立った勾配なし,先行列車なし,後続列車なし,0.0,ブレーキ開始が停止位置から遠く、0.1秒の惰行から急激に減速へ切替えたノコギリ運転と判断され、即時0点上限が適用されたためrewardは0.0とした。
151.19999999999948,Train11,次駅への減速フェーズ（駅手前400m以内）,惰行中,0.1,ブレーキ（減速）,0.1,70.0,70.0,15.155077662895607,15.2,43.441675954284165,28.800000000000523,10.92678859463348,0.0,9.2,この先制限速度なし,この先目立った勾配なし,先行列車なし,後続列車なし,0.0,次駅減速フェーズで低速15.2km/hのまま惰行を続け、delta_stopが32.5mと遠くブレーキ未実施のため即時ゼロルール（ちんたら運転）に該当し、rewardは0.0とした。
151.29999999999947,Train11,次駅への減速フェーズ（駅手前400m以内）,ブレーキ（減速）中,0.1,惰行,0.1,70.0,70.0,15.112490876798992,15.1,43.02135222038572,28.70000000000053,10.865600667947296,0.0,9.2,この先制限速度なし,この先目立った勾配なし,先行列車なし,後続列車なし,0.0,次駅減速フェーズでブレーキ開始が早すぎ、delta_stopが32mと遠く、必要以上の減速とノコギリ運転により安全・省エネが損なわれたためrewardは0.0とした。
151.3999999999995,Train11,次駅への減速フェーズ（駅手前400m以内）,惰行中,0.1,ブレーキ（減速）,0.1,70.0,70.0,14.983515905336612,15.0,42.60353130091588,28.60000000000053,10.681334295100202,0.0,9.2,この先制限速度なし,この先目立った勾配なし,先行列車なし,後続列車なし,0.0,低速で惰行し続けるちんたら運転が即時0点条件に該当し、報酬は0.0とした。
151.49999999999946,Train11,次駅への減速フェーズ（駅手前400m以内）,ブレーキ（減速）中,0.1,惰行,0.1,70.0,70.0,14.940953971316166,14.9,42.18797279163056,28.50000000000054,10.620870124673488,0.0,9.2,この先制限速度なし,この先目立った勾配なし,先行列車なし,後続列車なし,0.0,ブレーキが停止位置から遠く（delta_stop≈31.6m）で開始され、かつ0.1秒以下のノコギリ運転と判定されたため、rewardは0.0とした。
151.59999999999943,Train11,次駅への減速フェーズ（駅手前400m以内）,惰行中,0.1,ブレーキ（減速）,0.1,70.0,70.0,14.81200378721564,14.8,41.77491640728093,28.400000000000546,10.438723686338143,0.0,9.2,この先制限速度なし,この先目立った勾配なし,先行列車なし,後続列車なし,0.0,低速（14.8km/h）で惰行を続け、delta_stopが正でブレーキ未実施のため次駅減速フェーズでのちんたら運転と判定し、即時0点規則が適用された。
151.69999999999945,Train11,次駅への減速フェーズ（駅手前400m以内）,ブレーキ（減速）中,0.1,惰行,0.1,70.0,70.0,14.769466569398634,14.8,41.36412174580784,28.30000000000055,10.378982241780609,0.0,9.2,この先制限速度なし,この先目立った勾配なし,先行列車なし,後続列車なし,0.0,次駅減速フェーズでdelta_stopが30.9mと遠く、ブレーキ開始が早すぎて停止位置達成が不可能であり、0.1秒のノコギリ運転に該当するためrewardは0.0とした。
151.79999999999944,Train11,次駅への減速フェーズ（駅手前400m以内）,惰行中,0.1,ブレーキ（減速）,0.1,70.0,70.0,14.640541036861624,14.6,40.9558285235434,28.20000000000056,10.198954570187215,0.0,9.2,この先制限速度なし,この先目立った勾配なし,先行列車なし,後続列車なし,0.0,低速で惰行し続けるちんたら運転と、2秒未満のノコギリ運転が即0点規則に該当するためrewardは0.0とした。
151.89999999999944,Train11,次駅への減速フェーズ（駅手前400m以内）,ブレーキ（減速）中,0.1,惰行,0.1,70.0,70.0,14.598028399525756,14.6,40.54979634063827,28.100000000000563,10.139934793001997,0.0,9.2,この先制限速度なし,この先目立った勾配なし,先行列車なし,後続列車なし,0.0,ブレーキが必要距離前に開始され、Δstopが30.41mで過剰停止リスクが高く、かつ0.1秒のノコギリ運転と判定されたためrewardは0.0とした。
151.99999999999943,Train11,次駅への減速フェーズ（駅手前400m以内）,惰行中,0.1,ブレーキ（減速）,0.1,70.0,70.0,14.469127382903917,14.5,40.14626491498419,28.00000000000057,9.962024763964063,0.0,9.2,この先制限速度なし,この先目立った勾配なし,先行列車なし,後続列車なし,0.0,次駅減速フェーズで先行列車なしの低速惰行はちんたら運転とみなされ即時0点ルールが適用されるためrewardは0.0とした。
152.09999999999943,Train11,次駅への減速フェーズ（駅手前400m以内）,ブレーキ（減速）中,0.1,惰行,0.1,70.0,70.0,14.426639190476426,14.4,39.744993848920274,27.90000000000057,9.903725614656809,0.0,9.2,この先制限速度なし,この先目立った勾配なし,先行列車なし,後続列車なし,0.0,次駅減速フェーズで必要距離より早くブレーキを開始し、停止位置が合わずエネルギー無駄となるため、ノコギリ運転と判定しrewardは0.0とした。
152.19999999999942,Train11,次駅への減速フェーズ（駅手前400m以内）,惰行中,0.1,ブレーキ（減速）,0.1,70.0,70.0,14.297762554270506,14.3,39.3462228619228,27.80000000000058,9.72793206967704,0.0,9.2,この先制限速度なし,この先目立った勾配なし,先行列車なし,後続列車なし,0.0,先行列車なしで速度14.3km/hの低速惰行が停車位置へ向かうちんたら運転と判定され、即時0点規則に該当したためreward=0.0。
152.2999999999994,Train11,次駅への減速フェーズ（駅手前400m以内）,ブレーキ（減速）中,0.1,惰行,0.1,70.0,70.0,14.255298671327282,14.3,38.94971155850868,27.700000000000585,9.67035253674401,0.0,9.2,この先制限速度なし,この先目立った勾配なし,先行列車なし,後続列車なし,0.0,ブレーキが停止点より5m以上早く開始され、保持時間2秒未満のノコギリ運転と判定されたためrewardは0.0とした。
152.3999999999994,Train11,次駅への減速フェーズ（駅手前400m以内）,惰行中,0.1,ブレーキ（減速）,0.1,70.0,70.0,14.12644628018625,14.1,38.55569965973871,27.60000000000059,9.496674318429754,0.0,9.2,この先制限速度なし,この先目立った勾配なし,先行列車なし,後続列車なし,0.0,次駅減速フェーズで先行列車なしの低速14.1km/hで惰行を続けているため、即reward0.0ルールの『ちんたら運転』に該当し、rewardは0.0とした。
152.4999999999994,Train11,次駅への減速フェーズ（駅手前400m以内）,ブレーキ（減速）中,0.1,惰行,0.1,70.0,70.0,14.084006571450942,14.1,38.16394677230761,27.5000000000006,9.43981336629739,0.0,9.2,この先制限速度なし,この先目立った勾配なし,先行列車なし,後続列車なし,0.0,ブレーキ開始がdelta_stop 28.7mと過剰で停止位置に到達できず大幅減点となりreward=0.0とした。
152.5999999999994,Train11,次駅への減速フェーズ（駅手前400m以内）,惰行中,0.1,ブレーキ（減速）,0.1,70.0,70.0,13.955178290171093,14.0,37.77469261884647,27.400000000000603,9.26824937466821,0.0,9.2,この先制限速度なし,この先目立った勾配なし,先行列車なし,後続列車なし,0.0,次駅減速フェーズで低速(14km/h)のまま惰行を続け、停止位置へ向かうちんたら運転と2秒未満のノコギリ運転が即reward0.0規則に該当するため0.0とした。
152.6999999999994,Train11,次駅への減速フェーズ（駅手前400m以内）,ブレーキ（減速）中,0.1,惰行,0.1,70.0,70.0,13.912762620514236,13.9,37.38769680823495,27.30000000000061,9.2121059847064,0.0,9.2,この先制限速度なし,この先目立った勾配なし,先行列車なし,後続列車なし,0.0,保持時間が7秒未満で惰行→減速への不合理な切替がノコギリ運転と判定され、上限が0.0点となったため0.0とした。
152.7999999999994,Train11,次駅への減速フェーズ（駅手前400m以内）,惰行中,0.1,ブレーキ（減速）,0.1,70.0,70.0,13.78395831403831,13.8,37.00319906467442,27.20000000000061,9.042655090224578,0.0,9.2,この先制限速度なし,この先目立った勾配なし,先行列車なし,後続列車なし,0.0,次駅減速フェーズで先行列車なしにも関わらず低速13.8km/hの惰行がちんたら運転と判定され、即時0点規則に該当したためrewardは0.0。
152.89999999999938,Train11,次駅への減速フェーズ（駅手前400m以内）,ブレーキ（減速）中,0.1,惰行,0.1,70.0,70.0,13.74156654847644,13.7,36.62095899922946,27.10000000000062,8.98722826646148,0.0,9.2,この先制限速度なし,この先目立った勾配なし,先行列車なし,後続列車なし,0.0,ブレーキ開始がdelta_stop=27.6mと遠すぎ、|delta_stop|>5mで大幅減点、かつノコギリ運転（0.1s反転）によりrewardは0.0とした。
152.99999999999935,Train11,次駅への減速フェーズ（駅手前400m以内）,惰行中,0.1,ブレーキ（減速）,0.1,70.0,70.0,13.612786081892745,13.6,36.241216337661086,27.000000000000625,8.819889326968697,0.0,9.2,この先制限速度なし,この先目立った勾配なし,先行列車なし,後続列車なし,0.0,次駅減速フェーズで先行列車なしにも関わらず、低速13.6km/hで惰行を続けたため「ちんたら運転」と判定され、即時0点ルールが適用された。
153.09999999999937,Train11,次駅への減速フェーズ（駅手前400m以内）,ブレーキ（減速）中,0.1,惰行,0.1,70.0,70.0,13.570418085587518,13.6,35.86373069322235,26.90000000000063,8.7651780632269,0.0,9.2,この先制限速度なし,この先目立った勾配なし,先行列車なし,後続列車なし,0.0,次駅減速フェーズでdelta_stopが+27mの状態でブレーキ開始し、0.1秒の惰行→減速というノコギリ運転となったため、rewardは0.0とした。
153.19999999999936,Train11,次駅への減速フェーズ（駅手前400m以内）,惰行中,0.1,ブレーキ（減速）,0.1,70.0,70.0,13.441661324129042,13.4,35.48874179324102,26.80000000000064,8.599949995484533,0.0,9.2,この先制限速度なし,この先目立った勾配なし,先行列車なし,後続列車なし,0.0,ブレーキから惰行への0.1秒の短時間切替が合理性なく、ノコギリ運転と判定され上限0.0点となったため。
153.29999999999936,Train11,次駅への減速フェーズ（駅手前400m以内）,ブレーキ（減速）中,0.1,惰行,0.1,70.0,70.0,13.399316962386353,13.4,35.11600925313374,26.70000000000064,8.545953290571417,0.0,9.2,この先制限速度なし,この先目立った勾配なし,先行列車なし,後続列車なし,0.0,ブレーキが停止位置より5m以上手前で開始されdelta_stopが26.57mであるため停止位置達成が不可能で、ノコギリ運転と判定されたためrewardは0.0とした。
153.39999999999935,Train11,次駅への減速フェーズ（駅手前400m以内）,惰行中,0.1,ブレーキ（減速）,0.1,70.0,70.0,13.270583771429893,13.3,34.74577280179503,26.600000000000648,8.382834996395152,0.0,9.2,この先制限速度なし,この先目立った勾配なし,先行列車なし,後続列車なし,0.0,次駅減速フェーズで先行列車なしにも関わらず低速13.3km/hで惰行を続け、直前のブレーキから0.1秒で反転したためノコギリ運転とちんたら運転と判定し即時0点とした。
153.49999999999935,Train11,次駅への減速フェーズ（駅手前400m以内）,ブレーキ（減速）中,0.1,惰行,0.1,70.0,70.0,13.22826290969901,13.2,34.377792056819345,26.500000000000654,8.329551868398516,0.0,9.2,この先制限速度なし,この先目立った勾配なし,先行列車なし,後続列車なし,0.0,減速フェーズでdelta_stopが26mと大きくブレーキ開始が早すぎ、0.1秒の惰行→減速でノコギリ運転に該当し上限0.0点となった。
153.59999999999934,Train11,次駅への減速フェーズ（駅手前400m以内）,惰行中,0.1,ブレーキ（減速）,0.1,70.0,70.0,13.099553154764305,13.1,34.012306748671506,26.40000000000066,8.168542223714258,0.0,9.2,この先制限速度なし,この先目立った勾配なし,先行列車なし,後続列車なし,0.0,次駅減速フェーズで先行列車なしにも関わらず低速13.1km/hで惰行を続けたため「ちんたら運転」と判定し、即reward0.0ルールが適用された。
153.6999999999993,Train11,次駅への減速フェーズ（駅手前400m以内）,ブレーキ（減速）中,0.1,惰行,0.1,70.0,70.0,13.057255658636974,13.1,33.64907649710602,26.300000000000665,8.115971698564909,0.0,9.2,この先制限速度なし,この先目立った勾配なし,先行列車なし,後続列車なし,0.0,次駅減速フェーズでdelta_stopが25.53mと大きく正のためブレーキ開始が不適切であり、保持時間0.1秒のノコギリ運転と判定され報酬上限が0.0点となった。
153.79999999999933,Train11,次駅への減速フェーズ（駅手前400m以内）,惰行中,0.1,ブレーキ（減速）,0.1,70.0,70.0,12.928569205385807,12.9,33.28834103414735,26.20000000000067,7.957069633239511,0.0,9.2,この先制限速度なし,この先目立った勾配なし,先行列車なし,後続列車なし,0.0,次駅減速フェーズで先行列車なし、低速12.9km/hで惰行し続けることはちんたら運転とみなされ即時0点規則が適用されたため。
153.89999999999932,Train11,次駅への減速フェーズ（駅手前400m以内）,ブレーキ（減速）中,0.1,惰行,0.1,70.0,70.0,12.88629494059541,12.9,32.92985998173137,26.10000000000068,7.905210725639926,0.0,9.2,この先制限速度なし,この先目立った勾配なし,先行列車なし,後続列車なし,0.0,ブレーキ開始が必要ブレーキ点より25m前で行われ停止位置が大幅にずれ、かつ0.1秒以下のノコギリ運転に該当するためrewardは0.0とした。
153.99999999999932,Train11,次駅への減速フェーズ（駅手前400m以内）,惰行中,0.1,ブレーキ（減速）,0.1,70.0,70.0,12.757631654830774,12.8,32.573873073431514,26.00000000000068,7.7484151734175715,0.0,9.2,この先制限速度なし,この先目立った勾配なし,先行列車なし,後続列車なし,0.0,先行列車なしで低速12.8km/hの惰行が停止位置へ向かうため、即reward0.0ルールのちんたら運転に該当し0点とした。
154.0999999999993,Train11,次駅への減速フェーズ（駅手前400m以内）,ブレーキ（減速）中,0.1,惰行,0.1,70.0,70.0,12.715380487251426,12.7,32.22013993334727,25.900000000000688,7.697266916192136,0.0,9.2,この先制限速度なし,この先目立った勾配なし,先行列車なし,後続列車なし,0.0,減速フェーズでブレーキ開始が早すぎ、delta_stopが5m超で停止位置未達かつノコギリ運転と判定され、rewardは0.0となる。
154.1999999999993,Train11,次駅への減速フェーズ（駅手前400m以内）,惰行中,0.1,ブレーキ（減速）,0.1,70.0,70.0,12.58674023491662,12.6,31.86890029661882,25.800000000000693,7.542576771665401,0.0,9.2,この先制限速度なし,この先目立った勾配なし,先行列車なし,後続列車なし,0.0,次駅減速フェーズで低速惰行かつ先行列車不在のため「ちんたら運転」と判定し、即0.0規則が適用される。
154.2999999999993,Train11,次駅への減速フェーズ（駅手前400m以内）,ブレーキ（減速）中,0.1,惰行,0.1,70.0,70.0,12.544512030562329,12.5,31.519913789519904,25.7000000000007,7.492138221270697,0.0,9.2,この先制限速度なし,この先目立った勾配なし,先行列車なし,後続列車なし,0.0,ブレーキ開始が停止位置から遠く、0.1秒での力行→減速の反転がノコギリ運転に該当するため0.0点とした。
154.3999999999993,Train11,次駅への減速フェーズ（駅手前400m以内）,惰行中,0.1,ブレーキ（減速）,0.1,70.0,70.0,12.4158946777401,12.4,31.17342014873614,25.600000000000705,7.339552428133969,0.0,9.2,この先制限速度なし,この先目立った勾配なし,先行列車なし,後続列車なし,0.0,次駅減速フェーズで先行列車なしの低速惰行はちんたら運転とみなされ即時0点規則に該当するためreward=0.0となる。
154.4999999999993,Train11,次駅への減速フェーズ（駅手前400m以内）,ブレーキ（減速）中,0.1,惰行,0.1,70.0,70.0,12.373689302763871,12.4,30.82917900269421,25.50000000000071,7.289822615776258,0.0,9.2,この先制限速度なし,この先目立った勾配なし,先行列車なし,後続列車なし,0.0,ブレーキ開始がdelta_stop 23.54mと早すぎ、停止位置が大幅にずれ、ノコギリ運転で上限0.0点のためrewardは0.0。
154.59999999999928,Train11,次駅への減速フェーズ（駅手前400m以内）,惰行中,0.1,ブレーキ（減速）,0.1,70.0,70.0,12.245094715675569,12.2,30.48743008963939,25.40000000000072,7.139340136225964,0.0,9.2,この先制限速度なし,この先目立った勾配なし,先行列車なし,後続列車なし,1.0,次駅減速フェーズで速度がrequired_speedと一致し惰行が適切、制限速度・信号遵守、ノコギリ運転なしのためreward=1.0とした。
154.69999999999928,Train11,次駅への減速フェーズ（駅手前400m以内）,ブレーキ（減速）中,0.1,惰行,0.1,70.0,70.0,12.202912036368575,12.2,30.147933040172603,25.30000000000072,7.090318112048958,0.0,9.2,この先制限速度なし,この先目立った勾配なし,先行列車なし,後続列車なし,0.0,次駅減速フェーズでブレーキを早すぎるタイミングで開始し、delta_stopが23mと大きく誤差があり、停止位置達成が不可能であるため0.0点とした。
154.79999999999927,Train11,次駅への減速フェーズ（駅手前400m以内）,惰行中,0.1,ブレーキ（減速）,0.1,70.0,70.0,12.074340081373249,12.1,29.810927594081,25.200000000000728,6.941937863796185,0.0,9.2,この先制限速度なし,この先目立った勾配なし,先行列車なし,後続列車なし,0.0,次駅減速フェーズで先行列車なしの低速惰行は即0点対象（ちんたら運転）となるためrewardは0.0。
154.89999999999927,Train11,次駅への減速フェーズ（駅手前400m以内）,ブレーキ（減速）中,0.1,惰行,0.1,70.0,70.0,12.032179964163936,12.0,29.476173384118454,25.100000000000733,6.8936227093923295,0.0,9.2,この先制限速度なし,この先目立った勾配なし,先行列車なし,後続列車なし,0.0,次駅減速フェーズでブレーキ開始時の delta_stop が22.58m と大きく停止位置に遅れ、保持時間が7秒未満で惰行→減速への合理性のない反転がノコギリ運転と判定され、上限0点となった。
154.99999999999926,Train11,次駅への減速フェーズ（駅手前400m以内）,惰行中,0.1,ブレーキ（減速）,0.1,70.0,70.0,11.903630507757503,11.9,29.14391015163176,25.00000000000074,6.7473436486622855,0.0,9.2,この先制限速度なし,この先目立った勾配なし,先行列車なし,後続列車なし,0.0,持続時間が7秒未満でブレーキから惰行への短時間反転が合理的理由なく行われたため、ノコギリ運転と判定しrewardは0.0とした。
155.09999999999926,Train11,次駅への減速フェーズ（駅手前400m以内）,ブレーキ（減速）中,0.1,惰行,0.1,70.0,70.0,11.86149281921075,11.9,28.813897531531296,24.900000000000745,6.699734414257916,0.0,9.2,この先制限速度なし,この先目立った勾配なし,先行列車なし,後続列車なし,0.0,停止位置まで22.1m余裕があるのにブレーキをかけており停止位置達成が不適切、さらに惰行→減速への0.1秒反転でノコギリ運転に該当しreward上限0.0となる。
155.19999999999925,Train11,次駅への減速フェーズ（駅手前400m以内）,惰行中,0.1,ブレーキ（減速）,0.1,70.0,70.0,11.73296572802513,11.7,28.48637526670572,24.80000000000075,6.555555527750738,0.0,9.2,この先制限速度なし,この先目立った勾配なし,先行列車なし,後続列車なし,0.0,次駅減速フェーズで先行列車なしにも関わらず低速11.7km/hの惰行を続け、ブレーキ未実施のため即時0点ルールが適用され、rewardは0.0とした。
155.29999999999924,Train11,次駅への減速フェーズ（駅手前400m以内）,ブレーキ（減速）中,0.1,惰行,0.1,70.0,70.0,11.690850334841356,11.7,28.16110299423258,24.70000000000076,6.508651283924144,0.0,9.2,この先制限速度なし,この先目立った勾配なし,先行列車なし,後続列車なし,0.0,ブレーキがdelta_stop 21.65mで早すぎ、停止位置が大幅にずれ、かつノコギリ運転（0.1秒切替）と判定されたためrewardは0.0とした。
155.39999999999924,Train11,次駅への減速フェーズ（駅手前400m以内）,惰行中,0.1,ブレーキ（減速）,0.1,70.0,70.0,11.56234547564361,11.6,27.838320458535293,24.60000000000076,6.366571518041188,0.0,9.2,この先制限速度なし,この先目立った勾配なし,先行列車なし,後続列車なし,0.0,次駅減速フェーズで先行列車なしにも関わらず低速惰行を続け、かつ0.1秒のノコギリ運転となったため即時0点とした。
155.49999999999923,Train11,次駅への減速フェーズ（駅手前400m以内）,ブレーキ（減速）中,0.1,惰行,0.1,70.0,70.0,11.520252244657966,11.5,27.51778729884436,24.500000000000767,6.320371365069649,0.0,9.2,この先制限速度なし,この先目立った勾配なし,先行列車なし,後続列車なし,0.0,ブレーキ開始が停止位置より21.2m前で過度に減速し停止位置が確保できず、0.1秒のノコギリ運転も判定されるため評価は0.0となった。
155.59999999999923,Train11,次駅への減速フェーズ（駅手前400m以内）,惰行中,0.1,ブレーキ（減速）,0.1,70.0,70.0,11.391769484349425,11.4,27.199743261139275,24.400000000000773,6.18038968663088,0.0,9.2,この先制限速度なし,この先目立った勾配なし,先行列車なし,後続列車なし,0.0,次駅減速フェーズで先行列車なしの低速11.4km/hで惰行を続けたため、ちんたら運転と判定し即時0点とした。
155.69999999999922,Train11,次駅への減速フェーズ（駅手前400m以内）,ブレーキ（減速）中,0.1,惰行,0.1,70.0,70.0,11.349698282530898,11.3,26.88394798679994,24.30000000000078,6.134892696811417,0.0,9.2,この先制限速度なし,この先目立った勾配なし,先行列車なし,後続列車なし,0.0,持続時間0.1秒の惰行から0.1秒のブレーキへの短時間反転がノコギリ運転と判定され、上限0.0点となったためrewardは0.0。
155.79999999999922,Train11,次駅への減速フェーズ（駅手前400m以内）,惰行中,0.1,ブレーキ（減速）,0.1,70.0,70.0,11.22123748814633,11.2,26.57064122333708,24.200000000000784,5.997008116338503,0.0,9.2,この先制限速度なし,この先目立った勾配なし,先行列車なし,後続列車なし,0.0,低速(11.2km/h)で惰行を続けるちんたら運転が即時0点規則に該当し、rewardは0.0とする。
155.8999999999992,Train11,次駅への減速フェーズ（駅手前400m以内）,ブレーキ（減速）中,0.1,惰行,0.1,70.0,70.0,11.179188182596908,11.2,26.259582614279964,24.10000000000079,5.952213380590044,0.0,9.2,この先制限速度なし,この先目立った勾配なし,先行列車なし,後続列車なし,0.0,ブレーキ開始が必要停止距離より20m前に行われ、delta_stopが5m超えているため停止位置が確保できず、かつ保持時間が7秒未満の反転でノコギリ運転と判定し0.0点とした。
155.9999999999992,Train11,次駅への減速フェーズ（駅手前400m以内）,惰行中,0.1,ブレーキ（減速）,0.1,70.0,70.0,11.050749221303652,11.1,25.951011908698973,24.0000000000008,5.81642487237964,0.0,9.2,この先制限速度なし,この先目立った勾配なし,先行列車なし,後続列車なし,0.0,先行列車がいない状態で速度11.1km/hの低速惰行が続き、即時ゼロルールのちんたら運転に該当するためrewardは0.0とした。
156.0999999999992,Train11,次駅への減速フェーズ（駅手前400m以内）,ブレーキ（減速）中,0.1,惰行,0.1,70.0,70.0,11.008721679257455,11.0,25.644688752255007,23.9000000000008,5.772331509635694,0.0,9.2,この先制限速度なし,この先目立った勾配なし,先行列車なし,後続列車なし,0.0,ブレーキを過度に早く適用し、delta_stopが19.87mと大きく離れているため停止位置が逸脱し、さらに0.1秒の惰行から減速への不合理な切替でノコギリ運転と判定し、上限0点とした。
156.1999999999992,Train11,次駅への減速フェーズ（駅手前400m以内）,惰行中,0.1,ブレーキ（減速）,0.1,70.0,70.0,10.880304418354571,10.9,25.34085289556032,23.800000000000807,5.638638052274943,0.0,9.2,この先制限速度なし,この先目立った勾配なし,先行列車なし,後続列車なし,0.0,0.1秒以下でブレーキ→惰行への短時間反転が合理的理由なく行われ、ノコギリ運転と判定され上限0.0点となった。
156.2999999999992,Train11,次駅への減速フェーズ（駅手前400m以内）,ブレーキ（減速）中,0.1,惰行,0.1,70.0,70.0,10.838298507177026,10.8,25.03926398642875,23.700000000000813,5.595245156746389,0.0,9.2,この先制限速度なし,この先目立った勾配なし,先行列車なし,後続列車なし,0.0,次駅減速フェーズで必要速度とdelta_stopからブレーキは不要であり、早すぎる減速とノコギリ運転（保持時間0.1秒、反転操作）により評価上限が0点となった。
156.39999999999918,Train11,次駅への減速フェーズ（駅手前400m以内）,惰行中,0.1,ブレーキ（減速）,0.1,70.0,70.0,10.709902814094448,10.7,24.740161777003777,23.60000000000082,5.463645783948468,0.0,9.2,この先制限速度なし,この先目立った勾配なし,先行列車なし,後続列車なし,0.0,次駅減速フェーズで先行列車なしの低速惰行は即reward0.0ルールに該当し、評価は0.0となる。
156.49999999999918,Train11,次駅への減速フェーズ（駅手前400m以内）,ブレーキ（減速）中,0.1,惰行,0.1,70.0,70.0,10.667918401281412,10.7,24.44330591724864,23.500000000000824,5.4209524668028175,0.0,9.2,この先制限速度なし,この先目立った勾配なし,先行列車なし,後続列車なし,0.0,次駅減速フェーズでdelta_stopが19.02mと遠く、ブレーキ開始が過早で即時減点基準に該当するためrewardは0.0とした。
156.59999999999917,Train11,次駅への減速フェーズ（駅手前400m以内）,惰行中,0.1,ブレーキ（減速）,0.1,70.0,70.0,10.53954414357909,10.5,24.14893616083802,23.40000000000083,5.291446180017381,0.0,9.2,この先制限速度なし,この先目立った勾配なし,先行列車なし,後続列車なし,0.0,低速(10.5km/h)で惰行を続け、delta_stopが18.86mと遠くブレーキ未実施のためちんたら運転と判定し即0点とした。
156.69999999999916,Train11,次駅への減速フェーズ（駅手前400m以内）,ブレーキ（減速）中,0.1,惰行,0.1,70.0,70.0,10.497581096756017,10.5,23.856812159870344,23.30000000000084,5.249451577838429,0.0,9.2,この先制限速度なし,この先目立った勾配なし,先行列車なし,後続列車なし,0.0,ブレーキがdelta_stop 18.6mで過早に開始され、保持時間0.1秒のノコギリ運転と判定され上限0.0点となったためreward=0.0。
156.79999999999916,Train11,次駅への減速フェーズ（駅手前400m以内）,惰行中,0.1,ブレーキ（減速）,0.1,70.0,70.0,10.36922814212308,10.4,23.56717366954797,23.20000000000084,5.122037369472871,0.0,9.2,この先制限速度なし,この先目立った勾配なし,先行列車なし,後続列車なし,0.0,低速(10.4km/h)で惰行を続け、先行列車なしの減速フェーズでちんたら運転と判定され即時0点規則が適用されたため。
156.89999999999915,Train11,次駅への減速フェーズ（駅手前400m以内）,ブレーキ（減速）中,0.1,惰行,0.1,70.0,70.0,10.327286329044174,10.3,23.279780344140026,23.100000000000847,5.08074060018723,0.0,9.2,この先制限速度なし,この先目立った勾配なし,先行列車なし,後続列車なし,0.0,ブレーキが停止点より5m以上手前で開始され、0.1秒の惰行→減速というノコギリ運転に該当するためrewardは0.0とした。
156.99999999999915,Train11,次駅への減速フェーズ（駅手前400m以内）,惰行中,0.1,ブレーキ（減速）,0.1,70.0,70.0,10.198954545298095,10.2,22.99487194037297,23.000000000000853,4.955417524610406,0.0,9.2,この先制限速度なし,この先目立った勾配なし,先行列車なし,後続列車なし,0.0,次駅減速フェーズで先行列車なしにも関わらず低速10.2km/hで惰行し、ちんたら運転と即reward0.0ルールに該当したため0.0とした。
157.09999999999914,Train11,次駅への減速フェーズ（駅手前400m以内）,ブレーキ（減速）中,0.1,惰行,0.1,70.0,70.0,10.157033833845468,10.2,22.712208114626264,22.90000000000086,4.914817718566466,0.0,9.2,この先制限速度なし,この先目立った勾配なし,先行列車なし,後続列車なし,0.0,次駅減速フェーズでdelta_stopが+17.8mの状態で早期ブレーキを行い、停止位置が大幅にずれた上、ノコギリ運転（0.1秒切替）と判定されたためrewardは0.0とした。
157.19999999999914,Train11,次駅への減速フェーズ（駅手前400m以内）,惰行中,0.1,ブレーキ（減速）,0.1,70.0,70.0,10.028723088931184,10.0,22.432028625186007,22.800000000000864,4.791584804666162,0.0,9.2,この先制限速度なし,この先目立った勾配なし,先行列車なし,後続列車なし,0.0,先行列車なしで低速10km/hのまま惰行を続け、停止位置へ向かうちんたら運転と即時0点ルールに該当するためrewardは0.0とした。
157.29999999999913,Train11,次駅への減速フェーズ（駅手前400m以内）,ブレーキ（減速）中,0.1,惰行,0.1,70.0,70.0,9.986823347113996,10.0,22.154093130573926,22.70000000000087,4.751681112934171,0.0,9.2,この先制限速度なし,この先目立った勾配なし,先行列車なし,後続列車なし,0.0,0.1秒以下の短時間で惰行→ブレーキへの不合理な切替がノコギリ運転と判定され、上限が0.0点となった。
157.39999999999912,Train11,次駅への減速フェーズ（駅手前400m以内）,惰行中,0.1,ブレーキ（減速）,0.1,70.0,70.0,9.85853350910311,9.9,21.87864139056828,22.600000000000875,4.630537371057812,0.0,9.2,この先制限速度なし,この先目立った勾配なし,先行列車なし,後続列車なし,0.0,低速9.9km/hで惰行を続け、先行列車なしでdelta_stopが17.25mと遠くブレーキ未実施のため、ちんたら運転と判定し即0点とした。
157.49999999999912,Train11,次駅への減速フェーズ（駅手前400m以内）,ブレーキ（減速）中,0.1,惰行,0.1,70.0,70.0,9.81665460505675,9.8,21.605433065843727,22.50000000000088,4.59132894140171,0.0,9.2,この先制限速度なし,この先目立った勾配なし,先行列車なし,後続列車なし,0.0,ブレーキが停止位置より遠くで開始され、delta_stopが17mと大きく早すぎるため停止位置達成が不可能で、かつノコギリ運転（保持時間0.1秒）に該当し、rewardは0.0とする。
157.5999999999991,Train11,次駅への減速フェーズ（駅手前400m以内）,惰行中,0.1,ブレーキ（減速）,0.1,70.0,70.0,9.68838554214666,9.7,21.334707917720408,22.400000000000887,4.4722734397683706,0.0,9.2,この先制限速度なし,この先目立った勾配なし,先行列車なし,後続列車なし,0.0,次駅減速フェーズで先行列車なしの低速惰行はちんたら運転とみなされ即時0点規則に該当するためrewardは0.0。
157.6999999999991,Train11,次駅への減速フェーズ（駅手前400m以内）,ブレーキ（減速）中,0.1,惰行,0.1,70.0,70.0,9.64652734413191,9.6,21.066225608990408,22.30000000000089,4.433759418493543,0.0,9.2,この先制限速度なし,この先目立った勾配なし,先行列車なし,後続列車なし,0.0,0.1秒以下の惰行から減速への急激な切替がノコギリ運転と判定され、上限0.0点となったためrewardは0.0とした。
157.7999999999991,Train11,次駅への減速フェーズ（駅手前400m以内）,惰行中,0.1,ブレーキ（減速）,0.1,70.0,70.0,9.518278924644983,9.5,20.80022590251218,22.20000000000089,4.316791215919507,0.0,9.2,この先制限速度なし,この先目立った勾配なし,先行列車なし,後続列車なし,0.0,ブレーキ→惰行の短時間反転が条件をすべて満たすノコギリ運転と判定され、prev_notch_durationが2秒未満のためreward上限は0.0点となった。
157.8999999999991,Train11,次駅への減速フェーズ（駅手前400m以内）,ブレーキ（減速）中,0.1,惰行,0.1,70.0,70.0,9.476441301047146,9.5,20.53646846319168,22.100000000000904,4.278970769060763,0.0,9.2,この先制限速度なし,この先目立った勾配なし,先行列車なし,後続列車なし,0.0,ブレーキが早すぎてdelta_stopが16.26mと大きく、0.1秒の力行→ブレーキの反転がノコギリ運転と判定され上限0.0点となるためrewardは0.0とした。
157.9999999999991,Train11,次駅への減速フェーズ（駅手前400m以内）,惰行中,0.1,ブレーキ（減速）,0.1,70.0,70.0,9.348213393429884,9.3,20.27519305541148,22.00000000000091,4.16408889422553,0.0,9.2,この先制限速度なし,この先目立った勾配なし,先行列車なし,後続列車なし,0.0,次駅減速フェーズで先行列車不在にも関わらず低速9.3km/hのまま惰行し停止位置が遠く、即0点対象のちんたら運転とノコギリ運転が判定されたためreward=0.0。
158.09999999999908,Train11,次駅への減速フェーズ（駅手前400m以内）,ブレーキ（減速）中,0.1,惰行,0.1,70.0,70.0,9.306396212757983,9.3,20.01615934622692,21.900000000000915,4.126961198225874,0.0,9.2,この先制限速度なし,この先目立った勾配なし,先行列車なし,後続列車なし,0.0,delta_stopが15.9mと大きいのにブレーキを開始し停止位置が達成できず、かつノコギリ運転に該当するためrewardは0.0となる。
158.19999999999908,Train11,次駅への減速フェーズ（駅手前400m以内）,惰行中,0.1,ブレーキ（減速）,0.1,70.0,70.0,9.178188685580176,9.2,19.75960710153757,21.80000000000092,4.014164733720539,0.0,9.2,この先制限速度なし,この先目立った勾配なし,先行列車なし,後続列車なし,0.0,低速9.2km/hで惰行を続け、先行列車不在にも関わらず停車位置へ向かうちんたら運転で即時0点規則に該当し、さらにノコギリ運転でもあるためreward=0.0とした。
158.29999999999907,Train11,次駅への減速フェーズ（駅手前400m以内）,ブレーキ（減速）中,0.1,惰行,0.1,70.0,70.0,9.136391816466103,9.1,19.505295990516203,21.700000000000927,3.977728951261996,0.0,9.2,この先制限速度なし,この先目立った勾配なし,先行列車なし,後続列車なし,0.0,ブレーキが停止点より15.53m前に開始され、0.1秒以下のノッチ切替でノコギリ運転と判定され、上限0.0点となったためrewardは0.0。
158.39999999999907,Train11,次駅への減速フェーズ（駅手前400m以内）,惰行中,0.1,ブレーキ（減速）,0.1,70.0,70.0,9.008204538419998,9.0,19.253465780579404,21.60000000000093,3.8670169847246,0.0,9.2,この先制限速度なし,この先目立った勾配なし,先行列車なし,後続列車なし,0.0,低速9km/hで惰行を続け、先行列車なしにも関わらず停止位置へ向かうちんたら運転と判定し即0点とした。
158.49999999999906,Train11,次駅への減速フェーズ（駅手前400m以内）,ブレーキ（減速）中,0.1,惰行,0.1,70.0,70.0,8.96642784961769,9.0,19.00387614303156,21.50000000000093,3.8312722972435984,0.0,9.2,この先制限速度なし,この先目立った勾配なし,先行列車なし,後続列車なし,0.0,ブレーキが停止点より15m前に開始され、delta_stopが5m超であるため停止位置が確保できず、さらにノコギリ運転と判定され上限0点となる。
158.59999999999906,Train11,次駅への減速フェーズ（駅手前400m以内）,惰行中,0.1,ブレーキ（減速）,0.1,70.0,70.0,8.838260689517172,8.8,18.756766846813377,21.400000000000944,3.722643876038124,0.0,9.2,この先制限速度なし,この先目立った勾配なし,先行列車なし,後続列車なし,0.0,次駅減速フェーズで先行列車なしの低速8.8km/hの惰行はちんたら運転とみなされ、即時0点規則に該当するためrewardは0.0とした。
158.89999999999904,Train11,次駅への減速フェーズ（駅手前400m以内）,惰行中,0.1,ブレーキ（減速）,0.2,70.0,70.0,8.540224692928595,8.5,18.03067798737956,21.10000000000096,3.476068284483487,0.0,9.2,この先制限速度なし,この先目立った勾配なし,先行列車なし,後続列車なし,0.0,現在速度8.5km/hでdelta_stopが14.55mと十分に残っているのにブレーキせず低速惰行を続けたため、次駅減速フェーズのちんたら運転とみなされ即時0点ルールが適用された。
159.19999999999902,Train11,次駅への減速フェーズ（駅手前400m以内）,惰行中,0.1,ブレーキ（減速）,0.2,70.0,70.0,8.242292874583969,8.2,17.329420966845532,20.800000000000978,3.238003547406028,0.0,9.2,この先制限速度なし,この先目立った勾配なし,先行列車なし,後続列車なし,0.0,次駅減速フェーズで低速惰行を続け、先行列車なしで停止位置へ向かうちんたら運転と2秒未満のノコギリ運転と判定されたため即時0点とした。
159.499999999999,Train11,次駅への減速フェーズ（駅手前400m以内）,惰行中,0.1,ブレーキ（減速）,0.2,70.0,70.0,7.944464033507094,7.9,16.652987155406862,20.500000000000995,3.0084422174977665,0.0,9.2,この先制限速度なし,この先目立った勾配なし,先行列車なし,後続列車なし,0.0,低速で惰行し続け、先行列車不在にも関わらず停止位置へ向かうちんたら運転とノコギリ運転が判定され、即時0点とした。
159.799999999999,Train11,次駅への減速フェーズ（駅手前400m以内）,惰行中,0.1,ブレーキ（減速）,0.2,70.0,70.0,7.646736970344669,7.6,16.001368023271567,20.20000000000101,2.787376977371257,0.0,9.2,この先制限速度なし,この先目立った勾配なし,先行列車なし,後続列車なし,0.0,低速7.6km/hで惰行を続け、delta_stopが13.21mとブレーキ未実施のため次駅減速フェーズでのちんたら運転と判定し、即時0点ルールが適用された。
159.99999999999898,Train11,次駅への減速フェーズ（駅手前400m以内）,惰行中,0.1,ブレーキ（減速）,0.1,70.0,70.0,7.47710676712439,7.5,15.580297019312184,20.000000000001023,2.665189352089421,0.0,9.2,この先制限速度なし,この先目立った勾配なし,先行列車なし,後続列車なし,0.0,次駅減速フェーズで先行列車なしの低速惰行はちんたら運転とみなされ即時0点対象となった。
160.39999999999895,Train11,次駅への減速フェーズ（駅手前400m以内）,惰行中,0.1,ブレーキ（減速）,0.3,70.0,70.0,7.051573769370675,7.1,14.770140978864532,19.60000000000105,2.3706994695027688,0.0,9.2,この先制限速度なし,この先目立った勾配なし,先行列車なし,後続列車なし,0.0,低速(7.1km/h)で惰行し続け、先行列車不在の減速フェーズでブレーキ未実施はちんたら運転とみなされ即時0点とした。
160.79999999999893,Train11,次駅への減速フェーズ（駅手前400m以内）,惰行中,0.1,ブレーキ（減速）,0.3,70.0,70.0,6.626228035742905,6.6,14.007255687001674,19.20000000000107,2.0935340924135435,0.0,9.2,この先制限速度なし,この先目立った勾配なし,先行列車なし,後続列車なし,0.0,低速で惰行し続けるちんたら運転とノコギリ運転が判定され、即0点規則に該当するためrewardは0.0とする。
160.99999999999892,Train11,次駅への減速フェーズ（駅手前400m以内）,惰行中,0.1,ブレーキ（減速）,0.1,70.0,70.0,6.456822299686421,6.5,13.64287306994072,19.00000000000108,1.9879335837743304,0.0,9.2,この先制限速度なし,この先目立った勾配なし,先行列車なし,後続列車なし,0.0,低速6.5km/hでブレーキ後すぐ惰行へ切替え、即0.0ルールのちんたら運転に該当し、ノコギリ運転でも上限0点となるためrewardは0.0。
161.3999999999989,Train11,次駅への減速フェーズ（駅手前400m以内）,惰行中,0.1,ブレーキ（減速）,0.3,70.0,70.0,6.03173299217179,6.0,12.946056628052816,18.600000000001103,1.7349640020836556,0.0,9.2,この先制限速度なし,この先目立った勾配なし,先行列車なし,後続列車なし,0.0,次駅減速フェーズで先行列車なしの低速6km/hの惰行は『ちんたら運転』に該当し、即時0点ルールによりrewardは0.0とした。
161.5999999999989,Train11,次駅への減速フェーズ（駅手前400m以内）,惰行中,0.1,ブレーキ（減速）,0.1,70.0,70.0,5.862453820002624,5.9,12.61469781793778,18.40000000000112,1.6390103705004384,0.0,9.2,この先制限速度なし,この先目立った勾配なし,先行列車なし,後続列車なし,0.0,先行列車が不在で低速5.9km/hの惰行が停止位置へ向かうちんたら運転となり、即reward0.0規則に該当したため0.0とした。
161.89999999999887,Train11,次駅への減速フェーズ（駅手前400m以内）,惰行中,0.1,ブレーキ（減速）,0.2,70.0,70.0,5.5654057497771205,5.6,12.136550242058064,18.10000000000113,1.4772206620477584,0.0,9.2,この先制限速度なし,この先目立った勾配なし,先行列車なし,後続列車なし,0.0,次駅減速フェーズで先行列車なしの低速惰行はちんたら運転とみなされ、即reward0.0ルールが適用されたため0.0点。
162.09999999999886,Train11,次駅への減速フェーズ（駅手前400m以内）,惰行中,0.1,ブレーキ（減速）,0.1,70.0,70.0,5.396223691974047,5.4,11.831095665296942,17.900000000001143,1.388826245628092,0.0,9.2,この先制限速度なし,この先目立った勾配なし,先行列車なし,後続列車なし,0.0,低速5.4km/hで惰行を続け、先行列車なしにも関わらず停車位置へ向かうちんたら運転と判定され、即reward0.0ルールが適用されたため0.0点とした。
162.29999999999885,Train11,次駅への減速フェーズ（駅手前400m以内）,惰行中,0.1,ブレーキ（減速）,0.1,70.0,70.0,5.227076396740805,5.2,11.535039076694176,17.700000000001154,1.3031726226148042,0.0,9.2,この先制限速度なし,この先目立った勾配なし,先行列車なし,後続列車なし,0.0,先行列車なしで低速5.2km/hの惰行が停止位置へ向かうため、即zeroルールのちんたら運転に該当し、rewardは0.0とした。
162.59999999999883,Train11,次駅への減速フェーズ（駅手前400m以内）,惰行中,0.1,ブレーキ（減速）,0.2,70.0,70.0,4.930224213541602,5.6,11.10983116702613,17.40000000000117,1.159433489586637,0.0,9.2,この先制限速度なし,この先目立った勾配なし,先行列車なし,後続列車なし,0.0,低速(4.9km/h)で惰行を続け、先行列車不在の状態で停止位置へ向かうちんたら運転と判定し、即時0点規則が適用されたためreward=0.0。
162.79999999999882,Train11,次駅への減速フェーズ（駅手前400m以内）,惰行中,0.1,ブレーキ（減速）,0.1,70.0,70.0,4.761171374722806,5.4,10.839660680204588,17.200000000001182,1.0813246242500334,0.0,9.2,この先制限速度なし,この先目立った勾配なし,先行列車なし,後続列車なし,0.0,次駅減速フェーズで低速4.8km/hの惰行が続き、先行列車不在にも関わらず停車位置へ向かうちんたら運転と、0.1秒のノコギリ運転により即時0点と判定した。
162.9999999999988,Train11,次駅への減速フェーズ（駅手前400m以内）,惰行中,0.1,ブレーキ（減速）,0.1,70.0,70.0,4.592152332781388,5.2,10.57888103087734,17.000000000001194,1.0059511702534158,0.0,9.2,この先制限速度なし,この先目立った勾配なし,先行列車なし,後続列車なし,0.0,低速で惰行し続けている点が次駅減速フェーズのちんたら運転に該当し、即reward0.0ルールが適用されたため0.0とした。
163.1999999999988,Train11,次駅への減速フェーズ（駅手前400m以内）,惰行中,0.1,ブレーキ（減速）,0.1,70.0,70.0,4.423166831057612,5.1,10.32749034892788,16.800000000001205,0.9333117615601922,0.0,9.2,この先制限速度なし,この先目立った勾配なし,先行列車なし,後続列車なし,0.0,低速4.4km/hで惰行を続け、先行列車なしにも関わらず加速せずに停車位置へ向かうちんたら運転と、0.1秒のノコギリ運転が即0.0ルールに該当するため。
163.39999999999878,Train11,次駅への減速フェーズ（駅手前400m以内）,惰行中,0.1,ブレーキ（減速）,0.1,70.0,70.0,4.254214613091482,4.9,10.085486778500297,16.600000000001216,0.8634050231131636,0.0,9.2,この先制限速度なし,この先目立った勾配なし,先行列車なし,後続列車なし,0.0,低速4.3km/hで惰行し続け、先行列車不在にも関わらずちんたら運転と判定されたため、即reward0.0ルールが適用され0点とした。
163.59999999999877,Train11,次駅への減速フェーズ（駅手前400m以内）,惰行中,0.1,ブレーキ（減速）,0.1,70.0,70.0,4.085295422621137,4.7,9.85286847796374,16.400000000001228,0.7962295531136914,0.0,9.2,この先制限速度なし,この先目立った勾配なし,先行列車なし,後続列車なし,0.0,低速で惰行を続けブレーキ未実施かつ前後列車なしのためちんたら運転と判定し、2秒未満のノッチ反転でノコギリ運転とみなしたためrewardは0.0とする。
163.79999999999876,Train11,次駅への減速フェーズ（駅手前400m以内）,惰行中,0.1,ブレーキ（減速）,0.1,70.0,70.0,3.916409003581286,4.6,9.629633619919533,16.20000000000124,0.7317840258922478,0.0,9.2,この先制限速度なし,この先目立った勾配なし,先行列車なし,後続列車なし,0.0,低速3.9km/hで惰行を続け、delta_stopが8.9mあるにも関わらずブレーキせずに進むため、即reward0.0ルールのちんたら運転に該当し0点とした。
163.99999999999875,Train11,次駅への減速フェーズ（駅手前400m以内）,惰行中,0.1,ブレーキ（減速）,0.1,70.0,70.0,3.7475551001016254,5.1,9.415780391201167,16.00000000000125,0.670067107287393,0.0,9.2,この先制限速度なし,この先目立った勾配なし,先行列車なし,後続列車なし,0.0,低速で惰行し続け、先行列車不在にも関わらずちんたら運転とノコギリ運転が発生したため即時0点とした。
164.19999999999874,Train11,次駅への減速フェーズ（駅手前400m以内）,惰行中,0.1,ブレーキ（減速）,0.1,70.0,70.0,3.578733456505255,4.9,9.211306992852997,15.800000000001262,0.6110774338270395,0.0,9.2,この先制限速度なし,この先目立った勾配なし,先行列車なし,後続列車なし,0.0,低速で惰行し続け、ブレーキ未実施かつノコギリ運転（0.1秒切替）により即時0点規則が適用されたため安全上の問題と評価基準違反があるため。
164.39999999999873,Train11,次駅への減速フェーズ（駅手前400m以内）,惰行中,0.1,ブレーキ（減速）,0.1,70.0,70.0,3.4099438173070973,4.7,9.016211640105354,15.600000000001272,0.55481371691545,0.0,9.2,この先制限速度なし,この先目立った勾配なし,先行列車なし,後続列車なし,0.0,次駅減速フェーズで先行列車なしの低速惰行がちんたら運転と判定され、即reward0.0ルールに該当したため0.0とした。
164.59999999999872,Train11,次駅への減速フェーズ（駅手前400m以内）,惰行中,0.1,ブレーキ（減速）,0.1,70.0,70.0,3.24118592721234,4.6,8.830492562392322,15.400000000001285,0.501274662399663,0.0,9.2,この先制限速度なし,この先目立った勾配なし,先行列車なし,後続列車なし,0.0,ちんたら運転とノコギリ運転に該当し、即時0点規則によりreward=0.0とした。
164.7999999999987,Train11,次駅への減速フェーズ（駅手前400m以内）,惰行中,0.1,ブレーキ（減速）,0.1,70.0,70.0,3.0724595311148564,4.4,8.654148003312656,15.200000000001296,0.4504589499268938,0.0,9.2,この先制限速度なし,この先目立った勾配なし,先行列車なし,後続列車なし,0.0,低速3.1km/hで惰行を続け、先行列車不在の状態でのちんたら運転と判定され、即時0点規則が適用されたため。
164.9999999999987,Train11,次駅への減速フェーズ（駅手前400m以内）,惰行中,0.1,ブレーキ（減速）,0.1,70.0,70.0,2.9037643740956365,4.2,8.487176220626225,15.000000000001307,0.4023653231911161,0.0,9.2,この先制限速度なし,この先目立った勾配なし,先行列車なし,後続列車なし,0.0,次駅減速フェーズで低速2.9km/hのまま惰行し続けたため、即時0点ルール（ちんたら運転）に該当し、rewardは0.0とした。
165.19999999999868,Train11,次駅への減速フェーズ（駅手前400m以内）,惰行中,0.1,ブレーキ（減速）,0.1,70.0,70.0,2.735100201421224,4.7,8.329575486271779,14.80000000000132,0.3569925294183337,0.0,9.2,この先制限速度なし,この先目立った勾配なし,先行列車なし,後続列車なし,0.0,次駅減速フェーズで先行列車なしの低速惰行が停車位置達成に不適切で、即時0点ルールに該当するためrewardは0.0とした。
165.39999999999867,Train11,次駅への減速フェーズ（駅手前400m以内）,惰行中,0.1,ブレーキ（減速）,0.1,70.0,70.0,2.56646675854215,4.6,8.181344086310105,14.60000000000133,0.3143392909451338,0.0,9.2,この先制限速度なし,この先目立った勾配なし,先行列車なし,後続列車なし,0.0,低速(2.6km/h)で惰行を続け、先行列車不在にも関わらず停車位置へ向かうちんたら運転とノコギリ運転が判定され、即時0点規則が適用されたため0.0とした。
165.59999999999866,Train11,次駅への減速フェーズ（駅手前400m以内）,惰行中,0.1,ブレーキ（減速）,0.1,70.0,70.0,2.3978637910913765,4.4,8.042480320948897,14.400000000001342,0.2744043841794112,0.0,9.2,この先制限速度なし,この先目立った勾配なし,先行列車なし,後続列車なし,0.0,先行列車なしで低速2.4km/hの惰行が続き、停止位置に向けたちんたら運転と判定されたため0.0とした。
165.69999999999865,Train11,次駅への減速フェーズ（駅手前400m以内）,惰行中,0.2,ブレーキ（減速）,0.1,70.0,70.0,2.3567738503026088,4.4,7.97650076481915,14.300000000001347,0.265082713329107,0.0,9.2,この先制限速度なし,この先目立った勾配なし,先行列車なし,後続列車なし,0.0,次駅減速フェーズで低速2.4km/hのまま惰行を続け、停止位置までの距離が残っているにも関わらずブレーキせずに進むため、即時0点ルールの「ちんたら運転」に該当し、rewardは0.0とした。
165.79999999999865,Train11,次駅への減速フェーズ（駅手前400m以内）,惰行中,0.3,ブレーキ（減速）,0.1,70.0,70.0,2.3156875806053305,4.3,7.911662539836328,14.200000000001353,0.2559228576517698,0.0,9.2,この先制限速度なし,この先目立った勾配なし,先行列車なし,後続列車なし,0.0,即reward0.0ルールで低速惰行がちんたら運転と判定され、さらにノコギリ運転（0.1秒の反転）に該当するためrewardは0.0とする。
165.89999999999864,Train11,次駅への減速フェーズ（駅手前400m以内）,惰行中,0.4,ブレーキ（減速）,0.1,70.0,70.0,2.2746049742872327,4.3,7.8479655441370255,14.10000000000136,0.2469247756987076,0.0,9.2,この先制限速度なし,この先目立った勾配なし,先行列車なし,後続列車なし,0.0,現在速度2.3km/hはrequired_speed4.3km/h未満で、先行列車不在の減速フェーズで惰行を続けたため、即時0点のちんたら運転とみなされる。
165.99999999999864,Train11,次駅への減速フェーズ（駅手前400m以内）,惰行中,0.5,ブレーキ（減速）,0.1,70.0,70.0,2.233526023638667,4.3,7.785409676081656,14.000000000001364,0.2380884198637752,0.0,9.2,この先制限速度なし,この先目立った勾配なし,先行列車なし,後続列車なし,0.0,低速で惰行し続けるちんたら運転とノコギリ運転が判定され、即時0点規則に該当するためrewardは0.0。
166.09999999999863,Train11,次駅への減速フェーズ（駅手前400m以内）,惰行中,0.6,ブレーキ（減速）,0.1,70.0,70.0,2.1924507209526447,4.2,7.7239948342366915,13.90000000000137,0.2294137497334754,0.0,9.2,この先制限速度なし,この先目立った勾配なし,先行列車なし,後続列車なし,0.0,低速で惰行し続けることが「ちんたら運転」に該当し、即時0点ルールが適用されるためrewardは0.0となる。
166.19999999999862,Train11,次駅への減速フェーズ（駅手前400m以内）,惰行中,0.7,ブレーキ（減速）,0.1,70.0,70.0,2.1513790585248267,4.2,7.663720917388872,13.800000000001376,0.2209007352181025,0.0,9.2,この先制限速度なし,この先目立った勾配なし,先行列車なし,後続列車なし,0.0,現在速度2.2km/hでrequired_speed4.2km/h未達、ブレーキせず惰行のみで停止位置へ進むため、即reward0.0と判断。
166.29999999999862,Train11,次駅への減速フェーズ（駅手前400m以内）,惰行中,0.7999999999999999,ブレーキ（減速）,0.1,70.0,70.0,2.1103110286535194,4.1,7.604587824534548,13.70000000000138,0.2125493352999647,0.0,9.2,この先制限速度なし,この先目立った勾配なし,先行列車なし,後続列車なし,0.0,低速2.1km/hで惰行を続け、先行列車不在にも関わらず停止位置へ向かうちんたら運転とノコギリ運転が判定され、即時0点規則が適用されたためreward=0.0。
166.3999999999986,Train11,次駅への減速フェーズ（駅手前400m以内）,惰行中,0.8999999999999999,ブレーキ（減速）,0.1,70.0,70.0,2.069246623639669,4.1,7.546595454886784,13.600000000001389,0.2043595090785698,0.0,9.2,この先制限速度なし,この先目立った勾配なし,先行列車なし,後続列車なし,0.0,先行列車なしで低速(2.1km/h)のまま惰行し続けることは次駅減速フェーズのちんたら運転に該当し、即reward0.0ルールにより評価は0.0となる。
166.4999999999986,Train11,次駅への減速フェーズ（駅手前400m以内）,惰行中,1.0,ブレーキ（減速）,0.1,70.0,70.0,2.0281858357868527,4.1,7.489743707882468,13.500000000001393,0.1963312157705572,0.0,9.2,この先制限速度なし,この先目立った勾配なし,先行列車なし,後続列車なし,0.0,低速2km/hで惰行し続けたことが「ちんたら運転」かつノコギリ運転（2秒未満）に該当し、即0点規則が適用された。
166.5999999999986,Train11,次駅への減速フェーズ（駅手前400m以内）,惰行中,1.1,ブレーキ（減速）,0.1,70.0,70.0,1.98712865740128,4.0,7.4340324831609905,13.400000000001398,0.1884644097303491,0.0,9.2,この先制限速度なし,この先目立った勾配なし,先行列車なし,後続列車なし,0.0,低速で惰行し続けるちんたら運転と判定され、即時0点ルールに該当するためrewardは0.0。
166.6999999999986,Train11,次駅への減速フェーズ（駅手前400m以内）,惰行中,1.2,ブレーキ（減速）,0.1,70.0,70.0,1.9460750807917768,4.0,7.379461680564248,13.300000000001404,0.1807590481357943,0.0,9.2,この先制限速度なし,この先目立った勾配なし,先行列車なし,後続列車なし,0.0,低速(1.9km/h)で惰行し続け、先行列車なしの次駅減速フェーズで停止位置へ遅延進行するため即時0点ルールが適用された。
166.7999999999986,Train11,次駅への減速フェーズ（駅手前400m以内）,惰行中,1.3,ブレーキ（減速）,0.1,70.0,70.0,1.905025098269788,3.9,7.32603120017572,13.20000000000141,0.1732151033363755,0.0,9.2,この先制限速度なし,この先目立った勾配なし,先行列車なし,後続列車なし,0.0,先行列車なしで低速1.9km/hの惰行が続き、停止位置へ向かうちんたら運転と判定されたため即0点とした。
166.89999999999858,Train11,次駅への減速フェーズ（駅手前400m以内）,惰行中,1.4,ブレーキ（減速）,0.1,70.0,70.0,1.8639787021493648,3.9,7.273740942260076,13.100000000001415,0.1658325349782539,0.0,9.2,この先制限速度なし,この先目立った勾配なし,先行列車なし,後続列車なし,0.0,低速（1.9 km/h）で惰行を続けたことが『ちんたら運転』と判定され、即時0点ルールが適用されたためrewardは0.0となります。
166.99999999999858,Train11,次駅への減速フェーズ（駅手前400m以内）,惰行中,1.5000000000000002,ブレーキ（減速）,0.1,70.0,70.0,1.822935884747167,3.9,7.22259080732357,13.00000000000142,0.1586113028244034,0.0,9.2,この先制限速度なし,この先目立った勾配なし,先行列車なし,後続列車なし,0.0,次駅減速フェーズで先行列車がいない状態で速度1.8km/hの低速惰行を続けたため、ちんたら運転と判定され即0点規則が適用されました。
167.09999999999857,Train11,次駅への減速フェーズ（駅手前400m以内）,惰行中,1.6000000000000003,ブレーキ（減速）,0.1,70.0,70.0,1.7818966383824468,3.8,7.172580696078512,12.900000000001429,0.1515513667545443,0.0,9.2,この先制限速度なし,この先目立った勾配なし,先行列車なし,後続列車なし,0.0,次駅減速フェーズで先行列車なし、速度1.8km/hのまま惰行を続けたため『ちんたら運転』と判定し即時0点とした。
167.19999999999857,Train11,次駅への減速フェーズ（駅手前400m以内）,惰行中,1.7000000000000004,ブレーキ（減速）,0.1,70.0,70.0,1.7408609553770518,3.8,7.123710509436165,12.800000000001432,0.1446526831732582,0.0,9.2,この先制限速度なし,この先目立った勾配なし,先行列車なし,後続列車なし,0.0,低速(1.7km/h)で惰行を続け、減速→惰行の0.1秒切替がノコギリ運転と判定され、即0点規則に該当するためrewardは0.0。
167.29999999999856,Train11,次駅への減速フェーズ（駅手前400m以内）,惰行中,1.8000000000000005,ブレーキ（減速）,0.1,70.0,70.0,1.6998288280554144,3.7,7.075980148538719,12.700000000001438,0.1379152066464638,0.0,9.2,この先制限速度なし,この先目立った勾配なし,先行列車なし,後続列車なし,0.0,次駅減速フェーズで先行列車なしの低速惰行は即0点ルールに該当し、rewardは0.0とする。
167.39999999999856,Train11,次駅への減速フェーズ（駅手前400m以内）,惰行中,1.9000000000000008,ブレーキ（減速）,0.1,70.0,70.0,1.6588002487445472,3.7,7.029389514730866,12.600000000001444,0.1313389120699842,0.0,9.2,この先制限速度なし,この先目立った勾配なし,先行列車なし,後続列車なし,0.0,低速で惰行を続け必要速度を下回り、即時0点ルールのちんたら運転に該当し、ノコギリ運転でも上限0点となるためrewardは0.0。
167.49999999999855,Train11,次駅への減速フェーズ（駅手前400m以内）,惰行中,2.0000000000000004,ブレーキ（減速）,0.1,70.0,70.0,1.6177752097740368,3.7,6.98393850957757,12.50000000000145,0.1249237597516042,0.0,9.2,この先制限速度なし,この先目立った勾配なし,先行列車なし,後続列車なし,0.0,低速惰行がちんたら運転と判定され、即0点ルールに該当し、停止操作が不適切なためreward=0.0
167.59999999999854,Train11,次駅への減速フェーズ（駅手前400m以内）,惰行中,2.1000000000000005,ブレーキ（減速）,0.1,70.0,70.0,1.5767537034760386,3.6,6.939627034846296,12.400000000001455,0.1186697101155416,0.0,9.2,この先制限速度なし,この先目立った勾配なし,先行列車なし,後続列車なし,0.0,次駅減速フェーズで先行列車なしにも関わらず1.6 km/hの低速惰行を続け、ブレーキ未実施（ちんたら運転）と判定されたため0.0とした。
167.69999999999854,Train11,次駅への減速フェーズ（駅手前400m以内）,惰行中,2.2000000000000006,ブレーキ（減速）,0.1,70.0,70.0,1.5357357221852703,4.3,6.896454992531886,12.30000000000146,0.11257672370238,0.0,9.2,この先制限速度なし,この先目立った勾配なし,先行列車なし,後続列車なし,0.0,低速(1.5km/h)で惰行を続け、delta_stopが6.78mある状態は即reward0.0ルールに該当し、評価は0.0とする。
167.79999999999853,Train11,次駅への減速フェーズ（駅手前400m以内）,惰行中,2.3000000000000007,ブレーキ（減速）,0.1,70.0,70.0,1.4947212582390057,4.2,6.854422284831685,12.200000000001468,0.1066447590606639,0.0,9.2,この先制限速度なし,この先目立った勾配なし,先行列車なし,後続列車なし,0.0,次駅減速フェーズで先行列車なしの低速1.5km/hで惰行を続けたため、ちんたら運転と判定し即reward0.0ルールが適用された。
167.89999999999853,Train11,次駅への減速フェーズ（駅手前400m以内）,惰行中,2.400000000000001,ブレーキ（減速）,0.1,70.0,70.0,1.4537103039770694,4.2,6.8135288141633055,12.100000000001472,0.1008737679329981,0.0,9.2,この先制限速度なし,この先目立った勾配なし,先行列車なし,後続列車なし,0.0,次駅減速フェーズで先行列車なしの低速惰行はちんたら運転とみなされ、即時0点規則に該当するためrewardは0.0とした。
167.99999999999852,Train11,次駅への減速フェーズ（駅手前400m以内）,惰行中,2.500000000000001,ブレーキ（減速）,0.1,70.0,70.0,1.412702851741831,4.1,6.773774483146866,12.000000000001478,0.0952637278726952,0.0,9.2,この先制限速度なし,この先目立った勾配なし,先行列車なし,後続列車なし,0.0,低速1.4km/hで惰行を続け、先行列車なしの減速フェーズで停止位置に届かず、即時0点対象のちんたら運転と判定したため。
168.09999999999852,Train11,次駅への減速フェーズ（駅手前400m以内）,惰行中,2.600000000000001,ブレーキ（減速）,0.1,70.0,70.0,1.371698893878198,4.1,6.735159194622753,11.900000000001484,0.0898145998469698,0.0,9.2,この先制限速度なし,この先目立った勾配なし,先行列車なし,後続列車なし,0.0,次駅減速フェーズで低速(1.4km/h)のまま惰行し続けるちんたら運転が即時ゼロ規則に該当するため0.0点とした。
168.1999999999985,Train11,次駅への減速フェーズ（駅手前400m以内）,惰行中,2.700000000000001,ブレーキ（減速）,0.1,70.0,70.0,1.3306984227336125,4.1,6.697682851633857,11.80000000000149,0.084526344939094,0.0,9.2,この先制限速度なし,この先目立った勾配なし,先行列車なし,後続列車なし,0.0,次駅減速フェーズで低速(1.3km/h)のまま惰行を続けたことがちんたら運転に該当し、即時0点規則によりreward=0.0とした。
168.2999999999985,Train11,次駅への減速フェーズ（駅手前400m以内）,惰行中,2.800000000000001,ブレーキ（減速）,0.1,70.0,70.0,1.2897014306580423,4.0,6.661345357453996,11.700000000001497,0.0793989243483317,0.0,9.2,この先制限速度なし,この先目立った勾配なし,先行列車なし,後続列車なし,0.0,次駅減速フェーズで低速1.3km/hの惰行は停車位置へ進むちんたら運転とみなされ、即reward0.0ルールに該当するため0.0とした。
168.3999999999985,Train11,次駅への減速フェーズ（駅手前400m以内）,惰行中,2.900000000000001,ブレーキ（減速）,0.1,70.0,70.0,1.2487079100039784,4.0,6.626146615555939,11.6000000000015,0.0744322988652905,0.0,9.2,この先制限速度なし,この先目立った勾配なし,先行列車なし,後続列車なし,0.0,次駅減速フェーズで先行列車なしにも関わらず低速(1.2km/h)の惰行を続けたため、ちんたら運転とみなされ即時0点となる。
168.4999999999985,Train11,次駅への減速フェーズ（駅手前400m以内）,惰行中,3.0000000000000013,ブレーキ（減速）,0.1,70.0,70.0,1.2077178531264248,3.9,6.592086529632724,11.500000000001506,0.0696264171895951,0.0,9.2,この先制限速度なし,この先目立った勾配なし,先行列車なし,後続列車なし,0.0,低速で惰行し続けているため次駅減速フェーズでのちんたら運転と判定し、即0点ルールが適用された。
168.5999999999985,Train11,次駅への減速フェーズ（駅手前400m以内）,惰行中,3.1000000000000014,ブレーキ（減速）,0.1,70.0,70.0,1.166731252382896,3.9,6.559165003579892,11.400000000001512,0.0649812596472829,0.0,9.2,この先制限速度なし,この先目立った勾配なし,先行列車なし,後続列車なし,0.0,次駅減速フェーズで低速(1.2km/h)のまま惰行し続け、停止位置へ向かうちんたら運転に該当するため即0点規則が適用される。
168.69999999999848,Train11,次駅への減速フェーズ（駅手前400m以内）,惰行中,3.200000000000001,ブレーキ（減速）,0.1,70.0,70.0,1.125748100133411,3.9,6.527381941513255,11.300000000001518,0.0604967878628379,0.0,9.2,この先制限速度なし,この先目立った勾配なし,先行列車なし,後続列車なし,0.0,次駅減速フェーズで先行列車なしの低速1.1km/hで惰行を続けたため「ちんたら運転」と判定し、即reward0.0ルールが適用された。
168.79999999999848,Train11,次駅への減速フェーズ（駅手前400m以内）,惰行中,3.3000000000000016,ブレーキ（減速）,0.1,70.0,70.0,1.0847683887404862,3.8,6.49673724775468,11.200000000001523,0.0561729635764315,0.0,9.2,この先制限速度なし,この先目立った勾配なし,先行列車なし,後続列車なし,0.0,低速1.1km/hで惰行し、先行列車なしの状態で停止位置へ向かうちんたら運転かつノコギリ運転と判定されたためrewardは0.0とした。
168.89999999999847,Train11,次駅への減速フェーズ（駅手前400m以内）,惰行中,3.4000000000000017,ブレーキ（減速）,0.1,70.0,70.0,1.0437921105691292,3.8,6.467230826842751,11.100000000001527,0.0520097486438592,0.0,9.2,この先制限速度なし,この先目立った勾配なし,先行列車なし,後続列車なし,0.0,先行列車なしで低速1 km/hのまま惰行し続け、次駅減速フェーズで必要速度3.8 km/hを下回るためちんたら運転と判定し即0点とした。
168.9999999999985,Train11,次駅への減速フェーズ（駅手前400m以内）,惰行中,3.5000000000000018,ブレーキ（減速）,0.1,70.0,70.0,1.0028192579868354,3.7,6.438862583525662,11.000000000001537,0.0480071050364765,0.0,9.2,この先制限速度なし,この先目立った勾配なし,先行列車なし,後続列車なし,0.0,現在速度1km/hで惰行を続け、ブレーキをかけずに次駅減速フェーズを通過しているため、先行列車不在でも低速ちんたら運転と判定され、即時0点ルールが適用される。
169.09999999999846,Train11,次駅への減速フェーズ（駅手前400m以内）,惰行中,3.600000000000002,ブレーキ（減速）,0.1,70.0,70.0,0.9618498233635788,3.7,6.411632422768321,10.90000000000154,0.0441649816741892,0.0,9.2,この先制限速度なし,この先目立った勾配なし,先行列車なし,後続列車なし,0.0,次駅減速フェーズで1km/hの低速惰行がちんたら運転に該当し、即0点規則によりreward=0.0となる。
169.19999999999845,Train11,次駅への減速フェーズ（駅手前400m以内）,惰行中,3.700000000000002,ブレーキ（減速）,0.1,70.0,70.0,0.9208837990718092,3.7,6.385540249741695,10.800000000001546,0.0404833582837917,0.0,9.2,この先制限速度なし,この先目立った勾配なし,先行列車なし,後続列車なし,0.0,低速0.9km/hで惰行を続け、delta_stopが6.35mと遅延が確定しているため即reward0.0ルールが適用され、報酬は0.0となる。
169.29999999999845,Train11,次駅への減速フェーズ（駅手前400m以内）,惰行中,3.800000000000002,ブレーキ（減速）,0.1,70.0,70.0,0.8799211774864442,3.6,6.36058596982636,10.700000000001552,0.0369621983087006,0.0,9.2,この先制限速度なし,この先目立った勾配なし,先行列車なし,後続列車なし,0.0,次駅減速フェーズで先行列車なしにも関わらず0.9km/hの低速惰行を続け、停止位置へ向かうべきブレーキを行わないため即時0点とした。
169.39999999999844,Train11,次駅への減速フェーズ（駅手前400m以内）,惰行中,3.900000000000002,ブレーキ（減速）,0.1,70.0,70.0,0.8389619509848651,3.6,6.336769488630267,10.600000000001558,0.033601464143866,0.0,9.2,この先制限速度なし,この先目立った勾配なし,先行列車なし,後続列車なし,0.0,次駅減速フェーズで先行列車なしにも関わらず0.8km/hの低速惰行がちんたら運転と判定され、即0点ルールが適用されたためrewardは0.0とした。
169.49999999999844,Train11,次駅への減速フェーズ（駅手前400m以内）,惰行中,4.000000000000002,ブレーキ（減速）,0.1,70.0,70.0,0.7980061119469095,3.6,6.314090711953213,10.500000000001563,0.0304011182994995,0.0,9.2,この先制限速度なし,この先目立った勾配なし,先行列車なし,後続列車なし,0.0,低速で惰行し続けるちんたら運転と、保持時間が7秒未満のノコギリ運転が判定されたため、即時0点とする。
169.59999999999843,Train11,次駅への減速フェーズ（駅手前400m以内）,力行（加速）中,0.1,惰行,4.000000000000002,70.0,70.0,0.7570536527548668,3.5,6.29254954581171,10.400000000001569,0.0273611234010112,0.0,9.2,この先制限速度なし,この先目立った勾配なし,先行列車なし,後続列車なし,0.0,次駅減速フェーズで先行列車なしにも関わらず低速(0.8km/h)のまま加速し続けたため、ちんたら運転とみなされ即時0点となる。
169.69999999999845,Train11,次駅への減速フェーズ（駅手前400m以内）,力行（加速）中,0.2,惰行,4.000000000000002,70.0,70.0,1.037467560354861,3.8,6.267232746349549,10.300000000001576,0.0513814456393887,0.0,9.2,この先制限速度なし,この先目立った勾配なし,先行列車なし,後続列車なし,0.0,次駅減速フェーズで先行列車なしにも関わらず低速(1km/h)のまま小刻みな力行を続けたため、即時0点ルールの「ちんたら運転」に該当し、rewardは0.0とした。
169.79999999999842,Train11,次駅への減速フェーズ（駅手前400m以内）,力行（加速）中,0.3,惰行,4.000000000000002,70.0,70.0,1.3163885729505638,4.0,6.234149497277741,10.20000000000158,0.0827184173522509,0.0,9.2,この先制限速度なし,この先目立った勾配なし,先行列車なし,後続列車なし,0.0,次駅減速フェーズで先行列車不在にも関わらず低速(1.3km/h)のまま加速し、停止位置へ向かうちんたら運転と判定されたためrewardは0.0とした。
169.8999999999984,Train11,次駅への減速フェーズ（駅手前400m以内）,惰行中,0.1,力行（加速）,0.3,70.0,70.0,1.5938242997620964,3.6,6.193341151568887,10.100000000001586,0.1212527525195412,0.0,9.2,この先制限速度なし,この先目立った勾配なし,先行列車なし,後続列車なし,0.0,次駅減速フェーズで先行列車なしの低速惰行はちんたら運転とみなされ、即時0点規則が適用されたためrewardは0.0となる。
169.9999999999984,Train11,次駅への減速フェーズ（駅手前400m以内）,惰行中,0.2,力行（加速）,0.3,70.0,70.0,1.5528048524770528,3.6,6.149694948430096,10.000000000001592,0.1150927447264425,0.0,9.2,この先制限速度なし,この先目立った勾配なし,先行列車なし,後続列車なし,0.0,即時0点ルールの低速惰行違反と、持続時間0.5秒未満のノコギリ運転によりreward上限0.0と判定した。
170.0999999999984,Train11,次駅への減速フェーズ（駅手前400m以内）,惰行中,0.3,力行（加速）,0.3,70.0,70.0,1.511788925725032,3.6,6.107188120580531,9.900000000001596,0.1090937771715701,0.0,9.2,この先制限速度なし,この先目立った勾配なし,先行列車なし,後続列車なし,0.0,次駅減速フェーズで先行列車なしの低速惰行はちんたら運転とみなされ即時0点規則に該当するため、rewardは0.0となる。
170.1999999999984,Train11,次駅への減速フェーズ（駅手前400m以内）,惰行中,0.4,力行（加速）,0.3,70.0,70.0,1.470776511844798,3.5,6.065820570345437,9.800000000001605,0.1032558000635306,0.0,9.2,この先制限速度なし,この先目立った勾配なし,先行列車なし,後続列車なし,0.0,次駅減速フェーズで先行列車なしの低速1.5km/hで惰行を続けたため、ちんたら運転と判定され即時0点とした。
170.2999999999984,Train11,次駅への減速フェーズ（駅手前400m以内）,惰行中,0.5,力行（加速）,0.3,70.0,70.0,1.4297676031776625,3.5,6.025592200259666,9.700000000001609,0.0975787852589026,0.0,9.2,この先制限速度なし,この先目立った勾配なし,先行列車なし,後続列車なし,0.0,次駅減速フェーズで低速1.4km/hのまま惰行を続けたことが即reward0.0ルールに該当し、ノコギリ運転も認められたためrewardは0.0とした。
170.3999999999984,Train11,次駅への減速フェーズ（駅手前400m以内）,惰行中,0.6,力行（加速）,0.3,70.0,70.0,1.3887621920674769,3.4,5.986502913071234,9.600000000001614,0.0920626987181715,0.0,9.2,この先制限速度なし,この先目立った勾配なし,先行列車なし,後続列車なし,0.0,次駅減速フェーズで先行列車なしの低速惰行はちんたら運転とみなされ、即0点規則に該当するためrewardは0.0。
170.49999999999838,Train11,次駅への減速フェーズ（駅手前400m以内）,惰行中,0.7,力行（加速）,0.3,70.0,70.0,1.3477602708606298,3.4,5.9485526117484255,9.50000000000162,0.0867075014763204,0.0,9.2,この先制限速度なし,この先目立った勾配なし,先行列車なし,後続列車なし,0.0,次駅減速フェーズで先行列車なしにも関わらず1.3km/hの低速惰行を続け、停止位置へ遅延が生じるちんたら運転とノコギリ運転が判定されたため、即時0点とした。
170.59999999999835,Train11,次駅への減速フェーズ（駅手前400m以内）,惰行中,0.7999999999999999,力行（加速）,0.3,70.0,70.0,1.3067618319060386,3.4,5.911741199454923,9.400000000001626,0.0815131546843512,0.0,9.2,この先制限速度なし,この先目立った勾配なし,先行列車なし,後続列車なし,0.0,次駅減速フェーズで先行列車なしの低速惰行はちんたら運転とみなされ、即reward0.0ルールに該当するため0.0とした。
170.69999999999837,Train11,次駅への減速フェーズ（駅手前400m以内）,惰行中,0.8999999999999999,力行（加速）,0.3,70.0,70.0,1.265766867555144,3.3,5.876068579588889,9.300000000001631,0.0764796196092203,0.0,9.2,この先制限速度なし,この先目立った勾配なし,先行列車なし,後続列車なし,0.0,低速で惰行し続けるちんたら運転と、保持時間が2秒未満のノコギリ運転が即時0点規則に該当するためrewardは0.0とした。
170.79999999999836,Train11,次駅への減速フェーズ（駅手前400m以内）,惰行中,1.0,力行（加速）,0.3,70.0,70.0,1.2247753701619055,4.0,5.841534655750991,9.200000000001635,0.0716068483901975,0.0,9.2,この先制限速度なし,この先目立った勾配なし,先行列車なし,後続列車なし,0.0,先行列車なしで低速1.2km/hの惰行が停止位置へ向かうちんたら運転と判定され、即0点規則に該当したため0.0とした。
170.89999999999836,Train11,次駅への減速フェーズ（駅手前400m以内）,惰行中,1.1,力行（加速）,0.3,70.0,70.0,1.1837873320827943,3.9,5.8081393317444,9.100000000001645,0.0668948104618523,0.0,9.2,この先制限速度なし,この先目立った勾配なし,先行列車なし,後続列車なし,0.0,次駅減速フェーズで低速惰行を続けたことが即時0点ルールに該当し、rewardは0.0とした。
170.99999999999835,Train11,次駅への減速フェーズ（駅手前400m以内）,惰行中,1.2,力行（加速）,0.3,70.0,70.0,1.1428027456767875,3.9,5.775882511603214,9.000000000001648,0.0623434742472174,0.0,9.2,この先制限速度なし,この先目立った勾配なし,先行列車なし,後続列車なし,0.0,低速で惰行し続けるちんたら運転が即0点規則に該当し、rewardは0.0とした。
171.09999999999835,Train11,次駅への減速フェーズ（駅手前400m以内）,惰行中,1.3,力行（加速）,0.3,70.0,70.0,1.1018216033053625,3.8,5.744764099556932,8.900000000001654,0.0579528014383286,0.0,9.2,この先制限速度なし,この先目立った勾配なし,先行列車なし,後続列車なし,0.0,低速(1.1km/h)で惰行を続け、停止位置に向けてブレーキせずに進むため即時0点ルールに該当し、rewardは0.0とする。
171.19999999999834,Train11,次駅への減速フェーズ（駅手前400m以内）,惰行中,1.4,力行（加速）,0.3,70.0,70.0,1.0608438973324907,3.8,5.71478400005887,8.80000000000166,0.0537227538428727,0.0,9.2,この先制限速度なし,この先目立った勾配なし,先行列車なし,後続列車なし,0.0,低速(1.1km/h)で惰行を続け、停止位置へ向かうちんたら運転とノコギリ運転が即0点条件に該当するため。
171.2999999999983,Train11,次駅への減速フェーズ（駅手前400m以内）,惰行中,1.5000000000000002,力行（加速）,0.3,70.0,70.0,1.0198696201246331,3.8,5.685942117775511,8.700000000001666,0.0496532933841227,0.0,9.2,この先制限速度なし,この先目立った勾配なし,先行列車なし,後続列車なし,0.0,低速で惰行し続けブレーキ未実施のちんたら運転かつ2秒未満のノコギリ運転で即時0点規則に該当したため。
171.39999999999833,Train11,次駅への減速フェーズ（駅手前400m以内）,惰行中,1.6000000000000003,力行（加速）,0.3,70.0,70.0,0.9788987640507334,3.7,5.65823835757584,8.600000000001671,0.0457443742246983,0.0,9.2,この先制限速度なし,この先目立った勾配なし,先行列車なし,後続列車なし,0.0,低速1 km/hで惰行し続け、先行列車不在にも関わらず停止位置へ向かうちんたら運転かつノコギリ運転と判定されたためrewardは0.0とした。
171.49999999999832,Train11,次駅への減速フェーズ（駅手前400m以内）,惰行中,1.7000000000000004,力行（加速）,0.3,70.0,70.0,0.9379313214822113,3.7,5.631672624545558,8.500000000001677,0.0419959631687443,0.0,9.2,この先制限速度なし,この先目立った勾配なし,先行列車なし,後続列車なし,0.0,低速(0.9km/h)で惰行を続け、先行列車なしで停止位置へ向かうちんたら運転とノコギリ運転が判定され即時0点規則に該当するため。
171.59999999999832,Train11,次駅への減速フェーズ（駅手前400m以内）,惰行中,1.8000000000000005,力行（加速）,0.3,70.0,70.0,0.8969672847929585,3.6,5.60624482396932,8.400000000001683,0.0384080312113478,0.0,9.2,この先制限速度なし,この先目立った勾配なし,先行列車なし,後続列車なし,0.0,低速で惰行し続けるちんたら運転かつ2秒未満のノコギリ運転と判定され、即時0点ルールが適用されたためreward=0.0。
171.6999999999983,Train11,次駅への減速フェーズ（駅手前400m以内）,惰行中,1.9000000000000008,力行（加速）,0.3,70.0,70.0,0.8560066463593317,3.6,5.581954861366256,8.300000000001688,0.0349805406994745,0.0,9.2,この先制限速度なし,この先目立った勾配なし,先行列車なし,後続列車なし,0.0,次駅減速フェーズで先行列車なしの低速0.9km/hで惰行を続けたため『ちんたら運転』と判定し、即時0点とした。
171.7999999999983,Train11,次駅への減速フェーズ（駅手前400m以内）,惰行中,2.0000000000000004,力行（加速）,0.3,70.0,70.0,0.8150493985601467,3.6,5.558802642465111,8.200000000001694,0.0317134540953779,0.0,9.2,この先制限速度なし,この先目立った勾配なし,先行列車なし,後続列車なし,0.0,先行列車なしで速度0.8km/hのまま惰行し停止位置へ進む『ちんたら運転』に該当し、即時0点規則が適用されたためreward=0.0とした。
171.8999999999983,Train11,次駅への減速フェーズ（駅手前400m以内）,力行（加速）中,0.1,惰行,2.0000000000000004,70.0,70.0,0.7740955337766737,3.5,5.536788073182919,8.1000000000017,0.0286067339765361,0.0,9.2,この先制限速度なし,この先目立った勾配なし,先行列車なし,後続列車なし,0.0,次駅減速フェーズで先行列車なしの低速状態で力行を続けたため『ちんたら運転』と判定し即0点とした。
171.9999999999983,Train11,次駅への減速フェーズ（駅手前400m以内）,力行（加速）中,0.2,惰行,2.0000000000000004,70.0,70.0,1.0544187218898289,3.8,5.510999275191608,8.000000000001705,0.0530740291465501,0.0,9.2,この先制限速度なし,この先目立った勾配なし,先行列車なし,後続列車なし,1.0,次駅減速フェーズでdelta_stop>0のため加速は適切で、速度・信号遵守、ノコギリ運転なしと評価し最高点とした。
172.0999999999983,Train11,次駅への減速フェーズ（駅手前400m以内）,力行（加速）中,0.3,惰行,2.0000000000000004,70.0,70.0,1.3332494772861792,3.4,5.477446540503195,7.900000000001711,0.0848507011191419,0.0,9.2,この先制限速度なし,この先目立った勾配なし,先行列車なし,後続列車なし,0.0,次駅減速フェーズで先行列車なしにも関わらず低速のまま力行を続けたため「ちんたら運転」と判定し、即時0点規則が適用された。
172.19999999999828,Train11,次駅への減速フェーズ（駅手前400m以内）,惰行中,0.1,力行（加速）,0.3,70.0,70.0,1.6105954070541018,3.7,5.436171209279195,7.800000000001717,0.1238175520093224,0.0,9.2,この先制限速度なし,この先目立った勾配なし,先行列車なし,後続列車なし,0.0,低速(1.6km/h)で惰行を続け、delta_stop>0の状態でブレーキせずに停車位置へ進むため、即reward0.0ルールの「ちんたら運転」に該当し0点とした。
172.29999999999828,Train11,次駅への減速フェーズ（駅手前400m以内）,惰行中,0.2,力行（加速）,0.3,70.0,70.0,1.5695745182530771,3.6,5.392059164076812,7.700000000001722,0.1175916943620976,0.0,9.2,この先制限速度なし,この先目立った勾配なし,先行列車なし,後続列車なし,0.0,先行列車なしで低速1.6km/hの惰行が続き、停車位置へ遅延するちんたら運転と判定されたため0.0とした。
172.39999999999827,Train11,次駅への減速フェーズ（駅手前400m以内）,惰行中,0.3,力行（加速）,0.3,70.0,70.0,1.5285571531179742,3.6,5.349086534160108,7.600000000001728,0.111526893043582,0.0,9.2,この先制限速度なし,この先目立った勾配なし,先行列車なし,後続列車なし,0.0,低速(1.5km/h)で惰行を続け、必要速度3.6km/hに達しないまま停車位置へ進むため、ちんたら運転と判定し即時0点とする。
172.49999999999827,Train11,次駅への減速フェーズ（駅手前400m以内）,惰行中,0.4,力行（加速）,0.3,70.0,70.0,1.487543303986514,3.5,5.307253221761954,7.500000000001734,0.1056231039035963,0.0,9.2,この先制限速度なし,この先目立った勾配なし,先行列車なし,後続列車なし,0.0,次駅減速フェーズで低速惰行のまま停止位置へ進むちんたら運転と、7秒未満の力行→惰行のノコギリ運転が判定され、即時0点規則に該当するため0.0とした。
172.59999999999826,Train11,次駅への減速フェーズ（駅手前400m以内）,惰行中,0.5,力行（加速）,0.3,70.0,70.0,1.4465329631989667,3.5,5.266559129331938,7.400000000001739,0.0998802851129932,0.0,9.2,この先制限速度なし,この先目立った勾配なし,先行列車なし,後続列車なし,0.0,次駅減速フェーズで先行列車なしにも関わらず低速1.4km/hの惰行は即時0点対象となるためrewardは0.0とした。
172.69999999999823,Train11,次駅への減速フェーズ（駅手前400m以内）,惰行中,0.6,力行（加速）,0.3,70.0,70.0,1.4055261230981464,3.5,5.227004159529258,7.300000000001745,0.0942984105498877,0.0,9.2,この先制限速度なし,この先目立った勾配なし,先行列車なし,後続列車なし,0.0,低速(1.4km/h)で惰行し続けることは次駅減速フェーズでのちんたら運転とみなされ、即時0点ルールに該当するためrewardは0.0とした。
172.79999999999825,Train11,次駅への減速フェーズ（駅手前400m以内）,惰行中,0.7,力行（加速）,0.3,70.0,70.0,1.3645227760294054,3.4,5.188588215244039,7.200000000001751,0.0888774412018115,0.0,9.2,この先制限速度なし,この先目立った勾配なし,先行列車なし,後続列車なし,0.0,次駅減速フェーズで先行列車不在にも関わらず低速1.4km/hのまま惰行を続けたことが『ちんたら運転』に該当し、即時0点ルールによりrewardを0.0とした。
172.89999999999824,Train11,次駅への減速フェーズ（駅手前400m以内）,惰行中,0.7999999999999999,力行（加速）,0.3,70.0,70.0,1.323522914340628,3.4,5.151311199551145,7.1000000000017565,0.0836173381723423,0.0,9.2,この先制限速度なし,この先目立った勾配なし,先行列車なし,後続列車なし,0.0,低速で惰行を続け必要速度に達せず、ノコギリ運転と判定されたためrewardは0.0とした。
172.99999999999824,Train11,次駅への減速フェーズ（駅手前400m以内）,惰行中,0.8999999999999999,力行（加速）,0.3,70.0,70.0,1.282526530382224,3.3,5.115173015759922,7.000000000001762,0.0785180626810381,0.0,9.2,この先制限速度なし,この先目立った勾配なし,先行列車なし,後続列車なし,0.0,先行列車なしで低速惰行が続き、停止位置に向けた適切な減速が無いため即0点の『ちんたら運転』に該当。
173.09999999999823,Train11,次駅への減速フェーズ（駅手前400m以内）,惰行中,1.0,力行（加速）,0.3,70.0,70.0,1.2415336165071231,4.0,5.0801735673751125,6.900000000001768,0.073579572726509,0.0,9.2,この先制限速度なし,この先目立った勾配なし,先行列車なし,後続列車なし,0.0,低速で惰行を続けるちんたら運転が即時0点ルールに該当するためrewardは0.0とした。
173.19999999999823,Train11,次駅への減速フェーズ（駅手前400m以内）,惰行中,1.1,力行（加速）,0.3,70.0,70.0,1.2005441650707709,3.3,5.046312758125282,6.8000000000017735,0.068801823622624,0.0,9.2,この先制限速度なし,この先目立った勾配なし,先行列車なし,後続列車なし,0.0,低速で惰行し続けるちんたら運転が即reward0.0条件に該当したため、rewardは0.0とした。
173.29999999999822,Train11,次駅への減速フェーズ（駅手前400m以内）,惰行中,1.2,力行（加速）,0.3,70.0,70.0,1.1595581684311205,3.9,5.013590491948605,6.700000000001779,0.0641847919273185,0.0,9.2,この先制限速度なし,この先目立った勾配なし,先行列車なし,後続列車なし,0.0,低速で惰行し続け、ブレーキ未実施のまま駅手前にいるため「ちんたら運転」即時0点規則が適用され、rewardは0.0とした。
173.39999999999822,Train11,次駅への減速フェーズ（駅手前400m以内）,惰行中,1.3,力行（加速）,0.3,70.0,70.0,1.1185756189486278,3.9,4.98200667299642,6.600000000001785,0.0597284392853284,0.0,9.2,この先制限速度なし,この先目立った勾配なし,先行列車なし,後続列車なし,0.0,次駅減速フェーズで先行列車なしにも関わらず速度1.1km/hのまま惰行しており、即時0点ルール（低速ちんたら運転）に該当するためrewardは0.0とした。
173.4999999999982,Train11,次駅への減速フェーズ（駅手前400m以内）,惰行中,1.4,力行（加速）,0.3,70.0,70.0,1.0775965089862458,3.8,4.951561205633226,6.500000000001791,0.0554327274570665,0.0,9.2,この先制限速度なし,この先目立った勾配なし,先行列車なし,後続列車なし,0.0,次駅減速フェーズで先行列車なしの低速1.1km/hで惰行を続け、ブレーキ未実施のちんたら運転とノコギリ運転が判定され、即reward0.0ルールが適用されたため0.0とした。
173.5999999999982,Train11,次駅への減速フェーズ（駅手前400m以内）,惰行中,1.5000000000000002,力行（加速）,0.3,70.0,70.0,1.036620830909418,3.8,4.922253994429582,6.400000000001796,0.0512976183185579,0.0,9.2,この先制限速度なし,この先目立った勾配なし,先行列車なし,後続列車なし,0.0,先行列車なしで低速(1 km/h)のまま惰行し続け、停止位置へ向かう遅延運転（ちんたら運転）に該当するため0.0とした。
173.6999999999982,Train11,次駅への減速フェーズ（駅手前400m以内）,惰行中,1.6000000000000003,力行（加速）,0.3,70.0,70.0,0.9956485770860743,3.7,4.894084944172761,6.300000000001802,0.0473230721167366,0.0,9.2,この先制限速度なし,この先目立った勾配なし,先行列車なし,後続列車なし,0.0,低速で惰行し続けるちんたら運転かつノコギリ運転と判定されたため、即時0点とした。
173.7999999999982,Train11,次駅への減速フェーズ（駅手前400m以内）,惰行中,1.7000000000000004,力行（加速）,0.3,70.0,70.0,0.954679739886622,3.7,4.867053959863199,6.200000000001808,0.0435090410862945,0.0,9.2,この先制限速度なし,この先目立った勾配なし,先行列車なし,後続列車なし,0.0,次駅減速フェーズで低速1 km/hのまま惰行を続け、停止位置へ向かうちんたら運転とノコギリ運転が判定されたため0.0とした。
173.8999999999982,Train11,次駅への減速フェーズ（駅手前400m以内）,惰行中,1.8000000000000005,力行（加速）,0.3,70.0,70.0,0.9137143116839432,3.7,4.841160946710943,6.100000000001813,0.0398555045814177,0.0,9.2,この先制限速度なし,この先目立った勾配なし,先行列車なし,後続列車なし,0.0,次駅減速フェーズで低速惰行を続けたことが「ちんたら運転」とみなされ、即時0点規則が適用されたため。
173.99999999999818,Train11,次駅への減速フェーズ（駅手前400m以内）,惰行中,1.9000000000000008,力行（加速）,0.3,70.0,70.0,0.8727522848533874,3.6,4.8164058101392015,6.000000000001819,0.0363624249019206,0.0,9.2,この先制限速度なし,この先目立った勾配なし,先行列車なし,後続列車なし,0.0,次駅減速フェーズで先行列車なしにも関わらず低速0.9km/hの惰行が続き、必要速度3.6km/hを下回り遅延が確定したため即reward0.0ルールが適用された。
174.09999999999818,Train11,次駅への減速フェーズ（駅手前400m以内）,惰行中,2.0000000000000004,力行（加速）,0.3,70.0,70.0,0.8317936517727662,3.6,4.792788455780794,5.900000000001825,0.0330297644629309,0.0,9.2,この先制限速度なし,この先目立った勾配なし,先行列車なし,後続列車なし,0.0,低速で惰行し続けるちんたら運転が即時0点ルールに該当するため、rewardは0.0とする。
174.19999999999817,Train11,次駅への減速フェーズ（駅手前400m以内）,惰行中,2.1000000000000005,力行（加速）,0.3,70.0,70.0,0.7908384048223469,3.5,4.770308789471045,5.80000000000183,0.0298574857948267,0.0,9.2,この先制限速度なし,この先目立った勾配なし,先行列車なし,後続列車なし,0.0,次駅減速フェーズで先行列車なしにも関わらず低速0.8km/hの惰行を続けたため「ちんたら運転」と判定し、即0点ルールが適用された。
174.29999999999816,Train11,次駅への減速フェーズ（駅手前400m以内）,惰行中,2.2000000000000006,力行（加速）,0.3,70.0,70.0,0.7498865363848469,4.2,4.748966717283309,5.700000000001836,0.0268455514968864,0.0,9.2,この先制限速度なし,この先目立った勾配なし,先行列車なし,後続列車なし,0.0,次駅減速フェーズで先行列車なしにも関わらず低速0.7km/hの惰行を続け、ブレーキ未実施で停止位置に間に合わず、即時0点対象のちんたら運転と判定したため。
174.39999999999816,Train11,次駅への減速フェーズ（駅手前400m以内）,力行（加速）中,0.1,惰行,2.2000000000000006,70.0,70.0,0.7089380388454285,4.1,4.72876214548279,5.600000000001842,0.0239939104937648,0.0,9.2,この先制限速度なし,この先目立った勾配なし,先行列車なし,後続列車なし,0.0,次駅減速フェーズで先行列車不在にも関わらず低速(0.7km/h)のまま加速し、停止位置へ進むちんたら運転とノコギリ運転が判定され、即時0点規則に該当するためrewardは0.0とした。
174.49999999999815,Train11,次駅への減速フェーズ（駅手前400m以内）,力行（加速）中,0.2,惰行,2.2000000000000006,70.0,70.0,0.9896080747313876,3.7,4.704777974787078,5.500000000001847,0.0467506576032203,0.0,9.2,この先制限速度なし,この先目立った勾配なし,先行列車なし,後続列車なし,0.0,次駅減速フェーズで先行列車なしの低速1 km/hで力行を続けたことが「ちんたら運転」と判定され、即時0点規則に該当したためrewardは0.0とした。
174.59999999999815,Train11,次駅への減速フェーズ（駅手前400m以内）,惰行中,0.1,力行（加速）,0.2,70.0,70.0,1.2687839105108627,4.0,4.673020259751581,5.400000000001853,0.0768445980688934,0.0,9.2,この先制限速度なし,この先目立った勾配なし,先行列車なし,後続列車なし,0.0,次駅減速フェーズで先行列車なし、速度1.3km/hの低速惰行はちんたら運転とみなされ即時0点規則に該当するためreward=0.0。
174.69999999999814,Train11,次駅への減速フェーズ（駅手前400m以内）,惰行中,0.2,力行（加速）,0.2,70.0,70.0,1.227792158215908,4.0,4.638402533057473,5.300000000001859,0.0719599965258249,0.0,9.2,この先制限速度なし,この先目立った勾配なし,先行列車なし,後続列車なし,0.0,次駅減速フェーズで先行列車なしの低速1.2km/hで惰行を続け、停止位置に到達できず「ちんたら運転」に該当するため即時0点とした。
174.79999999999814,Train11,次駅への減速フェーズ（駅手前400m以内）,惰行中,0.3,力行（加速）,0.2,70.0,70.0,1.1868038657975453,4.6,4.604923413271678,5.2000000000018645,0.0672361297018332,0.0,9.2,この先制限速度なし,この先目立った勾配なし,先行列車なし,後続列車なし,0.0,次駅減速フェーズで先行列車なしにも関わらず低速1.2km/hで惰行を続けたため、即reward0.0ルールのちんたら運転に該当し、rewardは0.0とした。
174.89999999999813,Train11,次駅への減速フェーズ（駅手前400m以内）,惰行中,0.4,力行（加速）,0.2,70.0,70.0,1.1458190256145688,4.5,4.572582804399872,5.10000000000187,0.0626729674155249,0.0,9.2,この先制限速度なし,この先目立った勾配なし,先行列車なし,後続列車なし,0.0,低速で惰行し続けるちんたら運転と、保持時間が7秒未満のノコギリ運転が即reward0.0条件に該当するため評価は0.0とした。
174.99999999999812,Train11,次駅への減速フェーズ（駅手前400m以内）,惰行中,0.5,力行（加速）,0.2,70.0,70.0,1.1048376300282712,4.5,4.541380610671553,5.000000000001876,0.058270471350422,0.0,9.2,この先制限速度なし,この先目立った勾配なし,先行列車なし,後続列車なし,0.0,次駅減速フェーズで先行列車なしの低速1.1km/hで惰行を続けたことが「ちんたら運転」に該当し、即reward0.0ルールが適用されたため0.0とした。
175.09999999999812,Train11,次駅への減速フェーズ（駅手前400m以内）,惰行中,0.6,力行（加速）,0.2,70.0,70.0,1.0638596714024415,5.1,4.511316736511617,4.9000000000018815,0.0540286033057015,0.0,9.2,この先制限速度なし,この先目立った勾配なし,先行列車なし,後続列車なし,0.0,低速で惰行し続けるちんたら運転と2秒未満のノコギリ運転と判定されたため、即時0点とする。
175.1999999999981,Train11,次駅への減速フェーズ（駅手前400m以内）,惰行中,0.7,力行（加速）,0.2,70.0,70.0,1.0228851421033571,4.4,4.48239108657944,4.800000000001887,0.0499473251961316,0.0,9.2,この先制限速度なし,この先目立った勾配なし,先行列車なし,後続列車なし,0.0,次駅減速フェーズで先行列車不在にも関わらず、速度1 km/hのまま惰行し続けているため『ちんたら運転』と判定し、即reward0.0ルールが適用された。
175.2999999999981,Train11,次駅への減速フェーズ（駅手前400m以内）,惰行中,0.7999999999999999,力行（加速）,0.2,70.0,70.0,0.9819140344997784,5.0,4.454603565722692,4.700000000001893,0.0460265922112512,0.0,9.2,この先制限速度なし,この先目立った勾配なし,先行列車なし,後続列車なし,0.0,次駅減速フェーズで先行列車がいない状態で、現在速度1km/hという低速で惰行を続け、ブレーキをかけずに停止位置へ向かうことはちんたら運転と判断し、即座にrewardを0.0とした。
175.3999999999981,Train11,次駅への減速フェーズ（駅手前400m以内）,惰行中,0.8999999999999999,力行（加速）,0.2,70.0,70.0,0.9409463409629444,5.7,4.427954079009311,4.600000000001899,0.0422663686696405,0.0,9.2,この先制限速度なし,この先目立った勾配なし,先行列車なし,後続列車なし,0.0,次駅減速フェーズで速度0.9km/hのまま惰行を続け、低速ちんたら運転と判定されたため即時0点とした。
175.4999999999981,Train11,次駅への減速フェーズ（駅手前400m以内）,惰行中,1.0,力行（加速）,0.2,70.0,70.0,0.8999820538665642,5.6,4.402442531723949,4.500000000001904,0.0386666270023444,0.0,9.2,この先制限速度なし,この先目立った勾配なし,先行列車なし,後続列車なし,0.0,低速(0.9km/h)で惰行し続け、先行列車なしで遅延を増大させるちんたら運転と判定し即0点。
175.5999999999981,Train11,次駅への減速フェーズ（駅手前400m以内）,惰行中,1.1,力行（加速）,0.2,70.0,70.0,0.8590211655868135,6.2,4.378068829360871,4.40000000000191,0.0352273295478413,0.0,9.2,この先制限速度なし,この先目立った勾配なし,先行列車なし,後続列車なし,0.0,低速0.9km/hで惰行し続けブレーキ未実施のため次駅減速フェーズでちんたら運転と判定し、加速→惰行への2秒未満の反転がノコギリ運転に該当したため即時0点とした。
175.69999999999808,Train11,次駅への減速フェーズ（駅手前400m以内）,惰行中,1.2,力行（加速）,0.2,70.0,70.0,0.8180636685023277,5.5,4.354832877620396,4.300000000001916,0.0319484387599018,0.0,9.2,この先制限速度なし,この先目立った勾配なし,先行列車なし,後続列車なし,0.0,低速で惰行し続けるちんたら運転とノコギリ運転が即時0点規則に該当するためrewardは0.0。
175.79999999999808,Train11,次駅への減速フェーズ（駅手前400m以内）,惰行中,1.3,力行（加速）,0.2,70.0,70.0,0.7771095549941962,5.5,4.332734582419562,4.200000000001921,0.0288299172075258,0.0,9.2,この先制限速度なし,この先目立った勾配なし,先行列車なし,後続列車なし,0.0,次駅減速フェーズで低速惰行が続き、ちんたら運転と判定されたためrewardは0.0とした。
175.89999999999807,Train11,次駅への減速フェーズ（駅手前400m以内）,惰行中,1.4,力行（加速）,0.2,70.0,70.0,0.7361588174459567,5.5,4.311773849877909,4.100000000001927,0.025871722242596,0.0,9.2,この先制限速度なし,この先目立った勾配なし,先行列車なし,後続列車なし,0.0,低速惰行が次駅減速フェーズでのちんたら運転と即時0点規則に該当するためrewardは0.0。
175.99999999999807,Train11,次駅への減速フェーズ（駅手前400m以内）,力行（加速）中,0.1,惰行,1.4,70.0,70.0,0.6952114482435894,5.4,4.291950586360116,4.000000000001933,0.0230738152527408,0.0,9.2,この先制限速度なし,この先目立った勾配なし,先行列車なし,後続列車なし,0.0,次駅減速フェーズで低速(0.7km/h)のまま加速し続けることはちんたら運転とみなされ、即reward0.0ルールが適用されるため。
176.09999999999806,Train11,次駅への減速フェーズ（駅手前400m以内）,力行（加速）中,0.2,惰行,1.4,70.0,70.0,0.975954551459195,6.3,4.268346592684935,3.9000000000019375,0.0454696443049793,0.0,9.2,この先制限速度なし,この先目立った勾配なし,先行列車なし,後続列車なし,0.0,次駅減速フェーズで先行列車なしの低速1 km/hで力行を続けたため、即時0点ルールに該当しrewardは0.0とした。
176.19999999999806,Train11,次駅への減速フェーズ（駅手前400m以内）,惰行中,0.1,力行（加速）,0.2,70.0,70.0,1.255203082273592,70.0,4.236967030713856,3.800000000001944,0.0752085397705519,0.0,9.2,この先制限速度なし,この先目立った勾配なし,先行列車なし,後続列車なし,0.0,次駅減速フェーズで先行列車なしにも関わらず速度1.3km/hのまま惰行を続けたため、即reward0.0ルールの「ちんたら運転」に該当し0.0点とした。
176.29999999999805,Train11,次駅への減速フェーズ（駅手前400m以内）,惰行中,0.2,力行（加速）,0.2,70.0,70.0,1.214212477071937,70.0,4.202726531715939,3.7000000000019497,0.0703771900728238,0.0,9.2,この先制限速度なし,この先目立った勾配なし,先行列車なし,後続列車なし,0.0,低速(1.2km/h)で惰行を続けたため次駅減速フェーズでのちんたら運転とみなされ、即時0点規則が適用された。
176.39999999999804,Train11,次駅への減速フェーズ（駅手前400m以内）,惰行中,0.3,力行（加速）,0.2,70.0,70.0,1.1732253292150885,70.0,4.169624607808231,3.6000000000019554,0.0657065684313159,0.0,9.2,この先制限速度なし,この先目立った勾配なし,先行列車なし,後続列車なし,0.0,次駅減速フェーズで先行列車なしにも関わらず低速1.2km/hで惰行し続けたため即reward0.0ルールに該当し、評価は0.0点となる。
176.49999999999804,Train11,次駅への減速フェーズ（駅手前400m以内）,惰行中,0.4,力行（加速）,0.2,70.0,70.0,1.1322416310626682,70.0,4.137661163060358,3.500000000001961,0.0611966386205421,0.0,9.2,この先制限速度なし,この先目立った勾配なし,先行列車なし,後続列車なし,0.0,次駅減速フェーズで先行列車なしの低速惰行はちんたら運転とみなされ、即時0点規則が適用されるためrewardは0.0となる。
176.59999999999803,Train11,次駅への減速フェーズ（駅手前400m以内）,惰行中,0.5,力行（加速）,0.2,70.0,70.0,1.091261374976797,70.0,4.106836101769318,3.400000000001967,0.0568473623623477,0.0,9.2,この先制限速度なし,この先目立った勾配なし,先行列車なし,後続列車なし,0.0,次駅減速フェーズで低速(1.1km/h)のまま惰行しブレーキ未実施のためちんたら運転と判定し即時0点とする。
176.69999999999803,Train11,次駅への減速フェーズ（駅手前400m以内）,惰行中,0.6,力行（加速）,0.2,70.0,70.0,1.050284553322089,70.0,4.077149328438168,3.3000000000019725,0.0526587014942118,0.0,9.2,この先制限速度なし,この先目立った勾配なし,先行列車なし,後続列車なし,0.0,次駅減速フェーズで先行列車なしにも関わらず低速惰行を続けたため即時0点ルールが適用された。
176.79999999999802,Train11,次駅への減速フェーズ（駅手前400m以内）,惰行中,0.7,力行（加速）,0.2,70.0,70.0,1.009311158465645,70.0,4.048600747776021,3.200000000001978,0.0486306179691838,0.0,9.2,この先制限速度なし,この先目立った勾配なし,先行列車なし,後続列車なし,0.0,低速(1km/h)で惰行を続け、先行列車なしの状態で停止位置へ向かうちんたら運転と判定し、即時0点ルールが適用されたためreward=0.0とした。
176.89999999999802,Train11,次駅への減速フェーズ（駅手前400m以内）,惰行中,0.7999999999999999,力行（加速）,0.2,70.0,70.0,0.9683411827770464,70.0,4.021190264722918,3.100000000001984,0.0447630625904745,0.0,9.2,この先制限速度なし,この先目立った勾配なし,先行列車なし,後続列車なし,0.0,次駅減速フェーズで先行列車なしにも関わらず低速1km/hの惰行はちんたら運転とみなされ、即reward0.0ルールに該当するため評価は0.0とした。
176.999999999998,Train11,次駅への減速フェーズ（駅手前400m以内）,惰行中,0.8999999999999999,力行（加速）,0.2,70.0,70.0,0.9273746186283518,70.0,3.9949177844071926,3.000000000001989,0.0410560103910699,0.0,9.2,この先制限速度なし,この先目立った勾配なし,先行列車なし,後続列車なし,0.0,次駅減速フェーズで先行列車なしの低速0.9km/h惰行はちんたら運転とみなされ、保持時間が7秒未満の力行→惰行反転がノコギリ運転と判定され、報酬上限が0点となる。
177.099999999998,Train11,次駅への減速フェーズ（駅手前400m以内）,惰行中,1.0,力行（加速）,0.2,70.0,70.0,0.8864114583940883,70.0,3.969783212181,2.900000000001995,0.0375094275760561,0.0,9.2,この先制限速度なし,この先目立った勾配なし,先行列車なし,後続列車なし,0.0,次駅減速フェーズで先行列車なしの低速0.9km/hで惰行を続けたため、即reward0.0ルールの「ちんたら運転」に該当し、評価は0.0とした。
177.199999999998,Train11,次駅への減速フェーズ（駅手前400m以内）,惰行中,1.1,力行（加速）,0.2,70.0,70.0,0.8454516944512469,70.0,3.945786453616762,2.800000000002001,0.0341232765221144,0.0,9.2,この先制限速度なし,この先目立った勾配なし,先行列車なし,後続列車なし,0.0,次駅減速フェーズで先行列車なしにも関わらず低速(0.8km/h)の惰行がちんたら運転と判定され、即reward0.0ルールが適用されたため。
177.299999999998,Train11,次駅への減速フェーズ（駅手前400m以内）,惰行中,1.2,力行（加速）,0.2,70.0,70.0,0.8044953191792764,70.0,3.922927414485855,2.7000000000020066,0.0308975197211974,0.0,9.2,この先制限速度なし,この先目立った勾配なし,先行列車なし,後続列車なし,0.0,低速で惰行し続け、先行列車不在の状態で停止位置へ向かうちんたら運転と、持続時間が2秒未満のノコギリ運転と判定されたためrewardは0.0とした。
177.399999999998,Train11,次駅への減速フェーズ（駅手前400m以内）,惰行中,1.3,力行（加速）,0.2,70.0,70.0,0.7635423249600785,70.0,3.901206000769264,2.6000000000020123,0.0278321197804664,0.0,9.2,この先制限速度なし,この先目立った勾配なし,先行列車なし,後続列車なし,0.0,次駅減速フェーズで先行列車なしの低速0.8km/h惰行はちんたら運転と判定され、即時0点ルールに該当するためreward=0.0とした。
177.49999999999798,Train11,次駅への減速フェーズ（駅手前400m以内）,惰行中,1.4,力行（加速）,0.2,70.0,70.0,0.722592704178,70.0,3.8806221186611367,2.500000000002018,0.0249270294775225,0.0,9.2,この先制限速度なし,この先目立った勾配なし,先行列車なし,後続列車なし,0.0,次駅減速フェーズで先行列車なしの低速0.7km/hの惰行は『ちんたら運転』に該当し即時0点ルールが適用されたためreward=0.0とした。
177.59999999999798,Train11,次駅への減速フェーズ（駅手前400m以内）,力行（加速）中,0.1,惰行,1.4,70.0,70.0,0.6816464492198295,70.0,3.861175674593653,2.400000000002024,0.0221822212894106,0.0,9.2,この先制限速度なし,この先目立った勾配なし,先行列車なし,後続列車なし,0.0,次駅減速フェーズで低速のまま加速し、停止位置確保が不適切なため即時0点と判断した。
177.69999999999797,Train11,次駅への減速フェーズ（駅手前400m以内）,力行（加速）中,0.2,惰行,1.4,70.0,70.0,0.962461758801043,70.0,3.837947382454132,2.3000000000020293,0.0442211906057862,0.0,9.2,この先制限速度なし,この先目立った勾配なし,先行列車なし,後続列車なし,0.0,次駅減速フェーズで低速のまま力行し、ちんたら運転とノコギリ運転に該当するため、即座に0点と判断した。
177.79999999999797,Train11,次駅への減速フェーズ（駅手前400m以内）,惰行中,0.1,力行（加速）,0.2,70.0,70.0,1.2417821280818526,70.0,3.806941521911966,2.200000000002035,0.0736090283302502,0.0,9.2,この先制限速度なし,この先目立った勾配なし,先行列車なし,後続列車なし,0.0,次駅減速フェーズで先行列車なしの低速1.2km/hで惰行を続けたため、ちんたら運転とみなされ即時0点と判断した。
177.89999999999796,Train11,次駅への減速フェーズ（駅手前400m以内）,惰行中,0.2,力行（加速）,0.2,70.0,70.0,1.200792655677284,70.0,3.773073809892225,2.1000000000020407,0.0688303047501694,0.0,9.2,この先制限速度なし,この先目立った勾配なし,先行列車なし,後続列車なし,0.0,低速(1.2km/h)で惰行し続けるちんたら運転は即reward0.0ルールに該当し、評価は0.0とした。
177.99999999999795,Train11,次駅への減速フェーズ（駅手前400m以内）,惰行中,0.3,力行（加速）,0.2,70.0,70.0,1.15980663811574,70.0,3.740344641521176,2.0000000000020464,0.0642122988115521,0.0,9.2,この先制限速度なし,この先目立った勾配なし,先行列車なし,後続列車なし,0.0,低速で惰行し続けブレーキ未実施のちんたら運転かつノコギリ運転と判定されたため0点。
178.09999999999795,Train11,次駅への減速フェーズ（駅手前400m以内）,惰行中,0.4,力行（加速）,0.2,70.0,70.0,1.1188240677576613,70.0,3.708753920957264,1.900000000002052,0.0597549721584327,0.0,9.2,この先制限速度なし,この先目立った勾配なし,先行列車なし,後続列車なし,0.0,先行列車なしで速度1.1km/hのまま惰行し停車位置へ進む『ちんたら運転』に該当し、即reward0.0ルールが適用されたため0.0とした。
178.19999999999794,Train11,次駅への減速フェーズ（駅手前400m以内）,惰行中,0.5,力行（加速）,0.2,70.0,70.0,1.0778449369659855,70.0,3.6783015525578833,1.8000000000020575,0.0554582865505229,0.0,9.2,この先制限速度なし,この先目立った勾配なし,先行列車なし,後続列車なし,0.0,次駅減速フェーズで低速1.1km/hのまま惰行を続けブレーキ未実施のため、即時0点ルール（ちんたら運転）に該当しrewardは0.0とした。
178.29999999999794,Train11,次駅への減速フェーズ（駅手前400m以内）,惰行中,0.6,力行（加速）,0.2,70.0,70.0,1.036869238106142,70.0,3.648987440897145,1.7000000000020634,0.0513222038631471,0.0,9.2,この先制限速度なし,この先目立った勾配なし,先行列車なし,後続列車なし,0.0,低速で惰行し続けるちんたら運転で、次駅減速フェーズにおける停止位置達成が不可能なため即時0点とした。
178.39999999999793,Train11,次駅への減速フェーズ（駅手前400m以内）,惰行中,0.7,力行（加速）,0.2,70.0,70.0,0.9958969635460442,70.0,3.620811490755216,1.600000000002069,0.0473466844404403,0.0,9.2,この先制限速度なし,この先目立った勾配なし,先行列車なし,後続列車なし,0.0,先行列車なしで速度1km/hのまま惰行し続けることはちんたら運転とみなされ、即時0点規則に該当するためrewardは0.0とした。
178.49999999999793,Train11,次駅への減速フェーズ（駅手前400m以内）,惰行中,0.7999999999999999,力行（加速）,0.2,70.0,70.0,0.9549281056560852,70.0,3.593773607136086,1.5000000000020748,0.0435316802870426,0.0,9.2,この先制限速度なし,この先目立った勾配なし,先行列車なし,後続列車なし,0.0,低速で惰行し続けるちんたら運転とノコギリ運転が即時0点条件に該当し、停止位置も達成できないためrewardは0.0。
178.59999999999792,Train11,次駅への減速フェーズ（駅手前400m以内）,惰行中,0.8999999999999999,力行（加速）,0.2,70.0,70.0,0.9139626568091328,70.0,3.567873695253354,1.4000000000020805,0.0398771708881216,0.0,9.2,この先制限速度なし,この先目立った勾配なし,先行列車なし,後続列車なし,0.0,次駅減速フェーズで先行列車なしの低速惰行はちんたら運転とみなされ、即reward0.0規則に該当するため0.0とした。
178.6999999999979,Train11,次駅への減速フェーズ（駅手前400m以内）,惰行中,1.0,力行（加速）,0.2,70.0,70.0,0.8730006093805206,70.0,3.543111660519571,1.3000000000020862,0.0363831185427925,0.0,9.2,この先制限速度なし,この先目立った勾配なし,先行列車なし,後続列車なし,0.0,次駅減速フェーズで先行列車不在にも関わらず0.9km/hの低速で惰行を続けたため、即時0点規則が適用され評価は0.0となった。
178.7999999999979,Train11,次駅への減速フェーズ（駅手前400m以内）,惰行中,1.1,力行（加速）,0.2,70.0,70.0,0.8320419557480458,70.0,3.519487408574662,1.2000000000020918,0.0330494856654841,0.0,9.2,この先制限速度なし,この先目立った勾配なし,先行列車なし,後続列車なし,0.0,低速で惰行し続けるちんたら運転が即reward0.0ルールに該当し、停止位置が確保できないため0.0とした。
178.8999999999979,Train11,次駅への減速フェーズ（駅手前400m以内）,惰行中,1.2,力行（加速）,0.2,70.0,70.0,0.7910866882919604,70.0,3.4970008452539503,1.1000000000020975,0.0298762347858759,0.0,9.2,この先制限速度なし,この先目立った勾配なし,先行列車なし,後続列車なし,0.0,次駅減速フェーズで先行列車なしにも関わらず低速0.8km/hで惰行し続けたため、ちんたら運転とみなされ即時0点となる。
178.9999999999979,Train11,次駅への減速フェーズ（駅手前400m以内）,惰行中,1.3,力行（加速）,0.2,70.0,70.0,0.7501347993949673,70.0,3.475651876616581,1.0000000000021032,0.0268633285488353,0.0,9.2,この先制限速度なし,この先目立った勾配なし,先行列車なし,後続列車なし,0.0,次駅減速フェーズで先行列車なしにも関わらず0.8km/hの低速惰行で停止位置へ進むちんたら運転とノコギリ運転が判定され、即時0点規則によりreward=0.0とした。
179.0999999999979,Train11,次駅への減速フェーズ（駅手前400m以内）,惰行中,1.4,力行（加速）,0.2,70.0,70.0,0.7091862814422137,70.0,3.4554404089348623,0.9000000000021089,0.0240107158072524,0.0,9.2,この先制限速度なし,この先目立った勾配なし,先行列車なし,後続列車なし,0.0,低速（0.7km/h）の惰行が次駅減速フェーズで先行列車なしにも関わらず続き、ちんたら運転と判定されたため即時0点とした。
179.19999999999789,Train11,次駅への減速フェーズ（駅手前400m以内）,力行（加速）中,0.1,惰行,1.4,70.0,70.0,0.6682411268212856,70.0,3.436366348669395,0.8000000000021146,0.0213183788015403,0.0,9.2,この先制限速度なし,この先目立った勾配なし,先行列車なし,後続列車なし,0.0,次駅減速フェーズで低速0.7km/hのまま力行し、ちんたら運転とノコギリ運転が判定され即0点規則に該当するためrewardは0.0とした。
179.29999999999788,Train11,次駅への減速フェーズ（駅手前400m以内）,力行（加速）中,0.2,惰行,1.4,70.0,70.0,0.9491277920257382,70.0,3.413509335597809,0.7000000000021203,0.0430045030566585,0.0,9.2,この先制限速度なし,この先目立った勾配なし,先行列車なし,後続列車なし,0.0,低速(0.9km/h)で加速を続け、減速フェーズで停止すべきところを力行したため即時0点ルールが適用された。
179.39999999999787,Train11,次駅への減速フェーズ（駅手前400m以内）,惰行中,0.1,力行（加速）,0.2,70.0,70.0,1.2285191533737336,70.0,3.382872777578428,0.6000000000021259,0.0720452291488012,0.0,9.2,この先制限速度なし,この先目立った勾配なし,先行列車なし,後続列車なし,0.0,次駅減速フェーズで先行列車なし、速度1.2km/hの低速惰行はちんたら運転とみなされ即時0点規則に該当するためreward=0.0とした。
179.49999999999787,Train11,次駅への減速フェーズ（駅手前400m以内）,ブレーキ（減速）中,0.1,惰行,0.1,70.0,70.0,1.187530799657939,70.0,3.349373464423877,0.5000000000021316,0.0673185117398636,0.0,9.2,この先制限速度なし,この先目立った勾配なし,先行列車なし,後続列車なし,0.8,次駅減速フェーズでブレーキ中だがdelta_stopが3.28mで2m超過しやや減点となり、他項目は全て適合するため0.8とした。
179.59999999999786,Train11,次駅への減速フェーズ（駅手前400m以内）,惰行中,0.1,ブレーキ（減速）,0.1,70.0,70.0,1.0601491637350078,70.0,3.318332630598775,0.4000000000021373,0.0536524193521327,0.0,9.2,この先制限速度なし,この先目立った勾配なし,先行列車なし,後続列車なし,0.0,先行列車がいない状態で、現在速度1.1km/hという極低速で惰行を続けたことが、次駅減速フェーズの即reward0.0ルール（ちんたら運転）に該当し、評価を0点にした。
179.69999999999786,Train11,次駅への減速フェーズ（駅手前400m以内）,惰行中,0.2,ブレーキ（減速）,0.1,70.0,70.0,1.0191749445949094,70.0,3.289510045576094,0.300000000002143,0.0495856812665103,0.0,9.2,この先制限速度なし,この先目立った勾配なし,先行列車なし,後続列車なし,0.0,低速で惰行し続けるちんたら運転かつノコギリ運転と判定され、即時0点規則に該当するためrewardは0.0。
179.79999999999785,Train11,次駅への減速フェーズ（駅手前400m以内）,惰行中,0.3,ブレーキ（減速）,0.1,70.0,70.0,0.978204146459408,70.0,3.261825581027722,0.2000000000021486,0.045679483603314,0.0,9.2,この先制限速度なし,この先目立った勾配なし,先行列車なし,後続列車なし,0.0,低速(1km/h)で惰行し続け、次駅減速フェーズで停車位置に間に合わず即0点と判定。
179.89999999999785,Train11,次駅への減速フェーズ（駅手前400m以内）,惰行中,0.4,ブレーキ（減速）,0.1,70.0,70.0,0.9372367616999658,70.0,3.235279142042913,0.1000000000021543,0.0419337937307501,0.0,9.2,この先制限速度なし,この先目立った勾配なし,先行列車なし,後続列車なし,0.0,次駅減速フェーズで先行列車なしにも関わらず速度25km/h未満の惰行が続き、即時ゼロルール（ちんたら運転）に該当するためrewardは0.0とした。
179.99999999999784,Train11,次駅への減速フェーズ（駅手前400m以内）,惰行中,0.5,ブレーキ（減速）,0.1,70.0,70.0,0.896272782690516,70.0,3.2098706339134253,2.160049916710705e-12,0.0383485823173881,0.0999999999978342,9.2,この先制限速度なし,この先目立った勾配なし,先行列車なし,後続列車なし,0.0,次駅減速フェーズで先行列車なしの低速惰行はちんたら運転と判定され、即reward0.0ルールが適用されたため0.0とした。
180.09999999999783,Train11,次駅への減速フェーズ（駅手前400m以内）,惰行中,0.6,ブレーキ（減速）,0.1,70.0,70.0,0.855312201807457,70.0,3.1855999621654973,0.0,0.0349238117121489,0.1999999999978285,9.2,この先制限速度なし,この先目立った勾配なし,先行列車なし,後続列車なし,0.0,次駅減速フェーズで先行列車なしにも関わらず低速0.9km/hのまま惰行を続けたため、ちんたら運転とみなされ即時0点とした。
180.19999999999783,Train11,次駅への減速フェーズ（駅手前400m以内）,惰行中,0.7,ブレーキ（減速）,0.1,70.0,70.0,0.8143550114296467,70.0,3.162467032513661,0.0,0.0316594443792401,0.2999999999978229,9.2,この先制限速度なし,この先目立った勾配なし,先行列車なし,後続列車なし,0.0,次駅減速フェーズで先行列車なしにも関わらず低速0.8km/hの惰行がちんたら運転と判定され、即reward0.0ルールに該当したため0.0とした。
180.29999999999785,Train11,次駅への減速フェーズ（駅手前400m以内）,惰行中,0.7999999999999999,ブレーキ（減速）,0.1,70.0,70.0,0.7734012039383965,70.0,3.140471750885609,0.0,0.0285554428980929,0.3999999999978172,9.2,この先制限速度なし,この先目立った勾配なし,先行列車なし,後続列車なし,0.0,低速0.8km/hで惰行し、先行列車なしで停止位置へ向かうちんたら運転かつノコギリ運転と判定されたため0.0点。
180.39999999999785,Train11,次駅への減速フェーズ（駅手前400m以内）,惰行中,0.8999999999999999,ブレーキ（減速）,0.1,70.0,70.0,0.7324507717174653,70.0,3.1196140234364123,0.0,0.0256117633099983,0.4999999999978115,9.2,この先制限速度なし,この先目立った勾配なし,先行列車なし,後続列車なし,0.0,次駅減速フェーズで先行列車なしにも関わらず低速0.7km/hの惰行はちんたら運転とみなされ、即reward0.0ルールが適用されるため0.0点とした。
180.4999999999978,Train11,次駅への減速フェーズ（駅手前400m以内）,惰行中,1.0,ブレーキ（減速）,0.1,70.0,70.0,0.6915037071530542,70.0,3.0998937565271945,0.0,0.0228283701546749,0.5999999999978058,9.2,この先制限速度なし,この先目立った勾配なし,先行列車なし,後続列車なし,0.0,低速0.7km/hで惰行し続け、δ_stop>0のままブレーキ未実施のちんたら運転とノコギリ運転が判定されたため0.0点。
180.5999999999978,Train11,次駅への減速フェーズ（駅手前400m以内）,力行（加速）中,0.1,惰行,1.0,70.0,70.0,0.6505600026338003,70.0,3.081310856725139,0.0,0.0202052367770309,0.6999999999978002,9.2,この先制限速度なし,この先目立った勾配なし,先行列車なし,後続列車なし,0.0,次駅減速フェーズで低速(0.7km/h)のまま力行し、即reward0.0ルールの「ちんたら運転」に該当したため0.0とした。
180.6999999999978,Train11,次駅への減速フェーズ（駅手前400m以内）,力行（加速）中,0.2,惰行,1.0,70.0,70.0,0.931540782071194,70.0,3.0589435470389503,0.0,0.0414256886906555,0.7999999999977945,9.2,この先制限速度なし,この先目立った勾配なし,先行列車なし,後続列車なし,0.0,次駅減速フェーズで低速(0.9km/h)のまま加速し、停車位置へ向かうちんたら運転に該当し即時0点とした。
180.7999999999978,Train11,次駅への減速フェーズ（駅手前400m以内）,惰行中,0.1,力行（加速）,0.2,70.0,70.0,1.2110257781541791,70.0,3.028794085452091,0.0,0.0700083074700081,0.8999999999977888,9.2,この先制限速度なし,この先目立った勾配なし,先行列車なし,後続列車なし,0.0,次駅減速フェーズで低速(1.2km/h)のまま惰行を続けたため「ちんたら運転」と判定し、即時0点とした。
180.8999999999978,Train11,次駅への減速フェーズ（駅手前400m以内）,ブレーキ（減速）中,0.1,惰行,0.1,70.0,70.0,1.170038898770944,70.0,2.99578067685502,0.0,0.065350180304542,0.9999999999977832,9.2,この先制限速度なし,この先目立った勾配なし,先行列車なし,後続列車なし,0.9,ブレーキは適切だがdelta_stopが2mを超えているためやや減点し、0.9点とした。
180.99999999999773,Train11,次駅への減速フェーズ（駅手前400m以内）,惰行中,0.1,ブレーキ（減速）,0.1,70.0,70.0,1.0426587309453217,70.0,2.965225706720531,0.0,0.0518968739819916,1.0999999999977774,9.2,この先制限速度なし,この先目立った勾配なし,先行列車なし,後続列車なし,0.0,次駅減速フェーズで先行列車がいないにも関わらず、現在速度1km/hのまま惰行を続けることはちんたら運転と判断され、即時0点の規則が適用される。
181.19999999999777,Train11,次駅への減速フェーズ（駅手前400m以内）,惰行中,0.1,ブレーキ（減速）,0.1,70.0,70.0,0.8743198666344033,70.0,2.911010229713185,0.0,0.0364931549713706,1.299999999997766,9.2,この先制限速度なし,この先目立った勾配なし,先行列車なし,後続列車なし,0.0,次駅減速フェーズで先行列車なしにも関わらず0.9 km/hの低速で惰行を続け、停止位置へ向かうちんたら運転と判定されたため即時0点とした。
181.29999999999777,Train11,次駅への減速フェーズ（駅手前400m以内）,惰行中,0.2,ブレーキ（減速）,0.1,70.0,70.0,0.8333611038129338,70.0,2.887349333395406,0.0,0.0331543558705661,1.3999999999977604,9.2,この先制限速度なし,この先目立った勾配なし,先行列車なし,後続列車なし,0.0,次駅減速フェーズで先行列車なしにも関わらず、速度0.8km/hの低速で惰行を続けたため『ちんたら運転』と判定し即時0点規則が適用された。
181.39999999999776,Train11,次駅への減速フェーズ（駅手前400m以内）,惰行中,0.3,ブレーキ（減速）,0.1,70.0,70.0,0.7924057274132336,70.0,2.8648261287358423,0.0,0.0299759399725145,1.499999999997755,9.2,この先制限速度なし,この先目立った勾配なし,先行列車なし,後続列車なし,0.0,即時0点ルールに該当し、先行列車なしで低速0.8km/hのまま惰行を続けたため停車遅延と判断した。
181.49999999999773,Train11,次駅への減速フェーズ（駅手前400m以内）,惰行中,0.4,ブレーキ（減速）,0.1,70.0,70.0,0.7514537298179262,70.0,2.843440521782981,0.0,0.0269578699183742,1.599999999997749,9.2,この先制限速度なし,この先目立った勾配なし,先行列車なし,後続列車なし,0.0,低速0.8km/hで惰行を続け、先行列車なしで停止位置へ向かうちんたら運転と即0点規則が適用されたため0.0とした。
181.5999999999977,Train11,次駅への減速フェーズ（駅手前400m以内）,惰行中,0.5,ブレーキ（減速）,0.1,70.0,70.0,0.7105051034120804,70.0,2.823192418791365,0.0,0.0241000949208922,1.699999999997743,9.2,この先制限速度なし,この先目立った勾配なし,先行列車なし,後続列車なし,0.0,次駅減速フェーズで先行列車なしにも関わらず低速0.7km/hで惰行し、停止位置へ向かうちんたら運転とノコギリ運転が判定されたためrewardは0.0とした。
181.6999999999977,Train11,次駅への減速フェーズ（駅手前400m以内）,惰行中,0.6,ブレーキ（減速）,0.1,70.0,70.0,0.6695598405832034,70.0,2.804081726242913,0.0,0.0214025963126673,1.7999999999977376,9.2,この先制限速度なし,この先目立った勾配なし,先行列車なし,後続列車なし,0.0,次駅減速フェーズで先行列車なしにも関わらず低速0.7km/hの惰行は「ちんたら運転」とみなされ、即reward0.0ルールが適用されるため。
181.7999999999977,Train11,次駅への減速フェーズ（駅手前400m以内）,力行（加速）中,0.1,惰行,0.6,70.0,70.0,0.6286179337212355,70.0,2.7861083508220474,0.0,0.018865337638914,1.899999999997732,9.2,この先制限速度なし,この先目立った勾配なし,先行列車なし,後続列車なし,0.0,低速(0.6km/h)で加速し続け、先行列車不在の減速フェーズでのちんたら運転と判定されたため即時0点とした。
181.89999999999773,Train11,次駅への減速フェーズ（駅手前400m以内）,力行（加速）中,0.2,惰行,0.6,70.0,70.0,0.9097155059360392,70.0,2.764348757352764,0.0,0.0395074483524864,1.9999999999977265,9.2,この先制限速度なし,この先目立った勾配なし,先行列車なし,後続列車なし,0.0,低速で加速し続けたことがちんたら運転と判定され、即時0点規則に該当するためrewardは0.0とした。安全性が著しく損なわれたと判断し。
181.99999999999773,Train11,次駅への減速フェーズ（駅手前400m以内）,惰行中,0.1,力行（加速）,0.2,70.0,70.0,1.1893166997751716,70.0,2.7348037768319955,0.0,0.067521118548771,2.0999999999977206,9.2,この先制限速度なし,この先目立った勾配なし,先行列車なし,後続列車なし,0.0,次駅減速フェーズで先行列車なしにも関わらず低速1.2km/hで惰行を続けたため『ちんたら運転』と判定し即時0点とした。
182.0999999999977,Train11,次駅への減速フェーズ（駅手前400m以内）,ブレーキ（減速）中,0.1,惰行,0.1,70.0,70.0,1.1483316481604258,70.0,2.702393370260125,0.0,0.0629481048015869,2.199999999997715,9.2,この先制限速度なし,この先目立った勾配なし,先行列車なし,後続列車なし,0.7,delta_stopが2.64mで|2m|を超えているためブレーキタイミングにやや遅れがあり、停止位置精度が不足している点が評価を下げた。
182.1999999999977,Train11,次駅への減速フェーズ（駅手前400m以内）,惰行中,0.1,ブレーキ（減速）,0.1,70.0,70.0,1.0209533003658855,70.0,2.6724413514820355,0.0,0.0497588589276156,2.299999999997709,9.2,この先制限速度なし,この先目立った勾配なし,先行列車なし,後続列車なし,0.0,次駅減速フェーズで先行列車不在にも関わらず低速1 km/hの惰行がちんたら運転と判定され、即0点規則に該当したため0.0とした。
182.3999999999977,Train11,次駅への減速フェーズ（駅手前400m以内）,惰行中,0.1,ブレーキ（減速）,0.1,70.0,70.0,0.8526180512749193,70.0,2.619431626129653,0.0,0.0347041629757552,2.499999999997698,9.2,この先制限速度なし,この先目立った勾配なし,先行列車なし,後続列車なし,0.0,次駅減速フェーズで低速惰行が続き、停止位置に到達できず即zeroルールに該当するためrewardは0.0とした。
182.4999999999977,Train11,次駅への減速フェーズ（駅手前400m以内）,惰行中,0.2,ブレーキ（減速）,0.1,70.0,70.0,0.8116610836477379,70.0,2.596373530579399,0.0,0.0314503451968465,2.599999999997692,9.2,この先制限速度なし,この先目立った勾配なし,先行列車なし,後続列車なし,0.0,次駅減速フェーズで低速のまま惰行し続けたため「ちんたら運転」と判定され、即時0点規則が適用された。
182.5999999999977,Train11,次駅への減速フェーズ（駅手前400m以内）,惰行中,0.3,ブレーキ（減速）,0.1,70.0,70.0,0.7707074984060669,70.0,2.5744530768818663,0.0,0.028356890812319,2.6999999999976865,9.2,この先制限速度なし,この先目立った勾配なし,先行列車なし,後続列車なし,0.0,次駅減速フェーズで先行列車なしにも関わらず低速0.8km/hの惰行を続けたため、即reward0.0ルールのちんたら運転に該当し、評価は0.0となる。
182.6999999999977,Train11,次駅への減速フェーズ（駅手前400m以内）,惰行中,0.4,ブレーキ（減速）,0.1,70.0,70.0,0.7297572879338262,70.0,2.553670171202782,0.0,0.0254237549399169,2.799999999997681,9.2,この先制限速度なし,この先目立った勾配なし,先行列車なし,後続列車なし,0.0,次駅減速フェーズで先行列車なしの低速0.7km/hの惰行はちんたら運転とみなされ、即reward0.0ルールに該当するため評価は0.0とした。
182.79999999999768,Train11,次駅への減速フェーズ（駅手前400m以内）,惰行中,0.5,ブレーキ（減速）,0.1,70.0,70.0,0.6888104446173773,70.0,2.534024719903272,0.0,0.0226509043519039,2.899999999997675,9.2,この先制限速度なし,この先目立った勾配なし,先行列車なし,後続列車なし,0.0,低速0.7km/hで惰行を続け、先行列車なしで停止位置へ向かう『ちんたら運転』かつブレーキ直後の短時間切替がノコギリ運転と判定され、即時0点規則に該当するためrewardは0.0とした。
182.89999999999768,Train11,次駅への減速フェーズ（駅手前400m以内）,惰行中,0.6,ブレーキ（減速）,0.1,70.0,70.0,0.6478669608455173,70.0,2.5155166295824927,0.0,0.0200383111043993,2.9999999999976694,9.2,この先制限速度なし,この先目立った勾配なし,先行列車なし,後続列車なし,0.0,次駅減速フェーズで先行列車不在にも関わらず低速0.6km/hで惰行し、停止位置へ進むちんたら運転と判定したため0.0とした。
182.99999999999767,Train11,次駅への減速フェーズ（駅手前400m以内）,力行（加速）中,0.1,惰行,0.6,70.0,70.0,0.6069268290094735,70.0,2.498145807027896,0.0,0.0175859382067198,3.099999999997664,9.2,この先制限速度なし,この先目立った勾配なし,先行列車なし,後続列車なし,0.0,低速で加速し続けたことがちんたら運転に該当し、即時0点規則によりrewardは0.0とした。
183.0999999999977,Train11,次駅への減速フェーズ（駅手前400m以内）,力行（加速）中,0.2,惰行,0.6,70.0,70.0,0.8881398561194095,70.0,2.4769869789906807,0.0,0.0376558356758236,3.199999999997658,9.2,この先制限速度なし,この先目立った勾配なし,先行列車なし,後続列車なし,0.0,次駅減速フェーズで先行列車不在にも関わらず低速(0.9km/h)のまま力行を続けたため、即reward0.0ルールに該当し0点とした。
183.1999999999977,Train11,次駅への減速フェーズ（駅手前400m以内）,惰行中,0.1,力行（加速）,0.2,70.0,70.0,1.1678559166707827,70.0,2.448039565823734,0.0,0.0651065827189323,3.2999999999976524,9.2,この先制限速度なし,この先目立った勾配なし,先行列車なし,後続列車なし,0.0,低速で惰行し続けたことがちんたら運転と即時0点規則に該当し、2秒未満のノコギリ運転で上限0点となったためrewardは0.0。
183.29999999999765,Train11,次駅への減速フェーズ（駅手前400m以内）,ブレーキ（減速）中,0.1,惰行,0.1,70.0,70.0,1.1268726698933489,70.0,2.416225264525451,0.0,0.060617702079322,3.3999999999976467,9.2,この先制限速度なし,この先目立った勾配なし,先行列車なし,後続列車なし,0.8,次駅減速フェーズでブレーキ開始が停止点より2.36 m早く、Δstopが2 m超えているためやや減点し、0.8点とした。
183.39999999999765,Train11,次駅への減速フェーズ（駅手前400m以内）,惰行中,0.1,ブレーキ（減速）,0.1,70.0,70.0,0.9994961192877196,70.0,2.386869300988081,0.0,0.0476894912626449,3.499999999997641,9.2,この先制限速度なし,この先目立った勾配なし,先行列車なし,後続列車なし,0.0,次駅減速フェーズで先行列車なしにも関わらず1 km/hの低速で惰行を続けたため、ちんたら運転と判定し即時0点とした。
183.59999999999764,Train11,次駅への減速フェーズ（駅手前400m以内）,惰行中,0.1,ブレーキ（減速）,0.1,70.0,70.0,0.8311644400180092,70.0,2.335051536984878,0.0,0.0329798165333659,3.6999999999976296,9.2,この先制限速度なし,この先目立った勾配なし,先行列車なし,後続列車なし,0.0,先行列車なしで速度0.8km/hのまま惰行し続ける『ちんたら運転』が即0点ルールに該当し、rewardは0.0とした。
183.7999999999976,Train11,次駅への減速フェーズ（駅手前400m以内）,惰行中,0.1,ブレーキ（減速）,0.1,70.0,70.0,0.6628606262834145,70.0,2.292584719093327,0.0,0.0209764822985811,3.899999999997618,9.2,この先制限速度なし,この先目立った勾配なし,先行列車なし,後続列車なし,0.0,次駅減速フェーズで先行列車なしにも関わらず、速度0.7km/hのまま惰行を続けたことが「ちんたら運転」に該当し、即reward0.0規則が適用されるため評価は0.0とした。
183.8999999999976,Train11,次駅への減速フェーズ（駅手前400m以内）,惰行中,0.2,ブレーキ（減速）,0.1,70.0,70.0,0.6219192678062085,70.0,2.274797424572484,0.0,0.0184654388378432,3.999999999997613,9.2,この先制限速度なし,この先目立った勾配なし,先行列車なし,後続列車なし,0.0,次駅減速フェーズで先行列車なしにも関わらず低速0.6km/hで惰行し続けたため、ちんたら運転と判定し即時0点とした。
183.9999999999976,Train11,次駅への減速フェーズ（駅手前400m以内）,力行（加速）中,0.1,惰行,0.2,70.0,70.0,0.5809812564437363,70.0,2.258147338860539,0.0,0.016114592342238,4.099999999997607,9.2,この先制限速度なし,この先目立った勾配なし,先行列車なし,後続列車なし,0.0,低速(0.6km/h)のまま力行を続けたため次駅減速フェーズでのちんたら運転と判定し、即時0点規則が適用された。
184.0999999999976,Train11,次駅への減速フェーズ（駅手前400m以内）,惰行中,0.1,力行（加速）,0.1,70.0,70.0,0.8623323809525241,70.0,2.237707109735254,0.0,0.0354994075592179,4.199999999997601,9.2,この先制限速度なし,この先目立った勾配なし,先行列車なし,後続列車なし,0.0,次駅減速フェーズで先行列車なしにも関わらず低速0.9km/hの惰行が続き、停止位置へ向かうちんたら運転と判定されたためrewardは0.0とした。
184.2999999999976,Train11,次駅への減速フェーズ（駅手前400m以内）,惰行中,0.1,ブレーキ（減速）,0.1,70.0,70.0,0.6940234263918557,70.0,2.1935088897038213,0.0,0.0229950276891151,4.39999999999759,9.2,この先制限速度なし,この先目立った勾配なし,先行列車なし,後続列車なし,0.0,次駅減速フェーズで先行列車なしにも関わらず低速0.7km/hの惰行を続け、ブレーキ未実施のため即時0点ルール（ちんたら運転）に該当し、rewardは0.0とした。
184.3999999999976,Train11,次駅への減速フェーズ（駅手前400m以内）,惰行中,0.2,ブレーキ（減速）,0.1,70.0,70.0,0.653079515320578,70.0,2.174856000852543,0.0,0.0203620332526415,4.499999999997584,9.2,この先制限速度なし,この先目立った勾配なし,先行列車なし,後続列車なし,0.0,次駅減速フェーズで先行列車なしの低速惰行はちんたら運転とみなされ、即時0点規則が適用されたためreward=0.0。
184.4999999999976,Train11,次駅への減速フェーズ（駅手前400m以内）,惰行中,0.3,ブレーキ（減速）,0.1,70.0,70.0,0.6121389571536964,70.0,2.157340391633511,0.0,0.0178892638690952,4.5999999999975785,9.2,この先制限速度なし,この先目立った勾配なし,先行列車なし,後続列車なし,0.0,次駅減速フェーズで低速0.6km/hの惰行は停止に向けたブレーキが必要であり、ちんたら運転と判定され即時0点とした。
184.5999999999976,Train11,次駅への減速フェーズ（駅手前400m以内）,力行（加速）中,0.1,惰行,0.3,70.0,70.0,0.5712017442845538,70.0,2.14096196900826,0.0,0.0155766826480897,4.699999999997573,9.2,この先制限速度なし,この先目立った勾配なし,先行列車なし,後続列車なし,0.0,次駅減速フェーズで低速(0.6km/h)のまま力行し、即時0点ルールのちんたら運転に該当するため。
184.6999999999976,Train11,次駅への減速フェーズ（駅手前400m以内）,惰行中,0.1,力行（加速）,0.1,70.0,70.0,0.8526049202754331,70.0,2.1207925971609143,0.0,0.0347030941280305,4.799999999997567,9.2,この先制限速度なし,この先目立った勾配なし,先行列車なし,後続列車なし,0.0,低速で惰行し続けるちんたら運転と、保持時間2秒未満のノコギリ運転が即時0点ルールに該当するため、rewardは0.0とした。
184.8999999999976,Train11,次駅への減速フェーズ（駅手前400m以内）,惰行中,0.1,ブレーキ（減速）,0.1,70.0,70.0,0.6842975710699102,70.0,2.077134744720155,0.0,0.0223550919998444,4.999999999997556,9.2,この先制限速度なし,この先目立った勾配なし,先行列車なし,後続列車なし,0.0,次駅減速フェーズで先行列車なしにも関わらず低速0.7km/hの惰行がちんたら運転と判定され、即0点規則に該当したため。
184.9999999999976,Train11,次駅への減速フェーズ（駅手前400m以内）,惰行中,0.2,ブレーキ（減速）,0.1,70.0,70.0,0.6433544571147686,70.0,2.0587520063379827,0.0,0.0197601597308277,5.09999999999755,9.2,この先制限速度なし,この先目立った勾配なし,先行列車なし,後続列車なし,0.0,次駅減速フェーズで速度0.6km/hのまま惰行を続け、ブレーキ未実施かつノコギリ運転と判定されたため即時0点とした。
185.09999999999755,Train11,次駅への減速フェーズ（駅手前400m以内）,惰行中,0.3,ブレーキ（減速）,0.1,70.0,70.0,0.6024146942569677,70.0,2.0415065254653086,0.0,0.0173254437416295,5.199999999997544,9.2,この先制限速度なし,この先目立った勾配なし,先行列車なし,後続列車なし,0.0,次駅減速フェーズで低速惰行を続けたことがちんたら運転に該当し、即reward0.0ルールが適用されたため。
185.1999999999976,Train11,次駅への減速フェーズ（駅手前400m以内）,力行（加速）中,0.1,惰行,0.3,70.0,70.0,0.5614782748904258,70.0,2.025398209124063,0.0,0.0150509071691545,5.299999999997539,9.2,この先制限速度なし,この先目立った勾配なし,先行列車なし,後続列車なし,0.0,次駅減速フェーズで先行列車なしの低速0.6km/hで力行を続けたことがちんたら運転とみなされ、即時0点規則に該当したためreward=0.0とした。
185.2999999999976,Train11,次駅への減速フェーズ（駅手前400m以内）,惰行中,0.1,力行（加速）,0.1,70.0,70.0,0.8429332036637889,70.0,2.0054981423740514,0.0,0.033920298185541,5.399999999997533,9.2,この先制限速度なし,この先目立った勾配なし,先行列車なし,後続列車なし,0.0,次駅減速フェーズで先行列車なしの低速惰行はちんたら運転とみなされ、即時0点規則が適用されるためreward=0.0。
185.3999999999976,Train11,次駅への減速フェーズ（駅手前400m以内）,ブレーキ（減速）中,0.1,惰行,0.1,70.0,70.0,0.8019770365113528,70.0,1.982709058136578,0.0,0.0307044027492362,5.499999999997527,9.2,この先制限速度なし,この先目立った勾配なし,先行列車なし,後続列車なし,0.0,ブレーキ直前の惰行が0.1秒で切り替わり、保持時間が7秒未満かつ合理的理由がなくノコギリ運転と判定され、上限0.0点となった。
185.4999999999976,Train11,次駅への減速フェーズ（駅手前400m以内）,惰行中,0.1,ブレーキ（減速）,0.1,70.0,70.0,0.6746274497931769,70.0,1.962377560928985,0.0,0.0217277756272343,5.599999999997522,9.2,この先制限速度なし,この先目立った勾配なし,先行列車なし,後続列車なし,0.0,低速0.7km/hで惰行のみ、先行列車なしの減速フェーズでブレーキ未実施のため即時0点規則に該当し、rewardは0.0とする。
185.59999999999752,Train11,次駅への減速フェーズ（駅手前400m以内）,惰行中,0.2,ブレーキ（減速）,0.1,70.0,70.0,0.6336851279760757,70.0,1.944263424924486,0.0,0.0191706860770483,5.699999999997516,9.2,この先制限速度なし,この先目立った勾配なし,先行列車なし,後続列車なし,0.0,先行列車なしで低速0.6km/hのまま惰行を続けたことが「ちんたら運転」に該当し、即reward0.0ルールが適用されるため0.0点とした。
185.69999999999752,Train11,次駅への減速フェーズ（駅手前400m以内）,惰行中,0.3,ブレーキ（減速）,0.1,70.0,70.0,0.5927461554597158,70.0,1.9272865244488453,0.0,0.0167738040901052,5.79999999999751,9.2,この先制限速度なし,この先目立った勾配なし,先行列車なし,後続列車なし,0.0,次駅減速フェーズで先行列車なしにも関わらず0.6km/hの低速惰行を続け、停車位置へ進むちんたら運転と判定されたためrewardは0.0とした。
185.7999999999975,Train11,次駅への減速フェーズ（駅手前400m以内）,力行（加速）中,0.1,惰行,0.3,70.0,70.0,0.5518105246385868,70.0,1.911446766587943,0.0,0.0145370928304418,5.899999999997505,9.2,この先制限速度なし,この先目立った勾配なし,先行列車なし,後続列車なし,0.0,低速（0.6km/h）で力行を続け、停止位置に向かうちんたら運転と即時ゼロ規則に該当するためrewardは0.0とした。
185.8999999999975,Train11,次駅への減速フェーズ（駅手前400m以内）,惰行中,0.1,力行（加速）,0.1,70.0,70.0,0.8333169092243761,70.0,1.8918144617288133,0.0,0.0331508397809096,5.999999999997499,9.2,この先制限速度なし,この先目立った勾配なし,先行列車なし,後続列車なし,0.0,低速0.8km/hで惰行し続けたため、先行列車不在のちんたら運転と判定し、即時0点とした。
185.9999999999975,Train11,次駅への減速フェーズ（駅手前400m以内）,ブレーキ（減速）中,0.1,惰行,0.1,70.0,70.0,0.7923615364746684,70.0,1.8692924846490653,0.0,0.0299725969236295,6.099999999997493,9.2,この先制限速度なし,この先目立った勾配なし,先行列車なし,後続列車なし,0.0,ノコギリ運転と判定され、前ノッチ保持時間が0.1秒と2秒未満であるため、reward上限が0.0点に設定され、他の評価は無効となります。
186.0999999999975,Train11,次駅への減速フェーズ（駅手前400m以内）,惰行中,0.1,ブレーキ（減速）,0.1,70.0,70.0,0.6650127407356431,70.0,1.8492280725688204,0.0,0.0211129038315279,6.199999999997488,9.2,この先制限速度なし,この先目立った勾配なし,先行列車なし,後続列車なし,0.0,次駅減速フェーズで先行列車なしにも関わらず低速0.7km/hの惰行は「ちんたら運転」とみなされ即時0点とする。
186.1999999999975,Train11,次駅への減速フェーズ（駅手前400m以内）,惰行中,0.2,ブレーキ（減速）,0.1,70.0,70.0,0.6240712061119017,70.0,1.8313809997856367,0.0,0.0185934388349252,6.299999999997482,9.2,この先制限速度なし,この先目立った勾配なし,先行列車なし,後続列車なし,0.0,次駅減速フェーズで先行列車なしの低速惰行はちんたら運転と判定され、即0点となる。
186.29999999999748,Train11,次駅への減速フェーズ（駅手前400m以内）,惰行中,0.3,ブレーキ（減速）,0.1,70.0,70.0,0.5831330190026969,70.0,1.814671140689228,0.0,0.0162341727411252,6.399999999997476,9.2,この先制限速度なし,この先目立った勾配なし,先行列車なし,後続列車なし,0.0,次駅減速フェーズで先行列車なしにも関わらず低速0.6km/hで惰行し続けたため即時0点規則が適用され、rewardは0.0となる。
186.39999999999748,Train11,次駅への減速フェーズ（駅手前400m以内）,力行（加速）中,0.1,惰行,0.3,70.0,70.0,0.542198171803086,70.0,1.7990984024152112,0.0,0.0140350687411385,6.499999999997471,9.2,この先制限速度なし,この先目立った勾配なし,先行列車なし,後続列車なし,0.0,次駅減速フェーズで低速0.5km/hのまま力行を継続し、先行列車不在にも関わらずちんたら運転と判定されたためrewardは0.0とした。
186.49999999999747,Train11,次駅への減速フェーズ（駅手前400m以内）,惰行中,0.1,力行（加速）,0.1,70.0,70.0,0.8237557169506021,70.0,1.7797323251365071,0.0,0.0323945411751142,6.599999999997465,9.2,この先制限速度なし,この先目立った勾配なし,先行列車なし,後続列車なし,0.0,次駅減速フェーズで低速惰行を続け、即reward0.0ルールのちんたら運転に該当し、さらに0.1秒のノコギリ運転と判断したため0.0点とした。
186.59999999999744,Train11,次駅への減速フェーズ（駅手前400m以内）,ブレーキ（減速）中,0.1,惰行,0.1,70.0,70.0,0.7828011336506006,70.0,1.7574759246556937,0.0,0.0292537338273389,6.699999999997459,9.2,この先制限速度なし,この先目立った勾配なし,先行列車なし,後続列車なし,0.0,ブレーキ直前の惰行からの切り替えが保持時間7秒未満で合理的理由がなくノコギリ運転と判定され、上限が0点となったためrewardは0.0とした。
186.69999999999743,Train11,次駅への減速フェーズ（駅手前400m以内）,惰行中,0.1,ブレーキ（減速）,0.1,70.0,70.0,0.6554531239574197,70.0,1.737677067300325,0.0,0.02051030405394,6.799999999997453,9.2,この先制限速度なし,この先目立った勾配なし,先行列車なし,後続列車なし,0.0,次駅減速フェーズで低速0.7km/hのまま惰行を続けたことがちんたら運転に該当し、即reward0.0ルールとノコギリ運転により評価は0.0とした。
186.79999999999745,Train11,次駅への減速フェーズ（駅手前400m以内）,惰行中,0.2,ブレーキ（減速）,0.1,70.0,70.0,0.6145123716155235,70.0,1.720095527474541,0.0,0.018028246721329,6.899999999997448,9.2,この先制限速度なし,この先目立った勾配なし,先行列車なし,後続列車なし,0.0,次駅減速フェーズで先行列車なしの低速惰行は即zeroルールに該当し、rewardは0.0とした。
186.89999999999745,Train11,次駅への減速フェーズ（駅手前400m以内）,惰行中,0.3,ブレーキ（減速）,0.1,70.0,70.0,0.5735749650122919,70.0,1.703651179635557,0.0,0.0157063796868208,6.999999999997442,9.2,この先制限速度なし,この先目立った勾配なし,先行列車なし,後続列車なし,0.0,次駅減速フェーズで先行列車なしの低速惰行はちんたら運転とみなされ、即時0点規則に該当するためreward=0.0とした。
186.99999999999744,Train11,次駅への減速フェーズ（駅手前400m以内）,力行（加速）中,0.1,惰行,0.3,70.0,70.0,0.5326408965433469,70.0,1.6883439309616222,0.0,0.0135446661682422,7.099999999997436,9.2,この先制限速度なし,この先目立った勾配なし,先行列車なし,後続列車なし,0.0,減速フェーズで0.1秒の加速を行い、保持時間が7秒未満で反転操作となるためノコギリ運転と判定し、エネルギー無駄と停止位置未達成で0点とした。
187.09999999999744,Train11,次駅への減速フェーズ（駅手前400m以内）,惰行中,0.1,力行（加速）,0.1,70.0,70.0,0.814249308711121,70.0,1.6692425558204604,0.0,0.0316512268145601,7.199999999997431,9.2,この先制限速度なし,この先目立った勾配なし,先行列車なし,後続列車なし,0.0,次駅減速フェーズで先行列車なしの低速惰行はちんたら運転とみなされ即時0点規則に該当するためreward=0.0。
187.19999999999743,Train11,次駅への減速フェーズ（駅手前400m以内）,ブレーキ（減速）中,0.1,惰行,0.1,70.0,70.0,0.7732955099409644,70.0,1.6472502102509168,0.0,0.0285476391760104,7.299999999997425,9.2,この先制限速度なし,この先目立った勾配なし,先行列車なし,後続列車なし,0.0,保持時間が7秒未満で惰行→減速への反転が合理性なく、ノコギリ運転と判定され、prev_notch_durationが2秒未満のためreward上限が0.0点となった。
187.29999999999745,Train11,次駅への減速フェーズ（駅手前400m以内）,惰行中,0.1,ブレーキ（減速）,0.1,70.0,70.0,0.6459482813933682,70.0,1.627715386049999,0.0,0.0199198058904565,7.399999999997419,9.2,この先制限速度なし,この先目立った勾配なし,先行列車なし,後続列車なし,0.0,次駅減速フェーズで先行列車不在にも関わらず0.6 km/hの惰行を続けたため『ちんたら運転』と判定し即時0点とした。
187.39999999999745,Train11,次駅への減速フェーズ（駅手前400m以内）,惰行中,0.2,ブレーキ（減速）,0.1,70.0,70.0,0.6050083064547216,70.0,1.6103978577497458,0.0,0.0174749406002268,7.499999999997414,9.2,この先制限速度なし,この先目立った勾配なし,先行列車なし,後続列車なし,0.0,先行列車不在で低速0.6km/hの惰行が続き、停止位置へ向かうのにブレーキせずちんたら運転と判定されたため即時0点とした。
187.4999999999974,Train11,次駅への減速フェーズ（駅手前400m以内）,惰行中,0.3,ブレーキ（減速）,0.1,70.0,70.0,0.5640716754891401,70.0,1.5942174998642145,0.0,0.0151902570587488,7.599999999997408,9.2,この先制限速度なし,この先目立った勾配なし,先行列車なし,後続列車なし,0.0,低速で惰行し続け、先行列車不在の状態でちんたら運転とノコギリ運転に該当し、即時0点規則が適用されたためreward=0.0。
187.5999999999974,Train11,次駅への減速フェーズ（駅手前400m以内）,力行（加速）中,0.1,惰行,0.3,70.0,70.0,0.523138380892807,70.0,1.579174219624946,0.0,0.013065718510509,7.699999999997402,9.2,この先制限速度なし,この先目立った勾配なし,先行列車なし,後続列車なし,0.0,低速0.5km/hで減速フェーズに加速し、先行列車不在のちんたら運転とノコギリ運転が即0点要因となった。
187.6999999999974,Train11,次駅への減速フェーズ（駅手前400m以内）,惰行中,0.1,力行（加速）,0.1,70.0,70.0,0.8047973682385339,70.0,1.5603360299785152,0.0,0.0309207233050027,7.799999999997397,9.2,この先制限速度なし,この先目立った勾配なし,先行列車なし,後続列車なし,0.0,低速0.8km/hで惰行を続け、先行列車不在の減速フェーズでのちんたら運転とノコギリ運転が即0点規則に該当するため。
187.7999999999974,Train11,次駅への減速フェーズ（駅手前400m以内）,ブレーキ（減速）中,0.1,惰行,0.1,70.0,70.0,0.763844349111276,70.0,1.5386062263900158,0.0,0.0278541408370052,7.899999999997391,9.2,この先制限速度なし,この先目立った勾配なし,先行列車なし,後続列車なし,0.0,0.1秒の惰行からブレーキへの短時間反転が合理的理由なくノコギリ運転と判定され、上限0.0点となったためrewardは0.0とした。
187.8999999999974,Train11,次駅への減速フェーズ（駅手前400m以内）,惰行中,0.1,ブレーキ（減速）,0.1,70.0,70.0,0.6364978968418055,70.0,1.519333922566091,0.0,0.0193412410659455,7.999999999997385,9.2,この先制限速度なし,この先目立った勾配なし,先行列車なし,後続列車なし,0.0,次駅減速フェーズで先行列車なしにも関わらず低速0.6km/hのまま惰行を続けたため、即reward0.0ルールのちんたら運転に該当し、評価は0.0とした。
187.99999999999736,Train11,次駅への減速フェーズ（駅手前400m以内）,惰行中,0.2,ブレーキ（減速）,0.1,70.0,70.0,0.5955586944604873,70.0,1.5022788931347009,0.0,0.0169333534568429,8.09999999999738,9.2,この先制限速度なし,この先目立った勾配なし,先行列車なし,後続列車なし,0.0,次駅減速フェーズで先行列車なしにも関わらず、速度0.6km/hの低速で惰行を続けたため、ちんたら運転と判定し即時reward=0.0とした。
188.09999999999732,Train11,次駅への減速フェーズ（駅手前400m以内）,惰行中,0.3,ブレーキ（減速）,0.1,70.0,70.0,0.5546228342968469,70.0,1.4863610126845117,0.0,0.0146856391021008,8.199999999997374,9.2,この先制限速度なし,この先目立った勾配なし,先行列車なし,後続列車なし,0.0,次駅減速フェーズで先行列車がいない状態で低速0.6km/hのまま惰行を続け、停止位置へ向かうちんたら運転と判断され、即時0点ルールが適用されたためrewardは0.0となる。
188.19999999999737,Train11,次駅への減速フェーズ（駅手前400m以内）,力行（加速）中,0.1,惰行,0.3,70.0,70.0,0.5136903087476244,70.0,1.4715801885074598,0.0,0.0125980612727099,8.299999999997368,9.2,この先制限速度なし,この先目立った勾配なし,先行列車なし,後続列車なし,0.0,次駅減速フェーズで低速(0.5km/h)のまま加速し、先行列車不在のちんたら運転と判定されたため即時0点とした。
188.29999999999737,Train11,次駅への減速フェーズ（駅手前400m以内）,惰行中,0.1,力行（加速）,0.1,70.0,70.0,0.7953995811181577,70.0,1.453003676481046,0.0,0.0302028593857788,8.399999999997362,9.2,この先制限速度なし,この先目立った勾配なし,先行列車なし,後続列車なし,0.0,低速で惰行し続けるちんたら運転が即時0点条件に該当し、さらにノコギリ運転でも上限0点となるためrewardは0.0。
188.39999999999736,Train11,次駅への減速フェーズ（駅手前400m以内）,ブレーキ（減速）中,0.1,惰行,0.1,70.0,70.0,0.7544473367795232,70.0,1.431534910697252,0.0,0.0271730688036786,8.499999999997357,9.2,この先制限速度なし,この先目立った勾配なし,先行列車なし,後続列車なし,0.0,保持時間が7秒未満で惰行→減速への不必要な切替があり、ノコギリ運転と判定されたためrewardは0.0とした。
188.49999999999736,Train11,次駅への減速フェーズ（駅手前400m以内）,惰行中,0.1,ブレーキ（減速）,0.1,70.0,70.0,0.6271016559532767,70.0,1.4125236231947724,0.0,0.0187744434085761,8.599999999997351,9.2,この先制限速度なし,この先目立った勾配なし,先行列車なし,後続列車なし,0.0,低速0.6km/hで惰行し続けることは次駅減速フェーズでのちんたら運転とみなされ、即時0点ルールに該当するためrewardは0.0とした。
188.59999999999727,Train11,次駅への減速フェーズ（駅手前400m以内）,惰行中,0.2,ブレーキ（減速）,0.1,70.0,70.0,0.5861632213157977,70.0,1.3957295887223609,0.0,0.0164033203721256,8.699999999997345,9.2,この先制限速度なし,この先目立った勾配なし,先行列車なし,後続列車なし,0.0,次駅減速フェーズで先行列車不在にも関わらず低速0.6km/hで惰行を続けたため「ちんたら運転」と判断し即時0点とした。
188.6999999999973,Train11,次駅への減速フェーズ（駅手前400m以内）,惰行中,0.3,ブレーキ（減速）,0.1,70.0,70.0,0.5452281271507613,70.0,1.3800726819326314,0.0,0.0141923621502186,8.79999999999734,9.2,この先制限速度なし,この先目立った勾配なし,先行列車なし,後続列車なし,0.0,低速(0.5km/h)で惰行を続け、先行列車不在の減速フェーズでちんたら運転とノコギリ運転に該当し即時0点規則が適用されたためrewardは0.0。
188.7999999999973,Train11,次駅への減速フェーズ（駅手前400m以内）,力行（加速）中,0.1,惰行,0.3,70.0,70.0,0.5042963658554612,70.0,1.3655528101601533,0.0,0.0121415320401954,8.899999999997334,9.2,この先制限速度なし,この先目立った勾配なし,先行列車なし,後続列車なし,0.0,現在速度0.5km/hで駅手前1.4mの位置にあり次駅減速フェーズで力行を続けたため、ちんたら運転とみなされ即時0点とした。
188.89999999999733,Train11,次駅への減速フェーズ（駅手前400m以内）,惰行中,0.1,力行（加速）,0.1,70.0,70.0,0.7860556347768669,70.0,1.3472364765689804,0.0,0.0294974659043425,8.999999999997328,9.2,この先制限速度なし,この先目立った勾配なし,先行列車なし,後続列車なし,0.0,次駅減速フェーズで先行列車なしにも関わらず低速0.8km/hの惰行がちんたら運転とみなされ、即reward0.0ルールが適用されたため。
188.99999999999733,Train11,次駅への減速フェーズ（駅手前400m以内）,ブレーキ（減速）中,0.1,惰行,0.1,70.0,70.0,0.7451041604050095,70.0,1.3260272530821735,0.0,0.0265042532114576,9.099999999997324,9.2,この先制限速度なし,この先目立った勾配なし,先行列車なし,後続列車なし,0.0,ノコギリ運転と判定され、prev_notch_durationが2秒未満のため上限0点となり、他項目は適切でもrewardは0.0とする。
189.09999999999727,Train11,次駅への減速フェーズ（駅手前400m以内）,惰行中,0.1,ブレーキ（減速）,0.1,70.0,70.0,0.6177592462194009,70.0,1.3072754865355307,0.0,0.0182192488245405,9.199999999997315,9.2,この先制限速度なし,この先目立った勾配なし,先行列車なし,後続列車なし,0.0,次駅減速フェーズで先行列車なしの低速惰行はちんたら運転とみなされ即0点と判定。
189.1999999999973,Train11,次駅への減速フェーズ（駅手前400m以内）,惰行中,0.2,ブレーキ（減速）,0.1,70.0,70.0,0.5768215745444635,70.0,1.290740951787939,0.0,0.0158846784975171,9.299999999997311,9.2,この先制限速度なし,この先目立った勾配なし,先行列車なし,後続列車なし,0.0,次駅減速フェーズで先行列車なしの状態で速度0.6km/hのまま惰行を続けたため、即reward0.0ルールの「低速惰行」が適用され、評価は0.0とした。
189.2999999999973,Train11,次駅への減速フェーズ（駅手前400m以内）,惰行中,0.3,ブレーキ（減速）,0.1,70.0,70.0,0.5358872416068249,70.0,1.2753435235559607,0.0,0.0137102645994121,9.399999999997306,9.2,この先制限速度なし,この先目立った勾配なし,先行列車なし,後続列車なし,0.0,次駅減速フェーズで先行列車不在にも関わらず低速0.5km/hの惰行はちんたら運転とみなされ、即reward0.0ルールに該当するため0.0とした。
189.3999999999973,Train11,次駅への減速フェーズ（駅手前400m以内）,力行（加速）中,0.1,惰行,0.3,70.0,70.0,0.4949562398043298,70.0,1.2610831092203512,0.0,0.0116959684373143,9.4999999999973,9.2,この先制限速度なし,この先目立った勾配なし,先行列車なし,後続列車なし,0.0,次駅減速フェーズで先行列車なしにも関わらず低速0.5km/hのままブレーキせず力行したため、即時0点ルール（ちんたら運転）に該当し0.0とした。
189.4999999999973,Train11,次駅への減速フェーズ（駅手前400m以内）,惰行中,0.1,力行（加速）,0.1,70.0,70.0,0.7767652184720039,70.0,1.243025463544711,0.0,0.0288043757911033,9.599999999997294,9.2,この先制限速度なし,この先目立った勾配なし,先行列車なし,後続列車なし,0.0,低速で惰行し続けるちんたら運転かつノコギリ運転と判定され、即reward0.0ルールに該当するため評価は0.0となる。
189.5999999999973,Train11,次駅への減速フェーズ（駅手前400m以内）,ブレーキ（減速）中,0.1,惰行,0.1,70.0,70.0,0.7358145092772662,70.0,1.2220742954802688,0.0,0.0258475286484067,9.699999999997289,9.2,この先制限速度なし,この先目立った勾配なし,先行列車なし,後続列車なし,1.0,ブレーキ中でdelta_stopが1.2m（±2m以内）かつ速度・信号遵守、ノコギリ運転なしと判断し高評価とした。
189.6999999999973,Train11,次駅への減速フェーズ（駅手前400m以内）,惰行中,0.1,ブレーキ（減速）,0.1,70.0,70.0,0.6084703569617864,70.0,1.2035805631462893,0.0,0.0176754952730766,9.799999999997285,9.2,この先制限速度なし,この先目立った勾配なし,先行列車なし,後続列車なし,0.0,次駅減速フェーズで低速0.6km/hのまま惰行を続けたことが「ちんたら運転」とみなされ、即時0点規則に該当するためrewardは0.0とした。
189.79999999999728,Train11,次駅への減速フェーズ（駅手前400m以内）,惰行中,0.2,ブレーキ（減速）,0.1,70.0,70.0,0.5675334435000451,70.0,1.1873040415046887,0.0,0.0153772670300245,9.899999999997275,9.2,この先制限速度なし,この先目立った勾配なし,先行列車なし,後続列車なし,0.0,次駅減速フェーズで先行列車なしにも関わらず低速0.6km/hの惰行はちんたら運転とみなされ、即reward0.0ルールが適用されるため0.0点とした。
189.89999999999728,Train11,次駅への減速フェーズ（駅手前400m以内）,惰行中,0.3,ブレーキ（減速）,0.1,70.0,70.0,0.5265998670504921,70.0,1.172164605353743,0.0,0.0132391868840779,9.999999999997272,9.2,この先制限速度なし,この先目立った勾配なし,先行列車なし,後続列車なし,0.0,次駅減速フェーズで低速惰行がちんたら運転と判定され、即時0点規則に該当するためreward=0.0。
189.99999999999727,Train11,次駅への減速フェーズ（駅手前400m以内）,力行（加速）中,0.1,惰行,0.3,70.0,70.0,0.4856696200115187,70.0,1.15816216210618,0.0,0.0112612126756533,10.099999999997266,9.2,この先制限速度なし,この先目立った勾配なし,先行列車なし,後続列車なし,0.0,次駅減速フェーズで低速0.5km/hのまま加速し、先行列車不在のため『ちんたら運転』と判定し即時0点とした。
190.09999999999727,Train11,次駅への減速フェーズ（駅手前400m以内）,惰行中,0.1,力行（加速）,0.1,70.0,70.0,0.7675280232803616,70.0,1.1403617224097218,0.0,0.028123424034561,10.19999999999726,9.2,この先制限速度なし,この先目立った勾配なし,先行列車なし,後続列車なし,0.0,次駅減速フェーズで先行列車なしの低速0.8km/hの惰行は即reward0.0ルールの「ちんたら運転」に該当し、評価は0.0とした。
190.1999999999973,Train11,次駅への減速フェーズ（駅手前400m以内）,ブレーキ（減速）中,0.1,惰行,0.1,70.0,70.0,0.7265780745050368,70.0,1.1196671314834816,0.0,0.0252027331769616,10.299999999997254,9.2,この先制限速度なし,この先目立った勾配なし,先行列車なし,後続列車なし,0.0,惰行から減速への切替が0.1秒で行われ、条件1〜4をすべて満たすノコギリ運転と判定されたため上限0点となった。
190.29999999999723,Train11,次駅への減速フェーズ（駅手前400m以内）,惰行中,0.1,ブレーキ（減速）,0.1,70.0,70.0,0.5992346793210158,70.0,1.101429955198796,0.0,0.0171430227417867,10.399999999997249,9.2,この先制限速度なし,この先目立った勾配なし,先行列車なし,後続列車なし,0.0,次駅減速フェーズで低速0.6km/hの惰行が続き、即reward0.0ルールのちんたら運転に該当するため評価は0.0となる。
190.39999999999725,Train11,次駅への減速フェーズ（駅手前400m以内）,惰行中,0.2,ブレーキ（減速）,0.1,70.0,70.0,0.558298519354841,70.0,1.0854099686454788,0.0,0.0148809271875857,10.499999999997245,9.2,この先制限速度なし,この先目立った勾配なし,先行列車なし,後続列車なし,0.0,次駅減速フェーズで低速0.6km/hの惰行が続き、先行列車なしにも関わらず停止位置へ向かうちんたら運転と判定されたため即0点とした。
190.49999999999724,Train11,次駅への減速フェーズ（駅手前400m以内）,惰行中,0.3,ブレーキ（減速）,0.1,70.0,70.0,0.5173656946857179,70.0,1.0705270466822014,0.0,0.0127789714521129,10.599999999997236,9.2,この先制限速度なし,この先目立った勾配なし,先行列車なし,後続列車なし,0.0,低速(0.5km/h)で惰行し続けることが『ちんたら運転』に該当し、即時0点ルール違反となるためrewardは0.0。
190.59999999999724,Train11,次駅への減速フェーズ（駅手前400m以内）,惰行中,0.4,ブレーキ（減速）,0.1,70.0,70.0,0.4764361977125813,70.0,1.0567810967607727,0.0,0.0108371102112843,10.699999999997232,9.2,この先制限速度なし,この先目立った勾配なし,先行列車なし,後続列車なし,0.0,次駅減速フェーズで速度0.5km/hの低速惰行を続け、先行列車不在にも関わらず停止位置へ進むちんたら運転と判断され、即時0点とした。
190.69999999999723,Train11,次駅への減速フェーズ（駅手前400m以内）,力行（加速）中,0.1,惰行,0.4,70.0,70.0,0.4355100208367714,70.0,1.0441720265781385,0.0,0.0090553135915999,10.799999999997226,9.2,この先制限速度なし,この先目立った勾配なし,先行列車なし,後続列車なし,0.0,次駅減速フェーズで低速のまま加速し、即時0点ルール（ちんたら運転）に該当し、さらにノコギリ運転と判断されたためrewardは0.0とした。
190.79999999999723,Train11,次駅への減速フェーズ（駅手前400m以内）,惰行中,0.1,力行（加速）,0.1,70.0,70.0,0.71763537355592,70.0,1.0277608275686134,0.0,0.0245862024877037,10.89999999999722,9.2,この先制限速度なし,この先目立った勾配なし,先行列車なし,後続列車なし,0.0,低速で惰行し続けたため次駅減速フェーズでのちんたら運転と、7秒未満のノッチ切替によるノコギリ運転が判定され、即時0点規則に該当する。
190.8999999999972,Train11,次駅への減速フェーズ（駅手前400m以内）,ブレーキ（減速）中,0.1,惰行,0.1,70.0,70.0,0.6766895255641522,70.0,1.0084520808995023,0.0,0.0218607970147216,10.999999999997216,9.2,この先制限速度なし,この先目立った勾配なし,先行列車なし,後続列車なし,1.0,上位項目すべてで問題なく、次駅減速フェーズで適切にブレーキをかけているため最高評価とした。
190.9999999999972,Train11,次駅への減速フェーズ（駅手前400m以内）,惰行中,0.1,ブレーキ（減速）,0.1,70.0,70.0,0.549350213406123,70.0,0.991600635199319,0.0,0.0144077583178651,11.099999999997207,9.2,この先制限速度なし,この先目立った勾配なし,先行列車なし,後続列車なし,0.0,低速0.5km/hで惰行を続け、先行列車なしで停止位置へ向かうちんたら運転と即時0点規則に該当するためrewardは0.0とした。
191.0999999999972,Train11,次駅への減速フェーズ（駅手前400m以内）,惰行中,0.2,ブレーキ（減速）,0.1,70.0,70.0,0.5084181168290565,70.0,0.9769662661582856,0.0,0.0123408046788152,11.199999999997203,9.2,この先制限速度なし,この先目立った勾配なし,先行列車なし,後続列車なし,0.0,次駅減速フェーズで先行列車なしの状態で速度0.5km/hのまま惰行を続けたため、低速ちんたら運転と判定され即時0点規則が適用された。
191.1999999999972,Train11,次駅への減速フェーズ（駅手前400m以内）,惰行中,0.3,ブレーキ（減速）,0.1,70.0,70.0,0.4674893462866843,70.0,0.9634688489619236,0.0,0.0104339347202402,11.299999999997198,9.2,この先制限速度なし,この先目立った勾配なし,先行列車なし,後続列車なし,0.0,次駅減速フェーズで先行列車なしにも関わらず低速0.5km/hのまま惰行を続け、ブレーキ未実施のためちんたら運転と判定し即時0点とした。
191.2999999999972,Train11,次駅への減速フェーズ（駅手前400m以内）,力行（加速）中,0.1,惰行,0.3,70.0,70.0,0.4265638941808723,70.0,0.9511082913462588,0.0,0.0086871254426466,11.399999999997192,9.2,この先制限速度なし,この先目立った勾配なし,先行列車なし,後続列車なし,0.0,次駅減速フェーズで低速(0.4km/h)のまま加速し停車位置へ向かう「ちんたら運転」に該当し、即reward0.0ルールが適用されるため0.0点とした。
191.3999999999972,Train11,次駅への減速フェーズ（駅手前400m以内）,ブレーキ（減速）中,0.1,力行（加速）,0.1,70.0,70.0,0.7087368570491047,70.0,0.9349448679145668,0.0,0.02398029537725,11.499999999997186,9.2,この先制限速度なし,この先目立った勾配なし,先行列車なし,後続列車なし,0.0,ブレーキ直前に0.1秒の力行があり、保持時間が7秒未満で不合理な反転となりノコギリ運転と判定されたためrewardは0.0とした。
191.4999999999972,Train11,次駅への減速フェーズ（駅手前400m以内）,ブレーキ（減速）中,0.2,力行（加速）,0.1,70.0,70.0,0.5813949232934573,70.0,0.9172032586626244,0.0,0.0161375468273703,11.59999999999718,9.2,この先制限速度なし,この先目立った勾配なし,先行列車なし,後続列車なし,0.0,直前の力行からすぐブレーキへの短時間反転がノコギリ運転と判定され、prev_notch_durationが0.1秒で上限0点となったためrewardは0.0とした。
191.5999999999972,Train11,次駅への減速フェーズ（駅手前400m以内）,惰行中,0.1,ブレーキ（減速）,0.2,70.0,70.0,0.4540633800675877,70.0,0.9029987664384008,0.0,0.0098432537077397,11.699999999997177,9.2,この先制限速度なし,この先目立った勾配なし,先行列車なし,後続列車なし,0.0,先行列車なしで速度0.5km/hのまま惰行を続け、低速ちんたら運転と即時0点規則に該当するため、rewardは0.0と判定した。
191.6999999999972,Train11,次駅への減速フェーズ（駅手前400m以内）,力行（加速）中,0.1,惰行,0.1,70.0,70.0,0.4131390149206758,70.0,0.891011135710329,0.0,0.0081489455902099,11.79999999999717,9.2,この先制限速度なし,この先目立った勾配なし,先行列車なし,後続列車なし,0.0,次駅減速フェーズで低速のまま加速し、先行列車不在のちんたら運転に該当するため即時0点とした。
191.7999999999972,Train11,次駅への減速フェーズ（駅手前400m以内）,ブレーキ（減速）中,0.1,力行（加速）,0.1,70.0,70.0,0.6953834226379282,70.0,0.875219533238436,0.0,0.0230852314615384,11.899999999997164,9.2,この先制限速度なし,この先目立った勾配なし,先行列車なし,後続列車なし,0.0,ブレーキ直前に0.1秒の力行から切り替えたため、保持時間が7秒未満のノコギリ運転と判定され、上限0.0点となった。
191.8999999999972,Train11,次駅への減速フェーズ（駅手前400m以内）,ブレーキ（減速）中,0.2,力行（加速）,0.1,70.0,70.0,0.5680425817916421,70.0,0.8578488360058145,0.0,0.0154048679556688,11.999999999997158,9.2,この先制限速度なし,この先目立った勾配なし,先行列車なし,後続列車なし,0.0,直前の0.1秒の力行から0.2秒のブレーキへの短時間反転がノコギリ運転と判定され、上限が0.0点となったためrewardは0.0。
191.9999999999972,Train11,次駅への減速フェーズ（駅手前400m以内）,惰行中,0.1,ブレーキ（減速）,0.2,70.0,70.0,0.4407121239481424,70.0,0.8440152255566602,0.0,0.0092729255351101,12.099999999997152,9.2,この先制限速度なし,この先目立った勾配なし,先行列車なし,後続列車なし,0.0,低速0.4km/hで惰行を続け、先行列車なしの減速フェーズで停止位置へ向かうちんたら運転かつノコギリ運転（保持時間0.1s・0.2s）に該当し、即時0点規則が適用されるためrewardは0.0。
192.09999999999715,Train11,次駅への減速フェーズ（駅手前400m以内）,力行（加速）中,0.1,惰行,0.1,70.0,70.0,0.3997888389297249,70.0,0.8323984465512524,0.0,0.0076308239320681,12.199999999997146,9.2,この先制限速度なし,この先目立った勾配なし,先行列車なし,後続列車なし,0.0,次駅減速フェーズで低速のまま加速し、ちんたら運転と判定されたため即reward0.0ルールが適用された。
192.19999999999715,Train11,次駅への減速フェーズ（駅手前400m以内）,ブレーキ（減速）中,0.1,力行（加速）,0.1,70.0,70.0,0.6821042931620573,70.0,0.8169765960417408,0.0,0.022212027819304,12.29999999999714,9.2,この先制限速度なし,この先目立った勾配なし,先行列車なし,後続列車なし,0.0,加速→減速への短時間切替が合理的理由なく行われたためノコギリ運転と判定し、上限0.0点とした。
192.2999999999972,Train11,次駅への減速フェーズ（駅手前400m以内）,ブレーキ（減速）中,0.2,力行（加速）,0.1,70.0,70.0,0.5547645383701683,70.0,0.7999747469007445,0.0,0.0146931438954407,12.399999999997137,9.2,この先制限速度なし,この先目立った勾配なし,先行列車なし,後続列車なし,0.0,ブレーキ直前の短時間加速がノコギリ運転と判定され、prev_notch_durationが2秒未満のためreward上限が0.0となった。
192.3999999999972,Train11,次駅への減速フェーズ（駅手前400m以内）,惰行中,0.1,ブレーキ（減速）,0.2,70.0,70.0,0.4274351590961475,70.0,0.7865099544943632,0.0,0.0087226475140881,12.49999999999713,9.2,この先制限速度なし,この先目立った勾配なし,先行列車なし,後続列車なし,0.0,次駅減速フェーズで先行列車なしの低速惰行はちんたら運転とみなされ、即時0点とする。
192.4999999999972,Train11,次駅への減速フェーズ（駅手前400m以内）,力行（加速）中,0.1,惰行,0.1,70.0,70.0,0.3865129474227556,70.0,0.7752619636676172,0.0,0.0071324594621136,12.599999999997124,9.2,この先制限速度なし,この先目立った勾配なし,先行列車なし,後続列車なし,0.0,次駅減速フェーズで先行列車なしの低速(0.4km/h)のまま力行を続けたため、即reward0.0ルールの「ちんたら運転」に該当し、rewardは0.0とした。
192.59999999999712,Train11,次駅への減速フェーズ（駅手前400m以内）,ブレーキ（減速）中,0.1,力行（加速）,0.1,70.0,70.0,0.6688990520778642,70.0,0.7602078077120211,0.0,0.021360375378345,12.699999999997118,9.2,この先制限速度なし,この先目立った勾配なし,先行列車なし,後続列車なし,1.0,次駅減速フェーズでブレーキが適切に掛かり、delta_stopが0.74mで許容範囲内、速度制限・CBTC遵守、ノコギリ運転なしのため最高評価とした。
192.69999999999712,Train11,次駅への減速フェーズ（駅手前400m以内）,ブレーキ（減速）中,0.2,力行（加速）,0.1,70.0,70.0,0.5415603765323883,70.0,0.7435727543168014,0.0,0.0140020706733537,12.799999999997112,9.2,この先制限速度なし,この先目立った勾配なし,先行列車なし,後続列車なし,0.0,ブレーキ直前の0.1秒の力行と0.2秒のブレーキが7秒未満で反転しノコギリ運転と判定されたため、上限0.0点となりrewardは0.0とする。
192.7999999999971,Train11,次駅への減速フェーズ（駅手前400m以内）,惰行中,0.1,ブレーキ（減速）,0.2,70.0,70.0,0.4142320690616965,70.0,0.7304747277920853,0.0,0.0081921207577206,12.899999999997108,9.2,この先制限速度なし,この先目立った勾配なし,先行列車なし,後続列車なし,0.0,次駅減速フェーズで先行列車なしにも関わらず低速0.4km/hの惰行はちんたら運転とみなされ、即時0点ルールが適用されるためrewardは0.0とした。
192.8999999999971,Train11,次駅への減速フェーズ（駅手前400m以内）,力行（加速）中,0.1,惰行,0.1,70.0,70.0,0.3733109239964359,70.0,0.7195934731605291,0.0,0.0066535549656011,12.9999999999971,9.2,この先制限速度なし,この先目立った勾配なし,先行列車なし,後続列車なし,0.0,次駅減速フェーズで低速0.4km/hのまま加速し、停止位置達成が不可能なため即時0点と判定した。安全確保のためブレーキが必要。
192.9999999999971,Train11,次駅への減速フェーズ（駅手前400m以内）,ブレーキ（減速）中,0.1,力行（加速）,0.1,70.0,70.0,0.6557672852108074,70.0,0.7049049658967022,0.0,0.020529968881161,13.099999999997095,9.2,この先制限速度なし,この先目立った勾配なし,先行列車なし,後続列車なし,0.0,保持時間0.1秒で力行→減速への不合理な切替がノコギリ運転と判定され、上限0点となったためrewardは0.0。
193.0999999999971,Train11,次駅への減速フェーズ（駅手前400m以内）,ブレーキ（減速）中,0.2,力行（加速）,0.1,70.0,70.0,0.5284296821503786,70.0,0.6886346673979915,0.0,0.013331348101486,13.19999999999709,9.2,この先制限速度なし,この先目立った勾配なし,先行列車なし,後続列車なし,0.0,ノコギリ運転と判定され、prev_notch_durationが0.1秒で上限0点となるためrewardは0.0とする。
193.1999999999971,Train11,次駅への減速フェーズ（駅手前400m以内）,惰行中,0.1,ブレーキ（減速）,0.2,70.0,70.0,0.4011024397632475,70.0,0.6759013660904145,0.0,0.0076810501353548,13.299999999997084,9.2,この先制限速度なし,この先目立った勾配なし,先行列車なし,後続列車なし,0.0,次駅減速フェーズで先行列車不在にも関わらず低速惰行を続けたためちんたら運転とみなされ、即時0点規則が適用された。
193.29999999999708,Train11,次駅への減速フェーズ（駅手前400m以内）,力行（加速）中,0.1,惰行,0.1,70.0,70.0,0.3601823546154393,70.0,0.6653848071884738,0.0,0.0061938169742002,13.399999999997078,9.2,この先制限速度なし,この先目立った勾配なし,先行列車なし,後続列車なし,0.0,次駅減速フェーズで低速(0.4km/h)のまま力行を続けたため、ちんたら運転と判定し即時0点とした。
193.39999999999708,Train11,次駅への減速フェーズ（駅手前400m以内）,ブレーキ（減速）中,0.1,力行（加速）,0.1,70.0,70.0,0.6427085807415833,70.0,0.6510599142046658,0.0,0.0197205068401181,13.499999999997073,9.2,この先制限速度なし,この先目立った勾配なし,先行列車なし,後続列車なし,0.0,ブレーキ中に0.1秒の加速が続き、保持時間が2秒未満の反転操作となりノコギリ運転と判定され、上限が0点となったためrewardは0.0とした。
193.49999999999707,Train11,次駅への減速フェーズ（駅手前400m以内）,ブレーキ（減速）中,0.2,力行（加速）,0.1,70.0,70.0,0.5153720434510949,70.0,0.6351523412035931,0.0,0.012680679732667,13.599999999997069,9.2,この先制限速度なし,この先目立った勾配なし,先行列車なし,後続列車なし,0.0,ノコギリ運転に該当し、prev_notch_durationが2秒未満のためreward上限0.0と判断した。
193.59999999999707,Train11,次駅への減速フェーズ（駅手前400m以内）,惰行中,0.1,ブレーキ（減速）,0.2,70.0,70.0,0.3880458594737808,70.0,0.6227817358954724,0.0,0.0071891442281501,13.69999999999706,9.2,この先制限速度なし,この先目立った勾配なし,先行列車なし,後続列車なし,0.0,低速で惰行し続けたことが「ちんたら運転」と判定され、即時0点規則に該当するためrewardは0.0とした。
193.69999999999703,Train11,次駅への減速フェーズ（駅手前400m以内）,惰行中,0.2,ブレーキ（減速）,0.2,70.0,70.0,0.3471268275986053,70.0,0.6126278436795474,0.0,0.0057529557215709,13.799999999997056,9.2,この先制限速度なし,この先目立った勾配なし,先行列車なし,後続列車なし,0.0,低速0.3km/hで惰行し続け、先行列車不在の減速フェーズで停止位置に到達できず「ちんたら運転」と判定されたため0.0とした。
193.79999999999703,Train11,次駅への減速フェーズ（駅手前400m以内）,力行（加速）中,0.1,惰行,0.2,70.0,70.0,0.3062110918258625,70.0,0.6036105408639969,0.0,0.0044767246912675,13.89999999999705,9.2,この先制限速度なし,この先目立った勾配なし,先行列車なし,後続列車なし,0.0,先行列車不在で停止位置に近いにも関わらず低速で力行し続け、ちんたら運転と2秒未満のノコギリ運転と判定され、即時0点とする。
193.89999999999705,Train11,次駅への減速フェーズ（駅手前400m以内）,ブレーキ（減速）中,0.1,力行（加速）,0.1,70.0,70.0,0.5890245232180721,70.0,0.5907804584062148,0.0,0.0165638445089134,13.999999999997044,9.2,この先制限速度なし,この先目立った勾配なし,先行列車なし,後続列車なし,0.0,ブレーキ直前の0.1秒の力行と即時ブレーキは保持時間が7秒未満で反転し、合理的理由がなく、2秒未満のprev_notch_durationによりノコギリ運転上限が0点となった。
193.99999999999704,Train11,次駅への減速フェーズ（駅手前400m以内）,ブレーキ（減速）中,0.2,力行（加速）,0.1,70.0,70.0,0.4616923594487418,70.0,0.5763640423346317,0.0,0.0101767827483016,14.099999999997038,9.2,この先制限速度なし,この先目立った勾配なし,先行列車なし,後続列車なし,0.0,加速から減速への短時間切替がノコギリ運転と判定され、上限0.0点のためrewardは0.0となった。
194.09999999999704,Train11,次駅への減速フェーズ（駅手前400m以内）,惰行中,0.1,ブレーキ（減速）,0.2,70.0,70.0,0.3343705187371798,70.0,0.565484472932809,0.0,0.0053379168344266,14.199999999997033,9.2,この先制限速度なし,この先目立った勾配なし,先行列車なし,後続列車なし,0.0,次駅減速フェーズで先行列車なしにも関わらず、速度0.3km/hの低速で惰行を続けたため、停車位置へ適切にブレーキできず「ちんたら運転」と判断し即時0点とした。
194.19999999999703,Train11,次駅への減速フェーズ（駅手前400m以内）,力行（加速）中,0.1,惰行,0.1,70.0,70.0,0.2934558090107932,70.0,0.5568214963496132,0.0,0.0041115470231144,14.299999999997029,9.2,この先制限速度なし,この先目立った勾配なし,先行列車なし,後続列車なし,0.0,次駅減速フェーズで先行列車なしの低速で力行し、ちんたら運転とみなされ即0点と判断。
194.29999999999703,Train11,次駅への減速フェーズ（駅手前400m以内）,ブレーキ（減速）中,0.1,力行（加速）,0.1,70.0,70.0,0.5763371151283322,70.0,0.544344689537013,0.0,0.015858008858361,14.39999999999702,9.2,この先制限速度なし,この先目立った勾配なし,先行列車なし,後続列車なし,0.0,保持時間が7秒未満で力行→減速への不合理な反転があり、2秒未満のノコギリ運転と判定されたためrewardは0.0とする。
194.39999999999705,Train11,次駅への減速フェーズ（駅手前400m以内）,ブレーキ（減速）中,0.2,力行（加速）,0.1,70.0,70.0,0.4490059831322793,70.0,0.5302806856875009,0.0,0.0096252136196057,14.499999999997016,9.2,この先制限速度なし,この先目立った勾配なし,先行列車なし,後続列車なし,0.0,ブレーキ直前の0.1秒の力行と0.2秒のブレーキは保持時間が7秒未満で反転し、合理的理由がなくノコギリ運転と判定され、上限点0.0点となったためrewardは0.0とした。
194.49999999999704,Train11,次駅への減速フェーズ（駅手前400m以内）,惰行中,0.1,ブレーキ（減速）,0.2,70.0,70.0,0.3216851670440387,70.0,0.5197534999616948,0.0,0.0049405934062326,14.59999999999701,9.2,この先制限速度なし,この先目立った勾配なし,先行列車なし,後続列車なし,0.0,次駅減速フェーズで先行列車不在にも関わらず低速0.3km/hの惰行が続き、即時0点ルール（ちんたら運転）に該当するためrewardは0.0とした。
194.599999999997,Train11,次駅への減速フェーズ（駅手前400m以内）,力行（加速）中,0.1,惰行,0.1,70.0,70.0,0.2807714769507454,70.0,0.5114428786754388,0.0,0.0037638052276218,14.699999999997004,9.2,この先制限速度なし,この先目立った勾配なし,先行列車なし,後続列車なし,0.0,低速で力行を続け、先行列車不在の減速フェーズでのちんたら運転とノコギリ運転が即時0点規則に該当するため0.0とした。
194.699999999997,Train11,次駅への減速フェーズ（駅手前400m以内）,ブレーキ（減速）中,0.1,力行（加速）,0.1,70.0,70.0,0.5637202795423826,70.0,0.4993173824381358,0.0,0.0151713380725788,14.799999999997,9.2,この先制限速度なし,この先目立った勾配なし,先行列車なし,後続列車なし,0.0,ブレーキ直前に力行から減速へ0.1秒で切り替え、保持時間が7秒未満で合理的理由がなくノコギリ運転と判定され、上限0.0点となったためrewardは0.0。
194.799999999997,Train11,次駅への減速フェーズ（駅手前400m以内）,ブレーキ（減速）中,0.2,力行（加速）,0.1,70.0,70.0,0.4363901728822074,70.0,0.4856038305653953,0.0,0.0090919501138725,14.899999999996991,9.2,この先制限速度なし,この先目立った勾配なし,先行列車なし,後続列車なし,0.0,ブレーキへの切替が0.2秒、直前の力行が0.1秒といずれも7秒未満で、合理的理由がなく反転しているためノコギリ運転と判定し、上限0.0点となる。
194.899999999997,Train11,次駅への減速フェーズ（駅手前400m以内）,惰行中,0.1,ブレーキ（減速）,0.2,70.0,70.0,0.3090703750198285,70.0,0.4754270684408368,0.0,0.0045607159687307,14.999999999996987,9.2,この先制限速度なし,この先目立った勾配なし,先行列車なし,後続列車なし,0.0,次駅減速フェーズで先行列車なしの低速0.3km/hで惰行を続け、保持時間が7秒未満のノコギリ運転とちんたら運転に該当し、即時0点規則が適用されたためreward=0.0。
194.999999999997,Train11,次駅への減速フェーズ（駅手前400m以内）,力行（加速）中,0.1,惰行,0.1,70.0,70.0,0.2681576981900949,70.0,0.4674668425579398,0.0,0.0034332314297812,15.099999999996982,9.2,この先制限速度なし,この先目立った勾配なし,先行列車なし,後続列車なし,0.0,次駅減速フェーズで低速(0.3km/h)のまま力行を続けており、停止位置に到達できない「ちんたら運転」かつノコギリ運転に該当するため即0.0評価とした。
195.09999999999692,Train11,次駅への減速フェーズ（駅手前400m以内）,ブレーキ（減速）中,0.1,力行（加速）,0.1,70.0,70.0,0.5511736211312522,70.0,0.4556907028216983,0.0,0.0145035564283929,15.199999999996976,9.2,この先制限速度なし,この先目立った勾配なし,先行列車なし,後続列車なし,0.0,ノコギリ運転と判定され、prev_notch_durationが0.1秒で上限0.0点となるためrewardは0.0とした。
195.19999999999692,Train11,次駅への減速フェーズ（駅手前400m以内）,ブレーキ（減速）中,0.2,力行（加速）,0.1,70.0,70.0,0.4238445334133343,70.0,0.4423256536547626,0.0,0.0085767213347532,15.29999999999697,9.2,この先制限速度なし,この先目立った勾配なし,先行列車なし,後続列車なし,0.0,ブレーキ直前に0.1秒の力行から0.2秒のブレーキへ短時間で切り替えたためノコギリ運転と判定され、prev_notch_durationが2秒未満のためreward上限は0.0となった。
195.29999999999697,Train11,次駅への減速フェーズ（駅手前400m以内）,惰行中,0.1,ブレーキ（減速）,0.2,70.0,70.0,0.2965257474229113,70.0,0.4324973660381204,0.0,0.0041980184612419,15.399999999996965,9.2,この先制限速度なし,この先目立った勾配なし,先行列車なし,後続列車なし,0.0,次駅減速フェーズで先行列車なしの低速0.3km/hで惰行を続けたことがちんたら運転と判定され、即0点となる。
195.39999999999696,Train11,次駅への減速フェーズ（駅手前400m以内）,力行（加速）中,0.1,惰行,0.1,70.0,70.0,0.2556140775305989,70.0,0.4248855866464396,0.0,0.0031195611527774,15.49999999999696,9.2,この先制限速度なし,この先目立った勾配なし,先行列車なし,後続列車なし,0.0,先行列車なしで0.3km/hの低速のまま力行を続け、delta_stopが0.42mと停止距離が残る中加速は不適切であり、即reward0.0ルールが適用され0点とした。
195.49999999999696,Train11,次駅への減速フェーズ（駅手前400m以内）,ブレーキ（減速）中,0.1,力行（加速）,0.1,70.0,70.0,0.5386967468111882,70.0,0.4134568603006983,0.0,0.0138543916250652,15.599999999996951,9.2,この先制限速度なし,この先目立った勾配なし,先行列車なし,後続列車なし,0.0,ノコギリ運転と判定され、前ノッチ継続時間が2秒未満のためreward上限が0.0となった。
195.59999999999687,Train11,次駅への減速フェーズ（駅手前400m以内）,ブレーキ（減速）中,0.2,力行（加速）,0.1,70.0,70.0,0.411368671685352,70.0,0.400438375493195,0.0,0.0080792597807572,15.699999999996948,9.2,この先制限速度なし,この先目立った勾配なし,先行列車なし,後続列車なし,0.0,制限速度や信号速度は守られブレーキは適切だが、0.1秒の力行から0.2秒のブレーキへの短時間切替がノコギリ運転と判定され、reward上限が0点に設定された。
195.6999999999969,Train11,次駅への減速フェーズ（駅手前400m以内）,惰行中,0.1,ブレーキ（減速）,0.2,70.0,70.0,0.2840508912561996,70.0,0.3909566242157325,0.0,0.0038522381902264,15.799999999996942,9.2,この先制限速度なし,この先目立った勾配なし,先行列車なし,後続列車なし,0.0,低速0.3km/hで惰行を続け、ブレーキ未実施のため次駅減速フェーズでのちんたら運転と判定し即時0点とした。
195.7999999999969,Train11,次駅への減速フェーズ（駅手前400m以内）,力行（加速）中,0.1,惰行,0.1,70.0,70.0,0.2431402220182332,70.0,0.3836913533099562,0.0,0.0028225305557342,15.899999999996936,9.2,この先制限速度なし,この先目立った勾配なし,先行列車なし,後続列車なし,0.0,次駅減速フェーズで低速のまま加速し、停止位置に遅れが生じるちんたら運転のため、即時0点とした。
195.8999999999969,Train11,次駅への減速フェーズ（駅手前400m以内）,ブレーキ（減速）中,0.1,力行（加速）,0.1,70.0,70.0,0.5262892657305639,70.0,0.3726081081225629,0.0,0.0132235747439945,15.99999999999693,9.2,この先制限速度なし,この先目立った勾配なし,先行列車なし,後続列車なし,0.0,ブレーキ直前の0.1秒の力行からの急激な切替が保持時間2秒未満のノコギリ運転と判定され、上限0.0点となったためrewardは0.0。
195.99999999999693,Train11,次駅への減速フェーズ（駅手前400m以内）,ブレーキ（減速）中,0.2,力行（加速）,0.1,70.0,70.0,0.3989621968897487,70.0,0.359934260171002,0.0,0.007599301305116,16.099999999996925,9.2,この先制限速度なし,この先目立った勾配なし,先行列車なし,後続列車なし,0.0,ブレーキ直前に0.1秒の力行があり、保持時間が7秒未満で反転しているためノコギリ運転と判定し、上限0.0点となった。
196.09999999999687,Train11,次駅への減速フェーズ（駅手前400m以内）,惰行中,0.1,ブレーキ（減速）,0.2,70.0,70.0,0.2716454157540734,70.0,0.350797117903312,0.0,0.0035231157893132,16.19999999999692,9.2,この先制限速度なし,この先目立った勾配なし,先行列車なし,後続列車なし,0.0,低速0.3km/hで先行列車なしの減速フェーズで惰行を続け、即時0点ルール（ちんたら運転）に該当し、ノコギリ運転と判定されたためrewardは0.0とした。
196.1999999999969,Train11,次駅への減速フェーズ（駅手前400m以内）,力行（加速）中,0.1,惰行,0.1,70.0,70.0,0.2307357409301126,70.0,0.3438764283387741,0.0,0.0025418827542242,16.299999999996913,9.2,この先制限速度なし,この先目立った勾配なし,先行列車なし,後続列車なし,0.0,次駅減速フェーズで低速0.2km/hのまま力行を継続し、停止位置へ向かう不適切なちんたら運転となったため即時0点とした。
196.2999999999969,Train11,次駅への減速フェーズ（駅手前400m以内）,ブレーキ（減速）中,0.1,力行（加速）,0.1,70.0,70.0,0.5139507892568708,70.0,0.3331367428991427,0.0,0.0126108402088851,16.399999999996908,9.2,この先制限速度なし,この先目立った勾配なし,先行列車なし,後続列車なし,0.0,直前の力行からすぐブレーキへの切替が保持時間0.1秒で合理的理由がなく、ノコギリ運転と判定され上限0.0点となったためrewardは0.0。
196.3999999999969,Train11,次駅への減速フェーズ（駅手前400m以内）,ブレーキ（減速）中,0.2,力行（加速）,0.1,70.0,70.0,0.3866247204368022,70.0,0.3208056151144944,0.0,0.0071365850761138,16.499999999996902,9.2,この先制限速度なし,この先目立った勾配なし,先行列車なし,後続列車なし,0.0,前ノッチが0.1秒の力行から0.2秒のブレーキへ短時間で反転し、ノコギリ運転と判定され上限0.0点となったため。
196.4999999999969,Train11,次駅への減速フェーズ（駅手前400m以内）,惰行中,0.1,ブレーキ（減速）,0.2,70.0,70.0,0.2593089323693744,70.0,0.3120111653451829,0.0,0.0032103951797936,16.599999999996896,9.2,この先制限速度なし,この先目立った勾配なし,先行列車なし,後続列車なし,0.0,次駅減速フェーズで先行列車なしにも関わらず低速惰行がちんたら運転と判定され、即0点ルールに該当したためreward=0.0。
196.5999999999969,Train11,次駅への減速フェーズ（駅手前400m以内）,力行（加速）中,0.1,惰行,0.1,70.0,70.0,0.2184002457614877,70.0,0.3054331407810196,0.0,0.0022773655594031,16.69999999999689,9.2,この先制限速度なし,この先目立った勾配なし,先行列車なし,後続列車なし,0.0,次駅減速フェーズで低速のまま加速し続けたため、停車位置達成が不可能となり即時0点規則が適用された。
196.6999999999969,Train11,次駅への減速フェーズ（駅手前400m以内）,ブレーキ（減速）中,0.1,力行（加速）,0.1,70.0,70.0,0.5016809309637863,70.0,0.295035104436181,0.0,0.0120159257463747,16.799999999996885,9.2,この先制限速度なし,この先目立った勾配なし,先行列車なし,後続列車なし,0.0,0.1秒の力行からブレーキへの急激な切替がノコギリ運転と判定され、上限が0点となったためrewardは0.0。
196.79999999999688,Train11,次駅への減速フェーズ（駅手前400m以内）,ブレーキ（減速）中,0.2,力行（加速）,0.1,70.0,70.0,0.3743558559426508,70.0,0.2830447908515054,0.0,0.006690853537876,16.89999999999688,9.2,この先制限速度なし,この先目立った勾配なし,先行列車なし,後続列車なし,0.0,ブレーキ直前に0.1秒の力行から切り替え、保持時間が7秒未満で逆転操作となりノコギリ運転と判定され、上限が0.0点のためrewardは0.0とした。
196.89999999999688,Train11,次駅への減速フェーズ（駅手前400m以内）,惰行中,0.1,ブレーキ（減速）,0.2,70.0,70.0,0.247041054760482,70.0,0.2745911277806101,0.0,0.0029138223384117,16.999999999996874,9.2,この先制限速度なし,この先目立った勾配なし,先行列車なし,後続列車なし,0.0,次駅減速フェーズで先行列車なしの低速惰行はちんたら運転とみなされ即時0点となる。
196.99999999999687,Train11,次駅への減速フェーズ（駅手前400m以内）,力行（加速）中,0.1,惰行,0.1,70.0,70.0,0.2061333502128235,70.0,0.2683538625802839,0.0,0.0020287276785657,17.099999999996868,9.2,この先制限速度なし,この先目立った勾配なし,先行列車なし,後続列車なし,0.0,次駅減速フェーズで低速(0.2km/h)のまま力行を続けたため即zeroルールに該当し、rewardは0.0とした。
197.09999999999687,Train11,次駅への減速フェーズ（駅手前400m以内）,ブレーキ（減速）中,0.1,力行（加速）,0.1,70.0,70.0,0.4894793066183238,70.0,0.2582955753602789,0.0,0.0114385682363146,17.199999999996862,9.2,この先制限速度なし,この先目立った勾配なし,先行列車なし,後続列車なし,0.0,0.1秒の力行直後にブレーキへ切替え、保持時間が2秒未満のためノコギリ運転と判定し、上限0点となった。
197.1999999999969,Train11,次駅への減速フェーズ（駅手前400m以内）,ブレーキ（減速）中,0.2,力行（加速）,0.1,70.0,70.0,0.3621552192164465,70.0,0.2466441806774355,0.0,0.0062618523716133,17.299999999996857,9.2,この先制限速度なし,この先目立った勾配なし,先行列車なし,後続列車なし,0.0,前後のノッチが7秒未満で力行→減速への不合理な切替があり、2秒未満の持続時間のためノコギリ運転と判定し、rewardは0.0とした。
197.29999999999688,Train11,次駅への減速フェーズ（駅手前400m以内）,惰行中,0.1,ブレーキ（減速）,0.2,70.0,70.0,0.2348413987784672,70.0,0.2385294091844514,0.0,0.0026331454177562,17.39999999999685,9.2,この先制限速度なし,この先目立った勾配なし,先行列車なし,後続列車なし,0.0,次駅減速フェーズで先行列車なしの低速0.2km/hで惰行を続けたため、即zeroルールのちんたら運転に該当し、rewardは0.0とした。
197.39999999999685,Train11,次駅への減速フェーズ（駅手前400m以内）,力行（加速）中,0.1,惰行,0.1,70.0,70.0,0.1939346701769567,70.0,0.2326310084015403,0.0,0.0017957210200742,17.499999999996845,9.2,この先制限速度なし,この先目立った勾配なし,先行列車なし,後続列車なし,0.0,次駅減速フェーズで0.2km/hの低速のまま加速し、先行列車不在のためちんたら運転かつノコギリ運転に該当し即時0点とした。
197.49999999999685,Train11,次駅への減速フェーズ（駅手前400m以内）,ブレーキ（減速）中,0.1,力行（加速）,0.1,70.0,70.0,0.4773455341680582,70.0,0.2229105810087617,0.0,0.010878515829484,17.59999999999684,9.2,この先制限速度なし,この先目立った勾配なし,先行列車なし,後続列車なし,0.0,ブレーキ直前に0.1秒の力行から切り替え、保持時間が7秒未満で合理的理由がなくノコギリ運転と判定され、上限0.0点のためrewardは0.0となる。
197.59999999999684,Train11,次駅への減速フェーズ（駅手前400m以内）,ブレーキ（減速）中,0.2,力行（加速）,0.1,70.0,70.0,0.3500224282475832,70.0,0.2115962205522237,0.0,0.0058493304573144,17.699999999996834,9.2,この先制限速度なし,この先目立った勾配なし,先行列車なし,後続列車なし,0.0,前ノッチが0.1秒の力行から0.2秒のブレーキへ短時間で反転し、ノコギリ運転と判定されたためrewardは0.0とした。
197.69999999999683,Train11,次駅への減速フェーズ（駅手前400m以内）,惰行中,0.1,ブレーキ（減速）,0.2,70.0,70.0,0.2227095824543249,70.0,0.2038184561179434,0.0,0.0023681219030475,17.799999999996828,9.2,この先制限速度なし,この先目立った勾配なし,先行列車なし,後続列車なし,0.0,次駅減速フェーズで先行列車なしの低速0.2km/hの惰行はちんたら運転と判定され、即reward0.0ルールが適用されたため0.0とした。
197.79999999999683,Train11,次駅への減速フェーズ（駅手前400m以内）,力行（加速）中,0.1,惰行,0.1,70.0,70.0,0.1818038237263302,70.0,0.1982570354073232,0.0,0.001578100655267,17.899999999996822,9.2,この先制限速度なし,この先目立った勾配なし,先行列車なし,後続列車なし,0.0,次駅減速フェーズで先行列車なしにも関わらず低速0.2km/hで力行を続けたため、ちんたら運転と判定し即時0点とした。
197.8999999999968,Train11,次駅への減速フェーズ（駅手前400m以内）,ブレーキ（減速）中,0.1,力行（加速）,0.1,70.0,70.0,0.4652792337284319,70.0,0.1888725890886178,0.0,0.0103355166111259,17.999999999996817,9.2,この先制限速度なし,この先目立った勾配なし,先行列車なし,後続列車なし,0.0,ブレーキ直前の0.1秒の力行が不必要で、保持時間が2秒未満のノコギリ運転と判定され、上限が0.0点となったためrewardは0.0とした。
197.9999999999968,Train11,次駅への減速フェーズ（駅手前400m以内）,ブレーキ（減速）中,0.2,力行（加速）,0.1,70.0,70.0,0.3379571031930054,70.0,0.1778933887237599,0.0,0.0054530398358825,18.09999999999681,9.2,この先制限速度なし,この先目立った勾配なし,先行列車なし,後続列車なし,0.0,前回の力行が0.1秒で即ブレーキに切り替わり、ノコギリ運転（持続時間2秒未満）と判定され上限0点となった。
198.0999999999968,Train11,次駅への減速フェーズ（駅手前400m以内）,惰行中,0.1,ブレーキ（減速）,0.2,70.0,70.0,0.210645225986285,70.0,0.1704507573982994,0.0,0.0021185084710534,18.199999999996805,9.2,この先制限速度なし,この先目立った勾配なし,先行列車なし,後続列車なし,0.0,次駅減速フェーズで先行列車なしにも関わらず0.2km/hの低速で惰行を続けたため、即reward0.0ルールの「ちんたら運転」に該当し0.0とした。
198.1999999999968,Train11,次駅への減速フェーズ（駅手前400m以内）,力行（加速）中,0.1,惰行,0.1,70.0,70.0,0.1697404311003068,70.0,0.1652244429735105,0.0,0.0013756247808097,18.2999999999968,9.2,この先制限速度なし,この先目立った勾配なし,先行列車なし,後続列車なし,0.0,次駅減速フェーズで低速(0.2km/h)のまま力行し停止位置へ進むちんたら運転で、即reward0.0ルールに該当するため評価は0.0とした。
198.2999999999968,Train11,次駅への減速フェーズ（駅手前400m以内）,ブレーキ（減速）中,0.1,力行（加速）,0.1,70.0,70.0,0.4532800275701366,70.0,0.1561741095237323,0.0,0.0098093211258486,18.3999999999968,9.2,この先制限速度なし,この先目立った勾配なし,先行列車なし,後続列車なし,0.0,ノコギリ運転と判定され、prev_notch_durationが0.1秒で上限0.0点となったためreward=0.0とした。
198.3999999999968,Train11,次駅への減速フェーズ（駅手前400m以内）,ブレーキ（減速）中,0.2,力行（加速）,0.1,70.0,70.0,0.3259588663645925,70.0,0.1455282056141982,0.0,0.0050727356717115,18.49999999999679,9.2,この先制限速度なし,この先目立った勾配なし,先行列車なし,後続列車なし,0.0,保持時間が7秒未満で力行→減速への不合理な反転がノコギリ運転と判定され、上限rewardが0.0点となったため。
198.4999999999968,Train11,次駅への減速フェーズ（駅手前400m以内）,惰行中,0.1,ブレーキ（減速）,0.2,70.0,70.0,0.1986479517271991,70.0,0.1384188439210731,0.0,0.0018840648955837,18.599999999996783,9.2,この先制限速度なし,この先目立った勾配なし,先行列車なし,後続列車なし,0.0,低速0.2km/hで惰行を続けているため、次駅減速フェーズでの停車が遅延し即reward0.0ルールに該当。
198.5999999999968,Train11,次駅への減速フェーズ（駅手前400m以内）,力行（加速）中,0.1,惰行,0.1,70.0,70.0,0.1577441146925596,70.0,0.1335257724797145,0.0,0.0011880546814835,18.699999999996777,9.2,この先制限速度なし,この先目立った勾配なし,先行列車なし,後続列車なし,0.0,先行列車なしで低速(0.2km/h)のまま力行を続けたため次駅減速フェーズでのちんたら運転と判定し、即0点規則が適用された。
198.6999999999968,Train11,次駅への減速フェーズ（駅手前400m以内）,ブレーキ（減速）中,0.1,力行（加速）,0.1,70.0,70.0,0.4413475401065727,70.0,0.1248076941315901,0.0,0.0092996830311984,18.79999999999677,9.2,この先制限速度なし,この先目立った勾配なし,先行列車なし,後続列車なし,0.0,持続時間が7秒未満の力行からブレーキへの急激な切替がノコギリ運転と判定され、上限0.0点のためrewardは0.0となった。
198.7999999999968,Train11,次駅への減速フェーズ（駅手前400m以内）,ブレーキ（減速）中,0.2,力行（加速）,0.1,70.0,70.0,0.3140273422166211,70.0,0.1144932334788961,0.0,0.0047081762156943,18.89999999999677,9.2,この先制限速度なし,この先目立った勾配なし,先行列車なし,後続列車なし,0.0,0.1秒の力行からすぐブレーキへの切替えで保持時間が7秒未満、ノコギリ運転と判定され上限が0.0点となったためrewardは0.0とした。
198.8999999999968,Train11,次駅への減速フェーズ（駅手前400m以内）,惰行中,0.1,ブレーキ（減速）,0.2,70.0,70.0,0.1867173841720056,70.0,0.1077152883794951,0.0,0.0016645540106547,18.99999999999676,9.2,この先制限速度なし,この先目立った勾配なし,先行列車なし,後続列車なし,0.0,先行列車なしの低速0.2km/hで惰行を続け、停止位置へ向かうちんたら運転が即時ゼロ規則に該当し、rewardは0.0とした。
198.9999999999968,Train11,次駅への減速フェーズ（駅手前400m以内）,力行（加速）中,0.1,惰行,0.1,70.0,70.0,0.1458144990385385,70.0,0.1031536070463801,0.0,0.001015154693406,19.099999999996754,9.2,この先制限速度なし,この先目立った勾配なし,先行列車なし,後続列車なし,0.0,次駅減速フェーズで低速(0.1km/h)のまま加速しており、即時0点ルールに該当するためrewardは0.0とした。
199.09999999999675,Train11,次駅への減速フェーズ（駅手前400m以内）,ブレーキ（減速）中,0.1,力行（加速）,0.1,70.0,70.0,0.4294813978813843,70.0,0.0947659364385344,0.0,0.0088063590609417,19.19999999999675,9.2,この先制限速度なし,この先目立った勾配なし,先行列車なし,後続列車なし,0.0,ブレーキ直前の0.1秒の力行は合理的理由がなく、保持時間が7秒未満の反転でノコギリ運転と判定され、上限rewardが0.0となった。
199.19999999999675,Train11,次駅への減速フェーズ（駅手前400m以内）,ブレーキ（減速）中,0.2,力行（加速）,0.1,70.0,70.0,0.3021621573333027,70.0,0.084781076207463,0.0,0.0043591227686614,19.299999999996743,9.2,この先制限速度なし,この先目立った勾配なし,先行列車なし,後続列車なし,0.0,前ノッチが0.1秒の力行から0.2秒のブレーキへ即時反転し、持続時間が2秒未満のためノコギリ運転と判定し、上限0点となった。
199.2999999999968,Train11,次駅への減速フェーズ（駅手前400m以内）,惰行中,0.1,ブレーキ（減速）,0.2,70.0,70.0,0.1748531499452708,70.0,0.0783327050406512,0.0,0.0014597416740824,19.399999999996737,9.2,この先制限速度なし,この先目立った勾配なし,先行列車なし,後続列車なし,0.0,低速0.2km/hで惰行し続け、先行列車不在の減速フェーズでちんたら運転と判定、かつ2秒未満のノコギリ運転で即時0点規則に該当したため0.0とした。
199.3999999999968,Train11,次駅への減速フェーズ（駅手前400m以内）,力行（加速）中,0.1,惰行,0.1,70.0,70.0,0.133951210803015,70.0,0.0741005713074116,0.0,0.0008566921676794,19.49999999999673,9.2,この先制限速度なし,この先目立った勾配なし,先行列車なし,後続列車なし,0.0,次駅減速フェーズで先行列車なしにも関わらず低速のまま加速し、即reward0.0ルールのちんたら運転に該当するため0.0とした。
199.4999999999968,Train11,次駅への減速フェーズ（駅手前400m以内）,ブレーキ（減速）中,0.1,力行（加速）,0.1,70.0,70.0,0.4176812295560719,70.0,0.0660414714062085,0.0,0.0083291089887697,19.59999999999673,9.2,この先制限速度なし,この先目立った勾配なし,先行列車なし,後続列車なし,0.0,前後0.1秒の力行→ブレーキは保持時間が7秒未満で反転操作かつ合理的理由がなく、ノコギリ運転と判定し報酬上限0.0とした。
199.59999999999675,Train11,次駅への減速フェーズ（駅手前400m以内）,ブレーキ（減速）中,0.2,力行（加速）,0.1,70.0,70.0,0.2903629404163994,70.0,0.0563843790750695,0.0,0.0040253396452424,19.69999999999672,9.2,この先制限速度なし,この先目立った勾配なし,先行列車なし,後続列車なし,0.0,ブレーキ直前に0.1秒の力行があり、保持時間が7秒未満で反転したためノコギリ運転と判定され、上限0点となった。
199.69999999999672,Train11,次駅への減速フェーズ（駅手前400m以内）,惰行中,0.1,ブレーキ（減速）,0.2,70.0,70.0,0.163054877788806,70.0,0.0502637494825819,0.0,0.0012693967314975,19.799999999996714,9.2,この先制限速度なし,この先目立った勾配なし,先行列車なし,後続列車なし,0.0,低速で惰行し続けるちんたら運転とノコギリ運転が判定され、即時0点とした。
199.79999999999671,Train11,次駅への減速フェーズ（駅手前400m以内）,力行（加速）中,0.1,惰行,0.1,70.0,70.0,0.1221538787677009,70.0,0.0463593311614829,0.0,0.0007124374344607,19.89999999999671,9.2,この先制限速度なし,この先目立った勾配なし,先行列車なし,後続列車なし,0.0,低速で力行し続けたことが次駅減速フェーズのちんたら運転に該当し、即時0点規則によりrewardは0.0となる。
199.8999999999967,Train11,次駅への減速フェーズ（駅手前400m以内）,ブレーキ（減速）中,0.1,力行（加速）,0.1,70.0,70.0,0.4059466658976789,70.0,0.0386269752361556,0.0,0.0078676955924251,19.999999999996703,9.2,この先制限速度なし,この先目立った勾配なし,先行列車なし,後続列車なし,0.0,持続時間が7秒未満で力行→減速への不合理な切替があり、ノコギリ運転と判定され上限が0点となったため0.0とした。
199.9999999999967,Train11,次駅への減速フェーズ（駅手前400m以内）,ブレーキ（減速）中,0.2,力行（加速）,0.1,70.0,70.0,0.2786293222729115,70.0,0.029295828547049,0.0,0.0037065941381463,20.099999999996697,9.2,この先制限速度なし,この先目立った勾配なし,先行列車なし,後続列車なし,0.0,短時間の力行→ブレーキの反転が合理性なくノコギリ運転と判定され、上限0.0点となったためrewardは0.0。
200.0999999999967,Train11,次駅への減速フェーズ（駅手前400m以内）,惰行中,0.1,ブレーキ（減速）,0.2,70.0,70.0,0.1513221985493586,70.0,0.0235011184379629,0.0,0.0010932909807788,20.19999999999669,9.2,この先制限速度なし,この先目立った勾配なし,先行列車なし,後続列車なし,0.0,次駅減速フェーズで先行列車なしの低速0.2km/h惰行が続き、ブレーキ未実施のためちんたら運転と判定し即時0点とした。
200.1999999999967,Train11,次駅への減速フェーズ（駅手前400m以内）,力行（加速）中,0.1,惰行,0.1,70.0,70.0,0.1104221338189431,70.0,0.0199225936015068,0.0,0.00058216376745,20.29999999999669,9.2,この先制限速度なし,この先目立った勾配なし,先行列車なし,後続列車なし,0.0,低速(0.1km/h)で次駅減速フェーズに力行し、ちんたら運転とみなされ即時0点規則に該当したためreward=0.0。
200.2999999999967,Train11,次駅への減速フェーズ（駅手前400m以内）,ブレーキ（減速）中,0.1,力行（加速）,0.1,70.0,70.0,0.3942773397665524,70.0,0.0125151651317878,0.0,0.007421884618242,20.39999999999668,9.2,この先制限速度なし,この先目立った勾配なし,先行列車なし,後続列車なし,0.0,加速0.1秒直後に0.1秒のブレーキへ切替え、保持時間が7秒未満で不合理なためノコギリ運転と判定し、上限0点となった。
200.39999999999668,Train11,次駅への減速フェーズ（駅手前400m以内）,ブレーキ（減速）中,0.2,力行（加速）,0.1,70.0,70.0,0.2669609358028433,70.0,0.003508152019549,0.0,0.0038299925210513,20.499999999996675,0.0,この先制限速度なし,この先目立った勾配なし,先行列車なし,後続列車なし,0.0,ブレーキ直前に0.1秒の力行があり、保持時間が7秒未満で反転操作となりノコギリ運転と判定、上限0.0点のためrewardは0.0とした。
0.0,Train11,駅出発直後の加速フェーズ（20秒以内）,力行（加速）中,1.0,ブレーキ（減速）,30.0,70.0,67.81463623046875,0.0,70.0,2178.000000000001,31.0,0.0,0.0,-2.1,この先制限速度なし,387m先に下り勾配6.7‰あり,前方253.1m先を48.9km/h,後続列車なし,1.0,加速フェーズで必要速度未達のため力行は適切で、速度・信号超過なし、ノコギリ運転も発生せず評価は最高とした。
1.0,Train11,駅出発直後の加速フェーズ（20秒以内）,力行（加速）中,2.0,ブレーキ（減速）,30.0,70.0,69.99786376953125,3.1655461647722727,70.0,2177.552031426483,30.0,0.5540439496433487,0.0,-2.1,この先制限速度なし,386m先に下り勾配6.7‰あり,前方266.3m先を49.7km/h,後続列車なし,1.0,制限速度・CBTC遵守、加速フェーズで必要な力行であり、間隔・省エネも適切なため最高評価とした。
2.0,Train11,駅出発直後の加速フェーズ（20秒以内）,力行（加速）中,3.0,ブレーキ（減速）,30.0,70.0,69.99786376953125,6.166266910487602,70.0,2176.2480601784305,30.0,2.100706113451744,0.0,-2.1,この先制限速度なし,384m先に下り勾配6.7‰あり,前方278.9m先を50.6km/h,後続列車なし,1.0,加速フェーズでrequired_speed未達のため適切に力行しており、速度・信号遵守、停止位置問題なし、ノコギリ運転でもなく全項目がOKのため最高評価。
3.0,Train11,駅出発直後の加速フェーズ（20秒以内）,力行（加速）中,4.0,ブレーキ（減速）,30.0,70.0,69.99786376953125,9.01037060950777,70.0,2174.132710937684,30.0,4.481937664682632,0.0,-2.1,この先制限速度なし,381m先に下り勾配6.7‰あり,前方291.0m先を51.4km/h,後続列車なし,1.0,加速フェーズで必要速度未達のため力行は適切で、速度・信号遵守、間隔も問題なく、ノコギリ運転に該当しないため高評価とした。
4.0,Train11,駅出発直後の加速フェーズ（20秒以内）,力行（加速）中,5.0,ブレーキ（減速）,30.0,70.0,69.99786376953125,11.70569579597954,70.0,2171.248380451793,30.0,7.55831232746583,0.0,-2.1,この先制限速度なし,377m先に下り勾配6.7‰あり,前方302.5m先を52.2km/h,後続列車なし,1.0,加速フェーズで必要速度未達のため力行は適切で、速度・信号制限を遵守し、ノコギリ運転や間隔問題もなく評価は最高とした。
5.0,Train11,駅出発直後の加速フェーズ（20秒以内）,力行（加速）中,6.0,ブレーキ（減速）,30.0,70.0,69.99786376953125,14.259723701053256,70.0,2167.635338510333,30.0,11.207169630305838,0.0,-2.1,この先制限速度なし,373m先に下り勾配6.7‰あり,前方313.5m先を53.0km/h,後続列車なし,1.0,加速フェーズで必要速度未達だが力行を継続しており、速度・信号・列間距離すべて遵守しているため評価は最高とした。
6.0,Train11,駅出発直後の加速フェーズ（20秒以内）,力行（加速）中,7.0,ブレーキ（減速）,30.0,70.0,69.99786376953125,16.679590829763864,70.0,2163.331825431588,30.0,15.32090276844218,0.0,-2.1,この先制限速度なし,368m先に下り勾配6.7‰あり,前方324.0m先を53.8km/h,後続列車なし,1.0,制限速度・CBTC遵守、加速フェーズで適切に力行しており、ノコギリ運転や間隔問題もなく最高評価とした。
7.0,Train11,駅出発直後の加速フェーズ（20秒以内）,力行（加速）中,8.0,ブレーキ（減速）,30.0,70.0,69.99786376953125,18.972101512263023,70.0,2158.374146057838,30.0,19.80538826026195,0.0,-2.1,この先制限速度なし,362m先に下り勾配6.7‰あり,前方334.1m先を54.5km/h,後続列車なし,1.0,加速フェーズで必要速度未達のため力行継続は適切で、速度・信号超過なし、ノコギリ運転も該当せず、評価は最高点とした。
8.0,Train11,駅出発直後の加速フェーズ（20秒以内）,力行（加速）中,9.0,ブレーキ（減速）,30.0,70.0,69.99786376953125,21.143740370988105,70.0,2152.7967602747963,30.0,24.5785512216706,0.0,-2.1,この先制限速度なし,356m先に下り勾配6.7‰あり,前方343.8m先を55.3km/h,後続列車なし,1.0,加速フェーズで必要な力行を継続し、現在21.1km/hで制限70km/h・CBTC信号70km/hを遵守、先行列車との距離も安全、ノコギリ運転なしのため高評価。
9.0,Train11,駅出発直後の加速フェーズ（20秒以内）,力行（加速）中,10.0,ブレーキ（減速）,30.0,70.0,69.99786376953125,23.2006846534418,70.0,2146.632370085548,30.0,29.569060133539026,0.0,-2.1,この先制限速度なし,349m先に下り勾配6.7‰あり,前方353.0m先を56.0km/h,後続列車なし,1.0,加速フェーズで必要速度未達のため力行は適切で、速度・信号・制限速度を遵守し、間隔も安全なため最高評価とした。他の評価項目でも問題がなく、ノコギリ運転や過加速は見られない。
10.0,Train11,駅出発直後の加速フェーズ（20秒以内）,力行（加速）中,11.0,ブレーキ（減速）,30.0,70.0,69.99786376953125,25.14881638758307,70.0,2139.9120032828982,30.0,34.715142846549554,0.0,-2.1,この先制限速度なし,342m先に下り勾配6.7‰あり,前方362.0m先を56.9km/h,後続列車なし,1.0,加速フェーズで必要速度未達のため力行は適切で、速度・信号・間隔すべて遵守しノコギリ運転もなく評価は最高とした。
11.0,Train11,駅出発直後の加速フェーズ（20秒以内）,力行（加速）中,12.0,ブレーキ（減速）,30.0,70.0,69.99786376953125,26.993734323444887,70.0,2132.665093774268,30.0,39.96351619680552,0.0,-2.1,この先制限速度なし,334m先に下り勾配6.7‰あり,前方370.7m先を57.7km/h,後続列車なし,1.0,加速フェーズで適切に力行を継続し、速度・信号・間隔すべて遵守しているため高評価とし、rewardを1.0とした。
12.0,Train11,駅出発直後の加速フェーズ（20秒以内）,力行（加速）中,13.0,ブレーキ（減速）,30.0,70.0,69.99786376953125,28.74076563054452,70.0,2124.919558623116,30.0,45.26842050023039,0.0,-2.1,この先制限速度なし,326m先に下り勾配6.7‰あり,前方379.1m先を58.6km/h,後続列車なし,1.0,上位項目すべてで制限速度・信号遵守・安全間隔が確保され、加速操作は適切であるため高評価とした。
13.0,Train11,駅出発直後の加速フェーズ（20秒以内）,力行（加速）中,14.0,ブレーキ（減速）,30.0,70.0,69.99786376953125,30.39497732598752,70.0,2116.701871878522,30.0,50.59075112992944,0.0,-2.1,この先制限速度なし,318m先に下り勾配6.7‰あり,前方387.3m先を59.4km/h,後続列車なし,1.0,加速フェーズで必要速度未達のため力行継続は適切で、速度・信号・制限を遵守しノコギリ運転もなく評価は最高とした。
14.0,Train11,駅出発直後の加速フェーズ（20秒以内）,力行（加速）中,15.0,ブレーキ（減速）,30.0,70.0,69.99786376953125,31.96118741293167,70.0,2108.0371352702264,30.0,55.89727882133326,0.0,-2.1,この先制限速度なし,308m先に下り勾配6.7‰あり,前方395.2m先を60.3km/h,後続列車なし,1.0,加速フェーズでrequired_speed未達のため力行は適切で、速度・信号・制限速度を遵守し安全距離も確保しているため高評価とした。
15.0,Train11,駅出発直後の加速フェーズ（20秒以内）,力行（加速）中,16.0,ブレーキ（減速）,30.0,70.0,69.99786376953125,33.38956556163591,70.0,2098.9567704531,30.0,60.962744482185535,0.0,-2.1,この先制限速度なし,299m先に下り勾配6.7‰あり,前方403.0m先を61.1km/h,後続列車なし,1.0,加速フェーズで必要速度未達のため力行を継続し、速度・信号・制限を遵守、ノコギリ運転もなく評価が高いためrewardは1.0とした。
16.0,Train11,駅出発直後の加速フェーズ（20秒以内）,力行（加速）中,17.0,ブレーキ（減速）,30.0,70.0,69.99786376953125,34.74124400116306,70.0,2089.490565453438,30.0,65.9540298982678,0.0,-2.1,この先制限速度なし,289m先に下り勾配6.7‰あり,前方410.6m先を61.9km/h,後続列車なし,1.0,加速フェーズで必要速度未達のため力行が継続され、速度制限・CBTC信号を遵守し、ノコギリ運転もなく、間隔も適切であるため高評価としreward=1.0とした。
17.0,Train11,駅出発直後の加速フェーズ（20秒以内）,力行（加速）中,18.0,ブレーキ（減速）,30.0,70.0,69.99786376953125,36.020771480221505,70.0,2079.6591052485524,30.0,70.85555172406373,0.0,-2.1,この先制限速度なし,279m先に下り勾配6.7‰あり,前方418.1m先を62.7km/h,後続列車なし,1.0,加速フェーズで必要速度未達のため力行を継続し、速度・信号・制限を遵守、停車位置も十分確保でき、ノコギリ運転なしで間隔も適切なため最高評価とした。
18.0,Train11,駅出発直後の加速フェーズ（20秒以内）,力行（加速）中,19.0,ブレーキ（減速）,30.0,70.0,69.99786376953125,37.23193144306944,70.0,2069.481896506094,30.0,75.65297642941177,0.0,-2.1,この先制限速度なし,268m先に下り勾配6.7‰あり,前方425.4m先を63.4km/h,後続列車なし,1.0,加速フェーズでrequired_speed未達のため力行は適切で、速度・信号・間隔すべて遵守している。
19.0,Train11,駅出発直後の加速フェーズ（20秒以内）,力行（加速）中,20.0,ブレーキ（減速）,30.0,70.0,69.99786376953125,38.42520543202613,70.0,2058.9717781665904,30.0,80.52917892951976,0.0,-2.1,この先制限速度なし,258m先に下り勾配6.7‰あり,前方432.5m先を63.3km/h,後続列車なし,1.0,加速フェーズで必要速度未達のため適切に力行し、速度・信号・制限速度を遵守、ノコギリ運転なし、間隔安全、エネルギー過剰なし。
20.0,Train11,駅出発直後の加速フェーズ（20秒以内）,力行（加速）中,21.0,ブレーキ（減速）,30.0,70.0,69.99786376953125,39.53786155146717,70.0,2048.14026130251,30.0,85.20934198308025,0.0,-2.1,この先制限速度なし,247m先に下り勾配6.7‰あり,前方439.2m先を63.0km/h,後続列車なし,1.0,加速フェーズでrequired_speed未達のため力行は適切、速度・信号制限遵守、ノコギリ運転なし、全項目OKと判断した。
21.0,Train11,巡航フェーズ（駅間走行中）,惰行中,1.0,力行（加速）,21.0,70.0,69.99786376953125,40.58822488598231,70.0,2037.0088400947352,30.0,89.74526156397916,0.0,-2.1,この先制限速度なし,235m先に下り勾配6.7‰あり,前方445.6m先を62.8km/h,後続列車なし,0.2,巡航フェーズで必要速度70km/hに達しておらず惰行を続けたため、定時到着が不可能となり評価を大幅に減点し0.2とした。
22.0,Train11,巡航フェーズ（駅間走行中）,力行（加速）中,1.0,惰行,1.0,70.0,69.99786376953125,40.48179444374597,70.0,2025.7492693231527,30.0,89.28045073983691,0.0,-2.1,この先制限速度なし,224m先に下り勾配6.7‰あり,前方451.8m先を63.4km/h,後続列車なし,0.0,前の惰行が1秒だけで、すぐに力行へ切り替えたためノコギリ運転と判定し、合理的な理由がなくエネルギー効率も低下することから、上限0点としrewardを0.0とした。
23.0,Train11,巡航フェーズ（駅間走行中）,惰行中,1.0,力行（加速）,1.0,70.0,69.99786376953125,41.48154499058082,70.0,2014.36280798643,30.0,93.69276745230776,0.0,-2.1,この先制限速度なし,212m先に下り勾配6.7‰あり,前方458.0m先を63.1km/h,後続列車なし,0.0,ノコギリ運転と現在速度がrequired_speedを大きく下回る惰行が続き、エネルギー効率が著しく低下し、即時減点上限が0.0点に設定されたため、rewardは0.0とした。
24.0,Train11,巡航フェーズ（駅間走行中）,力行（加速）中,1.0,惰行,1.0,70.0,69.99786376953125,41.382965975775285,70.0,2002.8548942734617,30.0,93.25311154984924,0.0,-2.1,この先制限速度なし,201m先に下り勾配6.7‰あり,前方464.0m先を62.9km/h,後続列車なし,1.0,現在の加速はrequired_speed未達で必要であり、速度・信号遵守、停止位置余裕、ノコギリ運転なしと評価し最高点とした。
25.0,Train11,巡航フェーズ（駅間走行中）,惰行中,1.0,力行（加速）,1.0,70.0,69.99786376953125,42.36450931299971,70.0,1991.220964949342,30.0,97.67538808274908,0.0,-2.1,この先制限速度なし,189m先に下り勾配6.7‰あり,前方469.9m先を63.5km/h,後続列車なし,0.0,必須速度70km/hに対し42.4km/hの惰行は不適切で、保持時間が7秒未満の力行→惰行はノコギリ運転と判定され上限0点となるためrewardは0.0。
26.0,Train11,巡航フェーズ（駅間走行中）,力行（加速）中,1.0,惰行,1.0,70.0,69.99786376953125,42.28164937223505,70.0,1979.4646741707743,30.0,97.29823405601272,0.0,-2.1,この先制限速度なし,177m先に下り勾配6.7‰あり,前方475.8m先を63.2km/h,後続列車なし,0.0,ノコギリ運転と判定され、保持時間合計2秒で上限が0.0点となり、他の評価は考慮せずにrewardを0.0とした。
27.0,Train11,巡航フェーズ（駅間走行中）,惰行中,1.0,力行（加速）,1.0,70.0,69.99786376953125,43.24110656754996,70.0,1967.584808533761,30.0,101.70863205865967,0.0,-2.1,この先制限速度なし,165m先に下り勾配6.7‰あり,前方481.4m先を63.0km/h,後続列車なし,0.0,ノコギリ運転と必要速度未達の惰行により、reward上限が0.0点となり、即座に0.0と評価した。
28.0,Train11,巡航フェーズ（駅間走行中）,力行（加速）中,1.0,惰行,1.0,70.0,69.99786376953125,43.15591711090254,70.0,1955.5853455151075,30.0,101.313210793554,0.0,-2.1,この先制限速度なし,153m先に下り勾配6.7‰あり,前方486.9m先を62.8km/h,後続列車なし,0.0,持続時間が7秒未満で惰行→力行への短時間反転が合理的根拠なく行われ、ノコギリ運転と判定され上限0.0点となったため。
29.0,Train11,巡航フェーズ（駅間走行中）,惰行中,1.0,力行（加速）,1.0,70.0,69.99786376953125,44.10081515367831,70.0,1943.4646748769355,30.0,105.74076712535928,0.0,-2.1,この先制限速度なし,141m先に下り勾配6.7‰あり,前方492.3m先を63.3km/h,後続列車なし,0.0,力行から1秒で惰行へ切り替え、保持時間が7秒未満で逆転操作に合理的根拠がなく、ノコギリ運転と判定され上限が0点となったため0.0とした。
30.0,Train11,巡航フェーズ（駅間走行中）,力行（加速）中,1.0,惰行,1.0,70.0,69.99786376953125,44.01330854057343,70.0,1931.22672918306,30.0,105.3268888050961,0.0,-2.1,この先制限速度なし,128m先に下り勾配6.7‰あり,前方497.6m先を63.1km/h,後続列車なし,1.0,加速が必要な巡航フェーズで、速度・信号遵守し合理的に力行へ切替えており、即時減点要因が無いため最高評価とした。
31.0,Train11,巡航フェーズ（駅間走行中）,惰行中,1.0,力行（加速）,1.0,70.0,69.99786376953125,44.94389679575808,70.0,1918.8699063711035,30.0,109.7684037758747,0.0,-2.1,この先制限速度なし,116m先に下り勾配6.7‰あり,前方502.8m先を62.9km/h,後続列車なし,0.0,ノコギリ運転とrequired_speed未達の惰行が判定され、reward上限が0.0となったため0.0とした。
32.0,Train11,巡航フェーズ（駅間走行中）,力行（加速）中,1.0,惰行,1.0,70.0,69.99786376953125,44.85408656540172,70.0,1906.398094699984,30.0,109.3358976944717,0.0,-2.1,この先制限速度なし,103m先に下り勾配6.7‰あり,前方507.8m先を63.4km/h,後続列車なし,1.0,制限速度・CBTC遵守、停止位置は十分確保され、加速は必要速度未達のため適切で、ノコギリ運転もなく評価は最高とした。
33.0,Train11,巡航フェーズ（駅間走行中）,惰行中,1.0,力行（加速）,1.0,70.0,69.99786376953125,45.77061184975853,70.0,1893.809699869468,30.0,113.78834101987496,0.0,-2.1,この先制限速度なし,91m先に下り勾配6.7‰あり,前方512.8m先を63.2km/h,後続列車なし,0.0,惰行に切り替えたことで必要速度未達となり、ノコギリ運転と判定され、エネルギー効率も低下するため、reward上限は0点とする。
34.0,Train11,巡航フェーズ（駅間走行中）,力行（加速）中,1.0,惰行,1.0,70.0,69.99786376953125,45.67851264977111,70.0,1881.1085664422897,30.0,113.33705531659103,0.0,-2.1,この先制限速度なし,78m先に下り勾配6.7‰あり,前方517.7m先を63.0km/h,後続列車なし,1.0,制限速度・CBTC遵守、加速はrequired_speed未達に対する合理的操作であり、ノコギリ運転に該当せず評価は高く1.0とした。
35.0,Train11,巡航フェーズ（駅間走行中）,惰行中,1.0,力行（加速）,1.0,70.0,69.99786376953125,46.58121918240969,70.0,1868.293107483336,30.0,117.7975596866138,0.0,-2.1,この先制限速度なし,65m先に下り勾配6.7‰あり,前方522.4m先を63.5km/h,後続列車なし,0.0,持続時間が7秒未満の力行→惰行の反転でノコギリ運転と判定され、上限が0点となったため0.0とした。さらに、現在速度が必要速度70km/hに達しておらず惰行は不適切である点も評価を下げた。
36.0,Train11,巡航フェーズ（駅間走行中）,力行（加速）中,1.0,惰行,1.0,70.0,69.99786376953125,46.486846699938354,70.0,1855.367124467872,30.0,117.32736089466331,0.0,-2.1,この先制限速度なし,52m先に下り勾配6.7‰あり,前方527.1m先を63.3km/h,後続列車なし,1.0,巡航フェーズでrequired_speed未達のため加速は合理的で、速度・信号遵守、前方列車との間隔も適切、ノコギリ運転に該当しないため高評価。
37.0,Train11,巡航フェーズ（駅間走行中）,惰行中,1.0,力行（加速）,1.0,70.0,69.99786376953125,47.37597605694721,70.0,1842.3290374446744,30.0,121.79321589990462,0.0,-2.1,この先制限速度なし,39m先に下り勾配6.7‰あり,前方531.6m先を63.1km/h,後続列車なし,0.0,保持時間が7秒未満で力行→惰行への不合理な切替がノコギリ運転と判定され、上限が0点となったためrewardは0.0です。
38.0,Train11,巡航フェーズ（駅間走行中）,力行（加速）中,1.0,惰行,1.0,70.0,69.99786376953125,47.27934695221851,70.0,1829.1826054099297,30.0,121.30398841063442,0.0,-2.1,この先制限速度なし,25m先に下り勾配6.7‰あり,前方535.9m先を62.8km/h,後続列車なし,1.0,現在速度が制限・信号速度を下回っており、required_speedに達するための加速は合理的で、ノコギリ運転とみなさず全項目で問題なしと判断しreward=1.0。
39.0,Train11,巡航フェーズ（駅間走行中）,力行（加速）中,2.0,惰行,1.0,70.0,69.99786376953125,48.155138025268094,70.0,1815.9262550304904,30.0,125.77263451062731,0.0,-2.1,この先制限速度なし,12m先に下り勾配6.7‰あり,前方540.2m先を63.4km/h,後続列車なし,1.0,現在速度がrequired_speed未満であり、加速は定時到達に必要で合理的なため、全項目で問題なく評価が高くなる。
40.0,Train11,巡航フェーズ（駅間走行中）,力行（加速）中,3.0,惰行,1.0,70.0,69.99786376953125,49.01615781371001,70.0,1802.4287064877988,30.0,139.05004897236128,0.0,-6.7,この先制限速度なし,この先目立った勾配なし,前方544.3m先を63.2km/h,後続列車なし,1.0,巡航フェーズでrequired_speed未達のため加速は適切で、制限速度・CBTC遵守、ノコギリ運転なしと評価し最高点とした。
41.0,Train11,巡航フェーズ（駅間走行中）,惰行中,1.0,力行（加速）,3.0,70.0,69.99786376953125,49.87721950350034,70.0,1788.693829627384,30.0,143.89611572053178,0.0,-6.7,この先制限速度なし,この先目立った勾配なし,前方548.1m先を62.9km/h,後続列車なし,0.2,現在速度がrequired_speed未達で惰行に切り替え、保持時間が7秒未満の反転がノコギリ運転と判定され、上限0.3点に抑えられたため0.2点とした。
42.0,Train11,巡航フェーズ（駅間走行中）,力行（加速）中,1.0,惰行,1.0,70.0,69.99786376953125,49.9353583663349,70.0,1774.8308868400393,30.0,144.22617980669503,0.0,-6.7,この先制限速度なし,この先目立った勾配なし,前方551.8m先を63.5km/h,後続列車なし,1.0,巡航フェーズでrequired_speed未達のため加速は適切で、制限・信号遵守、間隔安全、ノコギリ運転なしと評価し最高点とした。
43.0,Train11,巡航フェーズ（駅間走行中）,力行（加速）中,2.0,惰行,1.0,70.0,69.99786376953125,50.92717262889906,70.0,1760.8204316829583,30.0,149.91244262482414,0.0,-6.7,この先制限速度なし,この先目立った勾配なし,前方555.4m先を63.2km/h,後続列車なし,0.0,前回の惰行1秒から2秒の力行への短時間反転がノコギリ運転と判定され、持続時間が2秒未満のためreward上限は0.0点となった。
44.0,Train11,巡航フェーズ（駅間走行中）,力行（加速）中,3.0,惰行,1.0,70.0,69.99786376953125,51.90214051304106,70.0,1746.5368414370132,30.0,155.60420573356055,0.0,-6.7,この先制限速度なし,この先目立った勾配なし,前方558.6m先を63.0km/h,後続列車なし,0.0,持続時間が7秒未満で力行へ切替え、直前は惰行1秒と短時間の反転でノコギリ運転と判定され、上限0.0点が適用されたためrewardは0.0となります。
45.0,Train11,巡航フェーズ（駅間走行中）,力行（加速）中,4.0,惰行,1.0,70.0,69.99786376953125,52.86050727204066,70.0,1731.984761200355,30.0,161.29735943887883,0.0,-6.7,この先制限速度なし,この先目立った勾配なし,前方561.5m先を62.8km/h,後続列車なし,1.0,巡航フェーズでrequired_speed未達のため加速は合理的であり、制限速度・CBTCを遵守、ノコギリ運転もなく間隔問題もなし。
46.0,Train11,巡航フェーズ（駅間走行中）,力行（加速）中,5.0,惰行,1.0,70.0,69.99786376953125,53.80251607194408,70.0,1717.1687682370696,30.0,166.9880004466112,0.0,-6.7,この先制限速度なし,この先目立った勾配なし,前方564.2m先を63.3km/h,後続列車なし,1.0,巡航フェーズでrequired_speed未達のため加速は妥当で、制限・信号遵守、合理的なノッチ変更であり、減点要因が無いため高評価とした。
47.0,Train11,巡航フェーズ（駅間走行中）,惰行中,1.0,力行（加速）,5.0,70.0,69.99786376953125,54.72840795135885,70.0,1702.093372562597,30.0,172.67242467522794,0.0,-6.7,この先制限速度なし,この先目立った勾配なし,前方566.7m先を63.1km/h,後続列車なし,0.2,ノコギリ運転と速度不足の惰行により定時性と省エネが損なわれ、上限0.5点以下に抑えて0.2点とした。
48.0,Train11,巡航フェーズ（駅間走行中）,力行（加速）中,1.0,惰行,1.0,70.0,69.99786376953125,54.77163046536548,70.0,1686.884970675525,30.0,172.939987599624,0.0,-6.7,この先制限速度なし,この先目立った勾配なし,前方569.0m先を62.9km/h,後続列車なし,1.0,巡航フェーズでrequired_speed未達のため加速が適切で、速度・信号遵守、間隔安全、ノコギリ運転なしと評価し最高点とした。
49.0,Train11,巡航フェーズ（駅間走行中）,力行（加速）中,2.0,惰行,1.0,70.0,69.99786376953125,55.68090218561954,70.0,1671.542713759063,30.0,178.61414142806433,0.0,-6.7,この先制限速度なし,この先目立った勾配なし,前方571.2m先を63.4km/h,後続列車なし,1.0,巡航フェーズでrequired_speed未達のため加速は適切で、速度・信号遵守、間隔も問題なく評価が高く1.0とした。
50.0,Train11,巡航フェーズ（駅間走行中）,力行（加速）中,3.0,惰行,1.0,70.0,69.99786376953125,56.57454362781442,70.0,1655.9500793953496,30.0,184.2750878948508,0.0,-6.7,この先制限速度なし,この先目立った勾配なし,前方573.2m先を63.2km/h,後続列車なし,1.0,現在の速度がrequired_speed未満であり、加速が必要なため力行は適切で、制限速度・CBTC遵守、間隔・エネルギー面でも問題なし。
51.0,Train11,巡航フェーズ（駅間走行中）,力行（加速）中,4.0,惰行,1.0,70.0,69.99786376953125,57.45278912914485,70.0,1640.111376403926,30.0,172.97853001019064,0.0,0.0,この先制限速度なし,この先目立った勾配なし,前方574.9m先を63.0km/h,後続列車なし,1.0,巡航フェーズでrequired_speed未達のため加速は妥当で、速度・信号遵守、ノコギリ運転なしと評価し最高点とした。
52.0,Train11,巡航フェーズ（駅間走行中）,力行（加速）中,5.0,惰行,1.0,70.0,69.99786376953125,58.08384678146585,70.0,1624.063166226378,30.0,176.7249375281477,0.0,0.0,この先制限速度なし,この先目立った勾配なし,前方576.4m先を63.5km/h,後続列車なし,1.0,現在速度がrequired_speed未満であり、加速は定時到達に必要で制限・信号を遵守しているため評価は高く、ノコギリ運転等の問題はなし。
53.0,Train11,巡航フェーズ（駅間走行中）,力行（加速）中,6.0,惰行,1.0,70.0,69.99786376953125,58.70166807167534,70.0,1607.8418480940222,30.0,180.42956072901416,0.0,0.0,この先制限速度なし,この先目立った勾配なし,前方577.8m先を63.3km/h,後続列車なし,1.0,巡航フェーズでrequired_speed未達のため加速は合理的で、速度・信号・制限速度を遵守し、ノコギリ運転に該当せず、間隔も問題ないため高評価とした。
54.0,Train11,巡航フェーズ（駅間走行中）,力行（加速）中,7.0,惰行,1.0,70.0,69.99786376953125,59.308788773242064,70.0,1591.450417938713,30.0,184.10540960717972,0.0,0.0,この先制限速度なし,この先目立った勾配なし,前方579.0m先を63.1km/h,後続列車なし,1.0,巡航フェーズでrequired_speed未達のため加速は適切で、速度・信号・制限を遵守し、ノコギリ運転もなく、評価項目に問題がないため最高評価とした。
55.0,Train11,巡航フェーズ（駅間走行中）,力行（加速）中,8.0,惰行,1.0,70.0,69.99786376953125,59.90537836861955,70.0,1574.8918243225703,30.0,187.75159697858768,0.0,0.0,この先制限速度なし,この先目立った勾配なし,前方579.9m先を62.9km/h,後続列車なし,1.0,巡航フェーズでrequired_speed未達のため加速は必要かつ適切で、速度・信号・制限を遵守し、ノコギリ運転や間隔問題もなく省エネ的にも許容範囲であるため高評価とした。
56.0,Train11,巡航フェーズ（駅間走行中）,力行（加速）中,9.0,惰行,1.0,70.0,69.99786376953125,60.49160422529418,70.0,1558.1689690260382,30.0,191.367300192368,0.0,0.0,この先制限速度なし,この先目立った勾配なし,前方580.7m先を63.1km/h,後続列車なし,1.0,巡航フェーズでrequired_speed未達のため加速は適切で、速度・信号制限を遵守し、ノコギリ運転もなく間隔問題もなしと判断し最高評価とした。
57.0,Train11,巡航フェーズ（駅間走行中）,力行（加速）中,10.0,惰行,1.0,70.0,69.99786376953125,61.0676316009676,70.0,1541.28470763467,30.0,194.95175833986,0.0,0.0,この先制限速度なし,この先目立った勾配なし,前方581.2m先を62.4km/h,後続列車なし,1.0,巡航フェーズでrequired_speed未達のため加速は適切で、制限速度・CBTC信号遵守、ノコギリ運転なしと評価し最高点とした。
58.0,Train11,巡航フェーズ（駅間走行中）,力行（加速）中,11.0,惰行,1.0,70.0,69.99786376953125,61.63362364966781,70.0,1524.2418501243478,30.0,198.50426980228468,0.0,0.0,この先制限速度なし,この先目立った勾配なし,前方581.6m先を62.5km/h,後続列車なし,1.0,上位項目すべてで問題なく、必要速度未達に対する加速は適切であるため最高評価とした。
59.0,Train11,巡航フェーズ（駅間走行中）,力行（加速）中,12.0,惰行,1.0,70.0,69.99786376953125,62.18974142874508,70.0,1507.0431614446989,30.0,202.0241896597275,0.0,0.0,この先制限速度なし,499m先に上り勾配12.5‰あり,前方581.7m先を62.6km/h,後続列車なし,1.0,巡航フェーズでrequired_speed未達のため加速は適切で、制限速度・CBTC遵守、ノコギリ運転なし、停車位置余裕、列車間隔問題なく、エネルギー効率も許容範囲内のためreward=1.0とした。
60.0,Train11,巡航フェーズ（駅間走行中）,力行（加速）中,13.0,惰行,1.0,70.0,69.99786376953125,62.736143906711725,70.0,1489.6913621003805,30.0,205.51092727782665,0.0,0.0,この先制限速度なし,482m先に上り勾配12.5‰あり,前方581.8m先を62.7km/h,後続列車なし,1.0,巡航フェーズでrequired_speed未達のため加速は適切で、制限速度・CBTC遵守、ノコギリ運転なし、即時減点要因がなく最高評価とした。
61.0,Train11,巡航フェーズ（駅間走行中）,力行（加速）中,14.0,惰行,1.0,70.0,69.99786376953125,63.27298797188407,70.0,1472.1891287301858,30.0,208.9639439565938,0.0,0.0,この先制限速度なし,464m先に上り勾配12.5‰あり,前方581.7m先を62.8km/h,後続列車なし,1.0,巡航フェーズでrequired_speed未達のため加速は適切で、速度・信号遵守、ノコギリ運転なしと評価し最高点とした。
62.0,Train11,巡航フェーズ（駅間走行中）,力行（加速）中,15.0,惰行,1.0,70.0,69.99786376953125,63.80042844178843,70.0,1454.5390946834934,31.0,212.3827506999565,0.0,0.0,この先制限速度なし,446m先に上り勾配12.5‰あり,前方581.5m先を62.9km/h,後続列車なし,1.0,巡航フェーズでrequired_speed未達のため加速は適切で、速度・信号遵守、ノコギリ運転なし、間隔問題もなく最高評価とした。
63.0,Train11,巡航フェーズ（駅間走行中）,力行（加速）中,16.0,惰行,1.0,70.0,69.99786376953125,64.31861807329136,70.0,1436.743850594116,31.0,215.7669060099653,0.0,0.0,この先制限速度なし,428m先に上り勾配12.5‰あり,前方581.2m先を63.0km/h,後続列車なし,1.0,適切に加速しており、制限速度・信号遵守、間隔安全、ノコギリ運転なしで定時性も保たれるため最高評価とします。
64.0,Train11,巡航フェーズ（駅間走行中）,力行（加速）中,17.0,惰行,1.0,70.0,69.99786376953125,64.82770757341777,70.0,1418.8059449512346,31.0,219.1160137636414,0.0,0.0,この先制限速度なし,410m先に上り勾配12.5‰あり,前方580.7m先を62.4km/h,後続列車なし,1.0,巡航フェーズでrequired_speed未達のため加速は適切で、速度・信号制限を遵守し、即時0点条件もなく、ノコギリ運転でもないため最高評価とした。
65.0,Train11,巡航フェーズ（駅間走行中）,力行（加速）中,18.0,惰行,1.0,70.0,69.99786376953125,65.32784561082055,70.0,1400.7278846671838,31.0,222.4297211795624,0.0,0.0,この先制限速度なし,392m先に上り勾配12.5‰あり,前方580.0m先を62.5km/h,後続列車なし,1.0,巡航フェーズでrequired_speed未達のため加速は適切で、制限・信号違反なくノコギリ運転もなく、全体的に評価は最高です。
66.0,Train11,巡航フェーズ（駅間走行中）,力行（加速）中,19.0,惰行,1.0,70.0,69.99786376953125,65.81917882786666,70.0,1382.5121356419636,31.0,225.707716848558,0.0,0.0,この先制限速度なし,374m先に上り勾配12.5‰あり,前方579.1m先を62.6km/h,後続列車なし,1.0,全ての評価項目で安全・速度・信号遵守が確認され、不要なノコギリ運転もなく、適切な加速であるため最高評価とした。
67.0,Train11,巡航フェーズ（駅間走行中）,力行（加速）中,20.0,惰行,1.0,70.0,69.99786376953125,66.30185185330602,70.0,1364.1611233243473,31.0,228.94972883343567,0.0,0.0,この先制限速度なし,355m先に上り勾配12.5‰あり,前方578.2m先を62.8km/h,後続列車なし,1.0,巡航フェーズでrequired_speed未達のため加速が必要であり、速度・CBTC遵守、ノコギリ運転なし、間隔問題もなく適切と判断した。
68.0,Train11,巡航フェーズ（駅間走行中）,力行（加速）中,21.0,惰行,1.0,70.0,69.99786376953125,66.7760073154896,70.0,1345.6772332693704,32.0,232.1555228358912,0.0,0.0,この先制限速度なし,337m先に上り勾配12.5‰あり,前方577.2m先を63.3km/h,後続列車なし,1.0,巡航フェーズでrequired_speed未達のため加速が適切で、速度・信号・制限を遵守し、ノコギリ運転もなく評価は最高点とした。
69.0,Train11,巡航フェーズ（駅間走行中）,力行（加速）中,22.0,惰行,1.0,70.0,69.99786376953125,67.24178585610555,70.0,1327.0628116920946,32.0,235.32490042468947,0.0,0.0,この先制限速度なし,318m先に上り勾配12.5‰あり,前方576.2m先を63.1km/h,後続列車なし,1.0,制限速度・CBTC遵守かつ加速が必要速度未達であり、ノコギリ運転や過加速がなく、停止位置も十分確保されているため最高評価とした。
70.0,Train11,巡航フェーズ（駅間走行中）,力行（加速）中,23.0,惰行,1.0,70.0,69.99786376953125,67.69932614440224,70.0,1308.3201660174773,32.0,238.45769733122413,0.0,0.0,この先制限速度なし,299m先に上り勾配12.5‰あり,前方574.9m先を62.9km/h,後続列車なし,1.0,巡航フェーズでrequired_speed未達のため加速が適切で、速度・信号遵守、ノコギリ運転なし、間隔問題もなく評価は最高とした。
71.0,Train11,巡航フェーズ（駅間走行中）,力行（加速）中,24.0,惰行,1.0,70.0,69.99786376953125,68.14902242270972,70.0,1289.4515572392074,32.0,241.55556123579603,0.0,0.0,この先制限速度なし,280m先に上り勾配12.5‰あり,前方573.6m先を63.4km/h,後続列車なし,1.0,巡航フェーズでrequired_speed未達のため加速は適切、速度・信号制限遵守、ノコギリ運転なし、間隔問題もなくエネルギー過剰でもないためreward=1.0とした。
72.0,Train11,巡航フェーズ（駅間走行中）,力行（加速）中,25.0,惰行,1.0,70.0,69.99786376953125,68.59442382580777,70.0,1270.4587193045106,33.0,244.64215317264308,0.0,0.0,この先制限速度なし,261m先に上り勾配12.5‰あり,前方572.2m先を63.2km/h,後続列車なし,1.0,巡航フェーズでrequired_speed未達のため適切に力行し、速度・信号・間隔すべて遵守しているため高評価。
73.0,Train11,巡航フェーズ（駅間走行中）,力行（加速）中,26.0,惰行,1.0,70.0,69.99786376953125,69.03663485806993,70.0,1251.342606627368,33.0,247.72463557436163,0.0,0.0,この先制限速度なし,242m先に上り勾配12.5‰あり,前方570.6m先を63.0km/h,後続列車なし,1.0,巡航フェーズで必要速度未達のため力行は適切で、速度・信号・区間条件すべて遵守しているため最高評価とした。
74.0,Train11,巡航フェーズ（駅間走行中）,力行（加速）中,27.0,惰行,1.0,70.0,69.99786376953125,69.47566987744509,70.0,1232.1041034096431,33.0,250.80268996309155,0.0,0.0,この先制限速度なし,222m先に上り勾配12.5‰あり,前方568.8m先を62.7km/h,後続列車なし,1.0,制限速度・信号遵守し、required_speed未達のため適切に力行を継続、ノコギリ運転なしで安全かつ省エネ運転と判断。
75.0,Train11,巡航フェーズ（駅間走行中）,力行（加速）中,28.0,惰行,1.0,70.0,69.99786376953125,69.91154332178084,70.0,1212.7440898536647,33.0,253.8760047739841,0.0,0.0,この先制限速度なし,203m先に上り勾配12.5‰あり,前方566.8m先を62.5km/h,後続列車なし,1.0,巡航フェーズで速度がrequired_speed未満のため加速は適切で、制限速度・CBTC遵守、ノコギリ運転なし、間隔問題もなく評価は最高とした。
76.0,Train11,巡航フェーズ（駅間走行中）,ブレーキ（減速）中,1.0,力行（加速）,28.0,70.0,69.99786376953125,70.34426970583047,70.0,1193.2634421403811,34.0,256.94427528556923,0.0,0.0,この先制限速度なし,183m先に上り勾配12.5‰あり,前方564.7m先を62.3km/h,後続列車なし,0.0,現在速度が制限速度70.0km/hを0.3km/h上回っており、即時ゼロルール（制限速度超過）に該当するため、他の評価に関わらずrewardは0.0とした。
77.0,Train11,巡航フェーズ（駅間走行中）,力行（加速）中,1.0,ブレーキ（減速）,1.0,70.0,69.99786376953125,69.23423954519707,70.0,1173.8791785398028,34.0,249.1078509528521,0.0,0.0,この先制限速度なし,164m先に上り勾配12.5‰あり,前方562.6m先を62.1km/h,後続列車なし,0.0,ブレーキから1秒で力行への切替が7秒未満で反転し、ノコギリ運転と判定され上限0点となったためrewardは0.0とした。
78.0,Train11,巡航フェーズ（駅間走行中）,力行（加速）中,2.0,ブレーキ（減速）,1.0,70.0,69.99786376953125,69.67185260787862,70.0,1154.5859847504223,34.0,252.1838144715899,0.0,0.0,この先制限速度なし,145m先に上り勾配12.5‰あり,前方560.5m先を61.9km/h,後続列車なし,0.0,前ノッチがブレーキ1秒で、現在の力行が2秒と短時間で反転したためノコギリ運転と判定され、上限0.0点となった。
79.0,Train11,巡航フェーズ（駅間走行中）,ブレーキ（減速）中,1.0,力行（加速）,2.0,70.0,69.99786376953125,70.10631060614932,70.0,1135.171674698256,34.0,255.25490070359285,0.0,0.0,この先制限速度なし,125m先に上り勾配12.5‰あり,前方558.2m先を61.5km/h,後続列車なし,0.0,制限速度70km/hを0.1km/h超過し、CBTC信号速度も同様に超過しているため、即時ゼロ規則が適用されrewardは0.0となる。
80.0,Train11,巡航フェーズ（駅間走行中）,力行（加速）中,1.0,ブレーキ（減速）,1.0,70.0,69.99786376953125,68.99719209180263,70.0,1115.8533826160378,35.0,247.4489676031492,0.0,0.0,この先制限速度なし,106m先に上り勾配12.5‰あり,前方556.0m先を61.8km/h,後続列車なし,0.0,前ブレーキから1秒で加速へ切替え、保持時間が2秒未満のノコギリ運転と判定され、エネルギー無駄と評価し、上限0点となった。
81.0,Train11,巡航フェーズ（駅間走行中）,力行（加速）中,2.0,ブレーキ（減速）,1.0,70.0,69.99786376953125,69.43651073766571,70.0,1096.6257959058687,35.0,250.5274310254136,0.0,0.0,この先制限速度なし,87m先に上り勾配12.5‰あり,前方553.9m先を61.4km/h,後続列車なし,0.0,ノコギリ運転と判定され、ブレーキ→力行への切替が2秒未満で合理的理由がなく、prev_notch_durationが2秒未満のためreward上限が0.0点となった。
82.0,Train11,巡航フェーズ（駅間走行中）,力行（加速）中,3.0,ブレーキ（減速）,1.0,70.0,69.99786376953125,69.87266651330492,70.0,1077.2766202538442,35.0,253.60118249142684,0.0,0.0,この先制限速度なし,67m先に上り勾配12.5‰あり,前方551.6m先を61.0km/h,後続列車なし,0.0,持続時間が7秒未満のブレーキから3秒の力行への不合理な切替がノコギリ運転と判定され、上限0点となったためrewardは0.0とした。
83.0,Train11,巡航フェーズ（駅間走行中）,ブレーキ（減速）中,1.0,力行（加速）,3.0,70.0,69.99786376953125,70.30567392671276,70.0,1057.8067322016338,35.0,256.66991664986807,0.0,0.0,この先制限速度なし,48m先に上り勾配12.5‰あり,前方549.0m先を60.5km/h,後続列車なし,0.0,現在速度が制限速度70.0km/hを0.3km/h上回っており、即時0点ルールに該当するため、他の評価に関わらずrewardは0.0と判定した。
84.0,Train11,巡航フェーズ（駅間走行中）,力行（加速）中,1.0,ブレーキ（減速）,1.0,70.0,69.99786376953125,69.19579179791091,70.0,1038.433168828789,36.0,248.83844012424376,0.0,0.0,この先制限速度なし,29m先に上り勾配12.5‰あり,前方546.3m先を60.1km/h,後続列車なし,0.0,ブレーキから力行への短時間切替がノコギリ運転と判定され、prev_notch_durationが2秒未満のためreward上限は0.0となった。
85.0,Train11,巡航フェーズ（駅間走行中）,力行（加速）中,2.0,ブレーキ（減速）,1.0,70.0,69.99786376953125,69.63368166171301,70.0,1019.150616110874,36.0,251.9148158995715,0.0,0.0,この先制限速度なし,9m先に上り勾配12.5‰あり,前方543.7m先を59.7km/h,後続列車なし,0.0,ブレーキから2秒で力行へ切替え、保持時間が7秒未満でノコギリ運転と判定され、上限が0.0点となったため。
86.0,Train11,巡航フェーズ（駅間走行中）,ブレーキ（減速）中,1.0,力行（加速）,2.0,70.0,69.99786376953125,70.06841519147932,70.0,999.7468704189208,36.0,218.8823685076016,0.0,12.5,この先制限速度なし,この先目立った勾配なし,前方540.8m先を59.3km/h,後続列車なし,0.0,制限速度70.0km/hを0.1km/h超過し即時0点対象となり、さらに不要なブレーキでノコギリ運転と判定されたためreward=0.0。
87.0,Train11,巡航フェーズ（駅間走行中）,力行（加速）中,1.0,ブレーキ（減速）,1.0,70.0,69.99786376953125,68.74354920087482,70.0,980.4540815428096,37.0,210.86407120407068,0.0,12.5,この先制限速度なし,この先目立った勾配なし,前方537.9m先を58.8km/h,後続列車なし,0.0,ブレーキから力行への持続時間1秒の短時間反転が2秒未満でノコギリ運転と判定され、reward上限が0.0点に設定されたため0.0とした。
88.0,Train11,巡航フェーズ（駅間走行中）,力行（加速）中,2.0,ブレーキ（減速）,1.0,70.0,69.99786376953125,68.74525848521735,70.0,961.3584111499414,37.0,210.8743256073982,0.0,12.5,この先制限速度なし,この先目立った勾配なし,前方535.1m先を58.4km/h,後続列車なし,0.0,ブレーキ→力行への2秒未満の切替が合理的理由なくノコギリ運転と判定され、上限0点のためreward=0.0。
89.0,Train11,巡航フェーズ（駅間走行中）,力行（加速）中,3.0,ブレーキ（減速）,1.0,70.0,69.99786376953125,68.74695551470506,70.0,942.2622676769982,37.0,210.88450672249044,0.0,12.5,この先制限速度なし,この先目立った勾配なし,前方532.2m先を58.0km/h,後続列車なし,0.0,持続時間が7秒未満でブレーキから加速への不合理な切替があり、ノコギリ運転と判定されreward上限が0点となったため。
90.0,Train11,巡航フェーズ（駅間走行中）,力行（加速）中,4.0,ブレーキ（減速）,1.0,70.0,69.99786376953125,68.74864037707509,70.0,923.165654515774,37.0,210.89461507073344,0.0,12.5,この先制限速度なし,この先目立った勾配なし,前方529.2m先を57.6km/h,後続列車なし,0.0,ノコギリ運転に該当し、下り勾配で不要な力行と判断したためrewardを0.0とした。
91.0,Train11,巡航フェーズ（駅間走行中）,力行（加速）中,5.0,ブレーキ（減速）,1.0,70.0,69.99786376953125,68.75031315943812,70.0,904.0685750337972,38.0,210.9046511697195,0.0,12.5,この先制限速度なし,この先目立った勾配なし,前方526.0m先を57.2km/h,後続列車なし,0.0,前ノッチが1秒での減速→加速の反転が条件を満たし、2秒未満のノコギリ運転と判定されたためreward上限は0.0点となる。
92.0,Train11,巡航フェーズ（駅間走行中）,力行（加速）中,6.0,ブレーキ（減速）,1.0,70.0,69.99786376953125,68.75197394828301,70.0,884.971032574473,38.0,210.9146155331149,0.0,12.5,この先制限速度なし,この先目立った勾配なし,前方522.7m先を56.8km/h,後続列車なし,0.0,ブレーキから6秒未満の力行への反転が条件を満たすノコギリ運転と判定され、prev_notch_durationが1秒で上限0点となったためrewardは0.0とした。
93.0,Train11,巡航フェーズ（駅間走行中）,力行（加速）中,7.0,ブレーキ（減速）,1.0,70.0,69.99786376953125,68.75362282948112,70.0,865.8730304572692,38.0,210.92450867186804,0.0,12.5,この先制限速度なし,この先目立った勾配なし,前方519.2m先を55.5km/h,後続列車なし,1.0,現在速度がrequired_speed未満であり、下り勾配でも加速が必要なため力行は適切で、違反項目はなく安全かつ効率的と判断した。
94.0,Train11,巡航フェーズ（駅間走行中）,力行（加速）中,8.0,ブレーキ（減速）,1.0,70.0,69.99786376953125,68.75525988829064,70.0,846.7745719779102,39.0,210.9343310928168,0.0,12.5,この先制限速度なし,この先目立った勾配なし,前方515.3m先を54.2km/h,後続列車なし,0.4,下り勾配で制限速度−10km/h以上の速度であるにもかかわらず力行を続け、エネルギー効率が低下しているため減点した。
95.0,Train11,巡航フェーズ（駅間走行中）,力行（加速）中,9.0,ブレーキ（減速）,1.0,70.0,69.99786376953125,68.75688520936104,70.0,827.675660408488,39.0,210.94408329922587,0.0,12.5,この先制限速度なし,この先目立った勾配なし,前方511.1m先を52.9km/h,後続列車なし,1.0,巡航フェーズでrequired_speed未達のため加速は適切で、速度・CBTC制限を遵守し、ノコギリ運転もなく評価は最高点とした。
96.0,Train11,巡航フェーズ（駅間走行中）,力行（加速）中,10.0,ブレーキ（減速）,1.0,70.0,69.99786376953125,68.75849887673745,70.0,808.5762989976644,39.0,245.78376602112,0.0,0.0,この先制限速度なし,199m先に上り勾配6.1‰あり,前方506.5m先を51.7km/h,後続列車なし,1.0,巡航フェーズで速度がrequired_speed未満のため加速は適切で、制限速度・CBTC遵守、停止距離余裕、間隔も問題なく、ノコギリ運転なしと評価し最高点とした。
97.0,Train11,巡航フェーズ（駅間走行中）,力行（加速）中,11.0,ブレーキ（減速）,1.0,70.0,69.99786376953125,68.76892065689961,70.0,789.4764542217558,40.0,245.85636276485,0.0,0.0,この先制限速度なし,180m先に上り勾配6.1‰あり,前方501.6m先を50.4km/h,後続列車なし,1.0,巡航フェーズでrequired_speed未達のため加速は適切、速度・信号制限遵守、ノコギリ運転なし、列車間隔も適正なので高評価としreward=1.0。
98.0,Train11,巡航フェーズ（駅間走行中）,力行（加速）中,12.0,ブレーキ（減速）,1.0,70.0,69.99786376953125,69.20987944286394,70.0,770.3120459959614,40.0,248.93713928828143,0.0,0.0,この先制限速度なし,161m先に上り勾配6.1‰あり,前方496.3m先を49.2km/h,後続列車なし,1.0,全項目で問題なく、巡航フェーズで必要速度未達のための加速は適切であり、速度・信号遵守・即時ゼロ規則違反なし。
99.0,Train11,巡航フェーズ（駅間走行中）,力行（加速）中,13.0,ブレーキ（減速）,1.0,70.0,69.99786376953125,69.64766789135157,70.0,751.0255942803781,40.0,252.0133643135182,0.0,0.0,この先制限速度なし,141m先に上り勾配6.1‰あり,前方490.5m先を47.9km/h,後続列車なし,1.0,巡航フェーズでrequired_speed未満のため加速は適切、速度・信号・制限遵守、ノコギリ運転なし、間隔問題もなく高評価とした。
100.0,Train11,巡航フェーズ（駅間走行中）,ブレーキ（減速）中,1.0,力行（加速）,13.0,70.0,69.99786376953125,70.08230047084655,70.0,731.6179776965087,40.0,255.0847289790547,0.0,0.0,この先制限速度なし,122m先に上り勾配6.1‰あり,前方484.2m先を46.6km/h,後続列車なし,0.0,制限速度とCBTC信号速度を0.1km/h超過したため即時0点とした。
101.0,Train11,巡航フェーズ（駅間走行中）,力行（加速）中,1.0,ブレーキ（減速）,1.0,70.0,69.99786376953125,68.97327380504726,70.0,712.3063421769373,40.0,247.2818705671582,0.0,0.0,この先制限速度なし,103m先に上り勾配6.1‰あり,前方477.7m先を45.4km/h,後続列車なし,0.0,ブレーキから1秒で力行への反転が2秒未満で行われ、合理的理由がなくノコギリ運転と判定され、上限0.0点となったためrewardは0.0です。
102.0,Train11,巡航フェーズ（駅間走行中）,力行（加速）中,2.0,ブレーキ（減速）,1.0,70.0,69.99786376953125,69.41276441060666,70.0,693.0853752950945,41.0,250.36058069688784,0.0,0.0,この先制限速度なし,83m先に上り勾配6.1‰あり,前方470.9m先を44.2km/h,後続列車なし,1.0,巡航フェーズでrequired_speed未達のため加速は適切で、制限速度・信号遵守、停止位置も確保できているため最高評価とした。
103.0,Train11,巡航フェーズ（駅間走行中）,力行（加速）中,3.0,ブレーキ（減速）,1.0,70.0,69.99786376953125,69.84909136124332,70.0,673.7427718147942,41.0,253.43459562498447,0.0,0.0,この先制限速度なし,64m先に上り勾配6.1‰あり,前方463.6m先を42.9km/h,後続列車なし,0.0,ブレーキ→力行への短時間切替が条件を満たしノコギリ運転と判定され、prev_notch_durationが2秒未満のためreward上限は0.0となった。
104.0,Train11,巡航フェーズ（駅間走行中）,ブレーキ（減速）中,1.0,力行（加速）,3.0,70.0,69.99786376953125,70.28226916084031,70.0,654.2794084962367,41.0,256.503609631284,0.0,0.0,この先制限速度なし,44m先に上り勾配6.1‰あり,前方455.9m先を41.7km/h,後続列車なし,0.0,現在速度が制限速度70.0km/hを0.3km/h超過しており、即時0点ルールに該当するためrewardは0.0とした。
105.0,Train11,巡航フェーズ（駅間走行中）,力行（加速）中,1.0,ブレーキ（減速）,1.0,70.0,69.99786376953125,69.17247676807546,70.0,634.9123338250387,41.0,248.67513306114247,0.0,0.0,この先制限速度なし,25m先に上り勾配6.1‰あり,前方448.0m先を40.4km/h,後続列車なし,0.0,ブレーキ→力行の短時間切替に合理的理由がなくノコギリ運転と判定され、上限0.0点となった。
106.0,Train11,巡航フェーズ（駅間走行中）,力行（加速）中,2.0,ブレーキ（減速）,1.0,70.0,69.99786376953125,69.6105344551892,70.0,615.6362339446489,41.0,251.75175755287304,0.0,0.0,この先制限速度なし,6m先に上り勾配6.1‰あり,前方439.8m先を39.9km/h,後続列車なし,0.0,ノコギリ運転と判定され、prev_notch_durationが1秒未満のため上限0.0点となり、他の評価に関わらずrewardは0.0とした。
107.0,Train11,巡航フェーズ（駅間走行中）,ブレーキ（減速）中,1.0,力行（加速）,2.0,70.0,69.99786376953125,70.04543503902897,70.0,596.2388945804555,41.0,235.8392129270345,0.0,6.1,この先制限速度なし,386m先に上り勾配9.2‰あり,前方431.5m先を39.5km/h,後続列車なし,0.2,不要なブレーキと2秒未満の力行→ブレーキの反転でノコギリ運転と判定され、上限0.3点に抑えエネルギー効率低下で0.2点とした。
108.0,Train11,巡航フェーズ（駅間走行中）,力行（加速）中,1.0,ブレーキ（減速）,1.0,70.0,69.99786376953125,68.79254135834888,70.0,576.9510860739935,41.0,227.67664315775545,0.0,6.1,この先制限速度なし,367m先に上り勾配9.2‰あり,前方423.0m先を38.1km/h,後続列車なし,0.0,ブレーキ→力行への短時間切替が条件を満たしノコギリ運転と判定、prev_notch_durationが2秒未満のためreward上限0.0点となった。
109.0,Train11,巡航フェーズ（駅間走行中）,ブレーキ（減速）中,1.0,力行（加速）,1.0,70.0,69.99786376953125,69.0188884570821,69.4,557.8102576065725,41.0,229.1413590966068,0.0,6.1,この先制限速度なし,348m先に上り勾配9.2‰あり,前方414.2m先を36.8km/h,後続列車なし,0.0,ブレーキへの短時間反転が2秒未満のノコギリ運転と判定され、上限0.0点となったため。
110.0,Train11,巡航フェーズ（駅間走行中）,ブレーキ（減速）中,2.0,力行（加速）,1.0,70.0,69.99786376953125,67.69909820440472,68.5,538.823596894705,41.0,220.6627058150958,0.0,6.1,この先制限速度なし,330m先に上り勾配9.2‰あり,前方405.3m先を35.5km/h,後続列車なし,0.0,必要速度未達でブレーキし、1秒の加速から2秒の減速への短時間反転がノコギリ運転と判定され上限0.0点となったため。
111.0,Train11,巡航フェーズ（駅間走行中）,ブレーキ（減速）中,3.0,力行（加速）,1.0,70.0,69.99786376953125,66.38425093788487,66.4,520.202849008733,41.0,212.3647085706617,0.0,6.1,この先制限速度なし,311m先に上り勾配9.2‰あり,前方396.3m先を34.1km/h,後続列車なし,0.0,加速→減速への短時間切替が1.0秒で行われ、必要速度を満たす巡航中に不必要なブレーキを行ったためノコギリ運転と判定され、上限点が0点となった。
112.0,Train11,巡航フェーズ（駅間走行中）,ブレーキ（減速）中,4.0,力行（加速）,1.0,70.0,69.99786376953125,65.07425278945162,65.1,501.9466540922011,41.0,204.24581776604853,0.0,6.1,この先制限速度なし,294m先に上り勾配9.2‰あり,前方387.4m先を32.8km/h,後続列車なし,0.0,ブレーキへの短時間切替がノコギリ運転と判定され、prev_notch_durationが1秒で上限0点となったためrewardは0.0とした。
113.0,Train11,巡航フェーズ（駅間走行中）,ブレーキ（減速）中,5.0,力行（加速）,1.0,70.0,69.99786376953125,63.76901107107189,63.8,484.0536781968972,41.0,196.3045161089816,0.0,6.1,この先制限速度なし,276m先に上り勾配9.2‰あり,前方378.4m先を31.5km/h,後続列車なし,0.0,加速から5秒未満のブレーキへの反転が全条件を満たしノコギリ運転と判定され、上限が0.0点となったためrewardは0.0とした。
114.0,Train11,巡航フェーズ（駅間走行中）,ブレーキ（減速）中,6.0,力行（加速）,1.0,70.0,69.99786376953125,62.46843424619734,62.5,466.52261295911046,41.0,188.53931814849807,0.0,6.1,この先制限速度なし,259m先に上り勾配9.2‰あり,前方369.4m先を30.2km/h,後続列車なし,0.0,ブレーキが不要な巡航フェーズで減速し、保持時間が7秒未満の反転操作でノコギリ運転と判定され、reward上限が0.0となった。
115.0,Train11,巡航フェーズ（駅間走行中）,ブレーキ（減速）中,7.0,力行（加速）,1.0,70.0,69.99786376953125,61.17243190183471,61.2,449.352175283714,41.0,180.94876986245265,0.0,6.1,この先制限速度なし,242m先に上り勾配9.2‰あり,前方360.5m先を28.9km/h,後続列車なし,0.4,巡航フェーズで必要速度を満たすのに減速ブレーキを継続し、エネルギー効率と定時性が低下するため評価を低くし、0.4とした。
116.0,Train11,巡航フェーズ（駅間走行中）,ブレーキ（減速）中,8.0,力行（加速）,1.0,70.0,69.99786376953125,59.88091472122133,59.9,432.5411070358953,41.0,173.5314481871987,0.0,6.1,この先制限速度なし,226m先に上り勾配9.2‰あり,前方351.5m先を27.6km/h,後続列車なし,0.5,巡航フェーズでrequired_speedを満たすのに不必要なブレーキを続け省エネ性が低下したため、評価を減点し0.5とした。
117.0,Train11,巡航フェーズ（駅間走行中）,ブレーキ（減速）中,9.0,力行（加速）,1.0,70.0,69.99786376953125,58.59379445708727,58.6,416.088174740409,41.0,166.28596058637547,0.0,6.1,この先制限速度なし,209m先に上り勾配9.2‰あり,前方342.5m先を26.2km/h,後続列車なし,0.2,巡航フェーズで必要速度を満たすにも関わらずブレーキを掛け、停止位置まで余裕があるため早すぎる減速となり省エネ・定時性を損ねる。
118.0,Train11,次駅への減速フェーズ（駅手前400m以内）,ブレーキ（減速）中,10.0,力行（加速）,1.0,70.0,69.99786376953125,57.31098390548581,57.3,399.9921692882325,41.0,159.21094464142405,0.0,6.1,この先制限速度なし,194m先に上り勾配9.2‰あり,前方333.5m先を24.9km/h,後続列車なし,0.0,delta_stopが240.78mと大きく、減速フェーズで過早にブレーキをかけているため停止位置達成が不適切と判断し0.0とした。
119.0,Train11,次駅への減速フェーズ（駅手前400m以内）,ブレーキ（減速）中,11.0,力行（加速）,1.0,70.0,69.99786376953125,56.03239688017576,56.0,384.25190565024536,41.0,152.30506764307668,0.0,6.1,この先制限速度なし,178m先に上り勾配9.2‰あり,前方324.5m先を23.6km/h,後続列車なし,0.0,ブレーキ中にdelta_stopが231.95mと5mを超えており、停止位置達成が不適切なためrewardは0.0とした。
120.0,Train11,次駅への減速フェーズ（駅手前400m以内）,ブレーキ（減速）中,12.0,力行（加速）,1.0,70.0,69.99786376953125,54.7579481875382,54.8,368.8662225981645,41.0,145.5670261926512,0.0,6.1,この先制限速度なし,163m先に上り勾配9.2‰あり,前方315.5m先を22.3km/h,後続列車なし,0.0,次駅減速フェーズで必要ブレーキ距離より遠くで減速し、停止位置が確保できないため0.0とした。
121.0,Train11,次駅への減速フェーズ（駅手前400m以内）,ブレーキ（減速）中,13.0,力行（加速）,1.0,70.0,69.99786376953125,53.487553602011815,53.5,353.8339824322492,41.0,138.99554580775944,0.0,6.1,この先制限速度なし,149m先に上り勾配9.2‰あり,前方306.5m先を21.0km/h,後続列車なし,0.2,次駅減速フェーズで停止開始点より約215m手前でブレーキを掛けており、必要以上の減速で省エネ性が低く評価されるため低評価とした。
122.0,Train11,次駅への減速フェーズ（駅手前400m以内）,ブレーキ（減速）中,14.0,力行（加速）,1.0,70.0,69.99786376953125,52.221129842030514,52.2,339.1540707157254,41.0,132.58938055746256,0.0,6.1,この先制限速度なし,134m先に上り勾配9.2‰あり,前方297.5m先を19.7km/h,後続列車なし,0.1,減速フェーズでdelta_stopが206.56mと大きく、駅手前での早すぎるブレーキは停止位置達成に不適切であり、エネルギー効率も低下するため低評価とした。
123.0,Train11,次駅への減速フェーズ（駅手前400m以内）,ブレーキ（減速）中,15.0,力行（加速）,1.0,70.0,69.99786376953125,50.95859454644864,51.0,324.8253960160134,41.0,126.34731268079632,0.0,6.1,この先制限速度なし,120m先に上り勾配9.2‰あり,前方288.5m先を18.4km/h,後続列車なし,0.0,ブレーキが停止点まで約200m前に開始され、|delta_stop|が5mを超えているため大幅減点となりreward=0.0とした。
124.0,Train11,次駅への減速フェーズ（駅手前400m以内）,ブレーキ（減速）中,16.0,力行（加速）,1.0,70.0,69.99786376953125,49.69986625143847,49.7,310.84688965216856,41.0,120.2681522235431,0.0,6.1,この先制限速度なし,107m先に上り勾配9.2‰あり,前方279.4m先を17.1km/h,後続列車なし,0.2,次駅減速フェーズで必要ブレーキ距離よりはるか前に減速を開始し、定時性とエネルギー効率を著しく損なうため低評価とした。
125.0,Train11,次駅への減速フェーズ（駅手前400m以内）,ブレーキ（減速）中,17.0,力行（加速）,1.0,70.0,69.99786376953125,48.4448643678458,48.4,297.21750544887726,41.0,114.35073668947189,0.0,6.1,この先制限速度なし,93m先に上り勾配9.2‰あり,前方270.4m先を15.8km/h,後続列車なし,0.2,ブレーキが早すぎて停止位置が前倒しになり、先行列車との間隔も不足しているため評価を低くし、reward 0.2とした。
126.0,Train11,次駅への減速フェーズ（駅手前400m以内）,ブレーキ（減速）中,18.0,力行（加速）,1.0,70.0,69.99786376953125,47.19350915898927,47.2,283.93621949662065,41.0,108.59393069673042,0.0,6.1,この先制限速度なし,81m先に上り勾配9.2‰あり,前方261.3m先を14.6km/h,後続列車なし,0.0,ブレーキが停止点よりはるか手前でかかっており、停止位置達成に大幅減点となるためrewardは0.0とした。
127.0,Train11,次駅への減速フェーズ（駅手前400m以内）,ブレーキ（減速）中,19.0,力行（加速）,1.0,70.0,69.99786376953125,45.94572171889026,45.9,271.00202991793765,41.0,102.9966256428473,0.0,6.1,この先制限速度なし,68m先に上り勾配9.2‰あり,前方252.2m先を13.3km/h,後続列車なし,0.0,次駅減速フェーズでブレーキ開始が過早（delta_stop=168m）となり、停止位置が大幅に前方になるためrewardは0.0とした。
128.0,Train11,次駅への減速フェーズ（駅手前400m以内）,ブレーキ（減速）中,20.0,力行（加速）,1.0,70.0,69.1412353515625,44.70142395091985,44.7,258.413956639668,41.0,97.5577393781955,0.0,6.1,この先制限速度なし,56m先に上り勾配9.2‰あり,前方243.2m先を12.0km/h,後続列車なし,0.0,ブレーキが停止位置から160m以上離れた状態でかかっており、次駅減速フェーズでの適切なブレーキ開始条件を満たさないためrewardは0.0とした。
129.0,Train11,次駅への減速フェーズ（駅手前400m以内）,ブレーキ（減速）中,21.0,力行（加速）,1.0,70.0,67.462158203125,43.46053854684979,43.5,246.17104117104205,41.0,92.27621588776668,0.0,6.1,この先制限速度なし,44m先に上り勾配9.2‰あり,前方234.1m先を10.7km/h,後続列車なし,0.4,次駅減速フェーズで必要ブレーキ距離前にブレーキを開始し、早すぎる減速とエネルギー損失が評価を下げたため0.4とした。
130.0,Train11,次駅への減速フェーズ（駅手前400m以内）,ブレーキ（減速）中,22.0,力行（加速）,1.0,70.0,65.7403564453125,42.22298896629548,42.2,234.2723463876624,41.0,87.15102498111554,0.0,6.1,この先制限速度なし,32m先に上り勾配9.2‰あり,前方225.0m先を9.4km/h,後続列車なし,0.0,delta_stopが147mと大きく、必要以上に早くブレーキをかけており停止位置達成が不適切なためrewardを0.0とした。
131.0,Train11,次駅への減速フェーズ（駅手前400m以内）,ブレーキ（減速）中,23.0,力行（加速）,1.0,70.0,63.9715576171875,40.98869941653841,41.0,222.71695632101896,41.0,82.18116199033373,0.0,6.1,この先制限速度なし,21m先に上り勾配9.2‰あり,前方215.8m先を8.1km/h,後続列車なし,0.0,次駅減速フェーズでdelta_stopが140.5mと大きく、早すぎるブレーキにより停止位置が大幅に前方になるため大幅減点とし0.0とした。
132.0,Train11,次駅への減速フェーズ（駅手前400m以内）,惰行中,1.0,ブレーキ（減速）,23.0,70.0,62.15576171875,39.75759483271633,39.8,211.50397595350512,41.0,77.36564747247002,0.0,6.1,この先制限速度なし,10m先に上り勾配9.2‰あり,前方206.7m先を6.9km/h,後続列車なし,1.0,制限速度・CBTC信号を遵守し、現在速度がrequired_speedと一致した惰行で停止位置は十分に確保でき、間隔・エネルギー面でも問題なしと判断し高評価。
133.0,Train11,次駅への減速フェーズ（駅手前400m以内）,ブレーキ（減速）中,1.0,惰行,1.0,70.0,60.2587890625,39.39252978496146,39.4,200.5114314322327,41.0,73.14517494759173,0.0,9.2,この先制限速度なし,この先目立った勾配なし,前方197.4m先を5.6km/h,後続列車なし,0.0,ブレーキ開始がdelta_stop 127mと過早で、ノコギリ運転（惰行→減速）と判定され上限0点となるためrewardは0.0。
134.0,Train11,次駅への減速フェーズ（駅手前400m以内）,惰行中,1.0,ブレーキ（減速）,1.0,70.0,59.21630859375,38.16325818232802,38.2,189.74127445238764,42.0,68.69049884577856,0.0,9.2,この先制限速度なし,この先目立った勾配なし,前方188.0m先を4.3km/h,後続列車なし,0.0,ブレーキ→惰行への短時間切替が2秒未満で合理的理由がなく、ノコギリ運転と判定され上限0.0点となった。
135.0,Train11,次駅への減速フェーズ（駅手前400m以内）,ブレーキ（減速）中,1.0,惰行,1.0,70.0,57.10784912109375,37.69291748266885,37.7,179.20637441782006,42.0,67.02223228348372,0.0,9.2,この先制限速度なし,この先目立った勾配なし,前方178.5m先を3.0km/h,後続列車なし,0.0,次駅減速フェーズでdelta_stopが112mと大きく、早すぎるブレーキとノコギリ運転（1秒で惰行→減速）により評価上限が0.0となった。
136.0,Train11,次駅への減速フェーズ（駅手前400m以内）,ブレーキ（減速）中,2.0,惰行,1.0,70.0,54.89898681640625,36.3607539358012,36.4,168.923066825986,42.0,62.40603065156712,0.0,9.2,この先制限速度なし,この先目立った勾配なし,前方168.9m先を1.7km/h,後続列車なし,0.0,ブレーキが早すぎて停止位置が達成できず、2秒未満のノコギリ運転に該当するためrewardは0.0とした。
137.0,Train11,次駅への減速フェーズ（駅手前400m以内）,ブレーキ（減速）中,3.0,惰行,1.0,70.0,52.6068115234375,35.031758890296985,35.0,159.00935822611828,41.0,57.96155587581597,0.0,9.2,この先制限速度なし,この先目立った勾配なし,前方159.3m先を0.5km/h,後続列車なし,0.0,ブレーキが早すぎ、delta_stopが大きく適切な減速タイミングでない上、持続時間が短くノコギリ運転と判定され上限0.0点となった。
138.0,Train11,次駅への減速フェーズ（駅手前400m以内）,ブレーキ（減速）中,4.0,惰行,1.0,70.0,50.235595703125,33.70584772046725,33.7,149.46438036729148,40.0,53.68784512403294,0.0,9.2,この先制限速度なし,この先目立った勾配なし,前方149.8m先を0.0km/h,後続列車なし,0.0,惰行→減速への短時間切替（1秒）でノコギリ運転と判定され、上限0.0点となり、さらにブレーキ開始がdelta_stop>5mで過早なため評価は0.0。
139.0,Train11,次駅への減速フェーズ（駅手前400m以内）,ブレーキ（減速）中,5.0,惰行,1.0,70.0,47.843017578125,32.38293653375134,32.4,140.28728840232318,39.0,49.583964013333066,0.0,9.2,この先制限速度なし,この先目立った勾配なし,前方140.6m先を0.0km/h,後続列車なし,0.0,ブレーキが必要距離前に開始され、保持時間が7秒未満で惰行から減速への不合理な切替となり、ノコギリ運転と判定されたためrewardは0.0とした。
140.0,Train11,次駅への減速フェーズ（駅手前400m以内）,ブレーキ（減速）中,6.0,惰行,1.0,70.0,45.433349609375,31.062942148378426,31.1,131.47726068736532,38.0,45.64900628204055,0.0,9.2,この先制限速度なし,この先目立った勾配なし,前方131.8m先を0.0km/h,後続列車なし,0.0,前ノッチが1秒の惰行から6秒のブレーキへ2秒未満で反転し、ノコギリ運転と判定されたため、上限0.0点となりrewardは0.0とした。
141.0,Train11,次駅への減速フェーズ（駅手前400m以内）,ブレーキ（減速）中,7.0,惰行,1.0,70.0,43.00445556640625,29.745782071394377,29.7,123.03349858741086,37.0,41.88209350195662,0.0,9.2,この先制限速度なし,この先目立った勾配なし,前方123.3m先を0.0km/h,後続列車なし,1.0,全ての評価項目で基準を満たし、制限速度・CBTC遵守・停止位置も確保できているため最高評価とした。
142.0,Train11,次駅への減速フェーズ（駅手前400m以内）,ブレーキ（減速）中,8.0,惰行,1.0,70.0,40.545654296875,28.431374477042127,28.4,114.95522628810306,36.0,38.2823748113906,0.0,9.2,この先制限速度なし,この先目立った勾配なし,前方115.3m先を0.0km/h,後続列車なし,0.3,次駅減速フェーズで必要速度28.4km/hを維持すべきところ、早期にブレーキを掛けて速度を下げたため定時性と省エネ性が損なわれ、評価を低くした。
143.0,Train11,次駅への減速フェーズ（駅手前400m以内）,ブレーキ（減速）中,9.0,惰行,1.0,70.0,38.05694580078125,27.119638185482195,27.1,107.24169061337108,35.0,34.849026712907104,0.0,9.2,この先制限速度なし,この先目立った勾配なし,前方107.5m先を0.0km/h,後続列車なし,0.0,次駅減速フェーズでブレーキ開始が早すぎ、delta_stopが72.39mで停止位置が大幅に逸脱しているため大幅減点しreward=0.0とする。
144.0,Train11,次駅への減速フェーズ（駅手前400m以内）,ブレーキ（減速）中,9.1,惰行,1.0,70.0,35.52764892578125,25.81049264184169,25.8,99.89216084894892,34.0,31.58125274284089,0.0,9.2,この先制限速度なし,この先目立った勾配なし,前方100.2m先を0.0km/h,後続列車なし,0.0,次駅減速フェーズでdelta_stopが68.31mと大きく、早すぎるブレーキにより停止位置が確保できず大幅減点対象となるためreward=0.0
144.1,Train11,次駅への減速フェーズ（駅手前400m以内）,ブレーキ（減速）中,9.2,惰行,1.0,70.0,35.27130126953125,25.67971749539205,25.7,99.17720073108428,33.900000000000006,31.263552055849505,0.0,9.2,この先制限速度なし,この先目立った勾配なし,前方99.5m先を0.0km/h,後続列車なし,0.0,次駅減速フェーズでdelta_stopが67.9mと大きく、必要以上に早くブレーキを掛けているため停止位置適合性とエネルギー効率が著しく低下し、rewardは0.0とした。
144.2,Train11,次駅への減速フェーズ（駅手前400m以内）,惰行中,0.1,ブレーキ（減速）,9.2,70.0,35.01495361328125,25.548967376810094,25.5,98.4658728736214,33.80000000000001,30.94749864635762,0.0,9.2,この先制限速度なし,この先目立った勾配なし,前方98.8m先を0.0km/h,後続列車なし,1.0,減速フェーズでrequired_speedと一致した惰行を維持し、信号・制限速度を遵守、停止位置も十分に確保できているため高評価。
144.29999999999998,Train11,次駅への減速フェーズ（駅手前400m以内）,惰行中,0.2,ブレーキ（減速）,9.2,70.0,34.75860595703125,25.504634798156243,25.5,97.75685665803736,33.70000000000002,30.840696686296724,0.0,9.2,この先制限速度なし,この先目立った勾配なし,前方98.1m先を0.0km/h,後続列車なし,1.0,全ての上位評価項目を満たし、制限速度・CBTC遵守、停止位置も確保できているため高評価。
144.39999999999998,Train11,次駅への減速フェーズ（駅手前400m以内）,惰行中,0.3,ブレーキ（減速）,9.2,70.0,34.5001220703125,25.460310669123302,25.5,97.04907177385992,33.60000000000002,30.734097439445,0.0,9.2,この先制限速度なし,この先目立った勾配なし,前方97.3m先を0.0km/h,後続列車なし,1.0,制限速度・CBTC遵守かつdelta_stopが正で惰行が適切、ノコギリ運転なしと判断し最高評価とした。
144.49999999999997,Train11,次駅への減速フェーズ（駅手前400m以内）,惰行中,0.4,ブレーキ（減速）,9.2,70.0,34.239501953125,25.4159949795075,25.4,96.34251798652826,33.50000000000003,30.62770080761637,0.0,9.2,この先制限速度なし,この先目立った勾配なし,前方96.6m先を0.0km/h,後続列車なし,1.0,全ての上位評価項目で安全・信号遵守・停止位置確保が確認でき、ノコギリ運転もなく適切な惰行であるため最高評価とした。
144.59999999999997,Train11,次駅への減速フェーズ（駅手前400m以内）,惰行中,0.5,ブレーキ（減速）,9.2,70.0,33.9788818359375,25.37168771911191,25.4,95.63719506177648,33.400000000000034,30.52150667655352,0.0,9.2,この先制限速度なし,この先目立った勾配なし,前方95.9m先を0.0km/h,後続列車なし,1.0,現在の惰行はCBTC速度以下で制限速度を守り、停止位置も余裕があり、ノコギリ運転や不要な加速もなく適切な減速フェーズの操作と判断した。
144.69999999999996,Train11,次駅への減速フェーズ（駅手前400m以内）,惰行中,0.6,ブレーキ（減速）,9.2,70.0,33.71612548828125,25.32738887774645,25.3,94.93310276560152,33.30000000000004,30.41551493025501,0.0,9.2,この先制限速度なし,この先目立った勾配なし,前方95.2m先を0.0km/h,後続列車なし,1.0,現在速度は信号速度以下で停止距離も十分に確保され、必要速度と一致する惰行で適切に減速フェーズを進行しているため高評価とする。
144.79999999999995,Train11,次駅への減速フェーズ（駅手前400m以内）,惰行中,0.7,ブレーキ（減速）,9.2,70.0,33.45123291015625,25.283098445227875,25.3,94.23024086430942,33.200000000000045,30.30972545290258,0.0,9.2,この先制限速度なし,この先目立った勾配なし,前方94.5m先を0.0km/h,後続列車なし,1.0,惰行は速度制限・CBTC遵守、先行列車との安全距離を保ち、ノコギリ運転なしで適切と判断。
144.89999999999995,Train11,次駅への減速フェーズ（駅手前400m以内）,惰行中,0.7999999999999999,ブレーキ（減速）,9.2,70.0,33.18634033203125,25.23881641137976,25.2,93.52860912446914,33.10000000000005,30.20413812450316,0.0,9.2,この先制限速度なし,この先目立った勾配なし,前方93.8m先を0.0km/h,後続列車なし,1.0,制限速度・CBTC遵守、停止位置は十分に確保され、減速フェーズでの惰行は適切であるため最高評価とした。
144.99999999999994,Train11,次駅への減速フェーズ（駅手前400m以内）,惰行中,0.8999999999999999,ブレーキ（減速）,9.2,70.0,32.91717529296875,25.194542766032487,25.2,92.8282073129445,33.00000000000006,30.09875282511656,0.0,9.2,この先制限速度なし,この先目立った勾配なし,前方93.1m先を0.0km/h,後続列車なし,1.0,制限速度・信号遵守、停止位置に余裕があり、次駅減速フェーズで惰行は適切であり、ノコギリ運転や間隔問題はなく高評価とした。
145.09999999999994,Train11,次駅への減速フェーズ（駅手前400m以内）,惰行中,1.0,ブレーキ（減速）,9.2,70.0,32.64801025390625,25.150277499023225,25.2,92.12903519687644,32.90000000000006,29.99356945474699,0.0,9.2,この先制限速度なし,この先目立った勾配なし,前方92.4m先を0.0km/h,後続列車なし,1.0,現在速度は信号・制限速度以下で必要速度と一致し、停止距離も十分に残っているため惰行は適切であり、違反やノコギリ運転はなく高評価とする。
145.19999999999993,Train11,次駅への減速フェーズ（駅手前400m以内）,惰行中,1.1,ブレーキ（減速）,9.2,70.0,32.376708984375,25.10602060019596,25.1,91.43109254369008,32.80000000000007,29.888587898256333,0.0,9.2,この先制限速度なし,この先目立った勾配なし,前方91.7m先を0.0km/h,後続列車なし,1.0,現在速度は信号速度以下で制限内、停止距離に余裕があり減速フェーズで惰行は適切であるため高評価とした。
145.29999999999993,Train11,次駅への減速フェーズ（駅手前400m以内）,惰行中,1.2,ブレーキ（減速）,9.2,70.0,32.10540771484375,25.061772059401456,25.1,90.73437912109128,32.700000000000074,29.783808040688594,0.0,9.2,この先制限速度なし,この先目立った勾配なし,前方91.0m先を0.0km/h,後続列車なし,1.0,全ての上位評価項目で安全かつ適切に減速フェーズを遂行しており、即時0点要因もなく、評価は最高の1.0とした。
145.39999999999992,Train11,次駅への減速フェーズ（駅手前400m以内）,惰行中,1.3,ブレーキ（減速）,9.2,70.0,31.829833984375,25.017531866497222,25.0,90.0388946970665,32.60000000000008,29.67922976726953,0.0,9.2,この先制限速度なし,この先目立った勾配なし,前方90.3m先を0.0km/h,後続列車なし,1.0,次駅減速フェーズで信号速度以下の惰行を継続し、制限速度・CBTCを遵守、停止位置も確保できているため高評価。
145.49999999999991,Train11,次駅への減速フェーズ（駅手前400m以内）,惰行中,1.4,ブレーキ（減速）,9.2,70.0,31.55426025390625,24.97330001134757,25.0,89.34463903987577,32.500000000000085,29.57485295368748,0.0,9.2,この先制限速度なし,この先目立った勾配なし,前方89.6m先を0.0km/h,後続列車なし,1.0,次駅減速フェーズでdelta_stopが正であり、信号速度以下で惰行しているため停止位置達成が適切で、他項目に問題なし。
145.5999999999999,Train11,次駅への減速フェーズ（駅手前400m以内）,惰行中,1.5000000000000002,ブレーキ（減速）,9.2,70.0,31.2744140625,24.92907648382352,24.9,88.65161191808113,32.40000000000009,29.47067749403469,0.0,9.2,この先制限速度なし,この先目立った勾配なし,前方88.9m先を0.0km/h,後続列車なし,1.0,全ての上位評価項目で問題なく、減速フェーズで適切に惰行しているため高評価。
145.6999999999999,Train11,次駅への減速フェーズ（駅手前400m以内）,惰行中,1.6000000000000003,ブレーキ（減速）,9.2,70.0,30.99456787109375,24.88486127380285,24.9,87.95981310051104,32.3000000000001,29.36670328169616,0.0,9.2,この先制限速度なし,この先目立った勾配なし,前方88.3m先を0.0km/h,後続列車なし,1.0,減速フェーズで必要速度と一致する惰行を維持し、信号速度以下で安全距離を保ち、ノコギリ運転や速度超過がなく適切な操作と判断したためrewardは1.0とした。
145.7999999999999,Train11,次駅への減速フェーズ（駅手前400m以内）,惰行中,1.7000000000000004,ブレーキ（減速）,9.2,70.0,30.71258544921875,24.840654371170075,24.8,87.2692423562782,32.2000000000001,29.26293020257357,0.0,9.2,この先制限速度なし,この先目立った勾配なし,前方87.6m先を0.0km/h,後続列車なし,1.0,現在速度がrequired_speedと一致し、CBTC信号以下で惰行は減速開始前の適切な操作であり、違反やノコギリ運転はなく高評価とした。
145.8999999999999,Train11,次駅への減速フェーズ（駅手前400m以内）,惰行中,1.8000000000000005,ブレーキ（減速）,9.2,70.0,30.428466796875,24.79645576581642,24.8,86.57989945477951,32.10000000000011,29.159358142749536,0.0,9.2,この先制限速度なし,この先目立った勾配なし,前方86.9m先を0.0km/h,後続列車なし,1.0,全ての上位評価項目で制限速度・CBTC遵守、停止位置余裕があり、ノコギリ運転もなく省エネ的に適切な惰行であるため最高評価とした。
145.9999999999999,Train11,次駅への減速フェーズ（駅手前400m以内）,ブレーキ（減速）中,0.1,惰行,1.8000000000000005,70.0,30.1422119140625,24.75226544763984,24.8,85.89178416568544,32.000000000000114,29.055986988487483,0.0,9.2,この先制限速度なし,この先目立った勾配なし,前方86.2m先を0.0km/h,後続列車なし,0.0,惰行から0.1秒のブレーキへの反転が保持時間2秒未満で合理的根拠がなくノコギリ運転と判定され、上限0点となったためrewardは0.0。
146.09999999999988,Train11,次駅への減速フェーズ（駅手前400m以内）,惰行中,0.1,ブレーキ（減速）,0.1,70.0,29.85382080078125,24.621690679437894,24.6,85.2062161848508,31.90000000000012,28.751603456446507,0.0,9.2,この先制限速度なし,この先目立った勾配なし,前方85.5m先を0.0km/h,後続列車なし,0.0,ブレーキ→惰行が0.1秒で反転し、保持時間が7秒未満のためノコギリ運転と判定され、上限0.0点となった。このため他の評価項目が優秀でもrewardは0.0とした。
146.19999999999987,Train11,次駅への減速フェーズ（駅手前400m以内）,ブレーキ（減速）中,0.1,惰行,0.1,70.0,29.56329345703125,24.57753304578906,24.6,84.52295498204876,31.800000000000125,28.64902596115156,0.0,9.2,この先制限速度なし,この先目立った勾配なし,前方84.8m先を0.0km/h,後続列車なし,0.0,次駅減速フェーズでdelta_stopが55.87mと遠く、ブレーキ開始は不適切であり、0.1秒の惰行からの急激な減速はノコギリ運転と判断されreward上限が0.0点となった。
146.29999999999987,Train11,次駅への減速フェーズ（駅手前400m以内）,ブレーキ（減速）中,0.2,惰行,0.1,70.0,29.2706298828125,24.4469908925303,24.4,83.84224018051611,31.70000000000013,28.34683863390192,0.0,9.2,この先制限速度なし,この先目立った勾配なし,前方84.1m先を0.0km/h,後続列車なし,0.0,ブレーキへの急激な切替がノコギリ運転と判定され、prev_notch_durationが2秒未満のためreward上限が0.0点となり、最終評価は0.0とした。
146.39999999999986,Train11,次駅への減速フェーズ（駅手前400m以内）,ブレーキ（減速）中,0.3,惰行,0.1,70.0,28.97796630859375,24.316473018669445,24.3,83.1651511787932,31.600000000000136,28.046291583987337,0.0,9.2,この先制限速度なし,この先目立った勾配なし,前方83.5m先を0.0km/h,後続列車なし,0.0,惰行→減速への短時間切替がノコギリ運転と判定され、prev_notch_durationが0.1秒で上限0.0点となったためrewardは0.0。
146.49999999999986,Train11,次駅への減速フェーズ（駅手前400m以内）,ブレーキ（減速）中,0.4,惰行,0.1,70.0,28.685302734375,24.18597934517956,24.2,82.49168730365142,31.500000000000146,27.7473840768334,0.0,9.2,この先制限速度なし,この先目立った勾配なし,前方82.8m先を0.0km/h,後続列車なし,0.0,次駅減速フェーズでブレーキ開始が早すぎ、delta_stopが54.74mと大きく、ノコギリ運転（0.1s惰行→0.4s減速）に該当し上限0点となったためrewardは0.0。
146.59999999999985,Train11,次駅への減速フェーズ（駅手前400m以内）,ブレーキ（減速）中,0.5,惰行,0.1,70.0,28.38836669921875,24.0555097930898,24.1,81.82184788407199,31.400000000000148,27.45011539955839,0.0,9.2,この先制限速度なし,この先目立った勾配なし,前方82.1m先を0.0km/h,後続列車なし,0.0,惰行から0.5秒の減速へ短時間で切替えたためノコギリ運転と判定され、上限0.0点となった。
146.69999999999985,Train11,次駅への減速フェーズ（駅手前400m以内）,ブレーキ（減速）中,0.6,惰行,0.1,70.0,28.0914306640625,23.925064283485263,23.9,81.15563225122457,31.30000000000016,27.154484813812505,0.0,9.2,この先制限速度なし,この先目立った勾配なし,前方81.5m先を0.0km/h,後続列車なし,0.0,保持時間が7秒未満で惰行→減速への不合理な切替がノコギリ運転と判定され、上限rewardが0.0点となったため評価は0.0とする。
146.79999999999984,Train11,次駅への減速フェーズ（駅手前400m以内）,ブレーキ（減速）中,0.7,惰行,0.1,70.0,27.7923583984375,23.794642737506752,23.8,80.49303973846023,31.20000000000016,26.860491620573395,0.0,9.2,この先制限速度なし,この先目立った勾配なし,前方80.8m先を0.0km/h,後続列車なし,0.0,前回の惰行から0.1秒で減速へ切替え、保持時間が2秒未満のノコギリ運転と判定され、上限0点となったためreward=0.0とした。
146.89999999999984,Train11,次駅への減速フェーズ（駅手前400m以内）,ブレーキ（減速）中,0.7999999999999999,惰行,0.1,70.0,27.4932861328125,23.664245076350564,23.7,79.83406968133622,31.100000000000165,26.568135078574365,0.0,9.2,この先制限速度なし,この先目立った勾配なし,前方80.1m先を0.0km/h,後続列車なし,0.0,惰行→減速への短時間反転がノコギリ運転と判定され、reward上限が0.0点となった。
146.99999999999983,Train11,次駅への減速フェーズ（駅手前400m以内）,ブレーキ（減速）中,0.8999999999999999,惰行,0.1,70.0,27.18994140625,23.53387122126832,23.5,79.17872141757343,31.00000000000017,26.27741450178757,0.0,9.2,この先制限速度なし,この先目立った勾配なし,前方79.5m先を0.0km/h,後続列車なし,1.0,制限速度・CBTC信号遵守、停止位置も確保できており、減速操作は妥当でエネルギー無駄もなく最高評価とした。
147.09999999999982,Train11,次駅への減速フェーズ（駅手前400m以内）,ブレーキ（減速）中,1.0,惰行,0.1,70.0,26.8865966796875,23.403521093566745,23.4,78.52699428710608,30.900000000000176,25.988329146865283,0.0,9.2,この先制限速度なし,この先目立った勾配なし,前方78.8m先を0.0km/h,後続列車なし,0.0,ブレーキへの切替が0.1秒の短時間で行われ、合理的な理由がなくノコギリ運転と判定され、上限が0点となったためreward=0.0。
147.19999999999982,Train11,次駅への減速フェーズ（駅手前400m以内）,ブレーキ（減速）中,1.1,惰行,0.1,70.0,26.583251953125,23.273194614607515,23.3,77.8788876320391,30.800000000000185,25.700878339931887,0.0,9.2,この先制限速度なし,この先目立った勾配なし,前方78.2m先を0.0km/h,後続列車なし,0.0,ブレーキ開始がdelta_stop 52.18mと早すぎ、惰行→減速のノコギリ運転で保持時間2秒未満のためreward上限は0.0となった。
147.2999999999998,Train11,次駅への減速フェーズ（駅手前400m以内）,ブレーキ（減速）中,1.2,惰行,0.1,70.0,26.275634765625,23.142891705807006,23.1,77.23440079666233,30.700000000000188,25.415061336372457,0.0,9.2,この先制限速度なし,この先目立った勾配なし,前方77.5m先を0.0km/h,後続列車なし,0.0,ブレーキ開始が早すぎてdelta_stopが51.8mと大きく、駅手前で停止が確実となり即時0点規則に該当するため0.0とした。
147.3999999999998,Train11,次駅への減速フェーズ（駅手前400m以内）,ブレーキ（減速）中,1.3,惰行,0.1,70.0,25.96588134765625,23.01261228863613,23.0,76.59353312745054,30.6000000000002,25.13087747364313,0.0,9.2,この先制限速度なし,この先目立った勾配なし,前方76.9m先を0.0km/h,後続列車なし,0.0,次駅減速フェーズでdelta_stopが51.46mと大きく、早すぎるブレーキにより停止位置が達成できず、0.1秒の惰行から1.3秒のブレーキへの反転でノコギリ運転と判定されたためrewardは0.0とした。
147.4999999999998,Train11,次駅への減速フェーズ（駅手前400m以内）,ブレーキ（減速）中,1.4,惰行,0.1,70.0,25.6561279296875,22.882356284620123,22.9,75.95628397305632,30.5000000000002,24.848326006654,0.0,9.2,この先制限速度なし,この先目立った勾配なし,前方76.3m先を0.0km/h,後続列車なし,0.0,短時間の惰行→減速への切替が合理性なく行われ、ノコギリ運転と判定され上限0.0点となった。
147.5999999999998,Train11,次駅への減速フェーズ（駅手前400m以内）,ブレーキ（減速）中,1.5000000000000002,惰行,0.1,70.0,25.34423828125,22.75212361533836,22.8,75.3226526843136,30.400000000000205,24.56740628339417,0.0,9.2,この先制限速度なし,この先目立った勾配なし,前方75.6m先を0.0km/h,後続列車なし,0.0,ブレーキをかけたままdelta_stopが50.76mと5m超えており、停止位置達成が不可能と判断し0.0点とした。さらに、必要速度と一致しているため減速は不適切である。
147.6999999999998,Train11,次駅への減速フェーズ（駅手前400m以内）,ブレーキ（減速）中,1.6000000000000003,惰行,0.1,70.0,25.028076171875,22.62191420242416,22.6,74.69263861423059,30.30000000000021,24.28811755906961,0.0,9.2,この先制限速度なし,この先目立った勾配なし,前方75.0m先を0.0km/h,後続列車なし,0.0,ブレーキが必要距離より早く開始され、delta_stopが5m超で大幅減点、かつノコギリ運転（保持時間2秒未満）によりreward上限0.0と判断した。
147.79999999999978,Train11,次駅への減速フェーズ（駅手前400m以内）,ブレーキ（減速）中,1.7000000000000004,惰行,0.1,70.0,24.7119140625,22.49172796756458,22.5,74.06624111799687,30.200000000000216,24.01045918816195,0.0,9.2,この先制限速度なし,この先目立った勾配なし,前方74.4m先を0.0km/h,後続列車なし,0.0,惰行から減速への短時間切替に合理的根拠がなくノコギリ運転と判定され、reward上限が0.0点となった。
147.89999999999978,Train11,次駅への減速フェーズ（駅手前400m以内）,ブレーキ（減速）中,1.8000000000000005,惰行,0.1,70.0,24.39361572265625,22.361564832500232,22.4,73.44345955297626,30.10000000000022,23.73443043671185,0.0,9.2,この先制限速度なし,この先目立った勾配なし,前方73.7m先を0.0km/h,後続列車なし,0.0,前ノッチ保持時間0.1秒で惰行→減速への不合理な切替がノコギリ運転と判定され、上限0.0点となったため。
147.99999999999977,Train11,次駅への減速フェーズ（駅手前400m以内）,ブレーキ（減速）中,1.9000000000000008,惰行,0.1,70.0,24.07318115234375,22.23142471902508,22.2,72.82429327869977,30.000000000000227,23.46003065466269,0.0,9.2,この先制限速度なし,この先目立った勾配なし,前方73.1m先を0.0km/h,後続列車なし,0.0,0.1秒の惰行から1.9秒のブレーキへの短時間反転がノコギリ運転と判定され、上限0点となった。このため他の評価を上回ってrewardは0.0とした。
148.09999999999977,Train11,次駅への減速フェーズ（駅手前400m以内）,ブレーキ（減速）中,2.0000000000000004,惰行,0.1,70.0,23.74847412109375,22.101307548986245,22.1,72.20874165687263,29.90000000000024,23.18725912433755,0.0,9.2,この先制限速度なし,この先目立った勾配なし,前方72.5m先を0.0km/h,後続列車なし,0.0,ノコギリ運転と減速開始が早すぎるため、エネルギー無駄と安全リスクが生じ、rewardは0.0とする。
148.19999999999976,Train11,次駅への減速フェーズ（駅手前400m以内）,ブレーキ（減速）中,2.1000000000000005,惰行,0.1,70.0,23.42376708984375,21.971213244283824,22.0,71.5968040513637,29.80000000000024,22.916115189328988,0.0,9.2,この先制限速度なし,この先目立った勾配なし,前方71.9m先を0.0km/h,後続列車なし,0.0,ブレーキが停止点より48.68m前で開始され、即時減点条件とノコギリ運転が成立し、reward上限が0.0となったため0.0とした。
148.29999999999976,Train11,次駅への減速フェーズ（駅手前400m以内）,ブレーキ（減速）中,2.2000000000000006,惰行,0.1,70.0,23.09478759765625,21.841141726870674,21.8,70.98847982822676,29.700000000000244,22.646598148300114,0.0,9.2,この先制限速度なし,この先目立った勾配なし,前方71.3m先を0.0km/h,後続列車なし,0.0,ブレーキが停止位置まで48.34m離れた状態で開始され、Δ>5mの早すぎる減速で安全停止が危険なためrewardを0.0とした。
148.39999999999975,Train11,次駅への減速フェーズ（駅手前400m以内）,ブレーキ（減速）中,2.3000000000000007,惰行,0.1,70.0,22.763671875,21.711092918752225,21.7,70.38376835567206,29.60000000000025,22.378707339282062,0.0,9.2,この先制限速度なし,この先目立った勾配なし,前方70.7m先を0.0km/h,後続列車なし,0.0,ノコギリ運転と判定され、prev_notch_durationが2秒未満のためreward上限が0.0となった。
148.49999999999974,Train11,次駅への減速フェーズ（駅手前400m以内）,ブレーキ（減速）中,2.400000000000001,惰行,0.1,70.0,22.42828369140625,21.58106674198631,21.6,69.78266900406638,29.500000000000256,22.112442076482107,0.0,9.2,この先制限速度なし,この先目立った勾配なし,前方70.1m先を0.0km/h,後続列車なし,0.0,ノコギリ運転（0.1秒→2.4秒の逆転）かつdelta_stopが5m超でブレーキが早すぎるため、評価は0.0とした。
148.59999999999974,Train11,次駅への減速フェーズ（駅手前400m以内）,ブレーキ（減速）中,2.500000000000001,惰行,0.1,70.0,22.09075927734375,21.45106311868293,21.5,69.1851811459614,29.40000000000026,21.847801693138948,0.0,9.2,この先制限速度なし,この先目立った勾配なし,前方69.5m先を0.0km/h,後続列車なし,0.0,ノコギリ運転と判定され、前ノッチ保持時間が2秒未満のためreward上限が0.0点に設定された。
148.69999999999973,Train11,次駅への減速フェーズ（駅手前400m以内）,ブレーキ（減速）中,2.600000000000001,惰行,0.1,70.0,21.7510986328125,21.32108197100412,21.3,68.59130415606174,29.300000000000267,21.584785518228408,0.0,9.2,この先制限速度なし,この先目立った勾配なし,前方68.9m先を0.0km/h,後続列車なし,0.0,ブレーキがdelta_stop+47mで過早に開始され、惰行→減速の短時間切替がノコギリ運転と判定され上限0.0点となったためrewardは0.0。
148.79999999999973,Train11,次駅への減速フェーズ（駅手前400m以内）,ブレーキ（減速）中,2.700000000000001,惰行,0.1,70.0,21.4093017578125,21.191123221163675,21.2,68.00103741122854,29.20000000000028,21.3233928809459,0.0,9.2,この先制限速度なし,この先目立った勾配なし,前方68.3m先を0.0km/h,後続列車なし,0.0,ブレーキが早すぎて停止位置が遠く、保持時間2.7秒・前ノッチ0.1秒の反転でノコギリ運転と判定され、上限0点となったためreward=0.0。
148.89999999999972,Train11,次駅への減速フェーズ（駅手前400m以内）,ブレーキ（減速）中,2.800000000000001,惰行,0.1,70.0,21.06109619140625,21.06118679142704,21.1,67.41438029048652,29.10000000000028,21.06362312427989,0.0,9.2,この先制限速度なし,この先目立った勾配なし,前方67.7m先を0.0km/h,後続列車なし,0.0,ノコギリ運転と早期ブレーキによりCBTC信号を下回り、停止位置達成が不適切と判断し0.0とした。
148.99999999999972,Train11,次駅への減速フェーズ（駅手前400m以内）,ブレーキ（減速）中,2.900000000000001,惰行,0.1,70.0,20.71075439453125,20.93127260411106,20.9,66.83133217502402,29.000000000000284,20.80547557411216,0.0,9.2,この先制限速度なし,この先目立った勾配なし,前方67.1m先を0.0km/h,後続列車なし,0.0,現在速度がCBTC信号速度20.7km/hを超えており即時ゼロ規則に違反するため、rewardは0.0とする。
149.0999999999997,Train11,次駅への減速フェーズ（駅手前400m以内）,ブレーキ（減速）中,3.0000000000000013,惰行,0.1,70.0,20.35614013671875,20.80138058158381,20.8,66.25189244818941,28.90000000000029,20.54894958670749,0.0,9.2,この先制限速度なし,この先目立った勾配なし,前方66.5m先を0.0km/h,後続列車なし,0.0,CBTC信号速度20.4km/hを20.8km/hで超過し即時0点ルールに該当するため、rewardは0.0とした。
149.1999999999997,Train11,次駅への減速フェーズ（駅手前400m以内）,ブレーキ（減速）中,3.1000000000000014,惰行,0.1,70.0,19.9993896484375,20.67151064626441,20.7,65.67606049545915,28.800000000000296,20.29404448534442,0.0,9.2,この先制限速度なし,この先目立った勾配なし,前方66.0m先を0.0km/h,後続列車なし,0.0,CBTC信号速度20km/hを20.7km/hで超過し、即時ゼロルールに該当するためrewardは0.0とした。
149.2999999999997,Train11,次駅への減速フェーズ（駅手前400m以内）,ブレーキ（減速）中,3.200000000000001,惰行,0.1,70.0,19.63623046875,20.541662720622828,20.5,65.10383570449463,28.7000000000003,20.04075963884687,0.0,9.2,この先制限速度なし,この先目立った勾配なし,前方65.4m先を0.0km/h,後続列車なし,0.0,短時間の惰行からブレーキへの反転がノコギリ運転と判定され、上限が0.0点となったためrewardは0.0とした。
149.3999999999997,Train11,次駅への減速フェーズ（駅手前400m以内）,ブレーキ（減速）中,3.3000000000000016,惰行,0.1,70.0,19.27093505859375,20.411836727179672,20.4,64.53521746509949,28.600000000000307,19.789094368581736,0.0,9.2,この先制限速度なし,この先目立った勾配なし,前方64.8m先を0.0km/h,後続列車なし,0.0,現在速度がCBTC信号速度19.3km/hを超えているため即時0点規則が適用され、rewardは0.0となる。
149.4999999999997,Train11,次駅への減速フェーズ（駅手前400m以内）,ブレーキ（減速）中,3.4000000000000017,惰行,0.1,70.0,18.89923095703125,20.282032588506027,20.3,63.970205169244565,28.50000000000032,19.539048055233515,0.0,9.2,この先制限速度なし,この先目立った勾配なし,前方64.3m先を0.0km/h,後続列車なし,0.0,現在速度がCBTC信号速度18.9km/hを超えているため即時0点ルールが適用され、rewardは0.0となります。
149.69999999999968,Train11,次駅への減速フェーズ（駅手前400m以内）,ブレーキ（減速）中,3.600000000000002,惰行,0.1,70.0,18.140869140625,20.02248956600275,20.0,62.85099598666832,28.300000000000324,19.04380965153845,0.0,9.2,この先制限速度なし,この先目立った勾配なし,前方63.1m先を0.0km/h,後続列車なし,0.0,現在速度がCBTC信号速度18.1km/hを超え、ブレーキ開始が必要距離より早く即時ゼロ規則に該当するためrewardは0.0。
149.79999999999967,Train11,次駅への減速フェーズ（駅手前400m以内）,惰行中,0.1,ブレーキ（減速）,3.600000000000002,70.0,17.75421142578125,19.892750527565884,19.9,62.29679789460718,28.20000000000033,18.79861627260202,0.0,9.2,この先制限速度なし,この先目立った勾配なし,前方62.6m先を0.0km/h,後続列車なし,0.0,CBTC信号速度17.8km/hを超えて19.9km/hで走行し、ブレーキ未実施のため即時0点規則が適用された。
149.89999999999966,Train11,次駅への減速フェーズ（駅手前400m以内）,ブレーキ（減速）中,0.1,惰行,0.1,70.0,17.36114501953125,19.84942658817117,19.8,61.74488340105455,28.10000000000033,18.71708951125641,0.0,9.2,この先制限速度なし,この先目立った勾配なし,前方62.0m先を0.0km/h,後続列車なし,0.0,現在速度がCBTC信号速度17.4km/hを超えており即時0点対象で、さらに0.1秒のノコギリ運転で上限0点となるためrewardは0.0。
149.99999999999966,Train11,次駅への減速フェーズ（駅手前400m以内）,ブレーキ（減速）中,0.2,惰行,0.1,70.0,16.95953369140625,19.71971627362965,19.7,61.19549217486053,28.00000000000034,18.47405219083576,0.0,9.2,この先制限速度なし,この先目立った勾配なし,前方61.5m先を0.0km/h,後続列車なし,0.0,現在速度がCBTC信号速度17km/hを超えているため即時0点ルールに該当し、rewardは0.0とした。
150.09999999999965,Train11,次駅への減速フェーズ（駅手前400m以内）,ブレーキ（減速）中,0.3,惰行,0.1,70.0,16.551513671875,19.590027401698816,19.6,60.649703685186296,27.900000000000347,18.23263038303114,0.0,9.2,この先制限速度なし,この先目立った勾配なし,前方60.9m先を0.0km/h,後続列車なし,0.0,CBTC信号速度16.6km/hを19.6km/hで超過し即時ゼロルールが適用されたためrewardは0.0とした。
150.19999999999965,Train11,次駅への減速フェーズ（駅手前400m以内）,ブレーキ（減速）中,0.4,惰行,0.1,70.0,16.13494873046875,19.46035989526496,19.5,60.10751733758824,27.800000000000352,17.992823469166687,0.0,9.2,この先制限速度なし,この先目立った勾配なし,前方60.4m先を0.0km/h,後続列車なし,0.0,CBTC信号速度16.1km/hを19.5km/hで超過し即時0点ルールに該当したためrewardは0.0とした。
150.29999999999964,Train11,次駅への減速フェーズ（駅手前400m以内）,ブレーキ（減速）中,0.5,惰行,0.1,70.0,15.71197509765625,19.330713677263443,19.3,59.56893253974727,27.70000000000036,17.75463080896389,0.0,9.2,この先制限速度なし,この先目立った勾配なし,前方59.9m先を0.0km/h,後続列車なし,0.0,現在速度がCBTC信号速度15.7km/hを超えており、即時0点ルールに該当するためrewardは0.0とした。
150.39999999999964,Train11,次駅への減速フェーズ（駅手前400m以内）,ブレーキ（減速）中,0.6,惰行,0.1,70.0,15.28045654296875,19.201088670678523,19.2,59.03394870150436,27.600000000000364,17.51805177969547,0.0,9.2,この先制限速度なし,この先目立った勾配なし,前方59.3m先を0.0km/h,後続列車なし,0.0,現在速度が信号示す15.3km/hを超えているため即時ゼロ規則が適用され、rewardは0.0となる。
150.49999999999963,Train11,次駅への減速フェーズ（駅手前400m以内）,ブレーキ（減速）中,0.7,惰行,0.1,70.0,14.8382568359375,19.07148479854313,19.1,58.502565234821446,27.50000000000037,17.283085755023144,0.0,9.2,この先制限速度なし,この先目立った勾配なし,前方58.8m先を0.0km/h,後続列車なし,0.0,惰行から減速への不合理な切替が7秒未満で行われ、ノコギリ運転と判定され上限0.0点となったため。
150.59999999999962,Train11,次駅への減速フェーズ（駅手前400m以内）,ブレーキ（減速）中,0.7999999999999999,惰行,0.1,70.0,14.3853759765625,18.94190198393872,18.9,57.97478155380631,27.40000000000037,17.049732108814723,0.0,9.2,この先制限速度なし,この先目立った勾配なし,前方58.3m先を0.0km/h,後続列車なし,0.0,CBTC信号速度14.4km/hを超える18.9km/hで走行し、早期ブレーキとノコギリ運転が判定されたためrewardは0.0とした。
150.69999999999962,Train11,次駅への減速フェーズ（駅手前400m以内）,ブレーキ（減速）中,0.8999999999999999,惰行,0.1,70.0,13.92181396484375,18.812340149995048,18.8,57.45059707471256,27.30000000000038,16.81799022801883,0.0,9.2,この先制限速度なし,この先目立った勾配なし,前方57.7m先を0.0km/h,後続列車なし,0.0,現在速度がCBTC信号速度13.9km/hを超えているため即時0点ルールが適用され、rewardは0.0となります。
150.7999999999996,Train11,次駅への減速フェーズ（駅手前400m以内）,ブレーキ（減速）中,1.0,惰行,0.1,70.0,13.44757080078125,18.68279921989,18.7,56.93001121591124,27.200000000000387,16.587859483727897,0.0,9.2,この先制限速度なし,この先目立った勾配なし,前方57.2m先を0.0km/h,後続列車なし,0.0,CBTC信号速度13.4km/hを超える18.7km/hで走行し、即時ゼロルールに該当するためrewardは0.0とした。
150.8999999999996,Train11,次駅への減速フェーズ（駅手前400m以内）,ブレーキ（減速）中,1.1,惰行,0.1,70.0,12.95623779296875,18.5532791168494,18.6,56.41302339790499,27.100000000000392,16.359339275540858,0.0,9.2,この先制限速度なし,この先目立った勾配なし,前方56.7m先を0.0km/h,後続列車なし,0.0,CBTC信号速度13km/hを超えて18.6km/hで走行しており、即時0点規則に該当するためrewardは0.0とした。
150.9999999999996,Train11,次駅への減速フェーズ（駅手前400m以内）,ブレーキ（減速）中,1.2,惰行,0.1,70.0,12.45208740234375,18.42377976414684,18.4,55.89963304334589,27.0000000000004,16.132428972387817,0.0,9.2,この先制限速度なし,この先目立った勾配なし,前方56.2m先を0.0km/h,後続列車なし,0.0,CBTC信号速度12.5km/hを超えて18.4km/hで走行しており、即時ゼロルールに該当するためrewardは0.0とした。
151.0999999999996,Train11,次駅への減速フェーズ（駅手前400m以内）,ブレーキ（減速）中,1.3,惰行,0.1,70.0,11.9287109375,18.29430108510346,18.3,55.38983957700694,26.900000000000404,15.907127985897976,0.0,9.2,この先制限速度なし,この先目立った勾配なし,前方55.7m先を0.0km/h,後続列車なし,0.0,現在速度がCBTC信号速度11.9km/hを超えているため即時0点ルールが適用され、運転は不適切と判断しrewardは0.0とします。
151.1999999999996,Train11,次駅への減速フェーズ（駅手前400m以内）,ブレーキ（減速）中,1.4,惰行,0.1,70.0,11.38397216796875,18.1648430030878,18.2,54.8836424257928,26.80000000000041,15.683435683435809,0.0,9.2,この先制限速度なし,この先目立った勾配なし,前方55.2m先を0.0km/h,後続列車なし,0.0,CBTC信号速度11.4km/hを超えて18.2km/hで走行し、即時0点規則に該当するためrewardは0.0とした。
151.2999999999996,Train11,次駅への減速フェーズ（駅手前400m以内）,ブレーキ（減速）中,1.5000000000000002,惰行,0.1,70.0,10.81787109375,18.035405441515568,18.0,54.38104101872909,26.70000000000041,15.4613514880571,0.0,9.2,この先制限速度なし,この先目立った勾配なし,前方54.7m先を0.0km/h,後続列車なし,0.0,CBTC信号速度超過とノコギリ運転と判定されたため、rewardは0.0とした。
151.39999999999958,Train11,次駅への減速フェーズ（駅手前400m以内）,ブレーキ（減速）中,1.6000000000000003,惰行,0.1,70.0,10.22613525390625,17.905988323849495,17.9,53.88203478696951,26.60000000000042,15.24087476614138,0.0,9.2,この先制限速度なし,この先目立った勾配なし,前方54.2m先を0.0km/h,後続列車なし,0.0,CBTC信号速度10.2km/hを超えて17.9km/hで走行しているため即reward0.0ルールに該当し、評価は0.0とした。
151.49999999999957,Train11,次駅への減速フェーズ（駅手前400m以内）,ブレーキ（減速）中,1.7000000000000004,惰行,0.1,70.0,9.6002197265625,17.776591573599127,17.8,53.386623163799385,26.500000000000423,15.022004951583158,0.0,9.2,この先制限速度なし,この先目立った勾配なし,前方53.7m先を0.0km/h,後続列車なし,0.0,CBTC信号速度9.6km/hを超えて17.8km/hで走行し、即時ゼロ規則に該当するためrewardは0.0とした。
151.59999999999957,Train11,次駅への減速フェーズ（駅手前400m以内）,ブレーキ（減速）中,1.8000000000000005,惰行,0.1,70.0,8.93798828125,17.647215114320645,17.6,52.89480558462501,26.400000000000432,14.80474141034219,0.0,9.2,この先制限速度なし,この先目立った勾配なし,前方53.2m先を0.0km/h,後続列車なし,0.0,信号速度8.9km/hを超える17.6km/hで走行し、即時ゼロルールに該当し、ブレーキ開始が早すぎて停止位置も不適切であるため。
151.69999999999956,Train11,次駅への減速フェーズ（駅手前400m以内）,ブレーキ（減速）中,1.9000000000000008,惰行,0.1,70.0,8.22662353515625,17.517858869616674,17.5,52.40658148698785,26.30000000000044,14.589083586579472,0.0,9.2,この先制限速度なし,この先目立った勾配なし,前方52.7m先を0.0km/h,後続列車なし,0.0,現在速度がCBTC信号速度8.2km/hを大幅に超えているため即reward0.0ルールが適用され、rewardは0.0となります。
151.79999999999956,Train11,次駅への減速フェーズ（駅手前400m以内）,ブレーキ（減速）中,2.0000000000000004,惰行,0.1,70.0,7.45330810546875,17.388522763136102,17.4,51.92195031051483,26.200000000000443,14.375030846384748,0.0,9.2,この先制限速度なし,この先目立った勾配なし,前方52.2m先を0.0km/h,後続列車なし,0.0,ブレーキが早すぎてdelta_stopが大きく、2秒未満のノコギリ運転と判定され上限が0点となったためreward=0.0とした。
151.89999999999955,Train11,次駅への減速フェーズ（駅手前400m以内）,ブレーキ（減速）中,2.1000000000000005,惰行,0.1,70.0,6.59881591796875,17.25920671857389,17.3,51.440911496992925,26.10000000000045,14.16258264362847,0.0,9.2,この先制限速度なし,この先目立った勾配なし,前方51.7m先を0.0km/h,後続列車なし,0.0,CBTC信号速度6.6km/hを超える17.3km/hで走行し、即時ゼロルールに該当するため、評価は0.0点とした。
151.99999999999957,Train11,次駅への減速フェーズ（駅手前400m以内）,ブレーキ（減速）中,2.2000000000000006,惰行,0.1,70.0,5.62042236328125,17.129910659670898,17.1,50.96346449030875,26.00000000000045,13.951738345065287,0.0,9.2,この先制限速度なし,この先目立った勾配なし,前方51.3m先を0.0km/h,後続列車なし,0.0,CBTC信号速度5.6km/hを超えて17.1km/hで走行し、早期ブレーキとノコギリ運転が判定されたため0.0とする。
152.09999999999954,Train11,次駅への減速フェーズ（駅手前400m以内）,ブレーキ（減速）中,2.3000000000000007,惰行,0.1,70.0,4.443359375,17.00063451021369,17.0,50.48960873647346,25.90000000000046,13.742497413733068,0.0,9.2,この先制限速度なし,この先目立った勾配なし,前方50.8m先を0.0km/h,後続列車なし,0.0,CBTC信号速度4.4km/hを超えて17km/hで走行し、0.1秒の惰行からブレーキへの反転がノコギリ運転に該当するため即時0点とする。
152.19999999999953,Train11,次駅への減速フェーズ（駅手前400m以内）,ブレーキ（減速）中,2.400000000000001,惰行,0.1,70.0,2.82623291015625,16.871378194034342,16.9,50.0193436836085,25.800000000000463,13.534859217571457,0.0,9.2,この先制限速度なし,この先目立った勾配なし,前方50.3m先を0.0km/h,後続列車なし,0.0,CBTC信号速度2.8km/hを大幅に上回る16.9km/hで走行しており、即時ゼロ規則に該当するため評価は0.0とした。
152.29999999999953,Train11,次駅への減速フェーズ（駅手前400m以内）,ブレーキ（減速）中,2.500000000000001,惰行,0.1,70.0,0.0,16.742141635010288,16.7,49.5526687819492,25.700000000000472,13.328823225153243,0.0,9.2,この先制限速度なし,この先目立った勾配なし,前方49.9m先を0.0km/h,後続列車なし,0.0,CBTC信号速度0km/hに対し現在速度16.7km/hで走行し、signal_speed超過の即時0点規則に該当したため。
152.39999999999952,Train11,次駅への減速フェーズ（駅手前400m以内）,ブレーキ（減速）中,2.600000000000001,惰行,0.1,70.0,0.0,16.612924757064103,16.6,49.08958348385184,25.60000000000048,13.124388815424249,0.0,9.2,この先制限速度なし,この先目立った勾配なし,前方49.4m先を0.0km/h,後続列車なし,0.0,ブレーキがCBTC信号0km/hに対し過早に開始されdelta_stop>5m、かつノコギリ運転と判定されたためreward=0.0。
152.5999999999995,Train11,次駅への減速フェーズ（駅手前400m以内）,ブレーキ（減速）中,2.800000000000001,惰行,0.1,70.0,0.0,16.35454974032028,16.4,48.17417951830549,25.40000000000049,12.720322530420438,0.0,9.2,この先制限速度なし,この先目立った勾配なし,前方48.5m先を0.0km/h,後続列車なし,0.0,駅手前で過度にブレーキをかけ停車位置前に止まることが確実で、即時0点規則に該当したため。
152.6999999999995,Train11,次駅への減速フェーズ（駅手前400m以内）,ブレーキ（減速）中,2.900000000000001,惰行,0.1,70.0,0.0,16.22539144959191,16.2,47.72185976611709,25.30000000000049,12.520689508453769,0.0,9.2,この先制限速度なし,この先目立った勾配なし,前方48.0m先を0.0km/h,後続列車なし,0.0,ノコギリ運転と判定され、前ノッチ保持時間0.1秒により上限0.0点となったためrewardは0.0。
153.09999999999948,Train11,次駅への減速フェーズ（駅手前400m以内）,ブレーキ（減速）中,3.3000000000000016,惰行,0.1,70.0,0.0,15.708951300514498,15.7,45.94844973778223,24.90000000000052,11.738144953354151,0.0,9.2,この先制限速度なし,この先目立った勾配なし,前方46.2m先を0.0km/h,後続列車なし,0.0,ブレーキへの切替が0.1秒の惰行から3.3秒で行われ、保持時間が7秒未満で合理的理由がなくノコギリ運転と判定され、reward上限が0.0となった。
153.19999999999948,Train11,次駅への減速フェーズ（駅手前400m以内）,ブレーキ（減速）中,3.4000000000000017,惰行,0.1,70.0,0.0,15.579889137761658,15.6,45.51406180610229,24.800000000000523,11.546502899180432,0.0,9.2,この先制限速度なし,この先目立った勾配なし,前方45.8m先を0.0km/h,後続列車なし,0.0,保持時間が7秒未満で惰行→減速への不合理な切替がありノコギリ運転と判定されたため、reward上限は0.0点となった。
153.3999999999995,Train11,次駅への減速フェーズ（駅手前400m以内）,ブレーキ（減速）中,3.600000000000002,惰行,0.1,70.0,0.0,15.321821731767892,15.3,44.65603972510834,24.60000000000053,11.168007804248392,0.0,9.2,この先制限速度なし,この先目立った勾配なし,前方45.0m先を0.0km/h,後続列車なし,0.0,CBTC信号0km/hに対し速度15.3km/hで走行しており、即時0点ルールに該当するためreward=0.0とした。
153.59999999999943,Train11,次駅への減速フェーズ（駅手前400m以内）,ブレーキ（減速）中,3.800000000000002,惰行,0.1,70.0,0.0,15.063829714432336,15.1,43.81235252060378,24.400000000000546,10.795894387601347,0.0,9.2,この先制限速度なし,この先目立った勾配なし,前方44.1m先を0.0km/h,後続列車なし,0.0,ノコギリ運転と判定され、prev_notch_durationが2秒未満のためreward上限が0.0となった。
153.79999999999944,Train11,次駅への減速フェーズ（駅手前400m以内）,ブレーキ（減速）中,4.000000000000002,惰行,0.1,70.0,0.0,14.805912481526686,14.8,42.98299602194788,24.20000000000056,10.430158281509756,0.0,9.2,この先制限速度なし,この先目立った勾配なし,前方43.3m先を0.0km/h,後続列車なし,0.0,CBTC信号が0km/hなのに現在速度14.8km/hで信号超過しており、即時0点規則に該当したためreward=0.0。
153.99999999999943,Train11,次駅への減速フェーズ（駅手前400m以内）,ブレーキ（減速）中,4.200000000000001,惰行,0.1,70.0,0.0,14.548069429504178,14.5,42.167966092062414,24.00000000000057,10.070795158130544,0.0,9.2,この先制限速度なし,この先目立った勾配なし,前方42.5m先を0.0km/h,後続列車なし,0.0,CBTC信号速度0km/hを超えて14.5km/hで走行しているため即時0点ルールが適用され、rewardは0.0となる。
154.3999999999994,Train11,次駅への減速フェーズ（駅手前400m以内）,ブレーキ（減速）中,4.6,惰行,0.1,70.0,0.0,14.032603457294558,14.0,40.5808695577754,23.60000000000059,9.371170747247472,0.0,9.2,この先制限速度なし,この先目立った勾配なし,前方40.9m先を0.0km/h,後続列車なし,0.0,先行列車が0.3mの距離で接近しており、即時ゼロルールの『先行列車との接近距離が40mを切った場合』に該当するため、rewardを0.0としました。
154.4999999999994,Train11,次駅への減速フェーズ（駅手前400m以内）,ブレーキ（減速）中,4.699999999999999,惰行,0.1,70.0,0.0,13.903782386118053,13.9,40.19304315837502,23.5000000000006,9.20024109770713,0.0,9.2,この先制限速度なし,この先目立った勾配なし,前方40.5m先を0.0km/h,後続列車なし,0.0,ブレーキが停止点より30m前に開始され、0.1秒の惰行からの反転でノコギリ運転と判定されたためrewardは0.0とした。
154.5999999999994,Train11,次駅への減速フェーズ（駅手前400m以内）,ブレーキ（減速）中,4.799999999999999,惰行,0.1,70.0,0.0,13.774979333369595,13.8,39.80879484659994,23.400000000000603,9.03090100300853,0.0,9.2,この先制限速度なし,この先目立った勾配なし,前方40.1m先を0.0km/h,後続列車なし,0.0,ブレーキが早すぎて停止位置が取れず、かつノコギリ運転（2秒未満の反転）と判断し、rewardは0.0とした。
154.6999999999994,Train11,次駅への減速フェーズ（駅手前400m以内）,ブレーキ（減速）中,4.899999999999999,惰行,0.1,70.0,0.0,13.646194223959924,13.6,39.42812412310204,23.30000000000061,8.863149905587907,0.0,9.2,この先制限速度なし,この先目立った勾配なし,前方39.7m先を0.0km/h,後続列車なし,0.0,現在速度がCBTC信号速度0km/hを超えているため即時0点とし、rewardは0.0となります。
154.7999999999994,Train11,次駅への減速フェーズ（駅手前400m以内）,ブレーキ（減速）中,4.999999999999998,惰行,0.1,70.0,0.0,13.517426982840568,13.5,39.05103049058667,23.20000000000061,8.696987327906694,0.0,9.2,この先制限速度なし,この先目立った勾配なし,前方39.3m先を0.0km/h,後続列車なし,0.0,先行列車が39.3m先に停車しており安全距離を下回ったため即時0点ルールが適用され、rewardは0.0となった。
154.89999999999938,Train11,次駅への減速フェーズ（駅手前400m以内）,ブレーキ（減速）中,5.099999999999998,惰行,0.1,70.0,0.0,13.388677535003678,13.4,38.67751345387305,23.10000000000062,8.532412713155924,0.0,9.2,この先制限速度なし,この先目立った勾配なし,前方39.0m先を0.0km/h,後続列車なし,0.0,先行列車が39m先に停車しており安全距離を下回り即時ゼロ規則が適用され、さらにノコギリ運転と過早ブレーキで評価が著しく低下したためrewardは0.0とする。
155.09999999999937,Train11,次駅への減速フェーズ（駅手前400m以内）,惰行中,0.1,ブレーキ（減速）,5.1999999999999975,70.0,0.0,13.131231719347888,13.1,37.94120719745919,22.90000000000063,8.208025410992821,0.0,9.2,この先制限速度なし,この先目立った勾配なし,前方38.2m先を0.0km/h,後続列車なし,0.0,CBTC信号0km/hを超える速度で惰行し、信号無視となるため即時0点とした。
155.19999999999936,Train11,次駅への減速フェーズ（駅手前400m以内）,ブレーキ（減速）中,0.1,惰行,0.1,70.0,0.0,13.08892990506033,13.1,37.57709705174861,22.80000000000064,8.155322954939257,0.0,9.2,この先制限速度なし,この先目立った勾配なし,前方37.9m先を0.0km/h,後続列車なし,0.0,惰行→減速への短時間切替がノコギリ運転と判定され、保持時間0.1秒で上限0.0点となり、delta_stopが29.42mでブレーキ過早も評価減点要因。
155.29999999999936,Train11,次駅への減速フェーズ（駅手前400m以内）,ブレーキ（減速）中,0.2,惰行,0.1,70.0,0.0,12.960239145484357,13.0,37.21548181444589,22.70000000000064,7.99603056569904,0.0,9.2,この先制限速度なし,この先目立った勾配なし,前方37.5m先を0.0km/h,後続列車なし,0.0,先行列車が37.5m先で停止しており、接近距離が40m未満のため衝突リスクが高く、即reward0.0ルールが適用されます。
155.39999999999935,Train11,次駅への減速フェーズ（駅手前400m以内）,ブレーキ（減速）中,0.3,惰行,0.1,70.0,0.0,12.831565854969998,12.8,36.85744105340305,22.600000000000648,7.838323956798138,0.0,9.2,この先制限速度なし,この先目立った勾配なし,前方37.2m先を0.0km/h,後続列車なし,0.0,先行列車が37.2m先にあり距離が40m未満のため即時0点ルールが適用され、rewardは0.0とした。
155.49999999999935,Train11,次駅への減速フェーズ（駅手前400m以内）,ブレーキ（減速）中,0.4,惰行,0.1,70.0,0.0,12.70290995872282,12.7,36.5029742845131,22.500000000000654,7.682202632059637,0.0,9.2,この先制限速度なし,この先目立った勾配なし,前方36.8m先を0.0km/h,後続列車なし,0.0,先行列車が40m未満の距離にありCBTC停止限界を超えているため、即reward0.0ルールが適用される。
155.59999999999934,Train11,次駅への減速フェーズ（駅手前400m以内）,惰行中,0.1,ブレーキ（減速）,0.4,70.0,0.0,12.57427138198788,12.6,36.15208102573675,22.40000000000066,7.527666090066573,0.0,9.2,この先制限速度なし,この先目立った勾配なし,前方36.4m先を0.0km/h,後続列車なし,0.0,CBTC信号0km/hに対しブレーキせず12.6km/hで走行し信号無視となるため、即時0点とした。
155.6999999999993,Train11,次駅への減速フェーズ（駅手前400m以内）,ブレーキ（減速）中,0.1,惰行,0.1,70.0,0.0,12.53204484811308,12.5,35.80344085013465,22.300000000000665,7.477279292102208,0.0,9.2,この先制限速度なし,この先目立った勾配なし,前方36.1m先を0.0km/h,後続列車なし,0.0,前方列車が36.1m先に停止しており、接近距離が40m未満のため衝突リスクが高く、即時0点とした。
155.79999999999933,Train11,次駅への減速フェーズ（駅手前400m以内）,惰行中,0.1,ブレーキ（減速）,0.1,70.0,0.0,12.403429161123666,12.4,35.45729349450255,22.20000000000067,7.324847018930441,0.0,9.2,この先制限速度なし,この先目立った勾配なし,前方35.8m先を0.0km/h,後続列車なし,0.0,CBTC信号0km/hに対し速度12.4km/hでブレーキせず走行し、signal_speed超過の即時0点規則に該当したためreward=0.0。
155.89999999999932,Train11,次駅への減速フェーズ（駅手前400m以内）,ブレーキ（減速）中,0.1,惰行,0.1,70.0,0.0,12.361225446864989,12.4,35.11339858743767,22.10000000000068,7.275168890262277,0.0,9.2,この先制限速度なし,この先目立った勾配なし,前方35.4m先を0.0km/h,後続列車なし,0.0,ノコギリ運転と先行列車との間隔がCBTC制限50m未満であり、ブレーキ開始が早すぎるため、評価は0.0とした。
155.99999999999932,Train11,次駅への減速フェーズ（駅手前400m以内）,力行（加速）中,0.1,ブレーキ（減速）,0.1,70.0,0.0,12.232632515852512,12.2,34.771995867284744,22.00000000000068,7.124839852010298,0.0,9.2,この先制限速度なし,この先目立った勾配なし,前方35.1m先を0.0km/h,後続列車なし,0.0,CBTC信号0km/hを無視し加速しているため即時ゼロルールが適用され、rewardは0.0とする。
156.0999999999993,Train11,次駅への減速フェーズ（駅手前400m以内）,ブレーキ（減速）中,0.1,力行（加速）,0.1,70.0,0.0,12.451672624979707,12.5,34.428851369106894,21.900000000000688,7.381840788287034,0.0,9.2,この先制限速度なし,この先目立った勾配なし,前方34.7m先を0.0km/h,後続列車なし,0.0,先行列車が34.7mと安全距離40m未満で衝突リスクが高く、即時0点規則が適用されるため。
156.2999999999993,Train11,次駅への減速フェーズ（駅手前400m以内）,ブレーキ（減速）中,0.3,力行（加速）,0.1,70.0,0.0,12.194479795599532,12.2,33.74459355221404,21.7000000000007,7.080538874852167,0.0,9.2,この先制限速度なし,この先目立った勾配なし,前方34.0m先を0.0km/h,後続列車なし,0.0,先行列車との距離が40m未満で衝突リスクがあるため即時0点とした。
156.3999999999993,Train11,次駅への減速フェーズ（駅手前400m以内）,ブレーキ（減速）中,0.4,力行（加速）,0.1,70.0,0.0,12.06590895477399,12.1,33.40782231800077,21.600000000000705,6.9322624153973695,0.0,9.2,この先制限速度なし,この先目立った勾配なし,前方33.7m先を0.0km/h,後続列車なし,0.0,先行列車が33.7m先に停車しており距離が40m未満のため即時0点ルールが適用され、rewardは0.0となります。
156.4999999999993,Train11,次駅への減速フェーズ（駅手前400m以内）,力行（加速）中,0.1,ブレーキ（減速）,0.4,70.0,0.0,11.937355063762649,11.9,33.07462223690294,21.50000000000071,6.785568297085694,0.0,9.2,この先制限速度なし,この先目立った勾配なし,前方33.4m先を0.0km/h,後続列車なし,0.0,CBTC信号0km/hに対し加速中で速度超過、信号無視と判定し即時0点とした。
156.59999999999928,Train11,次駅への減速フェーズ（駅手前400m以内）,ブレーキ（減速）中,0.1,力行（加速）,0.1,70.0,0.0,12.157981547483992,12.2,32.73965563495551,21.40000000000072,7.038287790524775,0.0,9.2,この先制限速度なし,この先目立った勾配なし,前方33.0m先を0.0km/h,後続列車なし,0.0,先行列車との距離が33mと40m未満で衝突リスクがあるため即時ゼロルールが適用され、rewardは0.0とした。
156.69999999999928,Train11,次駅への減速フェーズ（駅手前400m以内）,ブレーキ（減速）中,0.2,力行（加速）,0.1,70.0,0.0,12.0294155256627,12.0,32.40389816729561,21.30000000000072,6.890460557036197,0.0,9.2,この先制限速度なし,この先目立った勾配なし,前方32.7m先を0.0km/h,後続列車なし,0.0,先行列車が32.7m先に停車しており接近距離が40m未満のため即時0点ルールが適用され、rewardは0.0となる。
156.79999999999927,Train11,次駅への減速フェーズ（駅手前400m以内）,ブレーキ（減速）中,0.3,力行（加速）,0.1,70.0,0.0,11.90086643249723,11.9,32.0717117192153,21.200000000000728,6.744215513792982,0.0,9.2,この先制限速度なし,この先目立った勾配なし,前方32.4m先を0.0km/h,後続列車なし,0.0,先行列車との距離が40m未満で衝突リスクがあり、即時0点規則に該当するためrewardは0.0とした。
156.89999999999927,Train11,次駅への減速フェーズ（駅手前400m以内）,ブレーキ（減速）中,0.4,力行（加速）,0.1,70.0,0.0,11.77233419347492,11.8,31.74309582161428,21.100000000000733,6.599552214106888,0.0,9.2,この先制限速度なし,この先目立った勾配なし,前方32.0m先を0.0km/h,後続列車なし,0.0,信号速度0km/hを超えて走行し、先行列車が32m先に停車しているため即時0点規則に該当し、rewardは0.0とした。
156.99999999999926,Train11,次駅への減速フェーズ（駅手前400m以内）,力行（加速）中,0.1,ブレーキ（減速）,0.4,70.0,0.0,11.643818734121323,11.6,31.418050007467,21.00000000000074,6.4564701371922,0.0,9.2,この先制限速度なし,この先目立った勾配なし,前方31.7m先を0.0km/h,後続列車なし,0.0,CBTC信号が0km/hであるにも関わらず加速し信号無視となり、即時0点規則に該当するためrewardは0.0。
157.09999999999926,Train11,次駅への減速フェーズ（駅手前400m以内）,ブレーキ（減速）中,0.1,力行（加速）,0.1,70.0,0.0,11.86602186295638,11.9,31.091213086018143,20.900000000000745,6.70484349581011,0.0,9.2,この先制限速度なし,この先目立った勾配なし,前方31.4m先を0.0km/h,後続列車なし,0.0,先行列車が31.4m先に停車しており距離が40m未満のため即時0点ルールが適用される。
157.19999999999925,Train11,次駅への減速フェーズ（駅手前400m以内）,ブレーキ（減速）中,0.2,力行（加速）,0.1,70.0,0.0,11.737494179973703,11.7,30.76356502347366,20.80000000000075,6.560608890845395,0.0,9.2,この先制限速度なし,この先目立った勾配なし,前方31.1m先を0.0km/h,後続列車なし,0.0,先行列車との距離が40m未満で衝突リスクがあり、さらに停止点より遠くでブレーキをかけているため安全性とエネルギー効率が著しく低下し、即時0点とする。
157.29999999999924,Train11,次駅への減速フェーズ（駅手前400m以内）,ブレーキ（減速）中,0.3,力行（加速）,0.1,70.0,0.0,11.608983256477543,11.6,30.439486918130143,20.70000000000076,6.417955380658365,0.0,9.2,この先制限速度なし,この先目立った勾配なし,前方30.7m先を0.0km/h,後続列車なし,0.0,先行列車が30.7m先に停車しており安全距離を下回っているため即時ゼロルールが適用され、rewardは0.0となる。
157.39999999999924,Train11,次駅への減速フェーズ（駅手前400m以内）,ブレーキ（減速）中,0.4,力行（加速）,0.1,70.0,0.0,11.480489018041755,11.5,30.118978305583965,20.60000000000076,6.276882520973127,0.0,9.2,この先制限速度なし,この先目立った勾配なし,前方30.4m先を0.0km/h,後続列車なし,0.0,信号速度0km/hに対し11.5km/hで走行し、直前の加速からすぐブレーキへの切替がノコギリ運転と判定され、即時0点規則に該当するためreward=0.0。
157.49999999999923,Train11,次駅への減速フェーズ（駅手前400m以内）,ブレーキ（減速）中,0.5,力行（加速）,0.1,70.0,0.0,11.352011390278005,11.4,29.802038723492075,20.500000000000767,6.1373898056896,0.0,9.2,この先制限速度なし,この先目立った勾配なし,前方30.1m先を0.0km/h,後続列車なし,0.0,先行列車30.1m前方で衝突リスクがあり即時0点規則に該当したため、rewardは0.0とした。
157.59999999999923,Train11,次駅への減速フェーズ（駅手前400m以内）,力行（加速）中,0.1,ブレーキ（減速）,0.5,70.0,0.0,11.223550298835589,11.2,29.48866771158265,20.400000000000773,5.999476787662895,0.0,9.2,この先制限速度なし,この先目立った勾配なし,前方29.8m先を0.0km/h,後続列車なし,0.0,CBTC信号が0km/hを示す中でブレーキせずに加速し、さらにノコギリ運転となっているため即時0点と判断した。
157.69999999999922,Train11,次駅への減速フェーズ（駅手前400m以内）,ブレーキ（減速）中,0.1,力行（加速）,0.1,70.0,0.0,11.44801012603715,11.4,29.1734704090878,20.30000000000078,6.241471517398854,0.0,9.2,この先制限速度なし,この先目立った勾配なし,前方29.5m先を0.0km/h,後続列車なし,0.0,CBTC信号が0km/hであるにも関わらず現在速度が11.4km/hで超過しており、即reward0.0ルールに該当するため0.0とした。
157.79999999999922,Train11,次駅への減速フェーズ（駅手前400m以内）,ブレーキ（減速）中,0.2,力行（加速）,0.1,70.0,0.0,11.319536685441811,11.3,28.85743295442112,20.200000000000784,6.102378176930501,0.0,9.2,この先制限速度なし,この先目立った勾配なし,前方29.2m先を0.0km/h,後続列車なし,0.0,先行列車が29.2m先に止まっており距離が40m未満のため即時0点ルールが適用され、rewardは0.0となります。
157.8999999999992,Train11,次駅への減速フェーズ（駅手前400m以内）,ブレーキ（減速）中,0.3,力行（加速）,0.1,70.0,0.0,11.191079762378944,11.2,28.54496395390882,20.10000000000079,5.964864398683594,0.0,9.2,この先制限速度なし,この先目立った勾配なし,前方28.8m先を0.0km/h,後続列車なし,0.0,先行列車との距離が28.8mと安全距離を下回り衝突リスクがあるため即時0点とした。
157.9999999999992,Train11,次駅への減速フェーズ（駅手前400m以内）,ブレーキ（減速）中,0.4,力行（加速）,0.1,70.0,0.0,11.06263928254474,11.1,28.236062949886787,20.0000000000008,5.828929720722227,0.0,9.2,この先制限速度なし,この先目立った勾配なし,前方28.5m先を0.0km/h,後続列車なし,0.0,CBTC信号0km/hに対し11.1km/hで走行し速度超過となり即時0点と判定したため。
158.0999999999992,Train11,次駅への減速フェーズ（駅手前400m以内）,ブレーキ（減速）中,0.5,力行（加速）,0.1,70.0,0.0,10.934215171672625,10.9,27.930729486715933,19.9000000000008,5.694573663707006,0.0,9.2,この先制限速度なし,この先目立った勾配なし,前方28.2m先を0.0km/h,後続列車なし,0.0,先行列車が28.2m先に停車しており安全距離40m未満のため即時0点ルールが適用され、rewardは0.0とした。
158.1999999999992,Train11,次駅への減速フェーズ（駅手前400m以内）,ブレーキ（減速）中,0.6,力行（加速）,0.1,70.0,0.0,10.805807355533092,10.8,27.628963110839067,19.800000000000807,5.561795776279762,0.0,9.2,この先制限速度なし,この先目立った勾配なし,前方27.9m先を0.0km/h,後続列車なし,0.0,CBTC信号速度0km/hを超えて走行しており即時0点ルールに該当するためrewardは0.0とした。
158.2999999999992,Train11,次駅への減速フェーズ（駅手前400m以内）,力行（加速）中,0.1,ブレーキ（減速）,0.6,70.0,0.0,10.67741575993352,10.7,27.33076337075957,19.700000000000813,5.430595578481933,0.0,9.2,この先制限速度なし,この先目立った勾配なし,前方27.6m先を0.0km/h,後続列車なし,0.0,信号速度0km/hを無視し加速、先行列車27.6m先で安全距離不足、即時0点規則に該当するためreward=0.0。
158.39999999999918,Train11,次駅への減速フェーズ（駅手前400m以内）,ブレーキ（減速）中,0.1,力行（加速）,0.1,70.0,0.0,10.90480699751129,10.9,27.03069165177041,19.60000000000082,5.6640268236487925,0.0,9.2,この先制限速度なし,この先目立った勾配なし,前方27.3m先を0.0km/h,後続列車なし,0.0,先行列車が27.3m先に止まっており、40m未満の接近距離で衝突リスクがあるため即時0点とした。
158.49999999999918,Train11,次駅への減速フェーズ（駅手前400m以内）,ブレーキ（減速）中,0.2,力行（加速）,0.1,70.0,0.0,10.776402902594311,10.8,26.72974211272816,19.500000000000824,5.531610291754792,0.0,9.2,この先制限速度なし,この先目立った勾配なし,前方27.0m先を0.0km/h,後続列車なし,0.0,信号速度0km/hに対し10.8km/hで走行し、ブレーキ開始が必要距離より大幅に早く、即時0点規則に該当。
158.59999999999917,Train11,次駅への減速フェーズ（駅手前400m以内）,ブレーキ（減速）中,0.3,力行（加速）,0.1,70.0,0.0,10.648015011231577,10.6,26.432359106376424,19.40000000000083,5.400771333884904,0.0,9.2,この先制限速度なし,この先目立った勾配なし,前方26.7m先を0.0km/h,後続列車なし,0.0,信号速度0km/hを超えて走行し、0.1秒の加速からブレーキへの短時間切替がノコギリ運転と判定されたためrewardは0.0とした。
158.69999999999916,Train11,次駅への減速フェーズ（駅手前400m以内）,ブレーキ（減速）中,0.4,力行（加速）,0.1,70.0,0.0,10.519643249275548,10.5,26.138542183751667,19.30000000000084,5.271509528904904,0.0,9.2,この先制限速度なし,この先目立った勾配なし,前方26.4m先を0.0km/h,後続列車なし,0.0,前ノッチが0.1秒の加速からすぐブレーキへ切替し、ノコギリ運転と判定され、prev_notch_durationが2秒未満のためreward上限は0.0となる。
158.79999999999916,Train11,次駅への減速フェーズ（駅手前400m以内）,ブレーキ（減速）中,0.5,力行（加速）,0.1,70.0,0.0,10.391287542615196,10.4,25.84829089794028,19.20000000000084,5.143824378349684,0.0,9.2,この先制限速度なし,この先目立った勾配なし,前方26.1m先を0.0km/h,後続列車なし,0.0,先行列車が26.1m前方に停車しており距離が40m未満のため即時0点ルールが適用され、rewardは0.0となる。
158.89999999999915,Train11,次駅への減速フェーズ（駅手前400m以内）,ブレーキ（減速）中,0.6,力行（加速）,0.1,70.0,0.0,10.262947817175808,10.3,25.56160480410341,19.100000000000847,5.01771546962222,0.0,9.2,この先制限速度なし,この先目立った勾配なし,前方25.9m先を0.0km/h,後続列車なし,0.0,現在速度が信号0km/hを超えており、先行列車が25.9m先にいるため即時ゼロ規則に該当し、rewardは0.0とする。
158.99999999999915,Train11,次駅への減速フェーズ（駅手前400m以内）,ブレーキ（減速）中,0.7,力行（加速）,0.1,70.0,0.0,10.134623998918816,10.1,25.27848345943795,19.000000000000853,4.893182305637469,0.0,9.2,この先制限速度なし,この先目立った勾配なし,前方25.6m先を0.0km/h,後続列車なし,0.0,信号速度0km/hに対し現在速度10.1km/hが超過しており、即時0点規則に該当するためreward=0.0とした。
159.09999999999914,Train11,次駅への減速フェーズ（駅手前400m以内）,ブレーキ（減速）中,0.7999999999999999,力行（加速）,0.1,70.0,0.0,10.006316013841632,10.0,24.998926423219103,18.90000000000086,4.770224482000484,0.0,9.2,この先制限速度なし,この先目立った勾配なし,前方25.3m先を0.0km/h,後続列車なし,0.0,先行列車が25.3m先に停車しており接近距離が40m未満のため即時ゼロルールが適用され、rewardは0.0とした。
159.19999999999914,Train11,次駅への減速フェーズ（駅手前400m以内）,ブレーキ（減速）中,0.8999999999999999,力行（加速）,0.1,70.0,0.0,9.87802378797746,9.9,24.722933256761337,18.800000000000864,4.648841503325448,0.0,9.2,この先制限速度なし,この先目立った勾配なし,前方25.0m先を0.0km/h,後続列車なし,0.0,CBTC信号0km/hを超える速度で走行し、delta_stopが20mと大きく、即時0点と判定。
159.29999999999913,Train11,次駅への減速フェーズ（駅手前400m以内）,ブレーキ（減速）中,1.0,力行（加速）,0.1,70.0,0.0,9.749747247395137,9.7,24.45050352343614,18.70000000000087,4.529032972990426,0.0,9.2,この先制限速度なし,この先目立った勾配なし,前方24.7m先を0.0km/h,後続列車なし,0.0,先行列車が24.7m先に停止しており距離が40m未満のため即時ゼロルールが適用され、rewardは0.0とした。
159.39999999999912,Train11,次駅への減速フェーズ（駅手前400m以内）,ブレーキ（減速）中,1.1,力行（加速）,0.1,70.0,0.0,9.621486318198942,9.6,24.18163678866847,18.600000000000875,4.410798397928281,0.0,9.2,この先制限速度なし,この先目立った勾配なし,前方24.5m先を0.0km/h,後続列車なし,0.0,先行列車との距離が24.5mと40m未満で衝突リスクが高く、即時0点ルールが適用されたためreward=0.0とした。
159.49999999999912,Train11,次駅への減速フェーズ（駅手前400m以内）,ブレーキ（減速）中,1.2,力行（加速）,0.1,70.0,0.0,9.493240926528443,9.5,23.916332619950964,18.50000000000088,4.294137386186825,0.0,9.2,この先制限速度なし,この先目立った勾配なし,前方24.2m先を0.0km/h,後続列車なし,0.0,CBTC信号速度0km/hを超えて9.5km/hで走行しており即時0点ルールに該当するためreward=0.0とした。
159.5999999999991,Train11,次駅への減速フェーズ（駅手前400m以内）,ブレーキ（減速）中,1.3,力行（加速）,0.1,70.0,0.0,9.365010998558311,9.4,23.654590586801305,18.400000000000887,4.179049454853152,0.0,9.2,この先制限速度なし,この先目立った勾配なし,前方24.0m先を0.0km/h,後続列車なし,0.0,先行列車が24m先に停車しており接近距離が40m未満のため即時0点ルールが適用され、rewardは0.0とした。
159.6999999999991,Train11,次駅への減速フェーズ（駅手前400m以内）,ブレーキ（減速）中,1.4,力行（加速）,0.1,70.0,0.0,9.236796460498145,9.2,23.396410260801304,18.30000000000089,4.065534209067969,0.0,9.2,この先制限速度なし,この先目立った勾配なし,前方23.7m先を0.0km/h,後続列車なし,0.0,ブレーキが停止点より遠くで開始され(delta_stop=19.33m)過剰減速と、0.1秒の力行から1.4秒のブレーキへの短時間反転でノコギリ運転と判定されたためrewardは0.0とした。
159.7999999999991,Train11,次駅への減速フェーズ（駅手前400m以内）,ブレーキ（減速）中,1.5000000000000002,力行（加速）,0.1,70.0,0.0,9.108597238592305,9.1,23.141791215579133,18.20000000000089,3.9535911783552975,0.0,9.2,この先制限速度なし,この先目立った勾配なし,前方23.4m先を0.0km/h,後続列車なし,0.0,先行列車が23.4m先に停車しており距離が40m未満のため即時ゼロ規則が適用され、rewardは0.0とした。
159.8999999999991,Train11,次駅への減速フェーズ（駅手前400m以内）,ブレーキ（減速）中,1.6000000000000003,力行（加速）,0.1,70.0,0.0,8.980413259119734,9.0,22.890733026819987,18.100000000000904,3.843219965294357,0.0,9.2,この先制限速度なし,この先目立った勾配なし,前方23.2m先を0.0km/h,後続列車なし,0.0,現在速度がCBTC信号0km/hを超えており、即reward0.0ルールが適用されたため評価は0.0とする。
159.9999999999991,Train11,次駅への減速フェーズ（駅手前400m以内）,ブレーキ（減速）中,1.7000000000000004,力行（加速）,0.1,70.0,0.0,8.852244448393806,8.9,22.64323527224477,18.00000000000091,3.734420111493988,0.0,9.2,この先制限速度なし,この先目立った勾配なし,前方22.9m先を0.0km/h,後続列車なし,0.0,先行列車との距離が22.9mと安全基準を下回り即時ゼロ規則に該当するため、rewardは0.0とする。
160.09999999999908,Train11,次駅への減速フェーズ（駅手前400m以内）,ブレーキ（減速）中,1.8000000000000005,力行（加速）,0.1,70.0,0.0,8.724090732762114,8.7,22.399297531624285,17.900000000000915,3.6271912173087104,0.0,9.2,この先制限速度なし,この先目立った勾配なし,前方22.7m先を0.0km/h,後続列車なし,0.0,先行列車が22.7m先に停車しており、衝突リスクが40m未満のため即時ゼロルールが適用され、rewardは0.0とした。
160.19999999999908,Train11,次駅への減速フェーズ（駅手前400m以内）,ブレーキ（減速）中,1.9000000000000008,力行（加速）,0.1,70.0,0.0,8.595952038606335,8.6,22.158919386768616,17.80000000000092,3.5215328360889213,0.0,9.2,この先制限速度なし,この先目立った勾配なし,前方22.5m先を0.0km/h,後続列車なし,0.0,先行列車が22.5m先で停止しており距離が40m未満、ブレーキ開始が早すぎて停止位置が大幅に前方になるため0.0点とした。
160.29999999999907,Train11,次駅への減速フェーズ（駅手前400m以内）,ブレーキ（減速）中,2.0000000000000004,力行（加速）,0.1,70.0,0.0,8.46782829234204,8.5,21.92210042154485,17.700000000000927,3.41744456629262,0.0,9.2,この先制限速度なし,この先目立った勾配なし,前方22.2m先を0.0km/h,後続列車なし,0.0,先行列車が22.2m先に停車しており、衝突距離基準40m未満のため即時ゼロルールが適用され、rewardは0.0とした。
