time,train_id,phase,current_notch,holding_time,prev_notch,prev_notch_duration,speed_limit,signal_speed,current_speed,required_speed,dist_to_next_station,time_to_next_station,req_stop_dist,delay,current_gradient,next_limit_info,next_gradient_info,forward_info,backward_info,reward,reason
0,Train11,次駅への減速フェーズ（駅手前400m以内）,ブレーキ（減速）中,1.0,惰行,15.0,70.0,70.0,1.0,70.0,0.05,0.2,0.053731928280769,0.0,0.0,この先制限速度なし,この先目立った勾配なし,先行列車なし,後続列車なし,1.0,ブレーキが適切に作動しdelta_stopが0m付近で停止位置が確保され、速度・信号超過なしで安全かつ定時に停止できたため最高評価とした。
1,Train11,次駅への減速フェーズ（駅手前400m以内）,ブレーキ（減速）中,1.0,惰行,15.0,70.0,70.0,1.0,70.0,0.05,0.0,0.053731928280769,10.0,0.0,この先制限速度なし,この先目立った勾配なし,先行列車なし,後続列車なし,1.0,ブレーキが適切に掛かりdelta_stopが0mで停止位置が正確なため、全項目で問題なく評価し1.0とした。
2,Train11,次駅への減速フェーズ（駅手前400m以内）,ブレーキ（減速）中,11.8,惰行,20.0,70.0,70.0,1.0,70.0,0.05,0.2,0.053731928280769,0.0,0.0,この先制限速度なし,この先目立った勾配なし,先行列車なし,後続列車なし,1.0,ブレーキが適切な位置で作動しdelta_stop≈0で停止位置が正確、速度制限・CBTC遵守、遅延なしのため最高評価とした。
3,Train11,次駅への減速フェーズ（駅手前400m以内）,ブレーキ（減速）中,11.8,惰行,20.0,70.0,70.0,1.0,70.0,0.05,0.0,0.053731928280769,10.0,0.0,この先制限速度なし,この先目立った勾配なし,先行列車なし,後続列車なし,1.0,次駅減速フェーズでブレーキが適切に作動し、停止位置誤差がほぼ0mで安全かつ省エネ的に問題なく、他の評価項目に違反なし。
4,Train11,次駅への減速フェーズ（駅手前400m以内）,ブレーキ（減速）中,4.0,惰行,15.0,70.0,70.0,1.0,70.0,0.05,0.2,0.053731928280769,0.0,0.0,この先制限速度なし,この先目立った勾配なし,先行列車なし,後続列車なし,1.0,ブレーキが適切に作動し、停止位置誤差が0mで安全かつ定時に停止できているため高評価。
5,Train11,次駅への減速フェーズ（駅手前400m以内）,ブレーキ（減速）中,4.0,惰行,15.0,70.0,70.0,1.0,70.0,0.05,0.0,0.053731928280769,10.0,0.0,この先制限速度なし,この先目立った勾配なし,先行列車なし,後続列車なし,1.0,次駅減速フェーズでブレーキが適切にかかり、delta_stop≈0で停止位置が正確に確保されているため高評価。
6,Train11,次駅への減速フェーズ（駅手前400m以内）,ブレーキ（減速）中,1.0,惰行,15.0,70.0,70.0,1.0,1.0,0.55,2.2,0.053731928280769,0.0,0.0,この先制限速度なし,この先目立った勾配なし,先行列車なし,後続列車なし,1.0,次駅減速フェーズで適切にブレーキをかけ、delta_stopが0.5mで停止位置が良好、速度は制限内でエネルギー無駄なしと評価し高評価とした。
7,Train11,次駅への減速フェーズ（駅手前400m以内）,ブレーキ（減速）中,1.0,惰行,15.0,70.0,70.0,1.0,70.0,0.55,0.0,0.053731928280769,10.0,0.0,この先制限速度なし,この先目立った勾配なし,先行列車なし,後続列車なし,1.0,ブレーキが適切に作動しdelta_stopが5m以内で停止位置確保、速度・信号超過なし、ノコギリ運転もなく安全かつ省エネな減速と判断。
8,Train11,次駅への減速フェーズ（駅手前400m以内）,ブレーキ（減速）中,11.8,惰行,20.0,70.0,70.0,1.0,1.0,0.55,2.2,0.053731928280769,0.0,0.0,この先制限速度なし,この先目立った勾配なし,先行列車なし,後続列車なし,1.0,ブレーキが適切に掛かり、delta_stopが0.5mで停止位置が確保され、速度・信号遵守も問題なく評価が高い。
9,Train11,次駅への減速フェーズ（駅手前400m以内）,ブレーキ（減速）中,11.8,惰行,20.0,70.0,70.0,1.0,70.0,0.55,0.0,0.053731928280769,10.0,0.0,この先制限速度なし,この先目立った勾配なし,先行列車なし,後続列車なし,1.0,ブレーキが適切に作動しdelta_stopが0.5mで許容範囲内、速度制限・CBTC遵守、ノコギリ運転なし、遅延は過去のもので現在の操作に問題なし。
10,Train11,次駅への減速フェーズ（駅手前400m以内）,ブレーキ（減速）中,4.0,惰行,15.0,70.0,70.0,1.0,1.0,0.55,2.2,0.053731928280769,0.0,0.0,この先制限速度なし,この先目立った勾配なし,先行列車なし,後続列車なし,1.0,次駅減速フェーズでブレーキ中、delta_stopが0.5mで許容範囲内のため適切と判断し高評価。
11,Train11,次駅への減速フェーズ（駅手前400m以内）,ブレーキ（減速）中,4.0,惰行,15.0,70.0,70.0,1.0,70.0,0.55,0.0,0.053731928280769,10.0,0.0,この先制限速度なし,この先目立った勾配なし,先行列車なし,後続列車なし,1.0,ブレーキが適切に掛かっており、delta_stopが5m以内で停止位置も正確、速度・CBTC制限を遵守しているため高評価。
12,Train11,次駅への減速フェーズ（駅手前400m以内）,ブレーキ（減速）中,1.0,惰行,15.0,70.0,70.0,1.0,1.0,1.05,4.2,0.053731928280769,0.0,0.0,この先制限速度なし,この先目立った勾配なし,先行列車なし,後続列車なし,1.0,ブレーキが適切に作動し、delta_stopが1.0mで停止位置が許容範囲内、速度・信号遵守、ノコギリ運転なしで安全かつ定時に停止できるため高評価。
13,Train11,次駅への減速フェーズ（駅手前400m以内）,ブレーキ（減速）中,1.0,惰行,15.0,70.0,70.0,1.0,70.0,1.05,0.0,0.053731928280769,10.0,0.0,この先制限速度なし,この先目立った勾配なし,先行列車なし,後続列車なし,1.0,ブレーキ中でdelta_stopが1mと許容範囲内、速度・信号遵守、ノコギリ運転なしのため最高評価とした。
14,Train11,次駅への減速フェーズ（駅手前400m以内）,ブレーキ（減速）中,11.8,惰行,20.0,70.0,70.0,1.0,1.0,1.05,4.2,0.053731928280769,0.0,0.0,この先制限速度なし,この先目立った勾配なし,先行列車なし,後続列車なし,1.0,ブレーキが適切に掛かり、delta_stopが1mで停止位置が確保でき、速度・信号超過なしで安全かつ定時に停止できるため高評価とした。
15,Train11,次駅への減速フェーズ（駅手前400m以内）,ブレーキ（減速）中,11.8,惰行,20.0,70.0,70.0,1.0,70.0,1.05,0.0,0.053731928280769,10.0,0.0,この先制限速度なし,この先目立った勾配なし,先行列車なし,後続列車なし,1.0,ブレーキ中でdelta_stopが1.0mと5m以内に収まり、信号・制限速度を遵守し、ノコギリ運転もなく適切な減速と停止が可能なため高評価。
16,Train11,次駅への減速フェーズ（駅手前400m以内）,ブレーキ（減速）中,4.0,惰行,15.0,70.0,70.0,1.0,1.0,1.05,4.2,0.053731928280769,0.0,0.0,この先制限速度なし,この先目立った勾配なし,先行列車なし,後続列車なし,1.0,ブレーキが適切に掛かり、delta_stopが1mで許容範囲内、速度・信号・制限をすべて遵守しているため高評価とした。
17,Train11,次駅への減速フェーズ（駅手前400m以内）,ブレーキ（減速）中,4.0,惰行,15.0,70.0,70.0,1.0,70.0,1.05,0.0,0.053731928280769,10.0,0.0,この先制限速度なし,この先目立った勾配なし,先行列車なし,後続列車なし,1.0,次駅減速フェーズでブレーキが適切に作動し、速度・信号・停止位置すべて遵守しているため最高評価とした。
18,Train11,次駅への減速フェーズ（駅手前400m以内）,ブレーキ（減速）中,1.0,惰行,15.0,70.0,70.0,1.0,1.0,1.55,6.2,0.053731928280769,0.0,0.0,この先制限速度なし,この先目立った勾配なし,先行列車なし,後続列車なし,1.0,減速フェーズで適切にブレーキをかけ、delta_stopが5m以内で停止位置も良好、速度・信号遵守、ノコギリ運転なしで評価が高く1.0とした。
19,Train11,次駅への減速フェーズ（駅手前400m以内）,ブレーキ（減速）中,1.0,惰行,15.0,70.0,70.0,1.0,70.0,1.55,0.0,0.053731928280769,10.0,0.0,この先制限速度なし,この先目立った勾配なし,先行列車なし,後続列車なし,0.9,ブレーキ中でdelta_stopが1.5mと5m以内であり、信号・速度制限を遵守しノコギリ運転もなく、停止位置も適切に達成できるため高評価とした。
20,Train11,次駅への減速フェーズ（駅手前400m以内）,ブレーキ（減速）中,11.8,惰行,20.0,70.0,70.0,1.0,1.0,1.55,6.2,0.053731928280769,0.0,0.0,この先制限速度なし,この先目立った勾配なし,先行列車なし,後続列車なし,0.9,ブレーキが適切にかかり、delta_stopが1.5mで|Δ|≤5mの高評価範囲に入り、速度・信号・安全すべて遵守しているため0.9とした。
21,Train11,次駅への減速フェーズ（駅手前400m以内）,ブレーキ（減速）中,11.8,惰行,20.0,70.0,70.0,1.0,70.0,1.55,0.0,0.053731928280769,10.0,0.0,この先制限速度なし,この先目立った勾配なし,先行列車なし,後続列車なし,1.0,次駅減速フェーズで適切にブレーキをかけ、delta_stopが1.5mで停止位置誤差が5m以内、速度・信号遵守、ノコギリ運転なしと評価し最高点とする。
22,Train11,次駅への減速フェーズ（駅手前400m以内）,ブレーキ（減速）中,4.0,惰行,15.0,70.0,70.0,1.0,1.0,1.55,6.2,0.053731928280769,0.0,0.0,この先制限速度なし,この先目立った勾配なし,先行列車なし,後続列車なし,1.0,ブレーキが適切に作動し、delta_stopが1.5mで停止位置が許容範囲内、速度・信号・遅延すべて遵守しているため高評価とした。
23,Train11,次駅への減速フェーズ（駅手前400m以内）,ブレーキ（減速）中,4.0,惰行,15.0,70.0,70.0,1.0,70.0,1.55,0.0,0.053731928280769,10.0,0.0,この先制限速度なし,この先目立った勾配なし,先行列車なし,後続列車なし,1.0,ブレーキが適切に作動し、delta_stopが1.5mで許容範囲内、速度は制限内でCBTC遵守、ノコギリ運転なし、全基準を満たすため最高評価とする。
24,Train11,次駅への減速フェーズ（駅手前400m以内）,ブレーキ（減速）中,1.0,惰行,15.0,70.0,70.0,1.0,1.0,2.05,8.2,0.053731928280769,0.0,0.0,この先制限速度なし,この先目立った勾配なし,先行列車なし,後続列車なし,1.0,次駅減速フェーズでブレーキを適切に使用し、delta_stopが2mで停止位置が確保されているため評価は高く、ノコギリ運転や余分な力行はなし。
25,Train11,次駅への減速フェーズ（駅手前400m以内）,ブレーキ（減速）中,1.0,惰行,15.0,70.0,70.0,1.0,70.0,2.05,0.0,0.053731928280769,10.0,0.0,この先制限速度なし,この先目立った勾配なし,先行列車なし,後続列車なし,1.0,ブレーキ中でdelta_stopが2mと許容範囲内、速度も制限・CBTC内であり、ノコギリ運転なしで適切に停止位置へ向かっているため最高評価とした。
26,Train11,次駅への減速フェーズ（駅手前400m以内）,ブレーキ（減速）中,11.8,惰行,20.0,70.0,70.0,1.0,1.0,2.05,8.2,0.053731928280769,0.0,0.0,この先制限速度なし,この先目立った勾配なし,先行列車なし,後続列車なし,1.0,次駅減速フェーズでブレーキが適切に掛かり、delta_stopが2mで停止位置誤差が5m以内のため高評価とした。
27,Train11,次駅への減速フェーズ（駅手前400m以内）,ブレーキ（減速）中,11.8,惰行,20.0,70.0,70.0,1.0,70.0,2.05,0.0,0.053731928280769,10.0,0.0,この先制限速度なし,この先目立った勾配なし,先行列車なし,後続列車なし,0.9,ブレーキで適切に減速し、delta_stopが2mで許容範囲内、速度・信号遵守、ノコギリ運転なしのため高評価。
28,Train11,次駅への減速フェーズ（駅手前400m以内）,ブレーキ（減速）中,4.0,惰行,15.0,70.0,70.0,1.0,1.0,2.05,8.2,0.053731928280769,0.0,0.0,この先制限速度なし,この先目立った勾配なし,先行列車なし,後続列車なし,1.0,次駅減速フェーズでブレーキが適切にかかり、delta_stopが2mで許容範囲内、速度・信号・制限を遵守しノコギリ運転もなしと判断し高評価とした。
29,Train11,次駅への減速フェーズ（駅手前400m以内）,ブレーキ（減速）中,4.0,惰行,15.0,70.0,70.0,1.0,70.0,2.05,0.0,0.053731928280769,10.0,0.0,この先制限速度なし,この先目立った勾配なし,先行列車なし,後続列車なし,1.0,ブレーキ中でdelta_stopが2mと許容範囲内、速度も制限内で停止位置が適切に保たれているため高評価とします。
30,Train11,次駅への減速フェーズ（駅手前400m以内）,ブレーキ（減速）中,1.0,惰行,15.0,70.0,70.0,1.0,1.0,3.05,12.2,0.053731928280769,0.0,0.0,この先制限速度なし,この先目立った勾配なし,先行列車なし,後続列車なし,1.0,次駅減速フェーズで適切にブレーキをかけ、delta_stopが3mで停止位置は許容範囲内、速度・信号遵守、ノコギリ運転なしと評価し高評価とした。
31,Train11,次駅への減速フェーズ（駅手前400m以内）,ブレーキ（減速）中,1.0,惰行,15.0,70.0,70.0,1.0,70.0,3.05,0.0,0.053731928280769,10.0,0.0,この先制限速度なし,この先目立った勾配なし,先行列車なし,後続列車なし,0.9,ブレーキ中でdelta_stopが3mと許容範囲内であり、速度・CBTC制限を遵守し、ノコギリ運転もなく適切な減速フェーズと判断したため高評価。
32,Train11,次駅への減速フェーズ（駅手前400m以内）,ブレーキ（減速）中,11.8,惰行,20.0,70.0,70.0,1.0,1.0,3.05,12.2,0.053731928280769,0.0,0.0,この先制限速度なし,この先目立った勾配なし,先行列車なし,後続列車なし,1.0,ブレーキが適切に作動し、delta_stopが3mで停止位置が許容範囲内、速度・信号遵守の問題なしと評価し、最高評価とした。
33,Train11,次駅への減速フェーズ（駅手前400m以内）,ブレーキ（減速）中,11.8,惰行,20.0,70.0,70.0,1.0,70.0,3.05,0.0,0.053731928280769,10.0,0.0,この先制限速度なし,この先目立った勾配なし,先行列車なし,後続列車なし,1.0,ブレーキが適切に掛かりdelta_stopが3mで許容範囲内、速度制限・CBTC遵守のため評価は最高点とした。
34,Train11,次駅への減速フェーズ（駅手前400m以内）,ブレーキ（減速）中,4.0,惰行,15.0,70.0,70.0,1.0,1.0,3.05,12.2,0.053731928280769,0.0,0.0,この先制限速度なし,この先目立った勾配なし,先行列車なし,後続列車なし,0.9,ブレーキ中で速度が制限・信号を下回り、delta_stopが3mと許容範囲内のため適切に停止できると判断した。
35,Train11,次駅への減速フェーズ（駅手前400m以内）,ブレーキ（減速）中,4.0,惰行,15.0,70.0,70.0,1.0,70.0,3.05,0.0,0.053731928280769,10.0,0.0,この先制限速度なし,この先目立った勾配なし,先行列車なし,後続列車なし,0.9,ブレーキが作動し、delta_stopが3mで許容範囲内のため停止位置は適切であり、他の安全違反はない。
36,Train11,次駅への減速フェーズ（駅手前400m以内）,ブレーキ（減速）中,1.0,惰行,15.0,70.0,70.0,1.0,1.0,4.05,16.2,0.053731928280769,0.0,0.0,この先制限速度なし,この先目立った勾配なし,先行列車なし,後続列車なし,1.0,ブレーキが適切に掛かり、delta_stopが4mで許容範囲内のため、減速フェーズの操作は安全かつ定時に適合し高評価とした。
37,Train11,次駅への減速フェーズ（駅手前400m以内）,ブレーキ（減速）中,1.0,惰行,15.0,70.0,70.0,1.0,70.0,4.05,0.0,0.053731928280769,10.0,0.0,この先制限速度なし,この先目立った勾配なし,先行列車なし,後続列車なし,0.9,ブレーキが適切にかかっておりΔstop=4mで停止位置が許容範囲内、速度・信号遵守の違反なしのため高評価とした。
38,Train11,次駅への減速フェーズ（駅手前400m以内）,ブレーキ（減速）中,11.8,惰行,20.0,70.0,70.0,1.0,1.0,4.05,16.2,0.053731928280769,0.0,0.0,この先制限速度なし,この先目立った勾配なし,先行列車なし,後続列車なし,1.0,次駅減速フェーズでブレーキが適切に掛かり、Δstopが5m以内で停止位置も良好、速度制限・CBTC遵守、ノコギリ運転なしと評価し最高点とした。
39,Train11,次駅への減速フェーズ（駅手前400m以内）,ブレーキ（減速）中,11.8,惰行,20.0,70.0,70.0,1.0,70.0,4.05,0.0,0.053731928280769,10.0,0.0,この先制限速度なし,この先目立った勾配なし,先行列車なし,後続列車なし,1.0,ブレーキ中でdelta_stopが4mと許容範囲内であり、信号・制限速度を遵守、ノコギリ運転なしで適切な減速と判断し高評価とした。
40,Train11,次駅への減速フェーズ（駅手前400m以内）,ブレーキ（減速）中,4.0,惰行,15.0,70.0,70.0,1.0,1.0,4.05,16.2,0.053731928280769,0.0,0.0,この先制限速度なし,この先目立った勾配なし,先行列車なし,後続列車なし,1.0,全ての上位項目で安全・信号遵守・停止位置が適切であり、不要な加速やノコギリ運転が無いため最高評価とした。
41,Train11,次駅への減速フェーズ（駅手前400m以内）,ブレーキ（減速）中,4.0,惰行,15.0,70.0,70.0,1.0,70.0,4.05,0.0,0.053731928280769,10.0,0.0,この先制限速度なし,この先目立った勾配なし,先行列車なし,後続列車なし,1.0,ブレーキ中でdelta_stopが4m（5m以内）と停止位置が適切、速度は制限・CBTC内、ノコギリ運転なし、遅延はあるが安全性に問題なしと判断し高評価とした。
42,Train11,次駅への減速フェーズ（駅手前400m以内）,ブレーキ（減速）中,1.0,惰行,15.0,70.0,70.0,2.0,70.0,0.21,0.8,0.2148808499115298,0.0,0.0,この先制限速度なし,この先目立った勾配なし,先行列車なし,後続列車なし,1.0,ブレーキが適切に適用され、delta_stopが0に近く制限速度・CBTC速度を遵守し、停止位置も正確に達成できるため高評価とする。
43,Train11,次駅への減速フェーズ（駅手前400m以内）,ブレーキ（減速）中,1.0,惰行,15.0,70.0,70.0,2.0,70.0,0.21,0.0,0.2148808499115298,10.0,0.0,この先制限速度なし,この先目立った勾配なし,先行列車なし,後続列車なし,1.0,ブレーキ中でdelta_stopが0m付近、速度・信号・制限をすべて遵守しているため高評価とした。
44,Train11,次駅への減速フェーズ（駅手前400m以内）,ブレーキ（減速）中,11.4,惰行,20.0,70.0,70.0,2.0,70.0,0.21,0.8,0.2148808499115298,0.0,0.0,この先制限速度なし,この先目立った勾配なし,先行列車なし,後続列車なし,1.0,ブレーキが適切に作動しdelta_stop≈0で正確に停止位置を達成、速度制限・CBTC遵守も問題なく、減点要因が無いため最高評価とした。
45,Train11,次駅への減速フェーズ（駅手前400m以内）,ブレーキ（減速）中,11.4,惰行,20.0,70.0,70.0,2.0,70.0,0.21,0.0,0.2148808499115298,10.0,0.0,この先制限速度なし,この先目立った勾配なし,先行列車なし,後続列車なし,1.0,ブレーキが適切に掛かりdelta_stopが0m付近で停止位置が確保され、速度・CBTC制限を遵守しているため高評価とした。
46,Train11,次駅への減速フェーズ（駅手前400m以内）,ブレーキ（減速）中,4.0,惰行,15.0,70.0,70.0,2.0,70.0,0.21,0.8,0.2148808499115298,0.0,0.0,この先制限速度なし,この先目立った勾配なし,先行列車なし,後続列車なし,1.0,次駅減速フェーズでブレーキが適切に作動し、delta_stop≈0で停止位置が正確なため高評価とし、rewardを1.0とした。
47,Train11,次駅への減速フェーズ（駅手前400m以内）,ブレーキ（減速）中,4.0,惰行,15.0,70.0,70.0,2.0,70.0,0.21,0.0,0.2148808499115298,10.0,0.0,この先制限速度なし,この先目立った勾配なし,先行列車なし,後続列車なし,1.0,ブレーキが適切な位置で作動し、delta_stopが±5m以内でCBTC・速度制限を遵守しているため、評価は最高点とした。
48,Train11,次駅への減速フェーズ（駅手前400m以内）,ブレーキ（減速）中,1.0,惰行,15.0,70.0,70.0,2.0,2.0,0.71,2.6,0.2148808499115298,0.0,0.0,この先制限速度なし,この先目立った勾配なし,先行列車なし,後続列車なし,1.0,制限速度・CBTCを遵守し、ブレーキでΔstop=0.5mの停止位置に適合、ノコギリ運転なしで適切な減速と判断し高評価。
49,Train11,次駅への減速フェーズ（駅手前400m以内）,ブレーキ（減速）中,1.0,惰行,15.0,70.0,70.0,2.0,70.0,0.71,0.0,0.2148808499115298,10.0,0.0,この先制限速度なし,この先目立った勾配なし,先行列車なし,後続列車なし,0.9,ブレーキ中でdelta_stopが0.5mと許容範囲内、速度制限・CBTC遵守、ノコギリ運転なし、停止位置が適切なため高評価。
50,Train11,次駅への減速フェーズ（駅手前400m以内）,ブレーキ（減速）中,11.4,惰行,20.0,70.0,70.0,2.0,2.0,0.71,2.6,0.2148808499115298,0.0,0.0,この先制限速度なし,この先目立った勾配なし,先行列車なし,後続列車なし,1.0,次駅減速フェーズでブレーキが適切にかかり、delta_stopが0.5mで停止位置誤差が小さく、速度・信号遵守、無駄な加速なしと評価し、最高評価とした。
51,Train11,次駅への減速フェーズ（駅手前400m以内）,ブレーキ（減速）中,11.4,惰行,20.0,70.0,70.0,2.0,70.0,0.71,0.0,0.2148808499115298,10.0,0.0,この先制限速度なし,この先目立った勾配なし,先行列車なし,後続列車なし,1.0,ブレーキが適切にかかりdelta_stopが0.5mで停止位置が許容範囲内、速度・信号遵守も問題なく、ノコギリ運転なしと評価し高評価とした。
52,Train11,次駅への減速フェーズ（駅手前400m以内）,ブレーキ（減速）中,4.0,惰行,15.0,70.0,70.0,2.0,2.0,0.71,2.6,0.2148808499115298,0.0,0.0,この先制限速度なし,この先目立った勾配なし,先行列車なし,後続列車なし,1.0,ブレーキ中でdelta_stopが0.5mと許容範囲内、速度・信号速度を遵守し、ノコギリ運転条件を満たさず、全項目で問題なしと判断しrewardを1.0とした。
53,Train11,次駅への減速フェーズ（駅手前400m以内）,ブレーキ（減速）中,4.0,惰行,15.0,70.0,70.0,2.0,70.0,0.71,0.0,0.2148808499115298,10.0,0.0,この先制限速度なし,この先目立った勾配なし,先行列車なし,後続列車なし,1.0,ブレーキが適切に作動しdelta_stopが0.5mと許容範囲内で停止位置が確保され、即時0点要因が無いため高評価。
54,Train11,次駅への減速フェーズ（駅手前400m以内）,ブレーキ（減速）中,1.0,惰行,15.0,70.0,70.0,2.0,2.0,1.21,4.4,0.2148808499115298,0.0,0.0,この先制限速度なし,この先目立った勾配なし,先行列車なし,後続列車なし,1.0,次駅減速フェーズでブレーキを適切に掛け、delta_stopが1mで停止位置誤差が5m以内であり、速度・信号遵守・ノコギリ運転なしと評価できるため高評価。
55,Train11,次駅への減速フェーズ（駅手前400m以内）,ブレーキ（減速）中,1.0,惰行,15.0,70.0,70.0,2.0,70.0,1.21,0.0,0.2148808499115298,10.0,0.0,この先制限速度なし,この先目立った勾配なし,先行列車なし,後続列車なし,0.9,ブレーキ中でdelta_stopが1mと許容範囲内、速度・信号遵守、ノコギリ運転なし、遅延はあるが停止位置は適切であるため高評価とした。
56,Train11,次駅への減速フェーズ（駅手前400m以内）,ブレーキ（減速）中,11.4,惰行,20.0,70.0,70.0,2.0,2.0,1.21,4.4,0.2148808499115298,0.0,0.0,この先制限速度なし,この先目立った勾配なし,先行列車なし,後続列車なし,1.0,次駅減速フェーズでブレーキが適切にかかり、delta_stopが1mで停止位置が許容範囲内のため評価は高く、rewardを1.0とした。
57,Train11,次駅への減速フェーズ（駅手前400m以内）,ブレーキ（減速）中,11.4,惰行,20.0,70.0,70.0,2.0,70.0,1.21,0.0,0.2148808499115298,10.0,0.0,この先制限速度なし,この先目立った勾配なし,先行列車なし,後続列車なし,0.9,ブレーキが適切にかかりdelta_stopが1.0mで停止位置が許容範囲内、速度・CBTC遵守のため高評価とした。
58,Train11,次駅への減速フェーズ（駅手前400m以内）,ブレーキ（減速）中,4.0,惰行,15.0,70.0,70.0,2.0,2.0,1.21,4.4,0.2148808499115298,0.0,0.0,この先制限速度なし,この先目立った勾配なし,先行列車なし,後続列車なし,1.0,ブレーキは駅手前1.2m、delta_stop 1.0mで適切に減速しており、速度・信号・制限を遵守、ノコギリ運転なしで定時・省エネ的に最適。
59,Train11,次駅への減速フェーズ（駅手前400m以内）,ブレーキ（減速）中,4.0,惰行,15.0,70.0,70.0,2.0,70.0,1.21,0.0,0.2148808499115298,10.0,0.0,この先制限速度なし,この先目立った勾配なし,先行列車なし,後続列車なし,0.9,ブレーキ中でdelta_stopが1mと許容範囲内、CBTC・制限速度も遵守しているため高評価とした。
60,Train11,次駅への減速フェーズ（駅手前400m以内）,ブレーキ（減速）中,1.0,惰行,15.0,70.0,70.0,2.0,2.0,1.71,6.2,0.2148808499115298,0.0,0.0,この先制限速度なし,この先目立った勾配なし,先行列車なし,後続列車なし,1.0,停止位置誤差1.5mで許容範囲内、速度・CBTC遵守、ノコギリ運転なしのためreward=1.0とした。
61,Train11,次駅への減速フェーズ（駅手前400m以内）,ブレーキ（減速）中,1.0,惰行,15.0,70.0,70.0,2.0,70.0,1.71,0.0,0.2148808499115298,10.0,0.0,この先制限速度なし,この先目立った勾配なし,先行列車なし,後続列車なし,1.0,ブレーキが適切に行われ、delta_stopが1.5mで停止位置が許容範囲内であり、速度・信号超過もなく安全に減速しているため、最高評価とした。
62,Train11,次駅への減速フェーズ（駅手前400m以内）,ブレーキ（減速）中,11.4,惰行,20.0,70.0,70.0,2.0,2.0,1.71,6.2,0.2148808499115298,0.0,0.0,この先制限速度なし,この先目立った勾配なし,先行列車なし,後続列車なし,0.9,ブレーキが適切に掛かりdelta_stopが1.5mで許容範囲内、速度も制限内で余裕があり、ノコギリ運転なしと評価し高評価とした。
63,Train11,次駅への減速フェーズ（駅手前400m以内）,ブレーキ（減速）中,11.4,惰行,20.0,70.0,70.0,2.0,70.0,1.71,0.0,0.2148808499115298,10.0,0.0,この先制限速度なし,この先目立った勾配なし,先行列車なし,後続列車なし,0.9,ブレーキが適切に作動しdelta_stopが1.5mで停止位置は許容範囲内、速度・信号超過なし、ノコギリ運転もなく高評価とした。
64,Train11,次駅への減速フェーズ（駅手前400m以内）,ブレーキ（減速）中,4.0,惰行,15.0,70.0,70.0,2.0,2.0,1.71,6.2,0.2148808499115298,0.0,0.0,この先制限速度なし,この先目立った勾配なし,先行列車なし,後続列車なし,1.0,次駅減速フェーズでブレーキが適切に作動し、delta_stopが1.5mで停止位置が確保され、速度・信号遵守、ノコギリ運転なしで高評価とした。
65,Train11,次駅への減速フェーズ（駅手前400m以内）,ブレーキ（減速）中,4.0,惰行,15.0,70.0,70.0,2.0,70.0,1.71,0.0,0.2148808499115298,10.0,0.0,この先制限速度なし,この先目立った勾配なし,先行列車なし,後続列車なし,1.0,ブレーキが適切に掛かりdelta_stopが正の範囲内で停止位置が確保され、速度・信号違反がないため高評価。
66,Train11,次駅への減速フェーズ（駅手前400m以内）,ブレーキ（減速）中,1.0,惰行,15.0,70.0,70.0,2.0,2.0,2.21,8.0,0.2148808499115298,0.0,0.0,この先制限速度なし,この先目立った勾配なし,先行列車なし,後続列車なし,1.0,ブレーキが適切に作動し、delta_stopが2mで許容範囲内、速度も制限内のため安全に停止でき高評価。
67,Train11,次駅への減速フェーズ（駅手前400m以内）,ブレーキ（減速）中,1.0,惰行,15.0,70.0,70.0,2.0,70.0,2.21,0.0,0.2148808499115298,10.0,0.0,この先制限速度なし,この先目立った勾配なし,先行列車なし,後続列車なし,1.0,ブレーキで適切に減速し、delta_stopが2mで許容範囲内、速度制限・CBTC遵守、ノコギリ運転なしで安全に停止できるため高評価。
68,Train11,次駅への減速フェーズ（駅手前400m以内）,ブレーキ（減速）中,11.4,惰行,20.0,70.0,70.0,2.0,2.0,2.21,8.0,0.2148808499115298,0.0,0.0,この先制限速度なし,この先目立った勾配なし,先行列車なし,後続列車なし,1.0,ブレーキ中でdelta_stopが2mと許容範囲内、速度・信号超過なし、ノコギリ運転もなく全項目で適切と判断し1.0とした。
69,Train11,次駅への減速フェーズ（駅手前400m以内）,ブレーキ（減速）中,11.4,惰行,20.0,70.0,70.0,2.0,70.0,2.21,0.0,0.2148808499115298,10.0,0.0,この先制限速度なし,この先目立った勾配なし,先行列車なし,後続列車なし,1.0,ブレーキが適切に作動し、delta_stopが2mで停止位置が許容範囲内、速度・信号超過なしで安全かつ省エネと判断し高評価。
70,Train11,次駅への減速フェーズ（駅手前400m以内）,ブレーキ（減速）中,4.0,惰行,15.0,70.0,70.0,2.0,2.0,2.21,8.0,0.2148808499115298,0.0,0.0,この先制限速度なし,この先目立った勾配なし,先行列車なし,後続列車なし,0.9,ブレーキが適切にかかり、delta_stopが2.0mで許容範囲内のため停止位置が確保され、速度も制限・信号内で安全に減速している。
71,Train11,次駅への減速フェーズ（駅手前400m以内）,ブレーキ（減速）中,4.0,惰行,15.0,70.0,70.0,2.0,70.0,2.21,0.0,0.2148808499115298,10.0,0.0,この先制限速度なし,この先目立った勾配なし,先行列車なし,後続列車なし,1.0,ブレーキで適切に減速し、delta_stopが2mで停止位置が許容範囲内、速度・CBTC制限を遵守しているため高評価。
72,Train11,次駅への減速フェーズ（駅手前400m以内）,ブレーキ（減速）中,1.0,惰行,15.0,70.0,70.0,2.0,2.0,3.21,11.6,0.2148808499115298,0.0,0.0,この先制限速度なし,この先目立った勾配なし,先行列車なし,後続列車なし,0.9,ブレーキが適切に作動し、delta_stopが3 mで許容範囲内のため高評価とし、他項目に違反なし。
73,Train11,次駅への減速フェーズ（駅手前400m以内）,ブレーキ（減速）中,1.0,惰行,15.0,70.0,70.0,2.0,70.0,3.21,0.0,0.2148808499115298,10.0,0.0,この先制限速度なし,この先目立った勾配なし,先行列車なし,後続列車なし,1.0,ブレーキで適切に減速し、delta_stopが3mで5m以内の高評価範囲にあり、速度制限・CBTCも遵守しているため高評価とした。
74,Train11,次駅への減速フェーズ（駅手前400m以内）,ブレーキ（減速）中,11.4,惰行,20.0,70.0,70.0,2.0,2.0,3.21,11.6,0.2148808499115298,0.0,0.0,この先制限速度なし,この先目立った勾配なし,先行列車なし,後続列車なし,1.0,次駅減速フェーズでブレーキが適切にかかり、delta_stopが3mで許容範囲内、速度制限・CBTC信号を遵守し、ノコギリ運転や無駄な加速がなく安全に停止できるため最高評価とした。
75,Train11,次駅への減速フェーズ（駅手前400m以内）,ブレーキ（減速）中,11.4,惰行,20.0,70.0,70.0,2.0,70.0,3.21,0.0,0.2148808499115298,10.0,0.0,この先制限速度なし,この先目立った勾配なし,先行列車なし,後続列車なし,0.9,ブレーキが適切に掛かり、delta_stopが3mで許容範囲内かつ速度は制限・信号内、ノコギリ運転なしで安全に停止できるため高評価。
76,Train11,次駅への減速フェーズ（駅手前400m以内）,ブレーキ（減速）中,4.0,惰行,15.0,70.0,70.0,2.0,2.0,3.21,11.6,0.2148808499115298,0.0,0.0,この先制限速度なし,この先目立った勾配なし,先行列車なし,後続列車なし,1.0,ブレーキが適切に作動し、delta_stopが3mで許容範囲内のため停止位置が確保され、他の安全・速度要件も満たす。
77,Train11,次駅への減速フェーズ（駅手前400m以内）,ブレーキ（減速）中,4.0,惰行,15.0,70.0,70.0,2.0,70.0,3.21,0.0,0.2148808499115298,10.0,0.0,この先制限速度なし,この先目立った勾配なし,先行列車なし,後続列車なし,0.9,次駅減速フェーズでブレーキが適切にかかり、delta_stopが3mで許容範囲内、速度制限・CBTC遵守、ノコギリ運転なしのため高評価とした。
78,Train11,次駅への減速フェーズ（駅手前400m以内）,ブレーキ（減速）中,1.0,惰行,15.0,70.0,70.0,2.0,2.0,4.21,15.2,0.2148808499115298,0.0,0.0,この先制限速度なし,この先目立った勾配なし,先行列車なし,後続列車なし,1.0,ブレーキが適切に作動し、delta_stopが4mで停止位置は十分確保されているため高評価とし、0.1刻みで1.0点とした。
80,Train11,次駅への減速フェーズ（駅手前400m以内）,ブレーキ（減速）中,11.4,惰行,20.0,70.0,70.0,2.0,2.0,4.21,15.2,0.2148808499115298,0.0,0.0,この先制限速度なし,この先目立った勾配なし,先行列車なし,後続列車なし,1.0,ブレーキ中でdelta_stopが4mと許容範囲内、速度・信号遵守、ノコギリ運転なしで適切な減速と判断し高評価とした。
81,Train11,次駅への減速フェーズ（駅手前400m以内）,ブレーキ（減速）中,11.4,惰行,20.0,70.0,70.0,2.0,70.0,4.21,0.0,0.2148808499115298,10.0,0.0,この先制限速度なし,この先目立った勾配なし,先行列車なし,後続列車なし,0.9,ブレーキが適切に作動しdelta_stopが4mで許容範囲内、速度・CBTC制限遵守、ノコギリ運転なし、停止位置精度が高く評価できるため高評価とした。
82,Train11,次駅への減速フェーズ（駅手前400m以内）,ブレーキ（減速）中,4.0,惰行,15.0,70.0,70.0,2.0,2.0,4.21,15.2,0.2148808499115298,0.0,0.0,この先制限速度なし,この先目立った勾配なし,先行列車なし,後続列車なし,0.9,ブレーキが適切にかかりdelta_stopが4mで許容範囲内、速度・信号遵守、ノコギリ運転なしで安全に駅停車できるため高評価。
83,Train11,次駅への減速フェーズ（駅手前400m以内）,ブレーキ（減速）中,4.0,惰行,15.0,70.0,70.0,2.0,70.0,4.21,0.0,0.2148808499115298,10.0,0.0,この先制限速度なし,この先目立った勾配なし,先行列車なし,後続列車なし,1.0,ブレーキが適切に掛かり、delta_stopが4mで許容範囲内のため停止位置が正確であり、速度・信号違反もなくノコギリ運転もなしと判断し最高評価とした。
84,Train11,次駅への減速フェーズ（駅手前400m以内）,ブレーキ（減速）中,1.0,惰行,15.0,70.0,70.0,3.0,70.0,0.48,1.2,0.4833729474772746,0.0,0.0,この先制限速度なし,この先目立った勾配なし,先行列車なし,後続列車なし,1.0,ブレーキが適切に作動しdelta_stop≈0で停止位置が確保され、速度・信号超過なしで安全かつ定時に停止できるため高評価。
85,Train11,次駅への減速フェーズ（駅手前400m以内）,ブレーキ（減速）中,1.0,惰行,15.0,70.0,70.0,3.0,70.0,0.48,0.0,0.4833729474772746,10.0,0.0,この先制限速度なし,この先目立った勾配なし,先行列車なし,後続列車なし,1.0,ブレーキが適切に作動し、delta_stopが0に近く停止位置が正確であり、速度・信号・制限をすべて遵守しているため高評価。
86,Train11,次駅への減速フェーズ（駅手前400m以内）,ブレーキ（減速）中,11.0,惰行,20.0,70.0,70.0,3.0,70.0,0.48,1.2,0.4833729474772746,0.0,0.0,この先制限速度なし,この先目立った勾配なし,先行列車なし,後続列車なし,1.0,全ての安全・信号・停止位置条件を満たし、不要な加速もなく定時停止が適切に行われたため高評価とした。運転品質も良好です。
87,Train11,次駅への減速フェーズ（駅手前400m以内）,ブレーキ（減速）中,11.0,惰行,20.0,70.0,70.0,3.0,70.0,0.48,0.0,0.4833729474772746,10.0,0.0,この先制限速度なし,この先目立った勾配なし,先行列車なし,後続列車なし,1.0,ブレーキが適切に作動し、delta_stop≈0で停止位置が確保され、速度・CBTC制限を遵守しているため高評価。
88,Train11,次駅への減速フェーズ（駅手前400m以内）,ブレーキ（減速）中,4.0,惰行,15.0,70.0,70.0,3.0,70.0,0.48,1.2,0.4833729474772746,0.0,0.0,この先制限速度なし,この先目立った勾配なし,先行列車なし,後続列車なし,1.0,次駅減速フェーズでブレーキが適切に作動し、delta_stop≈0で停止位置が正確、速度・信号遵守、ノコギリ運転なしと評価し最高点とした。
89,Train11,次駅への減速フェーズ（駅手前400m以内）,ブレーキ（減速）中,4.0,惰行,15.0,70.0,70.0,3.0,70.0,0.48,0.0,0.4833729474772746,10.0,0.0,この先制限速度なし,この先目立った勾配なし,先行列車なし,後続列車なし,1.0,ブレーキが適切に作動し、delta_stopが0に近くCBTC・速度制限を遵守しているため高評価。
90,Train11,次駅への減速フェーズ（駅手前400m以内）,ブレーキ（減速）中,1.0,惰行,15.0,70.0,70.0,3.0,3.0,0.98,2.4,0.4833729474772746,0.0,0.0,この先制限速度なし,この先目立った勾配なし,先行列車なし,後続列車なし,1.0,ブレーキが適切に作動し、delta_stopが0.5mで許容範囲内、速度・信号遵守、ノコギリ運転なしで安全かつ定時に停止できるため高評価。
91,Train11,次駅への減速フェーズ（駅手前400m以内）,ブレーキ（減速）中,1.0,惰行,15.0,70.0,70.0,3.0,70.0,0.98,0.0,0.4833729474772746,10.0,0.0,この先制限速度なし,この先目立った勾配なし,先行列車なし,後続列車なし,0.9,ブレーキ中でdelta_stopが0.5mと許容範囲内であり、速度・信号遵守、ノコギリ運転なしと評価し高評価とした。
92,Train11,次駅への減速フェーズ（駅手前400m以内）,ブレーキ（減速）中,11.0,惰行,20.0,70.0,70.0,3.0,3.0,0.98,2.4,0.4833729474772746,0.0,0.0,この先制限速度なし,この先目立った勾配なし,先行列車なし,後続列車なし,0.9,ブレーキ中でdelta_stopが0.5mと許容範囲内であり、制限速度・CBTC遵守、停止位置も適切に確保されているため高評価とした。
93,Train11,次駅への減速フェーズ（駅手前400m以内）,ブレーキ（減速）中,11.0,惰行,20.0,70.0,70.0,3.0,70.0,0.98,0.0,0.4833729474772746,10.0,0.0,この先制限速度なし,この先目立った勾配なし,先行列車なし,後続列車なし,1.0,ブレーキが適切にかかりdelta_stopが0.5mで停止位置が正確、速度・信号遵守で安全性に問題なし。
94,Train11,次駅への減速フェーズ（駅手前400m以内）,ブレーキ（減速）中,4.0,惰行,15.0,70.0,70.0,3.0,3.0,0.98,2.4,0.4833729474772746,0.0,0.0,この先制限速度なし,この先目立った勾配なし,先行列車なし,後続列車なし,1.0,ブレーキが適切に作動し、delta_stopが0.5mで停止位置誤差が小さく安全基準を満たすため、評価は最高点とした。
95,Train11,次駅への減速フェーズ（駅手前400m以内）,ブレーキ（減速）中,4.0,惰行,15.0,70.0,70.0,3.0,70.0,0.98,0.0,0.4833729474772746,10.0,0.0,この先制限速度なし,この先目立った勾配なし,先行列車なし,後続列車なし,1.0,次駅減速フェーズで適切にブレーキをかけ、delta_stopが0.5mで停止位置も許容範囲内のため評価は高く、違反なしでreward=1.0。
96,Train11,次駅への減速フェーズ（駅手前400m以内）,ブレーキ（減速）中,1.0,惰行,15.0,70.0,70.0,3.0,3.0,1.48,3.6,0.4833729474772746,0.0,0.0,この先制限速度なし,この先目立った勾配なし,先行列車なし,後続列車なし,1.0,次駅減速フェーズで適切にブレーキをかけ、delta_stopが1mで停止位置誤差が5m以内のため高評価とし、他項目に違反なし。
97,Train11,次駅への減速フェーズ（駅手前400m以内）,ブレーキ（減速）中,1.0,惰行,15.0,70.0,70.0,3.0,70.0,1.48,0.0,0.4833729474772746,10.0,0.0,この先制限速度なし,この先目立った勾配なし,先行列車なし,後続列車なし,1.0,減速フェーズで適切にブレーキをかけ、delta_stopが1mで停止位置が許容範囲内のため高評価。
98,Train11,次駅への減速フェーズ（駅手前400m以内）,ブレーキ（減速）中,11.0,惰行,20.0,70.0,70.0,3.0,3.0,1.48,3.6,0.4833729474772746,0.0,0.0,この先制限速度なし,この先目立った勾配なし,先行列車なし,後続列車なし,0.9,ブレーキが適切に掛かりΔstop=1.0mで早すぎるブレーキとならず、制限速度・CBTC遵守、ノコギリ運転なしのため高評価とした。
99,Train11,次駅への減速フェーズ（駅手前400m以内）,ブレーキ（減速）中,11.0,惰行,20.0,70.0,70.0,3.0,70.0,1.48,0.0,0.4833729474772746,10.0,0.0,この先制限速度なし,この先目立った勾配なし,先行列車なし,後続列車なし,1.0,次駅減速フェーズでブレーキ中かつdelta_stop=1mで適切に減速しており、速度・信号超過なし、ノコギリ運転もなく最高評価とした。
100,Train11,次駅への減速フェーズ（駅手前400m以内）,ブレーキ（減速）中,4.0,惰行,15.0,70.0,70.0,3.0,3.0,1.48,3.6,0.4833729474772746,0.0,0.0,この先制限速度なし,この先目立った勾配なし,先行列車なし,後続列車なし,1.0,次駅減速フェーズでブレーキが適切に作動し、delta_stopが1.0mで許容範囲内のため停止位置達成が確実で、速度・信号遵守も問題なく高評価とした。
101,Train11,次駅への減速フェーズ（駅手前400m以内）,ブレーキ（減速）中,4.0,惰行,15.0,70.0,70.0,3.0,70.0,1.48,0.0,0.4833729474772746,10.0,0.0,この先制限速度なし,この先目立った勾配なし,先行列車なし,後続列車なし,1.0,全ての安全・信号・停止位置条件を満たし、ブレーキ開始タイミングが適切であるため高評価とした。
102,Train11,次駅への減速フェーズ（駅手前400m以内）,ブレーキ（減速）中,1.0,惰行,15.0,70.0,70.0,3.0,3.0,1.98,4.8,0.4833729474772746,0.0,0.0,この先制限速度なし,この先目立った勾配なし,先行列車なし,後続列車なし,0.9,ブレーキが適切に掛かり、delta_stopが1.5mで許容範囲内のため高評価とし、reward=0.9とした。
103,Train11,次駅への減速フェーズ（駅手前400m以内）,ブレーキ（減速）中,1.0,惰行,15.0,70.0,70.0,3.0,70.0,1.98,0.0,0.4833729474772746,10.0,0.0,この先制限速度なし,この先目立った勾配なし,先行列車なし,後続列車なし,0.9,ブレーキが適切にかかりdelta_stopが1.5mで許容範囲内、速度も制限・CBTC内でノコギリ運転なし、現在の操作は安全かつ定時性に支障なしと判断し高評価。
104,Train11,次駅への減速フェーズ（駅手前400m以内）,ブレーキ（減速）中,11.0,惰行,20.0,70.0,70.0,3.0,3.0,1.98,4.8,0.4833729474772746,0.0,0.0,この先制限速度なし,この先目立った勾配なし,先行列車なし,後続列車なし,1.0,ブレーキ中でdelta_stopが1.5mと適切範囲内、速度制限・CBTC遵守、ノコギリ運転なしで次駅減速フェーズに合致し、全項目で問題なしと判断したため。
105,Train11,次駅への減速フェーズ（駅手前400m以内）,ブレーキ（減速）中,11.0,惰行,20.0,70.0,70.0,3.0,70.0,1.98,0.0,0.4833729474772746,10.0,0.0,この先制限速度なし,この先目立った勾配なし,先行列車なし,後続列車なし,0.9,ブレーキ中でdelta_stopが1.5mと許容範囲内、信号・制限速度遵守、ノコギリ運転なしで適切に減速しているため高評価とした。
106,Train11,次駅への減速フェーズ（駅手前400m以内）,ブレーキ（減速）中,4.0,惰行,15.0,70.0,70.0,3.0,3.0,1.98,4.8,0.4833729474772746,0.0,0.0,この先制限速度なし,この先目立った勾配なし,先行列車なし,後続列車なし,0.9,ブレーキ開始時のdelta_stopが1.5mで|delta_stop|≤5mのため停止位置は適切と判断し、他に違反は見られない。
107,Train11,次駅への減速フェーズ（駅手前400m以内）,ブレーキ（減速）中,4.0,惰行,15.0,70.0,70.0,3.0,70.0,1.98,0.0,0.4833729474772746,10.0,0.0,この先制限速度なし,この先目立った勾配なし,先行列車なし,後続列車なし,1.0,ブレーキが適切に作動し、delta_stopが1.5mで停止位置が確保でき、速度・信号超過なしで安全に減速しているため高評価とした。
108,Train11,次駅への減速フェーズ（駅手前400m以内）,ブレーキ（減速）中,1.0,惰行,15.0,70.0,70.0,3.0,3.0,2.48,6.0,0.4833729474772746,0.0,0.0,この先制限速度なし,この先目立った勾配なし,先行列車なし,後続列車なし,1.0,現在速度3km/hで制限・CBTC速度70km/hを遵守し、delta_stop2mの範囲内でブレーキ中。前後列車なしで安全かつ定時に停止できる。
109,Train11,次駅への減速フェーズ（駅手前400m以内）,ブレーキ（減速）中,1.0,惰行,15.0,70.0,70.0,3.0,70.0,2.48,0.0,0.4833729474772746,10.0,0.0,この先制限速度なし,この先目立った勾配なし,先行列車なし,後続列車なし,1.0,ブレーキで適切に減速し、delta_stopが2mで許容範囲内、速度・信号遵守、ノコギリ運転なしと評価し高評価とした。
110,Train11,次駅への減速フェーズ（駅手前400m以内）,ブレーキ（減速）中,11.0,惰行,20.0,70.0,70.0,3.0,3.0,2.48,6.0,0.4833729474772746,0.0,0.0,この先制限速度なし,この先目立った勾配なし,先行列車なし,後続列車なし,1.0,ブレーキは適切に行われ、delta_stopが2mで許容範囲内、速度・信号遵守、無駄な加速なしで安全かつ定時に停止できるため高評価。
111,Train11,次駅への減速フェーズ（駅手前400m以内）,ブレーキ（減速）中,11.0,惰行,20.0,70.0,70.0,3.0,70.0,2.48,0.0,0.4833729474772746,10.0,0.0,この先制限速度なし,この先目立った勾配なし,先行列車なし,後続列車なし,0.9,ブレーキが適切に作動し、delta_stopが2mで停止位置が確保されているため高評価とし、0.9点とした。
112,Train11,次駅への減速フェーズ（駅手前400m以内）,ブレーキ（減速）中,4.0,惰行,15.0,70.0,70.0,3.0,3.0,2.48,6.0,0.4833729474772746,0.0,0.0,この先制限速度なし,この先目立った勾配なし,先行列車なし,後続列車なし,1.0,ブレーキ中でdelta_stopが2mと許容範囲内、速度は制限・信号内、不要な力行なしで安全に停止できるため高評価。
113,Train11,次駅への減速フェーズ（駅手前400m以内）,ブレーキ（減速）中,4.0,惰行,15.0,70.0,70.0,3.0,70.0,2.48,0.0,0.4833729474772746,10.0,0.0,この先制限速度なし,この先目立った勾配なし,先行列車なし,後続列車なし,0.9,ブレーキが適切に掛かり、delta_stopが2mで許容範囲内のため安全かつ定時性に問題なく高評価とした。
114,Train11,次駅への減速フェーズ（駅手前400m以内）,ブレーキ（減速）中,1.0,惰行,15.0,70.0,70.0,3.0,3.0,3.48,8.4,0.4833729474772746,0.0,0.0,この先制限速度なし,この先目立った勾配なし,先行列車なし,後続列車なし,0.9,ブレーキが適切に作動し、delta_stopが3mで停止位置は確保でき、速度・信号遵守も問題なく、エネルギー効率も妥当です。
115,Train11,次駅への減速フェーズ（駅手前400m以内）,ブレーキ（減速）中,1.0,惰行,15.0,70.0,70.0,3.0,70.0,3.48,0.0,0.4833729474772746,10.0,0.0,この先制限速度なし,この先目立った勾配なし,先行列車なし,後続列車なし,1.0,現在のブレーキ操作は適切で、delta_stopが3mと許容範囲内、速度は制限・CBTC信号を遵守し、遅延はあるものの停止位置は正確です。
116,Train11,次駅への減速フェーズ（駅手前400m以内）,ブレーキ（減速）中,11.0,惰行,20.0,70.0,70.0,3.0,3.0,3.48,8.4,0.4833729474772746,0.0,0.0,この先制限速度なし,この先目立った勾配なし,先行列車なし,後続列車なし,0.9,ブレーキ中でdelta_stopが3mと許容範囲内、速度・信号遵守、ノコギリ運転なしで安全かつ定時に停止できるため高評価。
117,Train11,次駅への減速フェーズ（駅手前400m以内）,ブレーキ（減速）中,11.0,惰行,20.0,70.0,70.0,3.0,70.0,3.48,0.0,0.4833729474772746,10.0,0.0,この先制限速度なし,この先目立った勾配なし,先行列車なし,後続列車なし,1.0,ブレーキ中でdelta_stopが3mと許容範囲内、速度・信号遵守、ノコギリ運転なしで適切な減速と停止が行われているため高評価。
118,Train11,次駅への減速フェーズ（駅手前400m以内）,ブレーキ（減速）中,4.0,惰行,15.0,70.0,70.0,3.0,3.0,3.48,8.4,0.4833729474772746,0.0,0.0,この先制限速度なし,この先目立った勾配なし,先行列車なし,後続列車なし,1.0,ブレーキ中でdelta_stopが3mと許容範囲内、速度は制限・信号内、不要な加速なしで停止位置と定時性が確保され高評価。
119,Train11,次駅への減速フェーズ（駅手前400m以内）,ブレーキ（減速）中,4.0,惰行,15.0,70.0,70.0,3.0,70.0,3.48,0.0,0.4833729474772746,10.0,0.0,この先制限速度なし,この先目立った勾配なし,先行列車なし,後続列車なし,1.0,ブレーキが適切にかかり、delta_stopが3mで許容範囲内のため高評価とした。
120,Train11,次駅への減速フェーズ（駅手前400m以内）,ブレーキ（減速）中,1.0,惰行,15.0,70.0,70.0,3.0,3.0,4.48,10.8,0.4833729474772746,0.0,0.0,この先制限速度なし,この先目立った勾配なし,先行列車なし,後続列車なし,1.0,ブレーキ中でdelta_stopが4mと許容範囲内であり、速度・信号遵守、ノコギリ運転なしと評価し高評価とした。
121,Train11,次駅への減速フェーズ（駅手前400m以内）,ブレーキ（減速）中,1.0,惰行,15.0,70.0,70.0,3.0,70.0,4.48,0.0,0.4833729474772746,10.0,0.0,この先制限速度なし,この先目立った勾配なし,先行列車なし,後続列車なし,1.0,ブレーキ中でdelta_stopが4mと許容範囲内、信号速度以下で安全に停止位置へ到達できるため高評価。
122,Train11,次駅への減速フェーズ（駅手前400m以内）,ブレーキ（減速）中,11.0,惰行,20.0,70.0,70.0,3.0,3.0,4.48,10.8,0.4833729474772746,0.0,0.0,この先制限速度なし,この先目立った勾配なし,先行列車なし,後続列車なし,1.0,ブレーキが適切に掛かりdelta_stopが4mで許容範囲内、速度・信号超過なし、ノコギリ運転もなく全項目で問題なしと判断。
123,Train11,次駅への減速フェーズ（駅手前400m以内）,ブレーキ（減速）中,11.0,惰行,20.0,70.0,70.0,3.0,70.0,4.48,0.0,0.4833729474772746,10.0,0.0,この先制限速度なし,この先目立った勾配なし,先行列車なし,後続列車なし,0.9,ブレーキで適切に減速し、delta_stopが4mで許容範囲内のため高評価とし、reward=0.9とした。
124,Train11,次駅への減速フェーズ（駅手前400m以内）,ブレーキ（減速）中,4.0,惰行,15.0,70.0,70.0,3.0,3.0,4.48,10.8,0.4833729474772746,0.0,0.0,この先制限速度なし,この先目立った勾配なし,先行列車なし,後続列車なし,1.0,ブレーキが適切に掛かり、delta_stopが4mで停止位置が確保され、速度・信号超過なしで安全かつ定時に停止できるため高評価とした。
125,Train11,次駅への減速フェーズ（駅手前400m以内）,ブレーキ（減速）中,4.0,惰行,15.0,70.0,70.0,3.0,70.0,4.48,0.0,0.4833729474772746,10.0,0.0,この先制限速度なし,この先目立った勾配なし,先行列車なし,後続列車なし,1.0,ブレーキで適切に減速し、delta_stopが4 mで許容範囲内、速度・信号超過なし、ノコギリ運転もなく安全かつ定時に停止できるため高評価。
126,Train11,次駅への減速フェーズ（駅手前400m以内）,ブレーキ（減速）中,1.0,惰行,15.0,70.0,70.0,5.0,5.0,0.34,0.5,1.3420645674902167,0.0,0.0,この先制限速度なし,この先目立った勾配なし,先行列車なし,後続列車なし,1.0,ブレーキが適切に作動しΔstopが1m以内で停止位置が確保でき、速度・信号遵守、ノコギリ運転なしのため最高評価とした。
127,Train11,次駅への減速フェーズ（駅手前400m以内）,ブレーキ（減速）中,1.0,惰行,15.0,70.0,70.0,5.0,70.0,0.34,0.0,1.3420645674902167,10.0,0.0,この先制限速度なし,この先目立った勾配なし,先行列車なし,後続列車なし,1.0,ブレーキ中でdelta_stopが-1mと許容範囲内、速度・信号遵守、ノコギリ運転なしで適切に減速しているため高評価。
128,Train11,次駅への減速フェーズ（駅手前400m以内）,ブレーキ（減速）中,10.2,惰行,20.0,70.0,70.0,5.0,5.0,0.34,0.5,1.3420645674902167,0.0,0.0,この先制限速度なし,この先目立った勾配なし,先行列車なし,後続列車なし,1.0,ブレーキが適切にかかり、delta_stopが±5m以内で停止位置が許容範囲、速度・信号遵守で安全かつ定時性に問題なし。
129,Train11,次駅への減速フェーズ（駅手前400m以内）,ブレーキ（減速）中,10.2,惰行,20.0,70.0,70.0,5.0,70.0,0.34,0.0,1.3420645674902167,10.0,0.0,この先制限速度なし,この先目立った勾配なし,先行列車なし,後続列車なし,0.9,ブレーキ中でdelta_stopが-1mと許容範囲内、速度・信号を遵守しノコギリ運転もなく適切に減速しているため高評価。
130,Train11,次駅への減速フェーズ（駅手前400m以内）,ブレーキ（減速）中,4.0,惰行,15.0,70.0,70.0,5.0,5.0,0.34,0.5,1.3420645674902167,0.0,0.0,この先制限速度なし,この先目立った勾配なし,先行列車なし,後続列車なし,0.9,ブレーキが適切に作動し、delta_stopが許容範囲内であり、速度・信号・制限速度すべて遵守しているため高評価とした。
131,Train11,次駅への減速フェーズ（駅手前400m以内）,ブレーキ（減速）中,4.0,惰行,15.0,70.0,70.0,5.0,70.0,0.34,0.0,1.3420645674902167,10.0,0.0,この先制限速度なし,この先目立った勾配なし,先行列車なし,後続列車なし,1.0,ブレーキが適切に作動し、delta_stopが-1mで許容範囲内、速度・CBTC制限を遵守しているため高評価とした。
132,Train11,次駅への減速フェーズ（駅手前400m以内）,ブレーキ（減速）中,1.0,惰行,15.0,70.0,70.0,5.0,5.0,0.84,1.2,1.3420645674902167,0.0,0.0,この先制限速度なし,この先目立った勾配なし,先行列車なし,後続列車なし,1.0,ブレーキが適切にかかりdelta_stopが±5m以内で停止位置が確保され、速度・CBTC制限を遵守しノコギリ運転もなく評価は最高となる。
133,Train11,次駅への減速フェーズ（駅手前400m以内）,ブレーキ（減速）中,1.0,惰行,15.0,70.0,70.0,5.0,70.0,0.84,0.0,1.3420645674902167,10.0,0.0,この先制限速度なし,この先目立った勾配なし,先行列車なし,後続列車なし,0.9,ブレーキが適切に作動しΔstopが0.5m以内で安全に停止できるため高評価とし0.9とした。
134,Train11,次駅への減速フェーズ（駅手前400m以内）,ブレーキ（減速）中,10.2,惰行,20.0,70.0,70.0,5.0,5.0,0.84,1.2,1.3420645674902167,0.0,0.0,この先制限速度なし,この先目立った勾配なし,先行列車なし,後続列車なし,1.0,ブレーキ中でdelta_stopが-0.5m（|Δ|≤5m）と適切な停止位置、速度は制限・CBTC内、不要な力行なしで評価が高く1.0とした。
135,Train11,次駅への減速フェーズ（駅手前400m以内）,ブレーキ（減速）中,10.2,惰行,20.0,70.0,70.0,5.0,70.0,0.84,0.0,1.3420645674902167,10.0,0.0,この先制限速度なし,この先目立った勾配なし,先行列車なし,後続列車なし,0.9,ブレーキ中でdelta_stopが-0.5mと許容範囲内、速度・信号遵守、ノコギリ運転なし、余計な加速も無く高評価とした。
136,Train11,次駅への減速フェーズ（駅手前400m以内）,ブレーキ（減速）中,4.0,惰行,15.0,70.0,70.0,5.0,5.0,0.84,1.2,1.3420645674902167,0.0,0.0,この先制限速度なし,この先目立った勾配なし,先行列車なし,後続列車なし,0.9,ブレーキ中でdelta_stopが-0.5mと許容範囲内、速度・信号遵守、ノコギリ運転なしで定時到着が確保されているため高評価。
137,Train11,次駅への減速フェーズ（駅手前400m以内）,ブレーキ（減速）中,4.0,惰行,15.0,70.0,70.0,5.0,70.0,0.84,0.0,1.3420645674902167,10.0,0.0,この先制限速度なし,この先目立った勾配なし,先行列車なし,後続列車なし,0.6,δ=-0.5mの軽微なオーバーランによりやや減点、他は制限速度・CBTC遵守で問題なしと判断し0.6とした。
138,Train11,次駅への減速フェーズ（駅手前400m以内）,ブレーキ（減速）中,1.0,惰行,15.0,70.0,70.0,5.0,70.0,1.34,1.9,1.3420645674902167,0.0,0.0,この先制限速度なし,この先目立った勾配なし,先行列車なし,後続列車なし,1.0,次駅減速フェーズでブレーキが適切に作動し停止位置も正確、速度・信号遵守、ノコギリ運転なしで評価が高く1.0とした。
139,Train11,次駅への減速フェーズ（駅手前400m以内）,ブレーキ（減速）中,1.0,惰行,15.0,70.0,70.0,5.0,70.0,1.34,0.0,1.3420645674902167,10.0,0.0,この先制限速度なし,この先目立った勾配なし,先行列車なし,後続列車なし,1.0,ブレーキが適切に作動しdelta_stop≈0で停止位置が確保され、速度・CBTC制限を遵守しているため評価は高く、即時0点ルール違反はなし。
140,Train11,次駅への減速フェーズ（駅手前400m以内）,ブレーキ（減速）中,10.2,惰行,20.0,70.0,70.0,5.0,70.0,1.34,1.9,1.3420645674902167,0.0,0.0,この先制限速度なし,この先目立った勾配なし,先行列車なし,後続列車なし,1.0,次駅減速フェーズでブレーキが適切に作動し、速度・信号・停止位置すべて基準を満たすため高評価とした。
141,Train11,次駅への減速フェーズ（駅手前400m以内）,ブレーキ（減速）中,10.2,惰行,20.0,70.0,70.0,5.0,70.0,1.34,0.0,1.3420645674902167,10.0,0.0,この先制限速度なし,この先目立った勾配なし,先行列車なし,後続列車なし,1.0,減速フェーズでブレーキを適切に掛け、delta_stopが0m以内で停止位置が正確なため、現在のノッチ操作は適切と判断した。
142,Train11,次駅への減速フェーズ（駅手前400m以内）,ブレーキ（減速）中,4.0,惰行,15.0,70.0,70.0,5.0,70.0,1.34,1.9,1.3420645674902167,0.0,0.0,この先制限速度なし,この先目立った勾配なし,先行列車なし,後続列車なし,1.0,次駅減速フェーズでブレーキが適切に作動し、delta_stopが0m以内で安全に停止できるため高評価とした。
143,Train11,次駅への減速フェーズ（駅手前400m以内）,ブレーキ（減速）中,4.0,惰行,15.0,70.0,70.0,5.0,70.0,1.34,0.0,1.3420645674902167,10.0,0.0,この先制限速度なし,この先目立った勾配なし,先行列車なし,後続列車なし,1.0,ブレーキで適切に停止位置に到達し、速度・信号遵守、ノコギリ運転なしで全基準を満たすため最高評価とした。
144,Train11,次駅への減速フェーズ（駅手前400m以内）,ブレーキ（減速）中,1.0,惰行,15.0,70.0,70.0,5.0,5.0,1.84,2.6,1.3420645674902167,0.0,0.0,この先制限速度なし,この先目立った勾配なし,先行列車なし,後続列車なし,1.0,ブレーキが適切にかかりdelta_stopが0.5mで停止位置誤差が5m以内、速度制限・CBTC遵守、ノコギリ運転なしで定時通りに停止できるため高評価。
145,Train11,次駅への減速フェーズ（駅手前400m以内）,ブレーキ（減速）中,1.0,惰行,15.0,70.0,70.0,5.0,70.0,1.84,0.0,1.3420645674902167,10.0,0.0,この先制限速度なし,この先目立った勾配なし,先行列車なし,後続列車なし,0.8,ブレーキで適切に減速し停止位置誤差0.5mで安全に停車できるが、10秒の遅延があるため評価をやや減点。
146,Train11,次駅への減速フェーズ（駅手前400m以内）,ブレーキ（減速）中,10.2,惰行,20.0,70.0,70.0,5.0,5.0,1.84,2.6,1.3420645674902167,0.0,0.0,この先制限速度なし,この先目立った勾配なし,先行列車なし,後続列車なし,1.0,ブレーキが適切に掛かりdelta_stopが0.5mで停止位置が正確、速度も制限内でノコギリ運転なしのため最高評価とした。
147,Train11,次駅への減速フェーズ（駅手前400m以内）,ブレーキ（減速）中,10.2,惰行,20.0,70.0,70.0,5.0,70.0,1.84,0.0,1.3420645674902167,10.0,0.0,この先制限速度なし,この先目立った勾配なし,先行列車なし,後続列車なし,0.9,ブレーキで適切に減速し、delta_stopが0.5mで停止位置が正確、速度・CBTC制限を遵守しているため高評価とした。
148,Train11,次駅への減速フェーズ（駅手前400m以内）,ブレーキ（減速）中,4.0,惰行,15.0,70.0,70.0,5.0,5.0,1.84,2.6,1.3420645674902167,0.0,0.0,この先制限速度なし,この先目立った勾配なし,先行列車なし,後続列車なし,1.0,次駅減速フェーズでブレーキが適切に掛かり、delta_stopが0.5mで許容範囲内、速度・信号・制限速度すべて遵守、ノコギリ運転なし、運転間隔不要、定時・省エネに問題なし。
149,Train11,次駅への減速フェーズ（駅手前400m以内）,ブレーキ（減速）中,4.0,惰行,15.0,70.0,70.0,5.0,70.0,1.84,0.0,1.3420645674902167,10.0,0.0,この先制限速度なし,この先目立った勾配なし,先行列車なし,後続列車なし,1.0,次駅減速フェーズで適切にブレーキをかけ、delta_stopが0.5mと停止位置が正確なため高評価とした。
150,Train11,次駅への減速フェーズ（駅手前400m以内）,ブレーキ（減速）中,1.0,惰行,15.0,70.0,70.0,5.0,5.0,2.34,3.4,1.3420645674902167,0.0,0.0,この先制限速度なし,この先目立った勾配なし,先行列車なし,後続列車なし,1.0,ブレーキがdelta_stop=1.0m以内で行われ、速度・信号制限を遵守し安全に停止できるため高評価としreward=1.0とした。
151,Train11,次駅への減速フェーズ（駅手前400m以内）,ブレーキ（減速）中,1.0,惰行,15.0,70.0,70.0,5.0,70.0,2.34,0.0,1.3420645674902167,10.0,0.0,この先制限速度なし,この先目立った勾配なし,先行列車なし,後続列車なし,0.9,ブレーキが適切に作動しdelta_stopが1mで許容範囲内、速度・信号・制限速度をすべて遵守しているため高評価とした。
152,Train11,次駅への減速フェーズ（駅手前400m以内）,ブレーキ（減速）中,10.2,惰行,20.0,70.0,70.0,5.0,5.0,2.34,3.4,1.3420645674902167,0.0,0.0,この先制限速度なし,この先目立った勾配なし,先行列車なし,後続列車なし,1.0,ブレーキが適切に掛かりdelta_stopが1mで停止位置が許容範囲内、速度・信号遵守、ノコギリ運転なしで全項目良好なため最高評価とした。
153,Train11,次駅への減速フェーズ（駅手前400m以内）,ブレーキ（減速）中,10.2,惰行,20.0,70.0,70.0,5.0,70.0,2.34,0.0,1.3420645674902167,10.0,0.0,この先制限速度なし,この先目立った勾配なし,先行列車なし,後続列車なし,0.9,次駅減速フェーズでブレーキ中、delta_stopが1mで適切に停止位置に近づいており、速度・CBTC遵守、ノコギリ運転なしで評価が高く、遅延は既存のもので現在の操作に影響しないため高評価。
154,Train11,次駅への減速フェーズ（駅手前400m以内）,ブレーキ（減速）中,4.0,惰行,15.0,70.0,70.0,5.0,5.0,2.34,3.4,1.3420645674902167,0.0,0.0,この先制限速度なし,この先目立った勾配なし,先行列車なし,後続列車なし,1.0,ブレーキが適切に作動し、delta_stopが1mで停止位置誤差が5m以内、速度制限・CBTC遵守、不要な加速なしで安全かつ定時に停止できるため最高評価。
155,Train11,次駅への減速フェーズ（駅手前400m以内）,ブレーキ（減速）中,4.0,惰行,15.0,70.0,70.0,5.0,70.0,2.34,0.0,1.3420645674902167,10.0,0.0,この先制限速度なし,この先目立った勾配なし,先行列車なし,後続列車なし,1.0,ブレーキ中でdelta_stopが1.0mと許容範囲内、速度・信号遵守も問題なく、ノコギリ運転なしと判断し高評価とした。
156,Train11,次駅への減速フェーズ（駅手前400m以内）,ブレーキ（減速）中,1.0,惰行,15.0,70.0,70.0,5.0,5.0,2.84,4.1,1.3420645674902167,0.0,0.0,この先制限速度なし,この先目立った勾配なし,先行列車なし,後続列車なし,0.9,ブレーキは停止位置誤差1.5mで許容範囲内、速度・信号遵守も問題なく高評価とした。
157,Train11,次駅への減速フェーズ（駅手前400m以内）,ブレーキ（減速）中,1.0,惰行,15.0,70.0,70.0,5.0,70.0,2.84,0.0,1.3420645674902167,10.0,0.0,この先制限速度なし,この先目立った勾配なし,先行列車なし,後続列車なし,1.0,ブレーキが適切に作動し、delta_stopが1.5mで許容範囲内、速度・信号・制限を遵守しているため高評価。
158,Train11,次駅への減速フェーズ（駅手前400m以内）,ブレーキ（減速）中,10.2,惰行,20.0,70.0,70.0,5.0,5.0,2.84,4.1,1.3420645674902167,0.0,0.0,この先制限速度なし,この先目立った勾配なし,先行列車なし,後続列車なし,1.0,ブレーキ中でdelta_stopが1.5mと許容範囲内、速度・信号遵守、不要な加速なしで停止位置が適切に確保されているため高評価。
159,Train11,次駅への減速フェーズ（駅手前400m以内）,ブレーキ（減速）中,10.2,惰行,20.0,70.0,70.0,5.0,70.0,2.84,0.0,1.3420645674902167,10.0,0.0,この先制限速度なし,この先目立った勾配なし,先行列車なし,後続列車なし,0.8,ブレーキで適切に減速し、delta_stopが1.5mで許容範囲内、速度・CBTC遵守、ノコギリ運転なしと評価し高評価とした。
160,Train11,次駅への減速フェーズ（駅手前400m以内）,ブレーキ（減速）中,4.0,惰行,15.0,70.0,70.0,5.0,5.0,2.84,4.1,1.3420645674902167,0.0,0.0,この先制限速度なし,この先目立った勾配なし,先行列車なし,後続列車なし,1.0,ブレーキ中でdelta_stopが1.5mと±5m以内であり、速度・信号遵守、停止位置も適切なため高評価とした。
161,Train11,次駅への減速フェーズ（駅手前400m以内）,ブレーキ（減速）中,4.0,惰行,15.0,70.0,70.0,5.0,70.0,2.84,0.0,1.3420645674902167,10.0,0.0,この先制限速度なし,この先目立った勾配なし,先行列車なし,後続列車なし,1.0,ブレーキ開始が適切な位置で、速度は制限・信号内に収まり、停止位置誤差が5m以内で安全に停車できるため高評価。
162,Train11,次駅への減速フェーズ（駅手前400m以内）,ブレーキ（減速）中,1.0,惰行,15.0,70.0,70.0,5.0,5.0,3.34,4.8,1.3420645674902167,0.0,0.0,この先制限速度なし,この先目立った勾配なし,先行列車なし,後続列車なし,0.9,ブレーキが適切に作動し、delta_stopが2mで許容範囲内、速度制限・CBTC遵守、ノコギリ運転なしのため高評価とした。
163,Train11,次駅への減速フェーズ（駅手前400m以内）,ブレーキ（減速）中,1.0,惰行,15.0,70.0,70.0,5.0,70.0,3.34,0.0,1.3420645674902167,10.0,0.0,この先制限速度なし,この先目立った勾配なし,先行列車なし,後続列車なし,0.9,ブレーキが適切に作動し delta_stop が 2 m と許容範囲内、速度制限・CBTC を遵守、ノコギリ運転なしのため高評価とする。
164,Train11,次駅への減速フェーズ（駅手前400m以内）,ブレーキ（減速）中,10.2,惰行,20.0,70.0,70.0,5.0,5.0,3.34,4.8,1.3420645674902167,0.0,0.0,この先制限速度なし,この先目立った勾配なし,先行列車なし,後続列車なし,1.0,ブレーキが適切に作動し、delta_stopが2mで停止位置が確保されているため高評価。
165,Train11,次駅への減速フェーズ（駅手前400m以内）,ブレーキ（減速）中,10.2,惰行,20.0,70.0,70.0,5.0,70.0,3.34,0.0,1.3420645674902167,10.0,0.0,この先制限速度なし,この先目立った勾配なし,先行列車なし,後続列車なし,1.0,制限速度・CBTC遵守、Δstopが2mで許容範囲内のブレーキ開始、ノコギリ運転なし、遅延は駅到達後のため評価に影響せず、全項目で適切と判断した。
166,Train11,次駅への減速フェーズ（駅手前400m以内）,ブレーキ（減速）中,4.0,惰行,15.0,70.0,70.0,5.0,5.0,3.34,4.8,1.3420645674902167,0.0,0.0,この先制限速度なし,この先目立った勾配なし,先行列車なし,後続列車なし,0.9,ブレーキが適切に掛かりdelta_stopが2mで許容範囲内、速度制限・CBTC遵守、ノコギリ運転なしのため高評価とした。
167,Train11,次駅への減速フェーズ（駅手前400m以内）,ブレーキ（減速）中,4.0,惰行,15.0,70.0,70.0,5.0,70.0,3.34,0.0,1.3420645674902167,10.0,0.0,この先制限速度なし,この先目立った勾配なし,先行列車なし,後続列車なし,1.0,ブレーキが適切に掛かりdelta_stopが2 mで許容範囲内、速度・信号遵守で安全かつ定時性に問題なし。
168,Train11,次駅への減速フェーズ（駅手前400m以内）,ブレーキ（減速）中,1.0,惰行,15.0,70.0,70.0,5.0,5.0,4.34,6.2,1.3420645674902167,0.0,0.0,この先制限速度なし,この先目立った勾配なし,先行列車なし,後続列車なし,0.9,ブレーキ中でdelta_stopが3m（±5m以内）であり、制限速度・CBTC遵守、適切な減速フェーズであるため高評価とし0.9とした。
169,Train11,次駅への減速フェーズ（駅手前400m以内）,ブレーキ（減速）中,1.0,惰行,15.0,70.0,70.0,5.0,70.0,4.34,0.0,1.3420645674902167,10.0,0.0,この先制限速度なし,この先目立った勾配なし,先行列車なし,後続列車なし,0.9,ブレーキが適切に作動しdelta_stopが3mで許容範囲内、速度制限・CBTCを遵守、ノコギリ運転なしで停止位置精度が高く評価できるため高評価とした。
170,Train11,次駅への減速フェーズ（駅手前400m以内）,ブレーキ（減速）中,10.2,惰行,20.0,70.0,70.0,5.0,5.0,4.34,6.2,1.3420645674902167,0.0,0.0,この先制限速度なし,この先目立った勾配なし,先行列車なし,後続列車なし,1.0,ブレーキが適切に掛かり、delta_stopが3mで許容範囲内のため高評価とし、rewardを1.0とした。
171,Train11,次駅への減速フェーズ（駅手前400m以内）,ブレーキ（減速）中,10.2,惰行,20.0,70.0,70.0,5.0,70.0,4.34,0.0,1.3420645674902167,10.0,0.0,この先制限速度なし,この先目立った勾配なし,先行列車なし,後続列車なし,0.9,ブレーキ中でdelta_stopが3mと5m以内であり、信号・制限速度を遵守しつつ適切に停止位置に向かっているため高評価とした。
172,Train11,次駅への減速フェーズ（駅手前400m以内）,ブレーキ（減速）中,4.0,惰行,15.0,70.0,70.0,5.0,5.0,4.34,6.2,1.3420645674902167,0.0,0.0,この先制限速度なし,この先目立った勾配なし,先行列車なし,後続列車なし,1.0,ブレーキがdelta_stop=3mの適切な位置で開始され、速度・制限・CBTC信号をすべて遵守しているため高評価とした。
173,Train11,次駅への減速フェーズ（駅手前400m以内）,ブレーキ（減速）中,4.0,惰行,15.0,70.0,70.0,5.0,70.0,4.34,0.0,1.3420645674902167,10.0,0.0,この先制限速度なし,この先目立った勾配なし,先行列車なし,後続列車なし,1.0,ブレーキで適切に減速し、delta_stopが3mで停止位置が許容範囲内、速度制限・CBTC遵守、ノコギリ運転なしと評価し高評価とした。
174,Train11,次駅への減速フェーズ（駅手前400m以内）,ブレーキ（減速）中,1.0,惰行,15.0,70.0,70.0,5.0,5.0,5.34,7.7,1.3420645674902167,0.0,0.0,この先制限速度なし,この先目立った勾配なし,先行列車なし,後続列車なし,0.9,ブレーキが適切な位置(delta_stop 4m)で行われ、速度・信号遵守、不要な加速なしで次駅減速フェーズを安全に実施したため高評価とした。
175,Train11,次駅への減速フェーズ（駅手前400m以内）,ブレーキ（減速）中,1.0,惰行,15.0,70.0,70.0,5.0,70.0,5.34,0.0,1.3420645674902167,10.0,0.0,この先制限速度なし,この先目立った勾配なし,先行列車なし,後続列車なし,0.9,ブレーキ中でdelta_stopが4mと許容範囲内、速度制限・CBTC遵守、ノコギリ運転なしで適切な減速と判断し高評価とした。
176,Train11,次駅への減速フェーズ（駅手前400m以内）,ブレーキ（減速）中,10.2,惰行,20.0,70.0,70.0,5.0,5.0,5.34,7.7,1.3420645674902167,0.0,0.0,この先制限速度なし,この先目立った勾配なし,先行列車なし,後続列車なし,1.0,次駅減速フェーズで適切にブレーキをかけ、delta_stopが5m以内で停止位置が確保できており、速度・信号・安全基準すべて遵守しているため高評価。
177,Train11,次駅への減速フェーズ（駅手前400m以内）,ブレーキ（減速）中,10.2,惰行,20.0,70.0,70.0,5.0,70.0,5.34,0.0,1.3420645674902167,10.0,0.0,この先制限速度なし,この先目立った勾配なし,先行列車なし,後続列車なし,0.9,ブレーキ中でdelta_stopが4mと許容範囲内であり、速度も制限・CBTCを遵守しているため高評価とし、rewardを0.9とした。
178,Train11,次駅への減速フェーズ（駅手前400m以内）,ブレーキ（減速）中,4.0,惰行,15.0,70.0,70.0,5.0,5.0,5.34,7.7,1.3420645674902167,0.0,0.0,この先制限速度なし,この先目立った勾配なし,先行列車なし,後続列車なし,0.9,ブレーキ開始位置がΔstop 4 mで許容範囲内（±5 m）かつ速度・CBTC遵守、ノコギリ運転なしで定時・省エネに問題なしと判断し高評価。
179,Train11,次駅への減速フェーズ（駅手前400m以内）,ブレーキ（減速）中,4.0,惰行,15.0,70.0,70.0,5.0,70.0,5.34,0.0,1.3420645674902167,10.0,0.0,この先制限速度なし,この先目立った勾配なし,先行列車なし,後続列車なし,1.0,ブレーキが適切に掛かりdelta_stopが4mで誤差≤5mのため高評価とし、他項目も問題なし。
180,Train11,次駅への減速フェーズ（駅手前400m以内）,ブレーキ（減速）中,1.0,惰行,15.0,70.0,70.0,7.0,7.0,1.13,1.2,2.629109139021707,0.0,0.0,この先制限速度なし,この先目立った勾配なし,先行列車なし,後続列車なし,1.0,ブレーキが適切に掛かっており、delta_stopが±5m以内で停止位置が良好、速度・信号遵守の問題なしと評価し高評価とした。
181,Train11,次駅への減速フェーズ（駅手前400m以内）,ブレーキ（減速）中,1.0,惰行,15.0,70.0,70.0,7.0,70.0,1.13,0.0,2.629109139021707,10.0,0.0,この先制限速度なし,この先目立った勾配なし,先行列車なし,後続列車なし,0.9,ブレーキ中でdelta_stopが-1.5mと許容範囲内、速度制限・CBTC遵守、ノコギリ運転なしで適切な減速と判断し高評価とした。
182,Train11,次駅への減速フェーズ（駅手前400m以内）,ブレーキ（減速）中,9.4,惰行,20.0,70.0,70.0,7.0,7.0,1.13,1.2,2.629109139021707,0.0,0.0,この先制限速度なし,この先目立った勾配なし,先行列車なし,後続列車なし,1.0,ブレーキ中でdelta_stopが±5m以内に収まり、速度・信号遵守、ノコギリ運転なし、遅延0秒で安全に停止できるため高評価。
183,Train11,次駅への減速フェーズ（駅手前400m以内）,ブレーキ（減速）中,9.4,惰行,20.0,70.0,70.0,7.0,70.0,1.13,0.0,2.629109139021707,10.0,0.0,この先制限速度なし,この先目立った勾配なし,先行列車なし,後続列車なし,1.0,ブレーキが適切に掛かりdelta_stopが-1.5mで許容範囲内、速度・信号超過なし、ノコギリ運転もなく高評価とし1.0とする。
184,Train11,次駅への減速フェーズ（駅手前400m以内）,ブレーキ（減速）中,4.0,惰行,15.0,70.0,70.0,7.0,7.0,1.13,1.2,2.629109139021707,0.0,0.0,この先制限速度なし,この先目立った勾配なし,先行列車なし,後続列車なし,0.6,delta_stopが-1.5mでやや過走となりブレーキタイミングに遅れがあるため、評価は中程度の0.6とした。
185,Train11,次駅への減速フェーズ（駅手前400m以内）,ブレーキ（減速）中,4.0,惰行,15.0,70.0,70.0,7.0,70.0,1.13,0.0,2.629109139021707,10.0,0.0,この先制限速度なし,この先目立った勾配なし,先行列車なし,後続列車なし,0.9,ブレーキ中でdelta_stopが-1.5m（±5m以内）かつ速度・CBTC制限を遵守、ノコギリ運転なし、停止位置適切と評価し高評価。
186,Train11,次駅への減速フェーズ（駅手前400m以内）,ブレーキ（減速）中,1.0,惰行,15.0,70.0,70.0,7.0,7.0,1.63,1.7,2.629109139021707,0.0,0.0,この先制限速度なし,この先目立った勾配なし,先行列車なし,後続列車なし,0.9,ブレーキ中でdelta_stopが-1.0mと許容範囲内、速度は制限・CBTC信号内、不要な力行がなく適切な減速と判断し高評価とした。
187,Train11,次駅への減速フェーズ（駅手前400m以内）,ブレーキ（減速）中,1.0,惰行,15.0,70.0,70.0,7.0,70.0,1.63,0.0,2.629109139021707,10.0,0.0,この先制限速度なし,この先目立った勾配なし,先行列車なし,後続列車なし,0.9,ブレーキ中でdelta_stopが‑1 m（±5 m以内）となっており、停止位置は適切に確保できているため高評価とする。
188,Train11,次駅への減速フェーズ（駅手前400m以内）,ブレーキ（減速）中,9.4,惰行,20.0,70.0,70.0,7.0,7.0,1.63,1.7,2.629109139021707,0.0,0.0,この先制限速度なし,この先目立った勾配なし,先行列車なし,後続列車なし,0.9,ブレーキ中でdelta_stopが-1.0m（|Δ|≤5m）かつ速度・信号遵守、ノコギリ運転なしのため高評価とした。
189,Train11,次駅への減速フェーズ（駅手前400m以内）,ブレーキ（減速）中,9.4,惰行,20.0,70.0,70.0,7.0,70.0,1.63,0.0,2.629109139021707,10.0,0.0,この先制限速度なし,この先目立った勾配なし,先行列車なし,後続列車なし,1.0,ブレーキが適切に作動しdelta_stopが-1mで許容範囲内、速度・信号遵守、ノコギリ運転なしのため最高評価とした。
190,Train11,次駅への減速フェーズ（駅手前400m以内）,ブレーキ（減速）中,4.0,惰行,15.0,70.0,70.0,7.0,7.0,1.63,1.7,2.629109139021707,0.0,0.0,この先制限速度なし,この先目立った勾配なし,先行列車なし,後続列車なし,1.0,ブレーキ中でdelta_stopが-1mと許容範囲内、速度・信号遵守、ノコギリ運転なしで定時停止が可能なため高評価。
191,Train11,次駅への減速フェーズ（駅手前400m以内）,ブレーキ（減速）中,4.0,惰行,15.0,70.0,70.0,7.0,70.0,1.63,0.0,2.629109139021707,10.0,0.0,この先制限速度なし,この先目立った勾配なし,先行列車なし,後続列車なし,1.0,ブレーキ中でdelta_stopが-1m（±5m以内）かつ速度が制限・信号内のため高評価とし、rewardを1.0とした。
192,Train11,次駅への減速フェーズ（駅手前400m以内）,ブレーキ（減速）中,1.0,惰行,15.0,70.0,70.0,7.0,7.0,2.13,2.2,2.629109139021707,0.0,0.0,この先制限速度なし,この先目立った勾配なし,先行列車なし,後続列車なし,0.9,ブレーキが適切に作動し、delta_stopが-0.5mで許容範囲内のため高評価とした。
193,Train11,次駅への減速フェーズ（駅手前400m以内）,ブレーキ（減速）中,1.0,惰行,15.0,70.0,70.0,7.0,70.0,2.13,0.0,2.629109139021707,10.0,0.0,この先制限速度なし,この先目立った勾配なし,先行列車なし,後続列車なし,0.9,ブレーキ中でdelta_stopが-0.5mと許容範囲内、速度・CBTC遵守、ノコギリ運転なしのため高評価とした。
194,Train11,次駅への減速フェーズ（駅手前400m以内）,ブレーキ（減速）中,9.4,惰行,20.0,70.0,70.0,7.0,7.0,2.13,2.2,2.629109139021707,0.0,0.0,この先制限速度なし,この先目立った勾配なし,先行列車なし,後続列車なし,1.0,ブレーキ中でdelta_stopが-0.5m（±5m以内）かつ制限速度・CBTC遵守、不要な力行なしで適切に減速しているため高評価とし1.0とする。
195,Train11,次駅への減速フェーズ（駅手前400m以内）,ブレーキ（減速）中,9.4,惰行,20.0,70.0,70.0,7.0,70.0,2.13,0.0,2.629109139021707,10.0,0.0,この先制限速度なし,この先目立った勾配なし,先行列車なし,後続列車なし,0.9,ブレーキ中でdelta_stopが-0.5mと許容範囲内、速度・信号遵守、ノコギリ運転なしのため高評価とし0.9とした。
196,Train11,次駅への減速フェーズ（駅手前400m以内）,ブレーキ（減速）中,4.0,惰行,15.0,70.0,70.0,7.0,7.0,2.13,2.2,2.629109139021707,0.0,0.0,この先制限速度なし,この先目立った勾配なし,先行列車なし,後続列車なし,1.0,ブレーキ中でdelta_stopが-0.5mと許容範囲内、速度・信号遵守、不要な加速なしのため最高評価とした。
197,Train11,次駅への減速フェーズ（駅手前400m以内）,ブレーキ（減速）中,4.0,惰行,15.0,70.0,70.0,7.0,70.0,2.13,0.0,2.629109139021707,10.0,0.0,この先制限速度なし,この先目立った勾配なし,先行列車なし,後続列車なし,0.9,ブレーキ中にdelta_stopが-0.5mで許容範囲内、速度・信号遵守、ノコギリ運転なし、遅延は過去のもののため現在の操作は適切と判断し高評価とした。
198,Train11,次駅への減速フェーズ（駅手前400m以内）,ブレーキ（減速）中,1.0,惰行,15.0,70.0,70.0,7.0,7.0,2.63,2.7,2.629109139021707,0.0,0.0,この先制限速度なし,この先目立った勾配なし,先行列車なし,後続列車なし,1.0,次駅減速フェーズでブレーキ開始が適切でdelta_stopが0m、速度制限・CBTC遵守、無駄な力行なしと評価し最高点とした。
199,Train11,次駅への減速フェーズ（駅手前400m以内）,ブレーキ（減速）中,1.0,惰行,15.0,70.0,70.0,7.0,70.0,2.63,0.0,2.629109139021707,10.0,0.0,この先制限速度なし,この先目立った勾配なし,先行列車なし,後続列車なし,1.0,ブレーキが適切に作動しdelta_stopが0mで停止位置が正確、速度制限・CBTC遵守、ノコギリ運転なしのため最高評価とした。
200,Train11,次駅への減速フェーズ（駅手前400m以内）,ブレーキ（減速）中,9.4,惰行,20.0,70.0,70.0,7.0,7.0,2.63,2.7,2.629109139021707,0.0,0.0,この先制限速度なし,この先目立った勾配なし,先行列車なし,後続列車なし,1.0,ブレーキが適切に開始され、delta_stopが0で停止位置が正確、速度は制限・CBTC内、ノコギリ運転なしと評価し高評価とした。
201,Train11,次駅への減速フェーズ（駅手前400m以内）,ブレーキ（減速）中,9.4,惰行,20.0,70.0,70.0,7.0,70.0,2.63,0.0,2.629109139021707,10.0,0.0,この先制限速度なし,この先目立った勾配なし,先行列車なし,後続列車なし,1.0,ブレーキ中でdelta_stopが0m、信号・制限速度を遵守し次駅停止が適切に行われているため最高評価とした。
202,Train11,次駅への減速フェーズ（駅手前400m以内）,ブレーキ（減速）中,4.0,惰行,15.0,70.0,70.0,7.0,7.0,2.63,2.7,2.629109139021707,0.0,0.0,この先制限速度なし,この先目立った勾配なし,先行列車なし,後続列車なし,1.0,ブレーキが適切に作動しdelta_stop=0で停止位置が正確、速度・CBTC制限を遵守しているため最高評価とした。
203,Train11,次駅への減速フェーズ（駅手前400m以内）,ブレーキ（減速）中,4.0,惰行,15.0,70.0,70.0,7.0,70.0,2.63,0.0,2.629109139021707,10.0,0.0,この先制限速度なし,この先目立った勾配なし,先行列車なし,後続列車なし,1.0,減速フェーズでブレーキを適切に掛け停止位置が正確であり、速度・信号遵守・ノコギリ運転なしと評価し高評価とした。
204,Train11,次駅への減速フェーズ（駅手前400m以内）,ブレーキ（減速）中,1.0,惰行,15.0,70.0,70.0,7.0,7.0,3.13,3.2,2.629109139021707,0.0,0.0,この先制限速度なし,この先目立った勾配なし,先行列車なし,後続列車なし,1.0,ブレーキが適切に作動しdelta_stopが0.5mで停止位置が正確、速度・信号遵守、ノコギリ運転なしのためreward=1.0とした。
205,Train11,次駅への減速フェーズ（駅手前400m以内）,ブレーキ（減速）中,1.0,惰行,15.0,70.0,70.0,7.0,70.0,3.13,0.0,2.629109139021707,10.0,0.0,この先制限速度なし,この先目立った勾配なし,先行列車なし,後続列車なし,1.0,ブレーキで適切に減速し、delta_stopが0.5mで停止位置が許容範囲内、速度・信号超過なしで安全に停止できるため高評価。
206,Train11,次駅への減速フェーズ（駅手前400m以内）,ブレーキ（減速）中,9.4,惰行,20.0,70.0,70.0,7.0,7.0,3.13,3.2,2.629109139021707,0.0,0.0,この先制限速度なし,この先目立った勾配なし,先行列車なし,後続列車なし,1.0,次駅減速フェーズでブレーキが適切にかかり、delta_stopが0.5mで停止位置が許容範囲内のため高評価とした。
207,Train11,次駅への減速フェーズ（駅手前400m以内）,ブレーキ（減速）中,9.4,惰行,20.0,70.0,70.0,7.0,70.0,3.13,0.0,2.629109139021707,10.0,0.0,この先制限速度なし,この先目立った勾配なし,先行列車なし,後続列車なし,1.0,次駅減速フェーズでブレーキ中かつdelta_stopが0.5mで許容範囲内のため、停止位置達成が適切であり、他に違反がないと判断した。
208,Train11,次駅への減速フェーズ（駅手前400m以内）,ブレーキ（減速）中,4.0,惰行,15.0,70.0,70.0,7.0,7.0,3.13,3.2,2.629109139021707,0.0,0.0,この先制限速度なし,この先目立った勾配なし,先行列車なし,後続列車なし,1.0,次駅減速フェーズでブレーキ中、delta_stopが0.5mで許容範囲内のため適切な減速と判断し高評価とした。
209,Train11,次駅への減速フェーズ（駅手前400m以内）,ブレーキ（減速）中,4.0,惰行,15.0,70.0,70.0,7.0,70.0,3.13,0.0,2.629109139021707,10.0,0.0,この先制限速度なし,この先目立った勾配なし,先行列車なし,後続列車なし,1.0,ブレーキ中でdelta_stopが0.5mと許容範囲内、速度・信号遵守、ノコギリ運転なしで停止位置が適切なため最高評価。
210,Train11,次駅への減速フェーズ（駅手前400m以内）,ブレーキ（減速）中,1.0,惰行,15.0,70.0,70.0,7.0,7.0,3.63,3.7,2.629109139021707,0.0,0.0,この先制限速度なし,この先目立った勾配なし,先行列車なし,後続列車なし,1.0,次駅減速フェーズでブレーキが適切に作動し、delta_stopが1mで停止位置が確保できているため評価は高く、ノコギリ運転もなし。
211,Train11,次駅への減速フェーズ（駅手前400m以内）,ブレーキ（減速）中,1.0,惰行,15.0,70.0,70.0,7.0,70.0,3.63,0.0,2.629109139021707,10.0,0.0,この先制限速度なし,この先目立った勾配なし,先行列車なし,後続列車なし,1.0,ブレーキが適切に掛かっており、delta_stopが1mで停止位置誤差が5m以内の高評価範囲に入るため、全項目で問題なく最高評価とした。
212,Train11,次駅への減速フェーズ（駅手前400m以内）,ブレーキ（減速）中,9.4,惰行,20.0,70.0,70.0,7.0,7.0,3.63,3.7,2.629109139021707,0.0,0.0,この先制限速度なし,この先目立った勾配なし,先行列車なし,後続列車なし,1.0,次駅減速フェーズでブレーキ中、delta_stopが1mで許容範囲内かつ速度・信号遵守のため高評価とし、他項目に問題なし。
213,Train11,次駅への減速フェーズ（駅手前400m以内）,ブレーキ（減速）中,9.4,惰行,20.0,70.0,70.0,7.0,70.0,3.63,0.0,2.629109139021707,10.0,0.0,この先制限速度なし,この先目立った勾配なし,先行列車なし,後続列車なし,1.0,ブレーキが適切にかかり、delta_stopが1mで停止位置が許容範囲内、速度・信号遵守、ノコギリ運転なしのため最高評価とした。
214,Train11,次駅への減速フェーズ（駅手前400m以内）,ブレーキ（減速）中,4.0,惰行,15.0,70.0,70.0,7.0,7.0,3.63,3.7,2.629109139021707,0.0,0.0,この先制限速度なし,この先目立った勾配なし,先行列車なし,後続列車なし,1.0,ブレーキが適切に掛かりdelta_stopが1mで許容範囲内、速度も制限内でノコギリ運転なし、全項目良好のため最高評価。
215,Train11,次駅への減速フェーズ（駅手前400m以内）,ブレーキ（減速）中,4.0,惰行,15.0,70.0,70.0,7.0,70.0,3.63,0.0,2.629109139021707,10.0,0.0,この先制限速度なし,この先目立った勾配なし,先行列車なし,後続列車なし,1.0,ブレーキで適切に減速し、delta_stopが許容範囲内で安全に停止位置に到達できるため、全項目で問題なしと判断した。
216,Train11,次駅への減速フェーズ（駅手前400m以内）,ブレーキ（減速）中,1.0,惰行,15.0,70.0,70.0,7.0,7.0,4.13,4.2,2.629109139021707,0.0,0.0,この先制限速度なし,この先目立った勾配なし,先行列車なし,後続列車なし,0.9,ブレーキ開始がdelta_stop=1.5mで早すぎず、|delta_stop|≤5mの範囲内で安全に停止でき、速度・エネルギー面でも適切と判断した。
217,Train11,次駅への減速フェーズ（駅手前400m以内）,ブレーキ（減速）中,1.0,惰行,15.0,70.0,70.0,7.0,70.0,4.13,0.0,2.629109139021707,10.0,0.0,この先制限速度なし,この先目立った勾配なし,先行列車なし,後続列車なし,0.9,ブレーキ中でdelta_stopが1.5mと許容範囲内、速度・信号超過なし、ノコギリ運転でもなく高評価とした。
218,Train11,次駅への減速フェーズ（駅手前400m以内）,ブレーキ（減速）中,9.4,惰行,20.0,70.0,70.0,7.0,7.0,4.13,4.2,2.629109139021707,0.0,0.0,この先制限速度なし,この先目立った勾配なし,先行列車なし,後続列車なし,0.9,ブレーキが適切に掛かり、delta_stopが1.5mで停止位置誤差が5m以内、速度・信号遵守も問題なく高評価とした。
219,Train11,次駅への減速フェーズ（駅手前400m以内）,ブレーキ（減速）中,9.4,惰行,20.0,70.0,70.0,7.0,70.0,4.13,0.0,2.629109139021707,10.0,0.0,この先制限速度なし,この先目立った勾配なし,先行列車なし,後続列車なし,1.0,ブレーキが適切にかかっており、delta_stopが1.5mで許容範囲内のため停止位置も確実で、速度制限・CBTCも遵守している。
220,Train11,次駅への減速フェーズ（駅手前400m以内）,ブレーキ（減速）中,4.0,惰行,15.0,70.0,70.0,7.0,7.0,4.13,4.2,2.629109139021707,0.0,0.0,この先制限速度なし,この先目立った勾配なし,先行列車なし,後続列車なし,1.0,ブレーキ中でdelta_stopが1.5mと許容範囲内、速度・信号遵守、ノコギリ運転なしで適切と判断し最高評価。
221,Train11,次駅への減速フェーズ（駅手前400m以内）,ブレーキ（減速）中,4.0,惰行,15.0,70.0,70.0,7.0,70.0,4.13,0.0,2.629109139021707,10.0,0.0,この先制限速度なし,この先目立った勾配なし,先行列車なし,後続列車なし,0.9,次駅減速フェーズでブレーキ中、delta_stopが1.5mで許容範囲内、速度・信号遵守、ノコギリ運転なしと評価し高評価とした。
222,Train11,次駅への減速フェーズ（駅手前400m以内）,ブレーキ（減速）中,1.0,惰行,15.0,70.0,70.0,7.0,7.0,4.63,4.8,2.629109139021707,0.0,0.0,この先制限速度なし,この先目立った勾配なし,先行列車なし,後続列車なし,1.0,ブレーキが適切に掛かり、停止位置誤差が2m以内でCBTC・制限速度を遵守しているため、評価は最高点とした。
223,Train11,次駅への減速フェーズ（駅手前400m以内）,ブレーキ（減速）中,1.0,惰行,15.0,70.0,70.0,7.0,70.0,4.63,0.0,2.629109139021707,10.0,0.0,この先制限速度なし,この先目立った勾配なし,先行列車なし,後続列車なし,0.9,ブレーキ中でdelta_stopが2mと許容範囲内、速度・信号超過なし、ノコギリ運転でもなく安全に駅停車できるため高評価。
224,Train11,次駅への減速フェーズ（駅手前400m以内）,ブレーキ（減速）中,9.4,惰行,20.0,70.0,70.0,7.0,7.0,4.63,4.8,2.629109139021707,0.0,0.0,この先制限速度なし,この先目立った勾配なし,先行列車なし,後続列車なし,1.0,ブレーキ中でdelta_stopが2mと許容範囲内であり、速度・信号遵守、停止位置精度が高く、ノコギリ運転もなく評価は最高とした。
225,Train11,次駅への減速フェーズ（駅手前400m以内）,ブレーキ（減速）中,9.4,惰行,20.0,70.0,70.0,7.0,70.0,4.63,0.0,2.629109139021707,10.0,0.0,この先制限速度なし,この先目立った勾配なし,先行列車なし,後続列車なし,0.9,ブレーキ中でdelta_stopが+2mと5m以内であり、速度・信号遵守、ノコギリ運転なしで停止位置が適切に確保されているため高評価。
226,Train11,次駅への減速フェーズ（駅手前400m以内）,ブレーキ（減速）中,4.0,惰行,15.0,70.0,70.0,7.0,7.0,4.63,4.8,2.629109139021707,0.0,0.0,この先制限速度なし,この先目立った勾配なし,先行列車なし,後続列車なし,1.0,ブレーキが適切に掛かっており、delta_stopが2mで許容範囲内、速度も制限・信号内で必要速度と一致しているため高評価。
227,Train11,次駅への減速フェーズ（駅手前400m以内）,ブレーキ（減速）中,4.0,惰行,15.0,70.0,70.0,7.0,70.0,4.63,0.0,2.629109139021707,10.0,0.0,この先制限速度なし,この先目立った勾配なし,先行列車なし,後続列車なし,0.9,ブレーキが適切に掛かりdelta_stopが許容範囲内で、速度・CBTC制限を守りノコギリ運転もなく、現在のノッチは正当と判断した。
228,Train11,次駅への減速フェーズ（駅手前400m以内）,ブレーキ（減速）中,1.0,惰行,15.0,70.0,70.0,7.0,7.0,5.63,5.8,2.629109139021707,0.0,0.0,この先制限速度なし,この先目立った勾配なし,先行列車なし,後続列車なし,1.0,ブレーキが適切に掛かり、delta_stopが3mで5m以内の高評価範囲にあり、速度・信号遵守も問題なく、ノコギリ運転や無駄な加速もないためrewardは1.0とした。
229,Train11,次駅への減速フェーズ（駅手前400m以内）,ブレーキ（減速）中,1.0,惰行,15.0,70.0,70.0,7.0,70.0,5.63,0.0,2.629109139021707,10.0,0.0,この先制限速度なし,この先目立った勾配なし,先行列車なし,後続列車なし,0.8,ブレーキ中でdelta_stopが3mと許容範囲内、速度制限・CBTC遵守、ノコギリ運転なしで適切な減速と判断し、遅延はあるが停車位置は良好なため0.8とした。
230,Train11,次駅への減速フェーズ（駅手前400m以内）,ブレーキ（減速）中,9.4,惰行,20.0,70.0,70.0,7.0,7.0,5.63,5.8,2.629109139021707,0.0,0.0,この先制限速度なし,この先目立った勾配なし,先行列車なし,後続列車なし,0.9,ブレーキはdelta_stopが3mで許容範囲内、速度は制限・信号内、ノコギリ運転なし、全項目で適切と判断し高評価とした。
231,Train11,次駅への減速フェーズ（駅手前400m以内）,ブレーキ（減速）中,9.4,惰行,20.0,70.0,70.0,7.0,70.0,5.63,0.0,2.629109139021707,10.0,0.0,この先制限速度なし,この先目立った勾配なし,先行列車なし,後続列車なし,0.9,ブレーキが適切に掛かりdelta_stopが3mで停止位置誤差が5m以内、速度制限・CBTC遵守、ノコギリ運転なしと評価し高評価とした。
232,Train11,次駅への減速フェーズ（駅手前400m以内）,ブレーキ（減速）中,4.0,惰行,15.0,70.0,70.0,7.0,7.0,5.63,5.8,2.629109139021707,0.0,0.0,この先制限速度なし,この先目立った勾配なし,先行列車なし,後続列車なし,1.0,全ての上位項目で速度・停止位置が基準内であり、ノコギリ運転もなく安全かつ適切と判断した。
233,Train11,次駅への減速フェーズ（駅手前400m以内）,ブレーキ（減速）中,4.0,惰行,15.0,70.0,70.0,7.0,70.0,5.63,0.0,2.629109139021707,10.0,0.0,この先制限速度なし,この先目立った勾配なし,先行列車なし,後続列車なし,0.9,ブレーキが適切に掛かり、delta_stopが3mで許容範囲内に収まっているため、停止位置の精度が高く安全性が確保されていると判断し高評価とした。
234,Train11,次駅への減速フェーズ（駅手前400m以内）,ブレーキ（減速）中,1.0,惰行,15.0,70.0,70.0,7.0,7.0,6.63,6.8,2.629109139021707,0.0,0.0,この先制限速度なし,この先目立った勾配なし,先行列車なし,後続列車なし,0.9,ブレーキが適切に作動し、delta_stopが4mで許容範囲内のため停止位置が確保でき、他項目に問題なし。
235,Train11,次駅への減速フェーズ（駅手前400m以内）,ブレーキ（減速）中,1.0,惰行,15.0,70.0,70.0,7.0,70.0,6.63,0.0,2.629109139021707,10.0,0.0,この先制限速度なし,この先目立った勾配なし,先行列車なし,後続列車なし,1.0,ブレーキ中でdelta_stopが4mと許容範囲内、速度は信号以下で安全かつ停止位置が適切なため高評価とした。
236,Train11,次駅への減速フェーズ（駅手前400m以内）,ブレーキ（減速）中,9.4,惰行,20.0,70.0,70.0,7.0,7.0,6.63,6.8,2.629109139021707,0.0,0.0,この先制限速度なし,この先目立った勾配なし,先行列車なし,後続列車なし,1.0,ブレーキ中でdelta_stopが4m（±5m以内）であり、制限速度・CBTCを遵守し、ノコギリ運転もなく、定時停止が可能なため高評価とした。
237,Train11,次駅への減速フェーズ（駅手前400m以内）,ブレーキ（減速）中,9.4,惰行,20.0,70.0,70.0,7.0,70.0,6.63,0.0,2.629109139021707,10.0,0.0,この先制限速度なし,この先目立った勾配なし,先行列車なし,後続列車なし,1.0,ブレーキ中でdelta_stopが4mと許容範囲内、速度・CBTC制限遵守、ノコギリ運転なしで全項目が適切なため最高評価とした。
238,Train11,次駅への減速フェーズ（駅手前400m以内）,ブレーキ（減速）中,4.0,惰行,15.0,70.0,70.0,7.0,7.0,6.63,6.8,2.629109139021707,0.0,0.0,この先制限速度なし,この先目立った勾配なし,先行列車なし,後続列車なし,1.0,ブレーキは適切にかかっており、delta_stopが4mで許容範囲内、速度制限・CBTC遵守、ノコギリ運転なしで評価が高くなる。
239,Train11,次駅への減速フェーズ（駅手前400m以内）,ブレーキ（減速）中,4.0,惰行,15.0,70.0,70.0,7.0,70.0,6.63,0.0,2.629109139021707,10.0,0.0,この先制限速度なし,この先目立った勾配なし,先行列車なし,後続列車なし,0.9,ブレーキが適切に作動し、delta_stopが4mで停止位置が確保できているため高評価とし、0.9点とした。
240,Train11,次駅への減速フェーズ（駅手前400m以内）,ブレーキ（減速）中,1.0,惰行,15.0,70.0,70.0,10.0,10.0,3.86,2.8,5.361102334269932,0.0,0.0,この先制限速度なし,この先目立った勾配なし,先行列車なし,後続列車なし,0.9,ブレーキ中でdelta_stopが-1.5m（|Δ|≤5m）となり、信号・制限速度遵守、ノコギリ運転なし、停止位置適切と判断し高評価とした。
241,Train11,次駅への減速フェーズ（駅手前400m以内）,ブレーキ（減速）中,1.0,惰行,15.0,70.0,70.0,10.0,70.0,3.86,0.0,5.361102334269932,10.0,0.0,この先制限速度なし,この先目立った勾配なし,先行列車なし,後続列車なし,0.9,次駅減速フェーズでブレーキが適切に作動し、delta_stopが-1.5mで停止位置誤差が5m以内、速度・信号遵守、ノコギリ運転なしのため高評価とした。
242,Train11,次駅への減速フェーズ（駅手前400m以内）,ブレーキ（減速）中,8.2,惰行,20.0,70.0,70.0,10.0,10.0,3.86,2.8,5.361102334269932,0.0,0.0,この先制限速度なし,この先目立った勾配なし,先行列車なし,後続列車なし,1.0,ブレーキ中でΔstop=-1.5m（|Δ|≤5m）と許容範囲内、速度・CBTC遵守、ノコギリ運転なし、遅延0秒のため最高評価とした。
243,Train11,次駅への減速フェーズ（駅手前400m以内）,ブレーキ（減速）中,8.2,惰行,20.0,70.0,70.0,10.0,70.0,3.86,0.0,5.361102334269932,10.0,0.0,この先制限速度なし,この先目立った勾配なし,先行列車なし,後続列車なし,0.9,ブレーキを継続し、delta_stopが-1.5mで|Δ|≤5mの範囲内、速度・CBTC制限を守っているため高評価とし、rewardを0.9とした。
244,Train11,次駅への減速フェーズ（駅手前400m以内）,ブレーキ（減速）中,4.0,惰行,15.0,70.0,70.0,10.0,10.0,3.86,2.8,5.361102334269932,0.0,0.0,この先制限速度なし,この先目立った勾配なし,先行列車なし,後続列車なし,0.6,ブレーキ中でdelta_stopが-1.5mと許容範囲内だが若干過走しているためやや減点し、他項目は問題なしと判断した。
245,Train11,次駅への減速フェーズ（駅手前400m以内）,ブレーキ（減速）中,4.0,惰行,15.0,70.0,70.0,10.0,70.0,3.86,0.0,5.361102334269932,10.0,0.0,この先制限速度なし,この先目立った勾配なし,先行列車なし,後続列車なし,0.9,ブレーキが適切に作動し、delta_stopが-1.5mで許容範囲内のため停止位置は良好、速度・CBTC制限も遵守している。
246,Train11,次駅への減速フェーズ（駅手前400m以内）,ブレーキ（減速）中,1.0,惰行,15.0,70.0,70.0,10.0,10.0,4.36,3.1,5.361102334269932,0.0,0.0,この先制限速度なし,この先目立った勾配なし,先行列車なし,後続列車なし,1.0,ブレーキ中でdelta_stopが-1mと許容範囲内、速度・信号遵守、不要な力行なしのため最高評価とした。
247,Train11,次駅への減速フェーズ（駅手前400m以内）,ブレーキ（減速）中,1.0,惰行,15.0,70.0,70.0,10.0,70.0,4.36,0.0,5.361102334269932,10.0,0.0,この先制限速度なし,この先目立った勾配なし,先行列車なし,後続列車なし,0.6,ブレーキ中にdelta_stopが-1mでやや過走し、停止位置誤差によりやや減点とした。
248,Train11,次駅への減速フェーズ（駅手前400m以内）,ブレーキ（減速）中,8.2,惰行,20.0,70.0,70.0,10.0,10.0,4.36,3.1,5.361102334269932,0.0,0.0,この先制限速度なし,この先目立った勾配なし,先行列車なし,後続列車なし,0.9,ブレーキ中でdelta_stopが-1mと許容範囲内であり、速度・信号遵守、不要な力行なしで安全に停止できるため高評価とした。
249,Train11,次駅への減速フェーズ（駅手前400m以内）,ブレーキ（減速）中,8.2,惰行,20.0,70.0,70.0,10.0,70.0,4.36,0.0,5.361102334269932,10.0,0.0,この先制限速度なし,この先目立った勾配なし,先行列車なし,後続列車なし,0.9,ブレーキが適切にかかり、delta_stopが-1mで許容範囲内のため停止位置は良好で、速度・信号遵守も問題なく評価は高い。
250,Train11,次駅への減速フェーズ（駅手前400m以内）,ブレーキ（減速）中,4.0,惰行,15.0,70.0,70.0,10.0,10.0,4.36,3.1,5.361102334269932,0.0,0.0,この先制限速度なし,この先目立った勾配なし,先行列車なし,後続列車なし,1.0,ブレーキが適切に作動しdelta_stopが-1mで5m以内に収まっているため、停止位置と安全性は良好で評価が高くなる。
251,Train11,次駅への減速フェーズ（駅手前400m以内）,ブレーキ（減速）中,4.0,惰行,15.0,70.0,70.0,10.0,70.0,4.36,0.0,5.361102334269932,10.0,0.0,この先制限速度なし,この先目立った勾配なし,先行列車なし,後続列車なし,0.9,ブレーキ中でdelta_stopが-1mと許容範囲内、速度・信号超過なし、ノコギリ運転なしと評価し高評価とした。
252,Train11,次駅への減速フェーズ（駅手前400m以内）,ブレーキ（減速）中,1.0,惰行,15.0,70.0,70.0,10.0,10.0,4.86,3.5,5.361102334269932,0.0,0.0,この先制限速度なし,この先目立った勾配なし,先行列車なし,後続列車なし,0.6,ブレーキ中だが停止位置が-0.5 mのやや過走であり、やや減点対象となるためrewardは0.6とした。
253,Train11,次駅への減速フェーズ（駅手前400m以内）,ブレーキ（減速）中,1.0,惰行,15.0,70.0,70.0,10.0,70.0,4.86,0.0,5.361102334269932,10.0,0.0,この先制限速度なし,この先目立った勾配なし,先行列車なし,後続列車なし,1.0,ブレーキが適切に作動し、delta_stopが±5m以内で停止位置が確保されているため高評価とした。
254,Train11,次駅への減速フェーズ（駅手前400m以内）,ブレーキ（減速）中,8.2,惰行,20.0,70.0,70.0,10.0,10.0,4.86,3.5,5.361102334269932,0.0,0.0,この先制限速度なし,この先目立った勾配なし,先行列車なし,後続列車なし,0.9,ブレーキ中でdelta_stopが-0.5mと許容範囲内、速度・信号遵守、ノコギリ運転なしのため高評価とした。
255,Train11,次駅への減速フェーズ（駅手前400m以内）,ブレーキ（減速）中,8.2,惰行,20.0,70.0,70.0,10.0,70.0,4.86,0.0,5.361102334269932,10.0,0.0,この先制限速度なし,この先目立った勾配なし,先行列車なし,後続列車なし,0.9,ブレーキが適切に作動し、delta_stopが-0.5mで許容範囲内、速度・CBTC制限を遵守しているため高評価。
256,Train11,次駅への減速フェーズ（駅手前400m以内）,ブレーキ（減速）中,4.0,惰行,15.0,70.0,70.0,10.0,10.0,4.86,3.5,5.361102334269932,0.0,0.0,この先制限速度なし,この先目立った勾配なし,先行列車なし,後続列車なし,0.9,ブレーキが適切に作動しΔstopが±5m以内で安全に停止できるため高評価とし0.9とした。
257,Train11,次駅への減速フェーズ（駅手前400m以内）,ブレーキ（減速）中,4.0,惰行,15.0,70.0,70.0,10.0,70.0,4.86,0.0,5.361102334269932,10.0,0.0,この先制限速度なし,この先目立った勾配なし,先行列車なし,後続列車なし,0.9,ブレーキ中でdelta_stopが-0.5mと許容範囲内、速度・CBTC制限を遵守しているため高評価とした。
258,Train11,次駅への減速フェーズ（駅手前400m以内）,ブレーキ（減速）中,1.0,惰行,15.0,70.0,70.0,10.0,70.0,5.36,3.9,5.361102334269932,0.0,0.0,この先制限速度なし,この先目立った勾配なし,先行列車なし,後続列車なし,1.0,ブレーキが適切に作動しdelta_stop≈0で停止位置が確保され、即時ゼロ違反もなく安全かつ定時に停止できるため最高評価とした。
259,Train11,次駅への減速フェーズ（駅手前400m以内）,ブレーキ（減速）中,1.0,惰行,15.0,70.0,70.0,10.0,70.0,5.36,0.0,5.361102334269932,10.0,0.0,この先制限速度なし,この先目立った勾配なし,先行列車なし,後続列車なし,1.0,全ての安全・信号・停止位置条件を満たし、減速フェーズで適切にブレーキをかけているため高評価とした。
260,Train11,次駅への減速フェーズ（駅手前400m以内）,ブレーキ（減速）中,8.2,惰行,20.0,70.0,70.0,10.0,70.0,5.36,3.9,5.361102334269932,0.0,0.0,この先制限速度なし,この先目立った勾配なし,先行列車なし,後続列車なし,1.0,減速フェーズでブレーキが適切に作動し、delta_stop≈0で停止位置も正確、速度・CBTC遵守、ノコギリ運転なしで安全かつ省エネ。
261,Train11,次駅への減速フェーズ（駅手前400m以内）,ブレーキ（減速）中,8.2,惰行,20.0,70.0,70.0,10.0,70.0,5.36,0.0,5.361102334269932,10.0,0.0,この先制限速度なし,この先目立った勾配なし,先行列車なし,後続列車なし,1.0,ブレーキ中でdelta_stopが0m付近で停止位置が適切に確保されており、速度・信号遵守も問題ないため現在のノッチ操作は適切と判断した。
262,Train11,次駅への減速フェーズ（駅手前400m以内）,ブレーキ（減速）中,4.0,惰行,15.0,70.0,70.0,10.0,70.0,5.36,3.9,5.361102334269932,0.0,0.0,この先制限速度なし,この先目立った勾配なし,先行列車なし,後続列車なし,1.0,ブレーキが適切に作動しdelta_stop≈0で停止位置が正確、速度・信号超過なし、ノコギリ運転もなく安全かつ定時に停止できたため最高評価。
263,Train11,次駅への減速フェーズ（駅手前400m以内）,ブレーキ（減速）中,4.0,惰行,15.0,70.0,70.0,10.0,70.0,5.36,0.0,5.361102334269932,10.0,0.0,この先制限速度なし,この先目立った勾配なし,先行列車なし,後続列車なし,1.0,ブレーキが適切にかかっており、delta_stopが0m付近で停止位置が確保されているため、次駅減速フェーズとして正しい操作と判断した。
264,Train11,次駅への減速フェーズ（駅手前400m以内）,ブレーキ（減速）中,1.0,惰行,15.0,70.0,70.0,10.0,10.0,5.86,4.2,5.361102334269932,0.0,0.0,この先制限速度なし,この先目立った勾配なし,先行列車なし,後続列車なし,1.0,ブレーキ中でdelta_stopが0.5mと許容範囲内、速度・CBTC制限遵守、ノコギリ運転なしで定時停止が可能なため最高評価とした。
265,Train11,次駅への減速フェーズ（駅手前400m以内）,ブレーキ（減速）中,1.0,惰行,15.0,70.0,70.0,10.0,70.0,5.86,0.0,5.361102334269932,10.0,0.0,この先制限速度なし,この先目立った勾配なし,先行列車なし,後続列車なし,1.0,ブレーキが適切に作動し、delta_stopが0.5mで停止位置が許容範囲内であるため、全項目で問題なく高評価とした。
266,Train11,次駅への減速フェーズ（駅手前400m以内）,ブレーキ（減速）中,8.2,惰行,20.0,70.0,70.0,10.0,10.0,5.86,4.2,5.361102334269932,0.0,0.0,この先制限速度なし,この先目立った勾配なし,先行列車なし,後続列車なし,1.0,ブレーキが適切に掛かりdelta_stopが0.5mで停止位置が正確、速度・信号遵守のため高評価とした。安全かつ定時である。
267,Train11,次駅への減速フェーズ（駅手前400m以内）,ブレーキ（減速）中,8.2,惰行,20.0,70.0,70.0,10.0,70.0,5.86,0.0,5.361102334269932,10.0,0.0,この先制限速度なし,この先目立った勾配なし,先行列車なし,後続列車なし,1.0,ブレーキ中でdelta_stopが0.5mと許容範囲内、速度・信号遵守、ノコギリ運転なしで適切な減速と判断し高評価とした。
268,Train11,次駅への減速フェーズ（駅手前400m以内）,ブレーキ（減速）中,4.0,惰行,15.0,70.0,70.0,10.0,10.0,5.86,4.2,5.361102334269932,0.0,0.0,この先制限速度なし,この先目立った勾配なし,先行列車なし,後続列車なし,1.0,ブレーキ中でdelta_stopが0.5mと許容範囲内、速度・信号遵守、不要な加速なしで安全に停止できるため高評価。
269,Train11,次駅への減速フェーズ（駅手前400m以内）,ブレーキ（減速）中,4.0,惰行,15.0,70.0,70.0,10.0,70.0,5.86,0.0,5.361102334269932,10.0,0.0,この先制限速度なし,この先目立った勾配なし,先行列車なし,後続列車なし,1.0,ブレーキ中でdelta_stopが0.5mと許容範囲内、速度・信号遵守、ノコギリ運転なしで安全に停止できるため高評価。
270,Train11,次駅への減速フェーズ（駅手前400m以内）,ブレーキ（減速）中,1.0,惰行,15.0,70.0,70.0,10.0,10.0,6.36,4.6,5.361102334269932,0.0,0.0,この先制限速度なし,この先目立った勾配なし,先行列車なし,後続列車なし,1.0,ブレーキが適切に作動し、delta_stopが1mで停止位置も確保、速度制限・CBTC遵守、不要な加速なしで定時通りに停止できるため高評価。
271,Train11,次駅への減速フェーズ（駅手前400m以内）,ブレーキ（減速）中,1.0,惰行,15.0,70.0,70.0,10.0,70.0,6.36,0.0,5.361102334269932,10.0,0.0,この先制限速度なし,この先目立った勾配なし,先行列車なし,後続列車なし,1.0,ブレーキが適切に作動し、delta_stopが1m以内で安全に停車できるため高評価とした。
272,Train11,次駅への減速フェーズ（駅手前400m以内）,ブレーキ（減速）中,8.2,惰行,20.0,70.0,70.0,10.0,10.0,6.36,4.6,5.361102334269932,0.0,0.0,この先制限速度なし,この先目立った勾配なし,先行列車なし,後続列車なし,1.0,ブレーキで適切に減速し、delta_stopが1mで停止位置も良好、速度・信号遵守、ノコギリ運転なしで安全かつ定時性に問題なし。
273,Train11,次駅への減速フェーズ（駅手前400m以内）,ブレーキ（減速）中,8.2,惰行,20.0,70.0,70.0,10.0,70.0,6.36,0.0,5.361102334269932,10.0,0.0,この先制限速度なし,この先目立った勾配なし,先行列車なし,後続列車なし,0.9,ブレーキ中でdelta_stopが1mと許容範囲内、速度・CBTC遵守、ノコギリ運転なしのため高評価とした。
274,Train11,次駅への減速フェーズ（駅手前400m以内）,ブレーキ（減速）中,4.0,惰行,15.0,70.0,70.0,10.0,10.0,6.36,4.6,5.361102334269932,0.0,0.0,この先制限速度なし,この先目立った勾配なし,先行列車なし,後続列車なし,0.9,ブレーキで適切に減速し、delta_stopが1mで停止位置は許容範囲内、速度・信号・制限を遵守し、無駄な加速もなく安全かつ省エネな操作と判断した。
275,Train11,次駅への減速フェーズ（駅手前400m以内）,ブレーキ（減速）中,4.0,惰行,15.0,70.0,70.0,10.0,70.0,6.36,0.0,5.361102334269932,10.0,0.0,この先制限速度なし,この先目立った勾配なし,先行列車なし,後続列車なし,0.9,ブレーキが適切にかかりdelta_stopが1mで停止位置が許容範囲内、速度・信号遵守で安全かつエネルギー無駄がなく高評価とした。
276,Train11,次駅への減速フェーズ（駅手前400m以内）,ブレーキ（減速）中,1.0,惰行,15.0,70.0,70.0,10.0,10.0,6.86,4.9,5.361102334269932,0.0,0.0,この先制限速度なし,この先目立った勾配なし,先行列車なし,後続列車なし,1.0,ブレーキで適切に減速し、delta_stopが1.5mで停止位置に十分近く、速度・信号制限を遵守しているため高評価。
277,Train11,次駅への減速フェーズ（駅手前400m以内）,ブレーキ（減速）中,1.0,惰行,15.0,70.0,70.0,10.0,70.0,6.86,0.0,5.361102334269932,10.0,0.0,この先制限速度なし,この先目立った勾配なし,先行列車なし,後続列車なし,0.9,ブレーキ中でdelta_stopが+1.5mと5m以内であり、停止位置は適切に保たれているため高評価とし0.9とした。
278,Train11,次駅への減速フェーズ（駅手前400m以内）,ブレーキ（減速）中,8.2,惰行,20.0,70.0,70.0,10.0,10.0,6.86,4.9,5.361102334269932,0.0,0.0,この先制限速度なし,この先目立った勾配なし,先行列車なし,後続列車なし,1.0,ブレーキ中でdelta_stopが1.5mと許容範囲内、速度も制限・CBTC内、ノコギリ運転なしで適切に減速しているため高評価。
279,Train11,次駅への減速フェーズ（駅手前400m以内）,ブレーキ（減速）中,8.2,惰行,20.0,70.0,70.0,10.0,70.0,6.86,0.0,5.361102334269932,10.0,0.0,この先制限速度なし,この先目立った勾配なし,先行列車なし,後続列車なし,0.7,ブレーキ中でdelta_stopが1.5mと許容範囲内、速度制限・CBTC遵守だが10秒遅延のため評価をやや減点。
280,Train11,次駅への減速フェーズ（駅手前400m以内）,ブレーキ（減速）中,4.0,惰行,15.0,70.0,70.0,10.0,10.0,6.86,4.9,5.361102334269932,0.0,0.0,この先制限速度なし,この先目立った勾配なし,先行列車なし,後続列車なし,0.9,ブレーキ開始位置がΔstop=1.5mで要求範囲内かつ速度・信号遵守、不要な力行がなく適切な減速と判断した。
281,Train11,次駅への減速フェーズ（駅手前400m以内）,ブレーキ（減速）中,4.0,惰行,15.0,70.0,70.0,10.0,70.0,6.86,0.0,5.361102334269932,10.0,0.0,この先制限速度なし,この先目立った勾配なし,先行列車なし,後続列車なし,0.9,ブレーキが適切にかかり、delta_stopが1.5mで許容範囲内のため停止位置は良好で、他項目に問題なし。
282,Train11,次駅への減速フェーズ（駅手前400m以内）,ブレーキ（減速）中,1.0,惰行,15.0,70.0,70.0,10.0,10.0,7.36,5.3,5.361102334269932,0.0,0.0,この先制限速度なし,この先目立った勾配なし,先行列車なし,後続列車なし,1.0,ブレーキが適切に作動し、delta_stopが2mで許容範囲内かつ速度・信号遵守の問題がなく、ノコギリ運転等の減点要因がないため高評価。
283,Train11,次駅への減速フェーズ（駅手前400m以内）,ブレーキ（減速）中,1.0,惰行,15.0,70.0,70.0,10.0,70.0,7.36,0.0,5.361102334269932,10.0,0.0,この先制限速度なし,この先目立った勾配なし,先行列車なし,後続列車なし,0.9,ブレーキが適切に作動し、delta_stopが2mで停止位置が許容範囲内のため高評価とした。
284,Train11,次駅への減速フェーズ（駅手前400m以内）,ブレーキ（減速）中,8.2,惰行,20.0,70.0,70.0,10.0,10.0,7.36,5.3,5.361102334269932,0.0,0.0,この先制限速度なし,この先目立った勾配なし,先行列車なし,後続列車なし,1.0,ブレーキが適切に掛かりdelta_stopが2mで停止位置誤差≤5m、速度制限・CBTC遵守、ノコギリ運転なし、遅延0秒のため高評価とした。
285,Train11,次駅への減速フェーズ（駅手前400m以内）,ブレーキ（減速）中,8.2,惰行,20.0,70.0,70.0,10.0,70.0,7.36,0.0,5.361102334269932,10.0,0.0,この先制限速度なし,この先目立った勾配なし,先行列車なし,後続列車なし,1.0,ブレーキ中でdelta_stopが2mと許容範囲内、速度・信号遵守、ノコギリ運転なしで適切な減速と判断し高評価とした。
286,Train11,次駅への減速フェーズ（駅手前400m以内）,ブレーキ（減速）中,4.0,惰行,15.0,70.0,70.0,10.0,10.0,7.36,5.3,5.361102334269932,0.0,0.0,この先制限速度なし,この先目立った勾配なし,先行列車なし,後続列車なし,1.0,ブレーキが適切に掛かり、delta_stopが2mで許容範囲内かつ速度・信号遵守で安全かつ定時性に問題なし。
287,Train11,次駅への減速フェーズ（駅手前400m以内）,ブレーキ（減速）中,4.0,惰行,15.0,70.0,70.0,10.0,70.0,7.36,0.0,5.361102334269932,10.0,0.0,この先制限速度なし,この先目立った勾配なし,先行列車なし,後続列車なし,0.9,ブレーキが適切に作動しdelta_stopが2mで許容範囲内、速度・信号超過なしで安全に停止できるため高評価。
288,Train11,次駅への減速フェーズ（駅手前400m以内）,ブレーキ（減速）中,1.0,惰行,15.0,70.0,70.0,10.0,10.0,8.36,6.0,5.361102334269932,0.0,0.0,この先制限速度なし,この先目立った勾配なし,先行列車なし,後続列車なし,0.9,ブレーキ開始が適切な位置(delta_stop=3m)で行われ、速度・信号・制限を遵守し、ノコギリ運転なしと評価したため高評価。
289,Train11,次駅への減速フェーズ（駅手前400m以内）,ブレーキ（減速）中,1.0,惰行,15.0,70.0,70.0,10.0,70.0,8.36,0.0,5.361102334269932,10.0,0.0,この先制限速度なし,この先目立った勾配なし,先行列車なし,後続列車なし,1.0,ブレーキが適切に行われ、delta_stopが許容範囲内で速度・信号超過なし、ノコギリ運転も発生していないため高評価。
290,Train11,次駅への減速フェーズ（駅手前400m以内）,ブレーキ（減速）中,8.2,惰行,20.0,70.0,70.0,10.0,10.0,8.36,6.0,5.361102334269932,0.0,0.0,この先制限速度なし,この先目立った勾配なし,先行列車なし,後続列車なし,0.9,ブレーキが適切にかかり、delta_stopが3 mで許容範囲内、速度・信号遵守、ノコギリ運転なしのため高評価。
291,Train11,次駅への減速フェーズ（駅手前400m以内）,ブレーキ（減速）中,8.2,惰行,20.0,70.0,70.0,10.0,70.0,8.36,0.0,5.361102334269932,10.0,0.0,この先制限速度なし,この先目立った勾配なし,先行列車なし,後続列車なし,0.9,ブレーキ中でdelta_stopが3mと許容範囲内であり、速度・信号遵守・停止位置も適切なため高評価とした。
292,Train11,次駅への減速フェーズ（駅手前400m以内）,ブレーキ（減速）中,4.0,惰行,15.0,70.0,70.0,10.0,10.0,8.36,6.0,5.361102334269932,0.0,0.0,この先制限速度なし,この先目立った勾配なし,先行列車なし,後続列車なし,1.0,ブレーキが適切にかかりdelta_stopが3mで許容範囲内、速度・信号遵守、無駄な力行なしで安全かつ省エネと判断し高評価とした。
293,Train11,次駅への減速フェーズ（駅手前400m以内）,ブレーキ（減速）中,4.0,惰行,15.0,70.0,70.0,10.0,70.0,8.36,0.0,5.361102334269932,10.0,0.0,この先制限速度なし,この先目立った勾配なし,先行列車なし,後続列車なし,0.9,ブレーキが適切に作動し、delta_stopが3mで停止位置が許容範囲内のため高評価とし、0.9点とした。
294,Train11,次駅への減速フェーズ（駅手前400m以内）,ブレーキ（減速）中,1.0,惰行,15.0,70.0,70.0,10.0,10.0,9.36,6.7,5.361102334269932,0.0,0.0,この先制限速度なし,この先目立った勾配なし,先行列車なし,後続列車なし,0.9,ブレーキ中でdelta_stopが4mと許容範囲内であり、速度・信号遵守も問題なく、ノコギリ運転なしと判断し高評価とした。
295,Train11,次駅への減速フェーズ（駅手前400m以内）,ブレーキ（減速）中,1.0,惰行,15.0,70.0,70.0,10.0,70.0,9.36,0.0,5.361102334269932,10.0,0.0,この先制限速度なし,この先目立った勾配なし,先行列車なし,後続列車なし,0.9,ブレーキが適切に作動し、delta_stopが4mで許容範囲内のため減速フェーズでの操作は安全かつ定時に適合し高評価とした。
296,Train11,次駅への減速フェーズ（駅手前400m以内）,ブレーキ（減速）中,8.2,惰行,20.0,70.0,70.0,10.0,10.0,9.36,6.7,5.361102334269932,0.0,0.0,この先制限速度なし,この先目立った勾配なし,先行列車なし,後続列車なし,1.0,ブレーキが適切に掛かりdelta_stopが4mで許容範囲内、速度・信号・制限を遵守しノコギリ運転もなく評価は最高とした。
297,Train11,次駅への減速フェーズ（駅手前400m以内）,ブレーキ（減速）中,8.2,惰行,20.0,70.0,70.0,10.0,70.0,9.36,0.0,5.361102334269932,10.0,0.0,この先制限速度なし,この先目立った勾配なし,先行列車なし,後続列車なし,1.0,ブレーキ中でdelta_stopが4mと許容範囲内であり、速度・信号超過なし、ノコギリ運転もなく適切と判断した。
298,Train11,次駅への減速フェーズ（駅手前400m以内）,ブレーキ（減速）中,4.0,惰行,15.0,70.0,70.0,10.0,10.0,9.36,6.7,5.361102334269932,0.0,0.0,この先制限速度なし,この先目立った勾配なし,先行列車なし,後続列車なし,0.9,ブレーキが適切にかかりdelta_stopが4mで停止位置誤差が5m以内であるため高評価とし、rewardを0.9とした。
299,Train11,次駅への減速フェーズ（駅手前400m以内）,ブレーキ（減速）中,4.0,惰行,15.0,70.0,70.0,10.0,70.0,9.36,0.0,5.361102334269932,10.0,0.0,この先制限速度なし,この先目立った勾配なし,先行列車なし,後続列車なし,1.0,ブレーキが適切に掛かりdelta_stopが許容範囲内で、速度・信号超過なし、ノコギリ運転もなく評価は最高点とした。
300,Train11,次駅への減速フェーズ（駅手前400m以内）,ブレーキ（減速）中,1.0,惰行,15.0,70.0,70.0,13.0,13.0,7.55,4.2,9.05211083312112,0.0,0.0,この先制限速度なし,この先目立った勾配なし,先行列車なし,後続列車なし,1.0,ブレーキが適切に作動し、delta_stopが-1.5mで許容範囲内、速度・信号遵守、ノコギリ運転なしで安全に停止できるため最高評価とした。
301,Train11,次駅への減速フェーズ（駅手前400m以内）,ブレーキ（減速）中,1.0,惰行,15.0,70.0,70.0,13.0,70.0,7.55,0.0,9.05211083312112,10.0,0.0,この先制限速度なし,この先目立った勾配なし,先行列車なし,後続列車なし,0.9,ブレーキが適切に作動し、delta_stopが±5m以内で停止位置が確保されているため高評価とし、0.9点とした。
302,Train11,次駅への減速フェーズ（駅手前400m以内）,ブレーキ（減速）中,7.0,惰行,20.0,70.0,70.0,13.0,13.0,7.55,4.2,9.05211083312112,0.0,0.0,この先制限速度なし,この先目立った勾配なし,先行列車なし,後続列車なし,1.0,ブレーキが適切に作動しdelta_stopが-1.5mで許容範囲内、速度・信号遵守、ノコギリ運転なしのため高評価。
303,Train11,次駅への減速フェーズ（駅手前400m以内）,ブレーキ（減速）中,7.0,惰行,20.0,70.0,70.0,13.0,70.0,7.55,0.0,9.05211083312112,10.0,0.0,この先制限速度なし,この先目立った勾配なし,先行列車なし,後続列車なし,0.9,ブレーキが適切に作動し、delta_stopが-1.5mで許容範囲内、速度も制限・信号速度を遵守しているため高評価とした。
304,Train11,次駅への減速フェーズ（駅手前400m以内）,ブレーキ（減速）中,4.0,惰行,15.0,70.0,70.0,13.0,13.0,7.55,4.2,9.05211083312112,0.0,0.0,この先制限速度なし,この先目立った勾配なし,先行列車なし,後続列車なし,1.0,ブレーキが適切に作動し、delta_stopが-1.5mで許容範囲内のため安全に停止でき、評価は最高点とした。
305,Train11,次駅への減速フェーズ（駅手前400m以内）,ブレーキ（減速）中,4.0,惰行,15.0,70.0,70.0,13.0,70.0,7.55,0.0,9.05211083312112,10.0,0.0,この先制限速度なし,この先目立った勾配なし,先行列車なし,後続列車なし,0.9,ブレーキ中でdelta_stopが-1.5mと許容範囲内であり、速度・信号遵守、ノコギリ運転なしと評価し高評価とした。
306,Train11,次駅への減速フェーズ（駅手前400m以内）,ブレーキ（減速）中,1.0,惰行,15.0,70.0,70.0,13.0,13.0,8.05,4.5,9.05211083312112,0.0,0.0,この先制限速度なし,この先目立った勾配なし,先行列車なし,後続列車なし,1.0,制限速度・CBTC遵守、停止位置誤差1m以内でブレーキ中、ノコギリ運転なし、定時性・省エネに問題なく、評価は最高点とする。
307,Train11,次駅への減速フェーズ（駅手前400m以内）,ブレーキ（減速）中,1.0,惰行,15.0,70.0,70.0,13.0,70.0,8.05,0.0,9.05211083312112,10.0,0.0,この先制限速度なし,この先目立った勾配なし,先行列車なし,後続列車なし,1.0,ブレーキが適切に作動し、delta_stopが-1mで許容範囲内のため停止位置も正確で、速度・信号遵守に問題なく最高評価とした。
308,Train11,次駅への減速フェーズ（駅手前400m以内）,ブレーキ（減速）中,7.0,惰行,20.0,70.0,70.0,13.0,13.0,8.05,4.5,9.05211083312112,0.0,0.0,この先制限速度なし,この先目立った勾配なし,先行列車なし,後続列車なし,0.9,ブレーキ中でdelta_stopが-1mと許容範囲内、速度・信号遵守、ノコギリ運転なしの適切な減速と判断した。
309,Train11,次駅への減速フェーズ（駅手前400m以内）,ブレーキ（減速）中,7.0,惰行,20.0,70.0,70.0,13.0,70.0,8.05,0.0,9.05211083312112,10.0,0.0,この先制限速度なし,この先目立った勾配なし,先行列車なし,後続列車なし,1.0,ブレーキ中でdelta_stopが-1mと許容範囲内、制限速度・CBTC遵守、ノコギリ運転なしと評価し高評価とした。
310,Train11,次駅への減速フェーズ（駅手前400m以内）,ブレーキ（減速）中,4.0,惰行,15.0,70.0,70.0,13.0,13.0,8.05,4.5,9.05211083312112,0.0,0.0,この先制限速度なし,この先目立った勾配なし,先行列車なし,後続列車なし,1.0,次駅減速フェーズでブレーキが適切に作動し、delta_stopが±5m以内で停止位置も確保、速度・信号遵守のため評価は最高点とした。
311,Train11,次駅への減速フェーズ（駅手前400m以内）,ブレーキ（減速）中,4.0,惰行,15.0,70.0,70.0,13.0,70.0,8.05,0.0,9.05211083312112,10.0,0.0,この先制限速度なし,この先目立った勾配なし,先行列車なし,後続列車なし,0.6,ブレーキ中だがdelta_stopが-1mでやや遅れ、停止位置精度が不足しているため0.6とした。
312,Train11,次駅への減速フェーズ（駅手前400m以内）,ブレーキ（減速）中,1.0,惰行,15.0,70.0,70.0,13.0,70.0,8.55,4.7,9.05211083312112,0.0,0.0,この先制限速度なし,この先目立った勾配なし,先行列車なし,後続列車なし,0.9,ブレーキ中でdelta_stopが-0.5mと許容範囲内、速度・信号遵守、ノコギリ運転なしと評価し高評価とした。
313,Train11,次駅への減速フェーズ（駅手前400m以内）,ブレーキ（減速）中,1.0,惰行,15.0,70.0,70.0,13.0,70.0,8.55,0.0,9.05211083312112,10.0,0.0,この先制限速度なし,この先目立った勾配なし,先行列車なし,後続列車なし,0.9,ブレーキ中でdelta_stopが-0.5mと許容範囲内、速度・信号超過なし、ノコギリ運転もなく安全かつ適切な減速と判断し高評価とした。
314,Train11,次駅への減速フェーズ（駅手前400m以内）,ブレーキ（減速）中,7.0,惰行,20.0,70.0,70.0,13.0,70.0,8.55,4.7,9.05211083312112,0.0,0.0,この先制限速度なし,この先目立った勾配なし,先行列車なし,後続列車なし,1.0,ブレーキ中でdelta_stopが-0.5mと許容範囲内、速度・信号超過なし、ノコギリ運転でもなく適切な減速と判断し最高評価とした。
315,Train11,次駅への減速フェーズ（駅手前400m以内）,ブレーキ（減速）中,7.0,惰行,20.0,70.0,70.0,13.0,70.0,8.55,0.0,9.05211083312112,10.0,0.0,この先制限速度なし,この先目立った勾配なし,先行列車なし,後続列車なし,0.9,ブレーキ中でdelta_stopが-0.5mと許容範囲内、速度・信号遵守、ノコギリ運転なしのため高評価とした。
316,Train11,次駅への減速フェーズ（駅手前400m以内）,ブレーキ（減速）中,4.0,惰行,15.0,70.0,70.0,13.0,70.0,8.55,4.7,9.05211083312112,0.0,0.0,この先制限速度なし,この先目立った勾配なし,先行列車なし,後続列車なし,1.0,ブレーキ中でdelta_stopが-0.5mと許容範囲内、速度制限・CBTC遵守、ノコギリ運転なしで適切な減速と判断し高評価とした。
317,Train11,次駅への減速フェーズ（駅手前400m以内）,ブレーキ（減速）中,4.0,惰行,15.0,70.0,70.0,13.0,70.0,8.55,0.0,9.05211083312112,10.0,0.0,この先制限速度なし,この先目立った勾配なし,先行列車なし,後続列車なし,1.0,ブレーキが適切に作動し、delta_stopが-0.5mで許容範囲内、速度・信号遵守に問題なし。
318,Train11,次駅への減速フェーズ（駅手前400m以内）,ブレーキ（減速）中,1.0,惰行,15.0,70.0,70.0,13.0,70.0,9.05,5.0,9.05211083312112,0.0,0.0,この先制限速度なし,この先目立った勾配なし,先行列車なし,後続列車なし,1.0,次駅減速フェーズでブレーキが適切に作動し、delta_stop≈0で停止位置も正確、速度・信号遵守、ノコギリ運転なしのため最高評価とした。
319,Train11,次駅への減速フェーズ（駅手前400m以内）,ブレーキ（減速）中,1.0,惰行,15.0,70.0,70.0,13.0,70.0,9.05,0.0,9.05211083312112,10.0,0.0,この先制限速度なし,この先目立った勾配なし,先行列車なし,後続列車なし,1.0,制限速度・CBTC遵守、適切なブレーキ開始で停止位置も正確、ノコギリ運転なし、他列車なしで評価上位項目に問題なし。
320,Train11,次駅への減速フェーズ（駅手前400m以内）,ブレーキ（減速）中,7.0,惰行,20.0,70.0,70.0,13.0,70.0,9.05,5.0,9.05211083312112,0.0,0.0,この先制限速度なし,この先目立った勾配なし,先行列車なし,後続列車なし,1.0,ブレーキで適切に減速しdelta_stop≈0で停止位置が確保され、速度・信号超過なし、ノコギリ運転もなく評価は最高とした。
321,Train11,次駅への減速フェーズ（駅手前400m以内）,ブレーキ（減速）中,7.0,惰行,20.0,70.0,70.0,13.0,70.0,9.05,0.0,9.05211083312112,10.0,0.0,この先制限速度なし,この先目立った勾配なし,先行列車なし,後続列車なし,1.0,次駅減速フェーズでブレーキが適切にかかり、delta_stop≈0で停止位置が正確、速度・信号遵守のため評価は高く1.0とした。
322,Train11,次駅への減速フェーズ（駅手前400m以内）,ブレーキ（減速）中,4.0,惰行,15.0,70.0,70.0,13.0,70.0,9.05,5.0,9.05211083312112,0.0,0.0,この先制限速度なし,この先目立った勾配なし,先行列車なし,後続列車なし,1.0,ブレーキ開始位置が適切でdelta_stop≈0、速度制限・CBTCを遵守し、停止位置精度が高く、不要な加速がなく安全かつ省エネと判断し最高評価とした。
323,Train11,次駅への減速フェーズ（駅手前400m以内）,ブレーキ（減速）中,4.0,惰行,15.0,70.0,70.0,13.0,70.0,9.05,0.0,9.05211083312112,10.0,0.0,この先制限速度なし,この先目立った勾配なし,先行列車なし,後続列車なし,1.0,ブレーキで適切に減速し停止位置がほぼ正確、速度・信号超過なしで安全かつ定時に適合するため最高評価とした。
324,Train11,次駅への減速フェーズ（駅手前400m以内）,ブレーキ（減速）中,1.0,惰行,15.0,70.0,70.0,13.0,13.0,9.55,5.3,9.05211083312112,0.0,0.0,この先制限速度なし,この先目立った勾配なし,先行列車なし,後続列車なし,1.0,ブレーキ開始が適切なタイミングで、delta_stopが0.5mと許容範囲内であり、速度・信号遵守・ノコギリ運転なしで安全に停止できるため高評価。
325,Train11,次駅への減速フェーズ（駅手前400m以内）,ブレーキ（減速）中,1.0,惰行,15.0,70.0,70.0,13.0,70.0,9.55,0.0,9.05211083312112,10.0,0.0,この先制限速度なし,この先目立った勾配なし,先行列車なし,後続列車なし,1.0,ブレーキが適切にかかりdelta_stopが0.5mで停止位置が許容範囲内、速度・信号遵守、ノコギリ運転なしで安全かつ定時に近い評価。
326,Train11,次駅への減速フェーズ（駅手前400m以内）,ブレーキ（減速）中,7.0,惰行,20.0,70.0,70.0,13.0,13.0,9.55,5.3,9.05211083312112,0.0,0.0,この先制限速度なし,この先目立った勾配なし,先行列車なし,後続列車なし,0.9,ブレーキが適切に掛かりdelta_stopが0.5mで停止位置が許容範囲内、速度・信号遵守で安全かつ定時性に問題なし。
327,Train11,次駅への減速フェーズ（駅手前400m以内）,ブレーキ（減速）中,7.0,惰行,20.0,70.0,70.0,13.0,70.0,9.55,0.0,9.05211083312112,10.0,0.0,この先制限速度なし,この先目立った勾配なし,先行列車なし,後続列車なし,1.0,ブレーキが適切に作動しdelta_stopが0.5mで停止位置が許容範囲内、速度制限・CBTC遵守、ノコギリ運転なしのため高評価。
328,Train11,次駅への減速フェーズ（駅手前400m以内）,ブレーキ（減速）中,4.0,惰行,15.0,70.0,70.0,13.0,13.0,9.55,5.3,9.05211083312112,0.0,0.0,この先制限速度なし,この先目立った勾配なし,先行列車なし,後続列車なし,1.0,ブレーキが適切に開始され、delta_stopが0.5mで許容範囲内、速度も制限内で必要速度と一致し安全かつ定時性が保たれるため高評価とした。
329,Train11,次駅への減速フェーズ（駅手前400m以内）,ブレーキ（減速）中,4.0,惰行,15.0,70.0,70.0,13.0,70.0,9.55,0.0,9.05211083312112,10.0,0.0,この先制限速度なし,この先目立った勾配なし,先行列車なし,後続列車なし,1.0,全ての安全基準を満たし、ブレーキ開始位置が適切で停止位置誤差が0.5 m以内のため、評価は最高の1.0とした。
330,Train11,次駅への減速フェーズ（駅手前400m以内）,ブレーキ（減速）中,1.0,惰行,15.0,70.0,70.0,13.0,13.0,10.05,5.6,9.05211083312112,0.0,0.0,この先制限速度なし,この先目立った勾配なし,先行列車なし,後続列車なし,1.0,ブレーキ中でdelta_stopが+1.0mと許容範囲内、速度制限・CBTC遵守、ノコギリ運転なしで定時停止が可能なため高評価。
331,Train11,次駅への減速フェーズ（駅手前400m以内）,ブレーキ（減速）中,1.0,惰行,15.0,70.0,70.0,13.0,70.0,10.05,0.0,9.05211083312112,10.0,0.0,この先制限速度なし,この先目立った勾配なし,先行列車なし,後続列車なし,1.0,ブレーキが適切に作動しdelta_stopが1 mで停止位置が許容範囲内、速度・CBTC遵守、ノコギリ運転なしのため最高評価とした。
332,Train11,次駅への減速フェーズ（駅手前400m以内）,ブレーキ（減速）中,7.0,惰行,20.0,70.0,70.0,13.0,13.0,10.05,5.6,9.05211083312112,0.0,0.0,この先制限速度なし,この先目立った勾配なし,先行列車なし,後続列車なし,1.0,ブレーキが適切に作動しdelta_stopが1mで停止位置が確保でき、ノコギリ運転や不要な加速もなく安全かつ定時に停車できると判断した。
333,Train11,次駅への減速フェーズ（駅手前400m以内）,ブレーキ（減速）中,7.0,惰行,20.0,70.0,70.0,13.0,70.0,10.05,0.0,9.05211083312112,10.0,0.0,この先制限速度なし,この先目立った勾配なし,先行列車なし,後続列車なし,0.9,ブレーキが適切に作動しdelta_stopが1mで停止位置が許容範囲内、速度・CBTC遵守、ノコギリ運転なしと評価し高評価とした。
334,Train11,次駅への減速フェーズ（駅手前400m以内）,ブレーキ（減速）中,4.0,惰行,15.0,70.0,70.0,13.0,13.0,10.05,5.6,9.05211083312112,0.0,0.0,この先制限速度なし,この先目立った勾配なし,先行列車なし,後続列車なし,0.9,ブレーキは適切に開始され、delta_stopが1mで許容範囲内のため停止位置も良好、速度・信号遵守で安全性に問題なし。
335,Train11,次駅への減速フェーズ（駅手前400m以内）,ブレーキ（減速）中,4.0,惰行,15.0,70.0,70.0,13.0,70.0,10.05,0.0,9.05211083312112,10.0,0.0,この先制限速度なし,この先目立った勾配なし,先行列車なし,後続列車なし,1.0,ブレーキで適切に減速し、delta_stopが1mで停止位置が許容範囲内、速度・信号超過なし、ノコギリ運転もなく高評価とした。
336,Train11,次駅への減速フェーズ（駅手前400m以内）,ブレーキ（減速）中,1.0,惰行,15.0,70.0,70.0,13.0,13.0,10.55,5.8,9.05211083312112,0.0,0.0,この先制限速度なし,この先目立った勾配なし,先行列車なし,後続列車なし,0.9,ブレーキが適切に作動し、delta_stopが1.5 mで停止位置は確保、速度はrequired_speedと一致し安全かつ省エネと判断した。
337,Train11,次駅への減速フェーズ（駅手前400m以内）,ブレーキ（減速）中,1.0,惰行,15.0,70.0,70.0,13.0,70.0,10.55,0.0,9.05211083312112,10.0,0.0,この先制限速度なし,この先目立った勾配なし,先行列車なし,後続列車なし,0.9,ブレーキ中でdelta_stopが1.5mと許容範囲内であり、速度・CBTC制限を守りノコギリ運転もなく適切な減速と判断した。
338,Train11,次駅への減速フェーズ（駅手前400m以内）,ブレーキ（減速）中,7.0,惰行,20.0,70.0,70.0,13.0,13.0,10.55,5.8,9.05211083312112,0.0,0.0,この先制限速度なし,この先目立った勾配なし,先行列車なし,後続列車なし,1.0,ブレーキ中でdelta_stopが1.5mと許容範囲内、速度・信号遵守、不要な加速なしで安全に停止できるため最高評価とした。
339,Train11,次駅への減速フェーズ（駅手前400m以内）,ブレーキ（減速）中,7.0,惰行,20.0,70.0,70.0,13.0,70.0,10.55,0.0,9.05211083312112,10.0,0.0,この先制限速度なし,この先目立った勾配なし,先行列車なし,後続列車なし,1.0,ブレーキが適切に掛かりdelta_stopが1.5mで許容範囲内、速度制限・CBTC遵守、ノコギリ運転なしと評価し最高点とした。
340,Train11,次駅への減速フェーズ（駅手前400m以内）,ブレーキ（減速）中,4.0,惰行,15.0,70.0,70.0,13.0,13.0,10.55,5.8,9.05211083312112,0.0,0.0,この先制限速度なし,この先目立った勾配なし,先行列車なし,後続列車なし,1.0,ブレーキが適切に掛かり、delta_stopが1.5mで許容範囲内のため安全かつ定時性に問題なく高評価とした。
341,Train11,次駅への減速フェーズ（駅手前400m以内）,ブレーキ（減速）中,4.0,惰行,15.0,70.0,70.0,13.0,70.0,10.55,0.0,9.05211083312112,10.0,0.0,この先制限速度なし,この先目立った勾配なし,先行列車なし,後続列車なし,1.0,ブレーキが適切に作動し、delta_stopが1.5mで5m以内の誤差となり停止位置が確保できるため高評価とした。
342,Train11,次駅への減速フェーズ（駅手前400m以内）,ブレーキ（減速）中,1.0,惰行,15.0,70.0,70.0,13.0,13.0,11.05,6.1,9.05211083312112,0.0,0.0,この先制限速度なし,この先目立った勾配なし,先行列車なし,後続列車なし,1.0,ブレーキが適切に作動し、delta_stopが2mで停止位置が許容範囲内、速度・信号遵守、ノコギリ運転なしのため最高評価とした。
343,Train11,次駅への減速フェーズ（駅手前400m以内）,ブレーキ（減速）中,1.0,惰行,15.0,70.0,70.0,13.0,70.0,11.05,0.0,9.05211083312112,10.0,0.0,この先制限速度なし,この先目立った勾配なし,先行列車なし,後続列車なし,1.0,ブレーキが適切に掛かりdelta_stopが2mで許容範囲内、速度・信号超過なしで安全に駅停車できるため高評価とした。
344,Train11,次駅への減速フェーズ（駅手前400m以内）,ブレーキ（減速）中,7.0,惰行,20.0,70.0,70.0,13.0,13.0,11.05,6.1,9.05211083312112,0.0,0.0,この先制限速度なし,この先目立った勾配なし,先行列車なし,後続列車なし,0.9,ブレーキ中でdelta_stopが+2.0mと許容範囲内であり、速度・信号・間隔に問題がないため高評価とした。
345,Train11,次駅への減速フェーズ（駅手前400m以内）,ブレーキ（減速）中,7.0,惰行,20.0,70.0,70.0,13.0,70.0,11.05,0.0,9.05211083312112,10.0,0.0,この先制限速度なし,この先目立った勾配なし,先行列車なし,後続列車なし,1.0,ブレーキで適切に減速し、delta_stopが2mで停止位置が許容範囲内、速度・信号遵守に問題なく次駅減速フェーズに合致しているため高評価とした。
346,Train11,次駅への減速フェーズ（駅手前400m以内）,ブレーキ（減速）中,4.0,惰行,15.0,70.0,70.0,13.0,13.0,11.05,6.1,9.05211083312112,0.0,0.0,この先制限速度なし,この先目立った勾配なし,先行列車なし,後続列車なし,0.9,ブレーキ開始が適切でdelta_stopが2mと許容範囲内、即時ゼロ違反なし、ノコギリ運転なしのため高評価とした。
347,Train11,次駅への減速フェーズ（駅手前400m以内）,ブレーキ（減速）中,4.0,惰行,15.0,70.0,70.0,13.0,70.0,11.05,0.0,9.05211083312112,10.0,0.0,この先制限速度なし,この先目立った勾配なし,先行列車なし,後続列車なし,0.9,ブレーキ中でdelta_stopが+2m（|Δ≤5m）なので停止位置は許容範囲内、速度・信号超過なし、ノコギリ運転でもなく高評価とした。
348,Train11,次駅への減速フェーズ（駅手前400m以内）,ブレーキ（減速）中,1.0,惰行,15.0,70.0,70.0,13.0,13.0,12.05,6.7,9.05211083312112,0.0,0.0,この先制限速度なし,この先目立った勾配なし,先行列車なし,後続列車なし,1.0,ブレーキ中でdelta_stopが3mと許容範囲内、速度は制限・CBTC内、ノコギリ運転なしで適切な減速と判断し高評価。
349,Train11,次駅への減速フェーズ（駅手前400m以内）,ブレーキ（減速）中,1.0,惰行,15.0,70.0,70.0,13.0,70.0,12.05,0.0,9.05211083312112,10.0,0.0,この先制限速度なし,この先目立った勾配なし,先行列車なし,後続列車なし,0.9,ブレーキ中でdelta_stopが3mと許容範囲内であり、速度・CBTC制限を遵守しノコギリ運転もなく、適切な減速と停止が確認できたため高評価とした。
350,Train11,次駅への減速フェーズ（駅手前400m以内）,ブレーキ（減速）中,7.0,惰行,20.0,70.0,70.0,13.0,13.0,12.05,6.7,9.05211083312112,0.0,0.0,この先制限速度なし,この先目立った勾配なし,先行列車なし,後続列車なし,1.0,ブレーキ中でdelta_stopが3mと許容範囲内であり、速度も制限内で安全かつ定時に停止できるため高評価とした。
351,Train11,次駅への減速フェーズ（駅手前400m以内）,ブレーキ（減速）中,7.0,惰行,20.0,70.0,70.0,13.0,70.0,12.05,0.0,9.05211083312112,10.0,0.0,この先制限速度なし,この先目立った勾配なし,先行列車なし,後続列車なし,1.0,ブレーキ中でdelta_stopが3mと許容範囲内であり、速度制限・CBTC遵守、ノコギリ運転なしと評価し高評価とした。
352,Train11,次駅への減速フェーズ（駅手前400m以内）,ブレーキ（減速）中,4.0,惰行,15.0,70.0,70.0,13.0,13.0,12.05,6.7,9.05211083312112,0.0,0.0,この先制限速度なし,この先目立った勾配なし,先行列車なし,後続列車なし,1.0,ブレーキはdelta_stopが3mで5m以内の許容範囲にあり、制限速度・CBTC遵守、ノコギリ運転なし、停車位置誤差が小さいため適切と判断した。
353,Train11,次駅への減速フェーズ（駅手前400m以内）,ブレーキ（減速）中,4.0,惰行,15.0,70.0,70.0,13.0,70.0,12.05,0.0,9.05211083312112,10.0,0.0,この先制限速度なし,この先目立った勾配なし,先行列車なし,後続列車なし,1.0,ブレーキで適切に減速し、delta_stopが3mで停止位置は十分確保されているため評価は最高とし、rewardは1.0とする。
354,Train11,次駅への減速フェーズ（駅手前400m以内）,ブレーキ（減速）中,1.0,惰行,15.0,70.0,70.0,13.0,13.0,13.05,7.2,9.05211083312112,0.0,0.0,この先制限速度なし,この先目立った勾配なし,先行列車なし,後続列車なし,1.0,ブレーキ開始が適切な位置(delta_stop=4m)で行われ、required_speedを満たすため余分な加速や遅延がなく評価は高く1.0とした。
355,Train11,次駅への減速フェーズ（駅手前400m以内）,ブレーキ（減速）中,1.0,惰行,15.0,70.0,70.0,13.0,70.0,13.05,0.0,9.05211083312112,10.0,0.0,この先制限速度なし,この先目立った勾配なし,先行列車なし,後続列車なし,0.9,ブレーキが適切に作動し、delta_stopが4mで許容範囲内のため停止位置は良好であり、安全違反はなし。
356,Train11,次駅への減速フェーズ（駅手前400m以内）,ブレーキ（減速）中,7.0,惰行,20.0,70.0,70.0,13.0,13.0,13.05,7.2,9.05211083312112,0.0,0.0,この先制限速度なし,この先目立った勾配なし,先行列車なし,後続列車なし,1.0,ブレーキ開始が適切な位置(delta_stop=4m)で行われ、速度・信号遵守、余分な加速なしで安全に停車できるため最高評価とした。
357,Train11,次駅への減速フェーズ（駅手前400m以内）,ブレーキ（減速）中,7.0,惰行,20.0,70.0,70.0,13.0,70.0,13.05,0.0,9.05211083312112,10.0,0.0,この先制限速度なし,この先目立った勾配なし,先行列車なし,後続列車なし,0.9,ブレーキが適切に作動し、delta_stopが4mで許容範囲内のため停止位置が確保され高評価。
358,Train11,次駅への減速フェーズ（駅手前400m以内）,ブレーキ（減速）中,4.0,惰行,15.0,70.0,70.0,13.0,13.0,13.05,7.2,9.05211083312112,0.0,0.0,この先制限速度なし,この先目立った勾配なし,先行列車なし,後続列車なし,1.0,ブレーキが適切に作動し、delta_stopが5m以内で停止位置が確保できているため、評価は最高の1.0とした。
359,Train11,次駅への減速フェーズ（駅手前400m以内）,ブレーキ（減速）中,4.0,惰行,15.0,70.0,70.0,13.0,70.0,13.05,0.0,9.05211083312112,10.0,0.0,この先制限速度なし,この先目立った勾配なし,先行列車なし,後続列車なし,0.9,ブレーキ中にdelta_stopが4mで許容範囲内、速度・信号超過なし、ノコギリ運転もなく適切と判断したため高評価とした。
360,Train11,次駅への減速フェーズ（駅手前400m以内）,ブレーキ（減速）中,1.0,惰行,15.0,70.0,70.0,16.0,16.0,12.2,5.5,13.69871399002548,0.0,0.0,この先制限速度なし,この先目立った勾配なし,先行列車なし,後続列車なし,1.0,次駅減速フェーズでブレーキ中、delta_stopが-1.5mで許容範囲内、速度制限・CBTC遵守、不要な加速なしと評価し最高点とした。
361,Train11,次駅への減速フェーズ（駅手前400m以内）,ブレーキ（減速）中,1.0,惰行,15.0,70.0,70.0,16.0,70.0,12.2,0.0,13.69871399002548,10.0,0.0,この先制限速度なし,この先目立った勾配なし,先行列車なし,後続列車なし,1.0,ブレーキが適切に作動し、Δstopが±5m以内で停止位置が確保されているため高評価とする。
362,Train11,次駅への減速フェーズ（駅手前400m以内）,ブレーキ（減速）中,5.8,惰行,20.0,70.0,70.0,16.0,16.0,12.2,5.5,13.69871399002548,0.0,0.0,この先制限速度なし,この先目立った勾配なし,先行列車なし,後続列車なし,1.0,ブレーキが適切に作動し、delta_stopが±5m以内で停止位置が確保でき、速度・信号超過なしでノコギリ運転もなく高評価とした。
363,Train11,次駅への減速フェーズ（駅手前400m以内）,ブレーキ（減速）中,5.8,惰行,20.0,70.0,70.0,16.0,70.0,12.2,0.0,13.69871399002548,10.0,0.0,この先制限速度なし,この先目立った勾配なし,先行列車なし,後続列車なし,1.0,ブレーキが適切に作動しdelta_stop‑1.5mで停止位置が許容範囲内、速度・信号遵守、ノコギリ運転なしのため最高評価。
364,Train11,次駅への減速フェーズ（駅手前400m以内）,ブレーキ（減速）中,4.0,惰行,15.0,70.0,70.0,16.0,16.0,12.2,5.5,13.69871399002548,0.0,0.0,この先制限速度なし,この先目立った勾配なし,先行列車なし,後続列車なし,0.9,ブレーキが適切にかかりdelta_stopが±5m以内で安全に停止できるため高評価とした。
365,Train11,次駅への減速フェーズ（駅手前400m以内）,ブレーキ（減速）中,4.0,惰行,15.0,70.0,70.0,16.0,70.0,12.2,0.0,13.69871399002548,10.0,0.0,この先制限速度なし,この先目立った勾配なし,先行列車なし,後続列車なし,0.7,delta_stop が -1.5 m でやや過剰にブレーキし停止位置が僅かにずれたが安全違反はなく、他項目は適切なため 0.7 とした。
366,Train11,次駅への減速フェーズ（駅手前400m以内）,ブレーキ（減速）中,1.0,惰行,15.0,70.0,70.0,16.0,16.0,12.7,5.7,13.69871399002548,0.0,0.0,この先制限速度なし,この先目立った勾配なし,先行列車なし,後続列車なし,1.0,ブレーキが適切に作動しdelta_stopが-1mで停止位置が許容範囲内、他項目に問題なし。
367,Train11,次駅への減速フェーズ（駅手前400m以内）,ブレーキ（減速）中,1.0,惰行,15.0,70.0,70.0,16.0,70.0,12.7,0.0,13.69871399002548,10.0,0.0,この先制限速度なし,この先目立った勾配なし,先行列車なし,後続列車なし,0.9,ブレーキ中でdelta_stopが-1mと許容範囲内、速度・信号遵守も問題なく、ノコギリ運転等の減点要因がないため高評価とした。
368,Train11,次駅への減速フェーズ（駅手前400m以内）,ブレーキ（減速）中,5.8,惰行,20.0,70.0,70.0,16.0,16.0,12.7,5.7,13.69871399002548,0.0,0.0,この先制限速度なし,この先目立った勾配なし,先行列車なし,後続列車なし,1.0,ブレーキが適切に作動しΔstopが-1mで許容範囲内、速度は制限・信号内、ノコギリ運転なしで定時性・省エネ性も良好なためreward=1.0とした。
369,Train11,次駅への減速フェーズ（駅手前400m以内）,ブレーキ（減速）中,5.8,惰行,20.0,70.0,70.0,16.0,70.0,12.7,0.0,13.69871399002548,10.0,0.0,この先制限速度なし,この先目立った勾配なし,先行列車なし,後続列車なし,1.0,ブレーキが適切に作動し、delta_stopが-1mで停止位置が許容範囲内、速度・信号遵守、ノコギリ運転なしで安全に減速しているため高評価。
370,Train11,次駅への減速フェーズ（駅手前400m以内）,ブレーキ（減速）中,4.0,惰行,15.0,70.0,70.0,16.0,16.0,12.7,5.7,13.69871399002548,0.0,0.0,この先制限速度なし,この先目立った勾配なし,先行列車なし,後続列車なし,0.9,ブレーキ中でΔstopが-1m（|Δ|≤5m）かつ速度・信号遵守、ノコギリ運転なしで適切な減速と判断し高評価。
371,Train11,次駅への減速フェーズ（駅手前400m以内）,ブレーキ（減速）中,4.0,惰行,15.0,70.0,70.0,16.0,70.0,12.7,0.0,13.69871399002548,10.0,0.0,この先制限速度なし,この先目立った勾配なし,先行列車なし,後続列車なし,0.9,遅延が10秒あるが、速度制限・CBTC遵守・停止位置は適切でノコギリ運転もなく、遅延のみが減点要因となり0.9とした。
372,Train11,次駅への減速フェーズ（駅手前400m以内）,ブレーキ（減速）中,1.0,惰行,15.0,70.0,70.0,16.0,70.0,13.2,5.9,13.69871399002548,0.0,0.0,この先制限速度なし,この先目立った勾配なし,先行列車なし,後続列車なし,1.0,ブレーキ中でdelta_stopが-0.5mと許容範囲内、速度・信号・制限をすべて遵守しているため高評価とした。
373,Train11,次駅への減速フェーズ（駅手前400m以内）,ブレーキ（減速）中,1.0,惰行,15.0,70.0,70.0,16.0,70.0,13.2,0.0,13.69871399002548,10.0,0.0,この先制限速度なし,この先目立った勾配なし,先行列車なし,後続列車なし,0.6,ブレーキ中のdelta_stopが-0.5 mで許容範囲を超えており、停止位置精度がやや不足するためrewardを0.6とした。
374,Train11,次駅への減速フェーズ（駅手前400m以内）,ブレーキ（減速）中,5.8,惰行,20.0,70.0,70.0,16.0,70.0,13.2,5.9,13.69871399002548,0.0,0.0,この先制限速度なし,この先目立った勾配なし,先行列車なし,後続列車なし,1.0,ブレーキが適切に作動しdelta_stopが-0.5mで停止位置誤差が5m以内、速度制限・CBTC違反なし、定時運転を確保できるため高評価とした。
375,Train11,次駅への減速フェーズ（駅手前400m以内）,ブレーキ（減速）中,5.8,惰行,20.0,70.0,70.0,16.0,70.0,13.2,0.0,13.69871399002548,10.0,0.0,この先制限速度なし,この先目立った勾配なし,先行列車なし,後続列車なし,1.0,制限速度・CBTC遵守、ブレーキで停止位置誤差0.5m以内と適切な減速で、ノコギリ運転なし、全項目で問題なく評価し1.0とした。
376,Train11,次駅への減速フェーズ（駅手前400m以内）,ブレーキ（減速）中,4.0,惰行,15.0,70.0,70.0,16.0,70.0,13.2,5.9,13.69871399002548,0.0,0.0,この先制限速度なし,この先目立った勾配なし,先行列車なし,後続列車なし,0.9,ブレーキが適切に作動し、delta_stopが-0.5mで許容範囲内、速度・信号・制限をすべて遵守しているため高評価とした。
377,Train11,次駅への減速フェーズ（駅手前400m以内）,ブレーキ（減速）中,4.0,惰行,15.0,70.0,70.0,16.0,70.0,13.2,0.0,13.69871399002548,10.0,0.0,この先制限速度なし,この先目立った勾配なし,先行列車なし,後続列車なし,0.9,ブレーキが適切に作動し、delta_stopが-0.5mで許容範囲内、速度・信号遵守、ノコギリ運転なしのため高評価とし0.9とした。
378,Train11,次駅への減速フェーズ（駅手前400m以内）,ブレーキ（減速）中,1.0,惰行,15.0,70.0,70.0,16.0,16.0,13.7,6.2,13.69871399002548,0.0,0.0,この先制限速度なし,この先目立った勾配なし,先行列車なし,後続列車なし,1.0,ブレーキが適切に掛かりdelta_stopが0mで停止位置が正確、速度・CBTC制限を遵守し、ノコギリ運転もなく安全かつ定時に停止できたためreward=1.0とした。
379,Train11,次駅への減速フェーズ（駅手前400m以内）,ブレーキ（減速）中,1.0,惰行,15.0,70.0,70.0,16.0,70.0,13.7,0.0,13.69871399002548,10.0,0.0,この先制限速度なし,この先目立った勾配なし,先行列車なし,後続列車なし,1.0,ブレーキが適切に作動し停止位置が正確、速度・信号遵守、ノコギリ運転なしで安全に駅停車できるため高評価。
380,Train11,次駅への減速フェーズ（駅手前400m以内）,ブレーキ（減速）中,5.8,惰行,20.0,70.0,70.0,16.0,16.0,13.7,6.2,13.69871399002548,0.0,0.0,この先制限速度なし,この先目立った勾配なし,先行列車なし,後続列車なし,1.0,ブレーキが適切なタイミングで開始され、delta_stop=0で停止位置が正確に確保され、速度も制限内で余分な力行がなく安全かつ省エネに評価できる。
381,Train11,次駅への減速フェーズ（駅手前400m以内）,ブレーキ（減速）中,5.8,惰行,20.0,70.0,70.0,16.0,70.0,13.7,0.0,13.69871399002548,10.0,0.0,この先制限速度なし,この先目立った勾配なし,先行列車なし,後続列車なし,0.8,停止位置は正確でブレーキ操作も適切だが、10秒の遅延により評価がやや減点された。
382,Train11,次駅への減速フェーズ（駅手前400m以内）,ブレーキ（減速）中,4.0,惰行,15.0,70.0,70.0,16.0,16.0,13.7,6.2,13.69871399002548,0.0,0.0,この先制限速度なし,この先目立った勾配なし,先行列車なし,後続列車なし,1.0,次駅減速フェーズでブレーキ中、delta_stopが0mで正確に停止位置に到達し、速度・信号遵守、ノコギリ運転なしでエネルギー効率も良好なためrewardを1.0とした。
383,Train11,次駅への減速フェーズ（駅手前400m以内）,ブレーキ（減速）中,4.0,惰行,15.0,70.0,70.0,16.0,70.0,13.7,0.0,13.69871399002548,10.0,0.0,この先制限速度なし,この先目立った勾配なし,先行列車なし,後続列車なし,1.0,次駅減速フェーズで適切にブレーキをかけ、delta_stop=0で停止位置が正確かつ速度・CBTC制限を遵守、ノコギリ運転なしのためreward=1.0とした。
384,Train11,次駅への減速フェーズ（駅手前400m以内）,ブレーキ（減速）中,1.0,惰行,15.0,70.0,70.0,16.0,16.0,14.2,6.4,13.69871399002548,0.0,0.0,この先制限速度なし,この先目立った勾配なし,先行列車なし,後続列車なし,0.9,ブレーキは適切に開始され、delta_stopが0.5mで停止位置誤差が小さく、速度制限・CBTCも遵守しているため高評価とした。
385,Train11,次駅への減速フェーズ（駅手前400m以内）,ブレーキ（減速）中,1.0,惰行,15.0,70.0,70.0,16.0,70.0,14.2,0.0,13.69871399002548,10.0,0.0,この先制限速度なし,この先目立った勾配なし,先行列車なし,後続列車なし,0.9,ブレーキが適切に掛かりdelta_stopが0.5mで停止位置が正確、速度制限・CBTC遵守、ノコギリ運転なし、遅延は停止に影響しないため高評価とした。
386,Train11,次駅への減速フェーズ（駅手前400m以内）,ブレーキ（減速）中,5.8,惰行,20.0,70.0,70.0,16.0,16.0,14.2,6.4,13.69871399002548,0.0,0.0,この先制限速度なし,この先目立った勾配なし,先行列車なし,後続列車なし,1.0,ブレーキはdelta_stopが0.5mで適切に開始され、速度も制限内・required_speedと一致し、ノコギリ運転や無駄な加速はなく安全かつ定時に停止できるため高評価。
387,Train11,次駅への減速フェーズ（駅手前400m以内）,ブレーキ（減速）中,5.8,惰行,20.0,70.0,70.0,16.0,70.0,14.2,0.0,13.69871399002548,10.0,0.0,この先制限速度なし,この先目立った勾配なし,先行列車なし,後続列車なし,0.9,ブレーキが適切に掛かりdelta_stopが0.5mで許容範囲内のため高評価とし0.9とした。
388,Train11,次駅への減速フェーズ（駅手前400m以内）,ブレーキ（減速）中,4.0,惰行,15.0,70.0,70.0,16.0,16.0,14.2,6.4,13.69871399002548,0.0,0.0,この先制限速度なし,この先目立った勾配なし,先行列車なし,後続列車なし,1.0,ブレーキが適切に作動し、delta_stopが0.5mと許容範囲内で停止位置が確保され、速度・信号遵守・ノコギリ運転なしで評価が高くなる。
389,Train11,次駅への減速フェーズ（駅手前400m以内）,ブレーキ（減速）中,4.0,惰行,15.0,70.0,70.0,16.0,70.0,14.2,0.0,13.69871399002548,10.0,0.0,この先制限速度なし,この先目立った勾配なし,先行列車なし,後続列車なし,0.9,ブレーキが適切に作動し、delta_stopが0.5mと許容範囲内で停止位置が確保できているため高評価とした。
390,Train11,次駅への減速フェーズ（駅手前400m以内）,ブレーキ（減速）中,1.0,惰行,15.0,70.0,70.0,16.0,16.0,14.7,6.6,13.69871399002548,0.0,0.0,この先制限速度なし,この先目立った勾配なし,先行列車なし,後続列車なし,1.0,ブレーキが適切に掛かっておりdelta_stopが1mで停止位置が正確、ノコギリ運転なしで安全かつ定時性を確保しているため高評価とした。
391,Train11,次駅への減速フェーズ（駅手前400m以内）,ブレーキ（減速）中,1.0,惰行,15.0,70.0,70.0,16.0,70.0,14.7,0.0,13.69871399002548,10.0,0.0,この先制限速度なし,この先目立った勾配なし,先行列車なし,後続列車なし,1.0,ブレーキが適切に掛かりdelta_stopが1mで許容範囲内、速度制限・CBTC遵守、ノコギリ運転なしのため高評価とした。
392,Train11,次駅への減速フェーズ（駅手前400m以内）,ブレーキ（減速）中,5.8,惰行,20.0,70.0,70.0,16.0,16.0,14.7,6.6,13.69871399002548,0.0,0.0,この先制限速度なし,この先目立った勾配なし,先行列車なし,後続列車なし,0.9,ブレーキが適切に作動し、delta_stopが1mで停止位置誤差が5m以内であるため高評価とし、不要な力行はなく省エネ性も良好。
393,Train11,次駅への減速フェーズ（駅手前400m以内）,ブレーキ（減速）中,5.8,惰行,20.0,70.0,70.0,16.0,70.0,14.7,0.0,13.69871399002548,10.0,0.0,この先制限速度なし,この先目立った勾配なし,先行列車なし,後続列車なし,0.9,ブレーキ中でdelta_stopが1mと許容範囲内であり、制限速度・CBTC遵守、ノコギリ運転なしと評価し高評価とした。
394,Train11,次駅への減速フェーズ（駅手前400m以内）,ブレーキ（減速）中,4.0,惰行,15.0,70.0,70.0,16.0,16.0,14.7,6.6,13.69871399002548,0.0,0.0,この先制限速度なし,この先目立った勾配なし,先行列車なし,後続列車なし,1.0,ブレーキが適切に作動し、delta_stopが1mで許容範囲内、速度・信号遵守、ノコギリ運転なしで安全かつ定時に停止できるため高評価。
395,Train11,次駅への減速フェーズ（駅手前400m以内）,ブレーキ（減速）中,4.0,惰行,15.0,70.0,70.0,16.0,70.0,14.7,0.0,13.69871399002548,10.0,0.0,この先制限速度なし,この先目立った勾配なし,先行列車なし,後続列車なし,0.9,ブレーキ中でdelta_stopが1mと許容範囲内、速度・信号遵守、ノコギリ運転なし、他に違反なしと評価し高評価とした。
396,Train11,次駅への減速フェーズ（駅手前400m以内）,ブレーキ（減速）中,1.0,惰行,15.0,70.0,70.0,16.0,16.0,15.2,6.8,13.69871399002548,0.0,0.0,この先制限速度なし,この先目立った勾配なし,先行列車なし,後続列車なし,1.0,ブレーキ中でdelta_stopが1.5m（5m以内）かつ速度は制限・CBTC内、ノコギリ運転なしで適切な減速と判断し高評価とした。
397,Train11,次駅への減速フェーズ（駅手前400m以内）,ブレーキ（減速）中,1.0,惰行,15.0,70.0,70.0,16.0,70.0,15.2,0.0,13.69871399002548,10.0,0.0,この先制限速度なし,この先目立った勾配なし,先行列車なし,後続列車なし,1.0,ブレーキ中でdelta_stopが1.5mと許容範囲内、速度も信号・制限内のため次駅減速フェーズの操作は適切と判断し、最高評価とした。
398,Train11,次駅への減速フェーズ（駅手前400m以内）,ブレーキ（減速）中,5.8,惰行,20.0,70.0,70.0,16.0,16.0,15.2,6.8,13.69871399002548,0.0,0.0,この先制限速度なし,この先目立った勾配なし,先行列車なし,後続列車なし,1.0,ブレーキが適切に掛かりdelta_stopが1.5mで停止位置が許容範囲内、速度・信号遵守、ノコギリ運転なしのため最高評価とした。
399,Train11,次駅への減速フェーズ（駅手前400m以内）,ブレーキ（減速）中,5.8,惰行,20.0,70.0,70.0,16.0,70.0,15.2,0.0,13.69871399002548,10.0,0.0,この先制限速度なし,この先目立った勾配なし,先行列車なし,後続列車なし,1.0,ブレーキが適切に作動し、停止位置誤差1.5mで安全かつ定時性を保っているため高評価。
400,Train11,次駅への減速フェーズ（駅手前400m以内）,ブレーキ（減速）中,4.0,惰行,15.0,70.0,70.0,16.0,16.0,15.2,6.8,13.69871399002548,0.0,0.0,この先制限速度なし,この先目立った勾配なし,先行列車なし,後続列車なし,1.0,ブレーキで適切に減速し、delta_stopが1.5mで停止位置も許容範囲内、速度・信号遵守、ノコギリ運転なしで高評価。
401,Train11,次駅への減速フェーズ（駅手前400m以内）,ブレーキ（減速）中,4.0,惰行,15.0,70.0,70.0,16.0,70.0,15.2,0.0,13.69871399002548,10.0,0.0,この先制限速度なし,この先目立った勾配なし,先行列車なし,後続列車なし,1.0,ブレーキが適切にかかりdelta_stopが1.5mで許容範囲内、速度制限・CBTC遵守、ノコギリ運転なし、間隔問題なしのため高評価。
402,Train11,次駅への減速フェーズ（駅手前400m以内）,ブレーキ（減速）中,1.0,惰行,15.0,70.0,70.0,16.0,16.0,15.7,7.1,13.69871399002548,0.0,0.0,この先制限速度なし,この先目立った勾配なし,先行列車なし,後続列車なし,1.0,ブレーキはdelta_stopが+2mで許容範囲内であり、速度・信号遵守、ノコギリ運転なしで安全に停止できるため高評価。
403,Train11,次駅への減速フェーズ（駅手前400m以内）,ブレーキ（減速）中,1.0,惰行,15.0,70.0,70.0,16.0,70.0,15.7,0.0,13.69871399002548,10.0,0.0,この先制限速度なし,この先目立った勾配なし,先行列車なし,後続列車なし,0.9,ブレーキで減速し、delta_stopが2mで許容範囲内のため停止位置は適切であり、他に違反はない。
404,Train11,次駅への減速フェーズ（駅手前400m以内）,ブレーキ（減速）中,5.8,惰行,20.0,70.0,70.0,16.0,16.0,15.7,7.1,13.69871399002548,0.0,0.0,この先制限速度なし,この先目立った勾配なし,先行列車なし,後続列車なし,1.0,ブレーキが適切に掛かりdelta_stopが2mで許容範囲内、速度・信号遵守、ノコギリ運転なしのため高評価としrewardを1.0とした。
405,Train11,次駅への減速フェーズ（駅手前400m以内）,ブレーキ（減速）中,5.8,惰行,20.0,70.0,70.0,16.0,70.0,15.7,0.0,13.69871399002548,10.0,0.0,この先制限速度なし,この先目立った勾配なし,先行列車なし,後続列車なし,0.9,ブレーキ中でdelta_stopが2mと許容範囲内、制限速度・CBTC遵守、ノコギリ運転なしと評価し高評価とした。
406,Train11,次駅への減速フェーズ（駅手前400m以内）,ブレーキ（減速）中,4.0,惰行,15.0,70.0,70.0,16.0,16.0,15.7,7.1,13.69871399002548,0.0,0.0,この先制限速度なし,この先目立った勾配なし,先行列車なし,後続列車なし,0.9,ブレーキはdelta_stop=2mで適切に開始され、速度・信号制限を遵守し、ノコギリ運転や無駄な力行がなく高評価とした。
407,Train11,次駅への減速フェーズ（駅手前400m以内）,ブレーキ（減速）中,4.0,惰行,15.0,70.0,70.0,16.0,70.0,15.7,0.0,13.69871399002548,10.0,0.0,この先制限速度なし,この先目立った勾配なし,先行列車なし,後続列車なし,0.9,ブレーキは適切に開始され、delta_stopが2 mで許容範囲内、速度・CBTC制限を遵守し、ノコギリ運転もなく評価は高く0.9とした。
408,Train11,次駅への減速フェーズ（駅手前400m以内）,ブレーキ（減速）中,1.0,惰行,15.0,70.0,70.0,16.0,16.0,16.7,7.5,13.69871399002548,0.0,0.0,この先制限速度なし,この先目立った勾配なし,先行列車なし,後続列車なし,0.9,ブレーキ開始が適切な位置（delta_stop 3m、誤差5m以内）で、速度・信号超過なし、ノコギリ運転なしと評価し高評価とした。
409,Train11,次駅への減速フェーズ（駅手前400m以内）,ブレーキ（減速）中,1.0,惰行,15.0,70.0,70.0,16.0,70.0,16.7,0.0,13.69871399002548,10.0,0.0,この先制限速度なし,この先目立った勾配なし,先行列車なし,後続列車なし,0.9,次駅減速フェーズでブレーキ中、delta_stopが3mで停止位置が許容範囲内、速度・CBTC制限を遵守しているため高評価とした。
410,Train11,次駅への減速フェーズ（駅手前400m以内）,ブレーキ（減速）中,5.8,惰行,20.0,70.0,70.0,16.0,16.0,16.7,7.5,13.69871399002548,0.0,0.0,この先制限速度なし,この先目立った勾配なし,先行列車なし,後続列車なし,1.0,ブレーキが適切に掛かり、delta_stopが3mで停止位置が許容範囲内かつ速度・信号遵守の問題がなく、ノコギリ運転もなしと判断し最高評価とした。
411,Train11,次駅への減速フェーズ（駅手前400m以内）,ブレーキ（減速）中,5.8,惰行,20.0,70.0,70.0,16.0,70.0,16.7,0.0,13.69871399002548,10.0,0.0,この先制限速度なし,この先目立った勾配なし,先行列車なし,後続列車なし,0.9,ブレーキが適切に作動しdelta_stopが3mで許容範囲内、速度・信号超過なし、ノコギリ運転もなく高評価とした。
412,Train11,次駅への減速フェーズ（駅手前400m以内）,ブレーキ（減速）中,4.0,惰行,15.0,70.0,70.0,16.0,16.0,16.7,7.5,13.69871399002548,0.0,0.0,この先制限速度なし,この先目立った勾配なし,先行列車なし,後続列車なし,1.0,次駅減速フェーズでブレーキが適切に掛かり、delta_stopが3mで停止位置が許容範囲内のため高評価とし、rewardは1.0とした。
413,Train11,次駅への減速フェーズ（駅手前400m以内）,ブレーキ（減速）中,4.0,惰行,15.0,70.0,70.0,16.0,70.0,16.7,0.0,13.69871399002548,10.0,0.0,この先制限速度なし,この先目立った勾配なし,先行列車なし,後続列車なし,1.0,ブレーキが適切に作動し、delta_stopが3mで停止位置が高評価範囲内、速度・信号違反なし。
414,Train11,次駅への減速フェーズ（駅手前400m以内）,ブレーキ（減速）中,1.0,惰行,15.0,70.0,70.0,16.0,16.0,17.7,8.0,13.69871399002548,0.0,0.0,この先制限速度なし,この先目立った勾配なし,先行列車なし,後続列車なし,0.9,ブレーキ開始が適切な位置(delta_stop=4m)で行われ、速度・信号遵守もあり、ノコギリ運転や間隔問題は無く、定時性・省エネ性も満たすため高評価とした。
415,Train11,次駅への減速フェーズ（駅手前400m以内）,ブレーキ（減速）中,1.0,惰行,15.0,70.0,70.0,16.0,70.0,17.7,0.0,13.69871399002548,10.0,0.0,この先制限速度なし,この先目立った勾配なし,先行列車なし,後続列車なし,1.0,ブレーキを適切にかけており、delta_stopが4mで許容範囲内に収まっている。信号速度70km/hと制限速度70km/hを遵守し、停止位置も正確に達成できるため、評価は最高点とした。
416,Train11,次駅への減速フェーズ（駅手前400m以内）,ブレーキ（減速）中,5.8,惰行,20.0,70.0,70.0,16.0,16.0,17.7,8.0,13.69871399002548,0.0,0.0,この先制限速度なし,この先目立った勾配なし,先行列車なし,後続列車なし,1.0,ブレーキ開始が適切でdelta_stopが4mと許容範囲内、速度・信号遵守かつ停止位置精度が高く、評価は最高点とした。
417,Train11,次駅への減速フェーズ（駅手前400m以内）,ブレーキ（減速）中,5.8,惰行,20.0,70.0,70.0,16.0,70.0,17.7,0.0,13.69871399002548,10.0,0.0,この先制限速度なし,この先目立った勾配なし,先行列車なし,後続列車なし,0.9,ブレーキが適切にかかりdelta_stopが4mで許容範囲内、速度制限・CBTC遵守、ノコギリ運転なしのため高評価とした。
418,Train11,次駅への減速フェーズ（駅手前400m以内）,ブレーキ（減速）中,4.0,惰行,15.0,70.0,70.0,16.0,16.0,17.7,8.0,13.69871399002548,0.0,0.0,この先制限速度なし,この先目立った勾配なし,先行列車なし,後続列車なし,0.9,ブレーキが適切に作動しΔstop=4mで停止位置が許容範囲内、速度・信号遵守、ノコギリ運転なしで高評価とした。
419,Train11,次駅への減速フェーズ（駅手前400m以内）,ブレーキ（減速）中,4.0,惰行,15.0,70.0,70.0,16.0,70.0,17.7,0.0,13.69871399002548,10.0,0.0,この先制限速度なし,この先目立った勾配なし,先行列車なし,後続列車なし,0.9,ブレーキが適切にかかりdelta_stopが4mで停止位置が許容範囲内、速度も制限内で安全かつ省エネ的に適切と判断した。
420,Train11,次駅への減速フェーズ（駅手前400m以内）,ブレーキ（減速）中,1.0,惰行,15.0,70.0,70.0,20.0,20.0,19.87,7.2,21.3739727373643,0.0,0.0,この先制限速度なし,この先目立った勾配なし,先行列車なし,後続列車なし,0.9,ブレーキ中でdelta_stopが-1.5m（|Δ|≤5m）となっており、停止位置が許容範囲内であり、速度・CBTC制限を遵守しているため高評価とした。
421,Train11,次駅への減速フェーズ（駅手前400m以内）,ブレーキ（減速）中,1.0,惰行,15.0,70.0,70.0,20.0,70.0,19.87,0.0,21.3739727373643,10.0,0.0,この先制限速度なし,この先目立った勾配なし,先行列車なし,後続列車なし,0.9,ブレーキが適切に作動し、停止位置誤差が5m以内でCBTC・速度制限を遵守しているため高評価とした。
422,Train11,次駅への減速フェーズ（駅手前400m以内）,ブレーキ（減速）中,4.2,惰行,20.0,70.0,70.0,20.0,20.0,19.87,7.2,21.3739727373643,0.0,0.0,この先制限速度なし,この先目立った勾配なし,先行列車なし,後続列車なし,1.0,ブレーキが適切に作動し、delta_stopが±5m以内で停止位置が確保でき、他項目に違反なしと判断し高評価とした。
423,Train11,次駅への減速フェーズ（駅手前400m以内）,ブレーキ（減速）中,4.2,惰行,20.0,70.0,70.0,20.0,70.0,19.87,0.0,21.3739727373643,10.0,0.0,この先制限速度なし,この先目立った勾配なし,先行列車なし,後続列車なし,1.0,ブレーキが適切にかかり delta_stop が -1.5m で許容範囲内、速度制限・CBTC を遵守し、ノコギリ運転もなく省エネ的にも問題なし。
424,Train11,次駅への減速フェーズ（駅手前400m以内）,ブレーキ（減速）中,4.0,惰行,15.0,70.0,70.0,20.0,20.0,19.87,7.2,21.3739727373643,0.0,0.0,この先制限速度なし,この先目立った勾配なし,先行列車なし,後続列車なし,1.0,ブレーキ中でΔstopが-1.5m（|Δ|≤5m）となり停止位置適正、速度・信号遵守、ノコギリ運転なし、エネルギー無駄なしと評価しreward=1.0とした。
425,Train11,次駅への減速フェーズ（駅手前400m以内）,ブレーキ（減速）中,4.0,惰行,15.0,70.0,70.0,20.0,70.0,19.87,0.0,21.3739727373643,10.0,0.0,この先制限速度なし,この先目立った勾配なし,先行列車なし,後続列車なし,1.0,ブレーキ中でdelta_stopが±5m以内、速度は制限・CBTC内、ノコギリ運転なし、停止位置適正のため高評価。
426,Train11,次駅への減速フェーズ（駅手前400m以内）,ブレーキ（減速）中,1.0,惰行,15.0,70.0,70.0,20.0,20.0,20.37,7.3,21.3739727373643,0.0,0.0,この先制限速度なし,この先目立った勾配なし,先行列車なし,後続列車なし,1.0,ブレーキが適切に作動し、delta_stopが-1mで停止位置が許容範囲内、速度・信号遵守、ノコギリ運転なしで安全かつ定時に停止できるため高評価。
427,Train11,次駅への減速フェーズ（駅手前400m以内）,ブレーキ（減速）中,1.0,惰行,15.0,70.0,70.0,20.0,70.0,20.37,0.0,21.3739727373643,10.0,0.0,この先制限速度なし,この先目立った勾配なし,先行列車なし,後続列車なし,1.0,ブレーキで適切に減速し、delta_stopが-1mで許容範囲内、速度・信号遵守、ノコギリ運転なしと評価し最高評価とした。
428,Train11,次駅への減速フェーズ（駅手前400m以内）,ブレーキ（減速）中,4.2,惰行,20.0,70.0,70.0,20.0,20.0,20.37,7.3,21.3739727373643,0.0,0.0,この先制限速度なし,この先目立った勾配なし,先行列車なし,後続列車なし,0.9,ブレーキ中でdelta_stopが-1mと許容範囲内、速度・CBTC制限を遵守し、ノコギリ運転もなく省エネ的に適切なため高評価とした。
429,Train11,次駅への減速フェーズ（駅手前400m以内）,ブレーキ（減速）中,4.2,惰行,20.0,70.0,70.0,20.0,70.0,20.37,0.0,21.3739727373643,10.0,0.0,この先制限速度なし,この先目立った勾配なし,先行列車なし,後続列車なし,0.9,ブレーキが適切に作動し、delta_stopが-1mで停止位置は許容範囲内、速度超過や信号違反はなく評価は高い。
430,Train11,次駅への減速フェーズ（駅手前400m以内）,ブレーキ（減速）中,4.0,惰行,15.0,70.0,70.0,20.0,20.0,20.37,7.3,21.3739727373643,0.0,0.0,この先制限速度なし,この先目立った勾配なし,先行列車なし,後続列車なし,1.0,ブレーキが適切に作動し、delta_stopが-1mで許容範囲内、速度・信号・制限をすべて遵守しているため最高評価とした。
431,Train11,次駅への減速フェーズ（駅手前400m以内）,ブレーキ（減速）中,4.0,惰行,15.0,70.0,70.0,20.0,70.0,20.37,0.0,21.3739727373643,10.0,0.0,この先制限速度なし,この先目立った勾配なし,先行列車なし,後続列車なし,0.9,ブレーキが適切に作動し停止位置が±5m以内で安全に停車、速度・信号遵守、ノコギリ運転なしのため高評価とした。
432,Train11,次駅への減速フェーズ（駅手前400m以内）,ブレーキ（減速）中,1.0,惰行,15.0,70.0,70.0,20.0,70.0,20.87,7.5,21.3739727373643,0.0,0.0,この先制限速度なし,この先目立った勾配なし,先行列車なし,後続列車なし,0.9,ブレーキ中でδ=-0.5mは許容範囲内だが、停止開始がやや遅れたためやや減点し、全体評価は0.9とした。
433,Train11,次駅への減速フェーズ（駅手前400m以内）,ブレーキ（減速）中,1.0,惰行,15.0,70.0,70.0,20.0,70.0,20.87,0.0,21.3739727373643,10.0,0.0,この先制限速度なし,この先目立った勾配なし,先行列車なし,後続列車なし,1.0,ブレーキが適切に作動し、delta_stopが-0.5mで停止位置誤差が5m以内、速度・信号遵守、ノコギリ運転なしで遅延は許容範囲のため高評価。
434,Train11,次駅への減速フェーズ（駅手前400m以内）,ブレーキ（減速）中,4.2,惰行,20.0,70.0,70.0,20.0,70.0,20.87,7.5,21.3739727373643,0.0,0.0,この先制限速度なし,この先目立った勾配なし,先行列車なし,後続列車なし,1.0,ブレーキ中でdelta_stopが-0.5mと許容範囲内、速度も制限・信号内であり、次駅減速フェーズに適切な操作と判断した。
435,Train11,次駅への減速フェーズ（駅手前400m以内）,ブレーキ（減速）中,4.2,惰行,20.0,70.0,70.0,20.0,70.0,20.87,0.0,21.3739727373643,10.0,0.0,この先制限速度なし,この先目立った勾配なし,先行列車なし,後続列車なし,1.0,ブレーキ中でdelta_stopが-0.5mと許容範囲内、速度制限・CBTC遵守、ノコギリ運転なし、余分な力行が無く適切に減速しているため高評価とした。
436,Train11,次駅への減速フェーズ（駅手前400m以内）,ブレーキ（減速）中,4.0,惰行,15.0,70.0,70.0,20.0,70.0,20.87,7.5,21.3739727373643,0.0,0.0,この先制限速度なし,この先目立った勾配なし,先行列車なし,後続列車なし,0.9,ブレーキ中でdelta_stopが-0.5mと許容範囲内、速度・信号・制限を遵守し安全に停止できるため高評価。
437,Train11,次駅への減速フェーズ（駅手前400m以内）,ブレーキ（減速）中,4.0,惰行,15.0,70.0,70.0,20.0,70.0,20.87,0.0,21.3739727373643,10.0,0.0,この先制限速度なし,この先目立った勾配なし,先行列車なし,後続列車なし,0.9,ブレーキが適切に作動しdelta_stopが±5m以内で停止位置が確保され、速度・CBTC制限を遵守しているため高評価とした。
438,Train11,次駅への減速フェーズ（駅手前400m以内）,ブレーキ（減速）中,1.0,惰行,15.0,70.0,70.0,20.0,70.0,21.37,7.7,21.3739727373643,0.0,0.0,この先制限速度なし,この先目立った勾配なし,先行列車なし,後続列車なし,1.0,ブレーキが適切に作動しdelta_stop≈0で停止位置が確保され、速度・信号超過なし、ノコギリ運転もなく安全かつ定時に停止できるため高評価とした。
439,Train11,次駅への減速フェーズ（駅手前400m以内）,ブレーキ（減速）中,1.0,惰行,15.0,70.0,70.0,20.0,70.0,21.37,0.0,21.3739727373643,10.0,0.0,この先制限速度なし,この先目立った勾配なし,先行列車なし,後続列車なし,1.0,ブレーキが適切に掛かりdelta_stopが0m付近で停止位置が確保され、速度・信号遵守も問題なく、ノコギリ運転もなく高評価とした。
440,Train11,次駅への減速フェーズ（駅手前400m以内）,ブレーキ（減速）中,4.2,惰行,20.0,70.0,70.0,20.0,70.0,21.37,7.7,21.3739727373643,0.0,0.0,この先制限速度なし,この先目立った勾配なし,先行列車なし,後続列車なし,1.0,次駅減速フェーズでブレーキが適切に作動し、delta_stopが0m付近で停止位置が正確。速度は制限・信号以下で安全、余分な加速なし。
441,Train11,次駅への減速フェーズ（駅手前400m以内）,ブレーキ（減速）中,4.2,惰行,20.0,70.0,70.0,20.0,70.0,21.37,0.0,21.3739727373643,10.0,0.0,この先制限速度なし,この先目立った勾配なし,先行列車なし,後続列車なし,1.0,ブレーキが適切に作動し、delta_stop≈0で停止位置が確保され、速度・信号超過なし、ノコギリ運転もなく評価は最高とした。
442,Train11,次駅への減速フェーズ（駅手前400m以内）,ブレーキ（減速）中,4.0,惰行,15.0,70.0,70.0,20.0,70.0,21.37,7.7,21.3739727373643,0.0,0.0,この先制限速度なし,この先目立った勾配なし,先行列車なし,後続列車なし,1.0,ブレーキが適切に作動しdelta_stop≈0で停止位置が正確、速度制限・CBTC遵守、ノコギリ運転なし、遅延0秒のため評価は最高。
443,Train11,次駅への減速フェーズ（駅手前400m以内）,ブレーキ（減速）中,4.0,惰行,15.0,70.0,70.0,20.0,70.0,21.37,0.0,21.3739727373643,10.0,0.0,この先制限速度なし,この先目立った勾配なし,先行列車なし,後続列車なし,1.0,ブレーキが適切な位置で開始され、delta_stopが0m以内で停止が確実であり、速度・CBTC制限を遵守しているため高評価とした。
444,Train11,次駅への減速フェーズ（駅手前400m以内）,ブレーキ（減速）中,1.0,惰行,15.0,70.0,70.0,20.0,20.0,21.87,7.9,21.3739727373643,0.0,0.0,この先制限速度なし,この先目立った勾配なし,先行列車なし,後続列車なし,1.0,次駅減速フェーズでブレーキが適切に作動し、delta_stopが0.5mで停止位置誤差が5m以内、速度・信号遵守、無駄な加速なしと評価し最高点とした。
445,Train11,次駅への減速フェーズ（駅手前400m以内）,ブレーキ（減速）中,1.0,惰行,15.0,70.0,70.0,20.0,70.0,21.87,0.0,21.3739727373643,10.0,0.0,この先制限速度なし,この先目立った勾配なし,先行列車なし,後続列車なし,0.8,ブレーキが適切に作動し、delta_stopが0.5mで停止位置が正確、速度制限・CBTC遵守、ノコギリ運転なしで遅延はあるが安全に停車できるため高評価とした。
446,Train11,次駅への減速フェーズ（駅手前400m以内）,ブレーキ（減速）中,4.2,惰行,20.0,70.0,70.0,20.0,20.0,21.87,7.9,21.3739727373643,0.0,0.0,この先制限速度なし,この先目立った勾配なし,先行列車なし,後続列車なし,1.0,次駅減速フェーズでブレーキが適切に作動し、delta_stopが0.5mで停止位置が確実、速度・信号遵守、ノコギリ運転なしのため最高評価とした。
447,Train11,次駅への減速フェーズ（駅手前400m以内）,ブレーキ（減速）中,4.2,惰行,20.0,70.0,70.0,20.0,70.0,21.87,0.0,21.3739727373643,10.0,0.0,この先制限速度なし,この先目立った勾配なし,先行列車なし,後続列車なし,0.9,ブレーキ中でdelta_stopが+0.5mと許容範囲内、速度・信号遵守、ノコギリ運転なし、停止位置適切のため高評価。
448,Train11,次駅への減速フェーズ（駅手前400m以内）,ブレーキ（減速）中,4.0,惰行,15.0,70.0,70.0,20.0,20.0,21.87,7.9,21.3739727373643,0.0,0.0,この先制限速度なし,この先目立った勾配なし,先行列車なし,後続列車なし,1.0,適切にブレーキをかけて停止位置が確保され、速度・信号遵守、ノコギリ運転なしで安全かつ定時に停止できるため高評価。
449,Train11,次駅への減速フェーズ（駅手前400m以内）,ブレーキ（減速）中,4.0,惰行,15.0,70.0,70.0,20.0,70.0,21.87,0.0,21.3739727373643,10.0,0.0,この先制限速度なし,この先目立った勾配なし,先行列車なし,後続列車なし,1.0,ブレーキが適切に作動しdelta_stopが0.5mで停止位置が確実、速度・信号遵守、ノコギリ運転なしで安全かつ効率的と判断した。
450,Train11,次駅への減速フェーズ（駅手前400m以内）,ブレーキ（減速）中,1.0,惰行,15.0,70.0,70.0,20.0,20.0,22.37,8.1,21.3739727373643,0.0,0.0,この先制限速度なし,この先目立った勾配なし,先行列車なし,後続列車なし,1.0,ブレーキが適切に開始され、delta_stopが1mで許容範囲内のため高評価とした。
451,Train11,次駅への減速フェーズ（駅手前400m以内）,ブレーキ（減速）中,1.0,惰行,15.0,70.0,70.0,20.0,70.0,22.37,0.0,21.3739727373643,10.0,0.0,この先制限速度なし,この先目立った勾配なし,先行列車なし,後続列車なし,0.8,ブレーキで適切に停止位置に到達しているが、10秒の遅延が定時性を損ねているため評価をやや減点。
452,Train11,次駅への減速フェーズ（駅手前400m以内）,ブレーキ（減速）中,4.2,惰行,20.0,70.0,70.0,20.0,20.0,22.37,8.1,21.3739727373643,0.0,0.0,この先制限速度なし,この先目立った勾配なし,先行列車なし,後続列車なし,1.0,ブレーキ中でdelta_stopが1mと許容範囲内、速度も制限・信号内、ノコギリ運転なしで適切に減速しているため高評価。
453,Train11,次駅への減速フェーズ（駅手前400m以内）,ブレーキ（減速）中,4.2,惰行,20.0,70.0,70.0,20.0,70.0,22.37,0.0,21.3739727373643,10.0,0.0,この先制限速度なし,この先目立った勾配なし,先行列車なし,後続列車なし,0.9,ブレーキが適切に作動し、delta_stopが1mで停止位置が許容範囲内のため高評価とし、0.9点とした。
454,Train11,次駅への減速フェーズ（駅手前400m以内）,ブレーキ（減速）中,4.0,惰行,15.0,70.0,70.0,20.0,20.0,22.37,8.1,21.3739727373643,0.0,0.0,この先制限速度なし,この先目立った勾配なし,先行列車なし,後続列車なし,1.0,ブレーキが適切に掛かり、停止位置誤差が1mで安全かつ定時に到達できるため高評価とした。
455,Train11,次駅への減速フェーズ（駅手前400m以内）,ブレーキ（減速）中,4.0,惰行,15.0,70.0,70.0,20.0,70.0,22.37,0.0,21.3739727373643,10.0,0.0,この先制限速度なし,この先目立った勾配なし,先行列車なし,後続列車なし,1.0,ブレーキが適切に作動し、delta_stopが1mで停止位置が確保されているため、次駅減速フェーズとして適切な操作と判断した。
456,Train11,次駅への減速フェーズ（駅手前400m以内）,ブレーキ（減速）中,1.0,惰行,15.0,70.0,70.0,20.0,20.0,22.87,8.2,21.3739727373643,0.0,0.0,この先制限速度なし,この先目立った勾配なし,先行列車なし,後続列車なし,1.0,ブレーキが適切に掛かりdelta_stopが1.5mで停止位置が確保でき、速度・信号遵守・ノコギリ運転なしで定時性も保たれるため高評価。
457,Train11,次駅への減速フェーズ（駅手前400m以内）,ブレーキ（減速）中,1.0,惰行,15.0,70.0,70.0,20.0,70.0,22.87,0.0,21.3739727373643,10.0,0.0,この先制限速度なし,この先目立った勾配なし,先行列車なし,後続列車なし,1.0,ブレーキが適切に掛かりdelta_stopが1.5mで許容範囲内、速度・信号遵守のため評価は1.0とした。
458,Train11,次駅への減速フェーズ（駅手前400m以内）,ブレーキ（減速）中,4.2,惰行,20.0,70.0,70.0,20.0,20.0,22.87,8.2,21.3739727373643,0.0,0.0,この先制限速度なし,この先目立った勾配なし,先行列車なし,後続列車なし,1.0,ブレーキが適切に作動し、delta_stopが1.5mで停止位置が確保でき、速度・信号遵守も問題なく評価が高く1.0とした。
459,Train11,次駅への減速フェーズ（駅手前400m以内）,ブレーキ（減速）中,4.2,惰行,20.0,70.0,70.0,20.0,70.0,22.87,0.0,21.3739727373643,10.0,0.0,この先制限速度なし,この先目立った勾配なし,先行列車なし,後続列車なし,1.0,ブレーキが適切に作動し、delta_stopが1.5mで許容範囲内、速度・信号遵守、ノコギリ運転なしで安全に停止できるため最高評価とした。
460,Train11,次駅への減速フェーズ（駅手前400m以内）,ブレーキ（減速）中,4.0,惰行,15.0,70.0,70.0,20.0,20.0,22.87,8.2,21.3739727373643,0.0,0.0,この先制限速度なし,この先目立った勾配なし,先行列車なし,後続列車なし,0.9,ブレーキが適切にかかりdelta_stopが1.5mで停止位置が許容範囲内、速度制限・CBTCを遵守しノコギリ運転もなく高評価とした。
461,Train11,次駅への減速フェーズ（駅手前400m以内）,ブレーキ（減速）中,4.0,惰行,15.0,70.0,70.0,20.0,70.0,22.87,0.0,21.3739727373643,10.0,0.0,この先制限速度なし,この先目立った勾配なし,先行列車なし,後続列車なし,0.9,ブレーキが適切に作動し、delta_stopが1.5mで停止位置が正確、速度・信号遵守、ノコギリ運転なしと評価し高評価とした。
462,Train11,次駅への減速フェーズ（駅手前400m以内）,ブレーキ（減速）中,1.0,惰行,15.0,70.0,70.0,20.0,20.0,23.37,8.4,21.3739727373643,0.0,0.0,この先制限速度なし,この先目立った勾配なし,先行列車なし,後続列車なし,0.9,ブレーキは適切に開始され、delta_stopが2mで許容範囲内のため停止位置も確保でき、他の安全基準をすべて満たす。
463,Train11,次駅への減速フェーズ（駅手前400m以内）,ブレーキ（減速）中,1.0,惰行,15.0,70.0,70.0,20.0,70.0,23.37,0.0,21.3739727373643,10.0,0.0,この先制限速度なし,この先目立った勾配なし,先行列車なし,後続列車なし,0.9,ブレーキ中でdelta_stopが2mと許容範囲内、速度・信号遵守、ノコギリ運転なしのため高評価とした。
464,Train11,次駅への減速フェーズ（駅手前400m以内）,ブレーキ（減速）中,4.2,惰行,20.0,70.0,70.0,20.0,20.0,23.37,8.4,21.3739727373643,0.0,0.0,この先制限速度なし,この先目立った勾配なし,先行列車なし,後続列車なし,0.9,ブレーキが適切にかかっており、delta_stopが2mで許容範囲内、他項目に違反なしと判断し高評価とした。
465,Train11,次駅への減速フェーズ（駅手前400m以内）,ブレーキ（減速）中,4.2,惰行,20.0,70.0,70.0,20.0,70.0,23.37,0.0,21.3739727373643,10.0,0.0,この先制限速度なし,この先目立った勾配なし,先行列車なし,後続列車なし,1.0,ブレーキで適切に減速し、delta_stopが2mで許容範囲内のため次駅停止位置は確保でき、他の項目に問題なし。
466,Train11,次駅への減速フェーズ（駅手前400m以内）,ブレーキ（減速）中,4.0,惰行,15.0,70.0,70.0,20.0,20.0,23.37,8.4,21.3739727373643,0.0,0.0,この先制限速度なし,この先目立った勾配なし,先行列車なし,後続列車なし,0.9,ブレーキが適切にかかっており、delta_stopが2mで許容範囲内のため停止位置が確保でき、速度も制限・信号内で安全。
467,Train11,次駅への減速フェーズ（駅手前400m以内）,ブレーキ（減速）中,4.0,惰行,15.0,70.0,70.0,20.0,70.0,23.37,0.0,21.3739727373643,10.0,0.0,この先制限速度なし,この先目立った勾配なし,先行列車なし,後続列車なし,1.0,次駅減速フェーズでブレーキが適切に掛かり、delta_stopが2mで停止位置誤差が5m以内、速度制限・CBTCを遵守し、ノコギリ運転もなく最高評価とした。
468,Train11,次駅への減速フェーズ（駅手前400m以内）,ブレーキ（減速）中,1.0,惰行,15.0,70.0,70.0,20.0,20.0,24.37,8.8,21.3739727373643,0.0,0.0,この先制限速度なし,この先目立った勾配なし,先行列車なし,後続列車なし,1.0,ブレーキ開始がdelta_stop=3mの適切な位置で行われ、速度・信号・制限を遵守し、ノコギリ運転や不要な加速がなく、定時・省エネ的に最適と判断したため。
469,Train11,次駅への減速フェーズ（駅手前400m以内）,ブレーキ（減速）中,1.0,惰行,15.0,70.0,70.0,20.0,70.0,24.37,0.0,21.3739727373643,10.0,0.0,この先制限速度なし,この先目立った勾配なし,先行列車なし,後続列車なし,0.9,ブレーキが適切にかかりdelta_stopが3mで許容範囲内、速度・信号遵守で安全かつエネルギー無駄なしと判断し高評価。
470,Train11,次駅への減速フェーズ（駅手前400m以内）,ブレーキ（減速）中,4.2,惰行,20.0,70.0,70.0,20.0,20.0,24.37,8.8,21.3739727373643,0.0,0.0,この先制限速度なし,この先目立った勾配なし,先行列車なし,後続列車なし,1.0,ブレーキが適切に作動し、delta_stopが3mで停止位置が許容範囲内のため高評価とした。
471,Train11,次駅への減速フェーズ（駅手前400m以内）,ブレーキ（減速）中,4.2,惰行,20.0,70.0,70.0,20.0,70.0,24.37,0.0,21.3739727373643,10.0,0.0,この先制限速度なし,この先目立った勾配なし,先行列車なし,後続列車なし,0.9,ブレーキが適切に作動し、delta_stopが3mで許容範囲内のため次駅減速フェーズとして正しい操作と判断した。
472,Train11,次駅への減速フェーズ（駅手前400m以内）,ブレーキ（減速）中,4.0,惰行,15.0,70.0,70.0,20.0,20.0,24.37,8.8,21.3739727373643,0.0,0.0,この先制限速度なし,この先目立った勾配なし,先行列車なし,後続列車なし,0.9,ブレーキが適切に作動し、delta_stopが3mで5m以内の高評価範囲に収まっているため、全体として安全かつ定時性に問題なく評価できる。
473,Train11,次駅への減速フェーズ（駅手前400m以内）,ブレーキ（減速）中,4.0,惰行,15.0,70.0,70.0,20.0,70.0,24.37,0.0,21.3739727373643,10.0,0.0,この先制限速度なし,この先目立った勾配なし,先行列車なし,後続列車なし,0.9,ブレーキが適切にかかりdelta_stopが3mで停止位置誤差が5m以内、速度・信号遵守、ノコギリ運転なしのため高評価とし0.9とした。
474,Train11,次駅への減速フェーズ（駅手前400m以内）,ブレーキ（減速）中,1.0,惰行,15.0,70.0,70.0,20.0,20.0,25.37,9.1,21.3739727373643,0.0,0.0,この先制限速度なし,この先目立った勾配なし,先行列車なし,後続列車なし,0.9,ブレーキが適切に掛かり、delta_stopが4mで許容範囲内、速度・信号遵守、不要な力行なしと評価し高評価とした。
475,Train11,次駅への減速フェーズ（駅手前400m以内）,ブレーキ（減速）中,1.0,惰行,15.0,70.0,70.0,20.0,70.0,25.37,0.0,21.3739727373643,10.0,0.0,この先制限速度なし,この先目立った勾配なし,先行列車なし,後続列車なし,0.9,ブレーキ開始が適切で、delta_stopが4mと許容範囲内のため停止位置は良好であり、他に安全違反はない。
476,Train11,次駅への減速フェーズ（駅手前400m以内）,ブレーキ（減速）中,4.2,惰行,20.0,70.0,70.0,20.0,20.0,25.37,9.1,21.3739727373643,0.0,0.0,この先制限速度なし,この先目立った勾配なし,先行列車なし,後続列車なし,0.9,ブレーキが適切に開始され、delta_stopが4mで停止位置が許容範囲内、速度・CBTC遵守、ノコギリ運転なしのため高評価とした。
477,Train11,次駅への減速フェーズ（駅手前400m以内）,ブレーキ（減速）中,4.2,惰行,20.0,70.0,70.0,20.0,70.0,25.37,0.0,21.3739727373643,10.0,0.0,この先制限速度なし,この先目立った勾配なし,先行列車なし,後続列車なし,0.9,ブレーキが適切に掛かりdelta_stopが4mで停止位置が許容範囲内、速度・信号遵守、ノコギリ運転なしで評価が高く0.9とした。
478,Train11,次駅への減速フェーズ（駅手前400m以内）,ブレーキ（減速）中,4.0,惰行,15.0,70.0,70.0,20.0,20.0,25.37,9.1,21.3739727373643,0.0,0.0,この先制限速度なし,この先目立った勾配なし,先行列車なし,後続列車なし,1.0,ブレーキが適切に掛かりdelta_stopが4mで許容範囲内、速度・信号遵守、ノコギリ運転なしで安全かつ定時に停止できるためreward=1.0とした。
479,Train11,次駅への減速フェーズ（駅手前400m以内）,ブレーキ（減速）中,4.0,惰行,15.0,70.0,70.0,20.0,70.0,25.37,0.0,21.3739727373643,10.0,0.0,この先制限速度なし,この先目立った勾配なし,先行列車なし,後続列車なし,1.0,ブレーキが適切に作動し、delta_stopが4mで停止位置誤差が5m以内であるため高評価とし、他項目に問題なし。
480,Train11,次駅への減速フェーズ（駅手前400m以内）,ブレーキ（減速）中,1.0,惰行,15.0,70.0,70.0,25.0,25.0,31.83,9.2,33.33166419349847,0.0,0.0,この先制限速度なし,この先目立った勾配なし,先行列車なし,後続列車なし,0.9,ブレーキが適切にかかり、delta_stopが-1.5mで許容範囲内、速度も制限・信号内のため次駅減速フェーズとして適切と判断した。
481,Train11,次駅への減速フェーズ（駅手前400m以内）,ブレーキ（減速）中,1.0,惰行,15.0,70.0,70.0,25.0,70.0,31.83,0.0,33.33166419349847,10.0,0.0,この先制限速度なし,この先目立った勾配なし,先行列車なし,後続列車なし,0.9,ブレーキが適切に作動し、delta_stopが-1.5mで許容範囲内、速度制限・CBTCを遵守、ノコギリ運転なしのため高評価とした。
482,Train11,次駅への減速フェーズ（駅手前400m以内）,ブレーキ（減速）中,2.2,惰行,20.0,70.0,70.0,25.0,25.0,31.83,9.2,33.33166419349847,0.0,0.0,この先制限速度なし,この先目立った勾配なし,先行列車なし,後続列車なし,0.9,ブレーキが適切に作動しdelta_stopが-1.5mで許容範囲内、速度・CBTC信号遵守、ノコギリ運転なしと判断し高評価とした。
483,Train11,次駅への減速フェーズ（駅手前400m以内）,ブレーキ（減速）中,2.2,惰行,20.0,70.0,70.0,25.0,70.0,31.83,0.0,33.33166419349847,10.0,0.0,この先制限速度なし,この先目立った勾配なし,先行列車なし,後続列車なし,0.9,ブレーキ中でdelta_stopが-1.5mと許容範囲内、速度も制限・信号内で安全に停止できているため高評価とした。
484,Train11,次駅への減速フェーズ（駅手前400m以内）,ブレーキ（減速）中,4.0,惰行,15.0,70.0,70.0,25.0,25.0,31.83,9.2,33.33166419349847,0.0,0.0,この先制限速度なし,この先目立った勾配なし,先行列車なし,後続列車なし,1.0,ブレーキ中でdelta_stopが-1.5m（±5m以内）かつ速度・信号・制限を遵守、ノコギリ運転なしと判断し最高評価とした。
485,Train11,次駅への減速フェーズ（駅手前400m以内）,ブレーキ（減速）中,4.0,惰行,15.0,70.0,70.0,25.0,70.0,31.83,0.0,33.33166419349847,10.0,0.0,この先制限速度なし,この先目立った勾配なし,先行列車なし,後続列車なし,0.9,ブレーキ中でdelta_stopが-1.5m（|Δ|≤5m）となり停止位置は許容範囲内、速度も制限・CBTC内で安全に減速しているため高評価。
486,Train11,次駅への減速フェーズ（駅手前400m以内）,ブレーキ（減速）中,1.0,惰行,15.0,70.0,70.0,25.0,25.0,32.33,9.3,33.33166419349847,0.0,0.0,この先制限速度なし,この先目立った勾配なし,先行列車なし,後続列車なし,0.6,ブレーキ中にΔstopが-1.0mで小オーバーランとなり、やや減点対象となるためrewardを0.6とした。
487,Train11,次駅への減速フェーズ（駅手前400m以内）,ブレーキ（減速）中,1.0,惰行,15.0,70.0,70.0,25.0,70.0,32.33,0.0,33.33166419349847,10.0,0.0,この先制限速度なし,この先目立った勾配なし,先行列車なし,後続列車なし,0.9,ブレーキ中でΔstopが-1mと許容範囲内、速度・信号遵守も問題なく高評価とした。
488,Train11,次駅への減速フェーズ（駅手前400m以内）,ブレーキ（減速）中,2.2,惰行,20.0,70.0,70.0,25.0,25.0,32.33,9.3,33.33166419349847,0.0,0.0,この先制限速度なし,この先目立った勾配なし,先行列車なし,後続列車なし,0.9,ブレーキが適切に作動しΔstop=-1mで停止位置誤差が±5m以内、速度・CBTC制限を遵守、ノコギリ運転なし、余分な加速もなく省エネ的に問題なしと判断した。
489,Train11,次駅への減速フェーズ（駅手前400m以内）,ブレーキ（減速）中,2.2,惰行,20.0,70.0,70.0,25.0,70.0,32.33,0.0,33.33166419349847,10.0,0.0,この先制限速度なし,この先目立った勾配なし,先行列車なし,後続列車なし,1.0,ブレーキ中でdelta_stopが-1mと許容範囲内であり、速度・信号・制限を遵守しているため高評価とした。
490,Train11,次駅への減速フェーズ（駅手前400m以内）,ブレーキ（減速）中,4.0,惰行,15.0,70.0,70.0,25.0,25.0,32.33,9.3,33.33166419349847,0.0,0.0,この先制限速度なし,この先目立った勾配なし,先行列車なし,後続列車なし,1.0,ブレーキが適切に作動し、delta_stopが-1mで許容範囲内、速度制限・CBTC遵守、無駄な力行なしで安全に停止できるため高評価。
491,Train11,次駅への減速フェーズ（駅手前400m以内）,ブレーキ（減速）中,4.0,惰行,15.0,70.0,70.0,25.0,70.0,32.33,0.0,33.33166419349847,10.0,0.0,この先制限速度なし,この先目立った勾配なし,先行列車なし,後続列車なし,1.0,ブレーキ中でdelta_stopが-1mと許容範囲内、速度・CBTC信号遵守、ノコギリ運転なし、余分な力行もなく高評価としてreward=1.0。
492,Train11,次駅への減速フェーズ（駅手前400m以内）,ブレーキ（減速）中,1.0,惰行,15.0,70.0,70.0,25.0,70.0,32.83,9.5,33.33166419349847,0.0,0.0,この先制限速度なし,この先目立った勾配なし,先行列車なし,後続列車なし,1.0,ブレーキが適切に作動し、delta_stopが-0.5mで許容範囲内、速度制限・CBTCを遵守し、ノコギリ運転もなく最適な減速と判断した。
493,Train11,次駅への減速フェーズ（駅手前400m以内）,ブレーキ（減速）中,1.0,惰行,15.0,70.0,70.0,25.0,70.0,32.83,0.0,33.33166419349847,10.0,0.0,この先制限速度なし,この先目立った勾配なし,先行列車なし,後続列車なし,0.9,ブレーキ中でdelta_stopが-0.5mと許容範囲内、制限速度・CBTC遵守、ノコギリ運転なしのため高評価とした。
494,Train11,次駅への減速フェーズ（駅手前400m以内）,ブレーキ（減速）中,2.2,惰行,20.0,70.0,70.0,25.0,70.0,32.83,9.5,33.33166419349847,0.0,0.0,この先制限速度なし,この先目立った勾配なし,先行列車なし,後続列車なし,1.0,ブレーキ中のdelta_stopが-0.5mで許容範囲内、速度・信号遵守、ノコギリ運転なしのため安全かつ定時に停止でき、reward=1.0とした。
495,Train11,次駅への減速フェーズ（駅手前400m以内）,ブレーキ（減速）中,2.2,惰行,20.0,70.0,70.0,25.0,70.0,32.83,0.0,33.33166419349847,10.0,0.0,この先制限速度なし,この先目立った勾配なし,先行列車なし,後続列車なし,1.0,ブレーキが適切に作動しdelta_stopが-0.5mで停止位置誤差が5m以内、他項目に違反なしと判断し高評価とした。
496,Train11,次駅への減速フェーズ（駅手前400m以内）,ブレーキ（減速）中,4.0,惰行,15.0,70.0,70.0,25.0,70.0,32.83,9.5,33.33166419349847,0.0,0.0,この先制限速度なし,この先目立った勾配なし,先行列車なし,後続列車なし,1.0,ブレーキが適切に作動しΔstopが-0.5mで停止位置が許容範囲内、速度・信号遵守、ノコギリ運転なしで安全かつ定時に停止できるため高評価。
497,Train11,次駅への減速フェーズ（駅手前400m以内）,ブレーキ（減速）中,4.0,惰行,15.0,70.0,70.0,25.0,70.0,32.83,0.0,33.33166419349847,10.0,0.0,この先制限速度なし,この先目立った勾配なし,先行列車なし,後続列車なし,0.9,ブレーキが適切にかかりdelta_stopが-0.5mで許容範囲内、速度・信号遵守で安全に停止できるため高評価。
498,Train11,次駅への減速フェーズ（駅手前400m以内）,ブレーキ（減速）中,1.0,惰行,15.0,70.0,70.0,25.0,70.0,33.33,9.6,33.33166419349847,0.0,0.0,この先制限速度なし,この先目立った勾配なし,先行列車なし,後続列車なし,1.0,ブレーキが適切に開始され、delta_stopが0m付近で停止位置が確保されているため、全項目で問題なく高評価とする。
499,Train11,次駅への減速フェーズ（駅手前400m以内）,ブレーキ（減速）中,1.0,惰行,15.0,70.0,70.0,25.0,70.0,33.33,0.0,33.33166419349847,10.0,0.0,この先制限速度なし,この先目立った勾配なし,先行列車なし,後続列車なし,1.0,ブレーキが適切に作動しdelta_stopが0mで停止位置が正確、速度・信号遵守のためreward=1.0とした。
500,Train11,次駅への減速フェーズ（駅手前400m以内）,ブレーキ（減速）中,2.2,惰行,20.0,70.0,70.0,25.0,70.0,33.33,9.6,33.33166419349847,0.0,0.0,この先制限速度なし,この先目立った勾配なし,先行列車なし,後続列車なし,1.0,ブレーキが適切に作動しdelta_stop≈0mで正確に停止、ノコギリ運転や不要な力行なしで安全かつ定時に停車できるため高評価。
501,Train11,次駅への減速フェーズ（駅手前400m以内）,ブレーキ（減速）中,2.2,惰行,20.0,70.0,70.0,25.0,70.0,33.33,0.0,33.33166419349847,10.0,0.0,この先制限速度なし,この先目立った勾配なし,先行列車なし,後続列車なし,1.0,ブレーキが適切にかかりdelta_stopが0mで停止位置が正確、速度・信号遵守、ノコギリ運転なしのため最高評価とした。
502,Train11,次駅への減速フェーズ（駅手前400m以内）,ブレーキ（減速）中,4.0,惰行,15.0,70.0,70.0,25.0,70.0,33.33,9.6,33.33166419349847,0.0,0.0,この先制限速度なし,この先目立った勾配なし,先行列車なし,後続列車なし,1.0,ブレーキで適切に停止位置を確保し、速度・信号・制限をすべて遵守しているため高評価とした。
503,Train11,次駅への減速フェーズ（駅手前400m以内）,ブレーキ（減速）中,4.0,惰行,15.0,70.0,70.0,25.0,70.0,33.33,0.0,33.33166419349847,10.0,0.0,この先制限速度なし,この先目立った勾配なし,先行列車なし,後続列車なし,1.0,ブレーキが適切に掛かりdelta_stop≈0で停止位置確保、速度制限・CBTC遵守、ノコギリ運転なしと評価し高評価とした。
504,Train11,次駅への減速フェーズ（駅手前400m以内）,ブレーキ（減速）中,1.0,惰行,15.0,70.0,70.0,25.0,25.0,33.83,9.7,33.33166419349847,0.0,0.0,この先制限速度なし,この先目立った勾配なし,先行列車なし,後続列車なし,1.0,ブレーキが適切に作動しΔstop=0.5mで停止位置が確実、速度制限・CBTC遵守、無駄な力行なしのため最高評価とした。
505,Train11,次駅への減速フェーズ（駅手前400m以内）,ブレーキ（減速）中,1.0,惰行,15.0,70.0,70.0,25.0,70.0,33.83,0.0,33.33166419349847,10.0,0.0,この先制限速度なし,この先目立った勾配なし,先行列車なし,後続列車なし,1.0,ブレーキ中でdelta_stopが0.5mと許容範囲内であり、速度・CBTC制限を遵守しているため高評価とした。
506,Train11,次駅への減速フェーズ（駅手前400m以内）,ブレーキ（減速）中,2.2,惰行,20.0,70.0,70.0,25.0,25.0,33.83,9.7,33.33166419349847,0.0,0.0,この先制限速度なし,この先目立った勾配なし,先行列車なし,後続列車なし,1.0,ブレーキ中にdelta_stopが0.5mで許容範囲内、速度・CBTC遵守、ノコギリ運転なしのため最高評価とした。
507,Train11,次駅への減速フェーズ（駅手前400m以内）,ブレーキ（減速）中,2.2,惰行,20.0,70.0,70.0,25.0,70.0,33.83,0.0,33.33166419349847,10.0,0.0,この先制限速度なし,この先目立った勾配なし,先行列車なし,後続列車なし,1.0,ブレーキが適切にかかりdelta_stopが0.5mで停止位置誤差が5m以内、速度・信号遵守、ノコギリ運転なし、遅延は現在操作の責任ではないため高評価。
508,Train11,次駅への減速フェーズ（駅手前400m以内）,ブレーキ（減速）中,4.0,惰行,15.0,70.0,70.0,25.0,25.0,33.83,9.7,33.33166419349847,0.0,0.0,この先制限速度なし,この先目立った勾配なし,先行列車なし,後続列車なし,1.0,ブレーキが適切に掛かりdelta_stopが0.5mで停止位置が正確、速度制限・CBTC遵守、ノコギリ運転なしと評価し高評価とした。
509,Train11,次駅への減速フェーズ（駅手前400m以内）,ブレーキ（減速）中,4.0,惰行,15.0,70.0,70.0,25.0,70.0,33.83,0.0,33.33166419349847,10.0,0.0,この先制限速度なし,この先目立った勾配なし,先行列車なし,後続列車なし,0.9,ブレーキが適切に掛かりdelta_stopが0.5mで停止位置誤差が小さく、速度・信号遵守も問題なく、ノコギリ運転等もなく高評価とした。
510,Train11,次駅への減速フェーズ（駅手前400m以内）,ブレーキ（減速）中,1.0,惰行,15.0,70.0,70.0,25.0,25.0,34.33,9.9,33.33166419349847,0.0,0.0,この先制限速度なし,この先目立った勾配なし,先行列車なし,後続列車なし,1.0,ブレーキが適切にかかりdelta_stopが1mで停止位置が確保でき、速度・信号超過なしでエネルギー無駄もなく高評価とした。
511,Train11,次駅への減速フェーズ（駅手前400m以内）,ブレーキ（減速）中,1.0,惰行,15.0,70.0,70.0,25.0,70.0,34.33,0.0,33.33166419349847,10.0,0.0,この先制限速度なし,この先目立った勾配なし,先行列車なし,後続列車なし,1.0,ブレーキが適切に作動しdelta_stopが1mで停止位置が正確、速度・信号遵守、ノコギリ運転なしと判断し最高評価とした。
512,Train11,次駅への減速フェーズ（駅手前400m以内）,ブレーキ（減速）中,2.2,惰行,20.0,70.0,70.0,25.0,25.0,34.33,9.9,33.33166419349847,0.0,0.0,この先制限速度なし,この先目立った勾配なし,先行列車なし,後続列車なし,1.0,ブレーキが適切に作動しdelta_stopが1mで停止位置が良好、速度・信号遵守、ノコギリ運転なしのため高評価。
513,Train11,次駅への減速フェーズ（駅手前400m以内）,ブレーキ（減速）中,2.2,惰行,20.0,70.0,70.0,25.0,70.0,34.33,0.0,33.33166419349847,10.0,0.0,この先制限速度なし,この先目立った勾配なし,先行列車なし,後続列車なし,1.0,ブレーキが適切に作動しdelta_stopが1mで停止位置が確保、速度・CBTC制限を遵守しノコギリ運転もなく現在のノッチ操作は最適と判断した。
514,Train11,次駅への減速フェーズ（駅手前400m以内）,ブレーキ（減速）中,4.0,惰行,15.0,70.0,70.0,25.0,25.0,34.33,9.9,33.33166419349847,0.0,0.0,この先制限速度なし,この先目立った勾配なし,先行列車なし,後続列車なし,1.0,ブレーキが適切にかかりdelta_stopが1mで停止位置誤差が5m以内、速度は制限・CBTC内で省エネ的にも問題なし。
515,Train11,次駅への減速フェーズ（駅手前400m以内）,ブレーキ（減速）中,4.0,惰行,15.0,70.0,70.0,25.0,70.0,34.33,0.0,33.33166419349847,10.0,0.0,この先制限速度なし,この先目立った勾配なし,先行列車なし,後続列車なし,1.0,ブレーキが適切に掛かりdelta_stopが1mで停止位置が正確、速度・信号遵守で安全かつ省エネと判断し高評価とした。
516,Train11,次駅への減速フェーズ（駅手前400m以内）,ブレーキ（減速）中,1.0,惰行,15.0,70.0,70.0,25.0,25.0,34.83,10.0,33.33166419349847,0.0,0.0,この先制限速度なし,この先目立った勾配なし,先行列車なし,後続列車なし,0.9,ブレーキ中でdelta_stopが1.5mと許容範囲内、速度も制限・信号内のため安全かつ定時停止が可能と判断し高評価。
517,Train11,次駅への減速フェーズ（駅手前400m以内）,ブレーキ（減速）中,1.0,惰行,15.0,70.0,70.0,25.0,70.0,34.83,0.0,33.33166419349847,10.0,0.0,この先制限速度なし,この先目立った勾配なし,先行列車なし,後続列車なし,1.0,ブレーキが適切に作動し、delta_stopが1.5mで停止位置誤差が5m以内であるため高評価とし、他項目に違反なし。
518,Train11,次駅への減速フェーズ（駅手前400m以内）,ブレーキ（減速）中,2.2,惰行,20.0,70.0,70.0,25.0,25.0,34.83,10.0,33.33166419349847,0.0,0.0,この先制限速度なし,この先目立った勾配なし,先行列車なし,後続列車なし,0.9,ブレーキが適切に作動し、delta_stopが1.5mで許容範囲内のため高評価とした。
519,Train11,次駅への減速フェーズ（駅手前400m以内）,ブレーキ（減速）中,2.2,惰行,20.0,70.0,70.0,25.0,70.0,34.83,0.0,33.33166419349847,10.0,0.0,この先制限速度なし,この先目立った勾配なし,先行列車なし,後続列車なし,1.0,ブレーキが適切にかかりdelta_stopが1.5mで停止位置が確保され、速度・信号制限を遵守しているため高評価。
520,Train11,次駅への減速フェーズ（駅手前400m以内）,ブレーキ（減速）中,4.0,惰行,15.0,70.0,70.0,25.0,25.0,34.83,10.0,33.33166419349847,0.0,0.0,この先制限速度なし,この先目立った勾配なし,先行列車なし,後続列車なし,0.9,ブレーキ中でdelta_stopが1.5mと許容範囲内、速度・信号遵守も完璧でノコギリ運転や無駄な力行がなく高評価とした。
521,Train11,次駅への減速フェーズ（駅手前400m以内）,ブレーキ（減速）中,4.0,惰行,15.0,70.0,70.0,25.0,70.0,34.83,0.0,33.33166419349847,10.0,0.0,この先制限速度なし,この先目立った勾配なし,先行列車なし,後続列車なし,0.9,ブレーキ中でdelta_stopが1.5mと許容範囲内、信号・制限速度遵守、ノコギリ運転なしのため高評価とし0.9とした。
522,Train11,次駅への減速フェーズ（駅手前400m以内）,ブレーキ（減速）中,1.0,惰行,15.0,70.0,70.0,25.0,25.0,35.33,10.2,33.33166419349847,0.0,0.0,この先制限速度なし,この先目立った勾配なし,先行列車なし,後続列車なし,1.0,ブレーキが適切に作動し、delta_stopが2mで停止位置が許容範囲内、速度制限・CBTC遵守、ノコギリ運転なしのため高評価とした。
523,Train11,次駅への減速フェーズ（駅手前400m以内）,ブレーキ（減速）中,1.0,惰行,15.0,70.0,70.0,25.0,70.0,35.33,0.0,33.33166419349847,10.0,0.0,この先制限速度なし,この先目立った勾配なし,先行列車なし,後続列車なし,0.9,ブレーキ中でdelta_stopが2mと許容範囲内、速度は制限・信号内、ノコギリ運転なしで適切に減速しているため高評価。
524,Train11,次駅への減速フェーズ（駅手前400m以内）,ブレーキ（減速）中,2.2,惰行,20.0,70.0,70.0,25.0,25.0,35.33,10.2,33.33166419349847,0.0,0.0,この先制限速度なし,この先目立った勾配なし,先行列車なし,後続列車なし,1.0,ブレーキが適切なタイミングで開始され、delta_stopが2mで|5m|以内のため高評価とし、他項目に問題なし。
525,Train11,次駅への減速フェーズ（駅手前400m以内）,ブレーキ（減速）中,2.2,惰行,20.0,70.0,70.0,25.0,70.0,35.33,0.0,33.33166419349847,10.0,0.0,この先制限速度なし,この先目立った勾配なし,先行列車なし,後続列車なし,1.0,ブレーキ中でdelta_stopが2mと許容範囲内、速度・信号遵守、ノコギリ運転なし、停止位置適切のため最高評価とした。
526,Train11,次駅への減速フェーズ（駅手前400m以内）,ブレーキ（減速）中,4.0,惰行,15.0,70.0,70.0,25.0,25.0,35.33,10.2,33.33166419349847,0.0,0.0,この先制限速度なし,この先目立った勾配なし,先行列車なし,後続列車なし,0.9,ブレーキが適切にかかりdelta_stopが2mで許容範囲内、速度も制限内で次駅停止位置が確保できているため高評価。
527,Train11,次駅への減速フェーズ（駅手前400m以内）,ブレーキ（減速）中,4.0,惰行,15.0,70.0,70.0,25.0,70.0,35.33,0.0,33.33166419349847,10.0,0.0,この先制限速度なし,この先目立った勾配なし,先行列車なし,後続列車なし,1.0,減速フェーズでブレーキを適切にかけ、delta_stopが2mで停止位置が高精度に確保できており、速度・信号超過なしと評価し最高点とした。
528,Train11,次駅への減速フェーズ（駅手前400m以内）,ブレーキ（減速）中,1.0,惰行,15.0,70.0,70.0,25.0,25.0,36.33,10.5,33.33166419349847,0.0,0.0,この先制限速度なし,この先目立った勾配なし,先行列車なし,後続列車なし,1.0,ブレーキが適切に作動し、delta_stopが3mで許容範囲内のため次駅停止位置が確実に達成でき、他の安全・速度条件もすべて満たす。
529,Train11,次駅への減速フェーズ（駅手前400m以内）,ブレーキ（減速）中,1.0,惰行,15.0,70.0,70.0,25.0,70.0,36.33,0.0,33.33166419349847,10.0,0.0,この先制限速度なし,この先目立った勾配なし,先行列車なし,後続列車なし,1.0,ブレーキ中でdelta_stopが3mと許容範囲内、速度・信号遵守、ノコギリ運転なしで適切に減速しているため高評価。
530,Train11,次駅への減速フェーズ（駅手前400m以内）,ブレーキ（減速）中,2.2,惰行,20.0,70.0,70.0,25.0,25.0,36.33,10.5,33.33166419349847,0.0,0.0,この先制限速度なし,この先目立った勾配なし,先行列車なし,後続列車なし,1.0,ブレーキが適切に掛かりdelta_stopが3mで許容範囲内、速度・CBTC制限遵守、不要な力行なしで次駅停止が確実と判断し最高評価とした。
531,Train11,次駅への減速フェーズ（駅手前400m以内）,ブレーキ（減速）中,2.2,惰行,20.0,70.0,70.0,25.0,70.0,36.33,0.0,33.33166419349847,10.0,0.0,この先制限速度なし,この先目立った勾配なし,先行列車なし,後続列車なし,1.0,ブレーキ中でdelta_stopが3mと許容範囲内、信号・速度制限遵守、ノコギリ運転なしで適切な減速と判断し高評価。
532,Train11,次駅への減速フェーズ（駅手前400m以内）,ブレーキ（減速）中,4.0,惰行,15.0,70.0,70.0,25.0,25.0,36.33,10.5,33.33166419349847,0.0,0.0,この先制限速度なし,この先目立った勾配なし,先行列車なし,後続列車なし,1.0,ブレーキ中でdelta_stopが3mと許容範囲内、速度・CBTC遵守、ノコギリ運転なしのため最高評価とした。
533,Train11,次駅への減速フェーズ（駅手前400m以内）,ブレーキ（減速）中,4.0,惰行,15.0,70.0,70.0,25.0,70.0,36.33,0.0,33.33166419349847,10.0,0.0,この先制限速度なし,この先目立った勾配なし,先行列車なし,後続列車なし,1.0,ブレーキが適切に作動し、delta_stopが許容範囲内で制限速度・CBTC信号を遵守、ノコギリ運転や列車間隔問題もなく安全かつ定時に停止できるため最高評価とした。
534,Train11,次駅への減速フェーズ（駅手前400m以内）,ブレーキ（減速）中,1.0,惰行,15.0,70.0,70.0,25.0,25.0,37.33,10.8,33.33166419349847,0.0,0.0,この先制限速度なし,この先目立った勾配なし,先行列車なし,後続列車なし,0.9,ブレーキが適切に作動し、delta_stopが4mで停止位置誤差が5m以内に収まっているため高評価とし、他項目に問題なし。
535,Train11,次駅への減速フェーズ（駅手前400m以内）,ブレーキ（減速）中,1.0,惰行,15.0,70.0,70.0,25.0,70.0,37.33,0.0,33.33166419349847,10.0,0.0,この先制限速度なし,この先目立った勾配なし,先行列車なし,後続列車なし,1.0,ブレーキが適切に作動し、delta_stopが4mで許容範囲内のため次駅減速フェーズでの操作は安全かつ定時性に問題なく評価した。
536,Train11,次駅への減速フェーズ（駅手前400m以内）,ブレーキ（減速）中,2.2,惰行,20.0,70.0,70.0,25.0,25.0,37.33,10.8,33.33166419349847,0.0,0.0,この先制限速度なし,この先目立った勾配なし,先行列車なし,後続列車なし,1.0,ブレーキで適切に減速し、delta_stopが4mで許容範囲内、速度・信号遵守、ノコギリ運転なしで安全かつ省エネと判断し1.0とした。
537,Train11,次駅への減速フェーズ（駅手前400m以内）,ブレーキ（減速）中,2.2,惰行,20.0,70.0,70.0,25.0,70.0,37.33,0.0,33.33166419349847,10.0,0.0,この先制限速度なし,この先目立った勾配なし,先行列車なし,後続列車なし,0.9,ブレーキ中でdelta_stopが4mと許容範囲内であり、制限速度・CBTC遵守、ノコギリ運転なしで適切に停止位置を確保しているため高評価とした。
538,Train11,次駅への減速フェーズ（駅手前400m以内）,ブレーキ（減速）中,4.0,惰行,15.0,70.0,70.0,25.0,25.0,37.33,10.8,33.33166419349847,0.0,0.0,この先制限速度なし,この先目立った勾配なし,先行列車なし,後続列車なし,0.9,ブレーキ開始がΔstop＝4mで5m以内の許容範囲に入り、停止位置が適切に確保されているため高評価とした。
539,Train11,次駅への減速フェーズ（駅手前400m以内）,ブレーキ（減速）中,4.0,惰行,15.0,70.0,70.0,25.0,70.0,37.33,0.0,33.33166419349847,10.0,0.0,この先制限速度なし,この先目立った勾配なし,先行列車なし,後続列車なし,0.9,ブレーキ中でdelta_stopが4mと許容範囲内、速度超過や信号違反なし、ノコギリ運転もなく安全かつ定時に近いと判断した。
