time,train_id,phase,current_notch,holding_time,prev_notch,prev_notch_duration,speed_limit,signal_speed,current_speed,required_speed,dist_to_next_station,time_to_next_station,req_stop_dist,delay,current_gradient,next_limit_info,next_gradient_info,forward_info,backward_info,reward,reason
0,Train11,次駅への減速フェーズ（駅手前400m以内）,ブレーキ（減速）中,1.0,惰行,3.0,70.0,70.0,0.2,0.2,0.1,2.0,0.0021496513266362717,0.0,0.0,この先制限速度なし,この先目立った勾配なし,先行列車なし,後続列車なし,1.0,次駅減速フェーズでブレーキが適切に掛かりΔstopが0.10mと安全に停止でき、ノコギリ運転も合理的と判断したため高評価とした。
1,Train11,次駅への減速フェーズ（駅手前400m以内）,ブレーキ（減速）中,1.0,惰行,15.0,70.0,70.0,0.2,0.2,0.1,2.0,0.0021496513266362717,0.0,0.0,この先制限速度なし,この先目立った勾配なし,先行列車なし,後続列車なし,1.0,ブレーキが適切に作動しdelta_stopが0.10mで停止位置が正確、速度制限・CBTC遵守、ノコギリ運転なしのため最高評価とした。
2,Train11,次駅への減速フェーズ（駅手前400m以内）,ブレーキ（減速）中,6.0,惰行,3.0,70.0,70.0,0.2,0.2,0.1,2.0,0.0021496513266362717,0.0,0.0,この先制限速度なし,この先目立った勾配なし,先行列車なし,後続列車なし,1.0,ブレーキはdelta_stopが0.10mで許容範囲内、次駅減速フェーズとして適切でエネルギー無駄がないため高評価。
3,Train11,次駅への減速フェーズ（駅手前400m以内）,ブレーキ（減速）中,6.0,惰行,15.0,70.0,70.0,0.2,0.2,0.1,2.0,0.0021496513266362717,0.0,0.0,この先制限速度なし,この先目立った勾配なし,先行列車なし,後続列車なし,1.0,次駅減速フェーズでブレーキが適切に作動し、delta_stopが0.10mで停止位置も許容範囲内。安全基準を満たし過走や過加速もなく、最良と判断した。
4,Train11,次駅への減速フェーズ（駅手前400m以内）,ブレーキ（減速）中,1.0,惰行,3.0,70.0,70.0,0.2,0.2,0.2,2.0,0.0021496513266362717,0.0,0.0,この先制限速度なし,この先目立った勾配なし,先行列車なし,後続列車なし,1.0,ブレーキはdelta_stopが0.20mで適切に停止位置へ向かっており、速度・信号・制限を遵守、ノコギリ運転でも合理的理由があるため最高評価とした。
5,Train11,次駅への減速フェーズ（駅手前400m以内）,ブレーキ（減速）中,1.0,惰行,15.0,70.0,70.0,0.2,0.2,0.2,2.0,0.0021496513266362717,0.0,0.0,この先制限速度なし,この先目立った勾配なし,先行列車なし,後続列車なし,1.0,ブレーキが適切にかかり、delta_stopが0.20mで停止位置が確実に達成でき、速度・信号遵守、ノコギリ運転なしで定時性・省エネ性も満たすため高評価。
6,Train11,次駅への減速フェーズ（駅手前400m以内）,ブレーキ（減速）中,6.0,惰行,3.0,70.0,70.0,0.2,0.2,0.2,2.0,0.0021496513266362717,0.0,0.0,この先制限速度なし,この先目立った勾配なし,先行列車なし,後続列車なし,1.0,次駅減速フェーズでブレーキが適切に作動し、delta_stopが0.2mで停止位置が正確、速度は制限内であり、ノコギリ運転や遅延もなく評価は最高とした。
7,Train11,次駅への減速フェーズ（駅手前400m以内）,ブレーキ（減速）中,6.0,惰行,15.0,70.0,70.0,0.2,0.2,0.2,2.0,0.0021496513266362717,0.0,0.0,この先制限速度なし,この先目立った勾配なし,先行列車なし,後続列車なし,1.0,次駅減速フェーズでブレーキを適切に適用し、delta_stopが0.20mで停止位置が確保でき、速度・信号超過なしで安全かつ省エネと判断した。
8,Train11,次駅への減速フェーズ（駅手前400m以内）,ブレーキ（減速）中,1.0,惰行,3.0,70.0,70.0,0.2,0.2,0.35,2.0,0.0021496513266362717,0.0,0.0,この先制限速度なし,この先目立った勾配なし,先行列車なし,後続列車なし,1.0,ブレーキが適切に掛かり、delta_stopが0.35mで停止位置誤差が5m以内のため高評価とし、rewardを1.0とした。
9,Train11,次駅への減速フェーズ（駅手前400m以内）,ブレーキ（減速）中,1.0,惰行,15.0,70.0,70.0,0.2,0.2,0.35,2.0,0.0021496513266362717,0.0,0.0,この先制限速度なし,この先目立った勾配なし,先行列車なし,後続列車なし,1.0,次駅減速フェーズでブレーキが適切に作動し、delta_stopが0.35mで停止位置が確実、速度・信号遵守、ノコギリ運転なしと評価したため高評価。
10,Train11,次駅への減速フェーズ（駅手前400m以内）,ブレーキ（減速）中,6.0,惰行,3.0,70.0,70.0,0.2,0.2,0.35,2.0,0.0021496513266362717,0.0,0.0,この先制限速度なし,この先目立った勾配なし,先行列車なし,後続列車なし,1.0,減速フェーズでブレーキが適切に作動し停止位置誤差0.35mは許容範囲内、速度超過やノコギリ運転はなく最高評価とした。
11,Train11,次駅への減速フェーズ（駅手前400m以内）,ブレーキ（減速）中,6.0,惰行,15.0,70.0,70.0,0.2,0.2,0.35,2.0,0.0021496513266362717,0.0,0.0,この先制限速度なし,この先目立った勾配なし,先行列車なし,後続列車なし,1.0,次駅減速フェーズでブレーキが適切にかかり、delta_stopが0.35mで停止位置誤差が5m以内、速度制限・CBTC遵守、ノコギリ運転なしのため最高評価とした。
12,Train11,次駅への減速フェーズ（駅手前400m以内）,ブレーキ（減速）中,1.0,惰行,3.0,70.0,70.0,0.2,0.2,0.5,2.0,0.0021496513266362717,0.0,0.0,この先制限速度なし,この先目立った勾配なし,先行列車なし,後続列車なし,1.0,ブレーキが適切に作動し、delta_stopが0.5mで停止位置が確保され、速度・信号超過なしで安全に駅停車できるため高評価。
13,Train11,次駅への減速フェーズ（駅手前400m以内）,ブレーキ（減速）中,1.0,惰行,15.0,70.0,70.0,0.2,0.2,0.5,2.0,0.0021496513266362717,0.0,0.0,この先制限速度なし,この先目立った勾配なし,先行列車なし,後続列車なし,1.0,ブレーキが適切に作動し、delta_stopが0.5mで停止位置が確保できるため高評価とした。
14,Train11,次駅への減速フェーズ（駅手前400m以内）,ブレーキ（減速）中,6.0,惰行,3.0,70.0,70.0,0.2,0.2,0.5,2.0,0.0021496513266362717,0.0,0.0,この先制限速度なし,この先目立った勾配なし,先行列車なし,後続列車なし,1.0,次駅減速フェーズでブレーキが適切にかかり、停止位置誤差0.5mで高評価、速度制限・CBTC遵守、ノコギリ運転なしと判断し1.0とした。
15,Train11,次駅への減速フェーズ（駅手前400m以内）,ブレーキ（減速）中,6.0,惰行,15.0,70.0,70.0,0.2,0.2,0.5,2.0,0.0021496513266362717,0.0,0.0,この先制限速度なし,この先目立った勾配なし,先行列車なし,後続列車なし,1.0,ブレーキ中でdelta_stopが0.5mと許容範囲内、速度・信号遵守、ノコギリ運転なしで停止位置が確実に達成できるため高評価。
16,Train11,次駅への減速フェーズ（駅手前400m以内）,ブレーキ（減速）中,1.0,惰行,3.0,70.0,70.0,0.2,1.0,0.7,2.0,0.0021496513266362717,0.0,0.0,この先制限速度なし,この先目立った勾配なし,先行列車なし,後続列車なし,1.0,ブレーキで適切に減速しΔstopが0.7mで停止位置が確保、速度・信号超過なし、ノコギリ運転もなしと判断し最高評価とした。
17,Train11,次駅への減速フェーズ（駅手前400m以内）,ブレーキ（減速）中,1.0,惰行,15.0,70.0,70.0,0.2,1.0,0.7,2.0,0.0021496513266362717,0.0,0.0,この先制限速度なし,この先目立った勾配なし,先行列車なし,後続列車なし,1.0,ブレーキが適切に作動し、delta_stopが0.7mで停止位置誤差が5m以内、速度も制限内で安全に駅停車できるため高評価。
18,Train11,次駅への減速フェーズ（駅手前400m以内）,ブレーキ（減速）中,6.0,惰行,3.0,70.0,70.0,0.2,1.0,0.7,2.0,0.0021496513266362717,0.0,0.0,この先制限速度なし,この先目立った勾配なし,先行列車なし,後続列車なし,1.0,ブレーキで減速し、delta_stopが0.7mと許容範囲内で停止位置が確保できており、速度・CBTC制限を遵守しているため高評価とした。
19,Train11,次駅への減速フェーズ（駅手前400m以内）,ブレーキ（減速）中,6.0,惰行,15.0,70.0,70.0,0.2,1.0,0.7,2.0,0.0021496513266362717,0.0,0.0,この先制限速度なし,この先目立った勾配なし,先行列車なし,後続列車なし,1.0,ブレーキ中でdelta_stopが0.7mと許容範囲内、速度制限・CBTC遵守、不要な力行なしで適切な減速と判断し最高評価。
20,Train11,次駅への減速フェーズ（駅手前400m以内）,ブレーキ（減速）中,1.0,惰行,3.0,70.0,70.0,0.2,1.8,0.9,2.0,0.0021496513266362717,0.0,0.0,この先制限速度なし,この先目立った勾配なし,先行列車なし,後続列車なし,1.0,ブレーキが適切に作動し停止位置が許容範囲内で、速度・信号違反がなく安全に駅停車できるため高評価。
21,Train11,次駅への減速フェーズ（駅手前400m以内）,ブレーキ（減速）中,1.0,惰行,15.0,70.0,70.0,0.2,1.8,0.9,2.0,0.0021496513266362717,0.0,0.0,この先制限速度なし,この先目立った勾配なし,先行列車なし,後続列車なし,0.9,ブレーキ中でdelta_stopが0.9m（5m以内）かつ制限速度・CBTC信号を遵守し、安全に駅停車できるため高評価とした。
22,Train11,次駅への減速フェーズ（駅手前400m以内）,ブレーキ（減速）中,6.0,惰行,3.0,70.0,70.0,0.2,1.8,0.9,2.0,0.0021496513266362717,0.0,0.0,この先制限速度なし,この先目立った勾配なし,先行列車なし,後続列車なし,1.0,ブレーキが適切に作動し、delta_stopが0.9mで停止位置が許容範囲内、速度制限・CBTC遵守、ノコギリ運転なしのため最高評価とした。
23,Train11,次駅への減速フェーズ（駅手前400m以内）,ブレーキ（減速）中,6.0,惰行,15.0,70.0,70.0,0.2,1.8,0.9,2.0,0.0021496513266362717,0.0,0.0,この先制限速度なし,この先目立った勾配なし,先行列車なし,後続列車なし,1.0,ブレーキ中でdelta_stopが0.9m（5m以内）かつ速度・信号制限を遵守しているため高評価とし、rewardを1.0とした。
24,Train11,次駅への減速フェーズ（駅手前400m以内）,ブレーキ（減速）中,1.0,惰行,3.0,70.0,70.0,0.2,70.0,1.1,2.0,0.0021496513266362717,0.0,0.0,この先制限速度なし,この先目立った勾配なし,先行列車なし,後続列車なし,1.0,ブレーキが適切に作動し、delta_stopが1.1mで停止位置が許容範囲内、他に違反なし。
25,Train11,次駅への減速フェーズ（駅手前400m以内）,ブレーキ（減速）中,1.0,惰行,15.0,70.0,70.0,0.2,70.0,1.1,2.0,0.0021496513266362717,0.0,0.0,この先制限速度なし,この先目立った勾配なし,先行列車なし,後続列車なし,1.0,ブレーキで減速し、delta_stopが1.1mで停止位置誤差が5m以内であり、速度・信号・制限をすべて遵守しているため高評価。
26,Train11,次駅への減速フェーズ（駅手前400m以内）,ブレーキ（減速）中,6.0,惰行,3.0,70.0,70.0,0.2,70.0,1.1,2.0,0.0021496513266362717,0.0,0.0,この先制限速度なし,この先目立った勾配なし,先行列車なし,後続列車なし,1.0,ブレーキが駅手前1.1 mで停止位置許容範囲内にあり、速度・CBTC制限を遵守し、ノコギリ運転や列車間隔の問題もなく、現在の操作は適切と判断した。
27,Train11,次駅への減速フェーズ（駅手前400m以内）,ブレーキ（減速）中,6.0,惰行,15.0,70.0,70.0,0.2,70.0,1.1,2.0,0.0021496513266362717,0.0,0.0,この先制限速度なし,この先目立った勾配なし,先行列車なし,後続列車なし,0.9,ブレーキで適切に減速し、delta_stopが1.1mで5m以内の高評価範囲に入るため、運転は適切と判断した。
28,Train11,次駅への減速フェーズ（駅手前400m以内）,ブレーキ（減速）中,1.0,惰行,3.0,70.0,70.0,0.2,3.3,1.4,2.0,0.0021496513266362717,0.0,0.0,この先制限速度なし,この先目立った勾配なし,先行列車なし,後続列車なし,1.0,ブレーキが適切に作動し、delta_stopが5m以内で停止位置が確保できているため高評価とした。
29,Train11,次駅への減速フェーズ（駅手前400m以内）,ブレーキ（減速）中,1.0,惰行,15.0,70.0,70.0,0.2,3.3,1.4,2.0,0.0021496513266362717,0.0,0.0,この先制限速度なし,この先目立った勾配なし,先行列車なし,後続列車なし,1.0,次駅減速フェーズでブレーキが適切にかかり、delta_stopが5m以内で停止位置も良好なため高評価とした。
30,Train11,次駅への減速フェーズ（駅手前400m以内）,ブレーキ（減速）中,6.0,惰行,3.0,70.0,70.0,0.2,3.3,1.4,2.0,0.0021496513266362717,0.0,0.0,この先制限速度なし,この先目立った勾配なし,先行列車なし,後続列車なし,1.0,現在速度0.2km/hで制限・CBTC速度70km/hを遵守し、delta_stop1.4mの範囲内でブレーキ中。停止位置も適正で、ノコギリ運転なし。遅延0秒で評価は最高。
31,Train11,次駅への減速フェーズ（駅手前400m以内）,ブレーキ（減速）中,6.0,惰行,15.0,70.0,70.0,0.2,3.3,1.4,2.0,0.0021496513266362717,0.0,0.0,この先制限速度なし,この先目立った勾配なし,先行列車なし,後続列車なし,1.0,ブレーキ中でdelta_stopが1.4mと許容範囲内、速度制限・CBTC遵守、ノコギリ運転なしで停止位置が適切に確保されているため高評価。
32,Train11,次駅への減速フェーズ（駅手前400m以内）,ブレーキ（減速）中,1.0,惰行,3.0,70.0,70.0,0.2,70.0,1.8,2.0,0.0021496513266362717,0.0,0.0,この先制限速度なし,この先目立った勾配なし,先行列車なし,後続列車なし,1.0,ブレーキで適切に停止位置に近づき、速度・信号超過なし、ノコギリ運転も合理的と判断し最高評価とした。
33,Train11,次駅への減速フェーズ（駅手前400m以内）,ブレーキ（減速）中,1.0,惰行,15.0,70.0,70.0,0.2,70.0,1.8,2.0,0.0021496513266362717,0.0,0.0,この先制限速度なし,この先目立った勾配なし,先行列車なし,後続列車なし,1.0,ブレーキ中でdelta_stopが1.8mと5m以内であり、停止位置が適切かつ速度・信号遵守で安全に減速しているため高評価。
34,Train11,次駅への減速フェーズ（駅手前400m以内）,ブレーキ（減速）中,6.0,惰行,3.0,70.0,70.0,0.2,70.0,1.8,2.0,0.0021496513266362717,0.0,0.0,この先制限速度なし,この先目立った勾配なし,先行列車なし,後続列車なし,1.0,ブレーキが適切に掛かり、delta_stopが1.8mで許容範囲内、速度制限・CBTC遵守、ノコギリ運転なしと評価し最高点とした。
35,Train11,次駅への減速フェーズ（駅手前400m以内）,ブレーキ（減速）中,6.0,惰行,15.0,70.0,70.0,0.2,70.0,1.8,2.0,0.0021496513266362717,0.0,0.0,この先制限速度なし,この先目立った勾配なし,先行列車なし,後続列車なし,1.0,ブレーキ中でdelta_stopが1.8mと許容範囲内、速度も制限・信号内で適切に減速しているため高評価。
36,Train11,次駅への減速フェーズ（駅手前400m以内）,ブレーキ（減速）中,1.0,惰行,3.0,70.0,70.0,0.2,70.0,2.2,2.0,0.0021496513266362717,0.0,0.0,この先制限速度なし,この先目立った勾配なし,先行列車なし,後続列車なし,1.0,ブレーキをかけて停止位置に正確に近づき、速度・CBTC信号を遵守し、ノコギリ運転や余分な力行がなく、定時性と省エネ性も満たしているため高評価とした。
37,Train11,次駅への減速フェーズ（駅手前400m以内）,ブレーキ（減速）中,1.0,惰行,15.0,70.0,70.0,0.2,70.0,2.2,2.0,0.0021496513266362717,0.0,0.0,この先制限速度なし,この先目立った勾配なし,先行列車なし,後続列車なし,0.9,ブレーキ中でdelta_stopが2.2m（5m以内）かつ制限速度・CBTC順守、ノコギリ運転なしと判断し高評価とした。
38,Train11,次駅への減速フェーズ（駅手前400m以内）,ブレーキ（減速）中,6.0,惰行,3.0,70.0,70.0,0.2,70.0,2.2,2.0,0.0021496513266362717,0.0,0.0,この先制限速度なし,この先目立った勾配なし,先行列車なし,後続列車なし,1.0,ブレーキが適切に作動し、delta_stopが2.2mで停止位置が許容範囲内、速度超過や信号違反なしで安全かつ省エネと判断し最高評価とした。
39,Train11,次駅への減速フェーズ（駅手前400m以内）,ブレーキ（減速）中,6.0,惰行,15.0,70.0,70.0,0.2,70.0,2.2,2.0,0.0021496513266362717,0.0,0.0,この先制限速度なし,この先目立った勾配なし,先行列車なし,後続列車なし,1.0,ブレーキ中でdelta_stopが2.2mと許容範囲内であり、速度・信号遵守、停止位置も適切なため評価は最高点とした。
40,Train11,次駅への減速フェーズ（駅手前400m以内）,ブレーキ（減速）中,1.0,惰行,3.0,70.0,70.0,0.2,70.0,2.6,2.0,0.0021496513266362717,0.0,0.0,この先制限速度なし,この先目立った勾配なし,先行列車なし,後続列車なし,1.0,ブレーキが適切に掛かり、delta_stopが2.6mで停止位置が許容範囲内、速度・信号遵守、ノコギリ運転なしのため最高評価とした。
41,Train11,次駅への減速フェーズ（駅手前400m以内）,ブレーキ（減速）中,1.0,惰行,15.0,70.0,70.0,0.2,70.0,2.6,2.0,0.0021496513266362717,0.0,0.0,この先制限速度なし,この先目立った勾配なし,先行列車なし,後続列車なし,1.0,ブレーキ中でdelta_stopが2.6m（±5m以内）となり停止位置が適切で、速度・信号違反やノコギリ運転等の問題がないため最高評価とした。
42,Train11,次駅への減速フェーズ（駅手前400m以内）,ブレーキ（減速）中,6.0,惰行,3.0,70.0,70.0,0.2,70.0,2.6,2.0,0.0021496513266362717,0.0,0.0,この先制限速度なし,この先目立った勾配なし,先行列車なし,後続列車なし,1.0,ブレーキで適切に減速し、delta_stopが2.6mで許容範囲内、速度・信号遵守、ノコギリ運転なしのため高評価。
43,Train11,次駅への減速フェーズ（駅手前400m以内）,ブレーキ（減速）中,6.0,惰行,15.0,70.0,70.0,0.2,70.0,2.6,2.0,0.0021496513266362717,0.0,0.0,この先制限速度なし,この先目立った勾配なし,先行列車なし,後続列車なし,0.9,次駅減速フェーズで適切にブレーキをかけ、delta_stopが5m以内で停止位置が確保され、速度・CBTC制限を遵守しているため高評価とした。
44,Train11,次駅への減速フェーズ（駅手前400m以内）,ブレーキ（減速）中,1.0,惰行,3.0,70.0,70.0,0.2,70.0,3.0,2.0,0.0021496513266362717,0.0,0.0,この先制限速度なし,この先目立った勾配なし,先行列車なし,後続列車なし,1.0,停止位置が3m前で適切にブレーキし、速度制限・CBTCを遵守、ノコギリ運転なしで高評価。
45,Train11,次駅への減速フェーズ（駅手前400m以内）,ブレーキ（減速）中,1.0,惰行,15.0,70.0,70.0,0.2,70.0,3.0,2.0,0.0021496513266362717,0.0,0.0,この先制限速度なし,この先目立った勾配なし,先行列車なし,後続列車なし,1.0,現在速度0.2km/hで制限・CBTC速度70km/hを大幅に下回り、ブレーキ保持時間1秒でΔstopが3mと許容範囲内にあり、停止位置へ適切に減速しているため全項目で問題なく最高点とした。
46,Train11,次駅への減速フェーズ（駅手前400m以内）,ブレーキ（減速）中,6.0,惰行,3.0,70.0,70.0,0.2,70.0,3.0,2.0,0.0021496513266362717,0.0,0.0,この先制限速度なし,この先目立った勾配なし,先行列車なし,後続列車なし,1.0,ブレーキ中でdelta_stopが3m（5m以内）かつ信号・速度制限遵守、停止位置適切、ノコギリ運転なしと判断し高評価。
47,Train11,次駅への減速フェーズ（駅手前400m以内）,ブレーキ（減速）中,6.0,惰行,15.0,70.0,70.0,0.2,70.0,3.0,2.0,0.0021496513266362717,0.0,0.0,この先制限速度なし,この先目立った勾配なし,先行列車なし,後続列車なし,1.0,次駅減速フェーズでブレーキ中かつdelta_stopが3mで許容範囲内、速度制限・CBTC遵守、他に問題なしと判断し高評価とした。
48,Train11,次駅への減速フェーズ（駅手前400m以内）,ブレーキ（減速）中,1.0,惰行,3.0,70.0,70.0,0.2,70.0,3.5,2.0,0.0021496513266362717,0.0,0.0,この先制限速度なし,この先目立った勾配なし,先行列車なし,後続列車なし,1.0,ブレーキが適切にかかり、delta_stopが5m以内で停止位置が確保されているため、次駅減速フェーズとして安全かつ定時に適合。
49,Train11,次駅への減速フェーズ（駅手前400m以内）,ブレーキ（減速）中,1.0,惰行,15.0,70.0,70.0,0.2,70.0,3.5,2.0,0.0021496513266362717,0.0,0.0,この先制限速度なし,この先目立った勾配なし,先行列車なし,後続列車なし,1.0,ブレーキ中でdelta_stopが3.5mと5m以内であり、速度・信号遵守、ノコギリ運転なしで停止位置が適切に確保されているため高評価。
50,Train11,次駅への減速フェーズ（駅手前400m以内）,ブレーキ（減速）中,6.0,惰行,3.0,70.0,70.0,0.2,70.0,3.5,2.0,0.0021496513266362717,0.0,0.0,この先制限速度なし,この先目立った勾配なし,先行列車なし,後続列車なし,1.0,ブレーキ中でdelta_stopが3.5mと許容範囲内、速度も制限内で安全に停止できるため高評価。
51,Train11,次駅への減速フェーズ（駅手前400m以内）,ブレーキ（減速）中,6.0,惰行,15.0,70.0,70.0,0.2,70.0,3.5,2.0,0.0021496513266362717,0.0,0.0,この先制限速度なし,この先目立った勾配なし,先行列車なし,後続列車なし,1.0,ブレーキ中でΔstopが3.5m（±5m以内）かつ速度・信号遵守、ノコギリ運転なしで定時遅延0秒のため高評価。
52,Train11,次駅への減速フェーズ（駅手前400m以内）,ブレーキ（減速）中,1.0,惰行,3.0,70.0,70.0,0.3,0.3,0.1,2.0,0.004836609914929556,0.0,0.0,この先制限速度なし,この先目立った勾配なし,先行列車なし,後続列車なし,1.0,ブレーキで適切に停止位置に到達し、速度・信号・制限を遵守、ノコギリ運転なしで定時・省エネに優れた操作と判断した。
53,Train11,次駅への減速フェーズ（駅手前400m以内）,ブレーキ（減速）中,1.0,惰行,15.0,70.0,70.0,0.3,0.3,0.1,2.0,0.004836609914929556,0.0,0.0,この先制限速度なし,この先目立った勾配なし,先行列車なし,後続列車なし,1.0,ブレーキが適切に作動し、delta_stopが0.10mで停止位置が確実に達成でき、他項目に安全・速度違反はなく評価は最高とした。
54,Train11,次駅への減速フェーズ（駅手前400m以内）,ブレーキ（減速）中,6.0,惰行,3.0,70.0,70.0,0.3,0.3,0.1,2.0,0.004836609914929556,0.0,0.0,この先制限速度なし,この先目立った勾配なし,先行列車なし,後続列車なし,1.0,ブレーキで適切に減速し、delta_stopが0.10mで5m以内の高評価範囲に収まり、他項目に問題なし。
55,Train11,次駅への減速フェーズ（駅手前400m以内）,ブレーキ（減速）中,6.0,惰行,15.0,70.0,70.0,0.3,0.3,0.1,2.0,0.004836609914929556,0.0,0.0,この先制限速度なし,この先目立った勾配なし,先行列車なし,後続列車なし,1.0,次駅減速フェーズでブレーキが適切に作動し、delta_stopが0.10mで停止位置誤差が±5m以内、速度・信号遵守、ノコギリ運転なしのため最高評価とした。
56,Train11,次駅への減速フェーズ（駅手前400m以内）,ブレーキ（減速）中,1.0,惰行,3.0,70.0,70.0,0.3,0.3,0.2,2.0,0.004836609914929556,0.0,0.0,この先制限速度なし,この先目立った勾配なし,先行列車なし,後続列車なし,1.0,ブレーキが適切に行われ、delta_stopが0.20mで許容範囲内、速度・信号・制限を遵守し、ノコギリ運転は合理的理由あり。
57,Train11,次駅への減速フェーズ（駅手前400m以内）,ブレーキ（減速）中,1.0,惰行,15.0,70.0,70.0,0.3,0.3,0.2,2.0,0.004836609914929556,0.0,0.0,この先制限速度なし,この先目立った勾配なし,先行列車なし,後続列車なし,1.0,ブレーキで適切に減速し、delta_stopが0.20mで信号速度内、ノコギリ運転なし、エネルギー無駄なしと評価し最高点とした。
58,Train11,次駅への減速フェーズ（駅手前400m以内）,ブレーキ（減速）中,6.0,惰行,3.0,70.0,70.0,0.3,0.3,0.2,2.0,0.004836609914929556,0.0,0.0,この先制限速度なし,この先目立った勾配なし,先行列車なし,後続列車なし,1.0,次駅減速フェーズでブレーキが適切に掛かり、delta_stopが0.20mで停止位置が確保され、速度・信号超過なしでノコギリ運転と判定されず、評価は最高とした。
59,Train11,次駅への減速フェーズ（駅手前400m以内）,ブレーキ（減速）中,6.0,惰行,15.0,70.0,70.0,0.3,0.3,0.2,2.0,0.004836609914929556,0.0,0.0,この先制限速度なし,この先目立った勾配なし,先行列車なし,後続列車なし,1.0,ブレーキが適切に掛かりdelta_stopが0.20mで停止位置が確保され、速度・信号・遅延すべて問題なく最高評価とした。
60,Train11,次駅への減速フェーズ（駅手前400m以内）,ブレーキ（減速）中,1.0,惰行,3.0,70.0,70.0,0.3,0.3,0.35,2.0,0.004836609914929556,0.0,0.0,この先制限速度なし,この先目立った勾配なし,先行列車なし,後続列車なし,1.0,次駅減速フェーズでブレーキが適切に作動し、停止位置もΔstop0.35mで許容範囲内、ノコギリ運転は合理的な停止調整のため除外され高評価。
61,Train11,次駅への減速フェーズ（駅手前400m以内）,ブレーキ（減速）中,1.0,惰行,15.0,70.0,70.0,0.3,0.3,0.35,2.0,0.004836609914929556,0.0,0.0,この先制限速度なし,この先目立った勾配なし,先行列車なし,後続列車なし,1.0,ブレーキ中でdelta_stopが0.35m（5m以内）かつ速度・信号・制限をすべて遵守しているため高評価とした。
62,Train11,次駅への減速フェーズ（駅手前400m以内）,ブレーキ（減速）中,6.0,惰行,3.0,70.0,70.0,0.3,0.3,0.35,2.0,0.004836609914929556,0.0,0.0,この先制限速度なし,この先目立った勾配なし,先行列車なし,後続列車なし,1.0,ブレーキで適切に減速し、delta_stopが0.35mで停止位置も正確、速度制限・CBTC遵守、無駄な力行なしで評価が高く1.0とした。
63,Train11,次駅への減速フェーズ（駅手前400m以内）,ブレーキ（減速）中,6.0,惰行,15.0,70.0,70.0,0.3,0.3,0.35,2.0,0.004836609914929556,0.0,0.0,この先制限速度なし,この先目立った勾配なし,先行列車なし,後続列車なし,1.0,ブレーキが適切に掛かりdelta_stopが5m以内で停止位置が確保でき、速度・信号遵守・ノコギリ運転なしで定時到着が可能なため高評価。
64,Train11,次駅への減速フェーズ（駅手前400m以内）,ブレーキ（減速）中,1.0,惰行,3.0,70.0,70.0,0.3,0.3,0.5,2.0,0.004836609914929556,0.0,0.0,この先制限速度なし,この先目立った勾配なし,先行列車なし,後続列車なし,1.0,次駅減速フェーズで適切にブレーキをかけ、delta_stopが0.5mで停止位置が良好、速度・信号遵守、不要な力行なしで評価が高い。
65,Train11,次駅への減速フェーズ（駅手前400m以内）,ブレーキ（減速）中,1.0,惰行,15.0,70.0,70.0,0.3,0.3,0.5,2.0,0.004836609914929556,0.0,0.0,この先制限速度なし,この先目立った勾配なし,先行列車なし,後続列車なし,0.9,次駅減速フェーズでブレーキが適切に作動し、delta_stopが0.5mで停止位置が許容範囲内のため高評価とした。
66,Train11,次駅への減速フェーズ（駅手前400m以内）,ブレーキ（減速）中,6.0,惰行,3.0,70.0,70.0,0.3,0.3,0.5,2.0,0.004836609914929556,0.0,0.0,この先制限速度なし,この先目立った勾配なし,先行列車なし,後続列車なし,1.0,次駅減速フェーズでブレーキが適切に作動し、delta_stopが0.5mで停止位置が確保されているため評価は最高とした。
67,Train11,次駅への減速フェーズ（駅手前400m以内）,ブレーキ（減速）中,6.0,惰行,15.0,70.0,70.0,0.3,0.3,0.5,2.0,0.004836609914929556,0.0,0.0,この先制限速度なし,この先目立った勾配なし,先行列車なし,後続列車なし,1.0,ブレーキで減速し、delta_stopが0.5mと許容範囲内で停止位置が適切、速度・信号超過なし、ノコギリ運転なしのため最高評価とした。
68,Train11,次駅への減速フェーズ（駅手前400m以内）,ブレーキ（減速）中,1.0,惰行,3.0,70.0,70.0,0.3,1.1,0.7,2.0,0.004836609914929556,0.0,0.0,この先制限速度なし,この先目立った勾配なし,先行列車なし,後続列車なし,1.0,ブレーキは駅手前0.7mで適切に行われ、delta_stopが0.7mで許容範囲内のため評価は高くなる。
69,Train11,次駅への減速フェーズ（駅手前400m以内）,ブレーキ（減速）中,1.0,惰行,15.0,70.0,70.0,0.3,1.1,0.7,2.0,0.004836609914929556,0.0,0.0,この先制限速度なし,この先目立った勾配なし,先行列車なし,後続列車なし,1.0,ブレーキが適切に掛かり停止位置誤差0.7mで高評価、速度制限・CBTC遵守、ノコギリ運転なしのため最高評価とした。
70,Train11,次駅への減速フェーズ（駅手前400m以内）,ブレーキ（減速）中,6.0,惰行,3.0,70.0,70.0,0.3,1.1,0.7,2.0,0.004836609914929556,0.0,0.0,この先制限速度なし,この先目立った勾配なし,先行列車なし,後続列車なし,1.0,次駅減速フェーズで適切にブレーキを保持し、速度・CBTC制限を遵守、停止位置も誤差0.7mで適正であり、ノコギリ運転に該当しないため最高評価とした。
71,Train11,次駅への減速フェーズ（駅手前400m以内）,ブレーキ（減速）中,6.0,惰行,15.0,70.0,70.0,0.3,1.1,0.7,2.0,0.004836609914929556,0.0,0.0,この先制限速度なし,この先目立った勾配なし,先行列車なし,後続列車なし,1.0,減速フェーズでブレーキが適切に掛かり、delta_stopが0.7mで停止位置が正確、速度・信号遵守の問題なし。
72,Train11,次駅への減速フェーズ（駅手前400m以内）,ブレーキ（減速）中,1.0,惰行,3.0,70.0,70.0,0.3,2.6,0.9,2.0,0.004836609914929556,0.0,0.0,この先制限速度なし,この先目立った勾配なし,先行列車なし,後続列車なし,1.0,ブレーキで停止位置0.9 m手前にあり、速度・CBTC制限を遵守し、減速フェーズに適切な操作であるため評価は最高の1.0とした。
73,Train11,次駅への減速フェーズ（駅手前400m以内）,ブレーキ（減速）中,1.0,惰行,15.0,70.0,70.0,0.3,2.6,0.9,2.0,0.004836609914929556,0.0,0.0,この先制限速度なし,この先目立った勾配なし,先行列車なし,後続列車なし,1.0,減速フェーズでブレーキが適切に作動し、delta_stopが0.9mで停止位置が許容範囲内、速度・信号遵守、ノコギリ運転なしのため最高評価とした。
74,Train11,次駅への減速フェーズ（駅手前400m以内）,ブレーキ（減速）中,6.0,惰行,3.0,70.0,70.0,0.3,2.6,0.9,2.0,0.004836609914929556,0.0,0.0,この先制限速度なし,この先目立った勾配なし,先行列車なし,後続列車なし,1.0,制限速度・CBTC遵守、Δstop=0.9mで停止位置適切、減速フェーズのブレーキは正当でノコギリ運転なし、遅延0秒のため評価は最高。
75,Train11,次駅への減速フェーズ（駅手前400m以内）,ブレーキ（減速）中,6.0,惰行,15.0,70.0,70.0,0.3,2.6,0.9,2.0,0.004836609914929556,0.0,0.0,この先制限速度なし,この先目立った勾配なし,先行列車なし,後続列車なし,1.0,ブレーキ中でdelta_stopが0.9mと5m以内であり、速度も制限内で安全に停止できるため高評価としreward=1.0とした。
76,Train11,次駅への減速フェーズ（駅手前400m以内）,ブレーキ（減速）中,1.0,惰行,3.0,70.0,70.0,0.3,2.6,1.1,2.0,0.004836609914929556,0.0,0.0,この先制限速度なし,この先目立った勾配なし,先行列車なし,後続列車なし,1.0,ブレーキで適切に減速し、delta_stopが1.1mで停止位置が許容範囲内、速度・信号遵守、ノコギリ運転なしと評価し最高点とした。
77,Train11,次駅への減速フェーズ（駅手前400m以内）,ブレーキ（減速）中,1.0,惰行,15.0,70.0,70.0,0.3,2.6,1.1,2.0,0.004836609914929556,0.0,0.0,この先制限速度なし,この先目立った勾配なし,先行列車なし,後続列車なし,1.0,ブレーキが適切にかかり、delta_stopが1.1mで停止位置が許容範囲内、速度制限・CBTC遵守、ノコギリ運転なしで安全かつ定時に停止できるため高評価。
78,Train11,次駅への減速フェーズ（駅手前400m以内）,ブレーキ（減速）中,6.0,惰行,3.0,70.0,70.0,0.3,2.6,1.1,2.0,0.004836609914929556,0.0,0.0,この先制限速度なし,この先目立った勾配なし,先行列車なし,後続列車なし,1.0,ブレーキが適切に掛かりdelta_stopが1.1mで停止位置誤差≤5m、速度制限・CBTC遵守、ノコギリ運転なしのため高評価とした。
79,Train11,次駅への減速フェーズ（駅手前400m以内）,ブレーキ（減速）中,6.0,惰行,15.0,70.0,70.0,0.3,2.6,1.1,2.0,0.004836609914929556,0.0,0.0,この先制限速度なし,この先目立った勾配なし,先行列車なし,後続列車なし,1.0,次駅減速フェーズでブレーキ中、delta_stopが1.1mで許容範囲内、速度制限・CBTC遵守、ノコギリ運転なしのため高評価。
80,Train11,次駅への減速フェーズ（駅手前400m以内）,ブレーキ（減速）中,1.0,惰行,3.0,70.0,70.0,0.3,3.4,1.4,2.0,0.004836609914929556,0.0,0.0,この先制限速度なし,この先目立った勾配なし,先行列車なし,後続列車なし,1.0,ブレーキが適切に作動しdelta_stopが1.4mで停止位置が確保され、速度超過やノコギリ運転はなく安全かつ定時に停車できるため高評価とした。
81,Train11,次駅への減速フェーズ（駅手前400m以内）,ブレーキ（減速）中,1.0,惰行,15.0,70.0,70.0,0.3,3.4,1.4,2.0,0.004836609914929556,0.0,0.0,この先制限速度なし,この先目立った勾配なし,先行列車なし,後続列車なし,0.9,ブレーキで適切に減速し、delta_stopが1.4mで5m以内の高評価範囲に入り、速度・信号・制限速度すべて遵守し、他に違反がないため高評価とした。
82,Train11,次駅への減速フェーズ（駅手前400m以内）,ブレーキ（減速）中,6.0,惰行,3.0,70.0,70.0,0.3,3.4,1.4,2.0,0.004836609914929556,0.0,0.0,この先制限速度なし,この先目立った勾配なし,先行列車なし,後続列車なし,1.0,制限速度・CBTCを遵守し、ブレーキで停止位置が1.4m前にあり適切な減速と判断し、評価は最高点とした。
83,Train11,次駅への減速フェーズ（駅手前400m以内）,ブレーキ（減速）中,6.0,惰行,15.0,70.0,70.0,0.3,3.4,1.4,2.0,0.004836609914929556,0.0,0.0,この先制限速度なし,この先目立った勾配なし,先行列車なし,後続列車なし,1.0,ブレーキが適切に掛かりdelta_stopが1.4mで許容範囲内、速度・信号遵守、ノコギリ運転なし、遅延0秒で最高評価とする。
84,Train11,次駅への減速フェーズ（駅手前400m以内）,ブレーキ（減速）中,1.0,惰行,3.0,70.0,70.0,0.3,70.0,1.8,2.0,0.004836609914929556,0.0,0.0,この先制限速度なし,この先目立った勾配なし,先行列車なし,後続列車なし,1.0,次駅減速フェーズでブレーキを適切に使用し、delta_stopが1.8mで停止位置が許容範囲内のため評価は最高とした。
85,Train11,次駅への減速フェーズ（駅手前400m以内）,ブレーキ（減速）中,1.0,惰行,15.0,70.0,70.0,0.3,70.0,1.8,2.0,0.004836609914929556,0.0,0.0,この先制限速度なし,この先目立った勾配なし,先行列車なし,後続列車なし,1.0,ブレーキ中でdelta_stopが1.8mと許容範囲内、速度制限・CBTCを遵守し、ノコギリ運転もなく適切な減速と判断したため高評価。
86,Train11,次駅への減速フェーズ（駅手前400m以内）,ブレーキ（減速）中,6.0,惰行,3.0,70.0,70.0,0.3,70.0,1.8,2.0,0.004836609914929556,0.0,0.0,この先制限速度なし,この先目立った勾配なし,先行列車なし,後続列車なし,0.3,ノコギリ運転と判定され、prev_notch_durationが3秒のためreward上限は0.3点となる。
87,Train11,次駅への減速フェーズ（駅手前400m以内）,ブレーキ（減速）中,6.0,惰行,15.0,70.0,70.0,0.3,70.0,1.8,2.0,0.004836609914929556,0.0,0.0,この先制限速度なし,この先目立った勾配なし,先行列車なし,後続列車なし,1.0,ブレーキが適切に掛かり、delta_stopが1.8mで停止位置が確保されているため、速度制限・CBTC遵守も問題なく、評価は最高の1.0とした。
88,Train11,次駅への減速フェーズ（駅手前400m以内）,ブレーキ（減速）中,1.0,惰行,3.0,70.0,70.0,0.3,70.0,2.2,2.0,0.004836609914929556,0.0,0.0,この先制限速度なし,この先目立った勾配なし,先行列車なし,後続列車なし,1.0,ブレーキが適切に掛かり、delta_stopが2.2mで許容範囲内かつ安全基準をすべて満たすため最高評価とした。
89,Train11,次駅への減速フェーズ（駅手前400m以内）,ブレーキ（減速）中,1.0,惰行,15.0,70.0,70.0,0.3,70.0,2.2,2.0,0.004836609914929556,0.0,0.0,この先制限速度なし,この先目立った勾配なし,先行列車なし,後続列車なし,1.0,ブレーキ中でdelta_stopが2.2mと許容範囲内であり、速度制限・CBTC遵守、ノコギリ運転なしと評価し高評価とした。
90,Train11,次駅への減速フェーズ（駅手前400m以内）,ブレーキ（減速）中,6.0,惰行,3.0,70.0,70.0,0.3,70.0,2.2,2.0,0.004836609914929556,0.0,0.0,この先制限速度なし,この先目立った勾配なし,先行列車なし,後続列車なし,0.9,ブレーキ中でdelta_stopが2.2m（5m以内）となり停止位置が適切、速度制限・CBTC遵守、ノコギリ運転なしと判断し0.9とした。
91,Train11,次駅への減速フェーズ（駅手前400m以内）,ブレーキ（減速）中,6.0,惰行,15.0,70.0,70.0,0.3,70.0,2.2,2.0,0.004836609914929556,0.0,0.0,この先制限速度なし,この先目立った勾配なし,先行列車なし,後続列車なし,1.0,ブレーキ中にdelta_stopが2.2mで5m以内であり、信号速度・制限速度を遵守し、ノコギリ運転もなく、適切に駅停車できるため高評価とした。
92,Train11,次駅への減速フェーズ（駅手前400m以内）,ブレーキ（減速）中,1.0,惰行,3.0,70.0,70.0,0.3,70.0,2.6,2.0,0.004836609914929556,0.0,0.0,この先制限速度なし,この先目立った勾配なし,先行列車なし,後続列車なし,0.3,次駅減速フェーズでブレーキは適切だが、惰行からブレーキへの短時間切替が合理的理由なくノコギリ運転と判定され、prev_notch_durationが3秒のためreward上限は0.3となる。
93,Train11,次駅への減速フェーズ（駅手前400m以内）,ブレーキ（減速）中,1.0,惰行,15.0,70.0,70.0,0.3,70.0,2.6,2.0,0.004836609914929556,0.0,0.0,この先制限速度なし,この先目立った勾配なし,先行列車なし,後続列車なし,1.0,ブレーキが適切にかかっておりΔstopが2.6mで|Δstop|≤5mの高評価範囲に入り、速度・信号遵守も問題ないためrewardは1.0とした。
94,Train11,次駅への減速フェーズ（駅手前400m以内）,ブレーキ（減速）中,6.0,惰行,3.0,70.0,70.0,0.3,70.0,2.6,2.0,0.004836609914929556,0.0,0.0,この先制限速度なし,この先目立った勾配なし,先行列車なし,後続列車なし,1.0,ブレーキが適切に掛かり、delta_stopが5m以内で停止位置が正確なため、全項目で安全・正確に運転されている。
95,Train11,次駅への減速フェーズ（駅手前400m以内）,ブレーキ（減速）中,6.0,惰行,15.0,70.0,70.0,0.3,70.0,2.6,2.0,0.004836609914929556,0.0,0.0,この先制限速度なし,この先目立った勾配なし,先行列車なし,後続列車なし,0.9,ブレーキが適切にかかりdelta_stopが2.6mで許容範囲内、速度制限・CBTC遵守、ノコギリ運転なしのため高評価とした。
96,Train11,次駅への減速フェーズ（駅手前400m以内）,ブレーキ（減速）中,1.0,惰行,3.0,70.0,70.0,0.3,70.0,3.0,2.0,0.004836609914929556,0.0,0.0,この先制限速度なし,この先目立った勾配なし,先行列車なし,後続列車なし,1.0,次駅減速フェーズで適切にブレーキをかけており、速度超過やノコギリ運転はなく、停止位置も確保できるため高評価。
97,Train11,次駅への減速フェーズ（駅手前400m以内）,ブレーキ（減速）中,1.0,惰行,15.0,70.0,70.0,0.3,70.0,3.0,2.0,0.004836609914929556,0.0,0.0,この先制限速度なし,この先目立った勾配なし,先行列車なし,後続列車なし,1.0,ブレーキ中でdelta_stopが3m（±5m以内）かつ速度・CBTC制限を遵守、ノコギリ運転なしで適切な減速と判断し高評価とした。
98,Train11,次駅への減速フェーズ（駅手前400m以内）,ブレーキ（減速）中,6.0,惰行,3.0,70.0,70.0,0.3,70.0,3.0,2.0,0.004836609914929556,0.0,0.0,この先制限速度なし,この先目立った勾配なし,先行列車なし,後続列車なし,1.0,ブレーキが適切に掛かりdelta_stopが3mで許容範囲内のため、全項目で問題なく評価し1.0とした。
99,Train11,次駅への減速フェーズ（駅手前400m以内）,ブレーキ（減速）中,6.0,惰行,15.0,70.0,70.0,0.3,70.0,3.0,2.0,0.004836609914929556,0.0,0.0,この先制限速度なし,この先目立った勾配なし,先行列車なし,後続列車なし,0.9,ブレーキ中でdelta_stopが3mと許容範囲内、速度制限・CBTC遵守、ノコギリ運転なしで適切な減速と停止が確認できたため高評価。
100,Train11,次駅への減速フェーズ（駅手前400m以内）,ブレーキ（減速）中,1.0,惰行,3.0,70.0,70.0,0.3,70.0,3.5,2.0,0.004836609914929556,0.0,0.0,この先制限速度なし,この先目立った勾配なし,先行列車なし,後続列車なし,0.9,次駅減速フェーズでブレーキ中かつdelta_stopが3.5mで許容範囲内、速度制限・CBTC遵守、ノコギリ運転なしと評価し高評価とした。
101,Train11,次駅への減速フェーズ（駅手前400m以内）,ブレーキ（減速）中,1.0,惰行,15.0,70.0,70.0,0.3,70.0,3.5,2.0,0.004836609914929556,0.0,0.0,この先制限速度なし,この先目立った勾配なし,先行列車なし,後続列車なし,1.0,ブレーキで適切に減速し、delta_stopが3.5mで許容範囲内。速度・信号・間隔違反なしで評価は最高です。
102,Train11,次駅への減速フェーズ（駅手前400m以内）,ブレーキ（減速）中,6.0,惰行,3.0,70.0,70.0,0.3,70.0,3.5,2.0,0.004836609914929556,0.0,0.0,この先制限速度なし,この先目立った勾配なし,先行列車なし,後続列車なし,1.0,次駅減速フェーズでブレーキ中、delta_stopが3.5mで停止位置が許容範囲内、速度制限・CBTC遵守、ノコギリ運転は合理的理由ありで安全かつ定時に停止できるため高評価。
103,Train11,次駅への減速フェーズ（駅手前400m以内）,ブレーキ（減速）中,6.0,惰行,15.0,70.0,70.0,0.3,70.0,3.5,2.0,0.004836609914929556,0.0,0.0,この先制限速度なし,この先目立った勾配なし,先行列車なし,後続列車なし,0.9,ブレーキ中でdelta_stopが3.5mと5m以内であり、制限速度・CBTC遵守、停止位置も適切なため高評価とした。
104,Train11,次駅への減速フェーズ（駅手前400m以内）,ブレーキ（減速）中,1.0,惰行,3.0,70.0,70.0,0.4,0.4,0.1,2.0,0.008598215085778443,0.0,0.0,この先制限速度なし,この先目立った勾配なし,先行列車なし,後続列車なし,1.0,ブレーキが適切に作動し、delta_stopが0.09mで停止位置誤差が5m以内、速度制限・CBTC遵守、ノコギリ運転なしと評価し高評価とした。
105,Train11,次駅への減速フェーズ（駅手前400m以内）,ブレーキ（減速）中,1.0,惰行,15.0,70.0,70.0,0.4,0.4,0.1,2.0,0.008598215085778443,0.0,0.0,この先制限速度なし,この先目立った勾配なし,先行列車なし,後続列車なし,1.0,ブレーキが適切に掛かりdelta_stopが0.09mと許容範囲内で、速度・信号・制限を遵守し、無駄な力行が無いため高評価とする。
106,Train11,次駅への減速フェーズ（駅手前400m以内）,ブレーキ（減速）中,6.0,惰行,3.0,70.0,70.0,0.4,0.4,0.1,2.0,0.008598215085778443,0.0,0.0,この先制限速度なし,この先目立った勾配なし,先行列車なし,後続列車なし,1.0,ブレーキで適切に減速し、delta_stopが0.09mと許容範囲内で安全に停車。速度制限・CBTC遵守、ノコギリ運転なし、定時性・省エネ性も問題なし。
107,Train11,次駅への減速フェーズ（駅手前400m以内）,ブレーキ（減速）中,6.0,惰行,15.0,70.0,70.0,0.4,0.4,0.1,2.0,0.008598215085778443,0.0,0.0,この先制限速度なし,この先目立った勾配なし,先行列車なし,後続列車なし,1.0,ブレーキが適切に作動し、delta_stopが0.09mで停止位置が正確、速度制限・CBTC遵守、ノコギリ運転なしのため高評価。
108,Train11,次駅への減速フェーズ（駅手前400m以内）,ブレーキ（減速）中,1.0,惰行,3.0,70.0,70.0,0.4,0.4,0.2,2.0,0.008598215085778443,0.0,0.0,この先制限速度なし,この先目立った勾配なし,先行列車なし,後続列車なし,1.0,ブレーキが適切に作動し、delta_stopが0.19mで停止位置が正確、速度制限・CBTC遵守、ノコギリ運転なしと評価し最高点とした。
109,Train11,次駅への減速フェーズ（駅手前400m以内）,ブレーキ（減速）中,1.0,惰行,15.0,70.0,70.0,0.4,0.4,0.2,2.0,0.008598215085778443,0.0,0.0,この先制限速度なし,この先目立った勾配なし,先行列車なし,後続列車なし,1.0,次駅減速フェーズで適切にブレーキをかけ、delta_stopが0.19mで停止位置が正確なため評価は高く、違反はなくrewardは1.0。
110,Train11,次駅への減速フェーズ（駅手前400m以内）,ブレーキ（減速）中,6.0,惰行,3.0,70.0,70.0,0.4,0.4,0.2,2.0,0.008598215085778443,0.0,0.0,この先制限速度なし,この先目立った勾配なし,先行列車なし,後続列車なし,1.0,ブレーキが適切に作動しdelta_stopが0.19mで停止位置誤差が5m以内、速度・信号遵守、無駄な加速なしのため最高評価とした。
111,Train11,次駅への減速フェーズ（駅手前400m以内）,ブレーキ（減速）中,6.0,惰行,15.0,70.0,70.0,0.4,0.4,0.2,2.0,0.008598215085778443,0.0,0.0,この先制限速度なし,この先目立った勾配なし,先行列車なし,後続列車なし,1.0,ブレーキが適切に作動し、delta_stopが0.19mで停止位置が正確なため高評価とした。
112,Train11,次駅への減速フェーズ（駅手前400m以内）,ブレーキ（減速）中,1.0,惰行,3.0,70.0,70.0,0.4,0.4,0.35,2.0,0.008598215085778443,0.0,0.0,この先制限速度なし,この先目立った勾配なし,先行列車なし,後続列車なし,1.0,次駅減速フェーズでブレーキが適切に掛かり、delta_stopが0.34mで許容範囲内、速度・信号遵守、ノコギリ運転なしと評価し最高点とした。
113,Train11,次駅への減速フェーズ（駅手前400m以内）,ブレーキ（減速）中,1.0,惰行,15.0,70.0,70.0,0.4,0.4,0.35,2.0,0.008598215085778443,0.0,0.0,この先制限速度なし,この先目立った勾配なし,先行列車なし,後続列車なし,1.0,ブレーキが適切に掛かり、delta_stopが0.34mで停止位置が確実に達成できるため高評価とし、0.1刻みで最高点を付与。
114,Train11,次駅への減速フェーズ（駅手前400m以内）,ブレーキ（減速）中,6.0,惰行,3.0,70.0,70.0,0.4,0.4,0.35,2.0,0.008598215085778443,0.0,0.0,この先制限速度なし,この先目立った勾配なし,先行列車なし,後続列車なし,1.0,速度・信号・停止距離すべてが許容範囲内で、適切にブレーキしているため最高評価とした。
115,Train11,次駅への減速フェーズ（駅手前400m以内）,ブレーキ（減速）中,6.0,惰行,15.0,70.0,70.0,0.4,0.4,0.35,2.0,0.008598215085778443,0.0,0.0,この先制限速度なし,この先目立った勾配なし,先行列車なし,後続列車なし,1.0,ブレーキが適切に掛かりdelta_stopが0.34mで停止位置が確保され、速度も制限内であり、ノコギリ運転や無駄な加速は無いため高評価とした。
116,Train11,次駅への減速フェーズ（駅手前400m以内）,ブレーキ（減速）中,1.0,惰行,3.0,70.0,70.0,0.4,0.4,0.5,2.0,0.008598215085778443,0.0,0.0,この先制限速度なし,この先目立った勾配なし,先行列車なし,後続列車なし,1.0,ブレーキが適切に作動しdelta_stopが0.49mで停止位置が正確、即時ゼロ違反なし、ノコギリ運転は低速停止調整の合理的切替と判断し高評価とした。
117,Train11,次駅への減速フェーズ（駅手前400m以内）,ブレーキ（減速）中,1.0,惰行,15.0,70.0,70.0,0.4,0.4,0.5,2.0,0.008598215085778443,0.0,0.0,この先制限速度なし,この先目立った勾配なし,先行列車なし,後続列車なし,1.0,ブレーキが適切に掛かり、delta_stopが0.49mで停止位置誤差が5m以内、速度制限・CBTC遵守、ノコギリ運転なしと評価し最高点とした。
118,Train11,次駅への減速フェーズ（駅手前400m以内）,ブレーキ（減速）中,6.0,惰行,3.0,70.0,70.0,0.4,0.4,0.5,2.0,0.008598215085778443,0.0,0.0,この先制限速度なし,この先目立った勾配なし,先行列車なし,後続列車なし,0.9,ブレーキ中でdelta_stopが0.49mと許容範囲内、速度・信号を遵守し不要な加速がなく停止位置が適切なため高評価とした。
119,Train11,次駅への減速フェーズ（駅手前400m以内）,ブレーキ（減速）中,6.0,惰行,15.0,70.0,70.0,0.4,0.4,0.5,2.0,0.008598215085778443,0.0,0.0,この先制限速度なし,この先目立った勾配なし,先行列車なし,後続列車なし,1.0,次駅減速フェーズで適切にブレーキをかけ、delta_stopが0.49mで誤差≤5mの高評価範囲に入り、他項目に違反なし。
120,Train11,次駅への減速フェーズ（駅手前400m以内）,ブレーキ（減速）中,1.0,惰行,3.0,70.0,70.0,0.4,1.2,0.7,2.0,0.008598215085778443,0.0,0.0,この先制限速度なし,この先目立った勾配なし,先行列車なし,後続列車なし,1.0,ブレーキが適切に作動し、delta_stopが0.69mで停止位置が許容範囲内、速度・信号遵守、ノコギリ運転なしと評価し最高点とした。
121,Train11,次駅への減速フェーズ（駅手前400m以内）,ブレーキ（減速）中,1.0,惰行,15.0,70.0,70.0,0.4,1.2,0.7,2.0,0.008598215085778443,0.0,0.0,この先制限速度なし,この先目立った勾配なし,先行列車なし,後続列車なし,1.0,現在速度は制限・信号速度以下で、delta_stopは0.69mと適切にブレーキを開始しており、余分な力行もなく省エネで安全に停止できるため高評価とした。
122,Train11,次駅への減速フェーズ（駅手前400m以内）,ブレーキ（減速）中,6.0,惰行,3.0,70.0,70.0,0.4,1.2,0.7,2.0,0.008598215085778443,0.0,0.0,この先制限速度なし,この先目立った勾配なし,先行列車なし,後続列車なし,0.9,ブレーキが適切に作動しdelta_stopが0.69mで5m以内、速度・CBTC遵守かつノコギリ運転なしのため高評価。
123,Train11,次駅への減速フェーズ（駅手前400m以内）,ブレーキ（減速）中,6.0,惰行,15.0,70.0,70.0,0.4,1.2,0.7,2.0,0.008598215085778443,0.0,0.0,この先制限速度なし,この先目立った勾配なし,先行列車なし,後続列車なし,1.0,ブレーキが適切に作動しdelta_stopが0.69mで停止位置が正確、速度・CBTC違反なし、遅延0秒で定時性も確保。
124,Train11,次駅への減速フェーズ（駅手前400m以内）,ブレーキ（減速）中,1.0,惰行,3.0,70.0,70.0,0.4,2.0,0.9,2.0,0.008598215085778443,0.0,0.0,この先制限速度なし,この先目立った勾配なし,先行列車なし,後続列車なし,1.0,ブレーキで適切に減速し、delta_stopが0.89mで停止位置が許容範囲内、他に違反なし。
125,Train11,次駅への減速フェーズ（駅手前400m以内）,ブレーキ（減速）中,1.0,惰行,15.0,70.0,70.0,0.4,2.0,0.9,2.0,0.008598215085778443,0.0,0.0,この先制限速度なし,この先目立った勾配なし,先行列車なし,後続列車なし,1.0,ブレーキが適切にかかっておりdelta_stopが0.89mで5m以内の高評価範囲に入るため、評価は最高点とした。
126,Train11,次駅への減速フェーズ（駅手前400m以内）,ブレーキ（減速）中,6.0,惰行,3.0,70.0,70.0,0.4,2.0,0.9,2.0,0.008598215085778443,0.0,0.0,この先制限速度なし,この先目立った勾配なし,先行列車なし,後続列車なし,1.0,ブレーキが適切に行われ、delta_stopが0.89mで停止位置誤差≤5m、速度・CBTC遵守、ノコギリ運転なしのため最高評価とした。
127,Train11,次駅への減速フェーズ（駅手前400m以内）,ブレーキ（減速）中,6.0,惰行,15.0,70.0,70.0,0.4,2.0,0.9,2.0,0.008598215085778443,0.0,0.0,この先制限速度なし,この先目立った勾配なし,先行列車なし,後続列車なし,1.0,制限速度・CBTC遵守、ブレーキで停止位置誤差0.89m以内と適切、ノコギリ運転なし、遅延0秒で評価し最高点とした。
128,Train11,次駅への減速フェーズ（駅手前400m以内）,ブレーキ（減速）中,1.0,惰行,3.0,70.0,70.0,0.4,2.7,1.1,2.0,0.008598215085778443,0.0,0.0,この先制限速度なし,この先目立った勾配なし,先行列車なし,後続列車なし,1.0,ブレーキで適切に減速し、delta_stopが1.09mで許容範囲内のため停止位置も良好で、ノコギリ運転や余分な力行はなく安全かつ省エネと判断した。
129,Train11,次駅への減速フェーズ（駅手前400m以内）,ブレーキ（減速）中,1.0,惰行,15.0,70.0,70.0,0.4,2.7,1.1,2.0,0.008598215085778443,0.0,0.0,この先制限速度なし,この先目立った勾配なし,先行列車なし,後続列車なし,1.0,ブレーキで適切に減速し、delta_stopが1.09mで停止位置も許容範囲内、他に違反なしと評価し高評価とした。
130,Train11,次駅への減速フェーズ（駅手前400m以内）,ブレーキ（減速）中,6.0,惰行,3.0,70.0,70.0,0.4,2.7,1.1,2.0,0.008598215085778443,0.0,0.0,この先制限速度なし,この先目立った勾配なし,先行列車なし,後続列車なし,1.0,次駅減速フェーズでブレーキが適切に作動し、delta_stopが1.09mで停止位置も良好なため評価は最高とした。
131,Train11,次駅への減速フェーズ（駅手前400m以内）,ブレーキ（減速）中,6.0,惰行,15.0,70.0,70.0,0.4,2.7,1.1,2.0,0.008598215085778443,0.0,0.0,この先制限速度なし,この先目立った勾配なし,先行列車なし,後続列車なし,1.0,ブレーキ中でdelta_stopが1.09mと許容範囲内、速度・信号・制限を遵守しノコギリ運転もなく適切な減速と判断したため高評価。
132,Train11,次駅への減速フェーズ（駅手前400m以内）,ブレーキ（減速）中,1.0,惰行,3.0,70.0,70.0,0.4,3.5,1.4,2.0,0.008598215085778443,0.0,0.0,この先制限速度なし,この先目立った勾配なし,先行列車なし,後続列車なし,1.0,ブレーキが適切に作動し、delta_stopが1.39mで停止位置が許容範囲内、即時違反なしで安全かつ定時に停止できるため最高評価とした。
133,Train11,次駅への減速フェーズ（駅手前400m以内）,ブレーキ（減速）中,1.0,惰行,15.0,70.0,70.0,0.4,3.5,1.4,2.0,0.008598215085778443,0.0,0.0,この先制限速度なし,この先目立った勾配なし,先行列車なし,後続列車なし,1.0,現在速度0.4km/hで制限・CBTC速度70km/hを遵守し、ブレーキ保持1秒でdelta_stop1.39m（±5m以内）となり、停止位置も適切であるため高評価とした。
134,Train11,次駅への減速フェーズ（駅手前400m以内）,ブレーキ（減速）中,6.0,惰行,3.0,70.0,70.0,0.4,3.5,1.4,2.0,0.008598215085778443,0.0,0.0,この先制限速度なし,この先目立った勾配なし,先行列車なし,後続列車なし,1.0,ブレーキが適切に掛かり、delta_stopが1.39mで5m以内の高評価範囲にあり、CBTC・制限速度も遵守しているため高評価とした。
135,Train11,次駅への減速フェーズ（駅手前400m以内）,ブレーキ（減速）中,6.0,惰行,15.0,70.0,70.0,0.4,3.5,1.4,2.0,0.008598215085778443,0.0,0.0,この先制限速度なし,この先目立った勾配なし,先行列車なし,後続列車なし,1.0,ブレーキが適切に作動し、delta_stopが1.39 mで停止位置も許容範囲内、速度・信号遵守で安全かつ定時に問題なし。
136,Train11,次駅への減速フェーズ（駅手前400m以内）,ブレーキ（減速）中,1.0,惰行,3.0,70.0,70.0,0.4,70.0,1.8,2.0,0.008598215085778443,0.0,0.0,この先制限速度なし,この先目立った勾配なし,先行列車なし,後続列車なし,1.0,ブレーキ中でdelta_stopが1.79mと許容範囲内であり、速度・信号・制限を遵守しノコギリ運転もなく、適切な減速と停止が確認できたため高評価とした。
137,Train11,次駅への減速フェーズ（駅手前400m以内）,ブレーキ（減速）中,1.0,惰行,15.0,70.0,70.0,0.4,70.0,1.8,2.0,0.008598215085778443,0.0,0.0,この先制限速度なし,この先目立った勾配なし,先行列車なし,後続列車なし,1.0,ブレーキ中でdelta_stopが1.79mと5m以内、信号速度以下かつ制限速度遵守、ノコギリ運転なしで定時通りに停止できるため高評価。
138,Train11,次駅への減速フェーズ（駅手前400m以内）,ブレーキ（減速）中,6.0,惰行,3.0,70.0,70.0,0.4,70.0,1.8,2.0,0.008598215085778443,0.0,0.0,この先制限速度なし,この先目立った勾配なし,先行列車なし,後続列車なし,1.0,ブレーキ中でdelta_stopが1.79mと許容範囲内、速度も制限・CBTC内、ノコギリ運転なしで適切に減速しているため高評価。
139,Train11,次駅への減速フェーズ（駅手前400m以内）,ブレーキ（減速）中,6.0,惰行,15.0,70.0,70.0,0.4,70.0,1.8,2.0,0.008598215085778443,0.0,0.0,この先制限速度なし,この先目立った勾配なし,先行列車なし,後続列車なし,1.0,次駅減速フェーズで適切にブレーキをかけ、delta_stopが1.79mで高評価となるためreward=1.0とした。
140,Train11,次駅への減速フェーズ（駅手前400m以内）,ブレーキ（減速）中,1.0,惰行,3.0,70.0,70.0,0.4,70.0,2.2,2.0,0.008598215085778443,0.0,0.0,この先制限速度なし,この先目立った勾配なし,先行列車なし,後続列車なし,1.0,ブレーキが適切に作動し、delta_stopが2.19mで停止位置が許容範囲内のため評価は高く、他に違反はなし。
141,Train11,次駅への減速フェーズ（駅手前400m以内）,ブレーキ（減速）中,1.0,惰行,15.0,70.0,70.0,0.4,70.0,2.2,2.0,0.008598215085778443,0.0,0.0,この先制限速度なし,この先目立った勾配なし,先行列車なし,後続列車なし,1.0,次駅減速フェーズでブレーキが適切に掛かり、delta_stopが2.19mで誤差≤5mの高評価範囲に入り、他項目に違反なし。
142,Train11,次駅への減速フェーズ（駅手前400m以内）,ブレーキ（減速）中,6.0,惰行,3.0,70.0,70.0,0.4,70.0,2.2,2.0,0.008598215085778443,0.0,0.0,この先制限速度なし,この先目立った勾配なし,先行列車なし,後続列車なし,1.0,ブレーキ中でdelta_stopが2.19m（±5m以内）かつ速度が制限・信号以下で、停止位置が適切に確保されているため高評価とした。
143,Train11,次駅への減速フェーズ（駅手前400m以内）,ブレーキ（減速）中,6.0,惰行,15.0,70.0,70.0,0.4,70.0,2.2,2.0,0.008598215085778443,0.0,0.0,この先制限速度なし,この先目立った勾配なし,先行列車なし,後続列車なし,1.0,次駅減速フェーズでブレーキが適切にかかり、delta_stopが2.19mで停止位置誤差が5m以内、速度制限・CBTC遵守、ノコギリ運転なしと評価し最高点とした。
144,Train11,次駅への減速フェーズ（駅手前400m以内）,ブレーキ（減速）中,1.0,惰行,3.0,70.0,70.0,0.4,70.0,2.6,2.0,0.008598215085778443,0.0,0.0,この先制限速度なし,この先目立った勾配なし,先行列車なし,後続列車なし,1.0,次駅減速フェーズでブレーキが適切に掛かり、delta_stopが2.59mで許容範囲内、速度制限・CBTC遵守、ノコギリ運転なしと評価し最高点とした。
145,Train11,次駅への減速フェーズ（駅手前400m以内）,ブレーキ（減速）中,1.0,惰行,15.0,70.0,70.0,0.4,70.0,2.6,2.0,0.008598215085778443,0.0,0.0,この先制限速度なし,この先目立った勾配なし,先行列車なし,後続列車なし,1.0,ブレーキが適切に作動しdelta_stopが2.59mで許容範囲内、速度・信号遵守で安全かつ定時性に問題なし。
146,Train11,次駅への減速フェーズ（駅手前400m以内）,ブレーキ（減速）中,6.0,惰行,3.0,70.0,70.0,0.4,70.0,2.6,2.0,0.008598215085778443,0.0,0.0,この先制限速度なし,この先目立った勾配なし,先行列車なし,後続列車なし,1.0,ブレーキ中でdelta_stopが2.59m（5m以内）かつCBTC・制限速度遵守、ノコギリ運転は合理的理由ありと判断し高評価とした。
147,Train11,次駅への減速フェーズ（駅手前400m以内）,ブレーキ（減速）中,6.0,惰行,15.0,70.0,70.0,0.4,70.0,2.6,2.0,0.008598215085778443,0.0,0.0,この先制限速度なし,この先目立った勾配なし,先行列車なし,後続列車なし,1.0,ブレーキが適切に掛かり、delta_stopが2.59mで5m以内の誤差となり停止位置が良好で、他に違反はないため高評価。
148,Train11,次駅への減速フェーズ（駅手前400m以内）,ブレーキ（減速）中,1.0,惰行,3.0,70.0,70.0,0.4,70.0,3.0,2.0,0.008598215085778443,0.0,0.0,この先制限速度なし,この先目立った勾配なし,先行列車なし,後続列車なし,0.9,ブレーキで適切に減速し、delta_stopが2.99mで5m以内の誤差となり、停止位置が確実に達成できるため高評価とした。
149,Train11,次駅への減速フェーズ（駅手前400m以内）,ブレーキ（減速）中,1.0,惰行,15.0,70.0,70.0,0.4,70.0,3.0,2.0,0.008598215085778443,0.0,0.0,この先制限速度なし,この先目立った勾配なし,先行列車なし,後続列車なし,1.0,ブレーキ中でdelta_stopが2.99mと許容範囲内であり、速度制限・CBTC遵守、ノコギリ運転なしで適切に停止できるため高評価。
150,Train11,次駅への減速フェーズ（駅手前400m以内）,ブレーキ（減速）中,6.0,惰行,3.0,70.0,70.0,0.4,70.0,3.0,2.0,0.008598215085778443,0.0,0.0,この先制限速度なし,この先目立った勾配なし,先行列車なし,後続列車なし,1.0,次駅減速フェーズでブレーキが適切に掛かり、delta_stopが2.99mで誤差≤5mの高評価範囲に入り、他に違反なし。
151,Train11,次駅への減速フェーズ（駅手前400m以内）,ブレーキ（減速）中,6.0,惰行,15.0,70.0,70.0,0.4,70.0,3.0,2.0,0.008598215085778443,0.0,0.0,この先制限速度なし,この先目立った勾配なし,先行列車なし,後続列車なし,0.9,ブレーキが適切に作動し、delta_stopが2.99mで5m以内の誤差となり、制限速度・CBTCを遵守しているため高評価とした。
152,Train11,次駅への減速フェーズ（駅手前400m以内）,ブレーキ（減速）中,1.0,惰行,3.0,70.0,70.0,0.4,70.0,3.5,2.0,0.008598215085778443,0.0,0.0,この先制限速度なし,この先目立った勾配なし,先行列車なし,後続列車なし,1.0,全ての安全・信号・停止位置条件を満たし、ブレーキは適切に行われているため高評価。
153,Train11,次駅への減速フェーズ（駅手前400m以内）,ブレーキ（減速）中,1.0,惰行,15.0,70.0,70.0,0.4,70.0,3.5,2.0,0.008598215085778443,0.0,0.0,この先制限速度なし,この先目立った勾配なし,先行列車なし,後続列車なし,1.0,次駅減速フェーズでブレーキ中かつdelta_stopが3.49mで停止位置が適切、速度・信号遵守、ノコギリ運転なし、無駄な力行もなく評価は1.0とした。
154,Train11,次駅への減速フェーズ（駅手前400m以内）,ブレーキ（減速）中,6.0,惰行,3.0,70.0,70.0,0.4,70.0,3.5,2.0,0.008598215085778443,0.0,0.0,この先制限速度なし,この先目立った勾配なし,先行列車なし,後続列車なし,1.0,ブレーキが適切に掛かり、delta_stopが3.49mで許容範囲内のため高評価とし、0.0ルール違反はなし。
155,Train11,次駅への減速フェーズ（駅手前400m以内）,ブレーキ（減速）中,6.0,惰行,15.0,70.0,70.0,0.4,70.0,3.5,2.0,0.008598215085778443,0.0,0.0,この先制限速度なし,この先目立った勾配なし,先行列車なし,後続列車なし,1.0,ブレーキが適切にかかりdelta_stopが3.49mで許容範囲内、速度制限・CBTC遵守、ノコギリ運転なしのため高評価とした。
156,Train11,次駅への減速フェーズ（駅手前400m以内）,ブレーキ（減速）中,1.0,惰行,3.0,70.0,70.0,0.7,0.7,0.1,2.0,0.026330335118254364,0.0,0.0,この先制限速度なし,この先目立った勾配なし,先行列車なし,後続列車なし,1.0,ブレーキが適切に行われ、delta_stopが0.07mで停止位置誤差が5m以内、速度は制限・CBTC内、ノコギリ運転なしと判断し最高評価とした。
157,Train11,次駅への減速フェーズ（駅手前400m以内）,ブレーキ（減速）中,1.0,惰行,15.0,70.0,70.0,0.7,0.7,0.1,2.0,0.026330335118254364,0.0,0.0,この先制限速度なし,この先目立った勾配なし,先行列車なし,後続列車なし,1.0,ブレーキが適切に作動し、delta_stopが0.07mで停止位置が確実に達成できるため、評価は最高の1.0とした。
158,Train11,次駅への減速フェーズ（駅手前400m以内）,ブレーキ（減速）中,6.0,惰行,3.0,70.0,70.0,0.7,0.7,0.1,2.0,0.026330335118254364,0.0,0.0,この先制限速度なし,この先目立った勾配なし,先行列車なし,後続列車なし,1.0,ブレーキが適切に掛かりdelta_stopが0.07mで停止位置が正確、速度も制限内で安全かつ定時に到達できるため最高評価とした。
159,Train11,次駅への減速フェーズ（駅手前400m以内）,ブレーキ（減速）中,6.0,惰行,15.0,70.0,70.0,0.7,0.7,0.1,2.0,0.026330335118254364,0.0,0.0,この先制限速度なし,この先目立った勾配なし,先行列車なし,後続列車なし,1.0,次駅減速フェーズでブレーキが適切に作動し、delta_stopが0.07mで停止位置も良好、速度・信号遵守のためreward=1.0とした。
160,Train11,次駅への減速フェーズ（駅手前400m以内）,ブレーキ（減速）中,1.0,惰行,3.0,70.0,70.0,0.7,0.7,0.2,2.0,0.026330335118254364,0.0,0.0,この先制限速度なし,この先目立った勾配なし,先行列車なし,後続列車なし,1.0,ブレーキで適切に減速し、delta_stopが0.17mで5m以内の高評価範囲に収まり、速度・信号遵守・ノコギリ運転なしと評価し高得点とした。
161,Train11,次駅への減速フェーズ（駅手前400m以内）,ブレーキ（減速）中,1.0,惰行,15.0,70.0,70.0,0.7,0.7,0.2,2.0,0.026330335118254364,0.0,0.0,この先制限速度なし,この先目立った勾配なし,先行列車なし,後続列車なし,1.0,ブレーキが適切に作動し、delta_stopが0.17mで停止位置が確保されているため高評価とした。
162,Train11,次駅への減速フェーズ（駅手前400m以内）,ブレーキ（減速）中,6.0,惰行,3.0,70.0,70.0,0.7,0.7,0.2,2.0,0.026330335118254364,0.0,0.0,この先制限速度なし,この先目立った勾配なし,先行列車なし,後続列車なし,1.0,ブレーキが適切に作動し、delta_stopが0.17mで停止位置が確保され、速度・信号遵守も問題なく、ノコギリ運転とならないため最高評価とした。
163,Train11,次駅への減速フェーズ（駅手前400m以内）,ブレーキ（減速）中,6.0,惰行,15.0,70.0,70.0,0.7,0.7,0.2,2.0,0.026330335118254364,0.0,0.0,この先制限速度なし,この先目立った勾配なし,先行列車なし,後続列車なし,1.0,制限速度・CBTC信号を遵守し、delta_stopが0.17mと許容範囲内でブレーキ中。ノコギリ運転なし、遅延0秒で適切な減速フェーズの操作と判断し、最高評価とする。
164,Train11,次駅への減速フェーズ（駅手前400m以内）,ブレーキ（減速）中,1.0,惰行,3.0,70.0,70.0,0.7,0.7,0.35,2.0,0.026330335118254364,0.0,0.0,この先制限速度なし,この先目立った勾配なし,先行列車なし,後続列車なし,1.0,次駅減速フェーズでブレーキが適切に掛かり、delta_stopが0.32mで停止位置が確保されているため高評価とした。
165,Train11,次駅への減速フェーズ（駅手前400m以内）,ブレーキ（減速）中,1.0,惰行,15.0,70.0,70.0,0.7,0.7,0.35,2.0,0.026330335118254364,0.0,0.0,この先制限速度なし,この先目立った勾配なし,先行列車なし,後続列車なし,1.0,次駅減速フェーズでブレーキが適切に作動し、delta_stopが0.32mで停止位置が確保されているため高評価とした。
166,Train11,次駅への減速フェーズ（駅手前400m以内）,ブレーキ（減速）中,6.0,惰行,3.0,70.0,70.0,0.7,0.7,0.35,2.0,0.026330335118254364,0.0,0.0,この先制限速度なし,この先目立った勾配なし,先行列車なし,後続列車なし,1.0,次駅減速フェーズで適切にブレーキをかけ、delta_stopが0.32mで停止位置誤差が5m以内のため高評価とした。
167,Train11,次駅への減速フェーズ（駅手前400m以内）,ブレーキ（減速）中,6.0,惰行,15.0,70.0,70.0,0.7,0.7,0.35,2.0,0.026330335118254364,0.0,0.0,この先制限速度なし,この先目立った勾配なし,先行列車なし,後続列車なし,1.0,ブレーキが適切にかかりdelta_stopが0.32mで停止位置が許容範囲内、ノコギリ運転なしで安全に定時停止できるため高評価。
168,Train11,次駅への減速フェーズ（駅手前400m以内）,ブレーキ（減速）中,1.0,惰行,3.0,70.0,70.0,0.7,0.7,0.5,2.0,0.026330335118254364,0.0,0.0,この先制限速度なし,この先目立った勾配なし,先行列車なし,後続列車なし,1.0,ブレーキが適切にかかり、delta_stopが0.47mで停止位置が高精度に保たれ、ノコギリ運転や余分な力行はなく安全かつ定時に停止できるため高評価。
169,Train11,次駅への減速フェーズ（駅手前400m以内）,ブレーキ（減速）中,1.0,惰行,15.0,70.0,70.0,0.7,0.7,0.5,2.0,0.026330335118254364,0.0,0.0,この先制限速度なし,この先目立った勾配なし,先行列車なし,後続列車なし,1.0,ブレーキが適切に掛かりdelta_stopが0.47mで許容範囲内、速度制限・CBTC遵守、ノコギリ運転なしのため高評価とした。
170,Train11,次駅への減速フェーズ（駅手前400m以内）,ブレーキ（減速）中,6.0,惰行,3.0,70.0,70.0,0.7,0.7,0.5,2.0,0.026330335118254364,0.0,0.0,この先制限速度なし,この先目立った勾配なし,先行列車なし,後続列車なし,1.0,ブレーキが適切に作動し、delta_stopが0.47mで停止位置誤差が5m以内となり高評価。速度・信号・間隔に違反なし。
171,Train11,次駅への減速フェーズ（駅手前400m以内）,ブレーキ（減速）中,6.0,惰行,15.0,70.0,70.0,0.7,0.7,0.5,2.0,0.026330335118254364,0.0,0.0,この先制限速度なし,この先目立った勾配なし,先行列車なし,後続列車なし,1.0,ブレーキが適切に作動し、delta_stopが0.47mで許容範囲内、速度は制限・CBTC信号内、ノコギリ運転なしで定時停止が可能なため高評価。
172,Train11,次駅への減速フェーズ（駅手前400m以内）,ブレーキ（減速）中,1.0,惰行,3.0,70.0,70.0,0.7,0.7,0.7,2.0,0.026330335118254364,0.0,0.0,この先制限速度なし,この先目立った勾配なし,先行列車なし,後続列車なし,1.0,ブレーキはdelta_stop0.67mで適切に開始され、速度・信号遵守、ノコギリ運転なしで定時停止が可能と判断し最高評価とした。
173,Train11,次駅への減速フェーズ（駅手前400m以内）,ブレーキ（減速）中,1.0,惰行,15.0,70.0,70.0,0.7,0.7,0.7,2.0,0.026330335118254364,0.0,0.0,この先制限速度なし,この先目立った勾配なし,先行列車なし,後続列車なし,0.9,次駅減速フェーズでブレーキが適切に作動し、delta_stopが0.67mで停止位置が確保されているため高評価とした。
174,Train11,次駅への減速フェーズ（駅手前400m以内）,ブレーキ（減速）中,6.0,惰行,3.0,70.0,70.0,0.7,0.7,0.7,2.0,0.026330335118254364,0.0,0.0,この先制限速度なし,この先目立った勾配なし,先行列車なし,後続列車なし,0.3,ノコギリ運転と判定され、prev_notch_durationが3秒のためreward上限が0.1〜0.3に制限され、他項目は良好なので0.3とした。
175,Train11,次駅への減速フェーズ（駅手前400m以内）,ブレーキ（減速）中,6.0,惰行,15.0,70.0,70.0,0.7,0.7,0.7,2.0,0.026330335118254364,0.0,0.0,この先制限速度なし,この先目立った勾配なし,先行列車なし,後続列車なし,1.0,ブレーキが適切に掛かりdelta_stopが0.67mで停止位置が確保され、速度も制限内で遅延なしのため高評価。
176,Train11,次駅への減速フェーズ（駅手前400m以内）,ブレーキ（減速）中,1.0,惰行,3.0,70.0,70.0,0.7,1.5,0.9,2.0,0.026330335118254364,0.0,0.0,この先制限速度なし,この先目立った勾配なし,先行列車なし,後続列車なし,1.0,ブレーキが適切に作動し、delta_stopが0.87mで停止位置が確保されているため高評価とし、rewardを1.0とした。
177,Train11,次駅への減速フェーズ（駅手前400m以内）,ブレーキ（減速）中,1.0,惰行,15.0,70.0,70.0,0.7,1.5,0.9,2.0,0.026330335118254364,0.0,0.0,この先制限速度なし,この先目立った勾配なし,先行列車なし,後続列車なし,0.9,ブレーキ中でdelta_stopが0.87m（5m以内）かつ制限速度・CBTC信号を遵守しているため高評価とし0.9とした。
178,Train11,次駅への減速フェーズ（駅手前400m以内）,ブレーキ（減速）中,6.0,惰行,3.0,70.0,70.0,0.7,1.5,0.9,2.0,0.026330335118254364,0.0,0.0,この先制限速度なし,この先目立った勾配なし,先行列車なし,後続列車なし,1.0,ブレーキが適切に作動しdelta_stopが0.87mで許容範囲内、速度制限・CBTC遵守、ノコギリ運転なしと評価し高評価とした。
179,Train11,次駅への減速フェーズ（駅手前400m以内）,ブレーキ（減速）中,6.0,惰行,15.0,70.0,70.0,0.7,1.5,0.9,2.0,0.026330335118254364,0.0,0.0,この先制限速度なし,この先目立った勾配なし,先行列車なし,後続列車なし,0.9,ブレーキが適切にかかりdelta_stopが0.87mで停止位置が確保され、速度・CBTC制限を遵守しているため高評価とした。
180,Train11,次駅への減速フェーズ（駅手前400m以内）,ブレーキ（減速）中,1.0,惰行,3.0,70.0,70.0,0.7,3.0,1.1,2.0,0.026330335118254364,0.0,0.0,この先制限速度なし,この先目立った勾配なし,先行列車なし,後続列車なし,1.0,次駅減速フェーズで適切にブレーキをかけ、delta_stopが1.07mで許容範囲内、速度制限・CBTC遵守、ノコギリ運転なしと評価し最高点とした。
181,Train11,次駅への減速フェーズ（駅手前400m以内）,ブレーキ（減速）中,1.0,惰行,15.0,70.0,70.0,0.7,3.0,1.1,2.0,0.026330335118254364,0.0,0.0,この先制限速度なし,この先目立った勾配なし,先行列車なし,後続列車なし,1.0,ブレーキが適切に作動し、delta_stopが1.07mで許容範囲内のため停止位置達成が確実であり、他の安全・速度違反はなし。
182,Train11,次駅への減速フェーズ（駅手前400m以内）,ブレーキ（減速）中,6.0,惰行,3.0,70.0,70.0,0.7,3.0,1.1,2.0,0.026330335118254364,0.0,0.0,この先制限速度なし,この先目立った勾配なし,先行列車なし,後続列車なし,1.0,ブレーキが適切に掛かりdelta_stopが1.07mで停止位置が良好、速度・信号遵守、ノコギリ運転なしで評価が高く1.0とした。
183,Train11,次駅への減速フェーズ（駅手前400m以内）,ブレーキ（減速）中,6.0,惰行,15.0,70.0,70.0,0.7,3.0,1.1,2.0,0.026330335118254364,0.0,0.0,この先制限速度なし,この先目立った勾配なし,先行列車なし,後続列車なし,1.0,ブレーキで適切に減速し、delta_stopが1.07mで停止位置誤差が5m以内のため高評価とし、他に違反なし。
184,Train11,次駅への減速フェーズ（駅手前400m以内）,ブレーキ（減速）中,1.0,惰行,3.0,70.0,70.0,0.7,70.0,1.4,2.0,0.026330335118254364,0.0,0.0,この先制限速度なし,この先目立った勾配なし,先行列車なし,後続列車なし,1.0,ブレーキ中でdelta_stopが1.37mと許容範囲内であり、速度・信号遵守・即時0ルール違反なしのため高評価とした。
185,Train11,次駅への減速フェーズ（駅手前400m以内）,ブレーキ（減速）中,1.0,惰行,15.0,70.0,70.0,0.7,70.0,1.4,2.0,0.026330335118254364,0.0,0.0,この先制限速度なし,この先目立った勾配なし,先行列車なし,後続列車なし,1.0,減速フェーズでブレーキが適切に作動し、delta_stopが許容範囲内で停止位置も確保できているため高評価。
186,Train11,次駅への減速フェーズ（駅手前400m以内）,ブレーキ（減速）中,6.0,惰行,3.0,70.0,70.0,0.7,70.0,1.4,2.0,0.026330335118254364,0.0,0.0,この先制限速度なし,この先目立った勾配なし,先行列車なし,後続列車なし,1.0,ブレーキ中でdelta_stopが1.37mと許容範囲内、速度制限・CBTC遵守、ノコギリ運転なしで適切な減速と判断し高評価。
187,Train11,次駅への減速フェーズ（駅手前400m以内）,ブレーキ（減速）中,6.0,惰行,15.0,70.0,70.0,0.7,70.0,1.4,2.0,0.026330335118254364,0.0,0.0,この先制限速度なし,この先目立った勾配なし,先行列車なし,後続列車なし,1.0,ブレーキが適切に作動し、delta_stopが1.37mで停止位置に十分近く、速度・信号・制限をすべて遵守しているため高評価とした。
188,Train11,次駅への減速フェーズ（駅手前400m以内）,ブレーキ（減速）中,1.0,惰行,3.0,70.0,70.0,0.7,70.0,1.8,2.0,0.026330335118254364,0.0,0.0,この先制限速度なし,この先目立った勾配なし,先行列車なし,後続列車なし,1.0,ブレーキで適切に減速し、delta_stopが正で停止位置が確保でき、速度制限・CBTCを遵守しているため高評価と判断した。
189,Train11,次駅への減速フェーズ（駅手前400m以内）,ブレーキ（減速）中,1.0,惰行,15.0,70.0,70.0,0.7,70.0,1.8,2.0,0.026330335118254364,0.0,0.0,この先制限速度なし,この先目立った勾配なし,先行列車なし,後続列車なし,1.0,次駅減速フェーズでブレーキが適切に作動し、delta_stopが1.77mで停止位置が許容範囲内のため最高評価とした。
190,Train11,次駅への減速フェーズ（駅手前400m以内）,ブレーキ（減速）中,6.0,惰行,3.0,70.0,70.0,0.7,70.0,1.8,2.0,0.026330335118254364,0.0,0.0,この先制限速度なし,この先目立った勾配なし,先行列車なし,後続列車なし,1.0,ブレーキが適切に掛かりdelta_stopが1.77mで許容範囲内、ノコギリ運転の条件を満たさずエネルギー無駄もなく高評価とする。
191,Train11,次駅への減速フェーズ（駅手前400m以内）,ブレーキ（減速）中,6.0,惰行,15.0,70.0,70.0,0.7,70.0,1.8,2.0,0.026330335118254364,0.0,0.0,この先制限速度なし,この先目立った勾配なし,先行列車なし,後続列車なし,1.0,次駅減速フェーズで適切にブレーキをかけ、停止位置も許容範囲内であり、速度・CBTC制限を遵守しているため高評価とした。
192,Train11,次駅への減速フェーズ（駅手前400m以内）,ブレーキ（減速）中,1.0,惰行,3.0,70.0,70.0,0.7,70.0,2.2,2.0,0.026330335118254364,0.0,0.0,この先制限速度なし,この先目立った勾配なし,先行列車なし,後続列車なし,1.0,次駅減速フェーズでブレーキが適切に掛かり、delta_stopが2.17mで許容範囲内のため安全かつ定時性に問題なく、他項目に違反なし。
193,Train11,次駅への減速フェーズ（駅手前400m以内）,ブレーキ（減速）中,1.0,惰行,15.0,70.0,70.0,0.7,70.0,2.2,2.0,0.026330335118254364,0.0,0.0,この先制限速度なし,この先目立った勾配なし,先行列車なし,後続列車なし,1.0,ブレーキで適切に減速し、delta_stopが2.17mで停止位置誤差が5m以内、速度制限・CBTC遵守、不要な力行なしと評価し高評価とした。
194,Train11,次駅への減速フェーズ（駅手前400m以内）,ブレーキ（減速）中,6.0,惰行,3.0,70.0,70.0,0.7,70.0,2.2,2.0,0.026330335118254364,0.0,0.0,この先制限速度なし,この先目立った勾配なし,先行列車なし,後続列車なし,0.9,ブレーキ中でdelta_stopが2.17mと5m以内で適切に減速しており、速度制限・CBTCも遵守、ノコギリ運転なしと評価し0.9とした。
195,Train11,次駅への減速フェーズ（駅手前400m以内）,ブレーキ（減速）中,6.0,惰行,15.0,70.0,70.0,0.7,70.0,2.2,2.0,0.026330335118254364,0.0,0.0,この先制限速度なし,この先目立った勾配なし,先行列車なし,後続列車なし,0.9,ブレーキが適切にかかっており、delta_stopが2.17mで許容範囲内、速度・信号遵守、ノコギリ運転なしで安全かつ定時に停止できるため高評価。
196,Train11,次駅への減速フェーズ（駅手前400m以内）,ブレーキ（減速）中,1.0,惰行,3.0,70.0,70.0,0.7,70.0,2.6,2.0,0.026330335118254364,0.0,0.0,この先制限速度なし,この先目立った勾配なし,先行列車なし,後続列車なし,1.0,ブレーキが適切に掛かりdelta_stopが2.57mで許容範囲内、速度制限・CBTC遵守、ノコギリ運転なし、定時遅延0秒のため高評価。
197,Train11,次駅への減速フェーズ（駅手前400m以内）,ブレーキ（減速）中,1.0,惰行,15.0,70.0,70.0,0.7,70.0,2.6,2.0,0.026330335118254364,0.0,0.0,この先制限速度なし,この先目立った勾配なし,先行列車なし,後続列車なし,1.0,次駅減速フェーズでブレーキが適切に作動し、delta_stopが2.57mで許容範囲内のため最高評価とした。
198,Train11,次駅への減速フェーズ（駅手前400m以内）,ブレーキ（減速）中,6.0,惰行,3.0,70.0,70.0,0.7,70.0,2.6,2.0,0.026330335118254364,0.0,0.0,この先制限速度なし,この先目立った勾配なし,先行列車なし,後続列車なし,0.9,ブレーキで適切に減速し、delta_stopが2.57mで停止位置が許容範囲内、速度・信号遵守、ノコギリ運転なしと評価し高評価とした。
199,Train11,次駅への減速フェーズ（駅手前400m以内）,ブレーキ（減速）中,6.0,惰行,15.0,70.0,70.0,0.7,70.0,2.6,2.0,0.026330335118254364,0.0,0.0,この先制限速度なし,この先目立った勾配なし,先行列車なし,後続列車なし,1.0,ブレーキが適切にかかり、delta_stopが2.57mで誤差≤5m、速度制限・CBTC遵守、ノコギリ運転なしで全項目がOKのため最高評価。
200,Train11,次駅への減速フェーズ（駅手前400m以内）,ブレーキ（減速）中,1.0,惰行,3.0,70.0,70.0,0.7,70.0,3.0,2.0,0.026330335118254364,0.0,0.0,この先制限速度なし,この先目立った勾配なし,先行列車なし,後続列車なし,1.0,ブレーキが適切に掛かりdelta_stopが5m以内で停止位置が確保でき、速度・CBTC制限を遵守しているため高評価とした。
201,Train11,次駅への減速フェーズ（駅手前400m以内）,ブレーキ（減速）中,1.0,惰行,15.0,70.0,70.0,0.7,70.0,3.0,2.0,0.026330335118254364,0.0,0.0,この先制限速度なし,この先目立った勾配なし,先行列車なし,後続列車なし,1.0,ブレーキ中でdelta_stopが2.97mと許容範囲内、信号・速度制限遵守、ノコギリ運転なしで適切な減速と判断し高評価。
202,Train11,次駅への減速フェーズ（駅手前400m以内）,ブレーキ（減速）中,6.0,惰行,3.0,70.0,70.0,0.7,70.0,3.0,2.0,0.026330335118254364,0.0,0.0,この先制限速度なし,この先目立った勾配なし,先行列車なし,後続列車なし,0.9,ブレーキが適切に掛かり、delta_stopが2.97mで許容範囲内のため停止位置は良好で、他の安全・速度違反はなし。
203,Train11,次駅への減速フェーズ（駅手前400m以内）,ブレーキ（減速）中,6.0,惰行,15.0,70.0,70.0,0.7,70.0,3.0,2.0,0.026330335118254364,0.0,0.0,この先制限速度なし,この先目立った勾配なし,先行列車なし,後続列車なし,1.0,ブレーキ中でdelta_stopが2.97mと5m以内に収まり、停止位置が適切に確保されている上、速度は制限・信号を遵守し、ノコギリ運転もなく遅延0秒で安全に停止できるためreward=1.0とした。
204,Train11,次駅への減速フェーズ（駅手前400m以内）,ブレーキ（減速）中,1.0,惰行,3.0,70.0,70.0,0.7,70.0,3.5,2.0,0.026330335118254364,0.0,0.0,この先制限速度なし,この先目立った勾配なし,先行列車なし,後続列車なし,1.0,ブレーキが適切に作動し、delta_stopが3.47mで5m以内の誤差となっているため停止位置は良好で、速度・信号遵守も問題なく、ノコギリ運転とみなされない。
205,Train11,次駅への減速フェーズ（駅手前400m以内）,ブレーキ（減速）中,1.0,惰行,15.0,70.0,70.0,0.7,70.0,3.5,2.0,0.026330335118254364,0.0,0.0,この先制限速度なし,この先目立った勾配なし,先行列車なし,後続列車なし,0.9,ブレーキが適切に作動し、delta_stopが3.47mで誤差≤5mの高評価範囲に入り、速度・CBTC制限を遵守しているため高評価とする。
206,Train11,次駅への減速フェーズ（駅手前400m以内）,ブレーキ（減速）中,6.0,惰行,3.0,70.0,70.0,0.7,70.0,3.5,2.0,0.026330335118254364,0.0,0.0,この先制限速度なし,この先目立った勾配なし,先行列車なし,後続列車なし,1.0,ブレーキで適切に減速し、delta_stopが3.5m以内で停止位置が確保されているため評価は高く、他の項目に問題なし。
207,Train11,次駅への減速フェーズ（駅手前400m以内）,ブレーキ（減速）中,6.0,惰行,15.0,70.0,70.0,0.7,70.0,3.5,2.0,0.026330335118254364,0.0,0.0,この先制限速度なし,この先目立った勾配なし,先行列車なし,後続列車なし,1.0,減速フェーズでブレーキが適切に作動し、delta_stopが3.47mで停止位置が許容範囲内、速度制限・CBTC遵守、ノコギリ運転なしのため高評価とした。
208,Train11,次駅への減速フェーズ（駅手前400m以内）,ブレーキ（減速）中,1.0,惰行,3.0,70.0,70.0,1.0,1.0,0.1,2.0,0.053731928280769094,0.0,0.0,この先制限速度なし,この先目立った勾配なし,先行列車なし,後続列車なし,1.0,ブレーキは制限速度・CBTC信号を遵守し、delta_stopが0.05mで適切に駅停車位置へ向かっているため高評価とする。
209,Train11,次駅への減速フェーズ（駅手前400m以内）,ブレーキ（減速）中,1.0,惰行,15.0,70.0,70.0,1.0,1.0,0.1,2.0,0.053731928280769094,0.0,0.0,この先制限速度なし,この先目立った勾配なし,先行列車なし,後続列車なし,1.0,ブレーキ開始が適切なdelta_stop内で行われ、速度・信号・制限を遵守し、ノコギリ運転もなく、停車位置も正確であるため高評価。
210,Train11,次駅への減速フェーズ（駅手前400m以内）,ブレーキ（減速）中,6.0,惰行,3.0,70.0,70.0,1.0,1.0,0.1,2.0,0.053731928280769094,0.0,0.0,この先制限速度なし,この先目立った勾配なし,先行列車なし,後続列車なし,1.0,ブレーキで適切に減速し、delta_stopが5m以内で停止位置も正確、ノコギリ運転や余分な力行はなく安全かつ省エネと判断し最高評価。
211,Train11,次駅への減速フェーズ（駅手前400m以内）,ブレーキ（減速）中,6.0,惰行,15.0,70.0,70.0,1.0,1.0,0.1,2.0,0.053731928280769094,0.0,0.0,この先制限速度なし,この先目立った勾配なし,先行列車なし,後続列車なし,1.0,制限速度・CBTC遵守、ブレーキで停止位置が適切であり、ノコギリ運転や無駄な加速が無いため高評価とした。
212,Train11,次駅への減速フェーズ（駅手前400m以内）,ブレーキ（減速）中,1.0,惰行,3.0,70.0,70.0,1.0,1.0,0.2,2.0,0.053731928280769094,0.0,0.0,この先制限速度なし,この先目立った勾配なし,先行列車なし,後続列車なし,1.0,ブレーキは適切なタイミングで行われ、delta_stopが0.15mで許容範囲内のため高評価とした。速度制限・CBTCも遵守し、ノコギリ運転や余分な力行もなく、定時性と安全性が確保されている。
213,Train11,次駅への減速フェーズ（駅手前400m以内）,ブレーキ（減速）中,1.0,惰行,15.0,70.0,70.0,1.0,1.0,0.2,2.0,0.053731928280769094,0.0,0.0,この先制限速度なし,この先目立った勾配なし,先行列車なし,後続列車なし,1.0,ブレーキが適切に作動し、delta_stopが0.15mで5m以内の誤差となり停止位置が確実に達成できるため、最高評価とした。
214,Train11,次駅への減速フェーズ（駅手前400m以内）,ブレーキ（減速）中,6.0,惰行,3.0,70.0,70.0,1.0,1.0,0.2,2.0,0.053731928280769094,0.0,0.0,この先制限速度なし,この先目立った勾配なし,先行列車なし,後続列車なし,1.0,ブレーキが適切に作動し、delta_stopが0.15mで停止位置誤差が5m以内、速度は制限・CBTC内であり、駅停車調整の合理的理由があるため高評価とした。
215,Train11,次駅への減速フェーズ（駅手前400m以内）,ブレーキ（減速）中,6.0,惰行,15.0,70.0,70.0,1.0,1.0,0.2,2.0,0.053731928280769094,0.0,0.0,この先制限速度なし,この先目立った勾配なし,先行列車なし,後続列車なし,1.0,ブレーキが適切に掛かっており、delta_stopが0.15 mで停止位置も許容範囲内、速度制限・CBTC遵守、ノコギリ運転なしのため高評価とした。
216,Train11,次駅への減速フェーズ（駅手前400m以内）,ブレーキ（減速）中,1.0,惰行,3.0,70.0,70.0,1.0,1.0,0.35,2.0,0.053731928280769094,0.0,0.0,この先制限速度なし,この先目立った勾配なし,先行列車なし,後続列車なし,1.0,ブレーキはdelta_stopが0.30mで適切に開始され、速度・信号・制限を遵守し、ノコギリ運転もなく省エネ的に問題なしと判断し高評価とした。
217,Train11,次駅への減速フェーズ（駅手前400m以内）,ブレーキ（減速）中,1.0,惰行,15.0,70.0,70.0,1.0,1.0,0.35,2.0,0.053731928280769094,0.0,0.0,この先制限速度なし,この先目立った勾配なし,先行列車なし,後続列車なし,1.0,ブレーキが適切に掛かり、delta_stopが0.30mで5m以内のため高評価となり、他に安全・定時・省エネ上の問題はない。
218,Train11,次駅への減速フェーズ（駅手前400m以内）,ブレーキ（減速）中,6.0,惰行,3.0,70.0,70.0,1.0,1.0,0.35,2.0,0.053731928280769094,0.0,0.0,この先制限速度なし,この先目立った勾配なし,先行列車なし,後続列車なし,1.0,全ての優先項目で安全かつ適切に減速し、停止位置も許容範囲内のため高評価とした。
219,Train11,次駅への減速フェーズ（駅手前400m以内）,ブレーキ（減速）中,6.0,惰行,15.0,70.0,70.0,1.0,1.0,0.35,2.0,0.053731928280769094,0.0,0.0,この先制限速度なし,この先目立った勾配なし,先行列車なし,後続列車なし,1.0,ブレーキが適切に掛かり、delta_stopが0.30mで停止位置誤差が5m以内、速度・信号遵守、ノコギリ運転なしで安全かつ定時に停止できるため高評価。
220,Train11,次駅への減速フェーズ（駅手前400m以内）,ブレーキ（減速）中,1.0,惰行,3.0,70.0,70.0,1.0,1.0,0.5,2.0,0.053731928280769094,0.0,0.0,この先制限速度なし,この先目立った勾配なし,先行列車なし,後続列車なし,1.0,ブレーキは適切に行われ、停止位置も許容範囲内であり、ノコギリ運転や速度超過はなく、次駅への減速フェーズとして高評価とした。
221,Train11,次駅への減速フェーズ（駅手前400m以内）,ブレーキ（減速）中,1.0,惰行,15.0,70.0,70.0,1.0,1.0,0.5,2.0,0.053731928280769094,0.0,0.0,この先制限速度なし,この先目立った勾配なし,先行列車なし,後続列車なし,1.0,次駅減速フェーズで適切にブレーキし、delta_stopが0.45mで停止位置が確実に達成でき、速度・信号遵守も問題なく高評価とした。
222,Train11,次駅への減速フェーズ（駅手前400m以内）,ブレーキ（減速）中,6.0,惰行,3.0,70.0,70.0,1.0,1.0,0.5,2.0,0.053731928280769094,0.0,0.0,この先制限速度なし,この先目立った勾配なし,先行列車なし,後続列車なし,1.0,制限速度・CBTC信号を遵守し、delta_stopが0.45mで適切にブレーキを開始、ノコギリ運転なし、エネルギー無駄なしと判断し高評価。
223,Train11,次駅への減速フェーズ（駅手前400m以内）,ブレーキ（減速）中,6.0,惰行,15.0,70.0,70.0,1.0,1.0,0.5,2.0,0.053731928280769094,0.0,0.0,この先制限速度なし,この先目立った勾配なし,先行列車なし,後続列車なし,1.0,全ての安全・信号・停止位置条件を満たし、不要な加速がなく適切にブレーキしているため高評価。
224,Train11,次駅への減速フェーズ（駅手前400m以内）,ブレーキ（減速）中,1.0,惰行,3.0,70.0,70.0,1.0,1.0,0.7,2.0,0.053731928280769094,0.0,0.0,この先制限速度なし,この先目立った勾配なし,先行列車なし,後続列車なし,1.0,ブレーキはdelta_stopが0.65mで適切に開始され、速度・信号・制限を遵守し、低速での停止位置調整という合理的理由の切替であり、評価項目に問題なし。
225,Train11,次駅への減速フェーズ（駅手前400m以内）,ブレーキ（減速）中,1.0,惰行,15.0,70.0,70.0,1.0,1.0,0.7,2.0,0.053731928280769094,0.0,0.0,この先制限速度なし,この先目立った勾配なし,先行列車なし,後続列車なし,1.0,全ての安全基準を満たし、ブレーキ開始位置が適切で余分な力行がなく省エネ的にも問題なし。
226,Train11,次駅への減速フェーズ（駅手前400m以内）,ブレーキ（減速）中,6.0,惰行,3.0,70.0,70.0,1.0,1.0,0.7,2.0,0.053731928280769094,0.0,0.0,この先制限速度なし,この先目立った勾配なし,先行列車なし,後続列車なし,1.0,ブレーキ操作が適切で、delta_stopが0.65mで停止位置も確保でき、速度・信号遵守・ノコギリ運転なしのため最高評価とした。
227,Train11,次駅への減速フェーズ（駅手前400m以内）,ブレーキ（減速）中,6.0,惰行,15.0,70.0,70.0,1.0,1.0,0.7,2.0,0.053731928280769094,0.0,0.0,この先制限速度なし,この先目立った勾配なし,先行列車なし,後続列車なし,0.9,ブレーキが適切にかかり、delta_stopが0.65 mで停止位置が高精度に確保されているため高評価。
228,Train11,次駅への減速フェーズ（駅手前400m以内）,ブレーキ（減速）中,1.0,惰行,3.0,70.0,70.0,1.0,1.0,0.9,2.0,0.053731928280769094,0.0,0.0,この先制限速度なし,この先目立った勾配なし,先行列車なし,後続列車なし,1.0,次駅減速フェーズでブレーキを適切に掛け、delta_stopが正でCBTC信号を遵守し、ノコギリ運転の合理的理由があるため高評価。
229,Train11,次駅への減速フェーズ（駅手前400m以内）,ブレーキ（減速）中,1.0,惰行,15.0,70.0,70.0,1.0,1.0,0.9,2.0,0.053731928280769094,0.0,0.0,この先制限速度なし,この先目立った勾配なし,先行列車なし,後続列車なし,1.0,ブレーキ中でdelta_stopが0.85mと許容範囲内、速度・信号・制限速度を遵守し、ノコギリ運転もなく定時・省エネ的に適切なためrewardは1.0とした。
230,Train11,次駅への減速フェーズ（駅手前400m以内）,ブレーキ（減速）中,6.0,惰行,3.0,70.0,70.0,1.0,1.0,0.9,2.0,0.053731928280769094,0.0,0.0,この先制限速度なし,この先目立った勾配なし,先行列車なし,後続列車なし,1.0,ブレーキが適切に掛かりdelta_stopが0.85mで停止位置が確保され、速度・信号・制限を遵守しノコギリ運転もなく評価は最高とした。
231,Train11,次駅への減速フェーズ（駅手前400m以内）,ブレーキ（減速）中,6.0,惰行,15.0,70.0,70.0,1.0,1.0,0.9,2.0,0.053731928280769094,0.0,0.0,この先制限速度なし,この先目立った勾配なし,先行列車なし,後続列車なし,0.9,ブレーキはdelta_stopが0.85mで適切に行われ、速度・信号遵守、停止位置も確保できるため高評価とし0.9とした。
232,Train11,次駅への減速フェーズ（駅手前400m以内）,ブレーキ（減速）中,1.0,惰行,3.0,70.0,70.0,1.0,70.0,1.1,2.0,0.053731928280769094,0.0,0.0,この先制限速度なし,この先目立った勾配なし,先行列車なし,後続列車なし,1.0,ブレーキが適切に作動し停止位置が許容範囲内、速度・信号超過なしで安全に駅停車できるため高評価。
233,Train11,次駅への減速フェーズ（駅手前400m以内）,ブレーキ（減速）中,1.0,惰行,15.0,70.0,70.0,1.0,70.0,1.1,2.0,0.053731928280769094,0.0,0.0,この先制限速度なし,この先目立った勾配なし,先行列車なし,後続列車なし,0.9,ブレーキが適切に作動し、delta_stopが1.05mで許容範囲内のため停止位置達成が可能であり、他の安全基準もすべて遵守している。
234,Train11,次駅への減速フェーズ（駅手前400m以内）,ブレーキ（減速）中,6.0,惰行,3.0,70.0,70.0,1.0,70.0,1.1,2.0,0.053731928280769094,0.0,0.0,この先制限速度なし,この先目立った勾配なし,先行列車なし,後続列車なし,1.0,全ての上位項目で安全・信号遵守・停止位置が適切であり、ノコギリ運転もなく省エネ的にも問題ないため最高評価とした。
235,Train11,次駅への減速フェーズ（駅手前400m以内）,ブレーキ（減速）中,6.0,惰行,15.0,70.0,70.0,1.0,70.0,1.1,2.0,0.053731928280769094,0.0,0.0,この先制限速度なし,この先目立った勾配なし,先行列車なし,後続列車なし,1.0,ブレーキが適切に作動し、delta_stopが1.05mで停止位置が確保されているため、次駅減速フェーズとして適切であり評価は高い。
236,Train11,次駅への減速フェーズ（駅手前400m以内）,ブレーキ（減速）中,1.0,惰行,3.0,70.0,70.0,1.0,3.3,1.4,2.0,0.053731928280769094,0.0,0.0,この先制限速度なし,この先目立った勾配なし,先行列車なし,後続列車なし,1.0,ブレーキが適切に掛かりdelta_stopが1.35mで停止位置が確保でき、速度・信号超過なしで安全かつ定時に停止できるため高評価。
237,Train11,次駅への減速フェーズ（駅手前400m以内）,ブレーキ（減速）中,1.0,惰行,15.0,70.0,70.0,1.0,3.3,1.4,2.0,0.053731928280769094,0.0,0.0,この先制限速度なし,この先目立った勾配なし,先行列車なし,後続列車なし,1.0,全ての安全・信号・停止条件を満たし、減速フェーズで適切にブレーキを適用しているため高評価とした。
238,Train11,次駅への減速フェーズ（駅手前400m以内）,ブレーキ（減速）中,6.0,惰行,3.0,70.0,70.0,1.0,3.3,1.4,2.0,0.053731928280769094,0.0,0.0,この先制限速度なし,この先目立った勾配なし,先行列車なし,後続列車なし,1.0,制限速度・CBTC遵守、delta_stopが5m以内で適切にブレーキ中、ノコギリ運転なしと判断し最高評価とした。
239,Train11,次駅への減速フェーズ（駅手前400m以内）,ブレーキ（減速）中,6.0,惰行,15.0,70.0,70.0,1.0,3.3,1.4,2.0,0.053731928280769094,0.0,0.0,この先制限速度なし,この先目立った勾配なし,先行列車なし,後続列車なし,0.9,ブレーキが適切に作動し、delta_stopが1.35mで許容範囲内、速度も制限・CBTC内のため高評価とした。
240,Train11,次駅への減速フェーズ（駅手前400m以内）,ブレーキ（減速）中,1.0,惰行,3.0,70.0,70.0,1.0,4.1,1.8,2.0,0.053731928280769094,0.0,0.0,この先制限速度なし,この先目立った勾配なし,先行列車なし,後続列車なし,1.0,制限速度・CBTC遵守、停止位置誤差が5m以内でブレーキ中、減速フェーズに適切な操作であり、全項目で問題がないためrewardは1.0とした。
241,Train11,次駅への減速フェーズ（駅手前400m以内）,ブレーキ（減速）中,1.0,惰行,15.0,70.0,70.0,1.0,4.1,1.8,2.0,0.053731928280769094,0.0,0.0,この先制限速度なし,この先目立った勾配なし,先行列車なし,後続列車なし,0.9,ブレーキ中でdelta_stopが1.75mと適正範囲内であり、速度・CBTC制限を遵守しているため高評価とした。
242,Train11,次駅への減速フェーズ（駅手前400m以内）,ブレーキ（減速）中,6.0,惰行,3.0,70.0,70.0,1.0,4.1,1.8,2.0,0.053731928280769094,0.0,0.0,この先制限速度なし,この先目立った勾配なし,先行列車なし,後続列車なし,1.0,ブレーキで適切に減速し、delta_stopが1.75mで5m以内の高評価範囲にあり、速度制限・CBTCも遵守しているため最高評価とした。
243,Train11,次駅への減速フェーズ（駅手前400m以内）,ブレーキ（減速）中,6.0,惰行,15.0,70.0,70.0,1.0,4.1,1.8,2.0,0.053731928280769094,0.0,0.0,この先制限速度なし,この先目立った勾配なし,先行列車なし,後続列車なし,1.0,ブレーキが適切に掛かっており、delta_stopが5m以内で停止位置が確保できるため、全項目で問題なく高評価とした。
244,Train11,次駅への減速フェーズ（駅手前400m以内）,ブレーキ（減速）中,1.0,惰行,3.0,70.0,70.0,1.0,70.0,2.2,2.0,0.053731928280769094,0.0,0.0,この先制限速度なし,この先目立った勾配なし,先行列車なし,後続列車なし,0.9,ブレーキで適切に減速し、delta_stopが2.15mで停止位置が許容範囲内、速度・信号超過なしで安全かつ定時に近い運転と判断した。
245,Train11,次駅への減速フェーズ（駅手前400m以内）,ブレーキ（減速）中,1.0,惰行,15.0,70.0,70.0,1.0,70.0,2.2,2.0,0.053731928280769094,0.0,0.0,この先制限速度なし,この先目立った勾配なし,先行列車なし,後続列車なし,0.9,ブレーキが適切に作動し delta_stop が 2.15 m（±5 m 内）で許容範囲、速度・信号遵守、ノコギリ運転なし、他に問題がないため高評価とした。
246,Train11,次駅への減速フェーズ（駅手前400m以内）,ブレーキ（減速）中,6.0,惰行,3.0,70.0,70.0,1.0,70.0,2.2,2.0,0.053731928280769094,0.0,0.0,この先制限速度なし,この先目立った勾配なし,先行列車なし,後続列車なし,1.0,ブレーキで適切に減速し、delta_stopが2.15mで5m以内の高評価範囲に収まり、ノコギリ運転も合理的な停止調整とみなされるため最高評価とした。
247,Train11,次駅への減速フェーズ（駅手前400m以内）,ブレーキ（減速）中,6.0,惰行,15.0,70.0,70.0,1.0,70.0,2.2,2.0,0.053731928280769094,0.0,0.0,この先制限速度なし,この先目立った勾配なし,先行列車なし,後続列車なし,0.9,ブレーキ中でdelta_stopが2.15m（5m以内）かつ速度・信号制限を遵守し安全に停止できるため高評価とした。
248,Train11,次駅への減速フェーズ（駅手前400m以内）,ブレーキ（減速）中,1.0,惰行,3.0,70.0,70.0,1.0,70.0,2.6,2.0,0.053731928280769094,0.0,0.0,この先制限速度なし,この先目立った勾配なし,先行列車なし,後続列車なし,0.9,ブレーキ中でdelta_stopが2.55mと5m以内であり、停止位置が適切で安全かつCBTC・速度制限を遵守しているため高評価とした。
249,Train11,次駅への減速フェーズ（駅手前400m以内）,ブレーキ（減速）中,1.0,惰行,15.0,70.0,70.0,1.0,70.0,2.6,2.0,0.053731928280769094,0.0,0.0,この先制限速度なし,この先目立った勾配なし,先行列車なし,後続列車なし,1.0,ブレーキが適切にかかっており、delta_stopが2.55mで5m以内の高評価範囲に入り、速度・信号超過なしで安全に停止できるため高評価とした。
250,Train11,次駅への減速フェーズ（駅手前400m以内）,ブレーキ（減速）中,6.0,惰行,3.0,70.0,70.0,1.0,70.0,2.6,2.0,0.053731928280769094,0.0,0.0,この先制限速度なし,この先目立った勾配なし,先行列車なし,後続列車なし,1.0,ブレーキが適切に掛かり停止位置が許容範囲内で、速度超過やノコギリ運転はなく安全かつ定時に停止できるため高評価とした。
251,Train11,次駅への減速フェーズ（駅手前400m以内）,ブレーキ（減速）中,6.0,惰行,15.0,70.0,70.0,1.0,70.0,2.6,2.0,0.053731928280769094,0.0,0.0,この先制限速度なし,この先目立った勾配なし,先行列車なし,後続列車なし,1.0,ブレーキが適切に作動し、delta_stopが2.55 mで停止位置が許容範囲内のため、全項目で問題なく高評価とした。
252,Train11,次駅への減速フェーズ（駅手前400m以内）,ブレーキ（減速）中,1.0,惰行,3.0,70.0,70.0,1.0,70.0,3.0,2.0,0.053731928280769094,0.0,0.0,この先制限速度なし,この先目立った勾配なし,先行列車なし,後続列車なし,1.0,ブレーキが適切にかかり停止位置が許容範囲内で、定時到着と安全性が確保されているため高評価。
253,Train11,次駅への減速フェーズ（駅手前400m以内）,ブレーキ（減速）中,1.0,惰行,15.0,70.0,70.0,1.0,70.0,3.0,2.0,0.053731928280769094,0.0,0.0,この先制限速度なし,この先目立った勾配なし,先行列車なし,後続列車なし,1.0,ブレーキが適切にかかりdelta_stopが2.95mで許容範囲内、速度制限・CBTC遵守、ノコギリ運転なしで安全に定時停止できるため最高評価とした。
254,Train11,次駅への減速フェーズ（駅手前400m以内）,ブレーキ（減速）中,6.0,惰行,3.0,70.0,70.0,1.0,70.0,3.0,2.0,0.053731928280769094,0.0,0.0,この先制限速度なし,この先目立った勾配なし,先行列車なし,後続列車なし,0.9,ブレーキ中でdelta_stopが2.95mと許容範囲内、制限速度・CBTC遵守、ノコギリ運転なし、停車位置も適切なため高評価。
255,Train11,次駅への減速フェーズ（駅手前400m以内）,ブレーキ（減速）中,6.0,惰行,15.0,70.0,70.0,1.0,70.0,3.0,2.0,0.053731928280769094,0.0,0.0,この先制限速度なし,この先目立った勾配なし,先行列車なし,後続列車なし,1.0,ブレーキが適切に作動し、delta_stopが2.95mで許容範囲内、速度制限・CBTC遵守、ノコギリ運転なしで安全に駅停車できるため高評価。
256,Train11,次駅への減速フェーズ（駅手前400m以内）,ブレーキ（減速）中,1.0,惰行,3.0,70.0,70.0,1.0,70.0,3.5,2.0,0.053731928280769094,0.0,0.0,この先制限速度なし,この先目立った勾配なし,先行列車なし,後続列車なし,1.0,Δstop=3.45mでブレーキ中かつ速度・CBTC制限を守り、ノコギリ運転もなく定時停止が可能なため高評価。
257,Train11,次駅への減速フェーズ（駅手前400m以内）,ブレーキ（減速）中,1.0,惰行,15.0,70.0,70.0,1.0,70.0,3.5,2.0,0.053731928280769094,0.0,0.0,この先制限速度なし,この先目立った勾配なし,先行列車なし,後続列車なし,1.0,次駅減速フェーズでブレーキを適切に掛け、delta_stopが3.45mで停止位置が確保されているため評価は高く、違反はなくrewardは1.0とする。
258,Train11,次駅への減速フェーズ（駅手前400m以内）,ブレーキ（減速）中,6.0,惰行,3.0,70.0,70.0,1.0,70.0,3.5,2.0,0.053731928280769094,0.0,0.0,この先制限速度なし,この先目立った勾配なし,先行列車なし,後続列車なし,0.2,短時間の惰行からブレーキへの不合理な反転でノコギリ運転と判定され、上限0.3点に制限される。
259,Train11,次駅への減速フェーズ（駅手前400m以内）,ブレーキ（減速）中,6.0,惰行,15.0,70.0,70.0,1.0,70.0,3.5,2.0,0.053731928280769094,0.0,0.0,この先制限速度なし,この先目立った勾配なし,先行列車なし,後続列車なし,0.9,ブレーキが適切にかかり、delta_stopが3.45mで許容範囲内のため停止位置は良好で、他に違反はなく高評価とする。
260,Train11,次駅への減速フェーズ（駅手前400m以内）,ブレーキ（減速）中,1.0,惰行,3.0,70.0,70.0,1.3,1.3,0.1,2.0,0.09080106693288144,0.0,0.0,この先制限速度なし,この先目立った勾配なし,先行列車なし,後続列車なし,1.0,ブレーキが適切に作動しdelta_stopが0.01mで停止位置が確保され、速度・信号遵守・エネルギー無駄なしと評価し最高点とした。
261,Train11,次駅への減速フェーズ（駅手前400m以内）,ブレーキ（減速）中,1.0,惰行,15.0,70.0,70.0,1.3,1.3,0.1,2.0,0.09080106693288144,0.0,0.0,この先制限速度なし,この先目立った勾配なし,先行列車なし,後続列車なし,1.0,ブレーキが適切に作動し、delta_stopが0.01mで停止位置が正確、速度制限・CBTC遵守、ノコギリ運転なしのため高評価。
262,Train11,次駅への減速フェーズ（駅手前400m以内）,ブレーキ（減速）中,6.0,惰行,3.0,70.0,70.0,1.3,1.3,0.1,2.0,0.09080106693288144,0.0,0.0,この先制限速度なし,この先目立った勾配なし,先行列車なし,後続列車なし,1.0,ブレーキが適切に掛かりdelta_stopが0.01mで停止位置が確保され、ノコギリ運転の切替も合理的なため評価は高い。
263,Train11,次駅への減速フェーズ（駅手前400m以内）,ブレーキ（減速）中,6.0,惰行,15.0,70.0,70.0,1.3,1.3,0.1,2.0,0.09080106693288144,0.0,0.0,この先制限速度なし,この先目立った勾配なし,先行列車なし,後続列車なし,1.0,ブレーキが適切に作動しdelta_stopが0.01 mで停止位置が正確、制限速度・CBTCを遵守、ノコギリ運転なしのため最高評価とした。
264,Train11,次駅への減速フェーズ（駅手前400m以内）,ブレーキ（減速）中,1.0,惰行,3.0,70.0,70.0,1.3,1.3,0.2,2.0,0.09080106693288144,0.0,0.0,この先制限速度なし,この先目立った勾配なし,先行列車なし,後続列車なし,1.0,ブレーキが適切に掛かり、delta_stopが0.11mで停止位置が確実に達成できるため高評価とした。
265,Train11,次駅への減速フェーズ（駅手前400m以内）,ブレーキ（減速）中,1.0,惰行,15.0,70.0,70.0,1.3,1.3,0.2,2.0,0.09080106693288144,0.0,0.0,この先制限速度なし,この先目立った勾配なし,先行列車なし,後続列車なし,1.0,次駅減速フェーズでブレーキが適切に作動し、delta_stopが0.11mで停止位置が確保されているため評価は最高の1.0とした。
266,Train11,次駅への減速フェーズ（駅手前400m以内）,ブレーキ（減速）中,6.0,惰行,3.0,70.0,70.0,1.3,1.3,0.2,2.0,0.09080106693288144,0.0,0.0,この先制限速度なし,この先目立った勾配なし,先行列車なし,後続列車なし,1.0,ブレーキが適切に掛かり、delta_stopが0.11mで停止位置が正確に保たれているため評価は高く、他項目に問題なし。
267,Train11,次駅への減速フェーズ（駅手前400m以内）,ブレーキ（減速）中,6.0,惰行,15.0,70.0,70.0,1.3,1.3,0.2,2.0,0.09080106693288144,0.0,0.0,この先制限速度なし,この先目立った勾配なし,先行列車なし,後続列車なし,1.0,ブレーキが適切に作動し、delta_stopが0.11mで停止位置が正確に保たれ、速度・信号遵守も問題なく高評価とした。
268,Train11,次駅への減速フェーズ（駅手前400m以内）,ブレーキ（減速）中,1.0,惰行,3.0,70.0,70.0,1.3,1.3,0.35,2.0,0.09080106693288144,0.0,0.0,この先制限速度なし,この先目立った勾配なし,先行列車なし,後続列車なし,1.0,ブレーキ開始が適切なタイミングで、delta_stopが0.26mと許容範囲内のため高評価とした。
269,Train11,次駅への減速フェーズ（駅手前400m以内）,ブレーキ（減速）中,1.0,惰行,15.0,70.0,70.0,1.3,1.3,0.35,2.0,0.09080106693288144,0.0,0.0,この先制限速度なし,この先目立った勾配なし,先行列車なし,後続列車なし,1.0,ブレーキが適切に作動し、delta_stopが0.26mで停止位置誤差が5m以内であるため高評価とし、他項目に問題なし。
270,Train11,次駅への減速フェーズ（駅手前400m以内）,ブレーキ（減速）中,6.0,惰行,3.0,70.0,70.0,1.3,1.3,0.35,2.0,0.09080106693288144,0.0,0.0,この先制限速度なし,この先目立った勾配なし,先行列車なし,後続列車なし,1.0,ブレーキが適切に作動し、停止位置誤差0.26mで安全かつ定時に停止できるため高評価。
271,Train11,次駅への減速フェーズ（駅手前400m以内）,ブレーキ（減速）中,6.0,惰行,15.0,70.0,70.0,1.3,1.3,0.35,2.0,0.09080106693288144,0.0,0.0,この先制限速度なし,この先目立った勾配なし,先行列車なし,後続列車なし,0.9,ブレーキが適切に掛かり、delta_stopが0.26mで停止位置が許容範囲内のため高評価とした。
272,Train11,次駅への減速フェーズ（駅手前400m以内）,ブレーキ（減速）中,1.0,惰行,3.0,70.0,70.0,1.3,1.3,0.5,2.0,0.09080106693288144,0.0,0.0,この先制限速度なし,この先目立った勾配なし,先行列車なし,後続列車なし,1.0,ブレーキが適切に掛かりdelta_stopが0.41mで許容範囲内、速度・信号遵守、ノコギリ運転なしと評価し最高点とした。
273,Train11,次駅への減速フェーズ（駅手前400m以内）,ブレーキ（減速）中,1.0,惰行,15.0,70.0,70.0,1.3,1.3,0.5,2.0,0.09080106693288144,0.0,0.0,この先制限速度なし,この先目立った勾配なし,先行列車なし,後続列車なし,1.0,ブレーキが適切に作動し、delta_stopが0.41mで停止位置が正確に確保でき、速度・信号・制限をすべて遵守しているため高評価。
274,Train11,次駅への減速フェーズ（駅手前400m以内）,ブレーキ（減速）中,6.0,惰行,3.0,70.0,70.0,1.3,1.3,0.5,2.0,0.09080106693288144,0.0,0.0,この先制限速度なし,この先目立った勾配なし,先行列車なし,後続列車なし,1.0,ブレーキで適切に減速し、delta_stopが0.41mで停止位置誤差が5m以内、速度・信号遵守、ノコギリ運転なしと評価し高評価とした。
275,Train11,次駅への減速フェーズ（駅手前400m以内）,ブレーキ（減速）中,6.0,惰行,15.0,70.0,70.0,1.3,1.3,0.5,2.0,0.09080106693288144,0.0,0.0,この先制限速度なし,この先目立った勾配なし,先行列車なし,後続列車なし,1.0,ブレーキが適切に作動し、delta_stopが0.41mで停止位置が正確に確保されているため高評価とする。
276,Train11,次駅への減速フェーズ（駅手前400m以内）,ブレーキ（減速）中,1.0,惰行,3.0,70.0,70.0,1.3,1.3,0.7,2.0,0.09080106693288144,0.0,0.0,この先制限速度なし,この先目立った勾配なし,先行列車なし,後続列車なし,1.0,次駅減速フェーズでブレーキが適切に掛かり、delta_stopが0.61mで許容範囲内、速度も制限内であり、ノコギリ運転の合理的理由があるため高評価。
277,Train11,次駅への減速フェーズ（駅手前400m以内）,ブレーキ（減速）中,1.0,惰行,15.0,70.0,70.0,1.3,1.3,0.7,2.0,0.09080106693288144,0.0,0.0,この先制限速度なし,この先目立った勾配なし,先行列車なし,後続列車なし,1.0,ブレーキが適切に掛かり、delta_stopが0.61mで停止位置が確保でき、速度・信号超過なしで安全かつ定時に停止できるため高評価とした。
278,Train11,次駅への減速フェーズ（駅手前400m以内）,ブレーキ（減速）中,6.0,惰行,3.0,70.0,70.0,1.3,1.3,0.7,2.0,0.09080106693288144,0.0,0.0,この先制限速度なし,この先目立った勾配なし,先行列車なし,後続列車なし,1.0,次駅減速フェーズで適切にブレーキし、delta_stopが0.61mで停止位置誤差が5m以内のため高評価とした。
279,Train11,次駅への減速フェーズ（駅手前400m以内）,ブレーキ（減速）中,6.0,惰行,15.0,70.0,70.0,1.3,1.3,0.7,2.0,0.09080106693288144,0.0,0.0,この先制限速度なし,この先目立った勾配なし,先行列車なし,後続列車なし,1.0,ブレーキ中でdelta_stopが0.61mと5m以内であり、停止位置は適切に確保されているため高評価とし、他項目に問題なし。
280,Train11,次駅への減速フェーズ（駅手前400m以内）,ブレーキ（減速）中,1.0,惰行,3.0,70.0,70.0,1.3,2.1,0.9,2.0,0.09080106693288144,0.0,0.0,この先制限速度なし,この先目立った勾配なし,先行列車なし,後続列車なし,1.0,次駅減速フェーズでブレーキが適切に作動し、delta_stopが0.81mで停止位置も良好、速度制限・CBTC遵守、ノコギリ運転なしのため高評価とした。
281,Train11,次駅への減速フェーズ（駅手前400m以内）,ブレーキ（減速）中,1.0,惰行,15.0,70.0,70.0,1.3,2.1,0.9,2.0,0.09080106693288144,0.0,0.0,この先制限速度なし,この先目立った勾配なし,先行列車なし,後続列車なし,1.0,次駅減速フェーズでブレーキを適切に掛け、delta_stopが0.81mで停止位置誤差が5m以内のため高評価とした。
282,Train11,次駅への減速フェーズ（駅手前400m以内）,ブレーキ（減速）中,6.0,惰行,3.0,70.0,70.0,1.3,2.1,0.9,2.0,0.09080106693288144,0.0,0.0,この先制限速度なし,この先目立った勾配なし,先行列車なし,後続列車なし,1.0,次駅減速フェーズでブレーキが適切に作動し、delta_stopが0.81 mで停止位置誤差が5 m以内、速度制限・CBTC遵守、ノコギリ運転なしと評価し最高点とした。
283,Train11,次駅への減速フェーズ（駅手前400m以内）,ブレーキ（減速）中,6.0,惰行,15.0,70.0,70.0,1.3,2.1,0.9,2.0,0.09080106693288144,0.0,0.0,この先制限速度なし,この先目立った勾配なし,先行列車なし,後続列車なし,1.0,ブレーキが適切にかかりdelta_stopが0.81mで停止位置が確保され、全ての安全・速度要件を満たすため高評価。
284,Train11,次駅への減速フェーズ（駅手前400m以内）,ブレーキ（減速）中,1.0,惰行,3.0,70.0,70.0,1.3,2.8,1.1,2.0,0.09080106693288144,0.0,0.0,この先制限速度なし,この先目立った勾配なし,先行列車なし,後続列車なし,1.0,ブレーキが適切に作動しdelta_stopが1.01mで許容範囲内、速度・信号遵守、ノコギリ運転なしのため最高評価とした。
285,Train11,次駅への減速フェーズ（駅手前400m以内）,ブレーキ（減速）中,1.0,惰行,15.0,70.0,70.0,1.3,2.8,1.1,2.0,0.09080106693288144,0.0,0.0,この先制限速度なし,この先目立った勾配なし,先行列車なし,後続列車なし,1.0,ブレーキが適切に適用され、delta_stopが1.01mで5m以内の高評価範囲にあり、他項目に問題がないためrewardは1.0とした。
286,Train11,次駅への減速フェーズ（駅手前400m以内）,ブレーキ（減速）中,6.0,惰行,3.0,70.0,70.0,1.3,2.8,1.1,2.0,0.09080106693288144,0.0,0.0,この先制限速度なし,この先目立った勾配なし,先行列車なし,後続列車なし,1.0,ブレーキが適切に作動し、delta_stopが1.01mで停止位置が許容範囲内、速度・信号遵守、ノコギリ運転なしで安全かつ定時に停止できるため高評価。
287,Train11,次駅への減速フェーズ（駅手前400m以内）,ブレーキ（減速）中,6.0,惰行,15.0,70.0,70.0,1.3,2.8,1.1,2.0,0.09080106693288144,0.0,0.0,この先制限速度なし,この先目立った勾配なし,先行列車なし,後続列車なし,0.9,ブレーキが適切に作動しdelta_stopが1.01mで許容範囲内、速度制限・CBTC遵守、ノコギリ運転なしのため高評価とした。
288,Train11,次駅への減速フェーズ（駅手前400m以内）,ブレーキ（減速）中,1.0,惰行,3.0,70.0,70.0,1.3,3.6,1.4,2.0,0.09080106693288144,0.0,0.0,この先制限速度なし,この先目立った勾配なし,先行列車なし,後続列車なし,1.0,ブレーキが適切に行われ、delta_stopが1.31mで停止位置が許容範囲内のため評価は高く、reward=1.0とした。
289,Train11,次駅への減速フェーズ（駅手前400m以内）,ブレーキ（減速）中,1.0,惰行,15.0,70.0,70.0,1.3,3.6,1.4,2.0,0.09080106693288144,0.0,0.0,この先制限速度なし,この先目立った勾配なし,先行列車なし,後続列車なし,1.0,ブレーキが適切に掛かり、delta_stopが1.31mで許容範囲内のため停止位置も正確で安全性に問題なく、他項目に違反なし。
290,Train11,次駅への減速フェーズ（駅手前400m以内）,ブレーキ（減速）中,6.0,惰行,3.0,70.0,70.0,1.3,3.6,1.4,2.0,0.09080106693288144,0.0,0.0,この先制限速度なし,この先目立った勾配なし,先行列車なし,後続列車なし,1.0,次駅減速フェーズでブレーキが適切に掛かり、delta_stopが1.31mで停止位置も許容範囲内、速度・信号遵守、ノコギリ運転なしと評価し最高点とした。
291,Train11,次駅への減速フェーズ（駅手前400m以内）,ブレーキ（減速）中,6.0,惰行,15.0,70.0,70.0,1.3,3.6,1.4,2.0,0.09080106693288144,0.0,0.0,この先制限速度なし,この先目立った勾配なし,先行列車なし,後続列車なし,1.0,ブレーキ中でdelta_stopが1.31m（5m以内）かつ速度・CBTC制限を遵守、ノコギリ運転なしで適切な減速と判断した。
292,Train11,次駅への減速フェーズ（駅手前400m以内）,ブレーキ（減速）中,1.0,惰行,3.0,70.0,70.0,1.3,70.0,1.8,2.0,0.09080106693288144,0.0,0.0,この先制限速度なし,この先目立った勾配なし,先行列車なし,後続列車なし,1.0,次駅減速フェーズで適切にブレーキをかけており、速度・信号・停止位置すべて基準を満たすため高評価とした。
293,Train11,次駅への減速フェーズ（駅手前400m以内）,ブレーキ（減速）中,1.0,惰行,15.0,70.0,70.0,1.3,70.0,1.8,2.0,0.09080106693288144,0.0,0.0,この先制限速度なし,この先目立った勾配なし,先行列車なし,後続列車なし,0.9,ブレーキが適切にかかり、delta_stopが5m以内で停止位置誤差が小さく安全かつ定時であるため高評価。
294,Train11,次駅への減速フェーズ（駅手前400m以内）,ブレーキ（減速）中,6.0,惰行,3.0,70.0,70.0,1.3,70.0,1.8,2.0,0.09080106693288144,0.0,0.0,この先制限速度なし,この先目立った勾配なし,先行列車なし,後続列車なし,1.0,ブレーキが適切に作動し、delta_stopが1.71mで停止位置誤差が5m以内のため高評価とし、ノコギリ運転は合理的な停止調整と判断した。
295,Train11,次駅への減速フェーズ（駅手前400m以内）,ブレーキ（減速）中,6.0,惰行,15.0,70.0,70.0,1.3,70.0,1.8,2.0,0.09080106693288144,0.0,0.0,この先制限速度なし,この先目立った勾配なし,先行列車なし,後続列車なし,1.0,ブレーキは適切にかけられ、delta_stopが1.71 mで誤差≤5 mの高評価範囲に入り、速度・信号・制限をすべて遵守しているため高評価とした。
296,Train11,次駅への減速フェーズ（駅手前400m以内）,ブレーキ（減速）中,1.0,惰行,3.0,70.0,70.0,1.3,70.0,2.2,2.0,0.09080106693288144,0.0,0.0,この先制限速度なし,この先目立った勾配なし,先行列車なし,後続列車なし,1.0,ブレーキで適切に減速し、delta_stopが2.11mで許容範囲内のため高評価とし、rewardを1.0とする。
297,Train11,次駅への減速フェーズ（駅手前400m以内）,ブレーキ（減速）中,1.0,惰行,15.0,70.0,70.0,1.3,70.0,2.2,2.0,0.09080106693288144,0.0,0.0,この先制限速度なし,この先目立った勾配なし,先行列車なし,後続列車なし,0.9,delta_stopが2.11mで5m以内の高評価範囲にあり、ブレーキ操作が適切で安全違反が無いため高評価とした。
298,Train11,次駅への減速フェーズ（駅手前400m以内）,ブレーキ（減速）中,6.0,惰行,3.0,70.0,70.0,1.3,70.0,2.2,2.0,0.09080106693288144,0.0,0.0,この先制限速度なし,この先目立った勾配なし,先行列車なし,後続列車なし,1.0,制限速度・CBTC信号を遵守し、delta_stopが2.11mで適切にブレーキ中。ノコギリ運転なし、遅延0秒で停止位置も正確なためrewardは1.0とした。
299,Train11,次駅への減速フェーズ（駅手前400m以内）,ブレーキ（減速）中,6.0,惰行,15.0,70.0,70.0,1.3,70.0,2.2,2.0,0.09080106693288144,0.0,0.0,この先制限速度なし,この先目立った勾配なし,先行列車なし,後続列車なし,1.0,ブレーキが適切に作動し、delta_stopが2.11mで5m以内の誤差となり、制限速度・CBTCを遵守しているため高評価とした。
300,Train11,次駅への減速フェーズ（駅手前400m以内）,ブレーキ（減速）中,1.0,惰行,3.0,70.0,70.0,1.3,70.0,2.6,2.0,0.09080106693288144,0.0,0.0,この先制限速度なし,この先目立った勾配なし,先行列車なし,後続列車なし,1.0,ブレーキが適切に作動し、delta_stopが2.51mで許容範囲内、速度制限・CBTC遵守、ノコギリ運転なしと評価し高評価とした。
301,Train11,次駅への減速フェーズ（駅手前400m以内）,ブレーキ（減速）中,1.0,惰行,15.0,70.0,70.0,1.3,70.0,2.6,2.0,0.09080106693288144,0.0,0.0,この先制限速度なし,この先目立った勾配なし,先行列車なし,後続列車なし,0.9,ブレーキ中でdelta_stopが2.51mと許容範囲内、速度・信号超過なし、ノコギリ運転条件未達成のため高評価とする。
302,Train11,次駅への減速フェーズ（駅手前400m以内）,ブレーキ（減速）中,6.0,惰行,3.0,70.0,70.0,1.3,70.0,2.6,2.0,0.09080106693288144,0.0,0.0,この先制限速度なし,この先目立った勾配なし,先行列車なし,後続列車なし,0.9,ブレーキが適切に作動し、delta_stopが2.51 mで許容範囲(±5 m)内であることから高評価とし、rewardを0.9とした。
303,Train11,次駅への減速フェーズ（駅手前400m以内）,ブレーキ（減速）中,6.0,惰行,15.0,70.0,70.0,1.3,70.0,2.6,2.0,0.09080106693288144,0.0,0.0,この先制限速度なし,この先目立った勾配なし,先行列車なし,後続列車なし,1.0,ブレーキが適切なタイミングで掛かり、delta_stopが2.51mで許容範囲内のため高評価とした。
304,Train11,次駅への減速フェーズ（駅手前400m以内）,ブレーキ（減速）中,1.0,惰行,3.0,70.0,70.0,1.3,70.0,3.0,2.0,0.09080106693288144,0.0,0.0,この先制限速度なし,この先目立った勾配なし,先行列車なし,後続列車なし,1.0,ブレーキが適切に作動しdelta_stopが2.91mで5m以内、CBTC・制限速度遵守、ノコギリ運転なしで定時停止が可能なため高評価。
305,Train11,次駅への減速フェーズ（駅手前400m以内）,ブレーキ（減速）中,1.0,惰行,15.0,70.0,70.0,1.3,70.0,3.0,2.0,0.09080106693288144,0.0,0.0,この先制限速度なし,この先目立った勾配なし,先行列車なし,後続列車なし,1.0,ブレーキが適切に行われ、delta_stopが2.91mで許容範囲内のため高評価とした。
306,Train11,次駅への減速フェーズ（駅手前400m以内）,ブレーキ（減速）中,6.0,惰行,3.0,70.0,70.0,1.3,70.0,3.0,2.0,0.09080106693288144,0.0,0.0,この先制限速度なし,この先目立った勾配なし,先行列車なし,後続列車なし,1.0,ブレーキが適切にかかりdelta_stopが2.91mで許容範囲内、速度制限・CBTC遵守、ノコギリ運転なしのため高評価とした。
307,Train11,次駅への減速フェーズ（駅手前400m以内）,ブレーキ（減速）中,6.0,惰行,15.0,70.0,70.0,1.3,70.0,3.0,2.0,0.09080106693288144,0.0,0.0,この先制限速度なし,この先目立った勾配なし,先行列車なし,後続列車なし,0.9,ブレーキ中でdelta_stopが2.91m（5m以内）かつ制限速度・CBTC信号を遵守しているため、停止位置は適切に確保でき高評価とした。
308,Train11,次駅への減速フェーズ（駅手前400m以内）,ブレーキ（減速）中,1.0,惰行,3.0,70.0,70.0,1.3,70.0,3.5,2.0,0.09080106693288144,0.0,0.0,この先制限速度なし,この先目立った勾配なし,先行列車なし,後続列車なし,1.0,現在速度1.3km/hで制限・信号速度を大幅に下回り、ブレーキが適切に掛かりdelta_stopが3.41m（5m以内）で停止位置も良好、ノコギリ運転なしと判断し高評価とした。
309,Train11,次駅への減速フェーズ（駅手前400m以内）,ブレーキ（減速）中,1.0,惰行,15.0,70.0,70.0,1.3,70.0,3.5,2.0,0.09080106693288144,0.0,0.0,この先制限速度なし,この先目立った勾配なし,先行列車なし,後続列車なし,1.0,ブレーキ中でdelta_stopが3.41m（|Δ|≤5m）で許容範囲内、速度・信号・制限をすべて遵守しているため高評価とした。
310,Train11,次駅への減速フェーズ（駅手前400m以内）,ブレーキ（減速）中,6.0,惰行,3.0,70.0,70.0,1.3,70.0,3.5,2.0,0.09080106693288144,0.0,0.0,この先制限速度なし,この先目立った勾配なし,先行列車なし,後続列車なし,1.0,ブレーキ中でdelta_stopが3.41m（5m以内）となり停止位置が適切、ノコギリ運転や不要な力行はなく、上位項目すべて遵守しているため高評価とした。
311,Train11,次駅への減速フェーズ（駅手前400m以内）,ブレーキ（減速）中,6.0,惰行,15.0,70.0,70.0,1.3,70.0,3.5,2.0,0.09080106693288144,0.0,0.0,この先制限速度なし,この先目立った勾配なし,先行列車なし,後続列車なし,0.9,ブレーキ中でdelta_stopが3.41mと5m以内であり、停止位置が適切に確保されているため高評価とした。
312,Train11,次駅への減速フェーズ（駅手前400m以内）,ブレーキ（減速）中,1.0,惰行,3.0,70.0,70.0,1.6,1.6,0.1,2.0,0.13753583148902207,0.0,0.0,この先制限速度なし,この先目立った勾配なし,先行列車なし,後続列車なし,1.0,ブレーキ中でdelta_stopが-0.04mと許容範囲内、速度・信号遵守、ノコギリ運転なしと評価し最高評価とした。
313,Train11,次駅への減速フェーズ（駅手前400m以内）,ブレーキ（減速）中,1.0,惰行,15.0,70.0,70.0,1.6,1.6,0.1,2.0,0.13753583148902207,0.0,0.0,この先制限速度なし,この先目立った勾配なし,先行列車なし,後続列車なし,1.0,ブレーキが適切に作動し、delta_stopが±5m以内で停止位置が正確、速度制限・CBTC遵守、ノコギリ運転なしで評価が高く1.0とした。
314,Train11,次駅への減速フェーズ（駅手前400m以内）,ブレーキ（減速）中,6.0,惰行,3.0,70.0,70.0,1.6,1.6,0.1,2.0,0.13753583148902207,0.0,0.0,この先制限速度なし,この先目立った勾配なし,先行列車なし,後続列車なし,1.0,ブレーキが適切に作動しΔstopが-0.04mで許容範囲内、速度も制限・信号を下回り、ノコギリ運転は合理的な停止調整のため評価なし。全項目良好なためrewardは1.0。
315,Train11,次駅への減速フェーズ（駅手前400m以内）,ブレーキ（減速）中,6.0,惰行,15.0,70.0,70.0,1.6,1.6,0.1,2.0,0.13753583148902207,0.0,0.0,この先制限速度なし,この先目立った勾配なし,先行列車なし,後続列車なし,0.9,ブレーキで適切に減速し、delta_stopが±5m以内の自然誤差で停止位置も確保、速度・CBTC制限を遵守しているため高評価。
316,Train11,次駅への減速フェーズ（駅手前400m以内）,ブレーキ（減速）中,1.0,惰行,3.0,70.0,70.0,1.6,1.6,0.2,2.0,0.13753583148902207,0.0,0.0,この先制限速度なし,この先目立った勾配なし,先行列車なし,後続列車なし,1.0,ブレーキは適切に開始され、delta_stopが0.06mで停止位置誤差が5m以内、速度・信号遵守も問題なく、ノコギリ運転は合理的と判断したため高評価とした。
317,Train11,次駅への減速フェーズ（駅手前400m以内）,ブレーキ（減速）中,1.0,惰行,15.0,70.0,70.0,1.6,1.6,0.2,2.0,0.13753583148902207,0.0,0.0,この先制限速度なし,この先目立った勾配なし,先行列車なし,後続列車なし,1.0,ブレーキが適切に作動し、delta_stopが0.06mで停止位置が確保できているほか、速度制限・CBTCも遵守しているため高評価とした。
318,Train11,次駅への減速フェーズ（駅手前400m以内）,ブレーキ（減速）中,6.0,惰行,3.0,70.0,70.0,1.6,1.6,0.2,2.0,0.13753583148902207,0.0,0.0,この先制限速度なし,この先目立った勾配なし,先行列車なし,後続列車なし,1.0,次駅減速フェーズでブレーキが適切に作動し、delta_stopが0.06mで停止位置が確保され、速度制限・CBTCを遵守しているため最高評価とした。
319,Train11,次駅への減速フェーズ（駅手前400m以内）,ブレーキ（減速）中,6.0,惰行,15.0,70.0,70.0,1.6,1.6,0.2,2.0,0.13753583148902207,0.0,0.0,この先制限速度なし,この先目立った勾配なし,先行列車なし,後続列車なし,1.0,次駅減速フェーズでブレーキが適切に作動し、delta_stopが0.06mで停止位置が正確なため高評価とした。
320,Train11,次駅への減速フェーズ（駅手前400m以内）,ブレーキ（減速）中,1.0,惰行,3.0,70.0,70.0,1.6,1.6,0.35,2.0,0.13753583148902207,0.0,0.0,この先制限速度なし,この先目立った勾配なし,先行列車なし,後続列車なし,1.0,次駅減速フェーズでブレーキが適切に掛かり、delta_stopが5m以内で停止位置が確保され、ノコギリ運転の合理的理由があるため高評価。
321,Train11,次駅への減速フェーズ（駅手前400m以内）,ブレーキ（減速）中,1.0,惰行,15.0,70.0,70.0,1.6,1.6,0.35,2.0,0.13753583148902207,0.0,0.0,この先制限速度なし,この先目立った勾配なし,先行列車なし,後続列車なし,1.0,次駅減速フェーズでブレーキ中かつdelta_stopが0.21mと適切で、速度・信号・制限をすべて遵守しているため高評価とした。
322,Train11,次駅への減速フェーズ（駅手前400m以内）,ブレーキ（減速）中,6.0,惰行,3.0,70.0,70.0,1.6,1.6,0.35,2.0,0.13753583148902207,0.0,0.0,この先制限速度なし,この先目立った勾配なし,先行列車なし,後続列車なし,1.0,ブレーキで適切に減速し、delta_stopが5m以内で停止位置が確保できているため高評価とした。
323,Train11,次駅への減速フェーズ（駅手前400m以内）,ブレーキ（減速）中,6.0,惰行,15.0,70.0,70.0,1.6,1.6,0.35,2.0,0.13753583148902207,0.0,0.0,この先制限速度なし,この先目立った勾配なし,先行列車なし,後続列車なし,1.0,ブレーキが適切に掛かり、delta_stopが0.21mで停止位置誤差が5m以内、速度・信号遵守かつ無駄な力行がなく高評価となる。
324,Train11,次駅への減速フェーズ（駅手前400m以内）,ブレーキ（減速）中,1.0,惰行,3.0,70.0,70.0,1.6,1.6,0.5,2.0,0.13753583148902207,0.0,0.0,この先制限速度なし,この先目立った勾配なし,先行列車なし,後続列車なし,1.0,ブレーキが適切に作動しdelta_stopが0.36mで停止位置が確保され、制限速度・CBTC順守も満たし、ノコギリ運転は合理的な停止操作と判断したため高評価。
325,Train11,次駅への減速フェーズ（駅手前400m以内）,ブレーキ（減速）中,1.0,惰行,15.0,70.0,70.0,1.6,1.6,0.5,2.0,0.13753583148902207,0.0,0.0,この先制限速度なし,この先目立った勾配なし,先行列車なし,後続列車なし,0.9,ブレーキが適切に作動し、delta_stopが0.36mで5m以内の誤差となり、速度も制限・CBTCを遵守しているため高評価とした。
326,Train11,次駅への減速フェーズ（駅手前400m以内）,ブレーキ（減速）中,6.0,惰行,3.0,70.0,70.0,1.6,1.6,0.5,2.0,0.13753583148902207,0.0,0.0,この先制限速度なし,この先目立った勾配なし,先行列車なし,後続列車なし,1.0,次駅減速フェーズでブレーキを適切に掛け、delta_stopが0.36mで許容範囲内のため高評価とし、他項目に問題なし。
327,Train11,次駅への減速フェーズ（駅手前400m以内）,ブレーキ（減速）中,6.0,惰行,15.0,70.0,70.0,1.6,1.6,0.5,2.0,0.13753583148902207,0.0,0.0,この先制限速度なし,この先目立った勾配なし,先行列車なし,後続列車なし,1.0,次駅減速フェーズで適切にブレーキをかけ、delta_stopが0.36mで停止位置が正確に確保されており、速度・信号遵守・省エネともに問題なし。
328,Train11,次駅への減速フェーズ（駅手前400m以内）,ブレーキ（減速）中,1.0,惰行,3.0,70.0,70.0,1.6,1.6,0.7,2.0,0.13753583148902207,0.0,0.0,この先制限速度なし,この先目立った勾配なし,先行列車なし,後続列車なし,1.0,ブレーキが適切に掛かりdelta_stopが0.56mで許容範囲内、速度・信号遵守、ノコギリ運転なしと評価し最高点とした。
329,Train11,次駅への減速フェーズ（駅手前400m以内）,ブレーキ（減速）中,1.0,惰行,15.0,70.0,70.0,1.6,1.6,0.7,2.0,0.13753583148902207,0.0,0.0,この先制限速度なし,この先目立った勾配なし,先行列車なし,後続列車なし,1.0,ブレーキが適切に作動し、delta_stopが0.56mで停止位置が許容範囲内、他に違反なしで評価が高く、rewardは1.0とした。
330,Train11,次駅への減速フェーズ（駅手前400m以内）,ブレーキ（減速）中,6.0,惰行,3.0,70.0,70.0,1.6,1.6,0.7,2.0,0.13753583148902207,0.0,0.0,この先制限速度なし,この先目立った勾配なし,先行列車なし,後続列車なし,0.2,ノコギリ運転と判定され、prev_notch_durationが3秒のためreward上限が0.3となり0.2に設定した。
331,Train11,次駅への減速フェーズ（駅手前400m以内）,ブレーキ（減速）中,6.0,惰行,15.0,70.0,70.0,1.6,1.6,0.7,2.0,0.13753583148902207,0.0,0.0,この先制限速度なし,この先目立った勾配なし,先行列車なし,後続列車なし,1.0,全ての安全基準を満たし、ブレーキは停止位置に適切に合わせられ、速度・信号遵守、ノコギリ運転なしで定時性・省エネ性も問題なしと判断し、最高評価とした。
332,Train11,次駅への減速フェーズ（駅手前400m以内）,ブレーキ（減速）中,1.0,惰行,3.0,70.0,70.0,1.6,1.6,0.9,2.0,0.13753583148902207,0.0,0.0,この先制限速度なし,この先目立った勾配なし,先行列車なし,後続列車なし,1.0,次駅減速フェーズでブレーキが適切に掛かり、delta_stopが5m以内で安全に停止できるため高評価とした。
333,Train11,次駅への減速フェーズ（駅手前400m以内）,ブレーキ（減速）中,1.0,惰行,15.0,70.0,70.0,1.6,1.6,0.9,2.0,0.13753583148902207,0.0,0.0,この先制限速度なし,この先目立った勾配なし,先行列車なし,後続列車なし,0.9,ブレーキが適切に作動し、delta_stopが0.76mで許容範囲内のため停止位置・安全性は良好と判断し高評価とした。
334,Train11,次駅への減速フェーズ（駅手前400m以内）,ブレーキ（減速）中,6.0,惰行,3.0,70.0,70.0,1.6,1.6,0.9,2.0,0.13753583148902207,0.0,0.0,この先制限速度なし,この先目立った勾配なし,先行列車なし,後続列車なし,1.0,ブレーキが適切に掛かりdelta_stopが0.76mで停止位置が確保され、即時ゼロ違反なしで評価は最高点。
335,Train11,次駅への減速フェーズ（駅手前400m以内）,ブレーキ（減速）中,6.0,惰行,15.0,70.0,70.0,1.6,1.6,0.9,2.0,0.13753583148902207,0.0,0.0,この先制限速度なし,この先目立った勾配なし,先行列車なし,後続列車なし,1.0,ブレーキが適切に作動しdelta_stopが0.76mで許容範囲内、速度・信号遵守、ノコギリ運転なしのため高評価とした。
336,Train11,次駅への減速フェーズ（駅手前400m以内）,ブレーキ（減速）中,1.0,惰行,3.0,70.0,70.0,1.6,1.6,1.1,2.0,0.13753583148902207,0.0,0.0,この先制限速度なし,この先目立った勾配なし,先行列車なし,後続列車なし,1.0,ブレーキが適切に作動し、delta_stopが0.96mで停止位置が正確、他に違反なしと判断し高評価とした。
337,Train11,次駅への減速フェーズ（駅手前400m以内）,ブレーキ（減速）中,1.0,惰行,15.0,70.0,70.0,1.6,1.6,1.1,2.0,0.13753583148902207,0.0,0.0,この先制限速度なし,この先目立った勾配なし,先行列車なし,後続列車なし,1.0,ブレーキが適切にかかりdelta_stopが0.96mで許容範囲内、速度も制限内で安全に停止できるため高評価。
338,Train11,次駅への減速フェーズ（駅手前400m以内）,ブレーキ（減速）中,6.0,惰行,3.0,70.0,70.0,1.6,1.6,1.1,2.0,0.13753583148902207,0.0,0.0,この先制限速度なし,この先目立った勾配なし,先行列車なし,後続列車なし,1.0,次駅減速フェーズで適切にブレーキをかけ、delta_stopが0.96mで停止位置誤差が小さく、速度・信号超過なし、ノコギリ運転もなしと判断し1.0とした。
339,Train11,次駅への減速フェーズ（駅手前400m以内）,ブレーキ（減速）中,6.0,惰行,15.0,70.0,70.0,1.6,1.6,1.1,2.0,0.13753583148902207,0.0,0.0,この先制限速度なし,この先目立った勾配なし,先行列車なし,後続列車なし,1.0,ブレーキ中でdelta_stopが0.96mと5m以内であり、次駅減速フェーズに適切に対応しているため高評価とした。
340,Train11,次駅への減速フェーズ（駅手前400m以内）,ブレーキ（減速）中,1.0,惰行,3.0,70.0,70.0,1.6,70.0,1.4,2.0,0.13753583148902207,0.0,0.0,この先制限速度なし,この先目立った勾配なし,先行列車なし,後続列車なし,1.0,減速フェーズで適切にブレーキをかけ、delta_stopが1.26mで許容範囲内、速度・信号遵守、ノコギリ運転なしと評価し最高点とした。
341,Train11,次駅への減速フェーズ（駅手前400m以内）,ブレーキ（減速）中,1.0,惰行,15.0,70.0,70.0,1.6,70.0,1.4,2.0,0.13753583148902207,0.0,0.0,この先制限速度なし,この先目立った勾配なし,先行列車なし,後続列車なし,0.9,delta_stopが1.26mで許容範囲内のブレーキ操作で、速度・CBTC遵守、ノコギリ運転なしのため高評価とし0.9点とした。
342,Train11,次駅への減速フェーズ（駅手前400m以内）,ブレーキ（減速）中,6.0,惰行,3.0,70.0,70.0,1.6,70.0,1.4,2.0,0.13753583148902207,0.0,0.0,この先制限速度なし,この先目立った勾配なし,先行列車なし,後続列車なし,1.0,ブレーキが適切に掛かりdelta_stopが1.26mで停止位置が許容範囲内、他の安全・時間要件をすべて満たすためreward=1.0とした。
343,Train11,次駅への減速フェーズ（駅手前400m以内）,ブレーキ（減速）中,6.0,惰行,15.0,70.0,70.0,1.6,70.0,1.4,2.0,0.13753583148902207,0.0,0.0,この先制限速度なし,この先目立った勾配なし,先行列車なし,後続列車なし,1.0,ブレーキが適切に作動し、delta_stopが1.26mで停止位置が許容範囲内、速度制限・CBTC遵守、ノコギリ運転なしのため最高評価とした。
344,Train11,次駅への減速フェーズ（駅手前400m以内）,ブレーキ（減速）中,1.0,惰行,3.0,70.0,70.0,1.6,3.9,1.8,2.0,0.13753583148902207,0.0,0.0,この先制限速度なし,この先目立った勾配なし,先行列車なし,後続列車なし,0.9,ブレーキが適切に掛かりdelta_stopが1.66mで許容範囲内のため、減速フェーズとして安全かつ定時に停止できると判断した。
345,Train11,次駅への減速フェーズ（駅手前400m以内）,ブレーキ（減速）中,1.0,惰行,15.0,70.0,70.0,1.6,3.9,1.8,2.0,0.13753583148902207,0.0,0.0,この先制限速度なし,この先目立った勾配なし,先行列車なし,後続列車なし,1.0,次駅減速フェーズでブレーキが適切に作動し、delta_stopが1.66mで停止位置誤差が5m以内、速度制限・CBTC遵守、ノコギリ運転なしのため最高評価とした。
346,Train11,次駅への減速フェーズ（駅手前400m以内）,ブレーキ（減速）中,6.0,惰行,3.0,70.0,70.0,1.6,3.9,1.8,2.0,0.13753583148902207,0.0,0.0,この先制限速度なし,この先目立った勾配なし,先行列車なし,後続列車なし,1.0,ブレーキが適切なタイミングで掛かり、delta_stopが1.66mで許容範囲内のため高評価とし、他に問題はない。
347,Train11,次駅への減速フェーズ（駅手前400m以内）,ブレーキ（減速）中,6.0,惰行,15.0,70.0,70.0,1.6,3.9,1.8,2.0,0.13753583148902207,0.0,0.0,この先制限速度なし,この先目立った勾配なし,先行列車なし,後続列車なし,0.9,ブレーキ中でdelta_stopが1.66mと許容範囲内、速度・信号遵守、ノコギリ運転なしで安全に停止できるため高評価。
348,Train11,次駅への減速フェーズ（駅手前400m以内）,ブレーキ（減速）中,1.0,惰行,3.0,70.0,70.0,1.6,70.0,2.2,2.0,0.13753583148902207,0.0,0.0,この先制限速度なし,この先目立った勾配なし,先行列車なし,後続列車なし,0.9,ブレーキ中でdelta_stopが2.06mと5m以内であり、速度・信号超過なし、停止位置調整は合理的で評価は高く0.9とした。
349,Train11,次駅への減速フェーズ（駅手前400m以内）,ブレーキ（減速）中,1.0,惰行,15.0,70.0,70.0,1.6,70.0,2.2,2.0,0.13753583148902207,0.0,0.0,この先制限速度なし,この先目立った勾配なし,先行列車なし,後続列車なし,1.0,ブレーキが適切に掛かっており、delta_stopが5m以内で安全に停止できるため高評価とし、rewardを1.0とした。
350,Train11,次駅への減速フェーズ（駅手前400m以内）,ブレーキ（減速）中,6.0,惰行,3.0,70.0,70.0,1.6,70.0,2.2,2.0,0.13753583148902207,0.0,0.0,この先制限速度なし,この先目立った勾配なし,先行列車なし,後続列車なし,1.0,ブレーキで適切に減速し、delta_stopが2.06mで停止位置が許容範囲内、ノコギリ運転なし、定時遅れもなく評価は最高点。
351,Train11,次駅への減速フェーズ（駅手前400m以内）,ブレーキ（減速）中,6.0,惰行,15.0,70.0,70.0,1.6,70.0,2.2,2.0,0.13753583148902207,0.0,0.0,この先制限速度なし,この先目立った勾配なし,先行列車なし,後続列車なし,1.0,ブレーキが適切に作動し、delta_stopが2.06mで許容範囲内のため停止位置達成が確実であり、他に違反はない。
352,Train11,次駅への減速フェーズ（駅手前400m以内）,ブレーキ（減速）中,1.0,惰行,3.0,70.0,70.0,1.6,70.0,2.6,2.0,0.13753583148902207,0.0,0.0,この先制限速度なし,この先目立った勾配なし,先行列車なし,後続列車なし,1.0,次駅減速フェーズでブレーキをかけており、delta_stopが正でCBTC・制限速度を遵守、停止位置も達成可能で適切な操作と判断した。
353,Train11,次駅への減速フェーズ（駅手前400m以内）,ブレーキ（減速）中,1.0,惰行,15.0,70.0,70.0,1.6,70.0,2.6,2.0,0.13753583148902207,0.0,0.0,この先制限速度なし,この先目立った勾配なし,先行列車なし,後続列車なし,1.0,次駅減速フェーズで適切にブレーキをかけ、delta_stopが2.46mで許容範囲内、速度・信号・制限を遵守しているため高評価。
354,Train11,次駅への減速フェーズ（駅手前400m以内）,ブレーキ（減速）中,6.0,惰行,3.0,70.0,70.0,1.6,70.0,2.6,2.0,0.13753583148902207,0.0,0.0,この先制限速度なし,この先目立った勾配なし,先行列車なし,後続列車なし,1.0,ブレーキが適切にかかりdelta_stopが2.46mで5m以内、速度制限・CBTC遵守、ノコギリ運転なしで定時停止が可能と判断し1.0とした。
355,Train11,次駅への減速フェーズ（駅手前400m以内）,ブレーキ（減速）中,6.0,惰行,15.0,70.0,70.0,1.6,70.0,2.6,2.0,0.13753583148902207,0.0,0.0,この先制限速度なし,この先目立った勾配なし,先行列車なし,後続列車なし,1.0,ブレーキが適切に掛かりdelta_stopが2.46mで許容範囲内、速度・信号遵守、ノコギリ運転なしで安全に停止できるため高評価。
356,Train11,次駅への減速フェーズ（駅手前400m以内）,ブレーキ（減速）中,1.0,惰行,3.0,70.0,70.0,1.6,70.0,3.0,2.0,0.13753583148902207,0.0,0.0,この先制限速度なし,この先目立った勾配なし,先行列車なし,後続列車なし,1.0,ブレーキで適切に減速し、delta_stopが2.86mで5m以内の高評価範囲に入り、速度・信号遵守、ノコギリ運転なしで安全に停止できるためreward=1.0とした。
357,Train11,次駅への減速フェーズ（駅手前400m以内）,ブレーキ（減速）中,1.0,惰行,15.0,70.0,70.0,1.6,70.0,3.0,2.0,0.13753583148902207,0.0,0.0,この先制限速度なし,この先目立った勾配なし,先行列車なし,後続列車なし,0.9,ブレーキ中でdelta_stopが2.86m（5m以内）となり停止位置が適切に確保されているため、減点要因がなく高評価とした。
358,Train11,次駅への減速フェーズ（駅手前400m以内）,ブレーキ（減速）中,6.0,惰行,3.0,70.0,70.0,1.6,70.0,3.0,2.0,0.13753583148902207,0.0,0.0,この先制限速度なし,この先目立った勾配なし,先行列車なし,後続列車なし,1.0,次駅減速フェーズで適切にブレーキをかけ、delta_stopが2.86mで停止位置が許容範囲内のため高評価とした。
359,Train11,次駅への減速フェーズ（駅手前400m以内）,ブレーキ（減速）中,6.0,惰行,15.0,70.0,70.0,1.6,70.0,3.0,2.0,0.13753583148902207,0.0,0.0,この先制限速度なし,この先目立った勾配なし,先行列車なし,後続列車なし,1.0,ブレーキが適切に掛かりdelta_stopが5m以内で安全に停止でき、制限速度・CBTC信号を遵守、間隔問題・ノコギリ運転もなく、最高評価とした。
360,Train11,次駅への減速フェーズ（駅手前400m以内）,ブレーキ（減速）中,1.0,惰行,3.0,70.0,70.0,1.6,70.0,3.5,2.0,0.13753583148902207,0.0,0.0,この先制限速度なし,この先目立った勾配なし,先行列車なし,後続列車なし,1.0,ブレーキが適切に掛かりdelta_stopが3.36mで誤差≤5m、速度制限・CBTC遵守、ノコギリ運転なしと評価し最高点とした。
361,Train11,次駅への減速フェーズ（駅手前400m以内）,ブレーキ（減速）中,1.0,惰行,15.0,70.0,70.0,1.6,70.0,3.5,2.0,0.13753583148902207,0.0,0.0,この先制限速度なし,この先目立った勾配なし,先行列車なし,後続列車なし,0.9,ブレーキが適切に作動し delta_stop が 3.36 m（±5 m）で誤差が小さく、他項目に違反がないため高評価とした。
362,Train11,次駅への減速フェーズ（駅手前400m以内）,ブレーキ（減速）中,6.0,惰行,3.0,70.0,70.0,1.6,70.0,3.5,2.0,0.13753583148902207,0.0,0.0,この先制限速度なし,この先目立った勾配なし,先行列車なし,後続列車なし,1.0,ブレーキが適切に掛かり、delta_stopが3.36mで5m以内の誤差となり停止位置が確保されているため高評価とした。
363,Train11,次駅への減速フェーズ（駅手前400m以内）,ブレーキ（減速）中,6.0,惰行,15.0,70.0,70.0,1.6,70.0,3.5,2.0,0.13753583148902207,0.0,0.0,この先制限速度なし,この先目立った勾配なし,先行列車なし,後続列車なし,1.0,ブレーキが適切に作動し、delta_stopが5m以内で停止位置が正確なため高評価とし、0.1刻みで最高点を付与。
364,Train11,次駅への減速フェーズ（駅手前400m以内）,ブレーキ（減速）中,1.0,惰行,3.0,70.0,70.0,2.0,2.0,0.1,2.0,0.21488084991152984,0.0,0.0,この先制限速度なし,この先目立った勾配なし,先行列車なし,後続列車なし,0.9,ブレーキ中でdelta_stopが-0.11mと許容範囲内であり、停止位置が適切に確保されているため高評価とした。
365,Train11,次駅への減速フェーズ（駅手前400m以内）,ブレーキ（減速）中,1.0,惰行,15.0,70.0,70.0,2.0,2.0,0.1,2.0,0.21488084991152984,0.0,0.0,この先制限速度なし,この先目立った勾配なし,先行列車なし,後続列車なし,1.0,ブレーキ中でΔstopが-0.11m（|Δstop|≤5m）かつ速度・信号制限を遵守し、低速での停止調整は合理的な操作であるため高評価としreward=1.0とした。
366,Train11,次駅への減速フェーズ（駅手前400m以内）,ブレーキ（減速）中,6.0,惰行,3.0,70.0,70.0,2.0,2.0,0.1,2.0,0.21488084991152984,0.0,0.0,この先制限速度なし,この先目立った勾配なし,先行列車なし,後続列車なし,1.0,ブレーキが適切に掛かり停止位置誤差が±5m以内で、速度・信号遵守、ノコギリ運転なしのため高評価とした。
367,Train11,次駅への減速フェーズ（駅手前400m以内）,ブレーキ（減速）中,6.0,惰行,15.0,70.0,70.0,2.0,2.0,0.1,2.0,0.21488084991152984,0.0,0.0,この先制限速度なし,この先目立った勾配なし,先行列車なし,後続列車なし,1.0,ブレーキが適切にかかりdelta_stopが-0.11mで許容範囲内、速度も制限内でノコギリ運転なし、評価は最高点とした。
368,Train11,次駅への減速フェーズ（駅手前400m以内）,ブレーキ（減速）中,1.0,惰行,3.0,70.0,70.0,2.0,2.0,0.2,2.0,0.21488084991152984,0.0,0.0,この先制限速度なし,この先目立った勾配なし,先行列車なし,後続列車なし,1.0,ブレーキが適切に作動し、delta_stopが±5m以内で停止位置が確保され、速度・信号超過なしで安全に減速しているため高評価。
369,Train11,次駅への減速フェーズ（駅手前400m以内）,ブレーキ（減速）中,1.0,惰行,15.0,70.0,70.0,2.0,2.0,0.2,2.0,0.21488084991152984,0.0,0.0,この先制限速度なし,この先目立った勾配なし,先行列車なし,後続列車なし,1.0,ブレーキが適切に作動し、delta_stopが-0.01mで停止位置誤差が5m以内、速度制限・CBTC遵守、ノコギリ運転なしと評価し最高点とした。
370,Train11,次駅への減速フェーズ（駅手前400m以内）,ブレーキ（減速）中,6.0,惰行,3.0,70.0,70.0,2.0,2.0,0.2,2.0,0.21488084991152984,0.0,0.0,この先制限速度なし,この先目立った勾配なし,先行列車なし,後続列車なし,1.0,ブレーキが適切に作動し、delta_stopが±5m以内で停止位置が正確、他に違反や無駄な加速はないため高評価。
371,Train11,次駅への減速フェーズ（駅手前400m以内）,ブレーキ（減速）中,6.0,惰行,15.0,70.0,70.0,2.0,2.0,0.2,2.0,0.21488084991152984,0.0,0.0,この先制限速度なし,この先目立った勾配なし,先行列車なし,後続列車なし,1.0,ブレーキが適切に作動し、delta_stopが-0.01mで停止位置誤差が5m以内、速度・CBTC制限を遵守しているため高評価とした。
372,Train11,次駅への減速フェーズ（駅手前400m以内）,ブレーキ（減速）中,1.0,惰行,3.0,70.0,70.0,2.0,2.0,0.35,2.0,0.21488084991152984,0.0,0.0,この先制限速度なし,この先目立った勾配なし,先行列車なし,後続列車なし,1.0,次駅減速フェーズで適切にブレーキをかけ、delta_stopが0.14mと許容範囲内であり、速度・CBTC制限を遵守しているため高評価とした。
373,Train11,次駅への減速フェーズ（駅手前400m以内）,ブレーキ（減速）中,1.0,惰行,15.0,70.0,70.0,2.0,2.0,0.35,2.0,0.21488084991152984,0.0,0.0,この先制限速度なし,この先目立った勾配なし,先行列車なし,後続列車なし,1.0,ブレーキが適切に作動し、delta_stopが0.14mで停止位置が許容範囲内、速度・信号遵守、ノコギリ運転なしのため最高評価とした。
374,Train11,次駅への減速フェーズ（駅手前400m以内）,ブレーキ（減速）中,6.0,惰行,3.0,70.0,70.0,2.0,2.0,0.35,2.0,0.21488084991152984,0.0,0.0,この先制限速度なし,この先目立った勾配なし,先行列車なし,後続列車なし,1.0,ブレーキが適切に作動し停止位置が正確、速度・信号遵守、ノコギリ運転なしと評価し最高点とした。
375,Train11,次駅への減速フェーズ（駅手前400m以内）,ブレーキ（減速）中,6.0,惰行,15.0,70.0,70.0,2.0,2.0,0.35,2.0,0.21488084991152984,0.0,0.0,この先制限速度なし,この先目立った勾配なし,先行列車なし,後続列車なし,1.0,ブレーキが適切に掛かりdelta_stopが0.14mで停止位置が確保され、速度・信号遵守も問題なく評価が高い。
376,Train11,次駅への減速フェーズ（駅手前400m以内）,ブレーキ（減速）中,1.0,惰行,3.0,70.0,70.0,2.0,2.0,0.5,2.0,0.21488084991152984,0.0,0.0,この先制限速度なし,この先目立った勾配なし,先行列車なし,後続列車なし,1.0,ブレーキで適切に停止位置に近づき、速度・信号遵守、ノコギリ運転なしで定時・省エネに優れた操作と判断し高評価。
377,Train11,次駅への減速フェーズ（駅手前400m以内）,ブレーキ（減速）中,1.0,惰行,15.0,70.0,70.0,2.0,2.0,0.5,2.0,0.21488084991152984,0.0,0.0,この先制限速度なし,この先目立った勾配なし,先行列車なし,後続列車なし,0.9,ブレーキ中でdelta_stopが0.29mと5m以内の誤差であり、信号・制限速度を遵守し停止位置も適切に確保できているため高評価とした。
378,Train11,次駅への減速フェーズ（駅手前400m以内）,ブレーキ（減速）中,6.0,惰行,3.0,70.0,70.0,2.0,2.0,0.5,2.0,0.21488084991152984,0.0,0.0,この先制限速度なし,この先目立った勾配なし,先行列車なし,後続列車なし,1.0,ブレーキで適切に停止位置に到達し、速度・信号・制限を遵守、ノコギリ運転なしで評価が高く1.0とした。
379,Train11,次駅への減速フェーズ（駅手前400m以内）,ブレーキ（減速）中,6.0,惰行,15.0,70.0,70.0,2.0,2.0,0.5,2.0,0.21488084991152984,0.0,0.0,この先制限速度なし,この先目立った勾配なし,先行列車なし,後続列車なし,1.0,ブレーキが適切にかかりdelta_stopが0.29mで停止位置は許容範囲内、速度・信号遵守、ノコギリ運転なしのため最高評価とした。
380,Train11,次駅への減速フェーズ（駅手前400m以内）,ブレーキ（減速）中,1.0,惰行,3.0,70.0,70.0,2.0,2.0,0.7,2.0,0.21488084991152984,0.0,0.0,この先制限速度なし,この先目立った勾配なし,先行列車なし,後続列車なし,1.0,ブレーキが適切に作動し、delta_stopが5m以内で停止位置が確保されているため高評価とした。現在速度2km/hは制限・信号速度70km/hを大幅に下回り、安全かつ定時性に問題なく停止できる状態です。
381,Train11,次駅への減速フェーズ（駅手前400m以内）,ブレーキ（減速）中,1.0,惰行,15.0,70.0,70.0,2.0,2.0,0.7,2.0,0.21488084991152984,0.0,0.0,この先制限速度なし,この先目立った勾配なし,先行列車なし,後続列車なし,1.0,ブレーキが適切に掛かりdelta_stopが0.49mで停止位置が許容範囲内のため、違反はなく評価は最高となる。
382,Train11,次駅への減速フェーズ（駅手前400m以内）,ブレーキ（減速）中,6.0,惰行,3.0,70.0,70.0,2.0,2.0,0.7,2.0,0.21488084991152984,0.0,0.0,この先制限速度なし,この先目立った勾配なし,先行列車なし,後続列車なし,0.9,ブレーキ中でdelta_stopが0.49mと許容範囲内であり、停止位置は適切に確保されているため高評価とした。
383,Train11,次駅への減速フェーズ（駅手前400m以内）,ブレーキ（減速）中,6.0,惰行,15.0,70.0,70.0,2.0,2.0,0.7,2.0,0.21488084991152984,0.0,0.0,この先制限速度なし,この先目立った勾配なし,先行列車なし,後続列車なし,0.9,ブレーキが適切に作動し、delta_stopが0.49mで許容範囲内、速度・信号遵守、ノコギリ運転なしで定時停止が可能と判断した。
384,Train11,次駅への減速フェーズ（駅手前400m以内）,ブレーキ（減速）中,1.0,惰行,3.0,70.0,70.0,2.0,2.0,0.9,2.0,0.21488084991152984,0.0,0.0,この先制限速度なし,この先目立った勾配なし,先行列車なし,後続列車なし,1.0,ブレーキが適切に作動しdelta_stopが5m以内で停止位置が許容範囲、速度・信号遵守、ノコギリ運転なしと判断し高評価とした。
385,Train11,次駅への減速フェーズ（駅手前400m以内）,ブレーキ（減速）中,1.0,惰行,15.0,70.0,70.0,2.0,2.0,0.9,2.0,0.21488084991152984,0.0,0.0,この先制限速度なし,この先目立った勾配なし,先行列車なし,後続列車なし,1.0,次駅減速フェーズでブレーキを適切に掛け、delta_stopが0.69mで停止位置誤差が5m以内のため高評価とし、他に問題なし。
386,Train11,次駅への減速フェーズ（駅手前400m以内）,ブレーキ（減速）中,6.0,惰行,3.0,70.0,70.0,2.0,2.0,0.9,2.0,0.21488084991152984,0.0,0.0,この先制限速度なし,この先目立った勾配なし,先行列車なし,後続列車なし,1.0,ブレーキが適切に作動しdelta_stopが0.69mで停止位置が確保され、速度・CBTC制限を遵守しているため最高評価とした。
387,Train11,次駅への減速フェーズ（駅手前400m以内）,ブレーキ（減速）中,6.0,惰行,15.0,70.0,70.0,2.0,2.0,0.9,2.0,0.21488084991152984,0.0,0.0,この先制限速度なし,この先目立った勾配なし,先行列車なし,後続列車なし,1.0,ブレーキが適切にかかり、delta_stopが0.69mで停止位置が許容範囲内、速度・CBTC制限を遵守しているため高評価。
388,Train11,次駅への減速フェーズ（駅手前400m以内）,ブレーキ（減速）中,1.0,惰行,3.0,70.0,70.0,2.0,2.8,1.1,2.0,0.21488084991152984,0.0,0.0,この先制限速度なし,この先目立った勾配なし,先行列車なし,後続列車なし,1.0,ブレーキが適切に掛かりdelta_stopが0.89mで許容範囲内、速度も制限内で合理的な停止操作と判断し高評価とした。
389,Train11,次駅への減速フェーズ（駅手前400m以内）,ブレーキ（減速）中,1.0,惰行,15.0,70.0,70.0,2.0,2.8,1.1,2.0,0.21488084991152984,0.0,0.0,この先制限速度なし,この先目立った勾配なし,先行列車なし,後続列車なし,1.0,ブレーキが適切に行われ、停止位置誤差が5m以内で安全かつ速度制限・CBTCを遵守しているため高評価。
390,Train11,次駅への減速フェーズ（駅手前400m以内）,ブレーキ（減速）中,6.0,惰行,3.0,70.0,70.0,2.0,2.8,1.1,2.0,0.21488084991152984,0.0,0.0,この先制限速度なし,この先目立った勾配なし,先行列車なし,後続列車なし,1.0,ブレーキが適切に掛かっており delta_stop が 0.89 m と許容範囲内で停止位置が確保され、速度・CBTC も遵守しているため高評価。
391,Train11,次駅への減速フェーズ（駅手前400m以内）,ブレーキ（減速）中,6.0,惰行,15.0,70.0,70.0,2.0,2.8,1.1,2.0,0.21488084991152984,0.0,0.0,この先制限速度なし,この先目立った勾配なし,先行列車なし,後続列車なし,1.0,ブレーキが適切にかかっておりdelta_stopが0.89mで停止位置が確保され、速度制限・CBTCも遵守しているため高評価とした。
392,Train11,次駅への減速フェーズ（駅手前400m以内）,ブレーキ（減速）中,1.0,惰行,3.0,70.0,70.0,2.0,2.8,1.4,2.0,0.21488084991152984,0.0,0.0,この先制限速度なし,この先目立った勾配なし,先行列車なし,後続列車なし,1.0,ブレーキが適切に作動し、delta_stopが1.19mで停止位置も適正、ノコギリ運転なしで安全かつ定時に停止できるため高評価。
393,Train11,次駅への減速フェーズ（駅手前400m以内）,ブレーキ（減速）中,1.0,惰行,15.0,70.0,70.0,2.0,2.8,1.4,2.0,0.21488084991152984,0.0,0.0,この先制限速度なし,この先目立った勾配なし,先行列車なし,後続列車なし,1.0,ブレーキが適切に掛かりdelta_stopが1.19mで停止位置が確保され、速度・CBTC制限を遵守しているため高評価とした。
394,Train11,次駅への減速フェーズ（駅手前400m以内）,ブレーキ（減速）中,6.0,惰行,3.0,70.0,70.0,2.0,2.8,1.4,2.0,0.21488084991152984,0.0,0.0,この先制限速度なし,この先目立った勾配なし,先行列車なし,後続列車なし,0.9,ブレーキが適切にかかりdelta_stopが1.19mで誤差≤5mの高評価範囲に入るため、定時性と安全性を確保し高評価とした。
395,Train11,次駅への減速フェーズ（駅手前400m以内）,ブレーキ（減速）中,6.0,惰行,15.0,70.0,70.0,2.0,2.8,1.4,2.0,0.21488084991152984,0.0,0.0,この先制限速度なし,この先目立った勾配なし,先行列車なし,後続列車なし,1.0,ブレーキが適切に掛かりdelta_stopが1.19mで停止位置が確保され、速度・信号遵守も完璧なため最高評価とした。
396,Train11,次駅への減速フェーズ（駅手前400m以内）,ブレーキ（減速）中,1.0,惰行,3.0,70.0,70.0,2.0,4.3,1.8,2.0,0.21488084991152984,0.0,0.0,この先制限速度なし,この先目立った勾配なし,先行列車なし,後続列車なし,1.0,ブレーキが適切に作動し、delta_stopが1.59mで許容範囲内、速度・信号遵守、ノコギリ運転なしと評価し高評価とした。
397,Train11,次駅への減速フェーズ（駅手前400m以内）,ブレーキ（減速）中,1.0,惰行,15.0,70.0,70.0,2.0,4.3,1.8,2.0,0.21488084991152984,0.0,0.0,この先制限速度なし,この先目立った勾配なし,先行列車なし,後続列車なし,1.0,減速フェーズでブレーキを適切に使用し、delta_stopが正で停止位置も確保できているため評価は高く、他項目に問題なし。
398,Train11,次駅への減速フェーズ（駅手前400m以内）,ブレーキ（減速）中,6.0,惰行,3.0,70.0,70.0,2.0,4.3,1.8,2.0,0.21488084991152984,0.0,0.0,この先制限速度なし,この先目立った勾配なし,先行列車なし,後続列車なし,0.9,次駅減速フェーズでブレーキが適切に掛かり、delta_stopが1.59mで停止位置が許容範囲内、CBTC・制限速度遵守、ノコギリ運転なしと判断し高評価とした。
399,Train11,次駅への減速フェーズ（駅手前400m以内）,ブレーキ（減速）中,6.0,惰行,15.0,70.0,70.0,2.0,4.3,1.8,2.0,0.21488084991152984,0.0,0.0,この先制限速度なし,この先目立った勾配なし,先行列車なし,後続列車なし,0.9,ブレーキ中でdelta_stopが1.59m（5m以内）かつ制限速度・CBTCを遵守しているため高評価とし0.9とした。
400,Train11,次駅への減速フェーズ（駅手前400m以内）,ブレーキ（減速）中,1.0,惰行,3.0,70.0,70.0,2.0,70.0,2.2,2.0,0.21488084991152984,0.0,0.0,この先制限速度なし,この先目立った勾配なし,先行列車なし,後続列車なし,0.2,短時間の惰行からブレーキへの反転が合理的理由なく行われたためノコギリ運転と判定し、上限0.3点に抑えた。
401,Train11,次駅への減速フェーズ（駅手前400m以内）,ブレーキ（減速）中,1.0,惰行,15.0,70.0,70.0,2.0,70.0,2.2,2.0,0.21488084991152984,0.0,0.0,この先制限速度なし,この先目立った勾配なし,先行列車なし,後続列車なし,1.0,ブレーキ中でdelta_stopが1.99mと±5m以内に収まり、停止位置が適切に確保されているため高評価とした。
402,Train11,次駅への減速フェーズ（駅手前400m以内）,ブレーキ（減速）中,6.0,惰行,3.0,70.0,70.0,2.0,70.0,2.2,2.0,0.21488084991152984,0.0,0.0,この先制限速度なし,この先目立った勾配なし,先行列車なし,後続列車なし,1.0,制限速度・CBTC信号を遵守し、delta_stopが1.99mで適切にブレーキ中。ノコギリ運転なし、エネルギー無駄もなく、停止位置精度が高いためreward=1.0とした。
403,Train11,次駅への減速フェーズ（駅手前400m以内）,ブレーキ（減速）中,6.0,惰行,15.0,70.0,70.0,2.0,70.0,2.2,2.0,0.21488084991152984,0.0,0.0,この先制限速度なし,この先目立った勾配なし,先行列車なし,後続列車なし,1.0,ブレーキが適切に作動し、delta_stopが1.99mで停止位置が確保されているため、全項目で問題なく評価し1.0とした。
404,Train11,次駅への減速フェーズ（駅手前400m以内）,ブレーキ（減速）中,1.0,惰行,3.0,70.0,70.0,2.0,70.0,2.6,2.0,0.21488084991152984,0.0,0.0,この先制限速度なし,この先目立った勾配なし,先行列車なし,後続列車なし,0.9,ブレーキ開始が適切なタイミングで、delta_stopが2.39mと許容範囲内のため停止位置は良好で、他に違反はなく高評価とした。
405,Train11,次駅への減速フェーズ（駅手前400m以内）,ブレーキ（減速）中,1.0,惰行,15.0,70.0,70.0,2.0,70.0,2.6,2.0,0.21488084991152984,0.0,0.0,この先制限速度なし,この先目立った勾配なし,先行列車なし,後続列車なし,1.0,ブレーキは停止位置に適切に合わせており、速度・信号超過がなく安全に減速しているため高評価。
406,Train11,次駅への減速フェーズ（駅手前400m以内）,ブレーキ（減速）中,6.0,惰行,3.0,70.0,70.0,2.0,70.0,2.6,2.0,0.21488084991152984,0.0,0.0,この先制限速度なし,この先目立った勾配なし,先行列車なし,後続列車なし,1.0,ブレーキで減速し、delta_stopが2.39mで5m以内の正確な停止位置が確保され、速度・CBTC制限を遵守しているため最高評価とした。
407,Train11,次駅への減速フェーズ（駅手前400m以内）,ブレーキ（減速）中,6.0,惰行,15.0,70.0,70.0,2.0,70.0,2.6,2.0,0.21488084991152984,0.0,0.0,この先制限速度なし,この先目立った勾配なし,先行列車なし,後続列車なし,1.0,ブレーキが適切に作動し、delta_stopが2.39mで5m以内の高評価範囲に入り、制限速度・CBTC・ノコギリ運転等の問題がないため最高評価とした。
408,Train11,次駅への減速フェーズ（駅手前400m以内）,ブレーキ（減速）中,1.0,惰行,3.0,70.0,70.0,2.0,70.0,3.0,2.0,0.21488084991152984,0.0,0.0,この先制限速度なし,この先目立った勾配なし,先行列車なし,後続列車なし,0.9,次駅減速フェーズでブレーキ中、delta_stopが2.79mで±5m以内かつ速度・CBTC制限遵守、ノコギリ運転なしと判断し高評価とした。
409,Train11,次駅への減速フェーズ（駅手前400m以内）,ブレーキ（減速）中,1.0,惰行,15.0,70.0,70.0,2.0,70.0,3.0,2.0,0.21488084991152984,0.0,0.0,この先制限速度なし,この先目立った勾配なし,先行列車なし,後続列車なし,1.0,ブレーキが適切に作動しdelta_stopが2.79mで許容範囲内、速度・信号遵守、ノコギリ運転なしで定時・省エネが保たれたため。
410,Train11,次駅への減速フェーズ（駅手前400m以内）,ブレーキ（減速）中,6.0,惰行,3.0,70.0,70.0,2.0,70.0,3.0,2.0,0.21488084991152984,0.0,0.0,この先制限速度なし,この先目立った勾配なし,先行列車なし,後続列車なし,0.9,ブレーキが6秒続き、delta_stopが2.79 mで許容範囲内のため、次駅減速フェーズで適切に減速しており高評価とした。
411,Train11,次駅への減速フェーズ（駅手前400m以内）,ブレーキ（減速）中,6.0,惰行,15.0,70.0,70.0,2.0,70.0,3.0,2.0,0.21488084991152984,0.0,0.0,この先制限速度なし,この先目立った勾配なし,先行列車なし,後続列車なし,0.9,ブレーキ中で速度2km/h、delta_stopが2.79mと5m以内で安全に停止でき、速度・信号超過なしのため高評価。
412,Train11,次駅への減速フェーズ（駅手前400m以内）,ブレーキ（減速）中,1.0,惰行,3.0,70.0,70.0,2.0,70.0,3.5,2.0,0.21488084991152984,0.0,0.0,この先制限速度なし,この先目立った勾配なし,先行列車なし,後続列車なし,1.0,ブレーキが適切に掛かり、delta_stopが3.29mで5m以内の高評価範囲にあり、速度・信号遵守も問題なく、ノコギリ運転と判定されないため最高評価とした。
413,Train11,次駅への減速フェーズ（駅手前400m以内）,ブレーキ（減速）中,1.0,惰行,15.0,70.0,70.0,2.0,70.0,3.5,2.0,0.21488084991152984,0.0,0.0,この先制限速度なし,この先目立った勾配なし,先行列車なし,後続列車なし,1.0,ブレーキ中でdelta_stopが3.29m（5m以内）かつ速度・信号遵守、遅延なしで安全に停止できるため高評価。
414,Train11,次駅への減速フェーズ（駅手前400m以内）,ブレーキ（減速）中,6.0,惰行,3.0,70.0,70.0,2.0,70.0,3.5,2.0,0.21488084991152984,0.0,0.0,この先制限速度なし,この先目立った勾配なし,先行列車なし,後続列車なし,1.0,ブレーキが適切に掛かっており、delta_stopが3.29mで5m以内の誤差なので高評価とし、他項目に問題なし。
415,Train11,次駅への減速フェーズ（駅手前400m以内）,ブレーキ（減速）中,6.0,惰行,15.0,70.0,70.0,2.0,70.0,3.5,2.0,0.21488084991152984,0.0,0.0,この先制限速度なし,この先目立った勾配なし,先行列車なし,後続列車なし,1.0,ブレーキが適切に掛かり、delta_stopが3.29mで5m以内の誤差、速度・信号遵守、ノコギリ運転なしと評価し最高点とした。
416,Train11,次駅への減速フェーズ（駅手前400m以内）,ブレーキ（減速）中,1.0,惰行,3.0,70.0,70.0,2.5,2.5,0.1,2.0,0.33571382522419596,0.0,0.0,この先制限速度なし,この先目立った勾配なし,先行列車なし,後続列車なし,1.0,ブレーキが適切に作動しΔstopが±5m以内で停止位置も許容範囲、速度制限・CBTC遵守、ノコギリ運転なしと評価し最高点とした。
417,Train11,次駅への減速フェーズ（駅手前400m以内）,ブレーキ（減速）中,1.0,惰行,15.0,70.0,70.0,2.5,2.5,0.1,2.0,0.33571382522419596,0.0,0.0,この先制限速度なし,この先目立った勾配なし,先行列車なし,後続列車なし,0.6,ブレーキ中にδ=-0.24mの軽微な遅れがありやや減点となり、0.5〜0.7の範囲で評価し0.6とした。
418,Train11,次駅への減速フェーズ（駅手前400m以内）,ブレーキ（減速）中,6.0,惰行,3.0,70.0,70.0,2.5,2.5,0.1,2.0,0.33571382522419596,0.0,0.0,この先制限速度なし,この先目立った勾配なし,先行列車なし,後続列車なし,1.0,ブレーキで適切に減速し、Δstopが-0.24mで許容範囲内、速度・信号遵守、ノコギリ運転なしと評価し最高点（1.0）とした。
419,Train11,次駅への減速フェーズ（駅手前400m以内）,ブレーキ（減速）中,6.0,惰行,15.0,70.0,70.0,2.5,2.5,0.1,2.0,0.33571382522419596,0.0,0.0,この先制限速度なし,この先目立った勾配なし,先行列車なし,後続列車なし,1.0,ブレーキ中でdelta_stopが-0.24mと±5m以内であり、速度・信号遵守・ノコギリ運転なしで適切に停止できているため高評価。
420,Train11,次駅への減速フェーズ（駅手前400m以内）,ブレーキ（減速）中,1.0,惰行,3.0,70.0,70.0,2.5,2.5,0.2,2.0,0.33571382522419596,0.0,0.0,この先制限速度なし,この先目立った勾配なし,先行列車なし,後続列車なし,1.0,次駅減速フェーズでブレーキが適切に作動し、delta_stopが±5m以内で安全に停止できるため高評価とした。
421,Train11,次駅への減速フェーズ（駅手前400m以内）,ブレーキ（減速）中,1.0,惰行,15.0,70.0,70.0,2.5,2.5,0.2,2.0,0.33571382522419596,0.0,0.0,この先制限速度なし,この先目立った勾配なし,先行列車なし,後続列車なし,1.0,ブレーキが適切に掛かりdelta_stopが-0.14mで許容範囲内、速度・信号遵守、ノコギリ運転なしのため最高評価とした。
422,Train11,次駅への減速フェーズ（駅手前400m以内）,ブレーキ（減速）中,6.0,惰行,3.0,70.0,70.0,2.5,2.5,0.2,2.0,0.33571382522419596,0.0,0.0,この先制限速度なし,この先目立った勾配なし,先行列車なし,後続列車なし,0.6,ブレーキ中のδ_stopが-0.14mでやや過走となり、次駅減速フェーズでやや減点と判断したが、速度制限・CBTC遵守で他は問題なし。
423,Train11,次駅への減速フェーズ（駅手前400m以内）,ブレーキ（減速）中,6.0,惰行,15.0,70.0,70.0,2.5,2.5,0.2,2.0,0.33571382522419596,0.0,0.0,この先制限速度なし,この先目立った勾配なし,先行列車なし,後続列車なし,1.0,次駅減速フェーズで適切にブレーキをかけ、速度・信号・停止位置すべて基準を満たし、ノコギリ運転や余分な力行もなく評価は最高点とした。
424,Train11,次駅への減速フェーズ（駅手前400m以内）,ブレーキ（減速）中,1.0,惰行,3.0,70.0,70.0,2.5,2.5,0.35,2.0,0.33571382522419596,0.0,0.0,この先制限速度なし,この先目立った勾配なし,先行列車なし,後続列車なし,1.0,ブレーキ中でdelta_stopが0.01mと許容範囲内、速度も信号以下で安全に停止できるため高評価。
425,Train11,次駅への減速フェーズ（駅手前400m以内）,ブレーキ（減速）中,1.0,惰行,15.0,70.0,70.0,2.5,2.5,0.35,2.0,0.33571382522419596,0.0,0.0,この先制限速度なし,この先目立った勾配なし,先行列車なし,後続列車なし,1.0,ブレーキが適切に掛かりdelta_stopが0.01mと許容範囲内で、速度・信号・制限をすべて遵守しているため高評価とした。
426,Train11,次駅への減速フェーズ（駅手前400m以内）,ブレーキ（減速）中,6.0,惰行,3.0,70.0,70.0,2.5,2.5,0.35,2.0,0.33571382522419596,0.0,0.0,この先制限速度なし,この先目立った勾配なし,先行列車なし,後続列車なし,1.0,ブレーキが適切に作動し、停止位置誤差が±5m以内で安全に駅停車できるため高評価とした。
427,Train11,次駅への減速フェーズ（駅手前400m以内）,ブレーキ（減速）中,6.0,惰行,15.0,70.0,70.0,2.5,2.5,0.35,2.0,0.33571382522419596,0.0,0.0,この先制限速度なし,この先目立った勾配なし,先行列車なし,後続列車なし,1.0,ブレーキ中にdelta_stopが0.01mで許容範囲内、速度・CBTC制限遵守、ノコギリ運転なし、停止位置適切のため最高評価とした。
428,Train11,次駅への減速フェーズ（駅手前400m以内）,ブレーキ（減速）中,1.0,惰行,3.0,70.0,70.0,2.5,2.5,0.5,2.0,0.33571382522419596,0.0,0.0,この先制限速度なし,この先目立った勾配なし,先行列車なし,後続列車なし,1.0,ブレーキが適切に作動し、delta_stopが0.16mで停止位置が確保でき、速度・信号・安全基準すべて遵守しているため高評価とした。
429,Train11,次駅への減速フェーズ（駅手前400m以内）,ブレーキ（減速）中,1.0,惰行,15.0,70.0,70.0,2.5,2.5,0.5,2.0,0.33571382522419596,0.0,0.0,この先制限速度なし,この先目立った勾配なし,先行列車なし,後続列車なし,1.0,ブレーキが適切にかかりdelta_stopが0.16mで停止位置が確保でき、速度・信号超過なしで安全に減速しているため高評価とした。
430,Train11,次駅への減速フェーズ（駅手前400m以内）,ブレーキ（減速）中,6.0,惰行,3.0,70.0,70.0,2.5,2.5,0.5,2.0,0.33571382522419596,0.0,0.0,この先制限速度なし,この先目立った勾配なし,先行列車なし,後続列車なし,1.0,次駅減速フェーズでブレーキが適切に作動し、delta_stopが0.16mで停止位置が確保されているため高評価。
431,Train11,次駅への減速フェーズ（駅手前400m以内）,ブレーキ（減速）中,6.0,惰行,15.0,70.0,70.0,2.5,2.5,0.5,2.0,0.33571382522419596,0.0,0.0,この先制限速度なし,この先目立った勾配なし,先行列車なし,後続列車なし,1.0,ブレーキが適切に掛かりdelta_stopが0.16mで停止位置誤差が小さく、速度・信号遵守も問題なく評価が高く1.0とした。
432,Train11,次駅への減速フェーズ（駅手前400m以内）,ブレーキ（減速）中,1.0,惰行,3.0,70.0,70.0,2.5,2.5,0.7,2.0,0.33571382522419596,0.0,0.0,この先制限速度なし,この先目立った勾配なし,先行列車なし,後続列車なし,1.0,次駅減速フェーズでブレーキが適切に作動し、delta_stopが0.36mで停止位置が確保され、速度・信号超過なし。
433,Train11,次駅への減速フェーズ（駅手前400m以内）,ブレーキ（減速）中,1.0,惰行,15.0,70.0,70.0,2.5,2.5,0.7,2.0,0.33571382522419596,0.0,0.0,この先制限速度なし,この先目立った勾配なし,先行列車なし,後続列車なし,1.0,次駅減速フェーズでブレーキが適切に作動し、delta_stopが0.36mで停止位置が確保され、速度・信号遵守、遅延なしのため評価は最高とした。
434,Train11,次駅への減速フェーズ（駅手前400m以内）,ブレーキ（減速）中,6.0,惰行,3.0,70.0,70.0,2.5,2.5,0.7,2.0,0.33571382522419596,0.0,0.0,この先制限速度なし,この先目立った勾配なし,先行列車なし,後続列車なし,0.2,惰行から減速への短時間切替が合理的理由なく行われ、ノコギリ運転と判定されreward上限が0.1〜0.3に制限されたため0.2とした。
435,Train11,次駅への減速フェーズ（駅手前400m以内）,ブレーキ（減速）中,6.0,惰行,15.0,70.0,70.0,2.5,2.5,0.7,2.0,0.33571382522419596,0.0,0.0,この先制限速度なし,この先目立った勾配なし,先行列車なし,後続列車なし,1.0,ブレーキが適切なタイミングで作動し、delta_stopが0.36mで安全に駅停車できるため高評価とした。
436,Train11,次駅への減速フェーズ（駅手前400m以内）,ブレーキ（減速）中,1.0,惰行,3.0,70.0,70.0,2.5,2.5,0.9,2.0,0.33571382522419596,0.0,0.0,この先制限速度なし,この先目立った勾配なし,先行列車なし,後続列車なし,1.0,減速フェーズで適切にブレーキを開始し、delta_stopが0.56mで停止位置が確保され、速度・CBTC制限を遵守、ノコギリ運転も合理的な切替であるため高評価。
437,Train11,次駅への減速フェーズ（駅手前400m以内）,ブレーキ（減速）中,1.0,惰行,15.0,70.0,70.0,2.5,2.5,0.9,2.0,0.33571382522419596,0.0,0.0,この先制限速度なし,この先目立った勾配なし,先行列車なし,後続列車なし,0.9,ブレーキで適切に減速し、delta_stopが0.56mで5m以内の誤差となり安全に停止できるため高評価とした。
438,Train11,次駅への減速フェーズ（駅手前400m以内）,ブレーキ（減速）中,6.0,惰行,3.0,70.0,70.0,2.5,2.5,0.9,2.0,0.33571382522419596,0.0,0.0,この先制限速度なし,この先目立った勾配なし,先行列車なし,後続列車なし,1.0,次駅減速フェーズで適切にブレーキをかけ、停止位置も許容範囲内であり、速度超過やノコギリ運転はなく最高評価とした。
439,Train11,次駅への減速フェーズ（駅手前400m以内）,ブレーキ（減速）中,6.0,惰行,15.0,70.0,70.0,2.5,2.5,0.9,2.0,0.33571382522419596,0.0,0.0,この先制限速度なし,この先目立った勾配なし,先行列車なし,後続列車なし,1.0,次駅減速フェーズでブレーキが適切にかかり、delta_stopが0.56mで停止位置が確保されているため評価は高く、他に違反なし。
440,Train11,次駅への減速フェーズ（駅手前400m以内）,ブレーキ（減速）中,1.0,惰行,3.0,70.0,70.0,2.5,2.5,1.1,2.0,0.33571382522419596,0.0,0.0,この先制限速度なし,この先目立った勾配なし,先行列車なし,後続列車なし,0.9,次駅減速フェーズでブレーキが適切にかかり、delta_stopが0.76mで停止位置が確保され、速度・信号超過なし、ノコギリ運転は合理的停止調整のため該当せず、評価は高く0.9とした。
441,Train11,次駅への減速フェーズ（駅手前400m以内）,ブレーキ（減速）中,1.0,惰行,15.0,70.0,70.0,2.5,2.5,1.1,2.0,0.33571382522419596,0.0,0.0,この先制限速度なし,この先目立った勾配なし,先行列車なし,後続列車なし,1.0,ブレーキが適切にかかりdelta_stopが0.76mで5m以内、速度も制限内であり、ノコギリ運転なしと評価し高評価とした。
442,Train11,次駅への減速フェーズ（駅手前400m以内）,ブレーキ（減速）中,6.0,惰行,3.0,70.0,70.0,2.5,2.5,1.1,2.0,0.33571382522419596,0.0,0.0,この先制限速度なし,この先目立った勾配なし,先行列車なし,後続列車なし,1.0,次駅減速フェーズでブレーキを適切に適用し、delta_stopが0.76mで停止位置が確保できているため高評価とし、rewardは1.0とした。
443,Train11,次駅への減速フェーズ（駅手前400m以内）,ブレーキ（減速）中,6.0,惰行,15.0,70.0,70.0,2.5,2.5,1.1,2.0,0.33571382522419596,0.0,0.0,この先制限速度なし,この先目立った勾配なし,先行列車なし,後続列車なし,1.0,ブレーキ中でdelta_stopが0.76mと許容範囲内、速度・信号遵守、ノコギリ運転なしで適切な減速と判断し高評価。
444,Train11,次駅への減速フェーズ（駅手前400m以内）,ブレーキ（減速）中,1.0,惰行,3.0,70.0,70.0,2.5,3.3,1.4,2.0,0.33571382522419596,0.0,0.0,この先制限速度なし,この先目立った勾配なし,先行列車なし,後続列車なし,1.0,ブレーキは適切に行われ、delta_stopが1.06mで5m以内の誤差となり、制限速度・CBTC違反もなく、ノコギリ運転でもないため高評価とした。
445,Train11,次駅への減速フェーズ（駅手前400m以内）,ブレーキ（減速）中,1.0,惰行,15.0,70.0,70.0,2.5,3.3,1.4,2.0,0.33571382522419596,0.0,0.0,この先制限速度なし,この先目立った勾配なし,先行列車なし,後続列車なし,1.0,ブレーキが適切に作動し、delta_stopが1.06mで停止位置は許容範囲内、速度・信号遵守、ノコギリ運転なしのため高評価とした。
446,Train11,次駅への減速フェーズ（駅手前400m以内）,ブレーキ（減速）中,6.0,惰行,3.0,70.0,70.0,2.5,3.3,1.4,2.0,0.33571382522419596,0.0,0.0,この先制限速度なし,この先目立った勾配なし,先行列車なし,後続列車なし,1.0,ブレーキが適切に作動し、delta_stopが1.06mで停止位置も許容範囲内、ノコギリ運転なしで安全かつ定時に停止できるため高評価。
447,Train11,次駅への減速フェーズ（駅手前400m以内）,ブレーキ（減速）中,6.0,惰行,15.0,70.0,70.0,2.5,3.3,1.4,2.0,0.33571382522419596,0.0,0.0,この先制限速度なし,この先目立った勾配なし,先行列車なし,後続列車なし,0.9,ブレーキはdelta_stopが1.06mで許容範囲内、速度・信号遵守、ノコギリ運転なしで安全に停止できるため高評価。
448,Train11,次駅への減速フェーズ（駅手前400m以内）,ブレーキ（減速）中,1.0,惰行,3.0,70.0,70.0,2.5,4.0,1.8,2.0,0.33571382522419596,0.0,0.0,この先制限速度なし,この先目立った勾配なし,先行列車なし,後続列車なし,0.9,ブレーキ中で delta_stop が 1.46 m（±5 m）以内であり、速度は制限・CBTC を遵守、ノコギリ運転の合理的理由があるため安全かつ適切と判断し高評価とした。
449,Train11,次駅への減速フェーズ（駅手前400m以内）,ブレーキ（減速）中,1.0,惰行,15.0,70.0,70.0,2.5,4.0,1.8,2.0,0.33571382522419596,0.0,0.0,この先制限速度なし,この先目立った勾配なし,先行列車なし,後続列車なし,1.0,ブレーキ中でdelta_stopが1.46m（5m以内）かつ速度・信号制限を遵守し安全に停止できるため高評価とした。
450,Train11,次駅への減速フェーズ（駅手前400m以内）,ブレーキ（減速）中,6.0,惰行,3.0,70.0,70.0,2.5,4.0,1.8,2.0,0.33571382522419596,0.0,0.0,この先制限速度なし,この先目立った勾配なし,先行列車なし,後続列車なし,1.0,ブレーキが適切にかかりdelta_stopが1.46mで5m以内の高評価範囲に入り、停止位置達成が確実なため最高評価とした。
451,Train11,次駅への減速フェーズ（駅手前400m以内）,ブレーキ（減速）中,6.0,惰行,15.0,70.0,70.0,2.5,4.0,1.8,2.0,0.33571382522419596,0.0,0.0,この先制限速度なし,この先目立った勾配なし,先行列車なし,後続列車なし,1.0,ブレーキ中でdelta_stopが1.46mと許容範囲内、速度制限・CBTC遵守、ノコギリ運転なしで適切と判断しreward=1.0。
452,Train11,次駅への減速フェーズ（駅手前400m以内）,ブレーキ（減速）中,1.0,惰行,3.0,70.0,70.0,2.5,4.8,2.2,2.0,0.33571382522419596,0.0,0.0,この先制限速度なし,この先目立った勾配なし,先行列車なし,後続列車なし,1.0,ブレーキが適切に作動し、delta_stopが1.86mで停止位置が確実に確保されているため高評価とした。
453,Train11,次駅への減速フェーズ（駅手前400m以内）,ブレーキ（減速）中,1.0,惰行,15.0,70.0,70.0,2.5,4.8,2.2,2.0,0.33571382522419596,0.0,0.0,この先制限速度なし,この先目立った勾配なし,先行列車なし,後続列車なし,1.0,ブレーキで適切に減速し、停止位置も許容範囲内であり、速度・信号違反なしで安全に停止できるため高評価とします。
454,Train11,次駅への減速フェーズ（駅手前400m以内）,ブレーキ（減速）中,6.0,惰行,3.0,70.0,70.0,2.5,4.8,2.2,2.0,0.33571382522419596,0.0,0.0,この先制限速度なし,この先目立った勾配なし,先行列車なし,後続列車なし,1.0,ブレーキが適切にかかりdelta_stopが1.86mで停止位置が確保でき、ノコギリ運転とみなされないため高評価とした。
455,Train11,次駅への減速フェーズ（駅手前400m以内）,ブレーキ（減速）中,6.0,惰行,15.0,70.0,70.0,2.5,4.8,2.2,2.0,0.33571382522419596,0.0,0.0,この先制限速度なし,この先目立った勾配なし,先行列車なし,後続列車なし,0.9,ブレーキが適切に掛かり、delta_stopが1.86mで停止位置誤差が5m以内のため高評価とし、rewardを0.9とした。
456,Train11,次駅への減速フェーズ（駅手前400m以内）,ブレーキ（減速）中,1.0,惰行,3.0,70.0,70.0,2.5,70.0,2.6,2.0,0.33571382522419596,0.0,0.0,この先制限速度なし,この先目立った勾配なし,先行列車なし,後続列車なし,0.9,ブレーキが適切に作動し、delta_stopが2.26mで停止位置が確保できるため高評価とした。
457,Train11,次駅への減速フェーズ（駅手前400m以内）,ブレーキ（減速）中,1.0,惰行,15.0,70.0,70.0,2.5,70.0,2.6,2.0,0.33571382522419596,0.0,0.0,この先制限速度なし,この先目立った勾配なし,先行列車なし,後続列車なし,1.0,ブレーキで減速し、delta_stopが2.26mで5m以内の誤差となり停止位置が適切に確保できているため高評価とした。
458,Train11,次駅への減速フェーズ（駅手前400m以内）,ブレーキ（減速）中,6.0,惰行,3.0,70.0,70.0,2.5,70.0,2.6,2.0,0.33571382522419596,0.0,0.0,この先制限速度なし,この先目立った勾配なし,先行列車なし,後続列車なし,1.0,ブレーキが適切にかかりdelta_stopが2.26mで誤差≤5mの高評価範囲、速度・信号遵守、ノコギリ運転なしのため最高評価とした。
459,Train11,次駅への減速フェーズ（駅手前400m以内）,ブレーキ（減速）中,6.0,惰行,15.0,70.0,70.0,2.5,70.0,2.6,2.0,0.33571382522419596,0.0,0.0,この先制限速度なし,この先目立った勾配なし,先行列車なし,後続列車なし,0.9,ブレーキが適切に掛かりdelta_stopが2.26mで許容範囲内、速度・信号超過なし、ノコギリ運転なしのため高評価とした。
460,Train11,次駅への減速フェーズ（駅手前400m以内）,ブレーキ（減速）中,1.0,惰行,3.0,70.0,70.0,2.5,70.0,3.0,2.0,0.33571382522419596,0.0,0.0,この先制限速度なし,この先目立った勾配なし,先行列車なし,後続列車なし,0.9,ブレーキが適切に作動し、delta_stopが2.66mで停止位置が許容範囲内、速度制限・CBTC遵守、ノコギリ運転なしと評価し高評価とした。
461,Train11,次駅への減速フェーズ（駅手前400m以内）,ブレーキ（減速）中,1.0,惰行,15.0,70.0,70.0,2.5,70.0,3.0,2.0,0.33571382522419596,0.0,0.0,この先制限速度なし,この先目立った勾配なし,先行列車なし,後続列車なし,0.9,ブレーキ中でdelta_stopが2.66mと5m以内に収まり、信号・制限速度を遵守しているため高評価とした。
462,Train11,次駅への減速フェーズ（駅手前400m以内）,ブレーキ（減速）中,6.0,惰行,3.0,70.0,70.0,2.5,70.0,3.0,2.0,0.33571382522419596,0.0,0.0,この先制限速度なし,この先目立った勾配なし,先行列車なし,後続列車なし,1.0,ブレーキ中でdelta_stopが2.66mと許容範囲内、信号・制限速度遵守、ノコギリ運転は合理的理由ありのため高評価。
463,Train11,次駅への減速フェーズ（駅手前400m以内）,ブレーキ（減速）中,6.0,惰行,15.0,70.0,70.0,2.5,70.0,3.0,2.0,0.33571382522419596,0.0,0.0,この先制限速度なし,この先目立った勾配なし,先行列車なし,後続列車なし,0.9,ブレーキが適切に掛かりdelta_stopが2.66mで許容範囲内のため高評価とし、rewardを0.9とした。
464,Train11,次駅への減速フェーズ（駅手前400m以内）,ブレーキ（減速）中,1.0,惰行,3.0,70.0,70.0,2.5,70.0,3.5,2.0,0.33571382522419596,0.0,0.0,この先制限速度なし,この先目立った勾配なし,先行列車なし,後続列車なし,1.0,ブレーキで適切に減速し、delta_stopが5m以内で停止位置が許容範囲内のため高評価とした。
465,Train11,次駅への減速フェーズ（駅手前400m以内）,ブレーキ（減速）中,1.0,惰行,15.0,70.0,70.0,2.5,70.0,3.5,2.0,0.33571382522419596,0.0,0.0,この先制限速度なし,この先目立った勾配なし,先行列車なし,後続列車なし,0.9,ブレーキがdelta_stop=3.16mの適切な位置で行われ、信号・速度制限を遵守し、ノコギリ運転もなく定時到着が確保されているため高評価とした。
466,Train11,次駅への減速フェーズ（駅手前400m以内）,ブレーキ（減速）中,6.0,惰行,3.0,70.0,70.0,2.5,70.0,3.5,2.0,0.33571382522419596,0.0,0.0,この先制限速度なし,この先目立った勾配なし,先行列車なし,後続列車なし,0.2,ブレーキ前の3秒間の惰行からの急速な切替が合理的理由なくノコギリ運転と判定され、報酬上限が0.3に制限されたため0.2とした。
467,Train11,次駅への減速フェーズ（駅手前400m以内）,ブレーキ（減速）中,6.0,惰行,15.0,70.0,70.0,2.5,70.0,3.5,2.0,0.33571382522419596,0.0,0.0,この先制限速度なし,この先目立った勾配なし,先行列車なし,後続列車なし,1.0,ブレーキが適切に作動し、delta_stopが5m以内で停止位置が確保されているため高評価とし、他に問題はない。
