time,train_id,phase,current_notch,holding_time,prev_notch,prev_notch_duration,speed_limit,signal_speed,current_speed,required_speed,dist_to_next_station,time_to_next_station,req_stop_dist,delay,current_gradient,next_limit_info,next_gradient_info,forward_info,backward_info,reward,reason
0.0,Train11,駅出発直後の加速フェーズ（20秒以内）,力行（加速）中,1.0,ブレーキ（減速）,30.0,70.0,70.0,0.0,55.4,2178.000000000001,180.0,0.0,0.0,-2.1,この先制限速度なし,387m先に下り勾配6.7‰あり,先行列車なし,後続列車なし,1.0,加速フェーズで必要速度未達のため力行を継続し、速度・信号・制限をすべて遵守、ノコギリ運転もなく評価が最高となり1.0とした。
1.0,Train11,駅出発直後の加速フェーズ（20秒以内）,力行（加速）中,2.0,ブレーキ（減速）,30.0,70.0,70.0,3.1655461647722727,55.6,2177.552031426483,179.0,0.5540439496433487,0.0,-2.1,この先制限速度なし,386m先に下り勾配6.7‰あり,先行列車なし,後続列車なし,1.0,加速フェーズで必要速度未達のため力行は適切で、速度・信号・制限を遵守し、ノコギリ運転でもなく全項目で問題なしと判断した。
2.0,Train11,駅出発直後の加速フェーズ（20秒以内）,力行（加速）中,3.0,ブレーキ（減速）,30.0,70.0,70.0,6.166266910487602,55.6,2176.2480601784305,178.0,2.1007061134517437,0.0,-2.1,この先制限速度なし,384m先に下り勾配6.7‰あり,先行列車なし,後続列車なし,1.0,加速フェーズで必要速度未達だが力行継続は適切で、速度・信号超過なし、ノコギリ運転も発生せず、上位評価項目すべて満たすため最高評価とした。
3.0,Train11,駅出発直後の加速フェーズ（20秒以内）,力行（加速）中,4.0,ブレーキ（減速）,30.0,70.0,70.0,9.01037060950777,55.6,2174.132710937684,177.0,4.481937664682632,0.0,-2.1,この先制限速度なし,381m先に下り勾配6.7‰あり,先行列車なし,後続列車なし,1.0,加速フェーズで必要速度未達のため力行が適切であり、速度・信号制限を遵守し、ノコギリ運転や間隔問題もなく、全項目がOKのため最高評価とした。
4.0,Train11,駅出発直後の加速フェーズ（20秒以内）,力行（加速）中,5.0,ブレーキ（減速）,30.0,70.0,70.0,11.705695795979539,55.6,2171.248380451793,176.0,7.55831232746583,0.0,-2.1,この先制限速度なし,377m先に下り勾配6.7‰あり,先行列車なし,後続列車なし,1.0,加速フェーズで必要速度未達だが適切に力行し、速度・信号遵守、ノコギリ運転なしで高評価とした。
5.0,Train11,駅出発直後の加速フェーズ（20秒以内）,力行（加速）中,6.0,ブレーキ（減速）,30.0,70.0,70.0,14.259723701053257,55.8,2167.6353385103334,175.0,11.207169630305838,0.0,-2.1,この先制限速度なし,373m先に下り勾配6.7‰あり,先行列車なし,後続列車なし,1.0,加速フェーズで必要速度未達だが、現在は力行中であり、速度・信号制限・停車位置等に問題なく、ノコギリ運転にも該当しないため高評価とした。
6.0,Train11,駅出発直後の加速フェーズ（20秒以内）,力行（加速）中,7.0,ブレーキ（減速）,30.0,70.0,70.0,16.679590829763864,55.4,2163.3318254315873,174.0,15.32090276844218,0.0,-2.1,この先制限速度なし,368m先に下り勾配6.7‰あり,先行列車なし,後続列車なし,1.0,加速フェーズで必要速度未達だが、適切に力行を継続し制限・信号を遵守、ノコギリ運転なしと判断し最高評価とした。
7.0,Train11,駅出発直後の加速フェーズ（20秒以内）,力行（加速）中,8.0,ブレーキ（減速）,30.0,70.0,70.0,18.972101512263023,55.8,2158.374146057838,173.0,19.80538826026195,0.0,-2.1,この先制限速度なし,362m先に下り勾配6.7‰あり,先行列車なし,後続列車なし,1.0,加速フェーズで必要速度未達だが力行継続は適切で、速度・信号遵守、ノコギリ運転なし、安全性も確保されている点が評価に寄与する。
8.0,Train11,駅出発直後の加速フェーズ（20秒以内）,力行（加速）中,9.0,ブレーキ（減速）,30.0,70.0,70.0,21.143740370988105,55.4,2152.7967602747963,172.0,24.578551221670597,0.0,-2.1,この先制限速度なし,356m先に下り勾配6.7‰あり,先行列車なし,後続列車なし,1.0,加速フェーズで速度制限・CBTC遵守、ノコギリ運転なし、必要な加速を継続し、全項目で問題がないため最高評価とした。
9.0,Train11,駅出発直後の加速フェーズ（20秒以内）,力行（加速）中,10.0,ブレーキ（減速）,30.0,70.0,70.0,23.200684653441794,55.8,2146.6323700855482,171.0,29.569060133539022,0.0,-2.1,この先制限速度なし,349m先に下り勾配6.7‰あり,先行列車なし,後続列車なし,1.0,加速フェーズで必要速度未達だが制限速度・信号遵守、ノコギリ運転なし、他条件すべて適合のため最高評価とした。
10.0,Train11,駅出発直後の加速フェーズ（20秒以内）,力行（加速）中,11.0,ブレーキ（減速）,30.0,70.0,70.0,25.14881638758307,55.6,2139.9120032828982,170.0,34.715142846549554,0.0,-2.1,この先制限速度なし,342m先に下り勾配6.7‰あり,先行列車なし,後続列車なし,1.0,加速フェーズで必要速度未達のため力行は適切で、速度・信号制限を遵守し、ノコギリ運転や間隔問題もなく、全項目がOKであるため評価は最高点とした。
11.0,Train11,駅出発直後の加速フェーズ（20秒以内）,力行（加速）中,12.0,ブレーキ（減速）,30.0,70.0,70.0,26.993734323444887,55.6,2132.665093774268,169.0,39.963516196805514,0.0,-2.1,この先制限速度なし,334m先に下り勾配6.7‰あり,先行列車なし,後続列車なし,1.0,加速フェーズでrequired_speed未達だが力行は適切で、速度・信号遵守、停止余裕、ノコギリ運転なし、間隔問題なし、エネルギー効率も妥当なため最高評価とした。
12.0,Train11,駅出発直後の加速フェーズ（20秒以内）,力行（加速）中,13.0,ブレーキ（減速）,30.0,70.0,70.0,28.74076563054452,55.6,2124.919558623116,168.0,45.26842050023039,0.0,-2.1,この先制限速度なし,326m先に下り勾配6.7‰あり,先行列車なし,後続列車なし,1.0,加速フェーズで制限速度・信号を遵守し、必要な力行を継続しているため評価は高く、減点要因はなし。
13.0,Train11,駅出発直後の加速フェーズ（20秒以内）,力行（加速）中,14.0,ブレーキ（減速）,30.0,70.0,70.0,30.39497732598752,55.6,2116.701871878522,167.0,50.590751129929444,0.0,-2.1,この先制限速度なし,318m先に下り勾配6.7‰あり,先行列車なし,後続列車なし,1.0,加速フェーズで必要速度未達だが適切に力行しており、速度・信号超過やノコギリ運転等の違反がないため最高評価とした。
14.0,Train11,駅出発直後の加速フェーズ（20秒以内）,力行（加速）中,15.0,ブレーキ（減速）,30.0,70.0,70.0,31.96118741293167,55.6,2108.0371352702264,166.0,55.89727882133326,0.0,-2.1,この先制限速度なし,308m先に下り勾配6.7‰あり,先行列車なし,後続列車なし,1.0,加速フェーズでrequired_speed未達のため力行は適切、速度・信号遵守、ノコギリ運転なしと評価し最高点とした。
15.0,Train11,駅出発直後の加速フェーズ（20秒以内）,力行（加速）中,16.0,ブレーキ（減速）,30.0,70.0,70.0,33.38956556163591,55.7,2098.9567704531,165.0,60.962744482185535,0.0,-2.1,この先制限速度なし,299m先に下り勾配6.7‰あり,先行列車なし,後続列車なし,1.0,制限速度・CBTC信号を遵守し、加速フェーズでの力行は必要速度未達ながら適切で、ノコギリ運転もなく、間隔問題もなし。
16.0,Train11,駅出発直後の加速フェーズ（20秒以内）,力行（加速）中,17.0,ブレーキ（減速）,30.0,70.0,70.0,34.74124400116306,55.5,2089.490565453438,164.0,65.9540298982678,0.0,-2.1,この先制限速度なし,289m先に下り勾配6.7‰あり,先行列車なし,後続列車なし,1.0,加速フェーズでrequired_speed未達のため適切に力行し、速度・CBTC制限を遵守、ノコギリ運転なしと判断し最高評価とした。
17.0,Train11,駅出発直後の加速フェーズ（20秒以内）,力行（加速）中,18.0,ブレーキ（減速）,30.0,70.0,70.0,36.020771480221505,55.8,2079.6591052485524,163.0,70.85555172406373,0.0,-2.1,この先制限速度なし,279m先に下り勾配6.7‰あり,先行列車なし,後続列車なし,1.0,加速フェーズでrequired_speed未達のため力行は適切で、速度・信号・制限速度を遵守し、ノコギリ運転もなく評価は最高点とした。
18.0,Train11,駅出発直後の加速フェーズ（20秒以内）,力行（加速）中,19.0,ブレーキ（減速）,30.0,70.0,70.0,37.231931443069435,55.6,2069.481896506094,162.0,75.65297642941177,0.0,-2.1,この先制限速度なし,268m先に下り勾配6.7‰あり,先行列車なし,後続列車なし,1.0,加速フェーズで必要速度未達だが加速中であり、速度・信号遵守・ノコギリ運転なしと評価し、定時到着に向けた適切な加速と判断し最高点とした。
19.0,Train11,駅出発直後の加速フェーズ（20秒以内）,力行（加速）中,20.0,ブレーキ（減速）,30.0,70.0,70.0,38.42520543202613,55.6,2058.9717781665904,161.0,80.52917892951976,0.0,-2.1,この先制限速度なし,258m先に下り勾配6.7‰あり,先行列車なし,後続列車なし,1.0,加速フェーズで必要速度未達のため適切に力行しており、速度・信号制限・ノコギリ運転等の問題がなく安全かつ省エネ的に適切と判断した。
20.0,Train11,駅出発直後の加速フェーズ（20秒以内）,力行（加速）中,21.0,ブレーキ（減速）,30.0,70.0,70.0,39.53786155146717,55.6,2048.14026130251,160.0,85.20934198308025,0.0,-2.1,この先制限速度なし,247m先に下り勾配6.7‰あり,先行列車なし,後続列車なし,1.0,加速フェーズで必要速度未達だが、制限速度・CBTC遵守、ノコギリ運転なし、過剰な力行でもなく、上位項目すべて適切なため高評価とした。
21.0,Train11,巡航フェーズ（駅間走行中）,力行（加速）中,22.0,ブレーキ（減速）,30.0,70.0,70.0,40.58822488598231,55.4,2037.0088400947352,159.0,89.74526156397916,0.0,-2.1,この先制限速度なし,235m先に下り勾配6.7‰あり,先行列車なし,後続列車なし,1.0,巡航フェーズで必要速度未達のため加速は適切で、制限速度・信号遵守、停止余裕も十分で評価は高く1.0とする。
22.0,Train11,巡航フェーズ（駅間走行中）,力行（加速）中,23.0,ブレーキ（減速）,30.0,70.0,70.0,41.5822664799225,55.5,2025.5936227656478,158.0,94.14301375213098,0.0,-2.1,この先制限速度なし,223m先に下り勾配6.7‰あり,先行列車なし,後続列車なし,1.0,制限速度・CBTC信号を遵守し、停止位置や列車間隔の問題もなく、現在の加速は必要速度未達に対する適切な操作であるため最高評価とした。
23.0,Train11,巡航フェーズ（駅間走行中）,力行（加速）中,24.0,ブレーキ（減速）,30.0,70.0,70.0,42.52872754108959,55.7,2013.90952097929,157.0,98.42494807454143,0.0,-2.1,この先制限速度なし,211m先に下り勾配6.7‰あり,先行列車なし,後続列車なし,1.0,制限速度・CBTC遵守、停止位置に十分な余裕があり、巡航フェーズで必要速度未達のため加速は適切で、ノコギリ運転もなく最高評価とした。
24.0,Train11,巡航フェーズ（駅間走行中）,力行（加速）中,25.0,ブレーキ（減速）,30.0,70.0,70.0,43.467615797622145,55.7,2001.9648644447336,156.0,102.7636352204607,0.0,-2.1,この先制限速度なし,199m先に下り勾配6.7‰あり,先行列車なし,後続列車なし,1.0,現在速度がrequired_speed未満で加速が必要な巡航フェーズであり、制限速度・CBTC遵守、ノコギリ運転なし、過剰な力行もなく全項目で問題がないためreward=1.0とした。
25.0,Train11,巡航フェーズ（駅間走行中）,力行（加速）中,26.0,ブレーキ（減速）,30.0,70.0,70.0,44.4073152454624,55.7,1989.758341814124,155.0,107.19659481098377,0.0,-2.1,この先制限速度なし,187m先に下り勾配6.7‰あり,先行列車なし,後続列車なし,1.0,巡航フェーズで必要速度未達のため加速が適切であり、速度・信号・安全条件すべて遵守し、エネルギー効率も許容範囲内のため最高評価とした。
26.0,Train11,巡航フェーズ（駅間走行中）,力行（加速）中,27.0,ブレーキ（減速）,30.0,70.0,70.0,45.33131704463812,55.3,1977.2929988316755,154.0,111.64357138409707,0.0,-2.1,この先制限速度なし,174m先に下り勾配6.7‰あり,先行列車なし,後続列車なし,1.0,制限速度・CBTC遵守、必要速度未達のため加速は適切で、ノコギリ運転もなくエネルギー無駄もないため最高評価とした。
27.0,Train11,巡航フェーズ（駅間走行中）,力行（加速）中,28.0,ブレーキ（減速）,30.0,70.0,70.0,46.23984668729646,55.7,1964.5731642795427,153.0,116.10100143035547,0.0,-2.1,この先制限速度なし,161m先に下り勾配6.7‰あり,先行列車なし,後続列車なし,1.0,巡航フェーズでrequired_speed未達のため加速は適切で、速度・信号・制限を遵守しノコギリ運転もなく、全項目で問題なしと判断した。
28.0,Train11,巡航フェーズ（駅間走行中）,力行（加速）中,29.0,ブレーキ（減速）,30.0,70.0,70.0,47.133127735266775,55.3,1951.6031045731133,152.0,120.56548970110217,0.0,-2.1,この先制限速度なし,148m先に下り勾配6.7‰あり,先行列車なし,後続列車なし,1.0,制限速度・CBTC遵守、必要速度未達のため加速は適切で、ノコギリ運転や間隔問題もなく評価は最高とした。
29.0,Train11,巡航フェーズ（駅間走行中）,力行（加速）中,30.0,ブレーキ（減速）,30.0,70.0,70.0,48.01138178645524,55.7,1938.3870243020879,151.0,125.03380373150794,0.0,-2.1,この先制限速度なし,134m先に下り勾配6.7‰あり,先行列車なし,後続列車なし,1.0,巡航フェーズでrequired_speed未達のため加速が適切で、速度・信号制限を遵守しノコギリ運転等問題がない。
30.0,Train11,巡航フェーズ（駅間走行中）,力行（加速）中,31.0,ブレーキ（減速）,30.0,70.0,70.0,48.87482844365983,55.7,1924.9290667802868,150.0,129.50286817721283,0.0,-2.1,この先制限速度なし,121m先に下り勾配6.7‰あり,先行列車なし,後続列車なし,1.0,巡航フェーズでrequired_speed未達のため加速は適切で、速度・信号遵守、停止余裕も十分であり、違反なしと判断し最高評価とした。
31.0,Train11,巡航フェーズ（駅間走行中）,力行（加速）中,32.0,ブレーキ（減速）,30.0,70.0,70.0,49.72368528573123,55.3,1911.233314604086,149.0,133.96975968771088,0.0,-2.1,この先制限速度なし,107m先に下り勾配6.7‰あり,先行列車なし,後続列車なし,1.0,全ての評価項目で問題がなく、必要速度未達のため加速は適切であり、制限速度・信号遵守も守られているため最高評価とした。
32.0,Train11,巡航フェーズ（駅間走行中）,力行（加速）中,33.0,ブレーキ（減速）,30.0,70.0,70.0,50.55816784100678,55.8,1897.3037902183344,148.0,138.43170146781245,0.0,-2.1,この先制限速度なし,93m先に下り勾配6.7‰あり,先行列車なし,後続列車なし,1.0,巡航フェーズでrequired_speed未達のため加速は適切で、速度・CBTC制限を遵守しノコギリ運転もなく、全項目で問題なしと判断した。
33.0,Train11,巡航フェーズ（駅間走行中）,力行（加速）中,34.0,ブレーキ（減速）,30.0,70.0,70.0,51.378489562944814,55.8,1883.1444564893936,147.0,142.88605828992664,0.0,-2.1,この先制限速度なし,78m先に下り勾配6.7‰あり,先行列車なし,後続列車なし,1.0,巡航フェーズでrequired_speed未達のため加速は適切で、速度・信号制限を遵守しノコギリ運転もなく、評価は最高点とした。
34.0,Train11,巡航フェーズ（駅間走行中）,力行（加速）中,35.0,ブレーキ（減速）,30.0,70.0,70.0,52.18486180788789,55.8,1868.7592172847083,146.0,147.33033146615946,0.0,-2.1,この先制限速度なし,64m先に下り勾配6.7‰あり,先行列車なし,後続列車なし,1.0,上位項目すべてで違反なし、巡航フェーズでrequired_speed未達のため適切に力行しており、reward=1.0とする。
35.0,Train11,巡航フェーズ（駅間走行中）,力行（加速）中,36.0,ブレーキ（減速）,30.0,70.0,70.0,52.97749381488468,55.8,1854.1519180581504,145.0,151.76215394491751,0.0,-2.1,この先制限速度なし,49m先に下り勾配6.7‰あり,先行列車なし,後続列車なし,1.0,巡航フェーズでrequired_speed未達のため加速は適切で、速度は制限・信号内、ノコギリ運転なし、遅延なし。
36.0,Train11,巡航フェーズ（駅間走行中）,力行（加速）中,37.0,ブレーキ（減速）,30.0,70.0,70.0,53.75659268750127,55.8,1839.3263464408776,144.0,156.17928556696097,0.0,-2.1,この先制限速度なし,34m先に下り勾配6.7‰あり,先行列車なし,後続列車なし,1.0,制限速度・CBTC遵守、停止位置余裕、フェーズ適合、ノコギリ運転なし、間隔問題もなく、定時・省エネ面でも許容範囲内であるため。
37.0,Train11,巡航フェーズ（駅間走行中）,力行（加速）中,38.0,ブレーキ（減速）,30.0,70.0,70.0,54.522363377553184,55.5,1824.2862328366946,143.0,160.5796084373565,0.0,-2.1,この先制限速度なし,19m先に下り勾配6.7‰あり,先行列車なし,後続列車なし,1.0,制限速度・CBTC信号遵守、停止位置に十分余裕があり、巡航フェーズで必要な加速を行っているため高評価とした。
38.0,Train11,巡航フェーズ（駅間走行中）,力行（加速）中,39.0,ブレーキ（減速）,30.0,70.0,70.0,55.27500867069228,55.8,1809.0352510219284,142.0,164.9611224265856,0.0,-2.1,この先制限速度なし,3m先に下り勾配6.7‰あり,先行列車なし,後続列車なし,1.0,巡航フェーズで必要速度未達のため加速は適切で、速度・信号超過なし、ノコギリ運転もなく評価は最高点とした。
39.0,Train11,巡航フェーズ（駅間走行中）,力行（加速）中,40.0,ブレーキ（減速）,30.0,70.0,70.0,56.01472917378099,56.0,1793.577018748909,141.0,180.71906708088176,0.0,-6.7,この先制限速度なし,この先目立った勾配なし,先行列車なし,後続列車なし,0.5,巡航フェーズでrequired_speedに既に到達しているのに力行を継続し、エネルギー効率が低下したため評価を下げた。
40.0,Train11,巡航フェーズ（駅間走行中）,力行（加速）中,41.0,ブレーキ（減速）,30.0,70.0,70.0,56.86586343327023,56.9,1777.9016202179746,140.0,186.13853194337307,0.0,-6.7,この先制限速度なし,この先目立った勾配なし,先行列車なし,後続列車なし,0.5,巡航フェーズでrequired_speedを満たす速度であるにも関わらず、不要な力行を継続しているため省エネ性が低く評価し、0.5とした。
41.0,Train11,巡航フェーズ（駅間走行中）,力行（加速）中,42.0,ブレーキ（減速）,30.0,70.0,70.0,57.73908262527237,57.7,1761.9827019064403,139.0,191.7770815251151,0.0,-6.7,この先制限速度なし,この先目立った勾配なし,先行列車なし,後続列車なし,0.4,巡航フェーズでrequired_speedを満たしているにも関わらず不要な力行を継続し、エネルギー効率が低下しているため減点した。
42.0,Train11,巡航フェーズ（駅間走行中）,力行（加速）中,43.0,ブレーキ（減速）,30.0,70.0,70.0,58.597213985238675,58.6,1745.8233445234869,138.0,197.39537417975214,0.0,-6.7,この先制限速度なし,この先目立った勾配なし,先行列車なし,後続列車なし,0.5,巡航フェーズでrequired_speedを満たす速度にも関わらず不要な力行を継続しており、省エネ性が低下しているため中程度の評価とした。
43.0,Train11,巡航フェーズ（駅間走行中）,力行（加速）中,44.0,ブレーキ（減速）,30.0,70.0,70.0,59.4404865393385,59.4,1729.4277069528619,137.0,202.9906608002074,0.0,-6.7,この先制限速度なし,この先目立った勾配なし,先行列車なし,後続列車なし,0.5,巡航フェーズでrequired_speedを満たすのに不要な力行を継続し、省エネ性が低下しているため減点した。
44.0,Train11,巡航フェーズ（駅間走行中）,力行（加速）中,45.0,ブレーキ（減速）,30.0,70.0,70.0,60.269126993146735,60.3,1712.799884784868,136.0,208.56034946659292,0.0,-6.7,この先制限速度なし,この先目立った勾配なし,先行列車なし,後続列車なし,0.4,巡航フェーズでrequired_speedと同等の速度にも関わらず力行を続け、エネルギー効率が低下しているため減点し0.4とした。
45.0,Train11,巡航フェーズ（駅間走行中）,力行（加速）中,46.0,ブレーキ（減速）,30.0,70.0,70.0,61.083359710399804,61.1,1695.943910964143,135.0,214.10199946474236,0.0,-6.7,この先制限速度なし,この先目立った勾配なし,先行列車なし,後続列車なし,0.5,巡航フェーズでrequired_speedと同等なのに力行を続け、エネルギー効率が低く不要な加速と判断したため。
46.0,Train11,巡航フェーズ（駅間走行中）,力行（加速）中,47.0,ブレーキ（減速）,30.0,70.0,70.0,61.883406693976156,61.9,1678.8637564428122,134.0,219.61331556358223,0.0,-6.7,この先制限速度なし,この先目立った勾配なし,先行列車なし,後続列車なし,0.3,巡航フェーズでrequired_speedに達しているのに力行を続け、エネルギー効率が低下しているため評価を下げた。
47.0,Train11,巡航フェーズ（駅間走行中）,力行（加速）中,48.0,ブレーキ（減速）,30.0,70.0,70.0,62.66948756902297,62.7,1661.5633308387032,133.0,225.09214225037752,0.0,-6.7,この先制限速度なし,この先目立った勾配なし,先行列車なし,後続列車なし,0.5,巡航フェーズでrequired_speedと同等の速度であるにも関わらず不要な力行を継続し、省エネ性が低く評価されたため。
48.0,Train11,巡航フェーズ（駅間走行中）,力行（加速）中,49.0,ブレーキ（減速）,30.0,70.0,70.0,63.44181956815132,63.4,1644.0464830979877,132.0,210.05545899927287,0.0,0.0,この先制限速度なし,この先目立った勾配なし,先行列車なし,後続列車なし,0.6,巡航フェーズでrequired_speedと同等の速度であるにも関わらず不要な力行を継続し、省エネ性が低く評価したためrewardを0.6とした。
49.0,Train11,巡航フェーズ（駅間走行中）,力行（加速）中,50.0,ブレーキ（減速）,30.0,70.0,70.0,64.01982676502095,64.0,1626.3366317579048,131.0,213.81252192077906,0.0,0.0,この先制限速度なし,この先目立った勾配なし,先行列車なし,後続列車なし,0.4,巡航フェーズでrequired_speedと同等の速度にもかかわらず不要な力行を続け、エネルギー効率が低下しているため減点した。
50.0,Train11,巡航フェーズ（駅間走行中）,力行（加速）中,51.0,ブレーキ（減速）,30.0,70.0,70.0,64.53416485320778,64.5,1608.4809854409734,130.0,217.1819597241544,0.0,0.0,この先制限速度なし,この先目立った勾配なし,先行列車なし,後続列車なし,0.6,巡航フェーズでrequired_speedと同等なのに力行を続け、エネルギー効率が低下しているため減点し0.6とした。
51.0,Train11,巡航フェーズ（駅間走行中）,力行（加速）中,52.0,ブレーキ（減速）,30.0,70.0,70.0,65.03946568219119,65.0,1590.4837386042523,129.0,220.51619619975193,0.0,0.0,この先制限速度なし,この先目立った勾配なし,先行列車なし,後続列車なし,0.6,巡航フェーズでrequired_speedに達しているのに力行を継続しており、エネルギー効率が低下しているため評価を減点した。
52.0,Train11,巡航フェーズ（駅間走行中）,力行（加速）中,53.0,ブレーキ（減速）,30.0,70.0,70.0,65.5358770655747,65.5,1572.3473808156464,128.0,223.81489622968957,0.0,0.0,この先制限速度なし,この先目立った勾配なし,先行列車なし,後続列車なし,0.4,巡航フェーズでrequired_speedを既に満たす速度であるのに力行を続けており、省エネ性が低く評価した。
53.0,Train11,巡航フェーズ（駅間走行中）,力行（加速）中,54.0,ブレーキ（減速）,30.0,70.0,70.0,66.02354479594342,66.0,1554.0743608675066,127.0,227.0777652594139,0.0,0.0,この先制限速度なし,この先目立った勾配なし,先行列車なし,後続列車なし,0.6,巡航フェーズでrequired_speed 66km/h を既に満たす速度であるにも関わらず、不要な力行を継続し省エネ性が低いため評価を減点した。
54.0,Train11,巡航フェーズ（駅間走行中）,力行（加速）中,55.0,ブレーキ（減速）,30.0,70.0,70.0,66.50261265776794,66.5,1535.6670873362398,126.0,230.30454742595413,0.0,0.0,この先制限速度なし,この先目立った勾配なし,先行列車なし,後続列車なし,0.5,巡航フェーズでrequired_speedを満たすのに力行を継続し、エネルギー効率が低下しているため減点し、0.5とした。
55.0,Train11,巡航フェーズ（駅間走行中）,力行（加速）中,56.0,ブレーキ（減速）,30.0,70.0,70.0,66.97322244084468,67.0,1517.1279291382582,125.0,233.49502374026002,0.0,0.0,この先制限速度なし,この先目立った勾配なし,先行列車なし,後続列車なし,0.2,巡航フェーズでrequired_speedと同等の速度であるにも関わらず力行を継続し、不要な加速によるエネルギー損失があるため低評価とした。
56.0,Train11,巡航フェーズ（駅間走行中）,力行（加速）中,57.0,ブレーキ（減速）,30.0,70.0,70.0,67.43551395424122,67.4,1498.4592160821107,124.0,236.6490103835682,0.0,0.0,この先制限速度なし,489m先に上り勾配12.5‰あり,先行列車なし,後続列車なし,0.4,巡航フェーズで速度はrequired_speedに達しているのに力行を継続しており、エネルギー効率が低下しているため評価を減点した。
57.0,Train11,巡航フェーズ（駅間走行中）,力行（加速）中,58.0,ブレーキ（減速）,30.0,70.0,70.0,67.88962504071506,67.9,1479.6632394166238,123.0,239.76635699766786,0.0,0.0,この先制限速度なし,470m先に上り勾配12.5‰あり,先行列車なし,後続列車なし,0.6,巡航フェーズでrequired_speedと同等の速度にも関わらず力行を継続し、省エネ性が低いため評価を減点し0.6とした。
58.0,Train11,巡航フェーズ（駅間走行中）,力行（加速）中,59.0,ブレーキ（減速）,30.0,70.0,70.0,68.33703074066928,68.3,1460.7421574620466,122.0,242.85622091473422,0.0,0.0,この先制限速度なし,451m先に上り勾配12.5‰あり,先行列車なし,後続列車なし,0.5,巡航フェーズでrequired_speedと同等の速度にも関わらず力行を継続し、エネルギー無駄と定時性への余裕低下があるため評価を下げた。
59.0,Train11,巡航フェーズ（駅間走行中）,力行（加速）中,60.0,ブレーキ（減速）,30.0,70.0,70.0,68.7810865040963,68.8,1441.6972838972627,121.0,245.94112104175284,0.0,0.0,この先制限速度なし,432m先に上り勾配12.5‰あり,先行列車なし,後続列車なし,0.4,巡航フェーズでrequired_speedに達しているのに力行を続け、エネルギー無駄となっているため減点した。
60.0,Train11,巡航フェーズ（駅間走行中）,惰行中,1.0,力行（加速）,60.0,70.0,70.0,69.22195793481993,69.2,1422.5295085325947,120.0,249.02177662418936,0.0,0.0,この先制限速度なし,413m先に上り勾配12.5‰あり,先行列車なし,後続列車なし,1.0,巡航フェーズでrequired_speedを満たす惰行であり、速度・信号遵守・ノコギリ運転なしと評価し最高点とした。
61.0,Train11,巡航フェーズ（駅間走行中）,惰行中,2.0,力行（加速）,60.0,70.0,70.0,68.97858316032116,69.0,1403.3353484375225,119.0,247.3189580615186,0.0,0.0,この先制限速度なし,394m先に上り勾配12.5‰あり,先行列車なし,後続列車なし,1.0,巡航フェーズでrequired_speedと一致し惰行が適切、制限速度・CBTC遵守、ノコギリ運転なしで評価が高く1.0とした。
62.0,Train11,巡航フェーズ（駅間走行中）,惰行中,3.0,力行（加速）,60.0,70.0,70.0,68.73613340054918,68.7,1384.2086625461789,118.0,245.62800466763468,0.0,0.0,この先制限速度なし,375m先に上り勾配12.5‰あり,先行列車なし,後続列車なし,1.0,巡航フェーズで現在速度がrequired_speedと一致し惰行が適切、速度・信号遵守、停止余裕も十分で安全かつ省エネと判断した。
63.0,Train11,巡航フェーズ（駅間走行中）,惰行中,4.0,力行（加速）,60.0,70.0,70.0,68.49460257778411,68.5,1365.149194763827,117.0,243.94881782137114,0.0,0.0,この先制限速度なし,356m先に上り勾配12.5‰あり,先行列車なし,後続列車なし,1.0,巡航フェーズでrequired_speedと一致し惰行が適切、速度制限・CBTC遵守、ノコギリ運転なしでエネルギー無駄もなく評価は最高。
64.0,Train11,巡航フェーズ（駅間走行中）,惰行中,5.0,力行（加速）,60.0,70.0,70.0,68.25398466647361,68.3,1346.1566906766366,116.0,242.28129990420595,0.0,0.0,この先制限速度なし,337m先に上り勾配12.5‰あり,先行列車なし,後続列車なし,1.0,巡航フェーズでrequired_speedを満たす惰行であり、制限速度・CBTC遵守、停止位置余裕も十分で安全かつ省エネと判断した。
65.0,Train11,巡航フェーズ（駅間走行中）,惰行中,6.0,力行（加速）,60.0,70.0,70.0,68.01427369267184,68.0,1327.2308975372873,115.0,240.62535429093327,0.0,0.0,この先制限速度なし,318m先に上り勾配12.5‰あり,先行列車なし,後続列車なし,1.0,巡航フェーズで必要速度を満たす惰行であり、制限速度・CBTC信号を遵守、停止位置も十分に確保できているため高評価とした。
66.0,Train11,巡航フェーズ（駅間走行中）,惰行中,7.0,力行（加速）,60.0,70.0,70.0,67.77546373348463,67.8,1308.3715642507166,114.0,238.98088534140936,0.0,0.0,この先制限速度なし,299m先に上り勾配12.5‰あり,先行列車なし,後続列車なし,1.0,巡航フェーズでrequired_speedと一致する速度で惰行しており、制限速度・CBTC信号を遵守し、停止位置も十分に確保できるため高評価とした。
67.0,Train11,巡航フェーズ（駅間走行中）,惰行中,8.0,力行（加速）,60.0,70.0,70.0,67.53754891652238,67.5,1289.5784413600068,113.0,237.34779838200686,0.0,0.0,この先制限速度なし,280m先に上り勾配12.5‰あり,先行列車なし,後続列車なし,1.0,巡航フェーズでrequired_speedと一致し惰行が適切で、速度・信号遵守、エネルギー効率ともに問題なしと判断した。
68.0,Train11,巡航フェーズ（駅間走行中）,惰行中,9.0,力行（加速）,60.0,70.0,70.0,67.30052341936003,67.3,1270.8512810324598,112.0,235.7259996968396,0.0,0.0,この先制限速度なし,262m先に上り勾配12.5‰あり,先行列車なし,後続列車なし,1.0,巡航フェーズでrequired_speedと一致し惰行が適切、速度制限・CBTC遵守、停止余裕も十分で最高評価とした。
69.0,Train11,巡航フェーズ（駅間走行中）,惰行中,10.0,力行（加速）,60.0,70.0,70.0,67.06438146900345,67.1,1252.1898370457584,111.0,234.11539651641056,0.0,0.0,この先制限速度なし,243m先に上り勾配12.5‰あり,先行列車なし,後続列車なし,1.0,巡航フェーズで現在速度がrequired_speedと一致し惰行が適切、速度・信号遵守、停止距離も十分で安全かつ省エネと判断した。
70.0,Train11,巡航フェーズ（駅間走行中）,惰行中,11.0,力行（加速）,60.0,70.0,70.0,66.82911734136322,66.8,1233.5938647743098,110.0,232.51589700641955,0.0,0.0,この先制限速度なし,225m先に上り勾配12.5‰あり,先行列車なし,後続列車なし,1.0,巡航フェーズでrequired_speedと一致し惰行が適切、速度・信号制限遵守、ノコギリ運転なしで省エネ的に最適と判断し高評価。
71.0,Train11,巡航フェーズ（駅間走行中）,惰行中,12.0,力行（加速）,60.0,70.0,70.0,66.59472536073478,66.6,1215.0631211757848,109.0,230.9274102567183,0.0,0.0,この先制限速度なし,206m先に上り勾配12.5‰あり,先行列車なし,後続列車なし,1.0,巡航フェーズでrequired_speedと一致し惰行が適切、速度・信号遵守、ノコギリ運転なしで安全かつ省エネと判断した。
72.0,Train11,巡航フェーズ（駅間走行中）,惰行中,13.0,力行（加速）,60.0,70.0,70.0,66.36119989928531,66.4,1196.597364777663,108.0,229.34984627041888,0.0,0.0,この先制限速度なし,188m先に上り勾配12.5‰あり,先行列車なし,後続列車なし,1.0,巡航フェーズでrequired_speedと一致し惰行が適切、速度・信号遵守、エネルギー効率も良好なため最高評価。
73.0,Train11,巡航フェーズ（駅間走行中）,惰行中,14.0,力行（加速）,60.0,70.0,70.0,66.1285353765469,66.1,1178.1963556640917,107.0,227.78311595314375,0.0,0.0,この先制限速度なし,169m先に上り勾配12.5‰あり,先行列車なし,後続列車なし,1.0,巡航フェーズでrequired_speedと一致し惰行が適切、速度制限・CBTC遵守、ノコギリ運転なしでエネルギー効率も良好なため最高評価とした。
74.0,Train11,巡航フェーズ（駅間走行中）,惰行中,15.0,力行（加速）,60.0,70.0,70.0,65.89672625891654,65.9,1159.8598554627486,106.0,226.22713110242904,0.0,0.0,この先制限速度なし,151m先に上り勾配12.5‰あり,先行列車なし,後続列車なし,1.0,巡航フェーズでrequired_speedと一致し惰行が適切、速度制限・CBTC遵守、停止距離に余裕があり、ノコギリ運転もなく省エネ的に最適であるため最高評価とした。
75.0,Train11,巡航フェーズ（駅間走行中）,惰行中,16.0,力行（加速）,60.0,70.0,70.0,65.66576705916201,65.7,1141.587627331898,105.0,224.6818043972633,0.0,0.0,この先制限速度なし,133m先に上り勾配12.5‰あり,先行列車なし,後続列車なし,1.0,制限速度・CBTC遵守、巡航フェーズでrequired_speedを満たす惰行であり、ノコギリ運転や不要な力行がないため最高評価とした。
76.0,Train11,巡航フェーズ（駅間走行中）,惰行中,17.0,力行（加速）,60.0,70.0,70.0,65.43565233593426,65.4,1123.3794359476228,104.0,223.14704938777052,0.0,0.0,この先制限速度なし,115m先に上り勾配12.5‰あり,先行列車なし,後続列車なし,1.0,巡航フェーズでrequired_speedを満たす惰行を維持し、速度・信号・制限を遵守。先行・後続列車不在で間隔問題なく、エネルギー効率的な運転と判断した。
77.0,Train11,巡航フェーズ（駅間走行中）,惰行中,18.0,力行（加速）,60.0,70.0,70.0,65.2063766932858,65.2,1105.235047491039,103.0,221.6227804850305,0.0,0.0,この先制限速度なし,97m先に上り勾配12.5‰あり,先行列車なし,後続列車なし,1.0,巡航フェーズでrequired_speedと一致する65.2km/hで惰行し、制限速度・CBTCを遵守、停止位置も十分確保できるため最高評価とした。
78.0,Train11,巡航フェーズ（駅間走行中）,惰行中,19.0,力行（加速）,60.0,70.0,70.0,64.97793478019518,65.0,1087.154229635942,102.0,220.10891295103772,0.0,0.0,この先制限速度なし,79m先に上り勾配12.5‰あり,先行列車なし,後続列車なし,1.0,巡航フェーズでrequired_speedと一致し惰行が適切、制限速度・CBTC遵守、停止余裕も十分で評価に問題なし。
79.0,Train11,巡航フェーズ（駅間走行中）,惰行中,20.0,力行（加速）,60.0,70.0,70.0,64.75032129009756,64.8,1069.1367515361421,101.0,218.6053628886264,0.0,0.0,この先制限速度なし,61m先に上り勾配12.5‰あり,先行列車なし,後続列車なし,1.0,制限速度・CBTC信号を遵守し、required_speedと一致する惰行で巡航しており、ノコギリ運転や列間隔の問題もなくエネルギー効率が高いため1.0とした。
80.0,Train11,巡航フェーズ（駅間走行中）,惰行中,21.0,力行（加速）,60.0,70.0,70.0,64.52353096042073,64.5,1051.182383813412,100.0,217.11204721919555,0.0,0.0,この先制限速度なし,43m先に上り勾配12.5‰あり,先行列車なし,後続列車なし,1.0,巡航フェーズでrequired_speedと一致し惰行が適切、速度・信号遵守、ノコギリ運転なしで省エネ的に最適と判断した。
81.0,Train11,巡航フェーズ（駅間走行中）,惰行中,22.0,力行（加速）,60.0,70.0,70.0,64.29755857212743,64.3,1033.2908985451859,99.0,215.62888370870448,0.0,0.0,この先制限速度なし,25m先に上り勾配12.5‰あり,先行列車なし,後続列車なし,1.0,巡航フェーズで必要速度を満たす惰行を維持し、制限速度・CBTC信号を遵守、停止余裕も十分であり、ノコギリ運転や無駄な加速もなく、最高評価とした。
82.0,Train11,巡航フェーズ（駅間走行中）,惰行中,23.0,力行（加速）,60.0,70.0,70.0,64.07239894926332,64.1,1015.462069252564,98.0,214.1557909247851,0.0,0.0,この先制限速度なし,7m先に上り勾配12.5‰あり,先行列車なし,後続列車なし,1.0,巡航フェーズでrequired_speedと一致し惰行が適切、速度・信号遵守、ノコギリ運転なしで全項目問題なしと判断し最高評価とした。
83.0,Train11,巡航フェーズ（駅間走行中）,惰行中,24.0,力行（加速）,60.0,70.0,70.0,63.84804695850993,64.2,997.6956708884686,97.0,182.46039041511932,0.0,12.5,この先制限速度なし,この先目立った勾配なし,先行列車なし,後続列車なし,0.6,required_speed(64.2km/h)に満たない状態で惰行を続けており、加速が必要なため評価を下げた。
84.0,Train11,巡航フェーズ（駅間走行中）,惰行中,25.0,力行（加速）,60.0,70.0,70.0,63.37777992809644,63.7,980.0110180233759,96.0,179.8341386024987,0.0,12.5,この先制限速度なし,この先目立った勾配なし,先行列車なし,後続列車なし,0.7,巡航フェーズでrequired_speed未達のまま惰行を続けているため、定時性確保に不安が残り評価を下げる。
85.0,Train11,巡航フェーズ（駅間走行中）,惰行中,26.0,力行（加速）,60.0,70.0,70.0,62.71567962641797,63.1,962.4990114951188,95.0,176.16715037124956,0.0,12.5,この先制限速度なし,この先目立った勾配なし,先行列車なし,後続列車なし,0.2,巡航フェーズで必要速度63.1km/hに対し62.7km/hと不足し、加速すべきところで惰行を続けたため評価を低くし0.2とした。
86.0,Train11,巡航フェーズ（駅間走行中）,惰行中,27.0,力行（加速）,60.0,70.0,70.0,62.05591514434737,62.5,945.1705934203005,94.0,172.5487323126453,0.0,12.5,この先制限速度なし,この先目立った勾配なし,先行列車なし,後続列車なし,0.5,巡航フェーズでrequired_speed 62.5km/hに対し62.1km/hの惰行は加速が必要で、定時性と省エネの両面で不適切と判断し中程度の減点とした。
87.0,Train11,巡航フェーズ（駅間走行中）,惰行中,28.0,力行（加速）,60.0,70.0,70.0,61.39845926445197,61.9,928.0251187850652,93.0,168.97843330473137,0.0,12.5,この先制限速度なし,この先目立った勾配なし,先行列車なし,後続列車なし,0.8,巡航フェーズでrequired_speed 61.9km/hに対し61.4km/hと速度不足のため惰行は不適切と判断し、評価を下げた。
88.0,Train11,巡航フェーズ（駅間走行中）,惰行中,29.0,力行（加速）,60.0,70.0,70.0,60.74328506376123,61.3,911.0619500944744,92.0,165.45580897921414,0.0,12.5,この先制限速度なし,この先目立った勾配なし,先行列車なし,後続列車なし,0.3,巡航フェーズで必要速度61.3km/hに対し60.7km/hで惰行しており、フェーズ適合性が欠如しているため低評価とした。
89.0,Train11,巡航フェーズ（駅間走行中）,惰行中,30.0,力行（加速）,60.0,70.0,70.0,60.090365908957686,60.7,894.2804572914191,91.0,161.98042154293907,0.0,12.5,この先制限速度なし,この先目立った勾配なし,先行列車なし,後続列車なし,0.6,巡航フェーズでrequired_speed(60.7km/h)未満の60.1km/hで惰行しているため、加速が必要で評価を減点した。
90.0,Train11,巡航フェーズ（駅間走行中）,惰行中,31.0,力行（加速）,60.0,70.0,70.0,59.43967545165312,60.1,877.6800176769548,90.0,158.55183979743592,0.0,12.5,この先制限速度なし,この先目立った勾配なし,先行列車なし,後続列車なし,0.3,巡航フェーズでrequired_speed 60.1km/hに対し59.4km/hのまま惰行を続け、加速が必要なのに速度不足のまま維持しているため評価を低くし0.3点とした。
91.0,Train11,巡航フェーズ（駅間走行中）,惰行中,32.0,力行（加速）,60.0,70.0,70.0,58.79118762374767,59.4,861.2600158316077,89.0,155.1696389526065,0.0,12.5,この先制限速度なし,この先目立った勾配なし,先行列車なし,後続列車なし,0.5,巡航フェーズで現在速度58.8km/hがrequired_speed59.4km/h未満のまま惰行を続けており、定時到着が危うくなるため減点した。
92.0,Train11,巡航フェーズ（駅間走行中）,惰行中,33.0,力行（加速）,60.0,70.0,70.0,58.144876632870094,58.8,845.0198435383207,88.0,151.8334005465865,0.0,12.5,この先制限速度なし,この先目立った勾配なし,先行列車なし,後続列車なし,0.3,巡航フェーズでrequired_speed 58.8km/hに対し58.1km/hと不足し、加速すべきところ惰行しているため評価を下げ、reward 0.3とした。
93.0,Train11,巡航フェーズ（駅間走行中）,惰行中,34.0,力行（加速）,60.0,70.0,70.0,57.500716957897716,58.2,828.9588997064214,87.0,148.5427124171926,0.0,12.5,この先制限速度なし,この先目立った勾配なし,先行列車なし,後続列車なし,0.6,巡航フェーズで必要速度58.2km/hに対し57.5km/hと不足し、惰行は加速不足となり評価を下げる。
94.0,Train11,巡航フェーズ（駅間走行中）,惰行中,35.0,力行（加速）,60.0,70.0,70.0,56.85868334455409,57.6,813.0765902969017,86.0,145.29716848891576,0.0,12.5,この先制限速度なし,この先目立った勾配なし,先行列車なし,後続列車なし,0.8,巡航フェーズでrequired_speed未満のまま惰行を続けたため定時性に不安が残り、軽減評価とした。
95.0,Train11,巡航フェーズ（駅間走行中）,惰行中,36.0,力行（加速）,60.0,70.0,70.0,56.21875080108262,56.2,797.3723282488869,85.0,165.7624753822085,0.0,0.0,この先制限速度なし,191m先に上り勾配6.1‰あり,先行列車なし,後続列車なし,1.0,巡航フェーズでrequired_speedと一致する惰行を維持し、速度・信号・停止距離すべて遵守しているため最高評価とした。
96.0,Train11,巡航フェーズ（駅間走行中）,惰行中,37.0,力行（加速）,60.0,70.0,70.0,55.81002582511605,55.8,781.8286621763732,84.0,163.4046462361057,0.0,0.0,この先制限速度なし,176m先に上り勾配6.1‰あり,先行列車なし,後続列車なし,1.0,現在速度がrequired_speedと一致し惰行が適切、制限速度・CBTC遵守、停止距離に余裕があり、ノコギリ運転もなく省エネであるため最高評価とした。
97.0,Train11,巡航フェーズ（駅間走行中）,惰行中,38.0,力行（加速）,60.0,70.0,70.0,55.61378435368369,55.6,766.3534202027904,83.0,162.27828411578986,0.0,0.0,この先制限速度なし,160m先に上り勾配6.1‰あり,先行列車なし,後続列車なし,1.0,巡航フェーズでrequired_speedと同等の速度を惰行で維持し、制限速度・CBTC信号を遵守、無駄な力行がなく省エネかつ定時性を確保しているため高評価。
98.0,Train11,巡航フェーズ（駅間走行中）,惰行中,39.0,力行（加速）,60.0,70.0,70.0,55.41817441273491,55.4,750.9326010733872,82.0,161.15923307926352,0.0,0.0,この先制限速度なし,145m先に上り勾配6.1‰あり,先行列車なし,後続列車なし,1.0,上位項目すべてで問題なく、巡航フェーズでrequired_speedを維持し惰行が適切なため最高評価とした。
99.0,Train11,巡航フェーズ（駅間走行中）,惰行中,40.0,力行（加速）,60.0,70.0,70.0,55.22319230130659,55.2,735.5660298828361,81.0,160.04743881804077,0.0,0.0,この先制限速度なし,130m先に上り勾配6.1‰あり,先行列車なし,後続列車なし,1.0,全ての評価項目で制限速度・信号遵守、巡航速度がrequired_speedと一致し、ノコギリ運転もなく安全かつ省エネと判断し最高評価とした。
100.0,Train11,巡航フェーズ（駅間走行中）,惰行中,41.0,力行（加速）,60.0,70.0,70.0,55.02883434638141,55.0,720.2535327499113,80.0,158.94284750639235,0.0,0.0,この先制限速度なし,114m先に上り勾配6.1‰あり,先行列車なし,後続列車なし,1.0,巡航フェーズで現在速度がrequired_speedと一致し、制限速度・CBTCを遵守、不要な加速がなくエネルギー効率が高いため高評価とした。
101.0,Train11,巡航フェーズ（駅間走行中）,惰行中,42.0,力行（加速）,60.0,70.0,70.0,54.8350969026219,54.8,704.9949368098112,79.0,157.84540582000807,0.0,0.0,この先制限速度なし,99m先に上り勾配6.1‰あり,先行列車なし,後続列車なし,1.0,制限速度・CBTC遵守、停止位置に余裕があり、巡航フェーズでrequired_speedと一致した惰行は省エネ的に最適と判断した。
102.0,Train11,巡航フェーズ（駅間走行中）,惰行中,43.0,力行（加速）,60.0,70.0,70.0,54.641976352107136,54.6,689.7900702064845,78.0,156.75506094440837,0.0,0.0,この先制限速度なし,84m先に上り勾配6.1‰あり,先行列車なし,後続列車なし,1.0,巡航フェーズでrequired_speedと一致し惰行が適切、制限速度・CBTC遵守、ノコギリ運転なしで省エネ的に最適と判断し高評価。
103.0,Train11,巡航フェーズ（駅間走行中）,惰行中,44.0,力行（加速）,60.0,70.0,70.0,54.449469104073174,54.4,674.6387620850101,77.0,155.6717605362634,0.0,0.0,この先制限速度なし,69m先に上り勾配6.1‰あり,先行列車なし,後続列車なし,1.0,巡航フェーズでrequired_speedと一致し惰行が適切、制限速度・CBTC遵守、ノコギリ運転なし、エネルギー効率良好のため最高評価。
104.0,Train11,巡航フェーズ（駅間走行中）,惰行中,45.0,力行（加速）,60.0,70.0,70.0,54.25757159465542,54.3,659.5408425841426,76.0,154.59545272654216,0.0,0.0,この先制限速度なし,54m先に上り勾配6.1‰あり,先行列車なし,後続列車なし,1.0,巡航フェーズでrequired_speedと同等の速度で惰行しており、制限速度・CBTC信号を遵守、停止位置も十分確保されているため高評価とした。
105.0,Train11,巡航フェーズ（駅間走行中）,惰行中,46.0,力行（加速）,60.0,70.0,70.0,54.06628028663474,54.1,644.4961428288672,75.0,153.52608609207041,0.0,0.0,この先制限速度なし,39m先に上り勾配6.1‰あり,先行列車なし,後続列車なし,1.0,巡航フェーズでrequired_speedと一致し惰行が適切、速度・信号遵守、無駄な力行なしで安全かつ省エネと判断した。
106.0,Train11,巡航フェーズ（駅間走行中）,惰行中,47.0,力行（加速）,60.0,70.0,70.0,53.875591669186136,53.9,629.5044949229691,74.0,152.46360972947843,0.0,0.0,この先制限速度なし,24m先に上り勾配6.1‰あり,先行列車なし,後続列車なし,1.0,巡航フェーズでrequired_speedと同等の速度を惰行しており、制限速度・CBTC信号を遵守、不要な加速なしで省エネかつ定時性を確保しているため高評価とした。
107.0,Train11,巡航フェーズ（駅間走行中）,惰行中,48.0,力行（加速）,60.0,70.0,70.0,53.68550225763004,53.7,614.565731941859,73.0,151.40797317780152,0.0,0.0,この先制限速度なし,9m先に上り勾配6.1‰あり,先行列車なし,後続列車なし,1.0,巡航フェーズでrequired_speedと同等の53.7km/hを惰行し、制限速度・CBTC信号を遵守、停止余裕も十分でノコギリ運転なしと評価した。
108.0,Train11,巡航フェーズ（駅間走行中）,惰行中,49.0,力行（加速）,60.0,70.0,70.0,53.49600859318693,53.5,599.6796879252208,72.0,139.03880147872863,0.0,6.1,この先制限速度なし,394m先に上り勾配9.2‰あり,先行列車なし,後続列車なし,1.0,巡航フェーズでrequired_speedと一致する速度で惰行し、制限速度・CBTC信号を遵守、停止余裕も十分であり、全ての上位評価項目が適切なため最高評価とした。
109.0,Train11,巡航フェーズ（駅間走行中）,惰行中,50.0,力行（加速）,60.0,70.0,70.0,53.23397420217917,53.2,584.849753558526,71.0,137.70123065540608,0.0,6.1,この先制限速度なし,380m先に上り勾配9.2‰あり,先行列車なし,後続列車なし,1.0,全ての上位項目で速度制限・CBTC遵守かつ不要な加速がなく安全に巡航しているため、rewardは1.0とする。
110.0,Train11,巡航フェーズ（駅間走行中）,惰行中,51.0,力行（加速）,60.0,70.0,70.0,52.83101234825361,52.8,570.1190941063743,70.0,135.65637343137598,0.0,6.1,この先制限速度なし,365m先に上り勾配9.2‰あり,先行列車なし,後続列車なし,1.0,巡航フェーズでrequired_speedと一致する惰行を維持し、制限速度・CBTC信号を遵守、停止余裕も十分で安全かつ省エネと判断し最高評価とした。
111.0,Train11,巡航フェーズ（駅間走行中）,惰行中,52.0,力行（加速）,60.0,70.0,70.0,52.429298395110415,52.4,555.5001931962736,69.0,133.63244430212862,0.0,6.1,この先制限速度なし,350m先に上り勾配9.2‰あり,先行列車なし,後続列車なし,1.0,巡航フェーズでrequired_speedと一致し惰行が適切、速度・信号遵守、ノコギリ運転なしでエネルギー効率も良好なため高評価。
112.0,Train11,巡航フェーズ（駅間走行中）,惰行中,53.0,力行（加速）,60.0,70.0,70.0,52.0288214400011,52.0,540.9927057208322,68.0,131.62927045660075,0.0,6.1,この先制限速度なし,336m先に上り勾配9.2‰あり,先行列車なし,後続列車なし,1.0,巡航フェーズでrequired_speedと一致し惰行が適切、速度・信号遵守、停止位置も十分余裕があり、ノコギリ運転や間隔問題は無く省エネ的に最適と判断した。
113.0,Train11,巡航フェーズ（駅間走行中）,惰行中,54.0,力行（加速）,60.0,70.0,70.0,51.62957067877199,51.6,526.5962895873529,67.0,129.64668112855622,0.0,6.1,この先制限速度なし,322m先に上り勾配9.2‰あり,先行列車なし,後続列車なし,1.0,巡航フェーズでrequired_speedと一致し惰行が適切、速度・信号遵守、エネルギー効率も良好なため最高評価とした。
114.0,Train11,巡航フェーズ（駅間走行中）,惰行中,55.0,力行（加速）,60.0,70.0,70.0,51.23153540460658,51.2,512.3106056905797,66.0,127.68450767203198,0.0,6.1,この先制限速度なし,308m先に上り勾配9.2‰あり,先行列車なし,後続列車なし,1.0,制限速度・CBTC信号を遵守し、required_speedと一致する惰行を維持、ノコギリ運転もなく、エネルギー効率も最適であるためrewardは1.0とした。
115.0,Train11,巡航フェーズ（駅間走行中）,惰行中,56.0,力行（加速）,60.0,70.0,70.0,50.83470500678617,50.8,498.1353178858718,65.0,125.74258339738046,0.0,6.1,この先制限速度なし,294m先に上り勾配9.2‰あり,先行列車なし,後続列車なし,1.0,巡航フェーズでrequired_speedと一致する惰行を維持し、制限速度・CBTC信号を遵守、停止位置も余裕があるため評価は最高点とした。
116.0,Train11,巡航フェーズ（駅間走行中）,惰行中,57.0,力行（加速）,60.0,70.0,70.0,50.439068969468146,50.4,484.0700929626927,64.0,123.82074367074453,0.0,6.1,この先制限速度なし,280m先に上り勾配9.2‰あり,先行列車なし,後続列車なし,1.0,巡航フェーズでrequired_speedと一致する惰行を維持し、制限速度・CBTC信号を遵守、余裕ある停止距離で安全かつ省エネと判断し最高評価とした。
117.0,Train11,巡航フェーズ（駅間走行中）,惰行中,58.0,力行（加速）,60.0,70.0,70.0,50.04461687048162,50.0,470.1146006183485,63.0,121.91882581502352,0.0,6.1,この先制限速度なし,266m先に上り勾配9.2‰あり,先行列車なし,後続列車なし,1.0,巡航フェーズでrequired_speedと一致し惰行を維持、制限速度・CBTC遵守、ノコギリ運転なしで安全かつ省エネと判断した。
118.0,Train11,巡航フェーズ（駅間走行中）,惰行中,59.0,力行（加速）,60.0,70.0,70.0,49.6513383801408,49.7,456.2685134322884,62.0,120.03666908257557,0.0,6.1,この先制限速度なし,252m先に上り勾配9.2‰あり,先行列車なし,後続列車なし,1.0,巡航フェーズでrequired_speedと一致し惰行が適切、速度・信号遵守、ノコギリ運転なし、エネルギー無駄なしと評価し最高点とした。
119.0,Train11,巡航フェーズ（駅間走行中）,惰行中,60.0,力行（加速）,60.0,70.0,70.0,49.25922326007448,49.3,442.5315068403819,61.0,118.17411470522381,0.0,6.1,この先制限速度なし,238m先に上り勾配9.2‰あり,先行列車なし,後続列車なし,1.0,巡航フェーズでrequired_speedと同等の速度を惰行しており、制限速度・CBTC信号を遵守、停止位置も十分確保できているため評価は最高とした。
120.0,Train11,巡航フェーズ（駅間走行中）,惰行中,61.0,力行（加速）,60.0,70.0,70.0,48.86826136207282,48.9,428.90325910987315,60.0,116.33100573694253,0.0,6.1,この先制限速度なし,225m先に上り勾配9.2‰あり,先行列車なし,後続列車なし,1.0,巡航フェーズでrequired_speedと一致する48.9km/hで惰行し、速度・信号制限を遵守、ノコギリ運転なしでエネルギー効率的に適切と判断した。
121.0,Train11,巡航フェーズ（駅間走行中）,惰行中,62.0,力行（加速）,60.0,70.0,70.0,48.47844262695023,48.5,415.38345131442964,59.0,114.50718719914106,0.0,6.1,この先制限速度なし,211m先に上り勾配9.2‰あり,先行列車なし,後続列車なし,1.0,巡航フェーズでrequired_speedと同等の速度を惰行で維持し、制限速度・CBTC信号を遵守、無駄な加速がなく即時減点要因も無いためrewardは1.0。
122.0,Train11,巡航フェーズ（駅間走行中）,惰行中,63.0,力行（加速）,60.0,70.0,70.0,48.089757083424026,48.1,401.9717673095862,58.0,112.70250588807235,0.0,6.1,この先制限速度なし,198m先に上り勾配9.2‰あり,先行列車なし,後続列車なし,1.0,巡航フェーズでrequired_speedと一致する48.1km/hで惰行し、制限速度・CBTC信号を遵守、無駄な力行がなくエネルギー効率が高いため最高評価とした。
123.0,Train11,次駅への減速フェーズ（駅手前400m以内）,ブレーキ（減速）中,1.0,惰行,63.0,70.0,70.0,47.70219484700939,47.7,388.66789370847243,57.0,110.91681048484469,0.0,6.1,この先制限速度なし,185m先に上り勾配9.2‰あり,先行列車なし,後続列車なし,0.0,次駅減速フェーズで必要以上に早くブレーキをかけ、停止距離が大幅に余っているため大幅減点としreward=0.0とした。
124.0,Train11,次駅への減速フェーズ（駅手前400m以内）,ブレーキ（減速）中,2.0,惰行,63.0,70.0,70.0,46.452965309531294,46.5,375.5926055809517,56.0,105.25474367605717,0.0,6.1,この先制限速度なし,172m先に上り勾配9.2‰あり,先行列車なし,後続列車なし,0.0,次駅減速フェーズで必要ブレーキ距離より遠く、delta_stopが270mと大きく早すぎるブレーキにより停止位置が大幅にずれたため0.0とした。
125.0,Train11,次駅への減速フェーズ（駅手前400m以内）,ブレーキ（減速）中,3.0,惰行,63.0,70.0,70.0,45.207257121910835,45.2,362.86382988526356,55.0,99.75153276373311,0.0,6.1,この先制限速度なし,160m先に上り勾配9.2‰あり,先行列車なし,後続列車なし,0.0,次駅減速フェーズでdelta_stopが263mあるのにブレーキをかけており、停止位置が大幅に遅れエネルギー無駄となるためrewardは0.0とした。
126.0,Train11,次駅への減速フェーズ（駅手前400m以内）,ブレーキ（減速）中,4.0,惰行,63.0,70.0,70.0,43.96499265765703,44.0,350.4805993761728,54.0,94.40611113772789,0.0,6.1,この先制限速度なし,148m先に上り勾配9.2‰あり,先行列車なし,後続列車なし,0.2,次駅減速フェーズで必要以上にブレーキをかけ、停止位置達成が遅れエネルギー損失を招くため低評価とした。
127.0,Train11,次駅への減速フェーズ（駅手前400m以内）,ブレーキ（減速）中,5.0,惰行,63.0,70.0,70.0,42.726095066439825,42.7,338.44196826199993,53.0,89.21743813763555,0.0,6.1,この先制限速度なし,136m先に上り勾配9.2‰あり,先行列車なし,後続列車なし,0.2,減速フェーズでdelta_stopが正のままブレーキをかけており、駅手前で停止してしまうため停止位置達成が不適切と判断した。
128.0,Train11,次駅への減速フェーズ（駅手前400m以内）,ブレーキ（減速）中,6.0,惰行,63.0,70.0,70.0,41.4904882537595,41.5,326.74701199183073,52.0,84.18449874751099,0.0,6.1,この先制限速度なし,125m先に上り勾配9.2‰あり,先行列車なし,後続列車なし,0.0,次駅減速フェーズでdelta_stopが242.56mと大きく、必要以上に早くブレーキをかけているため大幅減点としreward=0.0とした。
129.0,Train11,次駅への減速フェーズ（駅手前400m以内）,ブレーキ（減速）中,7.0,惰行,63.0,70.0,70.0,40.25809686098879,40.3,315.3948270484719,51.0,79.30630329486,0.0,6.1,この先制限速度なし,114m先に上り勾配9.2‰あり,先行列車なし,後続列車なし,0.0,ブレーキ開始が早すぎて駅手前で停止する確実性が高く、即reward0.0ルールに該当するため0.0とした。
130.0,Train11,次駅への減速フェーズ（駅手前400m以内）,ブレーキ（減速）中,8.0,惰行,63.0,70.0,70.0,39.028846245775526,39.0,304.38453074672367,50.0,74.58188716535243,0.0,6.1,この先制限速度なし,103m先に上り勾配9.2‰あり,先行列車なし,後続列車なし,0.3,ブレーキが必要距離よりはるか前に開始され、エネルギー無駄となるため評価を低くし0.3とした。
131.0,Train11,次駅への減速フェーズ（駅手前400m以内）,ブレーキ（減速）中,9.0,惰行,63.0,70.0,70.0,37.802662462795,37.8,293.71526103718895,49.0,70.01031052697611,0.0,6.1,この先制限速度なし,93m先に上り勾配9.2‰あり,先行列車なし,後続列車なし,0.3,次駅減速フェーズでブレーキを早期に開始し、必要速度を下回ってエネルギー効率と定時性を損ねたため評価を低くした。
132.0,Train11,次駅への減速フェーズ（駅手前400m以内）,ブレーキ（減速）中,10.0,惰行,63.0,70.0,70.0,36.57947224484086,36.6,283.3861763152861,48.0,65.59065804515137,0.0,6.1,この先制限速度なし,83m先に上り勾配9.2‰あり,先行列車なし,後続列車なし,0.0,次駅減速フェーズでブレーキ開始距離が遠すぎ、delta_stopが217mで|delta_stop|>5mのため大幅減点しreward=0.0とした。
133.0,Train11,次駅への減速フェーズ（駅手前400m以内）,ブレーキ（減速）中,11.0,惰行,63.0,70.0,70.0,35.35920298424371,35.4,273.3964552354387,47.0,61.322038619950796,0.0,6.1,この先制限速度なし,73m先に上り勾配9.2‰あり,先行列車なし,後続列車なし,0.0,ブレーキが停止位置から212m離れた状態で適用され、|delta_stop|>5mのため大幅減点としreward=0.0とした。
134.0,Train11,次駅への減速フェーズ（駅手前400m以内）,ブレーキ（減速）中,12.0,惰行,63.0,70.0,70.0,34.14178271460704,34.1,263.74529653053355,46.0,57.20358512661429,0.0,6.1,この先制限速度なし,64m先に上り勾配9.2‰あり,先行列車なし,後続列車なし,0.0,ブレーキが停止位置から206m離れた地点で開始され、停止距離が過大であるため減速フェーズでの操作が不適切と判断し0.0とした。
135.0,Train11,次駅への減速フェーズ（駅手前400m以内）,ブレーキ（減速）中,13.0,惰行,63.0,70.0,70.0,32.927140092850316,32.9,254.43191883627136,45.0,53.23445416327513,0.0,6.1,この先制限速度なし,55m先に上り勾配9.2‰あり,先行列車なし,後続列車なし,0.0,ブレーキが停止距離より200m以上前に開始され、delta_stopが201mで停止位置が大幅にずれたため、停止位置達成が不適切と判断しreward=0.0とした。
136.0,Train11,次駅への減速フェーズ（駅手前400m以内）,ブレーキ（減速）中,14.0,惰行,63.0,70.0,70.0,31.715204381549185,31.7,245.45556052049733,44.0,49.413825805785486,0.0,6.1,この先制限速度なし,46m先に上り勾配9.2‰あり,先行列車なし,後続列車なし,0.0,ブレーキが停止位置まで196m離れた段階で作動し、停止位置達成が不適切でエネルギー無駄となるため0.0とした。
137.0,Train11,次駅への減速フェーズ（駅手前400m以内）,ブレーキ（減速）中,15.0,惰行,63.0,70.0,70.0,30.505905431563228,30.5,236.81547951742132,43.0,45.74090336687042,0.0,6.1,この先制限速度なし,38m先に上り勾配9.2‰あり,先行列車なし,後続列車なし,0.0,減速フェーズで停止位置まで遠く(delta_stop>5m)にブレーキをかけており、大幅減点対象となるためreward=0.0。
138.0,Train11,次駅への減速フェーズ（駅手前400m以内）,ブレーキ（減速）中,16.0,惰行,63.0,70.0,70.0,29.29917366494176,29.3,228.5109531666194,42.0,42.214913152158516,0.0,6.1,この先制限速度なし,30m先に上り勾配9.2‰あり,先行列車なし,後続列車なし,0.0,delta_stopが186mと十分な距離があるのに減速ブレーキをかけており、停止位置達成に不適切な早すぎる減速とエネルギー浪費があるため0.0点とした。
139.0,Train11,次駅への減速フェーズ（駅手前400m以内）,惰行中,1.0,ブレーキ（減速）,16.0,70.0,70.0,28.09494005809847,28.1,220.5412780567073,41.0,38.83510428100972,0.0,6.1,この先制限速度なし,22m先に上り勾配9.2‰あり,先行列車なし,後続列車なし,1.0,上位項目すべてで違反がなく、次駅減速フェーズで速度28.1km/hの惰行が適切であるため最高評価とした。
140.0,Train11,次駅への減速フェーズ（駅手前400m以内）,ブレーキ（減速）中,1.0,惰行,1.0,70.0,70.0,27.756282610205012,27.8,212.78464992613877,40.0,37.9096642081993,0.0,6.1,この先制限速度なし,15m先に上り勾配9.2‰あり,先行列車なし,後続列車なし,0.0,遠距離でブレーキを開始し、保持時間が7秒未満の惰行→減速の反転がノコギリ運転と判定されたため0.0点。
141.0,Train11,次駅への減速フェーズ（駅手前400m以内）,惰行中,1.0,ブレーキ（減速）,1.0,70.0,70.0,26.555150560902717,26.6,205.24311856361166,39.0,34.71613795329862,0.0,6.1,この先制限速度なし,7m先に上り勾配9.2‰あり,先行列車なし,後続列車なし,0.0,ブレーキ→惰行への短時間（1秒）反転が条件を満たしノコギリ運転と判定され、上限が0.0点のためrewardは0.0となった。
142.0,Train11,次駅への減速フェーズ（駅手前400m以内）,惰行中,2.0,ブレーキ（減速）,1.0,70.0,70.0,26.219536394707653,26.2,197.91378216850575,38.0,33.84860342143942,0.0,6.1,この先制限速度なし,0m先に上り勾配9.2‰あり,先行列車なし,後続列車なし,0.0,短時間でブレーキ→惰行への反転がノコギリ運転と判定され、prev_notch_durationが1秒で上限0点となったためrewardは0.0とした。
143.0,Train11,次駅への減速フェーズ（駅手前400m以内）,ブレーキ（減速）中,1.0,惰行,2.0,70.0,70.0,25.884571818014308,26.6,190.67758066474028,37.0,31.761922100579532,0.0,9.2,この先制限速度なし,この先目立った勾配なし,先行列車なし,後続列車なし,0.1,惰行から減速への短時間切替がノコギリ運転と判定され、減速開始が停止距離から遠くエネルギー無駄となるため低評価とした。
144.0,Train11,次駅への減速フェーズ（駅手前400m以内）,惰行中,1.0,ブレーキ（減速）,1.0,70.0,70.0,24.588714244420192,26.1,183.66789191077615,36.0,28.674982573595496,0.0,9.2,この先制限速度なし,この先目立った勾配なし,先行列車なし,後続列車なし,0.0,次駅減速フェーズで速度24.6km/h＜25km/hのまま惰行し、低速で停止位置へ進むちんたら運転と判定されたため即0点とした。
145.0,Train11,次駅への減速フェーズ（駅手前400m以内）,惰行中,2.0,ブレーキ（減速）,1.0,70.0,70.0,24.147568561404057,26.0,176.8995954009469,35.0,27.65970244982399,0.0,9.2,この先制限速度なし,この先目立った勾配なし,先行列車なし,後続列車なし,0.0,低速(24.1km/h)で惰行を続けたことが即時0点ルールに該当し、さらにノコギリ運転と判定されたためrewardは0.0とした。
146.0,Train11,次駅への減速フェーズ（駅手前400m以内）,ブレーキ（減速）中,1.0,惰行,2.0,70.0,70.0,23.707236825582893,25.3,170.2537249484486,34.0,26.66434932174404,0.0,9.2,この先制限速度なし,この先目立った勾配なし,先行列車なし,後続列車なし,0.0,ブレーキが必要停止距離よりはるか前で開始され、停止位置が大幅に逸脱するため即時0点と判断。
147.0,Train11,次駅への減速フェーズ（駅手前400m以内）,惰行中,1.0,ブレーキ（減速）,1.0,70.0,70.0,22.404479341102306,24.8,163.85118356255646,33.0,23.825261891350866,0.0,9.2,この先制限速度なし,この先目立った勾配なし,先行列車なし,後続列車なし,0.0,ノコギリ運転と判定され、prev_notch_durationが1秒で上限0.0点となったためrewardは0.0とした。
148.0,Train11,次駅への減速フェーズ（駅手前400m以内）,惰行中,2.0,ブレーキ（減速）,1.0,70.0,70.0,21.967280681858544,24.8,157.68906415491557,32.0,22.907943498125253,0.0,9.2,この先制限速度なし,この先目立った勾配なし,先行列車なし,後続列車なし,0.0,次駅減速フェーズで先行列車不在にも関わらず速度22km/hのまま惰行し、低速で停車位置へ向かうちんたら運転と判定されたため、即時0点とした。
150.0,Train11,次駅への減速フェーズ（駅手前400m以内）,惰行中,1.0,ブレーキ（減速）,1.0,70.0,70.0,20.231898466503353,24.0,145.8497552825655,30.0,19.442894994176665,0.0,9.2,この先制限速度なし,この先目立った勾配なし,先行列車なし,後続列車なし,0.0,次駅減速フェーズで先行列車なしの低速惰行はちんたら運転とみなされ、即reward0.0ルールが適用されるため0.0点とした。
151.0,Train11,次駅への減速フェーズ（駅手前400m以内）,惰行中,2.0,ブレーキ（減速）,1.0,70.0,70.0,19.798419267353736,24.0,140.29060770030455,29.0,18.621329481411035,0.0,9.2,この先制限速度なし,この先目立った勾配なし,先行列車なし,後続列車なし,0.0,次駅減速フェーズで先行列車なしの低速19.8km/hで惰行し続けることは「ちんたら運転」に該当し、即reward0.0ルールが適用されるため0.0点とした。
152.0,Train11,次駅への減速フェーズ（駅手前400m以内）,惰行中,3.0,ブレーキ（減速）,1.0,70.0,70.0,19.3656575369272,23.6,134.85177014433702,28.0,17.818676412431127,0.0,9.2,この先制限速度なし,この先目立った勾配なし,先行列車なし,後続列車なし,0.0,次駅減速フェーズで先行列車なしの低速19.4km/hの惰行は『ちんたら運転』に該当し即reward0.0ルールが適用されたため0.0とした。
153.0,Train11,次駅への減速フェーズ（駅手前400m以内）,惰行中,4.0,ブレーキ（減速）,1.0,70.0,70.0,18.93360390786957,23.2,129.53304463308868,27.0,17.0348425078162,0.0,9.2,この先制限速度なし,この先目立った勾配なし,先行列車なし,後続列車なし,0.0,次駅減速フェーズで先行列車なし・速度<25km/hのまま惰行し続けるちんたら運転が即reward0.0ルールに該当するため0.0点とした。
154.0,Train11,次駅への減速フェーズ（駅手前400m以内）,ブレーキ（減速）中,1.0,惰行,4.0,70.0,70.0,18.502249068309805,22.9,124.3342357792585,26.0,16.26973599333127,0.0,9.2,この先制限速度なし,この先目立った勾配なし,先行列車なし,後続列車なし,0.2,required_speed未達のままブレーキを開始し、不要な減速とノコギリ運転となったため低評価。
155.0,Train11,次駅への減速フェーズ（駅手前400m以内）,惰行中,1.0,ブレーキ（減速）,1.0,70.0,70.0,17.20825686664056,22.6,119.37628757230456,25.0,14.079310668382552,0.0,9.2,この先制限速度なし,この先目立った勾配なし,先行列車なし,後続列車なし,0.0,次駅減速フェーズで先行列車なしの低速17.2km/hで惰行を続けたため、即reward0.0ルールの「ちんたら運転」に該当し0点とした。
156.0,Train11,次駅への減速フェーズ（駅手前400m以内）,惰行中,2.0,ブレーキ（減速）,1.0,70.0,70.0,16.779611320157418,23.0,114.65636088270159,24.0,13.388397790783555,0.0,9.2,この先制限速度なし,この先目立った勾配なし,先行列車なし,後続列車なし,0.0,低速(16.8km/h)で惰行を続け必要速度23km/hを下回り次駅減速に遅延を生む上、2秒で減速→惰行のノコギリ運転と判定されたため即時0点規則が適用され、reward=0.0とした。
157.0,Train11,次駅への減速フェーズ（駅手前400m以内）,惰行中,3.0,ブレーキ（減速）,1.0,70.0,70.0,16.351618721622422,23.1,110.05541059753554,23.0,12.715774807591572,0.0,9.2,この先制限速度なし,この先目立った勾配なし,先行列車なし,後続列車なし,0.0,次駅減速フェーズで先行列車なしにも関わらず低速16.4km/hで惰行し、即reward0.0ルールに該当し、さらにノコギリ運転と判断されたため0.0とした。
158.0,Train11,次駅への減速フェーズ（駅手前400m以内）,惰行中,4.0,ブレーキ（減速）,1.0,70.0,70.0,15.924270074823658,23.1,105.57325660551697,22.0,12.061358760073853,0.0,9.2,この先制限速度なし,この先目立った勾配なし,先行列車なし,後続列車なし,0.0,次駅減速フェーズで先行列車不在にも関わらず低速15.9km/hの惰行はちんたら運転と判定し即0点とした。
160.0,Train11,次駅への減速フェーズ（駅手前400m以内）,惰行中,5.1,ブレーキ（減速）,1.0,70.0,70.0,15.071468899070613,24.1,96.96462950191886,20.0,10.806822623526912,0.0,9.2,この先制限速度なし,この先目立った勾配なし,先行列車なし,後続列車なし,0.0,次駅減速フェーズで先行列車なしの低速惰行は即時0点ルールに該当し、rewardは0.0とする。
160.1,Train11,次駅への減速フェーズ（駅手前400m以内）,惰行中,5.199999999999999,ブレーキ（減速）,1.0,70.0,70.0,15.028894240445986,22.8,96.54662804836533,19.900000000000006,10.745987524914751,0.0,9.2,この先制限速度なし,この先目立った勾配なし,先行列車なし,後続列車なし,0.0,次駅減速フェーズで先行列車なしにも関わらず15km/hの低速惰行を続けたため、即reward0.0ルールのちんたら運転に該当し0点とした。
160.2,Train11,次駅への減速フェーズ（駅手前400m以内）,惰行中,5.299999999999999,ブレーキ（減速）,1.0,70.0,70.0,14.986325745537505,22.4,96.12980913003,19.80000000000001,10.68533200710593,0.0,9.2,この先制限速度なし,この先目立った勾配なし,先行列車なし,後続列車なし,0.0,低速15km/hで惰行し、required_speed22.4km/hに達していない上にノコギリ運転（1秒→5.3秒）となり即時0点規則に該当したため0.0とした。
160.29999999999998,Train11,次駅への減速フェーズ（駅手前400m以内）,惰行中,5.399999999999999,ブレーキ（減速）,1.0,70.0,70.0,14.943763405526473,24.4,95.71417257582837,19.700000000000017,10.624855989319686,0.0,9.2,この先制限速度なし,この先目立った勾配なし,先行列車なし,後続列車なし,0.0,次駅減速フェーズで先行列車不在にも関わらず14.9km/hの低速惰行はちんたら運転と判定され、即reward0.0規則が適用されたため0.0とした。
160.39999999999998,Train11,次駅への減速フェーズ（駅手前400m以内）,惰行中,5.499999999999998,ブレーキ（減速）,1.0,70.0,70.0,14.901207211598903,23.9,95.29971821493177,19.600000000000023,10.564559405973133,0.0,9.2,この先制限速度なし,この先目立った勾配なし,先行列車なし,後続列車なし,0.0,次駅減速フェーズで先行列車不在にも関わらず14.9km/hの低速惰行を続け、停止位置に到達できず遅延が生じるため即reward0.0ルールが適用された。
160.49999999999997,Train11,次駅への減速フェーズ（駅手前400m以内）,惰行中,5.599999999999998,ブレーキ（減速）,1.0,70.0,70.0,14.858657154945508,23.9,94.8864458767531,19.50000000000003,10.50444217845267,0.0,9.2,この先制限速度なし,この先目立った勾配なし,先行列車なし,後続列車なし,0.0,次駅減速フェーズで先行列車なしの低速14.9km/hで惰行を続けたため、即reward0.0ルールの『ちんたら運転』に該当し、rewardは0.0とした。
160.59999999999997,Train11,次駅への減速フェーズ（駅手前400m以内）,惰行中,5.6999999999999975,ブレーキ（減速）,1.0,70.0,70.0,14.816113226761706,24.3,94.47435539093973,19.400000000000034,10.444504228290231,0.0,9.2,この先制限速度なし,この先目立った勾配なし,先行列車なし,後続列車なし,0.0,次駅減速フェーズで先行列車なしにも関わらず低速14.8km/hで惰行を続けたため『ちんたら運転』と判定し、即時0点ルールが適用された。
160.69999999999996,Train11,次駅への減速フェーズ（駅手前400m以内）,惰行中,5.799999999999997,ブレーキ（減速）,1.0,70.0,70.0,14.773575418247603,23.0,94.0634465873984,19.30000000000004,10.38474547716319,0.0,9.2,この先制限速度なし,この先目立った勾配なし,先行列車なし,後続列車なし,0.0,次駅減速フェーズで先行列車なしの低速惰行はちんたら運転に該当し、即時0点ルールが適用されるため。
160.79999999999995,Train11,次駅への減速フェーズ（駅手前400m以内）,惰行中,5.899999999999997,ブレーキ（減速）,1.0,70.0,70.0,14.731043720607987,23.4,93.65371929626676,19.200000000000045,10.325165839751497,0.0,9.2,この先制限速度なし,この先目立った勾配なし,先行列車なし,後続列車なし,0.0,先行列車なしで速度14.7km/hのまま惰行し続けることは「ちんたら運転」とみなされ、即時0点規則に該当するため、rewardは0.0とした。
160.89999999999995,Train11,次駅への減速フェーズ（駅手前400m以内）,惰行中,5.9999999999999964,ブレーキ（減速）,1.0,70.0,70.0,14.688518125052319,24.9,93.2451733479347,19.10000000000005,10.26576524059253,0.0,9.2,この先制限速度なし,この先目立った勾配なし,先行列車なし,後続列車なし,0.0,次駅減速フェーズで先行列車なしにも関わらず速度14.7km/hの低速惰行を続けたため、即reward0.0ルールの「ちんたら運転」に該当し0点とした。
160.99999999999994,Train11,次駅への減速フェーズ（駅手前400m以内）,惰行中,6.099999999999996,ブレーキ（減速）,1.0,70.0,70.0,14.645998622794734,24.5,92.83780857303014,19.000000000000057,10.206543612298404,0.0,9.2,この先制限速度なし,この先目立った勾配なし,先行列車なし,後続列車なし,0.0,次駅減速フェーズで低速14.6km/hの惰行はちんたら運転とみなされ即時0点規則に該当するためreward=0.0。
161.09999999999994,Train11,次駅への減速フェーズ（駅手前400m以内）,惰行中,6.199999999999996,ブレーキ（減速）,1.0,70.0,70.0,14.603485205054014,25.6,92.43162480242972,18.900000000000063,10.147500877083324,0.0,9.2,この先制限速度なし,この先目立った勾配なし,先行列車なし,後続列車なし,0.0,前後のノッチ保持時間が7秒未満で brake→coast の反転が合理性なく、prev_notch_durationが2秒未満のノコギリ運転と判定し、reward上限0.0点とした。
161.19999999999993,Train11,次駅への減速フェーズ（駅手前400m以内）,惰行中,6.299999999999995,ブレーキ（減速）,1.0,70.0,70.0,14.560977863053607,25.2,92.02662186725874,18.800000000000068,10.088636957306313,0.0,9.2,この先制限速度なし,この先目立った勾配なし,先行列車なし,後続列車なし,0.0,次駅減速フェーズで先行列車なしの低速惰行はちんたら運転と判定され、即reward0.0規則が適用されたため0.0とした。
161.29999999999993,Train11,次駅への減速フェーズ（駅手前400m以内）,惰行中,6.399999999999995,ブレーキ（減速）,1.0,70.0,70.0,14.518476588021594,25.2,91.62279959888409,18.700000000000074,10.02995177547109,0.0,9.2,この先制限速度なし,この先目立った勾配なし,先行列車なし,後続列車なし,0.0,先行列車なしで低速14.5km/hの惰行はちんたら運転とみなされ即0点と判断した。
161.39999999999992,Train11,次駅への減速フェーズ（駅手前400m以内）,惰行中,6.499999999999995,ブレーキ（減速）,1.0,70.0,70.0,14.475981371190699,24.8,91.22015782890358,18.60000000000008,9.971445245376469,0.0,9.2,この先制限速度なし,この先目立った勾配なし,先行列車なし,後続列車なし,0.0,次駅減速フェーズで先行列車なしにも関わらず速度14.5km/hのまま惰行し続けたため、ちんたら運転とみなされ即時0点規則が適用された。
161.49999999999991,Train11,次駅への減速フェーズ（駅手前400m以内）,惰行中,6.599999999999994,ブレーキ（減速）,1.0,70.0,70.0,14.433492203798272,24.4,90.81869638917084,18.500000000000085,9.913117296512649,0.0,9.2,この先制限速度なし,この先目立った勾配なし,先行列車なし,後続列車なし,0.0,次駅減速フェーズで先行列車なしの低速14.4km/hで惰行を続け、必要速度24.4km/hに達せず停車位置へ向かうちんたら運転とノコギリ運転が判定されたため即時0点とした。
161.5999999999999,Train11,次駅への減速フェーズ（駅手前400m以内）,惰行中,6.699999999999994,ブレーキ（減速）,1.0,70.0,70.0,14.391009077086286,70.0,90.41841511178106,18.40000000000009,9.854967859879569,0.0,9.2,この先制限速度なし,この先目立った勾配なし,先行列車なし,後続列車なし,0.0,次駅減速フェーズで先行列車なしにも関わらず14.4km/hの惰行はちんたら運転とみなされ、かつ1秒→6.7秒のノコギリ運転に該当するためrewardは0.0とした。
161.6999999999999,Train11,次駅への減速フェーズ（駅手前400m以内）,惰行中,6.799999999999994,ブレーキ（減速）,1.0,70.0,70.0,14.348531982301326,25.5,90.01931382907102,18.300000000000097,9.79699685851498,0.0,9.2,この先制限速度なし,この先目立った勾配なし,先行列車なし,後続列車なし,0.0,先行列車なしで速度14.3km/hの惰行が続き、required_speed25.5km/hに達しておらずちんたら運転とみなされ即時0点と判断した。
161.7999999999999,Train11,次駅への減速フェーズ（駅手前400m以内）,惰行中,6.899999999999993,ブレーキ（減速）,1.0,70.0,70.0,14.306060910694582,28.2,89.62139237361555,18.200000000000102,9.739204215600726,0.0,9.2,この先制限速度なし,この先目立った勾配なし,先行列車なし,後続列車なし,0.0,次駅減速フェーズで先行列車なしにも関わらず14.3km/hの低速惰行は即reward0.0ルールに該当し、評価は0.0とする。
161.8999999999999,Train11,次駅への減速フェーズ（駅手前400m以内）,惰行中,6.999999999999993,ブレーキ（減速）,1.0,70.0,70.0,14.263595853521844,28.2,89.22465057824525,18.100000000000108,9.681589854462551,0.0,9.2,この先制限速度なし,この先目立った勾配なし,先行列車なし,後続列車なし,0.0,次駅減速フェーズで先行列車なしにも関わらず低速14km/hで惰行を続けたため、即reward0.0ルールが適用される。
161.9999999999999,Train11,次駅への減速フェーズ（駅手前400m以内）,惰行中,7.0999999999999925,ブレーキ（減速）,1.0,70.0,70.0,14.22113680204349,28.2,88.82908827602165,18.000000000000114,9.624153688166423,0.0,9.2,この先制限速度なし,この先目立った勾配なし,先行列車なし,後続列車なし,0.0,次駅減速フェーズで先行列車なしにも関わらず14.2km/hの惰行を続けたためちんたら運転と判定し即reward0.0規則が適用された。
162.09999999999988,Train11,次駅への減速フェーズ（駅手前400m以内）,惰行中,7.199999999999992,ブレーキ（減速）,1.0,70.0,70.0,14.178683747524484,28.2,88.43470530025499,17.90000000000012,9.566895650813814,0.0,9.2,この先制限速度なし,この先目立った勾配なし,先行列車なし,後続列車なし,0.0,次駅減速フェーズで先行列車なしの低速惰行は即reward0.0ルールに該当し、評価は0.0となる。
162.19999999999987,Train11,次駅への減速フェーズ（駅手前400m以内）,惰行中,7.299999999999992,ブレーキ（減速）,1.0,70.0,70.0,14.136236681234362,27.5,88.04150148449352,17.800000000000125,9.509815671973334,0.0,9.2,この先制限速度なし,この先目立った勾配なし,先行列車なし,後続列車なし,0.0,次駅減速フェーズで先行列車なしにも関わらず速度14.1km/hの低速惰行を続け、停止位置へ向かうちんたら運転と判定し即時0点とした。
162.29999999999987,Train11,次駅への減速フェーズ（駅手前400m以内）,惰行中,7.3999999999999915,ブレーキ（減速）,1.0,70.0,70.0,14.093795594447233,25.6,87.6494766625342,17.70000000000013,9.452913675502007,0.0,9.2,この先制限速度なし,この先目立った勾配なし,先行列車なし,後続列車なし,0.0,次駅減速フェーズで先行列車なしにも関わらず速度14.1km/hの低速惰行を続け、即reward0.0ルールのちんたら運転に該当するためrewardは0.0。
162.39999999999986,Train11,次駅への減速フェーズ（駅手前400m以内）,惰行中,7.499999999999991,ブレーキ（減速）,1.0,70.0,70.0,14.05136047844176,70.0,87.25863066840844,17.600000000000136,9.396189585400228,0.0,9.2,この先制限速度なし,この先目立った勾配なし,先行列車なし,後続列車なし,0.0,次駅減速フェーズで先行列車なしにも関わらず14.1km/hの低速惰行を続け、停止位置へ向かう『ちんたら運転』と判定したため0.0とした。
162.49999999999986,Train11,次駅への減速フェーズ（駅手前400m以内）,惰行中,7.599999999999991,ブレーキ（減速）,1.0,70.0,70.0,14.00893132450116,70.0,86.86896333639993,17.500000000000142,9.339643325811602,0.0,9.2,この先制限速度なし,この先目立った勾配なし,先行列車なし,後続列車なし,0.0,次駅減速フェーズで先行列車なしにも関わらず14km/hの低速惰行がちんたら運転と判定され、即reward0.0ルールに該当するため0.0とした。
162.59999999999985,Train11,次駅への減速フェーズ（駅手前400m以内）,惰行中,7.69999999999999,ブレーキ（減速）,1.0,70.0,70.0,13.966508123913199,70.0,86.48047450103036,17.400000000000148,9.283274809206457,0.0,9.2,この先制限速度なし,この先目立った勾配なし,先行列車なし,後続列車なし,0.0,次駅減速フェーズで先行列車不在にも関わらず14km/hの低速惰行で停止位置へ進むため、即reward0.0ルールの『ちんたら運転』に該当し、rewardは0.0とした。
162.69999999999985,Train11,次駅への減速フェーズ（駅手前400m以内）,惰行中,7.79999999999999,ブレーキ（減速）,1.0,70.0,70.0,13.924090867970177,70.0,86.09316399705236,17.300000000000153,9.227083973978655,0.0,9.2,この先制限速度なし,この先目立った勾配なし,先行列車なし,後続列車なし,0.0,次駅減速フェーズで先行列車なし、速度13.9km/hのまま惰行を続けたため「ちんたら運転」と判定し即時0点規則が適用された。
162.79999999999984,Train11,次駅への減速フェーズ（駅手前400m以内）,惰行中,7.89999999999999,ブレーキ（減速）,1.0,70.0,70.0,13.88167954796892,70.0,85.7070316594779,17.20000000000016,9.171070748434781,0.0,9.2,この先制限速度なし,この先目立った勾配なし,先行列車なし,後続列車なし,0.0,次駅減速フェーズで先行列車不在にも関わらず13.9km/hの低速惰行を続けたため、ちんたら運転と判定し即時0点規則が適用された。
162.89999999999984,Train11,次駅への減速フェーズ（駅手前400m以内）,惰行中,7.999999999999989,ブレーキ（減速）,1.0,70.0,70.0,13.839274155210788,27.6,85.3220773235499,17.100000000000165,9.115235057246974,0.0,9.2,この先制限速度なし,この先目立った勾配なし,先行列車なし,後続列車なし,0.0,次駅減速フェーズで先行列車なし、速度13.8km/h<25km/hのまま惰行し続けているためちんたら運転と判定し即時0点とした。
162.99999999999983,Train11,次駅への減速フェーズ（駅手前400m以内）,惰行中,8.099999999999989,ブレーキ（減速）,1.0,70.0,70.0,13.796874681001645,25.4,84.93830082475995,17.00000000000017,9.059576825229989,0.0,9.2,この先制限速度なし,この先目立った勾配なし,先行列車なし,後続列車なし,0.0,低速13.8km/hで惰行を続けるちんたら運転と判定され、即reward0.0ルールに該当するため0.0とした。
163.09999999999982,Train11,次駅への減速フェーズ（駅手前400m以内）,惰行中,8.199999999999989,ブレーキ（減速）,1.0,70.0,70.0,13.75448111665186,25.0,84.55570199883766,16.900000000000176,9.004095977341084,0.0,9.2,この先制限速度なし,この先目立った勾配なし,先行列車なし,後続列車なし,0.0,次駅減速フェーズで先行列車不在にも関わらず速度13.8km/hのまま惰行を続け、required_speed 25km/hに達しておらず「ちんたら運転」に該当するため即時0点とした。
163.19999999999982,Train11,次駅への減速フェーズ（駅手前400m以内）,惰行中,8.299999999999988,ブレーキ（減速）,1.0,70.0,70.0,13.712093453476317,27.5,84.1742806817436,16.800000000000182,8.948792425581848,0.0,9.2,この先制限速度なし,この先目立った勾配なし,先行列車なし,後続列車なし,0.0,次駅減速フェーズで先行列車なしにも関わらず低速13.7km/hの惰行を続けたためちんたら運転と判定し即時0点とした。
163.2999999999998,Train11,次駅への減速フェーズ（駅手前400m以内）,惰行中,8.399999999999988,ブレーキ（減速）,1.0,70.0,70.0,13.669711682794373,27.5,83.79403670969054,16.700000000000188,8.893666112340926,0.0,9.2,この先制限速度なし,この先目立った勾配なし,先行列車なし,後続列車なし,0.0,次駅減速フェーズで先行列車なしにも関わらず13.7km/hの低速惰行はちんたら運転とみなされ、即reward0.0ルールが適用されるため。
163.3999999999998,Train11,次駅への減速フェーズ（駅手前400m以内）,惰行中,8.499999999999988,ブレーキ（減速）,1.0,70.0,70.0,13.627335795929884,26.8,83.41496991913999,16.600000000000193,8.838716964821439,0.0,9.2,この先制限速度なし,この先目立った勾配なし,先行列車なし,後続列車なし,0.0,次駅減速フェーズで低速13.6km/hの惰行は『ちんたら運転』とみなされ、即reward0.0ルールに該当するため0.0とした。
163.4999999999998,Train11,次駅への減速フェーズ（駅手前400m以内）,惰行中,8.599999999999987,ブレーキ（減速）,1.0,70.0,70.0,13.584965784211176,27.1,83.03708014677014,16.5000000000002,8.78394490850647,0.0,9.2,この先制限速度なし,この先目立った勾配なし,先行列車なし,後続列車なし,0.0,次駅減速フェーズで先行列車なしにも関わらず13.6km/hの低速惰行はちんたら運転とみなされ、即0点となる。
163.5999999999998,Train11,次駅への減速フェーズ（駅手前400m以内）,惰行中,8.699999999999987,ブレーキ（減速）,1.0,70.0,70.0,13.542601638971044,70.0,82.66036722953629,16.400000000000205,8.729349869020997,0.0,9.2,この先制限速度なし,この先目立った勾配なし,先行列車なし,後続列車なし,0.0,次駅減速フェーズで先行列車なしにも関わらず速度13.5km/hのまま惰行を続け、低速で停止位置へ向かうちんたら運転と判定されたため即時0点とした。
163.6999999999998,Train11,次駅への減速フェーズ（駅手前400m以内）,惰行中,8.799999999999986,ブレーキ（減速）,1.0,70.0,70.0,13.500243351546754,70.0,82.28483100458561,16.30000000000021,8.67493177213183,0.0,9.2,この先制限速度なし,この先目立った勾配なし,先行列車なし,後続列車なし,0.0,低速13.5km/hで惰行を続けるちんたら運転と判定され、即時0点規則に該当するためrewardは0.0とした。
163.79999999999978,Train11,次駅への減速フェーズ（駅手前400m以内）,惰行中,8.899999999999986,ブレーキ（減速）,1.0,70.0,70.0,13.457890913280016,70.0,81.91047130935658,16.200000000000216,8.620690529488796,0.0,9.2,この先制限速度なし,この先目立った勾配なし,先行列車なし,後続列車なし,0.0,次駅減速フェーズで先行列車なし、速度13.5km/hのまま惰行し続ける『ちんたら運転』に該当し、即reward0.0ルールが適用されたため0.0とした。
163.89999999999978,Train11,次駅への減速フェーズ（駅手前400m以内）,惰行中,8.999999999999986,ブレーキ（減速）,1.0,70.0,70.0,13.41554431551699,70.0,81.53728798149729,16.10000000000022,8.56662608719799,0.0,9.2,この先制限速度なし,この先目立った勾配なし,先行列車なし,後続列車なし,0.0,次駅減速フェーズで先行列車なしの低速13.4km/hの惰行はちんたら運転と判定され、即reward0.0ルールに該当するため0.0点とした。
163.99999999999977,Train11,次駅への減速フェーズ（駅手前400m以内）,惰行中,9.099999999999985,ブレーキ（減速）,1.0,70.0,70.0,13.373203549608276,70.0,81.16528085890096,16.000000000000227,8.512738371507389,0.0,9.2,この先制限速度なし,この先目立った勾配なし,先行列車なし,後続列車なし,0.0,次駅減速フェーズで先行列車なしの低速13.4km/hの惰行はちんたら運転とみなされ、即reward0.0ルールに該当するため評価は0.0とした。
164.09999999999977,Train11,次駅への減速フェーズ（駅手前400m以内）,惰行中,9.199999999999985,ブレーキ（減速）,1.0,70.0,70.0,13.33086860690891,70.0,80.79444977970596,15.900000000000233,8.459027308706885,0.0,9.2,この先制限速度なし,この先目立った勾配なし,先行列車なし,後続列車なし,0.0,次駅減速フェーズで先行列車なしの低速13.3km/hで惰行を続けたため、即reward0.0ルールのちんたら運転に該当し、rewardは0.0とした。
164.19999999999976,Train11,次駅への減速フェーズ（駅手前400m以内）,惰行中,9.299999999999985,ブレーキ（減速）,1.0,70.0,70.0,13.288539478778345,70.0,80.42479458228513,15.800000000000239,8.405492825227599,0.0,9.2,この先制限速度なし,この先目立った勾配なし,先行列車なし,後続列車なし,0.0,次駅減速フェーズで13.3km/hの低速惰行を続けブレーキせず、ちんたら運転と判定し即時0点とした。
164.29999999999976,Train11,次駅への減速フェーズ（駅手前400m以内）,惰行中,9.399999999999984,ブレーキ（減速）,1.0,70.0,70.0,13.246216156580456,70.0,80.05631510525646,15.700000000000244,8.35213484612114,0.0,9.2,この先制限速度なし,この先目立った勾配なし,先行列車なし,後続列車なし,0.0,次駅減速フェーズで先行列車なしの低速惰行はちんたら運転とみなされ、即reward0.0ルールに該当するため評価は0.0とした。
164.39999999999975,Train11,次駅への減速フェーズ（駅手前400m以内）,惰行中,9.499999999999984,ブレーキ（減速）,1.0,70.0,70.0,13.203898631683531,70.0,79.68901118747951,15.60000000000025,8.298953287355253,0.0,9.2,この先制限速度なし,この先目立った勾配なし,先行列車なし,後続列車なし,0.0,次駅減速フェーズで低速惰行が続き、先行列車不在にも関わらずちんたら運転と判定されたため即時0点とした。
164.49999999999974,Train11,次駅への減速フェーズ（駅手前400m以内）,惰行中,9.599999999999984,ブレーキ（減速）,1.0,70.0,70.0,13.161586895460255,26.8,79.32288266805188,15.500000000000256,8.245948093933341,0.0,9.2,この先制限速度なし,この先目立った勾配なし,先行列車なし,後続列車なし,0.0,次駅減速フェーズで速度13.2km/h＜required 26.8km/hのまま惰行しており、即reward0.0条件のちんたら運転に該当するため0.0とした。
164.59999999999974,Train11,次駅への減速フェーズ（駅手前400m以内）,惰行中,9.699999999999983,ブレーキ（減速）,1.0,70.0,70.0,13.119280939287712,70.0,78.95792938629498,15.400000000000261,8.19311919280745,0.0,9.2,この先制限速度なし,この先目立った勾配なし,先行列車なし,後続列車なし,0.0,次駅減速フェーズで先行列車なしにも関わらず13km/hの低速惰行はちんたら運転とみなされ、即reward0.0ルールに該当するため評価は0.0となる。
164.69999999999973,Train11,次駅への減速フェーズ（駅手前400m以内）,惰行中,9.799999999999983,ブレーキ（減速）,1.0,70.0,70.0,13.076980754547371,26.8,78.59415118180024,15.300000000000267,8.140466511070226,0.0,9.2,この先制限速度なし,この先目立った勾配なし,先行列車なし,後続列車なし,0.0,低速13.1km/hで惰行を続け、必要速度26.8km/hに達せず停止位置も遠く、先行列車不在のままちんたら運転と判断し即時0点とした。
164.79999999999973,Train11,次駅への減速フェーズ（駅手前400m以内）,惰行中,9.899999999999983,ブレーキ（減速）,1.0,70.0,70.0,13.03468633262508,70.0,78.23154789437226,15.200000000000273,8.087989975954912,0.0,9.2,この先制限速度なし,この先目立った勾配なし,先行列車なし,後続列車なし,0.0,次駅減速フェーズで先行列車なしの低速惰行は即reward0.0ルールに該当し、適切なブレーキが行われていないため0.0とした。
164.89999999999972,Train11,次駅への減速フェーズ（駅手前400m以内）,惰行中,9.999999999999982,ブレーキ（減速）,1.0,70.0,70.0,12.99239766491106,70.0,77.87011936406785,15.100000000000279,8.035689511827936,0.0,9.2,この先制限速度なし,この先目立った勾配なし,先行列車なし,後続列車なし,0.0,先行列車なしで低速13km/hの惰行が続き、次駅減速フェーズでのちんたら運転と判定され即時0点規則に該当するため0.0とした。
164.99999999999972,Train11,次駅への減速フェーズ（駅手前400m以内）,惰行中,10.099999999999982,ブレーキ（減速）,1.0,70.0,70.0,12.950114742799895,70.0,77.50986543117833,15.000000000000284,7.983565038971752,0.0,9.2,この先制限速度なし,この先目立った勾配なし,先行列車なし,後続列車なし,0.0,次駅減速フェーズで先行列車なしの低速13km/hの惰行は『ちんたら運転』に該当し、即reward0.0ルールが適用されるため評価は0.0とした。
165.0999999999997,Train11,次駅への減速フェーズ（駅手前400m以内）,惰行中,10.199999999999982,ブレーキ（減速）,1.0,70.0,70.0,12.907837557690533,70.0,77.15078593623304,14.90000000000029,7.931616501149048,0.0,9.2,この先制限速度なし,この先目立った勾配なし,先行列車なし,後続列車なし,0.0,次駅減速フェーズで先行列車なしにも関わらず低速惰行を続けたため即reward0.0ルールに該当し、評価は0.0とした。
165.1999999999997,Train11,次駅への減速フェーズ（駅手前400m以内）,惰行中,10.299999999999981,ブレーキ（減速）,1.0,70.0,70.0,12.865566100986273,70.0,76.79288071999935,14.800000000000296,7.879843826111302,0.0,9.2,この先制限速度なし,この先目立った勾配なし,先行列車なし,後続列車なし,0.0,低速12.9km/hで惰行し続け、先行列車不在の状態で停止位置へ向かうちんたら運転と判定し即時0点とした。
165.2999999999997,Train11,次駅への減速フェーズ（駅手前400m以内）,惰行中,10.39999999999998,ブレーキ（減速）,1.0,70.0,70.0,12.82330036409475,70.0,76.43614962349332,14.700000000000301,7.82824694174996,0.0,9.2,この先制限速度なし,この先目立った勾配なし,先行列車なし,後続列車なし,0.0,低速（12.8km/h）で惰行を続け、先行列車不在の減速フェーズでブレーキ未実施のためちんたら運転と判定し即時0点とした。
165.3999999999997,Train11,次駅への減速フェーズ（駅手前400m以内）,惰行中,10.49999999999998,ブレーキ（減速）,1.0,70.0,70.0,12.781040338427944,70.0,76.08059248796195,14.600000000000307,7.7768257760963335,0.0,9.2,この先制限速度なし,この先目立った勾配なし,先行列車なし,後続列車なし,0.0,次駅減速フェーズで先行列車なしにも関わらず12.8km/hの低速惰行はちんたら運転とみなされ、即reward0.0ルールに該当するため0点とした。
165.4999999999997,Train11,次駅への減速フェーズ（駅手前400m以内）,惰行中,10.59999999999998,ブレーキ（減速）,1.0,70.0,70.0,12.738786015402148,70.0,75.72620915488315,14.500000000000313,7.725580252952587,0.0,9.2,この先制限速度なし,この先目立った勾配なし,先行列車なし,後続列車なし,0.0,次駅減速フェーズで先行列車なしにも関わらず低速12.7km/hで惰行を続けたため、ちんたら運転とみなされ即時0点となった。
165.59999999999968,Train11,次駅への減速フェーズ（駅手前400m以内）,惰行中,10.69999999999998,ブレーキ（減速）,1.0,70.0,70.0,12.69653738643799,70.0,75.37299946599063,14.400000000000318,7.6745102966321,0.0,9.2,この先制限速度なし,この先目立った勾配なし,先行列車なし,後続列車なし,0.0,次駅減速フェーズで先行列車なしにも関わらず低速12.7km/hで惰行を続けたため「ちんたら運転」と判定し、即reward0.0ルールが適用された。
165.69999999999968,Train11,次駅への減速フェーズ（駅手前400m以内）,惰行中,10.79999999999998,ブレーキ（減速）,1.0,70.0,70.0,12.654294442960412,70.0,75.02096326324903,14.300000000000324,7.623615849808081,0.0,9.2,この先制限速度なし,この先目立った勾配なし,先行列車なし,後続列車なし,0.0,次駅減速フェーズで先行列車なしにも関わらず12.7km/hの低速惰行を続け、停止位置へ到達できず遅延が確実なため即時0点ルールが適用され、rewardは0.0とした。
165.79999999999967,Train11,次駅への減速フェーズ（駅手前400m以内）,惰行中,10.899999999999979,ブレーキ（減速）,1.0,70.0,70.0,12.612057176398649,70.0,74.67010038885036,14.20000000000033,7.572896841027484,0.0,9.2,この先制限速度なし,この先目立った勾配なし,先行列車なし,後続列車なし,0.0,低速(12.6km/h)で惰行し続け、ブレーキ未実施のため次駅減速フェーズでのちんたら運転と判定し即時0点とした。
165.89999999999966,Train11,次駅への減速フェーズ（駅手前400m以内）,惰行中,10.999999999999979,ブレーキ（減速）,1.0,70.0,70.0,12.56982557818625,70.0,74.32041068523887,14.100000000000335,7.522353198976574,0.0,9.2,この先制限速度なし,この先目立った勾配なし,先行列車なし,後続列車なし,0.0,先行列車なしで速度12.6km/hのまま惰行し続けることは『ちんたら運転』に該当し即時0点ルールが適用されるためrewardは0.0とした。
165.99999999999966,Train11,次駅への減速フェーズ（駅手前400m以内）,惰行中,11.099999999999978,ブレーキ（減速）,1.0,70.0,70.0,12.52759963976105,70.0,73.97189399508619,14.000000000000341,7.471984852480779,0.0,9.2,この先制限速度なし,この先目立った勾配なし,先行列車なし,後続列車なし,0.0,低速（12.5km/h）で惰行し続け、先行列車不在の状態で停止位置へ向かうちんたら運転と判定されたため0.0とした。
166.09999999999965,Train11,次駅への減速フェーズ（駅手前400m以内）,惰行中,11.199999999999978,ブレーキ（減速）,1.0,70.0,70.0,12.485379352565161,70.0,73.62455016130909,13.900000000000347,7.421791724890835,0.0,9.2,この先制限速度なし,この先目立った勾配なし,先行列車なし,後続列車なし,0.0,次駅減速フェーズで低速(12.5km/h)の惰行を続け、先行列車なしで停止位置が達成できず、即時0点ルールが適用されたため。
166.19999999999965,Train11,次駅への減速フェーズ（駅手前400m以内）,惰行中,11.299999999999978,ブレーキ（減速）,1.0,70.0,70.0,12.443164708044984,70.0,73.27837902706236,13.800000000000352,7.371773744283911,0.0,9.2,この先制限速度なし,この先目立った勾配なし,先行列車なし,後続列車なし,0.0,次駅減速フェーズで先行列車なしの状態で12.4km/hの低速惰行を続け、停止位置へ向かうちんたら運転と判定されたため即時0点とした。
166.29999999999964,Train11,次駅への減速フェーズ（駅手前400m以内）,惰行中,11.399999999999977,ブレーキ（減速）,1.0,70.0,70.0,12.40095569765118,70.0,72.93338043573172,13.700000000000358,7.321930852386516,0.0,9.2,この先制限速度なし,この先目立った勾配なし,先行列車なし,後続列車なし,0.0,次駅減速フェーズで先行列車なしの低速惰行はちんたら運転とみなされ、即reward0.0ルールが適用されたため0.0とした。
166.39999999999964,Train11,次駅への減速フェーズ（駅手前400m以内）,惰行中,11.499999999999977,ブレーキ（減速）,1.0,70.0,70.0,12.358752312838678,70.0,72.58955423095159,13.600000000000364,7.2722629785371735,0.0,9.2,この先制限速度なし,この先目立った勾配なし,先行列車なし,後続列車なし,0.0,次駅減速フェーズで先行列車なしにも関わらず低速12.4km/hの惰行はちんたら運転とみなされ、即reward0.0ルールが適用されるため0.0点とした。
166.49999999999963,Train11,次駅への減速フェーズ（駅手前400m以内）,惰行中,11.599999999999977,ブレーキ（減速）,1.0,70.0,70.0,12.316554545066667,70.0,72.2469002565802,13.50000000000037,7.222770052213031,0.0,9.2,この先制限速度なし,この先目立った勾配なし,先行列車なし,後続列車なし,0.0,次駅減速フェーズで先行列車不在にも関わらず12.3km/hの低速惰行を続け、ブレーキ未実施のため即時0点ルールに該当し、rewardは0.0とした。
166.59999999999962,Train11,次駅への減速フェーズ（駅手前400m以内）,惰行中,11.699999999999976,ブレーキ（減速）,1.0,70.0,70.0,12.274362385798572,70.0,71.90541835671738,13.400000000000375,7.1734520030297375,0.0,9.2,この先制限速度なし,この先目立った勾配なし,先行列車なし,後続列車なし,0.0,低速で惰行し続け、先行列車不在にも関わらず停止位置へ向かうちんたら運転と判定し即時0点とした。
166.69999999999962,Train11,次駅への減速フェーズ（駅手前400m以内）,惰行中,11.799999999999976,ブレーキ（減速）,1.0,70.0,70.0,12.232175826502061,70.0,71.5651083756974,13.30000000000038,7.124308753991888,0.0,9.2,この先制限速度なし,この先目立った勾配なし,先行列車なし,後続列車なし,0.0,次駅減速フェーズで先行列車不在かつ速度12.2km/hのまま惰行を続け、停車位置と定時到達が不可能なちんたら運転のため即時0点とした。
166.7999999999996,Train11,次駅への減速フェーズ（駅手前400m以内）,惰行中,11.899999999999975,ブレーキ（減速）,1.0,70.0,70.0,12.18999485864904,70.0,71.22597015811039,13.200000000000387,7.075340236688893,0.0,9.2,この先制限速度なし,この先目立った勾配なし,先行列車なし,後続列車なし,0.0,先行列車なしで速度12.2km/hのまま惰行し、次駅までの距離と時間から停止位置が達成できず、即時0点ルール（ちんたら運転）に該当するためrewardは0.0とした。
166.8999999999996,Train11,次駅への減速フェーズ（駅手前400m以内）,惰行中,11.999999999999975,ブレーキ（減速）,1.0,70.0,70.0,12.147819473715641,70.0,70.88800354875247,13.100000000000392,7.026546392035439,0.0,9.2,この先制限速度なし,この先目立った勾配なし,先行列車なし,後続列車なし,0.0,次駅減速フェーズで先行列車なしにも関わらず12 km/hの低速惰行を続け、停止位置達成が不可能なため即時0点ルールが適用された。
166.9999999999996,Train11,次駅への減速フェーズ（駅手前400m以内）,惰行中,12.099999999999975,ブレーキ（減速）,1.0,70.0,70.0,12.105649663182213,70.0,70.55120839269335,13.000000000000398,6.977927150157732,0.0,9.2,この先制限速度なし,この先目立った勾配なし,先行列車なし,後続列車なし,0.0,次駅減速フェーズで先行列車不在にも関わらず低速12.1km/hの惰行を続けたため、ちんたら運転と判定し即reward0.0ルールが適用された。
167.0999999999996,Train11,次駅への減速フェーズ（駅手前400m以内）,惰行中,12.199999999999974,ブレーキ（減速）,1.0,70.0,70.0,12.063485418533315,70.0,70.21558453519816,12.900000000000404,6.929482441319934,0.0,9.2,この先制限速度なし,この先目立った勾配なし,先行列車なし,後続列車なし,0.0,低速12.1km/hで惰行を続け、次駅減速フェーズで必要速度70km/hに達しておらず、即reward0.0ルールのちんたら運転に該当するため0.0点とした。
167.1999999999996,Train11,次駅への減速フェーズ（駅手前400m以内）,惰行中,12.299999999999974,ブレーキ（減速）,1.0,70.0,70.0,12.02132673125771,70.0,69.8811318217949,12.80000000000041,6.881212195924044,0.0,9.2,この先制限速度なし,この先目立った勾配なし,先行列車なし,後続列車なし,0.0,次駅減速フェーズで低速12km/hの惰行が続き、先行列車不在にも関わらずちんたら運転と判定されたため即0点ルールが適用された。
167.29999999999959,Train11,次駅への減速フェーズ（駅手前400m以内）,惰行中,12.399999999999974,ブレーキ（減速）,1.0,70.0,70.0,11.979173592848362,70.0,69.54785009824604,12.700000000000415,6.833116336726763,0.0,9.2,この先制限速度なし,この先目立った勾配なし,先行列車なし,後続列車なし,0.0,次駅減速フェーズで先行列車なし、速度12km/h＜25km/hのまま惰行し続けており、ちんたら運転と判定されたため即時0点とした。
167.39999999999958,Train11,次駅への減速フェーズ（駅手前400m以内）,惰行中,12.499999999999973,ブレーキ（減速）,1.0,70.0,70.0,11.937025994802424,70.0,69.21573921054858,12.60000000000042,6.785194798592818,0.0,9.2,この先制限速度なし,この先目立った勾配なし,先行列車なし,後続列車なし,0.0,低速で惰行し続け、次駅減速フェーズで停止位置が確保できないため即時0点ルールに該当し、rewardは0.0とした。
167.49999999999957,Train11,次駅への減速フェーズ（駅手前400m以内）,惰行中,12.599999999999973,ブレーキ（減速）,1.0,70.0,70.0,11.894883928621228,70.0,68.88479900492328,12.500000000000426,6.737447521752512,0.0,9.2,この先制限速度なし,この先目立った勾配なし,先行列車なし,後続列車なし,0.0,次駅減速フェーズで低速惰行が続き、停止位置が達成できないちんたら運転と判定されたため0.0とした。
167.59999999999957,Train11,次駅への減速フェーズ（駅手前400m以内）,惰行中,12.699999999999973,ブレーキ（減速）,1.0,70.0,70.0,11.852747385810279,70.0,68.55502932785029,12.400000000000432,6.689874437115883,0.0,9.2,この先制限速度なし,この先目立った勾配なし,先行列車なし,後続列車なし,0.0,次駅減速フェーズで先行列車なしの低速惰行はちんたら運転とみなされ即時0点規則に該当するためreward=0.0。
167.69999999999956,Train11,次駅への減速フェーズ（駅手前400m以内）,惰行中,12.799999999999972,ブレーキ（減速）,1.0,70.0,70.0,11.810616357879258,70.0,68.2264300260158,12.300000000000438,6.642475475730292,0.0,9.2,この先制限速度なし,この先目立った勾配なし,先行列車なし,後続列車なし,0.0,次駅減速フェーズで先行列車なしにも関わらず11.8km/hの低速惰行はちんたら運転とみなされ、即reward0.0ルールに該当するため0.0とした。
167.79999999999956,Train11,次駅への減速フェーズ（駅手前400m以内）,惰行中,12.899999999999972,ブレーキ（減速）,1.0,70.0,70.0,11.768490836342002,70.0,67.89900094637602,12.200000000000443,6.595250568780272,0.0,9.2,この先制限速度なし,この先目立った勾配なし,先行列車なし,後続列車なし,0.0,次駅減速フェーズで先行列車なしにも関わらず低速11.8km/hで惰行し続けたため即時0点ルール（ちんたら運転）に該当し、rewardは0.0とした。
167.89999999999955,Train11,次駅への減速フェーズ（駅手前400m以内）,惰行中,12.999999999999972,ブレーキ（減速）,1.0,70.0,70.0,11.726370812716505,70.0,67.57274193609675,12.100000000000449,6.548199638866314,0.0,9.2,この先制限速度なし,この先目立った勾配なし,先行列車なし,後続列車なし,0.0,次駅減速フェーズで速度11.7km/hの惰行は低速ちんたら運転とみなされ即reward0.0規則に該当するため評価は0.0。
167.99999999999955,Train11,次駅への減速フェーズ（駅手前400m以内）,惰行中,13.099999999999971,ブレーキ（減速）,1.0,70.0,70.0,11.684256278524897,70.0,67.24765284258183,12.000000000000455,6.501322623905133,0.0,9.2,この先制限速度なし,この先目立った勾配なし,先行列車なし,後続列車なし,0.0,低速で惰行し続け、先行列車不在の状態で停車位置へ向かうちんたら運転と判定されたため即時0点。
168.09999999999954,Train11,次駅への減速フェーズ（駅手前400m以内）,惰行中,13.19999999999997,ブレーキ（減速）,1.0,70.0,70.0,11.642147225293463,70.0,66.9237335134838,11.90000000000046,6.45461946356316,0.0,9.2,この先制限速度なし,この先目立った勾配なし,先行列車なし,後続列車なし,0.0,低速で惰行し続け、先行列車不在の減速フェーズで停止位置が達成できず、即reward0.0ルールに該当したため0.0とした。
168.19999999999953,Train11,次駅への減速フェーズ（駅手前400m以内）,惰行中,13.29999999999997,ブレーキ（減速）,1.0,70.0,70.0,11.600043644552608,70.0,66.60098379668256,11.800000000000466,6.408090089530487,0.0,9.2,この先制限速度なし,この先目立った勾配なし,先行列車なし,後続列車なし,0.0,次駅減速フェーズで先行列車なしにも関わらず速度11.6km/hの惰行が続き、停車位置に間に合わず「ちんたら運転」と判断し即時0点とした。
168.29999999999953,Train11,次駅への減速フェーズ（駅手前400m以内）,惰行中,13.39999999999997,ブレーキ（減速）,1.0,70.0,70.0,11.557945527836871,70.0,66.27940354029604,11.700000000000472,6.36173443363389,0.0,9.2,この先制限速度なし,この先目立った勾配なし,先行列車なし,後続列車なし,0.0,低速(11.6km/h)で惰行し続け、先行列車不在の次駅減速フェーズで遅延を招くちんたら運転のため即0点とした。
168.39999999999952,Train11,次駅への減速フェーズ（駅手前400m以内）,惰行中,13.49999999999997,ブレーキ（減速）,1.0,70.0,70.0,11.515852866684902,70.0,65.95899259267313,11.600000000000477,6.315552427836667,0.0,9.2,この先制限速度なし,この先目立った勾配なし,先行列車なし,後続列車なし,0.0,次駅減速フェーズで先行列車不在にも関わらず速度11.5km/hのまま惰行し停止位置へ向かうちんたら運転と判定し、即reward0.0ルールが適用されたため0.0とした。
168.49999999999952,Train11,次駅への減速フェーズ（駅手前400m以内）,惰行中,13.59999999999997,ブレーキ（減速）,1.0,70.0,70.0,11.473765652639464,70.0,65.63975080239715,11.500000000000483,6.269543994668678,0.0,9.2,この先制限速度なし,この先目立った勾配なし,先行列車なし,後続列車なし,0.0,次駅減速フェーズで先行列車不在にも関わらず、速度25km/h未満の惰行を続けており、停車位置への到達が遅延するため即時0点と判定した。
168.5999999999995,Train11,次駅への減速フェーズ（駅手前400m以内）,惰行中,13.699999999999969,ブレーキ（減速）,1.0,70.0,70.0,11.431683877247421,70.0,65.32167801829303,11.400000000000489,6.22370907488801,0.0,9.2,この先制限速度なし,この先目立った勾配なし,先行列車なし,後続列車なし,0.0,次駅減速フェーズで低速(11.4km/h)の惰行が続き、即reward0.0ルールのちんたら運転に該当するため0.0とした。
168.6999999999995,Train11,次駅への減速フェーズ（駅手前400m以内）,惰行中,13.799999999999969,ブレーキ（減速）,1.0,70.0,70.0,11.389607532059738,70.0,65.00477408940952,11.300000000000495,6.1780476077112585,0.0,9.2,この先制限速度なし,この先目立った勾配なし,先行列車なし,後続列車なし,0.0,次駅減速フェーズで先行列車不在にも関わらず低速11.4km/hの惰行を続けたため、即reward0.0ルールのちんたら運転が適用され0点とした。
168.7999999999995,Train11,次駅への減速フェーズ（駅手前400m以内）,惰行中,13.899999999999968,ブレーキ（減速）,1.0,70.0,70.0,11.347536608631467,70.0,64.68903886504052,11.2000000000005,6.132559525604839,0.0,9.2,この先制限速度なし,この先目立った勾配なし,先行列車なし,後続列車なし,0.0,低速(11.3km/h)で惰行し続け、次駅減速フェーズで必要速度を満たさず遅延が確実なため即時0点規則が適用される。
168.8999999999995,Train11,次駅への減速フェーズ（駅手前400m以内）,惰行中,13.999999999999968,ブレーキ（減速）,1.0,70.0,70.0,11.305471098521737,70.0,64.37447219471437,11.100000000000506,6.087244761171176,0.0,9.2,この先制限速度なし,この先目立った勾配なし,先行列車なし,後続列車なし,0.0,低速(11.3km/h)で惰行を続け、先行列車不在の減速フェーズでブレーキ未実施のため即時0点規則に該当。
168.9999999999995,Train11,次駅への減速フェーズ（駅手前400m以内）,惰行中,14.099999999999968,ブレーキ（減速）,1.0,70.0,70.0,11.263410993293762,70.0,64.06107392817972,11.000000000000512,6.042103247148615,0.0,9.2,この先制限速度なし,この先目立った勾配なし,先行列車なし,後続列車なし,0.0,次駅減速フェーズで先行列車なしにも関わらず11.3km/hの低速惰行を続けたため「ちんたら運転」と判定し、即reward0.0ルールが適用された。
169.09999999999948,Train11,次駅への減速フェーズ（駅手前400m以内）,惰行中,14.199999999999967,ブレーキ（減速）,1.0,70.0,70.0,11.221356284514815,70.0,63.748843915441,10.900000000000517,5.997134906076373,0.0,9.2,この先制限速度なし,この先目立った勾配なし,先行列車なし,後続列車なし,0.0,次駅減速フェーズで先行列車なしにも関わらず11.2km/hの低速で惰行を続けたため「ちんたら運転」と判定し即時0点とした。
169.19999999999948,Train11,次駅への減速フェーズ（駅手前400m以内）,惰行中,14.299999999999967,ブレーキ（減速）,1.0,70.0,70.0,11.179306963756241,70.0,63.437782006719345,10.800000000000523,5.952339681354998,0.0,9.2,この先制限速度なし,この先目立った勾配なし,先行列車なし,後続列車なし,0.0,次駅減速フェーズで先行列車なしにも関わらず11.2km/hの低速惰行を続け、ブレーキ遅延したため『ちんたら運転』に該当し即時0点と判断した。
169.29999999999947,Train11,次駅への減速フェーズ（駅手前400m以内）,惰行中,14.399999999999967,ブレーキ（減速）,1.0,70.0,70.0,11.13726302259342,70.0,63.12788805247749,10.700000000000529,5.907717511859321,0.0,9.2,この先制限速度なし,この先目立った勾配なし,先行列車なし,後続列車なし,0.0,次駅減速フェーズで先行列車なし、速度11.1km/hの低速惰行はちんたら運転とみなされ即時0点と判定。
169.39999999999947,Train11,次駅への減速フェーズ（駅手前400m以内）,惰行中,14.499999999999966,ブレーキ（減速）,1.0,70.0,70.0,11.095224452605796,70.0,62.819161903412635,10.600000000000534,5.863268330828368,0.0,9.2,この先制限速度なし,この先目立った勾配なし,先行列車なし,後続列車なし,0.0,次駅減速フェーズで先行列車なしにも関わらず11.1km/hの低速惰行はちんたら運転とみなされ、即reward0.0ルールが適用されたため0.0点とした。
169.59999999999945,Train11,次駅への減速フェーズ（駅手前400m以内）,惰行中,14.699999999999966,ブレーキ（減速）,1.0,70.0,70.0,11.011163392494069,70.0,62.20521242476096,10.400000000000546,5.774888667793524,0.0,9.2,この先制限速度なし,この先目立った勾配なし,先行列車なし,後続列車なし,0.0,次駅減速フェーズで先行列車なしにも関わらず11km/hの低速惰行を続け、停止位置へ向かうちんたら運転と判定されたため即時0点とした。
169.69999999999945,Train11,次駅への減速フェーズ（駅手前400m以内）,惰行中,14.799999999999965,ブレーキ（減速）,1.0,70.0,70.0,10.969140885549013,70.0,61.89998879773384,10.300000000000551,5.730958041922692,0.0,9.2,この先制限速度なし,この先目立った勾配なし,先行列車なし,後続列車なし,0.0,次駅減速フェーズで先行列車なしにも関わらず低速11km/hで惰行を続け、遅延が確実になるちんたら運転と判定されたためreward=0.0。
169.79999999999944,Train11,次駅への減速フェーズ（駅手前400m以内）,惰行中,14.899999999999965,ブレーキ（減速）,1.0,70.0,70.0,10.927123716137226,70.0,61.59593238100669,10.200000000000557,5.687200139878996,0.0,9.2,この先制限速度なし,この先目立った勾配なし,先行列車なし,後続列車なし,0.0,次駅減速フェーズで先行列車不在にも関わらず10.9km/hの低速惰行を続けたため、即reward0.0ルールに該当し0点とした。
169.89999999999944,Train11,次駅への減速フェーズ（駅手前400m以内）,惰行中,14.999999999999964,ブレーキ（減速）,1.0,70.0,70.0,10.88511187585827,70.0,61.293043026427796,10.100000000000563,5.643614900298044,0.0,9.2,この先制限速度なし,この先目立った勾配なし,先行列車なし,後続列車なし,0.0,次駅減速フェーズで先行列車なしにも関わらず10.9km/hの低速惰行を続けたため、ちんたら運転とみなされ即時0点とした。
169.99999999999943,Train11,次駅への減速フェーズ（駅手前400m以内）,惰行中,15.099999999999964,ブレーキ（減速）,1.0,70.0,70.0,10.84310535631571,70.0,60.9913205861119,10.000000000000568,5.600202257187803,0.0,9.2,この先制限速度なし,この先目立った勾配なし,先行列車なし,後続列車なし,0.0,次駅減速フェーズで先行列車なしにも関わらず10.8km/hの低速惰行を続けたため、即時0点ルールに該当しreward=0.0とした。
170.09999999999943,Train11,次駅への減速フェーズ（駅手前400m以内）,惰行中,15.199999999999964,ブレーキ（減速）,1.0,70.0,70.0,10.801104149117116,70.0,60.69076491237979,9.900000000000574,5.556962144691006,0.0,9.2,この先制限速度なし,この先目立った勾配なし,先行列車なし,後続列車なし,0.0,次駅減速フェーズで先行列車なしにも関わらず低速10.8km/hの惰行を続け、適切なブレーキが無いため即時0点ルールに該当し、rewardは0.0とした。
170.19999999999942,Train11,次駅への減速フェーズ（駅手前400m以内）,惰行中,15.299999999999963,ブレーキ（減速）,1.0,70.0,70.0,10.759108245874039,70.0,60.39137585779386,9.80000000000058,5.513894497085044,0.0,9.2,この先制限速度なし,この先目立った勾配なし,先行列車なし,後続列車なし,0.0,低速(10.8km/h)で惰行を続け、先行列車なしで停止位置へ向かうちんたら運転と判定し即時0点とした。
170.29999999999941,Train11,次駅への減速フェーズ（駅手前400m以内）,惰行中,15.399999999999963,ブレーキ（減速）,1.0,70.0,70.0,10.717117638202014,70.0,60.09315327515097,9.700000000000585,5.47099923714745,0.0,9.2,この先制限速度なし,この先目立った勾配なし,先行列車なし,後続列車なし,0.0,低速10.7km/hで惰行を続け、delta_stopが54.6mと大きく次駅減速フェーズで停止位置に到達できず、即時0点規則(ちんたら運転)に該当するためreward=0.0。
170.4999999999994,Train11,次駅への減速フェーズ（駅手前400m以内）,惰行中,15.599999999999962,ブレーキ（減速）,1.0,70.0,70.0,10.633152276053151,70.0,59.500206938043476,9.500000000000597,5.38572566316515,0.0,9.2,この先制限速度なし,この先目立った勾配なし,先行列車なし,後続列車なし,0.0,低速10.6km/hで惰行し続け、次駅までの距離と残時間から加速が必要であるにも関わらず減速フェーズで停滞しているため即時ゼロルールに該当し、rewardは0.0とする。
170.5999999999994,Train11,次駅への減速フェーズ（駅手前400m以内）,惰行中,15.699999999999962,ブレーキ（減速）,1.0,70.0,70.0,10.591177504827238,70.0,59.205482890344996,9.400000000000603,5.343347222387533,0.0,9.2,この先制限速度なし,この先目立った勾配なし,先行列車なし,後続列車なし,0.0,次駅減速フェーズで先行列車なしにも関わらず10.6km/hの低速惰行を続けたためちんたら運転と判定し、即時0点とした。
170.6999999999994,Train11,次駅への減速フェーズ（駅手前400m以内）,惰行中,15.799999999999962,ブレーキ（減速）,1.0,70.0,70.0,10.54920799567422,70.0,58.911924728089815,9.300000000000608,5.301140925584159,0.0,9.2,この先制限速度なし,この先目立った勾配なし,先行列車なし,後続列車なし,0.0,次駅減速フェーズで先行列車なしにも関わらず10.5km/hの低速で惰行を続けたため「ちんたら運転」と判定し、即reward0.0ルールが適用された。
170.7999999999994,Train11,次駅への減速フェーズ（駅手前400m以内）,惰行中,15.899999999999961,ブレーキ（減速）,1.0,70.0,70.0,10.507243740229441,70.0,58.619532305254296,9.200000000000614,5.259106707796514,0.0,9.2,この先制限速度なし,この先目立った勾配なし,先行列車なし,後続列車なし,0.0,低速(10.5km/h)で惰行を続けており、先行列車不在の減速フェーズでのちんたら運転と判定されたため即0点とする。
170.99999999999937,Train11,次駅への減速フェーズ（駅手前400m以内）,惰行中,16.099999999999962,ブレーキ（減速）,1.0,70.0,70.0,10.42333095702568,70.0,58.038244094824165,9.000000000000625,5.17555422849946,0.0,9.2,この先制限速度なし,この先目立った勾配なし,先行列車なし,後続列車なし,0.0,次駅減速フェーズで先行列車なしにも関わらず10.4km/hの低速惰行を続けたため、即reward0.0ルールに該当し0点とした。
171.09999999999937,Train11,次駅への減速フェーズ（駅手前400m以内）,惰行中,16.199999999999964,ブレーキ（減速）,1.0,70.0,70.0,10.381382412557068,70.0,57.74934801631204,8.900000000000631,5.134035855673526,0.0,9.2,この先制限速度なし,この先目立った勾配なし,先行列車なし,後続列車なし,0.0,次駅減速フェーズで先行列車なしの低速10.4km/hの惰行は「ちんたら運転」と判定され、即時0点規則に該当するためreward=0.0とした。
171.19999999999936,Train11,次駅への減速フェーズ（駅手前400m以内）,惰行中,16.299999999999965,ブレーキ（減速）,1.0,70.0,70.0,10.33943908837742,70.0,57.461617095373896,8.800000000000637,5.092689309079293,0.0,9.2,この先制限速度なし,この先目立った勾配なし,先行列車なし,後続列車なし,0.0,次駅減速フェーズで先行列車なしにも関わらず低速10km/hで惰行を続けたため、ちんたら運転とみなされreward=0.0とした。
171.29999999999936,Train11,次駅への減速フェーズ（駅手前400m以内）,惰行中,16.399999999999967,ブレーキ（減速）,1.0,70.0,70.0,10.297500976141714,70.0,57.17505118712296,8.700000000000642,5.051514524385369,0.0,9.2,この先制限速度なし,この先目立った勾配なし,先行列車なし,後続列車なし,0.0,低速(10.3km/h)で惰行し続けているため、次駅減速フェーズでのちんたら運転とみなされ即reward0.0ルールに該当し、評価は0.0とする。
171.39999999999935,Train11,次駅への減速フェーズ（駅手前400m以内）,惰行中,16.499999999999968,ブレーキ（減速）,1.0,70.0,70.0,10.255568067508841,70.0,56.88965014691405,8.600000000000648,5.010511437393787,0.0,9.2,この先制限速度なし,この先目立った勾配なし,先行列車なし,後続列車なし,0.0,次駅減速フェーズで先行列車なしにも関わらず低速10.3km/hのまま惰行を続け、停止位置に間に合わないちんたら運転となっているため即時0点とした。
171.49999999999935,Train11,次駅への減速フェーズ（駅手前400m以内）,惰行中,16.59999999999997,ブレーキ（減速）,1.0,70.0,70.0,10.213640354141585,70.0,56.60541383033646,8.500000000000654,4.96967997138363,0.0,9.2,この先制限速度なし,この先目立った勾配なし,先行列車なし,後続列車なし,0.0,次駅減速フェーズで低速10.2km/hの惰行が続き、停止位置に間に合わず即時0点ルール（ちんたら運転）に該当するためrewardは0.0。
171.59999999999934,Train11,次駅への減速フェーズ（駅手前400m以内）,惰行中,16.69999999999997,ブレーキ（減速）,1.0,70.0,70.0,10.171717827706622,70.0,56.32234209319975,8.40000000000066,4.929020078540514,0.0,9.2,この先制限速度なし,この先目立った勾配なし,先行列車なし,後続列車なし,0.0,減速フェーズで先行列車不在にも関わらず低速10km/hで惰行し続け、停車位置へ向かう「ちんたら運転」と判定されたため即時0点とした。
171.69999999999933,Train11,次駅への減速フェーズ（駅手前400m以内）,惰行中,16.799999999999972,ブレーキ（減速）,1.0,70.0,70.0,10.129800479874516,70.0,56.04043479154441,8.300000000000665,4.888531697348537,0.0,9.2,この先制限速度なし,この先目立った勾配なし,先行列車なし,後続列車なし,0.0,次駅減速フェーズで低速惰行を続け、停止位置に到達できないちんたら運転と判定されたため。
171.79999999999933,Train11,次駅への減速フェーズ（駅手前400m以内）,惰行中,16.899999999999974,ブレーキ（減速）,1.0,70.0,70.0,10.087888302319707,70.0,55.75969178165607,8.20000000000067,4.848214764101001,0.0,9.2,この先制限速度なし,この先目立った勾配なし,先行列車なし,後続列車なし,0.0,低速(10km/h)の惰行が続き、次駅までの距離と時間から停車遅延が確実であり即時0点規則に該当するため。
171.89999999999932,Train11,次駅への減速フェーズ（駅手前400m以内）,惰行中,16.999999999999975,ブレーキ（減速）,1.0,70.0,70.0,10.045981286720503,70.0,55.48011292003352,8.100000000000676,4.808069215224156,0.0,9.2,この先制限速度なし,この先目立った勾配なし,先行列車なし,後続列車なし,0.0,次駅減速フェーズで先行列車なしにも関わらず10 km/hの低速惰行を続けたため、即時0点ルール（ちんたら運転）に該当し、rewardは0.0とした。
171.99999999999932,Train11,次駅への減速フェーズ（駅手前400m以内）,惰行中,17.099999999999977,ブレーキ（減速）,1.0,70.0,70.0,10.004079424759082,70.0,55.20169806343134,8.000000000000682,4.7680949872770615,0.0,9.2,この先制限速度なし,この先目立った勾配なし,先行列車なし,後続列車なし,0.0,次駅減速フェーズで低速10km/hのまま惰行を続けたことが「ちんたら運転」とみなされ即時0点規則に該当するため、rewardは0.0とした。
172.0999999999993,Train11,次駅への減速フェーズ（駅手前400m以内）,惰行中,17.199999999999978,ブレーキ（減速）,1.0,70.0,70.0,9.962182708121482,70.0,54.92444706881017,7.900000000000688,4.728292003878709,0.0,9.2,この先制限速度なし,この先目立った勾配なし,先行列車なし,後続列車なし,0.0,先行列車なしで低速10km/hの惰行が続き、停止位置へ向かうちんたら運転と判定されたため即0点とした。
172.1999999999993,Train11,次駅への減速フェーズ（駅手前400m以内）,惰行中,17.29999999999998,ブレーキ（減速）,1.0,70.0,70.0,9.920291128497583,70.0,54.64835979337224,7.8000000000006935,4.688660219008466,0.0,9.2,この先制限速度なし,この先目立った勾配なし,先行列車なし,後続列車なし,0.0,次駅減速フェーズで先行列車なしの低速9.9km/hで惰行を続けたことが『ちんたら運転』に該当し、即時0点規則によりreward=0.0とした。
172.2999999999993,Train11,次駅への減速フェーズ（駅手前400m以内）,惰行中,17.39999999999998,ブレーキ（減速）,1.0,70.0,70.0,9.878404677581111,70.0,54.373436094547145,7.700000000000699,4.649199571274441,0.0,9.2,この先制限速度なし,この先目立った勾配なし,先行列車なし,後続列車なし,0.0,先行列車不在で速度25km/h未満のまま惰行し続け、停止位置も確保できないため即時0点とした。
172.3999999999993,Train11,次駅への減速フェーズ（駅手前400m以内）,惰行中,17.499999999999982,ブレーキ（減速）,1.0,70.0,70.0,9.836523347069633,70.0,54.09967582999897,7.600000000000705,4.6099099977246984,0.0,9.2,この先制限速度なし,この先目立った勾配なし,先行列車なし,後続列車なし,0.0,次駅減速フェーズで先行列車なしにも関わらず低速9.8km/hで惰行を続けたため、即reward0.0ルールのちんたら運転に該当し0.0とした。
172.4999999999993,Train11,次駅への減速フェーズ（駅手前400m以内）,惰行中,17.599999999999984,ブレーキ（減速）,1.0,70.0,70.0,9.79464712866454,70.0,53.82707885762272,7.5000000000007105,4.570791435539628,0.0,9.2,この先制限速度なし,この先目立った勾配なし,先行列車なし,後続列車なし,0.0,低速で惰行し続けるちんたら運転は即reward0.0ルールに該当し、定時性と安全性に重大な問題があるため0.0とした。
172.69999999999928,Train11,次駅への減速フェーズ（駅手前400m以内）,惰行中,17.799999999999986,ブレーキ（減速）,1.0,70.0,70.0,9.710909994998188,70.0,53.28537422210999,7.300000000000722,4.49306708121537,0.0,9.2,この先制限速度なし,この先目立った勾配なし,先行列車なし,後続列車なし,0.0,次駅減速フェーズで先行列車なしにも関わらず低速9.7km/hの惰行で停止位置へ進む『ちんたら運転』と判定され、即reward0.0ルールに該当するため評価は0.0となった。
172.79999999999927,Train11,次駅への減速フェーズ（駅手前400m以内）,惰行中,17.899999999999988,ブレーキ（減速）,1.0,70.0,70.0,9.669049063158804,70.0,53.01626627591105,7.200000000000728,4.454461168716971,0.0,9.2,この先制限速度なし,この先目立った勾配なし,先行列車なし,後続列車なし,0.0,先行列車なしで速度9.7km/hの惰行はちんたら運転とみなされ、即reward0.0ルールに該当するため評価は0.0とした。
172.89999999999927,Train11,次駅への減速フェーズ（駅手前400m以内）,惰行中,17.99999999999999,ブレーキ（減速）,1.0,70.0,70.0,9.627193210269537,70.0,52.74832105575911,7.100000000000733,4.416026023349909,0.0,9.2,この先制限速度なし,この先目立った勾配なし,先行列車なし,後続列車なし,0.0,次駅減速フェーズで先行列車なしにも関わらず速度9.6km/hのまま惰行を続けたため即時0点ルールに該当し、rewardは0.0とした。
172.99999999999926,Train11,次駅への減速フェーズ（駅手前400m以内）,惰行中,18.09999999999999,ブレーキ（減速）,1.0,70.0,70.0,9.585342428050826,70.0,52.48153842070735,7.000000000000739,4.377761582913543,0.0,9.2,この先制限速度なし,この先目立った勾配なし,先行列車なし,後続列車なし,0.0,次駅減速フェーズで先行列車なしの低速惰行はちんたら運転とみなされ、即reward0.0ルールに該当するため評価は0.0とした。
173.09999999999926,Train11,次駅への減速フェーズ（駅手前400m以内）,惰行中,18.199999999999992,ブレーキ（減速）,1.0,70.0,70.0,9.543496708226899,70.0,52.21591823001859,6.900000000000745,4.3396677853389924,0.0,9.2,この先制限速度なし,この先目立った勾配なし,先行列車なし,後続列車なし,0.0,次駅減速フェーズで先行列車なしにも関わらず低速9.5km/hの惰行を続けたため、即reward0.0ルールのちんたら運転に該当し、評価は0.0となる。
173.19999999999925,Train11,次駅への減速フェーズ（駅手前400m以内）,惰行中,18.299999999999994,ブレーキ（減速）,1.0,70.0,70.0,9.501656042525763,70.0,51.95146034320075,6.80000000000075,4.301744568689014,0.0,9.2,この先制限速度なし,この先目立った勾配なし,先行列車なし,後続列車なし,0.0,次駅減速フェーズで先行列車なしの低速惰行はちんたら運転とみなされ即時0点と判定。
173.29999999999924,Train11,次駅への減速フェーズ（駅手前400m以内）,惰行中,18.399999999999995,ブレーキ（減速）,1.0,70.0,70.0,9.459820422679199,70.0,51.6881646199856,6.700000000000756,4.263991857424912,0.0,9.2,この先制限速度なし,この先目立った勾配なし,先行列車なし,後続列車なし,0.0,次駅減速フェーズで低速9.5km/hの惰行は停止位置到達が不可能で遅延を招くため、即時0点ルールが適用される。
173.39999999999924,Train11,次駅への減速フェーズ（駅手前400m以内）,惰行中,18.499999999999996,ブレーキ（減速）,1.0,70.0,70.0,9.417989840422761,70.0,51.42603092034648,6.600000000000762,4.226409608680587,0.0,9.2,この先制限速度なし,この先目立った勾配なし,先行列車なし,後続列車なし,0.0,次駅減速フェーズで低速(9.4km/h)のまま惰行し、停止位置に間に合わず即reward0.0ルールの低速ちんたら運転に該当したため。
173.49999999999923,Train11,次駅への減速フェーズ（駅手前400m以内）,惰行中,18.599999999999998,ブレーキ（減速）,1.0,70.0,70.0,9.37616428749576,70.0,51.165059104462784,6.500000000000767,4.188997761552452,0.0,9.2,この先制限速度なし,この先目立った勾配なし,先行列車なし,後続列車なし,0.0,次駅減速フェーズで先行列車なしにも関わらず低速9.4km/hで惰行を続け、停止位置に遅れが生じるちんたら運転と判定されたため即0点とした。
173.59999999999923,Train11,次駅への減速フェーズ（駅手前400m以内）,惰行中,18.7,ブレーキ（減速）,1.0,70.0,70.0,9.334343755641259,70.0,50.90524903276261,6.400000000000773,4.151756254587781,0.0,9.2,この先制限速度なし,この先目立った勾配なし,先行列車なし,後続列車なし,0.0,次駅減速フェーズで低速惰行を続け、停止位置に間に合わず遅延が確実なため即時0点ルールが適用される。
173.69999999999922,Train11,次駅への減速フェーズ（駅手前400m以内）,惰行中,18.8,ブレーキ（減速）,1.0,70.0,70.0,9.292528236606074,70.0,50.646600565904976,6.300000000000779,4.114685026465012,0.0,9.2,この先制限速度なし,この先目立った勾配なし,先行列車なし,後続列車なし,0.0,次駅減速フェーズで先行列車なしにも関わらず9.3km/hの低速惰行を続け、ブレーキせずに停止位置へ向かう『ちんたら運転』と判断したため即時0点とした。
173.79999999999922,Train11,次駅への減速フェーズ（駅手前400m以内）,惰行中,18.900000000000002,ブレーキ（減速）,1.0,70.0,70.0,9.250717722140763,70.0,50.38911356476561,6.200000000000784,4.077784015993651,0.0,9.2,この先制限速度なし,この先目立った勾配なし,先行列車なし,後続列車なし,0.0,低速で惰行し続け、先行列車不在の次駅減速フェーズで停止位置に到達できないため、即時0点規則が適用された。
173.8999999999992,Train11,次駅への減速フェーズ（駅手前400m以内）,惰行中,19.000000000000004,ブレーキ（減速）,1.0,70.0,70.0,9.208912203999608,70.0,50.13278789045117,6.10000000000079,4.041053148132227,0.0,9.2,この先制限速度なし,この先目立った勾配なし,先行列車なし,後続列車なし,0.0,次駅減速フェーズで先行列車不在にも関わらず速度9.2km/hのまま惰行し続けるちんたら運転が即0点規則に該当するためreward=0.0とした。
173.9999999999992,Train11,次駅への減速フェーズ（駅手前400m以内）,惰行中,19.100000000000005,ブレーキ（減速）,1.0,70.0,70.0,9.167111673940624,70.0,49.877623404302796,6.000000000000796,4.0044923813866635,0.0,9.2,この先制限速度なし,この先目立った勾配なし,先行列車なし,後続列車なし,0.0,次駅減速フェーズで先行列車なしにも関わらず低速9.2km/hで惰行を続けたため、ちんたら運転とみなされ即時0点とした。
174.0999999999992,Train11,次駅への減速フェーズ（駅手前400m以内）,惰行中,19.200000000000006,ブレーキ（減速）,1.0,70.0,70.0,9.12531612372555,70.0,49.62361996789255,5.9000000000008015,3.9681016552118646,0.0,9.2,この先制限速度なし,この先目立った勾配なし,先行列車なし,後続列車なし,0.0,次駅減速フェーズで先行列車なしにも関わらず低速惰行を続けたため即時ゼロルールが適用され、rewardは0.0とした。
174.1999999999992,Train11,次駅への減速フェーズ（駅手前400m以内）,惰行中,19.300000000000008,ブレーキ（減速）,1.0,70.0,70.0,9.083525545119828,70.0,49.370777443019875,5.800000000000807,3.9318809088996334,0.0,9.2,この先制限速度なし,この先目立った勾配なし,先行列車なし,後続列車なし,0.0,次駅減速フェーズで先行列車不在にも関わらず、速度25km/h未満の惰行で停止位置へ進むため、即reward0.0ルールに該当し評価は0.0とした。
174.2999999999992,Train11,次駅への減速フェーズ（駅手前400m以内）,惰行中,19.40000000000001,ブレーキ（減速）,1.0,70.0,70.0,9.041739929892616,70.0,49.11909569169026,5.700000000000813,3.8958300818723854,0.0,9.2,この先制限速度なし,この先目立った勾配なし,先行列車なし,後続列車なし,0.0,次駅減速フェーズで先行列車なしにも関わらず9km/hの低速惰行を続け、停止位置に到達できないため即時0点とした。
174.39999999999918,Train11,次駅への減速フェーズ（駅手前400m以内）,惰行中,19.50000000000001,ブレーキ（減速）,1.0,70.0,70.0,8.999959269816765,70.0,48.86857457617921,5.6000000000008185,3.8599491136663975,0.0,9.2,この先制限速度なし,この先目立った勾配なし,先行列車なし,後続列車なし,0.0,次駅減速フェーズで先行列車不在にも関わらず9km/hの低速惰行を続け、停止位置へ向かうちんたら運転と判定されたため。
174.49999999999918,Train11,次駅への減速フェーズ（駅手前400m以内）,惰行中,19.600000000000012,ブレーキ（減速）,1.0,70.0,70.0,8.958183556668827,70.0,48.619213958964735,5.500000000000824,3.8242379298351383,0.0,9.2,この先制限速度なし,この先目立った勾配なし,先行列車なし,後続列車なし,0.0,低速9km/hで惰行し続け、先行列車不在の状態で停止位置に間に合わず、即時0点ルールに該当するためreward=0.0。
174.59999999999917,Train11,次駅への減速フェーズ（駅手前400m以内）,惰行中,19.700000000000014,ブレーキ（減速）,1.0,70.0,70.0,8.916412782229031,70.0,48.37101370275221,5.40000000000083,3.7886964900761972,0.0,9.2,この先制限速度なし,この先目立った勾配なし,先行列車なし,後続列車なし,0.0,先行列車が不在の状態で、現在速度8.9km/hのまま惰行を続けているため、次駅減速フェーズにおけるちんたら運転と判定し、即時0点とした。
174.69999999999916,Train11,次駅への減速フェーズ（駅手前400m以内）,惰行中,19.800000000000015,ブレーキ（減速）,1.0,70.0,70.0,8.874646938281293,70.0,48.12397367048504,5.300000000000836,3.7533247342924896,0.0,9.2,この先制限速度なし,この先目立った勾配なし,先行列車なし,後続列車なし,0.0,低速で惰行し続け、停止位置に間に合わず『ちんたら運転』と判定したため0.0点。
174.79999999999916,Train11,次駅への減速フェーズ（駅手前400m以内）,惰行中,19.900000000000016,ブレーキ（減速）,1.0,70.0,70.0,8.832886016613198,70.0,47.87809372532692,5.200000000000841,3.718122602517052,0.0,9.2,この先制限速度なし,この先目立った勾配なし,先行列車なし,後続列車なし,0.0,次駅減速フェーズで先行列車なしにも関わらず低速8.8km/hで惰行を続け、停止位置に到達できずオーバーランの恐れがあるため、即時0点ルールの「ちんたら運転」に該当し、rewardは0.0とした。
174.89999999999915,Train11,次駅への減速フェーズ（駅手前400m以内）,惰行中,20.000000000000018,ブレーキ（減速）,1.0,70.0,70.0,8.791130009015996,70.0,47.63337373067955,5.100000000000847,3.6830900349129525,0.0,9.2,この先制限速度なし,この先目立った勾配なし,先行列車なし,後続列車なし,0.0,次駅減速フェーズで先行列車不在にも関わらず8.8km/hの低速惰行を続けたため、即reward0.0ルールの「ちんたら運転」に該当し、評価は0.0とした。
174.99999999999915,Train11,次駅への減速フェーズ（駅手前400m以内）,惰行中,20.10000000000002,ブレーキ（減速）,1.0,70.0,70.0,8.7493789072846,70.0,47.38981355015781,5.000000000000853,3.648226971520338,0.0,9.2,この先制限速度なし,この先目立った勾配なし,先行列車なし,後続列車なし,0.0,次駅減速フェーズで先行列車なしにも関わらず速度8.7km/hのまま惰行を続け、低速で停止位置へ向かう『ちんたら運転』に該当し即時0点規則が適用されたためreward=0.0とした。
175.09999999999914,Train11,次駅への減速フェーズ（駅手前400m以内）,惰行中,20.20000000000002,ブレーキ（減速）,1.0,70.0,70.0,8.707632703217572,70.0,47.147413047614606,4.900000000000858,3.613533339192548,0.0,9.2,この先制限速度なし,この先目立った勾配なし,先行列車なし,後続列車なし,0.0,低速8.7km/hで惰行を続け、先行列車なしにも関わらず停止位置へ向かうちんたら運転と判定され、即reward0.0ルールが適用されたため0.0点とした。
175.19999999999914,Train11,次駅への減速フェーズ（駅手前400m以内）,惰行中,20.300000000000022,ブレーキ（減速）,1.0,70.0,70.0,8.665891388617117,70.0,46.90617208713732,4.800000000000864,3.579009098033399,0.0,9.2,この先制限速度なし,この先目立った勾配なし,先行列車なし,後続列車なし,0.0,次駅減速フェーズで先行列車なしの低速惰行はちんたら運転とみなされ即時0点規則に該当するため0.0とした。
175.29999999999913,Train11,次駅への減速フェーズ（駅手前400m以内）,惰行中,20.400000000000023,ブレーキ（減速）,1.0,70.0,70.0,8.624154955289088,70.0,46.66609053302295,4.70000000000087,3.544654188684309,0.0,9.2,この先制限速度なし,この先目立った勾配なし,先行列車なし,後続列車なし,0.0,次駅減速フェーズで先行列車なしにも関わらず8.6km/hの低速惰行を続け、停車位置へ遅延を招くちんたら運転と判定し即時0点とした。
175.39999999999912,Train11,次駅への減速フェーズ（駅手前400m以内）,惰行中,20.500000000000025,ブレーキ（減速）,1.0,70.0,70.0,8.582423395042962,70.0,46.427168249817186,4.600000000000875,3.5104685519162695,0.0,9.2,この先制限速度なし,この先目立った勾配なし,先行列車なし,後続列車なし,0.0,次駅減速フェーズで先行列車なしにも関わらず低速8.6km/hの惰行が続き、即時ゼロルールの『ちんたら運転』に該当するためrewardは0.0とした。
175.49999999999912,Train11,次駅への減速フェーズ（駅手前400m以内）,惰行中,20.600000000000026,ブレーキ（減速）,1.0,70.0,70.0,8.540696699691841,70.0,46.18940510227176,4.500000000000881,3.4764521286297323,0.0,9.2,この先制限速度なし,この先目立った勾配なし,先行列車なし,後続列車なし,0.0,次駅減速フェーズで先行列車なしにも関わらず8.5km/hの低速惰行はちんたら運転とみなされ、即時0点規則が適用されるためrewardは0.0。
175.5999999999991,Train11,次駅への減速フェーズ（駅手前400m以内）,惰行中,20.700000000000028,ブレーキ（減速）,1.0,70.0,70.0,8.498974861052456,70.0,45.952800955383566,4.400000000000887,3.4426048594378784,0.0,9.2,この先制限速度なし,この先目立った勾配なし,先行列車なし,後続列車なし,0.0,低速8.5km/hで惰行し続け、先行列車なしでも遅延を増大させるちんたら運転と判定し即0点とした。
175.6999999999991,Train11,次駅への減速フェーズ（駅手前400m以内）,惰行中,20.80000000000003,ブレーキ（減速）,1.0,70.0,70.0,8.457257870945138,70.0,45.71735567435553,4.300000000000892,3.4089266723213503,0.0,9.2,この先制限速度なし,この先目立った勾配なし,先行列車なし,後続列車なし,0.0,次駅減速フェーズで先行列車なしの低速8.5km/h惰行が停止位置まで遠く、ブレーキ未実施のため即reward0.0ルール（ちんたら運転）に該当し0.0点とした。
175.7999999999991,Train11,次駅への減速フェーズ（駅手前400m以内）,惰行中,20.90000000000003,ブレーキ（減速）,1.0,70.0,70.0,8.415545721193833,70.0,45.48306912464639,4.200000000000898,3.3754175278840797,0.0,9.2,この先制限速度なし,この先目立った勾配なし,先行列車なし,後続列車なし,0.0,低速(8.4km/h)で惰行を続け、先行列車なしの減速フェーズで遅延を増大させるちんたら運転と判定し即時0点とした。
175.8999999999991,Train11,次駅への減速フェーズ（駅手前400m以内）,惰行中,21.000000000000032,ブレーキ（減速）,1.0,70.0,70.0,8.373838403626076,70.0,45.249941171917385,4.100000000000904,3.3420773675027458,0.0,9.2,この先制限速度なし,この先目立った勾配なし,先行列車なし,後続列車なし,0.0,次駅減速フェーズで先行列車なしにも関わらず8.4km/hの惰行を続け、停止位置に向けたブレーキ未実施のためちんたら運転と判定し即0点とした。
175.9999999999991,Train11,次駅への減速フェーズ（駅手前400m以内）,惰行中,21.100000000000033,ブレーキ（減速）,1.0,70.0,70.0,8.332135910073003,70.0,45.01797168206778,4.0000000000009095,3.3089061326830533,0.0,9.2,この先制限速度なし,この先目立った勾配なし,先行列車なし,後続列車なし,0.0,次駅減速フェーズで先行列車なしの低速8.3km/hの惰行はちんたら運転とみなされ即時0点規則に該当するためreward=0.0とした。
176.09999999999908,Train11,次駅への減速フェーズ（駅手前400m以内）,惰行中,21.200000000000035,ブレーキ（減速）,1.0,70.0,70.0,8.290438232369333,70.0,44.78716052122422,3.900000000000915,3.275903765059619,0.0,9.2,この先制限速度なし,この先目立った勾配なし,先行列車なし,後続列車なし,0.0,次駅減速フェーズで先行列車なしにも関わらず8.3km/hの低速惰行を続け、停止位置へ到達できないため即reward0.0ルールに該当し、評価は0.0とした。
176.19999999999908,Train11,次駅への減速フェーズ（駅手前400m以内）,惰行中,21.300000000000036,ブレーキ（減速）,1.0,70.0,70.0,8.24874536235336,70.0,44.55750755573362,3.800000000000921,3.2430702058864185,0.0,9.2,この先制限速度なし,この先目立った勾配なし,先行列車なし,後続列車なし,0.0,低速(8.2km/h)で惰行を続け、先行列車なしの減速フェーズでブレーキ未実施はちんたら運転とみなされ即時0点とする。
176.29999999999907,Train11,次駅への減速フェーズ（駅手前400m以内）,惰行中,21.400000000000038,ブレーキ（減速）,1.0,70.0,70.0,8.207057291866956,70.0,44.32901265217737,3.7000000000009265,3.210405384102045,0.0,9.2,この先制限速度なし,この先目立った勾配なし,先行列車なし,後続列車なし,0.0,次駅減速フェーズで先行列車なしにも関わらず低速8.2km/hの惰行を続けたため、即reward0.0ルールのちんたら運転に該当し0.0点とした。
176.39999999999907,Train11,次駅への減速フェーズ（駅手前400m以内）,惰行中,21.50000000000004,ブレーキ（減速）,1.0,70.0,70.0,8.165374012755546,70.0,44.101675677360674,3.6000000000009322,3.1779092609027217,0.0,9.2,この先制限速度なし,この先目立った勾配なし,先行列車なし,後続列車なし,0.0,次駅減速フェーズで先行列車なしにも関わらず8.2km/hの低速惰行はちんたら運転とみなされ、即reward0.0ルールが適用されるため0.0とした。
176.49999999999906,Train11,次駅への減速フェーズ（駅手前400m以内）,惰行中,21.60000000000004,ブレーキ（減速）,1.0,70.0,70.0,8.123695516868128,70.0,43.87549649830902,3.500000000000938,3.145581778397202,0.0,9.2,この先制限速度なし,この先目立った勾配なし,先行列車なし,後続列車なし,0.0,次駅減速フェーズで先行列車なしにも関わらず8.1km/hの低速惰行を続けており、即reward0.0ルールのちんたら運転に該当するためrewardは0.0とした。
176.59999999999906,Train11,次駅への減速フェーズ（駅手前400m以内）,惰行中,21.700000000000042,ブレーキ（減速）,1.0,70.0,70.0,8.08202179605725,70.0,43.65047498228236,3.4000000000009436,3.113422878822703,0.0,9.2,この先制限速度なし,この先目立った勾配なし,先行列車なし,後続列車なし,0.0,低速8.1km/hで惰行し続けるちんたら運転が即reward0.0ルールに該当するため、rewardは0.0とした。
176.69999999999905,Train11,次駅への減速フェーズ（駅手前400m以内）,惰行中,21.800000000000043,ブレーキ（減速）,1.0,70.0,70.0,8.040352842178995,70.0,43.42661099676448,3.3000000000009493,3.0814325045448054,0.0,9.2,この先制限速度なし,この先目立った勾配なし,先行列車なし,後続列車なし,0.0,先行列車なしで速度8km/hのまま惰行し続けることはちんたら運転とみなされ、即reward0.0ルールに該当するため評価は0.0とした。
176.79999999999905,Train11,次駅への減速フェーズ（駅手前400m以内）,惰行中,21.900000000000045,ブレーキ（減速）,1.0,70.0,70.0,7.998688647092994,70.0,43.20390440947364,3.200000000000955,3.049610597525007,0.0,9.2,この先制限速度なし,この先目立った勾配なし,先行列車なし,後続列車なし,0.0,次駅減速フェーズで先行列車なしにも関わらず8km/hの惰行を続け、停止位置に到達できず即reward0.0の『ちんたら運転』に該当するため。
176.89999999999904,Train11,次駅への減速フェーズ（駅手前400m以内）,惰行中,22.000000000000046,ブレーキ（減速）,1.0,70.0,70.0,7.957029202662408,70.0,42.982355088334145,3.1000000000009607,3.017957087493014,0.0,9.2,この先制限速度なし,この先目立った勾配なし,先行列車なし,後続列車なし,0.0,次駅減速フェーズで先行列車なしにも関わらず低速8km/hで惰行を続けたため、即時0点ルールのちんたら運転に該当し、rewardは0.0とした。
176.99999999999903,Train11,次駅への減速フェーズ（駅手前400m以内）,惰行中,22.100000000000048,ブレーキ（減速）,1.0,70.0,70.0,7.915374500753923,70.0,42.7619629015048,3.0000000000009663,2.986471936328195,0.0,9.2,この先制限速度なし,この先目立った勾配なし,先行列車なし,後続列車なし,0.0,次駅まで距離が残っているにも関わらず、25km/h未満の低速で惰行を続けることは遅延を増大させるちんたら運転とみなされ、即時0点規則が適用されるためrewardは0.0とした。
177.09999999999903,Train11,次駅への減速フェーズ（駅手前400m以内）,惰行中,22.20000000000005,ブレーキ（減速）,1.0,70.0,70.0,7.873724533237741,70.0,42.54272771737888,2.900000000000972,2.9551550868681957,0.0,9.2,この先制限速度なし,この先目立った勾配なし,先行列車なし,後続列車なし,0.0,先行列車なしの減速フェーズで低速7.9km/hの惰行はちんたら運転とみなされ即reward0.0ルールが適用されるため0.0とした。
177.19999999999902,Train11,次駅への減速フェーズ（駅手前400m以内）,惰行中,22.30000000000005,ブレーキ（減速）,1.0,70.0,70.0,7.832079291987582,70.0,42.32464940457348,2.8000000000009777,2.92400648207859,0.0,9.2,この先制限速度なし,この先目立った勾配なし,先行列車なし,後続列車なし,0.0,次駅減速フェーズで先行列車なしにも関わらず低速7.8km/hで惰行を続けたことが「ちんたら運転」とみなされ、即時0点ルールに該当するためrewardは0.0とした。
177.29999999999902,Train11,次駅への減速フェーズ（駅手前400m以内）,惰行中,22.400000000000052,ブレーキ（減速）,1.0,70.0,70.0,7.790438768880666,70.0,42.1077278319224,2.7000000000009834,2.8930260650527804,0.0,9.2,この先制限速度なし,この先目立った勾配なし,先行列車なし,後続列車なし,0.0,次駅減速フェーズで先行列車なしにも関わらず、速度7.8km/hの低速で惰行を続けたため「ちんたら運転」と判定し即reward0.0ルールが適用された。
177.399999999999,Train11,次駅への減速フェーズ（駅手前400m以内）,惰行中,22.500000000000053,ブレーキ（減速）,1.0,70.0,70.0,7.748802955797715,70.0,41.8919628684975,2.600000000000989,2.86221377852573,0.0,9.2,この先制限速度なし,この先目立った勾配なし,先行列車なし,後続列車なし,0.0,次駅減速フェーズで先行列車なしの状態で速度7.7km/hのまま惰行を続けたことが「ちんたら運転」とみなされ、即時0点規則に該当するためrewardは0.0とした。
177.499999999999,Train11,次駅への減速フェーズ（駅手前400m以内）,惰行中,22.600000000000055,ブレーキ（減速）,1.0,70.0,70.0,7.707171844622945,70.0,41.67735438358733,2.5000000000009948,2.831569552853385,0.0,9.2,この先制限速度なし,この先目立った勾配なし,先行列車なし,後続列車なし,0.0,低速（7.7km/h）で惰行し続け、ブレーキ未実施のまま停止位置へ向かうため即時0点ルールが適用され、rewardは0.0とした。
177.599999999999,Train11,次駅への減速フェーズ（駅手前400m以内）,惰行中,22.700000000000056,ブレーキ（減速）,1.0,70.0,70.0,7.665545427244053,70.0,41.46390224669361,2.4000000000010004,2.801093350688019,0.0,9.2,この先制限速度なし,この先目立った勾配なし,先行列車なし,後続列車なし,0.0,低速で惰行し続け、次駅までの残距離と時間に対し停止不可能なため、即時0点ルールが適用されました。このためrewardは0.0とします。
177.699999999999,Train11,次駅への減速フェーズ（駅手前400m以内）,惰行中,22.800000000000058,ブレーキ（減速）,1.0,70.0,70.0,7.623923695552218,70.0,41.2516063275703,2.300000000001006,2.7707851155930543,0.0,9.2,この先制限速度なし,この先目立った勾配なし,先行列車なし,後続列車なし,0.0,次駅減速フェーズで低速(7.6km/h)のまま惰行し、停止位置に到達できず即zeroルールに該当するためrewardは0.0とした。
177.799999999999,Train11,次駅への減速フェーズ（駅手前400m以内）,惰行中,22.90000000000006,ブレーキ（減速）,1.0,70.0,70.0,7.5823066414420905,70.0,41.04046649616677,2.200000000001012,2.7406447912593066,0.0,9.2,この先制限速度なし,この先目立った勾配なし,先行列車なし,後続列車なし,0.0,次駅減速フェーズで先行列車なしにも関わらず低速7.6km/hの惰行は停止位置達成が不可能であり、即reward0.0ルールのちんたら運転に該当するため0.0とした。
177.89999999999898,Train11,次駅への減速フェーズ（駅手前400m以内）,惰行中,23.00000000000006,ブレーキ（減速）,1.0,70.0,70.0,7.54069425681179,70.0,40.83048262268818,2.1000000000010175,2.7106723215048896,0.0,9.2,この先制限速度なし,この先目立った勾配なし,先行列車なし,後続列車なし,0.0,次駅減速フェーズで先行列車なしの低速7.5km/hの惰行は停止位置に到達できず、即時ゼロ評価対象となるためrewardは0.0とした。
177.99999999999898,Train11,次駅への減速フェーズ（駅手前400m以内）,惰行中,23.100000000000062,ブレーキ（減速）,1.0,70.0,70.0,7.499086533562893,70.0,40.621654577552846,2.000000000001023,2.680867649903694,0.0,9.2,この先制限速度なし,この先目立った勾配なし,先行列車なし,後続列車なし,0.0,低速(7.5km/h)で惰行し続け、delta_stopが大きくブレーキ未実施のため即reward0.0ルールに該当し、評価は0.0とする。
178.09999999999897,Train11,次駅への減速フェーズ（駅手前400m以内）,惰行中,23.200000000000063,ブレーキ（減速）,1.0,70.0,70.0,7.4574834636004255,70.0,40.41398223139936,1.9000000000010289,2.651230707274397,0.0,9.2,この先制限速度なし,この先目立った勾配なし,先行列車なし,後続列車なし,0.0,低速で惰行し続けたため次駅減速フェーズでのちんたら運転と判定し、即reward0.0ルールが適用された。
178.19999999999897,Train11,次駅への減速フェーズ（駅手前400m以内）,惰行中,23.300000000000065,ブレーキ（減速）,1.0,70.0,70.0,7.415885038832868,70.0,40.20746545509013,1.8000000000010346,2.621761457131179,0.0,9.2,この先制限速度なし,この先目立った勾配なし,先行列車なし,後続列車なし,0.0,次駅減速フェーズで先行列車なしの低速7.4km/hの惰行はちんたら運転とみなされ、即reward0.0ルールに該当するため評価は0.0とした。
178.29999999999896,Train11,次駅への減速フェーズ（駅手前400m以内）,惰行中,23.400000000000066,ブレーキ（減速）,1.0,70.0,70.0,7.3742912511721315,70.0,40.002104119718496,1.7000000000010402,2.5924598437601523,0.0,9.2,この先制限速度なし,この先目立った勾配なし,先行列車なし,後続列車なし,0.0,次駅減速フェーズで先行列車なしの状態で速度7.4km/hのまま惰行を続けたため、ちんたら運転と判定し即時0点とした。
178.39999999999895,Train11,次駅への減速フェーズ（駅手前400m以内）,惰行中,23.500000000000068,ブレーキ（減速）,1.0,70.0,70.0,7.332702092533567,70.0,39.79789809659451,1.600000000001046,2.563325811574302,0.0,9.2,この先制限速度なし,この先目立った勾配なし,先行列車なし,後続列車なし,0.0,次駅減速フェーズで先行列車なしにも関わらず低速7.3km/hの惰行はちんたら運転とみなされ、即時0点規則が適用されたためrewardは0.0。
178.49999999999895,Train11,次駅への減速フェーズ（駅手前400m以内）,惰行中,23.60000000000007,ブレーキ（減速）,1.0,70.0,70.0,7.291117554835948,70.0,39.5948472572627,1.5000000000010516,2.534359305113379,0.0,9.2,この先制限速度なし,この先目立った勾配なし,先行列車なし,後続列車なし,0.0,次駅減速フェーズで先行列車なしの低速7.3km/hで惰行を続け、delta_stopが37mと遠くブレーキ未実施のため「ちんたら運転」と判定し即0点とした。
178.59999999999894,Train11,次駅への減速フェーズ（駅手前400m以内）,惰行中,23.70000000000007,ブレーキ（減速）,1.0,70.0,70.0,7.249537630001472,70.0,39.39295147349142,1.4000000000010573,2.5055602688554712,0.0,9.2,この先制限速度なし,この先目立った勾配なし,先行列車なし,後続列車なし,0.0,次駅減速フェーズで先行列車なしの低速7.2km/hで惰行を続けたため、ちんたら運転と判定し即時0点規則が適用された。
178.69999999999894,Train11,次駅への減速フェーズ（駅手前400m以内）,惰行中,23.80000000000007,ブレーキ（減速）,1.0,70.0,70.0,7.207962309955749,70.0,39.19221061725864,1.300000000001063,2.4769286339192726,0.0,9.2,この先制限速度なし,この先目立った勾配なし,先行列車なし,後続列車なし,0.0,次駅減速フェーズで低速7.2km/hの惰行がちんたら運転とみなされ、停止位置に遅れが必至なためrewardは0.0とした。
178.79999999999893,Train11,次駅への減速フェーズ（駅手前400m以内）,惰行中,23.900000000000073,ブレーキ（減速）,1.0,70.0,70.0,7.1663915866277925,70.0,38.99262456078034,1.2000000000010687,2.4484643647693862,0.0,9.2,この先制限速度なし,この先目立った勾配なし,先行列車なし,後続列車なし,0.0,次駅減速フェーズで先行列車なしにも関わらず低速7.2km/hの惰行を続け、停止位置へ向かうべきブレーキを行わないちんたら運転のため即時0点とした。
178.89999999999893,Train11,次駅への減速フェーズ（駅手前400m以内）,惰行中,24.000000000000075,ブレーキ（減速）,1.0,70.0,70.0,7.12482545195002,70.0,38.7941931764928,1.1000000000010743,2.420167406411574,0.0,9.2,この先制限速度なし,この先目立った勾配なし,先行列車なし,後続列車なし,0.0,次駅減速フェーズで先行列車なしにも関わらず低速7km/hで惰行を続けたため、即reward0.0ルールのちんたら運転に該当し0.0とした。
178.99999999999892,Train11,次駅への減速フェーズ（駅手前400m以内）,惰行中,24.100000000000076,ブレーキ（減速）,1.0,70.0,70.0,7.083263897858242,70.0,38.59691633705964,1.00000000000108,2.392037703977948,0.0,9.2,この先制限速度なし,この先目立った勾配なし,先行列車なし,後続列車なし,0.0,次駅減速フェーズで先行列車なしにも関わらず7 km/hの低速で惰行を続け、ブレーキ未実施のため即時0点ルールに該当し、rewardは0.0とした。
179.09999999999891,Train11,次駅への減速フェーズ（駅手前400m以内）,惰行中,24.200000000000077,ブレーキ（減速）,1.0,70.0,70.0,7.041706916291653,70.0,38.40079391536477,0.9000000000010857,2.3640752027268723,0.0,9.2,この先制限速度なし,この先目立った勾配なし,先行列車なし,後続列車なし,0.0,次駅減速フェーズで先行列車なしの状態で7 km/hの惰行を続けたことは『ちんたら運転』に該当し、即reward0.0ルールが適用されるため評価は0.0とした。
179.1999999999989,Train11,次駅への減速フェーズ（駅手前400m以内）,惰行中,24.30000000000008,ブレーキ（減速）,1.0,70.0,70.0,7.000154499192836,70.0,38.20582578451237,0.8000000000010914,2.33627984804288,0.0,9.2,この先制限速度なし,この先目立った勾配なし,先行列車なし,後続列車なし,0.0,次駅減速フェーズで先行列車なしにも関わらず速度7km/hのまま惰行を続け、低速で停止位置へ向かうちんたら運転と判定されたため即reward0.0ルールが適用された。
179.2999999999989,Train11,次駅への減速フェーズ（駅手前400m以内）,惰行中,24.40000000000008,ブレーキ（減速）,1.0,70.0,70.0,6.958606638507744,70.0,38.01201181783753,0.7000000000010971,2.3086515713714917,0.0,9.2,この先制限速度なし,この先目立った勾配なし,先行列車なし,後続列車なし,0.0,次駅減速フェーズで先行列車なしにも関わらず7 km/hの低速で惰行し続けたため「ちんたら運転」と判定し即時0点とした。
179.3999999999989,Train11,次駅への減速フェーズ（駅手前400m以内）,惰行中,24.50000000000008,ブレーキ（減速）,1.0,70.0,70.0,6.917063326185698,70.0,37.81935188889918,0.6000000000011028,2.2811903380267626,0.0,9.2,この先制限速度なし,この先目立った勾配なし,先行列車なし,後続列車なし,0.0,低速（6.9km/h）で惰行し続け、先行列車不在の状態で停止位置へ向かうため遅延運転と判定し、即時0点ルールに該当したため0.0とした。
179.4999999999989,Train11,次駅への減速フェーズ（駅手前400m以内）,惰行中,24.600000000000083,ブレーキ（減速）,1.0,70.0,70.0,6.875524554179378,70.0,37.62784587147294,0.5000000000011084,2.253896093794196,0.0,9.2,この先制限速度なし,この先目立った勾配なし,先行列車なし,後続列車なし,0.0,次駅減速フェーズで先行列車なしにも関わらず6.9km/hの低速惰行は『ちんたら運転』とみなされ、即時0点ルールが適用されたためrewardは0.0となる。
179.5999999999989,Train11,次駅への減速フェーズ（駅手前400m以内）,惰行中,24.700000000000085,ブレーキ（減速）,1.0,70.0,70.0,6.833990314444824,70.0,37.43749363955473,0.40000000000111413,2.226768784522032,0.0,9.2,この先制限速度なし,この先目立った勾配なし,先行列車なし,後続列車なし,0.0,次駅減速フェーズで先行列車なしにも関わらず低速6.8km/hの惰行を続け、停止位置へ向かう遅延運転（ちんたら運転）となっているため即時0点とした。
179.69999999999888,Train11,次駅への減速フェーズ（駅手前400m以内）,惰行中,24.800000000000086,ブレーキ（減速）,1.0,70.0,70.0,6.792460598941422,70.0,37.24829506739269,0.3000000000011198,2.199808356184256,0.0,9.2,この先制限速度なし,この先目立った勾配なし,先行列車なし,後続列車なし,0.0,次駅減速フェーズで先行列車なしにも関わらず低速6.8km/hで惰行を続けたため即時0点ルール（低速ちんたら運転）に該当し、rewardは0.0とした。
179.79999999999887,Train11,次駅への減速フェーズ（駅手前400m以内）,惰行中,24.900000000000087,ブレーキ（減速）,1.0,70.0,70.0,6.750935399631899,70.0,37.060250029419706,0.2000000000011255,2.173014754880504,0.0,9.2,この先制限速度なし,この先目立った勾配なし,先行列車なし,後続列車なし,0.0,次駅減速フェーズで先行列車なしにも関わらず6.8km/hの低速惰行を続けたため、ちんたら運転と判定し即時0点とした。
179.89999999999887,Train11,次駅への減速フェーズ（駅手前400m以内）,惰行中,25.00000000000009,ブレーキ（減速）,1.0,70.0,70.0,6.7094147084823215,70.0,36.8733584003067,0.10000000000113118,2.146387912991441,0.0,9.2,この先制限速度なし,この先目立った勾配なし,先行列車なし,後続列車なし,0.0,次駅減速フェーズで先行列車不在にも関わらず、速度25km/h未満の惰行が「ちんたら運転」と判定され、即時0点ルールに該当するためrewardは0.0とした。
179.99999999999886,Train11,次駅への減速フェーズ（駅手前400m以内）,惰行中,25.10000000000009,ブレーキ（減速）,1.0,70.0,70.0,6.667898517462079,70.0,36.68762005495552,1.1368683772161603e-12,2.1199277959978753,0.0,9.2,この先制限速度なし,この先目立った勾配なし,先行列車なし,後続列車なし,0.0,次駅減速フェーズで先行列車なしにも関わらず6.7km/hの低速惰行を続け、停止位置に到達できず即時0点ルールに該当したため。
180.09999999999886,Train11,次駅への減速フェーズ（駅手前400m以内）,惰行中,25.20000000000009,ブレーキ（減速）,1.0,70.0,70.0,6.626386818543884,70.0,36.50303486848827,0.0,2.0936343507191086,0.0,9.2,この先制限速度なし,この先目立った勾配なし,先行列車なし,後続列車なし,0.0,先行列車なしで速度6.6km/hのまま惰行を続けたため、次駅減速フェーズでのちんたら運転と判定し即0点とした。
180.19999999999885,Train11,次駅への減速フェーズ（駅手前400m以内）,惰行中,25.300000000000093,ブレーキ（減速）,1.0,70.0,70.0,6.584879603703771,70.0,36.31960271624379,0.0,2.0675075237165497,0.0,9.2,この先制限速度なし,この先目立った勾配なし,先行列車なし,後続列車なし,0.0,次駅減速フェーズで先行列車なしにも関わらず低速(6.6km/h)で惰行を続けたため、即reward0.0ルールのちんたら運転に該当し、評価は0.0とした。
180.29999999999885,Train11,次駅への減速フェーズ（駅手前400m以内）,惰行中,25.400000000000095,ブレーキ（減速）,1.0,70.0,70.0,6.543376864921081,70.0,36.13732347378473,0.0,2.0415472616768495,0.0,9.2,この先制限速度なし,この先目立った勾配なし,先行列車なし,後続列車なし,0.0,次駅減速フェーズで先行列車なしにも関わらず低速6.5km/hで惰行を続けたため、即reward0.0ルールのちんたら運転に該当し、rewardは0.0とした。
180.39999999999884,Train11,次駅への減速フェーズ（駅手前400m以内）,力行（加速）中,0.1,惰行,25.400000000000095,70.0,70.0,6.501878594178458,70.0,35.95619701690467,0.0,2.0157535114118077,0.0,9.2,この先制限速度なし,この先目立った勾配なし,先行列車なし,後続列車なし,0.0,次駅減速フェーズで低速(6.5km/h)のまま力行を続け、停止位置が遠く遅延が増大するちんたら運転と判定し、即0点とした。
180.49999999999883,Train11,次駅への減速フェーズ（駅手前400m以内）,惰行中,0.1,力行（加速）,0.1,70.0,70.0,6.7516394684607395,70.0,35.77177041766433,0.0,2.173467680412317,0.0,9.2,この先制限速度なし,この先目立った勾配なし,先行列車なし,後続列車なし,0.0,次駅減速フェーズで先行列車なしにも関わらず速度6.8km/hのまま惰行を続けたため、即時0点ルールのちんたら運転に該当し、rewardは0.0とした。
180.59999999999883,Train11,次駅への減速フェーズ（駅手前400m以内）,惰行中,0.2,力行（加速）,0.1,70.0,70.0,6.710118700937182,70.0,35.584859232255184,0.0,2.146838011336582,0.0,9.2,この先制限速度なし,この先目立った勾配なし,先行列車なし,後続列車なし,0.0,低速で惰行し続けたため次駅減速フェーズの即0点ルールに該当し、rewardは0.0とした。
180.69999999999882,Train11,次駅への減速フェーズ（駅手前400m以内）,惰行中,0.30000000000000004,力行（加速）,0.1,70.0,70.0,6.668602433679097,70.0,35.399101332732386,0.0,2.1203750677753077,0.0,9.2,この先制限速度なし,この先目立った勾配なし,先行列車なし,後続列車なし,0.0,次駅減速フェーズで先行列車なしにも関わらず速度6.7km/hのまま惰行を続けたことが「ちんたら運転」に該当し、即時0点ルールが適用されたためrewardは0.0とした。
180.79999999999882,Train11,次駅への減速フェーズ（駅手前400m以内）,惰行中,0.4,力行（加速）,0.1,70.0,70.0,6.627090658659149,70.0,35.21449659419673,0.0,2.0940787968360235,0.0,9.2,この先制限速度なし,この先目立った勾配なし,先行列車なし,後続列車なし,0.0,次駅減速フェーズで先行列車なしにも関わらず6.6km/hの低速惰行を続けたためちんたら運転と判定し、即0点規則が適用された。
180.8999999999988,Train11,次駅への減速フェーズ（駅手前400m以内）,惰行中,0.5,力行（加速）,0.1,70.0,70.0,6.585583367853311,70.0,35.03104489199771,0.0,2.067949145078017,0.0,9.2,この先制限速度なし,この先目立った勾配なし,先行列車なし,後続列車なし,0.0,次駅減速フェーズで先行列車不在にも関わらず6.6km/hの低速惰行がちんたら運転と判定され、即時0点とした。
180.9999999999988,Train11,次駅への減速フェーズ（駅手前400m以内）,惰行中,0.6,力行（加速）,0.1,70.0,70.0,6.5440805532408675,70.0,34.84874610169797,0.0,2.041986059185813,0.0,9.2,この先制限速度なし,この先目立った勾配なし,先行列車なし,後続列車なし,0.0,次駅減速フェーズで低速6.5km/hのまま惰行し、ブレーキ未実施のためちんたら運転と判定し即0点とした。
181.0999999999988,Train11,次駅への減速フェーズ（駅手前400m以内）,惰行中,0.7,力行（加速）,0.1,70.0,70.0,6.502582206804405,70.0,34.66760009907688,0.0,2.0161894859690896,0.0,9.2,この先制限速度なし,この先目立った勾配なし,先行列車なし,後続列車なし,0.0,低速6.5km/hで惰行を続けブレーキせずに停車位置へ向かう『ちんたら運転』が即時0点規則に該当するためrewardは0.0とした。
181.1999999999988,Train11,次駅への減速フェーズ（駅手前400m以内）,惰行中,0.7999999999999999,力行（加速）,0.1,70.0,70.0,6.461088320529811,70.0,34.48760676013762,0.0,1.990559358981653,0.0,9.2,この先制限速度なし,この先目立った勾配なし,先行列車なし,後続列車なし,0.0,ノコギリ運転と低速惰行が続き、必要速度に達せず停止位置が確保できないため、即時0点と判断した。
181.2999999999988,Train11,次駅への減速フェーズ（駅手前400m以内）,惰行中,0.8999999999999999,力行（加速）,0.1,70.0,70.0,6.419598886406262,70.0,34.30876596111432,0.0,1.9650956432622804,0.0,9.2,この先制限速度なし,この先目立った勾配なし,先行列車なし,後続列車なし,0.0,次駅減速フェーズで先行列車なしにも関わらず6.4km/hの低速惰行を続け、停止位置に向けた適切な減速が行われていないため即時0点とした。
181.39999999999878,Train11,次駅への減速フェーズ（駅手前400m以内）,惰行中,0.9999999999999999,力行（加速）,0.1,70.0,70.0,6.378113896426217,70.0,34.1310775784649,0.0,1.939798287020611,0.0,9.2,この先制限速度なし,この先目立った勾配なし,先行列車なし,後続列車なし,0.0,低速で惰行し続けるちんたら運転かつノコギリ運転と判定され、即0点規則に該当するためrewardは0.0。
181.49999999999878,Train11,次駅への減速フェーズ（駅手前400m以内）,惰行中,1.0999999999999999,力行（加速）,0.1,70.0,70.0,6.3366333425854116,70.0,33.954541488846246,0.0,1.914667237526189,0.0,9.2,この先制限速度なし,この先目立った勾配なし,先行列車なし,後続列車なし,0.0,次駅減速フェーズで先行列車なしにも関わらず6.3km/hの低速惰行を続けたことが即時0点ルールに該当し、報酬は0.0とした。
181.59999999999877,Train11,次駅への減速フェーズ（駅手前400m以内）,惰行中,1.2,力行（加速）,0.1,70.0,70.0,6.2951572168828545,70.0,33.779157569167495,0.0,1.8897024421732993,0.0,9.2,この先制限速度なし,この先目立った勾配なし,先行列車なし,後続列車なし,0.0,先行列車なしで低速6.3km/hの惰行が続き、停車位置へ向かう『ちんたら運転』と判定されたため即時0点とした。
181.69999999999877,Train11,次駅への減速フェーズ（駅手前400m以内）,惰行中,1.3,力行（加速）,0.1,70.0,70.0,6.25368551132082,70.0,33.60492569654028,0.0,1.8649038484808842,0.0,9.2,この先制限速度なし,この先目立った勾配なし,先行列車なし,後続列車なし,0.0,低速6.3km/hで惰行を続け、停止位置へ向かうちんたら運転かつノコギリ運転と判定され、即0点規則に該当するためrewardは0.0とした。
181.79999999999876,Train11,次駅への減速フェーズ（駅手前400m以内）,惰行中,1.4000000000000001,力行（加速）,0.1,70.0,70.0,6.212218217904841,70.0,33.43184574831071,0.0,1.8402713910297142,0.0,9.2,この先制限速度なし,この先目立った勾配なし,先行列車なし,後続列車なし,0.0,次駅減速フェーズで低速6.2km/hの惰行が続きブレーキ未実施のため、即時0点ルール（ちんたら運転）に該当しrewardは0.0とした。
181.89999999999876,Train11,次駅への減速フェーズ（駅手前400m以内）,惰行中,1.5000000000000002,力行（加速）,0.1,70.0,70.0,6.170755328643699,70.0,33.25991760204161,0.0,1.8158050347806831,0.0,9.2,この先制限速度なし,この先目立った勾配なし,先行列車なし,後続列車なし,0.0,次駅減速フェーズで先行列車なしにも関わらず低速6.2km/hの惰行が続き、停止位置に到達できないため即reward0.0ルールが適用された。
181.99999999999875,Train11,次駅への減速フェーズ（駅手前400m以内）,惰行中,1.6000000000000003,力行（加速）,0.1,70.0,70.0,6.1292968355494235,70.0,33.089141135512534,0.0,1.7915047291130433,0.0,9.2,この先制限速度なし,この先目立った勾配なし,先行列車なし,後続列車なし,0.0,次駅減速フェーズで先行列車不在にも関わらず6.1km/hの低速で惰行を続けたため、即reward0.0ルールのちんたら運転に該当し0.0とした。
182.09999999999874,Train11,次駅への減速フェーズ（駅手前400m以内）,惰行中,1.7000000000000004,力行（加速）,0.1,70.0,70.0,6.087842730637284,70.0,32.91951622673395,0.0,1.7673704220037152,0.0,9.2,この先制限速度なし,この先目立った勾配なし,先行列車なし,後続列車なし,0.0,次駅減速フェーズで低速6.1km/hの惰行は停車位置達成が不可能で、即0.0ルールに該当し、さらにノコギリ運転と判断されたため0点とした。
182.19999999999874,Train11,次駅への減速フェーズ（駅手前400m以内）,惰行中,1.8000000000000005,力行（加速）,0.1,70.0,70.0,6.046393005925779,70.0,32.751042753933035,0.0,1.7434020615538683,0.0,9.2,この先制限速度なし,この先目立った勾配なし,先行列車なし,後続列車なし,0.0,次駅減速フェーズで先行列車なしにも関わらず低速6km/hの惰行が続き、ちんたら運転と判定されたため即0点とした。
182.29999999999873,Train11,次駅への減速フェーズ（駅手前400m以内）,惰行中,1.9000000000000006,力行（加速）,0.1,70.0,70.0,6.004947653436639,70.0,32.5837205955537,0.0,1.7195995959888364,0.0,9.2,この先制限速度なし,この先目立った勾配なし,先行列車なし,後続列車なし,0.0,次駅減速フェーズで先行列車なしにも関わらず6km/hの低速で惰行を続けたため即時ゼロルールが適用され、rewardは0.0とした。
182.39999999999873,Train11,次駅への減速フェーズ（駅手前400m以内）,惰行中,2.0000000000000004,力行（加速）,0.1,70.0,70.0,5.963506665194809,70.0,32.41754963027077,0.0,1.6959629609632667,0.0,9.2,この先制限速度なし,この先目立った勾配なし,先行列車なし,後続列車なし,0.0,次駅減速フェーズで先行列車なしの低速6km/hで惰行を続け、ブレーキ未実施のため即時0点ルール（ちんたら運転）に該当し、rewardは0.0とした。
182.49999999999872,Train11,次駅への減速フェーズ（駅手前400m以内）,惰行中,2.1000000000000005,力行（加速）,0.1,70.0,70.0,5.92207003322845,70.0,32.25252973697934,0.0,1.6724921212363495,0.0,9.2,この先制限速度なし,この先目立った勾配なし,先行列車なし,後続列車なし,0.0,先行列車なしで低速5.9km/hの惰行が続き、次駅減速フェーズでのちんたら運転と2秒未満のノコギリ運転と判定され、即時0点ルールが適用されたためrewardは0.0となる。
182.59999999999872,Train11,次駅への減速フェーズ（駅手前400m以内）,惰行中,2.2000000000000006,力行（加速）,0.1,70.0,70.0,5.880637749568933,70.0,32.08866079478767,0.0,1.6491870274255174,0.0,9.2,この先制限速度なし,この先目立った勾配なし,先行列車なし,後続列車なし,0.0,次駅減速フェーズで先行列車なしの低速5.9km/hで惰行を続けたため、即時ゼロルールのちんたら運転に該当し評価は0.0とした。
182.6999999999987,Train11,次駅への減速フェーズ（駅手前400m以内）,惰行中,2.3000000000000007,力行（加速）,0.1,70.0,70.0,5.839209806250826,70.0,31.925942683034947,0.0,1.6260476282122227,0.0,9.2,この先制限速度なし,この先目立った勾配なし,先行列車なし,後続列車なし,0.0,次駅減速フェーズで先行列車なしにも関わらず5.8km/hの低速で惰行を続けたため、ちんたら運転と判定し即時0点とした。
182.7999999999987,Train11,次駅への減速フェーズ（駅手前400m以内）,力行（加速）中,0.1,惰行,2.3000000000000007,70.0,70.0,5.797786195311895,70.0,31.764375281284174,0.0,1.6030738724016813,0.0,9.2,この先制限速度なし,この先目立った勾配なし,先行列車なし,後続列車なし,0.0,次駅減速フェーズで先行列車不在にも関わらず低速5.8km/hのまま力行を続けたため、即reward0.0ルールの『ちんたら運転』に該当し評価は0.0とした。
182.8999999999987,Train11,次駅への減速フェーズ（駅手前400m以内）,惰行中,0.1,力行（加速）,0.1,70.0,70.0,6.051311648220819,70.0,31.599449245355515,0.0,1.7462377292252946,0.0,9.2,この先制限速度なし,この先目立った勾配なし,先行列車なし,後続列車なし,0.0,次駅減速フェーズで先行列車不在にも関わらず低速6.1km/hの惰行がちんたら運転と判定され、即0点ルールに該当する。
182.9999999999987,Train11,次駅への減速フェーズ（駅手前400m以内）,惰行中,0.2,力行（加速）,0.1,70.0,70.0,6.009865777293757,70.0,31.431990465947024,0.0,1.7224155794886016,0.0,9.2,この先制限速度なし,この先目立った勾配なし,先行列車なし,後続列車なし,0.0,低速6km/hで惰行を続け、先行列車不在にも関わらず停車位置へ向かう遅延運転（ちんたら運転）と判定し、即時0点規則が適用されたため0.0とした。
183.0999999999987,Train11,次駅への減速フェーズ（駅手前400m以内）,惰行中,0.30000000000000004,力行（加速）,0.1,70.0,70.0,5.968424271560243,70.0,31.265682894023428,0.0,1.6987592678689585,0.0,9.2,この先制限速度なし,この先目立った勾配なし,先行列車なし,後続列車なし,0.0,低速6km/hで惰行を続け、先行列車なしで停止位置へ向かうちんたら運転かつノコギリ運転と判定されたためrewardは0.0とした。
183.19999999999868,Train11,次駅への減速フェーズ（駅手前400m以内）,惰行中,0.4,力行（加速）,0.1,70.0,70.0,5.92698712304806,70.0,31.1005264084514,0.0,1.6752687555330177,0.0,9.2,この先制限速度なし,この先目立った勾配なし,先行列車なし,後続列車なし,0.0,低速で惰行し続け、delta_stopが大きくブレーキ未実施のため次駅減速フェーズでのちんたら運転と判定し即時0点とした。
183.29999999999868,Train11,次駅への減速フェーズ（駅手前400m以内）,惰行中,0.5,力行（加速）,0.1,70.0,70.0,5.8855543237881935,70.0,30.936520888314334,0.0,1.6519439952113921,0.0,9.2,この先制限速度なし,この先目立った勾配なし,先行列車なし,後続列車なし,0.0,次駅減速フェーズで先行列車なしにも関わらず低速惰行が続き、ちんたら運転と判定されたため即0点。
183.39999999999867,Train11,次駅への減速フェーズ（駅手前400m以内）,惰行中,0.6,力行（加速）,0.1,70.0,70.0,5.844125865814833,70.0,30.773666212926543,0.0,1.6287849355708408,0.0,9.2,この先制限速度なし,この先目立った勾配なし,先行列車なし,後続列車なし,0.0,低速5.8km/hで惰行し続け、先行列車なしの状態で停止位置へ向かうちんたら運転と判定し即時0点とした。
183.49999999999866,Train11,次駅への減速フェーズ（駅手前400m以内）,惰行中,0.7,力行（加速）,0.1,70.0,70.0,5.8027017411653645,70.0,30.611962261815506,0.0,1.6057915254018988,0.0,9.2,この先制限速度なし,この先目立った勾配なし,先行列車なし,後続列車なし,0.0,次駅減速フェーズで先行列車なしにも関わらず低速5.8km/hの惰行が続き、ちんたら運転と判定されたため即時0点とした。
183.59999999999866,Train11,次駅への減速フェーズ（駅手前400m以内）,惰行中,0.7999999999999999,力行（加速）,0.1,70.0,70.0,5.7612819418803625,70.0,30.45140891472542,0.0,1.5829637136187877,0.0,9.2,この先制限速度なし,この先目立った勾配なし,先行列車なし,後続列車なし,0.0,次駅減速フェーズで先行列車なしにも関わらず低速惰行を続け、停止位置に向けたブレーキ未実施のため即時0点規則が適用された。
183.69999999999865,Train11,次駅への減速フェーズ（駅手前400m以内）,惰行中,0.8999999999999999,力行（加速）,0.1,70.0,70.0,5.719866460003583,70.0,30.292006051649167,0.0,1.560301438460933,0.0,9.2,この先制限速度なし,この先目立った勾配なし,先行列車なし,後続列車なし,0.0,次駅減速フェーズで先行列車なしの低速惰行はちんたら運転とみなされ、即時0点規則が適用されたためrewardを0.0とした。
183.79999999999865,Train11,次駅への減速フェーズ（駅手前400m以内）,惰行中,0.9999999999999999,力行（加速）,0.1,70.0,70.0,5.67845528758196,70.0,30.13375355275727,0.0,1.5378046607225788,0.0,9.2,この先制限速度なし,この先目立った勾配なし,先行列車なし,後続列車なし,0.0,次駅減速フェーズで先行列車なしの低速惰行がちんたら運転と判定され、即時0点規則に該当したためreward=0.0。
183.89999999999864,Train11,次駅への減速フェーズ（駅手前400m以内）,惰行中,1.0999999999999999,力行（加速）,0.1,70.0,70.0,5.6370484166655945,70.0,29.976651298479595,0.0,1.5154733344641882,0.0,9.2,この先制限速度なし,この先目立った勾配なし,先行列車なし,後続列車なし,0.0,次駅減速フェーズで先行列車なしにも関わらず低速惰行で停止位置へ進むちんたら運転が即時0点規則に該当したため0.0とした。
183.99999999999864,Train11,次駅への減速フェーズ（駅手前400m以内）,惰行中,1.2,力行（加速）,0.1,70.0,70.0,5.595645839307754,70.0,29.820699169444964,0.0,1.4933074090543024,0.0,9.2,この先制限速度なし,この先目立った勾配なし,先行列車なし,後続列車なし,0.0,次駅減速フェーズで先行列車なしにも関わらず5.6km/hの低速惰行を続け、停車位置へ向かうちんたら運転と判定されたため即時0点とした。
184.09999999999863,Train11,次駅への減速フェーズ（駅手前400m以内）,力行（加速）中,0.1,惰行,1.2,70.0,70.0,5.554247547564862,70.0,29.665897046513123,0.0,1.4713068339847575,0.0,9.2,この先制限速度なし,この先目立った勾配なし,先行列車なし,後続列車なし,0.0,次駅減速フェーズで現在速度5.6km/hのまま力行を続け、先行列車不在にも関わらず停車位置に到達できず、即時0点と判定した。
184.19999999999862,Train11,次駅への減速フェーズ（駅手前400m以内）,惰行中,0.1,力行（加速）,0.1,70.0,70.0,5.809074630088498,70.0,29.50771607165592,0.0,1.609318319717367,0.0,9.2,この先制限速度なし,この先目立った勾配なし,先行列車なし,後続列車なし,0.0,次駅減速フェーズで先行列車なしの低速5.8km/h惰行はちんたら運転とみなされ、即時0点と判断した。
184.29999999999862,Train11,次駅への減速フェーズ（駅手前400m以内）,惰行中,0.2,力行（加速）,0.1,70.0,70.0,5.767654165856916,70.0,29.346985710038354,0.0,1.5864650336666704,0.0,9.2,この先制限速度なし,この先目立った勾配なし,先行列車なし,後続列車なし,0.0,次駅減速フェーズで先行列車なしにも関わらず低速5.8km/hの惰行を続け、停止位置に遅れが確実なため即reward0.0ルールが適用された。
184.3999999999986,Train11,次駅への減速フェーズ（駅手前400m以内）,惰行中,0.30000000000000004,力行（加速）,0.1,70.0,70.0,5.726238020257431,70.0,29.18740585088031,0.0,1.5637772941072567,0.0,9.2,この先制限速度なし,この先目立った勾配なし,先行列車なし,後続列車なし,0.0,次駅減速フェーズで低速(5.7km/h)のまま惰行し続ける『ちんたら運転』が即reward0.0ルールに該当するため評価は0.0とした。
184.4999999999986,Train11,次駅への減速フェーズ（駅手前400m以内）,惰行中,0.4,力行（加速）,0.1,70.0,70.0,5.684826185336486,70.0,29.028976374330995,0.0,1.541255056880815,0.0,9.2,この先制限速度なし,この先目立った勾配なし,先行列車なし,後続列車なし,0.0,低速5.7km/hで惰行し続けるちんたら運転が即0点条件に該当し、rewardは0.0とした。
184.5999999999986,Train11,次駅への減速フェーズ（駅手前400m以内）,惰行中,0.5,力行（加速）,0.1,70.0,70.0,5.643418653143701,70.0,28.871697160777643,0.0,1.5188982789350198,0.0,9.2,この先制限速度なし,この先目立った勾配なし,先行列車なし,後続列車なし,0.0,次駅減速フェーズで先行列車なしにも関わらず5.6km/hの低速で惰行し続けたため、ちんたら運転と判定し即時0点ルールが適用された。
184.6999999999986,Train11,次駅への減速フェーズ（駅手前400m以内）,惰行中,0.6,力行（加速）,0.1,70.0,70.0,5.602015415731854,70.0,28.7155680908171,0.0,1.4967069096194383,0.0,9.2,この先制限速度なし,この先目立った勾配なし,先行列車なし,後続列車なし,0.0,次駅減速フェーズで低速5.6km/hのまま惰行を続け、停止位置に到達できず即0点のちんたら運転と判定したため。
184.7999999999986,Train11,次駅への減速フェーズ（駅手前400m以内）,惰行中,0.7,力行（加速）,0.1,70.0,70.0,5.5606164651568815,70.0,28.56058904527714,0.0,1.4746808984069388,0.0,9.2,この先制限速度なし,この先目立った勾配なし,先行列車なし,後続列車なし,0.0,次駅減速フェーズで先行列車なしにも関わらず低速5.6km/hの惰行で停止位置へ進むちんたら運転と判定し、即0点ルールが適用されたためreward=0.0。
184.89999999999858,Train11,次駅への減速フェーズ（駅手前400m以内）,惰行中,0.7999999999999999,力行（加速）,0.1,70.0,70.0,5.519221793477874,70.0,28.406759905191592,0.0,1.4528201948936195,0.0,9.2,この先制限速度なし,この先目立った勾配なし,先行列車なし,後続列車なし,0.0,先行列車なしで低速5.5km/hのまま惰行し続け、停止位置へ向かうちんたら運転と判定し即時0点とした。
184.99999999999858,Train11,次駅への減速フェーズ（駅手前400m以内）,惰行中,0.8999999999999999,力行（加速）,0.1,70.0,70.0,5.4778313927570705,70.0,28.254080551832317,0.0,1.4311247405632015,0.0,9.2,この先制限速度なし,この先目立った勾配なし,先行列車なし,後続列車なし,0.0,次駅減速フェーズで先行列車不在の低速惰行はちんたら運転とみなされ、即時0点規則に該当するためrewardは0.0とした。
185.09999999999857,Train11,次駅への減速フェーズ（駅手前400m以内）,惰行中,0.9999999999999999,力行（加速）,0.1,70.0,70.0,5.4364452550598426,70.0,28.10255086667013,0.0,1.4095944906867226,0.0,9.2,この先制限速度なし,この先目立った勾配なし,先行列車なし,後続列車なし,0.0,次駅減速フェーズで低速5.4km/hのまま惰行しブレーキ未実施、即reward0.0ルールに該当するため0.0とした。
185.19999999999857,Train11,次駅への減速フェーズ（駅手前400m以内）,惰行中,1.0999999999999999,力行（加速）,0.1,70.0,70.0,5.395063372454701,70.0,27.95217073142453,0.0,1.3882294036470197,0.0,9.2,この先制限速度なし,この先目立った勾配なし,先行列車なし,後続列車なし,0.0,次駅減速フェーズで低速惰行が続き、即時0点ルールの『ちんたら運転』に該当し、停止位置が遠く遅延が不可避である上、ノコギリ運転も判定されたためrewardは0.0とした。
185.29999999999856,Train11,次駅への減速フェーズ（駅手前400m以内）,惰行中,1.2,力行（加速）,0.1,70.0,70.0,5.35368573701328,70.0,27.802940028006873,0.0,1.3670294294927452,0.0,9.2,この先制限速度なし,この先目立った勾配なし,先行列車なし,後続列車なし,0.0,次駅減速フェーズで先行列車なしにも関わらず低速5.4km/hのまま惰行し停車位置へ進む『ちんたら運転』が即0点規則に該当し、rewardは0.0となる。
185.39999999999856,Train11,次駅への減速フェーズ（駅手前400m以内）,力行（加速）中,0.1,惰行,1.2,70.0,70.0,5.312312340810335,70.0,27.65485863857009,0.0,1.345994518395382,0.0,9.2,この先制限速度なし,この先目立った勾配なし,先行列車なし,後続列車なし,0.0,次駅減速フェーズで低速(5.3km/h)のまま力行し、即0.0ルールの「ちんたら運転」に該当するため評価は0.0とした。
185.49999999999855,Train11,次駅への減速フェーズ（駅手前400m以内）,ブレーキ（減速）中,0.1,力行（加速）,0.1,70.0,70.0,5.56843222805161,70.0,27.503378319678973,0.0,1.4788267324913507,0.0,9.2,この先制限速度なし,この先目立った勾配なし,先行列車なし,後続列車なし,0.0,持続時間が2秒未満の力行→減速の反転がノコギリ運転と判定され、上限0.0点となった上、delta_stopが正で早すぎるブレーキにより停止位置が達成できず、rewardは0.0とした。
185.59999999999854,Train11,次駅への減速フェーズ（駅手前400m以内）,惰行中,0.1,ブレーキ（減速）,0.1,70.0,70.0,5.440640759612447,70.0,27.350652046539636,0.0,1.411769688652315,0.0,9.2,この先制限速度なし,この先目立った勾配なし,先行列車なし,後続列車なし,0.0,次駅減速フェーズで先行列車なしにも関わらず5.4km/hの低速惰行を続けたため、即時0点対象のちんたら運転と判定した。
185.69999999999854,Train11,次駅への減速フェーズ（駅手前400m以内）,惰行中,0.2,ブレーキ（減速）,0.1,70.0,70.0,5.399258445990158,70.0,27.20015537608944,0.0,1.3903878597938657,0.0,9.2,この先制限速度なし,この先目立った勾配なし,先行列車なし,後続列車なし,0.0,低速5.4km/hで惰行を続け、即0.0ルールのちんたら運転に該当し、ノコギリ運転でも評価が下がるためrewardは0.0とした。
185.79999999999853,Train11,次駅への減速フェーズ（駅手前400m以内）,惰行中,0.30000000000000004,ブレーキ（減速）,0.1,70.0,70.0,5.357880380335219,70.0,27.05080814942562,0.0,1.3691711488792808,0.0,9.2,この先制限速度なし,この先目立った勾配なし,先行列車なし,後続列車なし,0.0,次駅減速フェーズで先行列車なしにも関わらず5.4km/hの低速惰行は「ちんたら運転」とみなされ、即reward0.0ルールが適用されるため評価は0.0となる。
185.89999999999853,Train11,次駅への減速フェーズ（駅手前400m以内）,惰行中,0.4,ブレーキ（減速）,0.1,70.0,70.0,5.3165065547220705,70.0,26.902610248683345,0.0,1.3481195060675968,0.0,9.2,この先制限速度なし,この先目立った勾配なし,先行列車なし,後続列車なし,0.0,次駅減速フェーズで先行列車なしの低速5.3km/hで惰行を続けたため、ちんたら運転とみなされ即時0点と判断した。
185.99999999999852,Train11,次駅への減速フェーズ（駅手前400m以内）,惰行中,0.5,ブレーキ（減速）,0.1,70.0,70.0,5.275136961228263,70.0,26.75556155619674,0.0,1.3272328816406063,0.0,9.2,この先制限速度なし,この先目立った勾配なし,先行列車なし,後続列車なし,0.0,次駅減速フェーズで先行列車なしにも関わらず5.3km/hの惰行を続けたためちんたら運転と判定し即0点とした。
186.09999999999852,Train11,次駅への減速フェーズ（駅手前400m以内）,惰行中,0.6,ブレーキ（減速）,0.1,70.0,70.0,5.233771591934461,70.0,26.609661954534403,0.0,1.3065112198148299,0.0,9.2,この先制限速度なし,この先目立った勾配なし,先行列車なし,後続列車なし,0.0,低速5.2km/hで惰行を続け、先行列車なしの減速フェーズで停車位置へ向かう不適切なちんたら運転のため即時0点。
186.1999999999985,Train11,次駅への減速フェーズ（駅手前400m以内）,惰行中,0.7,ブレーキ（減速）,0.1,70.0,70.0,5.19241043892443,70.0,26.464911326470997,0.0,1.2859544716480282,0.0,9.2,この先制限速度なし,この先目立った勾配なし,先行列車なし,後続列車なし,0.0,次駅減速フェーズで低速5.2km/hのまま惰行し、停止位置が遠く即reward0.0ルールのちんたら運転に該当するため0.0とした。
186.2999999999985,Train11,次駅への減速フェーズ（駅手前400m以内）,惰行中,0.7999999999999999,ブレーキ（減速）,0.1,70.0,70.0,5.151053494285028,70.0,26.321309555012107,0.0,1.2655625990565915,0.0,9.2,この先制限速度なし,この先目立った勾配なし,先行列車なし,後続列車なし,0.0,低速（5.2km/h）の惰行で停止位置へ向かうちんたら運転が即時0点ルールに該当するため、rewardは0.0とした。
186.3999999999985,Train11,次駅への減速フェーズ（駅手前400m以内）,惰行中,0.8999999999999999,ブレーキ（減速）,0.1,70.0,70.0,5.1097007501062075,70.0,26.178856523383587,0.0,1.245335552773114,0.0,9.2,この先制限速度なし,この先目立った勾配なし,先行列車なし,後続列車なし,0.0,現在速度5.1km/hで制限・信号速度70km/hを大きく下回り、ブレーキ未実施のまま惰行を続けたため、次駅減速フェーズでのちんたら運転とみなされ即0点規則が適用された。
186.4999999999985,Train11,次駅への減速フェーズ（駅手前400m以内）,惰行中,0.9999999999999999,ブレーキ（減速）,0.1,70.0,70.0,5.068352198480998,70.0,26.03755211501735,0.0,1.2252732836525635,0.0,9.2,この先制限速度なし,この先目立った勾配なし,先行列車なし,後続列車なし,0.0,低速5.1km/hで先行列車なしの減速フェーズに惰行し続けたため『ちんたら運転』と判定し、即0点ルールが適用された。
186.5999999999985,Train11,次駅への減速フェーズ（駅手前400m以内）,惰行中,1.0999999999999999,ブレーキ（減速）,0.1,70.0,70.0,5.027007831505513,70.0,25.897396213579782,0.0,1.2053757426722016,0.0,9.2,この先制限速度なし,この先目立った勾配なし,先行列車なし,後続列車なし,0.0,次駅減速フェーズで先行列車なしの低速5km/hで惰行を続け、停止位置へ向けたブレーキ未実施のため即reward0.0ルールが適用され、評価は0.0とした。
186.69999999999848,Train11,次駅への減速フェーズ（駅手前400m以内）,力行（加速）中,0.1,惰行,1.0999999999999999,70.0,70.0,4.985667641278932,70.0,25.758388702953994,0.0,1.1856428754216264,0.0,9.2,この先制限速度なし,この先目立った勾配なし,先行列車なし,後続列車なし,1.0,加速はdelta_stop>0で必要速度未達であり正当化され、速度・信号超過なし、ノコギリ運転と判定されず、全項目で問題がないためreward=1.0とした。
186.79999999999848,Train11,次駅への減速フェーズ（駅手前400m以内）,ブレーキ（減速）中,0.1,力行（加速）,0.1,70.0,70.0,5.243532583477361,70.0,25.615955166799154,0.0,1.3113862369992544,0.0,9.2,この先制限速度なし,この先目立った勾配なし,先行列車なし,後続列車なし,0.0,保持時間0.1秒で力行→減速への不合理な切替がノコギリ運転と判定され、上限が0.0点となったためrewardは0.0とした。
186.89999999999847,Train11,次駅への減速フェーズ（駅手前400m以内）,惰行中,0.1,ブレーキ（減速）,0.1,70.0,70.0,5.115774391453947,70.0,25.472253374971388,0.0,1.2482961827632204,0.0,9.2,この先制限速度なし,この先目立った勾配なし,先行列車なし,後続列車なし,0.0,先行列車なしで5.1km/hの低速惰行が続き、即reward0.0ルールのちんたら運転に該当し、ノコギリ運転も判定されたためrewardは0.0とした。
186.99999999999847,Train11,次駅への減速フェーズ（駅手前400m以内）,ブレーキ（減速）中,0.1,惰行,0.1,70.0,70.0,5.074425224520408,70.0,25.33078026375435,0.0,1.228209714194946,0.0,9.2,この先制限速度なし,この先目立った勾配なし,先行列車なし,後続列車なし,0.0,ノコギリ運転とブレーキ開始が必要距離前に行われエネルギー無駄と判断し、上限が0.0点のためreward=0.0。
187.09999999999846,Train11,次駅への減速フェーズ（駅手前400m以内）,惰行中,0.1,ブレーキ（減速）,0.1,70.0,70.0,4.946684169866367,70.0,25.191775636525193,0.0,1.1671839513865963,0.0,9.2,この先制限速度なし,この先目立った勾配なし,先行列車なし,後続列車なし,0.0,低速4.9km/hで惰行し続け、次駅減速フェーズで加速が必要なため即時0点ルールに該当し、rewardは0.0とする。
187.19999999999845,Train11,次駅への減速フェーズ（駅手前400m以内）,ブレーキ（減速）中,0.1,惰行,0.1,70.0,70.0,4.905352072836155,70.0,25.05499921503329,0.0,1.147770929143556,0.0,9.2,この先制限速度なし,この先目立った勾配なし,先行列車なし,後続列車なし,0.0,次駅減速フェーズでdelta_stopが23.91mと大きく正の値なのにブレーキを開始し、停止位置が過剰に前倒しになる上、保持時間が7秒未満のノコギリ運転と判定されたためrewardは0.0とした。
187.29999999999845,Train11,次駅への減速フェーズ（駅手前400m以内）,惰行中,0.1,ブレーキ（減速）,0.1,70.0,70.0,4.777628027034742,70.0,24.92069080416215,0.0,1.0888086994562576,0.0,9.2,この先制限速度なし,この先目立った勾配なし,先行列車なし,後続列車なし,0.0,先行列車不在で速度4.8km/hと低速惰行が続くため、停車位置へ向けた加速が不適切と判断し即reward0.0ルールが適用された。
187.39999999999844,Train11,次駅への減速フェーズ（駅手前400m以内）,ブレーキ（減速）中,0.1,惰行,0.1,70.0,70.0,4.736312871442525,70.0,24.788610127739474,0.0,1.0700684769590856,0.0,9.2,この先制限速度なし,この先目立った勾配なし,先行列車なし,後続列車なし,0.0,ブレーキがdelta_stop+23.7mで早すぎ、保持時間0.1秒のノコギリ運転と判定されreward上限が0.0点となったため0.0とした。
187.49999999999844,Train11,次駅への減速フェーズ（駅手前400m以内）,惰行中,0.1,ブレーキ（減速）,0.1,70.0,70.0,4.608605706078338,70.0,24.658996992126703,0.0,1.0131690000087907,0.0,9.2,この先制限速度なし,この先目立った勾配なし,先行列車なし,後続列車なし,0.0,低速(4.6km/h)で惰行を続け、先行列車なしにも関わらずちんたら運転とノコギリ運転が判定されたため、即時0点とした。
187.59999999999843,Train11,次駅への減速フェーズ（駅手前400m以内）,ブレーキ（減速）中,0.1,惰行,0.1,70.0,70.0,4.567307363559714,70.0,24.531611123240538,0.0,0.9951009283945021,0.0,9.2,この先制限速度なし,この先目立った勾配なし,先行列車なし,後続列車なし,0.0,ブレーキがdelta_stop 23.54mと大きく早すぎ、かつ保持時間0.1秒のノコギリ運転と判定され上限0点となり、rewardは0.0とした。
187.69999999999843,Train11,次駅への減速フェーズ（駅手前400m以内）,惰行中,0.1,ブレーキ（減速）,0.1,70.0,70.0,4.439616950317889,70.0,24.406692328909685,0.0,0.940263482371886,0.0,9.2,この先制限速度なし,この先目立った勾配なし,先行列車なし,後続列車なし,0.0,低速4.4km/hで惰行し続けブレーキ未実施、かつ0.1秒のノコギリ運転に該当し即時0点規則が適用されたため。
187.79999999999842,Train11,次駅への減速フェーズ（駅手前400m以内）,ブレーキ（減速）中,0.1,惰行,0.1,70.0,70.0,4.398335292608596,70.0,24.28400033714695,0.0,0.9228669101271472,0.0,9.2,この先制限速度なし,この先目立った勾配なし,先行列車なし,後続列車なし,1.0,次駅減速フェーズで適切にブレーキを開始し、速度・信号・制限を遵守、ノコギリ運転なし、不要な加速もなく、全項目で問題なしと判断した。
187.8999999999984,Train11,次駅への減速フェーズ（駅手前400m以内）,惰行中,0.1,ブレーキ（減速）,0.1,70.0,70.0,4.270661503274016,70.0,24.163774957258966,0.0,0.870090762845638,0.0,9.2,この先制限速度なし,この先目立った勾配なし,先行列車なし,後続列車なし,0.0,次駅減速フェーズで先行列車なしの低速惰行はちんたら運転とみなされ、即reward0.0ルールが適用されるため0.0点とした。
187.9999999999984,Train11,次駅への減速フェーズ（駅手前400m以内）,ブレーキ（減速）中,0.1,惰行,0.1,70.0,70.0,4.229396402209139,70.0,24.045775919336876,0.0,0.8533650592337139,0.0,9.2,この先制限速度なし,この先目立った勾配なし,先行列車なし,後続列車なし,0.0,ブレーキが停止距離より早く開始されdelta_stopが5m超、かつ2秒未満のノコギリ運転と判定されたためrewardは0.0とした。
188.0999999999984,Train11,次駅への減速フェーズ（駅手前400m以内）,惰行中,0.1,ブレーキ（減速）,0.1,70.0,70.0,4.101739108665644,70.0,23.93024303415814,0.0,0.802649448712547,0.0,9.2,この先制限速度なし,この先目立った勾配なし,先行列車なし,後続列車なし,0.0,次駅減速フェーズで先行列車なしにも関わらず低速4.1km/hで惰行し、ちんたら運転と判定されたため即時0点とした。
188.1999999999984,Train11,次駅への減速フェーズ（駅手前400m以内）,ブレーキ（減速）中,0.1,惰行,0.1,70.0,70.0,4.060490436178824,70.0,23.816936033906444,0.0,0.7865939899120167,0.0,9.2,この先制限速度なし,この先目立った勾配なし,先行列車なし,後続列車なし,0.0,ブレーキ開始がdelta_stop 23mと過早で停止位置が大幅にずれ、かつ2秒未満のノコギリ運転と判定されたためrewardは0.0とした。
188.2999999999984,Train11,次駅への減速フェーズ（駅手前400m以内）,惰行中,0.1,ブレーキ（減速）,0.1,70.0,70.0,3.932849510408416,70.0,23.706094730844285,0.0,0.7379382100540421,0.0,9.2,この先制限速度なし,この先目立った勾配なし,先行列車なし,後続列車なし,0.0,次駅減速フェーズで先行列車なしにも関わらず3.9km/hの低速惰行はちんたら運転とみなされ即時0点となる。
188.39999999999839,Train11,次駅への減速フェーズ（駅手前400m以内）,ブレーキ（減速）中,0.1,惰行,0.1,70.0,70.0,3.8916171385310547,70.0,23.597478859212373,0.0,0.7225523613194574,0.0,9.2,この先制限速度なし,この先目立った勾配なし,先行列車なし,後続列車なし,0.0,ノコギリ運転とブレーキ開始が早すぎ、delta_stopが5m超で停止位置が不適切なためrewardは0.0
188.49999999999838,Train11,次駅への減速フェーズ（駅手前400m以内）,惰行中,0.1,ブレーキ（減速）,0.1,70.0,70.0,3.76399245261311,70.0,23.491328232747577,0.0,0.6759557054254508,0.0,9.2,この先制限速度なし,この先目立った勾配なし,先行列車なし,後続列車なし,0.0,先行列車なしで低速3.8km/hの惰行が続き、次駅減速フェーズでのちんたら運転と判定されたため即reward0.0ルールが適用される。
188.59999999999837,Train11,次駅への減速フェーズ（駅手前400m以内）,ブレーキ（減速）中,0.1,惰行,0.1,70.0,70.0,3.722776253473586,70.0,23.387402587783157,0.0,0.661238852091798,0.0,9.2,この先制限速度なし,この先目立った勾配なし,先行列車なし,後続列車なし,0.0,ブレーキが早すぎてdelta_stopが22.73mあり、保持時間が2秒未満の反転操作でノコギリ運転と判定されたため0.0点。
188.69999999999837,Train11,次駅への減速フェーズ（駅手前400m以内）,惰行中,0.1,ブレーキ（減速）,0.1,70.0,70.0,3.595167679584065,70.0,23.285941739530358,0.0,0.6167005767431818,0.0,9.2,この先制限速度なし,この先目立った勾配なし,先行列車なし,後続列車なし,0.0,低速3.6km/hで惰行を続け、次駅減速フェーズでのちんたら運転と判定されたため即時0点とした。
188.79999999999836,Train11,次駅への減速フェーズ（駅手前400m以内）,力行（加速）中,0.1,惰行,0.1,70.0,70.0,3.5539675254069407,70.0,23.18670542639012,0.0,0.6026521194163694,0.0,9.2,この先制限速度なし,この先目立った勾配なし,先行列車なし,後続列車なし,0.0,次駅減速フェーズで先行列車不在の低速3.6km/hで加速し、ちんたら運転に該当するためrewardは0.0とした。
188.89999999999836,Train11,次駅への減速フェーズ（駅手前400m以内）,ブレーキ（減速）中,0.1,力行（加速）,0.1,70.0,70.0,3.819475664228996,70.0,23.083924476829054,0.0,0.6960223562405827,0.0,9.2,この先制限速度なし,この先目立った勾配なし,先行列車なし,後続列車なし,0.0,ブレーキが過剰に早く、delta_stopが22.39mで停止位置が不適切かつノコギリ運転（0.1秒の反転）に該当し、reward上限が0.0となる。
188.99999999999835,Train11,次駅への減速フェーズ（駅手前400m以内）,惰行中,0.1,ブレーキ（減速）,0.1,70.0,70.0,3.691857877833718,70.0,22.979777674702717,0.0,0.6503052269106084,0.0,9.2,この先制限速度なし,この先目立った勾配なし,先行列車なし,後続列車なし,0.0,先行列車なしで速度3.7km/hのまま惰行を続け、停止位置まで22m以上残りながらブレーキせず低速ちんたら運転となり即時0点規則に該当したためrewardは0.0とした。
189.09999999999835,Train11,次駅への減速フェーズ（駅手前400m以内）,ブレーキ（減速）中,0.1,惰行,0.1,70.0,70.0,3.6506485495568772,70.0,22.87785566292655,0.0,0.6358740195921473,0.0,9.2,この先制限速度なし,この先目立った勾配なし,先行列車なし,後続列車なし,0.0,前ノッチが0.1秒で惰行から減速へ反転し、条件1〜4をすべて満たすノコギリ運転と判定されたため、上限0.0点となった。
189.19999999999834,Train11,次駅への減速フェーズ（駅手前400m以内）,惰行中,0.1,ブレーキ（減速）,0.1,70.0,70.0,3.5230468206062637,70.0,22.778398257337074,0.0,0.5922149964264954,0.0,9.2,この先制限速度なし,この先目立った勾配なし,先行列車なし,後続列車なし,0.0,次駅減速フェーズで低速(3.5km/h)の惰行はちんたら運転とみなされ、即時0点規則に該当するためrewardは0.0。
189.29999999999833,Train11,次駅への減速フェーズ（駅手前400m以内）,力行（加速）中,0.1,惰行,0.1,70.0,70.0,3.4818534827287073,70.0,22.681165197223407,0.0,0.5784519186603473,0.0,9.2,この先制限速度なし,この先目立った勾配なし,先行列車なし,後続列車なし,0.0,低速(3.5km/h)のまま加速し続けているため、次駅減速フェーズでのちんたら運転と即時0点規則に該当し、rewardは0.0とした。
189.39999999999833,Train11,次駅への減速フェーズ（駅手前400m以内）,ブレーキ（減速）中,0.1,力行（加速）,0.1,70.0,70.0,3.747746370166186,70.0,22.58038153288311,0.0,0.6701354808654444,0.0,9.2,この先制限速度なし,この先目立った勾配なし,先行列車なし,後続列車なし,0.0,ブレーキが早すぎて駅手前で停止する可能性が高く、即reward0.0ルールに該当するため0.0とした。
189.49999999999832,Train11,次駅への減速フェーズ（駅手前400m以内）,惰行中,0.1,ブレーキ（減速）,0.1,70.0,70.0,3.6201354213030643,70.0,22.47822710659264,0.0,0.6252927990513256,0.0,9.2,この先制限速度なし,この先目立った勾配なし,先行列車なし,後続列車なし,0.0,次駅減速フェーズで先行列車なしにも関わらず低速3.6km/hの惰行が続き、ちんたら運転と判定されたため即reward0.0ルールが適用された。
189.59999999999832,Train11,次駅への減速フェーズ（駅手前400m以内）,ブレーキ（減速）中,0.1,惰行,0.1,70.0,70.0,3.5789329020685887,70.0,22.378297281214543,0.0,0.611145521975316,0.0,9.2,この先制限速度なし,この先目立った勾配なし,先行列車なし,後続列車なし,0.0,ブレーキ中にdelta_stopが5m超で大幅減点、かつ保持時間が2秒未満のノコギリ運転で上限0.0と判断したため。
189.6999999999983,Train11,次駅への減速フェーズ（駅手前400m以内）,惰行中,0.1,ブレーキ（減速）,0.1,70.0,70.0,3.451337956391092,70.0,22.28083187321417,0.0,0.5683606467984502,0.0,9.2,この先制限速度なし,この先目立った勾配なし,先行列車なし,後続列車なし,0.0,次駅減速フェーズで先行列車不在にも関わらず低速3.5km/hの惰行がちんたら運転と判定され、即reward0.0ルールに該当したため0.0とした。
189.7999999999983,Train11,次駅への減速フェーズ（駅手前400m以内）,力行（加速）中,0.1,惰行,0.1,70.0,70.0,3.410151373317315,70.0,22.18559062276526,0.0,0.5548812358150725,0.0,9.2,この先制限速度なし,この先目立った勾配なし,先行列車なし,後続列車なし,0.0,次駅減速フェーズで低速のまま力行を続けたため『ちんたら運転』に該当し、即時0点ルールが適用され評価は0.0となった。
189.8999999999983,Train11,次駅への減速フェーズ（駅手前400m以内）,ブレーキ（減速）中,0.1,力行（加速）,0.1,70.0,70.0,3.6764267891972557,70.0,22.086792835001035,0.0,0.6448824221464068,0.0,9.2,この先制限速度なし,この先目立った勾配なし,先行列車なし,後続列車なし,0.0,ブレーキ開始がdelta_stop 21.44mと遠く、駅手前で停止する可能性が高く即時0点ルールに該当するためreward=0.0とした。
189.9999999999983,Train11,次駅への減速フェーズ（駅手前400m以内）,惰行中,0.1,ブレーキ（減速）,0.1,70.0,70.0,3.5488226164977617,70.0,21.98661940456148,0.0,0.6009091642785612,0.0,9.2,この先制限速度なし,この先目立った勾配なし,先行列車なし,後続列車なし,0.0,次駅減速フェーズで先行列車なしにも関わらず3.5km/hの低速惰行を続けたため即時0点ルールに該当し、rewardは0.0とした。
190.0999999999983,Train11,次駅への減速フェーズ（駅手前400m以内）,ブレーキ（減速）中,0.1,惰行,0.1,70.0,70.0,3.5076268451062025,70.0,21.888670387305353,0.0,0.587044107360996,0.0,9.2,この先制限速度なし,この先目立った勾配なし,先行列車なし,後続列車なし,0.0,保持時間が7秒未満で惰行→ブレーキへの不合理な切替がノコギリ運転と判定され、上限が0.0点となった。
190.19999999999828,Train11,次駅への減速フェーズ（駅手前400m以内）,惰行中,0.1,ブレーキ（減速）,0.1,70.0,70.0,3.3800386216558835,70.0,21.79318560031973,0.0,0.5451283300639298,0.0,9.2,この先制限速度なし,この先目立った勾配なし,先行列車なし,後続列車なし,0.0,次駅減速フェーズで先行列車なしの状態で低速3.4km/hのまま惰行を続けたため、ちんたら運転と判定し即時0点とした。
190.29999999999828,Train11,次駅への減速フェーズ（駅手前400m以内）,力行（加速）中,0.1,惰行,0.1,70.0,70.0,3.338858732508844,70.0,21.69992478464522,0.0,0.531930888594868,0.0,9.2,この先制限速度なし,この先目立った勾配なし,先行列車なし,後続列車なし,0.0,低速で加速し続けるちんたら運転が即時0点条件に該当し、rewardは0.0とした。
190.39999999999827,Train11,次駅への減速フェーズ（駅手前400m以内）,ブレーキ（減速）中,0.1,力行（加速）,0.1,70.0,70.0,3.605514470190883,70.0,21.603101533077762,0.0,0.6202540412833859,0.0,9.2,この先制限速度なし,この先目立った勾配なし,先行列車なし,後続列車なし,0.0,ブレーキ中にdelta_stopが20.98mで5m超の大幅減点、さらに力行→減速の0.1秒切替がノコギリ運転と判定され上限0.0点となったためreward=0.0。
190.49999999999827,Train11,次駅への減速フェーズ（駅手前400m以内）,惰行中,0.1,ブレーキ（減速）,0.1,70.0,70.0,3.4779170129016683,70.0,21.50489778659548,0.0,0.5771451705542384,0.0,9.2,この先制限速度なし,この先目立った勾配なし,先行列車なし,後続列車なし,0.0,先行列車なしの減速フェーズで、現在速度3.5km/hのまま惰行を続けたため、即reward0.0ルールの「ちんたら運転」に該当し、評価は0.0点とした。
190.59999999999826,Train11,次駅への減速フェーズ（駅手前400m以内）,ブレーキ（減速）中,0.1,惰行,0.1,70.0,70.0,3.436727928767657,70.0,21.40891826724456,0.0,0.5635606243215923,0.0,9.2,この先制限速度なし,この先目立った勾配なし,先行列車なし,後続列車なし,0.0,ブレーキが停止点より20m前に開始され、delta_stop>5mで大幅減点、かつノコギリ運転（保持時間0.1秒）に該当するためrewardは0.0となる。
190.69999999999825,Train11,次駅への減速フェーズ（駅手前400m以内）,惰行中,0.1,ブレーキ（減速）,0.1,70.0,70.0,3.3091463671116457,70.0,21.315402792730254,0.0,0.5225089551304922,0.0,9.2,この先制限速度なし,この先目立った勾配なし,先行列車なし,後続列車なし,0.0,低速3.3km/hで先行列車なしの減速フェーズに惰行を続け、必要なブレーキを行わなかったためちんたら運転と判定し即時0点とした。
190.79999999999825,Train11,次駅への減速フェーズ（駅手前400m以内）,ブレーキ（減速）中,0.1,惰行,0.1,70.0,70.0,3.2679731116262674,70.0,21.22411110497069,0.0,0.5095917872187745,0.0,9.2,この先制限速度なし,この先目立った勾配なし,先行列車なし,後続列車なし,0.0,ブレーキが停止位置から20m以上手前で開始され、0.1秒のノコギリ運転と判定され即時0点上限となるためreward=0.0。
190.89999999999824,Train11,次駅への減速フェーズ（駅手前400m以内）,惰行中,0.1,ブレーキ（減速）,0.1,70.0,70.0,3.1404073180357646,70.0,21.13528302314549,0.0,0.47059661351706383,0.0,9.2,この先制限速度なし,この先目立った勾配なし,先行列車なし,後続列車なし,0.0,低速で惰行し続けるちんたら運転とノコギリ運転が即0点規則に該当するため、rewardは0.0とした。
190.99999999999824,Train11,次駅への減速フェーズ（駅手前400m以内）,力行（加速）中,0.1,惰行,0.1,70.0,70.0,3.0992497636788534,70.0,21.04867829124757,0.0,0.4583462158038868,0.0,9.2,この先制限速度なし,この先目立った勾配なし,先行列車なし,後続列車なし,0.0,次駅減速フェーズで先行列車なしの低速3.1km/hで加速を続けたため即reward0.0ルールのちんたら運転に該当し、評価は0.0とした。
191.09999999999823,Train11,次駅への減速フェーズ（駅手前400m以内）,ブレーキ（減速）中,0.1,力行（加速）,0.1,70.0,70.0,3.367183571305194,70.0,20.95849130327565,0.0,0.5409911596343469,0.0,9.2,この先制限速度なし,この先目立った勾配なし,先行列車なし,後続列車なし,0.0,ブレーキが早すぎて|delta_stop|が5m超過し停止位置に到達できないため、rewardを0.0とした。
191.19999999999823,Train11,次駅への減速フェーズ（駅手前400m以内）,惰行中,0.1,ブレーキ（減速）,0.1,70.0,70.0,3.2396085228052938,70.0,20.8669075168757,0.0,0.5007870273779921,0.0,9.2,この先制限速度なし,この先目立った勾配なし,先行列車なし,後続列車なし,0.0,次駅減速フェーズで先行列車不在にも関わらず3.2km/hの低速のまま惰行を続けたため、即reward0.0ルールの「ちんたら運転」に該当し、評価は0.0とした。
191.29999999999822,Train11,次駅への減速フェーズ（駅手前400m以内）,ブレーキ（減速）中,0.1,惰行,0.1,70.0,70.0,3.198441752886858,70.0,20.77754733678816,0.0,0.4881446827702904,0.0,9.2,この先制限速度なし,この先目立った勾配なし,先行列車なし,後続列車なし,0.0,ブレーキが0.1秒で切り替わり、保持時間が7秒未満の反転操作でノコギリ運転と判定され、上限が0.0点となったため。
191.39999999999822,Train11,次駅への減速フェーズ（駅手前400m以内）,惰行中,0.1,ブレーキ（減速）,0.1,70.0,70.0,3.0708824199116367,70.0,20.69065058280728,0.0,0.4499967674447707,0.0,9.2,この先制限速度なし,この先目立った勾配なし,先行列車なし,後続列車なし,0.0,次駅減速フェーズで先行列車なしにも関わらず低速3.1km/hで惰行を続けたため「ちんたら運転」と判定し、即時0点ルールが適用された。
191.4999999999982,Train11,次駅への減速フェーズ（駅手前400m以内）,力行（加速）中,0.1,惰行,0.1,70.0,70.0,3.029731298600313,70.0,20.605976999760856,0.0,0.4380209659218159,0.0,9.2,この先制限速度なし,この先目立った勾配なし,先行列車なし,後続列車なし,0.0,次駅減速フェーズで低速のまま加速し、先行列車不在のちんたら運転と判定されたため即時0点とした。
191.5999999999982,Train11,次駅への減速フェーズ（駅手前400m以内）,ブレーキ（減速）中,0.1,力行（加速）,0.1,70.0,70.0,3.2980358698047185,70.0,20.517715411465076,0.0,0.5190073749734971,0.0,9.2,この先制限速度なし,この先目立った勾配なし,先行列車なし,後続列車なし,0.0,ブレーキが過早に掛かりdelta_stopが20mで停止位置が大幅に遅れ、かつ0.1秒のノコギリ運転と判定されたためrewardは0.0。
191.6999999999982,Train11,次駅への減速フェーズ（駅手前400m以内）,惰行中,0.1,ブレーキ（減速）,0.1,70.0,70.0,3.170467276337579,70.0,20.428052295841326,0.0,0.47964587205643544,0.0,9.2,この先制限速度なし,この先目立った勾配なし,先行列車なし,後続列車なし,0.0,次駅減速フェーズで先行列車なしにも関わらず低速3.2km/hで惰行を続け、delta_stopが大きくブレーキ未実施のためちんたら運転と判定し即時0点とした。
191.7999999999982,Train11,次駅への減速フェーズ（駅手前400m以内）,ブレーキ（減速）中,0.1,惰行,0.1,70.0,70.0,3.12930693402596,70.0,20.340612607704145,0.0,0.46727672409254317,0.0,9.2,この先制限速度なし,この先目立った勾配なし,先行列車なし,後続列車なし,0.0,ブレーキが停止位置から約20m前に開始され、過剰減速と0.1秒のノコギリ運転により安全・効率が損なわれたためrewardは0.0とした。
191.8999999999982,Train11,次駅への減速フェーズ（駅手前400m以内）,惰行中,0.1,ブレーキ（減速）,0.1,70.0,70.0,3.001754003854043,70.0,20.255636167444635,0.0,0.42997118388534555,0.0,9.2,この先制限速度なし,この先目立った勾配なし,先行列車なし,後続列車なし,0.0,低速3km/hで惰行し続けるちんたら運転と、保持時間が7秒未満のノコギリ運転が判定され、即時0点規則に該当するためrewardは0.0。
191.99999999999818,Train11,次駅への減速フェーズ（駅手前400m以内）,力行（加速）中,0.1,惰行,0.1,70.0,70.0,2.9606092579393724,70.0,20.1728827207468,0.0,0.41826831884810023,0.0,9.2,この先制限速度なし,この先目立った勾配なし,先行列車なし,後続列車なし,0.0,次駅減速フェーズで低速3km/hのまま加速しブレーキをかけずに力行したため、即時0点ルールのちんたら運転に該当し、ノコギリ運転でもあるのでrewardは0.0とした。
192.09999999999818,Train11,次駅への減速フェーズ（駅手前400m以内）,ブレーキ（減速）中,0.1,力行（加速）,0.1,70.0,70.0,3.2292824576562595,70.0,20.086535552977125,0.0,0.497600709602734,0.0,9.2,この先制限速度なし,この先目立った勾配なし,先行列車なし,後続列車なし,0.0,ブレーキ開始が早すぎてdelta_stopが19.6mとなり停止位置が不可能で、保持時間0.1秒の反転がノコギリ運転と判定され上限0.0点となった。
192.19999999999817,Train11,次駅への減速フェーズ（駅手前400m以内）,惰行中,0.1,ブレーキ（減速）,0.1,70.0,70.0,3.1017202616783033,70.0,19.99878215652373,0.0,0.45907699585332895,0.0,9.2,この先制限速度なし,この先目立った勾配なし,先行列車なし,後続列車なし,0.0,次駅減速フェーズで先行列車なしの低速惰行がちんたら運転と判定され、即時0点とした。
192.29999999999816,Train11,次駅への減速フェーズ（駅手前400m以内）,ブレーキ（減速）中,0.1,惰行,0.1,70.0,70.0,3.060566289592085,70.0,19.913252010329785,0.0,0.44697940691143856,0.0,9.2,この先制限速度なし,この先目立った勾配なし,先行列車なし,後続列車なし,0.0,次駅減速フェーズでブレーキ開始が早すぎ、delta_stopが19.47mで停止位置が確保できず、ノコギリ運転（0.1秒切替）によりreward上限0.0と判断した。
192.39999999999816,Train11,次駅への減速フェーズ（駅手前400m以内）,惰行中,0.1,ブレーキ（減速）,0.1,70.0,70.0,2.9330197049892393,70.0,19.83018493537969,0.0,0.4105113609051339,0.0,9.2,この先制限速度なし,この先目立った勾配なし,先行列車なし,後続列車なし,0.0,次駅減速フェーズで低速2.9km/hのまま惰行し続けたことと、0.2秒のノコギリ運転が即時0点ルールに該当するためrewardは0.0とした。
192.49999999999815,Train11,次駅への減速フェーズ（駅手前400m以内）,力行（加速）中,0.1,惰行,0.1,70.0,70.0,2.8918812773989786,70.0,19.749340678202998,0.0,0.3990798193237228,0.0,9.2,この先制限速度なし,この先目立った勾配なし,先行列車なし,後続列車なし,0.0,次駅減速フェーズで先行列車なしの低速2.9km/hで加速を続けたことが「ちんたら運転」とみなされ、即時0点対象となった。
192.59999999999815,Train11,次駅への減速フェーズ（駅手前400m以内）,ブレーキ（減速）中,0.1,力行（加速）,0.1,70.0,70.0,3.1609209835275505,70.0,19.664897017289462,0.0,0.4767627210975349,0.0,9.2,この先制限速度なし,この先目立った勾配なし,先行列車なし,後続列車なし,0.0,ブレーキが過度に早く、駅手前で停止が確実となり即時0点ルールに該当するためrewardは0.0とした。
192.69999999999814,Train11,次駅への減速フェーズ（駅手前400m以内）,惰行中,0.1,ブレーキ（減速）,0.1,70.0,70.0,3.033365128068659,70.0,19.57904245371722,0.0,0.43907198592397745,0.0,9.2,この先制限速度なし,この先目立った勾配なし,先行列車なし,後続列車なし,0.0,低速3km/hで惰行し続けブレーキ未実施のちんたら運転かつ0.1秒のノコギリ運転に該当し、即時0点と判断した。
192.79999999999814,Train11,次駅への減速フェーズ（駅手前400m以内）,ブレーキ（減速）中,0.1,惰行,0.1,70.0,70.0,2.99221746939884,70.0,19.49541096475116,0.0,0.42724432632886344,0.0,9.2,この先制限速度なし,この先目立った勾配なし,先行列車なし,後続列車なし,0.0,惰行からブレーキへの短時間切替が合理的根拠なく行われ、ノコギリ運転と判定され上限0.0点となったため。
192.89999999999813,Train11,次駅への減速フェーズ（駅手前400m以内）,惰行中,0.1,ブレーキ（減速）,0.1,70.0,70.0,2.864677173702284,70.0,19.41424237196543,0.0,0.39160896129413225,0.0,9.2,この先制限速度なし,この先目立った勾配なし,先行列車なし,後続列車なし,0.0,次駅減速フェーズで先行列車なしの低速2.9km/hで惰行を続け、ブレーキ未実施のまま停止位置に向かうちんたら運転と判定し、即時0点とした。
192.99999999999812,Train11,次駅への減速フェーズ（駅手前400m以内）,ブレーキ（減速）中,0.1,惰行,0.1,70.0,70.0,2.8235450079345954,70.0,19.335296422745785,0.0,0.3804471196230748,0.0,9.2,この先制限速度なし,この先目立った勾配なし,先行列車なし,後続列車なし,0.0,ブレーキが0.1秒で開始され、前の惰行が0.1秒と保持時間が7秒未満で反転し、かつ停止位置が遠く早すぎるためノコギリ運転と判定し上限0点となった。
193.09999999999812,Train11,次駅への減速フェーズ（駅手前400m以内）,惰行中,0.1,ブレーキ（減速）,0.1,70.0,70.0,2.696020144677793,70.0,19.25881294011944,0.0,0.34686647528971654,0.0,9.2,この先制限速度なし,この先目立った勾配なし,先行列車なし,後続列車なし,0.0,次駅減速フェーズで低速(2.7km/h)のまま惰行を続け、先行列車不在にも関わらず停止位置へ向かうちんたら運転と判定され、即時0点ルールが適用されたためreward=0.0。
193.1999999999981,Train11,次駅への減速フェーズ（駅手前400m以内）,力行（加速）中,0.1,惰行,0.1,70.0,70.0,2.65490334453614,70.0,19.18455167353983,0.0,0.33636986804184826,0.0,9.2,この先制限速度なし,この先目立った勾配なし,先行列車なし,後続列車なし,0.0,次駅減速フェーズで速度2.7km/hの低速のまま力行を続け、ブレーキをかけずに駅へ向かうことはちんたら運転と判断され、即座に0点とした。
193.2999999999981,Train11,次駅への減速フェーズ（駅手前400m以内）,ブレーキ（減速）中,0.1,力行（加速）,0.1,70.0,70.0,2.9252066280098616,70.0,19.106671413485543,0.0,0.40832785387188214,0.0,9.2,この先制限速度なし,この先目立った勾配なし,先行列車なし,後続列車なし,0.0,ブレーキ中にΔstopが18.7mで5m超過し停止位置が大幅に遅れ、かつ0.1秒の力行→ブレーキ反転がノコギリ運転と判定されたためrewardは0.0とする。
193.3999999999981,Train11,次駅への減速フェーズ（駅手前400m以内）,惰行中,0.1,ブレーキ（減速）,0.1,70.0,70.0,2.7976724782714637,70.0,19.027364138985092,0.0,0.3735088443063792,0.0,9.2,この先制限速度なし,この先目立った勾配なし,先行列車なし,後続列車なし,0.0,次駅減速フェーズで低速(2.8km/h)のまま惰行を続けたことが即reward0.0ルール(ちんたら運転)に該当し、評価は0.0とした。
193.4999999999981,Train11,次駅への減速フェーズ（駅手前400m以内）,ブレーキ（減速）中,0.1,惰行,0.1,70.0,70.0,2.7565464319138466,70.0,18.95027933777982,0.0,0.3626113480988664,0.0,9.2,この先制限速度なし,この先目立った勾配なし,先行列車なし,後続列車なし,0.0,ブレーキが停止位置から遠く離れた状態でかかっておりdelta_stopが5m超で大幅減点、かつノコギリ運転と判定されたためrewardは0.0とした。
193.5999999999981,Train11,次駅への減速フェーズ（駅手前400m以内）,惰行中,0.1,ブレーキ（減速）,0.1,70.0,70.0,2.6290276640602674,70.0,18.87565683350445,0.0,0.32984676507497146,0.0,9.2,この先制限速度なし,この先目立った勾配なし,先行列車なし,後続列車なし,0.0,低速で惰行し続けるちんたら運転が即0点対象となったためreward=0.0
193.69999999999808,Train11,次駅への減速フェーズ（駅手前400m以内）,力行（加速）中,0.1,惰行,0.1,70.0,70.0,2.587916932792109,70.0,18.803256376418886,0.0,0.3196142788458555,0.0,9.2,この先制限速度なし,この先目立った勾配なし,先行列車なし,後続列車なし,0.0,低速(2.6km/h)のまま加速し続けることは次駅減速フェーズでのちんたら運転とみなされ、即時0点規則に該当するためrewardは0.0とした。
193.79999999999808,Train11,次駅への減速フェーズ（駅手前400m以内）,ブレーキ（減速）中,0.1,力行（加速）,0.1,70.0,70.0,2.8585773467069604,70.0,18.727231389679133,0.0,0.389943494578907,0.0,9.2,この先制限速度なし,この先目立った勾配なし,先行列車なし,後続列車なし,0.0,次駅減速フェーズでdelta_stopが18mと大きく停止位置が確保できず、さらに0.1秒の力行→ブレーキ反転がノコギリ運転に該当するためrewardは0.0とした。
193.89999999999807,Train11,次駅への減速フェーズ（駅手前400m以内）,惰行中,0.1,ブレーキ（減速）,0.1,70.0,70.0,2.731049288457002,70.0,18.649774835392208,0.0,0.355936130953129,0.0,9.2,この先制限速度なし,この先目立った勾配なし,先行列車なし,後続列車なし,0.0,次駅減速フェーズで先行列車なしにも関わらず速度2.7km/hのまま惰行を続けたため即時0点ルール（ちんたら運転）に該当し、rewardは0.0とした。
193.99999999999807,Train11,次駅への減速フェーズ（駅手前400m以内）,ブレーキ（減速）中,0.1,惰行,0.1,70.0,70.0,2.6899293071962345,70.0,18.57454058566077,0.0,0.3453013904459557,0.0,9.2,この先制限速度なし,この先目立った勾配なし,先行列車なし,後続列車なし,0.0,0.1秒の惰行から0.1秒のブレーキへの不合理な切替がノコギリ運転と判定され、上限が0.0点となったため。
194.09999999999806,Train11,次駅への減速フェーズ（駅手前400m以内）,惰行中,0.1,ブレーキ（減速）,0.1,70.0,70.0,2.5624165805746553,70.0,18.501768464691537,0.0,0.3133482022436919,0.0,9.2,この先制限速度なし,この先目立った勾配なし,先行列車なし,後続列車なし,0.0,低速(2.6km/h)で惰行を続け、先行列車なしの減速フェーズで停車位置へ向かうちんたら運転とノコギリ運転が判定されたため即時0点とする。
194.19999999999806,Train11,次駅への減速フェーズ（駅手前400m以内）,力行（加速）中,0.1,惰行,0.1,70.0,70.0,2.5213118641650993,70.0,18.431218223557977,0.0,0.3033782609157648,0.0,9.2,この先制限速度なし,この先目立った勾配なし,先行列車なし,後続列車なし,0.0,次駅減速フェーズで低速のまま加速し、停止位置へ向かうちんたら運転とノコギリ運転が判定され、即0点規則に該当するためrewardは0.0。
194.29999999999805,Train11,次駅への減速フェーズ（駅手前400m以内）,ブレーキ（減速）中,0.1,力行（加速）,0.1,70.0,70.0,2.7923273561106687,70.0,18.35703794863619,0.0,0.37208338839924027,0.0,9.2,この先制限速度なし,この先目立った勾配なし,先行列車なし,後続列車なし,0.0,保持時間0.1秒で力行→ブレーキへの反転がノコギリ運転と判定され、上限0.0点のためrewardは0.0とした。
194.39999999999804,Train11,次駅への減速フェーズ（駅手前400m以内）,惰行中,0.1,ブレーキ（減速）,0.1,70.0,70.0,2.664805335419524,70.0,18.28142157954815,0.0,0.33888298864268374,0.0,9.2,この先制限速度なし,この先目立った勾配なし,先行列車なし,後続列車なし,0.0,低速(2.7km/h)で惰行し続けるちんたら運転かつ2秒未満のノコギリ運転と判定され、即0点規則が適用されたため0.0とした。
194.49999999999804,Train11,次駅への減速フェーズ（駅手前400m以内）,ブレーキ（減速）中,0.1,惰行,0.1,70.0,70.0,2.6236913654814704,70.0,18.208027347746736,0.0,0.328509456367109,0.0,9.2,この先制限速度なし,この先目立った勾配なし,先行列車なし,後続列車なし,0.0,0.1秒の惰行から0.1秒のブレーキへの短時間反転が2秒未満のノコギリ運転に該当し、上限0.0点となったため。
194.59999999999803,Train11,次駅への減速フェーズ（駅手前400m以内）,惰行中,0.1,ブレーキ（減速）,0.1,70.0,70.0,2.4961846264588328,70.0,18.137095078039067,0.0,0.29736299301947267,0.0,9.2,この先制限速度なし,この先目立った勾配なし,先行列車なし,後続列車なし,0.0,次駅減速フェーズで先行列車なしにも関わらず低速2.5km/hの惰行を続け、停止位置へ進むちんたら運転と判定され即時0点規則が適用されたためrewardは0.0とした。
194.69999999999803,Train11,次駅への減速フェーズ（駅手前400m以内）,力行（加速）中,0.1,惰行,0.1,70.0,70.0,2.4550858714301476,70.0,18.06838452230153,0.0,0.2876540175200114,0.0,9.2,この先制限速度なし,この先目立った勾配なし,先行列車なし,後続列車なし,0.0,次駅減速フェーズで低速2.5km/hのまま加速し、ちんたら運転と判定されたため即0点とした。
194.79999999999802,Train11,次駅への減速フェーズ（駅手前400m以内）,ブレーキ（減速）中,0.1,力行（加速）,0.1,70.0,70.0,2.72645440141278,70.0,17.996038460506014,0.0,0.3547397684633919,0.0,9.2,この先制限速度なし,この先目立った勾配なし,先行列車なし,後続列車なし,0.0,0.1秒の力行→ブレーキ反転がノコギリ運転と判定され、報酬上限が0.0点となる。
194.89999999999802,Train11,次駅への減速フェーズ（駅手前400m以内）,惰行中,0.1,ブレーキ（減速）,0.1,70.0,70.0,2.598938364885071,70.0,17.922251804197487,0.0,0.322341710676485,0.0,9.2,この先制限速度なし,この先目立った勾配なし,先行列車なし,後続列車なし,0.0,次駅減速フェーズで先行列車なしにも関わらず速度2.6km/hのまま惰行を続けたため、即reward0.0ルールに該当し0.0とした。
194.999999999998,Train11,次駅への減速フェーズ（駅手前400m以内）,ブレーキ（減速）中,0.1,惰行,0.1,70.0,70.0,2.557830353028842,70.0,17.85068711941662,0.0,0.31222782913214914,0.0,9.2,この先制限速度なし,この先目立った勾配なし,先行列車なし,後続列車なし,0.0,0.1秒の惰行から0.1秒のブレーキへの短時間切替がノコギリ運転と判定され、上限0.0点となったためrewardは0.0。
195.099999999998,Train11,次駅への減速フェーズ（駅手前400m以内）,惰行中,0.1,ブレーキ（減速）,0.1,70.0,70.0,2.430329548504423,70.0,17.781584231517655,0.0,0.28188343072401256,0.0,9.2,この先制限速度なし,この先目立った勾配なし,先行列車なし,後続列車なし,0.0,次駅減速フェーズで先行列車なしにも関わらず低速2.4km/hで惰行し続けたため、ちんたら運転とみなされ即時0点と判断した。
195.199999999998,Train11,次駅への減速フェーズ（駅手前400m以内）,力行（加速）中,0.1,惰行,0.1,70.0,70.0,2.389236701910216,70.0,17.71470289320831,0.0,0.272433888218077,0.0,9.2,この先制限速度なし,この先目立った勾配なし,先行列車なし,後続列車なし,0.0,次駅減速フェーズで先行列車なしにも関わらず低速(2.4km/h)のまま力行を続けたため、ちんたら運転とみなされ即時0点とした。
195.299999999998,Train11,次駅への減速フェーズ（駅手前400m以内）,ブレーキ（減速）中,0.1,力行（加速）,0.1,70.0,70.0,2.660956242270977,70.0,17.64418060823303,0.0,0.3379049799812071,0.0,9.2,この先制限速度なし,この先目立った勾配なし,先行列車なし,後続列車なし,0.0,ブレーキがdelta_stop 17.31mで早すぎ、停止位置が達成できず、かつ2回のノッチ切替が7秒未満のノコギリ運転と判定されたためrewardは0.0とした。
195.399999999998,Train11,次駅への減速フェーズ（駅手前400m以内）,惰行中,0.1,ブレーキ（減速）,0.1,70.0,70.0,2.533446137039793,70.0,17.572213254531732,0.0,0.30630466752897245,0.0,9.2,この先制限速度なし,この先目立った勾配なし,先行列車なし,後続列車なし,0.0,低速(2.5km/h)で惰行し続け、先行列車不在の次駅減速フェーズで停止位置が確保できず、即時0点ルール(ちんたら運転)に該当したためreward=0.0とした。
195.49999999999798,Train11,次駅への減速フェーズ（駅手前400m以内）,ブレーキ（減速）中,0.1,惰行,0.1,70.0,70.0,2.492344030551977,70.0,17.50246770804864,0.0,0.2964488865555406,0.0,9.2,この先制限速度なし,この先目立った勾配なし,先行列車なし,後続列車なし,0.0,ブレーキが停止位置より遠くで開始され早すぎ、停止位置達成が不可能で短時間のノコギリ運転と判定され上限0点となった。
195.59999999999798,Train11,次駅への減速フェーズ（駅手前400m以内）,惰行中,0.1,ブレーキ（減速）,0.1,70.0,70.0,2.3648491079516236,70.0,17.435183794724196,0.0,0.26690195617537144,0.0,9.2,この先制限速度なし,この先目立った勾配なし,先行列車なし,後続列車なし,0.0,次駅減速フェーズで先行列車なしにも関わらず低速2.4km/hの惰行はちんたら運転とみなされ、即reward0.0ルールが適用されるため評価は0.0となる。
195.69999999999797,Train11,次駅への減速フェーズ（駅手前400m以内）,力行（加速）中,0.1,惰行,0.1,70.0,70.0,2.3237621173710785,70.0,17.37012126804771,0.0,0.25771030168040093,0.0,9.2,この先制限速度なし,この先目立った勾配なし,先行列車なし,後続列車なし,0.0,次駅減速フェーズで低速2.3km/hのまま力行し、即reward0.0条件のちんたら運転に該当するため0.0とした。
195.79999999999797,Train11,次駅への減速フェーズ（駅手前400m以内）,ブレーキ（減速）中,0.1,力行（加速）,0.1,70.0,70.0,2.595830652704341,70.0,17.30141238556726,0.0,0.3215714845425811,0.0,9.2,この先制限速度なし,この先目立った勾配なし,先行列車なし,後続列車なし,0.0,次駅減速フェーズでブレーキ開始が早すぎて停止位置が達成できず、0.1秒以下の力行→ブレーキ切替がノコギリ運転と判定され上限0点となった。
195.89999999999796,Train11,次駅への減速フェーズ（駅手前400m以内）,惰行中,0.1,ブレーキ（減速）,0.1,70.0,70.0,2.468326426425526,70.0,17.231253986121686,0.0,0.29076431753760584,0.0,9.2,この先制限速度なし,この先目立った勾配なし,先行列車なし,後続列車なし,0.0,次駅減速フェーズで先行列車なしの低速惰行はちんたら運転とみなされ、即時0点規則が適用されるためrewardは0.0となる。
195.99999999999795,Train11,次駅への減速フェーズ（駅手前400m以内）,ブレーキ（減速）中,0.1,惰行,0.1,70.0,70.0,2.4272301731144825,70.0,17.163317231041475,0.0,0.2811650966399071,0.0,9.2,この先制限速度なし,この先目立った勾配なし,先行列車なし,後続列車なし,0.0,保持時間が7秒未満で惰行→減速への不合理な切替があり、ノコギリ運転と判定され上限0.0点となり、駅手前で過度に減速して停車位置遅れが生じたため評価は0.0です。
196.09999999999795,Train11,次駅への減速フェーズ（駅手前400m以内）,惰行中,0.1,ブレーキ（減速）,0.1,70.0,70.0,2.299741080384914,70.0,17.09784194682129,0.0,0.2524110771101478,0.0,9.2,この先制限速度なし,この先目立った勾配なし,先行列車なし,後続列車なし,0.0,次駅減速フェーズで先行列車なしにも関わらず速度2.3km/hのまま惰行を続けたため、即reward0.0ルールのちんたら運転に該当し0点とした。
196.19999999999794,Train11,次駅への減速フェーズ（駅手前400m以内）,ブレーキ（減速）中,0.1,惰行,0.1,70.0,70.0,2.2586598939171063,70.0,17.03458788776402,0.0,0.24347577590418784,0.0,9.2,この先制限速度なし,この先目立った勾配なし,先行列車なし,後続列車なし,0.0,ブレーキが過早に開始されdelta_stopが16.79mで駅手前に停止するため即時0点ルールとノコギリ運転が適用され、rewardは0.0とした。
196.29999999999794,Train11,次駅への減速フェーズ（駅手前400m以内）,惰行中,0.1,ブレーキ（減速）,0.1,70.0,70.0,2.131185807718093,70.0,16.97379488181383,0.0,0.21677422994978457,0.0,9.2,この先制限速度なし,この先目立った勾配なし,先行列車なし,後続列車なし,0.0,低速で惰行し続けたことがちんたら運転とノコギリ運転に該当し、即時0点規則によりreward=0.0とした。
196.39999999999793,Train11,次駅への減速フェーズ（駅手前400m以内）,力行（加速）中,0.1,惰行,0.1,70.0,70.0,2.0901195611199967,70.0,16.91522268533774,0.0,0.20850227953360917,0.0,9.2,この先制限速度なし,この先目立った勾配なし,先行列車なし,後続列車なし,0.0,次駅減速フェーズで先行列車なしの低速2.1km/hで力行したため、即reward0.0ルールのちんたら運転に該当し0点とした。
196.49999999999793,Train11,次駅への減速フェーズ（駅手前400m以内）,ブレーキ（減速）中,0.1,力行（加速）,0.1,70.0,70.0,2.3634333145956354,70.0,16.852984835090012,0.0,0.26658254814638616,0.0,9.2,この先制限速度なし,この先目立った勾配なし,先行列車なし,後続列車なし,0.0,ブレーキが停止位置から16.6m前に開始され早すぎ、停止位置達成が不可能で、0.1秒の力行→ブレーキの反転がノコギリ運転と判定され上限0点となった。
196.59999999999792,Train11,次駅への減速フェーズ（駅手前400m以内）,惰行中,0.1,ブレーキ（減速）,0.1,70.0,70.0,2.2359499158344502,70.0,16.789281598754258,0.0,0.23860534806288297,0.0,9.2,この先制限速度なし,この先目立った勾配なし,先行列車なし,後続列車なし,0.0,先行列車なしで速度2.2km/hのまま惰行を続けたことが「ちんたら運転」とみなされ、即時0点規則が適用されるため。
196.6999999999979,Train11,次駅への減速フェーズ（駅手前400m以内）,ブレーキ（減速）中,0.1,惰行,0.1,70.0,70.0,2.19487439810277,70.0,16.727799429851586,0.0,0.2299211376470642,0.0,9.2,この先制限速度なし,この先目立った勾配なし,先行列車なし,後続列車なし,0.0,ブレーキが停止位置から16.5 m離れた状態で開始され、δ_stop>5 mで大幅減点、かつ2秒未満のノコギリ運転に該当するためrewardは0.0。
196.7999999999979,Train11,次駅への減速フェーズ（駅手前400m以内）,惰行中,0.1,ブレーキ（減速）,0.1,70.0,70.0,2.0674059578267596,70.0,16.668778156894604,0.0,0.20399617544098894,0.0,9.2,この先制限速度なし,この先目立った勾配なし,先行列車なし,後続列車なし,0.0,次駅減速フェーズで先行列車なしの低速惰行はちんたら運転と判定され、即reward0.0ルールに該当する。さらに、0.1秒のブレーキ→惰行反転でノコギリ運転とみなされ、評価を下げる要因となった。
196.8999999999979,Train11,次駅への減速フェーズ（駅手前400m以内）,力行（加速）中,0.1,惰行,0.1,70.0,70.0,2.0263453319364,70.0,16.611977537017708,0.0,0.19597512204455853,0.0,9.2,この先制限速度なし,この先目立った勾配なし,先行列車なし,後続列車なし,0.0,次駅減速フェーズで先行列車なしにも関わらず低速2 km/hのまま力行を続けたため、即reward0.0ルールの「ちんたら運転」に該当し評価は0.0とした。
196.9999999999979,Train11,次駅への減速フェーズ（駅手前400m以内）,ブレーキ（減速）中,0.1,力行（加速）,0.1,70.0,70.0,2.2999989344728506,70.0,16.551505997011162,0.0,0.252467669532271,0.0,9.2,この先制限速度なし,この先目立った勾配なし,先行列車なし,後続列車なし,0.0,ブレーキ開始が早すぎてΔstopが16.3mと大きく停止位置が逸脱し、0.1秒の力行→減速はノコギリ運転と判定されたためrewardは0.0とした。
197.0999999999979,Train11,次駅への減速フェーズ（駅手前400m以内）,惰行中,0.1,ブレーキ（減速）,0.1,70.0,70.0,2.1725211796765937,70.0,16.489564740478357,0.0,0.22526281689624347,0.0,9.2,この先制限速度なし,この先目立った勾配なし,先行列車なし,後続列車なし,0.0,次駅減速フェーズで先行列車なしにも関わらず速度2.2km/hのまま惰行し続けたため、即reward0.0ルールに該当し0.0とした。
197.19999999999789,Train11,次駅への減速フェーズ（駅手前400m以内）,ブレーキ（減速）中,0.1,惰行,0.1,70.0,70.0,2.131451280825651,70.0,16.429844395045023,0.0,0.21682822729232762,0.0,9.2,この先制限速度なし,この先目立った勾配なし,先行列車なし,後続列車なし,0.0,ブレーキがdelta_stop>5mで早すぎ、保持時間0.1秒の反転がノコギリ運転と判定され上限0.0点となったためrewardは0.0です。
197.29999999999788,Train11,次駅への減速フェーズ（駅手前400m以内）,惰行中,0.1,ブレーキ（減速）,0.1,70.0,70.0,2.0039884367515497,70.0,16.372584789763778,0.0,0.19167539358662405,0.0,9.2,この先制限速度なし,この先目立った勾配なし,先行列車なし,後続列車なし,0.0,次駅減速フェーズで先行列車なしにも関わらず2 km/hの惰行を続け、停止位置へ向けたブレーキ未実施のため即時0点ルールに該当し、rewardは0.0とした。
197.39999999999787,Train11,次駅への減速フェーズ（駅手前400m以内）,力行（加速）中,0.1,惰行,0.1,70.0,70.0,1.9629333819957473,70.0,16.31754568255417,0.0,0.18390373578838856,0.0,9.2,この先制限速度なし,この先目立った勾配なし,先行列車なし,後続列車なし,0.0,低速(2km/h)で加速を続けたことが「ちんたら運転」と判定され、即時0点規則に該当したため、評価は0.0点とした。
197.49999999999787,Train11,次駅への減速フェーズ（駅手前400m以内）,ブレーキ（減速）中,0.1,力行（加速）,0.1,70.0,70.0,2.2369248855139863,70.0,16.258830419261017,0.0,0.23881343171281874,0.0,9.2,この先制限速度なし,この先目立った勾配なし,先行列車なし,後続列車なし,0.0,ブレーキ開始が早すぎ(delta_stop>5m)かつ力行→減速の短時間切替でノコギリ運転と判定され、reward上限0.0となる。
197.59999999999786,Train11,次駅への減速フェーズ（駅手前400m以内）,惰行中,0.1,ブレーキ（減速）,0.1,70.0,70.0,2.1094527251710873,70.0,16.19864113409264,0.0,0.2123765108194691,0.0,9.2,この先制限速度なし,この先目立った勾配なし,先行列車なし,後続列車なし,0.0,次駅減速フェーズで低速惰行を続け、先行列車なしで停止位置へ向かうちんたら運転と判定し即時0点ルールが適用されたため。
197.69999999999786,Train11,次駅への減速フェーズ（駅手前400m以内）,ブレーキ（減速）中,0.1,惰行,0.1,70.0,70.0,2.0683883958364344,70.0,16.140672605054363,0.0,0.20419006113291602,0.0,9.2,この先制限速度なし,この先目立った勾配なし,先行列車なし,後続列車なし,0.0,次駅減速フェーズで必要距離より早くブレーキを開始し、|delta_stop|が5mを超えているため大幅減点とし0.0とした。
197.79999999999785,Train11,次駅への減速フェーズ（駅手前400m以内）,惰行中,0.1,ブレーキ（減速）,0.1,70.0,70.0,1.9409310987332271,70.0,16.08516466175658,0.0,0.1798049058427684,0.0,9.2,この先制限速度なし,この先目立った勾配なし,先行列車なし,後続列車なし,0.0,次駅減速フェーズで先行列車なしの低速惰行はちんたら運転とみなされ即時0点となる。
197.89999999999785,Train11,次駅への減速フェーズ（駅手前400m以内）,力行（加速）中,0.1,惰行,0.1,70.0,70.0,1.8998815660279402,70.0,16.03187706287912,0.0,0.17228118459498643,0.0,9.2,この先制限速度なし,この先目立った勾配なし,先行列車なし,後続列車なし,0.0,次駅減速フェーズで低速のまま加速し、保持時間2秒未満のノコギリ運転となっているため即時0点とした。
197.99999999999784,Train11,次駅への減速フェーズ（駅手前400m以内）,ブレーキ（減速）中,0.1,力行（加速）,0.1,70.0,70.0,2.1742090341788116,70.0,15.974908102180052,0.0,0.22561289569347043,0.0,9.2,この先制限速度なし,この先目立った勾配なし,先行列車なし,後続列車なし,0.0,駅手前で過度にブレーキし停止位置に到達できず、即reward0.0条件に該当したため0.0とした。
198.09999999999783,Train11,次駅への減速フェーズ（駅手前400m以内）,惰行中,0.1,ブレーキ（減速）,0.1,70.0,70.0,2.046742419264296,70.0,15.916460839193292,0.0,0.19993952379895158,0.0,9.2,この先制限速度なし,この先目立った勾配なし,先行列車なし,後続列車なし,0.0,低速で惰行し続け、先行列車不在の減速フェーズで停車位置へ進むちんたら運転で即時0点規則に該当したため。
198.19999999999783,Train11,次駅への減速フェーズ（駅手前400m以内）,ブレーキ（減速）中,0.1,惰行,0.1,70.0,70.0,2.0056836105671425,70.0,15.860234178731503,0.0,0.19199974288799548,0.0,9.2,この先制限速度なし,この先目立った勾配なし,先行列車なし,後続列車なし,0.0,次駅減速フェーズでブレーキ中だがdelta_stopが5m超で停止位置が遠すぎるため大幅減点し0.0とした。
198.29999999999782,Train11,次駅への減速フェーズ（駅手前400m以内）,力行（加速）中,0.1,ブレーキ（減速）,0.1,70.0,70.0,1.8782318116886185,70.0,15.806467950937986,0.0,0.16837787265304213,0.0,9.2,この先制限速度なし,この先目立った勾配なし,先行列車なし,後続列車なし,0.0,低速(1.9km/h)で力行し続けることは次駅減速フェーズでのちんたら運転とみなされ、即時0点ルールが適用される。
198.39999999999782,Train11,次駅への減速フェーズ（駅手前400m以内）,ブレーキ（減速）中,0.1,力行（加速）,0.1,70.0,70.0,2.1526746341803746,70.0,15.750098608599217,0.0,0.2211668146474352,0.0,9.2,この先制限速度なし,この先目立った勾配なし,先行列車なし,後続列車なし,0.0,保持時間が7秒未満で力行→ブレーキへの不合理な切替がノコギリ運転と判定され、上限0点となったためrewardは0.0。
198.4999999999978,Train11,次駅への減速フェーズ（駅手前400m以内）,惰行中,0.1,ブレーキ（減速）,0.1,70.0,70.0,2.025209919401367,70.0,15.692249494332344,0.0,0.195755607857978,0.0,9.2,この先制限速度なし,この先目立った勾配なし,先行列車なし,後続列車なし,0.0,次駅減速フェーズで先行列車なしにも関わらず2 km/hの低速で惰行を続けたためちんたら運転と判定し即0点とした。
198.5999999999978,Train11,次駅への減速フェーズ（駅手前400m以内）,ブレーキ（減速）中,0.1,惰行,0.1,70.0,70.0,1.984153002328459,70.0,15.63662092995699,0.0,0.1879005040106059,0.0,9.2,この先制限速度なし,この先目立った勾配なし,先行列車なし,後続列車なし,0.0,駅手前でブレーキをかけたため停止位置に到達できず、即時0点ルールに該当しreward=0.0とした。
198.6999999999978,Train11,次駅への減速フェーズ（駅手前400m以内）,力行（加速）中,0.1,ブレーキ（減速）,0.1,70.0,70.0,1.8567030873794559,70.0,15.583452745804749,0.0,0.16454071750120644,0.0,9.2,この先制限速度なし,この先目立った勾配なし,先行列車なし,後続列車なし,0.0,先行列車不在でdelta_stopが正のまま低速(1.9km/h)の力行を続け、停止位置へ向かうちんたら運転と判定し即時0点とした。
198.7999999999978,Train11,次駅への減速フェーズ（駅手前400m以内）,ブレーキ（減速）中,0.1,力行（加速）,0.1,70.0,70.0,2.1312606173205086,70.0,15.527679669766314,0.0,0.2167894455744268,0.0,9.2,この先制限速度なし,この先目立った勾配なし,先行列車なし,後続列車なし,0.0,ブレーキが必要距離よりはるか前に開始され、0.1秒の力行→減速がノコギリ運転と判定されたためrewardは0.0とする。
198.8999999999978,Train11,次駅への減速フェーズ（駅手前400m以内）,惰行中,0.1,ブレーキ（減速）,0.1,70.0,70.0,2.0037977900432637,70.0,15.47042536043719,0.0,0.1916389329824057,0.0,9.2,この先制限速度なし,この先目立った勾配なし,先行列車なし,後続列車なし,0.0,次駅減速フェーズで先行列車なしの低速2 km/hで惰行を続け、delta_stopが15 mと遠くブレーキ未実施のため即時0点ルールに該当し、rewardは0.0とした。
198.99999999999778,Train11,次駅への減速フェーズ（駅手前400m以内）,ブレーキ（減速）中,0.1,惰行,0.1,70.0,70.0,1.9627427520089678,70.0,15.415391548721402,0.0,0.18386802481044318,0.0,9.2,この先制限速度なし,この先目立った勾配なし,先行列車なし,後続列車なし,0.0,ブレーキ開始が早すぎてdelta_stopが15.23mと5mを超え、停止位置が大幅に前方になるため即時0点と判断した。
199.09999999999778,Train11,次駅への減速フェーズ（駅手前400m以内）,惰行中,0.1,ブレーキ（減速）,0.1,70.0,70.0,1.8352947084473945,70.0,15.362818065124628,0.0,0.16076885402825405,0.0,9.2,この先制限速度なし,この先目立った勾配なし,先行列車なし,後続列車なし,0.0,次駅減速フェーズで先行列車なしにも関わらず速度1.8km/hのまま惰行を続けたため、即reward0.0ルールの「ちんたら運転」に該当し0点とした。
199.19999999999777,Train11,次駅への減速フェーズ（駅手前400m以内）,ブレーキ（減速）中,0.1,惰行,0.1,70.0,70.0,1.7942543875462822,70.0,15.312464669641201,0.0,0.1536603511768297,0.0,9.2,この先制限速度なし,この先目立った勾配なし,先行列車なし,後続列車なし,0.0,ブレーキが停止位置から15m以上手前で開始され、保持時間0.1秒の反転でノコギリ運転と判定され上限0.0点となったためreward=0.0。
199.29999999999777,Train11,次駅への減速フェーズ（駅手前400m以内）,力行（加速）中,0.1,ブレーキ（減速）,0.1,70.0,70.0,1.6668210009251183,70.0,15.264571194251175,0.0,0.13261189523396352,0.0,9.2,この先制限速度なし,この先目立った勾配なし,先行列車なし,後続列車なし,0.0,低速（1.7km/h）で次駅減速フェーズに力行しブレーキ未実施のため即時0点ルールに該当し、運転は不適切と判断しrewardは0.0とした。
199.39999999999776,Train11,次駅への減速フェーズ（駅手前400m以内）,ブレーキ（減速）中,0.1,力行（加速）,0.1,70.0,70.0,1.942390156668533,70.0,15.214057153354332,0.0,0.18007528583898597,0.0,9.2,この先制限速度なし,この先目立った勾配なし,先行列車なし,後続列車なし,0.0,駅手前で過度にブレーキし停車が確実になるため、即時0点ルールに該当しrewardは0.0とする。
199.49999999999775,Train11,次駅への減速フェーズ（駅手前400m以内）,惰行中,0.1,ブレーキ（減速）,0.1,70.0,70.0,1.8149438901898483,70.0,15.162048992451105,0.0,0.1572238516254588,0.0,9.2,この先制限速度なし,この先目立った勾配なし,先行列車なし,後続列車なし,0.0,次駅減速フェーズで先行列車なしの低速1.8km/hで惰行を続けたため、即時0点ルールの低速ちんたら運転に該当し、rewardは0.0とした。
199.59999999999775,Train11,次駅への減速フェーズ（駅手前400m以内）,ブレーキ（減速）中,0.1,惰行,0.1,70.0,70.0,1.773905338332384,70.0,15.112260870434824,0.0,0.15019532064440272,0.0,9.2,この先制限速度なし,この先目立った勾配なし,先行列車なし,後続列車なし,0.0,0.1秒の惰行からブレーキへの短時間切替が合理的理由なく行われ、ノコギリ運転と判定され上限0.0点となった。
199.69999999999774,Train11,次駅への減速フェーズ（駅手前400m以内）,力行（加速）中,0.1,ブレーキ（減速）,0.1,70.0,70.0,1.6464737134873282,70.0,15.064932619466731,0.0,0.12939451698512944,0.0,9.2,この先制限速度なし,この先目立った勾配なし,先行列車なし,後続列車なし,0.0,次駅減速フェーズで低速のまま力行し停止位置が確保できず、即時0点対象（ちんたら運転）となったためreward=0.0。
199.79999999999774,Train11,次駅への減速フェーズ（駅手前400m以内）,ブレーキ（減速）中,0.1,力行（加速）,0.1,70.0,70.0,1.9221512632212912,70.0,15.01498212370933,0.0,0.17634291657974321,0.0,9.2,この先制限速度なし,この先目立った勾配なし,先行列車なし,後続列車なし,0.0,ノコギリ運転とブレーキの早期実施により、Sawtooth上限が0.0点となり、rewardは0.0と判断した。
199.89999999999773,Train11,次駅への減速フェーズ（駅手前400m以内）,惰行中,0.1,ブレーキ（減速）,0.1,70.0,70.0,1.7947067621008723,70.0,14.963536127293509,0.0,0.15373783022012397,0.0,9.2,この先制限速度なし,この先目立った勾配なし,先行列車なし,後続列車なし,0.0,次駅減速フェーズで先行列車なしにも関わらず低速1.8km/hで惰行し続けたため「ちんたら運転」と判定し即時0点とした。
199.99999999999773,Train11,次駅への減速フェーズ（駅手前400m以内）,ブレーキ（減速）中,0.1,惰行,0.1,70.0,70.0,1.7536699676078156,70.0,14.914310120872187,0.0,0.14678881801674817,0.0,9.2,この先制限速度なし,この先目立った勾配なし,先行列車なし,後続列車なし,0.0,保持時間が7秒未満で惰行→減速への不合理な切替がノコギリ運転と判定され、上限0.0点のためrewardは0.0となった。
200.09999999999772,Train11,次駅への減速フェーズ（駅手前400m以内）,力行（加速）中,0.1,ブレーキ（減速）,0.1,70.0,70.0,1.6262400929006944,70.0,14.867543936770033,0.0,0.1262342798457235,0.0,9.2,この先制限速度なし,この先目立った勾配なし,先行列車なし,後続列車なし,0.0,次駅減速フェーズで先行列車不在にも関わらず低速(1.6km/h)のまま力行を続けたため「ちんたら運転」と判定し即時0点とした。
200.19999999999771,Train11,次駅への減速フェーズ（駅手前400m以内）,ブレーキ（減速）中,0.1,力行（加速）,0.1,70.0,70.0,1.9020254293164613,70.0,14.818153838035641,0.0,0.17267014230198743,0.0,9.2,この先制限速度なし,この先目立った勾配なし,先行列車なし,後続列車なし,0.0,ブレーキ中に停止位置まで距離が遠く、delta_stop>5mで大幅減点かつ保持時間0.1秒の反転でノコギリ運転と判定され、reward上限0.0となる。
200.2999999999977,Train11,次駅への減速フェーズ（駅手前400m以内）,惰行中,0.1,ブレーキ（減速）,0.1,70.0,70.0,1.7745826819158297,70.0,14.76726686573926,0.0,0.15031002298710514,0.0,9.2,この先制限速度なし,この先目立った勾配なし,先行列車なし,後続列車なし,0.0,次駅減速フェーズで先行列車なしにも関わらず1.8km/hの低速で惰行を続けたため、即reward0.0ルールの『低速ちんたら運転』に該当し、評価は0.0とした。
200.3999999999977,Train11,次駅への減速フェーズ（駅手前400m以内）,ブレーキ（減速）中,0.1,惰行,0.1,70.0,70.0,1.7335476331938195,70.0,14.718599834861124,0.0,0.1434400728406773,0.0,9.2,この先制限速度なし,この先目立った勾配なし,先行列車なし,後続列車なし,0.0,delta_stopが14.58mと大きく、ブレーキ中でも停止位置までの距離が過大であり、停止位置達成が不可能と判断されたため0.0とした。
200.4999999999977,Train11,次駅への減速フェーズ（駅手前400m以内）,力行（加速）中,0.1,ブレーキ（減速）,0.1,70.0,70.0,1.606119497072101,70.0,14.672392577899984,0.0,0.12313042750412818,0.0,9.2,この先制限速度なし,この先目立った勾配なし,先行列車なし,後続列車なし,0.0,次駅減速フェーズで低速1.6km/hのまま加速し続けたため、即時0点規則に該当し、安全性と停車位置確保の観点から評価は0.0とした。
200.5999999999977,Train11,次駅への減速フェーズ（駅手前400m以内）,ブレーキ（減速）中,0.1,力行（加速）,0.1,70.0,70.0,1.8820120163113108,70.0,14.623559745821524,0.0,0.16905619753211978,0.0,9.2,この先制限速度なし,この先目立った勾配なし,先行列車なし,後続列車なし,0.0,ブレーキが停止位置から遠く（delta_stop=14.45m）で開始され、0.1秒の力行→ブレーキの反転がノコギリ運転と判定されreward上限0.0となったため0.0点とした。
200.6999999999977,Train11,次駅への減速フェーズ（駅手前400m以内）,惰行中,0.1,ブレーキ（減速）,0.1,70.0,70.0,1.7545710110774115,70.0,14.573228675025973,0.0,0.14693967231195368,0.0,9.2,この先制限速度なし,この先目立った勾配なし,先行列車なし,後続列車なし,0.0,次駅減速フェーズで先行列車なしにも関わらず1.8 km/hの惰行が続き、低速ちんたら運転と判定されたため即時0点とした。
200.79999999999768,Train11,次駅への減速フェーズ（駅手前400m以内）,ブレーキ（減速）中,0.1,惰行,0.1,70.0,70.0,1.7135376966182514,70.0,14.52511749739216,0.0,0.14014833624064665,0.0,9.2,この先制限速度なし,この先目立った勾配なし,先行列車なし,後続列車なし,0.0,駅手前で停止がほぼ確実であり、即reward0.0ルールに該当するためreward=0.0とした。
200.89999999999768,Train11,次駅への減速フェーズ（駅手前400m以内）,力行（加速）中,0.1,ブレーキ（減速）,0.1,70.0,70.0,1.5861112876143333,70.0,14.479466045596467,0.0,0.12008221279719856,0.0,9.2,この先制限速度なし,この先目立った勾配なし,先行列車なし,後続列車なし,0.0,次駅減速フェーズで先行列車不在にも関わらず低速(1.6km/h)のまま加速し、停止位置達成が不適切なため即時0点と判断。
200.99999999999767,Train11,次駅への減速フェーズ（駅手前400m以内）,ブレーキ（減速）中,0.1,力行（加速）,0.1,70.0,70.0,1.8621103892488728,70.0,14.431187367524245,0.0,0.16550032594575623,0.0,9.2,この先制限速度なし,この先目立った勾配なし,先行列車なし,後続列車なし,0.0,ブレーキが早すぎてdelta_stopが14.27mと大幅に離れ、停止位置が達成できず、ノコギリ運転でも上限0.0と判断した。
201.09999999999766,Train11,次駅への減速フェーズ（駅手前400m以内）,惰行中,0.1,ブレーキ（減速）,0.1,70.0,70.0,1.7346711147133662,70.0,14.381409093232378,0.0,0.14362602381555326,0.0,9.2,この先制限速度なし,この先目立った勾配なし,先行列車なし,後続列車なし,0.0,次駅減速フェーズで先行列車なしにも関わらず低速(1.7km/h)のまま惰行で停止位置へ進むちんたら運転とノコギリ運転が判定されたためrewardは0.0とした。
201.19999999999766,Train11,次駅への減速フェーズ（駅手前400m以内）,ブレーキ（減速）中,0.1,惰行,0.1,70.0,70.0,1.6936395230933161,70.0,14.333850664165482,0.0,0.13691286380555512,0.0,9.2,この先制限速度なし,この先目立った勾配なし,先行列車なし,後続列車なし,0.0,ノコギリ運転（保持時間0.1秒、惰行→減速の反転）とΔstopが5m超で停止位置が不十分なため、上限0.0点としrewardは0.0とした。
201.29999999999765,Train11,次駅への減速フェーズ（駅手前400m以内）,力行（加速）中,0.1,ブレーキ（減速）,0.1,70.0,70.0,1.5662148298238165,70.0,14.288751913177578,0.0,0.11708889760303247,0.0,9.2,この先制限速度なし,この先目立った勾配なし,先行列車なし,後続列車なし,0.0,次駅減速フェーズで先行列車不在にも関わらず低速1.6km/hで力行を継続し、ちんたら運転に該当するため即時0点とした。
201.39999999999765,Train11,次駅への減速フェーズ（駅手前400m以内）,ブレーキ（減速）中,0.1,力行（加速）,0.1,70.0,70.0,1.8423199168358146,70.0,14.241024294022964,0.0,0.1620017802610682,0.0,9.2,この先制限速度なし,この先目立った勾配なし,先行列車なし,後続列車なし,0.0,次駅減速フェーズで距離が14mあるのにブレーキをかけ、直前の力行と反転したためノコギリ運転と早すぎる減速でrewardは0.0とした。
201.49999999999764,Train11,次駅への減速フェーズ（駅手前400m以内）,惰行中,0.1,ブレーキ（減速）,0.1,70.0,70.0,1.7148823616143716,70.0,14.191795728780932,0.0,0.14036834329060716,0.0,9.2,この先制限速度なし,この先目立った勾配なし,先行列車なし,後続列車なし,0.0,低速で惰行し続けるちんたら運転と、7秒未満のノコギリ運転が即0点規則に該当するためrewardは0.0とした。
201.59999999999764,Train11,次駅への減速フェーズ（駅手前400m以内）,ブレーキ（減速）中,0.1,惰行,0.1,70.0,70.0,1.6738524814934446,70.0,14.144786961143296,0.0,0.13373291858525563,0.0,9.2,この先制限速度なし,この先目立った勾配なし,先行列車なし,後続列車なし,0.0,次駅減速フェーズでブレーキをかけたままdelta_stopが14mと過大で、停止位置誤差が5m超えるため大幅減点となりreward=0.0とした。
201.69999999999763,Train11,次駅への減速フェーズ（駅手前400m以内）,力行（加速）中,0.1,ブレーキ（減速）,0.1,70.0,70.0,1.546429492658501,70.0,14.100237824123951,0.0,0.1141497527349902,0.0,9.2,この先制限速度なし,この先目立った勾配なし,先行列車なし,後続列車なし,0.0,次駅減速フェーズで先行列車不在にも関わらず低速(1.5km/h)のまま力行を続けたため、即reward0.0ルールの「ちんたら運転」に該当し、評価は0.0とした。
201.79999999999762,Train11,次駅への減速フェーズ（駅手前400m以内）,ブレーキ（減速）中,0.1,力行（加速）,0.1,70.0,70.0,1.82263997142044,70.0,14.053058186288325,0.0,0.15855982213336178,0.0,9.2,この先制限速度なし,この先目立った勾配なし,先行列車なし,後続列車なし,0.0,次駅減速フェーズでδ_stopが13.9mと大きく、過剰にブレーキし早すぎる停止となり、かつ0.1秒の力行→減速はノコギリ運転と判定され、rewardは0.0とした。
201.89999999999762,Train11,次駅への減速フェーズ（駅手前400m以内）,惰行中,0.1,ブレーキ（減速）,0.1,70.0,70.0,1.6952041242120452,70.0,14.004376260082552,0.0,0.13716590198815426,0.0,9.2,この先制限速度なし,この先目立った勾配なし,先行列車なし,後続列車なし,0.0,低速1.7km/hで惰行を続けブレーキ未実施、かつ0.1秒のノコギリ運転に該当し即時0点規則が適用されたためreward=0.0。
201.9999999999976,Train11,次駅への減速フェーズ（駅手前400m以内）,ブレーキ（減速）中,0.1,惰行,0.1,70.0,70.0,1.654175944333312,70.0,13.95791408417324,0.0,0.13060777250565492,0.0,9.2,この先制限速度なし,この先目立った勾配なし,先行列車なし,後続列車なし,0.0,ブレーキが距離余裕13.8mで開始され、0.1秒のノコギリ運転と判定され上限reward0.0となるため評価は0.0。
202.0999999999976,Train11,次駅への減速フェーズ（駅手前400m以内）,力行（加速）中,0.1,ブレーキ（減速）,0.1,70.0,70.0,1.5267546487158885,70.0,13.913911491737707,0.0,0.11126405783694875,0.0,9.2,この先制限速度なし,この先目立った勾配なし,先行列車なし,後続列車なし,0.0,低速で力行を続けたことが次駅減速フェーズのちんたら運転に該当し、即時0点ルールによりrewardは0.0となる。
202.1999999999976,Train11,次駅への減速フェーズ（駅手前400m以内）,ブレーキ（減速）中,0.1,力行（加速）,0.1,70.0,70.0,1.8030699289708396,70.0,13.867276774977455,0.0,0.15517372205088267,0.0,9.2,この先制限速度なし,この先目立った勾配なし,先行列車なし,後続列車なし,0.0,ノコギリ運転とブレーキ開始が早すぎ、delta_stopが5m超で大幅減点、上限0.0点と判断。
202.2999999999976,Train11,次駅への減速フェーズ（駅手前400m以内）,惰行中,0.1,ブレーキ（減速）,0.1,70.0,70.0,1.6756357785571006,70.0,13.819138435113842,0.0,0.13401797804713989,0.0,9.2,この先制限速度なし,この先目立った勾配なし,先行列車なし,後続列車なし,0.0,次駅減速フェーズで速度1.7km/hの低速のまま惰行しブレーキせず、即時0点ルールのちんたら運転に該当したため、rewardは0.0とした。
202.3999999999976,Train11,次駅への減速フェーズ（駅手前400m以内）,ブレーキ（減速）中,0.1,惰行,0.1,70.0,70.0,1.6346092877460006,70.0,13.773219798537184,0.0,0.12753670626490476,0.0,9.2,この先制限速度なし,この先目立った勾配なし,先行列車なし,後続列車なし,1.0,次駅減速フェーズで適切にブレーキを掛け、速度・信号・停止位置すべて条件を満たすため評価は高く、0.0ルール違反やノコギリ運転はなし。
202.49999999999758,Train11,次駅への減速フェーズ（駅手前400m以内）,力行（加速）中,0.1,ブレーキ（減速）,0.1,70.0,70.0,1.5071896742111994,70.0,13.72976069862375,0.0,0.10843110127977607,0.0,9.2,この先制限速度なし,この先目立った勾配なし,先行列車なし,後続列車なし,0.0,次駅減速フェーズで低速1.5km/hのまま力行し、先行列車不在でちんたら運転に該当するため即時0点とした。
202.59999999999758,Train11,次駅への減速フェーズ（駅手前400m以内）,ブレーキ（減速）中,0.1,力行（加速）,0.1,70.0,70.0,1.7836091690531788,70.0,13.68366785999342,0.0,0.15184275923183094,0.0,9.2,この先制限速度なし,この先目立った勾配なし,先行列車なし,後続列車なし,0.0,ブレーキが早すぎ、0.1秒の加速→ブレーキというノコギリ運転に該当し上限が0点のためrewardは0.0。
202.69999999999757,Train11,次駅への減速フェーズ（駅手前400m以内）,惰行中,0.1,ブレーキ（減速）,0.1,70.0,70.0,1.6561767042976412,70.0,13.636070071015638,0.0,0.13092385829187592,0.0,9.2,この先制限速度なし,この先目立った勾配なし,先行列車なし,後続列車なし,0.0,次駅減速フェーズで先行列車不在にも関わらず1.7km/hの低速惰行を続け、適切なブレーキが取られないため即時0点ルールに該当し、rewardは0.0とした。
202.79999999999757,Train11,次駅への減速フェーズ（駅手前400m以内）,ブレーキ（減速）中,0.1,惰行,0.1,70.0,70.0,1.6151518914612994,70.0,13.5906919386386,0.0,0.12451900923079992,0.0,9.2,この先制限速度なし,この先目立った勾配なし,先行列車なし,後続列車なし,0.0,ブレーキが停止点より遠くで開始され、必要以上に減速しているため停止位置達成が不可能であり、保持時間が2秒未満のノコギリ運転と判定されたことからrewardは0.0とした。
202.89999999999756,Train11,次駅への減速フェーズ（駅手前400m以内）,力行（加速）中,0.1,ブレーキ（減速）,0.1,70.0,70.0,1.487733948955679,70.0,13.547773296398447,0.0,0.10565017530161677,0.0,9.2,この先制限速度なし,この先目立った勾配なし,先行列車なし,後続列車なし,0.0,次駅減速フェーズで低速のまま加速し、先行列車不在のちんたら運転に該当し即時0点ルールが適用されたため0.0とした。
202.99999999999756,Train11,次駅への減速フェーズ（駅手前400m以内）,ブレーキ（減速）中,0.1,力行（加速）,0.1,70.0,70.0,1.7642570748101238,70.0,13.502219310115748,0.0,0.14856622152257204,0.0,9.2,この先制限速度なし,この先目立った勾配なし,先行列車なし,後続列車なし,0.0,0.1秒の力行→ブレーキの反転がノコギリ運転と判定され、上限0.0点のためrewardは0.0となった。
203.09999999999755,Train11,次駅への減速フェーズ（駅手前400m以内）,惰行中,0.1,ブレーキ（減速）,0.1,70.0,70.0,1.6368262846575945,70.0,13.455159053698651,0.0,0.12788283813052523,0.0,9.2,この先制限速度なし,この先目立った勾配なし,先行列車なし,後続列車なし,0.0,先行列車なしで速度1.6km/hのまま惰行し続けるちんたら運転と、保持時間が7秒未満のノコギリ運転が即時0点ルールに該当し、rewardは0.0とした。
203.19999999999754,Train11,次駅への減速フェーズ（駅手前400m以内）,ブレーキ（減速）中,0.1,惰行,0.1,70.0,70.0,1.595803138784146,70.0,13.41031840750162,0.0,0.12155397933937037,0.0,9.2,この先制限速度なし,この先目立った勾配なし,先行列車なし,後続列車なし,0.0,ブレーキ開始がdelta_stop 13.29mで早すぎ、停止位置が大幅にずれ、かつノコギリ運転（0.1s切替）に該当しreward上限0.0と判断した。
203.29999999999754,Train11,次駅への減速フェーズ（駅手前400m以内）,力行（加速）中,0.1,ブレーキ（減速）,0.1,70.0,70.0,1.4683868563350475,70.0,13.367937205231328,0.0,0.10292058844226006,0.0,9.2,この先制限速度なし,この先目立った勾配なし,先行列車なし,後続列車なし,0.0,低速1.5km/hで先行列車なしの状態で力行を続けたため、即時0点ルール（ちんたら運転）に該当し、rewardは0.0とした。
203.39999999999753,Train11,次駅への減速フェーズ（駅手前400m以内）,ブレーキ（減速）中,0.1,力行（加速）,0.1,70.0,70.0,1.7450130329394111,70.0,13.322919062588312,0.0,0.14534340330282028,0.0,9.2,この先制限速度なし,この先目立った勾配なし,先行列車なし,後続列車なし,0.0,保持時間0.1秒の力行→ブレーキへの反転が合理性なく、2秒未満のノコギリ運転と判定され上限0.0点となった。
203.49999999999753,Train11,次駅への減速フェーズ（駅手前400m以内）,惰行中,0.1,ブレーキ（減速）,0.1,70.0,70.0,1.6175839064152853,70.0,13.276393337452674,0.0,0.12489422145476702,0.0,9.2,この先制限速度なし,この先目立った勾配なし,先行列車なし,後続列車なし,0.0,次駅減速フェーズで低速惰行が続き、停止位置へ向けた適切なブレーキが無くちんたら運転と判定されたため0.0とした。
203.59999999999752,Train11,次駅への減速フェーズ（駅手前400m以内）,ブレーキ（減速）中,0.1,惰行,0.1,70.0,70.0,1.5765624165732044,70.0,13.232087176458407,0.0,0.11864092299465238,0.0,9.2,この先制限速度なし,この先目立った勾配なし,先行列車なし,後続列車なし,0.0,ブレーキ中だがdelta_stopが13.11mで5m超えており、次駅減速フェーズでの適切なブレーキタイミングから外れているため0.0とした。
203.69999999999752,Train11,次駅への減速フェーズ（駅手前400m以内）,力行（加速）中,0.1,ブレーキ（減速）,0.1,70.0,70.0,1.449147783288081,70.0,13.190240413464949,0.0,0.10024165763949967,0.0,9.2,この先制限速度なし,この先目立った勾配なし,先行列車なし,後続列車なし,0.0,次駅減速フェーズで低速のまま加速し、即時0点ルールに該当しノコギリ運転でもあるためrewardは0.0とした。
203.7999999999975,Train11,次駅への減速フェーズ（駅手前400m以内）,ブレーキ（減速）中,0.1,力行（加速）,0.1,70.0,70.0,1.7258764336725467,70.0,13.145755122746294,0.0,0.14217360647332494,0.0,9.2,この先制限速度なし,この先目立った勾配なし,先行列車なし,後続列車なし,0.0,ブレーキ中にdelta_stopが13mと大きく停止位置が遠すぎるため大幅減点、さらに0.1秒の力行→ブレーキ反転がノコギリ運転と判定され上限0.0点となった。
203.8999999999975,Train11,次駅への減速フェーズ（駅手前400m以内）,惰行中,0.1,ブレーキ（減速）,0.1,70.0,70.0,1.598448959882144,70.0,13.09976094453802,0.0,0.12195732054062794,0.0,9.2,この先制限速度なし,この先目立った勾配なし,先行列車なし,後続列車なし,0.0,次駅減速フェーズで先行列車不在にも関わらず低速1.6km/hの惰行がちんたら運転と判定され、即reward0.0ルールが適用されたため0.0とした。
203.9999999999975,Train11,次駅への減速フェーズ（駅手前400m以内）,ブレーキ（減速）中,0.1,惰行,0.1,70.0,70.0,1.55742911521958,70.0,13.055986284690846,0.0,0.11577915496962567,0.0,9.2,この先制限速度なし,この先目立った勾配なし,先行列車なし,後続列車なし,0.0,ブレーキ開始が早すぎて停止位置が遠く、ノコギリ運転と判定され上限0.0点となる。
204.0999999999975,Train11,次駅への減速フェーズ（駅手前400m以内）,力行（加速）中,0.1,ブレーキ（減速）,0.1,70.0,70.0,1.4300161202853359,70.0,13.014670977238296,0.0,0.09761270513641099,0.0,9.2,この先制限速度なし,この先目立った勾配なし,先行列車なし,後続列車なし,0.0,次駅減速フェーズで低速1.4km/hのままブレーキせずに加速し、即時0点対象のちんたら運転かつノコギリ運転に該当するためrewardは0.0とした。
204.1999999999975,Train11,次駅への減速フェーズ（駅手前400m以内）,ブレーキ（減速）中,0.1,力行（加速）,0.1,70.0,70.0,1.7068466707536485,70.0,12.97071556361118,0.0,0.13905615029711701,0.0,9.2,この先制限速度なし,この先目立った勾配なし,先行列車なし,後続列車なし,0.0,ブレーキ直前に0.1秒の力行から減速へ切替え、保持時間が7秒未満で合理的理由がなくノコギリ運転と判定され、reward上限が0.0点となったため。
204.29999999999748,Train11,次駅への減速フェーズ（駅手前400m以内）,惰行中,0.1,ブレーキ（減速）,0.1,70.0,70.0,1.579420838881553,70.0,12.925249964819585,0.0,0.11907145595046664,0.0,9.2,この先制限速度なし,この先目立った勾配なし,先行列車なし,後続列車なし,0.0,先行列車なしで速度1.6km/hのまま惰行し続ける「ちんたら運転」が即時0点対象となり、rewardは0.0とする。
204.39999999999748,Train11,次駅への減速フェーズ（駅手前400m以内）,ブレーキ（減速）中,0.1,惰行,0.1,70.0,70.0,1.5384026286256738,70.0,12.8820038389037,0.0,0.11296799830830247,0.0,9.2,この先制限速度なし,この先目立った勾配なし,先行列車なし,後続列車なし,1.0,次駅減速フェーズで低速ブレーキを適切に適用し、停止位置も確保できるため評価は最高とした。
204.49999999999747,Train11,次駅への減速フェーズ（駅手前400m以内）,力行（加速）中,0.1,ブレーキ（減速）,0.1,70.0,70.0,1.410991261308007,70.0,12.841217020071127,0.0,0.09503306140363055,0.0,9.2,この先制限速度なし,この先目立った勾配なし,先行列車なし,後続列車なし,0.0,次駅減速フェーズで低速1.4km/hのまま力行を続けたことが「ちんたら運転」とみなされ、即時0点と判断した。
204.59999999999746,Train11,次駅への減速フェーズ（駅手前400m以内）,ブレーキ（減速）中,0.1,力行（加速）,0.1,70.0,70.0,1.6879231414184201,70.0,12.797788525460874,0.0,0.13599035611490054,0.0,9.2,この先制限速度なし,この先目立った勾配なし,先行列車なし,後続列車なし,0.0,保持時間が7秒未満で力行→ブレーキへの反転が合理性なく、ノコギリ運転と判定され上限0点となる。
204.69999999999746,Train11,次駅への減速フェーズ（駅手前400m以内）,惰行中,0.1,ブレーキ（減速）,0.1,70.0,70.0,1.5604989407278271,70.0,12.752848555312113,0.0,0.11623595643609744,0.0,9.2,この先制限速度なし,この先目立った勾配なし,先行列車なし,後続列車なし,0.0,先行列車なしで低速(1.6km/h)の惰行が続き、停止位置へ向かうちんたら運転と判定されたため即0点とする。
204.79999999999745,Train11,次駅への減速フェーズ（駅手前400m以内）,ブレーキ（減速）中,0.1,惰行,0.1,70.0,70.0,1.5194823541841669,70.0,12.710128012869859,0.0,0.11020678422895486,0.0,9.2,この先制限速度なし,この先目立った勾配なし,先行列車なし,後続列車なし,0.0,次駅減速フェーズでdelta_stopが12.6mと大きく、ブレーキ開始が早すぎて大幅減点となりreward=0.0となった。
204.89999999999745,Train11,次駅への減速フェーズ（駅手前400m以内）,惰行中,0.1,ブレーキ（減速）,0.1,70.0,70.0,1.39207260382692,70.0,12.669866732498036,0.0,0.09250206504284916,0.0,9.2,この先制限速度なし,この先目立った勾配なし,先行列車なし,後続列車なし,0.0,次駅減速フェーズで先行列車なしの低速惰行はちんたら運転とみなされ、即時0点規則に該当するためrewardは0.0。
204.99999999999744,Train11,次駅への減速フェーズ（駅手前400m以内）,ブレーキ（減速）中,0.1,惰行,0.1,70.0,70.0,1.3510704011492736,70.0,12.631824479594655,0.0,0.08713387996628875,0.0,9.2,この先制限速度なし,この先目立った勾配なし,先行列車なし,後続列車なし,0.0,ブレーキが早すぎ停止位置が遠く、保持時間が2秒未満のノコギリ運転と判定され上限0点となった。
205.09999999999744,Train11,次駅への減速フェーズ（駅手前400m以内）,力行（加速）中,0.1,ブレーキ（減速）,0.1,70.0,70.0,1.2236749745770379,70.0,12.596241089969595,0.0,0.07147825118714173,0.0,9.2,この先制限速度なし,この先目立った勾配なし,先行列車なし,後続列車なし,0.0,低速で先行列車なしの減速フェーズで加速したため即時ゼロルールが適用され、rewardは0.0とした。
205.19999999999743,Train11,次駅への減速フェーズ（駅手前400m以内）,ブレーキ（減速）中,0.1,力行（加速）,0.1,70.0,70.0,1.5016044492259943,70.0,12.558000572834516,0.0,0.10762907653002944,0.0,9.2,この先制限速度なし,この先目立った勾配なし,先行列車なし,後続列車なし,0.0,delta_stopが12.45mでブレーキ開始が遅く、停止位置に到達できないため大幅減点しreward=0.0とした。
205.29999999999742,Train11,次駅への減速フェーズ（駅手前400m以内）,惰行中,0.1,ブレーキ（減速）,0.1,70.0,70.0,1.3741962253075688,70.0,12.51823587758949,0.0,0.09014188915222147,0.0,9.2,この先制限速度なし,この先目立った勾配なし,先行列車なし,後続列車なし,0.0,次駅減速フェーズで先行列車なしにも関わらず速度1.4km/hのまま惰行し続けたため、即reward0.0ルールの「ちんたら運転」に該当し0点とした。
205.39999999999742,Train11,次駅への減速フェーズ（駅手前400m以内）,ブレーキ（減速）中,0.1,惰行,0.1,70.0,70.0,1.3331955420159243,70.0,12.480690167528508,0.0,0.08484383704377939,0.0,9.2,この先制限速度なし,この先目立った勾配なし,先行列車なし,後続列車なし,0.0,保持時間が7秒未満で惰行→減速への不合理な切替があり、ノコギリ運転と判定され上限0.0点となった。
205.4999999999974,Train11,次駅への減速フェーズ（駅手前400m以内）,力行（加速）中,0.1,ブレーキ（減速）,0.1,70.0,70.0,1.2058016284546895,70.0,12.44560327863553,0.0,0.06940567230477554,0.0,9.2,この先制限速度なし,この先目立った勾配なし,先行列車なし,後続列車なし,0.0,次駅減速フェーズで速度1.2km/hのまま加速は低速ちんたら運転とみなされ、即reward0.0と判定。
205.5999999999974,Train11,次駅への減速フェーズ（駅手前400m以内）,ブレーキ（減速）中,0.1,力行（加速）,0.1,70.0,70.0,1.4838262836185498,70.0,12.40785778806952,0.0,0.10509598360584763,0.0,9.2,この先制限速度なし,この先目立った勾配なし,先行列車なし,後続列車なし,0.0,ブレーキが早すぎて停止位置から12.3m離れた状態で減速し、delta_stopが5m超過かつ0.1秒で力行→ブレーキへのノコギリ運転と判定されたためrewardは0.0とした。
205.6999999999974,Train11,次駅への減速フェーズ（駅手前400m以内）,惰行中,0.1,ブレーキ（減速）,0.1,70.0,70.0,1.356419576236664,70.0,12.368586907559376,0.0,0.08782511812109442,0.0,9.2,この先制限速度なし,この先目立った勾配なし,先行列車なし,後続列車なし,0.0,次駅減速フェーズで先行列車なしにも関わらず低速1.4km/hの惰行はちんたら運転とみなされ、即reward0.0ルールに該当するため評価は0.0とした。
205.7999999999974,Train11,次駅への減速フェーズ（駅手前400m以内）,ブレーキ（減速）中,0.1,惰行,0.1,70.0,70.0,1.3154204024684393,70.0,12.331534970243752,0.0,0.082596802983843,0.0,9.2,この先制限速度なし,この先目立った勾配なし,先行列車なし,後続列車なし,0.0,ブレーキを早期にかけたため|delta_stop|が12.25mと5m超で大幅減点対象となり、rewardは0.0とした。
205.8999999999974,Train11,次駅への減速フェーズ（駅手前400m以内）,力行（加速）中,0.1,ブレーキ（減速）,0.1,70.0,70.0,1.1880279920915413,70.0,12.296941812234508,0.0,0.0673748866577086,0.0,9.2,この先制限速度なし,この先目立った勾配なし,先行列車なし,後続列車なし,0.0,次駅減速フェーズで先行列車不在かつ低速(1.2km/h)にも関わらず力行したため、即時0点ルールが適用され0.0とした。
205.99999999999739,Train11,次駅への減速フェーズ（駅手前400m以内）,ブレーキ（減速）中,0.1,力行（加速）,0.1,70.0,70.0,1.4661472954123336,70.0,12.259688586670592,0.0,0.1026069261098567,0.0,9.2,この先制限速度なし,この先目立った勾配なし,先行列車なし,後続列車なし,0.0,持続時間0.1秒の力行からブレーキへの反転が合理性なく、2秒未満のノコギリ運転と判定され報酬上限0.0となったため。
206.09999999999738,Train11,次駅への減速フェーズ（駅手前400m以内）,惰行中,0.1,ブレーキ（減速）,0.1,70.0,70.0,1.338742094735844,70.0,12.220908766128247,0.0,0.08555117290243722,0.0,9.2,この先制限速度なし,この先目立った勾配なし,先行列車なし,後続列車なし,0.0,次駅減速フェーズで低速(1.3km/h)のまま惰行し、即時0.0ルールに該当するためrewardは0.0とした。
206.19999999999737,Train11,次駅への減速フェーズ（駅手前400m以内）,ブレーキ（減速）中,0.1,惰行,0.1,70.0,70.0,1.2977444206993691,70.0,12.184347847043142,0.0,0.0803922010293679,0.0,9.2,この先制限速度なし,この先目立った勾配なし,先行列車なし,後続列車なし,0.0,ブレーキ直前の惰行からの切替が0.1秒でノコギリ運転と判定され、δ_stopが5m超で大幅減点となりreward上限は0.0とした。
206.29999999999737,Train11,次駅への減速フェーズ（駅手前400m以内）,力行（加速）中,0.1,ブレーキ（減速）,0.1,70.0,70.0,1.170353503750849,70.0,12.150245665683457,0.0,0.06538532436704778,0.0,9.2,この先制限速度なし,この先目立った勾配なし,先行列車なし,後続列車なし,0.0,低速(1.2km/h)で加速し続け、先行列車不在にも関わらず停止位置へ向かうちんたら運転で即時0点規則に該当し、ノコギリ運転でもあるためrewardは0.0とした。
206.39999999999736,Train11,次駅への減速フェーズ（駅手前400m以内）,ブレーキ（減速）中,0.1,力行（加速）,0.1,70.0,70.0,1.4485669258849876,70.0,12.113481959101335,0.0,0.10016132580717442,0.0,9.2,この先制限速度なし,この先目立った勾配なし,先行列車なし,後続列車なし,0.0,ブレーキ中だがdelta_stopが12mと5m超過し大幅減点、かつ0.1秒の力行→ブレーキの反転がノコギリ運転と判定され0点上限となるためrewardは0.0。
206.49999999999736,Train11,次駅への減速フェーズ（駅手前400m以内）,惰行中,0.1,ブレーキ（減速）,0.1,70.0,70.0,1.3211632221533125,70.0,12.075190459260199,0.0,0.08331948146446187,0.0,9.2,この先制限速度なし,この先目立った勾配なし,先行列車なし,後続列車なし,0.0,低速(1.3km/h)で惰行し続けることは次駅減速フェーズのちんたら運転に該当し、即時0点ルールが適用されるため。
206.59999999999735,Train11,次駅への減速フェーズ（駅手前400m以内）,ブレーキ（減速）中,0.1,惰行,0.1,70.0,70.0,1.2801670381272525,70.0,12.039117819412581,0.0,0.07822946142457894,0.0,9.2,この先制限速度なし,この先目立った勾配なし,先行列車なし,後続列車なし,0.0,ブレーキが早すぎてdelta_stopが11.96mで停止位置が確保できず、2秒未満のノコギリ運転と判定されたためrewardは0.0とした。
206.69999999999735,Train11,次駅への減速フェーズ（駅手前400m以内）,力行（加速）中,0.1,ブレーキ（減速）,0.1,70.0,70.0,1.1527776049212803,70.0,12.005503875997192,0.0,0.06343642251537418,0.0,9.2,この先制限速度なし,この先目立った勾配なし,先行列車なし,後続列車なし,0.0,先行列車なしで低速(1.2km/h)のままブレーキせず力行したため、即reward0.0ルールのちんたら運転に該当し0点とした。
206.79999999999734,Train11,次駅への減速フェーズ（駅手前400m以内）,ブレーキ（減速）中,0.1,力行（加速）,0.1,70.0,70.0,1.4310846195220899,70.0,11.969226957837975,0.0,0.09775861077693147,0.0,9.2,この先制限速度なし,この先目立った勾配なし,先行列車なし,後続列車なし,0.0,過早ブレーキで駅手前に停止が確実となり、即時0点ルールとノコギリ運転が適用されたためreward=0.0。
206.89999999999733,Train11,次駅への減速フェーズ（駅手前400m以内）,惰行中,0.1,ブレーキ（減速）,0.1,70.0,70.0,1.3036824030446368,70.0,11.93142105487155,0.0,0.08112947870851069,0.0,9.2,この先制限速度なし,この先目立った勾配なし,先行列車なし,後続列車なし,0.0,低速で惰行し続ける「ちんたら運転」が即reward0.0ルールに該当し、停止位置も確保できないため評価は0.0とした。
206.99999999999733,Train11,次駅への減速フェーズ（駅手前400m以内）,ブレーキ（減速）中,0.1,惰行,0.1,70.0,70.0,1.26268769937742,70.0,11.895833970715586,0.0,0.07610802133301793,0.0,9.2,この先制限速度なし,この先目立った勾配なし,先行列車なし,後続列車なし,0.0,ブレーキ中だが停止位置までの距離が11.8mと5m超えており、停止位置達成可能性が大幅減点対象となるため0.0とした。
207.09999999999732,Train11,次駅への減速フェーズ（駅手前400m以内）,力行（加速）中,0.1,ブレーキ（減速）,0.1,70.0,70.0,1.1352997402977245,70.0,11.862705541933138,0.0,0.061527625064965265,0.0,9.2,この先制限速度なし,この先目立った勾配なし,先行列車なし,後続列車なし,0.0,次駅減速フェーズで先行列車なしの低速1.1km/hで力行を続けたため、ちんたら運転とみなされ即時0点と判断した。
207.19999999999732,Train11,次駅への減速フェーズ（駅手前400m以内）,ブレーキ（減速）中,0.1,力行（加速）,0.1,70.0,70.0,1.4136998239980707,70.0,11.826912697046055,0.0,0.09539821598995789,0.0,9.2,この先制限速度なし,この先目立った勾配なし,先行列車なし,後続列車なし,0.0,ブレーキ継続でdelta_stopが11.73mと5m超、0.1秒以下のノッチ切替がノコギリ運転と判定されreward上限0.0となったため0.0とした。
207.2999999999973,Train11,次駅への減速フェーズ（駅手前400m以内）,惰行中,0.1,ブレーキ（減速）,0.1,70.0,70.0,1.2862990851536686,70.0,11.789589682475565,0.0,0.07898060638789697,0.0,9.2,この先制限速度なし,この先目立った勾配なし,先行列車なし,後続列車なし,0.0,低速(1.3km/h)で惰行を続け、先行列車不在にも関わらず停止位置へ向かうちんたら運転と判定し即reward0.0ルールが適用されたため。
207.3999999999973,Train11,次駅への減速フェーズ（駅手前400m以内）,ブレーキ（減速）中,0.1,惰行,0.1,70.0,70.0,1.2453058522629212,70.0,11.754485445781171,0.0,0.07402732287708669,0.0,9.2,この先制限速度なし,この先目立った勾配なし,先行列車なし,後続列車なし,0.0,ブレーキが過早にかかり駅手前で停止する確率が高く、即時0点ルールに該当するため0.0とした。
207.4999999999973,Train11,次駅への減速フェーズ（駅手前400m以内）,力行（加速）中,0.1,ブレーキ（減速）,0.1,70.0,70.0,1.1179193577622277,70.0,11.721839823692903,0.0,0.05965838277696854,0.0,9.2,この先制限速度なし,この先目立った勾配なし,先行列車なし,後続列車なし,0.0,次駅減速フェーズで低速1.1km/hのまま力行し、停止位置が確保できず即reward0.0ルールに該当するため。
207.5999999999973,Train11,次駅への減速フェーズ（駅手前400m以内）,ブレーキ（減速）中,0.1,力行（加速）,0.1,70.0,70.0,1.3964119901572498,70.0,11.686528352182535,0.0,0.09307958322832198,0.0,9.2,この先制限速度なし,この先目立った勾配なし,先行列車なし,後続列車なし,0.0,保持時間が7秒未満で力行→ブレーキへの不合理な切替がノコギリ運転と判定され、さらにdelta_stopが5m超で停止位置が達成できないためrewardは0.0とした。
207.6999999999973,Train11,次駅への減速フェーズ（駅手前400m以内）,惰行中,0.1,ブレーキ（減速）,0.1,70.0,70.0,1.2690127193935858,70.0,11.649685532770349,0.0,0.07687231302768797,0.0,9.2,この先制限速度なし,この先目立った勾配なし,先行列車なし,後続列車なし,0.0,低速1.3km/hで惰行し続け、先行列車不在の中でのちんたら運転とノコギリ運転が即0点基準に該当。
207.79999999999728,Train11,次駅への減速フェーズ（駅手前400m以内）,ブレーキ（減速）中,0.1,惰行,0.1,70.0,70.0,1.2280209477655692,70.0,11.61506145057345,0.0,0.07198681428289544,0.0,9.2,この先制限速度なし,この先目立った勾配なし,先行列車なし,後続列車なし,0.0,ブレーキが停止点より遠くで開始されΔstopが11.54mで過剰減速となり、保持時間0.1秒のノコギリ運転と判定されたためrewardは0.0とした。
207.89999999999728,Train11,次駅への減速フェーズ（駅手前400m以内）,惰行中,0.1,ブレーキ（減速）,0.1,70.0,70.0,1.1006359083650359,70.0,11.58289594246753,0.0,0.057828153131513356,0.0,9.2,この先制限速度なし,この先目立った勾配なし,先行列車なし,後続列車なし,0.0,次駅減速フェーズで先行列車なしの状態で低速1.1km/hのまま惰行を続け、即時0.0規則のちんたら運転に該当し、さらに0.1秒のノコギリ運転と判断されたためrewardは0.0とした。
207.99999999999727,Train11,次駅への減速フェーズ（駅手前400m以内）,ブレーキ（減速）中,0.1,惰行,0.1,70.0,70.0,1.0596583017070902,70.0,11.552948777431737,0.0,0.053602752489839145,0.0,9.2,この先制限速度なし,この先目立った勾配なし,先行列車なし,後続列車なし,0.0,低速で惰行し続けたため次駅減速フェーズでちんたら運転と判定し、即時0点ルールが適用された。
208.09999999999727,Train11,次駅への減速フェーズ（駅手前400m以内）,力行（加速）中,0.1,ブレーキ（減速）,0.1,70.0,70.0,0.9322873672677089,70.0,11.525459793784165,0.0,0.041492110850097075,0.0,9.2,この先制限速度なし,この先目立った勾配なし,先行列車なし,後続列車なし,0.0,次駅減速フェーズで低速(0.9km/h)のまま加速し、ちんたら運転と即0点規則に該当するためrewardは0.0とした。
208.19999999999726,Train11,次駅への減速フェーズ（駅手前400m以内）,ブレーキ（減速）中,0.1,力行（加速）,0.1,70.0,70.0,1.2117683884949904,70.0,11.495289654497753,0.0,0.07009418318868713,0.0,9.2,この先制限速度なし,この先目立った勾配なし,先行列車なし,後続列車なし,0.0,次駅減速フェーズでブレーキ開始が必要距離より早く、delta_stopが11.43mと5m超過しているため停止位置達成が不適切であり、即時0点評価となる。
208.29999999999725,Train11,次駅への減速フェーズ（駅手前400m以内）,惰行中,0.1,ブレーキ（減速）,0.1,70.0,70.0,1.08438471609627,70.0,11.463575585469954,0.0,0.056133239032215364,0.0,9.2,この先制限速度なし,この先目立った勾配なし,先行列車なし,後続列車なし,0.0,即reward0.0ルールで低速惰行がちんたら運転と判定され、必ず0.0点となる。
208.39999999999725,Train11,次駅への減速フェーズ（駅手前400m以内）,ブレーキ（減速）中,0.1,惰行,0.1,70.0,70.0,1.043408470033749,70.0,11.434079821647458,0.0,0.05197152768884776,0.0,9.2,この先制限速度なし,この先目立った勾配なし,先行列車なし,後続列車なし,0.0,駅手前で停止がほぼ確実となり即時0点ルールに該当するため、rewardは0.0とした。さらにブレーキが早すぎることとノコギリ運転が検出された点も評価を下げる要因となった。
208.49999999999724,Train11,次駅への減速フェーズ（駅手前400m以内）,力行（加速）中,0.1,ブレーキ（減速）,0.1,70.0,70.0,0.9160388903995709,70.0,11.407042201494022,0.0,0.04005853750215273,0.0,9.2,この先制限速度なし,この先目立った勾配なし,先行列車なし,後続列車なし,0.0,低速（0.9km/h）で先行列車なしにも関わらず力行を続けたため即時0点ルール（ちんたら運転）に該当し、rewardは0.0とした。
208.59999999999724,Train11,次駅への減速フェーズ（駅手前400m以内）,ブレーキ（減速）中,0.1,力行（加速）,0.1,70.0,70.0,1.19560641875675,70.0,11.377322086140396,0.0,0.06823709824346816,0.0,9.2,この先制限速度なし,この先目立った勾配なし,先行列車なし,後続列車なし,0.0,ブレーキが距離11.3mで開始され、停止位置が大きくずれ（Δ>5m）かつノコギリ運転と判定されたためrewardは0.0とした。
208.69999999999723,Train11,次駅への減速フェーズ（駅手前400m以内）,惰行中,0.1,ブレーキ（減速）,0.1,70.0,70.0,1.0682241045945728,70.0,11.34605693993862,0.0,0.05447276616379351,0.0,9.2,この先制限速度なし,この先目立った勾配なし,先行列車なし,後続列車なし,0.0,低速で惰行し続け、停止位置に到達できず、保持時間0.1秒のブレーキ→惰行の反転がノコギリ運転と判定されたためrewardは0.0とする。
208.79999999999723,Train11,次駅への減速フェーズ（駅手前400m以内）,ブレーキ（減速）中,0.1,惰行,0.1,70.0,70.0,1.0272492103982023,70.0,11.31701006131891,0.0,0.050374385295218406,0.0,9.2,この先制限速度なし,この先目立った勾配なし,先行列車なし,後続列車なし,0.0,ブレーキ開始が必要距離より遠く、delta_stopが11.27mで過度に早く減速しているため、停止位置達成が不可能と判断し0.0とした。
208.89999999999722,Train11,次駅への減速フェーズ（駅手前400m以内）,力行（加速）中,0.1,ブレーキ（減速）,0.1,70.0,70.0,0.8998809768725133,70.0,11.290421288904895,0.0,0.03865794293516479,0.0,9.2,この先制限速度なし,この先目立った勾配なし,先行列車なし,後続列車なし,0.0,低速0.9km/hで力行を続けたため「ちんたら運転」と判定し、即reward0.0ルールが適用された。安全上の問題はないがエネルギー無駄と遅延増大。
208.99999999999721,Train11,次駅への減速フェーズ（駅手前400m以内）,ブレーキ（減速）中,0.1,力行（加速）,0.1,70.0,70.0,1.1795345290619075,70.0,11.261148689211353,0.0,0.06641508310573846,0.0,9.2,この先制限速度なし,この先目立った勾配なし,先行列車なし,後続列車なし,0.0,ブレーキが必要距離より5m以上早く開始され、0.1秒の力行→ブレーキ反転がノコギリ運転と判定されたため、即時0点とする。
209.0999999999972,Train11,次駅への減速フェーズ（駅手前400m以内）,惰行中,0.1,ブレーキ（減速）,0.1,70.0,70.0,1.0521535644329787,70.0,11.230329963751728,0.0,0.05284626443480215,0.0,9.2,この先制限速度なし,この先目立った勾配なし,先行列車なし,後続列車なし,0.0,低速(1.1km/h)で惰行を続け、先行列車不在の状態で停止位置へ向かうちんたら運転と判定し、即時0点規則が適用されたためreward=0.0。
209.1999999999972,Train11,次駅への減速フェーズ（駅手前400m以内）,ブレーキ（減速）中,0.1,惰行,0.1,70.0,70.0,1.0111800134352549,70.0,11.20172946851028,0.0,0.04881085728277361,0.0,9.2,この先制限速度なし,この先目立った勾配なし,先行列車なし,後続列車なし,0.0,delta_stopが5m超でブレーキ開始が早すぎ、停止位置が達成できず大幅減点、かつノコギリ運転（保持時間2秒未満）に該当し0点と判断。
209.2999999999972,Train11,次駅への減速フェーズ（駅手前400m以内）,力行（加速）中,0.1,ブレーキ（減速）,0.1,70.0,70.0,0.8838131173829256,70.0,11.175587042224322,0.0,0.03728986535326224,0.0,9.2,この先制限速度なし,この先目立った勾配なし,先行列車なし,後続列車なし,0.0,次駅減速フェーズで先行列車なしの低速(0.9km/h)で小刻みな力行を続けたため、ちんたら運転とみなされ即時0点とした。
209.3999999999972,Train11,次駅への減速フェーズ（駅手前400m以内）,ブレーキ（減速）中,0.1,力行（加速）,0.1,70.0,70.0,1.1635522128373699,70.0,11.14675946405086,0.0,0.06462766720916766,0.0,9.2,この先制限速度なし,この先目立った勾配なし,先行列車なし,後続列車なし,0.0,ブレーキ開始が停止位置より遠すぎ、0.1秒の力行→ブレーキはノコギリ運転とみなされエネルギー無駄で0点と判断した。
209.4999999999972,Train11,次駅への減速フェーズ（駅手前400m以内）,惰行中,0.1,ブレーキ（減速）,0.1,70.0,70.0,1.0361725890998772,70.0,11.116384671318258,0.0,0.05125326949273311,0.0,9.2,この先制限速度なし,この先目立った勾配なし,先行列車なし,後続列車なし,0.0,次駅減速フェーズで先行列車なしの状態で速度1km/hのまま惰行を続けたため「ちんたら運転」と判定し、即reward0.0ルールが適用された。
209.59999999999718,Train11,次駅への減速フェーズ（駅手前400m以内）,ブレーキ（減速）中,0.1,惰行,0.1,70.0,70.0,0.995200372694573,70.0,11.088228071649553,0.0,0.047280479431069534,0.0,9.2,この先制限速度なし,この先目立った勾配なし,先行列車なし,後続列車なし,0.0,次駅減速フェーズでdelta_stopが11mと大きく、ブレーキにより駅手前で停止するため停止位置達成が不可能であり、かつ保持時間0.1秒のノコギリ運転に該当しreward上限0.0となる。
209.69999999999717,Train11,次駅への減速フェーズ（駅手前400m以内）,力行（加速）中,0.1,ブレーキ（減速）,0.1,70.0,70.0,0.867834805541564,70.0,11.062529503945484,0.0,0.03595384865114606,0.0,9.2,この先制限速度なし,この先目立った勾配なし,先行列車なし,後続列車なし,0.0,先行列車不在で信号遵守もなく、低速(0.9km/h)のまま次駅減速フェーズで加速しちんたら運転と判定されたため即0点とした。
209.79999999999717,Train11,次駅への減速フェーズ（駅手前400m以内）,ブレーキ（減速）中,0.1,力行（加速）,0.1,70.0,70.0,1.147658966408648,70.0,11.034144467163998,0.0,0.06287438569506956,0.0,9.2,この先制限速度なし,この先目立った勾配なし,先行列車なし,後続列車なし,0.0,ブレーキが早すぎてdelta_stopが10.97mと5m超過し停止位置が大幅に逸脱、かつ0.1秒で力行→ブレーキのノコギリ運転と判定されたため0.0とした。
209.89999999999716,Train11,次駅への減速フェーズ（駅手前400m以内）,惰行中,0.1,ブレーキ（減速）,0.1,70.0,70.0,1.0202806749817699,70.0,11.00421113312322,0.0,0.049693322656710275,0.0,9.2,この先制限速度なし,この先目立った勾配なし,先行列車なし,後続列車なし,0.0,次駅減速フェーズで先行列車なしにも関わらず低速1 km/hの惰行がちんたら運転と判定され、即時0点規則に該当したためrewardは0.0とした。
209.99999999999716,Train11,次駅への減速フェーズ（駅手前400m以内）,ブレーキ（減速）中,0.1,惰行,0.1,70.0,70.0,0.9793097846234455,70.0,10.976495955254961,0.0,0.045782793125287366,0.0,9.2,この先制限速度なし,この先目立った勾配なし,先行列車なし,後続列車なし,0.0,保持時間0.1秒で惰行→減速への反転かつ合理的理由がなくノコギリ運転と判定され、上限0.0点となった。
210.09999999999715,Train11,次駅への減速フェーズ（駅手前400m以内）,力行（加速）中,0.1,ブレーキ（減速）,0.1,70.0,70.0,0.8519455378563212,70.0,10.951238772584304,0.0,0.034649442347081644,0.0,9.2,この先制限速度なし,この先目立った勾配なし,先行列車なし,後続列車なし,0.0,低速で力行し続けたことがちんたら運転とノコギリ運転に該当し、即時0点規則によりreward=0.0とした。
210.19999999999715,Train11,次駅への減速フェーズ（駅手前400m以内）,ブレーキ（減速）中,0.1,力行（加速）,0.1,70.0,70.0,1.1318542889827186,70.0,10.923293811000434,0.0,0.06115477934565834,0.0,9.2,この先制限速度なし,この先目立った勾配なし,先行列車なし,後続列車なし,0.0,減速フェーズでdelta_stopが10.86mと大きくブレーキ開始が早すぎ、0.1秒の力行→ブレーキの短時間切替でノコギリ運転と判定されreward上限0.0となったため0.0点。
210.29999999999714,Train11,次駅への減速フェーズ（駅手前400m以内）,惰行中,0.1,ブレーキ（減速）,0.1,70.0,70.0,1.004477321346138,70.0,10.893799475521604,0.0,0.048165970850964954,0.0,9.2,この先制限速度なし,この先目立った勾配なし,先行列車なし,後続列車なし,0.0,次駅減速フェーズで先行列車なしの状態で低速（1 km/h）の惰行が続き、即時0点ルールの『ちんたら運転』に該当するため0.0とした。
210.39999999999714,Train11,次駅への減速フェーズ（駅手前400m以内）,ブレーキ（減速）中,0.1,惰行,0.1,70.0,70.0,0.9635077485496573,70.0,10.866523259558392,0.0,0.04431735207150832,0.0,9.2,この先制限速度なし,この先目立った勾配なし,先行列車なし,後続列車なし,0.0,次駅減速フェーズでdelta_stopが10.8mと大きく、ブレーキを開始したため停止位置が過早となり、ノコギリ運転（保持時間0.1秒）も判定され、reward上限が0.0点となった。
210.49999999999713,Train11,次駅への減速フェーズ（駅手前400m以内）,力行（加速）中,0.1,ブレーキ（減速）,0.1,70.0,70.0,0.8361448137151022,70.0,10.841705002270885,0.0,0.03337620151666978,0.0,9.2,この先制限速度なし,この先目立った勾配なし,先行列車なし,後続列車なし,0.0,低速0.8km/hで加速を続け、保持時間が0.1秒と短く合理的理由がなくノコギリ運転と判定され、次駅減速フェーズでのちんたら運転に該当するため即時0点とする。
210.59999999999712,Train11,次駅への減速フェーズ（駅手前400m以内）,ブレーキ（減速）中,0.1,力行（加速）,0.1,70.0,70.0,1.1161376826309974,70.0,10.814197663581382,0.0,0.059468394518078074,0.0,9.2,この先制限速度なし,この先目立った勾配なし,先行列車なし,後続列車なし,0.0,ブレーキ中にΔstopが10.75mと5m超で、停止位置が大幅に逸脱しているため即時0点と判断した。
210.69999999999712,Train11,次駅への減速フェーズ（駅手前400m以内）,惰行中,0.1,ブレーキ（減速）,0.1,70.0,70.0,0.9887620303244216,70.0,10.785139880400862,0.0,0.04667076216133689,0.0,9.2,この先制限速度なし,この先目立った勾配なし,先行列車なし,後続列車なし,0.0,次駅減速フェーズで先行列車なしにも関わらず低速1km/hで惰行を続けたため、即時0点ルール（ちんたら運転）に該当し、rewardは0.0とした。
210.7999999999971,Train11,次駅への減速フェーズ（駅手前400m以内）,ブレーキ（減速）中,0.1,惰行,0.1,70.0,70.0,0.9477937666644709,70.0,10.758300180292224,0.0,0.04288371073333943,0.0,9.2,この先制限速度なし,この先目立った勾配なし,先行列車なし,後続列車なし,0.0,ブレーキ開始が早すぎて停止位置までの距離が10.72mあり、必要ブレーキ距離0.04mに対し過剰減速と判断し0.0点とした。
210.8999999999971,Train11,次駅への減速フェーズ（駅手前400m以内）,惰行中,0.1,ブレーキ（減速）,0.1,70.0,70.0,0.8204321353688099,70.0,10.733918402571874,0.0,0.032133686727387034,0.0,9.2,この先制限速度なし,この先目立った勾配なし,先行列車なし,後続列車なし,0.0,低速で惰行し続け、次駅減速フェーズのちんたら運転に該当し即時0点規則が適用されたためreward=0.0。
210.9999999999971,Train11,次駅への減速フェーズ（駅手前400m以内）,力行（加速）中,0.1,惰行,0.1,70.0,70.0,0.7794778263970434,70.0,10.711754319608247,0.0,0.02900589209047121,0.0,9.2,この先制限速度なし,この先目立った勾配なし,先行列車なし,後続列車なし,0.0,次駅減速フェーズで速度0.8km/hの低速状態のまま力行を続け、先行列車不在にも関わらず停止位置へ向かうちんたら運転となり、即時0点ルールに該当するためrewardは0.0とした。
211.0999999999971,Train11,次駅への減速フェーズ（駅手前400m以内）,ブレーキ（減速）中,0.1,力行（加速）,0.1,70.0,70.0,1.0597723625503195,70.0,10.685816451562857,0.0,0.053614291450269025,0.0,9.2,この先制限速度なし,この先目立った勾配なし,先行列車なし,後続列車なし,0.0,ブレーキがdelta_stop10.63mで過早にかかり、0.1秒の力行→ブレーキ反転がノコギリ運転に該当するため0点とした。
211.1999999999971,Train11,次駅への減速フェーズ（駅手前400m以内）,惰行中,0.1,ブレーキ（減速）,0.1,70.0,70.0,0.9324014185972052,70.0,10.658324299704702,0.0,0.04150226244811328,0.0,9.2,この先制限速度なし,この先目立った勾配なし,先行列車なし,後続列車なし,0.0,次駅減速フェーズで低速0.9km/hの惰行はちんたら運転とみなされ、即reward0.0ルールに該当するため0.0とした。
211.29999999999708,Train11,次駅への減速フェーズ（駅手前400m以内）,力行（加速）中,0.1,惰行,0.1,70.0,70.0,0.89143784108094,70.0,10.63305010052673,0.0,0.037935990555385796,0.0,9.2,この先制限速度なし,この先目立った勾配なし,先行列車なし,後続列車なし,0.0,次駅減速フェーズで低速のまま力行し停止位置が確保できず、即reward0.0ルールに該当するため0.0とした。
211.39999999999708,Train11,次駅への減速フェーズ（駅手前400m以内）,ブレーキ（減速）中,0.1,力行（加速）,0.1,70.0,70.0,1.1711363436042408,70.0,10.604011345115794,0.0,0.06547281525650263,0.0,9.2,この先制限速度なし,この先目立った勾配なし,先行列車なし,後続列車なし,0.0,ノコギリ運転とδ_stopが5m超のブレーキ遅延が判定され、上限が0.0点に設定されたため、rewardは0.0とする。
211.49999999999707,Train11,次駅への減速フェーズ（駅手前400m以内）,惰行中,0.1,ブレーキ（減速）,0.1,70.0,70.0,1.0437560837092943,70.0,10.573425891816868,0.0,0.052006158798354477,0.0,9.2,この先制限速度なし,この先目立った勾配なし,先行列車なし,後続列車なし,0.0,次駅減速フェーズで先行列車なしにも関わらず速度1km/hのまま惰行を続けたため、即reward0.0ルールに該当し0点とした。
211.59999999999707,Train11,次駅への減速フェーズ（駅手前400m以内）,ブレーキ（減速）中,0.1,惰行,0.1,70.0,70.0,1.0027832341355896,70.0,10.545058649199746,0.0,0.04800365635651498,0.0,9.2,この先制限速度なし,この先目立った勾配なし,先行列車なし,後続列車なし,0.0,駅手前で停止が確実となり、即時0点ルールに該当するためrewardは0.0とした。
211.69999999999706,Train11,次駅への減速フェーズ（駅手前400m以内）,惰行中,0.1,ブレーキ（減速）,0.1,70.0,70.0,0.8754170365157069,70.0,10.519149456101218,0.0,0.03658479409300992,0.0,9.2,この先制限速度なし,この先目立った勾配なし,先行列車なし,後続列車なし,0.0,先行列車なしで低速0.9km/hのまま惰行し続けるちんたら運転が即時0点ルールに該当するため。
211.79999999999706,Train11,次駅への減速フェーズ（駅手前400m以内）,力行（加速）中,0.1,惰行,0.1,70.0,70.0,0.8344581828806183,70.0,10.495458084232467,0.0,0.03324169844578853,0.0,9.2,この先制限速度なし,この先目立った勾配なし,先行列車なし,後続列車なし,0.0,次駅減速フェーズで先行列車不在にも関わらず低速のまま加速し、即reward0.0ルールのちんたら運転に該当するため評価は0.0とした。
211.89999999999705,Train11,次駅への減速フェーズ（駅手前400m以内）,ブレーキ（減速）中,0.1,力行（加速）,0.1,70.0,70.0,1.1144600307929287,70.0,10.467997459119971,0.0,0.05928977567033911,0.0,9.2,この先制限速度なし,この先目立った勾配なし,先行列車なし,後続列車なし,0.0,ノコギリ運転と判定され、現在ブレーキと直前の力行が0.1秒ずつで保持時間が2秒未満のため、reward上限が0.0点に設定されました。
211.99999999999704,Train11,次駅への減速フェーズ（駅手前400m以内）,惰行中,0.1,ブレーキ（減速）,0.1,70.0,70.0,0.9870845188259821,70.0,10.438986275229212,0.0,0.046512549890933015,0.0,9.2,この先制限速度なし,この先目立った勾配なし,先行列車なし,後続列車なし,0.0,次駅減速フェーズで先行列車なしにも関わらず1 km/hの低速惰行はちんたら運転と判定され、即reward0.0ルールに該当するため評価は0.0とした。
212.09999999999704,Train11,次駅への減速フェーズ（駅手前400m以内）,力行（加速）中,0.1,惰行,0.1,70.0,70.0,0.9461163948445614,70.0,10.412193170527217,0.0,0.04273207038864005,0.0,9.2,この先制限速度なし,この先目立った勾配なし,先行列車なし,後続列車なし,0.0,次駅減速フェーズで先行列車なしの低速0.9km/hで力行を続行し、ちんたら運転とノコギリ運転に該当するため即時0点とした。
212.19999999999703,Train11,次駅への減速フェーズ（駅手前400m以内）,ブレーキ（減速）中,0.1,力行（加速）,0.1,70.0,70.0,1.2255237892222839,70.0,10.38164001729669,0.0,0.07169437804710103,0.0,9.2,この先制限速度なし,この先目立った勾配なし,先行列車なし,後続列車なし,0.0,δ_stopが10.31mでブレーキが早すぎ、停止位置が5m以上ずれたため、次駅減速フェーズでの停止位置達成が不可能と判断しrewardを0.0とした。
212.29999999999703,Train11,次駅への減速フェーズ（駅手前400m以内）,惰行中,0.1,ブレーキ（減速）,0.1,70.0,70.0,1.098138959932736,70.0,10.349543871495115,0.0,0.057566095726316435,0.0,9.2,この先制限速度なし,この先目立った勾配なし,先行列車なし,後続列車なし,0.0,低速1.1km/hで惰行を続けブレーキ未実施のため次駅減速フェーズでのちんたら運転と判定し即時0点とした。
212.39999999999702,Train11,次駅への減速フェーズ（駅手前400m以内）,ブレーキ（減速）中,0.1,惰行,0.1,70.0,70.0,1.057161562401434,70.0,10.319666062933663,0.0,0.053350481011603536,0.0,9.2,この先制限速度なし,この先目立った勾配なし,先行列車なし,後続列車なし,0.0,ブレーキ中にdelta_stopが10.27mと5mを超えており、停止位置が遠すぎるため大幅減点としreward=0.0とした。
212.49999999999702,Train11,次駅への減速フェーズ（駅手前400m以内）,惰行中,0.1,ブレーキ（減速）,0.1,70.0,70.0,0.9297908361990268,70.0,10.29224642996951,0.0,0.04127020807131025,0.0,9.2,この先制限速度なし,この先目立った勾配なし,先行列車なし,後続列車なし,0.0,低速0.9km/hで惰行を続けたことが次駅減速フェーズでのちんたら運転と判定され、即reward0.0ルールに該当するため0.0とした。
212.599999999997,Train11,次駅への減速フェーズ（駅手前400m以内）,力行（加速）中,0.1,惰行,0.1,70.0,70.0,0.8888274754048122,70.0,10.267044743656584,0.0,0.03771416140925942,0.0,9.2,この先制限速度なし,この先目立った勾配なし,先行列車なし,後続列車なし,0.0,次駅減速フェーズで先行列車なしにも関わらず低速のまま加速し続けたため、ちんたら運転と判定し即時0点とした。
212.699999999997,Train11,次駅への減速フェーズ（駅手前400m以内）,ブレーキ（減速）中,0.1,力行（加速）,0.1,70.0,70.0,1.168539875167552,70.0,10.238078285926377,0.0,0.06518285629166776,0.0,9.2,この先制限速度なし,この先目立った勾配なし,先行列車なし,後続列車なし,0.0,ブレーキが早すぎてdelta_stopが10.17mで停止位置が大幅に逸脱し、持続時間7秒未満の力行→ブレーキ反転でノコギリ運転と判定されたため0.0点とした。
212.799999999997,Train11,次駅への減速フェーズ（駅手前400m以内）,惰行中,0.1,ブレーキ（減速）,0.1,70.0,70.0,1.0411598330928953,70.0,10.20756495340791,0.0,0.05174778518645394,0.0,9.2,この先制限速度なし,この先目立った勾配なし,先行列車なし,後続列車なし,0.0,先行列車なしで低速1km/hの惰行が停車位置へ進む「ちんたら運転」とみなされ、即時0点規則に該当するため。
212.899999999997,Train11,次駅への減速フェーズ（駅手前400m以内）,ブレーキ（減速）中,0.1,惰行,0.1,70.0,70.0,1.0001872003161543,70.0,10.17926982555295,0.0,0.04775545569153791,0.0,9.2,この先制限速度なし,この先目立った勾配なし,先行列車なし,後続列車なし,0.0,ブレーキが停止位置より遠くで開始され、delta_stopが10m超で早すぎる上、保持時間0.1秒のノコギリ運転と判定されたためrewardは0.0とした。
212.999999999997,Train11,次駅への減速フェーズ（駅手前400m以内）,惰行中,0.1,ブレーキ（減速）,0.1,70.0,70.0,0.8728212185683463,70.0,10.15343274120184,0.0,0.03636816876865875,0.0,9.2,この先制限速度なし,この先目立った勾配なし,先行列車なし,後続列車なし,0.0,次駅減速フェーズで先行列車なしの低速0.9km/hで惰行し、delta_stopが10.12mとブレーキ未実施のためちんたら運転と判定し即0点とした。
213.09999999999698,Train11,次駅への減速フェーズ（駅手前400m以内）,力行（加速）中,0.1,惰行,0.1,70.0,70.0,0.8318625797826547,70.0,10.129813472104843,0.0,0.03303523838547739,0.0,9.2,この先制限速度なし,この先目立った勾配なし,先行列車なし,後続列車なし,0.0,次駅減速フェーズで速度0.8km/hのまま加速し、先行列車不在の低速ちんたら運転に該当し即時0点と判断した。さらに、保持時間が7秒未満でノコギリ運転とみなされ、エネルギー無駄も確認された。
213.19999999999698,Train11,次駅への減速フェーズ（駅手前400m以内）,ブレーキ（減速）中,0.1,力行（加速）,0.1,70.0,70.0,1.1118782456981242,70.0,10.102424735801918,0.0,0.059015418894590006,0.0,9.2,この先制限速度なし,この先目立った勾配なし,先行列車なし,後続列車なし,0.0,ブレーキ開始が停止点より10m前に過早く、|delta_stop|が5m超で大幅減点、かつノコギリ運転(2秒未満)によりrewardは0.0とした。
213.29999999999697,Train11,次駅への減速フェーズ（駅手前400m以内）,惰行中,0.1,ブレーキ（減速）,0.1,70.0,70.0,0.9845029496796879,70.0,10.073485264861404,0.0,0.04626959732328067,0.0,9.2,この先制限速度なし,この先目立った勾配なし,先行列車なし,後続列車なし,0.0,次駅減速フェーズで低速1km/hの惰行が続き、先行列車不在にも関わらず停止位置へ進むちんたら運転と判定され即時0点規則が適用されたため。
213.39999999999696,Train11,次駅への減速フェーズ（駅手前400m以内）,力行（加速）中,0.1,惰行,0.1,70.0,70.0,0.9435350406293981,70.0,10.046763867130437,0.0,0.04249923146045984,0.0,9.2,この先制限速度なし,この先目立った勾配なし,先行列車なし,後続列車なし,0.0,次駅減速フェーズで先行列車なしにも関わらず低速0.9km/hで力行を続けたことが「ちんたら運転」と判定され、即時0点となった。
213.49999999999696,Train11,次駅への減速フェーズ（駅手前400m以内）,ブレーキ（減速）中,0.1,力行（加速）,0.1,70.0,70.0,1.2229561784066008,70.0,10.016282208063387,0.0,0.07139431180959843,0.0,9.2,この先制限速度なし,この先目立った勾配なし,先行列車なし,後続列車なし,0.0,ブレーキが必要距離より早く開始されdelta_stopが9.94mで大幅減点となり、即時0点ルールとノコギリ運転が適用されたためrewardは0.0。
213.59999999999695,Train11,次駅への減速フェーズ（駅手前400m以内）,惰行中,0.1,ブレーキ（減速）,0.1,70.0,70.0,1.095571565127453,70.0,9.984257381475459,0.0,0.05729726532526265,0.0,9.2,この先制限速度なし,この先目立った勾配なし,先行列車なし,後続列車なし,0.0,低速で惰行し続けるちんたら運転が即時0点規則に該当し、停止位置確保が不可能なためreward=0.0
213.69999999999695,Train11,次駅への減速フェーズ（駅手前400m以内）,ブレーキ（減速）中,0.1,惰行,0.1,70.0,70.0,1.0545943825944446,70.0,9.954450886148436,0.0,0.053091712532498773,0.0,9.2,この先制限速度なし,この先目立った勾配なし,先行列車なし,後続列車なし,0.0,ブレーキと惰行が0.1秒未満で反転し、保持時間が7秒未満のノコギリ運転と判定され、上限が0.0点となったため。
213.79999999999694,Train11,次駅への減速フェーズ（駅手前400m以内）,惰行中,0.1,ブレーキ（減速）,0.1,70.0,70.0,0.9272238704755683,70.0,9.92710256046081,0.0,0.04104266503471893,0.0,9.2,この先制限速度なし,この先目立った勾配なし,先行列車なし,後続列車なし,0.0,低速0.9km/hで惰行し続け、先行列車不在にも関わらず停止位置へ向かうちんたら運転と、0.1秒のブレーキ→惰行の反転が即時0点規則に該当するためrewardは0.0とした。
213.89999999999694,Train11,次駅への減速フェーズ（駅手前400m以内）,力行（加速）中,0.1,惰行,0.1,70.0,70.0,0.8862607227534219,70.0,9.901972175498486,0.0,0.03749667266764693,0.0,9.2,この先制限速度なし,この先目立った勾配なし,先行列車なし,後続列車なし,0.0,低速(0.9km/h)で加速し続けたことが次駅減速フェーズのちんたら運転に該当し、即時0点ルールが適用されたためrewardは0.0。
213.99999999999693,Train11,次駅への減速フェーズ（駅手前400m以内）,ブレーキ（減速）中,0.1,力行（加速）,0.1,70.0,70.0,1.165986787536804,70.0,9.87307680752636,0.0,0.06489836918064679,0.0,9.2,この先制限速度なし,この先目立った勾配なし,先行列車なし,後続列車なし,0.0,駅手前で停止がほぼ確実であり、delta_stopが9.81mと大きく、ブレーキ開始が早すぎるため即時0点とした。
214.09999999999692,Train11,次駅への減速フェーズ（駅手前400m以内）,惰行中,0.1,ブレーキ（減速）,0.1,70.0,70.0,1.0386069596144238,70.0,9.842634390846428,0.0,0.051494355640549896,0.0,9.2,この先制限速度なし,この先目立った勾配なし,先行列車なし,後続列車なし,0.0,次駅減速フェーズで低速1km/hのまま惰行を続けたため、即時0点ルール（ちんたら運転）に該当し、rewardは0.0とした。
214.19999999999692,Train11,次駅への減速フェーズ（駅手前400m以内）,力行（加速）中,0.1,惰行,0.1,70.0,70.0,0.9976345399837387,70.0,9.814410172886312,0.0,0.04751202807492448,0.0,9.2,この先制限速度なし,この先目立った勾配なし,先行列車なし,後続列車なし,0.0,低速での加速がちんたら運転と判定され、即時0点規則に該当したためrewardは0.0。
214.2999999999969,Train11,次駅への減速フェーズ（駅手前400m以内）,ブレーキ（減速）中,0.1,力行（加速）,0.1,70.0,70.0,1.276767640322712,70.0,9.782430153887134,0.0,0.07781459817465448,0.0,9.2,この先制限速度なし,この先目立った勾配なし,先行列車なし,後続列車なし,0.0,ブレーキが過早にかかりdelta_stopが9.70mで大幅減点、かつ0.1秒の力行→ブレーキはノコギリ運転（持続時間2秒未満）でreward上限0.0と判断。
214.3999999999969,Train11,次駅への減速フェーズ（駅手前400m以内）,惰行中,0.1,ブレーキ（減速）,0.1,70.0,70.0,1.14937849391085,70.0,9.748910633796015,0.0,0.06306291438520943,0.0,9.2,この先制限速度なし,この先目立った勾配なし,先行列車なし,後続列車なし,0.0,次駅減速フェーズで先行列車なしにも関わらず低速1.1km/hの惰行は即reward0.0対象となるため0.0とした。
214.4999999999969,Train11,次駅への減速フェーズ（駅手前400m以内）,ブレーキ（減速）中,0.1,惰行,0.1,70.0,70.0,1.1083967994581545,70.0,9.717609570518704,0.0,0.05864646569448552,0.0,9.2,この先制限速度なし,この先目立った勾配なし,先行列車なし,後続列車なし,0.0,ブレーキが停止位置から9.66m前に開始され|delta_stop|>5mで大幅減点、保持時間0.1秒のノコギリ運転（2秒未満）によりreward上限0.0と判断した。
214.5999999999969,Train11,次駅への減速フェーズ（駅手前400m以内）,惰行中,0.1,ブレーキ（減速）,0.1,70.0,70.0,0.9810217945925077,70.0,9.688766801968285,0.0,0.04594299151156567,0.0,9.2,この先制限速度なし,この先目立った勾配なし,先行列車なし,後続列車なし,0.0,低速で惰行し続け、先行列車不在にも関わらず停止位置へ向かうちんたら運転かつ持続時間7秒未満のノコギリ運転と判定されたため、即時0点とした。
214.6999999999969,Train11,次駅への減速フェーズ（駅手前400m以内）,力行（加速）中,0.1,惰行,0.1,70.0,70.0,0.9400541753231196,70.0,9.662142098559201,0.0,0.04218626338199157,0.0,9.2,この先制限速度なし,この先目立った勾配なし,先行列車なし,後続列車なし,0.0,低速(0.9km/h)で加速し続け、次駅減速フェーズでのちんたら運転とノコギリ運転が即0点規則に該当したため0.0とした。
214.79999999999688,Train11,次駅への減速フェーズ（駅手前400m以内）,ブレーキ（減速）中,0.1,力行（加速）,0.1,70.0,70.0,1.2194938455449853,70.0,9.631756846840034,0.0,0.07099067921018506,0.0,9.2,この先制限速度なし,この先目立った勾配なし,先行列車なし,後続列車なし,0.0,次駅減速フェーズでブレーキ中にdelta_stopが9.56mと大きく停止位置が不可能で、0.1秒の力行→減速はノコギリ運転に該当するためrewardは0.0。
214.89999999999688,Train11,次駅への減速フェーズ（駅手前400m以内）,惰行中,0.1,ブレーキ（減速）,0.1,70.0,70.0,1.0921095235026006,70.0,9.599828191721116,0.0,0.05693575303797251,0.0,9.2,この先制限速度なし,この先目立った勾配なし,先行列車なし,後続列車なし,0.0,次駅減速フェーズで先行列車なしにも関わらず速度1.1km/hのまま惰行を続け、低速でブレーキせずに停止位置へ進むため即時0点のちんたら運転と判定した。
214.99999999999687,Train11,次駅への減速フェーズ（駅手前400m以内）,力行（加速）中,0.1,惰行,0.1,70.0,70.0,1.051132630841578,70.0,9.570117859787786,0.0,0.05274376824031084,0.0,9.2,この先制限速度なし,この先目立った勾配なし,先行列車なし,後続列車なし,0.0,次駅減速フェーズで先行列車不在にも関わらず低速(1.1km/h)のまま力行し、ちんたら運転とみなされ即時0点規則に該当したため0.0とした。
215.09999999999687,Train11,次駅への減速フェーズ（駅手前400m以内）,ブレーキ（減速）中,0.1,力行（加速）,0.1,70.0,70.0,1.3299808832706392,70.0,9.53665613788246,0.0,0.08443522462066921,0.0,9.2,この先制限速度なし,この先目立った勾配なし,先行列車なし,後続列車なし,0.0,ブレーキ中に|delta_stop|が5m超で大幅減点対象となり、保持時間0.1秒のノコギリ運転でreward上限0.0と判断した。
215.19999999999686,Train11,次駅への減速フェーズ（駅手前400m以内）,惰行中,0.1,ブレーキ（減速）,0.1,70.0,70.0,1.2025872416647576,70.0,9.501658540905566,0.0,0.06903616888902024,0.0,9.2,この先制限速度なし,この先目立った勾配なし,先行列車なし,後続列車なし,0.0,低速(1.2km/h)で惰行し続け、即0.0ルールのちんたら運転に該当し、かつノコギリ運転(2秒未満)で評価が0点となる。
215.29999999999686,Train11,次駅への減速フェーズ（駅手前400m以内）,ブレーキ（減速）中,0.1,惰行,0.1,70.0,70.0,1.1616010729983866,70.0,9.46887952523312,0.0,0.06441112698977572,0.0,9.2,この先制限速度なし,この先目立った勾配なし,先行列車なし,後続列車なし,0.0,次駅減速フェーズでブレーキ開始が遅すぎ、delta_stopが5m超えているため大幅減点とし0.0とした。
215.39999999999685,Train11,次駅への減速フェーズ（駅手前400m以内）,惰行中,0.1,ブレーキ（減速）,0.1,70.0,70.0,1.0342216128819588,70.0,9.438558928327012,0.0,0.05106046421963466,0.0,9.2,この先制限速度なし,この先目立った勾配なし,先行列車なし,後続列車なし,0.0,次駅減速フェーズで先行列車なしにも関わらず低速1 km/hの惰行を続け、ブレーキ未実施で停止位置に遅れが生じるため即時0点と判定した。
215.49999999999685,Train11,次駅への減速フェーズ（駅手前400m以内）,力行（加速）中,0.1,惰行,0.1,70.0,70.0,0.9932495593287469,70.0,9.410456519958643,0.0,0.04709531774628731,0.0,9.2,この先制限速度なし,この先目立った勾配なし,先行列車なし,後続列車なし,0.0,次駅減速フェーズで低速1km/hのまま加速し、停止位置へ進むちんたら運転と判定されたため即時0点とした。
215.59999999999684,Train11,次駅への減速フェーズ（駅手前400m以内）,ブレーキ（減速）中,0.1,力行（加速）,0.1,70.0,70.0,1.2724060067267708,70.0,9.378597949012857,0.0,0.07728391853301937,0.0,9.2,この先制限速度なし,この先目立った勾配なし,先行列車なし,後続列車なし,0.0,ブレーキが早すぎて駅手前で停止する可能性が高く、即reward0.0ルールに該当するため評価は0.0とした。
215.69999999999683,Train11,次駅への減速フェーズ（駅手前400m以内）,惰行中,0.1,ブレーキ（減速）,0.1,70.0,70.0,1.1450172282151145,70.0,9.345199579783525,0.0,0.0625852957405884,0.0,9.2,この先制限速度なし,この先目立った勾配なし,先行列車なし,後続列車なし,0.0,次駅減速フェーズで先行列車なしにも関わらず低速1.1km/hで惰行を続け、停止位置に向けたブレーキ未実施のため即reward0.0ルールが適用される。
215.79999999999683,Train11,次駅への減速フェーズ（駅手前400m以内）,力行（加速）中,0.1,惰行,0.1,70.0,70.0,1.1040358999431057,70.0,9.31401965718237,0.0,0.05818594258518015,0.0,9.2,この先制限速度なし,この先目立った勾配なし,先行列車なし,後続列車なし,0.0,次駅減速フェーズで先行列車なしにも関わらず低速(1.1km/h)のまま力行し、即0.0ルールに該当したため0.0とした。
215.89999999999682,Train11,次駅への減速フェーズ（駅手前400m以内）,ブレーキ（減速）中,0.1,力行（加速）,0.1,70.0,70.0,1.3826024593367567,70.0,9.279092706975689,0.0,0.091247946261298,0.0,9.2,この先制限速度なし,この先目立った勾配なし,先行列車なし,後続列車なし,0.0,ブレーキが停止点から9.19m離れた状態でかかっておりΔstop>5mのため大幅減点、かつ0.1秒の力行→ブレーキの反転がノコギリ運転と判定された。
215.99999999999682,Train11,次駅への減速フェーズ（駅手前400m以内）,惰行中,0.1,ブレーキ（減速）,0.1,70.0,70.0,1.2552043603375316,70.0,9.242633467717809,0.0,0.07520869290858223,0.0,9.2,この先制限速度なし,この先目立った勾配なし,先行列車なし,後続列車なし,0.0,次駅減速フェーズで低速惰行が続き、ちんたら運転とノコギリ運転が判定されたため即時0点とした。
216.0999999999968,Train11,次駅への減速フェーズ（駅手前400m以内）,力行（加速）中,0.1,惰行,0.1,70.0,70.0,1.214213755027964,70.0,9.208392933221177,0.0,0.07037733819953199,0.0,9.2,この先制限速度なし,この先目立った勾配なし,先行列車なし,後続列車なし,0.0,次駅減速フェーズで低速1.2km/hのまま力行したためちんたら運転と判定し、即0点とした。
216.1999999999968,Train11,次駅への減速フェーズ（駅手前400m以内）,ブレーキ（減速）中,0.1,力行（加速）,0.1,70.0,70.0,1.4921936134624385,70.0,9.17041445739386,0.0,0.10628443265697135,0.0,9.2,この先制限速度なし,この先目立った勾配なし,先行列車なし,後続列車なし,0.0,ブレーキが早すぎ、delta_stopが9.06mでノコギリ運転と判定され、停止位置も達成できず上限0.0点となったためreward=0.0。
216.2999999999968,Train11,次駅への減速フェーズ（駅手前400m以内）,惰行中,0.1,ブレーキ（減速）,0.1,70.0,70.0,1.3647861924917628,70.0,9.130911161971511,0.0,0.08891175496209419,0.0,9.2,この先制限速度なし,この先目立った勾配なし,先行列車なし,後続列車なし,0.0,低速(1.4km/h)で惰行を続け、先行列車なしの次駅減速フェーズで遅延が確定したため即0点とした。
216.3999999999968,Train11,次駅への減速フェーズ（駅手前400m以内）,力行（加速）中,0.1,惰行,0.1,70.0,70.0,1.3237863084354435,70.0,9.09362682949677,0.0,0.08365061856461478,0.0,9.2,この先制限速度なし,この先目立った勾配なし,先行列車なし,後続列車なし,0.0,次駅減速フェーズで低速(1.3km/h)のまま力行を続け、停止位置へ向かうちんたら運転とノコギリ運転が即時0点規則に該当するためrewardは0.0。
216.4999999999968,Train11,次駅への減速フェーズ（駅手前400m以内）,ブレーキ（減速）中,0.1,力行（加速）,0.1,70.0,70.0,1.6011826368731172,70.0,9.052613593503622,0.0,0.12237475640756489,0.0,9.2,この先制限速度なし,この先目立った勾配なし,先行列車なし,後続列車なし,0.0,ブレーキが停止点より8.9m前に開始され、保持時間0.1秒の反転操作でノコギリ運転と判定され、上限が0点のためrewardは0.0とした。
216.59999999999678,Train11,次駅への減速フェーズ（駅手前400m以内）,惰行中,0.1,ブレーキ（減速）,0.1,70.0,70.0,1.4737658930459154,70.0,9.010082967780164,0.0,0.10367590601474834,0.0,9.2,この先制限速度なし,この先目立った勾配なし,先行列車なし,後続列車なし,0.0,次駅減速フェーズで低速(1.5km/h)のまま惰行を続けたことが「ちんたら運転」に該当し、即reward0.0ルールが適用されたため。
216.69999999999678,Train11,次駅への減速フェーズ（駅手前400m以内）,力行（加速）中,0.1,惰行,0.1,70.0,70.0,1.4327567291335617,70.0,8.969771563226203,0.0,0.09798715921062176,0.0,9.2,この先制限速度なし,この先目立った勾配なし,先行列車なし,後続列車なし,0.0,次駅減速フェーズで低速1.4km/hのまま加速し続けたため、即reward0.0ルールの「ちんたら運転」に該当し、評価は0.0とした。
216.79999999999677,Train11,次駅への減速フェーズ（駅手前400m以内）,ブレーキ（減速）中,0.1,力行（加速）,0.1,70.0,70.0,1.7095726825224136,70.0,8.925740244752234,0.0,0.13950060561167216,0.0,9.2,この先制限速度なし,この先目立った勾配なし,先行列車なし,後続列車なし,0.0,ブレーキが停止位置から8.79m離れた地点で開始され早すぎ、2秒未満のノコギリ運転と判定されたためrewardは0.0とした。
216.89999999999677,Train11,次駅への減速フェーズ（駅手前400m以内）,惰行中,0.1,ブレーキ（減速）,0.1,70.0,70.0,1.5821466155428772,70.0,8.880198927005978,0.0,0.11948273604318768,0.0,9.2,この先制限速度なし,この先目立った勾配なし,先行列車なし,後続列車なし,0.0,次駅減速フェーズで低速1.6km/hのまま惰行し続けたため、即時0点ルール（ちんたら運転）に該当し、rewardは0.0とした。
216.99999999999676,Train11,次駅への減速フェーズ（駅手前400m以内）,力行（加速）中,0.1,惰行,0.1,70.0,70.0,1.5411281712555718,70.0,8.83687708865466,0.0,0.1133685768338049,0.0,9.2,この先制限速度なし,この先目立った勾配なし,先行列車なし,後続列車なし,0.0,先行列車不在で速度1.5km/hのまま力行を続け、次駅減速フェーズで停止位置が確保できないためちんたら運転と判定し即0点ルールが適用された。
217.09999999999675,Train11,次駅への減速フェーズ（駅手前400m以内）,ブレーキ（減速）中,0.1,力行（加速）,0.1,70.0,70.0,1.8173668885974619,70.0,8.789844277988124,0.0,0.15764385296803038,0.0,9.2,この先制限速度なし,この先目立った勾配なし,先行列車なし,後続列車なし,0.0,即時0点ルールに該当し、駅手前での早期ブレーキにより停車位置が確実に逸脱するためrewardは0.0とした。
217.19999999999675,Train11,次駅への減速フェーズ（駅手前400m以内）,惰行中,0.1,ブレーキ（減速）,0.1,70.0,70.0,1.689931498749625,70.0,8.741308819313787,0.0,0.13631410889561266,0.0,9.2,この先制限速度なし,この先目立った勾配なし,先行列車なし,後続列車なし,0.0,次駅減速フェーズで先行列車なしの低速1.7km/hの惰行はちんたら運転とみなされ、即時0点規則に該当するためreward=0.0。
217.29999999999674,Train11,次駅への減速フェーズ（駅手前400m以内）,力行（加速）中,0.1,惰行,0.1,70.0,70.0,1.6489037741493864,70.0,8.694993098256276,0.0,0.12977668904011036,0.0,9.2,この先制限速度なし,この先目立った勾配なし,先行列車なし,後続列車なし,0.0,次駅減速フェーズで低速1.6km/hのまま力行し、先行列車不在のちんたら運転と判定されたため即0点とした。
217.39999999999674,Train11,次駅への減速フェーズ（駅手前400m以内）,ブレーキ（減速）中,0.1,力行（加速）,0.1,70.0,70.0,1.9245683785681893,70.0,8.64497529874697,0.0,0.17678661604196239,0.0,9.2,この先制限速度なし,この先目立った勾配なし,先行列車なし,後続列車なし,0.0,0.1秒の加速→ブレーキへの短時間反転がノコギリ運転と判定され、上限0点となったためrewardは0.0とした。
217.49999999999673,Train11,次駅への減速フェーズ（駅手前400m以内）,惰行中,0.1,ブレーキ（減速）,0.1,70.0,70.0,1.7971236667066166,70.0,8.593462163460686,0.0,0.1541521087958545,0.0,9.2,この先制限速度なし,この先目立った勾配なし,先行列車なし,後続列車なし,0.0,低速1.8km/hで惰行し続けるちんたら運転が即0点規則に該当し、停止位置への適切なブレーキが無いためrewardは0.0とした。
217.59999999999673,Train11,次駅への減速フェーズ（駅手前400m以内）,力行（加速）中,0.1,惰行,0.1,70.0,70.0,1.7560866624270817,70.0,8.544169023998904,0.0,0.14719360005769253,0.0,9.2,この先制限速度なし,この先目立った勾配なし,先行列車なし,後続列車なし,0.0,次駅減速フェーズで先行列車なしにも関わらず低速1.8km/hで力行し、ちんたら運転に該当するため即時0点とした。
217.69999999999672,Train11,次駅への減速フェーズ（駅手前400m以内）,ブレーキ（減速）中,0.1,力行（加速）,0.1,70.0,70.0,2.031180261236673,70.0,8.491182652427653,0.0,0.19691125632451656,0.0,9.2,この先制限速度なし,この先目立った勾配なし,先行列車なし,後続列車なし,0.0,直前の力行から0.1秒でブレーキへ反転し、保持時間が7秒未満で合理的理由がなくノコギリ運転と判定されたため、reward上限は0.0点となった。
217.79999999999671,Train11,次駅への減速フェーズ（駅手前400m以内）,惰行中,0.1,ブレーキ（減速）,0.1,70.0,70.0,1.9037262287772594,70.0,8.436708218493294,0.0,0.17297902751489394,0.0,9.2,この先制限速度なし,この先目立った勾配なし,先行列車なし,後続列車なし,0.0,次駅減速フェーズで先行列車なしにも関わらず、現在速度1.9km/hのまま惰行を続けているため「ちんたら運転」と判定され、即時0点ルールが適用される。
217.8999999999967,Train11,次駅への減速フェーズ（駅手前400m以内）,ブレーキ（減速）中,0.1,惰行,0.1,70.0,70.0,1.8626799460144776,70.0,8.384454038559142,0.0,0.1656015648691722,0.0,9.2,この先制限速度なし,この先目立った勾配なし,先行列車なし,後続列車なし,0.0,惰行からブレーキへの短時間切替がノコギリ運転と判定され、上限が0.0点となったためrewardは0.0とした。
217.9999999999967,Train11,次駅への減速フェーズ（駅手前400m以内）,惰行中,0.1,ブレーキ（減速）,0.1,70.0,70.0,1.7352406219728822,70.0,8.334659944011946,0.0,0.14372033075140433,0.0,9.2,この先制限速度なし,この先目立った勾配なし,先行列車なし,後続列車なし,0.0,低速(1.7km/h)で惰行し続け、ブレーキ未使用のため次駅減速フェーズでのちんたら運転と判定し即0点とした。
218.0999999999967,Train11,次駅への減速フェーズ（駅手前400m以内）,力行（加速）中,0.1,惰行,0.1,70.0,70.0,1.694208981071659,70.0,8.287085696053964,0.0,0.13700493348173962,0.0,9.2,この先制限速度なし,この先目立った勾配なし,先行列車なし,後続列車なし,0.0,次駅減速フェーズで先行列車不在にも関わらず低速（1.7km/h）で力行を継続し、即zeroルールの「ちんたら運転」に該当するためrewardは0.0とした。
218.1999999999967,Train11,次駅への減速フェーズ（駅手前400m以内）,ブレーキ（減速）中,0.1,力行（加速）,0.1,70.0,70.0,1.9696322328345437,70.0,8.23581310872612,0.0,0.18516084183094336,0.0,9.2,この先制限速度なし,この先目立った勾配なし,先行列車なし,後続列車なし,0.0,保持時間が7秒未満で力行→ブレーキへの反転が合理的根拠なく行われ、ノコギリ運転と判定され上限が0.0点となったため。
218.2999999999967,Train11,次駅への減速フェーズ（駅手前400m以内）,惰行中,0.1,ブレーキ（減速）,0.1,70.0,70.0,1.8421835873088135,70.0,8.183048259869707,0.0,0.16197780959354408,0.0,9.2,この先制限速度なし,この先目立った勾配なし,先行列車なし,後続列車なし,0.0,先行列車なしで速度1.8km/hのまま惰行を続けたため、即reward0.0ルールのちんたら運転に該当し0点とした。
218.39999999999668,Train11,次駅への減速フェーズ（駅手前400m以内）,ブレーキ（減速）中,0.1,惰行,0.1,70.0,70.0,1.8011426671649848,70.0,8.13250351580308,0.0,0.15484223431788083,0.0,9.2,この先制限速度なし,この先目立った勾配なし,先行列車なし,後続列車なし,0.0,保持時間0.1秒で惰行→減速への不合理な切替がノコギリ運転と判定され、上限0.0点となったためreward=0.0。
218.49999999999667,Train11,次駅への減速フェーズ（駅手前400m以内）,惰行中,0.1,ブレーキ（減速）,0.1,70.0,70.0,1.6737086837613186,70.0,8.084418708435237,0.0,0.13370994578254947,0.0,9.2,この先制限速度なし,この先目立った勾配なし,先行列車なし,後続列車なし,0.0,次駅減速フェーズで先行列車なしの低速1.7km/hの惰行が停止位置へ向かうちんたら運転と判定され、即0点規則に該当したためreward=0.0。
218.59999999999667,Train11,次駅への減速フェーズ（駅手前400m以内）,力行（加速）中,0.1,惰行,0.1,70.0,70.0,1.632682359199356,70.0,8.038553599732268,0.0,0.12723624264636324,0.0,9.2,この先制限速度なし,この先目立った勾配なし,先行列車なし,後続列車なし,0.0,次駅減速フェーズで低速のまま力行を続け、停止位置達成が不可能となったため即reward0.0ルールに該当し、評価は0.0とした。
218.69999999999666,Train11,次駅への減速フェーズ（駅手前400m以内）,ブレーキ（減速）中,0.1,力行（加速）,0.1,70.0,70.0,1.9084333771598239,70.0,7.988985073858146,0.0,0.17383533970065676,0.0,9.2,この先制限速度なし,この先目立った勾配なし,先行列車なし,後続列車なし,0.0,ノコギリ運転とブレーキ開始が早すぎ、delta_stopが5m超で停止位置適合性が大幅に欠けたため、評価上限が0点となりrewardは0.0とした。
218.79999999999666,Train11,次駅への減速フェーズ（駅手前400m以内）,惰行中,0.1,ブレーキ（減速）,0.1,70.0,70.0,1.7809900715773195,70.0,7.9379201115514775,0.0,0.1513972248134834,0.0,9.2,この先制限速度なし,この先目立った勾配なし,先行列車なし,後続列車なし,0.0,次駅減速フェーズで低速惰行がちんたら運転と判定され、即reward0.0ルールに該当したため0.0とした。
218.89999999999665,Train11,次駅への減速フェーズ（駅手前400m以内）,ブレーキ（減速）中,0.1,惰行,0.1,70.0,70.0,1.7399544672042193,70.0,7.889075106120913,0.0,0.14450210278395956,0.0,9.2,この先制限速度なし,この先目立った勾配なし,先行列車なし,後続列車なし,0.0,ブレーキ中だがdelta_stopが7.74mで5m超えており、停止位置に間に合わず安全上重大な問題と判断し0.0とした。
218.99999999999665,Train11,次駅への減速フェーズ（駅手前400m以内）,惰行中,0.1,ブレーキ（減速）,0.1,70.0,70.0,1.6125257777192277,70.0,7.842689890015464,0.0,0.12411448501020665,0.0,9.2,この先制限速度なし,この先目立った勾配なし,先行列車なし,後続列車なし,0.0,次駅減速フェーズで先行列車なしにも関わらず低速1.6km/hのまま惰行を続けたため『ちんたら運転』に該当し、即reward0.0ルールが適用された。
219.09999999999664,Train11,次駅への減速フェーズ（駅手前400m以内）,力行（加速）中,0.1,惰行,0.1,70.0,70.0,1.5715047229193633,70.0,7.798524225943737,0.0,0.11788104770690601,0.0,9.2,この先制限速度なし,この先目立った勾配なし,先行列車なし,後続列車なし,0.0,低速で加速し続けるちんたら運転と即時0点規則に該当するため、運転は不適切と判断しrewardは0.0とする。
219.19999999999663,Train11,次駅への減速フェーズ（駅手前400m以内）,ブレーキ（減速）中,0.1,力行（加速）,0.1,70.0,70.0,1.8475816316503941,70.0,7.7506500961526115,0.0,0.16292829635535264,0.0,9.2,この先制限速度なし,この先目立った勾配なし,先行列車なし,後続列車なし,0.0,ブレーキ開始時点でdelta_stopが7.59mと5m超えており減速フェーズで大幅減点、さらに0.1秒の力行→減速のノコギリ運転でreward上限が0.0となったため0.0とした。
219.29999999999663,Train11,次駅への減速フェーズ（駅手前400m以内）,惰行中,0.1,ブレーキ（減速）,0.1,70.0,70.0,1.7201436194802129,70.0,7.701275379162098,0.0,0.1412308206069798,0.0,9.2,この先制限速度なし,この先目立った勾配なし,先行列車なし,後続列車なし,0.0,次駅減速フェーズで先行列車なしの低速1.7km/hで惰行を続けたことが即時0点ルールに該当し、rewardは0.0とした。
219.39999999999662,Train11,次駅への減速フェーズ（駅手前400m以内）,ブレーキ（減速）中,0.1,惰行,0.1,70.0,70.0,1.6791132844882712,70.0,7.654120472423642,0.0,0.13457472891516123,0.0,9.2,この先制限速度なし,この先目立った勾配なし,先行列車なし,後続列車なし,0.0,保持時間0.1秒のノコギリ運転と、停止位置まで7.5m以上前倒しでブレーキを開始したため、reward上限が0.0点となり評価は0.0とした。
219.49999999999662,Train11,次駅への減速フェーズ（駅手前400m以内）,惰行中,0.1,ブレーキ（減速）,0.1,70.0,70.0,1.5516898426605337,70.0,7.6094252089227155,0.0,0.11492754163550649,0.0,9.2,この先制限速度なし,この先目立った勾配なし,先行列車なし,後続列車なし,0.0,次駅減速フェーズで低速惰行が続き、ちんたら運転と判定されたため即時0点とした。
219.5999999999966,Train11,次駅への減速フェーズ（駅手前400m以内）,力行（加速）中,0.1,惰行,0.1,70.0,70.0,1.5106740115025388,70.0,7.566949352110441,0.0,0.10893295119601087,0.0,9.2,この先制限速度なし,この先目立った勾配なし,先行列車なし,後続列車なし,0.0,低速(1.5km/h)で力行を続けたことが「ちんたら運転」と判定され、即時0点規則に該当したためreward=0.0とした。
219.6999999999966,Train11,次駅への減速フェーズ（駅手前400m以内）,ブレーキ（減速）中,0.1,力行（加速）,0.1,70.0,70.0,1.7870749468318972,70.0,7.520760010095273,0.0,0.1524333282245154,0.0,9.2,この先制限速度なし,この先目立った勾配なし,先行列車なし,後続列車なし,0.0,ブレーキ開始が停止点より遠く、0.1秒の力行からの急激な切替でノコギリ運転と判定され、上限0.0点のためrewardは0.0。
219.7999999999966,Train11,次駅への減速フェーズ（駅手前400m以内）,惰行中,0.1,ブレーキ（減速）,0.1,70.0,70.0,1.6596421819977762,70.0,7.473065954098246,0.0,0.13147224799213142,0.0,9.2,この先制限速度なし,この先目立った勾配なし,先行列車なし,後続列車なし,0.0,次駅減速フェーズで先行列車なしにも関わらず速度25km/h未満の惰行が続き、即時0点ルール（ちんたら運転）に該当するためrewardは0.0とした。
219.8999999999966,Train11,次駅への減速フェーズ（駅手前400m以内）,ブレーキ（減速）中,0.1,惰行,0.1,70.0,70.0,1.6186170704511682,70.0,7.427591563022418,0.0,0.1250537891876263,0.0,9.2,この先制限速度なし,この先目立った勾配なし,先行列車なし,後続列車なし,0.0,保持時間0.1秒で惰行→減速への不合理な切替がノコギリ運転と判定され、上限0.0点のためrewardは0.0となった。
219.9999999999966,Train11,次駅への減速フェーズ（駅手前400m以内）,惰行中,0.1,ブレーキ（減速）,0.1,70.0,70.0,1.4911988304721921,70.0,7.384576670361298,0.0,0.10614278932088858,0.0,9.2,この先制限速度なし,この先目立った勾配なし,先行列車なし,後続列車なし,0.0,現在速度1.5km/hのまま惰行を続け、停止位置への到達が遅れ、かつブレーキと惰行の短時間切替がノコギリ運転と判定されたため、評価は0.0とした。
220.09999999999658,Train11,次駅への減速フェーズ（駅手前400m以内）,力行（加速）中,0.1,惰行,0.1,70.0,70.0,1.4501881772878733,70.0,7.343781040308528,0.0,0.10038562326312007,0.0,9.2,この先制限速度なし,この先目立った勾配なし,先行列車なし,後続列車なし,0.0,次駅減速フェーズで先行列車なしの低速(1.5km/h)にも関わらず力行し、即reward0.0ルールのちんたら運転に該当するため0点とした。
220.19999999999658,Train11,次駅への減速フェーズ（駅手前400m以内）,ブレーキ（減速）中,0.1,力行（加速）,0.1,70.0,70.0,1.726911286224753,70.0,7.299266934481352,0.0,0.14234412647886124,0.0,9.2,この先制限速度なし,この先目立った勾配なし,先行列車なし,後続列車なし,0.0,ブレーキが停止点より7m前に開始され、0.1秒の力行→ブレーキ反転がノコギリ運転と判定されreward上限0.0となった。
220.29999999999657,Train11,次駅への減速フェーズ（駅手前400m以内）,惰行中,0.1,ブレーキ（減速）,0.1,70.0,70.0,1.5994837231002084,70.0,7.253244011732107,0.0,0.12211524630731274,0.0,9.2,この先制限速度なし,この先目立った勾配なし,先行列車なし,後続列車なし,0.0,低速1.6km/hで惰行を続け、停止位置まで残距離7mでブレーキ未実施のため即時0点ルールに該当し、ノコギリ運転でも評価上限0点となる。
220.39999999999657,Train11,次駅への減速フェーズ（駅手前400m以内）,ブレーキ（減速）中,0.1,惰行,0.1,70.0,70.0,1.5584637895120017,70.0,7.209440609816653,0.0,0.1159330179066583,0.0,9.2,この先制限速度なし,この先目立った勾配なし,先行列車なし,後続列車なし,0.0,ブレーキが過度に早く、駅手前で停止することが確実であり即時0点ルールに該当するため。
220.49999999999656,Train11,次駅への減速フェーズ（駅手前400m以内）,惰行中,0.1,ブレーキ（減速）,0.1,70.0,70.0,1.4310507060213775,70.0,7.168096562761406,0.0,0.0977539781488082,0.0,9.2,この先制限速度なし,この先目立った勾配なし,先行列車なし,後続列車なし,0.0,低速で惰行を続けブレーキ未実施のため次駅減速フェーズでのちんたら運転と判定し、即時0点ルールが適用された。
220.59999999999656,Train11,次駅への減速フェーズ（駅手前400m以内）,力行（加速）中,0.1,惰行,0.1,70.0,70.0,1.3900451855897389,70.0,7.128971635495418,0.0,0.09223285680430525,0.0,9.2,この先制限速度なし,この先目立った勾配なし,先行列車なし,後続列車なし,0.0,低速(1.4km/h)で加速を続け、先行列車なしの減速フェーズでのちんたら運転とノコギリ運転が即時0点規則に該当するためreward=0.0とした。
220.69999999999655,Train11,次駅への減速フェーズ（駅手前400m以内）,ブレーキ（減速）中,0.1,力行（加速）,0.1,70.0,70.0,1.667088626251947,70.0,7.086123270617861,0.0,0.13265447617930026,0.0,9.2,この先制限速度なし,この先目立った勾配なし,先行列車なし,後続列車なし,0.0,ブレーキが過早にかかり停止位置が遠く離れている上、0.1秒で力行→ブレーキへの反転でノコギリ運転と判定され、即時0点上限となるためrewardは0.0。
220.79999999999654,Train11,次駅への減速フェーズ（駅手前400m以内）,惰行中,0.1,ブレーキ（減速）,0.1,70.0,70.0,1.5396662196554702,70.0,7.04176200956752,0.0,0.11315362271936057,0.0,9.2,この先制限速度なし,この先目立った勾配なし,先行列車なし,後続列車なし,0.0,次駅減速フェーズで先行列車不在にも関わらず、速度1.5km/hの低速惰行を続けたことが即時0点ルール（ちんたら運転）に該当し、rewardは0.0とした。
220.89999999999654,Train11,次駅への減速フェーズ（駅手前400m以内）,ブレーキ（減速）中,0.1,惰行,0.1,70.0,70.0,1.498651418982826,70.0,6.999620126535433,0.0,0.10720623082646599,0.0,9.2,この先制限速度なし,この先目立った勾配なし,先行列車なし,後続列車なし,0.0,ブレーキが早すぎて駅手前で確実に停止し、停止位置達成が不可能なため即時0点ルールが適用される。
220.99999999999653,Train11,次駅への減速フェーズ（駅手前400m以内）,惰行中,0.1,ブレーキ（減速）,0.1,70.0,70.0,1.3712434470634325,70.0,6.959937456052501,0.0,0.0897549751460347,0.0,9.2,この先制限速度なし,この先目立った勾配なし,先行列車なし,後続列車なし,0.0,次駅減速フェーズで先行列車なしにも関わらず低速1.4 km/hの惰行がちんたら運転と判定され、即時0点規則に該当したためrewardは0.0とした。
221.09999999999653,Train11,次駅への減速フェーズ（駅手前400m以内）,力行（加速）中,0.1,惰行,0.1,70.0,70.0,1.3302430146058857,70.0,6.922473763783188,0.0,0.08446850697685304,0.0,9.2,この先制限速度なし,この先目立った勾配なし,先行列車なし,後続列車なし,0.0,次駅減速フェーズで低速のまま力行し、即reward0.0ルールのちんたら運転に該当したため0.0とした。
221.19999999999652,Train11,次駅への減速フェーズ（駅手前400m以内）,ブレーキ（減速）中,0.1,力行（加速）,0.1,70.0,70.0,1.6076049561475663,70.0,6.881281700604092,0.0,0.12335825757096935,0.0,9.2,この先制限速度なし,この先目立った勾配なし,先行列車なし,後続列車なし,0.0,次駅減速フェーズでΔstopが5m超のブレーキ不足と0.1秒の力行→減速がノコギリ運転と判定され、rewardは0.0とした。
221.29999999999652,Train11,次駅への減速フェーズ（駅手前400m以内）,惰行中,0.1,ブレーキ（減速）,0.1,70.0,70.0,1.4801876613378744,70.0,6.838572685552435,0.0,0.10458125799290298,0.0,9.2,この先制限速度なし,この先目立った勾配なし,先行列車なし,後続列車なし,0.0,即時0点ルールの低速惰行（ちんたら運転）に該当し、ノコギリ運転でも上限0点となるためrewardは0.0とした。
221.3999999999965,Train11,次駅への減速フェーズ（駅手前400m以内）,ブレーキ（減速）中,0.1,惰行,0.1,70.0,70.0,1.4391779489773053,70.0,6.798082906925629,0.0,0.09886730813237936,0.0,9.2,この先制限速度なし,この先目立った勾配なし,先行列車なし,後続列車なし,0.0,ノコギリ運転と判定し、prev_notch_durationが2秒未満のためreward上限0.0とした。
221.4999999999965,Train11,次駅への減速フェーズ（駅手前400m以内）,惰行中,0.1,ブレーキ（減速）,0.1,70.0,70.0,1.3117750441505756,70.0,6.760052199783928,0.0,0.08213970260752256,0.0,9.2,この先制限速度なし,この先目立った勾配なし,先行列車なし,後続列車なし,0.0,低速(1.3km/h)で惰行し続け、先行列車なしの状態で停車位置へ向かうちんたら運転が即0.0ルールに該当したため。
221.5999999999965,Train11,次駅への減速フェーズ（駅手前400m以内）,力行（加速）中,0.1,惰行,0.1,70.0,70.0,1.2707796553262136,70.0,6.724240330509446,0.0,0.0770865051198961,0.0,9.2,この先制限速度なし,この先目立った勾配なし,先行列車なし,後続列車なし,0.0,次駅減速フェーズで先行列車不在かつ速度1.3km/hの低速状態で力行を続けたため、即reward0.0ルールのちんたら運転に該当し0点とした。
221.6999999999965,Train11,次駅への減速フェーズ（駅手前400m以内）,ブレーキ（減速）中,0.1,力行（加速）,0.1,70.0,70.0,1.5484582778661011,70.0,6.6846951854167,0.0,0.11444941367425564,0.0,9.2,この先制限速度なし,この先目立った勾配なし,先行列車なし,後続列車なし,0.0,保持時間が7秒未満で力行→減速への不合理な反転がありノコギリ運転と判定、prev_notch_durationが2秒未満のためreward上限は0.0となる。
221.7999999999965,Train11,次駅への減速フェーズ（駅手前400m以内）,惰行中,0.1,ブレーキ（減速）,0.1,70.0,70.0,1.421046050537443,70.0,6.643629056156897,0.0,0.09639212070409607,0.0,9.2,この先制限速度なし,この先目立った勾配なし,先行列車なし,後続列車なし,0.0,低速で惰行を続けたことが次駅減速フェーズのちんたら運転とノコギリ運転と判定され、即時0点規則に該当したため0.0とした。
221.89999999999648,Train11,次駅への減速フェーズ（駅手前400m以内）,ブレーキ（減速）中,0.1,惰行,0.1,70.0,70.0,1.3800413823201234,70.0,6.604782022961331,0.0,0.09091025625728973,0.0,9.2,この先制限速度なし,この先目立った勾配なし,先行列車なし,後続列車なし,0.0,ブレーキが停止点より6.5m前に開始され、保持時間が0.1秒の反転でノコギリ運転と判定されたため0点とした。
221.99999999999648,Train11,次駅への減速フェーズ（駅手前400m以内）,惰行中,0.1,ブレーキ（減速）,0.1,70.0,70.0,1.2526435005413608,70.0,6.568393921408955,0.0,0.07490216260806265,0.0,9.2,この先制限速度なし,この先目立った勾配なし,先行列車なし,後続列車なし,0.0,次駅減速フェーズで先行列車なしにも関わらず低速1.3km/hで惰行を続け、停止位置に到達できず即reward0.0ルールに該当するため。
222.09999999999647,Train11,次駅への減速フェーズ（駅手前400m以内）,力行（加速）中,0.1,惰行,0.1,70.0,70.0,1.211653111442281,70.0,6.534224518606635,0.0,0.07008084905953915,0.0,9.2,この先制限速度なし,この先目立った勾配なし,先行列車なし,後続列車なし,0.0,次駅減速フェーズで低速(1.2km/h)のまま加速し続けることはちんたら運転に該当し、即reward0.0ルールが適用されるため0.0点とした。
222.19999999999646,Train11,次駅への減速フェーズ（駅手前400m以内）,ブレーキ（減速）中,0.1,力行（加速）,0.1,70.0,70.0,1.489646605992485,70.0,6.496316963282567,0.0,0.1059219626384821,0.0,9.2,この先制限速度なし,この先目立った勾配なし,先行列車なし,後続列車なし,0.0,ブレーキ開始が停止位置から6.39m離れ過ぎており、2秒未満の力行→ブレーキの反転がノコギリ運転と判定され、reward上限は0.0点となった。
222.29999999999646,Train11,次駅への減速フェーズ（駅手前400m以内）,惰行中,0.1,ブレーキ（減速）,0.1,70.0,70.0,1.3622394022699997,70.0,6.456884414742348,0.0,0.08858027656897227,0.0,9.2,この先制限速度なし,この先目立った勾配なし,先行列車なし,後続列車なし,0.0,次駅減速フェーズで低速1.4km/hのまま惰行を続け、停止位置確保できずちんたら運転と判定されたため即時0点規則が適用された。
222.39999999999645,Train11,次駅への減速フェーズ（駅手前400m以内）,ブレーキ（減速）中,0.1,惰行,0.1,70.0,70.0,1.3212397344571338,70.0,6.419670823134993,0.0,0.08332913104329256,0.0,9.2,この先制限速度なし,この先目立った勾配なし,先行列車なし,後続列車なし,0.0,ブレーキ中にdelta_stopが5m超であり、次駅減速フェーズの基準で大幅減点（reward=0.0）となったため。
222.49999999999645,Train11,次駅への減速フェーズ（駅手前400m以内）,惰行中,0.1,ブレーキ（減速）,0.1,70.0,70.0,1.1938468321108837,70.0,6.384916024536835,0.0,0.06803641828093379,0.0,9.2,この先制限速度なし,この先目立った勾配なし,先行列車なし,後続列車なし,0.0,次駅減速フェーズで先行列車なしの低速惰行はちんたら運転とみなされ即時0点ルールに該当し、さらにノコギリ運転でもあるためrewardは0.0となる。
222.59999999999644,Train11,次駅への減速フェーズ（駅手前400m以内）,力行（加速）中,0.1,惰行,0.1,70.0,70.0,1.1528613992575634,70.0,6.352379786772389,0.0,0.06344564410334326,0.0,9.2,この先制限速度なし,この先目立った勾配なし,先行列車なし,後続列車なし,0.0,低速(1.2km/h)で加速を続け、先行列車不在の次駅減速フェーズでのちんたら運転と判定し即reward0.0とした。
222.69999999999644,Train11,次駅への減速フェーズ（駅手前400m以内）,ブレーキ（減速）中,0.1,力行（加速）,0.1,70.0,70.0,1.4311679676528757,70.0,6.316100547824277,0.0,0.09776999670582971,0.0,9.2,この先制限速度なし,この先目立った勾配なし,先行列車なし,後続列車なし,0.0,delta_stopが6.22mでブレーキ中にも関わらず早すぎる減速と、0.1秒の力行→ブレーキの反転でノコギリ運転と判定され、即0点となる。
222.79999999999643,Train11,次駅への減速フェーズ（駅手前400m以内）,惰行中,0.1,ブレーキ（減速）,0.1,70.0,70.0,1.303765744088005,70.0,6.278292329742641,0.0,0.08113985052466766,0.0,9.2,この先制限速度なし,この先目立った勾配なし,先行列車なし,後続列車なし,0.0,低速で惰行し続けたため次駅減速フェーズでのちんたら運転とノコギリ運転が発生し、即時0点規則に該当する。
222.89999999999642,Train11,次駅への減速フェーズ（駅手前400m以内）,ブレーキ（減速）中,0.1,惰行,0.1,70.0,70.0,1.2627710333662434,70.0,6.242702930666866,0.0,0.07611806628259689,0.0,9.2,この先制限速度なし,この先目立った勾配なし,先行列車なし,後続列車なし,0.0,ブレーキ開始が停止点より約6m前でΔ>5mとなり、停止位置が大幅にずれるため0.0とした。
222.99999999999642,Train11,次駅への減速フェーズ（駅手前400m以内）,惰行中,0.1,ブレーキ（減速）,0.1,70.0,70.0,1.1353830672617171,70.0,6.209572187163559,0.0,0.0615366562312291,0.0,9.2,この先制限速度なし,この先目立った勾配なし,先行列車なし,後続列車なし,0.0,低速1.1km/hで惰行を続け、先行列車不在の次駅減速フェーズでちんたら運転と判定され即時0点とした。
223.0999999999964,Train11,次駅への減速フェーズ（駅手前400m以内）,力行（加速）中,0.1,惰行,0.1,70.0,70.0,1.0944025475984458,70.0,6.178659867781988,0.0,0.05717506661227712,0.0,9.2,この先制限速度なし,この先目立った勾配なし,先行列車なし,後続列車なし,0.0,先行列車が無く低速1.1km/hのまま加速し、停止位置への遅延が確実なちんたら運転かつノコギリ運転と判断し、即座に0点とした。
223.1999999999964,Train11,次駅への減速フェーズ（駅手前400m以内）,ブレーキ（減速）中,0.1,力行（加速）,0.1,70.0,70.0,1.3730204024261656,70.0,6.143999726411664,0.0,0.08998771682807934,0.0,9.2,この先制限速度なし,この先目立った勾配なし,先行列車なし,後続列車なし,0.0,持続時間0.1秒の力行→ブレーキへの反転が合理的根拠なく行われ、ノコギリ運転と判定され上限0.0点となった。
223.2999999999964,Train11,次駅への減速フェーズ（駅手前400m以内）,惰行中,0.1,ブレーキ（減速）,0.1,70.0,70.0,1.2456231159921176,70.0,6.107806642976499,0.0,0.0740650427910889,0.0,9.2,この先制限速度なし,この先目立った勾配なし,先行列車なし,後続列車なし,0.0,次駅減速フェーズで先行列車なしにも関わらず低速(1.2km/h)のまま惰行し続けたため、即reward0.0ルールのちんたら運転に該当し、rewardは0.0とした。
223.3999999999964,Train11,次駅への減速フェーズ（駅手前400m以内）,ブレーキ（減速）中,0.1,惰行,0.1,70.0,70.0,1.204633319469028,70.0,6.07383224179614,0.0,0.06927125761795917,0.0,9.2,この先制限速度なし,この先目立った勾配なし,先行列車なし,後続列車なし,0.0,ブレーキが必要距離より早く開始され、ノコギリ運転（2秒未満の反転）に該当するためrewardは0.0とする。
223.4999999999964,Train11,次駅への減速フェーズ（駅手前400m以内）,惰行中,0.1,ブレーキ（減速）,0.1,70.0,70.0,1.0772502468355791,70.0,6.0423163599558904,0.0,0.055397112685977655,0.0,9.2,この先制限速度なし,この先目立った勾配なし,先行列車なし,後続列車なし,0.0,次駅減速フェーズで先行列車なしの低速惰行はちんたら運転とみなされ、即reward0.0ルールに該当するため0.0とした。
223.59999999999638,Train11,次駅への減速フェーズ（駅手前400m以内）,力行（加速）中,0.1,惰行,0.1,70.0,70.0,1.0362745977259393,70.0,6.01301876670135,0.0,0.0512633604910419,0.0,9.2,この先制限速度なし,この先目立った勾配なし,先行列車なし,後続列車なし,0.0,次駅減速フェーズで先行列車なしの低速1 km/hで力行を続けたことが『ちんたら運転』に該当し、即reward0.0と判断した。
223.69999999999638,Train11,次駅への減速フェーズ（駅手前400m以内）,ブレーキ（減速）中,0.1,力行（加速）,0.1,70.0,70.0,1.3152019622562154,70.0,5.9799685583570295,0.0,0.08256937651734915,0.0,9.2,この先制限速度なし,この先目立った勾配なし,先行列車なし,後続列車なし,0.0,ブレーキ中にδ_stopが5.9mと大きく停止位置が遠すぎ、0.1秒の力行→ブレーキの短時間反転がノコギリ運転と判定され上限0点となった。
223.79999999999637,Train11,次駅への減速フェーズ（駅手前400m以内）,惰行中,0.1,ブレーキ（減速）,0.1,70.0,70.0,1.1878095703434821,70.0,5.9453814678533945,0.0,0.0673501176713123,0.0,9.2,この先制限速度なし,この先目立った勾配なし,先行列車なし,後続列車なし,0.0,次駅減速フェーズで先行列車不在にも関わらず低速1.2km/hの惰行がちんたら運転と判定され、即時0点規則に該当するためreward=0.0とした。
223.89999999999637,Train11,次駅への減速フェーズ（駅手前400m以内）,ブレーキ（減速）中,0.1,惰行,0.1,70.0,70.0,1.1468246455430722,70.0,5.91301292404367,0.0,0.06278301257343002,0.0,9.2,この先制限速度なし,この先目立った勾配なし,先行列車なし,後続列車なし,0.0,ブレーキがdelta_stop 5.85 mで早すぎ、保持時間0.1 sのノコギリ運転と判定され上限rewardが0.0となったため0.0点とした。
223.99999999999636,Train11,次駅への減速フェーズ（駅手前400m以内）,惰行中,0.1,ブレーキ（減速）,0.1,70.0,70.0,1.019446424025726,70.0,5.883102764510539,0.0,0.04961209862245758,0.0,9.2,この先制限速度なし,この先目立った勾配なし,先行列車なし,後続列車なし,0.0,次駅減速フェーズで先行列車なしにも関わらず低速1 km/hのまま惰行を続けたため、即reward0.0ルールに該当し0点とした。
224.09999999999636,Train11,次駅への減速フェーズ（駅手前400m以内）,力行（加速）中,0.1,惰行,0.1,70.0,70.0,0.9784756032481301,70.0,5.8554107592101445,0.0,0.04570483739826627,0.0,9.2,この先制限速度なし,この先目立った勾配なし,先行列車なし,後続列車なし,0.0,次駅減速フェーズで低速1km/hのまま加速し続けたことがちんたら運転に該当し、即時0点規則に違反したためrewardは0.0とした。
224.19999999999635,Train11,次駅への減速フェーズ（駅手前400m以内）,ブレーキ（減速）中,0.1,力行（加速）,0.1,70.0,70.0,1.2577107113648085,70.0,5.823961373245368,0.0,0.07550930456086728,0.0,9.2,この先制限速度なし,この先目立った勾配なし,先行列車なし,後続列車なし,0.0,ブレーキが停止位置から5.75m前に開始され、0.1秒の加速→ブレーキ切替でノコギリ運転と判定され上限0点となったためrewardは0.0。
224.29999999999634,Train11,次駅への減速フェーズ（駅手前400m以内）,惰行中,0.1,ブレーキ（減速）,0.1,70.0,70.0,1.1303231717767328,70.0,5.790971187717986,0.0,0.060989454768585895,0.0,9.2,この先制限速度なし,この先目立った勾配なし,先行列車なし,後続列車なし,0.0,先行列車なしで低速1.1km/hのまま惰行を続けたため次駅減速フェーズでのちんたら運転と判定し、即0点規則が適用された。
224.39999999999634,Train11,次駅への減速フェーズ（駅手前400m以内）,ブレーキ（減速）中,0.1,惰行,0.1,70.0,70.0,1.089343076635024,70.0,5.7601994144960145,0.0,0.05664769814657444,0.0,9.2,この先制限速度なし,この先目立った勾配なし,先行列車なし,後続列車なし,0.0,ブレーキが必要距離より5m以上早く開始され、かつノコギリ運転（保持時間2秒未満）と判定されたためrewardは0.0とする。
224.49999999999633,Train11,次駅への減速フェーズ（駅手前400m以内）,惰行中,0.1,ブレーキ（減速）,0.1,70.0,70.0,0.9619696642900548,70.0,5.731885891663069,0.0,0.04417598677024845,0.0,9.2,この先制限速度なし,この先目立った勾配なし,先行列車なし,後続列車なし,0.0,次駅減速フェーズで1km/hのまま惰行し停止位置に到達できず、即reward0.0ルールに該当するため0.0とした。
224.59999999999633,Train11,次駅への減速フェーズ（駅手前400m以内）,力行（加速）中,0.1,惰行,0.1,70.0,70.0,0.9210036300333287,70.0,5.705790389871623,0.0,0.04049389392871482,0.0,9.2,この先制限速度なし,この先目立った勾配なし,先行列車なし,後続列車なし,0.0,低速（0.9km/h）で加速を続けたことが『ちんたら運転』に該当し、即時0点ルールが適用されたため0.0点とした。
224.69999999999632,Train11,次駅への減速フェーズ（駅手前400m以内）,ブレーキ（減速）中,0.1,力行（加速）,0.1,70.0,70.0,1.200544726165313,70.0,5.675932769207748,0.0,0.06880188792668782,0.0,9.2,この先制限速度なし,この先目立った勾配なし,先行列車なし,後続列車なし,0.0,保持時間0.1秒で力行→ブレーキへの反転がノコギリ運転と判定され上限0.0点、さらにdelta_stopが5.6mと停止位置が遠すぎるため0.0とした。
224.79999999999632,Train11,次駅への減速フェーズ（駅手前400m以内）,惰行中,0.1,ブレーキ（減速）,0.1,70.0,70.0,1.0731619971137072,70.0,5.6445304541483665,0.0,0.05497748111686278,0.0,9.2,この先制限速度なし,この先目立った勾配なし,先行列車なし,後続列車なし,0.0,次駅減速フェーズで低速のまま惰行し続けブレーキ未実施のため即時0点ルールに該当し、ノコギリ運転上限も0点となる。
224.8999999999963,Train11,次駅への減速フェーズ（駅手前400m以内）,ブレーキ（減速）中,0.1,惰行,0.1,70.0,70.0,1.032186689974358,70.0,5.615346418167633,0.0,0.05085974995764087,0.0,9.2,この先制限速度なし,この先目立った勾配なし,先行列車なし,後続列車なし,0.0,ブレーキ直前の惰行が0.1秒で反転し、保持時間が7秒未満のノコギリ運転と判定されたためrewardは0.0とした。
224.9999999999963,Train11,次駅への減速フェーズ（駅手前400m以内）,惰行中,0.1,ブレーキ（減速）,0.1,70.0,70.0,0.9048180452649202,70.0,5.588620499825225,0.0,0.039083252401267005,0.0,9.2,この先制限速度なし,この先目立った勾配なし,先行列車なし,後続列車なし,0.0,次駅減速フェーズで低速0.9km/hの惰行はちんたら運転とみなされ、即reward0.0ルールに該当するため0.0とした。
225.0999999999963,Train11,次駅への減速フェーズ（駅手前400m以内）,力行（加速）中,0.1,惰行,0.1,70.0,70.0,0.8638567561239391,70.0,5.564112470491267,0.0,0.03562501515461458,0.0,9.2,この先制限速度なし,この先目立った勾配なし,先行列車なし,後続列車なし,0.0,次駅減速フェーズで先行列車不在にも関わらず低速0.9km/hのまま力行を継続し、停止位置へ向かうちんたら運転と判定されたため、即時0点とした。
225.1999999999963,Train11,次駅への減速フェーズ（駅手前400m以内）,ブレーキ（減速）中,0.1,力行（加速）,0.1,70.0,70.0,1.1437020951770465,70.0,5.535837611276406,0.0,0.062441626775773924,0.0,9.2,この先制限速度なし,この先目立った勾配なし,先行列車なし,後続列車なし,0.0,delta_stopが5.47mでブレーキ停止距離が大幅に不足し、さらに0.1秒の力行→減速はノコギリ運転と判定されたためrewardは0.0とした。
225.2999999999963,Train11,次駅への減速フェーズ（駅手前400m以内）,惰行中,0.1,ブレーキ（減速）,0.1,70.0,70.0,1.0163241352778607,70.0,5.506014185250763,0.0,0.049308696988548756,0.0,9.2,この先制限速度なし,この先目立った勾配なし,先行列車なし,後続列車なし,0.0,次駅減速フェーズで先行列車なしにも関わらず低速（1 km/h）の惰行が続き、即reward0.0ルールの「ちんたら運転」に該当したため0.0とした。
225.39999999999628,Train11,次駅への減速フェーズ（駅手前400m以内）,ブレーキ（減速）中,0.1,惰行,0.1,70.0,70.0,0.9753535748878427,70.0,5.478408906220977,0.0,0.04541366774418595,0.0,9.2,この先制限速度なし,この先目立った勾配なし,先行列車なし,後続列車なし,0.0,保持時間0.1秒で惰行→減速に反転しノコギリ運転と判定、delta_stopが5.43mで停止位置誤差が5m超のためrewardは0.0とした。
225.49999999999628,Train11,次駅への減速フェーズ（駅手前400m以内）,惰行中,0.1,ブレーキ（減速）,0.1,70.0,70.0,0.8479896566796498,70.0,5.453261613237004,0.0,0.03432843661263626,0.0,9.2,この先制限速度なし,この先目立った勾配なし,先行列車なし,後続列車なし,0.0,次駅減速フェーズで先行列車不在にも関わらず0.8km/hの低速で惰行を続けたため、即reward0.0ルールのちんたら運転に該当し0点とした。
225.59999999999627,Train11,次駅への減速フェーズ（駅手前400m以内）,力行（加速）中,0.1,惰行,0.1,70.0,70.0,0.8070330716510241,70.0,5.430332078361744,0.0,0.031092742112753254,0.0,9.2,この先制限速度なし,この先目立った勾配なし,先行列車なし,後続列車なし,0.0,次駅減速フェーズで先行列車がいないにも関わらず、低速（0.8km/h）で力行を続けたことが「ちんたら運転」とみなされ、即reward0.0ルールに該当するため0点とした。
225.69999999999627,Train11,次駅への減速フェーズ（駅手前400m以内）,ブレーキ（減速）中,0.1,力行（加速）,0.1,70.0,70.0,1.0871809189403412,70.0,5.403631029629707,0.0,0.05642307305779771,0.0,9.2,この先制限速度なし,この先目立った勾配なし,先行列車なし,後続列車なし,0.0,delta_stopが5.35mでブレーキ中、停止位置が遠すぎるため大幅減点しreward0.0とした。
225.79999999999626,Train11,次駅への減速フェーズ（駅手前400m以内）,惰行中,0.1,ブレーキ（減速）,0.1,70.0,70.0,0.9598076872093789,70.0,5.3753775639755474,0.0,0.04397766123662272,0.0,9.2,この先制限速度なし,この先目立った勾配なし,先行列車なし,後続列車なし,0.0,次駅減速フェーズで先行列車不在にも関わらず速度1km/hのまま惰行し続けたため、即reward0.0ルールに該当し評価は0.0とした。
225.89999999999625,Train11,次駅への減速フェーズ（駅手前400m以内）,力行（加速）中,0.1,惰行,0.1,70.0,70.0,0.9188418327146982,70.0,5.349342114360667,0.0,0.04030403744474543,0.0,9.2,この先制限速度なし,この先目立った勾配なし,先行列車なし,後続列車なし,0.0,次駅減速フェーズで0.9km/hの低速のまま加速し、保持時間0.1秒のノコギリ運転に該当し即時0点規則に違反したため0.0とした。
225.99999999999625,Train11,次駅への減速フェーズ（駅手前400m以内）,ブレーキ（減速）中,0.1,力行（加速）,0.1,70.0,70.0,1.1983944382475973,70.0,5.319544367651474,0.0,0.06855567541894463,0.0,9.2,この先制限速度なし,この先目立った勾配なし,先行列車なし,後続列車なし,0.0,次駅減速フェーズでdelta_stopが5.25mと早すぎるブレーキであり、0.1秒の加速→ブレーキへの短時間切替がノコギリ運転と判定されたため、上限が0.0点となった。
226.09999999999624,Train11,次駅への減速フェーズ（駅手前400m以内）,惰行中,0.1,ブレーキ（減速）,0.1,70.0,70.0,1.071011889864468,70.0,5.288201780050628,0.0,0.05475742699047369,0.0,9.2,この先制限速度なし,この先目立った勾配なし,先行列車なし,後続列車なし,0.0,次駅減速フェーズで先行列車不在にも関わらず低速1.1km/hのまま惰行を続け、停止位置に到達できないちんたら運転と判定し即時0点とした。
226.19999999999624,Train11,次駅への減速フェーズ（駅手前400m以内）,ブレーキ（減速）中,0.1,惰行,0.1,70.0,70.0,1.030036762546049,70.0,5.259077466515549,0.0,0.05064812157490026,0.0,9.2,この先制限速度なし,この先目立った勾配なし,先行列車なし,後続列車なし,0.0,ブレーキ開始が停止位置より5m以上手前で行われ、駅手前で停止するため停止位置達成が不可能と判断した。
226.29999999999623,Train11,次駅への減速フェーズ（駅手前400m以内）,惰行中,0.1,ブレーキ（減速）,0.1,70.0,70.0,0.9026682968915164,70.0,5.232411265648551,0.0,0.038897773883682644,0.0,9.2,この先制限速度なし,この先目立った勾配なし,先行列車なし,後続列車なし,0.0,次駅減速フェーズで低速のまま惰行し続けたため「ちんたら運転」と判定され、即時0点ルールが適用された。
226.39999999999623,Train11,次駅への減速フェーズ（駅手前400m以内）,力行（加速）中,0.1,惰行,0.1,70.0,70.0,0.8617071859584322,70.0,5.207962948826861,0.0,0.03544795600458703,0.0,9.2,この先制限速度なし,この先目立った勾配なし,先行列車なし,後続列車なし,0.0,低速で力行を続けたことがちんたら運転とノコギリ運転に該当し、即0点規則によりreward=0.0とした。
226.49999999999622,Train11,次駅への減速フェーズ（駅手前400m以内）,ブレーキ（減速）中,0.1,力行（加速）,0.1,70.0,70.0,1.1415639687816557,70.0,5.179747624925568,0.0,0.06220840393120514,0.0,9.2,この先制限速度なし,この先目立った勾配なし,先行列車なし,後続列車なし,0.0,delta_stopが5.12mでブレーキ中に停止位置が遠すぎ、即時0点かつノコギリ運転上限0点と判断した。
226.59999999999621,Train11,次駅への減速フェーズ（駅手前400m以内）,惰行中,0.1,ブレーキ（減速）,0.1,70.0,70.0,1.0141861879975556,70.0,5.14998358856289,0.0,0.04910148325265331,0.0,9.2,この先制限速度なし,この先目立った勾配なし,先行列車なし,後続列車なし,0.0,先行列車なしで速度1km/hのまま惰行を続け、ブレーキ未実施の低速ちんたら運転と判定され即時0点規則に該当するためrewardは0.0とした。
226.6999999999962,Train11,次駅への減速フェーズ（駅手前400m以内）,ブレーキ（減速）中,0.1,惰行,0.1,70.0,70.0,0.9732158058800041,70.0,5.122437694229376,0.0,0.04521482963669426,0.0,9.2,この先制限速度なし,この先目立った勾配なし,先行列車なし,後続列車なし,0.0,ブレーキが過早に作動し、停止位置までの距離が5m超であるため停止位置達成が不適切であり、エネルギー無駄となるため0.0とした。
226.7999999999962,Train11,次駅への減速フェーズ（駅手前400m以内）,惰行中,0.1,ブレーキ（減速）,0.1,70.0,70.0,0.8458520651827176,70.0,5.097349781006955,0.0,0.03415560026386755,0.0,9.2,この先制限速度なし,この先目立った勾配なし,先行列車なし,後続列車なし,0.0,次駅減速フェーズで低速0.8km/hのまま惰行を続け、ブレーキ未実施のため即時0点ルール（ちんたら運転）に該当し、rewardは0.0とする。
226.8999999999962,Train11,次駅への減速フェーズ（駅手前400m以内）,力行（加速）中,0.1,惰行,0.1,70.0,70.0,0.8048956568229126,70.0,5.074479620972738,0.0,0.03092827576893973,0.0,9.2,この先制限速度なし,この先目立った勾配なし,先行列車なし,後続列車なし,0.0,次駅減速フェーズで先行列車なしにも関わらず低速(0.8km/h)のまま力行し、即時0点対象のちんたら運転と判定したため0.0とした。
226.9999999999962,Train11,次駅への減速フェーズ（駅手前400m以内）,ブレーキ（減速）中,0.1,力行（加速）,0.1,70.0,70.0,1.0850548826429267,70.0,5.047837770906227,0.0,0.05620263562877323,0.0,9.2,この先制限速度なし,この先目立った勾配なし,先行列車なし,後続列車なし,0.0,加速0.1秒直後にブレーキ0.1秒へ切替え、保持時間が7秒未満で不合理な反転となりノコギリ運転と判定、上限0.0点のためreward=0.0。
227.0999999999962,Train11,次駅への減速フェーズ（駅手前400m以内）,惰行中,0.1,ブレーキ（減速）,0.1,70.0,70.0,0.9576818284886616,70.0,5.019643359094772,0.0,0.043783083963206515,0.0,9.2,この先制限速度なし,この先目立った勾配なし,先行列車なし,後続列車なし,0.0,次駅減速フェーズで先行列車なしにも関わらず低速1km/hで惰行を続けたためちんたら運転と判定し即0点とした。
227.19999999999618,Train11,次駅への減速フェーズ（駅手前400m以内）,ブレーキ（減速）中,0.1,惰行,0.1,70.0,70.0,0.9167161507329546,70.0,4.993666958412746,0.0,0.040117787669445966,0.0,9.2,この先制限速度なし,この先目立った勾配なし,先行列車なし,後続列車なし,0.8,停止位置までの残距離が4.95mでブレーキ中だが許容範囲(2‑5m)を超えてやや減点とした。
227.29999999999617,Train11,次駅への減速フェーズ（駅手前400m以内）,惰行中,0.1,ブレーキ（減速）,0.1,70.0,70.0,0.7893570942718592,70.0,4.9701484084145875,0.0,0.029745747710503447,0.0,9.2,この先制限速度なし,この先目立った勾配なし,先行列車なし,後続列車なし,0.0,次駅減速フェーズで低速惰行を続けたため『ちんたら運転』と判定され、即0点ルールが適用される。結果、運転操作が不適切であるため0点とする。
227.39999999999617,Train11,次駅への減速フェーズ（駅手前400m以内）,力行（加速）中,0.1,惰行,0.1,70.0,70.0,0.7484053478943257,70.0,4.948847481873742,0.0,0.026739611859813682,0.0,9.2,この先制限速度なし,この先目立った勾配なし,先行列車なし,後続列車なし,0.0,低速(0.7km/h)で力行を続け、先行列車不在の減速フェーズでのちんたら運転とノコギリ運転が判定され、即0点規則が適用されたため0.0とした。
227.49999999999616,Train11,次駅への減速フェーズ（駅手前400m以内）,ブレーキ（減速）中,0.1,力行（加速）,0.1,70.0,70.0,1.0288652927571913,70.0,4.923770209217082,0.0,0.050532993464761373,0.0,9.2,この先制限速度なし,この先目立った勾配なし,先行列車なし,後続列車なし,0.0,ノコギリ運転と判定され、prev_notch_durationが2秒未満のためreward上限が0.0となった。
227.59999999999616,Train11,次駅への減速フェーズ（駅手前400m以内）,惰行中,0.1,ブレーキ（減速）,0.1,70.0,70.0,0.9014969246590286,70.0,4.897136547679537,0.0,0.038796894508236486,0.0,9.2,この先制限速度なし,この先目立った勾配なし,先行列車なし,後続列車なし,0.0,低速0.9km/hで先行列車なしにも関わらず惰行を続けたため「ちんたら運転」と判定し、即時0点とした。
227.69999999999615,Train11,次駅への減速フェーズ（駅手前400m以内）,ブレーキ（減速）中,0.1,惰行,0.1,70.0,70.0,0.8605359108207921,70.0,4.8727207674872375,0.0,0.0353516642139404,0.0,9.2,この先制限速度なし,この先目立った勾配なし,先行列車なし,後続列車なし,0.0,保持時間が7秒未満で惰行→減速への不合理な切替があり、ノコギリ運転と判定され上限0.0点となったためreward=0.0。
227.79999999999615,Train11,次駅への減速フェーズ（駅手前400m以内）,惰行中,0.1,ブレーキ（減速）,0.1,70.0,70.0,0.7331814982687395,70.0,4.85076270868845,0.0,0.0256628883157262,0.0,9.2,この先制限速度なし,この先目立った勾配なし,先行列車なし,後続列車なし,0.0,次駅減速フェーズで低速のまま惰行し、ブレーキ未実施のため即時ゼロ評価規則に該当し、rewardは0.0とした。
227.89999999999614,Train11,次駅への減速フェーズ（駅手前400m以内）,力行（加速）中,0.1,惰行,0.1,70.0,70.0,0.6922343736755651,70.0,4.831022144735186,0.0,0.022876635005093657,0.0,9.2,この先制限速度なし,この先目立った勾配なし,先行列車なし,後続列車なし,0.0,次駅減速フェーズで低速(0.7km/h)のまま力行を続けたため、即時0点ルールの「ちんたら運転」に該当し、rewardは0.0とした。
227.99999999999613,Train11,次駅への減速フェーズ（駅手前400m以内）,ブレーキ（減速）中,0.1,力行（加速）,0.1,70.0,70.0,0.9729933239002923,70.0,4.807500605281234,0.0,0.04519416120858178,0.0,9.2,この先制限速度なし,この先目立った勾配なし,先行列車なし,後続列車なし,0.0,保持時間が7秒未満で力行→ブレーキへの反転に合理的根拠がなく、sawtooth と判定され上限0.0点が適用されたためrewardは0.0となった。
228.09999999999613,Train11,次駅への減速フェーズ（駅手前400m以内）,惰行中,0.1,ブレーキ（減速）,0.1,70.0,70.0,0.8456296016757793,70.0,4.782418871826621,0.0,0.034137637888970056,0.0,9.2,この先制限速度なし,この先目立った勾配なし,先行列車なし,後続列車なし,0.0,低速で惰行し続けるちんたら運転かつノコギリ運転と判定され、即時0点規則に該当するためrewardは0.0となる。
228.19999999999612,Train11,次駅への減速フェーズ（駅手前400m以内）,力行（加速）中,0.1,惰行,0.1,70.0,70.0,0.8046732117011104,70.0,4.759554891048623,0.0,0.030911184473754086,0.0,9.2,この先制限速度なし,この先目立った勾配なし,先行列車なし,後続列車なし,0.0,低速0.8km/hで加速し続けることが『ちんたら運転』に該当し、即reward0.0条件を満たすため0.0とした。
228.29999999999612,Train11,次駅への減速フェーズ（駅手前400m以内）,ブレーキ（減速）中,0.1,力行（加速）,0.1,70.0,70.0,1.0848336217068881,70.0,4.732919201906327,0.0,0.056179719038450496,0.0,9.2,この先制限速度なし,この先目立った勾配なし,先行列車なし,後続列車なし,0.8,次駅減速フェーズでブレーキ中だが、delta_stopが4.68mでやや減点となり、他は適切。
228.3999999999961,Train11,次駅への減速フェーズ（駅手前400m以内）,惰行中,0.1,ブレーキ（減速）,0.1,70.0,70.0,0.957460586032256,70.0,4.704730935948476,0.0,0.043762858690089584,0.0,9.2,この先制限速度なし,この先目立った勾配なし,先行列車なし,後続列車なし,0.0,低速(1km/h)で惰行し続け、先行列車なしの減速フェーズでブレーキ未実施かつノコギリ運転（0.1s切替）となり即時0点規則に該当するため0.0とした。
228.4999999999961,Train11,次駅への減速フェーズ（駅手前400m以内）,ブレーキ（減速）中,0.1,惰行,0.1,70.0,70.0,0.9164949266689991,70.0,4.67876068060491,0.0,0.04009842905228871,0.0,9.2,この先制限速度なし,この先目立った勾配なし,先行列車なし,後続列車なし,0.9,次駅減速フェーズでブレーキ中だがdelta_stopが4.6mでやや遅れ、軽減点となり0.9とした。
228.5999999999961,Train11,次駅への減速フェーズ（駅手前400m以内）,惰行中,0.1,ブレーキ（減速）,0.1,70.0,70.0,0.7891358885215586,70.0,4.6552482754407265,0.0,0.029729079711906334,0.0,9.2,この先制限速度なし,この先目立った勾配なし,先行列車なし,後続列車なし,0.0,次駅減速フェーズで低速惰行を続けたことが「ちんたら運転」とみなされ、即reward0.0ルールが適用されたため。
228.6999999999961,Train11,次駅への減速フェーズ（駅手前400m以内）,力行（加速）中,0.1,惰行,0.1,70.0,70.0,0.7481841603705517,70.0,4.63395349322937,0.0,0.02672380974771398,0.0,9.2,この先制限速度なし,この先目立った勾配なし,先行列車なし,後続列車なし,0.0,次駅減速フェーズで低速のまま力行を続けたため『ちんたら運転』と判定し、即時0点規則が適用された。
228.7999999999961,Train11,次駅への減速フェーズ（駅手前400m以内）,ブレーキ（減速）中,0.1,力行（加速）,0.1,70.0,70.0,1.0286452826700934,70.0,4.608882346666121,0.0,0.050511386222056066,0.0,9.2,この先制限速度なし,この先目立った勾配なし,先行列車なし,後続列車なし,0.0,0.1秒の力行→ブレーキというノコギリ運転と、delta_stopが2m超の早すぎるブレーキによりreward上限が0.0と判断した。
228.89999999999608,Train11,次駅への減速フェーズ（駅手前400m以内）,惰行中,0.1,ブレーキ（減速）,0.1,70.0,70.0,0.9012769328930192,70.0,4.582254796240193,0.0,0.0387779632747985,0.0,9.2,この先制限速度なし,この先目立った勾配なし,先行列車なし,後続列車なし,0.0,次駅減速フェーズで先行列車なしにも関わらず低速0.9km/hで惰行を続けたため『ちんたら運転』と判定し、即時0点ルールが適用された。
228.99999999999608,Train11,次駅への減速フェーズ（駅手前400m以内）,力行（加速）中,0.1,惰行,0.1,70.0,70.0,0.860315937289194,70.0,4.5578451266443665,0.0,0.03533359455828623,0.0,9.2,この先制限速度なし,この先目立った勾配なし,先行列車なし,後続列車なし,0.0,次駅減速フェーズで低速(0.9km/h)のまま加速しブレーキせず『ちんたら運転』に該当するため即時0点とした。
229.09999999999607,Train11,次駅への減速フェーズ（駅手前400m以内）,ブレーキ（減速）中,0.1,力行（加速）,0.1,70.0,70.0,1.140180126759199,70.0,4.529668335297998,0.0,0.06205768958248325,0.0,9.2,この先制限速度なし,この先目立った勾配なし,先行列車なし,後続列車なし,0.0,0.1秒の力行からブレーキへの反転が2秒未満でノコギリ運転と判定され、上限rewardが0.0点となったため評価は0.0とした。
229.19999999999607,Train11,次駅への減速フェーズ（駅手前400m以内）,惰行中,0.1,ブレーキ（減速）,0.1,70.0,70.0,1.012802461891628,70.0,4.49994273722254,0.0,0.048967602539621236,0.0,9.2,この先制限速度なし,この先目立った勾配なし,先行列車なし,後続列車なし,0.0,次駅減速フェーズで先行列車なしの低速1 km/hの惰行はちんたら運転とみなされ、即reward0.0ルールに該当するため評価は0.0とした。
229.29999999999606,Train11,次駅への減速フェーズ（駅手前400m以内）,ブレーキ（減速）中,0.1,惰行,0.1,70.0,70.0,0.9718321951452467,70.0,4.47243527796104,0.0,0.04508636978559638,0.0,9.2,この先制限速度なし,この先目立った勾配なし,先行列車なし,後続列車なし,0.8,次駅減速フェーズでブレーキ中だがdelta_stopが4.43mで許容範囲を超えやや減点、他は全て適合。
229.39999999999606,Train11,次駅への減速フェーズ（駅手前400m以内）,惰行中,0.1,ブレーキ（減速）,0.1,70.0,70.0,0.844468569326235,70.0,4.44738579661319,0.0,0.03404396929191108,0.0,9.2,この先制限速度なし,この先目立った勾配なし,先行列車なし,後続列車なし,0.0,即reward0.0ルールで低速惰行が「ちんたら運転」と判定され、停止位置への適切な減速が行われていないためrewardは0.0とした。
229.49999999999605,Train11,次駅への減速フェーズ（駅手前400m以内）,力行（加速）中,0.1,惰行,0.1,70.0,70.0,0.8035122752996908,70.0,4.424554065270314,0.0,0.030822062011785237,0.0,9.2,この先制限速度なし,この先目立った勾配なし,先行列車なし,後続列車なし,0.0,次駅減速フェーズで先行列車不在にも関わらず低速(0.8km/h)のまま加速し、ちんたら運転に該当するため即0点とした。
229.59999999999604,Train11,次駅への減速フェーズ（駅手前400m以内）,ブレーキ（減速）中,0.1,力行（加速）,0.1,70.0,70.0,1.0836788655425174,70.0,4.397950529877903,0.0,0.05606019365757911,0.0,9.2,この先制限速度なし,この先目立った勾配なし,先行列車なし,後続列車なし,0.0,持続時間0.1秒の力行→ブレーキへの反転がノコギリ運転と判定され、上限0.0点のためrewardは0.0となった。余分な加速と早すぎるブレーキも評価を下げる要因。
229.69999999999604,Train11,次駅への減速フェーズ（駅手前400m以内）,惰行中,0.1,ブレーキ（減速）,0.1,70.0,70.0,0.9563059263092273,70.0,4.369794339009303,0.0,0.04365737923102533,0.0,9.2,この先制限速度なし,この先目立った勾配なし,先行列車なし,後続列車なし,0.0,次駅減速フェーズで低速(1km/h)のまま惰行しブレーキ未実施のため即reward0.0ルールのちんたら運転に該当し、rewardは0.0とする。
229.79999999999603,Train11,次駅への減速フェーズ（駅手前400m以内）,力行（加速）中,0.1,惰行,0.1,70.0,70.0,0.9153403629323053,70.0,4.343856156076242,0.0,0.039997472640910074,0.0,9.2,この先制限速度なし,この先目立った勾配なし,先行列車なし,後続列車なし,0.0,減速フェーズで先行列車がいないにも関わらず低速(0.9km/h)のまま力行を続けたため即時ゼロルールに該当し、rewardは0.0とした。
229.89999999999603,Train11,次駅への減速フェーズ（駅手前400m以内）,ブレーキ（減速）中,0.1,力行（加速）,0.1,70.0,70.0,1.194911610234289,70.0,4.314155387397989,0.0,0.06815782038427508,0.0,9.2,この先制限速度なし,この先目立った勾配なし,先行列車なし,後続列車なし,0.0,ブレーキ直前に力行から反転し、保持時間が7秒未満であるためノコギリ運転と判定され、上限0.0点となった。
229.99999999999602,Train11,次駅への減速フェーズ（駅手前400m以内）,惰行中,0.1,ブレーキ（減速）,0.1,70.0,70.0,1.0675293544375424,70.0,4.282909540538782,0.0,0.05440194065988425,0.0,9.2,この先制限速度なし,この先目立った勾配なし,先行列車なし,後続列車なし,0.0,低速(1.1km/h)で惰行を続け、先行列車不在にも関わらず停止位置へ向かうちんたら運転と、保持時間2秒未満のノコギリ運転が判定され、即0点規則が適用されたため。
230.09999999999602,Train11,次駅への減速フェーズ（駅手前400m以内）,ブレーキ（減速）中,0.1,惰行,0.1,70.0,70.0,1.026554518332743,70.0,4.253881959648709,0.0,0.050306282304241286,0.0,9.2,この先制限速度なし,この先目立った勾配なし,先行列車なし,後続列車なし,0.9,δ_stopが4.2mでブレーキ中だが停止位置が2‑5mの範囲にあり、やや減点とし0.9とした。
230.199999999996,Train11,次駅への減速フェーズ（駅手前400m以内）,惰行中,0.1,ブレーキ（減速）,0.1,70.0,70.0,0.8991863426511083,70.0,4.22731248335495,0.0,0.03859828955801201,0.0,9.2,この先制限速度なし,この先目立った勾配なし,先行列車なし,後続列車なし,0.0,次駅減速フェーズで先行列車なしにも関わらず低速0.9km/hの惰行がちんたら運転と判定され、即reward0.0ルールに該当するため0.0とした。
230.299999999996,Train11,次駅への減速フェーズ（駅手前400m以内）,力行（加速）中,0.1,惰行,0.1,70.0,70.0,0.8582255203190308,70.0,4.202960883063156,0.0,0.03516210841354151,0.0,9.2,この先制限速度なし,この先目立った勾配なし,先行列車なし,後続列車なし,0.0,次駅減速フェーズで低速(0.9km/h)のまま力行し、先行列車不在のためちんたら運転とみなされ即時0点とした。
230.399999999996,Train11,次駅への減速フェーズ（駅手前400m以内）,ブレーキ（減速）中,0.1,力行（加速）,0.1,70.0,70.0,1.13810083861056,70.0,4.1748419886999955,0.0,0.061831577736021284,0.0,9.2,この先制限速度なし,この先目立った勾配なし,先行列車なし,後続列車なし,0.0,ノコギリ運転と判定され、prev_notch_durationが2秒未満のためreward上限が0.0となった。
230.499999999996,Train11,次駅への減速フェーズ（駅手前400m以内）,惰行中,0.1,ブレーキ（減速）,0.1,70.0,70.0,1.0107233478973128,70.0,4.145174145968156,0.0,0.048766783988465526,0.0,9.2,この先制限速度なし,この先目立った勾配なし,先行列車なし,後続列車なし,0.0,低速惰行が即時ゼロ規則に該当し、ノコギリ運転と判断されたためrewardは0.0とした。
230.599999999996,Train11,次駅への減速フェーズ（駅手前400m以内）,力行（加速）中,0.1,惰行,0.1,70.0,70.0,0.9697532544858314,70.0,4.117724437229242,0.0,0.04489369629565343,0.0,9.2,この先制限速度なし,この先目立った勾配なし,先行列車なし,後続列車なし,0.0,次駅減速フェーズで先行列車なしにも関わらず低速1 km/hで力行を続けたため、即reward0.0ルールに該当し0.0とした。
230.69999999999598,Train11,次駅への減速フェーズ（駅手前400m以内）,ブレーキ（減速）中,0.1,力行（加速）,0.1,70.0,70.0,1.2490348024079945,70.0,4.086516628692749,0.0,0.074471269821538,0.0,9.2,この先制限速度なし,この先目立った勾配なし,先行列車なし,後続列車なし,0.0,ブレーキが早すぎて停止位置を逸し、保持時間が7秒未満の反転操作でノコギリ運転と判定されたためrewardは0.0とする。
230.79999999999598,Train11,次駅への減速フェーズ（駅手前400m以内）,惰行中,0.1,ブレーキ（減速）,0.1,70.0,70.0,1.1216479938206214,70.0,4.053767429461175,0.0,0.06005696486808393,0.0,9.2,この先制限速度なし,この先目立った勾配なし,先行列車なし,後続列車なし,0.0,低速で惰行し、先行列車不在の状態で減速すべきところを踏み外し、かつノコギリ運転（0.2秒反転）に該当するためrewardは0.0とする。
230.89999999999597,Train11,次駅への減速フェーズ（駅手前400m以内）,ブレーキ（減速）中,0.1,惰行,0.1,70.0,70.0,1.0806686262594491,70.0,4.023236622291648,0.0,0.05574921099402208,0.0,9.2,この先制限速度なし,この先目立った勾配なし,先行列車なし,後続列車なし,0.8,次駅減速フェーズでブレーキ中だが、delta_stopが2〜5mでやや減点、他項目は全て適合のため0.8点とした。
230.99999999999596,Train11,次駅への減速フェーズ（駅手前400m以内）,惰行中,0.1,ブレーキ（減速）,0.1,70.0,70.0,0.9532959384037744,70.0,3.9951640453388393,0.0,0.04338301168349631,0.0,9.2,この先制限速度なし,この先目立った勾配なし,先行列車なし,後続列車なし,0.0,低速(1km/h)の惰行が減速フェーズで続き、先行列車不在のためちんたら運転と判定し即時0点ルールに該当、さらにノコギリ運転(0.1s切替)で上限0.0点となったためreward=0.0。
231.09999999999596,Train11,次駅への減速フェーズ（駅手前400m以内）,力行（加速）中,0.1,惰行,0.1,70.0,70.0,0.9123306252183541,70.0,3.969309469354698,0.0,0.03973489576518089,0.0,9.2,この先制限速度なし,この先目立った勾配なし,先行列車なし,後続列車なし,0.0,低速で加速し続けたことが即reward0.0ルールに該当し、ノコギリ運転の上限が0点であるため、評価は0.0とした。
231.19999999999595,Train11,次駅への減速フェーズ（駅手前400m以内）,ブレーキ（減速）中,0.1,力行（加速）,0.1,70.0,70.0,1.1919178962732015,70.0,3.9396920595002882,0.0,0.06781676361811038,0.0,9.2,この先制限速度なし,この先目立った勾配なし,先行列車なし,後続列車なし,0.0,直前の加速からすぐにブレーキへ切り替え、保持時間が2秒未満のノコギリ運転と判定され、上限rewardが0.0点となった。
231.29999999999595,Train11,次駅への減速フェーズ（駅手前400m以内）,惰行中,0.1,ブレーキ（減速）,0.1,70.0,70.0,1.0645358919308026,70.0,3.908529367521396,0.0,0.054097302405039314,0.0,9.2,この先制限速度なし,この先目立った勾配なし,先行列車なし,後続列車なし,0.0,次駅減速フェーズで先行列車なし、速度1.1km/hの低速惰行はちんたら運転と判定され、即reward0.0ルールに該当するため0.0とした。
231.39999999999594,Train11,次駅への減速フェーズ（駅手前400m以内）,ブレーキ（減速）中,0.1,惰行,0.1,70.0,70.0,1.0235613061003843,70.0,3.8795849345447664,0.0,0.05001337443082628,0.0,9.2,この先制限速度なし,この先目立った勾配なし,先行列車なし,後続列車なし,0.7,停止距離誤差が3.8mと2mを超えているためやや減点し、他は適切なのでrewardを0.7とした。
231.49999999999594,Train11,次駅への減速フェーズ（駅手前400m以内）,惰行中,0.1,ブレーキ（減速）,0.1,70.0,70.0,0.8961933796266611,70.0,3.853098599218896,0.0,0.03834178840329451,0.0,9.2,この先制限速度なし,この先目立った勾配なし,先行列車なし,後続列車なし,0.0,次駅減速フェーズで先行列車なしの低速0.9km/hで惰行を続けたため、ちんたら運転と判定し即時0点とした。
231.59999999999593,Train11,次駅への減速フェーズ（駅手前400m以内）,力行（加速）中,0.1,惰行,0.1,70.0,70.0,0.8552328053232771,70.0,3.8288301330027252,0.0,0.03491732876703766,0.0,9.2,この先制限速度なし,この先目立った勾配なし,先行列車なし,後続列車なし,0.0,低速での加速は次駅減速フェーズでのちんたら運転とみなされ、即時0点規則に該当するためrewardは0.0。
231.69999999999592,Train11,次駅への減速フェーズ（駅手前400m以内）,ブレーキ（減速）中,0.1,力行（加速）,0.1,70.0,70.0,1.1351240559969464,70.0,3.8007941260147504,0.0,0.06150858617134763,0.0,9.2,この先制限速度なし,この先目立った勾配なし,先行列車なし,後続列車なし,0.0,ブレーキ直前の0.1秒の力行が合理的理由なく短時間で切替わり、2秒未満のノコギリ運転と判定され上限0.0点となった。
231.79999999999592,Train11,次駅への減速フェーズ（駅手前400m以内）,惰行中,0.1,ブレーキ（減速）,0.1,70.0,70.0,1.007746814576284,70.0,3.7712089678691996,0.0,0.04848000311993474,0.0,9.2,この先制限速度なし,この先目立った勾配なし,先行列車なし,後続列車なし,0.0,低速(1km/h)で惰行し続け、ブレーキ未実施のため次駅減速フェーズでのちんたら運転と判定し、即時0点規則が適用された。
231.8999999999959,Train11,次駅への減速フェーズ（駅手前400m以内）,力行（加速）中,0.1,惰行,0.1,70.0,70.0,0.9667769692842796,70.0,3.7438419368100995,0.0,0.044618576100892926,0.0,9.2,この先制限速度なし,この先目立った勾配なし,先行列車なし,後続列車なし,0.0,次駅減速フェーズで低速(1km/h)のまま力行を続けたことが即reward0.0ルールのちんたら運転に該当し、評価は0.0とした。
231.9999999999959,Train11,次駅への減速フェーズ（駅手前400m以内）,ブレーキ（減速）中,0.1,力行（加速）,0.1,70.0,70.0,1.2460743635627471,70.0,3.712716560581697,0.0,0.07411870877192779,0.0,9.2,この先制限速度なし,この先目立った勾配なし,先行列車なし,後続列車なし,0.0,ノコギリ運転と判定され、前後のノッチ保持時間が0.1秒と2秒未満であるため、reward上限が0.0点に設定されました。
232.0999999999959,Train11,次駅への減速フェーズ（駅手前400m以内）,惰行中,0.1,ブレーキ（減速）,0.1,70.0,70.0,1.1186878043358977,70.0,3.6800495919457887,0.0,0.05974041929613719,0.0,9.2,この先制限速度なし,この先目立った勾配なし,先行列車なし,後続列車なし,0.0,低速(1.1km/h)で惰行し続け、先行列車不在の減速フェーズでちんたら運転とノコギリ運転が判定されたためrewardは0.0とした。
232.1999999999959,Train11,次駅への減速フェーズ（駅手前400m以内）,ブレーキ（減速）中,0.1,惰行,0.1,70.0,70.0,1.0777086849682218,70.0,3.649601008465453,0.0,0.05544426776434245,0.0,9.2,この先制限速度なし,この先目立った勾配なし,先行列車なし,後続列車なし,0.0,ノコギリ運転と判定され、前ノッチ保持時間が0.1秒と極短で上限が0.0点となり、加えてδ=3.6mのブレーキ遅れでやや定時性が低下しているためrewardは0.0とした。
232.2999999999959,Train11,次駅への減速フェーズ（駅手前400m以内）,惰行中,0.1,ブレーキ（減速）,0.1,70.0,70.0,0.9503362442512528,70.0,3.621610648320228,0.0,0.04311407170234985,0.0,9.2,この先制限速度なし,この先目立った勾配なし,先行列車なし,後続列車なし,0.0,次駅減速フェーズで先行列車なしにも関わらず1 km/hの低速で惰行を続け、ブレーキ未実施のため『ちんたら運転』と判定し即時0点とした。
232.39999999999588,Train11,次駅への減速フェーズ（駅手前400m以内）,力行（加速）中,0.1,惰行,0.1,70.0,70.0,0.9093711770382531,70.0,3.59583828230825,0.0,0.03947754931788736,0.0,9.2,この先制限速度なし,この先目立った勾配なし,先行列車なし,後続列車なし,0.0,次駅減速フェーズで低速のまま力行を続けたため、即時0点ルールの「ちんたら運転」に該当し、rewardは0.0とした。
232.49999999999588,Train11,次駅への減速フェーズ（駅手前400m以内）,ブレーキ（減速）中,0.1,力行（加速）,0.1,70.0,70.0,1.188974204067639,70.0,3.566302838446944,0.0,0.06748223950490165,0.0,9.2,この先制限速度なし,この先目立った勾配なし,先行列車なし,後続列車なし,0.0,ノコギリ運転と判定され、保持時間が7秒未満で力行→ブレーキへの不合理な反転があり、prev_notch_durationが2秒未満のためreward上限が0.0点に設定された。
232.59999999999587,Train11,次駅への減速フェーズ（駅手前400m以内）,惰行中,0.1,ブレーキ（減速）,0.1,70.0,70.0,1.0615924469398286,70.0,3.535221911910469,0.0,0.053798588193206105,0.0,9.2,この先制限速度なし,この先目立った勾配なし,先行列車なし,後続列車なし,0.0,低速(1.1km/h)で惰行を続け、先行列車不在にも関わらず停止位置へ向かうちんたら運転と判定され、即reward0.0ルールに該当するため0.0とした。
232.69999999999587,Train11,次駅への減速フェーズ（駅手前400m以内）,ブレーキ（減速）中,0.1,惰行,0.1,70.0,70.0,1.0206181071637577,70.0,3.5063592375337294,0.0,0.04972619447079242,0.0,9.2,この先制限速度なし,この先目立った勾配なし,先行列車なし,後続列車なし,0.0,ノコギリ運転と判定され、prev_notch_durationが2秒未満のためreward上限が0.0となった。
232.79999999999586,Train11,次駅への減速フェーズ（駅手前400m以内）,惰行中,0.1,ブレーキ（減速）,0.1,70.0,70.0,0.8932504256957415,70.0,3.4799546539936443,0.0,0.03809040677986973,0.0,9.2,この先制限速度なし,この先目立った勾配なし,先行列車なし,後続列車なし,0.0,次駅減速フェーズで低速0.9km/hの惰行はちんたら運転とみなされ即0点規則に該当するためreward=0.0。
232.89999999999586,Train11,次駅への減速フェーズ（駅手前400m以内）,力行（加速）中,0.1,惰行,0.1,70.0,70.0,0.8522900952385595,70.0,3.455767932777576,0.0,0.034677472672301986,0.0,9.2,この先制限速度なし,この先目立った勾配なし,先行列車なし,後続列車なし,0.0,次駅減速フェーズで先行列車なしの低速0.9km/hで力行し続けたため、即reward0.0ルールに該当し0点とした。
232.99999999999585,Train11,次駅への減速フェーズ（駅手前400m以内）,ブレーキ（減速）中,0.1,力行（加速）,0.1,70.0,70.0,1.132197012044202,70.0,3.427813428203308,0.0,0.06119181600381512,0.0,9.2,この先制限速度なし,この先目立った勾配なし,先行列車なし,後続列車なし,0.0,直前の力行から0.1秒でブレーキへ切替え、保持時間が7秒未満で反転操作かつ合理的理由なしのノコギリ運転と判定し、reward上限0.0とした。
233.09999999999584,Train11,次駅への減速フェーズ（駅手前400m以内）,惰行中,0.1,ブレーキ（減速）,0.1,70.0,70.0,1.004820015712933,70.0,3.398309573086067,0.0,0.048198838514835605,0.0,9.2,この先制限速度なし,この先目立った勾配なし,先行列車なし,後続列車なし,0.0,先行列車がいない状態で現在速度1km/hの惰行は低速ちんたら運転と判断され、即時0点の即reward0.0ルールに該当するためrewardは0.0とした。
233.19999999999584,Train11,次駅への減速フェーズ（駅手前400m以内）,ブレーキ（減速）中,0.1,惰行,0.1,70.0,70.0,0.9638504143568247,70.0,3.371023838273146,0.0,0.04434887723585547,0.0,9.2,この先制限速度なし,この先目立った勾配なし,先行列車なし,後続列車なし,0.8,delta_stopが2mを超えており停止位置誤差がやや大きいため、減点対象となり0.8点とした。
233.29999999999583,Train11,次駅への減速フェーズ（駅手前400m以内）,惰行中,0.1,ブレーキ（減速）,0.1,70.0,70.0,0.8364874510847095,70.0,3.3461960629210807,0.0,0.03340355886411853,0.0,9.2,この先制限速度なし,この先目立った勾配なし,先行列車なし,後続列車なし,0.0,次駅減速フェーズで先行列車なしの低速惰行はちんたら運転と判定され、即0点ルールとノコギリ運転上限によりrewardは0.0となった。
233.39999999999583,Train11,次駅への減速フェーズ（駅手前400m以内）,力行（加速）中,0.1,惰行,0.1,70.0,70.0,0.7955318164610232,70.0,3.323586019224223,0.0,0.030212901904239784,0.0,9.2,この先制限速度なし,この先目立った勾配なし,先行列車なし,後続列車なし,0.0,次駅減速フェーズで低速のまま加速し、停止位置へ進むちんたら運転と判定されたため、即時0.0点とした。
233.49999999999582,Train11,次駅への減速フェーズ（駅手前400m以内）,ブレーキ（減速）中,0.1,力行（加速）,0.1,70.0,70.0,1.0757408904638532,70.0,3.297203513685787,0.0,0.05524200158103308,0.0,9.2,この先制限速度なし,この先目立った勾配なし,先行列車なし,後続列車なし,0.0,ブレーキが早すぎてdelta_stopが3.24m、過剰減速となり、0.1秒の力行→ブレーキ切替がノコギリ運転と判定され上限0.0点になる。
233.59999999999582,Train11,次駅への減速フェーズ（駅手前400m以内）,惰行中,0.1,ブレーキ（減速）,0.1,70.0,70.0,0.9483686140256194,70.0,3.26926781198722,0.0,0.04293574075265698,0.0,9.2,この先制限速度なし,この先目立った勾配なし,先行列車なし,後続列車なし,0.0,次駅減速フェーズで先行列車なしにも関わらず0.9km/hの低速で惰行を続けたため即時0点ルールが適用され、rewardは0.0とした。
233.6999999999958,Train11,次駅への減速フェーズ（駅手前400m以内）,力行（加速）中,0.1,惰行,0.1,70.0,70.0,0.9074037103160039,70.0,3.2435500998708733,0.0,0.03930692577929529,0.0,9.2,この先制限速度なし,この先目立った勾配なし,先行列車なし,後続列車なし,0.0,低速で減速フェーズに加速し、即時ゼロルールに該当するためrewardは0.0とした。
233.7999999999958,Train11,次駅への減速フェーズ（駅手前400m以内）,ブレーキ（減速）中,0.1,力行（加速）,0.1,70.0,70.0,1.1870172120323563,70.0,3.214069147716714,0.0,0.06726030259842776,0.0,9.2,この先制限速度なし,この先目立った勾配なし,先行列車なし,後続列車なし,0.0,0.1秒の力行→ブレーキという短時間反転がノコギリ運転と判定され、上限0.0点となった。
233.8999999999958,Train11,次駅への減速フェーズ（駅手前400m以内）,惰行中,0.1,ブレーキ（減速）,0.1,70.0,70.0,1.0596356192339664,70.0,3.183042579561146,0.0,0.053600457966400936,0.0,9.2,この先制限速度なし,この先目立った勾配なし,先行列車なし,後続列車なし,0.0,次駅減速フェーズで低速1.1km/hのまま惰行を続けたことが「ちんたら運転」とみなされ、即時0点規則に該当するためrewardは0.0とした。
233.9999999999958,Train11,次駅への減速フェーズ（駅手前400m以内）,ブレーキ（減速）中,0.1,惰行,0.1,70.0,70.0,1.0186614430159833,70.0,3.1542342590071826,0.0,0.049535732244375616,0.0,9.2,この先制限速度なし,この先目立った勾配なし,先行列車なし,後続列車なし,0.8,ブレーキ中だがdelta_stopが3.1mで目標停止位置から2‑5m外れ、やや減点としrewardを0.8とした。
234.0999999999958,Train11,次駅への減速フェーズ（駅手前400m以内）,惰行中,0.1,ブレーキ（減速）,0.1,70.0,70.0,0.8912939244089149,70.0,3.127884024753058,0.0,0.03792374356166656,0.0,9.2,この先制限速度なし,この先目立った勾配なし,先行列車なし,後続列車なし,0.0,次駅減速フェーズで先行列車なしにも関わらず低速0.9km/hで惰行を続けたため即reward0.0ルールのちんたら運転に該当し、評価は0.0とした。
234.19999999999578,Train11,次駅への減速フェーズ（駅手前400m以内）,力行（加速）中,0.1,惰行,0.1,70.0,70.0,0.8503337560418366,70.0,3.1037516483181093,0.0,0.03451847165629992,0.0,9.2,この先制限速度なし,この先目立った勾配なし,先行列車なし,後続列車なし,0.0,次駅減速フェーズで低速のまま力行し、ちんたら運転とノコギリ運転に該当するためrewardは0.0とした。
234.29999999999578,Train11,次駅への減速フェーズ（駅手前400m以内）,ブレーキ（減速）中,0.1,力行（加速）,0.1,70.0,70.0,1.1302510878071286,70.0,3.075851327267287,0.0,0.06098167691289982,0.0,9.2,この先制限速度なし,この先目立った勾配なし,先行列車なし,後続列車なし,0.0,直前の力行からブレーキへの短時間反転が合理的理由なく行われ、ノコギリ運転と判定され上限0.0点となった。
234.39999999999577,Train11,次駅への減速フェーズ（駅手前400m以内）,惰行中,0.1,ブレーキ（減速）,0.1,70.0,70.0,1.0028742543926774,70.0,3.0464015231110864,0.0,0.04801237025941413,0.0,9.2,この先制限速度なし,この先目立った勾配なし,先行列車なし,後続列車なし,0.0,次駅減速フェーズで低速1km/hのまま惰行を続けたことが即reward0.0ルールのちんたら運転に該当し、さらにノコギリ運転でもあるため評価は0.0とした。
234.49999999999577,Train11,次駅への減速フェーズ（駅手前400m以内）,ブレーキ（減速）中,0.1,惰行,0.1,70.0,70.0,0.9619048151865375,70.0,3.0191698347472595,0.0,0.04417003145073001,0.0,9.2,この先制限速度なし,この先目立った勾配なし,先行列車なし,後続列車なし,0.5,delta_stopが2.97mでブレーキ開始が早すぎ、停止位置精度がやや不足しているため0.5点とした。
234.59999999999576,Train11,次駅への減速フェーズ（駅手前400m以内）,惰行中,0.1,ブレーキ（減速）,0.1,70.0,70.0,0.8345420133713137,70.0,2.994396101353658,0.0,0.03324837722979624,0.0,9.2,この先制限速度なし,この先目立った勾配なし,先行列車なし,後続列車なし,0.0,低速で惰行を続けるちんたら運転が即時0点規則に該当し、ノコギリ運転も検出されたためrewardは0.0とした。
234.69999999999575,Train11,次駅への減速フェーズ（駅手前400m以内）,力行（加速）中,0.1,惰行,0.1,70.0,70.0,0.7935865394381542,70.0,2.97184009514595,0.0,0.030065337553878437,0.0,9.2,この先制限速度なし,この先目立った勾配なし,先行列車なし,後続列車なし,0.0,次駅減速フェーズで速度0.8km/hのまま加速し、低速のちんたら運転と判定されたため即時0点とした。
234.79999999999575,Train11,次駅への減速フェーズ（駅手前400m以内）,ブレーキ（減速）中,0.1,力行（加速）,0.1,70.0,70.0,1.0738059690294564,70.0,2.9455114667449322,0.0,0.05504347470072066,0.0,9.2,この先制限速度なし,この先目立った勾配なし,先行列車なし,後続列車なし,0.0,ブレーキ直前に0.1秒の力行から切り替え、保持時間が7秒未満で反転しているためノコギリ運転と判定され、上限0.0点となる。
234.89999999999574,Train11,次駅への減速フェーズ（駅手前400m以内）,惰行中,0.1,ブレーキ（減速）,0.1,70.0,70.0,0.946433854109077,70.0,2.9176295103958694,0.0,0.04276074922646492,0.0,9.2,この先制限速度なし,この先目立った勾配なし,先行列車なし,後続列車なし,0.0,低速で惰行し続け停止位置に到達できず、即時0点ルールのちんたら運転に該当するため0.0とした。
234.99999999999574,Train11,次駅への減速フェーズ（駅手前400m以内）,ブレーキ（減速）中,0.1,惰行,0.1,70.0,70.0,0.9054691111549216,70.0,2.891965539152608,0.0,0.039139512853067264,0.0,9.2,この先制限速度なし,この先目立った勾配なし,先行列車なし,後続列車なし,0.8,ブレーキは適切だがdelta_stopが2mを超えてやや遅れ気味で、わずかに減点し0.8とした。
235.09999999999573,Train11,次駅への減速フェーズ（駅手前400m以内）,惰行中,0.1,ブレーキ（減速）,0.1,70.0,70.0,0.7781109854895027,70.0,2.868759392686826,0.0,0.028904263375268517,0.0,9.2,この先制限速度なし,この先目立った勾配なし,先行列車なし,後続列車なし,0.0,次駅減速フェーズで先行列車なしにも関わらず低速0.8km/hの惰行は「ちんたら運転」とみなされ、即reward0.0ルールが適用されるため評価は0.0となる。
235.19999999999573,Train11,次駅への減速フェーズ（駅手前400m以内）,力行（加速）中,0.1,惰行,0.1,70.0,70.0,0.7371601654781075,70.0,2.8477708438963134,0.0,0.025942148544881725,0.0,9.2,この先制限速度なし,この先目立った勾配なし,先行列車なし,後続列車なし,0.0,次駅減速フェーズで先行列車なしにも関わらず0.7km/hの低速で力行を続けたことが、即時0点ルールのちんたら運転に該当し、rewardは0.0とした。
235.29999999999572,Train11,次駅への減速フェーズ（駅手前400m以内）,ブレーキ（減速）中,0.1,力行（加速）,0.1,70.0,70.0,1.0176799709987339,70.0,2.823005022179359,0.0,0.04944033309498563,0.0,9.2,この先制限速度なし,この先目立った勾配なし,先行列車なし,後続列車なし,0.0,直前の力行から即ブレーキへの切替が保持時間7秒未満で不合理なためノコギリ運転と判定し、上限0点となった。
235.3999999999957,Train11,次駅への減速フェーズ（駅手前400m以内）,惰行中,0.1,ブレーキ（減速）,0.1,70.0,70.0,0.8903125340771824,70.0,2.796682049783783,0.0,0.037840282096834196,0.0,9.2,この先制限速度なし,この先目立った勾配なし,先行列車なし,後続列車なし,0.0,次駅減速フェーズで先行列車なしにも関わらず、速度0.9km/hのまま惰行を続けたためちんたら運転と判定し即reward0.0ルールが適用された。
235.4999999999957,Train11,次駅への減速フェーズ（駅手前400m以内）,力行（加速）中,0.1,惰行,0.1,70.0,70.0,0.8493524470089636,70.0,2.7725769329407512,0.0,0.034438853567651334,0.0,9.2,この先制限速度なし,この先目立った勾配なし,先行列車なし,後続列車なし,0.0,次駅減速フェーズで低速のまま加速し、先行列車不在にも関わらず停止位置に遅れが生じるため、運転操作が不適切で即時0点とした。
235.5999999999957,Train11,次駅への減速フェーズ（駅手前400m以内）,ブレーキ（減速）中,0.1,力行（加速）,0.1,70.0,70.0,1.1292750029612217,70.0,2.744703790597214,0.0,0.0608764062395536,0.0,9.2,この先制限速度なし,この先目立った勾配なし,先行列車なし,後続列車なし,0.0,直前の力行からブレーキへの短時間反転が条件を満たし、ノコギリ運転と判定されたためreward上限0.0点となった。
235.6999999999957,Train11,次駅への減速フェーズ（駅手前400m以内）,惰行中,0.1,ブレーキ（減速）,0.1,70.0,70.0,1.0018982512603831,70.0,2.715281098662814,0.0,0.04791897297413793,0.0,9.2,この先制限速度なし,この先目立った勾配なし,先行列車なし,後続列車なし,0.0,次駅減速フェーズで先行列車なしにも関わらず1 km/hの惰行を続けたためちんたら運転と判定し、即0点規則が適用された。
235.7999999999957,Train11,次駅への減速フェーズ（駅手前400m以内）,ブレーキ（減速）中,0.1,惰行,0.1,70.0,70.0,0.9609288933832015,70.0,2.688076520250604,0.0,0.04408045761676422,0.0,9.2,この先制限速度なし,この先目立った勾配なし,先行列車なし,後続列車なし,0.9,次駅減速フェーズで適切にブレーキをかけ、停止位置も達成可能で違反がないため高評価。
235.89999999999569,Train11,次駅への減速フェーズ（駅手前400m以内）,惰行中,0.1,ブレーキ（減速）,0.1,70.0,70.0,0.8335661725492869,70.0,2.6633298945526462,0.0,0.03317067343112019,0.0,9.2,この先制限速度なし,この先目立った勾配なし,先行列車なし,後続列車なし,0.0,低速0.8km/hで惰行し続け、ブレーキ未実施のため即時0点ルール（ちんたら運転）が適用され、rewardは0.0とした。
235.99999999999568,Train11,次駅への減速フェーズ（駅手前400m以内）,ブレーキ（減速）中,0.1,惰行,0.1,70.0,70.0,0.7926107792130259,70.0,2.6408009937917143,0.0,0.0299914546006341,0.0,9.2,この先制限速度なし,この先目立った勾配なし,先行列車なし,後続列車なし,0.0,持続時間0.1秒の惰行から0.1秒のブレーキへの反転が合理的根拠なく行われ、prev_notch_durationが2秒未満のノコギリ運転と判定されたためrewardは0.0とした。
236.09999999999567,Train11,次駅への減速フェーズ（駅手前400m以内）,惰行中,0.1,ブレーキ（減速）,0.1,70.0,70.0,0.6652619629761882,70.0,2.6207296586200357,0.0,0.02112873047789228,0.0,9.2,この先制限速度なし,この先目立った勾配なし,先行列車なし,後続列車なし,0.0,低速で惰行し続けたことが次駅減速フェーズのちんたら運転に該当し、即時0点規則とノコギリ運転判定によりreward=0.0とした。
236.19999999999567,Train11,次駅への減速フェーズ（駅手前400m以内）,力行（加速）中,0.1,惰行,0.1,70.0,70.0,0.6243204079527644,70.0,2.6028756633103,0.0,0.018608290234282884,0.0,9.2,この先制限速度なし,この先目立った勾配なし,先行列車なし,後続列車なし,0.0,次駅減速フェーズで低速のまま力行し、先行列車不在にも関わらず停車位置へ進む『ちんたら運転』が即時0点規則に該当したためrewardは0.0とした。
236.29999999999566,Train11,次駅への減速フェーズ（駅手前400m以内）,ブレーキ（減速）中,0.1,力行（加速）,0.1,70.0,70.0,0.9054408547013757,70.0,2.5812350958105412,0.0,0.03913707029285545,0.0,9.2,この先制限速度なし,この先目立った勾配なし,先行列車なし,後続列車なし,0.0,保持時間が7秒未満で力行→ブレーキへの不合理な反転があり、ノコギリ運転と判定され上限0.0点となったためreward=0.0。
236.39999999999566,Train11,次駅への減速フェーズ（駅手前400m以内）,惰行中,0.1,ブレーキ（減速）,0.1,70.0,70.0,0.7780827313737407,70.0,2.558029734213818,0.0,0.02890216447834848,0.0,9.2,この先制限速度なし,この先目立った勾配なし,先行列車なし,後続列車なし,0.0,次駅減速フェーズで先行列車なしの低速0.8km/h惰行はちんたら運転と判定され即0点、さらに0.1秒のノコギリ運転で上限0点となるためreward=0.0。
236.49999999999565,Train11,次駅への減速フェーズ（駅手前400m以内）,ブレーキ（減速）中,0.1,惰行,0.1,70.0,70.0,0.7371319136890007,70.0,2.5370419702248626,0.0,0.025940160242240915,0.0,9.2,この先制限速度なし,この先目立った勾配なし,先行列車なし,後続列車なし,0.0,ノコギリ運転と判定され、prev_notch_durationが2秒未満のためreward上限が0.0点となった。
236.59999999999565,Train11,次駅への減速フェーズ（駅手前400m以内）,惰行中,0.1,ブレーキ（減速）,0.1,70.0,70.0,0.6097876533524913,70.0,2.5185116449755185,0.0,0.01775210602952042,0.0,9.2,この先制限速度なし,この先目立った勾配なし,先行列車なし,後続列車なし,0.0,次駅減速フェーズで先行列車なしにも関わらず低速0.6km/hの惰行が続き、停止位置へ向かうちんたら運転と判定され即時0点ルールに該当し、さらに保持時間0.1秒のノコギリ運転でもあるためrewardは0.0とした。
236.69999999999564,Train11,次駅への減速フェーズ（駅手前400m以内）,力行（加速）中,0.1,惰行,0.1,70.0,70.0,0.5688506323883197,70.0,2.5021985334205965,0.0,0.015448724037141709,0.0,9.2,この先制限速度なし,この先目立った勾配なし,先行列車なし,後続列車なし,0.0,次駅減速フェーズで先行列車不在にも関わらず低速(0.6km/h)のまま力行を続けたため、ちんたら運転と判定し即時0点とした。
236.79999999999563,Train11,次駅への減速フェーズ（駅手前400m以内）,ブレーキ（減速）中,0.1,力行（加速）,0.1,70.0,70.0,0.8502663221172116,70.0,2.482094278903446,0.0,0.034512997492614654,0.0,9.2,この先制限速度なし,この先目立った勾配なし,先行列車なし,後続列車なし,0.0,前後0.1秒の力行→減速の短時間反転がノコギリ運転と判定され、許容上限が0点のためrewardは0.0となった。
236.89999999999563,Train11,次駅への減速フェーズ（駅手前400m以内）,惰行中,0.1,ブレーキ（減速）,0.1,70.0,70.0,0.7229127569660613,70.0,2.460421473497121,0.0,0.024949114400564784,0.0,9.2,この先制限速度なし,この先目立った勾配なし,先行列車なし,後続列車なし,0.0,次駅減速フェーズで先行列車なしにも関わらず低速0.7km/hで惰行し続けたため即reward0.0ルールのちんたら運転に該当し、評価は0.0となる。
236.99999999999562,Train11,次駅への減速フェーズ（駅手前400m以内）,ブレーキ（減速）中,0.1,惰行,0.1,70.0,70.0,0.6819664757298283,70.0,2.440966139470646,0.0,0.02220305353167701,0.0,9.2,この先制限速度なし,この先目立った勾配なし,先行列車なし,後続列車なし,0.0,惰行0.1秒からブレーキ0.1秒への反転が保持時間7秒未満で合理的理由がなく、上限0.0点となったためrewardは0.0。
237.09999999999562,Train11,次駅への減速フェーズ（駅手前400m以内）,惰行中,0.1,ブレーキ（減速）,0.1,70.0,70.0,0.5546267322055096,70.0,2.4239681184177186,0.0,0.01468584551370972,0.0,9.2,この先制限速度なし,この先目立った勾配なし,先行列車なし,後続列車なし,0.0,低速0.6km/hでブレーキせず惰行し続けたため次駅減速フェーズのちんたら運転と判定、即時0点規則が適用された。
237.1999999999956,Train11,次駅への減速フェーズ（駅手前400m以内）,ブレーキ（減速）中,0.1,惰行,0.1,70.0,70.0,0.5136942063391147,70.0,2.4091871859681646,0.0,0.012598252437257706,0.0,9.2,この先制限速度なし,この先目立った勾配なし,先行列車なし,後続列車なし,0.0,ノコギリ運転と判定され、前ノッチ保持時間が2秒未満であるためreward上限が0.0点に設定され、他の評価は考慮されなかった。
237.2999999999956,Train11,次駅への減速フェーズ（駅手前400m以内）,惰行中,0.1,ブレーキ（減速）,0.1,70.0,70.0,0.3863681583077579,70.0,2.3968631851722932,0.0,0.0071271169758491135,0.0,9.2,この先制限速度なし,この先目立った勾配なし,先行列車なし,後続列車なし,0.0,次駅減速フェーズで低速0.4km/hの惰行がちんたら運転と判定され、即reward0.0ルールに該当したため。
237.3999999999956,Train11,次駅への減速フェーズ（駅手前400m以内）,力行（加速）中,0.1,惰行,0.1,70.0,70.0,0.34544926171845197,70.0,2.386755893706294,0.0,0.005697487264243835,0.0,9.2,この先制限速度なし,この先目立った勾配なし,先行列車なし,後続列車なし,0.0,次駅減速フェーズで低速(0.3km/h)のまま力行し、先行列車不在にも関わらずちんたら運転と判定されたため即時0点とした。
237.4999999999956,Train11,次駅への減速フェーズ（駅手前400m以内）,ブレーキ（減速）中,0.1,力行（加速）,0.1,70.0,70.0,0.628053890487119,70.0,2.3728390545656453,0.0,0.018831500074240243,0.0,9.2,この先制限速度なし,この先目立った勾配なし,先行列車なし,後続列車なし,0.0,前後0.1秒の力行からブレーキへの切替が保持時間7秒未満で合理的理由がなく、ノコギリ運転上限0.0点と判断したため。
237.5999999999956,Train11,次駅への減速フェーズ（駅手前400m以内）,惰行中,0.1,ブレーキ（減速）,0.1,70.0,70.0,0.5007185483327107,70.0,2.3573385380117884,0.0,0.011969871663934631,0.0,9.2,この先制限速度なし,この先目立った勾配なし,先行列車なし,後続列車なし,0.0,低速で惰行し続けているため次駅減速フェーズのちんたら運転に該当し、即reward0.0ルールが適用された。
237.69999999999558,Train11,次駅への減速フェーズ（駅手前400m以内）,ブレーキ（減速）中,0.1,惰行,0.1,70.0,70.0,0.45979040261810683,70.0,2.3440549881712514,0.0,0.010093111711712049,0.0,9.2,この先制限速度なし,この先目立った勾配なし,先行列車なし,後続列車なし,0.8,次駅減速フェーズでdelta_stopが2.33mと2mを超えているためやや減点し、他は全て適切なのでrewardを0.8とした。
237.79999999999558,Train11,次駅への減速フェーズ（駅手前400m以内）,惰行中,0.1,ブレーキ（減速）,0.1,70.0,70.0,0.33246871556416935,70.0,2.333228248559749,0.0,0.00527737060617964,0.0,9.2,この先制限速度なし,この先目立った勾配なし,先行列車なし,後続列車なし,0.0,次駅減速フェーズで先行列車なしにも関わらず低速0.3km/hで惰行し続けたため「ちんたら運転」と判定し、即時0点とする。
237.89999999999557,Train11,次駅への減速フェーズ（駅手前400m以内）,力行（加速）中,0.1,惰行,0.1,70.0,70.0,0.29155415874725565,70.0,2.3246180975071695,0.0,0.004058434274640932,0.0,9.2,この先制限速度なし,この先目立った勾配なし,先行列車なし,後続列車なし,0.0,次駅減速フェーズで先行列車なしにも関わらず低速(0.3km/h)のまま加速し続けたため、即時0点ルールが適用される。
237.99999999999557,Train11,次駅への減速フェーズ（駅手前400m以内）,ブレーキ（減速）中,0.1,力行（加速）,0.1,70.0,70.0,0.5744455840616101,70.0,2.312193959593145,0.0,0.015754094011744962,0.0,9.2,この先制限速度なし,この先目立った勾配なし,先行列車なし,後続列車なし,0.0,0.2秒の力行→ブレーキという短時間反転がノコギリ運転と判定され、上限0.0点となるためrewardは0.0。
238.09999999999556,Train11,次駅への減速フェーズ（駅手前400m以内）,惰行中,0.1,ブレーキ（減速）,0.1,70.0,70.0,0.4471146058295078,70.0,2.298182495920287,0.0,0.00954429784870461,0.0,9.2,この先制限速度なし,この先目立った勾配なし,先行列車なし,後続列車なし,0.0,次駅減速フェーズで先行列車なしの低速惰行はちんたら運転とみなされ即時0点とした。
238.19999999999555,Train11,次駅への減速フェーズ（駅手前400m以内）,ブレーキ（減速）中,0.1,惰行,0.1,70.0,70.0,0.4061908029419155,70.0,2.28638787811164,0.0,0.007877161364111113,0.0,9.2,この先制限速度なし,この先目立った勾配なし,先行列車なし,後続列車なし,0.0,保持時間0.1秒で惰行→減速への反転がノコギリ運転と判定され、上限0.0点となったためrewardは0.0。
238.29999999999555,Train11,次駅への減速フェーズ（駅手前400m以内）,惰行中,0.1,ブレーキ（減速）,0.1,70.0,70.0,0.27887343965189054,70.0,2.2770499501305608,0.0,0.003713091725683318,0.0,9.2,この先制限速度なし,この先目立った勾配なし,先行列車なし,後続列車なし,0.0,次駅減速フェーズで先行列車不在にも関わらず低速0.3km/hのまま惰行を続けたため、即reward0.0ルールの「ちんたら運転」に該当し0点とした。
238.39999999999554,Train11,次駅への減速フェーズ（駅手前400m以内）,ブレーキ（減速）中,0.1,惰行,0.1,70.0,70.0,0.23796318551657406,70.0,2.269928490978401,0.0,0.0027036152642855383,0.0,9.2,この先制限速度なし,この先目立った勾配なし,先行列車なし,後続列車なし,0.0,ブレーキ直前に惰行が0.1秒だけ続き、保持時間が7秒未満で反転操作とみなされたため、ノコギリ運転と判定しreward上限が0.0点となった。
238.49999999999554,Train11,次駅への減速フェーズ（駅手前400m以内）,惰行中,0.1,ブレーキ（減速）,0.1,70.0,70.0,0.11065931116714701,70.0,2.265263346078683,0.0,0.0005846673108695881,0.0,9.2,この先制限速度なし,この先目立った勾配なし,先行列車なし,後続列車なし,0.0,次駅減速フェーズで先行列車なしにも関わらず低速惰行が続き、即reward0.0ルールのちんたら運転に該当したため0.0とした。
238.59999999999553,Train11,駅停車完了（速度0km/h）,力行（加速）中,0.1,惰行,0.1,70.0,70.0,0.06976247982311291,70.0,2.26281429646491,0.0,0.00023236950151066046,0.0,9.2,この先制限速度なし,この先目立った勾配なし,先行列車なし,後続列車なし,0.0,駅停車完了で加速し、保持時間が7秒未満のノコギリ運転と判定され、エネルギー無駄であるためrewardは0.0とした。
238.69999999999553,Train11,次駅への減速フェーズ（駅手前400m以内）,ブレーキ（減速）中,0.1,力行（加速）,0.1,70.0,70.0,0.3538340110715497,70.0,2.256532995328797,0.0,0.005977412386799387,0.0,9.2,この先制限速度なし,この先目立った勾配なし,先行列車なし,後続列車なし,0.0,0.1秒で力行→ブレーキへの反転が条件を満たしノコギリ運転と判定、上限0.0点のためrewardは0.0となる。
238.79999999999552,Train11,次駅への減速フェーズ（駅手前400m以内）,惰行中,0.1,ブレーキ（減速）,0.1,70.0,70.0,0.22652085915767586,70.0,2.248649358275401,0.0,0.002449866512933566,0.0,9.2,この先制限速度なし,この先目立った勾配なし,先行列車なし,後続列車なし,0.0,次駅減速フェーズで先行列車なしの状態で速度0.2km/hのまま惰行を続けたため、ちんたら運転と判定され即時0点となった。
238.89999999999552,Train11,次駅への減速フェーズ（駅手前400m以内）,ブレーキ（減速）中,0.1,惰行,0.1,70.0,70.0,0.18561479580794923,70.0,2.2429820734295447,0.0,0.0016449535231286047,0.0,9.2,この先制限速度なし,この先目立った勾配なし,先行列車なし,後続列車なし,0.8,delta_stopが2.24mで許容範囲±2mを超えているためブレーキ開始がやや遅れ、評価をやや減点しrewardは0.8とした。
238.9999999999955,Train11,駅停車完了（速度0km/h）,惰行中,0.1,ブレーキ（減速）,0.1,70.0,70.0,0.05831509363823206,70.0,2.23977098665884,0.0,0.00016236706400510217,0.0,9.2,この先制限速度なし,この先目立った勾配なし,先行列車なし,後続列車なし,0.0,駅停車完了で停止位置が1m超過し即reward0.0ルールに該当するため、評価は0.0とした。
239.0999999999955,Train11,駅停車完了（速度0km/h）,力行（加速）中,0.1,惰行,0.1,70.0,70.0,0.01742241389586725,70.0,2.2387758796433843,0.0,1.4492891857286271e-05,0.0,9.2,この先制限速度なし,この先目立った勾配なし,先行列車なし,後続列車なし,0.0,ノコギリ運転と駅停車完了状態での不必要な加速はエネルギー無駄であり、ノコギリ運転の上限0.0点が適用されるためrewardは0.0となります。
239.1999999999955,Train11,次駅への減速フェーズ（駅手前400m以内）,ブレーキ（減速）中,0.1,力行（加速）,0.1,70.0,70.0,0.30177240424535423,70.0,2.2339442117349506,0.0,0.004347884917999928,0.0,9.2,この先制限速度なし,この先目立った勾配なし,先行列車なし,後続列車なし,0.0,0.1秒の力行→ブレーキへの短時間反転がノコギリ運転と判定され、持続時間が2秒未満のためreward上限は0.0点となった。
239.2999999999955,Train11,次駅への減速フェーズ（駅手前400m以内）,惰行中,0.1,ブレーキ（減速）,0.1,70.0,70.0,0.1744634280744835,70.0,2.2275066665642385,0.0,0.0014532419054665295,0.0,9.2,この先制限速度なし,この先目立った勾配なし,先行列車なし,後続列車なし,0.0,低速0.2km/hで惰行を続け、先行列車なしでちんたら運転と判定し即0点ルールが適用されたため。
239.3999999999955,Train11,次駅への減速フェーズ（駅手前400m以内）,ブレーキ（減速）中,0.1,惰行,0.1,70.0,70.0,0.13356151999614094,70.0,2.2232853579602363,0.0,0.0008517148864979396,0.0,9.2,この先制限速度なし,この先目立った勾配なし,先行列車なし,後続列車なし,0.0,惰行からブレーキへの短時間切替がノコギリ運転と判定され、持続時間が2秒未満のためreward上限が0.0となった。
239.49999999999548,Train11,駅停車完了（速度0km/h）,惰行中,0.1,ブレーキ（減速）,0.1,70.0,70.0,0.006265954599664026,70.0,2.221520132252408,0.0,1.8746212856856309e-06,0.0,9.2,この先制限速度なし,この先目立った勾配なし,先行列車なし,後続列車なし,0.0,駅停車完了で停止位置が1m超過しCBTC信号0でないため即時0点規則に該当し、さらにノコギリ運転も判定されたため、rewardは0.0とした。
0.0,Train11,駅出発直後の加速フェーズ（20秒以内）,力行（加速）中,1.0,ブレーキ（減速）,30.0,70.0,70.0,0.0,55.4,2178.000000000001,180.0,0.0,0.0,-2.1,この先制限速度なし,387m先に下り勾配6.7‰あり,先行列車なし,後続列車なし,1.0,加速フェーズで必要速度未達のため力行は適切で、速度・信号・間隔に問題なく、ノコギリ運転でもないため最高評価とする。
1.0,Train11,駅出発直後の加速フェーズ（20秒以内）,力行（加速）中,2.0,ブレーキ（減速）,30.0,70.0,70.0,3.1655461647722727,55.6,2177.552031426483,179.0,0.5540439496433487,0.0,-2.1,この先制限速度なし,386m先に下り勾配6.7‰あり,先行列車なし,後続列車なし,1.0,加速フェーズで必要速度未達のため力行は適切で、制限速度・CBTC違反なし、ノコギリ運転も発生せず、評価は最高点とした。
2.0,Train11,駅出発直後の加速フェーズ（20秒以内）,力行（加速）中,3.0,ブレーキ（減速）,30.0,70.0,70.0,6.166266910487602,55.6,2176.2480601784305,178.0,2.1007061134517437,0.0,-2.1,この先制限速度なし,384m先に下り勾配6.7‰あり,先行列車なし,後続列車なし,1.0,加速フェーズで必要速度55.6km/hに遠く及ばないため加速は適切で、速度・信号・制限速度をすべて遵守し、ノコギリ運転や間隔問題もなく高評価とした。
3.0,Train11,駅出発直後の加速フェーズ（20秒以内）,力行（加速）中,4.0,ブレーキ（減速）,30.0,70.0,70.0,9.01037060950777,55.6,2174.132710937684,177.0,4.481937664682632,0.0,-2.1,この先制限速度なし,381m先に下り勾配6.7‰あり,先行列車なし,後続列車なし,1.0,加速フェーズで必要速度未達のため力行は適切で、速度・信号制限を遵守しノコギリ運転等の問題もなく評価は最高とした。
4.0,Train11,駅出発直後の加速フェーズ（20秒以内）,力行（加速）中,5.0,ブレーキ（減速）,30.0,70.0,70.0,11.705695795979539,55.6,2171.248380451793,176.0,7.55831232746583,0.0,-2.1,この先制限速度なし,377m先に下り勾配6.7‰あり,先行列車なし,後続列車なし,1.0,加速フェーズでrequired_speed未達のため力行が適切で、速度・信号遵守、ノコギリ運転なしと評価した。
5.0,Train11,駅出発直後の加速フェーズ（20秒以内）,力行（加速）中,6.0,ブレーキ（減速）,30.0,70.0,70.0,14.259723701053257,55.8,2167.6353385103334,175.0,11.207169630305838,0.0,-2.1,この先制限速度なし,373m先に下り勾配6.7‰あり,先行列車なし,後続列車なし,1.0,加速フェーズで必要速度未達のため力行継続は適切で、制限速度・CBTC遵守、ノコギリ運転なしと評価し最高点とした。
6.0,Train11,駅出発直後の加速フェーズ（20秒以内）,力行（加速）中,7.0,ブレーキ（減速）,30.0,70.0,70.0,16.679590829763864,55.4,2163.3318254315873,174.0,15.32090276844218,0.0,-2.1,この先制限速度なし,368m先に下り勾配6.7‰あり,先行列車なし,後続列車なし,1.0,全ての評価項目で問題がなく、加速フェーズで必要な力行が適切に行われているため最高評価とした。
7.0,Train11,駅出発直後の加速フェーズ（20秒以内）,力行（加速）中,8.0,ブレーキ（減速）,30.0,70.0,70.0,18.972101512263023,55.8,2158.374146057838,173.0,19.80538826026195,0.0,-2.1,この先制限速度なし,362m先に下り勾配6.7‰あり,先行列車なし,後続列車なし,1.0,加速フェーズで必要速度未達ながら、制限速度・信号遵守、ノコギリ運転なし、適切に力行しているため最高評価とした。
8.0,Train11,駅出発直後の加速フェーズ（20秒以内）,力行（加速）中,9.0,ブレーキ（減速）,30.0,70.0,70.0,21.143740370988105,55.4,2152.7967602747963,172.0,24.578551221670597,0.0,-2.1,この先制限速度なし,356m先に下り勾配6.7‰あり,先行列車なし,後続列車なし,1.0,加速フェーズで必要速度未達のため力行継続は適切で、速度・信号制限を遵守しノコギリ運転もなく評価は最高とした。
9.0,Train11,駅出発直後の加速フェーズ（20秒以内）,力行（加速）中,10.0,ブレーキ（減速）,30.0,70.0,70.0,23.200684653441794,55.8,2146.6323700855482,171.0,29.569060133539022,0.0,-2.1,この先制限速度なし,349m先に下り勾配6.7‰あり,先行列車なし,後続列車なし,1.0,加速フェーズで必要速度未達のため力行は適切で、速度・信号・制限を遵守し減点要因が無いため最高評価とした。
10.0,Train11,駅出発直後の加速フェーズ（20秒以内）,力行（加速）中,11.0,ブレーキ（減速）,30.0,70.0,70.0,25.14881638758307,55.6,2139.9120032828982,170.0,34.715142846549554,0.0,-2.1,この先制限速度なし,342m先に下り勾配6.7‰あり,先行列車なし,後続列車なし,1.0,加速フェーズで必要速度未達だが力行継続は適切で、制限速度・信号遵守、ノコギリ運転なしのため最高評価とした。
11.0,Train11,駅出発直後の加速フェーズ（20秒以内）,力行（加速）中,12.0,ブレーキ（減速）,30.0,70.0,70.0,26.993734323444887,55.6,2132.665093774268,169.0,39.963516196805514,0.0,-2.1,この先制限速度なし,334m先に下り勾配6.7‰あり,先行列車なし,後続列車なし,1.0,加速フェーズでrequired_speed未達のため力行が適切で、速度超過・ノコギリ運転等の問題がなく最高評価とした。
12.0,Train11,駅出発直後の加速フェーズ（20秒以内）,力行（加速）中,13.0,ブレーキ（減速）,30.0,70.0,70.0,28.74076563054452,55.6,2124.919558623116,168.0,45.26842050023039,0.0,-2.1,この先制限速度なし,326m先に下り勾配6.7‰あり,先行列車なし,後続列車なし,1.0,加速フェーズで必要速度未達だが適切に力行しており、速度・信号制限・安全条件すべて遵守しているため最高評価とした。
13.0,Train11,駅出発直後の加速フェーズ（20秒以内）,力行（加速）中,14.0,ブレーキ（減速）,30.0,70.0,70.0,30.39497732598752,55.6,2116.701871878522,167.0,50.590751129929444,0.0,-2.1,この先制限速度なし,318m先に下り勾配6.7‰あり,先行列車なし,後続列車なし,1.0,加速フェーズで必要速度未達のため力行は適切で、速度・信号制限を遵守しノコギリ運転もなく評価は最高点とした。
14.0,Train11,駅出発直後の加速フェーズ（20秒以内）,力行（加速）中,15.0,ブレーキ（減速）,30.0,70.0,70.0,31.96118741293167,55.6,2108.0371352702264,166.0,55.89727882133326,0.0,-2.1,この先制限速度なし,308m先に下り勾配6.7‰あり,先行列車なし,後続列車なし,1.0,加速フェーズで必要速度未達のため力行が適切で、速度・信号遵守・ノコギリ運転なしと評価し最高点とした。
15.0,Train11,駅出発直後の加速フェーズ（20秒以内）,力行（加速）中,16.0,ブレーキ（減速）,30.0,70.0,70.0,33.38956556163591,55.7,2098.9567704531,165.0,60.962744482185535,0.0,-2.1,この先制限速度なし,299m先に下り勾配6.7‰あり,先行列車なし,後続列車なし,1.0,加速フェーズでrequired_speed未達のため力行が適切で、速度・信号遵守、ノコギリ運転なし、エネルギー過剰でもなく最高評価とした。
16.0,Train11,駅出発直後の加速フェーズ（20秒以内）,力行（加速）中,17.0,ブレーキ（減速）,30.0,70.0,70.0,34.74124400116306,55.5,2089.490565453438,164.0,65.9540298982678,0.0,-2.1,この先制限速度なし,289m先に下り勾配6.7‰あり,先行列車なし,後続列車なし,1.0,加速フェーズでrequired_speed未達のため力行継続は適切で、速度・信号制限を遵守しノコギリ運転もなく最高評価とした。
17.0,Train11,駅出発直後の加速フェーズ（20秒以内）,力行（加速）中,18.0,ブレーキ（減速）,30.0,70.0,70.0,36.020771480221505,55.8,2079.6591052485524,163.0,70.85555172406373,0.0,-2.1,この先制限速度なし,279m先に下り勾配6.7‰あり,先行列車なし,後続列車なし,1.0,加速フェーズで必要速度未達だが力行を継続しており、速度・信号・制限をすべて遵守しているため高評価とする。
18.0,Train11,駅出発直後の加速フェーズ（20秒以内）,力行（加速）中,19.0,ブレーキ（減速）,30.0,70.0,70.0,37.231931443069435,55.6,2069.481896506094,162.0,75.65297642941177,0.0,-2.1,この先制限速度なし,268m先に下り勾配6.7‰あり,先行列車なし,後続列車なし,1.0,加速フェーズで必要速度未達のため力行は適切で、制限速度・信号遵守、ノコギリ運転なしと評価し高評価とした。
19.0,Train11,駅出発直後の加速フェーズ（20秒以内）,力行（加速）中,20.0,ブレーキ（減速）,30.0,70.0,70.0,38.42520543202613,55.6,2058.9717781665904,161.0,80.52917892951976,0.0,-2.1,この先制限速度なし,258m先に下り勾配6.7‰あり,先行列車なし,後続列車なし,1.0,加速フェーズで必要速度未達だが加速を継続し、速度・信号・制限を遵守し、無駄な減速やノコギリ運転もなく、定時到達に向けた適切な操作と判断した。
20.0,Train11,駅出発直後の加速フェーズ（20秒以内）,力行（加速）中,21.0,ブレーキ（減速）,30.0,70.0,70.0,39.53786155146717,55.6,2048.14026130251,160.0,85.20934198308025,0.0,-2.1,この先制限速度なし,247m先に下り勾配6.7‰あり,先行列車なし,後続列車なし,1.0,加速フェーズでrequired_speed未達のため力行は適切で、速度・信号遵守、ノコギリ運転なし、過剰加速もなく、全項目で問題がないため最高評価とした。
21.0,Train11,巡航フェーズ（駅間走行中）,力行（加速）中,22.0,ブレーキ（減速）,30.0,70.0,70.0,40.58822488598231,55.4,2037.0088400947352,159.0,89.74526156397916,0.0,-2.1,この先制限速度なし,235m先に下り勾配6.7‰あり,先行列車なし,後続列車なし,1.0,巡航フェーズでrequired_speed未達のため加速は適切で、速度・信号制限を遵守しノコギリ運転もなく評価は最高とした。
22.0,Train11,巡航フェーズ（駅間走行中）,力行（加速）中,23.0,ブレーキ（減速）,30.0,70.0,70.0,41.5822664799225,55.5,2025.5936227656478,158.0,94.14301375213098,0.0,-2.1,この先制限速度なし,223m先に下り勾配6.7‰あり,先行列車なし,後続列車なし,1.0,巡航フェーズでrequired_speed未達のため加速は適切で、速度・信号制限を遵守しノコギリ運転もなく、評価対象外の列車間隔も問題なしと判断し最高評価とした。
23.0,Train11,巡航フェーズ（駅間走行中）,力行（加速）中,24.0,ブレーキ（減速）,30.0,70.0,70.0,42.52872754108959,55.7,2013.90952097929,157.0,98.42494807454143,0.0,-2.1,この先制限速度なし,211m先に下り勾配6.7‰あり,先行列車なし,後続列車なし,1.0,巡航フェーズでrequired_speed未達のため力行は必要かつ適切で、速度・信号遵守、ノコギリ運転なしと評価し最高点とした。
24.0,Train11,巡航フェーズ（駅間走行中）,力行（加速）中,25.0,ブレーキ（減速）,30.0,70.0,70.0,43.467615797622145,55.7,2001.9648644447336,156.0,102.7636352204607,0.0,-2.1,この先制限速度なし,199m先に下り勾配6.7‰あり,先行列車なし,後続列車なし,1.0,全ての評価項目で基準を満たし、速度は制限内で必要速度未達のため加速は適切と判断し、rewardを1.0とした。
25.0,Train11,巡航フェーズ（駅間走行中）,力行（加速）中,26.0,ブレーキ（減速）,30.0,70.0,70.0,44.4073152454624,55.7,1989.758341814124,155.0,107.19659481098377,0.0,-2.1,この先制限速度なし,187m先に下り勾配6.7‰あり,先行列車なし,後続列車なし,1.0,巡航フェーズでrequired_speed未達のため加速は適切で、速度・信号・制限を遵守し、即時ゼロ評価項目もなく、全体的に問題なしと判断した。
26.0,Train11,巡航フェーズ（駅間走行中）,力行（加速）中,27.0,ブレーキ（減速）,30.0,70.0,70.0,45.33131704463812,55.3,1977.2929988316755,154.0,111.64357138409707,0.0,-2.1,この先制限速度なし,174m先に下り勾配6.7‰あり,先行列車なし,後続列車なし,1.0,現在速度がrequired_speed未満であり、加速が必要なため力行は適切で、制限速度・CBTCも遵守しているため高評価とした。
27.0,Train11,巡航フェーズ（駅間走行中）,力行（加速）中,28.0,ブレーキ（減速）,30.0,70.0,70.0,46.23984668729646,55.7,1964.5731642795427,153.0,116.10100143035547,0.0,-2.1,この先制限速度なし,161m先に下り勾配6.7‰あり,先行列車なし,後続列車なし,1.0,巡航フェーズでrequired_speed未達のため加速が適切で、速度・信号制限を遵守しノコギリ運転もなく全項目で問題なしと判断した。
28.0,Train11,巡航フェーズ（駅間走行中）,力行（加速）中,29.0,ブレーキ（減速）,30.0,70.0,70.0,47.133127735266775,55.3,1951.6031045731133,152.0,120.56548970110217,0.0,-2.1,この先制限速度なし,148m先に下り勾配6.7‰あり,先行列車なし,後続列車なし,1.0,巡航フェーズでrequired_speed未達のため加速は適切で、速度・信号遵守、ノコギリ運転なしと評価し高評価とした。
29.0,Train11,巡航フェーズ（駅間走行中）,力行（加速）中,30.0,ブレーキ（減速）,30.0,70.0,70.0,48.01138178645524,55.7,1938.3870243020879,151.0,125.03380373150794,0.0,-2.1,この先制限速度なし,134m先に下り勾配6.7‰あり,先行列車なし,後続列車なし,1.0,巡航フェーズでrequired_speed未達のため加速は適切で、速度・信号遵守、ノコギリ運転なし、他条件すべて満たすため最高評価とした。
30.0,Train11,巡航フェーズ（駅間走行中）,力行（加速）中,31.0,ブレーキ（減速）,30.0,70.0,70.0,48.87482844365983,55.7,1924.9290667802868,150.0,129.50286817721283,0.0,-2.1,この先制限速度なし,121m先に下り勾配6.7‰あり,先行列車なし,後続列車なし,1.0,巡航フェーズでrequired_speed未達のため加速は適切で、制限速度・CBTC遵守、ノコギリ運転なし。
31.0,Train11,巡航フェーズ（駅間走行中）,力行（加速）中,32.0,ブレーキ（減速）,30.0,70.0,70.0,49.72368528573123,55.3,1911.233314604086,149.0,133.96975968771088,0.0,-2.1,この先制限速度なし,107m先に下り勾配6.7‰あり,先行列車なし,後続列車なし,1.0,巡航フェーズでrequired_speed未達のため加速は適切で、速度・信号・制限を遵守し、ノコギリ運転等の問題もなく評価は最高とした。
32.0,Train11,巡航フェーズ（駅間走行中）,力行（加速）中,33.0,ブレーキ（減速）,30.0,70.0,70.0,50.55816784100678,55.8,1897.3037902183344,148.0,138.43170146781245,0.0,-2.1,この先制限速度なし,93m先に下り勾配6.7‰あり,先行列車なし,後続列車なし,1.0,制限速度・CBTC遵守かつ必要速度未達で加速は適切で、ノコギリ運転や不要加速はなく、安全に運転されているため評価は最高とした。
33.0,Train11,巡航フェーズ（駅間走行中）,力行（加速）中,34.0,ブレーキ（減速）,30.0,70.0,70.0,51.378489562944814,55.8,1883.1444564893936,147.0,142.88605828992664,0.0,-2.1,この先制限速度なし,78m先に下り勾配6.7‰あり,先行列車なし,後続列車なし,1.0,巡航フェーズでrequired_speed未達だが加速が必要であり、制限速度・CBTC遵守、ノコギリ運転なし、定時性も確保できるため評価は最高とした。
34.0,Train11,巡航フェーズ（駅間走行中）,力行（加速）中,35.0,ブレーキ（減速）,30.0,70.0,70.0,52.18486180788789,55.8,1868.7592172847083,146.0,147.33033146615946,0.0,-2.1,この先制限速度なし,64m先に下り勾配6.7‰あり,先行列車なし,後続列車なし,1.0,巡航フェーズでrequired_speed未達のため加速は適切で、速度・信号・制限をすべて遵守しているため最高評価とした。
35.0,Train11,巡航フェーズ（駅間走行中）,力行（加速）中,36.0,ブレーキ（減速）,30.0,70.0,70.0,52.97749381488468,55.8,1854.1519180581504,145.0,151.76215394491751,0.0,-2.1,この先制限速度なし,49m先に下り勾配6.7‰あり,先行列車なし,後続列車なし,1.0,巡航フェーズでrequired_speed未達のため加速が適切で、速度・信号制限を遵守し、ノコギリ運転もなくエネルギー無駄もないため高評価。
36.0,Train11,巡航フェーズ（駅間走行中）,力行（加速）中,37.0,ブレーキ（減速）,30.0,70.0,70.0,53.75659268750127,55.8,1839.3263464408776,144.0,156.17928556696097,0.0,-2.1,この先制限速度なし,34m先に下り勾配6.7‰あり,先行列車なし,後続列車なし,1.0,巡航フェーズで必要速度未達のため加速は適切で、速度・信号超過なし、ノコギリ運転もなく評価は最高点とした。
37.0,Train11,巡航フェーズ（駅間走行中）,力行（加速）中,38.0,ブレーキ（減速）,30.0,70.0,70.0,54.522363377553184,55.5,1824.2862328366946,143.0,160.5796084373565,0.0,-2.1,この先制限速度なし,19m先に下り勾配6.7‰あり,先行列車なし,後続列車なし,1.0,巡航フェーズでrequired_speed未満のため加速は適切、速度は制限内、ノコギリ運転なし、前後列車なしで安全に運転しているため評価は高く1.0とする。
38.0,Train11,巡航フェーズ（駅間走行中）,力行（加速）中,39.0,ブレーキ（減速）,30.0,70.0,70.0,55.27500867069228,55.8,1809.0352510219284,142.0,164.9611224265856,0.0,-2.1,この先制限速度なし,3m先に下り勾配6.7‰あり,先行列車なし,後続列車なし,1.0,巡航フェーズで必要速度未満のため加速は適切で、速度・信号・制限をすべて遵守し、安全に運転できているため最高評価とした。
39.0,Train11,巡航フェーズ（駅間走行中）,力行（加速）中,40.0,ブレーキ（減速）,30.0,70.0,70.0,56.01472917378099,56.0,1793.577018748909,141.0,180.71906708088176,0.0,-6.7,この先制限速度なし,この先目立った勾配なし,先行列車なし,後続列車なし,0.4,巡航フェーズで必要速度を満たすのに不要な力行を継続しており、省エネ性が低く評価されたため。速度は制限内で安全上の問題はないが、エネルギー効率が損なわれた。
40.0,Train11,巡航フェーズ（駅間走行中）,力行（加速）中,41.0,ブレーキ（減速）,30.0,70.0,70.0,56.86586343327023,56.9,1777.9016202179746,140.0,186.13853194337307,0.0,-6.7,この先制限速度なし,この先目立った勾配なし,先行列車なし,後続列車なし,0.5,巡航フェーズでrequired_speedを満たすにも関わらず力行を継続しエネルギー無駄となっているため評価を減点し0.5とした。
41.0,Train11,巡航フェーズ（駅間走行中）,力行（加速）中,42.0,ブレーキ（減速）,30.0,70.0,70.0,57.73908262527237,57.7,1761.9827019064403,139.0,191.7770815251151,0.0,-6.7,この先制限速度なし,この先目立った勾配なし,先行列車なし,後続列車なし,0.5,巡航フェーズで必要速度に達しているのに力行を続け、エネルギー効率が低下しているため評価を下げる。また、不要な加速は省エネ観点からも不適切と判断する。
42.0,Train11,巡航フェーズ（駅間走行中）,力行（加速）中,43.0,ブレーキ（減速）,30.0,70.0,70.0,58.597213985238675,58.6,1745.8233445234869,138.0,197.39537417975214,0.0,-6.7,この先制限速度なし,この先目立った勾配なし,先行列車なし,後続列車なし,0.5,巡航フェーズでrequired_speedを満たすにも関わらず不要な力行を継続し、エネルギー効率が低下しているため減点し0.5とした。
43.0,Train11,巡航フェーズ（駅間走行中）,力行（加速）中,44.0,ブレーキ（減速）,30.0,70.0,70.0,59.4404865393385,59.4,1729.4277069528619,137.0,202.9906608002074,0.0,-6.7,この先制限速度なし,この先目立った勾配なし,先行列車なし,後続列車なし,0.6,巡航フェーズでrequired_speedに達しているにも関わらず不要な力行を継続しているため省エネ性が低く評価し、0.6点とした。
44.0,Train11,巡航フェーズ（駅間走行中）,力行（加速）中,45.0,ブレーキ（減速）,30.0,70.0,70.0,60.269126993146735,60.3,1712.799884784868,136.0,208.56034946659292,0.0,-6.7,この先制限速度なし,この先目立った勾配なし,先行列車なし,後続列車なし,0.4,巡航フェーズでrequired_speedと同等の速度であるにも関わらず力行を継続し、エネルギー効率が低下しているため評価を下げた。
45.0,Train11,巡航フェーズ（駅間走行中）,力行（加速）中,46.0,ブレーキ（減速）,30.0,70.0,70.0,61.083359710399804,61.1,1695.943910964143,135.0,214.10199946474236,0.0,-6.7,この先制限速度なし,この先目立った勾配なし,先行列車なし,後続列車なし,0.6,巡航フェーズで必要速度以上に力行を続け省エネ性が低下したため、評価を減点しrewardを0.6とした。
46.0,Train11,巡航フェーズ（駅間走行中）,力行（加速）中,47.0,ブレーキ（減速）,30.0,70.0,70.0,61.883406693976156,61.9,1678.8637564428122,134.0,219.61331556358223,0.0,-6.7,この先制限速度なし,この先目立った勾配なし,先行列車なし,後続列車なし,0.5,巡航フェーズでrequired_speedを既に満たすにも関わらず力行を継続し、エネルギー効率が低下しているため減点した。
47.0,Train11,巡航フェーズ（駅間走行中）,力行（加速）中,48.0,ブレーキ（減速）,30.0,70.0,70.0,62.66948756902297,62.7,1661.5633308387032,133.0,225.09214225037752,0.0,-6.7,この先制限速度なし,この先目立った勾配なし,先行列車なし,後続列車なし,0.5,巡航フェーズでrequired_speedを満たすのに力行を継続し、省エネ性が低いため評価を下げた。
48.0,Train11,巡航フェーズ（駅間走行中）,力行（加速）中,49.0,ブレーキ（減速）,30.0,70.0,70.0,63.44181956815132,63.4,1644.0464830979877,132.0,210.05545899927287,0.0,0.0,この先制限速度なし,この先目立った勾配なし,先行列車なし,後続列車なし,0.5,巡航フェーズで必要速度に達しているにもかかわらず、力行を継続し省エネ性が低い点が評価の主因であり、エネルギー効率が損なわれたため減点しました。
49.0,Train11,巡航フェーズ（駅間走行中）,力行（加速）中,50.0,ブレーキ（減速）,30.0,70.0,70.0,64.01982676502095,64.0,1626.3366317579048,131.0,213.81252192077906,0.0,0.0,この先制限速度なし,この先目立った勾配なし,先行列車なし,後続列車なし,0.5,巡航フェーズでrequired_speedに達しているのに力行を継続し、エネルギー無駄となるため評価を減点した。
50.0,Train11,巡航フェーズ（駅間走行中）,力行（加速）中,51.0,ブレーキ（減速）,30.0,70.0,70.0,64.53416485320778,64.5,1608.4809854409734,130.0,217.1819597241544,0.0,0.0,この先制限速度なし,この先目立った勾配なし,先行列車なし,後続列車なし,0.3,巡航フェーズでrequired_speedを満たすにも関わらず力行を継続しエネルギー効率が低く、不要な加速と判断したため評価を低くした。
51.0,Train11,巡航フェーズ（駅間走行中）,力行（加速）中,52.0,ブレーキ（減速）,30.0,70.0,70.0,65.03946568219119,65.0,1590.4837386042523,129.0,220.51619619975193,0.0,0.0,この先制限速度なし,この先目立った勾配なし,先行列車なし,後続列車なし,0.6,巡航フェーズでrequired_speedと同等の速度であるにも関わらず不要な力行を続けており、エネルギー効率が低下したため減点し0.6とした。
52.0,Train11,巡航フェーズ（駅間走行中）,力行（加速）中,53.0,ブレーキ（減速）,30.0,70.0,70.0,65.5358770655747,65.5,1572.3473808156464,128.0,223.81489622968957,0.0,0.0,この先制限速度なし,この先目立った勾配なし,先行列車なし,後続列車なし,0.5,巡航フェーズでrequired_speedを満たすにも関わらず不要な力行を継続しており、エネルギー効率が低下しているため減点し、rewardは0.5とした。
53.0,Train11,巡航フェーズ（駅間走行中）,力行（加速）中,54.0,ブレーキ（減速）,30.0,70.0,70.0,66.02354479594342,66.0,1554.0743608675066,127.0,227.0777652594139,0.0,0.0,この先制限速度なし,この先目立った勾配なし,先行列車なし,後続列車なし,0.6,巡航フェーズでrequired_speedと同等の速度にもかかわらず力行を継続し、エネルギー効率が低下しているため中程度の減点とし0.6とした。
54.0,Train11,巡航フェーズ（駅間走行中）,力行（加速）中,55.0,ブレーキ（減速）,30.0,70.0,70.0,66.50261265776794,66.5,1535.6670873362398,126.0,230.30454742595413,0.0,0.0,この先制限速度なし,この先目立った勾配なし,先行列車なし,後続列車なし,0.5,巡航フェーズでrequired_speedを満たす速度にも関わらず力行を継続し、エネルギー効率が低下しているため減点しrewardを0.5とした。
55.0,Train11,巡航フェーズ（駅間走行中）,力行（加速）中,56.0,ブレーキ（減速）,30.0,70.0,70.0,66.97322244084468,67.0,1517.1279291382582,125.0,233.49502374026002,0.0,0.0,この先制限速度なし,この先目立った勾配なし,先行列車なし,後続列車なし,0.4,巡航フェーズでrequired_speedと同等の速度であるにも関わらず力行を継続しているため、エネルギー効率が低く不要な加速と判断した。
56.0,Train11,巡航フェーズ（駅間走行中）,力行（加速）中,57.0,ブレーキ（減速）,30.0,70.0,70.0,67.43551395424122,67.4,1498.4592160821107,124.0,236.6490103835682,0.0,0.0,この先制限速度なし,489m先に上り勾配12.5‰あり,先行列車なし,後続列車なし,0.5,巡航フェーズで必要速度と同等なのに力行を継続しているため省エネ性が低く、不要な加速と判断し評価を減点した。
57.0,Train11,巡航フェーズ（駅間走行中）,力行（加速）中,58.0,ブレーキ（減速）,30.0,70.0,70.0,67.88962504071506,67.9,1479.6632394166238,123.0,239.76635699766786,0.0,0.0,この先制限速度なし,470m先に上り勾配12.5‰あり,先行列車なし,後続列車なし,0.4,巡航フェーズで必要速度に達しているにも関わらず不要な力行を継続しており、エネルギー効率が低下しているため評価を下げた。
58.0,Train11,巡航フェーズ（駅間走行中）,力行（加速）中,59.0,ブレーキ（減速）,30.0,70.0,70.0,68.33703074066928,68.3,1460.7421574620466,122.0,242.85622091473422,0.0,0.0,この先制限速度なし,451m先に上り勾配12.5‰あり,先行列車なし,後続列車なし,0.5,巡航フェーズで必要速度を満たしているのに力行を継続し、省エネ性が欠如しているため減点し0.5とした。
59.0,Train11,巡航フェーズ（駅間走行中）,力行（加速）中,60.0,ブレーキ（減速）,30.0,70.0,70.0,68.7810865040963,68.8,1441.6972838972627,121.0,245.94112104175284,0.0,0.0,この先制限速度なし,432m先に上り勾配12.5‰あり,先行列車なし,後続列車なし,0.5,巡航フェーズでrequired_speedを満たすにも関わらず不要な力行を継続しており、省エネ性が低く評価の主因となる。
60.0,Train11,巡航フェーズ（駅間走行中）,力行（加速）中,61.0,ブレーキ（減速）,30.0,70.0,70.0,69.22195793481993,69.2,1422.5295085325947,120.0,249.02177662418936,0.0,0.0,この先制限速度なし,413m先に上り勾配12.5‰あり,先行列車なし,後続列車なし,0.7,巡航フェーズでrequired_speedを満たす速度であるにも関わらず不要な力行を継続しており、省エネ性が低下しているため評価を下げた。
61.0,Train11,巡航フェーズ（駅間走行中）,力行（加速）中,62.0,ブレーキ（減速）,30.0,70.0,70.0,69.65965942481216,69.7,1403.2397138878955,119.0,252.09787211822405,0.0,0.0,この先制限速度なし,393m先に上り勾配12.5‰あり,先行列車なし,後続列車なし,0.5,巡航フェーズで必要速度に達しているのに力行を継続しエネルギー効率が低下しているため、評価を減点し0.5とした。
62.0,Train11,巡航フェーズ（駅間走行中）,ブレーキ（減速）中,1.0,力行（加速）,62.0,70.0,70.0,70.0942054446789,70.1,1383.8287784741326,118.0,255.1690988578471,0.0,0.0,この先制限速度なし,374m先に上り勾配12.5‰あり,先行列車なし,後続列車なし,0.0,制限速度を0.1km/h超過し即時ゼロ規則に該当するため、rewardは0.0とする。
63.0,Train11,巡航フェーズ（駅間走行中）,力行（加速）中,1.0,ブレーキ（減速）,1.0,70.0,70.0,68.98513324063988,69.0,1364.513842422781,117.0,247.36471596224854,0.0,0.0,この先制限速度なし,355m先に上り勾配12.5‰あり,先行列車なし,後続列車なし,0.0,前後のノッチが7秒未満で反転し、required_speedを満たす速度であるにも関わらず加速を継続したためノコギリ運転と判定し、reward上限0.0点となった。
64.0,Train11,巡航フェーズ（駅間走行中）,力行（加速）中,2.0,ブレーキ（減速）,1.0,70.0,70.0,69.42453858629167,69.4,1345.2895932223328,116.0,250.44330389367056,0.0,0.0,この先制限速度なし,335m先に上り勾配12.5‰あり,先行列車なし,後続列車なし,0.0,持続時間2秒の力行への切替がブレーキからの反転でノコギリ運転と判定され、上限が0点となったためrewardは0.0とした。
65.0,Train11,巡航フェーズ（駅間走行中）,力行（加速）中,3.0,ブレーキ（減速）,1.0,70.0,70.0,69.86078066603228,69.9,1325.9437310521882,115.0,253.51718831430208,0.0,0.0,この先制限速度なし,316m先に上り勾配12.5‰あり,先行列車なし,後続列車なし,0.0,前ノッチが1秒でブレーキ→力行への反転が条件を満たし、2秒未満のノコギリ運転と判定されたためreward上限が0.0となった。
66.0,Train11,巡航フェーズ（駅間走行中）,ブレーキ（減速）中,1.0,力行（加速）,3.0,70.0,70.0,70.29387398578326,70.3,1306.4771325642503,114.0,256.586063686872,0.0,0.0,この先制限速度なし,297m先に上り勾配12.5‰あり,先行列車なし,後続列車なし,0.0,制限速度70.0km/hを0.3km/h超過し、CBTC信号速度も超過しているため即時0点ルールに該当し、rewardは0.0とした。
67.0,Train11,巡航フェーズ（駅間走行中）,力行（加速）中,1.0,ブレーキ（減速）,1.0,70.0,70.0,69.1840371020245,69.2,1287.1068405886313,113.0,248.75609968438945,0.0,0.0,この先制限速度なし,277m先に上り勾配12.5‰あり,先行列車なし,後続列車なし,0.0,加速と直前の減速が1秒未満で反転し、合理的根拠がなく不要な力行となったためノコギリ運転と判定し、reward上限0.0とした。
68.0,Train11,巡航フェーズ（駅間走行中）,力行（加速）中,2.0,ブレーキ（減速）,1.0,70.0,70.0,69.62201157993887,69.6,1267.8275411855857,112.0,251.83260097533466,0.0,0.0,この先制限速度なし,258m先に上り勾配12.5‰あり,先行列車なし,後続列車なし,0.0,2秒未満のブレーキ→力行の反転でノコギリ運転と判定され、上限が0点のためrewardは0.0となった。
69.0,Train11,巡航フェーズ（駅間走行中）,ブレーキ（減速）中,1.0,力行（加速）,2.0,70.0,70.0,70.05682933592858,70.1,1248.4270253589286,111.0,254.90425987899616,0.0,0.0,この先制限速度なし,239m先に上り勾配12.5‰あり,先行列車なし,後続列車なし,0.0,制限速度70.0km/hを0.1km/h超過し、CBTC信号も超過しているため即時0点ルールが適用された。
70.0,Train11,巡航フェーズ（駅間走行中）,惰行中,1.0,ブレーキ（減速）,1.0,70.0,70.0,68.94790008018354,68.9,1229.122451452973,110.0,247.10466287429878,0.0,0.0,この先制限速度なし,220m先に上り勾配12.5‰あり,先行列車なし,後続列車なし,0.0,前の減速から惰行への切替が2秒未満で、走行条件上合理性がなく、ノコギリ運転と判定したため、reward上限は0点となります。
71.0,Train11,巡航フェーズ（駅間走行中）,惰行中,2.0,ブレーキ（減速）,1.0,70.0,70.0,68.7055667572465,68.7,1210.0042722881703,109.0,245.41520153824138,0.0,0.0,この先制限速度なし,200m先に上り勾配12.5‰あり,先行列車なし,後続列車なし,0.0,ブレーキから惰行への短時間切替が合理的理由なく行われ、条件をすべて満たすノコギリ運転と判定されたためrewardは0.0とした。
72.0,Train11,巡航フェーズ（駅間走行中）,惰行中,3.0,ブレーキ（減速）,1.0,70.0,70.0,68.4641516071544,68.5,1190.9532789961618,108.0,243.73749436117606,0.0,0.0,この先制限速度なし,181m先に上り勾配12.5‰あり,先行列車なし,後続列車なし,0.0,ブレーキ→惰行への短時間切替が条件をすべて満たすノコギリ運転と判定され、prev_notch_durationが1秒で上限0点となるためrewardは0.0とした。
73.0,Train11,巡航フェーズ（駅間走行中）,惰行中,4.0,ブレーキ（減速）,1.0,70.0,70.0,68.22364861090614,68.2,1171.9692173744286,107.0,242.07144385275046,0.0,0.0,この先制限速度なし,163m先に上り勾配12.5‰あり,先行列車なし,後続列車なし,1.0,制限速度・CBTC遵守の上、巡航フェーズで必要速度と一致する惰行を維持し、不要な加速もなくノコギリ運転も認められないため最高評価とした。
74.0,Train11,巡航フェーズ（駅間走行中）,惰行中,5.0,ブレーキ（減速）,1.0,70.0,70.0,67.98405180103622,68.0,1153.051834885197,106.0,240.41695351385394,0.0,0.0,この先制限速度なし,144m先に上り勾配12.5‰あり,先行列車なし,後続列車なし,1.0,巡航フェーズでrequired_speedと一致し惰行が適切、速度・信号遵守、停止距離も十分で安全かつ省エネと判断し最高評価。
75.0,Train11,巡航フェーズ（駅間走行中）,惰行中,6.0,ブレーキ（減速）,1.0,70.0,70.0,67.74535526106153,67.7,1134.2008806411563,105.0,238.77392782481436,0.0,0.0,この先制限速度なし,125m先に上り勾配12.5‰あり,先行列車なし,後続列車なし,0.0,ブレーキから惰行への短時間切替がノコギリ運転と判定され、上限0.0点のためrewardは0.0となった。
76.0,Train11,巡航フェーズ（駅間走行中）,惰行中,7.0,ブレーキ（減速）,1.0,70.0,70.0,67.50755312493493,67.5,1115.4161053913754,104.0,237.1422722297255,0.0,0.0,この先制限速度なし,106m先に上り勾配12.5‰あり,先行列車なし,後続列車なし,1.0,巡航フェーズでrequired_speedと一致し惰行を維持、制限速度・CBTC遵守、ノコギリ運転なしで適切と判断しreward=1.0。
77.0,Train11,巡航フェーズ（駅間走行中）,惰行中,8.0,ブレーキ（減速）,1.0,70.0,70.0,67.27063957650586,67.3,1096.6972615073835,103.0,235.52189313352144,0.0,0.0,この先制限速度なし,88m先に上り勾配12.5‰あり,先行列車なし,後続列車なし,1.0,巡航フェーズでrequired_speedと現在速度が一致し、制限速度・CBTC信号を遵守、不要な加速なし、ノコギリ運転もなく最適と判断した。
78.0,Train11,巡航フェーズ（駅間走行中）,惰行中,9.0,ブレーキ（減速）,1.0,70.0,70.0,67.0346088489881,67.0,1078.044102969333,102.0,233.91269788781665,0.0,0.0,この先制限速度なし,69m先に上り勾配12.5‰あり,先行列車なし,後続列車なし,1.0,巡航フェーズでrequired_speedと一致する惰行を維持し、速度・信号・制限を遵守、停止位置も十分確保されているため評価は最高とした。
79.0,Train11,巡航フェーズ（駅間走行中）,惰行中,10.0,ブレーキ（減速）,1.0,70.0,70.0,66.79945522443386,66.8,1059.456385352405,101.0,232.31459477565838,0.0,0.0,この先制限速度なし,50m先に上り勾配12.5‰あり,先行列車なし,後続列車なし,1.0,現在速度がrequired_speedと一致し惰行が適切で、制限速度・CBTC信号を遵守、停止位置も余裕があるため評価は最高点とした。
80.0,Train11,巡航フェーズ（駅間走行中）,惰行中,11.0,ブレーキ（減速）,1.0,70.0,70.0,66.56517303321505,66.6,1040.9338658133365,100.0,230.7274930028613,0.0,0.0,この先制限速度なし,32m先に上り勾配12.5‰あり,先行列車なし,後続列車なし,1.0,巡航フェーズでrequired_speedと一致し惰行を継続、制限速度・CBTC遵守、停止位置も十分に確保できているため高評価。
81.0,Train11,巡航フェーズ（駅間走行中）,惰行中,12.0,ブレーキ（減速）,1.0,70.0,70.0,66.33175665351096,66.3,1022.476303077017,99.0,229.1513026871326,0.0,0.0,この先制限速度なし,14m先に上り勾配12.5‰あり,先行列車なし,後続列車なし,1.0,制限速度・CBTC遵守、必要速度での惰行が適切で停止位置も確保でき、ノコギリ運転はなく評価が最高となった。
82.0,Train11,巡航フェーズ（駅間走行中）,惰行中,13.0,ブレーキ（減速）,1.0,70.0,70.0,66.0992005108024,66.1,1004.0834574233521,98.0,195.2811068919042,0.0,12.5,この先制限速度なし,この先目立った勾配なし,先行列車なし,後続列車なし,1.0,巡航フェーズでrequired_speedと一致し惰行を継続、速度制限・信号遵守、停止距離に余裕があり省エネで安全と判断し最高評価。
83.0,Train11,巡航フェーズ（駅間走行中）,惰行中,14.0,ブレーキ（減速）,1.0,70.0,70.0,65.76611002271322,65.8,985.7584707639901,97.0,193.35820505100912,0.0,12.5,この先制限速度なし,この先目立った勾配なし,先行列車なし,後続列車なし,1.0,制限速度・CBTC遵守、required_speedと一致する惰行で省エネかつ定時性を保ち、ノコギリ運転なしと判断し最高評価とした。
84.0,Train11,巡航フェーズ（駅間走行中）,惰行中,15.0,ブレーキ（減速）,1.0,70.0,70.0,65.0954254309699,65.2,967.58424571874,96.0,189.5136492727582,0.0,12.5,この先制限速度なし,この先目立った勾配なし,先行列車なし,後続列車なし,0.8,巡航フェーズでrequired_speed(65.2km/h)を下回ったまま惰行を続け、定時到達の安全マージンが減少したため減点した。
85.0,Train11,巡航フェーズ（駅間走行中）,惰行中,16.0,ブレーキ（減速）,1.0,70.0,70.0,64.42717652068622,64.5,949.5959796180636,95.0,185.7193343253262,0.0,12.5,この先制限速度なし,この先目立った勾配なし,先行列車なし,後続列車なし,0.6,巡航フェーズで現在速度が必要速度64.5km/h未満の64.4km/hで惰行しているため定時到達が危うく、他は全て適切。
86.0,Train11,巡航フェーズ（駅間走行中）,惰行中,17.0,ブレーキ（減速）,1.0,70.0,70.0,63.7613349802209,63.8,931.7929998625161,94.0,181.9747841653635,0.0,12.5,この先制限速度なし,この先目立った勾配なし,先行列車なし,後続列車なし,1.0,巡航フェーズでrequired_speedと一致し惰行が適切、速度・信号遵守、ノコギリ運転なし、エネルギー効率も良好なため高評価。
87.0,Train11,巡航フェーズ（駅間走行中）,惰行中,18.0,ブレーキ（減速）,1.0,70.0,70.0,63.09787281032369,63.2,914.174641673135,93.0,178.27952982002816,0.0,12.5,この先制限速度なし,この先目立った勾配なし,先行列車なし,後続列車なし,0.4,巡航フェーズでrequired_speed(63.2km/h)に達しておらず惰行を続けたため、加速が必要と判断し評価を低減した。
88.0,Train11,巡航フェーズ（駅間走行中）,惰行中,19.0,ブレーキ（減速）,1.0,70.0,70.0,62.43676231900682,62.5,896.7402480052868,92.0,174.63310936978903,0.0,12.5,この先制限速度なし,この先目立った勾配なし,先行列車なし,後続列車なし,0.8,巡航フェーズでrequired_speed 62.5km/h 未満の62.4km/hで惰行しており、加速が必要なのに実施されていないため減点。
89.0,Train11,巡航フェーズ（駅間走行中）,惰行中,20.0,ブレーキ（減速）,1.0,70.0,70.0,61.777976116508555,61.9,879.4891694639944,91.0,171.0350677573321,0.0,12.5,この先制限速度なし,この先目立った勾配なし,先行列車なし,後続列車なし,1.0,制限速度・信号遵守、停止距離余裕、適切な惰行で上位項目全て合格のためreward=1.0とした。
90.0,Train11,巡航フェーズ（駅間走行中）,惰行中,21.0,ブレーキ（減速）,1.0,70.0,70.0,61.12148711034653,61.2,862.4207642208006,90.0,167.4849566946682,0.0,12.5,この先制限速度なし,この先目立った勾配なし,先行列車なし,後続列車なし,1.0,現在速度がrequired_speedにほぼ一致し、制限速度・CBTC信号を遵守、停止余裕が十分で惰行は適切かつ省エネであるため最高評価とした。
91.0,Train11,巡航フェーズ（駅間走行中）,惰行中,22.0,ブレーキ（減速）,1.0,70.0,70.0,60.46726850045917,60.6,845.5343979317718,89.0,163.98233463276958,0.0,12.5,この先制限速度なし,この先目立った勾配なし,先行列車なし,後続列車なし,0.7,巡航フェーズで現在速度がrequired_speed未満のため、加速が必要なのに惰行を継続しており、速度不足が評価を下げた。
92.0,Train11,巡航フェーズ（駅間走行中）,惰行中,23.0,ブレーキ（減速）,1.0,70.0,70.0,59.81529377443271,60.0,828.8294436569643,88.0,160.5267665651032,0.0,12.5,この先制限速度なし,この先目立った勾配なし,先行列車なし,後続列車なし,1.0,巡航フェーズで必要速度60km/hに対し59.8km/hと僅差であり、制限・信号遵守、停止余裕十分、ノコギリ運転なしでエネルギー効率も高く適切と判断した。
93.0,Train11,巡航フェーズ（駅間走行中）,惰行中,24.0,ブレーキ（減速）,1.0,70.0,70.0,59.16553670281259,59.3,812.3052817812315,87.0,157.11782399962374,0.0,12.5,この先制限速度なし,この先目立った勾配なし,先行列車なし,後続列車なし,0.9,全ての上位評価項目で問題がなく、速度は制限・信号内でほぼrequired_speedに達しているため高評価とし、0.1刻みで0.9点とした。
94.0,Train11,巡航フェーズ（駅間走行中）,惰行中,25.0,ブレーキ（減速）,1.0,70.0,70.0,58.517971334497176,58.5,795.9612999362342,86.0,179.32426714710482,0.0,0.0,この先制限速度なし,189m先に上り勾配6.1‰あり,先行列車なし,後続列車なし,1.0,巡航フェーズで必要速度と一致する惰行を維持し、制限速度・CBTCを遵守、無駄な加速がなく安全に運転しているため評価は最高とした。
95.0,Train11,巡航フェーズ（駅間走行中）,惰行中,26.0,ブレーキ（減速）,1.0,70.0,70.0,58.15011521637421,58.2,779.7722139299808,85.0,177.12055929109977,0.0,0.0,この先制限速度なし,173m先に上り勾配6.1‰あり,先行列車なし,後続列車なし,1.0,巡航フェーズでrequired_speedと一致し惰行を維持、制限速度・CBTC遵守、停止余裕ありで安全かつ省エネと判断し最高評価とした。
96.0,Train11,巡航フェーズ（駅間走行中）,惰行中,27.0,ブレーキ（減速）,1.0,70.0,70.0,57.94621383575277,57.9,763.6480226951647,84.0,175.90460889927226,0.0,0.0,この先制限速度なし,157m先に上り勾配6.1‰あり,先行列車なし,後続列車なし,1.0,巡航フェーズでrequired_speedと同等の57.9km/hを惰行し、制限速度・CBTC信号を遵守、停止距離も十分確保されているため最高評価とした。
97.0,Train11,巡航フェーズ（駅間走行中）,惰行中,28.0,ブレーキ（減速）,1.0,70.0,70.0,57.7429893748069,57.7,747.5803756818884,83.0,174.69664279837315,0.0,0.0,この先制限速度なし,141m先に上り勾配6.1‰あり,先行列車なし,後続列車なし,1.0,巡航フェーズでrequired_speedと一致し惰行を維持、速度・信号遵守、ノコギリ運転なしで適切と判断し最高評価。
98.0,Train11,巡航フェーズ（駅間走行中）,惰行中,29.0,ブレーキ（減速）,1.0,70.0,70.0,57.540437785399654,57.5,731.5690854255017,82.0,173.49660040279034,0.0,0.0,この先制限速度なし,125m先に上り勾配6.1‰あり,先行列車なし,後続列車なし,1.0,巡航フェーズでrequired_speedと一致し惰行が適切、速度・信号遵守、ノコギリ運転なしで評価1.0
99.0,Train11,巡航フェーズ（駅間走行中）,惰行中,30.0,ブレーキ（減速）,1.0,70.0,70.0,57.338555050685855,57.3,715.6139655814684,81.0,172.30442172934846,0.0,0.0,この先制限速度なし,109m先に上り勾配6.1‰あり,先行列車なし,後続列車なし,1.0,巡航フェーズでrequired_speedと一致する惰行を30秒維持し、速度・信号・制限を遵守、停止位置も十分確保されているため高評価とした。
100.0,Train11,巡航フェーズ（駅間走行中）,惰行中,31.0,ブレーキ（減速）,1.0,70.0,70.0,57.137337184807336,57.1,699.7148309166264,80.0,171.12004734833417,0.0,0.0,この先制限速度なし,93m先に上り勾配6.1‰あり,先行列車なし,後続列車なし,1.0,巡航フェーズでrequired_speedと一致し惰行が適切、速度制限・CBTC遵守、不要な加速なしで評価は最高点。
101.0,Train11,巡航フェーズ（駅間走行中）,惰行中,32.0,ブレーキ（減速）,1.0,70.0,70.0,56.93678023259222,56.9,683.8714973007178,79.0,169.94341838151402,0.0,0.0,この先制限速度なし,78m先に上り勾配6.1‰あり,先行列車なし,後続列車なし,1.0,巡航フェーズでrequired_speedと一致し惰行が適切、速度・信号遵守、ノコギリ運転なしで安全かつ省エネと判断し最高評価。
102.0,Train11,巡航フェーズ（駅間走行中）,惰行中,33.0,ブレーキ（減速）,1.0,70.0,70.0,56.736880269257114,56.7,668.0837816978631,78.0,168.77447649959697,0.0,0.0,この先制限速度なし,62m先に上り勾配6.1‰あり,先行列車なし,後続列車なし,1.0,巡航フェーズでrequired_speedと一致する惰行を維持し、速度・信号遵守・エネルギー効率ともに適切であるため高評価とした。
103.0,Train11,巡航フェーズ（駅間走行中）,惰行中,34.0,ブレーキ（減速）,1.0,70.0,70.0,56.53763340011306,56.5,652.351502158222,77.0,167.6131638938125,0.0,0.0,この先制限速度なし,46m先に上り勾配6.1‰あり,先行列車なし,後続列車なし,1.0,巡航フェーズでrequired_speedと一致し惰行を維持、速度・信号制限を遵守し、不要なノコギリ運転もなくエネルギー効率も良好なため最高評価とした。
104.0,Train11,巡航フェーズ（駅間走行中）,惰行中,35.0,ブレーキ（減速）,1.0,70.0,70.0,56.33903576027478,56.3,636.6744778095565,76.0,166.45942331944133,0.0,0.0,この先制限速度なし,31m先に上り勾配6.1‰あり,先行列車なし,後続列車なし,1.0,巡航フェーズでrequired_speedを満たす惰行が適切で、制限速度・CBTC遵守、ノコギリ運転なしと評価し最高点とした。
105.0,Train11,巡航フェーズ（駅間走行中）,惰行中,36.0,ブレーキ（減速）,1.0,70.0,70.0,56.141083514373506,56.1,621.0525288490985,75.0,165.31319806432228,0.0,0.0,この先制限速度なし,15m先に上り勾配6.1‰あり,先行列車なし,後続列車なし,1.0,巡航フェーズでrequired_speedと一致する惰行を維持し、速度・信号・制限を遵守、ノコギリ運転なしでエネルギー効率も良好なため高評価。
106.0,Train11,巡航フェーズ（駅間走行中）,惰行中,37.0,ブレーキ（減速）,1.0,70.0,70.0,55.94377285627273,55.9,605.4854765353284,74.0,151.83180454726877,0.0,6.1,この先制限速度なし,399m先に上り勾配9.2‰あり,先行列車なし,後続列車なし,1.0,巡航フェーズでrequired_speedと一致し惰行が適切、速度・信号遵守、ノコギリ運転なし、エネルギー無駄なしと評価し最高点とした。
107.0,Train11,巡航フェーズ（駅間走行中）,惰行中,38.0,ブレーキ（減速）,1.0,70.0,70.0,55.74710000878756,55.7,589.9731431799396,73.0,150.78405744041177,0.0,6.1,この先制限速度なし,384m先に上り勾配9.2‰あり,先行列車なし,後続列車なし,1.0,制限速度・CBTC遵守、required_speedと一致する惰行で巡航フェーズを適切に維持し、ノコギリ運転や不要な力行がなく、全項目で問題なしと判断したため。
108.0,Train11,巡航フェーズ（駅間走行中）,惰行中,39.0,ブレーキ（減速）,1.0,70.0,70.0,55.33619589936058,55.3,574.5455089637233,72.0,148.6061985999104,0.0,6.1,この先制限速度なし,369m先に上り勾配9.2‰あり,先行列車なし,後続列車なし,1.0,巡航フェーズでrequired_speedと一致する惰行を維持し、速度・信号・停止位置すべて基準を満たすため高評価とした。
109.0,Train11,巡航フェーズ（駅間走行中）,惰行中,40.0,ブレーキ（減速）,1.0,70.0,70.0,54.92660917981619,54.9,559.2318297090237,71.0,146.45038119590873,0.0,6.1,この先制限速度なし,354m先に上り勾配9.2‰あり,先行列車なし,後続列車なし,1.0,巡航フェーズでrequired_speedと一致する惰行を維持し、制限速度・CBTC信号を遵守、不要な加速がなく省エネ的に適切であるためreward=1.0とした。
110.0,Train11,巡航フェーズ（駅間走行中）,ブレーキ（減速）中,1.0,惰行,40.0,70.0,70.0,54.51832831049375,54.5,544.0317410954663,70.0,144.31641896489828,0.0,6.1,この先制限速度なし,339m先に上り勾配9.2‰あり,先行列車なし,後続列車なし,0.4,巡航フェーズで必要速度と同等なのに不必要にブレーキをかけており、省エネ性と定時性が損なわれたため評価を低くした。
111.0,Train11,巡航フェーズ（駅間走行中）,ブレーキ（減速）中,2.0,惰行,40.0,70.0,70.0,53.24868807351157,53.2,529.0659558254198,69.0,137.77617446023527,0.0,6.1,この先制限速度なし,324m先に上り勾配9.2‰あり,先行列車なし,後続列車なし,0.5,現在速度はrequired_speedと同等であるにも関わらずブレーキを掛けており、巡航フェーズでの適切な惰行が行われていないためエネルギー効率と定時性が低下し、評価を減点した。
112.0,Train11,巡航フェーズ（駅間走行中）,ブレーキ（減速）中,3.0,惰行,40.0,70.0,70.0,51.98300307751365,52.0,514.4522916537113,68.0,131.40101354460302,0.0,6.1,この先制限速度なし,310m先に上り勾配9.2‰あり,先行列車なし,後続列車なし,0.4,巡航フェーズで必要速度以上にブレーキし省エネ性が低く、定時性への影響が懸念されるため評価を下げた。
113.0,Train11,巡航フェーズ（駅間走行中）,ブレーキ（減速）中,4.0,惰行,40.0,70.0,70.0,50.72119113214001,50.7,500.18966145267643,67.0,125.18972372822202,0.0,6.1,この先制限速度なし,296m先に上り勾配9.2‰あり,先行列車なし,後続列車なし,0.5,巡航フェーズで必要速度と同等なのにブレーキをかけているため、定時性と省エネ性が低下し評価を減点した。
114.0,Train11,巡航フェーズ（駅間走行中）,ブレーキ（減速）中,5.0,惰行,40.0,70.0,70.0,49.46317094004823,49.5,486.27700079955,66.0,119.14112025595158,0.0,6.1,この先制限速度なし,282m先に上り勾配9.2‰あり,先行列車なし,後続列車なし,0.3,巡航フェーズでrequired_speedと同等の49.5km/hであるのにブレーキを続けているため、フェーズ適合性と省エネ性が低く評価した。
115.0,Train11,巡航フェーズ（駅間走行中）,ブレーキ（減速）中,6.0,惰行,40.0,70.0,70.0,48.20886207435391,48.2,472.71326773153885,65.0,113.25404576525466,0.0,6.1,この先制限速度なし,269m先に上り勾配9.2‰あり,先行列車なし,後続列車なし,0.4,巡航フェーズで必要速度を満たすのに減速ブレーキを継続しているためエネルギー効率が低下し、定時性にリスクがあると判断した。
116.0,Train11,巡航フェーズ（駅間走行中）,ブレーキ（減速）中,7.0,惰行,40.0,70.0,70.0,46.958184956512,47.0,459.49744250711785,64.0,107.52736994422241,0.0,6.1,この先制限速度なし,256m先に上り勾配9.2‰あり,先行列車なし,後続列車なし,0.5,巡航フェーズでrequired_speedを満たすにも関わらずブレーキを継続し、省エネ性が低く評価したため0.5点とした。
117.0,Train11,巡航フェーズ（駅間走行中）,ブレーキ（減速）中,8.0,惰行,40.0,70.0,70.0,45.711060834626245,45.7,446.6285273734556,63.0,101.95998919818133,0.0,6.1,この先制限速度なし,244m先に上り勾配9.2‰あり,先行列車なし,後続列車なし,0.5,巡航フェーズで必要速度を満たすのに減速ブレーキを継続しているため、エネルギー無駄と定時性低下が生じ、評価を減点した。
118.0,Train11,巡航フェーズ（駅間走行中）,惰行中,1.0,ブレーキ（減速）,8.0,70.0,70.0,44.46741176217331,44.5,434.1055463397936,62.0,96.55082632473346,0.0,6.1,この先制限速度なし,231m先に上り勾配9.2‰あり,先行列車なし,後続列車なし,1.0,全ての上位評価項目で適合し、速度・信号遵守、停止位置余裕、巡航フェーズで必要速度を維持しているため最高評価とした。
119.0,Train11,巡航フェーズ（駅間走行中）,惰行中,2.0,ブレーキ（減速）,8.0,70.0,70.0,44.090001686868284,44.1,421.8064535892765,61.0,94.9375644995117,0.0,6.1,この先制限速度なし,219m先に上り勾配9.2‰あり,先行列車なし,後続列車なし,1.0,required_speedと現在速度が一致し惰行が適切で、速度・CBTC遵守、エネルギー効率も良好なため最高評価とした。
120.0,Train11,巡航フェーズ（駅間走行中）,惰行中,3.0,ブレーキ（減速）,8.0,70.0,70.0,43.71361647594829,43.7,409.6120529967422,60.0,93.3418098724145,0.0,6.1,この先制限速度なし,207m先に上り勾配9.2‰あり,先行列車なし,後続列車なし,1.0,巡航フェーズでrequired_speedと一致する惰行を維持し、制限速度・CBTCを遵守、停車余裕も十分で無駄な力行がなく省エネ的にも適切であるため高評価とした。
121.0,Train11,次駅への減速フェーズ（駅手前400m以内）,惰行中,4.0,ブレーキ（減速）,8.0,70.0,70.0,43.33824716539343,43.3,397.52206113680086,59.0,91.76343050508537,0.0,6.1,この先制限速度なし,195m先に上り勾配9.2‰あり,先行列車なし,後続列車なし,1.0,次駅減速フェーズで必要速度とCBTC信号を遵守し、現在速度はrequired_speedと一致。制限速度超過や信号無視はなく、停止距離も十分確保できるため高評価としrewardは1.0とした。
122.0,Train11,次駅への減速フェーズ（駅手前400m以内）,惰行中,5.0,ブレーキ（減速）,8.0,70.0,70.0,42.9638848654302,43.0,385.53619706369346,58.0,90.20229605035104,0.0,6.1,この先制限速度なし,183m先に上り勾配9.2‰あり,先行列車なし,後続列車なし,1.0,減速フェーズでdelta_stopが正の大きさ、速度は制限内かつ信号遵守、惰行は必要速度と一致し適切なため最高評価とした。
123.0,Train11,次駅への減速フェーズ（駅手前400m以内）,ブレーキ（減速）中,1.0,惰行,5.0,70.0,70.0,42.59052075961499,42.6,373.6541822906716,57.0,88.6582776860476,0.0,6.1,この先制限速度なし,171m先に上り勾配9.2‰あり,先行列車なし,後続列車なし,0.1,ブレーキが必要距離よりはるか前に開始され、保持時間が7秒未満で惰行から減速へ反転したためノコギリ運転とみなされ、報酬上限は0.3点以下となり、さらに早すぎる減速で遅延が生じたため最終評価は0.1点とした。
124.0,Train11,次駅への減速フェーズ（駅手前400m以内）,惰行中,1.0,ブレーキ（減速）,1.0,70.0,70.0,41.355270001484925,41.4,361.9968354125973,56.0,83.64234513373842,0.0,6.1,この先制限速度なし,160m先に上り勾配9.2‰あり,先行列車なし,後続列車なし,0.0,前ブレーキから1秒で惰行へ切替し、保持時間が7秒未満かつ逆転操作であり、prev_notch_durationが2秒未満のためノコギリ運転と判定され、reward上限0.0点となった。
125.0,Train11,次駅への減速フェーズ（駅手前400m以内）,惰行中,2.0,ブレーキ（減速）,1.0,70.0,70.0,40.986125582798145,41.0,350.5610653129949,55.0,82.17094674753096,0.0,6.1,この先制限速度なし,149m先に上り勾配9.2‰あり,先行列車なし,後続列車なし,1.0,全ての上位評価項目で問題がなく、減速フェーズで必要速度を維持しつつエネルギー効率的に惰行しているため最高点とした。
126.0,Train11,次駅への減速フェーズ（駅手前400m以内）,ブレーキ（減速）中,1.0,惰行,2.0,70.0,70.0,40.61793358887786,40.6,339.2277015310548,54.0,80.71600354975136,0.0,6.1,この先制限速度なし,138m先に上り勾配9.2‰あり,先行列車なし,後続列車なし,0.0,ブレーキが停止位置まで258m余裕あるのに早すぎて停止距離超過となり、大幅減点となるためrewardは0.0とした。
127.0,Train11,次駅への減速フェーズ（駅手前400m以内）,ブレーキ（減速）中,2.0,惰行,2.0,70.0,70.0,39.38777276340676,39.4,328.1175787658377,53.0,75.9467439006044,0.0,6.1,この先制限速度なし,127m先に上り勾配9.2‰あり,先行列車なし,後続列車なし,0.0,次駅減速フェーズでdelta_stopが252mと大きく、ブレーキをかけても停止位置が遠すぎるため大幅減点し、さらに2秒未満のノコギリ運転が判定された。
128.0,Train11,次駅への減速フェーズ（駅手前400m以内）,ブレーキ（減速）中,3.0,惰行,2.0,70.0,70.0,38.16070030963112,38.2,317.34873240286277,52.0,71.3305958636497,0.0,6.1,この先制限速度なし,116m先に上り勾配9.2‰あり,先行列車なし,後続列車なし,0.1,次駅減速フェーズでdelta_stopが大きいのに早期ブレーキに切り替え、ノコギリ運転とエネルギー無駄が判定され上限0.3点以下に抑え0.1点とした。
129.0,Train11,次駅への減速フェーズ（駅手前400m以内）,ブレーキ（減速）中,4.0,惰行,2.0,70.0,70.0,36.93664276410138,36.9,306.9203148820527,51.0,66.8666369720442,0.0,6.1,この先制限速度なし,106m先に上り勾配9.2‰あり,先行列車なし,後続列車なし,0.2,ノコギリ運転（惰行→減速、保持時間2秒）とブレーキ開始が早すぎるためエネルギー無駄と評価し、上限0.3点を下回る0.2点とした。
130.0,Train11,次駅への減速フェーズ（駅手前400m以内）,惰行中,1.0,ブレーキ（減速）,4.0,70.0,70.0,35.715527328302144,35.7,296.8314989560845,50.0,62.55396907084525,0.0,6.1,この先制限速度なし,96m先に上り勾配9.2‰あり,先行列車なし,後続列車なし,1.0,全ての評価項目で基準を満たし、減速フェーズで必要速度を維持した惰行は適切であるため最高評価とした。
131.0,Train11,次駅への減速フェーズ（駅手前400m以内）,ブレーキ（減速）中,1.0,惰行,1.0,70.0,70.0,35.36028616219792,35.4,286.96037086591986,49.0,61.32576534870157,0.0,6.1,この先制限速度なし,87m先に上り勾配9.2‰あり,先行列車なし,後続列車なし,0.0,ブレーキへの切替が1秒の惰行から1秒の減速へと、保持時間が7秒未満かつ合理的根拠がなく、ノコギリ運転（prev_notch_duration 1秒）に該当し上限0.0点となる。
132.0,Train11,次駅への減速フェーズ（駅手前400m以内）,惰行中,1.0,ブレーキ（減速）,1.0,70.0,70.0,34.1428633924269,34.1,277.30891163044544,48.0,57.207178780881215,0.0,6.1,この先制限速度なし,77m先に上り勾配9.2‰あり,先行列車なし,後続列車なし,0.0,ブレーキ→惰行への短時間切替が条件を満たすノコギリ運転と判定され、prev_notch_durationが2秒未満のためreward上限は0.0点となった。
133.0,Train11,次駅への減速フェーズ（駅手前400m以内）,ブレーキ（減速）中,1.0,惰行,1.0,70.0,70.0,33.79125198078038,33.8,267.8741247033969,47.0,56.04378002286701,0.0,6.1,この先制限速度なし,68m先に上り勾配9.2‰あり,先行列車なし,後続列車なし,0.0,ブレーキが停止位置まで遠く、必要以上に減速しているためノコギリ運転とみなし、エネルギー無駄と評価しrewardを0.0とした。
134.0,Train11,次駅への減速フェーズ（駅手前400m以内）,惰行中,1.0,ブレーキ（減速）,1.0,70.0,70.0,32.57739714315603,32.6,258.6580056773222,46.0,52.1175536929981,0.0,6.1,この先制限速度なし,59m先に上り勾配9.2‰あり,先行列車なし,後続列車なし,0.0,ブレーキ→惰行への短時間切替が合理的根拠なく行われ、ノコギリ運転と判定され上限0.0点となった。
135.0,Train11,次駅への減速フェーズ（駅手前400m以内）,ブレーキ（減速）中,1.0,惰行,1.0,70.0,70.0,32.22929177919755,32.2,249.65757792969256,45.0,51.017427434597714,0.0,6.1,この先制限速度なし,50m先に上り勾配9.2‰あり,先行列車なし,後続列車なし,0.0,次駅減速フェーズで必要ブレーキ距離より遠くでブレーキを開始し、早すぎる減速とノコギリ運転（保持時間2秒未満）により評価上限が0点となった。
136.0,Train11,次駅への減速フェーズ（駅手前400m以内）,惰行中,1.0,ブレーキ（減速）,1.0,70.0,70.0,31.01888217119402,31.0,240.87485135706999,44.0,47.281906142977775,0.0,6.1,この先制限速度なし,42m先に上り勾配9.2‰あり,先行列車なし,後続列車なし,0.0,前ブレーキから1秒で惰行へ切り替えたため、保持時間が7秒未満のノコギリ運転と判定され、上限0.0点となり、結果としてrewardは0.0とした。
137.0,Train11,次駅への減速フェーズ（駅手前400m以内）,ブレーキ（減速）中,1.0,惰行,1.0,70.0,70.0,30.674161137885225,30.7,232.30686897221275,43.0,46.243583527917984,0.0,6.1,この先制限速度なし,33m先に上り勾配9.2‰あり,先行列車なし,後続列車なし,0.0,保持時間が7秒未満で惰行→減速への不合理な切替がノコギリ運転と判定され、上限0.0点となるためrewardは0.0。
138.0,Train11,次駅への減速フェーズ（駅手前400m以内）,惰行中,1.0,ブレーキ（減速）,1.0,70.0,70.0,29.467076005784964,29.5,223.95565471713752,42.0,42.69717655465065,0.0,6.1,この先制限速度なし,25m先に上り勾配9.2‰あり,先行列車なし,後続列車なし,0.0,ブレーキ→惰行への切替が1秒未満で反転しノコギリ運転と判定、上限0.0点のため他評価を上回りreward=0.0とした。
139.0,Train11,次駅への減速フェーズ（駅手前400m以内）,惰行中,2.0,ブレーキ（減速）,1.0,70.0,70.0,29.125619494498896,29.1,215.81827096287753,41.0,41.71925085165799,0.0,6.1,この先制限速度なし,17m先に上り勾配9.2‰あり,先行列車なし,後続列車なし,0.0,前の減速ノッチから保持時間1秒、続く惰行が2秒未満で切り替わりノコギリ運転と判定されたため、reward上限が0.0点となった。
140.0,Train11,次駅への減速フェーズ（駅手前400m以内）,ブレーキ（減速）中,1.0,惰行,2.0,70.0,70.0,28.784867205769817,28.8,207.77563730129245,40.0,40.7544656839234,0.0,6.1,この先制限速度なし,9m先に上り勾配9.2‰あり,先行列車なし,後続列車なし,0.2,ブレーキが必要距離よりはるか前に開始され、ノコギリ運転となってエネルギーと定時性が損なわれたため低評価とした。
141.0,Train11,次駅への減速フェーズ（駅手前400m以内）,惰行中,1.0,ブレーキ（減速）,1.0,70.0,70.0,27.58167900708348,27.6,199.94867777370473,39.0,37.43682853040919,0.0,6.1,この先制限速度なし,2m先に上り勾配9.2‰あり,先行列車なし,後続列車なし,1.0,制限速度・CBTC信号遵守、停止位置達成可能、減速フェーズでの惰行は適切であり、ノコギリ運転も認められないため最高評価とした。
142.0,Train11,次駅への減速フェーズ（駅手前400m以内）,惰行中,2.0,ブレーキ（減速）,1.0,70.0,70.0,27.24404747305723,27.2,192.33447802128012,38.0,35.167825951719095,0.0,9.2,この先制限速度なし,この先目立った勾配なし,先行列車なし,後続列車なし,1.0,制限速度・信号遵守、減速フェーズでの惰行は適切であり、ノコギリ運転や不要な加速がなく、全項目で問題なしと判断した。
143.0,Train11,次駅への減速フェーズ（駅手前400m以内）,ブレーキ（減速）中,1.0,惰行,2.0,70.0,70.0,26.83167112983407,26.8,184.82130436340327,37.0,34.116606531209555,0.0,9.2,この先制限速度なし,この先目立った勾配なし,先行列車なし,後続列車なし,0.0,減速フェーズでdelta_stopが150mと遠く、不要なブレーキとノコギリ運転により停止位置達成が不適切であるためrewardは0.0とした。
144.0,Train11,次駅への減速フェーズ（駅手前400m以内）,惰行中,1.0,ブレーキ（減速）,1.0,70.0,70.0,25.523084289266574,25.9,177.55168666777266,36.0,30.88512133780756,0.0,9.2,この先制限速度なし,この先目立った勾配なし,先行列車なし,後続列車なし,0.0,保持時間が1秒で7秒未満、減速→惰行への短時間切替に合理的根拠がなくノコギリ運転と判定され、上限0.0点とした。
145.0,Train11,次駅への減速フェーズ（駅手前400m以内）,ブレーキ（減速）中,1.0,惰行,1.0,70.0,70.0,25.0801865876465,25.5,170.52408918648254,35.0,29.827391264034304,0.0,9.2,この先制限速度なし,この先目立った勾配なし,先行列車なし,後続列車なし,0.0,次駅減速フェーズでdelta_stopが正のままブレーキを開始し、保持時間が7秒未満の惰行から減速への不合理な切替がノコギリ運転と判定され、reward上限が0.0となったため0.0とした。
146.0,Train11,次駅への減速フェーズ（駅手前400m以内）,惰行中,1.0,ブレーキ（減速）,1.0,70.0,70.0,23.77492000104992,24.6,163.74052675542217,34.0,26.816170899395868,0.0,9.2,この先制限速度なし,この先目立った勾配なし,先行列車なし,後続列車なし,0.0,次駅減速フェーズで先行列車なしの低速惰行はちんたら運転とみなされ即0点、さらに2秒未満のノコギリ運転でも報酬上限は0.0となるため。
147.0,Train11,次駅への減速フェーズ（駅手前400m以内）,ブレーキ（減速）中,1.0,惰行,1.0,70.0,70.0,23.33526921476467,24.5,157.1980740751151,33.0,25.83759405470458,0.0,9.2,この先制限速度なし,この先目立った勾配なし,先行列車なし,後続列車なし,0.0,ブレーキへの切替が7秒未満で反転し、合理的理由がなくノコギリ運転と判定されたためrewardは0.0とした。
148.0,Train11,次駅への減速フェーズ（駅手前400m以内）,惰行中,1.0,ブレーキ（減速）,1.0,70.0,70.0,22.03317735209406,23.7,150.89876313592754,32.0,23.04506443185077,0.0,9.2,この先制限速度なし,この先目立った勾配なし,先行列車なし,後続列車なし,0.0,先行列車なしで低速22km/hの惰行がちんたら運転と判定され、即reward0.0ルールに該当したため0.0とした。
149.0,Train11,次駅への減速フェーズ（駅手前400m以内）,惰行中,2.0,ブレーキ（減速）,1.0,70.0,70.0,21.596628954178257,23.7,144.83969176196965,31.0,22.144226911160434,0.0,9.2,この先制限速度なし,この先目立った勾配なし,先行列車なし,後続列車なし,0.0,次駅減速フェーズで先行列車なし・速度<25km/hのまま惰行を続けたため「ちんたら運転」と判定し、即reward0.0ルールが適用された。
150.0,Train11,次駅への減速フェーズ（駅手前400m以内）,ブレーキ（減速）中,1.0,惰行,2.0,70.0,70.0,21.160837389543687,23.2,138.90177744195498,30.0,21.262704211403566,0.0,9.2,この先制限速度なし,この先目立った勾配なし,先行列車なし,後続列車なし,0.0,ノコギリ運転と判定され、保持時間が7秒未満かつ反転が2秒で行われたため、reward上限が0.0点に設定され、他の評価は無効となった。
151.0,Train11,次駅への減速フェーズ（駅手前400m以内）,惰行中,1.0,ブレーキ（減速）,1.0,70.0,70.0,19.86251579201585,22.4,133.20594344690306,29.0,18.741702177797215,0.0,9.2,この先制限速度なし,この先目立った勾配なし,先行列車なし,後続列車なし,0.0,次駅減速フェーズで先行列車なしの低速19.9km/hで惰行を続けたため、即reward0.0ルールの「ちんたら運転」に該当し、評価は0.0とした。
152.0,Train11,次駅への減速フェーズ（駅手前400m以内）,ブレーキ（減速）中,1.0,惰行,1.0,70.0,70.0,19.429648489484343,22.5,127.74931614226404,28.0,17.93625655506028,0.0,9.2,この先制限速度なし,この先目立った勾配なし,先行列車なし,後続列車なし,0.0,次駅減速フェーズで必要速度22.5km/h未達の状態で不必要にブレーキを掛け、ノコギリ運転と判定されたためrewardは0.0とした。
153.0,Train11,次駅への減速フェーズ（駅手前400m以内）,惰行中,1.0,ブレーキ（減速）,1.0,70.0,70.0,18.13418109144747,21.7,122.53396519146875,27.0,15.630684961554145,0.0,9.2,この先制限速度なし,この先目立った勾配なし,先行列車なし,後続列車なし,0.0,次駅減速フェーズで先行列車なしの低速18.1km/hで惰行を続けたことが「ちんたら運転」と判定され、即reward0.0ルールに該当するため0.0とした。
154.0,Train11,次駅への減速フェーズ（駅手前400m以内）,惰行中,2.0,ブレーキ（減速）,1.0,70.0,70.0,17.704097729716775,22.2,117.55703947580187,26.0,14.900071475244964,0.0,9.2,この先制限速度なし,この先目立った勾配なし,先行列車なし,後続列車なし,0.0,減速から惰行への短時間切替が合理的理由なく行われ、prev_notch_durationが1秒で上限0.0点となったためrewardは0.0とした。
155.0,Train11,次駅への減速フェーズ（駅手前400m以内）,ブレーキ（減速）中,1.0,惰行,2.0,70.0,70.0,17.274686873907886,21.4,112.69948681159292,25.0,14.187931583191354,0.0,9.2,この先制限速度なし,この先目立った勾配なし,先行列車なし,後続列車なし,0.0,delta_stopが98.5mと大きく、必要以上に早くブレーキをかけているため停止位置達成が不可能となり、即座に0点と判断した。
156.0,Train11,次駅への減速フェーズ（駅手前400m以内）,惰行中,1.0,ブレーキ（減速）,1.0,70.0,70.0,15.982589603205021,21.1,108.08226061258708,24.0,12.14965304712708,0.0,9.2,この先制限速度なし,この先目立った勾配なし,先行列車なし,後続列車なし,0.0,次駅減速フェーズで先行列車なしにも関わらず速度16km/hのまま惰行を続けたため、即reward0.0ルールの『ちんたら運転』に該当し0.0点とした。
157.0,Train11,次駅への減速フェーズ（駅手前400m以内）,惰行中,2.0,ブレーキ（減速）,1.0,70.0,70.0,15.555789773248819,21.6,103.70253754384962,23.0,11.510891989316864,0.0,9.2,この先制限速度なし,この先目立った勾配なし,先行列車なし,後続列車なし,0.0,低速(15.6km/h)で惰行を続け、先行列車なしで停止位置まで遠く、即時ゼロルール(ちんたら運転)に該当したため0.0とした。
158.0,Train11,次駅への減速フェーズ（駅手前400m以内）,惰行中,2.1,ブレーキ（減速）,1.0,70.0,70.0,15.129617262961753,21.2,99.44128177889766,22.0,10.890187007225691,0.0,9.2,この先制限速度なし,この先目立った勾配なし,先行列車なし,後続列車なし,0.0,低速(15.1km/h)で惰行を続け、先行列車不在の状態で停止位置へ向かうちんたら運転と、2秒未満のノコギリ運転が即0点条件に該当したため0.0とした。
158.1,Train11,次駅への減速フェーズ（駅手前400m以内）,惰行中,2.2,ブレーキ（減速）,1.0,70.0,70.0,15.087034173140191,21.6,99.02166522184785,21.900000000000006,10.829106544816884,0.0,9.2,この先制限速度なし,この先目立った勾配なし,先行列車なし,後続列車なし,0.0,次駅減速フェーズで先行列車なしの低速15.1km/hで惰行を続けたため「ちんたら運転」に該当し、即reward0.0ルールが適用された。
158.2,Train11,次駅への減速フェーズ（駅手前400m以内）,惰行中,2.3000000000000003,ブレーキ（減速）,1.0,70.0,70.0,15.044457259084899,21.6,98.60323143403349,21.80000000000001,10.768205776409042,0.0,9.2,この先制限速度なし,この先目立った勾配なし,先行列車なし,後続列車なし,0.0,次駅減速フェーズで先行列車なしにも関わらず低速15km/hのまま惰行を続けたため、ちんたら運転と判定し即時0点とした。
158.29999999999998,Train11,次駅への減速フェーズ（駅手前400m以内）,惰行中,2.4000000000000004,ブレーキ（減速）,1.0,70.0,70.0,15.001886511970728,22.0,98.18598024403968,21.700000000000017,10.707484622941527,0.0,9.2,この先制限速度なし,この先目立った勾配なし,先行列車なし,後続列車なし,0.0,次駅減速フェーズで先行列車なしの低速15km/hで惰行を続けたため「ちんたら運転」と判定し、即reward0.0ルールが適用された。
158.39999999999998,Train11,次駅への減速フェーズ（駅手前400m以内）,惰行中,2.5000000000000004,ブレーキ（減速）,1.0,70.0,70.0,14.959321922977255,22.0,97.76991148069314,21.600000000000023,10.64694299162969,0.0,9.2,この先制限速度なし,この先目立った勾配なし,先行列車なし,後続列車なし,0.0,低速で惰行を続け、先行列車不在にも関わらず停止位置へ向かうちんたら運転で即時0点規則に該当したため0.0とした。
158.49999999999997,Train11,次駅への減速フェーズ（駅手前400m以内）,惰行中,2.6000000000000005,ブレーキ（減速）,1.0,70.0,70.0,14.916763483288765,21.1,97.35502497307635,21.50000000000003,10.5865808227563,0.0,9.2,この先制限速度なし,この先目立った勾配なし,先行列車なし,後続列車なし,0.0,先行列車がいない状態で速度14.9km/hのまま惰行し、低速で停止位置へ進むちんたら運転と、ブレーキ後の短時間惰行がノコギリ運転と判定され、即0点とした。
158.59999999999997,Train11,次駅への減速フェーズ（駅手前400m以内）,惰行中,2.7000000000000006,ブレーキ（減速）,1.0,70.0,70.0,14.87421118409426,21.5,96.94132055050986,21.400000000000034,10.52639803843037,0.0,9.2,この先制限速度なし,この先目立った勾配なし,先行列車なし,後続列車なし,0.0,次駅減速フェーズで先行列車なしの低速14.9km/hの惰行はちんたら運転と判定され、即reward0.0ルールに該当するため評価は0.0とした。
158.69999999999996,Train11,次駅への減速フェーズ（駅手前400m以内）,惰行中,2.8000000000000007,ブレーキ（減速）,1.0,70.0,70.0,14.831665016587436,21.9,96.52879804255221,21.30000000000004,10.466394560130635,0.0,9.2,この先制限速度なし,この先目立った勾配なし,先行列車なし,後続列車なし,0.0,低速で惰行し続ける「ちんたら運転」かつ1秒未満のノコギリ運転と判定され、即時0点規則が適用されたため。
158.79999999999995,Train11,次駅への減速フェーズ（駅手前400m以内）,惰行中,2.900000000000001,ブレーキ（減速）,1.0,70.0,70.0,14.789124971966688,21.8,96.11745727901067,21.200000000000045,10.406570309481328,0.0,9.2,この先制限速度なし,この先目立った勾配なし,先行列車なし,後続列車なし,0.0,次駅減速フェーズで先行列車なしの低速惰行が即時ゼロルールのちんたら運転に該当し、ノコギリ運転とも判断されたためrewardは0.0とした。
158.89999999999995,Train11,次駅への減速フェーズ（駅手前400m以内）,惰行中,3.000000000000001,ブレーキ（減速）,1.0,70.0,70.0,14.746591041435089,21.8,95.70729808995182,21.10000000000005,10.346925206879902,0.0,9.2,この先制限速度なし,この先目立った勾配なし,先行列車なし,後続列車なし,0.0,低速14.7km/hで惰行し続け、次駅減速フェーズで必要速度21.8km/h未達かつ即時0.0ルールのちんたら運転に該当し、rewardは0.0とする。
158.99999999999994,Train11,次駅への減速フェーズ（駅手前400m以内）,惰行中,3.100000000000001,ブレーキ（減速）,1.0,70.0,70.0,14.704063216200396,21.3,95.29832030566965,21.000000000000057,10.287459163092235,0.0,9.2,この先制限速度なし,この先目立った勾配なし,先行列車なし,後続列車なし,0.0,次駅減速フェーズで先行列車なしにも関わらず14.7km/hの低速惰行を続け、加速が必要な状況であるため即時ゼロ規則に該当し、rewardは0.0とした。
159.09999999999994,Train11,次駅への減速フェーズ（駅手前400m以内）,惰行中,3.200000000000001,ブレーキ（減速）,1.0,70.0,70.0,14.661541487475029,21.3,94.89052375669971,20.900000000000063,10.228172118641195,0.0,9.2,この先制限速度なし,この先目立った勾配なし,先行列車なし,後続列車なし,0.0,次駅減速フェーズで低速14.7km/hの惰行が続き、先行列車なしで停止位置に到達できず「ちんたら運転」と判定されたためrewardは0.0とした。
159.19999999999993,Train11,次駅への減速フェーズ（駅手前400m以内）,惰行中,3.300000000000001,ブレーキ（減速）,1.0,70.0,70.0,14.619025846476081,21.7,94.4839082738369,20.800000000000068,10.169063995688036,0.0,9.2,この先制限速度なし,この先目立った勾配なし,先行列車なし,後続列車なし,0.0,先行列車なしで速度14.6km/hの低速惰行を続け、停止位置までに必要な加速を行わず次駅減速フェーズでちんたら運転と判定されたため、即reward0.0ルールが適用され0点とした。
159.29999999999993,Train11,次駅への減速フェーズ（駅手前400m以内）,惰行中,3.4000000000000012,ブレーキ（減速）,1.0,70.0,70.0,14.576516284425296,21.6,94.07847368810707,20.700000000000074,10.110134716538862,0.0,9.2,この先制限速度なし,この先目立った勾配なし,先行列車なし,後続列車なし,0.0,先行列車なしで低速14.6km/hの惰行が続き、次駅減速フェーズでのちんたら運転と判定されたため0.0とした。
159.39999999999992,Train11,次駅への減速フェーズ（駅手前400m以内）,惰行中,3.5000000000000013,ブレーキ（減速）,1.0,70.0,70.0,14.534012792549056,22.0,93.67421983078827,20.60000000000008,10.051384203644504,0.0,9.2,この先制限速度なし,この先目立った勾配なし,先行列車なし,後続列車なし,0.0,低速(14.5km/h)で惰行を続け、先行列車なしの減速フェーズで停止位置へ向かうちんたら運転と判定し、即時0点規則が適用されたためreward=0.0。
159.49999999999991,Train11,次駅への減速フェーズ（駅手前400m以内）,惰行中,3.6000000000000014,ブレーキ（減速）,1.0,70.0,70.0,14.491515362078395,21.1,93.27114653339663,20.500000000000085,9.992812376256596,0.0,9.2,この先制限速度なし,この先目立った勾配なし,先行列車なし,後続列車なし,0.0,低速惰行がちんたら運転と判定され、即時0点ルールとノコギリ運転に該当するためrewardは0.0。
159.5999999999999,Train11,次駅への減速フェーズ（駅手前400m以内）,惰行中,3.7000000000000015,ブレーキ（減速）,1.0,70.0,70.0,14.449023984248967,21.1,92.86925362769693,20.40000000000009,9.93441915062957,0.0,9.2,この先制限速度なし,この先目立った勾配なし,先行列車なし,後続列車なし,0.0,次駅減速フェーズで先行列車なしの低速14.4km/hで惰行を続けたため、即時0点ルールの「ちんたら運転」に該当し、rewardは0.0とした。
159.6999999999999,Train11,次駅への減速フェーズ（駅手前400m以内）,惰行中,3.8000000000000016,ブレーキ（減速）,1.0,70.0,70.0,14.406538650301059,21.5,92.46854094568135,20.300000000000097,9.876204465403852,0.0,9.2,この先制限速度なし,この先目立った勾配なし,先行列車なし,後続列車なし,0.0,先行列車なしで速度14.4km/hの低速惰行はちんたら運転とみなされ、即時0点規則に該当するためrewardは0.0とした。
159.7999999999999,Train11,次駅への減速フェーズ（駅手前400m以内）,惰行中,3.9000000000000017,ブレーキ（減速）,1.0,70.0,70.0,14.36405935147957,22.3,92.06900831961562,20.200000000000102,9.818168243564479,0.0,9.2,この先制限速度なし,この先目立った勾配なし,先行列車なし,後続列車なし,0.0,次駅減速フェーズで先行列車不在にも関わらず速度14.4km/hのまま惰行し、delta_stopが82.25mと遠く、低速で停止位置へ進むちんたら運転に該当するため即時0点とした。
159.8999999999999,Train11,次駅への減速フェーズ（駅手前400m以内）,惰行中,4.000000000000002,ブレーキ（減速）,1.0,70.0,70.0,14.321586079034008,22.3,91.67065558197862,20.100000000000108,9.760310408240654,0.0,9.2,この先制限速度なし,この先目立った勾配なし,先行列車なし,後続列車なし,0.0,低速で惰行を続け、先行列車不在の減速フェーズで必要速度未達のためちんたら運転と判定し即0点とした。
159.9999999999999,Train11,次駅への減速フェーズ（駅手前400m以内）,惰行中,4.100000000000001,ブレーキ（減速）,1.0,70.0,70.0,14.279118824218479,22.2,91.27348256551215,20.000000000000114,9.702630882705517,0.0,9.2,この先制限速度なし,この先目立った勾配なし,先行列車なし,後続列車なし,0.0,次駅減速フェーズで先行列車なしにも関わらず14.3km/hの低速惰行を続け、停車位置へ向かう『ちんたら運転』と判定されたため即時0点とした。
160.09999999999988,Train11,次駅への減速フェーズ（駅手前400m以内）,惰行中,4.200000000000001,ブレーキ（減速）,1.0,70.0,70.0,14.236657578291688,21.8,90.87748910319249,19.90000000000012,9.645129585224968,0.0,9.2,この先制限速度なし,この先目立った勾配なし,先行列車なし,後続列車なし,0.0,低速(14.2km/h)で惰行し続ける『ちんたら運転』が即時0点条件に該当し、ノコギリ運転とも判定されたためrewardは0.0とした。
160.19999999999987,Train11,次駅への減速フェーズ（駅手前400m以内）,惰行中,4.300000000000001,ブレーキ（減速）,1.0,70.0,70.0,14.19420233251692,21.8,90.48267502823748,19.800000000000125,9.587806437176688,0.0,9.2,この先制限速度なし,この先目立った勾配なし,先行列車なし,後続列車なし,0.0,次駅減速フェーズで先行列車なしの低速惰行はちんたら運転とみなされ即時0点ルールに該当するためreward=0.0。
160.29999999999987,Train11,次駅への減速フェーズ（駅手前400m以内）,惰行中,4.4,ブレーキ（減速）,1.0,70.0,70.0,14.151753078162045,22.6,90.08904017410657,19.70000000000013,9.530661375511398,0.0,9.2,この先制限速度なし,この先目立った勾配なし,先行列車なし,後続列車なし,0.0,次駅減速フェーズで先行列車なしの低速惰行は即zeroルールに該当し、rewardは0.0とする。
160.39999999999986,Train11,次駅への減速フェーズ（駅手前400m以内）,惰行中,4.5,ブレーキ（減速）,1.0,70.0,70.0,14.1093098064995,22.5,89.69658437451145,19.600000000000136,9.473694324033717,0.0,9.2,この先制限速度なし,この先目立った勾配なし,先行列車なし,後続列車なし,0.0,次駅減速フェーズで先行列車なしにも関わらず14.1km/hの低速惰行が続き、停止位置へ遅延を招くちんたら運転と判定されたため0.0とした。
160.49999999999986,Train11,次駅への減速フェーズ（駅手前400m以内）,惰行中,4.6,ブレーキ（減速）,1.0,70.0,70.0,14.066872508806282,22.5,89.30530746339471,19.500000000000142,9.416905206691638,0.0,9.2,この先制限速度なし,この先目立った勾配なし,先行列車なし,後続列車なし,0.0,低速(14.1km/h)で惰行を続け、delta_stopが大きくブレーキ未実施のため『ちんたら運転』と判定し即時0点とした。
160.59999999999985,Train11,次駅への減速フェーズ（駅手前400m以内）,惰行中,4.699999999999999,ブレーキ（減速）,1.0,70.0,70.0,14.02444117636395,22.9,88.91520927494767,19.400000000000148,9.360293947576425,0.0,9.2,この先制限速度なし,この先目立った勾配なし,先行列車なし,後続列車なし,0.0,次駅減速フェーズで先行列車なしの低速惰行はちんたら運転と判定され、即reward0.0ルールに該当するため0.0とした。
160.69999999999985,Train11,次駅への減速フェーズ（駅手前400m以内）,惰行中,4.799999999999999,ブレーキ（減速）,1.0,70.0,70.0,13.982015800458605,21.6,88.52628964359965,19.300000000000153,9.303860464117214,0.0,9.2,この先制限速度なし,この先目立った勾配なし,先行列車なし,後続列車なし,0.0,先行列車なしで速度14km/hの低速惰行はちんたら運転とみなされ、即時0点とした。
160.79999999999984,Train11,次駅への減速フェーズ（駅手前400m以内）,惰行中,4.899999999999999,ブレーキ（減速）,1.0,70.0,70.0,13.939596372380887,22.4,88.13854840402158,19.20000000000016,9.247604682472444,0.0,9.2,この先制限速度なし,この先目立った勾配なし,先行列車なし,後続列車なし,0.0,現在速度13.9km/hで惰行を続け、先行列車なしでも低速で停止位置へ向かうちんたら運転と即時0点規則に該当するため、rewardは0.0とした。
160.89999999999984,Train11,次駅への減速フェーズ（駅手前400m以内）,惰行中,4.999999999999998,ブレーキ（減速）,1.0,70.0,70.0,13.897182883425971,22.8,87.75198539113305,19.100000000000165,9.191526538084345,0.0,9.2,この先制限速度なし,この先目立った勾配なし,先行列車なし,後続列車なし,0.0,低速で惰行を続け、減速フェーズに不適切な操作かつノコギリ運転と判断し即時0点とした。
160.99999999999983,Train11,次駅への減速フェーズ（駅手前400m以内）,惰行中,5.099999999999998,ブレーキ（減速）,1.0,70.0,70.0,13.854775324893557,22.7,87.3666004400917,19.00000000000017,9.135625955572857,0.0,9.2,この先制限速度なし,この先目立った勾配なし,先行列車なし,後続列車なし,0.0,即時0点ルールのちんたら運転とノコギリ運転が判定され、上位項目で重大な違反があるためrewardは0.0とする。
161.09999999999982,Train11,次駅への減速フェーズ（駅手前400m以内）,惰行中,5.1999999999999975,ブレーキ（減速）,1.0,70.0,70.0,13.812373688087868,23.1,86.98239338630387,18.900000000000176,9.07990285970064,0.0,9.2,この先制限速度なし,この先目立った勾配なし,先行列車なし,後続列車なし,0.0,低速13.8km/hで惰行を続け、停止位置への到達が遅れ、即時ゼロ規則（ちんたら運転）に該当するため0.0とした。
161.19999999999982,Train11,次駅への減速フェーズ（駅手前400m以内）,惰行中,5.299999999999997,ブレーキ（減速）,1.0,70.0,70.0,13.76997796431763,21.8,86.5993640653997,18.800000000000182,9.024357175372858,0.0,9.2,この先制限速度なし,この先目立った勾配なし,先行列車なし,後続列車なし,0.0,次駅減速フェーズで低速惰行が必要速度未達であり、ちんたら運転とノコギリ運転が判定されたため即0点とした。
161.2999999999998,Train11,次駅への減速フェーズ（駅手前400m以内）,惰行中,5.399999999999997,ブレーキ（減速）,1.0,70.0,70.0,13.727588144896066,21.4,86.21751231326158,18.700000000000188,8.968988819320256,0.0,9.2,この先制限速度なし,この先目立った勾配なし,先行列車なし,後続列車なし,0.0,次駅減速フェーズで先行列車なしの低速13.7km/hの惰行はちんたら運転とみなされ、即reward0.0ルールに該当するため0.0とした。
161.3999999999998,Train11,次駅への減速フェーズ（駅手前400m以内）,惰行中,5.4999999999999964,ブレーキ（減速）,1.0,70.0,70.0,13.685204221140905,23.4,85.83683796601349,18.600000000000193,8.913797722161306,0.0,9.2,この先制限速度なし,この先目立った勾配なし,先行列車なし,後続列車なし,0.0,次駅減速フェーズで先行列車なし・速度13.7km/hの低速惰行はちんたら運転とみなされ、即reward0.0ルールが適用されたため0.0点。
161.4999999999998,Train11,次駅への減速フェーズ（駅手前400m以内）,惰行中,5.599999999999996,ブレーキ（減速）,1.0,70.0,70.0,13.642826184374364,23.4,85.45734086002454,18.5000000000002,8.858783817999923,0.0,9.2,この先制限速度なし,この先目立った勾配なし,先行列車なし,後続列車なし,0.0,次駅減速フェーズで先行列車なしにも関わらず、低速惰行が続き停止位置への適切な減速が行われていないためちんたら運転と判定し即時0点とした。
161.5999999999998,Train11,次駅への減速フェーズ（駅手前400m以内）,惰行中,5.699999999999996,ブレーキ（減速）,1.0,70.0,70.0,13.60045402592313,23.0,85.07902083189478,18.400000000000205,8.80394703226725,0.0,9.2,この先制限速度なし,この先目立った勾配なし,先行列車なし,後続列車なし,0.0,低速13.6km/hで惰行を続け、先行列車不在の状態で停止位置へ向かうちんたら運転かつノコギリ運転と判定し、即reward0.0規則が適用されたため0.0とした。
161.6999999999998,Train11,次駅への減速フェーズ（駅手前400m以内）,惰行中,5.799999999999995,ブレーキ（減速）,1.0,70.0,70.0,13.558087737118367,22.9,84.70187771847293,18.30000000000021,8.749287290536401,0.0,9.2,この先制限速度なし,この先目立った勾配なし,先行列車なし,後続列車なし,0.0,次駅減速フェーズで先行列車なしにも関わらず13.6km/hの低速惰行を続けたため即時0点ルールが適用され、rewardは0.0とした。
161.79999999999978,Train11,次駅への減速フェーズ（駅手前400m以内）,惰行中,5.899999999999995,ブレーキ（減速）,1.0,70.0,70.0,13.515727309295707,23.7,84.32591135683865,18.200000000000216,8.694804518522353,0.0,9.2,この先制限速度なし,この先目立った勾配なし,先行列車なし,後続列車なし,0.0,低速(13.5km/h)で惰行を続け、先行列車なしの減速フェーズで停止位置へ向かうべきブレーキを行わず、即reward0.0ルールの「ちんたら運転」に該当するため0.0とした。
161.89999999999978,Train11,次駅への減速フェーズ（駅手前400m以内）,惰行中,5.999999999999995,ブレーキ（減速）,1.0,70.0,70.0,13.473372733795234,22.0,83.95112158432738,18.10000000000022,8.640498632385851,0.0,9.2,この先制限速度なし,この先目立った勾配なし,先行列車なし,後続列車なし,0.0,次駅減速フェーズで速度13.5km/hの惰行はrequired_speed22km/h未達で遅延を増大させ、即reward0.0ルールの低速ちんたら運転に該当するため0.0点とした。
161.99999999999977,Train11,次駅への減速フェーズ（駅手前400m以内）,惰行中,6.099999999999994,ブレーキ（減速）,1.0,70.0,70.0,13.431024001961484,23.2,83.57750823850196,18.000000000000227,8.58636956690518,0.0,9.2,この先制限速度なし,この先目立った勾配なし,先行列車なし,後続列車なし,0.0,次駅減速フェーズで先行列車なしにも関わらず13.4km/hの低速惰行を続けたため、即時0点ルールの『ちんたら運転』に該当し、rewardは0.0とした。
162.09999999999977,Train11,次駅への減速フェーズ（駅手前400m以内）,惰行中,6.199999999999994,ブレーキ（減速）,1.0,70.0,70.0,13.388681105143437,23.2,83.20507115717746,17.900000000000233,8.532417255005697,0.0,9.2,この先制限速度なし,この先目立った勾配なし,先行列車なし,後続列車なし,0.0,低速(13.4km/h)で惰行し続け、必要速度23.2km/hに達せず遅延が確定、かつ保持時間が短くノコギリ運転と判定されたため0.0点とした。
162.19999999999976,Train11,次駅への減速フェーズ（駅手前400m以内）,惰行中,6.299999999999994,ブレーキ（減速）,1.0,70.0,70.0,13.346344034694505,22.8,82.8338101783963,17.80000000000024,8.478641622925647,0.0,9.2,この先制限速度なし,この先目立った勾配なし,先行列車なし,後続列車なし,0.0,先行列車なしで低速13.3km/hの惰行が続き、停止位置へ向かうちんたら運転と判定され即時0点となる。
162.29999999999976,Train11,次駅への減速フェーズ（駅手前400m以内）,惰行中,6.399999999999993,ブレーキ（減速）,1.0,70.0,70.0,13.304012781972528,22.7,82.46372514044609,17.700000000000244,8.42504259704452,0.0,9.2,この先制限速度なし,この先目立った勾配なし,先行列車なし,後続列車なし,0.0,次駅減速フェーズで先行列車不在にも関わらず13.3km/hの低速惰行を続け、即時ゼロ評価条件（ちんたら運転）に該当するためrewardは0.0とした。
162.39999999999975,Train11,次駅への減速フェーズ（駅手前400m以内）,惰行中,6.499999999999993,ブレーキ（減速）,1.0,70.0,70.0,13.26168733833977,23.5,82.09481588185952,17.60000000000025,8.371620103883002,0.0,9.2,この先制限速度なし,この先目立った勾配なし,先行列車なし,後続列車なし,0.0,次駅減速フェーズで先行列車なしにも関わらず低速13.3km/hの惰行を続けたため即reward0.0ルールに該当し、評価は0.0とした。
162.49999999999974,Train11,次駅への減速フェーズ（駅手前400m以内）,惰行中,6.5999999999999925,ブレーキ（減速）,1.0,70.0,70.0,13.219367695162902,21.8,81.72708224140735,17.500000000000256,8.31837405915083,0.0,9.2,この先制限速度なし,この先目立った勾配なし,先行列車なし,後続列車なし,0.0,次駅減速フェーズで低速惰行が続き停止位置達成が不可能なため、即reward0.0ルールに該当し0.0とした。
162.59999999999974,Train11,次駅への減速フェーズ（駅手前400m以内）,惰行中,6.699999999999992,ブレーキ（減速）,1.0,70.0,70.0,13.177053843813002,70.0,81.36052405808414,17.40000000000026,8.26530440150526,0.0,9.2,この先制限速度なし,この先目立った勾配なし,先行列車なし,後続列車なし,0.0,低速惰行がちんたら運転と判定され、即reward0.0ルールに該当するため0.0とした。
162.69999999999973,Train11,次駅への減速フェーズ（駅手前400m以内）,惰行中,6.799999999999992,ブレーキ（減速）,1.0,70.0,70.0,13.134745775665548,70.0,80.99514117114381,17.300000000000267,8.21241106284304,0.0,9.2,この先制限速度なし,この先目立った勾配なし,先行列車なし,後続列車なし,0.0,低速13.1km/hで先行列車なしの減速フェーズで惰行を続け、さらにブレーキ→惰行のノコギリ運転が7秒未満で発生したため、即時0点規則が適用された。
162.79999999999973,Train11,次駅への減速フェーズ（駅手前400m以内）,惰行中,6.8999999999999915,ブレーキ（減速）,1.0,70.0,70.0,13.092443482100405,70.0,80.63093342008543,17.200000000000273,8.159693970205444,0.0,9.2,この先制限速度なし,この先目立った勾配なし,先行列車なし,後続列車なし,0.0,低速13.1km/hで惰行し続け、次駅減速フェーズで遅延を増大させるちんたら運転と判定し即0点とした。
162.89999999999972,Train11,次駅への減速フェーズ（駅手前400m以内）,惰行中,6.999999999999991,ブレーキ（減速）,1.0,70.0,70.0,13.05014695450182,70.0,80.2679006446283,17.10000000000028,8.107153050774318,0.0,9.2,この先制限速度なし,この先目立った勾配なし,先行列車なし,後続列車なし,0.0,低速13.1km/hで惰行し続け、先行列車不在の減速フェーズで停車遅延リスクが高く即reward0.0ルールに該当。
162.99999999999972,Train11,次駅への減速フェーズ（駅手前400m以内）,惰行中,7.099999999999991,ブレーキ（減速）,1.0,70.0,70.0,13.007856184258419,23.3,79.90604268473334,17.000000000000284,8.054788231871987,0.0,9.2,この先制限速度なし,この先目立った勾配なし,先行列車なし,後続列車なし,0.0,次駅減速フェーズで先行列車なしの低速惰行はちんたら運転とみなされ、即時0点規則が適用されたためrewardは0.0となる。
163.0999999999997,Train11,次駅への減速フェーズ（駅手前400m以内）,惰行中,7.19999999999999,ブレーキ（減速）,1.0,70.0,70.0,12.965571162763196,23.3,79.54535938060658,16.90000000000029,8.002599428867317,0.0,9.2,この先制限速度なし,この先目立った勾配なし,先行列車なし,後続列車なし,0.0,次駅減速フェーズで先行列車なしの状態で13km/hの低速惰行を続けたため、ちんたら運転と判定され即reward0.0ルールが適用された。
163.1999999999997,Train11,次駅への減速フェーズ（駅手前400m以内）,惰行中,7.29999999999999,ブレーキ（減速）,1.0,70.0,70.0,12.923291881413501,26.7,79.18585057269567,16.800000000000296,7.950586584033942,0.0,9.2,この先制限速度なし,この先目立った勾配なし,先行列車なし,後続列車なし,0.0,先行列車なしの減速フェーズで12.9km/hの低速惰行はちんたら運転とみなされ、即時0点規則に該当するためrewardは0.0とした。
163.2999999999997,Train11,次駅への減速フェーズ（駅手前400m以内）,惰行中,7.39999999999999,ブレーキ（減速）,1.0,70.0,70.0,12.881018331611042,24.4,78.8275161016827,16.7000000000003,7.898749628380699,0.0,9.2,この先制限速度なし,この先目立った勾配なし,先行列車なし,後続列車なし,0.0,低速で惰行し続けているため次駅減速フェーズでのちんたら運転と判定し、即reward0.0ルールに該当した。
163.3999999999997,Train11,次駅への減速フェーズ（駅手前400m以内）,惰行中,7.499999999999989,ブレーキ（減速）,1.0,70.0,70.0,12.838750504761867,24.0,78.47035580848427,16.600000000000307,7.84708848974788,0.0,9.2,この先制限速度なし,この先目立った勾配なし,先行列車なし,後続列車なし,0.0,次駅減速フェーズで先行列車なしの低速12.8km/h惰行はちんたら運転と判定され、即reward0.0ルールに該当するため評価は0.0とした。
163.4999999999997,Train11,次駅への減速フェーズ（駅手前400m以内）,惰行中,7.599999999999989,ブレーキ（減速）,1.0,70.0,70.0,12.796488392276371,25.5,78.1143695342621,16.500000000000313,7.795603096115675,0.0,9.2,この先制限速度なし,この先目立った勾配なし,先行列車なし,後続列車なし,0.0,次駅減速フェーズで先行列車なしの低速惰行はちんたら運転とみなされ、即reward0.0ルールに該当するため評価は0.0。
163.59999999999968,Train11,次駅への減速フェーズ（駅手前400m以内）,惰行中,7.699999999999989,ブレーキ（減速）,1.0,70.0,70.0,12.754231985569275,25.8,77.75955712041949,16.40000000000032,7.744293375604047,0.0,9.2,この先制限速度なし,この先目立った勾配なし,先行列車なし,後続列車なし,0.0,次駅減速フェーズで先行列車なしにも関わらず低速12.8km/hで惰行を続け、停止位置へ向かうちんたら運転と判定されたため即時0点とした。
163.69999999999968,Train11,次駅への減速フェーズ（駅手前400m以内）,惰行中,7.799999999999988,ブレーキ（減速）,1.0,70.0,70.0,12.711981276059618,26.2,77.40591840859423,16.300000000000324,7.693159243342795,0.0,9.2,この先制限速度なし,この先目立った勾配なし,先行列車なし,後続列車なし,0.0,次駅減速フェーズで先行列車なしにも関わらず12.7km/hの低速惰行を続けたため、即時0点ルールに該当し0.0とした。
163.79999999999967,Train11,次駅への減速フェーズ（駅手前400m以内）,惰行中,7.899999999999988,ブレーキ（減速）,1.0,70.0,70.0,12.66973625517077,26.1,77.0534532406586,16.20000000000033,7.642200644976551,0.0,9.2,この先制限速度なし,この先目立った勾配なし,先行列車なし,後続列車なし,0.0,先行列車がいないにも関わらず、速度12.7km/hと低速で惰行を続け、ブレーキ未実施のまま停止位置へ向かうちんたら運転は即0点規則に該当し、rewardは0.0とした。
163.89999999999966,Train11,次駅への減速フェーズ（駅手前400m以内）,惰行中,7.999999999999988,ブレーキ（減速）,1.0,70.0,70.0,12.627496914330395,70.0,76.70216145872999,16.100000000000335,7.5914175107581885,0.0,9.2,この先制限速度なし,この先目立った勾配なし,先行列車なし,後続列車なし,0.0,次駅減速フェーズで先行列車なしにも関わらず12.6km/hの低速惰行を続けたため即reward0.0ルールの「ちんたら運転」に該当し、評価は0.0とした。
163.99999999999966,Train11,次駅への減速フェーズ（駅手前400m以内）,惰行中,8.099999999999987,ブレーキ（減速）,1.0,70.0,70.0,12.585263244970465,70.0,76.35204290515674,16.00000000000034,7.540809769323039,0.0,9.2,この先制限速度なし,この先目立った勾配なし,先行列車なし,後続列車なし,0.0,次駅減速フェーズで先行列車なしにも関わらず12.6km/hの低速惰行を続けたため、即時0点ルールが適用され0.0とした。
164.09999999999965,Train11,次駅への減速フェーズ（駅手前400m以内）,惰行中,8.199999999999987,ブレーキ（減速）,1.0,70.0,70.0,12.543035238527246,70.0,76.00309742252165,15.900000000000347,7.490377349445686,0.0,9.2,この先制限速度なし,この先目立った勾配なし,先行列車なし,後続列車なし,0.0,低速(12.5km/h)で惰行し続け、先行列車が不在の状態で停止位置へ向かうちんたら運転と判定し、即時0点とした。
164.19999999999965,Train11,次駅への減速フェーズ（駅手前400m以内）,惰行中,8.299999999999986,ブレーキ（減速）,1.0,70.0,70.0,12.500812886441294,70.0,75.65532485367044,15.800000000000352,7.440120180039793,0.0,9.2,この先制限速度なし,この先目立った勾配なし,先行列車なし,後続列車なし,0.0,次駅減速フェーズで先行列車なしにも関わらず12.5km/hの低速惰行を続けたため、ちんたら運転と判定し即時0点とした。
164.29999999999964,Train11,次駅への減速フェーズ（駅手前400m以内）,惰行中,8.399999999999986,ブレーキ（減速）,1.0,70.0,70.0,12.458596180157446,70.0,75.30872504165842,15.700000000000358,7.390038176090088,0.0,9.2,この先制限速度なし,この先目立った勾配なし,先行列車なし,後続列車なし,0.0,次駅減速フェーズで先行列車なしの低速12.5km/hで惰行を続けたため、即zeroルールのちんたら運転に該当し、rewardは0.0とした。
164.39999999999964,Train11,次駅への減速フェーズ（駅手前400m以内）,惰行中,8.499999999999986,ブレーキ（減速）,1.0,70.0,70.0,12.416385111124798,70.0,74.9632978297825,15.600000000000364,7.3401312863829125,0.0,9.2,この先制限速度なし,この先目立った勾配なし,先行列車なし,後続列車なし,0.0,次駅減速フェーズで先行列車なしにも関わらず低速12.4km/hの惰行がちんたら運転と判定され、即時0点ルールに該当したためreward=0.0とした。
164.49999999999963,Train11,次駅への減速フェーズ（駅手前400m以内）,惰行中,8.599999999999985,ブレーキ（減速）,1.0,70.0,70.0,12.374179670796725,70.0,74.61904306159184,15.50000000000037,7.290399440538951,0.0,9.2,この先制限速度なし,この先目立った勾配なし,先行列車なし,後続列車なし,0.0,低速12.4km/hで惰行を続けるちんたら運転と判定され、即座に0点とする。
164.59999999999962,Train11,次駅への減速フェーズ（駅手前400m以内）,惰行中,8.699999999999985,ブレーキ（減速）,1.0,70.0,70.0,12.331979850630855,70.0,74.27596058085584,15.400000000000375,7.240842567984689,0.0,9.2,この先制限速度なし,この先目立った勾配なし,先行列車なし,後続列車なし,0.0,次駅減速フェーズで低速12.3km/hの惰行はちんたら運転とみなされ、即reward0.0ルールに該当し遅延増大の危険があるため0.0点。
164.69999999999962,Train11,次駅への減速フェーズ（駅手前400m以内）,惰行中,8.799999999999985,ブレーキ（減速）,1.0,70.0,70.0,12.289785642089065,25.9,73.93405023159971,15.30000000000038,7.191460598285165,0.0,9.2,この先制限速度なし,この先目立った勾配なし,先行列車なし,後続列車なし,0.0,次駅減速フェーズで先行列車不在にも関わらず速度12.3km/hのまま惰行し続ける『ちんたら運転』が即時0点規則に該当するため、rewardは0.0とした。
164.7999999999996,Train11,次駅への減速フェーズ（駅手前400m以内）,惰行中,8.899999999999984,ブレーキ（減速）,1.0,70.0,70.0,12.247597036637478,25.9,73.59331185806539,15.200000000000387,7.142253460172652,0.0,9.2,この先制限速度なし,この先目立った勾配なし,先行列車なし,後続列車なし,0.0,次駅減速フェーズで先行列車なしの状態で速度12.2km/h（<25km/h）で惰行を続けたため「ちんたら運転」と判定され、即reward0.0ルールが適用された。
164.8999999999996,Train11,次駅への減速フェーズ（駅手前400m以内）,惰行中,8.999999999999984,ブレーキ（減速）,1.0,70.0,70.0,12.20541402574645,25.8,73.25374530474349,15.100000000000392,7.093221071487018,0.0,9.2,この先制限速度なし,この先目立った勾配なし,先行列車なし,後続列車なし,0.0,次駅減速フェーズで先行列車なしの低速12.2km/hで惰行を続けたため、ちんたら運転と判定し即時0点とした。
164.9999999999996,Train11,次駅への減速フェーズ（駅手前400m以内）,惰行中,9.099999999999984,ブレーキ（減速）,1.0,70.0,70.0,12.163236600890567,25.8,72.91535041636621,15.000000000000398,7.044363381028678,0.0,9.2,この先制限速度なし,この先目立った勾配なし,先行列車なし,後続列車なし,0.0,次駅減速フェーズで先行列車なし、速度12.2km/hのまま惰行を続け低速で停止位置へ向かうちんたら運転と判定し、即reward0.0ルールが適用されたため0.0点とした。
165.0999999999996,Train11,次駅への減速フェーズ（駅手前400m以内）,惰行中,9.199999999999983,ブレーキ（減速）,1.0,70.0,70.0,12.12106475354864,25.8,72.57812703788957,14.900000000000404,6.995680318873381,0.0,9.2,この先制限速度なし,この先目立った勾配なし,先行列車なし,後続列車なし,0.0,次駅減速フェーズで先行列車なしにも関わらず12.1km/hの低速惰行を続け、停止位置へ到達できず遅延が確実なため即reward0.0と判定した。
165.1999999999996,Train11,次駅への減速フェーズ（駅手前400m以内）,惰行中,9.299999999999983,ブレーキ（減速）,1.0,70.0,70.0,12.078898475203687,70.0,72.24207501451829,14.80000000000041,6.947171815234862,0.0,9.2,この先制限速度なし,この先目立った勾配なし,先行列車なし,後続列車なし,0.0,低速(12.1km/h)で惰行し続けることは次駅減速フェーズでのちんたら運転とみなされ、即時0点規則に該当するためrewardは0.0。
165.29999999999959,Train11,次駅への減速フェーズ（駅手前400m以内）,惰行中,9.399999999999983,ブレーキ（減速）,1.0,70.0,70.0,12.036737757342934,70.0,71.90719419168445,14.700000000000415,6.898837800464752,0.0,9.2,この先制限速度なし,この先目立った勾配なし,先行列車なし,後続列車なし,0.0,次駅減速フェーズで先行列車なしの低速惰行はちんたら運転とみなされ、即時0点規則に該当するためreward=0.0とした。
165.39999999999958,Train11,次駅への減速フェーズ（駅手前400m以内）,惰行中,9.499999999999982,ブレーキ（減速）,1.0,70.0,70.0,11.994582591457815,70.0,71.57348441506173,14.60000000000042,6.850678202889976,0.0,9.2,この先制限速度なし,この先目立った勾配なし,先行列車なし,後続列車なし,0.0,次駅減速フェーズで低速12km/hのまま惰行を続け、停止距離が遠くブレーキ未実施のため即時ゼロルールが適用される。
165.49999999999957,Train11,次駅への減速フェーズ（駅手前400m以内）,惰行中,9.599999999999982,ブレーキ（減速）,1.0,70.0,70.0,11.952432969043945,70.0,71.24094553055471,14.500000000000426,6.802692943945799,0.0,9.2,この先制限速度なし,この先目立った勾配なし,先行列車なし,後続列車なし,0.0,次駅減速フェーズで先行列車なしにも関わらず12km/hの低速惰行を続け、即時0点ルールに該当するためrewardは0.0とした。
165.59999999999957,Train11,次駅への減速フェーズ（駅手前400m以内）,惰行中,9.699999999999982,ブレーキ（減速）,1.0,70.0,70.0,11.910288881601133,70.0,70.90957738431669,14.400000000000432,6.754881971586303,0.0,9.2,この先制限速度なし,この先目立った勾配なし,先行列車なし,後続列車なし,0.0,次駅減速フェーズで先行列車なしの低速惰行はちんたら運転とみなされ、即時0点規則に該当するためrewardは0.0。
165.69999999999956,Train11,次駅への減速フェーズ（駅手前400m以内）,惰行中,9.799999999999981,ブレーキ（減速）,1.0,70.0,70.0,11.868150320633367,70.0,70.57937982272122,14.300000000000438,6.707245216671322,0.0,9.2,この先制限速度なし,この先目立った勾配なし,先行列車なし,後続列車なし,0.0,次駅減速フェーズで先行列車なしにも関わらず低速11.9km/hで惰行し続けたため、即reward0.0ルールのちんたら運転に該当し0.0点とした。
165.79999999999956,Train11,次駅への減速フェーズ（駅手前400m以内）,惰行中,9.89999999999998,ブレーキ（減速）,1.0,70.0,70.0,11.82601727764879,70.0,70.250352692387,14.200000000000443,6.65978261019801,0.0,9.2,この先制限速度なし,この先目立った勾配なし,先行列車なし,後続列車なし,0.0,低速(11.8km/h)で惰行し続け、次駅までの距離と残時間から停止位置達成が不可能なため即時0点ルールが適用された。
165.89999999999955,Train11,次駅への減速フェーズ（駅手前400m以内）,惰行中,9.99999999999998,ブレーキ（減速）,1.0,70.0,70.0,11.78388974415973,70.0,69.92249584016363,14.100000000000449,6.612494083300784,0.0,9.2,この先制限速度なし,この先目立った勾配なし,先行列車なし,後続列車なし,0.0,次駅減速フェーズで先行列車なしの低速(11.8km/h)惰行はちんたら運転と判定され、即reward0.0ルールに該当するため0.0とした。
165.99999999999955,Train11,次駅への減速フェーズ（駅手前400m以内）,惰行中,10.09999999999998,ブレーキ（減速）,1.0,70.0,70.0,11.741767711682657,70.0,69.59580911314234,14.000000000000455,6.565379564003385,0.0,9.2,この先制限速度なし,この先目立った勾配なし,先行列車なし,後続列車なし,0.0,次駅減速フェーズで先行列車なしの低速11.7km/hで惰行を続け、ブレーキ未実施のためちんたら運転と判定し即時0点とした。
166.09999999999954,Train11,次駅への減速フェーズ（駅手前400m以内）,惰行中,10.19999999999998,ブレーキ（減速）,1.0,70.0,70.0,11.69965117173819,70.0,69.27029235864524,13.90000000000046,6.51843897709206,0.0,9.2,この先制限速度なし,この先目立った勾配なし,先行列車なし,後続列車なし,0.0,低速で惰行し続け、先行列車不在の減速フェーズで停止位置に遅れが生じるため即時0点ルールが適用され、rewardは0.0とした。
166.19999999999953,Train11,次駅への減速フェーズ（駅手前400m以内）,惰行中,10.29999999999998,ブレーキ（減速）,1.0,70.0,70.0,11.657540115851099,70.0,68.94594542423604,13.800000000000466,6.471672269805667,0.0,9.2,この先制限速度なし,この先目立った勾配なし,先行列車なし,後続列車なし,0.0,次駅減速フェーズで先行列車なしの低速(11.7km/h)惰行はちんたら運転とみなされ即時0点規則に該当するためrewardは0.0とした。
166.29999999999953,Train11,次駅への減速フェーズ（駅手前400m以内）,惰行中,10.399999999999979,ブレーキ（減速）,1.0,70.0,70.0,11.61543453555028,70.0,68.62276815770585,13.700000000000472,6.425079373784322,0.0,9.2,この先制限速度なし,この先目立った勾配なし,先行列車なし,後続列車なし,0.0,次駅減速フェーズで低速惰行を続けブレーキせず、ちんたら運転と判定されたため即reward0.0ルールが適用された。
166.39999999999952,Train11,次駅への減速フェーズ（駅手前400m以内）,惰行中,10.499999999999979,ブレーキ（減速）,1.0,70.0,70.0,11.573334422368765,70.0,68.30076040707311,13.600000000000477,6.378660220804843,0.0,9.2,この先制限速度なし,この先目立った勾配なし,先行列車なし,後続列車なし,0.0,次駅減速フェーズで先行列車なしの低速11.6km/hで惰行を続け、ブレーキ未実施のためちんたら運転と判定し即時0点規則が適用された。
166.49999999999952,Train11,次駅への減速フェーズ（駅手前400m以内）,惰行中,10.599999999999978,ブレーキ（減速）,1.0,70.0,70.0,11.531239767843697,70.0,67.9799220206263,13.500000000000483,6.332414742780629,0.0,9.2,この先制限速度なし,この先目立った勾配なし,先行列車なし,後続列車なし,0.0,次駅減速フェーズで低速惰行を続け、ブレーキ未実施のため即時ゼロ規則(ちんたら運転)が適用され、rewardは0.0となる。
166.5999999999995,Train11,次駅への減速フェーズ（駅手前400m以内）,惰行中,10.699999999999978,ブレーキ（減速）,1.0,70.0,70.0,11.489150563516338,70.0,67.66025284684574,13.400000000000489,6.286342867528198,0.0,9.2,この先制限速度なし,この先目立った勾配なし,先行列車なし,後続列車なし,0.0,次駅減速フェーズで先行列車不在にも関わらず11.5km/hの低速惰行はちんたら運転とみなされ即時0点規則に該当するためrewardは0.0。
166.6999999999995,Train11,次駅への減速フェーズ（駅手前400m以内）,惰行中,10.799999999999978,ブレーキ（減速）,1.0,70.0,70.0,11.447066800932054,70.0,67.34175273447107,13.300000000000495,6.240444522953321,0.0,9.2,この先制限速度なし,この先目立った勾配なし,先行列車なし,後続列車なし,0.0,次駅減速フェーズで先行列車なしにも関わらず低速(11.4km/h)で惰行を続けたため即reward0.0ルールに該当し、評価は0.0とした。
166.7999999999995,Train11,次駅への減速フェーズ（駅手前400m以内）,惰行中,10.899999999999977,ブレーキ（減速）,1.0,70.0,70.0,11.404988471640317,70.0,67.02442153247645,13.2000000000005,6.19471965570414,0.0,9.2,この先制限速度なし,この先目立った勾配なし,先行列車なし,後続列車なし,0.0,低速(11.4km/h)で惰行を続け、先行列車なしの次駅減速フェーズでちんたら運転と判断し即時0点とした。
166.8999999999995,Train11,次駅への減速フェーズ（駅手前400m以内）,惰行中,10.999999999999977,ブレーキ（減速）,1.0,70.0,70.0,11.362915567194683,70.0,66.70825909005984,13.100000000000506,6.149168198197319,0.0,9.2,この先制限速度なし,この先目立った勾配なし,先行列車なし,後続列車なし,0.0,次駅減速フェーズで先行列車なしにも関わらず低速惰行を続けており、ちんたら運転と判定されたため即時0点とした。
166.9999999999995,Train11,次駅への減速フェーズ（駅手前400m以内）,惰行中,11.099999999999977,ブレーキ（減速）,1.0,70.0,70.0,11.320848079152787,70.0,66.39326525665723,13.000000000000512,6.103790082985565,0.0,9.2,この先制限速度なし,この先目立った勾配なし,先行列車なし,後続列車なし,0.0,先行列車なしで速度11.3km/hのまま惰行を続け、次駅減速フェーズで低速ちんたら運転となり即時0点と判断した。
167.09999999999948,Train11,次駅への減速フェーズ（駅手前400m以内）,惰行中,11.199999999999976,ブレーキ（減速）,1.0,70.0,70.0,11.278785999076357,70.0,66.0794398819533,12.900000000000517,6.058585242757561,0.0,9.2,この先制限速度なし,この先目立った勾配なし,先行列車なし,後続列車なし,0.0,次駅減速フェーズで先行列車なしにも関わらず11 km/hの低速惰行を続けたため即reward0.0ルールの「ちんたら運転」に該当し、評価は0.0とした。
167.19999999999948,Train11,次駅への減速フェーズ（駅手前400m以内）,惰行中,11.299999999999976,ブレーキ（減速）,1.0,70.0,70.0,11.23672931853118,70.0,65.76678281585302,12.800000000000523,6.013553605212795,0.0,9.2,この先制限速度なし,この先目立った勾配なし,先行列車なし,後続列車なし,0.0,低速(11.2km/h)の惰行が次駅減速フェーズで続き、先行列車不在にも関わらず停止位置に届かず、即時0点規則に該当するためreward=0.0とした。
167.29999999999947,Train11,次駅への減速フェーズ（駅手前400m以内）,惰行中,11.399999999999975,ブレーキ（減速）,1.0,70.0,70.0,11.194678029087111,70.0,65.4552939084958,12.700000000000529,5.968695101157081,0.0,9.2,この先制限速度なし,この先目立った勾配なし,先行列車なし,後続列車なし,0.0,先行列車なしで速度11.2km/hの惰行が続き、低速で停車位置へ向かうちんたら運転と判定されたため、即時0.0とした。
167.39999999999947,Train11,次駅への減速フェーズ（駅手前400m以内）,惰行中,11.499999999999975,ブレーキ（減速）,1.0,70.0,70.0,11.152632122318057,70.0,65.14497301025557,12.600000000000534,5.924009676766247,0.0,9.2,この先制限速度なし,この先目立った勾配なし,先行列車なし,後続列車なし,0.0,次駅減速フェーズで先行列車なしにも関わらず11.2km/hの低速惰行を続けたため、即reward0.0ルールの「ちんたら運転」に該当し0点とした。
167.49999999999946,Train11,次駅への減速フェーズ（駅手前400m以内）,惰行中,11.599999999999975,ブレーキ（減速）,1.0,70.0,70.0,11.11059158980198,70.0,64.83581997174781,12.50000000000054,5.879497265229805,0.0,9.2,この先制限速度なし,この先目立った勾配なし,先行列車なし,後続列車なし,0.0,次駅減速フェーズで先行列車不在にも関わらず低速11.1km/hの惰行はちんたら運転と判定され、即時0点規則に該当するためreward=0.0とした。
167.59999999999945,Train11,次駅への減速フェーズ（駅手前400m以内）,惰行中,11.699999999999974,ブレーキ（減速）,1.0,70.0,70.0,11.068556423120874,70.0,64.52783464381184,12.400000000000546,5.835157799872664,0.0,9.2,この先制限速度なし,この先目立った勾配なし,先行列車なし,後続列車なし,0.0,次駅減速フェーズで先行列車不在にも関わらず速度11.1km/hの低速惰行を続け、停止位置へ向かう遅延運転（ちんたら運転）に該当するため即時0点とした。
167.69999999999945,Train11,次駅への減速フェーズ（駅手前400m以内）,惰行中,11.799999999999974,ブレーキ（減速）,1.0,70.0,70.0,11.026526613860785,70.0,64.22101687752857,12.300000000000551,5.790991214155082,0.0,9.2,この先制限速度なし,この先目立った勾配なし,先行列車なし,後続列車なし,0.0,次駅減速フェーズで先行列車なしの低速惰行はちんたら運転とみなされ、required_speed未達で停車位置も確保できないため即reward0.0と判断した。
167.79999999999944,Train11,次駅への減速フェーズ（駅手前400m以内）,惰行中,11.899999999999974,ブレーキ（減速）,1.0,70.0,70.0,10.98450215361177,70.0,63.91536652419916,12.200000000000557,5.746997435744412,0.0,9.2,この先制限速度なし,この先目立った勾配なし,先行列車なし,後続列車なし,0.0,次駅減速フェーズで先行列車なしにも関わらず、現在速度11km/hのまま惰行を続けるちんたら運転は即0点対象であり、rewardは0.0とする。
167.89999999999944,Train11,次駅への減速フェーズ（駅手前400m以内）,惰行中,11.999999999999973,ブレーキ（減速）,1.0,70.0,70.0,10.942483033967914,70.0,63.61088343538057,12.100000000000563,5.703176398138169,0.0,9.2,この先制限速度なし,この先目立った勾配なし,先行列車なし,後続列車なし,0.0,次駅減速フェーズで先行列車なしの低速惰行はちんたら運転とみなされ、即0点規則に該当するためreward=0.0とした。
167.99999999999943,Train11,次駅への減速フェーズ（駅手前400m以内）,惰行中,12.099999999999973,ブレーキ（減速）,1.0,70.0,70.0,10.900469246527315,70.0,63.30756746284649,12.000000000000568,5.65952804715259,0.0,9.2,この先制限速度なし,この先目立った勾配なし,先行列車なし,後続列車なし,0.0,次駅減速フェーズで先行列車なしにも関わらず低速10.9km/hで惰行を続け、ブレーキ未実施の「ちんたら運転」と判断されたため即時0点とした。
168.09999999999943,Train11,次駅への減速フェーズ（駅手前400m以内）,惰行中,12.199999999999973,ブレーキ（減速）,1.0,70.0,70.0,10.858460782892081,70.0,63.00541845860508,11.900000000000574,5.616052316746361,0.0,9.2,この先制限速度なし,この先目立った勾配なし,先行列車なし,後続列車なし,0.0,次駅減速フェーズで先行列車なしにも関わらず10.9km/hの低速惰行を続け、停車位置への遅延が生じるため即時0点規則に該当し、rewardは0.0とした。
168.19999999999942,Train11,次駅への減速フェーズ（駅手前400m以内）,惰行中,12.299999999999972,ブレーキ（減速）,1.0,70.0,70.0,10.81645763466831,70.0,62.704436274909625,11.80000000000058,5.572749141012956,0.0,9.2,この先制限速度なし,この先目立った勾配なし,先行列車なし,後続列車なし,0.0,低速(10.8km/h)で惰行し続けることは次駅減速フェーズでのちんたら運転とみなされ、即reward0.0ルールに該当するため評価は0.0となる。
168.29999999999941,Train11,次駅への減速フェーズ（駅手前400m以内）,惰行中,12.399999999999972,ブレーキ（減速）,1.0,70.0,70.0,10.774459793466104,70.0,62.404620764230145,11.700000000000585,5.5296184541805475,0.0,9.2,この先制限速度なし,この先目立った勾配なし,先行列車なし,後続列車なし,0.0,次駅減速フェーズで先行列車不在にも関わらず低速10.8km/hで惰行を続けたため、ちんたら運転と判定し即時0点とした。
168.3999999999994,Train11,次駅への減速フェーズ（駅手前400m以内）,惰行中,12.499999999999972,ブレーキ（減速）,1.0,70.0,70.0,10.732467250899541,70.0,62.10597177928179,11.600000000000591,5.486660183964366,0.0,9.2,この先制限速度なし,この先目立った勾配なし,先行列車なし,後続列車なし,0.0,先行列車なしで速度10.7km/hの低速惰行が停止位置へ向かうちんたら運転と判定され、即reward0.0ルールに該当したため0.0点とした。
168.4999999999994,Train11,次駅への減速フェーズ（駅手前400m以内）,惰行中,12.599999999999971,ブレーキ（減速）,1.0,70.0,70.0,10.690479998586689,70.0,61.80848917301063,11.500000000000597,5.443874266355527,0.0,9.2,この先制限速度なし,この先目立った勾配なし,先行列車なし,後続列車なし,0.0,低速(10.7km/h)で惰行し続けるちんたら運転は即reward0.0ルールに該当し、停止位置への適切なブレーキが行われていないため評価は0.0とした。
168.5999999999994,Train11,次駅への減速フェーズ（駅手前400m以内）,惰行中,12.69999999999997,ブレーキ（減速）,1.0,70.0,70.0,10.64849802814957,70.0,61.512172798579456,11.400000000000603,5.401260646918156,0.0,9.2,この先制限速度なし,この先目立った勾配なし,先行列車なし,後続列車なし,0.0,次駅減速フェーズで先行列車なしにも関わらず、速度10.6km/hの低速惰行が続きブレーキ未実施のため即時ゼロ規則（ちんたら運転）に該当し、rewardは0.0とした。
168.6999999999994,Train11,次駅への減速フェーズ（駅手前400m以内）,惰行中,12.79999999999997,ブレーキ（減速）,1.0,70.0,70.0,10.606521331214187,70.0,61.21702250940686,11.300000000000608,5.358819260376504,0.0,9.2,この先制限速度なし,この先目立った勾配なし,先行列車なし,後続列車なし,0.0,次駅減速フェーズで先行列車不在にも関わらず低速惰行を続けたため、即reward0.0ルールに該当し0点とした。
168.7999999999994,Train11,次駅への減速フェーズ（駅手前400m以内）,惰行中,12.89999999999997,ブレーキ（減速）,1.0,70.0,70.0,10.564549899410494,70.0,60.92303815914235,11.200000000000614,5.316550041588993,0.0,9.2,この先制限速度なし,この先目立った勾配なし,先行列車なし,後続列車なし,0.0,低速（10.6km/h）で惰行し続け、先行列車なしの減速フェーズで停止位置へ向かう「ちんたら運転」と判定されたため0.0とした。
168.89999999999938,Train11,次駅への減速フェーズ（駅手前400m以内）,惰行中,12.99999999999997,ブレーキ（減速）,1.0,70.0,70.0,10.522583724372392,70.0,60.630219601648605,11.10000000000062,5.2744529255481245,0.0,9.2,この先制限速度なし,この先目立った勾配なし,先行列車なし,後続列車なし,0.0,次駅減速フェーズで先行列車なしにも関わらず低速10.5km/hの惰行を続け、ブレーキ未実施のため「ちんたら運転」と判定し即時0点とした。
168.99999999999937,Train11,次駅への減速フェーズ（駅手前400m以内）,惰行中,13.09999999999997,ブレーキ（減速）,1.0,70.0,70.0,10.48062279773773,70.0,60.338566691033435,11.000000000000625,5.23252784009254,0.0,9.2,この先制限速度なし,この先目立った勾配なし,先行列車なし,後続列車なし,0.0,先行列車なしで低速10.5km/hの惰行が続き、停止位置へ向かうちんたら運転のため即0点と判断。
169.09999999999937,Train11,次駅への減速フェーズ（駅手前400m以内）,惰行中,13.199999999999969,ブレーキ（減速）,1.0,70.0,70.0,10.438667111148291,70.0,60.048079281642686,10.900000000000631,5.190774723518219,0.0,9.2,この先制限速度なし,この先目立った勾配なし,先行列車なし,後続列車なし,0.0,次駅減速フェーズで先行列車なしの低速10.4km/hの惰行はちんたら運転と判定され、即reward0.0ルールに該当するため評価は0.0とした。
169.19999999999936,Train11,次駅への減速フェーズ（駅手前400m以内）,惰行中,13.299999999999969,ブレーキ（減速）,1.0,70.0,70.0,10.39671665624979,70.0,59.75875722804247,10.800000000000637,5.1491935212399,0.0,9.2,この先制限速度なし,この先目立った勾配なし,先行列車なし,後続列車なし,0.0,先行列車なしで速度10.4km/hの惰行が続き、低速で停止位置へ向かうちんたら運転と判定されたため即時0点とした。
169.29999999999936,Train11,次駅への減速フェーズ（駅手前400m以内）,惰行中,13.399999999999968,ブレーキ（減速）,1.0,70.0,70.0,10.354771424691862,70.0,59.47060038503693,10.700000000000642,5.1077841687438035,0.0,9.2,この先制限速度なし,この先目立った勾配なし,先行列車なし,後続列車なし,0.0,次駅減速フェーズで先行列車なしにも関わらず10km/h以下で惰行を続け、停止位置へ向かうちんたら運転と判断され、即時0点規則によりreward=0.0とした。
169.39999999999935,Train11,次駅への減速フェーズ（駅手前400m以内）,惰行中,13.499999999999968,ブレーキ（減速）,1.0,70.0,70.0,10.312831408128059,70.0,59.183608607650484,10.600000000000648,5.06654660164974,0.0,9.2,この先制限速度なし,この先目立った勾配なし,先行列車なし,後続列車なし,0.0,先行列車なしで低速10.3km/hの惰行が続き、停止位置へ向かうちんたら運転と判定されたため即時0点とした。
169.49999999999935,Train11,次駅への減速フェーズ（駅手前400m以内）,惰行中,13.599999999999968,ブレーキ（減速）,1.0,70.0,70.0,10.270896598215838,70.0,58.89778175117044,10.500000000000654,5.0254807557109675,0.0,9.2,この先制限速度なし,この先目立った勾配なし,先行列車なし,後続列車なし,0.0,次駅減速フェーズで先行列車なしにも関わらず、速度10.3km/hの低速惰行で停止位置へ進むため、即reward0.0ルールの「ちんたら運転」に該当し、評価は0.0とした。
169.59999999999934,Train11,次駅への減速フェーズ（駅手前400m以内）,惰行中,13.699999999999967,ブレーキ（減速）,1.0,70.0,70.0,10.22896698661656,70.0,58.61311967107952,10.40000000000066,4.984586558961046,0.0,9.2,この先制限速度なし,この先目立った勾配なし,先行列車なし,後続列車なし,0.0,次駅減速フェーズで先行列車なしの低速惰行はちんたら運転とみなされ即時0点と判定。
169.69999999999933,Train11,次駅への減速フェーズ（駅手前400m以内）,惰行中,13.799999999999967,ブレーキ（減速）,1.0,70.0,70.0,10.187042564995481,70.0,58.32962222310556,10.300000000000665,4.943863951820678,0.0,9.2,この先制限速度なし,この先目立った勾配なし,先行列車なし,後続列車なし,0.0,次駅減速フェーズで先行列車がいないにも関わらず低速10.2km/hのまま惰行を続けたため「ちんたら運転」と判定し、即時0点規則が適用された。
169.79999999999933,Train11,次駅への減速フェーズ（駅手前400m以内）,惰行中,13.899999999999967,ブレーキ（減速）,1.0,70.0,70.0,10.145123325021748,70.0,58.04728926322511,10.20000000000067,4.903312879653483,0.0,9.2,この先制限速度なし,この先目立った勾配なし,先行列車なし,後続列車なし,0.0,次駅減速フェーズで先行列車なしにも関わらず速度10.1km/hの惰行は『ちんたら運転』と判定され、即reward0.0ルールが適用されたため評価は0.0とした。
169.89999999999932,Train11,次駅への減速フェーズ（駅手前400m以内）,惰行中,13.999999999999966,ブレーキ（減速）,1.0,70.0,70.0,10.103209258368379,70.0,57.766120647617214,10.100000000000676,4.862933278704145,0.0,9.2,この先制限速度なし,この先目立った勾配なし,先行列車なし,後続列車なし,0.0,低速で惰行し続けるちんたら運転が即0点規則に該当したためrewardは0.0。
169.99999999999932,Train11,次駅への減速フェーズ（駅手前400m以内）,惰行中,14.099999999999966,ブレーキ（減速）,1.0,70.0,70.0,10.061300356712277,70.0,57.48611623270605,10.000000000000682,4.8227250853503225,0.0,9.2,この先制限速度なし,この先目立った勾配なし,先行列車なし,後続列車なし,0.0,次駅減速フェーズで先行列車なしにも関わらず低速10km/hのまま惰行を続けたため、即時0点ルールの『ちんたら運転』に該当し、rewardは0.0とした。
170.0999999999993,Train11,次駅への減速フェーズ（駅手前400m以内）,惰行中,14.199999999999966,ブレーキ（減速）,1.0,70.0,70.0,10.0193966117342,70.0,57.20727587515384,9.900000000000688,4.78268823610253,0.0,9.2,この先制限速度なし,この先目立った勾配なし,先行列車なし,後続列車なし,0.0,次駅減速フェーズで先行列車なしの低速10km/hの惰行はちんたら運転とみなされ、即時0点規則に該当するためreward=0.0とした。
170.1999999999993,Train11,次駅への減速フェーズ（駅手前400m以内）,惰行中,14.299999999999965,ブレーキ（減速）,1.0,70.0,70.0,9.977498015118778,70.0,56.92959943184661,9.800000000000693,4.74282265925708,0.0,9.2,この先制限速度なし,この先目立った勾配なし,先行列車なし,後続列車なし,0.0,低速(10km/h)で惰行を続け、required_speed70km/h未達のため次駅減速フェーズで遅延を招くちんたら運転と判定し即時0点とする。
170.2999999999993,Train11,次駅への減速フェーズ（駅手前400m以内）,惰行中,14.399999999999965,ブレーキ（減速）,1.0,70.0,70.0,9.935604558554482,70.0,56.653086759897775,9.7000000000007,4.7031282971870105,0.0,9.2,この先制限速度なし,この先目立った勾配なし,先行列車なし,後続列車なし,0.0,先行列車なしで速度9.9km/hのまま惰行を続け、低速で停止位置へ向かうちんたら運転に該当し即時0点ルールが適用されたためrewardは0.0とした。
170.3999999999993,Train11,次駅への減速フェーズ（駅手前400m以内）,惰行中,14.499999999999964,ブレーキ（減速）,1.0,70.0,70.0,9.893716233733638,70.0,56.37773771664811,9.600000000000705,4.663605095299138,0.0,9.2,この先制限速度なし,この先目立った勾配なし,先行列車なし,後続列車なし,0.0,次駅減速フェーズで先行列車なしにも関わらず9.9km/hの低速惰行を続けたため、即reward0.0ルールが適用され、評価は0.0となる。
170.4999999999993,Train11,次駅への減速フェーズ（駅手前400m以内）,惰行中,14.599999999999964,ブレーキ（減速）,1.0,70.0,70.0,9.851833032352411,70.0,56.103552159683545,9.50000000000071,4.624252990593118,0.0,9.2,この先制限速度なし,この先目立った勾配なし,先行列車なし,後続列車なし,0.0,次駅減速フェーズで先行列車なしにも関わらず低速9.9km/hの惰行はちんたら運転とみなされ、即reward0.0ルールに該当するため0.0とした。
170.59999999999928,Train11,次駅への減速フェーズ（駅手前400m以内）,惰行中,14.699999999999964,ブレーキ（減速）,1.0,70.0,70.0,9.809954946110793,70.0,55.830529946817364,9.400000000000716,4.585071920200973,0.0,9.2,この先制限速度なし,この先目立った勾配なし,先行列車なし,後続列車なし,0.0,次駅減速フェーズで先行列車なしの低速9.8km/hで惰行を続けたためちんたら運転と判定し、即reward0.0ルールが適用された。
170.69999999999928,Train11,次駅への減速フェーズ（駅手前400m以内）,惰行中,14.799999999999963,ブレーキ（減速）,1.0,70.0,70.0,9.7680819667126,70.0,55.55867093607958,9.300000000000722,4.546061821387,0.0,9.2,この先制限速度なし,この先目立った勾配なし,先行列車なし,後続列車なし,0.0,次駅減速フェーズで先行列車なしにも関わらず低速9.8km/hの惰行はちんたら運転とみなされ、即reward0.0ルールに該当するため評価は0.0点。
170.79999999999927,Train11,次駅への減速フェーズ（駅手前400m以内）,惰行中,14.899999999999963,ブレーキ（減速）,1.0,70.0,70.0,9.726214085865474,70.0,55.28797498574178,9.200000000000728,4.507222622774844,0.0,9.2,この先制限速度なし,この先目立った勾配なし,先行列車なし,後続列車なし,0.0,次駅減速フェーズで先行列車なしにも関わらず低速9.7km/hで惰行を続けたため「ちんたら運転」と判定し、即時0点ルールが適用された。
170.89999999999927,Train11,次駅への減速フェーズ（駅手前400m以内）,惰行中,14.999999999999963,ブレーキ（減速）,1.0,70.0,70.0,9.684351295280859,70.0,55.01844195431005,9.100000000000733,4.4685542685244775,0.0,9.2,この先制限速度なし,この先目立った勾配なし,先行列車なし,後続列車なし,0.0,次駅減速フェーズで先行列車なしにも関わらず低速9.7km/hの惰行はちんたら運転と判定され、即時0点規則に該当するためreward=0.0。
170.99999999999926,Train11,次駅への減速フェーズ（駅手前400m以内）,惰行中,15.099999999999962,ブレーキ（減速）,1.0,70.0,70.0,9.642493586674014,70.0,54.75007170051782,9.000000000000739,4.430056704176624,0.0,9.2,この先制限速度なし,この先目立った勾配なし,先行列車なし,後続列車なし,0.0,次駅減速フェーズで先行列車なしにも関わらず低速9.6km/hの惰行が続き、停止位置に間に合わず「ちんたら運転」と判定されたため即時0点とした。
171.09999999999926,Train11,次駅への減速フェーズ（駅手前400m以内）,惰行中,15.199999999999962,ブレーキ（減速）,1.0,70.0,70.0,9.600640951763989,70.0,54.482864083318816,8.900000000000745,4.39172986748246,0.0,9.2,この先制限速度なし,この先目立った勾配なし,先行列車なし,後続列車なし,0.0,次駅減速フェーズで先行列車なしの低速9.6km/hで惰行を続け、停止位置に間に合わず遅延が確実なため即0点とした。
171.19999999999925,Train11,次駅への減速フェーズ（駅手前400m以内）,惰行中,15.299999999999962,ブレーキ（減速）,1.0,70.0,70.0,9.558793382273628,70.0,54.216818961901225,8.80000000000075,4.353573696324944,0.0,9.2,この先制限速度なし,この先目立った勾配なし,先行列車なし,後続列車なし,0.0,次駅減速フェーズで先行列車なしにも関わらず速度9.6km/hの低速惰行が続き、即reward0.0ルールのちんたら運転に該当するため評価は0.0とした。
171.29999999999924,Train11,次駅への減速フェーズ（駅手前400m以内）,惰行中,15.399999999999961,ブレーキ（減速）,1.0,70.0,70.0,9.516950869929557,70.0,53.951936195691275,8.700000000000756,4.315588128718728,0.0,9.2,この先制限速度なし,この先目立った勾配なし,先行列車なし,後続列車なし,0.0,次駅減速フェーズで先行列車なしの低速惰行は即reward0.0ルールに該当し、遅延と安全性の観点から0.0と判断した。
171.39999999999924,Train11,次駅への減速フェーズ（駅手前400m以内）,惰行中,15.499999999999961,ブレーキ（減速）,1.0,70.0,70.0,9.47511340646218,70.0,53.688215644331905,8.600000000000762,4.277773093676451,0.0,9.2,この先制限速度なし,この先目立った勾配なし,先行列車なし,後続列車なし,0.0,低速で惰行し続けるちんたら運転が即reward0.0ルールに該当したため、rewardは0.0とした。
171.49999999999923,Train11,次駅への減速フェーズ（駅手前400m以内）,惰行中,15.59999999999996,ブレーキ（減速）,1.0,70.0,70.0,9.43328098360567,70.0,53.425657167714746,8.500000000000767,4.240128536985881,0.0,9.2,この先制限速度なし,この先目立った勾配なし,先行列車なし,後続列車なし,0.0,次駅減速フェーズで先行列車なしにも関わらず低速9.4km/hの惰行がちんたら運転と判定され、即reward0.0ルールが適用されたため0.0とした。
171.59999999999923,Train11,次駅への減速フェーズ（駅手前400m以内）,惰行中,15.69999999999996,ブレーキ（減速）,1.0,70.0,70.0,9.391453593097962,70.0,53.16426062593749,8.400000000000773,4.2026544044091265,0.0,9.2,この先制限速度なし,この先目立った勾配なし,先行列車なし,後続列車なし,0.0,次駅減速フェーズで速度9.4km/hのまま惰行を続け、低速ちんたら運転と判定されたため即時0点とした。
171.69999999999922,Train11,次駅への減速フェーズ（駅手前400m以内）,惰行中,15.79999999999996,ブレーキ（減速）,1.0,70.0,70.0,9.349631226680756,70.0,52.9040258793394,8.300000000000779,4.165350634445488,0.0,9.2,この先制限速度なし,この先目立った勾配なし,先行列車なし,後続列車なし,0.0,低速(9.3km/h)で惰行し続け、先行列車なしで停止位置へ向かうため「ちんたら運転」と判定し即時0点規則が適用された。
171.79999999999922,Train11,次駅への減速フェーズ（駅手前400m以内）,惰行中,15.89999999999996,ブレーキ（減速）,1.0,70.0,70.0,9.307813876099496,70.0,52.64495278849779,8.200000000000784,4.128217165725463,0.0,9.2,この先制限速度なし,この先目立った勾配なし,先行列車なし,後続列車なし,0.0,低速で惰行し続けているため次駅減速フェーズの即0点ルールに該当し、停止位置も達成できず、rewardは0.0とする。
171.8999999999992,Train11,次駅への減速フェーズ（駅手前400m以内）,惰行中,15.99999999999996,ブレーキ（減速）,1.0,70.0,70.0,9.266001533103367,70.0,52.38704121419602,8.10000000000079,4.091253937010651,0.0,9.2,この先制限速度なし,この先目立った勾配なし,先行列車なし,後続列車なし,0.0,低速で惰行し続けるちんたら運転が即0点規則に該当し、停止位置も遠く遅延が予測されるためrewardは0.0。
171.9999999999992,Train11,次駅への減速フェーズ（駅手前400m以内）,惰行中,16.09999999999996,ブレーキ（減速）,1.0,70.0,70.0,9.224194189445292,70.0,52.13029101747324,8.000000000000796,4.0544608777618585,0.0,9.2,この先制限速度なし,この先目立った勾配なし,先行列車なし,後続列車なし,0.0,低速9.2km/hで惰行し続けるちんたら運転は即reward0.0ルールに該当し、停止位置達成が不適切なためrewardは0.0とした。
172.0999999999992,Train11,次駅への減速フェーズ（駅手前400m以内）,惰行中,16.19999999999996,ブレーキ（減速）,1.0,70.0,70.0,9.182391836881928,70.0,51.87470205958178,7.9000000000008015,4.017837935240977,0.0,9.2,この先制限速度なし,この先目立った勾配なし,先行列車なし,後続列車なし,0.0,低速(9.2km/h)で惰行し続けることは次駅減速フェーズでのちんたら運転とみなされ、即時0点規則に該当するためrewardは0.0とした。
172.1999999999992,Train11,次駅への減速フェーズ（駅手前400m以内）,惰行中,16.29999999999996,ブレーキ（減速）,1.0,70.0,70.0,9.14059446717365,70.0,51.620274202001326,7.800000000000807,3.981385055516163,0.0,9.2,この先制限速度なし,この先目立った勾配なし,先行列車なし,後続列車なし,0.0,先行列車なしで速度9.1km/hのまま惰行を続け、停車位置に間に合わない「ちんたら運転」と判定したためrewardは0.0とした。
172.2999999999992,Train11,次駅への減速フェーズ（駅手前400m以内）,惰行中,16.399999999999963,ブレーキ（減速）,1.0,70.0,70.0,9.09880207208454,70.0,51.36700730645316,7.700000000000813,3.945102177831452,0.0,9.2,この先制限速度なし,この先目立った勾配なし,先行列車なし,後続列車なし,0.0,低速(9.1km/h)の惰行が次駅減速フェーズで先行列車なしにも関わらず続き、即reward0.0ルールのちんたら運転に該当するため0.0とした。
172.39999999999918,Train11,次駅への減速フェーズ（駅手前400m以内）,惰行中,16.499999999999964,ブレーキ（減速）,1.0,70.0,70.0,9.05701464338241,70.0,51.11490123487172,7.6000000000008185,3.908989241561532,0.0,9.2,この先制限速度なし,この先目立った勾配なし,先行列車なし,後続列車なし,0.0,次駅減速フェーズで先行列車なしにも関わらず9.1km/hの低速惰行が続き、即reward0.0ルールの「ちんたら運転」に該当するため0.0とした。
172.49999999999918,Train11,次駅への減速フェーズ（駅手前400m以内）,惰行中,16.599999999999966,ブレーキ（減速）,1.0,70.0,70.0,9.015232172838752,70.0,50.86395584943304,7.500000000000824,3.8730461862116097,0.0,9.2,この先制限速度なし,この先目立った勾配なし,先行列車なし,後続列車なし,0.0,次駅減速フェーズで先行列車なしにも関わらず9km/hの低速惰行はちんたら運転とみなされ即時0点とする。
172.59999999999917,Train11,次駅への減速フェーズ（駅手前400m以内）,惰行中,16.699999999999967,ブレーキ（減速）,1.0,70.0,70.0,8.973454652228774,70.0,50.614171012533404,7.40000000000083,3.837272941747631,0.0,9.2,この先制限速度なし,この先目立った勾配なし,先行列車なし,後続列車なし,0.0,先行列車なしで速度9km/hのまま惰行し続け、次駅までの距離と時間から到達不可能なため即時0点のちんたら運転と判定した。
172.69999999999916,Train11,次駅への減速フェーズ（駅手前400m以内）,惰行中,16.79999999999997,ブレーキ（減速）,1.0,70.0,70.0,8.931682073331357,70.0,50.36554658679648,7.300000000000836,3.801669456756742,0.0,9.2,この先制限速度なし,この先目立った勾配なし,先行列車なし,後続列車なし,0.0,次駅減速フェーズで先行列車なしにも関わらず低速8.9km/hで惰行を続けたため、即reward0.0ルールのちんたら運転に該当し、rewardは0.0とした。
172.79999999999916,Train11,次駅への減速フェーズ（駅手前400m以内）,惰行中,16.89999999999997,ブレーキ（減速）,1.0,70.0,70.0,8.88991442792907,70.0,50.11808243508398,7.200000000000841,3.766235677695278,0.0,9.2,この先制限速度なし,この先目立った勾配なし,先行列車なし,後続列車なし,0.0,次駅減速フェーズで先行列車なしにも関わらず8.9km/hの低速惰行はちんたら運転とみなされ即reward0.0ルールに該当するため評価は0.0。
172.89999999999915,Train11,次駅への減速フェーズ（駅手前400m以内）,惰行中,16.99999999999997,ブレーキ（減速）,1.0,70.0,70.0,8.84815170780816,70.0,49.87177842047785,7.100000000000847,3.7309715445487277,0.0,9.2,この先制限速度なし,この先目立った勾配なし,先行列車なし,後続列車なし,0.0,低速で惰行し続けるちんたら運転と判定され、即reward0.0ルールに該当するため0.0点とした。
172.99999999999915,Train11,次駅への減速フェーズ（駅手前400m以内）,惰行中,17.099999999999973,ブレーキ（減速）,1.0,70.0,70.0,8.806393904758533,70.0,49.626634406291004,7.000000000000853,3.695876997432627,0.0,9.2,この先制限速度なし,この先目立った勾配なし,先行列車なし,後続列車なし,0.0,次駅減速フェーズで先行列車不在にも関わらず8.8km/hの低速惰行を続け、停止位置に間に合わないちんたら運転となったため即時0点とした。
173.09999999999914,Train11,次駅への減速フェーズ（駅手前400m以内）,惰行中,17.199999999999974,ブレーキ（減速）,1.0,70.0,70.0,8.764641010573767,70.0,49.382650256060145,6.900000000000858,3.660951976592491,0.0,9.2,この先制限速度なし,この先目立った勾配なし,先行列車なし,後続列車なし,0.0,低速で惰行し続けるちんたら運転と判定され、即時0点ルールに該当するため0.0とした。
173.19999999999914,Train11,次駅への減速フェーズ（駅手前400m以内）,惰行中,17.299999999999976,ブレーキ（減速）,1.0,70.0,70.0,8.722893017051085,70.0,49.13982583355647,6.800000000000864,3.62619641255453,0.0,9.2,この先制限速度なし,この先目立った勾配なし,先行列車なし,後続列車なし,0.0,次駅減速フェーズで先行列車なしにも関わらず速度8.7km/hのまま惰行し続けているため「ちんたら運転」と判定し、即reward0.0ルールが適用された。
173.29999999999913,Train11,次駅への減速フェーズ（駅手前400m以内）,惰行中,17.399999999999977,ブレーキ（減速）,1.0,70.0,70.0,8.681149915991373,70.0,48.898161002775,6.70000000000087,3.591610255086403,0.0,9.2,この先制限速度なし,この先目立った勾配なし,先行列車なし,後続列車なし,0.0,次駅減速フェーズで先行列車なし、速度8.7km/hのまま惰行は低速ちんたら運転と判定され即0点。
173.39999999999912,Train11,次駅への減速フェーズ（駅手前400m以内）,惰行中,17.49999999999998,ブレーキ（減速）,1.0,70.0,70.0,8.639411699199144,70.0,48.65765562793811,6.600000000000875,3.557193451112624,0.0,9.2,この先制限速度なし,この先目立った勾配なし,先行列車なし,後続列車なし,0.0,低速(8.6km/h)で惰行を続け次駅までの距離と残時間から遅延が確実で、即時0点ルールに該当するためreward=0.0。
173.49999999999912,Train11,次駅への減速フェーズ（駅手前400m以内）,惰行中,17.59999999999998,ブレーキ（減速）,1.0,70.0,70.0,8.59767835848255,70.0,48.41830957350268,6.500000000000881,3.5229459413568294,0.0,9.2,この先制限速度なし,この先目立った勾配なし,先行列車なし,後続列車なし,0.0,次駅減速フェーズで先行列車なしの低速8.6km/hで惰行を続けたため、即時0点ルール（ちんたら運転）に該当し、rewardは0.0とした。
173.5999999999991,Train11,次駅への減速フェーズ（駅手前400m以内）,惰行中,17.69999999999998,ブレーキ（減速）,1.0,70.0,70.0,8.555949885653376,70.0,48.18012270413874,6.400000000000887,3.4888676666721614,0.0,9.2,この先制限速度なし,この先目立った勾配なし,先行列車なし,後続列車なし,0.0,次駅減速フェーズで現在速度が25km/h未満のまま惰行を続け、遅延を増大させるちんたら運転と判定されたため0.0点とした。
173.6999999999991,Train11,次駅への減速フェーズ（駅手前400m以内）,惰行中,17.799999999999983,ブレーキ（減速）,1.0,70.0,70.0,8.51422627252702,70.0,47.943094884754345,6.300000000000892,3.454958568041164,0.0,9.2,この先制限速度なし,この先目立った勾配なし,先行列車なし,後続列車なし,0.0,低速(8.5km/h)で惰行し続け、ブレーキ未実施のまま停止位置へ向かうため「ちんたら運転」と判定し即時0点規則が適用された。
173.7999999999991,Train11,次駅への減速フェーズ（駅手前400m以内）,惰行中,17.899999999999984,ブレーキ（減速）,1.0,70.0,70.0,8.4725075109225,70.0,47.70722598048138,6.200000000000898,3.4212185766039376,0.0,9.2,この先制限速度なし,この先目立った勾配なし,先行列車なし,後続列車なし,0.0,次駅減速フェーズで先行列車なしの低速惰行はちんたら運転とみなされ、即reward0.0ルールに該当するため評価は0.0とした。
173.8999999999991,Train11,次駅への減速フェーズ（駅手前400m以内）,惰行中,17.999999999999986,ブレーキ（減速）,1.0,70.0,70.0,8.430793592662441,70.0,47.47251585668266,6.100000000000904,3.3876476431673352,0.0,9.2,この先制限速度なし,この先目立った勾配なし,先行列車なし,後続列車なし,0.0,次駅減速フェーズで先行列車なしにも関わらず8.4km/hの低速惰行を続けたため、即reward0.0ルールのちんたら運転に該当し0点とした。
173.9999999999991,Train11,次駅への減速フェーズ（駅手前400m以内）,惰行中,18.099999999999987,ブレーキ（減速）,1.0,70.0,70.0,8.389084509573065,70.0,47.23896437895192,6.0000000000009095,3.3542457152022402,0.0,9.2,この先制限速度なし,この先目立った勾配なし,先行列車なし,後続列車なし,0.0,先行列車なしで低速8.4km/hの惰行が続き、停止位置へ向かう「ちんたら運転」と判断し即時0点とした。
174.09999999999908,Train11,次駅への減速フェーズ（駅手前400m以内）,惰行中,18.19999999999999,ブレーキ（減速）,1.0,70.0,70.0,8.347380253484198,70.0,47.0065714130925,5.900000000000915,3.3210127341672013,0.0,9.2,この先制限速度なし,この先目立った勾配なし,先行列車なし,後続列車なし,0.0,次駅減速フェーズで先行列車なしの状態で速度8.3km/hのまま惰行を続けることは『ちんたら運転』とみなされ、即reward0.0ルールに該当するため評価は0.0とした。
174.19999999999908,Train11,次駅への減速フェーズ（駅手前400m以内）,惰行中,18.29999999999999,ブレーキ（減速）,1.0,70.0,70.0,8.30568081622924,70.0,46.77533682514934,5.800000000000921,3.2879486416497175,0.0,9.2,この先制限速度なし,この先目立った勾配なし,先行列車なし,後続列車なし,0.0,次駅減速フェーズで先行列車なし、速度8.3km/hのまま惰行を続けたことが『ちんたら運転』に該当し、即reward0.0ルールが適用されたため0.0とした。
174.29999999999907,Train11,次駅への減速フェーズ（駅手前400m以内）,惰行中,18.39999999999999,ブレーキ（減速）,1.0,70.0,70.0,8.263986189645188,70.0,46.54526048140184,5.7000000000009265,3.255053379366149,0.0,9.2,この先制限速度なし,この先目立った勾配なし,先行列車なし,後続列車なし,0.0,次駅減速フェーズで先行列車なしの状態で低速8.3km/hの惰行が続き、即reward0.0ルールの「ちんたら運転」に該当するため0.0とした。
174.39999999999907,Train11,次駅への減速フェーズ（駅手前400m以内）,惰行中,18.499999999999993,ブレーキ（減速）,1.0,70.0,70.0,8.222296365572598,70.0,46.316342248324816,5.600000000000932,3.222326879122915,0.0,9.2,この先制限速度なし,この先目立った勾配なし,先行列車なし,後続列車なし,0.0,低速(8.2km/h)で惰行し続けるちんたら運転が即時0点ルールに該当するため、rewardは0.0とする。
174.49999999999906,Train11,次駅への減速フェーズ（駅手前400m以内）,惰行中,18.599999999999994,ブレーキ（減速）,1.0,70.0,70.0,8.180611335855609,70.0,46.08858199265953,5.500000000000938,3.1897690926275644,0.0,9.2,この先制限速度なし,この先目立った勾配なし,先行列車なし,後続列車なし,0.0,低速8.2km/hで先行列車なしの減速フェーズで惰行を続けたため、即時0点ルールの『ちんたら運転』に該当し、rewardは0.0とした。
174.59999999999906,Train11,次駅への減速フェーズ（駅手前400m以内）,惰行中,18.699999999999996,ブレーキ（減速）,1.0,70.0,70.0,8.13893109234191,70.0,45.86197958134264,5.400000000000944,3.15737996797403,0.0,9.2,この先制限速度なし,この先目立った勾配なし,先行列車なし,後続列車なし,0.0,次駅減速フェーズで先行列車なしの低速惰行は「ちんたら運転」とみなされ、現在速度8.1km/hで制限や信号を大幅に下回り、停止位置への適切なブレーキが遅れているため即時0点と判断した。
174.69999999999905,Train11,次駅への減速フェーズ（駅手前400m以内）,惰行中,18.799999999999997,ブレーキ（減速）,1.0,70.0,70.0,8.097255626882745,70.0,45.63653488155239,5.300000000000949,3.1251594473525794,0.0,9.2,この先制限速度なし,この先目立った勾配なし,先行列車なし,後続列車なし,0.0,次駅減速フェーズで先行列車なしにも関わらず低速8.1km/hのまま惰行を続け、停止位置に間に合わないちんたら運転と判定されたため0.0とした。
174.79999999999905,Train11,次駅への減速フェーズ（駅手前400m以内）,惰行中,18.9,ブレーキ（減速）,1.0,70.0,70.0,8.055584931332909,70.0,45.41224776069086,5.200000000000955,3.0931074730818797,0.0,9.2,この先制限速度なし,この先目立った勾配なし,先行列車なし,後続列車なし,0.0,次駅減速フェーズで先行列車不在にも関わらず8.1km/hの低速惰行はちんたら運転とみなされ、即時0点規則に該当するためrewardは0.0とした。
174.89999999999904,Train11,次駅への減速フェーズ（駅手前400m以内）,惰行中,19.0,ブレーキ（減速）,1.0,70.0,70.0,8.01391899755074,70.0,45.18911808637682,5.100000000000961,3.0612239876089076,0.0,9.2,この先制限速度なし,この先目立った勾配なし,先行列車なし,後続列車なし,0.0,次駅減速フェーズで先行列車なしにも関わらず8km/hの惰行を続けたため、即時0点対象のちんたら運転と判定した。
174.99999999999903,Train11,次駅への減速フェーズ（駅手前400m以内）,惰行中,19.1,ブレーキ（減速）,1.0,70.0,70.0,7.972257817398106,70.0,44.9671457264742,5.000000000000966,3.029508923457973,0.0,9.2,この先制限速度なし,この先目立った勾配なし,先行列車なし,後続列車なし,0.0,先行列車なしで速度8km/hの惰行は低速ちんたら運転とみなされ、即reward0.0ルールに該当するため0.0点とした。安全は保たれるがエネルギー無駄で評価不可。
175.09999999999903,Train11,次駅への減速フェーズ（駅手前400m以内）,惰行中,19.200000000000003,ブレーキ（減速）,1.0,70.0,70.0,7.930601382740404,70.0,44.74633054905297,4.900000000000972,2.9979622331009654,0.0,9.2,この先制限速度なし,この先目立った勾配なし,先行列車なし,後続列車なし,0.0,次駅減速フェーズで先行列車なしにも関わらず速度7.9km/hのまま惰行を続けたため、低速ちんたら運転と判定し即時0点ルールが適用された。
175.19999999999902,Train11,次駅への減速フェーズ（駅手前400m以内）,惰行中,19.300000000000004,ブレーキ（減速）,1.0,70.0,70.0,7.888949685446557,70.0,44.52667242242114,4.800000000000978,2.966583865330401,0.0,9.2,この先制限速度なし,この先目立った勾配なし,先行列車なし,後続列車なし,0.0,次駅減速フェーズで低速7.9km/hのまま惰行を続け、先行列車不在にも関わらず停止位置へ向かうちんたら運転と判定し即reward0.0ルールが適用されたため。
175.29999999999902,Train11,次駅への減速フェーズ（駅手前400m以内）,惰行中,19.400000000000006,ブレーキ（減速）,1.0,70.0,70.0,7.847302717388994,70.0,44.3081712151141,4.700000000000983,2.935373763065096,0.0,9.2,この先制限速度なし,この先目立った勾配なし,先行列車なし,後続列車なし,0.0,低速(7.8km/h)で惰行し続けるちんたら運転と遅延リスクが即時0点条件に該当するためreward=0.0。
175.399999999999,Train11,次駅への減速フェーズ（駅手前400m以内）,惰行中,19.500000000000007,ブレーキ（減速）,1.0,70.0,70.0,7.805660470443659,70.0,44.09082679588394,4.600000000000989,2.904331869351734,0.0,9.2,この先制限速度なし,この先目立った勾配なし,先行列車なし,後続列車なし,0.0,先行列車なしで速度7.8km/hのまま惰行し続けるちんたら運転と判定され、即reward0.0ルールが適用されたため0.0とした。
175.499999999999,Train11,次駅への減速フェーズ（駅手前400m以内）,惰行中,19.60000000000001,ブレーキ（減速）,1.0,70.0,70.0,7.764022936489995,70.0,43.87463903371014,4.500000000000995,2.8734581273647737,0.0,9.2,この先制限速度なし,この先目立った勾配なし,先行列車なし,後続列車なし,0.0,低速7.8km/hで惰行を続けブレーキ未実施のため『ちんたら運転』と判定し、即時0点ルールが適用された。
175.599999999999,Train11,次駅への減速フェーズ（駅手前400m以内）,惰行中,19.70000000000001,ブレーキ（減速）,1.0,70.0,70.0,7.722390107410938,70.0,43.65960779779954,4.4000000000010004,2.8427524703973646,0.0,9.2,この先制限速度なし,この先目立った勾配なし,先行列車なし,後続列車なし,0.0,次駅減速フェーズで先行列車なしにも関わらず7.7km/hの低速惰行は「ちんたら運転」と判定され、即reward0.0ルールに該当するため0.0とした。
175.699999999999,Train11,次駅への減速フェーズ（駅手前400m以内）,惰行中,19.80000000000001,ブレーキ（減速）,1.0,70.0,70.0,7.680761975092916,70.0,43.445732957597016,4.300000000001006,2.812214851551009,0.0,9.2,この先制限速度なし,この先目立った勾配なし,先行列車なし,後続列車なし,0.0,次駅減速フェーズで先行列車なしの低速7.7km/hの惰行は『ちんたら運転』とみなされ即時0点規則に該当するためreward=0.0とした。
175.799999999999,Train11,次駅への減速フェーズ（駅手前400m以内）,惰行中,19.900000000000013,ブレーキ（減速）,1.0,70.0,70.0,7.639138531425836,70.0,43.23301438274285,4.200000000001012,2.7818452203914195,0.0,9.2,この先制限速度なし,この先目立った勾配なし,先行列車なし,後続列車なし,0.0,次駅減速フェーズで先行列車なしにも関わらず低速7.6km/hで惰行し続けたため即時0点ルールに該当し、rewardは0.0とした。
175.89999999999898,Train11,次駅への減速フェーズ（駅手前400m以内）,惰行中,20.000000000000014,ブレーキ（減速）,1.0,70.0,70.0,7.597519768303079,70.0,43.021451943133115,4.1000000000010175,2.751643520562853,0.0,9.2,この先制限速度なし,この先目立った勾配なし,先行列車なし,後続列車なし,0.0,次駅減速フェーズにおいて、先行列車がいないにも関わらず現在速度7.6km/hのまま惰行を続けているため、低速で停止位置へ向かうちんたら運転と判定され、即時reward0.0とする。
175.99999999999898,Train11,次駅への減速フェーズ（駅手前400m以内）,惰行中,20.100000000000016,ブレーキ（減速）,1.0,70.0,70.0,7.555905677621499,70.0,42.81104550886994,4.000000000001023,2.7216096958369,0.0,9.2,この先制限速度なし,この先目立った勾配なし,先行列車なし,後続列車なし,0.0,次駅減速フェーズで低速7.6km/hの惰行はちんたら運転とみなされ、即reward0.0ルールに該当するため評価は0.0とした。
176.09999999999897,Train11,次駅への減速フェーズ（駅手前400m以内）,惰行中,20.200000000000017,ブレーキ（減速）,1.0,70.0,70.0,7.514296251281404,70.0,42.601794950297034,3.900000000001029,2.691743690112389,0.0,9.2,この先制限速度なし,この先目立った勾配なし,先行列車なし,後続列車なし,0.0,次駅減速フェーズで先行列車なしの状態で速度7.5km/hのまま惰行を続けたため、低速ちんたら運転と判定し即時0点とした。
176.19999999999897,Train11,次駅への減速フェーズ（駅手前400m以内）,惰行中,20.30000000000002,ブレーキ（減速）,1.0,70.0,70.0,7.472691481186568,70.0,42.39370013796773,3.8000000000010346,2.662045437501988,0.0,9.2,この先制限速度なし,この先目立った勾配なし,先行列車なし,後続列車なし,0.0,次駅減速フェーズで先行列車不在にも関わらず7.5km/hの惰行を続けたため、ちんたら運転と判定し即時0点とした。
176.29999999999896,Train11,次駅への減速フェーズ（駅手前400m以内）,惰行中,20.40000000000002,ブレーキ（減速）,1.0,70.0,70.0,7.431091359244204,70.0,42.186760942662715,3.7000000000010402,2.632514891603047,0.0,9.2,この先制限速度なし,この先目立った勾配なし,先行列車なし,後続列車なし,0.0,低速で惰行を続け、次駅減速フェーズでのちんたら運転と判定されたため即時0点とする。
176.39999999999895,Train11,次駅への減速フェーズ（駅手前400m以内）,惰行中,20.50000000000002,ブレーキ（減速）,1.0,70.0,70.0,7.389495877364972,70.0,41.980977235393624,3.600000000001046,2.6031520028285353,0.0,9.2,この先制限速度なし,この先目立った勾配なし,先行列車なし,後続列車なし,0.0,現在速度7.4km/hという低速で惰行を続け、先行列車もなく必要速度70km/hに達していないため、即時0点規則の「ちんたら運転」に該当し、rewardは0.0と判断した。
176.49999999999895,Train11,次駅への減速フェーズ（駅手前400m以内）,惰行中,20.600000000000023,ブレーキ（減速）,1.0,70.0,70.0,7.347905027462964,70.0,41.77634888738879,3.5000000000010516,2.5739567155450676,0.0,9.2,この先制限速度なし,この先目立った勾配なし,先行列車なし,後続列車なし,0.0,先行列車なしで速度25km/h未満の惰行が続き、停止位置へ向かうちんたら運転と判定されたため即時0点とした。
176.59999999999894,Train11,次駅への減速フェーズ（駅手前400m以内）,惰行中,20.700000000000024,ブレーキ（減速）,1.0,70.0,70.0,7.306318801455708,70.0,41.57287577011459,3.4000000000010573,2.5449289742460683,0.0,9.2,この先制限速度なし,この先目立った勾配なし,先行列車なし,後続列車なし,0.0,次駅減速フェーズで先行列車なしにも関わらず低速7.3km/hで惰行し続けたため即時0点ルールに該当し、rewardは0.0とした。
176.69999999999894,Train11,次駅への減速フェーズ（駅手前400m以内）,惰行中,20.800000000000026,ブレーキ（減速）,1.0,70.0,70.0,7.264737191264147,70.0,41.37055775524345,3.300000000001063,2.516068723551671,0.0,9.2,この先制限速度なし,この先目立った勾配なし,先行列車なし,後続列車なし,0.0,次駅減速フェーズで先行列車なしにも関わらず7.3km/hの低速惰行を続け、到達遅延を招くため即時0点と判定した。
176.79999999999893,Train11,次駅への減速フェーズ（駅手前400m以内）,惰行中,20.900000000000027,ブレーキ（減速）,1.0,70.0,70.0,7.223160188812643,70.0,41.169394714685836,3.2000000000010687,2.487375898444719,0.0,9.2,この先制限速度なし,この先目立った勾配なし,先行列車なし,後続列車なし,0.0,低速7.2km/hで惰行し続け、次駅減速フェーズでの遅延が不可避なため即reward0.0ルールが適用される。
176.89999999999893,Train11,次駅への減速フェーズ（駅手前400m以内）,惰行中,21.00000000000003,ブレーキ（減速）,1.0,70.0,70.0,7.181587786028967,70.0,40.96938652057247,3.1000000000010743,2.458850452885085,0.0,9.2,この先制限速度なし,この先目立った勾配なし,先行列車なし,後続列車なし,0.0,次駅減速フェーズで先行列車なしにも関わらず速度25km/h未満の惰行は「ちんたら運転」とみなされ、即reward0.0ルールが適用されたため0.0とした。
176.99999999999892,Train11,次駅への減速フェーズ（駅手前400m以内）,惰行中,21.10000000000003,ブレーキ（減速）,1.0,70.0,70.0,7.140019974844295,70.0,40.770533045257906,3.00000000000108,2.4304923382067454,0.0,9.2,この先制限速度なし,この先目立った勾配なし,先行列車なし,後続列車なし,0.0,次駅減速フェーズで低速7.1km/hの惰行はちんたら運転とみなされ即時0点規則に該当するためrewardは0.0。
177.09999999999891,Train11,次駅への減速フェーズ（駅手前400m以内）,惰行中,21.20000000000003,ブレーキ（減速）,1.0,70.0,70.0,7.098456747193194,70.0,40.572834161320515,2.9000000000010857,2.4023014994956333,0.0,9.2,この先制限速度なし,この先目立った勾配なし,先行列車なし,後続列車なし,0.0,低速7.1km/hで惰行し続け、先行列車不在の減速フェーズでのちんたら運転と判定され即時0点規則に該当するためreward=0.0。
177.1999999999989,Train11,次駅への減速フェーズ（駅手前400m以内）,惰行中,21.300000000000033,ブレーキ（減速）,1.0,70.0,70.0,7.056898095013627,70.0,40.376289741558935,2.8000000000010914,2.3742778819639723,0.0,9.2,この先制限速度なし,この先目立った勾配なし,先行列車なし,後続列車なし,0.0,次駅減速フェーズで先行列車不在にも関わらず7.1km/hの低速惰行を続け、遅延を増大させるちんたら運転に該当するため即時0点とした。
177.2999999999989,Train11,次駅への減速フェーズ（駅手前400m以内）,惰行中,21.400000000000034,ブレーキ（減速）,1.0,70.0,70.0,7.015344010246936,70.0,40.180899659006286,2.700000000001097,2.3464214309501807,0.0,9.2,この先制限速度なし,この先目立った勾配なし,先行列車なし,後続列車なし,0.0,次駅減速フェーズで先行列車不在にも関わらず低速7km/hの惰行で停止位置へ進むちんたら運転と判定され、即reward0.0ルールに該当するため評価は0.0。
177.3999999999989,Train11,次駅への減速フェーズ（駅手前400m以内）,惰行中,21.500000000000036,ブレーキ（減速）,1.0,70.0,70.0,6.9737944848378435,70.0,39.98666378690885,2.6000000000011028,2.3187320823581823,0.0,9.2,この先制限速度なし,この先目立った勾配なし,先行列車なし,後続列車なし,0.0,先行列車なしで速度7km/hのまま惰行し続け、delta_stopが大きく遅延を生むため即reward0.0ルールに該当し、評価は0.0とした。
177.4999999999989,Train11,次駅への減速フェーズ（駅手前400m以内）,惰行中,21.600000000000037,ブレーキ（減速）,1.0,70.0,70.0,6.93224951073444,70.0,39.793581998747385,2.5000000000011084,2.291209790376932,0.0,9.2,この先制限速度なし,この先目立った勾配なし,先行列車なし,後続列車なし,0.0,次駅減速フェーズで先行列車なしにも関わらず低速6.9km/hの惰行が続き、即時0点ルールの『ちんたら運転』に該当するためrewardは0.0とした。
177.5999999999989,Train11,次駅への減速フェーズ（駅手前400m以内）,惰行中,21.70000000000004,ブレーキ（減速）,1.0,70.0,70.0,6.890709079888178,70.0,39.60165416820871,2.400000000001114,2.263854507335146,0.0,9.2,この先制限速度なし,この先目立った勾配なし,先行列車なし,後続列車なし,0.0,次駅減速フェーズで先行列車なしにも関わらず低速6.9km/hの惰行は『ちんたら運転』とみなされ即時0点と判定した。
177.69999999999888,Train11,次駅への減速フェーズ（駅手前400m以内）,惰行中,21.80000000000004,ブレーキ（減速）,1.0,70.0,70.0,6.849173184253871,70.0,39.41088016922478,2.30000000000112,2.2366661790350735,0.0,9.2,この先制限速度なし,この先目立った勾配なし,先行列車なし,後続列車なし,0.0,低速(6.8km/h)で惰行を続けるちんたら運転が即0点規則に該当するため、rewardは0.0とする。
177.79999999999887,Train11,次駅への減速フェーズ（駅手前400m以内）,惰行中,21.90000000000004,ブレーキ（減速）,1.0,70.0,70.0,6.8076418157896805,70.0,39.22125987593361,2.2000000000011255,2.20964475140474,0.0,9.2,この先制限速度なし,この先目立った勾配なし,先行列車なし,後続列車なし,0.0,次駅減速フェーズで先行列車なしにも関わらず低速6.8km/hのまま惰行し続けたため、即時ゼロルール（ちんたら運転）に該当し0点とした。
177.89999999999887,Train11,次駅への減速フェーズ（駅手前400m以内）,惰行中,22.000000000000043,ブレーキ（減速）,1.0,70.0,70.0,6.766114966457114,70.0,39.03279316270414,2.100000000001131,2.1827901704978627,0.0,9.2,この先制限速度なし,この先目立った勾配なし,先行列車なし,後続列車なし,0.0,次駅減速フェーズで先行列車不在にも関わらず、速度25km/h未満のまま惰行を続けたため即時0点ルールが適用され、rewardは0.0となる。
177.99999999999886,Train11,次駅への減速フェーズ（駅手前400m以内）,惰行中,22.100000000000044,ブレーキ（減速）,1.0,70.0,70.0,6.724592628221017,70.0,38.84547990412912,2.000000000001137,2.156102373190873,0.0,9.2,この先制限速度なし,この先目立った勾配なし,先行列車なし,後続列車なし,0.0,次駅減速フェーズで低速6.7km/hの惰行は「ちんたら運転」とみなされ即時0点対象となるためrewardは0.0。
178.09999999999886,Train11,次駅への減速フェーズ（駅手前400m以内）,惰行中,22.200000000000045,ブレーキ（減速）,1.0,70.0,70.0,6.683074793049564,70.0,38.659319975028694,1.9000000000011426,2.1295813137677277,0.0,9.2,この先制限速度なし,この先目立った勾配なし,先行列車なし,後続列車なし,0.0,次駅減速フェーズで先行列車不在にも関わらず速度6.7km/hのまま惰行し、停止位置へ到達できないため即reward0.0ルールが適用された。
178.19999999999885,Train11,次駅への減速フェーズ（駅手前400m以内）,惰行中,22.300000000000047,ブレーキ（減速）,1.0,70.0,70.0,6.641561452914259,70.0,38.474313250436154,1.8000000000011482,2.103226945625848,0.0,9.2,この先制限速度なし,この先目立った勾配なし,先行列車なし,後続列車なし,0.0,低速6.6km/hで惰行し続け、先行列車なしの状態で停車位置へ向かうちんたら運転と判定し、即座に0点とした。
178.29999999999885,Train11,次駅への減速フェーズ（駅手前400m以内）,惰行中,22.40000000000005,ブレーキ（減速）,1.0,70.0,70.0,6.600052599789921,70.0,38.29045960560862,1.700000000001154,2.0770392152808386,0.0,9.2,この先制限速度なし,この先目立った勾配なし,先行列車なし,後続列車なし,0.0,先行列車なしで速度6.6km/hのまま惰行し続ける『ちんたら運転』は即reward0.0ルールに該当し、遅延増大のため評価は0.0とした。
178.39999999999884,Train11,次駅への減速フェーズ（駅手前400m以内）,惰行中,22.50000000000005,ブレーキ（減速）,1.0,70.0,70.0,6.558548225654681,70.0,38.107758916027024,1.6000000000011596,2.0510180693735753,0.0,9.2,この先制限速度なし,この先目立った勾配なし,先行列車なし,後続列車なし,0.0,低速で惰行し続けているため即時0点ルールに該当し、rewardは0.0とする。
178.49999999999883,Train11,次駅への減速フェーズ（駅手前400m以内）,惰行中,22.60000000000005,ブレーキ（減速）,1.0,70.0,70.0,6.517048322489977,70.0,37.926211057403236,1.5000000000011653,2.02516345467012,0.0,9.2,この先制限速度なし,この先目立った勾配なし,先行列車なし,後続列車なし,0.0,低速(6.5km/h)の惰行で次駅減速フェーズに入り、停止位置達成が不可能なちんたら運転と判定されたため0.0とした。
178.59999999999883,Train11,次駅への減速フェーズ（駅手前400m以内）,惰行中,22.700000000000053,ブレーキ（減速）,1.0,70.0,70.0,6.475552882280544,70.0,37.74581590566939,1.400000000001171,1.9994753090715982,0.0,9.2,この先制限速度なし,この先目立った勾配なし,先行列車なし,後続列車なし,0.0,低速6.5km/hで惰行を続け、先行列車なしにも関わらず停止位置へ向かうちんたら運転と判定し即時0点とした。
178.69999999999882,Train11,次駅への減速フェーズ（駅手前400m以内）,力行（加速）中,0.1,惰行,22.700000000000053,70.0,70.0,6.434061897014413,70.0,37.56657333697433,1.3000000000011767,1.97395358682176,0.0,9.2,この先制限速度なし,この先目立った勾配なし,先行列車なし,後続列車なし,0.0,次駅減速フェーズで先行列車なしの低速6.4km/hで力行を続けたため、即時0点ルール（ちんたら運転）に該当し、rewardは0.0とした。
178.79999999999882,Train11,次駅への減速フェーズ（駅手前400m以内）,惰行中,0.1,力行（加速）,0.1,70.0,70.0,6.684185461286744,70.0,37.38402498949256,1.2000000000011823,2.1302886614325245,0.0,9.2,この先制限速度なし,この先目立った勾配なし,先行列車なし,後続列車なし,0.0,次駅減速フェーズで先行列車なしにも関わらず低速6.7km/hのまま惰行し、停止位置に間に合わずちんたら運転と判定されたためrewardは0.0とした。
178.8999999999988,Train11,次駅への減速フェーズ（駅手前400m以内）,惰行中,0.2,力行（加速）,0.1,70.0,70.0,6.642672001000212,70.0,37.198987414839735,1.100000000001188,2.103929834495055,0.0,9.2,この先制限速度なし,この先目立った勾配なし,先行列車なし,後続列車なし,0.0,次駅減速フェーズで先行列車なしにも関わらず低速6.6km/hの惰行が続き、ブレーキ未実施のため『ちんたら運転』と判定し即時0点とした。
178.9999999999988,Train11,次駅への減速フェーズ（駅手前400m以内）,惰行中,0.30000000000000004,力行（加速）,0.1,70.0,70.0,6.601163027939301,70.0,37.015102923291465,1.0000000000011937,2.0777376467836937,0.0,9.2,この先制限速度なし,この先目立った勾配なし,先行列車なし,後続列車なし,0.0,低速(6.6km/h)で惰行を続けたことがちんたら運転と判定され、即0点ルールに該当するためreward=0.0。
179.0999999999988,Train11,次駅への減速フェーズ（駅手前400m以内）,惰行中,0.4,力行（加速）,0.1,70.0,70.0,6.559658534082056,70.0,36.83237139031448,0.9000000000011994,2.051712044935966,0.0,9.2,この先制限速度なし,この先目立った勾配なし,先行列車なし,後続列車なし,0.0,低速6.6km/hで惰行し続け駅手前に遅延しつつ停止位置へ進むちんたら運転のため即0点と判断した。
179.1999999999988,Train11,次駅への減速フェーズ（駅手前400m以内）,惰行中,0.5,力行（加速）,0.1,70.0,70.0,6.5181585114098235,70.0,36.650792691617085,0.8000000000012051,2.025852975714583,0.0,9.2,この先制限速度なし,この先目立った勾配なし,先行列車なし,後続列車なし,0.0,次駅減速フェーズで先行列車なしの状態で速度6.5km/hのまま惰行を続けたため、低速ちんたら運転と判定され即時0点規則が適用された。
179.2999999999988,Train11,次駅への減速フェーズ（駅手前400m以内）,惰行中,0.6,力行（加速）,0.1,70.0,70.0,6.476662951907253,70.0,36.47036670312076,0.7000000000012108,2.0001603773827816,0.0,9.2,この先制限速度なし,この先目立った勾配なし,先行列車なし,後続列車なし,0.0,次駅減速フェーズで先行列車なしにも関わらず低速6.5km/hの惰行がちんたら運転と判定され、即reward0.0ルールが適用されたため0.0とした。
179.39999999999878,Train11,次駅への減速フェーズ（駅手前400m以内）,惰行中,0.7,力行（加速）,0.1,70.0,70.0,6.4351718475622866,70.0,36.29109330097435,0.6000000000012164,1.9746342032987056,0.0,9.2,この先制限速度なし,この先目立った勾配なし,先行列車なし,後続列車なし,0.0,次駅減速フェーズで先行列車なしの低速惰行はちんたら運転とみなされ、即時0点規則に該当するためrewardは0.0とした。
179.49999999999878,Train11,次駅への減速フェーズ（駅手前400m以内）,惰行中,0.7999999999999999,力行（加速）,0.1,70.0,70.0,6.393685190366149,70.0,36.112972361539875,0.5000000000012221,1.9492744085174627,0.0,9.2,この先制限速度なし,この先目立った勾配なし,先行列車なし,後続列車なし,0.0,次駅減速フェーズで先行列車なしにも関わらず、現在速度6.4km/h（<25km/h）で惰行を続けているため『ちんたら運転』と判定し、即reward0.0ルールが適用された。
179.59999999999877,Train11,次駅への減速フェーズ（駅手前400m以内）,惰行中,0.8999999999999999,力行（加速）,0.1,70.0,70.0,6.352202972313351,70.0,35.93600376141026,0.4000000000012278,1.9240809402617547,0.0,9.2,この先制限速度なし,この先目立った勾配なし,先行列車なし,後続列車なし,0.0,次駅減速フェーズで先行列車不在にも関わらず6.4km/hの低速惰行を続け、ブレーキ未実施のちんたら運転と判定し即時0点とした。
179.69999999999877,Train11,次駅への減速フェーズ（駅手前400m以内）,力行（加速）中,0.1,惰行,0.8999999999999999,70.0,70.0,6.310725185401672,70.0,35.76018737739872,0.3000000000012335,1.8990537458790528,0.0,9.2,この先制限速度なし,この先目立った勾配なし,先行列車なし,後続列車なし,0.0,次駅減速フェーズで先行列車不在にも関わらず低速6.3km/hで力行を継続したため、ちんたら運転と判定し即時0点とした。
179.79999999999876,Train11,次駅への減速フェーズ（駅手前400m以内）,惰行中,0.1,力行（加速）,0.1,70.0,70.0,6.561508314655959,70.0,35.581054965202696,0.2000000000012392,2.0528684726875355,0.0,9.2,この先制限速度なし,この先目立った勾配なし,先行列車なし,後続列車なし,0.0,先行列車なしで速度6.6km/hのまま惰行を続け、停止位置へ向かう低速運転は「ちんたら運転」と判定され即時0点規則に該当するためreward=0.0。
179.89999999999876,Train11,次駅への減速フェーズ（駅手前400m以内）,惰行中,0.2,力行（加速）,0.1,70.0,70.0,6.5200080928714845,70.0,35.39942488675507,0.10000000000124487,2.027001982156362,0.0,9.2,この先制限速度なし,この先目立った勾配なし,先行列車なし,後続列車なし,0.0,次駅減速フェーズで先行列車不在のまま6.5km/hの惰行を続けたことがちんたら運転に該当し、即reward0.0ルールに違反したため0.0とした。
179.99999999999875,Train11,次駅への減速フェーズ（駅手前400m以内）,惰行中,0.30000000000000004,力行（加速）,0.1,70.0,70.0,6.478512334613851,70.0,35.21894752403654,1.2505552149377763e-12,2.0013019654972135,0.0,9.2,この先制限速度なし,この先目立った勾配なし,先行列車なし,後続列車なし,0.0,次駅減速フェーズで先行列車なしの低速6.5km/hで惰行を続けたことが「ちんたら運転」と判定され、即reward0.0ルールに該当するため0.0とした。
180.09999999999874,Train11,次駅への減速フェーズ（駅手前400m以内）,惰行中,0.4,力行（加速）,0.1,70.0,70.0,6.437021031870849,70.0,35.03962275318173,0.0,1.9757683745747026,0.0,9.2,この先制限速度なし,この先目立った勾配なし,先行列車なし,後続列車なし,0.0,次駅減速フェーズで先行列車なしにも関わらず低速6.4km/hのまま惰行を続け、ブレーキ未実施のちんたら運転と判定し即時0点ルールが適用されたため0.0とした。
180.19999999999874,Train11,次駅への減速フェーズ（駅手前400m以内）,惰行中,0.5,力行（加速）,0.1,70.0,70.0,6.395534176633565,70.0,34.86145045054556,0.0,1.9504011653102433,0.0,9.2,この先制限速度なし,この先目立った勾配なし,先行列車なし,後続列車なし,0.0,次駅減速フェーズで先行列車なしにも関わらず低速6.4km/hで惰行を続けたため、ちんたら運転と判定し即時0点とした。
180.29999999999873,Train11,次駅への減速フェーズ（駅手前400m以内）,惰行中,0.6,力行（加速）,0.1,70.0,70.0,6.3540517608963585,70.0,34.684430492710305,0.0,1.9252002849209702,0.0,9.2,この先制限速度なし,この先目立った勾配なし,先行列車なし,後続列車なし,0.0,先行列車なしで低速6.4km/hの惰行が続き、次駅減速フェーズでのちんたら運転と判定され即時0点とした。
180.39999999999873,Train11,次駅への減速フェーズ（駅手前400m以内）,惰行中,0.7,力行（加速）,0.1,70.0,70.0,6.312573776656865,70.0,34.50856275647851,0.0,1.900165680748798,0.0,9.2,この先制限速度なし,この先目立った勾配なし,先行列車なし,後続列車なし,0.0,次駅減速フェーズで低速惰行を続けたちんたら運転が即時0点対象となり、rewardは0.0とした。
180.49999999999872,Train11,次駅への減速フェーズ（駅手前400m以内）,惰行中,0.7999999999999999,力行（加速）,0.1,70.0,70.0,6.271100215915987,70.0,34.33384711887655,0.0,1.8752973002603306,0.0,9.2,この先制限速度なし,この先目立った勾配なし,先行列車なし,後続列車なし,0.0,先行列車なしで速度6.3km/hのまま惰行を続け、停止位置へ向かう低速ちんたら運転と判定され、即reward0.0ルールに該当するため評価は0.0とした。
180.59999999999872,Train11,次駅への減速フェーズ（駅手前400m以内）,力行（加速）中,0.1,惰行,0.7999999999999999,70.0,70.0,6.2296310706778915,70.0,34.16028345714395,0.0,1.8505950834193141,0.0,9.2,この先制限速度なし,この先目立った勾配なし,先行列車なし,後続列車なし,0.0,次駅減速フェーズで低速6.2km/hのまま加速し、即時ゼロルールのちんたら運転とノコギリ運転に該当するため、評価は0.0とした。
180.6999999999987,Train11,次駅への減速フェーズ（駅手前400m以内）,惰行中,0.1,力行（加速）,0.1,70.0,70.0,6.480847829120006,70.0,33.98339702922826,0.0,2.002744085604727,0.0,9.2,この先制限速度なし,この先目立った勾配なし,先行列車なし,後続列車なし,0.0,次駅減速フェーズで先行列車なしにも関わらず6.5km/hの低速惰行はちんたら運転とみなされ、即reward0.0ルールが適用されるため0.0点とした。
180.7999999999987,Train11,次駅への減速フェーズ（駅手前400m以内）,惰行中,0.2,力行（加速）,0.1,70.0,70.0,6.439356275808508,70.0,33.8040073873529,0.0,1.9772011282221085,0.0,9.2,この先制限速度なし,この先目立った勾配なし,先行列車なし,後続列車なし,0.0,次駅減速フェーズで先行列車なしにも関わらず低速6.4km/hで惰行を続け、ブレーキ未実施のため即reward0.0ルールの「ちんたら運転」に該当し、評価は0.0とした。
180.8999999999987,Train11,次駅への減速フェーズ（駅手前400m以内）,惰行中,0.30000000000000004,力行（加速）,0.1,70.0,70.0,6.397869170453426,70.0,33.62577022065949,0.0,1.9518245554721665,0.0,9.2,この先制限速度なし,この先目立った勾配なし,先行列車なし,後続列車なし,0.0,次駅減速フェーズで先行列車なしにも関わらず低速6.4km/hの惰行はちんたら運転とみなされ、即時0点規則に該当するためreward=0.0とした。
180.9999999999987,Train11,次駅への減速フェーズ（駅手前400m以内）,惰行中,0.4,力行（加速）,0.1,70.0,70.0,6.356386505048936,70.0,33.448685405701895,0.0,1.92661431456501,0.0,9.2,この先制限速度なし,この先目立った勾配なし,先行列車なし,後続列車なし,0.0,低速でブレーキせず惰行を続け、先行列車なしでも停止位置へ向かうちんたら運転とノコギリ運転が即時0点規則に該当するためrewardは0.0とした。
181.0999999999987,Train11,次駅への減速フェーズ（駅手前400m以内）,惰行中,0.5,力行（加速）,0.1,70.0,70.0,6.314908271592489,70.0,33.27275281927555,0.0,1.9015703528355328,0.0,9.2,この先制限速度なし,この先目立った勾配なし,先行列車なし,後続列車なし,0.0,低速(6.3km/h)で惰行し続け、先行列車不在にも関わらず停止位置へ向かうちんたら運転のため即時0点規則が適用された。
181.19999999999868,Train11,次駅への減速フェーズ（駅手前400m以内）,惰行中,0.6,力行（加速）,0.1,70.0,70.0,6.273434462084805,70.0,33.097972338396175,0.0,1.876692617743323,0.0,9.2,この先制限速度なし,この先目立った勾配なし,先行列車なし,後続列車なし,0.0,低速6.3km/hで惰行し続け、先行列車不在の減速フェーズで停止位置へ向かうちんたら運転と判定し即時0点とした。
181.29999999999868,Train11,次駅への減速フェーズ（駅手前400m以内）,惰行中,0.7,力行（加速）,0.1,70.0,70.0,6.231965068529865,70.0,32.92434384029619,0.0,1.8519810500496057,0.0,9.2,この先制限速度なし,この先目立った勾配なし,先行列車なし,後続列車なし,0.0,次駅減速フェーズで低速惰行を続け、ブレーキ未実施のためちんたら運転と判定し即0点とした。
181.39999999999867,Train11,次駅への減速フェーズ（駅手前400m以内）,惰行中,0.7999999999999999,力行（加速）,0.1,70.0,70.0,6.190500082934907,70.0,32.75186720243184,0.0,1.8274355994875684,0.0,9.2,この先制限速度なし,この先目立った勾配なし,先行列車なし,後続列車なし,0.0,次駅減速フェーズで先行列車なしにも関わらず低速惰行が続き、ブレーキ未実施のため即時0点規則が適用された。
181.49999999999866,Train11,次駅への減速フェーズ（駅手前400m以内）,惰行中,0.8999999999999999,力行（加速）,0.1,70.0,70.0,6.1490394973104125,70.0,32.580542302483195,0.0,1.8030562243248571,0.0,9.2,この先制限速度なし,この先目立った勾配なし,先行列車なし,後続列車なし,0.0,低速(6.1km/h)で惰行し続け、先行列車なしの減速フェーズでちんたら運転と判定されたため即時0点とした。
181.59999999999866,Train11,次駅への減速フェーズ（駅手前400m以内）,惰行中,0.9999999999999999,力行（加速）,0.1,70.0,70.0,6.10758330367011,70.0,32.41036901835059,0.0,1.7788428724791951,0.0,9.2,この先制限速度なし,この先目立った勾配なし,先行列車なし,後続列車なし,0.0,即時ゼロ規則に該当し、低速惰行で停車位置へ進むちんたら運転かつノコギリ運転であるためrewardは0.0とした。
181.69999999999865,Train11,次駅への減速フェーズ（駅手前400m以内）,惰行中,1.0999999999999999,力行（加速）,0.1,70.0,70.0,6.06613149403096,70.0,32.24134722815819,0.0,1.7547954919925903,0.0,9.2,この先制限速度なし,この先目立った勾配なし,先行列車なし,後続列車なし,0.0,次駅減速フェーズで先行列車なしにも関わらず低速6km/hの惰行がちんたら運転とみなされ、即reward0.0ルールが適用されたため。
181.79999999999865,Train11,次駅への減速フェーズ（駅手前400m以内）,力行（加速）中,0.1,惰行,1.0999999999999999,70.0,70.0,6.024684060413154,70.0,32.07347681024686,0.0,1.7309140310312618,0.0,9.2,この先制限速度なし,この先目立った勾配なし,先行列車なし,後続列車なし,0.0,次駅減速フェーズで低速(6km/h)のまま加速し続けたため、停止位置到達が遅れ即reward0.0条件に該当。
181.89999999999864,Train11,次駅への減速フェーズ（駅手前400m以内）,惰行中,0.1,力行（加速）,0.1,70.0,70.0,6.276996591121531,70.0,31.902266600923213,0.0,1.8788229122500262,0.0,9.2,この先制限速度なし,この先目立った勾配なし,先行列車なし,後続列車なし,0.0,低速で惰行し続けるちんたら運転かつ0.1秒のノコギリ運転と判定され、即時0点規則が適用されたためrewardは0.0とした。
181.99999999999864,Train11,次駅への減速フェーズ（駅手前400m以内）,惰行中,0.2,力行（加速）,0.1,70.0,70.0,6.235526818581776,70.0,31.728539160589264,0.0,1.8540970747005228,0.0,9.2,この先制限速度なし,この先目立った勾配なし,先行列車なし,後続列車なし,0.0,低速惰行が減速フェーズで停車位置確保できず、即時0点規則に該当するためrewardは0.0。
182.09999999999863,Train11,次駅への減速フェーズ（駅手前400m以内）,惰行中,0.30000000000000004,力行（加速）,0.1,70.0,70.0,6.194061454688394,70.0,31.555963591006986,0.0,1.8295373570209832,0.0,9.2,この先制限速度なし,この先目立った勾配なし,先行列車なし,後続列車なし,0.0,次駅減速フェーズで先行列車なしにも関わらず低速惰行を続けたことが即時0点ルールに該当し、rewardは0.0とした。
182.19999999999862,Train11,次駅への減速フェーズ（駅手前400m以内）,惰行中,0.4,力行（加速）,0.1,70.0,70.0,6.152600491451592,70.0,31.38453976983513,0.0,1.8051437192200634,0.0,9.2,この先制限速度なし,この先目立った勾配なし,先行列車なし,後続列車なし,0.0,低速6.2km/hで惰行を続け、先行列車不在にも関わらず停止位置に間に合わず、即時0点対象のちんたら運転と判定したため0.0とした。
182.29999999999862,Train11,次駅への減速フェーズ（駅手前400m以内）,惰行中,0.5,力行（加速）,0.1,70.0,70.0,6.111143920884816,70.0,31.214267574956267,0.0,1.7809161092048045,0.0,9.2,この先制限速度なし,この先目立った勾配なし,先行列車なし,後続列車なし,0.0,低速6.1km/hで惰行を続け、ブレーキ未実施のまま停止位置まで遠く、ちんたら運転とみなされ即時0点とする。
182.3999999999986,Train11,次駅への減速フェーズ（駅手前400m以内）,惰行中,0.6,力行（加速）,0.1,70.0,70.0,6.069691735004751,70.0,31.045146884469688,0.0,1.7568544750065458,0.0,9.2,この先制限速度なし,この先目立った勾配なし,先行列車なし,後続列車なし,0.0,低速6.1km/hで減速フェーズに惰行を続け、ブレーキ未実施のため即reward0.0ルールに該当し、さらにノコギリ運転（0.1秒の力行→0.6秒惰行）で評価上限0.0となる。
182.4999999999986,Train11,次駅への減速フェーズ（駅手前400m以内）,惰行中,0.7,力行（加速）,0.1,70.0,70.0,6.028243925831314,70.0,30.87717757670916,0.0,1.732958764780837,0.0,9.2,この先制限速度なし,この先目立った勾配なし,先行列車なし,後続列車なし,0.0,低速6km/hで惰行を続け、先行列車なしでも停止位置へ向かう遅延運転（ちんたら運転）に該当し即時0点ルールが適用されたためreward=0.0。
182.5999999999986,Train11,次駅への減速フェーズ（駅手前400m以内）,惰行中,0.7999999999999999,力行（加速）,0.1,70.0,70.0,5.986800485387643,70.0,30.710359530225162,0.0,1.7092289217082797,0.0,9.2,この先制限速度なし,この先目立った勾配なし,先行列車なし,後続列車なし,0.0,次駅減速フェーズで先行列車なしにも関わらず速度6km/hのまま惰行し、低速で停止位置へ進むちんたら運転と判定されたため即時0点とした。
182.6999999999986,Train11,次駅への減速フェーズ（駅手前400m以内）,惰行中,0.8999999999999999,力行（加速）,0.1,70.0,70.0,5.945361405700091,70.0,30.54469262377779,0.0,1.685664892115497,0.0,9.2,この先制限速度なし,この先目立った勾配なし,先行列車なし,後続列車なし,0.0,低速(5.9km/h)で惰行を続けるちんたら運転が即reward0.0ルールに該当するため、rewardは0.0とした。
182.7999999999986,Train11,次駅への減速フェーズ（駅手前400m以内）,惰行中,0.9999999999999999,力行（加速）,0.1,70.0,70.0,5.903926678798226,70.0,30.380176736354514,0.0,1.6622666373397896,0.0,9.2,この先制限速度なし,この先目立った勾配なし,先行列車なし,後続列車なし,0.0,次駅減速フェーズで先行列車なしの低速惰行がちんたら運転と判定され、即時0点規則が適用されたため、速度・ブレーキ操作が不適切とみなされrewardは0.0とした。
182.89999999999858,Train11,次駅への減速フェーズ（駅手前400m以内）,惰行中,1.0999999999999999,力行（加速）,0.1,70.0,70.0,5.86249629671482,70.0,30.21681174717017,0.0,1.6390341059930056,0.0,9.2,この先制限速度なし,この先目立った勾配なし,先行列車なし,後続列車なし,0.0,次駅減速フェーズで先行列車なしの低速惰行は「ちんたら運転」とみなされ即時0点規則が適用されたため、rewardは0.0とした。
182.99999999999858,Train11,次駅への減速フェーズ（駅手前400m以内）,惰行中,1.2,力行（加速）,0.1,70.0,70.0,5.821070251485839,70.0,30.054597535656313,0.0,1.6159672468108017,0.0,9.2,この先制限速度なし,この先目立った勾配なし,先行列車なし,後続列車なし,0.0,低速(5.8km/h)で惰行を続け、先行列車なしの減速フェーズで停止位置へ進む「ちんたら運転」かつノコギリ運転と判定され、即reward0.0ルールに該当するため0.0とした。
183.09999999999857,Train11,次駅への減速フェーズ（駅手前400m以内）,惰行中,1.3,力行（加速）,0.1,70.0,70.0,5.779648535150446,70.0,29.893533981468323,0.0,1.5930660086525619,0.0,9.2,この先制限速度なし,この先目立った勾配なし,先行列車なし,後続列車なし,0.0,低速で惰行を続けた上に力行→惰行の短時間切替がちんたら運転と判定され、即0点規則に該当したためreward=0.0。
183.19999999999857,Train11,次駅への減速フェーズ（駅手前400m以内）,惰行中,1.4000000000000001,力行（加速）,0.1,70.0,70.0,5.738231139750985,70.0,29.733620964481844,0.0,1.5703303359270842,0.0,9.2,この先制限速度なし,この先目立った勾配なし,先行列車なし,後続列車なし,0.0,次駅減速フェーズで先行列車なしの状態で5.7km/hの低速惰行を続けたため、即reward0.0ルールの「ちんたら運転」に該当し0点とした。
183.29999999999856,Train11,次駅への減速フェーズ（駅手前400m以内）,力行（加速）中,0.1,惰行,1.4000000000000001,70.0,70.0,5.696818057332984,70.0,29.57485836479279,0.0,1.5477601744250613,0.0,9.2,この先制限速度なし,この先目立った勾配なし,先行列車なし,後続列車なし,0.0,次駅減速フェーズで低速(5.7km/h)のまま力行し続けたため、即時0点のちんたら運転と判定した。
183.39999999999856,Train11,次駅への減速フェーズ（駅手前400m以内）,惰行中,0.1,力行（加速）,0.1,70.0,70.0,5.950883181184646,70.0,29.41272874802081,0.0,1.6887953778471474,0.0,9.2,この先制限速度なし,この先目立った勾配なし,先行列車なし,後続列車なし,0.0,次駅減速フェーズで先行列車なしにも関わらず速度6km/hのまま惰行を続けたことが「ちんたら運転」に該当し、即reward0.0ルールにより評価を0.0とした。
183.49999999999855,Train11,次駅への減速フェーズ（駅手前400m以内）,惰行中,0.2,力行（加速）,0.1,70.0,70.0,5.909447874705935,70.0,29.24805948680742,0.0,1.6653750354686438,0.0,9.2,この先制限速度なし,この先目立った勾配なし,先行列車なし,後続列車なし,0.0,低速5.9km/hで惰行を続け、delta_stopが27.58mあるにも関わらずブレーキせず停止位置へ進むちんたら運転と判定し、即時0点規則が適用されたためreward=0.0。
183.59999999999854,Train11,次駅への減速フェーズ（駅手前400m以内）,惰行中,0.30000000000000004,力行（加速）,0.1,70.0,70.0,5.868016914107183,70.0,29.084541139916098,0.0,1.6421204233597173,0.0,9.2,この先制限速度なし,この先目立った勾配なし,先行列車なし,後続列車なし,0.0,次駅減速フェーズで低速惰行を続け、停止位置に遅れたためちんたら運転と判定し即0点とした。
183.69999999999854,Train11,次駅への減速フェーズ（駅手前400m以内）,惰行中,0.4,力行（加速）,0.1,70.0,70.0,5.8265902914239325,70.0,28.922173586742872,0.0,1.6190314902395324,0.0,9.2,この先制限速度なし,この先目立った勾配なし,先行列車なし,後続列車なし,0.0,先行列車なしで低速5.8km/hの惰行が続き、停止位置へ向かうちんたら運転と判定されたため、安全上の重大違反とみなした結果0点とした。
183.79999999999853,Train11,次駅への減速フェーズ（駅手前400m以内）,惰行中,0.5,力行（加速）,0.1,70.0,70.0,5.785167998694921,70.0,28.760956706921803,0.0,1.5961081849509902,0.0,9.2,この先制限速度なし,この先目立った勾配なし,先行列車なし,後続列車なし,0.0,低速で惰行し先行列車なしの状態で停止位置へ向かうちんたら運転と、保持時間が7秒未満のノコギリ運転が判定され、即0点とした。
183.89999999999853,Train11,次駅への減速フェーズ（駅手前400m以内）,惰行中,0.6,力行（加速）,0.1,70.0,70.0,5.743750027962066,70.0,28.600890380296562,0.0,1.5733504539744319,0.0,9.2,この先制限速度なし,この先目立った勾配なし,先行列車なし,後続列車なし,0.0,次駅減速フェーズで先行列車なしにも関わらず5.7km/hの低速惰行を続けたため『ちんたら運転』と判定し即時0点とした。
183.99999999999852,Train11,次駅への減速フェーズ（駅手前400m以内）,惰行中,0.7,力行（加速）,0.1,70.0,70.0,5.702336371270472,70.0,28.441974486927535,0.0,1.550758238155133,0.0,9.2,この先制限速度なし,この先目立った勾配なし,先行列車なし,後続列車なし,0.0,低速5.7km/hで惰行し続けブレーキ未実施のため、即reward0.0ルールの『ちんたら運転』に該当し0点とした。
184.09999999999852,Train11,次駅への減速フェーズ（駅手前400m以内）,惰行中,0.7999999999999999,力行（加速）,0.1,70.0,70.0,5.6609270206684155,70.0,28.284208907106034,0.0,1.5283315030707845,0.0,9.2,この先制限速度なし,この先目立った勾配なし,先行列車なし,後続列車なし,0.0,次駅減速フェーズで5.7km/hの低速惰行を続けたことが「ちんたら運転」とみなされ、即reward0.0ルールが適用されたため。
184.1999999999985,Train11,次駅への減速フェーズ（駅手前400m以内）,惰行中,0.8999999999999999,力行（加速）,0.1,70.0,70.0,5.619521968207338,70.0,28.127593521336536,0.0,1.5060701980187872,0.0,9.2,この先制限速度なし,この先目立った勾配なし,先行列車なし,後続列車なし,0.0,次駅減速フェーズで先行列車なしにも関わらず低速5.6km/hの惰行はちんたら運転と判定され、即reward0.0ルールが適用されたため0.0とした。
184.2999999999985,Train11,次駅への減速フェーズ（駅手前400m以内）,惰行中,0.9999999999999999,力行（加速）,0.1,70.0,70.0,5.578121205941842,70.0,27.97212821035089,0.0,1.4839742724198823,0.0,9.2,この先制限速度なし,この先目立った勾配なし,先行列車なし,後続列車なし,0.0,低速で惰行し続けたことと、0.1秒の力行からの即時反転がノコギリ運転と判定され、即時0点規則に該当したためrewardは0.0。
184.3999999999985,Train11,次駅への減速フェーズ（駅手前400m以内）,惰行中,1.0999999999999999,力行（加速）,0.1,70.0,70.0,5.536724725929688,70.0,27.81781285510121,0.0,1.4620436758180744,0.0,9.2,この先制限速度なし,この先目立った勾配なし,先行列車なし,後続列車なし,0.0,低速惰行でブレーキ未開始のちんたら運転とノコギリ運転が即時0点規則に該当するため、rewardは0.0とした。
184.4999999999985,Train11,次駅への減速フェーズ（駅手前400m以内）,惰行中,1.2,力行（加速）,0.1,70.0,70.0,5.495332520231784,70.0,27.66464733675633,0.0,1.4402783560116206,0.0,9.2,この先制限速度なし,この先目立った勾配なし,先行列車なし,後続列車なし,0.0,次駅減速フェーズで先行列車不在にも関わらず低速惰行を続けたため『ちんたら運転』に該当し、即時0点ルールが適用された。
184.5999999999985,Train11,次駅への減速フェーズ（駅手前400m以内）,惰行中,1.3,力行（加速）,0.1,70.0,70.0,5.453944580912176,70.0,27.512631536701804,0.0,1.4186782531019646,0.0,9.2,この先制限速度なし,この先目立った勾配なし,先行列車なし,後続列車なし,0.0,低速5.5km/hで先行列車なしの減速フェーズで惰行を続け、停止位置へ向かうちんたら運転と判定されたため即時0点とした。
184.69999999999848,Train11,次駅への減速フェーズ（駅手前400m以内）,惰行中,1.4000000000000001,力行（加速）,0.1,70.0,70.0,5.4125609000380495,70.0,27.361765336550548,0.0,1.397243334187642,0.0,9.2,この先制限速度なし,この先目立った勾配なし,先行列車なし,後続列車なし,0.0,次駅減速フェーズで先行列車なしにも関わらず低速5.4km/hで惰行を続け、停止位置へ向かうちんたら運転と判定し即時0点とした。
184.79999999999848,Train11,次駅への減速フェーズ（駅手前400m以内）,惰行中,1.5000000000000002,力行（加速）,0.1,70.0,70.0,5.371181469679715,70.0,27.212048618139306,0.0,1.3759735492653387,0.0,9.2,この先制限速度なし,この先目立った勾配なし,先行列車なし,後続列車なし,0.0,低速5.4km/hで惰行し続け、先行列車不在の状態で停止位置へ向かうちんたら運転と、0.1秒の力行からの短時間切替が即時0点条件に該当したためreward=0.0とした。
184.89999999999847,Train11,次駅への減速フェーズ（駅手前400m以内）,惰行中,1.6000000000000003,力行（加速）,0.1,70.0,70.0,5.329806281910612,70.0,27.063481263503775,0.0,1.3548688484546116,0.0,9.2,この先制限速度なし,この先目立った勾配なし,先行列車なし,後続列車なし,0.0,次駅減速フェーズで先行列車なし、速度5.3km/hの惰行はちんたら運転とみなされ即時0点規則に該当し、ノコギリ運転上限も0点のためreward=0.0。
184.99999999999847,Train11,次駅への減速フェーズ（駅手前400m以内）,力行（加速）中,0.1,惰行,1.6000000000000003,70.0,70.0,5.288435328807293,70.0,26.916063154928338,0.0,1.3339291819978019,0.0,9.2,この先制限速度なし,この先目立った勾配なし,先行列車なし,後続列車なし,0.0,次駅減速フェーズで先行列車不在にも関わらず低速5.3km/hで力行を継続し、停止位置到達が遅れ省エネ性も低下するため即時0点とした。
185.09999999999846,Train11,次駅への減速フェーズ（駅手前400m以内）,惰行中,0.1,力行（加速）,0.1,70.0,70.0,5.544682791442214,70.0,26.765244135795285,0.0,1.466246958423429,0.0,9.2,この先制限速度なし,この先目立った勾配なし,先行列車なし,後続列車なし,0.0,低速(5.5km/h)で惰行を続け、先行列車なしの減速フェーズでちんたら運転と判定し即時0点規則が適用されたため。
185.19999999999845,Train11,次駅への減速フェーズ（駅手前400m以内）,惰行中,0.2,力行（加速）,0.1,70.0,70.0,5.503289764631484,70.0,26.61185757261819,0.0,1.4444498698670203,0.0,9.2,この先制限速度なし,この先目立った勾配なし,先行列車なし,後続列車なし,0.0,次駅減速フェーズで先行列車なしにも関わらず5.5km/hの低速惰行を続け、ブレーキ未実施のため即reward0.0ルールのちんたら運転に該当し、評価は0.0とした。
185.29999999999845,Train11,次駅への減速フェーズ（駅手前400m以内）,惰行中,0.30000000000000004,力行（加速）,0.1,70.0,70.0,5.461901005724481,70.0,26.45962075052566,0.0,1.422818006255835,0.0,9.2,この先制限速度なし,この先目立った勾配なし,先行列車なし,後続列車なし,0.0,低速で惰行を続け、先行列車なしでも停止位置へ向かうちんたら運転と判定し、即時0点規則に該当するためrewardは0.0。
185.39999999999844,Train11,次駅への減速フェーズ（駅手前400m以内）,惰行中,0.4,力行（加速）,0.1,70.0,70.0,5.420516506787783,70.0,26.30853355108087,0.0,1.4013513349065378,0.0,9.2,この先制限速度なし,この先目立った勾配なし,先行列車なし,後続列車なし,0.0,次駅減速フェーズで低速5.4km/hのまま惰行を続けたため即時0点ルール（ちんたら運転）に該当し、rewardは0.0とした。
185.49999999999844,Train11,次駅への減速フェーズ（駅手前400m以内）,惰行中,0.5,力行（加速）,0.1,70.0,70.0,5.379136259891105,70.0,26.158595856063727,0.0,1.3800498071527638,0.0,9.2,この先制限速度なし,この先目立った勾配なし,先行列車なし,後続列車なし,0.0,次駅減速フェーズで低速5.4km/hのまま惰行し、先行列車不在にも関わらず停車位置へ向かうちんたら運転とノコギリ運転が判定され、即時0点規則に該当するためrewardは0.0。
185.59999999999843,Train11,次駅への減速フェーズ（駅手前400m以内）,惰行中,0.6,力行（加速）,0.1,70.0,70.0,5.337760257107284,70.0,26.009807547488606,0.0,1.358913373090455,0.0,9.2,この先制限速度なし,この先目立った勾配なし,先行列車なし,後続列車なし,0.0,低速5.3km/hで惰行を続け、先行列車なしにも関わらずちんたら運転と判定されたため即時0点とする。
185.69999999999843,Train11,次駅への減速フェーズ（駅手前400m以内）,惰行中,0.7,力行（加速）,0.1,70.0,70.0,5.296388490512272,70.0,25.86216850759726,0.0,1.3379419829383512,0.0,9.2,この先制限速度なし,この先目立った勾配なし,先行列車なし,後続列車なし,0.0,次駅減速フェーズで先行列車なし、速度5.3km/h<25km/hのまま惰行で進行しているため「ちんたら運転」に該当し、即時0点ルールが適用されrewardは0.0となります。
185.79999999999842,Train11,次駅への減速フェーズ（駅手前400m以内）,惰行中,0.7999999999999999,力行（加速）,0.1,70.0,70.0,5.255020952185136,70.0,25.715678618819737,0.0,1.3171355870379156,0.0,9.2,この先制限速度なし,この先目立った勾配なし,先行列車なし,後続列車なし,0.0,次駅減速フェーズで先行列車なしの低速5.3km/hで惰行を続けたため、ちんたら運転とみなされ即時0点と判断した。
185.8999999999984,Train11,次駅への減速フェーズ（駅手前400m以内）,惰行中,0.8999999999999999,力行（加速）,0.1,70.0,70.0,5.213657634208049,70.0,25.570337763838324,0.0,1.2964941232019567,0.0,9.2,この先制限速度なし,この先目立った勾配なし,先行列車なし,後続列車なし,0.0,低速5.2km/hで惰行を続けブレーキ未実施のため次駅減速フェーズでちんたら運転と判定し、即時0点規則とノコギリ運転に該当するためrewardは0.0とする。
185.9999999999984,Train11,次駅への減速フェーズ（駅手前400m以内）,惰行中,0.9999999999999999,力行（加速）,0.1,70.0,70.0,5.17229852866628,70.0,25.426145825534263,0.0,1.2760175582072775,0.0,9.2,この先制限速度なし,この先目立った勾配なし,先行列車なし,後続列車なし,0.0,次駅減速フェーズで先行列車なしの低速5.2km/hで惰行を続けたことがちんたら運転とみなされ、即reward0.0ルールに該当するため0.0とした。
186.0999999999984,Train11,次駅への減速フェーズ（駅手前400m以内）,惰行中,1.0999999999999999,力行（加速）,0.1,70.0,70.0,5.130943627648194,70.0,25.28310268701972,0.0,1.255705844814526,0.0,9.2,この先制限速度なし,この先目立った勾配なし,先行列車なし,後続列車なし,0.0,低速で惰行を続け、次駅減速フェーズでのちんたら運転とノコギリ運転が即0点条件に該当したため。
186.1999999999984,Train11,次駅への減速フェーズ（駅手前400m以内）,惰行中,1.2,力行（加速）,0.1,70.0,70.0,5.089592923245238,70.0,25.141208231620027,0.0,1.2355589338158133,0.0,9.2,この先制限速度なし,この先目立った勾配なし,先行列車なし,後続列車なし,0.0,次駅減速フェーズで先行列車なしの低速5.1km/hの惰行はちんたら運転とみなされ、即時0点と判断した。
186.2999999999984,Train11,次駅への減速フェーズ（駅手前400m以内）,惰行中,1.3,力行（加速）,0.1,70.0,70.0,5.048246407551947,70.0,25.00046234289144,0.0,1.2155767761255902,0.0,9.2,この先制限速度なし,この先目立った勾配なし,先行列車なし,後続列車なし,0.0,先行列車なしで低速5km/hの惰行が続き、停止位置へ向かうちんたら運転とノコギリ運転が判定されたためrewardは0.0とした。
186.39999999999839,Train11,次駅への減速フェーズ（駅手前400m以内）,惰行中,1.4000000000000001,力行（加速）,0.1,70.0,70.0,5.00690407266592,70.0,24.860864904589164,0.0,1.1957593227805572,0.0,9.2,この先制限速度なし,この先目立った勾配なし,先行列車なし,後続列車なし,0.0,低速5km/hで惰行し続け、先行列車不在にも関わらずちんたら運転と判定されたため即0点。
186.49999999999838,Train11,次駅への減速フェーズ（駅手前400m以内）,惰行中,1.5000000000000002,力行（加速）,0.1,70.0,70.0,4.965565910687833,70.0,24.722415800706443,0.0,1.1761065128442787,0.0,9.2,この先制限速度なし,この先目立った勾配なし,先行列車なし,後続列車なし,0.0,次駅減速フェーズで先行列車なしにも関わらず5km/hの低速で惰行し、停車位置へ到達できないちんたら運転のため0点とした。
186.59999999999837,Train11,次駅への減速フェーズ（駅手前400m以内）,惰行中,1.6000000000000003,力行（加速）,0.1,70.0,70.0,4.924231913721417,70.0,24.585114915456785,0.0,1.1566183124210603,0.0,9.2,この先制限速度なし,この先目立った勾配なし,先行列車なし,後続列車なし,0.0,次駅減速フェーズで先行列車なしの低速惰行がちんたら運転と判定され、即reward0.0規則に該当するため0.0とした。
186.69999999999837,Train11,次駅への減速フェーズ（駅手前400m以内）,力行（加速）中,0.1,惰行,1.6000000000000003,70.0,70.0,4.8829020738734625,70.0,24.448962133256202,0.0,1.1372946757712339,0.0,9.2,この先制限速度なし,この先目立った勾配なし,先行列車なし,後続列車なし,0.0,次駅減速フェーズで低速(4.9km/h)のまま力行し、先行列車不在のためちんたら運転と判定し即時0点とした。
186.79999999999836,Train11,次駅への減速フェーズ（駅手前400m以内）,惰行中,0.1,力行（加速）,0.1,70.0,70.0,5.141315931333007,70.0,24.309374803515027,0.0,1.2607849732857583,0.0,9.2,この先制限速度なし,この先目立った勾配なし,先行列車なし,後続列車なし,0.0,0.1秒で力行→惰行への短時間反転がノコギリ運転と判定され、上限が0.0点となったためrewardは0.0とした。
186.89999999999836,Train11,次駅への減速フェーズ（駅手前400m以内）,惰行中,0.2,力行（加速）,0.1,70.0,70.0,5.099964175071631,70.0,24.167192244650693,0.0,1.2405967309200672,0.0,9.2,この先制限速度なし,この先目立った勾配なし,先行列車なし,後続列車なし,0.0,低速5.1km/hで惰行を続け、先行列車なしにも関わらずちんたら運転と判定され、即reward0.0ルールが適用されたため0.0とした。
186.99999999999835,Train11,次駅への減速フェーズ（駅手前400m以内）,惰行中,0.30000000000000004,力行（加速）,0.1,70.0,70.0,5.058616609502489,70.0,24.02615828163235,0.0,1.2205732541630865,0.0,9.2,この先制限速度なし,この先目立った勾配なし,先行列車なし,後続列車なし,0.0,低速5.1km/hで惰行を続け、先行列車なしで停止位置へ遅延するちんたら運転かつノコギリ運転と判定されたため0.0とした。
187.09999999999835,Train11,次駅への減速フェーズ（駅手前400m以内）,惰行中,0.4,力行（加速）,0.1,70.0,70.0,5.017273226722417,70.0,23.886272798179675,0.0,1.2007144940208623,0.0,9.2,この先制限速度なし,この先目立った勾配なし,先行列車なし,後続列車なし,0.0,次駅減速フェーズで先行列車なしの低速5km/hで惰行を続けたため、即reward0.0ルールの『ちんたら運転』に該当し、評価は0.0とした。
187.19999999999834,Train11,次駅への減速フェーズ（駅手前400m以内）,惰行中,0.5,力行（加速）,0.1,70.0,70.0,4.975934018831318,70.0,23.747535678225518,0.0,1.1810203927566276,0.0,9.2,この先制限速度なし,この先目立った勾配なし,先行列車なし,後続列車なし,0.0,低速惰行がちんたら運転と2秒未満のノコギリ運転と判定され、即時0点規則に該当するためreward=0.0とした。
187.29999999999833,Train11,次駅への減速フェーズ（駅手前400m以内）,惰行中,0.6,力行（加速）,0.1,70.0,70.0,4.934598977932155,70.0,23.609946805922988,0.0,1.1614909085763576,0.0,9.2,この先制限速度なし,この先目立った勾配なし,先行列車なし,後続列車なし,0.0,次駅減速フェーズで先行列車なしにも関わらず4.9km/hの低速惰行を続けたため、即reward0.0ルールに該当し0点とした。
187.39999999999833,Train11,次駅への減速フェーズ（駅手前400m以内）,惰行中,0.7,力行（加速）,0.1,70.0,70.0,4.893268096130952,70.0,23.473506065645466,0.0,1.1421260003570635,0.0,9.2,この先制限速度なし,この先目立った勾配なし,先行列車なし,後続列車なし,0.0,先行列車なしで低速(4.9km/h)のまま惰行し続け、減速フェーズでブレーキ未実施のため即時0点のちんたら運転と判定した。
187.49999999999832,Train11,次駅への減速フェーズ（駅手前400m以内）,惰行中,0.7999999999999999,力行（加速）,0.1,70.0,70.0,4.851941365536785,70.0,23.338213341975944,0.0,1.1229256195537567,0.0,9.2,この先制限速度なし,この先目立った勾配なし,先行列車なし,後続列車なし,0.0,即reward0.0ルールで低速惰行がちんたら運転と判定され、即座に0点とする。
187.59999999999832,Train11,次駅への減速フェーズ（駅手前400m以内）,惰行中,0.8999999999999999,力行（加速）,0.1,70.0,70.0,4.8106187782617695,70.0,23.204068519724785,0.0,1.1038897177433422,0.0,9.2,この先制限速度なし,この先目立った勾配なし,先行列車なし,後続列車なし,0.0,次駅減速フェーズで先行列車なしにも関わらず低速4.8km/hの惰行が続き、適切なブレーキが遅れたためちんたら運転と判定し即時0点とした。
187.6999999999983,Train11,次駅への減速フェーズ（駅手前400m以内）,惰行中,0.9999999999999999,力行（加速）,0.1,70.0,70.0,4.769300326421062,70.0,23.071071483926175,0.0,1.0850182466245395,0.0,9.2,この先制限速度なし,この先目立った勾配なし,先行列車なし,後続列車なし,0.0,次駅減速フェーズで先行列車なしにも関わらず低速4.8km/hの惰行はちんたら運転とみなされ、即reward0.0ルールに該当するため0.0とした。
187.7999999999983,Train11,次駅への減速フェーズ（駅手前400m以内）,惰行中,1.0999999999999999,力行（加速）,0.1,70.0,70.0,4.72798600213285,70.0,22.939222119816804,0.0,1.0663111498341078,0.0,9.2,この先制限速度なし,この先目立った勾配なし,先行列車なし,後続列車なし,0.0,次駅減速フェーズで先行列車なしの低速4.7km/hで惰行を続けたため「ちんたら運転」と判定し、即reward0.0ルールが適用された。
187.8999999999983,Train11,次駅への減速フェーズ（駅手前400m以内）,惰行中,1.2,力行（加速）,0.1,70.0,70.0,4.6866757975183475,70.0,22.808520312871394,0.0,1.0477683846333896,0.0,9.2,この先制限速度なし,この先目立った勾配なし,先行列車なし,後続列車なし,0.0,次駅減速フェーズで先行列車なしの低速4.7km/hで惰行を続けたため、ちんたら運転と判定し即時0点とした。
187.9999999999983,Train11,次駅への減速フェーズ（駅手前400m以内）,惰行中,1.3,力行（加速）,0.1,70.0,70.0,4.645369704701786,70.0,22.678965948774277,0.0,1.029389911540976,0.0,9.2,この先制限速度なし,この先目立った勾配なし,先行列車なし,後続列車なし,0.0,次駅減速フェーズで低速4.6km/hの惰行を続け、ブレーキ未実施のためちんたら運転とみなされ即0点とした。
188.0999999999983,Train11,次駅への減速フェーズ（駅手前400m以内）,惰行中,1.4000000000000001,力行（加速）,0.1,70.0,70.0,4.604067715810412,70.0,22.550558913422947,0.0,1.011175682702813,0.0,9.2,この先制限速度なし,この先目立った勾配なし,先行列車なし,後続列車なし,0.0,先行列車なしで速度4.6km/hのまま惰行を続け、低速で停止位置へ向かうちんたら運転とノコギリ運転が判定され、即reward0.0ルールに該当するため0.0とした。
188.19999999999828,Train11,次駅への減速フェーズ（駅手前400m以内）,惰行中,1.5000000000000002,力行（加速）,0.1,70.0,70.0,4.562769822974479,70.0,22.423299092945825,0.0,0.9931256503862891,0.0,9.2,この先制限速度なし,この先目立った勾配なし,先行列車なし,後続列車なし,0.0,次駅減速フェーズで先行列車なしの低速惰行はちんたら運転に該当し、即reward0.0ルールにより0点とした。
188.29999999999828,Train11,次駅への減速フェーズ（駅手前400m以内）,惰行中,1.6000000000000003,力行（加速）,0.1,70.0,70.0,4.521476018327239,70.0,22.297186373684497,0.0,0.975239766980153,0.0,9.2,この先制限速度なし,この先目立った勾配なし,先行列車なし,後続列車なし,0.0,低速4.5km/hで惰行を続け、先行列車なしにも関わらず駅手前での『ちんたら運転』が即reward0.0規則に該当するため、評価は0.0とした。
188.39999999999827,Train11,次駅への減速フェーズ（駅手前400m以内）,力行（加速）中,0.1,惰行,1.6000000000000003,70.0,70.0,4.480186294004942,70.0,22.172220642193707,0.0,0.9575179775567191,0.0,9.2,この先制限速度なし,この先目立った勾配なし,先行列車なし,後続列車なし,0.0,減速フェーズで先行列車なしにも関わらず低速(4.5km/h)で力行を続けたため、ちんたら運転と判定し即時0点とした。
188.49999999999827,Train11,次駅への減速フェーズ（駅手前400m以内）,惰行中,0.1,力行（加速）,0.1,70.0,70.0,4.740750788240063,70.0,22.043786979597968,0.0,1.0720736914581104,0.0,9.2,この先制限速度なし,この先目立った勾配なし,先行列車なし,後続列車なし,0.0,次駅減速フェーズで先行列車不在にも関わらず4.7km/hの低速で惰行を続けたため、ちんたら運転と判定し即時0点とした。
188.59999999999826,Train11,次駅への減速フェーズ（駅手前400m以内）,惰行中,0.2,力行（加速）,0.1,70.0,70.0,4.699439311577042,70.0,21.912730614698006,0.0,1.0534801538785408,0.0,9.2,この先制限速度なし,この先目立った勾配なし,先行列車なし,後続列車なし,0.0,低速4.7km/hで惰行を続け、先行列車不在にも関わらず停止位置へ進むちんたら運転で即時0点規則が適用されたため。
188.69999999999825,Train11,次駅への減速フェーズ（駅手前400m以内）,惰行中,0.30000000000000004,力行（加速）,0.1,70.0,70.0,4.658131949145082,70.0,21.7828217279461,0.0,1.035050923217706,0.0,9.2,この先制限速度なし,この先目立った勾配なし,先行列車なし,後続列車なし,0.0,先行列車なしで低速4.7km/hの惰行を続け、delta_stopが20.75mと遠く、停止位置へ向かうちんたら運転と判定し即時0点とした。
188.79999999999825,Train11,次駅への減速フェーズ（駅手前400m以内）,惰行中,0.4,力行（加速）,0.1,70.0,70.0,4.616828693070496,70.0,21.654060205175796,0.0,1.0167859515840145,0.0,9.2,この先制限速度なし,この先目立った勾配なし,先行列車なし,後続列車なし,0.0,先行列車なしで低速4.6km/hの惰行が続き、停止位置へ向かう『ちんたら運転』と判定されたため即時0点とした。
188.89999999999824,Train11,次駅への減速フェーズ（駅手前400m以内）,惰行中,0.5,力行（加速）,0.1,70.0,70.0,4.5755295354826115,70.0,21.526445932437355,0.0,0.9986851912073395,0.0,9.2,この先制限速度なし,この先目立った勾配なし,先行列車なし,後続列車なし,0.0,次駅減速フェーズにおいて先行列車がいない状態で現在速度4.6km/hの低速惰行を続けているため、ちんたら運転と判定し即時0点とした。
188.99999999999824,Train11,次駅への減速フェーズ（駅手前400m以内）,惰行中,0.6,力行（加速）,0.1,70.0,70.0,4.534234468513754,70.0,21.39997879600486,0.0,0.9807485944389404,0.0,9.2,この先制限速度なし,この先目立った勾配なし,先行列車なし,後続列車なし,0.0,次駅減速フェーズで先行列車なしにも関わらず低速4.5km/hのまま惰行し続け、停止位置へ向けたブレーキ未実施のため即時0点ルールが適用された。
189.09999999999823,Train11,次駅への減速フェーズ（駅手前400m以内）,惰行中,0.7,力行（加速）,0.1,70.0,70.0,4.492943484299248,70.0,21.274658682376213,0.0,0.9629761109537444,0.0,9.2,この先制限速度なし,この先目立った勾配なし,先行列車なし,後続列車なし,0.0,次駅減速フェーズで先行列車なしにも関わらず低速4.5km/hで惰行し続けるちんたら運転と、2秒未満のノッチ切替によるノコギリ運転が即reward0.0条件に該当するため0.0とした。
189.19999999999823,Train11,次駅への減速フェーズ（駅手前400m以内）,惰行中,0.7999999999999999,力行（加速）,0.1,70.0,70.0,4.451656574977407,70.0,21.15048547825893,0.0,0.9453676858651171,0.0,9.2,この先制限速度なし,この先目立った勾配なし,先行列車なし,後続列車なし,0.0,次駅減速フェーズで先行列車なしの低速惰行は「ちんたら運転」とみなされ、即reward0.0ルールに該当するため評価は0.0とした。
189.29999999999822,Train11,次駅への減速フェーズ（駅手前400m以内）,惰行中,0.8999999999999999,力行（加速）,0.1,70.0,70.0,4.4103737326895285,70.0,21.027459070577237,0.0,0.9279232877640212,0.0,9.2,この先制限速度なし,この先目立った勾配なし,先行列車なし,後続列車なし,0.0,次駅減速フェーズで先行列車なしにも関わらず低速4.4km/hの惰行を続け、停止位置へ向かうちんたら運転と判定されたため0.0とした。
189.39999999999822,Train11,次駅への減速フェーズ（駅手前400m以内）,惰行中,0.9999999999999999,力行（加速）,0.1,70.0,70.0,4.369094949579887,70.0,20.905579346479186,0.0,0.9106428694473165,0.0,9.2,この先制限速度なし,この先目立った勾配なし,先行列車なし,後続列車なし,0.0,次駅減速フェーズで先行列車なしの低速惰行はちんたら運転とみなされ、即座に0点と判断した。
189.4999999999982,Train11,次駅への減速フェーズ（駅手前400m以内）,惰行中,1.0999999999999999,力行（加速）,0.1,70.0,70.0,4.3278202177957334,70.0,20.7848461933402,0.0,0.8935263838328824,0.0,9.2,この先制限速度なし,この先目立った勾配なし,先行列車なし,後続列車なし,0.0,次駅減速フェーズで先行列車がいない状態で4.3km/hの低速惰行を続けたため、即reward0.0ルールに該当し、評価は0.0点とした。
189.5999999999982,Train11,次駅への減速フェーズ（駅手前400m以内）,惰行中,1.2,力行（加速）,0.1,70.0,70.0,4.286549529487279,70.0,20.66525949872755,0.0,0.8765737839595349,0.0,9.2,この先制限速度なし,この先目立った勾配なし,先行列車なし,後続列車なし,0.0,次駅減速フェーズで低速のまま惰行を続けブレーキ未実施のため即時0点ルールに該当し、rewardは0.0とする。
189.6999999999982,Train11,次駅への減速フェーズ（駅手前400m以内）,惰行中,1.3,力行（加速）,0.1,70.0,70.0,4.245282876807697,70.0,20.54681915045009,0.0,0.8597850210985452,0.0,9.2,この先制限速度なし,この先目立った勾配なし,先行列車なし,後続列車なし,0.0,低速(4.2km/h)で惰行し続けているため次駅減速フェーズでのちんたら運転と判定し、即時0点規則が適用された。
189.7999999999982,Train11,次駅への減速フェーズ（駅手前400m以内）,惰行中,1.4000000000000001,力行（加速）,0.1,70.0,70.0,4.204020251913112,70.0,20.42952503653339,0.0,0.8431600389194235,0.0,9.2,この先制限速度なし,この先目立った勾配なし,先行列車なし,後続列車なし,0.0,低速で惰行・短時間の力行はちんたら運転とみなされ、即時0点規則とノコギリ運転上限によりrewardは0.0となる。
189.8999999999982,Train11,次駅への減速フェーズ（駅手前400m以内）,惰行中,1.5000000000000002,力行（加速）,0.1,70.0,70.0,4.162761646962598,70.0,20.313377045212633,0.0,0.8266988079162353,0.0,9.2,この先制限速度なし,この先目立った勾配なし,先行列車なし,後続列車なし,0.0,次駅減速フェーズで先行列車なしの低速惰行が停止位置までのブレーキ開始を遅らせるちんたら運転と判定され、即時0点規則が適用されたためreward=0.0とした。
189.99999999999818,Train11,次駅への減速フェーズ（駅手前400m以内）,惰行中,1.6000000000000003,力行（加速）,0.1,70.0,70.0,4.121507054118167,70.0,20.198375064929053,0.0,0.8104012815717062,0.0,9.2,この先制限速度なし,この先目立った勾配なし,先行列車なし,後続列車なし,0.0,先行列車がいない状態で現在速度4.1km/hのまま惰行を続け、次駅減速フェーズにおける低速ちんたら運転と判断され、即reward0.0ルールが適用されたため0.0とした。
190.09999999999818,Train11,次駅への減速フェーズ（駅手前400m以内）,力行（加速）中,0.1,惰行,1.6000000000000003,70.0,70.0,4.080256465544771,70.0,20.084518984369026,0.0,0.7942674134891385,0.0,9.2,この先制限速度なし,この先目立った勾配なし,先行列車なし,後続列車なし,0.0,次駅まで20mで速度4.1km/hのまま加速は遅延とエネルギー浪費を招き、保持時間2秒未満のノコギリ運転と判定されたためrewardは0.0とした。
190.19999999999817,Train11,次駅への減速フェーズ（駅手前400m以内）,惰行中,0.1,力行（加速）,0.1,70.0,70.0,4.342956021553268,70.0,19.967161839538505,0.0,0.8997843105141604,0.0,9.2,この先制限速度なし,この先目立った勾配なし,先行列車なし,後続列車なし,0.0,次駅減速フェーズで低速4.3km/hの惰行が続き、ブレーキ未実施のためちんたら運転と判定し即時0点とした。
190.29999999999816,Train11,次駅への減速フェーズ（駅手前400m以内）,ブレーキ（減速）中,0.1,惰行,0.1,70.0,70.0,4.3016838513323234,70.0,19.847154728580563,0.0,0.8827716158911516,0.0,9.2,この先制限速度なし,この先目立った勾配なし,先行列車なし,後続列車なし,0.0,ノコギリ運転と判定され、持続時間が2秒未満のためreward上限が0.0点となった。
190.39999999999816,Train11,次駅への減速フェーズ（駅手前400m以内）,惰行中,0.1,ブレーキ（減速）,0.1,70.0,70.0,4.174019514666874,70.0,19.729613966408266,0.0,0.8311743537349202,0.0,9.2,この先制限速度なし,この先目立った勾配なし,先行列車なし,後続列車なし,0.0,次駅減速フェーズで低速(4.2km/h)のまま惰行を続けたことが即時0点ルール(ちんたら運転)に該当し、rewardは0.0とした。
190.49999999999815,Train11,次駅への減速フェーズ（駅手前400m以内）,ブレーキ（減速）中,0.1,惰行,0.1,70.0,70.0,4.132763827813497,70.0,19.61429928429581,0.0,0.8148321617869708,0.0,9.2,この先制限速度なし,この先目立った勾配なし,先行列車なし,後続列車なし,0.0,ブレーキが過度に早く開始され、delta_stopが5m超で停止位置が確保できず、かつ0.1秒のノコギリ運転で上限0.0点となったためrewardは0.0。
190.59999999999815,Train11,次駅への減速フェーズ（駅手前400m以内）,惰行中,0.1,ブレーキ（減速）,0.1,70.0,70.0,4.005115913689998,70.0,19.501450493873307,0.0,0.7652950550631311,0.0,9.2,この先制限速度なし,この先目立った勾配なし,先行列車なし,後続列車なし,0.0,次駅減速フェーズで先行列車なしにも関わらず、現在速度4km/hのまま惰行を続けているため『ちんたら運転』と判定し、即reward0.0ルールが適用された。
190.69999999999814,Train11,次駅への減速フェーズ（駅手前400m以内）,ブレーキ（減速）中,0.1,惰行,0.1,70.0,70.0,3.963876582193853,70.0,19.39082732851105,0.0,0.7496227381090041,0.0,9.2,この先制限速度なし,この先目立った勾配なし,先行列車なし,後続列車なし,0.0,ブレーキが停止位置から18.6m離れており大幅減点対象となるためrewardは0.0とした。
190.79999999999814,Train11,次駅への減速フェーズ（駅手前400m以内）,惰行中,0.1,ブレーキ（減速）,0.1,70.0,70.0,3.8362449626501105,70.0,19.282669601306424,0.0,0.7021450324302206,0.0,9.2,この先制限速度なし,この先目立った勾配なし,先行列車なし,後続列車なし,0.0,次駅減速フェーズで先行列車なしにも関わらず低速3.8km/hの惰行を続け、停止位置へ向けたブレーキ未実施のため即時0点とした。
190.89999999999813,Train11,次駅への減速フェーズ（駅手前400m以内）,ブレーキ（減速）中,0.1,惰行,0.1,70.0,70.0,3.7950218585981754,70.0,19.1767370476974,0.0,0.6871419885636454,0.0,9.2,この先制限速度なし,この先目立った勾配なし,先行列車なし,後続列車なし,0.0,ブレーキが停止位置から遠く、delta_stopが18.5mで過早に減速し、保持時間が7秒未満の反転操作でノコギリ運転と判定されたためrewardは0.0とした。
190.99999999999812,Train11,次駅への減速フェーズ（駅手前400m以内）,惰行中,0.1,ブレーキ（減速）,0.1,70.0,70.0,3.667406405768915,70.0,19.07326948226995,0.0,0.6417229792557394,0.0,9.2,この先制限速度なし,この先目立った勾配なし,先行列車なし,後続列車なし,0.0,低速で惰行し続けたことがちんたら運転と即時0点規則に該当し、さらにノコギリ運転と判定されたため0.0とした。
191.09999999999812,Train11,次駅への減速フェーズ（駅手前400m以内）,ブレーキ（減速）中,0.1,惰行,0.1,70.0,70.0,3.6261994013446897,70.0,18.972026642536832,0.0,0.6273885788915532,0.0,9.2,この先制限速度なし,この先目立った勾配なし,先行列車なし,後続列車なし,0.0,惰行からブレーキへの0.1秒の短時間反転がノコギリ運転と判定され、上限が0.0点となったためrewardは0.0とした。
191.1999999999981,Train11,次駅への減速フェーズ（駅手前400m以内）,惰行中,0.1,ブレーキ（減速）,0.1,70.0,70.0,3.498599987460774,70.0,18.873248344551286,0.0,0.5840275805805655,0.0,9.2,この先制限速度なし,この先目立った勾配なし,先行列車なし,後続列車なし,0.0,先行列車なしで低速3.5km/hの惰行を続け、停止位置まで加速せずに進むちんたら運転が即時0点条件に該当したためreward=0.0とした。
191.2999999999981,Train11,次駅への減速フェーズ（駅手前400m以内）,ブレーキ（減速）中,0.1,惰行,0.1,70.0,70.0,3.4574089549434945,70.0,18.77669432790796,0.0,0.5703612130483289,0.0,9.2,この先制限速度なし,この先目立った勾配なし,先行列車なし,後続列車なし,0.0,δ_stopが18.21mでブレーキが早すぎ、保持時間0.1秒のノコギリ運転と判定されたため、評価は0.0とした。
191.3999999999981,Train11,次駅への減速フェーズ（駅手前400m以内）,惰行中,0.1,ブレーキ（減速）,0.1,70.0,70.0,3.329825452331133,70.0,18.682604410123815,0.0,0.5290574913806037,0.0,9.2,この先制限速度なし,この先目立った勾配なし,先行列車なし,後続列車なし,0.0,次駅減速フェーズで先行列車なしにも関わらず低速3.3km/hで惰行を続けたため、即reward0.0ルールのちんたら運転に該当し0点とした。
191.4999999999981,Train11,次駅への減速フェーズ（駅手前400m以内）,ブレーキ（減速）中,0.1,惰行,0.1,70.0,70.0,3.2886502640949846,70.0,18.590738332868284,0.0,0.5160585772466729,0.0,9.2,この先制限速度なし,この先目立った勾配なし,先行列車なし,後続列車なし,0.0,delta_stopが18mと5m超過し、ブレーキ開始が適切でなく停止位置が大幅に逸脱しているため即0点とした。
191.5999999999981,Train11,次駅への減速フェーズ（駅手前400m以内）,惰行中,0.1,ブレーキ（減速）,0.1,70.0,70.0,3.1610825451749482,70.0,18.501335915139805,0.0,0.4768114433465896,0.0,9.2,この先制限速度なし,この先目立った勾配なし,先行列車なし,後続列車なし,0.0,低速(3.2km/h)で惰行を続け、先行列車なしにも関わらず停止位置へ向かうちんたら運転かつ7秒未満のブレーキ→惰行のノコギリ運転と判定し、即時0点規則が適用されたためreward=0.0。
191.69999999999808,Train11,次駅への減速フェーズ（駅手前400m以内）,ブレーキ（減速）中,0.1,惰行,0.1,70.0,70.0,3.119923073688282,70.0,18.41415690067194,0.0,0.4644793708930671,0.0,9.2,この先制限速度なし,この先目立った勾配なし,先行列車なし,後続列車なし,0.0,次駅減速フェーズで低速のままブレーキをかけ続け、停止位置が達成できずノコギリ運転（惰行→減速）に該当し上限0.0点となった。
191.79999999999808,Train11,次駅への減速フェーズ（駅手前400m以内）,惰行中,0.1,ブレーキ（減速）,0.1,70.0,70.0,2.992371010975117,70.0,18.329441109933953,0.0,0.42728816104748635,0.0,9.2,この先制限速度なし,この先目立った勾配なし,先行列車なし,後続列車なし,0.0,次駅減速フェーズで先行列車がいないにも関わらず、現在速度3km/hのまま惰行を続けることはちんたら運転と判断され、即時0点の即reward0.0ルールが適用される。
191.89999999999807,Train11,次駅への減速フェーズ（駅手前400m以内）,力行（加速）中,0.1,惰行,0.1,70.0,70.0,2.9512271287996645,70.0,18.246948288730636,0.0,0.4156223386815776,0.0,9.2,この先制限速度なし,この先目立った勾配なし,先行列車なし,後続列車なし,0.0,次駅減速フェーズで先行列車なしの低速3km/hで力行を続けたことが『ちんたら運転』に該当し、即時0点ルールが適用されたため0.0とした。
191.99999999999807,Train11,次駅への減速フェーズ（駅手前400m以内）,ブレーキ（減速）中,0.1,力行（加速）,0.1,70.0,70.0,3.2199503619026606,70.0,18.16086097067071,0.0,0.49472984334728615,0.0,9.2,この先制限速度なし,この先目立った勾配なし,先行列車なし,後続列車なし,0.0,ブレーキが停止位置より早く掛かりdelta_stopが大きく不適切で、0.2秒の力行→減速がノコギリ運転と判定されたためrewardは0.0とした。
192.09999999999806,Train11,次駅への減速フェーズ（駅手前400m以内）,惰行中,0.1,ブレーキ（減速）,0.1,70.0,70.0,3.0923890326803356,70.0,18.073366785849032,0.0,0.4563198437668939,0.0,9.2,この先制限速度なし,この先目立った勾配なし,先行列車なし,後続列車なし,0.0,次駅減速フェーズで先行列車なしにも関わらず低速3.1km/hの惰行がちんたら運転と判定され、即時0点規則に該当したためreward=0.0。
192.19999999999806,Train11,次駅への減速フェーズ（駅手前400m以内）,ブレーキ（減速）中,0.1,惰行,0.1,70.0,70.0,3.051235923649602,70.0,17.98809582727756,0.0,0.4442591081876361,0.0,9.2,この先制限速度なし,この先目立った勾配なし,先行列車なし,後続列車なし,0.0,ブレーキをかけたままdelta_stopが17.5mと大きく、駅手前での停止が確実と判断され即時0点規則に該当するため0.0とした。
192.29999999999805,Train11,次駅への減速フェーズ（駅手前400m以内）,惰行中,0.1,ブレーキ（減速）,0.1,70.0,70.0,2.9236901987560064,70.0,17.90528791601176,0.0,0.4079047343311471,0.0,9.2,この先制限速度なし,この先目立った勾配なし,先行列車なし,後続列車なし,0.0,次駅減速フェーズで先行列車なしの低速惰行はちんたら運転とみなされ即時0点規則に該当し、rewardは0.0とする。
192.39999999999804,Train11,次駅への減速フェーズ（駅手前400m以内）,力行（加速）中,0.1,惰行,0.1,70.0,70.0,2.882552627177441,70.0,17.824702798705516,0.0,0.39651001431343286,0.0,9.2,この先制限速度なし,この先目立った勾配なし,先行列車なし,後続列車なし,0.0,次駅減速フェーズで低速2.9km/hのまま加速し、即時0.0規則の「ちんたら運転」に該当するためrewardは0.0とした。
192.49999999999804,Train11,次駅への減速フェーズ（駅手前400m以内）,ブレーキ（減速）中,0.1,力行（加速）,0.1,70.0,70.0,3.1516420787141,70.0,17.740517506389608,0.0,0.47396865027852436,0.0,9.2,この先制限速度なし,この先目立った勾配なし,先行列車なし,後続列車なし,0.0,次駅減速フェーズでブレーキを早期に掛け停止位置が達成できず、0.1秒の力行→ブレーキというノコギリ運転と判断され上限が0点となったためrewardは0.0。
192.59999999999803,Train11,次駅への減速フェーズ（駅手前400m以内）,惰行中,0.1,ブレーキ（減速）,0.1,70.0,70.0,3.024087082296974,70.0,17.654920677038888,0.0,0.43639097330972865,0.0,9.2,この先制限速度なし,この先目立った勾配なし,先行列車なし,後続列車なし,0.0,次駅減速フェーズで先行列車なしにも関わらず3km/hの低速惰行がちんたら運転と判定され、即reward0.0ルールが適用されたため0.0とした。
192.69999999999803,Train11,次駅への減速フェーズ（駅手前400m以内）,ブレーキ（減速）中,0.1,惰行,0.1,70.0,70.0,2.982940278990632,70.0,17.571546898494717,0.0,0.4245999430180831,0.0,9.2,この先制限速度なし,この先目立った勾配なし,先行列車なし,後続列車なし,0.0,保持時間0.1秒で惰行→減速への不合理な切替がノコギリ運転と判定され、上限0.0点となったためrewardは0.0。
192.79999999999802,Train11,次駅への減速フェーズ（駅手前400m以内）,惰行中,0.1,ブレーキ（減速）,0.1,70.0,70.0,2.8554008353311584,70.0,17.49063599241296,0.0,0.38907760004935454,0.0,9.2,この先制限速度なし,この先目立った勾配なし,先行列車なし,後続列車なし,0.0,次駅減速フェーズで先行列車なしの低速2.9km/hで惰行を続け、ブレーキ未実施のため即時0点ルール（ちんたら運転）に該当し、rewardは0.0とした。
192.89999999999802,Train11,次駅への減速フェーズ（駅手前400m以内）,力行（加速）中,0.1,惰行,0.1,70.0,70.0,2.8142695179248305,70.0,17.41194770628951,0.0,0.3779523596039011,0.0,9.2,この先制限速度なし,この先目立った勾配なし,先行列車なし,後続列車なし,0.0,次駅減速フェーズで先行列車不在にも関わらず低速2.8km/hで力行し、ちんたら運転と判定されたため即0点とした。
192.999999999998,Train11,次駅への減速フェーズ（駅手前400m以内）,ブレーキ（減速）中,0.1,力行（加速）,0.1,70.0,70.0,3.083723080420065,70.0,17.32965359992278,0.0,0.45376669746935117,0.0,9.2,この先制限速度なし,この先目立った勾配なし,先行列車なし,後続列車なし,0.0,駅手前でのブレーキにより停止位置に到達できず、即時0点ルール（駅手前停止ほぼ確実）に該当するためreward=0.0とした。
193.099999999998,Train11,次駅への減速フェーズ（駅手前400m以内）,惰行中,0.1,ブレーキ（減速）,0.1,70.0,70.0,2.9561743604820085,70.0,17.245943313433543,0.0,0.41701652817196194,0.0,9.2,この先制限速度なし,この先目立った勾配なし,先行列車なし,後続列車なし,0.0,低速3km/hで惰行を続け、ブレーキ未実施のため次駅減速フェーズのちんたら運転に該当し、即reward0.0ルールが適用された。
193.199999999998,Train11,次駅への減速フェーズ（駅手前400m以内）,ブレーキ（減速）中,0.1,惰行,0.1,70.0,70.0,2.9150338067338617,70.0,17.164455903873943,0.0,0.40549359387507816,0.0,9.2,この先制限速度なし,この先目立った勾配なし,先行列車なし,後続列車なし,0.0,delta_stopが16.76mでブレーキをかけたため駅手前で停止が確実となり、即reward0.0ルールに該当する。
193.299999999998,Train11,次駅への減速フェーズ（駅手前400m以内）,惰行中,0.1,ブレーキ（減速）,0.1,70.0,70.0,2.78750058828745,70.0,17.085431193500256,0.0,0.37079850930765723,0.0,9.2,この先制限速度なし,この先目立った勾配なし,先行列車なし,後続列車なし,0.0,次駅減速フェーズで先行列車がいないにも関わらず、現在速度2.8km/hという低速で惰行を続けていることが「ちんたら運転」に該当し、即reward0.0ルールにより評価を0.0としました。
193.399999999998,Train11,次駅への減速フェーズ（駅手前400m以内）,ブレーキ（減速）中,0.1,惰行,0.1,70.0,70.0,2.746375469192063,70.0,17.00862893062194,0.0,0.3599411350952213,0.0,9.2,この先制限速度なし,この先目立った勾配なし,先行列車なし,後続列車なし,0.0,保持時間が7秒未満で惰行→減速への不合理な切替があり、ノコギリ運転と判定され上限0.0点となった。
193.49999999999798,Train11,次駅への減速フェーズ（駅手前400m以内）,惰行中,0.1,ブレーキ（減速）,0.1,70.0,70.0,2.6188576249567364,70.0,16.934288938958986,0.0,0.32730043525589514,0.0,9.2,この先制限速度なし,この先目立った勾配なし,先行列車なし,後続列車なし,0.0,次駅減速フェーズで先行列車なしにも関わらず速度2.6km/hの惰行を続け、停止位置へ向かうちんたら運転と判定されたため即時0点とした。
193.59999999999798,Train11,次駅への減速フェーズ（駅手前400m以内）,力行（加速）中,0.1,惰行,0.1,70.0,70.0,2.5777478132798555,70.0,16.862170968902745,0.0,0.3171080384899625,0.0,9.2,この先制限速度なし,この先目立った勾配なし,先行列車なし,後続列車なし,0.0,低速（2.6km/h）で力行を続け、先行列車なしの減速フェーズで不適切な加速を行ったため、即時0点ルールに該当し、rewardは0.0とする。
193.69999999999797,Train11,次駅への減速フェーズ（駅手前400m以内）,ブレーキ（減速）中,0.1,力行（加速）,0.1,70.0,70.0,2.848462440995781,70.0,16.786427628801448,0.0,0.3871895879709936,0.0,9.2,この先制限速度なし,この先目立った勾配なし,先行列車なし,後続列車なし,0.0,保持時間0.1秒で力行→ブレーキへの反転がノコギリ運転と判定され、上限0.0点となったためrewardは0.0とした。
193.79999999999797,Train11,次駅への減速フェーズ（駅手前400m以内）,惰行中,0.1,ブレーキ（減速）,0.1,70.0,70.0,2.7209353057891157,70.0,16.709252030004507,0.0,0.3533054323376955,0.0,9.2,この先制限速度なし,この先目立った勾配なし,先行列車なし,後続列車なし,0.0,低速2.7km/hでブレーキせず惰行を続けたため「ちんたら運転」と判定し、即時0点規則が適用された。
193.89999999999796,Train11,次駅への減速フェーズ（駅手前400m以内）,ブレーキ（減速）中,0.1,惰行,0.1,70.0,70.0,2.6798162435656327,70.0,16.63429871019062,0.0,0.34271057718119413,0.0,9.2,この先制限速度なし,この先目立った勾配なし,先行列車なし,後続列車なし,0.0,ブレーキがdelta_stop 16.29mで開始され、保持時間が7秒未満で逆転操作となりノコギリ運転と判定、即時0点上限によりreward=0.0とした。
193.99999999999795,Train11,次駅への減速フェーズ（駅手前400m以内）,惰行中,0.1,ブレーキ（減速）,0.1,70.0,70.0,2.552304432358906,70.0,16.56180749365177,0.0,0.3108805615875321,0.0,9.2,この先制限速度なし,この先目立った勾配なし,先行列車なし,後続列車なし,0.0,次駅減速フェーズで先行列車不在にも関わらず速度2.6km/hのまま惰行を続けたため、即reward0.0ルールに該当し0点とした。
194.09999999999795,Train11,次駅への減速フェーズ（駅手前400m以内）,力行（加速）中,0.1,惰行,0.1,70.0,70.0,2.51120062736095,70.0,16.491538131603534,0.0,0.3009504705903989,0.0,9.2,この先制限速度なし,この先目立った勾配なし,先行列車なし,後続列車なし,0.0,次駅減速フェーズで低速2.5km/hのまま加速し、停止位置遅延となるちんたら運転で即時0点規則に該当したため0.0とした。
194.19999999999794,Train11,次駅への減速フェーズ（駅手前400m以内）,ブレーキ（減速）中,0.1,力行（加速）,0.1,70.0,70.0,2.7822700215984657,70.0,16.417637900236315,0.0,0.36940864699489767,0.0,9.2,この先制限速度なし,この先目立った勾配なし,先行列車なし,後続列車なし,0.0,ブレーキが停止点より16m前に開始され、delta_stop>5mかつ0.1秒で力行→ブレーキのノコギリ運転で評価上限0.0となったため0.0点。
194.29999999999794,Train11,次駅への減速フェーズ（駅手前400m以内）,惰行中,0.1,ブレーキ（減速）,0.1,70.0,70.0,2.654748915783668,70.0,16.342300887554728,0.0,0.3363307481303512,0.0,9.2,この先制限速度なし,この先目立った勾配なし,先行列車なし,後続列車なし,0.0,先行列車なしで速度2.7km/hのまま惰行を続け、delta_stopが大きく停止準備が不適切なため即時0点ルールが適用され、rewardは0.0となる。
194.39999999999793,Train11,次駅への減速フェーズ（駅手前400m以内）,ブレーキ（減速）中,0.1,惰行,0.1,70.0,70.0,2.6136358567395455,70.0,16.269185986828916,0.0,0.3259968633113058,0.0,9.2,この先制限速度なし,この先目立った勾配なし,先行列車なし,後続列車なし,0.0,低速（2.6km/h）で惰行し続け、先行列車なしの減速フェーズで即時零点ルールに該当するため0.0とした。
194.49999999999793,Train11,次駅への減速フェーズ（駅手前400m以内）,惰行中,0.1,ブレーキ（減速）,0.1,70.0,70.0,2.486130025009816,70.0,16.198533022933503,0.0,0.29497285981708676,0.0,9.2,この先制限速度なし,この先目立った勾配なし,先行列車なし,後続列車なし,0.0,低速2.5km/hで惰行を続け、先行列車不在にも関わらず停車位置へ向かうちんたら運転と、7秒未満のノコギリ運転が即0点要因となった。
194.59999999999792,Train11,次駅への減速フェーズ（駅手前400m以内）,力行（加速）中,0.1,惰行,0.1,70.0,70.0,2.4450321732943565,70.0,16.13010174788343,0.0,0.28530349847099773,0.0,9.2,この先制限速度なし,この先目立った勾配なし,先行列車なし,後続列車なし,0.0,次駅減速フェーズで先行列車不在の低速2.4km/hで力行を続け、即0.0ルールのちんたら運転に該当したため0.0とした。
194.6999999999979,Train11,次駅への減速フェーズ（駅手前400m以内）,ブレーキ（減速）中,0.1,力行（加速）,0.1,70.0,70.0,2.716454295943778,70.0,16.05803413607987,0.0,0.35214301634170664,0.0,9.2,この先制限速度なし,この先目立った勾配なし,先行列車なし,後続列車なし,0.0,ノコギリ運転と判定され、prev_notch_durationが0.1秒で上限0.0点となったためrewardは0.0とした。
194.7999999999979,Train11,次駅への減速フェーズ（駅手前400m以内）,惰行中,0.1,ブレーキ（減速）,0.1,70.0,70.0,2.5889391662063312,70.0,15.984525246615533,0.0,0.31986675977130696,0.0,9.2,この先制限速度なし,この先目立った勾配なし,先行列車なし,後続列車なし,0.0,次駅減速フェーズで先行列車なしにも関わらず速度2.6km/hのまま惰行し続けるちんたら運転と、保持時間が2秒未満のノコギリ運転が判定され、即reward0.0規則が適用されたため0.0とした。
194.8999999999979,Train11,次駅への減速フェーズ（駅手前400m以内）,ブレーキ（減速）中,0.1,惰行,0.1,70.0,70.0,2.5478320571813926,70.0,15.91323830355762,0.0,0.3097922893739233,0.0,9.2,この先制限速度なし,この先目立った勾配なし,先行列車なし,後続列車なし,0.0,次駅減速フェーズでブレーキを過早に開始し、delta_stopが15.6mと大きく停止位置が達成できないため、即時減点基準に該当しrewardは0.0となる。
194.9999999999979,Train11,次駅への減速フェーズ（駅手前400m以内）,惰行中,0.1,ブレーキ（減速）,0.1,70.0,70.0,2.4203321519085095,70.0,15.844413132352742,0.0,0.27956964840156073,0.0,9.2,この先制限速度なし,この先目立った勾配なし,先行列車なし,後続列車なし,0.0,低速で惰行し続けたことが次駅減速フェーズのちんたら運転とノコギリ運転に該当し、即時0点規則によりreward=0.0とした。
195.0999999999979,Train11,次駅への減速フェーズ（駅手前400m以内）,ブレーキ（減速）中,0.1,惰行,0.1,70.0,70.0,2.379240200609573,70.0,15.77780948581875,0.0,0.27015948406839213,0.0,9.2,この先制限速度なし,この先目立った勾配なし,先行列車なし,後続列車なし,0.0,次駅減速フェーズでdelta_stopが15.5mと大きく、早すぎるブレーキとノコギリ運転により停止位置が不適切で即0点とした。
195.19999999999789,Train11,次駅への減速フェーズ（駅手前400m以内）,惰行中,0.1,ブレーキ（減速）,0.1,70.0,70.0,2.2517553927184117,70.0,15.713667190865976,0.0,0.24198982070941125,0.0,9.2,この先制限速度なし,この先目立った勾配なし,先行列車なし,後続列車なし,0.0,次駅減速フェーズで先行列車なしにも関わらず低速2.3km/hで惰行を続けたため『ちんたら運転』と判定し、即時0点ルールが適用された。
195.29999999999788,Train11,次駅への減速フェーズ（駅手前400m以内）,力行（加速）中,0.1,惰行,0.1,70.0,70.0,2.2106784721080843,70.0,15.651746002383504,0.0,0.23324339937605265,0.0,9.2,この先制限速度なし,この先目立った勾配なし,先行列車なし,後続列車なし,0.0,先行列車なしで速度2.2km/hのまま力行を続けたことが「ちんたら運転」に該当し、即時0点規則が適用されるためrewardは0.0とした。
195.39999999999787,Train11,次駅への減速フェーズ（駅手前400m以内）,ブレーキ（減速）中,0.1,力行（加速）,0.1,70.0,70.0,2.4833497260825146,70.0,15.58616911701094,0.0,0.2943136413929527,0.0,9.2,この先制限速度なし,この先目立った勾配なし,先行列車なし,後続列車なし,0.0,ブレーキが過早に開始され、delta_stopが15.29mと大きく、0.1秒の力行→ブレーキの短時間切替でノコギリ運転と判定され、reward上限0.0となる。
195.49999999999787,Train11,次駅への減速フェーズ（駅手前400m以内）,惰行中,0.1,ブレーキ（減速）,0.1,70.0,70.0,2.355855609877565,70.0,15.519135033137843,0.0,0.2648762403261884,0.0,9.2,この先制限速度なし,この先目立った勾配なし,先行列車なし,後続列車なし,0.0,次駅減速フェーズで先行列車なしの低速惰行は即reward0.0ルールに該当し、評価は0.0とする。
195.59999999999786,Train11,次駅への減速フェーズ（駅手前400m以内）,ブレーキ（減速）中,0.1,惰行,0.1,70.0,70.0,2.314769422134118,70.0,15.454322313587454,0.0,0.2557200004377055,0.0,9.2,この先制限速度なし,この先目立った勾配なし,先行列車なし,後続列車なし,0.0,ブレーキが過早に開始されδ_stopが15.2mで停止位置が大幅にずれ、かつノコギリ運転と判定されたためrewardは0.0とした。
195.69999999999786,Train11,次駅への減速フェーズ（駅手前400m以内）,惰行中,0.1,ブレーキ（減速）,0.1,70.0,70.0,2.1872903547311746,70.0,15.39197078580301,0.0,0.22833531225285655,0.0,9.2,この先制限速度なし,この先目立った勾配なし,先行列車なし,後続列車なし,0.0,次駅減速フェーズで先行列車なしにも関わらず低速2.2km/hの惰行がちんたら運転と判定され、即reward0.0ルールに該当したため0.0とした。
195.79999999999785,Train11,次駅への減速フェーズ（駅手前400m以内）,力行（加速）中,0.1,惰行,0.1,70.0,70.0,2.146219149113899,70.0,15.331840205480063,0.0,0.21984260494211424,0.0,9.2,この先制限速度なし,この先目立った勾配なし,先行列車なし,後続列車なし,0.0,次駅減速フェーズで低速(2.1km/h)のまま加速し、ちんたら運転とノコギリ運転（0.1秒保持）に該当し、即時0点規則が適用されたためrewardは0.0とした。
195.89999999999785,Train11,次駅への減速フェーズ（駅手前400m以内）,ブレーキ（減速）中,0.1,力行（加速）,0.1,70.0,70.0,2.419233936629539,70.0,15.268048604387019,0.0,0.2793160600987636,0.0,9.2,この先制限速度なし,この先目立った勾配なし,先行列車なし,後続列車なし,0.0,0.1秒の力行→ブレーキという短時間反転はノコギリ運転と判定され、上限rewardは0.0点となるため評価は0.0とした。
195.99999999999784,Train11,次駅への減速フェーズ（駅手前400m以内）,惰行中,0.1,ブレーキ（減速）,0.1,70.0,70.0,2.2917455585523263,70.0,15.202795426912274,0.0,0.25065940967068406,0.0,9.2,この先制限速度なし,この先目立った勾配なし,先行列車なし,後続列車なし,0.0,次駅減速フェーズで先行列車なしにも関わらず低速2.3km/hのまま惰行を続け、停止位置へ向けたブレーキ未実施のため即時0点ルールが適用された。
196.09999999999783,Train11,次駅への減速フェーズ（駅手前400m以内）,ブレーキ（減速）中,0.1,惰行,0.1,70.0,70.0,2.250665083574028,70.0,15.139763454808275,0.0,0.24175558499680544,0.0,9.2,この先制限速度なし,この先目立った勾配なし,先行列車なし,後続列車なし,0.0,次駅減速フェーズでdelta_stopが14.9mと遠く、不要なブレーキと0.1秒のノコギリ運転に該当し、停止位置達成が不適切なため0点とした。
196.19999999999783,Train11,次駅への減速フェーズ（駅手前400m以内）,惰行中,0.1,ブレーキ（減速）,0.1,70.0,70.0,2.12319170600489,70.0,15.079192516086692,0.0,0.21515137495043646,0.0,9.2,この先制限速度なし,この先目立った勾配なし,先行列車なし,後続列車なし,0.0,次駅減速フェーズで低速惰行が続き、即reward0.0ルールのちんたら運転に該当するためrewardは0.0とした。
196.29999999999782,Train11,次駅への減速フェーズ（駅手前400m以内）,ブレーキ（減速）中,0.1,惰行,0.1,70.0,70.0,2.0821261648759544,70.0,15.020842367214016,0.0,0.20691087521840326,0.0,9.2,この先制限速度なし,この先目立った勾配なし,先行列車なし,後続列車なし,0.0,保持時間0.1秒で惰行→減速への不合理な切替があり、ノコギリ運転と判定され上限0.0点となった。
196.39999999999782,Train11,次駅への減速フェーズ（駅手前400m以内）,惰行中,0.1,ブレーキ（減速）,0.1,70.0,70.0,1.9546676608894151,70.0,14.964952837669188,0.0,0.1823584901897897,0.0,9.2,この先制限速度なし,この先目立った勾配なし,先行列車なし,後続列車なし,0.0,次駅減速フェーズで先行列車不在にも関わらず速度2km/hのまま惰行を続け、停止位置へ到達できず遅延が確定するため即時0点ルールに該当し、rewardは0.0とした。
196.4999999999978,Train11,次駅への減速フェーズ（駅手前400m以内）,力行（加速）中,0.1,惰行,0.1,70.0,70.0,1.9136169267291208,70.0,14.911283685982823,0.0,0.17478076276640386,0.0,9.2,この先制限速度なし,この先目立った勾配なし,先行列車なし,後続列車なし,0.0,先行列車なしで低速1.9km/hのまま力行を続けたため即時0点ルールに該当し、rewardは0.0とした。
196.5999999999978,Train11,次駅への減速フェーズ（駅手前400m以内）,ブレーキ（減速）中,0.1,力行（加速）,0.1,70.0,70.0,2.187871208999612,70.0,14.853934306465533,0.0,0.2284565750508253,0.0,9.2,この先制限速度なし,この先目立った勾配なし,先行列車なし,後続列車なし,0.0,0.1秒の力行からブレーキへの短時間反転がノコギリ運転と判定され、上限0.0点のためreward=0.0。
196.6999999999978,Train11,次駅への減速フェーズ（駅手前400m以内）,惰行中,0.1,ブレーキ（減速）,0.1,70.0,70.0,2.0604033875211316,70.0,14.795107557073806,0.0,0.20261687367213746,0.0,9.2,この先制限速度なし,この先目立った勾配なし,先行列車なし,後続列車なし,0.0,低速2.1km/hで減速フェーズに惰行し、即時0点ルール（ちんたら運転）と2秒未満のノコギリ運転が適用されるためrewardは0.0。
196.7999999999978,Train11,次駅への減速フェーズ（駅手前400m以内）,ブレーキ（減速）中,0.1,惰行,0.1,70.0,70.0,2.0193433776601326,70.0,14.738501443627428,0.0,0.1946233630790208,0.0,9.2,この先制限速度なし,この先目立った勾配なし,先行列車なし,後続列車なし,0.0,保持時間0.1秒の惰行から0.1秒の減速への短時間反転でノコギリ運転と判定され、上限0.0点のためrewardは0.0となった。
196.8999999999978,Train11,次駅への減速フェーズ（駅手前400m以内）,惰行中,0.1,ブレーキ（減速）,0.1,70.0,70.0,1.8918903824998403,70.0,14.684355796156012,0.0,0.17083521967503087,0.0,9.2,この先制限速度なし,この先目立った勾配なし,先行列車なし,後続列車なし,0.0,低速で惰行し続けるちんたら運転が即時0点規則に該当するためrewardは0.0とした。
196.99999999999778,Train11,次駅への減速フェーズ（駅手前400m以内）,力行（加速）中,0.1,惰行,0.1,70.0,70.0,1.8508451323596466,70.0,14.632430373946903,0.0,0.1635042812272843,0.0,9.2,この先制限速度なし,この先目立った勾配なし,先行列車なし,後続列車なし,0.0,次駅減速フェーズで低速のまま力行し、即時ゼロ規則に該当し、ノコギリ運転でもあるためrewardは0.0とした。
197.09999999999778,Train11,次駅への減速フェーズ（駅手前400m以内）,ブレーキ（減速）中,0.1,力行（加速）,0.1,70.0,70.0,2.1254338737913683,70.0,14.576819541670005,0.0,0.21560593468335953,0.0,9.2,この先制限速度なし,この先目立った勾配なし,先行列車なし,後続列車なし,0.0,ブレーキが停止位置から遠く離れた段階で開始され、ノコギリ運転と判定されたためrewardは0.0とした。
197.19999999999777,Train11,次駅への減速フェーズ（駅手前400m以内）,惰行中,0.1,ブレーキ（減速）,0.1,70.0,70.0,1.9979715597552847,70.0,14.519727078482703,0.0,0.19052635511483743,0.0,9.2,この先制限速度なし,この先目立った勾配なし,先行列車なし,後続列車なし,0.0,低速で惰行し続けた上にノコギリ運転（保持時間0.1秒）となり、即時0点規則に該当するためreward=0.0。
197.29999999999777,Train11,次駅への減速フェーズ（駅手前400m以内）,ブレーキ（減速）中,0.1,惰行,0.1,70.0,70.0,1.9569170326594219,70.0,14.464855098680118,0.0,0.18277835638998452,0.0,9.2,この先制限速度なし,この先目立った勾配なし,先行列車なし,後続列車なし,0.0,次駅減速フェーズでブレーキをかけているが delta_stop が 5 m 超えており、停止位置までの距離が過大であるため大幅減点とし reward=0.0 とした。
197.39999999999776,Train11,次駅への減速フェーズ（駅手前400m以内）,惰行中,0.1,ブレーキ（減速）,0.1,70.0,70.0,1.8294694979544894,70.0,14.412443432842537,0.0,0.15975009811695526,0.0,9.2,この先制限速度なし,この先目立った勾配なし,先行列車なし,後続列車なし,0.0,次駅減速フェーズで先行列車なしの低速惰行はちんたら運転とみなされ、即時0点規則に該当するためrewardは0.0とした。
197.49999999999775,Train11,次駅への減速フェーズ（駅手前400m以内）,ブレーキ（減速）中,0.1,惰行,0.1,70.0,70.0,1.7884296836088205,70.0,14.362251841014029,0.0,0.15266448703584973,0.0,9.2,この先制限速度なし,この先目立った勾配なし,先行列車なし,後続列車なし,0.0,ブレーキがdelta_stop>5mで開始され、保持時間が2秒未満の惰行→減速の反転操作でノコギリ運転と判定され、停止位置達成が不適切と判断されたため0点とする。
197.59999999999775,Train11,次駅への減速フェーズ（駅手前400m以内）,惰行中,0.1,ブレーキ（減速）,0.1,70.0,70.0,1.6609968014627938,70.0,14.314520155238597,0.0,0.13168691932693355,0.0,9.2,この先制限速度なし,この先目立った勾配なし,先行列車なし,後続列車なし,0.0,次駅減速フェーズで先行列車なしにも関わらず低速1.7km/hの惰行が続き、ちんたら運転と判定されたため0.0とした。
197.69999999999774,Train11,次駅への減速フェーズ（駅手前400m以内）,力行（加速）中,0.1,惰行,0.1,70.0,70.0,1.6199715731391457,70.0,14.269008137627992,0.0,0.12526314056439783,0.0,9.2,この先制限速度なし,この先目立った勾配なし,先行列車なし,後続列車なし,0.0,低速でブレーキせずに加速し、先行列車不在の減速フェーズでのちんたら運転に該当するため即時0点とした。
197.79999999999774,Train11,次駅への減速フェーズ（駅手前400m以内）,ブレーキ（減速）中,0.1,力行（加速）,0.1,70.0,70.0,1.8957903022758187,70.0,14.219791653875546,0.0,0.17154012977473224,0.0,9.2,この先制限速度なし,この先目立った勾配なし,先行列車なし,後続列車なし,0.0,ブレーキが停止点から14m離れた状態で継続され、保持時間が2秒未満のノコギリ運転と判定されたため、即時0点とした。
197.89999999999773,Train11,次駅への減速フェーズ（駅手前400m以内）,惰行中,0.1,ブレーキ（減速）,0.1,70.0,70.0,1.7683480978306176,70.0,14.169077871251545,0.0,0.14925590206014813,0.0,9.2,この先制限速度なし,この先目立った勾配なし,先行列車なし,後続列車なし,0.0,低速惰行がちんたら運転とノコギリ運転と判定され、即時0点とした。
197.99999999999773,Train11,次駅への減速フェーズ（駅手前400m以内）,ブレーキ（減速）中,0.1,惰行,0.1,70.0,70.0,1.727313589601555,70.0,14.12058401501426,0.0,0.14241044444251674,0.0,9.2,この先制限速度なし,この先目立った勾配なし,先行列車なし,後続列車なし,0.0,ブレーキ開始が停止位置から遠く、ノコギリ運転（0.1秒の反転）に該当しreward上限が0.0となったため0.0とした。
198.09999999999772,Train11,次駅への減速フェーズ（駅手前400m以内）,惰行中,0.1,ブレーキ（減速）,0.1,70.0,70.0,1.599885991746714,70.0,14.074549917701518,0.0,0.12217666820321961,0.0,9.2,この先制限速度なし,この先目立った勾配なし,先行列車なし,後続列車なし,0.0,次駅減速フェーズで先行列車なしの低速惰行はちんたら運転とみなされ即0点とする。
198.19999999999771,Train11,次駅への減速フェーズ（駅手前400m以内）,力行（加速）中,0.1,惰行,0.1,70.0,70.0,1.5588660235870175,70.0,14.030735342188905,0.0,0.11599286035569498,0.0,9.2,この先制限速度なし,この先目立った勾配なし,先行列車なし,後続列車なし,0.0,次駅減速フェーズで先行列車なしの低速(1.6km/h)で力行を続けたため、即時0点ルールの「ちんたら運転」に該当し、rewardは0.0とした。
198.2999999999977,Train11,次駅への減速フェーズ（駅手前400m以内）,ブレーキ（減速）中,0.1,力行（加速）,0.1,70.0,70.0,1.8350102561273276,70.0,13.983211258022266,0.0,0.16071903172961272,0.0,9.2,この先制限速度なし,この先目立った勾配なし,先行列車なし,後続列車なし,0.0,ブレーキがdelta_stop13.8mと過大で停止位置が遠すぎ、即時0点対象となり、ノコギリ運転も判定されたため0.0とした。
198.3999999999977,Train11,次駅への減速フェーズ（駅手前400m以内）,惰行中,0.1,ブレーキ（減速）,0.1,70.0,70.0,1.7075733355056044,70.0,13.934185729208792,0.0,0.13917455811101,0.0,9.2,この先制限速度なし,この先目立った勾配なし,先行列車なし,後続列車なし,0.0,低速（1.7km/h）で惰行を続け、先行列車なしの減速フェーズで停止位置に遅れが生じるため即時0点ルールが適用され、rewardは0.0とした。
198.4999999999977,Train11,次駅への減速フェーズ（駅手前400m以内）,ブレーキ（減速）中,0.1,惰行,0.1,70.0,70.0,1.6665440870980412,70.0,13.887379980420889,0.0,0.13256784362017565,0.0,9.2,この先制限速度なし,この先目立った勾配なし,先行列車なし,後続列車なし,0.0,保持時間が7秒未満で惰行→減速への不合理な切替があり、ノコギリ運転と判定され報酬上限0.0となったため。
198.5999999999977,Train11,次駅への減速フェーズ（駅手前400m以内）,惰行中,0.1,ブレーキ（減速）,0.1,70.0,70.0,1.5391217273672586,70.0,13.843033844743502,0.0,0.11307361687919243,0.0,9.2,この先制限速度なし,この先目立った勾配なし,先行列車なし,後続列車なし,0.0,次駅減速フェーズで先行列車なしの低速惰行は即reward0.0ルールのちんたら運転に該当し、rewardは0.0とする。
198.6999999999977,Train11,次駅への減速フェーズ（駅手前400m以内）,力行（加速）中,0.1,惰行,0.1,70.0,70.0,1.4981069733453924,70.0,13.80090708577697,0.0,0.10712836213614524,0.0,9.2,この先制限速度なし,この先目立った勾配なし,先行列車なし,後続列車なし,0.0,低速で加速し続けるちんたら運転かつノコギリ運転と判定され、即時0点規則に該当するためreward=0.0。
198.79999999999768,Train11,次駅への減速フェーズ（駅手前400m以内）,ブレーキ（減速）中,0.1,力行（加速）,0.1,70.0,70.0,1.7745748474410348,70.0,13.755065804694766,0.0,0.1503086960356219,0.0,9.2,この先制限速度なし,この先目立った勾配なし,先行列車なし,後続列車なし,0.0,ブレーキがδ_stop+13.6mで過早に開始され、0.1秒の力行→ブレーキ反転がノコギリ運転に該当し、reward上限が0.0となるため0.0とした。
198.89999999999768,Train11,次駅への減速フェーズ（駅手前400m以内）,惰行中,0.1,ブレーキ（減速）,0.1,70.0,70.0,1.6471431646601635,70.0,13.707718957132187,0.0,0.12949974436024753,0.0,9.2,この先制限速度なし,この先目立った勾配なし,先行列車なし,後続列車なし,0.0,次駅減速フェーズで先行列車なしにも関わらず低速惰行を続けたことが即時0点対象（ちんたら運転）となり、rewardは0.0とした。
198.99999999999767,Train11,次駅への減速フェーズ（駅手前400m以内）,ブレーキ（減速）中,0.1,惰行,0.1,70.0,70.0,1.6061191302317286,70.0,13.662591744520114,0.0,0.12313037126653478,0.0,9.2,この先制限速度なし,この先目立った勾配なし,先行列車なし,後続列車なし,0.0,ブレーキが停止点より5m以上手前で開始され、保持時間が7秒未満の反転操作でノコギリ運転と判定されたためrewardは0.0とした。
199.09999999999766,Train11,次駅への減速フェーズ（駅手前400m以内）,惰行中,0.1,ブレーキ（減速）,0.1,70.0,70.0,1.4787019629097953,70.0,13.619924000458639,0.0,0.10437145180345858,0.0,9.2,この先制限速度なし,この先目立った勾配なし,先行列車なし,後続列車なし,0.0,次駅減速フェーズで先行列車なしにも関わらず速度1.5km/hのまま惰行を続け、低速で停止位置へ向かうちんたら運転と判定され、即reward0.0ルールが適用されたため0.0とした。
199.19999999999766,Train11,次駅への減速フェーズ（駅手前400m以内）,力行（加速）中,0.1,惰行,0.1,70.0,70.0,1.4376923774506667,70.0,13.579475489290616,0.0,0.09866333281292465,0.0,9.2,この先制限速度なし,この先目立った勾配なし,先行列車なし,後続列車なし,0.0,次駅減速フェーズで低速のまま加速し、先行列車不在にも関わらずちんたら運転と判定されたため0.0とした。
199.29999999999765,Train11,次駅への減速フェーズ（駅手前400m以内）,ブレーキ（減速）中,0.1,力行（加速）,0.1,70.0,70.0,1.7144820424196254,70.0,13.53530747140752,0.0,0.14030282712632933,0.0,9.2,この先制限速度なし,この先目立った勾配なし,先行列車なし,後続列車なし,0.0,0.1秒の力行→ブレーキというノコギリ運転で、過早ブレーキにより停止位置が不適切なためrewardは0.0とした。
199.39999999999765,Train11,次駅への減速フェーズ（駅手前400m以内）,惰行中,0.1,ブレーキ（減速）,0.1,70.0,70.0,1.5870555519457592,70.0,13.489629789027902,0.0,0.12022521105081004,0.0,9.2,この先制限速度なし,この先目立った勾配なし,先行列車なし,後続列車なし,0.0,低速で惰行し続ける「ちんたら運転」は即reward0.0ルールに該当し、評価は0.0となる。
199.49999999999764,Train11,次駅への減速フェーズ（駅手前400m以内）,ブレーキ（減速）中,0.1,惰行,0.1,70.0,70.0,1.5460366861019723,70.0,13.446171597774281,0.0,0.11409177877030266,0.0,9.2,この先制限速度なし,この先目立った勾配なし,先行列車なし,後続列車なし,0.0,ブレーキが停止点より前に開始され、ノコギリ運転と判定されたため適切な減速操作ではなく0.0点とした。
199.59999999999764,Train11,次駅への減速フェーズ（駅手前400m以内）,惰行中,0.1,ブレーキ（減速）,0.1,70.0,70.0,1.4186246659207649,70.0,13.405172731776105,0.0,0.09606395154281966,0.0,9.2,この先制限速度なし,この先目立った勾配なし,先行列車なし,後続列車なし,0.0,次駅減速フェーズで先行列車なしの低速惰行はちんたら運転とみなされ即時0点規則に該当するため0.0とした。
199.69999999999763,Train11,次駅への減速フェーズ（駅手前400m以内）,力行（加速）中,0.1,惰行,0.1,70.0,70.0,1.3776202038954808,70.0,13.366392956111639,0.0,0.09059158805186471,0.0,9.2,この先制限速度なし,この先目立った勾配なし,先行列車なし,後続列車なし,0.0,次駅減速フェーズで先行列車不在にも関わらず低速1.4km/hのまま加速し、即時0点ルールに該当しノコギリ運転でもあるためrewardは0.0とした。
199.79999999999762,Train11,次駅への減速フェーズ（駅手前400m以内）,ブレーキ（減速）中,0.1,力行（加速）,0.1,70.0,70.0,1.654729820149327,70.0,13.323888717824417,0.0,0.1306952371648577,0.0,9.2,この先制限速度なし,この先目立った勾配なし,先行列車なし,後続列車なし,0.0,次駅減速フェーズでdelta_stopが正のままブレーキを開始し、前後のノッチ保持時間が7秒未満で反転したためノコギリ運転と判断し、reward上限が0.0点となった。
199.89999999999762,Train11,次駅への減速フェーズ（駅手前400m以内）,惰行中,0.1,ブレーキ（減速）,0.1,70.0,70.0,1.527308476892605,70.0,13.279870740674937,0.0,0.11134478223264195,0.0,9.2,この先制限速度なし,この先目立った勾配なし,先行列車なし,後続列車なし,0.0,次駅減速フェーズで先行列車なしの低速1.5km/hで惰行を続けたことはちんたら運転とみなされ、即時0点と判断した。
199.9999999999976,Train11,次駅への減速フェーズ（駅手前400m以内）,ブレーキ（減速）中,0.1,惰行,0.1,70.0,70.0,1.4862947346820934,70.0,13.238072112095267,0.0,0.10544589401833002,0.0,9.2,この先制限速度なし,この先目立った勾配なし,先行列車なし,後続列車なし,0.0,ブレーキが停止位置から13m以上離れた状態で行われ、ノコギリ運転（0.1秒での反転）と判定されたためrewardは0.0とした。
200.0999999999976,Train11,次駅への減速フェーズ（駅手前400m以内）,惰行中,0.1,ブレーキ（減速）,0.1,70.0,70.0,1.358887816815791,70.0,13.19873266672289,0.0,0.08814499293281974,0.0,9.2,この先制限速度なし,この先目立った勾配なし,先行列車なし,後続列車なし,0.0,次駅減速フェーズで低速惰行を続け、即時0点ルールとノコギリ運転が適用されるためrewardは0.0とする。
200.1999999999976,Train11,次駅への減速フェーズ（駅手前400m以内）,力行（加速）中,0.1,惰行,0.1,70.0,70.0,1.317888433536882,70.0,13.161612170367931,0.0,0.08290699528419002,0.0,9.2,この先制限速度なし,この先目立った勾配なし,先行列車なし,後続列車なし,0.0,次駅減速フェーズで先行列車なしの状態で低速(1.3km/h)のまま力行を続けたため、即reward0.0ルールの「ちんたら運転」に該当し0.0とした。
200.2999999999976,Train11,次駅への減速フェーズ（駅手前400m以内）,ブレーキ（減速）中,0.1,力行（加速）,0.1,70.0,70.0,1.5953161725086058,70.0,13.120762283989507,0.0,0.12147981672233114,0.0,9.2,この先制限速度なし,この先目立った勾配なし,先行列車なし,後続列車なし,0.0,ブレーキが過早でδ_stopが13mと大きく離れ、0.2秒の力行→ブレーキ反転がノコギリ運転と判定されreward上限0.0となったため0.0点とした。
200.3999999999976,Train11,次駅への減速フェーズ（駅手前400m以内）,惰行中,0.1,ブレーキ（減速）,0.1,70.0,70.0,1.4678999318184154,70.0,13.078394607916266,0.0,0.10285235137915952,0.0,9.2,この先制限速度なし,この先目立った勾配なし,先行列車なし,後続列車なし,0.0,次駅減速フェーズで先行列車がいない状態で低速惰行を続けたため、ちんたら運転と判断し即時0点規則が適用された。
200.49999999999758,Train11,次駅への減速フェーズ（駅手前400m以内）,ブレーキ（減速）中,0.1,惰行,0.1,70.0,70.0,1.426891268728181,70.0,13.03824613907878,0.0,0.09718662575225315,0.0,9.2,この先制限速度なし,この先目立った勾配なし,先行列車なし,後続列車なし,0.0,0.1秒の短時間で惰行→減速への反転がノコギリ運転と判定され、上限0.0点となるためrewardは0.0。
200.59999999999758,Train11,次駅への減速フェーズ（駅手前400m以内）,惰行中,0.1,ブレーキ（減速）,0.1,70.0,70.0,1.2994894087885422,70.0,13.000556712629674,0.0,0.08060851489007993,0.0,9.2,この先制限速度なし,この先目立った勾配なし,先行列車なし,後続列車なし,0.0,次駅減速フェーズで先行列車なしの低速惰行はちんたら運転とみなされ即reward0.0規則に該当するため0.0とした。
200.69999999999757,Train11,次駅への減速フェーズ（駅手前400m以内）,力行（加速）中,0.1,惰行,0.1,70.0,70.0,1.2584950600052462,70.0,12.965086095110934,0.0,0.07560350245603559,0.0,9.2,この先制限速度なし,この先目立った勾配なし,先行列車なし,後続列車なし,0.0,次駅減速フェーズで低速のまま加速し、即reward0.0ルールとノコギリ運転に該当するためrewardは0.0とした。
200.79999999999757,Train11,次駅への減速フェーズ（駅手前400m以内）,ブレーキ（減速）中,0.1,力行（加速）,0.1,70.0,70.0,1.536239104077624,70.0,12.92588118851512,0.0,0.11265052531509878,0.0,9.2,この先制限速度なし,この先目立った勾配なし,先行列車なし,後続列車なし,0.0,保持時間0.1秒で力行→ブレーキへの不合理な切替がノコギリ運転と判定され、上限0.0点となったためreward=0.0。
200.89999999999756,Train11,次駅への減速フェーズ（駅手前400m以内）,惰行中,0.1,ブレーキ（減速）,0.1,70.0,70.0,1.4088279217379172,70.0,12.885154464768789,0.0,0.09474191384179995,0.0,9.2,この先制限速度なし,この先目立った勾配なし,先行列車なし,後続列車なし,0.0,次駅減速フェーズで先行列車不在にも関わらず1.4 km/hの低速惰行はちんたら運転とみなされ、即reward0.0ルールに該当するため0.0とした。
200.99999999999756,Train11,次駅への減速フェーズ（駅手前400m以内）,ブレーキ（減速）中,0.1,惰行,0.1,70.0,70.0,1.3678242936886598,70.0,12.846646808149842,0.0,0.08930798962247916,0.0,9.2,この先制限速度なし,この先目立った勾配なし,先行列車なし,後続列車なし,0.0,ブレーキが停止距離より遠く、保持時間が7秒未満で惰行→減速への不合理な切替がノコギリ運転と判定され、上限0.0点となったため0.0とした。
201.09999999999755,Train11,次駅への減速フェーズ（駅手前400m以内）,惰行中,0.1,ブレーキ（減速）,0.1,70.0,70.0,1.2404274477203476,70.0,12.810598054329603,0.0,0.07344853214626396,0.0,9.2,この先制限速度なし,この先目立った勾配なし,先行列車なし,後続列車なし,0.0,次駅減速フェーズで先行列車なしにも関わらず低速1.2km/hの惰行が続き、ちんたら運転と判定されたため即時0点とした。
201.19999999999754,Train11,次駅への減速フェーズ（駅手前400m以内）,力行（加速）中,0.1,惰行,0.1,70.0,70.0,1.199438089613943,70.0,12.776767970564151,0.0,0.06867512059645028,0.0,9.2,この先制限速度なし,この先目立った勾配なし,先行列車なし,後続列車なし,0.0,次駅減速フェーズで低速(1.2km/h)のまま力行を続けたことが「ちんたら運転」とみなされ、即時0点ルールが適用されたためrewardは0.0とした。
201.29999999999754,Train11,次駅への減速フェーズ（駅手前400m以内）,ブレーキ（減速）中,0.1,力行（加速）,0.1,70.0,70.0,1.4774966320484269,70.0,12.739198726844592,0.0,0.10420139308181567,0.0,9.2,この先制限速度なし,この先目立った勾配なし,先行列車なし,後続列車なし,0.0,ブレーキ直前の力行が0.1秒で切り替わり、保持時間が7秒未満の反転操作でノコギリ運転と判定され、上限0点となったため0.0とした。
201.39999999999753,Train11,次駅への減速フェーズ（駅手前400m以内）,惰行中,0.1,ブレーキ（減速）,0.1,70.0,70.0,1.3500904642730907,70.0,12.700103661739348,0.0,0.08700754517446707,0.0,9.2,この先制限速度なし,この先目立った勾配なし,先行列車なし,後続列車なし,0.0,次駅減速フェーズで先行列車なしにも関わらず低速1.4km/hの惰行がちんたら運転と判定され、即reward0.0ルールが適用されたため0.0とする。
201.49999999999753,Train11,次駅への減速フェーズ（駅手前400m以内）,ブレーキ（減速）中,0.1,惰行,0.1,70.0,70.0,1.309091827614584,70.0,12.663227524882359,0.0,0.0818040577114757,0.0,9.2,この先制限速度なし,この先目立った勾配なし,先行列車なし,後続列車なし,0.0,ブレーキ開始が停止点より遠く、早すぎる減速とノコギリ運転により安全・省エネが損なわれたためrewardは0.0とした。
201.59999999999752,Train11,次駅への減速フェーズ（駅手前400m以内）,惰行中,0.1,ブレーキ（減速）,0.1,70.0,70.0,1.1816999520905525,70.0,12.628810152431669,0.0,0.06665913283744795,0.0,9.2,この先制限速度なし,この先目立った勾配なし,先行列車なし,後続列車なし,0.0,次駅減速フェーズで先行列車なしにも関わらず低速1.2km/hの惰行を続けたため、即reward0.0ルールのちんたら運転が適用される。
201.69999999999752,Train11,次駅への減速フェーズ（駅手前400m以内）,力行（加速）中,0.1,惰行,0.1,70.0,70.0,1.1407155412697467,70.0,12.596611312385875,0.0,0.06211597994537191,0.0,9.2,この先制限速度なし,この先目立った勾配なし,先行列車なし,後続列車なし,0.0,低速で加速し続けるちんたら運転かつノコギリ運転と判定され、即時0点規則に該当するためrewardは0.0。
201.7999999999975,Train11,次駅への減速フェーズ（駅手前400m以内）,ブレーキ（減速）中,0.1,力行（加速）,0.1,70.0,70.0,1.4190867861358825,70.0,12.560668469511427,0.0,0.09612653929049687,0.0,9.2,この先制限速度なし,この先目立った勾配なし,先行列車なし,後続列車なし,0.0,ブレーキが停止点より12.46 m前に開始され|delta_stop|>5 mで大幅減点、かつ0.1 sの力行→ブレーキはノコギリ運転（2秒未満）でreward上限0.0と判断した。
201.8999999999975,Train11,次駅への減速フェーズ（駅手前400m以内）,惰行中,0.1,ブレーキ（減速）,0.1,70.0,70.0,1.2916855895641621,70.0,12.523195824101663,0.0,0.07964338636449565,0.0,9.2,この先制限速度なし,この先目立った勾配なし,先行列車なし,後続列車なし,0.0,次駅減速フェーズで先行列車不在にも関わらず、速度1.3km/hのまま惰行を続けたため「ちんたら運転」と判定し、即reward0.0ルールが適用された。
201.9999999999975,Train11,次駅への減速フェーズ（駅手前400m以内）,ブレーキ（減速）中,0.1,惰行,0.1,70.0,70.0,1.2506919010706838,70.0,12.487941969247629,0.0,0.07466897984737442,0.0,9.2,この先制限速度なし,この先目立った勾配なし,先行列車なし,後続列車なし,0.0,delta_stopが12.41mと5mを超えており、現在のブレーキは駅手前で停止することがほぼ確実なため、即時0点ルールが適用され評価は0.0となる。
202.0999999999975,Train11,次駅への減速フェーズ（駅手前400m以内）,惰行中,0.1,ブレーキ（減速）,0.1,70.0,70.0,1.1233049528876098,70.0,12.455146741640277,0.0,0.06023451555633996,0.0,9.2,この先制限速度なし,この先目立った勾配なし,先行列車なし,後続列車なし,0.0,低速(1.1km/h)で惰行し続け、先行列車不在の状態で停止位置へ向かうちんたら運転とノコギリ運転が即時0点規則に該当したため0.0とした。
202.1999999999975,Train11,次駅への減速フェーズ（駅手前400m以内）,力行（加速）中,0.1,惰行,0.1,70.0,70.0,1.0823254463839822,70.0,12.42456990995322,0.0,0.055920267242478214,0.0,9.2,この先制限速度なし,この先目立った勾配なし,先行列車なし,後続列車なし,0.0,次駅減速フェーズで先行列車なしの低速(1.1km/h)で力行を続行し、ちんたら運転に該当するため即時0点とした。
202.29999999999748,Train11,次駅への減速フェーズ（駅手前400m以内）,ブレーキ（減速）中,0.1,力行（加速）,0.1,70.0,70.0,1.3610076084893392,70.0,12.39024426039137,0.0,0.08842017407008135,0.0,9.2,この先制限速度なし,この先目立った勾配なし,先行列車なし,後続列車なし,0.0,ブレーキをかけたままdelta_stopが12.3mと5mを超えており、停止位置に到達できないため大幅減点しreward=0.0とした。
202.39999999999748,Train11,次駅への減速フェーズ（駅手前400m以内）,惰行中,0.1,ブレーキ（減速）,0.1,70.0,70.0,1.2336113401813131,70.0,12.354384850102207,0.0,0.0726436489899379,0.0,9.2,この先制限速度なし,この先目立った勾配なし,先行列車なし,後続列車なし,0.0,次駅減速フェーズで先行列車なしの低速惰行はちんたら運転と判定され、即時0点規則が適用されたためrewardは0.0とした。
202.49999999999747,Train11,次駅への減速フェーズ（駅手前400m以内）,ブレーキ（減速）中,0.1,惰行,0.1,70.0,70.0,1.192622557047125,70.0,12.320744093869962,0.0,0.06789696463852968,0.0,9.2,この先制限速度なし,この先目立った勾配なし,先行列車なし,後続列車なし,0.0,現在速度1.2km/hでブレーキ開始し、停止位置から12.25m離れすぎているため、停車位置が確保できず大幅減点とした。
202.59999999999746,Train11,次駅への減速フェーズ（駅手前400m以内）,惰行中,0.1,ブレーキ（減速）,0.1,70.0,70.0,1.0652404935208977,70.0,12.28956182888652,0.0,0.05416893124044433,0.0,9.2,この先制限速度なし,この先目立った勾配なし,先行列車なし,後続列車なし,0.0,低速で惰行を続けブレーキ未実施、かつ0.1秒のブレーキ→惰行反転がノコギリ運転に該当し、即時0点規則によりreward=0.0と判断した。
202.69999999999746,Train11,次駅への減速フェーズ（駅手前400m以内）,力行（加速）中,0.1,惰行,0.1,70.0,70.0,1.0242658487843908,70.0,12.260597824546693,0.0,0.05008224217932366,0.0,9.2,この先制限速度なし,この先目立った勾配なし,先行列車なし,後続列車なし,0.0,次駅減速フェーズで先行列車なしの低速1 km/hで力行を続けたことがちんたら運転とみなされ、即時0点規則が適用されたためrewardは0.0となった。
202.79999999999745,Train11,次駅への減速フェーズ（駅手前400m以内）,ブレーキ（減速）中,0.1,力行（加速）,0.1,70.0,70.0,1.3032571536050115,70.0,12.227880214954467,0.0,0.08107656661563885,0.0,9.2,この先制限速度なし,この先目立った勾配なし,先行列車なし,後続列車なし,0.0,ノコギリ運転とδ_stopが5m超で大幅減点となり、rewardは0.0とした。
202.89999999999745,Train11,次駅への減速フェーズ（駅手前400m以内）,惰行中,0.1,ブレーキ（減速）,0.1,70.0,70.0,1.1758657710371185,70.0,12.193624909251355,0.0,0.0660026242776261,0.0,9.2,この先制限速度なし,この先目立った勾配なし,先行列車なし,後続列車なし,0.0,次駅減速フェーズで先行列車なしにも関わらず、速度1.2km/hのまま惰行を続けるちんたら運転が即時0点規則に該当し、rewardは0.0とした。
202.99999999999744,Train11,次駅への減速フェーズ（駅手前400m以内）,ブレーキ（減速）中,0.1,惰行,0.1,70.0,70.0,1.1348818508720009,70.0,12.161588122289402,0.0,0.06148234325094446,0.0,9.2,この先制限速度なし,この先目立った勾配なし,先行列車なし,後続列車なし,0.0,ノコギリ運転と判定され、保持時間0.1秒の不当な減速への切替が理由で、reward上限が0.0点に設定された。
203.09999999999744,Train11,次駅への減速フェーズ（駅手前400m以内）,惰行中,0.1,ブレーキ（減速）,0.1,70.0,70.0,1.0075046297332584,70.0,12.13200969175432,0.0,0.04845670646894043,0.0,9.2,この先制限速度なし,この先目立った勾配なし,先行列車なし,後続列車なし,0.0,低速1km/hで惰行し続け、先行列車不在にも関わらず停止位置に向かうちんたら運転のため0点とした。
203.19999999999743,Train11,次駅への減速フェーズ（駅手前400m以内）,力行（加速）中,0.1,惰行,0.1,70.0,70.0,0.9665348046277243,70.0,12.104649387747912,0.0,0.04459622821313588,0.0,9.2,この先制限速度なし,この先目立った勾配なし,先行列車なし,後続列車なし,0.0,低速で加速し続けたことが即reward0.0ルール（ちんたら運転・ノコギリ運転）に該当し、評価を0.0とした。
203.29999999999742,Train11,次駅への減速フェーズ（駅手前400m以内）,ブレーキ（減速）中,0.1,力行（加速）,0.1,70.0,70.0,1.24583348823908,70.0,12.073530718605952,0.0,0.07409005952839484,0.0,9.2,この先制限速度なし,この先目立った勾配なし,先行列車なし,後続列車なし,0.0,ブレーキ中でもδ=12mで停止位置が遠すぎ、保持時間0.1秒の力行→ブレーキはノコギリ運転と判定され、上限0点となった。
203.39999999999742,Train11,次駅への減速フェーズ（駅手前400m以内）,惰行中,0.1,ブレーキ（減速）,0.1,70.0,70.0,1.1184469492996973,70.0,12.040870440650053,0.0,0.05971470043818028,0.0,9.2,この先制限速度なし,この先目立った勾配なし,先行列車なし,後続列車なし,0.0,低速で惰行を続けたことがちんたら運転と判定され、即時0点規則に該当したためrewardは0.0とした。
203.4999999999974,Train11,次駅への減速フェーズ（駅手前400m以内）,ブレーキ（減速）中,0.1,惰行,0.1,70.0,70.0,1.077467850124534,70.0,12.01042854727774,0.0,0.0554194929222452,0.0,9.2,この先制限速度なし,この先目立った勾配なし,先行列車なし,後続列車なし,0.0,delta_stopが5mを超えているためブレーキが早すぎ、停止位置が大幅にずれ減速フェーズでの大幅減点基準に該当しreward=0.0となる。
203.5999999999974,Train11,次駅への減速フェーズ（駅手前400m以内）,惰行中,0.1,ブレーキ（減速）,0.1,70.0,70.0,0.9500954295142547,70.0,11.982444876686316,0.0,0.04309222625217943,0.0,9.2,この先制限速度なし,この先目立った勾配なし,先行列車なし,後続列車なし,0.0,低速1km/hで惰行を続けブレーキ未実施のため、次駅減速フェーズでちんたら運転と判定し即0点とした。
203.6999999999974,Train11,次駅への減速フェーズ（駅手前400m以内）,力行（加速）中,0.1,惰行,0.1,70.0,70.0,0.9091303823130504,70.0,11.956679199663256,0.0,0.03945664716696362,0.0,9.2,この先制限速度なし,この先目立った勾配なし,先行列車なし,後続列車なし,0.0,次駅減速フェーズで先行列車不在にも関わらず低速のまま加速し、ちんたら運転と判定されたため即時0点とした。
203.7999999999974,Train11,次駅への減速フェーズ（駅手前400m以内）,ブレーキ（減速）中,0.1,力行（加速）,0.1,70.0,70.0,1.1887346913214991,70.0,11.927150424948962,0.0,0.06745505741684257,0.0,9.2,この先制限速度なし,この先目立った勾配なし,先行列車なし,後続列車なし,0.0,ブレーキが過剰で停止位置を大きく逸脱し、0.1秒の力行→減速反転がノコギリ運転に該当するためrewardは0.0とする。
203.8999999999974,Train11,次駅への減速フェーズ（駅手前400m以内）,惰行中,0.1,ブレーキ（減速）,0.1,70.0,70.0,1.0613529543065716,70.0,11.896076151245438,0.0,0.05377431976423365,0.0,9.2,この先制限速度なし,この先目立った勾配なし,先行列車なし,後続列車なし,0.0,低速で惰行を続け、先行列車不在にも関わらず停車位置へ向かうちんたら運転とノコギリ運転が判定されたためrewardは0.0。
203.99999999999739,Train11,次駅への減速フェーズ（駅手前400m以内）,ブレーキ（減速）中,0.1,惰行,0.1,70.0,70.0,1.0203786345489814,70.0,11.867220129136768,0.0,0.04970286451763838,0.0,9.2,この先制限速度なし,この先目立った勾配なし,先行列車なし,後続列車なし,0.0,ブレーキ開始がdelta_stop=11.8mと遠すぎ、停止位置誤差が5m超で大幅減点、かつ0.1sのノコギリ運転でreward上限0.0とした。
204.09999999999738,Train11,次駅への減速フェーズ（駅手前400m以内）,惰行中,0.1,ブレーキ（減速）,0.1,70.0,70.0,0.8930109730141238,70.0,11.840822197306977,0.0,0.038069989546181855,0.0,9.2,この先制限速度なし,この先目立った勾配なし,先行列車なし,後続列車なし,0.0,低速0.9km/hで惰行し続けるちんたら運転と、0.1秒のブレーキ→惰行のノコギリ運転が即時0点規則に該当するためrewardは0.0とした。
204.19999999999737,Train11,次駅への減速フェーズ（駅手前400m以内）,力行（加速）中,0.1,惰行,0.1,70.0,70.0,0.8520506623957578,70.0,11.816642127250532,0.0,0.03465799320475938,0.0,9.2,この先制限速度なし,この先目立った勾配なし,先行列車なし,後続列車なし,0.0,次駅減速フェーズで低速(0.9km/h)のまま加速し、停止位置達成が不可能なちんたら運転のため0点とした。
204.29999999999737,Train11,次駅への減速フェーズ（駅手前400m以内）,ブレーキ（減速）中,0.1,力行（加速）,0.1,70.0,70.0,1.1319588538705108,70.0,11.788694254100562,0.0,0.0611660780506139,0.0,9.2,この先制限速度なし,この先目立った勾配なし,先行列車なし,後続列車なし,0.0,ブレーキ開始が停止点より遠く、delta_stopが11.73mで過剰に早く減速したため即時0点基準に該当し、rewardは0.0とした。
204.39999999999736,Train11,次駅への減速フェーズ（駅手前400m以内）,惰行中,0.1,ブレーキ（減速）,0.1,70.0,70.0,1.0045818774792281,70.0,11.759197014182377,0.0,0.048175997594905054,0.0,9.2,この先制限速度なし,この先目立った勾配なし,先行列車なし,後続列車なし,0.0,低速(1km/h)で惰行を続け、先行列車なしの減速フェーズで停車位置へ進むちんたら運転のため即reward0.0ルールに該当し、rewardは0.0とした。
204.49999999999736,Train11,次駅への減速フェーズ（駅手前400m以内）,ブレーキ（減速）中,0.1,惰行,0.1,70.0,70.0,0.9636122959692526,70.0,11.73191789401784,0.0,0.04432696921866349,0.0,9.2,この先制限速度なし,この先目立った勾配なし,先行列車なし,後続列車なし,0.0,ブレーキが停止位置より遠くで開始され、ノコギリ運転と判定されたためrewardを0.0とした。
204.59999999999735,Train11,次駅への減速フェーズ（駅手前400m以内）,惰行中,0.1,ブレーキ（減速）,0.1,70.0,70.0,0.8362493524584457,70.0,11.707096732774147,0.0,0.033384547062028265,0.0,9.2,この先制限速度なし,この先目立った勾配なし,先行列車なし,後続列車なし,0.0,次駅減速フェーズで先行列車なしにも関わらず低速0.8km/hで惰行を続けたため、即reward0.0ルールの「ちんたら運転」に該当し0点とした。
204.69999999999735,Train11,次駅への減速フェーズ（駅手前400m以内）,力行（加速）中,0.1,惰行,0.1,70.0,70.0,0.7952937375022733,70.0,11.68449330263499,0.0,0.030194822370767746,0.0,9.2,この先制限速度なし,この先目立った勾配なし,先行列車なし,後続列車なし,0.0,次駅減速フェーズで先行列車なしの低速0.8km/hで力行したため、ちんたら運転とみなされ即時0点と判断した。
204.79999999999734,Train11,次駅への減速フェーズ（駅手前400m以内）,ブレーキ（減速）中,0.1,力行（加速）,0.1,70.0,70.0,1.075504078907848,70.0,11.65811739102196,0.0,0.055217685044246935,0.0,9.2,この先制限速度なし,この先目立った勾配なし,先行列車なし,後続列車なし,0.0,持続時間が7秒未満で力行→減速への急激な切替がノコギリ運転と判定され、上限0.0点となったためreward=0.0。
204.89999999999733,Train11,次駅への減速フェーズ（駅手前400m以内）,惰行中,0.1,ブレーキ（減速）,0.1,70.0,70.0,0.9481318222383736,70.0,11.630188267119479,0.0,0.04291430466706999,0.0,9.2,この先制限速度なし,この先目立った勾配なし,先行列車なし,後続列車なし,0.0,低速0.9km/hで惰行し続けブレーキ未実施、停止位置に遅れが生じ即時0点ルールに該当したためreward=0.0
204.99999999999733,Train11,次駅への減速フェーズ（駅手前400m以内）,ブレーキ（減速）中,0.1,惰行,0.1,70.0,70.0,0.9071669382042091,70.0,11.604477132255653,0.0,0.039286417227845295,0.0,9.2,この先制限速度なし,この先目立った勾配なし,先行列車なし,後続列車なし,0.0,ブレーキが停止点より5m以上手前で開始され、停止位置が達成できず、かつ保持時間が7秒未満のノコギリ運転と判定されたため0.0とした。
205.09999999999732,Train11,次駅への減速フェーズ（駅手前400m以内）,惰行中,0.1,ブレーキ（減速）,0.1,70.0,70.0,0.7798086720634899,70.0,11.581223826077292,0.0,0.029030518262806747,0.0,9.2,この先制限速度なし,この先目立った勾配なし,先行列車なし,後続列車なし,0.0,低速0.8km/hで惰行し続け、先行列車なしで停止位置へ向かうちんたら運転かつノコギリ運転（0.1秒）に該当し即時0点規則が適用されたため。
205.19999999999732,Train11,次駅への減速フェーズ（駅手前400m以内）,力行（加速）中,0.1,惰行,0.1,70.0,70.0,0.7388577122454584,70.0,11.560188121471526,0.0,0.026061758210180874,0.0,9.2,この先制限速度なし,この先目立った勾配なし,先行列車なし,後続列車なし,0.0,低速で駅手前に力行し続けたため、次駅減速フェーズのちんたら運転に該当し、安全性が著しく損なわれたので即時0点とした。
205.2999999999973,Train11,次駅への減速フェーズ（駅手前400m以内）,ブレーキ（減速）中,0.1,力行（加速）,0.1,70.0,70.0,1.019368481374632,70.0,11.535375283838079,0.0,0.049604513391526286,0.0,9.2,この先制限速度なし,この先目立った勾配なし,先行列車なし,後続列車なし,0.0,持続時間0.1秒の力行からブレーキへの反転がノコギリ運転と判定され、上限0.0点のためrewardは0.0となった。
205.3999999999973,Train11,次駅への減速フェーズ（駅手前400m以内）,惰行中,0.1,ブレーキ（減速）,0.1,70.0,70.0,0.8920009039198781,70.0,11.509005410527351,0.0,0.03798392496765949,0.0,9.2,この先制限速度なし,この先目立った勾配なし,先行列車なし,後続列車なし,0.0,次駅減速フェーズで先行列車がいないにも関わらず、現在速度0.9km/hの低速惰行を続けているため、ちんたら運転と判定され即時rewardを0.0とする。
205.4999999999973,Train11,次駅への減速フェーズ（駅手前400m以内）,ブレーキ（減速）中,0.1,惰行,0.1,70.0,70.0,0.8510406769836574,70.0,11.484853396662942,0.0,0.03457588434063258,0.0,9.2,この先制限速度なし,この先目立った勾配なし,先行列車なし,後続列車なし,0.0,ブレーキ開始が遅くdelta_stopが11.45mと過大で、0.1秒の惰行→減速の短時間切替がノコギリ運転と判定され、reward上限0.0となった。
205.5999999999973,Train11,次駅への減速フェーズ（駅手前400m以内）,惰行中,0.1,ブレーキ（減速）,0.1,70.0,70.0,0.7236870479522597,70.0,11.463159082378382,0.0,0.02500258401910533,0.0,9.2,この先制限速度なし,この先目立った勾配なし,先行列車なし,後続列車なし,0.0,低速0.7km/hで惰行を続け、delta_stopが11.44mあるにも関わらずブレーキせず、即時0点対象のちんたら運転と判定したためreward=0.0。
205.6999999999973,Train11,次駅への減速フェーズ（駅手前400m以内）,力行（加速）中,0.1,惰行,0.1,70.0,70.0,0.6827407031407009,70.0,11.443682241242925,0.0,0.02225349258337556,0.0,9.2,この先制限速度なし,この先目立った勾配なし,先行列車なし,後続列車なし,0.0,次駅減速フェーズで低速(0.7km/h)のまま力行を続けたことが『ちんたら運転』に該当し即時0点と判断した。
205.79999999999728,Train11,次駅への減速フェーズ（駅手前400m以内）,ブレーキ（減速）中,0.1,力行（加速）,0.1,70.0,70.0,0.9635501880479467,70.0,11.420423642210409,0.0,0.04432125588617153,0.0,9.2,この先制限速度なし,この先目立った勾配なし,先行列車なし,後続列車なし,0.0,ブレーキ直前に0.1秒の力行があり、保持時間が7秒未満で反転しているためノコギリ運転と判定し、上限0.0点となった。
205.89999999999728,Train11,次駅への減速フェーズ（駅手前400m以内）,惰行中,0.1,ブレーキ（減速）,0.1,70.0,70.0,0.8361872496913996,70.0,11.395604206104082,0.0,0.03337958914316691,0.0,9.2,この先制限速度なし,この先目立った勾配なし,先行列車なし,後続列車なし,0.0,先行列車なしで速度0.8km/hのまま惰行を続け、停止位置へ向かうちんたら運転と即reward0.0ルールに該当するため、rewardは0.0とした。
205.99999999999727,Train11,次駅への減速フェーズ（駅手前400m以内）,力行（加速）中,0.1,惰行,0.1,70.0,70.0,0.7952316398650229,70.0,11.373002500963736,0.0,0.030190107613447627,0.0,9.2,この先制限速度なし,この先目立った勾配なし,先行列車なし,後続列車なし,0.0,低速で加速し続けるちんたら運転かつノコギリ運転と判定され、即時0点規則に該当するためrewardは0.0。
206.09999999999727,Train11,次駅への減速フェーズ（駅手前400m以内）,ブレーキ（減速）中,0.1,力行（加速）,0.1,70.0,70.0,1.0754423118445662,70.0,11.346628309233608,0.0,0.055211343492795786,0.0,9.2,この先制限速度なし,この先目立った勾配なし,先行列車なし,後続列車なし,0.0,ブレーキ中にdelta_stopが5m超で停止余裕がなく、0.1秒の力行→ブレーキはノコギリ運転（<2秒）に該当し、reward上限0.0としたため0.0点。
206.19999999999726,Train11,次駅への減速フェーズ（駅手前400m以内）,惰行中,0.1,ブレーキ（減速）,0.1,70.0,70.0,0.9480700603312955,70.0,11.318700901007617,0.0,0.04290871441761618,0.0,9.2,この先制限速度なし,この先目立った勾配なし,先行列車なし,後続列車なし,0.0,次駅減速フェーズで先行列車がいないにも関わらず、現在速度0.9km/hのまま惰行を続けることはちんたら運転と判定され、即時0点となる。
206.29999999999725,Train11,次駅への減速フェーズ（駅手前400m以内）,ブレーキ（減速）中,0.1,惰行,0.1,70.0,70.0,0.9071051814289977,70.0,11.292991481667514,0.0,0.03928106890504865,0.0,9.2,この先制限速度なし,この先目立った勾配なし,先行列車なし,後続列車なし,0.0,0.1秒以下で惰行→減速への反転がありノコギリ運転と判定、かつブレーキ開始が停止位置から遠すぎるため0点とした。
206.39999999999725,Train11,次駅への減速フェーズ（駅手前400m以内）,惰行中,0.1,ブレーキ（減速）,0.1,70.0,70.0,0.779746920398149,70.0,11.26973989087432,0.0,0.02902592104517283,0.0,9.2,この先制限速度なし,この先目立った勾配なし,先行列車なし,後続列車なし,0.0,次駅減速フェーズで先行列車なしにも関わらず0.8km/hの低速惰行を続け、ブレーキ未実施のため即時ゼロ評価条件（ちんたら運転）に該当し、rewardは0.0とする。
206.49999999999724,Train11,次駅への減速フェーズ（駅手前400m以内）,力行（加速）中,0.1,惰行,0.1,70.0,70.0,0.7387959656656659,70.0,11.248705901511613,0.0,0.02605740270647075,0.0,9.2,この先制限速度なし,この先目立った勾配なし,先行列車なし,後続列車なし,0.0,低速(0.7km/h)のまま加速し続けたことが「ちんたら運転」かつノコギリ運転と判定され、即時0点規則に該当するため。
206.59999999999724,Train11,次駅への減速フェーズ（駅手前400m以内）,ブレーキ（減速）中,0.1,力行（加速）,0.1,70.0,70.0,1.0193070634848342,70.0,11.223894774033738,0.0,0.049598536727450016,0.0,9.2,この先制限速度なし,この先目立った勾配なし,先行列車なし,後続列車なし,0.0,ブレーキが早すぎて停止位置が遠く、0.1秒の力行→ブレーキのノコギリ運転で即時0点上限となったためreward=0.0。
206.69999999999723,Train11,次駅への減速フェーズ（駅手前400m以内）,惰行中,0.1,ブレーキ（減速）,0.1,70.0,70.0,0.8919394911420548,70.0,11.19752660669704,0.0,0.03797869533244481,0.0,9.2,この先制限速度なし,この先目立った勾配なし,先行列車なし,後続列車なし,0.0,先行列車不在で速度0.9km/hのまま惰行を続けたため、次駅減速フェーズでのちんたら運転と判定し即時0点とした。
206.79999999999723,Train11,次駅への減速フェーズ（駅手前400m以内）,力行（加速）中,0.1,惰行,0.1,70.0,70.0,0.8509792692936127,70.0,11.173376298668103,0.0,0.03457089521463751,0.0,9.2,この先制限速度なし,この先目立った勾配なし,先行列車なし,後続列車なし,0.0,低速で減速フェーズに力行し、即時ゼロ規則に違反したためrewardは0.0とした。
206.89999999999722,Train11,次駅への減速フェーズ（駅手前400m以内）,ブレーキ（減速）中,0.1,力行（加速）,0.1,70.0,70.0,1.130893164542943,70.0,11.145458099232286,0.0,0.061050974414632406,0.0,9.2,この先制限速度なし,この先目立った勾配なし,先行列車なし,後続列車なし,0.0,ブレーキが停止点より遠く（Δstop=11.08m）で開始され、持続時間が7秒未満の力行→ブレーキの反転がノコギリ運転と判定されたためrewardは0.0とした。
206.99999999999721,Train11,次駅への減速フェーズ（駅手前400m以内）,惰行中,0.1,ブレーキ（減速）,0.1,70.0,70.0,1.003516277374325,70.0,11.115990460435654,0.0,0.048073857341997164,0.0,9.2,この先制限速度なし,この先目立った勾配なし,先行列車なし,後続列車なし,0.0,次駅減速フェーズで先行列車なしにも関わらず低速1km/hで惰行し続けたため即時0点ルール（ちんたら運転）が適用された。
207.0999999999972,Train11,次駅への減速フェーズ（駅手前400m以内）,ブレーキ（減速）中,0.1,惰行,0.1,70.0,70.0,0.9625467846670474,70.0,11.088740938919983,0.0,0.04422900342938257,0.0,9.2,この先制限速度なし,この先目立った勾配なし,先行列車なし,後続列車なし,0.0,ブレーキがdelta_stop 11.04mで開始され、停止位置に到達できず、かつ0.1秒のノコギリ運転と判定されたためrewardは0.0とした。
207.1999999999972,Train11,次駅への減速フェーズ（駅手前400m以内）,惰行中,0.1,ブレーキ（減速）,0.1,70.0,70.0,0.8351839295793732,70.0,11.063949373852466,0.0,0.033299540994892525,0.0,9.2,この先制限速度なし,この先目立った勾配なし,先行列車なし,後続列車なし,0.0,次駅減速フェーズで先行列車なしにも関わらず、0.8km/hの低速で惰行を続けるちんたら運転は即時0点規則に該当し、rewardは0.0とする。
207.2999999999972,Train11,次駅への減速フェーズ（駅手前400m以内）,力行（加速）中,0.1,惰行,0.1,70.0,70.0,0.7942284026266322,70.0,11.041375537448772,0.0,0.030113987927614473,0.0,9.2,この先制限速度なし,この先目立った勾配なし,先行列車なし,後続列車なし,0.0,次駅減速フェーズで低速のまま加速し、停止位置が危うくなる上にノコギリ運転と判定されたため即時0点とした。
207.3999999999972,Train11,次駅への減速フェーズ（駅手前400m以内）,ブレーキ（減速）中,0.1,力行（加速）,0.1,70.0,70.0,1.074444415292004,70.0,11.015029131755227,0.0,0.05510894109036436,0.0,9.2,この先制限速度なし,この先目立った勾配なし,先行列車なし,後続列車なし,0.0,駅手前でのブレーキにより停車位置が確実に手前になるため即時0点規則が適用され、rewardは0.0となる。
207.4999999999972,Train11,次駅への減速フェーズ（駅手前400m以内）,惰行中,0.1,ブレーキ（減速）,0.1,70.0,70.0,0.9470722470790385,70.0,10.9871294415953,0.0,0.04281844989882091,0.0,9.2,この先制限速度なし,この先目立った勾配なし,先行列車なし,後続列車なし,0.0,次駅減速フェーズで先行列車なしにも関わらず速度0.9km/hのまま惰行を続けたため、即reward0.0ルールのちんたら運転に該当し、評価は0.0とした。
207.59999999999718,Train11,次駅への減速フェーズ（駅手前400m以内）,力行（加速）中,0.1,惰行,0.1,70.0,70.0,0.9061074510838557,70.0,10.961447738026209,0.0,0.0391947128981926,0.0,9.2,この先制限速度なし,この先目立った勾配なし,先行列車なし,後続列車なし,0.0,次駅減速フェーズで低速0.9km/hのまま加速し続けたため、先行列車不在のちんたら運転とみなされ即時0点規則に該当した。
207.69999999999717,Train11,次駅への減速フェーズ（駅手前400m以内）,ブレーキ（減速）中,0.1,力行（加速）,0.1,70.0,70.0,1.1857278540054255,70.0,10.93200268755723,0.0,0.06711427988980807,0.0,9.2,この先制限速度なし,この先目立った勾配なし,先行列車なし,後続列車なし,0.0,ノコギリ運転（0.1秒で力行→ブレーキ）と、delta_stopが10.86mで早すぎるブレーキにより停止位置が大幅に逸脱したため、rewardは0.0とした。
207.79999999999717,Train11,次駅への減速フェーズ（駅手前400m以内）,惰行中,0.1,ブレーキ（減速）,0.1,70.0,70.0,1.0583463694658013,70.0,10.90101193324955,0.0,0.05347012019066952,0.0,9.2,この先制限速度なし,この先目立った勾配なし,先行列車なし,後続列車なし,0.0,先行列車なしで低速1.1km/hの惰行が即時0点ルールに該当し、安全・遅延観点からrewardは0.0とした。
207.89999999999716,Train11,次駅への減速フェーズ（駅手前400m以内）,ブレーキ（減速）中,0.1,惰行,0.1,70.0,70.0,1.0173723009983955,70.0,10.872239423548535,0.0,0.049410446475976276,0.0,9.2,この先制限速度なし,この先目立った勾配なし,先行列車なし,後続列車なし,0.0,ブレーキが停止位置から10.8m離れた状態で継続され、ノコギリ運転と判定されたためrewardは0.0とした。
207.99999999999716,Train11,次駅への減速フェーズ（駅手前400m以内）,惰行中,0.1,ブレーキ（減速）,0.1,70.0,70.0,0.8900048896825984,70.0,10.84592499714887,0.0,0.03781413767921571,0.0,9.2,この先制限速度なし,この先目立った勾配なし,先行列車なし,後続列車なし,0.0,次駅減速フェーズで先行列車なしの低速惰行がちんたら運転と判定され、即時0点ルールが適用されたためrewardは0.0とした。
208.09999999999715,Train11,次駅への減速フェーズ（駅手前400m以内）,力行（加速）中,0.1,惰行,0.1,70.0,70.0,0.8490448280989257,70.0,10.821828425598312,0.0,0.03441391396150542,0.0,9.2,この先制限速度なし,この先目立った勾配なし,先行列車なし,後続列車なし,0.0,次駅減速フェーズで低速(0.8km/h)のまま力行し、停止位置に遅れが生じるため即reward0.0と判断した。
208.19999999999715,Train11,次駅への減速フェーズ（駅手前400m以内）,ブレーキ（減速）中,0.1,力行（加速）,0.1,70.0,70.0,1.1289690217186277,70.0,10.793963803180873,0.0,0.06084342490536769,0.0,9.2,この先制限速度なし,この先目立った勾配なし,先行列車なし,後続列車なし,0.0,delta_stopが5m超でブレーキ中かつ0.1秒の力行→ブレーキ反転がノコギリ運転と判定されたため、即0点とした。
208.29999999999714,Train11,次駅への減速フェーズ（駅手前400m以内）,惰行中,0.1,ブレーキ（減速）,0.1,70.0,70.0,1.0015922956323602,70.0,10.764549610335905,0.0,0.04788971368518991,0.0,9.2,この先制限速度なし,この先目立った勾配なし,先行列車なし,後続列車なし,0.0,低速(1km/h)で惰行を続け、停止位置へ向かうちんたら運転と判定され即時0点規則に該当したためreward=0.0。
208.39999999999714,Train11,次駅への減速フェーズ（駅手前400m以内）,力行（加速）中,0.1,惰行,0.1,70.0,70.0,0.9606229632491698,70.0,10.737353530299032,0.0,0.04405239689394243,0.0,9.2,この先制限速度なし,この先目立った勾配なし,先行列車なし,後続列車なし,0.0,低速（1 km/h）で駅手前に加速しており、先行列車不在の次駅減速フェーズでのちんたら運転かつノコギリ運転と判定されたため、即時0点とした。
208.49999999999713,Train11,次駅への減速フェーズ（駅手前400m以内）,ブレーキ（減速）中,0.1,力行（加速）,0.1,70.0,70.0,1.2399531226030782,70.0,10.706398597719158,0.0,0.07339237772206673,0.0,9.2,この先制限速度なし,この先目立った勾配なし,先行列車なし,後続列車なし,0.0,次駅減速フェーズでδ_stopが10.63mにも関わらずブレーキを開始し、早すぎる減速とノコギリ運転により停止位置が達成できず0点と判断した。
208.59999999999712,Train11,次駅への減速フェーズ（駅手前400m以内）,惰行中,0.1,ブレーキ（減速）,0.1,70.0,70.0,1.1125670788524784,70.0,10.673901655675166,0.0,0.05908855643295371,0.0,9.2,この先制限速度なし,この先目立った勾配なし,先行列車なし,後続列車なし,0.0,次駅減速フェーズで先行列車なしにも関わらず低速惰行が続き、即時0点ルールのちんたら運転に該当するためreward=0.0とした。
208.69999999999712,Train11,次駅への減速フェーズ（駅手前400m以内）,ブレーキ（減速）中,0.1,惰行,0.1,70.0,70.0,1.0715884725480425,70.0,10.643623084511944,0.0,0.05481639442794693,0.0,9.2,この先制限速度なし,この先目立った勾配なし,先行列車なし,後続列車なし,0.0,ノコギリ運転と早すぎるブレーキにより停止位置が確保できず、上限0.0点とした。
208.7999999999971,Train11,次駅への減速フェーズ（駅手前400m以内）,惰行中,0.1,ブレーキ（減速）,0.1,70.0,70.0,0.944216542713373,70.0,10.615802722455214,0.0,0.042560641365495006,0.0,9.2,この先制限速度なし,この先目立った勾配なし,先行列車なし,後続列車なし,0.0,低速0.9km/hで減速フェーズ中に惰行へ切替え、ブレーキ→惰行が7秒未満で反転したため即時0点ルールとノコギリ運転が適用され、rewardは0.0とした。
208.8999999999971,Train11,次駅への減速フェーズ（駅手前400m以内）,力行（加速）中,0.1,惰行,0.1,70.0,70.0,0.9032519839711983,70.0,10.590200340381273,0.0,0.03894809030070247,0.0,9.2,この先制限速度なし,この先目立った勾配なし,先行列車なし,後続列車なし,0.0,次駅減速フェーズで先行列車不在にも関わらず0.9km/hの低速で力行を続けたため、即0.0ルールに該当し評価は0.0とした。
208.9999999999971,Train11,次駅への減速フェーズ（駅手前400m以内）,ブレーキ（減速）中,0.1,力行（加速）,0.1,70.0,70.0,1.182887589200049,70.0,10.56083437601174,0.0,0.06679317314842888,0.0,9.2,この先制限速度なし,この先目立った勾配なし,先行列車なし,後続列車なし,0.0,ノコギリ運転と判定され、保持時間0.1秒で力行→ブレーキへの不合理な反転があり、reward上限が0.0点に設定されたため。
209.0999999999971,Train11,次駅への減速フェーズ（駅手前400m以内）,惰行中,0.1,ブレーキ（減速）,0.1,70.0,70.0,1.0555063431128013,70.0,10.529922514304957,0.0,0.05318356496969865,0.0,9.2,この先制限速度なし,この先目立った勾配なし,先行列車なし,後続列車なし,0.0,先行列車が不在で速度1.1km/hの低速惰行が続き、停止位置へ向かうちんたら運転と判定されたため、即時0点とした評価。
209.1999999999971,Train11,次駅への減速フェーズ（駅手前400m以内）,力行（加速）中,0.1,惰行,0.1,70.0,70.0,1.0145325119783157,70.0,10.501228890596792,0.0,0.04913501999352967,0.0,9.2,この先制限速度なし,この先目立った勾配なし,先行列車なし,後続列車なし,0.0,次駅減速フェーズで低速のまま加速し続けたことがちんたら運転と即reward0.0規則に該当し、評価は0.0とした。
209.29999999999708,Train11,次駅への減速フェーズ（駅手前400m以内）,ブレーキ（減速）中,0.1,力行（加速）,0.1,70.0,70.0,1.2935756412533868,70.0,10.468780859095972,0.0,0.0798766030883029,0.0,9.2,この先制限速度なし,この先目立った勾配なし,先行列車なし,後続列車なし,0.0,ブレーキ開始が早すぎてdelta_stopが10.39mとなり大幅減点、さらに0.1秒の力行→減速がノコギリ運転と判定されたためrewardは0.0。
209.39999999999708,Train11,次駅への減速フェーズ（駅手前400m以内）,惰行中,0.1,ブレーキ（減速）,0.1,70.0,70.0,1.166185076322257,70.0,10.434794471787967,0.0,0.06492044195267868,0.0,9.2,この先制限速度なし,この先目立った勾配なし,先行列車なし,後続列車なし,0.0,先行列車がいない状態で、現在速度1.2km/hの惰行が続き、停止位置までの距離が10m以上あるにも関わらずブレーキせずに低速で進むことはちんたら運転とみなされ、即時0点ルールに該当するためrewardは0.0となる。
209.49999999999707,Train11,次駅への減速フェーズ（駅手前400m以内）,ブレーキ（減速）中,0.1,惰行,0.1,70.0,70.0,1.1252019699768334,70.0,10.403026580572572,0.0,0.060438111254790226,0.0,9.2,この先制限速度なし,この先目立った勾配なし,先行列車なし,後続列車なし,0.0,ブレーキが早すぎてdelta_stopが5m超となり停止位置が達成できず、2秒未満のノコギリ運転にも該当するためrewardは0.0とした。
209.59999999999707,Train11,次駅への減速フェーズ（駅手前400m以内）,惰行中,0.1,ブレーキ（減速）,0.1,70.0,70.0,0.9978255592077652,70.0,10.37371702321721,0.0,0.04753022258958104,0.0,9.2,この先制限速度なし,この先目立った勾配なし,先行列車なし,後続列車なし,0.0,低速(1km/h)で惰行を続け、先行列車不在の減速フェーズでちんたら運転とノコギリ運転と判定され、即0点規則が適用されたため0.0とした。
209.69999999999706,Train11,次駅への減速フェーズ（駅手前400m以内）,力行（加速）中,0.1,惰行,0.1,70.0,70.0,0.9568565406572717,70.0,10.346625569951584,0.0,0.043707662596384346,0.0,9.2,この先制限速度なし,この先目立った勾配なし,先行列車なし,後続列車なし,0.0,低速（1km/h）で力行を続け、先行列車もなく停止位置へ向かう際に加速することは、即時0点規則の「ちんたら運転」に該当し、評価は0.0とした。
209.79999999999706,Train11,次駅への減速フェーズ（駅手前400m以内）,ブレーキ（減速）中,0.1,力行（加速）,0.1,70.0,70.0,1.2362067530661023,70.0,10.315774953625123,0.0,0.07294960681822642,0.0,9.2,この先制限速度なし,この先目立った勾配なし,先行列車なし,後続列車なし,0.0,ブレーキが早すぎて駅手前で停止が確実となり、即時0点規則に該当するためreward=0.0とした。
209.89999999999705,Train11,次駅への減速フェーズ（駅手前400m以内）,惰行中,0.1,ブレーキ（減速）,0.1,70.0,70.0,1.108821024720436,70.0,10.283382072579172,0.0,0.058691361925255314,0.0,9.2,この先制限速度なし,この先目立った勾配なし,先行列車なし,後続列車なし,0.0,次駅減速フェーズで先行列車なしにも関わらず低速1.1km/hの惰行を続け、ブレーキ未実施のため即時0点ルール（ちんたら運転）に該当し、rewardは0.0とした。
209.99999999999704,Train11,次駅への減速フェーズ（駅手前400m以内）,力行（加速）中,0.1,惰行,0.1,70.0,70.0,1.067842732344125,70.0,10.253207553677868,0.0,0.05443388190640846,0.0,9.2,この先制限速度なし,この先目立った勾配なし,先行列車なし,後続列車なし,0.0,次駅減速フェーズで先行列車不在にも関わらず低速(1.1km/h)のまま力行を続けたことが『ちんたら運転』に該当し、即0点ルールが適用されたためrewardは0.0とした。
210.09999999999704,Train11,次駅への減速フェーズ（駅手前400m以内）,ブレーキ（減速）中,0.1,力行（加速）,0.1,70.0,70.0,1.3466020101254723,70.0,10.219283022660619,0.0,0.0865585526244639,0.0,9.2,この先制限速度なし,この先目立った勾配なし,先行列車なし,後続列車なし,0.0,次駅減速フェーズでブレーキを早期に掛け、delta_stopが10m超過し停止位置が遠すぎる上、0.1秒の力行→減速の切替がノコギリ運転と判定され、上限0点となったためrewardは0.0。
210.19999999999703,Train11,次駅への減速フェーズ（駅手前400m以内）,惰行中,0.1,ブレーキ（減速）,0.1,70.0,70.0,1.2192069619096018,70.0,10.183823749226661,0.0,0.07095728614799797,0.0,9.2,この先制限速度なし,この先目立った勾配なし,先行列車なし,後続列車なし,0.0,次駅減速フェーズで低速1.2km/hのままブレーキせず惰行を続けたため、ちんたら運転とみなされ即時0点とした。
210.29999999999703,Train11,次駅への減速フェーズ（駅手前400m以内）,ブレーキ（減速）中,0.1,惰行,0.1,70.0,70.0,1.1782193931870821,70.0,10.150583096052657,0.0,0.0662670817233935,0.0,9.2,この先制限速度なし,この先目立った勾配なし,先行列車なし,後続列車なし,0.0,保持時間0.1秒の惰行→減速という不合理な切替がノコギリ運転と判定され、reward上限が0.0となった。
210.39999999999702,Train11,次駅への減速フェーズ（駅手前400m以内）,惰行中,0.1,ブレーキ（減速）,0.1,70.0,70.0,1.050838538938193,70.0,10.119800900454834,0.0,0.052714261462959426,0.0,9.2,この先制限速度なし,この先目立った勾配なし,先行列車なし,後続列車なし,0.0,次駅減速フェーズで先行列車なしにも関わらず低速1.1km/hの惰行がちんたら運転と判定され、即時0点規則に該当したためrewardは0.0とした。
210.49999999999702,Train11,次駅への減速フェーズ（駅手前400m以内）,力行（加速）中,0.1,惰行,0.1,70.0,70.0,1.009865097802171,70.0,10.091236932009195,0.0,0.048684007178188035,0.0,9.2,この先制限速度なし,この先目立った勾配なし,先行列車なし,後続列車なし,0.0,次駅減速フェーズで先行列車不在にも関わらず低速1 km/hで力行を続けたため「ちんたら運転」即時0点規則が適用され、rewardは0.0とした。
210.599999999997,Train11,次駅への減速フェーズ（駅手前400m以内）,ブレーキ（減速）中,0.1,力行（加速）,0.1,70.0,70.0,1.288933078243646,70.0,10.058918170940956,0.0,0.07930435895383017,0.0,9.2,この先制限速度なし,この先目立った勾配なし,先行列車なし,後続列車なし,0.0,ブレーキ中にdelta_stopが9.98mと5m超で停止位置が大幅に遅れ、保持時間0.1秒の反転でノコギリ運転と判定されたためrewardは0.0とした。
210.699999999997,Train11,次駅への減速フェーズ（駅手前400m以内）,惰行中,0.1,ブレーキ（減速）,0.1,70.0,70.0,1.1615429052473645,70.0,10.0250607377248,0.0,0.06440467702854455,0.0,9.2,この先制限速度なし,この先目立った勾配なし,先行列車なし,後続列車なし,0.0,低速1.2km/hで惰行を続け、先行列車なしの減速フェーズでちんたら運転とノコギリ運転と判定され即時0点規則に該当するためrewardは0.0とした。
210.799999999997,Train11,次駅への減速フェーズ（駅手前400m以内）,力行（加速）中,0.1,惰行,0.1,70.0,70.0,1.1205601890064318,70.0,9.993421789744161,0.0,0.05994054411326568,0.0,9.2,この先制限速度なし,この先目立った勾配なし,先行列車なし,後続列車なし,0.0,次駅減速フェーズで先行列車なしの低速1.1km/hで力行を続けたことは『ちんたら運転』に該当し、即reward0.0ルール違反と判断した。
210.899999999997,Train11,次駅への減速フェーズ（駅手前400m以内）,ブレーキ（減速）中,0.1,力行（加速）,0.1,70.0,70.0,1.3990387593395384,70.0,9.958037176815537,0.0,0.09343004643793112,0.0,9.2,この先制限速度なし,この先目立った勾配なし,先行列車なし,後続列車なし,0.0,0.1秒の力行→ブレーキへの反転がノコギリ運転と判定され、prev_notch_durationが2秒未満のためreward上限は0.0となった。
210.999999999997,Train11,次駅への減速フェーズ（駅手前400m以内）,惰行中,0.1,ブレーキ（減速）,0.1,70.0,70.0,1.2716392655951847,70.0,9.921121394999233,0.0,0.07719081680413314,0.0,9.2,この先制限速度なし,この先目立った勾配なし,先行列車なし,後続列車なし,0.0,低速で惰行を続け、先行列車不在にも関わらず停止位置に到達できず、ちんたら運転とノコギリ運転が判定されたためrewardは0.0とした。
211.09999999999698,Train11,次駅への減速フェーズ（駅手前400m以内）,ブレーキ（減速）中,0.1,惰行,0.1,70.0,70.0,1.230647272022407,70.0,9.886424356572832,0.0,0.07229501884524084,0.0,9.2,この先制限速度なし,この先目立った勾配なし,先行列車なし,後続列車なし,0.0,ノコギリ運転と判定され、前ノッチ保持時間0.1秒で不合理に減速に切替えたためreward上限0.0とした。
211.19999999999698,Train11,次駅への減速フェーズ（駅手前400m以内）,惰行中,0.1,ブレーキ（減速）,0.1,70.0,70.0,1.1032620116134526,70.0,9.854185898401369,0.0,0.05810440744212133,0.0,9.2,この先制限速度なし,この先目立った勾配なし,先行列車なし,後続列車なし,0.0,次駅減速フェーズで先行列車なしにも関わらず1.1km/hの低速惰行はちんたら運転とみなされ、即reward0.0ルールに該当するため0.0とした。
211.29999999999697,Train11,次駅への減速フェーズ（駅手前400m以内）,力行（加速）中,0.1,惰行,0.1,70.0,70.0,1.0622841849823497,70.0,9.824165789407147,0.0,0.053868714597225954,0.0,9.2,この先制限速度なし,この先目立った勾配なし,先行列車なし,後続列車なし,0.0,低速で加速し続けたことが即時0点ルールに該当し、ノコギリ運転（保持時間0.1秒）で評価上限0点となったため、運転操作は全く不適切と判断した。
211.39999999999696,Train11,次駅への減速フェーズ（駅手前400m以内）,ブレーキ（減速）中,0.1,力行（加速）,0.1,70.0,70.0,1.3410730599533152,70.0,9.790395209957836,0.0,0.08584931023422826,0.0,9.2,この先制限速度なし,この先目立った勾配なし,先行列車なし,後続列車なし,0.0,ブレーキがΔstop=9.7mと必要距離より早く開始され、0.1秒の力行→ブレーキ反転がノコギリ運転と判定され上限0.0点となったためreward=0.0。
211.49999999999696,Train11,次駅への減速フェーズ（駅手前400m以内）,惰行中,0.1,ブレーキ（減速）,0.1,70.0,70.0,1.2136784797746614,70.0,9.755089511308768,0.0,0.07031530857560105,0.0,9.2,この先制限速度なし,この先目立った勾配なし,先行列車なし,後続列車なし,0.0,次駅減速フェーズで低速1.2km/hのまま惰行し続けたことがちんたら運転とみなされ、即時0点規則に該当するためrewardは0.0とした。
211.59999999999695,Train11,次駅への減速フェーズ（駅手前400m以内）,力行（加速）中,0.1,惰行,0.1,70.0,70.0,1.1726913769092164,70.0,9.72200241997001,0.0,0.06564678065238085,0.0,9.2,この先制限速度なし,この先目立った勾配なし,先行列車なし,後続列車なし,0.0,次駅減速フェーズで低速(1.2km/h)のまま加速し続けたことが即時0点ルールに該当し、rewardは0.0とする。
211.69999999999695,Train11,次駅への減速フェーズ（駅手前400m以内）,ブレーキ（減速）中,0.1,力行（加速）,0.1,70.0,70.0,1.450892349660552,70.0,9.685173962814986,0.0,0.10048312247011527,0.0,9.2,この先制限速度なし,この先目立った勾配なし,先行列車なし,後続列車なし,0.0,ブレーキが必要距離より早く開始され、0.1秒の加速→ブレーキ反転がノコギリ運転と判定され、reward上限0.0となったため0.0とする。
211.79999999999694,Train11,次駅への減速フェーズ（駅手前400m以内）,惰行中,0.1,ブレーキ（減速）,0.1,70.0,70.0,1.3234884479997564,70.0,9.646817870901714,0.0,0.08361298376821755,0.0,9.2,この先制限速度なし,この先目立った勾配なし,先行列車なし,後続列車なし,0.0,次駅減速フェーズで低速惰行が続き、ブレーキ未実施のちんたら運転と判定され、即時0点規則に該当したため0.0とした。
211.89999999999694,Train11,次駅への減速フェーズ（駅手前400m以内）,力行（加速）中,0.1,惰行,0.1,70.0,70.0,1.2824920669617967,70.0,9.610680644456693,0.0,0.07851384346528789,0.0,9.2,この先制限速度なし,この先目立った勾配なし,先行列車なし,後続列車なし,0.0,次駅減速フェーズで低速1.3km/hのまま力行し続けたため、即時0点対象（ちんたら運転）となり、停止位置や安全性に影響する不適切な操作と判断した。
211.99999999999693,Train11,次駅への減速フェーズ（駅手前400m以内）,ブレーキ（減速）中,0.1,力行（加速）,0.1,70.0,70.0,1.560108314519319,70.0,9.57081110828284,0.0,0.11617777987677956,0.0,9.2,この先制限速度なし,この先目立った勾配なし,先行列車なし,後続列車なし,0.0,ノコギリ運転（0.1秒で力行→ブレーキ）とdelta_stopが9.45mと大きく、停止位置が遠すぎるためreward上限0とした。
212.09999999999692,Train11,次駅への減速フェーズ（駅手前400m以内）,惰行中,0.1,ブレーキ（減速）,0.1,70.0,70.0,1.4326950902663758,70.0,9.529421382129755,0.0,0.09797872950879585,0.0,9.2,この先制限速度なし,この先目立った勾配なし,先行列車なし,後続列車なし,0.0,低速1.4km/hで先行列車なしの減速フェーズで惰行を続けたことが「ちんたら運転」とみなされ、即時0点規則に該当するためrewardは0.0とした。
212.19999999999692,Train11,次駅への減速フェーズ（駅手前400m以内）,力行（加速）中,0.1,惰行,0.1,70.0,70.0,1.3916894297212714,70.0,9.490250779666809,0.0,0.09245115568201381,0.0,9.2,この先制限速度なし,この先目立った勾配なし,先行列車なし,後続列車なし,0.0,次駅減速フェーズで低速のまま加速し、ちんたら運転と即時0点規則に該当するため、安全上の重大な違反と判断しrewardは0.0。
212.2999999999969,Train11,次駅への減速フェーズ（駅手前400m以内）,ブレーキ（減速）中,0.1,力行（加速）,0.1,70.0,70.0,1.668724113070586,70.0,9.447356875234902,0.0,0.13291484133278472,0.0,9.2,この先制限速度なし,この先目立った勾配なし,先行列車なし,後続列車なし,0.0,ブレーキが早すぎてdelta_stopが9.31mであり、0.1秒の加速→減速はノコギリ運転と判定され、reward上限が0.0点となった。
212.3999999999969,Train11,次駅への減速フェーズ（駅手前400m以内）,惰行中,0.1,ブレーキ（減速）,0.1,70.0,70.0,1.5413015657083433,70.0,9.402950186146342,0.0,0.11339408494692739,0.0,9.2,この先制限速度なし,この先目立った勾配なし,先行列車なし,後続列車なし,0.0,次駅減速フェーズで先行列車なしにも関わらず低速1.5km/hのまま惰行を続けたため、即reward0.0ルールのちんたら運転に該当し0.0とした。
212.4999999999969,Train11,次駅への減速フェーズ（駅手前400m以内）,力行（加速）中,0.1,惰行,0.1,70.0,70.0,1.5002866249154205,70.0,9.360762878966256,0.0,0.10744027412970507,0.0,9.2,この先制限速度なし,この先目立った勾配なし,先行列車なし,後続列車なし,0.0,次駅減速フェーズで低速1.5km/hのまま加速し、停止位置が確保できず、即時0点対象となるちんたら運転とノコギリ運転が判定されたためreward=0.0とした。
212.5999999999969,Train11,次駅への減速フェーズ（駅手前400m以内）,ブレーキ（減速）中,0.1,力行（加速）,0.1,70.0,70.0,1.7767428890702555,70.0,9.31486122951597,0.0,0.15067612796130597,0.0,9.2,この先制限速度なし,この先目立った勾配なし,先行列車なし,後続列車なし,0.0,次駅減速フェーズでdelta_stopが9.16mと5m超えており、早すぎるブレーキとノコギリ運転により停止位置が大幅にずれ、即時0点とする。
212.6999999999969,Train11,次駅への減速フェーズ（駅手前400m以内）,惰行中,0.1,ブレーキ（減速）,0.1,70.0,70.0,1.6493110186649491,70.0,9.267454161442146,0.0,0.1298407909023046,0.0,9.2,この先制限速度なし,この先目立った勾配なし,先行列車なし,後続列車なし,0.0,次駅減速フェーズで先行列車なしの低速1.6km/hの惰行はちんたら運転とみなされ即時0点規則が適用されたためreward=0.0。
212.79999999999688,Train11,次駅への減速フェーズ（駅手前400m以内）,力行（加速）中,0.1,惰行,0.1,70.0,70.0,1.6082867974680155,70.0,9.222266733512896,0.0,0.12346290445764775,0.0,9.2,この先制限速度なし,この先目立った勾配なし,先行列車なし,後続列車なし,0.0,次駅減速フェーズで低速1.6km/hのまま加速し、Δstop=9.1mと遠く、即時0点規則に該当するためreward=0.0とした。
212.89999999999688,Train11,次駅への減速フェーズ（駅手前400m以内）,ブレーキ（減速）中,0.1,力行（加速）,0.1,70.0,70.0,1.8841677715384093,70.0,9.173373875164259,0.0,0.16944363940170248,0.0,9.2,この先制限速度なし,この先目立った勾配なし,先行列車なし,後続列車なし,0.0,ブレーキ開始が早すぎ、delta_stopが9mで過剰減速かつノコギリ運転（保持時間0.1秒）に該当し、reward上限0.0と判断した。
212.99999999999687,Train11,次駅への減速フェーズ（駅手前400m以内）,惰行中,0.1,ブレーキ（減速）,0.1,70.0,70.0,1.7567265787303075,70.0,9.122982925148904,0.0,0.1473008755361449,0.0,9.2,この先制限速度なし,この先目立った勾配なし,先行列車なし,後続列車なし,0.0,次駅減速フェーズで先行列車なしにも関わらず低速1.8km/hの惰行が続き、即reward0.0ルールの「ちんたら運転」に該当するため0.0とした。
213.09999999999687,Train11,次駅への減速フェーズ（駅手前400m以内）,力行（加速）中,0.1,惰行,0.1,70.0,70.0,1.7156930775482935,70.0,9.074811873489352,0.0,0.1405010717403739,0.0,9.2,この先制限速度なし,この先目立った勾配なし,先行列車なし,後続列車なし,0.0,次駅減速フェーズで低速のまま力行し、停止位置確保が不可能であり、即時0点規則が適用された。この操作は安全上のリスクとエネルギー無駄を伴うため。
213.19999999999686,Train11,次駅への減速フェーズ（駅手前400m以内）,ブレーキ（減速）中,0.1,力行（加速）,0.1,70.0,70.0,1.991001874808638,70.0,9.022944255661969,0.0,0.18919967440451302,0.0,9.2,この先制限速度なし,この先目立った勾配なし,先行列車なし,後続列車なし,0.0,delta_stopが8.83mでブレーキ開始が早すぎ、駅手前で停止が確実となり即時0点規則に該当するため0.0とした。
213.29999999999686,Train11,次駅への減速フェーズ（駅手前400m以内）,惰行中,0.1,ブレーキ（減速）,0.1,70.0,70.0,1.8635513608028,70.0,8.96958583420826,0.0,0.16575651905636313,0.0,9.2,この先制限速度なし,この先目立った勾配なし,先行列車なし,後続列車なし,0.0,次駅減速フェーズで低速（1.9km/h）の惰行が続き、先行列車なしにも関わらず停車位置へゆっくり進む「ちんたら運転」と判定されたため、即時0点ルールが適用されrewardは0.0となります。
213.39999999999685,Train11,次駅への減速フェーズ（駅手前400m以内）,ブレーキ（減速）中,0.1,惰行,0.1,70.0,70.0,1.8225085806205117,70.0,8.918447569293164,0.0,0.1585369664652998,0.0,9.2,この先制限速度なし,この先目立った勾配なし,先行列車なし,後続列車なし,0.0,delta_stopが8.76mと過大でブレーキが早すぎ、0.1秒以下のノコギリ運転と判定されreward上限が0.0となったため0.0点とした。
213.49999999999685,Train11,次駅への減速フェーズ（駅手前400m以内）,惰行中,0.1,ブレーキ（減速）,0.1,70.0,70.0,1.695072744809768,70.0,8.86976929265515,0.0,0.13714464541500324,0.0,9.2,この先制限速度なし,この先目立った勾配なし,先行列車なし,後続列車なし,0.0,先行列車がいない状態で速度1.7km/hのまま惰行を続け、停止位置への適切なブレーキが取られないため「ちんたら運転」と判定し即時0点とした。
213.59999999999684,Train11,次駅への減速フェーズ（駅手前400m以内）,力行（加速）中,0.1,惰行,0.1,70.0,70.0,1.6540445762768068,70.0,8.823310765993853,0.0,0.13058703196491814,0.0,9.2,この先制限速度なし,この先目立った勾配なし,先行列車なし,後続列車なし,0.0,次駅減速フェーズで低速のまま加速し、先行列車不在にも関わらず停止位置へ向かうちんたら運転と判定され、即時0点規則が適用されたため0.0とした。
213.69999999999683,Train11,次駅への減速フェーズ（駅手前400m以内）,ブレーキ（減速）中,0.1,力行（加速）,0.1,70.0,70.0,1.929681794750006,70.0,8.773150585138723,0.0,0.1777271003670787,0.0,9.2,この先制限速度なし,この先目立った勾配なし,先行列車なし,後続列車なし,0.0,ブレーキが停止点より5m以上手前で開始され、かつ0.1秒の力行→ブレーキの反転でノコギリ運転と判定されたため、rewardは0.0とする。
213.79999999999683,Train11,次駅への減速フェーズ（駅手前400m以内）,惰行中,0.1,ブレーキ（減速）,0.1,70.0,70.0,1.8022366369805483,70.0,8.721495417333358,0.0,0.15503035290974282,0.0,9.2,この先制限速度なし,この先目立った勾配なし,先行列車なし,後続列車なし,0.0,次駅減速フェーズで先行列車なしにも関わらず低速1.8km/hの惰行が続き、停車位置へ向かうちんたら運転と判定されたため0.0とした。
213.89999999999682,Train11,次駅への減速フェーズ（駅手前400m以内）,ブレーキ（減速）中,0.1,惰行,0.1,70.0,70.0,1.7611991888127703,70.0,8.672060257705283,0.0,0.14805175392226871,0.0,9.2,この先制限速度なし,この先目立った勾配なし,先行列車なし,後続列車なし,0.0,0.1秒の惰行から減速への短時間反転はノコギリ運転と判定され、上限が0.0点に設定されるため、rewardは0.0となります。
213.99999999999682,Train11,次駅への減速フェーズ（駅手前400m以内）,惰行中,0.1,ブレーキ（減速）,0.1,70.0,70.0,1.6337686631197152,70.0,8.62508493852232,0.0,0.12740558513185984,0.0,9.2,この先制限速度なし,この先目立った勾配なし,先行列車なし,後続列車なし,0.0,次駅減速フェーズで先行列車なしにも関わらず低速1.6km/hで惰行を続け、ブレーキ未実施のためちんたら運転と判定し即時0点とした。
214.0999999999968,Train11,次駅への減速フェーズ（駅手前400m以内）,力行（加速）中,0.1,惰行,0.1,70.0,70.0,1.5927457804985412,70.0,8.580329222237282,0.0,0.12108873328383402,0.0,9.2,この先制限速度なし,この先目立った勾配なし,先行列車なし,後続列車なし,0.0,低速（1.6km/h）での力行がちんたら運転と判定され、保持時間が7秒未満のノコギリ運転に該当するため即時0点とした。
214.1999999999968,Train11,次駅への減速フェーズ（駅手前400m以内）,ブレーキ（減速）中,0.1,力行（加速）,0.1,70.0,70.0,1.868709540825324,70.0,8.531866793049403,0.0,0.1666752253441223,0.0,9.2,この先制限速度なし,この先目立った勾配なし,先行列車なし,後続列車なし,0.0,ブレーキ中にδ_stopが8.37mで停止距離が大幅に不足し、0.1秒の力行→ブレーキ反転がノコギリ運転と判定されたため0.0点とした。
214.2999999999968,Train11,次駅への減速フェーズ（駅手前400m以内）,惰行中,0.1,ブレーキ（減速）,0.1,70.0,70.0,1.741269692602049,70.0,8.481905217770702,0.0,0.14472060579685186,0.0,9.2,この先制限速度なし,この先目立った勾配なし,先行列車なし,後続列車なし,0.0,次駅減速フェーズで低速1.7km/hの惰行はちんたら運転とみなされ、即時0点規則に該当するためrewardは0.0。
214.3999999999968,Train11,次駅への減速フェーズ（駅手前400m以内）,ブレーキ（減速）中,0.1,惰行,0.1,70.0,70.0,1.7002375299002288,70.0,8.434163503604708,0.0,0.13798152354315438,0.0,9.2,この先制限速度なし,この先目立った勾配なし,先行列車なし,後続列車なし,0.0,ブレーキへの切替が0.1秒で行われ、保持時間が7秒未満かつ合理的理由がなくノコギリ運転と判定され、上限が0点となったため0.0とした。
214.4999999999968,Train11,次駅への減速フェーズ（駅手前400m以内）,惰行中,0.1,ブレーキ（減速）,0.1,70.0,70.0,1.572812267904744,70.0,8.388881483345045,0.0,0.11807726126434977,0.0,9.2,この先制限速度なし,この先目立った勾配なし,先行列車なし,後続列車なし,0.0,次駅減速フェーズで先行列車なしの低速惰行はちんたら運転と判定され、即0点規則が適用されたためrewardは0.0。
214.59999999999678,Train11,次駅への減速フェーズ（駅手前400m以内）,力行（加速）中,0.1,惰行,0.1,70.0,70.0,1.5317946249167433,70.0,8.34581892018349,0.0,0.11199974881171411,0.0,9.2,この先制限速度なし,この先目立った勾配なし,先行列車なし,後続列車なし,0.0,次駅減速フェーズで低速(1.5km/h)のまま力行し、停止位置へ向かうべきであるのに加速しているため即時0点ルールが適用される。
214.69999999999678,Train11,次駅への減速フェーズ（駅手前400m以内）,ブレーキ（減速）中,0.1,力行（加速）,0.1,70.0,70.0,1.8080830590182697,70.0,8.299044614552997,0.0,0.15603763654699587,0.0,9.2,この先制限速度なし,この先目立った勾配なし,先行列車なし,後続列車なし,0.0,ブレーキ中にdelta_stopが8.14mで5m超過し停止位置誤差が大きく、即時0点となりノコギリ運転でも上限0点のためrewardは0.0。
214.79999999999677,Train11,次駅への減速フェーズ（駅手前400m以内）,惰行中,0.1,ブレーキ（減速）,0.1,70.0,70.0,1.6806484741073233,70.0,8.25076702772165,0.0,0.1348208808097592,0.0,9.2,この先制限速度なし,この先目立った勾配なし,先行列車なし,後続列車なし,0.0,次駅減速フェーズで先行列車なしの低速惰行は即時0点ルールに該当し、運転は不適切と判断してreward=0.0とした。
214.89999999999677,Train11,次駅への減速フェーズ（駅手前400m以内）,ブレーキ（減速）中,0.1,惰行,0.1,70.0,70.0,1.6396215507783556,70.0,8.204709156217405,0.0,0.1283199214489096,0.0,9.2,この先制限速度なし,この先目立った勾配なし,先行列車なし,後続列車なし,0.0,減速フェーズでdelta_stopが8.08mと大きく、早すぎるブレーキと0.1秒のノコギリ運転により停止位置が達成できず、上限0.0点とした。
214.99999999999676,Train11,次駅への減速フェーズ（駅手前400m以内）,惰行中,0.1,ブレーキ（減速）,0.1,70.0,70.0,1.5122015065149501,70.0,8.161110833359686,0.0,0.10915332186632884,0.0,9.2,この先制限速度なし,この先目立った勾配なし,先行列車なし,後続列車なし,0.0,次駅減速フェーズで先行列車不在にも関わらず低速(1.5km/h)の惰行はちんたら運転とみなされ即時0点規則が適用されたため0.0とした。
215.09999999999675,Train11,次駅への減速フェーズ（駅手前400m以内）,力行（加速）中,0.1,惰行,0.1,70.0,70.0,1.4711890573352424,70.0,8.11973182308634,0.0,0.10331372549870331,0.0,9.2,この先制限速度なし,この先目立った勾配なし,先行列車なし,後続列車なし,0.0,次駅減速フェーズで先行列車なしにも関わらず低速のまま力行し、ちんたら運転に該当するため即時0点とした。
215.19999999999675,Train11,次駅への減速フェーズ（駅手前400m以内）,ブレーキ（減速）中,0.1,力行（加速）,0.1,70.0,70.0,1.7478003083395566,70.0,8.074636069732577,0.0,0.14580800394847715,0.0,9.2,この先制限速度なし,この先目立った勾配なし,先行列車なし,後続列車なし,0.0,ブレーキが早すぎてδ_stopが7.93mと5m超、停止位置達成不可かつノコギリ運転と判断し0.0点とした。
215.29999999999674,Train11,次駅への減速フェーズ（駅手前400m以内）,惰行中,0.1,ブレーキ（減速）,0.1,70.0,70.0,1.6203709409585485,70.0,8.028032923967032,0.0,0.1253249001023693,0.0,9.2,この先制限速度なし,この先目立った勾配なし,先行列車なし,後続列車なし,0.0,次駅減速フェーズで先行列車不在にも関わらず低速1.6km/hのまま惰行を続け、停止距離が不足しているため即時0点規則が適用された。
215.39999999999674,Train11,次駅への減速フェーズ（駅手前400m以内）,ブレーキ（減速）中,0.1,惰行,0.1,70.0,70.0,1.5793492113599015,70.0,7.983649349011301,0.0,0.11906065795652643,0.0,9.2,この先制限速度なし,この先目立った勾配なし,先行列車なし,後続列車なし,0.0,駅手前での過早ブレーキと0.1秒以下のノコギリ運転により停止位置が確実に遅れ、即時0点規則が適用される。
215.49999999999673,Train11,次駅への減速フェーズ（駅手前400m以内）,惰行中,0.1,ブレーキ（減速）,0.1,70.0,70.0,1.4519343393128479,70.0,7.94172517870706,0.0,0.10062748242125871,0.0,9.2,この先制限速度なし,この先目立った勾配なし,先行列車なし,後続列車なし,0.0,次駅減速フェーズで低速のまま惰行を続けたため、即時0点規則が適用され0.0点となった。
215.59999999999673,Train11,次駅への減速フェーズ（駅手前400m以内）,力行（加速）中,0.1,惰行,0.1,70.0,70.0,1.4109270385654256,70.0,7.902020177731117,0.0,0.09502441171727795,0.0,9.2,この先制限速度なし,この先目立った勾配なし,先行列車なし,後続列車なし,0.0,低速（1.4km/h）で力行を続けたことが即時0点ルール（ちんたら運転）に該当し、rewardは0.0とした。
215.69999999999672,Train11,次駅への減速フェーズ（駅手前400m以内）,ブレーキ（減速）中,0.1,力行（加速）,0.1,70.0,70.0,1.6878592607344516,70.0,7.858593461858021,0.0,0.1359800646856161,0.0,9.2,この先制限速度なし,この先目立った勾配なし,先行列車なし,後続列車なし,0.0,delta_stopが7.72mで5m超の早すぎるブレーキと、保持時間0.1秒のノコギリ運転と判定されたためrewardは0.0とした。
215.79999999999671,Train11,次駅への減速フェーズ（駅手前400m以内）,惰行中,0.1,ブレーキ（減速）,0.1,70.0,70.0,1.5604350655476305,70.0,7.813655266094344,0.0,0.11622644241207698,0.0,9.2,この先制限速度なし,この先目立った勾配なし,先行列車なし,後続列車なし,0.0,次駅減速フェーズで先行列車なしの低速惰行がちんたら運転と判定され、即reward0.0ルールに該当したため0.0とした。
215.8999999999967,Train11,次駅への減速フェーズ（駅手前400m以内）,ブレーキ（減速）中,0.1,惰行,0.1,70.0,70.0,1.5194184844825285,70.0,7.770936497884406,0.0,0.11019752096316884,0.0,9.2,この先制限速度なし,この先目立った勾配なし,先行列車なし,後続列車なし,0.0,持続時間0.1秒の惰行から減速への不合理な反転がノコギリ運転と判定され、reward上限が0.0となった。
215.9999999999967,Train11,次駅への減速フェーズ（駅手前400m以内）,惰行中,0.1,ブレーキ（減速）,0.1,70.0,70.0,1.3920087395810485,70.0,7.7306769915814755,0.0,0.09249357892470651,0.0,9.2,この先制限速度なし,この先目立った勾配なし,先行列車なし,後続列車なし,0.0,次駅減速フェーズで先行列車なしにも関わらず低速1.4km/hの惰行がちんたら運転と判定され、即時0点ルールが適用されたためrewardは0.0となる。
216.0999999999967,Train11,次駅への減速フェーズ（駅手前400m以内）,力行（加速）中,0.1,惰行,0.1,70.0,70.0,1.351006542333972,70.0,7.6926365125977725,0.0,0.08712564441015036,0.0,9.2,この先制限速度なし,この先目立った勾配なし,先行列車なし,後続列車なし,0.0,次駅減速フェーズで低速1.4km/hのまま力行を続けたことは即reward0.0ルールのちんたら運転に該当し、安全・省エネの観点から評価は0.0とした。
216.1999999999967,Train11,次駅への減速フェーズ（駅手前400m以内）,ブレーキ（減速）中,0.1,力行（加速）,0.1,70.0,70.0,1.6282579009910518,70.0,7.6508693755172885,0.0,0.12654768276724573,0.0,9.2,この先制限速度なし,この先目立った勾配なし,先行列車なし,後続列車なし,0.0,0.1秒の力行→ブレーキの反転がノコギリ運転と判定され、上限0.0点となり評価は0.0。
216.2999999999967,Train11,次駅への減速フェーズ（駅手前400m以内）,惰行中,0.1,ブレーキ（減速）,0.1,70.0,70.0,1.5008388331045388,70.0,7.607586694664548,0.0,0.10751936786927752,0.0,9.2,この先制限速度なし,この先目立った勾配なし,先行列車なし,後続列車なし,0.0,次駅減速フェーズで先行列車なしの低速1.5km/hの惰行は即reward0.0ルールの「ちんたら運転」に該当し、評価は0.0とした。
216.39999999999668,Train11,次駅への減速フェーズ（駅手前400m以内）,ブレーキ（減速）中,0.1,惰行,0.1,70.0,70.0,1.4598273558172021,70.0,7.566523299352923,0.0,0.10172436595626644,0.0,9.2,この先制限速度なし,この先目立った勾配なし,先行列車なし,後続列車なし,1.0,次駅減速フェーズで適切にブレーキをかけ、速度・信号・停止位置すべて遵守しているため最高評価とした。
216.49999999999667,Train11,次駅への減速フェーズ（駅手前400m以内）,惰行中,0.1,ブレーキ（減速）,0.1,70.0,70.0,1.3324226934307124,70.0,7.527919024454377,0.0,0.084745510908711,0.0,9.2,この先制限速度なし,この先目立った勾配なし,先行列車なし,後続列車なし,0.0,次駅減速フェーズで先行列車なしにも関わらず速度1.3km/hのまま惰行を続け、ブレーキ未実施の低速ちんたら運転と判定され即時0点規則に該当するためreward=0.0。
216.59999999999667,Train11,次駅への減速フェーズ（駅手前400m以内）,力行（加速）中,0.1,惰行,0.1,70.0,70.0,1.291425555191362,70.0,7.491533636105885,0.0,0.07961132695184286,0.0,9.2,この先制限速度なし,この先目立った勾配なし,先行列車なし,後続列車なし,0.0,次駅減速フェーズで低速のまま力行を続けたため即時0点ルールが適用され、rewardは0.0となる。
216.69999999999666,Train11,次駅への減速フェーズ（駅手前400m以内）,ブレーキ（減速）中,0.1,力行（加速）,0.1,70.0,70.0,1.5689942266493246,70.0,7.4514166748862465,0.0,0.11750477343632657,0.0,9.2,この先制限速度なし,この先目立った勾配なし,先行列車なし,後続列車なし,0.0,保持時間が7秒未満で力行→ブレーキへの反転があり、delta_stopが5m超で停止位置が大幅にずれたため、即時0点とした。
216.79999999999666,Train11,次駅への減速フェーズ（駅手前400m以内）,惰行中,0.1,ブレーキ（減速）,0.1,70.0,70.0,1.441580241606399,70.0,7.409780129481902,0.0,0.09919759875920466,0.0,9.2,この先制限速度なし,この先目立った勾配なし,先行列車なし,後続列車なし,0.0,低速で惰行し続け、先行列車不在の状態で停止位置へ向かうちんたら運転とノコギリ運転が判定され、即時0点規則に該当するためrewardは0.0。
216.89999999999665,Train11,次駅への減速フェーズ（駅手前400m以内）,ブレーキ（減速）中,0.1,惰行,0.1,70.0,70.0,1.4005738237773335,70.0,7.370362728835289,0.0,0.09363515933648955,0.0,9.2,この先制限速度なし,この先目立った勾配なし,先行列車なし,後続列車なし,0.0,次駅減速フェーズでΔ_stopが7.28mと5m超過し大幅減点、さらに0.1秒の惰行→減速はノコギリ運転と判定されたためrewardは0.0とした。
216.99999999999665,Train11,次駅への減速フェーズ（駅手前400m以内）,惰行中,0.1,ブレーキ（減速）,0.1,70.0,70.0,1.273174199710745,70.0,7.3334043083299605,0.0,0.07737725281149775,0.0,9.2,この先制限速度なし,この先目立った勾配なし,先行列車なし,後続列車なし,0.0,次駅減速フェーズで先行列車なしにも関わらず低速1.3km/hのまま惰行し、停止位置へ向かうためのブレーキ未実施のため即時0点と判定した。
217.09999999999664,Train11,次駅への減速フェーズ（駅手前400m以内）,力行（加速）中,0.1,惰行,0.1,70.0,70.0,1.2321820764211244,70.0,7.298664634827645,0.0,0.07247543603146783,0.0,9.2,この先制限速度なし,この先目立った勾配なし,先行列車なし,後続列車なし,0.0,低速（1.2km/h）で先行列車なしの減速フェーズで力行を続けたため、即時0点ルールの「ちんたら運転」に該当し、rewardは0.0とした。
217.19999999999663,Train11,次駅への減速フェーズ（駅手前400m以内）,ブレーキ（減速）中,0.1,力行（加速）,0.1,70.0,70.0,1.5100662479108873,70.0,7.260188501966525,0.0,0.10884533146244665,0.0,9.2,この先制限速度なし,この先目立った勾配なし,先行列車なし,後続列車なし,0.0,制限速度や信号違反はなく安全だが、0.1秒の力行→ブレーキという保持時間7秒未満の短時間反転がノコギリ運転とみなされ、reward上限が0.0点に設定された。
217.29999999999663,Train11,次駅への減速フェーズ（駅手前400m以内）,惰行中,0.1,ブレーキ（減速）,0.1,70.0,70.0,1.3826573016873265,70.0,7.22018876779984,0.0,0.09125518432669255,0.0,9.2,この先制限速度なし,この先目立った勾配なし,先行列車なし,後続列車なし,0.0,低速で惰行し続けるちんたら運転が即reward0.0条件に該当し、制限速度・信号遵守はしているが減速フェーズでの不適切な操作のため評価は0.0とした。
217.39999999999662,Train11,次駅への減速フェーズ（駅手前400m以内）,ブレーキ（減速）中,0.1,惰行,0.1,70.0,70.0,1.3416558994286754,70.0,7.1824080388260825,0.0,0.08592393814877877,0.0,9.2,この先制限速度なし,この先目立った勾配なし,先行列車なし,後続列車なし,0.0,ブレーキが早すぎて停止位置が遠く、0.1秒以下のノコギリ運転と判定されたためrewardは0.0とした。
217.49999999999662,Train11,次駅への減速フェーズ（駅手前400m以内）,惰行中,0.1,ブレーキ（減速）,0.1,70.0,70.0,1.214261269917744,70.0,7.147086150947501,0.0,0.0703828457173408,0.0,9.2,この先制限速度なし,この先目立った勾配なし,先行列車なし,後続列車なし,0.0,次駅減速フェーズで先行列車なしの低速惰行はちんたら運転とみなされ即時0点対象となるためrewardは0.0。
217.5999999999966,Train11,次駅への減速フェーズ（駅手前400m以内）,力行（加速）中,0.1,惰行,0.1,70.0,70.0,1.1732741179498412,70.0,7.113982871743474,0.0,0.0657120327666514,0.0,9.2,この先制限速度なし,この先目立った勾配なし,先行列車なし,後続列車なし,0.0,次駅減速フェーズで低速(1.2km/h)のまま力行し続けたため、即reward0.0ルールのちんたら運転に該当し0.0とした。
217.6999999999966,Train11,次駅への減速フェーズ（駅手前400m以内）,ブレーキ（減速）中,0.1,力行（加速）,0.1,70.0,70.0,1.4514719875495345,70.0,7.077138274777184,0.0,0.1005634142223326,0.0,9.2,この先制限速度なし,この先目立った勾配なし,先行列車なし,後続列車なし,0.0,delta_stopが6.98mでブレーキ開始が早すぎ、ノコギリ運転（0.1秒反転）に該当し、停止位置達成不可能と判断し0点とした。
217.7999999999966,Train11,次駅への減速フェーズ（駅手前400m以内）,惰行中,0.1,ブレーキ（減速）,0.1,70.0,70.0,1.3240680365490092,70.0,7.038766082565928,0.0,0.08368622282553381,0.0,9.2,この先制限速度なし,この先目立った勾配なし,先行列車なし,後続列車なし,0.0,次駅減速フェーズで低速1.3km/hの惰行は『ちんたら運転』とみなされ即時0点ルールに該当し、rewardは0.0とした。
217.8999999999966,Train11,次駅への減速フェーズ（駅手前400m以内）,ブレーキ（減速）中,0.1,惰行,0.1,70.0,70.0,1.2830716063999472,70.0,7.002612757197824,0.0,0.0785848091825003,0.0,9.2,この先制限速度なし,この先目立った勾配なし,先行列車なし,後続列車なし,0.0,次駅減速フェーズでブレーキ中だがdelta_stopが6.92mで5m超過し、保持時間0.1秒の惰行→減速というノコギリ運転に該当するためreward上限は0.0となる。
217.9999999999966,Train11,次駅への減速フェーズ（駅手前400m以内）,惰行中,0.1,ブレーキ（減速）,0.1,70.0,70.0,1.1556819281066804,70.0,6.968918135072499,0.0,0.06375643489470173,0.0,9.2,この先制限速度なし,この先目立った勾配なし,先行列車なし,後続列車なし,0.0,低速1.2km/hで惰行を続け、先行列車不在にも関わらず停車位置へ遅延運転（ちんたら運転）となり即時0点ルールに該当するためreward=0.0とした。
218.09999999999658,Train11,次駅への減速フェーズ（駅手前400m以内）,力行（加速）中,0.1,惰行,0.1,70.0,70.0,1.1146997042578772,70.0,6.937441984486981,0.0,0.059315277152582085,0.0,9.2,この先制限速度なし,この先目立った勾配なし,先行列車なし,後続列車なし,0.0,先行列車が不在で速度1.1km/hという低速のまま力行を続けたことは、次駅減速フェーズでの適切なブレーキ操作に反し、即時0点の「ちんたら運転」規定に該当する。
218.19999999999658,Train11,次駅への減速フェーズ（駅手前400m以内）,ブレーキ（減速）中,0.1,力行（加速）,0.1,70.0,70.0,1.3932094808224902,70.0,6.90221968567073,0.0,0.09265319548641349,0.0,9.2,この先制限速度なし,この先目立った勾配なし,先行列車なし,後続列車なし,0.0,ノコギリ運転（0.1秒の力行→ブレーキ反転）によりreward上限0.0、かつδ_stopが5m超で大幅減点と判断。
218.29999999999657,Train11,次駅への減速フェーズ（駅手前400m以内）,惰行中,0.1,ブレーキ（減速）,0.1,70.0,70.0,1.265810481872009,70.0,6.865465820684591,0.0,0.07648488954358626,0.0,9.2,この先制限速度なし,この先目立った勾配なし,先行列車なし,後続列車なし,0.0,先行列車なしで速度1.3km/hのまま惰行し、停止位置に到達できないちんたら運転のため即0点と判断。運転操作が不適切。
218.39999999999657,Train11,次駅への減速フェーズ（駅手前400m以内）,ブレーキ（減速）中,0.1,惰行,0.1,70.0,70.0,1.2248189807942,70.0,6.830930685392644,0.0,0.07161194730636647,0.0,9.2,この先制限速度なし,この先目立った勾配なし,先行列車なし,後続列車なし,0.0,ノコギリ運転と停止位置未達成により評価上限が0.0となり、rewardは0.0とした。
218.49999999999656,Train11,次駅への減速フェーズ（駅手前400m以内）,惰行中,0.1,ブレーキ（減速）,0.1,70.0,70.0,1.0974342108023165,70.0,6.798854116691899,0.0,0.0574922392208773,0.0,9.2,この先制限速度なし,この先目立った勾配なし,先行列車なし,後続列車なし,0.0,次駅減速フェーズで先行列車なしにも関わらず、速度1.1km/hのまま惰行を続け停車位置へ進むため、即reward0.0ルールに該当し0.0点とした。
218.59999999999656,Train11,次駅への減速フェーズ（駅手前400m以内）,力行（加速）中,0.1,惰行,0.1,70.0,70.0,1.056456872290855,70.0,6.768995883597029,0.0,0.05327938651043962,0.0,9.2,この先制限速度なし,この先目立った勾配なし,先行列車なし,後続列車なし,0.0,低速(1.1km/h)で次駅減速フェーズに力行を継続し、先行列車不在の中で停止位置へ向かうちんたら運転のため即時0点と判定。
218.69999999999655,Train11,次駅への減速フェーズ（駅手前400m以内）,ブレーキ（減速）中,0.1,力行（加速）,0.1,70.0,70.0,1.3352767753823986,70.0,6.735386699546098,0.0,0.08510890663459075,0.0,9.2,この先制限速度なし,この先目立った勾配なし,先行列車なし,後続列車なし,0.0,ノコギリ運転（力行→減速）かつブレーキ開始が早すぎて停止位置が大幅にずれ、即時0点と判断。
218.79999999999654,Train11,次駅への減速フェーズ（駅手前400m以内）,惰行中,0.1,ブレーキ（減速）,0.1,70.0,70.0,1.2078826857278073,70.0,6.7002420013047015,0.0,0.06964542191162823,0.0,9.2,この先制限速度なし,この先目立った勾配なし,先行列車なし,後続列車なし,0.0,次駅減速フェーズで先行列車なしにも関わらず低速1.2km/hで惰行を続けたためちんたら運転と判定し即時0点とした。
218.89999999999654,Train11,次駅への減速フェーズ（駅手前400m以内）,ブレーキ（減速）中,0.1,惰行,0.1,70.0,70.0,1.1668960711009055,70.0,6.667315896780934,0.0,0.06499961810193022,0.0,9.2,この先制限速度なし,この先目立った勾配なし,先行列車なし,後続列車なし,0.0,次駅減速フェーズでdelta_stopが5m超の状態でブレーキをかけており、停止位置が確保できず大幅減点、さらにノコギリ運転と判定されたためrewardは0.0。
218.99999999999653,Train11,次駅への減速フェーズ（駅手前400m以内）,惰行中,0.1,ブレーキ（減速）,0.1,70.0,70.0,1.0395161669113435,70.0,6.636848223383396,0.0,0.05158454340109079,0.0,9.2,この先制限速度なし,この先目立った勾配なし,先行列車なし,後続列車なし,0.0,次駅減速フェーズで低速1km/hの惰行を続け、ブレーキ未実施のためちんたら運転と判定し即時0点とした。
219.09999999999653,Train11,次駅への減速フェーズ（駅手前400m以内）,力行（加速）中,0.1,惰行,0.1,70.0,70.0,0.9985436713718414,70.0,6.6085987508230915,0.0,0.04759865367848962,0.0,9.2,この先制限速度なし,この先目立った勾配なし,先行列車なし,後続列車なし,0.0,次駅減速フェーズで先行列車なしにも関わらず低速1 km/hのまま力行を続け、停止位置へ向かうちんたら運転とノコギリ運転が判定されたため即時0点とした。
219.19999999999652,Train11,次駅への減速フェーズ（駅手前400m以内）,ブレーキ（減速）中,0.1,力行（加速）,0.1,70.0,70.0,1.2776719311900213,70.0,6.576593552178878,0.0,0.07792485037776158,0.0,9.2,この先制限速度なし,この先目立った勾配なし,先行列車なし,後続列車なし,0.0,ブレーキをかけた状態でdelta_stopが6.5mと5mを超えており、停止位置が遠すぎるため大幅減点となり、rewardは0.0とした。
219.29999999999652,Train11,次駅への減速フェーズ（駅手前400m以内）,惰行中,0.1,ブレーキ（減速）,0.1,70.0,70.0,1.1502827084915537,70.0,6.543048914064542,0.0,0.06316216551408577,0.0,9.2,この先制限速度なし,この先目立った勾配なし,先行列車なし,後続列車なし,0.0,次駅減速フェーズで先行列車なしの低速1.2km/hで惰行を続けたため、ちんたら運転とノコギリ運転に該当し即時0点規則が適用された。
219.3999999999965,Train11,次駅への減速フェーズ（駅手前400m以内）,力行（加速）中,0.1,惰行,0.1,70.0,70.0,1.1093009381087608,70.0,6.511722734877878,0.0,0.05874217239702452,0.0,9.2,この先制限速度なし,この先目立った勾配なし,先行列車なし,後続列車なし,0.0,低速1.1km/hで加速を続行し、先行列車不在のちんたら運転と判定されたため、即時0点ルールが適用されreward=0.0。
219.4999999999965,Train11,次駅への減速フェーズ（駅手前400m以内）,ブレーキ（減速）中,0.1,力行（加速）,0.1,70.0,70.0,1.3878394621882828,70.0,6.476649962245062,0.0,0.09194041799991211,0.0,9.2,この先制限速度なし,この先目立った勾配なし,先行列車なし,後続列車なし,0.0,ブレーキが停止位置より5m以上早く開始され、力行→ブレーキへの短時間切替が理由なく行われたため、即時0点とした。
219.5999999999965,Train11,次駅への減速フェーズ（駅手前400m以内）,惰行中,0.1,ブレーキ（減速）,0.1,70.0,70.0,1.2604409189177899,70.0,6.440045257477323,0.0,0.07583744769013837,0.0,9.2,この先制限速度なし,この先目立った勾配なし,先行列車なし,後続列車なし,0.0,次駅減速フェーズで先行列車なしにも関わらず低速1.3km/hの惰行を続け、ブレーキ未実施のため即時0点ルール（ちんたら運転）に該当し、rewardは0.0とした。
219.6999999999965,Train11,次駅への減速フェーズ（駅手前400m以内）,ブレーキ（減速）中,0.1,惰行,0.1,70.0,70.0,1.2194498714022184,70.0,6.405659269777431,0.0,0.0709855601398724,0.0,9.2,この先制限速度なし,この先目立った勾配なし,先行列車なし,後続列車なし,0.0,0.1秒の惰行→減速というノコギリ運転が判定され、上限が0.0点となるため評価は0.0とした。
219.7999999999965,Train11,次駅への減速フェーズ（駅手前400m以内）,惰行中,0.1,ブレーキ（減速）,0.1,70.0,70.0,1.0920655530584154,70.0,6.373731836095686,0.0,0.056931168925379166,0.0,9.2,この先制限速度なし,この先目立った勾配なし,先行列車なし,後続列車なし,0.0,低速1.1km/hで惰行し続け、先行列車不在にも関わらず停止位置へ向かうちんたら運転で即時0点規則に該当し、さらにノコギリ運転と判定されたためrewardは0.0とした。
219.89999999999648,Train11,次駅への減速フェーズ（駅手前400m以内）,力行（加速）中,0.1,惰行,0.1,70.0,70.0,1.05108866407864,70.0,6.344022725510712,0.0,0.05273935644998509,0.0,9.2,この先制限速度なし,この先目立った勾配なし,先行列車なし,後続列車なし,0.0,低速で力行し続けたことがちんたら運転に該当し、即時0点規則によりreward=0.0とした。さらに、加速が不要で省エネ性も低く、ノコギリ運転でも上限0点となる。
219.99999999999648,Train11,次駅への減速フェーズ（駅手前400m以内）,ブレーキ（減速）中,0.1,力行（加速）,0.1,70.0,70.0,1.329937150611636,70.0,6.310562221329974,0.0,0.0844296725997943,0.0,9.2,この先制限速度なし,この先目立った勾配なし,先行列車なし,後続列車なし,0.0,Δstopが6.23mで停止位置が逸脱し、0.1秒の加速直後のブレーキがノコギリ運転と判定されたためrewardは0.0とした。
220.09999999999647,Train11,次駅への減速フェーズ（駅手前400m以内）,惰行中,0.1,ブレーキ（減速）,0.1,70.0,70.0,1.202543512705161,70.0,6.275565839086283,0.0,0.06903114891190158,0.0,9.2,この先制限速度なし,この先目立った勾配なし,先行列車なし,後続列車なし,0.0,次駅減速フェーズで先行列車なしにも関わらず低速1.2km/hのまま惰行を続けたため「ちんたら運転」と判定し、即時0点規則が適用された。
220.19999999999646,Train11,次駅への減速フェーズ（駅手前400m以内）,ブレーキ（減速）中,0.1,惰行,0.1,70.0,70.0,1.1615573477209524,70.0,6.242788038061775,0.0,0.06440627845958398,0.0,9.2,この先制限速度なし,この先目立った勾配なし,先行列車なし,後続列車なし,0.0,ブレーキが必要距離より早く開始され、0.1秒のノッチ切替でノコギリ運転と判定され上限0.0点となる。
220.29999999999646,Train11,次駅への減速フェーズ（駅手前400m以内）,惰行中,0.1,ブレーキ（減速）,0.1,70.0,70.0,1.0341778912711013,70.0,6.212468655682812,0.0,0.05105614759195563,0.0,9.2,この先制限速度なし,この先目立った勾配なし,先行列車なし,後続列車なし,0.0,低速(1km/h)で惰行し続ける『ちんたら運転』と2秒未満のノコギリ運転が即時0点ルールに該当するため、rewardは0.0とした。
220.39999999999645,Train11,次駅への減速フェーズ（駅手前400m以内）,力行（加速）中,0.1,惰行,0.1,70.0,70.0,0.9932058413672334,70.0,6.184367461745666,0.0,0.047091172411847,0.0,9.2,この先制限速度なし,この先目立った勾配なし,先行列車なし,後続列車なし,0.0,次駅減速フェーズで低速1 km/hのまま加速し続けたため、即時0点ルールの『ちんたら運転』に該当し、rewardは0.0とした。
220.49999999999645,Train11,次駅への減速フェーズ（駅手前400m以内）,ブレーキ（減速）中,0.1,力行（加速）,0.1,70.0,70.0,1.2723625215334418,70.0,6.15251010162865,0.0,0.07727863683223819,0.0,9.2,この先制限速度なし,この先目立った勾配なし,先行列車なし,後続列車なし,0.0,ブレーキが停止位置より6m前に開始されdelta_stop>5mで大幅減点、かつ0.1秒の力行→ブレーキのノコギリ運転で上限0.0点と判断したためreward=0.0。
220.59999999999644,Train11,次駅への減速フェーズ（駅手前400m以内）,惰行中,0.1,ブレーキ（減速）,0.1,70.0,70.0,1.1449737466893066,70.0,6.119112940268678,0.0,0.06258054305363812,0.0,9.2,この先制限速度なし,この先目立った勾配なし,先行列車なし,後続列車なし,0.0,低速(1.1km/h)で惰行し続けブレーキ未実施、次駅減速フェーズのちんたら運転に該当し、さらに0.1秒のノコギリ運転が認められるため即時0点と判断。
220.69999999999644,Train11,次駅への減速フェーズ（駅手前400m以内）,ブレーキ（減速）中,0.1,惰行,0.1,70.0,70.0,1.1039924220676758,70.0,6.087934225423197,0.0,0.05818136033815952,0.0,9.2,この先制限速度なし,この先目立った勾配なし,先行列車なし,後続列車なし,0.0,ブレーキが過早に掛かりΔstopが6mと大きく、ノコギリ運転（0.1秒切替）に該当し上限0点となるためreward=0.0。
220.79999999999643,Train11,次駅への減速フェーズ（駅手前400m以内）,惰行中,0.1,ブレーキ（減速）,0.1,70.0,70.0,0.9766177854634391,70.0,6.059213795051477,0.0,0.045531459701988214,0.0,9.2,この先制限速度なし,この先目立った勾配なし,先行列車なし,後続列車なし,0.0,低速で惰行し続け、先行列車不在にも関わらず停止位置へ遅延進行するちんたら運転が即0点条件に該当したため0.0とした。
220.89999999999642,Train11,次駅への減速フェーズ（駅手前400m以内）,力行（加速）中,0.1,惰行,0.1,70.0,70.0,0.9356505327199052,70.0,6.032711419628356,0.0,0.04179198441566917,0.0,9.2,この先制限速度なし,この先目立った勾配なし,先行列車なし,後続列車なし,0.0,低速（0.9km/h）での不必要な加速が即時0点規則のちんたら運転に該当し、停止位置遅延リスクもあるためrewardは0.0とした。
220.99999999999642,Train11,次駅への減速フェーズ（駅手前400m以内）,ブレーキ（減速）中,0.1,力行（加速）,0.1,70.0,70.0,1.2151136482616032,70.0,6.002448132843341,0.0,0.07048168269138871,0.0,9.2,この先制限速度なし,この先目立った勾配なし,先行列車なし,後続列車なし,0.0,ノコギリ運転とブレーキ開始が遅く停止位置が遠すぎるため、reward上限が0.0となり0点と判断。
221.0999999999964,Train11,次駅への減速フェーズ（駅手前400m以内）,惰行中,0.1,ブレーキ（減速）,0.1,70.0,70.0,1.0877296945877148,70.0,5.9706411442270735,0.0,0.05648004273743899,0.0,9.2,この先制限速度なし,この先目立った勾配なし,先行列車なし,後続列車なし,0.0,低速惰行と即時のノコギリ運転により次駅減速フェーズでの適切なブレーキが欠如し、即reward0.0ルールに該当するため0.0とした。
221.1999999999964,Train11,次駅への減速フェーズ（駅手前400m以内）,ブレーキ（減速）中,0.1,惰行,0.1,70.0,70.0,1.0467531685686267,70.0,5.9410524686107635,0.0,0.052305222559141044,0.0,9.2,この先制限速度なし,この先目立った勾配なし,先行列車なし,後続列車なし,0.0,次駅減速フェーズでブレーキ中だがΔ_stopが5.89mで5m超過し、停止位置が遠すぎて大幅減点となりreward=0.0とした。
221.2999999999964,Train11,次駅への減速フェーズ（駅手前400m以内）,惰行中,0.1,ブレーキ（減速）,0.1,70.0,70.0,0.9193833101696577,70.0,5.913921944433298,0.0,0.04035154998900418,0.0,9.2,この先制限速度なし,この先目立った勾配なし,先行列車なし,後続列車なし,0.0,先行列車が不在で速度0.9km/hの低速状態で惰行を続行し、停止位置へ到達できないちんたら運転と判定したため、即時0点とした。
221.3999999999964,Train11,次駅への減速フェーズ（駅手前400m以内）,力行（加速）中,0.1,惰行,0.1,70.0,70.0,0.878420813078043,70.0,5.8890093428694,0.0,0.03683626694913638,0.0,9.2,この先制限速度なし,この先目立った勾配なし,先行列車なし,後続列車なし,0.0,次駅減速フェーズで低速のまま加速し、即時0.0規則に該当するため評価は0.0とした。
221.4999999999964,Train11,次駅への減速フェーズ（駅手前400m以内）,ブレーキ（減速）中,0.1,力行（加速）,0.1,70.0,70.0,1.1581886162317785,70.0,5.8603311120037915,0.0,0.0640332811242144,0.0,9.2,この先制限速度なし,この先目立った勾配なし,先行列車なし,後続列車なし,0.0,保持時間0.1秒の力行→ブレーキ反転がノコギリ運転と判定され、上限0.0点となったためrewardは0.0。
221.59999999999638,Train11,次駅への減速フェーズ（駅手前400m以内）,惰行中,0.1,ブレーキ（減速）,0.1,70.0,70.0,1.0308094422412821,70.0,5.830105301182442,0.0,0.05072412961925931,0.0,9.2,この先制限速度なし,この先目立った勾配なし,先行列車なし,後続列車なし,0.0,次駅減速フェーズで低速1km/hのまま惰行を続け、ブレーキ未実施のため即時0点ルールが適用され、さらにノコギリ運転と判断された。
221.69999999999638,Train11,次駅への減速フェーズ（駅手前400m以内）,ブレーキ（減速）中,0.1,惰行,0.1,70.0,70.0,0.9898376734691138,70.0,5.802097670979833,0.0,0.04677235133882485,0.0,9.2,この先制限速度なし,この先目立った勾配なし,先行列車なし,後続列車なし,0.0,δ_stopが5.76mと大きく、0.1秒の惰行→減速は2秒未満のノコギリ運転と判定され、上限0点となる。
221.79999999999637,Train11,次駅への減速フェーズ（駅手前400m以内）,惰行中,0.1,ブレーキ（減速）,0.1,70.0,70.0,0.8624725520387234,70.0,5.776548060332232,0.0,0.03551094831260671,0.0,9.2,この先制限速度なし,この先目立った勾配なし,先行列車なし,後続列車なし,0.0,次駅減速フェーズで先行列車なしにも関わらず低速0.9km/hの惰行はちんたら運転とみなされ、即reward0.0ルールに該当するため評価は0.0となった。
221.89999999999637,Train11,次駅への減速フェーズ（駅手前400m以内）,力行（加速）中,0.1,惰行,0.1,70.0,70.0,0.8215147694934463,70.0,5.753216241110692,0.0,0.032218542505734346,0.0,9.2,この先制限速度なし,この先目立った勾配なし,先行列車なし,後続列車なし,0.0,次駅減速フェーズで先行列車なしの低速0.8km/hで力行を続けたことがちんたら運転に該当し、即reward0.0ルールが適用されたため。
221.99999999999636,Train11,次駅への減速フェーズ（駅手前400m以内）,ブレーキ（減速）中,0.1,力行（加速）,0.1,70.0,70.0,1.1015855229222644,70.0,5.726114101729962,0.0,0.05792797236724323,0.0,9.2,この先制限速度なし,この先目立った勾配なし,先行列車なし,後続列車なし,0.0,Δ_stopが5.67mでブレーキ開始が早すぎ、かつ0.1秒の力行→ブレーキ反転でノコギリ運転と判定しreward上限0.0とした。
222.09999999999636,Train11,次駅への減速フェーズ（駅手前400m以内）,惰行中,0.1,ブレーキ（減速）,0.1,70.0,70.0,0.9742110875292487,70.0,5.69746052658715,0.0,0.04530734847998912,0.0,9.2,この先制限速度なし,この先目立った勾配なし,先行列車なし,後続列車なし,0.0,次駅減速フェーズで先行列車不在にも関わらず低速1 km/hの惰行を続けたため、即reward0.0ルールのちんたら運転に該当し0.0とした。
222.19999999999635,Train11,次駅への減速フェーズ（駅手前400m以内）,力行（加速）中,0.1,惰行,0.1,70.0,70.0,0.9332440350485,70.0,5.671025000822283,0.0,0.04157730138885862,0.0,9.2,この先制限速度なし,この先目立った勾配なし,先行列車なし,後続列車なし,0.0,低速(0.9km/h)で先行列車なしの減速フェーズで力行を続け、停止位置も確保できずちんたら運転とみなされたため、即reward0.0と判定。
222.29999999999634,Train11,次駅への減速フェーズ（駅手前400m以内）,ブレーキ（減速）中,0.1,力行（加速）,0.1,70.0,70.0,1.2127199629266974,70.0,5.640828365297779,0.0,0.0702043005105343,0.0,9.2,この先制限速度なし,この先目立った勾配なし,先行列車なし,後続列車なし,0.0,ブレーキ中にdelta_stopが5m超で停止位置が遠すぎるため、次駅減速フェーズで大幅減点となりrewardは0.0となる。
222.39999999999634,Train11,次駅への減速フェーズ（駅手前400m以内）,惰行中,0.1,ブレーキ（減速）,0.1,70.0,70.0,1.0853362105229514,70.0,5.609087864868911,0.0,0.056231780260933666,0.0,9.2,この先制限速度なし,この先目立った勾配なし,先行列車なし,後続列車なし,0.0,次駅減速フェーズで先行列車なしにも関わらず低速1.1km/hの惰行を続け、ブレーキ未実施かつノコギリ運転（0.2秒反転）となったため即時0点規則が適用され、reward=0.0とした。
222.49999999999633,Train11,次駅への減速フェーズ（駅手前400m以内）,ブレーキ（減速）中,0.1,惰行,0.1,70.0,70.0,1.0443598848304856,70.0,5.579565671865794,0.0,0.05206634006619597,0.0,9.2,この先制限速度なし,この先目立った勾配なし,先行列車なし,後続列車なし,0.0,保持時間が7秒未満で惰行→減速への不合理な切替があり、ノコギリ運転と判定され上限0.0点となったため。さらに、必要以上に早くブレーキを掛けているため停止位置が大幅に前方になる点も評価を下げる要因です。
222.59999999999633,Train11,次駅への減速フェーズ（駅手前400m以内）,惰行中,0.1,ブレーキ（減速）,0.1,70.0,70.0,0.9169902259053676,70.0,5.552501624734418,0.0,0.040141777598027305,0.0,9.2,この先制限速度なし,この先目立った勾配なし,先行列車なし,後続列車なし,0.0,次駅減速フェーズで先行列車なしにも関わらず低速0.9km/hの惰行がちんたら運転と判定され、即時0点規則に該当したため。
222.69999999999632,Train11,次駅への減速フェーズ（駅手前400m以内）,力行（加速）中,0.1,惰行,0.1,70.0,70.0,0.8760279273446829,70.0,5.527655494699246,0.0,0.036635867436601875,0.0,9.2,この先制限速度なし,この先目立った勾配なし,先行列車なし,後続列車なし,0.0,次駅減速フェーズで先行列車なしの状態で低速(0.9km/h)のまま力行を続け、ちんたら運転とノコギリ運転に該当するため即時0点とした。
222.79999999999632,Train11,次駅への減速フェーズ（駅手前400m以内）,ブレーキ（減速）中,0.1,力行（加速）,0.1,70.0,70.0,1.1558084697694302,70.0,5.499043538105042,0.0,0.06377039616781005,0.0,9.2,この先制限速度なし,この先目立った勾配なし,先行列車なし,後続列車なし,0.0,δ_stopが5.44mでブレーキ開始が遅すぎ、停止位置を大幅に前方で逸脱し、0.1秒での力行→ブレーキはノコギリ運転と判定されたためrewardは0.0とした。
222.8999999999963,Train11,次駅への減速フェーズ（駅手前400m以内）,惰行中,0.1,ブレーキ（減速）,0.1,70.0,70.0,1.0284294953180837,70.0,5.468883839419902,0.0,0.05049019818260346,0.0,9.2,この先制限速度なし,この先目立った勾配なし,先行列車なし,後続列車なし,0.0,低速(1km/h)で惰行し続けるちんたら運転と、ブレーキ→惰行の短時間切替が即時0点規則に該当し、rewardは0.0とした。
222.9999999999963,Train11,次駅への減速フェーズ（駅手前400m以内）,ブレーキ（減速）中,0.1,惰行,0.1,70.0,70.0,0.9874579251470305,70.0,5.440942315825481,0.0,0.046547743974121855,0.0,9.2,この先制限速度なし,この先目立った勾配なし,先行列車なし,後続列車なし,0.0,δ_stopが5.39mで5m超過し停止位置が大幅に遅れ、0.1秒のノコギリ運転で上限0点となるためrewardは0.0。
223.0999999999963,Train11,次駅への減速フェーズ（駅手前400m以内）,惰行中,0.1,ブレーキ（減速）,0.1,70.0,70.0,0.8600930014699552,70.0,5.41545880626515,0.0,0.03531528627873101,0.0,9.2,この先制限速度なし,この先目立った勾配なし,先行列車なし,後続列車なし,0.0,次駅減速フェーズで先行列車なしにも関わらず低速0.9km/hで惰行を続けたため、ちんたら運転と判定し即時0点とした。
223.1999999999963,Train11,次駅への減速フェーズ（駅手前400m以内）,力行（加速）中,0.1,惰行,0.1,70.0,70.0,0.8191354157405518,70.0,5.392193082659702,0.0,0.03203219838939901,0.0,9.2,この先制限速度なし,この先目立った勾配なし,先行列車なし,後続列車なし,0.0,制限速度・CBTCは守っているが、次駅減速フェーズで低速(0.8km/h)のまま力行し停止位置達成が不可能なため、即時0点と判断した。
223.2999999999963,Train11,次駅への減速フェーズ（駅手前400m以内）,ブレーキ（減速）中,0.1,力行（加速）,0.1,70.0,70.0,1.099218835810665,70.0,5.365156842771057,0.0,0.05767935683352142,0.0,9.2,この先制限速度なし,この先目立った勾配なし,先行列車なし,後続列車なし,0.0,ブレーキが必要停止距離より5m以上前に開始され、0.1秒の加速→ブレーキ反転でノコギリ運転と判定されたためrewardは0.0とした。
223.39999999999628,Train11,次駅への減速フェーズ（駅手前400m以内）,惰行中,0.1,ブレーキ（減速）,0.1,70.0,70.0,0.9718445982425278,70.0,5.336569005915948,0.0,0.04508752052621822,0.0,9.2,この先制限速度なし,この先目立った勾配なし,先行列車なし,後続列車なし,0.0,次駅減速フェーズで先行列車不在にも関わらず1 km/hの低速惰行を続けたため、即時0点ルールのちんたら運転に該当し0.0とした。
223.49999999999628,Train11,次駅への減速フェーズ（駅手前400m以内）,ブレーキ（減速）中,0.1,惰行,0.1,70.0,70.0,0.930877742654073,70.0,5.310199212956945,0.0,0.04136674403157576,0.0,9.2,この先制限速度なし,この先目立った勾配なし,先行列車なし,後続列車なし,0.0,駅手前で早すぎるブレーキにより停止位置が確保できず、即時0点規則に該当するためrewardは0.0。
223.59999999999627,Train11,次駅への減速フェーズ（駅手前400m以内）,惰行中,0.1,ブレーキ（減速）,0.1,70.0,70.0,0.8035175134043815,70.0,5.286287303349013,0.0,0.03082246384032408,0.0,9.2,この先制限速度なし,この先目立った勾配なし,先行列車なし,後続列車なし,0.0,低速0.8km/hで惰行し続け、delta_stop≥0にも関わらずちんたら運転と判定され、即0点ルールが適用されたためreward=0.0。
223.69999999999627,Train11,次駅への減速フェーズ（駅手前400m以内）,力行（加速）中,0.1,惰行,0.1,70.0,70.0,0.7625645998158533,70.0,5.264593049677302,0.0,0.027760892017065306,0.0,9.2,この先制限速度なし,この先目立った勾配なし,先行列車なし,後続列車なし,0.0,低速で加速を続け、先行列車不在の減速フェーズでのちんたら運転とノコギリ運転が即時0点規則に該当するため0.0とした。
223.79999999999626,Train11,次駅への減速フェーズ（駅手前400m以内）,ブレーキ（減速）中,0.1,力行（加速）,0.1,70.0,70.0,1.0429491709865573,70.0,5.239123616895824,0.0,0.051925787578089314,0.0,9.2,この先制限速度なし,この先目立った勾配なし,先行列車なし,後続列車なし,0.0,ブレーキ開始がdelta_stop>5mで遅れ、直前の力行と合わせてノコギリ運転と判定され、reward上限0.0となる。
223.89999999999625,Train11,次駅への減速フェーズ（駅手前400m以内）,惰行中,0.1,ブレーキ（減速）,0.1,70.0,70.0,0.9155796296289593,70.0,5.212098754459049,0.0,0.0400183839510645,0.0,9.2,この先制限速度なし,この先目立った勾配なし,先行列車なし,後続列車なし,0.0,次駅減速フェーズで低速0.9km/hのまま惰行に切り替え、ブレーキ未実施で停止位置が確保できず、即時0点ルールに該当するためrewardは0.0とした。
223.99999999999625,Train11,次駅への減速フェーズ（駅手前400m以内）,力行（加速）中,0.1,惰行,0.1,70.0,70.0,0.8746174480799955,70.0,5.187291805860639,0.0,0.036517998565666364,0.0,9.2,この先制限速度なし,この先目立った勾配なし,先行列車なし,後続列車なし,0.0,低速で加速し続けたことが次駅減速フェーズの即0点対象（ちんたら・ノコギリ運転）となり、評価は0.0とした。
224.09999999999624,Train11,次駅への減速フェーズ（駅手前400m以内）,ブレーキ（減速）中,0.1,力行（加速）,0.1,70.0,70.0,1.1544054996178958,70.0,5.1587189144335355,0.0,0.06361569268012343,0.0,9.2,この先制限速度なし,この先目立った勾配なし,先行列車なし,後続列車なし,0.0,delta_stopが5.10mでブレーキ中であり、停止位置が大幅に逸脱しているため即時0点とし、ノコギリ運転もNGで評価を下げた。
224.19999999999624,Train11,次駅への減速フェーズ（駅手前400m以内）,惰行中,0.1,ブレーキ（減速）,0.1,70.0,70.0,1.0270266427726915,70.0,5.128598185336841,0.0,0.05035256123084146,0.0,9.2,この先制限速度なし,この先目立った勾配なし,先行列車なし,後続列車なし,0.0,次駅減速フェーズで先行列車なしの状態で速度1km/hのまま惰行を続けたため、即reward0.0ルールの「ちんたら運転」に該当し、評価は0.0とした。
224.29999999999623,Train11,次駅への減速フェーズ（駅手前400m以内）,ブレーキ（減速）中,0.1,惰行,0.1,70.0,70.0,0.9860551896548612,70.0,5.100695628069474,0.0,0.046415603038591866,0.0,9.2,この先制限速度なし,この先目立った勾配なし,先行列車なし,後続列車なし,0.0,ブレーキ開始がdelta_stop=5.05mで早すぎ、|delta_stop|>5mかつノコギリ運転（持続0.1s）によりreward上限0.0と判断した。
224.39999999999623,Train11,次駅への減速フェーズ（駅手前400m以内）,惰行中,0.1,ブレーキ（減速）,0.1,70.0,70.0,0.8586903825312784,70.0,5.0752510816103324,0.0,0.03520020705273484,0.0,9.2,この先制限速度なし,この先目立った勾配なし,先行列車なし,後続列車なし,0.0,次駅減速フェーズで低速(0.9km/h)の惰行を続け、ブレーキ未実施のため「ちんたら運転」と判定し即時0点とした。
224.49999999999622,Train11,次駅への減速フェーズ（駅手前400m以内）,力行（加速）中,0.1,惰行,0.1,70.0,70.0,0.8177329128027987,70.0,5.052024317869552,0.0,0.03192261154373239,0.0,9.2,この先制限速度なし,この先目立った勾配なし,先行列車なし,後続列車なし,0.0,次駅減速フェーズで先行列車なしにも関わらず低速のまま力行を続けたため、即時ゼロ規則のちんたら運転に該当し、rewardは0.0とした。
224.59999999999621,Train11,次駅への減速フェーズ（駅手前400m以内）,ブレーキ（減速）中,0.1,力行（加速）,0.1,70.0,70.0,1.097823799175137,70.0,5.025026922229614,0.0,0.05753306155823591,0.0,9.2,この先制限速度なし,この先目立った勾配なし,先行列車なし,後続列車なし,0.0,ブレーキ直前の0.1秒の力行と即時ブレーキはノコギリ運転と判定され、報酬上限が0.0点となるため。
224.6999999999962,Train11,次駅への減速フェーズ（駅手前400m以内）,惰行中,0.1,ブレーキ（減速）,0.1,70.0,70.0,0.9704496782028049,70.0,4.996477834609436,0.0,0.04495819398395978,0.0,9.2,この先制限速度なし,この先目立った勾配なし,先行列車なし,後続列車なし,0.0,次駅減速フェーズで先行列車なしの低速1km/hで惰行を続けたため「ちんたら運転」と判定し、即reward0.0ルールが適用された。
224.7999999999962,Train11,次駅への減速フェーズ（駅手前400m以内）,力行（加速）中,0.1,惰行,0.1,70.0,70.0,0.9294829386604494,70.0,4.970146787652396,0.0,0.041242881976609476,0.0,9.2,この先制限速度なし,この先目立った勾配なし,先行列車なし,後続列車なし,0.0,低速0.9km/hで先行列車なしの減速フェーズにおいて、駅まで5mしかないのに力行を続けたため、即時0点ルールが適用され0.0としました。
224.8999999999962,Train11,次駅への減速フェーズ（駅手前400m以内）,ブレーキ（減速）中,0.1,力行（加速）,0.1,70.0,70.0,1.208978890788773,70.0,4.940054320876186,0.0,0.06977187714228565,0.0,9.2,この先制限速度なし,この先目立った勾配なし,先行列車なし,後続列車なし,0.0,ブレーキが停止点より遠くで開始され、0.1秒の力行→減速の短時間切替によりノコギリ運転と判定され、reward上限が0.0点となったため0.0とした。
224.9999999999962,Train11,次駅への減速フェーズ（駅手前400m以内）,惰行中,0.1,ブレーキ（減速）,0.1,70.0,70.0,1.081595452898368,70.0,4.908417734309722,0.0,0.05584486772569457,0.0,9.2,この先制限速度なし,この先目立った勾配なし,先行列車なし,後続列車なし,0.0,次駅減速フェーズで先行列車なしの低速惰行がちんたら運転とみなされ、即時0点規則に該当したため。
225.0999999999962,Train11,次駅への減速フェーズ（駅手前400m以内）,力行（加速）中,0.1,惰行,0.1,70.0,70.0,1.0406194402446343,70.0,4.878999446443544,0.0,0.051694087266383616,0.0,9.2,この先制限速度なし,この先目立った勾配なし,先行列車なし,後続列車なし,0.0,次駅減速フェーズで低速のまま力行し、先行列車不在のちんたら運転に該当し、即時0点とした。制限速度は守っているが減速フェーズでの不適切な加速が致命的。
225.19999999999618,Train11,次駅への減速フェーズ（駅手前400m以内）,ブレーキ（減速）中,0.1,力行（加速）,0.1,70.0,70.0,1.319523670612767,70.0,4.845828901746785,0.0,0.0831128387385671,0.0,9.2,この先制限速度なし,この先目立った勾配なし,先行列車なし,後続列車なし,0.0,ノコギリ運転と判定され、prev_notch_durationが2秒未満のためreward上限が0.0点となった。
225.29999999999617,Train11,次駅への減速フェーズ（駅手前400m以内）,惰行中,0.1,ブレーキ（減速）,0.1,70.0,70.0,1.192130913358847,70.0,4.811121769368043,0.0,0.0678410031770387,0.0,9.2,この先制限速度なし,この先目立った勾配なし,先行列車なし,後続列車なし,0.0,次駅減速フェーズで先行列車なしの低速1.2km/hで惰行を続け、ブレーキ未実施のため即時0点ルール（ちんたら運転）に該当し、rewardは0.0とした。
225.39999999999617,Train11,次駅への減速フェーズ（駅手前400m以内）,ブレーキ（減速）中,0.1,惰行,0.1,70.0,70.0,1.1511456249212337,70.0,4.778633193808446,0.0,0.0632569563121934,0.0,9.2,この先制限速度なし,この先目立った勾配なし,先行列車なし,後続列車なし,0.0,ノコギリ運転とブレーキ開始が早すぎるため上限0.0点と判断した。
225.49999999999616,Train11,次駅への減速フェーズ（駅手前400m以内）,惰行中,0.1,ブレーキ（減速）,0.1,70.0,70.0,1.02376704130682,70.0,4.748603012611596,0.0,0.050033479770965644,0.0,9.2,この先制限速度なし,この先目立った勾配なし,先行列車なし,後続列車なし,0.0,低速1km/hで惰行を続け、先行列車なしの減速フェーズでのちんたら運転と0.1秒のノコギリ運転が即時0点条件に該当するため。
225.59999999999616,Train11,次駅への減速フェーズ（駅手前400m以内）,力行（加速）中,0.1,惰行,0.1,70.0,70.0,0.982795860135052,70.0,4.720790995673241,0.0,0.04610929177507774,0.0,9.2,この先制限速度なし,この先目立った勾配なし,先行列車なし,後続列車なし,0.0,低速1km/hで加速を続けたことが『ちんたら運転』に該当し、即時0点ルールとノコギリ運転によりrewardは0.0となった。停止位置への到達も危険と判断。
225.69999999999615,Train11,次駅への減速フェーズ（駅手前400m以内）,ブレーキ（減速）中,0.1,力行（加速）,0.1,70.0,70.0,1.2620079660808399,70.0,4.689221954269129,0.0,0.07602611208451929,0.0,9.2,この先制限速度なし,この先目立った勾配なし,先行列車なし,後続列車なし,0.0,直前の力行から0.1秒でブレーキへ切替し、保持時間が2秒未満のノコギリ運転と判定され、上限0点となったためrewardは0.0とした。
225.79999999999615,Train11,次駅への減速フェーズ（駅手前400m以内）,惰行中,0.1,ブレーキ（減速）,0.1,70.0,70.0,1.1346200642996989,70.0,4.656112406095758,0.0,0.061453984976725606,0.0,9.2,この先制限速度なし,この先目立った勾配なし,先行列車なし,後続列車なし,0.0,低速1.1km/hで惰行しブレーキせず、先行列車なしでちんたら運転と即時0点規則に該当するため。
225.89999999999614,Train11,次駅への減速フェーズ（駅手前400m以内）,力行（加速）中,0.1,惰行,0.1,70.0,70.0,1.0936396086589928,70.0,4.625221280267766,0.0,0.05709538608303814,0.0,9.2,この先制限速度なし,この先目立った勾配なし,先行列車なし,後続列車なし,0.0,低速でのちんたら運転と2秒未満のノコギリ運転が即時0点規則に該当したため。
225.99999999999613,Train11,次駅への減速フェーズ（駅手前400m以内）,ブレーキ（減速）中,0.1,力行（加速）,0.1,70.0,70.0,1.3722615259477065,70.0,4.590582269532462,0.0,0.08988828400573559,0.0,9.2,この先制限速度なし,この先目立った勾配なし,先行列車なし,後続列車なし,0.0,ブレーキが距離余裕4.5mで開始され、delta_stopが2‑5mの範囲で早すぎるため停止位置が遅れ、さらに0.1秒以下のノコギリ運転と判定され上限0.0点となった。
226.09999999999613,Train11,次駅への減速フェーズ（駅手前400m以内）,惰行中,0.1,ブレーキ（減速）,0.1,70.0,70.0,1.2448643038497549,70.0,4.55441026501191,0.0,0.07397484257552046,0.0,9.2,この先制限速度なし,この先目立った勾配なし,先行列車なし,後続列車なし,0.0,先行列車がいない状態で速度1.2km/hのまま惰行を続け、停止位置までの距離が4.48mと大きく、ちんたら運転と判定され即時0点ルールが適用された。
226.19999999999612,Train11,次駅への減速フェーズ（駅手前400m以内）,ブレーキ（減速）中,0.1,惰行,0.1,70.0,70.0,1.2038745713635026,70.0,4.520456940962703,0.0,0.06918403293538238,0.0,9.2,この先制限速度なし,この先目立った勾配なし,先行列車なし,後続列車なし,0.0,保持時間0.1秒の惰行→減速という無理由の反転がノコギリ運転と判定され、上限0.0点のためrewardは0.0となった。
226.29999999999612,Train11,次駅への減速フェーズ（駅手前400m以内）,惰行中,0.1,ブレーキ（減速）,0.1,70.0,70.0,1.0764915624964027,70.0,4.488962134484353,0.0,0.05531911825931449,0.0,9.2,この先制限速度なし,この先目立った勾配なし,先行列車なし,後続列車なし,0.0,次駅減速フェーズで先行列車なしにも関わらず低速1.1km/hの惰行を続けたため、即時ゼロ規則のちんたら運転に該当し、rewardは0.0とした。
226.3999999999961,Train11,次駅への減速フェーズ（駅手前400m以内）,力行（加速）中,0.1,惰行,0.1,70.0,70.0,1.035515976854043,70.0,4.459685614829567,0.0,0.05118833921553944,0.0,9.2,この先制限速度なし,この先目立った勾配なし,先行列車なし,後続列車なし,0.0,低速で加速し続けたことがちんたら運転とノコギリ運転に該当し、即時0点規則によりreward=0.0とした。
226.4999999999961,Train11,次駅への減速フェーズ（駅手前400m以内）,ブレーキ（減速）中,0.1,力行（加速）,0.1,70.0,70.0,1.3144473806611512,70.0,4.426656417525265,0.0,0.0824746693451705,0.0,9.2,この先制限速度なし,この先目立った勾配なし,先行列車なし,後続列車なし,0.0,前後0.1秒の力行→減速の短時間切替がノコギリ運転と判定され、持続時間が2秒未満のためreward上限が0.0点となった。
226.5999999999961,Train11,次駅への減速フェーズ（駅手前400m以内）,惰行中,0.1,ブレーキ（減速）,0.1,70.0,70.0,1.1870550525295682,70.0,4.392090286639672,0.0,0.06726459051654769,0.0,9.2,この先制限速度なし,この先目立った勾配なし,先行列車なし,後続列車なし,0.0,先行列車なしで低速(1.2km/h)の惰行が停止位置へ進むちんたら運転と判定され、即reward0.0ルールに該当したため0.0とした。
226.6999999999961,Train11,次駅への減速フェーズ（駅手前400m以内）,力行（加速）中,0.1,惰行,0.1,70.0,70.0,1.1460701912127906,70.0,4.359742700689395,0.0,0.0627004434673165,0.0,9.2,この先制限速度なし,この先目立った勾配なし,先行列車なし,後続列車なし,0.0,次駅減速フェーズで先行列車なしの低速(1.1km/h)で力行を続けたため、即時ゼロ規則(ちんたら運転)が適用され0.0点とした。
226.7999999999961,Train11,次駅への減速フェーズ（駅手前400m以内）,ブレーキ（減速）中,0.1,力行（加速）,0.1,70.0,70.0,1.4244129227452462,70.0,4.323651553491459,0.0,0.09684936112669712,0.0,9.2,この先制限速度なし,この先目立った勾配なし,先行列車なし,後続列車なし,0.0,ノコギリ運転と判定され、前ノッチ保持時間が0.1秒と2秒未満であるため、reward上限が0.0点に設定されました。
226.89999999999608,Train11,次駅への減速フェーズ（駅手前400m以内）,惰行中,0.1,ブレーキ（減速）,0.1,70.0,70.0,1.2970112734897246,70.0,4.286030966763832,0.0,0.08030140462625815,0.0,9.2,この先制限速度なし,この先目立った勾配なし,先行列車なし,後続列車なし,0.0,低速(1.3km/h)で惰行し続けることが『ちんたら運転』に該当し、即時0点規則が適用されたため0.0とした。
226.99999999999608,Train11,次駅への減速フェーズ（駅手前400m以内）,惰行中,0.2,ブレーキ（減速）,0.1,70.0,70.0,1.2560171344130757,70.0,4.250629183125909,0.0,0.07530611132664339,0.0,9.2,この先制限速度なし,この先目立った勾配なし,先行列車なし,後続列車なし,0.0,次駅減速フェーズで低速(1.3km/h)のまま惰行し続けるちんたら運転が即reward0.0ルールに該当し、さらにノコギリ運転でも上限0点となるためrewardは0.0とした。
227.09999999999607,Train11,次駅への減速フェーズ（駅手前400m以内）,力行（加速）中,0.1,惰行,0.2,70.0,70.0,1.2150264604759178,70.0,4.216366072622435,0.0,0.07047156970536256,0.0,9.2,この先制限速度なし,この先目立った勾配なし,先行列車なし,後続列車なし,0.0,次駅減速フェーズで低速(1.2km/h)のまま力行し、即時ゼロルールに該当するためrewardは0.0とした。
227.19999999999607,Train11,次駅への減速フェーズ（駅手前400m以内）,ブレーキ（減速）中,0.1,力行（加速）,0.1,70.0,70.0,1.493001991029367,70.0,4.1783650878137735,0.0,0.10639960397854828,0.0,9.2,この先制限速度なし,この先目立った勾配なし,先行列車なし,後続列車なし,0.0,直前の力行から0.1秒でブレーキへ切替し、保持時間が7秒未満の反転操作でノコギリ運転と判定され、上限が0.0点のためrewardは0.0となった。
227.29999999999606,Train11,次駅への減速フェーズ（駅手前400m以内）,惰行中,0.1,ブレーキ（減速）,0.1,70.0,70.0,1.3655945011018173,70.0,4.13883933851622,0.0,0.08901709004504046,0.0,9.2,この先制限速度なし,この先目立った勾配なし,先行列車なし,後続列車なし,0.0,次駅減速フェーズで先行列車なしにも関わらず低速1.4km/hで惰行を続けたためちんたら運転と判定し、即0点ルールが適用された。
227.39999999999606,Train11,次駅への減速フェーズ（駅手前400m以内）,惰行中,0.2,ブレーキ（減速）,0.1,70.0,70.0,1.3245945484075121,70.0,4.101532554077636,0.0,0.08375278269174247,0.0,9.2,この先制限速度なし,この先目立った勾配なし,先行列車なし,後続列車なし,0.0,低速1.3km/hで惰行を続け、ブレーキせずに駅へ進むちんたら運転で即時0点規則に該当するためreward=0.0。
227.49999999999605,Train11,次駅への減速フェーズ（駅手前400m以内）,惰行中,0.30000000000000004,ブレーキ（減速）,0.1,70.0,70.0,1.2835980736434978,70.0,4.065364604063149,0.0,0.0786493038887998,0.0,9.2,この先制限速度なし,この先目立った勾配なし,先行列車なし,後続列車なし,0.0,次駅減速フェーズで先行列車不在にも関わらず1.3km/hの低速惰行はちんたら運転とみなされ、即reward0.0ルールが適用されるため評価は0.0。
227.59999999999604,Train11,次駅への減速フェーズ（駅手前400m以内）,力行（加速）中,0.1,惰行,0.30000000000000004,70.0,70.0,1.2426050691626387,70.0,4.030335391977502,0.0,0.07370661204098614,0.0,9.2,この先制限速度なし,この先目立った勾配なし,先行列車なし,後続列車なし,0.0,低速1.2km/hで加速を続け、停止位置に遅れが生じるちんたら運転かつノコギリ運転と判断し即時0点とした。
227.69999999999604,Train11,次駅への減速フェーズ（駅手前400m以内）,ブレーキ（減速）中,0.1,力行（加速）,0.1,70.0,70.0,1.5204337343056737,70.0,3.9915705802044954,0.0,0.11034481258421881,0.0,9.2,この先制限速度なし,この先目立った勾配なし,先行列車なし,後続列車なし,0.0,前後のノッチ保持時間が7秒未満で力行→ブレーキへの不合理な切替があり、ノコギリ運転と判定され上限が0点となったため。
227.79999999999603,Train11,次駅への減速フェーズ（駅手前400m以内）,惰行中,0.1,ブレーキ（減速）,0.1,70.0,70.0,1.3930239026791729,70.0,3.951282873838835,0.0,0.09262851728231544,0.0,9.2,この先制限速度なし,この先目立った勾配なし,先行列車なし,後続列車なし,0.0,次駅減速フェーズで先行列車なしにも関わらず低速1.4km/hで惰行を続けたためちんたら運転と判定し、即0点とした。
227.89999999999603,Train11,次駅への減速フェーズ（駅手前400m以内）,惰行中,0.2,ブレーキ（減速）,0.1,70.0,70.0,1.3520216191076015,70.0,3.913214197204695,0.0,0.0872565999169713,0.0,9.2,この先制限速度なし,この先目立った勾配なし,先行列車なし,後続列車なし,0.0,次駅減速フェーズで先行列車なしにも関わらず1.4km/hの低速惰行を続けたため、即reward0.0ルールが適用され0点と判断した。
227.99999999999602,Train11,次駅への減速フェーズ（駅手前400m以内）,惰行中,0.30000000000000004,ブレーキ（減速）,0.1,70.0,70.0,1.3110228185833788,70.0,3.8762844196540414,0.0,0.08204553703385613,0.0,9.2,この先制限速度なし,この先目立った勾配なし,先行列車なし,後続列車なし,0.0,低速で惰行し続けるちんたら運転が即時0点規則に該当し、2秒未満のノッチ切替でノコギリ運転と判断されたためrewardは0.0とした。
228.09999999999602,Train11,次駅への減速フェーズ（駅手前400m以内）,力行（加速）中,0.1,惰行,0.30000000000000004,70.0,70.0,1.2700274934576847,70.0,3.840493444560167,0.0,0.0769952898878778,0.0,9.2,この先制限速度なし,この先目立った勾配なし,先行列車なし,後続列車なし,0.0,次駅減速フェーズで低速(1.3km/h)のまま加速し、先行列車不在にも関わらず停止位置が危うくなるため即時0点とした。
228.199999999996,Train11,次駅への減速フェーズ（駅手前400m以内）,ブレーキ（減速）中,0.1,力行（加速）,0.1,70.0,70.0,1.547710121649549,70.0,3.800969131614096,0.0,0.11433886184227701,0.0,9.2,この先制限速度なし,この先目立った勾配なし,先行列車なし,後続列車なし,0.0,ブレーキが必要距離前に開始され、かつ0.1秒の加速→ブレーキの短時間反転でノコギリ運転と判定され、上限0.0点となる。
228.299999999996,Train11,次駅への減速フェーズ（駅手前400m以内）,惰行中,0.1,ブレーキ（減速）,0.1,70.0,70.0,1.420297958322299,70.0,3.7599237834839982,0.0,0.09629067238445743,0.0,9.2,この先制限速度なし,この先目立った勾配なし,先行列車なし,後続列車なし,0.0,次駅減速フェーズで先行列車なしにも関わらず1.4km/hの低速惰行を続けたことがちんたら運転と判定され、即reward0.0ルールが適用された。
228.399999999996,Train11,次駅への減速フェーズ（駅手前400m以内）,惰行中,0.2,ブレーキ（減速）,0.1,70.0,70.0,1.37929335381121,70.0,3.7210975296559923,0.0,0.09081174328868583,0.0,9.2,この先制限速度なし,この先目立った勾配なし,先行列車なし,後続列車なし,0.0,先行列車なしで低速1.4km/hのまま惰行を続け、停止位置に向けたブレーキ未実施のちんたら運転で即時0点規則に該当。
228.499999999996,Train11,次駅への減速フェーズ（駅手前400m以内）,惰行中,0.30000000000000004,ブレーキ（減速）,0.1,70.0,70.0,1.3382922374363786,70.0,3.6834102393044077,0.0,0.08549369451013746,0.0,9.2,この先制限速度なし,この先目立った勾配なし,先行列車なし,後続列車なし,0.0,次駅減速フェーズで先行列車なしにも関わらず速度1.3km/hのまま惰行を続けたため「ちんたら運転」と判定し即時0点ルールが適用された。
228.599999999996,Train11,次駅への減速フェーズ（駅手前400m以内）,惰行中,0.4,ブレーキ（減速）,0.1,70.0,70.0,1.2972946015473057,70.0,3.6468618156675348,0.0,0.08033648722659738,0.0,9.2,この先制限速度なし,この先目立った勾配なし,先行列車なし,後続列車なし,0.0,低速で先行列車なしの次駅減速フェーズで惰行を続け、適切なブレーキが無く即時0点ルールに該当するためreward=0.0とした。
228.69999999999598,Train11,次駅への減速フェーズ（駅手前400m以内）,力行（加速）中,0.1,惰行,0.4,70.0,70.0,1.256300438496015,70.0,3.6114521621755102,0.0,0.07534008273178994,0.0,9.2,この先制限速度なし,この先目立った勾配なし,先行列車なし,後続列車なし,0.0,次駅減速フェーズで先行列車なしの低速1.3km/hで力行を継続し、ちんたら運転と判定されたためrewardを0.0とした。
228.79999999999598,Train11,次駅への減速フェーズ（駅手前400m以内）,ブレーキ（減速）中,0.1,力行（加速）,0.1,70.0,70.0,1.5340561699419597,70.0,3.572308038592098,0.0,0.11233065680073025,0.0,9.2,この先制限速度なし,この先目立った勾配なし,先行列車なし,後続列車なし,0.0,ブレーキ直前の0.1秒の力行は合理的理由がなく、保持時間が2秒未満のノコギリ運転と判定され、reward上限が0.0点となった。
228.89999999999597,Train11,次駅への減速フェーズ（駅手前400m以内）,惰行中,0.1,ブレーキ（減速）,0.1,70.0,70.0,1.40664517421895,70.0,3.531641949042097,0.0,0.09444860689428884,0.0,9.2,この先制限速度なし,この先目立った勾配なし,先行列車なし,後続列車なし,0.0,低速(1.4km/h)で惰行し続け、先行列車なしにも関わらず停車位置へ向かうちんたら運転で即0点規則に該当したため0.0とした。
228.99999999999596,Train11,次駅への減速フェーズ（駅手前400m以内）,惰行中,0.2,ブレーキ（減速）,0.1,70.0,70.0,1.3656417319251648,70.0,3.493194921453835,0.0,0.08902324687786942,0.0,9.2,この先制限速度なし,この先目立った勾配なし,先行列車なし,後続列車なし,0.0,次駅減速フェーズで先行列車なしにも関わらず低速1.4km/hで惰行を続けたことがちんたら運転と判定され、即reward0.0ルールが適用されたため0.0とした。
229.09999999999596,Train11,次駅への減速フェーズ（駅手前400m以内）,惰行中,0.30000000000000004,ブレーキ（減速）,0.1,70.0,70.0,1.3246417752201392,70.0,3.455886825111776,0.0,0.08375875424002026,0.0,9.2,この先制限速度なし,この先目立った勾配なし,先行列車なし,後続列車なし,0.0,低速1.3km/hで惰行を続けたことが即reward0.0ルールのちんたら運転に該当し、評価は0.0とした。
229.19999999999595,Train11,次駅への減速フェーズ（駅手前400m以内）,惰行中,0.4,ブレーキ（減速）,0.1,70.0,70.0,1.2836452964542144,70.0,3.4197175632968424,0.0,0.07865509019713532,0.0,9.2,この先制限速度なし,この先目立った勾配なし,先行列車なし,後続列車なし,0.0,次駅減速フェーズで先行列車なしにも関わらず1.3 km/hの低速惰行がちんたら運転と判定され、即0点規則が適用されたため0.0とした。
229.29999999999595,Train11,次駅への減速フェーズ（駅手前400m以内）,力行（加速）中,0.1,惰行,0.4,70.0,70.0,1.2426522879802526,70.0,3.3846870395244366,0.0,0.07371221317197518,0.0,9.2,この先制限速度なし,この先目立った勾配なし,先行列車なし,後続列車なし,0.0,低速での加速が次駅減速フェーズのちんたら運転に該当し、即時0点規則によりreward=0.0とした。
229.39999999999594,Train11,次駅への減速フェーズ（駅手前400m以内）,ブレーキ（減速）中,0.1,力行（加速）,0.1,70.0,70.0,1.5204807016642954,70.0,3.3459209199619977,0.0,0.11035162895047597,0.0,9.2,この先制限速度なし,この先目立った勾配なし,先行列車なし,後続列車なし,0.0,直前の力行からブレーキへの反転が保持時間0.1秒で合理的理由なく、2秒未満のノコギリ運転と判定され上限0.0点となった。
229.49999999999594,Train11,次駅への減速フェーズ（駅手前400m以内）,惰行中,0.1,ブレーキ（減速）,0.1,70.0,70.0,1.393070866025624,70.0,3.305631909018558,0.0,0.09263476216326896,0.0,9.2,この先制限速度なし,この先目立った勾配なし,先行列車なし,後続列車なし,0.0,低速1.4km/hで惰行が続き、先行列車なしの次駅減速フェーズでちんたら運転と判定されたため即時0点。
229.59999999999593,Train11,次駅への減速フェーズ（駅手前400m以内）,惰行中,0.2,ブレーキ（減速）,0.1,70.0,70.0,1.3520685784604107,70.0,3.2675619279025625,0.0,0.0872626605434137,0.0,9.2,この先制限速度なし,この先目立った勾配なし,先行列車なし,後続列車なし,0.0,次駅減速フェーズで先行列車不在にも関わらず低速惰行がちんたら運転と判定され、即0点ルールが適用されたためreward=0.0。
229.69999999999592,Train11,次駅への減速フェーズ（駅手前400m以内）,惰行中,0.30000000000000004,ブレーキ（減速）,0.1,70.0,70.0,1.3110697739513084,70.0,3.230630845990845,0.0,0.08205141345023004,0.0,9.2,この先制限速度なし,この先目立った勾配なし,先行列車なし,後続列車なし,0.0,即reward0.0ルールで低速ちんたら運転とノコギリ運転が判定され、上位項目で重大な違反があるためrewardは0.0とした。
229.79999999999592,Train11,次駅への減速フェーズ（駅手前400m以内）,惰行中,0.4,ブレーキ（減速）,0.1,70.0,70.0,1.2700744448494932,70.0,3.194838566646041,0.0,0.07700098213849287,0.0,9.2,この先制限速度なし,この先目立った勾配なし,先行列車なし,後続列車なし,0.0,先行列車なしで速度1.3km/hのまま惰行し続けるちんたら運転に該当し、即reward0.0ルールが適用されるため0.0とした。
229.8999999999959,Train11,次駅への減速フェーズ（駅手前400m以内）,力行（加速）中,0.1,惰行,0.4,70.0,70.0,1.2290825835086598,70.0,3.160184993440396,0.0,0.07211132016496077,0.0,9.2,この先制限速度なし,この先目立った勾配なし,先行列車なし,後続列車なし,0.0,次駅減速フェーズで先行列車不在にも関わらず低速1.2km/hで加速し続けたため、ちんたら運転と判定し即時0点とした。
229.9999999999959,Train11,次駅への減速フェーズ（駅手前400m以内）,惰行中,0.1,力行（加速）,0.1,70.0,70.0,1.5069832608699938,70.0,3.12179470523688,0.0,0.10840140786034722,0.0,9.2,この先制限速度なし,この先目立った勾配なし,先行列車なし,後続列車なし,0.0,次駅減速フェーズで先行列車なしにも関わらず低速惰行で停止位置へ進むちんたら運転とノコギリ運転が判定されたため0.0とした。
230.0999999999959,Train11,次駅への減速フェーズ（駅手前400m以内）,惰行中,0.2,力行（加速）,0.1,70.0,70.0,1.46597125809667,70.0,3.080560639403984,0.0,0.10258229144115434,0.0,9.2,この先制限速度なし,この先目立った勾配なし,先行列車なし,後続列車なし,0.0,低速（1.5km/h）で惰行が続き、次駅減速フェーズでのちんたら運転と即reward0.0ルールに該当し、さらに保持時間が7秒未満の力行→惰行切替がノコギリ運転と判定されたため、rewardは0.0とした。
230.1999999999959,Train11,次駅への減速フェーズ（駅手前400m以内）,惰行中,0.30000000000000004,力行（加速）,0.1,70.0,70.0,1.4249627596392305,70.0,3.0404657423162007,0.0,0.09692413485093028,0.0,9.2,この先制限速度なし,この先目立った勾配なし,先行列車なし,後続列車なし,0.0,低速で惰行し続けるちんたら運転かつ、7秒未満の力行→惰行のノコギリ運転が判定され、即時0点規則が適用されたため0.0とした。
230.2999999999959,Train11,次駅への減速フェーズ（駅手前400m以内）,惰行中,0.4,力行（加速）,0.1,70.0,70.0,1.3839577578418258,70.0,3.0015099167428616,0.0,0.09142690195301366,0.0,9.2,この先制限速度なし,この先目立った勾配なし,先行列車なし,後続列車なし,0.0,低速で惰行し続けるちんたら運転と、保持時間が2秒未満のノコギリ運転に該当し、即時0点規則が適用されるためrewardは0.0となる。
230.39999999999588,Train11,次駅への減速フェーズ（駅手前400m以内）,惰行中,0.5,力行（加速）,0.1,70.0,70.0,1.34295624505114,70.0,2.9636930656842253,0.0,0.08609055379598471,0.0,9.2,この先制限速度なし,この先目立った勾配なし,先行列車なし,後続列車なし,0.0,次駅減速フェーズで低速1.3km/hのまま惰行し続け、即reward0.0ルールに該当するため0.0とした。
230.49999999999588,Train11,次駅への減速フェーズ（駅手前400m以内）,力行（加速）中,0.1,惰行,0.5,70.0,70.0,1.3019582136163874,70.0,2.9270150923217386,0.0,0.08091505154443547,0.0,9.2,この先制限速度なし,この先目立った勾配なし,先行列車なし,後続列車なし,0.0,次駅減速フェーズで低速1.3km/hのまま加速し続けたため、即時0点ルール（ちんたら運転）に該当し、評価は0.0とした。
230.59999999999587,Train11,次駅への減速フェーズ（駅手前400m以内）,惰行中,0.1,力行（加速）,0.1,70.0,70.0,1.5794707920040227,70.0,2.886606414900683,0.0,0.11907898677455502,0.0,9.2,この先制限速度なし,この先目立った勾配なし,先行列車なし,後続列車なし,0.0,次駅減速フェーズで先行列車なしにも関わらず低速1.6km/hの惰行を続けたため「ちんたら運転」と判定し、即時0点規則が適用された。
230.69999999999587,Train11,次駅への減速フェーズ（駅手前400m以内）,惰行中,0.2,力行（加速）,0.1,70.0,70.0,1.53845257745953,70.0,2.8433589014724703,0.0,0.1129753330143657,0.0,9.2,この先制限速度なし,この先目立った勾配なし,先行列車なし,後続列車なし,0.0,低速で惰行を続け、先行列車なしで停止位置へ向かうちんたら運転と、2秒未満の力行→惰行のノコギリ運転が即時0点の要因です。
230.79999999999586,Train11,次駅への減速フェーズ（駅手前400m以内）,惰行中,0.30000000000000004,力行（加速）,0.1,70.0,70.0,1.497437880767028,70.0,2.8012507291315103,0.0,0.10703270470156173,0.0,9.2,この先制限速度なし,この先目立った勾配なし,先行列車なし,後続列車なし,0.0,低速1.5km/hで惰行し先行列車なしの状態はちんたら運転と判定され即0点、かつノコギリ運転（0.4秒の反転）で上限0点となるためreward=0.0。
230.89999999999586,Train11,次駅への減速フェーズ（駅手前400m以内）,惰行中,0.4,力行（加速）,0.1,70.0,70.0,1.4564266942661737,70.0,2.7602818002705476,0.0,0.1012510510567012,0.0,9.2,この先制限速度なし,この先目立った勾配なし,先行列車なし,後続列車なし,0.0,次駅減速フェーズで先行列車なしの低速1.5km/hの惰行はちんたら運転とみなされ即時0点規則に該当するためrewardは0.0とした。
230.99999999999585,Train11,次駅への減速フェーズ（駅手前400m以内）,惰行中,0.5,力行（加速）,0.1,70.0,70.0,1.4154190102991673,70.0,2.720452017513253,0.0,0.09563035106877134,0.0,9.2,この先制限速度なし,この先目立った勾配なし,先行列車なし,後続列車なし,0.0,次駅減速フェーズで先行列車なしにも関わらず低速1.4km/hで惰行を続け、保持時間が7秒未満の力行→惰行切替がノコギリ運転と判定されたため即時0点とした。
231.09999999999584,Train11,次駅への減速フェーズ（駅手前400m以内）,力行（加速）中,0.1,惰行,0.5,70.0,70.0,1.3744148212107492,70.0,2.6817612836786964,0.0,0.09017056569729723,0.0,9.2,この先制限速度なし,この先目立った勾配なし,先行列車なし,後続列車なし,0.0,次駅減速フェーズで低速(1.4km/h)のまま力行を続けたため、即zeroルールに該当し安全性と停車適正が欠如し0.0と判定。
231.19999999999584,Train11,次駅への減速フェーズ（駅手前400m以内）,惰行中,0.1,力行（加速）,0.1,70.0,70.0,1.6515415092598646,70.0,2.6393458227786937,0.0,0.1301921594000603,0.0,9.2,この先制限速度なし,この先目立った勾配なし,先行列車なし,後続列車なし,0.0,次駅減速フェーズで低速のまま惰行を続けたことがちんたら運転と判定され、即時0点規則に該当するためrewardは0.0。
231.29999999999583,Train11,次駅への減速フェーズ（駅手前400m以内）,惰行中,0.2,力行（加速）,0.1,70.0,70.0,1.6105170958766062,70.0,2.5940964397186406,0.0,0.12380551355036967,0.0,9.2,この先制限速度なし,この先目立った勾配なし,先行列車なし,後続列車なし,0.0,先行列車なしで速度1.6km/hのまま惰行を続けたことが「ちんたら運転」に該当し、即reward0.0ルールにより評価0.0とした。
231.39999999999583,Train11,次駅への減速フェーズ（駅手前400m以内）,惰行中,0.30000000000000004,力行（加速）,0.1,70.0,70.0,1.5694962138094697,70.0,2.5499865697184987,0.0,0.11757996339304604,0.0,9.2,この先制限速度なし,この先目立った勾配なし,先行列車なし,後続列車なし,0.0,低速(1.6km/h)で惰行し続け、先行列車不在の状態で停止位置へ向かうちんたら運転と、7秒未満のノコギリ運転が判定され、即時0点規則が適用されたためreward=0.0。
231.49999999999582,Train11,次駅への減速フェーズ（駅手前400m以内）,惰行中,0.4,力行（加速）,0.1,70.0,70.0,1.5284788553936255,70.0,2.5070161148192938,0.0,0.1115154694892546,0.0,9.2,この先制限速度なし,この先目立った勾配なし,先行列車なし,後続列車なし,0.0,次駅減速フェーズで低速1.5km/hのまま惰行を続けたため『ちんたら運転』と判定され、即時0点ルールが適用された。
231.59999999999582,Train11,次駅への減速フェーズ（駅手前400m以内）,惰行中,0.5,力行（加速）,0.1,70.0,70.0,1.4874650129667992,70.0,2.4651849772610035,0.0,0.10561198766031939,0.0,9.2,この先制限速度なし,この先目立った勾配なし,先行列車なし,後続列車なし,0.0,低速(1.5km/h)で惰行を続け、先行列車なしの減速フェーズで停止位置へ向かうちんたら運転と判定し、即reward0.0ルールが適用されたため0.0とした。
231.6999999999958,Train11,次駅への減速フェーズ（駅手前400m以内）,惰行中,0.6,力行（加速）,0.1,70.0,70.0,1.4464546788692663,70.0,2.4244930594861103,0.0,0.09986947614532336,0.0,9.2,この先制限速度なし,この先目立った勾配なし,先行列車なし,後続列車なし,0.0,次駅減速フェーズで先行列車なしの低速惰行はちんたら運転と判定され即時0点対象、加えてノコギリ運転で上限0点のためrewardは0.0。
231.7999999999958,Train11,次駅への減速フェーズ（駅手前400m以内）,力行（加速）中,0.1,惰行,0.6,70.0,70.0,1.4054478454438457,70.0,2.3849402641502593,0.0,0.09428790878324063,0.0,9.2,この先制限速度なし,この先目立った勾配なし,先行列車なし,後続列車なし,0.0,低速でブレーキせずに力行し続けたことが即時0点対象（ちんたら運転）となり、エネルギー無駄で安全上も不適切と判断しrewardは0.0とした。
231.8999999999958,Train11,次駅への減速フェーズ（駅手前400m以内）,惰行中,0.1,力行（加速）,0.1,70.0,70.0,1.6824092504363817,70.0,2.3416653018948352,0.0,0.135103480047242,0.0,9.2,この先制限速度なし,この先目立った勾配なし,先行列車なし,後続列車なし,0.0,低速(1.7km/h)で惰行を続け、先行列車不在の減速フェーズでちんたら運転と判定されたため即時0点。
231.9999999999958,Train11,次駅への減速フェーズ（駅手前400m以内）,惰行中,0.2,力行（加速）,0.1,70.0,70.0,1.641382175153646,70.0,2.2955585222526054,0.0,0.12859560507009754,0.0,9.2,この先制限速度なし,この先目立った勾配なし,先行列車なし,後続列車なし,0.0,次駅減速フェーズで先行列車なしにも関わらず、速度1.6km/hの低速で惰行を続けたため「ちんたら運転」と判定し即時0点ルールが適用された。
232.0999999999958,Train11,次駅への減速フェーズ（駅手前400m以内）,惰行中,0.30000000000000004,力行（加速）,0.1,70.0,70.0,1.6003586369554843,70.0,2.250591329534757,0.0,0.12224885553449058,0.0,9.2,この先制限速度なし,この先目立った勾配なし,先行列車なし,後続列車なし,0.0,低速で惰行し続けたことがちんたら運転と判定され、かつ0.1秒の力行から0.3秒の惰行への短時間反転がノコギリ運転（2秒未満）に該当するためrewardは0.0とした。
232.19999999999578,Train11,次駅への減速フェーズ（駅手前400m以内）,惰行中,0.4,力行（加速）,0.1,70.0,70.0,1.5593386281751402,70.0,2.2067636256082324,0.0,0.11606319191405116,0.0,9.2,この先制限速度なし,この先目立った勾配なし,先行列車なし,後続列車なし,0.0,低速(1.6km/h)で惰行し続け、先行列車不在にも関わらず停止位置へ向かうちんたら運転と、保持時間が2秒未満のノコギリ運転と判定し即時0点とした。
232.29999999999578,Train11,次駅への減速フェーズ（駅手前400m以内）,惰行中,0.5,力行（加速）,0.1,70.0,70.0,1.518322141148417,70.0,2.164075312549585,0.0,0.11003857479874751,0.0,9.2,この先制限速度なし,この先目立った勾配なし,先行列車なし,後続列車なし,0.0,次駅減速フェーズで先行列車なしの低速1.5km/hで惰行を続けたことが「ちんたら運転」に該当し、即reward0.0ルールが適用されたため0.0とした。
232.39999999999577,Train11,次駅への減速フェーズ（駅手前400m以内）,惰行中,0.6,力行（加速）,0.1,70.0,70.0,1.4773091682136728,70.0,2.1225262926520827,0.0,0.10417495648486232,0.0,9.2,この先制限速度なし,この先目立った勾配なし,先行列車なし,後続列車なし,0.0,次駅減速フェーズで先行列車なしにも関わらず、速度1.5km/hのまま惰行を続けたことが「ちんたら運転」とみなされ、即reward0.0ルールに該当するため0.0とした。
232.49999999999577,Train11,次駅への減速フェーズ（駅手前400m以内）,惰行中,0.7,力行（加速）,0.1,70.0,70.0,1.4362997017118133,70.0,2.082116468411499,0.0,0.09847230371800528,0.0,9.2,この先制限速度なし,この先目立った勾配なし,先行列車なし,後続列車なし,0.0,低速で惰行し続ける「ちんたら運転」かつノコギリ運転と判定され、即reward0.0ルールに該当するため評価は0.0となった。
232.59999999999576,Train11,次駅への減速フェーズ（駅手前400m以内）,力行（加速）中,0.1,惰行,0.7,70.0,70.0,1.3952937339862863,70.0,2.042845742543875,0.0,0.09293058543252207,0.0,9.2,この先制限速度なし,この先目立った勾配なし,先行列車なし,後続列車なし,0.0,次駅減速フェーズで低速1.4km/hのまま力行し、先行列車不在のちんたら運転となったため即時0点規則が適用され0.0とした。
232.69999999999575,Train11,次駅への減速フェーズ（駅手前400m以内）,惰行中,0.1,力行（加速）,0.1,70.0,70.0,1.6723092206195187,70.0,1.999852012058767,0.0,0.13348647371592604,0.0,9.2,この先制限速度なし,この先目立った勾配なし,先行列車なし,後続列車なし,0.0,先行列車なしで駅手前2mの位置で低速惰行を続け、ちんたら運転と7秒未満の力行→惰行ノコギリ運転と判定し、即0点とする。
232.79999999999575,Train11,次駅への減速フェーズ（駅手前400m以内）,惰行中,0.2,力行（加速）,0.1,70.0,70.0,1.6312830167780934,70.0,1.9540257754897539,0.0,0.12701826692206233,0.0,9.2,この先制限速度なし,この先目立った勾配なし,先行列車なし,後続列車なし,0.0,次駅減速フェーズで先行列車なしの低速1.6km/hで惰行を続けたことが「ちんたら運転」条件に該当し、即reward0.0ルールが適用されるため評価は0.0点とした。
232.89999999999574,Train11,次駅への減速フェーズ（駅手前400m以内）,惰行中,0.30000000000000004,力行（加速）,0.1,70.0,70.0,1.5902603481336663,70.0,1.9093391016689054,0.0,0.12071117582866787,0.0,9.2,この先制限速度なし,この先目立った勾配なし,先行列車なし,後続列車なし,0.0,次駅減速フェーズで先行列車なしにも関わらず低速1.6km/hの惰行を続け、ブレーキ未実施のため即時0点ルールが適用される。
232.99999999999574,Train11,次駅への減速フェーズ（駅手前400m以内）,惰行中,0.4,力行（加速）,0.1,70.0,70.0,1.5492412070201125,70.0,1.865791892505797,0.0,0.11456516093801808,0.0,9.2,この先制限速度なし,この先目立った勾配なし,先行列車なし,後続列車なし,0.0,次駅減速フェーズで先行列車なしの低速惰行はちんたら運転とみなされ、即0点ルールが適用されるためreward=0.0。
233.09999999999573,Train11,次駅への減速フェーズ（駅手前400m以内）,惰行中,0.5,力行（加速）,0.1,70.0,70.0,1.5082255857738638,70.0,1.8233840501373777,0.0,0.10858018286871014,0.0,9.2,この先制限速度なし,この先目立った勾配なし,先行列車なし,後続列車なし,0.0,先行列車なしで低速1.5km/hの惰行がちんたら運転と判定され、即時0点規則に該当するためrewardは0.0。
233.19999999999573,Train11,次駅への減速フェーズ（駅手前400m以内）,惰行中,0.6,力行（加速）,0.1,70.0,70.0,1.4672134767339067,70.0,1.7821154769066538,0.0,0.10275619074994502,0.0,9.2,この先制限速度なし,この先目立った勾配なし,先行列車なし,後続列車なし,0.0,低速惰行で停止位置へ進むちんたら運転かつノコギリ運転と判定され、即0点規則が適用されたためrewardは0.0。
233.29999999999572,Train11,次駅への減速フェーズ（駅手前400m以内）,惰行中,0.7,力行（加速）,0.1,70.0,70.0,1.4262048722417728,70.0,1.741986075366242,0.0,0.09709315910701083,0.0,9.2,この先制限速度なし,この先目立った勾配なし,先行列車なし,後続列車なし,0.0,低速で惰行し続けるちんたら運転と判定され、即時0点ルールに該当するためreward=0.0とした。
233.3999999999957,Train11,次駅への減速フェーズ（駅手前400m以内）,力行（加速）中,0.1,惰行,0.7,70.0,70.0,1.3851997646415353,70.0,1.702995748285474,0.0,0.09159105233804919,0.0,9.2,この先制限速度なし,この先目立った勾配なし,先行列車なし,後続列車なし,0.0,低速で加速し続けたことがちんたら運転かつノコギリ運転に該当し、即時0点規則によりreward=0.0とした。
233.4999999999957,Train11,次駅への減速フェーズ（駅手前400m以内）,惰行中,0.1,力行（加速）,0.1,70.0,70.0,1.6622690121497288,70.0,1.6602815838631102,0.0,0.1318886904634563,0.0,9.2,この先制限速度なし,この先目立った勾配なし,先行列車なし,後続列車なし,0.0,次駅減速フェーズで先行列車なしの低速惰行はちんたら運転とみなされ、即時0点規則に該当するためreward=0.0とした。
233.5999999999957,Train11,次駅への減速フェーズ（駅手前400m以内）,惰行中,0.2,力行（加速）,0.1,70.0,70.0,1.6212436741459055,70.0,1.6147342287418098,0.0,0.12545991535902268,0.0,9.2,この先制限速度なし,この先目立った勾配なし,先行列車なし,後続列車なし,0.0,低速(1.6km/h)で惰行を続け、先行列車なしの減速フェーズでのちんたら運転と判定し即時0点とした。
233.6999999999957,Train11,次駅への減速フェーズ（駅手前400m以内）,惰行中,0.30000000000000004,力行（加速）,0.1,70.0,70.0,1.5802218694627996,70.0,1.5703264123416716,0.0,0.11919224627847098,0.0,9.2,この先制限速度なし,この先目立った勾配なし,先行列車なし,後続列車なし,0.0,次駅減速フェーズで先行列車なしにも関わらず低速1.6km/hの惰行を続けたため、即reward0.0ルールのちんたら運転に該当し0点とした。
233.7999999999957,Train11,次駅への減速フェーズ（駅手前400m以内）,惰行中,0.4,力行（加速）,0.1,70.0,70.0,1.5392035904349108,70.0,1.5270580366291142,0.0,0.11308564375254862,0.0,9.2,この先制限速度なし,この先目立った勾配なし,先行列車なし,後続列車なし,0.0,次駅減速フェーズで先行列車なしにも関わらず低速1.5km/hで惰行し続けたため「ちんたら運転」と判定し即時0点とした。
233.89999999999569,Train11,次駅への減速フェーズ（駅手前400m以内）,惰行中,0.5,力行（加速）,0.1,70.0,70.0,1.4981888293992984,70.0,1.4849290037943774,0.0,0.10714006769453592,0.0,9.2,この先制限速度なし,この先目立った勾配なし,先行列車なし,後続列車なし,0.0,低速でブレーキせず惰行し、力行→惰行の短時間切替がノコギリ運転と判定され、即時0点規則に該当するためrewardは0.0。
233.99999999999568,Train11,次駅への減速フェーズ（駅手前400m以内）,惰行中,0.6,力行（加速）,0.1,70.0,70.0,1.4571775786955714,70.0,1.4439392162302056,0.0,0.10135546661918556,0.0,9.2,この先制限速度なし,この先目立った勾配なし,先行列車なし,後続列車なし,0.0,次駅減速フェーズで先行列車なしの低速惰行はちんたら運転とみなされ、即時0点規則が適用されるためrewardは0.0。
234.09999999999567,Train11,次駅への減速フェーズ（駅手前400m以内）,惰行中,0.7,力行（加速）,0.1,70.0,70.0,1.4161698306658843,70.0,1.4040885765389532,0.0,0.09573181991668046,0.0,9.2,この先制限速度なし,この先目立った勾配なし,先行列車なし,後続列車なし,0.0,低速で惰行し続けるちんたら運転と2秒未満のノコギリ運転が即時0点条件に該当するためrewardは0.0とする。
234.19999999999567,Train11,次駅への減速フェーズ（駅手前400m以内）,ブレーキ（減速）中,0.1,惰行,0.7,70.0,70.0,1.375165577654931,70.0,1.3653769875503485,0.0,0.09026908854442003,0.0,9.2,この先制限速度なし,この先目立った勾配なし,先行列車なし,後続列車なし,0.0,ノコギリ運転と判定され、前ノッチ保持時間0.7秒のためreward上限0.0点となり、他項目は評価できても最終rewardは0.0となる。
234.29999999999566,Train11,次駅への減速フェーズ（駅手前400m以内）,惰行中,0.1,ブレーキ（減速）,0.1,70.0,70.0,1.2477681093434039,70.0,1.3291243186905888,0.0,0.07432031595488252,0.0,9.2,この先制限速度なし,この先目立った勾配なし,先行列車なし,後続列車なし,0.0,現在速度1.2km/hで惰行を続け、先行列車不在の減速フェーズで低速走行はちんたら運転とみなされ、即時0点とした。
234.39999999999566,Train11,次駅への減速フェーズ（駅手前400m以内）,惰行中,0.2,ブレーキ（減速）,0.1,70.0,70.0,1.20677813178878,70.0,1.2950903371198308,0.0,0.0695181195648639,0.0,9.2,この先制限速度なし,この先目立った勾配なし,先行列車なし,後続列車なし,0.0,次駅減速フェーズで先行列車なしにも関わらず低速1.2km/hで惰行を続けたため即時ゼロ規則に該当し、rewardは0.0とした。
234.49999999999565,Train11,次駅への減速フェーズ（駅手前400m以内）,惰行中,0.30000000000000004,ブレーキ（減速）,0.1,70.0,70.0,1.1657916101929944,70.0,1.2621949132274324,0.0,0.06487664642711291,0.0,9.2,この先制限速度なし,この先目立った勾配なし,先行列車なし,後続列車なし,0.0,次駅減速フェーズで先行列車なしの低速1.2km/hの惰行はちんたら運転と判定され、即reward0.0ルールに該当するため0.0とした。
234.59999999999565,Train11,次駅への減速フェーズ（駅手前400m以内）,惰行中,0.4,ブレーキ（減速）,0.1,70.0,70.0,1.1248085369161231,70.0,1.2304379511220986,0.0,0.060395858168766386,0.0,9.2,この先制限速度なし,この先目立った勾配なし,先行列車なし,後続列車なし,0.0,低速1.1km/hで先行列車なしにも関わらず惰行を続けたことが「ちんたら運転」とみなされ、即時0点規則が適用されたため。
234.69999999999564,Train11,次駅への減速フェーズ（駅手前400m以内）,ブレーキ（減速）中,0.1,惰行,0.4,70.0,70.0,1.0838289043207396,70.0,1.1998193551399083,0.0,0.0560757165326475,0.0,9.2,この先制限速度なし,この先目立った勾配なし,先行列車なし,後続列車なし,1.0,次駅減速フェーズで適切にブレーキを開始し、delta_stopが1.14mで停止位置が確保できるため、評価は最高点とした。
234.79999999999563,Train11,次駅への減速フェーズ（駅手前400m以内）,惰行中,0.1,ブレーキ（減速）,0.1,70.0,70.0,0.9564559525570464,70.0,1.1716589967107893,0.0,0.043671077104110737,0.0,9.2,この先制限速度なし,この先目立った勾配なし,先行列車なし,後続列車なし,0.0,低速(1km/h)で惰行を続け、減速フェーズでブレーキ未実施のため即時0点ルールのちんたら運転に該当し、rewardは0.0とした。
234.89999999999563,Train11,次駅への減速フェーズ（駅手前400m以内）,惰行中,0.2,ブレーキ（減速）,0.1,70.0,70.0,0.9154903767088407,70.0,1.1457166465760338,0.0,0.040010582830371545,0.0,9.2,この先制限速度なし,この先目立った勾配なし,先行列車なし,後続列車なし,0.0,次駅減速フェーズで先行列車なしにも関わらず、現在速度0.9km/hの低速で惰行を続けたことが「ちんたら運転」と判断され、即reward0.0ルールが適用されたためrewardは0.0となる。
234.99999999999562,Train11,次駅への減速フェーズ（駅手前400m以内）,惰行中,0.30000000000000004,ブレーキ（減速）,0.1,70.0,70.0,0.8745282025632883,70.0,1.1209121771145192,0.0,0.03651054701418483,0.0,9.2,この先制限速度なし,この先目立った勾配なし,先行列車なし,後続列車なし,0.0,次駅減速フェーズで先行列車なしにも関わらず0.9 km/hの低速で惰行を続け、適切なブレーキを行わないため即時0点ルールが適用された。
235.09999999999562,Train11,次駅への減速フェーズ（駅手前400m以内）,ブレーキ（減速）中,0.1,惰行,0.30000000000000004,70.0,70.0,0.8335694224980944,70.0,1.097245493955512,0.0,0.03317093206568005,0.0,9.2,この先制限速度なし,この先目立った勾配なし,先行列車なし,後続列車なし,1.0,ブレーキが適切に掛かり、delta_stopが2m以内で停止可能と判断され、他の評価項目に問題がないため高評価とした。
235.1999999999956,Train11,次駅への減速フェーズ（駅手前400m以内）,惰行中,0.1,ブレーキ（減速）,0.1,70.0,70.0,0.7062172341162664,70.0,1.0760364702662173,0.0,0.0238101053610131,0.0,9.2,この先制限速度なし,この先目立った勾配なし,先行列車なし,後続列車なし,0.0,低速で惰行し続け、減速開始すべき場面でブレーキ未実施かつノコギリ運転と判定されたため、即時0.0評価とした。
235.2999999999956,Train11,次駅への減速フェーズ（駅手前400m以内）,惰行中,0.2,ブレーキ（減速）,0.1,70.0,70.0,0.6652723230746892,70.0,1.0570448798254972,0.0,0.021129388515493126,0.0,9.2,この先制限速度なし,この先目立った勾配なし,先行列車なし,後続列車なし,0.0,低速(0.7km/h)で惰行を続け、先行列車なしでも停止位置へ向かう際にブレーキせず『ちんたら運転』と判定されたため0.0とした。
235.3999999999956,Train11,次駅への減速フェーズ（駅手前400m以内）,ブレーキ（減速）中,0.1,惰行,0.2,70.0,70.0,0.6243307672032508,70.0,1.0391905967459536,0.0,0.018608907731120665,0.0,9.2,この先制限速度なし,この先目立った勾配なし,先行列車なし,後続列車なし,0.0,前ノッチが0.2秒の惰行から0.1秒のブレーキへ短時間で反転し、ノコギリ運転と判定されたためrewardは0.0とした。
235.4999999999956,Train11,次駅への減速フェーズ（駅手前400m以内）,惰行中,0.1,ブレーキ（減速）,0.1,70.0,70.0,0.49699572853160673,70.0,1.0237934956442984,0.0,0.011792550334820741,0.0,9.2,この先制限速度なし,この先目立った勾配なし,先行列車なし,後続列車なし,0.0,次駅減速フェーズで先行列車なし・低速のまま惰行を続けたためちんたら運転と判定し、即reward0.0ルールが適用された。
235.5999999999956,Train11,次駅への減速フェーズ（駅手前400m以内）,力行（加速）中,0.1,惰行,0.1,70.0,70.0,0.4560678848345896,70.0,1.0106133528466898,0.0,0.009930349860724174,0.0,9.2,この先制限速度なし,この先目立った勾配なし,先行列車なし,後続列車なし,0.0,低速で加速し続けたため即時ゼロルールが適用され、停止位置も遠ざけている上にノコギリ運転と不要な力行で評価が0点となった。
235.69999999999558,Train11,次駅への減速フェーズ（駅手前400m以内）,惰行中,0.1,力行（加速）,0.1,70.0,70.0,0.7380838298970789,70.0,0.993632774839881,0.0,0.02600719610640417,0.0,9.2,この先制限速度なし,この先目立った勾配なし,先行列車なし,後続列車なし,0.0,次駅減速フェーズで先行列車なしにも関わらず、低速0.7km/hで惰行し続ける『ちんたら運転』が即時0点規則に該当するためreward=0.0とした。
235.79999999999558,Train11,次駅への減速フェーズ（駅手前400m以内）,ブレーキ（減速）中,0.1,惰行,0.1,70.0,70.0,0.697136302519801,70.0,0.9737560411657853,0.0,0.02320175425823199,0.0,9.2,この先制限速度なし,この先目立った勾配なし,先行列車なし,後続列車なし,1.0,ブレーキが適切に掛かり、delta_stopが0.95mで許容範囲内のため、減速フェーズの操作は安全かつ定時に問題なく評価した。
235.89999999999557,Train11,次駅への減速フェーズ（駅手前400m以内）,惰行中,0.1,ブレーキ（減速）,0.1,70.0,70.0,0.5697953182538598,70.0,0.9563366550118246,0.0,0.015500074884930283,0.0,9.2,この先制限速度なし,この先目立った勾配なし,先行列車なし,後続列車なし,0.0,低速(0.6km/h)で惰行し続けブレーキ未実施、保持時間0.1秒の不合理な反転により即時0点ルールが適用されたためrewardは0.0。
235.99999999999557,Train11,次駅への減速フェーズ（駅手前400m以内）,ブレーキ（減速）中,0.1,惰行,0.1,70.0,70.0,0.5288615576167183,70.0,0.9411343918230841,0.0,0.013353146741826936,0.0,9.2,この先制限速度なし,この先目立った勾配なし,先行列車なし,後続列車なし,0.0,0.1秒の惰行からブレーキへの短時間切替がノコギリ運転と判定され、上限0.0点のためrewardは0.0となった。
236.09999999999556,Train11,次駅への減速フェーズ（駅手前400m以内）,惰行中,0.1,ブレーキ（減速）,0.1,70.0,70.0,0.4015342802104218,70.0,0.9283890945113171,0.0,0.007697597758523991,0.0,9.2,この先制限速度なし,この先目立った勾配なし,先行列車なし,後続列車なし,0.0,次駅減速フェーズで先行列車なしの低速0.4km/hの惰行はちんたら運転とみなされ、制限速度・信号遵守はしているものの即時0点と判定した。
236.19999999999555,Train11,次駅への減速フェーズ（駅手前400m以内）,ブレーキ（減速）中,0.1,惰行,0.1,70.0,70.0,0.36061416021336135,70.0,0.9178605405679718,0.0,0.006208676278161909,0.0,9.2,この先制限速度なし,この先目立った勾配なし,先行列車なし,後続列車なし,0.0,前ノッチが0.1秒の惰行から即ブレーキへ切替え、保持時間が7秒未満で合理的理由がなくノコギリ運転と判定し、上限0点のためreward=0.0とした。
236.29999999999555,Train11,次駅への減速フェーズ（駅手前400m以内）,惰行中,0.1,ブレーキ（減速）,0.1,70.0,70.0,0.2333004636065895,70.0,0.9097885743720724,0.0,0.0025987040436252825,0.0,9.2,この先制限速度なし,この先目立った勾配なし,先行列車なし,後続列車なし,0.0,低速(0.2km/h)で惰行し続けたため次駅減速フェーズのちんたら運転と判定し、即時0点規則が適用された。
236.39999999999554,Train11,次駅への減速フェーズ（駅手前400m以内）,ブレーキ（減速）中,0.1,惰行,0.1,70.0,70.0,0.19239385823025817,70.0,0.9039329754685355,0.0,0.0017673007180437792,0.0,9.2,この先制限速度なし,この先目立った勾配なし,先行列車なし,後続列車なし,0.0,ノコギリ運転と判定され、prev_notch_durationが2秒未満のためreward上限が0.0点となった。
236.49999999999554,Train11,駅停車完了（速度0km/h）,惰行中,0.1,ブレーキ（減速）,0.1,70.0,70.0,0.06509361644321668,70.0,0.9005335896610234,0.0,0.00020230768642246768,0.0,9.2,この先制限速度なし,この先目立った勾配なし,先行列車なし,後続列車なし,0.0,ノコギリ運転と駅停車完了で速度0でないことが重大な違反で、reward上限が0.0となるため0.0とした。
236.59999999999553,Train11,駅停車完了（速度0km/h）,ブレーキ（減速）中,0.1,惰行,0.1,70.0,70.0,0.024200399748201686,70.0,0.899350198551474,0.0,2.7962955880507405e-05,0.0,9.2,この先制限速度なし,この先目立った勾配なし,先行列車なし,後続列車なし,0.0,直前の惰行からブレーキへの短時間切替が合理的理由なく行われ、ノコギリ運転と判定され上限が0点となった。結果として評価は0.0となります。
