time,train_id,phase,current_notch,holding_time,prev_notch,prev_notch_duration,speed_limit,signal_speed,current_speed,required_speed,dist_to_next_station,time_to_next_station,req_stop_dist,delay,current_gradient,next_limit_info,next_gradient_info,forward_info,backward_info,forward_train_delay,forward_clear_remaining_time,forward_departed_next,standard_headway,target_speed_no_stop,forward_observed_delay,reward
121.0,Train11,巡航フェーズ（駅間走行中）,力行（加速）中,27.0,惰行,16.0,70.0,70.0,67.3,70.0,1202.9,59.0,235.7,0.0,0.0,この先制限速度なし,212m先に上り勾配12.5‰あり,先行列車なし,後続列車なし,0.0,0.0,,0.0,70.0,0.0,-0.5
215.0,Train11,巡航フェーズ（駅間走行中）,力行（加速）中,10.0,惰行,11.0,70.0,70.0,65.54,70.0,656.5,0.0,223.9,36.0,0.0,この先制限速度なし,66m先に上り勾配6.1‰あり,先行列車なし,後続列車なし,0.0,0.0,,0.0,70.0,0.0,-0.5
167.0,Train11,巡航フェーズ（駅間走行中）,惰行中,15.0,力行（加速）,20.0,70.0,70.0,62.41,70.0,880.4,13.0,174.5,0.0,12.5,この先制限速度なし,90m先で上り勾配12.5‰が終わり平坦になる,先行列車なし,後続列車なし,0.0,0.0,,0.0,70.0,0.0,-0.5
157.0,Train11,巡航フェーズ（駅間走行中）,力行（加速）中,9.0,惰行,21.0,70.0,70.0,62.55,70.0,780.6,23.0,204.3,0.0,0.0,この先制限速度なし,190m先に上り勾配6.1‰あり,先行列車なし,後続列車なし,0.0,0.0,,0.0,70.0,0.0,-0.5
127.0,Train11,巡航フェーズ（駅間走行中）,力行（加速）中,7.0,惰行,6.0,70.0,70.0,61.31,70.0,1583.9,53.0,196.5,0.0,0.0,この先制限速度なし,この先目立った勾配なし,先行列車なし,後続列車なし,0.0,0.0,,0.0,70.0,0.0,-0.5
186.0,Train11,巡航フェーズ（駅間走行中）,力行（加速）中,11.0,惰行,7.0,70.0,70.0,66.91,70.0,1119.0,0.0,233.1,7.0,0.0,この先制限速度なし,129m先に上り勾配12.5‰あり,先行列車なし,後続列車なし,0.0,0.0,,0.0,70.0,0.0,-0.5
196.0,Train11,巡航フェーズ（駅間走行中）,惰行中,7.0,力行（加速）,16.0,70.0,70.0,66.62,70.0,654.2,0.0,231.1,17.0,0.0,この先制限速度なし,64m先に上り勾配6.1‰あり,先行列車なし,後続列車なし,0.0,0.0,,0.0,70.0,0.0,-0.5
168.0,Train11,巡航フェーズ（駅間走行中）,惰行中,14.0,力行（加速）,27.0,70.0,70.0,63.85,70.0,928.4,12.0,182.5,0.0,12.5,この先制限速度なし,138m先で上り勾配12.5‰が終わり平坦になる,先行列車なし,後続列車なし,0.0,0.0,,0.0,70.0,0.0,-0.5
193.0,Train11,巡航フェーズ（駅間走行中）,惰行中,5.0,力行（加速）,13.0,70.0,70.0,67.26,70.0,987.4,0.0,202.1,14.0,12.5,この先制限速度なし,197m先で上り勾配12.5‰が終わり平坦になる,先行列車なし,後続列車なし,0.0,0.0,,0.0,70.0,0.0,-0.5
163.0,Train11,巡航フェーズ（駅間走行中）,力行（加速）中,14.0,惰行,18.0,70.0,70.0,65.79,70.0,680.5,17.0,225.5,0.0,0.0,この先制限速度なし,90m先に上り勾配6.1‰あり,先行列車なし,後続列車なし,0.0,0.0,,0.0,70.0,0.0,-0.5
140.0,Train11,巡航フェーズ（駅間走行中）,力行（加速）中,15.0,惰行,10.0,70.0,70.0,61.8,70.0,1406.4,40.0,199.6,0.0,0.0,この先制限速度なし,416m先に上り勾配12.5‰あり,先行列車なし,後続列車なし,0.0,0.0,,0.0,70.0,0.0,-0.5
151.0,Train11,巡航フェーズ（駅間走行中）,力行（加速）中,2.0,惰行,18.0,70.0,70.0,62.0,70.0,891.5,29.0,172.3,0.0,12.5,この先制限速度なし,101m先で上り勾配12.5‰が終わり平坦になる,先行列車なし,後続列車なし,0.0,0.0,,0.0,70.0,0.0,-0.5
143.0,Train11,巡航フェーズ（駅間走行中）,力行（加速）中,5.0,惰行,15.0,70.0,70.0,66.51,70.0,1016.3,37.0,230.4,0.0,0.0,この先制限速度なし,26m先に上り勾配12.5‰あり,先行列車なし,後続列車なし,0.0,0.0,,0.0,70.0,0.0,-0.5
135.0,Train11,巡航フェーズ（駅間走行中）,惰行中,12.0,力行（加速）,19.0,70.0,70.0,65.46,70.0,1161.4,45.0,223.3,0.0,0.0,この先制限速度なし,171m先に上り勾配12.5‰あり,先行列車なし,後続列車なし,0.0,0.0,,0.0,70.0,0.0,-0.5
180.0,Train11,巡航フェーズ（駅間走行中）,惰行中,6.0,力行（加速）,21.0,70.0,70.0,67.17,70.0,1173.2,0.0,234.8,1.0,0.0,この先制限速度なし,183m先に上り勾配12.5‰あり,先行列車なし,後続列車なし,0.0,0.0,,0.0,70.0,0.0,-0.5
203.0,Train11,巡航フェーズ（駅間走行中）,力行（加速）中,11.0,惰行,12.0,70.0,70.0,65.7,70.0,654.5,0.0,224.9,24.0,0.0,この先制限速度なし,64m先に上り勾配6.1‰あり,先行列車なし,後続列車なし,0.0,0.0,,0.0,70.0,0.0,-0.5
173.0,Train11,巡航フェーズ（駅間走行中）,惰行中,4.0,力行（加速）,3.0,70.0,70.0,64.38,70.0,1016.8,7.0,216.2,0.0,0.0,この先制限速度なし,26m先に上り勾配12.5‰あり,先行列車なし,後続列車なし,0.0,0.0,,0.0,70.0,0.0,-0.5
209.0,Train11,巡航フェーズ（駅間走行中）,惰行中,5.0,力行（加速）,17.0,70.0,70.0,66.37,70.0,479.8,0.0,212.3,30.0,6.1,この先制限速度なし,289m先に上り勾配9.2‰あり,先行列車なし,後続列車なし,0.0,0.0,,0.0,70.0,0.0,-0.5
216.0,Train11,巡航フェーズ（駅間走行中）,惰行中,11.0,力行（加速）,17.0,70.0,70.0,65.11,70.0,509.0,0.0,204.4,37.0,6.1,この先制限速度なし,319m先に上り勾配9.2‰あり,先行列車なし,後続列車なし,0.0,0.0,,0.0,70.0,0.0,-0.5
138.0,Train11,巡航フェーズ（駅間走行中）,惰行中,8.0,力行（加速）,29.0,70.0,70.0,65.08,70.0,1036.8,42.0,220.8,0.0,0.0,この先制限速度なし,46m先に上り勾配12.5‰あり,先行列車なし,後続列車なし,0.0,0.0,,0.0,70.0,0.0,-0.5
171.0,Train11,巡航フェーズ（駅間走行中）,惰行中,2.0,力行（加速）,9.0,70.0,70.0,62.2,70.0,812.0,9.0,173.4,0.0,12.5,この先制限速度なし,21m先で上り勾配12.5‰が終わり平坦になる,先行列車なし,後続列車なし,0.0,0.0,,0.0,70.0,0.0,-0.5
188.0,Train11,巡航フェーズ（駅間走行中）,惰行中,9.0,力行（加速）,16.0,70.0,70.0,65.65,70.0,544.4,0.0,207.8,9.0,6.1,この先制限速度なし,354m先に上り勾配9.2‰あり,先行列車なし,後続列車なし,0.0,0.0,,0.0,70.0,0.0,-0.5
160.0,Train11,巡航フェーズ（駅間走行中）,惰行中,6.0,力行（加速）,27.0,70.0,70.0,67.21,70.0,1074.9,20.0,235.1,0.0,0.0,この先制限速度なし,84m先に上り勾配12.5‰あり,先行列車なし,後続列車なし,0.0,0.0,,0.0,70.0,0.0,-0.5
157.0,Train11,巡航フェーズ（駅間走行中）,力行（加速）中,17.0,惰行,7.0,70.0,70.0,62.82,70.0,1420.5,23.0,206.0,0.0,0.0,この先制限速度なし,430m先に上り勾配12.5‰あり,先行列車なし,後続列車なし,0.0,0.0,,0.0,70.0,0.0,-0.5
167.0,Train11,巡航フェーズ（駅間走行中）,力行（加速）中,8.0,惰行,10.0,70.0,70.0,64.7,70.0,706.5,13.0,218.3,0.0,0.0,この先制限速度なし,116m先に上り勾配6.1‰あり,先行列車なし,後続列車なし,0.0,0.0,,0.0,70.0,0.0,-0.5
215.0,Train11,巡航フェーズ（駅間走行中）,惰行中,6.0,力行（加速）,3.0,70.0,70.0,65.87,70.0,753.1,0.0,226.0,36.0,0.0,この先制限速度なし,163m先に上り勾配6.1‰あり,先行列車なし,後続列車なし,0.0,0.0,,0.0,70.0,0.0,-0.5
190.0,Train11,巡航フェーズ（駅間走行中）,惰行中,15.0,力行（加速）,23.0,70.0,70.0,63.93,70.0,497.7,0.0,197.3,11.0,6.1,この先制限速度なし,307m先に上り勾配9.2‰あり,先行列車なし,後続列車なし,0.0,0.0,,0.0,70.0,0.0,-0.5
163.0,Train11,巡航フェーズ（駅間走行中）,惰行中,14.0,力行（加速）,26.0,70.0,70.0,65.37,70.0,1004.1,17.0,222.7,0.0,0.0,この先制限速度なし,14m先に上り勾配12.5‰あり,先行列車なし,後続列車なし,0.0,0.0,,0.0,70.0,0.0,-0.5
128.0,Train11,巡航フェーズ（駅間走行中）,力行（加速）中,27.0,惰行,15.0,70.0,70.0,65.24,70.0,1219.9,52.0,221.9,0.0,0.0,この先制限速度なし,229m先に上り勾配12.5‰あり,先行列車なし,後続列車なし,0.0,0.0,,0.0,70.0,0.0,-0.5
127.0,Train11,巡航フェーズ（駅間走行中）,力行（加速）中,26.0,惰行,15.0,70.0,70.0,64.74,70.0,1237.9,53.0,218.6,0.0,0.0,この先制限速度なし,247m先に上り勾配12.5‰あり,先行列車なし,後続列車なし,0.0,0.0,,0.0,70.0,0.0,-0.5
141.0,Train11,巡航フェーズ（駅間走行中）,力行（加速）中,18.0,惰行,6.0,70.0,70.0,64.12,70.0,1411.4,39.0,214.5,0.0,0.0,この先制限速度なし,421m先に上り勾配12.5‰あり,先行列車なし,後続列車なし,0.0,0.0,,0.0,70.0,0.0,-0.5
167.0,Train11,巡航フェーズ（駅間走行中）,力行（加速）中,15.0,惰行,9.0,70.0,70.0,67.37,70.0,924.9,13.0,202.7,0.0,12.5,この先制限速度なし,134m先で上り勾配12.5‰が終わり平坦になる,先行列車なし,後続列車なし,0.0,0.0,,0.0,70.0,0.0,-0.5
189.0,Train11,巡航フェーズ（駅間走行中）,惰行中,1.0,力行（加速）,13.0,70.0,70.0,68.28,70.0,1062.7,0.0,242.4,10.0,0.0,この先制限速度なし,72m先に上り勾配12.5‰あり,先行列車なし,後続列車なし,0.0,0.0,,0.0,70.0,0.0,-0.5
145.0,Train11,巡航フェーズ（駅間走行中）,力行（加速）中,7.0,惰行,15.0,70.0,70.0,67.19,70.0,979.1,35.0,201.7,0.0,12.5,この先制限速度なし,189m先で上り勾配12.5‰が終わり平坦になる,先行列車なし,後続列車なし,0.0,0.0,,0.0,70.0,0.0,-0.5
123.0,Train11,巡航フェーズ（駅間走行中）,力行（加速）中,15.0,惰行,8.0,70.0,70.0,65.68,70.0,1392.4,57.0,224.8,0.0,0.0,この先制限速度なし,402m先に上り勾配12.5‰あり,先行列車なし,後続列車なし,0.0,0.0,,0.0,70.0,0.0,-0.5
152.0,Train11,巡航フェーズ（駅間走行中）,力行（加速）中,3.0,惰行,1.0,70.0,70.0,68.72,70.0,936.0,28.0,210.7,0.0,12.5,この先制限速度なし,146m先で上り勾配12.5‰が終わり平坦になる,先行列車なし,後続列車なし,0.0,0.0,,0.0,70.0,0.0,-0.5
210.0,Train11,巡航フェーズ（駅間走行中）,力行（加速）中,5.0,惰行,11.0,70.0,70.0,62.97,70.0,745.7,0.0,207.0,31.0,0.0,この先制限速度なし,155m先に上り勾配6.1‰あり,先行列車なし,後続列車なし,0.0,0.0,,0.0,70.0,0.0,-0.5
161.0,Train11,巡航フェーズ（駅間走行中）,惰行中,5.0,力行（加速）,18.0,70.0,70.0,67.29,70.0,679.3,19.0,235.6,0.0,0.0,この先制限速度なし,89m先に上り勾配6.1‰あり,先行列車なし,後続列車なし,0.0,0.0,,0.0,70.0,0.0,-0.5
167.0,Train11,巡航フェーズ（駅間走行中）,惰行中,13.0,力行（加速）,27.0,70.0,70.0,64.52,70.0,946.2,13.0,186.2,0.0,12.5,この先制限速度なし,156m先で上り勾配12.5‰が終わり平坦になる,先行列車なし,後続列車なし,0.0,0.0,,0.0,70.0,0.0,-0.5
170.0,Train11,巡航フェーズ（駅間走行中）,力行（加速）中,6.0,惰行,7.0,70.0,70.0,64.48,70.0,1193.5,10.0,216.9,0.0,0.0,この先制限速度なし,203m先に上り勾配12.5‰あり,先行列車なし,後続列車なし,0.0,0.0,,0.0,70.0,0.0,-0.5
149.0,Train11,巡航フェーズ（駅間走行中）,力行（加速）中,17.0,惰行,3.0,70.0,70.0,66.97,70.0,1452.1,31.0,233.5,0.0,0.0,この先制限速度なし,462m先に上り勾配12.5‰あり,先行列車なし,後続列車なし,0.0,0.0,,0.0,70.0,0.0,-0.5
167.0,Train11,巡航フェーズ（駅間走行中）,力行（加速）中,5.0,惰行,22.0,70.0,70.0,62.21,70.0,861.2,13.0,173.4,0.0,12.5,この先制限速度なし,71m先で上り勾配12.5‰が終わり平坦になる,先行列車なし,後続列車なし,0.0,0.0,,0.0,70.0,0.0,-0.5
168.0,Train11,巡航フェーズ（駅間走行中）,力行（加速）中,17.0,惰行,6.0,70.0,70.0,61.58,70.0,1282.2,12.0,198.1,0.0,0.0,この先制限速度なし,292m先に上り勾配12.5‰あり,先行列車なし,後続列車なし,0.0,0.0,,0.0,70.0,0.0,-0.5
221.0,Train11,巡航フェーズ（駅間走行中）,力行（加速）中,16.0,惰行,11.0,70.0,70.0,67.84,70.0,545.0,0.0,221.5,42.0,6.1,この先制限速度なし,355m先に上り勾配9.2‰あり,先行列車なし,後続列車なし,0.0,0.0,,0.0,70.0,0.0,-0.5
143.0,Train11,巡航フェーズ（駅間走行中）,惰行中,12.0,力行（加速）,20.0,70.0,70.0,65.49,70.0,1033.2,37.0,223.5,0.0,0.0,この先制限速度なし,43m先に上り勾配12.5‰あり,先行列車なし,後続列車なし,0.0,0.0,,0.0,70.0,0.0,-0.5
207.0,Train11,巡航フェーズ（駅間走行中）,力行（加速）中,2.0,惰行,9.0,70.0,70.0,62.19,70.0,530.6,0.0,186.9,28.0,6.1,この先制限速度なし,340m先に上り勾配9.2‰あり,先行列車なし,後続列車なし,0.0,0.0,,0.0,70.0,0.0,-0.5
208.0,Train11,巡航フェーズ（駅間走行中）,力行（加速）中,2.0,惰行,1.0,70.0,70.0,68.36,70.0,883.9,0.0,208.5,29.0,12.5,この先制限速度なし,93m先で上り勾配12.5‰が終わり平坦になる,先行列車なし,後続列車なし,0.0,0.0,,0.0,70.0,0.0,-0.5
119.0,Train11,巡航フェーズ（駅間走行中）,力行（加速）中,25.0,惰行,16.0,70.0,70.0,66.36,70.0,1240.0,61.0,229.4,0.0,0.0,この先制限速度なし,250m先に上り勾配12.5‰あり,先行列車なし,後続列車なし,0.0,0.0,,0.0,70.0,0.0,-0.5
159.0,Train11,巡航フェーズ（駅間走行中）,惰行中,4.0,力行（加速）,16.0,70.0,70.0,66.12,70.0,549.7,21.0,210.7,0.0,6.1,この先制限速度なし,359m先に上り勾配9.2‰あり,先行列車なし,後続列車なし,0.0,0.0,,0.0,70.0,0.0,-0.5
108.0,Train11,巡航フェーズ（駅間走行中）,力行（加速）中,11.0,惰行,10.0,70.0,70.0,61.02,70.0,1468.1,72.0,194.7,0.0,0.0,この先制限速度なし,478m先に上り勾配12.5‰あり,先行列車なし,後続列車なし,0.0,0.0,,0.0,70.0,0.0,-0.5
147.0,Train11,巡航フェーズ（駅間走行中）,力行（加速）中,9.0,惰行,15.0,70.0,70.0,67.23,70.0,941.8,33.0,201.9,0.0,12.5,この先制限速度なし,151m先で上り勾配12.5‰が終わり平坦になる,先行列車なし,後続列車なし,0.0,0.0,,0.0,70.0,0.0,-0.5
178.0,Train11,巡航フェーズ（駅間走行中）,力行（加速）中,8.0,惰行,16.0,70.0,70.0,63.5,70.0,754.7,2.0,210.4,0.0,0.0,この先制限速度なし,164m先に上り勾配6.1‰あり,先行列車なし,後続列車なし,0.0,0.0,,0.0,70.0,0.0,-0.5
177.0,Train11,巡航フェーズ（駅間走行中）,力行（加速）中,3.0,惰行,19.0,70.0,70.0,62.52,70.0,482.4,3.0,188.9,0.0,6.1,この先制限速度なし,292m先に上り勾配9.2‰あり,先行列車なし,後続列車なし,0.0,0.0,,0.0,70.0,0.0,-0.5
186.0,Train11,巡航フェーズ（駅間走行中）,惰行中,6.0,力行（加速）,29.0,70.0,70.0,66.06,70.0,954.0,0.0,195.1,7.0,12.5,この先制限速度なし,164m先で上り勾配12.5‰が終わり平坦になる,先行列車なし,後続列車なし,0.0,0.0,,0.0,70.0,0.0,-0.5
169.0,Train11,巡航フェーズ（駅間走行中）,力行（加速）中,16.0,惰行,9.0,70.0,70.0,65.56,70.0,1379.0,11.0,224.0,0.0,0.0,この先制限速度なし,388m先に上り勾配12.5‰あり,先行列車なし,後続列車なし,0.0,0.0,,0.0,70.0,0.0,-0.5
169.0,Train11,巡航フェーズ（駅間走行中）,力行（加速）中,3.0,惰行,17.0,70.0,70.0,64.56,70.0,1088.8,11.0,217.4,0.0,0.0,この先制限速度なし,98m先に上り勾配12.5‰あり,先行列車なし,後続列車なし,0.0,0.0,,0.0,70.0,0.0,-0.5
170.0,Train11,巡航フェーズ（駅間走行中）,惰行中,1.0,力行（加速）,9.0,70.0,70.0,62.86,70.0,829.4,10.0,177.0,0.0,12.5,この先制限速度なし,39m先で上り勾配12.5‰が終わり平坦になる,先行列車なし,後続列車なし,0.0,0.0,,0.0,70.0,0.0,-0.5
214.0,Train11,巡航フェーズ（駅間走行中）,惰行中,14.0,力行（加速）,17.0,70.0,70.0,64.47,70.0,544.9,0.0,200.6,35.0,6.1,この先制限速度なし,354m先に上り勾配9.2‰あり,先行列車なし,後続列車なし,0.0,0.0,,0.0,70.0,0.0,-0.5
116.0,Train11,巡航フェーズ（駅間走行中）,力行（加速）中,8.0,惰行,8.0,70.0,70.0,62.03,70.0,1516.7,64.0,201.0,0.0,0.0,この先制限速度なし,この先目立った勾配なし,先行列車なし,後続列車なし,0.0,0.0,,0.0,70.0,0.0,-0.5
147.0,Train11,巡航フェーズ（駅間走行中）,力行（加速）中,9.0,惰行,16.0,70.0,70.0,63.86,70.0,734.6,33.0,212.8,0.0,0.0,この先制限速度なし,144m先に上り勾配6.1‰あり,先行列車なし,後続列車なし,0.0,0.0,,0.0,70.0,0.0,-0.5
184.0,Train11,巡航フェーズ（駅間走行中）,力行（加速）中,11.0,惰行,6.0,70.0,70.0,62.8,70.0,1213.7,0.0,205.9,5.0,0.0,この先制限速度なし,223m先に上り勾配12.5‰あり,先行列車なし,後続列車なし,0.0,0.0,,0.0,70.0,0.0,-0.5
131.0,Train11,巡航フェーズ（駅間走行中）,惰行中,13.0,力行（加速）,15.0,70.0,70.0,65.17,70.0,976.9,49.0,189.9,0.0,12.5,この先制限速度なし,186m先で上り勾配12.5‰が終わり平坦になる,先行列車なし,後続列車なし,0.0,0.0,,0.0,70.0,0.0,-0.5
147.0,Train11,巡航フェーズ（駅間走行中）,惰行中,7.0,力行（加速）,20.0,70.0,70.0,66.91,70.0,1218.5,33.0,233.1,0.0,0.0,この先制限速度なし,228m先に上り勾配12.5‰あり,先行列車なし,後続列車なし,0.0,0.0,,0.0,70.0,0.0,-0.5
217.0,Train11,巡航フェーズ（駅間走行中）,惰行中,8.0,力行（加速）,3.0,70.0,70.0,65.41,70.0,716.6,0.0,223.0,38.0,0.0,この先制限速度なし,126m先に上り勾配6.1‰あり,先行列車なし,後続列車なし,0.0,0.0,,0.0,70.0,0.0,-0.5
142.0,Train11,巡航フェーズ（駅間走行中）,力行（加速）中,7.0,惰行,14.0,70.0,70.0,64.85,70.0,863.9,38.0,188.1,0.0,12.5,この先制限速度なし,73m先で上り勾配12.5‰が終わり平坦になる,先行列車なし,後続列車なし,0.0,0.0,,0.0,70.0,0.0,-0.5
157.0,Train11,巡航フェーズ（駅間走行中）,惰行中,8.0,力行（加速）,7.0,70.0,70.0,63.94,70.0,881.5,23.0,182.9,0.0,12.5,この先制限速度なし,91m先で上り勾配12.5‰が終わり平坦になる,先行列車なし,後続列車なし,0.0,0.0,,0.0,70.0,0.0,-0.5
164.0,Train11,巡航フェーズ（駅間走行中）,力行（加速）中,11.0,惰行,9.0,70.0,70.0,62.99,70.0,1468.3,16.0,207.2,0.0,0.0,この先制限速度なし,478m先に上り勾配12.5‰あり,先行列車なし,後続列車なし,0.0,0.0,,0.0,70.0,0.0,-0.5
162.0,Train11,巡航フェーズ（駅間走行中）,力行（加速）中,3.0,惰行,10.0,70.0,70.0,62.17,70.0,794.6,18.0,173.2,0.0,12.5,この先制限速度なし,4m先で上り勾配12.5‰が終わり平坦になる,先行列車なし,後続列車なし,0.0,0.0,,0.0,70.0,0.0,-0.5
183.0,Train11,巡航フェーズ（駅間走行中）,力行（加速）中,16.0,惰行,15.0,70.0,70.0,67.63,70.0,595.8,0.0,238.0,4.0,0.0,この先制限速度なし,5m先に上り勾配6.1‰あり,先行列車なし,後続列車なし,0.0,0.0,,0.0,70.0,0.0,-0.5
182.0,Train11,巡航フェーズ（駅間走行中）,力行（加速）中,12.0,惰行,16.0,70.0,70.0,65.54,70.0,683.0,0.0,223.9,3.0,0.0,この先制限速度なし,92m先に上り勾配6.1‰あり,先行列車なし,後続列車なし,0.0,0.0,,0.0,70.0,0.0,-0.5
168.0,Train11,巡航フェーズ（駅間走行中）,惰行中,12.0,力行（加速）,18.0,70.0,70.0,65.19,70.0,550.2,12.0,204.9,0.0,6.1,この先制限速度なし,360m先に上り勾配9.2‰あり,先行列車なし,後続列車なし,0.0,0.0,,0.0,70.0,0.0,-0.5
141.0,Train11,巡航フェーズ（駅間走行中）,力行（加速）中,3.0,惰行,15.0,70.0,70.0,65.55,70.0,1053.0,39.0,223.9,0.0,0.0,この先制限速度なし,63m先に上り勾配12.5‰あり,先行列車なし,後続列車なし,0.0,0.0,,0.0,70.0,0.0,-0.5
214.0,Train11,巡航フェーズ（駅間走行中）,力行（加速）中,9.0,惰行,11.0,70.0,70.0,65.05,70.0,674.6,0.0,220.6,35.0,0.0,この先制限速度なし,84m先に上り勾配6.1‰あり,先行列車なし,後続列車なし,0.0,0.0,,0.0,70.0,0.0,-0.5
171.0,Train11,巡航フェーズ（駅間走行中）,惰行中,2.0,力行（加速）,3.0,70.0,70.0,64.84,70.0,1052.7,9.0,219.2,0.0,0.0,この先制限速度なし,62m先に上り勾配12.5‰あり,先行列車なし,後続列車なし,0.0,0.0,,0.0,70.0,0.0,-0.5
166.0,Train11,巡航フェーズ（駅間走行中）,惰行中,14.0,力行（加速）,20.0,70.0,70.0,63.08,70.0,897.9,14.0,178.2,0.0,12.5,この先制限速度なし,107m先で上り勾配12.5‰が終わり平坦になる,先行列車なし,後続列車なし,0.0,0.0,,0.0,70.0,0.0,-0.5
143.0,Train11,巡航フェーズ（駅間走行中）,力行（加速）中,8.0,惰行,14.0,70.0,70.0,64.92,70.0,845.9,37.0,188.5,0.0,12.5,この先制限速度なし,55m先で上り勾配12.5‰が終わり平坦になる,先行列車なし,後続列車なし,0.0,0.0,,0.0,70.0,0.0,-0.5
143.0,Train11,巡航フェーズ（駅間走行中）,惰行中,3.0,力行（加速）,20.0,70.0,70.0,67.86,70.0,1293.4,37.0,239.6,0.0,0.0,この先制限速度なし,303m先に上り勾配12.5‰あり,先行列車なし,後続列車なし,0.0,0.0,,0.0,70.0,0.0,-0.5
187.0,Train11,巡航フェーズ（駅間走行中）,力行（加速）中,14.0,惰行,6.0,70.0,70.0,64.38,70.0,1160.7,0.0,216.2,8.0,0.0,この先制限速度なし,170m先に上り勾配12.5‰あり,先行列車なし,後続列車なし,0.0,0.0,,0.0,70.0,0.0,-0.5
209.0,Train11,巡航フェーズ（駅間走行中）,力行（加速）中,4.0,惰行,9.0,70.0,70.0,62.85,70.0,495.9,0.0,190.8,30.0,6.1,この先制限速度なし,305m先に上り勾配9.2‰あり,先行列車なし,後続列車なし,0.0,0.0,,0.0,70.0,0.0,-0.5
133.0,Train11,巡航フェーズ（駅間走行中）,惰行中,11.0,力行（加速）,28.0,70.0,70.0,65.59,70.0,979.1,47.0,192.3,0.0,12.5,この先制限速度なし,189m先で上り勾配12.5‰が終わり平坦になる,先行列車なし,後続列車なし,0.0,0.0,,0.0,70.0,0.0,-0.5
163.0,Train11,巡航フェーズ（駅間走行中）,力行（加速）中,10.0,惰行,9.0,70.0,70.0,62.45,70.0,1485.7,17.0,203.7,0.0,0.0,この先制限速度なし,495m先に上り勾配12.5‰あり,先行列車なし,後続列車なし,0.0,0.0,,0.0,70.0,0.0,-0.5
118.0,Train11,巡航フェーズ（駅間走行中）,力行（加速）中,21.0,惰行,10.0,70.0,70.0,66.27,70.0,1291.1,62.0,228.7,0.0,0.0,この先制限速度なし,301m先に上り勾配12.5‰あり,先行列車なし,後続列車なし,0.0,0.0,,0.0,70.0,0.0,-0.5
144.0,Train11,巡航フェーズ（駅間走行中）,惰行中,13.0,力行（加速）,20.0,70.0,70.0,65.26,70.0,1015.0,36.0,222.0,0.0,0.0,この先制限速度なし,25m先に上り勾配12.5‰あり,先行列車なし,後続列車なし,0.0,0.0,,0.0,70.0,0.0,-0.5
156.0,Train11,巡航フェーズ（駅間走行中）,力行（加速）中,18.0,惰行,6.0,70.0,70.0,65.32,70.0,1398.5,24.0,222.4,0.0,0.0,この先制限速度なし,408m先に上り勾配12.5‰あり,先行列車なし,後続列車なし,0.0,0.0,,0.0,70.0,0.0,-0.5
140.0,Train11,巡航フェーズ（駅間走行中）,力行（加速）中,17.0,惰行,6.0,70.0,70.0,63.6,70.0,1429.1,40.0,211.1,0.0,0.0,この先制限速度なし,439m先に上り勾配12.5‰あり,先行列車なし,後続列車なし,0.0,0.0,,0.0,70.0,0.0,-0.5
139.0,Train11,巡航フェーズ（駅間走行中）,惰行中,12.0,力行（加速）,19.0,70.0,70.0,65.44,70.0,1095.7,41.0,223.2,0.0,0.0,この先制限速度なし,105m先に上り勾配12.5‰あり,先行列車なし,後続列車なし,0.0,0.0,,0.0,70.0,0.0,-0.5
223.0,Train11,巡航フェーズ（駅間走行中）,惰行中,2.0,力行（加速）,16.0,70.0,70.0,67.62,70.0,507.3,0.0,220.1,44.0,6.1,この先制限速度なし,317m先に上り勾配9.2‰あり,先行列車なし,後続列車なし,0.0,0.0,,0.0,70.0,0.0,-0.5
147.0,Train11,巡航フェーズ（駅間走行中）,力行（加速）中,6.0,惰行,11.0,70.0,70.0,63.97,70.0,876.5,33.0,183.2,0.0,12.5,この先制限速度なし,86m先で上り勾配12.5‰が終わり平坦になる,先行列車なし,後続列車なし,0.0,0.0,,0.0,70.0,0.0,-0.5
133.0,Train11,巡航フェーズ（駅間走行中）,力行（加速）中,13.0,惰行,6.0,70.0,70.0,64.54,70.0,1479.0,47.0,217.2,0.0,0.0,この先制限速度なし,488m先に上り勾配12.5‰あり,先行列車なし,後続列車なし,0.0,0.0,,0.0,70.0,0.0,-0.5
152.0,Train11,巡航フェーズ（駅間走行中）,力行（加速）中,6.0,惰行,6.0,70.0,70.0,63.33,70.0,947.1,28.0,179.5,0.0,12.5,この先制限速度なし,157m先で上り勾配12.5‰が終わり平坦になる,先行列車なし,後続列車なし,0.0,0.0,,0.0,70.0,0.0,-0.5
142.0,Train11,巡航フェーズ（駅間走行中）,力行（加速）中,10.0,惰行,3.0,70.0,70.0,63.49,70.0,1579.0,38.0,210.4,0.0,0.0,この先制限速度なし,この先目立った勾配なし,先行列車なし,後続列車なし,0.0,0.0,,0.0,70.0,0.0,-0.5
179.0,Train11,巡航フェーズ（駅間走行中）,力行（加速）中,9.0,惰行,16.0,70.0,70.0,64.03,70.0,737.0,1.0,213.9,0.0,0.0,この先制限速度なし,146m先に上り勾配6.1‰あり,先行列車なし,後続列車なし,0.0,0.0,,0.0,70.0,0.0,-0.5
166.0,Train11,巡航フェーズ（駅間走行中）,力行（加速）中,4.0,惰行,22.0,70.0,70.0,62.1,70.0,878.5,14.0,172.8,0.0,12.5,この先制限速度なし,88m先で上り勾配12.5‰が終わり平坦になる,先行列車なし,後続列車なし,0.0,0.0,,0.0,70.0,0.0,-0.5
141.0,Train11,巡航フェーズ（駅間走行中）,惰行中,1.0,力行（加速）,2.0,70.0,70.0,63.01,70.0,1138.2,39.0,207.3,0.0,0.0,この先制限速度なし,148m先に上り勾配12.5‰あり,先行列車なし,後続列車なし,0.0,0.0,,0.0,70.0,0.0,-0.5
179.0,Train11,巡航フェーズ（駅間走行中）,惰行中,2.0,力行（加速）,13.0,70.0,70.0,68.05,70.0,1027.0,1.0,240.9,0.0,0.0,この先制限速度なし,36m先に上り勾配12.5‰あり,先行列車なし,後続列車なし,0.0,0.0,,0.0,70.0,0.0,-0.5
203.0,Train11,巡航フェーズ（駅間走行中）,力行（加速）中,16.0,惰行,14.0,70.0,70.0,67.68,70.0,592.3,0.0,238.3,24.0,0.0,この先制限速度なし,2m先に上り勾配6.1‰あり,先行列車なし,後続列車なし,0.0,0.0,,0.0,70.0,0.0,-0.5
160.0,Train11,巡航フェーズ（駅間走行中）,惰行中,1.0,力行（加速）,18.0,70.0,70.0,68.23,70.0,640.0,20.0,242.1,0.0,0.0,この先制限速度なし,49m先に上り勾配6.1‰あり,先行列車なし,後続列車なし,0.0,0.0,,0.0,70.0,0.0,-0.5
194.0,Train11,巡航フェーズ（駅間走行中）,力行（加速）中,6.0,惰行,14.0,70.0,70.0,65.76,70.0,916.8,0.0,193.4,15.0,12.5,この先制限速度なし,126m先で上り勾配12.5‰が終わり平坦になる,先行列車なし,後続列車なし,0.0,0.0,,0.0,70.0,0.0,-0.5
135.0,Train11,巡航フェーズ（駅間走行中）,惰行中,4.0,力行（加速）,20.0,70.0,70.0,67.36,70.0,1180.8,45.0,236.1,0.0,0.0,この先制限速度なし,190m先に上り勾配12.5‰あり,先行列車なし,後続列車なし,0.0,0.0,,0.0,70.0,0.0,-0.5
194.0,Train11,巡航フェーズ（駅間走行中）,惰行中,6.0,力行（加速）,13.0,70.0,70.0,66.59,70.0,968.8,0.0,198.1,15.0,12.5,この先制限速度なし,178m先で上り勾配12.5‰が終わり平坦になる,先行列車なし,後続列車なし,0.0,0.0,,0.0,70.0,0.0,-0.5
179.0,Train11,巡航フェーズ（駅間走行中）,力行（加速）中,6.0,惰行,12.0,70.0,70.0,67.29,70.0,972.4,1.0,202.3,0.0,12.5,この先制限速度なし,182m先で上り勾配12.5‰が終わり平坦になる,先行列車なし,後続列車なし,0.0,0.0,,0.0,70.0,0.0,-0.5
149.0,Train11,巡航フェーズ（駅間走行中）,力行（加速）中,22.0,惰行,7.0,70.0,70.0,65.61,70.0,1280.8,31.0,224.3,0.0,0.0,この先制限速度なし,290m先に上り勾配12.5‰あり,先行列車なし,後続列車なし,0.0,0.0,,0.0,70.0,0.0,-0.5
154.0,Train11,巡航フェーズ（駅間走行中）,惰行中,14.0,力行（加速）,17.0,70.0,70.0,63.56,70.0,1107.4,26.0,210.8,0.0,0.0,この先制限速度なし,117m先に上り勾配12.5‰あり,先行列車なし,後続列車なし,0.0,0.0,,0.0,70.0,0.0,-0.5
178.0,Train11,巡航フェーズ（駅間走行中）,惰行中,4.0,力行（加速）,21.0,70.0,70.0,67.64,70.0,1210.6,2.0,238.1,0.0,0.0,この先制限速度なし,220m先に上り勾配12.5‰あり,先行列車なし,後続列車なし,0.0,0.0,,0.0,70.0,0.0,-0.5
154.0,Train11,巡航フェーズ（駅間走行中）,力行（加速）中,13.0,惰行,11.0,70.0,70.0,65.42,70.0,751.4,26.0,223.0,0.0,0.0,この先制限速度なし,161m先に上り勾配6.1‰あり,先行列車なし,後続列車なし,0.0,0.0,,0.0,70.0,0.0,-0.5
133.0,Train11,巡航フェーズ（駅間走行中）,力行（加速）中,10.0,惰行,9.0,70.0,70.0,62.45,70.0,1485.7,47.0,203.7,0.0,0.0,この先制限速度なし,495m先に上り勾配12.5‰あり,先行列車なし,後続列車なし,0.0,0.0,,0.0,70.0,0.0,-0.5
143.0,Train11,巡航フェーズ（駅間走行中）,惰行中,2.0,力行（加速）,5.0,70.0,70.0,64.71,70.0,743.9,37.0,218.3,0.0,0.0,この先制限速度なし,153m先に上り勾配6.1‰あり,先行列車なし,後続列車なし,0.0,0.0,,0.0,70.0,0.0,-0.5
141.0,Train11,巡航フェーズ（駅間走行中）,惰行中,1.0,力行（加速）,17.0,70.0,70.0,66.53,70.0,1342.3,39.0,230.5,0.0,0.0,この先制限速度なし,352m先に上り勾配12.5‰あり,先行列車なし,後続列車なし,0.0,0.0,,0.0,70.0,0.0,-0.5
170.0,Train11,巡航フェーズ（駅間走行中）,力行（加速）中,12.0,惰行,6.0,70.0,70.0,66.35,70.0,1190.1,10.0,229.2,0.0,0.0,この先制限速度なし,200m先に上り勾配12.5‰あり,先行列車なし,後続列車なし,0.0,0.0,,0.0,70.0,0.0,-0.5
154.0,Train11,巡航フェーズ（駅間走行中）,力行（加速）中,1.0,惰行,12.0,70.0,70.0,61.77,70.0,550.1,26.0,184.4,0.0,6.1,この先制限速度なし,360m先に上り勾配9.2‰あり,先行列車なし,後続列車なし,0.0,0.0,,0.0,70.0,0.0,-0.5
179.0,Train11,巡航フェーズ（駅間走行中）,力行（加速）中,16.0,惰行,14.0,70.0,70.0,67.61,70.0,712.2,1.0,237.9,0.0,0.0,この先制限速度なし,122m先に上り勾配6.1‰あり,先行列車なし,後続列車なし,0.0,0.0,,0.0,70.0,0.0,-0.5
136.0,Train11,巡航フェーズ（駅間走行中）,惰行中,13.0,力行（加速）,19.0,70.0,70.0,65.23,70.0,1143.2,44.0,221.8,0.0,0.0,この先制限速度なし,153m先に上り勾配12.5‰あり,先行列車なし,後続列車なし,0.0,0.0,,0.0,70.0,0.0,-0.5
201.0,Train11,巡航フェーズ（駅間走行中）,惰行中,5.0,力行（加速）,7.0,70.0,70.0,63.48,70.0,635.1,0.0,210.3,22.0,0.0,この先制限速度なし,45m先に上り勾配6.1‰あり,先行列車なし,後続列車なし,0.0,0.0,,0.0,70.0,0.0,-0.5
138.0,Train11,巡航フェーズ（駅間走行中）,力行（加速）中,15.0,惰行,6.0,70.0,70.0,62.53,70.0,1464.2,42.0,204.2,0.0,0.0,この先制限速度なし,474m先に上り勾配12.5‰あり,先行列車なし,後続列車なし,0.0,0.0,,0.0,70.0,0.0,-0.5
168.0,Train11,巡航フェーズ（駅間走行中）,力行（加速）中,22.0,惰行,6.0,70.0,70.0,67.53,70.0,659.7,12.0,237.3,0.0,0.0,この先制限速度なし,69m先に上り勾配6.1‰あり,先行列車なし,後続列車なし,0.0,0.0,,0.0,70.0,0.0,-0.5
161.0,Train11,巡航フェーズ（駅間走行中）,惰行中,6.0,力行（加速）,6.0,70.0,70.0,65.9,70.0,766.5,19.0,226.3,0.0,0.0,この先制限速度なし,176m先に上り勾配6.1‰あり,先行列車なし,後続列車なし,0.0,0.0,,0.0,70.0,0.0,-0.5
213.0,Train11,巡航フェーズ（駅間走行中）,力行（加速）中,8.0,惰行,11.0,70.0,70.0,64.54,70.0,692.6,0.0,217.2,34.0,0.0,この先制限速度なし,102m先に上り勾配6.1‰あり,先行列車なし,後続列車なし,0.0,0.0,,0.0,70.0,0.0,-0.5
127.0,Train11,巡航フェーズ（駅間走行中）,力行（加速）中,15.0,惰行,9.0,70.0,70.0,63.93,70.0,1403.2,53.0,213.3,0.0,0.0,この先制限速度なし,413m先に上り勾配12.5‰あり,先行列車なし,後続列車なし,0.0,0.0,,0.0,70.0,0.0,-0.5
120.0,Train11,巡航フェーズ（駅間走行中）,力行（加速）中,26.0,惰行,16.0,70.0,70.0,66.83,70.0,1221.5,60.0,232.6,0.0,0.0,この先制限速度なし,231m先に上り勾配12.5‰あり,先行列車なし,後続列車なし,0.0,0.0,,0.0,70.0,0.0,-0.5
182.0,Train11,巡航フェーズ（駅間走行中）,惰行中,7.0,力行（加速）,6.0,70.0,70.0,67.2,70.0,933.2,0.0,201.7,3.0,12.5,この先制限速度なし,143m先で上り勾配12.5‰が終わり平坦になる,先行列車なし,後続列車なし,0.0,0.0,,0.0,70.0,0.0,-0.5
170.0,Train11,巡航フェーズ（駅間走行中）,力行（加速）中,19.0,惰行,6.0,70.0,70.0,62.68,70.0,1247.7,10.0,205.1,0.0,0.0,この先制限速度なし,257m先に上り勾配12.5‰あり,先行列車なし,後続列車なし,0.0,0.0,,0.0,70.0,0.0,-0.5
160.0,Train11,巡航フェーズ（駅間走行中）,惰行中,20.0,力行（加速）,17.0,70.0,70.0,62.24,70.0,1002.6,20.0,202.3,0.0,0.0,この先制限速度なし,12m先に上り勾配12.5‰あり,先行列車なし,後続列車なし,0.0,0.0,,0.0,70.0,0.0,-0.5
118.0,Train11,巡航フェーズ（駅間走行中）,力行（加速）中,20.0,惰行,10.0,70.0,70.0,66.33,70.0,1305.1,62.0,229.1,0.0,0.0,この先制限速度なし,315m先に上り勾配12.5‰あり,先行列車なし,後続列車なし,0.0,0.0,,0.0,70.0,0.0,-0.5
120.0,Train11,巡航フェーズ（駅間走行中）,力行（加速）中,16.0,惰行,5.0,70.0,70.0,66.18,70.0,1439.9,60.0,228.2,0.0,0.0,この先制限速度なし,449m先に上り勾配12.5‰あり,先行列車なし,後続列車なし,0.0,0.0,,0.0,70.0,0.0,-0.5
211.0,Train11,巡航フェーズ（駅間走行中）,力行（加速）中,1.0,惰行,2.0,70.0,70.0,67.6,70.0,656.1,0.0,237.8,32.0,0.0,この先制限速度なし,66m先に上り勾配6.1‰あり,先行列車なし,後続列車なし,0.0,0.0,,0.0,70.0,0.0,-0.5
160.0,Train11,巡航フェーズ（駅間走行中）,惰行中,11.0,力行（加速）,26.0,70.0,70.0,66.06,70.0,1058.8,20.0,227.3,0.0,0.0,この先制限速度なし,68m先に上り勾配12.5‰あり,先行列車なし,後続列車なし,0.0,0.0,,0.0,70.0,0.0,-0.5
152.0,Train11,巡航フェーズ（駅間走行中）,惰行中,4.0,力行（加速）,10.0,70.0,70.0,64.21,70.0,645.0,28.0,215.0,0.0,0.0,この先制限速度なし,55m先に上り勾配6.1‰あり,先行列車なし,後続列車なし,0.0,0.0,,0.0,70.0,0.0,-0.5
167.0,Train11,巡航フェーズ（駅間走行中）,力行（加速）中,18.0,惰行,18.0,70.0,70.0,67.67,70.0,606.3,13.0,238.3,0.0,0.0,この先制限速度なし,16m先に上り勾配6.1‰あり,先行列車なし,後続列車なし,0.0,0.0,,0.0,70.0,0.0,-0.5
221.0,Train11,巡航フェーズ（駅間走行中）,惰行中,5.0,力行（加速）,6.0,70.0,70.0,67.88,70.0,464.9,0.0,221.8,42.0,6.1,この先制限速度なし,274m先に上り勾配9.2‰あり,先行列車なし,後続列車なし,0.0,0.0,,0.0,70.0,0.0,-0.5
150.0,Train11,巡航フェーズ（駅間走行中）,力行（加速）中,4.0,惰行,6.0,70.0,70.0,63.14,70.0,982.2,30.0,178.5,0.0,12.5,この先制限速度なし,192m先で上り勾配12.5‰が終わり平坦になる,先行列車なし,後続列車なし,0.0,0.0,,0.0,70.0,0.0,-0.5
147.0,Train11,巡航フェーズ（駅間走行中）,力行（加速）中,8.0,惰行,18.0,70.0,70.0,62.79,70.0,768.1,33.0,205.8,0.0,0.0,この先制限速度なし,178m先に上り勾配6.1‰あり,先行列車なし,後続列車なし,0.0,0.0,,0.0,70.0,0.0,-0.5
199.0,Train11,巡航フェーズ（駅間走行中）,力行（加速）中,11.0,惰行,14.0,70.0,70.0,65.99,70.0,825.3,0.0,194.6,20.0,12.5,この先制限速度なし,35m先で上り勾配12.5‰が終わり平坦になる,先行列車なし,後続列車なし,0.0,0.0,,0.0,70.0,0.0,-0.5
173.0,Train11,巡航フェーズ（駅間走行中）,惰行中,4.0,力行（加速）,23.0,70.0,70.0,67.43,70.0,565.3,7.0,219.0,0.0,6.1,この先制限速度なし,375m先に上り勾配9.2‰あり,先行列車なし,後続列車なし,0.0,0.0,,0.0,70.0,0.0,-0.5
187.0,Train11,巡航フェーズ（駅間走行中）,惰行中,3.0,力行（加速）,17.0,70.0,70.0,67.25,70.0,520.5,0.0,217.8,8.0,6.1,この先制限速度なし,330m先に上り勾配9.2‰あり,先行列車なし,後続列車なし,0.0,0.0,,0.0,70.0,0.0,-0.5
178.0,Train11,巡航フェーズ（駅間走行中）,惰行中,5.0,力行（加速）,15.0,70.0,70.0,67.24,70.0,1040.1,2.0,235.3,0.0,0.0,この先制限速度なし,50m先に上り勾配12.5‰あり,先行列車なし,後続列車なし,0.0,0.0,,0.0,70.0,0.0,-0.5
163.0,Train11,巡航フェーズ（駅間走行中）,惰行中,2.0,力行（加速）,23.0,70.0,70.0,67.9,70.0,1268.3,17.0,239.9,0.0,0.0,この先制限速度なし,278m先に上り勾配12.5‰あり,先行列車なし,後続列車なし,0.0,0.0,,0.0,70.0,0.0,-0.5
147.0,Train11,巡航フェーズ（駅間走行中）,惰行中,16.0,力行（加速）,20.0,70.0,70.0,63.87,70.0,961.1,33.0,182.6,0.0,12.5,この先制限速度なし,171m先で上り勾配12.5‰が終わり平坦になる,先行列車なし,後続列車なし,0.0,0.0,,0.0,70.0,0.0,-0.5
158.0,Train11,巡航フェーズ（駅間走行中）,惰行中,10.0,力行（加速）,10.0,70.0,70.0,62.25,70.0,539.4,22.0,187.2,0.0,6.1,この先制限速度なし,349m先に上り勾配9.2‰あり,先行列車なし,後続列車なし,0.0,0.0,,0.0,70.0,0.0,-0.5
156.0,Train11,巡航フェーズ（駅間走行中）,惰行中,7.0,力行（加速）,17.0,70.0,70.0,66.02,70.0,1322.2,24.0,227.1,0.0,0.0,この先制限速度なし,332m先に上り勾配12.5‰あり,先行列車なし,後続列車なし,0.0,0.0,,0.0,70.0,0.0,-0.5
139.0,Train11,巡航フェーズ（駅間走行中）,力行（加速）中,1.0,惰行,15.0,70.0,70.0,64.55,70.0,1089.2,41.0,217.3,0.0,0.0,この先制限速度なし,99m先に上り勾配12.5‰あり,先行列車なし,後続列車なし,0.0,0.0,,0.0,70.0,0.0,-0.5
177.0,Train11,巡航フェーズ（駅間走行中）,力行（加速）中,2.0,惰行,6.0,70.0,70.0,61.14,70.0,710.1,3.0,195.4,0.0,0.0,この先制限速度なし,120m先に上り勾配6.1‰あり,先行列車なし,後続列車なし,0.0,0.0,,0.0,70.0,0.0,-0.5
164.0,Train11,巡航フェーズ（駅間走行中）,惰行中,12.0,力行（加速）,20.0,70.0,70.0,64.4,70.0,933.3,16.0,185.6,0.0,12.5,この先制限速度なし,143m先で上り勾配12.5‰が終わり平坦になる,先行列車なし,後続列車なし,0.0,0.0,,0.0,70.0,0.0,-0.5
178.0,Train11,巡航フェーズ（駅間走行中）,惰行中,4.0,力行（加速）,15.0,70.0,70.0,66.77,70.0,502.3,2.0,214.8,0.0,6.1,この先制限速度なし,312m先に上り勾配9.2‰あり,先行列車なし,後続列車なし,0.0,0.0,,0.0,70.0,0.0,-0.5
229.0,Train11,巡航フェーズ（駅間走行中）,力行（加速）中,2.0,惰行,18.0,70.0,70.0,62.42,70.0,503.8,0.0,188.3,50.0,6.1,この先制限速度なし,313m先に上り勾配9.2‰あり,先行列車なし,後続列車なし,0.0,0.0,,0.0,70.0,0.0,-0.5
208.0,Train11,巡航フェーズ（駅間走行中）,惰行中,7.0,力行（加速）,12.0,70.0,70.0,65.01,70.0,462.6,0.0,203.8,29.0,6.1,この先制限速度なし,272m先に上り勾配9.2‰あり,先行列車なし,後続列車なし,0.0,0.0,,0.0,70.0,0.0,-0.5
160.0,Train11,巡航フェーズ（駅間走行中）,力行（加速）中,8.0,惰行,9.0,70.0,70.0,65.63,70.0,1055.0,20.0,224.4,0.0,0.0,この先制限速度なし,65m先に上り勾配12.5‰あり,先行列車なし,後続列車なし,0.0,0.0,,0.0,70.0,0.0,-0.5
158.0,Train11,巡航フェーズ（駅間走行中）,惰行中,9.0,力行（加速）,26.0,70.0,70.0,66.53,70.0,1095.6,22.0,230.5,0.0,0.0,この先制限速度なし,105m先に上り勾配12.5‰あり,先行列車なし,後続列車なし,0.0,0.0,,0.0,70.0,0.0,-0.5
205.0,Train11,巡航フェーズ（駅間走行中）,惰行中,11.0,力行（加速）,21.0,70.0,70.0,62.05,70.0,831.7,0.0,172.5,26.0,12.5,この先制限速度なし,41m先で上り勾配12.5‰が終わり平坦になる,先行列車なし,後続列車なし,0.0,0.0,,0.0,70.0,0.0,-0.5
157.0,Train11,巡航フェーズ（駅間走行中）,惰行中,8.0,力行（加速）,17.0,70.0,70.0,65.79,70.0,1303.9,23.0,225.5,0.0,0.0,この先制限速度なし,313m先に上り勾配12.5‰あり,先行列車なし,後続列車なし,0.0,0.0,,0.0,70.0,0.0,-0.5
170.0,Train11,巡航フェーズ（駅間走行中）,惰行中,1.0,力行（加速）,23.0,70.0,70.0,68.43,70.0,622.0,10.0,243.5,0.0,0.0,この先制限速度なし,31m先に上り勾配6.1‰あり,先行列車なし,後続列車なし,0.0,0.0,,0.0,70.0,0.0,-0.5
128.0,Train11,巡航フェーズ（駅間走行中）,惰行中,1.0,力行（加速）,19.0,70.0,70.0,68.02,70.0,1299.6,52.0,240.7,0.0,0.0,この先制限速度なし,309m先に上り勾配12.5‰あり,先行列車なし,後続列車なし,0.0,0.0,,0.0,70.0,0.0,-0.5
129.0,Train11,巡航フェーズ（駅間走行中）,力行（加速）中,17.0,惰行,9.0,70.0,70.0,64.96,70.0,1367.4,51.0,220.0,0.0,0.0,この先制限速度なし,377m先に上り勾配12.5‰あり,先行列車なし,後続列車なし,0.0,0.0,,0.0,70.0,0.0,-0.5
169.0,Train11,巡航フェーズ（駅間走行中）,惰行中,10.0,力行（加速）,18.0,70.0,70.0,64.75,70.0,473.3,11.0,202.3,0.0,6.1,この先制限速度なし,283m先に上り勾配9.2‰あり,先行列車なし,後続列車なし,0.0,0.0,,0.0,70.0,0.0,-0.5
188.0,Train11,巡航フェーズ（駅間走行中）,力行（加速）中,11.0,惰行,8.0,70.0,70.0,63.66,70.0,755.7,0.0,211.5,9.0,0.0,この先制限速度なし,165m先に上り勾配6.1‰あり,先行列車なし,後続列車なし,0.0,0.0,,0.0,70.0,0.0,-0.5
209.0,Train11,巡航フェーズ（駅間走行中）,力行（加速）中,3.0,惰行,1.0,70.0,70.0,68.36,70.0,864.9,0.0,208.6,30.0,12.5,この先制限速度なし,74m先で上り勾配12.5‰が終わり平坦になる,先行列車なし,後続列車なし,0.0,0.0,,0.0,70.0,0.0,-0.5
203.0,Train11,巡航フェーズ（駅間走行中）,惰行中,2.0,力行（加速）,12.0,70.0,70.0,67.25,70.0,554.5,0.0,217.8,24.0,6.1,この先制限速度なし,364m先に上り勾配9.2‰あり,先行列車なし,後続列車なし,0.0,0.0,,0.0,70.0,0.0,-0.5
188.0,Train11,巡航フェーズ（駅間走行中）,力行（加速）中,5.0,惰行,11.0,70.0,70.0,66.85,70.0,1029.6,0.0,232.6,9.0,0.0,この先制限速度なし,39m先に上り勾配12.5‰あり,先行列車なし,後続列車なし,0.0,0.0,,0.0,70.0,0.0,-0.5
141.0,Train11,巡航フェーズ（駅間走行中）,力行（加速）中,5.0,惰行,13.0,70.0,70.0,64.43,70.0,779.9,39.0,216.5,0.0,0.0,この先制限速度なし,189m先に上り勾配6.1‰あり,先行列車なし,後続列車なし,0.0,0.0,,0.0,70.0,0.0,-0.5
176.0,Train11,巡航フェーズ（駅間走行中）,力行（加速）中,13.0,惰行,14.0,70.0,70.0,66.21,70.0,767.9,4.0,228.3,0.0,0.0,この先制限速度なし,177m先に上り勾配6.1‰あり,先行列車なし,後続列車なし,0.0,0.0,,0.0,70.0,0.0,-0.5
193.0,Train11,巡航フェーズ（駅間走行中）,惰行中,4.0,力行（加速）,16.0,70.0,70.0,67.32,70.0,710.0,0.0,235.9,14.0,0.0,この先制限速度なし,120m先に上り勾配6.1‰あり,先行列車なし,後続列車なし,0.0,0.0,,0.0,70.0,0.0,-0.5
149.0,Train11,巡航フェーズ（駅間走行中）,力行（加速）中,14.0,惰行,14.0,70.0,70.0,66.52,70.0,736.9,31.0,230.4,0.0,0.0,この先制限速度なし,146m先に上り勾配6.1‰あり,先行列車なし,後続列車なし,0.0,0.0,,0.0,70.0,0.0,-0.5
213.0,Train11,巡航フェーズ（駅間走行中）,惰行中,10.0,力行（加速）,11.0,70.0,70.0,62.75,70.0,474.5,0.0,190.2,34.0,6.1,この先制限速度なし,284m先に上り勾配9.2‰あり,先行列車なし,後続列車なし,0.0,0.0,,0.0,70.0,0.0,-0.5
143.0,Train11,巡航フェーズ（駅間走行中）,惰行中,3.0,力行（加速）,17.0,70.0,70.0,66.06,70.0,1305.4,37.0,227.3,0.0,0.0,この先制限速度なし,315m先に上り勾配12.5‰あり,先行列車なし,後続列車なし,0.0,0.0,,0.0,70.0,0.0,-0.5
150.0,Train11,巡航フェーズ（駅間走行中）,力行（加速）中,9.0,惰行,11.0,70.0,70.0,64.2,70.0,823.1,30.0,184.4,0.0,12.5,この先制限速度なし,33m先で上り勾配12.5‰が終わり平坦になる,先行列車なし,後続列車なし,0.0,0.0,,0.0,70.0,0.0,-0.5
184.0,Train11,巡航フェーズ（駅間走行中）,力行（加速）中,11.0,惰行,12.0,70.0,70.0,67.39,70.0,878.9,0.0,202.8,5.0,12.5,この先制限速度なし,88m先で上り勾配12.5‰が終わり平坦になる,先行列車なし,後続列車なし,0.0,0.0,,0.0,70.0,0.0,-0.5
148.0,Train11,巡航フェーズ（駅間走行中）,力行（加速）中,16.0,惰行,3.0,70.0,70.0,66.5,70.0,1470.7,32.0,230.3,0.0,0.0,この先制限速度なし,480m先に上り勾配12.5‰あり,先行列車なし,後続列車なし,0.0,0.0,,0.0,70.0,0.0,-0.5
165.0,Train11,巡航フェーズ（駅間走行中）,惰行中,11.0,力行（加速）,27.0,70.0,70.0,65.86,70.0,982.4,15.0,193.9,0.0,12.5,この先制限速度なし,192m先で上り勾配12.5‰が終わり平坦になる,先行列車なし,後続列車なし,0.0,0.0,,0.0,70.0,0.0,-0.5
155.0,Train11,巡航フェーズ（駅間走行中）,力行（加速）中,16.0,惰行,18.0,70.0,70.0,66.82,70.0,624.0,25.0,232.5,0.0,0.0,この先制限速度なし,33m先に上り勾配6.1‰あり,先行列車なし,後続列車なし,0.0,0.0,,0.0,70.0,0.0,-0.5
162.0,Train11,巡航フェーズ（駅間走行中）,力行（加速）中,4.0,惰行,6.0,70.0,70.0,62.24,70.0,1333.1,18.0,202.3,0.0,0.0,この先制限速度なし,343m先に上り勾配12.5‰あり,先行列車なし,後続列車なし,0.0,0.0,,0.0,70.0,0.0,-0.5
186.0,Train11,巡航フェーズ（駅間走行中）,惰行中,11.0,力行（加速）,6.0,70.0,70.0,64.51,70.0,860.0,0.0,186.2,7.0,12.5,この先制限速度なし,70m先で上り勾配12.5‰が終わり平坦になる,先行列車なし,後続列車なし,0.0,0.0,,0.0,70.0,0.0,-0.5
176.0,Train11,巡航フェーズ（駅間走行中）,力行（加速）中,12.0,惰行,7.0,70.0,70.0,67.39,70.0,1083.6,4.0,236.3,0.0,0.0,この先制限速度なし,93m先に上り勾配12.5‰あり,先行列車なし,後続列車なし,0.0,0.0,,0.0,70.0,0.0,-0.5
205.0,Train11,巡航フェーズ（駅間走行中）,惰行中,4.0,力行（加速）,12.0,70.0,70.0,66.35,70.0,517.4,0.0,212.1,26.0,6.1,この先制限速度なし,327m先に上り勾配9.2‰あり,先行列車なし,後続列車なし,0.0,0.0,,0.0,70.0,0.0,-0.5
167.0,Train11,巡航フェーズ（駅間走行中）,力行（加速）中,19.0,惰行,21.0,70.0,70.0,67.54,70.0,599.7,13.0,237.4,0.0,0.0,この先制限速度なし,9m先に上り勾配6.1‰あり,先行列車なし,後続列車なし,0.0,0.0,,0.0,70.0,0.0,-0.5
203.0,Train11,巡航フェーズ（駅間走行中）,惰行中,3.0,力行（加速）,17.0,70.0,70.0,67.56,70.0,747.2,0.0,237.5,24.0,0.0,この先制限速度なし,157m先に上り勾配6.1‰あり,先行列車なし,後続列車なし,0.0,0.0,,0.0,70.0,0.0,-0.5
169.0,Train11,巡航フェーズ（駅間走行中）,惰行中,15.0,力行（加速）,27.0,70.0,70.0,63.19,70.0,910.7,11.0,178.8,0.0,12.5,この先制限速度なし,120m先で上り勾配12.5‰が終わり平坦になる,先行列車なし,後続列車なし,0.0,0.0,,0.0,70.0,0.0,-0.5
156.0,Train11,巡航フェーズ（駅間走行中）,力行（加速）中,15.0,惰行,11.0,70.0,70.0,66.39,70.0,714.8,24.0,229.5,0.0,0.0,この先制限速度なし,124m先に上り勾配6.1‰あり,先行列車なし,後続列車なし,0.0,0.0,,0.0,70.0,0.0,-0.5
168.0,Train11,巡航フェーズ（駅間走行中）,惰行中,1.0,力行（加速）,18.0,70.0,70.0,68.1,70.0,587.5,12.0,223.2,0.0,6.1,この先制限速度なし,397m先に上り勾配9.2‰あり,先行列車なし,後続列車なし,0.0,0.0,,0.0,70.0,0.0,-0.5
181.0,Train11,巡航フェーズ（駅間走行中）,惰行中,1.0,力行（加速）,29.0,70.0,70.0,68.1,70.0,1047.6,0.0,241.2,2.0,0.0,この先制限速度なし,57m先に上り勾配12.5‰あり,先行列車なし,後続列車なし,0.0,0.0,,0.0,70.0,0.0,-0.5
175.0,Train11,巡航フェーズ（駅間走行中）,惰行中,8.0,力行（加速）,19.0,70.0,70.0,64.75,70.0,452.0,5.0,202.3,0.0,6.1,この先制限速度なし,261m先に上り勾配9.2‰あり,先行列車なし,後続列車なし,0.0,0.0,,0.0,70.0,0.0,-0.5
175.0,Train11,巡航フェーズ（駅間走行中）,力行（加速）中,11.0,惰行,7.0,70.0,70.0,66.93,70.0,1102.3,5.0,233.2,0.0,0.0,この先制限速度なし,112m先に上り勾配12.5‰あり,先行列車なし,後続列車なし,0.0,0.0,,0.0,70.0,0.0,-0.5
159.0,Train11,巡航フェーズ（駅間走行中）,力行（加速）中,6.0,惰行,12.0,70.0,70.0,63.41,70.0,463.2,21.0,194.1,0.0,6.1,この先制限速度なし,273m先に上り勾配9.2‰あり,先行列車なし,後続列車なし,0.0,0.0,,0.0,70.0,0.0,-0.5
136.0,Train11,巡航フェーズ（駅間走行中）,力行（加速）中,1.0,惰行,14.0,70.0,70.0,64.46,70.0,971.7,44.0,185.9,0.0,12.5,この先制限速度なし,181m先で上り勾配12.5‰が終わり平坦になる,先行列車なし,後続列車なし,0.0,0.0,,0.0,70.0,0.0,-0.5
105.0,Train11,巡航フェーズ（駅間走行中）,力行（加速）中,2.0,惰行,3.0,70.0,70.0,61.27,70.0,1452.3,75.0,196.2,0.0,0.0,この先制限速度なし,462m先に上り勾配12.5‰あり,先行列車なし,後続列車なし,0.0,0.0,,0.0,70.0,0.0,-0.5
181.0,Train11,巡航フェーズ（駅間走行中）,力行（加速）中,11.0,惰行,16.0,70.0,70.0,65.05,70.0,701.1,0.0,220.6,2.0,0.0,この先制限速度なし,111m先に上り勾配6.1‰あり,先行列車なし,後続列車なし,0.0,0.0,,0.0,70.0,0.0,-0.5
144.0,Train11,巡航フェーズ（駅間走行中）,惰行中,4.0,力行（加速）,20.0,70.0,70.0,67.62,70.0,1274.6,36.0,237.9,0.0,0.0,この先制限速度なし,284m先に上り勾配12.5‰あり,先行列車なし,後続列車なし,0.0,0.0,,0.0,70.0,0.0,-0.5
213.0,Train11,巡航フェーズ（駅間走行中）,惰行中,13.0,力行（加速）,17.0,70.0,70.0,64.91,70.0,562.8,0.0,203.3,34.0,6.1,この先制限速度なし,372m先に上り勾配9.2‰あり,先行列車なし,後続列車なし,0.0,0.0,,0.0,70.0,0.0,-0.5
163.0,Train11,巡航フェーズ（駅間走行中）,惰行中,4.0,力行（加速）,18.0,70.0,70.0,67.44,70.0,583.4,17.0,219.0,0.0,6.1,この先制限速度なし,393m先に上り勾配9.2‰あり,先行列車なし,後続列車なし,0.0,0.0,,0.0,70.0,0.0,-0.5
160.0,Train11,巡航フェーズ（駅間走行中）,惰行中,20.0,力行（加速）,20.0,70.0,70.0,63.74,70.0,982.4,20.0,181.8,0.0,12.5,この先制限速度なし,192m先で上り勾配12.5‰が終わり平坦になる,先行列車なし,後続列車なし,0.0,0.0,,0.0,70.0,0.0,-0.5
164.0,Train11,巡航フェーズ（駅間走行中）,力行（加速）中,5.0,惰行,10.0,70.0,70.0,63.14,70.0,759.8,16.0,208.1,0.0,0.0,この先制限速度なし,169m先に上り勾配6.1‰あり,先行列車なし,後続列車なし,0.0,0.0,,0.0,70.0,0.0,-0.5
158.0,Train11,巡航フェーズ（駅間走行中）,力行（加速）中,9.0,惰行,18.0,70.0,70.0,63.24,70.0,770.1,22.0,208.8,0.0,0.0,この先制限速度なし,180m先に上り勾配6.1‰あり,先行列車なし,後続列車なし,0.0,0.0,,0.0,70.0,0.0,-0.5
111.0,Train11,巡航フェーズ（駅間走行中）,力行（加速）中,7.0,惰行,5.0,70.0,70.0,61.49,70.0,1599.7,69.0,197.6,0.0,0.0,この先制限速度なし,この先目立った勾配なし,先行列車なし,後続列車なし,0.0,0.0,,0.0,70.0,0.0,-0.5
124.0,Train11,巡航フェーズ（駅間走行中）,惰行中,1.0,力行（加速）,19.0,70.0,70.0,68.04,70.0,1365.3,56.0,240.8,0.0,0.0,この先制限速度なし,375m先に上り勾配12.5‰あり,先行列車なし,後続列車なし,0.0,0.0,,0.0,70.0,0.0,-0.5
123.0,Train11,巡航フェーズ（駅間走行中）,力行（加速）中,22.0,惰行,15.0,70.0,70.0,62.65,70.0,1308.7,57.0,204.9,0.0,0.0,この先制限速度なし,318m先に上り勾配12.5‰あり,先行列車なし,後続列車なし,0.0,0.0,,0.0,70.0,0.0,-0.5
154.0,Train11,巡航フェーズ（駅間走行中）,力行（加速）中,5.0,惰行,18.0,70.0,70.0,62.33,70.0,839.7,26.0,174.1,0.0,12.5,この先制限速度なし,49m先で上り勾配12.5‰が終わり平坦になる,先行列車なし,後続列車なし,0.0,0.0,,0.0,70.0,0.0,-0.5
204.0,Train11,巡航フェーズ（駅間走行中）,惰行中,15.0,力行（加速）,16.0,70.0,70.0,63.81,70.0,508.8,0.0,196.6,25.0,6.1,この先制限速度なし,318m先に上り勾配9.2‰あり,先行列車なし,後続列車なし,0.0,0.0,,0.0,70.0,0.0,-0.5
112.0,Train11,巡航フェーズ（駅間走行中）,力行（加速）中,14.0,惰行,10.0,70.0,70.0,63.3,70.0,1413.1,68.0,209.1,0.0,0.0,この先制限速度なし,423m先に上り勾配12.5‰あり,先行列車なし,後続列車なし,0.0,0.0,,0.0,70.0,0.0,-0.5
154.0,Train11,巡航フェーズ（駅間走行中）,力行（加速）中,8.0,惰行,6.0,70.0,70.0,63.5,70.0,911.9,26.0,180.5,0.0,12.5,この先制限速度なし,121m先で上り勾配12.5‰が終わり平坦になる,先行列車なし,後続列車なし,0.0,0.0,,0.0,70.0,0.0,-0.5
195.0,Train11,巡航フェーズ（駅間走行中）,力行（加速）中,7.0,惰行,14.0,70.0,70.0,65.81,70.0,898.5,0.0,193.6,16.0,12.5,この先制限速度なし,108m先で上り勾配12.5‰が終わり平坦になる,先行列車なし,後続列車なし,0.0,0.0,,0.0,70.0,0.0,-0.5
145.0,Train11,巡航フェーズ（駅間走行中）,惰行中,2.0,力行（加速）,18.0,70.0,70.0,63.73,70.0,1318.8,35.0,211.9,0.0,0.0,この先制限速度なし,328m先に上り勾配12.5‰あり,先行列車なし,後続列車なし,0.0,0.0,,0.0,70.0,0.0,-0.5
138.0,Train11,巡航フェーズ（駅間走行中）,力行（加速）中,3.0,惰行,17.0,70.0,70.0,62.08,70.0,854.2,42.0,172.7,0.0,12.5,この先制限速度なし,64m先で上り勾配12.5‰が終わり平坦になる,先行列車なし,後続列車なし,0.0,0.0,,0.0,70.0,0.0,-0.5
148.0,Train11,巡航フェーズ（駅間走行中）,力行（加速）中,10.0,惰行,6.0,70.0,70.0,61.06,70.0,1539.0,32.0,194.9,0.0,0.0,この先制限速度なし,この先目立った勾配なし,先行列車なし,後続列車なし,0.0,0.0,,0.0,70.0,0.0,-0.5
222.0,Train11,巡航フェーズ（駅間走行中）,惰行中,13.0,力行（加速）,3.0,70.0,70.0,64.27,70.0,626.6,0.0,215.4,43.0,0.0,この先制限速度なし,36m先に上り勾配6.1‰あり,先行列車なし,後続列車なし,0.0,0.0,,0.0,70.0,0.0,-0.5
155.0,Train11,巡航フェーズ（駅間走行中）,惰行中,7.0,力行（加速）,10.0,70.0,70.0,63.53,70.0,591.8,25.0,210.7,0.0,0.0,この先制限速度なし,1m先に上り勾配6.1‰あり,先行列車なし,後続列車なし,0.0,0.0,,0.0,70.0,0.0,-0.5
120.0,Train11,巡航フェーズ（駅間走行中）,力行（加速）中,9.0,惰行,2.0,70.0,70.0,62.1,70.0,1454.6,60.0,201.4,0.0,0.0,この先制限速度なし,464m先に上り勾配12.5‰あり,先行列車なし,後続列車なし,0.0,0.0,,0.0,70.0,0.0,-0.5
139.0,Train11,巡航フェーズ（駅間走行中）,惰行中,4.0,力行（加速）,23.0,70.0,70.0,67.55,70.0,1181.2,41.0,237.4,0.0,0.0,この先制限速度なし,191m先に上り勾配12.5‰あり,先行列車なし,後続列車なし,0.0,0.0,,0.0,70.0,0.0,-0.5
161.0,Train11,巡航フェーズ（駅間走行中）,力行（加速）中,1.0,惰行,20.0,70.0,70.0,61.9,70.0,985.4,19.0,171.7,0.0,12.5,この先制限速度なし,195m先で上り勾配12.5‰が終わり平坦になる,先行列車なし,後続列車なし,0.0,0.0,,0.0,70.0,0.0,-0.5
137.0,Train11,巡航フェーズ（駅間走行中）,力行（加速）中,14.0,惰行,9.0,70.0,70.0,64.56,70.0,1415.1,43.0,217.4,0.0,0.0,この先制限速度なし,425m先に上り勾配12.5‰あり,先行列車なし,後続列車なし,0.0,0.0,,0.0,70.0,0.0,-0.5
169.0,Train11,巡航フェーズ（駅間走行中）,力行（加速）中,18.0,惰行,6.0,70.0,70.0,62.13,70.0,1265.0,11.0,201.7,0.0,0.0,この先制限速度なし,274m先に上り勾配12.5‰あり,先行列車なし,後続列車なし,0.0,0.0,,0.0,70.0,0.0,-0.5
135.0,Train11,巡航フェーズ（駅間走行中）,惰行中,13.0,力行（加速）,28.0,70.0,70.0,64.25,70.0,943.0,45.0,184.7,0.0,12.5,この先制限速度なし,153m先で上り勾配12.5‰が終わり平坦になる,先行列車なし,後続列車なし,0.0,0.0,,0.0,70.0,0.0,-0.5
102.0,Train11,巡航フェーズ（駅間走行中）,力行（加速）中,9.0,惰行,9.0,70.0,70.0,61.9,70.0,1503.0,78.0,200.2,0.0,0.0,この先制限速度なし,この先目立った勾配なし,先行列車なし,後続列車なし,0.0,0.0,,0.0,70.0,0.0,-0.5
158.0,Train11,巡航フェーズ（駅間走行中）,惰行中,18.0,力行（加速）,20.0,70.0,70.0,64.38,70.0,1018.0,22.0,216.2,0.0,0.0,この先制限速度なし,27m先に上り勾配12.5‰あり,先行列車なし,後続列車なし,0.0,0.0,,0.0,70.0,0.0,-0.5
178.0,Train11,巡航フェーズ（駅間走行中）,惰行中,6.0,力行（加速）,19.0,70.0,70.0,66.28,70.0,1212.2,2.0,228.8,0.0,0.0,この先制限速度なし,222m先に上り勾配12.5‰あり,先行列車なし,後続列車なし,0.0,0.0,,0.0,70.0,0.0,-0.5
172.0,Train11,巡航フェーズ（駅間走行中）,惰行中,4.0,力行（加速）,13.0,70.0,70.0,62.67,70.0,1367.1,8.0,205.1,0.0,0.0,この先制限速度なし,377m先に上り勾配12.5‰あり,先行列車なし,後続列車なし,0.0,0.0,,0.0,70.0,0.0,-0.5
180.0,Train11,巡航フェーズ（駅間走行中）,惰行中,7.0,力行（加速）,15.0,70.0,70.0,66.77,70.0,1002.9,0.0,232.1,1.0,0.0,この先制限速度なし,12m先に上り勾配12.5‰あり,先行列車なし,後続列車なし,0.0,0.0,,0.0,70.0,0.0,-0.5
197.0,Train11,巡航フェーズ（駅間走行中）,力行（加速）中,34.0,惰行,17.0,70.0,70.0,67.97,70.0,1093.5,0.0,240.4,18.0,0.0,この先制限速度なし,103m先に上り勾配12.5‰あり,先行列車なし,後続列車なし,0.0,0.0,,0.0,70.0,0.0,-0.5
198.0,Train11,巡航フェーズ（駅間走行中）,力行（加速）中,3.0,惰行,7.0,70.0,70.0,65.35,70.0,895.9,0.0,191.0,19.0,12.5,この先制限速度なし,105m先で上り勾配12.5‰が終わり平坦になる,先行列車なし,後続列車なし,0.0,0.0,,0.0,70.0,0.0,-0.5
204.0,Train11,巡航フェーズ（駅間走行中）,惰行中,4.0,力行（加速）,17.0,70.0,70.0,67.33,70.0,728.5,0.0,235.9,25.0,0.0,この先制限速度なし,138m先に上り勾配6.1‰あり,先行列車なし,後続列車なし,0.0,0.0,,0.0,70.0,0.0,-0.5
206.0,Train11,巡航フェーズ（駅間走行中）,惰行中,6.0,力行（加速）,17.0,70.0,70.0,66.86,70.0,691.2,0.0,232.7,27.0,0.0,この先制限速度なし,101m先に上り勾配6.1‰あり,先行列車なし,後続列車なし,0.0,0.0,,0.0,70.0,0.0,-0.5
182.0,Train11,巡航フェーズ（駅間走行中）,惰行中,7.0,力行（加速）,23.0,70.0,70.0,66.87,70.0,643.5,0.0,232.8,3.0,0.0,この先制限速度なし,53m先に上り勾配6.1‰あり,先行列車なし,後続列車なし,0.0,0.0,,0.0,70.0,0.0,-0.5
191.0,Train11,巡航フェーズ（駅間走行中）,惰行中,12.0,力行（加速）,16.0,70.0,70.0,64.32,70.0,490.2,0.0,199.6,12.0,6.1,この先制限速度なし,300m先に上り勾配9.2‰あり,先行列車なし,後続列車なし,0.0,0.0,,0.0,70.0,0.0,-0.5
173.0,Train11,巡航フェーズ（駅間走行中）,力行（加速）中,4.0,惰行,13.0,70.0,70.0,65.17,70.0,460.3,7.0,204.9,0.0,6.1,この先制限速度なし,270m先に上り勾配9.2‰あり,先行列車なし,後続列車なし,0.0,0.0,,0.0,70.0,0.0,-0.5
132.0,Train11,巡航フェーズ（駅間走行中）,惰行中,2.0,力行（加速）,29.0,70.0,70.0,66.46,70.0,1146.4,48.0,230.0,0.0,0.0,この先制限速度なし,156m先に上り勾配12.5‰あり,先行列車なし,後続列車なし,0.0,0.0,,0.0,70.0,0.0,-0.5
196.0,Train11,巡航フェーズ（駅間走行中）,惰行中,2.0,力行（加速）,21.0,70.0,70.0,67.97,70.0,994.3,0.0,240.3,17.0,0.0,この先制限速度なし,4m先に上り勾配12.5‰あり,先行列車なし,後続列車なし,0.0,0.0,,0.0,70.0,0.0,-0.5
174.0,Train11,巡航フェーズ（駅間走行中）,力行（加速）中,4.0,惰行,16.0,70.0,70.0,62.21,70.0,824.3,6.0,173.4,0.0,12.5,この先制限速度なし,34m先で上り勾配12.5‰が終わり平坦になる,先行列車なし,後続列車なし,0.0,0.0,,0.0,70.0,0.0,-0.5
134.0,Train11,巡航フェーズ（駅間走行中）,力行（加速）中,11.0,惰行,9.0,70.0,70.0,62.99,70.0,1468.3,46.0,207.2,0.0,0.0,この先制限速度なし,478m先に上り勾配12.5‰あり,先行列車なし,後続列車なし,0.0,0.0,,0.0,70.0,0.0,-0.5
211.0,Train11,巡航フェーズ（駅間走行中）,惰行中,11.0,力行（加速）,17.0,70.0,70.0,65.69,70.0,599.1,0.0,224.9,32.0,0.0,この先制限速度なし,9m先に上り勾配6.1‰あり,先行列車なし,後続列車なし,0.0,0.0,,0.0,70.0,0.0,-0.5
147.0,Train11,巡航フェーズ（駅間走行中）,惰行中,7.0,力行（加速）,17.0,70.0,70.0,65.14,70.0,1232.6,33.0,221.2,0.0,0.0,この先制限速度なし,242m先に上り勾配12.5‰あり,先行列車なし,後続列車なし,0.0,0.0,,0.0,70.0,0.0,-0.5
185.0,Train11,巡航フェーズ（駅間走行中）,惰行中,11.0,力行（加速）,21.0,70.0,70.0,66.0,70.0,1080.7,0.0,226.9,6.0,0.0,この先制限速度なし,90m先に上り勾配12.5‰あり,先行列車なし,後続列車なし,0.0,0.0,,0.0,70.0,0.0,-0.5
155.0,Train11,巡航フェーズ（駅間走行中）,力行（加速）中,17.0,惰行,15.0,70.0,70.0,67.39,70.0,792.2,25.0,202.8,0.0,12.5,この先制限速度なし,2m先で上り勾配12.5‰が終わり平坦になる,先行列車なし,後続列車なし,0.0,0.0,,0.0,70.0,0.0,-0.5
188.0,Train11,巡航フェーズ（駅間走行中）,力行（加速）中,15.0,惰行,6.0,70.0,70.0,64.89,70.0,1142.7,0.0,219.5,9.0,0.0,この先制限速度なし,152m先に上り勾配12.5‰あり,先行列車なし,後続列車なし,0.0,0.0,,0.0,70.0,0.0,-0.5
148.0,Train11,巡航フェーズ（駅間走行中）,惰行中,8.0,力行（加速）,17.0,70.0,70.0,64.91,70.0,1214.5,32.0,219.7,0.0,0.0,この先制限速度なし,224m先に上り勾配12.5‰あり,先行列車なし,後続列車なし,0.0,0.0,,0.0,70.0,0.0,-0.5
131.0,Train11,巡航フェーズ（駅間走行中）,惰行中,8.0,力行（加速）,19.0,70.0,70.0,66.38,70.0,1234.6,49.0,229.5,0.0,0.0,この先制限速度なし,244m先に上り勾配12.5‰あり,先行列車なし,後続列車なし,0.0,0.0,,0.0,70.0,0.0,-0.5
129.0,Train11,巡航フェーズ（駅間走行中）,力行（加速）中,18.0,惰行,2.0,70.0,70.0,66.7,70.0,1293.4,51.0,231.6,0.0,0.0,この先制限速度なし,303m先に上り勾配12.5‰あり,先行列車なし,後続列車なし,0.0,0.0,,0.0,70.0,0.0,-0.5
141.0,Train11,巡航フェーズ（駅間走行中）,力行（加速）中,14.0,惰行,7.0,70.0,70.0,61.39,70.0,1422.0,39.0,197.0,0.0,0.0,この先制限速度なし,432m先に上り勾配12.5‰あり,先行列車なし,後続列車なし,0.0,0.0,,0.0,70.0,0.0,-0.5
171.0,Train11,巡航フェーズ（駅間走行中）,惰行中,2.0,力行（加速）,23.0,70.0,70.0,68.19,70.0,603.0,9.0,241.8,0.0,0.0,この先制限速度なし,12m先に上り勾配6.1‰あり,先行列車なし,後続列車なし,0.0,0.0,,0.0,70.0,0.0,-0.5
121.0,Train11,巡航フェーズ（駅間走行中）,力行（加速）中,23.0,惰行,10.0,70.0,70.0,67.72,70.0,1249.2,59.0,238.6,0.0,0.0,この先制限速度なし,259m先に上り勾配12.5‰あり,先行列車なし,後続列車なし,0.0,0.0,,0.0,70.0,0.0,-0.5
142.0,Train11,巡航フェーズ（駅間走行中）,力行（加速）中,4.0,惰行,16.0,70.0,70.0,61.96,70.0,821.6,38.0,172.0,0.0,12.5,この先制限速度なし,31m先で上り勾配12.5‰が終わり平坦になる,先行列車なし,後続列車なし,0.0,0.0,,0.0,70.0,0.0,-0.5
168.0,Train11,巡航フェーズ（駅間走行中）,力行（加速）中,6.0,惰行,22.0,70.0,70.0,62.32,70.0,843.9,12.0,174.0,0.0,12.5,この先制限速度なし,53m先で上り勾配12.5‰が終わり平坦になる,先行列車なし,後続列車なし,0.0,0.0,,0.0,70.0,0.0,-0.5
121.0,Train11,巡航フェーズ（駅間走行中）,力行（加速）中,13.0,惰行,8.0,70.0,70.0,64.68,70.0,1428.7,59.0,218.2,0.0,0.0,この先制限速度なし,438m先に上り勾配12.5‰あり,先行列車なし,後続列車なし,0.0,0.0,,0.0,70.0,0.0,-0.5
198.0,Train11,巡航フェーズ（駅間走行中）,惰行中,9.0,力行（加速）,16.0,70.0,70.0,66.15,70.0,617.3,0.0,227.9,19.0,0.0,この先制限速度なし,27m先に上り勾配6.1‰あり,先行列車なし,後続列車なし,0.0,0.0,,0.0,70.0,0.0,-0.5
162.0,Train11,巡航フェーズ（駅間走行中）,力行（加速）中,20.0,惰行,9.0,70.0,70.0,66.42,70.0,1312.6,18.0,229.8,0.0,0.0,この先制限速度なし,322m先に上り勾配12.5‰あり,先行列車なし,後続列車なし,0.0,0.0,,0.0,70.0,0.0,-0.5
144.0,Train11,巡航フェーズ（駅間走行中）,惰行中,17.0,力行（加速）,19.0,70.0,70.0,64.31,70.0,1005.6,36.0,215.7,0.0,0.0,この先制限速度なし,15m先に上り勾配12.5‰あり,先行列車なし,後続列車なし,0.0,0.0,,0.0,70.0,0.0,-0.5
185.0,Train11,巡航フェーズ（駅間走行中）,惰行中,10.0,力行（加速）,23.0,70.0,70.0,66.15,70.0,588.1,0.0,210.9,6.0,6.1,この先制限速度なし,398m先に上り勾配9.2‰あり,先行列車なし,後続列車なし,0.0,0.0,,0.0,70.0,0.0,-0.5
192.0,Train11,巡航フェーズ（駅間走行中）,力行（加速）中,19.0,惰行,6.0,70.0,70.0,66.84,70.0,1069.5,0.0,232.6,13.0,0.0,この先制限速度なし,79m先に上り勾配12.5‰あり,先行列車なし,後続列車なし,0.0,0.0,,0.0,70.0,0.0,-0.5
177.0,Train11,巡航フェーズ（駅間走行中）,惰行中,5.0,力行（加速）,19.0,70.0,70.0,66.52,70.0,1230.6,3.0,230.4,0.0,0.0,この先制限速度なし,240m先に上り勾配12.5‰あり,先行列車なし,後続列車なし,0.0,0.0,,0.0,70.0,0.0,-0.5
150.0,Train11,巡航フェーズ（駅間走行中）,力行（加速）中,12.0,惰行,6.0,70.0,70.0,62.18,70.0,1504.8,30.0,202.0,0.0,0.0,この先制限速度なし,この先目立った勾配なし,先行列車なし,後続列車なし,0.0,0.0,,0.0,70.0,0.0,-0.5
164.0,Train11,巡航フェーズ（駅間走行中）,惰行中,15.0,力行（加速）,17.0,70.0,70.0,64.2,70.0,1177.6,16.0,215.0,0.0,0.0,この先制限速度なし,187m先に上り勾配12.5‰あり,先行列車なし,後続列車なし,0.0,0.0,,0.0,70.0,0.0,-0.5
123.0,Train11,巡航フェーズ（駅間走行中）,力行（加速）中,11.0,惰行,9.0,70.0,70.0,61.78,70.0,1473.0,57.0,199.4,0.0,0.0,この先制限速度なし,483m先に上り勾配12.5‰あり,先行列車なし,後続列車なし,0.0,0.0,,0.0,70.0,0.0,-0.5
190.0,Train11,巡航フェーズ（駅間走行中）,惰行中,3.0,力行（加速）,17.0,70.0,70.0,67.23,70.0,533.8,0.0,217.7,11.0,6.1,この先制限速度なし,343m先に上り勾配9.2‰あり,先行列車なし,後続列車なし,0.0,0.0,,0.0,70.0,0.0,-0.5
206.0,Train11,巡航フェーズ（駅間走行中）,惰行中,2.0,力行（加速）,17.0,70.0,70.0,67.72,70.0,535.7,0.0,220.8,27.0,6.1,この先制限速度なし,345m先に上り勾配9.2‰あり,先行列車なし,後続列車なし,0.0,0.0,,0.0,70.0,0.0,-0.5
139.0,Train11,巡航フェーズ（駅間走行中）,惰行中,9.0,力行（加速）,29.0,70.0,70.0,64.85,70.0,1018.8,41.0,219.3,0.0,0.0,この先制限速度なし,28m先に上り勾配12.5‰あり,先行列車なし,後続列車なし,0.0,0.0,,0.0,70.0,0.0,-0.5
159.0,Train11,巡航フェーズ（駅間走行中）,惰行中,10.0,力行（加速）,17.0,70.0,70.0,65.33,70.0,1267.5,21.0,222.5,0.0,0.0,この先制限速度なし,277m先に上り勾配12.5‰あり,先行列車なし,後続列車なし,0.0,0.0,,0.0,70.0,0.0,-0.5
167.0,Train11,巡航フェーズ（駅間走行中）,惰行中,6.0,力行（加速）,23.0,70.0,70.0,66.96,70.0,1193.4,13.0,233.4,0.0,0.0,この先制限速度なし,203m先に上り勾配12.5‰あり,先行列車なし,後続列車なし,0.0,0.0,,0.0,70.0,0.0,-0.5
121.0,Train11,巡航フェーズ（駅間走行中）,力行（加速）中,4.0,惰行,3.0,70.0,70.0,68.98,70.0,1153.7,59.0,247.3,0.0,0.0,この先制限速度なし,163m先に上り勾配12.5‰あり,先行列車なし,後続列車なし,0.0,0.0,,0.0,70.0,0.0,-0.5
151.0,Train11,巡航フェーズ（駅間走行中）,惰行中,8.0,力行（加速）,18.0,70.0,70.0,62.41,70.0,1213.7,29.0,203.4,0.0,0.0,この先制限速度なし,223m先に上り勾配12.5‰あり,先行列車なし,後続列車なし,0.0,0.0,,0.0,70.0,0.0,-0.5
182.0,Train11,巡航フェーズ（駅間走行中）,力行（加速）中,6.0,惰行,6.0,70.0,70.0,64.0,70.0,601.6,0.0,213.7,3.0,0.0,この先制限速度なし,11m先に上り勾配6.1‰あり,先行列車なし,後続列車なし,0.0,0.0,,0.0,70.0,0.0,-0.5
135.0,Train11,巡航フェーズ（駅間走行中）,力行（加速）中,17.0,惰行,6.0,70.0,70.0,61.36,70.0,1280.8,45.0,196.8,0.0,0.0,この先制限速度なし,290m先に上り勾配12.5‰あり,先行列車なし,後続列車なし,0.0,0.0,,0.0,70.0,0.0,-0.5
155.0,Train11,巡航フェーズ（駅間走行中）,力行（加速）中,6.0,惰行,18.0,70.0,70.0,62.44,70.0,822.4,25.0,174.7,0.0,12.5,この先制限速度なし,32m先で上り勾配12.5‰が終わり平坦になる,先行列車なし,後続列車なし,0.0,0.0,,0.0,70.0,0.0,-0.5
196.0,Train11,巡航フェーズ（駅間走行中）,力行（加速）中,7.0,惰行,14.0,70.0,70.0,65.04,70.0,684.0,0.0,220.5,17.0,0.0,この先制限速度なし,94m先に上り勾配6.1‰あり,先行列車なし,後続列車なし,0.0,0.0,,0.0,70.0,0.0,-0.5
188.0,Train11,巡航フェーズ（駅間走行中）,力行（加速）中,25.0,惰行,17.0,70.0,70.0,63.6,70.0,1258.1,0.0,211.1,9.0,0.0,この先制限速度なし,268m先に上り勾配12.5‰あり,先行列車なし,後続列車なし,0.0,0.0,,0.0,70.0,0.0,-0.5
194.0,Train11,巡航フェーズ（駅間走行中）,惰行中,7.0,力行（加速）,17.0,70.0,70.0,65.43,70.0,460.1,0.0,206.5,15.0,6.1,この先制限速度なし,270m先に上り勾配9.2‰あり,先行列車なし,後続列車なし,0.0,0.0,,0.0,70.0,0.0,-0.5
219.0,Train11,巡航フェーズ（駅間走行中）,惰行中,19.0,力行（加速）,17.0,70.0,70.0,62.28,70.0,456.9,0.0,187.4,40.0,6.1,この先制限速度なし,266m先に上り勾配9.2‰あり,先行列車なし,後続列車なし,0.0,0.0,,0.0,70.0,0.0,-0.5
191.0,Train11,巡航フェーズ（駅間走行中）,力行（加速）中,3.0,惰行,14.0,70.0,70.0,65.62,70.0,971.5,0.0,192.5,12.0,12.5,この先制限速度なし,181m先で上り勾配12.5‰が終わり平坦になる,先行列車なし,後続列車なし,0.0,0.0,,0.0,70.0,0.0,-0.5
174.0,Train11,巡航フェーズ（駅間走行中）,惰行中,1.0,力行（加速）,15.0,70.0,70.0,68.19,70.0,1115.3,6.0,241.8,0.0,0.0,この先制限速度なし,125m先に上り勾配12.5‰あり,先行列車なし,後続列車なし,0.0,0.0,,0.0,70.0,0.0,-0.5
193.0,Train11,巡航フェーズ（駅間走行中）,力行（加速）中,4.0,惰行,14.0,70.0,70.0,63.49,70.0,737.6,0.0,210.4,14.0,0.0,この先制限速度なし,147m先に上り勾配6.1‰あり,先行列車なし,後続列車なし,0.0,0.0,,0.0,70.0,0.0,-0.5
178.0,Train11,巡航フェーズ（駅間走行中）,力行（加速）中,5.0,惰行,12.0,70.0,70.0,67.24,70.0,991.1,2.0,235.3,0.0,0.0,この先制限速度なし,1m先に上り勾配12.5‰あり,先行列車なし,後続列車なし,0.0,0.0,,0.0,70.0,0.0,-0.5
172.0,Train11,巡航フェーズ（駅間走行中）,力行（加速）中,5.0,惰行,15.0,70.0,70.0,62.21,70.0,794.3,8.0,173.4,0.0,12.5,この先制限速度なし,4m先で上り勾配12.5‰が終わり平坦になる,先行列車なし,後続列車なし,0.0,0.0,,0.0,70.0,0.0,-0.5
168.0,Train11,巡航フェーズ（駅間走行中）,力行（加速）中,10.0,惰行,6.0,70.0,70.0,65.37,70.0,1226.7,12.0,222.7,0.0,0.0,この先制限速度なし,236m先に上り勾配12.5‰あり,先行列車なし,後続列車なし,0.0,0.0,,0.0,70.0,0.0,-0.5
151.0,Train11,巡航フェーズ（駅間走行中）,力行（加速）中,16.0,惰行,14.0,70.0,70.0,67.45,70.0,699.7,29.0,236.7,0.0,0.0,この先制限速度なし,109m先に上り勾配6.1‰あり,先行列車なし,後続列車なし,0.0,0.0,,0.0,70.0,0.0,-0.5
171.0,Train11,巡航フェーズ（駅間走行中）,惰行中,3.0,力行（加速）,13.0,70.0,70.0,62.89,70.0,1384.6,9.0,206.5,0.0,0.0,この先制限速度なし,394m先に上り勾配12.5‰あり,先行列車なし,後続列車なし,0.0,0.0,,0.0,70.0,0.0,-0.5
182.0,Train11,巡航フェーズ（駅間走行中）,惰行中,3.0,力行（加速）,16.0,70.0,70.0,67.59,70.0,655.6,0.0,237.7,3.0,0.0,この先制限速度なし,65m先に上り勾配6.1‰あり,先行列車なし,後続列車なし,0.0,0.0,,0.0,70.0,0.0,-0.5
176.0,Train11,巡航フェーズ（駅間走行中）,力行（加速）中,25.0,惰行,6.0,70.0,70.0,65.77,70.0,1140.6,4.0,225.4,0.0,0.0,この先制限速度なし,150m先に上り勾配12.5‰あり,先行列車なし,後続列車なし,0.0,0.0,,0.0,70.0,0.0,-0.5
158.0,Train11,巡航フェーズ（駅間走行中）,惰行中,9.0,力行（加速）,7.0,70.0,70.0,63.27,70.0,863.8,22.0,179.2,0.0,12.5,この先制限速度なし,73m先で上り勾配12.5‰が終わり平坦になる,先行列車なし,後続列車なし,0.0,0.0,,0.0,70.0,0.0,-0.5
190.0,Train11,巡航フェーズ（駅間走行中）,惰行中,2.0,力行（加速）,13.0,70.0,70.0,68.04,70.0,1043.8,0.0,240.8,11.0,0.0,この先制限速度なし,53m先に上り勾配12.5‰あり,先行列車なし,後続列車なし,0.0,0.0,,0.0,70.0,0.0,-0.5
145.0,Train11,巡航フェーズ（駅間走行中）,力行（加速）中,3.0,惰行,1.0,70.0,70.0,65.85,70.0,1103.4,35.0,225.9,0.0,0.0,この先制限速度なし,113m先に上り勾配12.5‰あり,先行列車なし,後続列車なし,0.0,0.0,,0.0,70.0,0.0,-0.5
169.0,Train11,巡航フェーズ（駅間走行中）,力行（加速）中,23.0,惰行,6.0,70.0,70.0,67.98,70.0,640.9,11.0,240.4,0.0,0.0,この先制限速度なし,50m先に上り勾配6.1‰あり,先行列車なし,後続列車なし,0.0,0.0,,0.0,70.0,0.0,-0.5
171.0,Train11,巡航フェーズ（駅間走行中）,力行（加速）中,2.0,惰行,13.0,70.0,70.0,64.6,70.0,496.3,9.0,201.3,0.0,6.1,この先制限速度なし,306m先に上り勾配9.2‰あり,先行列車なし,後続列車なし,0.0,0.0,,0.0,70.0,0.0,-0.5
180.0,Train11,巡航フェーズ（駅間走行中）,力行（加速）中,13.0,惰行,15.0,70.0,70.0,66.22,70.0,651.6,0.0,228.4,1.0,0.0,この先制限速度なし,61m先に上り勾配6.1‰あり,先行列車なし,後続列車なし,0.0,0.0,,0.0,70.0,0.0,-0.5
170.0,Train11,巡航フェーズ（駅間走行中）,力行（加速）中,1.0,惰行,13.0,70.0,70.0,64.3,70.0,514.2,10.0,199.5,0.0,6.1,この先制限速度なし,324m先に上り勾配9.2‰あり,先行列車なし,後続列車なし,0.0,0.0,,0.0,70.0,0.0,-0.5
190.0,Train11,巡航フェーズ（駅間走行中）,力行（加速）中,3.0,惰行,14.0,70.0,70.0,61.97,70.0,825.4,0.0,172.1,11.0,12.5,この先制限速度なし,35m先で上り勾配12.5‰が終わり平坦になる,先行列車なし,後続列車なし,0.0,0.0,,0.0,70.0,0.0,-0.5
179.0,Train11,巡航フェーズ（駅間走行中）,惰行中,7.0,力行（加速）,19.0,70.0,70.0,66.05,70.0,1193.8,1.0,227.3,0.0,0.0,この先制限速度なし,203m先に上り勾配12.5‰あり,先行列車なし,後続列車なし,0.0,0.0,,0.0,70.0,0.0,-0.5
190.0,Train11,巡航フェーズ（駅間走行中）,力行（加速）中,1.0,惰行,12.0,70.0,70.0,61.56,70.0,827.9,0.0,169.8,11.0,12.5,この先制限速度なし,37m先で上り勾配12.5‰が終わり平坦になる,先行列車なし,後続列車なし,0.0,0.0,,0.0,70.0,0.0,-0.5
218.0,Train11,巡航フェーズ（駅間走行中）,惰行中,9.0,力行（加速）,3.0,70.0,70.0,65.18,70.0,698.5,0.0,221.4,39.0,0.0,この先制限速度なし,108m先に上り勾配6.1‰あり,先行列車なし,後続列車なし,0.0,0.0,,0.0,70.0,0.0,-0.5
137.0,Train11,巡航フェーズ（駅間走行中）,力行（加速）中,19.0,惰行,6.0,70.0,70.0,62.47,70.0,1246.4,43.0,203.8,0.0,0.0,この先制限速度なし,256m先に上り勾配12.5‰あり,先行列車なし,後続列車なし,0.0,0.0,,0.0,70.0,0.0,-0.5
153.0,Train11,巡航フェーズ（駅間走行中）,惰行中,13.0,力行（加速）,20.0,70.0,70.0,65.52,70.0,1108.2,27.0,223.7,0.0,0.0,この先制限速度なし,118m先に上り勾配12.5‰あり,先行列車なし,後続列車なし,0.0,0.0,,0.0,70.0,0.0,-0.5
123.0,Train11,巡航フェーズ（駅間走行中）,惰行中,5.0,力行（加速）,15.0,70.0,70.0,67.35,70.0,1124.4,57.0,236.1,0.0,0.0,この先制限速度なし,134m先に上り勾配12.5‰あり,先行列車なし,後続列車なし,0.0,0.0,,0.0,70.0,0.0,-0.5
166.0,Train11,巡航フェーズ（駅間走行中）,惰行中,12.0,力行（加速）,27.0,70.0,70.0,65.19,70.0,964.2,14.0,190.0,0.0,12.5,この先制限速度なし,174m先で上り勾配12.5‰が終わり平坦になる,先行列車なし,後続列車なし,0.0,0.0,,0.0,70.0,0.0,-0.5
201.0,Train11,巡航フェーズ（駅間走行中）,力行（加速）中,13.0,惰行,14.0,70.0,70.0,66.1,70.0,788.6,0.0,227.6,22.0,0.0,この先制限速度なし,198m先に上り勾配6.1‰あり,先行列車なし,後続列車なし,0.0,0.0,,0.0,70.0,0.0,-0.5
169.0,Train11,巡航フェーズ（駅間走行中）,力行（加速）中,2.0,惰行,15.0,70.0,70.0,61.87,70.0,846.0,11.0,171.5,0.0,12.5,この先制限速度なし,56m先で上り勾配12.5‰が終わり平坦になる,先行列車なし,後続列車なし,0.0,0.0,,0.0,70.0,0.0,-0.5
149.0,Train11,巡航フェーズ（駅間走行中）,惰行中,6.0,力行（加速）,8.0,70.0,70.0,62.59,70.0,662.2,31.0,204.6,0.0,0.0,この先制限速度なし,72m先に上り勾配6.1‰あり,先行列車なし,後続列車なし,0.0,0.0,,0.0,70.0,0.0,-0.5
176.0,Train11,巡航フェーズ（駅間走行中）,惰行中,1.0,力行（加速）,23.0,70.0,70.0,68.3,70.0,756.1,4.0,242.6,0.0,0.0,この先制限速度なし,166m先に上り勾配6.1‰あり,先行列車なし,後続列車なし,0.0,0.0,,0.0,70.0,0.0,-0.5
138.0,Train11,巡航フェーズ（駅間走行中）,惰行中,15.0,力行（加速）,19.0,70.0,70.0,64.77,70.0,1107.1,42.0,218.8,0.0,0.0,この先制限速度なし,117m先に上り勾配12.5‰あり,先行列車なし,後続列車なし,0.0,0.0,,0.0,70.0,0.0,-0.5
165.0,Train11,巡航フェーズ（駅間走行中）,力行（加速）中,13.0,惰行,9.0,70.0,70.0,67.33,70.0,962.4,15.0,202.5,0.0,12.5,この先制限速度なし,172m先で上り勾配12.5‰が終わり平坦になる,先行列車なし,後続列車なし,0.0,0.0,,0.0,70.0,0.0,-0.5
159.0,Train11,巡航フェーズ（駅間走行中）,惰行中,7.0,力行（加速）,20.0,70.0,70.0,66.94,70.0,1024.8,21.0,233.3,0.0,0.0,この先制限速度なし,34m先に上り勾配12.5‰あり,先行列車なし,後続列車なし,0.0,0.0,,0.0,70.0,0.0,-0.5
146.0,Train11,巡航フェーズ（駅間走行中）,惰行中,15.0,力行（加速）,20.0,70.0,70.0,64.54,70.0,978.9,34.0,186.4,0.0,12.5,この先制限速度なし,188m先で上り勾配12.5‰が終わり平坦になる,先行列車なし,後続列車なし,0.0,0.0,,0.0,70.0,0.0,-0.5
174.0,Train11,巡航フェーズ（駅間走行中）,惰行中,4.0,力行（加速）,8.0,70.0,70.0,61.93,70.0,740.0,6.0,200.4,0.0,0.0,この先制限速度なし,149m先に上り勾配6.1‰あり,先行列車なし,後続列車なし,0.0,0.0,,0.0,70.0,0.0,-0.5
193.0,Train11,巡航フェーズ（駅間走行中）,惰行中,14.0,力行（加速）,16.0,70.0,70.0,63.44,70.0,454.7,0.0,194.3,14.0,6.1,この先制限速度なし,264m先に上り勾配9.2‰あり,先行列車なし,後続列車なし,0.0,0.0,,0.0,70.0,0.0,-0.5
142.0,Train11,巡航フェーズ（駅間走行中）,惰行中,7.0,力行（加速）,23.0,70.0,70.0,66.84,70.0,1125.2,38.0,232.6,0.0,0.0,この先制限速度なし,135m先に上り勾配12.5‰あり,先行列車なし,後続列車なし,0.0,0.0,,0.0,70.0,0.0,-0.5
149.0,Train11,巡航フェーズ（駅間走行中）,惰行中,8.0,力行（加速）,5.0,70.0,70.0,63.36,70.0,637.2,31.0,209.5,0.0,0.0,この先制限速度なし,47m先に上り勾配6.1‰あり,先行列車なし,後続列車なし,0.0,0.0,,0.0,70.0,0.0,-0.5
140.0,Train11,巡航フェーズ（駅間走行中）,力行（加速）中,5.0,惰行,17.0,70.0,70.0,62.3,70.0,819.7,40.0,173.9,0.0,12.5,この先制限速度なし,29m先で上り勾配12.5‰が終わり平坦になる,先行列車なし,後続列車なし,0.0,0.0,,0.0,70.0,0.0,-0.5
155.0,Train11,巡航フェーズ（駅間走行中）,力行（加速）中,3.0,惰行,9.0,70.0,70.0,63.06,70.0,1144.4,25.0,207.6,0.0,0.0,この先制限速度なし,154m先に上り勾配12.5‰あり,先行列車なし,後続列車なし,0.0,0.0,,0.0,70.0,0.0,-0.5
143.0,Train11,巡航フェーズ（駅間走行中）,力行（加速）中,1.0,惰行,1.0,70.0,70.0,64.86,70.0,1139.7,37.0,219.3,0.0,0.0,この先制限速度なし,149m先に上り勾配12.5‰あり,先行列車なし,後続列車なし,0.0,0.0,,0.0,70.0,0.0,-0.5
167.0,Train11,巡航フェーズ（駅間走行中）,力行（加速）中,14.0,惰行,9.0,70.0,70.0,64.56,70.0,1415.1,13.0,217.4,0.0,0.0,この先制限速度なし,425m先に上り勾配12.5‰あり,先行列車なし,後続列車なし,0.0,0.0,,0.0,70.0,0.0,-0.5
118.0,Train11,巡航フェーズ（駅間走行中）,力行（加速）中,15.0,惰行,3.0,70.0,70.0,67.86,70.0,1218.7,62.0,239.6,0.0,0.0,この先制限速度なし,228m先に上り勾配12.5‰あり,先行列車なし,後続列車なし,0.0,0.0,,0.0,70.0,0.0,-0.5
218.0,Train11,巡航フェーズ（駅間走行中）,惰行中,18.0,力行（加速）,17.0,70.0,70.0,62.72,70.0,474.2,0.0,190.0,39.0,6.1,この先制限速度なし,284m先に上り勾配9.2‰あり,先行列車なし,後続列車なし,0.0,0.0,,0.0,70.0,0.0,-0.5
144.0,Train11,巡航フェーズ（駅間走行中）,力行（加速）中,6.0,惰行,15.0,70.0,70.0,66.98,70.0,997.8,36.0,233.6,0.0,0.0,この先制限速度なし,7m先に上り勾配12.5‰あり,先行列車なし,後続列車なし,0.0,0.0,,0.0,70.0,0.0,-0.5
158.0,Train11,巡航フェーズ（駅間走行中）,力行（加速）中,17.0,惰行,11.0,70.0,70.0,67.32,70.0,677.6,22.0,235.9,0.0,0.0,この先制限速度なし,87m先に上り勾配6.1‰あり,先行列車なし,後続列車なし,0.0,0.0,,0.0,70.0,0.0,-0.5
138.0,Train11,巡航フェーズ（駅間走行中）,力行（加速）中,6.0,惰行,3.0,70.0,70.0,61.18,70.0,1648.4,42.0,214.8,0.0,-6.7,この先制限速度なし,8m先で下り勾配6.7‰が終わり平坦になる,先行列車なし,後続列車なし,0.0,0.0,,0.0,70.0,0.0,-0.5
135.0,Train11,巡航フェーズ（駅間走行中）,惰行中,5.0,力行（加速）,29.0,70.0,70.0,65.77,70.0,1091.3,45.0,225.4,0.0,0.0,この先制限速度なし,101m先に上り勾配12.5‰あり,先行列車なし,後続列車なし,0.0,0.0,,0.0,70.0,0.0,-0.5
140.0,Train11,巡航フェーズ（駅間走行中）,力行（加速）中,20.0,惰行,6.0,70.0,70.0,67.89,70.0,1350.2,40.0,239.8,0.0,0.0,この先制限速度なし,360m先に上り勾配12.5‰あり,先行列車なし,後続列車なし,0.0,0.0,,0.0,70.0,0.0,-0.5
187.0,Train11,巡航フェーズ（駅間走行中）,惰行中,10.0,力行（加速）,13.0,70.0,70.0,63.54,70.0,880.1,0.0,180.7,8.0,12.5,この先制限速度なし,90m先で上り勾配12.5‰が終わり平坦になる,先行列車なし,後続列車なし,0.0,0.0,,0.0,70.0,0.0,-0.5
169.0,Train11,巡航フェーズ（駅間走行中）,力行（加速）中,6.0,惰行,14.0,70.0,70.0,65.33,70.0,895.4,11.0,190.8,0.0,12.5,この先制限速度なし,105m先で上り勾配12.5‰が終わり平坦になる,先行列車なし,後続列車なし,0.0,0.0,,0.0,70.0,0.0,-0.5
147.0,Train11,巡航フェーズ（駅間走行中）,力行（加速）中,12.0,惰行,14.0,70.0,70.0,65.55,70.0,773.6,33.0,223.9,0.0,0.0,この先制限速度なし,183m先に上り勾配6.1‰あり,先行列車なし,後続列車なし,0.0,0.0,,0.0,70.0,0.0,-0.5
117.0,Train11,巡航フェーズ（駅間走行中）,力行（加速）中,23.0,惰行,16.0,70.0,70.0,65.39,70.0,1276.6,63.0,222.8,0.0,0.0,この先制限速度なし,286m先に上り勾配12.5‰あり,先行列車なし,後続列車なし,0.0,0.0,,0.0,70.0,0.0,-0.5
114.0,Train11,巡航フェーズ（駅間走行中）,力行（加速）中,10.0,惰行,5.0,70.0,70.0,63.14,70.0,1547.7,66.0,208.1,0.0,0.0,この先制限速度なし,この先目立った勾配なし,先行列車なし,後続列車なし,0.0,0.0,,0.0,70.0,0.0,-0.5
178.0,Train11,巡航フェーズ（駅間走行中）,惰行中,1.0,力行（加速）,2.0,70.0,70.0,61.7,70.0,693.1,2.0,198.9,0.0,0.0,この先制限速度なし,103m先に上り勾配6.1‰あり,先行列車なし,後続列車なし,0.0,0.0,,0.0,70.0,0.0,-0.5
131.0,Train11,巡航フェーズ（駅間走行中）,惰行中,3.0,力行（加速）,17.0,70.0,70.0,63.68,70.0,1312.5,49.0,211.6,0.0,0.0,この先制限速度なし,322m先に上り勾配12.5‰あり,先行列車なし,後続列車なし,0.0,0.0,,0.0,70.0,0.0,-0.5
197.0,Train11,巡航フェーズ（駅間走行中）,力行（加速）中,9.0,惰行,14.0,70.0,70.0,65.9,70.0,861.9,0.0,194.1,18.0,12.5,この先制限速度なし,71m先で上り勾配12.5‰が終わり平坦になる,先行列車なし,後続列車なし,0.0,0.0,,0.0,70.0,0.0,-0.5
163.0,Train11,巡航フェーズ（駅間走行中）,力行（加速）中,5.0,惰行,6.0,70.0,70.0,62.79,70.0,1315.7,17.0,205.8,0.0,0.0,この先制限速度なし,325m先に上り勾配12.5‰あり,先行列車なし,後続列車なし,0.0,0.0,,0.0,70.0,0.0,-0.5
197.0,Train11,巡航フェーズ（駅間走行中）,惰行中,8.0,力行（加速）,16.0,70.0,70.0,66.38,70.0,635.7,0.0,229.5,18.0,0.0,この先制限速度なし,45m先に上り勾配6.1‰あり,先行列車なし,後続列車なし,0.0,0.0,,0.0,70.0,0.0,-0.5
206.0,Train11,巡航フェーズ（駅間走行中）,力行（加速）中,1.0,惰行,11.0,70.0,70.0,61.39,70.0,814.6,0.0,168.9,27.0,12.5,この先制限速度なし,24m先で上り勾配12.5‰が終わり平坦になる,先行列車なし,後続列車なし,0.0,0.0,,0.0,70.0,0.0,-0.5
187.0,Train11,巡航フェーズ（駅間走行中）,力行（加速）中,24.0,惰行,17.0,70.0,70.0,63.07,70.0,1275.7,0.0,207.6,8.0,0.0,この先制限速度なし,285m先に上り勾配12.5‰あり,先行列車なし,後続列車なし,0.0,0.0,,0.0,70.0,0.0,-0.5
202.0,Train11,巡航フェーズ（駅間走行中）,惰行中,8.0,力行（加速）,21.0,70.0,70.0,64.03,70.0,884.3,0.0,183.5,23.0,12.5,この先制限速度なし,94m先で上り勾配12.5‰が終わり平坦になる,先行列車なし,後続列車なし,0.0,0.0,,0.0,70.0,0.0,-0.5
155.0,Train11,巡航フェーズ（駅間走行中）,力行（加速）中,13.0,惰行,9.0,70.0,70.0,62.88,70.0,1438.4,25.0,206.4,0.0,0.0,この先制限速度なし,448m先に上り勾配12.5‰あり,先行列車なし,後続列車なし,0.0,0.0,,0.0,70.0,0.0,-0.5
190.0,Train11,巡航フェーズ（駅間走行中）,力行（加速）中,2.0,惰行,14.0,70.0,70.0,65.57,70.0,989.8,0.0,192.2,11.0,12.5,この先制限速度なし,199m先で上り勾配12.5‰が終わり平坦になる,先行列車なし,後続列車なし,0.0,0.0,,0.0,70.0,0.0,-0.5
125.0,Train11,巡航フェーズ（駅間走行中）,惰行中,4.0,力行（加速）,23.0,70.0,70.0,67.46,70.0,1173.8,55.0,236.8,0.0,0.0,この先制限速度なし,183m先に上り勾配12.5‰あり,先行列車なし,後続列車なし,0.0,0.0,,0.0,70.0,0.0,-0.5
182.0,Train11,巡航フェーズ（駅間走行中）,惰行中,2.0,力行（加速）,29.0,70.0,70.0,67.86,70.0,1028.7,0.0,239.6,3.0,0.0,この先制限速度なし,38m先に上り勾配12.5‰あり,先行列車なし,後続列車なし,0.0,0.0,,0.0,70.0,0.0,-0.5
204.0,Train11,巡航フェーズ（駅間走行中）,惰行中,8.0,力行（加速）,19.0,70.0,70.0,64.9,70.0,461.6,0.0,203.2,25.0,6.1,この先制限速度なし,271m先に上り勾配9.2‰あり,先行列車なし,後続列車なし,0.0,0.0,,0.0,70.0,0.0,-0.5
155.0,Train11,巡航フェーズ（駅間走行中）,力行（加速）中,15.0,惰行,7.0,70.0,70.0,61.72,70.0,1455.1,25.0,199.0,0.0,0.0,この先制限速度なし,465m先に上り勾配12.5‰あり,先行列車なし,後続列車なし,0.0,0.0,,0.0,70.0,0.0,-0.5
168.0,Train11,巡航フェーズ（駅間走行中）,力行（加速）中,8.0,惰行,20.0,70.0,70.0,62.66,70.0,864.2,12.0,175.9,0.0,12.5,この先制限速度なし,74m先で上り勾配12.5‰が終わり平坦になる,先行列車なし,後続列車なし,0.0,0.0,,0.0,70.0,0.0,-0.5
109.0,Train11,巡航フェーズ（駅間走行中）,力行（加速）中,11.0,惰行,10.0,70.0,70.0,61.66,70.0,1465.2,71.0,198.7,0.0,0.0,この先制限速度なし,475m先に上り勾配12.5‰あり,先行列車なし,後続列車なし,0.0,0.0,,0.0,70.0,0.0,-0.5
143.0,Train11,巡航フェーズ（駅間走行中）,力行（加速）中,5.0,惰行,16.0,70.0,70.0,62.07,70.0,804.4,37.0,172.6,0.0,12.5,この先制限速度なし,14m先で上り勾配12.5‰が終わり平坦になる,先行列車なし,後続列車なし,0.0,0.0,,0.0,70.0,0.0,-0.5
200.0,Train11,巡航フェーズ（駅間走行中）,惰行中,4.0,力行（加速）,7.0,70.0,70.0,63.7,70.0,652.7,0.0,211.7,21.0,0.0,この先制限速度なし,62m先に上り勾配6.1‰あり,先行列車なし,後続列車なし,0.0,0.0,,0.0,70.0,0.0,-0.5
138.0,Train11,巡航フェーズ（駅間走行中）,惰行中,11.0,力行（加速）,19.0,70.0,70.0,65.67,70.0,1113.9,42.0,224.7,0.0,0.0,この先制限速度なし,123m先に上り勾配12.5‰あり,先行列車なし,後続列車なし,0.0,0.0,,0.0,70.0,0.0,-0.5
128.0,Train11,巡航フェーズ（駅間走行中）,惰行中,5.0,力行（加速）,19.0,70.0,70.0,67.09,70.0,1290.2,52.0,234.3,0.0,0.0,この先制限速度なし,300m先に上り勾配12.5‰あり,先行列車なし,後続列車なし,0.0,0.0,,0.0,70.0,0.0,-0.5
129.0,Train11,巡航フェーズ（駅間走行中）,惰行中,11.0,力行（加速）,15.0,70.0,70.0,65.95,70.0,1013.3,51.0,226.6,0.0,0.0,この先制限速度なし,23m先に上り勾配12.5‰あり,先行列車なし,後続列車なし,0.0,0.0,,0.0,70.0,0.0,-0.5
142.0,Train11,巡航フェーズ（駅間走行中）,力行（加速）中,15.0,惰行,7.0,70.0,70.0,61.95,70.0,1404.9,38.0,200.5,0.0,0.0,この先制限速度なし,414m先に上り勾配12.5‰あり,先行列車なし,後続列車なし,0.0,0.0,,0.0,70.0,0.0,-0.5
161.0,Train11,巡航フェーズ（駅間走行中）,惰行中,2.0,力行（加速）,18.0,70.0,70.0,67.99,70.0,621.0,19.0,240.4,0.0,0.0,この先制限速度なし,31m先に上り勾配6.1‰あり,先行列車なし,後続列車なし,0.0,0.0,,0.0,70.0,0.0,-0.5
132.0,Train11,巡航フェーズ（駅間走行中）,力行（加速）中,12.0,惰行,6.0,70.0,70.0,64.02,70.0,1496.9,48.0,213.8,0.0,0.0,この先制限速度なし,この先目立った勾配なし,先行列車なし,後続列車なし,0.0,0.0,,0.0,70.0,0.0,-0.5
145.0,Train11,巡航フェーズ（駅間走行中）,力行（加速）中,3.0,惰行,7.0,70.0,70.0,67.53,70.0,1069.4,35.0,237.3,0.0,0.0,この先制限速度なし,79m先に上り勾配12.5‰あり,先行列車なし,後続列車なし,0.0,0.0,,0.0,70.0,0.0,-0.5
145.0,Train11,巡航フェーズ（駅間走行中）,力行（加速）中,6.0,惰行,18.0,70.0,70.0,62.02,70.0,802.7,35.0,172.3,0.0,12.5,この先制限速度なし,12m先で上り勾配12.5‰が終わり平坦になる,先行列車なし,後続列車なし,0.0,0.0,,0.0,70.0,0.0,-0.5
174.0,Train11,巡航フェーズ（駅間走行中）,惰行中,6.0,力行（加速）,13.0,70.0,70.0,62.23,70.0,1332.5,6.0,202.3,0.0,0.0,この先制限速度なし,342m先に上り勾配12.5‰あり,先行列車なし,後続列車なし,0.0,0.0,,0.0,70.0,0.0,-0.5
129.0,Train11,巡航フェーズ（駅間走行中）,惰行中,6.0,力行（加速）,19.0,70.0,70.0,66.85,70.0,1271.6,51.0,232.7,0.0,0.0,この先制限速度なし,281m先に上り勾配12.5‰あり,先行列車なし,後続列車なし,0.0,0.0,,0.0,70.0,0.0,-0.5
162.0,Train11,巡航フェーズ（駅間走行中）,惰行中,13.0,力行（加速）,17.0,70.0,70.0,64.65,70.0,1213.4,18.0,217.9,0.0,0.0,この先制限速度なし,223m先に上り勾配12.5‰あり,先行列車なし,後続列車なし,0.0,0.0,,0.0,70.0,0.0,-0.5
142.0,Train11,巡航フェーズ（駅間走行中）,惰行中,2.0,力行（加速）,20.0,70.0,70.0,68.1,70.0,1312.3,38.0,241.2,0.0,0.0,この先制限速度なし,322m先に上り勾配12.5‰あり,先行列車なし,後続列車なし,0.0,0.0,,0.0,70.0,0.0,-0.5
190.0,Train11,巡航フェーズ（駅間走行中）,惰行中,1.0,力行（加速）,16.0,70.0,70.0,68.04,70.0,766.4,0.0,240.8,11.0,0.0,この先制限速度なし,176m先に上り勾配6.1‰あり,先行列車なし,後続列車なし,0.0,0.0,,0.0,70.0,0.0,-0.5
160.0,Train11,巡航フェーズ（駅間走行中）,力行（加速）中,22.0,惰行,6.0,70.0,70.0,67.24,70.0,1324.8,20.0,235.3,0.0,0.0,この先制限速度なし,334m先に上り勾配12.5‰あり,先行列車なし,後続列車なし,0.0,0.0,,0.0,70.0,0.0,-0.5
111.0,Train11,巡航フェーズ（駅間走行中）,力行（加速）中,14.0,惰行,10.0,70.0,70.0,62.69,70.0,1416.6,69.0,205.2,0.0,0.0,この先制限速度なし,426m先に上り勾配12.5‰あり,先行列車なし,後続列車なし,0.0,0.0,,0.0,70.0,0.0,-0.5
172.0,Train11,巡航フェーズ（駅間走行中）,力行（加速）中,14.0,惰行,6.0,70.0,70.0,67.28,70.0,1153.0,8.0,235.6,0.0,0.0,この先制限速度なし,162m先に上り勾配12.5‰あり,先行列車なし,後続列車なし,0.0,0.0,,0.0,70.0,0.0,-0.5
168.0,Train11,巡航フェーズ（駅間走行中）,惰行中,7.0,力行（加速）,23.0,70.0,70.0,66.72,70.0,1174.8,12.0,231.8,0.0,0.0,この先制限速度なし,184m先に上り勾配12.5‰あり,先行列車なし,後続列車なし,0.0,0.0,,0.0,70.0,0.0,-0.5
138.0,Train11,巡航フェーズ（駅間走行中）,惰行中,10.0,力行（加速）,17.0,70.0,70.0,62.14,70.0,1190.2,42.0,201.7,0.0,0.0,この先制限速度なし,200m先に上り勾配12.5‰あり,先行列車なし,後続列車なし,0.0,0.0,,0.0,70.0,0.0,-0.5
156.0,Train11,巡航フェーズ（駅間走行中）,惰行中,2.0,力行（加速）,27.0,70.0,70.0,68.16,70.0,1150.1,24.0,241.6,0.0,0.0,この先制限速度なし,160m先に上り勾配12.5‰あり,先行列車なし,後続列車なし,0.0,0.0,,0.0,70.0,0.0,-0.5
203.0,Train11,巡航フェーズ（駅間走行中）,惰行中,7.0,力行（加速）,19.0,70.0,70.0,65.35,70.0,479.7,0.0,205.9,24.0,6.1,この先制限速度なし,289m先に上り勾配9.2‰あり,先行列車なし,後続列車なし,0.0,0.0,,0.0,70.0,0.0,-0.5
191.0,Train11,巡航フェーズ（駅間走行中）,力行（加速）中,28.0,惰行,17.0,70.0,70.0,65.13,70.0,1204.5,0.0,221.1,12.0,0.0,この先制限速度なし,214m先に上り勾配12.5‰あり,先行列車なし,後続列車なし,0.0,0.0,,0.0,70.0,0.0,-0.5
116.0,Train11,巡航フェーズ（駅間走行中）,力行（加速）中,19.0,惰行,10.0,70.0,70.0,65.29,70.0,1327.6,64.0,222.2,0.0,0.0,この先制限速度なし,337m先に上り勾配12.5‰あり,先行列車なし,後続列車なし,0.0,0.0,,0.0,70.0,0.0,-0.5
165.0,Train11,巡航フェーズ（駅間走行中）,力行（加速）中,12.0,惰行,9.0,70.0,70.0,63.52,70.0,1450.7,15.0,210.6,0.0,0.0,この先制限速度なし,460m先に上り勾配12.5‰あり,先行列車なし,後続列車なし,0.0,0.0,,0.0,70.0,0.0,-0.5
151.0,Train11,巡航フェーズ（駅間走行中）,力行（加速）中,12.0,惰行,18.0,70.0,70.0,64.88,70.0,697.2,29.0,219.4,0.0,0.0,この先制限速度なし,107m先に上り勾配6.1‰あり,先行列車なし,後続列車なし,0.0,0.0,,0.0,70.0,0.0,-0.5
136.0,Train11,巡航フェーズ（駅間走行中）,力行（加速）中,18.0,惰行,6.0,70.0,70.0,61.92,70.0,1263.6,44.0,200.3,0.0,0.0,この先制限速度なし,273m先に上り勾配12.5‰あり,先行列車なし,後続列車なし,0.0,0.0,,0.0,70.0,0.0,-0.5
129.0,Train11,巡航フェーズ（駅間走行中）,惰行中,2.0,力行（加速）,19.0,70.0,70.0,67.78,70.0,1280.7,51.0,239.0,0.0,0.0,この先制限速度なし,290m先に上り勾配12.5‰あり,先行列車なし,後続列車なし,0.0,0.0,,0.0,70.0,0.0,-0.5
112.0,Train11,巡航フェーズ（駅間走行中）,力行（加速）中,9.0,惰行,3.0,70.0,70.0,65.0,70.0,1329.4,68.0,220.3,0.0,0.0,この先制限速度なし,339m先に上り勾配12.5‰あり,先行列車なし,後続列車なし,0.0,0.0,,0.0,70.0,0.0,-0.5
217.0,Train11,巡航フェーズ（駅間走行中）,力行（加速）中,12.0,惰行,11.0,70.0,70.0,66.51,70.0,619.8,0.0,230.3,38.0,0.0,この先制限速度なし,29m先に上り勾配6.1‰あり,先行列車なし,後続列車なし,0.0,0.0,,0.0,70.0,0.0,-0.5
173.0,Train11,巡航フェーズ（駅間走行中）,惰行中,18.0,力行（加速）,6.0,70.0,70.0,62.72,70.0,551.5,7.0,190.0,0.0,6.1,この先制限速度なし,361m先に上り勾配9.2‰あり,先行列車なし,後続列車なし,0.0,0.0,,0.0,70.0,0.0,-0.5
172.0,Train11,巡航フェーズ（駅間走行中）,力行（加速）中,8.0,惰行,7.0,70.0,70.0,65.49,70.0,1157.4,8.0,223.5,0.0,0.0,この先制限速度なし,167m先に上り勾配12.5‰あり,先行列車なし,後続列車なし,0.0,0.0,,0.0,70.0,0.0,-0.5
181.0,Train11,巡航フェーズ（駅間走行中）,力行（加速）中,8.0,惰行,12.0,70.0,70.0,67.33,70.0,935.0,0.0,202.5,2.0,12.5,この先制限速度なし,145m先で上り勾配12.5‰が終わり平坦になる,先行列車なし,後続列車なし,0.0,0.0,,0.0,70.0,0.0,-0.5
132.0,Train11,巡航フェーズ（駅間走行中）,力行（加速）中,20.0,惰行,9.0,70.0,70.0,66.42,70.0,1312.6,48.0,229.8,0.0,0.0,この先制限速度なし,322m先に上り勾配12.5‰あり,先行列車なし,後続列車なし,0.0,0.0,,0.0,70.0,0.0,-0.5
159.0,Train11,巡航フェーズ（駅間走行中）,惰行中,2.0,力行（加速）,17.0,70.0,70.0,63.13,70.0,1385.4,21.0,208.0,0.0,0.0,この先制限速度なし,395m先に上り勾配12.5‰あり,先行列車なし,後続列車なし,0.0,0.0,,0.0,70.0,0.0,-0.5
134.0,Train11,巡航フェーズ（駅間走行中）,惰行中,13.0,力行（加速）,24.0,70.0,70.0,65.3,70.0,994.1,46.0,222.3,0.0,0.0,この先制限速度なし,4m先に上り勾配12.5‰あり,先行列車なし,後続列車なし,0.0,0.0,,0.0,70.0,0.0,-0.5
161.0,Train11,巡航フェーズ（駅間走行中）,惰行中,6.0,力行（加速）,16.0,70.0,70.0,65.22,70.0,513.2,19.0,205.2,0.0,6.1,この先制限速度なし,323m先に上り勾配9.2‰あり,先行列車なし,後続列車なし,0.0,0.0,,0.0,70.0,0.0,-0.5
189.0,Train11,巡航フェーズ（駅間走行中）,惰行中,10.0,力行（加速）,16.0,70.0,70.0,65.2,70.0,526.2,0.0,205.0,10.0,6.1,この先制限速度なし,336m先に上り勾配9.2‰あり,先行列車なし,後続列車なし,0.0,0.0,,0.0,70.0,0.0,-0.5
146.0,Train11,巡航フェーズ（駅間走行中）,力行（加速）中,8.0,惰行,15.0,70.0,70.0,67.21,70.0,960.5,34.0,201.8,0.0,12.5,この先制限速度なし,170m先で上り勾配12.5‰が終わり平坦になる,先行列車なし,後続列車なし,0.0,0.0,,0.0,70.0,0.0,-0.5
225.0,Train11,巡航フェーズ（駅間走行中）,惰行中,4.0,力行（加速）,16.0,70.0,70.0,66.71,70.0,470.0,0.0,214.4,46.0,6.1,この先制限速度なし,279m先に上り勾配9.2‰あり,先行列車なし,後続列車なし,0.0,0.0,,0.0,70.0,0.0,-0.5
164.0,Train11,巡航フェーズ（駅間走行中）,力行（加速）中,18.0,惰行,6.0,70.0,70.0,65.64,70.0,733.7,16.0,224.5,0.0,0.0,この先制限速度なし,143m先に上り勾配6.1‰あり,先行列車なし,後続列車なし,0.0,0.0,,0.0,70.0,0.0,-0.5
162.0,Train11,巡航フェーズ（駅間走行中）,惰行中,8.0,力行（加速）,27.0,70.0,70.0,66.74,70.0,1037.7,18.0,231.9,0.0,0.0,この先制限速度なし,47m先に上り勾配12.5‰あり,先行列車なし,後続列車なし,0.0,0.0,,0.0,70.0,0.0,-0.5
199.0,Train11,巡航フェーズ（駅間走行中）,力行（加速）中,10.0,惰行,14.0,70.0,70.0,66.5,70.0,629.2,0.0,230.3,20.0,0.0,この先制限速度なし,39m先に上り勾配6.1‰あり,先行列車なし,後続列車なし,0.0,0.0,,0.0,70.0,0.0,-0.5
204.0,Train11,巡航フェーズ（駅間走行中）,惰行中,8.0,力行（加速）,7.0,70.0,70.0,62.72,70.0,582.4,0.0,190.0,25.0,6.1,この先制限速度なし,392m先に上り勾配9.2‰あり,先行列車なし,後続列車なし,0.0,0.0,,0.0,70.0,0.0,-0.5
143.0,Train11,巡航フェーズ（駅間走行中）,力行（加速）中,18.0,惰行,10.0,70.0,70.0,63.43,70.0,1354.3,37.0,210.0,0.0,0.0,この先制限速度なし,364m先に上り勾配12.5‰あり,先行列車なし,後続列車なし,0.0,0.0,,0.0,70.0,0.0,-0.5
196.0,Train11,巡航フェーズ（駅間走行中）,力行（加速）中,19.0,惰行,8.0,70.0,70.0,67.58,70.0,609.7,0.0,237.7,17.0,0.0,この先制限速度なし,19m先に上り勾配6.1‰あり,先行列車なし,後続列車なし,0.0,0.0,,0.0,70.0,0.0,-0.5
196.0,Train11,巡航フェーズ（駅間走行中）,力行（加速）中,13.0,惰行,11.0,70.0,70.0,67.88,70.0,879.2,0.0,205.7,17.0,12.5,この先制限速度なし,89m先で上り勾配12.5‰が終わり平坦になる,先行列車なし,後続列車なし,0.0,0.0,,0.0,70.0,0.0,-0.5
169.0,Train11,巡航フェーズ（駅間走行中）,惰行中,8.0,力行（加速）,23.0,70.0,70.0,66.49,70.0,1156.3,11.0,230.2,0.0,0.0,この先制限速度なし,166m先に上り勾配12.5‰あり,先行列車なし,後続列車なし,0.0,0.0,,0.0,70.0,0.0,-0.5
187.0,Train11,巡航フェーズ（駅間走行中）,力行（加速）中,4.0,惰行,11.0,70.0,70.0,66.37,70.0,1048.1,0.0,229.4,8.0,0.0,この先制限速度なし,58m先に上り勾配12.5‰あり,先行列車なし,後続列車なし,0.0,0.0,,0.0,70.0,0.0,-0.5
197.0,Train11,巡航フェーズ（駅間走行中）,力行（加速）中,5.0,惰行,12.0,70.0,70.0,62.61,70.0,761.5,0.0,204.7,18.0,0.0,この先制限速度なし,171m先に上り勾配6.1‰あり,先行列車なし,後続列車なし,0.0,0.0,,0.0,70.0,0.0,-0.5
153.0,Train11,巡航フェーズ（駅間走行中）,力行（加速）中,11.0,惰行,9.0,70.0,70.0,61.78,70.0,1473.0,27.0,199.4,0.0,0.0,この先制限速度なし,483m先に上り勾配12.5‰あり,先行列車なし,後続列車なし,0.0,0.0,,0.0,70.0,0.0,-0.5
175.0,Train11,巡航フェーズ（駅間走行中）,力行（加速）中,5.0,惰行,16.0,70.0,70.0,62.32,70.0,807.0,5.0,174.0,0.0,12.5,この先制限速度なし,16m先で上り勾配12.5‰が終わり平坦になる,先行列車なし,後続列車なし,0.0,0.0,,0.0,70.0,0.0,-0.5
165.0,Train11,巡航フェーズ（駅間走行中）,力行（加速）中,1.0,惰行,7.0,70.0,70.0,61.81,70.0,1281.3,15.0,199.6,0.0,0.0,この先制限速度なし,291m先に上り勾配12.5‰あり,先行列車なし,後続列車なし,0.0,0.0,,0.0,70.0,0.0,-0.5
201.0,Train11,巡航フェーズ（駅間走行中）,力行（加速）中,2.0,惰行,2.0,70.0,70.0,68.39,70.0,1017.7,0.0,243.2,22.0,0.0,この先制限速度なし,27m先に上り勾配12.5‰あり,先行列車なし,後続列車なし,0.0,0.0,,0.0,70.0,0.0,-0.5
177.0,Train11,巡航フェーズ（駅間走行中）,力行（加速）中,14.0,惰行,14.0,70.0,70.0,66.69,70.0,749.5,3.0,231.6,0.0,0.0,この先制限速度なし,159m先に上り勾配6.1‰あり,先行列車なし,後続列車なし,0.0,0.0,,0.0,70.0,0.0,-0.5
161.0,Train11,巡航フェーズ（駅間走行中）,惰行中,8.0,力行（加速）,18.0,70.0,70.0,66.22,70.0,511.3,19.0,211.3,0.0,6.1,この先制限速度なし,321m先に上り勾配9.2‰あり,先行列車なし,後続列車なし,0.0,0.0,,0.0,70.0,0.0,-0.5
159.0,Train11,巡航フェーズ（駅間走行中）,惰行中,10.0,力行（加速）,26.0,70.0,70.0,66.29,70.0,1077.2,21.0,228.9,0.0,0.0,この先制限速度なし,87m先に上り勾配12.5‰あり,先行列車なし,後続列車なし,0.0,0.0,,0.0,70.0,0.0,-0.5
141.0,Train11,巡航フェーズ（駅間走行中）,惰行中,14.0,力行（加速）,19.0,70.0,70.0,64.99,70.0,1059.5,39.0,220.2,0.0,0.0,この先制限速度なし,69m先に上り勾配12.5‰あり,先行列車なし,後続列車なし,0.0,0.0,,0.0,70.0,0.0,-0.5
134.0,Train11,巡航フェーズ（駅間走行中）,惰行中,6.0,力行（加速）,17.0,70.0,70.0,63.01,70.0,1259.7,46.0,207.3,0.0,0.0,この先制限速度なし,269m先に上り勾配12.5‰あり,先行列車なし,後続列車なし,0.0,0.0,,0.0,70.0,0.0,-0.5
131.0,Train11,巡航フェーズ（駅間走行中）,惰行中,4.0,力行（加速）,19.0,70.0,70.0,67.31,70.0,1243.2,49.0,235.8,0.0,0.0,この先制限速度なし,253m先に上り勾配12.5‰あり,先行列車なし,後続列車なし,0.0,0.0,,0.0,70.0,0.0,-0.5
136.0,Train11,巡航フェーズ（駅間走行中）,惰行中,5.0,力行（加速）,20.0,70.0,70.0,67.12,70.0,1162.1,44.0,234.5,0.0,0.0,この先制限速度なし,172m先に上り勾配12.5‰あり,先行列車なし,後続列車なし,0.0,0.0,,0.0,70.0,0.0,-0.5
180.0,Train11,巡航フェーズ（駅間走行中）,惰行中,5.0,力行（加速）,23.0,70.0,70.0,67.35,70.0,680.8,0.0,236.0,1.0,0.0,この先制限速度なし,90m先に上り勾配6.1‰あり,先行列車なし,後続列車なし,0.0,0.0,,0.0,70.0,0.0,-0.5
140.0,Train11,巡航フェーズ（駅間走行中）,惰行中,9.0,力行（加速）,20.0,70.0,70.0,66.19,70.0,1088.1,40.0,228.2,0.0,0.0,この先制限速度なし,98m先に上り勾配12.5‰あり,先行列車なし,後続列車なし,0.0,0.0,,0.0,70.0,0.0,-0.5
120.0,Train11,巡航フェーズ（駅間走行中）,力行（加速）中,23.0,惰行,10.0,70.0,70.0,67.21,70.0,1254.0,60.0,235.1,0.0,0.0,この先制限速度なし,264m先に上り勾配12.5‰あり,先行列車なし,後続列車なし,0.0,0.0,,0.0,70.0,0.0,-0.5
198.0,Train11,巡航フェーズ（駅間走行中）,力行（加速）中,10.0,惰行,14.0,70.0,70.0,65.95,70.0,843.6,0.0,194.4,19.0,12.5,この先制限速度なし,53m先で上り勾配12.5‰が終わり平坦になる,先行列車なし,後続列車なし,0.0,0.0,,0.0,70.0,0.0,-0.5
148.0,Train11,巡航フェーズ（駅間走行中）,力行（加速）中,16.0,惰行,6.0,70.0,70.0,66.05,70.0,1230.9,32.0,227.3,0.0,0.0,この先制限速度なし,240m先に上り勾配12.5‰あり,先行列車なし,後続列車なし,0.0,0.0,,0.0,70.0,0.0,-0.5
175.0,Train11,巡航フェーズ（駅間走行中）,惰行中,5.0,力行（加速）,8.0,70.0,70.0,61.71,70.0,722.8,5.0,199.0,0.0,0.0,この先制限速度なし,132m先に上り勾配6.1‰あり,先行列車なし,後続列車なし,0.0,0.0,,0.0,70.0,0.0,-0.5
177.0,Train11,巡航フェーズ（駅間走行中）,惰行中,4.0,力行（加速）,15.0,70.0,70.0,67.47,70.0,1058.8,3.0,236.9,0.0,0.0,この先制限速度なし,68m先に上り勾配12.5‰あり,先行列車なし,後続列車なし,0.0,0.0,,0.0,70.0,0.0,-0.5
185.0,Train11,巡航フェーズ（駅間走行中）,力行（加速）中,10.0,惰行,7.0,70.0,70.0,66.44,70.0,1137.5,0.0,229.9,6.0,0.0,この先制限速度なし,147m先に上り勾配12.5‰あり,先行列車なし,後続列車なし,0.0,0.0,,0.0,70.0,0.0,-0.5
162.0,Train11,巡航フェーズ（駅間走行中）,力行（加速）中,13.0,惰行,18.0,70.0,70.0,65.3,70.0,698.7,18.0,222.2,0.0,0.0,この先制限速度なし,108m先に上り勾配6.1‰あり,先行列車なし,後続列車なし,0.0,0.0,,0.0,70.0,0.0,-0.5
148.0,Train11,巡航フェーズ（駅間走行中）,力行（加速）中,21.0,惰行,7.0,70.0,70.0,65.11,70.0,1299.0,32.0,221.0,0.0,0.0,この先制限速度なし,308m先に上り勾配12.5‰あり,先行列車なし,後続列車なし,0.0,0.0,,0.0,70.0,0.0,-0.5
174.0,Train11,巡航フェーズ（駅間走行中）,惰行中,19.0,力行（加速）,6.0,70.0,70.0,62.28,70.0,534.2,6.0,187.4,0.0,6.1,この先制限速度なし,344m先に上り勾配9.2‰あり,先行列車なし,後続列車なし,0.0,0.0,,0.0,70.0,0.0,-0.5
159.0,Train11,巡航フェーズ（駅間走行中）,惰行中,4.0,力行（加速）,6.0,70.0,70.0,66.69,70.0,803.3,21.0,198.7,0.0,12.5,この先制限速度なし,13m先で上り勾配12.5‰が終わり平坦になる,先行列車なし,後続列車なし,0.0,0.0,,0.0,70.0,0.0,-0.5
155.0,Train11,巡航フェーズ（駅間走行中）,力行（加速）中,14.0,惰行,11.0,70.0,70.0,65.91,70.0,733.1,25.0,226.3,0.0,0.0,この先制限速度なし,143m先に上り勾配6.1‰あり,先行列車なし,後続列車なし,0.0,0.0,,0.0,70.0,0.0,-0.5
159.0,Train11,巡航フェーズ（駅間走行中）,力行（加速）中,1.0,惰行,10.0,70.0,70.0,61.82,70.0,522.2,21.0,184.7,0.0,6.1,この先制限速度なし,332m先に上り勾配9.2‰あり,先行列車なし,後続列車なし,0.0,0.0,,0.0,70.0,0.0,-0.5
168.0,Train11,巡航フェーズ（駅間走行中）,力行（加速）中,15.0,惰行,9.0,70.0,70.0,65.07,70.0,1397.1,12.0,220.7,0.0,0.0,この先制限速度なし,407m先に上り勾配12.5‰あり,先行列車なし,後続列車なし,0.0,0.0,,0.0,70.0,0.0,-0.5
181.0,Train11,巡航フェーズ（駅間走行中）,力行（加速）中,14.0,惰行,15.0,70.0,70.0,66.7,70.0,633.1,0.0,231.6,2.0,0.0,この先制限速度なし,43m先に上り勾配6.1‰あり,先行列車なし,後続列車なし,0.0,0.0,,0.0,70.0,0.0,-0.5
200.0,Train11,巡航フェーズ（駅間走行中）,力行（加速）中,13.0,惰行,14.0,70.0,70.0,66.28,70.0,648.1,0.0,228.8,21.0,0.0,この先制限速度なし,58m先に上り勾配6.1‰あり,先行列車なし,後続列車なし,0.0,0.0,,0.0,70.0,0.0,-0.5
208.0,Train11,巡航フェーズ（駅間走行中）,惰行中,5.0,力行（加速）,11.0,70.0,70.0,64.95,70.0,563.2,0.0,203.5,29.0,6.1,この先制限速度なし,373m先に上り勾配9.2‰あり,先行列車なし,後続列車なし,0.0,0.0,,0.0,70.0,0.0,-0.5
181.0,Train11,巡航フェーズ（駅間走行中）,惰行中,4.0,力行（加速）,2.0,70.0,70.0,61.06,70.0,641.9,0.0,194.9,2.0,0.0,この先制限速度なし,51m先に上り勾配6.1‰あり,先行列車なし,後続列車なし,0.0,0.0,,0.0,70.0,0.0,-0.5
207.0,Train11,巡航フェーズ（駅間走行中）,力行（加速）中,1.0,惰行,1.0,70.0,70.0,68.35,70.0,902.9,0.0,208.5,28.0,12.5,この先制限速度なし,112m先で上り勾配12.5‰が終わり平坦になる,先行列車なし,後続列車なし,0.0,0.0,,0.0,70.0,0.0,-0.5
130.0,Train11,巡航フェーズ（駅間走行中）,力行（加速）中,10.0,惰行,6.0,70.0,70.0,62.97,70.0,1532.1,50.0,207.0,0.0,0.0,この先制限速度なし,この先目立った勾配なし,先行列車なし,後続列車なし,0.0,0.0,,0.0,70.0,0.0,-0.5
155.0,Train11,巡航フェーズ（駅間走行中）,惰行中,6.0,力行（加速）,26.0,70.0,70.0,67.23,70.0,1151.4,25.0,235.2,0.0,0.0,この先制限速度なし,161m先に上り勾配12.5‰あり,先行列車なし,後続列車なし,0.0,0.0,,0.0,70.0,0.0,-0.5
163.0,Train11,巡航フェーズ（駅間走行中）,惰行中,11.0,力行（加速）,20.0,70.0,70.0,65.07,70.0,951.2,17.0,189.4,0.0,12.5,この先制限速度なし,161m先で上り勾配12.5‰が終わり平坦になる,先行列車なし,後続列車なし,0.0,0.0,,0.0,70.0,0.0,-0.5
139.0,Train11,巡航フェーズ（駅間走行中）,惰行中,18.0,力行（加速）,24.0,70.0,70.0,62.08,70.0,905.6,41.0,172.7,0.0,12.5,この先制限速度なし,115m先で上り勾配12.5‰が終わり平坦になる,先行列車なし,後続列車なし,0.0,0.0,,0.0,70.0,0.0,-0.5
156.0,Train11,巡航フェーズ（駅間走行中）,力行（加速）中,8.0,惰行,21.0,70.0,70.0,62.2,70.0,797.9,24.0,173.4,0.0,12.5,この先制限速度なし,7m先で上り勾配12.5‰が終わり平坦になる,先行列車なし,後続列車なし,0.0,0.0,,0.0,70.0,0.0,-0.5
160.0,Train11,巡航フェーズ（駅間走行中）,惰行中,4.0,力行（加速）,18.0,70.0,70.0,67.52,70.0,698.0,20.0,237.3,0.0,0.0,この先制限速度なし,107m先に上り勾配6.1‰あり,先行列車なし,後続列車なし,0.0,0.0,,0.0,70.0,0.0,-0.5
142.0,Train11,巡航フェーズ（駅間走行中）,惰行中,11.0,力行（加速）,20.0,70.0,70.0,65.72,70.0,1051.4,38.0,225.1,0.0,0.0,この先制限速度なし,61m先に上り勾配12.5‰あり,先行列車なし,後続列車なし,0.0,0.0,,0.0,70.0,0.0,-0.5
187.0,Train11,巡航フェーズ（駅間走行中）,惰行中,7.0,力行（加速）,29.0,70.0,70.0,65.39,70.0,935.8,0.0,191.2,8.0,12.5,この先制限速度なし,145m先で上り勾配12.5‰が終わり平坦になる,先行列車なし,後続列車なし,0.0,0.0,,0.0,70.0,0.0,-0.5
206.0,Train11,巡航フェーズ（駅間走行中）,力行（加速）中,11.0,惰行,7.0,70.0,70.0,66.7,70.0,749.9,0.0,231.6,27.0,0.0,この先制限速度なし,159m先に上り勾配6.1‰あり,先行列車なし,後続列車なし,0.0,0.0,,0.0,70.0,0.0,-0.5
114.0,Train11,巡航フェーズ（駅間走行中）,力行（加速）中,20.0,惰行,16.0,70.0,70.0,63.87,70.0,1330.5,66.0,212.8,0.0,0.0,この先制限速度なし,340m先に上り勾配12.5‰あり,先行列車なし,後続列車なし,0.0,0.0,,0.0,70.0,0.0,-0.5
132.0,Train11,巡航フェーズ（駅間走行中）,惰行中,11.0,力行（加速）,24.0,70.0,70.0,65.76,70.0,1030.5,48.0,225.3,0.0,0.0,この先制限速度なし,40m先に上り勾配12.5‰あり,先行列車なし,後続列車なし,0.0,0.0,,0.0,70.0,0.0,-0.5
154.0,Train11,巡航フェーズ（駅間走行中）,力行（加速）中,5.0,惰行,1.0,70.0,70.0,68.72,70.0,897.8,26.0,210.7,0.0,12.5,この先制限速度なし,107m先で上り勾配12.5‰が終わり平坦になる,先行列車なし,後続列車なし,0.0,0.0,,0.0,70.0,0.0,-0.5
200.0,Train11,巡航フェーズ（駅間走行中）,力行（加速）中,11.0,惰行,14.0,70.0,70.0,66.97,70.0,610.7,0.0,233.5,21.0,0.0,この先制限速度なし,20m先に上り勾配6.1‰あり,先行列車なし,後続列車なし,0.0,0.0,,0.0,70.0,0.0,-0.5
146.0,Train11,巡航フェーズ（駅間走行中）,力行（加速）中,19.0,惰行,7.0,70.0,70.0,64.1,70.0,1334.9,34.0,214.3,0.0,0.0,この先制限速度なし,344m先に上り勾配12.5‰あり,先行列車なし,後続列車なし,0.0,0.0,,0.0,70.0,0.0,-0.5
161.0,Train11,巡航フェーズ（駅間走行中）,力行（加速）中,8.0,惰行,9.0,70.0,70.0,61.34,70.0,1520.1,19.0,196.6,0.0,0.0,この先制限速度なし,この先目立った勾配なし,先行列車なし,後続列車なし,0.0,0.0,,0.0,70.0,0.0,-0.5
186.0,Train11,巡航フェーズ（駅間走行中）,惰行中,2.0,力行（加速）,2.0,70.0,70.0,61.14,70.0,557.1,0.0,180.8,7.0,6.1,この先制限速度なし,367m先に上り勾配9.2‰あり,先行列車なし,後続列車なし,0.0,0.0,,0.0,70.0,0.0,-0.5
186.0,Train11,巡航フェーズ（駅間走行中）,力行（加速）中,13.0,惰行,12.0,70.0,70.0,67.42,70.0,841.5,0.0,203.0,7.0,12.5,この先制限速度なし,51m先で上り勾配12.5‰が終わり平坦になる,先行列車なし,後続列車なし,0.0,0.0,,0.0,70.0,0.0,-0.5
175.0,Train11,巡航フェーズ（駅間走行中）,力行（加速）中,8.0,惰行,15.0,70.0,70.0,63.72,70.0,741.9,5.0,211.8,0.0,0.0,この先制限速度なし,151m先に上り勾配6.1‰あり,先行列車なし,後続列車なし,0.0,0.0,,0.0,70.0,0.0,-0.5
169.0,Train11,巡航フェーズ（駅間走行中）,力行（加速）中,5.0,惰行,7.0,70.0,70.0,63.97,70.0,1211.4,11.0,213.5,0.0,0.0,この先制限速度なし,221m先に上り勾配12.5‰あり,先行列車なし,後続列車なし,0.0,0.0,,0.0,70.0,0.0,-0.5
158.0,Train11,巡航フェーズ（駅間走行中）,惰行中,1.0,力行（加速）,17.0,70.0,70.0,63.35,70.0,1403.0,22.0,209.5,0.0,0.0,この先制限速度なし,412m先に上り勾配12.5‰あり,先行列車なし,後続列車なし,0.0,0.0,,0.0,70.0,0.0,-0.5
127.0,Train11,巡航フェーズ（駅間走行中）,惰行中,6.0,力行（加速）,23.0,70.0,70.0,66.98,70.0,1136.5,53.0,233.6,0.0,0.0,この先制限速度なし,146m先に上り勾配12.5‰あり,先行列車なし,後続列車なし,0.0,0.0,,0.0,70.0,0.0,-0.5
142.0,Train11,巡航フェーズ（駅間走行中）,力行（加速）中,3.0,惰行,18.0,70.0,70.0,61.67,70.0,854.2,38.0,170.4,0.0,12.5,この先制限速度なし,64m先で上り勾配12.5‰が終わり平坦になる,先行列車なし,後続列車なし,0.0,0.0,,0.0,70.0,0.0,-0.5
158.0,Train11,巡航フェーズ（駅間走行中）,惰行中,5.0,力行（加速）,18.0,70.0,70.0,67.57,70.0,567.1,22.0,219.9,0.0,6.1,この先制限速度なし,377m先に上り勾配9.2‰あり,先行列車なし,後続列車なし,0.0,0.0,,0.0,70.0,0.0,-0.5
177.0,Train11,巡航フェーズ（駅間走行中）,惰行中,8.0,力行（加速）,3.0,70.0,70.0,62.39,70.0,946.2,3.0,174.4,0.0,12.5,この先制限速度なし,156m先で上り勾配12.5‰が終わり平坦になる,先行列車なし,後続列車なし,0.0,0.0,,0.0,70.0,0.0,-0.5
163.0,Train11,巡航フェーズ（駅間走行中）,力行（加速）中,15.0,惰行,21.0,70.0,70.0,65.65,70.0,673.7,17.0,224.6,0.0,0.0,この先制限速度なし,83m先に上り勾配6.1‰あり,先行列車なし,後続列車なし,0.0,0.0,,0.0,70.0,0.0,-0.5
155.0,Train11,巡航フェーズ（駅間走行中）,惰行中,15.0,力行（加速）,20.0,70.0,70.0,65.06,70.0,1071.9,25.0,220.7,0.0,0.0,この先制限速度なし,81m先に上り勾配12.5‰あり,先行列車なし,後続列車なし,0.0,0.0,,0.0,70.0,0.0,-0.5
189.0,Train11,巡航フェーズ（駅間走行中）,力行（加速）中,16.0,惰行,6.0,70.0,70.0,65.39,70.0,1124.6,0.0,222.8,10.0,0.0,この先制限速度なし,134m先に上り勾配12.5‰あり,先行列車なし,後続列車なし,0.0,0.0,,0.0,70.0,0.0,-0.5
182.0,Train11,巡航フェーズ（駅間走行中）,力行（加速）中,9.0,惰行,6.0,70.0,70.0,61.7,70.0,1248.3,0.0,198.9,3.0,0.0,この先制限速度なし,258m先に上り勾配12.5‰あり,先行列車なし,後続列車なし,0.0,0.0,,0.0,70.0,0.0,-0.5
192.0,Train11,巡航フェーズ（駅間走行中）,惰行中,3.0,力行（加速）,16.0,70.0,70.0,67.56,70.0,728.7,0.0,237.5,13.0,0.0,この先制限速度なし,138m先に上り勾配6.1‰あり,先行列車なし,後続列車なし,0.0,0.0,,0.0,70.0,0.0,-0.5
161.0,Train11,巡航フェーズ（駅間走行中）,惰行中,12.0,力行（加速）,17.0,70.0,70.0,64.88,70.0,1231.3,19.0,219.4,0.0,0.0,この先制限速度なし,241m先に上り勾配12.5‰あり,先行列車なし,後続列車なし,0.0,0.0,,0.0,70.0,0.0,-0.5
166.0,Train11,巡航フェーズ（駅間走行中）,力行（加速）中,8.0,惰行,6.0,70.0,70.0,64.37,70.0,1262.7,14.0,216.1,0.0,0.0,この先制限速度なし,272m先に上り勾配12.5‰あり,先行列車なし,後続列車なし,0.0,0.0,,0.0,70.0,0.0,-0.5
159.0,Train11,巡航フェーズ（駅間走行中）,惰行中,10.0,力行（加速）,7.0,70.0,70.0,62.61,70.0,846.3,21.0,175.6,0.0,12.5,この先制限速度なし,56m先で上り勾配12.5‰が終わり平坦になる,先行列車なし,後続列車なし,0.0,0.0,,0.0,70.0,0.0,-0.5
174.0,Train11,巡航フェーズ（駅間走行中）,力行（加速）中,22.0,惰行,9.0,70.0,70.0,67.49,70.0,793.8,6.0,203.4,0.0,12.5,この先制限速度なし,3m先で上り勾配12.5‰が終わり平坦になる,先行列車なし,後続列車なし,0.0,0.0,,0.0,70.0,0.0,-0.5
140.0,Train11,巡航フェーズ（駅間走行中）,惰行中,13.0,力行（加速）,19.0,70.0,70.0,65.21,70.0,1077.5,40.0,221.7,0.0,0.0,この先制限速度なし,87m先に上り勾配12.5‰あり,先行列車なし,後続列車なし,0.0,0.0,,0.0,70.0,0.0,-0.5
183.0,Train11,巡航フェーズ（駅間走行中）,惰行中,11.0,力行（加速）,19.0,70.0,70.0,65.13,70.0,1120.9,0.0,221.1,4.0,0.0,この先制限速度なし,130m先に上り勾配12.5‰あり,先行列車なし,後続列車なし,0.0,0.0,,0.0,70.0,0.0,-0.5
186.0,Train11,巡航フェーズ（駅間走行中）,力行（加速）中,16.0,惰行,16.0,70.0,70.0,67.44,70.0,609.1,0.0,236.7,7.0,0.0,この先制限速度なし,19m先に上り勾配6.1‰あり,先行列車なし,後続列車なし,0.0,0.0,,0.0,70.0,0.0,-0.5
131.0,Train11,巡航フェーズ（駅間走行中）,力行（加速）中,19.0,惰行,9.0,70.0,70.0,65.94,70.0,1331.0,49.0,226.5,0.0,0.0,この先制限速度なし,341m先に上り勾配12.5‰あり,先行列車なし,後続列車なし,0.0,0.0,,0.0,70.0,0.0,-0.5
145.0,Train11,巡航フェーズ（駅間走行中）,力行（加速）中,13.0,惰行,6.0,70.0,70.0,64.57,70.0,1285.4,35.0,217.4,0.0,0.0,この先制限速度なし,295m先に上り勾配12.5‰あり,先行列車なし,後続列車なし,0.0,0.0,,0.0,70.0,0.0,-0.5
172.0,Train11,巡航フェーズ（駅間走行中）,力行（加速）中,3.0,惰行,4.0,70.0,70.0,68.22,70.0,1124.8,8.0,242.0,0.0,0.0,この先制限速度なし,134m先に上り勾配12.5‰あり,先行列車なし,後続列車なし,0.0,0.0,,0.0,70.0,0.0,-0.5
152.0,Train11,巡航フェーズ（駅間走行中）,惰行中,3.0,力行（加速）,7.0,70.0,70.0,67.29,70.0,972.6,28.0,202.2,0.0,12.5,この先制限速度なし,182m先で上り勾配12.5‰が終わり平坦になる,先行列車なし,後続列車なし,0.0,0.0,,0.0,70.0,0.0,-0.5
110.0,Train11,巡航フェーズ（駅間走行中）,力行（加速）中,17.0,惰行,9.0,70.0,70.0,66.05,70.0,1360.7,70.0,227.2,0.0,0.0,この先制限速度なし,370m先に上り勾配12.5‰あり,先行列車なし,後続列車なし,0.0,0.0,,0.0,70.0,0.0,-0.5
185.0,Train11,巡航フェーズ（駅間走行中）,惰行中,10.0,力行（加速）,6.0,70.0,70.0,65.18,70.0,878.0,0.0,190.0,6.0,12.5,この先制限速度なし,88m先で上り勾配12.5‰が終わり平坦になる,先行列車なし,後続列車なし,0.0,0.0,,0.0,70.0,0.0,-0.5
131.0,Train11,巡航フェーズ（駅間走行中）,惰行中,9.0,力行（加速）,28.0,70.0,70.0,66.31,70.0,1015.8,49.0,229.0,0.0,0.0,この先制限速度なし,25m先に上り勾配12.5‰あり,先行列車なし,後続列車なし,0.0,0.0,,0.0,70.0,0.0,-0.5
158.0,Train11,巡航フェーズ（駅間走行中）,力行（加速）中,5.0,惰行,12.0,70.0,70.0,63.09,70.0,480.7,22.0,192.2,0.0,6.1,この先制限速度なし,290m先に上り勾配9.2‰あり,先行列車なし,後続列車なし,0.0,0.0,,0.0,70.0,0.0,-0.5
151.0,Train11,巡航フェーズ（駅間走行中）,力行（加速）中,10.0,惰行,11.0,70.0,70.0,64.28,70.0,805.3,29.0,184.9,0.0,12.5,この先制限速度なし,15m先で上り勾配12.5‰が終わり平坦になる,先行列車なし,後続列車なし,0.0,0.0,,0.0,70.0,0.0,-0.5
184.0,Train11,巡航フェーズ（駅間走行中）,惰行中,9.0,力行（加速）,6.0,70.0,70.0,65.85,70.0,896.2,0.0,193.9,5.0,12.5,この先制限速度なし,106m先で上り勾配12.5‰が終わり平坦になる,先行列車なし,後続列車なし,0.0,0.0,,0.0,70.0,0.0,-0.5
193.0,Train11,巡航フェーズ（駅間走行中）,力行（加速）中,1.0,惰行,12.0,70.0,70.0,61.41,70.0,830.1,0.0,169.0,14.0,12.5,この先制限速度なし,40m先で上り勾配12.5‰が終わり平坦になる,先行列車なし,後続列車なし,0.0,0.0,,0.0,70.0,0.0,-0.5
185.0,Train11,巡航フェーズ（駅間走行中）,惰行中,5.0,力行（加速）,29.0,70.0,70.0,66.74,70.0,972.5,0.0,199.0,6.0,12.5,この先制限速度なし,182m先で上り勾配12.5‰が終わり平坦になる,先行列車なし,後続列車なし,0.0,0.0,,0.0,70.0,0.0,-0.5
126.0,Train11,巡航フェーズ（駅間走行中）,力行（加速）中,14.0,惰行,9.0,70.0,70.0,63.41,70.0,1420.9,54.0,209.8,0.0,0.0,この先制限速度なし,430m先に上り勾配12.5‰あり,先行列車なし,後続列車なし,0.0,0.0,,0.0,70.0,0.0,-0.5
149.0,Train11,巡航フェーズ（駅間走行中）,力行（加速）中,10.0,惰行,18.0,70.0,70.0,63.85,70.0,732.9,31.0,212.7,0.0,0.0,この先制限速度なし,142m先に上り勾配6.1‰あり,先行列車なし,後続列車なし,0.0,0.0,,0.0,70.0,0.0,-0.5
191.0,Train11,巡航フェーズ（駅間走行中）,惰行中,2.0,力行（加速）,16.0,70.0,70.0,67.8,70.0,747.5,0.0,239.1,12.0,0.0,この先制限速度なし,157m先に上り勾配6.1‰あり,先行列車なし,後続列車なし,0.0,0.0,,0.0,70.0,0.0,-0.5
121.0,Train11,巡航フェーズ（駅間走行中）,力行（加速）中,10.0,惰行,2.0,70.0,70.0,62.65,70.0,1437.2,59.0,204.9,0.0,0.0,この先制限速度なし,447m先に上り勾配12.5‰あり,先行列車なし,後続列車なし,0.0,0.0,,0.0,70.0,0.0,-0.5
133.0,Train11,巡航フェーズ（駅間走行中）,惰行中,12.0,力行（加速）,23.0,70.0,70.0,65.59,70.0,1026.0,47.0,224.2,0.0,0.0,この先制限速度なし,36m先に上り勾配12.5‰あり,先行列車なし,後続列車なし,0.0,0.0,,0.0,70.0,0.0,-0.5
141.0,Train11,巡航フェーズ（駅間走行中）,惰行中,10.0,力行（加速）,20.0,70.0,70.0,65.96,70.0,1069.7,39.0,226.6,0.0,0.0,この先制限速度なし,79m先に上り勾配12.5‰あり,先行列車なし,後続列車なし,0.0,0.0,,0.0,70.0,0.0,-0.5
126.0,Train11,巡航フェーズ（駅間走行中）,力行（加速）中,15.0,惰行,2.0,70.0,70.0,65.25,70.0,1348.4,54.0,221.9,0.0,0.0,この先制限速度なし,358m先に上り勾配12.5‰あり,先行列車なし,後続列車なし,0.0,0.0,,0.0,70.0,0.0,-0.5
118.0,Train11,巡航フェーズ（駅間走行中）,力行（加速）中,24.0,惰行,16.0,70.0,70.0,65.88,70.0,1258.4,62.0,226.1,0.0,0.0,この先制限速度なし,268m先に上り勾配12.5‰あり,先行列車なし,後続列車なし,0.0,0.0,,0.0,70.0,0.0,-0.5
114.0,Train11,巡航フェーズ（駅間走行中）,力行（加速）中,21.0,惰行,9.0,70.0,70.0,67.91,70.0,1286.2,66.0,239.9,0.0,0.0,この先制限速度なし,296m先に上り勾配12.5‰あり,先行列車なし,後続列車なし,0.0,0.0,,0.0,70.0,0.0,-0.5
126.0,Train11,巡航フェーズ（駅間走行中）,惰行中,3.0,力行（加速）,19.0,70.0,70.0,67.56,70.0,1327.6,54.0,237.5,0.0,0.0,この先制限速度なし,337m先に上り勾配12.5‰あり,先行列車なし,後続列車なし,0.0,0.0,,0.0,70.0,0.0,-0.5
165.0,Train11,巡航フェーズ（駅間走行中）,力行（加速）中,12.0,惰行,9.0,70.0,70.0,63.52,70.0,1450.7,15.0,210.6,0.0,0.0,この先制限速度なし,460m先に上り勾配12.5‰あり,先行列車なし,後続列車なし,0.0,0.0,,0.0,70.0,0.0,-0.5
163.0,Train11,巡航フェーズ（駅間走行中）,力行（加速）中,17.0,惰行,6.0,70.0,70.0,65.14,70.0,751.9,17.0,221.2,0.0,0.0,この先制限速度なし,161m先に上り勾配6.1‰あり,先行列車なし,後続列車なし,0.0,0.0,,0.0,70.0,0.0,-0.5
139.0,Train11,巡航フェーズ（駅間走行中）,力行（加速）中,21.0,惰行,6.0,70.0,70.0,63.54,70.0,1211.3,41.0,210.7,0.0,0.0,この先制限速度なし,221m先に上り勾配12.5‰あり,先行列車なし,後続列車なし,0.0,0.0,,0.0,70.0,0.0,-0.5
191.0,Train11,巡航フェーズ（駅間走行中）,力行（加速）中,8.0,惰行,11.0,70.0,70.0,67.83,70.0,973.4,0.0,205.4,12.0,12.5,この先制限速度なし,183m先で上り勾配12.5‰が終わり平坦になる,先行列車なし,後続列車なし,0.0,0.0,,0.0,70.0,0.0,-0.5
165.0,Train11,巡航フェーズ（駅間走行中）,惰行中,10.0,力行（加速）,6.0,70.0,70.0,64.98,70.0,693.8,15.0,220.2,0.0,0.0,この先制限速度なし,103m先に上り勾配6.1‰あり,先行列車なし,後続列車なし,0.0,0.0,,0.0,70.0,0.0,-0.5
159.0,Train11,巡航フェーズ（駅間走行中）,惰行中,3.0,力行（加速）,18.0,70.0,70.0,67.76,70.0,716.8,21.0,238.9,0.0,0.0,この先制限速度なし,126m先に上り勾配6.1‰あり,先行列車なし,後続列車なし,0.0,0.0,,0.0,70.0,0.0,-0.5
204.0,Train11,巡航フェーズ（駅間走行中）,惰行中,1.0,力行（加速）,11.0,70.0,70.0,66.19,70.0,636.2,0.0,228.2,25.0,0.0,この先制限速度なし,46m先に上り勾配6.1‰あり,先行列車なし,後続列車なし,0.0,0.0,,0.0,70.0,0.0,-0.5
130.0,Train11,巡航フェーズ（駅間走行中）,惰行中,8.0,力行（加速）,28.0,70.0,70.0,66.55,70.0,1034.2,50.0,230.6,0.0,0.0,この先制限速度なし,44m先に上り勾配12.5‰あり,先行列車なし,後続列車なし,0.0,0.0,,0.0,70.0,0.0,-0.5
140.0,Train11,巡航フェーズ（駅間走行中）,力行（加速）中,8.0,惰行,3.0,70.0,70.0,62.42,70.0,1614.0,40.0,203.5,0.0,0.0,この先制限速度なし,この先目立った勾配なし,先行列車なし,後続列車なし,0.0,0.0,,0.0,70.0,0.0,-0.5
137.0,Train11,巡航フェーズ（駅間走行中）,惰行中,6.0,力行（加速）,20.0,70.0,70.0,66.89,70.0,1143.5,43.0,232.9,0.0,0.0,この先制限速度なし,153m先に上り勾配12.5‰あり,先行列車なし,後続列車なし,0.0,0.0,,0.0,70.0,0.0,-0.5
172.0,Train11,巡航フェーズ（駅間走行中）,惰行中,5.0,力行（加速）,19.0,70.0,70.0,66.09,70.0,506.5,8.0,210.5,0.0,6.1,この先制限速度なし,316m先に上り勾配9.2‰あり,先行列車なし,後続列車なし,0.0,0.0,,0.0,70.0,0.0,-0.5
185.0,Train11,巡航フェーズ（駅間走行中）,惰行中,12.0,力行（加速）,15.0,70.0,70.0,63.72,70.0,912.1,0.0,181.8,6.0,12.5,この先制限速度なし,122m先で上り勾配12.5‰が終わり平坦になる,先行列車なし,後続列車なし,0.0,0.0,,0.0,70.0,0.0,-0.5
153.0,Train11,巡航フェーズ（駅間走行中）,力行（加速）中,15.0,惰行,15.0,70.0,70.0,67.35,70.0,829.6,27.0,202.6,0.0,12.5,この先制限速度なし,39m先で上り勾配12.5‰が終わり平坦になる,先行列車なし,後続列車なし,0.0,0.0,,0.0,70.0,0.0,-0.5
150.0,Train11,巡航フェーズ（駅間走行中）,惰行中,7.0,力行（加速）,18.0,70.0,70.0,62.63,70.0,1231.1,30.0,204.8,0.0,0.0,この先制限速度なし,241m先に上り勾配12.5‰あり,先行列車なし,後続列車なし,0.0,0.0,,0.0,70.0,0.0,-0.5
191.0,Train11,巡航フェーズ（駅間走行中）,力行（加速）中,2.0,惰行,12.0,70.0,70.0,61.68,70.0,810.8,0.0,170.5,12.0,12.5,この先制限速度なし,20m先で上り勾配12.5‰が終わり平坦になる,先行列車なし,後続列車なし,0.0,0.0,,0.0,70.0,0.0,-0.5
183.0,Train11,巡航フェーズ（駅間走行中）,力行（加速）中,6.0,惰行,8.0,70.0,70.0,62.3,70.0,842.8,0.0,173.9,4.0,12.5,この先制限速度なし,52m先で上り勾配12.5‰が終わり平坦になる,先行列車なし,後続列車なし,0.0,0.0,,0.0,70.0,0.0,-0.5
130.0,Train11,巡航フェーズ（駅間走行中）,惰行中,3.0,力行（加速）,19.0,70.0,70.0,67.55,70.0,1261.9,50.0,237.4,0.0,0.0,この先制限速度なし,271m先に上り勾配12.5‰あり,先行列車なし,後続列車なし,0.0,0.0,,0.0,70.0,0.0,-0.5
146.0,Train11,巡航フェーズ（駅間走行中）,力行（加速）中,14.0,惰行,3.0,70.0,70.0,65.53,70.0,1507.3,34.0,223.8,0.0,0.0,この先制限速度なし,この先目立った勾配なし,先行列車なし,後続列車なし,0.0,0.0,,0.0,70.0,0.0,-0.5
105.0,Train11,巡航フェーズ（駅間走行中）,力行（加速）中,12.0,惰行,9.0,70.0,70.0,63.52,70.0,1450.7,75.0,210.6,0.0,0.0,この先制限速度なし,460m先に上り勾配12.5‰あり,先行列車なし,後続列車なし,0.0,0.0,,0.0,70.0,0.0,-0.5
215.0,Train11,巡航フェーズ（駅間走行中）,惰行中,10.0,力行（加速）,17.0,70.0,70.0,65.55,70.0,527.2,0.0,207.2,36.0,6.1,この先制限速度なし,337m先に上り勾配9.2‰あり,先行列車なし,後続列車なし,0.0,0.0,,0.0,70.0,0.0,-0.5
198.0,Train11,巡航フェーズ（駅間走行中）,力行（加速）中,11.0,惰行,14.0,70.0,70.0,65.31,70.0,684.7,0.0,222.3,19.0,0.0,この先制限速度なし,94m先に上り勾配6.1‰あり,先行列車なし,後続列車なし,0.0,0.0,,0.0,70.0,0.0,-0.5
170.0,Train11,巡航フェーズ（駅間走行中）,力行（加速）中,7.0,惰行,14.0,70.0,70.0,65.38,70.0,877.2,10.0,191.2,0.0,12.5,この先制限速度なし,87m先で上り勾配12.5‰が終わり平坦になる,先行列車なし,後続列車なし,0.0,0.0,,0.0,70.0,0.0,-0.5
196.0,Train11,巡航フェーズ（駅間走行中）,力行（加速）中,33.0,惰行,17.0,70.0,70.0,67.52,70.0,1112.3,0.0,237.2,17.0,0.0,この先制限速度なし,122m先に上り勾配12.5‰あり,先行列車なし,後続列車なし,0.0,0.0,,0.0,70.0,0.0,-0.5
156.0,Train11,巡航フェーズ（駅間走行中）,惰行中,16.0,力行（加速）,20.0,70.0,70.0,64.83,70.0,1053.9,24.0,219.1,0.0,0.0,この先制限速度なし,63m先に上り勾配12.5‰あり,先行列車なし,後続列車なし,0.0,0.0,,0.0,70.0,0.0,-0.5
148.0,Train11,巡航フェーズ（駅間走行中）,惰行中,5.0,力行（加速）,18.0,70.0,70.0,63.07,70.0,1266.0,32.0,207.6,0.0,0.0,この先制限速度なし,275m先に上り勾配12.5‰あり,先行列車なし,後続列車なし,0.0,0.0,,0.0,70.0,0.0,-0.5
173.0,Train11,巡航フェーズ（駅間走行中）,力行（加速）中,3.0,惰行,16.0,70.0,70.0,62.1,70.0,841.6,7.0,172.8,0.0,12.5,この先制限速度なし,51m先で上り勾配12.5‰が終わり平坦になる,先行列車なし,後続列車なし,0.0,0.0,,0.0,70.0,0.0,-0.5
135.0,Train11,巡航フェーズ（駅間走行中）,力行（加速）中,15.0,惰行,6.0,70.0,70.0,65.54,70.0,1442.9,45.0,223.8,0.0,0.0,この先制限速度なし,452m先に上り勾配12.5‰あり,先行列車なし,後続列車なし,0.0,0.0,,0.0,70.0,0.0,-0.5
174.0,Train11,巡航フェーズ（駅間走行中）,力行（加速）中,11.0,惰行,14.0,70.0,70.0,65.59,70.0,804.5,6.0,192.3,0.0,12.5,この先制限速度なし,14m先で上り勾配12.5‰が終わり平坦になる,先行列車なし,後続列車なし,0.0,0.0,,0.0,70.0,0.0,-0.5
209.0,Train11,巡航フェーズ（駅間走行中）,惰行中,1.0,力行（加速）,13.0,70.0,70.0,68.08,70.0,693.7,0.0,241.1,30.0,0.0,この先制限速度なし,103m先に上り勾配6.1‰あり,先行列車なし,後続列車なし,0.0,0.0,,0.0,70.0,0.0,-0.5
173.0,Train11,巡航フェーズ（駅間走行中）,力行（加速）中,20.0,惰行,9.0,70.0,70.0,67.46,70.0,1305.0,7.0,236.8,0.0,0.0,この先制限速度なし,315m先に上り勾配12.5‰あり,先行列車なし,後続列車なし,0.0,0.0,,0.0,70.0,0.0,-0.5
174.0,Train11,巡航フェーズ（駅間走行中）,力行（加速）中,6.0,惰行,1.0,70.0,70.0,68.8,70.0,473.8,6.0,227.7,0.0,6.1,この先制限速度なし,283m先に上り勾配9.2‰あり,先行列車なし,後続列車なし,0.0,0.0,,0.0,70.0,0.0,-0.5
172.0,Train11,巡航フェーズ（駅間走行中）,惰行中,17.0,力行（加速）,6.0,70.0,70.0,63.15,70.0,569.0,8.0,192.6,0.0,6.1,この先制限速度なし,378m先に上り勾配9.2‰あり,先行列車なし,後続列車なし,0.0,0.0,,0.0,70.0,0.0,-0.5
163.0,Train11,巡航フェーズ（駅間走行中）,力行（加速）中,4.0,惰行,10.0,70.0,70.0,62.6,70.0,777.2,17.0,204.7,0.0,0.0,この先制限速度なし,187m先に上り勾配6.1‰あり,先行列車なし,後続列車なし,0.0,0.0,,0.0,70.0,0.0,-0.5
189.0,Train11,巡航フェーズ（駅間走行中）,力行（加速）中,13.0,惰行,6.0,70.0,70.0,66.13,70.0,474.9,0.0,210.8,10.0,6.1,この先制限速度なし,284m先に上り勾配9.2‰あり,先行列車なし,後続列車なし,0.0,0.0,,0.0,70.0,0.0,-0.5
177.0,Train11,巡航フェーズ（駅間走行中）,惰行中,3.0,力行（加速）,21.0,70.0,70.0,67.88,70.0,1229.5,3.0,239.7,0.0,0.0,この先制限速度なし,239m先に上り勾配12.5‰あり,先行列車なし,後続列車なし,0.0,0.0,,0.0,70.0,0.0,-0.5
128.0,Train11,巡航フェーズ（駅間走行中）,力行（加速）中,8.0,惰行,6.0,70.0,70.0,61.87,70.0,1566.8,52.0,200.0,0.0,0.0,この先制限速度なし,この先目立った勾配なし,先行列車なし,後続列車なし,0.0,0.0,,0.0,70.0,0.0,-0.5
138.0,Train11,巡航フェーズ（駅間走行中）,惰行中,7.0,力行（加速）,20.0,70.0,70.0,66.65,70.0,1125.0,42.0,231.3,0.0,0.0,この先制限速度なし,134m先に上り勾配12.5‰あり,先行列車なし,後続列車なし,0.0,0.0,,0.0,70.0,0.0,-0.5
122.0,Train11,巡航フェーズ（駅間走行中）,惰行中,1.0,力行（加速）,23.0,70.0,70.0,68.17,70.0,1230.3,58.0,241.7,0.0,0.0,この先制限速度なし,240m先に上り勾配12.5‰あり,先行列車なし,後続列車なし,0.0,0.0,,0.0,70.0,0.0,-0.5
164.0,Train11,巡航フェーズ（駅間走行中）,惰行中,7.0,力行（加速）,17.0,70.0,70.0,62.03,70.0,1298.5,16.0,201.0,0.0,0.0,この先制限速度なし,308m先に上り勾配12.5‰あり,先行列車なし,後続列車なし,0.0,0.0,,0.0,70.0,0.0,-0.5
185.0,Train11,巡航フェーズ（駅間走行中）,力行（加速）中,9.0,惰行,6.0,70.0,70.0,65.02,70.0,547.8,0.0,203.9,6.0,6.1,この先制限速度なし,357m先に上り勾配9.2‰あり,先行列車なし,後続列車なし,0.0,0.0,,0.0,70.0,0.0,-0.5
171.0,Train11,巡航フェーズ（駅間走行中）,力行（加速）中,1.0,惰行,16.0,70.0,70.0,61.87,70.0,876.0,9.0,171.5,0.0,12.5,この先制限速度なし,85m先で上り勾配12.5‰が終わり平坦になる,先行列車なし,後続列車なし,0.0,0.0,,0.0,70.0,0.0,-0.5
130.0,Train11,巡航フェーズ（駅間走行中）,惰行中,7.0,力行（加速）,19.0,70.0,70.0,66.62,70.0,1253.1,50.0,231.1,0.0,0.0,この先制限速度なし,263m先に上り勾配12.5‰あり,先行列車なし,後続列車なし,0.0,0.0,,0.0,70.0,0.0,-0.5
205.0,Train11,巡航フェーズ（駅間走行中）,惰行中,1.0,力行（加速）,17.0,70.0,70.0,68.18,70.0,554.5,0.0,223.7,26.0,6.1,この先制限速度なし,364m先に上り勾配9.2‰あり,先行列車なし,後続列車なし,0.0,0.0,,0.0,70.0,0.0,-0.5
161.0,Train11,巡航フェーズ（駅間走行中）,力行（加速）中,3.0,惰行,10.0,70.0,70.0,62.49,70.0,487.6,19.0,188.7,0.0,6.1,この先制限速度なし,297m先に上り勾配9.2‰あり,先行列車なし,後続列車なし,0.0,0.0,,0.0,70.0,0.0,-0.5
146.0,Train11,巡航フェーズ（駅間走行中）,惰行中,6.0,力行（加速）,17.0,70.0,70.0,65.37,70.0,1250.7,34.0,222.7,0.0,0.0,この先制限速度なし,260m先に上り勾配12.5‰あり,先行列車なし,後続列車なし,0.0,0.0,,0.0,70.0,0.0,-0.5
202.0,Train11,巡航フェーズ（駅間走行中）,力行（加速）中,7.0,惰行,7.0,70.0,70.0,65.56,70.0,823.2,0.0,192.2,23.0,12.5,この先制限速度なし,33m先で上り勾配12.5‰が終わり平坦になる,先行列車なし,後続列車なし,0.0,0.0,,0.0,70.0,0.0,-0.5
159.0,Train11,巡航フェーズ（駅間走行中）,惰行中,19.0,力行（加速）,20.0,70.0,70.0,64.15,70.0,1000.1,21.0,214.7,0.0,0.0,この先制限速度なし,10m先に上り勾配12.5‰あり,先行列車なし,後続列車なし,0.0,0.0,,0.0,70.0,0.0,-0.5
164.0,Train11,巡航フェーズ（駅間走行中）,惰行中,8.0,力行（加速）,18.0,70.0,70.0,66.58,70.0,623.5,16.0,230.8,0.0,0.0,この先制限速度なし,33m先に上り勾配6.1‰あり,先行列車なし,後続列車なし,0.0,0.0,,0.0,70.0,0.0,-0.5
188.0,Train11,巡航フェーズ（駅間走行中）,惰行中,13.0,力行（加速）,6.0,70.0,70.0,63.18,70.0,824.6,0.0,178.7,9.0,12.5,この先制限速度なし,34m先で上り勾配12.5‰が終わり平坦になる,先行列車なし,後続列車なし,0.0,0.0,,0.0,70.0,0.0,-0.5
206.0,Train11,巡航フェーズ（駅間走行中）,力行（加速）中,1.0,惰行,9.0,70.0,70.0,61.86,70.0,547.8,0.0,184.9,27.0,6.1,この先制限速度なし,357m先に上り勾配9.2‰あり,先行列車なし,後続列車なし,0.0,0.0,,0.0,70.0,0.0,-0.5
225.0,Train11,巡航フェーズ（駅間走行中）,惰行中,16.0,力行（加速）,3.0,70.0,70.0,63.39,70.0,573.3,0.0,194.1,46.0,6.1,この先制限速度なし,383m先に上り勾配9.2‰あり,先行列車なし,後続列車なし,0.0,0.0,,0.0,70.0,0.0,-0.5
160.0,Train11,巡航フェーズ（駅間走行中）,力行（加速）中,1.0,惰行,10.0,70.0,70.0,61.95,70.0,829.0,20.0,172.0,0.0,12.5,この先制限速度なし,39m先で上り勾配12.5‰が終わり平坦になる,先行列車なし,後続列車なし,0.0,0.0,,0.0,70.0,0.0,-0.5
184.0,Train11,巡航フェーズ（駅間走行中）,惰行中,4.0,力行（加速）,29.0,70.0,70.0,67.39,70.0,991.1,0.0,236.3,5.0,0.0,この先制限速度なし,1m先に上り勾配12.5‰あり,先行列車なし,後続列車なし,0.0,0.0,,0.0,70.0,0.0,-0.5
138.0,Train11,巡航フェーズ（駅間走行中）,惰行中,16.0,力行（加速）,28.0,70.0,70.0,62.26,70.0,890.3,42.0,173.7,0.0,12.5,この先制限速度なし,100m先で上り勾配12.5‰が終わり平坦になる,先行列車なし,後続列車なし,0.0,0.0,,0.0,70.0,0.0,-0.5
148.0,Train11,巡航フェーズ（駅間走行中）,力行（加速）中,2.0,惰行,6.0,70.0,70.0,62.25,70.0,1017.1,32.0,202.4,0.0,0.0,この先制限速度なし,27m先に上り勾配12.5‰あり,先行列車なし,後続列車なし,0.0,0.0,,0.0,70.0,0.0,-0.5
224.0,Train11,巡航フェーズ（駅間走行中）,惰行中,15.0,力行（加速）,3.0,70.0,70.0,63.82,70.0,591.0,0.0,212.5,45.0,0.0,この先制限速度なし,1m先に上り勾配6.1‰あり,先行列車なし,後続列車なし,0.0,0.0,,0.0,70.0,0.0,-0.5
165.0,Train11,巡航フェーズ（駅間走行中）,力行（加速）中,2.0,惰行,14.0,70.0,70.0,65.1,70.0,967.9,15.0,189.5,0.0,12.5,この先制限速度なし,177m先で上り勾配12.5‰が終わり平坦になる,先行列車なし,後続列車なし,0.0,0.0,,0.0,70.0,0.0,-0.5
179.0,Train11,巡航フェーズ（駅間走行中）,惰行中,4.0,力行（加速）,23.0,70.0,70.0,67.58,70.0,699.5,1.0,237.7,0.0,0.0,この先制限速度なし,109m先に上り勾配6.1‰あり,先行列車なし,後続列車なし,0.0,0.0,,0.0,70.0,0.0,-0.5
115.0,Train11,巡航フェーズ（駅間走行中）,力行（加速）中,17.0,惰行,10.0,70.0,70.0,64.85,70.0,1359.7,65.0,219.3,0.0,0.0,この先制限速度なし,369m先に上り勾配12.5‰あり,先行列車なし,後続列車なし,0.0,0.0,,0.0,70.0,0.0,-0.5
199.0,Train11,巡航フェーズ（駅間走行中）,惰行中,3.0,力行（加速）,7.0,70.0,70.0,63.93,70.0,670.5,0.0,213.2,20.0,0.0,この先制限速度なし,80m先に上り勾配6.1‰あり,先行列車なし,後続列車なし,0.0,0.0,,0.0,70.0,0.0,-0.5
111.0,Train11,巡航フェーズ（駅間走行中）,力行（加速）中,8.0,惰行,3.0,70.0,70.0,64.5,70.0,1347.4,69.0,216.9,0.0,0.0,この先制限速度なし,357m先に上り勾配12.5‰あり,先行列車なし,後続列車なし,0.0,0.0,,0.0,70.0,0.0,-0.5
173.0,Train11,巡航フェーズ（駅間走行中）,惰行中,3.0,力行（加速）,8.0,70.0,70.0,62.15,70.0,757.2,7.0,201.8,0.0,0.0,この先制限速度なし,167m先に上り勾配6.1‰あり,先行列車なし,後続列車なし,0.0,0.0,,0.0,70.0,0.0,-0.5
189.0,Train11,巡航フェーズ（駅間走行中）,惰行中,9.0,力行（加速）,29.0,70.0,70.0,64.06,70.0,899.8,0.0,183.6,10.0,12.5,この先制限速度なし,109m先で上り勾配12.5‰が終わり平坦になる,先行列車なし,後続列車なし,0.0,0.0,,0.0,70.0,0.0,-0.5
141.0,Train11,巡航フェーズ（駅間走行中）,力行（加速）中,9.0,惰行,6.0,70.0,70.0,62.46,70.0,1356.0,39.0,203.7,0.0,0.0,この先制限速度なし,365m先に上り勾配12.5‰あり,先行列車なし,後続列車なし,0.0,0.0,,0.0,70.0,0.0,-0.5
199.0,Train11,巡航フェーズ（駅間走行中）,惰行中,3.0,力行（加速）,19.0,70.0,70.0,67.14,70.0,553.3,0.0,217.1,20.0,6.1,この先制限速度なし,363m先に上り勾配9.2‰あり,先行列車なし,後続列車なし,0.0,0.0,,0.0,70.0,0.0,-0.5
188.0,Train11,巡航フェーズ（駅間走行中）,惰行中,13.0,力行（加速）,23.0,70.0,70.0,64.82,70.0,533.5,0.0,202.7,9.0,6.1,この先制限速度なし,343m先に上り勾配9.2‰あり,先行列車なし,後続列車なし,0.0,0.0,,0.0,70.0,0.0,-0.5
124.0,Train11,巡航フェーズ（駅間走行中）,惰行中,2.0,力行（加速）,28.0,70.0,70.0,67.97,70.0,1146.3,56.0,240.3,0.0,0.0,この先制限速度なし,156m先に上り勾配12.5‰あり,先行列車なし,後続列車なし,0.0,0.0,,0.0,70.0,0.0,-0.5
219.0,Train11,巡航フェーズ（駅間走行中）,惰行中,14.0,力行（加速）,17.0,70.0,70.0,63.78,70.0,455.3,0.0,196.4,40.0,6.1,この先制限速度なし,265m先に上り勾配9.2‰あり,先行列車なし,後続列車なし,0.0,0.0,,0.0,70.0,0.0,-0.5
154.0,Train11,巡航フェーズ（駅間走行中）,力行（加速）中,27.0,惰行,7.0,70.0,70.0,67.96,70.0,1188.0,26.0,240.2,0.0,0.0,この先制限速度なし,198m先に上り勾配12.5‰あり,先行列車なし,後続列車なし,0.0,0.0,,0.0,70.0,0.0,-0.5
199.0,Train11,巡航フェーズ（駅間走行中）,惰行中,2.0,力行（加速）,34.0,70.0,70.0,68.18,70.0,1055.6,0.0,241.8,20.0,0.0,この先制限速度なし,65m先に上り勾配12.5‰あり,先行列車なし,後続列車なし,0.0,0.0,,0.0,70.0,0.0,-0.5
181.0,Train11,巡航フェーズ（駅間走行中）,惰行中,6.0,力行（加速）,6.0,70.0,70.0,67.88,70.0,951.9,0.0,205.7,2.0,12.5,この先制限速度なし,161m先で上り勾配12.5‰が終わり平坦になる,先行列車なし,後続列車なし,0.0,0.0,,0.0,70.0,0.0,-0.5
201.0,Train11,巡航フェーズ（駅間走行中）,惰行中,1.0,力行（加速）,17.0,70.0,70.0,68.04,70.0,784.9,0.0,240.8,22.0,0.0,この先制限速度なし,194m先に上り勾配6.1‰あり,先行列車なし,後続列車なし,0.0,0.0,,0.0,70.0,0.0,-0.5
169.0,Train11,巡航フェーズ（駅間走行中）,力行（加速）中,1.0,惰行,1.0,70.0,70.0,67.64,70.0,568.6,11.0,220.3,0.0,6.1,この先制限速度なし,378m先に上り勾配9.2‰あり,先行列車なし,後続列車なし,0.0,0.0,,0.0,70.0,0.0,-0.5
176.0,Train11,巡航フェーズ（駅間走行中）,惰行中,4.0,力行（加速）,19.0,70.0,70.0,66.75,70.0,1249.1,4.0,232.0,0.0,0.0,この先制限速度なし,259m先に上り勾配12.5‰あり,先行列車なし,後続列車なし,0.0,0.0,,0.0,70.0,0.0,-0.5
188.0,Train11,巡航フェーズ（駅間走行中）,惰行中,8.0,力行（加速）,29.0,70.0,70.0,64.72,70.0,917.7,0.0,187.4,9.0,12.5,この先制限速度なし,127m先で上り勾配12.5‰が終わり平坦になる,先行列車なし,後続列車なし,0.0,0.0,,0.0,70.0,0.0,-0.5
153.0,Train11,巡航フェーズ（駅間走行中）,力行（加速）中,5.0,惰行,21.0,70.0,70.0,61.86,70.0,849.6,27.0,171.5,0.0,12.5,この先制限速度なし,59m先で上り勾配12.5‰が終わり平坦になる,先行列車なし,後続列車なし,0.0,0.0,,0.0,70.0,0.0,-0.5
172.0,Train11,巡航フェーズ（駅間走行中）,力行（加速）中,13.0,惰行,10.0,70.0,70.0,67.13,70.0,614.9,8.0,234.6,0.0,0.0,この先制限速度なし,24m先に上り勾配6.1‰あり,先行列車なし,後続列車なし,0.0,0.0,,0.0,70.0,0.0,-0.5
186.0,Train11,巡航フェーズ（駅間走行中）,惰行中,7.0,力行（加速）,16.0,70.0,70.0,66.54,70.0,581.1,0.0,213.3,7.0,6.1,この先制限速度なし,391m先に上り勾配9.2‰あり,先行列車なし,後続列車なし,0.0,0.0,,0.0,70.0,0.0,-0.5
166.0,Train11,巡航フェーズ（駅間走行中）,惰行中,5.0,力行（加速）,23.0,70.0,70.0,67.19,70.0,1212.0,14.0,235.0,0.0,0.0,この先制限速度なし,222m先に上り勾配12.5‰あり,先行列車なし,後続列車なし,0.0,0.0,,0.0,70.0,0.0,-0.5
123.0,Train11,巡航フェーズ（駅間走行中）,惰行中,1.0,力行（加速）,28.0,70.0,70.0,68.21,70.0,1165.2,57.0,241.9,0.0,0.0,この先制限速度なし,175m先に上り勾配12.5‰あり,先行列車なし,後続列車なし,0.0,0.0,,0.0,70.0,0.0,-0.5
209.0,Train11,巡航フェーズ（駅間走行中）,惰行中,9.0,力行（加速）,17.0,70.0,70.0,66.15,70.0,635.8,0.0,228.0,30.0,0.0,この先制限速度なし,45m先に上り勾配6.1‰あり,先行列車なし,後続列車なし,0.0,0.0,,0.0,70.0,0.0,-0.5
146.0,Train11,巡航フェーズ（駅間走行中）,惰行中,3.0,力行（加速）,8.0,70.0,70.0,63.26,70.0,714.6,34.0,208.9,0.0,0.0,この先制限速度なし,124m先に上り勾配6.1‰あり,先行列車なし,後続列車なし,0.0,0.0,,0.0,70.0,0.0,-0.5
192.0,Train11,巡航フェーズ（駅間走行中）,惰行中,17.0,力行（加速）,23.0,70.0,70.0,63.06,70.0,462.5,0.0,192.0,13.0,6.1,この先制限速度なし,272m先に上り勾配9.2‰あり,先行列車なし,後続列車なし,0.0,0.0,,0.0,70.0,0.0,-0.5
206.0,Train11,巡航フェーズ（駅間走行中）,惰行中,1.0,力行（加速）,17.0,70.0,70.0,68.41,70.0,695.2,0.0,243.4,27.0,0.0,この先制限速度なし,105m先に上り勾配6.1‰あり,先行列車なし,後続列車なし,0.0,0.0,,0.0,70.0,0.0,-0.5
206.0,Train11,巡航フェーズ（駅間走行中）,惰行中,17.0,力行（加速）,16.0,70.0,70.0,62.94,70.0,473.6,0.0,191.3,27.0,6.1,この先制限速度なし,283m先に上り勾配9.2‰あり,先行列車なし,後続列車なし,0.0,0.0,,0.0,70.0,0.0,-0.5
166.0,Train11,巡航フェーズ（駅間走行中）,惰行中,1.0,力行（加速）,23.0,70.0,70.0,68.26,70.0,1237.8,14.0,242.4,0.0,0.0,この先制限速度なし,247m先に上り勾配12.5‰あり,先行列車なし,後続列車なし,0.0,0.0,,0.0,70.0,0.0,-0.5
123.0,Train11,巡航フェーズ（駅間走行中）,力行（加速）中,19.0,惰行,5.0,70.0,70.0,67.59,70.0,1384.2,57.0,237.7,0.0,0.0,この先制限速度なし,394m先に上り勾配12.5‰あり,先行列車なし,後続列車なし,0.0,0.0,,0.0,70.0,0.0,-0.5
148.0,Train11,巡航フェーズ（駅間走行中）,惰行中,21.0,力行（加速）,19.0,70.0,70.0,62.04,70.0,935.2,32.0,172.5,0.0,12.5,この先制限速度なし,145m先で上り勾配12.5‰が終わり平坦になる,先行列車なし,後続列車なし,0.0,0.0,,0.0,70.0,0.0,-0.5
159.0,Train11,巡航フェーズ（駅間走行中）,力行（加速）中,21.0,惰行,6.0,70.0,70.0,66.77,70.0,1343.4,21.0,232.1,0.0,0.0,この先制限速度なし,353m先に上り勾配12.5‰あり,先行列車なし,後続列車なし,0.0,0.0,,0.0,70.0,0.0,-0.5
150.0,Train11,巡航フェーズ（駅間走行中）,力行（加速）中,11.0,惰行,18.0,70.0,70.0,64.37,70.0,715.1,30.0,216.1,0.0,0.0,この先制限速度なし,125m先に上り勾配6.1‰あり,先行列車なし,後続列車なし,0.0,0.0,,0.0,70.0,0.0,-0.5
145.0,Train11,巡航フェーズ（駅間走行中）,惰行中,5.0,力行（加速）,2.0,70.0,70.0,62.13,70.0,1068.7,35.0,201.7,0.0,0.0,この先制限速度なし,78m先に上り勾配12.5‰あり,先行列車なし,後続列車なし,0.0,0.0,,0.0,70.0,0.0,-0.5
218.0,Train11,巡航フェーズ（駅間走行中）,力行（加速）中,13.0,惰行,11.0,70.0,70.0,66.98,70.0,601.2,0.0,233.5,39.0,0.0,この先制限速度なし,11m先に上り勾配6.1‰あり,先行列車なし,後続列車なし,0.0,0.0,,0.0,70.0,0.0,-0.5
153.0,Train11,巡航フェーズ（駅間走行中）,力行（加速）中,15.0,惰行,6.0,70.0,70.0,63.79,70.0,1452.3,27.0,212.3,0.0,0.0,この先制限速度なし,462m先に上り勾配12.5‰あり,先行列車なし,後続列車なし,0.0,0.0,,0.0,70.0,0.0,-0.5
196.0,Train11,巡航フェーズ（駅間走行中）,力行（加速）中,9.0,惰行,14.0,70.0,70.0,64.3,70.0,720.7,0.0,215.6,17.0,0.0,この先制限速度なし,130m先に上り勾配6.1‰あり,先行列車なし,後続列車なし,0.0,0.0,,0.0,70.0,0.0,-0.5
172.0,Train11,巡航フェーズ（駅間走行中）,力行（加速）中,21.0,惰行,6.0,70.0,70.0,63.75,70.0,1212.5,8.0,212.0,0.0,0.0,この先制限速度なし,222m先に上り勾配12.5‰あり,先行列車なし,後続列車なし,0.0,0.0,,0.0,70.0,0.0,-0.5
139.0,Train11,巡航フェーズ（駅間走行中）,力行（加速）中,1.0,惰行,16.0,70.0,70.0,61.61,70.0,873.1,41.0,170.1,0.0,12.5,この先制限速度なし,83m先で上り勾配12.5‰が終わり平坦になる,先行列車なし,後続列車なし,0.0,0.0,,0.0,70.0,0.0,-0.5
139.0,Train11,巡航フェーズ（駅間走行中）,力行（加速）中,19.0,惰行,6.0,70.0,70.0,67.44,70.0,1369.0,41.0,236.7,0.0,0.0,この先制限速度なし,378m先に上り勾配12.5‰あり,先行列車なし,後続列車なし,0.0,0.0,,0.0,70.0,0.0,-0.5
212.0,Train11,巡航フェーズ（駅間走行中）,惰行中,7.0,力行（加速）,17.0,70.0,70.0,66.9,70.0,582.4,0.0,215.6,33.0,6.1,この先制限速度なし,392m先に上り勾配9.2‰あり,先行列車なし,後続列車なし,0.0,0.0,,0.0,70.0,0.0,-0.5
172.0,Train11,巡航フェーズ（駅間走行中）,力行（加速）中,3.0,惰行,13.0,70.0,70.0,64.89,70.0,478.3,8.0,203.1,0.0,6.1,この先制限速度なし,288m先に上り勾配9.2‰あり,先行列車なし,後続列車なし,0.0,0.0,,0.0,70.0,0.0,-0.5
115.0,Train11,巡航フェーズ（駅間走行中）,力行（加速）中,11.0,惰行,5.0,70.0,70.0,63.67,70.0,1530.1,65.0,211.5,0.0,0.0,この先制限速度なし,この先目立った勾配なし,先行列車なし,後続列車なし,0.0,0.0,,0.0,70.0,0.0,-0.5
188.0,Train11,巡航フェーズ（駅間走行中）,惰行中,1.0,力行（加速）,17.0,70.0,70.0,68.13,70.0,571.4,0.0,223.4,9.0,6.1,この先制限速度なし,381m先に上り勾配9.2‰あり,先行列車なし,後続列車なし,0.0,0.0,,0.0,70.0,0.0,-0.5
188.0,Train11,巡航フェーズ（駅間走行中）,惰行中,11.0,力行（加速）,13.0,70.0,70.0,62.87,70.0,862.5,0.0,177.0,9.0,12.5,この先制限速度なし,72m先で上り勾配12.5‰が終わり平坦になる,先行列車なし,後続列車なし,0.0,0.0,,0.0,70.0,0.0,-0.5
172.0,Train11,巡航フェーズ（駅間走行中）,惰行中,3.0,力行（加速）,23.0,70.0,70.0,67.88,70.0,584.1,8.0,221.8,0.0,6.1,この先制限速度なし,394m先に上り勾配9.2‰あり,先行列車なし,後続列車なし,0.0,0.0,,0.0,70.0,0.0,-0.5
207.0,Train11,巡航フェーズ（駅間走行中）,惰行中,18.0,力行（加速）,16.0,70.0,70.0,62.5,70.0,456.2,0.0,188.7,28.0,6.1,この先制限速度なし,266m先に上り勾配9.2‰あり,先行列車なし,後続列車なし,0.0,0.0,,0.0,70.0,0.0,-0.5
176.0,Train11,巡航フェーズ（駅間走行中）,惰行中,2.0,力行（加速）,15.0,70.0,70.0,67.68,70.0,539.6,4.0,220.5,0.0,6.1,この先制限速度なし,349m先に上り勾配9.2‰あり,先行列車なし,後続列車なし,0.0,0.0,,0.0,70.0,0.0,-0.5
207.0,Train11,巡航フェーズ（駅間走行中）,惰行中,6.0,力行（加速）,12.0,70.0,70.0,65.45,70.0,480.8,0.0,206.6,28.0,6.1,この先制限速度なし,290m先に上り勾配9.2‰あり,先行列車なし,後続列車なし,0.0,0.0,,0.0,70.0,0.0,-0.5
173.0,Train11,巡航フェーズ（駅間走行中）,力行（加速）中,9.0,惰行,7.0,70.0,70.0,65.98,70.0,1139.2,7.0,226.8,0.0,0.0,この先制限速度なし,149m先に上り勾配12.5‰あり,先行列車なし,後続列車なし,0.0,0.0,,0.0,70.0,0.0,-0.5
171.0,Train11,巡航フェーズ（駅間走行中）,力行（加速）中,13.0,惰行,6.0,70.0,70.0,66.82,70.0,1171.6,9.0,232.4,0.0,0.0,この先制限速度なし,181m先に上り勾配12.5‰あり,先行列車なし,後続列車なし,0.0,0.0,,0.0,70.0,0.0,-0.5
153.0,Train11,巡航フェーズ（駅間走行中）,力行（加速）中,14.0,惰行,18.0,70.0,70.0,65.87,70.0,660.8,27.0,226.0,0.0,0.0,この先制限速度なし,70m先に上り勾配6.1‰あり,先行列車なし,後続列車なし,0.0,0.0,,0.0,70.0,0.0,-0.5
150.0,Train11,巡航フェーズ（駅間走行中）,力行（加速）中,23.0,惰行,7.0,70.0,70.0,66.09,70.0,1262.5,30.0,227.6,0.0,0.0,この先制限速度なし,272m先に上り勾配12.5‰あり,先行列車なし,後続列車なし,0.0,0.0,,0.0,70.0,0.0,-0.5
202.0,Train11,巡航フェーズ（駅間走行中）,惰行中,6.0,力行（加速）,19.0,70.0,70.0,65.79,70.0,498.0,0.0,208.7,23.0,6.1,この先制限速度なし,307m先に上り勾配9.2‰あり,先行列車なし,後続列車なし,0.0,0.0,,0.0,70.0,0.0,-0.5
192.0,Train11,巡航フェーズ（駅間走行中）,惰行中,4.0,力行（加速）,13.0,70.0,70.0,67.56,70.0,1006.1,0.0,237.5,13.0,0.0,この先制限速度なし,16m先に上り勾配12.5‰あり,先行列車なし,後続列車なし,0.0,0.0,,0.0,70.0,0.0,-0.5
149.0,Train11,巡航フェーズ（駅間走行中）,力行（加速）中,3.0,惰行,6.0,70.0,70.0,62.8,70.0,999.7,31.0,205.9,0.0,0.0,この先制限速度なし,9m先に上り勾配12.5‰あり,先行列車なし,後続列車なし,0.0,0.0,,0.0,70.0,0.0,-0.5
125.0,Train11,巡航フェーズ（駅間走行中）,力行（加速）中,24.0,惰行,15.0,70.0,70.0,63.71,70.0,1273.6,55.0,211.8,0.0,0.0,この先制限速度なし,283m先に上り勾配12.5‰あり,先行列車なし,後続列車なし,0.0,0.0,,0.0,70.0,0.0,-0.5
152.0,Train11,巡航フェーズ（駅間走行中）,力行（加速）中,17.0,惰行,14.0,70.0,70.0,67.9,70.0,680.9,28.0,239.9,0.0,0.0,この先制限速度なし,90m先に上り勾配6.1‰あり,先行列車なし,後続列車なし,0.0,0.0,,0.0,70.0,0.0,-0.5
177.0,Train11,巡航フェーズ（駅間走行中）,惰行中,8.0,力行（加速）,23.0,70.0,70.0,65.63,70.0,491.4,3.0,207.7,0.0,6.1,この先制限速度なし,301m先に上り勾配9.2‰あり,先行列車なし,後続列車なし,0.0,0.0,,0.0,70.0,0.0,-0.5
163.0,Train11,巡航フェーズ（駅間走行中）,惰行中,14.0,力行（加速）,17.0,70.0,70.0,64.42,70.0,1195.4,17.0,216.4,0.0,0.0,この先制限速度なし,205m先に上り勾配12.5‰あり,先行列車なし,後続列車なし,0.0,0.0,,0.0,70.0,0.0,-0.5
189.0,Train11,巡航フェーズ（駅間走行中）,惰行中,2.0,力行（加速）,17.0,70.0,70.0,67.68,70.0,552.5,0.0,220.5,10.0,6.1,この先制限速度なし,362m先に上り勾配9.2‰あり,先行列車なし,後続列車なし,0.0,0.0,,0.0,70.0,0.0,-0.5
159.0,Train11,巡航フェーズ（駅間走行中）,惰行中,5.0,力行（加速）,27.0,70.0,70.0,67.45,70.0,1093.6,21.0,236.7,0.0,0.0,この先制限速度なし,103m先に上り勾配12.5‰あり,先行列車なし,後続列車なし,0.0,0.0,,0.0,70.0,0.0,-0.5
201.0,Train11,巡航フェーズ（駅間走行中）,力行（加速）中,12.0,惰行,14.0,70.0,70.0,67.43,70.0,592.0,0.0,236.6,22.0,0.0,この先制限速度なし,1m先に上り勾配6.1‰あり,先行列車なし,後続列車なし,0.0,0.0,,0.0,70.0,0.0,-0.5
200.0,Train11,巡航フェーズ（駅間走行中）,惰行中,4.0,力行（加速）,19.0,70.0,70.0,66.69,70.0,534.8,0.0,214.3,21.0,6.1,この先制限速度なし,344m先に上り勾配9.2‰あり,先行列車なし,後続列車なし,0.0,0.0,,0.0,70.0,0.0,-0.5
167.0,Train11,巡航フェーズ（駅間走行中）,力行（加速）中,12.0,惰行,10.0,70.0,70.0,62.25,70.0,1454.5,13.0,202.4,0.0,0.0,この先制限速度なし,464m先に上り勾配12.5‰あり,先行列車なし,後続列車なし,0.0,0.0,,0.0,70.0,0.0,-0.5
113.0,Train11,巡航フェーズ（駅間走行中）,力行（加速）中,10.0,惰行,3.0,70.0,70.0,65.5,70.0,1311.3,67.0,223.6,0.0,0.0,この先制限速度なし,321m先に上り勾配12.5‰あり,先行列車なし,後続列車なし,0.0,0.0,,0.0,70.0,0.0,-0.5
148.0,Train11,巡航フェーズ（駅間走行中）,力行（加速）中,6.0,惰行,1.0,70.0,70.0,67.27,70.0,1047.9,32.0,235.5,0.0,0.0,この先制限速度なし,57m先に上り勾配12.5‰あり,先行列車なし,後続列車なし,0.0,0.0,,0.0,70.0,0.0,-0.5
162.0,Train11,巡航フェーズ（駅間走行中）,惰行中,7.0,力行（加速）,6.0,70.0,70.0,65.67,70.0,748.2,18.0,224.7,0.0,0.0,この先制限速度なし,158m先に上り勾配6.1‰あり,先行列車なし,後続列車なし,0.0,0.0,,0.0,70.0,0.0,-0.5
129.0,Train11,巡航フェーズ（駅間走行中）,惰行中,7.0,力行（加速）,28.0,70.0,70.0,66.78,70.0,1052.8,51.0,232.2,0.0,0.0,この先制限速度なし,62m先に上り勾配12.5‰あり,先行列車なし,後続列車なし,0.0,0.0,,0.0,70.0,0.0,-0.5
165.0,Train11,巡航フェーズ（駅間走行中）,惰行中,9.0,力行（加速）,18.0,70.0,70.0,66.35,70.0,605.0,15.0,229.3,0.0,0.0,この先制限速度なし,15m先に上り勾配6.1‰あり,先行列車なし,後続列車なし,0.0,0.0,,0.0,70.0,0.0,-0.5
198.0,Train11,巡航フェーズ（駅間走行中）,力行（加速）中,15.0,惰行,11.0,70.0,70.0,67.9,70.0,841.5,0.0,205.8,19.0,12.5,この先制限速度なし,51m先で上り勾配12.5‰が終わり平坦になる,先行列車なし,後続列車なし,0.0,0.0,,0.0,70.0,0.0,-0.5
164.0,Train11,巡航フェーズ（駅間走行中）,惰行中,10.0,力行（加速）,27.0,70.0,70.0,66.27,70.0,1000.8,16.0,228.7,0.0,0.0,この先制限速度なし,10m先に上り勾配12.5‰あり,先行列車なし,後続列車なし,0.0,0.0,,0.0,70.0,0.0,-0.5
144.0,Train11,巡航フェーズ（駅間走行中）,力行（加速）中,5.0,惰行,18.0,70.0,70.0,61.9,70.0,819.9,36.0,171.7,0.0,12.5,この先制限速度なし,29m先で上り勾配12.5‰が終わり平坦になる,先行列車なし,後続列車なし,0.0,0.0,,0.0,70.0,0.0,-0.5
120.0,Train11,巡航フェーズ（駅間走行中）,力行（加速）中,22.0,惰行,10.0,70.0,70.0,67.27,70.0,1268.0,60.0,235.5,0.0,0.0,この先制限速度なし,277m先に上り勾配12.5‰あり,先行列車なし,後続列車なし,0.0,0.0,,0.0,70.0,0.0,-0.5
146.0,Train11,巡航フェーズ（駅間走行中）,力行（加速）中,8.0,惰行,16.0,70.0,70.0,63.33,70.0,752.3,34.0,209.4,0.0,0.0,この先制限速度なし,162m先に上り勾配6.1‰あり,先行列車なし,後続列車なし,0.0,0.0,,0.0,70.0,0.0,-0.5
186.0,Train11,巡航フェーズ（駅間走行中）,力行（加速）中,9.0,惰行,8.0,70.0,70.0,62.62,70.0,790.7,0.0,175.6,7.0,12.5,この先制限速度なし,0m先で上り勾配12.5‰が終わり平坦になる,先行列車なし,後続列車なし,0.0,0.0,,0.0,70.0,0.0,-0.5
131.0,Train11,巡航フェーズ（駅間走行中）,力行（加速）中,8.0,惰行,9.0,70.0,70.0,61.34,70.0,1520.1,49.0,196.6,0.0,0.0,この先制限速度なし,この先目立った勾配なし,先行列車なし,後続列車なし,0.0,0.0,,0.0,70.0,0.0,-0.5
168.0,Train11,巡航フェーズ（駅間走行中）,惰行中,13.0,力行（加速）,6.0,70.0,70.0,64.3,70.0,639.9,12.0,215.7,0.0,0.0,この先制限速度なし,49m先に上り勾配6.1‰あり,先行列車なし,後続列車なし,0.0,0.0,,0.0,70.0,0.0,-0.5
117.0,Train11,巡航フェーズ（駅間走行中）,惰行中,3.0,力行（加速）,21.0,70.0,70.0,67.88,70.0,1229.5,63.0,239.7,0.0,0.0,この先制限速度なし,239m先に上り勾配12.5‰あり,先行列車なし,後続列車なし,0.0,0.0,,0.0,70.0,0.0,-0.5
126.0,Train11,巡航フェーズ（駅間走行中）,惰行中,5.0,力行（加速）,23.0,70.0,70.0,67.22,70.0,1155.1,54.0,235.2,0.0,0.0,この先制限速度なし,165m先に上り勾配12.5‰あり,先行列車なし,後続列車なし,0.0,0.0,,0.0,70.0,0.0,-0.5
194.0,Train11,巡航フェーズ（駅間走行中）,力行（加速）中,7.0,惰行,14.0,70.0,70.0,63.25,70.0,756.1,0.0,208.8,15.0,0.0,この先制限速度なし,166m先に上り勾配6.1‰あり,先行列車なし,後続列車なし,0.0,0.0,,0.0,70.0,0.0,-0.5
160.0,Train11,巡航フェーズ（駅間走行中）,力行（加速）中,18.0,惰行,9.0,70.0,70.0,65.46,70.0,1349.3,20.0,223.3,0.0,0.0,この先制限速度なし,359m先に上り勾配12.5‰あり,先行列車なし,後続列車なし,0.0,0.0,,0.0,70.0,0.0,-0.5
122.0,Train11,巡航フェーズ（駅間走行中）,力行（加速）中,18.0,惰行,5.0,70.0,70.0,67.13,70.0,1402.9,58.0,234.5,0.0,0.0,この先制限速度なし,412m先に上り勾配12.5‰あり,先行列車なし,後続列車なし,0.0,0.0,,0.0,70.0,0.0,-0.5
142.0,Train11,巡航フェーズ（駅間走行中）,力行（加速）中,19.0,惰行,6.0,70.0,70.0,64.63,70.0,1393.5,38.0,217.8,0.0,0.0,この先制限速度なし,403m先に上り勾配12.5‰あり,先行列車なし,後続列車なし,0.0,0.0,,0.0,70.0,0.0,-0.5
171.0,Train11,巡航フェーズ（駅間走行中）,惰行中,16.0,力行（加速）,6.0,70.0,70.0,63.59,70.0,586.6,9.0,195.2,0.0,6.1,この先制限速度なし,396m先に上り勾配9.2‰あり,先行列車なし,後続列車なし,0.0,0.0,,0.0,70.0,0.0,-0.5
188.0,Train11,巡航フェーズ（駅間走行中）,力行（加速）中,15.0,惰行,12.0,70.0,70.0,67.46,70.0,804.0,0.0,203.2,9.0,12.5,この先制限速度なし,13m先で上り勾配12.5‰が終わり平坦になる,先行列車なし,後続列車なし,0.0,0.0,,0.0,70.0,0.0,-0.5
199.0,Train11,巡航フェーズ（駅間走行中）,惰行中,5.0,力行（加速）,21.0,70.0,70.0,66.04,70.0,938.5,0.0,194.9,20.0,12.5,この先制限速度なし,148m先で上り勾配12.5‰が終わり平坦になる,先行列車なし,後続列車なし,0.0,0.0,,0.0,70.0,0.0,-0.5
187.0,Train11,巡航フェーズ（駅間走行中）,力行（加速）中,14.0,惰行,12.0,70.0,70.0,67.44,70.0,822.7,0.0,203.1,8.0,12.5,この先制限速度なし,32m先で上り勾配12.5‰が終わり平坦になる,先行列車なし,後続列車なし,0.0,0.0,,0.0,70.0,0.0,-0.5
151.0,Train11,巡航フェーズ（駅間走行中）,力行（加速）中,13.0,惰行,6.0,70.0,70.0,62.73,70.0,1487.4,29.0,205.5,0.0,0.0,この先制限速度なし,497m先に上り勾配12.5‰あり,先行列車なし,後続列車なし,0.0,0.0,,0.0,70.0,0.0,-0.5
153.0,Train11,巡航フェーズ（駅間走行中）,惰行中,4.0,力行（加速）,26.0,70.0,70.0,67.71,70.0,1188.9,27.0,238.5,0.0,0.0,この先制限速度なし,198m先に上り勾配12.5‰あり,先行列車なし,後続列車なし,0.0,0.0,,0.0,70.0,0.0,-0.5
178.0,Train11,巡航フェーズ（駅間走行中）,力行（加速）中,11.0,惰行,15.0,70.0,70.0,65.25,70.0,688.1,2.0,221.9,0.0,0.0,この先制限速度なし,98m先に上り勾配6.1‰あり,先行列車なし,後続列車なし,0.0,0.0,,0.0,70.0,0.0,-0.5
125.0,Train11,巡航フェーズ（駅間走行中）,惰行中,4.0,力行（加速）,24.0,70.0,70.0,67.4,70.0,1160.0,55.0,236.4,0.0,0.0,この先制限速度なし,169m先に上り勾配12.5‰あり,先行列車なし,後続列車なし,0.0,0.0,,0.0,70.0,0.0,-0.5
140.0,Train11,巡航フェーズ（駅間走行中）,力行（加速）中,8.0,惰行,6.0,70.0,70.0,61.9,70.0,1373.2,40.0,200.2,0.0,0.0,この先制限速度なし,383m先に上り勾配12.5‰あり,先行列車なし,後続列車なし,0.0,0.0,,0.0,70.0,0.0,-0.5
222.0,Train11,巡航フェーズ（駅間走行中）,惰行中,1.0,力行（加速）,16.0,70.0,70.0,68.07,70.0,526.1,0.0,223.0,43.0,6.1,この先制限速度なし,336m先に上り勾配9.2‰あり,先行列車なし,後続列車なし,0.0,0.0,,0.0,70.0,0.0,-0.5
165.0,Train11,巡航フェーズ（駅間走行中）,惰行中,6.0,力行（加速）,18.0,70.0,70.0,66.54,70.0,546.2,15.0,213.3,0.0,6.1,この先制限速度なし,356m先に上り勾配9.2‰あり,先行列車なし,後続列車なし,0.0,0.0,,0.0,70.0,0.0,-0.5
166.0,Train11,巡航フェーズ（駅間走行中）,力行（加速）中,2.0,惰行,7.0,70.0,70.0,62.37,70.0,1264.0,14.0,203.2,0.0,0.0,この先制限速度なし,274m先に上り勾配12.5‰あり,先行列車なし,後続列車なし,0.0,0.0,,0.0,70.0,0.0,-0.5
188.0,Train11,巡航フェーズ（駅間走行中）,力行（加速）中,1.0,惰行,14.0,70.0,70.0,61.74,70.0,859.8,0.0,170.8,9.0,12.5,この先制限速度なし,69m先で上り勾配12.5‰が終わり平坦になる,先行列車なし,後続列車なし,0.0,0.0,,0.0,70.0,0.0,-0.5
181.0,Train11,巡航フェーズ（駅間走行中）,惰行中,8.0,力行（加速）,15.0,70.0,70.0,66.4,70.0,984.4,0.0,197.0,2.0,12.5,この先制限速度なし,194m先で上り勾配12.5‰が終わり平坦になる,先行列車なし,後続列車なし,0.0,0.0,,0.0,70.0,0.0,-0.5
171.0,Train11,巡航フェーズ（駅間走行中）,惰行中,10.0,力行（加速）,23.0,70.0,70.0,66.02,70.0,1119.5,9.0,227.1,0.0,0.0,この先制限速度なし,129m先に上り勾配12.5‰あり,先行列車なし,後続列車なし,0.0,0.0,,0.0,70.0,0.0,-0.5
136.0,Train11,巡航フェーズ（駅間走行中）,力行（加速）中,13.0,惰行,9.0,70.0,70.0,64.05,70.0,1433.0,44.0,214.0,0.0,0.0,この先制限速度なし,442m先に上り勾配12.5‰あり,先行列車なし,後続列車なし,0.0,0.0,,0.0,70.0,0.0,-0.5
214.0,Train11,巡航フェーズ（駅間走行中）,惰行中,11.0,力行（加速）,11.0,70.0,70.0,62.32,70.0,457.2,0.0,187.7,35.0,6.1,この先制限速度なし,267m先に上り勾配9.2‰あり,先行列車なし,後続列車なし,0.0,0.0,,0.0,70.0,0.0,-0.5
220.0,Train11,巡航フェーズ（駅間走行中）,惰行中,4.0,力行（加速）,6.0,70.0,70.0,68.34,70.0,483.8,0.0,224.7,41.0,6.1,この先制限速度なし,293m先に上り勾配9.2‰あり,先行列車なし,後続列車なし,0.0,0.0,,0.0,70.0,0.0,-0.5
180.0,Train11,巡航フェーズ（駅間走行中）,力行（加速）中,5.0,惰行,7.0,70.0,70.0,63.95,70.0,1228.1,0.0,213.4,1.0,0.0,この先制限速度なし,238m先に上り勾配12.5‰あり,先行列車なし,後続列車なし,0.0,0.0,,0.0,70.0,0.0,-0.5
135.0,Train11,巡航フェーズ（駅間走行中）,惰行中,8.0,力行（加速）,19.0,70.0,70.0,66.37,70.0,1168.9,45.0,229.4,0.0,0.0,この先制限速度なし,178m先に上り勾配12.5‰あり,先行列車なし,後続列車なし,0.0,0.0,,0.0,70.0,0.0,-0.5
150.0,Train11,巡航フェーズ（駅間走行中）,力行（加速）中,1.0,惰行,18.0,70.0,70.0,61.89,70.0,908.7,30.0,171.6,0.0,12.5,この先制限速度なし,118m先で上り勾配12.5‰が終わり平坦になる,先行列車なし,後続列車なし,0.0,0.0,,0.0,70.0,0.0,-0.5
189.0,Train11,巡航フェーズ（駅間走行中）,力行（加速）中,2.0,惰行,3.0,70.0,70.0,67.06,70.0,483.3,0.0,216.6,10.0,6.1,この先制限速度なし,293m先に上り勾配9.2‰あり,先行列車なし,後続列車なし,0.0,0.0,,0.0,70.0,0.0,-0.5
157.0,Train11,巡航フェーズ（駅間走行中）,惰行中,1.0,力行（加速）,18.0,70.0,70.0,68.24,70.0,754.6,23.0,242.2,0.0,0.0,この先制限速度なし,164m先に上り勾配6.1‰あり,先行列車なし,後続列車なし,0.0,0.0,,0.0,70.0,0.0,-0.5
145.0,Train11,巡航フェーズ（駅間走行中）,惰行中,5.0,力行（加速）,17.0,70.0,70.0,65.6,70.0,1268.9,35.0,224.2,0.0,0.0,この先制限速度なし,278m先に上り勾配12.5‰あり,先行列車なし,後続列車なし,0.0,0.0,,0.0,70.0,0.0,-0.5
166.0,Train11,巡航フェーズ（駅間走行中）,惰行中,7.0,力行（加速）,18.0,70.0,70.0,66.09,70.0,527.8,14.0,210.5,0.0,6.1,この先制限速度なし,337m先に上り勾配9.2‰あり,先行列車なし,後続列車なし,0.0,0.0,,0.0,70.0,0.0,-0.5
185.0,Train11,巡航フェーズ（駅間走行中）,惰行中,6.0,力行（加速）,16.0,70.0,70.0,66.88,70.0,599.6,0.0,232.9,6.0,0.0,この先制限速度なし,9m先に上り勾配6.1‰あり,先行列車なし,後続列車なし,0.0,0.0,,0.0,70.0,0.0,-0.5
170.0,Train11,巡航フェーズ（駅間走行中）,惰行中,11.0,力行（加速）,18.0,70.0,70.0,64.31,70.0,455.3,10.0,199.6,0.0,6.1,この先制限速度なし,265m先に上り勾配9.2‰あり,先行列車なし,後続列車なし,0.0,0.0,,0.0,70.0,0.0,-0.5
168.0,Train11,巡航フェーズ（駅間走行中）,惰行中,9.0,力行（加速）,18.0,70.0,70.0,65.2,70.0,491.3,12.0,205.0,0.0,6.1,この先制限速度なし,301m先に上り勾配9.2‰あり,先行列車なし,後続列車なし,0.0,0.0,,0.0,70.0,0.0,-0.5
149.0,Train11,巡航フェーズ（駅間走行中）,力行（加速）中,11.0,惰行,15.0,70.0,70.0,67.28,70.0,904.4,31.0,202.1,0.0,12.5,この先制限速度なし,114m先で上り勾配12.5‰が終わり平坦になる,先行列車なし,後続列車なし,0.0,0.0,,0.0,70.0,0.0,-0.5
155.0,Train11,巡航フェーズ（駅間走行中）,惰行中,3.0,力行（加速）,1.0,70.0,70.0,61.66,70.0,558.5,25.0,183.8,0.0,6.1,この先制限速度なし,368m先に上り勾配9.2‰あり,先行列車なし,後続列車なし,0.0,0.0,,0.0,70.0,0.0,-0.5
203.0,Train11,巡航フェーズ（駅間走行中）,惰行中,7.0,力行（加速）,7.0,70.0,70.0,63.04,70.0,599.9,0.0,207.4,24.0,0.0,この先制限速度なし,9m先に上り勾配6.1‰あり,先行列車なし,後続列車なし,0.0,0.0,,0.0,70.0,0.0,-0.5
141.0,Train11,巡航フェーズ（駅間走行中）,力行（加速）中,3.0,惰行,16.0,70.0,70.0,61.84,70.0,838.8,39.0,171.4,0.0,12.5,この先制限速度なし,48m先で上り勾配12.5‰が終わり平坦になる,先行列車なし,後続列車なし,0.0,0.0,,0.0,70.0,0.0,-0.5
125.0,Train11,巡航フェーズ（駅間走行中）,惰行中,7.0,力行（加速）,15.0,70.0,70.0,66.88,70.0,1087.1,55.0,232.9,0.0,0.0,この先制限速度なし,97m先に上り勾配12.5‰あり,先行列車なし,後続列車なし,0.0,0.0,,0.0,70.0,0.0,-0.5
199.0,Train11,巡航フェーズ（駅間走行中）,力行（加速）中,7.0,惰行,12.0,70.0,70.0,63.68,70.0,726.4,0.0,211.6,20.0,0.0,この先制限速度なし,136m先に上り勾配6.1‰あり,先行列車なし,後続列車なし,0.0,0.0,,0.0,70.0,0.0,-0.5
198.0,Train11,巡航フェーズ（駅間走行中）,惰行中,1.0,力行（加速）,34.0,70.0,70.0,68.42,70.0,1074.5,0.0,243.4,19.0,0.0,この先制限速度なし,84m先に上り勾配12.5‰あり,先行列車なし,後続列車なし,0.0,0.0,,0.0,70.0,0.0,-0.5
171.0,Train11,巡航フェーズ（駅間走行中）,力行（加速）中,2.0,惰行,4.0,70.0,70.0,67.77,70.0,1143.7,9.0,238.9,0.0,0.0,この先制限速度なし,153m先に上り勾配12.5‰あり,先行列車なし,後続列車なし,0.0,0.0,,0.0,70.0,0.0,-0.5
139.0,Train11,巡航フェーズ（駅間走行中）,力行（加速）中,7.0,惰行,3.0,70.0,70.0,61.86,70.0,1631.3,41.0,200.0,0.0,0.0,この先制限速度なし,この先目立った勾配なし,先行列車なし,後続列車なし,0.0,0.0,,0.0,70.0,0.0,-0.5
112.0,Train11,巡航フェーズ（駅間走行中）,力行（加速）中,18.0,惰行,16.0,70.0,70.0,62.8,70.0,1365.7,68.0,205.9,0.0,0.0,この先制限速度なし,375m先に上り勾配12.5‰あり,先行列車なし,後続列車なし,0.0,0.0,,0.0,70.0,0.0,-0.5
155.0,Train11,巡航フェーズ（駅間走行中）,惰行中,6.0,力行（加速）,17.0,70.0,70.0,66.26,70.0,1340.6,25.0,228.6,0.0,0.0,この先制限速度なし,350m先に上り勾配12.5‰あり,先行列車なし,後続列車なし,0.0,0.0,,0.0,70.0,0.0,-0.5
221.0,Train11,巡航フェーズ（駅間走行中）,惰行中,12.0,力行（加速）,3.0,70.0,70.0,64.49,70.0,644.5,0.0,216.9,42.0,0.0,この先制限速度なし,54m先に上り勾配6.1‰あり,先行列車なし,後続列車なし,0.0,0.0,,0.0,70.0,0.0,-0.5
179.0,Train11,巡航フェーズ（駅間走行中）,惰行中,2.0,力行（加速）,2.0,70.0,70.0,61.49,70.0,676.0,1.0,197.6,0.0,0.0,この先制限速度なし,85m先に上り勾配6.1‰あり,先行列車なし,後続列車なし,0.0,0.0,,0.0,70.0,0.0,-0.5
173.0,Train11,巡航フェーズ（駅間走行中）,惰行中,5.0,力行（加速）,13.0,70.0,70.0,62.45,70.0,1349.8,7.0,203.7,0.0,0.0,この先制限速度なし,359m先に上り勾配12.5‰あり,先行列車なし,後続列車なし,0.0,0.0,,0.0,70.0,0.0,-0.5
145.0,Train11,巡航フェーズ（駅間走行中）,力行（加速）中,10.0,惰行,14.0,70.0,70.0,65.04,70.0,809.8,35.0,189.2,0.0,12.5,この先制限速度なし,19m先で上り勾配12.5‰が終わり平坦になる,先行列車なし,後続列車なし,0.0,0.0,,0.0,70.0,0.0,-0.5
202.0,Train11,巡航フェーズ（駅間走行中）,惰行中,6.0,力行（加速）,7.0,70.0,70.0,63.26,70.0,617.5,0.0,208.9,23.0,0.0,この先制限速度なし,27m先に上り勾配6.1‰あり,先行列車なし,後続列車なし,0.0,0.0,,0.0,70.0,0.0,-0.5
156.0,Train11,巡航フェーズ（駅間走行中）,力行（加速）中,18.0,惰行,15.0,70.0,70.0,67.79,70.0,773.5,24.0,239.1,0.0,0.0,この先制限速度なし,183m先に上り勾配6.1‰あり,先行列車なし,後続列車なし,0.0,0.0,,0.0,70.0,0.0,-0.5
184.0,Train11,巡航フェーズ（駅間走行中）,力行（加速）中,17.0,惰行,15.0,70.0,70.0,67.93,70.0,577.0,0.0,222.1,5.0,6.1,この先制限速度なし,386m先に上り勾配9.2‰あり,先行列車なし,後続列車なし,0.0,0.0,,0.0,70.0,0.0,-0.5
132.0,Train11,巡航フェーズ（駅間走行中）,惰行中,10.0,力行（加速）,28.0,70.0,70.0,66.08,70.0,997.4,48.0,227.5,0.0,0.0,この先制限速度なし,7m先に上り勾配12.5‰あり,先行列車なし,後続列車なし,0.0,0.0,,0.0,70.0,0.0,-0.5
192.0,Train11,巡航フェーズ（駅間走行中）,惰行中,5.0,力行（加速）,17.0,70.0,70.0,66.33,70.0,496.7,0.0,212.0,13.0,6.1,この先制限速度なし,306m先に上り勾配9.2‰あり,先行列車なし,後続列車なし,0.0,0.0,,0.0,70.0,0.0,-0.5
115.0,Train11,巡航フェーズ（駅間走行中）,力行（加速）中,7.0,惰行,8.0,70.0,70.0,61.47,70.0,1533.8,65.0,197.5,0.0,0.0,この先制限速度なし,この先目立った勾配なし,先行列車なし,後続列車なし,0.0,0.0,,0.0,70.0,0.0,-0.5
193.0,Train11,巡航フェーズ（駅間走行中）,惰行中,6.0,力行（加速）,17.0,70.0,70.0,65.88,70.0,478.3,0.0,209.2,14.0,6.1,この先制限速度なし,288m先に上り勾配9.2‰あり,先行列車なし,後続列車なし,0.0,0.0,,0.0,70.0,0.0,-0.5
146.0,Train11,巡航フェーズ（駅間走行中）,惰行中,3.0,力行（加速）,18.0,70.0,70.0,63.51,70.0,1301.2,34.0,210.5,0.0,0.0,この先制限速度なし,311m先に上り勾配12.5‰あり,先行列車なし,後続列車なし,0.0,0.0,,0.0,70.0,0.0,-0.5
132.0,Train11,巡航フェーズ（駅間走行中）,惰行中,9.0,力行（加速）,6.0,70.0,70.0,67.23,70.0,942.1,48.0,201.9,0.0,12.5,この先制限速度なし,152m先で上り勾配12.5‰が終わり平坦になる,先行列車なし,後続列車なし,0.0,0.0,,0.0,70.0,0.0,-0.5
129.0,Train11,巡航フェーズ（駅間走行中）,力行（加速）中,28.0,惰行,15.0,70.0,70.0,65.74,70.0,1201.7,51.0,225.2,0.0,0.0,この先制限速度なし,211m先に上り勾配12.5‰あり,先行列車なし,後続列車なし,0.0,0.0,,0.0,70.0,0.0,-0.5
144.0,Train11,巡航フェーズ（駅間走行中）,惰行中,1.0,力行（加速）,18.0,70.0,70.0,63.96,70.0,1336.6,36.0,213.4,0.0,0.0,この先制限速度なし,346m先に上り勾配12.5‰あり,先行列車なし,後続列車なし,0.0,0.0,,0.0,70.0,0.0,-0.5
211.0,Train11,巡航フェーズ（駅間走行中）,惰行中,2.0,力行（加速）,3.0,70.0,70.0,67.68,70.0,827.0,0.0,204.6,32.0,12.5,この先制限速度なし,37m先で上り勾配12.5‰が終わり平坦になる,先行列車なし,後続列車なし,0.0,0.0,,0.0,70.0,0.0,-0.5
158.0,Train11,巡航フェーズ（駅間走行中）,惰行中,4.0,力行（加速）,27.0,70.0,70.0,67.68,70.0,1112.4,22.0,238.4,0.0,0.0,この先制限速度なし,122m先に上り勾配12.5‰あり,先行列車なし,後続列車なし,0.0,0.0,,0.0,70.0,0.0,-0.5
180.0,Train11,巡航フェーズ（駅間走行中）,力行（加速）中,7.0,惰行,12.0,70.0,70.0,67.31,70.0,953.7,0.0,202.4,1.0,12.5,この先制限速度なし,163m先で上り勾配12.5‰が終わり平坦になる,先行列車なし,後続列車なし,0.0,0.0,,0.0,70.0,0.0,-0.5
165.0,Train11,巡航フェーズ（駅間走行中）,力行（加速）中,6.0,惰行,10.0,70.0,70.0,63.67,70.0,742.2,15.0,211.6,0.0,0.0,この先制限速度なし,152m先に上り勾配6.1‰あり,先行列車なし,後続列車なし,0.0,0.0,,0.0,70.0,0.0,-0.5
150.0,Train11,巡航フェーズ（駅間走行中）,惰行中,10.0,力行（加速）,20.0,70.0,70.0,66.21,70.0,1163.1,30.0,228.3,0.0,0.0,この先制限速度なし,173m先に上り勾配12.5‰あり,先行列車なし,後続列車なし,0.0,0.0,,0.0,70.0,0.0,-0.5
170.0,Train11,巡航フェーズ（駅間走行中）,惰行中,2.0,力行（加速）,13.0,70.0,70.0,63.11,70.0,1402.1,10.0,207.9,0.0,0.0,この先制限速度なし,412m先に上り勾配12.5‰あり,先行列車なし,後続列車なし,0.0,0.0,,0.0,70.0,0.0,-0.5
165.0,Train11,巡航フェーズ（駅間走行中）,力行（加速）中,19.0,惰行,6.0,70.0,70.0,66.12,70.0,715.4,15.0,227.8,0.0,0.0,この先制限速度なし,125m先に上り勾配6.1‰あり,先行列車なし,後続列車なし,0.0,0.0,,0.0,70.0,0.0,-0.5
195.0,Train11,巡航フェーズ（駅間走行中）,力行（加速）中,18.0,惰行,8.0,70.0,70.0,67.12,70.0,628.4,0.0,234.5,16.0,0.0,この先制限速度なし,38m先に上り勾配6.1‰あり,先行列車なし,後続列車なし,0.0,0.0,,0.0,70.0,0.0,-0.5
161.0,Train11,巡航フェーズ（駅間走行中）,惰行中,12.0,力行（加速）,26.0,70.0,70.0,65.83,70.0,1040.5,19.0,225.8,0.0,0.0,この先制限速度なし,50m先に上り勾配12.5‰あり,先行列車なし,後続列車なし,0.0,0.0,,0.0,70.0,0.0,-0.5
132.0,Train11,巡航フェーズ（駅間走行中）,惰行中,5.0,力行（加速）,19.0,70.0,70.0,67.07,70.0,1224.5,48.0,234.2,0.0,0.0,この先制限速度なし,234m先に上り勾配12.5‰あり,先行列車なし,後続列車なし,0.0,0.0,,0.0,70.0,0.0,-0.5
212.0,Train11,巡航フェーズ（駅間走行中）,惰行中,3.0,力行（加速）,3.0,70.0,70.0,67.01,70.0,808.3,0.0,200.6,33.0,12.5,この先制限速度なし,18m先で上り勾配12.5‰が終わり平坦になる,先行列車なし,後続列車なし,0.0,0.0,,0.0,70.0,0.0,-0.5
150.0,Train11,巡航フェーズ（駅間走行中）,惰行中,1.0,力行（加速）,17.0,70.0,70.0,67.43,70.0,1433.4,30.0,236.6,0.0,0.0,この先制限速度なし,443m先に上り勾配12.5‰あり,先行列車なし,後続列車なし,0.0,0.0,,0.0,70.0,0.0,-0.5
125.0,Train11,巡航フェーズ（駅間走行中）,惰行中,2.0,力行（加速）,19.0,70.0,70.0,67.8,70.0,1346.4,55.0,239.1,0.0,0.0,この先制限速度なし,356m先に上り勾配12.5‰あり,先行列車なし,後続列車なし,0.0,0.0,,0.0,70.0,0.0,-0.5
151.0,Train11,巡航フェーズ（駅間走行中）,惰行中,2.0,力行（加速）,7.0,70.0,70.0,67.94,70.0,991.4,29.0,240.1,0.0,0.0,この先制限速度なし,1m先に上り勾配12.5‰あり,先行列車なし,後続列車なし,0.0,0.0,,0.0,70.0,0.0,-0.5
152.0,Train11,巡航フェーズ（駅間走行中）,惰行中,9.0,力行（加速）,18.0,70.0,70.0,62.19,70.0,1196.4,28.0,202.0,0.0,0.0,この先制限速度なし,206m先に上り勾配12.5‰あり,先行列車なし,後続列車なし,0.0,0.0,,0.0,70.0,0.0,-0.5
153.0,Train11,巡航フェーズ（駅間走行中）,力行（加速）中,18.0,惰行,14.0,70.0,70.0,68.35,70.0,662.0,27.0,242.9,0.0,0.0,この先制限速度なし,71m先に上り勾配6.1‰あり,先行列車なし,後続列車なし,0.0,0.0,,0.0,70.0,0.0,-0.5
164.0,Train11,巡航フェーズ（駅間走行中）,惰行中,3.0,力行（加速）,23.0,70.0,70.0,67.67,70.0,1249.5,16.0,238.2,0.0,0.0,この先制限速度なし,259m先に上り勾配12.5‰あり,先行列車なし,後続列車なし,0.0,0.0,,0.0,70.0,0.0,-0.5
176.0,Train11,巡航フェーズ（駅間走行中）,力行（加速）中,6.0,惰行,16.0,70.0,70.0,62.43,70.0,789.7,4.0,203.5,0.0,0.0,この先制限速度なし,199m先に上り勾配6.1‰あり,先行列車なし,後続列車なし,0.0,0.0,,0.0,70.0,0.0,-0.5
117.0,Train11,巡航フェーズ（駅間走行中）,力行（加速）中,19.0,惰行,10.0,70.0,70.0,65.84,70.0,1323.4,63.0,225.9,0.0,0.0,この先制限速度なし,333m先に上り勾配12.5‰あり,先行列車なし,後続列車なし,0.0,0.0,,0.0,70.0,0.0,-0.5
151.0,Train11,巡航フェーズ（駅間走行中）,惰行中,11.0,力行（加速）,17.0,70.0,70.0,64.23,70.0,1160.7,29.0,215.2,0.0,0.0,この先制限速度なし,170m先に上り勾配12.5‰あり,先行列車なし,後続列車なし,0.0,0.0,,0.0,70.0,0.0,-0.5
183.0,Train11,巡航フェーズ（駅間走行中）,惰行中,3.0,力行（加速）,29.0,70.0,70.0,67.63,70.0,1009.9,0.0,237.9,4.0,0.0,この先制限速度なし,19m先に上り勾配12.5‰あり,先行列車なし,後続列車なし,0.0,0.0,,0.0,70.0,0.0,-0.5
171.0,Train11,巡航フェーズ（駅間走行中）,力行（加速）中,19.0,惰行,9.0,70.0,70.0,67.44,70.0,850.1,9.0,203.1,0.0,12.5,この先制限速度なし,60m先で上り勾配12.5‰が終わり平坦になる,先行列車なし,後続列車なし,0.0,0.0,,0.0,70.0,0.0,-0.5
230.0,Train11,巡航フェーズ（駅間走行中）,力行（加速）中,3.0,惰行,18.0,70.0,70.0,62.75,70.0,486.4,0.0,190.2,51.0,6.1,この先制限速度なし,296m先に上り勾配9.2‰あり,先行列車なし,後続列車なし,0.0,0.0,,0.0,70.0,0.0,-0.5
183.0,Train11,巡航フェーズ（駅間走行中）,惰行中,8.0,力行（加速）,6.0,70.0,70.0,66.53,70.0,914.6,0.0,197.8,4.0,12.5,この先制限速度なし,124m先で上り勾配12.5‰が終わり平坦になる,先行列車なし,後続列車なし,0.0,0.0,,0.0,70.0,0.0,-0.5
186.0,Train11,巡航フェーズ（駅間走行中）,力行（加速）中,13.0,惰行,6.0,70.0,70.0,63.87,70.0,1178.5,0.0,212.8,7.0,0.0,この先制限速度なし,188m先に上り勾配12.5‰あり,先行列車なし,後続列車なし,0.0,0.0,,0.0,70.0,0.0,-0.5
201.0,Train11,巡航フェーズ（駅間走行中）,惰行中,5.0,力行（加速）,19.0,70.0,70.0,66.24,70.0,516.3,0.0,211.5,22.0,6.1,この先制限速度なし,326m先に上り勾配9.2‰あり,先行列車なし,後続列車なし,0.0,0.0,,0.0,70.0,0.0,-0.5
178.0,Train11,巡航フェーズ（駅間走行中）,力行（加速）中,2.0,惰行,6.0,70.0,70.0,61.85,70.0,671.5,2.0,199.8,0.0,0.0,この先制限速度なし,81m先に上り勾配6.1‰あり,先行列車なし,後続列車なし,0.0,0.0,,0.0,70.0,0.0,-0.5
131.0,Train11,巡航フェーズ（駅間走行中）,惰行中,1.0,力行（加速）,29.0,70.0,70.0,66.7,70.0,1164.9,49.0,231.6,0.0,0.0,この先制限速度なし,174m先に上り勾配12.5‰あり,先行列車なし,後続列車なし,0.0,0.0,,0.0,70.0,0.0,-0.5
192.0,Train11,巡航フェーズ（駅間走行中）,惰行中,13.0,力行（加速）,16.0,70.0,70.0,63.88,70.0,472.4,0.0,197.0,13.0,6.1,この先制限速度なし,282m先に上り勾配9.2‰あり,先行列車なし,後続列車なし,0.0,0.0,,0.0,70.0,0.0,-0.5
165.0,Train11,巡航フェーズ（駅間走行中）,力行（加速）中,17.0,惰行,21.0,70.0,70.0,66.61,70.0,637.0,15.0,231.1,0.0,0.0,この先制限速度なし,46m先に上り勾配6.1‰あり,先行列車なし,後続列車なし,0.0,0.0,,0.0,70.0,0.0,-0.5
195.0,Train11,巡航フェーズ（駅間走行中）,惰行中,6.0,力行（加速）,16.0,70.0,70.0,66.85,70.0,672.7,0.0,232.7,16.0,0.0,この先制限速度なし,82m先に上り勾配6.1‰あり,先行列車なし,後続列車なし,0.0,0.0,,0.0,70.0,0.0,-0.5
160.0,Train11,巡航フェーズ（駅間走行中）,惰行中,5.0,力行（加速）,6.0,70.0,70.0,66.13,70.0,784.8,20.0,227.8,0.0,0.0,この先制限速度なし,194m先に上り勾配6.1‰あり,先行列車なし,後続列車なし,0.0,0.0,,0.0,70.0,0.0,-0.5
156.0,Train11,巡航フェーズ（駅間走行中）,惰行中,4.0,力行（加速）,20.0,70.0,70.0,67.65,70.0,1080.9,24.0,238.1,0.0,0.0,この先制限速度なし,90m先に上り勾配12.5‰あり,先行列車なし,後続列車なし,0.0,0.0,,0.0,70.0,0.0,-0.5
173.0,Train11,巡航フェーズ（駅間走行中）,惰行中,4.0,力行（加速）,9.0,70.0,70.0,61.2,70.0,777.8,7.0,195.8,0.0,0.0,この先制限速度なし,187m先に上り勾配6.1‰あり,先行列車なし,後続列車なし,0.0,0.0,,0.0,70.0,0.0,-0.5
199.0,Train11,巡航フェーズ（駅間走行中）,力行（加速）中,4.0,惰行,7.0,70.0,70.0,65.41,70.0,877.7,0.0,191.3,20.0,12.5,この先制限速度なし,87m先で上り勾配12.5‰が終わり平坦になる,先行列車なし,後続列車なし,0.0,0.0,,0.0,70.0,0.0,-0.5
177.0,Train11,巡航フェーズ（駅間走行中）,惰行中,3.0,力行（加速）,15.0,70.0,70.0,67.22,70.0,520.9,3.0,217.6,0.0,6.1,この先制限速度なし,330m先に上り勾配9.2‰あり,先行列車なし,後続列車なし,0.0,0.0,,0.0,70.0,0.0,-0.5
179.0,Train11,巡航フェーズ（駅間走行中）,惰行中,10.0,力行（加速）,23.0,70.0,70.0,64.75,70.0,455.2,1.0,202.2,0.0,6.1,この先制限速度なし,265m先に上り勾配9.2‰あり,先行列車なし,後続列車なし,0.0,0.0,,0.0,70.0,0.0,-0.5
186.0,Train11,巡航フェーズ（駅間走行中）,力行（加速）中,3.0,惰行,11.0,70.0,70.0,65.89,70.0,1066.5,0.0,226.2,7.0,0.0,この先制限速度なし,76m先に上り勾配12.5‰あり,先行列車なし,後続列車なし,0.0,0.0,,0.0,70.0,0.0,-0.5
183.0,Train11,巡航フェーズ（駅間走行中）,惰行中,10.0,力行（加速）,15.0,70.0,70.0,65.06,70.0,947.8,0.0,189.3,4.0,12.5,この先制限速度なし,157m先で上り勾配12.5‰が終わり平坦になる,先行列車なし,後続列車なし,0.0,0.0,,0.0,70.0,0.0,-0.5
155.0,Train11,巡航フェーズ（駅間走行中）,惰行中,6.0,力行（加速）,7.0,70.0,70.0,65.27,70.0,917.4,25.0,190.5,0.0,12.5,この先制限速度なし,127m先で上り勾配12.5‰が終わり平坦になる,先行列車なし,後続列車なし,0.0,0.0,,0.0,70.0,0.0,-0.5
119.0,Train11,巡航フェーズ（駅間走行中）,力行（加速）中,11.0,惰行,8.0,70.0,70.0,63.65,70.0,1464.3,61.0,211.4,0.0,0.0,この先制限速度なし,474m先に上り勾配12.5‰あり,先行列車なし,後続列車なし,0.0,0.0,,0.0,70.0,0.0,-0.5
156.0,Train11,巡航フェーズ（駅間走行中）,力行（加速）中,7.0,惰行,18.0,70.0,70.0,62.55,70.0,805.0,24.0,175.2,0.0,12.5,この先制限速度なし,15m先で上り勾配12.5‰が終わり平坦になる,先行列車なし,後続列車なし,0.0,0.0,,0.0,70.0,0.0,-0.5
208.0,Train11,巡航フェーズ（駅間走行中）,力行（加速）中,3.0,惰行,11.0,70.0,70.0,61.88,70.0,780.4,0.0,200.0,29.0,0.0,この先制限速度なし,190m先に上り勾配6.1‰あり,先行列車なし,後続列車なし,0.0,0.0,,0.0,70.0,0.0,-0.5
161.0,Train11,巡航フェーズ（駅間走行中）,力行（加速）中,2.0,惰行,10.0,70.0,70.0,62.06,70.0,811.8,19.0,172.6,0.0,12.5,この先制限速度なし,21m先で上り勾配12.5‰が終わり平坦になる,先行列車なし,後続列車なし,0.0,0.0,,0.0,70.0,0.0,-0.5
205.0,Train11,巡航フェーズ（駅間走行中）,惰行中,16.0,力行（加速）,16.0,70.0,70.0,63.37,70.0,491.2,0.0,193.9,26.0,6.1,この先制限速度なし,301m先に上り勾配9.2‰あり,先行列車なし,後続列車なし,0.0,0.0,,0.0,70.0,0.0,-0.5
182.0,Train11,巡航フェーズ（駅間走行中）,力行（加速）中,7.0,惰行,7.0,70.0,70.0,64.97,70.0,1192.3,0.0,220.1,3.0,0.0,この先制限速度なし,202m先に上り勾配12.5‰あり,先行列車なし,後続列車なし,0.0,0.0,,0.0,70.0,0.0,-0.5
123.0,Train11,巡航フェーズ（駅間走行中）,惰行中,2.0,力行（加速）,23.0,70.0,70.0,67.93,70.0,1211.4,57.0,240.1,0.0,0.0,この先制限速度なし,221m先に上り勾配12.5‰あり,先行列車なし,後続列車なし,0.0,0.0,,0.0,70.0,0.0,-0.5
217.0,Train11,巡航フェーズ（駅間走行中）,惰行中,12.0,力行（加速）,17.0,70.0,70.0,64.66,70.0,491.0,0.0,201.7,38.0,6.1,この先制限速度なし,301m先に上り勾配9.2‰あり,先行列車なし,後続列車なし,0.0,0.0,,0.0,70.0,0.0,-0.5
218.0,Train11,巡航フェーズ（駅間走行中）,惰行中,13.0,力行（加速）,17.0,70.0,70.0,64.22,70.0,473.1,0.0,199.0,39.0,6.1,この先制限速度なし,283m先に上り勾配9.2‰あり,先行列車なし,後続列車なし,0.0,0.0,,0.0,70.0,0.0,-0.5
187.0,Train11,巡航フェーズ（駅間走行中）,惰行中,12.0,力行（加速）,23.0,70.0,70.0,65.26,70.0,551.6,0.0,205.4,8.0,6.1,この先制限速度なし,361m先に上り勾配9.2‰あり,先行列車なし,後続列車なし,0.0,0.0,,0.0,70.0,0.0,-0.5
147.0,Train11,巡航フェーズ（駅間走行中）,力行（加速）中,20.0,惰行,7.0,70.0,70.0,64.61,70.0,1317.0,33.0,217.7,0.0,0.0,この先制限速度なし,326m先に上り勾配12.5‰あり,先行列車なし,後続列車なし,0.0,0.0,,0.0,70.0,0.0,-0.5
194.0,Train11,巡航フェーズ（駅間走行中）,惰行中,5.0,力行（加速）,16.0,70.0,70.0,67.09,70.0,691.3,0.0,234.3,15.0,0.0,この先制限速度なし,101m先に上り勾配6.1‰あり,先行列車なし,後続列車なし,0.0,0.0,,0.0,70.0,0.0,-0.5
140.0,Train11,巡航フェーズ（駅間走行中）,力行（加速）中,17.0,惰行,9.0,70.0,70.0,66.05,70.0,1360.7,40.0,227.2,0.0,0.0,この先制限速度なし,370m先に上り勾配12.5‰あり,先行列車なし,後続列車なし,0.0,0.0,,0.0,70.0,0.0,-0.5
150.0,Train11,巡航フェーズ（駅間走行中）,惰行中,9.0,力行（加速）,5.0,70.0,70.0,63.14,70.0,619.6,30.0,208.1,0.0,0.0,この先制限速度なし,29m先に上り勾配6.1‰あり,先行列車なし,後続列車なし,0.0,0.0,,0.0,70.0,0.0,-0.5
149.0,Train11,巡航フェーズ（駅間走行中）,惰行中,6.0,力行（加速）,18.0,70.0,70.0,62.85,70.0,1248.5,31.0,206.2,0.0,0.0,この先制限速度なし,258m先に上り勾配12.5‰あり,先行列車なし,後続列車なし,0.0,0.0,,0.0,70.0,0.0,-0.5
203.0,Train11,巡航フェーズ（駅間走行中）,惰行中,9.0,力行（加速）,21.0,70.0,70.0,63.37,70.0,866.6,0.0,179.8,24.0,12.5,この先制限速度なし,76m先で上り勾配12.5‰が終わり平坦になる,先行列車なし,後続列車なし,0.0,0.0,,0.0,70.0,0.0,-0.5
176.0,Train11,巡航フェーズ（駅間走行中）,力行（加速）中,1.0,惰行,7.0,70.0,70.0,61.79,70.0,1298.0,4.0,199.5,0.0,0.0,この先制限速度なし,308m先に上り勾配12.5‰あり,先行列車なし,後続列車なし,0.0,0.0,,0.0,70.0,0.0,-0.5
181.0,Train11,巡航フェーズ（駅間走行中）,力行（加速）中,8.0,惰行,6.0,70.0,70.0,61.14,70.0,1265.3,0.0,195.4,2.0,0.0,この先制限速度なし,275m先に上り勾配12.5‰あり,先行列車なし,後続列車なし,0.0,0.0,,0.0,70.0,0.0,-0.5
169.0,Train11,巡航フェーズ（駅間走行中）,惰行中,1.0,力行（加速）,13.0,70.0,70.0,63.33,70.0,1419.6,11.0,209.3,0.0,0.0,この先制限速度なし,429m先に上り勾配12.5‰あり,先行列車なし,後続列車なし,0.0,0.0,,0.0,70.0,0.0,-0.5
139.0,Train11,巡航フェーズ（駅間走行中）,力行（加速）中,16.0,惰行,6.0,70.0,70.0,63.07,70.0,1446.7,41.0,207.6,0.0,0.0,この先制限速度なし,456m先に上り勾配12.5‰あり,先行列車なし,後続列車なし,0.0,0.0,,0.0,70.0,0.0,-0.5
137.0,Train11,巡航フェーズ（駅間走行中）,惰行中,14.0,力行（加速）,19.0,70.0,70.0,65.0,70.0,1125.2,43.0,220.3,0.0,0.0,この先制限速度なし,135m先に上り勾配12.5‰あり,先行列車なし,後続列車なし,0.0,0.0,,0.0,70.0,0.0,-0.5
169.0,Train11,巡航フェーズ（駅間走行中）,惰行中,14.0,力行（加速）,6.0,70.0,70.0,64.08,70.0,622.1,11.0,214.2,0.0,0.0,この先制限速度なし,32m先に上り勾配6.1‰あり,先行列車なし,後続列車なし,0.0,0.0,,0.0,70.0,0.0,-0.5
184.0,Train11,巡航フェーズ（駅間走行中）,惰行中,7.0,力行（加速）,13.0,70.0,70.0,65.54,70.0,933.8,0.0,192.1,5.0,12.5,この先制限速度なし,143m先で上り勾配12.5‰が終わり平坦になる,先行列車なし,後続列車なし,0.0,0.0,,0.0,70.0,0.0,-0.5
146.0,Train11,巡航フェーズ（駅間走行中）,力行（加速）中,23.0,惰行,6.0,70.0,70.0,66.59,70.0,1320.6,34.0,230.9,0.0,0.0,この先制限速度なし,330m先に上り勾配12.5‰あり,先行列車なし,後続列車なし,0.0,0.0,,0.0,70.0,0.0,-0.5
191.0,Train11,巡航フェーズ（駅間走行中）,力行（加速）中,18.0,惰行,6.0,70.0,70.0,66.36,70.0,1088.0,0.0,229.4,12.0,0.0,この先制限速度なし,98m先に上り勾配12.5‰あり,先行列車なし,後続列車なし,0.0,0.0,,0.0,70.0,0.0,-0.5
176.0,Train11,巡航フェーズ（駅間走行中）,惰行中,7.0,力行（加速）,23.0,70.0,70.0,66.08,70.0,509.7,4.0,210.5,0.0,6.1,この先制限速度なし,319m先に上り勾配9.2‰あり,先行列車なし,後続列車なし,0.0,0.0,,0.0,70.0,0.0,-0.5
150.0,Train11,巡航フェーズ（駅間走行中）,惰行中,1.0,力行（加速）,26.0,70.0,70.0,68.42,70.0,1245.6,30.0,243.5,0.0,0.0,この先制限速度なし,255m先に上り勾配12.5‰あり,先行列車なし,後続列車なし,0.0,0.0,,0.0,70.0,0.0,-0.5
216.0,Train11,巡航フェーズ（駅間走行中）,惰行中,7.0,力行（加速）,3.0,70.0,70.0,65.64,70.0,734.8,0.0,224.5,37.0,0.0,この先制限速度なし,144m先に上り勾配6.1‰あり,先行列車なし,後続列車なし,0.0,0.0,,0.0,70.0,0.0,-0.5
210.0,Train11,巡航フェーズ（駅間走行中）,惰行中,10.0,力行（加速）,17.0,70.0,70.0,65.92,70.0,617.4,0.0,226.4,31.0,0.0,この先制限速度なし,27m先に上り勾配6.1‰あり,先行列車なし,後続列車なし,0.0,0.0,,0.0,70.0,0.0,-0.5
153.0,Train11,巡航フェーズ（駅間走行中）,力行（加速）中,1.0,惰行,9.0,70.0,70.0,61.97,70.0,1179.2,27.0,200.6,0.0,0.0,この先制限速度なし,189m先に上り勾配12.5‰あり,先行列車なし,後続列車なし,0.0,0.0,,0.0,70.0,0.0,-0.5
172.0,Train11,巡航フェーズ（駅間走行中）,惰行中,3.0,力行（加速）,3.0,70.0,70.0,64.61,70.0,1034.7,8.0,217.7,0.0,0.0,この先制限速度なし,44m先に上り勾配12.5‰あり,先行列車なし,後続列車なし,0.0,0.0,,0.0,70.0,0.0,-0.5
188.0,Train11,巡航フェーズ（駅間走行中）,力行（加速）中,13.0,惰行,7.0,70.0,70.0,67.83,70.0,1081.6,0.0,239.4,9.0,0.0,この先制限速度なし,91m先に上り勾配12.5‰あり,先行列車なし,後続列車なし,0.0,0.0,,0.0,70.0,0.0,-0.5
173.0,Train11,巡航フェーズ（駅間走行中）,惰行中,1.0,力行（加速）,19.0,70.0,70.0,67.46,70.0,1305.0,7.0,236.8,0.0,0.0,この先制限速度なし,315m先に上り勾配12.5‰あり,先行列車なし,後続列車なし,0.0,0.0,,0.0,70.0,0.0,-0.5
205.0,Train11,巡航フェーズ（駅間走行中）,惰行中,2.0,力行（加速）,11.0,70.0,70.0,65.96,70.0,617.8,0.0,226.6,26.0,0.0,この先制限速度なし,27m先に上り勾配6.1‰あり,先行列車なし,後続列車なし,0.0,0.0,,0.0,70.0,0.0,-0.5
184.0,Train11,巡航フェーズ（駅間走行中）,惰行中,10.0,力行（加速）,21.0,70.0,70.0,66.23,70.0,1099.1,0.0,228.5,5.0,0.0,この先制限速度なし,109m先に上り勾配12.5‰あり,先行列車なし,後続列車なし,0.0,0.0,,0.0,70.0,0.0,-0.5
207.0,Train11,巡航フェーズ（駅間走行中）,惰行中,4.0,力行（加速）,11.0,70.0,70.0,65.39,70.0,581.3,0.0,206.2,28.0,6.1,この先制限速度なし,391m先に上り勾配9.2‰あり,先行列車なし,後続列車なし,0.0,0.0,,0.0,70.0,0.0,-0.5
170.0,Train11,巡航フェーズ（駅間走行中）,力行（加速）中,11.0,惰行,10.0,70.0,70.0,66.19,70.0,651.9,10.0,228.2,0.0,0.0,この先制限速度なし,61m先に上り勾配6.1‰あり,先行列車なし,後続列車なし,0.0,0.0,,0.0,70.0,0.0,-0.5
150.0,Train11,巡航フェーズ（駅間走行中）,力行（加速）中,15.0,惰行,14.0,70.0,70.0,66.99,70.0,718.4,30.0,233.6,0.0,0.0,この先制限速度なし,128m先に上り勾配6.1‰あり,先行列車なし,後続列車なし,0.0,0.0,,0.0,70.0,0.0,-0.5
182.0,Train11,巡航フェーズ（駅間走行中）,力行（加速）中,9.0,惰行,12.0,70.0,70.0,67.35,70.0,916.3,0.0,202.6,3.0,12.5,この先制限速度なし,126m先で上り勾配12.5‰が終わり平坦になる,先行列車なし,後続列車なし,0.0,0.0,,0.0,70.0,0.0,-0.5
173.0,Train11,巡航フェーズ（駅間走行中）,惰行中,12.0,力行（加速）,23.0,70.0,70.0,65.56,70.0,1083.0,7.0,224.0,0.0,0.0,この先制限速度なし,92m先に上り勾配12.5‰あり,先行列車なし,後続列車なし,0.0,0.0,,0.0,70.0,0.0,-0.5
161.0,Train11,巡航フェーズ（駅間走行中）,惰行中,7.0,力行（加速）,27.0,70.0,70.0,66.97,70.0,1056.3,19.0,233.5,0.0,0.0,この先制限速度なし,66m先に上り勾配12.5‰あり,先行列車なし,後続列車なし,0.0,0.0,,0.0,70.0,0.0,-0.5
113.0,Train11,巡航フェーズ（駅間走行中）,力行（加速）中,19.0,惰行,16.0,70.0,70.0,63.34,70.0,1348.1,67.0,209.4,0.0,0.0,この先制限速度なし,358m先に上り勾配12.5‰あり,先行列車なし,後続列車なし,0.0,0.0,,0.0,70.0,0.0,-0.5
173.0,Train11,巡航フェーズ（駅間走行中）,力行（加速）中,10.0,惰行,14.0,70.0,70.0,65.54,70.0,822.7,7.0,192.1,0.0,12.5,この先制限速度なし,32m先で上り勾配12.5‰が終わり平坦になる,先行列車なし,後続列車なし,0.0,0.0,,0.0,70.0,0.0,-0.5
200.0,Train11,巡航フェーズ（駅間走行中）,惰行中,11.0,力行（加速）,16.0,70.0,70.0,65.58,70.0,580.7,0.0,207.4,21.0,6.1,この先制限速度なし,390m先に上り勾配9.2‰あり,先行列車なし,後続列車なし,0.0,0.0,,0.0,70.0,0.0,-0.5
154.0,Train11,巡航フェーズ（駅間走行中）,惰行中,5.0,力行（加速）,26.0,70.0,70.0,67.47,70.0,1170.1,26.0,236.9,0.0,0.0,この先制限速度なし,180m先に上り勾配12.5‰あり,先行列車なし,後続列車なし,0.0,0.0,,0.0,70.0,0.0,-0.5
171.0,Train11,巡航フェーズ（駅間走行中）,力行（加速）中,3.0,惰行,1.0,70.0,70.0,68.11,70.0,530.9,9.0,223.3,0.0,6.1,この先制限速度なし,340m先に上り勾配9.2‰あり,先行列車なし,後続列車なし,0.0,0.0,,0.0,70.0,0.0,-0.5
128.0,Train11,巡航フェーズ（駅間走行中）,惰行中,7.0,力行（加速）,24.0,70.0,70.0,66.69,70.0,1104.1,52.0,231.6,0.0,0.0,この先制限速度なし,114m先に上り勾配12.5‰あり,先行列車なし,後続列車なし,0.0,0.0,,0.0,70.0,0.0,-0.5
115.0,Train11,巡航フェーズ（駅間走行中）,力行（加速）中,21.0,惰行,16.0,70.0,70.0,64.38,70.0,1312.7,65.0,216.2,0.0,0.0,この先制限速度なし,322m先に上り勾配12.5‰あり,先行列車なし,後続列車なし,0.0,0.0,,0.0,70.0,0.0,-0.5
195.0,Train11,巡航フェーズ（駅間走行中）,惰行中,1.0,力行（加速）,21.0,70.0,70.0,68.21,70.0,1013.3,0.0,241.9,16.0,0.0,この先制限速度なし,23m先に上り勾配12.5‰あり,先行列車なし,後続列車なし,0.0,0.0,,0.0,70.0,0.0,-0.5
204.0,Train11,巡航フェーズ（駅間走行中）,力行（加速）中,17.0,惰行,14.0,70.0,70.0,67.95,70.0,573.4,0.0,222.2,25.0,6.1,この先制限速度なし,383m先に上り勾配9.2‰あり,先行列車なし,後続列車なし,0.0,0.0,,0.0,70.0,0.0,-0.5
175.0,Train11,巡航フェーズ（駅間走行中）,惰行中,1.0,力行（加速）,15.0,70.0,70.0,68.13,70.0,558.5,5.0,223.4,0.0,6.1,この先制限速度なし,368m先に上り勾配9.2‰あり,先行列車なし,後続列車なし,0.0,0.0,,0.0,70.0,0.0,-0.5
173.0,Train11,巡航フェーズ（駅間走行中）,惰行中,6.0,力行（加速）,19.0,70.0,70.0,65.64,70.0,488.2,7.0,207.8,0.0,6.1,この先制限速度なし,298m先に上り勾配9.2‰あり,先行列車なし,後続列車なし,0.0,0.0,,0.0,70.0,0.0,-0.5
185.0,Train11,巡航フェーズ（駅間走行中）,力行（加速）中,22.0,惰行,17.0,70.0,70.0,61.97,70.0,1310.4,0.0,200.7,6.0,0.0,この先制限速度なし,320m先に上り勾配12.5‰あり,先行列車なし,後続列車なし,0.0,0.0,,0.0,70.0,0.0,-0.5
157.0,Train11,巡航フェーズ（駅間走行中）,惰行中,8.0,力行（加速）,26.0,70.0,70.0,66.76,70.0,1114.2,23.0,232.0,0.0,0.0,この先制限速度なし,124m先に上り勾配12.5‰あり,先行列車なし,後続列車なし,0.0,0.0,,0.0,70.0,0.0,-0.5
201.0,Train11,巡航フェーズ（駅間走行中）,惰行中,7.0,力行（加速）,21.0,70.0,70.0,64.7,70.0,902.2,0.0,187.3,22.0,12.5,この先制限速度なし,112m先で上り勾配12.5‰が終わり平坦になる,先行列車なし,後続列車なし,0.0,0.0,,0.0,70.0,0.0,-0.5
226.0,Train11,巡航フェーズ（駅間走行中）,惰行中,5.0,力行（加速）,16.0,70.0,70.0,66.27,70.0,451.5,0.0,211.6,47.0,6.1,この先制限速度なし,261m先に上り勾配9.2‰あり,先行列車なし,後続列車なし,0.0,0.0,,0.0,70.0,0.0,-0.5
162.0,Train11,巡航フェーズ（駅間走行中）,惰行中,5.0,力行（加速）,17.0,70.0,70.0,62.47,70.0,1333.1,18.0,203.8,0.0,0.0,この先制限速度なし,343m先に上り勾配12.5‰あり,先行列車なし,後続列車なし,0.0,0.0,,0.0,70.0,0.0,-0.5
168.0,Train11,巡航フェーズ（駅間走行中）,力行（加速）中,1.0,惰行,15.0,70.0,70.0,61.76,70.0,863.2,12.0,170.9,0.0,12.5,この先制限速度なし,73m先で上り勾配12.5‰が終わり平坦になる,先行列車なし,後続列車なし,0.0,0.0,,0.0,70.0,0.0,-0.5
152.0,Train11,巡航フェーズ（駅間走行中）,力行（加速）中,9.0,惰行,9.0,70.0,70.0,61.27,70.0,1503.3,28.0,196.2,0.0,0.0,この先制限速度なし,この先目立った勾配なし,先行列車なし,後続列車なし,0.0,0.0,,0.0,70.0,0.0,-0.5
158.0,Train11,巡航フェーズ（駅間走行中）,惰行中,18.0,力行（加速）,17.0,70.0,70.0,62.68,70.0,1037.3,22.0,205.1,0.0,0.0,この先制限速度なし,47m先に上り勾配12.5‰あり,先行列車なし,後続列車なし,0.0,0.0,,0.0,70.0,0.0,-0.5
213.0,Train11,巡航フェーズ（駅間走行中）,惰行中,8.0,力行（加速）,17.0,70.0,70.0,66.45,70.0,563.8,0.0,212.7,34.0,6.1,この先制限速度なし,373m先に上り勾配9.2‰あり,先行列車なし,後続列車なし,0.0,0.0,,0.0,70.0,0.0,-0.5
154.0,Train11,巡航フェーズ（駅間走行中）,力行（加速）中,15.0,惰行,18.0,70.0,70.0,66.35,70.0,642.5,26.0,229.3,0.0,0.0,この先制限速度なし,52m先に上り勾配6.1‰あり,先行列車なし,後続列車なし,0.0,0.0,,0.0,70.0,0.0,-0.5
223.0,Train11,巡航フェーズ（駅間走行中）,惰行中,14.0,力行（加速）,3.0,70.0,70.0,64.04,70.0,608.8,0.0,214.0,44.0,0.0,この先制限速度なし,18m先に上り勾配6.1‰あり,先行列車なし,後続列車なし,0.0,0.0,,0.0,70.0,0.0,-0.5
127.0,Train11,巡航フェーズ（駅間走行中）,惰行中,5.0,力行（加速）,28.0,70.0,70.0,67.25,70.0,1090.0,53.0,235.4,0.0,0.0,この先制限速度なし,99m先に上り勾配12.5‰あり,先行列車なし,後続列車なし,0.0,0.0,,0.0,70.0,0.0,-0.5
169.0,Train11,巡航フェーズ（駅間走行中）,惰行中,13.0,力行（加速）,18.0,70.0,70.0,64.74,70.0,532.1,11.0,202.2,0.0,6.1,この先制限速度なし,342m先に上り勾配9.2‰あり,先行列車なし,後続列車なし,0.0,0.0,,0.0,70.0,0.0,-0.5
171.0,Train11,巡航フェーズ（駅間走行中）,力行（加速）中,18.0,惰行,9.0,70.0,70.0,66.53,70.0,1342.3,9.0,230.5,0.0,0.0,この先制限速度なし,352m先に上り勾配12.5‰あり,先行列車なし,後続列車なし,0.0,0.0,,0.0,70.0,0.0,-0.5
192.0,Train11,巡航フェーズ（駅間走行中）,力行（加速）中,3.0,惰行,14.0,70.0,70.0,62.96,70.0,755.1,0.0,207.0,13.0,0.0,この先制限速度なし,165m先に上り勾配6.1‰あり,先行列車なし,後続列車なし,0.0,0.0,,0.0,70.0,0.0,-0.5
133.0,Train11,巡航フェーズ（駅間走行中）,惰行中,10.0,力行（加速）,6.0,70.0,70.0,66.55,70.0,923.5,47.0,197.9,0.0,12.5,この先制限速度なし,133m先で上り勾配12.5‰が終わり平坦になる,先行列車なし,後続列車なし,0.0,0.0,,0.0,70.0,0.0,-0.5
103.0,Train11,巡航フェーズ（駅間走行中）,力行（加速）中,10.0,惰行,9.0,70.0,70.0,62.45,70.0,1485.7,77.0,203.7,0.0,0.0,この先制限速度なし,495m先に上り勾配12.5‰あり,先行列車なし,後続列車なし,0.0,0.0,,0.0,70.0,0.0,-0.5
136.0,Train11,巡航フェーズ（駅間走行中）,惰行中,15.0,力行（加速）,24.0,70.0,70.0,64.07,70.0,958.1,44.0,183.7,0.0,12.5,この先制限速度なし,168m先で上り勾配12.5‰が終わり平坦になる,先行列車なし,後続列車なし,0.0,0.0,,0.0,70.0,0.0,-0.5
142.0,Train11,巡航フェーズ（駅間走行中）,惰行中,1.0,力行（加速）,23.0,70.0,70.0,65.09,70.0,1157.7,38.0,220.8,0.0,0.0,この先制限速度なし,167m先に上り勾配12.5‰あり,先行列車なし,後続列車なし,0.0,0.0,,0.0,70.0,0.0,-0.5
133.0,Train11,巡航フェーズ（駅間走行中）,惰行中,12.0,力行（加速）,24.0,70.0,70.0,65.53,70.0,1012.3,47.0,223.8,0.0,0.0,この先制限速度なし,22m先に上り勾配12.5‰あり,先行列車なし,後続列車なし,0.0,0.0,,0.0,70.0,0.0,-0.5
160.0,Train11,巡航フェーズ（駅間走行中）,惰行中,7.0,力行（加速）,18.0,70.0,70.0,66.67,70.0,529.8,20.0,214.2,0.0,6.1,この先制限速度なし,339m先に上り勾配9.2‰あり,先行列車なし,後続列車なし,0.0,0.0,,0.0,70.0,0.0,-0.5
123.0,Train11,巡航フェーズ（駅間走行中）,惰行中,2.0,力行（加速）,24.0,70.0,70.0,67.88,70.0,1197.5,57.0,239.7,0.0,0.0,この先制限速度なし,207m先に上り勾配12.5‰あり,先行列車なし,後続列車なし,0.0,0.0,,0.0,70.0,0.0,-0.5
157.0,Train11,巡航フェーズ（駅間走行中）,力行（加速）中,19.0,惰行,6.0,70.0,70.0,65.81,70.0,1380.3,23.0,225.7,0.0,0.0,この先制限速度なし,390m先に上り勾配12.5‰あり,先行列車なし,後続列車なし,0.0,0.0,,0.0,70.0,0.0,-0.5
121.0,Train11,巡航フェーズ（駅間走行中）,惰行中,3.0,力行（加速）,15.0,70.0,70.0,67.83,70.0,1162.0,59.0,239.3,0.0,0.0,この先制限速度なし,171m先に上り勾配12.5‰あり,先行列車なし,後続列車なし,0.0,0.0,,0.0,70.0,0.0,-0.5
166.0,Train11,巡航フェーズ（駅間走行中）,力行（加速）中,18.0,惰行,21.0,70.0,70.0,67.08,70.0,618.4,14.0,234.2,0.0,0.0,この先制限速度なし,28m先に上り勾配6.1‰あり,先行列車なし,後続列車なし,0.0,0.0,,0.0,70.0,0.0,-0.5
128.0,Train11,巡航フェーズ（駅間走行中）,惰行中,10.0,力行（加速）,15.0,70.0,70.0,66.18,70.0,1031.7,52.0,228.1,0.0,0.0,この先制限速度なし,41m先に上り勾配12.5‰あり,先行列車なし,後続列車なし,0.0,0.0,,0.0,70.0,0.0,-0.5
133.0,Train11,巡航フェーズ（駅間走行中）,惰行中,6.0,力行（加速）,19.0,70.0,70.0,66.84,70.0,1205.9,47.0,232.6,0.0,0.0,この先制限速度なし,215m先に上り勾配12.5‰あり,先行列車なし,後続列車なし,0.0,0.0,,0.0,70.0,0.0,-0.5
190.0,Train11,巡航フェーズ（駅間走行中）,惰行中,11.0,力行（加速）,16.0,70.0,70.0,64.76,70.0,508.1,0.0,202.3,11.0,6.1,この先制限速度なし,318m先に上り勾配9.2‰あり,先行列車なし,後続列車なし,0.0,0.0,,0.0,70.0,0.0,-0.5
142.0,Train11,巡航フェーズ（駅間走行中）,力行（加速）中,7.0,惰行,17.0,70.0,70.0,62.63,70.0,785.0,38.0,204.9,0.0,0.0,この先制限速度なし,195m先に上り勾配6.1‰あり,先行列車なし,後続列車なし,0.0,0.0,,0.0,70.0,0.0,-0.5
125.0,Train11,巡航フェーズ（駅間走行中）,力行（加速）中,13.0,惰行,9.0,70.0,70.0,62.88,70.0,1438.4,55.0,206.4,0.0,0.0,この先制限速度なし,448m先に上り勾配12.5‰あり,先行列車なし,後続列車なし,0.0,0.0,,0.0,70.0,0.0,-0.5
147.0,Train11,巡航フェーズ（駅間走行中）,惰行中,4.0,力行（加速）,18.0,70.0,70.0,63.29,70.0,1283.5,33.0,209.1,0.0,0.0,この先制限速度なし,293m先に上り勾配12.5‰あり,先行列車なし,後続列車なし,0.0,0.0,,0.0,70.0,0.0,-0.5
106.0,Train11,巡航フェーズ（駅間走行中）,力行（加速）中,13.0,惰行,9.0,70.0,70.0,64.05,70.0,1433.0,74.0,214.0,0.0,0.0,この先制限速度なし,442m先に上り勾配12.5‰あり,先行列車なし,後続列車なし,0.0,0.0,,0.0,70.0,0.0,-0.5
117.0,Train11,巡航フェーズ（駅間走行中）,力行（加速）中,9.0,惰行,8.0,70.0,70.0,62.58,70.0,1499.4,63.0,204.5,0.0,0.0,この先制限速度なし,この先目立った勾配なし,先行列車なし,後続列車なし,0.0,0.0,,0.0,70.0,0.0,-0.5
190.0,Train11,巡航フェーズ（駅間走行中）,力行（加速）中,3.0,惰行,3.0,70.0,70.0,67.3,70.0,464.6,0.0,218.1,11.0,6.1,この先制限速度なし,274m先に上り勾配9.2‰あり,先行列車なし,後続列車なし,0.0,0.0,,0.0,70.0,0.0,-0.5
162.0,Train11,巡航フェーズ（駅間走行中）,力行（加速）中,10.0,惰行,9.0,70.0,70.0,66.59,70.0,1018.3,18.0,230.9,0.0,0.0,この先制限速度なし,28m先に上り勾配12.5‰あり,先行列車なし,後続列車なし,0.0,0.0,,0.0,70.0,0.0,-0.5
154.0,Train11,巡航フェーズ（駅間走行中）,惰行中,6.0,力行（加速）,10.0,70.0,70.0,63.76,70.0,609.5,26.0,212.1,0.0,0.0,この先制限速度なし,19m先に上り勾配6.1‰あり,先行列車なし,後続列車なし,0.0,0.0,,0.0,70.0,0.0,-0.5
147.0,Train11,巡航フェーズ（駅間走行中）,力行（加速）中,5.0,惰行,1.0,70.0,70.0,66.8,70.0,1066.5,33.0,232.3,0.0,0.0,この先制限速度なし,76m先に上り勾配12.5‰あり,先行列車なし,後続列車なし,0.0,0.0,,0.0,70.0,0.0,-0.5
184.0,Train11,巡航フェーズ（駅間走行中）,惰行中,11.0,力行（加速）,15.0,70.0,70.0,64.39,70.0,929.9,0.0,185.5,5.0,12.5,この先制限速度なし,139m先で上り勾配12.5‰が終わり平坦になる,先行列車なし,後続列車なし,0.0,0.0,,0.0,70.0,0.0,-0.5
161.0,Train11,巡航フェーズ（駅間走行中）,力行（加速）中,9.0,惰行,9.0,70.0,70.0,66.11,70.0,1036.7,19.0,227.7,0.0,0.0,この先制限速度なし,46m先に上り勾配12.5‰あり,先行列車なし,後続列車なし,0.0,0.0,,0.0,70.0,0.0,-0.5
187.0,Train11,巡航フェーズ（駅間走行中）,力行（加速）中,10.0,惰行,8.0,70.0,70.0,63.13,70.0,773.3,0.0,208.1,8.0,0.0,この先制限速度なし,183m先に上り勾配6.1‰あり,先行列車なし,後続列車なし,0.0,0.0,,0.0,70.0,0.0,-0.5
181.0,Train11,巡航フェーズ（駅間走行中）,惰行中,4.0,力行（加速）,13.0,70.0,70.0,67.56,70.0,989.3,0.0,203.8,2.0,12.5,この先制限速度なし,199m先で上り勾配12.5‰が終わり平坦になる,先行列車なし,後続列車なし,0.0,0.0,,0.0,70.0,0.0,-0.5
140.0,Train11,巡航フェーズ（駅間走行中）,惰行中,10.0,力行（加速）,29.0,70.0,70.0,64.62,70.0,1000.8,40.0,217.8,0.0,0.0,この先制限速度なし,10m先に上り勾配12.5‰あり,先行列車なし,後続列車なし,0.0,0.0,,0.0,70.0,0.0,-0.5
190.0,Train11,巡航フェーズ（駅間走行中）,力行（加速）中,17.0,惰行,6.0,70.0,70.0,65.88,70.0,1106.4,0.0,226.1,11.0,0.0,この先制限速度なし,116m先に上り勾配12.5‰あり,先行列車なし,後続列車なし,0.0,0.0,,0.0,70.0,0.0,-0.5
