run_id,time,section,position,phase,current_notch,holding_time,prev_notch,prev_notch_duration,current_speed,speed_limit,signal_speed,required_speed,target_speed_no_stop,v_std,v_std_deviation,dist_to_next_station,time_to_next_station,req_stop_dist,delta_stop,current_gradient,coast_accel,power_accel,next_limit_info,next_gradient_info,coast_reachable,coast_arrival_speed,delay,total_delay,stations_remaining,total_remaining_distance,total_remaining_time,is_dwelling,dwell_elapsed,dwell_min,dwell_max,dwell_over_std,time_to_stop_limit,forward_info,forward_train_delay,standard_headway,forward_clear_remaining_time,forward_observed_delay,forward_dwell_elapsed,forward_departed_next,backward_info,mode,reward,reason
anti_mid_stop__on_time__solo,1.0000,0,21.1124,駅出発直後の加速フェーズ（20秒以内）,力行（加速）中,30.0000,なし（または停止）,0.0000,3.1655,70.0000,70.0000,64.8030,64.8030,1.9871,1.1784,2177.5520,179.0000,0.4738,2177.0783,-2.1000,-0.0130,3.0809,この先制限速度なし,387m先に下り勾配6.7‰あり,0.0000,0.0000,0.0000,0.3625,2,3554.5520,339.0000,0.0000,0.0000,30.0000,300.0000,0.0000,0.0000,先行列車なし,0.0000,0.0000,0.0000,0.0000,0.0000,,後続列車なし,,,
anti_mid_stop__on_time__solo,76.0000,0,22.1047,巡航フェーズ（駅間走行中）,惰行中,29.0000,力行（加速）,46.0000,56.1820,70.0000,70.0000,58.7290,58.7290,59.9889,-3.8069,1185.2970,104.0000,147.3959,1037.9011,0.0000,-0.1978,0.6563,この先制限速度なし,195m先に上り勾配12.5‰あり,1.0000,13.6279,0.0000,1.6648,2,2562.2970,264.0000,0.0000,0.0000,30.0000,300.0000,0.0000,0.0000,先行列車なし,0.0000,0.0000,0.0000,0.0000,0.0000,,後続列車なし,,,
anti_mid_stop__on_time__solo,151.0000,0,23.0521,次駅への減速フェーズ（駅手前400m以内）,惰行中,1.0000,力行（加速）,1.0000,35.9615,70.0000,70.0000,37.4428,37.4428,34.9299,1.0316,237.9238,29.0000,61.0047,176.9191,6.1000,-0.3562,1.0148,この先制限速度なし,47m先に上り勾配9.2‰あり,1.0000,25.3729,0.0000,4.8551,2,1614.9238,189.0000,0.0000,0.0000,30.0000,300.0000,0.0000,0.0000,先行列車なし,0.0000,0.0000,0.0000,0.0000,0.0000,,後続列車なし,,,
anti_mid_stop__on_time__solo,172.0000,0,23.2487,次駅への減速フェーズ（駅手前400m以内）,ブレーキ（減速）中,0.5000,惰行,0.6000,29.6275,70.0000,70.0000,70.0000,70.0000,24.8234,4.8042,41.2945,8.0000,41.5109,-0.2165,9.2000,-0.4515,1.2523,この先制限速度なし,この先目立った勾配なし,1.0000,29.6275,0.0000,2.2987,2,1418.2945,168.0000,0.0000,0.0000,30.0000,300.0000,0.0000,0.0000,先行列車なし,0.0000,0.0000,0.0000,0.0000,0.0000,,後続列車なし,,,
anti_mid_stop__on_time__solo,179.5000,0,23.2874,次駅への減速フェーズ（駅手前400m以内）,ブレーキ（減速）中,8.0000,惰行,0.6000,7.6369,70.0000,70.0000,70.0000,70.0000,7.3281,0.3088,2.5538,0.5000,2.7696,-0.2158,9.2000,-0.4162,2.4428,この先制限速度なし,この先目立った勾配なし,1.0000,7.6369,0.0000,2.0308,2,1379.5538,160.5000,0.0000,0.0000,30.0000,300.0000,0.0000,0.0000,先行列車なし,0.0000,0.0000,0.0000,0.0000,0.0000,,後続列車なし,,,
anti_mid_stop__on_time__solo,262.0000,1,23.7618,巡航フェーズ（駅間走行中）,力行（加速）中,50.0000,ブレーキ（減速）,30.0000,49.5414,70.0000,70.0000,54.4113,54.4113,49.5415,-0.0000,905.1566,78.0000,133.3045,771.8521,11.4000,-0.6076,0.3402,この先制限速度なし,この先目立った勾配なし,1.0000,15.2714,0.0000,2.0003,1,905.1566,78.0000,0.0000,0.0000,30.0000,300.0000,0.0000,0.0000,先行列車なし,0.0000,0.0000,0.0000,0.0000,0.0000,,後続列車なし,,,
anti_mid_stop__on_time__solo,327.1000,1,24.5863,次駅への減速フェーズ（駅手前400m以内）,ブレーキ（減速）中,2.0000,惰行,13.0000,39.0649,70.0000,70.0000,70.0000,70.0000,38.4195,0.6453,80.6587,12.9000,83.3817,-2.7229,-2.3000,-0.0674,1.1406,この先制限速度なし,この先目立った勾配なし,1.0000,39.0649,0.0000,2.3049,1,80.6587,12.9000,0.0000,0.0000,30.0000,300.0000,0.0000,0.0000,先行列車なし,0.0000,0.0000,0.0000,0.0000,0.0000,,後続列車なし,,,
anti_mid_stop__on_time__solo,334.6000,1,24.6478,次駅への減速フェーズ（駅手前400m以内）,ブレーキ（減速）中,9.5000,惰行,13.0000,19.9684,70.0000,70.0000,70.0000,70.0000,18.6941,1.2743,19.2441,5.4000,21.9657,-2.7216,-2.3000,-0.0277,2.1835,この先制限速度なし,この先目立った勾配なし,1.0000,19.9684,0.0000,2.0519,1,19.2441,5.4000,0.0000,0.0000,30.0000,300.0000,0.0000,0.0000,先行列車なし,0.0000,0.0000,0.0000,0.0000,0.0000,,後続列車なし,,,
anti_mid_stop__on_time__solo,342.1000,1,24.6697,次駅への減速フェーズ（駅手前400m以内）,ブレーキ（減速）中,17.0000,惰行,13.0000,1.1090,70.0000,70.0000,0.0000,0.0000,0.5688,0.5402,-2.6546,0.0000,0.0667,-2.7213,-2.3000,-0.0041,3.1978,この先制限速度なし,この先目立った勾配なし,1.0000,1.1090,2.1000,2.3400,1,-2.6546,-2.1000,0.0000,0.0000,30.0000,300.0000,0.0000,0.0000,先行列車なし,0.0000,0.0000,0.0000,0.0000,0.0000,,後続列車なし,,,
anti_mid_stop__on_time__solo,183.0000,1,23.2900,駅停車中（発車判断）,ブレーキ（減速）中,10.6000,惰行,0.6000,0.0000,70.0000,70.0000,50.7910,50.7910,0.0000,0.0000,1377.0000,157.0000,0.0000,1377.0000,9.2000,-0.4089,2.8513,この先制限速度なし,10m先に上り勾配11.4‰あり,1.0000,0.0000,0.0000,2.0000,1,1377.0000,157.0000,1.0000,1.0000,30.0000,300.0000,0.0000,109.0000,先行列車なし,0.0000,0.0000,0.0000,0.0000,0.0000,,後続列車なし,,,
anti_mid_stop__on_time__solo,198.0000,1,23.2900,駅停車中（発車判断）,ブレーキ（減速）中,25.6000,惰行,0.6000,0.0000,70.0000,70.0000,52.2992,52.2992,0.0000,0.0000,1377.0000,142.0000,0.0000,1377.0000,9.2000,-0.4089,2.8513,この先制限速度なし,10m先に上り勾配11.4‰あり,1.0000,0.0000,0.0000,2.0000,1,1377.0000,142.0000,1.0000,16.0000,30.0000,300.0000,0.0000,107.5000,先行列車なし,0.0000,0.0000,0.0000,0.0000,0.0000,,後続列車なし,,,
anti_mid_stop__wait_for_forward__solo,1.0000,0,21.1124,駅出発直後の加速フェーズ（20秒以内）,力行（加速）中,30.0000,なし（または停止）,0.0000,3.1655,70.0000,70.0000,64.8030,64.8030,1.9871,1.1784,2177.5520,179.0000,0.4738,2177.0783,-2.1000,-0.0130,3.0809,この先制限速度なし,387m先に下り勾配6.7‰あり,0.0000,0.0000,0.0000,0.3625,2,3554.5520,339.0000,0.0000,0.0000,30.0000,300.0000,0.0000,0.0000,先行列車なし,0.0000,0.0000,0.0000,0.0000,0.0000,,後続列車なし,,,
anti_mid_stop__wait_for_forward__solo,76.0000,0,22.1047,巡航フェーズ（駅間走行中）,惰行中,29.0000,力行（加速）,46.0000,56.1820,70.0000,70.0000,58.7290,58.7290,59.9889,-3.8069,1185.2970,104.0000,147.3959,1037.9011,0.0000,-0.1978,0.6563,この先制限速度なし,195m先に上り勾配12.5‰あり,1.0000,13.6279,0.0000,1.6648,2,2562.2970,264.0000,0.0000,0.0000,30.0000,300.0000,0.0000,0.0000,先行列車なし,0.0000,0.0000,0.0000,0.0000,0.0000,,後続列車なし,,,
anti_mid_stop__wait_for_forward__solo,151.0000,0,23.0521,次駅への減速フェーズ（駅手前400m以内）,惰行中,1.0000,力行（加速）,1.0000,35.9615,70.0000,70.0000,37.4428,37.4428,34.9299,1.0316,237.9238,29.0000,61.0047,176.9191,6.1000,-0.3562,1.0148,この先制限速度なし,47m先に上り勾配9.2‰あり,1.0000,25.3729,0.0000,4.8551,2,1614.9238,189.0000,0.0000,0.0000,30.0000,300.0000,0.0000,0.0000,先行列車なし,0.0000,0.0000,0.0000,0.0000,0.0000,,後続列車なし,,,
anti_mid_stop__wait_for_forward__solo,172.0000,0,23.2487,次駅への減速フェーズ（駅手前400m以内）,ブレーキ（減速）中,0.5000,惰行,0.6000,29.6275,70.0000,70.0000,70.0000,70.0000,24.8234,4.8042,41.2945,8.0000,41.5109,-0.2165,9.2000,-0.4515,1.2523,この先制限速度なし,この先目立った勾配なし,1.0000,29.6275,0.0000,2.2987,2,1418.2945,168.0000,0.0000,0.0000,30.0000,300.0000,0.0000,0.0000,先行列車なし,0.0000,0.0000,0.0000,0.0000,0.0000,,後続列車なし,,,
anti_mid_stop__wait_for_forward__solo,179.5000,0,23.2874,次駅への減速フェーズ（駅手前400m以内）,ブレーキ（減速）中,8.0000,惰行,0.6000,7.6369,70.0000,70.0000,70.0000,70.0000,7.3281,0.3088,2.5538,0.5000,2.7696,-0.2158,9.2000,-0.4162,2.4428,この先制限速度なし,この先目立った勾配なし,1.0000,7.6369,0.0000,2.0308,2,1379.5538,160.5000,0.0000,0.0000,30.0000,300.0000,0.0000,0.0000,先行列車なし,0.0000,0.0000,0.0000,0.0000,0.0000,,後続列車なし,,,
anti_mid_stop__wait_for_forward__solo,262.0000,1,23.7618,巡航フェーズ（駅間走行中）,力行（加速）中,50.0000,ブレーキ（減速）,30.0000,49.5414,70.0000,70.0000,54.4113,54.4113,49.5415,-0.0000,905.1566,78.0000,133.3045,771.8521,11.4000,-0.6076,0.3402,この先制限速度なし,この先目立った勾配なし,1.0000,15.2714,0.0000,2.0003,1,905.1566,78.0000,0.0000,0.0000,30.0000,300.0000,0.0000,0.0000,先行列車なし,0.0000,0.0000,0.0000,0.0000,0.0000,,後続列車なし,,,
anti_mid_stop__wait_for_forward__solo,327.1000,1,24.5863,次駅への減速フェーズ（駅手前400m以内）,ブレーキ（減速）中,2.0000,惰行,13.0000,39.0649,70.0000,70.0000,70.0000,70.0000,38.4195,0.6453,80.6587,12.9000,83.3817,-2.7229,-2.3000,-0.0674,1.1406,この先制限速度なし,この先目立った勾配なし,1.0000,39.0649,0.0000,2.3049,1,80.6587,12.9000,0.0000,0.0000,30.0000,300.0000,0.0000,0.0000,先行列車なし,0.0000,0.0000,0.0000,0.0000,0.0000,,後続列車なし,,,
anti_mid_stop__wait_for_forward__solo,334.6000,1,24.6478,次駅への減速フェーズ（駅手前400m以内）,ブレーキ（減速）中,9.5000,惰行,13.0000,19.9684,70.0000,70.0000,70.0000,70.0000,18.6941,1.2743,19.2441,5.4000,21.9657,-2.7216,-2.3000,-0.0277,2.1835,この先制限速度なし,この先目立った勾配なし,1.0000,19.9684,0.0000,2.0519,1,19.2441,5.4000,0.0000,0.0000,30.0000,300.0000,0.0000,0.0000,先行列車なし,0.0000,0.0000,0.0000,0.0000,0.0000,,後続列車なし,,,
anti_mid_stop__wait_for_forward__solo,342.1000,1,24.6697,次駅への減速フェーズ（駅手前400m以内）,ブレーキ（減速）中,17.0000,惰行,13.0000,1.1090,70.0000,70.0000,0.0000,0.0000,0.5688,0.5402,-2.6546,0.0000,0.0667,-2.7213,-2.3000,-0.0041,3.1978,この先制限速度なし,この先目立った勾配なし,1.0000,1.1090,2.1000,2.3400,1,-2.6546,-2.1000,0.0000,0.0000,30.0000,300.0000,0.0000,0.0000,先行列車なし,0.0000,0.0000,0.0000,0.0000,0.0000,,後続列車なし,,,
anti_mid_stop__wait_for_forward__solo,183.0000,1,23.2900,駅停車中（発車判断）,ブレーキ（減速）中,10.6000,惰行,0.6000,0.0000,70.0000,70.0000,50.7910,50.7910,0.0000,0.0000,1377.0000,157.0000,0.0000,1377.0000,9.2000,-0.4089,2.8513,この先制限速度なし,10m先に上り勾配11.4‰あり,1.0000,0.0000,0.0000,2.0000,1,1377.0000,157.0000,1.0000,1.0000,30.0000,300.0000,0.0000,109.0000,先行列車なし,0.0000,0.0000,0.0000,0.0000,0.0000,,後続列車なし,,,
anti_mid_stop__wait_for_forward__solo,198.0000,1,23.2900,駅停車中（発車判断）,ブレーキ（減速）中,25.6000,惰行,0.6000,0.0000,70.0000,70.0000,52.2992,52.2992,0.0000,0.0000,1377.0000,142.0000,0.0000,1377.0000,9.2000,-0.4089,2.8513,この先制限速度なし,10m先に上り勾配11.4‰あり,1.0000,0.0000,0.0000,2.0000,1,1377.0000,142.0000,1.0000,16.0000,30.0000,300.0000,0.0000,107.5000,先行列車なし,0.0000,0.0000,0.0000,0.0000,0.0000,,後続列車なし,,,
anti_mid_stop__on_time__solo_delay20,21.0000,0,21.1124,駅出発直後の加速フェーズ（20秒以内）,力行（加速）中,30.0000,なし（または停止）,0.0000,3.1655,70.0000,70.0000,69.4697,69.4697,1.9871,1.1784,2177.5520,159.0000,0.4738,2177.0783,-2.1000,-0.0130,3.0809,この先制限速度なし,387m先に下り勾配6.7‰あり,0.0000,0.0000,0.0000,20.3625,2,3554.5520,319.0000,0.0000,0.0000,30.0000,300.0000,0.0000,0.0000,先行列車なし,0.0000,0.0000,0.0000,0.0000,0.0000,,後続列車なし,,,
anti_mid_stop__on_time__solo_delay20,90.0000,0,22.0442,巡航フェーズ（駅間走行中）,惰行中,11.0000,力行（加速）,1.0000,63.5549,70.0000,70.0000,67.2719,67.2719,60.7533,2.8017,1245.8240,90.0000,187.7866,1058.0374,0.0000,-0.2229,0.5271,この先制限速度なし,255m先に上り勾配12.5‰あり,1.0000,29.5483,0.0000,19.2744,2,2622.8240,250.0000,0.0000,0.0000,30.0000,300.0000,0.0000,0.0000,先行列車なし,0.0000,0.0000,0.0000,0.0000,0.0000,,後続列車なし,,,
anti_mid_stop__on_time__solo_delay20,159.0000,0,23.0908,次駅への減速フェーズ（駅手前400m以内）,惰行中,3.0000,力行（加速）,2.0000,46.6210,70.0000,70.0000,49.5605,49.5605,33.4939,13.1271,199.1811,21.0000,102.0236,97.1575,6.1000,-0.3839,0.6050,この先制限速度なし,9m先に上り勾配9.2‰あり,1.0000,42.0995,0.0000,8.7776,2,1576.1811,181.0000,0.0000,0.0000,30.0000,300.0000,0.0000,0.0000,先行列車なし,0.0000,0.0000,0.0000,0.0000,0.0000,,後続列車なし,,,
anti_mid_stop__on_time__solo_delay20,173.1000,0,23.2558,次駅への減速フェーズ（駅手前400m以内）,ブレーキ（減速）中,7.0000,力行（加速）,5.0000,27.0761,70.0000,70.0000,70.0000,70.0000,24.3640,2.7120,34.1894,6.9000,34.7004,-0.5110,9.2000,-0.4463,1.3915,この先制限速度なし,この先目立った勾配なし,1.0000,27.0761,0.0000,2.3588,2,1411.1894,166.9000,0.0000,0.0000,30.0000,300.0000,0.0000,0.0000,先行列車なし,0.0000,0.0000,0.0000,0.0000,0.0000,,後続列車なし,,,
anti_mid_stop__on_time__solo_delay20,180.0000,0,23.2883,次駅への減速フェーズ（駅手前400m以内）,ブレーキ（減速）中,13.9000,力行（加速）,5.0000,6.8636,70.0000,70.0000,70.0000,70.0000,6.0088,0.8548,1.7261,0.0000,2.2366,-0.5105,9.2000,-0.4153,2.4842,この先制限速度なし,この先目立った勾配なし,1.0000,6.8636,0.0000,2.0780,2,1378.7261,160.0000,0.0000,0.0000,30.0000,300.0000,0.0000,0.0000,先行列車なし,0.0000,0.0000,0.0000,0.0000,0.0000,,後続列車なし,,,
anti_mid_stop__on_time__solo_delay20,259.2000,1,23.7210,巡航フェーズ（駅間走行中）,力行（加速）中,47.0000,ブレーキ（減速）,30.0000,48.4943,70.0000,70.0000,54.5572,54.5572,48.4942,0.0001,946.0100,80.8000,127.8103,818.1997,11.4000,-0.6045,0.3580,この先制限速度なし,この先目立った勾配なし,1.0000,5.3333,0.0000,2.1998,1,946.0100,80.8000,0.0000,0.0000,30.0000,300.0000,0.0000,0.0000,先行列車なし,0.0000,0.0000,0.0000,0.0000,0.0000,,後続列車なし,,,
anti_mid_stop__on_time__solo_delay20,325.5000,1,24.5724,次駅への減速フェーズ（駅手前400m以内）,ブレーキ（減速）中,0.2000,惰行,13.0000,43.6431,70.0000,70.0000,43.6431,43.6431,39.0445,4.5986,94.6495,14.5000,103.8120,-9.1625,-2.3000,-0.0793,0.9517,この先制限速度なし,この先目立った勾配なし,1.0000,43.6431,0.0000,1.9978,1,94.6495,14.5000,0.0000,0.0000,30.0000,300.0000,0.0000,0.0000,先行列車なし,0.0000,0.0000,0.0000,0.0000,0.0000,,後続列車なし,,,
anti_mid_stop__on_time__solo_delay20,332.4000,1,24.6390,次駅への減速フェーズ（駅手前400m以内）,ブレーキ（減速）中,7.1000,惰行,13.0000,25.9946,70.0000,70.0000,25.9946,25.9946,22.5548,3.4398,27.9829,7.6000,37.1438,-9.1610,-2.3000,-0.0385,1.8561,この先制限速度なし,この先目立った勾配なし,1.0000,25.9946,0.0000,1.3782,1,27.9829,7.6000,0.0000,0.0000,30.0000,300.0000,0.0000,0.0000,先行列車なし,0.0000,0.0000,0.0000,0.0000,0.0000,,後続列車なし,,,
anti_mid_stop__on_time__solo_delay20,339.3000,1,24.6721,次駅への減速フェーズ（駅手前400m以内）,ブレーキ（減速）中,14.0000,惰行,13.0000,8.5795,70.0000,70.0000,0.0000,0.0000,0.5688,8.0107,-5.0968,0.7000,4.0636,-9.1604,-2.3000,-0.0116,2.7979,この先制限速度なし,この先目立った勾配なし,1.0000,8.5795,0.0000,0.0000,1,-5.0968,0.7000,0.0000,0.0000,30.0000,300.0000,0.0000,0.0000,先行列車なし,0.0000,0.0000,0.0000,0.0000,0.0000,,後続列車なし,,,
anti_mid_stop__on_time__solo_delay20,183.2000,1,23.2900,駅停車中（発車判断）,ブレーキ（減速）中,16.2000,力行（加速）,5.0000,0.0000,70.0000,70.0000,50.9619,50.9619,0.0000,0.0000,1377.0000,156.8000,0.0000,1377.0000,9.2000,-0.4089,2.8513,この先制限速度なし,10m先に上り勾配11.4‰あり,1.0000,0.0000,0.0000,2.2000,1,1377.0000,156.8000,1.0000,1.0000,30.0000,300.0000,0.0000,109.0000,先行列車なし,0.0000,0.0000,0.0000,0.0000,0.0000,,後続列車なし,,,
anti_mid_stop__on_time__solo_delay20,198.2000,1,23.2900,駅停車中（発車判断）,ブレーキ（減速）中,31.2000,力行（加速）,5.0000,0.0000,70.0000,70.0000,52.2992,52.2992,0.0000,0.0000,1377.0000,141.8000,0.0000,1377.0000,9.2000,-0.4089,2.8513,この先制限速度なし,10m先に上り勾配11.4‰あり,1.0000,0.0000,0.0000,2.2000,1,1377.0000,141.8000,1.0000,16.0000,30.0000,300.0000,0.0000,107.5000,先行列車なし,0.0000,0.0000,0.0000,0.0000,0.0000,,後続列車なし,,,
anti_mid_stop__wait_for_forward__solo_delay20,21.0000,0,21.1124,駅出発直後の加速フェーズ（20秒以内）,力行（加速）中,30.0000,なし（または停止）,0.0000,3.1655,70.0000,70.0000,69.4697,69.4697,1.9871,1.1784,2177.5520,159.0000,0.4738,2177.0783,-2.1000,-0.0130,3.0809,この先制限速度なし,387m先に下り勾配6.7‰あり,0.0000,0.0000,0.0000,20.3625,2,3554.5520,319.0000,0.0000,0.0000,30.0000,300.0000,0.0000,0.0000,先行列車なし,0.0000,0.0000,0.0000,0.0000,0.0000,,後続列車なし,,,
anti_mid_stop__wait_for_forward__solo_delay20,90.0000,0,22.0442,巡航フェーズ（駅間走行中）,惰行中,11.0000,力行（加速）,1.0000,63.5549,70.0000,70.0000,67.2719,67.2719,60.7533,2.8017,1245.8240,90.0000,187.7866,1058.0374,0.0000,-0.2229,0.5271,この先制限速度なし,255m先に上り勾配12.5‰あり,1.0000,29.5483,0.0000,19.2744,2,2622.8240,250.0000,0.0000,0.0000,30.0000,300.0000,0.0000,0.0000,先行列車なし,0.0000,0.0000,0.0000,0.0000,0.0000,,後続列車なし,,,
anti_mid_stop__wait_for_forward__solo_delay20,159.0000,0,23.0908,次駅への減速フェーズ（駅手前400m以内）,惰行中,3.0000,力行（加速）,2.0000,46.6210,70.0000,70.0000,49.5605,49.5605,33.4939,13.1271,199.1811,21.0000,102.0236,97.1575,6.1000,-0.3839,0.6050,この先制限速度なし,9m先に上り勾配9.2‰あり,1.0000,42.0995,0.0000,8.7776,2,1576.1811,181.0000,0.0000,0.0000,30.0000,300.0000,0.0000,0.0000,先行列車なし,0.0000,0.0000,0.0000,0.0000,0.0000,,後続列車なし,,,
anti_mid_stop__wait_for_forward__solo_delay20,173.1000,0,23.2558,次駅への減速フェーズ（駅手前400m以内）,ブレーキ（減速）中,7.0000,力行（加速）,5.0000,27.0761,70.0000,70.0000,70.0000,70.0000,24.3640,2.7120,34.1894,6.9000,34.7004,-0.5110,9.2000,-0.4463,1.3915,この先制限速度なし,この先目立った勾配なし,1.0000,27.0761,0.0000,2.3588,2,1411.1894,166.9000,0.0000,0.0000,30.0000,300.0000,0.0000,0.0000,先行列車なし,0.0000,0.0000,0.0000,0.0000,0.0000,,後続列車なし,,,
anti_mid_stop__wait_for_forward__solo_delay20,180.0000,0,23.2883,次駅への減速フェーズ（駅手前400m以内）,ブレーキ（減速）中,13.9000,力行（加速）,5.0000,6.8636,70.0000,70.0000,70.0000,70.0000,6.0088,0.8548,1.7261,0.0000,2.2366,-0.5105,9.2000,-0.4153,2.4842,この先制限速度なし,この先目立った勾配なし,1.0000,6.8636,0.0000,2.0780,2,1378.7261,160.0000,0.0000,0.0000,30.0000,300.0000,0.0000,0.0000,先行列車なし,0.0000,0.0000,0.0000,0.0000,0.0000,,後続列車なし,,,
anti_mid_stop__wait_for_forward__solo_delay20,259.2000,1,23.7210,巡航フェーズ（駅間走行中）,力行（加速）中,47.0000,ブレーキ（減速）,30.0000,48.4943,70.0000,70.0000,54.5572,54.5572,48.4942,0.0001,946.0100,80.8000,127.8103,818.1997,11.4000,-0.6045,0.3580,この先制限速度なし,この先目立った勾配なし,1.0000,5.3333,0.0000,2.1998,1,946.0100,80.8000,0.0000,0.0000,30.0000,300.0000,0.0000,0.0000,先行列車なし,0.0000,0.0000,0.0000,0.0000,0.0000,,後続列車なし,,,
anti_mid_stop__wait_for_forward__solo_delay20,325.5000,1,24.5724,次駅への減速フェーズ（駅手前400m以内）,ブレーキ（減速）中,0.2000,惰行,13.0000,43.6431,70.0000,70.0000,43.6431,43.6431,39.0445,4.5986,94.6495,14.5000,103.8120,-9.1625,-2.3000,-0.0793,0.9517,この先制限速度なし,この先目立った勾配なし,1.0000,43.6431,0.0000,1.9978,1,94.6495,14.5000,0.0000,0.0000,30.0000,300.0000,0.0000,0.0000,先行列車なし,0.0000,0.0000,0.0000,0.0000,0.0000,,後続列車なし,,,
anti_mid_stop__wait_for_forward__solo_delay20,332.4000,1,24.6390,次駅への減速フェーズ（駅手前400m以内）,ブレーキ（減速）中,7.1000,惰行,13.0000,25.9946,70.0000,70.0000,25.9946,25.9946,22.5548,3.4398,27.9829,7.6000,37.1438,-9.1610,-2.3000,-0.0385,1.8561,この先制限速度なし,この先目立った勾配なし,1.0000,25.9946,0.0000,1.3782,1,27.9829,7.6000,0.0000,0.0000,30.0000,300.0000,0.0000,0.0000,先行列車なし,0.0000,0.0000,0.0000,0.0000,0.0000,,後続列車なし,,,
anti_mid_stop__wait_for_forward__solo_delay20,339.3000,1,24.6721,次駅への減速フェーズ（駅手前400m以内）,ブレーキ（減速）中,14.0000,惰行,13.0000,8.5795,70.0000,70.0000,0.0000,0.0000,0.5688,8.0107,-5.0968,0.7000,4.0636,-9.1604,-2.3000,-0.0116,2.7979,この先制限速度なし,この先目立った勾配なし,1.0000,8.5795,0.0000,0.0000,1,-5.0968,0.7000,0.0000,0.0000,30.0000,300.0000,0.0000,0.0000,先行列車なし,0.0000,0.0000,0.0000,0.0000,0.0000,,後続列車なし,,,
anti_mid_stop__wait_for_forward__solo_delay20,183.2000,1,23.2900,駅停車中（発車判断）,ブレーキ（減速）中,16.2000,力行（加速）,5.0000,0.0000,70.0000,70.0000,50.9619,50.9619,0.0000,0.0000,1377.0000,156.8000,0.0000,1377.0000,9.2000,-0.4089,2.8513,この先制限速度なし,10m先に上り勾配11.4‰あり,1.0000,0.0000,0.0000,2.2000,1,1377.0000,156.8000,1.0000,1.0000,30.0000,300.0000,0.0000,109.0000,先行列車なし,0.0000,0.0000,0.0000,0.0000,0.0000,,後続列車なし,,,
anti_mid_stop__wait_for_forward__solo_delay20,198.2000,1,23.2900,駅停車中（発車判断）,ブレーキ（減速）中,31.2000,力行（加速）,5.0000,0.0000,70.0000,70.0000,52.2992,52.2992,0.0000,0.0000,1377.0000,141.8000,0.0000,1377.0000,9.2000,-0.4089,2.8513,この先制限速度なし,10m先に上り勾配11.4‰あり,1.0000,0.0000,0.0000,2.2000,1,1377.0000,141.8000,1.0000,16.0000,30.0000,300.0000,0.0000,107.5000,先行列車なし,0.0000,0.0000,0.0000,0.0000,0.0000,,後続列車なし,,,
anti_mid_stop__on_time__solo_delay60,61.0000,0,21.1124,駅出発直後の加速フェーズ（20秒以内）,力行（加速）中,30.0000,なし（または停止）,0.0000,3.1655,70.0000,70.0000,70.0000,70.0000,1.9871,1.1784,2177.5520,119.0000,0.4738,2177.0783,-2.1000,-0.0130,3.0809,この先制限速度なし,387m先に下り勾配6.7‰あり,0.0000,0.0000,0.0000,60.3625,2,3554.5520,279.0000,0.0000,0.0000,30.0000,300.0000,0.0000,0.0000,先行列車なし,0.0000,0.0000,0.0000,0.0000,0.0000,,後続列車なし,,,
anti_mid_stop__on_time__solo_delay60,92.0000,0,21.3927,巡航フェーズ（駅間走行中）,力行（加速）中,31.0000,ブレーキ（減速）,30.0000,50.5582,70.0000,70.0000,70.0000,70.0000,50.5578,0.0004,1897.3038,88.0000,119.7373,1777.5665,-2.1000,-0.1061,0.8273,この先制限速度なし,107m先に下り勾配6.7‰あり,0.0000,0.0000,0.0000,60.0006,2,3274.3038,248.0000,0.0000,0.0000,30.0000,300.0000,0.0000,0.0000,先行列車なし,0.0000,0.0000,0.0000,0.0000,0.0000,,後続列車なし,,,
anti_mid_stop__on_time__solo_delay60,123.0000,0,21.9222,巡航フェーズ（駅間走行中）,惰行中,1.0000,惰行,2.0000,67.1793,70.0000,70.0000,70.0000,70.0000,62.2928,4.8865,1367.7779,57.0000,210.0449,1157.7330,0.0000,-0.2361,0.4627,この先制限速度なし,377m先に上り勾配12.5‰あり,1.0000,33.8568,0.0000,59.4111,2,2744.7779,217.0000,0.0000,0.0000,30.0000,300.0000,0.0000,0.0000,先行列車なし,0.0000,0.0000,0.0000,0.0000,0.0000,,後続列車なし,,,
anti_mid_stop__on_time__solo_delay60,154.0000,0,22.4995,巡航フェーズ（駅間走行中）,力行（加速）中,1.0000,力行（加速）,8.0000,66.3669,70.0000,70.0000,70.0000,70.0000,49.1117,17.2552,790.4950,26.0000,204.9375,585.5575,12.5000,-0.6741,0.0362,この先制限速度なし,0m先で上り勾配12.5‰が終わり平坦になる,1.0000,50.6781,0.0000,54.2071,2,2167.4950,186.0000,0.0000,0.0000,30.0000,300.0000,0.0000,0.0000,先行列車なし,0.0000,0.0000,0.0000,0.0000,0.0000,,後続列車なし,,,
anti_mid_stop__on_time__solo_delay60,185.0000,0,23.0759,次駅への減速フェーズ（駅手前400m以内）,惰行中,2.0000,惰行,1.0000,66.6525,70.0000,70.0000,70.0000,70.0000,34.0505,32.6020,214.0516,0.0000,206.7268,7.3248,6.1000,-0.4494,0.2569,この先制限速度なし,24m先に上り勾配9.2‰あり,1.0000,66.4278,5.0000,36.3625,2,1591.0516,155.0000,0.0000,0.0000,30.0000,300.0000,0.0000,0.0000,先行列車なし,0.0000,0.0000,0.0000,0.0000,0.0000,,後続列車なし,,,
anti_mid_stop__on_time__solo_delay60,194.4000,0,23.2210,次駅への減速フェーズ（駅手前400m以内）,ブレーキ（減速）中,8.3000,力行（加速）,1.0000,41.5952,70.0000,70.0000,70.0000,70.0000,26.5490,15.0462,69.0443,0.0000,81.4113,-12.3671,9.2000,-0.4796,0.5955,この先制限速度なし,この先目立った勾配なし,1.0000,41.5952,14.4000,28.5890,2,1446.0443,145.6000,0.0000,0.0000,30.0000,300.0000,0.0000,0.0000,先行列車なし,0.0000,0.0000,0.0000,0.0000,0.0000,,後続列車なし,,,
anti_mid_stop__on_time__solo_delay60,197.5000,0,23.2528,次駅への減速フェーズ（駅手前400m以内）,ブレーキ（減速）中,11.4000,力行（加速）,1.0000,32.3936,70.0000,70.0000,70.0000,70.0000,24.5600,7.8336,37.2057,0.0000,49.5720,-12.3663,9.2000,-0.4574,1.1010,この先制限速度なし,この先目立った勾配なし,1.0000,32.3936,17.5000,27.2022,2,1414.2057,142.5000,0.0000,0.0000,30.0000,300.0000,0.0000,0.0000,先行列車なし,0.0000,0.0000,0.0000,0.0000,0.0000,,後続列車なし,,,
anti_mid_stop__on_time__solo_delay60,200.6000,0,23.2767,次駅への減速フェーズ（駅手前400m以内）,ブレーキ（減速）中,14.5000,力行（加速）,1.0000,23.2549,70.0000,70.0000,70.0000,70.0000,16.7266,6.5283,13.2627,0.0000,25.6285,-12.3658,9.2000,-0.4391,1.5994,この先制限速度なし,この先目立った勾配なし,1.0000,23.2549,20.6000,26.3472,2,1390.2627,139.4000,0.0000,0.0000,30.0000,300.0000,0.0000,0.0000,先行列車なし,0.0000,0.0000,0.0000,0.0000,0.0000,,後続列車なし,,,
anti_mid_stop__on_time__solo_delay60,203.7000,0,23.2928,次駅への減速フェーズ（駅手前400m以内）,ブレーキ（減速）中,17.6000,力行（加速）,1.0000,14.1672,70.0000,70.0000,0.0000,0.0000,0.6744,13.4928,-2.8337,0.0000,9.5318,-12.3655,9.2000,-0.4245,2.0914,この先制限速度なし,この先目立った勾配なし,1.0000,14.1672,23.7000,23.9460,2,1374.1663,136.3000,0.0000,0.0000,30.0000,300.0000,0.0000,0.0000,先行列車なし,0.0000,0.0000,0.0000,0.0000,0.0000,,後続列車なし,,,
anti_mid_stop__wait_for_forward__solo_delay60,61.0000,0,21.1124,駅出発直後の加速フェーズ（20秒以内）,力行（加速）中,30.0000,なし（または停止）,0.0000,3.1655,70.0000,70.0000,70.0000,70.0000,1.9871,1.1784,2177.5520,119.0000,0.4738,2177.0783,-2.1000,-0.0130,3.0809,この先制限速度なし,387m先に下り勾配6.7‰あり,0.0000,0.0000,0.0000,60.3625,2,3554.5520,279.0000,0.0000,0.0000,30.0000,300.0000,0.0000,0.0000,先行列車なし,0.0000,0.0000,0.0000,0.0000,0.0000,,後続列車なし,,,
anti_mid_stop__wait_for_forward__solo_delay60,92.0000,0,21.3927,巡航フェーズ（駅間走行中）,力行（加速）中,31.0000,ブレーキ（減速）,30.0000,50.5582,70.0000,70.0000,70.0000,70.0000,50.5578,0.0004,1897.3038,88.0000,119.7373,1777.5665,-2.1000,-0.1061,0.8273,この先制限速度なし,107m先に下り勾配6.7‰あり,0.0000,0.0000,0.0000,60.0006,2,3274.3038,248.0000,0.0000,0.0000,30.0000,300.0000,0.0000,0.0000,先行列車なし,0.0000,0.0000,0.0000,0.0000,0.0000,,後続列車なし,,,
anti_mid_stop__wait_for_forward__solo_delay60,123.0000,0,21.9222,巡航フェーズ（駅間走行中）,惰行中,1.0000,惰行,2.0000,67.1793,70.0000,70.0000,70.0000,70.0000,62.2928,4.8865,1367.7779,57.0000,210.0449,1157.7330,0.0000,-0.2361,0.4627,この先制限速度なし,377m先に上り勾配12.5‰あり,1.0000,33.8568,0.0000,59.4111,2,2744.7779,217.0000,0.0000,0.0000,30.0000,300.0000,0.0000,0.0000,先行列車なし,0.0000,0.0000,0.0000,0.0000,0.0000,,後続列車なし,,,
anti_mid_stop__wait_for_forward__solo_delay60,154.0000,0,22.4995,巡航フェーズ（駅間走行中）,力行（加速）中,1.0000,力行（加速）,8.0000,66.3669,70.0000,70.0000,70.0000,70.0000,49.1117,17.2552,790.4950,26.0000,204.9375,585.5575,12.5000,-0.6741,0.0362,この先制限速度なし,0m先で上り勾配12.5‰が終わり平坦になる,1.0000,50.6781,0.0000,54.2071,2,2167.4950,186.0000,0.0000,0.0000,30.0000,300.0000,0.0000,0.0000,先行列車なし,0.0000,0.0000,0.0000,0.0000,0.0000,,後続列車なし,,,
anti_mid_stop__wait_for_forward__solo_delay60,185.0000,0,23.0759,次駅への減速フェーズ（駅手前400m以内）,惰行中,2.0000,惰行,1.0000,66.6525,70.0000,70.0000,70.0000,70.0000,34.0505,32.6020,214.0516,0.0000,206.7268,7.3248,6.1000,-0.4494,0.2569,この先制限速度なし,24m先に上り勾配9.2‰あり,1.0000,66.4278,5.0000,36.3625,2,1591.0516,155.0000,0.0000,0.0000,30.0000,300.0000,0.0000,0.0000,先行列車なし,0.0000,0.0000,0.0000,0.0000,0.0000,,後続列車なし,,,
anti_mid_stop__wait_for_forward__solo_delay60,194.4000,0,23.2210,次駅への減速フェーズ（駅手前400m以内）,ブレーキ（減速）中,8.3000,力行（加速）,1.0000,41.5952,70.0000,70.0000,70.0000,70.0000,26.5490,15.0462,69.0443,0.0000,81.4113,-12.3671,9.2000,-0.4796,0.5955,この先制限速度なし,この先目立った勾配なし,1.0000,41.5952,14.4000,28.5890,2,1446.0443,145.6000,0.0000,0.0000,30.0000,300.0000,0.0000,0.0000,先行列車なし,0.0000,0.0000,0.0000,0.0000,0.0000,,後続列車なし,,,
anti_mid_stop__wait_for_forward__solo_delay60,197.5000,0,23.2528,次駅への減速フェーズ（駅手前400m以内）,ブレーキ（減速）中,11.4000,力行（加速）,1.0000,32.3936,70.0000,70.0000,70.0000,70.0000,24.5600,7.8336,37.2057,0.0000,49.5720,-12.3663,9.2000,-0.4574,1.1010,この先制限速度なし,この先目立った勾配なし,1.0000,32.3936,17.5000,27.2022,2,1414.2057,142.5000,0.0000,0.0000,30.0000,300.0000,0.0000,0.0000,先行列車なし,0.0000,0.0000,0.0000,0.0000,0.0000,,後続列車なし,,,
anti_mid_stop__wait_for_forward__solo_delay60,200.6000,0,23.2767,次駅への減速フェーズ（駅手前400m以内）,ブレーキ（減速）中,14.5000,力行（加速）,1.0000,23.2549,70.0000,70.0000,70.0000,70.0000,16.7266,6.5283,13.2627,0.0000,25.6285,-12.3658,9.2000,-0.4391,1.5994,この先制限速度なし,この先目立った勾配なし,1.0000,23.2549,20.6000,26.3472,2,1390.2627,139.4000,0.0000,0.0000,30.0000,300.0000,0.0000,0.0000,先行列車なし,0.0000,0.0000,0.0000,0.0000,0.0000,,後続列車なし,,,
anti_mid_stop__wait_for_forward__solo_delay60,203.7000,0,23.2928,次駅への減速フェーズ（駅手前400m以内）,ブレーキ（減速）中,17.6000,力行（加速）,1.0000,14.1672,70.0000,70.0000,0.0000,0.0000,0.6744,13.4928,-2.8337,0.0000,9.5318,-12.3655,9.2000,-0.4245,2.0914,この先制限速度なし,この先目立った勾配なし,1.0000,14.1672,23.7000,23.9460,2,1374.1663,136.3000,0.0000,0.0000,30.0000,300.0000,0.0000,0.0000,先行列車なし,0.0000,0.0000,0.0000,0.0000,0.0000,,後続列車なし,,,
anti_mid_stop__on_time__hw120_v65_b30_c30,1.0000,0,21.1124,駅出発直後の加速フェーズ（20秒以内）,力行（加速）中,30.0000,なし（または停止）,0.0000,3.1655,70.0000,69.9979,64.8030,64.8030,1.9871,1.1784,2177.5520,179.0000,0.4738,2177.0783,-2.1000,-0.0130,3.0809,この先制限速度なし,387m先に下り勾配6.7‰あり,0.0000,0.0000,0.0000,0.3625,2,3554.5520,339.0000,0.0000,0.0000,30.0000,300.0000,0.0000,0.0000,前方 1662.0m 先を 44.0km/h で走行中,0.0000,120.0000,90.0000,0.0000,0.0000,未発車,後続列車なし,,,
anti_mid_stop__on_time__hw120_v65_b30_c30,76.0000,0,22.1047,巡航フェーズ（駅間走行中）,惰行中,29.0000,力行（加速）,46.0000,56.1820,70.0000,69.9979,58.7290,58.7290,59.9889,-3.8069,1185.2970,104.0000,147.3959,1037.9011,0.0000,-0.1978,0.6563,この先制限速度なし,195m先に上り勾配12.5‰あり,1.0000,13.6279,0.0000,1.6648,2,2562.2970,264.0000,0.0000,0.0000,30.0000,300.0000,0.0000,0.0000,前方 1185.3m 先に停車中,0.0000,120.0000,15.0000,0.0000,15.0000,未発車,後続列車なし,,,
anti_mid_stop__on_time__hw120_v65_b30_c30,151.0000,0,23.0521,次駅への減速フェーズ（駅手前400m以内）,惰行中,1.0000,力行（加速）,1.0000,35.9615,70.0000,69.9979,37.4428,37.4428,34.9299,1.0316,237.9238,29.0000,61.0047,176.9191,6.1000,-0.3562,1.0148,この先制限速度なし,47m先に上り勾配9.2‰あり,1.0000,25.3729,0.0000,4.8551,2,1614.9238,189.0000,0.0000,0.0000,30.0000,300.0000,0.0000,0.0000,前方 860.6m 先を 53.1km/h で走行中,0.0000,120.0000,0.0000,0.0000,0.0000,発車済み,後続列車なし,,,
anti_mid_stop__on_time__hw120_v65_b30_c30,172.0000,0,23.2487,次駅への減速フェーズ（駅手前400m以内）,ブレーキ（減速）中,0.5000,惰行,0.6000,29.6275,70.0000,69.9979,70.0000,70.0000,24.8234,4.8042,41.2945,8.0000,41.5109,-0.2165,9.2000,-0.4515,1.2523,この先制限速度なし,この先目立った勾配なし,1.0000,29.6275,0.0000,2.2987,2,1418.2945,168.0000,0.0000,0.0000,30.0000,300.0000,0.0000,0.0000,前方 990.4m 先を 58.5km/h で走行中,0.0000,120.0000,0.0000,0.0000,0.0000,発車済み,後続列車なし,,,
anti_mid_stop__on_time__hw120_v65_b30_c30,179.5000,0,23.2874,次駅への減速フェーズ（駅手前400m以内）,ブレーキ（減速）中,8.0000,惰行,0.6000,7.6369,70.0000,69.9979,70.0000,70.0000,7.3281,0.3088,2.5538,0.5000,2.7696,-0.2158,9.2000,-0.4162,2.4428,この先制限速度なし,この先目立った勾配なし,1.0000,7.6369,0.0000,2.0308,2,1379.5538,160.5000,0.0000,0.0000,30.0000,300.0000,0.0000,0.0000,前方 1076.1m 先を 61.8km/h で走行中,0.0000,120.0000,0.0000,0.0000,0.0000,発車済み,後続列車なし,,,
anti_mid_stop__on_time__hw120_v65_b30_c30,262.0000,1,23.7618,巡航フェーズ（駅間走行中）,力行（加速）中,50.0000,ブレーキ（減速）,30.0000,49.5414,70.0000,69.9979,54.4113,54.4113,49.5415,-0.0000,905.1566,78.0000,133.3045,771.8521,11.4000,-0.6076,0.3402,この先制限速度なし,この先目立った勾配なし,1.0000,15.2714,0.0000,2.0003,1,905.1566,78.0000,0.0000,0.0000,30.0000,300.0000,0.0000,0.0000,前方 1066.0m 先を 42.2km/h で走行中,0.0000,120.0000,0.0000,0.0000,0.0000,発車済み,後続列車なし,,,
anti_mid_stop__on_time__hw120_v65_b30_c30,327.1000,1,24.5863,次駅への減速フェーズ（駅手前400m以内）,ブレーキ（減速）中,2.0000,惰行,13.0000,39.0649,70.0000,69.9979,70.0000,70.0000,38.4195,0.6453,80.6587,12.9000,83.3817,-2.7229,-2.3000,-0.0674,1.1406,この先制限速度なし,この先目立った勾配なし,1.0000,39.0649,0.0000,2.3049,1,80.6587,12.9000,0.0000,0.0000,30.0000,300.0000,0.0000,0.0000,前方 1356.2m 先を 71.1km/h で走行中,0.0000,120.0000,0.0000,0.0000,0.0000,発車済み,後続列車なし,,,
anti_mid_stop__on_time__hw120_v65_b30_c30,334.6000,1,24.6478,次駅への減速フェーズ（駅手前400m以内）,ブレーキ（減速）中,9.5000,惰行,13.0000,19.9684,70.0000,69.9979,70.0000,70.0000,18.6941,1.2743,19.2441,5.4000,21.9657,-2.7216,-2.3000,-0.0277,2.1835,この先制限速度なし,この先目立った勾配なし,1.0000,19.9684,0.0000,2.0519,1,19.2441,5.4000,0.0000,0.0000,30.0000,300.0000,0.0000,0.0000,前方 1443.9m 先を 72.0km/h で走行中,0.0000,120.0000,0.0000,0.0000,0.0000,発車済み,後続列車なし,,,
anti_mid_stop__on_time__hw120_v65_b30_c30,342.1000,1,24.6697,次駅への減速フェーズ（駅手前400m以内）,ブレーキ（減速）中,17.0000,惰行,13.0000,1.1090,70.0000,69.9979,0.0000,0.0000,0.5688,0.5402,-2.6546,0.0000,0.0667,-2.7213,-2.3000,-0.0041,3.1978,この先制限速度なし,この先目立った勾配なし,1.0000,1.1090,2.1000,2.3400,1,-2.6546,-2.1000,0.0000,0.0000,30.0000,300.0000,0.0000,0.0000,前方 1573.0m 先を 72.9km/h で走行中,0.0000,120.0000,0.0000,0.0000,0.0000,発車済み,後続列車なし,,,
anti_mid_stop__on_time__hw120_v65_b30_c30,183.0000,1,23.2900,駅停車中（発車判断）,ブレーキ（減速）中,10.6000,惰行,0.6000,0.0000,70.0000,69.9979,50.7910,50.7910,0.0000,0.0000,1377.0000,157.0000,0.0000,1377.0000,9.2000,-0.4089,2.8513,この先制限速度なし,10m先に上り勾配11.4‰あり,1.0000,0.0000,0.0000,2.0000,1,1377.0000,157.0000,1.0000,1.0000,30.0000,300.0000,0.0000,109.0000,前方 1134.6m 先を 63.7km/h で走行中,0.0000,120.0000,57.0000,0.0000,0.0000,未発車,後続列車なし,,,
anti_mid_stop__on_time__hw120_v65_b30_c30,198.0000,1,23.2900,駅停車中（発車判断）,ブレーキ（減速）中,25.6000,惰行,0.6000,0.0000,70.0000,69.9979,52.2992,52.2992,0.0000,0.0000,1377.0000,142.0000,0.0000,1377.0000,9.2000,-0.4089,2.8513,この先制限速度なし,10m先に上り勾配11.4‰あり,1.0000,0.0000,0.0000,2.0000,1,1377.0000,142.0000,1.0000,16.0000,30.0000,300.0000,0.0000,107.5000,前方 1332.8m 先を 28.4km/h で走行中,0.0000,120.0000,42.0000,0.0000,0.0000,未発車,後続列車なし,,,
anti_mid_stop__wait_for_forward__hw120_v65_b30_c30,1.0000,0,21.1124,駅出発直後の加速フェーズ（20秒以内）,力行（加速）中,30.0000,なし（または停止）,0.0000,3.1655,70.0000,69.9979,64.8030,64.8030,1.9871,1.1784,2177.5520,179.0000,0.4738,2177.0783,-2.1000,-0.0130,3.0809,この先制限速度なし,387m先に下り勾配6.7‰あり,0.0000,0.0000,0.0000,0.3625,2,3554.5520,339.0000,0.0000,0.0000,30.0000,300.0000,0.0000,0.0000,前方 1662.0m 先を 44.0km/h で走行中,0.0000,120.0000,90.0000,0.0000,0.0000,未発車,後続列車なし,,,
anti_mid_stop__wait_for_forward__hw120_v65_b30_c30,76.0000,0,22.1047,巡航フェーズ（駅間走行中）,惰行中,29.0000,力行（加速）,46.0000,56.1820,70.0000,69.9979,58.7290,58.7290,59.9889,-3.8069,1185.2970,104.0000,147.3959,1037.9011,0.0000,-0.1978,0.6563,この先制限速度なし,195m先に上り勾配12.5‰あり,1.0000,13.6279,0.0000,1.6648,2,2562.2970,264.0000,0.0000,0.0000,30.0000,300.0000,0.0000,0.0000,前方 1185.3m 先に停車中,0.0000,120.0000,15.0000,0.0000,15.0000,未発車,後続列車なし,,,
anti_mid_stop__wait_for_forward__hw120_v65_b30_c30,151.0000,0,23.0521,次駅への減速フェーズ（駅手前400m以内）,惰行中,1.0000,力行（加速）,1.0000,35.9615,70.0000,69.9979,37.4428,37.4428,34.9299,1.0316,237.9238,29.0000,61.0047,176.9191,6.1000,-0.3562,1.0148,この先制限速度なし,47m先に上り勾配9.2‰あり,1.0000,25.3729,0.0000,4.8551,2,1614.9238,189.0000,0.0000,0.0000,30.0000,300.0000,0.0000,0.0000,前方 860.6m 先を 53.1km/h で走行中,0.0000,120.0000,0.0000,0.0000,0.0000,発車済み,後続列車なし,,,
anti_mid_stop__wait_for_forward__hw120_v65_b30_c30,172.0000,0,23.2487,次駅への減速フェーズ（駅手前400m以内）,ブレーキ（減速）中,0.5000,惰行,0.6000,29.6275,70.0000,69.9979,70.0000,70.0000,24.8234,4.8042,41.2945,8.0000,41.5109,-0.2165,9.2000,-0.4515,1.2523,この先制限速度なし,この先目立った勾配なし,1.0000,29.6275,0.0000,2.2987,2,1418.2945,168.0000,0.0000,0.0000,30.0000,300.0000,0.0000,0.0000,前方 990.4m 先を 58.5km/h で走行中,0.0000,120.0000,0.0000,0.0000,0.0000,発車済み,後続列車なし,,,
anti_mid_stop__wait_for_forward__hw120_v65_b30_c30,179.5000,0,23.2874,次駅への減速フェーズ（駅手前400m以内）,ブレーキ（減速）中,8.0000,惰行,0.6000,7.6369,70.0000,69.9979,70.0000,70.0000,7.3281,0.3088,2.5538,0.5000,2.7696,-0.2158,9.2000,-0.4162,2.4428,この先制限速度なし,この先目立った勾配なし,1.0000,7.6369,0.0000,2.0308,2,1379.5538,160.5000,0.0000,0.0000,30.0000,300.0000,0.0000,0.0000,前方 1076.1m 先を 61.8km/h で走行中,0.0000,120.0000,0.0000,0.0000,0.0000,発車済み,後続列車なし,,,
anti_mid_stop__wait_for_forward__hw120_v65_b30_c30,262.0000,1,23.7618,巡航フェーズ（駅間走行中）,力行（加速）中,50.0000,ブレーキ（減速）,30.0000,49.5414,70.0000,69.9979,54.4113,54.4113,49.5415,-0.0000,905.1566,78.0000,133.3045,771.8521,11.4000,-0.6076,0.3402,この先制限速度なし,この先目立った勾配なし,1.0000,15.2714,0.0000,2.0003,1,905.1566,78.0000,0.0000,0.0000,30.0000,300.0000,0.0000,0.0000,前方 1066.0m 先を 42.2km/h で走行中,0.0000,120.0000,0.0000,0.0000,0.0000,発車済み,後続列車なし,,,
anti_mid_stop__wait_for_forward__hw120_v65_b30_c30,327.1000,1,24.5863,次駅への減速フェーズ（駅手前400m以内）,ブレーキ（減速）中,2.0000,惰行,13.0000,39.0649,70.0000,69.9979,70.0000,70.0000,38.4195,0.6453,80.6587,12.9000,83.3817,-2.7229,-2.3000,-0.0674,1.1406,この先制限速度なし,この先目立った勾配なし,1.0000,39.0649,0.0000,2.3049,1,80.6587,12.9000,0.0000,0.0000,30.0000,300.0000,0.0000,0.0000,前方 1356.2m 先を 71.1km/h で走行中,0.0000,120.0000,0.0000,0.0000,0.0000,発車済み,後続列車なし,,,
anti_mid_stop__wait_for_forward__hw120_v65_b30_c30,334.6000,1,24.6478,次駅への減速フェーズ（駅手前400m以内）,ブレーキ（減速）中,9.5000,惰行,13.0000,19.9684,70.0000,69.9979,70.0000,70.0000,18.6941,1.2743,19.2441,5.4000,21.9657,-2.7216,-2.3000,-0.0277,2.1835,この先制限速度なし,この先目立った勾配なし,1.0000,19.9684,0.0000,2.0519,1,19.2441,5.4000,0.0000,0.0000,30.0000,300.0000,0.0000,0.0000,前方 1443.9m 先を 72.0km/h で走行中,0.0000,120.0000,0.0000,0.0000,0.0000,発車済み,後続列車なし,,,
anti_mid_stop__wait_for_forward__hw120_v65_b30_c30,342.1000,1,24.6697,次駅への減速フェーズ（駅手前400m以内）,ブレーキ（減速）中,17.0000,惰行,13.0000,1.1090,70.0000,69.9979,0.0000,0.0000,0.5688,0.5402,-2.6546,0.0000,0.0667,-2.7213,-2.3000,-0.0041,3.1978,この先制限速度なし,この先目立った勾配なし,1.0000,1.1090,2.1000,2.3400,1,-2.6546,-2.1000,0.0000,0.0000,30.0000,300.0000,0.0000,0.0000,前方 1573.0m 先を 72.9km/h で走行中,0.0000,120.0000,0.0000,0.0000,0.0000,発車済み,後続列車なし,,,
anti_mid_stop__wait_for_forward__hw120_v65_b30_c30,183.0000,1,23.2900,駅停車中（発車判断）,ブレーキ（減速）中,10.6000,惰行,0.6000,0.0000,70.0000,69.9979,50.7910,50.7910,0.0000,0.0000,1377.0000,157.0000,0.0000,1377.0000,9.2000,-0.4089,2.8513,この先制限速度なし,10m先に上り勾配11.4‰あり,1.0000,0.0000,0.0000,2.0000,1,1377.0000,157.0000,1.0000,1.0000,30.0000,300.0000,0.0000,109.0000,前方 1134.6m 先を 63.7km/h で走行中,0.0000,120.0000,57.0000,0.0000,0.0000,未発車,後続列車なし,,,
anti_mid_stop__wait_for_forward__hw120_v65_b30_c30,198.0000,1,23.2900,駅停車中（発車判断）,ブレーキ（減速）中,25.6000,惰行,0.6000,0.0000,70.0000,69.9979,52.2992,52.2992,0.0000,0.0000,1377.0000,142.0000,0.0000,1377.0000,9.2000,-0.4089,2.8513,この先制限速度なし,10m先に上り勾配11.4‰あり,1.0000,0.0000,0.0000,2.0000,1,1377.0000,142.0000,1.0000,16.0000,30.0000,300.0000,0.0000,107.5000,前方 1332.8m 先を 28.4km/h で走行中,0.0000,120.0000,42.0000,0.0000,0.0000,未発車,後続列車なし,,,
anti_mid_stop__on_time__hw120_v65_b30_c120,1.0000,0,21.1124,駅出発直後の加速フェーズ（20秒以内）,力行（加速）中,30.0000,なし（または停止）,0.0000,3.1655,70.0000,69.9979,64.8030,64.8030,1.9871,1.1784,2177.5520,179.0000,0.4738,2177.0783,-2.1000,-0.0130,3.0809,この先制限速度なし,387m先に下り勾配6.7‰あり,0.0000,0.0000,0.0000,0.3625,2,3554.5520,339.0000,0.0000,0.0000,30.0000,300.0000,0.0000,0.0000,前方 1662.0m 先を 44.0km/h で走行中,0.0000,120.0000,90.0000,0.0000,0.0000,未発車,後続列車なし,,,
anti_mid_stop__on_time__hw120_v65_b30_c120,86.0000,0,22.2580,巡航フェーズ（駅間走行中）,惰行中,39.0000,力行（加速）,46.0000,54.2359,70.0000,69.9979,56.5797,56.5797,58.0512,-3.8154,1031.9560,94.0000,137.5133,894.4427,0.0000,-0.1915,0.6900,この先制限速度なし,41m先に上り勾配12.5‰あり,1.0000,13.5772,0.0000,2.3103,2,2408.9560,254.0000,0.0000,0.0000,30.0000,300.0000,0.0000,0.0000,前方 1032.0m 先に停車中,0.0000,120.0000,5.0000,0.0000,25.0000,未発車,後続列車なし,,,
anti_mid_stop__on_time__hw120_v65_b30_c120,166.5000,0,23.2002,次駅への減速フェーズ（駅手前400m以内）,惰行中,0.2000,力行（加速）,0.1000,32.3679,70.0000,69.9979,32.3679,32.3679,27.7764,4.5915,89.7833,13.5000,49.4936,40.2897,9.2000,-0.4574,1.1024,この先制限速度なし,この先目立った勾配なし,1.0000,29.6398,0.0000,3.4378,2,1466.7833,173.5000,0.0000,0.0000,30.0000,300.0000,0.0000,0.0000,前方 950.4m 先を 57.3km/h で走行中,0.0000,120.0000,0.0000,0.0000,0.0000,発車済み,後続列車なし,,,
anti_mid_stop__on_time__hw120_v65_b30_c120,175.0000,0,23.2697,次駅への減速フェーズ（駅手前400m以内）,ブレーキ（減速）中,3.5000,惰行,0.6000,20.7989,70.0000,69.9979,70.0000,70.0000,20.6983,0.1006,20.2992,5.0000,20.5153,-0.2161,9.2000,-0.4348,1.7328,この先制限速度なし,この先目立った勾配なし,1.0000,20.7989,0.0000,2.1028,2,1397.2992,165.0000,0.0000,0.0000,30.0000,300.0000,0.0000,0.0000,前方 1018.4m 先を 59.1km/h で走行中,0.0000,120.0000,0.0000,0.0000,0.0000,発車済み,後続列車なし,,,
anti_mid_stop__on_time__hw120_v65_b30_c120,227.0000,1,23.3585,駅出発直後の加速フェーズ（20秒以内）,力行（加速）中,15.0000,ブレーキ（減速）,30.0000,28.7673,70.0000,69.9979,54.6384,54.6384,28.7636,0.0037,1308.4954,113.0000,45.4387,1263.0568,11.4000,-0.5273,1.2216,この先制限速度なし,この先目立った勾配なし,0.0000,0.0000,0.0000,2.0014,1,1308.4954,113.0000,0.0000,0.0000,30.0000,300.0000,0.0000,0.0000,前方 1308.5m 先に停車中,0.0000,120.0000,13.0000,0.0000,17.0000,未発車,後続列車なし,,,
anti_mid_stop__on_time__hw120_v65_b30_c120,312.0000,1,24.3991,次駅への減速フェーズ（駅手前400m以内）,惰行中,1.0000,力行（加速）,1.0000,44.8376,70.0000,61.4102,44.8392,44.1545,40.4570,4.3806,267.8882,28.0000,109.4981,158.3902,-2.3000,-0.1531,0.8610,この先制限速度なし,この先目立った勾配なし,1.0000,43.4337,0.0000,4.2301,1,267.8882,28.0000,0.0000,0.0000,30.0000,300.0000,0.0000,0.0000,前方 267.9m 先に停車中,0.0000,120.0000,15.0000,72.0000,102.0000,未発車,後続列車なし,,,
anti_mid_stop__on_time__hw120_v65_b30_c120,334.9000,1,24.5980,次駅への減速フェーズ（駅手前400m以内）,力行（加速）中,0.1000,力行（加速）,0.1000,12.7301,70.0000,14.7186,70.0000,70.0000,35.4993,-22.7692,68.9620,5.1000,8.9437,60.0183,-2.3000,-0.0168,2.5746,この先制限速度なし,この先目立った勾配なし,1.0000,12.4398,0.0000,8.9651,1,68.9620,5.1000,0.0000,0.0000,30.0000,300.0000,0.0000,0.0000,前方 82.0m 先を 15.8km/h で走行中,0.0000,120.0000,0.0000,0.0000,0.0000,発車済み,後続列車なし,,,
anti_mid_stop__on_time__hw120_v65_b30_c120,343.4000,1,24.6375,次駅への減速フェーズ（駅手前400m以内）,力行（加速）中,0.1000,ブレーキ（減速）,0.1000,21.5005,70.0000,23.6224,70.0000,70.0000,23.1646,-1.6642,29.5128,0.0000,25.4528,4.0600,-2.3000,-0.0303,2.1004,この先制限速度なし,この先目立った勾配なし,1.0000,21.4702,3.4000,12.6195,1,29.5128,-3.4000,0.0000,0.0000,30.0000,300.0000,0.0000,0.0000,前方 100.7m 先を 32.1km/h で走行中,0.0000,120.0000,0.0000,0.0000,0.0000,発車済み,後続列車なし,,,
anti_mid_stop__on_time__hw120_v65_b30_c120,351.9000,1,24.6671,次駅への減速フェーズ（駅手前400m以内）,ブレーキ（減速）中,7.9000,力行（加速）,0.2000,1.9490,70.0000,40.4816,0.0000,0.0000,0.5688,1.3802,-0.1479,0.0000,0.2080,-0.3558,-2.3000,-0.0048,3.1530,この先制限速度なし,この先目立った勾配なし,1.0000,1.9490,11.9000,12.1400,1,-0.1479,-11.9000,0.0000,0.0000,30.0000,300.0000,0.0000,0.0000,前方 159.5m 先を 42.1km/h で走行中,0.0000,120.0000,0.0000,0.0000,0.0000,発車済み,後続列車なし,,,
anti_mid_stop__on_time__hw120_v65_b30_c120,183.0000,1,23.2900,駅停車中（発車判断）,ブレーキ（減速）中,10.6000,惰行,0.6000,0.0000,70.0000,69.9979,50.7910,50.7910,0.0000,0.0000,1377.0000,157.0000,0.0000,1377.0000,9.2000,-0.4089,2.8513,この先制限速度なし,10m先に上り勾配11.4‰あり,1.0000,0.0000,0.0000,2.0000,1,1377.0000,157.0000,1.0000,1.0000,30.0000,300.0000,0.0000,109.0000,前方 1134.6m 先を 63.7km/h で走行中,0.0000,120.0000,57.0000,0.0000,0.0000,未発車,後続列車なし,,,
anti_mid_stop__on_time__hw120_v65_b30_c120,198.0000,1,23.2900,駅停車中（発車判断）,ブレーキ（減速）中,25.6000,惰行,0.6000,0.0000,70.0000,69.9979,52.2992,52.2992,0.0000,0.0000,1377.0000,142.0000,0.0000,1377.0000,9.2000,-0.4089,2.8513,この先制限速度なし,10m先に上り勾配11.4‰あり,1.0000,0.0000,0.0000,2.0000,1,1377.0000,142.0000,1.0000,16.0000,30.0000,300.0000,0.0000,107.5000,前方 1332.8m 先を 28.4km/h で走行中,0.0000,120.0000,42.0000,0.0000,0.0000,未発車,後続列車なし,,,
anti_mid_stop__wait_for_forward__hw120_v65_b30_c120,1.0000,0,21.1124,駅出発直後の加速フェーズ（20秒以内）,力行（加速）中,30.0000,なし（または停止）,0.0000,3.1655,70.0000,69.9979,64.8030,64.8030,1.9871,1.1784,2177.5520,179.0000,0.4738,2177.0783,-2.1000,-0.0130,3.0809,この先制限速度なし,387m先に下り勾配6.7‰あり,0.0000,0.0000,0.0000,0.3625,2,3554.5520,339.0000,0.0000,0.0000,30.0000,300.0000,0.0000,0.0000,前方 1662.0m 先を 44.0km/h で走行中,0.0000,120.0000,90.0000,0.0000,0.0000,未発車,後続列車なし,,,
anti_mid_stop__wait_for_forward__hw120_v65_b30_c120,86.0000,0,22.2580,巡航フェーズ（駅間走行中）,惰行中,39.0000,力行（加速）,46.0000,54.2359,70.0000,69.9979,56.5797,56.5797,58.0512,-3.8154,1031.9560,94.0000,137.5133,894.4427,0.0000,-0.1915,0.6900,この先制限速度なし,41m先に上り勾配12.5‰あり,1.0000,13.5772,0.0000,2.3103,2,2408.9560,254.0000,0.0000,0.0000,30.0000,300.0000,0.0000,0.0000,前方 1032.0m 先に停車中,0.0000,120.0000,5.0000,0.0000,25.0000,未発車,後続列車なし,,,
anti_mid_stop__wait_for_forward__hw120_v65_b30_c120,166.5000,0,23.2002,次駅への減速フェーズ（駅手前400m以内）,惰行中,0.2000,力行（加速）,0.1000,32.3679,70.0000,69.9979,32.3679,32.3679,27.7764,4.5915,89.7833,13.5000,49.4936,40.2897,9.2000,-0.4574,1.1024,この先制限速度なし,この先目立った勾配なし,1.0000,29.6398,0.0000,3.4378,2,1466.7833,173.5000,0.0000,0.0000,30.0000,300.0000,0.0000,0.0000,前方 950.4m 先を 57.3km/h で走行中,0.0000,120.0000,0.0000,0.0000,0.0000,発車済み,後続列車なし,,,
anti_mid_stop__wait_for_forward__hw120_v65_b30_c120,175.0000,0,23.2697,次駅への減速フェーズ（駅手前400m以内）,ブレーキ（減速）中,3.5000,惰行,0.6000,20.7989,70.0000,69.9979,70.0000,70.0000,20.6983,0.1006,20.2992,5.0000,20.5153,-0.2161,9.2000,-0.4348,1.7328,この先制限速度なし,この先目立った勾配なし,1.0000,20.7989,0.0000,2.1028,2,1397.2992,165.0000,0.0000,0.0000,30.0000,300.0000,0.0000,0.0000,前方 1018.4m 先を 59.1km/h で走行中,0.0000,120.0000,0.0000,0.0000,0.0000,発車済み,後続列車なし,,,
anti_mid_stop__wait_for_forward__hw120_v65_b30_c120,227.0000,1,23.3585,駅出発直後の加速フェーズ（20秒以内）,力行（加速）中,15.0000,ブレーキ（減速）,30.0000,28.7673,70.0000,69.9979,54.6384,54.6384,28.7636,0.0037,1308.4954,113.0000,45.4387,1263.0568,11.4000,-0.5273,1.2216,この先制限速度なし,この先目立った勾配なし,0.0000,0.0000,0.0000,2.0014,1,1308.4954,113.0000,0.0000,0.0000,30.0000,300.0000,0.0000,0.0000,前方 1308.5m 先に停車中,0.0000,120.0000,13.0000,0.0000,17.0000,未発車,後続列車なし,,,
anti_mid_stop__wait_for_forward__hw120_v65_b30_c120,312.0000,1,24.3991,次駅への減速フェーズ（駅手前400m以内）,惰行中,1.0000,力行（加速）,1.0000,44.8376,70.0000,61.4102,44.8392,44.1545,40.4570,4.3806,267.8882,28.0000,109.4981,158.3902,-2.3000,-0.1531,0.8610,この先制限速度なし,この先目立った勾配なし,1.0000,43.4337,0.0000,4.2301,1,267.8882,28.0000,0.0000,0.0000,30.0000,300.0000,0.0000,0.0000,前方 267.9m 先に停車中,0.0000,120.0000,15.0000,72.0000,102.0000,未発車,後続列車なし,,,
anti_mid_stop__wait_for_forward__hw120_v65_b30_c120,334.9000,1,24.5980,次駅への減速フェーズ（駅手前400m以内）,力行（加速）中,0.1000,力行（加速）,0.1000,12.7301,70.0000,14.7186,70.0000,70.0000,35.4993,-22.7692,68.9620,5.1000,8.9437,60.0183,-2.3000,-0.0168,2.5746,この先制限速度なし,この先目立った勾配なし,1.0000,12.4398,0.0000,8.9651,1,68.9620,5.1000,0.0000,0.0000,30.0000,300.0000,0.0000,0.0000,前方 82.0m 先を 15.8km/h で走行中,0.0000,120.0000,0.0000,0.0000,0.0000,発車済み,後続列車なし,,,
anti_mid_stop__wait_for_forward__hw120_v65_b30_c120,343.4000,1,24.6375,次駅への減速フェーズ（駅手前400m以内）,力行（加速）中,0.1000,ブレーキ（減速）,0.1000,21.5005,70.0000,23.6224,70.0000,70.0000,23.1646,-1.6642,29.5128,0.0000,25.4528,4.0600,-2.3000,-0.0303,2.1004,この先制限速度なし,この先目立った勾配なし,1.0000,21.4702,3.4000,12.6195,1,29.5128,-3.4000,0.0000,0.0000,30.0000,300.0000,0.0000,0.0000,前方 100.7m 先を 32.1km/h で走行中,0.0000,120.0000,0.0000,0.0000,0.0000,発車済み,後続列車なし,,,
anti_mid_stop__wait_for_forward__hw120_v65_b30_c120,351.9000,1,24.6671,次駅への減速フェーズ（駅手前400m以内）,ブレーキ（減速）中,7.9000,力行（加速）,0.2000,1.9490,70.0000,40.4816,0.0000,0.0000,0.5688,1.3802,-0.1479,0.0000,0.2080,-0.3558,-2.3000,-0.0048,3.1530,この先制限速度なし,この先目立った勾配なし,1.0000,1.9490,11.9000,12.1400,1,-0.1479,-11.9000,0.0000,0.0000,30.0000,300.0000,0.0000,0.0000,前方 159.5m 先を 42.1km/h で走行中,0.0000,120.0000,0.0000,0.0000,0.0000,発車済み,後続列車なし,,,
anti_mid_stop__wait_for_forward__hw120_v65_b30_c120,183.0000,1,23.2900,駅停車中（発車判断）,ブレーキ（減速）中,10.6000,惰行,0.6000,0.0000,70.0000,69.9979,50.7910,50.7910,0.0000,0.0000,1377.0000,157.0000,0.0000,1377.0000,9.2000,-0.4089,2.8513,この先制限速度なし,10m先に上り勾配11.4‰あり,1.0000,0.0000,0.0000,2.0000,1,1377.0000,157.0000,1.0000,1.0000,30.0000,300.0000,0.0000,109.0000,前方 1134.6m 先を 63.7km/h で走行中,0.0000,120.0000,57.0000,0.0000,0.0000,未発車,後続列車なし,,,
anti_mid_stop__wait_for_forward__hw120_v65_b30_c120,198.0000,1,23.2900,駅停車中（発車判断）,ブレーキ（減速）中,25.6000,惰行,0.6000,0.0000,70.0000,69.9979,52.2992,52.2992,0.0000,0.0000,1377.0000,142.0000,0.0000,1377.0000,9.2000,-0.4089,2.8513,この先制限速度なし,10m先に上り勾配11.4‰あり,1.0000,0.0000,0.0000,2.0000,1,1377.0000,142.0000,1.0000,16.0000,30.0000,300.0000,0.0000,107.5000,前方 1332.8m 先を 28.4km/h で走行中,0.0000,120.0000,42.0000,0.0000,0.0000,未発車,後続列車なし,,,
anti_mid_stop__on_time__hw120_v65_b30_c180,1.0000,0,21.1124,駅出発直後の加速フェーズ（20秒以内）,力行（加速）中,30.0000,なし（または停止）,0.0000,3.1655,70.0000,69.9979,64.8030,64.8030,1.9871,1.1784,2177.5520,179.0000,0.4738,2177.0783,-2.1000,-0.0130,3.0809,この先制限速度なし,387m先に下り勾配6.7‰あり,0.0000,0.0000,0.0000,0.3625,2,3554.5520,339.0000,0.0000,0.0000,30.0000,300.0000,0.0000,0.0000,前方 1662.0m 先を 44.0km/h で走行中,0.0000,120.0000,90.0000,0.0000,0.0000,未発車,後続列車なし,,,
anti_mid_stop__on_time__hw120_v65_b30_c180,161.0000,0,23.1491,次駅への減速フェーズ（駅手前400m以内）,惰行中,1.0000,力行（加速）,2.0000,34.7417,70.0000,69.9979,34.7417,34.7417,30.6184,4.1233,140.9367,19.0000,56.9653,83.9714,9.2000,-0.4628,0.9724,この先制限速度なし,この先目立った勾配なし,1.0000,29.4850,0.0000,4.2436,2,1517.9367,179.0000,0.0000,0.0000,30.0000,300.0000,0.0000,0.0000,前方 915.1m 先を 55.9km/h で走行中,0.0000,120.0000,0.0000,0.0000,0.0000,発車済み,後続列車なし,,,
anti_mid_stop__on_time__hw120_v65_b30_c180,181.5000,0,23.2901,次駅への減速フェーズ（駅手前400m以内）,ブレーキ（減速）中,10.0000,惰行,0.6000,1.8105,70.0000,69.9979,0.0000,0.0000,0.6744,1.1361,-0.0618,0.0000,0.1540,-0.2158,9.2000,-0.4104,2.7546,この先制限速度なし,この先目立った勾配なし,1.0000,1.8105,1.5000,1.7460,2,1376.9382,158.5000,0.0000,0.0000,30.0000,300.0000,0.0000,0.0000,前方 1108.1m 先を 62.9km/h で走行中,0.0000,120.0000,0.0000,0.0000,0.0000,発車済み,後続列車なし,,,
anti_mid_stop__on_time__hw120_v65_b30_c180,331.9000,1,24.5876,次駅への減速フェーズ（駅手前400m以内）,ブレーキ（減速）中,4.8000,惰行,1.0000,13.6401,70.0000,13.0374,70.0000,9.8903,38.1160,-24.4759,79.4017,8.1000,10.2664,69.1354,-2.3000,-0.0180,2.5256,この先制限速度なし,この先目立った勾配なし,1.0000,13.3020,0.0000,6.9868,1,79.4017,8.1000,0.0000,0.0000,30.0000,300.0000,0.0000,0.0000,前方 79.4m 先に停車中,0.0000,120.0000,15.0000,91.9000,121.9000,未発車,後続列車なし,,,
anti_mid_stop__on_time__hw120_v65_b30_c180,347.9000,1,24.5979,次駅への減速フェーズ（駅手前400m以内）,ブレーキ（減速）中,20.8000,惰行,1.0000,0,70.0000,0.0000,70.0000,8.6395,35.5442,-35.5442,69.1355,0.0000,0.0000,69.1355,-2.3000,-0.0032,3.2570,この先制限速度なし,この先目立った勾配なし,0.0000,0.0000,7.9000,21.9827,1,69.1355,-7.9000,0.0000,0.0000,30.0000,300.0000,0.0000,0.0000,前方 69.1m 先に停車中,0.0000,120.0000,15.0000,107.9000,137.9000,未発車,後続列車なし,,,
anti_mid_stop__on_time__hw120_v65_b30_c180,363.9000,1,24.5979,次駅への減速フェーズ（駅手前400m以内）,ブレーキ（減速）中,36.8000,惰行,1.0000,0,70.0000,0.0000,70.0000,8.6395,35.5442,-35.5442,69.1355,0.0000,0.0000,69.1355,-2.3000,-0.0032,3.2570,この先制限速度なし,この先目立った勾配なし,0.0000,0.0000,23.9000,37.9827,1,69.1355,-23.9000,0.0000,0.0000,30.0000,300.0000,0.0000,0.0000,前方 69.1m 先に停車中,0.0000,120.0000,15.0000,123.9000,153.9000,未発車,後続列車なし,,,
anti_mid_stop__on_time__hw120_v65_b30_c180,379.9000,1,24.5979,次駅への減速フェーズ（駅手前400m以内）,ブレーキ（減速）中,52.8000,惰行,1.0000,0,70.0000,0.0000,70.0000,8.6395,35.5442,-35.5442,69.1355,0.0000,0.0000,69.1355,-2.3000,-0.0032,3.2570,この先制限速度なし,この先目立った勾配なし,0.0000,0.0000,39.9000,53.9827,1,69.1355,-39.9000,0.0000,0.0000,30.0000,300.0000,0.0000,0.0000,前方 69.1m 先に停車中,0.0000,120.0000,15.0000,139.9000,169.9000,未発車,後続列車なし,,,
anti_mid_stop__on_time__hw120_v65_b30_c180,395.9000,1,24.6061,次駅への減速フェーズ（駅手前400m以内）,力行（加速）中,0.1000,ブレーキ（減速）,0.1000,10.3983,70.0000,12.4478,70.0000,70.0000,33.3397,-22.9414,60.8879,0.0000,5.9690,54.9190,-2.3000,-0.0138,2.7002,この先制限速度なし,この先目立った勾配なし,1.0000,10.1332,55.9000,69.1199,1,60.8879,-55.9000,0.0000,0.0000,30.0000,300.0000,0.0000,0.0000,前方 78.6m 先を 18.1km/h で走行中,0.0000,120.0000,0.0000,0.0000,0.0000,発車済み,後続列車なし,,,
anti_mid_stop__on_time__hw120_v65_b30_c180,411.9000,1,24.6676,次駅への減速フェーズ（駅手前400m以内）,ブレーキ（減速）中,7.9000,力行（加速）,0.4000,1.5193,70.0000,40.3470,0.0000,0.0000,0.5688,0.9505,-0.6120,0.0000,0.1259,-0.7380,-2.3000,-0.0044,3.1759,この先制限速度なし,この先目立った勾配なし,1.0000,1.5193,71.9000,72.1400,1,-0.6120,-71.9000,0.0000,0.0000,30.0000,300.0000,0.0000,0.0000,前方 158.9m 先を 42.1km/h で走行中,0.0000,120.0000,0.0000,0.0000,0.0000,発車済み,後続列車なし,,,
anti_mid_stop__on_time__hw120_v65_b30_c180,183.0000,1,23.2900,駅停車中（発車判断）,ブレーキ（減速）中,10.6000,惰行,0.6000,0.0000,70.0000,69.9979,50.7910,50.7910,0.0000,0.0000,1377.0000,157.0000,0.0000,1377.0000,9.2000,-0.4089,2.8513,この先制限速度なし,10m先に上り勾配11.4‰あり,1.0000,0.0000,0.0000,2.0000,1,1377.0000,157.0000,1.0000,1.0000,30.0000,300.0000,0.0000,109.0000,前方 1134.6m 先を 63.7km/h で走行中,0.0000,120.0000,57.0000,0.0000,0.0000,未発車,後続列車なし,,,
anti_mid_stop__on_time__hw120_v65_b30_c180,198.0000,1,23.2900,駅停車中（発車判断）,ブレーキ（減速）中,25.6000,惰行,0.6000,0.0000,70.0000,69.9979,52.2992,52.2992,0.0000,0.0000,1377.0000,142.0000,0.0000,1377.0000,9.2000,-0.4089,2.8513,この先制限速度なし,10m先に上り勾配11.4‰あり,1.0000,0.0000,0.0000,2.0000,1,1377.0000,142.0000,1.0000,16.0000,30.0000,300.0000,0.0000,107.5000,前方 1332.8m 先を 28.4km/h で走行中,0.0000,120.0000,42.0000,0.0000,0.0000,未発車,後続列車なし,,,
anti_mid_stop__wait_for_forward__hw120_v65_b30_c180,1.0000,0,21.1124,駅出発直後の加速フェーズ（20秒以内）,力行（加速）中,30.0000,なし（または停止）,0.0000,3.1655,70.0000,69.9979,64.8030,64.8030,1.9871,1.1784,2177.5520,179.0000,0.4738,2177.0783,-2.1000,-0.0130,3.0809,この先制限速度なし,387m先に下り勾配6.7‰あり,0.0000,0.0000,0.0000,0.3625,2,3554.5520,339.0000,0.0000,0.0000,30.0000,300.0000,0.0000,0.0000,前方 1662.0m 先を 44.0km/h で走行中,0.0000,120.0000,90.0000,0.0000,0.0000,未発車,後続列車なし,,,
anti_mid_stop__wait_for_forward__hw120_v65_b30_c180,161.0000,0,23.1491,次駅への減速フェーズ（駅手前400m以内）,惰行中,1.0000,力行（加速）,2.0000,34.7417,70.0000,69.9979,34.7417,34.7417,30.6184,4.1233,140.9367,19.0000,56.9653,83.9714,9.2000,-0.4628,0.9724,この先制限速度なし,この先目立った勾配なし,1.0000,29.4850,0.0000,4.2436,2,1517.9367,179.0000,0.0000,0.0000,30.0000,300.0000,0.0000,0.0000,前方 915.1m 先を 55.9km/h で走行中,0.0000,120.0000,0.0000,0.0000,0.0000,発車済み,後続列車なし,,,
anti_mid_stop__wait_for_forward__hw120_v65_b30_c180,181.5000,0,23.2901,次駅への減速フェーズ（駅手前400m以内）,ブレーキ（減速）中,10.0000,惰行,0.6000,1.8105,70.0000,69.9979,0.0000,0.0000,0.6744,1.1361,-0.0618,0.0000,0.1540,-0.2158,9.2000,-0.4104,2.7546,この先制限速度なし,この先目立った勾配なし,1.0000,1.8105,1.5000,1.7460,2,1376.9382,158.5000,0.0000,0.0000,30.0000,300.0000,0.0000,0.0000,前方 1108.1m 先を 62.9km/h で走行中,0.0000,120.0000,0.0000,0.0000,0.0000,発車済み,後続列車なし,,,
anti_mid_stop__wait_for_forward__hw120_v65_b30_c180,331.9000,1,24.5876,次駅への減速フェーズ（駅手前400m以内）,ブレーキ（減速）中,4.8000,惰行,1.0000,13.6401,70.0000,13.0374,70.0000,9.8903,38.1160,-24.4759,79.4017,8.1000,10.2664,69.1354,-2.3000,-0.0180,2.5256,この先制限速度なし,この先目立った勾配なし,1.0000,13.3020,0.0000,6.9868,1,79.4017,8.1000,0.0000,0.0000,30.0000,300.0000,0.0000,0.0000,前方 79.4m 先に停車中,0.0000,120.0000,15.0000,91.9000,121.9000,未発車,後続列車なし,,,
anti_mid_stop__wait_for_forward__hw120_v65_b30_c180,347.9000,1,24.5979,次駅への減速フェーズ（駅手前400m以内）,ブレーキ（減速）中,20.8000,惰行,1.0000,0,70.0000,0.0000,70.0000,8.6395,35.5442,-35.5442,69.1355,0.0000,0.0000,69.1355,-2.3000,-0.0032,3.2570,この先制限速度なし,この先目立った勾配なし,0.0000,0.0000,7.9000,21.9827,1,69.1355,-7.9000,0.0000,0.0000,30.0000,300.0000,0.0000,0.0000,前方 69.1m 先に停車中,0.0000,120.0000,15.0000,107.9000,137.9000,未発車,後続列車なし,,,
anti_mid_stop__wait_for_forward__hw120_v65_b30_c180,363.9000,1,24.5979,次駅への減速フェーズ（駅手前400m以内）,ブレーキ（減速）中,36.8000,惰行,1.0000,0,70.0000,0.0000,70.0000,8.6395,35.5442,-35.5442,69.1355,0.0000,0.0000,69.1355,-2.3000,-0.0032,3.2570,この先制限速度なし,この先目立った勾配なし,0.0000,0.0000,23.9000,37.9827,1,69.1355,-23.9000,0.0000,0.0000,30.0000,300.0000,0.0000,0.0000,前方 69.1m 先に停車中,0.0000,120.0000,15.0000,123.9000,153.9000,未発車,後続列車なし,,,
anti_mid_stop__wait_for_forward__hw120_v65_b30_c180,379.9000,1,24.5979,次駅への減速フェーズ（駅手前400m以内）,ブレーキ（減速）中,52.8000,惰行,1.0000,0,70.0000,0.0000,70.0000,8.6395,35.5442,-35.5442,69.1355,0.0000,0.0000,69.1355,-2.3000,-0.0032,3.2570,この先制限速度なし,この先目立った勾配なし,0.0000,0.0000,39.9000,53.9827,1,69.1355,-39.9000,0.0000,0.0000,30.0000,300.0000,0.0000,0.0000,前方 69.1m 先に停車中,0.0000,120.0000,15.0000,139.9000,169.9000,未発車,後続列車なし,,,
anti_mid_stop__wait_for_forward__hw120_v65_b30_c180,395.9000,1,24.6061,次駅への減速フェーズ（駅手前400m以内）,力行（加速）中,0.1000,ブレーキ（減速）,0.1000,10.3983,70.0000,12.4478,70.0000,70.0000,33.3397,-22.9414,60.8879,0.0000,5.9690,54.9190,-2.3000,-0.0138,2.7002,この先制限速度なし,この先目立った勾配なし,1.0000,10.1332,55.9000,69.1199,1,60.8879,-55.9000,0.0000,0.0000,30.0000,300.0000,0.0000,0.0000,前方 78.6m 先を 18.1km/h で走行中,0.0000,120.0000,0.0000,0.0000,0.0000,発車済み,後続列車なし,,,
anti_mid_stop__wait_for_forward__hw120_v65_b30_c180,411.9000,1,24.6676,次駅への減速フェーズ（駅手前400m以内）,ブレーキ（減速）中,7.9000,力行（加速）,0.4000,1.5193,70.0000,40.3470,0.0000,0.0000,0.5688,0.9505,-0.6120,0.0000,0.1259,-0.7380,-2.3000,-0.0044,3.1759,この先制限速度なし,この先目立った勾配なし,1.0000,1.5193,71.9000,72.1400,1,-0.6120,-71.9000,0.0000,0.0000,30.0000,300.0000,0.0000,0.0000,前方 158.9m 先を 42.1km/h で走行中,0.0000,120.0000,0.0000,0.0000,0.0000,発車済み,後続列車なし,,,
anti_mid_stop__wait_for_forward__hw120_v65_b30_c180,183.0000,1,23.2900,駅停車中（発車判断）,ブレーキ（減速）中,10.6000,惰行,0.6000,0.0000,70.0000,69.9979,50.7910,50.7910,0.0000,0.0000,1377.0000,157.0000,0.0000,1377.0000,9.2000,-0.4089,2.8513,この先制限速度なし,10m先に上り勾配11.4‰あり,1.0000,0.0000,0.0000,2.0000,1,1377.0000,157.0000,1.0000,1.0000,30.0000,300.0000,0.0000,109.0000,前方 1134.6m 先を 63.7km/h で走行中,0.0000,120.0000,57.0000,0.0000,0.0000,未発車,後続列車なし,,,
anti_mid_stop__wait_for_forward__hw120_v65_b30_c180,198.0000,1,23.2900,駅停車中（発車判断）,ブレーキ（減速）中,25.6000,惰行,0.6000,0.0000,70.0000,69.9979,52.2992,52.2992,0.0000,0.0000,1377.0000,142.0000,0.0000,1377.0000,9.2000,-0.4089,2.8513,この先制限速度なし,10m先に上り勾配11.4‰あり,1.0000,0.0000,0.0000,2.0000,1,1377.0000,142.0000,1.0000,16.0000,30.0000,300.0000,0.0000,107.5000,前方 1332.8m 先を 28.4km/h で走行中,0.0000,120.0000,42.0000,0.0000,0.0000,未発車,後続列車なし,,,
anti_mid_stop__on_time__hw120_v65_b60_c60,1.0000,0,21.1124,駅出発直後の加速フェーズ（20秒以内）,力行（加速）中,30.0000,なし（または停止）,0.0000,3.1655,70.0000,69.9979,64.8030,64.8030,1.9871,1.1784,2177.5520,179.0000,0.4738,2177.0783,-2.1000,-0.0130,3.0809,この先制限速度なし,387m先に下り勾配6.7‰あり,0.0000,0.0000,0.0000,0.3625,2,3554.5520,339.0000,0.0000,0.0000,30.0000,300.0000,0.0000,0.0000,前方 1662.0m 先を 44.0km/h で走行中,0.0000,120.0000,90.0000,0.0000,0.0000,未発車,後続列車なし,,,
anti_mid_stop__on_time__hw120_v65_b60_c60,76.0000,0,22.1047,巡航フェーズ（駅間走行中）,惰行中,29.0000,力行（加速）,46.0000,56.1820,70.0000,69.9979,58.7290,58.7290,59.9889,-3.8069,1185.2970,104.0000,147.3959,1037.9011,0.0000,-0.1978,0.6563,この先制限速度なし,195m先に上り勾配12.5‰あり,1.0000,13.6279,0.0000,1.6648,2,2562.2970,264.0000,0.0000,0.0000,30.0000,300.0000,0.0000,0.0000,前方 1185.3m 先に停車中,0.0000,120.0000,15.0000,0.0000,15.0000,未発車,後続列車なし,,,
anti_mid_stop__on_time__hw120_v65_b60_c60,151.0000,0,23.0521,次駅への減速フェーズ（駅手前400m以内）,惰行中,1.0000,力行（加速）,1.0000,35.9615,70.0000,69.9979,37.4428,37.4428,34.9299,1.0316,237.9238,29.0000,61.0047,176.9191,6.1000,-0.3562,1.0148,この先制限速度なし,47m先に上り勾配9.2‰あり,1.0000,25.3729,0.0000,4.8551,2,1614.9238,189.0000,0.0000,0.0000,30.0000,300.0000,0.0000,0.0000,前方 462.3m 先を 41.6km/h で走行中,0.0000,120.0000,0.0000,0.0000,0.0000,発車済み,後続列車なし,,,
anti_mid_stop__on_time__hw120_v65_b60_c60,172.0000,0,23.2487,次駅への減速フェーズ（駅手前400m以内）,ブレーキ（減速）中,0.5000,惰行,0.6000,29.6275,70.0000,69.9979,70.0000,70.0000,24.8234,4.8042,41.2945,8.0000,41.5109,-0.2165,9.2000,-0.4515,1.2523,この先制限速度なし,この先目立った勾配なし,1.0000,29.6275,0.0000,2.2987,2,1418.2945,168.0000,0.0000,0.0000,30.0000,300.0000,0.0000,0.0000,前方 534.7m 先を 50.1km/h で走行中,0.0000,120.0000,0.0000,0.0000,0.0000,発車済み,後続列車なし,,,
anti_mid_stop__on_time__hw120_v65_b60_c60,179.5000,0,23.2874,次駅への減速フェーズ（駅手前400m以内）,ブレーキ（減速）中,8.0000,惰行,0.6000,7.6369,70.0000,69.9979,70.0000,70.0000,7.3281,0.3088,2.5538,0.5000,2.7696,-0.2158,9.2000,-0.4162,2.4428,この先制限速度なし,この先目立った勾配なし,1.0000,7.6369,0.0000,2.0308,2,1379.5538,160.5000,0.0000,0.0000,30.0000,300.0000,0.0000,0.0000,前方 603.0m 先を 52.6km/h で走行中,0.0000,120.0000,0.0000,0.0000,0.0000,発車済み,後続列車なし,,,
anti_mid_stop__on_time__hw120_v65_b60_c60,262.0000,1,23.7618,巡航フェーズ（駅間走行中）,力行（加速）中,50.0000,ブレーキ（減速）,30.0000,49.5414,70.0000,69.9979,54.4113,54.4113,49.5415,-0.0000,905.1566,78.0000,133.3045,771.8521,11.4000,-0.6076,0.3402,この先制限速度なし,この先目立った勾配なし,1.0000,15.2714,0.0000,2.0003,1,905.1566,78.0000,0.0000,0.0000,30.0000,300.0000,0.0000,0.0000,前方 905.2m 先に停車中,0.0000,120.0000,8.0000,0.0000,22.0000,未発車,後続列車なし,,,
anti_mid_stop__on_time__hw120_v65_b60_c60,327.1000,1,24.5863,次駅への減速フェーズ（駅手前400m以内）,ブレーキ（減速）中,2.0000,惰行,13.0000,39.0649,70.0000,66.0587,70.0000,70.0000,38.4195,0.6453,80.6587,12.9000,83.3817,-2.7229,-2.3000,-0.0674,1.1406,この先制限速度なし,この先目立った勾配なし,1.0000,39.0649,0.0000,2.3049,1,80.6587,12.9000,0.0000,0.0000,30.0000,300.0000,0.0000,0.0000,前方 304.5m 先を 46.9km/h で走行中,0.0000,120.0000,0.0000,0.0000,0.0000,発車済み,後続列車なし,,,
anti_mid_stop__on_time__hw120_v65_b60_c60,334.6000,1,24.6478,次駅への減速フェーズ（駅手前400m以内）,ブレーキ（減速）中,9.5000,惰行,13.0000,19.9684,70.0000,69.9979,70.0000,70.0000,18.6941,1.2743,19.2441,5.4000,21.9657,-2.7216,-2.3000,-0.0277,2.1835,この先制限速度なし,この先目立った勾配なし,1.0000,19.9684,0.0000,2.0519,1,19.2441,5.4000,0.0000,0.0000,30.0000,300.0000,0.0000,0.0000,前方 347.4m 先を 53.0km/h で走行中,0.0000,120.0000,0.0000,0.0000,0.0000,発車済み,後続列車なし,,,
anti_mid_stop__on_time__hw120_v65_b60_c60,342.1000,1,24.6697,次駅への減速フェーズ（駅手前400m以内）,ブレーキ（減速）中,17.0000,惰行,13.0000,1.1090,70.0000,69.9979,0.0000,0.0000,0.5688,0.5402,-2.6546,0.0000,0.0667,-2.7213,-2.3000,-0.0041,3.1978,この先制限速度なし,この先目立った勾配なし,1.0000,1.1090,2.1000,2.3400,1,-2.6546,-2.1000,0.0000,0.0000,30.0000,300.0000,0.0000,0.0000,前方 441.4m 先を 58.2km/h で走行中,0.0000,120.0000,0.0000,0.0000,0.0000,発車済み,後続列車なし,,,
anti_mid_stop__on_time__hw120_v65_b60_c60,183.0000,1,23.2900,駅停車中（発車判断）,ブレーキ（減速）中,10.6000,惰行,0.6000,0.0000,70.0000,69.9979,50.7910,50.7910,0.0000,0.0000,1377.0000,157.0000,0.0000,1377.0000,9.2000,-0.4089,2.8513,この先制限速度なし,10m先に上り勾配11.4‰あり,1.0000,0.0000,0.0000,2.0000,1,1377.0000,157.0000,1.0000,1.0000,30.0000,300.0000,0.0000,109.0000,前方 652.2m 先を 53.7km/h で走行中,0.0000,120.0000,87.0000,0.0000,0.0000,未発車,後続列車なし,,,
anti_mid_stop__on_time__hw120_v65_b60_c60,198.0000,1,23.2900,駅停車中（発車判断）,ブレーキ（減速）中,25.6000,惰行,0.6000,0.0000,70.0000,69.9979,52.2992,52.2992,0.0000,0.0000,1377.0000,142.0000,0.0000,1377.0000,9.2000,-0.4089,2.8513,この先制限速度なし,10m先に上り勾配11.4‰あり,1.0000,0.0000,0.0000,2.0000,1,1377.0000,142.0000,1.0000,16.0000,30.0000,300.0000,0.0000,107.5000,前方 884.4m 先を 57.6km/h で走行中,0.0000,120.0000,72.0000,0.0000,0.0000,未発車,後続列車なし,,,
anti_mid_stop__wait_for_forward__hw120_v65_b60_c60,1.0000,0,21.1124,駅出発直後の加速フェーズ（20秒以内）,力行（加速）中,30.0000,なし（または停止）,0.0000,3.1655,70.0000,69.9979,64.8030,64.8030,1.9871,1.1784,2177.5520,179.0000,0.4738,2177.0783,-2.1000,-0.0130,3.0809,この先制限速度なし,387m先に下り勾配6.7‰あり,0.0000,0.0000,0.0000,0.3625,2,3554.5520,339.0000,0.0000,0.0000,30.0000,300.0000,0.0000,0.0000,前方 1662.0m 先を 44.0km/h で走行中,0.0000,120.0000,90.0000,0.0000,0.0000,未発車,後続列車なし,,,
anti_mid_stop__wait_for_forward__hw120_v65_b60_c60,76.0000,0,22.1047,巡航フェーズ（駅間走行中）,惰行中,29.0000,力行（加速）,46.0000,56.1820,70.0000,69.9979,58.7290,58.7290,59.9889,-3.8069,1185.2970,104.0000,147.3959,1037.9011,0.0000,-0.1978,0.6563,この先制限速度なし,195m先に上り勾配12.5‰あり,1.0000,13.6279,0.0000,1.6648,2,2562.2970,264.0000,0.0000,0.0000,30.0000,300.0000,0.0000,0.0000,前方 1185.3m 先に停車中,0.0000,120.0000,15.0000,0.0000,15.0000,未発車,後続列車なし,,,
anti_mid_stop__wait_for_forward__hw120_v65_b60_c60,151.0000,0,23.0521,次駅への減速フェーズ（駅手前400m以内）,惰行中,1.0000,力行（加速）,1.0000,35.9615,70.0000,69.9979,37.4428,37.4428,34.9299,1.0316,237.9238,29.0000,61.0047,176.9191,6.1000,-0.3562,1.0148,この先制限速度なし,47m先に上り勾配9.2‰あり,1.0000,25.3729,0.0000,4.8551,2,1614.9238,189.0000,0.0000,0.0000,30.0000,300.0000,0.0000,0.0000,前方 462.3m 先を 41.6km/h で走行中,0.0000,120.0000,0.0000,0.0000,0.0000,発車済み,後続列車なし,,,
anti_mid_stop__wait_for_forward__hw120_v65_b60_c60,172.0000,0,23.2487,次駅への減速フェーズ（駅手前400m以内）,ブレーキ（減速）中,0.5000,惰行,0.6000,29.6275,70.0000,69.9979,70.0000,70.0000,24.8234,4.8042,41.2945,8.0000,41.5109,-0.2165,9.2000,-0.4515,1.2523,この先制限速度なし,この先目立った勾配なし,1.0000,29.6275,0.0000,2.2987,2,1418.2945,168.0000,0.0000,0.0000,30.0000,300.0000,0.0000,0.0000,前方 534.7m 先を 50.1km/h で走行中,0.0000,120.0000,0.0000,0.0000,0.0000,発車済み,後続列車なし,,,
anti_mid_stop__wait_for_forward__hw120_v65_b60_c60,179.5000,0,23.2874,次駅への減速フェーズ（駅手前400m以内）,ブレーキ（減速）中,8.0000,惰行,0.6000,7.6369,70.0000,69.9979,70.0000,70.0000,7.3281,0.3088,2.5538,0.5000,2.7696,-0.2158,9.2000,-0.4162,2.4428,この先制限速度なし,この先目立った勾配なし,1.0000,7.6369,0.0000,2.0308,2,1379.5538,160.5000,0.0000,0.0000,30.0000,300.0000,0.0000,0.0000,前方 603.0m 先を 52.6km/h で走行中,0.0000,120.0000,0.0000,0.0000,0.0000,発車済み,後続列車なし,,,
anti_mid_stop__wait_for_forward__hw120_v65_b60_c60,262.0000,1,23.7618,巡航フェーズ（駅間走行中）,力行（加速）中,50.0000,ブレーキ（減速）,30.0000,49.5414,70.0000,69.9979,54.4113,54.4113,49.5415,-0.0000,905.1566,78.0000,133.3045,771.8521,11.4000,-0.6076,0.3402,この先制限速度なし,この先目立った勾配なし,1.0000,15.2714,0.0000,2.0003,1,905.1566,78.0000,0.0000,0.0000,30.0000,300.0000,0.0000,0.0000,前方 905.2m 先に停車中,0.0000,120.0000,8.0000,0.0000,22.0000,未発車,後続列車なし,,,
anti_mid_stop__wait_for_forward__hw120_v65_b60_c60,327.1000,1,24.5863,次駅への減速フェーズ（駅手前400m以内）,ブレーキ（減速）中,2.0000,惰行,13.0000,39.0649,70.0000,66.0587,70.0000,70.0000,38.4195,0.6453,80.6587,12.9000,83.3817,-2.7229,-2.3000,-0.0674,1.1406,この先制限速度なし,この先目立った勾配なし,1.0000,39.0649,0.0000,2.3049,1,80.6587,12.9000,0.0000,0.0000,30.0000,300.0000,0.0000,0.0000,前方 304.5m 先を 46.9km/h で走行中,0.0000,120.0000,0.0000,0.0000,0.0000,発車済み,後続列車なし,,,
anti_mid_stop__wait_for_forward__hw120_v65_b60_c60,334.6000,1,24.6478,次駅への減速フェーズ（駅手前400m以内）,ブレーキ（減速）中,9.5000,惰行,13.0000,19.9684,70.0000,69.9979,70.0000,70.0000,18.6941,1.2743,19.2441,5.4000,21.9657,-2.7216,-2.3000,-0.0277,2.1835,この先制限速度なし,この先目立った勾配なし,1.0000,19.9684,0.0000,2.0519,1,19.2441,5.4000,0.0000,0.0000,30.0000,300.0000,0.0000,0.0000,前方 347.4m 先を 53.0km/h で走行中,0.0000,120.0000,0.0000,0.0000,0.0000,発車済み,後続列車なし,,,
anti_mid_stop__wait_for_forward__hw120_v65_b60_c60,342.1000,1,24.6697,次駅への減速フェーズ（駅手前400m以内）,ブレーキ（減速）中,17.0000,惰行,13.0000,1.1090,70.0000,69.9979,0.0000,0.0000,0.5688,0.5402,-2.6546,0.0000,0.0667,-2.7213,-2.3000,-0.0041,3.1978,この先制限速度なし,この先目立った勾配なし,1.0000,1.1090,2.1000,2.3400,1,-2.6546,-2.1000,0.0000,0.0000,30.0000,300.0000,0.0000,0.0000,前方 441.4m 先を 58.2km/h で走行中,0.0000,120.0000,0.0000,0.0000,0.0000,発車済み,後続列車なし,,,
anti_mid_stop__wait_for_forward__hw120_v65_b60_c60,183.0000,1,23.2900,駅停車中（発車判断）,ブレーキ（減速）中,10.6000,惰行,0.6000,0.0000,70.0000,69.9979,50.7910,50.7910,0.0000,0.0000,1377.0000,157.0000,0.0000,1377.0000,9.2000,-0.4089,2.8513,この先制限速度なし,10m先に上り勾配11.4‰あり,1.0000,0.0000,0.0000,2.0000,1,1377.0000,157.0000,1.0000,1.0000,30.0000,300.0000,0.0000,109.0000,前方 652.2m 先を 53.7km/h で走行中,0.0000,120.0000,87.0000,0.0000,0.0000,未発車,後続列車なし,,,
anti_mid_stop__wait_for_forward__hw120_v65_b60_c60,198.0000,1,23.2900,駅停車中（発車判断）,ブレーキ（減速）中,25.6000,惰行,0.6000,0.0000,70.0000,69.9979,52.2992,52.2992,0.0000,0.0000,1377.0000,142.0000,0.0000,1377.0000,9.2000,-0.4089,2.8513,この先制限速度なし,10m先に上り勾配11.4‰あり,1.0000,0.0000,0.0000,2.0000,1,1377.0000,142.0000,1.0000,16.0000,30.0000,300.0000,0.0000,107.5000,前方 884.4m 先を 57.6km/h で走行中,0.0000,120.0000,72.0000,0.0000,0.0000,未発車,後続列車なし,,,
anti_mid_stop__on_time__hw120_v65_b45_c120,1.0000,0,21.1124,駅出発直後の加速フェーズ（20秒以内）,力行（加速）中,30.0000,なし（または停止）,0.0000,3.1655,70.0000,69.9979,64.8030,64.8030,1.9871,1.1784,2177.5520,179.0000,0.4738,2177.0783,-2.1000,-0.0130,3.0809,この先制限速度なし,387m先に下り勾配6.7‰あり,0.0000,0.0000,0.0000,0.3625,2,3554.5520,339.0000,0.0000,0.0000,30.0000,300.0000,0.0000,0.0000,前方 1662.0m 先を 44.0km/h で走行中,0.0000,120.0000,90.0000,0.0000,0.0000,未発車,後続列車なし,,,
anti_mid_stop__on_time__hw120_v65_b45_c120,105.0000,0,22.5203,巡航フェーズ（駅間走行中）,惰行中,2.0000,惰行,56.0000,46.4023,70.0000,69.9979,49.2152,49.2152,48.7464,-2.3441,769.6975,75.0000,101.0796,668.6179,0.0000,-0.1681,0.8240,この先制限速度なし,179m先に上り勾配6.1‰あり,1.0000,18.7505,0.0000,3.6759,2,2146.6975,235.0000,0.0000,0.0000,30.0000,300.0000,0.0000,0.0000,前方 769.7m 先に停車中,0.0000,120.0000,15.0000,14.0000,44.0000,未発車,後続列車なし,,,
anti_mid_stop__on_time__hw120_v65_b45_c120,170.3000,0,23.2340,次駅への減速フェーズ（駅手前400m以内）,惰行中,0.1000,惰行,0.7000,31.7409,70.0000,69.9979,32.3107,32.3107,25.7523,5.9885,56.0280,9.7000,47.6063,8.4217,9.2000,-0.4560,1.1367,この先制限速度なし,この先目立った勾配なし,1.0000,31.0576,0.0000,2.6969,2,1433.0280,169.7000,0.0000,0.0000,30.0000,300.0000,0.0000,0.0000,前方 742.7m 先を 54.4km/h で走行中,0.0000,120.0000,0.0000,0.0000,0.0000,発車済み,後続列車なし,,,
anti_mid_stop__on_time__hw120_v65_b45_c120,180.7000,0,23.2894,次駅への減速フェーズ（駅手前400m以内）,ブレーキ（減速）中,9.2000,惰行,0.6000,4.1397,70.0000,69.9979,70.0000,70.0000,3.0388,1.1009,0.5960,0.0000,0.8118,-0.2158,9.2000,-0.4125,2.6301,この先制限速度なし,この先目立った勾配なし,1.0000,4.1397,0.7000,1.7584,2,1377.5960,159.3000,0.0000,0.0000,30.0000,300.0000,0.0000,0.0000,前方 848.4m 先を 57.1km/h で走行中,0.0000,120.0000,0.0000,0.0000,0.0000,発車済み,後続列車なし,,,
anti_mid_stop__on_time__hw120_v65_b45_c120,303.0000,1,24.2891,次駅への減速フェーズ（駅手前400m以内）,力行（加速）中,2.0000,惰行,1.0000,42.0288,70.0000,69.9979,45.3733,45.3733,41.7808,0.2480,377.8861,37.0000,96.3609,281.5252,11.4000,-0.5584,0.4954,この先制限速度なし,10m先に下り勾配2.3‰あり,1.0000,39.1785,0.0000,4.8932,1,377.8861,37.0000,0.0000,0.0000,30.0000,300.0000,0.0000,0.0000,前方 377.9m 先に停車中,0.0000,120.0000,15.0000,48.0000,78.0000,未発車,後続列車なし,,,
anti_mid_stop__on_time__hw120_v65_b45_c120,335.9000,1,24.5972,次駅への減速フェーズ（駅手前400m以内）,ブレーキ（減速）中,8.8000,惰行,1.0000,3.5929,70.0000,0.0000,70.0000,8.8206,35.7280,-32.1352,69.8462,4.1000,0.7107,69.1355,-2.3000,-0.0063,3.0651,この先制限速度なし,この先目立った勾配なし,1.0000,3.1397,0.0000,10.0545,1,69.8462,4.1000,0.0000,0.0000,30.0000,300.0000,0.0000,0.0000,前方 69.8m 先に停車中,0.0000,120.0000,15.0000,80.9000,110.9000,未発車,後続列車なし,,,
anti_mid_stop__on_time__hw120_v65_b45_c120,346.3000,1,24.5979,次駅への減速フェーズ（駅手前400m以内）,力行（加速）中,0.3000,ブレーキ（減速）,18.9000,1.2893,70.0000,4.0695,70.0000,70.0000,35.5252,-34.2359,69.0618,0.0000,0.0904,68.9714,-2.3000,-0.0042,3.1882,この先制限速度なし,この先目立った勾配なし,0.0000,0.0000,6.3000,20.3752,1,69.0618,-6.3000,0.0000,0.0000,30.0000,300.0000,0.0000,0.0000,前方 70.9m 先を 6.2km/h で走行中,0.0000,120.0000,0.0000,0.0000,0.0000,発車済み,後続列車なし,,,
anti_mid_stop__on_time__hw120_v65_b45_c120,356.7000,1,24.6297,次駅への減速フェーズ（駅手前400m以内）,力行（加速）中,0.2000,ブレーキ（減速）,0.1000,18.7432,70.0000,20.8218,70.0000,70.0000,26.0706,-7.3274,37.3436,0.0000,19.3603,17.9833,-2.3000,-0.0257,2.2499,この先制限速度なし,この先目立った勾配なし,1.0000,18.6536,16.7000,27.0654,1,37.3436,-16.7000,0.0000,0.0000,30.0000,300.0000,0.0000,0.0000,前方 93.9m 先を 29.5km/h で走行中,0.0000,120.0000,0.0000,0.0000,0.0000,発車済み,後続列車なし,,,
anti_mid_stop__on_time__hw120_v65_b45_c120,367.1000,1,24.6677,次駅への減速フェーズ（駅手前400m以内）,ブレーキ（減速）中,8.1000,力行（加速）,0.4000,1.0185,70.0000,40.8661,0.0000,0.0000,0.5688,0.4497,-0.6818,0.0000,0.0561,-0.7380,-2.3000,-0.0040,3.2026,この先制限速度なし,この先目立った勾配なし,1.0000,1.0185,27.1000,27.3400,1,-0.6818,-27.1000,0.0000,0.0000,30.0000,300.0000,0.0000,0.0000,前方 161.2m 先を 42.3km/h で走行中,0.0000,120.0000,0.0000,0.0000,0.0000,発車済み,後続列車なし,,,
anti_mid_stop__on_time__hw120_v65_b45_c120,183.0000,1,23.2900,駅停車中（発車判断）,ブレーキ（減速）中,10.6000,惰行,0.6000,0.0000,70.0000,69.9979,50.7910,50.7910,0.0000,0.0000,1377.0000,157.0000,0.0000,1377.0000,9.2000,-0.4089,2.8513,この先制限速度なし,10m先に上り勾配11.4‰あり,1.0000,0.0000,0.0000,2.0000,1,1377.0000,157.0000,1.0000,1.0000,30.0000,300.0000,0.0000,109.0000,前方 884.4m 先を 57.6km/h で走行中,0.0000,120.0000,72.0000,0.0000,0.0000,未発車,後続列車なし,,,
anti_mid_stop__on_time__hw120_v65_b45_c120,198.0000,1,23.2900,駅停車中（発車判断）,ブレーキ（減速）中,25.6000,惰行,0.6000,0.0000,70.0000,69.9979,52.2992,52.2992,0.0000,0.0000,1377.0000,142.0000,0.0000,1377.0000,9.2000,-0.4089,2.8513,この先制限速度なし,10m先に上り勾配11.4‰あり,1.0000,0.0000,0.0000,2.0000,1,1377.0000,142.0000,1.0000,16.0000,30.0000,300.0000,0.0000,107.5000,前方 1134.4m 先を 63.7km/h で走行中,0.0000,120.0000,57.0000,0.0000,0.0000,未発車,後続列車なし,,,
anti_mid_stop__wait_for_forward__hw120_v65_b45_c120,1.0000,0,21.1124,駅出発直後の加速フェーズ（20秒以内）,力行（加速）中,30.0000,なし（または停止）,0.0000,3.1655,70.0000,69.9979,64.8030,64.8030,1.9871,1.1784,2177.5520,179.0000,0.4738,2177.0783,-2.1000,-0.0130,3.0809,この先制限速度なし,387m先に下り勾配6.7‰あり,0.0000,0.0000,0.0000,0.3625,2,3554.5520,339.0000,0.0000,0.0000,30.0000,300.0000,0.0000,0.0000,前方 1662.0m 先を 44.0km/h で走行中,0.0000,120.0000,90.0000,0.0000,0.0000,未発車,後続列車なし,,,
anti_mid_stop__wait_for_forward__hw120_v65_b45_c120,105.0000,0,22.5203,巡航フェーズ（駅間走行中）,惰行中,2.0000,惰行,56.0000,46.4023,70.0000,69.9979,49.2152,49.2152,48.7464,-2.3441,769.6975,75.0000,101.0796,668.6179,0.0000,-0.1681,0.8240,この先制限速度なし,179m先に上り勾配6.1‰あり,1.0000,18.7505,0.0000,3.6759,2,2146.6975,235.0000,0.0000,0.0000,30.0000,300.0000,0.0000,0.0000,前方 769.7m 先に停車中,0.0000,120.0000,15.0000,14.0000,44.0000,未発車,後続列車なし,,,
anti_mid_stop__wait_for_forward__hw120_v65_b45_c120,170.3000,0,23.2340,次駅への減速フェーズ（駅手前400m以内）,惰行中,0.1000,惰行,0.7000,31.7409,70.0000,69.9979,32.3107,32.3107,25.7523,5.9885,56.0280,9.7000,47.6063,8.4217,9.2000,-0.4560,1.1367,この先制限速度なし,この先目立った勾配なし,1.0000,31.0576,0.0000,2.6969,2,1433.0280,169.7000,0.0000,0.0000,30.0000,300.0000,0.0000,0.0000,前方 742.7m 先を 54.4km/h で走行中,0.0000,120.0000,0.0000,0.0000,0.0000,発車済み,後続列車なし,,,
anti_mid_stop__wait_for_forward__hw120_v65_b45_c120,180.7000,0,23.2894,次駅への減速フェーズ（駅手前400m以内）,ブレーキ（減速）中,9.2000,惰行,0.6000,4.1397,70.0000,69.9979,70.0000,70.0000,3.0388,1.1009,0.5960,0.0000,0.8118,-0.2158,9.2000,-0.4125,2.6301,この先制限速度なし,この先目立った勾配なし,1.0000,4.1397,0.7000,1.7584,2,1377.5960,159.3000,0.0000,0.0000,30.0000,300.0000,0.0000,0.0000,前方 848.4m 先を 57.1km/h で走行中,0.0000,120.0000,0.0000,0.0000,0.0000,発車済み,後続列車なし,,,
anti_mid_stop__wait_for_forward__hw120_v65_b45_c120,303.0000,1,24.2891,次駅への減速フェーズ（駅手前400m以内）,力行（加速）中,2.0000,惰行,1.0000,42.0288,70.0000,69.9979,45.3733,45.3733,41.7808,0.2480,377.8861,37.0000,96.3609,281.5252,11.4000,-0.5584,0.4954,この先制限速度なし,10m先に下り勾配2.3‰あり,1.0000,39.1785,0.0000,4.8932,1,377.8861,37.0000,0.0000,0.0000,30.0000,300.0000,0.0000,0.0000,前方 377.9m 先に停車中,0.0000,120.0000,15.0000,48.0000,78.0000,未発車,後続列車なし,,,
anti_mid_stop__wait_for_forward__hw120_v65_b45_c120,335.9000,1,24.5972,次駅への減速フェーズ（駅手前400m以内）,ブレーキ（減速）中,8.8000,惰行,1.0000,3.5929,70.0000,0.0000,70.0000,8.8206,35.7280,-32.1352,69.8462,4.1000,0.7107,69.1355,-2.3000,-0.0063,3.0651,この先制限速度なし,この先目立った勾配なし,1.0000,3.1397,0.0000,10.0545,1,69.8462,4.1000,0.0000,0.0000,30.0000,300.0000,0.0000,0.0000,前方 69.8m 先に停車中,0.0000,120.0000,15.0000,80.9000,110.9000,未発車,後続列車なし,,,
anti_mid_stop__wait_for_forward__hw120_v65_b45_c120,346.3000,1,24.5979,次駅への減速フェーズ（駅手前400m以内）,力行（加速）中,0.3000,ブレーキ（減速）,18.9000,1.2893,70.0000,4.0695,70.0000,70.0000,35.5252,-34.2359,69.0618,0.0000,0.0904,68.9714,-2.3000,-0.0042,3.1882,この先制限速度なし,この先目立った勾配なし,0.0000,0.0000,6.3000,20.3752,1,69.0618,-6.3000,0.0000,0.0000,30.0000,300.0000,0.0000,0.0000,前方 70.9m 先を 6.2km/h で走行中,0.0000,120.0000,0.0000,0.0000,0.0000,発車済み,後続列車なし,,,
anti_mid_stop__wait_for_forward__hw120_v65_b45_c120,356.7000,1,24.6297,次駅への減速フェーズ（駅手前400m以内）,力行（加速）中,0.2000,ブレーキ（減速）,0.1000,18.7432,70.0000,20.8218,70.0000,70.0000,26.0706,-7.3274,37.3436,0.0000,19.3603,17.9833,-2.3000,-0.0257,2.2499,この先制限速度なし,この先目立った勾配なし,1.0000,18.6536,16.7000,27.0654,1,37.3436,-16.7000,0.0000,0.0000,30.0000,300.0000,0.0000,0.0000,前方 93.9m 先を 29.5km/h で走行中,0.0000,120.0000,0.0000,0.0000,0.0000,発車済み,後続列車なし,,,
anti_mid_stop__wait_for_forward__hw120_v65_b45_c120,367.1000,1,24.6677,次駅への減速フェーズ（駅手前400m以内）,ブレーキ（減速）中,8.1000,力行（加速）,0.4000,1.0185,70.0000,40.8661,0.0000,0.0000,0.5688,0.4497,-0.6818,0.0000,0.0561,-0.7380,-2.3000,-0.0040,3.2026,この先制限速度なし,この先目立った勾配なし,1.0000,1.0185,27.1000,27.3400,1,-0.6818,-27.1000,0.0000,0.0000,30.0000,300.0000,0.0000,0.0000,前方 161.2m 先を 42.3km/h で走行中,0.0000,120.0000,0.0000,0.0000,0.0000,発車済み,後続列車なし,,,
anti_mid_stop__wait_for_forward__hw120_v65_b45_c120,183.0000,1,23.2900,駅停車中（発車判断）,ブレーキ（減速）中,10.6000,惰行,0.6000,0.0000,70.0000,69.9979,50.7910,50.7910,0.0000,0.0000,1377.0000,157.0000,0.0000,1377.0000,9.2000,-0.4089,2.8513,この先制限速度なし,10m先に上り勾配11.4‰あり,1.0000,0.0000,0.0000,2.0000,1,1377.0000,157.0000,1.0000,1.0000,30.0000,300.0000,0.0000,109.0000,前方 884.4m 先を 57.6km/h で走行中,0.0000,120.0000,72.0000,0.0000,0.0000,未発車,後続列車なし,,,
anti_mid_stop__wait_for_forward__hw120_v65_b45_c120,198.0000,1,23.2900,駅停車中（発車判断）,ブレーキ（減速）中,25.6000,惰行,0.6000,0.0000,70.0000,69.9979,52.2992,52.2992,0.0000,0.0000,1377.0000,142.0000,0.0000,1377.0000,9.2000,-0.4089,2.8513,この先制限速度なし,10m先に上り勾配11.4‰あり,1.0000,0.0000,0.0000,2.0000,1,1377.0000,142.0000,1.0000,16.0000,30.0000,300.0000,0.0000,107.5000,前方 1134.4m 先を 63.7km/h で走行中,0.0000,120.0000,57.0000,0.0000,0.0000,未発車,後続列車なし,,,
anti_mid_stop__on_time__hw120_v50_b30_c30,1.0000,0,21.1124,駅出発直後の加速フェーズ（20秒以内）,力行（加速）中,30.0000,なし（または停止）,0.0000,3.1655,70.0000,69.9979,64.8030,64.8030,1.9871,1.1784,2177.5520,179.0000,0.4738,2177.0783,-2.1000,-0.0130,3.0809,この先制限速度なし,387m先に下り勾配6.7‰あり,0.0000,0.0000,0.0000,0.3625,2,3554.5520,339.0000,0.0000,0.0000,30.0000,300.0000,0.0000,0.0000,前方 1483.0m 先を 46.7km/h で走行中,0.0000,120.0000,106.0000,0.0000,0.0000,未発車,後続列車なし,,,
anti_mid_stop__on_time__hw120_v50_b30_c30,76.0000,0,22.1047,巡航フェーズ（駅間走行中）,惰行中,29.0000,力行（加速）,46.0000,56.1820,70.0000,69.9979,58.7290,58.7290,59.9889,-3.8069,1185.2970,104.0000,147.3959,1037.9011,0.0000,-0.1978,0.6563,この先制限速度なし,195m先に上り勾配12.5‰あり,1.0000,13.6279,0.0000,1.6648,2,2562.2970,264.0000,0.0000,0.0000,30.0000,300.0000,0.0000,0.0000,前方 1185.1m 先を 2.2km/h で走行中,0.0000,120.0000,31.0000,0.0000,0.0000,未発車,後続列車なし,,,
anti_mid_stop__on_time__hw120_v50_b30_c30,151.0000,0,23.0521,次駅への減速フェーズ（駅手前400m以内）,惰行中,1.0000,力行（加速）,1.0000,35.9615,70.0000,69.9979,37.4428,37.4428,34.9299,1.0316,237.9238,29.0000,61.0047,176.9191,6.1000,-0.3562,1.0148,この先制限速度なし,47m先に上り勾配9.2‰あり,1.0000,25.3729,0.0000,4.8551,2,1614.9238,189.0000,0.0000,0.0000,30.0000,300.0000,0.0000,0.0000,前方 631.9m 先を 47.5km/h で走行中,0.0000,120.0000,0.0000,0.0000,0.0000,発車済み,後続列車なし,,,
anti_mid_stop__on_time__hw120_v50_b30_c30,172.0000,0,23.2487,次駅への減速フェーズ（駅手前400m以内）,ブレーキ（減速）中,0.5000,惰行,0.6000,29.6275,70.0000,69.9979,70.0000,70.0000,24.8234,4.8042,41.2945,8.0000,41.5109,-0.2165,9.2000,-0.4515,1.2523,この先制限速度なし,この先目立った勾配なし,1.0000,29.6275,0.0000,2.2987,2,1418.2945,168.0000,0.0000,0.0000,30.0000,300.0000,0.0000,0.0000,前方 709.0m 先を 42.1km/h で走行中,0.0000,120.0000,0.0000,0.0000,0.0000,発車済み,後続列車なし,,,
anti_mid_stop__on_time__hw120_v50_b30_c30,179.5000,0,23.2874,次駅への減速フェーズ（駅手前400m以内）,ブレーキ（減速）中,8.0000,惰行,0.6000,7.6369,70.0000,69.9979,70.0000,70.0000,7.3281,0.3088,2.5538,0.5000,2.7696,-0.2158,9.2000,-0.4162,2.4428,この先制限速度なし,この先目立った勾配なし,1.0000,7.6369,0.0000,2.0308,2,1379.5538,160.5000,0.0000,0.0000,30.0000,300.0000,0.0000,0.0000,前方 753.6m 先を 37.9km/h で走行中,0.0000,120.0000,0.0000,0.0000,0.0000,発車済み,後続列車なし,,,
anti_mid_stop__on_time__hw120_v50_b30_c30,262.0000,1,23.7618,巡航フェーズ（駅間走行中）,力行（加速）中,50.0000,ブレーキ（減速）,30.0000,49.5414,70.0000,69.9979,54.4113,54.4113,49.5415,-0.0000,905.1566,78.0000,133.3045,771.8521,11.4000,-0.6076,0.3402,この先制限速度なし,この先目立った勾配なし,1.0000,15.2714,0.0000,2.0003,1,905.1566,78.0000,0.0000,0.0000,30.0000,300.0000,0.0000,0.0000,前方 818.9m 先を 18.8km/h で走行中,0.0000,120.0000,51.0000,0.0000,0.0000,未発車,後続列車なし,,,
anti_mid_stop__on_time__hw120_v50_b30_c30,327.1000,1,24.5815,次駅への減速フェーズ（駅手前400m以内）,ブレーキ（減速）中,0.1000,惰行,0.1000,38.8522,70.0000,40.9985,38.8541,38.8541,38.9879,-0.1356,85.5454,12.9000,82.4857,3.0597,-2.3000,-0.0669,1.1523,この先制限速度なし,この先目立った勾配なし,1.0000,38.8188,0.0000,2.7577,1,85.5454,12.9000,0.0000,0.0000,30.0000,300.0000,0.0000,0.0000,前方 161.8m 先を 33.0km/h で走行中,0.0000,120.0000,0.0000,0.0000,0.0000,発車済み,後続列車なし,,,
anti_mid_stop__on_time__hw120_v50_b30_c30,334.6000,1,24.6439,次駅への減速フェーズ（駅手前400m以内）,ブレーキ（減速）中,7.1000,惰行,0.3000,20.4977,70.0000,44.4336,70.0000,70.0000,20.4645,0.0332,23.0501,5.4000,23.1417,-0.0915,-2.3000,-0.0286,2.1548,この先制限速度なし,この先目立った勾配なし,1.0000,20.4977,0.0000,2.7527,1,23.0501,5.4000,0.0000,0.0000,30.0000,300.0000,0.0000,0.0000,前方 177.6m 先を 41.7km/h で走行中,0.0000,120.0000,0.0000,0.0000,0.0000,発車済み,後続列車なし,,,
anti_mid_stop__on_time__hw120_v50_b30_c30,342.1000,1,24.6669,次駅への減速フェーズ（駅手前400m以内）,ブレーキ（減速）中,14.6000,惰行,0.3000,1.6333,70.0000,57.5116,70.0000,70.0000,0.7719,0.8614,0.0545,0.0000,0.1457,-0.0912,-2.3000,-0.0045,3.1698,この先制限速度なし,この先目立った勾配なし,1.0000,1.6333,2.1000,2.4211,1,0.0545,-2.1000,0.0000,0.0000,30.0000,300.0000,0.0000,0.0000,前方 248.8m 先を 48.6km/h で走行中,0.0000,120.0000,0.0000,0.0000,0.0000,発車済み,後続列車なし,,,
anti_mid_stop__on_time__hw120_v50_b30_c30,183.0000,1,23.2900,駅停車中（発車判断）,ブレーキ（減速）中,10.6000,惰行,0.6000,0.0000,70.0000,69.9979,50.7910,50.7910,0.0000,0.0000,1377.0000,157.0000,0.0000,1377.0000,9.2000,-0.4089,2.8513,この先制限速度なし,10m先に上り勾配11.4‰あり,1.0000,0.0000,0.0000,2.0000,1,1377.0000,157.0000,1.0000,1.0000,30.0000,300.0000,0.0000,109.0000,前方 787.0m 先を 36.0km/h で走行中,0.0000,120.0000,130.0000,0.0000,0.0000,未発車,後続列車なし,,,
anti_mid_stop__on_time__hw120_v50_b30_c30,198.0000,1,23.2900,駅停車中（発車判断）,ブレーキ（減速）中,25.6000,惰行,0.6000,0.0000,70.0000,69.9979,52.2992,52.2992,0.0000,0.0000,1377.0000,142.0000,0.0000,1377.0000,9.2000,-0.4089,2.8513,この先制限速度なし,10m先に上り勾配11.4‰あり,1.0000,0.0000,0.0000,2.0000,1,1377.0000,142.0000,1.0000,16.0000,30.0000,300.0000,0.0000,107.5000,前方 920.3m 先を 28.0km/h で走行中,0.0000,120.0000,115.0000,0.0000,0.0000,未発車,後続列車なし,,,
anti_mid_stop__wait_for_forward__hw120_v50_b30_c30,1.0000,0,21.1124,駅出発直後の加速フェーズ（20秒以内）,力行（加速）中,30.0000,なし（または停止）,0.0000,3.1655,70.0000,69.9979,64.8030,64.8030,1.9871,1.1784,2177.5520,179.0000,0.4738,2177.0783,-2.1000,-0.0130,3.0809,この先制限速度なし,387m先に下り勾配6.7‰あり,0.0000,0.0000,0.0000,0.3625,2,3554.5520,339.0000,0.0000,0.0000,30.0000,300.0000,0.0000,0.0000,前方 1483.0m 先を 46.7km/h で走行中,0.0000,120.0000,106.0000,0.0000,0.0000,未発車,後続列車なし,,,
anti_mid_stop__wait_for_forward__hw120_v50_b30_c30,76.0000,0,22.1047,巡航フェーズ（駅間走行中）,惰行中,29.0000,力行（加速）,46.0000,56.1820,70.0000,69.9979,58.7290,58.7290,59.9889,-3.8069,1185.2970,104.0000,147.3959,1037.9011,0.0000,-0.1978,0.6563,この先制限速度なし,195m先に上り勾配12.5‰あり,1.0000,13.6279,0.0000,1.6648,2,2562.2970,264.0000,0.0000,0.0000,30.0000,300.0000,0.0000,0.0000,前方 1185.1m 先を 2.2km/h で走行中,0.0000,120.0000,31.0000,0.0000,0.0000,未発車,後続列車なし,,,
anti_mid_stop__wait_for_forward__hw120_v50_b30_c30,151.0000,0,23.0521,次駅への減速フェーズ（駅手前400m以内）,惰行中,1.0000,力行（加速）,1.0000,35.9615,70.0000,69.9979,37.4428,37.4428,34.9299,1.0316,237.9238,29.0000,61.0047,176.9191,6.1000,-0.3562,1.0148,この先制限速度なし,47m先に上り勾配9.2‰あり,1.0000,25.3729,0.0000,4.8551,2,1614.9238,189.0000,0.0000,0.0000,30.0000,300.0000,0.0000,0.0000,前方 631.9m 先を 47.5km/h で走行中,0.0000,120.0000,0.0000,0.0000,0.0000,発車済み,後続列車なし,,,
anti_mid_stop__wait_for_forward__hw120_v50_b30_c30,172.0000,0,23.2487,次駅への減速フェーズ（駅手前400m以内）,ブレーキ（減速）中,0.5000,惰行,0.6000,29.6275,70.0000,69.9979,70.0000,70.0000,24.8234,4.8042,41.2945,8.0000,41.5109,-0.2165,9.2000,-0.4515,1.2523,この先制限速度なし,この先目立った勾配なし,1.0000,29.6275,0.0000,2.2987,2,1418.2945,168.0000,0.0000,0.0000,30.0000,300.0000,0.0000,0.0000,前方 709.0m 先を 42.1km/h で走行中,0.0000,120.0000,0.0000,0.0000,0.0000,発車済み,後続列車なし,,,
anti_mid_stop__wait_for_forward__hw120_v50_b30_c30,179.5000,0,23.2874,次駅への減速フェーズ（駅手前400m以内）,ブレーキ（減速）中,8.0000,惰行,0.6000,7.6369,70.0000,69.9979,70.0000,70.0000,7.3281,0.3088,2.5538,0.5000,2.7696,-0.2158,9.2000,-0.4162,2.4428,この先制限速度なし,この先目立った勾配なし,1.0000,7.6369,0.0000,2.0308,2,1379.5538,160.5000,0.0000,0.0000,30.0000,300.0000,0.0000,0.0000,前方 753.6m 先を 37.9km/h で走行中,0.0000,120.0000,0.0000,0.0000,0.0000,発車済み,後続列車なし,,,
anti_mid_stop__wait_for_forward__hw120_v50_b30_c30,262.0000,1,23.7618,巡航フェーズ（駅間走行中）,力行（加速）中,50.0000,ブレーキ（減速）,30.0000,49.5414,70.0000,69.9979,54.4113,54.4113,49.5415,-0.0000,905.1566,78.0000,133.3045,771.8521,11.4000,-0.6076,0.3402,この先制限速度なし,この先目立った勾配なし,1.0000,15.2714,0.0000,2.0003,1,905.1566,78.0000,0.0000,0.0000,30.0000,300.0000,0.0000,0.0000,前方 818.9m 先を 18.8km/h で走行中,0.0000,120.0000,51.0000,0.0000,0.0000,未発車,後続列車なし,,,
anti_mid_stop__wait_for_forward__hw120_v50_b30_c30,327.1000,1,24.5815,次駅への減速フェーズ（駅手前400m以内）,ブレーキ（減速）中,0.1000,惰行,0.1000,38.8522,70.0000,40.9985,38.8541,38.8541,38.9879,-0.1356,85.5454,12.9000,82.4857,3.0597,-2.3000,-0.0669,1.1523,この先制限速度なし,この先目立った勾配なし,1.0000,38.8188,0.0000,2.7577,1,85.5454,12.9000,0.0000,0.0000,30.0000,300.0000,0.0000,0.0000,前方 161.8m 先を 33.0km/h で走行中,0.0000,120.0000,0.0000,0.0000,0.0000,発車済み,後続列車なし,,,
anti_mid_stop__wait_for_forward__hw120_v50_b30_c30,334.6000,1,24.6439,次駅への減速フェーズ（駅手前400m以内）,ブレーキ（減速）中,7.1000,惰行,0.3000,20.4977,70.0000,44.4336,70.0000,70.0000,20.4645,0.0332,23.0501,5.4000,23.1417,-0.0915,-2.3000,-0.0286,2.1548,この先制限速度なし,この先目立った勾配なし,1.0000,20.4977,0.0000,2.7527,1,23.0501,5.4000,0.0000,0.0000,30.0000,300.0000,0.0000,0.0000,前方 177.6m 先を 41.7km/h で走行中,0.0000,120.0000,0.0000,0.0000,0.0000,発車済み,後続列車なし,,,
anti_mid_stop__wait_for_forward__hw120_v50_b30_c30,342.1000,1,24.6669,次駅への減速フェーズ（駅手前400m以内）,ブレーキ（減速）中,14.6000,惰行,0.3000,1.6333,70.0000,57.5116,70.0000,70.0000,0.7719,0.8614,0.0545,0.0000,0.1457,-0.0912,-2.3000,-0.0045,3.1698,この先制限速度なし,この先目立った勾配なし,1.0000,1.6333,2.1000,2.4211,1,0.0545,-2.1000,0.0000,0.0000,30.0000,300.0000,0.0000,0.0000,前方 248.8m 先を 48.6km/h で走行中,0.0000,120.0000,0.0000,0.0000,0.0000,発車済み,後続列車なし,,,
anti_mid_stop__wait_for_forward__hw120_v50_b30_c30,183.0000,1,23.2900,駅停車中（発車判断）,ブレーキ（減速）中,10.6000,惰行,0.6000,0.0000,70.0000,69.9979,50.7910,50.7910,0.0000,0.0000,1377.0000,157.0000,0.0000,1377.0000,9.2000,-0.4089,2.8513,この先制限速度なし,10m先に上り勾配11.4‰あり,1.0000,0.0000,0.0000,2.0000,1,1377.0000,157.0000,1.0000,1.0000,30.0000,300.0000,0.0000,109.0000,前方 787.0m 先を 36.0km/h で走行中,0.0000,120.0000,130.0000,0.0000,0.0000,未発車,後続列車なし,,,
anti_mid_stop__wait_for_forward__hw120_v50_b30_c30,198.0000,1,23.2900,駅停車中（発車判断）,ブレーキ（減速）中,25.6000,惰行,0.6000,0.0000,70.0000,69.9979,52.2992,52.2992,0.0000,0.0000,1377.0000,142.0000,0.0000,1377.0000,9.2000,-0.4089,2.8513,この先制限速度なし,10m先に上り勾配11.4‰あり,1.0000,0.0000,0.0000,2.0000,1,1377.0000,142.0000,1.0000,16.0000,30.0000,300.0000,0.0000,107.5000,前方 920.3m 先を 28.0km/h で走行中,0.0000,120.0000,115.0000,0.0000,0.0000,未発車,後続列車なし,,,
anti_mid_stop__on_time__hw120_v50_b30_c120,1.0000,0,21.1124,駅出発直後の加速フェーズ（20秒以内）,力行（加速）中,30.0000,なし（または停止）,0.0000,3.1655,70.0000,69.9979,64.8030,64.8030,1.9871,1.1784,2177.5520,179.0000,0.4738,2177.0783,-2.1000,-0.0130,3.0809,この先制限速度なし,387m先に下り勾配6.7‰あり,0.0000,0.0000,0.0000,0.3625,2,3554.5520,339.0000,0.0000,0.0000,30.0000,300.0000,0.0000,0.0000,前方 1483.0m 先を 46.7km/h で走行中,0.0000,120.0000,106.0000,0.0000,0.0000,未発車,後続列車なし,,,
anti_mid_stop__on_time__hw120_v50_b30_c120,167.2000,0,23.2065,次駅への減速フェーズ（駅手前400m以内）,惰行中,0.2000,力行（加速）,0.1000,32.2043,70.0000,69.9979,34.8364,34.8364,27.4100,4.7943,83.5057,12.8000,48.9977,34.5081,9.2000,-0.4570,1.1114,この先制限速度なし,この先目立った勾配なし,1.0000,29.9302,0.0000,3.3183,2,1460.5057,172.8000,0.0000,0.0000,30.0000,300.0000,0.0000,0.0000,前方 693.3m 先を 44.8km/h で走行中,0.0000,120.0000,0.0000,0.0000,0.0000,発車済み,後続列車なし,,,
anti_mid_stop__on_time__hw120_v50_b30_c120,241.0000,1,23.4966,巡航フェーズ（駅間走行中）,力行（加速）中,29.0000,ブレーキ（減速）,30.0000,40.7128,70.0000,69.9979,54.4448,54.4448,40.7120,0.0009,1170.4328,99.0000,90.4859,1079.9469,11.4000,-0.5549,0.5665,この先制限速度なし,この先目立った勾配なし,0.0000,0.0000,0.0000,2.0005,1,1170.4328,99.0000,0.0000,0.0000,30.0000,300.0000,0.0000,0.0000,前方 972.9m 先を 19.3km/h で走行中,0.0000,120.0000,72.0000,0.0000,0.0000,未発車,後続列車なし,,,
anti_mid_stop__on_time__hw120_v50_b30_c120,337.0000,1,24.5976,次駅への減速フェーズ（駅手前400m以内）,ブレーキ（減速）中,17.9000,惰行,7.0000,0,70.0000,0.0000,70.0000,8.6732,35.6213,-35.6213,69.4333,3.0000,0.0000,69.4333,-2.3000,-0.0032,3.2570,この先制限速度なし,この先目立った勾配なし,0.0000,0.0000,0.0000,11.1128,1,69.4333,3.0000,0.0000,0.0000,30.0000,300.0000,0.0000,0.0000,前方 69.4m 先に停車中,0.0000,120.0000,15.0000,24.0000,54.0000,未発車,後続列車なし,,,
anti_mid_stop__on_time__hw120_v50_b30_c120,354.7000,1,24.5976,次駅への減速フェーズ（駅手前400m以内）,ブレーキ（減速）中,35.6000,惰行,7.0000,0,70.0000,0.0000,70.0000,8.6732,35.6213,-35.6213,69.4333,0.0000,0.0000,69.4333,-2.3000,-0.0032,3.2570,この先制限速度なし,この先目立った勾配なし,0.0000,0.0000,14.7000,28.8128,1,69.4333,-14.7000,0.0000,0.0000,30.0000,300.0000,0.0000,0.0000,前方 69.4m 先に停車中,0.0000,120.0000,15.0000,41.7000,71.7000,未発車,後続列車なし,,,
anti_mid_stop__on_time__hw120_v50_b30_c120,372.4000,1,24.5976,次駅への減速フェーズ（駅手前400m以内）,ブレーキ（減速）中,53.3000,惰行,7.0000,0,70.0000,0.0000,70.0000,8.6732,35.6213,-35.6213,69.4333,0.0000,0.0000,69.4333,-2.3000,-0.0032,3.2570,この先制限速度なし,この先目立った勾配なし,0.0000,0.0000,32.4000,46.5128,1,69.4333,-32.4000,0.0000,0.0000,30.0000,300.0000,0.0000,0.0000,前方 69.4m 先に停車中,0.0000,120.0000,15.0000,59.4000,89.4000,未発車,後続列車なし,,,
anti_mid_stop__on_time__hw120_v50_b30_c120,390.1000,1,24.5976,次駅への減速フェーズ（駅手前400m以内）,ブレーキ（減速）中,71.0000,惰行,7.0000,0,70.0000,0.0000,70.0000,8.6732,35.6213,-35.6213,69.4333,0.0000,0.0000,69.4333,-2.3000,-0.0032,3.2570,この先制限速度なし,この先目立った勾配なし,0.0000,0.0000,50.1000,64.2128,1,69.4333,-50.1000,0.0000,0.0000,30.0000,300.0000,0.0000,0.0000,前方 69.4m 先に停車中,0.0000,120.0000,15.0000,77.1000,107.1000,未発車,後続列車なし,,,
anti_mid_stop__on_time__hw120_v50_b30_c120,407.8000,1,24.6029,次駅への減速フェーズ（駅手前400m以内）,力行（加速）中,0.2000,ブレーキ（減速）,0.1000,8.4991,70.0000,10.5252,70.0000,70.0000,34.2224,-25.7233,64.1292,0.0000,3.9878,60.1414,-2.3000,-0.0115,2.8022,この先制限速度なし,この先目立った勾配なし,1.0000,8.1997,67.8000,81.3656,1,64.1292,-67.8000,0.0000,0.0000,30.0000,300.0000,0.0000,0.0000,前方 76.1m 先を 15.2km/h で走行中,0.0000,120.0000,0.0000,0.0000,0.0000,発車済み,後続列車なし,,,
anti_mid_stop__on_time__hw120_v50_b30_c120,183.0000,1,23.2900,駅停車中（発車判断）,ブレーキ（減速）中,10.6000,惰行,0.6000,0.0000,70.0000,69.9979,50.7910,50.7910,0.0000,0.0000,1377.0000,157.0000,0.0000,1377.0000,9.2000,-0.4089,2.8513,この先制限速度なし,10m先に上り勾配11.4‰あり,1.0000,0.0000,0.0000,2.0000,1,1377.0000,157.0000,1.0000,1.0000,30.0000,300.0000,0.0000,109.0000,前方 787.0m 先を 36.0km/h で走行中,0.0000,120.0000,130.0000,0.0000,0.0000,未発車,後続列車なし,,,
anti_mid_stop__on_time__hw120_v50_b30_c120,198.0000,1,23.2900,駅停車中（発車判断）,ブレーキ（減速）中,25.6000,惰行,0.6000,0.0000,70.0000,69.9979,52.2992,52.2992,0.0000,0.0000,1377.0000,142.0000,0.0000,1377.0000,9.2000,-0.4089,2.8513,この先制限速度なし,10m先に上り勾配11.4‰あり,1.0000,0.0000,0.0000,2.0000,1,1377.0000,142.0000,1.0000,16.0000,30.0000,300.0000,0.0000,107.5000,前方 920.3m 先を 28.0km/h で走行中,0.0000,120.0000,115.0000,0.0000,0.0000,未発車,後続列車なし,,,
anti_mid_stop__wait_for_forward__hw120_v50_b30_c120,1.0000,0,21.1124,駅出発直後の加速フェーズ（20秒以内）,力行（加速）中,30.0000,なし（または停止）,0.0000,3.1655,70.0000,69.9979,64.8030,64.8030,1.9871,1.1784,2177.5520,179.0000,0.4738,2177.0783,-2.1000,-0.0130,3.0809,この先制限速度なし,387m先に下り勾配6.7‰あり,0.0000,0.0000,0.0000,0.3625,2,3554.5520,339.0000,0.0000,0.0000,30.0000,300.0000,0.0000,0.0000,前方 1483.0m 先を 46.7km/h で走行中,0.0000,120.0000,106.0000,0.0000,0.0000,未発車,後続列車なし,,,
anti_mid_stop__wait_for_forward__hw120_v50_b30_c120,167.2000,0,23.2065,次駅への減速フェーズ（駅手前400m以内）,惰行中,0.2000,力行（加速）,0.1000,32.2043,70.0000,69.9979,34.8364,34.8364,27.4100,4.7943,83.5057,12.8000,48.9977,34.5081,9.2000,-0.4570,1.1114,この先制限速度なし,この先目立った勾配なし,1.0000,29.9302,0.0000,3.3183,2,1460.5057,172.8000,0.0000,0.0000,30.0000,300.0000,0.0000,0.0000,前方 693.3m 先を 44.8km/h で走行中,0.0000,120.0000,0.0000,0.0000,0.0000,発車済み,後続列車なし,,,
anti_mid_stop__wait_for_forward__hw120_v50_b30_c120,241.0000,1,23.4966,巡航フェーズ（駅間走行中）,力行（加速）中,29.0000,ブレーキ（減速）,30.0000,40.7128,70.0000,69.9979,54.4448,54.4448,40.7120,0.0009,1170.4328,99.0000,90.4859,1079.9469,11.4000,-0.5549,0.5665,この先制限速度なし,この先目立った勾配なし,0.0000,0.0000,0.0000,2.0005,1,1170.4328,99.0000,0.0000,0.0000,30.0000,300.0000,0.0000,0.0000,前方 972.9m 先を 19.3km/h で走行中,0.0000,120.0000,72.0000,0.0000,0.0000,未発車,後続列車なし,,,
anti_mid_stop__wait_for_forward__hw120_v50_b30_c120,337.0000,1,24.5976,次駅への減速フェーズ（駅手前400m以内）,ブレーキ（減速）中,17.9000,惰行,7.0000,0,70.0000,0.0000,70.0000,8.6732,35.6213,-35.6213,69.4333,3.0000,0.0000,69.4333,-2.3000,-0.0032,3.2570,この先制限速度なし,この先目立った勾配なし,0.0000,0.0000,0.0000,11.1128,1,69.4333,3.0000,0.0000,0.0000,30.0000,300.0000,0.0000,0.0000,前方 69.4m 先に停車中,0.0000,120.0000,15.0000,24.0000,54.0000,未発車,後続列車なし,,,
anti_mid_stop__wait_for_forward__hw120_v50_b30_c120,354.7000,1,24.5976,次駅への減速フェーズ（駅手前400m以内）,ブレーキ（減速）中,35.6000,惰行,7.0000,0,70.0000,0.0000,70.0000,8.6732,35.6213,-35.6213,69.4333,0.0000,0.0000,69.4333,-2.3000,-0.0032,3.2570,この先制限速度なし,この先目立った勾配なし,0.0000,0.0000,14.7000,28.8128,1,69.4333,-14.7000,0.0000,0.0000,30.0000,300.0000,0.0000,0.0000,前方 69.4m 先に停車中,0.0000,120.0000,15.0000,41.7000,71.7000,未発車,後続列車なし,,,
anti_mid_stop__wait_for_forward__hw120_v50_b30_c120,372.4000,1,24.5976,次駅への減速フェーズ（駅手前400m以内）,ブレーキ（減速）中,53.3000,惰行,7.0000,0,70.0000,0.0000,70.0000,8.6732,35.6213,-35.6213,69.4333,0.0000,0.0000,69.4333,-2.3000,-0.0032,3.2570,この先制限速度なし,この先目立った勾配なし,0.0000,0.0000,32.4000,46.5128,1,69.4333,-32.4000,0.0000,0.0000,30.0000,300.0000,0.0000,0.0000,前方 69.4m 先に停車中,0.0000,120.0000,15.0000,59.4000,89.4000,未発車,後続列車なし,,,
anti_mid_stop__wait_for_forward__hw120_v50_b30_c120,390.1000,1,24.5976,次駅への減速フェーズ（駅手前400m以内）,ブレーキ（減速）中,71.0000,惰行,7.0000,0,70.0000,0.0000,70.0000,8.6732,35.6213,-35.6213,69.4333,0.0000,0.0000,69.4333,-2.3000,-0.0032,3.2570,この先制限速度なし,この先目立った勾配なし,0.0000,0.0000,50.1000,64.2128,1,69.4333,-50.1000,0.0000,0.0000,30.0000,300.0000,0.0000,0.0000,前方 69.4m 先に停車中,0.0000,120.0000,15.0000,77.1000,107.1000,未発車,後続列車なし,,,
anti_mid_stop__wait_for_forward__hw120_v50_b30_c120,407.8000,1,24.6029,次駅への減速フェーズ（駅手前400m以内）,力行（加速）中,0.2000,ブレーキ（減速）,0.1000,8.4991,70.0000,10.5252,70.0000,70.0000,34.2224,-25.7233,64.1292,0.0000,3.9878,60.1414,-2.3000,-0.0115,2.8022,この先制限速度なし,この先目立った勾配なし,1.0000,8.1997,67.8000,81.3656,1,64.1292,-67.8000,0.0000,0.0000,30.0000,300.0000,0.0000,0.0000,前方 76.1m 先を 15.2km/h で走行中,0.0000,120.0000,0.0000,0.0000,0.0000,発車済み,後続列車なし,,,
anti_mid_stop__wait_for_forward__hw120_v50_b30_c120,183.0000,1,23.2900,駅停車中（発車判断）,ブレーキ（減速）中,10.6000,惰行,0.6000,0.0000,70.0000,69.9979,50.7910,50.7910,0.0000,0.0000,1377.0000,157.0000,0.0000,1377.0000,9.2000,-0.4089,2.8513,この先制限速度なし,10m先に上り勾配11.4‰あり,1.0000,0.0000,0.0000,2.0000,1,1377.0000,157.0000,1.0000,1.0000,30.0000,300.0000,0.0000,109.0000,前方 787.0m 先を 36.0km/h で走行中,0.0000,120.0000,130.0000,0.0000,0.0000,未発車,後続列車なし,,,
anti_mid_stop__wait_for_forward__hw120_v50_b30_c120,198.0000,1,23.2900,駅停車中（発車判断）,ブレーキ（減速）中,25.6000,惰行,0.6000,0.0000,70.0000,69.9979,52.2992,52.2992,0.0000,0.0000,1377.0000,142.0000,0.0000,1377.0000,9.2000,-0.4089,2.8513,この先制限速度なし,10m先に上り勾配11.4‰あり,1.0000,0.0000,0.0000,2.0000,1,1377.0000,142.0000,1.0000,16.0000,30.0000,300.0000,0.0000,107.5000,前方 920.3m 先を 28.0km/h で走行中,0.0000,120.0000,115.0000,0.0000,0.0000,未発車,後続列車なし,,,
anti_mid_stop__on_time__hw120_v50_b30_c180,1.0000,0,21.1124,駅出発直後の加速フェーズ（20秒以内）,力行（加速）中,30.0000,なし（または停止）,0.0000,3.1655,70.0000,69.9979,64.8030,64.8030,1.9871,1.1784,2177.5520,179.0000,0.4738,2177.0783,-2.1000,-0.0130,3.0809,この先制限速度なし,387m先に下り勾配6.7‰あり,0.0000,0.0000,0.0000,0.3625,2,3554.5520,339.0000,0.0000,0.0000,30.0000,300.0000,0.0000,0.0000,前方 1483.0m 先を 46.7km/h で走行中,0.0000,120.0000,106.0000,0.0000,0.0000,未発車,後続列車なし,,,
anti_mid_stop__on_time__hw120_v50_b30_c180,174.7000,0,23.2679,次駅への減速フェーズ（駅手前400m以内）,ブレーキ（減速）中,3.2000,惰行,0.6000,21.6795,70.0000,69.9979,70.0000,70.0000,21.5842,0.0953,22.0679,5.3000,22.2840,-0.2161,9.2000,-0.4363,1.6850,この先制限速度なし,この先目立った勾配なし,1.0000,21.6795,0.0000,2.1042,2,1399.0679,165.3000,0.0000,0.0000,30.0000,300.0000,0.0000,0.0000,前方 720.8m 先を 40.6km/h で走行中,0.0000,120.0000,0.0000,0.0000,0.0000,発車済み,後続列車なし,,,
anti_mid_stop__on_time__hw120_v50_b30_c180,334.3000,1,24.5955,次駅への減速フェーズ（駅手前400m以内）,ブレーキ（減速）中,15.2000,惰行,7.0000,6.0995,70.0000,5.1761,70.0000,8.9259,36.1486,-30.0491,71.4862,5.7000,2.0528,69.4333,-2.3000,-0.0088,2.9309,この先制限速度なし,この先目立った勾配なし,1.0000,5.7333,0.0000,8.6186,1,71.4862,5.7000,0.0000,0.0000,30.0000,300.0000,0.0000,0.0000,前方 71.5m 先に停車中,0.0000,120.0000,15.0000,21.3000,51.3000,未発車,後続列車なし,,,
anti_mid_stop__on_time__hw120_v50_b30_c180,359.5000,1,24.5976,次駅への減速フェーズ（駅手前400m以内）,ブレーキ（減速）中,40.4000,惰行,7.0000,0,70.0000,0.0000,70.0000,8.6732,35.6213,-35.6213,69.4333,0.0000,0.0000,69.4333,-2.3000,-0.0032,3.2570,この先制限速度なし,この先目立った勾配なし,0.0000,0.0000,19.5000,33.6128,1,69.4333,-19.5000,0.0000,0.0000,30.0000,300.0000,0.0000,0.0000,前方 69.4m 先に停車中,0.0000,120.0000,15.0000,46.5000,76.5000,未発車,後続列車なし,,,
anti_mid_stop__on_time__hw120_v50_b30_c180,384.7000,1,24.5976,次駅への減速フェーズ（駅手前400m以内）,ブレーキ（減速）中,65.6000,惰行,7.0000,0,70.0000,0.0000,70.0000,8.6732,35.6213,-35.6213,69.4333,0.0000,0.0000,69.4333,-2.3000,-0.0032,3.2570,この先制限速度なし,この先目立った勾配なし,0.0000,0.0000,44.7000,58.8128,1,69.4333,-44.7000,0.0000,0.0000,30.0000,300.0000,0.0000,0.0000,前方 69.4m 先に停車中,0.0000,120.0000,15.0000,71.7000,101.7000,未発車,後続列車なし,,,
anti_mid_stop__on_time__hw120_v50_b30_c180,409.9000,1,24.5976,次駅への減速フェーズ（駅手前400m以内）,ブレーキ（減速）中,90.8000,惰行,7.0000,0,70.0000,0.0000,70.0000,8.6732,35.6213,-35.6213,69.4333,0.0000,0.0000,69.4333,-2.3000,-0.0032,3.2570,この先制限速度なし,この先目立った勾配なし,0.0000,0.0000,69.9000,84.0128,1,69.4333,-69.9000,0.0000,0.0000,30.0000,300.0000,0.0000,0.0000,前方 69.4m 先に停車中,0.0000,120.0000,15.0000,96.9000,126.9000,未発車,後続列車なし,,,
anti_mid_stop__on_time__hw120_v50_b30_c180,435.1000,1,24.5976,次駅への減速フェーズ（駅手前400m以内）,ブレーキ（減速）中,116.0000,惰行,7.0000,0,70.0000,0.0000,70.0000,8.6732,35.6213,-35.6213,69.4333,0.0000,0.0000,69.4333,-2.3000,-0.0032,3.2570,この先制限速度なし,この先目立った勾配なし,0.0000,0.0000,95.1000,109.2128,1,69.4333,-95.1000,0.0000,0.0000,30.0000,300.0000,0.0000,0.0000,前方 69.4m 先に停車中,0.0000,120.0000,15.0000,122.1000,152.1000,未発車,後続列車なし,,,
anti_mid_stop__on_time__hw120_v50_b30_c180,460.3000,1,24.5976,次駅への減速フェーズ（駅手前400m以内）,ブレーキ（減速）中,141.2000,惰行,7.0000,0,70.0000,0.0000,70.0000,8.6732,35.6213,-35.6213,69.4333,0.0000,0.0000,69.4333,-2.3000,-0.0032,3.2570,この先制限速度なし,この先目立った勾配なし,0.0000,0.0000,120.3000,134.4128,1,69.4333,-120.3000,0.0000,0.0000,30.0000,300.0000,0.0000,0.0000,前方 69.4m 先に停車中,0.0000,120.0000,15.0000,147.3000,177.3000,未発車,後続列車なし,,,
anti_mid_stop__on_time__hw120_v50_b30_c180,183.0000,1,23.2900,駅停車中（発車判断）,ブレーキ（減速）中,10.6000,惰行,0.6000,0.0000,70.0000,69.9979,50.7910,50.7910,0.0000,0.0000,1377.0000,157.0000,0.0000,1377.0000,9.2000,-0.4089,2.8513,この先制限速度なし,10m先に上り勾配11.4‰あり,1.0000,0.0000,0.0000,2.0000,1,1377.0000,157.0000,1.0000,1.0000,30.0000,300.0000,0.0000,109.0000,前方 787.0m 先を 36.0km/h で走行中,0.0000,120.0000,130.0000,0.0000,0.0000,未発車,後続列車なし,,,
anti_mid_stop__on_time__hw120_v50_b30_c180,198.0000,1,23.2900,駅停車中（発車判断）,ブレーキ（減速）中,25.6000,惰行,0.6000,0.0000,70.0000,69.9979,52.2992,52.2992,0.0000,0.0000,1377.0000,142.0000,0.0000,1377.0000,9.2000,-0.4089,2.8513,この先制限速度なし,10m先に上り勾配11.4‰あり,1.0000,0.0000,0.0000,2.0000,1,1377.0000,142.0000,1.0000,16.0000,30.0000,300.0000,0.0000,107.5000,前方 920.3m 先を 28.0km/h で走行中,0.0000,120.0000,115.0000,0.0000,0.0000,未発車,後続列車なし,,,
anti_mid_stop__wait_for_forward__hw120_v50_b30_c180,1.0000,0,21.1124,駅出発直後の加速フェーズ（20秒以内）,力行（加速）中,30.0000,なし（または停止）,0.0000,3.1655,70.0000,69.9979,64.8030,64.8030,1.9871,1.1784,2177.5520,179.0000,0.4738,2177.0783,-2.1000,-0.0130,3.0809,この先制限速度なし,387m先に下り勾配6.7‰あり,0.0000,0.0000,0.0000,0.3625,2,3554.5520,339.0000,0.0000,0.0000,30.0000,300.0000,0.0000,0.0000,前方 1483.0m 先を 46.7km/h で走行中,0.0000,120.0000,106.0000,0.0000,0.0000,未発車,後続列車なし,,,
anti_mid_stop__wait_for_forward__hw120_v50_b30_c180,174.7000,0,23.2679,次駅への減速フェーズ（駅手前400m以内）,ブレーキ（減速）中,3.2000,惰行,0.6000,21.6795,70.0000,69.9979,70.0000,70.0000,21.5842,0.0953,22.0679,5.3000,22.2840,-0.2161,9.2000,-0.4363,1.6850,この先制限速度なし,この先目立った勾配なし,1.0000,21.6795,0.0000,2.1042,2,1399.0679,165.3000,0.0000,0.0000,30.0000,300.0000,0.0000,0.0000,前方 720.8m 先を 40.6km/h で走行中,0.0000,120.0000,0.0000,0.0000,0.0000,発車済み,後続列車なし,,,
anti_mid_stop__wait_for_forward__hw120_v50_b30_c180,334.3000,1,24.5955,次駅への減速フェーズ（駅手前400m以内）,ブレーキ（減速）中,15.2000,惰行,7.0000,6.0995,70.0000,5.1761,70.0000,8.9259,36.1486,-30.0491,71.4862,5.7000,2.0528,69.4333,-2.3000,-0.0088,2.9309,この先制限速度なし,この先目立った勾配なし,1.0000,5.7333,0.0000,8.6186,1,71.4862,5.7000,0.0000,0.0000,30.0000,300.0000,0.0000,0.0000,前方 71.5m 先に停車中,0.0000,120.0000,15.0000,21.3000,51.3000,未発車,後続列車なし,,,
anti_mid_stop__wait_for_forward__hw120_v50_b30_c180,359.5000,1,24.5976,次駅への減速フェーズ（駅手前400m以内）,ブレーキ（減速）中,40.4000,惰行,7.0000,0,70.0000,0.0000,70.0000,8.6732,35.6213,-35.6213,69.4333,0.0000,0.0000,69.4333,-2.3000,-0.0032,3.2570,この先制限速度なし,この先目立った勾配なし,0.0000,0.0000,19.5000,33.6128,1,69.4333,-19.5000,0.0000,0.0000,30.0000,300.0000,0.0000,0.0000,前方 69.4m 先に停車中,0.0000,120.0000,15.0000,46.5000,76.5000,未発車,後続列車なし,,,
anti_mid_stop__wait_for_forward__hw120_v50_b30_c180,384.7000,1,24.5976,次駅への減速フェーズ（駅手前400m以内）,ブレーキ（減速）中,65.6000,惰行,7.0000,0,70.0000,0.0000,70.0000,8.6732,35.6213,-35.6213,69.4333,0.0000,0.0000,69.4333,-2.3000,-0.0032,3.2570,この先制限速度なし,この先目立った勾配なし,0.0000,0.0000,44.7000,58.8128,1,69.4333,-44.7000,0.0000,0.0000,30.0000,300.0000,0.0000,0.0000,前方 69.4m 先に停車中,0.0000,120.0000,15.0000,71.7000,101.7000,未発車,後続列車なし,,,
anti_mid_stop__wait_for_forward__hw120_v50_b30_c180,409.9000,1,24.5976,次駅への減速フェーズ（駅手前400m以内）,ブレーキ（減速）中,90.8000,惰行,7.0000,0,70.0000,0.0000,70.0000,8.6732,35.6213,-35.6213,69.4333,0.0000,0.0000,69.4333,-2.3000,-0.0032,3.2570,この先制限速度なし,この先目立った勾配なし,0.0000,0.0000,69.9000,84.0128,1,69.4333,-69.9000,0.0000,0.0000,30.0000,300.0000,0.0000,0.0000,前方 69.4m 先に停車中,0.0000,120.0000,15.0000,96.9000,126.9000,未発車,後続列車なし,,,
anti_mid_stop__wait_for_forward__hw120_v50_b30_c180,435.1000,1,24.5976,次駅への減速フェーズ（駅手前400m以内）,ブレーキ（減速）中,116.0000,惰行,7.0000,0,70.0000,0.0000,70.0000,8.6732,35.6213,-35.6213,69.4333,0.0000,0.0000,69.4333,-2.3000,-0.0032,3.2570,この先制限速度なし,この先目立った勾配なし,0.0000,0.0000,95.1000,109.2128,1,69.4333,-95.1000,0.0000,0.0000,30.0000,300.0000,0.0000,0.0000,前方 69.4m 先に停車中,0.0000,120.0000,15.0000,122.1000,152.1000,未発車,後続列車なし,,,
anti_mid_stop__wait_for_forward__hw120_v50_b30_c180,460.3000,1,24.5976,次駅への減速フェーズ（駅手前400m以内）,ブレーキ（減速）中,141.2000,惰行,7.0000,0,70.0000,0.0000,70.0000,8.6732,35.6213,-35.6213,69.4333,0.0000,0.0000,69.4333,-2.3000,-0.0032,3.2570,この先制限速度なし,この先目立った勾配なし,0.0000,0.0000,120.3000,134.4128,1,69.4333,-120.3000,0.0000,0.0000,30.0000,300.0000,0.0000,0.0000,前方 69.4m 先に停車中,0.0000,120.0000,15.0000,147.3000,177.3000,未発車,後続列車なし,,,
anti_mid_stop__wait_for_forward__hw120_v50_b30_c180,183.0000,1,23.2900,駅停車中（発車判断）,ブレーキ（減速）中,10.6000,惰行,0.6000,0.0000,70.0000,69.9979,50.7910,50.7910,0.0000,0.0000,1377.0000,157.0000,0.0000,1377.0000,9.2000,-0.4089,2.8513,この先制限速度なし,10m先に上り勾配11.4‰あり,1.0000,0.0000,0.0000,2.0000,1,1377.0000,157.0000,1.0000,1.0000,30.0000,300.0000,0.0000,109.0000,前方 787.0m 先を 36.0km/h で走行中,0.0000,120.0000,130.0000,0.0000,0.0000,未発車,後続列車なし,,,
anti_mid_stop__wait_for_forward__hw120_v50_b30_c180,198.0000,1,23.2900,駅停車中（発車判断）,ブレーキ（減速）中,25.6000,惰行,0.6000,0.0000,70.0000,69.9979,52.2992,52.2992,0.0000,0.0000,1377.0000,142.0000,0.0000,1377.0000,9.2000,-0.4089,2.8513,この先制限速度なし,10m先に上り勾配11.4‰あり,1.0000,0.0000,0.0000,2.0000,1,1377.0000,142.0000,1.0000,16.0000,30.0000,300.0000,0.0000,107.5000,前方 920.3m 先を 28.0km/h で走行中,0.0000,120.0000,115.0000,0.0000,0.0000,未発車,後続列車なし,,,
anti_mid_stop__on_time__hw120_v50_b60_c60,1.0000,0,21.1124,駅出発直後の加速フェーズ（20秒以内）,力行（加速）中,30.0000,なし（または停止）,0.0000,3.1655,70.0000,69.9979,64.8030,64.8030,1.9871,1.1784,2177.5520,179.0000,0.4738,2177.0783,-2.1000,-0.0130,3.0809,この先制限速度なし,387m先に下り勾配6.7‰あり,0.0000,0.0000,0.0000,0.3625,2,3554.5520,339.0000,0.0000,0.0000,30.0000,300.0000,0.0000,0.0000,前方 1483.0m 先を 46.7km/h で走行中,0.0000,120.0000,106.0000,0.0000,0.0000,未発車,後続列車なし,,,
anti_mid_stop__on_time__hw120_v50_b60_c60,123.0000,0,22.7468,巡航フェーズ（駅間走行中）,惰行中,7.0000,力行（加速）,1.0000,43.6236,70.0000,69.9979,45.2368,45.2368,45.0111,-1.3875,543.2059,57.0000,89.4590,453.7470,6.1000,-0.3756,0.6556,この先制限速度なし,353m先に上り勾配9.2‰あり,1.0000,20.9224,0.0000,4.3915,2,1920.2059,217.0000,0.0000,0.0000,30.0000,300.0000,0.0000,0.0000,前方 543.2m 先に停車中,0.0000,120.0000,15.0000,16.0000,46.0000,未発車,後続列車なし,,,
anti_mid_stop__on_time__hw120_v50_b60_c60,173.9000,0,23.2629,次駅への減速フェーズ（駅手前400m以内）,ブレーキ（減速）中,2.4000,惰行,0.6000,24.0303,70.0000,69.9979,70.0000,70.0000,23.8920,0.1383,27.1434,6.1000,27.3597,-0.2162,9.2000,-0.4405,1.5573,この先制限速度なし,この先目立った勾配なし,1.0000,24.0303,0.0000,2.1075,2,1404.1434,166.1000,0.0000,0.0000,30.0000,300.0000,0.0000,0.0000,前方 330.1m 先を 44.6km/h で走行中,0.0000,120.0000,0.0000,0.0000,0.0000,発車済み,後続列車なし,,,
anti_mid_stop__on_time__hw120_v50_b60_c60,253.0000,1,23.6420,巡航フェーズ（駅間走行中）,力行（加速）中,41.0000,ブレーキ（減速）,30.0000,46.2326,70.0000,69.9979,54.4215,59.7789,46.2326,0.0001,1024.9843,87.0000,116.3234,908.6608,11.4000,-0.5980,0.3964,この先制限速度なし,この先目立った勾配なし,0.0000,0.0000,0.0000,1.9998,1,1024.9843,87.0000,0.0000,0.0000,30.0000,300.0000,0.0000,0.0000,前方 727.2m 先を 20.8km/h で走行中,0.0000,120.0000,90.0000,0.0000,0.0000,未発車,後続列車なし,,,
anti_mid_stop__on_time__hw120_v50_b60_c60,346.2000,1,24.5838,次駅への減速フェーズ（駅手前400m以内）,ブレーキ（減速）中,0.5000,惰行,0.1000,13.4817,70.0000,15.4599,70.0000,10.7073,38.9734,-25.4917,83.2088,0.0000,10.0297,73.1791,-2.3000,-0.0178,2.5341,この先制限速度なし,この先目立った勾配なし,1.0000,13.1304,6.2000,21.6422,1,83.2088,-6.2000,0.0000,0.0000,30.0000,300.0000,0.0000,0.0000,前方 83.2m 先に停車中,0.0000,120.0000,15.0000,3.2000,33.2000,未発車,後続列車なし,,,
anti_mid_stop__on_time__hw120_v50_b60_c60,358.4000,1,24.5968,次駅への減速フェーズ（駅手前400m以内）,ブレーキ（減速）中,2.9000,力行（加速）,0.1000,0,70.0000,1.9781,70.0000,8.7701,35.8237,-35.8237,70.2176,0.0000,0.0000,70.2176,-2.3000,-0.0032,3.2570,この先制限速度なし,この先目立った勾配なし,0.0000,0.0000,18.4000,32.5918,1,70.2176,-18.4000,0.0000,0.0000,30.0000,300.0000,0.0000,0.0000,前方 70.2m 先に停車中,0.0000,120.0000,15.0000,15.4000,45.4000,未発車,後続列車なし,,,
anti_mid_stop__on_time__hw120_v50_b60_c60,370.6000,1,24.5968,次駅への減速フェーズ（駅手前400m以内）,ブレーキ（減速）中,15.1000,力行（加速）,0.1000,0,70.0000,1.9781,70.0000,8.7701,35.8237,-35.8237,70.2176,0.0000,0.0000,70.2176,-2.3000,-0.0032,3.2570,この先制限速度なし,この先目立った勾配なし,0.0000,0.0000,30.6000,44.7918,1,70.2176,-30.6000,0.0000,0.0000,30.0000,300.0000,0.0000,0.0000,前方 70.2m 先に停車中,0.0000,120.0000,15.0000,27.6000,57.6000,未発車,後続列車なし,,,
anti_mid_stop__on_time__hw120_v50_b60_c60,382.8000,1,24.6198,次駅への減速フェーズ（駅手前400m以内）,力行（加速）中,0.1000,力行（加速）,0.4000,15.8445,70.0000,18.0597,70.0000,70.0000,29.3403,-13.4958,47.2376,0.0000,13.8461,33.3915,-2.3000,-0.0212,2.4066,この先制限速度なし,この先目立った勾配なし,1.0000,15.6760,42.8000,54.4512,1,47.2376,-42.8000,0.0000,0.0000,30.0000,300.0000,0.0000,0.0000,前方 88.0m 先を 25.9km/h で走行中,0.0000,120.0000,0.0000,0.0000,0.0000,発車済み,後続列車なし,,,
anti_mid_stop__on_time__hw120_v50_b60_c60,395.0000,1,24.6679,次駅への減速フェーズ（駅手前400m以内）,ブレーキ（減速）中,7.6000,力行（加速）,0.1000,1.8133,70.0000,40.1440,0.0000,0.0000,0.5688,1.2445,-0.9017,0.0000,0.1799,-1.0815,-2.3000,-0.0047,3.1602,この先制限速度なし,この先目立った勾配なし,1.0000,1.8133,55.0000,55.2400,1,-0.9017,-55.0000,0.0000,0.0000,30.0000,300.0000,0.0000,0.0000,前方 158.1m 先を 42.0km/h で走行中,0.0000,120.0000,0.0000,0.0000,0.0000,発車済み,後続列車なし,,,
anti_mid_stop__on_time__hw120_v50_b60_c60,183.0000,1,23.2900,駅停車中（発車判断）,ブレーキ（減速）中,10.6000,惰行,0.6000,0.0000,70.0000,69.9979,50.7910,67.1741,0.0000,0.0000,1377.0000,157.0000,0.0000,1377.0000,9.2000,-0.4089,2.8513,この先制限速度なし,10m先に上り勾配11.4‰あり,1.0000,0.0000,0.0000,2.0000,1,1377.0000,157.0000,1.0000,1.0000,30.0000,300.0000,0.0000,109.0000,前方 420.4m 先を 48.2km/h で走行中,0.0000,120.0000,160.0000,0.0000,0.0000,未発車,後続列車なし,,,
anti_mid_stop__on_time__hw120_v50_b60_c60,198.0000,1,23.2900,駅停車中（発車判断）,ブレーキ（減速）中,25.6000,惰行,0.6000,0.0000,70.0000,69.9979,52.2992,67.9954,0.0000,0.0000,1377.0000,142.0000,0.0000,1377.0000,9.2000,-0.4089,2.8513,この先制限速度なし,10m先に上り勾配11.4‰あり,1.0000,0.0000,0.0000,2.0000,1,1377.0000,142.0000,1.0000,16.0000,30.0000,300.0000,0.0000,107.5000,前方 619.6m 先を 44.3km/h で走行中,0.0000,120.0000,145.0000,0.0000,0.0000,未発車,後続列車なし,,,
anti_mid_stop__wait_for_forward__hw120_v50_b60_c60,1.0000,0,21.1124,駅出発直後の加速フェーズ（20秒以内）,力行（加速）中,30.0000,なし（または停止）,0.0000,3.1655,70.0000,69.9979,64.8030,64.8030,1.9871,1.1784,2177.5520,179.0000,0.4738,2177.0783,-2.1000,-0.0130,3.0809,この先制限速度なし,387m先に下り勾配6.7‰あり,0.0000,0.0000,0.0000,0.3625,2,3554.5520,339.0000,0.0000,0.0000,30.0000,300.0000,0.0000,0.0000,前方 1483.0m 先を 46.7km/h で走行中,0.0000,120.0000,106.0000,0.0000,0.0000,未発車,後続列車なし,,,
anti_mid_stop__wait_for_forward__hw120_v50_b60_c60,113.0000,0,22.6219,巡航フェーズ（駅間走行中）,惰行中,8.0000,力行（加速）,2.0000,45.0725,70.0000,69.9979,47.9618,47.9618,47.4308,-2.3582,668.0661,67.0000,95.4326,572.6335,0.0000,-0.1644,0.8464,この先制限速度なし,78m先に上り勾配6.1‰あり,1.0000,18.7512,0.0000,4.0670,2,2045.0661,227.0000,0.0000,0.0000,30.0000,300.0000,0.0000,0.0000,前方 668.1m 先に停車中,0.0000,120.0000,15.0000,6.0000,36.0000,未発車,後続列車なし,,,
anti_mid_stop__wait_for_forward__hw120_v50_b60_c60,171.9000,0,23.2479,次駅への減速フェーズ（駅手前400m以内）,ブレーキ（減速）中,0.4000,惰行,0.6000,29.9227,70.0000,69.9979,70.0000,70.0000,24.8763,5.0464,42.1211,8.1000,42.3376,-0.2165,9.2000,-0.4521,1.2361,この先制限速度なし,この先目立った勾配なし,1.0000,29.9227,0.0000,2.3186,2,1419.1211,168.1000,0.0000,0.0000,30.0000,300.0000,0.0000,0.0000,前方 320.5m 先を 43.8km/h で走行中,0.0000,120.0000,0.0000,0.0000,0.0000,発車済み,後続列車なし,,,
anti_mid_stop__wait_for_forward__hw120_v50_b60_c60,254.0000,1,23.3295,駅出発直後の加速フェーズ（20秒以内）,力行（加速）中,11.0000,ブレーキ（減速）,30.0000,23.3057,70.0000,69.9979,70.0000,70.0000,23.2987,0.0070,1337.5426,86.0000,29.8874,1307.6552,11.4000,-0.5168,1.5191,この先制限速度なし,この先目立った勾配なし,0.0000,0.0000,0.0000,33.0026,1,1337.5426,86.0000,0.0000,0.0000,30.0000,300.0000,0.0000,0.0000,前方 1045.5m 先を 20.8km/h で走行中,0.0000,120.0000,89.0000,0.0000,0.0000,未発車,後続列車なし,,,
anti_mid_stop__wait_for_forward__hw120_v50_b60_c60,350.7000,1,24.5832,次駅への減速フェーズ（駅手前400m以内）,ブレーキ（減速）中,16.6000,力行（加速）,2.0000,18.9026,70.0000,15.8209,70.0000,10.5262,38.9772,-20.0747,83.8290,0.0000,19.6900,64.1390,-2.3000,-0.0259,2.2412,この先制限速度なし,この先目立った勾配なし,1.0000,18.5816,10.7000,26.1993,1,83.8290,-10.7000,0.0000,0.0000,30.0000,300.0000,0.0000,0.0000,前方 83.8m 先に停車中,0.0000,120.0000,15.0000,7.7000,37.7000,未発車,後続列車なし,,,
anti_mid_stop__wait_for_forward__hw120_v50_b60_c60,361.9000,1,24.6029,次駅への減速フェーズ（駅手前400m以内）,ブレーキ（減速）中,27.8000,力行（加速）,2.0000,0,70.0000,0.0000,70.0000,8.0289,34.2252,-34.2252,64.1393,0.0000,0.0000,64.1393,-2.3000,-0.0032,3.2570,この先制限速度なし,この先目立った勾配なし,0.0000,0.0000,21.9000,35.4666,1,64.1393,-21.9000,0.0000,0.0000,30.0000,300.0000,0.0000,0.0000,前方 64.1m 先に停車中,0.0000,120.0000,15.0000,18.9000,48.9000,未発車,後続列車なし,,,
anti_mid_stop__wait_for_forward__hw120_v50_b60_c60,373.1000,1,24.6029,次駅への減速フェーズ（駅手前400m以内）,ブレーキ（減速）中,39.0000,力行（加速）,2.0000,0,70.0000,0.0000,70.0000,70.0000,34.2252,-34.2252,64.1393,0.0000,0.0000,64.1393,-2.3000,-0.0032,3.2570,この先制限速度なし,この先目立った勾配なし,0.0000,0.0000,33.1000,46.6666,1,64.1393,-33.1000,0.0000,0.0000,30.0000,300.0000,0.0000,0.0000,前方 64.4m 先を 2.1km/h で走行中,0.0000,120.0000,0.0000,0.0000,0.0000,発車済み,後続列車なし,,,
anti_mid_stop__wait_for_forward__hw120_v50_b60_c60,384.3000,1,24.6266,次駅への減速フェーズ（駅手前400m以内）,力行（加速）中,0.1000,ブレーキ（減速）,0.1000,18.0322,70.0000,20.2045,70.0000,70.0000,27.1180,-9.0858,40.3889,0.0000,17.9231,22.4658,-2.3000,-0.0245,2.2884,この先制限速度なし,この先目立った勾配なし,1.0000,17.9099,44.3000,55.0777,1,40.3889,-44.3000,0.0000,0.0000,30.0000,300.0000,0.0000,0.0000,前方 92.5m 先を 28.6km/h で走行中,0.0000,120.0000,0.0000,0.0000,0.0000,発車済み,後続列車なし,,,
anti_mid_stop__wait_for_forward__hw120_v50_b60_c60,183.0000,1,23.2900,駅停車中（発車判断）,ブレーキ（減速）中,10.6000,惰行,0.6000,0.0000,70.0000,69.9979,50.7910,67.1741,0.0000,0.0000,1377.0000,157.0000,0.0000,1377.0000,9.2000,-0.4089,2.8513,この先制限速度なし,10m先に上り勾配11.4‰あり,1.0000,0.0000,0.0000,2.0000,1,1377.0000,157.0000,1.0000,1.0000,30.0000,300.0000,0.0000,109.0000,前方 420.4m 先を 48.2km/h で走行中,0.0000,120.0000,160.0000,0.0000,0.0000,未発車,後続列車なし,,,
anti_mid_stop__wait_for_forward__hw120_v50_b60_c60,195.0000,1,23.2900,駅停車中（発車判断）,ブレーキ（減速）中,22.6000,惰行,0.6000,0.0000,70.0000,69.9979,51.9745,67.8480,0.0000,0.0000,1377.0000,145.0000,0.0000,1377.0000,9.2000,-0.4089,2.8513,この先制限速度なし,10m先に上り勾配11.4‰あり,1.0000,0.0000,0.0000,2.0000,1,1377.0000,145.0000,1.0000,13.0000,30.0000,300.0000,0.0000,108.0000,前方 582.0m 先を 46.0km/h で走行中,0.0000,120.0000,148.0000,0.0000,0.0000,未発車,後続列車なし,,,
anti_mid_stop__wait_for_forward__hw120_v50_b60_c60,207.0000,1,23.2900,駅停車中（発車判断）,ブレーキ（減速）中,34.6000,惰行,0.6000,0.0000,70.0000,69.9979,53.3929,68.6987,0.0000,0.0000,1377.0000,133.0000,0.0000,1377.0000,9.2000,-0.4089,2.8513,この先制限速度なし,10m先に上り勾配11.4‰あり,1.0000,0.0000,0.0000,2.0000,1,1377.0000,133.0000,1.0000,25.0000,30.0000,300.0000,0.0000,106.5000,前方 724.2m 先を 39.3km/h で走行中,0.0000,120.0000,136.0000,0.0000,0.0000,未発車,後続列車なし,,,
anti_mid_stop__wait_for_forward__hw120_v50_b60_c60,219.0000,1,23.2900,駅停車中（発車判断）,ブレーキ（減速）中,46.6000,惰行,0.6000,0.0000,70.0000,69.9979,56.5588,69.9116,0.0000,0.0000,1377.0000,121.0000,0.0000,1377.0000,9.2000,-0.4089,2.8513,この先制限速度なし,10m先に上り勾配11.4‰あり,1.0000,0.0000,0.0000,9.0000,1,1377.0000,121.0000,1.0000,37.0000,30.0000,300.0000,7.0000,104.5000,前方 844.3m 先を 32.8km/h で走行中,0.0000,120.0000,124.0000,0.0000,0.0000,未発車,後続列車なし,,,
anti_mid_stop__wait_for_forward__hw120_v50_b60_c60,231.0000,1,23.2900,駅停車中（発車判断）,ブレーキ（減速）中,58.6000,惰行,0.6000,0.0000,70.0000,69.9979,70.0000,70.0000,0.0000,0.0000,1377.0000,109.0000,0.0000,1377.0000,9.2000,-0.4089,2.8513,この先制限速度なし,10m先に上り勾配11.4‰あり,1.0000,0.0000,0.0000,21.0000,1,1377.0000,109.0000,1.0000,49.0000,30.0000,300.0000,19.0000,102.0000,前方 942.9m 先を 26.4km/h で走行中,0.0000,120.0000,112.0000,0.0000,0.0000,未発車,後続列車なし,,,
anti_mid_stop__wait_for_forward__hw120_v50_b60_c60,243.0000,1,23.2900,駅停車中（発車判断）,力行（加速）中,70.6000,惰行,0.6000,0.0000,70.0000,69.9979,70.0000,70.0000,0.0000,0.0000,1377.0000,97.0000,0.0000,1377.0000,9.2000,-0.4089,2.8513,この先制限速度なし,10m先に上り勾配11.4‰あり,1.0000,0.0000,0.0000,33.0000,1,1377.0000,97.0000,1.0000,61.0000,30.0000,300.0000,31.0000,102.0000,前方 1020.9m 先を 21.1km/h で走行中,0.0000,120.0000,100.0000,0.0000,0.0000,未発車,後続列車なし,,,
anti_mid_stop__on_time__hw120_v50_b45_c120,1.0000,0,21.1124,駅出発直後の加速フェーズ（20秒以内）,力行（加速）中,30.0000,なし（または停止）,0.0000,3.1655,70.0000,69.9979,64.8030,64.8030,1.9871,1.1784,2177.5520,179.0000,0.4738,2177.0783,-2.1000,-0.0130,3.0809,この先制限速度なし,387m先に下り勾配6.7‰あり,0.0000,0.0000,0.0000,0.3625,2,3554.5520,339.0000,0.0000,0.0000,30.0000,300.0000,0.0000,0.0000,前方 1483.0m 先を 46.7km/h で走行中,0.0000,120.0000,106.0000,0.0000,0.0000,未発車,後続列車なし,,,
anti_mid_stop__on_time__hw120_v50_b45_c120,168.7000,0,23.2198,次駅への減速フェーズ（駅手前400m以内）,力行（加速）中,0.1000,惰行,0.7000,31.9943,70.0000,69.9979,33.6344,33.6344,26.6174,5.3769,70.1798,11.3000,48.3649,21.8149,9.2000,-0.4566,1.1229,この先制限速度なし,この先目立った勾配なし,1.0000,30.6283,0.0000,3.0423,2,1447.1798,171.3000,0.0000,0.0000,30.0000,300.0000,0.0000,0.0000,前方 500.0m 先を 48.5km/h で走行中,0.0000,120.0000,0.0000,0.0000,0.0000,発車済み,後続列車なし,,,
anti_mid_stop__on_time__hw120_v50_b45_c120,271.0000,1,23.8896,巡航フェーズ（駅間走行中）,力行（加速）中,59.0000,ブレーキ（減速）,30.0000,52.5999,70.0000,69.9979,54.4085,55.9844,52.5998,0.0001,777.3968,69.0000,149.9841,627.4127,11.4000,-0.5886,0.3160,この先制限速度なし,410m先に下り勾配2.3‰あり,1.0000,30.5489,0.0000,2.0000,1,777.3968,69.0000,0.0000,0.0000,30.0000,300.0000,0.0000,0.0000,前方 659.6m 先を 18.9km/h で走行中,0.0000,120.0000,57.0000,0.0000,0.0000,未発車,後続列車なし,,,
anti_mid_stop__on_time__hw120_v50_b45_c120,344.2000,1,24.5968,次駅への減速フェーズ（駅手前400m以内）,ブレーキ（減速）中,1.3000,力行（加速）,0.1000,0,70.0000,1.9739,70.0000,8.7701,35.8235,-35.8235,70.2168,0.0000,0.0000,70.2168,-2.3000,-0.0032,3.2570,この先制限速度なし,この先目立った勾配なし,0.0000,0.0000,4.2000,18.3917,1,70.2168,-4.2000,0.0000,0.0000,30.0000,300.0000,0.0000,0.0000,前方 70.2m 先に停車中,0.0000,120.0000,15.0000,16.2000,46.2000,未発車,後続列車なし,,,
anti_mid_stop__on_time__hw120_v50_b45_c120,363.4000,1,24.5968,次駅への減速フェーズ（駅手前400m以内）,ブレーキ（減速）中,20.5000,力行（加速）,0.1000,0,70.0000,1.9739,70.0000,8.7701,35.8235,-35.8235,70.2168,0.0000,0.0000,70.2168,-2.3000,-0.0032,3.2570,この先制限速度なし,この先目立った勾配なし,0.0000,0.0000,23.4000,37.5917,1,70.2168,-23.4000,0.0000,0.0000,30.0000,300.0000,0.0000,0.0000,前方 70.2m 先に停車中,0.0000,120.0000,15.0000,35.4000,65.4000,未発車,後続列車なし,,,
anti_mid_stop__on_time__hw120_v50_b45_c120,382.6000,1,24.5968,次駅への減速フェーズ（駅手前400m以内）,ブレーキ（減速）中,39.7000,力行（加速）,0.1000,0,70.0000,1.9739,70.0000,8.7701,35.8235,-35.8235,70.2168,0.0000,0.0000,70.2168,-2.3000,-0.0032,3.2570,この先制限速度なし,この先目立った勾配なし,0.0000,0.0000,42.6000,56.7917,1,70.2168,-42.6000,0.0000,0.0000,30.0000,300.0000,0.0000,0.0000,前方 70.2m 先に停車中,0.0000,120.0000,15.0000,54.6000,84.6000,未発車,後続列車なし,,,
anti_mid_stop__on_time__hw120_v50_b45_c120,401.8000,1,24.5968,次駅への減速フェーズ（駅手前400m以内）,ブレーキ（減速）中,58.9000,力行（加速）,0.1000,0,70.0000,1.9739,70.0000,8.7701,35.8235,-35.8235,70.2168,0.0000,0.0000,70.2168,-2.3000,-0.0032,3.2570,この先制限速度なし,この先目立った勾配なし,0.0000,0.0000,61.8000,75.9917,1,70.2168,-61.8000,0.0000,0.0000,30.0000,300.0000,0.0000,0.0000,前方 70.2m 先に停車中,0.0000,120.0000,15.0000,73.8000,103.8000,未発車,後続列車なし,,,
anti_mid_stop__on_time__hw120_v50_b45_c120,421.0000,1,24.5993,次駅への減速フェーズ（駅手前400m以内）,力行（加速）中,0.1000,力行（加速）,0.3000,5.4326,70.0000,7.5302,70.0000,70.0000,35.1726,-29.7400,67.7098,0.0000,1.6279,66.0819,-2.3000,-0.0081,2.9667,この先制限速度なし,この先目立った勾配なし,1.0000,5.0718,81.0000,94.9374,1,67.7098,-81.0000,0.0000,0.0000,30.0000,300.0000,0.0000,0.0000,前方 73.1m 先を 10.6km/h で走行中,0.0000,120.0000,0.0000,0.0000,0.0000,発車済み,後続列車なし,,,
anti_mid_stop__on_time__hw120_v50_b45_c120,440.2000,1,24.6670,次駅への減速フェーズ（駅手前400m以内）,ブレーキ（減速）中,8.1000,力行（加速）,0.3000,0.8454,70.0000,40.9109,0.0000,0.0000,0.5688,0.2766,-0.0244,0.0000,0.0385,-0.0629,-2.3000,-0.0039,3.2119,この先制限速度なし,この先目立った勾配なし,1.0000,0.8454,100.2000,100.4400,1,-0.0244,-100.2000,0.0000,0.0000,30.0000,300.0000,0.0000,0.0000,前方 161.4m 先を 42.2km/h で走行中,0.0000,120.0000,0.0000,0.0000,0.0000,発車済み,後続列車なし,,,
anti_mid_stop__on_time__hw120_v50_b45_c120,183.0000,1,23.2900,駅停車中（発車判断）,ブレーキ（減速）中,10.6000,惰行,0.6000,0.0000,70.0000,69.9979,50.7910,67.9954,0.0000,0.0000,1377.0000,157.0000,0.0000,1377.0000,9.2000,-0.4089,2.8513,この先制限速度なし,10m先に上り勾配11.4‰あり,1.0000,0.0000,0.0000,2.0000,1,1377.0000,157.0000,1.0000,1.0000,30.0000,300.0000,0.0000,109.0000,前方 619.6m 先を 44.3km/h で走行中,0.0000,120.0000,145.0000,0.0000,0.0000,未発車,後続列車なし,,,
anti_mid_stop__on_time__hw120_v50_b45_c120,198.0000,1,23.2900,駅停車中（発車判断）,ブレーキ（減速）中,25.6000,惰行,0.6000,0.0000,70.0000,69.9979,52.2992,69.2083,0.0000,0.0000,1377.0000,142.0000,0.0000,1377.0000,9.2000,-0.4089,2.8513,この先制限速度なし,10m先に上り勾配11.4‰あり,1.0000,0.0000,0.0000,2.0000,1,1377.0000,142.0000,1.0000,16.0000,30.0000,300.0000,0.0000,107.5000,前方 786.9m 先を 36.0km/h で走行中,0.0000,120.0000,130.0000,0.0000,0.0000,未発車,後続列車なし,,,
anti_mid_stop__wait_for_forward__hw120_v50_b45_c120,1.0000,0,21.1124,駅出発直後の加速フェーズ（20秒以内）,力行（加速）中,30.0000,なし（または停止）,0.0000,3.1655,70.0000,69.9979,64.8030,64.8030,1.9871,1.1784,2177.5520,179.0000,0.4738,2177.0783,-2.1000,-0.0130,3.0809,この先制限速度なし,387m先に下り勾配6.7‰あり,0.0000,0.0000,0.0000,0.3625,2,3554.5520,339.0000,0.0000,0.0000,30.0000,300.0000,0.0000,0.0000,前方 1483.0m 先を 46.7km/h で走行中,0.0000,120.0000,106.0000,0.0000,0.0000,未発車,後続列車なし,,,
anti_mid_stop__wait_for_forward__hw120_v50_b45_c120,168.2000,0,23.2154,次駅への減速フェーズ（駅手前400m以内）,惰行中,0.3000,力行（加速）,0.1000,31.9053,70.0000,69.9979,34.0700,34.0700,26.8829,5.0225,74.6042,11.8000,48.0979,26.5064,9.2000,-0.4564,1.1277,この先制限速度なし,この先目立った勾配なし,1.0000,30.0867,0.0000,3.1380,2,1451.6042,171.8000,0.0000,0.0000,30.0000,300.0000,0.0000,0.0000,前方 497.7m 先を 48.3km/h で走行中,0.0000,120.0000,0.0000,0.0000,0.0000,発車済み,後続列車なし,,,
anti_mid_stop__wait_for_forward__hw120_v50_b45_c120,277.0000,1,23.7481,巡航フェーズ（駅間走行中）,力行（加速）中,49.0000,ブレーキ（減速）,30.0000,49.1983,70.0000,69.9979,70.0000,70.0000,49.1982,0.0001,918.8711,63.0000,131.4920,787.3791,11.4000,-0.6066,0.3460,この先制限速度なし,この先目立った勾配なし,1.0000,12.8185,0.0000,17.9996,1,918.8711,63.0000,0.0000,0.0000,30.0000,300.0000,0.0000,0.0000,前方 832.5m 先を 18.8km/h で走行中,0.0000,120.0000,51.0000,0.0000,0.0000,未発車,後続列車なし,,,
anti_mid_stop__wait_for_forward__hw120_v50_b45_c120,347.0000,1,24.6029,次駅への減速フェーズ（駅手前400m以内）,ブレーキ（減速）中,27.9000,力行（加速）,2.0000,0,70.0000,0.0000,70.0000,8.0289,34.2252,-34.2252,64.1393,0.0000,0.0000,64.1393,-2.3000,-0.0032,3.2570,この先制限速度なし,この先目立った勾配なし,0.0000,0.0000,7.0000,20.5666,1,64.1393,-7.0000,0.0000,0.0000,30.0000,300.0000,0.0000,0.0000,前方 64.1m 先に停車中,0.0000,120.0000,15.0000,19.0000,49.0000,未発車,後続列車なし,,,
anti_mid_stop__wait_for_forward__hw120_v50_b45_c120,365.7000,1,24.6029,次駅への減速フェーズ（駅手前400m以内）,ブレーキ（減速）中,46.6000,力行（加速）,2.0000,0,70.0000,0.0000,70.0000,8.0289,34.2252,-34.2252,64.1393,0.0000,0.0000,64.1393,-2.3000,-0.0032,3.2570,この先制限速度なし,この先目立った勾配なし,0.0000,0.0000,25.7000,39.2666,1,64.1393,-25.7000,0.0000,0.0000,30.0000,300.0000,0.0000,0.0000,前方 64.1m 先に停車中,0.0000,120.0000,15.0000,37.7000,67.7000,未発車,後続列車なし,,,
anti_mid_stop__wait_for_forward__hw120_v50_b45_c120,384.4000,1,24.6029,次駅への減速フェーズ（駅手前400m以内）,ブレーキ（減速）中,65.3000,力行（加速）,2.0000,0,70.0000,0.0000,70.0000,8.0289,34.2252,-34.2252,64.1393,0.0000,0.0000,64.1393,-2.3000,-0.0032,3.2570,この先制限速度なし,この先目立った勾配なし,0.0000,0.0000,44.4000,57.9666,1,64.1393,-44.4000,0.0000,0.0000,30.0000,300.0000,0.0000,0.0000,前方 64.1m 先に停車中,0.0000,120.0000,15.0000,56.4000,86.4000,未発車,後続列車なし,,,
anti_mid_stop__wait_for_forward__hw120_v50_b45_c120,403.1000,1,24.6029,次駅への減速フェーズ（駅手前400m以内）,ブレーキ（減速）中,84.0000,力行（加速）,2.0000,0,70.0000,0.0000,70.0000,8.0289,34.2252,-34.2252,64.1393,0.0000,0.0000,64.1393,-2.3000,-0.0032,3.2570,この先制限速度なし,この先目立った勾配なし,0.0000,0.0000,63.1000,76.6666,1,64.1393,-63.1000,0.0000,0.0000,30.0000,300.0000,0.0000,0.0000,前方 64.1m 先に停車中,0.0000,120.0000,15.0000,75.1000,105.1000,未発車,後続列車なし,,,
anti_mid_stop__wait_for_forward__hw120_v50_b45_c120,421.8000,1,24.6030,次駅への減速フェーズ（駅手前400m以内）,力行（加速）中,0.5000,ブレーキ（減速）,102.2000,1.9237,70.0000,6.0904,70.0000,70.0000,34.1812,-32.2574,63.9754,0.0000,0.2026,63.7729,-2.3000,-0.0048,3.1543,この先制限速度なし,この先目立った勾配なし,1.0000,1.2748,81.8000,95.3494,1,63.9754,-81.8000,0.0000,0.0000,30.0000,300.0000,0.0000,0.0000,前方 72.1m 先を 12.7km/h で走行中,0.0000,120.0000,0.0000,0.0000,0.0000,発車済み,後続列車なし,,,
anti_mid_stop__wait_for_forward__hw120_v50_b45_c120,440.5000,1,24.6679,駅停車完了（速度0km/h）,ブレーキ（減速）中,8.3000,力行（加速）,0.2000,0.4592,70.0000,41.5091,0.0000,0.0000,0.5688,-0.1096,-0.9100,0.0000,0.0111,-0.9210,-2.3000,-0.0035,3.2325,この先制限速度なし,この先目立った勾配なし,1.0000,0.4592,100.5000,100.7400,1,-0.9100,-100.5000,0.0000,0.0000,30.0000,300.0000,0.0000,0.0000,前方 164.1m 先を 42.5km/h で走行中,0.0000,120.0000,0.0000,0.0000,0.0000,発車済み,後続列車なし,,,
anti_mid_stop__wait_for_forward__hw120_v50_b45_c120,183.0000,1,23.2900,駅停車中（発車判断）,ブレーキ（減速）中,10.6000,惰行,0.6000,0.0000,70.0000,69.9979,50.7910,67.9954,0.0000,0.0000,1377.0000,157.0000,0.0000,1377.0000,9.2000,-0.4089,2.8513,この先制限速度なし,10m先に上り勾配11.4‰あり,1.0000,0.0000,0.0000,2.0000,1,1377.0000,157.0000,1.0000,1.0000,30.0000,300.0000,0.0000,109.0000,前方 619.6m 先を 44.3km/h で走行中,0.0000,120.0000,145.0000,0.0000,0.0000,未発車,後続列車なし,,,
anti_mid_stop__wait_for_forward__hw120_v50_b45_c120,198.0000,1,23.2900,駅停車中（発車判断）,ブレーキ（減速）中,25.6000,惰行,0.6000,0.0000,70.0000,69.9979,52.2992,69.2083,0.0000,0.0000,1377.0000,142.0000,0.0000,1377.0000,9.2000,-0.4089,2.8513,この先制限速度なし,10m先に上り勾配11.4‰あり,1.0000,0.0000,0.0000,2.0000,1,1377.0000,142.0000,1.0000,16.0000,30.0000,300.0000,0.0000,107.5000,前方 786.9m 先を 36.0km/h で走行中,0.0000,120.0000,130.0000,0.0000,0.0000,未発車,後続列車なし,,,
anti_mid_stop__wait_for_forward__hw120_v50_b45_c120,213.0000,1,23.2900,駅停車中（発車判断）,ブレーキ（減速）中,40.6000,惰行,0.6000,0.0000,70.0000,69.9979,54.7089,70.0000,0.0000,0.0000,1377.0000,127.0000,0.0000,1377.0000,9.2000,-0.4089,2.8513,この先制限速度なし,10m先に上り勾配11.4‰あり,1.0000,0.0000,0.0000,3.0000,1,1377.0000,127.0000,1.0000,31.0000,30.0000,300.0000,1.0000,105.5000,前方 920.2m 先を 28.0km/h で走行中,0.0000,120.0000,115.0000,0.0000,0.0000,未発車,後続列車なし,,,
anti_mid_stop__wait_for_forward__hw120_v50_b45_c120,228.0000,1,23.2900,駅停車中（発車判断）,力行（加速）中,55.6000,惰行,0.6000,0.0000,70.0000,69.9979,70.0000,70.0000,0.0000,0.0000,1377.0000,112.0000,0.0000,1377.0000,9.2000,-0.4089,2.8513,この先制限速度なし,10m先に上り勾配11.4‰あり,1.0000,0.0000,0.0000,18.0000,1,1377.0000,112.0000,1.0000,46.0000,30.0000,300.0000,16.0000,102.0000,前方 1020.9m 先を 21.1km/h で走行中,0.0000,120.0000,100.0000,0.0000,0.0000,未発車,後続列車なし,,,
anti_mid_stop__on_time__hw90_v65_b30_c30,1.0000,0,21.1124,駅出発直後の加速フェーズ（20秒以内）,力行（加速）中,30.0000,なし（または停止）,0.0000,3.1655,70.0000,69.9979,64.8030,64.8030,1.9871,1.1784,2177.5520,179.0000,0.4738,2177.0783,-2.1000,-0.0130,3.0809,この先制限速度なし,387m先に下り勾配6.7‰あり,0.0000,0.0000,0.0000,0.3625,2,3554.5520,339.0000,0.0000,0.0000,30.0000,300.0000,0.0000,0.0000,前方 1259.5m 先を 54.5km/h で走行中,30.0000,90.0000,135.0000,0.0000,0.0000,未発車,後続列車なし,,,
anti_mid_stop__on_time__hw90_v65_b30_c30,76.0000,0,22.1047,巡航フェーズ（駅間走行中）,惰行中,29.0000,力行（加速）,46.0000,56.1820,70.0000,69.9979,58.7290,58.7290,59.9889,-3.8069,1185.2970,104.0000,147.3959,1037.9011,0.0000,-0.1978,0.6563,この先制限速度なし,195m先に上り勾配12.5‰あり,1.0000,13.6279,0.0000,1.6648,2,2562.2970,264.0000,0.0000,0.0000,30.0000,300.0000,0.0000,0.0000,前方 1114.9m 先を 26.4km/h で走行中,30.0000,90.0000,60.0000,0.0000,0.0000,未発車,後続列車なし,,,
anti_mid_stop__on_time__hw90_v65_b30_c30,151.0000,0,23.0521,次駅への減速フェーズ（駅手前400m以内）,惰行中,1.0000,力行（加速）,1.0000,35.9615,70.0000,69.9979,37.4428,37.4428,34.9299,1.0316,237.9238,29.0000,61.0047,176.9191,6.1000,-0.3562,1.0148,この先制限速度なし,47m先に上り勾配9.2‰あり,1.0000,25.3729,0.0000,4.8551,2,1614.9238,189.0000,0.0000,0.0000,30.0000,300.0000,0.0000,0.0000,前方 462.4m 先を 41.6km/h で走行中,30.0000,90.0000,0.0000,0.0000,0.0000,発車済み,後続列車なし,,,
anti_mid_stop__on_time__hw90_v65_b30_c30,172.0000,0,23.2487,次駅への減速フェーズ（駅手前400m以内）,ブレーキ（減速）中,0.5000,惰行,0.6000,29.6275,70.0000,69.9979,70.0000,70.0000,24.8234,4.8042,41.2945,8.0000,41.5109,-0.2165,9.2000,-0.4515,1.2523,この先制限速度なし,この先目立った勾配なし,1.0000,29.6275,0.0000,2.2987,2,1418.2945,168.0000,0.0000,0.0000,30.0000,300.0000,0.0000,0.0000,前方 534.9m 先を 50.1km/h で走行中,30.0000,90.0000,0.0000,0.0000,0.0000,発車済み,後続列車なし,,,
anti_mid_stop__on_time__hw90_v65_b30_c30,179.5000,0,23.2874,次駅への減速フェーズ（駅手前400m以内）,ブレーキ（減速）中,8.0000,惰行,0.6000,7.6369,70.0000,69.9979,70.0000,70.0000,7.3281,0.3088,2.5538,0.5000,2.7696,-0.2158,9.2000,-0.4162,2.4428,この先制限速度なし,この先目立った勾配なし,1.0000,7.6369,0.0000,2.0308,2,1379.5538,160.5000,0.0000,0.0000,30.0000,300.0000,0.0000,0.0000,前方 603.2m 先を 52.6km/h で走行中,30.0000,90.0000,0.0000,0.0000,0.0000,発車済み,後続列車なし,,,
anti_mid_stop__on_time__hw90_v65_b30_c30,262.0000,1,23.7618,巡航フェーズ（駅間走行中）,力行（加速）中,50.0000,ブレーキ（減速）,30.0000,49.5414,70.0000,69.9979,54.4113,54.4113,49.5415,-0.0000,905.1566,78.0000,133.3045,771.8521,11.4000,-0.6076,0.3402,この先制限速度なし,この先目立った勾配なし,1.0000,15.2714,0.0000,2.0003,1,905.1566,78.0000,0.0000,0.0000,30.0000,300.0000,0.0000,0.0000,前方 905.2m 先に停車中,30.0000,90.0000,23.0000,0.0000,22.0000,未発車,後続列車なし,,,
anti_mid_stop__on_time__hw90_v65_b30_c30,327.1000,1,24.5863,次駅への減速フェーズ（駅手前400m以内）,ブレーキ（減速）中,2.0000,惰行,13.0000,39.0649,70.0000,69.9979,70.0000,70.0000,38.4195,0.6453,80.6587,12.9000,83.3817,-2.7229,-2.3000,-0.0674,1.1406,この先制限速度なし,この先目立った勾配なし,1.0000,39.0649,0.0000,2.3049,1,80.6587,12.9000,0.0000,0.0000,30.0000,300.0000,0.0000,0.0000,前方 787.4m 先を 65.7km/h で走行中,30.0000,90.0000,0.0000,0.0000,0.0000,発車済み,後続列車なし,,,
anti_mid_stop__on_time__hw90_v65_b30_c30,334.6000,1,24.6478,次駅への減速フェーズ（駅手前400m以内）,ブレーキ（減速）中,9.5000,惰行,13.0000,19.9684,70.0000,69.9979,70.0000,70.0000,18.6941,1.2743,19.2441,5.4000,21.9657,-2.7216,-2.3000,-0.0277,2.1835,この先制限速度なし,この先目立った勾配なし,1.0000,19.9684,0.0000,2.0519,1,19.2441,5.4000,0.0000,0.0000,30.0000,300.0000,0.0000,0.0000,前方 863.8m 先を 66.7km/h で走行中,30.0000,90.0000,0.0000,0.0000,0.0000,発車済み,後続列車なし,,,
anti_mid_stop__on_time__hw90_v65_b30_c30,342.1000,1,24.6697,次駅への減速フェーズ（駅手前400m以内）,ブレーキ（減速）中,17.0000,惰行,13.0000,1.1090,70.0000,69.9979,0.0000,0.0000,0.5688,0.5402,-2.6546,0.0000,0.0667,-2.7213,-2.3000,-0.0041,3.1978,この先制限速度なし,この先目立った勾配なし,1.0000,1.1090,2.1000,2.3400,1,-2.6546,-2.1000,0.0000,0.0000,30.0000,300.0000,0.0000,0.0000,前方 982.5m 先を 68.2km/h で走行中,30.0000,90.0000,0.0000,0.0000,0.0000,発車済み,後続列車なし,,,
anti_mid_stop__on_time__hw90_v65_b30_c30,183.0000,1,23.2900,駅停車中（発車判断）,ブレーキ（減速）中,10.6000,惰行,0.6000,0.0000,70.0000,69.9979,50.7910,50.7910,0.0000,0.0000,1377.0000,157.0000,0.0000,1377.0000,9.2000,-0.4089,2.8513,この先制限速度なし,10m先に上り勾配11.4‰あり,1.0000,0.0000,0.0000,2.0000,1,1377.0000,157.0000,1.0000,1.0000,30.0000,300.0000,0.0000,109.0000,前方 652.3m 先を 53.7km/h で走行中,30.0000,90.0000,102.0000,0.0000,0.0000,未発車,後続列車なし,,,
anti_mid_stop__on_time__hw90_v65_b30_c30,198.0000,1,23.2900,駅停車中（発車判断）,ブレーキ（減速）中,25.6000,惰行,0.6000,0.0000,70.0000,69.9979,52.2992,52.2992,0.0000,0.0000,1377.0000,142.0000,0.0000,1377.0000,9.2000,-0.4089,2.8513,この先制限速度なし,10m先に上り勾配11.4‰あり,1.0000,0.0000,0.0000,2.0000,1,1377.0000,142.0000,1.0000,16.0000,30.0000,300.0000,0.0000,107.5000,前方 884.6m 先を 57.6km/h で走行中,30.0000,90.0000,87.0000,0.0000,0.0000,未発車,後続列車なし,,,
anti_mid_stop__wait_for_forward__hw90_v65_b30_c30,1.0000,0,21.1124,駅出発直後の加速フェーズ（20秒以内）,力行（加速）中,30.0000,なし（または停止）,0.0000,3.1655,70.0000,69.9979,64.8030,64.8030,1.9871,1.1784,2177.5520,179.0000,0.4738,2177.0783,-2.1000,-0.0130,3.0809,この先制限速度なし,387m先に下り勾配6.7‰あり,0.0000,0.0000,0.0000,0.3625,2,3554.5520,339.0000,0.0000,0.0000,30.0000,300.0000,0.0000,0.0000,前方 1259.5m 先を 54.5km/h で走行中,30.0000,90.0000,135.0000,0.0000,0.0000,未発車,後続列車なし,,,
anti_mid_stop__wait_for_forward__hw90_v65_b30_c30,76.0000,0,22.1047,巡航フェーズ（駅間走行中）,惰行中,29.0000,力行（加速）,46.0000,56.1820,70.0000,69.9979,58.7290,58.7290,59.9889,-3.8069,1185.2970,104.0000,147.3959,1037.9011,0.0000,-0.1978,0.6563,この先制限速度なし,195m先に上り勾配12.5‰あり,1.0000,13.6279,0.0000,1.6648,2,2562.2970,264.0000,0.0000,0.0000,30.0000,300.0000,0.0000,0.0000,前方 1114.9m 先を 26.4km/h で走行中,30.0000,90.0000,60.0000,0.0000,0.0000,未発車,後続列車なし,,,
anti_mid_stop__wait_for_forward__hw90_v65_b30_c30,151.0000,0,23.0521,次駅への減速フェーズ（駅手前400m以内）,惰行中,1.0000,力行（加速）,1.0000,35.9615,70.0000,69.9979,37.4428,37.4428,34.9299,1.0316,237.9238,29.0000,61.0047,176.9191,6.1000,-0.3562,1.0148,この先制限速度なし,47m先に上り勾配9.2‰あり,1.0000,25.3729,0.0000,4.8551,2,1614.9238,189.0000,0.0000,0.0000,30.0000,300.0000,0.0000,0.0000,前方 462.4m 先を 41.6km/h で走行中,30.0000,90.0000,0.0000,0.0000,0.0000,発車済み,後続列車なし,,,
anti_mid_stop__wait_for_forward__hw90_v65_b30_c30,172.0000,0,23.2487,次駅への減速フェーズ（駅手前400m以内）,ブレーキ（減速）中,0.5000,惰行,0.6000,29.6275,70.0000,69.9979,70.0000,70.0000,24.8234,4.8042,41.2945,8.0000,41.5109,-0.2165,9.2000,-0.4515,1.2523,この先制限速度なし,この先目立った勾配なし,1.0000,29.6275,0.0000,2.2987,2,1418.2945,168.0000,0.0000,0.0000,30.0000,300.0000,0.0000,0.0000,前方 534.9m 先を 50.1km/h で走行中,30.0000,90.0000,0.0000,0.0000,0.0000,発車済み,後続列車なし,,,
anti_mid_stop__wait_for_forward__hw90_v65_b30_c30,179.5000,0,23.2874,次駅への減速フェーズ（駅手前400m以内）,ブレーキ（減速）中,8.0000,惰行,0.6000,7.6369,70.0000,69.9979,70.0000,70.0000,7.3281,0.3088,2.5538,0.5000,2.7696,-0.2158,9.2000,-0.4162,2.4428,この先制限速度なし,この先目立った勾配なし,1.0000,7.6369,0.0000,2.0308,2,1379.5538,160.5000,0.0000,0.0000,30.0000,300.0000,0.0000,0.0000,前方 603.2m 先を 52.6km/h で走行中,30.0000,90.0000,0.0000,0.0000,0.0000,発車済み,後続列車なし,,,
anti_mid_stop__wait_for_forward__hw90_v65_b30_c30,262.0000,1,23.7618,巡航フェーズ（駅間走行中）,力行（加速）中,50.0000,ブレーキ（減速）,30.0000,49.5414,70.0000,69.9979,54.4113,54.4113,49.5415,-0.0000,905.1566,78.0000,133.3045,771.8521,11.4000,-0.6076,0.3402,この先制限速度なし,この先目立った勾配なし,1.0000,15.2714,0.0000,2.0003,1,905.1566,78.0000,0.0000,0.0000,30.0000,300.0000,0.0000,0.0000,前方 905.2m 先に停車中,30.0000,90.0000,23.0000,0.0000,22.0000,未発車,後続列車なし,,,
anti_mid_stop__wait_for_forward__hw90_v65_b30_c30,327.1000,1,24.5863,次駅への減速フェーズ（駅手前400m以内）,ブレーキ（減速）中,2.0000,惰行,13.0000,39.0649,70.0000,69.9979,70.0000,70.0000,38.4195,0.6453,80.6587,12.9000,83.3817,-2.7229,-2.3000,-0.0674,1.1406,この先制限速度なし,この先目立った勾配なし,1.0000,39.0649,0.0000,2.3049,1,80.6587,12.9000,0.0000,0.0000,30.0000,300.0000,0.0000,0.0000,前方 787.4m 先を 65.7km/h で走行中,30.0000,90.0000,0.0000,0.0000,0.0000,発車済み,後続列車なし,,,
anti_mid_stop__wait_for_forward__hw90_v65_b30_c30,334.6000,1,24.6478,次駅への減速フェーズ（駅手前400m以内）,ブレーキ（減速）中,9.5000,惰行,13.0000,19.9684,70.0000,69.9979,70.0000,70.0000,18.6941,1.2743,19.2441,5.4000,21.9657,-2.7216,-2.3000,-0.0277,2.1835,この先制限速度なし,この先目立った勾配なし,1.0000,19.9684,0.0000,2.0519,1,19.2441,5.4000,0.0000,0.0000,30.0000,300.0000,0.0000,0.0000,前方 863.8m 先を 66.7km/h で走行中,30.0000,90.0000,0.0000,0.0000,0.0000,発車済み,後続列車なし,,,
anti_mid_stop__wait_for_forward__hw90_v65_b30_c30,342.1000,1,24.6697,次駅への減速フェーズ（駅手前400m以内）,ブレーキ（減速）中,17.0000,惰行,13.0000,1.1090,70.0000,69.9979,0.0000,0.0000,0.5688,0.5402,-2.6546,0.0000,0.0667,-2.7213,-2.3000,-0.0041,3.1978,この先制限速度なし,この先目立った勾配なし,1.0000,1.1090,2.1000,2.3400,1,-2.6546,-2.1000,0.0000,0.0000,30.0000,300.0000,0.0000,0.0000,前方 982.5m 先を 68.2km/h で走行中,30.0000,90.0000,0.0000,0.0000,0.0000,発車済み,後続列車なし,,,
anti_mid_stop__wait_for_forward__hw90_v65_b30_c30,183.0000,1,23.2900,駅停車中（発車判断）,ブレーキ（減速）中,10.6000,惰行,0.6000,0.0000,70.0000,69.9979,50.7910,50.7910,0.0000,0.0000,1377.0000,157.0000,0.0000,1377.0000,9.2000,-0.4089,2.8513,この先制限速度なし,10m先に上り勾配11.4‰あり,1.0000,0.0000,0.0000,2.0000,1,1377.0000,157.0000,1.0000,1.0000,30.0000,300.0000,0.0000,109.0000,前方 652.3m 先を 53.7km/h で走行中,30.0000,90.0000,102.0000,0.0000,0.0000,未発車,後続列車なし,,,
anti_mid_stop__wait_for_forward__hw90_v65_b30_c30,198.0000,1,23.2900,駅停車中（発車判断）,ブレーキ（減速）中,25.6000,惰行,0.6000,0.0000,70.0000,69.9979,52.2992,52.2992,0.0000,0.0000,1377.0000,142.0000,0.0000,1377.0000,9.2000,-0.4089,2.8513,この先制限速度なし,10m先に上り勾配11.4‰あり,1.0000,0.0000,0.0000,2.0000,1,1377.0000,142.0000,1.0000,16.0000,30.0000,300.0000,0.0000,107.5000,前方 884.6m 先を 57.6km/h で走行中,30.0000,90.0000,87.0000,0.0000,0.0000,未発車,後続列車なし,,,
anti_mid_stop__on_time__hw90_v65_b30_c120,1.0000,0,21.1124,駅出発直後の加速フェーズ（20秒以内）,力行（加速）中,30.0000,なし（または停止）,0.0000,3.1655,70.0000,69.9979,64.8030,64.8030,1.9871,1.1784,2177.5520,179.0000,0.4738,2177.0783,-2.1000,-0.0130,3.0809,この先制限速度なし,387m先に下り勾配6.7‰あり,0.0000,0.0000,0.0000,0.3625,2,3554.5520,339.0000,0.0000,0.0000,30.0000,300.0000,0.0000,0.0000,前方 1259.5m 先を 54.5km/h で走行中,30.0000,90.0000,135.0000,0.0000,0.0000,未発車,後続列車なし,,,
anti_mid_stop__on_time__hw90_v65_b30_c120,124.0000,0,22.7589,巡航フェーズ（駅間走行中）,惰行中,8.0000,力行（加速）,1.0000,43.2485,70.0000,69.9979,44.8764,44.8764,44.6440,-1.3955,531.1409,56.0000,87.9429,443.1980,6.1000,-0.3746,0.6619,この先制限速度なし,341m先に上り勾配9.2‰あり,1.0000,20.9226,0.0000,4.4224,2,1908.1409,216.0000,0.0000,0.0000,30.0000,300.0000,0.0000,0.0000,前方 535.9m 先を 9.3km/h で走行中,30.0000,90.0000,0.0000,0.0000,0.0000,発車済み,後続列車なし,,,
anti_mid_stop__on_time__hw90_v65_b30_c120,174.1000,0,23.2642,次駅への減速フェーズ（駅手前400m以内）,ブレーキ（減速）中,2.6000,惰行,0.6000,23.4423,70.0000,69.9979,70.0000,70.0000,23.3535,0.0888,25.8256,5.9000,26.0418,-0.2162,9.2000,-0.4394,1.5892,この先制限速度なし,この先目立った勾配なし,1.0000,23.4423,0.0000,2.1060,2,1402.8256,165.9000,0.0000,0.0000,30.0000,300.0000,0.0000,0.0000,前方 548.8m 先を 50.8km/h で走行中,30.0000,90.0000,0.0000,0.0000,0.0000,発車済み,後続列車なし,,,
anti_mid_stop__on_time__hw90_v65_b30_c120,256.0000,1,23.6810,巡航フェーズ（駅間走行中）,力行（加速）中,44.0000,ブレーキ（減速）,30.0000,47.3923,70.0000,69.9979,54.4172,54.4172,47.3922,0.0001,985.9682,84.0000,122.1481,863.8200,11.4000,-0.6013,0.3768,この先制限速度なし,この先目立った勾配なし,0.0000,0.0000,0.0000,1.9996,1,985.9682,84.0000,0.0000,0.0000,30.0000,300.0000,0.0000,0.0000,前方 986.0m 先に停車中,30.0000,90.0000,29.0000,0.0000,16.0000,未発車,後続列車なし,,,
anti_mid_stop__on_time__hw90_v65_b30_c120,333.1000,1,24.5916,次駅への減速フェーズ（駅手前400m以内）,ブレーキ（減速）中,6.0000,惰行,1.0000,10.6209,70.0000,9.8416,70.0000,9.4944,37.1247,-26.5038,75.3626,6.9000,6.2271,69.1354,-2.3000,-0.0140,2.6882,この先制限速度なし,この先目立った勾配なし,1.0000,10.2889,0.0000,7.8002,1,75.3626,6.9000,0.0000,0.0000,30.0000,300.0000,0.0000,0.0000,前方 75.4m 先に停車中,30.0000,90.0000,15.0000,63.1000,93.1000,未発車,後続列車なし,,,
anti_mid_stop__on_time__hw90_v65_b30_c120,345.4000,1,24.5979,次駅への減速フェーズ（駅手前400m以内）,ブレーキ（減速）中,18.3000,惰行,1.0000,0,70.0000,0.0000,70.0000,8.6395,35.5442,-35.5442,69.1355,0.0000,0.0000,69.1355,-2.3000,-0.0032,3.2570,この先制限速度なし,この先目立った勾配なし,0.0000,0.0000,5.4000,19.4827,1,69.1355,-5.4000,0.0000,0.0000,30.0000,300.0000,0.0000,0.0000,前方 69.1m 先に停車中,30.0000,90.0000,15.0000,75.4000,105.4000,未発車,後続列車なし,,,
anti_mid_stop__on_time__hw90_v65_b30_c120,357.7000,1,24.5979,次駅への減速フェーズ（駅手前400m以内）,ブレーキ（減速）中,30.6000,惰行,1.0000,0,70.0000,0.0000,70.0000,8.6395,35.5442,-35.5442,69.1355,0.0000,0.0000,69.1355,-2.3000,-0.0032,3.2570,この先制限速度なし,この先目立った勾配なし,0.0000,0.0000,17.7000,31.7827,1,69.1355,-17.7000,0.0000,0.0000,30.0000,300.0000,0.0000,0.0000,前方 69.1m 先に停車中,30.0000,90.0000,15.0000,87.7000,117.7000,未発車,後続列車なし,,,
anti_mid_stop__on_time__hw90_v65_b30_c120,370.0000,1,24.6214,次駅への減速フェーズ（駅手前400m以内）,力行（加速）中,0.2000,ブレーキ（減速）,0.1000,16.5300,70.0000,18.5126,70.0000,70.0000,28.8138,-12.2837,45.5681,0.0000,15.0675,30.5006,-2.3000,-0.0222,2.3696,この先制限速度なし,この先目立った勾配なし,1.0000,16.3753,30.0000,41.4450,1,45.5681,-30.0000,0.0000,0.0000,30.0000,300.0000,0.0000,0.0000,前方 88.9m 先を 26.5km/h で走行中,30.0000,90.0000,0.0000,0.0000,0.0000,発車済み,後続列車なし,,,
anti_mid_stop__on_time__hw90_v65_b30_c120,382.3000,1,24.6673,駅停車完了（速度0km/h）,ブレーキ（減速）中,8.3000,力行（加速）,0.2000,0.3151,70.0000,41.5112,0.0000,0.0000,0.5688,-0.2537,-0.3012,0.0000,0.0051,-0.3063,-2.3000,-0.0034,3.2402,この先制限速度なし,この先目立った勾配なし,1.0000,0.3151,42.3000,42.5400,1,-0.3012,-42.3000,0.0000,0.0000,30.0000,300.0000,0.0000,0.0000,前方 164.1m 先を 42.5km/h で走行中,30.0000,90.0000,0.0000,0.0000,0.0000,発車済み,後続列車なし,,,
anti_mid_stop__on_time__hw90_v65_b30_c120,183.0000,1,23.2900,駅停車中（発車判断）,ブレーキ（減速）中,10.6000,惰行,0.6000,0.0000,70.0000,69.9979,50.7910,50.7910,0.0000,0.0000,1377.0000,157.0000,0.0000,1377.0000,9.2000,-0.4089,2.8513,この先制限速度なし,10m先に上り勾配11.4‰あり,1.0000,0.0000,0.0000,2.0000,1,1377.0000,157.0000,1.0000,1.0000,30.0000,300.0000,0.0000,109.0000,前方 652.3m 先を 53.7km/h で走行中,30.0000,90.0000,102.0000,0.0000,0.0000,未発車,後続列車なし,,,
anti_mid_stop__on_time__hw90_v65_b30_c120,198.0000,1,23.2900,駅停車中（発車判断）,ブレーキ（減速）中,25.6000,惰行,0.6000,0.0000,70.0000,69.9979,52.2992,52.2992,0.0000,0.0000,1377.0000,142.0000,0.0000,1377.0000,9.2000,-0.4089,2.8513,この先制限速度なし,10m先に上り勾配11.4‰あり,1.0000,0.0000,0.0000,2.0000,1,1377.0000,142.0000,1.0000,16.0000,30.0000,300.0000,0.0000,107.5000,前方 884.6m 先を 57.6km/h で走行中,30.0000,90.0000,87.0000,0.0000,0.0000,未発車,後続列車なし,,,
anti_mid_stop__wait_for_forward__hw90_v65_b30_c120,1.0000,0,21.1124,駅出発直後の加速フェーズ（20秒以内）,力行（加速）中,30.0000,なし（または停止）,0.0000,3.1655,70.0000,69.9979,64.8030,64.8030,1.9871,1.1784,2177.5520,179.0000,0.4738,2177.0783,-2.1000,-0.0130,3.0809,この先制限速度なし,387m先に下り勾配6.7‰あり,0.0000,0.0000,0.0000,0.3625,2,3554.5520,339.0000,0.0000,0.0000,30.0000,300.0000,0.0000,0.0000,前方 1259.5m 先を 54.5km/h で走行中,30.0000,90.0000,135.0000,0.0000,0.0000,未発車,後続列車なし,,,
anti_mid_stop__wait_for_forward__hw90_v65_b30_c120,124.0000,0,22.7589,巡航フェーズ（駅間走行中）,惰行中,8.0000,力行（加速）,1.0000,43.2485,70.0000,69.9979,44.8764,44.8764,44.6440,-1.3955,531.1409,56.0000,87.9429,443.1980,6.1000,-0.3746,0.6619,この先制限速度なし,341m先に上り勾配9.2‰あり,1.0000,20.9226,0.0000,4.4224,2,1908.1409,216.0000,0.0000,0.0000,30.0000,300.0000,0.0000,0.0000,前方 535.9m 先を 9.3km/h で走行中,30.0000,90.0000,0.0000,0.0000,0.0000,発車済み,後続列車なし,,,
anti_mid_stop__wait_for_forward__hw90_v65_b30_c120,174.1000,0,23.2642,次駅への減速フェーズ（駅手前400m以内）,ブレーキ（減速）中,2.6000,惰行,0.6000,23.4423,70.0000,69.9979,70.0000,70.0000,23.3535,0.0888,25.8256,5.9000,26.0418,-0.2162,9.2000,-0.4394,1.5892,この先制限速度なし,この先目立った勾配なし,1.0000,23.4423,0.0000,2.1060,2,1402.8256,165.9000,0.0000,0.0000,30.0000,300.0000,0.0000,0.0000,前方 548.8m 先を 50.8km/h で走行中,30.0000,90.0000,0.0000,0.0000,0.0000,発車済み,後続列車なし,,,
anti_mid_stop__wait_for_forward__hw90_v65_b30_c120,256.0000,1,23.6810,巡航フェーズ（駅間走行中）,力行（加速）中,44.0000,ブレーキ（減速）,30.0000,47.3923,70.0000,69.9979,54.4172,54.4172,47.3922,0.0001,985.9682,84.0000,122.1481,863.8200,11.4000,-0.6013,0.3768,この先制限速度なし,この先目立った勾配なし,0.0000,0.0000,0.0000,1.9996,1,985.9682,84.0000,0.0000,0.0000,30.0000,300.0000,0.0000,0.0000,前方 986.0m 先に停車中,30.0000,90.0000,29.0000,0.0000,16.0000,未発車,後続列車なし,,,
anti_mid_stop__wait_for_forward__hw90_v65_b30_c120,333.1000,1,24.5916,次駅への減速フェーズ（駅手前400m以内）,ブレーキ（減速）中,6.0000,惰行,1.0000,10.6209,70.0000,9.8416,70.0000,9.4944,37.1247,-26.5038,75.3626,6.9000,6.2271,69.1354,-2.3000,-0.0140,2.6882,この先制限速度なし,この先目立った勾配なし,1.0000,10.2889,0.0000,7.8002,1,75.3626,6.9000,0.0000,0.0000,30.0000,300.0000,0.0000,0.0000,前方 75.4m 先に停車中,30.0000,90.0000,15.0000,63.1000,93.1000,未発車,後続列車なし,,,
anti_mid_stop__wait_for_forward__hw90_v65_b30_c120,345.4000,1,24.5979,次駅への減速フェーズ（駅手前400m以内）,ブレーキ（減速）中,18.3000,惰行,1.0000,0,70.0000,0.0000,70.0000,8.6395,35.5442,-35.5442,69.1355,0.0000,0.0000,69.1355,-2.3000,-0.0032,3.2570,この先制限速度なし,この先目立った勾配なし,0.0000,0.0000,5.4000,19.4827,1,69.1355,-5.4000,0.0000,0.0000,30.0000,300.0000,0.0000,0.0000,前方 69.1m 先に停車中,30.0000,90.0000,15.0000,75.4000,105.4000,未発車,後続列車なし,,,
anti_mid_stop__wait_for_forward__hw90_v65_b30_c120,357.7000,1,24.5979,次駅への減速フェーズ（駅手前400m以内）,ブレーキ（減速）中,30.6000,惰行,1.0000,0,70.0000,0.0000,70.0000,8.6395,35.5442,-35.5442,69.1355,0.0000,0.0000,69.1355,-2.3000,-0.0032,3.2570,この先制限速度なし,この先目立った勾配なし,0.0000,0.0000,17.7000,31.7827,1,69.1355,-17.7000,0.0000,0.0000,30.0000,300.0000,0.0000,0.0000,前方 69.1m 先に停車中,30.0000,90.0000,15.0000,87.7000,117.7000,未発車,後続列車なし,,,
anti_mid_stop__wait_for_forward__hw90_v65_b30_c120,370.0000,1,24.6214,次駅への減速フェーズ（駅手前400m以内）,力行（加速）中,0.2000,ブレーキ（減速）,0.1000,16.5300,70.0000,18.5126,70.0000,70.0000,28.8138,-12.2837,45.5681,0.0000,15.0675,30.5006,-2.3000,-0.0222,2.3696,この先制限速度なし,この先目立った勾配なし,1.0000,16.3753,30.0000,41.4450,1,45.5681,-30.0000,0.0000,0.0000,30.0000,300.0000,0.0000,0.0000,前方 88.9m 先を 26.5km/h で走行中,30.0000,90.0000,0.0000,0.0000,0.0000,発車済み,後続列車なし,,,
anti_mid_stop__wait_for_forward__hw90_v65_b30_c120,382.3000,1,24.6673,駅停車完了（速度0km/h）,ブレーキ（減速）中,8.3000,力行（加速）,0.2000,0.3151,70.0000,41.5112,0.0000,0.0000,0.5688,-0.2537,-0.3012,0.0000,0.0051,-0.3063,-2.3000,-0.0034,3.2402,この先制限速度なし,この先目立った勾配なし,1.0000,0.3151,42.3000,42.5400,1,-0.3012,-42.3000,0.0000,0.0000,30.0000,300.0000,0.0000,0.0000,前方 164.1m 先を 42.5km/h で走行中,30.0000,90.0000,0.0000,0.0000,0.0000,発車済み,後続列車なし,,,
anti_mid_stop__wait_for_forward__hw90_v65_b30_c120,183.0000,1,23.2900,駅停車中（発車判断）,ブレーキ（減速）中,10.6000,惰行,0.6000,0.0000,70.0000,69.9979,50.7910,50.7910,0.0000,0.0000,1377.0000,157.0000,0.0000,1377.0000,9.2000,-0.4089,2.8513,この先制限速度なし,10m先に上り勾配11.4‰あり,1.0000,0.0000,0.0000,2.0000,1,1377.0000,157.0000,1.0000,1.0000,30.0000,300.0000,0.0000,109.0000,前方 652.3m 先を 53.7km/h で走行中,30.0000,90.0000,102.0000,0.0000,0.0000,未発車,後続列車なし,,,
anti_mid_stop__wait_for_forward__hw90_v65_b30_c120,198.0000,1,23.2900,駅停車中（発車判断）,ブレーキ（減速）中,25.6000,惰行,0.6000,0.0000,70.0000,69.9979,52.2992,52.2992,0.0000,0.0000,1377.0000,142.0000,0.0000,1377.0000,9.2000,-0.4089,2.8513,この先制限速度なし,10m先に上り勾配11.4‰あり,1.0000,0.0000,0.0000,2.0000,1,1377.0000,142.0000,1.0000,16.0000,30.0000,300.0000,0.0000,107.5000,前方 884.6m 先を 57.6km/h で走行中,30.0000,90.0000,87.0000,0.0000,0.0000,未発車,後続列車なし,,,
anti_mid_stop__on_time__hw90_v65_b30_c180,1.0000,0,21.1124,駅出発直後の加速フェーズ（20秒以内）,力行（加速）中,30.0000,なし（または停止）,0.0000,3.1655,70.0000,69.9979,64.8030,64.8030,1.9871,1.1784,2177.5520,179.0000,0.4738,2177.0783,-2.1000,-0.0130,3.0809,この先制限速度なし,387m先に下り勾配6.7‰あり,0.0000,0.0000,0.0000,0.3625,2,3554.5520,339.0000,0.0000,0.0000,30.0000,300.0000,0.0000,0.0000,前方 1259.5m 先を 54.5km/h で走行中,30.0000,90.0000,135.0000,0.0000,0.0000,未発車,後続列車なし,,,
anti_mid_stop__on_time__hw90_v65_b30_c180,169.3000,0,23.2251,次駅への減速フェーズ（駅手前400m以内）,力行（加速）中,0.5000,力行（加速）,0.2000,31.8794,70.0000,69.9979,70.0000,70.0000,26.2958,5.5837,64.8682,10.7000,48.0203,16.8479,9.2000,-0.4563,1.1291,この先制限速度なし,この先目立った勾配なし,1.0000,30.7411,0.0000,2.9199,2,1441.8682,170.7000,0.0000,0.0000,30.0000,300.0000,0.0000,0.0000,前方 521.2m 先を 49.2km/h で走行中,30.0000,90.0000,0.0000,0.0000,0.0000,発車済み,後続列車なし,,,
anti_mid_stop__on_time__hw90_v65_b30_c180,283.0000,1,24.0510,巡航フェーズ（駅間走行中）,惰行中,5.0000,力行（加速）,1.0000,45.7671,70.0000,69.9979,48.6335,48.6335,52.2230,-6.4559,615.9568,57.0000,114.0236,501.9332,11.4000,-0.5685,0.4325,この先制限速度なし,248m先に下り勾配2.3‰あり,1.0000,30.6448,0.0000,3.1470,1,615.9568,57.0000,0.0000,0.0000,30.0000,300.0000,0.0000,0.0000,前方 616.0m 先に停車中,30.0000,90.0000,15.0000,13.0000,43.0000,未発車,後続列車なし,,,
anti_mid_stop__on_time__hw90_v65_b30_c180,343.3000,1,24.5979,次駅への減速フェーズ（駅手前400m以内）,ブレーキ（減速）中,16.2000,惰行,1.0000,0,70.0000,0.0000,70.0000,8.6395,35.5442,-35.5442,69.1355,0.0000,0.0000,69.1355,-2.3000,-0.0032,3.2570,この先制限速度なし,この先目立った勾配なし,0.0000,0.0000,3.3000,17.3827,1,69.1355,-3.3000,0.0000,0.0000,30.0000,300.0000,0.0000,0.0000,前方 69.1m 先に停車中,30.0000,90.0000,15.0000,73.3000,103.3000,未発車,後続列車なし,,,
anti_mid_stop__on_time__hw90_v65_b30_c180,363.1000,1,24.5979,次駅への減速フェーズ（駅手前400m以内）,ブレーキ（減速）中,36.0000,惰行,1.0000,0,70.0000,0.0000,70.0000,8.6395,35.5442,-35.5442,69.1355,0.0000,0.0000,69.1355,-2.3000,-0.0032,3.2570,この先制限速度なし,この先目立った勾配なし,0.0000,0.0000,23.1000,37.1827,1,69.1355,-23.1000,0.0000,0.0000,30.0000,300.0000,0.0000,0.0000,前方 69.1m 先に停車中,30.0000,90.0000,15.0000,93.1000,123.1000,未発車,後続列車なし,,,
anti_mid_stop__on_time__hw90_v65_b30_c180,382.9000,1,24.5979,次駅への減速フェーズ（駅手前400m以内）,ブレーキ（減速）中,55.8000,惰行,1.0000,0,70.0000,0.0000,70.0000,8.6395,35.5442,-35.5442,69.1355,0.0000,0.0000,69.1355,-2.3000,-0.0032,3.2570,この先制限速度なし,この先目立った勾配なし,0.0000,0.0000,42.9000,56.9827,1,69.1355,-42.9000,0.0000,0.0000,30.0000,300.0000,0.0000,0.0000,前方 69.1m 先に停車中,30.0000,90.0000,15.0000,112.9000,142.9000,未発車,後続列車なし,,,
anti_mid_stop__on_time__hw90_v65_b30_c180,402.7000,1,24.5979,次駅への減速フェーズ（駅手前400m以内）,ブレーキ（減速）中,75.6000,惰行,1.0000,0,70.0000,0.0000,70.0000,8.6395,35.5442,-35.5442,69.1355,0.0000,0.0000,69.1355,-2.3000,-0.0032,3.2570,この先制限速度なし,この先目立った勾配なし,0.0000,0.0000,62.7000,76.7827,1,69.1355,-62.7000,0.0000,0.0000,30.0000,300.0000,0.0000,0.0000,前方 69.1m 先に停車中,30.0000,90.0000,15.0000,132.7000,162.7000,未発車,後続列車なし,,,
anti_mid_stop__on_time__hw90_v65_b30_c180,422.5000,1,24.5990,次駅への減速フェーズ（駅手前400m以内）,力行（加速）中,0.1000,力行（加速）,1.4000,4.4468,70.0000,6.7719,70.0000,70.0000,35.2555,-30.8087,68.0262,0.0000,1.0899,66.9364,-2.3000,-0.0071,3.0194,この先制限速度なし,この先目立った勾配なし,1.0000,4.0519,82.5000,96.4697,1,68.0262,-82.5000,0.0000,0.0000,30.0000,300.0000,0.0000,0.0000,前方 72.5m 先を 9.6km/h で走行中,30.0000,90.0000,0.0000,0.0000,0.0000,発車済み,後続列車なし,,,
anti_mid_stop__on_time__hw90_v65_b30_c180,442.3000,1,24.6677,次駅への減速フェーズ（駅手前400m以内）,ブレーキ（減速）中,8.3000,力行（加速）,0.4000,0.5177,70.0000,41.3895,0.0000,0.0000,0.5688,-0.0511,-0.7238,0.0000,0.0142,-0.7380,-2.3000,-0.0036,3.2294,この先制限速度なし,この先目立った勾配なし,1.0000,0.5177,102.3000,102.5400,1,-0.7238,-102.3000,0.0000,0.0000,30.0000,300.0000,0.0000,0.0000,前方 163.6m 先を 42.5km/h で走行中,30.0000,90.0000,0.0000,0.0000,0.0000,発車済み,後続列車なし,,,
anti_mid_stop__on_time__hw90_v65_b30_c180,183.0000,1,23.2900,駅停車中（発車判断）,ブレーキ（減速）中,10.6000,惰行,0.6000,0.0000,70.0000,69.9979,50.7910,50.7910,0.0000,0.0000,1377.0000,157.0000,0.0000,1377.0000,9.2000,-0.4089,2.8513,この先制限速度なし,10m先に上り勾配11.4‰あり,1.0000,0.0000,0.0000,2.0000,1,1377.0000,157.0000,1.0000,1.0000,30.0000,300.0000,0.0000,109.0000,前方 652.3m 先を 53.7km/h で走行中,30.0000,90.0000,102.0000,0.0000,0.0000,未発車,後続列車なし,,,
anti_mid_stop__on_time__hw90_v65_b30_c180,198.0000,1,23.2900,駅停車中（発車判断）,ブレーキ（減速）中,25.6000,惰行,0.6000,0.0000,70.0000,69.9979,52.2992,52.2992,0.0000,0.0000,1377.0000,142.0000,0.0000,1377.0000,9.2000,-0.4089,2.8513,この先制限速度なし,10m先に上り勾配11.4‰あり,1.0000,0.0000,0.0000,2.0000,1,1377.0000,142.0000,1.0000,16.0000,30.0000,300.0000,0.0000,107.5000,前方 884.6m 先を 57.6km/h で走行中,30.0000,90.0000,87.0000,0.0000,0.0000,未発車,後続列車なし,,,
anti_mid_stop__wait_for_forward__hw90_v65_b30_c180,1.0000,0,21.1124,駅出発直後の加速フェーズ（20秒以内）,力行（加速）中,30.0000,なし（または停止）,0.0000,3.1655,70.0000,69.9979,64.8030,64.8030,1.9871,1.1784,2177.5520,179.0000,0.4738,2177.0783,-2.1000,-0.0130,3.0809,この先制限速度なし,387m先に下り勾配6.7‰あり,0.0000,0.0000,0.0000,0.3625,2,3554.5520,339.0000,0.0000,0.0000,30.0000,300.0000,0.0000,0.0000,前方 1259.5m 先を 54.5km/h で走行中,30.0000,90.0000,135.0000,0.0000,0.0000,未発車,後続列車なし,,,
anti_mid_stop__wait_for_forward__hw90_v65_b30_c180,169.3000,0,23.2251,次駅への減速フェーズ（駅手前400m以内）,力行（加速）中,0.5000,力行（加速）,0.2000,31.8794,70.0000,69.9979,70.0000,70.0000,26.2958,5.5837,64.8682,10.7000,48.0203,16.8479,9.2000,-0.4563,1.1291,この先制限速度なし,この先目立った勾配なし,1.0000,30.7411,0.0000,2.9199,2,1441.8682,170.7000,0.0000,0.0000,30.0000,300.0000,0.0000,0.0000,前方 521.2m 先を 49.2km/h で走行中,30.0000,90.0000,0.0000,0.0000,0.0000,発車済み,後続列車なし,,,
anti_mid_stop__wait_for_forward__hw90_v65_b30_c180,283.0000,1,24.0510,巡航フェーズ（駅間走行中）,惰行中,5.0000,力行（加速）,1.0000,45.7671,70.0000,69.9979,48.6335,48.6335,52.2230,-6.4559,615.9568,57.0000,114.0236,501.9332,11.4000,-0.5685,0.4325,この先制限速度なし,248m先に下り勾配2.3‰あり,1.0000,30.6448,0.0000,3.1470,1,615.9568,57.0000,0.0000,0.0000,30.0000,300.0000,0.0000,0.0000,前方 616.0m 先に停車中,30.0000,90.0000,15.0000,13.0000,43.0000,未発車,後続列車なし,,,
anti_mid_stop__wait_for_forward__hw90_v65_b30_c180,343.3000,1,24.5979,次駅への減速フェーズ（駅手前400m以内）,ブレーキ（減速）中,16.2000,惰行,1.0000,0,70.0000,0.0000,70.0000,8.6395,35.5442,-35.5442,69.1355,0.0000,0.0000,69.1355,-2.3000,-0.0032,3.2570,この先制限速度なし,この先目立った勾配なし,0.0000,0.0000,3.3000,17.3827,1,69.1355,-3.3000,0.0000,0.0000,30.0000,300.0000,0.0000,0.0000,前方 69.1m 先に停車中,30.0000,90.0000,15.0000,73.3000,103.3000,未発車,後続列車なし,,,
anti_mid_stop__wait_for_forward__hw90_v65_b30_c180,363.1000,1,24.5979,次駅への減速フェーズ（駅手前400m以内）,ブレーキ（減速）中,36.0000,惰行,1.0000,0,70.0000,0.0000,70.0000,8.6395,35.5442,-35.5442,69.1355,0.0000,0.0000,69.1355,-2.3000,-0.0032,3.2570,この先制限速度なし,この先目立った勾配なし,0.0000,0.0000,23.1000,37.1827,1,69.1355,-23.1000,0.0000,0.0000,30.0000,300.0000,0.0000,0.0000,前方 69.1m 先に停車中,30.0000,90.0000,15.0000,93.1000,123.1000,未発車,後続列車なし,,,
anti_mid_stop__wait_for_forward__hw90_v65_b30_c180,382.9000,1,24.5979,次駅への減速フェーズ（駅手前400m以内）,ブレーキ（減速）中,55.8000,惰行,1.0000,0,70.0000,0.0000,70.0000,8.6395,35.5442,-35.5442,69.1355,0.0000,0.0000,69.1355,-2.3000,-0.0032,3.2570,この先制限速度なし,この先目立った勾配なし,0.0000,0.0000,42.9000,56.9827,1,69.1355,-42.9000,0.0000,0.0000,30.0000,300.0000,0.0000,0.0000,前方 69.1m 先に停車中,30.0000,90.0000,15.0000,112.9000,142.9000,未発車,後続列車なし,,,
anti_mid_stop__wait_for_forward__hw90_v65_b30_c180,402.7000,1,24.5979,次駅への減速フェーズ（駅手前400m以内）,ブレーキ（減速）中,75.6000,惰行,1.0000,0,70.0000,0.0000,70.0000,8.6395,35.5442,-35.5442,69.1355,0.0000,0.0000,69.1355,-2.3000,-0.0032,3.2570,この先制限速度なし,この先目立った勾配なし,0.0000,0.0000,62.7000,76.7827,1,69.1355,-62.7000,0.0000,0.0000,30.0000,300.0000,0.0000,0.0000,前方 69.1m 先に停車中,30.0000,90.0000,15.0000,132.7000,162.7000,未発車,後続列車なし,,,
anti_mid_stop__wait_for_forward__hw90_v65_b30_c180,422.5000,1,24.5990,次駅への減速フェーズ（駅手前400m以内）,力行（加速）中,0.1000,力行（加速）,1.4000,4.4468,70.0000,6.7719,70.0000,70.0000,35.2555,-30.8087,68.0262,0.0000,1.0899,66.9364,-2.3000,-0.0071,3.0194,この先制限速度なし,この先目立った勾配なし,1.0000,4.0519,82.5000,96.4697,1,68.0262,-82.5000,0.0000,0.0000,30.0000,300.0000,0.0000,0.0000,前方 72.5m 先を 9.6km/h で走行中,30.0000,90.0000,0.0000,0.0000,0.0000,発車済み,後続列車なし,,,
anti_mid_stop__wait_for_forward__hw90_v65_b30_c180,442.3000,1,24.6677,次駅への減速フェーズ（駅手前400m以内）,ブレーキ（減速）中,8.3000,力行（加速）,0.4000,0.5177,70.0000,41.3895,0.0000,0.0000,0.5688,-0.0511,-0.7238,0.0000,0.0142,-0.7380,-2.3000,-0.0036,3.2294,この先制限速度なし,この先目立った勾配なし,1.0000,0.5177,102.3000,102.5400,1,-0.7238,-102.3000,0.0000,0.0000,30.0000,300.0000,0.0000,0.0000,前方 163.6m 先を 42.5km/h で走行中,30.0000,90.0000,0.0000,0.0000,0.0000,発車済み,後続列車なし,,,
anti_mid_stop__wait_for_forward__hw90_v65_b30_c180,183.0000,1,23.2900,駅停車中（発車判断）,ブレーキ（減速）中,10.6000,惰行,0.6000,0.0000,70.0000,69.9979,50.7910,50.7910,0.0000,0.0000,1377.0000,157.0000,0.0000,1377.0000,9.2000,-0.4089,2.8513,この先制限速度なし,10m先に上り勾配11.4‰あり,1.0000,0.0000,0.0000,2.0000,1,1377.0000,157.0000,1.0000,1.0000,30.0000,300.0000,0.0000,109.0000,前方 652.3m 先を 53.7km/h で走行中,30.0000,90.0000,102.0000,0.0000,0.0000,未発車,後続列車なし,,,
anti_mid_stop__wait_for_forward__hw90_v65_b30_c180,198.0000,1,23.2900,駅停車中（発車判断）,ブレーキ（減速）中,25.6000,惰行,0.6000,0.0000,70.0000,69.9979,52.2992,52.2992,0.0000,0.0000,1377.0000,142.0000,0.0000,1377.0000,9.2000,-0.4089,2.8513,この先制限速度なし,10m先に上り勾配11.4‰あり,1.0000,0.0000,0.0000,2.0000,1,1377.0000,142.0000,1.0000,16.0000,30.0000,300.0000,0.0000,107.5000,前方 884.6m 先を 57.6km/h で走行中,30.0000,90.0000,87.0000,0.0000,0.0000,未発車,後続列車なし,,,
anti_mid_stop__on_time__hw90_v65_b60_c60,1.0000,0,21.1124,駅出発直後の加速フェーズ（20秒以内）,力行（加速）中,30.0000,なし（または停止）,0.0000,3.1655,70.0000,69.9979,64.8030,64.8030,1.9871,1.1784,2177.5520,179.0000,0.4738,2177.0783,-2.1000,-0.0130,3.0809,この先制限速度なし,387m先に下り勾配6.7‰あり,0.0000,0.0000,0.0000,0.3625,2,3554.5520,339.0000,0.0000,0.0000,30.0000,300.0000,0.0000,0.0000,前方 1259.5m 先を 54.5km/h で走行中,30.0000,90.0000,135.0000,0.0000,0.0000,未発車,後続列車なし,,,
anti_mid_stop__on_time__hw90_v65_b60_c60,86.0000,0,22.2580,巡航フェーズ（駅間走行中）,惰行中,39.0000,力行（加速）,46.0000,54.2359,70.0000,69.9979,56.5797,56.5797,58.0512,-3.8154,1031.9560,94.0000,137.5133,894.4427,0.0000,-0.1915,0.6900,この先制限速度なし,41m先に上り勾配12.5‰あり,1.0000,13.5772,0.0000,2.3103,2,2408.9560,254.0000,0.0000,0.0000,30.0000,300.0000,0.0000,0.0000,前方 1024.1m 先を 12.9km/h で走行中,30.0000,90.0000,50.0000,0.0000,0.0000,未発車,後続列車なし,,,
anti_mid_stop__on_time__hw90_v65_b60_c60,166.5000,0,23.2002,次駅への減速フェーズ（駅手前400m以内）,惰行中,0.2000,力行（加速）,0.1000,32.3679,70.0000,45.4269,32.3679,32.3679,27.7764,4.5915,89.7833,13.5000,49.4936,40.2897,9.2000,-0.4574,1.1024,この先制限速度なし,この先目立った勾配なし,1.0000,29.6398,0.0000,3.4378,2,1466.7833,173.5000,0.0000,0.0000,30.0000,300.0000,0.0000,0.0000,前方 167.0m 先を 30.0km/h で走行中,30.0000,90.0000,0.0000,0.0000,0.0000,発車済み,後続列車なし,,,
anti_mid_stop__on_time__hw90_v65_b60_c60,175.0000,0,23.2697,次駅への減速フェーズ（駅手前400m以内）,ブレーキ（減速）中,3.5000,惰行,0.6000,20.7989,70.0000,48.0438,70.0000,70.0000,20.6983,0.1006,20.2992,5.0000,20.5153,-0.2161,9.2000,-0.4348,1.7328,この先制限速度なし,この先目立った勾配なし,1.0000,20.7989,0.0000,2.1028,2,1397.2992,165.0000,0.0000,0.0000,30.0000,300.0000,0.0000,0.0000,前方 178.3m 先を 37.9km/h で走行中,30.0000,90.0000,0.0000,0.0000,0.0000,発車済み,後続列車なし,,,
anti_mid_stop__on_time__hw90_v65_b60_c60,227.0000,1,23.3585,駅出発直後の加速フェーズ（20秒以内）,力行（加速）中,15.0000,ブレーキ（減速）,30.0000,28.7673,70.0000,69.9979,54.6384,54.6384,28.7636,0.0037,1308.4954,113.0000,45.4387,1263.0568,11.4000,-0.5273,1.2216,この先制限速度なし,この先目立った勾配なし,0.0000,0.0000,0.0000,2.0014,1,1308.4954,113.0000,0.0000,0.0000,30.0000,300.0000,0.0000,0.0000,前方 799.9m 先を 57.4km/h で走行中,30.0000,90.0000,88.0000,0.0000,0.0000,未発車,後続列車なし,,,
anti_mid_stop__on_time__hw90_v65_b60_c60,312.0000,1,24.3991,次駅への減速フェーズ（駅手前400m以内）,惰行中,1.0000,力行（加速）,1.0000,44.8376,70.0000,61.4102,44.8392,44.1545,40.4570,4.3806,267.8882,28.0000,109.4981,158.3902,-2.3000,-0.1531,0.8610,この先制限速度なし,この先目立った勾配なし,1.0000,43.4337,0.0000,4.2301,1,267.8882,28.0000,0.0000,0.0000,30.0000,300.0000,0.0000,0.0000,前方 267.9m 先に停車中,30.0000,90.0000,15.0000,12.0000,42.0000,未発車,後続列車なし,,,
anti_mid_stop__on_time__hw90_v65_b60_c60,334.9000,1,24.5980,次駅への減速フェーズ（駅手前400m以内）,力行（加速）中,0.1000,力行（加速）,0.1000,12.7301,70.0000,14.6652,70.0000,70.0000,35.4993,-22.7692,68.9620,5.1000,8.9437,60.0183,-2.3000,-0.0168,2.5746,この先制限速度なし,この先目立った勾配なし,1.0000,12.4398,0.0000,8.9651,1,68.9620,5.1000,0.0000,0.0000,30.0000,300.0000,0.0000,0.0000,前方 81.9m 先を 15.8km/h で走行中,30.0000,90.0000,0.0000,0.0000,0.0000,発車済み,後続列車なし,,,
anti_mid_stop__on_time__hw90_v65_b60_c60,343.4000,1,24.6374,次駅への減速フェーズ（駅手前400m以内）,力行（加速）中,0.2000,ブレーキ（減速）,0.1000,21.5087,70.0000,23.5861,70.0000,70.0000,23.1980,-1.6893,29.5975,0.0000,25.4723,4.1252,-2.3000,-0.0303,2.1000,この先制限速度なし,この先目立った勾配なし,1.0000,21.4784,3.4000,12.6326,1,29.5975,-3.4000,0.0000,0.0000,30.0000,300.0000,0.0000,0.0000,前方 100.6m 先を 32.1km/h で走行中,30.0000,90.0000,0.0000,0.0000,0.0000,発車済み,後続列車なし,,,
anti_mid_stop__on_time__hw90_v65_b60_c60,351.9000,1,24.6671,次駅への減速フェーズ（駅手前400m以内）,ブレーキ（減速）中,7.9000,力行（加速）,0.3000,1.9583,70.0000,40.4453,0.0000,0.0000,0.5688,1.3895,-0.0725,0.0000,0.2100,-0.2825,-2.3000,-0.0048,3.1525,この先制限速度なし,この先目立った勾配なし,1.0000,1.9583,11.9000,12.1400,1,-0.0725,-11.9000,0.0000,0.0000,30.0000,300.0000,0.0000,0.0000,前方 159.4m 先を 42.1km/h で走行中,30.0000,90.0000,0.0000,0.0000,0.0000,発車済み,後続列車なし,,,
anti_mid_stop__on_time__hw90_v65_b60_c60,183.0000,1,23.2900,駅停車中（発車判断）,ブレーキ（減速）中,10.6000,惰行,0.6000,0.0000,70.0000,61.7862,50.7910,50.7910,0.0000,0.0000,1377.0000,157.0000,0.0000,1377.0000,9.2000,-0.4089,2.8513,この先制限速度なし,10m先に上り勾配11.4‰あり,1.0000,0.0000,0.0000,2.0000,1,1377.0000,157.0000,1.0000,1.0000,30.0000,300.0000,0.0000,109.0000,前方 247.8m 先を 42.6km/h で走行中,30.0000,90.0000,132.0000,0.0000,0.0000,未発車,後続列車なし,,,
anti_mid_stop__on_time__hw90_v65_b60_c60,198.0000,1,23.2900,駅停車中（発車判断）,ブレーキ（減速）中,25.6000,惰行,0.6000,0.0000,70.0000,69.9979,52.2992,52.2992,0.0000,0.0000,1377.0000,142.0000,0.0000,1377.0000,9.2000,-0.4089,2.8513,この先制限速度なし,10m先に上り勾配11.4‰あり,1.0000,0.0000,0.0000,2.0000,1,1377.0000,142.0000,1.0000,16.0000,30.0000,300.0000,0.0000,107.5000,前方 438.5m 先を 48.7km/h で走行中,30.0000,90.0000,117.0000,0.0000,0.0000,未発車,後続列車なし,,,
anti_mid_stop__wait_for_forward__hw90_v65_b60_c60,1.0000,0,21.1124,駅出発直後の加速フェーズ（20秒以内）,力行（加速）中,30.0000,なし（または停止）,0.0000,3.1655,70.0000,69.9979,64.8030,64.8030,1.9871,1.1784,2177.5520,179.0000,0.4738,2177.0783,-2.1000,-0.0130,3.0809,この先制限速度なし,387m先に下り勾配6.7‰あり,0.0000,0.0000,0.0000,0.3625,2,3554.5520,339.0000,0.0000,0.0000,30.0000,300.0000,0.0000,0.0000,前方 1259.5m 先を 54.5km/h で走行中,30.0000,90.0000,135.0000,0.0000,0.0000,未発車,後続列車なし,,,
anti_mid_stop__wait_for_forward__hw90_v65_b60_c60,86.0000,0,22.2580,巡航フェーズ（駅間走行中）,惰行中,39.0000,力行（加速）,46.0000,54.2359,70.0000,69.9979,56.5797,56.5797,58.0512,-3.8154,1031.9560,94.0000,137.5133,894.4427,0.0000,-0.1915,0.6900,この先制限速度なし,41m先に上り勾配12.5‰あり,1.0000,13.5772,0.0000,2.3103,2,2408.9560,254.0000,0.0000,0.0000,30.0000,300.0000,0.0000,0.0000,前方 1024.1m 先を 12.9km/h で走行中,30.0000,90.0000,50.0000,0.0000,0.0000,未発車,後続列車なし,,,
anti_mid_stop__wait_for_forward__hw90_v65_b60_c60,166.5000,0,23.2002,次駅への減速フェーズ（駅手前400m以内）,惰行中,0.2000,力行（加速）,0.1000,32.3679,70.0000,45.4269,32.3679,32.3679,27.7764,4.5915,89.7833,13.5000,49.4936,40.2897,9.2000,-0.4574,1.1024,この先制限速度なし,この先目立った勾配なし,1.0000,29.6398,0.0000,3.4378,2,1466.7833,173.5000,0.0000,0.0000,30.0000,300.0000,0.0000,0.0000,前方 167.0m 先を 30.0km/h で走行中,30.0000,90.0000,0.0000,0.0000,0.0000,発車済み,後続列車なし,,,
anti_mid_stop__wait_for_forward__hw90_v65_b60_c60,175.0000,0,23.2697,次駅への減速フェーズ（駅手前400m以内）,ブレーキ（減速）中,3.5000,惰行,0.6000,20.7989,70.0000,48.0438,70.0000,70.0000,20.6983,0.1006,20.2992,5.0000,20.5153,-0.2161,9.2000,-0.4348,1.7328,この先制限速度なし,この先目立った勾配なし,1.0000,20.7989,0.0000,2.1028,2,1397.2992,165.0000,0.0000,0.0000,30.0000,300.0000,0.0000,0.0000,前方 178.3m 先を 37.9km/h で走行中,30.0000,90.0000,0.0000,0.0000,0.0000,発車済み,後続列車なし,,,
anti_mid_stop__wait_for_forward__hw90_v65_b60_c60,227.0000,1,23.3585,駅出発直後の加速フェーズ（20秒以内）,力行（加速）中,15.0000,ブレーキ（減速）,30.0000,28.7673,70.0000,69.9979,54.6384,54.6384,28.7636,0.0037,1308.4954,113.0000,45.4387,1263.0568,11.4000,-0.5273,1.2216,この先制限速度なし,この先目立った勾配なし,0.0000,0.0000,0.0000,2.0014,1,1308.4954,113.0000,0.0000,0.0000,30.0000,300.0000,0.0000,0.0000,前方 799.9m 先を 57.4km/h で走行中,30.0000,90.0000,88.0000,0.0000,0.0000,未発車,後続列車なし,,,
anti_mid_stop__wait_for_forward__hw90_v65_b60_c60,312.0000,1,24.3991,次駅への減速フェーズ（駅手前400m以内）,惰行中,1.0000,力行（加速）,1.0000,44.8376,70.0000,61.4102,44.8392,44.1545,40.4570,4.3806,267.8882,28.0000,109.4981,158.3902,-2.3000,-0.1531,0.8610,この先制限速度なし,この先目立った勾配なし,1.0000,43.4337,0.0000,4.2301,1,267.8882,28.0000,0.0000,0.0000,30.0000,300.0000,0.0000,0.0000,前方 267.9m 先に停車中,30.0000,90.0000,15.0000,12.0000,42.0000,未発車,後続列車なし,,,
anti_mid_stop__wait_for_forward__hw90_v65_b60_c60,334.9000,1,24.5980,次駅への減速フェーズ（駅手前400m以内）,力行（加速）中,0.1000,力行（加速）,0.1000,12.7301,70.0000,14.6652,70.0000,70.0000,35.4993,-22.7692,68.9620,5.1000,8.9437,60.0183,-2.3000,-0.0168,2.5746,この先制限速度なし,この先目立った勾配なし,1.0000,12.4398,0.0000,8.9651,1,68.9620,5.1000,0.0000,0.0000,30.0000,300.0000,0.0000,0.0000,前方 81.9m 先を 15.8km/h で走行中,30.0000,90.0000,0.0000,0.0000,0.0000,発車済み,後続列車なし,,,
anti_mid_stop__wait_for_forward__hw90_v65_b60_c60,343.4000,1,24.6374,次駅への減速フェーズ（駅手前400m以内）,力行（加速）中,0.2000,ブレーキ（減速）,0.1000,21.5087,70.0000,23.5861,70.0000,70.0000,23.1980,-1.6893,29.5975,0.0000,25.4723,4.1252,-2.3000,-0.0303,2.1000,この先制限速度なし,この先目立った勾配なし,1.0000,21.4784,3.4000,12.6326,1,29.5975,-3.4000,0.0000,0.0000,30.0000,300.0000,0.0000,0.0000,前方 100.6m 先を 32.1km/h で走行中,30.0000,90.0000,0.0000,0.0000,0.0000,発車済み,後続列車なし,,,
anti_mid_stop__wait_for_forward__hw90_v65_b60_c60,351.9000,1,24.6671,次駅への減速フェーズ（駅手前400m以内）,ブレーキ（減速）中,7.9000,力行（加速）,0.3000,1.9583,70.0000,40.4453,0.0000,0.0000,0.5688,1.3895,-0.0725,0.0000,0.2100,-0.2825,-2.3000,-0.0048,3.1525,この先制限速度なし,この先目立った勾配なし,1.0000,1.9583,11.9000,12.1400,1,-0.0725,-11.9000,0.0000,0.0000,30.0000,300.0000,0.0000,0.0000,前方 159.4m 先を 42.1km/h で走行中,30.0000,90.0000,0.0000,0.0000,0.0000,発車済み,後続列車なし,,,
anti_mid_stop__wait_for_forward__hw90_v65_b60_c60,183.0000,1,23.2900,駅停車中（発車判断）,ブレーキ（減速）中,10.6000,惰行,0.6000,0.0000,70.0000,61.7862,50.7910,50.7910,0.0000,0.0000,1377.0000,157.0000,0.0000,1377.0000,9.2000,-0.4089,2.8513,この先制限速度なし,10m先に上り勾配11.4‰あり,1.0000,0.0000,0.0000,2.0000,1,1377.0000,157.0000,1.0000,1.0000,30.0000,300.0000,0.0000,109.0000,前方 247.8m 先を 42.6km/h で走行中,30.0000,90.0000,132.0000,0.0000,0.0000,未発車,後続列車なし,,,
anti_mid_stop__wait_for_forward__hw90_v65_b60_c60,198.0000,1,23.2900,駅停車中（発車判断）,ブレーキ（減速）中,25.6000,惰行,0.6000,0.0000,70.0000,69.9979,52.2992,52.2992,0.0000,0.0000,1377.0000,142.0000,0.0000,1377.0000,9.2000,-0.4089,2.8513,この先制限速度なし,10m先に上り勾配11.4‰あり,1.0000,0.0000,0.0000,2.0000,1,1377.0000,142.0000,1.0000,16.0000,30.0000,300.0000,0.0000,107.5000,前方 438.5m 先を 48.7km/h で走行中,30.0000,90.0000,117.0000,0.0000,0.0000,未発車,後続列車なし,,,
anti_mid_stop__on_time__hw90_v65_b45_c120,1.0000,0,21.1124,駅出発直後の加速フェーズ（20秒以内）,力行（加速）中,30.0000,なし（または停止）,0.0000,3.1655,70.0000,69.9979,64.8030,64.8030,1.9871,1.1784,2177.5520,179.0000,0.4738,2177.0783,-2.1000,-0.0130,3.0809,この先制限速度なし,387m先に下り勾配6.7‰あり,0.0000,0.0000,0.0000,0.3625,2,3554.5520,339.0000,0.0000,0.0000,30.0000,300.0000,0.0000,0.0000,前方 1259.5m 先を 54.5km/h で走行中,30.0000,90.0000,135.0000,0.0000,0.0000,未発車,後続列車なし,,,
anti_mid_stop__on_time__hw90_v65_b45_c120,143.0000,0,22.9711,次駅への減速フェーズ（駅手前400m以内）,惰行中,6.0000,力行（加速）,1.0000,37.4610,70.0000,69.9979,39.2504,39.2504,37.7952,-0.3342,318.9329,37.0000,66.1555,252.7774,6.1000,-0.3598,0.9324,この先制限速度なし,128m先に上り勾配9.2‰あり,1.0000,23.2601,0.0000,4.8766,2,1695.9329,197.0000,0.0000,0.0000,30.0000,300.0000,0.0000,0.0000,前方 338.8m 先を 17.6km/h で走行中,30.0000,90.0000,0.0000,0.0000,0.0000,発車済み,後続列車なし,,,
anti_mid_stop__on_time__hw90_v65_b45_c120,177.9000,0,23.2830,次駅への減速フェーズ（駅手前400m以内）,ブレーキ（減速）中,6.4000,惰行,0.6000,12.3073,70.0000,69.9979,70.0000,70.0000,12.1394,0.1680,6.9790,2.1000,7.1949,-0.2159,9.2000,-0.4219,2.1917,この先制限速度なし,この先目立った勾配なし,1.0000,12.3073,0.0000,2.0795,2,1383.9790,162.1000,0.0000,0.0000,30.0000,300.0000,0.0000,0.0000,前方 377.9m 先を 46.8km/h で走行中,30.0000,90.0000,0.0000,0.0000,0.0000,発車済み,後続列車なし,,,
anti_mid_stop__on_time__hw90_v65_b45_c120,313.0000,1,24.4115,次駅への減速フェーズ（駅手前400m以内）,惰行中,2.0000,力行（加速）,1.0000,44.6847,70.0000,59.4086,46.0058,38.8691,40.3007,4.3840,255.4548,27.0000,108.7619,146.6929,-2.3000,-0.1527,0.8636,この先制限速度なし,この先目立った勾配なし,1.0000,43.4338,0.0000,4.1215,1,255.4548,27.0000,0.0000,0.0000,30.0000,300.0000,0.0000,0.0000,前方 255.5m 先に停車中,30.0000,90.0000,15.0000,28.0000,58.0000,未発車,後続列車なし,,,
anti_mid_stop__on_time__hw90_v65_b45_c120,340.7000,1,24.5979,次駅への減速フェーズ（駅手前400m以内）,ブレーキ（減速）中,13.6000,惰行,1.0000,0,70.0000,0.0000,70.0000,8.6395,35.5442,-35.5442,69.1355,0.0000,0.0000,69.1355,-2.3000,-0.0032,3.2570,この先制限速度なし,この先目立った勾配なし,0.0000,0.0000,0.7000,14.7827,1,69.1355,-0.7000,0.0000,0.0000,30.0000,300.0000,0.0000,0.0000,前方 69.1m 先に停車中,30.0000,90.0000,15.0000,55.7000,85.7000,未発車,後続列車なし,,,
anti_mid_stop__on_time__hw90_v65_b45_c120,354.9000,1,24.5979,次駅への減速フェーズ（駅手前400m以内）,ブレーキ（減速）中,27.8000,惰行,1.0000,0,70.0000,0.0000,70.0000,8.6395,35.5442,-35.5442,69.1355,0.0000,0.0000,69.1355,-2.3000,-0.0032,3.2570,この先制限速度なし,この先目立った勾配なし,0.0000,0.0000,14.9000,28.9827,1,69.1355,-14.9000,0.0000,0.0000,30.0000,300.0000,0.0000,0.0000,前方 69.1m 先に停車中,30.0000,90.0000,15.0000,69.9000,99.9000,未発車,後続列車なし,,,
anti_mid_stop__on_time__hw90_v65_b45_c120,369.1000,1,24.5979,次駅への減速フェーズ（駅手前400m以内）,ブレーキ（減速）中,42.0000,惰行,1.0000,0,70.0000,0.0000,70.0000,8.6395,35.5442,-35.5442,69.1355,0.0000,0.0000,69.1355,-2.3000,-0.0032,3.2570,この先制限速度なし,この先目立った勾配なし,0.0000,0.0000,29.1000,43.1827,1,69.1355,-29.1000,0.0000,0.0000,30.0000,300.0000,0.0000,0.0000,前方 69.1m 先に停車中,30.0000,90.0000,15.0000,84.1000,114.1000,未発車,後続列車なし,,,
anti_mid_stop__on_time__hw90_v65_b45_c120,383.3000,1,24.6142,次駅への減速フェーズ（駅手前400m以内）,力行（加速）中,0.2000,ブレーキ（減速）,0.1000,14.0876,70.0000,16.1093,70.0000,70.0000,31.0241,-16.9365,52.7781,0.0000,10.9501,41.8280,-2.3000,-0.0186,2.5015,この先制限速度なし,この先目立った勾配なし,1.0000,13.8839,43.3000,55.6123,1,52.7781,-43.3000,0.0000,0.0000,30.0000,300.0000,0.0000,0.0000,前方 84.3m 先を 23.3km/h で走行中,30.0000,90.0000,0.0000,0.0000,0.0000,発車済み,後続列車なし,,,
anti_mid_stop__on_time__hw90_v65_b45_c120,183.0000,1,23.2900,駅停車中（発車判断）,ブレーキ（減速）中,10.6000,惰行,0.6000,0.0000,70.0000,69.9979,50.7910,50.7910,0.0000,0.0000,1377.0000,157.0000,0.0000,1377.0000,9.2000,-0.4089,2.8513,この先制限速度なし,10m先に上り勾配11.4‰あり,1.0000,0.0000,0.0000,2.0000,1,1377.0000,157.0000,1.0000,1.0000,30.0000,300.0000,0.0000,109.0000,前方 438.5m 先を 48.7km/h で走行中,30.0000,90.0000,117.0000,0.0000,0.0000,未発車,後続列車なし,,,
anti_mid_stop__on_time__hw90_v65_b45_c120,198.0000,1,23.2900,駅停車中（発車判断）,ブレーキ（減速）中,25.6000,惰行,0.6000,0.0000,70.0000,69.9979,52.2992,52.2992,0.0000,0.0000,1377.0000,142.0000,0.0000,1377.0000,9.2000,-0.4089,2.8513,この先制限速度なし,10m先に上り勾配11.4‰あり,1.0000,0.0000,0.0000,2.0000,1,1377.0000,142.0000,1.0000,16.0000,30.0000,300.0000,0.0000,107.5000,前方 652.2m 先を 53.7km/h で走行中,30.0000,90.0000,102.0000,0.0000,0.0000,未発車,後続列車なし,,,
anti_mid_stop__wait_for_forward__hw90_v65_b45_c120,1.0000,0,21.1124,駅出発直後の加速フェーズ（20秒以内）,力行（加速）中,30.0000,なし（または停止）,0.0000,3.1655,70.0000,69.9979,64.8030,64.8030,1.9871,1.1784,2177.5520,179.0000,0.4738,2177.0783,-2.1000,-0.0130,3.0809,この先制限速度なし,387m先に下り勾配6.7‰あり,0.0000,0.0000,0.0000,0.3625,2,3554.5520,339.0000,0.0000,0.0000,30.0000,300.0000,0.0000,0.0000,前方 1259.5m 先を 54.5km/h で走行中,30.0000,90.0000,135.0000,0.0000,0.0000,未発車,後続列車なし,,,
anti_mid_stop__wait_for_forward__hw90_v65_b45_c120,143.0000,0,22.9711,次駅への減速フェーズ（駅手前400m以内）,惰行中,6.0000,力行（加速）,1.0000,37.4610,70.0000,69.9979,39.2504,39.2504,37.7952,-0.3342,318.9329,37.0000,66.1555,252.7774,6.1000,-0.3598,0.9324,この先制限速度なし,128m先に上り勾配9.2‰あり,1.0000,23.2601,0.0000,4.8766,2,1695.9329,197.0000,0.0000,0.0000,30.0000,300.0000,0.0000,0.0000,前方 338.8m 先を 17.6km/h で走行中,30.0000,90.0000,0.0000,0.0000,0.0000,発車済み,後続列車なし,,,
anti_mid_stop__wait_for_forward__hw90_v65_b45_c120,177.9000,0,23.2830,次駅への減速フェーズ（駅手前400m以内）,ブレーキ（減速）中,6.4000,惰行,0.6000,12.3073,70.0000,69.9979,70.0000,70.0000,12.1394,0.1680,6.9790,2.1000,7.1949,-0.2159,9.2000,-0.4219,2.1917,この先制限速度なし,この先目立った勾配なし,1.0000,12.3073,0.0000,2.0795,2,1383.9790,162.1000,0.0000,0.0000,30.0000,300.0000,0.0000,0.0000,前方 377.9m 先を 46.8km/h で走行中,30.0000,90.0000,0.0000,0.0000,0.0000,発車済み,後続列車なし,,,
anti_mid_stop__wait_for_forward__hw90_v65_b45_c120,313.0000,1,24.4115,次駅への減速フェーズ（駅手前400m以内）,惰行中,2.0000,力行（加速）,1.0000,44.6847,70.0000,59.4086,46.0058,38.8691,40.3007,4.3840,255.4548,27.0000,108.7619,146.6929,-2.3000,-0.1527,0.8636,この先制限速度なし,この先目立った勾配なし,1.0000,43.4338,0.0000,4.1215,1,255.4548,27.0000,0.0000,0.0000,30.0000,300.0000,0.0000,0.0000,前方 255.5m 先に停車中,30.0000,90.0000,15.0000,28.0000,58.0000,未発車,後続列車なし,,,
anti_mid_stop__wait_for_forward__hw90_v65_b45_c120,340.7000,1,24.5979,次駅への減速フェーズ（駅手前400m以内）,ブレーキ（減速）中,13.6000,惰行,1.0000,0,70.0000,0.0000,70.0000,8.6395,35.5442,-35.5442,69.1355,0.0000,0.0000,69.1355,-2.3000,-0.0032,3.2570,この先制限速度なし,この先目立った勾配なし,0.0000,0.0000,0.7000,14.7827,1,69.1355,-0.7000,0.0000,0.0000,30.0000,300.0000,0.0000,0.0000,前方 69.1m 先に停車中,30.0000,90.0000,15.0000,55.7000,85.7000,未発車,後続列車なし,,,
anti_mid_stop__wait_for_forward__hw90_v65_b45_c120,354.9000,1,24.5979,次駅への減速フェーズ（駅手前400m以内）,ブレーキ（減速）中,27.8000,惰行,1.0000,0,70.0000,0.0000,70.0000,8.6395,35.5442,-35.5442,69.1355,0.0000,0.0000,69.1355,-2.3000,-0.0032,3.2570,この先制限速度なし,この先目立った勾配なし,0.0000,0.0000,14.9000,28.9827,1,69.1355,-14.9000,0.0000,0.0000,30.0000,300.0000,0.0000,0.0000,前方 69.1m 先に停車中,30.0000,90.0000,15.0000,69.9000,99.9000,未発車,後続列車なし,,,
anti_mid_stop__wait_for_forward__hw90_v65_b45_c120,369.1000,1,24.5979,次駅への減速フェーズ（駅手前400m以内）,ブレーキ（減速）中,42.0000,惰行,1.0000,0,70.0000,0.0000,70.0000,8.6395,35.5442,-35.5442,69.1355,0.0000,0.0000,69.1355,-2.3000,-0.0032,3.2570,この先制限速度なし,この先目立った勾配なし,0.0000,0.0000,29.1000,43.1827,1,69.1355,-29.1000,0.0000,0.0000,30.0000,300.0000,0.0000,0.0000,前方 69.1m 先に停車中,30.0000,90.0000,15.0000,84.1000,114.1000,未発車,後続列車なし,,,
anti_mid_stop__wait_for_forward__hw90_v65_b45_c120,383.3000,1,24.6142,次駅への減速フェーズ（駅手前400m以内）,力行（加速）中,0.2000,ブレーキ（減速）,0.1000,14.0876,70.0000,16.1093,70.0000,70.0000,31.0241,-16.9365,52.7781,0.0000,10.9501,41.8280,-2.3000,-0.0186,2.5015,この先制限速度なし,この先目立った勾配なし,1.0000,13.8839,43.3000,55.6123,1,52.7781,-43.3000,0.0000,0.0000,30.0000,300.0000,0.0000,0.0000,前方 84.3m 先を 23.3km/h で走行中,30.0000,90.0000,0.0000,0.0000,0.0000,発車済み,後続列車なし,,,
anti_mid_stop__wait_for_forward__hw90_v65_b45_c120,183.0000,1,23.2900,駅停車中（発車判断）,ブレーキ（減速）中,10.6000,惰行,0.6000,0.0000,70.0000,69.9979,50.7910,50.7910,0.0000,0.0000,1377.0000,157.0000,0.0000,1377.0000,9.2000,-0.4089,2.8513,この先制限速度なし,10m先に上り勾配11.4‰あり,1.0000,0.0000,0.0000,2.0000,1,1377.0000,157.0000,1.0000,1.0000,30.0000,300.0000,0.0000,109.0000,前方 438.5m 先を 48.7km/h で走行中,30.0000,90.0000,117.0000,0.0000,0.0000,未発車,後続列車なし,,,
anti_mid_stop__wait_for_forward__hw90_v65_b45_c120,198.0000,1,23.2900,駅停車中（発車判断）,ブレーキ（減速）中,25.6000,惰行,0.6000,0.0000,70.0000,69.9979,52.2992,52.2992,0.0000,0.0000,1377.0000,142.0000,0.0000,1377.0000,9.2000,-0.4089,2.8513,この先制限速度なし,10m先に上り勾配11.4‰あり,1.0000,0.0000,0.0000,2.0000,1,1377.0000,142.0000,1.0000,16.0000,30.0000,300.0000,0.0000,107.5000,前方 652.2m 先を 53.7km/h で走行中,30.0000,90.0000,102.0000,0.0000,0.0000,未発車,後続列車なし,,,
anti_mid_stop__on_time__hw90_v50_b30_c30,1.0000,0,21.1124,駅出発直後の加速フェーズ（20秒以内）,力行（加速）中,30.0000,なし（または停止）,0.0000,3.1655,70.0000,69.9979,64.8030,64.8030,1.9871,1.1784,2177.5520,179.0000,0.4738,2177.0783,-2.1000,-0.0130,3.0809,この先制限速度なし,387m先に下り勾配6.7‰あり,0.0000,0.0000,0.0000,0.3625,2,3554.5520,339.0000,0.0000,0.0000,30.0000,300.0000,0.0000,0.0000,前方 1079.4m 先を 49.5km/h で走行中,30.0000,90.0000,151.0000,0.0000,0.0000,未発車,後続列車なし,,,
anti_mid_stop__on_time__hw90_v50_b30_c30,80.0000,0,22.1667,巡航フェーズ（駅間走行中）,惰行中,33.0000,力行（加速）,46.0000,55.3961,70.0000,69.9979,58.3081,58.3081,59.2060,-3.8099,1123.3112,100.0000,143.3653,979.9459,0.0000,-0.1952,0.6699,この先制限速度なし,133m先に上り勾配12.5‰あり,1.0000,13.6284,0.0000,1.9210,2,2500.3112,260.0000,0.0000,0.0000,30.0000,300.0000,0.0000,0.0000,前方 962.0m 先を 30.2km/h で走行中,30.0000,90.0000,72.0000,0.0000,0.0000,未発車,後続列車なし,,,
anti_mid_stop__on_time__hw90_v50_b30_c30,159.0000,0,23.1295,次駅への減速フェーズ（駅手前400m以内）,力行（加速）中,1.0000,惰行,8.0000,35.6694,70.0000,69.6091,35.6694,35.6694,31.6468,4.0226,160.4939,21.0000,60.0249,100.4689,9.2000,-0.4649,0.9215,この先制限速度なし,この先目立った勾配なし,1.0000,29.4845,0.0000,4.5053,2,1537.4939,181.0000,0.0000,0.0000,30.0000,300.0000,0.0000,0.0000,前方 294.5m 先を 36.1km/h で走行中,30.0000,90.0000,0.0000,0.0000,0.0000,発車済み,後続列車なし,,,
anti_mid_stop__on_time__hw90_v50_b30_c30,173.2000,0,23.2580,次駅への減速フェーズ（駅手前400m以内）,ブレーキ（減速）中,1.7000,惰行,0.6000,26.0900,70.0000,69.9979,70.0000,70.0000,24.2219,1.8681,32.0133,6.8000,32.2296,-0.2163,9.2000,-0.4444,1.4452,この先制限速度なし,この先目立った勾配なし,1.0000,26.0900,0.0000,2.1360,2,1409.0133,166.8000,0.0000,0.0000,30.0000,300.0000,0.0000,0.0000,前方 326.4m 先を 44.3km/h で走行中,30.0000,90.0000,0.0000,0.0000,0.0000,発車済み,後続列車なし,,,
anti_mid_stop__on_time__hw90_v50_b30_c30,181.1000,0,23.2898,次駅への減速フェーズ（駅手前400m以内）,ブレーキ（減速）中,9.6000,惰行,0.6000,2.9749,70.0000,69.9979,70.0000,70.0000,1.4773,1.4976,0.2024,0.0000,0.4182,-0.2158,9.2000,-0.4114,2.6924,この先制限速度なし,この先目立った勾配なし,1.0000,2.9749,1.1000,1.6219,2,1377.2024,158.9000,0.0000,0.0000,30.0000,300.0000,0.0000,0.0000,前方 395.5m 先を 47.5km/h で走行中,30.0000,90.0000,0.0000,0.0000,0.0000,発車済み,後続列車なし,,,
anti_mid_stop__on_time__hw90_v50_b30_c30,282.0000,1,24.0099,巡航フェーズ（駅間走行中）,惰行中,16.0000,力行（加速）,1.0000,39.1731,70.0000,69.9979,49.0229,41.9772,53.8684,-14.6953,657.0550,58.0000,83.8395,573.2155,11.4000,-0.5510,0.6513,この先制限速度なし,290m先に下り勾配2.3‰あり,1.0000,17.6078,0.0000,4.9357,1,657.0550,58.0000,0.0000,0.0000,30.0000,300.0000,0.0000,0.0000,前方 518.2m 先を 19.1km/h で走行中,30.0000,90.0000,76.0000,0.0000,0.0000,未発車,後続列車なし,,,
anti_mid_stop__on_time__hw90_v50_b30_c30,354.7000,1,24.5815,次駅への減速フェーズ（駅手前400m以内）,ブレーキ（減速）中,0.1000,ブレーキ（減速）,0.1000,33.9130,70.0000,35.9998,70.0000,70.0000,38.9874,-5.0744,85.4695,0.0000,63.0013,22.4682,-2.3000,-0.0551,1.4235,この先制限速度なし,この先目立った勾配なし,1.0000,33.7755,14.7000,30.3507,1,85.4695,-14.7000,0.0000,0.0000,30.0000,300.0000,0.0000,0.0000,前方 141.0m 先を 29.3km/h で走行中,30.0000,90.0000,0.0000,0.0000,0.0000,発車済み,後続列車なし,,,
anti_mid_stop__on_time__hw90_v50_b30_c30,362.6000,1,24.6455,次駅への減速フェーズ（駅手前400m以内）,ブレーキ（減速）中,5.2000,力行（加速）,0.2000,20.1924,70.0000,39.0887,70.0000,70.0000,19.7824,0.4100,21.5455,0.0000,22.4598,-0.9144,-2.3000,-0.0281,2.1714,この先制限速度なし,この先目立った勾配なし,1.0000,20.1924,22.6000,30.4823,1,21.5455,-22.6000,0.0000,0.0000,30.0000,300.0000,0.0000,0.0000,前方 153.5m 先を 39.6km/h で走行中,30.0000,90.0000,0.0000,0.0000,0.0000,発車済み,後続列車なし,,,
anti_mid_stop__on_time__hw90_v50_b30_c30,370.5000,1,24.6679,駅停車完了（速度0km/h）,ブレーキ（減速）中,13.1000,力行（加速）,0.2000,0.3295,70.0000,53.7497,0.0000,0.0000,0.5688,-0.2393,-0.9085,0.0000,0.0056,-0.9141,-2.3000,-0.0034,3.2394,この先制限速度なし,この先目立った勾配なし,1.0000,0.3295,30.5000,30.7400,1,-0.9085,-30.5000,0.0000,0.0000,30.0000,300.0000,0.0000,0.0000,前方 226.6m 先を 47.2km/h で走行中,30.0000,90.0000,0.0000,0.0000,0.0000,発車済み,後続列車なし,,,
anti_mid_stop__on_time__hw90_v50_b30_c30,183.0000,1,23.2900,駅停車中（発車判断）,ブレーキ（減速）中,10.6000,惰行,0.6000,0.0000,70.0000,69.9979,50.7910,66.5635,0.0000,0.0000,1377.0000,157.0000,0.0000,1377.0000,9.2000,-0.4089,2.8513,この先制限速度なし,10m先に上り勾配11.4‰あり,1.0000,0.0000,0.0000,2.0000,1,1377.0000,157.0000,1.0000,1.0000,30.0000,300.0000,0.0000,109.0000,前方 420.5m 先を 48.2km/h で走行中,30.0000,90.0000,175.0000,0.0000,0.0000,未発車,後続列車なし,,,
anti_mid_stop__on_time__hw90_v50_b30_c30,198.0000,1,23.2900,駅停車中（発車判断）,ブレーキ（減速）中,25.6000,惰行,0.6000,0.0000,70.0000,69.9979,52.2992,67.1741,0.0000,0.0000,1377.0000,142.0000,0.0000,1377.0000,9.2000,-0.4089,2.8513,この先制限速度なし,10m先に上り勾配11.4‰あり,1.0000,0.0000,0.0000,2.0000,1,1377.0000,142.0000,1.0000,16.0000,30.0000,300.0000,0.0000,107.5000,前方 619.7m 先を 44.3km/h で走行中,30.0000,90.0000,160.0000,0.0000,0.0000,未発車,後続列車なし,,,
anti_mid_stop__wait_for_forward__hw90_v50_b30_c30,1.0000,0,21.1124,駅出発直後の加速フェーズ（20秒以内）,力行（加速）中,30.0000,なし（または停止）,0.0000,3.1655,70.0000,69.9979,64.8030,64.8030,1.9871,1.1784,2177.5520,179.0000,0.4738,2177.0783,-2.1000,-0.0130,3.0809,この先制限速度なし,387m先に下り勾配6.7‰あり,0.0000,0.0000,0.0000,0.3625,2,3554.5520,339.0000,0.0000,0.0000,30.0000,300.0000,0.0000,0.0000,前方 1079.4m 先を 49.5km/h で走行中,30.0000,90.0000,151.0000,0.0000,0.0000,未発車,後続列車なし,,,
anti_mid_stop__wait_for_forward__hw90_v50_b30_c30,74.0000,0,22.0734,巡航フェーズ（駅間走行中）,惰行中,27.0000,力行（加速）,46.0000,56.5788,70.0000,69.9979,59.4017,59.4017,60.3845,-3.8057,1216.6188,106.0000,149.4512,1067.1676,0.0000,-0.1991,0.6494,この先制限速度なし,226m先に上り勾配12.5‰あり,1.0000,13.6277,0.0000,1.5381,2,2593.6188,266.0000,0.0000,0.0000,30.0000,300.0000,0.0000,0.0000,前方 1002.8m 先を 32.6km/h で走行中,30.0000,90.0000,78.0000,0.0000,0.0000,未発車,後続列車なし,,,
anti_mid_stop__wait_for_forward__hw90_v50_b30_c30,147.0000,0,23.0119,次駅への減速フェーズ（駅手前400m以内）,惰行中,10.0000,力行（加速）,1.0000,36.0285,70.0000,69.9979,38.4213,38.4213,36.3726,-0.3441,278.1086,33.0000,61.2305,216.8782,6.1000,-0.3564,1.0111,この先制限速度なし,88m先に上り勾配9.2‰あり,1.0000,23.2609,0.0000,4.9136,2,1655.1086,193.0000,0.0000,0.0000,30.0000,300.0000,0.0000,0.0000,前方 312.6m 先を 22.1km/h で走行中,30.0000,90.0000,0.0000,0.0000,0.0000,発車済み,後続列車なし,,,
anti_mid_stop__wait_for_forward__hw90_v50_b30_c30,171.4000,0,23.2436,次駅への減速フェーズ（駅手前400m以内）,惰行中,0.5000,力行（加速）,0.1000,31.3996,70.0000,69.9979,70.0000,70.0000,25.1473,6.2523,46.3776,8.6000,46.5942,-0.2166,9.2000,-0.4553,1.1554,この先制限速度なし,この先目立った勾配なし,1.0000,31.3996,0.0000,2.4310,2,1423.3776,168.6000,0.0000,0.0000,30.0000,300.0000,0.0000,0.0000,前方 318.8m 先を 43.5km/h で走行中,30.0000,90.0000,0.0000,0.0000,0.0000,発車済み,後続列車なし,,,
anti_mid_stop__wait_for_forward__hw90_v50_b30_c30,178.7000,0,23.2855,次駅への減速フェーズ（駅手前400m以内）,ブレーキ（減速）中,7.2000,惰行,0.6000,9.9710,70.0000,69.9979,70.0000,70.0000,9.7483,0.2227,4.5070,1.3000,4.7228,-0.2158,9.2000,-0.4189,2.3174,この先制限速度なし,この先目立った勾配なし,1.0000,9.9710,0.0000,2.0606,2,1381.5070,161.3000,0.0000,0.0000,30.0000,300.0000,0.0000,0.0000,前方 368.4m 先を 46.6km/h で走行中,30.0000,90.0000,0.0000,0.0000,0.0000,発車済み,後続列車なし,,,
anti_mid_stop__wait_for_forward__hw90_v50_b30_c30,298.0000,1,23.6292,巡航フェーズ（駅間走行中）,力行（加速）中,40.0000,ブレーキ（減速）,30.0000,45.8328,70.0000,69.9979,70.0000,70.0000,45.8327,0.0001,1037.7718,42.0000,114.3469,923.4249,11.4000,-0.5969,0.4032,この先制限速度なし,この先目立った勾配なし,0.0000,0.0000,0.0000,48.0002,1,1037.7718,42.0000,0.0000,0.0000,30.0000,300.0000,0.0000,0.0000,前方 982.7m 先を 18.6km/h で走行中,30.0000,90.0000,60.0000,0.0000,0.0000,未発車,後続列車なし,,,
anti_mid_stop__wait_for_forward__hw90_v50_b30_c30,362.0000,1,24.5847,次駅への減速フェーズ（駅手前400m以内）,ブレーキ（減速）中,4.9000,力行（加速）,1.0000,38.9065,70.0000,50.3488,70.0000,70.0000,38.8065,0.1000,82.2835,0.0000,82.7139,-0.4305,-2.3000,-0.0670,1.1493,この先制限速度なし,この先目立った勾配なし,1.0000,38.9065,22.0000,37.3564,1,82.2835,-22.0000,0.0000,0.0000,30.0000,300.0000,0.0000,0.0000,前方 207.7m 先を 39.0km/h で走行中,30.0000,90.0000,0.0000,0.0000,0.0000,発車済み,後続列車なし,,,
anti_mid_stop__wait_for_forward__hw90_v50_b30_c30,369.3000,1,24.6447,次駅への減速フェーズ（駅手前400m以内）,ブレーキ（減速）中,12.2000,力行（加速）,1.0000,20.3180,70.0000,55.0720,70.0000,70.0000,20.1315,0.1866,22.3100,0.0000,22.7392,-0.4292,-2.3000,-0.0283,2.1645,この先制限速度なし,この先目立った勾配なし,1.0000,20.3180,29.3000,37.3205,1,22.3100,-29.3000,0.0000,0.0000,30.0000,300.0000,0.0000,0.0000,前方 234.2m 先を 46.1km/h で走行中,30.0000,90.0000,0.0000,0.0000,0.0000,発車済み,後続列車なし,,,
anti_mid_stop__wait_for_forward__hw90_v50_b30_c30,376.6000,1,24.6672,次駅への減速フェーズ（駅手前400m以内）,ブレーキ（減速）中,19.5000,力行（加速）,1.0000,1.9563,70.0000,66.9302,0.0000,0.0000,0.5688,1.3875,-0.2193,0.0000,0.2096,-0.4289,-2.3000,-0.0048,3.1526,この先制限速度なし,この先目立った勾配なし,1.0000,1.9563,36.6000,36.8400,1,-0.2193,-36.6000,0.0000,0.0000,30.0000,300.0000,0.0000,0.0000,前方 310.5m 先を 49.6km/h で走行中,30.0000,90.0000,0.0000,0.0000,0.0000,発車済み,後続列車なし,,,
anti_mid_stop__wait_for_forward__hw90_v50_b30_c30,183.0000,1,23.2900,駅停車中（発車判断）,ブレーキ（減速）中,10.6000,惰行,0.6000,0.0000,70.0000,69.9979,50.7910,66.5635,0.0000,0.0000,1377.0000,157.0000,0.0000,1377.0000,9.2000,-0.4089,2.8513,この先制限速度なし,10m先に上り勾配11.4‰あり,1.0000,0.0000,0.0000,2.0000,1,1377.0000,157.0000,1.0000,1.0000,30.0000,300.0000,0.0000,109.0000,前方 420.5m 先を 48.2km/h で走行中,30.0000,90.0000,175.0000,0.0000,0.0000,未発車,後続列車なし,,,
anti_mid_stop__wait_for_forward__hw90_v50_b30_c30,195.0000,1,23.2900,駅停車中（発車判断）,ブレーキ（減速）中,22.6000,惰行,0.6000,0.0000,70.0000,69.9979,51.9745,67.0267,0.0000,0.0000,1377.0000,145.0000,0.0000,1377.0000,9.2000,-0.4089,2.8513,この先制限速度なし,10m先に上り勾配11.4‰あり,1.0000,0.0000,0.0000,2.0000,1,1377.0000,145.0000,1.0000,13.0000,30.0000,300.0000,0.0000,108.0000,前方 582.1m 先を 46.0km/h で走行中,30.0000,90.0000,163.0000,0.0000,0.0000,未発車,後続列車なし,,,
anti_mid_stop__wait_for_forward__hw90_v50_b30_c30,207.0000,1,23.2900,駅停車中（発車判断）,ブレーキ（減速）中,34.6000,惰行,0.6000,0.0000,70.0000,69.9979,53.3929,67.6374,0.0000,0.0000,1377.0000,133.0000,0.0000,1377.0000,9.2000,-0.4089,2.8513,この先制限速度なし,10m先に上り勾配11.4‰あり,1.0000,0.0000,0.0000,2.0000,1,1377.0000,133.0000,1.0000,25.0000,30.0000,300.0000,0.0000,106.5000,前方 724.3m 先を 39.3km/h で走行中,30.0000,90.0000,151.0000,0.0000,0.0000,未発車,後続列車なし,,,
anti_mid_stop__wait_for_forward__hw90_v50_b30_c30,219.0000,1,23.2900,駅停車中（発車判断）,ブレーキ（減速）中,46.6000,惰行,0.6000,0.0000,70.0000,69.9979,56.5588,68.4586,0.0000,0.0000,1377.0000,121.0000,0.0000,1377.0000,9.2000,-0.4089,2.8513,この先制限速度なし,10m先に上り勾配11.4‰あり,1.0000,0.0000,0.0000,9.0000,1,1377.0000,121.0000,1.0000,37.0000,30.0000,300.0000,7.0000,104.5000,前方 844.4m 先を 32.8km/h で走行中,30.0000,90.0000,139.0000,0.0000,0.0000,未発車,後続列車なし,,,
anti_mid_stop__wait_for_forward__hw90_v50_b30_c30,231.0000,1,23.2900,駅停車中（発車判断）,ブレーキ（減速）中,58.6000,惰行,0.6000,0.0000,70.0000,69.9979,70.0000,69.5367,0.0000,0.0000,1377.0000,109.0000,0.0000,1377.0000,9.2000,-0.4089,2.8513,この先制限速度なし,10m先に上り勾配11.4‰あり,1.0000,0.0000,0.0000,21.0000,1,1377.0000,109.0000,1.0000,49.0000,30.0000,300.0000,19.0000,102.0000,前方 943.0m 先を 26.4km/h で走行中,30.0000,90.0000,127.0000,0.0000,0.0000,未発車,後続列車なし,,,
anti_mid_stop__wait_for_forward__hw90_v50_b30_c30,243.0000,1,23.2900,駅停車中（発車判断）,ブレーキ（減速）中,70.6000,惰行,0.6000,0.0000,70.0000,69.9979,70.0000,70.0000,0.0000,0.0000,1377.0000,97.0000,0.0000,1377.0000,9.2000,-0.4089,2.8513,この先制限速度なし,10m先に上り勾配11.4‰あり,1.0000,0.0000,0.0000,33.0000,1,1377.0000,97.0000,1.0000,61.0000,30.0000,300.0000,31.0000,102.0000,前方 1021.0m 先を 21.1km/h で走行中,30.0000,90.0000,115.0000,0.0000,0.0000,未発車,後続列車なし,,,
anti_mid_stop__wait_for_forward__hw90_v50_b30_c30,255.0000,1,23.2900,駅停車中（発車判断）,ブレーキ（減速）中,82.6000,惰行,0.6000,0.0000,70.0000,69.9979,70.0000,70.0000,0.0000,0.0000,1377.0000,85.0000,0.0000,1377.0000,9.2000,-0.4089,2.8513,この先制限速度なし,10m先に上り勾配11.4‰あり,1.0000,0.0000,0.0000,45.0000,1,1377.0000,85.0000,1.0000,73.0000,30.0000,300.0000,43.0000,102.0000,前方 1090.8m 先を 20.7km/h で走行中,30.0000,90.0000,103.0000,0.0000,0.0000,未発車,後続列車なし,,,
anti_mid_stop__on_time__hw90_v50_b30_c120,1.0000,0,21.1124,駅出発直後の加速フェーズ（20秒以内）,力行（加速）中,30.0000,なし（または停止）,0.0000,3.1655,70.0000,69.9979,64.8030,64.8030,1.9871,1.1784,2177.5520,179.0000,0.4738,2177.0783,-2.1000,-0.0130,3.0809,この先制限速度なし,387m先に下り勾配6.7‰あり,0.0000,0.0000,0.0000,0.3625,2,3554.5520,339.0000,0.0000,0.0000,30.0000,300.0000,0.0000,0.0000,前方 1079.4m 先を 49.5km/h で走行中,30.0000,90.0000,151.0000,0.0000,0.0000,未発車,後続列車なし,,,
anti_mid_stop__on_time__hw90_v50_b30_c120,167.6000,0,23.2101,次駅への減速フェーズ（駅手前400m以内）,惰行中,0.6000,力行（加速）,0.1000,32.0215,70.0000,69.9979,34.1750,34.1750,27.1998,4.8217,79.9379,12.4000,48.4466,31.4913,9.2000,-0.4566,1.1214,この先制限速度なし,この先目立った勾配なし,1.0000,29.9756,0.0000,3.2478,2,1456.9379,172.4000,0.0000,0.0000,30.0000,300.0000,0.0000,0.0000,前方 307.4m 先を 41.7km/h で走行中,30.0000,90.0000,0.0000,0.0000,0.0000,発車済み,後続列車なし,,,
anti_mid_stop__on_time__hw90_v50_b30_c120,249.0000,1,23.5915,巡航フェーズ（駅間走行中）,力行（加速）中,37.0000,ブレーキ（減速）,30.0000,44.5920,70.0000,69.9979,54.4255,59.0882,44.5918,0.0002,1075.4549,91.0000,108.3171,967.1379,11.4000,-0.5935,0.4241,この先制限速度なし,この先目立った勾配なし,0.0000,0.0000,0.0000,1.9999,1,1075.4549,91.0000,0.0000,0.0000,30.0000,300.0000,0.0000,0.0000,前方 754.5m 先を 21.0km/h で走行中,30.0000,90.0000,109.0000,0.0000,0.0000,未発車,後続列車なし,,,
anti_mid_stop__on_time__hw90_v50_b30_c120,364.3000,1,24.5948,次駅への減速フェーズ（駅手前400m以内）,ブレーキ（減速）中,0.7000,力行（加速）,0.1000,4.2046,70.0000,6.2827,70.0000,9.1070,36.3271,-32.1225,72.1873,0.0000,0.9741,71.2132,-2.3000,-0.0069,3.0324,この先制限速度なし,この先目立った勾配なし,1.0000,3.7740,24.3000,38.6885,1,72.1873,-24.3000,0.0000,0.0000,30.0000,300.0000,0.0000,0.0000,前方 72.2m 先に停車中,30.0000,90.0000,15.0000,21.3000,51.3000,未発車,後続列車なし,,,
anti_mid_stop__on_time__hw90_v50_b30_c120,382.4000,1,24.5968,次駅への減速フェーズ（駅手前400m以内）,ブレーキ（減速）中,13.4000,力行（加速）,0.1000,0,70.0000,1.9675,70.0000,8.7701,35.8231,-35.8231,70.2152,0.0000,0.0000,70.2152,-2.3000,-0.0032,3.2570,この先制限速度なし,この先目立った勾配なし,0.0000,0.0000,42.4000,56.5915,1,70.2152,-42.4000,0.0000,0.0000,30.0000,300.0000,0.0000,0.0000,前方 70.2m 先に停車中,30.0000,90.0000,15.0000,39.4000,69.4000,未発車,後続列車なし,,,
anti_mid_stop__on_time__hw90_v50_b30_c120,400.5000,1,24.5968,次駅への減速フェーズ（駅手前400m以内）,ブレーキ（減速）中,31.5000,力行（加速）,0.1000,0,70.0000,1.9675,70.0000,8.7701,35.8231,-35.8231,70.2152,0.0000,0.0000,70.2152,-2.3000,-0.0032,3.2570,この先制限速度なし,この先目立った勾配なし,0.0000,0.0000,60.5000,74.6915,1,70.2152,-60.5000,0.0000,0.0000,30.0000,300.0000,0.0000,0.0000,前方 70.2m 先に停車中,30.0000,90.0000,15.0000,57.5000,87.5000,未発車,後続列車なし,,,
anti_mid_stop__on_time__hw90_v50_b30_c120,418.6000,1,24.5968,次駅への減速フェーズ（駅手前400m以内）,ブレーキ（減速）中,49.6000,力行（加速）,0.1000,0,70.0000,1.9675,70.0000,8.7701,35.8231,-35.8231,70.2152,0.0000,0.0000,70.2152,-2.3000,-0.0032,3.2570,この先制限速度なし,この先目立った勾配なし,0.0000,0.0000,78.6000,92.7915,1,70.2152,-78.6000,0.0000,0.0000,30.0000,300.0000,0.0000,0.0000,前方 70.2m 先に停車中,30.0000,90.0000,15.0000,75.6000,105.6000,未発車,後続列車なし,,,
anti_mid_stop__on_time__hw90_v50_b30_c120,436.7000,1,24.6005,次駅への減速フェーズ（駅手前400m以内）,力行（加速）中,0.3000,ブレーキ（減速）,0.1000,6.9380,70.0000,8.7991,70.0000,70.0000,34.8551,-27.9171,66.5029,0.0000,2.6567,63.8462,-2.3000,-0.0097,2.8860,この先制限速度なし,この先目立った勾配なし,1.0000,6.6091,96.7000,110.5133,1,66.5029,-96.7000,0.0000,0.0000,30.0000,300.0000,0.0000,0.0000,前方 74.3m 先を 12.4km/h で走行中,30.0000,90.0000,0.0000,0.0000,0.0000,発車済み,後続列車なし,,,
anti_mid_stop__on_time__hw90_v50_b30_c120,454.8000,1,24.6669,次駅への減速フェーズ（駅手前400m以内）,ブレーキ（減速）中,7.7000,力行（加速）,0.2000,1.8410,70.0000,39.8877,70.0000,70.0000,0.8038,1.0372,0.0630,0.0000,0.1854,-0.1224,-2.3000,-0.0047,3.1587,この先制限速度なし,この先目立った勾配なし,1.0000,1.8410,114.8000,115.1339,1,0.0630,-114.8000,0.0000,0.0000,30.0000,300.0000,0.0000,0.0000,前方 157.0m 先を 41.9km/h で走行中,30.0000,90.0000,0.0000,0.0000,0.0000,発車済み,後続列車なし,,,
anti_mid_stop__on_time__hw90_v50_b30_c120,183.0000,1,23.2900,駅停車中（発車判断）,ブレーキ（減速）中,10.6000,惰行,0.6000,0.0000,70.0000,69.9979,50.7910,66.5635,0.0000,0.0000,1377.0000,157.0000,0.0000,1377.0000,9.2000,-0.4089,2.8513,この先制限速度なし,10m先に上り勾配11.4‰あり,1.0000,0.0000,0.0000,2.0000,1,1377.0000,157.0000,1.0000,1.0000,30.0000,300.0000,0.0000,109.0000,前方 420.5m 先を 48.2km/h で走行中,30.0000,90.0000,175.0000,0.0000,0.0000,未発車,後続列車なし,,,
anti_mid_stop__on_time__hw90_v50_b30_c120,198.0000,1,23.2900,駅停車中（発車判断）,ブレーキ（減速）中,25.6000,惰行,0.6000,0.0000,70.0000,69.9979,52.2992,67.1741,0.0000,0.0000,1377.0000,142.0000,0.0000,1377.0000,9.2000,-0.4089,2.8513,この先制限速度なし,10m先に上り勾配11.4‰あり,1.0000,0.0000,0.0000,2.0000,1,1377.0000,142.0000,1.0000,16.0000,30.0000,300.0000,0.0000,107.5000,前方 619.7m 先を 44.3km/h で走行中,30.0000,90.0000,160.0000,0.0000,0.0000,未発車,後続列車なし,,,
anti_mid_stop__wait_for_forward__hw90_v50_b30_c120,1.0000,0,21.1124,駅出発直後の加速フェーズ（20秒以内）,力行（加速）中,30.0000,なし（または停止）,0.0000,3.1655,70.0000,69.9979,64.8030,64.8030,1.9871,1.1784,2177.5520,179.0000,0.4738,2177.0783,-2.1000,-0.0130,3.0809,この先制限速度なし,387m先に下り勾配6.7‰あり,0.0000,0.0000,0.0000,0.3625,2,3554.5520,339.0000,0.0000,0.0000,30.0000,300.0000,0.0000,0.0000,前方 1079.4m 先を 49.5km/h で走行中,30.0000,90.0000,151.0000,0.0000,0.0000,未発車,後続列車なし,,,
anti_mid_stop__wait_for_forward__hw90_v50_b30_c120,166.3000,0,23.1984,次駅への減速フェーズ（駅手前400m以内）,惰行中,0.1000,惰行,7.1000,32.4594,70.0000,69.9979,34.0610,34.0610,27.8807,4.5787,91.5840,13.7000,49.7720,41.8119,9.2000,-0.4576,1.0974,この先制限速度なし,この先目立った勾配なし,1.0000,29.7301,0.0000,3.4703,2,1468.5840,173.7000,0.0000,0.0000,30.0000,300.0000,0.0000,0.0000,前方 304.1m 先を 41.0km/h で走行中,30.0000,90.0000,0.0000,0.0000,0.0000,発車済み,後続列車なし,,,
anti_mid_stop__wait_for_forward__hw90_v50_b30_c120,269.0000,1,23.3295,駅出発直後の加速フェーズ（20秒以内）,力行（加速）中,11.0000,ブレーキ（減速）,30.0000,23.3057,70.0000,69.9979,70.0000,70.0000,23.2987,0.0070,1337.5426,71.0000,29.8874,1307.6552,11.4000,-0.5168,1.5191,この先制限速度なし,この先目立った勾配なし,0.0000,0.0000,0.0000,48.0026,1,1337.5426,71.0000,0.0000,0.0000,30.0000,300.0000,0.0000,0.0000,前方 1129.3m 先を 19.4km/h で走行中,30.0000,90.0000,89.0000,0.0000,0.0000,未発車,後続列車なし,,,
anti_mid_stop__wait_for_forward__hw90_v50_b30_c120,371.3000,1,24.5953,次駅への減速フェーズ（駅手前400m以内）,ブレーキ（減速）中,21.2000,惰行,6.0000,4.2188,70.0000,5.5200,70.0000,8.9512,36.2006,-31.9818,71.6900,0.0000,0.9807,70.7093,-2.3000,-0.0069,3.0316,この先制限速度なし,この先目立った勾配なし,1.0000,3.7906,31.3000,45.6390,1,71.6900,-31.3000,0.0000,0.0000,30.0000,300.0000,0.0000,0.0000,前方 71.7m 先に停車中,30.0000,90.0000,15.0000,28.3000,58.3000,未発車,後続列車なし,,,
anti_mid_stop__wait_for_forward__hw90_v50_b30_c120,388.1000,1,24.5968,次駅への減速フェーズ（駅手前400m以内）,ブレーキ（減速）中,12.8000,力行（加速）,0.1000,0,70.0000,1.9653,70.0000,8.7701,35.8230,-35.8230,70.2149,0.0000,0.0000,70.2149,-2.3000,-0.0032,3.2570,この先制限速度なし,この先目立った勾配なし,0.0000,0.0000,48.1000,62.2915,1,70.2149,-48.1000,0.0000,0.0000,30.0000,300.0000,0.0000,0.0000,前方 70.2m 先に停車中,30.0000,90.0000,15.0000,45.1000,75.1000,未発車,後続列車なし,,,
anti_mid_stop__wait_for_forward__hw90_v50_b30_c120,404.9000,1,24.5968,次駅への減速フェーズ（駅手前400m以内）,ブレーキ（減速）中,29.6000,力行（加速）,0.1000,0,70.0000,1.9653,70.0000,8.7701,35.8230,-35.8230,70.2149,0.0000,0.0000,70.2149,-2.3000,-0.0032,3.2570,この先制限速度なし,この先目立った勾配なし,0.0000,0.0000,64.9000,79.0915,1,70.2149,-64.9000,0.0000,0.0000,30.0000,300.0000,0.0000,0.0000,前方 70.2m 先に停車中,30.0000,90.0000,15.0000,61.9000,91.9000,未発車,後続列車なし,,,
anti_mid_stop__wait_for_forward__hw90_v50_b30_c120,421.7000,1,24.5968,次駅への減速フェーズ（駅手前400m以内）,ブレーキ（減速）中,46.4000,力行（加速）,0.1000,0,70.0000,1.9653,70.0000,8.7701,35.8230,-35.8230,70.2149,0.0000,0.0000,70.2149,-2.3000,-0.0032,3.2570,この先制限速度なし,この先目立った勾配なし,0.0000,0.0000,81.7000,95.8915,1,70.2149,-81.7000,0.0000,0.0000,30.0000,300.0000,0.0000,0.0000,前方 70.2m 先に停車中,30.0000,90.0000,15.0000,78.7000,108.7000,未発車,後続列車なし,,,
anti_mid_stop__wait_for_forward__hw90_v50_b30_c120,438.5000,1,24.6045,次駅への減速フェーズ（駅手前400m以内）,ブレーキ（減速）中,0.4000,ブレーキ（減速）,0.1000,9.3533,70.0000,11.7300,70.0000,70.0000,33.7694,-24.4162,62.4560,0.0000,4.8297,57.6263,-2.3000,-0.0125,2.7563,この先制限速度なし,この先目立った勾配なし,1.0000,9.0700,98.5000,111.8883,1,62.4560,-98.5000,0.0000,0.0000,30.0000,300.0000,0.0000,0.0000,前方 77.6m 先を 16.9km/h で走行中,30.0000,90.0000,0.0000,0.0000,0.0000,発車済み,後続列車なし,,,
anti_mid_stop__wait_for_forward__hw90_v50_b30_c120,455.3000,1,24.6671,次駅への減速フェーズ（駅手前400m以内）,ブレーキ（減速）中,8.2000,力行（加速）,0.2000,0.5889,70.0000,41.1865,0.0000,0.0000,0.5688,0.0201,-0.1043,0.0000,0.0184,-0.1227,-2.3000,-0.0036,3.2256,この先制限速度なし,この先目立った勾配なし,1.0000,0.5889,115.3000,115.5400,1,-0.1043,-115.3000,0.0000,0.0000,30.0000,300.0000,0.0000,0.0000,前方 162.6m 先を 42.4km/h で走行中,30.0000,90.0000,0.0000,0.0000,0.0000,発車済み,後続列車なし,,,
anti_mid_stop__wait_for_forward__hw90_v50_b30_c120,183.0000,1,23.2900,駅停車中（発車判断）,ブレーキ（減速）中,10.6000,惰行,0.6000,0.0000,70.0000,69.9979,50.7910,66.5635,0.0000,0.0000,1377.0000,157.0000,0.0000,1377.0000,9.2000,-0.4089,2.8513,この先制限速度なし,10m先に上り勾配11.4‰あり,1.0000,0.0000,0.0000,2.0000,1,1377.0000,157.0000,1.0000,1.0000,30.0000,300.0000,0.0000,109.0000,前方 420.5m 先を 48.2km/h で走行中,30.0000,90.0000,175.0000,0.0000,0.0000,未発車,後続列車なし,,,
anti_mid_stop__wait_for_forward__hw90_v50_b30_c120,195.0000,1,23.2900,駅停車中（発車判断）,ブレーキ（減速）中,22.6000,惰行,0.6000,0.0000,70.0000,69.9979,51.9745,67.0267,0.0000,0.0000,1377.0000,145.0000,0.0000,1377.0000,9.2000,-0.4089,2.8513,この先制限速度なし,10m先に上り勾配11.4‰あり,1.0000,0.0000,0.0000,2.0000,1,1377.0000,145.0000,1.0000,13.0000,30.0000,300.0000,0.0000,108.0000,前方 582.1m 先を 46.0km/h で走行中,30.0000,90.0000,163.0000,0.0000,0.0000,未発車,後続列車なし,,,
anti_mid_stop__wait_for_forward__hw90_v50_b30_c120,207.0000,1,23.2900,駅停車中（発車判断）,ブレーキ（減速）中,34.6000,惰行,0.6000,0.0000,70.0000,69.9979,53.3929,67.6374,0.0000,0.0000,1377.0000,133.0000,0.0000,1377.0000,9.2000,-0.4089,2.8513,この先制限速度なし,10m先に上り勾配11.4‰あり,1.0000,0.0000,0.0000,2.0000,1,1377.0000,133.0000,1.0000,25.0000,30.0000,300.0000,0.0000,106.5000,前方 724.3m 先を 39.3km/h で走行中,30.0000,90.0000,151.0000,0.0000,0.0000,未発車,後続列車なし,,,
anti_mid_stop__wait_for_forward__hw90_v50_b30_c120,219.0000,1,23.2900,駅停車中（発車判断）,ブレーキ（減速）中,46.6000,惰行,0.6000,0.0000,70.0000,69.9979,56.5588,68.4586,0.0000,0.0000,1377.0000,121.0000,0.0000,1377.0000,9.2000,-0.4089,2.8513,この先制限速度なし,10m先に上り勾配11.4‰あり,1.0000,0.0000,0.0000,9.0000,1,1377.0000,121.0000,1.0000,37.0000,30.0000,300.0000,7.0000,104.5000,前方 844.4m 先を 32.8km/h で走行中,30.0000,90.0000,139.0000,0.0000,0.0000,未発車,後続列車なし,,,
anti_mid_stop__wait_for_forward__hw90_v50_b30_c120,231.0000,1,23.2900,駅停車中（発車判断）,ブレーキ（減速）中,58.6000,惰行,0.6000,0.0000,70.0000,69.9979,70.0000,69.5367,0.0000,0.0000,1377.0000,109.0000,0.0000,1377.0000,9.2000,-0.4089,2.8513,この先制限速度なし,10m先に上り勾配11.4‰あり,1.0000,0.0000,0.0000,21.0000,1,1377.0000,109.0000,1.0000,49.0000,30.0000,300.0000,19.0000,102.0000,前方 943.0m 先を 26.4km/h で走行中,30.0000,90.0000,127.0000,0.0000,0.0000,未発車,後続列車なし,,,
anti_mid_stop__wait_for_forward__hw90_v50_b30_c120,243.0000,1,23.2900,駅停車中（発車判断）,ブレーキ（減速）中,70.6000,惰行,0.6000,0.0000,70.0000,69.9979,70.0000,70.0000,0.0000,0.0000,1377.0000,97.0000,0.0000,1377.0000,9.2000,-0.4089,2.8513,この先制限速度なし,10m先に上り勾配11.4‰あり,1.0000,0.0000,0.0000,33.0000,1,1377.0000,97.0000,1.0000,61.0000,30.0000,300.0000,31.0000,102.0000,前方 1021.0m 先を 21.1km/h で走行中,30.0000,90.0000,115.0000,0.0000,0.0000,未発車,後続列車なし,,,
anti_mid_stop__wait_for_forward__hw90_v50_b30_c120,255.0000,1,23.2900,駅停車中（発車判断）,ブレーキ（減速）中,82.6000,惰行,0.6000,0.0000,70.0000,69.9979,70.0000,70.0000,0.0000,0.0000,1377.0000,85.0000,0.0000,1377.0000,9.2000,-0.4089,2.8513,この先制限速度なし,10m先に上り勾配11.4‰あり,1.0000,0.0000,0.0000,45.0000,1,1377.0000,85.0000,1.0000,73.0000,30.0000,300.0000,43.0000,102.0000,前方 1090.8m 先を 20.7km/h で走行中,30.0000,90.0000,103.0000,0.0000,0.0000,未発車,後続列車なし,,,
anti_mid_stop__on_time__hw90_v50_b30_c180,1.0000,0,21.1124,駅出発直後の加速フェーズ（20秒以内）,力行（加速）中,30.0000,なし（または停止）,0.0000,3.1655,70.0000,69.9979,64.8030,64.8030,1.9871,1.1784,2177.5520,179.0000,0.4738,2177.0783,-2.1000,-0.0130,3.0809,この先制限速度なし,387m先に下り勾配6.7‰あり,0.0000,0.0000,0.0000,0.3625,2,3554.5520,339.0000,0.0000,0.0000,30.0000,300.0000,0.0000,0.0000,前方 1079.4m 先を 49.5km/h で走行中,30.0000,90.0000,151.0000,0.0000,0.0000,未発車,後続列車なし,,,
anti_mid_stop__on_time__hw90_v50_b30_c180,175.1000,0,23.2703,次駅への減速フェーズ（駅手前400m以内）,ブレーキ（減速）中,3.6000,惰行,0.6000,20.5054,70.0000,69.9979,70.0000,70.0000,20.4034,0.1020,19.7259,4.9000,19.9420,-0.2161,9.2000,-0.4343,1.7487,この先制限速度なし,この先目立った勾配なし,1.0000,20.5054,0.0000,2.1022,2,1396.7259,164.9000,0.0000,0.0000,30.0000,300.0000,0.0000,0.0000,前方 337.7m 先を 45.1km/h で走行中,30.0000,90.0000,0.0000,0.0000,0.0000,発車済み,後続列車なし,,,
anti_mid_stop__on_time__hw90_v50_b30_c180,361.2000,1,24.5885,次駅への減速フェーズ（駅手前400m以内）,ブレーキ（減速）中,0.4000,惰行,0.1000,10.4422,70.0000,12.4179,70.0000,9.8819,37.9043,-27.4620,78.5304,0.0000,6.0195,72.5109,-2.3000,-0.0138,2.6978,この先制限速度なし,この先目立った勾配なし,1.0000,10.0887,21.2000,36.2039,1,78.5304,-21.2000,0.0000,0.0000,30.0000,300.0000,0.0000,0.0000,前方 78.5m 先に停車中,30.0000,90.0000,15.0000,18.2000,48.2000,未発車,後続列車なし,,,
anti_mid_stop__on_time__hw90_v50_b30_c180,386.8000,1,24.5968,次駅への減速フェーズ（駅手前400m以内）,ブレーキ（減速）中,17.8000,力行（加速）,0.1000,0,70.0000,1.9675,70.0000,8.7701,35.8231,-35.8231,70.2152,0.0000,0.0000,70.2152,-2.3000,-0.0032,3.2570,この先制限速度なし,この先目立った勾配なし,0.0000,0.0000,46.8000,60.9915,1,70.2152,-46.8000,0.0000,0.0000,30.0000,300.0000,0.0000,0.0000,前方 70.2m 先に停車中,30.0000,90.0000,15.0000,43.8000,73.8000,未発車,後続列車なし,,,
anti_mid_stop__on_time__hw90_v50_b30_c180,412.4000,1,24.5968,次駅への減速フェーズ（駅手前400m以内）,ブレーキ（減速）中,43.4000,力行（加速）,0.1000,0,70.0000,1.9675,70.0000,8.7701,35.8231,-35.8231,70.2152,0.0000,0.0000,70.2152,-2.3000,-0.0032,3.2570,この先制限速度なし,この先目立った勾配なし,0.0000,0.0000,72.4000,86.5915,1,70.2152,-72.4000,0.0000,0.0000,30.0000,300.0000,0.0000,0.0000,前方 70.2m 先に停車中,30.0000,90.0000,15.0000,69.4000,99.4000,未発車,後続列車なし,,,
anti_mid_stop__on_time__hw90_v50_b30_c180,438.0000,1,24.5968,次駅への減速フェーズ（駅手前400m以内）,ブレーキ（減速）中,69.0000,力行（加速）,0.1000,0,70.0000,1.9675,70.0000,8.7701,35.8231,-35.8231,70.2152,0.0000,0.0000,70.2152,-2.3000,-0.0032,3.2570,この先制限速度なし,この先目立った勾配なし,0.0000,0.0000,98.0000,112.1915,1,70.2152,-98.0000,0.0000,0.0000,30.0000,300.0000,0.0000,0.0000,前方 70.2m 先に停車中,30.0000,90.0000,15.0000,95.0000,125.0000,未発車,後続列車なし,,,
anti_mid_stop__on_time__hw90_v50_b30_c180,463.6000,1,24.5968,次駅への減速フェーズ（駅手前400m以内）,ブレーキ（減速）中,94.6000,力行（加速）,0.1000,0,70.0000,1.9675,70.0000,8.7701,35.8231,-35.8231,70.2152,0.0000,0.0000,70.2152,-2.3000,-0.0032,3.2570,この先制限速度なし,この先目立った勾配なし,0.0000,0.0000,123.6000,137.7915,1,70.2152,-123.6000,0.0000,0.0000,30.0000,300.0000,0.0000,0.0000,前方 70.2m 先に停車中,30.0000,90.0000,15.0000,120.6000,150.6000,未発車,後続列車なし,,,
anti_mid_stop__on_time__hw90_v50_b30_c180,489.2000,1,24.5968,次駅への減速フェーズ（駅手前400m以内）,ブレーキ（減速）中,120.2000,力行（加速）,0.1000,0,70.0000,1.9675,70.0000,8.7701,35.8231,-35.8231,70.2152,0.0000,0.0000,70.2152,-2.3000,-0.0032,3.2570,この先制限速度なし,この先目立った勾配なし,0.0000,0.0000,149.2000,163.3915,1,70.2152,-149.2000,0.0000,0.0000,30.0000,300.0000,0.0000,0.0000,前方 70.2m 先に停車中,30.0000,90.0000,15.0000,146.2000,176.2000,未発車,後続列車なし,,,
anti_mid_stop__on_time__hw90_v50_b30_c180,514.8000,1,24.6669,次駅への減速フェーズ（駅手前400m以内）,ブレーキ（減速）中,7.7000,力行（加速）,0.3000,1.8471,70.0000,39.8727,70.0000,70.0000,1.0242,0.8229,0.1222,0.0000,0.1867,-0.0645,-2.3000,-0.0047,3.1584,この先制限速度なし,この先目立った勾配なし,1.0000,1.8471,174.8000,175.2219,1,0.1222,-174.8000,0.0000,0.0000,30.0000,300.0000,0.0000,0.0000,前方 156.9m 先を 41.9km/h で走行中,30.0000,90.0000,0.0000,0.0000,0.0000,発車済み,後続列車なし,,,
anti_mid_stop__on_time__hw90_v50_b30_c180,183.0000,1,23.2900,駅停車中（発車判断）,ブレーキ（減速）中,10.6000,惰行,0.6000,0.0000,70.0000,69.9979,50.7910,66.5635,0.0000,0.0000,1377.0000,157.0000,0.0000,1377.0000,9.2000,-0.4089,2.8513,この先制限速度なし,10m先に上り勾配11.4‰あり,1.0000,0.0000,0.0000,2.0000,1,1377.0000,157.0000,1.0000,1.0000,30.0000,300.0000,0.0000,109.0000,前方 420.5m 先を 48.2km/h で走行中,30.0000,90.0000,175.0000,0.0000,0.0000,未発車,後続列車なし,,,
anti_mid_stop__on_time__hw90_v50_b30_c180,198.0000,1,23.2900,駅停車中（発車判断）,ブレーキ（減速）中,25.6000,惰行,0.6000,0.0000,70.0000,69.9979,52.2992,67.1741,0.0000,0.0000,1377.0000,142.0000,0.0000,1377.0000,9.2000,-0.4089,2.8513,この先制限速度なし,10m先に上り勾配11.4‰あり,1.0000,0.0000,0.0000,2.0000,1,1377.0000,142.0000,1.0000,16.0000,30.0000,300.0000,0.0000,107.5000,前方 619.7m 先を 44.3km/h で走行中,30.0000,90.0000,160.0000,0.0000,0.0000,未発車,後続列車なし,,,
anti_mid_stop__wait_for_forward__hw90_v50_b30_c180,1.0000,0,21.1124,駅出発直後の加速フェーズ（20秒以内）,力行（加速）中,30.0000,なし（または停止）,0.0000,3.1655,70.0000,69.9979,64.8030,64.8030,1.9871,1.1784,2177.5520,179.0000,0.4738,2177.0783,-2.1000,-0.0130,3.0809,この先制限速度なし,387m先に下り勾配6.7‰あり,0.0000,0.0000,0.0000,0.3625,2,3554.5520,339.0000,0.0000,0.0000,30.0000,300.0000,0.0000,0.0000,前方 1079.4m 先を 49.5km/h で走行中,30.0000,90.0000,151.0000,0.0000,0.0000,未発車,後続列車なし,,,
anti_mid_stop__wait_for_forward__hw90_v50_b30_c180,173.8000,0,23.2622,次駅への減速フェーズ（駅手前400m以内）,ブレーキ（減速）中,2.3000,惰行,0.6000,24.3244,70.0000,69.9979,70.0000,70.0000,23.9434,0.3810,27.8146,6.2000,28.0308,-0.2162,9.2000,-0.4411,1.5413,この先制限速度なし,この先目立った勾配なし,1.0000,24.3244,0.0000,2.1082,2,1404.8146,166.2000,0.0000,0.0000,30.0000,300.0000,0.0000,0.0000,前方 329.6m 先を 44.6km/h で走行中,30.0000,90.0000,0.0000,0.0000,0.0000,発車済み,後続列車なし,,,
anti_mid_stop__wait_for_forward__hw90_v50_b30_c180,369.5000,1,24.5921,次駅への減速フェーズ（駅手前400m以内）,ブレーキ（減速）中,19.4000,惰行,6.0000,8.7354,70.0000,9.4272,70.0000,9.3428,37.0151,-28.2797,74.9219,0.0000,4.2127,70.7093,-2.3000,-0.0117,2.7895,この先制限速度なし,この先目立った勾配なし,1.0000,8.3890,29.5000,44.1573,1,74.9219,-29.5000,0.0000,0.0000,30.0000,300.0000,0.0000,0.0000,前方 74.9m 先に停車中,30.0000,90.0000,15.0000,26.5000,56.5000,未発車,後続列車なし,,,
anti_mid_stop__wait_for_forward__hw90_v50_b30_c180,393.8000,1,24.5968,次駅への減速フェーズ（駅手前400m以内）,ブレーキ（減速）中,18.5000,力行（加速）,0.1000,0,70.0000,1.9653,70.0000,8.7701,35.8230,-35.8230,70.2149,0.0000,0.0000,70.2149,-2.3000,-0.0032,3.2570,この先制限速度なし,この先目立った勾配なし,0.0000,0.0000,53.8000,67.9915,1,70.2149,-53.8000,0.0000,0.0000,30.0000,300.0000,0.0000,0.0000,前方 70.2m 先に停車中,30.0000,90.0000,15.0000,50.8000,80.8000,未発車,後続列車なし,,,
anti_mid_stop__wait_for_forward__hw90_v50_b30_c180,418.1000,1,24.5968,次駅への減速フェーズ（駅手前400m以内）,ブレーキ（減速）中,42.8000,力行（加速）,0.1000,0,70.0000,1.9653,70.0000,8.7701,35.8230,-35.8230,70.2149,0.0000,0.0000,70.2149,-2.3000,-0.0032,3.2570,この先制限速度なし,この先目立った勾配なし,0.0000,0.0000,78.1000,92.2915,1,70.2149,-78.1000,0.0000,0.0000,30.0000,300.0000,0.0000,0.0000,前方 70.2m 先に停車中,30.0000,90.0000,15.0000,75.1000,105.1000,未発車,後続列車なし,,,
anti_mid_stop__wait_for_forward__hw90_v50_b30_c180,442.4000,1,24.5968,次駅への減速フェーズ（駅手前400m以内）,ブレーキ（減速）中,67.1000,力行（加速）,0.1000,0,70.0000,1.9653,70.0000,8.7701,35.8230,-35.8230,70.2149,0.0000,0.0000,70.2149,-2.3000,-0.0032,3.2570,この先制限速度なし,この先目立った勾配なし,0.0000,0.0000,102.4000,116.5915,1,70.2149,-102.4000,0.0000,0.0000,30.0000,300.0000,0.0000,0.0000,前方 70.2m 先に停車中,30.0000,90.0000,15.0000,99.4000,129.4000,未発車,後続列車なし,,,
anti_mid_stop__wait_for_forward__hw90_v50_b30_c180,466.7000,1,24.5968,次駅への減速フェーズ（駅手前400m以内）,ブレーキ（減速）中,91.4000,力行（加速）,0.1000,0,70.0000,1.9653,70.0000,8.7701,35.8230,-35.8230,70.2149,0.0000,0.0000,70.2149,-2.3000,-0.0032,3.2570,この先制限速度なし,この先目立った勾配なし,0.0000,0.0000,126.7000,140.8915,1,70.2149,-126.7000,0.0000,0.0000,30.0000,300.0000,0.0000,0.0000,前方 70.2m 先に停車中,30.0000,90.0000,15.0000,123.7000,153.7000,未発車,後続列車なし,,,
anti_mid_stop__wait_for_forward__hw90_v50_b30_c180,491.0000,1,24.5968,次駅への減速フェーズ（駅手前400m以内）,ブレーキ（減速）中,115.7000,力行（加速）,0.1000,0,70.0000,1.9653,70.0000,8.7701,35.8230,-35.8230,70.2149,0.0000,0.0000,70.2149,-2.3000,-0.0032,3.2570,この先制限速度なし,この先目立った勾配なし,0.0000,0.0000,151.0000,165.1915,1,70.2149,-151.0000,0.0000,0.0000,30.0000,300.0000,0.0000,0.0000,前方 70.2m 先に停車中,30.0000,90.0000,15.0000,148.0000,178.0000,未発車,後続列車なし,,,
anti_mid_stop__wait_for_forward__hw90_v50_b30_c180,515.3000,1,24.6670,次駅への減速フェーズ（駅手前400m以内）,ブレーキ（減速）中,8.2000,力行（加速）,0.3000,0.5950,70.0000,41.1716,0.0000,0.0000,0.5688,0.0262,-0.0460,0.0000,0.0188,-0.0648,-2.3000,-0.0037,3.2252,この先制限速度なし,この先目立った勾配なし,1.0000,0.5950,175.3000,175.5400,1,-0.0460,-175.3000,0.0000,0.0000,30.0000,300.0000,0.0000,0.0000,前方 162.6m 先を 42.3km/h で走行中,30.0000,90.0000,0.0000,0.0000,0.0000,発車済み,後続列車なし,,,
anti_mid_stop__wait_for_forward__hw90_v50_b30_c180,183.0000,1,23.2900,駅停車中（発車判断）,ブレーキ（減速）中,10.6000,惰行,0.6000,0.0000,70.0000,69.9979,50.7910,66.5635,0.0000,0.0000,1377.0000,157.0000,0.0000,1377.0000,9.2000,-0.4089,2.8513,この先制限速度なし,10m先に上り勾配11.4‰あり,1.0000,0.0000,0.0000,2.0000,1,1377.0000,157.0000,1.0000,1.0000,30.0000,300.0000,0.0000,109.0000,前方 420.5m 先を 48.2km/h で走行中,30.0000,90.0000,175.0000,0.0000,0.0000,未発車,後続列車なし,,,
anti_mid_stop__wait_for_forward__hw90_v50_b30_c180,195.0000,1,23.2900,駅停車中（発車判断）,ブレーキ（減速）中,22.6000,惰行,0.6000,0.0000,70.0000,69.9979,51.9745,67.0267,0.0000,0.0000,1377.0000,145.0000,0.0000,1377.0000,9.2000,-0.4089,2.8513,この先制限速度なし,10m先に上り勾配11.4‰あり,1.0000,0.0000,0.0000,2.0000,1,1377.0000,145.0000,1.0000,13.0000,30.0000,300.0000,0.0000,108.0000,前方 582.1m 先を 46.0km/h で走行中,30.0000,90.0000,163.0000,0.0000,0.0000,未発車,後続列車なし,,,
anti_mid_stop__wait_for_forward__hw90_v50_b30_c180,207.0000,1,23.2900,駅停車中（発車判断）,ブレーキ（減速）中,34.6000,惰行,0.6000,0.0000,70.0000,69.9979,53.3929,67.6374,0.0000,0.0000,1377.0000,133.0000,0.0000,1377.0000,9.2000,-0.4089,2.8513,この先制限速度なし,10m先に上り勾配11.4‰あり,1.0000,0.0000,0.0000,2.0000,1,1377.0000,133.0000,1.0000,25.0000,30.0000,300.0000,0.0000,106.5000,前方 724.3m 先を 39.3km/h で走行中,30.0000,90.0000,151.0000,0.0000,0.0000,未発車,後続列車なし,,,
anti_mid_stop__wait_for_forward__hw90_v50_b30_c180,219.0000,1,23.2900,駅停車中（発車判断）,ブレーキ（減速）中,46.6000,惰行,0.6000,0.0000,70.0000,69.9979,56.5588,68.4586,0.0000,0.0000,1377.0000,121.0000,0.0000,1377.0000,9.2000,-0.4089,2.8513,この先制限速度なし,10m先に上り勾配11.4‰あり,1.0000,0.0000,0.0000,9.0000,1,1377.0000,121.0000,1.0000,37.0000,30.0000,300.0000,7.0000,104.5000,前方 844.4m 先を 32.8km/h で走行中,30.0000,90.0000,139.0000,0.0000,0.0000,未発車,後続列車なし,,,
anti_mid_stop__wait_for_forward__hw90_v50_b30_c180,231.0000,1,23.2900,駅停車中（発車判断）,ブレーキ（減速）中,58.6000,惰行,0.6000,0.0000,70.0000,69.9979,70.0000,69.5367,0.0000,0.0000,1377.0000,109.0000,0.0000,1377.0000,9.2000,-0.4089,2.8513,この先制限速度なし,10m先に上り勾配11.4‰あり,1.0000,0.0000,0.0000,21.0000,1,1377.0000,109.0000,1.0000,49.0000,30.0000,300.0000,19.0000,102.0000,前方 943.0m 先を 26.4km/h で走行中,30.0000,90.0000,127.0000,0.0000,0.0000,未発車,後続列車なし,,,
anti_mid_stop__wait_for_forward__hw90_v50_b30_c180,243.0000,1,23.2900,駅停車中（発車判断）,ブレーキ（減速）中,70.6000,惰行,0.6000,0.0000,70.0000,69.9979,70.0000,70.0000,0.0000,0.0000,1377.0000,97.0000,0.0000,1377.0000,9.2000,-0.4089,2.8513,この先制限速度なし,10m先に上り勾配11.4‰あり,1.0000,0.0000,0.0000,33.0000,1,1377.0000,97.0000,1.0000,61.0000,30.0000,300.0000,31.0000,102.0000,前方 1021.0m 先を 21.1km/h で走行中,30.0000,90.0000,115.0000,0.0000,0.0000,未発車,後続列車なし,,,
anti_mid_stop__wait_for_forward__hw90_v50_b30_c180,255.0000,1,23.2900,駅停車中（発車判断）,ブレーキ（減速）中,82.6000,惰行,0.6000,0.0000,70.0000,69.9979,70.0000,70.0000,0.0000,0.0000,1377.0000,85.0000,0.0000,1377.0000,9.2000,-0.4089,2.8513,この先制限速度なし,10m先に上り勾配11.4‰あり,1.0000,0.0000,0.0000,45.0000,1,1377.0000,85.0000,1.0000,73.0000,30.0000,300.0000,43.0000,102.0000,前方 1090.8m 先を 20.7km/h で走行中,30.0000,90.0000,103.0000,0.0000,0.0000,未発車,後続列車なし,,,
anti_mid_stop__on_time__hw90_v50_b60_c60,1.0000,0,21.1124,駅出発直後の加速フェーズ（20秒以内）,力行（加速）中,30.0000,なし（または停止）,0.0000,3.1655,70.0000,69.9979,64.8030,64.8030,1.9871,1.1784,2177.5520,179.0000,0.4738,2177.0783,-2.1000,-0.0130,3.0809,この先制限速度なし,387m先に下り勾配6.7‰あり,0.0000,0.0000,0.0000,0.3625,2,3554.5520,339.0000,0.0000,0.0000,30.0000,300.0000,0.0000,0.0000,前方 1079.4m 先を 49.5km/h で走行中,30.0000,90.0000,151.0000,0.0000,0.0000,未発車,後続列車なし,,,
anti_mid_stop__on_time__hw90_v50_b60_c60,124.0000,0,22.7589,巡航フェーズ（駅間走行中）,惰行中,8.0000,力行（加速）,1.0000,43.2485,70.0000,69.9979,44.8764,44.8764,44.6440,-1.3955,531.1409,56.0000,87.9429,443.1980,6.1000,-0.3746,0.6619,この先制限速度なし,341m先に上り勾配9.2‰あり,1.0000,20.9226,0.0000,4.4224,2,1908.1409,216.0000,0.0000,0.0000,30.0000,300.0000,0.0000,0.0000,前方 531.1m 先に停車中,30.0000,90.0000,28.0000,0.0000,17.0000,未発車,後続列車なし,,,
anti_mid_stop__on_time__hw90_v50_b60_c60,175.0000,0,23.2295,次駅への減速フェーズ（駅手前400m以内）,ブレーキ（減速）中,0.3000,ブレーキ（減速）,0.1000,14.7216,70.0000,16.9339,70.0000,70.0000,26.0297,-11.3081,60.5198,5.0000,10.2916,50.2282,9.2000,-0.4253,2.0615,この先制限速度なし,この先目立った勾配なし,1.0000,6.1168,0.0000,8.0212,2,1437.5198,165.0000,0.0000,0.0000,30.0000,300.0000,0.0000,0.0000,前方 83.6m 先を 18.7km/h で走行中,30.0000,90.0000,0.0000,0.0000,0.0000,発車済み,後続列車なし,,,
anti_mid_stop__on_time__hw90_v50_b60_c60,187.3000,0,23.2872,次駅への減速フェーズ（駅手前400m以内）,ブレーキ（減速）中,4.6000,力行（加速）,0.2000,7.9955,70.0000,32.5220,70.0000,70.0000,7.6403,0.3552,2.7690,0.0000,3.0361,-0.2671,9.2000,-0.4166,2.4235,この先制限速度なし,この先目立った勾配なし,1.0000,7.9955,7.3000,9.9380,2,1379.7690,152.7000,0.0000,0.0000,30.0000,300.0000,0.0000,0.0000,前方 120.0m 先を 34.6km/h で走行中,30.0000,90.0000,0.0000,0.0000,0.0000,発車済み,後続列車なし,,,
anti_mid_stop__on_time__hw90_v50_b60_c60,316.9000,1,24.2232,巡航フェーズ（駅間走行中）,惰行中,24.0000,力行（加速）,1.0000,23.4605,70.0000,69.9979,70.0000,26.1717,44.8570,-21.3965,443.7589,23.1000,30.2841,413.4748,11.4000,-0.5171,1.5106,この先制限速度なし,76m先に下り勾配2.3‰あり,1.0000,13.2851,0.0000,24.2687,1,443.7589,23.1000,0.0000,0.0000,30.0000,300.0000,0.0000,0.0000,前方 330.7m 先を 18.9km/h で走行中,30.0000,90.0000,71.1000,0.0000,0.0000,未発車,後続列車なし,,,
anti_mid_stop__on_time__hw90_v50_b60_c60,388.6000,1,24.5916,次駅への減速フェーズ（駅手前400m以内）,ブレーキ（減速）中,0.1000,惰行,0.1000,7.9847,70.0000,9.9121,70.0000,9.5029,37.1437,-29.1590,75.4391,0.0000,3.5195,71.9196,-2.3000,-0.0109,2.8298,この先制限速度なし,この先目立った勾配なし,1.0000,7.6270,48.6000,63.3076,1,75.4391,-48.6000,0.0000,0.0000,30.0000,300.0000,0.0000,0.0000,前方 75.4m 先に停車中,30.0000,90.0000,15.0000,15.6000,45.6000,未発車,後続列車なし,,,
anti_mid_stop__on_time__hw90_v50_b60_c60,400.9000,1,24.5968,次駅への減速フェーズ（駅手前400m以内）,ブレーキ（減速）中,5.6000,力行（加速）,0.1000,0,70.0000,1.9589,70.0000,8.7701,35.8226,-35.8226,70.2136,0.0000,0.0000,70.2136,-2.3000,-0.0032,3.2570,この先制限速度なし,この先目立った勾配なし,0.0000,0.0000,60.9000,75.0914,1,70.2136,-60.9000,0.0000,0.0000,30.0000,300.0000,0.0000,0.0000,前方 70.2m 先に停車中,30.0000,90.0000,15.0000,27.9000,57.9000,未発車,後続列車なし,,,
anti_mid_stop__on_time__hw90_v50_b60_c60,413.2000,1,24.6216,次駅への減速フェーズ（駅手前400m以内）,力行（加速）中,0.1000,力行（加速）,0.3000,16.3323,70.0000,18.6066,70.0000,70.0000,28.7686,-12.4362,45.4260,0.0000,14.7100,30.7161,-2.3000,-0.0219,2.3803,この先制限速度なし,この先目立った勾配なし,1.0000,16.1796,73.2000,84.6273,1,45.4260,-73.2000,0.0000,0.0000,30.0000,300.0000,0.0000,0.0000,前方 89.1m 先を 26.6km/h で走行中,30.0000,90.0000,0.0000,0.0000,0.0000,発車済み,後続列車なし,,,
anti_mid_stop__on_time__hw90_v50_b60_c60,190.9000,1,23.2900,駅停車中（発車判断）,ブレーキ（減速）中,7.3000,力行（加速）,0.2000,0.0000,70.0000,42.0731,51.4746,66.0118,0.0000,0.0000,1377.0000,149.1000,0.0000,1377.0000,9.2000,-0.4089,2.8513,この先制限速度なし,10m先に上り勾配11.4‰あり,1.0000,0.0000,0.0000,9.9000,1,1377.0000,149.1000,1.0000,1.0000,30.0000,300.0000,0.0000,108.5000,前方 153.3m 先を 37.5km/h で走行中,30.0000,90.0000,197.1000,0.0000,0.0000,未発車,後続列車なし,,,
anti_mid_stop__on_time__hw90_v50_b60_c60,205.9000,1,23.2900,駅停車中（発車判断）,ブレーキ（減速）中,22.3000,力行（加速）,0.2000,0.0000,70.0000,69.9979,53.3929,66.3613,0.0000,0.0000,1377.0000,134.1000,0.0000,1377.0000,9.2000,-0.4089,2.8513,この先制限速度なし,10m先に上り勾配11.4‰あり,1.0000,0.0000,0.0000,9.9000,1,1377.0000,134.1000,1.0000,16.0000,30.0000,300.0000,0.0000,106.5000,前方 327.9m 先を 45.5km/h で走行中,30.0000,90.0000,182.1000,0.0000,0.0000,未発車,後続列車なし,,,
anti_mid_stop__wait_for_forward__hw90_v50_b60_c60,1.0000,0,21.1124,駅出発直後の加速フェーズ（20秒以内）,力行（加速）中,30.0000,なし（または停止）,0.0000,3.1655,70.0000,69.9979,64.8030,64.8030,1.9871,1.1784,2177.5520,179.0000,0.4738,2177.0783,-2.1000,-0.0130,3.0809,この先制限速度なし,387m先に下り勾配6.7‰あり,0.0000,0.0000,0.0000,0.3625,2,3554.5520,339.0000,0.0000,0.0000,30.0000,300.0000,0.0000,0.0000,前方 1079.4m 先を 49.5km/h で走行中,30.0000,90.0000,151.0000,0.0000,0.0000,未発車,後続列車なし,,,
anti_mid_stop__wait_for_forward__hw90_v50_b60_c60,103.0000,0,22.4946,巡航フェーズ（駅間走行中）,力行（加速）中,56.0000,力行（加速）,46.0000,45.9328,70.0000,69.9979,48.9559,48.9559,49.2937,-3.3609,795.4440,77.0000,99.0679,696.3761,12.5000,-0.6078,0.3909,この先制限速度なし,5m先で上り勾配12.5‰が終わり平坦になる,1.0000,16.2166,0.0000,3.5694,2,2172.4440,237.0000,0.0000,0.0000,30.0000,300.0000,0.0000,0.0000,前方 789.7m 先を 11.0km/h で走行中,30.0000,90.0000,49.0000,0.0000,0.0000,未発車,後続列車なし,,,
anti_mid_stop__wait_for_forward__hw90_v50_b60_c60,170.8000,0,23.2128,次駅への減速フェーズ（駅手前400m以内）,ブレーキ（減速）中,0.1000,力行（加速）,0.1000,14.4773,70.0000,16.6370,70.0000,70.0000,27.0351,-12.5578,77.1596,9.2000,9.9532,67.2064,9.2000,-0.4249,2.0747,この先制限速度なし,この先目立った勾配なし,0.0000,0.0000,0.0000,6.0792,2,1454.1596,169.2000,0.0000,0.0000,30.0000,300.0000,0.0000,0.0000,前方 83.2m 先を 10.3km/h で走行中,30.0000,90.0000,0.0000,0.0000,0.0000,発車済み,後続列車なし,,,
anti_mid_stop__wait_for_forward__hw90_v50_b60_c60,181.0000,0,23.2585,次駅への減速フェーズ（駅手前400m以内）,力行（加速）中,0.3000,ブレーキ（減速）,0.1000,20.3916,70.0000,22.3920,70.0000,70.0000,24.1885,-3.7969,31.5053,0.0000,19.7219,11.7834,9.2000,-0.4341,1.7548,この先制限速度なし,この先目立った勾配なし,1.0000,19.0920,1.0000,9.8603,2,1408.5053,159.0000,0.0000,0.0000,30.0000,300.0000,0.0000,0.0000,前方 93.8m 先を 27.8km/h で走行中,30.0000,90.0000,0.0000,0.0000,0.0000,発車済み,後続列車なし,,,
anti_mid_stop__wait_for_forward__hw90_v50_b60_c60,300.9000,1,23.3432,駅出発直後の加速フェーズ（20秒以内）,力行（加速）中,13.0000,ブレーキ（減速）,30.0000,26.1852,70.0000,69.9979,70.0000,70.0000,26.1817,0.0035,1323.7766,39.1000,37.6875,1286.0891,11.4000,-0.5222,1.3624,この先制限速度なし,この先目立った勾配なし,0.0000,0.0000,0.0000,77.9016,1,1323.7766,39.1000,0.0000,0.0000,30.0000,300.0000,0.0000,0.0000,前方 1125.7m 先を 19.3km/h で走行中,30.0000,90.0000,87.1000,0.0000,0.0000,未発車,後続列車なし,,,
anti_mid_stop__wait_for_forward__hw90_v50_b60_c60,394.8000,1,24.5735,次駅への減速フェーズ（駅手前400m以内）,ブレーキ（減速）中,14.8000,惰行,6.0000,20.3253,70.0000,20.6274,70.0000,11.9623,39.0371,-18.7118,93.4643,0.0000,22.7553,70.7090,-2.3000,-0.0283,2.1642,この先制限速度なし,この先目立った勾配なし,1.0000,19.9615,54.8000,71.1887,1,93.4643,-54.8000,0.0000,0.0000,30.0000,300.0000,0.0000,0.0000,前方 93.5m 先に停車中,30.0000,90.0000,15.0000,21.8000,51.8000,未発車,後続列車なし,,,
anti_mid_stop__wait_for_forward__hw90_v50_b60_c60,405.0000,1,24.5979,次駅への減速フェーズ（駅手前400m以内）,ブレーキ（減速）中,0.3000,ブレーキ（減速）,0.1000,3.7170,70.0000,5.9302,70.0000,70.0000,35.5361,-31.8191,69.1042,0.0000,0.7608,68.3434,-2.3000,-0.0064,3.0585,この先制限速度なし,この先目立った勾配なし,1.0000,3.2764,65.0000,79.0795,1,69.1042,-65.0000,0.0000,0.0000,30.0000,300.0000,0.0000,0.0000,前方 72.0m 先を 7.8km/h で走行中,30.0000,90.0000,0.0000,0.0000,0.0000,発車済み,後続列車なし,,,
anti_mid_stop__wait_for_forward__hw90_v50_b60_c60,415.2000,1,24.6314,次駅への減速フェーズ（駅手前400m以内）,力行（加速）中,0.1000,ブレーキ（減速）,0.1000,19.1447,70.0000,21.2982,70.0000,70.0000,25.4386,-6.2939,35.5636,0.0000,20.1961,15.3675,-2.3000,-0.0263,2.2281,この先制限速度なし,この先目立った勾配なし,1.0000,19.0659,75.2000,85.3160,1,35.5636,-75.2000,0.0000,0.0000,30.0000,300.0000,0.0000,0.0000,前方 95.0m 先を 30.1km/h で走行中,30.0000,90.0000,0.0000,0.0000,0.0000,発車済み,後続列車なし,,,
anti_mid_stop__wait_for_forward__hw90_v50_b60_c60,425.4000,1,24.6673,次駅への減速フェーズ（駅手前400m以内）,ブレーキ（減速）中,8.3000,力行（加速）,0.4000,0.5023,70.0000,41.3446,0.0000,0.0000,0.5688,-0.0665,-0.3463,0.0000,0.0133,-0.3597,-2.3000,-0.0036,3.2302,この先制限速度なし,この先目立った勾配なし,1.0000,0.5023,85.4000,85.6400,1,-0.3463,-85.4000,0.0000,0.0000,30.0000,300.0000,0.0000,0.0000,前方 163.3m 先を 42.4km/h で走行中,30.0000,90.0000,0.0000,0.0000,0.0000,発車済み,後続列車なし,,,
anti_mid_stop__wait_for_forward__hw90_v50_b60_c60,190.9000,1,23.2900,駅停車中（発車判断）,ブレーキ（減速）中,7.3000,力行（加速）,0.2000,0.0000,70.0000,42.0731,51.4746,66.0118,0.0000,0.0000,1377.0000,149.1000,0.0000,1377.0000,9.2000,-0.4089,2.8513,この先制限速度なし,10m先に上り勾配11.4‰あり,1.0000,0.0000,0.0000,9.9000,1,1377.0000,149.1000,1.0000,1.0000,30.0000,300.0000,0.0000,108.5000,前方 153.3m 先を 37.5km/h で走行中,30.0000,90.0000,197.1000,0.0000,0.0000,未発車,後続列車なし,,,
anti_mid_stop__wait_for_forward__hw90_v50_b60_c60,202.9000,1,23.2900,駅停車中（発車判断）,ブレーキ（減速）中,19.3000,力行（加速）,0.2000,0.0000,70.0000,68.9853,53.0896,66.2982,0.0000,0.0000,1377.0000,137.1000,0.0000,1377.0000,9.2000,-0.4089,2.8513,この先制限速度なし,10m先に上り勾配11.4‰あり,1.0000,0.0000,0.0000,9.9000,1,1377.0000,137.1000,1.0000,13.0000,30.0000,300.0000,0.0000,107.0000,前方 290.6m 先を 44.2km/h で走行中,30.0000,90.0000,185.1000,0.0000,0.0000,未発車,後続列車なし,,,
anti_mid_stop__wait_for_forward__hw90_v50_b60_c60,214.9000,1,23.2900,駅停車中（発車判断）,ブレーキ（減速）中,31.3000,力行（加速）,0.2000,0.0000,70.0000,69.9979,55.2600,66.6603,0.0000,0.0000,1377.0000,125.1000,0.0000,1377.0000,9.2000,-0.4089,2.8513,この先制限速度なし,10m先に上り勾配11.4‰あり,1.0000,0.0000,0.0000,9.9000,1,1377.0000,125.1000,1.0000,25.0000,30.0000,300.0000,0.0000,105.5000,前方 446.0m 先を 48.9km/h で走行中,30.0000,90.0000,173.1000,0.0000,0.0000,未発車,後続列車なし,,,
anti_mid_stop__wait_for_forward__hw90_v50_b60_c60,226.9000,1,23.2900,駅停車中（発車判断）,ブレーキ（減速）中,43.3000,力行（加速）,0.2000,0.0000,70.0000,69.9979,70.0000,67.1068,0.0000,0.0000,1377.0000,113.1000,0.0000,1377.0000,9.2000,-0.4089,2.8513,この先制限速度なし,10m先に上り勾配11.4‰あり,1.0000,0.0000,0.0000,16.9000,1,1377.0000,113.1000,1.0000,37.0000,30.0000,300.0000,7.0000,102.0000,前方 606.0m 先を 45.0km/h で走行中,30.0000,90.0000,161.1000,0.0000,0.0000,未発車,後続列車なし,,,
anti_mid_stop__wait_for_forward__hw90_v50_b60_c60,238.9000,1,23.2900,駅停車中（発車判断）,ブレーキ（減速）中,55.3000,力行（加速）,0.2000,0.0000,70.0000,69.9979,70.0000,67.7343,0.0000,0.0000,1377.0000,101.1000,0.0000,1377.0000,9.2000,-0.4089,2.8513,この先制限速度なし,10m先に上り勾配11.4‰あり,1.0000,0.0000,0.0000,28.9000,1,1377.0000,101.1000,1.0000,49.0000,30.0000,300.0000,19.0000,102.0000,前方 744.6m 先を 38.3km/h で走行中,30.0000,90.0000,149.1000,0.0000,0.0000,未発車,後続列車なし,,,
anti_mid_stop__wait_for_forward__hw90_v50_b60_c60,250.9000,1,23.2900,駅停車中（発車判断）,ブレーキ（減速）中,67.3000,力行（加速）,0.2000,0.0000,70.0000,69.9979,70.0000,68.6229,0.0000,0.0000,1377.0000,89.1000,0.0000,1377.0000,9.2000,-0.4089,2.8513,この先制限速度なし,10m先に上り勾配11.4‰あり,1.0000,0.0000,0.0000,40.9000,1,1377.0000,89.1000,1.0000,61.0000,30.0000,300.0000,31.0000,102.0000,前方 861.3m 先を 31.8km/h で走行中,30.0000,90.0000,137.1000,0.0000,0.0000,未発車,後続列車なし,,,
anti_mid_stop__wait_for_forward__hw90_v50_b60_c60,262.9000,1,23.2900,駅停車中（発車判断）,ブレーキ（減速）中,79.3000,力行（加速）,0.2000,0.0000,70.0000,69.9979,70.0000,69.7052,0.0000,0.0000,1377.0000,77.1000,0.0000,1377.0000,9.2000,-0.4089,2.8513,この先制限速度なし,10m先に上り勾配11.4‰あり,1.0000,0.0000,0.0000,52.9000,1,1377.0000,77.1000,1.0000,73.0000,30.0000,300.0000,43.0000,102.0000,前方 956.6m 先を 25.5km/h で走行中,30.0000,90.0000,125.1000,0.0000,0.0000,未発車,後続列車なし,,,
anti_mid_stop__wait_for_forward__hw90_v50_b60_c60,274.9000,1,23.2900,駅停車中（発車判断）,ブレーキ（減速）中,91.3000,力行（加速）,0.2000,0.0000,70.0000,69.9979,70.0000,70.0000,0.0000,0.0000,1377.0000,65.1000,0.0000,1377.0000,9.2000,-0.4089,2.8513,この先制限速度なし,10m先に上り勾配11.4‰あり,1.0000,0.0000,0.0000,64.9000,1,1377.0000,65.1000,1.0000,85.0000,30.0000,300.0000,55.0000,102.0000,前方 1032.1m 先を 21.1km/h で走行中,30.0000,90.0000,113.1000,0.0000,0.0000,未発車,後続列車なし,,,
anti_mid_stop__wait_for_forward__hw90_v50_b60_c60,286.9000,1,23.2900,駅停車中（発車判断）,ブレーキ（減速）中,103.3000,力行（加速）,0.2000,0.0000,70.0000,69.9979,70.0000,70.0000,0.0000,0.0000,1377.0000,53.1000,0.0000,1377.0000,9.2000,-0.4089,2.8513,この先制限速度なし,10m先に上り勾配11.4‰あり,1.0000,0.0000,0.0000,76.9000,1,1377.0000,53.1000,1.0000,97.0000,30.0000,300.0000,67.0000,102.0000,前方 1101.6m 先を 20.5km/h で走行中,30.0000,90.0000,101.1000,0.0000,0.0000,未発車,後続列車なし,,,
anti_mid_stop__on_time__hw90_v50_b45_c120,1.0000,0,21.1124,駅出発直後の加速フェーズ（20秒以内）,力行（加速）中,30.0000,なし（または停止）,0.0000,3.1655,70.0000,69.9979,64.8030,64.8030,1.9871,1.1784,2177.5520,179.0000,0.4738,2177.0783,-2.1000,-0.0130,3.0809,この先制限速度なし,387m先に下り勾配6.7‰あり,0.0000,0.0000,0.0000,0.3625,2,3554.5520,339.0000,0.0000,0.0000,30.0000,300.0000,0.0000,0.0000,前方 1079.4m 先を 49.5km/h で走行中,30.0000,90.0000,151.0000,0.0000,0.0000,未発車,後続列車なし,,,
anti_mid_stop__on_time__hw90_v50_b45_c120,168.2000,0,23.2154,次駅への減速フェーズ（駅手前400m以内）,惰行中,0.3000,力行（加速）,0.1000,31.9053,70.0000,42.4277,34.0700,34.0700,26.8829,5.0225,74.6042,11.8000,48.0979,26.5064,9.2000,-0.4564,1.1277,この先制限速度なし,この先目立った勾配なし,1.0000,30.0867,0.0000,3.1380,2,1451.6042,171.8000,0.0000,0.0000,30.0000,300.0000,0.0000,0.0000,前方 154.7m 先を 30.4km/h で走行中,30.0000,90.0000,0.0000,0.0000,0.0000,発車済み,後続列車なし,,,
anti_mid_stop__on_time__hw90_v50_b45_c120,261.0000,1,23.7480,巡航フェーズ（駅間走行中）,惰行中,49.0000,ブレーキ（減速）,30.0000,48.2446,70.0000,69.9979,54.1296,51.2634,49.1949,-0.9502,919.0051,79.0000,126.5168,792.4882,11.4000,-0.6038,0.3623,この先制限速度なし,この先目立った勾配なし,1.0000,9.5720,0.0000,2.0094,1,919.0051,79.0000,0.0000,0.0000,30.0000,300.0000,0.0000,0.0000,前方 580.5m 先を 21.0km/h で走行中,30.0000,90.0000,112.0000,0.0000,0.0000,未発車,後続列車なし,,,
anti_mid_stop__on_time__hw90_v50_b45_c120,376.9000,1,24.5948,次駅への減速フェーズ（駅手前400m以内）,ブレーキ（減速）中,0.1000,ブレーキ（減速）,0.7000,4.6491,70.0000,6.2335,70.0000,9.1028,36.3185,-31.6694,72.1536,0.0000,1.1916,70.9620,-2.3000,-0.0073,3.0086,この先制限速度なし,この先目立った勾配なし,1.0000,4.2363,36.9000,51.2852,1,72.1536,-36.9000,0.0000,0.0000,30.0000,300.0000,0.0000,0.0000,前方 72.2m 先に停車中,30.0000,90.0000,15.0000,18.9000,48.9000,未発車,後続列車なし,,,
anti_mid_stop__on_time__hw90_v50_b45_c120,395.6000,1,24.5968,次駅への減速フェーズ（駅手前400m以内）,ブレーキ（減速）中,14.1000,力行（加速）,0.1000,0,70.0000,1.9717,70.0000,8.7701,35.8233,-35.8233,70.2160,0.0000,0.0000,70.2160,-2.3000,-0.0032,3.2570,この先制限速度なし,この先目立った勾配なし,0.0000,0.0000,55.6000,69.7916,1,70.2160,-55.6000,0.0000,0.0000,30.0000,300.0000,0.0000,0.0000,前方 70.2m 先に停車中,30.0000,90.0000,15.0000,37.6000,67.6000,未発車,後続列車なし,,,
anti_mid_stop__on_time__hw90_v50_b45_c120,414.3000,1,24.5968,次駅への減速フェーズ（駅手前400m以内）,ブレーキ（減速）中,32.8000,力行（加速）,0.1000,0,70.0000,1.9717,70.0000,8.7701,35.8233,-35.8233,70.2160,0.0000,0.0000,70.2160,-2.3000,-0.0032,3.2570,この先制限速度なし,この先目立った勾配なし,0.0000,0.0000,74.3000,88.4916,1,70.2160,-74.3000,0.0000,0.0000,30.0000,300.0000,0.0000,0.0000,前方 70.2m 先に停車中,30.0000,90.0000,15.0000,56.3000,86.3000,未発車,後続列車なし,,,
anti_mid_stop__on_time__hw90_v50_b45_c120,433.0000,1,24.5968,次駅への減速フェーズ（駅手前400m以内）,ブレーキ（減速）中,51.5000,力行（加速）,0.1000,0,70.0000,1.9717,70.0000,8.7701,35.8233,-35.8233,70.2160,0.0000,0.0000,70.2160,-2.3000,-0.0032,3.2570,この先制限速度なし,この先目立った勾配なし,0.0000,0.0000,93.0000,107.1916,1,70.2160,-93.0000,0.0000,0.0000,30.0000,300.0000,0.0000,0.0000,前方 70.2m 先に停車中,30.0000,90.0000,15.0000,75.0000,105.0000,未発車,後続列車なし,,,
anti_mid_stop__on_time__hw90_v50_b45_c120,451.7000,1,24.6005,次駅への減速フェーズ（駅手前400m以内）,ブレーキ（減速）中,0.3000,ブレーキ（減速）,0.1000,6.3988,70.0000,8.7863,70.0000,70.0000,34.8614,-28.4625,66.5267,0.0000,2.2595,64.2672,-2.3000,-0.0091,2.9149,この先制限速度なし,この先目立った勾配なし,1.0000,6.0632,111.7000,125.5158,1,66.5267,-111.7000,0.0000,0.0000,30.0000,300.0000,0.0000,0.0000,前方 74.3m 先を 12.4km/h で走行中,30.0000,90.0000,0.0000,0.0000,0.0000,発車済み,後続列車なし,,,
anti_mid_stop__on_time__hw90_v50_b45_c120,470.4000,1,24.6671,駅停車完了（速度0km/h）,ブレーキ（減速）中,8.3000,力行（加速）,0.3000,0.3447,70.0000,41.4343,0.0000,0.0000,0.5688,-0.2241,-0.0576,0.0000,0.0061,-0.0637,-2.3000,-0.0035,3.2386,この先制限速度なし,この先目立った勾配なし,1.0000,0.3447,130.4000,130.6400,1,-0.0576,-130.4000,0.0000,0.0000,30.0000,300.0000,0.0000,0.0000,前方 163.7m 先を 42.4km/h で走行中,30.0000,90.0000,0.0000,0.0000,0.0000,発車済み,後続列車なし,,,
anti_mid_stop__on_time__hw90_v50_b45_c120,183.0000,1,23.2900,駅停車中（発車判断）,ブレーキ（減速）中,10.6000,惰行,0.6000,0.0000,70.0000,58.9194,50.7910,66.1802,0.0000,0.0000,1377.0000,157.0000,0.0000,1377.0000,9.2000,-0.4089,2.8513,この先制限速度なし,10m先に上り勾配11.4‰あり,1.0000,0.0000,0.0000,2.0000,1,1377.0000,157.0000,1.0000,1.0000,30.0000,300.0000,0.0000,109.0000,前方 231.9m 先を 41.9km/h で走行中,30.0000,90.0000,190.0000,0.0000,0.0000,未発車,後続列車なし,,,
anti_mid_stop__on_time__hw90_v50_b45_c120,198.0000,1,23.2900,駅停車中（発車判断）,ブレーキ（減速）中,25.6000,惰行,0.6000,0.0000,70.0000,69.9979,52.2992,66.5635,0.0000,0.0000,1377.0000,142.0000,0.0000,1377.0000,9.2000,-0.4089,2.8513,この先制限速度なし,10m先に上り勾配11.4‰あり,1.0000,0.0000,0.0000,2.0000,1,1377.0000,142.0000,1.0000,16.0000,30.0000,300.0000,0.0000,107.5000,前方 420.4m 先を 48.2km/h で走行中,30.0000,90.0000,175.0000,0.0000,0.0000,未発車,後続列車なし,,,
anti_mid_stop__wait_for_forward__hw90_v50_b45_c120,1.0000,0,21.1124,駅出発直後の加速フェーズ（20秒以内）,力行（加速）中,30.0000,なし（または停止）,0.0000,3.1655,70.0000,69.9979,64.8030,64.8030,1.9871,1.1784,2177.5520,179.0000,0.4738,2177.0783,-2.1000,-0.0130,3.0809,この先制限速度なし,387m先に下り勾配6.7‰あり,0.0000,0.0000,0.0000,0.3625,2,3554.5520,339.0000,0.0000,0.0000,30.0000,300.0000,0.0000,0.0000,前方 1079.4m 先を 49.5km/h で走行中,30.0000,90.0000,151.0000,0.0000,0.0000,未発車,後続列車なし,,,
anti_mid_stop__wait_for_forward__hw90_v50_b45_c120,166.3000,0,23.1984,次駅への減速フェーズ（駅手前400m以内）,惰行中,0.1000,惰行,7.1000,32.4594,70.0000,42.8101,34.0610,34.0610,27.8807,4.5787,91.5840,13.7000,49.7720,41.8119,9.2000,-0.4576,1.0974,この先制限速度なし,この先目立った勾配なし,1.0000,29.7301,0.0000,3.4703,2,1468.5840,173.7000,0.0000,0.0000,30.0000,300.0000,0.0000,0.0000,前方 156.2m 先を 28.2km/h で走行中,30.0000,90.0000,0.0000,0.0000,0.0000,発車済み,後続列車なし,,,
anti_mid_stop__wait_for_forward__hw90_v50_b45_c120,284.0000,1,23.3295,駅出発直後の加速フェーズ（20秒以内）,力行（加速）中,11.0000,ブレーキ（減速）,30.0000,23.3057,70.0000,69.9979,70.0000,70.0000,23.2987,0.0070,1337.5426,56.0000,29.8874,1307.6552,11.4000,-0.5168,1.5191,この先制限速度なし,この先目立った勾配なし,0.0000,0.0000,0.0000,63.0026,1,1337.5426,56.0000,0.0000,0.0000,30.0000,300.0000,0.0000,0.0000,前方 1129.2m 先を 19.4km/h で走行中,30.0000,90.0000,89.0000,0.0000,0.0000,未発車,後続列車なし,,,
anti_mid_stop__wait_for_forward__hw90_v50_b45_c120,386.3000,1,24.5953,次駅への減速フェーズ（駅手前400m以内）,ブレーキ（減速）中,21.2000,惰行,6.0000,4.2188,70.0000,5.5200,70.0000,8.9512,36.2006,-31.9818,71.6900,0.0000,0.9807,70.7093,-2.3000,-0.0069,3.0316,この先制限速度なし,この先目立った勾配なし,1.0000,3.7906,46.3000,60.6390,1,71.6900,-46.3000,0.0000,0.0000,30.0000,300.0000,0.0000,0.0000,前方 71.7m 先に停車中,30.0000,90.0000,15.0000,28.3000,58.3000,未発車,後続列車なし,,,
anti_mid_stop__wait_for_forward__hw90_v50_b45_c120,403.1000,1,24.5968,次駅への減速フェーズ（駅手前400m以内）,ブレーキ（減速）中,12.8000,力行（加速）,0.1000,0,70.0000,1.9653,70.0000,8.7701,35.8230,-35.8230,70.2149,0.0000,0.0000,70.2149,-2.3000,-0.0032,3.2570,この先制限速度なし,この先目立った勾配なし,0.0000,0.0000,63.1000,77.2915,1,70.2149,-63.1000,0.0000,0.0000,30.0000,300.0000,0.0000,0.0000,前方 70.2m 先に停車中,30.0000,90.0000,15.0000,45.1000,75.1000,未発車,後続列車なし,,,
anti_mid_stop__wait_for_forward__hw90_v50_b45_c120,419.9000,1,24.5968,次駅への減速フェーズ（駅手前400m以内）,ブレーキ（減速）中,29.6000,力行（加速）,0.1000,0,70.0000,1.9653,70.0000,8.7701,35.8230,-35.8230,70.2149,0.0000,0.0000,70.2149,-2.3000,-0.0032,3.2570,この先制限速度なし,この先目立った勾配なし,0.0000,0.0000,79.9000,94.0915,1,70.2149,-79.9000,0.0000,0.0000,30.0000,300.0000,0.0000,0.0000,前方 70.2m 先に停車中,30.0000,90.0000,15.0000,61.9000,91.9000,未発車,後続列車なし,,,
anti_mid_stop__wait_for_forward__hw90_v50_b45_c120,436.7000,1,24.5968,次駅への減速フェーズ（駅手前400m以内）,ブレーキ（減速）中,46.4000,力行（加速）,0.1000,0,70.0000,1.9653,70.0000,8.7701,35.8230,-35.8230,70.2149,0.0000,0.0000,70.2149,-2.3000,-0.0032,3.2570,この先制限速度なし,この先目立った勾配なし,0.0000,0.0000,96.7000,110.8915,1,70.2149,-96.7000,0.0000,0.0000,30.0000,300.0000,0.0000,0.0000,前方 70.2m 先に停車中,30.0000,90.0000,15.0000,78.7000,108.7000,未発車,後続列車なし,,,
anti_mid_stop__wait_for_forward__hw90_v50_b45_c120,453.5000,1,24.6045,次駅への減速フェーズ（駅手前400m以内）,ブレーキ（減速）中,0.4000,ブレーキ（減速）,0.1000,9.3557,70.0000,11.7151,70.0000,70.0000,33.7772,-24.4215,62.4845,0.0000,4.8322,57.6523,-2.3000,-0.0125,2.7562,この先制限速度なし,この先目立った勾配なし,1.0000,9.0724,113.5000,126.8914,1,62.4845,-113.5000,0.0000,0.0000,30.0000,300.0000,0.0000,0.0000,前方 77.6m 先を 16.9km/h で走行中,30.0000,90.0000,0.0000,0.0000,0.0000,発車済み,後続列車なし,,,
anti_mid_stop__wait_for_forward__hw90_v50_b45_c120,470.3000,1,24.6670,次駅への減速フェーズ（駅手前400m以内）,ブレーキ（減速）中,8.2000,力行（加速）,0.3000,0.5950,70.0000,41.1716,0.0000,0.0000,0.5688,0.0262,-0.0460,0.0000,0.0188,-0.0648,-2.3000,-0.0037,3.2252,この先制限速度なし,この先目立った勾配なし,1.0000,0.5950,130.3000,130.5400,1,-0.0460,-130.3000,0.0000,0.0000,30.0000,300.0000,0.0000,0.0000,前方 162.6m 先を 42.3km/h で走行中,30.0000,90.0000,0.0000,0.0000,0.0000,発車済み,後続列車なし,,,
anti_mid_stop__wait_for_forward__hw90_v50_b45_c120,183.0000,1,23.2900,駅停車中（発車判断）,ブレーキ（減速）中,10.6000,惰行,0.6000,0.0000,70.0000,58.9194,50.7910,66.1802,0.0000,0.0000,1377.0000,157.0000,0.0000,1377.0000,9.2000,-0.4089,2.8513,この先制限速度なし,10m先に上り勾配11.4‰あり,1.0000,0.0000,0.0000,2.0000,1,1377.0000,157.0000,1.0000,1.0000,30.0000,300.0000,0.0000,109.0000,前方 231.9m 先を 41.9km/h で走行中,30.0000,90.0000,190.0000,0.0000,0.0000,未発車,後続列車なし,,,
anti_mid_stop__wait_for_forward__hw90_v50_b45_c120,196.0000,1,23.2900,駅停車中（発車判断）,ブレーキ（減速）中,23.6000,惰行,0.6000,0.0000,70.0000,69.9979,51.9745,66.5045,0.0000,0.0000,1377.0000,144.0000,0.0000,1377.0000,9.2000,-0.4089,2.8513,この先制限速度なし,10m先に上り勾配11.4‰あり,1.0000,0.0000,0.0000,2.0000,1,1377.0000,144.0000,1.0000,14.0000,30.0000,300.0000,0.0000,108.0000,前方 393.8m 先を 47.5km/h で走行中,30.0000,90.0000,177.0000,0.0000,0.0000,未発車,後続列車なし,,,
anti_mid_stop__wait_for_forward__hw90_v50_b45_c120,209.0000,1,23.2900,駅停車中（発車判断）,ブレーキ（減速）中,36.6000,惰行,0.6000,0.0000,70.0000,69.9979,53.9911,66.9636,0.0000,0.0000,1377.0000,131.0000,0.0000,1377.0000,9.2000,-0.4089,2.8513,この先制限速度なし,10m先に上り勾配11.4‰あり,1.0000,0.0000,0.0000,2.0000,1,1377.0000,131.0000,1.0000,27.0000,30.0000,300.0000,0.0000,106.0000,前方 569.1m 先を 46.6km/h で走行中,30.0000,90.0000,164.0000,0.0000,0.0000,未発車,後続列車なし,,,
anti_mid_stop__wait_for_forward__hw90_v50_b45_c120,222.0000,1,23.2900,駅停車中（発車判断）,ブレーキ（減速）中,49.6000,惰行,0.6000,0.0000,70.0000,69.9979,58.5242,67.6374,0.0000,0.0000,1377.0000,118.0000,0.0000,1377.0000,9.2000,-0.4089,2.8513,この先制限速度なし,10m先に上り勾配11.4‰あり,1.0000,0.0000,0.0000,12.0000,1,1377.0000,118.0000,1.0000,40.0000,30.0000,300.0000,10.0000,103.5000,前方 724.2m 先を 39.3km/h で走行中,30.0000,90.0000,151.0000,0.0000,0.0000,未発車,後続列車なし,,,
anti_mid_stop__wait_for_forward__hw90_v50_b45_c120,235.0000,1,23.2900,駅停車中（発車判断）,ブレーキ（減速）中,62.6000,惰行,0.6000,0.0000,70.0000,69.9979,70.0000,68.4923,0.0000,0.0000,1377.0000,105.0000,0.0000,1377.0000,9.2000,-0.4089,2.8513,この先制限速度なし,10m先に上り勾配11.4‰あり,1.0000,0.0000,0.0000,25.0000,1,1377.0000,105.0000,1.0000,53.0000,30.0000,300.0000,23.0000,102.0000,前方 853.3m 先を 32.3km/h で走行中,30.0000,90.0000,138.0000,0.0000,0.0000,未発車,後続列車なし,,,
anti_mid_stop__wait_for_forward__hw90_v50_b45_c120,248.0000,1,23.2900,駅停車中（発車判断）,ブレーキ（減速）中,75.6000,惰行,0.6000,0.0000,70.0000,69.9979,70.0000,69.7052,0.0000,0.0000,1377.0000,92.0000,0.0000,1377.0000,9.2000,-0.4089,2.8513,この先制限速度なし,10m先に上り勾配11.4‰あり,1.0000,0.0000,0.0000,38.0000,1,1377.0000,92.0000,1.0000,66.0000,30.0000,300.0000,36.0000,102.0000,前方 957.3m 先を 25.4km/h で走行中,30.0000,90.0000,125.0000,0.0000,0.0000,未発車,後続列車なし,,,
anti_mid_stop__wait_for_forward__hw90_v50_b45_c120,261.0000,1,23.2900,駅停車中（発車判断）,ブレーキ（減速）中,88.6000,惰行,0.6000,0.0000,70.0000,69.9979,70.0000,70.0000,0.0000,0.0000,1377.0000,79.0000,0.0000,1377.0000,9.2000,-0.4089,2.8513,この先制限速度なし,10m先に上り勾配11.4‰あり,1.0000,0.0000,0.0000,51.0000,1,1377.0000,79.0000,1.0000,79.0000,30.0000,300.0000,49.0000,102.0000,前方 1038.5m 先を 21.0km/h で走行中,30.0000,90.0000,112.0000,0.0000,0.0000,未発車,後続列車なし,,,
anti_mid_stop__on_time__hw60_v65_b30_c30,1.0000,0,21.1124,駅出発直後の加速フェーズ（20秒以内）,力行（加速）中,30.0000,なし（または停止）,0.0000,3.1655,70.0000,69.9979,64.8030,65.2032,1.9871,1.1784,2177.5520,179.0000,0.4738,2177.0783,-2.1000,-0.0130,3.0809,この先制限速度なし,387m先に下り勾配6.7‰あり,0.0000,0.0000,0.0000,0.3625,2,3554.5520,339.0000,0.0000,0.0000,30.0000,300.0000,0.0000,0.0000,前方 764.5m 先を 62.8km/h で走行中,60.0000,60.0000,165.0000,0.0000,0.0000,未発車,後続列車なし,,,
anti_mid_stop__on_time__hw60_v65_b30_c30,76.0000,0,22.1105,巡航フェーズ（駅間走行中）,惰行中,27.0000,力行（加速）,1.0000,56.8769,70.0000,69.9979,58.7680,59.5641,59.9160,-3.0391,1179.5228,104.0000,151.0041,1028.5187,0.0000,-0.2000,0.6442,この先制限速度なし,189m先に上り勾配12.5‰あり,1.0000,15.5379,0.0000,1.3184,2,2556.5228,264.0000,0.0000,0.0000,30.0000,300.0000,0.0000,0.0000,前方 835.8m 先を 38.5km/h で走行中,60.0000,60.0000,90.0000,0.0000,0.0000,未発車,後続列車なし,,,
anti_mid_stop__on_time__hw60_v65_b30_c30,151.0000,0,23.0576,次駅への減速フェーズ（駅手前400m以内）,惰行中,12.0000,力行（加速）,1.0000,34.2671,70.0000,57.9068,36.3935,36.3935,34.7262,-0.4591,232.3573,29.0000,55.4301,176.9272,6.1000,-0.3523,1.1077,この先制限速度なし,42m先に上り勾配9.2‰あり,1.0000,23.1043,0.0000,4.2788,2,1609.3573,189.0000,0.0000,0.0000,30.0000,300.0000,0.0000,0.0000,前方 232.5m 先を 1.6km/h で走行中,60.0000,60.0000,0.0000,0.0000,0.0000,発車済み,後続列車なし,,,
anti_mid_stop__on_time__hw60_v65_b30_c30,172.0000,0,23.2493,次駅への減速フェーズ（駅手前400m以内）,ブレーキ（減速）中,0.7000,惰行,0.4000,29.5806,70.0000,45.7111,70.0000,70.0000,24.7825,4.7981,40.6571,8.0000,41.3802,-0.7231,9.2000,-0.4514,1.2548,この先制限速度なし,この先目立った勾配なし,1.0000,29.5806,0.0000,2.2063,2,1417.6571,168.0000,0.0000,0.0000,30.0000,300.0000,0.0000,0.0000,前方 168.2m 先を 35.5km/h で走行中,60.0000,60.0000,0.0000,0.0000,0.0000,発車済み,後続列車なし,,,
anti_mid_stop__on_time__hw60_v65_b30_c30,179.5000,0,23.2880,次駅への減速フェーズ（駅手前400m以内）,ブレーキ（減速）中,8.2000,惰行,0.4000,7.5905,70.0000,54.5956,70.0000,70.0000,6.5444,1.0461,2.0136,0.5000,2.7361,-0.7225,9.2000,-0.4162,2.4453,この先制限速度なし,この先目立った勾配なし,1.0000,7.5905,0.0000,1.7618,2,1379.0136,160.5000,0.0000,0.0000,30.0000,300.0000,0.0000,0.0000,前方 209.4m 先を 40.7km/h で走行中,60.0000,60.0000,0.0000,0.0000,0.0000,発車済み,後続列車なし,,,
anti_mid_stop__on_time__hw60_v65_b30_c30,262.0000,1,23.7618,巡航フェーズ（駅間走行中）,力行（加速）中,50.0000,ブレーキ（減速）,30.0000,49.5414,70.0000,69.9979,54.4113,54.4113,49.5415,-0.0000,905.1566,78.0000,133.3045,771.8521,11.4000,-0.6076,0.3402,この先制限速度なし,この先目立った勾配なし,1.0000,15.2714,0.0000,2.0003,1,905.1566,78.0000,0.0000,0.0000,30.0000,300.0000,0.0000,0.0000,前方 886.8m 先を 18.3km/h で走行中,60.0000,60.0000,53.0000,0.0000,0.0000,未発車,後続列車なし,,,
anti_mid_stop__on_time__hw60_v65_b30_c30,327.1000,1,24.5863,次駅への減速フェーズ（駅手前400m以内）,ブレーキ（減速）中,2.0000,惰行,13.0000,39.0649,70.0000,66.0971,70.0000,70.0000,38.4195,0.6453,80.6587,12.9000,83.3817,-2.7229,-2.3000,-0.0674,1.1406,この先制限速度なし,この先目立った勾配なし,1.0000,39.0649,0.0000,2.3049,1,80.6587,12.9000,0.0000,0.0000,30.0000,300.0000,0.0000,0.0000,前方 304.7m 先を 47.0km/h で走行中,60.0000,60.0000,0.0000,0.0000,0.0000,発車済み,後続列車なし,,,
anti_mid_stop__on_time__hw60_v65_b30_c30,334.6000,1,24.6478,次駅への減速フェーズ（駅手前400m以内）,ブレーキ（減速）中,9.5000,惰行,13.0000,19.9684,70.0000,69.9979,70.0000,70.0000,18.6941,1.2743,19.2441,5.4000,21.9657,-2.7216,-2.3000,-0.0277,2.1835,この先制限速度なし,この先目立った勾配なし,1.0000,19.9684,0.0000,2.0519,1,19.2441,5.4000,0.0000,0.0000,30.0000,300.0000,0.0000,0.0000,前方 347.7m 先を 53.0km/h で走行中,60.0000,60.0000,0.0000,0.0000,0.0000,発車済み,後続列車なし,,,
anti_mid_stop__on_time__hw60_v65_b30_c30,342.1000,1,24.6697,次駅への減速フェーズ（駅手前400m以内）,ブレーキ（減速）中,17.0000,惰行,13.0000,1.1090,70.0000,69.9979,0.0000,0.0000,0.5688,0.5402,-2.6546,0.0000,0.0667,-2.7213,-2.3000,-0.0041,3.1978,この先制限速度なし,この先目立った勾配なし,1.0000,1.1090,2.1000,2.3400,1,-2.6546,-2.1000,0.0000,0.0000,30.0000,300.0000,0.0000,0.0000,前方 441.8m 先を 58.3km/h で走行中,60.0000,60.0000,0.0000,0.0000,0.0000,発車済み,後続列車なし,,,
anti_mid_stop__on_time__hw60_v65_b30_c30,183.0000,1,23.2900,駅停車中（発車判断）,ブレーキ（減速）中,10.8000,惰行,0.4000,0.0000,70.0000,61.8076,50.7910,50.7910,0.0000,0.0000,1377.0000,157.0000,0.0000,1377.0000,9.2000,-0.4089,2.8513,この先制限速度なし,10m先に上り勾配11.4‰あり,1.0000,0.0000,0.0000,2.0000,1,1377.0000,157.0000,1.0000,1.0000,30.0000,300.0000,0.0000,109.0000,前方 247.9m 先を 42.6km/h で走行中,60.0000,60.0000,132.0000,0.0000,0.0000,未発車,後続列車なし,,,
anti_mid_stop__on_time__hw60_v65_b30_c30,198.0000,1,23.2900,駅停車中（発車判断）,ブレーキ（減速）中,25.8000,惰行,0.4000,0.0000,70.0000,69.9979,52.2992,52.2992,0.0000,0.0000,1377.0000,142.0000,0.0000,1377.0000,9.2000,-0.4089,2.8513,この先制限速度なし,10m先に上り勾配11.4‰あり,1.0000,0.0000,0.0000,2.0000,1,1377.0000,142.0000,1.0000,16.0000,30.0000,300.0000,0.0000,107.5000,前方 438.7m 先を 48.7km/h で走行中,60.0000,60.0000,117.0000,0.0000,0.0000,未発車,後続列車なし,,,
anti_mid_stop__wait_for_forward__hw60_v65_b30_c30,1.0000,0,21.1124,駅出発直後の加速フェーズ（20秒以内）,力行（加速）中,30.0000,なし（または停止）,0.0000,3.1655,70.0000,69.9979,64.8030,65.2032,1.9871,1.1784,2177.5520,179.0000,0.4738,2177.0783,-2.1000,-0.0130,3.0809,この先制限速度なし,387m先に下り勾配6.7‰あり,0.0000,0.0000,0.0000,0.3625,2,3554.5520,339.0000,0.0000,0.0000,30.0000,300.0000,0.0000,0.0000,前方 764.5m 先を 62.8km/h で走行中,60.0000,60.0000,165.0000,0.0000,0.0000,未発車,後続列車なし,,,
anti_mid_stop__wait_for_forward__hw60_v65_b30_c30,76.0000,0,22.1105,巡航フェーズ（駅間走行中）,惰行中,27.0000,力行（加速）,1.0000,56.8769,70.0000,69.9979,58.7680,59.5641,59.9160,-3.0391,1179.5228,104.0000,151.0041,1028.5187,0.0000,-0.2000,0.6442,この先制限速度なし,189m先に上り勾配12.5‰あり,1.0000,15.5379,0.0000,1.3184,2,2556.5228,264.0000,0.0000,0.0000,30.0000,300.0000,0.0000,0.0000,前方 835.8m 先を 38.5km/h で走行中,60.0000,60.0000,90.0000,0.0000,0.0000,未発車,後続列車なし,,,
anti_mid_stop__wait_for_forward__hw60_v65_b30_c30,151.0000,0,23.0576,次駅への減速フェーズ（駅手前400m以内）,惰行中,12.0000,力行（加速）,1.0000,34.2671,70.0000,57.9068,36.3935,36.3935,34.7262,-0.4591,232.3573,29.0000,55.4301,176.9272,6.1000,-0.3523,1.1077,この先制限速度なし,42m先に上り勾配9.2‰あり,1.0000,23.1043,0.0000,4.2788,2,1609.3573,189.0000,0.0000,0.0000,30.0000,300.0000,0.0000,0.0000,前方 232.5m 先を 1.6km/h で走行中,60.0000,60.0000,0.0000,0.0000,0.0000,発車済み,後続列車なし,,,
anti_mid_stop__wait_for_forward__hw60_v65_b30_c30,172.0000,0,23.2493,次駅への減速フェーズ（駅手前400m以内）,ブレーキ（減速）中,0.7000,惰行,0.4000,29.5806,70.0000,45.7111,70.0000,70.0000,24.7825,4.7981,40.6571,8.0000,41.3802,-0.7231,9.2000,-0.4514,1.2548,この先制限速度なし,この先目立った勾配なし,1.0000,29.5806,0.0000,2.2063,2,1417.6571,168.0000,0.0000,0.0000,30.0000,300.0000,0.0000,0.0000,前方 168.2m 先を 35.5km/h で走行中,60.0000,60.0000,0.0000,0.0000,0.0000,発車済み,後続列車なし,,,
anti_mid_stop__wait_for_forward__hw60_v65_b30_c30,179.5000,0,23.2880,次駅への減速フェーズ（駅手前400m以内）,ブレーキ（減速）中,8.2000,惰行,0.4000,7.5905,70.0000,54.5956,70.0000,70.0000,6.5444,1.0461,2.0136,0.5000,2.7361,-0.7225,9.2000,-0.4162,2.4453,この先制限速度なし,この先目立った勾配なし,1.0000,7.5905,0.0000,1.7618,2,1379.0136,160.5000,0.0000,0.0000,30.0000,300.0000,0.0000,0.0000,前方 209.4m 先を 40.7km/h で走行中,60.0000,60.0000,0.0000,0.0000,0.0000,発車済み,後続列車なし,,,
anti_mid_stop__wait_for_forward__hw60_v65_b30_c30,262.0000,1,23.7618,巡航フェーズ（駅間走行中）,力行（加速）中,50.0000,ブレーキ（減速）,30.0000,49.5414,70.0000,69.9979,54.4113,54.4113,49.5415,-0.0000,905.1566,78.0000,133.3045,771.8521,11.4000,-0.6076,0.3402,この先制限速度なし,この先目立った勾配なし,1.0000,15.2714,0.0000,2.0003,1,905.1566,78.0000,0.0000,0.0000,30.0000,300.0000,0.0000,0.0000,前方 886.8m 先を 18.3km/h で走行中,60.0000,60.0000,53.0000,0.0000,0.0000,未発車,後続列車なし,,,
anti_mid_stop__wait_for_forward__hw60_v65_b30_c30,327.1000,1,24.5863,次駅への減速フェーズ（駅手前400m以内）,ブレーキ（減速）中,2.0000,惰行,13.0000,39.0649,70.0000,66.0971,70.0000,70.0000,38.4195,0.6453,80.6587,12.9000,83.3817,-2.7229,-2.3000,-0.0674,1.1406,この先制限速度なし,この先目立った勾配なし,1.0000,39.0649,0.0000,2.3049,1,80.6587,12.9000,0.0000,0.0000,30.0000,300.0000,0.0000,0.0000,前方 304.7m 先を 47.0km/h で走行中,60.0000,60.0000,0.0000,0.0000,0.0000,発車済み,後続列車なし,,,
anti_mid_stop__wait_for_forward__hw60_v65_b30_c30,334.6000,1,24.6478,次駅への減速フェーズ（駅手前400m以内）,ブレーキ（減速）中,9.5000,惰行,13.0000,19.9684,70.0000,69.9979,70.0000,70.0000,18.6941,1.2743,19.2441,5.4000,21.9657,-2.7216,-2.3000,-0.0277,2.1835,この先制限速度なし,この先目立った勾配なし,1.0000,19.9684,0.0000,2.0519,1,19.2441,5.4000,0.0000,0.0000,30.0000,300.0000,0.0000,0.0000,前方 347.7m 先を 53.0km/h で走行中,60.0000,60.0000,0.0000,0.0000,0.0000,発車済み,後続列車なし,,,
anti_mid_stop__wait_for_forward__hw60_v65_b30_c30,342.1000,1,24.6697,次駅への減速フェーズ（駅手前400m以内）,ブレーキ（減速）中,17.0000,惰行,13.0000,1.1090,70.0000,69.9979,0.0000,0.0000,0.5688,0.5402,-2.6546,0.0000,0.0667,-2.7213,-2.3000,-0.0041,3.1978,この先制限速度なし,この先目立った勾配なし,1.0000,1.1090,2.1000,2.3400,1,-2.6546,-2.1000,0.0000,0.0000,30.0000,300.0000,0.0000,0.0000,前方 441.8m 先を 58.3km/h で走行中,60.0000,60.0000,0.0000,0.0000,0.0000,発車済み,後続列車なし,,,
anti_mid_stop__wait_for_forward__hw60_v65_b30_c30,183.0000,1,23.2900,駅停車中（発車判断）,ブレーキ（減速）中,10.8000,惰行,0.4000,0.0000,70.0000,61.8076,50.7910,50.7910,0.0000,0.0000,1377.0000,157.0000,0.0000,1377.0000,9.2000,-0.4089,2.8513,この先制限速度なし,10m先に上り勾配11.4‰あり,1.0000,0.0000,0.0000,2.0000,1,1377.0000,157.0000,1.0000,1.0000,30.0000,300.0000,0.0000,109.0000,前方 247.9m 先を 42.6km/h で走行中,60.0000,60.0000,132.0000,0.0000,0.0000,未発車,後続列車なし,,,
anti_mid_stop__wait_for_forward__hw60_v65_b30_c30,198.0000,1,23.2900,駅停車中（発車判断）,ブレーキ（減速）中,25.8000,惰行,0.4000,0.0000,70.0000,69.9979,52.2992,52.2992,0.0000,0.0000,1377.0000,142.0000,0.0000,1377.0000,9.2000,-0.4089,2.8513,この先制限速度なし,10m先に上り勾配11.4‰あり,1.0000,0.0000,0.0000,2.0000,1,1377.0000,142.0000,1.0000,16.0000,30.0000,300.0000,0.0000,107.5000,前方 438.7m 先を 48.7km/h で走行中,60.0000,60.0000,117.0000,0.0000,0.0000,未発車,後続列車なし,,,
anti_mid_stop__on_time__hw60_v65_b30_c120,1.0000,0,21.1124,駅出発直後の加速フェーズ（20秒以内）,力行（加速）中,30.0000,なし（または停止）,0.0000,3.1655,70.0000,69.9979,64.8030,65.2032,1.9871,1.1784,2177.5520,179.0000,0.4738,2177.0783,-2.1000,-0.0130,3.0809,この先制限速度なし,387m先に下り勾配6.7‰あり,0.0000,0.0000,0.0000,0.3625,2,3554.5520,339.0000,0.0000,0.0000,30.0000,300.0000,0.0000,0.0000,前方 764.5m 先を 62.8km/h で走行中,60.0000,60.0000,165.0000,0.0000,0.0000,未発車,後続列車なし,,,
anti_mid_stop__on_time__hw60_v65_b30_c120,161.0000,0,23.1504,次駅への減速フェーズ（駅手前400m以内）,力行（加速）中,5.0000,力行（加速）,1.0000,33.1951,70.0000,47.5867,35.6976,35.6976,30.5475,2.6476,139.6032,19.0000,52.0388,87.5644,9.2000,-0.4592,1.0571,この先制限速度なし,この先目立った勾配なし,1.0000,27.5285,0.0000,4.0876,2,1516.6032,179.0000,0.0000,0.0000,30.0000,300.0000,0.0000,0.0000,前方 176.3m 先を 22.6km/h で走行中,60.0000,60.0000,0.0000,0.0000,0.0000,発車済み,後続列車なし,,,
anti_mid_stop__on_time__hw60_v65_b30_c120,181.5000,0,23.2906,次駅への減速フェーズ（駅手前400m以内）,ブレーキ（減速）中,10.2000,惰行,0.4000,1.7643,70.0000,58.5114,0.0000,0.0000,0.6744,1.0899,-0.5763,0.0000,0.1461,-0.7225,9.2000,-0.4104,2.7571,この先制限速度なし,この先目立った勾配なし,1.0000,1.7643,1.5000,1.7460,2,1376.4237,158.5000,0.0000,0.0000,30.0000,300.0000,0.0000,0.0000,前方 229.7m 先を 41.8km/h で走行中,60.0000,60.0000,0.0000,0.0000,0.0000,発車済み,後続列車なし,,,
anti_mid_stop__on_time__hw60_v65_b30_c120,331.9000,1,24.5876,次駅への減速フェーズ（駅手前400m以内）,ブレーキ（減速）中,4.8000,惰行,1.0000,13.6401,70.0000,13.0374,70.0000,9.8903,38.1160,-24.4759,79.4017,8.1000,10.2664,69.1354,-2.3000,-0.0180,2.5256,この先制限速度なし,この先目立った勾配なし,1.0000,13.3020,0.0000,6.9868,1,79.4017,8.1000,0.0000,0.0000,30.0000,300.0000,0.0000,0.0000,前方 79.4m 先に停車中,60.0000,60.0000,15.0000,31.9000,61.9000,未発車,後続列車なし,,,
anti_mid_stop__on_time__hw60_v65_b30_c120,347.9000,1,24.5979,次駅への減速フェーズ（駅手前400m以内）,ブレーキ（減速）中,20.8000,惰行,1.0000,0,70.0000,0.0000,70.0000,8.6395,35.5442,-35.5442,69.1355,0.0000,0.0000,69.1355,-2.3000,-0.0032,3.2570,この先制限速度なし,この先目立った勾配なし,0.0000,0.0000,7.9000,21.9827,1,69.1355,-7.9000,0.0000,0.0000,30.0000,300.0000,0.0000,0.0000,前方 69.1m 先に停車中,60.0000,60.0000,15.0000,47.9000,77.9000,未発車,後続列車なし,,,
anti_mid_stop__on_time__hw60_v65_b30_c120,363.9000,1,24.5979,次駅への減速フェーズ（駅手前400m以内）,ブレーキ（減速）中,36.8000,惰行,1.0000,0,70.0000,0.0000,70.0000,8.6395,35.5442,-35.5442,69.1355,0.0000,0.0000,69.1355,-2.3000,-0.0032,3.2570,この先制限速度なし,この先目立った勾配なし,0.0000,0.0000,23.9000,37.9827,1,69.1355,-23.9000,0.0000,0.0000,30.0000,300.0000,0.0000,0.0000,前方 69.1m 先に停車中,60.0000,60.0000,15.0000,63.9000,93.9000,未発車,後続列車なし,,,
anti_mid_stop__on_time__hw60_v65_b30_c120,379.9000,1,24.5979,次駅への減速フェーズ（駅手前400m以内）,ブレーキ（減速）中,52.8000,惰行,1.0000,0,70.0000,0.0000,70.0000,8.6395,35.5442,-35.5442,69.1355,0.0000,0.0000,69.1355,-2.3000,-0.0032,3.2570,この先制限速度なし,この先目立った勾配なし,0.0000,0.0000,39.9000,53.9827,1,69.1355,-39.9000,0.0000,0.0000,30.0000,300.0000,0.0000,0.0000,前方 69.1m 先に停車中,60.0000,60.0000,15.0000,79.9000,109.9000,未発車,後続列車なし,,,
anti_mid_stop__on_time__hw60_v65_b30_c120,395.9000,1,24.6062,次駅への減速フェーズ（駅手前400m以内）,ブレーキ（減速）中,0.4000,ブレーキ（減速）,0.1000,10.1683,70.0000,12.4542,70.0000,70.0000,33.3278,-23.1594,60.8448,0.0000,5.7080,55.1368,-2.3000,-0.0135,2.7125,この先制限速度なし,この先目立った勾配なし,1.0000,9.9021,55.9000,69.1152,1,60.8448,-55.9000,0.0000,0.0000,30.0000,300.0000,0.0000,0.0000,前方 78.6m 先を 18.1km/h で走行中,60.0000,60.0000,0.0000,0.0000,0.0000,発車済み,後続列車なし,,,
anti_mid_stop__on_time__hw60_v65_b30_c120,411.9000,1,24.6672,次駅への減速フェーズ（駅手前400m以内）,ブレーキ（減速）中,7.9000,力行（加速）,0.2000,1.3166,70.0000,40.4666,0.0000,0.0000,0.5688,0.7478,-0.2119,0.0000,0.0943,-0.3063,-2.3000,-0.0043,3.1867,この先制限速度なし,この先目立った勾配なし,1.0000,1.3166,71.9000,72.1400,1,-0.2119,-71.9000,0.0000,0.0000,30.0000,300.0000,0.0000,0.0000,前方 159.5m 先を 42.1km/h で走行中,60.0000,60.0000,0.0000,0.0000,0.0000,発車済み,後続列車なし,,,
anti_mid_stop__on_time__hw60_v65_b30_c120,183.0000,1,23.2900,駅停車中（発車判断）,ブレーキ（減速）中,10.8000,惰行,0.4000,0.0000,70.0000,61.8076,50.7910,50.7910,0.0000,0.0000,1377.0000,157.0000,0.0000,1377.0000,9.2000,-0.4089,2.8513,この先制限速度なし,10m先に上り勾配11.4‰あり,1.0000,0.0000,0.0000,2.0000,1,1377.0000,157.0000,1.0000,1.0000,30.0000,300.0000,0.0000,109.0000,前方 247.9m 先を 42.6km/h で走行中,60.0000,60.0000,132.0000,0.0000,0.0000,未発車,後続列車なし,,,
anti_mid_stop__on_time__hw60_v65_b30_c120,198.0000,1,23.2900,駅停車中（発車判断）,ブレーキ（減速）中,25.8000,惰行,0.4000,0.0000,70.0000,69.9979,52.2992,52.2992,0.0000,0.0000,1377.0000,142.0000,0.0000,1377.0000,9.2000,-0.4089,2.8513,この先制限速度なし,10m先に上り勾配11.4‰あり,1.0000,0.0000,0.0000,2.0000,1,1377.0000,142.0000,1.0000,16.0000,30.0000,300.0000,0.0000,107.5000,前方 438.7m 先を 48.7km/h で走行中,60.0000,60.0000,117.0000,0.0000,0.0000,未発車,後続列車なし,,,
anti_mid_stop__wait_for_forward__hw60_v65_b30_c120,1.0000,0,21.1124,駅出発直後の加速フェーズ（20秒以内）,力行（加速）中,30.0000,なし（または停止）,0.0000,3.1655,70.0000,69.9979,64.8030,65.2032,1.9871,1.1784,2177.5520,179.0000,0.4738,2177.0783,-2.1000,-0.0130,3.0809,この先制限速度なし,387m先に下り勾配6.7‰あり,0.0000,0.0000,0.0000,0.3625,2,3554.5520,339.0000,0.0000,0.0000,30.0000,300.0000,0.0000,0.0000,前方 764.5m 先を 62.8km/h で走行中,60.0000,60.0000,165.0000,0.0000,0.0000,未発車,後続列車なし,,,
anti_mid_stop__wait_for_forward__hw60_v65_b30_c120,161.0000,0,23.1504,次駅への減速フェーズ（駅手前400m以内）,力行（加速）中,5.0000,力行（加速）,1.0000,33.1951,70.0000,47.5867,35.6976,35.6976,30.5475,2.6476,139.6032,19.0000,52.0388,87.5644,9.2000,-0.4592,1.0571,この先制限速度なし,この先目立った勾配なし,1.0000,27.5285,0.0000,4.0876,2,1516.6032,179.0000,0.0000,0.0000,30.0000,300.0000,0.0000,0.0000,前方 176.3m 先を 22.6km/h で走行中,60.0000,60.0000,0.0000,0.0000,0.0000,発車済み,後続列車なし,,,
anti_mid_stop__wait_for_forward__hw60_v65_b30_c120,181.5000,0,23.2906,次駅への減速フェーズ（駅手前400m以内）,ブレーキ（減速）中,10.2000,惰行,0.4000,1.7643,70.0000,58.5114,0.0000,0.0000,0.6744,1.0899,-0.5763,0.0000,0.1461,-0.7225,9.2000,-0.4104,2.7571,この先制限速度なし,この先目立った勾配なし,1.0000,1.7643,1.5000,1.7460,2,1376.4237,158.5000,0.0000,0.0000,30.0000,300.0000,0.0000,0.0000,前方 229.7m 先を 41.8km/h で走行中,60.0000,60.0000,0.0000,0.0000,0.0000,発車済み,後続列車なし,,,
anti_mid_stop__wait_for_forward__hw60_v65_b30_c120,331.9000,1,24.5876,次駅への減速フェーズ（駅手前400m以内）,ブレーキ（減速）中,4.8000,惰行,1.0000,13.6401,70.0000,13.0374,70.0000,9.8903,38.1160,-24.4759,79.4017,8.1000,10.2664,69.1354,-2.3000,-0.0180,2.5256,この先制限速度なし,この先目立った勾配なし,1.0000,13.3020,0.0000,6.9868,1,79.4017,8.1000,0.0000,0.0000,30.0000,300.0000,0.0000,0.0000,前方 79.4m 先に停車中,60.0000,60.0000,15.0000,31.9000,61.9000,未発車,後続列車なし,,,
anti_mid_stop__wait_for_forward__hw60_v65_b30_c120,347.9000,1,24.5979,次駅への減速フェーズ（駅手前400m以内）,ブレーキ（減速）中,20.8000,惰行,1.0000,0,70.0000,0.0000,70.0000,8.6395,35.5442,-35.5442,69.1355,0.0000,0.0000,69.1355,-2.3000,-0.0032,3.2570,この先制限速度なし,この先目立った勾配なし,0.0000,0.0000,7.9000,21.9827,1,69.1355,-7.9000,0.0000,0.0000,30.0000,300.0000,0.0000,0.0000,前方 69.1m 先に停車中,60.0000,60.0000,15.0000,47.9000,77.9000,未発車,後続列車なし,,,
anti_mid_stop__wait_for_forward__hw60_v65_b30_c120,363.9000,1,24.5979,次駅への減速フェーズ（駅手前400m以内）,ブレーキ（減速）中,36.8000,惰行,1.0000,0,70.0000,0.0000,70.0000,8.6395,35.5442,-35.5442,69.1355,0.0000,0.0000,69.1355,-2.3000,-0.0032,3.2570,この先制限速度なし,この先目立った勾配なし,0.0000,0.0000,23.9000,37.9827,1,69.1355,-23.9000,0.0000,0.0000,30.0000,300.0000,0.0000,0.0000,前方 69.1m 先に停車中,60.0000,60.0000,15.0000,63.9000,93.9000,未発車,後続列車なし,,,
anti_mid_stop__wait_for_forward__hw60_v65_b30_c120,379.9000,1,24.5979,次駅への減速フェーズ（駅手前400m以内）,ブレーキ（減速）中,52.8000,惰行,1.0000,0,70.0000,0.0000,70.0000,8.6395,35.5442,-35.5442,69.1355,0.0000,0.0000,69.1355,-2.3000,-0.0032,3.2570,この先制限速度なし,この先目立った勾配なし,0.0000,0.0000,39.9000,53.9827,1,69.1355,-39.9000,0.0000,0.0000,30.0000,300.0000,0.0000,0.0000,前方 69.1m 先に停車中,60.0000,60.0000,15.0000,79.9000,109.9000,未発車,後続列車なし,,,
anti_mid_stop__wait_for_forward__hw60_v65_b30_c120,395.9000,1,24.6062,次駅への減速フェーズ（駅手前400m以内）,ブレーキ（減速）中,0.4000,ブレーキ（減速）,0.1000,10.1683,70.0000,12.4542,70.0000,70.0000,33.3278,-23.1594,60.8448,0.0000,5.7080,55.1368,-2.3000,-0.0135,2.7125,この先制限速度なし,この先目立った勾配なし,1.0000,9.9021,55.9000,69.1152,1,60.8448,-55.9000,0.0000,0.0000,30.0000,300.0000,0.0000,0.0000,前方 78.6m 先を 18.1km/h で走行中,60.0000,60.0000,0.0000,0.0000,0.0000,発車済み,後続列車なし,,,
anti_mid_stop__wait_for_forward__hw60_v65_b30_c120,411.9000,1,24.6672,次駅への減速フェーズ（駅手前400m以内）,ブレーキ（減速）中,7.9000,力行（加速）,0.2000,1.3166,70.0000,40.4666,0.0000,0.0000,0.5688,0.7478,-0.2119,0.0000,0.0943,-0.3063,-2.3000,-0.0043,3.1867,この先制限速度なし,この先目立った勾配なし,1.0000,1.3166,71.9000,72.1400,1,-0.2119,-71.9000,0.0000,0.0000,30.0000,300.0000,0.0000,0.0000,前方 159.5m 先を 42.1km/h で走行中,60.0000,60.0000,0.0000,0.0000,0.0000,発車済み,後続列車なし,,,
anti_mid_stop__wait_for_forward__hw60_v65_b30_c120,183.0000,1,23.2900,駅停車中（発車判断）,ブレーキ（減速）中,10.8000,惰行,0.4000,0.0000,70.0000,61.8076,50.7910,50.7910,0.0000,0.0000,1377.0000,157.0000,0.0000,1377.0000,9.2000,-0.4089,2.8513,この先制限速度なし,10m先に上り勾配11.4‰あり,1.0000,0.0000,0.0000,2.0000,1,1377.0000,157.0000,1.0000,1.0000,30.0000,300.0000,0.0000,109.0000,前方 247.9m 先を 42.6km/h で走行中,60.0000,60.0000,132.0000,0.0000,0.0000,未発車,後続列車なし,,,
anti_mid_stop__wait_for_forward__hw60_v65_b30_c120,198.0000,1,23.2900,駅停車中（発車判断）,ブレーキ（減速）中,25.8000,惰行,0.4000,0.0000,70.0000,69.9979,52.2992,52.2992,0.0000,0.0000,1377.0000,142.0000,0.0000,1377.0000,9.2000,-0.4089,2.8513,この先制限速度なし,10m先に上り勾配11.4‰あり,1.0000,0.0000,0.0000,2.0000,1,1377.0000,142.0000,1.0000,16.0000,30.0000,300.0000,0.0000,107.5000,前方 438.7m 先を 48.7km/h で走行中,60.0000,60.0000,117.0000,0.0000,0.0000,未発車,後続列車なし,,,
anti_mid_stop__on_time__hw60_v65_b30_c180,1.0000,0,21.1124,駅出発直後の加速フェーズ（20秒以内）,力行（加速）中,30.0000,なし（または停止）,0.0000,3.1655,70.0000,69.9979,64.8030,65.2032,1.9871,1.1784,2177.5520,179.0000,0.4738,2177.0783,-2.1000,-0.0130,3.0809,この先制限速度なし,387m先に下り勾配6.7‰あり,0.0000,0.0000,0.0000,0.3625,2,3554.5520,339.0000,0.0000,0.0000,30.0000,300.0000,0.0000,0.0000,前方 764.5m 先を 62.8km/h で走行中,60.0000,60.0000,165.0000,0.0000,0.0000,未発車,後続列車なし,,,
anti_mid_stop__on_time__hw60_v65_b30_c180,173.0000,0,23.2571,次駅への減速フェーズ（駅手前400m以内）,ブレーキ（減速）中,1.7000,惰行,0.4000,26.6322,70.0000,46.2216,70.0000,70.0000,24.2769,2.3553,32.8540,7.0000,33.5770,-0.7230,9.2000,-0.4455,1.4157,この先制限速度なし,この先目立った勾配なし,1.0000,26.6322,0.0000,2.0612,2,1409.8540,167.0000,0.0000,0.0000,30.0000,300.0000,0.0000,0.0000,前方 170.4m 先を 36.3km/h で走行中,60.0000,60.0000,0.0000,0.0000,0.0000,発車済み,後続列車なし,,,
anti_mid_stop__on_time__hw60_v65_b30_c180,330.9000,1,24.5835,次駅への減速フェーズ（駅手前400m以内）,ブレーキ（減速）中,3.8000,惰行,1.0000,16.1599,70.0000,15.6522,70.0000,10.6105,38.9754,-22.8155,83.5370,9.1000,14.4017,69.1353,-2.3000,-0.0217,2.3896,この先制限速度なし,この先目立った勾配なし,1.0000,15.8174,0.0000,6.3724,1,83.5370,9.1000,0.0000,0.0000,30.0000,300.0000,0.0000,0.0000,前方 83.5m 先に停車中,60.0000,60.0000,15.0000,30.9000,60.9000,未発車,後続列車なし,,,
anti_mid_stop__on_time__hw60_v65_b30_c180,354.4000,1,24.5979,次駅への減速フェーズ（駅手前400m以内）,ブレーキ（減速）中,27.3000,惰行,1.0000,0,70.0000,0.0000,70.0000,8.6395,35.5442,-35.5442,69.1355,0.0000,0.0000,69.1355,-2.3000,-0.0032,3.2570,この先制限速度なし,この先目立った勾配なし,0.0000,0.0000,14.4000,28.4827,1,69.1355,-14.4000,0.0000,0.0000,30.0000,300.0000,0.0000,0.0000,前方 69.1m 先に停車中,60.0000,60.0000,15.0000,54.4000,84.4000,未発車,後続列車なし,,,
anti_mid_stop__on_time__hw60_v65_b30_c180,377.9000,1,24.5979,次駅への減速フェーズ（駅手前400m以内）,ブレーキ（減速）中,50.8000,惰行,1.0000,0,70.0000,0.0000,70.0000,8.6395,35.5442,-35.5442,69.1355,0.0000,0.0000,69.1355,-2.3000,-0.0032,3.2570,この先制限速度なし,この先目立った勾配なし,0.0000,0.0000,37.9000,51.9827,1,69.1355,-37.9000,0.0000,0.0000,30.0000,300.0000,0.0000,0.0000,前方 69.1m 先に停車中,60.0000,60.0000,15.0000,77.9000,107.9000,未発車,後続列車なし,,,
anti_mid_stop__on_time__hw60_v65_b30_c180,401.4000,1,24.5979,次駅への減速フェーズ（駅手前400m以内）,ブレーキ（減速）中,74.3000,惰行,1.0000,0,70.0000,0.0000,70.0000,8.6395,35.5442,-35.5442,69.1355,0.0000,0.0000,69.1355,-2.3000,-0.0032,3.2570,この先制限速度なし,この先目立った勾配なし,0.0000,0.0000,61.4000,75.4827,1,69.1355,-61.4000,0.0000,0.0000,30.0000,300.0000,0.0000,0.0000,前方 69.1m 先に停車中,60.0000,60.0000,15.0000,101.4000,131.4000,未発車,後続列車なし,,,
anti_mid_stop__on_time__hw60_v65_b30_c180,424.9000,1,24.5979,次駅への減速フェーズ（駅手前400m以内）,ブレーキ（減速）中,97.8000,惰行,1.0000,0,70.0000,0.0000,70.0000,8.6395,35.5442,-35.5442,69.1355,0.0000,0.0000,69.1355,-2.3000,-0.0032,3.2570,この先制限速度なし,この先目立った勾配なし,0.0000,0.0000,84.9000,98.9827,1,69.1355,-84.9000,0.0000,0.0000,30.0000,300.0000,0.0000,0.0000,前方 69.1m 先に停車中,60.0000,60.0000,15.0000,124.9000,154.9000,未発車,後続列車なし,,,
anti_mid_stop__on_time__hw60_v65_b30_c180,448.4000,1,24.5979,次駅への減速フェーズ（駅手前400m以内）,ブレーキ（減速）中,121.3000,惰行,1.0000,0,70.0000,0.0000,70.0000,8.6395,35.5442,-35.5442,69.1355,0.0000,0.0000,69.1355,-2.3000,-0.0032,3.2570,この先制限速度なし,この先目立った勾配なし,0.0000,0.0000,108.4000,122.4827,1,69.1355,-108.4000,0.0000,0.0000,30.0000,300.0000,0.0000,0.0000,前方 69.1m 先に停車中,60.0000,60.0000,15.0000,148.4000,178.4000,未発車,後続列車なし,,,
anti_mid_stop__on_time__hw60_v65_b30_c180,471.9000,1,24.6676,次駅への減速フェーズ（駅手前400m以内）,ブレーキ（減速）中,7.9000,力行（加速）,0.4000,1.5193,70.0000,40.3470,0.0000,0.0000,0.5688,0.9505,-0.6120,0.0000,0.1259,-0.7380,-2.3000,-0.0044,3.1759,この先制限速度なし,この先目立った勾配なし,1.0000,1.5193,131.9000,132.1400,1,-0.6120,-131.9000,0.0000,0.0000,30.0000,300.0000,0.0000,0.0000,前方 158.9m 先を 42.1km/h で走行中,60.0000,60.0000,0.0000,0.0000,0.0000,発車済み,後続列車なし,,,
anti_mid_stop__on_time__hw60_v65_b30_c180,183.0000,1,23.2900,駅停車中（発車判断）,ブレーキ（減速）中,10.8000,惰行,0.4000,0.0000,70.0000,61.8076,50.7910,50.7910,0.0000,0.0000,1377.0000,157.0000,0.0000,1377.0000,9.2000,-0.4089,2.8513,この先制限速度なし,10m先に上り勾配11.4‰あり,1.0000,0.0000,0.0000,2.0000,1,1377.0000,157.0000,1.0000,1.0000,30.0000,300.0000,0.0000,109.0000,前方 247.9m 先を 42.6km/h で走行中,60.0000,60.0000,132.0000,0.0000,0.0000,未発車,後続列車なし,,,
anti_mid_stop__on_time__hw60_v65_b30_c180,198.0000,1,23.2900,駅停車中（発車判断）,ブレーキ（減速）中,25.8000,惰行,0.4000,0.0000,70.0000,69.9979,52.2992,52.2992,0.0000,0.0000,1377.0000,142.0000,0.0000,1377.0000,9.2000,-0.4089,2.8513,この先制限速度なし,10m先に上り勾配11.4‰あり,1.0000,0.0000,0.0000,2.0000,1,1377.0000,142.0000,1.0000,16.0000,30.0000,300.0000,0.0000,107.5000,前方 438.7m 先を 48.7km/h で走行中,60.0000,60.0000,117.0000,0.0000,0.0000,未発車,後続列車なし,,,
anti_mid_stop__wait_for_forward__hw60_v65_b30_c180,1.0000,0,21.1124,駅出発直後の加速フェーズ（20秒以内）,力行（加速）中,30.0000,なし（または停止）,0.0000,3.1655,70.0000,69.9979,64.8030,65.2032,1.9871,1.1784,2177.5520,179.0000,0.4738,2177.0783,-2.1000,-0.0130,3.0809,この先制限速度なし,387m先に下り勾配6.7‰あり,0.0000,0.0000,0.0000,0.3625,2,3554.5520,339.0000,0.0000,0.0000,30.0000,300.0000,0.0000,0.0000,前方 764.5m 先を 62.8km/h で走行中,60.0000,60.0000,165.0000,0.0000,0.0000,未発車,後続列車なし,,,
anti_mid_stop__wait_for_forward__hw60_v65_b30_c180,173.0000,0,23.2571,次駅への減速フェーズ（駅手前400m以内）,ブレーキ（減速）中,1.7000,惰行,0.4000,26.6322,70.0000,46.2216,70.0000,70.0000,24.2769,2.3553,32.8540,7.0000,33.5770,-0.7230,9.2000,-0.4455,1.4157,この先制限速度なし,この先目立った勾配なし,1.0000,26.6322,0.0000,2.0612,2,1409.8540,167.0000,0.0000,0.0000,30.0000,300.0000,0.0000,0.0000,前方 170.4m 先を 36.3km/h で走行中,60.0000,60.0000,0.0000,0.0000,0.0000,発車済み,後続列車なし,,,
anti_mid_stop__wait_for_forward__hw60_v65_b30_c180,330.9000,1,24.5835,次駅への減速フェーズ（駅手前400m以内）,ブレーキ（減速）中,3.8000,惰行,1.0000,16.1599,70.0000,15.6522,70.0000,10.6105,38.9754,-22.8155,83.5370,9.1000,14.4017,69.1353,-2.3000,-0.0217,2.3896,この先制限速度なし,この先目立った勾配なし,1.0000,15.8174,0.0000,6.3724,1,83.5370,9.1000,0.0000,0.0000,30.0000,300.0000,0.0000,0.0000,前方 83.5m 先に停車中,60.0000,60.0000,15.0000,30.9000,60.9000,未発車,後続列車なし,,,
anti_mid_stop__wait_for_forward__hw60_v65_b30_c180,354.4000,1,24.5979,次駅への減速フェーズ（駅手前400m以内）,ブレーキ（減速）中,27.3000,惰行,1.0000,0,70.0000,0.0000,70.0000,8.6395,35.5442,-35.5442,69.1355,0.0000,0.0000,69.1355,-2.3000,-0.0032,3.2570,この先制限速度なし,この先目立った勾配なし,0.0000,0.0000,14.4000,28.4827,1,69.1355,-14.4000,0.0000,0.0000,30.0000,300.0000,0.0000,0.0000,前方 69.1m 先に停車中,60.0000,60.0000,15.0000,54.4000,84.4000,未発車,後続列車なし,,,
anti_mid_stop__wait_for_forward__hw60_v65_b30_c180,377.9000,1,24.5979,次駅への減速フェーズ（駅手前400m以内）,ブレーキ（減速）中,50.8000,惰行,1.0000,0,70.0000,0.0000,70.0000,8.6395,35.5442,-35.5442,69.1355,0.0000,0.0000,69.1355,-2.3000,-0.0032,3.2570,この先制限速度なし,この先目立った勾配なし,0.0000,0.0000,37.9000,51.9827,1,69.1355,-37.9000,0.0000,0.0000,30.0000,300.0000,0.0000,0.0000,前方 69.1m 先に停車中,60.0000,60.0000,15.0000,77.9000,107.9000,未発車,後続列車なし,,,
anti_mid_stop__wait_for_forward__hw60_v65_b30_c180,401.4000,1,24.5979,次駅への減速フェーズ（駅手前400m以内）,ブレーキ（減速）中,74.3000,惰行,1.0000,0,70.0000,0.0000,70.0000,8.6395,35.5442,-35.5442,69.1355,0.0000,0.0000,69.1355,-2.3000,-0.0032,3.2570,この先制限速度なし,この先目立った勾配なし,0.0000,0.0000,61.4000,75.4827,1,69.1355,-61.4000,0.0000,0.0000,30.0000,300.0000,0.0000,0.0000,前方 69.1m 先に停車中,60.0000,60.0000,15.0000,101.4000,131.4000,未発車,後続列車なし,,,
anti_mid_stop__wait_for_forward__hw60_v65_b30_c180,424.9000,1,24.5979,次駅への減速フェーズ（駅手前400m以内）,ブレーキ（減速）中,97.8000,惰行,1.0000,0,70.0000,0.0000,70.0000,8.6395,35.5442,-35.5442,69.1355,0.0000,0.0000,69.1355,-2.3000,-0.0032,3.2570,この先制限速度なし,この先目立った勾配なし,0.0000,0.0000,84.9000,98.9827,1,69.1355,-84.9000,0.0000,0.0000,30.0000,300.0000,0.0000,0.0000,前方 69.1m 先に停車中,60.0000,60.0000,15.0000,124.9000,154.9000,未発車,後続列車なし,,,
anti_mid_stop__wait_for_forward__hw60_v65_b30_c180,448.4000,1,24.5979,次駅への減速フェーズ（駅手前400m以内）,ブレーキ（減速）中,121.3000,惰行,1.0000,0,70.0000,0.0000,70.0000,8.6395,35.5442,-35.5442,69.1355,0.0000,0.0000,69.1355,-2.3000,-0.0032,3.2570,この先制限速度なし,この先目立った勾配なし,0.0000,0.0000,108.4000,122.4827,1,69.1355,-108.4000,0.0000,0.0000,30.0000,300.0000,0.0000,0.0000,前方 69.1m 先に停車中,60.0000,60.0000,15.0000,148.4000,178.4000,未発車,後続列車なし,,,
anti_mid_stop__wait_for_forward__hw60_v65_b30_c180,471.9000,1,24.6676,次駅への減速フェーズ（駅手前400m以内）,ブレーキ（減速）中,7.9000,力行（加速）,0.4000,1.5193,70.0000,40.3470,0.0000,0.0000,0.5688,0.9505,-0.6120,0.0000,0.1259,-0.7380,-2.3000,-0.0044,3.1759,この先制限速度なし,この先目立った勾配なし,1.0000,1.5193,131.9000,132.1400,1,-0.6120,-131.9000,0.0000,0.0000,30.0000,300.0000,0.0000,0.0000,前方 158.9m 先を 42.1km/h で走行中,60.0000,60.0000,0.0000,0.0000,0.0000,発車済み,後続列車なし,,,
anti_mid_stop__wait_for_forward__hw60_v65_b30_c180,183.0000,1,23.2900,駅停車中（発車判断）,ブレーキ（減速）中,10.8000,惰行,0.4000,0.0000,70.0000,61.8076,50.7910,50.7910,0.0000,0.0000,1377.0000,157.0000,0.0000,1377.0000,9.2000,-0.4089,2.8513,この先制限速度なし,10m先に上り勾配11.4‰あり,1.0000,0.0000,0.0000,2.0000,1,1377.0000,157.0000,1.0000,1.0000,30.0000,300.0000,0.0000,109.0000,前方 247.9m 先を 42.6km/h で走行中,60.0000,60.0000,132.0000,0.0000,0.0000,未発車,後続列車なし,,,
anti_mid_stop__wait_for_forward__hw60_v65_b30_c180,198.0000,1,23.2900,駅停車中（発車判断）,ブレーキ（減速）中,25.8000,惰行,0.4000,0.0000,70.0000,69.9979,52.2992,52.2992,0.0000,0.0000,1377.0000,142.0000,0.0000,1377.0000,9.2000,-0.4089,2.8513,この先制限速度なし,10m先に上り勾配11.4‰あり,1.0000,0.0000,0.0000,2.0000,1,1377.0000,142.0000,1.0000,16.0000,30.0000,300.0000,0.0000,107.5000,前方 438.7m 先を 48.7km/h で走行中,60.0000,60.0000,117.0000,0.0000,0.0000,未発車,後続列車なし,,,
anti_mid_stop__on_time__hw60_v65_b60_c60,1.0000,0,21.1124,駅出発直後の加速フェーズ（20秒以内）,力行（加速）中,30.0000,なし（または停止）,0.0000,3.1655,70.0000,69.9979,64.8030,65.2032,1.9871,1.1784,2177.5520,179.0000,0.4738,2177.0783,-2.1000,-0.0130,3.0809,この先制限速度なし,387m先に下り勾配6.7‰あり,0.0000,0.0000,0.0000,0.3625,2,3554.5520,339.0000,0.0000,0.0000,30.0000,300.0000,0.0000,0.0000,前方 764.5m 先を 62.8km/h で走行中,60.0000,60.0000,165.0000,0.0000,0.0000,未発車,後続列車なし,,,
anti_mid_stop__on_time__hw60_v65_b60_c60,124.0000,0,22.7689,巡航フェーズ（駅間走行中）,惰行中,6.0000,力行（加速）,1.0000,42.8155,70.0000,69.9979,44.4614,44.6304,44.3362,-1.5207,521.0749,56.0000,86.2085,434.8664,6.1000,-0.3735,0.6692,この先制限速度なし,331m先に上り勾配9.2‰あり,1.0000,20.7056,0.0000,3.6081,2,1898.0749,216.0000,0.0000,0.0000,30.0000,300.0000,0.0000,0.0000,前方 521.1m 先に停車中,60.0000,60.0000,42.0000,0.0000,3.0000,未発車,後続列車なし,,,
anti_mid_stop__on_time__hw60_v65_b60_c60,175.0000,0,23.2193,次駅への減速フェーズ（駅手前400m以内）,ブレーキ（減速）中,0.1000,力行（加速）,0.1000,1.8807,70.0000,3.8089,70.0000,14.7840,26.6484,-24.7677,70.6932,5.0000,0.1662,70.5270,9.2000,-0.4105,2.7509,この先制限速度なし,この先目立った勾配なし,0.0000,0.0000,0.0000,9.4116,2,1447.6932,165.0000,0.0000,0.0000,30.0000,300.0000,0.0000,0.0000,前方 70.7m 先に停車中,60.0000,60.0000,15.0000,24.0000,54.0000,未発車,後続列車なし,,,
anti_mid_stop__on_time__hw60_v65_b60_c60,187.3000,0,23.2293,次駅への減速フェーズ（駅手前400m以内）,力行（加速）中,0.3000,ブレーキ（減速）,0.1000,10.3856,70.0000,12.3752,70.0000,70.0000,26.0401,-15.6545,60.6883,0.0000,5.1238,55.5645,9.2000,-0.4195,2.2951,この先制限速度なし,この先目立った勾配なし,0.0000,0.0000,7.3000,20.3447,2,1437.6883,152.7000,0.0000,0.0000,30.0000,300.0000,0.0000,0.0000,前方 77.3m 先を 16.2km/h で走行中,60.0000,60.0000,0.0000,0.0000,0.0000,発車済み,後続列車なし,,,
anti_mid_stop__on_time__hw60_v65_b60_c60,199.6000,0,23.2841,次駅への減速フェーズ（駅手前400m以内）,ブレーキ（減速）中,3.3000,力行（加速）,0.3000,11.2689,70.0000,29.2087,70.0000,70.0000,11.1427,0.1261,5.8814,0.0000,6.0323,-0.1509,9.2000,-0.4206,2.2476,この先制限速度なし,この先目立った勾配なし,1.0000,11.2689,19.6000,23.4383,2,1382.8814,140.4000,0.0000,0.0000,30.0000,300.0000,0.0000,0.0000,前方 110.4m 先を 33.3km/h で走行中,60.0000,60.0000,0.0000,0.0000,0.0000,発車済み,後続列車なし,,,
anti_mid_stop__on_time__hw60_v65_b60_c60,319.3000,1,24.2596,巡航フェーズ（駅間走行中）,惰行中,3.0000,力行（加速）,1.0000,43.4132,70.0000,69.9979,70.0000,45.2621,43.1809,0.2323,407.4058,20.7000,102.7346,304.6712,11.4000,-0.5620,0.4722,この先制限速度なし,40m先に下り勾配2.3‰あり,1.0000,39.1626,0.0000,23.6957,1,407.4058,20.7000,0.0000,0.0000,30.0000,300.0000,0.0000,0.0000,前方 407.4m 先に停車中,60.0000,60.0000,25.7000,0.0000,19.3000,未発車,後続列車なし,,,
anti_mid_stop__on_time__hw60_v65_b60_c60,357.7000,1,24.5965,次駅への減速フェーズ（駅手前400m以内）,ブレーキ（減速）中,0.2000,力行（加速）,0.1000,0.9841,70.0000,3.0954,70.0000,8.8080,35.9045,-34.9205,70.5325,0.0000,0.0524,70.4801,-2.3000,-0.0040,3.2045,この先制限速度なし,この先目立った勾配なし,0.0000,0.0000,17.7000,31.9232,1,70.5325,-17.7000,0.0000,0.0000,30.0000,300.0000,0.0000,0.0000,前方 70.5m 先に停車中,60.0000,60.0000,15.0000,27.7000,57.7000,未発車,後続列車なし,,,
anti_mid_stop__on_time__hw60_v65_b60_c60,370.0000,1,24.6213,次駅への減速フェーズ（駅手前400m以内）,力行（加速）中,0.3000,ブレーキ（減速）,0.1000,16.5558,70.0000,18.5083,70.0000,70.0000,28.8582,-12.3024,45.7076,0.0000,15.1144,30.5932,-2.3000,-0.0223,2.3682,この先制限速度なし,この先目立った勾配なし,1.0000,16.4008,30.0000,41.4624,1,45.7076,-30.0000,0.0000,0.0000,30.0000,300.0000,0.0000,0.0000,前方 88.9m 先を 26.5km/h で走行中,60.0000,60.0000,0.0000,0.0000,0.0000,発車済み,後続列車なし,,,
anti_mid_stop__on_time__hw60_v65_b60_c60,382.3000,1,24.6672,駅停車完了（速度0km/h）,ブレーキ（減速）中,8.3000,力行（加速）,0.2000,0.3404,70.0000,41.4792,0.0000,0.0000,0.5688,-0.2284,-0.2092,0.0000,0.0060,-0.2152,-2.3000,-0.0034,3.2388,この先制限速度なし,この先目立った勾配なし,1.0000,0.3404,42.3000,42.5400,1,-0.2092,-42.3000,0.0000,0.0000,30.0000,300.0000,0.0000,0.0000,前方 163.9m 先を 42.5km/h で走行中,60.0000,60.0000,0.0000,0.0000,0.0000,発車済み,後続列車なし,,,
anti_mid_stop__on_time__hw60_v65_b60_c60,204.3000,1,23.2900,駅停車中（発車判断）,ブレーキ（減速）中,7.1000,力行（加速）,0.3000,0.0000,70.0000,41.4066,53.0896,68.3196,0.0000,0.0000,1377.0000,135.7000,0.0000,1377.0000,9.2000,-0.4089,2.8513,この先制限速度なし,10m先に上り勾配11.4‰あり,1.0000,0.0000,0.0000,23.3000,1,1377.0000,135.7000,1.0000,1.0000,30.0000,300.0000,0.0000,107.0000,前方 150.7m 先を 37.3km/h で走行中,60.0000,60.0000,140.7000,0.0000,0.0000,未発車,後続列車なし,,,
anti_mid_stop__on_time__hw60_v65_b60_c60,219.3000,1,23.2900,駅停車中（発車判断）,ブレーキ（減速）中,22.1000,力行（加速）,0.3000,0.0000,70.0000,69.9979,56.5588,69.6757,0.0000,0.0000,1377.0000,120.7000,0.0000,1377.0000,9.2000,-0.4089,2.8513,この先制限速度なし,10m先に上り勾配11.4‰あり,1.0000,0.0000,0.0000,23.3000,1,1377.0000,120.7000,1.0000,16.0000,30.0000,300.0000,0.0000,104.5000,前方 324.8m 先を 45.4km/h で走行中,60.0000,60.0000,125.7000,0.0000,0.0000,未発車,後続列車なし,,,
anti_mid_stop__wait_for_forward__hw60_v65_b60_c60,1.0000,0,21.1124,駅出発直後の加速フェーズ（20秒以内）,力行（加速）中,30.0000,なし（または停止）,0.0000,3.1655,70.0000,69.9979,64.8030,65.2032,1.9871,1.1784,2177.5520,179.0000,0.4738,2177.0783,-2.1000,-0.0130,3.0809,この先制限速度なし,387m先に下り勾配6.7‰あり,0.0000,0.0000,0.0000,0.3625,2,3554.5520,339.0000,0.0000,0.0000,30.0000,300.0000,0.0000,0.0000,前方 764.5m 先を 62.8km/h で走行中,60.0000,60.0000,165.0000,0.0000,0.0000,未発車,後続列車なし,,,
anti_mid_stop__wait_for_forward__hw60_v65_b60_c60,120.0000,0,22.7205,巡航フェーズ（駅間走行中）,惰行中,2.0000,力行（加速）,1.0000,44.3174,70.0000,69.9979,45.5903,46.3318,45.8038,-1.4863,569.4785,60.0000,92.2959,477.1826,6.1000,-0.3775,0.6440,この先制限速度なし,379m先に上り勾配9.2‰あり,1.0000,20.7047,0.0000,3.4748,2,1946.4785,220.0000,0.0000,0.0000,30.0000,300.0000,0.0000,0.0000,前方 569.5m 先を 1.2km/h で走行中,60.0000,60.0000,46.0000,0.0000,0.0000,未発車,後続列車なし,,,
anti_mid_stop__wait_for_forward__hw60_v65_b60_c60,174.2000,0,23.2187,次駅への減速フェーズ（駅手前400m以内）,ブレーキ（減速）中,0.5000,力行（加速）,0.1000,3.0866,70.0000,5.1654,70.0000,14.8682,26.6834,-23.5968,71.2743,5.8000,0.4503,70.8240,9.2000,-0.4115,2.6865,この先制限速度なし,この先目立った勾配なし,0.0000,0.0000,0.0000,8.6900,2,1448.2743,165.8000,0.0000,0.0000,30.0000,300.0000,0.0000,0.0000,前方 71.3m 先に停車中,60.0000,60.0000,15.0000,23.2000,53.2000,未発車,後続列車なし,,,
anti_mid_stop__wait_for_forward__hw60_v65_b60_c60,186.1000,0,23.2262,次駅への減速フェーズ（駅手前400m以内）,力行（加速）中,0.3000,ブレーキ（減速）,0.1000,8.6201,70.0000,10.5914,70.0000,70.0000,26.2307,-17.6106,63.8026,0.0000,3.5294,60.2732,9.2000,-0.4173,2.3900,この先制限速度なし,この先目立った勾配なし,0.0000,0.0000,6.1000,19.5738,2,1440.8026,153.9000,0.0000,0.0000,30.0000,300.0000,0.0000,0.0000,前方 75.3m 先を 13.9km/h で走行中,60.0000,60.0000,0.0000,0.0000,0.0000,発車済み,後続列車なし,,,
anti_mid_stop__wait_for_forward__hw60_v65_b60_c60,198.0000,0,23.2781,次駅への減速フェーズ（駅手前400m以内）,ブレーキ（減速）中,1.7000,力行（加速）,0.3000,15.9469,70.0000,25.9595,70.0000,70.0000,15.8598,0.0871,11.9225,0.0000,12.0735,-0.1510,9.2000,-0.4271,1.9954,この先制限速度なし,この先目立った勾配なし,1.0000,15.9469,18.0000,23.4511,2,1388.9225,142.0000,0.0000,0.0000,30.0000,300.0000,0.0000,0.0000,前方 102.0m 先を 31.7km/h で走行中,60.0000,60.0000,0.0000,0.0000,0.0000,発車済み,後続列車なし,,,
anti_mid_stop__wait_for_forward__hw60_v65_b60_c60,310.3000,1,23.9940,巡航フェーズ（駅間走行中）,力行（加速）中,66.0000,ブレーキ（減速）,30.0000,54.6837,70.0000,69.9979,70.0000,68.4502,54.4993,0.1844,673.0496,29.7000,161.8847,511.1649,11.4000,-0.5951,0.2800,この先制限速度なし,306m先に下り勾配2.3‰あり,1.0000,39.1552,0.0000,34.2983,1,673.0496,29.7000,0.0000,0.0000,30.0000,300.0000,0.0000,0.0000,前方 673.0m 先に停車中,60.0000,60.0000,34.7000,0.0000,10.3000,未発車,後続列車なし,,,
anti_mid_stop__wait_for_forward__hw60_v65_b60_c60,358.2000,1,24.5959,次駅への減速フェーズ（駅手前400m以内）,ブレーキ（減速）中,21.8000,惰行,6.0000,2.7150,70.0000,4.4818,70.0000,9.0901,36.0538,-33.3387,71.1143,0.0000,0.4050,70.7093,-2.3000,-0.0055,3.1120,この先制限速度なし,この先目立った勾配なし,1.0000,2.1657,18.2000,32.4814,1,71.1143,-18.2000,0.0000,0.0000,30.0000,300.0000,0.0000,0.0000,前方 71.1m 先に停車中,60.0000,60.0000,15.0000,28.2000,58.2000,未発車,後続列車なし,,,
anti_mid_stop__wait_for_forward__hw60_v65_b60_c60,370.1000,1,24.6217,次駅への減速フェーズ（駅手前400m以内）,力行（加速）中,0.1000,力行（加速）,0.3000,16.3721,70.0000,18.6621,70.0000,70.0000,28.7158,-12.3437,45.2604,0.0000,14.7816,30.4789,-2.3000,-0.0220,2.3781,この先制限速度なし,この先目立った勾配なし,1.0000,16.2190,30.1000,41.5066,1,45.2604,-30.1000,0.0000,0.0000,30.0000,300.0000,0.0000,0.0000,前方 89.2m 先を 26.7km/h で走行中,60.0000,60.0000,0.0000,0.0000,0.0000,発車済み,後続列車なし,,,
anti_mid_stop__wait_for_forward__hw60_v65_b60_c60,382.0000,1,24.6673,次駅への減速フェーズ（駅手前400m以内）,ブレーキ（減速）中,8.0000,力行（加速）,0.3000,1.1527,70.0000,40.6546,0.0000,0.0000,0.5688,0.5839,-0.3087,0.0000,0.0721,-0.3808,-2.3000,-0.0041,3.1955,この先制限速度なし,この先目立った勾配なし,1.0000,1.1527,42.0000,42.2400,1,-0.3087,-42.0000,0.0000,0.0000,30.0000,300.0000,0.0000,0.0000,前方 160.3m 先を 42.2km/h で走行中,60.0000,60.0000,0.0000,0.0000,0.0000,発車済み,後続列車なし,,,
anti_mid_stop__wait_for_forward__hw60_v65_b60_c60,204.3000,1,23.2900,駅停車中（発車判断）,ブレーキ（減速）中,7.1000,力行（加速）,0.3000,0.0000,70.0000,41.4066,53.0896,68.3196,0.0000,0.0000,1377.0000,135.7000,0.0000,1377.0000,9.2000,-0.4089,2.8513,この先制限速度なし,10m先に上り勾配11.4‰あり,1.0000,0.0000,0.0000,23.3000,1,1377.0000,135.7000,1.0000,1.0000,30.0000,300.0000,0.0000,107.0000,前方 150.7m 先を 37.3km/h で走行中,60.0000,60.0000,140.7000,0.0000,0.0000,未発車,後続列車なし,,,
anti_mid_stop__wait_for_forward__hw60_v65_b60_c60,217.3000,1,23.2900,駅停車中（発車判断）,ブレーキ（減速）中,20.1000,力行（加速）,0.3000,0.0000,70.0000,69.9979,55.9265,69.4609,0.0000,0.0000,1377.0000,122.7000,0.0000,1377.0000,9.2000,-0.4089,2.8513,この先制限速度なし,10m先に上り勾配11.4‰あり,1.0000,0.0000,0.0000,23.3000,1,1377.0000,122.7000,1.0000,14.0000,30.0000,300.0000,0.0000,105.0000,前方 299.8m 先を 44.5km/h で走行中,60.0000,60.0000,127.7000,0.0000,0.0000,未発車,後続列車なし,,,
anti_mid_stop__wait_for_forward__hw60_v65_b60_c60,230.3000,1,23.2900,駅停車中（発車判断）,ブレーキ（減速）中,33.1000,力行（加速）,0.3000,0.0000,70.0000,69.9979,70.0000,70.0000,0.0000,0.0000,1377.0000,109.7000,0.0000,1377.0000,9.2000,-0.4089,2.8513,この先制限速度なし,10m先に上り勾配11.4‰あり,1.0000,0.0000,0.0000,23.3000,1,1377.0000,109.7000,1.0000,27.0000,30.0000,300.0000,0.0000,102.0000,前方 469.9m 先を 49.5km/h で走行中,60.0000,60.0000,114.7000,0.0000,0.0000,未発車,後続列車なし,,,
anti_mid_stop__wait_for_forward__hw60_v65_b60_c60,243.3000,1,23.2900,駅停車中（発車判断）,ブレーキ（減速）中,46.1000,力行（加速）,0.3000,0.0000,70.0000,69.9979,70.0000,70.0000,0.0000,0.0000,1377.0000,96.7000,0.0000,1377.0000,9.2000,-0.4089,2.8513,この先制限速度なし,10m先に上り勾配11.4‰あり,1.0000,0.0000,0.0000,33.3000,1,1377.0000,96.7000,1.0000,40.0000,30.0000,300.0000,10.0000,102.0000,前方 656.7m 先を 53.8km/h で走行中,60.0000,60.0000,101.7000,0.0000,0.0000,未発車,後続列車なし,,,
anti_mid_stop__on_time__hw60_v65_b45_c120,1.0000,0,21.1124,駅出発直後の加速フェーズ（20秒以内）,力行（加速）中,30.0000,なし（または停止）,0.0000,3.1655,70.0000,69.9979,64.8030,65.2032,1.9871,1.1784,2177.5520,179.0000,0.4738,2177.0783,-2.1000,-0.0130,3.0809,この先制限速度なし,387m先に下り勾配6.7‰あり,0.0000,0.0000,0.0000,0.3625,2,3554.5520,339.0000,0.0000,0.0000,30.0000,300.0000,0.0000,0.0000,前方 764.5m 先を 62.8km/h で走行中,60.0000,60.0000,165.0000,0.0000,0.0000,未発車,後続列車なし,,,
anti_mid_stop__on_time__hw60_v65_b45_c120,168.4000,0,23.2022,次駅への減速フェーズ（駅手前400m以内）,力行（加速）中,0.3000,力行（加速）,0.1000,19.3399,70.0000,21.1209,70.0000,70.0000,27.6611,-8.3212,87.8004,11.6000,17.7446,70.0557,9.2000,-0.4324,1.8118,この先制限速度なし,この先目立った勾配なし,1.0000,11.0291,0.0000,5.0801,2,1464.8004,171.6000,0.0000,0.0000,30.0000,300.0000,0.0000,0.0000,前方 91.2m 先を 7.8km/h で走行中,60.0000,60.0000,0.0000,0.0000,0.0000,発車済み,後続列車なし,,,
anti_mid_stop__on_time__hw60_v65_b45_c120,186.4000,0,23.2883,次駅への減速フェーズ（駅手前400m以内）,ブレーキ（減速）中,5.0000,力行（加速）,0.3000,7.3664,70.0000,33.5922,70.0000,70.0000,6.0413,1.3251,1.7434,0.0000,2.5767,-0.8334,9.2000,-0.4159,2.4573,この先制限速度なし,この先目立った勾配なし,1.0000,7.3664,6.4000,8.4892,2,1378.7434,153.6000,0.0000,0.0000,30.0000,300.0000,0.0000,0.0000,前方 123.3m 先を 35.0km/h で走行中,60.0000,60.0000,0.0000,0.0000,0.0000,発車済み,後続列車なし,,,
anti_mid_stop__on_time__hw60_v65_b45_c120,337.0000,1,24.5877,次駅への減速フェーズ（駅手前400m以内）,ブレーキ（減速）中,0.1000,惰行,0.1000,11.0936,70.0000,12.9648,70.0000,9.8777,38.0906,-26.9970,79.2968,3.0000,6.7935,72.5033,-2.3000,-0.0146,2.6628,この先制限速度なし,この先目立った勾配なし,1.0000,10.7405,0.0000,12.0769,1,79.2968,3.0000,0.0000,0.0000,30.0000,300.0000,0.0000,0.0000,前方 79.3m 先に停車中,60.0000,60.0000,15.0000,22.0000,52.0000,未発車,後続列車なし,,,
anti_mid_stop__on_time__hw60_v65_b45_c120,355.0000,1,24.5968,次駅への減速フェーズ（駅手前400m以内）,ブレーキ（減速）中,10.2000,力行（加速）,0.1000,0,70.0000,1.9717,70.0000,8.7701,35.8233,-35.8233,70.2160,0.0000,0.0000,70.2160,-2.3000,-0.0032,3.2570,この先制限速度なし,この先目立った勾配なし,0.0000,0.0000,15.0000,29.1916,1,70.2160,-15.0000,0.0000,0.0000,30.0000,300.0000,0.0000,0.0000,前方 70.2m 先に停車中,60.0000,60.0000,15.0000,40.0000,70.0000,未発車,後続列車なし,,,
anti_mid_stop__on_time__hw60_v65_b45_c120,373.0000,1,24.5968,次駅への減速フェーズ（駅手前400m以内）,ブレーキ（減速）中,28.2000,力行（加速）,0.1000,0,70.0000,1.9717,70.0000,8.7701,35.8233,-35.8233,70.2160,0.0000,0.0000,70.2160,-2.3000,-0.0032,3.2570,この先制限速度なし,この先目立った勾配なし,0.0000,0.0000,33.0000,47.1916,1,70.2160,-33.0000,0.0000,0.0000,30.0000,300.0000,0.0000,0.0000,前方 70.2m 先に停車中,60.0000,60.0000,15.0000,58.0000,88.0000,未発車,後続列車なし,,,
anti_mid_stop__on_time__hw60_v65_b45_c120,391.0000,1,24.5968,次駅への減速フェーズ（駅手前400m以内）,ブレーキ（減速）中,46.2000,力行（加速）,0.1000,0,70.0000,1.9717,70.0000,8.7701,35.8233,-35.8233,70.2160,0.0000,0.0000,70.2160,-2.3000,-0.0032,3.2570,この先制限速度なし,この先目立った勾配なし,0.0000,0.0000,51.0000,65.1916,1,70.2160,-51.0000,0.0000,0.0000,30.0000,300.0000,0.0000,0.0000,前方 70.2m 先に停車中,60.0000,60.0000,15.0000,76.0000,106.0000,未発車,後続列車なし,,,
anti_mid_stop__on_time__hw60_v65_b45_c120,409.0000,1,24.6013,次駅への減速フェーズ（駅手前400m以内）,力行（加速）中,0.1000,力行（加速）,0.3000,7.2451,70.0000,9.4742,70.0000,70.0000,34.6439,-27.3988,65.7060,0.0000,2.8974,62.8086,-2.3000,-0.0100,2.8695,この先制限速度なし,この先目立った勾配なし,1.0000,6.9242,69.0000,82.7304,1,65.7060,-69.0000,0.0000,0.0000,30.0000,300.0000,0.0000,0.0000,前方 75.0m 先を 13.6km/h で走行中,60.0000,60.0000,0.0000,0.0000,0.0000,発車済み,後続列車なし,,,
anti_mid_stop__on_time__hw60_v65_b45_c120,427.0000,1,24.6676,次駅への減速フェーズ（駅手前400m以内）,ブレーキ（減速）中,8.0000,力行（加速）,0.4000,1.2750,70.0000,40.6076,0.0000,0.0000,0.5688,0.7062,-0.6290,0.0000,0.0884,-0.7174,-2.3000,-0.0042,3.1890,この先制限速度なし,この先目立った勾配なし,1.0000,1.2750,87.0000,87.2400,1,-0.6290,-87.0000,0.0000,0.0000,30.0000,300.0000,0.0000,0.0000,前方 160.1m 先を 42.2km/h で走行中,60.0000,60.0000,0.0000,0.0000,0.0000,発車済み,後続列車なし,,,
anti_mid_stop__on_time__hw60_v65_b45_c120,189.8000,1,23.2900,駅停車中（発車判断）,ブレーキ（減速）中,7.5000,力行（加速）,0.3000,0.0000,70.0000,42.7353,51.4746,68.3870,0.0000,0.0000,1377.0000,150.2000,0.0000,1377.0000,9.2000,-0.4089,2.8513,この先制限速度なし,10m先に上り勾配11.4‰あり,1.0000,0.0000,0.0000,8.8000,1,1377.0000,150.2000,1.0000,1.0000,30.0000,300.0000,0.0000,108.5000,前方 156.0m 先を 37.7km/h で走行中,60.0000,60.0000,140.2000,0.0000,0.0000,未発車,後続列車なし,,,
anti_mid_stop__on_time__hw60_v65_b45_c120,204.8000,1,23.2900,駅停車中（発車判断）,ブレーキ（減速）中,22.5000,力行（加速）,0.3000,0.0000,70.0000,69.9979,53.0896,69.7052,0.0000,0.0000,1377.0000,135.2000,0.0000,1377.0000,9.2000,-0.4089,2.8513,この先制限速度なし,10m先に上り勾配11.4‰あり,1.0000,0.0000,0.0000,8.8000,1,1377.0000,135.2000,1.0000,16.0000,30.0000,300.0000,0.0000,107.0000,前方 331.1m 先を 45.6km/h で走行中,60.0000,60.0000,125.2000,0.0000,0.0000,未発車,後続列車なし,,,
anti_mid_stop__wait_for_forward__hw60_v65_b45_c120,1.0000,0,21.1124,駅出発直後の加速フェーズ（20秒以内）,力行（加速）中,30.0000,なし（または停止）,0.0000,3.1655,70.0000,69.9979,64.8030,65.2032,1.9871,1.1784,2177.5520,179.0000,0.4738,2177.0783,-2.1000,-0.0130,3.0809,この先制限速度なし,387m先に下り勾配6.7‰あり,0.0000,0.0000,0.0000,0.3625,2,3554.5520,339.0000,0.0000,0.0000,30.0000,300.0000,0.0000,0.0000,前方 764.5m 先を 62.8km/h で走行中,60.0000,60.0000,165.0000,0.0000,0.0000,未発車,後続列車なし,,,
anti_mid_stop__wait_for_forward__hw60_v65_b45_c120,167.9000,0,23.1995,次駅への減速フェーズ（駅手前400m以内）,ブレーキ（減速）中,2.8000,惰行,27.0000,19.8600,70.0000,21.9412,70.0000,70.0000,27.8192,-7.9592,90.5217,12.1000,18.7096,71.8121,9.2000,-0.4332,1.7837,この先制限速度なし,この先目立った勾配なし,1.0000,11.5346,0.0000,4.9333,2,1467.5217,172.1000,0.0000,0.0000,30.0000,300.0000,0.0000,0.0000,前方 92.9m 先を 6.6km/h で走行中,60.0000,60.0000,0.0000,0.0000,0.0000,発車済み,後続列車なし,,,
anti_mid_stop__wait_for_forward__hw60_v65_b45_c120,185.4000,0,23.2858,次駅への減速フェーズ（駅手前400m以内）,ブレーキ（減速）中,4.0000,力行（加速）,0.3000,10.2840,70.0000,31.2466,70.0000,70.0000,9.4068,0.8772,4.1907,0.0000,5.0241,-0.8334,9.2000,-0.4193,2.3006,この先制限速度なし,この先目立った勾配なし,1.0000,10.2840,5.4000,8.6436,2,1381.1907,154.6000,0.0000,0.0000,30.0000,300.0000,0.0000,0.0000,前方 116.2m 先を 34.1km/h で走行中,60.0000,60.0000,0.0000,0.0000,0.0000,発車済み,後続列車なし,,,
anti_mid_stop__wait_for_forward__hw60_v65_b45_c120,339.3000,1,24.5858,次駅への減速フェーズ（駅手前400m以内）,ブレーキ（減速）中,17.4000,惰行,6.0000,13.7652,70.0000,14.2102,70.0000,10.3199,38.5411,-24.7759,81.1645,0.7000,10.4553,70.7092,-2.3000,-0.0182,2.5188,この先制限速度なし,この先目立った勾配なし,1.0000,13.4238,0.0000,14.5523,1,81.1645,0.7000,0.0000,0.0000,30.0000,300.0000,0.0000,0.0000,前方 81.2m 先に停車中,60.0000,60.0000,15.0000,24.3000,54.3000,未発車,後続列車なし,,,
anti_mid_stop__wait_for_forward__hw60_v65_b45_c120,356.8000,1,24.5968,次駅への減速フェーズ（駅手前400m以内）,ブレーキ（減速）中,9.7000,力行（加速）,0.1000,0,70.0000,1.9653,70.0000,8.7701,35.8230,-35.8230,70.2149,0.0000,0.0000,70.2149,-2.3000,-0.0032,3.2570,この先制限速度なし,この先目立った勾配なし,0.0000,0.0000,16.8000,30.9915,1,70.2149,-16.8000,0.0000,0.0000,30.0000,300.0000,0.0000,0.0000,前方 70.2m 先に停車中,60.0000,60.0000,15.0000,41.8000,71.8000,未発車,後続列車なし,,,
anti_mid_stop__wait_for_forward__hw60_v65_b45_c120,374.3000,1,24.5968,次駅への減速フェーズ（駅手前400m以内）,ブレーキ（減速）中,27.2000,力行（加速）,0.1000,0,70.0000,1.9653,70.0000,8.7701,35.8230,-35.8230,70.2149,0.0000,0.0000,70.2149,-2.3000,-0.0032,3.2570,この先制限速度なし,この先目立った勾配なし,0.0000,0.0000,34.3000,48.4915,1,70.2149,-34.3000,0.0000,0.0000,30.0000,300.0000,0.0000,0.0000,前方 70.2m 先に停車中,60.0000,60.0000,15.0000,59.3000,89.3000,未発車,後続列車なし,,,
anti_mid_stop__wait_for_forward__hw60_v65_b45_c120,391.8000,1,24.5968,次駅への減速フェーズ（駅手前400m以内）,ブレーキ（減速）中,44.7000,力行（加速）,0.1000,0,70.0000,1.9653,70.0000,8.7701,35.8230,-35.8230,70.2149,0.0000,0.0000,70.2149,-2.3000,-0.0032,3.2570,この先制限速度なし,この先目立った勾配なし,0.0000,0.0000,51.8000,65.9915,1,70.2149,-51.8000,0.0000,0.0000,30.0000,300.0000,0.0000,0.0000,前方 70.2m 先に停車中,60.0000,60.0000,15.0000,76.8000,106.8000,未発車,後続列車なし,,,
anti_mid_stop__wait_for_forward__hw60_v65_b45_c120,409.3000,1,24.6019,次駅への減速フェーズ（駅手前400m以内）,力行（加速）中,0.3000,ブレーキ（減速）,0.1000,8.0993,70.0000,10.0253,70.0000,70.0000,34.4731,-26.3738,65.0642,0.0000,3.6213,61.4429,-2.3000,-0.0110,2.8237,この先制限速度なし,この先目立った勾配なし,1.0000,7.7958,69.3000,82.9637,1,65.0642,-69.3000,0.0000,0.0000,30.0000,300.0000,0.0000,0.0000,前方 75.6m 先を 14.3km/h で走行中,60.0000,60.0000,0.0000,0.0000,0.0000,発車済み,後続列車なし,,,
anti_mid_stop__wait_for_forward__hw60_v65_b45_c120,426.8000,1,24.6675,次駅への減速フェーズ（駅手前400m以内）,ブレーキ（減速）中,7.8000,力行（加速）,0.4000,1.7759,70.0000,40.0970,0.0000,0.0000,0.5688,1.2071,-0.5461,0.0000,0.1725,-0.7186,-2.3000,-0.0046,3.1622,この先制限速度なし,この先目立った勾配なし,1.0000,1.7759,86.8000,87.0400,1,-0.5461,-86.8000,0.0000,0.0000,30.0000,300.0000,0.0000,0.0000,前方 157.9m 先を 42.0km/h で走行中,60.0000,60.0000,0.0000,0.0000,0.0000,発車済み,後続列車なし,,,
anti_mid_stop__wait_for_forward__hw60_v65_b45_c120,189.8000,1,23.2900,駅停車中（発車判断）,ブレーキ（減速）中,7.5000,力行（加速）,0.3000,0.0000,70.0000,42.7353,51.4746,68.3870,0.0000,0.0000,1377.0000,150.2000,0.0000,1377.0000,9.2000,-0.4089,2.8513,この先制限速度なし,10m先に上り勾配11.4‰あり,1.0000,0.0000,0.0000,8.8000,1,1377.0000,150.2000,1.0000,1.0000,30.0000,300.0000,0.0000,108.5000,前方 156.0m 先を 37.7km/h で走行中,60.0000,60.0000,140.2000,0.0000,0.0000,未発車,後続列車なし,,,
anti_mid_stop__wait_for_forward__hw60_v65_b45_c120,202.8000,1,23.2900,駅停車中（発車判断）,ブレーキ（減速）中,20.5000,力行（加速）,0.3000,0.0000,70.0000,69.9979,53.0896,69.5367,0.0000,0.0000,1377.0000,137.2000,0.0000,1377.0000,9.2000,-0.4089,2.8513,この先制限速度なし,10m先に上り勾配11.4‰あり,1.0000,0.0000,0.0000,8.8000,1,1377.0000,137.2000,1.0000,14.0000,30.0000,300.0000,0.0000,107.0000,前方 306.0m 先を 44.7km/h で走行中,60.0000,60.0000,127.2000,0.0000,0.0000,未発車,後続列車なし,,,
anti_mid_stop__wait_for_forward__hw60_v65_b45_c120,215.8000,1,23.2900,駅停車中（発車判断）,ブレーキ（減速）中,33.5000,力行（加速）,0.3000,0.0000,70.0000,69.9979,55.3967,70.0000,0.0000,0.0000,1377.0000,124.2000,0.0000,1377.0000,9.2000,-0.4089,2.8513,この先制限速度なし,10m先に上り勾配11.4‰あり,1.0000,0.0000,0.0000,8.8000,1,1377.0000,124.2000,1.0000,27.0000,30.0000,300.0000,0.0000,105.0000,前方 476.8m 先を 49.7km/h で走行中,60.0000,60.0000,114.2000,0.0000,0.0000,未発車,後続列車なし,,,
anti_mid_stop__wait_for_forward__hw60_v65_b45_c120,228.8000,1,23.2900,駅停車中（発車判断）,ブレーキ（減速）中,46.5000,力行（加速）,0.3000,0.0000,70.0000,69.9979,70.0000,70.0000,0.0000,0.0000,1377.0000,111.2000,0.0000,1377.0000,9.2000,-0.4089,2.8513,この先制限速度なし,10m先に上り勾配11.4‰あり,1.0000,0.0000,0.0000,18.8000,1,1377.0000,111.2000,1.0000,40.0000,30.0000,300.0000,10.0000,102.0000,前方 664.1m 先を 53.9km/h で走行中,60.0000,60.0000,101.2000,0.0000,0.0000,未発車,後続列車なし,,,
anti_mid_stop__on_time__hw60_v50_b30_c30,1.0000,0,21.1124,駅出発直後の加速フェーズ（20秒以内）,力行（加速）中,30.0000,なし（または停止）,0.0000,3.1655,70.0000,69.9979,64.8030,63.5607,1.9871,1.1784,2177.5520,179.0000,0.4738,2177.0783,-2.1000,-0.0130,3.0809,この先制限速度なし,387m先に下り勾配6.7‰あり,0.0000,0.0000,0.0000,0.3625,2,3554.5520,339.0000,0.0000,0.0000,30.0000,300.0000,0.0000,0.0000,前方 677.1m 先を 48.0km/h で走行中,60.0000,60.0000,181.0000,0.0000,0.0000,未発車,後続列車なし,,,
anti_mid_stop__on_time__hw60_v50_b30_c30,86.0000,0,22.2328,巡航フェーズ（駅間走行中）,惰行中,42.0000,力行（加速）,43.0000,52.1962,70.0000,69.9979,56.0234,54.8852,58.3700,-6.1738,1057.1668,94.0000,127.5085,929.6583,0.0000,-0.1852,0.7251,この先制限速度なし,67m先に上り勾配12.5‰あり,0.0000,0.0000,0.0000,3.8703,2,2434.1668,254.0000,0.0000,0.0000,30.0000,300.0000,0.0000,0.0000,前方 664.1m 先を 39.1km/h で走行中,60.0000,60.0000,96.0000,0.0000,0.0000,未発車,後続列車なし,,,
anti_mid_stop__on_time__hw60_v50_b30_c30,171.0000,0,23.1436,次駅への減速フェーズ（駅手前400m以内）,力行（加速）中,3.0000,惰行,6.0000,32.7082,70.0000,41.9748,70.0000,70.0000,30.9084,1.7999,146.3859,9.0000,50.5332,95.8526,9.2000,-0.4581,1.0838,この先制限速度なし,この先目立った勾配なし,1.0000,26.3856,0.0000,14.8831,2,1523.3859,169.0000,0.0000,0.0000,30.0000,300.0000,0.0000,0.0000,前方 153.0m 先を 10.8km/h で走行中,60.0000,60.0000,0.0000,0.0000,0.0000,発車済み,後続列車なし,,,
anti_mid_stop__on_time__hw60_v50_b30_c30,184.0000,0,23.2582,次駅への減速フェーズ（駅手前400m以内）,ブレーキ（減速）中,1.2000,力行（加速）,0.2000,25.9736,70.0000,32.1310,70.0000,70.0000,24.2062,1.7673,31.7750,0.0000,31.9438,-0.1688,9.2000,-0.4442,1.4515,この先制限速度なし,この先目立った勾配なし,1.0000,25.9736,4.0000,12.9005,2,1408.7750,156.0000,0.0000,0.0000,30.0000,300.0000,0.0000,0.0000,前方 118.8m 先を 31.3km/h で走行中,60.0000,60.0000,0.0000,0.0000,0.0000,発車済み,後続列車なし,,,
anti_mid_stop__on_time__hw60_v50_b30_c30,192.5000,0,23.2901,次駅への減速フェーズ（駅手前400m以内）,ブレーキ（減速）中,9.7000,力行（加速）,0.2000,1.1134,70.0000,46.2003,0.0000,0.0000,0.6744,0.4390,-0.1107,0.0000,0.0576,-0.1683,9.2000,-0.4098,2.7919,この先制限速度なし,この先目立った勾配なし,1.0000,1.1134,12.5000,12.7460,2,1376.8893,147.5000,0.0000,0.0000,30.0000,300.0000,0.0000,0.0000,前方 170.3m 先を 38.7km/h で走行中,60.0000,60.0000,0.0000,0.0000,0.0000,発車済み,後続列車なし,,,
anti_mid_stop__on_time__hw60_v50_b30_c30,304.8000,1,24.1110,巡航フェーズ（駅間走行中）,惰行中,17.0000,力行（加速）,1.0000,31.0898,70.0000,69.9979,70.0000,33.7228,49.7533,-18.6635,556.0424,35.2000,53.0178,503.0247,11.4000,-0.5322,1.0947,この先制限速度なし,189m先に下り勾配2.3‰あり,1.0000,13.0212,0.0000,20.7161,1,556.0424,35.2000,0.0000,0.0000,30.0000,300.0000,0.0000,0.0000,前方 378.9m 先を 19.2km/h で走行中,60.0000,60.0000,83.2000,0.0000,0.0000,未発車,後続列車なし,,,
anti_mid_stop__on_time__hw60_v50_b30_c30,381.7000,1,24.5774,次駅への減速フェーズ（駅手前400m以内）,ブレーキ（減速）中,0.8000,ブレーキ（減速）,1.0000,29.0190,70.0000,31.0416,70.0000,70.0000,39.0130,-9.9940,89.5786,0.0000,46.2320,43.3465,-2.3000,-0.0445,1.6912,この先制限速度なし,この先目立った勾配なし,1.0000,28.7753,41.7000,57.7302,1,89.5786,-41.7000,0.0000,0.0000,30.0000,300.0000,0.0000,0.0000,前方 122.9m 先を 23.8km/h で走行中,60.0000,60.0000,0.0000,0.0000,0.0000,発車済み,後続列車なし,,,
anti_mid_stop__on_time__hw60_v50_b30_c30,390.2000,1,24.6422,次駅への減速フェーズ（駅手前400m以内）,ブレーキ（減速）中,2.9000,力行（加速）,0.2000,21.4596,70.0000,33.4064,70.0000,70.0000,21.2145,0.2451,24.7668,0.0000,25.3564,-0.5896,-2.3000,-0.0302,2.1026,この先制限速度なし,この先目立った勾配なし,1.0000,21.4596,50.2000,58.6491,1,24.7668,-50.2000,0.0000,0.0000,30.0000,300.0000,0.0000,0.0000,前方 131.2m 先を 37.0km/h で走行中,60.0000,60.0000,0.0000,0.0000,0.0000,発車済み,後続列車なし,,,
anti_mid_stop__on_time__hw60_v50_b30_c30,193.8000,1,23.2900,駅停車中（発車判断）,ブレーキ（減速）中,10.1000,力行（加速）,0.2000,0.0000,70.0000,49.4110,51.8079,66.0960,0.0000,0.0000,1377.0000,146.2000,0.0000,1377.0000,9.2000,-0.4089,2.8513,この先制限速度なし,10m先に上り勾配11.4‰あり,1.0000,0.0000,0.0000,12.8000,1,1377.0000,146.2000,1.0000,1.0000,30.0000,300.0000,0.0000,108.0000,前方 184.5m 先を 39.5km/h で走行中,60.0000,60.0000,194.2000,0.0000,0.0000,未発車,後続列車なし,,,
anti_mid_stop__on_time__hw60_v50_b30_c30,208.8000,1,23.2900,駅停車中（発車判断）,ブレーキ（減速）中,25.1000,力行（加速）,0.2000,0.0000,70.0000,69.9979,53.9911,66.4666,0.0000,0.0000,1377.0000,131.2000,0.0000,1377.0000,9.2000,-0.4089,2.8513,この先制限速度なし,10m先に上り勾配11.4‰あり,1.0000,0.0000,0.0000,12.8000,1,1377.0000,131.2000,1.0000,16.0000,30.0000,300.0000,0.0000,106.0000,前方 365.2m 先を 46.6km/h で走行中,60.0000,60.0000,179.2000,0.0000,0.0000,未発車,後続列車なし,,,
anti_mid_stop__wait_for_forward__hw60_v50_b30_c30,1.0000,0,21.1124,駅出発直後の加速フェーズ（20秒以内）,力行（加速）中,30.0000,なし（または停止）,0.0000,3.1655,70.0000,69.9979,64.8030,63.5607,1.9871,1.1784,2177.5520,179.0000,0.4738,2177.0783,-2.1000,-0.0130,3.0809,この先制限速度なし,387m先に下り勾配6.7‰あり,0.0000,0.0000,0.0000,0.3625,2,3554.5520,339.0000,0.0000,0.0000,30.0000,300.0000,0.0000,0.0000,前方 677.1m 先を 48.0km/h で走行中,60.0000,60.0000,181.0000,0.0000,0.0000,未発車,後続列車なし,,,
anti_mid_stop__wait_for_forward__hw60_v50_b30_c30,77.0000,0,22.1002,巡航フェーズ（駅間走行中）,惰行中,33.0000,力行（加速）,43.0000,53.8861,70.0000,69.9979,58.8017,56.4308,60.0452,-6.1591,1189.7574,103.0000,135.7719,1053.9856,0.0000,-0.1904,0.6960,この先制限速度なし,199m先に上り勾配12.5‰あり,0.0000,0.0000,0.0000,2.9324,2,2566.7574,263.0000,0.0000,0.0000,30.0000,300.0000,0.0000,0.0000,前方 695.0m 先を 42.4km/h で走行中,60.0000,60.0000,105.0000,0.0000,0.0000,未発車,後続列車なし,,,
anti_mid_stop__wait_for_forward__hw60_v50_b30_c30,153.0000,0,22.9953,次駅への減速フェーズ（駅手前400m以内）,惰行中,15.0000,力行（加速）,1.0000,31.0660,70.0000,68.3295,70.0000,33.3774,36.9556,-5.8896,294.7015,27.0000,45.6151,249.0864,6.1000,-0.3452,1.2830,この先制限速度なし,104m先に上り勾配9.2‰あり,1.0000,11.5544,0.0000,12.5417,2,1671.7015,187.0000,0.0000,0.0000,30.0000,300.0000,0.0000,0.0000,前方 294.7m 先に停車中,60.0000,60.0000,29.0000,0.0000,16.0000,未発車,後続列車なし,,,
anti_mid_stop__wait_for_forward__hw60_v50_b30_c30,181.3000,0,23.2366,次駅への減速フェーズ（駅手前400m以内）,ブレーキ（減速）中,0.2000,ブレーキ（減速）,0.1000,29.7421,70.0000,31.9110,70.0000,70.0000,25.5901,4.1520,53.4193,0.0000,41.8308,11.5885,9.2000,-0.4517,1.2460,この先制限速度なし,この先目立った勾配なし,1.0000,28.8400,1.3000,13.3307,2,1430.4193,158.7000,0.0000,0.0000,30.0000,300.0000,0.0000,0.0000,前方 118.2m 先を 28.2km/h で走行中,60.0000,60.0000,0.0000,0.0000,0.0000,発車済み,後続列車なし,,,
anti_mid_stop__wait_for_forward__hw60_v50_b30_c30,188.9000,0,23.2838,次駅への減速フェーズ（駅手前400m以内）,ブレーキ（減速）中,6.1000,力行（加速）,0.2000,11.6075,70.0000,38.3154,70.0000,70.0000,11.4673,0.1402,6.2319,0.0000,6.4002,-0.1684,9.2000,-0.4210,2.2294,この先制限速度なし,この先目立った勾配なし,1.0000,11.6075,8.9000,12.8494,2,1383.2319,151.1000,0.0000,0.0000,30.0000,300.0000,0.0000,0.0000,前方 139.2m 先を 36.0km/h で走行中,60.0000,60.0000,0.0000,0.0000,0.0000,発車済み,後続列車なし,,,
anti_mid_stop__wait_for_forward__hw60_v50_b30_c30,324.8000,1,23.5915,巡航フェーズ（駅間走行中）,力行（加速）中,37.0000,ブレーキ（減速）,30.0000,44.5920,70.0000,69.9979,70.0000,70.0000,44.5918,0.0002,1075.4549,15.2000,108.3171,967.1379,11.4000,-0.5935,0.4241,この先制限速度なし,この先目立った勾配なし,0.0000,0.0000,0.0000,77.7999,1,1075.4549,15.2000,0.0000,0.0000,30.0000,300.0000,0.0000,0.0000,前方 1003.7m 先を 18.7km/h で走行中,60.0000,60.0000,63.2000,0.0000,0.0000,未発車,後続列車なし,,,
anti_mid_stop__wait_for_forward__hw60_v50_b30_c30,391.8000,1,24.5847,次駅への減速フェーズ（駅手前400m以内）,ブレーキ（減速）中,4.9000,力行（加速）,1.0000,38.9065,70.0000,49.9493,70.0000,70.0000,38.8065,0.1000,82.2835,0.0000,82.7139,-0.4305,-2.3000,-0.0670,1.1493,この先制限速度なし,この先目立った勾配なし,1.0000,38.9065,51.8000,67.1564,1,82.2835,-51.8000,0.0000,0.0000,30.0000,300.0000,0.0000,0.0000,前方 205.6m 先を 38.8km/h で走行中,60.0000,60.0000,0.0000,0.0000,0.0000,発車済み,後続列車なし,,,
anti_mid_stop__wait_for_forward__hw60_v50_b30_c30,399.4000,1,24.6464,次駅への減速フェーズ（駅手前400m以内）,ブレーキ（減速）中,12.5000,力行（加速）,1.0000,19.5597,70.0000,55.0079,70.0000,70.0000,19.3658,0.1940,20.6495,0.0000,21.0786,-0.4291,-2.3000,-0.0270,2.2056,この先制限速度なし,この先目立った勾配なし,1.0000,19.5597,59.4000,67.1178,1,20.6495,-59.4000,0.0000,0.0000,30.0000,300.0000,0.0000,0.0000,前方 233.9m 先を 46.2km/h で走行中,60.0000,60.0000,0.0000,0.0000,0.0000,発車済み,後続列車なし,,,
anti_mid_stop__wait_for_forward__hw60_v50_b30_c30,407.0000,1,24.6674,駅停車完了（速度0km/h）,ブレーキ（減速）中,20.1000,力行（加速）,1.0000,0.4538,70.0000,67.6865,0.0000,0.0000,0.5688,-0.1150,-0.4181,0.0000,0.0108,-0.4289,-2.3000,-0.0035,3.2328,この先制限速度なし,この先目立った勾配なし,1.0000,0.4538,67.0000,67.2400,1,-0.4181,-67.0000,0.0000,0.0000,30.0000,300.0000,0.0000,0.0000,前方 315.8m 先を 49.5km/h で走行中,60.0000,60.0000,0.0000,0.0000,0.0000,発車済み,後続列車なし,,,
anti_mid_stop__wait_for_forward__hw60_v50_b30_c30,193.8000,1,23.2900,駅停車中（発車判断）,ブレーキ（減速）中,10.1000,力行（加速）,0.2000,0.0000,70.0000,49.4110,51.8079,66.0960,0.0000,0.0000,1377.0000,146.2000,0.0000,1377.0000,9.2000,-0.4089,2.8513,この先制限速度なし,10m先に上り勾配11.4‰あり,1.0000,0.0000,0.0000,12.8000,1,1377.0000,146.2000,1.0000,1.0000,30.0000,300.0000,0.0000,108.0000,前方 184.5m 先を 39.5km/h で走行中,60.0000,60.0000,194.2000,0.0000,0.0000,未発車,後続列車なし,,,
anti_mid_stop__wait_for_forward__hw60_v50_b30_c30,206.8000,1,23.2900,駅停車中（発車判断）,ブレーキ（減速）中,23.1000,力行（加速）,0.2000,0.0000,70.0000,69.9979,53.3929,66.3613,0.0000,0.0000,1377.0000,133.2000,0.0000,1377.0000,9.2000,-0.4089,2.8513,この先制限速度なし,10m先に上り勾配11.4‰あり,1.0000,0.0000,0.0000,12.8000,1,1377.0000,133.2000,1.0000,14.0000,30.0000,300.0000,0.0000,106.5000,前方 339.5m 先を 45.8km/h で走行中,60.0000,60.0000,181.2000,0.0000,0.0000,未発車,後続列車なし,,,
anti_mid_stop__wait_for_forward__hw60_v50_b30_c30,219.8000,1,23.2900,駅停車中（発車判断）,ブレーキ（減速）中,36.1000,力行（加速）,0.2000,0.0000,70.0000,69.9979,56.5588,66.8541,0.0000,0.0000,1377.0000,120.2000,0.0000,1377.0000,9.2000,-0.4089,2.8513,この先制限速度なし,10m先に上り勾配11.4‰あり,1.0000,0.0000,0.0000,12.8000,1,1377.0000,120.2000,1.0000,27.0000,30.0000,300.0000,0.0000,104.5000,前方 513.5m 先を 49.0km/h で走行中,60.0000,60.0000,168.2000,0.0000,0.0000,未発車,後続列車なし,,,
anti_mid_stop__wait_for_forward__hw60_v50_b30_c30,232.8000,1,23.2900,駅停車中（発車判断）,ブレーキ（減速）中,49.1000,力行（加速）,0.2000,0.0000,70.0000,69.9979,70.0000,67.4058,0.0000,0.0000,1377.0000,107.2000,0.0000,1377.0000,9.2000,-0.4089,2.8513,この先制限速度なし,10m先に上り勾配11.4‰あり,1.0000,0.0000,0.0000,22.8000,1,1377.0000,107.2000,1.0000,40.0000,30.0000,300.0000,10.0000,102.0000,前方 677.0m 先を 41.6km/h で走行中,60.0000,60.0000,155.2000,0.0000,0.0000,未発車,後続列車なし,,,
anti_mid_stop__wait_for_forward__hw60_v50_b30_c30,245.8000,1,23.2900,駅停車中（発車判断）,ブレーキ（減速）中,62.1000,力行（加速）,0.2000,0.0000,70.0000,69.9979,70.0000,68.1765,0.0000,0.0000,1377.0000,94.2000,0.0000,1377.0000,9.2000,-0.4089,2.8513,この先制限速度なし,10m先に上り勾配11.4‰あり,1.0000,0.0000,0.0000,35.8000,1,1377.0000,94.2000,1.0000,53.0000,30.0000,300.0000,23.0000,102.0000,前方 814.4m 先を 34.5km/h で走行中,60.0000,60.0000,142.2000,0.0000,0.0000,未発車,後続列車なし,,,
anti_mid_stop__wait_for_forward__hw60_v50_b30_c30,258.8000,1,23.2900,駅停車中（発車判断）,ブレーキ（減速）中,75.1000,力行（加速）,0.2000,0.0000,70.0000,69.9979,70.0000,69.2588,0.0000,0.0000,1377.0000,81.2000,0.0000,1377.0000,9.2000,-0.4089,2.8513,この先制限速度なし,10m先に上り勾配11.4‰あり,1.0000,0.0000,0.0000,48.8000,1,1377.0000,81.2000,1.0000,66.0000,30.0000,300.0000,36.0000,102.0000,前方 926.5m 先を 27.6km/h で走行中,60.0000,60.0000,129.2000,0.0000,0.0000,未発車,後続列車なし,,,
anti_mid_stop__wait_for_forward__hw60_v50_b30_c30,271.8000,1,23.2900,駅停車中（発車判断）,ブレーキ（減速）中,88.1000,力行（加速）,0.2000,0.0000,70.0000,69.9979,70.0000,70.0000,0.0000,0.0000,1377.0000,68.2000,0.0000,1377.0000,9.2000,-0.4089,2.8513,この先制限速度なし,10m先に上り勾配11.4‰あり,1.0000,0.0000,0.0000,61.8000,1,1377.0000,68.2000,1.0000,79.0000,30.0000,300.0000,49.0000,102.0000,前方 1013.9m 先を 21.2km/h で走行中,60.0000,60.0000,116.2000,0.0000,0.0000,未発車,後続列車なし,,,
anti_mid_stop__wait_for_forward__hw60_v50_b30_c30,284.8000,1,23.2900,駅停車中（発車判断）,ブレーキ（減速）中,101.1000,力行（加速）,0.2000,0.0000,70.0000,69.9979,70.0000,70.0000,0.0000,0.0000,1377.0000,55.2000,0.0000,1377.0000,9.2000,-0.4089,2.8513,この先制限速度なし,10m先に上り勾配11.4‰あり,1.0000,0.0000,0.0000,74.8000,1,1377.0000,55.2000,1.0000,92.0000,30.0000,300.0000,62.0000,102.0000,前方 1089.7m 先を 20.7km/h で走行中,60.0000,60.0000,103.2000,0.0000,0.0000,未発車,後続列車なし,,,
anti_mid_stop__on_time__hw60_v50_b30_c120,1.0000,0,21.1124,駅出発直後の加速フェーズ（20秒以内）,力行（加速）中,30.0000,なし（または停止）,0.0000,3.1655,70.0000,69.9979,64.8030,63.5607,1.9871,1.1784,2177.5520,179.0000,0.4738,2177.0783,-2.1000,-0.0130,3.0809,この先制限速度なし,387m先に下り勾配6.7‰あり,0.0000,0.0000,0.0000,0.3625,2,3554.5520,339.0000,0.0000,0.0000,30.0000,300.0000,0.0000,0.0000,前方 677.1m 先を 48.0km/h で走行中,60.0000,60.0000,181.0000,0.0000,0.0000,未発車,後続列車なし,,,
anti_mid_stop__on_time__hw60_v50_b30_c120,177.6000,0,23.2052,次駅への減速フェーズ（駅手前400m以内）,力行（加速）中,0.1000,力行（加速）,0.1000,31.5173,70.0000,33.5196,70.0000,70.0000,27.4831,4.0341,84.7529,2.4000,46.9420,37.8110,9.2000,-0.4555,1.1490,この先制限速度なし,この先目立った勾配なし,1.0000,29.0252,0.0000,13.8816,2,1461.7529,162.4000,0.0000,0.0000,30.0000,300.0000,0.0000,0.0000,前方 123.1m 先を 23.0km/h で走行中,60.0000,60.0000,0.0000,0.0000,0.0000,発車済み,後続列車なし,,,
anti_mid_stop__on_time__hw60_v50_b30_c120,261.8000,1,23.6166,巡航フェーズ（駅間走行中）,力行（加速）中,39.0000,ブレーキ（減速）,30.0000,45.4262,70.0000,69.9979,58.9430,56.2244,45.4260,0.0002,1050.4474,78.2000,112.3535,938.0939,11.4000,-0.5958,0.4100,この先制限速度なし,この先目立った勾配なし,0.0000,0.0000,0.0000,12.8003,1,1050.4474,78.2000,0.0000,0.0000,30.0000,300.0000,0.0000,0.0000,前方 622.3m 先を 26.0km/h で走行中,60.0000,60.0000,126.2000,0.0000,0.0000,未発車,後続列車なし,,,
anti_mid_stop__on_time__hw60_v50_b30_c120,389.8000,1,24.5934,次駅への減速フェーズ（駅手前400m以内）,ブレーキ（減速）中,0.1000,ブレーキ（減速）,0.3000,6.1348,70.0000,8.0194,70.0000,9.1786,36.6747,-30.5399,73.5634,0.0000,2.0767,71.4867,-2.3000,-0.0088,2.9290,この先制限速度なし,この先目立った勾配なし,1.0000,5.7586,49.8000,64.3242,1,73.5634,-49.8000,0.0000,0.0000,30.0000,300.0000,0.0000,0.0000,前方 73.6m 先に停車中,60.0000,60.0000,15.0000,16.8000,46.8000,未発車,後続列車なし,,,
anti_mid_stop__on_time__hw60_v50_b30_c120,408.9000,1,24.5968,次駅への減速フェーズ（駅手前400m以内）,ブレーキ（減速）中,13.6000,力行（加速）,0.1000,0,70.0000,1.9910,70.0000,8.7701,35.8243,-35.8243,70.2200,0.0000,0.0000,70.2200,-2.3000,-0.0032,3.2570,この先制限速度なし,この先目立った勾配なし,0.0000,0.0000,68.9000,83.0920,1,70.2200,-68.9000,0.0000,0.0000,30.0000,300.0000,0.0000,0.0000,前方 70.2m 先に停車中,60.0000,60.0000,15.0000,35.9000,65.9000,未発車,後続列車なし,,,
anti_mid_stop__on_time__hw60_v50_b30_c120,428.0000,1,24.5968,次駅への減速フェーズ（駅手前400m以内）,ブレーキ（減速）中,32.7000,力行（加速）,0.1000,0,70.0000,1.9910,70.0000,8.7701,35.8243,-35.8243,70.2200,0.0000,0.0000,70.2200,-2.3000,-0.0032,3.2570,この先制限速度なし,この先目立った勾配なし,0.0000,0.0000,88.0000,102.1920,1,70.2200,-88.0000,0.0000,0.0000,30.0000,300.0000,0.0000,0.0000,前方 70.2m 先に停車中,60.0000,60.0000,15.0000,55.0000,85.0000,未発車,後続列車なし,,,
anti_mid_stop__on_time__hw60_v50_b30_c120,447.1000,1,24.5968,次駅への減速フェーズ（駅手前400m以内）,ブレーキ（減速）中,51.8000,力行（加速）,0.1000,0,70.0000,1.9910,70.0000,8.7701,35.8243,-35.8243,70.2200,0.0000,0.0000,70.2200,-2.3000,-0.0032,3.2570,この先制限速度なし,この先目立った勾配なし,0.0000,0.0000,107.1000,121.2920,1,70.2200,-107.1000,0.0000,0.0000,30.0000,300.0000,0.0000,0.0000,前方 70.2m 先に停車中,60.0000,60.0000,15.0000,74.1000,104.1000,未発車,後続列車なし,,,
anti_mid_stop__on_time__hw60_v50_b30_c120,466.2000,1,24.5996,次駅への減速フェーズ（駅手前400m以内）,力行（加速）中,0.2000,ブレーキ（減速）,0.1000,6.0217,70.0000,7.9532,70.0000,70.0000,35.0858,-29.0641,67.3790,0.0000,2.0007,65.3783,-2.3000,-0.0087,2.9351,この先制限速度なし,この先目立った勾配なし,1.0000,5.6755,126.2000,140.1037,1,67.3790,-126.2000,0.0000,0.0000,30.0000,300.0000,0.0000,0.0000,前方 73.5m 先を 11.1km/h で走行中,60.0000,60.0000,0.0000,0.0000,0.0000,発車済み,後続列車なし,,,
anti_mid_stop__on_time__hw60_v50_b30_c120,485.3000,1,24.6671,次駅への減速フェーズ（駅手前400m以内）,ブレーキ（減速）中,8.2000,力行（加速）,0.2000,0.5889,70.0000,41.1865,0.0000,0.0000,0.5688,0.0201,-0.0992,0.0000,0.0184,-0.1176,-2.3000,-0.0036,3.2256,この先制限速度なし,この先目立った勾配なし,1.0000,0.5889,145.3000,145.5400,1,-0.0992,-145.3000,0.0000,0.0000,30.0000,300.0000,0.0000,0.0000,前方 162.6m 先を 42.4km/h で走行中,60.0000,60.0000,0.0000,0.0000,0.0000,発車済み,後続列車なし,,,
anti_mid_stop__on_time__hw60_v50_b30_c120,193.8000,1,23.2900,駅停車中（発車判断）,ブレーキ（減速）中,10.1000,力行（加速）,0.2000,0.0000,70.0000,49.4110,51.8079,66.0960,0.0000,0.0000,1377.0000,146.2000,0.0000,1377.0000,9.2000,-0.4089,2.8513,この先制限速度なし,10m先に上り勾配11.4‰あり,1.0000,0.0000,0.0000,12.8000,1,1377.0000,146.2000,1.0000,1.0000,30.0000,300.0000,0.0000,108.0000,前方 184.5m 先を 39.5km/h で走行中,60.0000,60.0000,194.2000,0.0000,0.0000,未発車,後続列車なし,,,
anti_mid_stop__on_time__hw60_v50_b30_c120,208.8000,1,23.2900,駅停車中（発車判断）,ブレーキ（減速）中,25.1000,力行（加速）,0.2000,0.0000,70.0000,69.9979,53.9911,66.4666,0.0000,0.0000,1377.0000,131.2000,0.0000,1377.0000,9.2000,-0.4089,2.8513,この先制限速度なし,10m先に上り勾配11.4‰あり,1.0000,0.0000,0.0000,12.8000,1,1377.0000,131.2000,1.0000,16.0000,30.0000,300.0000,0.0000,106.0000,前方 365.2m 先を 46.6km/h で走行中,60.0000,60.0000,179.2000,0.0000,0.0000,未発車,後続列車なし,,,
anti_mid_stop__wait_for_forward__hw60_v50_b30_c120,1.0000,0,21.1124,駅出発直後の加速フェーズ（20秒以内）,力行（加速）中,30.0000,なし（または停止）,0.0000,3.1655,70.0000,69.9979,64.8030,63.5607,1.9871,1.1784,2177.5520,179.0000,0.4738,2177.0783,-2.1000,-0.0130,3.0809,この先制限速度なし,387m先に下り勾配6.7‰あり,0.0000,0.0000,0.0000,0.3625,2,3554.5520,339.0000,0.0000,0.0000,30.0000,300.0000,0.0000,0.0000,前方 677.1m 先を 48.0km/h で走行中,60.0000,60.0000,181.0000,0.0000,0.0000,未発車,後続列車なし,,,
anti_mid_stop__wait_for_forward__hw60_v50_b30_c120,171.0000,0,23.1436,次駅への減速フェーズ（駅手前400m以内）,力行（加速）中,3.0000,惰行,6.0000,32.7082,70.0000,41.9748,70.0000,70.0000,30.9084,1.7999,146.3859,9.0000,50.5332,95.8526,9.2000,-0.4581,1.0838,この先制限速度なし,この先目立った勾配なし,1.0000,26.3856,0.0000,14.8831,2,1523.3859,169.0000,0.0000,0.0000,30.0000,300.0000,0.0000,0.0000,前方 153.0m 先を 10.8km/h で走行中,60.0000,60.0000,0.0000,0.0000,0.0000,発車済み,後続列車なし,,,
anti_mid_stop__wait_for_forward__hw60_v50_b30_c120,192.5000,0,23.2901,次駅への減速フェーズ（駅手前400m以内）,ブレーキ（減速）中,9.7000,力行（加速）,0.2000,1.1134,70.0000,46.2003,0.0000,0.0000,0.6744,0.4390,-0.1107,0.0000,0.0576,-0.1683,9.2000,-0.4098,2.7919,この先制限速度なし,この先目立った勾配なし,1.0000,1.1134,12.5000,12.7460,2,1376.8893,147.5000,0.0000,0.0000,30.0000,300.0000,0.0000,0.0000,前方 170.3m 先を 38.7km/h で走行中,60.0000,60.0000,0.0000,0.0000,0.0000,発車済み,後続列車なし,,,
anti_mid_stop__wait_for_forward__hw60_v50_b30_c120,399.9000,1,24.5934,次駅への減速フェーズ（駅手前400m以内）,ブレーキ（減速）中,20.0000,惰行,6.0000,7.2289,70.0000,8.0536,70.0000,9.1828,36.6824,-29.4535,73.5937,0.0000,2.8844,70.7093,-2.3000,-0.0100,2.8704,この先制限速度なし,この先目立った勾配なし,1.0000,6.8699,59.9000,74.4272,1,73.5937,-59.9000,0.0000,0.0000,30.0000,300.0000,0.0000,0.0000,前方 73.6m 先に停車中,60.0000,60.0000,15.0000,26.9000,56.9000,未発車,後続列車なし,,,
anti_mid_stop__wait_for_forward__hw60_v50_b30_c120,416.9000,1,24.5968,次駅への減速フェーズ（駅手前400m以内）,ブレーキ（減速）中,11.8000,力行（加速）,0.1000,0,70.0000,1.9653,70.0000,8.7701,35.8230,-35.8230,70.2149,0.0000,0.0000,70.2149,-2.3000,-0.0032,3.2570,この先制限速度なし,この先目立った勾配なし,0.0000,0.0000,76.9000,91.0915,1,70.2149,-76.9000,0.0000,0.0000,30.0000,300.0000,0.0000,0.0000,前方 70.2m 先に停車中,60.0000,60.0000,15.0000,43.9000,73.9000,未発車,後続列車なし,,,
anti_mid_stop__wait_for_forward__hw60_v50_b30_c120,433.9000,1,24.5968,次駅への減速フェーズ（駅手前400m以内）,ブレーキ（減速）中,28.8000,力行（加速）,0.1000,0,70.0000,1.9653,70.0000,8.7701,35.8230,-35.8230,70.2149,0.0000,0.0000,70.2149,-2.3000,-0.0032,3.2570,この先制限速度なし,この先目立った勾配なし,0.0000,0.0000,93.9000,108.0915,1,70.2149,-93.9000,0.0000,0.0000,30.0000,300.0000,0.0000,0.0000,前方 70.2m 先に停車中,60.0000,60.0000,15.0000,60.9000,90.9000,未発車,後続列車なし,,,
anti_mid_stop__wait_for_forward__hw60_v50_b30_c120,450.9000,1,24.5968,次駅への減速フェーズ（駅手前400m以内）,ブレーキ（減速）中,45.8000,力行（加速）,0.1000,0,70.0000,1.9653,70.0000,8.7701,35.8230,-35.8230,70.2149,0.0000,0.0000,70.2149,-2.3000,-0.0032,3.2570,この先制限速度なし,この先目立った勾配なし,0.0000,0.0000,110.9000,125.0915,1,70.2149,-110.9000,0.0000,0.0000,30.0000,300.0000,0.0000,0.0000,前方 70.2m 先に停車中,60.0000,60.0000,15.0000,77.9000,107.9000,未発車,後続列車なし,,,
anti_mid_stop__wait_for_forward__hw60_v50_b30_c120,467.9000,1,24.6030,次駅への減速フェーズ（駅手前400m以内）,力行（加速）中,0.2000,ブレーキ（減速）,0.1000,8.7464,70.0000,10.7281,70.0000,70.0000,34.1784,-25.4321,63.9654,0.0000,4.2232,59.7421,-2.3000,-0.0118,2.7889,この先制限速度なし,この先目立った勾配なし,1.0000,8.4508,127.9000,141.4483,1,63.9654,-127.9000,0.0000,0.0000,30.0000,300.0000,0.0000,0.0000,前方 76.4m 先を 15.5km/h で走行中,60.0000,60.0000,0.0000,0.0000,0.0000,発車済み,後続列車なし,,,
anti_mid_stop__wait_for_forward__hw60_v50_b30_c120,484.9000,1,24.6670,次駅への減速フェーズ（駅手前400m以内）,ブレーキ（減速）中,7.8000,力行（加速）,0.2000,1.5905,70.0000,40.1419,70.0000,70.0000,0.6262,0.9643,0.0154,0.0000,0.1381,-0.1227,-2.3000,-0.0045,3.1721,この先制限速度なし,この先目立った勾配なし,1.0000,1.5905,144.9000,145.1629,1,0.0154,-144.9000,0.0000,0.0000,30.0000,300.0000,0.0000,0.0000,前方 158.1m 先を 42.0km/h で走行中,60.0000,60.0000,0.0000,0.0000,0.0000,発車済み,後続列車なし,,,
anti_mid_stop__wait_for_forward__hw60_v50_b30_c120,193.8000,1,23.2900,駅停車中（発車判断）,ブレーキ（減速）中,10.1000,力行（加速）,0.2000,0.0000,70.0000,49.4110,51.8079,66.0960,0.0000,0.0000,1377.0000,146.2000,0.0000,1377.0000,9.2000,-0.4089,2.8513,この先制限速度なし,10m先に上り勾配11.4‰あり,1.0000,0.0000,0.0000,12.8000,1,1377.0000,146.2000,1.0000,1.0000,30.0000,300.0000,0.0000,108.0000,前方 184.5m 先を 39.5km/h で走行中,60.0000,60.0000,194.2000,0.0000,0.0000,未発車,後続列車なし,,,
anti_mid_stop__wait_for_forward__hw60_v50_b30_c120,206.8000,1,23.2900,駅停車中（発車判断）,ブレーキ（減速）中,23.1000,力行（加速）,0.2000,0.0000,70.0000,69.9979,53.3929,66.3613,0.0000,0.0000,1377.0000,133.2000,0.0000,1377.0000,9.2000,-0.4089,2.8513,この先制限速度なし,10m先に上り勾配11.4‰あり,1.0000,0.0000,0.0000,12.8000,1,1377.0000,133.2000,1.0000,14.0000,30.0000,300.0000,0.0000,106.5000,前方 339.5m 先を 45.8km/h で走行中,60.0000,60.0000,181.2000,0.0000,0.0000,未発車,後続列車なし,,,
anti_mid_stop__wait_for_forward__hw60_v50_b30_c120,219.8000,1,23.2900,駅停車中（発車判断）,ブレーキ（減速）中,36.1000,力行（加速）,0.2000,0.0000,70.0000,69.9979,56.5588,66.8541,0.0000,0.0000,1377.0000,120.2000,0.0000,1377.0000,9.2000,-0.4089,2.8513,この先制限速度なし,10m先に上り勾配11.4‰あり,1.0000,0.0000,0.0000,12.8000,1,1377.0000,120.2000,1.0000,27.0000,30.0000,300.0000,0.0000,104.5000,前方 513.5m 先を 49.0km/h で走行中,60.0000,60.0000,168.2000,0.0000,0.0000,未発車,後続列車なし,,,
anti_mid_stop__wait_for_forward__hw60_v50_b30_c120,232.8000,1,23.2900,駅停車中（発車判断）,ブレーキ（減速）中,49.1000,力行（加速）,0.2000,0.0000,70.0000,69.9979,70.0000,67.4058,0.0000,0.0000,1377.0000,107.2000,0.0000,1377.0000,9.2000,-0.4089,2.8513,この先制限速度なし,10m先に上り勾配11.4‰あり,1.0000,0.0000,0.0000,22.8000,1,1377.0000,107.2000,1.0000,40.0000,30.0000,300.0000,10.0000,102.0000,前方 677.0m 先を 41.6km/h で走行中,60.0000,60.0000,155.2000,0.0000,0.0000,未発車,後続列車なし,,,
anti_mid_stop__wait_for_forward__hw60_v50_b30_c120,245.8000,1,23.2900,駅停車中（発車判断）,ブレーキ（減速）中,62.1000,力行（加速）,0.2000,0.0000,70.0000,69.9979,70.0000,68.1765,0.0000,0.0000,1377.0000,94.2000,0.0000,1377.0000,9.2000,-0.4089,2.8513,この先制限速度なし,10m先に上り勾配11.4‰あり,1.0000,0.0000,0.0000,35.8000,1,1377.0000,94.2000,1.0000,53.0000,30.0000,300.0000,23.0000,102.0000,前方 814.4m 先を 34.5km/h で走行中,60.0000,60.0000,142.2000,0.0000,0.0000,未発車,後続列車なし,,,
anti_mid_stop__wait_for_forward__hw60_v50_b30_c120,258.8000,1,23.2900,駅停車中（発車判断）,ブレーキ（減速）中,75.1000,力行（加速）,0.2000,0.0000,70.0000,69.9979,70.0000,69.2588,0.0000,0.0000,1377.0000,81.2000,0.0000,1377.0000,9.2000,-0.4089,2.8513,この先制限速度なし,10m先に上り勾配11.4‰あり,1.0000,0.0000,0.0000,48.8000,1,1377.0000,81.2000,1.0000,66.0000,30.0000,300.0000,36.0000,102.0000,前方 926.5m 先を 27.6km/h で走行中,60.0000,60.0000,129.2000,0.0000,0.0000,未発車,後続列車なし,,,
anti_mid_stop__wait_for_forward__hw60_v50_b30_c120,271.8000,1,23.2900,駅停車中（発車判断）,ブレーキ（減速）中,88.1000,力行（加速）,0.2000,0.0000,70.0000,69.9979,70.0000,70.0000,0.0000,0.0000,1377.0000,68.2000,0.0000,1377.0000,9.2000,-0.4089,2.8513,この先制限速度なし,10m先に上り勾配11.4‰あり,1.0000,0.0000,0.0000,61.8000,1,1377.0000,68.2000,1.0000,79.0000,30.0000,300.0000,49.0000,102.0000,前方 1013.9m 先を 21.2km/h で走行中,60.0000,60.0000,116.2000,0.0000,0.0000,未発車,後続列車なし,,,
anti_mid_stop__wait_for_forward__hw60_v50_b30_c120,284.8000,1,23.2900,駅停車中（発車判断）,ブレーキ（減速）中,101.1000,力行（加速）,0.2000,0.0000,70.0000,69.9979,70.0000,70.0000,0.0000,0.0000,1377.0000,55.2000,0.0000,1377.0000,9.2000,-0.4089,2.8513,この先制限速度なし,10m先に上り勾配11.4‰あり,1.0000,0.0000,0.0000,74.8000,1,1377.0000,55.2000,1.0000,92.0000,30.0000,300.0000,62.0000,102.0000,前方 1089.7m 先を 20.7km/h で走行中,60.0000,60.0000,103.2000,0.0000,0.0000,未発車,後続列車なし,,,
anti_mid_stop__on_time__hw60_v50_b30_c180,1.0000,0,21.1124,駅出発直後の加速フェーズ（20秒以内）,力行（加速）中,30.0000,なし（または停止）,0.0000,3.1655,70.0000,69.9979,64.8030,63.5607,1.9871,1.1784,2177.5520,179.0000,0.4738,2177.0783,-2.1000,-0.0130,3.0809,この先制限速度なし,387m先に下り勾配6.7‰あり,0.0000,0.0000,0.0000,0.3625,2,3554.5520,339.0000,0.0000,0.0000,30.0000,300.0000,0.0000,0.0000,前方 677.1m 先を 48.0km/h で走行中,60.0000,60.0000,181.0000,0.0000,0.0000,未発車,後続列車なし,,,
anti_mid_stop__on_time__hw60_v50_b30_c180,185.1000,0,23.2657,次駅への減速フェーズ（駅手前400m以内）,ブレーキ（減速）中,2.3000,力行（加速）,0.2000,22.7383,70.0000,32.8937,70.0000,70.0000,22.6686,0.0697,24.3376,0.0000,24.5063,-0.1687,9.2000,-0.4382,1.6275,この先制限速度なし,この先目立った勾配なし,1.0000,22.7383,5.1000,12.8733,2,1401.3376,154.9000,0.0000,0.0000,30.0000,300.0000,0.0000,0.0000,前方 121.2m 先を 32.5km/h で走行中,60.0000,60.0000,0.0000,0.0000,0.0000,発車済み,後続列車なし,,,
anti_mid_stop__on_time__hw60_v50_b30_c180,385.7000,1,24.5817,次駅への減速フェーズ（駅手前400m以内）,ブレーキ（減速）中,0.5000,惰行,0.1000,14.6913,70.0000,16.6284,70.0000,10.7031,38.9862,-24.2949,85.2747,0.0000,11.9071,73.3675,-2.3000,-0.0195,2.4689,この先制限速度なし,この先目立った勾配なし,1.0000,14.3350,45.7000,61.3325,1,85.2747,-45.7000,0.0000,0.0000,30.0000,300.0000,0.0000,0.0000,前方 85.3m 先に停車中,60.0000,60.0000,15.0000,12.7000,42.7000,未発車,後続列車なし,,,
anti_mid_stop__on_time__hw60_v50_b30_c180,412.3000,1,24.5968,次駅への減速フェーズ（駅手前400m以内）,ブレーキ（減速）中,17.0000,力行（加速）,0.1000,0,70.0000,1.9910,70.0000,8.7701,35.8243,-35.8243,70.2200,0.0000,0.0000,70.2200,-2.3000,-0.0032,3.2570,この先制限速度なし,この先目立った勾配なし,0.0000,0.0000,72.3000,86.4920,1,70.2200,-72.3000,0.0000,0.0000,30.0000,300.0000,0.0000,0.0000,前方 70.2m 先に停車中,60.0000,60.0000,15.0000,39.3000,69.3000,未発車,後続列車なし,,,
anti_mid_stop__on_time__hw60_v50_b30_c180,438.9000,1,24.5968,次駅への減速フェーズ（駅手前400m以内）,ブレーキ（減速）中,43.6000,力行（加速）,0.1000,0,70.0000,1.9910,70.0000,8.7701,35.8243,-35.8243,70.2200,0.0000,0.0000,70.2200,-2.3000,-0.0032,3.2570,この先制限速度なし,この先目立った勾配なし,0.0000,0.0000,98.9000,113.0920,1,70.2200,-98.9000,0.0000,0.0000,30.0000,300.0000,0.0000,0.0000,前方 70.2m 先に停車中,60.0000,60.0000,15.0000,65.9000,95.9000,未発車,後続列車なし,,,
anti_mid_stop__on_time__hw60_v50_b30_c180,465.5000,1,24.5968,次駅への減速フェーズ（駅手前400m以内）,ブレーキ（減速）中,70.2000,力行（加速）,0.1000,0,70.0000,1.9910,70.0000,8.7701,35.8243,-35.8243,70.2200,0.0000,0.0000,70.2200,-2.3000,-0.0032,3.2570,この先制限速度なし,この先目立った勾配なし,0.0000,0.0000,125.5000,139.6920,1,70.2200,-125.5000,0.0000,0.0000,30.0000,300.0000,0.0000,0.0000,前方 70.2m 先に停車中,60.0000,60.0000,15.0000,92.5000,122.5000,未発車,後続列車なし,,,
anti_mid_stop__on_time__hw60_v50_b30_c180,492.1000,1,24.5968,次駅への減速フェーズ（駅手前400m以内）,ブレーキ（減速）中,96.8000,力行（加速）,0.1000,0,70.0000,1.9910,70.0000,8.7701,35.8243,-35.8243,70.2200,0.0000,0.0000,70.2200,-2.3000,-0.0032,3.2570,この先制限速度なし,この先目立った勾配なし,0.0000,0.0000,152.1000,166.2920,1,70.2200,-152.1000,0.0000,0.0000,30.0000,300.0000,0.0000,0.0000,前方 70.2m 先に停車中,60.0000,60.0000,15.0000,119.1000,149.1000,未発車,後続列車なし,,,
anti_mid_stop__on_time__hw60_v50_b30_c180,518.7000,1,24.5968,次駅への減速フェーズ（駅手前400m以内）,ブレーキ（減速）中,123.4000,力行（加速）,0.1000,0,70.0000,1.9910,70.0000,8.7701,35.8243,-35.8243,70.2200,0.0000,0.0000,70.2200,-2.3000,-0.0032,3.2570,この先制限速度なし,この先目立った勾配なし,0.0000,0.0000,178.7000,192.8920,1,70.2200,-178.7000,0.0000,0.0000,30.0000,300.0000,0.0000,0.0000,前方 70.2m 先に停車中,60.0000,60.0000,15.0000,145.7000,175.7000,未発車,後続列車なし,,,
anti_mid_stop__on_time__hw60_v50_b30_c180,545.3000,1,24.6670,次駅への減速フェーズ（駅手前400m以内）,ブレーキ（減速）中,8.2000,力行（加速）,0.3000,0.5951,70.0000,41.1737,0.0000,0.0000,0.5688,0.0263,-0.0411,0.0000,0.0188,-0.0599,-2.3000,-0.0037,3.2252,この先制限速度なし,この先目立った勾配なし,1.0000,0.5951,205.3000,205.5400,1,-0.0411,-205.3000,0.0000,0.0000,30.0000,300.0000,0.0000,0.0000,前方 162.6m 先を 42.3km/h で走行中,60.0000,60.0000,0.0000,0.0000,0.0000,発車済み,後続列車なし,,,
anti_mid_stop__on_time__hw60_v50_b30_c180,193.8000,1,23.2900,駅停車中（発車判断）,ブレーキ（減速）中,10.1000,力行（加速）,0.2000,0.0000,70.0000,49.4110,51.8079,66.0960,0.0000,0.0000,1377.0000,146.2000,0.0000,1377.0000,9.2000,-0.4089,2.8513,この先制限速度なし,10m先に上り勾配11.4‰あり,1.0000,0.0000,0.0000,12.8000,1,1377.0000,146.2000,1.0000,1.0000,30.0000,300.0000,0.0000,108.0000,前方 184.5m 先を 39.5km/h で走行中,60.0000,60.0000,194.2000,0.0000,0.0000,未発車,後続列車なし,,,
anti_mid_stop__on_time__hw60_v50_b30_c180,208.8000,1,23.2900,駅停車中（発車判断）,ブレーキ（減速）中,25.1000,力行（加速）,0.2000,0.0000,70.0000,69.9979,53.9911,66.4666,0.0000,0.0000,1377.0000,131.2000,0.0000,1377.0000,9.2000,-0.4089,2.8513,この先制限速度なし,10m先に上り勾配11.4‰あり,1.0000,0.0000,0.0000,12.8000,1,1377.0000,131.2000,1.0000,16.0000,30.0000,300.0000,0.0000,106.0000,前方 365.2m 先を 46.6km/h で走行中,60.0000,60.0000,179.2000,0.0000,0.0000,未発車,後続列車なし,,,
anti_mid_stop__wait_for_forward__hw60_v50_b30_c180,1.0000,0,21.1124,駅出発直後の加速フェーズ（20秒以内）,力行（加速）中,30.0000,なし（または停止）,0.0000,3.1655,70.0000,69.9979,64.8030,63.5607,1.9871,1.1784,2177.5520,179.0000,0.4738,2177.0783,-2.1000,-0.0130,3.0809,この先制限速度なし,387m先に下り勾配6.7‰あり,0.0000,0.0000,0.0000,0.3625,2,3554.5520,339.0000,0.0000,0.0000,30.0000,300.0000,0.0000,0.0000,前方 677.1m 先を 48.0km/h で走行中,60.0000,60.0000,181.0000,0.0000,0.0000,未発車,後続列車なし,,,
anti_mid_stop__wait_for_forward__hw60_v50_b30_c180,183.0000,0,23.2506,次駅への減速フェーズ（駅手前400m以内）,ブレーキ（減速）中,0.2000,力行（加速）,0.2000,28.9207,70.0000,31.8234,70.0000,70.0000,24.7013,4.2193,39.3950,0.0000,39.5640,-0.1690,9.2000,-0.4500,1.2908,この先制限速度なし,この先目立った勾配なし,1.0000,28.9207,3.0000,13.0227,2,1416.3950,157.0000,0.0000,0.0000,30.0000,300.0000,0.0000,0.0000,前方 117.9m 先を 30.2km/h で走行中,60.0000,60.0000,0.0000,0.0000,0.0000,発車済み,後続列車なし,,,
anti_mid_stop__wait_for_forward__hw60_v50_b30_c180,397.9000,1,24.5880,次駅への減速フェーズ（駅手前400m以内）,ブレーキ（減速）中,18.0000,惰行,6.0000,12.2549,70.0000,12.7554,70.0000,10.0546,38.0183,-25.7634,78.9983,0.0000,8.2891,70.7092,-2.3000,-0.0161,2.6002,この先制限速度なし,この先目立った勾配なし,1.0000,11.9126,57.9000,72.9488,1,78.9983,-57.9000,0.0000,0.0000,30.0000,300.0000,0.0000,0.0000,前方 79.0m 先に停車中,60.0000,60.0000,15.0000,24.9000,54.9000,未発車,後続列車なし,,,
anti_mid_stop__wait_for_forward__hw60_v50_b30_c180,422.4000,1,24.5968,次駅への減速フェーズ（駅手前400m以内）,ブレーキ（減速）中,17.3000,力行（加速）,0.1000,0,70.0000,1.9653,70.0000,8.7701,35.8230,-35.8230,70.2149,0.0000,0.0000,70.2149,-2.3000,-0.0032,3.2570,この先制限速度なし,この先目立った勾配なし,0.0000,0.0000,82.4000,96.5915,1,70.2149,-82.4000,0.0000,0.0000,30.0000,300.0000,0.0000,0.0000,前方 70.2m 先に停車中,60.0000,60.0000,15.0000,49.4000,79.4000,未発車,後続列車なし,,,
anti_mid_stop__wait_for_forward__hw60_v50_b30_c180,446.9000,1,24.5968,次駅への減速フェーズ（駅手前400m以内）,ブレーキ（減速）中,41.8000,力行（加速）,0.1000,0,70.0000,1.9653,70.0000,8.7701,35.8230,-35.8230,70.2149,0.0000,0.0000,70.2149,-2.3000,-0.0032,3.2570,この先制限速度なし,この先目立った勾配なし,0.0000,0.0000,106.9000,121.0915,1,70.2149,-106.9000,0.0000,0.0000,30.0000,300.0000,0.0000,0.0000,前方 70.2m 先に停車中,60.0000,60.0000,15.0000,73.9000,103.9000,未発車,後続列車なし,,,
anti_mid_stop__wait_for_forward__hw60_v50_b30_c180,471.4000,1,24.5968,次駅への減速フェーズ（駅手前400m以内）,ブレーキ（減速）中,66.3000,力行（加速）,0.1000,0,70.0000,1.9653,70.0000,8.7701,35.8230,-35.8230,70.2149,0.0000,0.0000,70.2149,-2.3000,-0.0032,3.2570,この先制限速度なし,この先目立った勾配なし,0.0000,0.0000,131.4000,145.5915,1,70.2149,-131.4000,0.0000,0.0000,30.0000,300.0000,0.0000,0.0000,前方 70.2m 先に停車中,60.0000,60.0000,15.0000,98.4000,128.4000,未発車,後続列車なし,,,
anti_mid_stop__wait_for_forward__hw60_v50_b30_c180,495.9000,1,24.5968,次駅への減速フェーズ（駅手前400m以内）,ブレーキ（減速）中,90.8000,力行（加速）,0.1000,0,70.0000,1.9653,70.0000,8.7701,35.8230,-35.8230,70.2149,0.0000,0.0000,70.2149,-2.3000,-0.0032,3.2570,この先制限速度なし,この先目立った勾配なし,0.0000,0.0000,155.9000,170.0915,1,70.2149,-155.9000,0.0000,0.0000,30.0000,300.0000,0.0000,0.0000,前方 70.2m 先に停車中,60.0000,60.0000,15.0000,122.9000,152.9000,未発車,後続列車なし,,,
anti_mid_stop__wait_for_forward__hw60_v50_b30_c180,520.4000,1,24.5968,次駅への減速フェーズ（駅手前400m以内）,ブレーキ（減速）中,115.3000,力行（加速）,0.1000,0,70.0000,1.9653,70.0000,8.7701,35.8230,-35.8230,70.2149,0.0000,0.0000,70.2149,-2.3000,-0.0032,3.2570,この先制限速度なし,この先目立った勾配なし,0.0000,0.0000,180.4000,194.5915,1,70.2149,-180.4000,0.0000,0.0000,30.0000,300.0000,0.0000,0.0000,前方 70.2m 先に停車中,60.0000,60.0000,15.0000,147.4000,177.4000,未発車,後続列車なし,,,
anti_mid_stop__wait_for_forward__hw60_v50_b30_c180,544.9000,1,24.6669,次駅への減速フェーズ（駅手前400m以内）,ブレーキ（減速）中,7.8000,力行（加速）,0.3000,1.5967,70.0000,40.1291,70.0000,70.0000,0.8460,0.7507,0.0744,0.0000,0.1392,-0.0648,-2.3000,-0.0045,3.1718,この先制限速度なし,この先目立った勾配なし,1.0000,1.5967,204.9000,205.2507,1,0.0744,-204.9000,0.0000,0.0000,30.0000,300.0000,0.0000,0.0000,前方 158.0m 先を 42.0km/h で走行中,60.0000,60.0000,0.0000,0.0000,0.0000,発車済み,後続列車なし,,,
anti_mid_stop__wait_for_forward__hw60_v50_b30_c180,193.8000,1,23.2900,駅停車中（発車判断）,ブレーキ（減速）中,10.1000,力行（加速）,0.2000,0.0000,70.0000,49.4110,51.8079,66.0960,0.0000,0.0000,1377.0000,146.2000,0.0000,1377.0000,9.2000,-0.4089,2.8513,この先制限速度なし,10m先に上り勾配11.4‰あり,1.0000,0.0000,0.0000,12.8000,1,1377.0000,146.2000,1.0000,1.0000,30.0000,300.0000,0.0000,108.0000,前方 184.5m 先を 39.5km/h で走行中,60.0000,60.0000,194.2000,0.0000,0.0000,未発車,後続列車なし,,,
anti_mid_stop__wait_for_forward__hw60_v50_b30_c180,206.8000,1,23.2900,駅停車中（発車判断）,ブレーキ（減速）中,23.1000,力行（加速）,0.2000,0.0000,70.0000,69.9979,53.3929,66.3613,0.0000,0.0000,1377.0000,133.2000,0.0000,1377.0000,9.2000,-0.4089,2.8513,この先制限速度なし,10m先に上り勾配11.4‰あり,1.0000,0.0000,0.0000,12.8000,1,1377.0000,133.2000,1.0000,14.0000,30.0000,300.0000,0.0000,106.5000,前方 339.5m 先を 45.8km/h で走行中,60.0000,60.0000,181.2000,0.0000,0.0000,未発車,後続列車なし,,,
anti_mid_stop__wait_for_forward__hw60_v50_b30_c180,219.8000,1,23.2900,駅停車中（発車判断）,ブレーキ（減速）中,36.1000,力行（加速）,0.2000,0.0000,70.0000,69.9979,56.5588,66.8541,0.0000,0.0000,1377.0000,120.2000,0.0000,1377.0000,9.2000,-0.4089,2.8513,この先制限速度なし,10m先に上り勾配11.4‰あり,1.0000,0.0000,0.0000,12.8000,1,1377.0000,120.2000,1.0000,27.0000,30.0000,300.0000,0.0000,104.5000,前方 513.5m 先を 49.0km/h で走行中,60.0000,60.0000,168.2000,0.0000,0.0000,未発車,後続列車なし,,,
anti_mid_stop__wait_for_forward__hw60_v50_b30_c180,232.8000,1,23.2900,駅停車中（発車判断）,ブレーキ（減速）中,49.1000,力行（加速）,0.2000,0.0000,70.0000,69.9979,70.0000,67.4058,0.0000,0.0000,1377.0000,107.2000,0.0000,1377.0000,9.2000,-0.4089,2.8513,この先制限速度なし,10m先に上り勾配11.4‰あり,1.0000,0.0000,0.0000,22.8000,1,1377.0000,107.2000,1.0000,40.0000,30.0000,300.0000,10.0000,102.0000,前方 677.0m 先を 41.6km/h で走行中,60.0000,60.0000,155.2000,0.0000,0.0000,未発車,後続列車なし,,,
anti_mid_stop__wait_for_forward__hw60_v50_b30_c180,245.8000,1,23.2900,駅停車中（発車判断）,ブレーキ（減速）中,62.1000,力行（加速）,0.2000,0.0000,70.0000,69.9979,70.0000,68.1765,0.0000,0.0000,1377.0000,94.2000,0.0000,1377.0000,9.2000,-0.4089,2.8513,この先制限速度なし,10m先に上り勾配11.4‰あり,1.0000,0.0000,0.0000,35.8000,1,1377.0000,94.2000,1.0000,53.0000,30.0000,300.0000,23.0000,102.0000,前方 814.4m 先を 34.5km/h で走行中,60.0000,60.0000,142.2000,0.0000,0.0000,未発車,後続列車なし,,,
anti_mid_stop__wait_for_forward__hw60_v50_b30_c180,258.8000,1,23.2900,駅停車中（発車判断）,ブレーキ（減速）中,75.1000,力行（加速）,0.2000,0.0000,70.0000,69.9979,70.0000,69.2588,0.0000,0.0000,1377.0000,81.2000,0.0000,1377.0000,9.2000,-0.4089,2.8513,この先制限速度なし,10m先に上り勾配11.4‰あり,1.0000,0.0000,0.0000,48.8000,1,1377.0000,81.2000,1.0000,66.0000,30.0000,300.0000,36.0000,102.0000,前方 926.5m 先を 27.6km/h で走行中,60.0000,60.0000,129.2000,0.0000,0.0000,未発車,後続列車なし,,,
anti_mid_stop__wait_for_forward__hw60_v50_b30_c180,271.8000,1,23.2900,駅停車中（発車判断）,ブレーキ（減速）中,88.1000,力行（加速）,0.2000,0.0000,70.0000,69.9979,70.0000,70.0000,0.0000,0.0000,1377.0000,68.2000,0.0000,1377.0000,9.2000,-0.4089,2.8513,この先制限速度なし,10m先に上り勾配11.4‰あり,1.0000,0.0000,0.0000,61.8000,1,1377.0000,68.2000,1.0000,79.0000,30.0000,300.0000,49.0000,102.0000,前方 1013.9m 先を 21.2km/h で走行中,60.0000,60.0000,116.2000,0.0000,0.0000,未発車,後続列車なし,,,
anti_mid_stop__wait_for_forward__hw60_v50_b30_c180,284.8000,1,23.2900,駅停車中（発車判断）,ブレーキ（減速）中,101.1000,力行（加速）,0.2000,0.0000,70.0000,69.9979,70.0000,70.0000,0.0000,0.0000,1377.0000,55.2000,0.0000,1377.0000,9.2000,-0.4089,2.8513,この先制限速度なし,10m先に上り勾配11.4‰あり,1.0000,0.0000,0.0000,74.8000,1,1377.0000,55.2000,1.0000,92.0000,30.0000,300.0000,62.0000,102.0000,前方 1089.7m 先を 20.7km/h で走行中,60.0000,60.0000,103.2000,0.0000,0.0000,未発車,後続列車なし,,,
anti_mid_stop__on_time__hw60_v50_b60_c60,1.0000,0,21.1124,駅出発直後の加速フェーズ（20秒以内）,力行（加速）中,30.0000,なし（または停止）,0.0000,3.1655,70.0000,69.9979,64.8030,63.5607,1.9871,1.1784,2177.5520,179.0000,0.4738,2177.0783,-2.1000,-0.0130,3.0809,この先制限速度なし,387m先に下り勾配6.7‰あり,0.0000,0.0000,0.0000,0.3625,2,3554.5520,339.0000,0.0000,0.0000,30.0000,300.0000,0.0000,0.0000,前方 677.1m 先を 48.0km/h で走行中,60.0000,60.0000,181.0000,0.0000,0.0000,未発車,後続列車なし,,,
anti_mid_stop__on_time__hw60_v50_b60_c60,148.0000,0,22.9510,次駅への減速フェーズ（駅手前400m以内）,惰行中,10.0000,力行（加速）,1.0000,32.8013,70.0000,69.9979,70.0000,34.8135,38.4815,-5.6801,339.0492,32.0000,50.8195,288.2296,6.1000,-0.3490,1.1881,この先制限速度なし,149m先に上り勾配9.2‰あり,1.0000,11.5535,0.0000,11.7756,2,1716.0492,192.0000,0.0000,0.0000,30.0000,300.0000,0.0000,0.0000,前方 339.0m 先に停車中,60.0000,60.0000,34.0000,0.0000,11.0000,未発車,後続列車なし,,,
anti_mid_stop__on_time__hw60_v50_b60_c60,190.6000,0,23.2198,次駅への減速フェーズ（駅手前400m以内）,ブレーキ（減速）中,0.7000,力行（加速）,0.1000,0,70.0000,1.9653,70.0000,14.7335,26.6178,-26.6178,70.1850,0.0000,0.0000,70.1850,9.2000,-0.4089,2.8513,この先制限速度なし,この先目立った勾配なし,0.0000,0.0000,10.6000,24.9430,2,1447.1850,149.4000,0.0000,0.0000,30.0000,300.0000,0.0000,0.0000,前方 70.2m 先に停車中,60.0000,60.0000,15.0000,23.6000,53.6000,未発車,後続列車なし,,,
anti_mid_stop__on_time__hw60_v50_b60_c60,205.3000,0,23.2345,次駅への減速フェーズ（駅手前400m以内）,力行（加速）中,0.1000,ブレーキ（減速）,0.1000,12.4110,70.0000,14.6802,70.0000,70.0000,25.7198,-13.3087,55.5035,0.0000,7.3166,48.1869,9.2000,-0.4221,2.1861,この先制限速度なし,この先目立った勾配なし,0.0000,0.0000,25.3000,37.6235,2,1432.5035,134.7000,0.0000,0.0000,30.0000,300.0000,0.0000,0.0000,前方 80.3m 先を 19.2km/h で走行中,60.0000,60.0000,0.0000,0.0000,0.0000,発車済み,後続列車なし,,,
anti_mid_stop__on_time__hw60_v50_b60_c60,252.7000,1,23.2934,駅出発直後の加速フェーズ（20秒以内）,力行（加速）中,3.0000,ブレーキ（減速）,30.0000,7.9053,70.0000,69.9979,70.0000,66.8414,7.8074,0.0978,1373.6071,87.3000,3.4498,1370.1573,9.2000,-0.4165,2.4284,この先制限速度なし,6m先に上り勾配11.4‰あり,0.0000,0.0000,0.0000,39.7344,1,1373.6071,87.3000,0.0000,0.0000,30.0000,300.0000,0.0000,0.0000,前方 548.7m 先を 47.4km/h で走行中,60.0000,60.0000,165.3000,0.0000,0.0000,未発車,後続列車なし,,,
anti_mid_stop__on_time__hw60_v50_b60_c60,399.7000,1,24.5010,次駅への減速フェーズ（駅手前400m以内）,惰行中,48.0000,力行（加速）,1.0000,16.8657,70.0000,41.9342,70.0000,20.4231,39.4889,-22.6232,165.9923,0.0000,15.6842,150.3081,-2.3000,-0.0227,2.3514,この先制限速度なし,この先目立った勾配なし,1.0000,16.1231,59.7000,82.7383,1,165.9923,-59.7000,0.0000,0.0000,30.0000,300.0000,0.0000,0.0000,前方 166.0m 先に停車中,60.0000,60.0000,18.3000,0.0000,26.7000,未発車,後続列車なし,,,
anti_mid_stop__on_time__hw60_v50_b60_c60,426.1000,1,24.5968,次駅への減速フェーズ（駅手前400m以内）,ブレーキ（減速）中,1.0000,力行（加速）,0.1000,0,70.0000,1.9589,70.0000,8.7701,35.8226,-35.8226,70.2136,0.0000,0.0000,70.2136,-2.3000,-0.0032,3.2570,この先制限速度なし,この先目立った勾配なし,0.0000,0.0000,86.1000,100.2914,1,70.2136,-86.1000,0.0000,0.0000,30.0000,300.0000,0.0000,0.0000,前方 70.2m 先に停車中,60.0000,60.0000,15.0000,23.1000,53.1000,未発車,後続列車なし,,,
anti_mid_stop__on_time__hw60_v50_b60_c60,440.8000,1,24.6117,次駅への減速フェーズ（駅手前400m以内）,ブレーキ（減速）中,0.4000,ブレーキ（減速）,0.1000,12.9031,70.0000,15.1801,70.0000,70.0000,31.7535,-18.8504,55.2718,0.0000,9.1882,46.0836,-2.3000,-0.0170,2.5653,この先制限速度なし,この先目立った勾配なし,1.0000,12.6754,100.8000,113.3987,1,55.2718,-100.8000,0.0000,0.0000,30.0000,300.0000,0.0000,0.0000,前方 82.7m 先を 21.9km/h で走行中,60.0000,60.0000,0.0000,0.0000,0.0000,発車済み,後続列車なし,,,
anti_mid_stop__on_time__hw60_v50_b60_c60,220.7000,1,23.2900,駅停車中（発車判断）,ブレーキ（減速）中,7.1000,力行（加速）,0.2000,0.0000,70.0000,41.5411,58.3063,66.0118,0.0000,0.0000,1377.0000,119.3000,0.0000,1377.0000,9.2000,-0.4089,2.8513,この先制限速度なし,10m先に上り勾配11.4‰あり,1.0000,0.0000,0.0000,39.7000,1,1377.0000,119.3000,1.0000,1.0000,30.0000,300.0000,0.0000,103.5000,前方 151.3m 先を 37.4km/h で走行中,60.0000,60.0000,197.3000,0.0000,0.0000,未発車,後続列車なし,,,
anti_mid_stop__on_time__hw60_v50_b60_c60,235.7000,1,23.2900,駅停車中（発車判断）,ブレーキ（減速）中,22.1000,力行（加速）,0.2000,0.0000,70.0000,69.9979,70.0000,66.3613,0.0000,0.0000,1377.0000,104.3000,0.0000,1377.0000,9.2000,-0.4089,2.8513,この先制限速度なし,10m先に上り勾配11.4‰あり,1.0000,0.0000,0.0000,39.7000,1,1377.0000,104.3000,1.0000,16.0000,30.0000,300.0000,0.0000,102.0000,前方 325.4m 先を 45.4km/h で走行中,60.0000,60.0000,182.3000,0.0000,0.0000,未発車,後続列車なし,,,
anti_mid_stop__wait_for_forward__hw60_v50_b60_c60,1.0000,0,21.1124,駅出発直後の加速フェーズ（20秒以内）,力行（加速）中,30.0000,なし（または停止）,0.0000,3.1655,70.0000,69.9979,64.8030,63.5607,1.9871,1.1784,2177.5520,179.0000,0.4738,2177.0783,-2.1000,-0.0130,3.0809,この先制限速度なし,387m先に下り勾配6.7‰あり,0.0000,0.0000,0.0000,0.3625,2,3554.5520,339.0000,0.0000,0.0000,30.0000,300.0000,0.0000,0.0000,前方 677.1m 先を 48.0km/h で走行中,60.0000,60.0000,181.0000,0.0000,0.0000,未発車,後続列車なし,,,
anti_mid_stop__wait_for_forward__hw60_v50_b60_c60,127.0000,0,22.7415,巡航フェーズ（駅間走行中）,惰行中,28.0000,力行（加速）,1.0000,38.9215,70.0000,69.9979,46.5451,41.5434,45.1712,-6.2497,548.4795,53.0000,71.3687,477.1109,6.1000,-0.3634,0.8521,この先制限速度なし,358m先に上り勾配9.2‰あり,1.0000,5.7051,0.0000,8.8134,2,1925.4795,213.0000,0.0000,0.0000,30.0000,300.0000,0.0000,0.0000,前方 511.8m 先を 22.6km/h で走行中,60.0000,60.0000,55.0000,0.0000,0.0000,未発車,後続列車なし,,,
anti_mid_stop__wait_for_forward__hw60_v50_b60_c60,186.4000,0,23.2188,次駅への減速フェーズ（駅手前400m以内）,ブレーキ（減速）中,0.2000,力行（加速）,0.1000,3.0892,70.0000,4.9817,70.0000,14.8472,26.6780,-23.5887,71.1843,0.0000,0.4511,70.7332,9.2000,-0.4115,2.6863,この先制限速度なし,この先目立った勾配なし,0.0000,0.0000,6.4000,20.8779,2,1448.1843,153.6000,0.0000,0.0000,30.0000,300.0000,0.0000,0.0000,前方 71.2m 先に停車中,60.0000,60.0000,15.0000,19.4000,49.4000,未発車,後続列車なし,,,
anti_mid_stop__wait_for_forward__hw60_v50_b60_c60,199.0000,0,23.2206,次駅への減速フェーズ（駅手前400m以内）,力行（加速）中,0.1000,力行（加速）,0.7000,2.9926,70.0000,5.0842,70.0000,70.0000,26.5683,-23.5757,69.3652,0.0000,0.4232,68.9420,9.2000,-0.4115,2.6915,この先制限速度なし,この先目立った勾配なし,0.0000,0.0000,19.0000,33.2323,2,1446.3652,141.0000,0.0000,0.0000,30.0000,300.0000,0.0000,0.0000,前方 71.2m 先を 5.9km/h で走行中,60.0000,60.0000,0.0000,0.0000,0.0000,発車済み,後続列車なし,,,
anti_mid_stop__wait_for_forward__hw60_v50_b60_c60,211.6000,0,23.2633,次駅への減速フェーズ（駅手前400m以内）,力行（加速）中,0.5000,ブレーキ（減速）,0.1000,20.3896,70.0000,22.3407,70.0000,70.0000,23.7289,-3.3393,26.6606,0.0000,19.7179,6.9426,9.2000,-0.4341,1.7549,この先制限速度なし,この先目立った勾配なし,1.0000,19.7390,31.6000,39.7341,2,1403.6606,128.4000,0.0000,0.0000,30.0000,300.0000,0.0000,0.0000,前方 93.7m 先を 28.5km/h で走行中,60.0000,60.0000,0.0000,0.0000,0.0000,発車済み,後続列車なし,,,
anti_mid_stop__wait_for_forward__hw60_v50_b60_c60,362.7000,1,23.6942,巡航フェーズ（駅間走行中）,力行（加速）中,45.0000,ブレーキ（減速）,30.0000,47.7659,70.0000,69.9979,70.0000,70.0000,47.7657,0.0001,972.7511,0.0000,124.0539,848.6972,11.4000,-0.6024,0.3704,この先制限速度なし,この先目立った勾配なし,0.0000,0.0000,22.7000,107.7003,1,972.7511,-22.7000,0.0000,0.0000,30.0000,300.0000,0.0000,0.0000,前方 941.8m 先を 18.5km/h で走行中,60.0000,60.0000,55.3000,0.0000,0.0000,未発車,後続列車なし,,,
anti_mid_stop__wait_for_forward__hw60_v50_b60_c60,430.2000,1,24.5942,次駅への減速フェーズ（駅手前400m以内）,ブレーキ（減速）中,20.4000,惰行,6.0000,6.2251,70.0000,7.1692,70.0000,9.1870,36.4944,-30.2693,72.8476,0.0000,2.1383,70.7093,-2.3000,-0.0089,2.9242,この先制限速度なし,この先目立った勾配なし,1.0000,5.8534,90.2000,104.6539,1,72.8476,-90.2000,0.0000,0.0000,30.0000,300.0000,0.0000,0.0000,前方 72.8m 先に停車中,60.0000,60.0000,15.0000,27.2000,57.2000,未発車,後続列車なし,,,
anti_mid_stop__wait_for_forward__hw60_v50_b60_c60,442.8000,1,24.6198,次駅への減速フェーズ（駅手前400m以内）,力行（加速）中,0.2000,ブレーキ（減速）,0.1000,16.0711,70.0000,18.0533,70.0000,70.0000,29.3367,-13.2656,47.2259,0.0000,14.2441,32.9819,-2.3000,-0.0215,2.3944,この先制限速度なし,この先目立った勾配なし,1.0000,15.9105,102.8000,114.4498,1,47.2259,-102.8000,0.0000,0.0000,30.0000,300.0000,0.0000,0.0000,前方 88.0m 先を 25.9km/h で走行中,60.0000,60.0000,0.0000,0.0000,0.0000,発車済み,後続列車なし,,,
anti_mid_stop__wait_for_forward__hw60_v50_b60_c60,455.4000,1,24.6675,次駅への減速フェーズ（駅手前400m以内）,ブレーキ（減速）中,8.2000,力行（加速）,0.1000,0.5624,70.0000,41.3104,0.0000,0.0000,0.5688,-0.0064,-0.4971,0.0000,0.0168,-0.5139,-2.3000,-0.0036,3.2270,この先制限速度なし,この先目立った勾配なし,1.0000,0.5624,115.4000,115.6400,1,-0.4971,-115.4000,0.0000,0.0000,30.0000,300.0000,0.0000,0.0000,前方 163.2m 先を 42.4km/h で走行中,60.0000,60.0000,0.0000,0.0000,0.0000,発車済み,後続列車なし,,,
anti_mid_stop__wait_for_forward__hw60_v50_b60_c60,220.7000,1,23.2900,駅停車中（発車判断）,ブレーキ（減速）中,7.1000,力行（加速）,0.2000,0.0000,70.0000,41.5411,58.3063,66.0118,0.0000,0.0000,1377.0000,119.3000,0.0000,1377.0000,9.2000,-0.4089,2.8513,この先制限速度なし,10m先に上り勾配11.4‰あり,1.0000,0.0000,0.0000,39.7000,1,1377.0000,119.3000,1.0000,1.0000,30.0000,300.0000,0.0000,103.5000,前方 151.3m 先を 37.4km/h で走行中,60.0000,60.0000,197.3000,0.0000,0.0000,未発車,後続列車なし,,,
anti_mid_stop__wait_for_forward__hw60_v50_b60_c60,232.7000,1,23.2900,駅停車中（発車判断）,ブレーキ（減速）中,19.1000,力行（加速）,0.2000,0.0000,70.0000,68.5922,70.0000,66.2982,0.0000,0.0000,1377.0000,107.3000,0.0000,1377.0000,9.2000,-0.4089,2.8513,この先制限速度なし,10m先に上り勾配11.4‰あり,1.0000,0.0000,0.0000,39.7000,1,1377.0000,107.3000,1.0000,13.0000,30.0000,300.0000,0.0000,102.0000,前方 288.1m 先を 44.1km/h で走行中,60.0000,60.0000,185.3000,0.0000,0.0000,未発車,後続列車なし,,,
anti_mid_stop__wait_for_forward__hw60_v50_b60_c60,244.7000,1,23.2900,駅停車中（発車判断）,ブレーキ（減速）中,31.1000,力行（加速）,0.2000,0.0000,70.0000,69.9979,70.0000,66.6603,0.0000,0.0000,1377.0000,95.3000,0.0000,1377.0000,9.2000,-0.4089,2.8513,この先制限速度なし,10m先に上り勾配11.4‰あり,1.0000,0.0000,0.0000,39.7000,1,1377.0000,95.3000,1.0000,25.0000,30.0000,300.0000,0.0000,102.0000,前方 443.3m 先を 48.8km/h で走行中,60.0000,60.0000,173.3000,0.0000,0.0000,未発車,後続列車なし,,,
anti_mid_stop__wait_for_forward__hw60_v50_b60_c60,256.7000,1,23.2900,駅停車中（発車判断）,ブレーキ（減速）中,43.1000,力行（加速）,0.2000,0.0000,70.0000,69.9979,70.0000,67.1068,0.0000,0.0000,1377.0000,83.3000,0.0000,1377.0000,9.2000,-0.4089,2.8513,この先制限速度なし,10m先に上り勾配11.4‰あり,1.0000,0.0000,0.0000,46.7000,1,1377.0000,83.3000,1.0000,37.0000,30.0000,300.0000,7.0000,102.0000,前方 603.5m 先を 45.1km/h で走行中,60.0000,60.0000,161.3000,0.0000,0.0000,未発車,後続列車なし,,,
anti_mid_stop__wait_for_forward__hw60_v50_b60_c60,268.7000,1,23.2900,駅停車中（発車判断）,ブレーキ（減速）中,55.1000,力行（加速）,0.2000,0.0000,70.0000,69.9979,70.0000,67.7343,0.0000,0.0000,1377.0000,71.3000,0.0000,1377.0000,9.2000,-0.4089,2.8513,この先制限速度なし,10m先に上り勾配11.4‰あり,1.0000,0.0000,0.0000,58.7000,1,1377.0000,71.3000,1.0000,49.0000,30.0000,300.0000,19.0000,102.0000,前方 742.5m 先を 38.4km/h で走行中,60.0000,60.0000,149.3000,0.0000,0.0000,未発車,後続列車なし,,,
anti_mid_stop__wait_for_forward__hw60_v50_b60_c60,280.7000,1,23.2900,駅停車中（発車判断）,ブレーキ（減速）中,67.1000,力行（加速）,0.2000,0.0000,70.0000,69.9979,70.0000,68.6229,0.0000,0.0000,1377.0000,59.3000,0.0000,1377.0000,9.2000,-0.4089,2.8513,この先制限速度なし,10m先に上り勾配11.4‰あり,1.0000,0.0000,0.0000,70.7000,1,1377.0000,59.3000,1.0000,61.0000,30.0000,300.0000,31.0000,102.0000,前方 859.5m 先を 31.9km/h で走行中,60.0000,60.0000,137.3000,0.0000,0.0000,未発車,後続列車なし,,,
anti_mid_stop__wait_for_forward__hw60_v50_b60_c60,292.7000,1,23.2900,駅停車中（発車判断）,ブレーキ（減速）中,79.1000,力行（加速）,0.2000,0.0000,70.0000,69.9979,70.0000,69.7052,0.0000,0.0000,1377.0000,47.3000,0.0000,1377.0000,9.2000,-0.4089,2.8513,この先制限速度なし,10m先に上り勾配11.4‰あり,1.0000,0.0000,0.0000,82.7000,1,1377.0000,47.3000,1.0000,73.0000,30.0000,300.0000,43.0000,102.0000,前方 955.2m 先を 25.6km/h で走行中,60.0000,60.0000,125.3000,0.0000,0.0000,未発車,後続列車なし,,,
anti_mid_stop__wait_for_forward__hw60_v50_b60_c60,304.7000,1,23.2900,駅停車中（発車判断）,ブレーキ（減速）中,91.1000,力行（加速）,0.2000,0.0000,70.0000,69.9979,70.0000,70.0000,0.0000,0.0000,1377.0000,35.3000,0.0000,1377.0000,9.2000,-0.4089,2.8513,この先制限速度なし,10m先に上り勾配11.4‰あり,1.0000,0.0000,0.0000,94.7000,1,1377.0000,35.3000,1.0000,85.0000,30.0000,300.0000,55.0000,102.0000,前方 1030.9m 先を 21.1km/h で走行中,60.0000,60.0000,113.3000,0.0000,0.0000,未発車,後続列車なし,,,
anti_mid_stop__wait_for_forward__hw60_v50_b60_c60,316.7000,1,23.2900,駅停車中（発車判断）,ブレーキ（減速）中,103.1000,力行（加速）,0.2000,0.0000,70.0000,69.9979,70.0000,70.0000,0.0000,0.0000,1377.0000,23.3000,0.0000,1377.0000,9.2000,-0.4089,2.8513,この先制限速度なし,10m先に上り勾配11.4‰あり,1.0000,0.0000,0.0000,106.7000,1,1377.0000,23.3000,1.0000,97.0000,30.0000,300.0000,67.0000,102.0000,前方 1100.5m 先を 20.5km/h で走行中,60.0000,60.0000,101.3000,0.0000,0.0000,未発車,後続列車なし,,,
anti_mid_stop__on_time__hw60_v50_b45_c120,1.0000,0,21.1124,駅出発直後の加速フェーズ（20秒以内）,力行（加速）中,30.0000,なし（または停止）,0.0000,3.1655,70.0000,69.9979,64.8030,63.5607,1.9871,1.1784,2177.5520,179.0000,0.4738,2177.0783,-2.1000,-0.0130,3.0809,この先制限速度なし,387m先に下り勾配6.7‰あり,0.0000,0.0000,0.0000,0.3625,2,3554.5520,339.0000,0.0000,0.0000,30.0000,300.0000,0.0000,0.0000,前方 677.1m 先を 48.0km/h で走行中,60.0000,60.0000,181.0000,0.0000,0.0000,未発車,後続列車なし,,,
anti_mid_stop__on_time__hw60_v50_b45_c120,181.5000,0,23.2069,次駅への減速フェーズ（駅手前400m以内）,ブレーキ（減速）中,2.4000,惰行,18.0000,15.2187,70.0000,16.5793,70.0000,16.3085,27.3841,-12.1654,83.0647,0.0000,10.9974,72.0673,9.2000,-0.4260,2.0347,この先制限速度なし,この先目立った勾配なし,0.0000,0.0000,1.5000,17.5605,2,1460.0647,158.5000,0.0000,0.0000,30.0000,300.0000,0.0000,0.0000,前方 83.1m 先に停車中,60.0000,60.0000,15.0000,14.5000,44.5000,未発車,後続列車なし,,,
anti_mid_stop__on_time__hw60_v50_b45_c120,201.8000,0,23.2868,次駅への減速フェーズ（駅手前400m以内）,ブレーキ（減速）中,4.1000,力行（加速）,0.6000,9.3112,70.0000,31.0693,70.0000,70.0000,8.2314,1.0798,3.2089,0.0000,4.1183,-0.9095,9.2000,-0.4182,2.3529,この先制限速度なし,この先目立った勾配なし,1.0000,9.3112,21.8000,24.6407,2,1380.2089,138.2000,0.0000,0.0000,30.0000,300.0000,0.0000,0.0000,前方 115.7m 先を 34.1km/h で走行中,60.0000,60.0000,0.0000,0.0000,0.0000,発車済み,後続列車なし,,,
anti_mid_stop__on_time__hw60_v50_b45_c120,398.8000,1,24.5740,次駅への減速フェーズ（駅手前400m以内）,ブレーキ（減速）中,12.8000,力行（加速）,1.0000,18.5690,70.0000,20.3989,70.0000,11.6423,39.0339,-20.4649,92.9526,0.0000,19.0031,73.9494,-2.3000,-0.0254,2.2593,この先制限速度なし,この先目立った勾配なし,1.0000,18.1925,58.8000,75.1416,1,92.9526,-58.8000,0.0000,0.0000,30.0000,300.0000,0.0000,0.0000,前方 93.0m 先に停車中,60.0000,60.0000,15.0000,10.8000,40.8000,未発車,後続列車なし,,,
anti_mid_stop__on_time__hw60_v50_b45_c120,419.1000,1,24.5968,次駅への減速フェーズ（駅手前400m以内）,ブレーキ（減速）中,8.8000,力行（加速）,0.1000,0,70.0000,1.9589,70.0000,8.7701,35.8226,-35.8226,70.2136,0.0000,0.0000,70.2136,-2.3000,-0.0032,3.2570,この先制限速度なし,この先目立った勾配なし,0.0000,0.0000,79.1000,93.2914,1,70.2136,-79.1000,0.0000,0.0000,30.0000,300.0000,0.0000,0.0000,前方 70.2m 先に停車中,60.0000,60.0000,15.0000,31.1000,61.1000,未発車,後続列車なし,,,
anti_mid_stop__on_time__hw60_v50_b45_c120,439.4000,1,24.5968,次駅への減速フェーズ（駅手前400m以内）,ブレーキ（減速）中,29.1000,力行（加速）,0.1000,0,70.0000,1.9589,70.0000,8.7701,35.8226,-35.8226,70.2136,0.0000,0.0000,70.2136,-2.3000,-0.0032,3.2570,この先制限速度なし,この先目立った勾配なし,0.0000,0.0000,99.4000,113.5914,1,70.2136,-99.4000,0.0000,0.0000,30.0000,300.0000,0.0000,0.0000,前方 70.2m 先に停車中,60.0000,60.0000,15.0000,51.4000,81.4000,未発車,後続列車なし,,,
anti_mid_stop__on_time__hw60_v50_b45_c120,459.7000,1,24.5968,次駅への減速フェーズ（駅手前400m以内）,ブレーキ（減速）中,49.4000,力行（加速）,0.1000,0,70.0000,1.9589,70.0000,8.7701,35.8226,-35.8226,70.2136,0.0000,0.0000,70.2136,-2.3000,-0.0032,3.2570,この先制限速度なし,この先目立った勾配なし,0.0000,0.0000,119.7000,133.8914,1,70.2136,-119.7000,0.0000,0.0000,30.0000,300.0000,0.0000,0.0000,前方 70.2m 先に停車中,60.0000,60.0000,15.0000,71.7000,101.7000,未発車,後続列車なし,,,
anti_mid_stop__on_time__hw60_v50_b45_c120,480.0000,1,24.5980,次駅への減速フェーズ（駅手前400m以内）,ブレーキ（減速）中,0.3000,ブレーキ（減速）,0.1000,3.5517,70.0000,5.8255,70.0000,70.0000,35.5131,-31.9615,69.0152,0.0000,0.6944,68.3208,-2.3000,-0.0063,3.0673,この先制限速度なし,この先目立った勾配なし,1.0000,3.1013,140.0000,154.0705,1,69.0152,-140.0000,0.0000,0.0000,30.0000,300.0000,0.0000,0.0000,前方 71.9m 先を 7.8km/h で走行中,60.0000,60.0000,0.0000,0.0000,0.0000,発車済み,後続列車なし,,,
anti_mid_stop__on_time__hw60_v50_b45_c120,500.3000,1,24.6671,次駅への減速フェーズ（駅手前400m以内）,ブレーキ（減速）中,8.2000,力行（加速）,0.3000,0.6171,70.0000,41.1609,0.0000,0.0000,0.5688,0.0483,-0.0967,0.0000,0.0203,-0.1170,-2.3000,-0.0037,3.2241,この先制限速度なし,この先目立った勾配なし,1.0000,0.6171,160.3000,160.5400,1,-0.0967,-160.3000,0.0000,0.0000,30.0000,300.0000,0.0000,0.0000,前方 162.5m 先を 42.3km/h で走行中,60.0000,60.0000,0.0000,0.0000,0.0000,発車済み,後続列車なし,,,
anti_mid_stop__on_time__hw60_v50_b45_c120,205.9000,1,23.2900,駅停車中（発車判断）,ブレーキ（減速）中,7.3000,力行（加速）,0.6000,0.0000,70.0000,42.0731,53.3929,66.0118,0.0000,0.0000,1377.0000,134.1000,0.0000,1377.0000,9.2000,-0.4089,2.8513,この先制限速度なし,10m先に上り勾配11.4‰あり,1.0000,0.0000,0.0000,24.9000,1,1377.0000,134.1000,1.0000,1.0000,30.0000,300.0000,0.0000,106.5000,前方 153.3m 先を 37.5km/h で走行中,60.0000,60.0000,197.1000,0.0000,0.0000,未発車,後続列車なし,,,
anti_mid_stop__on_time__hw60_v50_b45_c120,220.9000,1,23.2900,駅停車中（発車判断）,ブレーキ（減速）中,22.3000,力行（加速）,0.6000,0.0000,70.0000,69.9979,58.3063,66.3613,0.0000,0.0000,1377.0000,119.1000,0.0000,1377.0000,9.2000,-0.4089,2.8513,この先制限速度なし,10m先に上り勾配11.4‰あり,1.0000,0.0000,0.0000,24.9000,1,1377.0000,119.1000,1.0000,16.0000,30.0000,300.0000,0.0000,103.5000,前方 327.9m 先を 45.5km/h で走行中,60.0000,60.0000,182.1000,0.0000,0.0000,未発車,後続列車なし,,,
anti_mid_stop__wait_for_forward__hw60_v50_b45_c120,1.0000,0,21.1124,駅出発直後の加速フェーズ（20秒以内）,力行（加速）中,30.0000,なし（または停止）,0.0000,3.1655,70.0000,69.9979,64.8030,63.5607,1.9871,1.1784,2177.5520,179.0000,0.4738,2177.0783,-2.1000,-0.0130,3.0809,この先制限速度なし,387m先に下り勾配6.7‰あり,0.0000,0.0000,0.0000,0.3625,2,3554.5520,339.0000,0.0000,0.0000,30.0000,300.0000,0.0000,0.0000,前方 677.1m 先を 48.0km/h で走行中,60.0000,60.0000,181.0000,0.0000,0.0000,未発車,後続列車なし,,,
anti_mid_stop__wait_for_forward__hw60_v50_b45_c120,179.4000,0,23.1963,次駅への減速フェーズ（駅手前400m以内）,ブレーキ（減速）中,0.3000,惰行,18.0000,21.3733,70.0000,22.3578,70.0000,17.6478,28.0045,-6.6312,93.7278,0.6000,21.6607,72.0671,9.2000,-0.4358,1.7016,この先制限速度なし,この先目立った勾配なし,1.0000,13.8510,0.0000,16.8469,2,1470.7278,160.6000,0.0000,0.0000,30.0000,300.0000,0.0000,0.0000,前方 93.7m 先に停車中,60.0000,60.0000,15.0000,12.4000,42.4000,未発車,後続列車なし,,,
anti_mid_stop__wait_for_forward__hw60_v50_b45_c120,197.6000,0,23.2688,次駅への減速フェーズ（駅手前400m以内）,力行（加速）中,0.5000,ブレーキ（減速）,0.1000,21.6030,70.0000,23.5626,70.0000,70.0000,21.1627,0.4404,21.2177,0.0000,22.1274,-0.9097,9.2000,-0.4362,1.6891,この先制限速度なし,この先目立った勾配なし,1.0000,21.6030,17.6000,24.8608,2,1398.2177,142.4000,0.0000,0.0000,30.0000,300.0000,0.0000,0.0000,前方 96.3m 先を 29.7km/h で走行中,60.0000,60.0000,0.0000,0.0000,0.0000,発車済み,後続列車なし,,,
anti_mid_stop__wait_for_forward__hw60_v50_b45_c120,409.2000,1,24.5700,次駅への減速フェーズ（駅手前400m以内）,ブレーキ（減速）中,14.2000,惰行,6.0000,21.8430,70.0000,22.1228,70.0000,12.2529,39.0590,-17.2159,96.9762,0.0000,26.2672,70.7089,-2.3000,-0.0309,2.0818,この先制限速度なし,この先目立った勾配なし,1.0000,21.4762,69.2000,85.9118,1,96.9762,-69.2000,0.0000,0.0000,30.0000,300.0000,0.0000,0.0000,前方 97.0m 先に停車中,60.0000,60.0000,15.0000,21.2000,51.2000,未発車,後続列車なし,,,
anti_mid_stop__wait_for_forward__hw60_v50_b45_c120,427.4000,1,24.5968,次駅への減速フェーズ（駅手前400m以内）,ブレーキ（減速）中,7.2000,力行（加速）,0.1000,0,70.0000,1.9653,70.0000,8.7701,35.8230,-35.8230,70.2149,0.0000,0.0000,70.2149,-2.3000,-0.0032,3.2570,この先制限速度なし,この先目立った勾配なし,0.0000,0.0000,87.4000,101.5915,1,70.2149,-87.4000,0.0000,0.0000,30.0000,300.0000,0.0000,0.0000,前方 70.2m 先に停車中,60.0000,60.0000,15.0000,39.4000,69.4000,未発車,後続列車なし,,,
anti_mid_stop__wait_for_forward__hw60_v50_b45_c120,445.6000,1,24.5968,次駅への減速フェーズ（駅手前400m以内）,ブレーキ（減速）中,25.4000,力行（加速）,0.1000,0,70.0000,1.9653,70.0000,8.7701,35.8230,-35.8230,70.2149,0.0000,0.0000,70.2149,-2.3000,-0.0032,3.2570,この先制限速度なし,この先目立った勾配なし,0.0000,0.0000,105.6000,119.7915,1,70.2149,-105.6000,0.0000,0.0000,30.0000,300.0000,0.0000,0.0000,前方 70.2m 先に停車中,60.0000,60.0000,15.0000,57.6000,87.6000,未発車,後続列車なし,,,
anti_mid_stop__wait_for_forward__hw60_v50_b45_c120,463.8000,1,24.5968,次駅への減速フェーズ（駅手前400m以内）,ブレーキ（減速）中,43.6000,力行（加速）,0.1000,0,70.0000,1.9653,70.0000,8.7701,35.8230,-35.8230,70.2149,0.0000,0.0000,70.2149,-2.3000,-0.0032,3.2570,この先制限速度なし,この先目立った勾配なし,0.0000,0.0000,123.8000,137.9915,1,70.2149,-123.8000,0.0000,0.0000,30.0000,300.0000,0.0000,0.0000,前方 70.2m 先に停車中,60.0000,60.0000,15.0000,75.8000,105.8000,未発車,後続列車なし,,,
anti_mid_stop__wait_for_forward__hw60_v50_b45_c120,482.0000,1,24.6010,次駅への減速フェーズ（駅手前400m以内）,力行（加速）中,0.2000,ブレーキ（減速）,0.1000,7.2665,70.0000,9.2114,70.0000,70.0000,34.7102,-27.4437,65.9549,0.0000,2.9145,63.0403,-2.3000,-0.0101,2.8684,この先制限速度なし,この先目立った勾配なし,1.0000,6.9449,142.0000,155.7563,1,65.9549,-142.0000,0.0000,0.0000,30.0000,300.0000,0.0000,0.0000,前方 74.7m 先を 13.2km/h で走行中,60.0000,60.0000,0.0000,0.0000,0.0000,発車済み,後続列車なし,,,
anti_mid_stop__wait_for_forward__hw60_v50_b45_c120,500.2000,1,24.6670,次駅への減速フェーズ（駅手前400m以内）,ブレーキ（減速）中,8.1000,力行（加速）,0.3000,0.8454,70.0000,40.9109,0.0000,0.0000,0.5688,0.2766,-0.0264,0.0000,0.0385,-0.0648,-2.3000,-0.0039,3.2119,この先制限速度なし,この先目立った勾配なし,1.0000,0.8454,160.2000,160.4400,1,-0.0264,-160.2000,0.0000,0.0000,30.0000,300.0000,0.0000,0.0000,前方 161.4m 先を 42.2km/h で走行中,60.0000,60.0000,0.0000,0.0000,0.0000,発車済み,後続列車なし,,,
anti_mid_stop__wait_for_forward__hw60_v50_b45_c120,205.9000,1,23.2900,駅停車中（発車判断）,ブレーキ（減速）中,7.3000,力行（加速）,0.6000,0.0000,70.0000,42.0731,53.3929,66.0118,0.0000,0.0000,1377.0000,134.1000,0.0000,1377.0000,9.2000,-0.4089,2.8513,この先制限速度なし,10m先に上り勾配11.4‰あり,1.0000,0.0000,0.0000,24.9000,1,1377.0000,134.1000,1.0000,1.0000,30.0000,300.0000,0.0000,106.5000,前方 153.3m 先を 37.5km/h で走行中,60.0000,60.0000,197.1000,0.0000,0.0000,未発車,後続列車なし,,,
anti_mid_stop__wait_for_forward__hw60_v50_b45_c120,217.9000,1,23.2900,駅停車中（発車判断）,ブレーキ（減速）中,19.3000,力行（加速）,0.6000,0.0000,70.0000,68.9853,56.5588,66.2982,0.0000,0.0000,1377.0000,122.1000,0.0000,1377.0000,9.2000,-0.4089,2.8513,この先制限速度なし,10m先に上り勾配11.4‰あり,1.0000,0.0000,0.0000,24.9000,1,1377.0000,122.1000,1.0000,13.0000,30.0000,300.0000,0.0000,104.5000,前方 290.6m 先を 44.2km/h で走行中,60.0000,60.0000,185.1000,0.0000,0.0000,未発車,後続列車なし,,,
anti_mid_stop__wait_for_forward__hw60_v50_b45_c120,229.9000,1,23.2900,駅停車中（発車判断）,ブレーキ（減速）中,31.3000,力行（加速）,0.6000,0.0000,70.0000,69.9979,70.0000,66.6603,0.0000,0.0000,1377.0000,110.1000,0.0000,1377.0000,9.2000,-0.4089,2.8513,この先制限速度なし,10m先に上り勾配11.4‰あり,1.0000,0.0000,0.0000,24.9000,1,1377.0000,110.1000,1.0000,25.0000,30.0000,300.0000,0.0000,102.0000,前方 446.0m 先を 48.9km/h で走行中,60.0000,60.0000,173.1000,0.0000,0.0000,未発車,後続列車なし,,,
anti_mid_stop__wait_for_forward__hw60_v50_b45_c120,241.9000,1,23.2900,駅停車中（発車判断）,ブレーキ（減速）中,43.3000,力行（加速）,0.6000,0.0000,70.0000,69.9979,70.0000,67.1068,0.0000,0.0000,1377.0000,98.1000,0.0000,1377.0000,9.2000,-0.4089,2.8513,この先制限速度なし,10m先に上り勾配11.4‰あり,1.0000,0.0000,0.0000,31.9000,1,1377.0000,98.1000,1.0000,37.0000,30.0000,300.0000,7.0000,102.0000,前方 606.0m 先を 45.0km/h で走行中,60.0000,60.0000,161.1000,0.0000,0.0000,未発車,後続列車なし,,,
anti_mid_stop__wait_for_forward__hw60_v50_b45_c120,253.9000,1,23.2900,駅停車中（発車判断）,ブレーキ（減速）中,55.3000,力行（加速）,0.6000,0.0000,70.0000,69.9979,70.0000,67.7343,0.0000,0.0000,1377.0000,86.1000,0.0000,1377.0000,9.2000,-0.4089,2.8513,この先制限速度なし,10m先に上り勾配11.4‰あり,1.0000,0.0000,0.0000,43.9000,1,1377.0000,86.1000,1.0000,49.0000,30.0000,300.0000,19.0000,102.0000,前方 744.6m 先を 38.3km/h で走行中,60.0000,60.0000,149.1000,0.0000,0.0000,未発車,後続列車なし,,,
anti_mid_stop__wait_for_forward__hw60_v50_b45_c120,265.9000,1,23.2900,駅停車中（発車判断）,ブレーキ（減速）中,67.3000,力行（加速）,0.6000,0.0000,70.0000,69.9979,70.0000,68.6229,0.0000,0.0000,1377.0000,74.1000,0.0000,1377.0000,9.2000,-0.4089,2.8513,この先制限速度なし,10m先に上り勾配11.4‰あり,1.0000,0.0000,0.0000,55.9000,1,1377.0000,74.1000,1.0000,61.0000,30.0000,300.0000,31.0000,102.0000,前方 861.3m 先を 31.8km/h で走行中,60.0000,60.0000,137.1000,0.0000,0.0000,未発車,後続列車なし,,,
anti_mid_stop__wait_for_forward__hw60_v50_b45_c120,277.9000,1,23.2900,駅停車中（発車判断）,ブレーキ（減速）中,79.3000,力行（加速）,0.6000,0.0000,70.0000,69.9979,70.0000,69.7052,0.0000,0.0000,1377.0000,62.1000,0.0000,1377.0000,9.2000,-0.4089,2.8513,この先制限速度なし,10m先に上り勾配11.4‰あり,1.0000,0.0000,0.0000,67.9000,1,1377.0000,62.1000,1.0000,73.0000,30.0000,300.0000,43.0000,102.0000,前方 956.6m 先を 25.5km/h で走行中,60.0000,60.0000,125.1000,0.0000,0.0000,未発車,後続列車なし,,,
anti_mid_stop__wait_for_forward__hw60_v50_b45_c120,289.9000,1,23.2900,駅停車中（発車判断）,ブレーキ（減速）中,91.3000,力行（加速）,0.6000,0.0000,70.0000,69.9979,70.0000,70.0000,0.0000,0.0000,1377.0000,50.1000,0.0000,1377.0000,9.2000,-0.4089,2.8513,この先制限速度なし,10m先に上り勾配11.4‰あり,1.0000,0.0000,0.0000,79.9000,1,1377.0000,50.1000,1.0000,85.0000,30.0000,300.0000,55.0000,102.0000,前方 1032.1m 先を 21.1km/h で走行中,60.0000,60.0000,113.1000,0.0000,0.0000,未発車,後続列車なし,,,
anti_mid_stop__wait_for_forward__hw60_v50_b45_c120,301.9000,1,23.2900,駅停車中（発車判断）,ブレーキ（減速）中,103.3000,力行（加速）,0.6000,0.0000,70.0000,69.9979,70.0000,70.0000,0.0000,0.0000,1377.0000,38.1000,0.0000,1377.0000,9.2000,-0.4089,2.8513,この先制限速度なし,10m先に上り勾配11.4‰あり,1.0000,0.0000,0.0000,91.9000,1,1377.0000,38.1000,1.0000,97.0000,30.0000,300.0000,67.0000,102.0000,前方 1101.6m 先を 20.5km/h で走行中,60.0000,60.0000,101.1000,0.0000,0.0000,未発車,後続列車なし,,,
