raw_speed,raw_stat_dist,raw_rem_time,raw_hold_time,raw_pre_act,raw_stat_dist_2,raw_fw_dist,raw_cbtc_signal,norm_speed,norm_stat_dist_wide,norm_stat_dist_zoom,norm_rem_time,norm_hold_time,norm_pre_act_c,norm_pre_act_a,norm_pre_act_d,norm_fw_dist,norm_cbtc_signal,norm_speed_limit,norm_req_stop_dist,norm_margin_stop_dist,phase_accel,phase_cruise,phase_limit,phase_decel,phase_stop,norm_fw_speed,norm_gradient,norm_next_grade_dist,norm_next_grade_val,norm_next_limit_dist,norm_next_limit_val,norm_prev_notch_duration,norm_target_no_stop,mode_normal,mode_delay_recovery,mode_anti_mid_stop,mode_spacing,Q_coast,Q_accel,Q_decel,step_reward,llm_reward
0.0,2.178000000000001,180.0,30,2,2.178000000000001,2.178000000000001,70.0,0.0,1.339,1.0,0.5,1.0,0.0,0.0,1.0,1.339,0.875,0.875,0.0,1.0,1.0,0.0,0.0,0.0,0.0,1.0,-0.0525,0.776,-0.1675,1.0,0.875,0.0,0.69299984,1.0,0.0,0.0,0.0,0.98541236,71.810684,-0.45849395,0.5,1.0
3.1655461647722727,2.177552031426483,179.0,1.0,1,2.177552031426483,2.177552031426483,70.0,0.039569326,1.338776,1.0,0.49722221,0.033333335,0.0,1.0,0.0,1.338776,0.875,0.875,0.00054964557,1.0,1.0,0.0,0.0,0.0,0.0,1.0,-0.0525,0.77510405,-0.1675,1.0,0.875,1.0,0.6952631,1.0,0.0,0.0,0.0,70.612236,71.18103,71.81415,-0.5,0.0
0.6537037579513245,2.17702511955245,178.0,1.0,2,2.17702511955245,2.17702511955245,70.0,0.008171297,1.3385125,1.0,0.49444443,0.033333335,0.0,0.0,1.0,1.3385125,0.875,0.875,2.2733711e-05,1.0,1.0,0.0,0.0,0.0,0.0,1.0,-0.0525,0.77405024,-0.1675,1.0,0.875,0.033333335,0.7017817,1.0,0.0,0.0,0.0,70.10538,73.23266,-1.5302389,0.5,1.0
3.785245691431011,2.176400376650978,177.0,1.0,1,2.176400376650978,2.176400376650978,70.0,0.04731557,1.3382002,1.0,0.49166667,0.033333335,0.0,1.0,0.0,1.3382002,0.875,0.875,0.0007868283,1.0,1.0,0.0,0.0,0.0,0.0,1.0,-0.0525,0.77280074,-0.1675,1.0,0.875,0.033333335,0.7017229,1.0,0.0,0.0,0.0,70.25553,71.89568,71.44827,0.5,1.0
6.7536521809468315,2.1749288378457976,176.0,2.0,1,2.1749288378457976,2.1749288378457976,70.0,0.08442065,1.3374645,1.0,0.4888889,0.06666667,0.0,1.0,0.0,1.3374645,0.875,0.875,0.0025102051,1.0,1.0,0.0,0.0,0.0,0.0,1.0,-0.0525,0.7698577,-0.1675,1.0,0.875,0.033333335,0.70394903,1.0,0.0,0.0,0.0,69.10032,71.49344,70.53309,0.5,1.0
9.56705581960633,2.1726546690695514,175.0,3.0,1,2.1726546690695514,2.1726546690695514,70.0,0.1195882,1.3363273,1.0,0.4861111,0.1,0.0,1.0,0.0,1.3363273,0.875,0.875,0.0050387345,1.0,1.0,0.0,0.0,0.0,0.0,1.0,-0.0525,0.76530933,-0.1675,1.0,0.875,0.033333335,0.70389026,1.0,0.0,0.0,0.0,68.19268,71.12423,69.6412,0.5,1.0
12.233221889700193,2.1696198290164332,174.0,4.0,1,2.1696198290164332,2.1696198290164332,70.0,0.15291527,1.3348099,1.0,0.48333332,0.13333334,0.0,1.0,0.0,1.3348099,0.875,0.875,0.008236507,1.0,1.0,0.0,0.0,0.0,0.0,1.0,-0.0525,0.7592397,-0.1675,1.0,0.875,0.033333335,0.6992502,1.0,0.0,0.0,0.0,67.07951,70.77727,68.54198,0.5,1.0
14.759560912231288,2.1658641694139753,173.0,5.0,1,2.1658641694139753,2.1658641694139753,70.0,0.18449451,1.3329321,1.0,0.48055556,0.16666667,0.0,1.0,0.0,1.3329321,0.875,0.875,0.011984037,1.0,1.0,0.0,0.0,0.0,0.0,1.0,-0.0525,0.75172836,-0.1675,1.0,0.875,0.033333335,0.7037721,1.0,0.0,0.0,0.0,65.86852,70.33435,67.314964,0.5,1.0
17.153141223739063,2.161425531803406,172.0,6.0,1,2.161425531803406,2.161425531803406,70.0,0.21441427,1.3307128,1.0,0.47777778,0.2,0.0,1.0,0.0,1.3307128,0.875,0.875,0.01617655,1.0,1.0,0.0,0.0,0.0,0.0,1.0,-0.0525,0.7428511,-0.1675,1.0,0.875,0.033333335,0.69913083,1.0,0.0,0.0,0.0,64.63121,69.989334,66.1087,0.5,1.0
19.420701514974347,2.156339840830473,171.0,7.0,1,2.156339840830473,2.156339840830473,70.0,0.24275877,1.32817,1.0,0.475,0.23333333,0.0,1.0,0.0,1.32817,0.875,0.875,0.020722473,1.0,1.0,0.0,0.0,0.0,0.0,1.0,-0.0525,0.73267967,-0.1675,1.0,0.875,0.033333335,0.69907093,1.0,0.0,0.0,0.0,63.633213,69.54778,65.09531,0.5,1.0
21.56866327470923,2.1506411940653614,170.0,8.0,1,2.1506411940653614,2.1506411940653614,70.0,0.2696083,1.3253206,1.0,0.4722222,0.26666668,0.0,1.0,0.0,1.3253206,0.875,0.875,0.025541976,1.0,1.0,0.0,0.0,0.0,0.0,1.0,-0.0525,0.72128236,-0.1675,1.0,0.875,0.033333335,0.7013074,1.0,0.0,0.0,0.0,62.792374,68.98323,64.10107,0.5,1.0
23.603143089896804,2.144361948385022,169.0,9.0,1,2.144361948385022,2.144361948385022,70.0,0.2950393,1.322181,1.0,0.46944445,0.3,0.0,1.0,0.0,1.322181,0.875,0.875,0.030565763,1.0,1.0,0.0,0.0,0.0,0.0,1.0,-0.0525,0.7087239,-0.1675,1.0,0.875,0.033333335,0.7012475,1.0,0.0,0.0,0.0,62.257233,68.38,63.402122,0.5,1.0
25.52996476057491,2.1375328029639533,168.0,10.0,1,2.1375328029639533,2.1375328029639533,70.0,0.31912455,1.3187664,1.0,0.46666667,0.33333334,0.0,1.0,0.0,1.3187664,0.875,0.875,0.035733838,1.0,1.0,0.0,0.0,0.0,0.0,1.0,-0.0525,0.6950656,-0.1675,1.0,0.875,0.033333335,0.7011875,1.0,0.0,0.0,0.0,61.844078,67.768715,62.807495,0.5,1.0
27.354671194384146,2.1301828789299257,167.0,11.0,1,2.1301828789299257,2.1301828789299257,70.0,0.3419334,1.3150915,1.0,0.46388888,0.36666667,0.0,1.0,0.0,1.3150915,0.875,0.875,0.04099452,1.0,1.0,0.0,0.0,0.0,0.0,1.0,-0.0525,0.68036574,-0.1675,1.0,0.875,0.033333335,0.70112735,1.0,0.0,0.0,0.0,61.720215,67.363815,62.462955,0.5,1.0
29.082536051392907,2.122339795750051,166.0,12.0,1,2.122339795750051,2.122339795750051,70.0,0.3635317,1.3111699,1.0,0.4611111,0.4,0.0,1.0,0.0,1.3111699,0.875,0.875,0.046303447,1.0,1.0,0.0,0.0,0.0,0.0,1.0,-0.0525,0.6646796,-0.1675,1.0,0.875,0.033333335,0.7033547,1.0,0.0,0.0,0.0,61.53453,66.80376,61.90575,0.5,1.0
30.718575115138233,2.1140297444200478,165.0,13.0,1,2.1140297444200478,2.1140297444200478,70.0,0.38398218,1.3070148,1.0,0.45833334,0.43333334,0.0,1.0,0.0,1.3070148,0.875,0.875,0.05162276,1.0,1.0,0.0,0.0,0.0,0.0,1.0,-0.0525,0.6480595,-0.1675,1.0,0.875,0.033333335,0.70329463,1.0,0.0,0.0,0.0,61.386444,66.299644,61.46046,0.5,1.0
32.250756666713556,2.1052782828134724,164.0,14.0,1,2.1052782828134724,2.1052782828134724,70.0,0.40313447,1.3026391,1.0,0.45555556,0.46666667,0.0,1.0,0.0,1.3026391,0.875,0.875,0.055623602,1.0,1.0,0.0,0.0,0.0,0.0,1.0,-0.0525,0.6305566,-0.1675,1.0,0.875,0.033333335,0.7054118,1.0,0.0,0.0,0.0,61.270344,65.85839,61.106964,0.5,1.0
33.66316615386846,2.09611981892213,163.0,15.0,1,2.09611981892213,2.09611981892213,70.0,0.42078957,1.2980599,1.0,0.45277777,0.5,0.0,1.0,0.0,1.2980599,0.875,0.875,0.06056338,1.0,1.0,0.0,0.0,0.0,0.0,1.0,-0.0525,0.61223966,-0.1675,1.0,0.875,0.033333335,0.7050032,1.0,0.0,0.0,0.0,61.151287,65.450615,60.772938,0.5,1.0
35.000246072635285,2.086579679770267,162.0,16.0,1,2.086579679770267,2.086579679770267,70.0,0.43750307,1.2932898,1.0,0.45,0.53333336,0.0,1.0,0.0,1.2932898,0.875,0.875,0.06542906,1.0,1.0,0.0,0.0,0.0,0.0,1.0,-0.0525,0.5931594,-0.1675,1.0,0.875,0.033333335,0.70229375,1.0,0.0,0.0,0.0,61.071712,65.07002,60.478085,0.5,1.0
36.265939922274555,2.0766782323458735,161.0,17.0,1,2.0766782323458735,2.0766782323458735,70.0,0.45332426,1.2883391,1.0,0.44722223,0.56666666,0.0,1.0,0.0,1.2883391,0.875,0.875,0.07020412,1.0,1.0,0.0,0.0,0.0,0.0,1.0,-0.0525,0.57335645,-0.1675,1.0,0.875,0.033333335,0.7064049,1.0,0.0,0.0,0.0,60.91683,64.593605,60.133392,0.5,1.0
37.47242724909278,2.0664345886257074,160.0,18.0,1,2.0664345886257074,2.0664345886257074,70.0,0.46840534,1.2832173,1.0,0.44444445,0.6,0.0,1.0,0.0,1.2832173,0.875,0.875,0.076571025,1.0,1.0,0.0,0.0,0.0,0.0,1.0,-0.0525,0.5528692,-0.1675,1.0,0.875,0.033333335,0.6968377,1.0,0.0,0.0,0.0,60.961258,64.29281,59.989403,0.5,1.0
38.65526579978225,2.0558575185247427,159.0,19.0,1,2.0558575185247427,2.0558575185247427,70.0,0.48319083,1.2779287,1.0,0.44166666,0.6333333,0.0,1.0,0.0,1.2779287,0.875,0.875,0.0805387,1.0,0.0,1.0,0.0,0.0,0.0,1.0,-0.0525,0.53171504,-0.1675,1.0,0.875,0.033333335,0.70362127,1.0,0.0,0.0,0.0,57.630795,62.610195,58.390976,0.5,1.0
39.7529205861675,2.0449645695204772,158.0,20.0,1,2.0449645695204772,2.0449645695204772,70.0,0.4969115,1.2724823,1.0,0.43888888,0.6666667,0.0,1.0,0.0,1.2724823,0.875,0.875,0.0851292,1.0,0.0,1.0,0.0,0.0,0.0,1.0,-0.0525,0.5099291,-0.1675,1.0,0.875,0.033333335,0.705611,1.0,0.0,0.0,0.0,57.18275,62.19932,57.85289,0.5,1.0
40.79175581863586,2.0337750413070097,157.0,21.0,1,2.0337750413070097,2.0337750413070097,70.0,0.50989693,1.2668875,1.0,0.43611112,0.7,0.0,1.0,0.0,1.2668875,0.875,0.875,0.0895875,1.0,0.0,1.0,0.0,0.0,0.0,1.0,-0.0525,0.48755008,-0.1675,1.0,0.875,0.033333335,0.7053112,1.0,0.0,0.0,0.0,56.762024,61.78217,57.342865,0.5,1.0
41.774878695887516,2.0223048329968734,156.0,22.0,1,2.0223048329968734,2.0223048329968734,70.0,0.522186,1.2611524,1.0,0.43333334,0.73333335,0.0,1.0,0.0,1.2611524,0.875,0.875,0.09390834,1.0,0.0,1.0,0.0,0.0,0.0,1.0,-0.0525,0.46460965,-0.1675,1.0,0.875,0.033333335,0.70271707,1.0,0.0,0.0,0.0,56.53019,61.42888,56.918037,0.5,1.0
42.7157355394196,2.010568238873855,155.0,23.0,1,2.010568238873855,2.010568238873855,70.0,0.5339467,1.2552841,1.0,0.43055555,0.76666665,0.0,1.0,0.0,1.2552841,0.875,0.875,0.098135725,1.0,0.0,1.0,0.0,0.0,0.0,1.0,-0.0525,0.44113648,-0.1675,1.0,0.875,0.033333335,0.69782895,1.0,0.0,0.0,0.0,56.335583,61.07772,56.507114,0.5,1.0
43.6596201017686,1.998570806223892,154.0,24.0,1,1.998570806223892,1.998570806223892,70.0,0.54574525,1.2492855,1.0,0.42777777,0.8,0.0,1.0,0.0,1.2492855,0.875,0.875,0.10360032,1.0,0.0,1.0,0.0,0.0,0.0,1.0,-0.0525,0.41714162,-0.1675,1.0,0.875,0.033333335,0.70460534,1.0,0.0,0.0,0.0,55.982418,60.574703,55.964783,0.5,1.0
44.59611518663503,1.9863113996326085,153.0,25.0,1,1.9863113996326085,1.9863113996326085,70.0,0.5574514,1.2431557,1.0,0.425,0.8333333,0.0,1.0,0.0,1.2431557,0.875,0.875,0.108035065,1.0,0.0,1.0,0.0,0.0,0.0,1.0,-0.0525,0.3926228,-0.1675,1.0,0.875,0.033333335,0.7045869,1.0,0.0,0.0,0.0,55.802883,60.150578,55.555275,0.5,1.0
45.51695854367632,1.9737940563397025,152.0,26.0,1,1.9737940563397025,1.9737940563397025,70.0,0.568962,1.236897,1.0,0.42222223,0.8666667,0.0,1.0,0.0,1.236897,0.875,0.875,0.11248311,1.0,0.0,1.0,0.0,0.0,0.0,1.0,-0.0525,0.3675881,-0.1675,1.0,0.875,0.033333335,0.70456845,1.0,0.0,0.0,0.0,55.704445,59.72701,55.216846,0.5,1.0
46.422375276095735,1.9610230924259398,151.0,27.0,1,1.9610230924259398,1.9610230924259398,70.0,0.5802797,1.2305115,1.0,0.41944444,0.9,0.0,1.0,0.0,1.2305115,0.875,0.875,0.116940916,1.0,0.0,1.0,0.0,0.0,0.0,1.0,-0.0525,0.34204617,-0.1675,1.0,0.875,0.033333335,0.7045499,1.0,0.0,0.0,0.0,55.618473,59.304077,54.883865,0.5,1.0
47.31258854975868,1.9480027617143811,150.0,28.0,1,1.9480027617143811,1.9480027617143811,70.0,0.59140736,1.2240014,1.0,0.41666666,0.93333334,0.0,1.0,0.0,1.2240014,0.875,0.875,0.12140513,1.0,0.0,1.0,0.0,0.0,0.0,1.0,-0.0525,0.31600553,-0.1675,1.0,0.875,0.033333335,0.7045314,1.0,0.0,0.0,0.0,55.539528,58.880386,54.552963,0.5,1.0
48.187819560084726,1.9347372563132552,149.0,29.0,1,1.9347372563132552,1.9347372563132552,70.0,0.60234773,1.2173686,1.0,0.4138889,0.96666664,0.0,1.0,0.0,1.2173686,0.875,0.875,0.12587257,1.0,0.0,1.0,0.0,0.0,0.0,1.0,-0.0525,0.28947452,-0.1675,1.0,0.875,0.033333335,0.6999377,1.0,0.0,0.0,0.0,55.533623,58.513176,54.302742,0.5,1.0
49.04828750134446,1.9212307071676271,148.0,30.0,1,1.9212307071676271,1.9212307071676271,70.0,0.61310357,1.2106154,1.0,0.41111112,1.0,0.0,1.0,0.0,1.2106154,0.875,0.875,0.13034016,1.0,0.0,1.0,0.0,0.0,0.0,1.0,-0.0525,0.26246142,-0.1675,1.0,0.875,0.033333335,0.7044942,1.0,0.0,0.0,0.0,55.355133,58.022915,53.906155,0.5,1.0
49.89420953828802,1.9074871846193133,147.0,31.0,1,1.9074871846193133,1.9074871846193133,70.0,0.6236776,1.2037436,1.0,0.40833333,1.0,0.0,1.0,0.0,1.2037436,0.875,0.875,0.13480502,1.0,0.0,1.0,0.0,0.0,0.0,1.0,-0.0525,0.23497437,-0.1675,1.0,0.875,0.033333335,0.7067483,1.0,0.0,0.0,0.0,55.22922,57.59011,53.597816,0.5,1.0
50.725800780031065,1.8935106989744064,146.0,32.0,1,1.8935106989744064,1.8935106989744064,70.0,0.6340725,1.1967553,1.0,0.40555555,1.0,0.0,1.0,0.0,1.1967553,0.875,0.875,0.13926442,1.0,0.0,1.0,0.0,0.0,0.0,1.0,-0.0525,0.2070214,-0.1675,1.0,0.875,0.033333335,0.6998812,1.0,0.0,0.0,0.0,55.22602,57.24807,53.426388,0.5,1.0
51.54327425612715,1.8793052010776883,145.0,33.0,1,1.8793052010776883,1.8793052010776883,70.0,0.6442909,1.1896526,1.0,0.4027778,1.0,0.0,1.0,0.0,1.1896526,0.875,0.875,0.14371572,1.0,0.0,1.0,0.0,0.0,0.0,1.0,-0.0525,0.1786104,-0.1675,1.0,0.875,0.033333335,0.6998623,1.0,0.0,0.0,0.0,55.11677,56.84397,53.148933,0.5,1.0
52.34684089475442,1.8648745828932611,144.0,34.0,1,1.8648745828932611,1.8648745828932611,70.0,0.6543355,1.1824373,1.0,0.4,1.0,0.0,1.0,0.0,1.1824373,0.875,0.875,0.14815646,1.0,0.0,1.0,0.0,0.0,0.0,1.0,-0.0525,0.14974916,-0.1675,1.0,0.875,0.033333335,0.7066923,1.0,0.0,0.0,0.0,54.902294,56.370308,52.77429,0.4,0.9
53.13670950294689,1.8502226780912814,143.0,35.0,1,1.8502226780912814,1.8502226780912814,70.0,0.6642089,1.1751113,1.0,0.39722222,1.0,0.0,1.0,0.0,1.1751113,0.875,0.875,0.15258431,1.0,0.0,1.0,0.0,0.0,0.0,1.0,-0.0525,0.120445356,-0.1675,1.0,0.875,0.033333335,0.70667356,1.0,0.0,0.0,0.0,54.787685,55.969147,52.486397,0.4,0.9
53.913086748800936,1.8353532626395328,142.0,36.0,1,1.8353532626395328,1.8353532626395328,70.0,0.6739136,1.1676767,1.0,0.39444444,1.0,0.0,1.0,0.0,1.1676767,0.875,0.875,0.15699705,1.0,0.0,1.0,0.0,0.0,0.0,1.0,-0.0525,0.09070653,-0.1675,1.0,0.875,0.033333335,0.7066547,1.0,0.0,0.0,0.0,54.693542,55.61313,52.238163,0.4,0.9
54.67617714558933,1.820270055399952,141.0,37.0,1,1.820270055399952,1.820270055399952,70.0,0.6834522,1.160135,1.0,0.39166668,1.0,0.0,1.0,0.0,1.160135,0.875,0.875,0.1613926,1.0,0.0,1.0,0.0,0.0,0.0,1.0,-0.0525,0.06054011,-0.1675,1.0,0.875,0.033333335,0.69978625,1.0,0.0,0.0,0.0,54.667156,55.353596,52.064793,0.4,0.9
55.426183037715965,1.804976718729197,140.0,38.0,1,1.804976718729197,1.804976718729197,70.0,0.6928273,1.1524884,1.0,0.3888889,1.0,0.0,1.0,0.0,1.1524884,0.875,0.875,0.16576894,1.0,0.0,1.0,0.0,0.0,0.0,1.0,-0.0525,0.029953437,-0.1675,1.0,0.875,0.033333335,0.70661706,1.0,0.0,0.0,0.0,54.423103,54.94323,51.70533,0.30000000000000004,0.8
56.168172383558755,1.789476832037927,139.0,39.0,1,1.789476832037927,1.789476832037927,70.0,0.7021022,1.1447384,1.0,0.3861111,1.0,0.0,1.0,0.0,1.1447384,0.875,0.875,0.18161027,1.0,0.0,1.0,0.0,0.0,0.0,1.0,-0.1675,0.29895365,0.0,1.0,0.875,0.033333335,0.7021022,1.0,0.0,0.0,0.0,54.50422,53.815693,51.300087,0.09999999999999998,0.6
56.206770735630656,1.7738691445382742,138.0,1.0,0,1.7738691445382742,1.7738691445382742,70.0,0.7025846,1.1369345,1.0,0.38333333,0.033333335,1.0,0.0,0.0,1.1369345,0.875,0.875,0.18185495,1.0,0.0,1.0,0.0,0.0,0.0,1.0,-0.1675,0.26773828,0.0,1.0,0.875,1.0,0.7025846,0.0,1.0,0.0,0.0,53.972115,50.394466,50.599915,0.19999999999999996,0.7
56.245243877293575,1.7582507528462976,137.0,2.0,0,1.7582507528462976,1.7582507528462976,70.0,0.7030656,1.1291254,1.0,0.38055557,0.06666667,1.0,0.0,0.0,1.1291254,0.875,0.875,0.18209901,1.0,0.0,1.0,0.0,0.0,0.0,1.0,-0.1675,0.2365015,0.0,1.0,0.875,1.0,0.7030656,0.0,1.0,0.0,0.0,53.766605,50.65949,50.030838,0.19999999999999996,0.7
56.283592150174584,1.7426216916947475,136.0,3.0,0,1.7426216916947475,1.7426216916947475,70.0,0.7035449,1.1213108,1.0,0.37777779,0.1,1.0,0.0,0.0,1.1213108,0.875,0.875,0.18234242,1.0,0.0,1.0,0.0,0.0,0.0,1.0,-0.1675,0.20524338,0.0,1.0,0.875,1.0,0.7035449,0.0,1.0,0.0,0.0,53.66528,50.75579,49.625988,0.19999999999999996,0.7
56.32181589542024,1.7269819957215269,135.0,4.0,0,1.7269819957215269,1.7269819957215269,70.0,0.7040227,1.1134909,1.0,0.375,0.13333334,1.0,0.0,0.0,1.1134909,0.875,0.875,0.18258521,1.0,0.0,1.0,0.0,0.0,0.0,1.0,-0.1675,0.173964,0.0,1.0,0.875,1.0,0.7040227,0.0,1.0,0.0,0.0,53.536137,50.6529,49.29415,0.19999999999999996,0.7
56.35991545369428,1.7113316994698415,134.0,5.0,0,1.7113316994698415,1.7113316994698415,70.0,0.70449895,1.1056658,1.0,0.37222221,0.16666667,1.0,0.0,0.0,1.1056658,0.875,0.875,0.18282734,1.0,0.0,1.0,0.0,0.0,0.0,1.0,-0.1675,0.1426634,0.0,1.0,0.875,1.0,0.70449895,0.0,1.0,0.0,0.0,53.420994,50.546017,49.038776,0.19999999999999996,0.7
56.397891165174485,1.6956708373883522,133.0,6.0,0,1.6956708373883522,1.6956708373883522,70.0,0.70497364,1.0978354,1.0,0.36944443,0.2,1.0,0.0,0.0,1.0978354,0.875,0.875,0.18306884,1.0,0.0,1.0,0.0,0.0,0.0,1.0,-0.1675,0.11134168,0.0,1.0,0.875,1.0,0.70497364,0.0,1.0,0.0,0.0,53.290085,50.37704,48.83465,0.19999999999999996,0.7
56.43574336955022,1.6799994438312673,132.0,7.0,0,1.6799994438312673,1.6799994438312673,70.0,0.7054468,1.0899997,1.0,0.36666667,0.23333333,1.0,0.0,0.0,1.0899997,0.875,0.875,0.18330972,0.99779314,0.0,1.0,0.0,0.0,0.0,1.0,-0.1675,0.07999889,0.0,1.0,0.875,1.0,0.7054468,0.0,1.0,0.0,0.0,53.163017,50.198418,48.656715,0.19999999999999996,0.7
56.47347240601959,1.6643175530585346,131.0,8.0,0,1.6643175530585346,1.6643175530585346,70.0,0.70591843,1.0821588,1.0,0.3638889,0.26666668,1.0,0.0,0.0,1.0821588,0.875,0.875,0.18354996,0.9871784,0.0,1.0,0.0,0.0,0.0,1.0,-0.1675,0.048635107,0.0,1.0,0.875,1.0,0.70591843,0.0,1.0,0.0,0.0,53.038654,49.99154,48.488277,0.19999999999999996,0.7
56.511078613287005,1.6486251992359477,130.0,9.0,0,1.6486251992359477,1.6486251992359477,70.0,0.7063885,1.0743126,1.0,0.3611111,0.3,1.0,0.0,0.0,1.0743126,0.875,0.875,0.18378955,0.9765571,0.0,1.0,0.0,0.0,0.0,1.0,-0.1675,0.017250398,0.0,1.0,0.875,1.0,0.7063885,0.0,1.0,0.0,0.0,52.87219,49.78517,48.286713,0.30000000000000004,0.8
56.44226943186311,1.6329292089948169,129.0,10.0,0,1.6329292089948169,1.6329292089948169,70.0,0.7055284,1.0664647,1.0,0.35833332,0.33333334,1.0,0.0,0.0,1.0664647,0.875,0.875,0.16697824,0.97730064,0.0,1.0,0.0,0.0,0.0,1.0,0.0,1.0,0.0,1.0,0.875,1.0,0.7351659,1.0,0.0,0.0,0.0,52.24097,51.531425,49.2974,0.30000000000000004,0.8
56.24398191598634,1.6172786310913416,128.0,11.0,0,1.6172786310913416,1.6172786310913416,70.0,0.7030498,1.0586393,1.0,0.35555556,0.36666667,1.0,0.0,0.0,1.0586393,0.875,0.875,0.1658284,0.9676335,0.0,1.0,0.0,0.0,0.0,1.0,0.0,1.0,0.0,1.0,0.875,1.0,0.73284435,1.0,0.0,0.0,0.0,51.783726,51.185345,48.816956,0.30000000000000004,0.8
56.04633796430756,1.601683042687501,127.0,12.0,0,1.601683042687501,1.601683042687501,70.0,0.7005792,1.0508416,1.0,0.35277778,0.4,1.0,0.0,0.0,1.0508416,0.875,0.875,0.16468605,0.957998,0.0,1.0,0.0,0.0,0.0,1.0,0.0,1.0,0.0,1.0,0.875,1.0,0.72664917,1.0,0.0,0.0,0.0,51.380898,50.745087,48.36413,0.30000000000000004,0.8
55.84933378461548,1.586142265548098,126.0,13.0,0,1.586142265548098,1.586142265548098,70.0,0.69811666,1.0430712,1.0,0.35,0.43333334,1.0,0.0,0.0,1.0430712,0.875,0.875,0.16355114,0.94839406,0.0,1.0,0.0,0.0,0.0,1.0,0.0,1.0,0.0,1.0,0.875,1.0,0.7243222,1.0,0.0,0.0,0.0,50.87742,50.21445,47.78165,0.30000000000000004,0.8
55.65296561351682,1.5706561224873212,125.0,14.0,0,1.5706561224873212,1.5706561224873212,70.0,0.6956621,1.035328,1.0,0.3472222,0.46666667,1.0,0.0,0.0,1.035328,0.875,0.875,0.1624236,0.9388217,0.0,1.0,0.0,0.0,0.0,1.0,0.0,1.0,0.0,1.0,0.875,1.0,0.72200274,1.0,0.0,0.0,0.0,50.364952,49.669064,47.15355,0.30000000000000004,0.8
55.45722971616039,1.5552244373606463,124.0,15.0,0,1.5552244373606463,1.5552244373606463,70.0,0.69321537,1.0276122,1.0,0.34444445,0.5,1.0,0.0,0.0,1.0276122,0.875,0.875,0.16130337,0.9292807,0.0,1.0,0.0,0.0,0.0,1.0,0.0,1.0,0.0,1.0,0.875,1.0,0.7216658,1.0,0.0,0.0,0.0,49.76493,49.0801,46.3851,0.30000000000000004,0.8
55.26212238596401,1.5398470350571252,123.0,16.0,0,1.5398470350571252,1.5398470350571252,70.0,0.6907765,1.0199236,1.0,0.34166667,0.53333336,1.0,0.0,0.0,1.0199236,0.875,0.875,0.16019043,0.9197711,0.0,1.0,0.0,0.0,0.0,1.0,0.0,1.0,0.0,1.0,0.875,1.0,0.7193711,1.0,0.0,0.0,0.0,49.221123,48.545254,45.681046,0.30000000000000004,0.8
55.06763994434499,1.5245237414914072,122.0,17.0,0,1.5245237414914072,1.5245237414914072,70.0,0.6883455,1.0122619,1.0,0.33888888,0.56666666,1.0,0.0,0.0,1.0122619,0.875,0.875,0.1590847,0.9102927,0.0,1.0,0.0,0.0,0.0,1.0,0.0,1.0,0.0,1.0,0.875,1.0,0.7170837,1.0,0.0,0.0,0.0,48.65568,48.001705,44.974545,0.30000000000000004,0.8
54.87377874045329,1.5092543835961045,121.0,18.0,0,1.5092543835961045,1.5092543835961045,70.0,0.6859222,1.0046272,1.0,0.3361111,0.6,1.0,0.0,0.0,1.0046272,0.875,0.875,0.15798612,0.9008455,0.0,1.0,0.0,0.0,0.0,1.0,0.0,1.0,0.0,1.0,0.875,1.0,0.7148036,1.0,0.0,0.0,0.0,48.05885,47.502975,44.34704,0.19999999999999996,0.7
54.68053515090789,1.4940387893141036,120.0,19.0,0,1.4940387893141036,1.4940387893141036,70.0,0.68350667,0.9970194,1.0,0.33333334,0.6333333,1.0,0.0,0.0,0.9970194,0.875,0.875,0.15689464,0.8914294,0.0,1.0,0.0,0.0,0.0,1.0,0.0,1.0,0.0,1.0,0.875,1.0,0.7145369,1.0,0.0,0.0,0.0,47.40006,46.99709,43.71187,0.30000000000000004,0.8
54.48790557953637,1.4788767875909201,119.0,20.0,0,1.4788767875909201,1.4788767875909201,70.0,0.6810988,0.9894384,1.0,0.33055556,0.6666667,1.0,0.0,0.0,0.9894384,0.875,0.875,0.1558102,0.8820444,0.0,1.0,0.0,0.0,0.0,1.0,0.0,0.9777536,0.3125,1.0,0.875,1.0,0.7142883,1.0,0.0,0.0,0.0,47.24352,46.026356,42.426636,0.30000000000000004,0.8
54.29588645711692,1.4637682083673056,118.0,21.0,0,1.4637682083673056,1.4637682083673056,70.0,0.6786986,0.9818841,1.0,0.32777777,0.7,1.0,0.0,0.0,0.9818841,0.875,0.875,0.1547328,0.87269026,0.0,1.0,0.0,0.0,0.0,1.0,0.0,0.9475364,0.3125,1.0,0.875,1.0,0.71204925,1.0,0.0,0.0,0.0,47.11198,45.73266,42.130566,0.30000000000000004,0.8
54.104474241123754,1.4487128825716233,117.0,22.0,0,1.4487128825716233,1.4487128825716233,70.0,0.67630595,0.9743564,1.0,0.325,0.73333335,1.0,0.0,0.0,0.9743564,0.875,0.875,0.15366234,0.863367,0.0,1.0,0.0,0.0,0.0,1.0,0.0,0.91742575,0.3125,1.0,0.875,1.0,0.7098171,1.0,0.0,0.0,0.0,46.966763,45.430424,41.829945,0.30000000000000004,0.8
53.91366541547515,1.4337106421126045,116.0,23.0,0,1.4337106421126045,1.4337106421126045,70.0,0.6739208,0.96685535,1.0,0.32222223,0.76666665,1.0,0.0,0.0,0.96685535,0.875,0.875,0.15259877,0.8540746,0.0,1.0,0.0,0.0,0.0,1.0,0.0,0.8874213,0.3125,1.0,0.875,1.0,0.7035099,1.0,0.0,0.0,0.0,46.939987,45.2372,41.647945,0.30000000000000004,0.8
53.7234564902845,1.4187613198719866,115.0,24.0,0,1.4187613198719866,1.4187613198719866,70.0,0.6715432,0.9593807,1.0,0.31944445,0.8,1.0,0.0,0.0,0.9593807,0.875,0.875,0.15154205,0.84481287,0.0,1.0,0.0,0.0,0.0,1.0,0.0,0.85752267,0.3125,1.0,0.875,1.0,0.70127237,1.0,0.0,0.0,0.0,46.63684,44.787155,41.196587,0.30000000000000004,0.8
53.5338440016138,1.4038647496972416,114.0,25.0,0,1.4038647496972416,1.4038647496972416,70.0,0.66917306,0.9519324,1.0,0.31666666,0.8333333,1.0,0.0,0.0,0.9519324,0.875,0.875,0.15049213,0.8355817,0.0,1.0,0.0,0.0,0.0,1.0,0.0,0.8277295,0.3125,1.0,0.875,1.0,0.6990417,1.0,0.0,0.0,0.0,46.216663,44.285484,40.662292,0.30000000000000004,0.8
53.34482451123048,1.3890207663944771,113.0,26.0,0,1.3890207663944771,1.3890207663944771,70.0,0.66681033,0.9445104,1.0,0.31388888,0.8666667,1.0,0.0,0.0,0.9445104,0.875,0.875,0.14944896,0.8263812,0.0,1.0,0.0,0.0,0.0,1.0,0.0,0.7980415,0.3125,1.0,0.875,1.0,0.69889253,1.0,0.0,0.0,0.0,45.766403,43.843914,40.150646,0.30000000000000004,0.8
53.15639460636644,1.3742292057212673,112.0,27.0,0,1.3742292057212673,1.3742292057212673,70.0,0.66445494,0.9371146,1.0,0.31111112,0.9,1.0,0.0,0.0,0.9371146,0.875,0.875,0.14841248,0.81721115,0.0,1.0,0.0,0.0,0.0,1.0,0.0,0.7684584,0.3125,1.0,0.875,1.0,0.6987604,1.0,0.0,0.0,0.0,45.317265,43.412647,39.646076,0.30000000000000004,0.8
52.96855089948001,1.3594899043796183,111.0,28.0,0,1.3594899043796183,1.3594899043796183,70.0,0.6621069,0.92974496,1.0,0.30833334,0.93333334,1.0,0.0,0.0,0.92974496,0.875,0.875,0.14738266,0.8080715,0.0,1.0,0.0,0.0,0.0,1.0,0.0,0.7389798,0.3125,1.0,0.875,1.0,0.69864506,1.0,0.0,0.0,0.0,44.955185,43.03335,39.19041,0.30000000000000004,0.8
52.78129002802062,1.3448027000090441,110.0,29.0,0,1.3448027000090441,1.3448027000090441,70.0,0.65976614,0.92240137,1.0,0.30555555,0.96666664,1.0,0.0,0.0,0.92240137,0.875,0.875,0.14635944,0.7989622,0.0,1.0,0.0,0.0,0.0,1.0,0.0,0.7096054,0.3125,1.0,0.875,1.0,0.6964704,1.0,0.0,0.0,0.0,44.700886,42.752193,38.82715,0.30000000000000004,0.8
52.59460865419599,1.3301674311795928,109.0,30.0,0,1.3301674311795928,1.3301674311795928,70.0,0.6574326,0.9150837,1.0,0.30277777,1.0,1.0,0.0,0.0,0.9150837,0.875,0.875,0.14534278,0.7898831,0.0,1.0,0.0,0.0,0.0,1.0,0.0,0.68033487,0.3125,1.0,0.875,1.0,0.6943023,1.0,0.0,0.0,0.0,44.46691,42.474808,38.483982,0.4,0.9
52.40850346474175,1.3155839373850355,108.0,31.0,0,1.3155839373850355,1.3155839373850355,70.0,0.6551063,0.907792,1.0,0.3,1.0,1.0,0.0,0.0,0.907792,0.875,0.875,0.14433263,0.7808342,0.0,1.0,0.0,0.0,0.0,1.0,0.0,0.65116787,0.3125,1.0,0.875,1.0,0.68580174,1.0,0.0,0.0,0.0,44.424038,42.304123,38.30159,0.4,0.9
52.22297117069417,1.3010520590361168,107.0,32.0,0,1.3010520590361168,1.3010520590361168,70.0,0.65278715,0.90052605,1.0,0.29722223,1.0,1.0,0.0,0.0,0.90052605,0.875,0.875,0.14332893,0.7718154,0.0,1.0,0.0,0.0,0.0,1.0,0.0,0.6221041,0.3125,1.0,0.875,1.0,0.68575037,1.0,0.0,0.0,0.0,44.10994,41.932396,37.916187,0.4,0.9
52.03800850716468,1.2865716374537612,106.0,33.0,0,1.2865716374537612,1.2865716374537612,70.0,0.6504751,0.8932858,1.0,0.29444444,1.0,1.0,0.0,0.0,0.8932858,0.875,0.875,0.14233166,0.7628267,0.0,1.0,0.0,0.0,0.0,1.0,0.0,0.5931433,0.3125,1.0,0.875,1.0,0.68571514,1.0,0.0,0.0,0.0,43.74763,41.54145,37.517647,0.4,0.9
51.85361223311748,1.2721425148624306,105.0,34.0,0,1.2721425148624306,1.2721425148624306,70.0,0.6481702,0.88607126,1.0,0.29166666,1.0,1.0,0.0,0.0,0.88607126,0.875,0.875,0.14134075,0.75386786,0.0,1.0,0.0,0.0,0.0,1.0,0.0,0.56428504,0.3125,1.0,0.875,1.0,0.68569595,1.0,0.0,0.0,0.0,43.285557,41.091785,37.054726,0.4,0.9
51.66977913114923,1.2577645343836252,104.0,35.0,0,1.2577645343836252,1.2577645343836252,70.0,0.64587224,0.8788823,1.0,0.2888889,1.0,1.0,0.0,0.0,0.8788823,0.875,0.875,0.14035615,0.7449389,0.0,1.0,0.0,0.0,0.0,1.0,0.0,0.5355291,0.3125,1.0,0.875,1.0,0.6835606,1.0,0.0,0.0,0.0,42.85725,40.665028,36.619083,0.4,0.9
51.48650600727145,1.2434375400291842,103.0,36.0,0,1.2434375400291842,1.2434375400291842,70.0,0.64358133,0.87171876,1.0,0.28611112,1.0,1.0,0.0,0.0,0.87171876,0.875,0.875,0.13937785,0.7360398,0.0,1.0,0.0,0.0,0.0,1.0,0.0,0.5068751,0.3125,1.0,0.875,1.0,0.6814317,1.0,0.0,0.0,0.0,42.43129,40.240322,36.17536,0.4,0.9
51.30378969069502,1.2291613766950107,102.0,37.0,0,1.2291613766950107,1.2291613766950107,70.0,0.6412974,0.8645807,1.0,0.28333333,1.0,1.0,0.0,0.0,0.8645807,0.875,0.875,0.13840577,0.7271704,0.0,1.0,0.0,0.0,0.0,1.0,0.0,0.47832274,0.3125,1.0,0.875,1.0,0.67280227,1.0,0.0,0.0,0.0,42.10324,39.906357,35.825348,0.4,0.9
51.12162703361724,1.2149358901545178,101.0,38.0,0,1.2149358901545178,1.2149358901545178,70.0,0.6390203,0.85746795,1.0,0.28055555,1.0,1.0,0.0,0.0,0.85746795,0.875,0.875,0.13743986,0.7183307,0.0,1.0,0.0,0.0,0.0,1.0,0.0,0.44987178,0.3125,1.0,0.875,1.0,0.67502433,1.0,0.0,0.0,0.0,41.57353,39.430614,35.283894,0.4,0.9
50.940014911011254,1.200760927052304,100.0,39.0,0,1.200760927052304,1.200760927052304,70.0,0.63675016,0.8503805,1.0,0.2777778,1.0,1.0,0.0,0.0,0.8503805,0.875,0.875,0.13648011,0.7095205,0.0,1.0,0.0,0.0,0.0,1.0,0.0,0.42152184,0.3125,1.0,0.875,1.0,0.6772518,1.0,0.0,0.0,0.0,41.037666,38.96893,34.73886,0.4,0.9
50.75895022041767,1.1866363348978375,99.0,40.0,0,1.1866363348978375,1.1866363348978375,70.0,0.63448685,0.84331816,1.0,0.275,1.0,1.0,0.0,0.0,0.84331816,0.875,0.875,0.13552646,0.7007399,0.0,1.0,0.0,0.0,0.0,1.0,0.0,0.39327267,0.3125,1.0,0.875,1.0,0.6751574,1.0,0.0,0.0,0.0,40.572918,38.579266,34.2678,0.4,0.9
50.57842988173855,1.172561962059234,98.0,41.0,0,1.172561962059234,1.172561962059234,70.0,0.6322304,0.836281,1.0,0.27222222,1.0,1.0,0.0,0.0,0.836281,0.875,0.875,0.13457887,0.6919887,0.0,1.0,0.0,0.0,0.0,1.0,0.0,0.36512393,0.3125,1.0,0.875,1.0,0.6708825,1.0,0.0,0.0,0.0,40.209885,38.279297,33.87779,0.4,0.9
50.398450837033366,1.158537657757094,97.0,42.0,0,1.158537657757094,1.158537657757094,70.0,0.6299806,0.8292688,1.0,0.26944444,1.0,1.0,0.0,0.0,0.8292688,0.875,0.875,0.13363728,0.68326694,0.0,1.0,0.0,0.0,0.0,1.0,0.0,0.33707532,0.3125,1.0,0.875,1.0,0.6643716,1.0,0.0,0.0,0.0,39.883823,38.00417,33.540123,0.4,0.9
50.21901005031765,1.1445632720583951,96.0,43.0,0,1.1445632720583951,1.1445632720583951,70.0,0.62773764,0.82228166,1.0,0.26666668,1.0,1.0,0.0,0.0,0.82228166,0.875,0.875,0.13270167,0.6745744,0.0,1.0,0.0,0.0,0.0,1.0,0.0,0.30912656,0.3125,1.0,0.875,1.0,0.67110646,1.0,0.0,0.0,0.0,39.27876,37.497337,32.942474,0.4,0.9
50.04010450736354,1.130638655870353,95.0,44.0,0,1.130638655870353,1.130638655870353,70.0,0.62550133,0.8153193,1.0,0.2638889,1.0,1.0,0.0,0.0,0.8153193,0.875,0.875,0.131772,0.66591114,0.0,1.0,0.0,0.0,0.0,1.0,0.0,0.2812773,0.3125,1.0,0.875,1.0,0.6690456,1.0,0.0,0.0,0.0,38.85371,37.144802,32.49954,0.4,0.9
49.861731215502324,1.116763660934442,94.0,45.0,0,1.116763660934442,1.116763660934442,70.0,0.62327164,0.80838186,1.0,0.2611111,1.0,1.0,0.0,0.0,0.80838186,0.875,0.875,0.13084818,0.657277,0.0,1.0,0.0,0.0,0.0,1.0,0.0,0.2535273,0.3125,1.0,0.875,1.0,0.6647779,1.0,0.0,0.0,0.0,38.46185,36.826977,32.074932,0.5,1.0
49.683887203429606,1.1029381398204592,93.0,46.0,0,1.1029381398204592,1.1029381398204592,70.0,0.62104857,0.8014691,1.0,0.25833333,1.0,1.0,0.0,0.0,0.8014691,0.875,0.875,0.12993023,0.6486719,0.0,1.0,0.0,0.0,0.0,1.0,0.0,0.22587629,0.3125,1.0,0.875,1.0,0.65824777,1.0,0.0,0.0,0.0,38.12401,36.55434,31.70678,0.5,1.0
49.506569521012075,1.0891619459205266,92.0,47.0,0,1.0891619459205266,1.0891619459205266,70.0,0.6188321,0.794581,1.0,0.25555557,1.0,1.0,0.0,0.0,0.794581,0.875,0.875,0.12901808,0.6400959,0.0,1.0,0.0,0.0,0.0,1.0,0.0,0.19832389,0.3125,1.0,0.875,1.0,0.6628994,1.0,0.0,0.0,0.0,37.604607,36.082184,31.108013,0.5,1.0
49.32977523909659,1.0754349334433684,91.0,48.0,0,1.0754349334433684,1.0754349334433684,70.0,0.6166222,0.78771746,1.0,0.25277779,1.0,1.0,0.0,0.0,0.78771746,0.875,0.875,0.12811169,0.6315488,0.0,1.0,0.0,0.0,0.0,1.0,0.0,0.17086987,0.3125,1.0,0.875,1.0,0.66086257,1.0,0.0,0.0,0.0,37.2006,35.721996,30.631094,0.5,1.0
49.153501449321595,1.0617569574084023,90.0,49.0,0,1.0617569574084023,1.0617569574084023,70.0,0.61441875,0.7808785,1.0,0.25,1.0,1.0,0.0,0.0,0.7808785,0.875,0.875,0.12721103,0.6230306,0.0,1.0,0.0,0.0,0.0,1.0,0.0,0.14351392,0.3125,1.0,0.875,1.0,0.6565835,1.0,0.0,0.0,0.0,36.794056,35.40825,30.195438,0.5,1.0
48.97774526392987,1.0481278736400377,89.0,50.0,0,1.0481278736400377,1.0481278736400377,70.0,0.61222184,0.77406394,1.0,0.24722221,1.0,1.0,0.0,0.0,0.77406394,0.875,0.875,0.12631606,0.61454123,0.0,1.0,0.0,0.0,0.0,1.0,0.0,0.116255745,0.3125,1.0,0.875,1.0,0.6522831,1.0,0.0,0.0,0.0,36.378925,35.084377,29.747131,0.5,1.0
48.802503815583876,1.0345475387619985,88.0,51.0,0,1.0345475387619985,1.0345475387619985,70.0,0.6100313,0.7672738,1.0,0.24444444,1.0,1.0,0.0,0.0,0.7672738,0.875,0.875,0.12542671,0.60608053,0.0,1.0,0.0,0.0,0.0,1.0,0.0,0.08909508,0.3125,1.0,0.875,1.0,0.6570436,1.0,0.0,0.0,0.0,35.783825,34.610836,29.086096,0.5,1.0
48.62777425718296,1.021015810191603,87.0,52.0,0,1.021015810191603,1.021015810191603,70.0,0.60784715,0.7605079,1.0,0.24166666,1.0,1.0,0.0,0.0,0.7605079,0.875,0.875,0.12454298,0.59764856,0.0,1.0,0.0,0.0,0.0,1.0,0.0,0.06203162,0.3125,1.0,0.875,1.0,0.65277433,1.0,0.0,0.0,0.0,35.35176,34.272755,28.60507,0.5,1.0
48.45355376168232,1.0075325461342324,86.0,53.0,0,1.0075325461342324,1.0075325461342324,70.0,0.60566944,0.7537663,1.0,0.23888889,1.0,1.0,0.0,0.0,0.7537663,0.875,0.875,0.123664804,0.58924514,0.0,1.0,0.0,0.0,0.0,1.0,0.0,0.035065092,0.3125,1.0,0.875,1.0,0.64848375,1.0,0.0,0.0,0.0,34.888386,33.87386,28.166172,0.5,1.0
48.2798395219141,0.9940976055777497,85.0,54.0,0,0.9940976055777497,0.9940976055777497,70.0,0.603498,0.7470488,1.0,0.2361111,1.0,1.0,0.0,0.0,0.7470488,0.875,0.875,0.12279216,0.5808703,0.0,1.0,0.0,0.0,0.0,1.0,0.0,0.008195211,0.3125,1.0,0.875,1.0,0.6441719,1.0,0.0,0.0,0.0,34.40247,33.492863,27.76977,-0.2,0.3
47.80263776381547,0.9807404126409978,84.0,55.0,0,0.9807404126409978,0.9807404126409978,70.0,0.597533,0.7403702,1.0,0.23333333,1.0,1.0,0.0,0.0,0.7403702,0.875,0.875,0.10313278,0.58507174,0.0,1.0,0.0,0.0,0.0,1.0,0.3125,0.3814808,0.0,1.0,0.875,1.0,0.6975778,1.0,0.0,0.0,0.0,32.845207,34.932083,28.957867,0.5,1.0
48.15883215532484,0.9674117958168651,83.0,1.0,1,0.9674117958168651,0.9674117958168651,70.0,0.6019854,0.7337059,1.0,0.23055555,0.033333335,0.0,1.0,0.0,0.7337059,0.875,0.875,0.10465698,0.57516986,0.0,1.0,0.0,0.0,0.0,1.0,0.3125,0.3548236,0.0,1.0,0.875,1.0,0.6975721,1.0,0.0,0.0,0.0,28.569124,34.883427,26.829758,0.5,1.0
48.50901877553374,0.9539850811020294,82.0,2.0,1,0.9539850811020294,0.9539850811020294,70.0,0.60636276,0.72699255,1.0,0.22777778,0.06666667,0.0,1.0,0.0,0.72699255,0.875,0.875,0.10616601,0.5652127,0.0,1.0,0.0,0.0,0.0,1.0,0.3125,0.32797018,0.0,1.0,0.875,1.0,0.69756645,1.0,0.0,0.0,0.0,28.464579,34.423374,26.459423,0.5,1.0
48.85329367901937,0.940461923816045,81.0,3.0,1,0.940461923816045,0.940461923816045,70.0,0.61066616,0.72023094,1.0,0.225,0.1,0.0,1.0,0.0,0.72023094,0.875,0.875,0.10765975,0.5552015,0.0,1.0,0.0,0.0,0.0,1.0,0.3125,0.30092385,0.0,1.0,0.875,1.0,0.6975607,1.0,0.0,0.0,0.0,28.102932,33.794098,25.891453,0.5,1.0
49.19175156601416,0.9268439527869177,80.0,4.0,1,0.9268439527869177,0.9268439527869177,70.0,0.6148969,0.713422,1.0,0.22222222,0.13333334,0.0,1.0,0.0,0.713422,0.875,0.875,0.109138064,0.5451373,0.0,1.0,0.0,0.0,0.0,1.0,0.3125,0.2736879,0.0,1.0,0.875,1.0,0.69755507,1.0,0.0,0.0,0.0,27.723877,33.135105,25.307892,0.5,1.0
49.524485795143825,0.9131327707255004,79.0,5.0,1,0.9131327707255004,0.9131327707255004,70.0,0.61905605,0.7065664,1.0,0.21944444,0.16666667,0.0,1.0,0.0,0.7065664,0.875,0.875,0.11060087,0.53502125,0.0,1.0,0.0,0.0,0.0,1.0,0.3125,0.24626555,0.0,1.0,0.875,1.0,0.69754934,1.0,0.0,0.0,0.0,27.393833,32.635456,24.837627,0.5,1.0
49.85158839628689,0.8993299545964071,78.0,6.0,1,0.8993299545964071,0.8993299545964071,70.0,0.62314487,0.69966495,1.0,0.21666667,0.2,0.0,1.0,0.0,0.69966495,0.875,0.875,0.11204809,0.5248546,0.0,1.0,0.0,0.0,0.0,1.0,0.3125,0.21865991,0.0,1.0,0.875,1.0,0.6975437,1.0,0.0,0.0,0.0,27.177168,32.193115,24.417477,0.5,1.0
50.17315008354363,0.8854370559852605,77.0,7.0,1,0.8854370559852605,0.8854370559852605,70.0,0.62716436,0.6927185,1.0,0.21388888,0.23333333,0.0,1.0,0.0,0.6927185,0.875,0.875,0.11347963,0.5146383,0.0,1.0,0.0,0.0,0.0,1.0,0.3125,0.19087411,0.0,1.0,0.875,1.0,0.69753796,1.0,0.0,0.0,0.0,27.209791,31.774992,24.092936,0.5,1.0
50.48926026830305,0.8714556014623902,76.0,8.0,1,0.8714556014623902,0.8714556014623902,70.0,0.63111573,0.6857278,1.0,0.21111111,0.26666668,0.0,1.0,0.0,0.6857278,0.875,0.875,0.11489544,0.50437343,0.0,1.0,0.0,0.0,0.0,1.0,0.3125,0.1629112,0.0,1.0,0.875,1.0,0.69753224,1.0,0.0,0.0,0.0,27.261303,31.317022,23.79305,0.5,1.0
50.80000707239652,0.8573870929428296,75.0,9.0,1,0.8573870929428296,0.8573870929428296,70.0,0.6350001,0.67869353,1.0,0.20833333,0.3,0.0,1.0,0.0,0.67869353,0.875,0.875,0.11629549,0.49406108,0.0,1.0,0.0,0.0,0.0,1.0,0.3125,0.1347742,0.0,1.0,0.875,1.0,0.6975265,1.0,0.0,0.0,0.0,27.277424,30.851004,23.497143,0.5,1.0
51.10547734132796,0.843233008042624,74.0,10.0,1,0.843233008042624,0.843233008042624,70.0,0.63881844,0.6716165,1.0,0.20555556,0.33333334,0.0,1.0,0.0,0.6716165,0.875,0.875,0.11767972,0.48370218,0.0,1.0,0.0,0.0,0.0,1.0,0.3125,0.10646602,0.0,1.0,0.875,1.0,0.6975208,1.0,0.0,0.0,0.0,27.278908,30.342203,23.170605,0.5,1.0
51.40575665756951,0.8289948004315981,73.0,11.0,1,0.8289948004315981,0.8289948004315981,70.0,0.642572,0.6644974,1.0,0.20277777,0.36666667,0.0,1.0,0.0,0.6644974,0.875,0.875,0.119048126,0.47329777,0.0,1.0,0.0,0.0,0.0,1.0,0.3125,0.0779896,0.0,1.0,0.875,1.0,0.6975151,1.0,0.0,0.0,0.0,27.172667,29.746391,22.76785,0.5,1.0
51.70092935391351,0.8146739001822887,72.0,12.0,1,0.8146739001822887,0.8146739001822887,70.0,0.64626163,0.65733695,1.0,0.2,0.4,0.0,1.0,0.0,0.65733695,0.875,0.875,0.120400675,0.4628488,0.0,1.0,0.0,0.0,0.0,1.0,0.3125,0.0493478,0.0,1.0,0.875,1.0,0.69750935,1.0,0.0,0.0,0.0,27.025824,29.12271,22.356443,0.5,1.0
51.99107852687092,0.8002717141151585,71.0,13.0,1,0.8002717141151585,0.8002717141151585,70.0,0.64988846,0.6501359,1.0,0.19722222,0.43333334,0.0,1.0,0.0,0.6501359,0.875,0.875,0.121737376,0.45235622,0.0,1.0,0.0,0.0,0.0,1.0,0.3125,0.020543428,0.0,1.0,0.875,1.0,0.6975036,1.0,0.0,0.0,0.0,26.865139,28.534433,21.987673,0.30000000000000004,0.8
52.403868754544916,0.7857843059288783,70.0,14.0,1,0.7857843059288783,0.7857843059288783,70.0,0.6550484,0.6428922,1.0,0.19444445,0.46666667,0.0,1.0,0.0,0.6428922,0.875,0.875,0.14430752,0.4276512,0.0,1.0,0.0,0.0,0.0,1.0,0.0,0.3915686,0.1525,1.0,0.875,1.0,0.6550484,1.0,0.0,0.0,0.0,28.330027,27.49377,22.368,0.5,1.0
52.21835070847153,0.7712537129988917,69.0,1.0,0,0.7712537129988917,0.7712537129988917,70.0,0.6527294,0.63562685,1.0,0.19166666,0.033333335,1.0,0.0,0.0,0.63562685,0.875,0.875,0.14330399,0.41863316,0.0,1.0,0.0,0.0,0.0,1.0,0.0,0.36250743,0.1525,1.0,0.875,0.46666667,0.6527294,1.0,0.0,0.0,0.0,27.476265,23.946768,21.6016,0.5,1.0
52.03340221178549,0.7567745728890714,68.0,2.0,0,0.7567745728890714,0.7567745728890714,70.0,0.6504175,0.6283873,1.0,0.18888889,0.06666667,1.0,0.0,0.0,0.6283873,0.875,0.875,0.14230686,0.40964514,0.0,1.0,0.0,0.0,0.0,1.0,0.0,0.33354914,0.1525,1.0,0.875,0.46666667,0.6504175,1.0,0.0,0.0,0.0,26.693033,23.58972,20.908754,0.5,1.0
51.849020024043135,0.7423467278463818,67.0,3.0,0,0.7423467278463818,0.7423467278463818,70.0,0.6481128,0.6211734,1.0,0.18611111,0.1,1.0,0.0,0.0,0.6211734,0.875,0.875,0.14131612,0.40068707,0.0,1.0,0.0,0.0,0.0,1.0,0.0,0.30469346,0.1525,1.0,0.875,0.46666667,0.6481128,1.0,0.0,0.0,0.0,25.960001,23.185904,20.280882,0.5,1.0
51.66520092842781,0.7279700210145776,66.0,4.0,0,0.7279700210145776,0.7279700210145776,70.0,0.645815,0.613985,1.0,0.18333334,0.13333334,1.0,0.0,0.0,0.613985,0.875,0.875,0.14033167,0.3917589,0.0,1.0,0.0,0.0,0.0,1.0,0.0,0.27594003,0.1525,1.0,0.875,0.46666667,0.645815,1.0,0.0,0.0,0.0,25.24056,22.763613,19.694443,0.5,1.0
51.48194173153233,0.7136442964276597,65.0,5.0,0,0.7136442964276597,0.7136442964276597,70.0,0.6435243,0.60682213,1.0,0.18055555,0.16666667,1.0,0.0,0.0,0.60682213,0.875,0.875,0.13935351,0.3828605,0.0,1.0,0.0,0.0,0.0,1.0,0.0,0.2472886,0.1525,1.0,0.875,0.46666667,0.6435243,1.0,0.0,0.0,0.0,24.585676,22.285238,19.103704,0.5,1.0
51.299239263143434,0.6993693990034977,64.0,6.0,0,0.6993693990034977,0.6993693990034977,70.0,0.6412405,0.5996847,1.0,0.17777778,0.2,1.0,0.0,0.0,0.5996847,0.875,0.875,0.1383816,0.37399188,0.0,1.0,0.0,0.0,0.0,1.0,0.0,0.2187388,0.1525,1.0,0.875,0.46666667,0.6412405,1.0,0.0,0.0,0.0,23.968418,21.713001,18.495193,0.5,1.0
51.11709037602915,0.6851451745372295,63.0,7.0,0,0.6851451745372295,0.6851451745372295,70.0,0.63896364,0.59257257,1.0,0.175,0.23333333,1.0,0.0,0.0,0.59257257,0.875,0.875,0.13741586,0.36515287,0.0,1.0,0.0,0.0,0.0,1.0,0.0,0.19029035,0.1525,1.0,0.875,0.46666667,0.63896364,1.0,0.0,0.0,0.0,23.365301,21.093275,17.894798,0.5,1.0
50.93549194572804,0.6709714696951501,62.0,8.0,0,0.6709714696951501,0.6709714696951501,70.0,0.63669366,0.58548576,1.0,0.17222223,0.26666668,1.0,0.0,0.0,0.58548576,0.875,0.875,0.13645625,0.35634348,0.0,1.0,0.0,0.0,0.0,1.0,0.0,0.16194294,0.1525,1.0,0.875,0.46666667,0.63669366,1.0,0.0,0.0,0.0,22.757961,20.4625,17.290054,0.5,1.0
50.75444087034097,0.6568481320082142,61.0,9.0,0,0.6568481320082142,0.6568481320082142,70.0,0.6344305,0.57842404,1.0,0.16944444,0.3,1.0,0.0,0.0,0.57842404,0.875,0.875,0.13550276,0.3475636,0.0,1.0,0.0,0.0,0.0,1.0,0.0,0.13369626,0.1525,1.0,0.875,0.46666667,0.6344305,1.0,0.0,0.0,0.0,22.173504,19.847582,16.71141,0.5,1.0
50.57393407032509,0.6427750098659075,60.0,10.0,0,0.6427750098659075,0.6427750098659075,70.0,0.6321742,0.5713875,1.0,0.16666667,0.33333334,1.0,0.0,0.0,0.5713875,0.875,0.875,0.13455531,0.33881313,0.0,1.0,0.0,0.0,0.0,1.0,0.0,0.10555002,0.1525,1.0,0.875,0.46666667,0.6321742,1.0,0.0,0.0,0.0,21.57344,19.230188,16.122717,0.5,1.0
50.393968488290014,0.6287519525100151,59.0,11.0,0,0.6287519525100151,0.6287519525100151,70.0,0.6299246,0.564376,1.0,0.16388889,0.36666667,1.0,0.0,0.0,0.564376,0.875,0.875,0.13361388,0.33009204,0.0,1.0,0.0,0.0,0.0,1.0,0.0,0.077503905,0.1525,1.0,0.875,0.46666667,0.6299246,1.0,0.0,0.0,0.0,20.877678,18.550482,15.433996,0.5,1.0
50.21454108879639,0.6147788100285254,58.0,12.0,0,0.6147788100285254,0.6147788100285254,70.0,0.6276818,0.5573894,1.0,0.16111112,0.4,1.0,0.0,0.0,0.5573894,0.875,0.875,0.1326784,0.32140025,0.0,1.0,0.0,0.0,0.0,1.0,0.0,0.04955762,0.1525,1.0,0.875,0.46666667,0.6276818,1.0,0.0,0.0,0.0,20.130432,17.854023,14.686846,0.5,1.0
50.03564885815647,0.6008554333495226,57.0,13.0,0,0.6008554333495226,0.6008554333495226,70.0,0.6254456,0.55042773,1.0,0.15833333,0.43333334,1.0,0.0,0.0,0.55042773,0.875,0.875,0.13174887,0.3127377,0.0,1.0,0.0,0.0,0.0,1.0,0.0,0.021710867,0.1525,1.0,0.875,0.46666667,0.6254456,1.0,0.0,0.0,0.0,19.359737,17.1267,14.0116415,0.5,1.0
49.81210854826994,0.5869830548797665,56.0,14.0,0,0.5869830548797665,0.5869830548797665,70.0,0.62265134,0.54349154,1.0,0.15555556,0.46666667,1.0,0.0,0.0,0.54349154,0.875,0.875,0.120733835,0.31083283,0.0,1.0,0.0,0.0,0.0,1.0,0.1525,0.7939661,0.23,1.0,0.875,0.46666667,0.63787913,1.0,0.0,0.0,0.0,19.239992,16.846857,13.704664,0.5,1.0
49.419518662639085,0.5732014566031616,55.0,15.0,0,0.5732014566031616,0.5732014566031616,70.0,0.61774397,0.5366007,1.0,0.15277778,0.5,1.0,0.0,0.0,0.5366007,0.875,0.875,0.11886385,0.30289173,0.0,1.0,0.0,0.0,0.0,1.0,0.1525,0.7664029,0.23,1.0,0.875,0.46666667,0.62466776,1.0,0.0,0.0,0.0,19.018303,16.518414,13.291803,0.5,1.0
49.02808614042619,0.5595287484854801,54.0,16.0,0,0.5595287484854801,0.5595287484854801,70.0,0.6128511,0.52976435,1.0,0.15,0.53333336,1.0,0.0,0.0,0.52976435,0.875,0.875,0.11701338,0.29501024,0.0,1.0,0.0,0.0,0.0,1.0,0.1525,0.7390575,0.23,1.0,0.875,0.46666667,0.6198578,1.0,0.0,0.0,0.0,18.493702,15.982693,12.6577215,0.5,1.0
48.63780088615735,0.5459646104551723,53.0,17.0,0,0.5459646104551723,0.5459646104551723,70.0,0.6079725,0.5229823,1.0,0.14722222,0.56666666,1.0,0.0,0.0,0.5229823,0.875,0.875,0.11518225,0.28718823,0.0,1.0,0.0,0.0,0.0,1.0,0.1525,0.7119292,0.23,1.0,0.875,0.46666667,0.6220311,1.0,0.0,0.0,0.0,17.725239,15.299904,11.862603,0.5,1.0
48.24865289271868,0.5325087252324501,52.0,18.0,0,0.5325087252324501,0.5325087252324501,70.0,0.60310817,0.51625437,1.0,0.14444445,0.6,1.0,0.0,0.0,0.51625437,0.875,0.875,0.11337033,0.2794256,0.0,1.0,0.0,0.0,0.0,1.0,0.1525,0.68501747,0.23,1.0,0.875,0.46666667,0.61733013,1.0,0.0,0.0,0.0,17.19605,14.768496,11.2515955,0.5,1.0
47.86063224024416,0.5191607783050785,51.0,19.0,0,0.5191607783050785,0.5191607783050785,70.0,0.5982579,0.5095804,1.0,0.14166667,0.6333333,1.0,0.0,0.0,0.5095804,0.875,0.875,0.111577444,0.27172223,0.0,1.0,0.0,0.0,0.0,1.0,0.1525,0.65832156,0.23,1.0,0.875,0.46666667,0.6144064,1.0,0.0,0.0,0.0,16.579556,14.171337,10.556913,0.5,1.0
47.47372909501993,0.5059204579042209,50.0,20.0,0,0.5059204579042209,0.5059204579042209,70.0,0.59342164,0.5029602,1.0,0.1388889,0.6666667,1.0,0.0,0.0,0.5029602,0.875,0.875,0.10980346,0.264078,0.0,1.0,0.0,0.0,0.0,1.0,0.1525,0.63184094,0.23,1.0,0.875,0.46666667,0.60617703,1.0,0.0,0.0,0.0,16.109583,13.673303,9.971383,0.5,1.0
47.0879337084031,0.49278745498069654,49.0,21.0,0,0.49278745498069654,0.49278745498069654,70.0,0.58859915,0.49639374,1.0,0.13611111,0.7,1.0,0.0,0.0,0.49639374,0.875,0.875,0.10804822,0.25649282,0.0,1.0,0.0,0.0,0.0,1.0,0.1525,0.6055749,0.23,1.0,0.875,0.46666667,0.6069069,1.0,0.0,0.0,0.0,15.311868,12.945954,9.1582985,0.5,1.0
46.70323641575643,0.47976146318141133,48.0,22.0,0,0.47976146318141133,0.47976146318141133,70.0,0.5837905,0.48988074,1.0,0.13333334,0.73333335,1.0,0.0,0.0,0.48988074,0.875,0.875,0.10631158,0.24896659,0.0,1.0,0.0,0.0,0.0,1.0,0.1525,0.5795229,0.23,1.0,0.875,0.46666667,0.6022985,1.0,0.0,0.0,0.0,14.706068,12.359656,8.572634,0.5,1.0
46.31962763539711,0.46684217882627976,47.0,23.0,0,0.46684217882627976,0.46684217882627976,70.0,0.57899535,0.4834211,1.0,0.13055556,0.76666665,1.0,0.0,0.0,0.4834211,0.875,0.875,0.1045934,0.24149919,0.0,1.0,0.0,0.0,0.0,1.0,0.1525,0.55368435,0.23,1.0,0.875,0.46666667,0.5995303,1.0,0.0,0.0,0.0,14.106149,11.77395,7.984628,0.5,1.0
45.93709786756091,0.45402930088530624,46.0,24.0,0,0.45402930088530624,0.45402930088530624,70.0,0.57421374,0.47701466,1.0,0.12777779,0.8,1.0,0.0,0.0,0.47701466,0.875,0.875,0.10289353,0.2340905,0.0,1.0,0.0,0.0,0.0,1.0,0.1525,0.5280586,0.23,1.0,0.875,0.46666667,0.58940274,1.0,0.0,0.0,0.0,13.818945,11.3759365,7.6069903,0.5,1.0
45.55563769337992,0.4413225309558655,45.0,25.0,0,0.4413225309558655,0.4413225309558655,70.0,0.5694455,0.47066125,1.0,0.125,0.8333333,1.0,0.0,0.0,0.47066125,0.875,0.875,0.10121183,0.22674046,0.0,1.0,0.0,0.0,0.0,1.0,0.1525,0.5026451,0.23,1.0,0.875,0.46666667,0.5866757,1.0,0.0,0.0,0.0,13.314245,10.861669,7.1070466,0.5,1.0
45.175237773874905,0.42872157324048743,44.0,26.0,0,0.42872157324048743,0.42872157324048743,70.0,0.5646905,0.46436077,1.0,0.12222222,0.8666667,1.0,0.0,0.0,0.46436077,0.875,0.875,0.09954816,0.21944894,0.0,1.0,0.0,0.0,0.0,1.0,0.1525,0.47744316,0.23,1.0,0.875,0.46666667,0.57828736,1.0,0.0,0.0,0.0,12.965744,10.450664,6.7079277,0.5,1.0
44.79588884896133,0.4162261345248055,43.0,27.0,0,0.4162261345248055,0.4162261345248055,70.0,0.5599486,0.45811307,1.0,0.119444445,0.9,1.0,0.0,0.0,0.45811307,0.875,0.875,0.09790238,0.21221584,0.0,1.0,0.0,0.0,0.0,1.0,0.1525,0.45245227,0.23,1.0,0.875,0.46666667,0.58135176,1.0,0.0,0.0,0.0,12.337963,9.887645,6.1666636,0.5,1.0
44.41758173646911,0.40383592415573943,42.0,28.0,0,0.40383592415573943,0.40383592415573943,70.0,0.55521977,0.45191798,1.0,0.11666667,0.93333334,1.0,0.0,0.0,0.45191798,0.875,0.875,0.09627436,0.20504104,0.0,1.0,0.0,0.0,0.0,1.0,0.1525,0.42767185,0.23,1.0,0.875,0.46666667,0.57875377,1.0,0.0,0.0,0.0,11.993094,9.554834,5.90749,0.5,1.0
44.04030733117562,0.39155065401997646,41.0,29.0,0,0.39155065401997646,0.39155065401997646,70.0,0.55050385,0.44577533,1.0,0.11388889,0.96666664,1.0,0.0,0.0,0.44577533,0.875,0.875,0.09466397,0.19792446,0.0,0.0,0.0,1.0,0.0,1.0,0.1525,0.4031013,0.23,1.0,0.875,0.46666667,0.5761978,1.0,0.0,0.0,0.0,11.810176,6.0480657,2.4017441,0.5,1.0
43.66405660385195,0.37937003852272255,40.0,30.0,0,0.37937003852272255,0.37937003852272255,70.0,0.5458007,0.43968502,1.0,0.11111111,1.0,1.0,0.0,0.0,0.43968502,0.875,0.875,0.09307106,0.190866,0.0,0.0,0.0,1.0,0.0,1.0,0.1525,0.37874007,0.23,1.0,0.875,0.46666667,0.56391406,1.0,0.0,0.0,0.0,11.509863,5.7239194,2.1049826,0.5,1.0
43.28882060032237,0.3672937945667982,39.0,31.0,0,0.3672937945667982,0.3672937945667982,70.0,0.5411103,0.4336469,1.0,0.108333334,1.0,1.0,0.0,0.0,0.4336469,0.875,0.875,0.0914955,0.18386553,0.0,0.0,0.0,1.0,0.0,1.0,0.1525,0.35458758,0.23,1.0,0.875,0.46666667,0.56336886,1.0,0.0,0.0,0.0,10.951414,5.229229,1.6528974,0.5,1.0
42.914590440536145,0.3553216415318623,38.0,32.0,0,0.3553216415318623,0.3553216415318623,70.0,0.5364324,0.42766082,1.0,0.10555556,1.0,1.0,0.0,0.0,0.42766082,0.875,0.875,0.08993717,0.17692298,0.0,0.0,0.0,1.0,0.0,1.0,0.1525,0.3306433,0.23,1.0,0.875,0.46666667,0.5668189,1.0,0.0,0.0,0.0,10.4060335,4.7282043,1.2047961,0.5,1.0
42.54135731765213,0.34345330125398377,37.0,33.0,0,0.34345330125398377,0.34345330125398377,70.0,0.53176695,0.42172664,1.0,0.10277778,1.0,1.0,0.0,0.0,0.42172664,0.875,0.875,0.08839594,0.17003824,0.0,0.0,0.0,1.0,0.0,1.0,0.1525,0.3069066,0.23,1.0,0.875,0.46666667,0.5624393,1.0,0.0,0.0,0.0,10.0097475,4.325755,0.8849393,0.5,1.0
42.16911249713561,0.3316884980053736,36.0,34.0,0,0.3316884980053736,0.3316884980053736,70.0,0.5271139,0.41584426,1.0,0.1,1.0,1.0,0.0,0.0,0.41584426,0.875,0.875,0.08687168,0.16321121,0.0,0.0,0.0,1.0,0.0,1.0,0.1525,0.283377,0.23,1.0,0.875,0.46666667,0.5459222,1.0,0.0,0.0,0.0,9.905974,4.111527,0.8258412,0.5,1.0
41.79784731586751,0.3200269584744859,35.0,35.0,0,0.3200269584744859,0.3200269584744859,70.0,0.5224731,0.41001347,1.0,0.097222224,1.0,1.0,0.0,0.0,0.41001347,0.875,0.875,0.08536426,0.1564418,0.0,0.0,0.0,1.0,0.0,1.0,0.1525,0.2600539,0.23,1.0,0.875,0.46666667,0.5577562,1.0,0.0,0.0,0.0,9.443194,3.6525104,0.5950895,0.5,1.0
41.427553181265026,0.30846841174627926,34.0,36.0,0,0.30846841174627926,0.30846841174627926,70.0,0.51784444,0.4042342,1.0,0.094444446,1.0,1.0,0.0,0.0,0.4042342,0.875,0.875,0.08387356,0.1497299,0.0,0.0,0.0,1.0,0.0,1.0,0.1525,0.23693682,0.23,1.0,0.875,0.46666667,0.55355716,1.0,0.0,0.0,0.0,9.18263,3.3498225,0.47182792,0.5,1.0
41.0582215704146,0.2970125892827511,33.0,37.0,0,0.2970125892827511,0.2970125892827511,70.0,0.51322776,0.39850628,1.0,0.09166667,1.0,1.0,0.0,0.0,0.39850628,0.875,0.875,0.082399465,0.14307542,0.0,0.0,0.0,1.0,0.0,1.0,0.1525,0.21402518,0.23,1.0,0.875,0.46666667,0.5433053,1.0,0.0,0.0,0.0,9.042479,3.1415277,0.4191832,0.5,1.0
40.68984402921597,0.2856592249036609,32.0,38.0,0,0.2856592249036609,0.2856592249036609,70.0,0.50862306,0.39282963,1.0,0.08888889,1.0,1.0,0.0,0.0,0.39282963,0.875,0.875,0.08094184,0.13647826,0.0,0.0,0.0,1.0,0.0,1.0,0.1525,0.19131845,0.23,1.0,0.875,0.46666667,0.5244659,1.0,0.0,0.0,0.0,8.996338,3.035788,0.44277388,0.5,1.0
40.322412171537884,0.27440805476764396,31.0,39.0,0,0.27440805476764396,0.27440805476764396,70.0,0.50403017,0.38720402,1.0,0.08611111,1.0,1.0,0.0,0.0,0.38720402,0.875,0.875,0.079500586,0.12993832,0.0,0.0,0.0,1.0,0.0,1.0,0.1525,0.1688161,0.23,1.0,0.875,0.46666667,0.5246632,1.0,0.0,0.0,0.0,8.723934,2.7883081,0.3721406,0.5,1.0
39.95591767838475,0.26325881735336054,30.0,40.0,0,0.26325881735336054,0.26325881735336054,70.0,0.49944898,0.3816294,1.0,0.083333336,1.0,1.0,0.0,0.0,0.3816294,0.875,0.875,0.078075565,0.1234555,0.0,0.0,0.0,1.0,0.0,1.0,0.1525,0.14651763,0.23,1.0,0.875,0.46666667,0.5479639,1.0,0.0,0.0,0.0,8.184459,2.3614984,0.19999713,0.5,1.0
39.59035229707426,0.2522112534409473,29.0,41.0,0,0.2522112534409473,0.2522112534409473,70.0,0.4948794,0.37610564,1.0,0.08055556,1.0,1.0,0.0,0.0,0.37610564,0.875,0.875,0.07666666,0.11702973,0.0,0.0,0.0,1.0,0.0,1.0,0.1525,0.124422505,0.23,1.0,0.875,0.46666667,0.54836714,1.0,0.0,0.0,0.0,7.9147334,2.0984855,0.12109417,0.5,1.0
39.22570784042616,0.24126510609378116,28.0,42.0,0,0.24126510609378116,0.24126510609378116,70.0,0.49032134,0.37063256,1.0,0.07777778,1.0,1.0,0.0,0.0,0.37063256,0.875,0.875,0.07527376,0.110660896,0.0,0.0,0.0,1.0,0.0,1.0,0.1525,0.10253021,0.23,1.0,0.875,0.46666667,0.5364827,1.0,0.0,0.0,0.0,7.7352457,1.909882,0.06668562,0.5,1.0
38.861976185961325,0.23042012064033912,27.0,43.0,0,0.23042012064033912,0.23042012064033912,70.0,0.4857747,0.36521006,1.0,0.075,1.0,1.0,0.0,0.0,0.36521006,0.875,0.875,0.073896766,0.104348905,0.0,0.0,0.0,1.0,0.0,1.0,0.1525,0.080840245,0.23,1.0,0.875,0.46666667,0.5634995,1.0,0.0,0.0,0.0,7.3282895,1.6732302,0.039903224,0.5,1.0
38.499149275111435,0.2196760446563708,26.0,44.0,0,0.2196760446563708,0.2196760446563708,70.0,0.48123938,0.359838,1.0,0.072222225,1.0,1.0,0.0,0.0,0.359838,0.875,0.875,0.072535545,0.098093666,0.0,0.0,0.0,1.0,0.0,1.0,0.1525,0.05935209,0.23,1.0,0.875,0.46666667,0.5314923,1.0,0.0,0.0,0.0,7.2123647,1.5616136,-0.02102691,0.0,0.5
38.137219112438814,0.20903262794723076,25.0,45.0,0,0.20903262794723076,0.20903262794723076,70.0,0.47671524,0.35451633,1.0,0.06944445,1.0,1.0,0.0,0.0,0.35451633,0.875,0.875,0.071189985,0.091895096,0.0,0.0,0.0,1.0,0.0,1.0,0.1525,0.038065255,0.23,1.0,0.875,0.46666667,0.875,1.0,0.0,0.0,0.0,6.420259,2.0090272,0.37794787,0.0,0.5
37.776177764866596,0.1984896225304702,24.0,46.0,0,0.1984896225304702,0.1984896225304702,70.0,0.4722022,0.3492448,0.9939585,0.06666667,1.0,1.0,0.0,0.0,0.3492448,0.875,0.875,0.06985999,0.08575308,0.0,0.0,0.0,1.0,0.0,1.0,0.1525,0.016979245,0.23,1.0,0.875,0.46666667,0.875,1.0,0.0,0.0,0.0,6.2062907,1.8476989,0.2914284,0.4,0.9
37.39633518212949,0.1880473020451916,23.0,47.0,0,0.1880473020451916,0.1880473020451916,70.0,0.4674542,0.34402364,0.9521892,0.06388889,1.0,1.0,0.0,0.0,0.34402364,0.875,0.875,0.06592802,0.08141285,0.0,0.0,0.0,1.0,0.0,1.0,0.23,1.0,0.23,1.0,0.875,0.46666667,0.53666025,1.0,0.0,0.0,0.0,6.8638268,1.1990631,-0.14888293,0.4,0.9
36.92785805611276,0.17772517429033385,22.0,48.0,0,0.17772517429033385,0.17772517429033385,70.0,0.46159822,0.3388626,0.9109007,0.06111111,1.0,1.0,0.0,0.0,0.3388626,0.875,0.875,0.06429956,0.075617075,0.0,0.0,0.0,1.0,0.0,1.0,0.23,1.0,0.23,1.0,0.875,0.46666667,0.5124649,1.0,0.0,0.0,0.0,6.6364694,0.87438124,-0.22866207,0.0,0.5
36.46050668537613,0.1675330208676371,21.0,49.0,0,0.1675330208676371,0.1675330208676371,70.0,0.45575634,0.33376652,0.8701321,0.058333334,1.0,1.0,0.0,0.0,0.33376652,0.875,0.875,0.062694885,0.06989209,0.0,0.0,0.0,1.0,0.0,1.0,0.23,1.0,0.23,1.0,0.875,0.46666667,0.875,1.0,0.0,0.0,0.0,5.3172846,0.59402746,-0.62044066,0.0,0.5
35.99426883205189,0.15747053078628426,20.0,50.0,0,0.15747053078628426,0.15747053078628426,70.0,0.44992837,0.32873526,0.82988214,0.055555556,1.0,1.0,0.0,0.0,0.32873526,0.875,0.875,0.06111381,0.06423782,0.0,0.0,0.0,1.0,0.0,1.0,0.23,1.0,0.23,1.0,0.875,0.46666667,0.875,1.0,0.0,0.0,0.0,5.0389943,0.37680215,-0.62852854,0.4,0.9
35.529132355573346,0.14753739644116948,19.0,51.0,0,0.14753739644116948,0.14753739644116948,70.0,0.44411415,0.3237687,0.79014957,0.05277778,1.0,1.0,0.0,0.0,0.3237687,0.875,0.875,0.059556168,0.05865415,0.0,0.0,0.0,1.0,0.0,1.0,0.23,1.0,0.23,1.0,0.875,0.46666667,0.5079623,1.0,0.0,0.0,0.0,5.8012037,0.18970604,-0.2731678,0.0,0.5
35.06508521129361,0.1377333135860539,18.0,52.0,0,0.1377333135860539,0.1377333135860539,70.0,0.43831357,0.31886667,0.75093323,0.05,1.0,1.0,0.0,0.0,0.31886667,0.875,0.875,0.058021806,0.053141005,0.0,0.0,0.0,1.0,0.0,1.0,0.23,1.0,0.23,1.0,0.875,0.46666667,0.875,1.0,0.0,0.0,0.0,4.471435,-0.054461047,-0.6691738,0.0,0.5
34.60211544912348,0.12805798130720802,17.0,53.0,0,0.12805798130720802,0.12805798130720802,70.0,0.43252644,0.31402898,0.71223193,0.047222223,1.0,1.0,0.0,0.0,0.31402898,0.875,0.875,0.056510575,0.04769827,0.0,0.0,0.0,1.0,0.0,1.0,0.23,1.0,0.23,1.0,0.875,0.46666667,0.875,1.0,0.0,0.0,0.0,4.3305807,-0.21237545,-0.7355489,0.0,0.5
34.14021121218774,0.11851110199717141,16.0,54.0,0,0.11851110199717141,0.11851110199717141,70.0,0.42675263,0.30925554,0.67404443,0.044444446,1.0,1.0,0.0,0.0,0.30925554,0.875,0.875,0.055022303,0.042325865,0.0,0.0,0.0,1.0,0.0,1.0,0.23,1.0,0.23,1.0,0.875,0.46666667,0.875,1.0,0.0,0.0,0.0,4.1648183,-0.36334616,-0.8019263,0.0,0.5
33.67936073549957,0.10909238132922283,15.0,55.0,0,0.10909238132922283,0.10909238132922283,70.0,0.42099202,0.30454618,0.6363695,0.041666668,1.0,1.0,0.0,0.0,0.30454618,0.875,0.875,0.053556852,0.037023686,0.0,0.0,0.0,1.0,0.0,1.0,0.23,1.0,0.23,1.0,0.875,0.46666667,0.875,1.0,0.0,0.0,0.0,4.0282,-0.48228794,-0.82785124,0.0,0.5
33.21955234465294,0.09980152823190025,14.0,56.0,0,0.09980152823190025,0.09980152823190025,70.0,0.4152444,0.29990077,0.5992061,0.03888889,1.0,1.0,0.0,0.0,0.29990077,0.875,0.875,0.052114062,0.031791646,0.0,0.0,0.0,1.0,0.0,1.0,0.23,1.0,0.23,1.0,0.875,0.46666667,0.875,1.0,0.0,0.0,0.0,3.973928,-0.57498723,-0.8155821,0.0,0.5
33.17362837349599,0.0988794645288209,13.900000000000006,56.1,0,0.0988794645288209,0.0988794645288209,70.0,0.41467035,0.29943973,0.5955179,0.03861111,1.0,1.0,0.0,0.0,0.29943973,0.875,0.875,0.051971022,0.031272296,0.0,0.0,0.0,1.0,0.0,1.0,0.23,1.0,0.23,1.0,0.875,0.46666667,0.875,1.0,0.0,0.0,0.0,3.9726892,-0.582876,-0.81238705,0.0,0.5
33.127714695737296,0.09795867633431854,13.800000000000011,56.2,0,0.09795867633431854,0.09795867633431854,70.0,0.41409644,0.29897934,0.5918347,0.038333334,1.0,1.0,0.0,0.0,0.29897934,0.875,0.875,0.051828213,0.030753642,0.0,0.0,0.0,1.0,0.0,1.0,0.23,1.0,0.23,1.0,0.875,0.46666667,0.875,1.0,0.0,0.0,0.0,3.971437,-0.59074384,-0.8091933,0.0,0.5
33.081811299849264,0.09703916336263774,13.700000000000017,56.300000000000004,0,0.09703916336263774,0.09703916336263774,70.0,0.41352263,0.29851958,0.58815664,0.038055554,1.0,1.0,0.0,0.0,0.29851958,0.875,0.875,0.05168562,0.030235697,0.0,0.0,0.0,1.0,0.0,1.0,0.23,1.0,0.23,1.0,0.875,0.46666667,0.875,1.0,0.0,0.0,0.0,3.9701698,-0.598594,-0.80599743,0.0,0.5
33.035918174313046,0.09612092532836414,13.600000000000023,56.400000000000006,0,0.09612092532836414,0.09612092532836414,70.0,0.41294897,0.29806048,0.5844837,0.037777778,1.0,1.0,0.0,0.0,0.29806048,0.875,0.875,0.05154326,0.029718444,0.0,0.0,0.0,1.0,0.0,1.0,0.23,1.0,0.23,1.0,0.875,0.46666667,0.875,1.0,0.0,0.0,0.0,3.9688861,-0.60642105,-0.8028026,0.0,0.5
32.99003530761858,0.09520396194637115,13.500000000000028,56.50000000000001,0,0.09520396194637115,0.09520396194637115,70.0,0.41237545,0.29760197,0.58081585,0.0375,1.0,1.0,0.0,0.0,0.29760197,0.875,0.875,0.051401112,0.0292019,0.0,0.0,0.0,1.0,0.0,1.0,0.23,1.0,0.23,1.0,0.875,0.46666667,0.875,1.0,0.0,0.0,0.0,3.9675868,-0.6142302,-0.79960686,0.0,0.5
32.944162688264555,0.0942882729318768,13.400000000000034,56.60000000000001,0,0.0942882729318768,0.0942882729318768,70.0,0.41180202,0.29714414,0.5771531,0.03722222,1.0,1.0,0.0,0.0,0.29714414,0.875,0.875,0.051259205,0.028686045,0.0,0.0,0.0,1.0,0.0,1.0,0.23,1.0,0.23,1.0,0.875,0.46666667,0.875,1.0,0.0,0.0,0.0,3.9663262,-0.6221972,-0.79645246,0.0,0.5
32.89830030475841,0.093373858000394,13.30000000000004,56.70000000000001,0,0.093373858000394,0.093373858000394,70.0,0.41122875,0.29668692,0.57349545,0.036944445,1.0,1.0,0.0,0.0,0.29668692,0.875,0.875,0.05111751,0.028170899,0.0,0.0,0.0,1.0,0.0,1.0,0.23,1.0,0.23,1.0,0.875,0.46666667,0.875,1.0,0.0,0.0,0.0,3.965246,-0.6298068,-0.7917797,0.0,0.5
32.85244814561626,0.09246071686778023,13.200000000000045,56.80000000000001,0,0.09246071686778023,0.09246071686778023,70.0,0.4106556,0.29623035,0.5698429,0.036666665,1.0,1.0,0.0,0.0,0.29623035,0.875,0.875,0.05097605,0.027656445,0.0,0.0,0.0,1.0,0.0,1.0,0.23,1.0,0.23,1.0,0.875,0.46666667,0.875,1.0,0.0,0.0,0.0,3.9645326,-0.6366685,-0.78405076,0.0,0.5
32.806606199363,0.09154884925019502,13.100000000000051,56.90000000000001,0,0.09154884925019502,0.09154884925019502,70.0,0.41008258,0.29577443,0.56619537,0.03638889,1.0,1.0,0.0,0.0,0.29577443,0.875,0.875,0.0508348,0.027142698,0.0,0.0,0.0,1.0,0.0,1.0,0.23,1.0,0.23,1.0,0.875,0.46666667,0.875,1.0,0.0,0.0,0.0,3.9641001,-0.6441987,-0.7755495,0.0,0.5
32.760774454532196,0.09063825486412469,13.000000000000057,57.000000000000014,0,0.09063825486412469,0.09063825486412469,70.0,0.4095097,0.29531914,0.56255305,0.036111113,1.0,1.0,0.0,0.0,0.29531914,0.875,0.875,0.050693784,0.026629645,0.0,0.0,0.0,1.0,0.0,1.0,0.23,1.0,0.23,1.0,0.875,0.46666667,0.875,1.0,0.0,0.0,0.0,3.9620535,-0.65378124,-0.7628128,0.0,0.5
32.71495289966611,0.08972893342636823,12.900000000000063,57.100000000000016,0,0.08972893342636823,0.08972893342636823,70.0,0.40893692,0.29486448,0.55891573,0.035833333,1.0,1.0,0.0,0.0,0.29486448,0.875,0.875,0.05055299,0.026117295,0.0,0.0,0.0,1.0,0.0,1.0,0.23,1.0,0.23,1.0,0.875,0.46666667,0.875,1.0,0.0,0.0,0.0,3.9583495,-0.66371113,-0.747613,0.0,0.5
32.66914152331564,0.08882088465405502,12.800000000000068,57.20000000000002,0,0.08882088465405502,0.08882088465405502,70.0,0.40836427,0.29441044,0.55528355,0.035555556,1.0,1.0,0.0,0.0,0.29441044,0.875,0.875,0.050412416,0.025605645,0.0,0.0,0.0,1.0,0.0,1.0,0.23,1.0,0.23,1.0,0.875,0.46666667,0.875,1.0,0.0,0.0,0.0,3.95428,-0.67418677,-0.73282534,0.0,0.5
32.62334031404039,0.08791410826460577,12.700000000000074,57.30000000000002,0,0.08791410826460577,0.08791410826460577,70.0,0.40779176,0.29395705,0.5516564,0.035277776,1.0,1.0,0.0,0.0,0.29395705,0.875,0.875,0.050272074,0.02509469,0.0,0.0,0.0,1.0,0.0,1.0,0.23,1.0,0.23,1.0,0.875,0.46666667,0.875,1.0,0.0,0.0,0.0,3.9487998,-0.6869319,-0.7197712,0.0,0.5
32.57754926040861,0.08700860397580001,12.60000000000008,57.40000000000002,0,0.08700860397580001,0.08700860397580001,70.0,0.40721938,0.2935043,0.5480344,0.035,1.0,1.0,0.0,0.0,0.2935043,0.875,0.875,0.05013194,0.024584442,0.0,0.0,0.0,1.0,0.0,1.0,0.23,1.0,0.23,1.0,0.875,0.46666667,0.875,1.0,0.0,0.0,0.0,3.951735,-0.7060059,-0.7004921,0.0,0.5
32.531768350997176,0.08610437150569439,12.500000000000085,57.50000000000002,0,0.08610437150569439,0.08610437150569439,70.0,0.40664712,0.2930522,0.5444175,0.034722224,1.0,1.0,0.0,0.0,0.2930522,0.875,0.875,0.049992047,0.024074884,0.0,0.0,0.0,1.0,0.0,1.0,0.23,1.0,0.23,1.0,0.875,0.46666667,0.875,1.0,0.0,0.0,0.0,3.963921,-0.73205024,-0.67437047,0.0,0.5
32.485997574391604,0.08520141057268305,12.400000000000091,57.60000000000002,0,0.08520141057268305,0.08520141057268305,70.0,0.40607497,0.2926007,0.54080564,0.034444444,1.0,1.0,0.0,0.0,0.2926007,0.875,0.875,0.04985236,0.023566036,0.0,0.0,0.0,1.0,0.0,1.0,0.23,1.0,0.23,1.0,0.875,0.46666667,0.875,1.0,0.0,0.0,0.0,3.9760754,-0.7580474,-0.64828426,0.0,0.5
32.440236919186,0.08429972089546922,12.300000000000097,57.700000000000024,0,0.08429972089546922,0.08429972089546922,70.0,0.40550297,0.29214987,0.5371989,0.034166668,1.0,1.0,0.0,0.0,0.29214987,0.875,0.875,0.04971291,0.023057872,0.0,0.0,0.0,1.0,0.0,1.0,0.23,1.0,0.23,1.0,0.875,0.46666667,0.875,1.0,0.0,0.0,0.0,3.988197,-0.78400165,-0.6222394,0.0,0.5
32.394486373983106,0.08339930219307945,12.200000000000102,57.800000000000026,0,0.08339930219307945,0.08339930219307945,70.0,0.40493107,0.29169965,0.53359723,0.033888888,1.0,1.0,0.0,0.0,0.29169965,0.875,0.875,0.04957367,0.02255042,0.0,0.0,0.0,1.0,0.0,1.0,0.23,1.0,0.23,1.0,0.875,0.46666667,0.875,1.0,0.0,0.0,0.0,4.0037203,-0.801261,-0.59151095,0.0,0.5
32.34874592739423,0.08250015418486711,12.100000000000108,57.90000000000003,0,0.08250015418486711,0.08250015418486711,70.0,0.4043593,0.29125008,0.5300006,0.03361111,1.0,1.0,0.0,0.0,0.29125008,0.875,0.875,0.049434666,0.022043658,0.0,0.0,0.0,1.0,0.0,1.0,0.23,1.0,0.23,1.0,0.875,0.46666667,0.875,1.0,0.0,0.0,0.0,4.019326,-0.8149119,-0.55974513,0.0,0.5
32.30301556803927,0.08160227659048402,12.000000000000114,58.00000000000003,0,0.08160227659048402,0.08160227659048402,70.0,0.4037877,0.29080114,0.5264091,0.033333335,1.0,1.0,0.0,0.0,0.29080114,0.875,0.875,0.049295876,0.021537602,0.0,0.0,0.0,1.0,0.0,1.0,0.23,1.0,0.23,1.0,0.875,0.46666667,0.875,1.0,0.0,0.0,0.0,4.034893,-0.82853276,-0.5280233,0.0,0.5
32.25729528454666,0.08070566912989108,11.90000000000012,58.10000000000003,0,0.08070566912989108,0.08070566912989108,70.0,0.40321618,0.29035282,0.5228227,0.033055555,1.0,1.0,0.0,0.0,0.29035282,0.875,0.875,0.04915731,0.02103224,0.0,0.0,0.0,1.0,0.0,1.0,0.23,1.0,0.23,1.0,0.875,0.46666667,0.875,1.0,0.0,0.0,0.0,4.050424,-0.8421212,-0.49634796,0.0,0.5
32.211585065553415,0.07981033152338668,11.800000000000125,58.20000000000003,0,0.07981033152338668,0.07981033152338668,70.0,0.4026448,0.28990516,0.51924133,0.03277778,1.0,1.0,0.0,0.0,0.28990516,0.875,0.875,0.049018964,0.020527577,0.0,0.0,0.0,1.0,0.0,1.0,0.23,1.0,0.23,1.0,0.875,0.46666667,0.875,1.0,0.0,0.0,0.0,4.0659127,-0.85568124,-0.46471757,0.0,0.5
32.16588489970508,0.07891626349156766,11.70000000000013,58.30000000000003,0,0.07891626349156766,0.07891626349156766,70.0,0.40207356,0.28945813,0.51566505,0.0325,1.0,1.0,0.0,0.0,0.28945813,0.875,0.875,0.04888084,0.020023616,0.0,0.0,0.0,1.0,0.0,1.0,0.23,1.0,0.23,1.0,0.875,0.46666667,0.875,1.0,0.0,0.0,0.0,4.081368,-0.8692072,-0.433129,0.0,0.5
32.12019477565572,0.07802346475536126,11.600000000000136,58.400000000000034,0,0.07802346475536126,0.07802346475536126,70.0,0.40150243,0.28901175,0.51209384,0.032222223,1.0,1.0,0.0,0.0,0.28901175,0.875,0.875,0.048742943,0.019520348,0.0,0.0,0.0,1.0,0.0,1.0,0.23,1.0,0.23,1.0,0.875,0.46666667,0.875,1.0,0.0,0.0,0.0,4.0945334,-0.8822511,-0.4005844,0.0,0.5
32.07451468206792,0.07713193503600024,11.500000000000142,58.500000000000036,0,0.07713193503600024,0.07713193503600024,70.0,0.40093145,0.28856596,0.50852776,0.031944446,1.0,1.0,0.0,0.0,0.28856596,0.875,0.875,0.048605256,0.019017786,0.0,0.0,0.0,1.0,0.0,1.0,0.23,1.0,0.23,1.0,0.875,0.46666667,0.875,1.0,0.0,0.0,0.0,4.105387,-0.894811,-0.36707133,0.0,0.5
32.02884460761278,0.07624167405502646,11.400000000000148,58.60000000000004,0,0.07624167405502646,0.07624167405502646,70.0,0.40036055,0.28812084,0.5049667,0.031666666,1.0,1.0,0.0,0.0,0.28812084,0.875,0.875,0.048467807,0.018515911,0.0,0.0,0.0,1.0,0.0,1.0,0.23,1.0,0.23,1.0,0.875,0.46666667,0.875,1.0,0.0,0.0,0.0,4.1162076,-0.9073325,-0.33360237,0.0,0.5
31.983184540969884,0.07535268153431218,11.300000000000153,58.70000000000004,0,0.07535268153431218,0.07535268153431218,70.0,0.3997898,0.28767633,0.5014107,0.03138889,1.0,1.0,0.0,0.0,0.28767633,0.875,0.875,0.048330564,0.018014746,0.0,0.0,0.0,1.0,0.0,1.0,0.23,1.0,0.23,1.0,0.875,0.46666667,0.875,1.0,0.0,0.0,0.0,4.126991,-0.9198325,-0.30018312,0.0,0.5
31.93753447082727,0.07446495719602808,11.20000000000016,58.80000000000004,0,0.07446495719602808,0.07446495719602808,70.0,0.3992192,0.2872325,0.49785984,0.031111112,1.0,1.0,0.0,0.0,0.2872325,0.875,0.875,0.048193555,0.017514266,0.0,0.0,0.0,1.0,0.0,1.0,0.23,1.0,0.23,1.0,0.875,0.46666667,0.875,1.0,0.0,0.0,0.0,4.137649,-0.93200713,-0.2667845,0.0,0.5
31.89189438588148,0.0735785007626717,11.100000000000165,58.90000000000004,0,0.0735785007626717,0.0735785007626717,70.0,0.39864868,0.28678924,0.49431401,0.030833334,1.0,1.0,0.0,0.0,0.28678924,0.875,0.875,0.04805676,0.017014496,0.0,0.0,0.0,1.0,0.0,1.0,0.23,1.0,0.23,1.0,0.875,0.46666667,0.875,1.0,0.0,0.0,0.0,4.150056,-0.9404364,-0.21759313,0.0,0.5
31.846264274837484,0.07269331195705675,11.00000000000017,59.00000000000004,0,0.07269331195705675,0.07269331195705675,70.0,0.3980783,0.28634664,0.49077326,0.030555556,1.0,1.0,0.0,0.0,0.28634664,0.875,0.875,0.04792019,0.016515415,0.0,0.0,0.0,1.0,0.0,1.0,0.23,1.0,0.23,1.0,0.875,0.46666667,0.875,1.0,0.0,0.0,0.0,4.1630554,-0.94889003,-0.16765326,0.009999999999999998,0.6
31.80064412640871,0.0718093905022883,10.900000000000176,59.100000000000044,0,0.0718093905022883,0.0718093905022883,70.0,0.39750805,0.2859047,0.48723757,0.030277777,1.0,1.0,0.0,0.0,0.2859047,0.875,0.875,0.047783837,0.016017037,0.0,0.0,0.0,1.0,0.0,1.0,0.23,1.0,0.23,1.0,0.875,0.46666667,0.875,1.0,0.0,0.0,0.0,4.1684675,-0.96140677,-0.12113005,0.009999999999999998,0.6
31.755033929317,0.07092673612180178,10.800000000000182,59.200000000000045,0,0.07092673612180178,0.07092673612180178,70.0,0.39693794,0.28546336,0.48370695,0.03,1.0,1.0,0.0,0.0,0.28546336,0.875,0.875,0.047647703,0.0155193545,0.0,0.0,0.0,1.0,0.0,1.0,0.23,1.0,0.23,1.0,0.875,0.46666667,0.875,1.0,0.0,0.0,0.0,4.1675224,-0.9644533,-0.06947976,0.009999999999999998,0.6
31.709433672292626,0.0700453485393524,10.700000000000188,59.30000000000005,0,0.0700453485393524,0.0700453485393524,70.0,0.3963679,0.28502268,0.4801814,0.029722223,1.0,1.0,0.0,0.0,0.28502268,0.875,0.875,0.047511794,0.015022369,0.0,0.0,0.0,1.0,0.0,1.0,0.23,1.0,0.23,1.0,0.875,0.46666667,0.875,1.0,0.0,0.0,0.0,4.175614,-0.9491232,-0.01300174,0.009999999999999998,0.6
31.66384334407425,0.06916522747899023,10.600000000000193,59.40000000000005,0,0.06916522747899023,0.06916522747899023,70.0,0.39579803,0.2845826,0.4766609,0.029444445,1.0,1.0,0.0,0.0,0.2845826,0.875,0.875,0.0473761,0.014526084,0.0,0.0,0.0,1.0,0.0,1.0,0.23,1.0,0.23,1.0,0.875,0.46666667,0.875,1.0,0.0,0.0,0.0,4.1818867,-0.9319361,0.04027742,0.009999999999999998,0.6
31.61826293340896,0.06828637266508863,10.500000000000199,59.50000000000005,0,0.06828637266508863,0.06828637266508863,70.0,0.3952283,0.28414318,0.47314548,0.029166667,1.0,1.0,0.0,0.0,0.28414318,0.875,0.875,0.047240634,0.014030492,0.0,0.0,0.0,1.0,0.0,1.0,0.23,1.0,0.23,1.0,0.875,0.46666667,0.875,1.0,0.0,0.0,0.0,4.1878214,-0.9145027,0.09377891,0.009999999999999998,0.6
31.57269242905219,0.06740878382233362,10.400000000000205,59.60000000000005,0,0.06740878382233362,0.06740878382233362,70.0,0.39465865,0.2837044,0.46963513,0.028888889,1.0,1.0,0.0,0.0,0.2837044,0.875,0.875,0.04710538,0.013535604,0.0,0.0,0.0,1.0,0.0,1.0,0.23,1.0,0.23,1.0,0.875,0.46666667,0.875,1.0,0.0,0.0,0.0,4.193723,-0.8970857,0.14719683,0.009999999999999998,0.6
31.527131819767753,0.06653246067571672,10.30000000000021,59.70000000000005,0,0.06653246067571672,0.06653246067571672,70.0,0.39408916,0.28326622,0.46612984,0.02861111,1.0,1.0,0.0,0.0,0.28326622,0.875,0.875,0.046970356,0.013041404,0.0,0.0,0.0,1.0,0.0,1.0,0.23,1.0,0.23,1.0,0.875,0.46666667,0.875,1.0,0.0,0.0,0.0,4.199592,-0.8796907,0.20053476,0.009999999999999998,0.6
31.48158109432782,0.06565740295055278,10.200000000000216,59.800000000000054,0,0.06565740295055278,0.06565740295055278,70.0,0.39351976,0.2828287,0.46262962,0.028333334,1.0,1.0,0.0,0.0,0.2828287,0.875,0.875,0.046835534,0.012547912,0.0,0.0,0.0,1.0,0.0,1.0,0.23,1.0,0.23,1.0,0.875,0.46666667,0.875,1.0,0.0,0.0,0.0,4.2054276,-0.86230975,0.25378793,0.009999999999999998,0.6
31.43604024151292,0.06478361037246572,10.100000000000222,59.900000000000055,0,0.06478361037246572,0.06478361037246572,70.0,0.3929505,0.28239182,0.45913443,0.028055556,1.0,1.0,0.0,0.0,0.28239182,0.875,0.875,0.046700954,0.012055105,0.0,0.0,0.0,1.0,0.0,1.0,0.23,1.0,0.23,1.0,0.875,0.46666667,0.875,1.0,0.0,0.0,0.0,4.211234,-0.844951,0.30696267,0.009999999999999998,0.6
31.390509250111904,0.06391108266738144,10.000000000000227,60.00000000000006,0,0.06391108266738144,0.06391108266738144,70.0,0.39238137,0.28195554,0.45564434,0.027777778,1.0,1.0,0.0,0.0,0.28195554,0.875,0.875,0.046566576,0.011563005,0.0,0.0,0.0,1.0,0.0,1.0,0.23,1.0,0.23,1.0,0.875,0.46666667,0.875,1.0,0.0,0.0,0.0,4.1933594,-0.83028394,0.36599153,0.009999999999999998,0.6
31.344988108921935,0.06303981956154203,9.900000000000233,60.10000000000006,0,0.06303981956154203,0.06303981956154203,70.0,0.39181235,0.28151992,0.4521593,0.0275,1.0,1.0,0.0,0.0,0.28151992,0.875,0.875,0.046432428,0.0110715935,0.0,0.0,0.0,1.0,0.0,1.0,0.23,1.0,0.23,1.0,0.875,0.46666667,0.875,1.0,0.0,0.0,0.0,4.165989,-0.82250744,0.43656403,0.009999999999999998,0.6
31.299476806748494,0.06216982078150224,9.800000000000239,60.20000000000006,0,0.06216982078150224,0.06216982078150224,70.0,0.39124346,0.28108492,0.44867927,0.027222222,1.0,1.0,0.0,0.0,0.28108492,0.875,0.875,0.046298493,0.010580885,0.0,0.0,0.0,1.0,0.0,1.0,0.23,1.0,0.23,1.0,0.875,0.46666667,0.875,1.0,0.0,0.0,0.0,4.136616,-0.81735307,0.51319224,0.009999999999999998,0.6
31.25397533240536,0.06130108605412232,9.700000000000244,60.30000000000006,0,0.06130108605412232,0.06130108605412232,70.0,0.39067468,0.28065056,0.44520435,0.026944444,1.0,1.0,0.0,0.0,0.28065056,0.875,0.875,0.04616478,0.010090869,0.0,0.0,0.0,1.0,0.0,1.0,0.23,1.0,0.23,1.0,0.875,0.46666667,0.875,1.0,0.0,0.0,0.0,4.1070085,-0.81394607,0.59162027,0.019999999999999997,0.7
31.2084836747146,0.06043361510658585,9.60000000000025,60.40000000000006,0,0.06043361510658585,0.06043361510658585,70.0,0.39010605,0.2802168,0.44173446,0.026666667,1.0,1.0,0.0,0.0,0.2802168,0.875,0.875,0.046031285,0.009601552,0.0,0.0,0.0,1.0,0.0,1.0,0.23,1.0,0.23,1.0,0.875,0.46666667,0.875,1.0,0.0,0.0,0.0,4.0844913,-0.79061824,0.6856639,0.019999999999999997,0.7
31.163001822506544,0.059567407666374805,9.500000000000256,60.500000000000064,0,0.059567407666374805,0.059567407666374805,70.0,0.3895375,0.2797837,0.43826964,0.02638889,1.0,1.0,0.0,0.0,0.2797837,0.875,0.875,0.04589801,0.009112932,0.0,0.0,0.0,1.0,0.0,1.0,0.23,1.0,0.23,1.0,0.875,0.46666667,0.875,1.0,0.0,0.0,0.0,4.0559034,-0.7571028,0.7832481,0.019999999999999997,0.7
31.117529764619793,0.05870246346128383,9.400000000000261,60.600000000000065,0,0.05870246346128383,0.05870246346128383,70.0,0.38896912,0.27935123,0.43480986,0.026111111,1.0,1.0,0.0,0.0,0.27935123,0.875,0.875,0.045764957,0.008625005,0.0,0.0,0.0,1.0,0.0,1.0,0.23,1.0,0.23,1.0,0.875,0.46666667,0.875,1.0,0.0,0.0,0.0,4.0266953,-0.7149146,0.8882512,0.019999999999999997,0.7
31.072067489901194,0.05783878221942729,9.300000000000267,60.70000000000007,0,0.05783878221942729,0.05783878221942729,70.0,0.38840085,0.2789194,0.43135512,0.025833333,1.0,1.0,0.0,0.0,0.2789194,0.875,0.875,0.045632113,0.008137779,0.0,0.0,0.0,1.0,0.0,1.0,0.23,1.0,0.23,1.0,0.875,0.46666667,0.875,1.0,0.0,0.0,0.0,3.9982765,-0.6720293,0.99454176,0.019999999999999997,0.7
31.02661498720583,0.05697636366920733,9.200000000000273,60.80000000000007,0,0.05697636366920733,0.05697636366920733,70.0,0.3878327,0.2784882,0.42790544,0.025555555,1.0,1.0,0.0,0.0,0.2784882,0.875,0.875,0.045499496,0.007651244,0.0,0.0,0.0,1.0,0.0,1.0,0.23,1.0,0.23,1.0,0.875,0.46666667,0.875,1.0,0.0,0.0,0.0,3.9734943,-0.62629205,1.106288,0.019999999999999997,0.7
30.981172245396998,0.05611520753936006,9.100000000000279,60.90000000000007,0,0.05611520753936006,0.05611520753936006,70.0,0.38726464,0.2780576,0.42446083,0.025277779,1.0,1.0,0.0,0.0,0.2780576,0.875,0.875,0.04536709,0.007165413,0.0,0.0,0.0,1.0,0.0,1.0,0.23,1.0,0.23,1.0,0.875,0.46666667,0.875,1.0,0.0,0.0,0.0,3.9436255,-0.562527,1.2225807,0.019999999999999997,0.7
30.93573925334623,0.055255313558919994,9.000000000000284,61.00000000000007,0,0.055255313558919994,0.055255313558919994,70.0,0.38669673,0.27762765,0.42102125,0.025,1.0,1.0,0.0,0.0,0.27762765,0.875,0.875,0.04523491,0.0066802674,0.0,0.0,0.0,1.0,0.0,1.0,0.23,1.0,0.23,1.0,0.875,0.46666667,0.875,1.0,0.0,0.0,0.0,3.9132948,-0.49724752,1.339112,0.019999999999999997,0.7
30.890315999933243,0.0543966814572272,8.90000000000029,61.10000000000007,0,0.0543966814572272,0.0543966814572272,70.0,0.38612896,0.27719834,0.4175867,0.024722222,1.0,1.0,0.0,0.0,0.27719834,0.875,0.875,0.045102935,0.0061958297,0.0,0.0,0.0,1.0,0.0,1.0,0.23,1.0,0.23,1.0,0.875,0.46666667,0.875,1.0,0.0,0.0,0.0,3.8830018,-0.4320503,1.4554679,0.019999999999999997,0.7
30.844902474045952,0.05353931096393438,8.800000000000296,61.200000000000074,0,0.05353931096393438,0.05353931096393438,70.0,0.3855613,0.27676967,0.41415724,0.024444444,1.0,1.0,0.0,0.0,0.27676967,0.875,0.875,0.044971198,0.0057120747,0.0,0.0,0.0,1.0,0.0,1.0,0.23,1.0,0.23,1.0,0.875,0.46666667,0.875,1.0,0.0,0.0,0.0,3.8527446,-0.36693603,1.57164,0.019999999999999997,0.7
30.799498664580454,0.052683201808996216,8.700000000000301,61.300000000000075,0,0.052683201808996216,0.052683201808996216,70.0,0.38499373,0.2763416,0.4107328,0.024166666,1.0,1.0,0.0,0.0,0.2763416,0.875,0.875,0.04483966,0.0052290265,0.0,0.0,0.0,1.0,0.0,1.0,0.23,1.0,0.23,1.0,0.875,0.46666667,0.875,1.0,0.0,0.0,0.0,3.8221521,-0.30112892,1.689229,0.019999999999999997,0.7
30.754104560440993,0.051828353722687126,8.600000000000307,61.40000000000008,0,0.051828353722687126,0.051828353722687126,70.0,0.3844263,0.27591416,0.4073134,0.02388889,1.0,1.0,0.0,0.0,0.27591416,0.875,0.875,0.044708356,0.0047466652,0.0,0.0,0.0,1.0,0.0,1.0,0.23,1.0,0.23,1.0,0.875,0.46666667,0.875,1.0,0.0,0.0,0.0,3.7915323,-0.23525815,1.8069355,0.019999999999999997,0.7
30.708720150539985,0.050974766435590624,8.500000000000313,61.50000000000008,0,0.050974766435590624,0.050974766435590624,70.0,0.383859,0.2754874,0.40389907,0.023611112,1.0,1.0,0.0,0.0,0.2754874,0.875,0.875,0.044577256,0.0042650066,0.0,0.0,0.0,1.0,0.0,1.0,0.23,1.0,0.23,1.0,0.875,0.46666667,0.875,1.0,0.0,0.0,0.0,3.7608569,-0.17068939,1.9230714,0.009999999999999998,0.6
30.66334542379799,0.05012243967858154,8.400000000000318,61.60000000000008,0,0.05012243967858154,0.05012243967858154,70.0,0.3832918,0.27506122,0.40048975,0.023333333,1.0,1.0,0.0,0.0,0.27506122,0.875,0.875,0.044446383,0.0037840386,0.0,0.0,0.0,1.0,0.0,1.0,0.23,1.0,0.23,1.0,0.875,0.46666667,0.875,1.0,0.0,0.0,0.0,3.7301526,-0.10706858,2.0380363,0.009999999999999998,0.6
30.617980369143684,0.04927137318285446,8.300000000000324,61.70000000000008,0,0.04927137318285446,0.04927137318285446,70.0,0.38272476,0.27463567,0.3970855,0.023055555,1.0,1.0,0.0,0.0,0.27463567,0.875,0.875,0.044315718,0.0033037688,0.0,0.0,0.0,1.0,0.0,1.0,0.23,1.0,0.23,1.0,0.875,0.46666667,0.875,1.0,0.0,0.0,0.0,3.6995058,-0.0434864,2.152741,0.009999999999999998,0.6
30.57262497551388,0.04842156667990949,8.20000000000033,61.80000000000008,0,0.04842156667990949,0.04842156667990949,70.0,0.3821578,0.27421078,0.39368626,0.022777777,1.0,1.0,0.0,0.0,0.27421078,0.875,0.875,0.044185277,0.0028241936,0.0,0.0,0.0,1.0,0.0,1.0,0.23,1.0,0.23,1.0,0.875,0.46666667,0.875,1.0,0.0,0.0,0.0,3.6689107,0.020047382,2.2672133,0.009999999999999998,0.6
30.52727923185348,0.047573019901555824,8.100000000000335,61.900000000000084,0,0.047573019901555824,0.047573019901555824,70.0,0.381591,0.27378651,0.39029208,0.0225,1.0,1.0,0.0,0.0,0.27378651,0.875,0.875,0.044055052,0.0023453126,0.0,0.0,0.0,1.0,0.0,1.0,0.23,1.0,0.23,1.0,0.875,0.46666667,0.875,1.0,0.0,0.0,0.0,3.6383889,0.08402796,2.3827474,0.009999999999999998,0.6
30.481943127115496,0.046725732579904644,8.000000000000341,62.000000000000085,0,0.046725732579904644,0.046725732579904644,70.0,0.3810243,0.27336287,0.38690293,0.022222223,1.0,1.0,0.0,0.0,0.27336287,0.875,0.875,0.04392504,0.0018671297,0.0,0.0,0.0,1.0,0.0,1.0,0.23,1.0,0.23,1.0,0.875,0.46666667,0.875,1.0,0.0,0.0,0.0,3.6079123,0.14801021,2.4982822,0.0,0.5
30.436616650261012,0.045879704447379765,7.900000000000347,62.10000000000009,0,0.045879704447379765,0.045879704447379765,70.0,0.3804577,0.27293986,0.38351882,0.021944445,1.0,1.0,0.0,0.0,0.27293986,0.875,0.875,0.04379525,0.0013896372,0.0,0.0,0.0,1.0,0.0,1.0,0.23,1.0,0.23,1.0,0.875,0.46666667,0.875,1.0,0.0,0.0,0.0,3.5774739,0.21191259,2.6136408,0.0,0.5
30.391299790259193,0.04503493523670343,7.800000000000352,62.20000000000009,0,0.04503493523670343,0.04503493523670343,70.0,0.37989125,0.27251747,0.38013974,0.021666666,1.0,1.0,0.0,0.0,0.27251747,0.875,0.875,0.043665666,0.00091284624,0.0,0.0,0.0,1.0,0.0,1.0,0.23,1.0,0.23,1.0,0.875,0.46666667,0.875,1.0,0.0,0.0,0.0,3.547071,0.275737,2.7288182,0.0,0.5
30.34599253608726,0.04419142468091053,7.700000000000358,62.30000000000009,0,0.04419142468091053,0.04419142468091053,70.0,0.3793249,0.2720957,0.3767657,0.021388888,1.0,1.0,0.0,0.0,0.2720957,0.875,0.875,0.043536313,0.0004367418,0.0,0.0,0.0,1.0,0.0,1.0,0.23,1.0,0.23,1.0,0.875,0.46666667,0.875,1.0,0.0,0.0,0.0,3.5025961,0.3209812,2.827133,0.0,0.5
30.300694876730475,0.04334917251334147,7.600000000000364,62.40000000000009,0,0.04334917251334147,0.04334917251334147,70.0,0.3787587,0.27167457,0.3733967,0.02111111,1.0,1.0,0.0,0.0,0.27167457,0.875,0.875,0.043407157,-3.865756e-05,0.0,0.0,0.0,1.0,0.0,1.0,0.23,1.0,0.23,1.0,0.875,0.46666667,0.875,1.0,0.0,0.0,0.0,3.4543757,0.36156315,2.9242415,0.0,0.5
30.255406801182154,0.042508178467649316,7.5000000000003695,62.50000000000009,0,0.042508178467649316,0.042508178467649316,70.0,0.37819257,0.2712541,0.37003273,0.020833334,1.0,1.0,0.0,0.0,0.2712541,0.875,0.875,0.04327824,-0.0005133742,0.0,0.0,0.0,1.0,0.0,1.0,0.23,1.0,0.23,1.0,0.875,0.46666667,0.875,1.0,0.0,0.0,0.0,3.4083114,0.4163713,3.031635,0.0,0.5
30.210128298443635,0.041668442277774886,7.400000000000375,62.600000000000094,0,0.041668442277774886,0.041668442277774886,70.0,0.3776266,0.2708342,0.36667377,0.020555556,1.0,1.0,0.0,0.0,0.2708342,0.875,0.875,0.04314952,-0.0009873846,0.0,0.0,0.0,1.0,0.0,1.0,0.23,1.0,0.23,1.0,0.875,0.46666667,0.875,1.0,0.0,0.0,0.0,3.3636696,0.47330374,3.1396751,-0.009999999999999998,0.4
30.164859357524257,0.040829963677982306,7.300000000000381,62.700000000000095,0,0.040829963677982306,0.040829963677982306,70.0,0.37706074,0.27041498,0.36331984,0.020277778,1.0,1.0,0.0,0.0,0.27041498,0.875,0.875,0.04302103,-0.0014607116,0.0,0.0,0.0,1.0,0.0,1.0,0.23,1.0,0.23,1.0,0.875,0.46666667,0.875,1.0,0.0,0.0,0.0,3.31961,0.5305771,3.247936,-0.05,0.0
30.119599967441378,0.03999274240282702,7.2000000000003865,62.8000000000001,0,0.03999274240282702,0.03999274240282702,70.0,0.376495,0.26999637,0.35997096,0.02,1.0,1.0,0.0,0.0,0.26999637,0.875,0.875,0.042892743,-0.0019333346,0.0,0.0,0.0,1.0,0.0,1.0,0.23,1.0,0.23,1.0,0.875,0.46666667,0.875,1.0,0.0,0.0,0.0,3.2746139,0.5898823,3.352895,0.04000000000000001,0.9
29.82437377693116,0.03916059739053068,7.100000000000392,0.1,2,0.03916059739053068,0.03916059739053068,70.0,0.37280467,0.2695803,0.3566424,0.019722221,0.0033333334,0.0,0.0,1.0,0.2695803,0.875,0.875,0.0420606,-0.0019333346,0.0,0.0,0.0,1.0,0.0,1.0,0.23,1.0,0.23,1.0,0.875,1.0,0.875,1.0,0.0,0.0,0.0,-0.8429215,-0.79792315,3.325928,0.04000000000000001,0.9
29.529209449695387,0.038336652159713935,7.000000000000398,0.2,2,0.038336652159713935,0.038336652159713935,70.0,0.3691151,0.26916832,0.35334662,0.019444445,0.006666667,0.0,0.0,1.0,0.26916832,0.875,0.875,0.041236654,-0.0019333346,0.0,0.0,0.0,1.0,0.0,1.0,0.23,1.0,0.23,1.0,0.875,1.0,0.875,1.0,0.0,0.0,0.0,-0.8580401,-0.80122906,3.2922738,0.04000000000000001,0.9
29.234106591704215,0.03752090499796523,6.900000000000404,0.30000000000000004,2,0.03752090499796523,0.03752090499796523,70.0,0.36542633,0.26876044,0.35008362,0.019166667,0.01,0.0,0.0,1.0,0.26876044,0.875,0.875,0.04042091,-0.0019333346,0.0,0.0,0.0,1.0,0.0,1.0,0.23,1.0,0.23,1.0,0.875,1.0,0.875,1.0,0.0,0.0,0.0,-0.87686956,-0.80830723,3.2564785,0.04000000000000001,0.9
28.939064809247995,0.03671335420382604,6.800000000000409,0.4,2,0.03671335420382604,0.03671335420382604,70.0,0.36173832,0.26835668,0.3468534,0.018888889,0.013333334,0.0,0.0,1.0,0.26835668,0.875,0.875,0.039613355,-0.0019333346,0.0,0.0,0.0,1.0,0.0,1.0,0.23,1.0,0.23,1.0,0.875,1.0,0.875,1.0,0.0,0.0,0.0,-0.89438176,-0.8157683,3.2219303,0.04000000000000001,0.9
28.64408370893514,0.035913998086765986,6.700000000000415,0.5,2,0.035913998086765986,0.035913998086765986,70.0,0.35805103,0.267957,0.343656,0.01861111,0.016666668,0.0,0.0,1.0,0.267957,0.875,0.875,0.038814,-0.0019333346,0.0,0.0,0.0,1.0,0.0,1.0,0.23,1.0,0.23,1.0,0.875,1.0,0.875,1.0,0.0,0.0,0.0,-0.90001905,-0.81476265,3.2007272,0.04000000000000001,0.9
28.349162897689972,0.03512283496717927,6.600000000000421,0.6,2,0.03512283496717927,0.03512283496717927,70.0,0.35436454,0.2675614,0.34049135,0.018333333,0.02,0.0,0.0,1.0,0.2675614,0.875,0.875,0.03802284,-0.0019333346,0.0,0.0,0.0,1.0,0.0,1.0,0.23,1.0,0.23,1.0,0.875,1.0,0.875,1.0,0.0,0.0,0.0,-0.9065536,-0.8144508,3.1781807,0.04000000000000001,0.9
28.054301982750605,0.03433986317636695,6.500000000000426,0.7,2,0.03433986317636695,0.03433986317636695,70.0,0.35067877,0.26716992,0.33735946,0.018055556,0.023333333,0.0,0.0,1.0,0.26716992,0.875,0.875,0.037239864,-0.0019333346,0.0,0.0,0.0,1.0,0.0,1.0,0.23,1.0,0.23,1.0,0.875,1.0,0.875,1.0,0.0,0.0,0.0,-0.9199362,-0.8198338,3.1465735,0.04000000000000001,0.9
27.759500571666777,0.03356508105654399,6.400000000000432,0.7999999999999999,2,0.03356508105654399,0.03356508105654399,70.0,0.34699374,0.26678255,0.3342603,0.017777778,0.026666667,0.0,0.0,1.0,0.26678255,0.875,0.875,0.036465082,-0.0019333346,0.0,0.0,0.0,1.0,0.0,1.0,0.23,1.0,0.23,1.0,0.875,1.0,0.875,1.0,0.0,0.0,0.0,-0.9323231,-0.823783,3.1154938,0.04000000000000001,0.9
27.464758272297725,0.03279848696081089,6.300000000000438,0.8999999999999999,2,0.03279848696081089,0.03279848696081089,70.0,0.3433095,0.26639923,0.33119395,0.0175,0.03,0.0,0.0,1.0,0.26639923,0.875,0.875,0.03569849,-0.0019333346,0.0,0.0,0.0,1.0,0.0,1.0,0.23,1.0,0.23,1.0,0.875,1.0,0.875,1.0,0.0,0.0,0.0,-0.94394636,-0.8262611,3.0871465,0.04000000000000001,0.9
27.17007469281006,0.03204007925316432,6.200000000000443,0.9999999999999999,2,0.03204007925316432,0.03204007925316432,70.0,0.33962592,0.26602003,0.32816032,0.017222222,0.033333335,0.0,0.0,1.0,0.26602003,0.875,0.875,0.034940083,-0.0019333346,0.0,0.0,0.0,1.0,0.0,1.0,0.23,1.0,0.23,1.0,0.875,1.0,0.875,1.0,0.0,0.0,0.0,-0.95202017,-0.8248611,3.0632234,0.04000000000000001,0.9
26.87544944167562,0.03128985630847225,6.100000000000449,1.0999999999999999,2,0.03128985630847225,0.03128985630847225,70.0,0.33594313,0.26564494,0.32515943,0.016944444,0.036666665,0.0,0.0,1.0,0.26564494,0.875,0.875,0.034189858,-0.0019333346,0.0,0.0,0.0,1.0,0.0,1.0,0.23,1.0,0.23,1.0,0.875,1.0,0.875,1.0,0.0,0.0,0.0,-0.9599887,-0.82349163,3.039039,0.04000000000000001,0.9
26.580882127669376,0.030547816512495274,6.000000000000455,1.2,2,0.030547816512495274,0.030547816512495274,70.0,0.33226103,0.2652739,0.32219127,0.016666668,0.04,0.0,0.0,1.0,0.2652739,0.875,0.875,0.033447817,-0.0019333346,0.0,0.0,0.0,1.0,0.0,1.0,0.23,1.0,0.23,1.0,0.875,1.0,0.875,1.0,0.0,0.0,0.0,-0.9678482,-0.8221465,3.0145996,0.04000000000000001,0.9
26.286372359867293,0.0298139582618262,5.90000000000046,1.3,2,0.0298139582618262,0.0298139582618262,70.0,0.32857966,0.26490697,0.31925583,0.01638889,0.043333333,0.0,0.0,1.0,0.26490697,0.875,0.875,0.03271396,-0.0019333346,0.0,0.0,0.0,1.0,0.0,1.0,0.23,1.0,0.23,1.0,0.875,1.0,0.875,1.0,0.0,0.0,0.0,-0.97433436,-0.81753784,2.9890077,0.04000000000000001,0.9
25.9919197476442,0.02908827996393626,5.800000000000466,1.4000000000000001,2,0.02908827996393626,0.02908827996393626,70.0,0.324899,0.26454413,0.3163531,0.016111111,0.046666667,0.0,0.0,1.0,0.26454413,0.875,0.875,0.03198828,-0.0019333346,0.0,0.0,0.0,1.0,0.0,1.0,0.23,1.0,0.23,1.0,0.875,1.0,0.875,1.0,0.0,0.0,0.0,-0.96741045,-0.80211073,2.964304,0.04000000000000001,0.9
25.69752390067169,0.028370780037139554,5.700000000000472,1.5000000000000002,2,0.028370780037139554,0.028370780037139554,70.0,0.32121906,0.2641854,0.31348312,0.015833333,0.05,0.0,0.0,1.0,0.2641854,0.875,0.875,0.031270783,-0.0019333346,0.0,0.0,0.0,1.0,0.0,1.0,0.23,1.0,0.23,1.0,0.875,1.0,0.875,1.0,0.0,0.0,0.0,-0.9513011,-0.77971035,2.936663,0.04000000000000001,0.9
25.403184428916028,0.027661456910578863,5.6000000000004775,1.6000000000000003,2,0.027661456910578863,0.027661456910578863,70.0,0.3175398,0.26383072,0.31064582,0.015555556,0.053333335,0.0,0.0,1.0,0.26383072,0.875,0.875,0.030561458,-0.0019333346,0.0,0.0,0.0,1.0,0.0,1.0,0.23,1.0,0.23,1.0,0.875,1.0,0.875,1.0,0.0,0.0,0.0,-0.9360732,-0.7579852,2.905996,0.04000000000000001,0.9
25.108900942636016,0.02696030902422919,5.500000000000483,1.7000000000000004,2,0.02696030902422919,0.02696030902422919,70.0,0.31386125,0.26348016,0.30784124,0.015277778,0.05666667,0.0,0.0,1.0,0.26348016,0.875,0.875,0.02986031,-0.0019333346,0.0,0.0,0.0,1.0,0.0,1.0,0.23,1.0,0.23,1.0,0.875,1.0,0.875,1.0,0.0,0.0,0.0,-0.9248811,-0.7410889,2.8716888,0.04000000000000001,0.9
24.814673052380883,0.02626733482888355,5.400000000000489,1.8000000000000005,2,0.02626733482888355,0.02626733482888355,70.0,0.3101834,0.26313367,0.30506933,0.015,0.06,0.0,0.0,1.0,0.26313367,0.875,0.875,0.029167337,-0.0019333346,0.0,0.0,0.0,1.0,0.0,1.0,0.23,1.0,0.23,1.0,0.875,1.0,0.875,1.0,0.0,0.0,0.0,-0.91355646,-0.7244597,2.840574,0.04000000000000001,0.9
24.520500368988206,0.02558253278615652,5.3000000000004945,1.9000000000000006,2,0.02558253278615652,0.02558253278615652,70.0,0.30650625,0.26279128,0.30233014,0.014722222,0.06333333,0.0,0.0,1.0,0.26279128,0.875,0.875,0.028482534,-0.0019333346,0.0,0.0,0.0,1.0,0.0,1.0,0.23,1.0,0.23,1.0,0.875,1.0,0.875,1.0,0.0,0.0,0.0,-0.9021338,-0.7078448,2.809354,0.04000000000000001,0.9
24.2263825035818,0.02490590136847004,5.2000000000005,2.0000000000000004,2,0.02490590136847004,0.02490590136847004,70.0,0.30282977,0.26245296,0.2996236,0.014444444,0.06666667,0.0,0.0,1.0,0.26245296,0.875,0.875,0.027805904,-0.0019333346,0.0,0.0,0.0,1.0,0.0,1.0,0.23,1.0,0.23,1.0,0.875,1.0,0.875,1.0,0.0,0.0,0.0,-0.890617,-0.6912442,2.7780259,0.04000000000000001,0.9
23.93231906756962,0.024237439059042742,5.100000000000506,2.1000000000000005,2,0.024237439059042742,0.024237439059042742,70.0,0.29915398,0.26211873,0.29694974,0.014166667,0.07,0.0,0.0,1.0,0.26211873,0.875,0.875,0.027137442,-0.0019333346,0.0,0.0,0.0,1.0,0.0,1.0,0.23,1.0,0.23,1.0,0.875,1.0,0.875,1.0,0.0,0.0,0.0,-0.87900317,-0.67466027,2.746593,0.04000000000000001,0.9
23.638309672641693,0.02357714435186864,5.000000000000512,2.2000000000000006,2,0.02357714435186864,0.02357714435186864,70.0,0.29547888,0.26178858,0.29430857,0.013888889,0.07333333,0.0,0.0,1.0,0.26178858,0.875,0.875,0.026477147,-0.0019333346,0.0,0.0,0.0,1.0,0.0,1.0,0.23,1.0,0.23,1.0,0.875,1.0,0.875,1.0,0.0,0.0,0.0,-0.8648175,-0.6628662,2.716827,0.04000000000000001,0.9
23.344353930767994,0.022925015751756206,4.900000000000517,2.3000000000000007,2,0.022925015751756206,0.022925015751756206,70.0,0.29180443,0.2614625,0.29170007,0.013611111,0.07666667,0.0,0.0,1.0,0.2614625,0.875,0.875,0.025825018,-0.0019333346,0.0,0.0,0.0,1.0,0.0,1.0,0.23,1.0,0.23,1.0,0.875,1.0,0.875,1.0,0.0,0.0,0.0,-0.8522297,-0.65732914,2.6862736,0.04000000000000001,0.9
23.050451454196367,0.022281051774250216,4.800000000000523,2.400000000000001,2,0.022281051774250216,0.022281051774250216,70.0,0.28813064,0.26114053,0.28912422,0.013333334,0.08,0.0,0.0,1.0,0.26114053,0.875,0.875,0.025181053,-0.0019333346,0.0,0.0,0.0,1.0,0.0,1.0,0.23,1.0,0.23,1.0,0.875,1.0,0.875,1.0,0.0,0.0,0.0,-0.84004176,-0.6537929,2.6553879,0.04000000000000001,0.9
22.75660185545047,0.021645250945685035,4.700000000000529,2.500000000000001,2,0.021645250945685035,0.021645250945685035,70.0,0.28445753,0.26082262,0.286581,0.0130555555,0.083333336,0.0,0.0,1.0,0.26082262,0.875,0.875,0.024545252,-0.0019333346,0.0,0.0,0.0,1.0,0.0,1.0,0.23,1.0,0.23,1.0,0.875,1.0,0.875,1.0,0.0,0.0,0.0,-0.8277377,-0.6500707,2.6243947,0.04000000000000001,0.9
22.462804747327677,0.021017611803138436,4.600000000000534,2.600000000000001,2,0.021017611803138436,0.021017611803138436,70.0,0.28078505,0.2605088,0.28407046,0.012777777,0.086666666,0.0,0.0,1.0,0.2605088,0.875,0.875,0.023917614,-0.0019333346,0.0,0.0,0.0,1.0,0.0,1.0,0.23,1.0,0.23,1.0,0.875,1.0,0.875,1.0,0.0,0.0,0.0,-0.8153573,-0.64607054,2.5932474,0.04000000000000001,0.9
22.169059742897005,0.020398132894463572,4.50000000000054,2.700000000000001,2,0.020398132894463572,0.020398132894463572,70.0,0.27711326,0.26019907,0.28159252,0.0125,0.09,0.0,0.0,1.0,0.26019907,0.875,0.875,0.023298135,-0.0019333346,0.0,0.0,0.0,1.0,0.0,1.0,0.23,1.0,0.23,1.0,0.875,1.0,0.875,1.0,0.0,0.0,0.0,-0.803017,-0.6420918,2.5622885,0.04000000000000001,0.9
21.875366455497012,0.019786812778239238,4.400000000000546,2.800000000000001,2,0.019786812778239238,0.019786812778239238,70.0,0.2734421,0.25989342,0.27914724,0.012222222,0.093333334,0.0,0.0,1.0,0.25989342,0.875,0.875,0.022686815,-0.0019333346,0.0,0.0,0.0,1.0,0.0,1.0,0.23,1.0,0.23,1.0,0.875,1.0,0.875,1.0,0.0,0.0,0.0,-0.7919327,-0.63924986,2.5314748,0.04000000000000001,0.9
21.581724498733788,0.019183650023784082,4.300000000000551,2.9000000000000012,2,0.019183650023784082,0.019183650023784082,70.0,0.26977155,0.25959182,0.2767346,0.011944445,0.096666664,0.0,0.0,1.0,0.25959182,0.875,0.875,0.022083651,-0.0019333346,0.0,0.0,0.0,1.0,0.0,1.0,0.23,1.0,0.23,1.0,0.875,1.0,0.875,1.0,0.0,0.0,0.0,-0.78144646,-0.637178,2.5006306,0.04000000000000001,0.9
21.288133486478827,0.01858864321114595,4.200000000000557,3.0000000000000013,2,0.01858864321114595,0.01858864321114595,70.0,0.26610166,0.25929433,0.27435458,0.011666667,0.1,0.0,0.0,1.0,0.25929433,0.875,0.875,0.021488646,-0.0019333346,0.0,0.0,0.0,1.0,0.0,1.0,0.23,1.0,0.23,1.0,0.875,1.0,0.875,1.0,0.0,0.0,0.0,-0.7722664,-0.63889796,2.4655964,0.04000000000000001,0.9
20.994593032866995,0.018001790931098327,4.100000000000563,3.1000000000000014,2,0.018001790931098327,0.018001790931098327,70.0,0.26243243,0.2590009,0.27200717,0.011388889,0.10333333,0.0,0.0,1.0,0.2590009,0.875,0.875,0.020901794,-0.0019333346,0.0,0.0,0.0,1.0,0.0,1.0,0.23,1.0,0.23,1.0,0.875,1.0,0.875,1.0,0.0,0.0,0.0,-0.76348007,-0.64080626,2.430607,0.04000000000000001,0.9
20.701102752294464,0.017423091785119027,4.000000000000568,3.2000000000000015,2,0.017423091785119027,0.017423091785119027,70.0,0.2587638,0.25871155,0.26969236,0.011111111,0.10666667,0.0,0.0,1.0,0.25871155,0.875,0.875,0.020323094,-0.0019333346,0.0,0.0,0.0,1.0,0.0,1.0,0.23,1.0,0.23,1.0,0.875,1.0,0.875,1.0,0.0,0.0,0.0,-0.7552303,-0.6429897,2.3956745,0.04000000000000001,0.9
20.40766225941665,0.016852544385411505,3.900000000000574,3.3000000000000016,2,0.016852544385411505,0.016852544385411505,70.0,0.25509578,0.25842628,0.2674102,0.010833333,0.11,0.0,0.0,1.0,0.25842628,0.875,0.875,0.019752547,-0.0019333346,0.0,0.0,0.0,1.0,0.0,1.0,0.23,1.0,0.23,1.0,0.875,1.0,0.875,1.0,0.0,0.0,0.0,-0.74740493,-0.64566237,2.3602817,0.04000000000000001,0.9
20.11427116914615,0.016290147354862228,3.80000000000058,3.4000000000000017,2,0.016290147354862228,0.016290147354862228,70.0,0.2514284,0.25814506,0.2651606,0.010555555,0.11333334,0.0,0.0,1.0,0.25814506,0.875,0.875,0.01919015,-0.0019333346,0.0,0.0,0.0,1.0,0.0,1.0,0.23,1.0,0.23,1.0,0.875,1.0,0.875,1.0,0.0,0.0,0.0,-0.740129,-0.6489344,2.324266,0.04000000000000001,0.9
19.82092909665071,0.015735899327058434,3.7000000000005855,3.5000000000000018,2,0.015735899327058434,0.015735899327058434,70.0,0.2477616,0.25786796,0.2629436,0.010277778,0.11666667,0.0,0.0,1.0,0.25786796,0.875,0.875,0.0186359,-0.0019333346,0.0,0.0,0.0,1.0,0.0,1.0,0.23,1.0,0.23,1.0,0.875,1.0,0.875,1.0,0.0,0.0,0.0,-0.7328384,-0.652175,2.2880638,0.04000000000000001,0.9
19.527635657351137,0.01518979894626682,3.600000000000591,3.600000000000002,2,0.01518979894626682,0.01518979894626682,70.0,0.24409544,0.2575949,0.2607592,0.01,0.12,0.0,0.0,1.0,0.2575949,0.875,0.875,0.018089801,-0.0019333346,0.0,0.0,0.0,1.0,0.0,1.0,0.23,1.0,0.23,1.0,0.875,1.0,0.875,1.0,0.0,0.0,0.0,-0.7254262,-0.65497357,2.2516716,0.04000000000000001,0.9
19.23439046691929,0.014651844867440644,3.500000000000597,3.700000000000002,2,0.014651844867440644,0.014651844867440644,70.0,0.24042988,0.25732592,0.2586074,0.009722223,0.123333335,0.0,0.0,1.0,0.25732592,0.875,0.875,0.017551847,-0.0019333346,0.0,0.0,0.0,1.0,0.0,1.0,0.23,1.0,0.23,1.0,0.875,1.0,0.875,1.0,0.0,0.0,0.0,-0.7169715,-0.6566101,2.2146976,0.04000000000000001,0.9
18.94119314127603,0.014122035756198414,3.4000000000006025,3.800000000000002,2,0.014122035756198414,0.014122035756198414,70.0,0.23676491,0.257061,0.25648814,0.009444444,0.12666667,0.0,0.0,1.0,0.257061,0.875,0.875,0.017022038,-0.0019333346,0.0,0.0,0.0,1.0,0.0,1.0,0.23,1.0,0.23,1.0,0.875,1.0,0.875,1.0,0.0,0.0,0.0,-0.708357,-0.65811306,2.1776211,0.04000000000000001,0.9
18.64804329658915,0.013600370288823882,3.3000000000006082,3.900000000000002,2,0.013600370288823882,0.013600370288823882,70.0,0.23310055,0.25680017,0.25440148,0.009166666,0.13,0.0,0.0,1.0,0.25680017,0.875,0.875,0.016500372,-0.0019333346,0.0,0.0,0.0,1.0,0.0,1.0,0.23,1.0,0.23,1.0,0.875,1.0,0.875,1.0,0.0,0.0,0.0,-0.6917025,-0.6551309,2.1425893,0.04000000000000001,0.9
18.35494054927136,0.013086847152276704,3.200000000000614,4.000000000000002,2,0.013086847152276704,0.013086847152276704,70.0,0.22943676,0.25654343,0.25234738,0.008888889,0.13333334,0.0,0.0,1.0,0.25654343,0.875,0.875,0.015986849,-0.0019333346,0.0,0.0,0.0,1.0,0.0,1.0,0.23,1.0,0.23,1.0,0.875,1.0,0.875,1.0,0.0,0.0,0.0,-0.67403495,-0.6507941,2.1081698,0.04000000000000001,0.9
18.06188451597825,0.012581465044142703,3.1000000000006196,4.100000000000001,2,0.012581465044142703,0.012581465044142703,70.0,0.22577356,0.25629073,0.25032586,0.008611111,0.13666667,0.0,0.0,1.0,0.25629073,0.875,0.875,0.015481467,-0.0019333346,0.0,0.0,0.0,1.0,0.0,1.0,0.23,1.0,0.23,1.0,0.875,1.0,0.875,1.0,0.0,0.0,0.0,-0.65580904,-0.6430426,2.0762424,0.04000000000000001,0.9
17.768874813606246,0.012084222672669398,3.0000000000006253,4.200000000000001,2,0.012084222672669398,0.012084222672669398,70.0,0.22211094,0.25604212,0.2483369,0.008333334,0.14,0.0,0.0,1.0,0.25604212,0.875,0.875,0.014984225,-0.0019333346,0.0,0.0,0.0,1.0,0.0,1.0,0.23,1.0,0.23,1.0,0.875,1.0,0.875,1.0,0.0,0.0,0.0,-0.6323695,-0.6363707,2.0455573,0.04000000000000001,0.9
17.47591105929058,0.011595118756730471,2.900000000000631,4.300000000000001,2,0.011595118756730471,0.011595118756730471,70.0,0.21844889,0.25579756,0.24638048,0.008055556,0.14333333,0.0,0.0,1.0,0.25579756,0.875,0.875,0.01449512,-0.0019333346,0.0,0.0,0.0,1.0,0.0,1.0,0.23,1.0,0.23,1.0,0.875,1.0,0.875,1.0,0.0,0.0,0.0,-0.60888624,-0.62966114,2.0148022,0.04000000000000001,0.9
17.18299287040328,0.011114152025843538,2.8000000000006366,4.4,2,0.011114152025843538,0.011114152025843538,70.0,0.21478741,0.2555571,0.2444566,0.007777778,0.14666666,0.0,0.0,1.0,0.2555571,0.875,0.875,0.014014154,-0.0019333346,0.0,0.0,0.0,1.0,0.0,1.0,0.23,1.0,0.23,1.0,0.875,1.0,0.875,1.0,0.0,0.0,0.0,-0.5864637,-0.62470156,1.9832652,0.04000000000000001,0.9
16.890119864551114,0.010641321220145272,2.7000000000006423,4.5,2,0.010641321220145272,0.010641321220145272,70.0,0.21112649,0.25532067,0.24256529,0.0075,0.15,0.0,0.0,1.0,0.25532067,0.875,0.875,0.013541323,-0.0019333346,0.0,0.0,0.0,1.0,0.0,1.0,0.23,1.0,0.23,1.0,0.875,1.0,0.875,1.0,0.0,0.0,0.0,-0.5645193,-0.61853415,1.9511077,0.04000000000000001,0.9
16.597291659573585,0.0101766250903772,2.600000000000648,4.6,2,0.0101766250903772,0.0101766250903772,70.0,0.20746614,0.2550883,0.2407065,0.007222222,0.15333334,0.0,0.0,1.0,0.2550883,0.875,0.875,0.013076627,-0.0019333346,0.0,0.0,0.0,1.0,0.0,1.0,0.23,1.0,0.23,1.0,0.875,1.0,0.875,1.0,0.0,0.0,0.0,-0.55938494,-0.61623293,1.9138985,0.04000000000000001,0.9
16.30450787354091,0.009720062397921225,2.5000000000006537,4.699999999999999,2,0.009720062397921225,0.009720062397921225,70.0,0.20380636,0.25486004,0.23888025,0.0069444445,0.15666667,0.0,0.0,1.0,0.25486004,0.875,0.875,0.012620064,-0.0019333346,0.0,0.0,0.0,1.0,0.0,1.0,0.23,1.0,0.23,1.0,0.875,1.0,0.875,1.0,0.0,0.0,0.0,-0.55675817,-0.6167365,1.8752718,0.04000000000000001,0.9
16.01176812475199,0.009271631914746337,2.4000000000006594,4.799999999999999,2,0.009271631914746337,0.009271631914746337,70.0,0.2001471,0.2546358,0.23708653,0.006666667,0.16,0.0,0.0,1.0,0.2546358,0.875,0.875,0.012171634,-0.0019333346,0.0,0.0,0.0,1.0,0.0,1.0,0.23,1.0,0.23,1.0,0.875,1.0,0.875,1.0,0.0,0.0,0.0,-0.5545628,-0.61705214,1.8354726,0.04000000000000001,0.9
15.719072031732413,0.008831332423422822,2.300000000000665,4.899999999999999,2,0.008831332423422822,0.008831332423422822,70.0,0.1964884,0.25441566,0.23532534,0.0063888887,0.16333333,0.0,0.0,1.0,0.25441566,0.875,0.875,0.011731334,-0.0019333346,0.0,0.0,0.0,1.0,0.0,1.0,0.23,1.0,0.23,1.0,0.875,1.0,0.875,1.0,0.0,0.0,0.0,-0.55102277,-0.6137596,1.7949278,0.04000000000000001,0.9
15.426419213232432,0.008399162717111608,2.2000000000006708,4.999999999999998,2,0.008399162717111608,0.008399162717111608,70.0,0.19283023,0.2541996,0.23359665,0.006111111,0.16666667,0.0,0.0,1.0,0.2541996,0.875,0.875,0.011299165,-0.0019333346,0.0,0.0,0.0,1.0,0.0,1.0,0.23,1.0,0.23,1.0,0.875,1.0,0.875,1.0,0.0,0.0,0.0,-0.5479646,-0.6109033,1.7525508,0.04000000000000001,0.9
15.133809288224946,0.007975121599571366,2.1000000000006764,5.099999999999998,2,0.007975121599571366,0.007975121599571366,70.0,0.18917261,0.25398755,0.23190048,0.0058333334,0.17,0.0,0.0,1.0,0.25398755,0.875,0.875,0.010875124,-0.0019333346,0.0,0.0,0.0,1.0,0.0,1.0,0.23,1.0,0.23,1.0,0.875,1.0,0.875,1.0,0.0,0.0,0.0,-0.5472425,-0.6100326,1.7109544,0.04000000000000001,0.9
14.841241875903494,0.00755920788512654,2.000000000000682,5.1999999999999975,2,0.00755920788512654,0.00755920788512654,70.0,0.18551552,0.2537796,0.23023683,0.0055555557,0.17333333,0.0,0.0,1.0,0.2537796,0.875,0.875,0.01045921,-0.0019333346,0.0,0.0,0.0,1.0,0.0,1.0,0.23,1.0,0.23,1.0,0.875,1.0,0.875,1.0,0.0,0.0,0.0,-0.54685867,-0.6094437,1.6696033,0.04000000000000001,0.9
14.548716595680265,0.00715142039869221,1.9000000000006878,5.299999999999997,2,0.00715142039869221,0.00715142039869221,70.0,0.18185896,0.2535757,0.22860569,0.0052777776,0.17666666,0.0,0.0,1.0,0.2535757,0.875,0.875,0.010051423,-0.0019333346,0.0,0.0,0.0,1.0,0.0,1.0,0.23,1.0,0.23,1.0,0.875,1.0,0.875,1.0,0.0,0.0,0.0,-0.54526556,-0.6077481,1.6301246,0.04000000000000001,0.9
14.256233067184075,0.006751757975742123,1.8000000000006935,5.399999999999997,2,0.006751757975742123,0.006751757975742123,70.0,0.17820291,0.2533759,0.22700703,0.005,0.18,0.0,0.0,1.0,0.2533759,0.875,0.875,0.00965176,-0.0019333346,0.0,0.0,0.0,1.0,0.0,1.0,0.23,1.0,0.23,1.0,0.875,1.0,0.875,1.0,0.0,0.0,0.0,-0.5475348,-0.60874707,1.5868008,0.04000000000000001,0.9
13.963790910258375,0.006360219462312244,1.7000000000006992,5.4999999999999964,2,0.006360219462312244,0.006360219462312244,70.0,0.17454739,0.25318012,0.22544087,0.004722222,0.18333334,0.0,0.0,1.0,0.25318012,0.875,0.875,0.009260221,-0.0019333346,0.0,0.0,0.0,1.0,0.0,1.0,0.23,1.0,0.23,1.0,0.875,1.0,0.875,1.0,0.0,0.0,0.0,-0.55057526,-0.6103578,1.5426118,0.04000000000000001,0.9
13.671389744959251,0.0059768037150043085,1.6000000000007049,5.599999999999996,2,0.0059768037150043085,0.0059768037150043085,70.0,0.17089237,0.2529884,0.22390722,0.0044444446,0.18666667,0.0,0.0,1.0,0.2529884,0.875,0.875,0.008876805,-0.0019333346,0.0,0.0,0.0,1.0,0.0,1.0,0.23,1.0,0.23,1.0,0.875,1.0,0.875,1.0,0.0,0.0,0.0,-0.5540041,-0.61257464,1.4978809,0.04000000000000001,0.9
13.37902919155343,0.005601509600953847,1.5000000000007105,5.699999999999996,2,0.005601509600953847,0.005601509600953847,70.0,0.16723786,0.25280076,0.22240604,0.004166667,0.19,0.0,0.0,1.0,0.25280076,0.875,0.875,0.008501511,-0.0019333346,0.0,0.0,0.0,1.0,0.0,1.0,0.23,1.0,0.23,1.0,0.875,1.0,0.875,1.0,0.0,0.0,0.0,-0.55809677,-0.61626154,1.4521201,0.04000000000000001,0.9
13.086708870516276,0.00523433599784795,1.4000000000007162,5.799999999999995,2,0.00523433599784795,0.00523433599784795,70.0,0.16358386,0.25261718,0.22093734,0.003888889,0.19333333,0.0,0.0,1.0,0.25261718,0.875,0.875,0.008134338,-0.0019333346,0.0,0.0,0.0,1.0,0.0,1.0,0.23,1.0,0.23,1.0,0.875,1.0,0.875,1.0,0.0,0.0,0.0,-0.5538695,-0.60823923,1.4188647,0.04000000000000001,0.9
12.794428402529814,0.004875281793932373,1.300000000000722,5.899999999999995,2,0.004875281793932373,0.004875281793932373,70.0,0.15993035,0.25243765,0.21950112,0.003611111,0.19666667,0.0,0.0,1.0,0.25243765,0.875,0.875,0.007775284,-0.0019333346,0.0,0.0,0.0,1.0,0.0,1.0,0.23,1.0,0.23,1.0,0.875,1.0,0.875,1.0,0.0,0.0,0.0,-0.551702,-0.60320145,1.3863399,0.04000000000000001,0.9
12.502187408480722,0.0045243458879618,1.2000000000007276,5.999999999999995,2,0.0045243458879618,0.0045243458879618,70.0,0.15627734,0.25226218,0.21809739,0.0033333334,0.2,0.0,0.0,1.0,0.25226218,0.875,0.875,0.007424348,-0.0019333346,0.0,0.0,0.0,1.0,0.0,1.0,0.23,1.0,0.23,1.0,0.875,1.0,0.875,1.0,0.0,0.0,0.0,-0.5596236,-0.6112829,1.3579206,0.04000000000000001,0.9
12.209985509458365,0.004181527189235368,1.1000000000007333,6.099999999999994,2,0.004181527189235368,0.004181527189235368,70.0,0.15262482,0.25209075,0.21672611,0.0030555555,0.20333333,0.0,0.0,1.0,0.25209075,0.875,0.875,0.007081529,-0.0019333346,0.0,0.0,0.0,1.0,0.0,1.0,0.23,1.0,0.23,1.0,0.875,1.0,0.875,1.0,0.0,0.0,0.0,-0.56774807,-0.6196113,1.3292942,0.04000000000000001,0.9
11.917822326752782,0.003846824617557587,1.000000000000739,6.199999999999994,2,0.003846824617557587,0.003846824617557587,70.0,0.14897278,0.2519234,0.2153873,0.0027777778,0.20666666,0.0,0.0,1.0,0.2519234,0.875,0.875,0.0067468267,-0.0019333346,0.0,0.0,0.0,1.0,0.0,1.0,0.23,1.0,0.23,1.0,0.875,1.0,0.875,1.0,0.0,0.0,0.0,-0.5723822,-0.62610584,1.3019643,0.04000000000000001,0.9
11.625697481852736,0.0035202371032561075,0.9000000000007446,6.299999999999994,2,0.0035202371032561075,0.0035202371032561075,70.0,0.14532122,0.25176013,0.21408094,0.0025,0.21,0.0,0.0,1.0,0.25176013,0.875,0.875,0.006420239,-0.0019333346,0.0,0.0,0.0,1.0,0.0,1.0,0.23,1.0,0.23,1.0,0.875,1.0,0.875,1.0,0.0,0.0,0.0,-0.57328165,-0.63165814,1.2778766,0.04000000000000001,0.9
11.333610596443703,0.003201763587174611,0.8000000000007503,6.399999999999993,2,0.003201763587174611,0.003201763587174611,70.0,0.14167014,0.2516009,0.21280706,0.0022222223,0.21333334,0.0,0.0,1.0,0.2516009,0.875,0.875,0.0061017657,-0.0019333346,0.0,0.0,0.0,1.0,0.0,1.0,0.23,1.0,0.23,1.0,0.875,1.0,0.875,1.0,0.0,0.0,0.0,-0.5765283,-0.63338476,1.2520354,0.04000000000000001,0.9
11.041561292405916,0.0028914030206692587,0.700000000000756,6.499999999999993,2,0.0028914030206692587,0.0028914030206692587,70.0,0.13801952,0.2514457,0.21156561,0.0019444445,0.21666667,0.0,0.0,1.0,0.2514457,0.875,0.875,0.0057914048,-0.0019333346,0.0,0.0,0.0,1.0,0.0,1.0,0.23,1.0,0.23,1.0,0.875,1.0,0.875,1.0,0.0,0.0,0.0,-0.5796311,-0.6322308,1.2285142,0.04000000000000001,0.9
10.74954919181237,0.002589154365576718,0.6000000000007617,6.5999999999999925,2,0.002589154365576718,0.002589154365576718,70.0,0.13436936,0.25129458,0.21035662,0.0016666667,0.22,0.0,0.0,1.0,0.25129458,0.875,0.875,0.005489156,-0.0019333346,0.0,0.0,0.0,1.0,0.0,1.0,0.23,1.0,0.23,1.0,0.875,1.0,0.875,1.0,0.0,0.0,0.0,-0.58171403,-0.628985,1.2074747,0.04000000000000001,0.9
10.457573916926865,0.0022950165942425826,0.5000000000007674,6.699999999999992,2,0.0022950165942425826,0.0022950165942425826,70.0,0.13071968,0.2511475,0.20918007,0.0013888889,0.22333333,0.0,0.0,1.0,0.2511475,0.875,0.875,0.0051950184,-0.0019333346,0.0,0.0,0.0,1.0,0.0,1.0,0.23,1.0,0.23,1.0,0.875,1.0,0.875,1.0,0.0,0.0,0.0,-0.5833961,-0.6258307,1.186486,0.04000000000000001,0.9
10.16563509020202,0.0020089886894965048,0.40000000000077307,6.799999999999992,2,0.0020089886894965048,0.0020089886894965048,70.0,0.12707044,0.2510045,0.20803596,0.0011111111,0.22666667,0.0,0.0,1.0,0.2510045,0.875,0.875,0.0049089906,-0.0019333346,0.0,0.0,0.0,1.0,0.0,1.0,0.23,1.0,0.23,1.0,0.875,1.0,0.875,1.0,0.0,0.0,0.0,-0.5852114,-0.6228772,1.1653419,0.04000000000000001,0.9
9.873732334277307,0.0017310696446628526,0.30000000000077875,6.8999999999999915,2,0.0017310696446628526,0.0017310696446628526,70.0,0.123421654,0.25086555,0.20692427,0.00083333335,0.23,0.0,0.0,1.0,0.25086555,0.875,0.875,0.0046310714,-0.0019333346,0.0,0.0,0.0,1.0,0.0,1.0,0.23,1.0,0.23,1.0,0.875,1.0,0.875,1.0,0.0,0.0,0.0,-0.58722496,-0.6201454,1.1440167,0.04000000000000001,0.9
9.581865271977092,0.0014612584635287362,0.20000000000078444,6.999999999999991,2,0.0014612584635287362,0.0014612584635287362,70.0,0.11977331,0.25073063,0.20584503,0.00055555557,0.23333333,0.0,0.0,1.0,0.25073063,0.875,0.875,0.00436126,-0.0019333346,0.0,0.0,0.0,1.0,0.0,1.0,0.23,1.0,0.23,1.0,0.875,1.0,0.875,1.0,0.0,0.0,0.0,-0.58912516,-0.6174913,1.1226981,0.04000000000000001,0.9
9.290033526308653,0.0011995541603653237,0.10000000000079012,7.099999999999991,2,0.0011995541603653237,0.0011995541603653237,70.0,0.11612542,0.25059977,0.20479822,0.00027777778,0.23666666,0.0,0.0,1.0,0.25059977,0.875,0.875,0.0040995562,-0.0019333346,0.0,0.0,0.0,1.0,0.0,1.0,0.23,1.0,0.23,1.0,0.875,1.0,0.875,1.0,0.0,0.0,0.0,-0.5889263,-0.6140185,1.1026182,0.04000000000000001,0.9
8.998236720460222,0.0009459557599136303,7.958078640513122e-13,7.19999999999999,2,0.0009459557599136303,0.0009459557599136303,70.0,0.11247796,0.250473,0.20378383,2.2105775e-15,0.24,0.0,0.0,1.0,0.250473,0.875,0.875,0.0038459576,-0.0019333346,0.0,0.0,0.0,1.0,0.0,1.0,0.23,1.0,0.23,1.0,0.875,1.0,0.875,1.0,0.0,0.0,0.0,-0.5883945,-0.6102944,1.0826776,0.04000000000000001,0.9
8.706474477799027,0.0007004622973880714,-0.09999999999919851,7.29999999999999,2,0.0007004622973880714,0.0007004622973880714,70.0,0.10883093,0.25035024,0.20280185,-0.00027777778,0.24333334,0.0,0.0,1.0,0.25035024,0.875,0.875,0.0036004642,-0.0019333346,0.0,0.0,0.0,1.0,0.0,1.0,0.23,1.0,0.23,1.0,0.875,1.0,0.875,1.0,0.0,0.0,0.0,-0.58838415,-0.6070624,1.0607517,0.04000000000000001,0.9
8.414746421869333,0.00046307281844093495,-0.19999999999919282,7.39999999999999,2,0.00046307281844093495,0.00046307281844093495,70.0,0.10518433,0.25023153,0.20185229,-0.00055555557,0.24666667,0.0,0.0,1.0,0.25023153,0.875,0.875,0.0033630747,-0.0019333346,0.0,0.0,0.0,1.0,0.0,1.0,0.23,1.0,0.23,1.0,0.875,1.0,0.875,1.0,0.0,0.0,0.0,-0.5854324,-0.5996972,1.0395033,0.04000000000000001,0.9
8.123052176390475,0.00023378637918725076,-0.29999999999918714,7.499999999999989,2,0.00023378637918725076,0.00023378637918725076,70.0,0.10153815,0.25011688,0.20093514,-0.00083333335,0.25,0.0,0.0,1.0,0.25011688,0.875,0.875,0.0031337882,-0.0019333346,0.0,0.0,0.0,1.0,0.0,1.0,0.23,1.0,0.23,1.0,0.875,1.0,0.875,1.0,0.0,0.0,0.0,-0.58138835,-0.5908671,1.0190327,0.04000000000000001,0.9
7.831391365254904,1.260204620479044e-05,-0.39999999999918145,7.599999999999989,2,1.260204620479044e-05,1.260204620479044e-05,70.0,0.09789239,0.2500063,0.20005041,-0.0011111111,0.25333333,0.0,0.0,1.0,0.2500063,0.875,0.875,0.002912604,-0.0019333346,0.0,0.0,0.0,1.0,0.0,1.0,0.23,1.0,0.23,1.0,0.875,1.0,0.875,1.0,0.0,0.0,0.0,-0.57584953,-0.58166605,1.0013034,0.030000000000000006,0.8
7.539763612526243,-0.00020048110350145976,-0.49999999999917577,7.699999999999989,2,-0.00020048110350145976,-0.00020048110350145976,70.0,0.09424704,0.24989976,0.19919808,-0.0013888889,0.25666666,0.0,0.0,1.0,0.24989976,0.875,0.875,0.002699521,-0.0019333346,0.0,0.0,0.0,1.0,0.0,1.0,0.0,1.0,0.0,1.0,0.875,1.0,0.0,1.0,0.0,0.0,0.0,-0.9184061,-0.619773,0.51243,0.030000000000000006,0.8
7.248168542437316,-0.00040546398247798265,-0.5999999999991701,7.799999999999988,2,-0.00040546398247798265,-0.00040546398247798265,70.0,0.09060211,0.24979727,0.19837815,-0.0016666667,0.26,0.0,0.0,1.0,0.24979727,0.875,0.875,0.002494538,-0.0019333346,0.0,0.0,0.0,1.0,0.0,1.0,0.0,1.0,0.0,1.0,0.875,1.0,0.0,1.0,0.0,0.0,0.0,-0.892326,-0.6050759,0.5297821,0.030000000000000006,0.8
6.956605779388214,-0.0006023474928404937,-0.6999999999991644,7.899999999999988,2,-0.0006023474928404937,-0.0006023474928404937,70.0,0.086957574,0.24969883,0.1975906,-0.0019444445,0.26333332,0.0,0.0,1.0,0.24969883,0.875,0.875,0.0022976545,-0.0019333346,0.0,0.0,0.0,1.0,0.0,1.0,0.0,1.0,0.0,1.0,0.875,1.0,0.0,1.0,0.0,0.0,0.0,-0.8604119,-0.5848022,0.5550278,0.019999999999999997,0.7
6.665074947944335,-0.0007911325262703883,-0.7999999999991587,7.999999999999988,2,-0.0007911325262703883,-0.0007911325262703883,70.0,0.083313435,0.24960443,0.19683547,-0.0022222223,0.26666668,0.0,0.0,1.0,0.24960443,0.875,0.875,0.0021088694,-0.0019333346,0.0,0.0,0.0,1.0,0.0,1.0,0.0,1.0,0.0,1.0,0.875,1.0,0.0,1.0,0.0,0.0,0.0,-0.8462558,-0.5830155,0.5613044,0.019999999999999997,0.7
6.373575672834443,-0.0009718199640182945,-0.899999999999153,8.099999999999987,2,-0.0009718199640182945,-0.0009718199640182945,70.0,0.0796697,0.24951409,0.19611272,-0.0025,0.27,0.0,0.0,1.0,0.24951409,0.875,0.875,0.001928182,-0.0019333346,0.0,0.0,0.0,1.0,0.0,1.0,0.0,1.0,0.0,1.0,0.875,1.0,0.0,1.0,0.0,0.0,0.0,-0.83186615,-0.58099943,0.5678826,0.019999999999999997,0.7
6.0821075789487224,-0.001144410676914731,-0.9999999999991473,8.199999999999987,2,-0.001144410676914731,-0.001144410676914731,70.0,0.07602634,0.2494278,0.19542235,-0.0027777778,0.27333334,0.0,0.0,1.0,0.2494278,0.875,0.875,0.0017555912,-0.0019333346,0.0,0.0,0.0,1.0,0.0,1.0,0.0,1.0,0.0,1.0,0.875,1.0,0.0,1.0,0.0,0.0,0.0,-0.82510793,-0.58750683,0.5657795,0.019999999999999997,0.7
5.790670291336825,-0.0013089055253807658,-1.0999999999991417,8.299999999999986,2,-0.0013089055253807658,-0.0013089055253807658,70.0,0.07238338,0.24934554,0.19476438,-0.0030555555,0.27666667,0.0,0.0,1.0,0.24934554,0.875,0.875,0.0015910964,-0.0019333346,0.0,0.0,0.0,1.0,0.0,1.0,0.0,1.0,0.0,1.0,0.875,1.0,0.0,1.0,0.0,0.0,0.0,-0.82566917,-0.60209376,0.55536705,0.019999999999999997,0.7
5.499263435205945,-0.0014653053594209098,-1.199999999999136,8.399999999999986,2,-0.0014653053594209098,-0.0014653053594209098,70.0,0.06874079,0.24926735,0.19413878,-0.0033333334,0.28,0.0,0.0,1.0,0.24926735,0.875,0.875,0.0014346966,-0.0019333346,0.0,0.0,0.0,1.0,0.0,1.0,0.0,1.0,0.0,1.0,0.875,1.0,0.0,1.0,0.0,0.0,0.0,-0.8261514,-0.61596733,0.54572064,0.019999999999999997,0.7
5.207886635918863,-0.0016136110186302233,-1.2999999999991303,8.499999999999986,2,-0.0016136110186302233,-0.0016136110186302233,70.0,0.06509858,0.24919319,0.19354555,-0.003611111,0.28333333,0.0,0.0,1.0,0.24919319,0.875,0.875,0.0012863909,-0.0019333346,0.0,0.0,0.0,1.0,0.0,1.0,0.0,1.0,0.0,1.0,0.875,1.0,0.0,1.0,0.0,0.0,0.0,-0.8265482,-0.6290675,0.5369366,0.019999999999999997,0.7
4.916539518992015,-0.0017538233321907626,-1.3999999999991246,8.599999999999985,2,-0.0017538233321907626,-0.0017538233321907626,70.0,0.061456744,0.24912308,0.1929847,-0.003888889,0.28666666,0.0,0.0,1.0,0.24912308,0.875,0.875,0.0011461786,-0.0019333346,0.0,0.0,0.0,1.0,0.0,1.0,0.0,1.0,0.0,1.0,0.875,1.0,0.0,1.0,0.0,0.0,0.0,-0.82677543,-0.6420203,0.5283721,0.019999999999999997,0.7
4.625221710093555,-0.0018859431189071074,-1.499999999999119,8.699999999999985,2,-0.0018859431189071074,-0.0018859431189071074,70.0,0.057815272,0.24905702,0.19245623,-0.004166667,0.29,0.0,0.0,1.0,0.24905702,0.875,0.875,0.0010140588,-0.0019333346,0.0,0.0,0.0,1.0,0.0,1.0,0.0,1.0,0.0,1.0,0.875,1.0,0.0,1.0,0.0,0.0,0.0,-0.8268386,-0.6548329,0.52001935,0.019999999999999997,0.7
4.333932835041422,-0.0020099711871601755,-1.5999999999991132,8.799999999999985,2,-0.0020099711871601755,-0.0020099711871601755,70.0,0.05417416,0.24899502,0.19196011,-0.0044444446,0.29333332,0.0,0.0,1.0,0.24899502,0.875,0.875,0.00089003076,-0.0019333346,0.0,0.0,0.0,1.0,0.0,1.0,0.0,1.0,0.0,1.0,0.875,1.0,0.0,1.0,0.0,0.0,0.0,-0.82739115,-0.66834074,0.5110219,0.019999999999999997,0.7
4.042672519801396,-0.002125908334967619,-1.6999999999991076,8.899999999999984,2,-0.002125908334967619,-0.002125908334967619,70.0,0.050533406,0.24893704,0.19149637,-0.004722222,0.29666665,0.0,0.0,1.0,0.24893704,0.875,0.875,0.0007740936,-0.0019333346,0.0,0.0,0.0,1.0,0.0,1.0,0.0,1.0,0.0,1.0,0.875,1.0,0.0,1.0,0.0,0.0,0.0,-0.8298906,-0.68441874,0.49945432,0.019999999999999997,0.7
3.75144039048518,-0.0022337553499376384,-1.7999999999991019,8.999999999999984,2,-0.0022337553499376384,-0.0022337553499376384,70.0,0.046893004,0.24888313,0.19106498,-0.005,0.3,0.0,0.0,1.0,0.24888313,0.875,0.875,0.0006662466,-0.0019333346,0.0,0.0,0.0,1.0,0.0,1.0,0.0,1.0,0.0,1.0,0.875,1.0,0.0,1.0,0.0,0.0,0.0,-0.83221817,-0.70034605,0.4881094,0.019999999999999997,0.7
3.460236073348461,-0.0023335130092974055,-1.8999999999990962,9.099999999999984,2,-0.0023335130092974055,-0.0023335130092974055,70.0,0.043252952,0.24883324,0.19066595,-0.0052777776,0.30333334,0.0,0.0,1.0,0.24883324,0.875,0.875,0.00056648895,-0.0019333346,0.0,0.0,0.0,1.0,0.0,1.0,0.0,1.0,0.0,1.0,0.875,1.0,0.0,1.0,0.0,0.0,0.0,-0.83437014,-0.7161227,0.47698766,0.019999999999999997,0.7
3.169059194788985,-0.0024251820799037205,-1.9999999999990905,9.199999999999983,2,-0.0024251820799037205,-0.0024251820799037205,70.0,0.03961324,0.2487874,0.19029927,-0.0055555557,0.30666667,0.0,0.0,1.0,0.2487874,0.875,0.875,0.00047481986,-0.0019333346,0.0,0.0,0.0,1.0,0.0,1.0,0.0,1.0,0.0,1.0,0.875,1.0,0.0,1.0,0.0,0.0,0.0,-0.8363577,-0.7317515,0.4660805,0.019999999999999997,0.7
2.877909381344625,-0.0025087633182323543,-2.099999999999085,9.299999999999983,2,-0.0025087633182323543,-0.0025087633182323543,70.0,0.035973866,0.24874562,0.18996495,-0.0058333334,0.31,0.0,0.0,1.0,0.24874562,0.875,0.875,0.0003912386,-0.0019333346,0.0,0.0,0.0,1.0,0.0,1.0,0.0,1.0,0.0,1.0,0.875,1.0,0.0,1.0,0.0,0.0,0.0,-0.8381728,-0.74722964,0.45539504,0.019999999999999997,0.7
2.586786259691462,-0.002584257470395812,-2.199999999999079,9.399999999999983,2,-0.002584257470395812,-0.002584257470395812,70.0,0.032334827,0.24870788,0.18966296,-0.006111111,0.31333333,0.0,0.0,1.0,0.24870788,0.875,0.875,0.00031574446,-0.0019333346,0.0,0.0,0.0,1.0,0.0,1.0,0.0,1.0,0.0,1.0,0.875,1.0,0.0,1.0,0.0,0.0,0.0,-0.8397937,-0.76254946,0.4449256,0.019999999999999997,0.7
2.2956894566418553,-0.002651665272118464,-2.2999999999990735,9.499999999999982,2,-0.002651665272118464,-0.002651665272118464,70.0,0.028696118,0.24867417,0.18939334,-0.0063888887,0.31666666,0.0,0.0,1.0,0.24867417,0.875,0.875,0.00024833667,-0.0019333346,0.0,0.0,0.0,1.0,0.0,1.0,0.0,1.0,0.0,1.0,0.875,1.0,0.0,1.0,0.0,0.0,0.0,-0.8471824,-0.78773314,0.42396003,0.019999999999999997,0.7
2.0046185991425207,-0.0027109874487827312,-2.3999999999990678,9.599999999999982,2,-0.0027109874487827312,-0.0027109874487827312,70.0,0.025057733,0.2486445,0.18915606,-0.006666667,0.32,0.0,0.0,1.0,0.2486445,0.875,0.875,0.00018901448,-0.0019333346,0.0,0.0,0.0,1.0,0.0,1.0,0.0,1.0,0.0,1.0,0.875,1.0,0.0,1.0,0.0,0.0,0.0,-0.85897183,-0.8190804,0.3974641,0.019999999999999997,0.7
1.7135733142726128,-0.0027622247153935575,-2.499999999999062,9.699999999999982,2,-0.0027622247153935575,-0.0027622247153935575,70.0,0.021419667,0.24861889,0.1889511,-0.0069444445,0.32333332,0.0,0.0,1.0,0.24861889,0.875,0.875,0.00013777721,-0.0019333346,0.0,0.0,0.0,1.0,0.0,1.0,0.0,1.0,0.0,1.0,0.875,1.0,0.0,1.0,0.0,0.0,0.0,-0.8683462,-0.84822375,0.37298232,0.019999999999999997,0.7
1.422553229241801,-0.002805377776610385,-2.5999999999990564,9.799999999999981,2,-0.002805377776610385,-0.002805377776610385,70.0,0.017781915,0.24859731,0.18877849,-0.007222222,0.32666665,0.0,0.0,1.0,0.24859731,0.875,0.875,9.462415e-05,-0.0019333346,0.0,0.0,0.0,1.0,0.0,1.0,0.0,1.0,0.0,1.0,0.875,1.0,0.0,1.0,0.0,0.0,0.0,-0.8684565,-0.8689595,0.35588104,0.019999999999999997,0.7
1.1315579713883528,-0.0028404473267400476,-2.6999999999990507,9.89999999999998,2,-0.0028404473267400476,-0.0028404473267400476,70.0,0.014144475,0.24857977,0.18863821,-0.0075,0.33,0.0,0.0,1.0,0.24857977,0.875,0.875,5.95546e-05,-0.0019333346,0.0,0.0,0.0,1.0,0.0,1.0,0.0,1.0,0.0,1.0,0.875,1.0,0.0,1.0,0.0,0.0,0.0,-0.86831653,-0.88945013,0.33908445,0.019999999999999997,0.7
0.8405871681772163,-0.002867434049726114,-2.799999999999045,9.99999999999998,2,-0.002867434049726114,-0.002867434049726114,70.0,0.01050734,0.24856628,0.18853027,-0.007777778,0.33333334,0.0,0.0,1.0,0.24856628,0.875,0.875,3.2567877e-05,-0.0019333346,0.0,0.0,0.0,1.0,0.0,1.0,0.0,1.0,0.0,1.0,0.875,1.0,0.0,1.0,0.0,0.0,0.0,-0.8679291,-0.9097014,0.32258826,0.019999999999999997,0.7
0.5496404471981057,-0.002886338619173756,-2.8999999999990393,10.09999999999998,2,-0.002886338619173756,-0.002886338619173756,70.0,0.0068705054,0.24855684,0.18845464,-0.008055556,0.33666667,0.0,0.0,1.0,0.24855684,0.875,0.875,1.3663309e-05,-0.0019333346,0.0,0.0,0.0,1.0,0.0,1.0,0.0,1.0,0.0,1.0,0.875,1.0,0.0,1.0,0.0,0.0,0.0,-0.86551297,-0.925293,0.31124908,0.19999999999999996,0.7
