time,train_id,phase,current_notch,holding_time,prev_notch,prev_notch_duration,speed_limit,signal_speed,current_speed,required_speed,dist_to_next_station,time_to_next_station,req_stop_dist,delay,current_gradient,next_limit_info,next_gradient_info,forward_info,backward_info,forward_train_delay,forward_clear_remaining_time,forward_departed_next,standard_headway,target_speed_no_stop,forward_observed_delay,reward
159.6999999999995,Train11,次駅への減速フェーズ（駅手前400m以内）,力行（加速）中,0.1,ブレーキ（減速）,0.7,70.0,0.0,24.2,24.2,2.8,18.3,27.78,0.0,9.2,この先制限速度なし,この先目立った勾配なし,前方3.2m先を0.0km/h,後続列車なし,90.0,7.3,未発車,30.0,2.9,0.0,-0.05
190.09999999999994,Train11,次駅への減速フェーズ（駅手前400m以内）,惰行中,0.4,力行（加速）,0.7999999999999999,70.0,27.1,37.1,70.0,84.5,0.0,64.96,12.2,9.2,この先制限速度なし,この先目立った勾配なし,前方84.9m先を0.0km/h,後続列車なし,90.0,0.0,未発車,30.0,70.0,23.1,-0.05
178.5999999999998,Train11,次駅への減速フェーズ（駅手前400m以内）,ブレーキ（減速）中,0.30000000000000004,力行（加速）,0.1,70.0,32.5,34.33,70.0,56.0,1.4,55.68,0.0,9.2,この先制限速度なし,この先目立った勾配なし,前方99.8m先を24.2km/h,後続列車なし,60.0,0.0,発車済み,60.0,70.0,0.0,-0.05
203.2999999999992,Train11,次駅への減速フェーズ（駅手前400m以内）,ブレーキ（減速）中,2.700000000000001,惰行,0.1,70.0,0.0,3.68,70.0,3.2,0.0,0.65,23.4,9.2,この先制限速度なし,この先目立った勾配なし,前方17.8m先を15.2km/h,後続列車なし,90.0,0.0,発車済み,30.0,70.0,0.0,-0.05
168.1999999999997,Train11,次駅への減速フェーズ（駅手前400m以内）,ブレーキ（減速）中,2.0000000000000004,力行（加速）,0.1,70.0,0.0,29.02,29.0,40.8,9.8,39.87,0.0,9.2,この先制限速度なし,この先目立った勾配なし,前方41.2m先を0.0km/h,後続列車なし,90.0,0.0,未発車,30.0,29.0,1.2,-0.05
182.39999999999958,Train11,次駅への減速フェーズ（駅手前400m以内）,ブレーキ（減速）中,1.6000000000000003,力行（加速）,0.1,70.0,31.6,24.21,70.0,25.1,0.0,27.8,2.5,9.2,この先制限速度なし,この先目立った勾配なし,前方97.2m先を29.2km/h,後続列車なし,60.0,0.0,発車済み,60.0,70.0,0.0,-0.05
160.69999999999945,Train11,次駅への減速フェーズ（駅手前400m以内）,ブレーキ（減速）中,0.7999999999999999,力行（加速）,0.1,70.0,0.0,22.16,0.0,0.0,17.3,26.21,0.0,0.0,この先制限速度なし,この先目立った勾配なし,前方0.0m先を0.0km/h,後続列車なし,90.0,6.3,未発車,30.0,0.0,0.0,-0.05
163.49999999999997,Train11,次駅への減速フェーズ（駅手前400m以内）,ブレーキ（減速）中,0.6,力行（加速）,1.0,70.0,28.3,42.56,70.0,87.4,14.5,85.25,0.0,9.2,この先制限速度なし,この先目立った勾配なし,前方87.8m先を0.0km/h,後続列車なし,90.0,3.5,未発車,30.0,23.6,0.0,-0.05
130.0,Train11,巡航フェーズ（駅間走行中）,惰行中,7.0,力行（加速）,44.0,70.0,70.0,62.7,62.7,427.1,41.0,189.9,0.0,6.1,この先制限速度なし,237m先に上り勾配9.2‰あり,前方417.9m先を9.4km/h,後続列車なし,90.0,37.0,未発車,30.0,40.8,0.0,-0.5
160.09999999999948,Train11,次駅への減速フェーズ（駅手前400m以内）,ブレーキ（減速）中,0.2,力行（加速）,0.1,70.0,0.0,23.92,23.9,0.1,17.9,27.14,0.0,9.2,この先制限速度なし,この先目立った勾配なし,前方0.5m先を0.0km/h,後続列車なし,90.0,6.9,未発車,30.0,1.0,0.0,-0.05
168.59999999999962,Train11,次駅への減速フェーズ（駅手前400m以内）,ブレーキ（減速）中,4.999999999999998,惰行,0.2,70.0,0.0,25.25,25.2,34.4,9.4,30.23,0.0,9.2,この先制限速度なし,この先目立った勾配なし,前方34.8m先を0.0km/h,後続列車なし,90.0,0.0,未発車,30.0,25.2,1.6,-0.05
168.4999999999997,Train11,次駅への減速フェーズ（駅手前400m以内）,ブレーキ（減速）中,2.3000000000000007,力行（加速）,0.1,70.0,0.0,28.13,28.1,38.4,9.5,37.48,0.0,9.2,この先制限速度なし,この先目立った勾配なし,前方38.8m先を0.0km/h,後続列車なし,90.0,0.0,未発車,30.0,28.1,1.5,-0.05
189.49999999999997,Train11,次駅への減速フェーズ（駅手前400m以内）,力行（加速）中,0.6,惰行,6.0,70.0,29.5,36.99,70.0,90.7,0.0,64.57,11.6,9.2,この先制限速度なし,この先目立った勾配なし,前方91.0m先を0.0km/h,後続列車なし,90.0,0.0,未発車,30.0,70.0,22.5,-0.05
167.59999999999968,Train11,次駅への減速フェーズ（駅手前400m以内）,ブレーキ（減速）中,4.000000000000002,惰行,0.2,70.0,0.0,28.19,28.2,41.8,10.4,37.65,0.0,9.2,この先制限速度なし,この先目立った勾配なし,前方42.2m先を0.0km/h,後続列車なし,90.0,0.0,未発車,30.0,28.2,0.6,-0.05
153.0,Train11,次駅への減速フェーズ（駅手前400m以内）,力行（加速）中,4.0,惰行,9.0,70.0,58.0,45.3,45.3,212.7,25.0,100.14,0.0,6.1,この先制限速度なし,22m先に上り勾配9.2‰あり,前方213.1m先を0.0km/h,後続列車なし,90.0,14.0,未発車,30.0,35.5,0.0,-0.5
167.09999999999977,Train11,次駅への減速フェーズ（駅手前400m以内）,ブレーキ（減速）中,0.8999999999999999,力行（加速）,0.1,70.0,3.4,32.27,32.3,50.2,10.9,49.23,0.0,9.2,この先制限速度なし,この先目立った勾配なし,前方50.5m先を0.0km/h,後続列車なし,90.0,0.0,未発車,30.0,32.3,0.1,-0.05
182.99999999999955,Train11,次駅への減速フェーズ（駅手前400m以内）,ブレーキ（減速）中,2.2000000000000006,力行（加速）,0.1,70.0,31.9,22.44,70.0,21.2,0.0,23.91,3.1,9.2,この先制限速度なし,この先目立った勾配なし,前方98.2m先を29.9km/h,後続列車なし,60.0,0.0,発車済み,60.0,70.0,0.0,-0.05
178.6999999999998,Train11,次駅への減速フェーズ（駅手前400m以内）,ブレーキ（減速）中,0.4,力行（加速）,0.1,70.0,32.4,34.03,70.0,55.0,1.3,54.73,0.0,9.2,この先制限速度なし,この先目立った勾配なし,前方99.5m先を24.3km/h,後続列車なし,60.0,0.0,発車済み,60.0,70.0,0.0,-0.05
204.29999999999941,Train11,次駅への減速フェーズ（駅手前400m以内）,ブレーキ（減速）中,5.599999999999996,力行（加速）,0.1,70.0,70.0,18.32,0.0,0.0,0.0,17.94,24.4,0.0,この先制限速度なし,この先目立った勾配なし,前方305.1m先を44.7km/h,後続列車なし,60.0,0.0,発車済み,60.0,0.0,0.0,-0.05
152.9999999999999,Train11,次駅への減速フェーズ（駅手前400m以内）,ブレーキ（減速）中,1.0999999999999999,力行（加速）,0.1,70.0,18.3,42.81,42.8,65.5,25.0,86.23,0.0,9.2,この先制限速度なし,この先目立った勾配なし,前方65.9m先を0.0km/h,後続列車なし,90.0,14.0,未発車,30.0,14.3,0.0,-0.05
187.3999999999993,Train11,次駅への減速フェーズ（駅手前400m以内）,ブレーキ（減速）中,6.5999999999999925,力行（加速）,0.1,70.0,38.0,9.56,70.0,1.6,0.0,4.36,7.5,9.2,この先制限速度なし,この先目立った勾配なし,前方118.2m先を34.5km/h,後続列車なし,60.0,0.0,発車済み,60.0,70.0,0.0,-0.05
192.79999999999978,Train11,次駅への減速フェーズ（駅手前400m以内）,ブレーキ（減速）中,1.0999999999999999,惰行,2.0000000000000004,70.0,12.9,33.35,70.0,57.5,0.0,52.56,14.9,9.2,この先制限速度なし,この先目立った勾配なし,前方57.8m先を0.0km/h,後続列車なし,90.0,0.0,未発車,30.0,70.0,25.8,-0.05
204.7999999999994,Train11,次駅への減速フェーズ（駅手前400m以内）,ブレーキ（減速）中,6.099999999999994,力行（加速）,0.1,70.0,70.0,16.85,0.0,0.0,0.0,15.19,24.9,0.0,この先制限速度なし,この先目立った勾配なし,前方308.9m先を44.9km/h,後続列車なし,60.0,0.0,発車済み,60.0,0.0,0.0,-0.05
154.89999999999978,Train11,次駅への減速フェーズ（駅手前400m以内）,ブレーキ（減速）中,0.30000000000000004,力行（加速）,0.1,70.0,0.0,38.13,38.1,44.2,23.1,68.58,0.0,9.2,この先制限速度なし,この先目立った勾配なし,前方44.6m先を0.0km/h,後続列車なし,90.0,12.1,未発車,30.0,11.6,0.0,-0.05
196.29999999999959,Train11,次駅への減速フェーズ（駅手前400m以内）,ブレーキ（減速）中,3.2000000000000015,力行（加速）,0.1,70.0,0.0,23.43,70.0,29.7,0.0,26.04,18.4,9.2,この先制限速度なし,この先目立った勾配なし,前方30.1m先を0.0km/h,後続列車なし,90.0,0.0,未発車,30.0,70.0,29.3,-0.05
194.0999999999997,Train11,次駅への減速フェーズ（駅手前400m以内）,ブレーキ（減速）中,0.9999999999999999,力行（加速）,0.1,70.0,0.0,29.91,70.0,46.0,0.0,42.34,16.2,9.2,この先制限速度なし,この先目立った勾配なし,前方46.4m先を0.0km/h,後続列車なし,90.0,0.0,未発車,30.0,70.0,27.1,-0.05
187.4999999999993,Train11,次駅への減速フェーズ（駅手前400m以内）,ブレーキ（減速）中,6.699999999999992,力行（加速）,0.1,70.0,38.2,9.27,70.0,1.4,0.0,4.1,7.6,9.2,この先制限速度なし,この先目立った勾配なし,前方118.9m先を34.6km/h,後続列車なし,60.0,0.0,発車済み,60.0,70.0,0.0,-0.05
178.7999999999991,Train11,次駅への減速フェーズ（駅手前400m以内）,ブレーキ（減速）中,2.2000000000000006,力行（加速）,0.1,70.0,0.0,1.1,0.0,0.0,0.0,0.06,0.9,0.0,この先制限速度なし,この先目立った勾配なし,前方0.0m先を0.0km/h,後続列車なし,90.0,0.0,未発車,30.0,0.0,11.8,-0.05
195.69999999999962,Train11,次駅への減速フェーズ（駅手前400m以内）,ブレーキ（減速）中,2.600000000000001,力行（加速）,0.1,70.0,0.0,25.19,70.0,33.8,0.0,30.1,17.8,9.2,この先制限速度なし,この先目立った勾配なし,前方34.2m先を0.0km/h,後続列車なし,90.0,0.0,未発車,30.0,70.0,28.7,-0.05
164.39999999999992,Train11,次駅への減速フェーズ（駅手前400m以内）,ブレーキ（減速）中,1.5000000000000002,力行（加速）,1.0,70.0,24.1,39.88,70.0,77.1,13.6,74.95,0.0,9.2,この先制限速度なし,この先目立った勾配なし,前方77.5m先を0.0km/h,後続列車なし,90.0,2.6,未発車,30.0,22.0,0.0,-0.05
179.99999999999972,Train11,次駅への減速フェーズ（駅手前400m以内）,ブレーキ（減速）中,0.2,力行（加速）,0.1,70.0,31.5,30.6,70.0,43.4,0.0,44.32,0.1,9.2,この先制限速度なし,この先目立った勾配なし,前方97.0m先を26.2km/h,後続列車なし,60.0,0.0,発車済み,60.0,70.0,0.0,-0.05
120.0,Train11,巡航フェーズ（駅間走行中）,力行（加速）中,41.0,ブレーキ（減速）,6.0,70.0,70.0,63.98,70.0,605.7,41.0,213.56,0.0,0.0,この先制限速度なし,15m先に上り勾配6.1‰あり,前方552.4m先を22.3km/h,後続列車なし,90.0,47.0,未発車,30.0,43.9,0.0,-0.5
173.09999999999937,Train11,次駅への減速フェーズ（駅手前400m以内）,ブレーキ（減速）中,2.9000000000000012,惰行,0.1,70.0,0.0,13.26,13.3,10.1,4.9,8.37,0.0,9.2,この先制限速度なし,この先目立った勾配なし,前方10.4m先を0.0km/h,後続列車なし,90.0,0.0,未発車,30.0,13.3,6.1,-0.05
172.49999999999946,Train11,次駅への減速フェーズ（駅手前400m以内）,ブレーキ（減速）中,0.30000000000000004,惰行,0.1,70.0,0.0,17.13,70.0,13.5,5.5,13.95,0.0,9.2,この先制限速度なし,この先目立った勾配なし,前方13.9m先を0.0km/h,後続列車なし,90.0,0.0,未発車,30.0,70.0,5.5,-0.05
180.4999999999997,Train11,次駅への減速フェーズ（駅手前400m以内）,ブレーキ（減速）中,0.7,力行（加速）,0.1,70.0,31.4,29.13,70.0,39.3,0.0,40.17,0.6,9.2,この先制限速度なし,この先目立った勾配なし,前方96.6m先を26.8km/h,後続列車なし,60.0,0.0,発車済み,60.0,70.0,0.0,-0.05
110.0,Train11,巡航フェーズ（駅間走行中）,力行（加速）中,31.0,ブレーキ（減速）,6.0,70.0,70.0,58.3,70.0,775.8,41.0,178.02,0.0,0.0,この先制限速度なし,185m先に上り勾配6.1‰あり,前方642.3m先を35.5km/h,後続列車なし,90.0,57.0,未発車,30.0,48.6,0.0,-0.5
171.39999999999947,Train11,次駅への減速フェーズ（駅手前400m以内）,ブレーキ（減速）中,1.2,惰行,0.1,70.0,0.0,18.24,70.0,17.5,6.6,15.81,0.0,9.2,この先制限速度なし,この先目立った勾配なし,前方17.9m先を0.0km/h,後続列車なし,90.0,0.0,未発車,30.0,70.0,4.4,-0.05
176.99999999999915,Train11,次駅への減速フェーズ（駅手前400m以内）,ブレーキ（減速）中,2.500000000000001,惰行,0.1,70.0,0.0,2.14,70.0,1.7,1.0,0.22,0.0,9.2,この先制限速度なし,この先目立った勾配なし,前方2.1m先を0.0km/h,後続列車なし,90.0,0.0,未発車,30.0,70.0,10.0,-0.05
178.2999999999998,Train11,次駅への減速フェーズ（駅手前400m以内）,力行（加速）中,0.1,惰行,0.1,70.0,32.8,34.83,70.0,58.9,1.7,57.29,0.0,9.2,この先制限速度なし,この先目立った勾配なし,前方100.7m先を23.7km/h,後続列車なし,60.0,0.0,発車済み,60.0,70.0,0.0,-0.05
200.79999999999933,Train11,次駅への減速フェーズ（駅手前400m以内）,ブレーキ（減速）中,0.2,惰行,0.1,70.0,0.0,10.97,70.0,8.3,0.0,5.74,22.9,9.2,この先制限速度なし,この先目立った勾配なし,前方14.1m先を9.8km/h,後続列車なし,90.0,0.0,発車済み,30.0,70.0,0.0,-0.05
166.39999999999975,Train11,次駅への減速フェーズ（駅手前400m以内）,ブレーキ（減速）中,2.800000000000001,惰行,0.2,70.0,6.8,31.74,31.7,51.8,11.6,47.64,0.0,9.2,この先制限速度なし,この先目立った勾配なし,前方52.2m先を0.0km/h,後続列車なし,90.0,0.6,未発車,30.0,16.6,0.0,-0.05
169.39999999999964,Train11,次駅への減速フェーズ（駅手前400m以内）,ブレーキ（減速）中,3.2000000000000015,力行（加速）,0.1,70.0,0.0,25.48,25.5,31.7,8.6,30.78,0.0,9.2,この先制限速度なし,この先目立った勾配なし,前方32.1m先を0.0km/h,後続列車なし,90.0,0.0,未発車,30.0,25.5,2.4,-0.05
156.2999999999997,Train11,次駅への減速フェーズ（駅手前400m以内）,ブレーキ（減速）中,1.7000000000000004,力行（加速）,0.1,70.0,0.0,33.98,34.0,30.2,21.7,54.56,0.0,9.2,この先制限速度なし,この先目立った勾配なし,前方30.6m先を0.0km/h,後続列車なし,90.0,10.7,未発車,30.0,9.6,0.0,-0.05
193.39999999999975,Train11,次駅への減速フェーズ（駅手前400m以内）,ブレーキ（減速）中,0.30000000000000004,力行（加速）,0.1,70.0,7.1,31.98,70.0,52.0,0.0,48.36,15.5,9.2,この先制限速度なし,この先目立った勾配なし,前方52.4m先を0.0km/h,後続列車なし,90.0,0.0,未発車,30.0,70.0,26.4,-0.05
199.29999999999941,Train11,次駅への減速フェーズ（駅手前400m以内）,ブレーキ（減速）中,1.4000000000000001,力行（加速）,0.1,70.0,0.0,15.11,70.0,13.7,0.0,10.86,21.4,9.2,この先制限速度なし,この先目立った勾配なし,前方16.2m先を6.2km/h,後続列車なし,90.0,0.0,発車済み,30.0,70.0,0.0,-0.05
201.69999999999928,Train11,次駅への減速フェーズ（駅手前400m以内）,ブレーキ（減速）中,1.0999999999999999,惰行,0.1,70.0,0.0,8.35,70.0,5.9,0.0,3.32,23.8,9.2,この先制限速度なし,この先目立った勾配なし,前方14.4m先を11.8km/h,後続列車なし,90.0,0.0,発車済み,30.0,70.0,0.0,-0.05
151.29999999999998,Train11,次駅への減速フェーズ（駅手前400m以内）,ブレーキ（減速）中,0.4,惰行,1.0,70.0,28.1,47.29,47.3,86.9,26.7,105.0,0.0,9.2,この先制限速度なし,この先目立った勾配なし,前方87.2m先を0.0km/h,後続列車なし,90.0,15.7,未発車,30.0,16.8,0.0,-0.05
142.0,Train11,次駅への減速フェーズ（駅手前400m以内）,惰行中,19.0,力行（加速）,44.0,70.0,60.5,57.58,57.6,226.7,36.0,160.71,0.0,6.1,この先制限速度なし,36m先に上り勾配9.2‰あり,前方227.1m先を0.0km/h,後続列車なし,90.0,25.0,未発車,30.0,28.2,0.0,-0.5
165.99999999999977,Train11,次駅への減速フェーズ（駅手前400m以内）,ブレーキ（減速）中,2.400000000000001,惰行,0.2,70.0,11.0,32.92,32.9,55.4,12.0,51.23,0.0,9.2,この先制限速度なし,この先目立った勾配なし,前方55.8m先を0.0km/h,後続列車なし,90.0,1.0,未発車,30.0,17.2,0.0,-0.05
164.59999999999985,Train11,次駅への減速フェーズ（駅手前400m以内）,ブレーキ（減速）中,0.9999999999999999,惰行,0.2,70.0,20.2,37.07,37.1,69.0,13.4,64.84,0.0,9.2,この先制限速度なし,この先目立った勾配なし,前方69.4m先を0.0km/h,後続列車なし,90.0,2.4,未発車,30.0,20.1,0.0,-0.05
204.5999999999994,Train11,次駅への減速フェーズ（駅手前400m以内）,ブレーキ（減速）中,5.899999999999995,力行（加速）,0.1,70.0,70.0,17.44,0.0,0.0,0.0,16.26,24.7,0.0,この先制限速度なし,この先目立った勾配なし,前方307.4m先を44.8km/h,後続列車なし,60.0,0.0,発車済み,60.0,0.0,0.0,-0.05
168.8999999999996,Train11,次駅への減速フェーズ（駅手前400m以内）,ブレーキ（減速）中,5.299999999999997,惰行,0.2,70.0,0.0,24.37,24.4,32.3,9.1,28.16,0.0,9.2,この先制限速度なし,この先目立った勾配なし,前方32.7m先を0.0km/h,後続列車なし,90.0,0.0,未発車,30.0,24.4,1.9,-0.05
162.49999999999997,Train11,次駅への減速フェーズ（駅手前400m以内）,ブレーキ（減速）中,0.5,惰行,6.1,70.0,30.0,42.82,42.8,92.3,15.5,86.27,0.0,9.2,この先制限速度なし,この先目立った勾配なし,前方92.7m先を0.0km/h,後続列車なし,90.0,4.5,未発車,30.0,23.7,0.0,-0.05
178.6999999999991,Train11,次駅への減速フェーズ（駅手前400m以内）,ブレーキ（減速）中,2.1000000000000005,力行（加速）,0.1,70.0,0.0,1.39,0.0,0.0,0.0,0.1,0.8,0.0,この先制限速度なし,この先目立った勾配なし,前方0.0m先を0.0km/h,後続列車なし,90.0,0.0,未発車,30.0,0.0,11.7,-0.05
204.49999999999912,Train11,次駅への減速フェーズ（駅手前400m以内）,ブレーキ（減速）中,0.7,力行（加速）,0.1,70.0,0.0,0.76,70.0,2.5,0.0,0.03,24.6,9.2,この先制限速度なし,この先目立った勾配なし,前方22.5m先を17.4km/h,後続列車なし,90.0,0.0,発車済み,30.0,70.0,0.0,-0.5
181.19999999999965,Train11,次駅への減速フェーズ（駅手前400m以内）,ブレーキ（減速）中,0.4,力行（加速）,0.1,70.0,31.3,27.74,70.0,33.7,0.0,36.45,1.3,9.2,この先制限速度なし,この先目立った勾配なし,前方96.3m先を27.8km/h,後続列車なし,60.0,0.0,発車済み,60.0,70.0,0.0,-0.05
197.6999999999995,Train11,次駅への減速フェーズ（駅手前400m以内）,ブレーキ（減速）中,4.6,力行（加速）,0.1,70.0,0.0,19.32,70.0,21.4,0.0,17.73,19.8,9.2,この先制限速度なし,この先目立った勾配なし,前方22.1m先を1.9km/h,後続列車なし,90.0,0.0,未発車,30.0,70.0,30.7,-0.05
179.49999999999974,Train11,次駅への減速フェーズ（駅手前400m以内）,ブレーキ（減速）中,1.2,力行（加速）,0.1,70.0,31.8,31.67,70.0,47.7,0.5,47.43,0.0,9.2,この先制限速度なし,この先目立った勾配なし,前方97.8m先を25.5km/h,後続列車なし,60.0,0.0,発車済み,60.0,70.0,0.0,-0.05
199.89999999999938,Train11,次駅への減速フェーズ（駅手前400m以内）,ブレーキ（減速）中,2.0000000000000004,力行（加速）,0.1,70.0,0.0,13.35,70.0,11.3,0.0,8.49,22.0,9.2,この先制限速度なし,この先目立った勾配なし,前方14.9m先を7.7km/h,後続列車なし,90.0,0.0,発車済み,30.0,70.0,0.0,-0.05
180.79999999999967,Train11,次駅への減速フェーズ（駅手前400m以内）,力行（加速）中,0.1,ブレーキ（減速）,0.1,70.0,31.3,28.49,70.0,36.9,0.0,38.45,0.9,9.2,この先制限速度なし,この先目立った勾配なし,前方96.4m先を27.2km/h,後続列車なし,60.0,0.0,発車済み,60.0,70.0,0.0,-0.05
98.0,Train11,巡航フェーズ（駅間走行中）,力行（加速）中,32.0,ブレーキ（減速）,5.0,70.0,70.0,66.08,70.0,1038.5,40.0,227.43,0.0,0.0,この先制限速度なし,48m先に上り勾配12.5‰あり,前方764.5m先を49.1km/h,後続列車なし,90.0,69.0,未発車,30.0,55.4,0.0,-0.5
41.0,Train11,巡航フェーズ（駅間走行中）,惰行中,6.0,力行（加速）,36.0,70.0,70.0,53.45,70.0,1765.0,30.0,164.87,0.0,-6.7,この先制限速度なし,この先目立った勾配なし,前方524.4m先を62.9km/h,後続列車なし,90.0,126.0,未発車,30.0,44.7,0.0,-0.5
41.0,Train11,巡航フェーズ（駅間走行中）,ブレーキ（減速）中,3.0,力行（加速）,39.0,70.0,70.0,51.07,70.0,1763.8,30.0,150.74,0.0,-6.7,この先制限速度なし,この先目立った勾配なし,前方523.3m先を62.9km/h,後続列車なし,90.0,126.0,未発車,30.0,43.6,0.0,-0.5
113.0,Train11,巡航フェーズ（駅間走行中）,力行（加速）中,18.0,ブレーキ（減速）,3.0,70.0,70.0,54.4,70.0,714.7,41.0,155.38,0.0,0.0,この先制限速度なし,124m先に上り勾配6.1‰あり,前方609.1m先を31.5km/h,後続列車なし,90.0,54.0,未発車,30.0,46.6,0.0,-0.5
160.19999999999948,Train11,次駅への減速フェーズ（駅手前400m以内）,ブレーキ（減速）中,0.30000000000000004,力行（加速）,0.1,70.0,0.0,23.63,0.0,0.0,17.8,29.78,0.0,0.0,この先制限速度なし,この先目立った勾配なし,前方0.0m先を0.0km/h,後続列車なし,90.0,6.8,未発車,30.0,0.0,0.0,-0.05
194.59999999999968,Train11,次駅への減速フェーズ（駅手前400m以内）,ブレーキ（減速）中,1.5000000000000002,力行（加速）,0.1,70.0,0.0,28.43,70.0,42.0,0.0,38.29,16.7,9.2,この先制限速度なし,この先目立った勾配なし,前方42.3m先を0.0km/h,後続列車なし,90.0,0.0,未発車,30.0,70.0,27.6,-0.05
149.0,Train11,次駅への減速フェーズ（駅手前400m以内）,ブレーキ（減速）中,2.0,惰行,24.0,70.0,38.2,51.69,51.7,118.2,29.0,125.15,0.0,9.2,この先制限速度なし,この先目立った勾配なし,前方118.6m先を0.0km/h,後続列車なし,90.0,18.0,未発車,30.0,20.2,0.0,-0.5
130.0,Train11,巡航フェーズ（駅間走行中）,惰行中,6.0,力行（加速）,17.0,70.0,70.0,56.44,70.0,539.0,41.0,154.5,0.0,6.1,この先制限速度なし,348m先に上り勾配9.2‰あり,前方529.7m先を9.4km/h,後続列車なし,90.0,37.0,未発車,30.0,51.2,0.0,-0.5
172.89999999999944,Train11,次駅への減速フェーズ（駅手前400m以内）,ブレーキ（減速）中,0.7,惰行,0.1,70.0,0.0,15.96,70.0,11.6,5.1,12.11,0.0,9.2,この先制限速度なし,この先目立った勾配なし,前方12.0m先を0.0km/h,後続列車なし,90.0,0.0,未発車,30.0,70.0,5.9,-0.05
176.69999999999922,Train11,次駅への減速フェーズ（駅手前400m以内）,ブレーキ（減速）中,0.1,力行（加速）,0.1,70.0,0.0,7.21,0.0,0.0,1.3,2.79,0.0,0.0,この先制限速度なし,この先目立った勾配なし,前方0.1m先を0.0km/h,後続列車なし,90.0,0.0,未発車,30.0,0.0,9.7,-0.05
166.79999999999973,Train11,次駅への減速フェーズ（駅手前400m以内）,ブレーキ（減速）中,3.2000000000000015,惰行,0.2,70.0,0.0,30.55,30.6,48.3,11.2,44.18,0.0,9.2,この先制限速度なし,この先目立った勾配なし,前方48.7m先を0.0km/h,後続列車なし,90.0,0.2,未発車,30.0,15.8,0.0,-0.05
156.4999999999997,Train11,次駅への減速フェーズ（駅手前400m以内）,ブレーキ（減速）中,1.9000000000000006,力行（加速）,0.1,70.0,0.0,33.39,33.4,28.3,21.5,52.69,0.0,9.2,この先制限速度なし,この先目立った勾配なし,前方28.7m先を0.0km/h,後続列車なし,90.0,10.5,未発車,30.0,9.3,0.0,-0.05
165.99999999999983,Train11,次駅への減速フェーズ（駅手前400m以内）,ブレーキ（減速）中,3.1000000000000014,力行（加速）,1.0,70.0,15.1,35.13,35.1,60.5,12.0,58.28,0.0,9.2,この先制限速度なし,この先目立った勾配なし,前方60.9m先を0.0km/h,後続列車なし,90.0,1.0,未発車,30.0,18.1,0.0,-0.05
158.69999999999956,Train11,次駅への減速フェーズ（駅手前400m以内）,ブレーキ（減速）中,4.100000000000001,力行（加速）,0.1,70.0,0.0,26.89,26.9,9.9,19.3,34.27,0.0,9.2,この先制限速度なし,この先目立った勾配なし,前方10.3m先を0.0km/h,後続列車なし,90.0,8.3,未発車,30.0,5.5,0.0,-0.05
151.0,Train11,次駅への減速フェーズ（駅手前400m以内）,力行（加速）中,8.0,ブレーキ（減速）,6.0,70.0,63.7,45.46,48.9,245.3,27.0,100.86,0.0,6.1,この先制限速度なし,55m先に上り勾配9.2‰あり,前方245.6m先を0.0km/h,後続列車なし,90.0,16.0,未発車,30.0,39.0,0.0,-0.5
171.19999999999953,Train11,次駅への減速フェーズ（駅手前400m以内）,ブレーキ（減速）中,0.9999999999999999,惰行,0.1,70.0,0.0,20.44,20.4,20.2,6.8,19.85,0.0,9.2,この先制限速度なし,この先目立った勾配なし,前方20.6m先を0.0km/h,後続列車なし,90.0,0.0,未発車,30.0,20.4,4.2,-0.05
171.59999999999945,Train11,次駅への減速フェーズ（駅手前400m以内）,ブレーキ（減速）中,1.4000000000000001,惰行,0.1,70.0,0.0,17.65,70.0,16.5,6.4,14.81,0.0,9.2,この先制限速度なし,この先目立った勾配なし,前方16.9m先を0.0km/h,後続列車なし,90.0,0.0,未発車,30.0,70.0,4.6,-0.05
187.1999999999993,Train11,次駅への減速フェーズ（駅手前400m以内）,ブレーキ（減速）中,6.399999999999993,力行（加速）,0.1,70.0,37.6,10.15,70.0,2.2,0.0,4.9,7.3,9.2,この先制限速度なし,この先目立った勾配なし,前方116.8m先を34.3km/h,後続列車なし,60.0,0.0,発車済み,60.0,70.0,0.0,-0.05
157.69999999999962,Train11,次駅への減速フェーズ（駅手前400m以内）,ブレーキ（減速）中,3.1000000000000014,力行（加速）,0.1,70.0,0.0,29.84,29.8,17.8,20.3,42.15,0.0,9.2,この先制限速度なし,この先目立った勾配なし,前方18.2m先を0.0km/h,後続列車なし,90.0,9.3,未発車,30.0,7.3,0.0,-0.05
166.09999999999977,Train11,次駅への減速フェーズ（駅手前400m以内）,ブレーキ（減速）中,2.500000000000001,惰行,0.2,70.0,10.1,32.62,32.6,54.5,11.9,50.32,0.0,9.2,この先制限速度なし,この先目立った勾配なし,前方54.9m先を0.0km/h,後続列車なし,90.0,0.9,未発車,30.0,17.4,0.0,-0.05
166.69999999999973,Train11,次駅への減速フェーズ（駅手前400m以内）,ブレーキ（減速）中,3.1000000000000014,惰行,0.2,70.0,0.0,30.85,30.8,49.2,11.3,45.03,0.0,9.2,この先制限速度なし,この先目立った勾配なし,前方49.6m先を0.0km/h,後続列車なし,90.0,0.3,未発車,30.0,16.1,0.0,-0.05
180.0999999999997,Train11,次駅への減速フェーズ（駅手前400m以内）,ブレーキ（減速）中,0.30000000000000004,力行（加速）,0.1,70.0,31.5,30.31,70.0,42.6,0.0,43.47,0.2,9.2,この先制限速度なし,この先目立った勾配なし,前方96.9m先を26.3km/h,後続列車なし,60.0,0.0,発車済み,60.0,70.0,0.0,-0.05
141.0,Train11,次駅への減速フェーズ（駅手前400m以内）,惰行中,18.0,力行（加速）,44.0,70.0,63.3,58.0,58.0,242.7,37.0,163.01,0.0,6.1,この先制限速度なし,52m先に上り勾配9.2‰あり,前方243.1m先を0.0km/h,後続列車なし,90.0,26.0,未発車,30.0,29.4,0.0,-0.5
132.0,Train11,巡航フェーズ（駅間走行中）,力行（加速）中,2.0,惰行,6.0,70.0,70.0,56.47,63.3,507.7,41.0,154.65,0.0,6.1,この先制限速度なし,317m先に上り勾配9.2‰あり,前方503.0m先を6.9km/h,後続列車なし,90.0,35.0,未発車,30.0,49.5,0.0,-0.5
171.8999999999995,Train11,次駅への減速フェーズ（駅手前400m以内）,ブレーキ（減速）中,0.30000000000000004,惰行,0.1,70.0,0.0,18.64,70.0,16.5,6.1,16.51,0.0,9.2,この先制限速度なし,この先目立った勾配なし,前方16.8m先を0.0km/h,後続列車なし,90.0,0.0,未発車,30.0,70.0,4.9,-0.05
170.1999999999996,Train11,次駅への減速フェーズ（駅手前400m以内）,惰行中,0.1,ブレーキ（減速）,3.900000000000002,70.0,0.0,23.13,23.1,26.3,7.8,25.38,0.0,9.2,この先制限速度なし,この先目立った勾配なし,前方26.7m先を0.0km/h,後続列車なし,90.0,0.0,未発車,30.0,23.1,3.2,-0.05
191.19999999999987,Train11,次駅への減速フェーズ（駅手前400m以内）,惰行中,1.5000000000000002,力行（加速）,0.7999999999999999,70.0,22.3,36.59,70.0,73.2,0.0,63.19,13.3,9.2,この先制限速度なし,この先目立った勾配なし,前方73.6m先を0.0km/h,後続列車なし,90.0,0.0,未発車,30.0,70.0,24.2,-0.05
177.09999999999914,Train11,次駅への減速フェーズ（駅手前400m以内）,ブレーキ（減速）中,2.600000000000001,惰行,0.1,70.0,0.0,1.85,70.0,1.7,0.9,0.16,0.0,9.2,この先制限速度なし,この先目立った勾配なし,前方2.0m先を0.0km/h,後続列車なし,90.0,0.0,未発車,30.0,70.0,10.1,-0.05
43.0,Train11,巡航フェーズ（駅間走行中）,力行（加速）中,2.0,惰行,6.0,70.0,70.0,54.43,70.0,1735.2,30.0,170.84,0.0,-6.7,この先制限速度なし,この先目立った勾配なし,前方529.7m先を63.2km/h,後続列車なし,90.0,124.0,未発車,30.0,44.1,0.0,-0.5
183.7999999999995,Train11,次駅への減速フェーズ（駅手前400m以内）,ブレーキ（減速）中,3.0000000000000013,力行（加速）,0.1,70.0,32.6,20.09,70.0,16.5,0.0,19.18,3.9,9.2,この先制限速度なし,この先目立った勾配なし,前方100.3m先を30.9km/h,後続列車なし,60.0,0.0,発車済み,60.0,70.0,0.0,-0.05
159.39999999999952,Train11,次駅への減速フェーズ（駅手前400m以内）,ブレーキ（減速）中,0.5,惰行,0.1,70.0,0.0,25.08,25.1,4.9,18.6,29.83,0.0,9.2,この先制限速度なし,この先目立った勾配なし,前方5.3m先を0.0km/h,後続列車なし,90.0,7.6,未発車,30.0,3.9,0.0,-0.05
157.7999999999996,Train11,次駅への減速フェーズ（駅手前400m以内）,ブレーキ（減速）中,3.2000000000000015,力行（加速）,0.1,70.0,0.0,29.55,29.5,17.0,20.2,41.32,0.0,9.2,この先制限速度なし,この先目立った勾配なし,前方17.4m先を0.0km/h,後続列車なし,90.0,9.2,未発車,30.0,7.2,0.0,-0.05
197.39999999999952,Train11,次駅への減速フェーズ（駅手前400m以内）,ブレーキ（減速）中,4.300000000000001,力行（加速）,0.1,70.0,0.0,20.2,70.0,23.1,0.0,19.38,19.5,9.2,この先制限速度なし,この先目立った勾配なし,前方23.6m先を1.1km/h,後続列車なし,90.0,0.0,未発車,30.0,70.0,30.4,-0.05
177.99999999999915,Train11,次駅への減速フェーズ（駅手前400m以内）,ブレーキ（減速）中,1.4000000000000001,力行（加速）,0.1,70.0,0.0,3.42,0.0,0.0,0.0,0.63,0.1,0.0,この先制限速度なし,この先目立った勾配なし,前方0.0m先を0.0km/h,後続列車なし,90.0,0.0,未発車,30.0,0.0,11.0,-0.05
131.0,Train11,巡航フェーズ（駅間走行中）,惰行中,8.0,力行（加速）,44.0,70.0,70.0,62.26,62.3,409.7,41.0,187.33,0.0,6.1,この先制限速度なし,219m先に上り勾配9.2‰あり,前方402.9m先を8.1km/h,後続列車なし,90.0,36.0,未発車,30.0,39.9,0.0,-0.5
202.59999999999923,Train11,次駅への減速フェーズ（駅手前400m以内）,ブレーキ（減速）中,2.0000000000000004,惰行,0.1,70.0,0.0,5.72,70.0,4.2,0.0,1.56,22.7,9.2,この先制限速度なし,この先目立った勾配なし,前方15.9m先を13.7km/h,後続列車なし,90.0,0.0,発車済み,30.0,70.0,0.0,-0.05
189.29999999999998,Train11,次駅への減速フェーズ（駅手前400m以内）,力行（加速）中,0.4,惰行,6.0,70.0,30.2,36.82,70.0,92.7,0.0,63.98,11.4,9.2,この先制限速度なし,この先目立った勾配なし,前方93.1m先を0.0km/h,後続列車なし,90.0,0.0,未発車,30.0,70.0,22.3,-0.05
197.5999999999995,Train11,次駅への減速フェーズ（駅手前400m以内）,ブレーキ（減速）中,4.5,力行（加速）,0.1,70.0,0.0,19.61,70.0,22.0,0.0,18.27,19.7,9.2,この先制限速度なし,この先目立った勾配なし,前方22.6m先を1.7km/h,後続列車なし,90.0,0.0,未発車,30.0,70.0,30.6,-0.05
163.7999999999999,Train11,次駅への減速フェーズ（駅手前400m以内）,ブレーキ（減速）中,0.2,惰行,0.2,70.0,24.3,39.44,39.4,77.5,14.2,73.34,0.0,9.2,この先制限速度なし,この先目立った勾配なし,前方77.9m先を0.0km/h,後続列車なし,90.0,3.2,未発車,30.0,20.9,0.0,-0.05
195.9999999999996,Train11,次駅への減速フェーズ（駅手前400m以内）,ブレーキ（減速）中,2.9000000000000012,力行（加速）,0.1,70.0,0.0,24.31,70.0,31.7,0.0,28.03,18.1,9.2,この先制限速度なし,この先目立った勾配なし,前方32.1m先を0.0km/h,後続列車なし,90.0,0.0,未発車,30.0,70.0,29.0,-0.05
172.19999999999942,Train11,次駅への減速フェーズ（駅手前400m以内）,ブレーキ（減速）中,2.0000000000000004,惰行,0.1,70.0,0.0,15.9,70.0,13.7,5.8,12.02,0.0,9.2,この先制限速度なし,この先目立った勾配なし,前方14.1m先を0.0km/h,後続列車なし,90.0,0.0,未発車,30.0,70.0,5.2,-0.05
165.4999999999998,Train11,次駅への減速フェーズ（駅手前400m以内）,ブレーキ（減速）中,1.9000000000000006,惰行,0.2,70.0,14.8,34.4,34.4,60.1,12.5,55.9,0.0,9.2,この先制限速度なし,この先目立った勾配なし,前方60.4m先を0.0km/h,後続列車なし,90.0,1.5,未発車,30.0,18.3,0.0,-0.05
189.69999999999996,Train11,次駅への減速フェーズ（駅手前400m以内）,力行（加速）中,0.7999999999999999,惰行,6.0,70.0,28.7,37.16,70.0,88.6,0.0,65.16,11.8,9.2,この先制限速度なし,この先目立った勾配なし,前方89.0m先を0.0km/h,後続列車なし,90.0,0.0,未発車,30.0,70.0,22.7,-0.05
175.39999999999998,Train11,次駅への減速フェーズ（駅手前400m以内）,力行（加速）中,14.499999999999998,ブレーキ（減速）,6.0,70.0,36.7,37.82,70.0,89.1,4.6,67.46,0.0,9.2,この先制限速度なし,この先目立った勾配なし,前方113.6m先を19.0km/h,後続列車なし,60.0,0.0,発車済み,60.0,70.0,0.0,-0.05
163.39999999999992,Train11,次駅への減速フェーズ（駅手前400m以内）,ブレーキ（減速）中,1.4000000000000001,惰行,6.1,70.0,26.1,40.13,40.1,81.9,14.6,75.9,0.0,9.2,この先制限速度なし,この先目立った勾配なし,前方82.3m先を0.0km/h,後続列車なし,90.0,3.6,未発車,30.0,22.1,0.0,-0.05
176.79999999999922,Train11,次駅への減速フェーズ（駅手前400m以内）,ブレーキ（減速）中,0.2,力行（加速）,0.1,70.0,0.0,6.92,0.0,0.0,1.2,2.57,0.0,0.0,この先制限速度なし,この先目立った勾配なし,前方0.0m先を0.0km/h,後続列車なし,90.0,0.0,未発車,30.0,0.0,9.8,-0.05
194.69999999999968,Train11,次駅への減速フェーズ（駅手前400m以内）,ブレーキ（減速）中,1.6000000000000003,力行（加速）,0.1,70.0,0.0,28.14,70.0,41.2,0.0,37.5,16.8,9.2,この先制限速度なし,この先目立った勾配なし,前方41.6m先を0.0km/h,後続列車なし,90.0,0.0,未発車,30.0,70.0,27.7,-0.05
175.89999999999927,Train11,次駅への減速フェーズ（駅手前400m以内）,ブレーキ（減速）中,0.1,力行（加速）,0.1,70.0,0.0,9.01,9.0,1.5,2.1,3.87,0.0,9.2,この先制限速度なし,この先目立った勾配なし,前方1.9m先を0.0km/h,後続列車なし,90.0,0.0,未発車,30.0,9.0,8.9,-0.05
187.0999999999993,Train11,次駅への減速フェーズ（駅手前400m以内）,ブレーキ（減速）中,6.299999999999994,力行（加速）,0.1,70.0,37.5,10.44,70.0,2.5,0.0,5.19,7.2,9.2,この先制限速度なし,この先目立った勾配なし,前方116.1m先を34.2km/h,後続列車なし,60.0,0.0,発車済み,60.0,70.0,0.0,-0.05
170.8999999999995,Train11,次駅への減速フェーズ（駅手前400m以内）,ブレーキ（減速）中,0.7,惰行,0.1,70.0,0.0,19.7,70.0,20.1,7.1,18.45,0.0,9.2,この先制限速度なし,この先目立った勾配なし,前方20.5m先を0.0km/h,後続列車なし,90.0,0.0,未発車,30.0,70.0,3.9,-0.05
170.0999999999996,Train11,次駅への減速フェーズ（駅手前400m以内）,ブレーキ（減速）中,3.900000000000002,力行（加速）,0.1,70.0,0.0,23.42,23.4,27.0,7.9,26.03,0.0,9.2,この先制限速度なし,この先目立った勾配なし,前方27.3m先を0.0km/h,後続列車なし,90.0,0.0,未発車,30.0,23.4,3.1,-0.05
167.49999999999974,Train11,次駅への減速フェーズ（駅手前400m以内）,ブレーキ（減速）中,1.3,力行（加速）,0.1,70.0,0.0,31.08,31.1,46.6,10.5,45.71,0.0,9.2,この先制限速度なし,この先目立った勾配なし,前方47.0m先を0.0km/h,後続列車なし,90.0,0.0,未発車,30.0,31.1,0.5,-0.05
154.2999999999998,Train11,次駅への減速フェーズ（駅手前400m以内）,ブレーキ（減速）中,0.8999999999999999,力行（加速）,0.1,70.0,4.7,39.29,39.3,50.7,23.7,72.78,0.0,9.2,この先制限速度なし,この先目立った勾配なし,前方51.1m先を0.0km/h,後続列車なし,90.0,12.7,未発車,30.0,12.4,0.0,-0.05
155.69999999999973,Train11,次駅への減速フェーズ（駅手前400m以内）,ブレーキ（減速）中,1.0999999999999999,力行（加速）,0.1,70.0,0.0,35.76,35.8,36.0,22.3,60.37,0.0,9.2,この先制限速度なし,この先目立った勾配なし,前方36.4m先を0.0km/h,後続列車なし,90.0,11.3,未発車,30.0,10.4,0.0,-0.05
171.29999999999947,Train11,次駅への減速フェーズ（駅手前400m以内）,ブレーキ（減速）中,1.0999999999999999,惰行,0.1,70.0,0.0,18.53,70.0,18.0,6.7,16.32,0.0,9.2,この先制限速度なし,この先目立った勾配なし,前方18.4m先を0.0km/h,後続列車なし,90.0,0.0,未発車,30.0,70.0,4.3,-0.05
182.59999999999957,Train11,次駅への減速フェーズ（駅手前400m以内）,ブレーキ（減速）中,1.8000000000000005,力行（加速）,0.1,70.0,31.7,23.62,70.0,23.7,0.0,26.47,2.7,9.2,この先制限速度なし,この先目立った勾配なし,前方97.5m先を29.5km/h,後続列車なし,60.0,0.0,発車済み,60.0,70.0,0.0,-0.05
175.69999999999922,Train11,次駅への減速フェーズ（駅手前400m以内）,ブレーキ（減速）中,1.2,惰行,0.1,70.0,0.0,5.93,70.0,3.2,2.3,1.67,0.0,9.2,この先制限速度なし,この先目立った勾配なし,前方3.5m先を0.0km/h,後続列車なし,90.0,0.0,未発車,30.0,70.0,8.7,-0.05
180.3999999999997,Train11,次駅への減速フェーズ（駅手前400m以内）,ブレーキ（減速）中,0.6,力行（加速）,0.1,70.0,31.4,29.42,70.0,40.1,0.0,40.98,0.5,9.2,この先制限速度なし,この先目立った勾配なし,前方96.6m先を26.7km/h,後続列車なし,60.0,0.0,発車済み,60.0,70.0,0.0,-0.05
172.29999999999947,Train11,次駅への減速フェーズ（駅手前400m以内）,ブレーキ（減速）中,0.1,惰行,0.1,70.0,0.0,17.72,70.0,14.4,5.7,14.92,0.0,9.2,この先制限速度なし,この先目立った勾配なし,前方14.8m先を0.0km/h,後続列車なし,90.0,0.0,未発車,30.0,70.0,5.3,-0.05
202.19999999999925,Train11,次駅への減速フェーズ（駅手前400m以内）,ブレーキ（減速）中,1.6000000000000003,惰行,0.1,70.0,0.0,6.89,70.0,4.9,0.0,2.26,22.3,9.2,この先制限速度なし,この先目立った勾配なし,前方15.1m先を12.9km/h,後続列車なし,90.0,0.0,発車済み,30.0,70.0,0.0,-0.05
193.09999999999977,Train11,次駅への減速フェーズ（駅手前400m以内）,力行（加速）中,0.1,ブレーキ（減速）,1.3,70.0,10.4,32.46,70.0,54.7,0.0,49.82,15.2,9.2,この先制限速度なし,この先目立った勾配なし,前方55.1m先を0.0km/h,後続列車なし,90.0,0.0,未発車,30.0,70.0,26.1,-0.05
155.0,Train11,次駅への減速フェーズ（駅手前400m以内）,力行（加速）中,6.0,惰行,9.0,70.0,54.2,46.51,46.5,187.2,23.0,101.59,0.0,9.2,この先制限速度なし,この先目立った勾配なし,前方187.6m先を0.0km/h,後続列車なし,90.0,12.0,未発車,30.0,34.4,0.0,-0.5
124.0,Train11,巡航フェーズ（駅間走行中）,力行（加速）中,17.0,ブレーキ（減速）,6.0,70.0,70.0,57.51,70.0,634.8,41.0,173.34,0.0,0.0,この先制限速度なし,44m先に上り勾配6.1‰あり,前方603.4m先を17.1km/h,後続列車なし,90.0,43.0,未発車,30.0,49.0,0.0,-0.5
176.1999999999992,Train11,次駅への減速フェーズ（駅手前400m以内）,ブレーキ（減速）中,1.7000000000000004,惰行,0.1,70.0,0.0,4.47,5.8,2.4,1.8,0.95,0.0,9.2,この先制限速度なし,この先目立った勾配なし,前方2.8m先を0.0km/h,後続列車なし,90.0,0.0,未発車,30.0,5.8,9.2,-0.05
160.59999999999945,Train11,次駅への減速フェーズ（駅手前400m以内）,ブレーキ（減速）中,0.7,力行（加速）,0.1,70.0,0.0,22.45,0.0,0.0,17.4,26.91,0.0,0.0,この先制限速度なし,この先目立った勾配なし,前方0.0m先を0.0km/h,後続列車なし,90.0,6.4,未発車,30.0,0.0,0.0,-0.05
118.0,Train11,巡航フェーズ（駅間走行中）,ブレーキ（減速）中,2.0,力行（加速）,21.0,70.0,70.0,54.36,70.0,637.2,41.0,155.15,0.0,0.0,この先制限速度なし,47m先に上り勾配6.1‰あり,前方570.9m先を24.9km/h,後続列車なし,90.0,49.0,未発車,30.0,43.7,0.0,-0.5
175.8999999999992,Train11,次駅への減速フェーズ（駅手前400m以内）,ブレーキ（減速）中,1.4000000000000001,惰行,0.1,70.0,0.0,5.34,70.0,2.8,2.1,1.36,0.0,9.2,この先制限速度なし,この先目立った勾配なし,前方3.2m先を0.0km/h,後続列車なし,90.0,0.0,未発車,30.0,70.0,8.9,-0.05
170.6999999999995,Train11,次駅への減速フェーズ（駅手前400m以内）,ブレーキ（減速）中,0.5,惰行,0.1,70.0,0.0,20.29,20.3,21.2,7.3,19.56,0.0,9.2,この先制限速度なし,この先目立った勾配なし,前方21.6m先を0.0km/h,後続列車なし,90.0,0.0,未発車,30.0,20.3,3.7,-0.05
171.69999999999945,Train11,次駅への減速フェーズ（駅手前400m以内）,ブレーキ（減速）中,1.5000000000000002,惰行,0.1,70.0,0.0,17.36,70.0,16.0,6.3,14.33,0.0,9.2,この先制限速度なし,この先目立った勾配なし,前方16.4m先を0.0km/h,後続列車なし,90.0,0.0,未発車,30.0,70.0,4.7,-0.05
179.89999999999972,Train11,次駅への減速フェーズ（駅手前400m以内）,ブレーキ（減速）中,0.1,力行（加速）,0.1,70.0,31.6,30.9,70.0,44.3,0.1,45.17,0.0,9.2,この先制限速度なし,この先目立った勾配なし,前方97.1m先を26.0km/h,後続列車なし,60.0,0.0,発車済み,60.0,70.0,0.0,-0.05
184.89999999999944,Train11,次駅への減速フェーズ（駅手前400m以内）,ブレーキ（減速）中,4.100000000000001,力行（加速）,0.1,70.0,33.9,16.87,70.0,10.8,0.0,13.53,5.0,9.2,この先制限速度なし,この先目立った勾配なし,前方104.2m先を32.0km/h,後続列車なし,60.0,0.0,発車済み,60.0,70.0,0.0,-0.05
112.0,Train11,巡航フェーズ（駅間走行中）,力行（加速）中,33.0,ブレーキ（減速）,6.0,70.0,70.0,59.52,70.0,743.1,41.0,185.38,0.0,0.0,この先制限速度なし,153m先に上り勾配6.1‰あり,前方628.6m先を32.8km/h,後続列車なし,90.0,55.0,未発車,30.0,47.8,0.0,-0.5
175.3999999999993,Train11,次駅への減速フェーズ（駅手前400m以内）,ブレーキ（減速）中,0.5,力行（加速）,0.1,70.0,0.0,9.94,9.9,2.8,2.6,4.7,0.0,9.2,この先制限速度なし,この先目立った勾配なし,前方3.1m先を0.0km/h,後続列車なし,90.0,0.0,未発車,30.0,9.9,8.4,-0.05
99.0,Train11,巡航フェーズ（駅間走行中）,力行（加速）中,33.0,ブレーキ（減速）,5.0,70.0,70.0,66.55,70.0,1020.0,40.0,230.65,0.0,0.0,この先制限速度なし,30m先に上り勾配12.5‰あり,前方759.6m先を47.9km/h,後続列車なし,90.0,68.0,未発車,30.0,56.0,0.0,-0.5
175.09999999999926,Train11,次駅への減速フェーズ（駅手前400m以内）,ブレーキ（減速）中,0.6,惰行,0.1,70.0,0.0,7.67,8.3,4.3,2.9,2.81,0.0,9.2,この先制限速度なし,この先目立った勾配なし,前方4.7m先を0.0km/h,後続列車なし,90.0,0.0,未発車,30.0,8.3,8.1,-0.05
182.49999999999957,Train11,次駅への減速フェーズ（駅手前400m以内）,ブレーキ（減速）中,1.7000000000000004,力行（加速）,0.1,70.0,31.7,23.91,70.0,24.4,0.0,27.13,2.6,9.2,この先制限速度なし,この先目立った勾配なし,前方97.3m先を29.4km/h,後続列車なし,60.0,0.0,発車済み,60.0,70.0,0.0,-0.05
153.09999999999988,Train11,次駅への減速フェーズ（駅手前400m以内）,ブレーキ（減速）中,1.2,力行（加速）,0.1,70.0,17.6,42.51,42.5,64.3,24.9,85.05,0.0,9.2,この先制限速度なし,この先目立った勾配なし,前方64.7m先を0.0km/h,後続列車なし,90.0,13.9,未発車,30.0,14.2,0.0,-0.05
154.5999999999998,Train11,次駅への減速フェーズ（駅手前400m以内）,力行（加速）中,0.1,ブレーキ（減速）,0.1,70.0,0.0,38.65,38.7,47.4,23.4,70.44,0.0,9.2,この先制限速度なし,この先目立った勾配なし,前方47.8m先を0.0km/h,後続列車なし,90.0,12.4,未発車,30.0,12.0,0.0,-0.05
169.99999999999955,Train11,次駅への減速フェーズ（駅手前400m以内）,ブレーキ（減速）中,0.1,惰行,0.1,70.0,0.0,21.63,22.1,25.3,8.0,22.22,0.0,9.2,この先制限速度なし,この先目立った勾配なし,前方25.7m先を0.0km/h,後続列車なし,90.0,0.0,未発車,30.0,22.1,3.0,-0.05
189.59999999999997,Train11,次駅への減速フェーズ（駅手前400m以内）,力行（加速）中,0.7,惰行,6.0,70.0,29.1,37.08,70.0,89.6,0.0,64.87,11.7,9.2,この先制限速度なし,この先目立った勾配なし,前方90.0m先を0.0km/h,後続列車なし,90.0,0.0,未発車,30.0,70.0,22.6,-0.05
119.0,Train11,巡航フェーズ（駅間走行中）,ブレーキ（減速）中,3.0,力行（加速）,21.0,70.0,70.0,51.67,70.0,622.5,41.0,140.43,0.0,0.0,この先制限速度なし,32m先に上り勾配6.1‰あり,前方562.9m先を23.6km/h,後続列車なし,90.0,48.0,未発車,30.0,44.1,0.0,-0.5
178.09999999999982,Train11,次駅への減速フェーズ（駅手前400m以内）,ブレーキ（減速）中,0.8999999999999999,惰行,0.1,70.0,33.0,35.17,70.0,60.8,1.9,58.41,0.0,9.2,この先制限速度なし,この先目立った勾配なし,前方101.3m先を23.4km/h,後続列車なし,60.0,0.0,発車済み,60.0,70.0,0.0,-0.05
176.09999999999994,Train11,次駅への減速フェーズ（駅手前400m以内）,力行（加速）中,15.199999999999996,ブレーキ（減速）,6.0,70.0,35.7,38.37,70.0,81.7,3.9,69.43,0.0,9.2,この先制限速度なし,この先目立った勾配なし,前方110.0m先を20.3km/h,後続列車なし,60.0,0.0,発車済み,60.0,70.0,0.0,-0.05
161.0,Train11,次駅への減速フェーズ（駅手前400m以内）,惰行中,6.0,力行（加速）,6.0,70.0,36.0,44.55,44.5,110.6,17.0,93.3,0.0,9.2,この先制限速度なし,この先目立った勾配なし,前方111.0m先を0.0km/h,後続列車なし,90.0,6.0,未発車,30.0,26.6,0.0,-0.5
176.0999999999992,Train11,次駅への減速フェーズ（駅手前400m以内）,ブレーキ（減速）中,1.6000000000000003,惰行,0.1,70.0,0.0,4.76,6.0,2.6,1.9,1.08,0.0,9.2,この先制限速度なし,この先目立った勾配なし,前方2.9m先を0.0km/h,後続列車なし,90.0,0.0,未発車,30.0,6.0,9.1,-0.05
138.0,Train11,次駅への減速フェーズ（駅手前400m以内）,惰行中,15.0,力行（加速）,44.0,70.0,70.0,59.27,59.3,291.6,40.0,170.05,0.0,6.1,この先制限速度なし,101m先に上り勾配9.2‰あり,前方292.0m先を0.0km/h,後続列車なし,90.0,29.0,未発車,30.0,32.8,0.0,-0.5
175.9999999999992,Train11,次駅への減速フェーズ（駅手前400m以内）,ブレーキ（減速）中,1.5000000000000002,惰行,0.1,70.0,0.0,5.05,70.0,2.7,2.0,1.22,0.0,9.2,この先制限速度なし,この先目立った勾配なし,前方3.1m先を0.0km/h,後続列車なし,90.0,0.0,未発車,30.0,70.0,9.0,-0.05
58.0,Train11,巡航フェーズ（駅間走行中）,力行（加速）中,34.0,ブレーキ（減速）,6.0,70.0,70.0,56.76,70.0,1667.9,30.0,185.46,0.0,-6.7,この先制限速度なし,この先目立った勾配なし,前方725.2m先を62.5km/h,後続列車なし,90.0,109.0,未発車,30.0,50.6,0.0,-0.5
156.89999999999966,Train11,次駅への減速フェーズ（駅手前400m以内）,ブレーキ（減速）中,2.3000000000000007,力行（加速）,0.1,70.0,0.0,32.2,32.2,24.7,21.1,49.04,0.0,9.2,この先制限速度なし,この先目立った勾配なし,前方25.1m先を0.0km/h,後続列車なし,90.0,10.1,未発車,30.0,8.6,0.0,-0.05
200.49999999999935,Train11,次駅への減速フェーズ（駅手前400m以内）,ブレーキ（減速）中,2.600000000000001,力行（加速）,0.1,70.0,0.0,11.6,70.0,9.3,0.0,6.41,22.6,9.2,この先制限速度なし,この先目立った勾配なし,前方14.3m先を9.1km/h,後続列車なし,90.0,0.0,発車済み,30.0,70.0,0.0,-0.05
160.29999999999947,Train11,次駅への減速フェーズ（駅手前400m以内）,ブレーキ（減速）中,0.4,力行（加速）,0.1,70.0,0.0,23.33,0.0,0.0,17.7,29.05,0.0,0.0,この先制限速度なし,この先目立った勾配なし,前方0.0m先を0.0km/h,後続列車なし,90.0,6.7,未発車,30.0,0.0,0.0,-0.05
163.29999999999993,Train11,次駅への減速フェーズ（駅手前400m以内）,ブレーキ（減速）中,1.3,惰行,6.1,70.0,26.6,40.43,40.4,83.0,14.7,77.02,0.0,9.2,この先制限速度なし,この先目立った勾配なし,前方83.4m先を0.0km/h,後続列車なし,90.0,3.7,未発車,30.0,22.0,0.0,-0.05
201.79999999999927,Train11,次駅への減速フェーズ（駅手前400m以内）,ブレーキ（減速）中,1.2,惰行,0.1,70.0,0.0,8.06,70.0,5.7,0.0,3.09,23.9,9.2,この先制限速度なし,この先目立った勾配なし,前方14.5m先を12.1km/h,後続列車なし,90.0,0.0,発車済み,30.0,70.0,0.0,-0.05
197.7999999999995,Train11,次駅への減速フェーズ（駅手前400m以内）,ブレーキ（減速）中,4.699999999999999,力行（加速）,0.1,70.0,0.0,19.03,70.0,20.9,0.0,17.2,19.9,9.2,この先制限速度なし,この先目立った勾配なし,前方21.6m先を2.2km/h,後続列車なし,90.0,0.0,未発車,30.0,70.0,30.8,-0.05
175.69999999999928,Train11,次駅への減速フェーズ（駅手前400m以内）,ブレーキ（減速）中,0.7999999999999999,力行（加速）,0.1,70.0,0.0,9.06,9.1,2.0,2.3,3.91,0.0,9.2,この先制限速度なし,この先目立った勾配なし,前方2.4m先を0.0km/h,後続列車なし,90.0,0.0,未発車,30.0,9.1,8.7,-0.05
168.69999999999968,Train11,次駅への減速フェーズ（駅手前400m以内）,ブレーキ（減速）中,2.500000000000001,力行（加速）,0.1,70.0,0.0,27.54,27.5,36.9,9.3,35.94,0.0,9.2,この先制限速度なし,この先目立った勾配なし,前方37.2m先を0.0km/h,後続列車なし,90.0,0.0,未発車,30.0,27.5,1.7,-0.05
190.39999999999992,Train11,次駅への減速フェーズ（駅手前400m以内）,惰行中,0.7,力行（加速）,0.7999999999999999,70.0,25.9,36.96,70.0,81.4,0.0,64.48,12.5,9.2,この先制限速度なし,この先目立った勾配なし,前方81.8m先を0.0km/h,後続列車なし,90.0,0.0,未発車,30.0,70.0,23.4,-0.05
176.19999999999925,Train11,次駅への減速フェーズ（駅手前400m以内）,ブレーキ（減速）中,0.4,力行（加速）,0.1,70.0,0.0,8.13,8.1,0.8,1.8,3.15,0.0,9.2,この先制限速度なし,この先目立った勾配なし,前方1.2m先を0.0km/h,後続列車なし,90.0,0.0,未発車,30.0,8.1,9.2,-0.05
202.69999999999922,Train11,次駅への減速フェーズ（駅手前400m以内）,ブレーキ（減速）中,2.1000000000000005,惰行,0.1,70.0,0.0,5.43,70.0,4.0,0.0,1.41,22.8,9.2,この先制限速度なし,この先目立った勾配なし,前方16.1m先を14.0km/h,後続列車なし,90.0,0.0,発車済み,30.0,70.0,0.0,-0.05
128.0,Train11,巡航フェーズ（駅間走行中）,惰行中,5.0,力行（加速）,44.0,70.0,70.0,63.57,63.6,462.2,41.0,195.12,0.0,6.1,この先制限速度なし,272m先に上り勾配9.2‰あり,前方447.0m先を12.0km/h,後続列車なし,90.0,39.0,未発車,30.0,42.6,0.0,-0.5
170.7999999999995,Train11,次駅への減速フェーズ（駅手前400m以内）,ブレーキ（減速）中,0.6,惰行,0.1,70.0,0.0,20.0,70.0,20.7,7.2,19.0,0.0,9.2,この先制限速度なし,この先目立った勾配なし,前方21.1m先を0.0km/h,後続列車なし,90.0,0.0,未発車,30.0,70.0,3.8,-0.05
154.09999999999982,Train11,次駅への減速フェーズ（駅手前400m以内）,ブレーキ（減速）中,0.7,力行（加速）,0.1,70.0,8.3,39.89,39.9,52.9,23.9,74.98,0.0,9.2,この先制限速度なし,この先目立った勾配なし,前方53.3m先を0.0km/h,後続列車なし,90.0,12.9,未発車,30.0,12.7,0.0,-0.05
151.99999999999994,Train11,次駅への減速フェーズ（駅手前400m以内）,ブレーキ（減速）中,0.1,力行（加速）,0.1,70.0,24.4,45.79,45.8,77.8,26.0,98.54,0.0,9.2,この先制限速度なし,この先目立った勾配なし,前方78.2m先を0.0km/h,後続列車なし,90.0,15.0,未発車,30.0,15.8,0.0,-0.05
174.09999999999937,Train11,次駅への減速フェーズ（駅手前400m以内）,ブレーキ（減速）中,0.8999999999999999,惰行,0.1,70.0,0.0,12.7,12.7,6.9,3.9,7.68,0.0,9.2,この先制限速度なし,この先目立った勾配なし,前方7.2m先を0.0km/h,後続列車なし,90.0,0.0,未発車,30.0,12.7,7.1,-0.05
117.0,Train11,巡航フェーズ（駅間走行中）,ブレーキ（減速）中,1.0,力行（加速）,21.0,70.0,70.0,57.05,70.0,652.7,41.0,170.63,0.0,0.0,この先制限速度なし,62m先に上り勾配6.1‰あり,前方579.2m先を26.2km/h,後続列車なし,90.0,50.0,未発車,30.0,44.9,0.0,-0.5
156.69999999999968,Train11,次駅への減速フェーズ（駅手前400m以内）,ブレーキ（減速）中,2.1000000000000005,力行（加速）,0.1,70.0,0.0,32.8,32.8,26.5,21.3,50.85,0.0,9.2,この先制限速度なし,この先目立った勾配なし,前方26.9m先を0.0km/h,後続列車なし,90.0,10.3,未発車,30.0,8.9,0.0,-0.05
165.49999999999986,Train11,次駅への減速フェーズ（駅手前400m以内）,ブレーキ（減速）中,2.600000000000001,力行（加速）,1.0,70.0,18.3,36.61,36.6,65.5,12.5,63.26,0.0,9.2,この先制限速度なし,この先目立った勾配なし,前方65.8m先を0.0km/h,後続列車なし,90.0,1.5,未発車,30.0,19.2,0.0,-0.05
177.79999999999984,Train11,次駅への減速フェーズ（駅手前400m以内）,ブレーキ（減速）中,0.6,惰行,0.1,70.0,33.3,36.06,70.0,63.8,2.2,61.38,0.0,9.2,この先制限速度なし,この先目立った勾配なし,前方102.3m先を23.0km/h,後続列車なし,60.0,0.0,発車済み,60.0,70.0,0.0,-0.05
160.89999999999944,Train11,次駅への減速フェーズ（駅手前400m以内）,ブレーキ（減速）中,0.9999999999999999,力行（加速）,0.1,70.0,0.0,21.57,0.0,0.0,17.1,24.84,0.0,0.0,この先制限速度なし,この先目立った勾配なし,前方0.0m先を0.0km/h,後続列車なし,90.0,6.1,未発車,30.0,0.0,0.0,-0.05
174.4999999999993,Train11,次駅への減速フェーズ（駅手前400m以内）,惰行中,0.1,ブレーキ（減速）,4.200000000000001,70.0,0.0,9.17,9.2,5.7,3.5,4.01,0.0,9.2,この先制限速度なし,この先目立った勾配なし,前方6.1m先を0.0km/h,後続列車なし,90.0,0.0,未発車,30.0,9.2,7.5,-0.05
96.0,Train11,巡航フェーズ（駅間走行中）,力行（加速）中,30.0,ブレーキ（減速）,5.0,70.0,70.0,65.09,70.0,1074.9,39.0,220.88,0.0,0.0,この先制限速度なし,84m先に上り勾配12.5‰あり,前方772.9m先を51.7km/h,後続列車なし,90.0,71.0,未発車,30.0,56.0,0.0,-0.5
175.29999999999998,Train11,次駅への減速フェーズ（駅手前400m以内）,力行（加速）中,14.399999999999999,ブレーキ（減速）,6.0,70.0,36.9,37.74,70.0,90.1,4.7,67.17,0.0,9.2,この先制限速度なし,この先目立った勾配なし,前方114.1m先を18.9km/h,後続列車なし,60.0,0.0,発車済み,60.0,70.0,0.0,-0.05
175.2,Train11,次駅への減速フェーズ（駅手前400m以内）,力行（加速）中,14.299999999999999,ブレーキ（減速）,6.0,70.0,37.0,37.66,70.0,91.2,4.8,66.89,0.0,9.2,この先制限速度なし,この先目立った勾配なし,前方114.6m先を18.7km/h,後続列車なし,60.0,0.0,発車済み,60.0,70.0,0.0,-0.05
189.39999999999998,Train11,次駅への減速フェーズ（駅手前400m以内）,力行（加速）中,0.5,惰行,6.0,70.0,29.8,36.91,70.0,91.7,0.0,64.28,11.5,9.2,この先制限速度なし,この先目立った勾配なし,前方92.1m先を0.0km/h,後続列車なし,90.0,0.0,未発車,30.0,70.0,22.4,-0.05
164.49999999999991,Train11,次駅への減速フェーズ（駅手前400m以内）,ブレーキ（減速）中,1.6000000000000003,力行（加速）,1.0,70.0,23.6,39.58,70.0,76.0,13.5,73.84,0.0,9.2,この先制限速度なし,この先目立った勾配なし,前方76.4m先を0.0km/h,後続列車なし,90.0,2.5,未発車,30.0,21.7,0.0,-0.05
176.59999999999923,Train11,次駅への減速フェーズ（駅手前400m以内）,力行（加速）中,0.1,ブレーキ（減速）,0.7,70.0,0.0,6.96,0.0,0.0,1.4,2.6,0.0,0.0,この先制限速度なし,この先目立った勾配なし,前方0.3m先を0.0km/h,後続列車なし,90.0,0.0,未発車,30.0,0.0,9.6,-0.05
189.79999999999995,Train11,次駅への減速フェーズ（駅手前400m以内）,惰行中,0.1,力行（加速）,0.7999999999999999,70.0,28.3,37.24,70.0,87.6,0.0,65.45,11.9,9.2,この先制限速度なし,この先目立った勾配なし,前方87.9m先を0.0km/h,後続列車なし,90.0,0.0,未発車,30.0,70.0,22.8,-0.05
185.89999999999938,Train11,次駅への減速フェーズ（駅手前400m以内）,ブレーキ（減速）中,5.099999999999998,力行（加速）,0.1,70.0,35.4,13.94,70.0,6.5,0.0,9.25,6.0,9.2,この先制限速度なし,この先目立った勾配なし,前方109.0m先を33.0km/h,後続列車なし,60.0,0.0,発車済み,60.0,70.0,0.0,-0.05
203.49999999999918,Train11,次駅への減速フェーズ（駅手前400m以内）,ブレーキ（減速）中,2.9000000000000012,惰行,0.1,70.0,0.0,3.1,70.0,3.1,0.0,0.46,23.6,9.2,この先制限速度なし,この先目立った勾配なし,前方18.5m先を15.5km/h,後続列車なし,90.0,0.0,発車済み,30.0,70.0,0.0,-0.05
151.79999999999995,Train11,次駅への減速フェーズ（駅手前400m以内）,ブレーキ（減速）中,0.4,惰行,0.1,70.0,25.5,46.04,46.0,80.4,26.2,99.6,0.0,9.2,この先制限速度なし,この先目立った勾配なし,前方80.8m先を0.0km/h,後続列車なし,90.0,15.2,未発車,30.0,16.1,0.0,-0.05
174.19999999999936,Train11,次駅への減速フェーズ（駅手前400m以内）,ブレーキ（減速）中,0.9999999999999999,惰行,0.1,70.0,0.0,12.41,12.4,6.5,3.8,7.33,0.0,9.2,この先制限速度なし,この先目立った勾配なし,前方6.9m先を0.0km/h,後続列車なし,90.0,0.0,未発車,30.0,12.4,7.2,-0.05
179.09999999999977,Train11,次駅への減速フェーズ（駅手前400m以内）,ブレーキ（減速）中,0.7999999999999999,力行（加速）,0.1,70.0,32.0,32.85,70.0,51.3,0.9,51.02,0.0,9.2,この先制限速度なし,この先目立った勾配なし,前方98.5m先を24.9km/h,後続列車なし,60.0,0.0,発車済み,60.0,70.0,0.0,-0.05
168.2999999999997,Train11,次駅への減速フェーズ（駅手前400m以内）,ブレーキ（減速）中,2.1000000000000005,力行（加速）,0.1,70.0,0.0,28.72,28.7,40.0,9.7,39.06,0.0,9.2,この先制限速度なし,この先目立った勾配なし,前方40.4m先を0.0km/h,後続列車なし,90.0,0.0,未発車,30.0,28.7,1.3,-0.05
166.19999999999976,Train11,次駅への減速フェーズ（駅手前400m以内）,ブレーキ（減速）中,2.600000000000001,惰行,0.2,70.0,9.1,32.33,32.3,53.6,11.8,49.42,0.0,9.2,この先制限速度なし,この先目立った勾配なし,前方54.0m先を0.0km/h,後続列車なし,90.0,0.8,未発車,30.0,17.0,0.0,-0.05
42.0,Train11,巡航フェーズ（駅間走行中）,力行（加速）中,1.0,惰行,6.0,70.0,70.0,53.5,70.0,1750.1,30.0,165.15,0.0,-6.7,この先制限速度なし,この先目立った勾配なし,前方527.1m先を63.5km/h,後続列車なし,90.0,125.0,未発車,30.0,44.7,0.0,-0.5
155.79999999999973,Train11,次駅への減速フェーズ（駅手前400m以内）,ブレーキ（減速）中,1.2,力行（加速）,0.1,70.0,0.0,35.46,35.5,35.0,22.2,59.38,0.0,9.2,この先制限速度なし,この先目立った勾配なし,前方35.4m先を0.0km/h,後続列車なし,90.0,11.2,未発車,30.0,10.3,0.0,-0.05
176.2999999999992,Train11,次駅への減速フェーズ（駅手前400m以内）,ブレーキ（減速）中,1.8000000000000005,惰行,0.1,70.0,0.0,4.18,70.0,2.3,1.7,0.83,0.0,9.2,この先制限速度なし,この先目立った勾配なし,前方2.7m先を0.0km/h,後続列車なし,90.0,0.0,未発車,30.0,70.0,9.3,-0.05
158.0,Train11,次駅への減速フェーズ（駅手前400m以内）,惰行中,3.0,力行（加速）,6.0,70.0,45.9,46.01,46.0,148.4,20.0,99.48,0.0,9.2,この先制限速度なし,この先目立った勾配なし,前方148.7m先を0.0km/h,後続列車なし,90.0,9.0,未発車,30.0,30.1,0.0,-0.5
132.0,Train11,次駅への減速フェーズ（駅手前400m以内）,惰行中,9.0,力行（加速）,44.0,70.0,70.0,61.83,61.8,392.5,41.0,184.79,0.0,6.1,この先制限速度なし,202m先に上り勾配9.2‰あり,前方387.8m先を6.9km/h,後続列車なし,90.0,35.0,未発車,30.0,39.0,0.0,-0.5
175.1,Train11,次駅への減速フェーズ（駅手前400m以内）,力行（加速）中,14.2,ブレーキ（減速）,6.0,70.0,37.2,37.57,70.0,92.2,4.9,66.6,0.0,9.2,この先制限速度なし,この先目立った勾配なし,前方115.2m先を18.5km/h,後続列車なし,60.0,0.0,発車済み,60.0,70.0,0.0,-0.05
167.69999999999968,Train11,次駅への減速フェーズ（駅手前400m以内）,ブレーキ（減速）中,4.100000000000001,惰行,0.2,70.0,0.0,27.9,27.9,41.0,10.3,36.87,0.0,9.2,この先制限速度なし,この先目立った勾配なし,前方41.4m先を0.0km/h,後続列車なし,90.0,0.0,未発車,30.0,27.9,0.7,-0.05
153.79999999999984,Train11,次駅への減速フェーズ（駅手前400m以内）,ブレーキ（減速）中,0.4,力行（加速）,0.1,70.0,11.8,40.78,40.8,56.2,24.2,78.34,0.0,9.2,この先制限速度なし,この先目立った勾配なし,前方56.6m先を0.0km/h,後続列車なし,90.0,13.2,未発車,30.0,13.1,0.0,-0.05
172.59999999999945,Train11,次駅への減速フェーズ（駅手前400m以内）,ブレーキ（減速）中,0.4,惰行,0.1,70.0,0.0,16.84,70.0,13.0,5.4,13.48,0.0,9.2,この先制限速度なし,この先目立った勾配なし,前方13.4m先を0.0km/h,後続列車なし,90.0,0.0,未発車,30.0,70.0,5.6,-0.05
183.8999999999995,Train11,次駅への減速フェーズ（駅手前400m以内）,ブレーキ（減速）中,3.1000000000000014,力行（加速）,0.1,70.0,32.7,19.8,70.0,15.9,0.0,18.63,4.0,9.2,この先制限速度なし,この先目立った勾配なし,前方100.6m先を31.0km/h,後続列車なし,60.0,0.0,発車済み,60.0,70.0,0.0,-0.05
180.89999999999966,Train11,次駅への減速フェーズ（駅手前400m以内）,ブレーキ（減速）中,0.1,力行（加速）,0.1,70.0,31.3,28.62,70.0,36.1,0.0,38.8,1.0,9.2,この先制限速度なし,この先目立った勾配なし,前方96.4m先を27.4km/h,後続列車なし,60.0,0.0,発車済み,60.0,70.0,0.0,-0.05
172.89999999999938,Train11,次駅への減速フェーズ（駅手前400m以内）,ブレーキ（減速）中,2.700000000000001,惰行,0.1,70.0,0.0,13.85,13.8,10.8,5.1,9.13,0.0,9.2,この先制限速度なし,この先目立った勾配なし,前方11.2m先を0.0km/h,後続列車なし,90.0,0.0,未発車,30.0,13.8,5.9,-0.05
186.59999999999934,Train11,次駅への減速フェーズ（駅手前400m以内）,ブレーキ（減速）中,5.799999999999995,力行（加速）,0.1,70.0,36.5,11.9,70.0,4.0,0.0,6.74,6.7,9.2,この先制限速度なし,この先目立った勾配なし,前方113.0m先を33.7km/h,後続列車なし,60.0,0.0,発車済み,60.0,70.0,0.0,-0.05
176.89999999999915,Train11,次駅への減速フェーズ（駅手前400m以内）,ブレーキ（減速）中,2.400000000000001,惰行,0.1,70.0,0.0,2.43,70.0,1.8,1.1,0.28,0.0,9.2,この先制限速度なし,この先目立った勾配なし,前方2.2m先を0.0km/h,後続列車なし,90.0,0.0,未発車,30.0,70.0,9.9,-0.05
198.69999999999945,Train11,次駅への減速フェーズ（駅手前400m以内）,ブレーキ（減速）中,0.7999999999999999,力行（加速）,0.1,70.0,0.0,16.87,70.0,16.4,0.0,13.53,20.8,9.2,この先制限速度なし,この先目立った勾配なし,前方17.9m先を4.6km/h,後続列車なし,90.0,0.0,発車済み,30.0,70.0,0.0,-0.05
186.69999999999933,Train11,次駅への減速フェーズ（駅手前400m以内）,ブレーキ（減速）中,5.899999999999995,力行（加速）,0.1,70.0,36.7,11.61,70.0,3.7,0.0,6.42,6.8,9.2,この先制限速度なし,この先目立った勾配なし,前方113.6m先を33.8km/h,後続列車なし,60.0,0.0,発車済み,60.0,70.0,0.0,-0.05
175.59999999999997,Train11,次駅への減速フェーズ（駅手前400m以内）,力行（加速）中,14.699999999999998,ブレーキ（減速）,6.0,70.0,36.4,37.98,70.0,87.0,4.4,68.03,0.0,9.2,この先制限速度なし,この先目立った勾配なし,前方112.6m先を19.4km/h,後続列車なし,60.0,0.0,発車済み,60.0,70.0,0.0,-0.05
163.29999999999998,Train11,次駅への減速フェーズ（駅手前400m以内）,ブレーキ（減速）中,0.4,力行（加速）,1.0,70.0,29.2,43.16,70.0,89.8,14.7,87.63,0.0,9.2,この先制限速度なし,この先目立った勾配なし,前方90.2m先を0.0km/h,後続列車なし,90.0,3.7,未発車,30.0,24.5,0.0,-0.05
196.0999999999996,Train11,次駅への減速フェーズ（駅手前400m以内）,ブレーキ（減速）中,3.0000000000000013,力行（加速）,0.1,70.0,0.0,24.02,70.0,31.0,0.0,27.36,18.2,9.2,この先制限速度なし,この先目立った勾配なし,前方31.4m先を0.0km/h,後続列車なし,90.0,0.0,未発車,30.0,70.0,29.1,-0.05
156.99999999999966,Train11,次駅への減速フェーズ（駅手前400m以内）,ブレーキ（減速）中,2.400000000000001,力行（加速）,0.1,70.0,0.0,31.91,31.9,23.8,21.0,48.15,0.0,9.2,この先制限速度なし,この先目立った勾配なし,前方24.2m先を0.0km/h,後続列車なし,90.0,10.0,未発車,30.0,8.5,0.0,-0.05
166.19999999999982,Train11,次駅への減速フェーズ（駅手前400m以内）,力行（加速）中,0.1,ブレーキ（減速）,3.2000000000000015,70.0,13.7,34.54,34.5,58.5,11.8,56.34,0.0,9.2,この先制限速度なし,この先目立った勾配なし,前方58.9m先を0.0km/h,後続列車なし,90.0,0.8,未発車,30.0,18.3,0.0,-0.05
178.29999999999913,Train11,次駅への減速フェーズ（駅手前400m以内）,ブレーキ（減速）中,1.7000000000000004,力行（加速）,0.1,70.0,0.0,2.55,0.0,0.0,0.0,0.35,0.4,0.0,この先制限速度なし,この先目立った勾配なし,前方0.0m先を0.0km/h,後続列車なし,90.0,0.0,未発車,30.0,0.0,11.3,-0.05
175.0999999999993,Train11,次駅への減速フェーズ（駅手前400m以内）,ブレーキ（減速）中,0.2,力行（加速）,0.1,70.0,0.0,10.81,10.8,3.6,2.9,5.57,0.0,9.2,この先制限速度なし,この先目立った勾配なし,前方4.0m先を0.0km/h,後続列車なし,90.0,0.0,未発車,30.0,10.8,8.1,-0.05
180.59999999999968,Train11,次駅への減速フェーズ（駅手前400m以内）,惰行中,0.1,ブレーキ（減速）,0.7,70.0,31.4,28.83,70.0,38.5,0.0,39.37,0.7,9.2,この先制限速度なし,この先目立った勾配なし,前方96.5m先を27.0km/h,後続列車なし,60.0,0.0,発車済み,60.0,70.0,0.0,-0.05
187.0,Train11,次駅への減速フェーズ（駅手前400m以内）,惰行中,5.0,力行（加速）,1.0,70.0,37.6,37.5,70.0,116.3,0.0,66.34,10.0,9.2,この先制限速度なし,この先目立った勾配なし,前方116.7m先を0.0km/h,後続列車なし,90.0,0.0,未発車,30.0,70.0,20.0,-0.5
164.29999999999993,Train11,次駅への減速フェーズ（駅手前400m以内）,ブレーキ（減速）中,1.4000000000000001,力行（加速）,1.0,70.0,24.6,40.18,70.0,78.3,13.7,76.06,0.0,9.2,この先制限速度なし,この先目立った勾配なし,前方78.6m先を0.0km/h,後続列車なし,90.0,2.7,未発車,30.0,22.6,0.0,-0.05
173.7999999999994,Train11,次駅への減速フェーズ（駅手前400m以内）,ブレーキ（減速）中,0.6,惰行,0.1,70.0,0.0,13.58,13.6,7.9,4.2,8.77,0.0,9.2,この先制限速度なし,この先目立った勾配なし,前方8.3m先を0.0km/h,後続列車なし,90.0,0.0,未発車,30.0,13.6,6.8,-0.05
175.49999999999997,Train11,次駅への減速フェーズ（駅手前400m以内）,力行（加速）中,14.599999999999998,ブレーキ（減速）,6.0,70.0,36.6,37.9,70.0,88.0,4.5,67.74,0.0,9.2,この先制限速度なし,この先目立った勾配なし,前方113.1m先を19.2km/h,後続列車なし,60.0,0.0,発車済み,60.0,70.0,0.0,-0.05
192.2999999999998,Train11,次駅への減速フェーズ（駅手前400m以内）,ブレーキ（減速）中,0.6,惰行,2.0000000000000004,70.0,16.3,34.83,70.0,62.2,0.0,57.29,14.4,9.2,この先制限速度なし,この先目立った勾配なし,前方62.6m先を0.0km/h,後続列車なし,90.0,0.0,未発車,30.0,70.0,25.3,-0.05
168.7999999999996,Train11,次駅への減速フェーズ（駅手前400m以内）,ブレーキ（減速）中,5.1999999999999975,惰行,0.2,70.0,0.0,24.66,24.7,33.0,9.2,28.84,0.0,9.2,この先制限速度なし,この先目立った勾配なし,前方33.4m先を0.0km/h,後続列車なし,90.0,0.0,未発車,30.0,24.7,1.8,-0.05
165.09999999999982,Train11,次駅への減速フェーズ（駅手前400m以内）,ブレーキ（減速）中,1.5000000000000002,惰行,0.2,70.0,17.4,35.58,35.6,63.9,12.9,59.79,0.0,9.2,この先制限速度なし,この先目立った勾配なし,前方64.3m先を0.0km/h,後続列車なし,90.0,1.9,未発車,30.0,19.2,0.0,-0.05
188.29999999999924,Train11,次駅への減速フェーズ（駅手前400m以内）,ブレーキ（減速）中,7.499999999999989,力行（加速）,0.1,70.0,39.9,6.94,0.0,0.0,0.0,2.58,8.4,0.0,この先制限速度なし,この先目立った勾配なし,前方124.8m先を35.3km/h,後続列車なし,60.0,0.0,発車済み,60.0,0.0,0.0,-0.05
195.19999999999965,Train11,次駅への減速フェーズ（駅手前400m以内）,ブレーキ（減速）中,2.1000000000000005,力行（加速）,0.1,70.0,0.0,26.67,70.0,37.4,0.0,33.7,17.3,9.2,この先制限速度なし,この先目立った勾配なし,前方37.8m先を0.0km/h,後続列車なし,90.0,0.0,未発車,30.0,70.0,28.2,-0.05
182.29999999999959,Train11,次駅への減速フェーズ（駅手前400m以内）,ブレーキ（減速）中,1.5000000000000002,力行（加速）,0.1,70.0,31.6,24.5,70.0,25.7,0.0,28.47,2.4,9.2,この先制限速度なし,この先目立った勾配なし,前方97.1m先を29.1km/h,後続列車なし,60.0,0.0,発車済み,60.0,70.0,0.0,-0.05
201.2999999999993,Train11,次駅への減速フェーズ（駅手前400m以内）,ブレーキ（減速）中,0.7,惰行,0.1,70.0,0.0,9.52,70.0,6.9,0.0,4.31,23.4,9.2,この先制限速度なし,この先目立った勾配なし,前方14.2m先を10.9km/h,後続列車なし,90.0,0.0,発車済み,30.0,70.0,0.0,-0.05
170.39999999999958,Train11,次駅への減速フェーズ（駅手前400m以内）,ブレーキ（減速）中,0.2,惰行,0.1,70.0,0.0,22.79,22.8,25.0,7.6,24.65,0.0,9.2,この先制限速度なし,この先目立った勾配なし,前方25.4m先を0.0km/h,後続列車なし,90.0,0.0,未発車,30.0,22.8,3.4,-0.05
166.49999999999974,Train11,次駅への減速フェーズ（駅手前400m以内）,ブレーキ（減速）中,2.9000000000000012,惰行,0.2,70.0,5.2,31.44,31.4,50.9,11.5,46.76,0.0,9.2,この先制限速度なし,この先目立った勾配なし,前方51.3m先を0.0km/h,後続列車なし,90.0,0.5,未発車,30.0,16.0,0.0,-0.05
163.9999999999999,Train11,次駅への減速フェーズ（駅手前400m以内）,ブレーキ（減速）中,0.4,惰行,0.2,70.0,23.3,38.85,38.9,75.3,14.0,71.16,0.0,9.2,この先制限速度なし,この先目立った勾配なし,前方75.7m先を0.0km/h,後続列車なし,90.0,3.0,未発車,30.0,21.0,0.0,-0.05
195.49999999999963,Train11,次駅への減速フェーズ（駅手前400m以内）,ブレーキ（減速）中,2.400000000000001,力行（加速）,0.1,70.0,0.0,25.78,70.0,35.2,0.0,31.51,17.6,9.2,この先制限速度なし,この先目立った勾配なし,前方35.6m先を0.0km/h,後続列車なし,90.0,0.0,未発車,30.0,70.0,28.5,-0.05
186.29999999999936,Train11,次駅への減速フェーズ（駅手前400m以内）,ブレーキ（減速）中,5.4999999999999964,力行（加速）,0.1,70.0,36.0,12.78,70.0,5.1,0.0,7.77,6.4,9.2,この先制限速度なし,この先目立った勾配なし,前方111.2m先を33.4km/h,後続列車なし,60.0,0.0,発車済み,60.0,70.0,0.0,-0.05
153.29999999999987,Train11,次駅への減速フェーズ（駅手前400m以内）,ブレーキ（減速）中,1.4000000000000001,力行（加速）,0.1,70.0,16.1,41.91,41.9,62.0,24.7,82.7,0.0,9.2,この先制限速度なし,この先目立った勾配なし,前方62.4m先を0.0km/h,後続列車なし,90.0,13.7,未発車,30.0,13.9,0.0,-0.05
150.0,Train11,次駅への減速フェーズ（駅手前400m以内）,惰行中,1.0,ブレーキ（減速）,2.0,70.0,34.0,48.69,48.7,104.3,28.0,111.21,0.0,9.2,この先制限速度なし,この先目立った勾配なし,前方104.7m先を0.0km/h,後続列車なし,90.0,17.0,未発車,30.0,18.7,0.0,-0.5
174.1999999999993,Train11,次駅への減速フェーズ（駅手前400m以内）,ブレーキ（減速）中,4.000000000000002,惰行,0.1,70.0,0.0,10.05,10.6,6.5,3.8,4.81,0.0,9.2,この先制限速度なし,この先目立った勾配なし,前方6.9m先を0.0km/h,後続列車なし,90.0,0.0,未発車,30.0,10.6,7.2,-0.05
163.59999999999997,Train11,次駅への減速フェーズ（駅手前400m以内）,ブレーキ（減速）中,0.7,力行（加速）,1.0,70.0,27.8,42.26,70.0,86.3,14.4,84.07,0.0,9.2,この先制限速度なし,この先目立った勾配なし,前方86.6m先を0.0km/h,後続列車なし,90.0,3.4,未発車,30.0,23.6,0.0,-0.05
191.49999999999986,Train11,次駅への減速フェーズ（駅手前400m以内）,惰行中,1.8000000000000005,力行（加速）,0.7999999999999999,70.0,20.8,36.45,70.0,70.2,0.0,62.71,13.6,9.2,この先制限速度なし,この先目立った勾配なし,前方70.5m先を0.0km/h,後続列車なし,90.0,0.0,未発車,30.0,70.0,24.5,-0.05
194.1999999999997,Train11,次駅への減速フェーズ（駅手前400m以内）,ブレーキ（減速）中,1.0999999999999999,力行（加速）,0.1,70.0,0.0,29.61,70.0,45.2,0.0,41.51,16.3,9.2,この先制限速度なし,この先目立った勾配なし,前方45.6m先を0.0km/h,後続列車なし,90.0,0.0,未発車,30.0,70.0,27.2,-0.05
204.19999999999914,Train11,次駅への減速フェーズ（駅手前400m以内）,ブレーキ（減速）中,0.4,力行（加速）,0.1,70.0,0.0,1.63,70.0,2.6,0.0,0.13,24.3,9.2,この先制限速度なし,この先目立った勾配なし,前方21.1m先を16.9km/h,後続列車なし,90.0,0.0,発車済み,30.0,70.0,0.0,-0.05
162.39999999999998,Train11,次駅への減速フェーズ（駅手前400m以内）,ブレーキ（減速）中,0.4,惰行,6.1,70.0,30.5,43.11,43.1,93.5,15.6,87.46,0.0,9.2,この先制限速度なし,この先目立った勾配なし,前方93.8m先を0.0km/h,後続列車なし,90.0,4.6,未発車,30.0,23.6,0.0,-0.05
190.8999999999999,Train11,次駅への減速フェーズ（駅手前400m以内）,惰行中,1.2,力行（加速）,0.7999999999999999,70.0,23.7,36.73,70.0,76.3,0.0,63.67,13.0,9.2,この先制限速度なし,この先目立った勾配なし,前方76.6m先を0.0km/h,後続列車なし,90.0,0.0,未発車,30.0,70.0,23.9,-0.05
166.99999999999977,Train11,次駅への減速フェーズ（駅手前400m以内）,ブレーキ（減速）中,0.7999999999999999,力行（加速）,0.1,70.0,5.5,32.56,32.6,51.1,11.0,50.13,0.0,9.2,この先制限速度なし,この先目立った勾配なし,前方51.4m先を0.0km/h,後続列車なし,90.0,0.0,未発車,30.0,16.6,0.0,-0.05
170.49999999999957,Train11,次駅への減速フェーズ（駅手前400m以内）,ブレーキ（減速）中,0.30000000000000004,惰行,0.1,70.0,0.0,22.5,22.5,24.4,7.5,24.02,0.0,9.2,この先制限速度なし,この先目立った勾配なし,前方24.8m先を0.0km/h,後続列車なし,90.0,0.0,未発車,30.0,22.5,3.5,-0.05
167.99999999999972,Train11,次駅への減速フェーズ（駅手前400m以内）,ブレーキ（減速）中,1.8000000000000005,力行（加速）,0.1,70.0,0.0,29.61,29.6,42.4,10.0,41.49,0.0,9.2,この先制限速度なし,この先目立った勾配なし,前方42.8m先を0.0km/h,後続列車なし,90.0,0.0,未発車,30.0,29.6,1.0,-0.05
201.0999999999993,Train11,次駅への減速フェーズ（駅手前400m以内）,ブレーキ（減速）中,0.5,惰行,0.1,70.0,0.0,10.1,70.0,7.4,0.0,4.86,23.2,9.2,この先制限速度なし,この先目立った勾配なし,前方14.1m先を10.5km/h,後続列車なし,90.0,0.0,発車済み,30.0,70.0,0.0,-0.05
170.79999999999956,Train11,次駅への減速フェーズ（駅手前400m以内）,ブレーキ（減速）中,0.6,惰行,0.1,70.0,0.0,21.62,21.6,22.6,7.2,22.18,0.0,9.2,この先制限速度なし,この先目立った勾配なし,前方23.0m先を0.0km/h,後続列車なし,90.0,0.0,未発車,30.0,21.6,3.8,-0.05
196.1999999999996,Train11,次駅への減速フェーズ（駅手前400m以内）,ブレーキ（減速）中,3.1000000000000014,力行（加速）,0.1,70.0,0.0,23.72,70.0,30.4,0.0,26.7,18.3,9.2,この先制限速度なし,この先目立った勾配なし,前方30.8m先を0.0km/h,後続列車なし,90.0,0.0,未発車,30.0,70.0,29.2,-0.05
152.5999999999999,Train11,次駅への減速フェーズ（駅手前400m以内）,ブレーキ（減速）中,0.7,力行（加速）,0.1,70.0,20.9,44.0,44.0,70.3,25.4,91.06,0.0,9.2,この先制限速度なし,この先目立った勾配なし,前方70.7m先を0.0km/h,後続列車なし,90.0,14.4,未発車,30.0,14.9,0.0,-0.05
199.5999999999994,Train11,次駅への減速フェーズ（駅手前400m以内）,ブレーキ（減速）中,1.7000000000000004,力行（加速）,0.1,70.0,0.0,14.23,70.0,12.5,0.0,9.64,21.7,9.2,この先制限速度なし,この先目立った勾配なし,前方15.5m先を6.9km/h,後続列車なし,90.0,0.0,発車済み,30.0,70.0,0.0,-0.05
174.2999999999993,Train11,次駅への減速フェーズ（駅手前400m以内）,ブレーキ（減速）中,4.100000000000001,惰行,0.1,70.0,0.0,9.76,10.3,6.2,3.7,4.54,0.0,9.2,この先制限速度なし,この先目立った勾配なし,前方6.6m先を0.0km/h,後続列車なし,90.0,0.0,未発車,30.0,10.3,7.3,-0.05
197.09999999999954,Train11,次駅への減速フェーズ（駅手前400m以内）,ブレーキ（減速）中,4.000000000000002,力行（加速）,0.1,70.0,0.0,21.08,70.0,24.8,0.0,21.1,19.2,9.2,この先制限速度なし,この先目立った勾配なし,前方25.2m先を0.3km/h,後続列車なし,90.0,0.0,未発車,30.0,70.0,30.1,-0.05
174.79999999999927,Train11,次駅への減速フェーズ（駅手前400m以内）,ブレーキ（減速）中,0.30000000000000004,惰行,0.1,70.0,0.0,8.55,9.1,5.0,3.2,3.48,0.0,9.2,この先制限速度なし,この先目立った勾配なし,前方5.3m先を0.0km/h,後続列車なし,90.0,0.0,未発車,30.0,9.1,7.8,-0.05
199.6999999999994,Train11,次駅への減速フェーズ（駅手前400m以内）,ブレーキ（減速）中,1.8000000000000005,力行（加速）,0.1,70.0,0.0,13.94,70.0,12.1,0.0,9.25,21.8,9.2,この先制限速度なし,この先目立った勾配なし,前方15.3m先を7.2km/h,後続列車なし,90.0,0.0,発車済み,30.0,70.0,0.0,-0.05
159.7999999999995,Train11,次駅への減速フェーズ（駅手前400m以内）,ブレーキ（減速）中,0.1,力行（加速）,0.1,70.0,0.0,24.35,24.4,2.2,18.2,28.13,0.0,9.2,この先制限速度なし,この先目立った勾配なし,前方2.5m先を0.0km/h,後続列車なし,90.0,7.2,未発車,30.0,2.6,0.0,-0.05
184.19999999999948,Train11,次駅への減速フェーズ（駅手前400m以内）,ブレーキ（減速）中,3.4000000000000017,力行（加速）,0.1,70.0,33.0,18.92,70.0,14.3,0.0,17.01,4.3,9.2,この先制限速度なし,この先目立った勾配なし,前方101.5m先を31.3km/h,後続列車なし,60.0,0.0,発車済み,60.0,70.0,0.0,-0.05
94.0,Train11,巡航フェーズ（駅間走行中）,力行（加速）中,28.0,ブレーキ（減速）,5.0,70.0,70.0,64.08,70.0,1110.8,39.0,214.18,0.0,0.0,この先制限速度なし,120m先に上り勾配12.5‰あり,前方779.4m先を54.2km/h,後続列車なし,90.0,73.0,未発車,30.0,57.7,0.0,-0.5
176.29999999999993,Train11,次駅への減速フェーズ（駅手前400m以内）,力行（加速）中,15.399999999999995,ブレーキ（減速）,6.0,70.0,35.4,38.52,70.0,79.5,3.7,69.98,0.0,9.2,この先制限速度なし,この先目立った勾配なし,前方109.0m先を20.6km/h,後続列車なし,60.0,0.0,発車済み,60.0,70.0,0.0,-0.05
199.99999999999937,Train11,次駅への減速フェーズ（駅手前400m以内）,ブレーキ（減速）中,2.1000000000000005,力行（加速）,0.1,70.0,0.0,13.06,70.0,11.0,0.0,8.12,22.1,9.2,この先制限速度なし,この先目立った勾配なし,前方14.7m先を7.9km/h,後続列車なし,90.0,0.0,発車済み,30.0,70.0,0.0,-0.05
133.0,Train11,次駅への減速フェーズ（駅手前400m以内）,惰行中,10.0,力行（加速）,44.0,70.0,70.0,61.4,61.4,375.4,42.0,182.27,0.0,6.1,この先制限速度なし,185m先に上り勾配9.2‰あり,前方372.4m先を5.6km/h,後続列車なし,90.0,34.0,未発車,30.0,38.0,0.0,-0.5
169.59999999999962,Train11,次駅への減速フェーズ（駅手前400m以内）,ブレーキ（減速）中,3.4000000000000017,力行（加速）,0.1,70.0,0.0,24.89,24.9,30.3,8.4,29.38,0.0,9.2,この先制限速度なし,この先目立った勾配なし,前方30.7m先を0.0km/h,後続列車なし,90.0,0.0,未発車,30.0,24.9,2.6,-0.05
190.29999999999993,Train11,次駅への減速フェーズ（駅手前400m以内）,惰行中,0.6,力行（加速）,0.7999999999999999,70.0,26.3,37.01,70.0,82.4,0.0,64.64,12.4,9.2,この先制限速度なし,この先目立った勾配なし,前方82.8m先を0.0km/h,後続列車なし,90.0,0.0,未発車,30.0,70.0,23.3,-0.05
76.0,Train11,巡航フェーズ（駅間走行中）,ブレーキ（減速）中,1.0,力行（加速）,31.0,70.0,70.0,64.09,70.0,1245.3,34.0,214.26,0.0,0.0,この先制限速度なし,255m先に上り勾配12.5‰あり,前方616.8m先を62.3km/h,後続列車なし,90.0,91.0,未発車,30.0,53.9,0.0,-0.5
199.09999999999943,Train11,次駅への減速フェーズ（駅手前400m以内）,ブレーキ（減速）中,1.2,力行（加速）,0.1,70.0,0.0,15.69,70.0,14.6,0.0,11.72,21.2,9.2,この先制限速度なし,この先目立った勾配なし,前方16.7m先を5.7km/h,後続列車なし,90.0,0.0,発車済み,30.0,70.0,0.0,-0.05
131.0,Train11,巡航フェーズ（駅間走行中）,力行（加速）中,1.0,惰行,6.0,70.0,70.0,56.03,70.0,523.3,41.0,152.29,0.0,6.1,この先制限速度なし,333m先に上り勾配9.2‰あり,前方516.5m先を8.1km/h,後続列車なし,90.0,36.0,未発車,30.0,50.6,0.0,-0.5
154.4999999999998,Train11,次駅への減速フェーズ（駅手前400m以内）,ブレーキ（減速）中,0.1,惰行,0.1,70.0,0.0,38.95,38.9,48.5,23.5,71.52,0.0,9.2,この先制限速度なし,この先目立った勾配なし,前方48.9m先を0.0km/h,後続列車なし,90.0,12.5,未発車,30.0,12.1,0.0,-0.05
177.19999999999914,Train11,次駅への減速フェーズ（駅手前400m以内）,ブレーキ（減速）中,2.700000000000001,惰行,0.1,70.0,0.0,1.56,70.0,1.6,0.8,0.12,0.0,9.2,この先制限速度なし,この先目立った勾配なし,前方2.0m先を0.0km/h,後続列車なし,90.0,0.0,未発車,30.0,70.0,10.2,-0.05
179.69999999999973,Train11,次駅への減速フェーズ（駅手前400m以内）,ブレーキ（減速）中,1.4000000000000001,力行（加速）,0.1,70.0,31.7,31.08,70.0,46.0,0.3,45.69,0.0,9.2,この先制限速度なし,この先目立った勾配なし,前方97.4m先を25.8km/h,後続列車なし,60.0,0.0,発車済み,60.0,70.0,0.0,-0.05
201.59999999999928,Train11,次駅への減速フェーズ（駅手前400m以内）,ブレーキ（減速）中,0.9999999999999999,惰行,0.1,70.0,0.0,8.64,70.0,6.1,0.0,3.56,23.7,9.2,この先制限速度なし,この先目立った勾配なし,前方14.4m先を11.6km/h,後続列車なし,90.0,0.0,発車済み,30.0,70.0,0.0,-0.05
200.09999999999937,Train11,次駅への減速フェーズ（駅手前400m以内）,ブレーキ（減速）中,2.2000000000000006,力行（加速）,0.1,70.0,0.0,12.77,70.0,10.6,0.0,7.76,22.2,9.2,この先制限速度なし,この先目立った勾配なし,前方14.6m先を8.1km/h,後続列車なし,90.0,0.0,発車済み,30.0,70.0,0.0,-0.05
171.6999999999995,Train11,次駅への減速フェーズ（駅手前400m以内）,ブレーキ（減速）中,0.1,惰行,0.1,70.0,0.0,19.22,70.0,17.5,6.3,17.56,0.0,9.2,この先制限速度なし,この先目立った勾配なし,前方17.9m先を0.0km/h,後続列車なし,90.0,0.0,未発車,30.0,70.0,4.7,-0.05
176.8999999999992,Train11,次駅への減速フェーズ（駅手前400m以内）,ブレーキ（減速）中,0.30000000000000004,力行（加速）,0.1,70.0,0.0,6.63,0.0,0.0,1.1,2.36,0.0,0.0,この先制限速度なし,この先目立った勾配なし,前方0.0m先を0.0km/h,後続列車なし,90.0,0.0,未発車,30.0,0.0,9.9,-0.05
118.0,Train11,巡航フェーズ（駅間走行中）,力行（加速）中,39.0,ブレーキ（減速）,6.0,70.0,70.0,62.92,70.0,641.0,41.0,206.72,0.0,0.0,この先制限速度なし,50m先に上り勾配6.1‰あり,前方574.6m先を24.9km/h,後続列車なし,90.0,49.0,未発車,30.0,44.6,0.0,-0.5
167.79999999999973,Train11,次駅への減速フェーズ（駅手前400m以内）,ブレーキ（減速）中,1.6000000000000003,力行（加速）,0.1,70.0,0.0,30.2,30.2,44.1,10.2,43.16,0.0,9.2,この先制限速度なし,この先目立った勾配なし,前方44.5m先を0.0km/h,後続列車なし,90.0,0.0,未発車,30.0,30.2,0.8,-0.05
175.79999999999927,Train11,次駅への減速フェーズ（駅手前400m以内）,力行（加速）中,0.1,ブレーキ（減速）,0.7999999999999999,70.0,0.0,8.77,8.8,1.7,2.2,3.66,0.0,9.2,この先制限速度なし,この先目立った勾配なし,前方2.1m先を0.0km/h,後続列車なし,90.0,0.0,未発車,30.0,8.8,8.8,-0.05
162.29999999999998,Train11,次駅への減速フェーズ（駅手前400m以内）,ブレーキ（減速）中,0.30000000000000004,惰行,6.1,70.0,30.9,43.41,43.4,94.7,15.7,88.66,0.0,9.2,この先制限速度なし,この先目立った勾配なし,前方95.0m先を0.0km/h,後続列車なし,90.0,4.7,未発車,30.0,23.6,0.0,-0.05
117.0,Train11,巡航フェーズ（駅間走行中）,力行（加速）中,38.0,ブレーキ（減速）,6.0,70.0,70.0,62.38,70.0,658.4,41.0,203.24,0.0,0.0,この先制限速度なし,68m先に上り勾配6.1‰あり,前方584.9m先を26.2km/h,後続列車なし,90.0,50.0,未発車,30.0,45.5,0.0,-0.5
198.09999999999948,Train11,次駅への減速フェーズ（駅手前400m以内）,ブレーキ（減速）中,0.2,力行（加速）,0.1,70.0,0.0,18.62,70.0,19.3,0.0,16.48,20.2,9.2,この先制限速度なし,この先目立った勾配なし,前方20.2m先を3.0km/h,後続列車なし,90.0,0.0,発車済み,30.0,70.0,0.0,-0.05
126.0,Train11,巡航フェーズ（駅間走行中）,惰行中,2.0,力行（加速）,17.0,70.0,70.0,57.94,70.0,602.6,41.0,175.86,0.0,0.0,この先制限速度なし,12m先に上り勾配6.1‰あり,前方580.0m先を14.6km/h,後続列車なし,90.0,41.0,未発車,30.0,48.3,0.0,-0.5
156.0,Train11,次駅への減速フェーズ（駅手前400m以内）,惰行中,3.0,力行（加速）,10.0,70.0,52.9,46.44,47.1,180.6,22.0,101.31,0.0,9.2,この先制限速度なし,この先目立った勾配なし,前方180.9m先を0.0km/h,後続列車なし,90.0,11.0,未発車,30.0,35.0,0.0,-0.5
151.59999999999997,Train11,次駅への減速フェーズ（駅手前400m以内）,ブレーキ（減速）中,0.2,惰行,0.1,70.0,26.5,46.64,46.6,82.9,26.4,102.17,0.0,9.2,この先制限速度なし,この先目立った勾配なし,前方83.3m先を0.0km/h,後続列車なし,90.0,15.4,未発車,30.0,16.4,0.0,-0.05
152.39999999999992,Train11,次駅への減速フェーズ（駅手前400m以内）,ブレーキ（減速）中,0.5,力行（加速）,0.1,70.0,22.1,44.6,44.6,72.8,25.6,93.52,0.0,9.2,この先制限速度なし,この先目立った勾配なし,前方73.2m先を0.0km/h,後続列車なし,90.0,14.6,未発車,30.0,15.2,0.0,-0.05
151.2,Train11,次駅への減速フェーズ（駅手前400m以内）,ブレーキ（減速）中,0.30000000000000004,惰行,1.0,70.0,28.5,47.59,47.6,88.2,26.8,106.32,0.0,9.2,この先制限速度なし,この先目立った勾配なし,前方88.6m先を0.0km/h,後続列車なし,90.0,15.8,未発車,30.0,17.0,0.0,-0.05
177.79999999999916,Train11,次駅への減速フェーズ（駅手前400m以内）,ブレーキ（減速）中,1.2,力行（加速）,0.1,70.0,0.0,4.01,0.0,0.0,0.2,0.86,0.0,0.0,この先制限速度なし,この先目立った勾配なし,前方0.0m先を0.0km/h,後続列車なし,90.0,0.0,未発車,30.0,0.0,10.8,-0.05
176.9999999999992,Train11,次駅への減速フェーズ（駅手前400m以内）,ブレーキ（減速）中,0.4,力行（加速）,0.1,70.0,0.0,6.34,0.0,0.0,1.0,2.16,0.0,0.0,この先制限速度なし,この先目立った勾配なし,前方0.0m先を0.0km/h,後続列車なし,90.0,0.0,未発車,30.0,0.0,10.0,-0.05
202.49999999999923,Train11,次駅への減速フェーズ（駅手前400m以内）,ブレーキ（減速）中,1.9000000000000006,惰行,0.1,70.0,0.0,6.02,70.0,4.3,0.0,1.73,22.6,9.2,この先制限速度なし,この先目立った勾配なし,前方15.7m先を13.5km/h,後続列車なし,90.0,0.0,発車済み,30.0,70.0,0.0,-0.05
198.89999999999944,Train11,次駅への減速フェーズ（駅手前400m以内）,ブレーキ（減速）中,0.9999999999999999,力行（加速）,0.1,70.0,0.0,16.28,70.0,15.5,0.0,12.6,21.0,9.2,この先制限速度なし,この先目立った勾配なし,前方17.3m先を5.1km/h,後続列車なし,90.0,0.0,発車済み,30.0,70.0,0.0,-0.05
151.49999999999997,Train11,次駅への減速フェーズ（駅手前400m以内）,ブレーキ（減速）中,0.1,惰行,0.1,70.0,27.0,46.94,46.9,84.2,26.5,103.47,0.0,9.2,この先制限速度なし,この先目立った勾配なし,前方84.6m先を0.0km/h,後続列車なし,90.0,15.5,未発車,30.0,16.5,0.0,-0.05
167.0999999999997,Train11,次駅への減速フェーズ（駅手前400m以内）,ブレーキ（減速）中,3.5000000000000018,惰行,0.2,70.0,0.0,29.67,29.7,45.8,10.9,41.67,0.0,9.2,この先制限速度なし,この先目立った勾配なし,前方46.2m先を0.0km/h,後続列車なし,90.0,0.0,未発車,30.0,29.7,0.1,-0.05
184.49999999999946,Train11,次駅への減速フェーズ（駅手前400m以内）,ブレーキ（減速）中,3.700000000000002,力行（加速）,0.1,70.0,33.4,18.04,70.0,12.8,0.0,15.47,4.6,9.2,この先制限速度なし,この先目立った勾配なし,前方102.6m先を31.6km/h,後続列車なし,60.0,0.0,発車済み,60.0,70.0,0.0,-0.05
178.09999999999914,Train11,次駅への減速フェーズ（駅手前400m以内）,ブレーキ（減速）中,1.5000000000000002,力行（加速）,0.1,70.0,0.0,3.13,0.0,0.0,0.0,0.53,0.2,0.0,この先制限速度なし,この先目立った勾配なし,前方0.0m先を0.0km/h,後続列車なし,90.0,0.0,未発車,30.0,0.0,11.1,-0.05
186.09999999999937,Train11,次駅への減速フェーズ（駅手前400m以内）,ブレーキ（減速）中,5.299999999999997,力行（加速）,0.1,70.0,35.7,13.36,70.0,5.8,0.0,8.5,6.2,9.2,この先制限速度なし,この先目立った勾配なし,前方110.1m先を33.2km/h,後続列車なし,60.0,0.0,発車済み,60.0,70.0,0.0,-0.05
188.69999999999922,Train11,次駅への減速フェーズ（駅手前400m以内）,ブレーキ（減速）中,7.899999999999988,力行（加速）,0.1,70.0,40.7,5.77,0.0,0.0,0.0,1.79,8.8,0.0,この先制限速度なし,この先目立った勾配なし,前方128.1m先を35.6km/h,後続列車なし,60.0,0.0,発車済み,60.0,0.0,0.0,-0.05
179.19999999999976,Train11,次駅への減速フェーズ（駅手前400m以内）,ブレーキ（減速）中,0.8999999999999999,力行（加速）,0.1,70.0,32.0,32.55,70.0,50.4,0.8,50.11,0.0,9.2,この先制限速度なし,この先目立った勾配なし,前方98.3m先を25.1km/h,後続列車なし,60.0,0.0,発車済み,60.0,70.0,0.0,-0.05
192.19999999999982,Train11,次駅への減速フェーズ（駅手前400m以内）,ブレーキ（減速）中,0.5,惰行,2.0000000000000004,70.0,16.9,35.12,70.0,63.2,0.0,58.26,14.3,9.2,この先制限速度なし,この先目立った勾配なし,前方63.6m先を0.0km/h,後続列車なし,90.0,0.0,未発車,30.0,70.0,25.2,-0.05
174.49999999999935,Train11,次駅への減速フェーズ（駅手前400m以内）,力行（加速）中,0.1,ブレーキ（減速）,1.2,70.0,0.0,11.53,11.5,5.5,3.5,6.33,0.0,9.2,この先制限速度なし,この先目立った勾配なし,前方5.9m先を0.0km/h,後続列車なし,90.0,0.0,未発車,30.0,11.5,7.5,-0.05
190.6999999999999,Train11,次駅への減速フェーズ（駅手前400m以内）,惰行中,0.9999999999999999,力行（加速）,0.7999999999999999,70.0,24.6,36.82,70.0,78.3,0.0,63.99,12.8,9.2,この先制限速度なし,この先目立った勾配なし,前方78.7m先を0.0km/h,後続列車なし,90.0,0.0,未発車,30.0,70.0,23.7,-0.05
172.19999999999948,Train11,次駅への減速フェーズ（駅手前400m以内）,惰行中,0.1,ブレーキ（減速）,0.5,70.0,0.0,17.76,70.0,14.9,5.8,14.99,0.0,9.2,この先制限速度なし,この先目立った勾配なし,前方15.3m先を0.0km/h,後続列車なし,90.0,0.0,未発車,30.0,70.0,5.2,-0.05
181.9999999999996,Train11,次駅への減速フェーズ（駅手前400m以内）,ブレーキ（減速）中,1.2,力行（加速）,0.1,70.0,31.4,25.38,70.0,27.8,0.0,30.55,2.1,9.2,この先制限速度なし,この先目立った勾配なし,前方96.7m先を28.8km/h,後続列車なし,60.0,0.0,発車済み,60.0,70.0,0.0,-0.05
174.59999999999934,Train11,次駅への減速フェーズ（駅手前400m以内）,ブレーキ（減速）中,0.1,力行（加速）,0.1,70.0,0.0,11.75,11.8,5.2,3.4,6.58,0.0,9.2,この先制限速度なし,この先目立った勾配なし,前方5.6m先を0.0km/h,後続列車なし,90.0,0.0,未発車,30.0,11.8,7.6,-0.05
173.29999999999941,Train11,次駅への減速フェーズ（駅手前400m以内）,ブレーキ（減速）中,0.1,惰行,0.1,70.0,0.0,15.04,15.0,9.9,4.7,10.76,0.0,9.2,この先制限速度なし,この先目立った勾配なし,前方10.3m先を0.0km/h,後続列車なし,90.0,0.0,未発車,30.0,15.0,6.3,-0.05
125.0,Train11,巡航フェーズ（駅間走行中）,惰行中,1.0,力行（加速）,17.0,70.0,70.0,58.14,70.0,618.7,41.0,177.07,0.0,0.0,この先制限速度なし,28m先に上り勾配6.1‰あり,前方591.9m先を15.8km/h,後続列車なし,90.0,42.0,未発車,30.0,49.7,0.0,-0.5
186.19999999999936,Train11,次駅への減速フェーズ（駅手前400m以内）,ブレーキ（減速）中,5.399999999999997,力行（加速）,0.1,70.0,35.9,13.07,70.0,5.4,0.0,8.13,6.3,9.2,この先制限速度なし,この先目立った勾配なし,前方110.6m先を33.3km/h,後続列車なし,60.0,0.0,発車済み,60.0,70.0,0.0,-0.05
165.2999999999998,Train11,次駅への減速フェーズ（駅手前400m以内）,ブレーキ（減速）中,1.7000000000000004,惰行,0.2,70.0,16.1,34.99,35.0,62.0,12.7,57.83,0.0,9.2,この先制限速度なし,この先目立った勾配なし,前方62.4m先を0.0km/h,後続列車なし,90.0,1.7,未発車,30.0,18.1,0.0,-0.05
136.0,Train11,巡航フェーズ（駅間走行中）,力行（加速）中,6.0,惰行,6.0,70.0,70.0,58.15,58.2,444.0,42.0,163.84,0.0,6.1,この先制限速度なし,254m先に上り勾配9.2‰あり,前方444.1m先を1.8km/h,後続列車なし,90.0,31.0,未発車,30.0,47.5,0.0,-0.5
171.29999999999953,Train11,次駅への減速フェーズ（駅手前400m以内）,ブレーキ（減速）中,1.0999999999999999,惰行,0.1,70.0,0.0,20.15,20.1,19.7,6.7,19.28,0.0,9.2,この先制限速度なし,この先目立った勾配なし,前方20.1m先を0.0km/h,後続列車なし,90.0,0.0,未発車,30.0,20.1,4.3,-0.05
151.1,Train11,次駅への減速フェーズ（駅手前400m以内）,ブレーキ（減速）中,0.2,惰行,1.0,70.0,29.0,47.89,47.9,89.5,26.9,107.64,0.0,9.2,この先制限速度なし,この先目立った勾配なし,前方89.9m先を0.0km/h,後続列車なし,90.0,15.9,未発車,30.0,17.1,0.0,-0.05
170.29999999999959,Train11,次駅への減速フェーズ（駅手前400m以内）,ブレーキ（減速）中,0.1,惰行,0.1,70.0,0.0,23.08,23.1,25.7,7.7,25.29,0.0,9.2,この先制限速度なし,この先目立った勾配なし,前方26.1m先を0.0km/h,後続列車なし,90.0,0.0,未発車,30.0,23.1,3.3,-0.05
157.9999999999996,Train11,次駅への減速フェーズ（駅手前400m以内）,ブレーキ（減速）中,3.4000000000000017,力行（加速）,0.1,70.0,0.0,28.96,29.0,15.4,20.0,39.7,0.0,9.2,この先制限速度なし,この先目立った勾配なし,前方15.7m先を0.0km/h,後続列車なし,90.0,9.0,未発車,30.0,6.8,0.0,-0.05
153.0,Train11,次駅への減速フェーズ（駅手前400m以内）,力行（加速）中,10.0,ブレーキ（減速）,6.0,70.0,59.3,46.69,46.7,219.7,25.0,106.32,0.0,6.1,この先制限速度なし,29m先に上り勾配9.2‰あり,前方220.0m先を0.0km/h,後続列車なし,90.0,14.0,未発車,30.0,37.7,0.0,-0.5
185.4999999999994,Train11,次駅への減速フェーズ（駅手前400m以内）,ブレーキ（減速）中,4.699999999999999,力行（加速）,0.1,70.0,34.7,15.11,70.0,8.2,0.0,10.87,5.6,9.2,この先制限速度なし,この先目立った勾配なし,前方107.0m先を32.6km/h,後続列車なし,60.0,0.0,発車済み,60.0,70.0,0.0,-0.05
197.29999999999953,Train11,次駅への減速フェーズ（駅手前400m以内）,ブレーキ（減速）中,4.200000000000001,力行（加速）,0.1,70.0,0.0,20.49,70.0,23.6,0.0,19.94,19.4,9.2,この先制限速度なし,この先目立った勾配なし,前方24.1m先を0.8km/h,後続列車なし,90.0,0.0,未発車,30.0,70.0,30.3,-0.05
194.3999999999997,Train11,次駅への減速フェーズ（駅手前400m以内）,ブレーキ（減速）中,1.3,力行（加速）,0.1,70.0,0.0,29.02,70.0,43.6,0.0,39.89,16.5,9.2,この先制限速度なし,この先目立った勾配なし,前方43.9m先を0.0km/h,後続列車なし,90.0,0.0,未発車,30.0,70.0,27.4,-0.05
189.0,Train11,次駅への減速フェーズ（駅手前400m以内）,力行（加速）中,0.1,惰行,6.0,70.0,31.2,36.56,70.0,95.8,0.0,63.09,11.1,9.2,この先制限速度なし,この先目立った勾配なし,前方96.2m先を0.0km/h,後続列車なし,90.0,0.0,未発車,30.0,70.0,22.0,-0.05
126.0,Train11,巡航フェーズ（駅間走行中）,惰行中,3.0,力行（加速）,44.0,70.0,70.0,64.45,64.5,497.7,41.0,200.44,0.0,6.1,この先制限速度なし,307m先に上り勾配9.2‰あり,前方475.2m先を14.6km/h,後続列車なし,90.0,41.0,未発車,30.0,44.3,0.0,-0.5
200.29999999999936,Train11,次駅への減速フェーズ（駅手前400m以内）,ブレーキ（減速）中,2.400000000000001,力行（加速）,0.1,70.0,0.0,12.19,70.0,9.9,0.0,7.07,22.4,9.2,この先制限速度なし,この先目立った勾配なし,前方14.5m先を8.6km/h,後続列車なし,90.0,0.0,発車済み,30.0,70.0,0.0,-0.05
177.19999999999987,Train11,次駅への減速フェーズ（駅手前400m以内）,惰行中,0.1,ブレーキ（減速）,0.30000000000000004,70.0,34.0,37.59,70.0,69.9,2.8,66.66,0.0,9.2,この先制限速度なし,この先目立った勾配なし,前方104.7m先を22.1km/h,後続列車なし,60.0,0.0,発車済み,60.0,70.0,0.0,-0.05
195.59999999999962,Train11,次駅への減速フェーズ（駅手前400m以内）,ブレーキ（減速）中,2.500000000000001,力行（加速）,0.1,70.0,0.0,25.49,70.0,34.5,0.0,30.8,17.7,9.2,この先制限速度なし,この先目立った勾配なし,前方34.9m先を0.0km/h,後続列車なし,90.0,0.0,未発車,30.0,70.0,28.6,-0.05
183.39999999999952,Train11,次駅への減速フェーズ（駅手前400m以内）,ブレーキ（減速）中,2.600000000000001,力行（加速）,0.1,70.0,32.3,21.27,70.0,18.8,0.0,21.48,3.5,9.2,この先制限速度なし,この先目立った勾配なし,前方99.2m先を30.4km/h,後続列車なし,60.0,0.0,発車済み,60.0,70.0,0.0,-0.05
204.09999999999914,Train11,次駅への減速フェーズ（駅手前400m以内）,ブレーキ（減速）中,0.30000000000000004,力行（加速）,0.1,70.0,0.0,1.92,70.0,2.6,0.0,0.18,24.2,9.2,この先制限速度なし,この先目立った勾配なし,前方20.7m先を16.7km/h,後続列車なし,90.0,0.0,発車済み,30.0,70.0,0.0,-0.05
201.99999999999926,Train11,次駅への減速フェーズ（駅手前400m以内）,ブレーキ（減速）中,1.4000000000000001,惰行,0.1,70.0,0.0,7.47,70.0,5.3,0.0,2.66,24.1,9.2,この先制限速度なし,この先目立った勾配なし,前方14.7m先を12.5km/h,後続列車なし,90.0,0.0,発車済み,30.0,70.0,0.0,-0.05
201.3999999999993,Train11,次駅への減速フェーズ（駅手前400m以内）,ブレーキ（減速）中,0.7999999999999999,惰行,0.1,70.0,0.0,9.22,70.0,6.6,0.0,4.05,23.5,9.2,この先制限速度なし,この先目立った勾配なし,前方14.2m先を11.2km/h,後続列車なし,90.0,0.0,発車済み,30.0,70.0,0.0,-0.05
145.0,Train11,次駅への減速フェーズ（駅手前400m以内）,惰行中,22.0,力行（加速）,44.0,70.0,52.6,56.26,56.3,179.2,33.0,147.89,0.0,9.2,この先制限速度なし,この先目立った勾配なし,前方179.6m先を0.0km/h,後続列車なし,90.0,22.0,未発車,30.0,25.9,0.0,-0.5
123.0,Train11,巡航フェーズ（駅間走行中）,力行（加速）中,16.0,ブレーキ（減速）,6.0,70.0,70.0,56.88,70.0,650.7,41.0,169.58,0.0,0.0,この先制限速度なし,60m先に上り勾配6.1‰あり,前方614.4m先を18.4km/h,後続列車なし,90.0,44.0,未発車,30.0,49.0,0.0,-0.5
156.79999999999967,Train11,次駅への減速フェーズ（駅手前400m以内）,ブレーキ（減速）中,2.2000000000000006,力行（加速）,0.1,70.0,0.0,32.5,32.5,25.6,21.2,49.94,0.0,9.2,この先制限速度なし,この先目立った勾配なし,前方26.0m先を0.0km/h,後続列車なし,90.0,10.2,未発車,30.0,8.8,0.0,-0.05
165.29999999999987,Train11,次駅への減速フェーズ（駅手前400m以内）,ブレーキ（減速）中,2.400000000000001,力行（加速）,1.0,70.0,19.4,37.2,37.2,67.5,12.7,65.31,0.0,9.2,この先制限速度なし,この先目立った勾配なし,前方67.9m先を0.0km/h,後続列車なし,90.0,1.7,未発車,30.0,20.5,0.0,-0.05
190.9999999999999,Train11,次駅への減速フェーズ（駅手前400m以内）,惰行中,1.3,力行（加速）,0.7999999999999999,70.0,23.3,36.68,70.0,75.2,0.0,63.51,13.1,9.2,この先制限速度なし,この先目立った勾配なし,前方75.6m先を0.0km/h,後続列車なし,90.0,0.0,未発車,30.0,70.0,24.0,-0.05
183.6999999999995,Train11,次駅への減速フェーズ（駅手前400m以内）,ブレーキ（減速）中,2.9000000000000012,力行（加速）,0.1,70.0,32.5,20.39,70.0,17.0,0.0,19.74,3.8,9.2,この先制限速度なし,この先目立った勾配なし,前方100.0m先を30.7km/h,後続列車なし,60.0,0.0,発車済み,60.0,70.0,0.0,-0.05
129.0,Train11,巡航フェーズ（駅間走行中）,惰行中,5.0,力行（加速）,17.0,70.0,70.0,56.86,70.0,554.7,41.0,156.74,0.0,6.1,この先制限速度なし,364m先に上り勾配9.2‰あり,前方542.7m先を10.7km/h,後続列車なし,90.0,38.0,未発車,30.0,51.3,0.0,-0.5
166.59999999999974,Train11,次駅への減速フェーズ（駅手前400m以内）,ブレーキ（減速）中,3.0000000000000013,惰行,0.2,70.0,3.0,31.14,31.1,50.1,11.4,45.89,0.0,9.2,この先制限速度なし,この先目立った勾配なし,前方50.4m先を0.0km/h,後続列車なし,90.0,0.4,未発車,30.0,16.2,0.0,-0.05
160.49999999999946,Train11,次駅への減速フェーズ（駅手前400m以内）,ブレーキ（減速）中,0.6,力行（加速）,0.1,70.0,0.0,22.74,0.0,0.0,17.5,27.61,0.0,0.0,この先制限速度なし,この先目立った勾配なし,前方0.0m先を0.0km/h,後続列車なし,90.0,6.5,未発車,30.0,0.0,0.0,-0.05
178.39999999999912,Train11,次駅への減速フェーズ（駅手前400m以内）,ブレーキ（減速）中,1.8000000000000005,力行（加速）,0.1,70.0,0.0,2.26,0.0,0.0,0.0,0.27,0.5,0.0,この先制限速度なし,この先目立った勾配なし,前方0.0m先を0.0km/h,後続列車なし,90.0,0.0,未発車,30.0,0.0,11.4,-0.05
156.0,Train11,次駅への減速フェーズ（駅手前400m以内）,惰行中,1.0,力行（加速）,6.0,70.0,51.6,47.0,47.0,174.2,22.0,103.73,0.0,9.2,この先制限速度なし,この先目立った勾配なし,前方174.6m先を0.0km/h,後続列車なし,90.0,11.0,未発車,30.0,33.4,0.0,-0.5
204.3999999999994,Train11,次駅への減速フェーズ（駅手前400m以内）,ブレーキ（減速）中,5.699999999999996,力行（加速）,0.1,70.0,70.0,18.02,0.0,0.0,0.0,17.37,24.5,0.0,この先制限速度なし,この先目立った勾配なし,前方305.8m先を44.8km/h,後続列車なし,60.0,0.0,発車済み,60.0,0.0,0.0,-0.05
95.0,Train11,巡航フェーズ（駅間走行中）,力行（加速）中,29.0,ブレーキ（減速）,5.0,70.0,70.0,64.59,70.0,1092.9,39.0,217.55,0.0,0.0,この先制限速度なし,102m先に上り勾配12.5‰あり,前方776.4m先を52.9km/h,後続列車なし,90.0,72.0,未発車,30.0,56.8,0.0,-0.5
151.0,Train11,次駅への減速フェーズ（駅手前400m以内）,ブレーキ（減速）中,0.1,惰行,1.0,70.0,29.5,48.19,48.2,90.8,27.0,108.98,0.0,9.2,この先制限速度なし,この先目立った勾配なし,前方91.2m先を0.0km/h,後続列車なし,90.0,16.0,未発車,30.0,17.2,0.0,-0.05
166.4999999999998,Train11,次駅への減速フェーズ（駅手前400m以内）,ブレーキ（減速）中,0.30000000000000004,力行（加速）,0.1,70.0,11.3,34.04,34.0,55.7,11.5,54.75,0.0,9.2,この先制限速度なし,この先目立った勾配なし,前方56.1m先を0.0km/h,後続列車なし,90.0,0.5,未発車,30.0,17.7,0.0,-0.05
116.0,Train11,巡航フェーズ（駅間走行中）,力行（加速）中,21.0,ブレーキ（減速）,3.0,70.0,70.0,56.41,70.0,668.5,41.0,166.85,0.0,0.0,この先制限速度なし,78m先に上り勾配6.1‰あり,前方587.5m先を27.6km/h,後続列車なし,90.0,51.0,未発車,30.0,45.5,0.0,-0.5
165.69999999999985,Train11,次駅への減速フェーズ（駅手前400m以内）,ブレーキ（減速）中,2.800000000000001,力行（加速）,1.0,70.0,17.1,36.02,36.0,63.4,12.3,61.24,0.0,9.2,この先制限速度なし,この先目立った勾配なし,前方63.8m先を0.0km/h,後続列車なし,90.0,1.3,未発車,30.0,19.6,0.0,-0.05
143.0,Train11,次駅への減速フェーズ（駅手前400m以内）,惰行中,20.0,力行（加速）,44.0,70.0,57.7,57.17,57.2,210.8,35.0,158.43,0.0,6.1,この先制限速度なし,20m先に上り勾配9.2‰あり,前方211.1m先を0.0km/h,後続列車なし,90.0,24.0,未発車,30.0,26.9,0.0,-0.5
164.7999999999999,Train11,次駅への減速フェーズ（駅手前400m以内）,ブレーキ（減速）中,1.9000000000000006,力行（加速）,1.0,70.0,22.1,38.69,70.0,72.8,13.2,70.58,0.0,9.2,この先制限速度なし,この先目立った勾配なし,前方73.2m先を0.0km/h,後続列車なし,90.0,2.2,未発車,30.0,21.5,0.0,-0.05
202.29999999999924,Train11,次駅への減速フェーズ（駅手前400m以内）,ブレーキ（減速）中,1.7000000000000004,惰行,0.1,70.0,0.0,6.6,70.0,4.7,0.0,2.08,22.4,9.2,この先制限速度なし,この先目立った勾配なし,前方15.3m先を13.1km/h,後続列車なし,90.0,0.0,発車済み,30.0,70.0,0.0,-0.05
171.09999999999948,Train11,次駅への減速フェーズ（駅手前400m以内）,ブレーキ（減速）中,0.8999999999999999,惰行,0.1,70.0,0.0,19.12,70.0,19.1,6.9,17.37,0.0,9.2,この先制限速度なし,この先目立った勾配なし,前方19.4m先を0.0km/h,後続列車なし,90.0,0.0,未発車,30.0,70.0,4.1,-0.05
168.3999999999997,Train11,次駅への減速フェーズ（駅手前400m以内）,ブレーキ（減速）中,2.2000000000000006,力行（加速）,0.1,70.0,0.0,28.43,28.4,39.2,9.6,38.27,0.0,9.2,この先制限速度なし,この先目立った勾配なし,前方39.6m先を0.0km/h,後続列車なし,90.0,0.0,未発車,30.0,28.4,1.4,-0.05
175.39999999999924,Train11,次駅への減速フェーズ（駅手前400m以内）,ブレーキ（減速）中,0.8999999999999999,惰行,0.1,70.0,0.0,6.8,7.4,3.7,2.6,2.2,0.0,9.2,この先制限速度なし,この先目立った勾配なし,前方4.1m先を0.0km/h,後続列車なし,90.0,0.0,未発車,30.0,7.4,8.4,-0.05
163.39999999999998,Train11,次駅への減速フェーズ（駅手前400m以内）,ブレーキ（減速）中,0.5,力行（加速）,1.0,70.0,28.7,42.86,70.0,88.6,14.6,86.44,0.0,9.2,この先制限速度なし,この先目立った勾配なし,前方89.0m先を0.0km/h,後続列車なし,90.0,3.6,未発車,30.0,23.9,0.0,-0.05
71.0,Train11,巡航フェーズ（駅間走行中）,力行（加速）中,27.0,ブレーキ（減速）,6.0,70.0,70.0,61.38,70.0,1332.4,32.0,196.92,0.0,0.0,この先制限速度なし,342m先に上り勾配12.5‰あり,前方616.6m先を63.4km/h,後続列車なし,90.0,96.0,未発車,30.0,54.9,0.0,-0.5
189.1,Train11,次駅への減速フェーズ（駅手前400m以内）,力行（加速）中,0.2,惰行,6.0,70.0,30.9,36.65,70.0,94.8,0.0,63.39,11.2,9.2,この先制限速度なし,この先目立った勾配なし,前方95.1m先を0.0km/h,後続列車なし,90.0,0.0,未発車,30.0,70.0,22.1,-0.05
178.8999999999991,Train11,次駅への減速フェーズ（駅手前400m以内）,ブレーキ（減速）中,2.3000000000000007,力行（加速）,0.1,70.0,0.0,0.8,0.0,0.0,0.0,0.03,1.0,0.0,この先制限速度なし,この先目立った勾配なし,前方0.0m先を0.0km/h,後続列車なし,90.0,0.0,未発車,30.0,0.0,11.9,-0.05
201.4999999999993,Train11,次駅への減速フェーズ（駅手前400m以内）,ブレーキ（減速）中,0.8999999999999999,惰行,0.1,70.0,0.0,8.93,70.0,6.4,0.0,3.8,23.6,9.2,この先制限速度なし,この先目立った勾配なし,前方14.3m先を11.4km/h,後続列車なし,90.0,0.0,発車済み,30.0,70.0,0.0,-0.05
192.99999999999977,Train11,次駅への減速フェーズ（駅手前400m以内）,ブレーキ（減速）中,1.3,惰行,2.0000000000000004,70.0,11.2,32.76,70.0,55.6,0.0,50.72,15.1,9.2,この先制限速度なし,この先目立った勾配なし,前方56.0m先を0.0km/h,後続列車なし,90.0,0.0,未発車,30.0,70.0,26.0,-0.05
160.39999999999947,Train11,次駅への減速フェーズ（駅手前400m以内）,ブレーキ（減速）中,0.5,力行（加速）,0.1,70.0,0.0,23.04,0.0,0.0,17.6,28.33,0.0,0.0,この先制限速度なし,この先目立った勾配なし,前方0.0m先を0.0km/h,後続列車なし,90.0,6.6,未発車,30.0,0.0,0.0,-0.05
169.69999999999956,Train11,次駅への減速フェーズ（駅手前400m以内）,ブレーキ（減速）中,0.2,惰行,0.1,70.0,0.0,22.26,22.3,27.2,8.3,23.53,0.0,9.2,この先制限速度なし,この先目立った勾配なし,前方27.5m先を0.0km/h,後続列車なし,90.0,0.0,未発車,30.0,22.3,2.7,-0.05
172.4999999999994,Train11,次駅への減速フェーズ（駅手前400m以内）,ブレーキ（減速）中,2.3000000000000007,惰行,0.1,70.0,0.0,15.02,70.0,12.4,5.5,10.73,0.0,9.2,この先制限速度なし,この先目立った勾配なし,前方12.8m先を0.0km/h,後続列車なし,90.0,0.0,未発車,30.0,70.0,5.5,-0.05
181.7999999999996,Train11,次駅への減速フェーズ（駅手前400m以内）,ブレーキ（減速）中,0.9999999999999999,力行（加速）,0.1,70.0,31.4,25.97,70.0,29.2,0.0,31.98,1.9,9.2,この先制限速度なし,この先目立った勾配なし,前方96.5m先を28.5km/h,後続列車なし,60.0,0.0,発車済み,60.0,70.0,0.0,-0.05
192.5999999999998,Train11,次駅への減速フェーズ（駅手前400m以内）,ブレーキ（減速）中,0.8999999999999999,惰行,2.0000000000000004,70.0,14.3,33.94,70.0,59.3,0.0,54.43,14.7,9.2,この先制限速度なし,この先目立った勾配なし,前方59.7m先を0.0km/h,後続列車なし,90.0,0.0,未発車,30.0,70.0,25.6,-0.05
115.0,Train11,巡航フェーズ（駅間走行中）,力行（加速）中,36.0,ブレーキ（減速）,6.0,70.0,70.0,61.27,70.0,692.7,41.0,196.19,0.0,0.0,この先制限速度なし,102m先に上り勾配6.1‰あり,前方603.9m先を28.9km/h,後続列車なし,90.0,52.0,未発車,30.0,46.2,0.0,-0.5
72.0,Train11,巡航フェーズ（駅間走行中）,力行（加速）中,28.0,ブレーキ（減速）,6.0,70.0,70.0,61.94,70.0,1315.3,33.0,200.46,0.0,0.0,この先制限速度なし,325m先に上り勾配12.5‰あり,前方617.1m先を63.2km/h,後続列車なし,90.0,95.0,未発車,30.0,54.6,0.0,-0.5
170.29999999999953,Train11,次駅への減速フェーズ（駅手前400m以内）,ブレーキ（減速）中,0.1,惰行,0.1,70.0,0.0,21.47,21.5,23.6,7.7,21.88,0.0,9.2,この先制限速度なし,この先目立った勾配なし,前方23.9m先を0.0km/h,後続列車なし,90.0,0.0,未発車,30.0,21.5,3.3,-0.05
169.89999999999955,Train11,次駅への減速フェーズ（駅手前400m以内）,惰行中,0.1,ブレーキ（減速）,0.30000000000000004,70.0,0.0,21.68,22.1,26.0,8.1,22.31,0.0,9.2,この先制限速度なし,この先目立った勾配なし,前方26.3m先を0.0km/h,後続列車なし,90.0,0.0,未発車,30.0,22.1,2.9,-0.05
190.7999999999999,Train11,次駅への減速フェーズ（駅手前400m以内）,惰行中,1.0999999999999999,力行（加速）,0.7999999999999999,70.0,24.2,36.78,70.0,77.3,0.0,63.83,12.9,9.2,この先制限速度なし,この先目立った勾配なし,前方77.7m先を0.0km/h,後続列車なし,90.0,0.0,未発車,30.0,70.0,23.8,-0.05
195.39999999999964,Train11,次駅への減速フェーズ（駅手前400m以内）,ブレーキ（減速）中,2.3000000000000007,力行（加速）,0.1,70.0,0.0,26.08,70.0,35.9,0.0,32.23,17.5,9.2,この先制限速度なし,この先目立った勾配なし,前方36.3m先を0.0km/h,後続列車なし,90.0,0.0,未発車,30.0,70.0,28.4,-0.05
162.99999999999994,Train11,次駅への減速フェーズ（駅手前400m以内）,ブレーキ（減速）中,0.9999999999999999,惰行,6.1,70.0,27.9,41.33,41.3,86.4,15.0,80.43,0.0,9.2,この先制限速度なし,この先目立った勾配なし,前方86.8m先を0.0km/h,後続列車なし,90.0,4.0,未発車,30.0,22.6,0.0,-0.05
162.2,Train11,次駅への減速フェーズ（駅手前400m以内）,ブレーキ（減速）中,0.2,惰行,6.1,70.0,31.3,43.71,43.7,95.9,15.8,89.87,0.0,9.2,この先制限速度なし,この先目立った勾配なし,前方96.3m先を0.0km/h,後続列車なし,90.0,4.8,未発車,30.0,24.4,0.0,-0.05
170.19999999999953,Train11,次駅への減速フェーズ（駅手前400m以内）,惰行中,0.1,力行（加速）,0.1,70.0,0.0,21.51,70.0,24.2,7.8,21.97,0.0,9.2,この先制限速度なし,この先目立った勾配なし,前方24.5m先を0.0km/h,後続列車なし,90.0,0.0,未発車,30.0,70.0,3.2,-0.05
169.8999999999996,Train11,次駅への減速フェーズ（駅手前400m以内）,ブレーキ（減速）中,3.700000000000002,力行（加速）,0.1,70.0,0.0,24.01,24.0,28.3,8.1,27.35,0.0,9.2,この先制限速度なし,この先目立った勾配なし,前方28.7m先を0.0km/h,後続列車なし,90.0,0.0,未発車,30.0,24.0,2.9,-0.05
157.8999999999996,Train11,次駅への減速フェーズ（駅手前400m以内）,ブレーキ（減速）中,3.3000000000000016,力行（加速）,0.1,70.0,0.0,29.25,29.3,16.2,20.1,40.51,0.0,9.2,この先制限速度なし,この先目立った勾配なし,前方16.6m先を0.0km/h,後続列車なし,90.0,9.1,未発車,30.0,7.0,0.0,-0.05
192.09999999999982,Train11,次駅への減速フェーズ（駅手前400m以内）,ブレーキ（減速）中,0.4,惰行,2.0000000000000004,70.0,17.5,35.42,70.0,64.2,0.0,59.24,14.2,9.2,この先制限速度なし,この先目立った勾配なし,前方64.5m先を0.0km/h,後続列車なし,90.0,0.0,未発車,30.0,70.0,25.1,-0.05
197.9999999999995,Train11,次駅への減速フェーズ（駅手前400m以内）,ブレーキ（減速）中,0.1,力行（加速）,0.1,70.0,0.0,18.92,70.0,19.8,0.0,17.0,20.1,9.2,この先制限速度なし,この先目立った勾配なし,前方20.6m先を2.8km/h,後続列車なし,90.0,0.0,未発車,30.0,70.0,31.0,-0.05
169.59999999999957,Train11,次駅への減速フェーズ（駅手前400m以内）,ブレーキ（減速）中,0.1,惰行,0.1,70.0,0.0,22.56,23.0,27.8,8.4,24.15,0.0,9.2,この先制限速度なし,この先目立った勾配なし,前方28.2m先を0.0km/h,後続列車なし,90.0,0.0,未発車,30.0,23.0,2.6,-0.05
179.59999999999974,Train11,次駅への減速フェーズ（駅手前400m以内）,ブレーキ（減速）中,1.3,力行（加速）,0.1,70.0,31.7,31.37,70.0,46.8,0.4,46.56,0.0,9.2,この先制限速度なし,この先目立った勾配なし,前方97.6m先を25.6km/h,後続列車なし,60.0,0.0,発車済み,60.0,70.0,0.0,-0.05
200.99999999999932,Train11,次駅への減速フェーズ（駅手前400m以内）,ブレーキ（減速）中,0.4,惰行,0.1,70.0,0.0,10.39,70.0,7.7,0.0,5.14,23.1,9.2,この先制限速度なし,この先目立った勾配なし,前方14.0m先を10.3km/h,後続列車なし,90.0,0.0,発車済み,30.0,70.0,0.0,-0.05
172.99999999999937,Train11,次駅への減速フェーズ（駅手前400m以内）,ブレーキ（減速）中,2.800000000000001,惰行,0.1,70.0,0.0,13.56,13.6,10.4,5.0,8.75,0.0,9.2,この先制限速度なし,この先目立った勾配なし,前方10.8m先を0.0km/h,後続列車なし,90.0,0.0,未発車,30.0,13.6,6.0,-0.05
176.7999999999999,Train11,次駅への減速フェーズ（駅手前400m以内）,惰行中,0.1,ブレーキ（減速）,0.1,70.0,34.6,38.53,70.0,74.2,3.2,70.0,0.0,9.2,この先制限速度なし,この先目立った勾配なし,前方106.6m先を21.4km/h,後続列車なし,60.0,0.0,発車済み,60.0,70.0,0.0,-0.05
169.39999999999958,Train11,次駅への減速フェーズ（駅手前400m以内）,ブレーキ（減速）中,5.799999999999995,惰行,0.2,70.0,0.0,22.9,22.9,29.1,8.6,24.88,0.0,9.2,この先制限速度なし,この先目立った勾配なし,前方29.4m先を0.0km/h,後続列車なし,90.0,0.0,未発車,30.0,22.9,2.4,-0.05
196.59999999999957,Train11,次駅への減速フェーズ（駅手前400m以内）,ブレーキ（減速）中,3.5000000000000018,力行（加速）,0.1,70.0,0.0,22.55,70.0,27.8,0.0,24.13,18.7,9.2,この先制限速度なし,この先目立った勾配なし,前方28.2m先を0.0km/h,後続列車なし,90.0,0.0,未発車,30.0,70.0,29.6,-0.05
139.0,Train11,次駅への減速フェーズ（駅手前400m以内）,ブレーキ（減速）中,2.0,惰行,1.0,70.0,70.0,55.22,55.2,395.9,39.0,148.01,0.0,6.1,この先制限速度なし,205m先に上り勾配9.2‰あり,前方396.2m先を0.0km/h,後続列車なし,90.0,28.0,未発車,30.0,44.1,0.0,-0.5
162.59999999999997,Train11,次駅への減速フェーズ（駅手前400m以内）,ブレーキ（減速）中,0.6,惰行,6.1,70.0,29.6,42.52,42.5,91.1,15.4,85.08,0.0,9.2,この先制限速度なし,この先目立った勾配なし,前方91.5m先を0.0km/h,後続列車なし,90.0,4.4,未発車,30.0,23.9,0.0,-0.05
172.39999999999947,Train11,次駅への減速フェーズ（駅手前400m以内）,ブレーキ（減速）中,0.2,惰行,0.1,70.0,0.0,17.42,70.0,14.0,5.6,14.43,0.0,9.2,この先制限速度なし,この先目立った勾配なし,前方14.3m先を0.0km/h,後続列車なし,90.0,0.0,未発車,30.0,70.0,5.4,-0.05
139.0,Train11,次駅への減速フェーズ（駅手前400m以内）,惰行中,16.0,力行（加速）,44.0,70.0,68.5,58.84,58.8,275.2,39.0,167.68,0.0,6.1,この先制限速度なし,85m先に上り勾配9.2‰あり,前方275.6m先を0.0km/h,後続列車なし,90.0,28.0,未発車,30.0,31.5,0.0,-0.5
185.99999999999937,Train11,次駅への減速フェーズ（駅手前400m以内）,ブレーキ（減速）中,5.1999999999999975,力行（加速）,0.1,70.0,35.5,13.65,70.0,6.2,0.0,8.87,6.1,9.2,この先制限速度なし,この先目立った勾配なし,前方109.5m先を33.1km/h,後続列車なし,60.0,0.0,発車済み,60.0,70.0,0.0,-0.05
181.29999999999964,Train11,次駅への減速フェーズ（駅手前400m以内）,ブレーキ（減速）中,0.5,力行（加速）,0.1,70.0,31.3,27.45,70.0,33.0,0.0,35.69,1.4,9.2,この先制限速度なし,この先目立った勾配なし,前方96.3m先を27.9km/h,後続列車なし,60.0,0.0,発車済み,60.0,70.0,0.0,-0.05
154.0,Train11,次駅への減速フェーズ（駅手前400m以内）,惰行中,1.0,力行（加速）,10.0,70.0,56.9,47.29,48.3,206.6,24.0,109.03,0.0,6.1,この先制限速度なし,16m先に上り勾配9.2‰あり,前方207.0m先を0.0km/h,後続列車なし,90.0,13.0,未発車,30.0,36.3,0.0,-0.5
152.0,Train11,次駅への減速フェーズ（駅手前400m以内）,力行（加速）中,9.0,ブレーキ（減速）,6.0,70.0,61.5,46.08,49.2,232.6,26.0,103.6,0.0,6.1,この先制限速度なし,42m先に上り勾配9.2‰あり,前方232.9m先を0.0km/h,後続列車なし,90.0,15.0,未発車,30.0,37.9,0.0,-0.5
186.99999999999932,Train11,次駅への減速フェーズ（駅手前400m以内）,ブレーキ（減速）中,6.199999999999994,力行（加速）,0.1,70.0,37.3,10.73,70.0,2.8,0.0,5.48,7.1,9.2,この先制限速度なし,この先目立った勾配なし,前方115.5m先を34.1km/h,後続列車なし,60.0,0.0,発車済み,60.0,70.0,0.0,-0.05
169.0999999999996,Train11,次駅への減速フェーズ（駅手前400m以内）,ブレーキ（減速）中,5.4999999999999964,惰行,0.2,70.0,0.0,23.78,23.8,31.0,8.9,26.82,0.0,9.2,この先制限速度なし,この先目立った勾配なし,前方31.4m先を0.0km/h,後続列車なし,90.0,0.0,未発車,30.0,23.8,2.1,-0.05
186.39999999999935,Train11,次駅への減速フェーズ（駅手前400m以内）,ブレーキ（減速）中,5.599999999999996,力行（加速）,0.1,70.0,36.2,12.48,70.0,4.7,0.0,7.42,6.5,9.2,この先制限速度なし,この先目立った勾配なし,前方111.8m先を33.5km/h,後続列車なし,60.0,0.0,発車済み,60.0,70.0,0.0,-0.05
127.0,Train11,巡航フェーズ（駅間走行中）,惰行中,4.0,力行（加速）,44.0,70.0,70.0,64.01,64.0,479.9,41.0,197.76,0.0,6.1,この先制限速度なし,289m先に上り勾配9.2‰あり,前方461.2m先を13.3km/h,後続列車なし,90.0,40.0,未発車,30.0,43.3,0.0,-0.5
163.79999999999995,Train11,次駅への減速フェーズ（駅手前400m以内）,ブレーキ（減速）中,0.8999999999999999,力行（加速）,1.0,70.0,26.9,41.67,70.0,83.9,14.2,81.74,0.0,9.2,この先制限速度なし,この先目立った勾配なし,前方84.3m先を0.0km/h,後続列車なし,90.0,3.2,未発車,30.0,22.6,0.0,-0.05
178.19999999999914,Train11,次駅への減速フェーズ（駅手前400m以内）,ブレーキ（減速）中,1.6000000000000003,力行（加速）,0.1,70.0,0.0,2.84,0.0,0.0,0.0,0.43,0.3,0.0,この先制限速度なし,この先目立った勾配なし,前方0.0m先を0.0km/h,後続列車なし,90.0,0.0,未発車,30.0,0.0,11.2,-0.05
153.59999999999985,Train11,次駅への減速フェーズ（駅手前400m以内）,ブレーキ（減速）中,0.2,力行（加速）,0.1,70.0,13.7,41.38,41.4,58.5,24.4,80.62,0.0,9.2,この先制限速度なし,この先目立った勾配なし,前方58.9m先を0.0km/h,後続列車なし,90.0,13.4,未発車,30.0,13.4,0.0,-0.05
122.0,Train11,巡航フェーズ（駅間走行中）,力行（加速）中,15.0,ブレーキ（減速）,6.0,70.0,70.0,56.23,70.0,666.4,41.0,165.8,0.0,0.0,この先制限速度なし,76m先に上り勾配6.1‰あり,前方624.8m先を19.7km/h,後続列車なし,90.0,45.0,未発車,30.0,50.8,0.0,-0.5
191.79999999999984,Train11,次駅への減速フェーズ（駅手前400m以内）,ブレーキ（減速）中,0.1,惰行,2.0000000000000004,70.0,19.2,36.31,70.0,67.1,0.0,62.23,13.9,9.2,この先制限速度なし,この先目立った勾配なし,前方67.5m先を0.0km/h,後続列車なし,90.0,0.0,未発車,30.0,70.0,24.8,-0.05
47.0,Train11,巡航フェーズ（駅間走行中）,ブレーキ（減速）中,2.0,力行（加速）,4.0,70.0,70.0,54.67,70.0,1673.1,30.0,172.31,0.0,-6.7,この先制限速度なし,この先目立った勾配なし,前方537.8m先を63.1km/h,後続列車なし,90.0,120.0,未発車,30.0,43.6,0.0,-0.5
191.99999999999983,Train11,次駅への減速フェーズ（駅手前400m以内）,ブレーキ（減速）中,0.30000000000000004,惰行,2.0000000000000004,70.0,18.1,35.72,70.0,65.1,0.0,60.23,14.1,9.2,この先制限速度なし,この先目立った勾配なし,前方65.5m先を0.0km/h,後続列車なし,90.0,0.0,未発車,30.0,70.0,25.0,-0.05
191.39999999999986,Train11,次駅への減速フェーズ（駅手前400m以内）,惰行中,1.7000000000000004,力行（加速）,0.7999999999999999,70.0,21.3,36.5,70.0,71.2,0.0,62.87,13.5,9.2,この先制限速度なし,この先目立った勾配なし,前方71.6m先を0.0km/h,後続列車なし,90.0,0.0,未発車,30.0,70.0,24.4,-0.05
163.1,Train11,次駅への減速フェーズ（駅手前400m以内）,ブレーキ（減速）中,0.2,力行（加速）,1.0,70.0,30.0,43.75,70.0,92.2,14.9,90.05,0.0,9.2,この先制限速度なし,この先目立った勾配なし,前方92.6m先を0.0km/h,後続列車なし,90.0,3.9,未発車,30.0,25.0,0.0,-0.05
177.39999999999986,Train11,次駅への減速フェーズ（駅手前400m以内）,ブレーキ（減速）中,0.2,惰行,0.1,70.0,33.8,37.25,70.0,67.8,2.6,65.45,0.0,9.2,この先制限速度なし,この先目立った勾配なし,前方103.9m先を22.4km/h,後続列車なし,60.0,0.0,発車済み,60.0,70.0,0.0,-0.05
158.0,Train11,次駅への減速フェーズ（駅手前400m以内）,惰行中,5.0,力行（加速）,10.0,70.0,47.4,45.46,45.7,155.0,20.0,97.11,0.0,9.2,この先制限速度なし,この先目立った勾配なし,前方155.4m先を0.0km/h,後続列車なし,90.0,9.0,未発車,30.0,32.8,0.0,-0.5
165.19999999999987,Train11,次駅への減速フェーズ（駅手前400m以内）,ブレーキ（減速）中,2.3000000000000007,力行（加速）,1.0,70.0,20.0,37.5,37.5,68.5,12.8,66.35,0.0,9.2,この先制限速度なし,この先目立った勾配なし,前方68.9m先を0.0km/h,後続列車なし,90.0,1.8,未発車,30.0,20.3,0.0,-0.05
114.0,Train11,巡航フェーズ（駅間走行中）,力行（加速）中,35.0,ブレーキ（減速）,6.0,70.0,70.0,60.69,70.0,709.7,41.0,192.62,0.0,0.0,この先制限速度なし,119m先に上り勾配6.1‰あり,前方612.7m先を30.2km/h,後続列車なし,90.0,53.0,未発車,30.0,46.6,0.0,-0.5
192.3999999999998,Train11,次駅への減速フェーズ（駅手前400m以内）,ブレーキ（減速）中,0.7,惰行,2.0000000000000004,70.0,15.6,34.53,70.0,61.2,0.0,56.33,14.5,9.2,この先制限速度なし,この先目立った勾配なし,前方61.6m先を0.0km/h,後続列車なし,90.0,0.0,未発車,30.0,70.0,25.4,-0.05
180.2999999999997,Train11,次駅への減速フェーズ（駅手前400m以内）,ブレーキ（減速）中,0.5,力行（加速）,0.1,70.0,31.4,29.72,70.0,40.9,0.0,41.81,0.4,9.2,この先制限速度なし,この先目立った勾配なし,前方96.7m先を26.6km/h,後続列車なし,60.0,0.0,発車済み,60.0,70.0,0.0,-0.05
188.49999999999923,Train11,次駅への減速フェーズ（駅手前400m以内）,ブレーキ（減速）中,7.699999999999989,力行（加速）,0.1,70.0,40.3,6.35,0.0,0.0,0.0,2.17,8.6,0.0,この先制限速度なし,この先目立った勾配なし,前方126.4m先を35.4km/h,後続列車なし,60.0,0.0,発車済み,60.0,0.0,0.0,-0.05
170.89999999999955,Train11,次駅への減速フェーズ（駅手前400m以内）,ブレーキ（減速）中,0.7,惰行,0.1,70.0,0.0,21.32,21.3,22.0,7.1,21.59,0.0,9.2,この先制限速度なし,この先目立った勾配なし,前方22.4m先を0.0km/h,後続列車なし,90.0,0.0,未発車,30.0,21.3,3.9,-0.05
172.69999999999945,Train11,次駅への減速フェーズ（駅手前400m以内）,ブレーキ（減速）中,0.5,惰行,0.1,70.0,0.0,16.54,70.0,12.5,5.3,13.02,0.0,9.2,この先制限速度なし,この先目立った勾配なし,前方12.9m先を0.0km/h,後続列車なし,90.0,0.0,未発車,30.0,70.0,5.7,-0.05
165.3999999999998,Train11,次駅への減速フェーズ（駅手前400m以内）,ブレーキ（減速）中,1.8000000000000005,惰行,0.2,70.0,15.5,34.7,34.7,61.0,12.6,56.86,0.0,9.2,この先制限速度なし,この先目立った勾配なし,前方61.4m先を0.0km/h,後続列車なし,90.0,1.6,未発車,30.0,18.3,0.0,-0.05
159.29999999999953,Train11,次駅への減速フェーズ（駅手前400m以内）,ブレーキ（減速）中,0.4,惰行,0.1,70.0,0.0,25.38,25.4,5.6,18.7,30.53,0.0,9.2,この先制限速度なし,この先目立った勾配なし,前方6.0m先を0.0km/h,後続列車なし,90.0,7.7,未発車,30.0,4.1,0.0,-0.05
169.7999999999996,Train11,次駅への減速フェーズ（駅手前400m以内）,ブレーキ（減速）中,3.600000000000002,力行（加速）,0.1,70.0,0.0,24.3,24.3,29.0,8.2,28.02,0.0,9.2,この先制限速度なし,この先目立った勾配なし,前方29.3m先を0.0km/h,後続列車なし,90.0,0.0,未発車,30.0,24.3,2.8,-0.05
191.59999999999985,Train11,次駅への減速フェーズ（駅手前400m以内）,惰行中,1.9000000000000006,力行（加速）,0.7999999999999999,70.0,20.3,36.4,70.0,69.2,0.0,62.55,13.7,9.2,この先制限速度なし,この先目立った勾配なし,前方69.5m先を0.0km/h,後続列車なし,90.0,0.0,未発車,30.0,70.0,24.6,-0.05
166.6999999999998,Train11,次駅への減速フェーズ（駅手前400m以内）,ブレーキ（減速）中,0.5,力行（加速）,0.1,70.0,9.4,33.45,33.4,53.8,11.3,52.88,0.0,9.2,この先制限速度なし,この先目立った勾配なし,前方54.2m先を0.0km/h,後続列車なし,90.0,0.3,未発車,30.0,17.8,0.0,-0.05
170.49999999999952,Train11,次駅への減速フェーズ（駅手前400m以内）,ブレーキ（減速）中,0.30000000000000004,惰行,0.1,70.0,0.0,20.88,20.9,22.4,7.5,20.7,0.0,9.2,この先制限速度なし,この先目立った勾配なし,前方22.8m先を0.0km/h,後続列車なし,90.0,0.0,未発車,30.0,20.9,3.5,-0.05
170.59999999999957,Train11,次駅への減速フェーズ（駅手前400m以内）,ブレーキ（減速）中,0.4,惰行,0.1,70.0,0.0,22.2,22.2,23.8,7.4,23.4,0.0,9.2,この先制限速度なし,この先目立った勾配なし,前方24.2m先を0.0km/h,後続列車なし,90.0,0.0,未発車,30.0,22.2,3.6,-0.05
175.0,Train11,次駅への減速フェーズ（駅手前400m以内）,力行（加速）中,14.1,ブレーキ（減速）,6.0,70.0,37.3,37.49,70.0,93.3,5.0,66.31,0.0,9.2,この先制限速度なし,この先目立った勾配なし,前方115.7m先を18.4km/h,後続列車なし,60.0,0.0,発車済み,60.0,70.0,0.0,-0.05
176.5999999999999,Train11,次駅への減速フェーズ（駅手前400m以内）,力行（加速）中,15.699999999999994,ブレーキ（減速）,6.0,70.0,34.9,38.75,70.0,76.3,3.4,70.8,0.0,9.2,この先制限速度なし,この先目立った勾配なし,前方107.5m先を21.1km/h,後続列車なし,60.0,0.0,発車済み,60.0,70.0,0.0,-0.05
193.99999999999972,Train11,次駅への減速フェーズ（駅手前400m以内）,ブレーキ（減速）中,0.8999999999999999,力行（加速）,0.1,70.0,0.0,30.2,70.0,46.9,0.0,43.18,16.1,9.2,この先制限速度なし,この先目立った勾配なし,前方47.2m先を0.0km/h,後続列車なし,90.0,0.0,未発車,30.0,70.0,27.0,-0.05
204.99999999999937,Train11,次駅への減速フェーズ（駅手前400m以内）,ブレーキ（減速）中,6.299999999999994,力行（加速）,0.1,70.0,70.0,16.27,0.0,0.0,0.0,14.16,25.1,0.0,この先制限速度なし,この先目立った勾配なし,前方310.5m先を45.0km/h,後続列車なし,60.0,0.0,発車済み,60.0,0.0,0.0,-0.05
189.89999999999995,Train11,次駅への減速フェーズ（駅手前400m以内）,惰行中,0.2,力行（加速）,0.7999999999999999,70.0,27.9,37.2,70.0,86.5,0.0,65.29,12.0,9.2,この先制限速度なし,この先目立った勾配なし,前方86.9m先を0.0km/h,後続列車なし,90.0,0.0,未発車,30.0,70.0,22.9,-0.05
170.99999999999955,Train11,次駅への減速フェーズ（駅手前400m以内）,ブレーキ（減速）中,0.7999999999999999,惰行,0.1,70.0,0.0,21.03,21.0,21.4,7.0,21.0,0.0,9.2,この先制限速度なし,この先目立った勾配なし,前方21.8m先を0.0km/h,後続列車なし,90.0,0.0,未発車,30.0,21.0,4.0,-0.05
168.49999999999963,Train11,次駅への減速フェーズ（駅手前400m以内）,ブレーキ（減速）中,4.899999999999999,惰行,0.2,70.0,0.0,25.54,25.5,35.1,9.5,30.93,0.0,9.2,この先制限速度なし,この先目立った勾配なし,前方35.5m先を0.0km/h,後続列車なし,90.0,0.0,未発車,30.0,25.5,1.5,-0.05
172.5999999999994,Train11,次駅への減速フェーズ（駅手前400m以内）,ブレーキ（減速）中,2.400000000000001,惰行,0.1,70.0,0.0,14.73,70.0,12.0,5.4,10.32,0.0,9.2,この先制限速度なし,この先目立った勾配なし,前方12.4m先を0.0km/h,後続列車なし,90.0,0.0,未発車,30.0,70.0,5.6,-0.05
166.3999999999998,Train11,次駅への減速フェーズ（駅手前400m以内）,ブレーキ（減速）中,0.2,力行（加速）,0.1,70.0,12.1,34.34,34.3,56.6,11.6,55.7,0.0,9.2,この先制限速度なし,この先目立った勾配なし,前方57.0m先を0.0km/h,後続列車なし,90.0,0.6,未発車,30.0,18.1,0.0,-0.05
174.3999999999993,Train11,次駅への減速フェーズ（駅手前400m以内）,ブレーキ（減速）中,4.200000000000001,惰行,0.1,70.0,0.0,9.47,9.5,6.0,3.6,4.27,0.0,9.2,この先制限速度なし,この先目立った勾配なし,前方6.3m先を0.0km/h,後続列車なし,90.0,0.0,未発車,30.0,9.5,7.4,-0.05
193.19999999999976,Train11,次駅への減速フェーズ（駅手前400m以内）,ブレーキ（減速）中,0.1,力行（加速）,0.1,70.0,9.4,32.57,70.0,53.8,0.0,50.15,15.3,9.2,この先制限速度なし,この先目立った勾配なし,前方54.2m先を0.0km/h,後続列車なし,90.0,0.0,未発車,30.0,70.0,26.2,-0.05
205.09999999999937,Train11,次駅への減速フェーズ（駅手前400m以内）,ブレーキ（減速）中,6.399999999999993,力行（加速）,0.1,70.0,70.0,15.97,0.0,0.0,0.0,13.66,25.2,0.0,この先制限速度なし,この先目立った勾配なし,前方311.3m先を45.1km/h,後続列車なし,60.0,0.0,発車済み,60.0,0.0,0.0,-0.05
200.69999999999933,Train11,次駅への減速フェーズ（駅手前400m以内）,ブレーキ（減速）中,0.1,惰行,0.1,70.0,0.0,11.27,70.0,8.6,0.0,6.05,22.8,9.2,この先制限速度なし,この先目立った勾配なし,前方14.2m先を9.6km/h,後続列車なし,90.0,0.0,発車済み,30.0,70.0,0.0,-0.05
152.29999999999993,Train11,次駅への減速フェーズ（駅手前400m以内）,ブレーキ（減速）中,0.4,力行（加速）,0.1,70.0,22.7,44.9,44.9,74.0,25.7,94.76,0.0,9.2,この先制限速度なし,この先目立った勾配なし,前方74.4m先を0.0km/h,後続列車なし,90.0,14.7,未発車,30.0,15.3,0.0,-0.05
175.99999999999926,Train11,次駅への減速フェーズ（駅手前400m以内）,ブレーキ（減速）中,0.2,力行（加速）,0.1,70.0,0.0,8.71,8.7,1.2,2.0,3.62,0.0,9.2,この先制限速度なし,この先目立った勾配なし,前方1.6m先を0.0km/h,後続列車なし,90.0,0.0,未発車,30.0,8.7,9.0,-0.05
168.59999999999968,Train11,次駅への減速フェーズ（駅手前400m以内）,ブレーキ（減速）中,2.400000000000001,力行（加速）,0.1,70.0,0.0,27.84,27.8,37.6,9.4,36.71,0.0,9.2,この先制限速度なし,この先目立った勾配なし,前方38.0m先を0.0km/h,後続列車なし,90.0,0.0,未発車,30.0,27.8,1.6,-0.05
199.7999999999994,Train11,次駅への減速フェーズ（駅手前400m以内）,ブレーキ（減速）中,1.9000000000000006,力行（加速）,0.1,70.0,0.0,13.65,70.0,11.7,0.0,8.86,21.9,9.2,この先制限速度なし,この先目立った勾配なし,前方15.1m先を7.4km/h,後続列車なし,90.0,0.0,発車済み,30.0,70.0,0.0,-0.05
188.19999999999925,Train11,次駅への減速フェーズ（駅手前400m以内）,ブレーキ（減速）中,7.39999999999999,力行（加速）,0.1,70.0,39.7,7.23,0.0,0.0,0.0,2.8,8.3,0.0,この先制限速度なし,この先目立った勾配なし,前方124.1m先を35.2km/h,後続列車なし,60.0,0.0,発車済み,60.0,0.0,0.0,-0.05
46.0,Train11,巡航フェーズ（駅間走行中）,ブレーキ（減速）中,1.0,力行（加速）,4.0,70.0,70.0,57.13,70.0,1688.7,30.0,187.84,0.0,-6.7,この先制限速度なし,この先目立った勾配なし,前方535.8m先を63.3km/h,後続列車なし,90.0,121.0,未発車,30.0,44.4,0.0,-0.5
175.4999999999993,Train11,次駅への減速フェーズ（駅手前400m以内）,ブレーキ（減速）中,0.6,力行（加速）,0.1,70.0,0.0,9.64,9.6,2.5,2.5,4.43,0.0,9.2,この先制限速度なし,この先目立った勾配なし,前方2.9m先を0.0km/h,後続列車なし,90.0,0.0,未発車,30.0,9.6,8.5,-0.05
180.69999999999968,Train11,次駅への減速フェーズ（駅手前400m以内）,ブレーキ（減速）中,0.1,惰行,0.1,70.0,31.4,28.79,70.0,37.7,0.0,39.24,0.8,9.2,この先制限速度なし,この先目立った勾配なし,前方96.5m先を27.1km/h,後続列車なし,60.0,0.0,発車済み,60.0,70.0,0.0,-0.05
173.89999999999932,Train11,次駅への減速フェーズ（駅手前400m以内）,ブレーキ（減速）中,3.700000000000002,惰行,0.1,70.0,0.0,10.93,11.5,7.4,4.1,5.69,0.0,9.2,この先制限速度なし,この先目立った勾配なし,前方7.8m先を0.0km/h,後続列車なし,90.0,0.0,未発車,30.0,11.5,6.9,-0.05
165.79999999999984,Train11,次駅への減速フェーズ（駅手前400m以内）,ブレーキ（減速）中,2.9000000000000012,力行（加速）,1.0,70.0,16.4,35.72,35.7,62.4,12.2,60.25,0.0,9.2,この先制限速度なし,この先目立った勾配なし,前方62.8m先を0.0km/h,後続列車なし,90.0,1.2,未発車,30.0,19.4,0.0,-0.05
196.79999999999956,Train11,次駅への減速フェーズ（駅手前400m以内）,ブレーキ（減速）中,3.700000000000002,力行（加速）,0.1,70.0,0.0,21.96,70.0,26.6,0.0,22.89,18.9,9.2,この先制限速度なし,この先目立った勾配なし,前方27.0m先を0.0km/h,後続列車なし,90.0,0.0,未発車,30.0,70.0,29.8,-0.05
182.89999999999955,Train11,次駅への減速フェーズ（駅手前400m以内）,ブレーキ（減速）中,2.1000000000000005,力行（加速）,0.1,70.0,31.9,22.74,70.0,21.8,0.0,24.54,3.0,9.2,この先制限速度なし,この先目立った勾配なし,前方98.0m先を29.8km/h,後続列車なし,60.0,0.0,発車済み,60.0,70.0,0.0,-0.05
158.0999999999996,Train11,次駅への減速フェーズ（駅手前400m以内）,ブレーキ（減速）中,3.5000000000000018,力行（加速）,0.1,70.0,0.0,28.66,28.7,14.6,19.9,38.9,0.0,9.2,この先制限速度なし,この先目立った勾配なし,前方14.9m先を0.0km/h,後続列車なし,90.0,8.9,未発車,30.0,6.6,0.0,-0.05
190.19999999999993,Train11,次駅への減速フェーズ（駅手前400m以内）,惰行中,0.5,力行（加速）,0.7999999999999999,70.0,26.7,37.06,70.0,83.4,0.0,64.8,12.3,9.2,この先制限速度なし,この先目立った勾配なし,前方83.8m先を0.0km/h,後続列車なし,90.0,0.0,未発車,30.0,70.0,23.2,-0.05
178.79999999999978,Train11,次駅への減速フェーズ（駅手前400m以内）,ブレーキ（減速）中,0.5,力行（加速）,0.1,70.0,32.3,33.74,70.0,54.1,1.2,53.79,0.0,9.2,この先制限速度なし,この先目立った勾配なし,前方99.2m先を24.5km/h,後続列車なし,60.0,0.0,発車済み,60.0,70.0,0.0,-0.05
173.89999999999938,Train11,次駅への減速フェーズ（駅手前400m以内）,ブレーキ（減速）中,0.7,惰行,0.1,70.0,0.0,13.28,13.3,7.6,4.1,8.4,0.0,9.2,この先制限速度なし,この先目立った勾配なし,前方8.0m先を0.0km/h,後続列車なし,90.0,0.0,未発車,30.0,13.3,6.9,-0.05
170.39999999999952,Train11,次駅への減速フェーズ（駅手前400m以内）,ブレーキ（減速）中,0.2,惰行,0.1,70.0,0.0,21.17,21.2,23.0,7.6,21.28,0.0,9.2,この先制限速度なし,この先目立った勾配なし,前方23.3m先を0.0km/h,後続列車なし,90.0,0.0,未発車,30.0,21.2,3.4,-0.05
163.99999999999994,Train11,次駅への減速フェーズ（駅手前400m以内）,ブレーキ（減速）中,1.0999999999999999,力行（加速）,1.0,70.0,26.0,41.07,70.0,81.6,14.0,79.44,0.0,9.2,この先制限速度なし,この先目立った勾配なし,前方82.0m先を0.0km/h,後続列車なし,90.0,3.0,未発車,30.0,22.9,0.0,-0.05
196.39999999999958,Train11,次駅への減速フェーズ（駅手前400m以内）,ブレーキ（減速）中,3.3000000000000016,力行（加速）,0.1,70.0,0.0,23.13,70.0,29.1,0.0,25.4,18.5,9.2,この先制限速度なし,この先目立った勾配なし,前方29.5m先を0.0km/h,後続列車なし,90.0,0.0,未発車,30.0,70.0,29.4,-0.05
185.3999999999994,Train11,次駅への減速フェーズ（駅手前400m以内）,ブレーキ（減速）中,4.6,力行（加速）,0.1,70.0,34.6,15.41,70.0,8.6,0.0,11.29,5.5,9.2,この先制限速度なし,この先目立った勾配なし,前方106.5m先を32.5km/h,後続列車なし,60.0,0.0,発車済み,60.0,70.0,0.0,-0.05
195.09999999999965,Train11,次駅への減速フェーズ（駅手前400m以内）,ブレーキ（減速）中,2.0000000000000004,力行（加速）,0.1,70.0,0.0,26.96,70.0,38.1,0.0,34.44,17.2,9.2,この先制限速度なし,この先目立った勾配なし,前方38.5m先を0.0km/h,後続列車なし,90.0,0.0,未発車,30.0,70.0,28.1,-0.05
176.19999999999993,Train11,次駅への減速フェーズ（駅手前400m以内）,力行（加速）中,15.299999999999995,ブレーキ（減速）,6.0,70.0,35.5,38.45,70.0,80.6,3.8,69.7,0.0,9.2,この先制限速度なし,この先目立った勾配なし,前方109.5m先を20.4km/h,後続列車なし,60.0,0.0,発車済み,60.0,70.0,0.0,-0.05
172.6999999999994,Train11,次駅への減速フェーズ（駅手前400m以内）,ブレーキ（減速）中,2.500000000000001,惰行,0.1,70.0,0.0,14.43,70.0,11.6,5.3,9.91,0.0,9.2,この先制限速度なし,この先目立った勾配なし,前方12.0m先を0.0km/h,後続列車なし,90.0,0.0,未発車,30.0,70.0,5.7,-0.05
121.0,Train11,巡航フェーズ（駅間走行中）,力行（加速）中,42.0,ブレーキ（減速）,6.0,70.0,70.0,64.47,70.0,587.9,41.0,200.57,0.0,6.1,この先制限速度なし,397m先に上り勾配9.2‰あり,前方540.6m先を21.0km/h,後続列車なし,90.0,46.0,未発車,30.0,48.2,0.0,-0.5
176.49999999999923,Train11,次駅への減速フェーズ（駅手前400m以内）,ブレーキ（減速）中,0.7,力行（加速）,0.1,70.0,0.0,7.26,7.3,0.1,1.5,2.51,0.0,9.2,この先制限速度なし,この先目立った勾配なし,前方0.5m先を0.0km/h,後続列車なし,90.0,0.0,未発車,30.0,7.3,9.5,-0.05
174.89999999999932,Train11,次駅への減速フェーズ（駅手前400m以内）,力行（加速）中,0.1,ブレーキ（減速）,0.30000000000000004,70.0,0.0,10.88,10.9,4.2,3.1,5.64,0.0,9.2,この先制限速度なし,この先目立った勾配なし,前方4.6m先を0.0km/h,後続列車なし,90.0,0.0,未発車,30.0,10.9,7.9,-0.05
154.6999999999998,Train11,次駅への減速フェーズ（駅手前400m以内）,ブレーキ（減速）中,0.1,力行（加速）,0.1,70.0,0.0,38.73,38.7,46.4,23.3,70.71,0.0,9.2,この先制限速度なし,この先目立った勾配なし,前方46.7m先を0.0km/h,後続列車なし,90.0,12.3,未発車,30.0,11.9,0.0,-0.05
44.0,Train11,巡航フェーズ（駅間走行中）,力行（加速）中,3.0,惰行,6.0,70.0,70.0,55.35,70.0,1719.9,30.0,176.52,0.0,-6.7,この先制限速度なし,この先目立った勾配なし,前方532.0m先を63.0km/h,後続列車なし,90.0,123.0,未発車,30.0,44.1,0.0,-0.5
173.49999999999935,Train11,次駅への減速フェーズ（駅手前400m以内）,ブレーキ（減速）中,3.3000000000000016,惰行,0.1,70.0,0.0,12.09,12.1,8.7,4.5,6.96,0.0,9.2,この先制限速度なし,この先目立った勾配なし,前方9.0m先を0.0km/h,後続列車なし,90.0,0.0,未発車,30.0,12.1,6.5,-0.05
173.4999999999994,Train11,次駅への減速フェーズ（駅手前400m以内）,ブレーキ（減速）中,0.30000000000000004,惰行,0.1,70.0,0.0,14.45,14.5,9.1,4.5,9.94,0.0,9.2,この先制限速度なし,この先目立った勾配なし,前方9.5m先を0.0km/h,後続列車なし,90.0,0.0,未発車,30.0,14.5,6.5,-0.05
174.69999999999928,Train11,次駅への減速フェーズ（駅手前400m以内）,ブレーキ（減速）中,0.2,惰行,0.1,70.0,0.0,8.84,9.4,5.2,3.3,3.72,0.0,9.2,この先制限速度なし,この先目立った勾配なし,前方5.6m先を0.0km/h,後続列車なし,90.0,0.0,未発車,30.0,9.4,7.7,-0.05
181.8999999999996,Train11,次駅への減速フェーズ（駅手前400m以内）,ブレーキ（減速）中,1.0999999999999999,力行（加速）,0.1,70.0,31.4,25.68,70.0,28.5,0.0,31.26,2.0,9.2,この先制限速度なし,この先目立った勾配なし,前方96.6m先を28.6km/h,後続列車なし,60.0,0.0,発車済み,60.0,70.0,0.0,-0.05
171.9999999999995,Train11,次駅への減速フェーズ（駅手前400m以内）,ブレーキ（減速）中,0.4,惰行,0.1,70.0,0.0,18.35,70.0,15.9,6.0,16.0,0.0,9.2,この先制限速度なし,この先目立った勾配なし,前方16.3m先を0.0km/h,後続列車なし,90.0,0.0,未発車,30.0,70.0,5.0,-0.05
200.19999999999936,Train11,次駅への減速フェーズ（駅手前400m以内）,ブレーキ（減速）中,2.3000000000000007,力行（加速）,0.1,70.0,0.0,12.48,70.0,10.3,0.0,7.41,22.3,9.2,この先制限速度なし,この先目立った勾配なし,前方14.5m先を8.4km/h,後続列車なし,90.0,0.0,発車済み,30.0,70.0,0.0,-0.05
166.99999999999972,Train11,次駅への減速フェーズ（駅手前400m以内）,ブレーキ（減速）中,3.4000000000000017,惰行,0.2,70.0,0.0,29.96,30.0,46.7,11.0,42.49,0.0,9.2,この先制限速度なし,この先目立った勾配なし,前方47.0m先を0.0km/h,後続列車なし,90.0,0.0,未発車,30.0,15.4,0.0,-0.05
189.2,Train11,次駅への減速フェーズ（駅手前400m以内）,力行（加速）中,0.30000000000000004,惰行,6.0,70.0,30.5,36.74,70.0,93.7,0.0,63.69,11.3,9.2,この先制限速度なし,この先目立った勾配なし,前方94.1m先を0.0km/h,後続列車なし,90.0,0.0,未発車,30.0,70.0,22.2,-0.05
171.49999999999946,Train11,次駅への減速フェーズ（駅手前400m以内）,ブレーキ（減速）中,1.3,惰行,0.1,70.0,0.0,17.95,70.0,17.0,6.5,15.31,0.0,9.2,この先制限速度なし,この先目立った勾配なし,前方17.4m先を0.0km/h,後続列車なし,90.0,0.0,未発車,30.0,70.0,4.5,-0.05
153.49999999999986,Train11,次駅への減速フェーズ（駅手前400m以内）,ブレーキ（減速）中,0.1,力行（加速）,0.1,70.0,14.6,41.67,41.7,59.7,24.5,81.77,0.0,9.2,この先制限速度なし,この先目立った勾配なし,前方60.1m先を0.0km/h,後続列車なし,90.0,13.5,未発車,30.0,13.6,0.0,-0.05
183.49999999999952,Train11,次駅への減速フェーズ（駅手前400m以内）,ブレーキ（減速）中,2.700000000000001,力行（加速）,0.1,70.0,32.3,20.98,70.0,18.2,0.0,20.89,3.6,9.2,この先制限速度なし,この先目立った勾配なし,前方99.4m先を30.5km/h,後続列車なし,60.0,0.0,発車済み,60.0,70.0,0.0,-0.05
174.59999999999928,Train11,次駅への減速フェーズ（駅手前400m以内）,ブレーキ（減速）中,0.1,惰行,0.1,70.0,0.0,9.13,9.7,5.5,3.4,3.97,0.0,9.2,この先制限速度なし,この先目立った勾配なし,前方5.8m先を0.0km/h,後続列車なし,90.0,0.0,未発車,30.0,9.7,7.6,-0.05
173.79999999999933,Train11,次駅への減速フェーズ（駅手前400m以内）,ブレーキ（減速）中,3.600000000000002,惰行,0.1,70.0,0.0,11.22,11.8,7.7,4.2,5.99,0.0,9.2,この先制限速度なし,この先目立った勾配なし,前方8.1m先を0.0km/h,後続列車なし,90.0,0.0,未発車,30.0,11.8,6.8,-0.05
179.39999999999975,Train11,次駅への減速フェーズ（駅手前400m以内）,ブレーキ（減速）中,1.0999999999999999,力行（加速）,0.1,70.0,31.9,31.96,70.0,48.6,0.6,48.32,0.0,9.2,この先制限速度なし,この先目立った勾配なし,前方97.9m先を25.3km/h,後続列車なし,60.0,0.0,発車済み,60.0,70.0,0.0,-0.05
155.99999999999972,Train11,次駅への減速フェーズ（駅手前400m以内）,ブレーキ（減速）中,1.4000000000000001,力行（加速）,0.1,70.0,0.0,34.87,34.9,33.1,22.0,57.43,0.0,9.2,この先制限速度なし,この先目立った勾配なし,前方33.5m先を0.0km/h,後続列車なし,90.0,11.0,未発車,30.0,10.0,0.0,-0.05
164.19999999999993,Train11,次駅への減速フェーズ（駅手前400m以内）,ブレーキ（減速）中,1.3,力行（加速）,1.0,70.0,25.1,40.47,70.0,79.4,13.8,77.18,0.0,9.2,この先制限速度なし,この先目立った勾配なし,前方79.8m先を0.0km/h,後続列車なし,90.0,2.8,未発車,30.0,21.8,0.0,-0.05
169.9999999999996,Train11,次駅への減速フェーズ（駅手前400m以内）,ブレーキ（減速）中,3.800000000000002,力行（加速）,0.1,70.0,0.0,23.72,23.7,27.6,8.0,26.68,0.0,9.2,この先制限速度なし,この先目立った勾配なし,前方28.0m先を0.0km/h,後続列車なし,90.0,0.0,未発車,30.0,23.7,3.0,-0.05
152.19999999999993,Train11,次駅への減速フェーズ（駅手前400m以内）,ブレーキ（減速）中,0.30000000000000004,力行（加速）,0.1,70.0,23.3,45.2,45.2,75.3,25.8,96.01,0.0,9.2,この先制限速度なし,この先目立った勾配なし,前方75.7m先を0.0km/h,後続列車なし,90.0,14.8,未発車,30.0,15.5,0.0,-0.05
193.89999999999972,Train11,次駅への減速フェーズ（駅手前400m以内）,ブレーキ（減速）中,0.7999999999999999,力行（加速）,0.1,70.0,0.0,30.5,70.0,47.7,0.0,44.02,16.0,9.2,この先制限速度なし,この先目立った勾配なし,前方48.1m先を0.0km/h,後続列車なし,90.0,0.0,未発車,30.0,70.0,26.9,-0.05
169.19999999999965,Train11,次駅への減速フェーズ（駅手前400m以内）,ブレーキ（減速）中,3.0000000000000013,力行（加速）,0.1,70.0,0.0,26.07,26.1,33.2,8.8,32.22,0.0,9.2,この先制限速度なし,この先目立った勾配なし,前方33.5m先を0.0km/h,後続列車なし,90.0,0.0,未発車,30.0,26.1,2.2,-0.05
174.99999999999926,Train11,次駅への減速フェーズ（駅手前400m以内）,ブレーキ（減速）中,0.5,惰行,0.1,70.0,0.0,7.97,8.0,4.5,3.0,3.02,0.0,9.2,この先制限速度なし,この先目立った勾配なし,前方4.9m先を0.0km/h,後続列車なし,90.0,0.0,未発車,30.0,8.0,8.0,-0.05
164.9999999999999,Train11,次駅への減速フェーズ（駅手前400m以内）,ブレーキ（減速）中,2.1000000000000005,力行（加速）,1.0,70.0,21.1,38.1,70.0,70.6,13.0,68.45,0.0,9.2,この先制限速度なし,この先目立った勾配なし,前方71.0m先を0.0km/h,後続列車なし,90.0,2.0,未発車,30.0,20.6,0.0,-0.05
137.0,Train11,巡航フェーズ（駅間走行中）,惰行中,1.0,力行（加速）,6.0,70.0,70.0,58.56,58.6,427.8,41.0,166.08,0.0,6.1,この先制限速度なし,237m先に上り勾配9.2‰あり,前方428.2m先を0.5km/h,後続列車なし,90.0,30.0,未発車,30.0,46.6,0.0,-0.5
167.2999999999997,Train11,次駅への減速フェーズ（駅手前400m以内）,ブレーキ（減速）中,3.700000000000002,惰行,0.2,70.0,0.0,29.08,29.4,44.2,10.7,40.03,0.0,9.2,この先制限速度なし,この先目立った勾配なし,前方44.6m先を0.0km/h,後続列車なし,90.0,0.0,未発車,30.0,29.4,0.3,-0.05
192.6999999999998,Train11,次駅への減速フェーズ（駅手前400m以内）,ブレーキ（減速）中,0.9999999999999999,惰行,2.0000000000000004,70.0,13.6,33.64,70.0,58.4,0.0,53.49,14.8,9.2,この先制限速度なし,この先目立った勾配なし,前方58.8m先を0.0km/h,後続列車なし,90.0,0.0,未発車,30.0,70.0,25.7,-0.05
165.19999999999982,Train11,次駅への減速フェーズ（駅手前400m以内）,ブレーキ（減速）中,1.6000000000000003,惰行,0.2,70.0,16.8,35.29,35.3,63.0,12.8,58.81,0.0,9.2,この先制限速度なし,この先目立った勾配なし,前方63.3m先を0.0km/h,後続列車なし,90.0,1.8,未発車,30.0,18.6,0.0,-0.05
204.39999999999912,Train11,次駅への減速フェーズ（駅手前400m以内）,ブレーキ（減速）中,0.6,力行（加速）,0.1,70.0,0.0,1.05,70.0,2.5,0.0,0.05,24.5,9.2,この先制限速度なし,この先目立った勾配なし,前方22.0m先を17.2km/h,後続列車なし,90.0,0.0,発車済み,30.0,70.0,0.0,-0.05
116.0,Train11,巡航フェーズ（駅間走行中）,力行（加速）中,37.0,ブレーキ（減速）,6.0,70.0,70.0,61.83,70.0,675.6,41.0,199.73,0.0,0.0,この先制限速度なし,85m先に上り勾配6.1‰あり,前方594.7m先を27.6km/h,後続列車なし,90.0,51.0,未発車,30.0,46.1,0.0,-0.5
193.69999999999973,Train11,次駅への減速フェーズ（駅手前400m以内）,ブレーキ（減速）中,0.6,力行（加速）,0.1,70.0,0.0,31.09,70.0,49.4,0.0,45.73,15.8,9.2,この先制限速度なし,この先目立った勾配なし,前方49.8m先を0.0km/h,後続列車なし,90.0,0.0,未発車,30.0,70.0,26.7,-0.05
177.0999999999992,Train11,次駅への減速フェーズ（駅手前400m以内）,ブレーキ（減速）中,0.5,力行（加速）,0.1,70.0,0.0,6.05,0.0,0.0,0.9,1.96,0.0,0.0,この先制限速度なし,この先目立った勾配なし,前方0.0m先を0.0km/h,後続列車なし,90.0,0.0,未発車,30.0,0.0,10.1,-0.05
196.49999999999957,Train11,次駅への減速フェーズ（駅手前400m以内）,ブレーキ（減速）中,3.4000000000000017,力行（加速）,0.1,70.0,0.0,22.84,70.0,28.4,0.0,24.76,18.6,9.2,この先制限速度なし,この先目立った勾配なし,前方28.8m先を0.0km/h,後続列車なし,90.0,0.0,未発車,30.0,70.0,29.5,-0.05
174.89999999999927,Train11,次駅への減速フェーズ（駅手前400m以内）,ブレーキ（減速）中,0.4,惰行,0.1,70.0,0.0,8.26,8.3,4.7,3.1,3.25,0.0,9.2,この先制限速度なし,この先目立った勾配なし,前方5.1m先を0.0km/h,後続列車なし,90.0,0.0,未発車,30.0,8.3,7.9,-0.05
193.79999999999973,Train11,次駅への減速フェーズ（駅手前400m以内）,ブレーキ（減速）中,0.7,力行（加速）,0.1,70.0,0.0,30.8,70.0,48.5,0.0,44.87,15.9,9.2,この先制限速度なし,この先目立った勾配なし,前方48.9m先を0.0km/h,後続列車なし,90.0,0.0,未発車,30.0,70.0,26.8,-0.05
158.59999999999957,Train11,次駅への減速フェーズ（駅手前400m以内）,ブレーキ（減速）中,4.000000000000002,力行（加速）,0.1,70.0,0.0,27.19,27.2,10.7,19.4,35.02,0.0,9.2,この先制限速度なし,この先目立った勾配なし,前方11.1m先を0.0km/h,後続列車なし,90.0,8.4,未発車,30.0,5.7,0.0,-0.05
185.29999999999941,Train11,次駅への減速フェーズ（駅手前400m以内）,ブレーキ（減速）中,4.5,力行（加速）,0.1,70.0,34.4,15.7,70.0,9.0,0.0,11.72,5.4,9.2,この先制限速度なし,この先目立った勾配なし,前方106.0m先を32.4km/h,後続列車なし,60.0,0.0,発車済み,60.0,70.0,0.0,-0.05
203.89999999999915,Train11,次駅への減速フェーズ（駅手前400m以内）,ブレーキ（減速）中,0.1,力行（加速）,0.1,70.0,0.0,2.5,70.0,2.8,0.0,0.3,24.0,9.2,この先制限速度なし,この先目立った勾配なし,前方19.9m先を16.3km/h,後続列車なし,90.0,0.0,発車済み,30.0,70.0,0.0,-0.05
159.9999999999995,Train11,次駅への減速フェーズ（駅手前400m以内）,ブレーキ（減速）中,0.1,力行（加速）,0.1,70.0,0.0,24.21,24.2,0.8,18.0,27.81,0.0,9.2,この先制限速度なし,この先目立った勾配なし,前方1.2m先を0.0km/h,後続列車なし,90.0,7.0,未発車,30.0,1.6,0.0,-0.05
174.39999999999935,Train11,次駅への減速フェーズ（駅手前400m以内）,ブレーキ（減速）中,1.2,惰行,0.1,70.0,0.0,11.82,11.8,5.8,3.6,6.66,0.0,9.2,この先制限速度なし,この先目立った勾配なし,前方6.2m先を0.0km/h,後続列車なし,90.0,0.0,未発車,30.0,11.8,7.4,-0.05
150.0,Train11,次駅への減速フェーズ（駅手前400m以内）,力行（加速）中,1.0,惰行,9.0,70.0,64.4,43.36,46.4,249.6,28.0,91.87,0.0,6.1,この先制限速度なし,59m先に上り勾配9.2‰あり,前方250.0m先を0.0km/h,後続列車なし,90.0,17.0,未発車,30.0,38.2,0.0,-0.5
184.09999999999948,Train11,次駅への減速フェーズ（駅手前400m以内）,ブレーキ（減速）中,3.3000000000000016,力行（加速）,0.1,70.0,32.9,19.21,70.0,14.8,0.0,17.54,4.2,9.2,この先制限速度なし,この先目立った勾配なし,前方101.2m先を31.2km/h,後続列車なし,60.0,0.0,発車済み,60.0,70.0,0.0,-0.05
169.29999999999959,Train11,次駅への減速フェーズ（駅手前400m以内）,ブレーキ（減速）中,5.699999999999996,惰行,0.2,70.0,0.0,23.19,23.2,29.7,8.7,25.52,0.0,9.2,この先制限速度なし,この先目立った勾配なし,前方30.1m先を0.0km/h,後続列車なし,90.0,0.0,未発車,30.0,23.2,2.3,-0.05
163.8999999999999,Train11,次駅への減速フェーズ（駅手前400m以内）,ブレーキ（減速）中,0.30000000000000004,惰行,0.2,70.0,23.8,39.15,39.1,76.4,14.1,72.25,0.0,9.2,この先制限速度なし,この先目立った勾配なし,前方76.8m先を0.0km/h,後続列車なし,90.0,3.1,未発車,30.0,21.2,0.0,-0.05
165.09999999999988,Train11,次駅への減速フェーズ（駅手前400m以内）,ブレーキ（減速）中,2.2000000000000006,力行（加速）,1.0,70.0,20.5,37.8,70.0,69.6,12.9,67.39,0.0,9.2,この先制限速度なし,この先目立った勾配なし,前方70.0m先を0.0km/h,後続列車なし,90.0,1.9,未発車,30.0,20.4,0.0,-0.05
158.79999999999956,Train11,次駅への減速フェーズ（駅手前400m以内）,ブレーキ（減速）中,4.200000000000001,力行（加速）,0.1,70.0,0.0,26.6,26.6,9.2,19.2,33.53,0.0,9.2,この先制限速度なし,この先目立った勾配なし,前方9.6m先を0.0km/h,後続列車なし,90.0,8.2,未発車,30.0,5.3,0.0,-0.05
93.0,Train11,巡航フェーズ（駅間走行中）,力行（加速）中,27.0,ブレーキ（減速）,5.0,70.0,70.0,63.55,70.0,1128.5,38.0,210.78,0.0,0.0,この先制限速度なし,138m先に上り勾配12.5‰あり,前方781.9m先を55.5km/h,後続列車なし,90.0,74.0,未発車,30.0,58.0,0.0,-0.5
112.0,Train11,巡航フェーズ（駅間走行中）,力行（加速）中,17.0,ブレーキ（減速）,3.0,70.0,70.0,53.7,70.0,729.7,41.0,151.51,0.0,0.0,この先制限速度なし,139m先に上り勾配6.1‰あり,前方615.2m先を32.8km/h,後続列車なし,90.0,55.0,未発車,30.0,46.6,0.0,-0.5
162.1,Train11,次駅への減速フェーズ（駅手前400m以内）,ブレーキ（減速）中,0.1,惰行,6.1,70.0,31.7,44.01,44.0,97.1,15.9,91.09,0.0,9.2,この先制限速度なし,この先目立った勾配なし,前方97.5m先を0.0km/h,後続列車なし,90.0,4.9,未発車,30.0,24.4,0.0,-0.05
164.09999999999994,Train11,次駅への減速フェーズ（駅手前400m以内）,ブレーキ（減速）中,1.2,力行（加速）,1.0,70.0,25.5,40.77,70.0,80.5,13.9,78.31,0.0,9.2,この先制限速度なし,この先目立った勾配なし,前方80.9m先を0.0km/h,後続列車なし,90.0,2.9,未発車,30.0,22.9,0.0,-0.05
163.69999999999996,Train11,次駅への減速フェーズ（駅手前400m以内）,ブレーキ（減速）中,0.7999999999999999,力行（加速）,1.0,70.0,27.4,41.96,70.0,85.1,14.3,82.9,0.0,9.2,この先制限速度なし,この先目立った勾配なし,前方85.5m先を0.0km/h,後続列車なし,90.0,3.3,未発車,30.0,23.2,0.0,-0.05
152.0,Train11,次駅への減速フェーズ（駅手前400m以内）,力行（加速）中,3.0,惰行,9.0,70.0,60.3,44.66,44.7,225.2,26.0,97.39,0.0,6.1,この先制限速度なし,35m先に上り勾配9.2‰あり,前方225.6m先を0.0km/h,後続列車なし,90.0,15.0,未発車,30.0,36.6,0.0,-0.5
205.19999999999936,Train11,次駅への減速フェーズ（駅手前400m以内）,ブレーキ（減速）中,6.499999999999993,力行（加速）,0.1,70.0,70.0,15.68,0.0,0.0,0.0,13.16,25.3,0.0,この先制限速度なし,この先目立った勾配なし,前方312.1m先を45.1km/h,後続列車なし,60.0,0.0,発車済み,60.0,0.0,0.0,-0.05
148.0,Train11,次駅への減速フェーズ（駅手前400m以内）,ブレーキ（減速）中,1.0,惰行,24.0,70.0,42.1,54.7,54.7,133.0,30.0,139.93,0.0,9.2,この先制限速度なし,この先目立った勾配なし,前方133.4m先を0.0km/h,後続列車なし,90.0,19.0,未発車,30.0,21.7,0.0,-0.5
144.0,Train11,次駅への減速フェーズ（駅手前400m以内）,惰行中,21.0,力行（加速）,44.0,70.0,54.7,56.75,56.8,194.9,34.0,156.17,0.0,6.1,この先制限速度なし,4m先に上り勾配9.2‰あり,前方195.3m先を0.0km/h,後続列車なし,90.0,23.0,未発車,30.0,25.7,0.0,-0.5
170.5999999999995,Train11,次駅への減速フェーズ（駅手前400m以内）,ブレーキ（減速）中,0.4,惰行,0.1,70.0,0.0,20.58,20.6,21.8,7.4,20.13,0.0,9.2,この先制限速度なし,この先目立った勾配なし,前方22.2m先を0.0km/h,後続列車なし,90.0,0.0,未発車,30.0,20.6,3.6,-0.05
188.39999999999924,Train11,次駅への減速フェーズ（駅手前400m以内）,ブレーキ（減速）中,7.599999999999989,力行（加速）,0.1,70.0,40.1,6.65,0.0,0.0,0.0,2.37,8.5,0.0,この先制限速度なし,この先目立った勾配なし,前方125.6m先を35.4km/h,後続列車なし,60.0,0.0,発車済み,60.0,0.0,0.0,-0.05
49.0,Train11,巡航フェーズ（駅間走行中）,ブレーキ（減速）中,4.0,力行（加速）,4.0,70.0,70.0,49.77,70.0,1644.1,30.0,143.3,0.0,-6.7,この先制限速度なし,この先目立った勾配なし,前方543.9m先を63.4km/h,後続列車なし,90.0,118.0,未発車,30.0,43.6,0.0,-0.5
197.8999999999995,Train11,次駅への減速フェーズ（駅手前400m以内）,力行（加速）中,0.1,ブレーキ（減速）,4.699999999999999,70.0,0.0,18.73,70.0,20.4,0.0,16.68,20.0,9.2,この先制限速度なし,この先目立った勾配なし,前方21.1m先を2.5km/h,後続列車なし,90.0,0.0,未発車,30.0,70.0,30.9,-0.05
136.0,Train11,次駅への減速フェーズ（駅手前400m以内）,惰行中,13.0,力行（加速）,44.0,70.0,70.0,60.12,60.1,324.8,42.0,174.87,0.0,6.1,この先制限速度なし,134m先に上り勾配9.2‰あり,前方324.8m先を1.8km/h,後続列車なし,90.0,31.0,未発車,30.0,34.4,0.0,-0.5
155.49999999999974,Train11,次駅への減速フェーズ（駅手前400m以内）,ブレーキ（減速）中,0.8999999999999999,力行（加速）,0.1,70.0,0.0,36.35,36.4,38.0,22.5,62.37,0.0,9.2,この先制限速度なし,この先目立った勾配なし,前方38.4m先を0.0km/h,後続列車なし,90.0,11.5,未発車,30.0,10.7,0.0,-0.05
148.0,Train11,次駅への減速フェーズ（駅手前400m以内）,惰行中,8.0,力行（加速）,12.0,70.0,68.3,44.12,44.8,273.9,30.0,95.05,0.0,6.1,この先制限速度なし,83m先に上り勾配9.2‰あり,前方274.3m先を0.0km/h,後続列車なし,90.0,19.0,未発車,30.0,38.8,0.0,-0.5
153.19999999999987,Train11,次駅への減速フェーズ（駅手前400m以内）,ブレーキ（減速）中,1.3,力行（加速）,0.1,70.0,16.9,42.21,42.2,63.2,24.8,83.87,0.0,9.2,この先制限速度なし,この先目立った勾配なし,前方63.5m先を0.0km/h,後続列車なし,90.0,13.8,未発車,30.0,14.0,0.0,-0.05
77.0,Train11,巡航フェーズ（駅間走行中）,ブレーキ（減速）中,2.0,力行（加速）,31.0,70.0,70.0,61.37,70.0,1227.9,34.0,196.84,0.0,0.0,この先制限速度なし,237m先に上り勾配12.5‰あり,前方616.6m先を62.1km/h,後続列車なし,90.0,90.0,未発車,30.0,53.3,0.0,-0.5
147.0,Train11,次駅への減速フェーズ（駅手前400m以内）,惰行中,24.0,力行（加速）,44.0,70.0,45.8,55.22,55.2,148.3,31.0,142.55,0.0,9.2,この先制限速度なし,この先目立った勾配なし,前方148.6m先を0.0km/h,後続列車なし,90.0,20.0,未発車,30.0,23.2,0.0,-0.5
181.59999999999962,Train11,次駅への減速フェーズ（駅手前400m以内）,ブレーキ（減速）中,0.7999999999999999,力行（加速）,0.1,70.0,31.3,26.56,70.0,30.7,0.0,33.44,1.7,9.2,この先制限速度なし,この先目立った勾配なし,前方96.4m先を28.3km/h,後続列車なし,60.0,0.0,発車済み,60.0,70.0,0.0,-0.05
160.79999999999944,Train11,次駅への減速フェーズ（駅手前400m以内）,ブレーキ（減速）中,0.8999999999999999,力行（加速）,0.1,70.0,0.0,21.86,0.0,0.0,17.2,25.52,0.0,0.0,この先制限速度なし,この先目立った勾配なし,前方0.0m先を0.0km/h,後続列車なし,90.0,6.2,未発車,30.0,0.0,0.0,-0.05
167.99999999999966,Train11,次駅への減速フェーズ（駅手前400m以内）,ブレーキ（減速）中,4.4,惰行,0.2,70.0,0.0,27.01,27.0,38.7,10.0,34.58,0.0,9.2,この先制限速度なし,この先目立った勾配なし,前方39.1m先を0.0km/h,後続列車なし,90.0,0.0,未発車,30.0,27.0,1.0,-0.05
192.4999999999998,Train11,次駅への減速フェーズ（駅手前400m以内）,ブレーキ（減速）中,0.7999999999999999,惰行,2.0000000000000004,70.0,15.0,34.24,70.0,60.3,0.0,55.37,14.6,9.2,この先制限速度なし,この先目立った勾配なし,前方60.7m先を0.0km/h,後続列車なし,90.0,0.0,未発車,30.0,70.0,25.5,-0.05
155.19999999999976,Train11,次駅への減速フェーズ（駅手前400m以内）,ブレーキ（減速）中,0.6,力行（加速）,0.1,70.0,0.0,37.24,37.2,41.1,22.8,65.44,0.0,9.2,この先制限速度なし,この先目立った勾配なし,前方41.5m先を0.0km/h,後続列車なし,90.0,11.8,未発車,30.0,11.1,0.0,-0.05
177.49999999999986,Train11,次駅への減速フェーズ（駅手前400m以内）,ブレーキ（減速）中,0.30000000000000004,惰行,0.1,70.0,33.7,36.95,70.0,66.8,2.5,64.42,0.0,9.2,この先制限速度なし,この先目立った勾配なし,前方103.5m先を22.5km/h,後続列車なし,60.0,0.0,発車済み,60.0,70.0,0.0,-0.05
173.5999999999994,Train11,次駅への減速フェーズ（駅手前400m以内）,ブレーキ（減速）中,0.4,惰行,0.1,70.0,0.0,14.16,14.2,8.7,4.4,9.54,0.0,9.2,この先制限速度なし,この先目立った勾配なし,前方9.1m先を0.0km/h,後続列車なし,90.0,0.0,未発車,30.0,14.2,6.6,-0.05
198.39999999999947,Train11,次駅への減速フェーズ（駅手前400m以内）,ブレーキ（減速）中,0.5,力行（加速）,0.1,70.0,0.0,17.74,70.0,17.8,0.0,14.97,20.5,9.2,この先制限速度なし,この先目立った勾配なし,前方19.0m先を3.8km/h,後続列車なし,90.0,0.0,発車済み,30.0,70.0,0.0,-0.05
165.89999999999978,Train11,次駅への減速フェーズ（駅手前400m以内）,ブレーキ（減速）中,2.3000000000000007,惰行,0.2,70.0,11.9,33.21,33.2,56.3,12.1,52.15,0.0,9.2,この先制限速度なし,この先目立った勾配なし,前方56.7m先を0.0km/h,後続列車なし,90.0,1.1,未発車,30.0,17.0,0.0,-0.05
168.19999999999965,Train11,次駅への減速フェーズ（駅手前400m以内）,ブレーキ（減速）中,4.6,惰行,0.2,70.0,0.0,26.43,26.4,37.3,9.8,33.1,0.0,9.2,この先制限速度なし,この先目立った勾配なし,前方37.6m先を0.0km/h,後続列車なし,90.0,0.0,未発車,30.0,26.4,1.2,-0.05
196.99999999999955,Train11,次駅への減速フェーズ（駅手前400m以内）,ブレーキ（減速）中,3.900000000000002,力行（加速）,0.1,70.0,0.0,21.37,70.0,25.4,0.0,21.69,19.1,9.2,この先制限速度なし,この先目立った勾配なし,前方25.8m先を0.0km/h,後続列車なし,90.0,0.0,未発車,30.0,70.0,30.0,-0.05
202.09999999999926,Train11,次駅への減速フェーズ（駅手前400m以内）,ブレーキ（減速）中,1.5000000000000002,惰行,0.1,70.0,0.0,7.18,70.0,5.0,0.0,2.46,22.2,9.2,この先制限速度なし,この先目立った勾配なし,前方14.9m先を12.7km/h,後続列車なし,90.0,0.0,発車済み,30.0,70.0,0.0,-0.05
204.29999999999913,Train11,次駅への減速フェーズ（駅手前400m以内）,ブレーキ（減速）中,0.5,力行（加速）,0.1,70.0,0.0,1.34,70.0,2.6,0.0,0.09,24.4,9.2,この先制限速度なし,この先目立った勾配なし,前方21.6m先を17.1km/h,後続列車なし,90.0,0.0,発車済み,30.0,70.0,0.0,-0.05
113.0,Train11,巡航フェーズ（駅間走行中）,力行（加速）中,34.0,ブレーキ（減速）,6.0,70.0,70.0,60.11,70.0,726.4,41.0,189.01,0.0,0.0,この先制限速度なし,136m先に上り勾配6.1‰あり,前方620.9m先を31.5km/h,後続列車なし,90.0,54.0,未発車,30.0,47.4,0.0,-0.5
164.89999999999984,Train11,次駅への減速フェーズ（駅手前400m以内）,ブレーキ（減速）中,1.3,惰行,0.2,70.0,18.5,36.18,36.2,65.9,13.1,61.78,0.0,9.2,この先制限速度なし,この先目立った勾配なし,前方66.3m先を0.0km/h,後続列車なし,90.0,2.1,未発車,30.0,19.4,0.0,-0.05
194.99999999999966,Train11,次駅への減速フェーズ（駅手前400m以内）,ブレーキ（減速）中,1.9000000000000006,力行（加速）,0.1,70.0,0.0,27.25,70.0,38.9,0.0,35.2,17.1,9.2,この先制限速度なし,この先目立った勾配なし,前方39.3m先を0.0km/h,後続列車なし,90.0,0.0,未発車,30.0,70.0,28.0,-0.05
184.69999999999945,Train11,次駅への減速フェーズ（駅手前400m以内）,ブレーキ（減速）中,3.900000000000002,力行（加速）,0.1,70.0,33.6,17.46,70.0,11.8,0.0,14.49,4.8,9.2,この先制限速度なし,この先目立った勾配なし,前方103.4m先を31.8km/h,後続列車なし,60.0,0.0,発車済み,60.0,70.0,0.0,-0.05
172.3999999999994,Train11,次駅への減速フェーズ（駅手前400m以内）,ブレーキ（減速）中,2.2000000000000006,惰行,0.1,70.0,0.0,15.31,70.0,12.8,5.6,11.15,0.0,9.2,この先制限速度なし,この先目立った勾配なし,前方13.2m先を0.0km/h,後続列車なし,90.0,0.0,未発車,30.0,70.0,5.4,-0.05
177.69999999999985,Train11,次駅への減速フェーズ（駅手前400m以内）,ブレーキ（減速）中,0.5,惰行,0.1,70.0,33.4,36.36,70.0,64.8,2.3,62.39,0.0,9.2,この先制限速度なし,この先目立った勾配なし,前方102.7m先を22.8km/h,後続列車なし,60.0,0.0,発車済み,60.0,70.0,0.0,-0.05
163.49999999999991,Train11,次駅への減速フェーズ（駅手前400m以内）,惰行中,0.1,ブレーキ（減速）,1.4000000000000001,70.0,25.7,39.84,39.8,80.8,14.5,74.79,0.0,9.2,この先制限速度なし,この先目立った勾配なし,前方81.2m先を0.0km/h,後続列車なし,90.0,3.5,未発車,30.0,21.7,0.0,-0.05
170.69999999999956,Train11,次駅への減速フェーズ（駅手前400m以内）,ブレーキ（減速）中,0.5,惰行,0.1,70.0,0.0,21.91,21.9,23.2,7.3,22.79,0.0,9.2,この先制限速度なし,この先目立った勾配なし,前方23.6m先を0.0km/h,後続列車なし,90.0,0.0,未発車,30.0,21.9,3.7,-0.05
182.69999999999956,Train11,次駅への減速フェーズ（駅手前400m以内）,ブレーキ（減速）中,1.9000000000000006,力行（加速）,0.1,70.0,31.8,23.32,70.0,23.1,0.0,25.81,2.8,9.2,この先制限速度なし,この先目立った勾配なし,前方97.7m先を29.6km/h,後続列車なし,60.0,0.0,発車済み,60.0,70.0,0.0,-0.05
135.0,Train11,巡航フェーズ（駅間走行中）,力行（加速）中,5.0,惰行,6.0,70.0,70.0,57.74,57.7,460.1,42.0,161.58,0.0,6.1,この先制限速度なし,270m先に上り勾配9.2‰あり,前方459.5m先を3.0km/h,後続列車なし,90.0,32.0,未発車,30.0,48.3,0.0,-0.5
141.0,Train11,次駅への減速フェーズ（駅手前400m以内）,ブレーキ（減速）中,4.0,惰行,1.0,70.0,70.0,49.42,49.7,366.8,37.0,118.94,0.0,6.1,この先制限速度なし,176m先に上り勾配9.2‰あり,前方367.2m先を0.0km/h,後続列車なし,90.0,26.0,未発車,30.0,43.8,0.0,-0.5
176.49999999999918,Train11,次駅への減速フェーズ（駅手前400m以内）,ブレーキ（減速）中,2.0000000000000004,惰行,0.1,70.0,0.0,3.59,70.0,2.1,1.5,0.62,0.0,9.2,この先制限速度なし,この先目立った勾配なし,前方2.5m先を0.0km/h,後続列車なし,90.0,0.0,未発車,30.0,70.0,9.5,-0.05
173.69999999999933,Train11,次駅への減速フェーズ（駅手前400m以内）,ブレーキ（減速）中,3.5000000000000018,惰行,0.1,70.0,0.0,11.51,11.5,8.0,4.3,6.31,0.0,9.2,この先制限速度なし,この先目立った勾配なし,前方8.4m先を0.0km/h,後続列車なし,90.0,0.0,未発車,30.0,11.5,6.7,-0.05
122.0,Train11,巡航フェーズ（駅間走行中）,力行（加速）中,43.0,ブレーキ（減速）,6.0,70.0,70.0,64.77,70.0,569.9,41.0,202.36,0.0,6.1,この先制限速度なし,379m先に上り勾配9.2‰あり,前方528.3m先を19.7km/h,後続列車なし,90.0,45.0,未発車,30.0,47.5,0.0,-0.5
166.89999999999978,Train11,次駅への減速フェーズ（駅手前400m以内）,ブレーキ（減速）中,0.7,力行（加速）,0.1,70.0,7.0,32.86,32.9,52.0,11.1,51.04,0.0,9.2,この先制限速度なし,この先目立った勾配なし,前方52.3m先を0.0km/h,後続列車なし,90.0,0.1,未発車,30.0,17.1,0.0,-0.05
176.39999999999918,Train11,次駅への減速フェーズ（駅手前400m以内）,ブレーキ（減速）中,1.9000000000000006,惰行,0.1,70.0,0.0,3.89,70.0,2.2,1.6,0.72,0.0,9.2,この先制限速度なし,この先目立った勾配なし,前方2.6m先を0.0km/h,後続列車なし,90.0,0.0,未発車,30.0,70.0,9.4,-0.05
120.0,Train11,巡航フェーズ（駅間走行中）,ブレーキ（減速）中,4.0,力行（加速）,21.0,70.0,70.0,48.99,70.0,608.6,41.0,126.45,0.0,0.0,この先制限速度なし,18m先に上り勾配6.1‰あり,前方555.3m先を22.3km/h,後続列車なし,90.0,47.0,未発車,30.0,43.8,0.0,-0.5
111.0,Train11,巡航フェーズ（駅間走行中）,力行（加速）中,16.0,ブレーキ（減速）,3.0,70.0,70.0,53.0,70.0,744.5,41.0,147.63,0.0,0.0,この先制限速度なし,154m先に上り勾配6.1‰あり,前方620.7m先を34.1km/h,後続列車なし,90.0,56.0,未発車,30.0,46.8,0.0,-0.5
133.0,Train11,巡航フェーズ（駅間走行中）,力行（加速）中,3.0,惰行,6.0,70.0,70.0,56.9,58.3,492.0,42.0,156.98,0.0,6.1,この先制限速度なし,301m先に上り勾配9.2‰あり,前方489.0m先を5.6km/h,後続列車なし,90.0,34.0,未発車,30.0,48.9,0.0,-0.5
48.0,Train11,巡航フェーズ（駅間走行中）,ブレーキ（減速）中,3.0,力行（加速）,4.0,70.0,70.0,52.22,70.0,1658.3,30.0,157.46,0.0,-6.7,この先制限速度なし,この先目立った勾配なし,前方540.5m先を62.9km/h,後続列車なし,90.0,119.0,未発車,30.0,44.1,0.0,-0.5
200.59999999999934,Train11,次駅への減速フェーズ（駅手前400m以内）,惰行中,0.1,ブレーキ（減速）,2.600000000000001,70.0,0.0,11.31,70.0,8.9,0.0,6.09,22.7,9.2,この先制限速度なし,この先目立った勾配なし,前方14.2m先を9.3km/h,後続列車なし,90.0,0.0,発車済み,30.0,70.0,0.0,-0.05
166.2999999999998,Train11,次駅への減速フェーズ（駅手前400m以内）,ブレーキ（減速）中,0.1,力行（加速）,0.1,70.0,12.9,34.63,34.6,57.6,11.7,56.66,0.0,9.2,この先制限速度なし,この先目立った勾配なし,前方58.0m先を0.0km/h,後続列車なし,90.0,0.7,未発車,30.0,18.5,0.0,-0.05
161.0,Train11,次駅への減速フェーズ（駅手前400m以内）,惰行中,8.0,力行（加速）,10.0,70.0,38.0,43.99,44.9,117.8,17.0,91.03,0.0,9.2,この先制限速度なし,この先目立った勾配なし,前方118.1m先を0.0km/h,後続列車なし,90.0,6.0,未発車,30.0,27.9,0.0,-0.5
155.0,Train11,次駅への減速フェーズ（駅手前400m以内）,惰行中,2.0,力行（加速）,10.0,70.0,54.5,46.9,49.9,193.5,23.0,107.28,0.0,6.1,この先制限速度なし,3m先に上り勾配9.2‰あり,前方193.9m先を0.0km/h,後続列車なし,90.0,12.0,未発車,30.0,35.7,0.0,-0.5
164.99999999999983,Train11,次駅への減速フェーズ（駅手前400m以内）,ブレーキ（減速）中,1.4000000000000001,惰行,0.2,70.0,18.0,35.88,35.9,64.9,13.0,60.78,0.0,9.2,この先制限速度なし,この先目立った勾配なし,前方65.3m先を0.0km/h,後続列車なし,90.0,2.0,未発車,30.0,19.0,0.0,-0.05
174.29999999999936,Train11,次駅への減速フェーズ（駅手前400m以内）,ブレーキ（減速）中,1.0999999999999999,惰行,0.1,70.0,0.0,12.11,12.1,6.2,3.7,6.99,0.0,9.2,この先制限速度なし,この先目立った勾配なし,前方6.5m先を0.0km/h,後続列車なし,90.0,0.0,未発車,30.0,12.1,7.3,-0.05
181.49999999999963,Train11,次駅への減速フェーズ（駅手前400m以内）,ブレーキ（減速）中,0.7,力行（加速）,0.1,70.0,31.3,26.86,70.0,31.4,0.0,34.18,1.6,9.2,この先制限速度なし,この先目立った勾配なし,前方96.4m先を28.1km/h,後続列車なし,60.0,0.0,発車済み,60.0,70.0,0.0,-0.05
158.1999999999996,Train11,次駅への減速フェーズ（駅手前400m以内）,ブレーキ（減速）中,3.600000000000002,力行（加速）,0.1,70.0,0.0,28.37,28.4,13.8,19.8,38.11,0.0,9.2,この先制限速度なし,この先目立った勾配なし,前方14.2m先を0.0km/h,後続列車なし,90.0,8.8,未発車,30.0,6.4,0.0,-0.05
168.69999999999962,Train11,次駅への減速フェーズ（駅手前400m以内）,ブレーキ（減速）中,5.099999999999998,惰行,0.2,70.0,0.0,24.95,25.0,33.7,9.3,29.53,0.0,9.2,この先制限速度なし,この先目立った勾配なし,前方34.1m先を0.0km/h,後続列車なし,90.0,0.0,未発車,30.0,25.0,1.7,-0.05
188.8999999999992,Train11,次駅への減速フェーズ（駅手前400m以内）,ブレーキ（減速）中,8.099999999999987,力行（加速）,0.1,70.0,41.2,5.19,0.0,0.0,0.0,1.45,9.0,0.0,この先制限速度なし,この先目立った勾配なし,前方129.7m先を35.8km/h,後続列車なし,60.0,0.0,発車済み,60.0,0.0,0.0,-0.05
198.59999999999945,Train11,次駅への減速フェーズ（駅手前400m以内）,ブレーキ（減速）中,0.7,力行（加速）,0.1,70.0,0.0,17.16,70.0,16.8,0.0,14.0,20.7,9.2,この先制限速度なし,この先目立った勾配なし,前方18.3m先を4.4km/h,後続列車なし,90.0,0.0,発車済み,30.0,70.0,0.0,-0.05
175.69999999999996,Train11,次駅への減速フェーズ（駅手前400m以内）,力行（加速）中,14.799999999999997,ブレーキ（減速）,6.0,70.0,36.3,38.06,70.0,85.9,4.3,68.31,0.0,9.2,この先制限速度なし,この先目立った勾配なし,前方112.1m先を19.6km/h,後続列車なし,60.0,0.0,発車済み,60.0,70.0,0.0,-0.05
189.99999999999994,Train11,次駅への減速フェーズ（駅手前400m以内）,惰行中,0.30000000000000004,力行（加速）,0.7999999999999999,70.0,27.5,37.15,70.0,85.5,0.0,65.13,12.1,9.2,この先制限速度なし,この先目立った勾配なし,前方85.9m先を0.0km/h,後続列車なし,90.0,0.0,未発車,30.0,70.0,23.0,-0.05
155.39999999999975,Train11,次駅への減速フェーズ（駅手前400m以内）,ブレーキ（減速）中,0.7999999999999999,力行（加速）,0.1,70.0,0.0,36.65,36.6,39.0,22.6,63.39,0.0,9.2,この先制限速度なし,この先目立った勾配なし,前方39.4m先を0.0km/h,後続列車なし,90.0,11.6,未発車,30.0,10.9,0.0,-0.05
191.29999999999987,Train11,次駅への減速フェーズ（駅手前400m以内）,惰行中,1.6000000000000003,力行（加速）,0.7999999999999999,70.0,21.8,36.54,70.0,72.2,0.0,63.03,13.4,9.2,この先制限速度なし,この先目立った勾配なし,前方72.6m先を0.0km/h,後続列車なし,90.0,0.0,未発車,30.0,70.0,24.3,-0.05
180.1999999999997,Train11,次駅への減速フェーズ（駅手前400m以内）,ブレーキ（減速）中,0.4,力行（加速）,0.1,70.0,31.5,30.01,70.0,41.7,0.0,42.64,0.3,9.2,この先制限速度なし,この先目立った勾配なし,前方96.8m先を26.4km/h,後続列車なし,60.0,0.0,発車済み,60.0,70.0,0.0,-0.05
167.89999999999966,Train11,次駅への減速フェーズ（駅手前400m以内）,ブレーキ（減速）中,4.300000000000001,惰行,0.2,70.0,0.0,27.31,27.3,39.5,10.1,35.33,0.0,9.2,この先制限速度なし,この先目立った勾配なし,前方39.9m先を0.0km/h,後続列車なし,90.0,0.0,未発車,30.0,27.3,0.9,-0.05
174.0999999999993,Train11,次駅への減速フェーズ（駅手前400m以内）,ブレーキ（減速）中,3.900000000000002,惰行,0.1,70.0,0.0,10.34,10.9,6.8,3.9,5.1,0.0,9.2,この先制限速度なし,この先目立った勾配なし,前方7.2m先を0.0km/h,後続列車なし,90.0,0.0,未発車,30.0,10.9,7.1,-0.05
197.49999999999952,Train11,次駅への減速フェーズ（駅手前400m以内）,ブレーキ（減速）中,4.4,力行（加速）,0.1,70.0,0.0,19.91,70.0,22.5,0.0,18.82,19.6,9.2,この先制限速度なし,この先目立った勾配なし,前方23.1m先を1.4km/h,後続列車なし,90.0,0.0,未発車,30.0,70.0,30.5,-0.05
154.19999999999982,Train11,次駅への減速フェーズ（駅手前400m以内）,ブレーキ（減速）中,0.7999999999999999,力行（加速）,0.1,70.0,6.7,39.59,39.6,51.8,23.8,73.87,0.0,9.2,この先制限速度なし,この先目立った勾配なし,前方52.2m先を0.0km/h,後続列車なし,90.0,12.8,未発車,30.0,12.6,0.0,-0.05
157.0,Train11,次駅への減速フェーズ（駅手前400m以内）,惰行中,2.0,力行（加速）,6.0,70.0,48.8,46.51,46.5,161.2,21.0,101.59,0.0,9.2,この先制限速度なし,この先目立った勾配なし,前方161.6m先を0.0km/h,後続列車なし,90.0,10.0,未発車,30.0,32.6,0.0,-0.5
166.79999999999978,Train11,次駅への減速フェーズ（駅手前400m以内）,ブレーキ（減速）中,0.6,力行（加速）,0.1,70.0,8.3,33.15,33.2,52.9,11.2,51.95,0.0,9.2,この先制限速度なし,この先目立った勾配なし,前方53.3m先を0.0km/h,後続列車なし,90.0,0.2,未発車,30.0,17.7,0.0,-0.05
177.49999999999912,Train11,次駅への減速フェーズ（駅手前400m以内）,ブレーキ（減速）中,3.0000000000000013,惰行,0.1,70.0,0.0,0.68,70.0,1.5,0.5,0.02,0.0,9.2,この先制限速度なし,この先目立った勾配なし,前方1.9m先を0.0km/h,後続列車なし,90.0,0.0,未発車,30.0,70.0,10.5,-0.5
153.39999999999986,Train11,次駅への減速フェーズ（駅手前400m以内）,力行（加速）中,0.1,ブレーキ（減速）,1.4000000000000001,70.0,15.4,41.61,41.6,60.8,24.6,81.54,0.0,9.2,この先制限速度なし,この先目立った勾配なし,前方61.2m先を0.0km/h,後続列車なし,90.0,13.6,未発車,30.0,13.7,0.0,-0.05
172.09999999999948,Train11,次駅への減速フェーズ（駅手前400m以内）,ブレーキ（減速）中,0.5,惰行,0.1,70.0,0.0,18.05,70.0,15.4,5.9,15.49,0.0,9.2,この先制限速度なし,この先目立った勾配なし,前方15.8m先を0.0km/h,後続列車なし,90.0,0.0,未発車,30.0,70.0,5.1,-0.05
159.0,Train11,次駅への減速フェーズ（駅手前400m以内）,惰行中,4.0,力行（加速）,6.0,70.0,42.8,45.52,45.5,135.6,19.0,97.39,0.0,9.2,この先制限速度なし,この先目立った勾配なし,前方136.0m先を0.0km/h,後続列車なし,90.0,8.0,未発車,30.0,29.5,0.0,-0.5
164.6999999999999,Train11,次駅への減速フェーズ（駅手前400m以内）,ブレーキ（減速）中,1.8000000000000005,力行（加速）,1.0,70.0,22.6,38.99,70.0,73.9,13.3,71.66,0.0,9.2,この先制限速度なし,この先目立った勾配なし,前方74.2m先を0.0km/h,後続列車なし,90.0,2.3,未発車,30.0,20.9,0.0,-0.05
78.0,Train11,巡航フェーズ（駅間走行中）,ブレーキ（減速）中,3.0,力行（加速）,31.0,70.0,70.0,58.66,70.0,1211.2,34.0,180.17,0.0,0.0,この先制限速度なし,221m先に上り勾配12.5‰あり,前方617.2m先を61.9km/h,後続列車なし,90.0,89.0,未発車,30.0,53.4,0.0,-0.5
186.89999999999932,Train11,次駅への減速フェーズ（駅手前400m以内）,ブレーキ（減速）中,6.099999999999994,力行（加速）,0.1,70.0,37.1,11.02,70.0,3.1,0.0,5.79,7.0,9.2,この先制限速度なし,この先目立った勾配なし,前方114.8m先を34.0km/h,後続列車なし,60.0,0.0,発車済み,60.0,70.0,0.0,-0.05
177.09999999999988,Train11,次駅への減速フェーズ（駅手前400m以内）,ブレーキ（減速）中,0.30000000000000004,惰行,0.1,70.0,34.2,37.89,70.0,71.0,2.9,67.71,0.0,9.2,この先制限速度なし,この先目立った勾配なし,前方105.2m先を21.9km/h,後続列車なし,60.0,0.0,発車済み,60.0,70.0,0.0,-0.05
155.89999999999972,Train11,次駅への減速フェーズ（駅手前400m以内）,ブレーキ（減速）中,1.3,力行（加速）,0.1,70.0,0.0,35.16,35.2,34.1,22.1,58.4,0.0,9.2,この先制限速度なし,この先目立った勾配なし,前方34.4m先を0.0km/h,後続列車なし,90.0,11.1,未発車,30.0,10.1,0.0,-0.05
168.39999999999964,Train11,次駅への減速フェーズ（駅手前400m以内）,ブレーキ（減速）中,4.799999999999999,惰行,0.2,70.0,0.0,25.84,25.8,35.8,9.6,31.64,0.0,9.2,この先制限速度なし,この先目立った勾配なし,前方36.2m先を0.0km/h,後続列車なし,90.0,0.0,未発車,30.0,25.8,1.4,-0.05
162.79999999999995,Train11,次駅への減速フェーズ（駅手前400m以内）,ブレーキ（減速）中,0.7999999999999999,惰行,6.1,70.0,28.8,41.92,41.9,88.7,15.2,82.74,0.0,9.2,この先制限速度なし,この先目立った勾配なし,前方89.1m先を0.0km/h,後続列車なし,90.0,4.2,未発車,30.0,22.5,0.0,-0.05
177.29999999999987,Train11,次駅への減速フェーズ（駅手前400m以内）,ブレーキ（減速）中,0.1,惰行,0.1,70.0,33.9,37.54,70.0,68.9,2.7,66.49,0.0,9.2,この先制限速度なし,この先目立った勾配なし,前方104.3m先を22.2km/h,後続列車なし,60.0,0.0,発車済み,60.0,70.0,0.0,-0.05
202.79999999999922,Train11,次駅への減速フェーズ（駅手前400m以内）,ブレーキ（減速）中,2.2000000000000006,惰行,0.1,70.0,0.0,5.14,70.0,3.9,0.0,1.26,22.9,9.2,この先制限速度なし,この先目立った勾配なし,前方16.3m先を14.2km/h,後続列車なし,90.0,0.0,発車済み,30.0,70.0,0.0,-0.05
165.39999999999986,Train11,次駅への減速フェーズ（駅手前400m以内）,ブレーキ（減速）中,2.500000000000001,力行（加速）,1.0,70.0,18.8,36.91,36.9,66.5,12.6,64.28,0.0,9.2,この先制限速度なし,この先目立った勾配なし,前方66.9m先を0.0km/h,後続列車なし,90.0,1.6,未発車,30.0,20.1,0.0,-0.05
203.0999999999992,Train11,次駅への減速フェーズ（駅手前400m以内）,ブレーキ（減速）中,2.500000000000001,惰行,0.1,70.0,0.0,4.27,70.0,3.5,0.0,0.87,23.2,9.2,この先制限速度なし,この先目立った勾配なし,前方17.1m先を14.8km/h,後続列車なし,90.0,0.0,発車済み,30.0,70.0,0.0,-0.05
184.79999999999944,Train11,次駅への減速フェーズ（駅手前400m以内）,ブレーキ（減速）中,4.000000000000002,力行（加速）,0.1,70.0,33.8,17.16,70.0,11.3,0.0,14.01,4.9,9.2,この先制限速度なし,この先目立った勾配なし,前方103.8m先を31.9km/h,後続列車なし,60.0,0.0,発車済み,60.0,70.0,0.0,-0.05
163.0,Train11,次駅への減速フェーズ（駅手前400m以内）,ブレーキ（減速）中,0.1,力行（加速）,1.0,70.0,30.4,44.05,70.0,93.5,15.0,91.27,0.0,9.2,この先制限速度なし,この先目立った勾配なし,前方93.8m先を0.0km/h,後続列車なし,90.0,4.0,未発車,30.0,24.8,0.0,-0.05
172.09999999999943,Train11,次駅への減速フェーズ（駅手前400m以内）,ブレーキ（減速）中,1.9000000000000006,惰行,0.1,70.0,0.0,16.19,70.0,14.2,5.9,12.46,0.0,9.2,この先制限速度なし,この先目立った勾配なし,前方14.5m先を0.0km/h,後続列車なし,90.0,0.0,未発車,30.0,70.0,5.1,-0.05
168.09999999999965,Train11,次駅への減速フェーズ（駅手前400m以内）,ブレーキ（減速）中,4.5,惰行,0.2,70.0,0.0,26.72,26.7,38.0,9.9,33.83,0.0,9.2,この先制限速度なし,この先目立った勾配なし,前方38.4m先を0.0km/h,後続列車なし,90.0,0.0,未発車,30.0,26.7,1.1,-0.05
177.89999999999915,Train11,次駅への減速フェーズ（駅手前400m以内）,ブレーキ（減速）中,1.3,力行（加速）,0.1,70.0,0.0,3.72,0.0,0.0,0.1,0.74,0.0,0.0,この先制限速度なし,この先目立った勾配なし,前方0.0m先を0.0km/h,後続列車なし,90.0,0.0,未発車,30.0,0.0,10.9,-0.05
153.69999999999985,Train11,次駅への減速フェーズ（駅手前400m以内）,ブレーキ（減速）中,0.30000000000000004,力行（加速）,0.1,70.0,12.8,41.08,41.1,57.4,24.3,79.48,0.0,9.2,この先制限速度なし,この先目立った勾配なし,前方57.8m先を0.0km/h,後続列車なし,90.0,13.3,未発車,30.0,13.3,0.0,-0.05
140.0,Train11,次駅への減速フェーズ（駅手前400m以内）,惰行中,17.0,力行（加速）,44.0,70.0,65.9,58.42,58.4,258.9,38.0,165.33,0.0,6.1,この先制限速度なし,68m先に上り勾配9.2‰あり,前方259.3m先を0.0km/h,後続列車なし,90.0,27.0,未発車,30.0,30.1,0.0,-0.5
119.0,Train11,巡航フェーズ（駅間走行中）,力行（加速）中,40.0,ブレーキ（減速）,6.0,70.0,70.0,63.46,70.0,623.4,41.0,210.16,0.0,0.0,この先制限速度なし,33m先に上り勾配6.1‰あり,前方563.8m先を23.6km/h,後続列車なし,90.0,48.0,未発車,30.0,43.4,0.0,-0.5
171.79999999999944,Train11,次駅への減速フェーズ（駅手前400m以内）,ブレーキ（減速）中,1.6000000000000003,惰行,0.1,70.0,0.0,17.07,70.0,15.5,6.2,13.85,0.0,9.2,この先制限速度なし,この先目立った勾配なし,前方15.9m先を0.0km/h,後続列車なし,90.0,0.0,未発車,30.0,70.0,4.8,-0.05
168.9999999999996,Train11,次駅への減速フェーズ（駅手前400m以内）,ブレーキ（減速）中,5.399999999999997,惰行,0.2,70.0,0.0,24.07,24.1,31.7,9.0,27.49,0.0,9.2,この先制限速度なし,この先目立った勾配なし,前方32.0m先を0.0km/h,後続列車なし,90.0,0.0,未発車,30.0,24.1,2.0,-0.05
178.19999999999982,Train11,次駅への減速フェーズ（駅手前400m以内）,惰行中,0.1,ブレーキ（減速）,0.8999999999999999,70.0,32.9,34.87,70.0,59.8,1.8,57.44,0.0,9.2,この先制限速度なし,この先目立った勾配なし,前方101.0m先を23.6km/h,後続列車なし,60.0,0.0,発車済み,60.0,70.0,0.0,-0.05
134.0,Train11,巡航フェーズ（駅間走行中）,力行（加速）中,4.0,惰行,6.0,70.0,70.0,57.33,57.3,476.1,42.0,159.29,0.0,6.1,この先制限速度なし,286m先に上り勾配9.2‰あり,前方474.5m先を4.3km/h,後続列車なし,90.0,33.0,未発車,30.0,48.5,0.0,-0.5
166.29999999999976,Train11,次駅への減速フェーズ（駅手前400m以内）,ブレーキ（減速）中,2.700000000000001,惰行,0.2,70.0,8.0,32.03,32.0,52.7,11.7,48.52,0.0,9.2,この先制限速度なし,この先目立った勾配なし,前方53.1m先を0.0km/h,後続列車なし,90.0,0.7,未発車,30.0,17.0,0.0,-0.05
157.59999999999962,Train11,次駅への減速フェーズ（駅手前400m以内）,ブレーキ（減速）中,3.0000000000000013,力行（加速）,0.1,70.0,0.0,30.14,30.1,18.6,20.4,42.98,0.0,9.2,この先制限速度なし,この先目立った勾配なし,前方19.0m先を0.0km/h,後続列車なし,90.0,9.4,未発車,30.0,7.5,0.0,-0.05
151.89999999999995,Train11,次駅への減速フェーズ（駅手前400m以内）,力行（加速）中,0.1,ブレーキ（減速）,0.4,70.0,24.9,45.74,45.7,79.1,26.1,98.32,0.0,9.2,この先制限速度なし,この先目立った勾配なし,前方79.5m先を0.0km/h,後続列車なし,90.0,15.1,未発車,30.0,15.9,0.0,-0.05
168.0999999999997,Train11,次駅への減速フェーズ（駅手前400m以内）,ブレーキ（減速）中,1.9000000000000006,力行（加速）,0.1,70.0,0.0,29.31,29.3,41.6,9.9,40.68,0.0,9.2,この先制限速度なし,この先目立った勾配なし,前方42.0m先を0.0km/h,後続列車なし,90.0,0.0,未発車,30.0,29.3,1.1,-0.05
151.0,Train11,次駅への減速フェーズ（駅手前400m以内）,力行（加速）中,2.0,惰行,9.0,70.0,62.4,44.02,44.0,237.5,27.0,94.63,0.0,6.1,この先制限速度なし,47m先に上り勾配9.2‰あり,前方237.9m先を0.0km/h,後続列車なし,90.0,16.0,未発車,30.0,36.6,0.0,-0.5
203.39999999999918,Train11,次駅への減速フェーズ（駅手前400m以内）,ブレーキ（減速）中,2.800000000000001,惰行,0.1,70.0,0.0,3.39,70.0,3.1,0.0,0.55,23.5,9.2,この先制限速度なし,この先目立った勾配なし,前方18.1m先を15.3km/h,後続列車なし,90.0,0.0,発車済み,30.0,70.0,0.0,-0.05
169.29999999999964,Train11,次駅への減速フェーズ（駅手前400m以内）,ブレーキ（減速）中,3.1000000000000014,力行（加速）,0.1,70.0,0.0,25.78,25.8,32.4,8.7,31.5,0.0,9.2,この先制限速度なし,この先目立った勾配なし,前方32.8m先を0.0km/h,後続列車なし,90.0,0.0,未発車,30.0,25.8,2.3,-0.05
57.0,Train11,巡航フェーズ（駅間走行中）,力行（加速）中,33.0,ブレーキ（減速）,6.0,70.0,70.0,55.87,70.0,1683.5,30.0,179.8,0.0,-6.7,この先制限速度なし,この先目立った勾配なし,前方723.5m先を62.4km/h,後続列車なし,90.0,110.0,未発車,30.0,50.6,0.0,-0.5
175.99999999999994,Train11,次駅への減速フェーズ（駅手前400m以内）,力行（加速）中,15.099999999999996,ブレーキ（減速）,6.0,70.0,35.8,38.29,70.0,82.7,4.0,69.15,0.0,9.2,この先制限速度なし,この先目立った勾配なし,前方110.5m先を20.1km/h,後続列車なし,60.0,0.0,発車済み,60.0,70.0,0.0,-0.05
165.79999999999978,Train11,次駅への減速フェーズ（駅手前400m以内）,ブレーキ（減速）中,2.2000000000000006,惰行,0.2,70.0,12.7,33.51,33.5,57.2,12.2,53.07,0.0,9.2,この先制限速度なし,この先目立った勾配なし,前方57.6m先を0.0km/h,後続列車なし,90.0,1.2,未発車,30.0,17.7,0.0,-0.05
167.1999999999997,Train11,次駅への減速フェーズ（駅手前400m以内）,ブレーキ（減速）中,3.600000000000002,惰行,0.2,70.0,0.0,29.37,29.4,45.0,10.8,40.85,0.0,9.2,この先制限速度なし,この先目立った勾配なし,前方45.4m先を0.0km/h,後続列車なし,90.0,0.0,未発車,30.0,29.4,0.2,-0.05
156.0999999999997,Train11,次駅への減速フェーズ（駅手前400m以内）,ブレーキ（減速）中,1.5000000000000002,力行（加速）,0.1,70.0,0.0,34.57,34.6,32.1,21.9,56.46,0.0,9.2,この先制限速度なし,この先目立った勾配なし,前方32.5m先を0.0km/h,後続列車なし,90.0,10.9,未発車,30.0,9.9,0.0,-0.05
157.19999999999965,Train11,次駅への減速フェーズ（駅手前400m以内）,ブレーキ（減速）中,2.600000000000001,力行（加速）,0.1,70.0,0.0,31.32,31.3,22.1,20.8,46.4,0.0,9.2,この先制限速度なし,この先目立った勾配なし,前方22.4m先を0.0km/h,後続列車なし,90.0,9.8,未発車,30.0,8.2,0.0,-0.05
193.49999999999974,Train11,次駅への減速フェーズ（駅手前400m以内）,ブレーキ（減速）中,0.4,力行（加速）,0.1,70.0,5.7,31.68,70.0,51.1,0.0,47.47,15.6,9.2,この先制限速度なし,この先目立った勾配なし,前方51.5m先を0.0km/h,後続列車なし,90.0,0.0,未発車,30.0,70.0,26.5,-0.05
175.19999999999925,Train11,次駅への減速フェーズ（駅手前400m以内）,ブレーキ（減速）中,0.7,惰行,0.1,70.0,0.0,7.38,7.4,4.1,2.8,2.6,0.0,9.2,この先制限速度なし,この先目立った勾配なし,前方4.5m先を0.0km/h,後続列車なし,90.0,0.0,未発車,30.0,7.4,8.2,-0.05
184.29999999999947,Train11,次駅への減速フェーズ（駅手前400m以内）,ブレーキ（減速）中,3.5000000000000018,力行（加速）,0.1,70.0,33.2,18.63,70.0,13.8,0.0,16.49,4.4,9.2,この先制限速度なし,この先目立った勾配なし,前方101.9m先を31.4km/h,後続列車なし,60.0,0.0,発車済み,60.0,70.0,0.0,-0.05
194.89999999999966,Train11,次駅への減速フェーズ（駅手前400m以内）,ブレーキ（減速）中,1.8000000000000005,力行（加速）,0.1,70.0,0.0,27.55,70.0,39.6,0.0,35.96,17.0,9.2,この先制限速度なし,この先目立った勾配なし,前方40.0m先を0.0km/h,後続列車なし,90.0,0.0,未発車,30.0,70.0,27.9,-0.05
200.89999999999932,Train11,次駅への減速フェーズ（駅手前400m以内）,ブレーキ（減速）中,0.30000000000000004,惰行,0.1,70.0,0.0,10.68,70.0,8.0,0.0,5.44,23.0,9.2,この先制限速度なし,この先目立った勾配なし,前方14.1m先を10.0km/h,後続列車なし,90.0,0.0,発車済み,30.0,70.0,0.0,-0.05
188.79999999999922,Train11,次駅への減速フェーズ（駅手前400m以内）,ブレーキ（減速）中,7.999999999999988,力行（加速）,0.1,70.0,40.9,5.48,0.0,0.0,0.0,1.61,8.9,0.0,この先制限速度なし,この先目立った勾配なし,前方128.9m先を35.7km/h,後続列車なし,60.0,0.0,発車済み,60.0,0.0,0.0,-0.05
170.9999999999995,Train11,次駅への減速フェーズ（駅手前400m以内）,ブレーキ（減速）中,0.7999999999999999,惰行,0.1,70.0,0.0,19.41,70.0,19.6,7.0,17.9,0.0,9.2,この先制限速度なし,この先目立った勾配なし,前方20.0m先を0.0km/h,後続列車なし,90.0,0.0,未発車,30.0,70.0,4.0,-0.05
167.29999999999976,Train11,次駅への減速フェーズ（駅手前400m以内）,ブレーキ（減速）中,1.0999999999999999,力行（加速）,0.1,70.0,0.0,31.67,31.7,48.4,10.7,47.45,0.0,9.2,この先制限速度なし,この先目立った勾配なし,前方48.8m先を0.0km/h,後続列車なし,90.0,0.0,未発車,30.0,31.7,0.3,-0.05
188.09999999999926,Train11,次駅への減速フェーズ（駅手前400m以内）,ブレーキ（減速）中,7.29999999999999,力行（加速）,0.1,70.0,39.4,7.52,0.0,0.0,0.0,3.03,8.2,0.0,この先制限速度なし,この先目立った勾配なし,前方123.3m先を35.1km/h,後続列車なし,60.0,0.0,発車済み,60.0,0.0,0.0,-0.05
167.4999999999997,Train11,次駅への減速フェーズ（駅手前400m以内）,ブレーキ（減速）中,3.900000000000002,惰行,0.2,70.0,0.0,28.49,28.5,42.6,10.5,38.43,0.0,9.2,この先制限速度なし,この先目立った勾配なし,前方43.0m先を0.0km/h,後続列車なし,90.0,0.0,未発車,30.0,28.5,0.5,-0.05
174.79999999999933,Train11,次駅への減速フェーズ（駅手前400m以内）,ブレーキ（減速）中,0.30000000000000004,力行（加速）,0.1,70.0,0.0,11.17,11.2,4.5,3.2,5.94,0.0,9.2,この先制限速度なし,この先目立った勾配なし,前方4.9m先を0.0km/h,後続列車なし,90.0,0.0,未発車,30.0,11.2,7.8,-0.05
175.79999999999922,Train11,次駅への減速フェーズ（駅手前400m以内）,ブレーキ（減速）中,1.3,惰行,0.1,70.0,0.0,5.63,70.0,3.0,2.2,1.51,0.0,9.2,この先制限速度なし,この先目立った勾配なし,前方3.4m先を0.0km/h,後続列車なし,90.0,0.0,未発車,30.0,70.0,8.8,-0.05
176.49999999999991,Train11,次駅への減速フェーズ（駅手前400m以内）,力行（加速）中,15.599999999999994,ブレーキ（減速）,6.0,70.0,35.1,38.67,70.0,77.4,3.5,70.53,0.0,9.2,この先制限速度なし,この先目立った勾配なし,前方108.0m先を20.9km/h,後続列車なし,60.0,0.0,発車済み,60.0,70.0,0.0,-0.05
159.5999999999995,Train11,次駅への減速フェーズ（駅手前400m以内）,ブレーキ（減速）中,0.7,惰行,0.1,70.0,0.0,24.49,24.5,3.5,18.4,28.45,0.0,9.2,この先制限速度なし,この先目立った勾配なし,前方3.9m先を0.0km/h,後続列車なし,90.0,7.4,未発車,30.0,3.3,0.0,-0.05
169.79999999999956,Train11,次駅への減速フェーズ（駅手前400m以内）,ブレーキ（減速）中,0.30000000000000004,惰行,0.1,70.0,0.0,21.97,22.4,26.6,8.2,22.91,0.0,9.2,この先制限速度なし,この先目立った勾配なし,前方26.9m先を0.0km/h,後続列車なし,90.0,0.0,未発車,30.0,22.4,2.8,-0.05
166.89999999999972,Train11,次駅への減速フェーズ（駅手前400m以内）,ブレーキ（減速）中,3.3000000000000016,惰行,0.2,70.0,0.0,30.26,30.3,47.5,11.1,43.33,0.0,9.2,この先制限速度なし,この先目立った勾配なし,前方47.9m先を0.0km/h,後続列車なし,90.0,0.1,未発車,30.0,15.9,0.0,-0.05
184.99999999999943,Train11,次駅への減速フェーズ（駅手前400m以内）,ブレーキ（減速）中,4.200000000000001,力行（加速）,0.1,70.0,34.0,16.58,70.0,10.3,0.0,13.07,5.1,9.2,この先制限速度なし,この先目立った勾配なし,前方104.6m先を32.1km/h,後続列車なし,60.0,0.0,発車済み,60.0,70.0,0.0,-0.05
179.29999999999976,Train11,次駅への減速フェーズ（駅手前400m以内）,ブレーキ（減速）中,0.9999999999999999,力行（加速）,0.1,70.0,31.9,32.26,70.0,49.5,0.7,49.21,0.0,9.2,この先制限速度なし,この先目立った勾配なし,前方98.1m先を25.2km/h,後続列車なし,60.0,0.0,発車済み,60.0,70.0,0.0,-0.05
199.3999999999994,Train11,次駅への減速フェーズ（駅手前400m以内）,ブレーキ（減速）中,1.5000000000000002,力行（加速）,0.1,70.0,0.0,14.82,70.0,13.3,0.0,10.45,21.5,9.2,この先制限速度なし,この先目立った勾配なし,前方16.0m先を6.4km/h,後続列車なし,90.0,0.0,発車済み,30.0,70.0,0.0,-0.05
157.39999999999964,Train11,次駅への減速フェーズ（駅手前400m以内）,ブレーキ（減速）中,2.800000000000001,力行（加速）,0.1,70.0,0.0,30.73,30.7,20.3,20.6,44.67,0.0,9.2,この先制限速度なし,この先目立った勾配なし,前方20.7m先を0.0km/h,後続列車なし,90.0,9.6,未発車,30.0,7.8,0.0,-0.05
195.8999999999996,Train11,次駅への減速フェーズ（駅手前400m以内）,ブレーキ（減速）中,2.800000000000001,力行（加速）,0.1,70.0,0.0,24.61,70.0,32.4,0.0,28.71,18.0,9.2,この先制限速度なし,この先目立った勾配なし,前方32.8m先を0.0km/h,後続列車なし,90.0,0.0,未発車,30.0,70.0,28.9,-0.05
186.49999999999935,Train11,次駅への減速フェーズ（駅手前400m以内）,ブレーキ（減速）中,5.699999999999996,力行（加速）,0.1,70.0,36.4,12.19,70.0,4.4,0.0,7.08,6.6,9.2,この先制限速度なし,この先目立った勾配なし,前方112.4m先を33.6km/h,後続列車なし,60.0,0.0,発車済み,60.0,70.0,0.0,-0.05
168.29999999999964,Train11,次駅への減速フェーズ（駅手前400m以内）,ブレーキ（減速）中,4.699999999999999,惰行,0.2,70.0,0.0,26.13,26.5,36.5,9.7,32.37,0.0,9.2,この先制限速度なし,この先目立った勾配なし,前方36.9m先を0.0km/h,後続列車なし,90.0,0.0,未発車,30.0,26.5,1.3,-0.05
167.59999999999974,Train11,次駅への減速フェーズ（駅手前400m以内）,ブレーキ（減速）中,1.4000000000000001,力行（加速）,0.1,70.0,0.0,30.79,30.8,45.8,10.4,44.85,0.0,9.2,この先制限速度なし,この先目立った勾配なし,前方46.2m先を0.0km/h,後続列車なし,90.0,0.0,未発車,30.0,30.8,0.6,-0.05
180.99999999999966,Train11,次駅への減速フェーズ（駅手前400m以内）,ブレーキ（減速）中,0.2,力行（加速）,0.1,70.0,31.3,28.33,70.0,35.3,0.0,38.01,1.1,9.2,この先制限速度なし,この先目立った勾配なし,前方96.3m先を27.5km/h,後続列車なし,60.0,0.0,発車済み,60.0,70.0,0.0,-0.05
167.79999999999967,Train11,次駅への減速フェーズ（駅手前400m以内）,ブレーキ（減速）中,4.200000000000001,惰行,0.2,70.0,0.0,27.6,27.9,40.3,10.2,36.1,0.0,9.2,この先制限速度なし,この先目立った勾配なし,前方40.6m先を0.0km/h,後続列車なし,90.0,0.0,未発車,30.0,27.9,0.8,-0.05
173.99999999999932,Train11,次駅への減速フェーズ（駅手前400m以内）,ブレーキ（減速）中,3.800000000000002,惰行,0.1,70.0,0.0,10.63,11.2,7.1,4.0,5.39,0.0,9.2,この先制限速度なし,この先目立った勾配なし,前方7.5m先を0.0km/h,後続列車なし,90.0,0.0,未発車,30.0,11.2,7.0,-0.05
163.09999999999994,Train11,次駅への減速フェーズ（駅手前400m以内）,ブレーキ（減速）中,1.0999999999999999,惰行,6.1,70.0,27.5,41.03,41.0,85.3,14.9,79.28,0.0,9.2,この先制限速度なし,この先目立った勾配なし,前方85.7m先を0.0km/h,後続列車なし,90.0,3.9,未発車,30.0,22.8,0.0,-0.05
168.99999999999966,Train11,次駅への減速フェーズ（駅手前400m以内）,ブレーキ（減速）中,2.800000000000001,力行（加速）,0.1,70.0,0.0,26.66,26.7,34.6,9.0,33.68,0.0,9.2,この先制限速度なし,この先目立った勾配なし,前方35.0m先を0.0km/h,後続列車なし,90.0,0.0,未発車,30.0,26.7,2.0,-0.05
190.49999999999991,Train11,次駅への減速フェーズ（駅手前400m以内）,惰行中,0.7999999999999999,力行（加速）,0.7999999999999999,70.0,25.5,36.92,70.0,80.4,0.0,64.31,12.6,9.2,この先制限速度なし,この先目立った勾配なし,前方80.7m先を0.0km/h,後続列車なし,90.0,0.0,未発車,30.0,70.0,23.5,-0.05
192.89999999999978,Train11,次駅への減速フェーズ（駅手前400m以内）,ブレーキ（減速）中,1.2,惰行,2.0000000000000004,70.0,12.1,33.05,70.0,56.5,0.0,51.64,15.0,9.2,この先制限速度なし,この先目立った勾配なし,前方56.9m先を0.0km/h,後続列車なし,90.0,0.0,未発車,30.0,70.0,25.9,-0.05
171.09999999999954,Train11,次駅への減速フェーズ（駅手前400m以内）,ブレーキ（減速）中,0.8999999999999999,惰行,0.1,70.0,0.0,20.73,20.7,20.8,6.9,20.42,0.0,9.2,この先制限速度なし,この先目立った勾配なし,前方21.2m先を0.0km/h,後続列車なし,90.0,0.0,未発車,30.0,20.7,4.1,-0.05
167.89999999999972,Train11,次駅への減速フェーズ（駅手前400m以内）,ブレーキ（減速）中,1.7000000000000004,力行（加速）,0.1,70.0,0.0,29.9,29.9,43.3,10.1,42.32,0.0,9.2,この先制限速度なし,この先目立った勾配なし,前方43.6m先を0.0km/h,後続列車なし,90.0,0.0,未発車,30.0,29.9,0.9,-0.05
196.69999999999956,Train11,次駅への減速フェーズ（駅手前400m以内）,ブレーキ（減速）中,3.600000000000002,力行（加速）,0.1,70.0,0.0,22.25,70.0,27.2,0.0,23.51,18.8,9.2,この先制限速度なし,この先目立った勾配なし,前方27.6m先を0.0km/h,後続列車なし,90.0,0.0,未発車,30.0,70.0,29.7,-0.05
178.49999999999912,Train11,次駅への減速フェーズ（駅手前400m以内）,ブレーキ（減速）中,1.9000000000000006,力行（加速）,0.1,70.0,0.0,1.97,0.0,0.0,0.0,0.21,0.6,0.0,この先制限速度なし,この先目立った勾配なし,前方0.0m先を0.0km/h,後続列車なし,90.0,0.0,未発車,30.0,0.0,11.5,-0.05
171.19999999999948,Train11,次駅への減速フェーズ（駅手前400m以内）,ブレーキ（減速）中,0.9999999999999999,惰行,0.1,70.0,0.0,18.83,70.0,18.5,6.8,16.84,0.0,9.2,この先制限速度なし,この先目立った勾配なし,前方18.9m先を0.0km/h,後続列車なし,90.0,0.0,未発車,30.0,70.0,4.2,-0.05
138.0,Train11,巡航フェーズ（駅間走行中）,ブレーキ（減速）中,1.0,惰行,1.0,70.0,70.0,58.14,58.1,411.6,40.0,163.75,0.0,6.1,この先制限速度なし,221m先に上り勾配9.2‰あり,前方412.0m先を0.0km/h,後続列車なし,90.0,29.0,未発車,30.0,46.0,0.0,-0.5
167.39999999999975,Train11,次駅への減速フェーズ（駅手前400m以内）,ブレーキ（減速）中,1.2,力行（加速）,0.1,70.0,0.0,31.38,31.4,47.5,10.6,46.58,0.0,9.2,この先制限速度なし,この先目立った勾配なし,前方47.9m先を0.0km/h,後続列車なし,90.0,0.0,未発車,30.0,31.4,0.4,-0.05
199.19999999999942,Train11,次駅への減速フェーズ（駅手前400m以内）,ブレーキ（減速）中,1.3,力行（加速）,0.1,70.0,0.0,15.4,70.0,14.1,0.0,11.28,21.3,9.2,この先制限速度なし,この先目立った勾配なし,前方16.4m先を5.9km/h,後続列車なし,90.0,0.0,発車済み,30.0,70.0,0.0,-0.05
165.59999999999985,Train11,次駅への減速フェーズ（駅手前400m以内）,ブレーキ（減速）中,2.700000000000001,力行（加速）,1.0,70.0,17.7,36.31,36.3,64.4,12.4,62.25,0.0,9.2,この先制限速度なし,この先目立った勾配なし,前方64.8m先を0.0km/h,後続列車なし,90.0,1.4,未発車,30.0,19.3,0.0,-0.05
152.09999999999994,Train11,次駅への減速フェーズ（駅手前400m以内）,ブレーキ（減速）中,0.2,力行（加速）,0.1,70.0,23.8,45.5,45.5,76.6,25.9,97.27,0.0,9.2,この先制限速度なし,この先目立った勾配なし,前方76.9m先を0.0km/h,後続列車なし,90.0,14.9,未発車,30.0,15.7,0.0,-0.05
150.0,Train11,次駅への減速フェーズ（駅手前400m以内）,力行（加速）中,7.0,ブレーキ（減速）,6.0,70.0,65.7,44.83,49.2,257.8,28.0,98.12,0.0,6.1,この先制限速度なし,67m先に上り勾配9.2‰あり,前方258.2m先を0.0km/h,後続列車なし,90.0,17.0,未発車,30.0,38.7,0.0,-0.5
182.1999999999996,Train11,次駅への減速フェーズ（駅手前400m以内）,ブレーキ（減速）中,1.4000000000000001,力行（加速）,0.1,70.0,31.5,24.8,70.0,26.4,0.0,29.16,2.3,9.2,この先制限速度なし,この先目立った勾配なし,前方96.9m先を29.0km/h,後続列車なし,60.0,0.0,発車済み,60.0,70.0,0.0,-0.05
196.89999999999955,Train11,次駅への減速フェーズ（駅手前400m以内）,ブレーキ（減速）中,3.800000000000002,力行（加速）,0.1,70.0,0.0,21.67,70.0,26.0,0.0,22.29,19.0,9.2,この先制限速度なし,この先目立った勾配なし,前方26.4m先を0.0km/h,後続列車なし,90.0,0.0,未発車,30.0,70.0,29.9,-0.05
135.0,Train11,次駅への減速フェーズ（駅手前400m以内）,惰行中,12.0,力行（加速）,44.0,70.0,70.0,60.54,60.5,341.5,42.0,177.31,0.0,6.1,この先制限速度なし,151m先に上り勾配9.2‰あり,前方340.9m先を3.0km/h,後続列車なし,90.0,32.0,未発車,30.0,36.0,0.0,-0.5
121.0,Train11,巡航フェーズ（駅間走行中）,力行（加速）中,14.0,ブレーキ（減速）,6.0,70.0,70.0,55.56,70.0,681.9,41.0,161.99,0.0,0.0,この先制限速度なし,91m先に上り勾配6.1‰あり,前方634.6m先を21.0km/h,後続列車なし,90.0,46.0,未発車,30.0,49.9,0.0,-0.5
93.0,Train11,巡航フェーズ（駅間走行中）,ブレーキ（減速）中,1.0,力行（加速）,11.0,70.0,70.0,55.91,70.0,993.0,38.0,163.98,0.0,0.0,この先制限速度なし,3m先に上り勾配12.5‰あり,前方646.4m先を55.5km/h,後続列車なし,90.0,74.0,未発車,30.0,50.2,0.0,-0.5
177.49999999999918,Train11,次駅への減速フェーズ（駅手前400m以内）,ブレーキ（減速）中,0.8999999999999999,力行（加速）,0.1,70.0,0.0,4.88,0.0,0.0,0.5,1.28,0.0,0.0,この先制限速度なし,この先目立った勾配なし,前方0.0m先を0.0km/h,後続列車なし,90.0,0.0,未発車,30.0,0.0,10.5,-0.05
151.69999999999996,Train11,次駅への減速フェーズ（駅手前400m以内）,ブレーキ（減速）中,0.30000000000000004,惰行,0.1,70.0,26.0,46.34,46.3,81.7,26.3,100.88,0.0,9.2,この先制限速度なし,この先目立った勾配なし,前方82.0m先を0.0km/h,後続列車なし,90.0,15.3,未発車,30.0,16.2,0.0,-0.05
191.69999999999985,Train11,次駅への減速フェーズ（駅手前400m以内）,惰行中,2.0000000000000004,力行（加速）,0.7999999999999999,70.0,19.8,36.36,70.0,68.1,0.0,62.39,13.8,9.2,この先制限速度なし,この先目立った勾配なし,前方68.5m先を0.0km/h,後続列車なし,90.0,0.0,未発車,30.0,70.0,24.7,-0.05
200.39999999999935,Train11,次駅への減速フェーズ（駅手前400m以内）,ブレーキ（減速）中,2.500000000000001,力行（加速）,0.1,70.0,0.0,11.89,70.0,9.6,0.0,6.74,22.5,9.2,この先制限速度なし,この先目立った勾配なし,前方14.4m先を8.9km/h,後続列車なし,90.0,0.0,発車済み,30.0,70.0,0.0,-0.05
184.39999999999947,Train11,次駅への減速フェーズ（駅手前400m以内）,ブレーキ（減速）中,3.600000000000002,力行（加速）,0.1,70.0,33.3,18.34,70.0,13.3,0.0,15.98,4.5,9.2,この先制限速度なし,この先目立った勾配なし,前方102.3m先を31.5km/h,後続列車なし,60.0,0.0,発車済み,60.0,70.0,0.0,-0.05
164.8999999999999,Train11,次駅への減速フェーズ（駅手前400m以内）,ブレーキ（減速）中,2.0000000000000004,力行（加速）,1.0,70.0,21.6,38.39,70.0,71.7,13.1,69.51,0.0,9.2,この先制限速度なし,この先目立った勾配なし,前方72.1m先を0.0km/h,後続列車なし,90.0,2.1,未発車,30.0,21.2,0.0,-0.05
198.79999999999944,Train11,次駅への減速フェーズ（駅手前400m以内）,ブレーキ（減速）中,0.8999999999999999,力行（加速）,0.1,70.0,0.0,16.57,70.0,15.9,0.0,13.06,20.9,9.2,この先制限速度なし,この先目立った勾配なし,前方17.6m先を4.9km/h,後続列車なし,90.0,0.0,発車済み,30.0,70.0,0.0,-0.05
157.29999999999964,Train11,次駅への減速フェーズ（駅手前400m以内）,ブレーキ（減速）中,2.700000000000001,力行（加速）,0.1,70.0,0.0,31.02,31.0,21.2,20.7,45.53,0.0,9.2,この先制限速度なし,この先目立った勾配なし,前方21.6m先を0.0km/h,後続列車なし,90.0,9.7,未発車,30.0,8.0,0.0,-0.05
164.19999999999987,Train11,次駅への減速フェーズ（駅手前400m以内）,ブレーキ（減速）中,0.6,惰行,0.2,70.0,22.3,38.26,38.3,73.2,13.8,69.02,0.0,9.2,この先制限速度なし,この先目立った勾配なし,前方73.6m先を0.0km/h,後続列車なし,90.0,2.8,未発車,30.0,20.2,0.0,-0.05
183.19999999999953,Train11,次駅への減速フェーズ（駅手前400m以内）,ブレーキ（減速）中,2.400000000000001,力行（加速）,0.1,70.0,32.1,21.86,70.0,20.0,0.0,22.68,3.3,9.2,この先制限速度なし,この先目立った勾配なし,前方98.7m先を30.2km/h,後続列車なし,60.0,0.0,発車済み,60.0,70.0,0.0,-0.05
175.1999999999993,Train11,次駅への減速フェーズ（駅手前400m以内）,ブレーキ（減速）中,0.30000000000000004,力行（加速）,0.1,70.0,0.0,10.52,10.5,3.3,2.8,5.27,0.0,9.2,この先制限速度なし,この先目立った勾配なし,前方3.7m先を0.0km/h,後続列車なし,90.0,0.0,未発車,30.0,10.5,8.2,-0.05
182.0999999999996,Train11,次駅への減速フェーズ（駅手前400m以内）,ブレーキ（減速）中,1.3,力行（加速）,0.1,70.0,31.5,25.09,70.0,27.1,0.0,29.85,2.2,9.2,この先制限速度なし,この先目立った勾配なし,前方96.8m先を28.9km/h,後続列車なし,60.0,0.0,発車済み,60.0,70.0,0.0,-0.05
155.09999999999977,Train11,次駅への減速フェーズ（駅手前400m以内）,ブレーキ（減速）中,0.5,力行（加速）,0.1,70.0,0.0,37.54,37.5,42.1,22.9,66.48,0.0,9.2,この先制限速度なし,この先目立った勾配なし,前方42.5m先を0.0km/h,後続列車なし,90.0,11.9,未発車,30.0,11.3,0.0,-0.05
186.79999999999933,Train11,次駅への減速フェーズ（駅手前400m以内）,ブレーキ（減速）中,5.999999999999995,力行（加速）,0.1,70.0,36.9,11.31,70.0,3.4,0.0,6.1,6.9,9.2,この先制限速度なし,この先目立った勾配なし,前方114.2m先を33.9km/h,後続列車なし,60.0,0.0,発車済み,60.0,70.0,0.0,-0.05
158.49999999999957,Train11,次駅への減速フェーズ（駅手前400m以内）,ブレーキ（減速）中,3.900000000000002,力行（加速）,0.1,70.0,0.0,27.48,27.5,11.4,19.5,35.78,0.0,9.2,この先制限速度なし,この先目立った勾配なし,前方11.8m先を0.0km/h,後続列車なし,90.0,8.5,未発車,30.0,5.9,0.0,-0.05
173.6999999999994,Train11,次駅への減速フェーズ（駅手前400m以内）,ブレーキ（減速）中,0.5,惰行,0.1,70.0,0.0,13.87,13.9,8.3,4.3,9.15,0.0,9.2,この先制限速度なし,この先目立った勾配なし,前方8.7m先を0.0km/h,後続列車なし,90.0,0.0,未発車,30.0,13.9,6.7,-0.05
137.0,Train11,次駅への減速フェーズ（駅手前400m以内）,惰行中,14.0,力行（加速）,44.0,70.0,70.0,59.69,59.7,308.1,41.0,172.45,0.0,6.1,この先制限速度なし,118m先に上り勾配9.2‰あり,前方308.5m先を0.5km/h,後続列車なし,90.0,30.0,未発車,30.0,33.9,0.0,-0.5
70.0,Train11,巡航フェーズ（駅間走行中）,力行（加速）中,26.0,ブレーキ（減速）,6.0,70.0,70.0,60.81,70.0,1349.4,32.0,193.36,0.0,0.0,この先制限速度なし,359m先に上り勾配12.5‰あり,前方616.1m先を62.9km/h,後続列車なし,90.0,97.0,未発車,30.0,55.4,0.0,-0.5
158.29999999999959,Train11,次駅への減速フェーズ（駅手前400m以内）,ブレーキ（減速）中,3.700000000000002,力行（加速）,0.1,70.0,0.0,28.07,28.1,13.0,19.7,37.32,0.0,9.2,この先制限速度なし,この先目立った勾配なし,前方13.4m先を0.0km/h,後続列車なし,90.0,8.7,未発車,30.0,6.3,0.0,-0.05
169.09999999999965,Train11,次駅への減速フェーズ（駅手前400m以内）,ブレーキ（減速）中,2.9000000000000012,力行（加速）,0.1,70.0,0.0,26.36,26.4,33.9,8.9,32.94,0.0,9.2,この先制限速度なし,この先目立った勾配なし,前方34.3m先を0.0km/h,後続列車なし,90.0,0.0,未発車,30.0,26.4,2.1,-0.05
129.0,Train11,巡航フェーズ（駅間走行中）,惰行中,6.0,力行（加速）,44.0,70.0,70.0,63.13,63.1,444.6,41.0,192.5,0.0,6.1,この先制限速度なし,254m先に上り勾配9.2‰あり,前方432.5m先を10.7km/h,後続列車なし,90.0,38.0,未発車,30.0,41.7,0.0,-0.5
183.9999999999995,Train11,次駅への減速フェーズ（駅手前400m以内）,ブレーキ（減速）中,3.2000000000000015,力行（加速）,0.1,70.0,32.8,19.51,70.0,15.4,0.0,18.08,4.1,9.2,この先制限速度なし,この先目立った勾配なし,前方100.9m先を31.1km/h,後続列車なし,60.0,0.0,発車済み,60.0,70.0,0.0,-0.05
198.19999999999948,Train11,次駅への減速フェーズ（駅手前400m以内）,ブレーキ（減速）中,0.30000000000000004,力行（加速）,0.1,70.0,0.0,18.33,70.0,18.8,0.0,15.97,20.3,9.2,この先制限速度なし,この先目立った勾配なし,前方19.8m先を3.3km/h,後続列車なし,90.0,0.0,発車済み,30.0,70.0,0.0,-0.05
152.8999999999999,Train11,次駅への減速フェーズ（駅手前400m以内）,ブレーキ（減速）中,0.9999999999999999,力行（加速）,0.1,70.0,19.0,43.11,43.1,66.7,25.1,87.43,0.0,9.2,この先制限速度なし,この先目立った勾配なし,前方67.1m先を0.0km/h,後続列車なし,90.0,14.1,未発車,30.0,14.5,0.0,-0.05
204.6999999999994,Train11,次駅への減速フェーズ（駅手前400m以内）,ブレーキ（減速）中,5.999999999999995,力行（加速）,0.1,70.0,70.0,17.15,0.0,0.0,0.0,15.72,24.8,0.0,この先制限速度なし,この先目立った勾配なし,前方308.1m先を44.9km/h,後続列車なし,60.0,0.0,発車済み,60.0,0.0,0.0,-0.05
179.79999999999973,Train11,次駅への減速フェーズ（駅手前400m以内）,力行（加速）中,0.1,ブレーキ（減速）,1.4000000000000001,70.0,31.6,30.78,70.0,45.1,0.2,44.83,0.0,9.2,この先制限速度なし,この先目立った勾配なし,前方97.3m先を25.9km/h,後続列車なし,60.0,0.0,発車済み,60.0,70.0,0.0,-0.05
185.6999999999994,Train11,次駅への減速フェーズ（駅手前400m以内）,ブレーキ（減速）中,4.899999999999999,力行（加速）,0.1,70.0,35.0,14.53,70.0,7.3,0.0,10.04,5.8,9.2,この先制限速度なし,この先目立った勾配なし,前方108.0m先を32.8km/h,後続列車なし,60.0,0.0,発車済み,60.0,70.0,0.0,-0.05
203.1999999999992,Train11,次駅への減速フェーズ（駅手前400m以内）,ブレーキ（減速）中,2.600000000000001,惰行,0.1,70.0,0.0,3.98,70.0,3.3,0.0,0.75,23.3,9.2,この先制限速度なし,この先目立った勾配なし,前方17.5m先を15.0km/h,後続列車なし,90.0,0.0,発車済み,30.0,70.0,0.0,-0.05
175.59999999999923,Train11,次駅への減速フェーズ（駅手前400m以内）,ブレーキ（減速）中,1.0999999999999999,惰行,0.1,70.0,0.0,6.22,70.0,3.3,2.4,1.84,0.0,9.2,この先制限速度なし,この先目立った勾配なし,前方3.7m先を0.0km/h,後続列車なし,90.0,0.0,未発車,30.0,70.0,8.6,-0.05
170.09999999999954,Train11,次駅への減速フェーズ（駅手前400m以内）,力行（加速）中,0.1,ブレーキ（減速）,0.1,70.0,0.0,21.34,21.8,24.8,7.9,21.62,0.0,9.2,この先制限速度なし,この先目立った勾配なし,前方25.1m先を0.0km/h,後続列車なし,90.0,0.0,未発車,30.0,21.8,3.1,-0.05
201.89999999999927,Train11,次駅への減速フェーズ（駅手前400m以内）,ブレーキ（減速）中,1.3,惰行,0.1,70.0,0.0,7.76,70.0,5.5,0.0,2.87,24.0,9.2,この先制限速度なし,この先目立った勾配なし,前方14.6m先を12.3km/h,後続列車なし,90.0,0.0,発車済み,30.0,70.0,0.0,-0.05
173.19999999999936,Train11,次駅への減速フェーズ（駅手前400m以内）,ブレーキ（減速）中,3.0000000000000013,惰行,0.1,70.0,0.0,12.97,13.0,9.7,4.8,8.01,0.0,9.2,この先制限速度なし,この先目立った勾配なし,前方10.1m先を0.0km/h,後続列車なし,90.0,0.0,未発車,30.0,13.0,6.2,-0.05
151.39999999999998,Train11,次駅への減速フェーズ（駅手前400m以内）,惰行中,0.1,ブレーキ（減速）,0.4,70.0,27.6,46.99,47.0,85.6,26.6,103.69,0.0,9.2,この先制限速度なし,この先目立った勾配なし,前方85.9m先を0.0km/h,後続列車なし,90.0,15.6,未発車,30.0,16.7,0.0,-0.05
154.79999999999978,Train11,次駅への減速フェーズ（駅手前400m以内）,ブレーキ（減速）中,0.2,力行（加速）,0.1,70.0,0.0,38.43,38.4,45.3,23.2,69.64,0.0,9.2,この先制限速度なし,この先目立った勾配なし,前方45.7m先を0.0km/h,後続列車なし,90.0,12.2,未発車,30.0,11.7,0.0,-0.05
158.89999999999955,Train11,次駅への減速フェーズ（駅手前400m以内）,惰行中,0.1,ブレーキ（減速）,4.200000000000001,70.0,0.0,26.3,26.3,8.5,19.1,32.79,0.0,9.2,この先制限速度なし,この先目立った勾配なし,前方8.8m先を0.0km/h,後続列車なし,90.0,8.1,未発車,30.0,5.1,0.0,-0.05
175.79999999999995,Train11,次駅への減速フェーズ（駅手前400m以内）,力行（加速）中,14.899999999999997,ブレーキ（減速）,6.0,70.0,36.1,38.13,70.0,84.8,4.2,68.59,0.0,9.2,この先制限速度なし,この先目立った勾配なし,前方111.5m先を19.7km/h,後続列車なし,60.0,0.0,発車済み,60.0,70.0,0.0,-0.05
174.99999999999932,Train11,次駅への減速フェーズ（駅手前400m以内）,ブレーキ（減速）中,0.1,力行（加速）,0.1,70.0,0.0,11.1,11.1,3.9,3.0,5.87,0.0,9.2,この先制限速度なし,この先目立った勾配なし,前方4.3m先を0.0km/h,後続列車なし,90.0,0.0,未発車,30.0,11.1,8.0,-0.05
190.5999999999999,Train11,次駅への減速フェーズ（駅手前400m以内）,惰行中,0.8999999999999999,力行（加速）,0.7999999999999999,70.0,25.0,36.87,70.0,79.3,0.0,64.15,12.7,9.2,この先制限速度なし,この先目立った勾配なし,前方79.7m先を0.0km/h,後続列車なし,90.0,0.0,未発車,30.0,70.0,23.6,-0.05
146.0,Train11,次駅への減速フェーズ（駅手前400m以内）,惰行中,23.0,力行（加速）,44.0,70.0,49.3,55.74,55.7,163.7,32.0,145.21,0.0,9.2,この先制限速度なし,この先目立った勾配なし,前方164.1m先を0.0km/h,後続列車なし,90.0,21.0,未発車,30.0,24.7,0.0,-0.5
185.5999999999994,Train11,次駅への減速フェーズ（駅手前400m以内）,ブレーキ（減速）中,4.799999999999999,力行（加速）,0.1,70.0,34.9,14.82,70.0,7.7,0.0,10.45,5.7,9.2,この先制限速度なし,この先目立った勾配なし,前方107.5m先を32.7km/h,後続列車なし,60.0,0.0,発車済み,60.0,70.0,0.0,-0.05
40.0,Train11,巡航フェーズ（駅間走行中）,惰行中,5.0,力行（加速）,36.0,70.0,70.0,53.41,70.0,1779.8,30.0,164.58,0.0,-6.7,この先制限速度なし,この先目立った勾配なし,前方521.7m先を63.2km/h,後続列車なし,90.0,127.0,未発車,30.0,44.7,0.0,-0.5
194.2999999999997,Train11,次駅への減速フェーズ（駅手前400m以内）,ブレーキ（減速）中,1.2,力行（加速）,0.1,70.0,0.0,29.32,70.0,44.4,0.0,40.7,16.4,9.2,この先制限速度なし,この先目立った勾配なし,前方44.8m先を0.0km/h,後続列車なし,90.0,0.0,未発車,30.0,70.0,27.3,-0.05
183.09999999999954,Train11,次駅への減速フェーズ（駅手前400m以内）,ブレーキ（減速）中,2.3000000000000007,力行（加速）,0.1,70.0,32.0,22.15,70.0,20.6,0.0,23.29,3.2,9.2,この先制限速度なし,この先目立った勾配なし,前方98.4m先を30.1km/h,後続列車なし,60.0,0.0,発車済み,60.0,70.0,0.0,-0.05
111.0,Train11,巡航フェーズ（駅間走行中）,力行（加速）中,32.0,ブレーキ（減速）,6.0,70.0,70.0,58.91,70.0,759.5,41.0,181.71,0.0,0.0,この先制限速度なし,169m先に上り勾配6.1‰あり,前方635.7m先を34.1km/h,後続列車なし,90.0,56.0,未発車,30.0,47.2,0.0,-0.5
100.0,Train11,巡航フェーズ（駅間走行中）,力行（加速）中,34.0,ブレーキ（減速）,5.0,70.0,70.0,67.02,70.0,1001.5,40.0,233.84,0.0,0.0,この先制限速度なし,11m先に上り勾配12.5‰あり,前方754.1m先を46.6km/h,後続列車なし,90.0,67.0,未発車,30.0,54.5,0.0,-0.5
164.29999999999987,Train11,次駅への減速フェーズ（駅手前400m以内）,ブレーキ（減速）中,0.7,惰行,0.2,70.0,21.8,37.96,38.0,72.1,13.7,67.96,0.0,9.2,この先制限速度なし,この先目立った勾配なし,前方72.5m先を0.0km/h,後続列車なし,90.0,2.7,未発車,30.0,19.9,0.0,-0.05
152.6999999999999,Train11,次駅への減速フェーズ（駅手前400m以内）,ブレーキ（減速）中,0.7999999999999999,力行（加速）,0.1,70.0,20.3,43.7,43.7,69.1,25.3,89.84,0.0,9.2,この先制限速度なし,この先目立った勾配なし,前方69.5m先を0.0km/h,後続列車なし,90.0,14.3,未発車,30.0,14.8,0.0,-0.05
177.69999999999916,Train11,次駅への減速フェーズ（駅手前400m以内）,ブレーキ（減速）中,1.0999999999999999,力行（加速）,0.1,70.0,0.0,4.3,0.0,0.0,0.3,0.99,0.0,0.0,この先制限速度なし,この先目立った勾配なし,前方0.0m先を0.0km/h,後続列車なし,90.0,0.0,未発車,30.0,0.0,10.7,-0.05
173.99999999999937,Train11,次駅への減速フェーズ（駅手前400m以内）,ブレーキ（減速）中,0.7999999999999999,惰行,0.1,70.0,0.0,12.99,13.0,7.2,4.0,8.03,0.0,9.2,この先制限速度なし,この先目立った勾配なし,前方7.6m先を0.0km/h,後続列車なし,90.0,0.0,未発車,30.0,13.0,7.0,-0.05
159.0,Train11,次駅への減速フェーズ（駅手前400m以内）,惰行中,6.0,力行（加速）,10.0,70.0,44.5,44.97,70.0,142.5,19.0,95.06,0.0,9.2,この先制限速度なし,この先目立った勾配なし,前方142.9m先を0.0km/h,後続列車なし,90.0,8.0,未発車,30.0,31.5,0.0,-0.5
167.19999999999976,Train11,次駅への減速フェーズ（駅手前400m以内）,ブレーキ（減速）中,0.9999999999999999,力行（加速）,0.1,70.0,0.0,31.97,32.0,49.3,10.8,48.34,0.0,9.2,この先制限速度なし,この先目立った勾配なし,前方49.6m先を0.0km/h,後続列車なし,90.0,0.0,未発車,30.0,32.0,0.2,-0.05
164.49999999999986,Train11,次駅への減速フェーズ（駅手前400m以内）,ブレーキ（減速）中,0.8999999999999999,惰行,0.2,70.0,20.7,37.36,37.4,70.0,13.5,65.87,0.0,9.2,この先制限速度なし,この先目立った勾配なし,前方70.4m先を0.0km/h,後続列車なし,90.0,2.5,未発車,30.0,20.1,0.0,-0.05
162.0,Train11,次駅への減速フェーズ（駅手前400m以内）,惰行中,6.1,力行（加速）,6.0,70.0,32.1,44.06,44.1,98.3,16.0,91.29,0.0,9.2,この先制限速度なし,この先目立った勾配なし,前方98.7m先を0.0km/h,後続列車なし,90.0,5.0,未発車,30.0,24.6,0.0,-0.05
173.3999999999994,Train11,次駅への減速フェーズ（駅手前400m以内）,ブレーキ（減速）中,0.2,惰行,0.1,70.0,0.0,14.75,14.7,9.5,4.6,10.35,0.0,9.2,この先制限速度なし,この先目立った勾配なし,前方9.9m先を0.0km/h,後続列車なし,90.0,0.0,未発車,30.0,14.7,6.4,-0.05
203.59999999999917,Train11,次駅への減速フェーズ（駅手前400m以内）,ブレーキ（減速）中,3.0000000000000013,惰行,0.1,70.0,0.0,2.81,70.0,3.0,0.0,0.38,23.7,9.2,この先制限速度なし,この先目立った勾配なし,前方18.8m先を15.7km/h,後続列車なし,90.0,0.0,発車済み,30.0,70.0,0.0,-0.05
178.3999999999998,Train11,次駅への減速フェーズ（駅手前400m以内）,ブレーキ（減速）中,0.1,力行（加速）,0.1,70.0,32.7,34.92,70.0,57.9,1.6,57.61,0.0,9.2,この先制限速度なし,この先目立った勾配なし,前方100.4m先を23.9km/h,後続列車なし,60.0,0.0,発車済み,60.0,70.0,0.0,-0.05
140.0,Train11,次駅への減速フェーズ（駅手前400m以内）,ブレーキ（減速）中,3.0,惰行,1.0,70.0,70.0,52.32,52.3,380.9,38.0,133.07,0.0,6.1,この先制限速度なし,190m先に上り勾配9.2‰あり,前方381.3m先を0.0km/h,後続列車なし,90.0,27.0,未発車,30.0,44.3,0.0,-0.5
164.5999999999999,Train11,次駅への減速フェーズ（駅手前400m以内）,ブレーキ（減速）中,1.7000000000000004,力行（加速）,1.0,70.0,23.1,39.28,70.0,74.9,13.4,72.75,0.0,9.2,この先制限速度なし,この先目立った勾配なし,前方75.3m先を0.0km/h,後続列車なし,90.0,2.4,未発車,30.0,21.7,0.0,-0.05
177.59999999999917,Train11,次駅への減速フェーズ（駅手前400m以内）,ブレーキ（減速）中,0.9999999999999999,力行（加速）,0.1,70.0,0.0,4.59,0.0,0.0,0.4,1.13,0.0,0.0,この先制限速度なし,この先目立った勾配なし,前方0.0m先を0.0km/h,後続列車なし,90.0,0.0,未発車,30.0,0.0,10.6,-0.05
185.7999999999994,Train11,次駅への減速フェーズ（駅手前400m以内）,ブレーキ（減速）中,4.999999999999998,力行（加速）,0.1,70.0,35.2,14.24,70.0,6.9,0.0,9.65,5.9,9.2,この先制限速度なし,この先目立った勾配なし,前方108.5m先を32.9km/h,後続列車なし,60.0,0.0,発車済み,60.0,70.0,0.0,-0.05
169.69999999999962,Train11,次駅への減速フェーズ（駅手前400m以内）,ブレーキ（減速）中,3.5000000000000018,力行（加速）,0.1,70.0,0.0,24.6,24.6,29.6,8.3,28.7,0.0,9.2,この先制限速度なし,この先目立った勾配なし,前方30.0m先を0.0km/h,後続列車なし,90.0,0.0,未発車,30.0,24.6,2.7,-0.05
171.5999999999995,Train11,次駅への減速フェーズ（駅手前400m以内）,惰行中,0.1,ブレーキ（減速）,1.3,70.0,0.0,19.27,19.3,18.0,6.4,17.64,0.0,9.2,この先制限速度なし,この先目立った勾配なし,前方18.4m先を0.0km/h,後続列車なし,90.0,0.0,未発車,30.0,19.3,4.6,-0.05
172.99999999999943,Train11,次駅への減速フェーズ（駅手前400m以内）,ブレーキ（減速）中,0.7999999999999999,惰行,0.1,70.0,0.0,15.67,70.0,11.2,5.0,11.67,0.0,9.2,この先制限速度なし,この先目立った勾配なし,前方11.6m先を0.0km/h,後続列車なし,90.0,0.0,未発車,30.0,70.0,6.0,-0.05
160.0,Train11,次駅への減速フェーズ（駅手前400m以内）,惰行中,5.0,力行（加速）,6.0,70.0,39.5,45.03,45.0,123.1,18.0,95.33,0.0,9.2,この先制限速度なし,この先目立った勾配なし,前方123.4m先を0.0km/h,後続列車なし,90.0,7.0,未発車,30.0,27.9,0.0,-0.5
40.0,Train11,巡航フェーズ（駅間走行中）,ブレーキ（減速）中,2.0,力行（加速）,39.0,70.0,70.0,53.52,70.0,1778.4,30.0,165.27,0.0,-6.7,この先制限速度なし,この先目立った勾配なし,前方520.3m先を63.2km/h,後続列車なし,90.0,127.0,未発車,30.0,44.1,0.0,-0.5
202.8999999999992,Train11,次駅への減速フェーズ（駅手前400m以内）,ブレーキ（減速）中,2.3000000000000007,惰行,0.1,70.0,0.0,4.85,70.0,3.7,0.0,1.12,23.0,9.2,この先制限速度なし,この先目立った勾配なし,前方16.6m先を14.4km/h,後続列車なし,90.0,0.0,発車済み,30.0,70.0,0.0,-0.05
187.59999999999928,Train11,次駅への減速フェーズ（駅手前400m以内）,ブレーキ（減速）中,6.799999999999992,力行（加速）,0.1,70.0,38.4,8.98,70.0,1.1,0.0,3.84,7.7,9.2,この先制限速度なし,この先目立った勾配なし,前方119.6m先を34.6km/h,後続列車なし,60.0,0.0,発車済み,60.0,70.0,0.0,-0.05
176.8999999999999,Train11,次駅への減速フェーズ（駅手前400m以内）,ブレーキ（減速）中,0.1,惰行,0.1,70.0,34.5,38.48,70.0,73.1,3.1,69.83,0.0,9.2,この先制限速度なし,この先目立った勾配なし,前方106.1m先を21.6km/h,後続列車なし,60.0,0.0,発車済み,60.0,70.0,0.0,-0.05
92.0,Train11,巡航フェーズ（駅間走行中）,力行（加速）中,11.0,ブレーキ（減速）,6.0,70.0,70.0,55.24,70.0,1008.5,38.0,160.16,0.0,0.0,この先制限速度なし,18m先に上り勾配12.5‰あり,前方646.3m先を56.8km/h,後続列車なし,90.0,75.0,未発車,30.0,50.0,0.0,-0.5
198.49999999999946,Train11,次駅への減速フェーズ（駅手前400m以内）,ブレーキ（減速）中,0.6,力行（加速）,0.1,70.0,0.0,17.45,70.0,17.3,0.0,14.48,20.6,9.2,この先制限速度なし,この先目立った勾配なし,前方18.7m先を4.1km/h,後続列車なし,90.0,0.0,発車済み,30.0,70.0,0.0,-0.05
175.59999999999928,Train11,次駅への減速フェーズ（駅手前400m以内）,ブレーキ（減速）中,0.7,力行（加速）,0.1,70.0,0.0,9.35,9.4,2.2,2.4,4.17,0.0,9.2,この先制限速度なし,この先目立った勾配なし,前方2.6m先を0.0km/h,後続列車なし,90.0,0.0,未発車,30.0,9.4,8.6,-0.05
165.6999999999998,Train11,次駅への減速フェーズ（駅手前400m以内）,ブレーキ（減速）中,2.1000000000000005,惰行,0.2,70.0,13.4,33.81,33.8,58.2,12.3,54.01,0.0,9.2,この先制限速度なし,この先目立った勾配なし,前方58.5m先を0.0km/h,後続列車なし,90.0,1.3,未発車,30.0,17.4,0.0,-0.05
159.19999999999953,Train11,次駅への減速フェーズ（駅手前400m以内）,ブレーキ（減速）中,0.30000000000000004,惰行,0.1,70.0,0.0,25.67,25.7,6.3,18.8,31.24,0.0,9.2,この先制限速度なし,この先目立った勾配なし,前方6.7m先を0.0km/h,後続列車なし,90.0,7.8,未発車,30.0,4.4,0.0,-0.05
171.39999999999952,Train11,次駅への減速フェーズ（駅手前400m以内）,ブレーキ（減速）中,1.2,惰行,0.1,70.0,0.0,19.85,19.9,19.1,6.6,18.73,0.0,9.2,この先制限速度なし,この先目立った勾配なし,前方19.5m先を0.0km/h,後続列車なし,90.0,0.0,未発車,30.0,19.9,4.4,-0.05
178.9999999999991,Train11,次駅への減速フェーズ（駅手前400m以内）,ブレーキ（減速）中,2.400000000000001,力行（加速）,0.1,70.0,0.0,0.51,0.0,0.0,0.0,0.01,1.1,0.0,この先制限速度なし,この先目立った勾配なし,前方0.0m先を0.0km/h,後続列車なし,90.0,0.0,未発車,30.0,0.0,12.0,-0.5
177.89999999999984,Train11,次駅への減速フェーズ（駅手前400m以内）,ブレーキ（減速）中,0.7,惰行,0.1,70.0,33.2,35.76,70.0,62.8,2.1,60.38,0.0,9.2,この先制限速度なし,この先目立った勾配なし,前方102.0m先を23.1km/h,後続列車なし,60.0,0.0,発車済み,60.0,70.0,0.0,-0.05
162.89999999999995,Train11,次駅への減速フェーズ（駅手前400m以内）,ブレーキ（減速）中,0.8999999999999999,惰行,6.1,70.0,28.3,41.62,41.6,87.6,15.1,81.58,0.0,9.2,この先制限速度なし,この先目立った勾配なし,前方88.0m先を0.0km/h,後続列車なし,90.0,4.1,未発車,30.0,23.0,0.0,-0.05
152.49999999999991,Train11,次駅への減速フェーズ（駅手前400m以内）,ブレーキ（減速）中,0.6,力行（加速）,0.1,70.0,21.5,44.3,44.3,71.6,25.5,92.28,0.0,9.2,この先制限速度なし,この先目立った勾配なし,前方72.0m先を0.0km/h,後続列車なし,90.0,14.5,未発車,30.0,15.0,0.0,-0.05
177.39999999999918,Train11,次駅への減速フェーズ（駅手前400m以内）,ブレーキ（減速）中,0.7999999999999999,力行（加速）,0.1,70.0,0.0,5.17,0.0,0.0,0.6,1.44,0.0,0.0,この先制限速度なし,この先目立った勾配なし,前方0.0m先を0.0km/h,後続列車なし,90.0,0.0,未発車,30.0,0.0,10.4,-0.05
193.29999999999976,Train11,次駅への減速フェーズ（駅手前400m以内）,ブレーキ（減速）中,0.2,力行（加速）,0.1,70.0,8.3,32.27,70.0,52.9,0.0,49.25,15.4,9.2,この先制限速度なし,この先目立った勾配なし,前方53.3m先を0.0km/h,後続列車なし,90.0,0.0,未発車,30.0,70.0,26.3,-0.05
195.7999999999996,Train11,次駅への減速フェーズ（駅手前400m以内）,ブレーキ（減速）中,2.700000000000001,力行（加速）,0.1,70.0,0.0,24.9,70.0,33.1,0.0,29.4,17.9,9.2,この先制限速度なし,この先目立った勾配なし,前方33.5m先を0.0km/h,後続列車なし,90.0,0.0,未発車,30.0,70.0,28.8,-0.05
156.59999999999968,Train11,次駅への減速フェーズ（駅手前400m以内）,ブレーキ（減速）中,2.0000000000000004,力行（加速）,0.1,70.0,0.0,33.09,33.1,27.4,21.4,51.76,0.0,9.2,この先制限速度なし,この先目立った勾配なし,前方27.8m先を0.0km/h,後続列車なし,90.0,10.4,未発車,30.0,9.1,0.0,-0.05
162.69999999999996,Train11,次駅への減速フェーズ（駅手前400m以内）,ブレーキ（減速）中,0.7,惰行,6.1,70.0,29.2,42.22,42.2,89.9,15.3,83.91,0.0,9.2,この先制限速度なし,この先目立った勾配なし,前方90.3m先を0.0km/h,後続列車なし,90.0,4.3,未発車,30.0,22.9,0.0,-0.05
177.2999999999992,Train11,次駅への減速フェーズ（駅手前400m以内）,ブレーキ（減速）中,0.7,力行（加速）,0.1,70.0,0.0,5.46,0.0,0.0,0.7,1.6,0.0,0.0,この先制限速度なし,この先目立った勾配なし,前方0.0m先を0.0km/h,後続列車なし,90.0,0.0,未発車,30.0,0.0,10.3,-0.05
188.0,Train11,次駅への減速フェーズ（駅手前400m以内）,惰行中,6.0,力行（加速）,1.0,70.0,34.6,37.03,70.0,106.0,0.0,64.7,11.0,9.2,この先制限速度なし,この先目立った勾配なし,前方106.4m先を0.0km/h,後続列車なし,90.0,0.0,未発車,30.0,70.0,21.0,-0.5
177.59999999999985,Train11,次駅への減速フェーズ（駅手前400m以内）,ブレーキ（減速）中,0.4,惰行,0.1,70.0,33.5,36.65,70.0,65.8,2.4,63.4,0.0,9.2,この先制限速度なし,この先目立った勾配なし,前方103.1m先を22.7km/h,後続列車なし,60.0,0.0,発車済み,60.0,70.0,0.0,-0.05
199.4999999999994,Train11,次駅への減速フェーズ（駅手前400m以内）,ブレーキ（減速）中,1.6000000000000003,力行（加速）,0.1,70.0,0.0,14.52,70.0,12.9,0.0,10.04,21.6,9.2,この先制限速度なし,この先目立った勾配なし,前方15.7m先を6.7km/h,後続列車なし,90.0,0.0,発車済み,30.0,70.0,0.0,-0.05
114.0,Train11,巡航フェーズ（駅間走行中）,力行（加速）中,19.0,ブレーキ（減速）,3.0,70.0,70.0,55.08,70.0,699.5,41.0,159.23,0.0,0.0,この先制限速度なし,109m先に上り勾配6.1‰あり,前方602.4m先を30.2km/h,後続列車なし,90.0,53.0,未発車,30.0,46.3,0.0,-0.5
198.99999999999943,Train11,次駅への減速フェーズ（駅手前400m以内）,ブレーキ（減速）中,1.0999999999999999,力行（加速）,0.1,70.0,0.0,15.99,70.0,15.0,0.0,12.16,21.1,9.2,この先制限速度なし,この先目立った勾配なし,前方16.9m先を5.4km/h,後続列車なし,90.0,0.0,発車済み,30.0,70.0,0.0,-0.05
154.0,Train11,次駅への減速フェーズ（駅手前400m以内）,力行（加速）中,5.0,惰行,9.0,70.0,55.7,45.92,46.7,200.0,24.0,102.87,0.0,6.1,この先制限速度なし,10m先に上り勾配9.2‰あり,前方200.4m先を0.0km/h,後続列車なし,90.0,13.0,未発車,30.0,34.9,0.0,-0.5
155.29999999999976,Train11,次駅への減速フェーズ（駅手前400m以内）,ブレーキ（減速）中,0.7,力行（加速）,0.1,70.0,0.0,36.94,36.9,40.1,22.7,64.41,0.0,9.2,この先制限速度なし,この先目立った勾配なし,前方40.4m先を0.0km/h,後続列車なし,90.0,11.7,未発車,30.0,11.0,0.0,-0.05
149.0,Train11,次駅への減速フェーズ（駅手前400m以内）,惰行中,9.0,力行（加速）,12.0,70.0,66.4,43.74,45.7,261.7,29.0,93.45,0.0,6.1,この先制限速度なし,71m先に上り勾配9.2‰あり,前方262.1m先を0.0km/h,後続列車なし,90.0,18.0,未発車,30.0,38.7,0.0,-0.5
173.19999999999942,Train11,次駅への減速フェーズ（駅手前400m以内）,惰行中,0.1,ブレーキ（減速）,0.8999999999999999,70.0,0.0,15.08,70.0,10.3,4.8,10.82,0.0,9.2,この先制限速度なし,この先目立った勾配なし,前方10.7m先を0.0km/h,後続列車なし,90.0,0.0,未発車,30.0,70.0,6.2,-0.05
163.89999999999995,Train11,次駅への減速フェーズ（駅手前400m以内）,ブレーキ（減速）中,0.9999999999999999,力行（加速）,1.0,70.0,26.5,41.37,70.0,82.8,14.1,80.59,0.0,9.2,この先制限速度なし,この先目立った勾配なし,前方83.2m先を0.0km/h,後続列車なし,90.0,3.1,未発車,30.0,22.5,0.0,-0.05
188.59999999999923,Train11,次駅への減速フェーズ（駅手前400m以内）,ブレーキ（減速）中,7.799999999999988,力行（加速）,0.1,70.0,40.5,6.06,0.0,0.0,0.0,1.97,8.7,0.0,この先制限速度なし,この先目立った勾配なし,前方127.3m先を35.5km/h,後続列車なし,60.0,0.0,発車済み,60.0,0.0,0.0,-0.05
177.1999999999992,Train11,次駅への減速フェーズ（駅手前400m以内）,ブレーキ（減速）中,0.6,力行（加速）,0.1,70.0,0.0,5.75,0.0,0.0,0.8,1.78,0.0,0.0,この先制限速度なし,この先目立った勾配なし,前方0.0m先を0.0km/h,後続列車なし,90.0,0.0,未発車,30.0,0.0,10.2,-0.05
171.89999999999944,Train11,次駅への減速フェーズ（駅手前400m以内）,ブレーキ（減速）中,1.7000000000000004,惰行,0.1,70.0,0.0,16.77,70.0,15.1,6.1,13.38,0.0,9.2,この先制限速度なし,この先目立った勾配なし,前方15.4m先を0.0km/h,後続列車なし,90.0,0.0,未発車,30.0,70.0,4.9,-0.05
195.29999999999964,Train11,次駅への減速フェーズ（駅手前400m以内）,ブレーキ（減速）中,2.2000000000000006,力行（加速）,0.1,70.0,0.0,26.37,70.0,36.6,0.0,32.96,17.4,9.2,この先制限速度なし,この先目立った勾配なし,前方37.0m先を0.0km/h,後続列車なし,90.0,0.0,未発車,30.0,70.0,28.3,-0.05
154.99999999999977,Train11,次駅への減速フェーズ（駅手前400m以内）,ブレーキ（減速）中,0.4,力行（加速）,0.1,70.0,0.0,37.84,37.8,43.2,23.0,67.52,0.0,9.2,この先制限速度なし,この先目立った勾配なし,前方43.6m先を0.0km/h,後続列車なし,90.0,12.0,未発車,30.0,11.4,0.0,-0.05
198.29999999999947,Train11,次駅への減速フェーズ（駅手前400m以内）,ブレーキ（減速）中,0.4,力行（加速）,0.1,70.0,0.0,18.04,70.0,18.3,0.0,15.46,20.4,9.2,この先制限速度なし,この先目立った勾配なし,前方19.4m先を3.6km/h,後続列車なし,90.0,0.0,発車済み,30.0,70.0,0.0,-0.05
169.49999999999957,Train11,次駅への減速フェーズ（駅手前400m以内）,惰行中,0.1,ブレーキ（減速）,5.799999999999995,70.0,0.0,22.6,22.6,28.4,8.5,24.24,0.0,9.2,この先制限速度なし,この先目立った勾配なし,前方28.8m先を0.0km/h,後続列車なし,90.0,0.0,未発車,30.0,22.6,2.5,-0.05
173.39999999999935,Train11,次駅への減速フェーズ（駅手前400m以内）,ブレーキ（減速）中,3.2000000000000015,惰行,0.1,70.0,0.0,12.39,12.4,9.0,4.6,7.3,0.0,9.2,この先制限速度なし,この先目立った勾配なし,前方9.4m先を0.0km/h,後続列車なし,90.0,0.0,未発車,30.0,12.4,6.4,-0.05
178.99999999999977,Train11,次駅への減速フェーズ（駅手前400m以内）,ブレーキ（減速）中,0.7,力行（加速）,0.1,70.0,32.1,33.15,70.0,52.2,1.0,51.93,0.0,9.2,この先制限速度なし,この先目立った勾配なし,前方98.7m先を24.8km/h,後続列車なし,60.0,0.0,発車済み,60.0,70.0,0.0,-0.05
173.09999999999943,Train11,次駅への減速フェーズ（駅手前400m以内）,ブレーキ（減速）中,0.8999999999999999,惰行,0.1,70.0,0.0,15.37,70.0,10.8,4.9,11.24,0.0,9.2,この先制限速度なし,この先目立った勾配なし,前方11.2m先を0.0km/h,後続列車なし,90.0,0.0,未発車,30.0,70.0,6.1,-0.05
176.69999999999916,Train11,次駅への減速フェーズ（駅手前400m以内）,ブレーキ（減速）中,2.2000000000000006,惰行,0.1,70.0,0.0,3.01,70.0,1.9,1.3,0.43,0.0,9.2,この先制限速度なし,この先目立った勾配なし,前方2.3m先を0.0km/h,後続列車なし,90.0,0.0,未発車,30.0,70.0,9.7,-0.05
166.09999999999982,Train11,次駅への減速フェーズ（駅手前400m以内）,ブレーキ（減速）中,3.2000000000000015,力行（加速）,1.0,70.0,14.4,34.83,34.8,59.5,11.9,57.31,0.0,9.2,この先制限速度なし,この先目立った勾配なし,前方59.9m先を0.0km/h,後続列車なし,90.0,0.9,未発車,30.0,18.7,0.0,-0.05
157.0,Train11,次駅への減速フェーズ（駅手前400m以内）,惰行中,4.0,力行（加速）,10.0,70.0,50.2,45.95,46.6,167.7,21.0,99.2,0.0,9.2,この先制限速度なし,この先目立った勾配なし,前方168.1m先を0.0km/h,後続列車なし,90.0,10.0,未発車,30.0,34.0,0.0,-0.5
204.4999999999994,Train11,次駅への減速フェーズ（駅手前400m以内）,ブレーキ（減速）中,5.799999999999995,力行（加速）,0.1,70.0,70.0,17.73,0.0,0.0,0.0,16.81,24.6,0.0,この先制限速度なし,この先目立った勾配なし,前方306.6m先を44.8km/h,後続列車なし,60.0,0.0,発車済み,60.0,0.0,0.0,-0.05
124.0,Train11,巡航フェーズ（駅間走行中）,惰行中,1.0,力行（加速）,44.0,70.0,70.0,65.34,67.1,533.8,41.0,205.86,0.0,6.1,この先制限速度なし,343m先に上り勾配9.2‰あり,前方502.4m先を17.1km/h,後続列車なし,90.0,43.0,未発車,30.0,45.9,0.0,-0.5
158.39999999999958,Train11,次駅への減速フェーズ（駅手前400m以内）,ブレーキ（減速）中,3.800000000000002,力行（加速）,0.1,70.0,0.0,27.78,27.8,12.2,19.6,36.55,0.0,9.2,この先制限速度なし,この先目立った勾配なし,前方12.6m先を0.0km/h,後続列車なし,90.0,8.6,未発車,30.0,6.1,0.0,-0.05
172.29999999999941,Train11,次駅への減速フェーズ（駅手前400m以内）,ブレーキ（減速）中,2.1000000000000005,惰行,0.1,70.0,0.0,15.6,70.0,13.3,5.7,11.58,0.0,9.2,この先制限速度なし,この先目立った勾配なし,前方13.7m先を0.0km/h,後続列車なし,90.0,0.0,未発車,30.0,70.0,5.3,-0.05
171.99999999999943,Train11,次駅への減速フェーズ（駅手前400m以内）,ブレーキ（減速）中,1.8000000000000005,惰行,0.1,70.0,0.0,16.48,70.0,14.6,6.0,12.92,0.0,9.2,この先制限速度なし,この先目立った勾配なし,前方15.0m先を0.0km/h,後続列車なし,90.0,0.0,未発車,30.0,70.0,5.0,-0.05
59.0,Train11,巡航フェーズ（駅間走行中）,力行（加速）中,35.0,ブレーキ（減速）,6.0,70.0,70.0,57.63,70.0,1652.0,30.0,191.1,0.0,-6.7,この先制限速度なし,この先目立った勾配なし,前方726.7m先を62.6km/h,後続列車なし,90.0,108.0,未発車,30.0,50.6,0.0,-0.5
204.89999999999938,Train11,次駅への減速フェーズ（駅手前400m以内）,ブレーキ（減速）中,6.199999999999994,力行（加速）,0.1,70.0,70.0,16.56,0.0,0.0,0.0,14.67,25.0,0.0,この先制限速度なし,この先目立った勾配なし,前方309.7m先を45.0km/h,後続列車なし,60.0,0.0,発車済み,60.0,0.0,0.0,-0.05
182.79999999999956,Train11,次駅への減速フェーズ（駅手前400m以内）,ブレーキ（減速）中,2.0000000000000004,力行（加速）,0.1,70.0,31.8,23.03,70.0,22.4,0.0,25.17,2.9,9.2,この先制限速度なし,この先目立った勾配なし,前方97.8m先を29.7km/h,後続列車なし,60.0,0.0,発車済み,60.0,70.0,0.0,-0.05
125.0,Train11,巡航フェーズ（駅間走行中）,惰行中,2.0,力行（加速）,44.0,70.0,70.0,64.89,65.4,515.7,41.0,203.14,0.0,6.1,この先制限速度なし,325m先に上り勾配9.2‰あり,前方488.9m先を15.8km/h,後続列車なし,90.0,42.0,未発車,30.0,45.1,0.0,-0.5
176.59999999999917,Train11,次駅への減速フェーズ（駅手前400m以内）,ブレーキ（減速）中,2.1000000000000005,惰行,0.1,70.0,0.0,3.3,70.0,2.0,1.4,0.52,0.0,9.2,この先制限速度なし,この先目立った勾配なし,前方2.4m先を0.0km/h,後続列車なし,90.0,0.0,未発車,30.0,70.0,9.6,-0.05
74.0,Train11,巡航フェーズ（駅間走行中）,力行（加速）中,30.0,ブレーキ（減速）,6.0,70.0,70.0,63.03,70.0,1280.6,33.0,207.43,0.0,0.0,この先制限速度なし,290m先に上り勾配12.5‰あり,前方617.3m先を62.7km/h,後続列車なし,90.0,93.0,未発車,30.0,54.3,0.0,-0.5
171.7999999999995,Train11,次駅への減速フェーズ（駅手前400m以内）,ブレーキ（減速）中,0.2,惰行,0.1,70.0,0.0,18.93,70.0,17.0,6.2,17.03,0.0,9.2,この先制限速度なし,この先目立った勾配なし,前方17.4m先を0.0km/h,後続列車なし,90.0,0.0,未発車,30.0,70.0,4.8,-0.05
153.89999999999984,Train11,次駅への減速フェーズ（駅手前400m以内）,ブレーキ（減速）中,0.5,力行（加速）,0.1,70.0,10.8,40.48,40.5,55.1,24.1,77.21,0.0,9.2,この先制限速度なし,この先目立った勾配なし,前方55.5m先を0.0km/h,後続列車なし,90.0,13.1,未発車,30.0,13.0,0.0,-0.05
181.09999999999965,Train11,次駅への減速フェーズ（駅手前400m以内）,ブレーキ（減速）中,0.30000000000000004,力行（加速）,0.1,70.0,31.3,28.03,70.0,34.5,0.0,37.23,1.2,9.2,この先制限速度なし,この先目立った勾配なし,前方96.3m先を27.6km/h,後続列車なし,60.0,0.0,発車済み,60.0,70.0,0.0,-0.05
164.69999999999985,Train11,次駅への減速フェーズ（駅手前400m以内）,ブレーキ（減速）中,1.0999999999999999,惰行,0.2,70.0,19.7,36.77,36.8,68.0,13.3,63.81,0.0,9.2,この先制限速度なし,この先目立った勾配なし,前方68.3m先を0.0km/h,後続列車なし,90.0,2.3,未発車,30.0,19.2,0.0,-0.05
176.9999999999999,Train11,次駅への減速フェーズ（駅手前400m以内）,ブレーキ（減速）中,0.2,惰行,0.1,70.0,34.3,38.18,70.0,72.0,3.0,68.76,0.0,9.2,この先制限速度なし,この先目立った勾配なし,前方105.6m先を21.7km/h,後続列車なし,60.0,0.0,発車済み,60.0,70.0,0.0,-0.05
168.89999999999966,Train11,次駅への減速フェーズ（駅手前400m以内）,ブレーキ（減速）中,2.700000000000001,力行（加速）,0.1,70.0,0.0,26.95,27.0,35.4,9.1,34.42,0.0,9.2,この先制限速度なし,この先目立った勾配なし,前方35.7m先を0.0km/h,後続列車なし,90.0,0.0,未発車,30.0,27.0,1.9,-0.05
175.49999999999923,Train11,次駅への減速フェーズ（駅手前400m以内）,ブレーキ（減速）中,0.9999999999999999,惰行,0.1,70.0,0.0,6.51,7.1,3.5,2.5,2.02,0.0,9.2,この先制限速度なし,この先目立った勾配なし,前方3.9m先を0.0km/h,後続列車なし,90.0,0.0,未発車,30.0,7.1,8.5,-0.05
176.6999999999999,Train11,次駅への減速フェーズ（駅手前400m以内）,ブレーキ（減速）中,0.1,力行（加速）,15.699999999999994,70.0,34.8,38.83,70.0,75.2,3.3,71.07,0.0,9.2,この先制限速度なし,この先目立った勾配なし,前方107.0m先を21.2km/h,後続列車なし,60.0,0.0,発車済み,60.0,70.0,0.0,-0.05
173.29999999999936,Train11,次駅への減速フェーズ（駅手前400m以内）,ブレーキ（減速）中,3.1000000000000014,惰行,0.1,70.0,0.0,12.68,12.7,9.3,4.7,7.65,0.0,9.2,この先制限速度なし,この先目立った勾配なし,前方9.7m先を0.0km/h,後続列車なし,90.0,0.0,未発車,30.0,12.7,6.3,-0.05
176.39999999999992,Train11,次駅への減速フェーズ（駅手前400m以内）,力行（加速）中,15.499999999999995,ブレーキ（減速）,6.0,70.0,35.2,38.6,70.0,78.5,3.6,70.25,0.0,9.2,この先制限速度なし,この先目立った勾配なし,前方108.5m先を20.7km/h,後続列車なし,60.0,0.0,発車済み,60.0,70.0,0.0,-0.05
159.8999999999995,Train11,次駅への減速フェーズ（駅手前400m以内）,力行（加速）中,0.1,ブレーキ（減速）,0.1,70.0,0.0,24.06,24.1,1.5,18.1,27.46,0.0,9.2,この先制限速度なし,この先目立った勾配なし,前方1.9m先を0.0km/h,後続列車なし,90.0,7.1,未発車,30.0,2.1,0.0,-0.05
156.1999999999997,Train11,次駅への減速フェーズ（駅手前400m以内）,ブレーキ（減速）中,1.6000000000000003,力行（加速）,0.1,70.0,0.0,34.28,34.3,31.2,21.8,55.51,0.0,9.2,この先制限速度なし,この先目立った勾配なし,前方31.5m先を0.0km/h,後続列車なし,90.0,10.8,未発車,30.0,9.7,0.0,-0.05
185.09999999999943,Train11,次駅への減速フェーズ（駅手前400m以内）,ブレーキ（減速）中,4.300000000000001,力行（加速）,0.1,70.0,34.2,16.29,70.0,9.9,0.0,12.61,5.2,9.2,この先制限速度なし,この先目立った勾配なし,前方105.1m先を32.2km/h,後続列車なし,60.0,0.0,発車済み,60.0,70.0,0.0,-0.05
75.0,Train11,巡航フェーズ（駅間走行中）,力行（加速）中,31.0,ブレーキ（減速）,6.0,70.0,70.0,63.57,70.0,1263.0,33.0,210.86,0.0,0.0,この先制限速度なし,273m先に上り勾配12.5‰あり,前方617.1m先を62.5km/h,後続列車なし,90.0,92.0,未発車,30.0,54.3,0.0,-0.5
169.49999999999963,Train11,次駅への減速フェーズ（駅手前400m以内）,ブレーキ（減速）中,3.3000000000000016,力行（加速）,0.1,70.0,0.0,25.19,25.2,31.0,8.5,30.08,0.0,9.2,この先制限速度なし,この先目立った勾配なし,前方31.4m先を0.0km/h,後続列車なし,90.0,0.0,未発車,30.0,25.2,2.5,-0.05
164.09999999999988,Train11,次駅への減速フェーズ（駅手前400m以内）,ブレーキ（減速）中,0.5,惰行,0.2,70.0,22.8,38.55,38.6,74.2,13.9,70.09,0.0,9.2,この先制限速度なし,この先目立った勾配なし,前方74.6m先を0.0km/h,後続列車なし,90.0,2.9,未発車,30.0,21.0,0.0,-0.05
178.4999999999998,Train11,次駅への減速フェーズ（駅手前400m以内）,ブレーキ（減速）中,0.2,力行（加速）,0.1,70.0,32.6,34.63,70.0,56.9,1.5,56.64,0.0,9.2,この先制限速度なし,この先目立った勾配なし,前方100.1m先を24.0km/h,後続列車なし,60.0,0.0,発車済み,60.0,70.0,0.0,-0.05
178.5999999999991,Train11,次駅への減速フェーズ（駅手前400m以内）,ブレーキ（減速）中,2.0000000000000004,力行（加速）,0.1,70.0,0.0,1.68,0.0,0.0,0.0,0.15,0.7,0.0,この先制限速度なし,この先目立った勾配なし,前方0.0m先を0.0km/h,後続列車なし,90.0,0.0,未発車,30.0,0.0,11.6,-0.05
45.0,Train11,巡航フェーズ（駅間走行中）,力行（加速）中,4.0,惰行,6.0,70.0,70.0,56.25,70.0,1704.4,30.0,182.19,0.0,-6.7,この先制限速度なし,この先目立った勾配なし,前方534.0m先を62.8km/h,後続列車なし,90.0,122.0,未発車,30.0,44.5,0.0,-0.5
178.89999999999978,Train11,次駅への減速フェーズ（駅手前400m以内）,ブレーキ（減速）中,0.6,力行（加速）,0.1,70.0,32.2,33.44,70.0,53.1,1.1,52.86,0.0,9.2,この先制限速度なし,この先目立った勾配なし,前方99.0m先を24.6km/h,後続列車なし,60.0,0.0,発車済み,60.0,70.0,0.0,-0.05
176.79999999999916,Train11,次駅への減速フェーズ（駅手前400m以内）,ブレーキ（減速）中,2.3000000000000007,惰行,0.1,70.0,0.0,2.72,70.0,1.8,1.2,0.35,0.0,9.2,この先制限速度なし,この先目立った勾配なし,前方2.2m先を0.0km/h,後続列車なし,90.0,0.0,未発車,30.0,70.0,9.8,-0.05
134.0,Train11,次駅への減速フェーズ（駅手前400m以内）,惰行中,11.0,力行（加速）,44.0,70.0,70.0,60.97,61.0,358.4,42.0,179.78,0.0,6.1,この先制限速度なし,168m先に上り勾配9.2‰あり,前方356.8m先を4.3km/h,後続列車なし,90.0,33.0,未発車,30.0,36.8,0.0,-0.5
73.0,Train11,巡航フェーズ（駅間走行中）,力行（加速）中,29.0,ブレーキ（減速）,6.0,70.0,70.0,62.49,70.0,1298.0,33.0,203.96,0.0,0.0,この先制限速度なし,308m先に上り勾配12.5‰あり,前方617.3m先を63.0km/h,後続列車なし,90.0,94.0,未発車,30.0,54.6,0.0,-0.5
164.79999999999984,Train11,次駅への減速フェーズ（駅手前400m以内）,ブレーキ（減速）中,1.2,惰行,0.2,70.0,19.1,36.47,36.5,66.9,13.2,62.79,0.0,9.2,この先制限速度なし,この先目立った勾配なし,前方67.3m先を0.0km/h,後続列車なし,90.0,2.2,未発車,30.0,19.3,0.0,-0.05
160.0,Train11,次駅への減速フェーズ（駅手前400m以内）,惰行中,7.0,力行（加速）,10.0,70.0,41.3,44.48,45.0,130.1,18.0,93.03,0.0,9.2,この先制限速度なし,この先目立った勾配なし,前方130.4m先を0.0km/h,後続列車なし,90.0,7.0,未発車,30.0,29.5,0.0,-0.5
201.1999999999993,Train11,次駅への減速フェーズ（駅手前400m以内）,ブレーキ（減速）中,0.6,惰行,0.1,70.0,0.0,9.81,70.0,7.2,0.0,4.58,23.3,9.2,この先制限速度なし,この先目立った勾配なし,前方14.1m先を10.7km/h,後続列車なし,90.0,0.0,発車済み,30.0,70.0,0.0,-0.05
175.2999999999993,Train11,次駅への減速フェーズ（駅手前400m以内）,ブレーキ（減速）中,0.4,力行（加速）,0.1,70.0,0.0,10.23,10.2,3.0,2.7,4.98,0.0,9.2,この先制限速度なし,この先目立った勾配なし,前方3.4m先を0.0km/h,後続列車なし,90.0,0.0,未発車,30.0,10.2,8.3,-0.05
155.59999999999974,Train11,次駅への減速フェーズ（駅手前400m以内）,ブレーキ（減速）中,0.9999999999999999,力行（加速）,0.1,70.0,0.0,36.05,36.1,37.0,22.4,61.37,0.0,9.2,この先制限速度なし,この先目立った勾配なし,前方37.4m先を0.0km/h,後続列車なし,90.0,11.4,未発車,30.0,10.6,0.0,-0.05
177.99999999999983,Train11,次駅への減速フェーズ（駅手前400m以内）,ブレーキ（減速）中,0.7999999999999999,惰行,0.1,70.0,33.1,35.47,70.0,61.8,2.0,59.39,0.0,9.2,この先制限速度なし,この先目立った勾配なし,前方101.6m先を23.3km/h,後続列車なし,60.0,0.0,発車済み,60.0,70.0,0.0,-0.05
128.0,Train11,巡航フェーズ（駅間走行中）,惰行中,4.0,力行（加速）,17.0,70.0,70.0,57.27,70.0,570.5,41.0,159.0,0.0,6.1,この先制限速度なし,380m先に上り勾配9.2‰あり,前方555.4m先を12.0km/h,後続列車なし,90.0,39.0,未発車,30.0,52.2,0.0,-0.5
191.89999999999984,Train11,次駅への減速フェーズ（駅手前400m以内）,ブレーキ（減速）中,0.2,惰行,2.0000000000000004,70.0,18.7,36.01,70.0,66.1,0.0,61.23,14.0,9.2,この先制限速度なし,この先目立った勾配なし,前方66.5m先を0.0km/h,後続列車なし,90.0,0.0,未発車,30.0,70.0,24.9,-0.05
163.6999999999999,Train11,次駅への減速フェーズ（駅手前400m以内）,ブレーキ（減速）中,0.1,惰行,0.2,70.0,24.7,39.74,39.7,78.6,14.3,74.44,0.0,9.2,この先制限速度なし,この先目立った勾配なし,前方79.0m先を0.0km/h,後続列車なし,90.0,3.3,未発車,30.0,21.3,0.0,-0.05
203.99999999999915,Train11,次駅への減速フェーズ（駅手前400m以内）,ブレーキ（減速）中,0.2,力行（加速）,0.1,70.0,0.0,2.21,70.0,2.7,0.0,0.23,24.1,9.2,この先制限速度なし,この先目立った勾配なし,前方20.3m先を16.5km/h,後続列車なし,90.0,0.0,発車済み,30.0,70.0,0.0,-0.05
177.29999999999913,Train11,次駅への減速フェーズ（駅手前400m以内）,ブレーキ（減速）中,2.800000000000001,惰行,0.1,70.0,0.0,1.27,70.0,1.6,0.7,0.08,0.0,9.2,この先制限速度なし,この先目立った勾配なし,前方1.9m先を0.0km/h,後続列車なし,90.0,0.0,未発車,30.0,70.0,10.3,-0.05
183.29999999999953,Train11,次駅への減速フェーズ（駅手前400m以内）,ブレーキ（減速）中,2.500000000000001,力行（加速）,0.1,70.0,32.2,21.56,70.0,19.3,0.0,22.07,3.4,9.2,この先制限速度なし,この先目立った勾配なし,前方98.9m先を30.3km/h,後続列車なし,60.0,0.0,発車済み,60.0,70.0,0.0,-0.05
202.9999999999992,Train11,次駅への減速フェーズ（駅手前400m以内）,ブレーキ（減速）中,2.400000000000001,惰行,0.1,70.0,0.0,4.56,70.0,3.6,0.0,0.99,23.1,9.2,この先制限速度なし,この先目立った勾配なし,前方16.8m先を14.6km/h,後続列車なし,90.0,0.0,発車済み,30.0,70.0,0.0,-0.05
157.09999999999965,Train11,次駅への減速フェーズ（駅手前400m以内）,ブレーキ（減速）中,2.500000000000001,力行（加速）,0.1,70.0,0.0,31.61,31.6,22.9,20.9,47.27,0.0,9.2,この先制限速度なし,この先目立った勾配なし,前方23.3m先を0.0km/h,後続列車なし,90.0,9.9,未発車,30.0,8.3,0.0,-0.05
167.69999999999973,Train11,次駅への減速フェーズ（駅手前400m以内）,ブレーキ（減速）中,1.5000000000000002,力行（加速）,0.1,70.0,0.0,30.49,30.5,44.9,10.3,44.0,0.0,9.2,この先制限速度なし,この先目立った勾配なし,前方45.3m先を0.0km/h,後続列車なし,90.0,0.0,未発車,30.0,30.5,0.7,-0.05
169.1999999999996,Train11,次駅への減速フェーズ（駅手前400m以内）,ブレーキ（減速）中,5.599999999999996,惰行,0.2,70.0,0.0,23.48,23.5,30.3,8.8,26.16,0.0,9.2,この先制限速度なし,この先目立った勾配なし,前方30.7m先を0.0km/h,後続列車なし,90.0,0.0,未発車,30.0,23.5,2.2,-0.05
176.39999999999924,Train11,次駅への減速フェーズ（駅手前400m以内）,ブレーキ（減速）中,0.6,力行（加速）,0.1,70.0,0.0,7.55,7.5,0.3,1.6,2.72,0.0,9.2,この先制限速度なし,この先目立った勾配なし,前方0.7m先を0.0km/h,後続列車なし,90.0,0.0,未発車,30.0,7.5,9.4,-0.05
176.29999999999924,Train11,次駅への減速フェーズ（駅手前400m以内）,ブレーキ（減速）中,0.5,力行（加速）,0.1,70.0,0.0,7.84,7.8,0.6,1.7,2.93,0.0,9.2,この先制限速度なし,この先目立った勾配なし,前方0.9m先を0.0km/h,後続列車なし,90.0,0.0,未発車,30.0,7.8,9.3,-0.05
159.09999999999954,Train11,次駅への減速フェーズ（駅手前400m以内）,ブレーキ（減速）中,0.2,惰行,0.1,70.0,0.0,25.96,26.0,7.0,18.9,31.96,0.0,9.2,この先制限速度なし,この先目立った勾配なし,前方7.4m先を0.0km/h,後続列車なし,90.0,7.9,未発車,30.0,4.6,0.0,-0.05
166.5999999999998,Train11,次駅への減速フェーズ（駅手前400m以内）,ブレーキ（減速）中,0.4,力行（加速）,0.1,70.0,10.4,33.75,33.7,54.7,11.4,53.81,0.0,9.2,この先制限速度なし,この先目立った勾配なし,前方55.1m先を0.0km/h,後続列車なし,90.0,0.4,未発車,30.0,17.8,0.0,-0.05
175.29999999999924,Train11,次駅への減速フェーズ（駅手前400m以内）,ブレーキ（減速）中,0.7999999999999999,惰行,0.1,70.0,0.0,7.09,7.7,3.9,2.7,2.4,0.0,9.2,この先制限速度なし,この先目立った勾配なし,前方4.3m先を0.0km/h,後続列車なし,90.0,0.0,未発車,30.0,7.7,8.3,-0.05
173.59999999999934,Train11,次駅への減速フェーズ（駅手前400m以内）,ブレーキ（減速）中,3.4000000000000017,惰行,0.1,70.0,0.0,11.8,11.8,8.3,4.4,6.63,0.0,9.2,この先制限速度なし,この先目立った勾配なし,前方8.7m先を0.0km/h,後続列車なし,90.0,0.0,未発車,30.0,11.8,6.6,-0.05
176.09999999999926,Train11,次駅への減速フェーズ（駅手前400m以内）,ブレーキ（減速）中,0.30000000000000004,力行（加速）,0.1,70.0,0.0,8.42,8.4,1.0,1.9,3.38,0.0,9.2,この先制限速度なし,この先目立った勾配なし,前方1.4m先を0.0km/h,後続列車なし,90.0,0.0,未発車,30.0,8.4,9.1,-0.05
174.69999999999933,Train11,次駅への減速フェーズ（駅手前400m以内）,ブレーキ（減速）中,0.2,力行（加速）,0.1,70.0,0.0,11.46,11.5,4.9,3.3,6.26,0.0,9.2,この先制限速度なし,この先目立った勾配なし,前方5.2m先を0.0km/h,後続列車なし,90.0,0.0,未発車,30.0,11.5,7.7,-0.05
168.79999999999967,Train11,次駅への減速フェーズ（駅手前400m以内）,ブレーキ（減速）中,2.600000000000001,力行（加速）,0.1,70.0,0.0,27.25,27.2,36.1,9.2,35.18,0.0,9.2,この先制限速度なし,この先目立った勾配なし,前方36.5m先を0.0km/h,後続列車なし,90.0,0.0,未発車,30.0,27.2,1.8,-0.05
123.0,Train11,巡航フェーズ（駅間走行中）,力行（加速）中,44.0,ブレーキ（減速）,6.0,70.0,70.0,65.05,70.0,551.9,41.0,204.12,0.0,6.1,この先制限速度なし,361m先に上り勾配9.2‰あり,前方515.6m先を18.4km/h,後続列車なし,90.0,44.0,未発車,30.0,46.5,0.0,-0.5
156.3999999999997,Train11,次駅への減速フェーズ（駅手前400m以内）,ブレーキ（減速）中,1.8000000000000005,力行（加速）,0.1,70.0,0.0,33.68,33.7,29.3,21.6,53.62,0.0,9.2,この先制限速度なし,この先目立った勾配なし,前方29.7m先を0.0km/h,後続列車なし,90.0,10.6,未発車,30.0,9.4,0.0,-0.05
165.89999999999984,Train11,次駅への減速フェーズ（駅手前400m以内）,ブレーキ（減速）中,3.0000000000000013,力行（加速）,1.0,70.0,15.8,35.42,35.4,61.5,12.1,59.26,0.0,9.2,この先制限速度なし,この先目立った勾配なし,前方61.8m先を0.0km/h,後続列車なし,90.0,1.1,未発車,30.0,19.4,0.0,-0.05
194.79999999999967,Train11,次駅への減速フェーズ（駅手前400m以内）,ブレーキ（減速）中,1.7000000000000004,力行（加速）,0.1,70.0,0.0,27.84,70.0,40.4,0.0,36.73,16.9,9.2,この先制限速度なし,この先目立った勾配なし,前方40.8m先を0.0km/h,後続列車なし,90.0,0.0,未発車,30.0,70.0,27.8,-0.05
184.59999999999945,Train11,次駅への減速フェーズ（駅手前400m以内）,ブレーキ（減速）中,3.800000000000002,力行（加速）,0.1,70.0,33.5,17.75,70.0,12.3,0.0,14.98,4.7,9.2,この先制限速度なし,この先目立った勾配なし,前方103.0m先を31.7km/h,後続列車なし,60.0,0.0,発車済み,60.0,70.0,0.0,-0.05
153.99999999999983,Train11,次駅への減速フェーズ（駅手前400m以内）,ブレーキ（減速）中,0.6,力行（加速）,0.1,70.0,9.6,40.19,40.2,54.0,24.0,76.09,0.0,9.2,この先制限速度なし,この先目立った勾配なし,前方54.4m先を0.0km/h,後続列車なし,90.0,13.0,未発車,30.0,12.9,0.0,-0.05
162.0,Train11,次駅への減速フェーズ（駅手前400m以内）,力行（加速）中,1.0,惰行,8.0,70.0,34.4,43.51,70.0,105.6,16.0,89.05,0.0,9.2,この先制限速度なし,この先目立った勾配なし,前方106.0m先を0.0km/h,後続列車なし,90.0,5.0,未発車,30.0,25.8,0.0,-0.5
115.0,Train11,巡航フェーズ（駅間走行中）,力行（加速）中,20.0,ブレーキ（減速）,3.0,70.0,70.0,55.75,70.0,684.1,41.0,163.05,0.0,0.0,この先制限速度なし,94m先に上り勾配6.1‰あり,前方595.2m先を28.9km/h,後続列車なし,90.0,52.0,未発車,30.0,45.0,0.0,-0.5
203.79999999999916,Train11,次駅への減速フェーズ（駅手前400m以内）,力行（加速）中,0.1,ブレーキ（減速）,3.1000000000000014,70.0,0.0,2.23,70.0,2.8,0.0,0.24,23.9,9.2,この先制限速度なし,この先目立った勾配なし,前方19.5m先を16.1km/h,後続列車なし,90.0,0.0,発車済み,30.0,70.0,0.0,-0.05
193.59999999999974,Train11,次駅への減速フェーズ（駅手前400m以内）,ブレーキ（減速）中,0.5,力行（加速）,0.1,70.0,3.7,31.39,70.0,50.3,0.0,46.6,15.7,9.2,この先制限速度なし,この先目立った勾配なし,前方50.7m先を0.0km/h,後続列車なし,90.0,0.0,未発車,30.0,70.0,26.6,-0.05
172.79999999999944,Train11,次駅への減速フェーズ（駅手前400m以内）,ブレーキ（減速）中,0.6,惰行,0.1,70.0,0.0,16.25,70.0,12.1,5.2,12.56,0.0,9.2,この先制限速度なし,この先目立った勾配なし,前方12.5m先を0.0km/h,後続列車なし,90.0,0.0,未発車,30.0,70.0,5.8,-0.05
159.49999999999952,Train11,次駅への減速フェーズ（駅手前400m以内）,ブレーキ（減速）中,0.6,惰行,0.1,70.0,0.0,24.79,24.8,4.2,18.5,29.14,0.0,9.2,この先制限速度なし,この先目立った勾配なし,前方4.6m先を0.0km/h,後続列車なし,90.0,7.5,未発車,30.0,3.6,0.0,-0.05
185.19999999999942,Train11,次駅への減速フェーズ（駅手前400m以内）,ブレーキ（減速）中,4.4,力行（加速）,0.1,70.0,34.3,15.99,70.0,9.4,0.0,12.16,5.3,9.2,この先制限速度なし,この先目立った勾配なし,前方105.5m先を32.3km/h,後続列車なし,60.0,0.0,発車済み,60.0,70.0,0.0,-0.05
172.7999999999994,Train11,次駅への減速フェーズ（駅手前400m以内）,ブレーキ（減速）中,2.600000000000001,惰行,0.1,70.0,0.0,14.14,14.1,11.2,5.2,9.52,0.0,9.2,この先制限速度なし,この先目立った勾配なし,前方11.6m先を0.0km/h,後続列車なし,90.0,0.0,未発車,30.0,14.1,5.8,-0.05
177.39999999999912,Train11,次駅への減速フェーズ（駅手前400m以内）,ブレーキ（減速）中,2.9000000000000012,惰行,0.1,70.0,0.0,0.97,70.0,1.5,0.6,0.05,0.0,9.2,この先制限速度なし,この先目立った勾配なし,前方1.9m先を0.0km/h,後続列車なし,90.0,0.0,未発車,30.0,70.0,10.4,-0.05
163.5999999999999,Train11,次駅への減速フェーズ（駅手前400m以内）,惰行中,0.2,ブレーキ（減速）,1.4000000000000001,70.0,25.2,39.79,39.8,79.7,14.4,74.61,0.0,9.2,この先制限速度なし,この先目立った勾配なし,前方80.1m先を0.0km/h,後続列車なし,90.0,3.4,未発車,30.0,21.7,0.0,-0.05
183.5999999999995,Train11,次駅への減速フェーズ（駅手前400m以内）,ブレーキ（減速）中,2.800000000000001,力行（加速）,0.1,70.0,32.4,20.68,70.0,17.6,0.0,20.31,3.7,9.2,この先制限速度なし,この先目立った勾配なし,前方99.7m先を30.6km/h,後続列車なし,60.0,0.0,発車済み,60.0,70.0,0.0,-0.05
163.2,Train11,次駅への減速フェーズ（駅手前400m以内）,ブレーキ（減速）中,0.30000000000000004,力行（加速）,1.0,70.0,29.6,43.46,70.0,91.0,14.8,88.84,0.0,9.2,この先制限速度なし,この先目立った勾配なし,前方91.4m先を0.0km/h,後続列車なし,90.0,3.8,未発車,30.0,23.7,0.0,-0.05
171.49999999999952,Train11,次駅への減速フェーズ（駅手前400m以内）,ブレーキ（減速）中,1.3,惰行,0.1,70.0,0.0,19.56,19.6,18.6,6.5,18.18,0.0,9.2,この先制限速度なし,この先目立った勾配なし,前方19.0m先を0.0km/h,後続列車なし,90.0,0.0,未発車,30.0,19.6,4.5,-0.05
97.0,Train11,巡航フェーズ（駅間走行中）,力行（加速）中,31.0,ブレーキ（減速）,5.0,70.0,70.0,65.59,70.0,1056.7,40.0,224.17,0.0,0.0,この先制限速度なし,66m先に上り勾配12.5‰あり,前方769.0m先を50.4km/h,後続列車なし,90.0,70.0,未発車,30.0,56.8,0.0,-0.5
157.49999999999963,Train11,次駅への減速フェーズ（駅手前400m以内）,ブレーキ（減速）中,2.9000000000000012,力行（加速）,0.1,70.0,0.0,30.43,30.4,19.5,20.5,43.82,0.0,9.2,この先制限速度なし,この先目立った勾配なし,前方19.9m先を0.0km/h,後続列車なし,90.0,9.5,未発車,30.0,7.7,0.0,-0.05
181.69999999999962,Train11,次駅への減速フェーズ（駅手前400m以内）,ブレーキ（減速）中,0.8999999999999999,力行（加速）,0.1,70.0,31.4,26.27,70.0,30.0,0.0,32.7,1.8,9.2,この先制限速度なし,この先目立った勾配なし,前方96.5m先を28.4km/h,後続列車なし,60.0,0.0,発車済み,60.0,70.0,0.0,-0.05
165.5999999999998,Train11,次駅への減速フェーズ（駅手前400m以内）,ブレーキ（減速）中,2.0000000000000004,惰行,0.2,70.0,14.1,34.1,34.1,59.1,12.4,54.95,0.0,9.2,この先制限速度なし,この先目立った勾配なし,前方59.5m先を0.0km/h,後続列車なし,90.0,1.4,未発車,30.0,18.3,0.0,-0.05
202.39999999999924,Train11,次駅への減速フェーズ（駅手前400m以内）,ブレーキ（減速）中,1.8000000000000005,惰行,0.1,70.0,0.0,6.31,70.0,4.5,0.0,1.9,22.5,9.2,この先制限速度なし,この先目立った勾配なし,前方15.5m先を13.3km/h,後続列車なし,90.0,0.0,発車済み,30.0,70.0,0.0,-0.05
164.39999999999986,Train11,次駅への減速フェーズ（駅手前400m以内）,ブレーキ（減速）中,0.7999999999999999,惰行,0.2,70.0,21.3,37.66,37.7,71.1,13.6,66.91,0.0,9.2,この先制限速度なし,この先目立った勾配なし,前方71.4m先を0.0km/h,後続列車なし,90.0,2.6,未発車,30.0,20.0,0.0,-0.05
163.19999999999993,Train11,次駅への減速フェーズ（駅手前400m以内）,ブレーキ（減速）中,1.2,惰行,6.1,70.0,27.0,40.73,40.7,84.2,14.8,78.15,0.0,9.2,この先制限速度なし,この先目立った勾配なし,前方84.5m先を0.0km/h,後続列車なし,90.0,3.8,未発車,30.0,22.6,0.0,-0.05
194.4999999999997,Train11,次駅への減速フェーズ（駅手前400m以内）,ブレーキ（減速）中,1.4000000000000001,力行（加速）,0.1,70.0,0.0,28.73,70.0,42.8,0.0,39.08,16.6,9.2,この先制限速度なし,この先目立った勾配なし,前方43.1m先を0.0km/h,後続列車なし,90.0,0.0,未発車,30.0,70.0,27.5,-0.05
181.39999999999964,Train11,次駅への減速フェーズ（駅手前400m以内）,ブレーキ（減速）中,0.6,力行（加速）,0.1,70.0,31.3,27.15,70.0,32.2,0.0,34.93,1.5,9.2,この先制限速度なし,この先目立った勾配なし,前方96.4m先を28.0km/h,後続列車なし,60.0,0.0,発車済み,60.0,70.0,0.0,-0.05
158.99999999999955,Train11,次駅への減速フェーズ（駅手前400m以内）,ブレーキ（減速）中,0.1,惰行,0.1,70.0,0.0,26.26,26.3,7.7,19.0,32.68,0.0,9.2,この先制限速度なし,この先目立った勾配なし,前方8.1m先を0.0km/h,後続列車なし,90.0,8.0,未発車,30.0,4.8,0.0,-0.05
152.7999999999999,Train11,次駅への減速フェーズ（駅手前400m以内）,ブレーキ（減速）中,0.8999999999999999,力行（加速）,0.1,70.0,19.6,43.4,43.4,67.9,25.2,88.63,0.0,9.2,この先制限速度なし,この先目立った勾配なし,前方68.3m先を0.0km/h,後続列車なし,90.0,14.2,未発車,30.0,14.6,0.0,-0.05
187.2999999999993,Train11,次駅への減速フェーズ（駅手前400m以内）,ブレーキ（減速）中,6.499999999999993,力行（加速）,0.1,70.0,37.8,9.85,70.0,1.9,0.0,4.63,7.4,9.2,この先制限速度なし,この先目立った勾配なし,前方117.5m先を34.4km/h,後続列車なし,60.0,0.0,発車済み,60.0,70.0,0.0,-0.05
191.09999999999988,Train11,次駅への減速フェーズ（駅手前400m以内）,惰行中,1.4000000000000001,力行（加速）,0.7999999999999999,70.0,22.8,36.64,70.0,74.2,0.0,63.35,13.2,9.2,この先制限速度なし,この先目立った勾配なし,前方74.6m先を0.0km/h,後続列車なし,90.0,0.0,未発車,30.0,70.0,24.1,-0.05
203.69999999999916,Train11,次駅への減速フェーズ（駅手前400m以内）,ブレーキ（減速）中,3.1000000000000014,惰行,0.1,70.0,0.0,2.52,70.0,2.9,0.0,0.3,23.8,9.2,この先制限速度なし,この先目立った勾配なし,前方19.2m先を15.9km/h,後続列車なし,90.0,0.0,発車済み,30.0,70.0,0.0,-0.05
197.19999999999953,Train11,次駅への減速フェーズ（駅手前400m以内）,ブレーキ（減速）中,4.100000000000001,力行（加速）,0.1,70.0,0.0,20.79,70.0,24.2,0.0,20.52,19.3,9.2,この先制限速度なし,この先目立った勾配なし,前方24.7m先を0.6km/h,後続列車なし,90.0,0.0,未発車,30.0,70.0,30.2,-0.05
175.89999999999995,Train11,次駅への減速フェーズ（駅手前400m以内）,力行（加速）中,14.999999999999996,ブレーキ（減速）,6.0,70.0,36.0,38.21,70.0,83.8,4.1,68.87,0.0,9.2,この先制限速度なし,この先目立った勾配なし,前方111.0m先を19.9km/h,後続列車なし,60.0,0.0,発車済み,60.0,70.0,0.0,-0.05
167.3999999999997,Train11,次駅への減速フェーズ（駅手前400m以内）,ブレーキ（減速）中,3.800000000000002,惰行,0.2,70.0,0.0,28.78,28.8,43.4,10.6,39.23,0.0,9.2,この先制限速度なし,この先目立った勾配なし,前方43.8m先を0.0km/h,後続列車なし,90.0,0.0,未発車,30.0,28.8,0.4,-0.05
154.3999999999998,Train11,次駅への減速フェーズ（駅手前400m以内）,惰行中,0.1,ブレーキ（減速）,0.8999999999999999,70.0,0.0,39.0,39.0,49.6,23.6,71.69,0.0,9.2,この先制限速度なし,この先目立った勾配なし,前方50.0m先を0.0km/h,後続列車なし,90.0,12.6,未発車,30.0,12.3,0.0,-0.05
