time,train_id,phase,current_notch,holding_time,prev_notch,prev_notch_duration,speed_limit,signal_speed,current_speed,required_speed,dist_to_next_station,time_to_next_station,req_stop_dist,delay,current_gradient,next_limit_info,next_gradient_info,forward_info,backward_info,forward_train_delay,forward_clear_remaining_time,forward_departed_next,standard_headway,target_speed_no_stop,forward_observed_delay,reward
149.09999999999937,Train11,次駅への減速フェーズ（駅手前400m以内）,ブレーキ（減速）中,0.1,力行（加速）,0.7,70.0,9.9,2.14,11.5,54.3,28.9,0.22,0.0,9.2,この先制限速度なし,この先目立った勾配なし,前方54.6m先を0.0km/h,後続列車なし,90.0,32.9,未発車,30.0,12.8,0.0,-0.05
162.9999999999996,Train11,次駅への減速フェーズ（駅手前400m以内）,ブレーキ（減速）中,4.4,力行（加速）,0.1,70.0,10.4,13.15,17.7,54.8,15.0,8.23,0.0,9.2,この先制限速度なし,この先目立った勾配なし,前方55.2m先を0.0km/h,後続列車なし,90.0,19.0,未発車,30.0,12.9,0.0,-0.05
153.59999999999934,Train11,次駅への減速フェーズ（駅手前400m以内）,ブレーキ（減速）中,0.4,力行（加速）,0.7,70.0,7.7,1.09,11.8,52.4,24.4,0.06,0.0,9.2,この先制限速度なし,この先目立った勾配なし,前方52.8m先を0.0km/h,後続列車なし,90.0,28.4,未発車,30.0,12.6,0.0,-0.05
170.499999999999,Train11,次駅への減速フェーズ（駅手前400m以内）,惰行中,3.0000000000000013,ブレーキ（減速）,0.8999999999999999,70.0,7.1,0,70.0,52.0,7.5,0.0,0.0,9.2,この先制限速度なし,この先目立った勾配なし,前方52.4m先を0.0km/h,後続列車なし,90.0,15.0,未発車,30.0,12.6,3.5,-0.05
182.69999999999888,Train11,次駅への減速フェーズ（駅手前400m以内）,ブレーキ（減速）中,0.9999999999999999,惰行,0.1,70.0,0.0,0,70.0,45.6,0.0,0.0,4.8,9.2,この先制限速度なし,この先目立った勾配なし,前方46.0m先を0.0km/h,後続列車なし,90.0,15.0,未発車,30.0,11.7,15.7,-0.05
183.49999999999872,Train11,次駅への減速フェーズ（駅手前400m以内）,ブレーキ（減速）中,0.2,力行（加速）,0.7999999999999999,70.0,10.0,1.94,70.0,53.4,0.0,0.18,5.6,9.2,この先制限速度なし,この先目立った勾配なし,前方54.8m先を4.1km/h,後続列車なし,90.0,0.0,発車済み,30.0,70.0,0.0,-0.05
162.4999999999993,Train11,次駅への減速フェーズ（駅手前400m以内）,惰行中,1.3,力行（加速）,0.30000000000000004,70.0,8.4,0.36,70.0,53.0,15.5,0.01,0.0,9.2,この先制限速度なし,この先目立った勾配なし,前方53.4m先を0.0km/h,後続列車なし,90.0,19.5,未発車,30.0,12.7,0.0,-0.05
169.89999999999887,Train11,次駅への減速フェーズ（駅手前400m以内）,ブレーキ（減速）中,1.5000000000000002,力行（加速）,0.7999999999999999,70.0,10.5,0,70.0,51.6,8.1,0.0,0.0,9.2,この先制限速度なし,この先目立った勾配なし,前方55.2m先を7.7km/h,後続列車なし,90.0,0.0,発車済み,30.0,70.0,0.0,-0.05
165.99999999999943,Train11,次駅への減速フェーズ（駅手前400m以内）,ブレーキ（減速）中,0.9999999999999999,惰行,0.1,70.0,0.0,5.42,70.0,47.1,12.0,1.4,0.0,9.2,この先制限速度なし,この先目立った勾配なし,前方47.5m先を0.0km/h,後続列車なし,90.0,16.0,未発車,30.0,11.9,0.0,-0.05
160.59999999999872,Train11,次駅への減速フェーズ（駅手前400m以内）,力行（加速）中,0.1,ブレーキ（減速）,6.099999999999994,70.0,9.0,0,18.2,53.5,17.4,0.0,0.0,9.2,この先制限速度なし,この先目立った勾配なし,前方53.8m先を0.0km/h,後続列車なし,90.0,21.4,未発車,30.0,12.7,0.0,-0.05
174.29999999999873,Train11,次駅への減速フェーズ（駅手前400m以内）,ブレーキ（減速）中,0.8999999999999999,力行（加速）,1.0999999999999999,70.0,20.1,0.72,70.0,50.1,5.7,0.02,0.0,9.2,この先制限速度なし,この先目立った勾配なし,前方69.1m先を17.1km/h,後続列車なし,90.0,0.0,発車済み,30.0,70.0,0.0,-0.05
161.29999999999998,Train11,次駅への減速フェーズ（駅手前400m以内）,ブレーキ（減速）中,0.4,惰行,1.0,70.0,29.4,30.42,30.4,90.4,16.7,43.79,0.0,9.2,この先制限速度なし,この先目立った勾配なし,前方90.8m先を0.0km/h,後続列車なし,90.0,20.7,未発車,30.0,16.7,0.0,-0.05
180.09999999999903,Train11,次駅への減速フェーズ（駅手前400m以内）,ブレーキ（減速）中,2.1000000000000005,惰行,0.1,70.0,0.0,0,70.0,45.6,0.0,0.0,2.2,9.2,この先制限速度なし,この先目立った勾配なし,前方46.0m先を0.0km/h,後続列車なし,90.0,15.0,未発車,30.0,11.7,13.1,-0.05
158.99999999999903,Train11,次駅への減速フェーズ（駅手前400m以内）,惰行中,4.999999999999998,ブレーキ（減速）,0.7999999999999999,70.0,7.6,0,14.2,52.4,19.0,0.0,0.0,9.2,この先制限速度なし,この先目立った勾配なし,前方52.7m先を0.0km/h,後続列車なし,90.0,23.0,未発車,30.0,12.6,0.0,-0.05
171.69999999999877,Train11,次駅への減速フェーズ（駅手前400m以内）,惰行中,0.1,ブレーキ（減速）,3.2000000000000015,70.0,14.6,0,70.0,51.6,6.3,0.0,0.0,9.2,この先制限速度なし,この先目立った勾配なし,前方60.2m先を11.8km/h,後続列車なし,90.0,0.0,発車済み,30.0,70.0,0.0,-0.05
164.69999999999916,Train11,次駅への減速フェーズ（駅手前400m以内）,ブレーキ（減速）中,0.2,力行（加速）,0.5,70.0,7.5,1.79,70.0,52.3,13.3,0.15,0.0,9.2,この先制限速度なし,この先目立った勾配なし,前方52.7m先を0.0km/h,後続列車なし,90.0,17.3,未発車,30.0,12.6,0.0,-0.05
176.49999999999883,Train11,次駅への減速フェーズ（駅手前400m以内）,ブレーキ（減速）中,5.1999999999999975,惰行,0.1,70.0,0.0,0,70.0,45.6,1.5,0.0,0.0,9.2,この先制限速度なし,この先目立った勾配なし,前方46.0m先を0.0km/h,後続列車なし,90.0,15.0,未発車,30.0,11.8,9.5,-0.05
179.09999999999897,Train11,次駅への減速フェーズ（駅手前400m以内）,ブレーキ（減速）中,2.700000000000001,惰行,1.4000000000000001,70.0,9.3,0,70.0,53.7,0.0,0.0,1.2,9.2,この先制限速度なし,この先目立った勾配なし,前方54.1m先を0.0km/h,後続列車なし,90.0,15.0,未発車,30.0,12.8,12.1,-0.05
161.39999999999998,Train11,次駅への減速フェーズ（駅手前400m以内）,ブレーキ（減速）中,0.5,惰行,1.0,70.0,29.1,30.12,30.1,89.6,16.6,42.95,0.0,9.2,この先制限速度なし,この先目立った勾配なし,前方90.0m先を0.0km/h,後続列車なし,90.0,20.6,未発車,30.0,16.6,0.0,-0.05
167.99999999999972,Train11,次駅への減速フェーズ（駅手前400m以内）,ブレーキ（減速）中,0.1,力行（加速）,0.1,70.0,15.7,16.99,70.0,61.3,10.0,13.73,0.0,9.2,この先制限速度なし,この先目立った勾配なし,前方61.7m先を0.0km/h,後続列車なし,90.0,15.0,未発車,30.0,13.7,1.0,-0.05
152.09999999999943,Train11,次駅への減速フェーズ（駅手前400m以内）,ブレーキ（減速）中,5.699999999999996,惰行,0.1,70.0,8.2,1.36,12.0,52.8,25.9,0.09,0.0,9.2,この先制限速度なし,この先目立った勾配なし,前方53.2m先を0.0km/h,後続列車なし,90.0,29.9,未発車,30.0,12.7,0.0,-0.05
170.49999999999878,Train11,次駅への減速フェーズ（駅手前400m以内）,ブレーキ（減速）中,1.3,惰行,0.1,70.0,0.0,0,70.0,42.7,7.5,0.0,0.0,9.2,この先制限速度なし,この先目立った勾配なし,前方47.8m先を9.1km/h,後続列車なし,60.0,0.0,発車済み,60.0,70.0,0.0,-0.05
159.29999999999959,Train11,次駅への減速フェーズ（駅手前400m以内）,ブレーキ（減速）中,1.0999999999999999,力行（加速）,0.1,70.0,11.9,10.01,14.9,56.4,18.7,4.77,0.0,9.2,この先制限速度なし,この先目立った勾配なし,前方56.7m先を0.0km/h,後続列車なし,90.0,22.7,未発車,30.0,13.1,0.0,-0.05
149.79999999999956,Train11,次駅への減速フェーズ（駅手前400m以内）,ブレーキ（減速）中,1.7000000000000004,力行（加速）,0.1,70.0,11.2,9.2,12.1,55.5,28.2,4.03,0.0,9.2,この先制限速度なし,この先目立った勾配なし,前方55.9m先を0.0km/h,後続列車なし,90.0,32.2,未発車,30.0,13.0,0.0,-0.05
155.69999999999922,Train11,次駅への減速フェーズ（駅手前400m以内）,惰行中,1.7000000000000004,ブレーキ（減速）,0.7999999999999999,70.0,7.6,0,12.6,52.4,22.3,0.0,0.0,9.2,この先制限速度なし,この先目立った勾配なし,前方52.7m先を0.0km/h,後続列車なし,90.0,26.3,未発車,30.0,12.6,0.0,-0.05
174.29999999999936,Train11,次駅への減速フェーズ（駅手前400m以内）,ブレーキ（減速）中,6.299999999999994,力行（加速）,0.1,70.0,0.0,0,70.0,46.8,3.7,0.0,0.0,9.2,この先制限速度なし,この先目立った勾配なし,前方47.2m先を0.0km/h,後続列車なし,90.0,15.0,未発車,30.0,11.9,7.3,-0.05
168.39999999999958,Train11,次駅への減速フェーズ（駅手前400m以内）,ブレーキ（減速）中,0.5,惰行,0.1,70.0,6.1,10.33,70.0,50.5,9.6,5.09,0.0,9.2,この先制限速度なし,この先目立った勾配なし,前方51.8m先を3.8km/h,後続列車なし,90.0,0.0,発車済み,30.0,70.0,0.0,-0.05
178.29999999999964,Train11,次駅への減速フェーズ（駅手前400m以内）,惰行中,0.7999999999999999,ブレーキ（減速）,4.200000000000001,70.0,30.3,17.15,70.0,51.6,1.7,13.98,0.0,9.2,この先制限速度なし,この先目立った勾配なし,前方93.5m先を23.7km/h,後続列車なし,60.0,0.0,発車済み,60.0,70.0,0.0,-0.05
149.99999999999955,Train11,次駅への減速フェーズ（駅手前400m以内）,ブレーキ（減速）中,3.600000000000002,惰行,0.1,70.0,11.0,7.48,12.2,55.4,28.0,2.66,0.0,9.2,この先制限速度なし,この先目立った勾配なし,前方55.8m先を0.0km/h,後続列車なし,90.0,32.0,未発車,30.0,13.0,0.0,-0.05
155.29999999999902,Train11,次駅への減速フェーズ（駅手前400m以内）,ブレーキ（減速）中,3.1000000000000014,力行（加速）,0.7999999999999999,70.0,7.7,0,12.6,52.4,22.7,0.0,0.0,9.2,この先制限速度なし,この先目立った勾配なし,前方52.8m先を0.0km/h,後続列車なし,90.0,26.7,未発車,30.0,12.6,0.0,-0.05
177.79999999999916,Train11,次駅への減速フェーズ（駅手前400m以内）,力行（加速）中,0.1,ブレーキ（減速）,0.1,70.0,0.0,0,70.0,45.6,0.2,0.0,0.0,9.2,この先制限速度なし,この先目立った勾配なし,前方46.0m先を0.0km/h,後続列車なし,90.0,15.0,未発車,30.0,11.7,10.8,-0.05
151.79999999999922,Train11,次駅への減速フェーズ（駅手前400m以内）,力行（加速）中,0.4,惰行,2.9000000000000012,70.0,8.3,0.85,11.6,52.9,26.2,0.03,0.0,9.2,この先制限速度なし,この先目立った勾配なし,前方53.2m先を0.0km/h,後続列車なし,90.0,30.2,未発車,30.0,12.7,0.0,-0.05
153.89999999999966,Train11,次駅への減速フェーズ（駅手前400m以内）,ブレーキ（減速）中,0.7,力行（加速）,0.1,70.0,12.7,16.81,16.8,57.3,24.1,13.44,0.0,9.2,この先制限速度なし,この先目立った勾配なし,前方57.7m先を0.0km/h,後続列車なし,60.0,15.0,未発車,60.0,13.2,16.9,-0.05
172.49999999999883,Train11,次駅への減速フェーズ（駅手前400m以内）,力行（加速）中,0.2,惰行,0.5,70.0,16.1,0.28,70.0,51.0,7.5,0.0,0.0,9.2,この先制限速度なし,この先目立った勾配なし,前方62.3m先を13.5km/h,後続列車なし,90.0,0.0,発車済み,30.0,70.0,0.0,-0.05
139.29999999999998,Train11,次駅への減速フェーズ（駅手前400m以内）,惰行中,0.1,ブレーキ（減速）,6.299999999999999,70.0,31.0,29.01,29.0,95.1,38.7,39.85,0.0,9.2,この先制限速度なし,この先目立った勾配なし,前方95.5m先を0.0km/h,後続列車なし,90.0,42.7,未発車,30.0,17.0,0.0,-0.05
141.5999999999998,Train11,次駅への減速フェーズ（駅手前400m以内）,ブレーキ（減速）中,3.0000000000000013,惰行,0.7,70.0,22.0,19.48,19.5,72.6,36.4,18.02,0.0,9.2,この先制限速度なし,この先目立った勾配なし,前方73.0m先を0.0km/h,後続列車なし,90.0,40.4,未発車,30.0,14.9,0.0,-0.05
164.79999999999933,Train11,次駅への減速フェーズ（駅手前400m以内）,ブレーキ（減速）中,2.700000000000001,力行（加速）,0.1,70.0,7.8,0,70.0,52.5,13.2,0.0,0.0,9.2,この先制限速度なし,この先目立った勾配なし,前方52.9m先を0.0km/h,後続列車なし,90.0,17.2,未発車,30.0,12.6,0.0,-0.05
159.5999999999994,Train11,次駅への減速フェーズ（駅手前400m以内）,ブレーキ（減速）中,0.7,惰行,0.1,70.0,0.0,5.09,12.3,44.0,18.4,1.23,0.0,9.2,この先制限速度なし,この先目立った勾配なし,前方44.3m先を0.0km/h,後続列車なし,60.0,15.0,未発車,60.0,11.5,22.6,-0.05
172.29999999999907,Train11,次駅への減速フェーズ（駅手前400m以内）,ブレーキ（減速）中,0.9999999999999999,惰行,0.1,70.0,0.0,0,70.0,45.6,5.7,0.0,0.0,9.2,この先制限速度なし,この先目立った勾配なし,前方46.0m先を0.0km/h,後続列車なし,90.0,15.0,未発車,30.0,11.8,5.3,-0.05
161.89999999999876,Train11,次駅への減速フェーズ（駅手前400m以内）,ブレーキ（減速）中,0.1,力行（加速）,0.7999999999999999,70.0,4.5,2.23,18.3,50.6,16.1,0.24,0.0,9.2,この先制限速度なし,この先目立った勾配なし,前方51.0m先を0.0km/h,後続列車なし,90.0,20.1,未発車,30.0,12.4,0.0,-0.05
164.6999999999987,Train11,次駅への減速フェーズ（駅手前400m以内）,ブレーキ（減速）中,3.800000000000002,力行（加速）,0.7999999999999999,70.0,6.9,0,70.0,51.9,13.3,0.0,0.0,9.2,この先制限速度なし,この先目立った勾配なし,前方52.3m先を0.0km/h,後続列車なし,90.0,17.3,未発車,30.0,12.5,0.0,-0.05
177.0999999999988,Train11,次駅への減速フェーズ（駅手前400m以内）,ブレーキ（減速）中,0.4,力行（加速）,0.1,70.0,0.0,0,70.0,45.6,0.9,0.0,0.0,9.2,この先制限速度なし,この先目立った勾配なし,前方46.0m先を0.0km/h,後続列車なし,90.0,15.0,未発車,30.0,11.8,10.1,-0.05
174.49999999999935,Train11,次駅への減速フェーズ（駅手前400m以内）,ブレーキ（減速）中,6.499999999999993,力行（加速）,0.1,70.0,0.0,0,70.0,46.8,3.5,0.0,0.0,9.2,この先制限速度なし,この先目立った勾配なし,前方47.2m先を0.0km/h,後続列車なし,90.0,15.0,未発車,30.0,11.9,7.5,-0.05
151.69999999999985,Train11,次駅への減速フェーズ（駅手前400m以内）,ブレーキ（減速）中,1.9000000000000006,力行（加速）,0.1,70.0,24.1,25.7,25.7,77.1,26.3,31.3,0.0,9.2,この先制限速度なし,この先目立った勾配なし,前方77.5m先を0.0km/h,後続列車なし,60.0,15.0,未発車,60.0,15.7,14.7,-0.05
174.69999999999985,Train11,次駅への減速フェーズ（駅手前400m以内）,ブレーキ（減速）中,1.4000000000000001,力行（加速）,0.7999999999999999,70.0,30.3,25.96,70.0,72.5,5.3,31.95,0.0,9.2,この先制限速度なし,この先目立った勾配なし,前方93.4m先を17.8km/h,後続列車なし,60.0,0.0,発車済み,60.0,70.0,0.0,-0.05
163.59999999999923,Train11,次駅への減速フェーズ（駅手前400m以内）,ブレーキ（減速）中,0.1,力行（加速）,0.7,70.0,8.1,2.15,70.0,52.7,14.4,0.22,0.0,9.2,この先制限速度なし,この先目立った勾配なし,前方53.1m先を0.0km/h,後続列車なし,90.0,18.4,未発車,30.0,12.6,0.0,-0.05
145.4999999999998,Train11,次駅への減速フェーズ（駅手前400m以内）,ブレーキ（減速）中,1.8000000000000005,惰行,0.1,70.0,22.1,19.9,19.9,72.8,32.5,18.82,0.0,9.2,この先制限速度なし,この先目立った勾配なし,前方73.1m先を0.0km/h,後続列車なし,90.0,36.5,未発車,30.0,14.9,0.0,-0.05
154.19999999999908,Train11,次駅への減速フェーズ（駅手前400m以内）,力行（加速）中,0.6,ブレーキ（減速）,3.5000000000000018,70.0,9.4,1.41,12.0,53.9,23.8,0.09,0.0,9.2,この先制限速度なし,この先目立った勾配なし,前方54.2m先を0.0km/h,後続列車なし,90.0,27.8,未発車,30.0,12.8,0.0,-0.05
157.89999999999972,Train11,次駅への減速フェーズ（駅手前400m以内）,ブレーキ（減速）中,0.9999999999999999,惰行,0.4,70.0,18.8,16.66,16.7,66.3,20.1,13.2,0.0,9.2,この先制限速度なし,この先目立った勾配なし,前方66.7m先を0.0km/h,後続列車なし,90.0,24.1,未発車,30.0,14.2,0.0,-0.05
163.59999999999877,Train11,次駅への減速フェーズ（駅手前400m以内）,ブレーキ（減速）中,2.700000000000001,力行（加速）,0.7999999999999999,70.0,6.9,0,70.0,51.9,14.4,0.0,0.0,9.2,この先制限速度なし,この先目立った勾配なし,前方52.3m先を0.0km/h,後続列車なし,90.0,18.4,未発車,30.0,12.5,0.0,-0.05
157.69999999999968,Train11,次駅への減速フェーズ（駅手前400m以内）,ブレーキ（減速）中,0.1,惰行,0.1,70.0,16.0,14.17,15.2,61.8,20.3,9.56,0.0,9.2,この先制限速度なし,この先目立った勾配なし,前方62.1m先を0.0km/h,後続列車なし,90.0,24.3,未発車,30.0,13.7,0.0,-0.05
166.6999999999986,Train11,次駅への減速フェーズ（駅手前400m以内）,惰行中,2.1000000000000005,ブレーキ（減速）,2.0000000000000004,70.0,5.2,0,70.0,50.9,11.3,0.0,0.0,9.2,この先制限速度なし,この先目立った勾配なし,前方51.3m先を0.0km/h,後続列車なし,90.0,15.3,未発車,30.0,12.4,0.0,-0.05
155.6999999999991,Train11,次駅への減速フェーズ（駅手前400m以内）,ブレーキ（減速）中,0.7999999999999999,力行（加速）,0.7999999999999999,70.0,5.1,0.2,12.2,50.8,22.3,0.0,0.0,9.2,この先制限速度なし,この先目立った勾配なし,前方51.2m先を0.0km/h,後続列車なし,90.0,26.3,未発車,30.0,12.4,0.0,-0.05
147.0,Train11,次駅への減速フェーズ（駅手前400m以内）,ブレーキ（減速）中,1.0,惰行,1.0,70.0,35.0,36.2,36.2,107.5,31.0,61.86,0.0,9.2,この先制限速度なし,この先目立った勾配なし,前方107.9m先を0.0km/h,後続列車なし,60.0,15.0,未発車,60.0,36.2,10.0,-0.5
180.499999999999,Train11,次駅への減速フェーズ（駅手前400m以内）,ブレーキ（減速）中,2.500000000000001,惰行,0.1,70.0,0.0,0,70.0,45.6,0.0,0.0,2.6,9.2,この先制限速度なし,この先目立った勾配なし,前方46.0m先を0.0km/h,後続列車なし,90.0,15.0,未発車,30.0,11.7,13.5,-0.05
171.1999999999989,Train11,次駅への減速フェーズ（駅手前400m以内）,ブレーキ（減速）中,2.2000000000000006,力行（加速）,0.7999999999999999,70.0,12.9,0,70.0,51.0,6.8,0.0,0.0,9.2,この先制限速度なし,この先目立った勾配なし,前方57.9m先を10.7km/h,後続列車なし,90.0,0.0,発車済み,30.0,70.0,0.0,-0.05
162.49999999999895,Train11,次駅への減速フェーズ（駅手前400m以内）,ブレーキ（減速）中,0.8999999999999999,力行（加速）,0.1,70.0,0.0,0,70.0,48.2,15.5,0.0,0.0,9.2,この先制限速度なし,この先目立った勾配なし,前方48.6m先を0.0km/h,後続列車なし,90.0,19.5,未発車,30.0,12.1,0.0,-0.05
162.69999999999928,Train11,次駅への減速フェーズ（駅手前400m以内）,惰行中,1.5000000000000002,力行（加速）,0.30000000000000004,70.0,8.4,0.28,70.0,53.0,15.3,0.0,0.0,9.2,この先制限速度なし,この先目立った勾配なし,前方53.4m先を0.0km/h,後続列車なし,90.0,19.3,未発車,30.0,12.7,0.0,-0.05
152.99999999999983,Train11,次駅への減速フェーズ（駅手前400m以内）,ブレーキ（減速）中,2.9000000000000012,惰行,0.2,70.0,22.9,20.61,20.6,74.5,25.0,20.18,0.0,9.2,この先制限速度なし,この先目立った勾配なし,前方74.9m先を0.0km/h,後続列車なし,90.0,29.0,未発車,30.0,15.0,0.0,-0.05
143.89999999999966,Train11,次駅への減速フェーズ（駅手前400m以内）,ブレーキ（減速）中,5.299999999999997,惰行,0.7,70.0,16.3,12.74,13.3,62.3,34.1,7.73,0.0,9.2,この先制限速度なし,この先目立った勾配なし,前方62.7m先を0.0km/h,後続列車なし,90.0,38.1,未発車,30.0,13.8,0.0,-0.05
169.59999999999906,Train11,次駅への減速フェーズ（駅手前400m以内）,惰行中,2.1000000000000005,ブレーキ（減速）,0.8999999999999999,70.0,7.1,0,70.0,52.0,8.4,0.0,0.0,9.2,この先制限速度なし,この先目立った勾配なし,前方52.4m先を0.0km/h,後続列車なし,90.0,15.0,未発車,30.0,12.6,2.6,-0.05
154.89999999999984,Train11,次駅への減速フェーズ（駅手前400m以内）,ブレーキ（減速）中,13.99999999999999,惰行,2.0,70.0,23.5,22.13,22.1,75.8,23.1,23.25,0.0,9.2,この先制限速度なし,この先目立った勾配なし,前方76.2m先を0.0km/h,後続列車なし,90.0,27.1,未発車,30.0,15.2,0.0,-0.05
161.89999999999995,Train11,次駅への減速フェーズ（駅手前400m以内）,ブレーキ（減速）中,0.9999999999999999,惰行,1.0,70.0,27.5,28.65,28.6,85.5,16.1,38.87,0.0,9.2,この先制限速度なし,この先目立った勾配なし,前方85.9m先を0.0km/h,後続列車なし,90.0,20.1,未発車,30.0,16.2,0.0,-0.05
168.8999999999991,Train11,次駅への減速フェーズ（駅手前400m以内）,惰行中,1.4000000000000001,ブレーキ（減速）,0.8999999999999999,70.0,7.1,0,70.0,52.0,9.1,0.0,0.0,9.2,この先制限速度なし,この先目立った勾配なし,前方52.4m先を0.0km/h,後続列車なし,90.0,15.0,未発車,30.0,12.6,1.9,-0.05
146.1999999999996,Train11,次駅への減速フェーズ（駅手前400m以内）,ブレーキ（減速）中,2.400000000000001,惰行,0.1,70.0,12.5,10.47,12.7,57.1,31.8,5.22,0.0,9.2,この先制限速度なし,この先目立った勾配なし,前方57.4m先を0.0km/h,後続列車なし,90.0,35.8,未発車,30.0,13.2,0.0,-0.05
165.49999999999878,Train11,次駅への減速フェーズ（駅手前400m以内）,ブレーキ（減速）中,2.0000000000000004,力行（加速）,0.1,70.0,0.0,0,70.0,48.2,12.5,0.0,0.0,9.2,この先制限速度なし,この先目立った勾配なし,前方48.6m先を0.0km/h,後続列車なし,90.0,16.5,未発車,30.0,12.1,0.0,-0.05
143.1999999999997,Train11,次駅への減速フェーズ（駅手前400m以内）,ブレーキ（減速）中,1.7000000000000004,力行（加速）,0.2,70.0,18.2,15.99,16.0,65.3,34.8,12.17,0.0,9.2,この先制限速度なし,この先目立った勾配なし,前方65.6m先を0.0km/h,後続列車なし,90.0,38.8,未発車,30.0,14.1,0.0,-0.05
144.89999999999984,Train11,次駅への減速フェーズ（駅手前400m以内）,ブレーキ（減速）中,1.2,惰行,0.1,70.0,23.7,21.66,21.7,76.2,33.1,22.28,0.0,9.2,この先制限速度なし,この先目立った勾配なし,前方76.6m先を0.0km/h,後続列車なし,90.0,37.1,未発車,30.0,15.2,0.0,-0.05
174.09999999999874,Train11,次駅への減速フェーズ（駅手前400m以内）,ブレーキ（減速）中,0.7,力行（加速）,1.0999999999999999,70.0,19.6,1.3,70.0,50.1,5.9,0.08,0.0,9.2,この先制限速度なし,この先目立った勾配なし,前方68.2m先を16.7km/h,後続列車なし,90.0,0.0,発車済み,30.0,70.0,0.0,-0.05
178.19999999999885,Train11,次駅への減速フェーズ（駅手前400m以内）,ブレーキ（減速）中,4.999999999999998,惰行,3.3000000000000016,70.0,28.9,0,70.0,48.2,1.8,0.0,0.0,9.2,この先制限速度なし,この先目立った勾配なし,前方89.4m先を23.6km/h,後続列車なし,60.0,0.0,発車済み,60.0,70.0,0.0,-0.05
164.69999999999928,Train11,次駅への減速フェーズ（駅手前400m以内）,ブレーキ（減速）中,0.2,惰行,1.2,70.0,6.2,0,70.0,51.4,13.3,0.0,0.0,9.2,この先制限速度なし,この先目立った勾配なし,前方51.8m先を0.0km/h,後続列車なし,90.0,17.3,未発車,30.0,12.5,0.0,-0.05
144.89999999999972,Train11,次駅への減速フェーズ（駅手前400m以内）,ブレーキ（減速）中,1.5000000000000002,惰行,0.1,70.0,18.0,16.25,16.2,64.9,33.1,12.56,0.0,9.2,この先制限速度なし,この先目立った勾配なし,前方65.3m先を0.0km/h,後続列車なし,90.0,37.1,未発車,30.0,14.0,0.0,-0.05
147.19999999999948,Train11,次駅への減速フェーズ（駅手前400m以内）,ブレーキ（減速）中,0.7,惰行,0.1,70.0,9.6,4.57,11.8,54.0,30.8,0.99,0.0,9.2,この先制限速度なし,この先目立った勾配なし,前方54.3m先を0.0km/h,後続列車なし,90.0,34.8,未発車,30.0,12.8,0.0,-0.05
160.0999999999996,Train11,次駅への減速フェーズ（駅手前400m以内）,ブレーキ（減速）中,3.2000000000000015,惰行,0.4,70.0,13.4,10.23,15.1,58.1,17.9,4.98,0.0,9.2,この先制限速度なし,この先目立った勾配なし,前方58.5m先を0.0km/h,後続列車なし,90.0,21.9,未発車,30.0,13.3,0.0,-0.05
155.499999999999,Train11,次駅への減速フェーズ（駅手前400m以内）,ブレーキ（減速）中,1.0999999999999999,力行（加速）,0.7999999999999999,70.0,9.0,0,12.6,53.5,22.5,0.0,0.0,9.2,この先制限速度なし,この先目立った勾配なし,前方53.8m先を0.0km/h,後続列車なし,90.0,26.5,未発車,30.0,12.7,0.0,-0.05
148.9999999999996,Train11,次駅への減速フェーズ（駅手前400m以内）,ブレーキ（減速）中,2.600000000000001,惰行,0.1,70.0,13.2,10.39,12.6,57.9,29.0,5.15,0.0,9.2,この先制限速度なし,この先目立った勾配なし,前方58.2m先を0.0km/h,後続列車なし,90.0,33.0,未発車,30.0,13.2,0.0,-0.05
159.89999999999938,Train11,次駅への減速フェーズ（駅手前400m以内）,ブレーキ（減速）中,0.9999999999999999,惰行,0.1,70.0,0.0,4.21,12.1,43.6,18.1,0.85,0.0,9.2,この先制限速度なし,この先目立った勾配なし,前方43.9m先を0.0km/h,後続列車なし,60.0,15.0,未発車,60.0,11.5,22.9,-0.05
158.7999999999996,Train11,次駅への減速フェーズ（駅手前400m以内）,ブレーキ（減速）中,0.6,力行（加速）,0.1,70.0,13.2,11.47,14.7,57.8,19.2,6.26,0.0,9.2,この先制限速度なし,この先目立った勾配なし,前方58.2m先を0.0km/h,後続列車なし,90.0,23.2,未発車,30.0,13.2,0.0,-0.05
163.3999999999994,Train11,次駅への減速フェーズ（駅手前400m以内）,ブレーキ（減速）中,1.3,力行（加速）,0.1,70.0,8.0,1.7,70.0,52.7,14.6,0.14,0.0,9.2,この先制限速度なし,この先目立った勾配なし,前方53.0m先を0.0km/h,後続列車なし,90.0,18.6,未発車,30.0,12.6,0.0,-0.05
179.1999999999996,Train11,次駅への減速フェーズ（駅手前400m以内）,惰行中,1.7000000000000004,ブレーキ（減速）,4.200000000000001,70.0,31.0,16.76,70.0,47.4,0.8,13.36,0.0,9.2,この先制限速度なし,この先目立った勾配なし,前方95.3m先を25.1km/h,後続列車なし,60.0,0.0,発車済み,60.0,70.0,0.0,-0.05
172.3999999999989,Train11,次駅への減速フェーズ（駅手前400m以内）,惰行中,4.899999999999999,ブレーキ（減速）,0.8999999999999999,70.0,7.1,0,70.0,52.0,5.6,0.0,0.0,9.2,この先制限速度なし,この先目立った勾配なし,前方52.4m先を0.0km/h,後続列車なし,90.0,15.0,未発車,30.0,12.6,5.4,-0.05
143.39999999999975,Train11,次駅への減速フェーズ（駅手前400m以内）,ブレーキ（減速）中,1.5000000000000002,力行（加速）,0.1,70.0,19.8,17.92,17.9,68.3,34.6,15.26,0.0,9.2,この先制限速度なし,この先目立った勾配なし,前方68.7m先を0.0km/h,後続列車なし,90.0,38.6,未発車,30.0,14.4,0.0,-0.05
165.29999999999902,Train11,次駅への減速フェーズ（駅手前400m以内）,ブレーキ（減速）中,1.9000000000000006,力行（加速）,0.1,70.0,0.0,0,70.0,42.7,12.7,0.0,0.0,9.2,この先制限速度なし,この先目立った勾配なし,前方43.1m先を0.0km/h,後続列車なし,60.0,15.0,未発車,60.0,11.4,28.3,-0.05
178.49999999999912,Train11,次駅への減速フェーズ（駅手前400m以内）,ブレーキ（減速）中,0.5,惰行,0.1,70.0,0.0,0,70.0,45.6,0.0,0.0,0.6,9.2,この先制限速度なし,この先目立った勾配なし,前方46.0m先を0.0km/h,後続列車なし,90.0,15.0,未発車,30.0,11.7,11.5,-0.05
164.09999999999982,Train11,次駅への減速フェーズ（駅手前400m以内）,ブレーキ（減速）中,1.7000000000000004,惰行,0.4,70.0,23.9,21.56,70.0,76.7,13.9,22.06,0.0,9.2,この先制限速度なし,この先目立った勾配なし,前方77.0m先を0.0km/h,後続列車なし,90.0,17.9,未発車,30.0,15.4,0.0,-0.05
174.69999999999933,Train11,次駅への減速フェーズ（駅手前400m以内）,ブレーキ（減速）中,6.699999999999992,力行（加速）,0.1,70.0,0.0,0,70.0,46.8,3.3,0.0,0.0,9.2,この先制限速度なし,この先目立った勾配なし,前方47.2m先を0.0km/h,後続列車なし,90.0,15.0,未発車,30.0,11.9,7.7,-0.05
178.99999999999898,Train11,次駅への減速フェーズ（駅手前400m以内）,ブレーキ（減速）中,2.600000000000001,惰行,1.4000000000000001,70.0,9.3,0,70.0,53.7,0.0,0.0,1.1,9.2,この先制限速度なし,この先目立った勾配なし,前方54.1m先を0.0km/h,後続列車なし,90.0,15.0,未発車,30.0,12.8,12.0,-0.05
166.3999999999986,Train11,次駅への減速フェーズ（駅手前400m以内）,ブレーキ（減速）中,5.4999999999999964,力行（加速）,0.7999999999999999,70.0,6.9,0,70.0,51.9,11.6,0.0,0.0,9.2,この先制限速度なし,この先目立った勾配なし,前方52.3m先を0.0km/h,後続列車なし,90.0,15.6,未発車,30.0,12.5,0.0,-0.05
150.69999999999928,Train11,次駅への減速フェーズ（駅手前400m以内）,ブレーキ（減速）中,0.6,惰行,0.6,70.0,9.6,0,12.0,54.0,27.3,0.0,0.0,9.2,この先制限速度なし,この先目立った勾配なし,前方54.3m先を0.0km/h,後続列車なし,90.0,31.3,未発車,30.0,12.8,0.0,-0.05
148.3999999999994,Train11,次駅への減速フェーズ（駅手前400m以内）,力行（加速）中,0.1,ブレーキ（減速）,0.7,70.0,10.1,0.19,11.6,54.5,29.6,0.0,0.0,9.2,この先制限速度なし,この先目立った勾配なし,前方54.9m先を0.0km/h,後続列車なし,90.0,33.6,未発車,30.0,12.8,0.0,-0.05
147.59999999999945,Train11,次駅への減速フェーズ（駅手前400m以内）,ブレーキ（減速）中,1.0999999999999999,惰行,0.1,70.0,9.1,3.4,11.4,53.5,30.4,0.55,0.0,9.2,この先制限速度なし,この先目立った勾配なし,前方53.9m先を0.0km/h,後続列車なし,90.0,34.4,未発車,30.0,12.7,0.0,-0.05
185.79999999999922,Train11,次駅への減速フェーズ（駅手前400m以内）,惰行中,3.3000000000000016,ブレーキ（減速）,2.1000000000000005,70.0,40.4,8.73,70.0,25.4,0.0,3.63,5.9,9.2,この先制限速度なし,この先目立った勾配なし,前方127.0m先を32.9km/h,後続列車なし,60.0,0.0,発車済み,60.0,70.0,0.0,-0.05
149.39999999999992,Train11,次駅への減速フェーズ（駅手前400m以内）,ブレーキ（減速）中,2.5000000000000013,惰行,1.0,70.0,27.6,29.1,29.1,85.8,28.6,40.09,0.0,9.2,この先制限速度なし,この先目立った勾配なし,前方86.2m先を0.0km/h,後続列車なし,60.0,15.0,未発車,60.0,16.8,12.4,-0.05
148.5999999999994,Train11,次駅への減速フェーズ（駅手前400m以内）,力行（加速）中,0.30000000000000004,ブレーキ（減速）,0.7,70.0,10.1,0.76,11.5,54.5,29.4,0.03,0.0,9.2,この先制限速度なし,この先目立った勾配なし,前方54.8m先を0.0km/h,後続列車なし,90.0,33.4,未発車,30.0,12.8,0.0,-0.05
160.19999999999936,Train11,次駅への減速フェーズ（駅手前400m以内）,ブレーキ（減速）中,1.3,惰行,0.1,70.0,0.0,3.34,12.5,43.3,17.8,0.53,0.0,9.2,この先制限速度なし,この先目立った勾配なし,前方43.6m先を0.0km/h,後続列車なし,60.0,15.0,未発車,60.0,11.4,23.2,-0.05
170.29999999999902,Train11,次駅への減速フェーズ（駅手前400m以内）,惰行中,2.800000000000001,ブレーキ（減速）,0.8999999999999999,70.0,7.1,0,70.0,52.0,7.7,0.0,0.0,9.2,この先制限速度なし,この先目立った勾配なし,前方52.4m先を0.0km/h,後続列車なし,90.0,15.0,未発車,30.0,12.6,3.3,-0.05
171.1999999999988,Train11,次駅への減速フェーズ（駅手前400m以内）,ブレーキ（減速）中,2.800000000000001,力行（加速）,0.7999999999999999,70.0,13.4,0,70.0,51.6,6.8,0.0,0.0,9.2,この先制限速度なし,この先目立った勾配なし,前方58.6m先を10.7km/h,後続列車なし,90.0,0.0,発車済み,30.0,70.0,0.0,-0.05
164.4999999999986,Train11,次駅への減速フェーズ（駅手前400m以内）,ブレーキ（減速）中,1.5000000000000002,力行（加速）,0.5,70.0,3.2,0,70.0,50.1,13.5,0.0,0.0,9.2,この先制限速度なし,この先目立った勾配なし,前方50.5m先を0.0km/h,後続列車なし,90.0,17.5,未発車,30.0,12.3,0.0,-0.05
162.29999999999993,Train11,次駅への減速フェーズ（駅手前400m以内）,ブレーキ（減速）中,1.4000000000000001,惰行,1.0,70.0,26.3,27.47,28.8,82.4,15.7,35.75,0.0,9.2,この先制限速度なし,この先目立った勾配なし,前方82.8m先を0.0km/h,後続列車なし,90.0,19.7,未発車,30.0,15.9,0.0,-0.05
145.0,Train11,次駅への減速フェーズ（駅手前400m以内）,ブレーキ（減速）中,3.0,惰行,1.0,70.0,40.9,39.64,39.6,128.2,33.0,74.05,0.0,9.2,この先制限速度なし,この先目立った勾配なし,前方128.6m先を0.0km/h,後続列車なし,60.0,15.0,未発車,60.0,39.6,8.0,-0.5
166.59999999999894,Train11,次駅への減速フェーズ（駅手前400m以内）,ブレーキ（減速）中,3.2000000000000015,力行（加速）,0.1,70.0,0.0,0,70.0,42.7,11.4,0.0,0.0,9.2,この先制限速度なし,この先目立った勾配なし,前方43.1m先を0.0km/h,後続列車なし,60.0,15.0,未発車,60.0,11.4,29.6,-0.05
167.29999999999896,Train11,次駅への減速フェーズ（駅手前400m以内）,ブレーキ（減速）中,1.5000000000000002,力行（加速）,0.1,70.0,0.0,0,70.0,42.7,10.7,0.0,0.0,9.2,この先制限速度なし,この先目立った勾配なし,前方43.2m先を0.8km/h,後続列車なし,60.0,15.0,未発車,60.0,11.4,30.3,-0.05
157.09999999999891,Train11,次駅への減速フェーズ（駅手前400m以内）,ブレーキ（減速）中,4.899999999999999,力行（加速）,0.7999999999999999,70.0,7.7,0,13.1,52.4,20.9,0.0,0.0,9.2,この先制限速度なし,この先目立った勾配なし,前方52.8m先を0.0km/h,後続列車なし,90.0,24.9,未発車,30.0,12.6,0.0,-0.05
169.7999999999996,Train11,次駅への減速フェーズ（駅手前400m以内）,ブレーキ（減速）中,1.8000000000000005,力行（加速）,0.1,70.0,9.0,11.83,70.0,53.5,8.2,6.67,0.0,9.2,この先制限速度なし,この先目立った勾配なし,前方53.9m先を0.0km/h,後続列車なし,90.0,15.0,未発車,30.0,12.7,2.8,-0.05
161.69999999999933,Train11,次駅への減速フェーズ（駅手前400m以内）,惰行中,0.5,力行（加速）,0.30000000000000004,70.0,8.6,0.68,19.5,53.1,16.3,0.02,0.0,9.2,この先制限速度なし,この先目立った勾配なし,前方53.5m先を0.0km/h,後続列車なし,90.0,20.3,未発車,30.0,12.7,0.0,-0.05
177.1999999999988,Train11,次駅への減速フェーズ（駅手前400m以内）,ブレーキ（減速）中,0.5,力行（加速）,0.1,70.0,0.0,0,70.0,45.6,0.8,0.0,0.0,9.2,この先制限速度なし,この先目立った勾配なし,前方46.0m先を0.0km/h,後続列車なし,90.0,15.0,未発車,30.0,11.8,10.2,-0.05
169.2999999999988,Train11,次駅への減速フェーズ（駅手前400m以内）,ブレーキ（減速）中,5.899999999999995,力行（加速）,0.1,70.0,0.0,0,70.0,42.7,8.7,0.0,0.0,9.2,この先制限速度なし,この先目立った勾配なし,前方45.2m先を6.2km/h,後続列車なし,60.0,0.0,発車済み,60.0,70.0,0.0,-0.05
167.09999999999965,Train11,次駅への減速フェーズ（駅手前400m以内）,ブレーキ（減速）中,4.699999999999999,惰行,0.4,70.0,16.4,12.77,70.0,62.4,10.9,7.76,0.0,9.2,この先制限速度なし,この先目立った勾配なし,前方62.7m先を0.0km/h,後続列車なし,90.0,15.0,未発車,30.0,13.8,0.1,-0.05
166.19999999999953,Train11,次駅への減速フェーズ（駅手前400m以内）,ブレーキ（減速）中,0.2,惰行,0.1,70.0,7.8,9.41,70.0,52.5,11.8,4.22,0.0,9.2,この先制限速度なし,この先目立った勾配なし,前方52.9m先を0.0km/h,後続列車なし,60.0,15.0,未発車,60.0,12.6,29.2,-0.05
159.99999999999898,Train11,次駅への減速フェーズ（駅手前400m以内）,惰行中,5.999999999999995,ブレーキ（減速）,0.7999999999999999,70.0,7.6,0,15.7,52.4,18.0,0.0,0.0,9.2,この先制限速度なし,この先目立った勾配なし,前方52.7m先を0.0km/h,後続列車なし,90.0,22.0,未発車,30.0,12.6,0.0,-0.05
147.5999999999998,Train11,次駅への減速フェーズ（駅手前400m以内）,ブレーキ（減速）中,6.699999999999991,惰行,1.0,70.0,19.5,19.96,20.0,67.7,30.4,18.93,0.0,9.2,この先制限速度なし,この先目立った勾配なし,前方68.1m先を0.0km/h,後続列車なし,90.0,34.4,未発車,30.0,14.3,0.0,-0.05
163.79999999999876,Train11,次駅への減速フェーズ（駅手前400m以内）,ブレーキ（減速）中,1.2,力行（加速）,0.8999999999999999,70.0,5.2,0,70.0,50.9,14.2,0.0,0.0,9.2,この先制限速度なし,この先目立った勾配なし,前方51.3m先を0.0km/h,後続列車なし,90.0,18.2,未発車,30.0,12.4,0.0,-0.05
172.09999999999937,Train11,次駅への減速フェーズ（駅手前400m以内）,ブレーキ（減速）中,2.600000000000001,力行（加速）,0.1,70.0,9.8,0.59,70.0,44.7,5.9,0.02,0.0,9.2,この先制限速度なし,この先目立った勾配なし,前方54.5m先を12.7km/h,後続列車なし,90.0,0.0,発車済み,30.0,70.0,0.0,-0.05
153.5999999999991,Train11,次駅への減速フェーズ（駅手前400m以内）,ブレーキ（減速）中,3.5000000000000018,惰行,0.6,70.0,9.6,0,12.6,54.0,24.4,0.0,0.0,9.2,この先制限速度なし,この先目立った勾配なし,前方54.3m先を0.0km/h,後続列車なし,90.0,28.4,未発車,30.0,12.8,0.0,-0.05
158.89999999999893,Train11,次駅への減速フェーズ（駅手前400m以内）,ブレーキ（減速）中,4.000000000000002,力行（加速）,0.7999999999999999,70.0,5.1,0,14.2,50.8,19.1,0.0,0.0,9.2,この先制限速度なし,この先目立った勾配なし,前方51.2m先を0.0km/h,後続列車なし,90.0,23.1,未発車,30.0,12.4,0.0,-0.05
161.79999999999927,Train11,次駅への減速フェーズ（駅手前400m以内）,ブレーキ（減速）中,2.9000000000000012,惰行,0.1,70.0,0.0,0,14.7,42.7,16.2,0.0,0.0,9.2,この先制限速度なし,この先目立った勾配なし,前方43.1m先を0.0km/h,後続列車なし,60.0,15.0,未発車,60.0,11.4,24.8,-0.05
158.49999999999906,Train11,次駅への減速フェーズ（駅手前400m以内）,惰行中,4.5,ブレーキ（減速）,0.7999999999999999,70.0,7.6,0,13.7,52.4,19.5,0.0,0.0,9.2,この先制限速度なし,この先目立った勾配なし,前方52.7m先を0.0km/h,後続列車なし,90.0,23.5,未発車,30.0,12.6,0.0,-0.05
178.09999999999965,Train11,次駅への減速フェーズ（駅手前400m以内）,惰行中,0.6,ブレーキ（減速）,4.200000000000001,70.0,30.2,17.23,70.0,52.6,1.9,14.12,0.0,9.2,この先制限速度なし,この先目立った勾配なし,前方93.1m先を23.4km/h,後続列車なし,60.0,0.0,発車済み,60.0,70.0,0.0,-0.05
174.7999999999986,Train11,次駅への減速フェーズ（駅手前400m以内）,惰行中,3.2000000000000015,ブレーキ（減速）,3.2000000000000015,70.0,22.1,0,70.0,51.6,5.2,0.0,0.0,9.2,この先制限速度なし,この先目立った勾配なし,前方73.1m先を18.0km/h,後続列車なし,90.0,0.0,発車済み,30.0,70.0,0.0,-0.05
176.89999999999893,Train11,次駅への減速フェーズ（駅手前400m以内）,ブレーキ（減速）中,3.700000000000002,惰行,3.3000000000000016,70.0,25.7,0,70.0,48.2,3.1,0.0,0.0,9.2,この先制限速度なし,この先目立った勾配なし,前方81.2m先を21.6km/h,後続列車なし,60.0,0.0,発車済み,60.0,70.0,0.0,-0.05
149.8999999999999,Train11,次駅への減速フェーズ（駅手前400m以内）,ブレーキ（減速）中,3.0000000000000018,惰行,1.0,70.0,26.1,27.63,27.6,81.8,28.1,36.16,0.0,9.2,この先制限速度なし,この先目立った勾配なし,前方82.2m先を0.0km/h,後続列車なし,60.0,15.0,未発車,60.0,16.3,12.9,-0.05
147.6999999999995,Train11,次駅への減速フェーズ（駅手前400m以内）,ブレーキ（減速）中,3.900000000000002,惰行,0.1,70.0,9.2,6.09,11.5,53.6,30.3,1.77,0.0,9.2,この先制限速度なし,この先目立った勾配なし,前方54.0m先を0.0km/h,後続列車なし,90.0,34.3,未発車,30.0,12.7,0.0,-0.05
151.39999999999992,Train11,次駅への減速フェーズ（駅手前400m以内）,ブレーキ（減速）中,1.3,惰行,0.2,70.0,27.2,25.32,25.3,84.7,26.6,30.39,0.0,9.2,この先制限速度なし,この先目立った勾配なし,前方85.1m先を0.0km/h,後続列車なし,90.0,30.6,未発車,30.0,16.1,0.0,-0.05
152.89999999999984,Train11,次駅への減速フェーズ（駅手前400m以内）,ブレーキ（減速）中,2.800000000000001,惰行,0.2,70.0,23.2,20.91,20.9,75.1,25.1,20.76,0.0,9.2,この先制限速度なし,この先目立った勾配なし,前方75.4m先を0.0km/h,後続列車なし,90.0,29.1,未発車,30.0,15.1,0.0,-0.05
163.69999999999968,Train11,次駅への減速フェーズ（駅手前400m以内）,ブレーキ（減速）中,2.0000000000000004,惰行,0.1,70.0,15.8,16.47,22.4,61.4,14.3,12.9,0.0,9.2,この先制限速度なし,この先目立った勾配なし,前方61.8m先を0.0km/h,後続列車なし,60.0,15.0,未発車,60.0,13.7,26.7,-0.05
180.29999999999902,Train11,次駅への減速フェーズ（駅手前400m以内）,ブレーキ（減速）中,2.3000000000000007,惰行,0.1,70.0,0.0,0,70.0,45.6,0.0,0.0,2.4,9.2,この先制限速度なし,この先目立った勾配なし,前方46.0m先を0.0km/h,後続列車なし,90.0,15.0,未発車,30.0,11.7,13.3,-0.05
155.9999999999992,Train11,次駅への減速フェーズ（駅手前400m以内）,惰行中,2.0000000000000004,ブレーキ（減速）,0.7999999999999999,70.0,7.6,0,12.6,52.4,22.0,0.0,0.0,9.2,この先制限速度なし,この先目立った勾配なし,前方52.7m先を0.0km/h,後続列車なし,90.0,26.0,未発車,30.0,12.6,0.0,-0.05
154.7999999999999,Train11,次駅への減速フェーズ（駅手前400m以内）,ブレーキ（減速）中,0.7,惰行,0.1,70.0,27.0,24.76,24.8,84.0,23.2,29.07,0.0,9.2,この先制限速度なし,この先目立った勾配なし,前方84.4m先を0.0km/h,後続列車なし,90.0,27.2,未発車,30.0,16.0,0.0,-0.05
162.69999999999882,Train11,次駅への減速フェーズ（駅手前400m以内）,ブレーキ（減速）中,1.8000000000000005,力行（加速）,0.7999999999999999,70.0,6.9,0,70.0,51.9,15.3,0.0,0.0,9.2,この先制限速度なし,この先目立った勾配なし,前方52.3m先を0.0km/h,後続列車なし,90.0,19.3,未発車,30.0,12.5,0.0,-0.05
143.09999999999982,Train11,次駅への減速フェーズ（駅手前400m以内）,ブレーキ（減速）中,0.2,力行（加速）,0.1,70.0,22.8,21.28,21.3,74.3,34.9,21.49,0.0,9.2,この先制限速度なし,この先目立った勾配なし,前方74.7m先を0.0km/h,後続列車なし,90.0,38.9,未発車,30.0,15.0,0.0,-0.05
167.2999999999992,Train11,次駅への減速フェーズ（駅手前400m以内）,ブレーキ（減速）中,0.7,力行（加速）,0.7999999999999999,70.0,7.1,0.49,70.0,52.0,10.7,0.01,0.0,9.2,この先制限速度なし,この先目立った勾配なし,前方52.4m先を0.0km/h,後続列車なし,90.0,15.0,未発車,30.0,12.6,0.3,-0.05
169.1999999999989,Train11,次駅への減速フェーズ（駅手前400m以内）,ブレーキ（減速）中,0.7999999999999999,力行（加速）,0.7999999999999999,70.0,9.1,0.2,70.0,51.7,8.8,0.0,0.0,9.2,この先制限速度なし,この先目立った勾配なし,前方53.9m先を5.9km/h,後続列車なし,90.0,0.0,発車済み,30.0,70.0,0.0,-0.05
159.1999999999988,Train11,次駅への減速フェーズ（駅手前400m以内）,ブレーキ（減速）中,4.799999999999999,力行（加速）,0.7999999999999999,70.0,9.0,0,15.2,53.5,18.8,0.0,0.0,9.2,この先制限速度なし,この先目立った勾配なし,前方53.8m先を0.0km/h,後続列車なし,90.0,22.8,未発車,30.0,12.7,0.0,-0.05
157.39999999999992,Train11,次駅への減速フェーズ（駅手前400m以内）,ブレーキ（減速）中,1.5000000000000002,惰行,1.0,70.0,28.4,28.72,28.7,87.7,20.6,39.05,0.0,9.2,この先制限速度なし,この先目立った勾配なし,前方88.1m先を0.0km/h,後続列車なし,90.0,24.6,未発車,30.0,16.4,0.0,-0.05
158.2999999999992,Train11,次駅への減速フェーズ（駅手前400m以内）,ブレーキ（減速）中,0.8999999999999999,力行（加速）,0.1,70.0,0.0,0,13.1,48.2,19.7,0.0,0.0,9.2,この先制限速度なし,この先目立った勾配なし,前方48.6m先を0.0km/h,後続列車なし,90.0,23.7,未発車,30.0,12.1,0.0,-0.05
148.19999999999942,Train11,次駅への減速フェーズ（駅手前400m以内）,ブレーキ（減速）中,0.6,力行（加速）,0.1,70.0,10.1,0.77,11.5,54.5,29.8,0.03,0.0,9.2,この先制限速度なし,この先目立った勾配なし,前方54.9m先を0.0km/h,後続列車なし,90.0,33.8,未発車,30.0,12.9,0.0,-0.05
175.99999999999915,Train11,次駅への減速フェーズ（駅手前400m以内）,力行（加速）中,0.2,惰行,2.9000000000000012,70.0,21.7,0.28,70.0,44.7,4.0,0.0,0.0,9.2,この先制限速度なし,この先目立った勾配なし,前方72.4m先を20.1km/h,後続列車なし,90.0,0.0,発車済み,30.0,70.0,0.0,-0.05
176.6999999999991,Train11,次駅への減速フェーズ（駅手前400m以内）,ブレーキ（減速）中,0.30000000000000004,惰行,1.4000000000000001,70.0,9.3,0,70.0,53.7,1.3,0.0,0.0,9.2,この先制限速度なし,この先目立った勾配なし,前方54.1m先を0.0km/h,後続列車なし,90.0,15.0,未発車,30.0,12.8,9.7,-0.05
172.5999999999989,Train11,次駅への減速フェーズ（駅手前400m以内）,惰行中,5.099999999999998,ブレーキ（減速）,0.8999999999999999,70.0,7.1,0,70.0,52.0,5.4,0.0,0.0,9.2,この先制限速度なし,この先目立った勾配なし,前方52.4m先を0.0km/h,後続列車なし,90.0,15.0,未発車,30.0,12.6,5.6,-0.05
163.99999999999983,Train11,次駅への減速フェーズ（駅手前400m以内）,ブレーキ（減速）中,1.6000000000000003,惰行,0.4,70.0,24.2,21.85,29.2,77.3,14.0,22.67,0.0,9.2,この先制限速度なし,この先目立った勾配なし,前方77.6m先を0.0km/h,後続列車なし,90.0,18.0,未発車,30.0,15.4,0.0,-0.05
175.69999999999928,Train11,次駅への減速フェーズ（駅手前400m以内）,ブレーキ（減速）中,0.6,力行（加速）,0.1,70.0,0.0,0,70.0,45.6,2.3,0.0,0.0,9.2,この先制限速度なし,この先目立った勾配なし,前方46.0m先を0.0km/h,後続列車なし,90.0,15.0,未発車,30.0,11.7,8.7,-0.05
162.09999999999977,Train11,次駅への減速フェーズ（駅手前400m以内）,ブレーキ（減速）中,0.4,惰行,0.1,70.0,20.6,21.16,21.6,69.8,15.9,21.26,0.0,9.2,この先制限速度なし,この先目立った勾配なし,前方70.2m先を0.0km/h,後続列車なし,60.0,15.0,未発車,60.0,14.7,25.1,-0.05
156.6999999999995,Train11,次駅への減速フェーズ（駅手前400m以内）,ブレーキ（減速）中,1.5000000000000002,力行（加速）,0.1,70.0,0.0,9.13,12.0,47.2,21.3,3.97,0.0,9.2,この先制限速度なし,この先目立った勾配なし,前方47.6m先を0.0km/h,後続列車なし,60.0,15.0,未発車,60.0,12.0,19.7,-0.05
167.69999999999962,Train11,次駅への減速フェーズ（駅手前400m以内）,ブレーキ（減速）中,0.7,惰行,0.1,70.0,8.4,12.13,70.0,52.7,10.3,7.0,0.0,9.2,この先制限速度なし,この先目立った勾配なし,前方53.4m先を1.9km/h,後続列車なし,90.0,15.0,未発車,30.0,12.6,0.7,-0.05
151.49999999999923,Train11,次駅への減速フェーズ（駅手前400m以内）,力行（加速）中,0.1,惰行,2.9000000000000012,70.0,8.3,0,11.5,52.9,26.5,0.0,0.0,9.2,この先制限速度なし,この先目立った勾配なし,前方53.3m先を0.0km/h,後続列車なし,90.0,30.5,未発車,30.0,12.7,0.0,-0.05
165.69999999999985,Train11,次駅への減速フェーズ（駅手前400m以内）,ブレーキ（減速）中,2.700000000000001,力行（加速）,0.1,70.0,22.7,23.25,70.0,74.0,12.3,25.66,0.0,9.2,この先制限速度なし,この先目立った勾配なし,前方74.4m先を0.0km/h,後続列車なし,90.0,16.3,未発車,30.0,15.2,0.0,-0.05
164.1999999999993,Train11,次駅への減速フェーズ（駅手前400m以内）,惰行中,0.8999999999999999,ブレーキ（減速）,1.0999999999999999,70.0,6.2,0,70.0,51.4,13.8,0.0,0.0,9.2,この先制限速度なし,この先目立った勾配なし,前方51.8m先を0.0km/h,後続列車なし,90.0,17.8,未発車,30.0,12.5,0.0,-0.05
166.29999999999873,Train11,次駅への減速フェーズ（駅手前400m以内）,ブレーキ（減速）中,0.6,惰行,0.2,70.0,0.0,0,70.0,48.2,11.7,0.0,0.0,9.2,この先制限速度なし,この先目立った勾配なし,前方48.6m先を0.0km/h,後続列車なし,90.0,15.7,未発車,30.0,12.1,0.0,-0.05
159.5999999999998,Train11,次駅への減速フェーズ（駅手前400m以内）,ブレーキ（減速）中,0.9999999999999999,力行（加速）,0.1,70.0,21.7,23.11,23.1,71.9,18.4,25.35,0.0,9.2,この先制限速度なし,この先目立った勾配なし,前方72.3m先を0.0km/h,後続列車なし,90.0,22.4,未発車,30.0,14.8,0.0,-0.05
180.99999999999886,Train11,次駅への減速フェーズ（駅手前400m以内）,ブレーキ（減速）中,4.6,惰行,1.4000000000000001,70.0,9.3,0,70.0,53.7,0.0,0.0,3.1,9.2,この先制限速度なし,この先目立った勾配なし,前方54.1m先を0.0km/h,後続列車なし,90.0,15.0,未発車,30.0,12.8,14.0,-0.05
185.9999999999987,Train11,次駅への減速フェーズ（駅手前400m以内）,ブレーキ（減速）中,4.300000000000001,惰行,0.1,70.0,0.0,0,70.0,45.6,0.0,0.0,8.1,9.2,この先制限速度なし,この先目立った勾配なし,前方46.0m先を0.0km/h,後続列車なし,90.0,15.0,未発車,30.0,11.7,19.0,-0.05
169.9999999999996,Train11,次駅への減速フェーズ（駅手前400m以内）,ブレーキ（減速）中,2.1000000000000005,力行（加速）,0.1,70.0,9.1,11.15,70.0,53.5,8.0,5.92,0.0,9.2,この先制限速度なし,この先目立った勾配なし,前方53.9m先を0.0km/h,後続列車なし,90.0,15.0,未発車,30.0,12.7,3.0,-0.05
169.09999999999857,Train11,次駅への減速フェーズ（駅手前400m以内）,ブレーキ（減速）中,1.3,力行（加速）,0.1,70.0,0.0,0,70.0,48.2,8.9,0.0,0.0,9.2,この先制限速度なし,この先目立った勾配なし,前方48.6m先を0.0km/h,後続列車なし,90.0,15.0,未発車,30.0,12.1,2.1,-0.05
154.19999999999908,Train11,次駅への減速フェーズ（駅手前400m以内）,ブレーキ（減速）中,2.0000000000000004,力行（加速）,0.7999999999999999,70.0,7.7,0,12.0,52.4,23.8,0.0,0.0,9.2,この先制限速度なし,この先目立った勾配なし,前方52.8m先を0.0km/h,後続列車なし,90.0,27.8,未発車,30.0,12.6,0.0,-0.05
157.2999999999997,Train11,次駅への減速フェーズ（駅手前400m以内）,ブレーキ（減速）中,16.399999999999988,惰行,2.0,70.0,17.0,15.1,15.6,63.4,20.7,10.84,0.0,9.2,この先制限速度なし,この先目立った勾配なし,前方63.8m先を0.0km/h,後続列車なし,90.0,24.7,未発車,30.0,13.9,0.0,-0.05
166.89999999999966,Train11,次駅への減速フェーズ（駅手前400m以内）,ブレーキ（減速）中,4.5,惰行,0.4,70.0,16.8,13.36,70.0,63.1,11.1,8.49,0.0,9.2,この先制限速度なし,この先目立った勾配なし,前方63.5m先を0.0km/h,後続列車なし,90.0,15.1,未発車,30.0,13.9,0.0,-0.05
135.0,Train11,次駅への減速フェーズ（駅手前400m以内）,ブレーキ（減速）中,4.0,惰行,3.0,70.0,39.6,37.19,37.2,124.5,42.0,65.27,0.0,9.2,この先制限速度なし,この先目立った勾配なし,前方123.8m先を3.0km/h,後続列車なし,90.0,47.0,未発車,30.0,19.5,0.0,-0.5
145.7999999999999,Train11,次駅への減速フェーズ（駅手前400m以内）,ブレーキ（減速）中,4.899999999999998,惰行,1.0,70.0,24.9,25.25,25.2,79.0,32.2,30.23,0.0,9.2,この先制限速度なし,この先目立った勾配なし,前方79.4m先を0.0km/h,後続列車なし,90.0,36.2,未発車,30.0,15.5,0.0,-0.05
183.9999999999988,Train11,次駅への減速フェーズ（駅手前400m以内）,ブレーキ（減速）中,0.5,力行（加速）,0.1,70.0,0.0,0,70.0,46.8,0.0,0.0,6.1,9.2,この先制限速度なし,この先目立った勾配なし,前方48.7m先を5.4km/h,後続列車なし,90.0,0.0,発車済み,30.0,70.0,0.0,-0.05
171.7999999999995,Train11,次駅への減速フェーズ（駅手前400m以内）,ブレーキ（減速）中,3.800000000000002,力行（加速）,0.1,70.0,0.0,6.0,70.0,48.5,6.2,1.72,0.0,9.2,この先制限速度なし,この先目立った勾配なし,前方48.9m先を0.0km/h,後続列車なし,90.0,15.0,未発車,30.0,12.1,4.8,-0.05
159.89999999999944,Train11,次駅への減速フェーズ（駅手前400m以内）,ブレーキ（減速）中,0.4,惰行,0.1,70.0,8.8,1.46,14.7,53.3,18.1,0.1,0.0,9.2,この先制限速度なし,この先目立った勾配なし,前方53.7m先を0.0km/h,後続列車なし,90.0,22.1,未発車,30.0,12.7,0.0,-0.05
150.09999999999988,Train11,次駅への減速フェーズ（駅手前400m以内）,ブレーキ（減速）中,3.200000000000002,惰行,1.0,70.0,25.5,27.04,27.0,80.3,27.9,34.64,0.0,9.2,この先制限速度なし,この先目立った勾配なし,前方80.7m先を0.0km/h,後続列車なし,60.0,15.0,未発車,60.0,16.1,13.1,-0.05
162.7999999999986,Train11,次駅への減速フェーズ（駅手前400m以内）,惰行中,1.6000000000000003,力行（加速）,0.7,70.0,7.9,1.34,21.3,52.6,15.2,0.09,0.0,9.2,この先制限速度なし,この先目立った勾配なし,前方53.0m先を0.0km/h,後続列車なし,90.0,19.2,未発車,30.0,12.6,0.0,-0.05
158.09999999999886,Train11,次駅への減速フェーズ（駅手前400m以内）,ブレーキ（減速）中,3.700000000000002,力行（加速）,0.7999999999999999,70.0,9.0,0,13.7,53.5,19.9,0.0,0.0,9.2,この先制限速度なし,この先目立った勾配なし,前方53.8m先を0.0km/h,後続列車なし,90.0,23.9,未発車,30.0,12.7,0.0,-0.05
180.2999999999989,Train11,次駅への減速フェーズ（駅手前400m以内）,ブレーキ（減速）中,3.900000000000002,惰行,1.4000000000000001,70.0,9.3,0,70.0,53.7,0.0,0.0,2.4,9.2,この先制限速度なし,この先目立った勾配なし,前方54.1m先を0.0km/h,後続列車なし,90.0,15.0,未発車,30.0,12.8,13.3,-0.05
141.19999999999987,Train11,次駅への減速フェーズ（駅手前400m以内）,ブレーキ（減速）中,0.7,惰行,0.1,70.0,25.8,23.92,23.9,81.1,36.8,27.13,0.0,9.2,この先制限速度なし,この先目立った勾配なし,前方81.5m先を0.0km/h,後続列車なし,90.0,40.8,未発車,30.0,15.7,0.0,-0.05
145.5999999999998,Train11,次駅への減速フェーズ（駅手前400m以内）,ブレーキ（減速）中,1.4000000000000001,惰行,0.1,70.0,22.2,20.73,20.7,72.9,32.4,20.41,0.0,9.2,この先制限速度なし,この先目立った勾配なし,前方73.3m先を0.0km/h,後続列車なし,90.0,36.4,未発車,30.0,14.9,0.0,-0.05
170.09999999999948,Train11,次駅への減速フェーズ（駅手前400m以内）,ブレーキ（減速）中,1.4000000000000001,力行（加速）,0.1,70.0,10.8,4.55,70.0,55.2,7.9,0.99,0.0,9.2,この先制限速度なし,この先目立った勾配なし,前方55.6m先を0.0km/h,後続列車なし,90.0,15.0,未発車,30.0,12.9,3.1,-0.05
163.49999999999878,Train11,次駅への減速フェーズ（駅手前400m以内）,ブレーキ（減速）中,0.8999999999999999,力行（加速）,0.8999999999999999,70.0,5.2,0.18,70.0,50.9,14.5,0.0,0.0,9.2,この先制限速度なし,この先目立った勾配なし,前方51.3m先を0.0km/h,後続列車なし,90.0,18.5,未発車,30.0,12.4,0.0,-0.05
149.89999999999938,Train11,次駅への減速フェーズ（駅手前400m以内）,ブレーキ（減速）中,6.099999999999994,惰行,0.1,70.0,6.8,0,11.5,51.8,28.1,0.0,0.0,9.2,この先制限速度なし,この先目立った勾配なし,前方52.2m先を0.0km/h,後続列車なし,90.0,32.1,未発車,30.0,12.5,0.0,-0.05
138.0,Train11,次駅への減速フェーズ（駅手前400m以内）,ブレーキ（減速）中,5.0,力行（加速）,2.0,70.0,37.0,35.35,35.4,114.1,40.0,59.01,0.0,9.2,この先制限速度なし,この先目立った勾配なし,前方114.5m先を0.0km/h,後続列車なし,90.0,44.0,未発車,30.0,18.7,0.0,-0.5
160.29999999999976,Train11,次駅への減速フェーズ（駅手前400m以内）,ブレーキ（減速）中,1.7000000000000004,力行（加速）,0.1,70.0,19.5,21.06,21.1,67.6,17.7,21.06,0.0,9.2,この先制限速度なし,この先目立った勾配なし,前方68.0m先を0.0km/h,後続列車なし,90.0,21.7,未発車,30.0,14.3,0.0,-0.05
177.29999999999907,Train11,次駅への減速フェーズ（駅手前400m以内）,力行（加速）中,1.5000000000000002,惰行,2.9000000000000012,70.0,24.9,3.85,70.0,43.9,2.7,0.71,0.0,9.2,この先制限速度なし,この先目立った勾配なし,前方79.3m先を22.2km/h,後続列車なし,90.0,0.0,発車済み,30.0,70.0,0.0,-0.05
161.19999999999953,Train11,次駅への減速フェーズ（駅手前400m以内）,ブレーキ（減速）中,4.300000000000001,惰行,0.4,70.0,11.1,7.02,15.5,55.5,16.8,2.35,0.0,9.2,この先制限速度なし,この先目立った勾配なし,前方55.9m先を0.0km/h,後続列車なし,90.0,20.8,未発車,30.0,13.0,0.0,-0.05
160.7999999999995,Train11,次駅への減速フェーズ（駅手前400m以内）,ブレーキ（減速）中,2.600000000000001,力行（加速）,0.1,70.0,8.6,5.63,14.9,53.1,17.2,1.51,0.0,9.2,この先制限速度なし,この先目立った勾配なし,前方53.5m先を0.0km/h,後続列車なし,90.0,21.2,未発車,30.0,12.7,0.0,-0.05
138.69999999999996,Train11,次駅への減速フェーズ（駅手前400m以内）,惰行中,0.7999999999999999,ブレーキ（減速）,6.0,70.0,30.2,27.77,27.8,92.8,39.3,36.54,0.0,9.2,この先制限速度なし,この先目立った勾配なし,前方93.1m先を0.0km/h,後続列車なし,90.0,43.3,未発車,30.0,16.8,0.0,-0.05
169.49999999999923,Train11,次駅への減速フェーズ（駅手前400m以内）,ブレーキ（減速）中,2.3000000000000007,惰行,0.1,70.0,0.0,0,70.0,45.6,8.5,0.0,0.0,9.2,この先制限速度なし,この先目立った勾配なし,前方46.0m先を0.0km/h,後続列車なし,90.0,15.0,未発車,30.0,11.8,2.5,-0.05
179.19999999999908,Train11,次駅への減速フェーズ（駅手前400m以内）,ブレーキ（減速）中,0.1,惰行,0.1,70.0,0.0,0,70.0,46.8,0.0,0.0,1.3,9.2,この先制限速度なし,この先目立った勾配なし,前方47.2m先を0.0km/h,後続列車なし,90.0,15.0,未発車,30.0,11.9,12.2,-0.05
161.599999999999,Train11,次駅への減速フェーズ（駅手前400m以内）,力行（加速）中,0.1,ブレーキ（減速）,4.100000000000001,70.0,0.0,0,18.2,48.2,16.4,0.0,0.0,9.2,この先制限速度なし,この先目立った勾配なし,前方48.6m先を0.0km/h,後続列車なし,90.0,20.4,未発車,30.0,12.1,0.0,-0.05
162.39999999999947,Train11,次駅への減速フェーズ（駅手前400m以内）,ブレーキ（減速）中,0.30000000000000004,力行（加速）,0.1,70.0,9.1,4.61,19.4,53.5,15.6,1.01,0.0,9.2,この先制限速度なし,この先目立った勾配なし,前方53.9m先を0.0km/h,後続列車なし,90.0,19.6,未発車,30.0,12.7,0.0,-0.05
155.09999999999937,Train11,次駅への減速フェーズ（駅手前400m以内）,ブレーキ（減速）中,1.9000000000000006,力行（加速）,0.1,70.0,0.0,0,11.5,48.3,22.9,0.0,0.0,9.2,この先制限速度なし,この先目立った勾配なし,前方48.6m先を0.0km/h,後続列車なし,90.0,26.9,未発車,30.0,12.1,0.0,-0.05
174.59999999999872,Train11,次駅への減速フェーズ（駅手前400m以内）,ブレーキ（減速）中,1.2,力行（加速）,1.0999999999999999,70.0,20.8,0,70.0,50.0,5.4,0.0,0.0,9.2,この先制限速度なし,この先目立った勾配なし,前方70.5m先を17.6km/h,後続列車なし,90.0,0.0,発車済み,30.0,70.0,0.0,-0.05
168.9999999999991,Train11,次駅への減速フェーズ（駅手前400m以内）,惰行中,1.5000000000000002,ブレーキ（減速）,0.8999999999999999,70.0,7.1,0,70.0,52.0,9.0,0.0,0.0,9.2,この先制限速度なし,この先目立った勾配なし,前方52.4m先を0.0km/h,後続列車なし,90.0,15.0,未発車,30.0,12.6,2.0,-0.05
158.09999999999954,Train11,次駅への減速フェーズ（駅手前400m以内）,ブレーキ（減速）中,4.899999999999999,惰行,0.2,70.0,10.8,6.2,13.8,55.2,19.9,1.83,0.0,9.2,この先制限速度なし,この先目立った勾配なし,前方55.6m先を0.0km/h,後続列車なし,90.0,23.9,未発車,30.0,12.9,0.0,-0.05
182.69999999999877,Train11,次駅への減速フェーズ（駅手前400m以内）,力行（加速）中,0.2,ブレーキ（減速）,6.099999999999994,70.0,9.6,0.28,70.0,53.7,0.0,0.0,4.8,9.2,この先制限速度なし,この先目立った勾配なし,前方54.4m先を1.9km/h,後続列車なし,90.0,15.0,未発車,30.0,12.8,15.7,-0.05
162.09999999999886,Train11,次駅への減速フェーズ（駅手前400m以内）,力行（加速）中,0.4,ブレーキ（減速）,0.4,70.0,6.3,0.85,21.0,51.5,15.9,0.03,0.0,9.2,この先制限速度なし,この先目立った勾配なし,前方51.9m先を0.0km/h,後続列車なし,90.0,19.9,未発車,30.0,12.5,0.0,-0.05
159.99999999999875,Train11,次駅への減速フェーズ（駅手前400m以内）,ブレーキ（減速）中,5.599999999999996,力行（加速）,0.7999999999999999,70.0,9.0,0,16.7,53.5,18.0,0.0,0.0,9.2,この先制限速度なし,この先目立った勾配なし,前方53.8m先を0.0km/h,後続列車なし,90.0,22.0,未発車,30.0,12.7,0.0,-0.05
162.89999999999915,Train11,次駅への減速フェーズ（駅手前400m以内）,ブレーキ（減速）中,1.2,力行（加速）,0.1,70.0,0.0,0,16.2,42.7,15.1,0.0,0.0,9.2,この先制限速度なし,この先目立った勾配なし,前方43.1m先を0.0km/h,後続列車なし,60.0,15.0,未発車,60.0,11.4,25.9,-0.05
143.8999999999999,Train11,次駅への減速フェーズ（駅手前400m以内）,ブレーキ（減速）中,1.8000000000000005,惰行,0.1,70.0,26.9,25.48,25.5,83.9,34.1,30.78,0.0,9.2,この先制限速度なし,この先目立った勾配なし,前方84.2m先を0.0km/h,後続列車なし,90.0,38.1,未発車,30.0,16.0,0.0,-0.05
172.99999999999932,Train11,次駅への減速フェーズ（駅手前400m以内）,惰行中,0.1,ブレーキ（減速）,3.4000000000000017,70.0,12.9,0,70.0,44.7,7.0,0.0,0.0,9.2,この先制限速度なし,この先目立った勾配なし,前方57.9m先を14.6km/h,後続列車なし,90.0,0.0,発車済み,30.0,70.0,0.0,-0.05
152.3999999999998,Train11,次駅への減速フェーズ（駅手前400m以内）,ブレーキ（減速）中,2.600000000000001,力行（加速）,0.1,70.0,21.9,23.64,23.6,72.3,25.6,26.51,0.0,9.2,この先制限速度なし,この先目立った勾配なし,前方72.7m先を0.0km/h,後続列車なし,60.0,15.0,未発車,60.0,15.1,15.4,-0.05
166.59999999999968,Train11,次駅への減速フェーズ（駅手前400m以内）,ブレーキ（減速）中,3.700000000000002,惰行,0.1,70.0,12.4,15.09,70.0,56.9,11.4,10.84,0.0,9.2,この先制限速度なし,この先目立った勾配なし,前方57.3m先を0.0km/h,後続列車なし,90.0,15.4,未発車,30.0,13.1,0.0,-0.05
173.1999999999993,Train11,次駅への減速フェーズ（駅手前400m以内）,惰行中,0.30000000000000004,ブレーキ（減速）,3.4000000000000017,70.0,13.6,0,70.0,44.7,6.8,0.0,0.0,9.2,この先制限速度なし,この先目立った勾配なし,前方58.8m先を15.0km/h,後続列車なし,90.0,0.0,発車済み,30.0,70.0,0.0,-0.05
166.29999999999862,Train11,次駅への減速フェーズ（駅手前400m以内）,惰行中,1.7000000000000004,ブレーキ（減速）,2.0000000000000004,70.0,5.2,0,70.0,50.9,11.7,0.0,0.0,9.2,この先制限速度なし,この先目立った勾配なし,前方51.3m先を0.0km/h,後続列車なし,90.0,15.7,未発車,30.0,12.4,0.0,-0.05
137.0,Train11,次駅への減速フェーズ（駅手前400m以内）,ブレーキ（減速）中,5.0,力行（加速）,2.0,70.0,37.5,35.81,35.8,115.8,41.0,60.56,0.0,9.2,この先制限速度なし,この先目立った勾配なし,前方116.2m先を0.5km/h,後続列車なし,90.0,45.0,未発車,30.0,18.8,0.0,-0.5
160.29999999999885,Train11,次駅への減速フェーズ（駅手前400m以内）,ブレーキ（減速）中,5.399999999999997,力行（加速）,0.7999999999999999,70.0,5.1,0,16.2,50.8,17.7,0.0,0.0,9.2,この先制限速度なし,この先目立った勾配なし,前方51.2m先を0.0km/h,後続列車なし,90.0,21.7,未発車,30.0,12.4,0.0,-0.05
174.59999999999923,Train11,次駅への減速フェーズ（駅手前400m以内）,惰行中,1.7000000000000004,ブレーキ（減速）,3.4000000000000017,70.0,17.9,0,70.0,44.7,5.4,0.0,0.0,9.2,この先制限速度なし,この先目立った勾配なし,前方65.1m先を17.6km/h,後続列車なし,90.0,0.0,発車済み,30.0,70.0,0.0,-0.05
159.19999999999965,Train11,次駅への減速フェーズ（駅手前400m以内）,ブレーキ（減速）中,2.3000000000000007,惰行,0.4,70.0,15.5,12.86,15.5,61.0,18.8,7.87,0.0,9.2,この先制限速度なし,この先目立った勾配なし,前方61.4m先を0.0km/h,後続列車なし,90.0,22.8,未発車,30.0,13.6,0.0,-0.05
158.59999999999945,Train11,次駅への減速フェーズ（駅手前400m以内）,ブレーキ（減速）中,1.4000000000000001,力行（加速）,0.1,70.0,0.0,7.75,11.8,45.7,19.4,2.86,0.0,9.2,この先制限速度なし,この先目立った勾配なし,前方46.1m先を0.0km/h,後続列車なし,60.0,15.0,未発車,60.0,11.8,21.6,-0.05
160.69999999999985,Train11,次駅への減速フェーズ（駅手前400m以内）,ブレーキ（減速）中,0.30000000000000004,惰行,0.1,70.0,24.8,24.57,24.6,78.7,17.3,28.64,0.0,9.2,この先制限速度なし,この先目立った勾配なし,前方79.1m先を0.0km/h,後続列車なし,60.0,15.0,未発車,60.0,15.9,23.7,-0.05
166.89999999999966,Train11,次駅への減速フェーズ（駅手前400m以内）,ブレーキ（減速）中,4.000000000000002,惰行,0.1,70.0,11.3,14.22,70.0,55.7,11.1,9.62,0.0,9.2,この先制限速度なし,この先目立った勾配なし,前方56.1m先を0.0km/h,後続列車なし,90.0,15.1,未発車,30.0,13.0,0.0,-0.05
163.1,Train11,次駅への減速フェーズ（駅手前400m以内）,ブレーキ（減速）中,0.1,力行（加速）,0.1,70.0,30.5,30.91,34.9,93.6,14.9,45.22,0.0,9.2,この先制限速度なし,この先目立った勾配なし,前方94.0m先を0.0km/h,後続列車なし,90.0,18.9,未発車,30.0,17.2,0.0,-0.05
142.59999999999985,Train11,次駅への減速フェーズ（駅手前400m以内）,ブレーキ（減速）中,2.1000000000000005,惰行,0.2,70.0,24.2,22.28,22.3,77.3,35.4,23.56,0.0,9.2,この先制限速度なし,この先目立った勾配なし,前方77.7m先を0.0km/h,後続列車なし,90.0,39.4,未発車,30.0,15.3,0.0,-0.05
169.29999999999953,Train11,次駅への減速フェーズ（駅手前400m以内）,ブレーキ（減速）中,0.1,惰行,0.1,70.0,3.9,8.21,70.0,48.3,8.7,3.21,0.0,9.2,この先制限速度なし,この先目立った勾配なし,前方50.7m先を6.2km/h,後続列車なし,90.0,0.0,発車済み,30.0,70.0,0.0,-0.05
175.49999999999866,Train11,次駅への減速フェーズ（駅手前400m以内）,ブレーキ（減速）中,2.1000000000000005,力行（加速）,1.0999999999999999,70.0,23.0,0,70.0,50.0,4.5,0.0,0.0,9.2,この先制限速度なし,この先目立った勾配なし,前方75.1m先を19.2km/h,後続列車なし,90.0,0.0,発車済み,30.0,70.0,0.0,-0.05
179.29999999999907,Train11,次駅への減速フェーズ（駅手前400m以内）,ブレーキ（減速）中,1.3,惰行,0.1,70.0,0.0,0,70.0,45.6,0.0,0.0,1.4,9.2,この先制限速度なし,この先目立った勾配なし,前方46.0m先を0.0km/h,後続列車なし,90.0,15.0,未発車,30.0,11.7,12.3,-0.05
168.79999999999882,Train11,次駅への減速フェーズ（駅手前400m以内）,ブレーキ（減速）中,5.399999999999997,力行（加速）,0.1,70.0,0.0,0,70.0,42.7,9.2,0.0,0.0,9.2,この先制限速度なし,この先目立った勾配なし,前方44.4m先を4.9km/h,後続列車なし,60.0,0.0,発車済み,60.0,70.0,0.0,-0.05
166.2999999999997,Train11,次駅への減速フェーズ（駅手前400m以内）,ブレーキ（減速）中,3.4000000000000017,惰行,0.1,70.0,13.4,15.97,70.0,58.2,11.7,12.13,0.0,9.2,この先制限速度なし,この先目立った勾配なし,前方58.6m先を0.0km/h,後続列車なし,90.0,15.7,未発車,30.0,13.3,0.0,-0.05
141.6999999999998,Train11,次駅への減速フェーズ（駅手前400m以内）,ブレーキ（減速）中,3.1000000000000014,惰行,0.7,70.0,21.8,19.18,19.2,72.1,36.3,17.48,0.0,9.2,この先制限速度なし,この先目立った勾配なし,前方72.4m先を0.0km/h,後続列車なし,90.0,40.3,未発車,30.0,14.8,0.0,-0.05
184.69999999999865,Train11,次駅への減速フェーズ（駅手前400m以内）,惰行中,0.9999999999999999,ブレーキ（減速）,0.4,70.0,11.5,0.7,70.0,53.1,0.0,0.02,6.8,9.2,この先制限速度なし,この先目立った勾配なし,前方56.3m先を7.2km/h,後続列車なし,90.0,0.0,発車済み,30.0,70.0,0.0,-0.05
162.7999999999994,Train11,次駅への減速フェーズ（駅手前400m以内）,ブレーキ（減速）中,0.6,力行（加速）,0.1,70.0,6.2,0.63,70.0,51.5,15.2,0.02,0.0,9.2,この先制限速度なし,この先目立った勾配なし,前方51.8m先を0.0km/h,後続列車なし,90.0,19.2,未発車,30.0,12.5,0.0,-0.05
173.99999999999898,Train11,次駅への減速フェーズ（駅手前400m以内）,ブレーキ（減速）中,2.700000000000001,惰行,0.1,70.0,0.0,0,70.0,45.6,4.0,0.0,0.0,9.2,この先制限速度なし,この先目立った勾配なし,前方46.0m先を0.0km/h,後続列車なし,90.0,15.0,未発車,30.0,11.8,7.0,-0.05
157.1999999999989,Train11,次駅への減速フェーズ（駅手前400m以内）,ブレーキ（減速）中,4.999999999999998,力行（加速）,0.7999999999999999,70.0,7.7,0,13.1,52.4,20.8,0.0,0.0,9.2,この先制限速度なし,この先目立った勾配なし,前方52.8m先を0.0km/h,後続列車なし,90.0,24.8,未発車,30.0,12.6,0.0,-0.05
138.39999999999998,Train11,次駅への減速フェーズ（駅手前400m以内）,惰行中,0.5,ブレーキ（減速）,6.0,70.0,31.0,27.91,27.9,95.1,39.6,36.9,0.0,9.2,この先制限速度なし,この先目立った勾配なし,前方95.5m先を0.0km/h,後続列車なし,90.0,43.6,未発車,30.0,17.0,0.0,-0.05
184.29999999999868,Train11,次駅への減速フェーズ（駅手前400m以内）,惰行中,0.6,ブレーキ（減速）,0.4,70.0,10.9,0.86,70.0,53.2,0.0,0.04,6.4,9.2,この先制限速度なし,この先目立った勾配なし,前方55.6m先を6.2km/h,後続列車なし,90.0,0.0,発車済み,30.0,70.0,0.0,-0.05
141.99999999999983,Train11,次駅への減速フェーズ（駅手前400m以内）,ブレーキ（減速）中,0.1,力行（加速）,0.1,70.0,23.6,22.03,22.0,76.0,36.0,23.03,0.0,9.2,この先制限速度なし,この先目立った勾配なし,前方76.4m先を0.0km/h,後続列車なし,90.0,40.0,未発車,30.0,15.2,0.0,-0.05
163.2,Train11,次駅への減速フェーズ（駅手前400m以内）,ブレーキ（減速）中,6.299999999999999,力行（加速）,4.0,70.0,29.9,30.47,34.6,92.0,14.8,43.94,0.0,9.2,この先制限速度なし,この先目立った勾配なし,前方92.4m先を0.0km/h,後続列車なし,90.0,18.8,未発車,30.0,17.0,0.0,-0.05
160.49999999999974,Train11,次駅への減速フェーズ（駅手前400m以内）,ブレーキ（減速）中,1.9000000000000006,力行（加速）,0.1,70.0,18.8,20.47,20.5,66.4,17.5,19.91,0.0,9.2,この先制限速度なし,この先目立った勾配なし,前方66.8m先を0.0km/h,後続列車なし,90.0,21.5,未発車,30.0,14.2,0.0,-0.05
167.39999999999947,Train11,次駅への減速フェーズ（駅手前400m以内）,ブレーキ（減速）中,1.4000000000000001,惰行,0.1,70.0,3.3,5.91,70.0,50.0,10.6,1.67,0.0,9.2,この先制限速度なし,この先目立った勾配なし,前方50.5m先を1.1km/h,後続列車なし,60.0,15.0,未発車,60.0,12.3,30.4,-0.05
155.59999999999968,Train11,次駅への減速フェーズ（駅手前400m以内）,ブレーキ（減速）中,2.400000000000001,惰行,0.2,70.0,16.2,13.5,14.6,62.0,22.4,8.67,0.0,9.2,この先制限速度なし,この先目立った勾配なし,前方62.4m先を0.0km/h,後続列車なし,90.0,26.4,未発車,30.0,13.7,0.0,-0.05
168.3999999999994,Train11,次駅への減速フェーズ（駅手前400m以内）,ブレーキ（減速）中,0.5,惰行,0.1,70.0,0.0,3.25,70.0,48.7,9.6,0.5,0.0,9.2,この先制限速度なし,この先目立った勾配なし,前方50.0m先を3.8km/h,後続列車なし,60.0,0.0,発車済み,60.0,70.0,0.0,-0.05
153.59999999999945,Train11,次駅への減速フェーズ（駅手前400m以内）,ブレーキ（減速）中,0.4,力行（加速）,0.1,70.0,0.0,3.24,11.3,48.7,24.4,0.5,0.0,9.2,この先制限速度なし,この先目立った勾配なし,前方49.1m先を0.0km/h,後続列車なし,90.0,28.4,未発車,30.0,12.1,0.0,-0.05
150.6999999999995,Train11,次駅への減速フェーズ（駅手前400m以内）,ブレーキ（減速）中,4.300000000000001,惰行,0.1,70.0,9.7,5.44,12.0,54.1,27.3,1.41,0.0,9.2,この先制限速度なし,この先目立った勾配なし,前方54.5m先を0.0km/h,後続列車なし,90.0,31.3,未発車,30.0,12.8,0.0,-0.05
156.69999999999916,Train11,次駅への減速フェーズ（駅手前400m以内）,惰行中,2.700000000000001,ブレーキ（減速）,0.7999999999999999,70.0,7.6,0,13.1,52.4,21.3,0.0,0.0,9.2,この先制限速度なし,この先目立った勾配なし,前方52.7m先を0.0km/h,後続列車なし,90.0,25.3,未発車,30.0,12.6,0.0,-0.05
147.99999999999943,Train11,次駅への減速フェーズ（駅手前400m以内）,ブレーキ（減速）中,1.5000000000000002,惰行,0.1,70.0,8.7,2.24,11.6,53.2,30.0,0.24,0.0,9.2,この先制限速度なし,この先目立った勾配なし,前方53.6m先を0.0km/h,後続列車なし,90.0,34.0,未発車,30.0,12.7,0.0,-0.05
176.9999999999991,Train11,次駅への減速フェーズ（駅手前400m以内）,力行（加速）中,1.2,惰行,2.9000000000000012,70.0,24.2,3.05,70.0,44.2,3.0,0.44,0.0,9.2,この先制限速度なし,この先目立った勾配なし,前方77.8m先を21.7km/h,後続列車なし,90.0,0.0,発車済み,30.0,70.0,0.0,-0.05
173.9999999999991,Train11,次駅への減速フェーズ（駅手前400m以内）,ブレーキ（減速）中,0.7999999999999999,惰行,3.3000000000000016,70.0,18.2,0,70.0,48.2,6.0,0.0,0.0,9.2,この先制限速度なし,この先目立った勾配なし,前方65.8m先を16.5km/h,後続列車なし,60.0,0.0,発車済み,60.0,70.0,0.0,-0.05
145.39999999999958,Train11,次駅への減速フェーズ（駅手前400m以内）,ブレーキ（減速）中,6.799999999999992,惰行,0.7,70.0,13.2,8.36,12.4,57.9,32.6,3.33,0.0,9.2,この先制限速度なし,この先目立った勾配なし,前方58.3m先を0.0km/h,後続列車なし,90.0,36.6,未発車,30.0,13.3,0.0,-0.05
173.0999999999988,Train11,次駅への減速フェーズ（駅手前400m以内）,力行（加速）中,0.7999999999999999,惰行,0.5,70.0,17.4,1.96,70.0,50.8,6.9,0.18,0.0,9.2,この先制限速度なし,この先目立った勾配なし,前方64.4m先を14.8km/h,後続列車なし,90.0,0.0,発車済み,30.0,70.0,0.0,-0.05
172.69999999999888,Train11,次駅への減速フェーズ（駅手前400m以内）,惰行中,5.1999999999999975,ブレーキ（減速）,0.8999999999999999,70.0,7.1,0,70.0,52.0,5.3,0.0,0.0,9.2,この先制限速度なし,この先目立った勾配なし,前方52.4m先を0.0km/h,後続列車なし,90.0,15.0,未発車,30.0,12.6,5.7,-0.05
167.99999999999898,Train11,次駅への減速フェーズ（駅手前400m以内）,力行（加速）中,0.4,ブレーキ（減速）,3.1000000000000014,70.0,7.8,0.85,70.0,52.1,10.0,0.03,0.0,9.2,この先制限速度なし,この先目立った勾配なし,前方52.9m先を2.8km/h,後続列車なし,90.0,15.0,未発車,30.0,12.6,1.0,-0.05
164.09999999999886,Train11,次駅への減速フェーズ（駅手前400m以内）,ブレーキ（減速）中,0.6,力行（加速）,0.1,70.0,0.0,0,70.0,48.2,13.9,0.0,0.0,9.2,この先制限速度なし,この先目立った勾配なし,前方48.6m先を0.0km/h,後続列車なし,90.0,17.9,未発車,30.0,12.1,0.0,-0.05
164.39999999999992,Train11,次駅への減速フェーズ（駅手前400m以内）,ブレーキ（減速）中,7.499999999999995,力行（加速）,4.0,70.0,26.3,26.93,70.0,82.5,13.6,34.37,0.0,9.2,この先制限速度なし,この先目立った勾配なし,前方82.8m先を0.0km/h,後続列車なし,90.0,17.6,未発車,30.0,16.1,0.0,-0.05
155.59999999999957,Train11,次駅への減速フェーズ（駅手前400m以内）,ブレーキ（減速）中,0.4,力行（加速）,0.1,70.0,4.3,12.34,12.3,50.5,22.4,7.26,0.0,9.2,この先制限速度なし,この先目立った勾配なし,前方50.9m先を0.0km/h,後続列車なし,60.0,15.0,未発車,60.0,12.4,18.6,-0.05
148.59999999999962,Train11,次駅への減速フェーズ（駅手前400m以内）,ブレーキ（減速）中,2.2000000000000006,惰行,0.1,70.0,14.1,11.56,12.7,59.1,29.4,6.37,0.0,9.2,この先制限速度なし,この先目立った勾配なし,前方59.5m先を0.0km/h,後続列車なし,90.0,33.4,未発車,30.0,13.4,0.0,-0.05
143.79999999999967,Train11,次駅への減速フェーズ（駅手前400m以内）,ブレーキ（減速）中,2.3000000000000007,力行（加速）,0.2,70.0,16.6,14.24,14.2,62.8,34.2,9.65,0.0,9.2,この先制限速度なし,この先目立った勾配なし,前方63.1m先を0.0km/h,後続列車なし,90.0,38.2,未発車,30.0,13.8,0.0,-0.05
153.0,Train11,次駅への減速フェーズ（駅手前400m以内）,ブレーキ（減速）中,7.0,惰行,1.0,70.0,41.1,39.24,39.2,129.0,25.0,72.59,0.0,9.2,この先制限速度なし,この先目立った勾配なし,前方129.4m先を0.0km/h,後続列車なし,90.0,29.0,未発車,30.0,19.9,0.0,-0.5
158.99999999999983,Train11,次駅への減速フェーズ（駅手前400m以内）,ブレーキ（減速）中,0.4,力行（加速）,0.1,70.0,23.5,24.88,24.9,75.9,19.0,29.35,0.0,9.2,この先制限速度なし,この先目立った勾配なし,前方76.3m先を0.0km/h,後続列車なし,90.0,23.0,未発車,30.0,15.2,0.0,-0.05
162.89999999999944,Train11,次駅への減速フェーズ（駅手前400m以内）,ブレーキ（減速）中,0.7999999999999999,力行（加速）,0.1,70.0,8.4,3.16,70.0,53.0,15.1,0.48,0.0,9.2,この先制限速度なし,この先目立った勾配なし,前方53.4m先を0.0km/h,後続列車なし,90.0,19.1,未発車,30.0,12.7,0.0,-0.05
174.19999999999987,Train11,次駅への減速フェーズ（駅手前400m以内）,ブレーキ（減速）中,0.8999999999999999,力行（加速）,0.7999999999999999,70.0,30.8,27.44,70.0,76.2,5.8,35.66,0.0,9.2,この先制限速度なし,この先目立った勾配なし,前方94.7m先を16.9km/h,後続列車なし,60.0,0.0,発車済み,60.0,70.0,0.0,-0.05
166.2999999999998,Train11,次駅への減速フェーズ（駅手前400m以内）,ブレーキ（減速）中,0.5,惰行,0.1,70.0,20.6,21.59,70.0,69.7,11.7,22.14,0.0,9.2,この先制限速度なし,この先目立った勾配なし,前方70.1m先を0.0km/h,後続列車なし,90.0,15.7,未発車,30.0,14.7,0.0,-0.05
152.89999999999927,Train11,次駅への減速フェーズ（駅手前400m以内）,ブレーキ（減速）中,1.3,力行（加速）,0.7999999999999999,70.0,6.0,0,11.5,51.3,25.1,0.0,0.0,9.2,この先制限速度なし,この先目立った勾配なし,前方51.7m先を0.0km/h,後続列車なし,90.0,29.1,未発車,30.0,12.5,0.0,-0.05
155.6999999999998,Train11,次駅への減速フェーズ（駅手前400m以内）,ブレーキ（減速）中,14.799999999999986,惰行,2.0,70.0,21.3,19.78,19.8,71.1,22.3,18.59,0.0,9.2,この先制限速度なし,この先目立った勾配なし,前方71.5m先を0.0km/h,後続列車なし,90.0,26.3,未発車,30.0,14.7,0.0,-0.05
168.99999999999903,Train11,次駅への減速フェーズ（駅手前400m以内）,力行（加速）中,0.7999999999999999,惰行,0.4,70.0,8.2,1.96,70.0,51.2,9.0,0.18,0.0,9.2,この先制限速度なし,この先目立った勾配なし,前方53.2m先を5.4km/h,後続列車なし,90.0,0.0,発車済み,30.0,70.0,0.0,-0.05
141.79999999999984,Train11,次駅への減速フェーズ（駅手前400m以内）,ブレーキ（減速）中,1.3,惰行,0.1,70.0,24.2,22.15,22.2,77.3,36.2,23.3,0.0,9.2,この先制限速度なし,この先目立った勾配なし,前方77.6m先を0.0km/h,後続列車なし,90.0,40.2,未発車,30.0,15.3,0.0,-0.05
144.59999999999968,Train11,次駅への減速フェーズ（駅手前400m以内）,ブレーキ（減速）中,0.7999999999999999,惰行,0.1,70.0,16.6,15.14,15.1,62.7,33.4,10.91,0.0,9.2,この先制限速度なし,この先目立った勾配なし,前方63.1m先を0.0km/h,後続列車なし,90.0,37.4,未発車,30.0,13.8,0.0,-0.05
151.79999999999933,Train11,次駅への減速フェーズ（駅手前400m以内）,ブレーキ（減速）中,0.2,力行（加速）,0.7999999999999999,70.0,6.3,1.94,11.3,51.5,26.2,0.18,0.0,9.2,この先制限速度なし,この先目立った勾配なし,前方51.9m先を0.0km/h,後続列車なし,90.0,30.2,未発車,30.0,12.5,0.0,-0.05
166.5999999999994,Train11,次駅への減速フェーズ（駅手前400m以内）,ブレーキ（減速）中,1.6000000000000003,惰行,0.1,70.0,0.0,3.68,70.0,46.3,11.4,0.64,0.0,9.2,この先制限速度なし,この先目立った勾配なし,前方46.7m先を0.0km/h,後続列車なし,90.0,15.4,未発車,30.0,11.8,0.0,-0.05
150.59999999999962,Train11,次駅への減速フェーズ（駅手前400m以内）,ブレーキ（減速）中,0.7999999999999999,惰行,0.1,70.0,10.3,11.43,12.5,54.7,27.4,6.22,0.0,9.2,この先制限速度なし,この先目立った勾配なし,前方55.0m先を0.0km/h,後続列車なし,90.0,31.4,未発車,30.0,12.9,0.0,-0.05
168.1999999999989,Train11,次駅への減速フェーズ（駅手前400m以内）,ブレーキ（減速）中,2.400000000000001,力行（加速）,0.1,70.0,0.0,0,70.0,42.7,9.8,0.0,0.0,9.2,この先制限速度なし,この先目立った勾配なし,前方43.7m先を3.3km/h,後続列車なし,60.0,0.0,発車済み,60.0,70.0,0.0,-0.05
161.89999999999898,Train11,次駅への減速フェーズ（駅手前400m以内）,ブレーキ（減速）中,0.30000000000000004,力行（加速）,0.1,70.0,0.0,0,70.0,48.2,16.1,0.0,0.0,9.2,この先制限速度なし,この先目立った勾配なし,前方48.6m先を0.0km/h,後続列車なし,90.0,20.1,未発車,30.0,12.1,0.0,-0.05
168.1999999999996,Train11,次駅への減速フェーズ（駅手前400m以内）,ブレーキ（減速）中,5.799999999999995,惰行,0.4,70.0,14.0,9.56,70.0,59.0,9.8,4.35,0.0,9.2,この先制限速度なし,この先目立った勾配なし,前方59.3m先を0.0km/h,後続列車なし,90.0,15.0,未発車,30.0,13.4,1.2,-0.05
149.49999999999957,Train11,次駅への減速フェーズ（駅手前400m以内）,ブレーキ（減速）中,3.1000000000000014,惰行,0.1,70.0,12.1,8.93,12.4,56.5,28.5,3.8,0.0,9.2,この先制限速度なし,この先目立った勾配なし,前方56.9m先を0.0km/h,後続列車なし,90.0,32.5,未発車,30.0,13.1,0.0,-0.05
168.49999999999883,Train11,次駅への減速フェーズ（駅手前400m以内）,ブレーキ（減速）中,5.099999999999998,力行（加速）,0.1,70.0,0.0,0,70.0,42.7,9.5,0.0,0.0,9.2,この先制限速度なし,この先目立った勾配なし,前方44.1m先を4.1km/h,後続列車なし,60.0,0.0,発車済み,60.0,70.0,0.0,-0.05
156.99999999999915,Train11,次駅への減速フェーズ（駅手前400m以内）,惰行中,3.0000000000000013,ブレーキ（減速）,0.7999999999999999,70.0,7.6,0,13.1,52.4,21.0,0.0,0.0,9.2,この先制限速度なし,この先目立った勾配なし,前方52.7m先を0.0km/h,後続列車なし,90.0,25.0,未発車,30.0,12.6,0.0,-0.05
170.2999999999988,Train11,次駅への減速フェーズ（駅手前400m以内）,ブレーキ（減速）中,1.0999999999999999,惰行,0.1,70.0,0.0,0,70.0,42.7,7.7,0.0,0.0,9.2,この先制限速度なし,この先目立った勾配なし,前方47.3m先を8.6km/h,後続列車なし,60.0,0.0,発車済み,60.0,70.0,0.0,-0.05
161.49999999999866,Train11,次駅への減速フェーズ（駅手前400m以内）,力行（加速）中,0.4,惰行,0.9999999999999999,70.0,7.3,0.85,17.8,52.2,16.5,0.03,0.0,9.2,この先制限速度なし,この先目立った勾配なし,前方52.6m先を0.0km/h,後続列車なし,90.0,20.5,未発車,30.0,12.6,0.0,-0.05
166.79999999999905,Train11,次駅への減速フェーズ（駅手前400m以内）,ブレーキ（減速）中,2.3000000000000007,力行（加速）,0.5,70.0,7.3,0,70.0,52.1,11.2,0.0,0.0,9.2,この先制限速度なし,この先目立った勾配なし,前方52.5m先を0.0km/h,後続列車なし,90.0,15.2,未発車,30.0,12.6,0.0,-0.05
154.09999999999908,Train11,次駅への減速フェーズ（駅手前400m以内）,ブレーキ（減速）中,1.9000000000000006,力行（加速）,0.7999999999999999,70.0,7.7,0,12.0,52.4,23.9,0.0,0.0,9.2,この先制限速度なし,この先目立った勾配なし,前方52.8m先を0.0km/h,後続列車なし,90.0,27.9,未発車,30.0,12.6,0.0,-0.05
161.49999999999946,Train11,次駅への減速フェーズ（駅手前400m以内）,ブレーキ（減速）中,3.3000000000000016,力行（加速）,0.1,70.0,7.4,3.6,16.3,52.2,16.5,0.62,0.0,9.2,この先制限速度なし,この先目立った勾配なし,前方52.6m先を0.0km/h,後続列車なし,90.0,20.5,未発車,30.0,12.6,0.0,-0.05
185.09999999999874,Train11,次駅への減速フェーズ（駅手前400m以内）,ブレーキ（減速）中,3.4000000000000017,惰行,0.1,70.0,0.0,0,70.0,45.6,0.0,0.0,7.2,9.2,この先制限速度なし,この先目立った勾配なし,前方46.0m先を0.0km/h,後続列車なし,90.0,15.0,未発車,30.0,11.7,18.1,-0.05
162.6999999999987,Train11,次駅への減速フェーズ（駅手前400m以内）,力行（加速）中,0.2,ブレーキ（減速）,0.7,70.0,3.9,0.48,20.8,50.3,15.3,0.01,0.0,9.2,この先制限速度なし,この先目立った勾配なし,前方50.7m先を0.0km/h,後続列車なし,90.0,19.3,未発車,30.0,12.3,0.0,-0.05
160.79999999999893,Train11,次駅への減速フェーズ（駅手前400m以内）,惰行中,0.5,ブレーキ（減速）,3.600000000000002,70.0,6.3,0,16.2,51.5,17.2,0.0,0.0,9.2,この先制限速度なし,この先目立った勾配なし,前方51.9m先を0.0km/h,後続列車なし,90.0,21.2,未発車,30.0,12.5,0.0,-0.05
173.599999999999,Train11,次駅への減速フェーズ（駅手前400m以内）,ブレーキ（減速）中,2.3000000000000007,惰行,0.1,70.0,0.0,0,70.0,45.6,4.4,0.0,0.0,9.2,この先制限速度なし,この先目立った勾配なし,前方46.0m先を0.0km/h,後続列車なし,90.0,15.0,未発車,30.0,11.8,6.6,-0.05
139.7999999999999,Train11,次駅への減速フェーズ（駅手前400m以内）,ブレーキ（減速）中,0.9999999999999999,惰行,0.8999999999999999,70.0,27.2,25.03,25.0,84.6,38.2,29.72,0.0,9.2,この先制限速度なし,この先目立った勾配なし,前方85.0m先を0.0km/h,後続列車なし,90.0,42.2,未発車,30.0,16.1,0.0,-0.05
139.7999999999999,Train11,次駅への減速フェーズ（駅手前400m以内）,ブレーキ（減速）中,1.2,惰行,0.7,70.0,26.8,24.76,24.8,83.6,38.2,29.08,0.0,9.2,この先制限速度なし,この先目立った勾配なし,前方84.0m先を0.0km/h,後続列車なし,90.0,42.2,未発車,30.0,16.0,0.0,-0.05
146.89999999999984,Train11,次駅への減速フェーズ（駅手前400m以内）,ブレーキ（減速）中,5.999999999999994,惰行,1.0,70.0,21.6,22.02,22.0,71.8,31.1,23.01,0.0,9.2,この先制限速度なし,この先目立った勾配なし,前方72.1m先を0.0km/h,後続列車なし,90.0,35.1,未発車,30.0,14.8,0.0,-0.05
154.4999999999993,Train11,次駅への減速フェーズ（駅手前400m以内）,惰行中,1.7000000000000004,ブレーキ（減速）,4.699999999999999,70.0,6.3,0,12.0,51.5,23.5,0.0,0.0,9.2,この先制限速度なし,この先目立った勾配なし,前方51.9m先を0.0km/h,後続列車なし,90.0,27.5,未発車,30.0,12.5,0.0,-0.05
148.19999999999942,Train11,次駅への減速フェーズ（駅手前400m以内）,ブレーキ（減速）中,1.7000000000000004,惰行,0.1,70.0,8.6,1.65,11.7,53.1,29.8,0.13,0.0,9.2,この先制限速度なし,この先目立った勾配なし,前方53.5m先を0.0km/h,後続列車なし,90.0,33.8,未発車,30.0,12.7,0.0,-0.05
155.49999999999935,Train11,次駅への減速フェーズ（駅手前400m以内）,ブレーキ（減速）中,2.3000000000000007,力行（加速）,0.1,70.0,0.0,0,12.0,48.3,22.5,0.0,0.0,9.2,この先制限速度なし,この先目立った勾配なし,前方48.6m先を0.0km/h,後続列車なし,90.0,26.5,未発車,30.0,12.1,0.0,-0.05
162.0999999999987,Train11,次駅への減速フェーズ（駅手前400m以内）,力行（加速）中,0.1,ブレーキ（減速）,2.800000000000001,70.0,2.6,0,70.0,49.9,15.9,0.0,0.0,9.2,この先制限速度なし,この先目立った勾配なし,前方50.3m先を0.0km/h,後続列車なし,90.0,19.9,未発車,30.0,12.3,0.0,-0.05
152.89999999999938,Train11,次駅への減速フェーズ（駅手前400m以内）,惰行中,0.1,ブレーキ（減速）,4.699999999999999,70.0,6.3,0.17,11.6,51.5,25.1,0.0,0.0,9.2,この先制限速度なし,この先目立った勾配なし,前方51.9m先を0.0km/h,後続列車なし,90.0,29.1,未発車,30.0,12.5,0.0,-0.05
173.9999999999988,Train11,次駅への減速フェーズ（駅手前400m以内）,力行（加速）中,0.4,惰行,6.099999999999994,70.0,7.1,0.85,70.0,52.0,4.0,0.03,0.0,9.2,この先制限速度なし,この先目立った勾配なし,前方52.4m先を0.0km/h,後続列車なし,90.0,15.0,未発車,30.0,12.6,7.0,-0.05
167.29999999999902,Train11,次駅への減速フェーズ（駅手前400m以内）,ブレーキ（減速）中,2.800000000000001,力行（加速）,0.5,70.0,7.4,0,70.0,52.1,10.7,0.0,0.0,9.2,この先制限速度なし,この先目立った勾配なし,前方52.6m先を0.8km/h,後続列車なし,90.0,15.0,未発車,30.0,12.6,0.3,-0.05
148.29999999999976,Train11,次駅への減速フェーズ（駅手前400m以内）,ブレーキ（減速）中,7.399999999999989,惰行,1.0,70.0,17.4,17.91,17.9,64.0,29.7,15.25,0.0,9.2,この先制限速度なし,この先目立った勾配なし,前方64.4m先を0.0km/h,後続列車なし,90.0,33.7,未発車,30.0,13.9,0.0,-0.05
162.69999999999894,Train11,次駅への減速フェーズ（駅手前400m以内）,ブレーキ（減速）中,1.0999999999999999,力行（加速）,0.1,70.0,0.0,0,70.0,48.2,15.3,0.0,0.0,9.2,この先制限速度なし,この先目立った勾配なし,前方48.6m先を0.0km/h,後続列車なし,90.0,19.3,未発車,30.0,12.1,0.0,-0.05
145.69999999999962,Train11,次駅への減速フェーズ（駅手前400m以内）,ブレーキ（減速）中,1.9000000000000006,惰行,0.1,70.0,13.8,11.93,13.0,58.6,32.3,6.77,0.0,9.2,この先制限速度なし,この先目立った勾配なし,前方59.0m先を0.0km/h,後続列車なし,90.0,36.3,未発車,30.0,13.3,0.0,-0.05
156.89999999999927,Train11,次駅への減速フェーズ（駅手前400m以内）,ブレーキ（減速）中,0.4,力行（加速）,0.1,70.0,0.0,0,12.0,48.2,21.1,0.0,0.0,9.2,この先制限速度なし,この先目立った勾配なし,前方48.6m先を0.0km/h,後続列車なし,90.0,25.1,未発車,30.0,12.1,0.0,-0.05
179.29999999999896,Train11,次駅への減速フェーズ（駅手前400m以内）,ブレーキ（減速）中,2.9000000000000012,惰行,1.4000000000000001,70.0,9.3,0,70.0,53.7,0.0,0.0,1.4,9.2,この先制限速度なし,この先目立った勾配なし,前方54.1m先を0.0km/h,後続列車なし,90.0,15.0,未発車,30.0,12.8,12.3,-0.05
154.2999999999997,Train11,次駅への減速フェーズ（駅手前400m以内）,ブレーキ（減速）中,4.5,力行（加速）,0.1,70.0,15.7,18.06,18.1,61.3,23.7,15.5,0.0,9.2,この先制限速度なし,この先目立った勾配なし,前方61.7m先を0.0km/h,後続列車なし,60.0,15.0,未発車,60.0,13.7,17.3,-0.05
146.29999999999953,Train11,次駅への減速フェーズ（駅手前400m以内）,ブレーキ（減速）中,7.699999999999989,惰行,0.7,70.0,11.7,5.74,11.7,56.2,31.7,1.57,0.0,9.2,この先制限速度なし,この先目立った勾配なし,前方56.5m先を0.0km/h,後続列車なし,90.0,35.7,未発車,30.0,13.0,0.0,-0.05
143.99999999999966,Train11,次駅への減速フェーズ（駅手前400m以内）,ブレーキ（減速）中,2.500000000000001,力行（加速）,0.2,70.0,16.1,13.65,13.7,62.0,34.0,8.87,0.0,9.2,この先制限速度なし,この先目立った勾配なし,前方62.4m先を0.0km/h,後続列車なし,90.0,38.0,未発車,30.0,13.7,0.0,-0.05
173.99999999999937,Train11,次駅への減速フェーズ（駅手前400m以内）,ブレーキ（減速）中,2.1000000000000005,力行（加速）,0.1,70.0,0.0,1.85,70.0,45.8,4.0,0.16,0.0,9.2,この先制限速度なし,この先目立った勾配なし,前方46.2m先を0.0km/h,後続列車なし,90.0,15.0,未発車,30.0,11.8,7.0,-0.05
173.799999999999,Train11,次駅への減速フェーズ（駅手前400m以内）,ブレーキ（減速）中,2.500000000000001,惰行,0.1,70.0,0.0,0,70.0,45.6,4.2,0.0,0.0,9.2,この先制限速度なし,この先目立った勾配なし,前方46.0m先を0.0km/h,後続列車なし,90.0,15.0,未発車,30.0,11.8,6.8,-0.05
165.09999999999988,Train11,次駅への減速フェーズ（駅手前400m以内）,ブレーキ（減速）中,2.1000000000000005,力行（加速）,0.1,70.0,24.5,25.02,70.0,78.1,12.9,29.68,0.0,9.2,この先制限速度なし,この先目立った勾配なし,前方78.4m先を0.0km/h,後続列車なし,90.0,16.9,未発車,30.0,15.6,0.0,-0.05
175.3999999999993,Train11,次駅への減速フェーズ（駅手前400m以内）,ブレーキ（減速）中,0.30000000000000004,力行（加速）,0.1,70.0,0.0,0,70.0,45.6,2.6,0.0,0.0,9.2,この先制限速度なし,この先目立った勾配なし,前方46.0m先を0.0km/h,後続列車なし,90.0,15.0,未発車,30.0,11.7,8.4,-0.05
151.0,Train11,次駅への減速フェーズ（駅手前400m以内）,ブレーキ（減速）中,4.0,惰行,1.0,70.0,37.5,35.73,35.7,115.8,27.0,60.27,0.0,9.2,この先制限速度なし,この先目立った勾配なし,前方116.2m先を0.0km/h,後続列車なし,90.0,31.0,未発車,30.0,18.8,0.0,-0.5
146.69999999999962,Train11,次駅への減速フェーズ（駅手前400m以内）,ブレーキ（減速）中,0.2,力行（加速）,0.1,70.0,13.4,11.5,12.6,58.1,31.3,6.3,0.0,9.2,この先制限速度なし,この先目立った勾配なし,前方58.5m先を0.0km/h,後続列車なし,90.0,35.3,未発車,30.0,13.3,0.0,-0.05
176.19999999999897,Train11,次駅への減速フェーズ（駅手前400m以内）,ブレーキ（減速）中,3.0000000000000013,惰行,3.3000000000000016,70.0,23.9,0,70.0,48.2,3.8,0.0,0.0,9.2,この先制限速度なし,この先目立った勾配なし,前方77.1m先を20.4km/h,後続列車なし,60.0,0.0,発車済み,60.0,70.0,0.0,-0.05
160.59999999999906,Train11,次駅への減速フェーズ（駅手前400m以内）,ブレーキ（減速）中,3.2000000000000015,力行（加速）,0.1,70.0,0.0,0,15.2,48.2,17.4,0.0,0.0,9.2,この先制限速度なし,この先目立った勾配なし,前方48.6m先を0.0km/h,後続列車なし,90.0,21.4,未発車,30.0,12.1,0.0,-0.05
173.0999999999993,Train11,次駅への減速フェーズ（駅手前400m以内）,ブレーキ（減速）中,0.4,力行（加速）,0.7999999999999999,70.0,9.4,1.36,70.0,53.8,4.9,0.09,0.0,9.2,この先制限速度なし,この先目立った勾配なし,前方54.2m先を0.0km/h,後続列車なし,90.0,15.0,未発車,30.0,12.8,6.1,-0.05
170.59999999999877,Train11,次駅への減速フェーズ（駅手前400m以内）,ブレーキ（減速）中,1.4000000000000001,惰行,0.1,70.0,0.0,0,70.0,42.7,7.4,0.0,0.0,9.2,この先制限速度なし,この先目立った勾配なし,前方48.0m先を9.3km/h,後続列車なし,60.0,0.0,発車済み,60.0,70.0,0.0,-0.05
174.79999999999905,Train11,次駅への減速フェーズ（駅手前400m以内）,ブレーキ（減速）中,1.6000000000000003,惰行,3.3000000000000016,70.0,20.4,0,70.0,48.2,5.2,0.0,0.0,9.2,この先制限速度なし,この先目立った勾配なし,前方69.7m先を18.0km/h,後続列車なし,60.0,0.0,発車済み,60.0,70.0,0.0,-0.05
155.69999999999956,Train11,次駅への減速フェーズ（駅手前400m以内）,ブレーキ（減速）中,0.5,力行（加速）,0.1,70.0,3.3,12.05,12.6,50.1,22.3,6.92,0.0,9.2,この先制限速度なし,この先目立った勾配なし,前方50.5m先を0.0km/h,後続列車なし,60.0,15.0,未発車,60.0,12.3,18.7,-0.05
177.99999999999903,Train11,次駅への減速フェーズ（駅手前400m以内）,ブレーキ（減速）中,1.6000000000000003,惰行,1.4000000000000001,70.0,9.3,0,70.0,53.7,0.0,0.0,0.1,9.2,この先制限速度なし,この先目立った勾配なし,前方54.1m先を0.0km/h,後続列車なし,90.0,15.0,未発車,30.0,12.8,11.0,-0.05
0.0,Train11,駅出発直後の加速フェーズ（20秒以内）,力行（加速）中,1.0,ブレーキ（減速）,30,70.0,61.5,0.0,70.0,2178.0,31.0,0.0,0.0,-2.1,この先制限速度なし,388m先に下り勾配6.7‰あり,前方253.1m先を48.9km/h,後続列車なし,90.0,182.0,未発車,30.0,49.2,0.0,-0.5
149.69999999999996,Train11,次駅への減速フェーズ（駅手前400m以内）,ブレーキ（減速）中,0.30000000000000004,力行（加速）,0.1,70.0,30.3,31.18,31.2,93.0,28.3,45.99,0.0,9.2,この先制限速度なし,この先目立った勾配なし,前方93.4m先を0.0km/h,後続列車なし,60.0,15.0,未発車,60.0,17.8,12.7,-0.05
178.9999999999991,Train11,次駅への減速フェーズ（駅手前400m以内）,ブレーキ（減速）中,10.999999999999977,力行（加速）,0.1,70.0,0.0,0,70.0,46.8,0.0,0.0,1.1,9.2,この先制限速度なし,この先目立った勾配なし,前方47.2m先を0.0km/h,後続列車なし,90.0,15.0,未発車,30.0,11.9,12.0,-0.05
159.59999999999957,Train11,次駅への減速フェーズ（駅手前400m以内）,ブレーキ（減速）中,1.4000000000000001,力行（加速）,0.1,70.0,11.2,9.13,14.2,55.6,18.4,3.98,0.0,9.2,この先制限速度なし,この先目立った勾配なし,前方55.9m先を0.0km/h,後続列車なし,90.0,22.4,未発車,30.0,13.0,0.0,-0.05
159.7999999999994,Train11,次駅への減速フェーズ（駅手前400m以内）,ブレーキ（減速）中,0.8999999999999999,惰行,0.1,70.0,0.0,4.5,11.8,43.7,18.2,0.97,0.0,9.2,この先制限速度なし,この先目立った勾配なし,前方44.1m先を0.0km/h,後続列車なし,60.0,15.0,未発車,60.0,11.5,22.8,-0.05
149.59999999999934,Train11,次駅への減速フェーズ（駅手前400m以内）,惰行中,0.1,ブレーキ（減速）,0.5,70.0,9.7,0.69,11.5,54.1,28.4,0.02,0.0,9.2,この先制限速度なし,この先目立った勾配なし,前方54.4m先を0.0km/h,後続列車なし,90.0,32.4,未発車,30.0,12.8,0.0,-0.05
168.7999999999991,Train11,次駅への減速フェーズ（駅手前400m以内）,惰行中,1.3,ブレーキ（減速）,0.8999999999999999,70.0,7.1,0,70.0,52.0,9.2,0.0,0.0,9.2,この先制限速度なし,この先目立った勾配なし,前方52.4m先を0.0km/h,後続列車なし,90.0,15.0,未発車,30.0,12.6,1.8,-0.05
151.49999999999923,Train11,次駅への減速フェーズ（駅手前400m以内）,ブレーキ（減速）中,1.4000000000000001,惰行,0.6,70.0,9.6,0,12.0,54.0,26.5,0.0,0.0,9.2,この先制限速度なし,この先目立った勾配なし,前方54.3m先を0.0km/h,後続列車なし,90.0,30.5,未発車,30.0,12.8,0.0,-0.05
171.2999999999989,Train11,次駅への減速フェーズ（駅手前400m以内）,ブレーキ（減速）中,2.3000000000000007,力行（加速）,0.7999999999999999,70.0,13.1,0,70.0,51.0,6.7,0.0,0.0,9.2,この先制限速度なし,この先目立った勾配なし,前方58.2m先を10.9km/h,後続列車なし,90.0,0.0,発車済み,30.0,70.0,0.0,-0.05
172.59999999999934,Train11,次駅への減速フェーズ（駅手前400m以内）,ブレーキ（減速）中,3.1000000000000014,力行（加速）,0.1,70.0,11.6,0,70.0,44.7,7.4,0.0,0.0,9.2,この先制限速度なし,この先目立った勾配なし,前方56.4m先を13.7km/h,後続列車なし,90.0,0.0,発車済み,30.0,70.0,0.0,-0.05
170.19999999999874,Train11,次駅への減速フェーズ（駅手前400m以内）,ブレーキ（減速）中,0.1,力行（加速）,0.1,70.0,0.0,0.28,70.0,42.7,7.8,0.0,0.0,9.2,この先制限速度なし,この先目立った勾配なし,前方47.0m先を8.4km/h,後続列車なし,60.0,0.0,発車済み,60.0,70.0,0.0,-0.05
143.19999999999993,Train11,次駅への減速フェーズ（駅手前400m以内）,ブレーキ（減速）中,6.299999999999995,惰行,1.0,70.0,28.3,26.41,26.4,87.6,34.8,33.06,0.0,9.2,この先制限速度なし,この先目立った勾配なし,前方88.0m先を0.0km/h,後続列車なし,90.0,38.8,未発車,30.0,16.3,0.0,-0.05
168.1999999999997,Train11,次駅への減速フェーズ（駅手前400m以内）,ブレーキ（減速）中,0.2,力行（加速）,0.1,70.0,14.6,16.51,70.0,59.8,9.8,12.97,0.0,9.2,この先制限速度なし,この先目立った勾配なし,前方60.1m先を0.0km/h,後続列車なし,90.0,15.0,未発車,30.0,13.5,1.2,-0.05
170.1999999999996,Train11,次駅への減速フェーズ（駅手前400m以内）,ブレーキ（減速）中,2.2000000000000006,力行（加速）,0.1,70.0,7.4,10.67,70.0,52.2,7.8,5.42,0.0,9.2,この先制限速度なし,この先目立った勾配なし,前方52.6m先を0.0km/h,後続列車なし,90.0,15.0,未発車,30.0,12.6,3.2,-0.05
156.19999999999982,Train11,次駅への減速フェーズ（駅手前400m以内）,ブレーキ（減速）中,2.1000000000000005,惰行,0.1,70.0,23.2,20.64,20.6,75.2,21.8,20.24,0.0,9.2,この先制限速度なし,この先目立った勾配なし,前方75.6m先を0.0km/h,後続列車なし,90.0,25.8,未発車,30.0,15.1,0.0,-0.05
151.79999999999927,Train11,次駅への減速フェーズ（駅手前400m以内）,ブレーキ（減速）中,1.0999999999999999,力行（加速）,0.7999999999999999,70.0,6.1,0,11.5,51.4,26.2,0.0,0.0,9.2,この先制限速度なし,この先目立った勾配なし,前方51.7m先を0.0km/h,後続列車なし,90.0,30.2,未発車,30.0,12.5,0.0,-0.05
159.59999999999883,Train11,次駅への減速フェーズ（駅手前400m以内）,ブレーキ（減速）中,0.4,力行（加速）,0.30000000000000004,70.0,2.6,0,14.2,49.9,18.4,0.0,0.0,9.2,この先制限速度なし,この先目立った勾配なし,前方50.3m先を0.0km/h,後続列車なし,90.0,22.4,未発車,30.0,12.3,0.0,-0.05
144.7999999999996,Train11,次駅への減速フェーズ（駅手前400m以内）,ブレーキ（減速）中,6.199999999999994,惰行,0.7,70.0,14.4,10.11,12.9,59.5,33.2,4.87,0.0,9.2,この先制限速度なし,この先目立った勾配なし,前方59.8m先を0.0km/h,後続列車なし,90.0,37.2,未発車,30.0,13.4,0.0,-0.05
157.7999999999995,Train11,次駅への減速フェーズ（駅手前400m以内）,ブレーキ（減速）中,0.6,力行（加速）,0.1,70.0,0.0,10.09,12.4,47.7,20.2,4.85,0.0,9.2,この先制限速度なし,この先目立った勾配なし,前方48.1m先を0.0km/h,後続列車なし,60.0,15.0,未発車,60.0,12.0,20.8,-0.05
162.19999999999874,Train11,次駅への減速フェーズ（駅手前400m以内）,ブレーキ（減速）中,0.4,力行（加速）,0.7999999999999999,70.0,4.1,1.36,18.6,50.4,15.8,0.09,0.0,9.2,この先制限速度なし,この先目立った勾配なし,前方50.8m先を0.0km/h,後続列車なし,90.0,19.8,未発車,30.0,12.4,0.0,-0.05
150.99999999999926,Train11,次駅への減速フェーズ（駅手前400m以内）,ブレーキ（減速）中,0.8999999999999999,惰行,0.6,70.0,9.6,0,12.0,54.0,27.0,0.0,0.0,9.2,この先制限速度なし,この先目立った勾配なし,前方54.3m先を0.0km/h,後続列車なし,90.0,31.0,未発車,30.0,12.8,0.0,-0.05
162.39999999999964,Train11,次駅への減速フェーズ（駅手前400m以内）,ブレーキ（減速）中,3.800000000000002,力行（加速）,0.1,70.0,12.6,14.91,16.9,57.1,15.6,10.57,0.0,9.2,この先制限速度なし,この先目立った勾配なし,前方57.5m先を0.0km/h,後続列車なし,90.0,19.6,未発車,30.0,13.2,0.0,-0.05
145.79999999999956,Train11,次駅への減速フェーズ（駅手前400m以内）,ブレーキ（減速）中,4.300000000000001,力行（加速）,0.2,70.0,12.0,8.4,12.4,56.5,32.2,3.36,0.0,9.2,この先制限速度なし,この先目立った勾配なし,前方56.9m先を0.0km/h,後続列車なし,90.0,36.2,未発車,30.0,13.1,0.0,-0.05
173.3999999999994,Train11,次駅への減速フェーズ（駅手前400m以内）,ブレーキ（減速）中,1.5000000000000002,力行（加速）,0.1,70.0,0.0,3.6,70.0,46.2,4.6,0.62,0.0,9.2,この先制限速度なし,この先目立った勾配なし,前方46.6m先を0.0km/h,後続列車なし,90.0,15.0,未発車,30.0,11.8,6.4,-0.05
163.29999999999959,Train11,次駅への減速フェーズ（駅手前400m以内）,ブレーキ（減速）中,4.699999999999999,力行（加速）,0.1,70.0,9.3,12.27,17.9,53.7,14.7,7.17,0.0,9.2,この先制限速度なし,この先目立った勾配なし,前方54.1m先を0.0km/h,後続列車なし,90.0,18.7,未発車,30.0,12.8,0.0,-0.05
180.3999999999989,Train11,次駅への減速フェーズ（駅手前400m以内）,惰行中,1.3,力行（加速）,3.3000000000000016,70.0,30.6,8.13,70.0,37.8,0.0,3.15,0.5,9.2,この先制限速度なし,この先目立った勾配なし,前方94.4m先を26.7km/h,後続列車なし,90.0,0.0,発車済み,30.0,70.0,0.0,-0.05
151.5999999999998,Train11,次駅への減速フェーズ（駅手前400m以内）,ブレーキ（減速）中,0.2,力行（加速）,0.1,70.0,20.7,23.08,23.1,70.0,26.4,25.27,0.0,9.2,この先制限速度なし,この先目立った勾配なし,前方70.3m先を0.0km/h,後続列車なし,60.0,15.0,未発車,60.0,14.8,14.6,-0.05
145.39999999999958,Train11,次駅への減速フェーズ（駅手前400m以内）,ブレーキ（減速）中,3.900000000000002,力行（加速）,0.2,70.0,12.9,9.56,12.4,57.5,32.6,4.36,0.0,9.2,この先制限速度なし,この先目立った勾配なし,前方57.8m先を0.0km/h,後続列車なし,90.0,36.6,未発車,30.0,13.2,0.0,-0.05
154.3999999999993,Train11,次駅への減速フェーズ（駅手前400m以内）,惰行中,0.4,ブレーキ（減速）,0.7999999999999999,70.0,7.6,0,12.0,52.4,23.6,0.0,0.0,9.2,この先制限速度なし,この先目立った勾配なし,前方52.7m先を0.0km/h,後続列車なし,90.0,27.6,未発車,30.0,12.6,0.0,-0.05
161.89999999999887,Train11,次駅への減速フェーズ（駅手前400m以内）,力行（加速）中,0.2,ブレーキ（減速）,0.4,70.0,6.3,0.28,20.6,51.5,16.1,0.0,0.0,9.2,この先制限速度なし,この先目立った勾配なし,前方51.9m先を0.0km/h,後続列車なし,90.0,20.1,未発車,30.0,12.5,0.0,-0.05
147.89999999999966,Train11,次駅への減速フェーズ（駅手前400m以内）,ブレーキ（減速）中,0.30000000000000004,惰行,0.1,70.0,16.0,14.25,14.2,61.8,30.1,9.66,0.0,9.2,この先制限速度なし,この先目立った勾配なし,前方62.2m先を0.0km/h,後続列車なし,90.0,34.1,未発車,30.0,13.7,0.0,-0.05
156.89999999999904,Train11,次駅への減速フェーズ（駅手前400m以内）,ブレーキ（減速）中,2.0000000000000004,力行（加速）,0.7999999999999999,70.0,5.1,0,13.1,50.8,21.1,0.0,0.0,9.2,この先制限速度なし,この先目立った勾配なし,前方51.2m先を0.0km/h,後続列車なし,90.0,25.1,未発車,30.0,12.4,0.0,-0.05
182.89999999999938,Train11,次駅への減速フェーズ（駅手前400m以内）,惰行中,0.4,ブレーキ（減速）,2.1000000000000005,70.0,35.4,9.94,70.0,33.0,0.0,4.71,3.0,9.2,この先制限速度なし,この先目立った勾配なし,前方109.2m先を29.8km/h,後続列車なし,60.0,0.0,発車済み,60.0,70.0,0.0,-0.05
183.59999999999883,Train11,次駅への減速フェーズ（駅手前400m以内）,ブレーキ（減速）中,1.9000000000000006,惰行,0.1,70.0,0.0,0,70.0,45.6,0.0,0.0,5.7,9.2,この先制限速度なし,この先目立った勾配なし,前方46.0m先を0.0km/h,後続列車なし,90.0,15.0,未発車,30.0,11.7,16.6,-0.05
151.89999999999932,Train11,次駅への減速フェーズ（駅手前400m以内）,ブレーキ（減速）中,0.30000000000000004,力行（加速）,0.7999999999999999,70.0,6.2,1.65,11.7,51.4,26.1,0.13,0.0,9.2,この先制限速度なし,この先目立った勾配なし,前方51.8m先を0.0km/h,後続列車なし,90.0,30.1,未発車,30.0,12.5,0.0,-0.05
182.79999999999876,Train11,次駅への減速フェーズ（駅手前400m以内）,力行（加速）中,0.30000000000000004,ブレーキ（減速）,6.099999999999994,70.0,9.6,0.57,70.0,53.7,0.0,0.02,4.9,9.2,この先制限速度なし,この先目立った勾配なし,前方54.4m先を2.2km/h,後続列車なし,90.0,15.0,未発車,30.0,12.8,15.8,-0.05
150.2999999999993,Train11,次駅への減速フェーズ（駅手前400m以内）,ブレーキ（減速）中,0.2,惰行,0.6,70.0,9.6,0.15,11.6,54.0,27.7,0.0,0.0,9.2,この先制限速度なし,この先目立った勾配なし,前方54.3m先を0.0km/h,後続列車なし,90.0,31.7,未発車,30.0,12.8,0.0,-0.05
183.39999999999884,Train11,次駅への減速フェーズ（駅手前400m以内）,ブレーキ（減速）中,1.7000000000000004,惰行,0.1,70.0,0.0,0,70.0,45.6,0.0,0.0,5.5,9.2,この先制限速度なし,この先目立った勾配なし,前方46.0m先を0.0km/h,後続列車なし,90.0,15.0,未発車,30.0,11.7,16.4,-0.05
150.39999999999952,Train11,次駅への減速フェーズ（駅手前400m以内）,ブレーキ（減速）中,2.3000000000000007,力行（加速）,0.1,70.0,9.8,7.45,12.1,54.2,27.6,2.64,0.0,9.2,この先制限速度なし,この先目立った勾配なし,前方54.5m先を0.0km/h,後続列車なし,90.0,31.6,未発車,30.0,12.8,0.0,-0.05
174.39999999999895,Train11,次駅への減速フェーズ（駅手前400m以内）,ブレーキ（減速）中,3.1000000000000014,惰行,0.1,70.0,0.0,0,70.0,45.6,3.6,0.0,0.0,9.2,この先制限速度なし,この先目立った勾配なし,前方46.0m先を0.0km/h,後続列車なし,90.0,15.0,未発車,30.0,11.8,7.4,-0.05
155.49999999999906,Train11,次駅への減速フェーズ（駅手前400m以内）,惰行中,1.5000000000000002,力行（加速）,0.7,70.0,4.3,1.39,12.0,50.5,22.5,0.09,0.0,9.2,この先制限速度なし,この先目立った勾配なし,前方50.9m先を0.0km/h,後続列車なし,90.0,26.5,未発車,30.0,12.4,0.0,-0.05
168.49999999999895,Train11,次駅への減速フェーズ（駅手前400m以内）,ブレーキ（減速）中,0.1,力行（加速）,0.7999999999999999,70.0,8.2,2.23,70.0,51.9,9.5,0.24,0.0,9.2,この先制限速度なし,この先目立った勾配なし,前方53.2m先を4.1km/h,後続列車なし,90.0,0.0,発車済み,30.0,70.0,0.0,-0.05
184.49999999999878,Train11,次駅への減速フェーズ（駅手前400m以内）,ブレーキ（減速）中,0.9999999999999999,力行（加速）,0.1,70.0,0.0,0,70.0,46.8,0.0,0.0,6.6,9.2,この先制限速度なし,この先目立った勾配なし,前方49.7m先を6.7km/h,後続列車なし,90.0,0.0,発車済み,30.0,70.0,0.0,-0.05
144.99999999999994,Train11,次駅への減速フェーズ（駅手前400m以内）,ブレーキ（減速）中,4.1000000000000005,惰行,1.0,70.0,27.3,27.61,27.6,84.8,33.0,36.1,0.0,9.2,この先制限速度なし,この先目立った勾配なし,前方85.2m先を0.0km/h,後続列車なし,90.0,37.0,未発車,30.0,16.1,0.0,-0.05
165.09999999999977,Train11,次駅への減速フェーズ（駅手前400m以内）,ブレーキ（減速）中,2.700000000000001,惰行,0.4,70.0,21.3,18.62,70.0,71.1,12.9,16.48,0.0,9.2,この先制限速度なし,この先目立った勾配なし,前方71.5m先を0.0km/h,後続列車なし,90.0,16.9,未発車,30.0,14.8,0.0,-0.05
153.59999999999917,Train11,次駅への減速フェーズ（駅手前400m以内）,力行（加速）中,0.30000000000000004,ブレーキ（減速）,2.600000000000001,70.0,6.0,0.57,11.9,51.3,24.4,0.02,0.0,9.2,この先制限速度なし,この先目立った勾配なし,前方51.7m先を0.0km/h,後続列車なし,90.0,28.4,未発車,30.0,12.5,0.0,-0.05
0.0,Train11,駅出発直後の加速フェーズ（20秒以内）,力行（加速）中,1.0,ブレーキ（減速）,30,70.0,61.5,0.0,70.0,2178.0,31.0,0.0,0.0,-2.1,この先制限速度なし,388m先に下り勾配6.7‰あり,前方253.1m先を48.9km/h,後続列車なし,90.0,182.0,未発車,30.0,49.2,0.0,-0.5
175.99999999999926,Train11,次駅への減速フェーズ（駅手前400m以内）,ブレーキ（減速）中,0.8999999999999999,力行（加速）,0.1,70.0,0.0,0,70.0,45.6,2.0,0.0,0.0,9.2,この先制限速度なし,この先目立った勾配なし,前方46.0m先を0.0km/h,後続列車なし,90.0,15.0,未発車,30.0,11.7,9.0,-0.05
171.99999999999937,Train11,次駅への減速フェーズ（駅手前400m以内）,力行（加速）中,0.1,ブレーキ（減速）,3.2000000000000015,70.0,9.8,0,70.0,54.2,6.0,0.0,0.0,9.2,この先制限速度なし,この先目立った勾配なし,前方54.6m先を0.0km/h,後続列車なし,90.0,15.0,未発車,30.0,12.8,5.0,-0.05
159.69999999999888,Train11,次駅への減速フェーズ（駅手前400m以内）,ブレーキ（減速）中,4.799999999999999,力行（加速）,0.7999999999999999,70.0,5.1,0,15.2,50.8,18.3,0.0,0.0,9.2,この先制限速度なし,この先目立った勾配なし,前方51.2m先を0.0km/h,後続列車なし,90.0,22.3,未発車,30.0,12.4,0.0,-0.05
155.09999999999988,Train11,次駅への減速フェーズ（駅手前400m以内）,ブレーキ（減速）中,0.9999999999999999,惰行,0.1,70.0,26.1,23.88,23.9,82.0,22.9,27.04,0.0,9.2,この先制限速度なし,この先目立った勾配なし,前方82.4m先を0.0km/h,後続列車なし,90.0,26.9,未発車,30.0,15.8,0.0,-0.05
180.89999999999898,Train11,次駅への減速フェーズ（駅手前400m以内）,ブレーキ（減速）中,1.8000000000000005,惰行,0.1,70.0,0.0,0,70.0,46.8,0.0,0.0,3.0,9.2,この先制限速度なし,この先目立った勾配なし,前方47.2m先を0.0km/h,後続列車なし,90.0,15.0,未発車,30.0,11.9,13.9,-0.05
155.39999999999924,Train11,次駅への減速フェーズ（駅手前400m以内）,惰行中,1.4000000000000001,ブレーキ（減速）,0.7999999999999999,70.0,7.6,0,12.6,52.4,22.6,0.0,0.0,9.2,この先制限速度なし,この先目立った勾配なし,前方52.7m先を0.0km/h,後続列車なし,90.0,26.6,未発車,30.0,12.6,0.0,-0.05
169.499999999999,Train11,次駅への減速フェーズ（駅手前400m以内）,ブレーキ（減速）中,0.5,力行（加速）,0.7999999999999999,70.0,9.0,1.07,70.0,51.0,8.5,0.05,0.0,9.2,この先制限速度なし,この先目立った勾配なし,前方53.9m先を6.7km/h,後続列車なし,90.0,0.0,発車済み,30.0,70.0,0.0,-0.05
162.6999999999999,Train11,次駅への減速フェーズ（駅手前400m以内）,ブレーキ（減速）中,0.30000000000000004,惰行,0.4,70.0,27.7,25.67,70.0,85.8,15.3,31.25,0.0,9.2,この先制限速度なし,この先目立った勾配なし,前方86.2m先を0.0km/h,後続列車なし,90.0,19.3,未発車,30.0,16.3,0.0,-0.05
144.09999999999988,Train11,次駅への減速フェーズ（駅手前400m以内）,ブレーキ（減速）中,2.0000000000000004,惰行,0.1,70.0,26.3,24.89,24.9,82.5,33.9,29.38,0.0,9.2,この先制限速度なし,この先目立った勾配なし,前方82.8m先を0.0km/h,後続列車なし,90.0,37.9,未発車,30.0,15.8,0.0,-0.05
150.79999999999927,Train11,次駅への減速フェーズ（駅手前400m以内）,ブレーキ（減速）中,0.7,惰行,0.6,70.0,9.6,0,12.0,54.0,27.2,0.0,0.0,9.2,この先制限速度なし,この先目立った勾配なし,前方54.3m先を0.0km/h,後続列車なし,90.0,31.2,未発車,30.0,12.8,0.0,-0.05
182.39999999999878,Train11,次駅への減速フェーズ（駅手前400m以内）,ブレーキ（減速）中,0.2,惰行,0.6,70.0,34.5,5.3,70.0,34.0,0.0,1.34,2.5,9.2,この先制限速度なし,この先目立った勾配なし,前方106.2m先を29.2km/h,後続列車なし,90.0,0.0,発車済み,30.0,70.0,0.0,-0.05
166.4999999999997,Train11,次駅への減速フェーズ（駅手前400m以内）,ブレーキ（減速）中,3.600000000000002,惰行,0.1,70.0,12.7,15.39,70.0,57.3,11.5,11.26,0.0,9.2,この先制限速度なし,この先目立った勾配なし,前方57.7m先を0.0km/h,後続列車なし,90.0,15.5,未発車,30.0,13.2,0.0,-0.05
167.29999999999856,Train11,次駅への減速フェーズ（駅手前400m以内）,惰行中,2.700000000000001,ブレーキ（減速）,2.0000000000000004,70.0,5.2,0,70.0,50.9,10.7,0.0,0.0,9.2,この先制限速度なし,この先目立った勾配なし,前方51.3m先を0.0km/h,後続列車なし,90.0,15.0,未発車,30.0,12.4,0.3,-0.05
175.3999999999993,Train11,次駅への減速フェーズ（駅手前400m以内）,ブレーキ（減速）中,7.39999999999999,力行（加速）,0.1,70.0,0.0,0,70.0,46.8,2.6,0.0,0.0,9.2,この先制限速度なし,この先目立った勾配なし,前方47.2m先を0.0km/h,後続列車なし,90.0,15.0,未発車,30.0,11.9,8.4,-0.05
161.09999999999903,Train11,次駅への減速フェーズ（駅手前400m以内）,ブレーキ（減速）中,3.700000000000002,力行（加速）,0.1,70.0,0.0,0,15.7,48.2,16.9,0.0,0.0,9.2,この先制限速度なし,この先目立った勾配なし,前方48.6m先を0.0km/h,後続列車なし,90.0,20.9,未発車,30.0,12.1,0.0,-0.05
174.19999999999908,Train11,次駅への減速フェーズ（駅手前400m以内）,ブレーキ（減速）中,0.9999999999999999,惰行,3.3000000000000016,70.0,18.8,0,70.0,48.2,5.8,0.0,0.0,9.2,この先制限速度なし,この先目立った勾配なし,前方66.8m先を16.9km/h,後続列車なし,60.0,0.0,発車済み,60.0,70.0,0.0,-0.05
160.29999999999896,Train11,次駅への減速フェーズ（駅手前400m以内）,ブレーキ（減速）中,3.600000000000002,惰行,3.900000000000002,70.0,6.3,0,15.7,51.5,17.7,0.0,0.0,9.2,この先制限速度なし,この先目立った勾配なし,前方51.9m先を0.0km/h,後続列車なし,90.0,21.7,未発車,30.0,12.5,0.0,-0.05
164.09999999999937,Train11,次駅への減速フェーズ（駅手前400m以内）,ブレーキ（減速）中,2.0000000000000004,力行（加速）,0.1,70.0,7.8,0,70.0,52.5,13.9,0.0,0.0,9.2,この先制限速度なし,この先目立った勾配なし,前方52.9m先を0.0km/h,後続列車なし,90.0,17.9,未発車,30.0,12.6,0.0,-0.05
172.29999999999873,Train11,次駅への減速フェーズ（駅手前400m以内）,惰行中,0.7,ブレーキ（減速）,3.2000000000000015,70.0,16.1,0,70.0,51.6,7.7,0.0,0.0,9.2,この先制限速度なし,この先目立った勾配なし,前方62.3m先を13.1km/h,後続列車なし,90.0,0.0,発車済み,30.0,70.0,0.0,-0.05
150.79999999999995,Train11,次駅への減速フェーズ（駅手前400m以内）,ブレーキ（減速）中,0.7,惰行,0.2,70.0,28.9,27.08,27.1,89.1,27.2,34.76,0.0,9.2,この先制限速度なし,この先目立った勾配なし,前方89.4m先を0.0km/h,後続列車なし,90.0,31.2,未発車,30.0,16.5,0.0,-0.05
166.39999999999952,Train11,次駅への減速フェーズ（駅手前400m以内）,ブレーキ（減速）中,0.4,惰行,0.1,70.0,7.1,8.83,70.0,52.0,11.6,3.72,0.0,9.2,この先制限速度なし,この先目立った勾配なし,前方52.4m先を0.0km/h,後続列車なし,60.0,15.0,未発車,60.0,12.6,29.4,-0.05
154.19999999999914,Train11,次駅への減速フェーズ（駅手前400m以内）,惰行中,0.2,力行（加速）,0.7,70.0,5.6,1.92,11.9,51.1,23.8,0.18,0.0,9.2,この先制限速度なし,この先目立った勾配なし,前方51.5m先を0.0km/h,後続列車なし,90.0,27.8,未発車,30.0,12.4,0.0,-0.05
179.79999999999893,Train11,次駅への減速フェーズ（駅手前400m以内）,ブレーキ（減速）中,3.4000000000000017,惰行,1.4000000000000001,70.0,9.3,0,70.0,53.7,0.0,0.0,1.9,9.2,この先制限速度なし,この先目立った勾配なし,前方54.1m先を0.0km/h,後続列車なし,90.0,15.0,未発車,30.0,12.8,12.8,-0.05
172.89999999999995,Train11,次駅への減速フェーズ（駅手前400m以内）,力行（加速）中,0.4,ブレーキ（減速）,5.599999999999998,70.0,32.4,29.17,70.0,86.6,7.1,40.27,0.0,9.2,この先制限速度なし,この先目立った勾配なし,前方99.5m先を14.4km/h,後続列車なし,60.0,0.0,発車済み,60.0,70.0,0.0,-0.05
172.89999999999932,Train11,次駅への減速フェーズ（駅手前400m以内）,ブレーキ（減速）中,0.2,力行（加速）,0.7999999999999999,70.0,9.5,1.94,70.0,53.9,5.1,0.18,0.0,9.2,この先制限速度なし,この先目立った勾配なし,前方54.3m先を0.0km/h,後続列車なし,90.0,15.0,未発車,30.0,12.8,5.9,-0.05
165.39999999999878,Train11,次駅への減速フェーズ（駅手前400m以内）,ブレーキ（減速）中,1.9000000000000006,力行（加速）,0.1,70.0,0.0,0,70.0,48.2,12.6,0.0,0.0,9.2,この先制限速度なし,この先目立った勾配なし,前方48.6m先を0.0km/h,後続列車なし,90.0,16.6,未発車,30.0,12.1,0.0,-0.05
166.499999999999,Train11,次駅への減速フェーズ（駅手前400m以内）,ブレーキ（減速）中,0.7,力行（加速）,0.1,70.0,0.0,0,70.0,42.7,11.5,0.0,0.0,9.2,この先制限速度なし,この先目立った勾配なし,前方43.1m先を0.0km/h,後続列車なし,60.0,15.0,未発車,60.0,11.4,29.5,-0.05
155.69999999999922,Train11,次駅への減速フェーズ（駅手前400m以内）,惰行中,2.9000000000000012,ブレーキ（減速）,4.699999999999999,70.0,6.3,0,12.6,51.5,22.3,0.0,0.0,9.2,この先制限速度なし,この先目立った勾配なし,前方51.9m先を0.0km/h,後続列車なし,90.0,26.3,未発車,30.0,12.5,0.0,-0.05
145.29999999999964,Train11,次駅への減速フェーズ（駅手前400m以内）,ブレーキ（減速）中,1.5000000000000002,惰行,0.1,70.0,14.8,13.09,13.1,60.0,32.7,8.16,0.0,9.2,この先制限速度なし,この先目立った勾配なし,前方60.4m先を0.0km/h,後続列車なし,90.0,36.7,未発車,30.0,13.5,0.0,-0.05
149.59999999999934,Train11,次駅への減速フェーズ（駅手前400m以内）,惰行中,1.0999999999999999,ブレーキ（減速）,2.0000000000000004,70.0,8.3,0.08,11.5,52.9,28.4,0.0,0.0,9.2,この先制限速度なし,この先目立った勾配なし,前方53.3m先を0.0km/h,後続列車なし,90.0,32.4,未発車,30.0,12.7,0.0,-0.05
172.49999999999906,Train11,次駅への減速フェーズ（駅手前400m以内）,ブレーキ（減速）中,1.2,惰行,0.1,70.0,0.0,0,70.0,45.6,5.5,0.0,0.0,9.2,この先制限速度なし,この先目立った勾配なし,前方46.0m先を0.0km/h,後続列車なし,90.0,15.0,未発車,30.0,11.8,5.5,-0.05
150.99999999999983,Train11,次駅への減速フェーズ（駅手前400m以内）,ブレーキ（減速）中,4.100000000000002,惰行,1.0,70.0,22.6,24.39,24.4,73.9,27.0,28.21,0.0,9.2,この先制限速度なし,この先目立った勾配なし,前方74.3m先を0.0km/h,後続列車なし,60.0,15.0,未発車,60.0,15.3,14.0,-0.05
175.5999999999989,Train11,次駅への減速フェーズ（駅手前400m以内）,ブレーキ（減速）中,4.300000000000001,惰行,0.1,70.0,0.0,0,70.0,45.6,2.4,0.0,0.0,9.2,この先制限速度なし,この先目立った勾配なし,前方46.0m先を0.0km/h,後続列車なし,90.0,15.0,未発車,30.0,11.8,8.6,-0.05
160.49999999999878,Train11,次駅への減速フェーズ（駅手前400m以内）,ブレーキ（減速）中,1.3,力行（加速）,0.30000000000000004,70.0,2.6,0,15.7,49.9,17.5,0.0,0.0,9.2,この先制限速度なし,この先目立った勾配なし,前方50.3m先を0.0km/h,後続列車なし,90.0,21.5,未発車,30.0,12.3,0.0,-0.05
168.59999999999957,Train11,次駅への減速フェーズ（駅手前400m以内）,ブレーキ（減速）中,0.7,惰行,0.1,70.0,5.5,9.75,70.0,50.0,9.4,4.53,0.0,9.2,この先制限速度なし,この先目立った勾配なし,前方51.4m先を4.4km/h,後続列車なし,90.0,0.0,発車済み,30.0,70.0,0.0,-0.05
141.0,Train11,次駅への減速フェーズ（駅手前400m以内）,ブレーキ（減速）中,5.0,惰行,1.0,70.0,34.5,32.91,32.9,105.7,37.0,51.19,0.0,9.2,この先制限速度なし,この先目立った勾配なし,前方106.1m先を0.0km/h,後続列車なし,90.0,41.0,未発車,30.0,18.0,0.0,-0.5
161.09999999999891,Train11,次駅への減速フェーズ（駅手前400m以内）,惰行中,0.7999999999999999,ブレーキ（減速）,3.600000000000002,70.0,6.3,0,18.2,51.5,16.9,0.0,0.0,9.2,この先制限速度なし,この先目立った勾配なし,前方51.9m先を0.0km/h,後続列車なし,90.0,20.9,未発車,30.0,12.5,0.0,-0.05
162.99999999999937,Train11,次駅への減速フェーズ（駅手前400m以内）,ブレーキ（減速）中,0.7999999999999999,力行（加速）,0.1,70.0,6.2,0.05,70.0,51.4,15.0,0.0,0.0,9.2,この先制限速度なし,この先目立った勾配なし,前方51.8m先を0.0km/h,後続列車なし,90.0,19.0,未発車,30.0,12.5,0.0,-0.05
164.19999999999874,Train11,次駅への減速フェーズ（駅手前400m以内）,ブレーキ（減速）中,3.3000000000000016,力行（加速）,0.7999999999999999,70.0,6.9,0,70.0,51.9,13.8,0.0,0.0,9.2,この先制限速度なし,この先目立った勾配なし,前方52.3m先を0.0km/h,後続列車なし,90.0,17.8,未発車,30.0,12.5,0.0,-0.05
166.29999999999902,Train11,次駅への減速フェーズ（駅手前400m以内）,ブレーキ（減速）中,0.5,力行（加速）,0.1,70.0,0.0,0,70.0,42.7,11.7,0.0,0.0,9.2,この先制限速度なし,この先目立った勾配なし,前方43.1m先を0.0km/h,後続列車なし,60.0,15.0,未発車,60.0,11.4,29.3,-0.05
165.59999999999974,Train11,次駅への減速フェーズ（駅手前400m以内）,ブレーキ（減速）中,3.2000000000000015,惰行,0.4,70.0,20.0,17.16,70.0,68.6,12.4,14.0,0.0,9.2,この先制限速度なし,この先目立った勾配なし,前方69.0m先を0.0km/h,後続列車なし,90.0,16.4,未発車,30.0,14.5,0.0,-0.05
157.5999999999989,Train11,次駅への減速フェーズ（駅手前400m以内）,ブレーキ（減速）中,3.2000000000000015,力行（加速）,0.7999999999999999,70.0,9.0,0,13.7,53.5,20.4,0.0,0.0,9.2,この先制限速度なし,この先目立った勾配なし,前方53.8m先を0.0km/h,後続列車なし,90.0,24.4,未発車,30.0,12.7,0.0,-0.05
140.59999999999997,Train11,次駅への減速フェーズ（駅手前400m以内）,ブレーキ（減速）中,0.1,惰行,0.2,70.0,29.7,28.17,28.2,91.3,37.4,37.57,0.0,9.2,この先制限速度なし,この先目立った勾配なし,前方91.7m先を0.0km/h,後続列車なし,90.0,41.4,未発車,30.0,16.7,0.0,-0.05
170.0999999999996,Train11,次駅への減速フェーズ（駅手前400m以内）,力行（加速）中,0.1,ブレーキ（減速）,2.1000000000000005,70.0,8.7,10.85,70.0,53.2,7.9,5.61,0.0,9.2,この先制限速度なし,この先目立った勾配なし,前方53.6m先を0.0km/h,後続列車なし,90.0,15.0,未発車,30.0,12.7,3.1,-0.05
169.9999999999996,Train11,次駅への減速フェーズ（駅手前400m以内）,ブレーキ（減速）中,2.0000000000000004,力行（加速）,0.1,70.0,8.2,11.25,70.0,52.8,8.0,6.03,0.0,9.2,この先制限速度なし,この先目立った勾配なし,前方53.2m先を0.0km/h,後続列車なし,90.0,15.0,未発車,30.0,12.7,3.0,-0.05
165.0999999999988,Train11,次駅への減速フェーズ（駅手前400m以内）,ブレーキ（減速）中,1.6000000000000003,力行（加速）,0.1,70.0,0.0,0,70.0,48.2,12.9,0.0,0.0,9.2,この先制限速度なし,この先目立った勾配なし,前方48.6m先を0.0km/h,後続列車なし,90.0,16.9,未発車,30.0,12.1,0.0,-0.05
159.19999999999982,Train11,次駅への減速フェーズ（駅手前400m以内）,ブレーキ（減速）中,0.6,力行（加速）,0.1,70.0,22.9,24.29,24.3,74.5,18.8,27.99,0.0,9.2,この先制限速度なし,この先目立った勾配なし,前方74.9m先を0.0km/h,後続列車なし,90.0,22.8,未発車,30.0,15.1,0.0,-0.05
151.1999999999996,Train11,次駅への減速フェーズ（駅手前400m以内）,ブレーキ（減速）中,1.4000000000000001,惰行,0.1,70.0,8.3,9.68,12.0,52.9,26.8,4.46,0.0,9.2,この先制限速度なし,この先目立った勾配なし,前方53.3m先を0.0km/h,後続列車なし,90.0,30.8,未発車,30.0,12.7,0.0,-0.05
170.399999999999,Train11,次駅への減速フェーズ（駅手前400m以内）,惰行中,2.9000000000000012,ブレーキ（減速）,0.8999999999999999,70.0,7.1,0,70.0,52.0,7.6,0.0,0.0,9.2,この先制限速度なし,この先目立った勾配なし,前方52.4m先を0.0km/h,後続列車なし,90.0,15.0,未発車,30.0,12.6,3.4,-0.05
156.2999999999992,Train11,次駅への減速フェーズ（駅手前400m以内）,惰行中,3.5000000000000018,ブレーキ（減速）,4.699999999999999,70.0,6.3,0,12.6,51.5,21.7,0.0,0.0,9.2,この先制限速度なし,この先目立った勾配なし,前方51.9m先を0.0km/h,後続列車なし,90.0,25.7,未発車,30.0,12.5,0.0,-0.05
173.79999999999927,Train11,次駅への減速フェーズ（駅手前400m以内）,ブレーキ（減速）中,1.0999999999999999,力行（加速）,0.7999999999999999,70.0,9.3,0,70.0,53.7,4.2,0.0,0.0,9.2,この先制限速度なし,この先目立った勾配なし,前方54.1m先を0.0km/h,後続列車なし,90.0,15.0,未発車,30.0,12.8,6.8,-0.05
163.79999999999922,Train11,次駅への減速フェーズ（駅手前400m以内）,ブレーキ（減速）中,0.30000000000000004,力行（加速）,0.7,70.0,8.0,1.56,70.0,52.6,14.2,0.12,0.0,9.2,この先制限速度なし,この先目立った勾配なし,前方53.0m先を0.0km/h,後続列車なし,90.0,18.2,未発車,30.0,12.6,0.0,-0.05
164.49999999999872,Train11,次駅への減速フェーズ（駅手前400m以内）,ブレーキ（減速）中,3.600000000000002,力行（加速）,0.7999999999999999,70.0,6.9,0,70.0,51.9,13.5,0.0,0.0,9.2,この先制限速度なし,この先目立った勾配なし,前方52.3m先を0.0km/h,後続列車なし,90.0,17.5,未発車,30.0,12.5,0.0,-0.05
169.19999999999965,Train11,次駅への減速フェーズ（駅手前400m以内）,ブレーキ（減速）中,1.2,力行（加速）,0.1,70.0,11.2,13.59,70.0,55.6,8.8,8.79,0.0,9.2,この先制限速度なし,この先目立った勾配なし,前方56.0m先を0.0km/h,後続列車なし,90.0,15.0,未発車,30.0,13.0,2.2,-0.05
157.0,Train11,次駅への減速フェーズ（駅手前400m以内）,ブレーキ（減速）中,2.0,惰行,1.0,70.0,35.5,34.99,35.0,109.1,21.0,57.84,0.0,9.2,この先制限速度なし,この先目立った勾配なし,前方109.5m先を0.0km/h,後続列車なし,60.0,15.0,未発車,60.0,19.9,20.0,-0.5
154.99999999999915,Train11,次駅への減速フェーズ（駅手前400m以内）,ブレーキ（減速）中,0.1,力行（加速）,0.7999999999999999,70.0,5.5,2.23,12.1,51.1,23.0,0.24,0.0,9.2,この先制限速度なし,この先目立った勾配なし,前方51.4m先を0.0km/h,後続列車なし,90.0,27.0,未発車,30.0,12.4,0.0,-0.05
154.69999999999916,Train11,次駅への減速フェーズ（駅手前400m以内）,力行（加速）中,0.6,ブレーキ（減速）,2.500000000000001,70.0,5.8,1.41,12.0,51.2,23.3,0.09,0.0,9.2,この先制限速度なし,この先目立った勾配なし,前方51.6m先を0.0km/h,後続列車なし,90.0,27.3,未発車,30.0,12.5,0.0,-0.05
174.49999999999923,Train11,次駅への減速フェーズ（駅手前400m以内）,ブレーキ（減速）中,1.8000000000000005,力行（加速）,0.7999999999999999,70.0,9.3,0,70.0,53.7,3.5,0.0,0.0,9.2,この先制限速度なし,この先目立った勾配なし,前方54.1m先を0.0km/h,後続列車なし,90.0,15.0,未発車,30.0,12.8,7.5,-0.05
153.7999999999991,Train11,次駅への減速フェーズ（駅手前400m以内）,ブレーキ（減速）中,1.6000000000000003,力行（加速）,0.7999999999999999,70.0,7.7,0,12.0,52.4,24.2,0.0,0.0,9.2,この先制限速度なし,この先目立った勾配なし,前方52.8m先を0.0km/h,後続列車なし,90.0,28.2,未発車,30.0,12.6,0.0,-0.05
164.4999999999993,Train11,次駅への減速フェーズ（駅手前400m以内）,惰行中,1.2,ブレーキ（減速）,1.0999999999999999,70.0,6.2,0,70.0,51.4,13.5,0.0,0.0,9.2,この先制限速度なし,この先目立った勾配なし,前方51.8m先を0.0km/h,後続列車なし,90.0,17.5,未発車,30.0,12.5,0.0,-0.05
177.39999999999907,Train11,次駅への減速フェーズ（駅手前400m以内）,ブレーキ（減速）中,0.9999999999999999,惰行,1.4000000000000001,70.0,9.3,0,70.0,53.7,0.6,0.0,0.0,9.2,この先制限速度なし,この先目立った勾配なし,前方54.1m先を0.0km/h,後続列車なし,90.0,15.0,未発車,30.0,12.8,10.4,-0.05
157.79999999999956,Train11,次駅への減速フェーズ（駅手前400m以内）,ブレーキ（減速）中,4.6,惰行,0.2,70.0,11.4,7.08,14.0,55.8,20.2,2.39,0.0,9.2,この先制限速度なし,この先目立った勾配なし,前方56.1m先を0.0km/h,後続列車なし,90.0,24.2,未発車,30.0,13.0,0.0,-0.05
156.79999999999916,Train11,次駅への減速フェーズ（駅手前400m以内）,ブレーキ（減速）中,0.1,惰行,3.900000000000002,70.0,6.3,0,12.6,51.5,21.2,0.0,0.0,9.2,この先制限速度なし,この先目立った勾配なし,前方51.9m先を0.0km/h,後続列車なし,90.0,25.2,未発車,30.0,12.5,0.0,-0.05
151.29999999999959,Train11,次駅への減速フェーズ（駅手前400m以内）,ブレーキ（減速）中,1.5000000000000002,惰行,0.1,70.0,8.0,9.39,12.2,52.7,26.7,4.2,0.0,9.2,この先制限速度なし,この先目立った勾配なし,前方53.0m先を0.0km/h,後続列車なし,90.0,30.7,未発車,30.0,12.6,0.0,-0.05
152.49999999999997,Train11,次駅への減速フェーズ（駅手前400m以内）,ブレーキ（減速）中,11.599999999999998,惰行,2.0,70.0,30.2,29.19,29.2,92.9,25.5,40.35,0.0,9.2,この先制限速度なし,この先目立った勾配なし,前方93.2m先を0.0km/h,後続列車なし,90.0,29.5,未発車,30.0,16.8,0.0,-0.05
141.09999999999994,Train11,次駅への減速フェーズ（駅手前400m以内）,ブレーキ（減速）中,0.6,惰行,0.2,70.0,28.3,26.69,26.7,87.5,36.9,33.76,0.0,9.2,この先制限速度なし,この先目立った勾配なし,前方87.9m先を0.0km/h,後続列車なし,90.0,40.9,未発車,30.0,16.3,0.0,-0.05
150.5999999999995,Train11,次駅への減速フェーズ（駅手前400m以内）,ブレーキ（減速）中,2.500000000000001,力行（加速）,0.1,70.0,9.3,6.86,11.6,53.8,27.4,2.25,0.0,9.2,この先制限速度なし,この先目立った勾配なし,前方54.1m先を0.0km/h,後続列車なし,90.0,31.4,未発車,30.0,12.8,0.0,-0.05
169.8999999999988,Train11,次駅への減速フェーズ（駅手前400m以内）,ブレーキ（減速）中,0.7,惰行,0.1,70.0,0.0,0,70.0,42.7,8.1,0.0,0.0,9.2,この先制限速度なし,この先目立った勾配なし,前方46.3m先を7.7km/h,後続列車なし,60.0,0.0,発車済み,60.0,70.0,0.0,-0.05
167.19999999999965,Train11,次駅への減速フェーズ（駅手前400m以内）,ブレーキ（減速）中,0.2,惰行,0.1,70.0,10.2,13.59,70.0,54.5,10.8,8.79,0.0,9.2,この先制限速度なし,この先目立った勾配なし,前方55.0m先を0.6km/h,後続列車なし,90.0,15.0,未発車,30.0,12.9,0.2,-0.05
160.39999999999878,Train11,次駅への減速フェーズ（駅手前400m以内）,ブレーキ（減速）中,1.2,力行（加速）,0.30000000000000004,70.0,2.6,0,15.7,49.9,17.6,0.0,0.0,9.2,この先制限速度なし,この先目立った勾配なし,前方50.3m先を0.0km/h,後続列車なし,90.0,21.6,未発車,30.0,12.3,0.0,-0.05
155.29999999999936,Train11,次駅への減速フェーズ（駅手前400m以内）,ブレーキ（減速）中,2.1000000000000005,力行（加速）,0.1,70.0,0.0,0,12.0,48.3,22.7,0.0,0.0,9.2,この先制限速度なし,この先目立った勾配なし,前方48.6m先を0.0km/h,後続列車なし,90.0,26.7,未発車,30.0,12.1,0.0,-0.05
158.49999999999883,Train11,次駅への減速フェーズ（駅手前400m以内）,力行（加速）中,0.2,ブレーキ（減速）,6.099999999999994,70.0,7.7,0.28,13.9,52.4,19.5,0.0,0.0,9.2,この先制限速度なし,この先目立った勾配なし,前方52.8m先を0.0km/h,後続列車なし,90.0,23.5,未発車,30.0,12.6,0.0,-0.05
185.19999999999874,Train11,次駅への減速フェーズ（駅手前400m以内）,ブレーキ（減速）中,3.5000000000000018,惰行,0.1,70.0,0.0,0,70.0,45.6,0.0,0.0,7.3,9.2,この先制限速度なし,この先目立った勾配なし,前方46.0m先を0.0km/h,後続列車なし,90.0,15.0,未発車,30.0,11.7,18.2,-0.05
159.79999999999876,Train11,次駅への減速フェーズ（駅手前400m以内）,ブレーキ（減速）中,0.9999999999999999,力行（加速）,0.5,70.0,7.4,0,15.7,52.2,18.2,0.0,0.0,9.2,この先制限速度なし,この先目立った勾配なし,前方52.6m先を0.0km/h,後続列車なし,90.0,22.2,未発車,30.0,12.6,0.0,-0.05
144.19999999999965,Train11,次駅への減速フェーズ（駅手前400m以内）,ブレーキ（減速）中,2.700000000000001,力行（加速）,0.2,70.0,15.6,13.07,13.1,61.2,33.8,8.13,0.0,9.2,この先制限速度なし,この先目立った勾配なし,前方61.6m先を0.0km/h,後続列車なし,90.0,37.8,未発車,30.0,13.6,0.0,-0.05
180.799999999999,Train11,次駅への減速フェーズ（駅手前400m以内）,ブレーキ（減速）中,2.800000000000001,惰行,0.1,70.0,0.0,0,70.0,45.6,0.0,0.0,2.9,9.2,この先制限速度なし,この先目立った勾配なし,前方46.0m先を0.0km/h,後続列車なし,90.0,15.0,未発車,30.0,11.7,13.8,-0.05
161.29999999999873,Train11,次駅への減速フェーズ（駅手前400m以内）,ブレーキ（減速）中,2.1000000000000005,力行（加速）,0.30000000000000004,70.0,2.6,0,19.1,49.9,16.7,0.0,0.0,9.2,この先制限速度なし,この先目立った勾配なし,前方50.3m先を0.0km/h,後続列車なし,90.0,20.7,未発車,30.0,12.3,0.0,-0.05
158.79999999999887,Train11,次駅への減速フェーズ（駅手前400m以内）,ブレーキ（減速）中,1.7000000000000004,惰行,3.1000000000000014,70.0,2.9,0,13.7,50.0,19.2,0.0,0.0,9.2,この先制限速度なし,この先目立った勾配なし,前方50.4m先を0.0km/h,後続列車なし,90.0,23.2,未発車,30.0,12.3,0.0,-0.05
175.399999999999,Train11,次駅への減速フェーズ（駅手前400m以内）,ブレーキ（減速）中,2.2000000000000006,惰行,3.3000000000000016,70.0,21.9,0,70.0,48.2,4.6,0.0,0.0,9.2,この先制限速度なし,この先目立った勾配なし,前方72.8m先を19.0km/h,後続列車なし,60.0,0.0,発車済み,60.0,70.0,0.0,-0.05
153.0999999999997,Train11,次駅への減速フェーズ（駅手前400m以内）,ブレーキ（減速）中,1.7000000000000004,力行（加速）,0.1,70.0,15.7,18.67,18.7,61.3,24.9,16.57,0.0,9.2,この先制限速度なし,この先目立った勾配なし,前方61.6m先を0.0km/h,後続列車なし,60.0,15.0,未発車,60.0,13.7,16.1,-0.05
145.99999999999955,Train11,次駅への減速フェーズ（駅手前400m以内）,ブレーキ（減速）中,7.39999999999999,惰行,0.7,70.0,12.2,6.61,11.9,56.7,32.0,2.09,0.0,9.2,この先制限速度なし,この先目立った勾配なし,前方57.1m先を0.0km/h,後続列車なし,90.0,36.0,未発車,30.0,13.1,0.0,-0.05
164.29999999999993,Train11,次駅への減速フェーズ（駅手前400m以内）,ブレーキ（減速）中,7.399999999999995,力行（加速）,4.0,70.0,26.6,27.23,70.0,83.2,13.7,35.12,0.0,9.2,この先制限速度なし,この先目立った勾配なし,前方83.6m先を0.0km/h,後続列車なし,90.0,17.7,未発車,30.0,16.2,0.0,-0.05
157.89999999999893,Train11,次駅への減速フェーズ（駅手前400m以内）,ブレーキ（減速）中,0.7999999999999999,惰行,3.1000000000000014,70.0,2.9,0,13.1,50.0,20.1,0.0,0.0,9.2,この先制限速度なし,この先目立った勾配なし,前方50.4m先を0.0km/h,後続列車なし,90.0,24.1,未発車,30.0,12.3,0.0,-0.05
161.89999999999995,Train11,次駅への減速フェーズ（駅手前400m以内）,ブレーキ（減速）中,5.9999999999999964,惰行,7.0,70.0,29.8,27.03,32.6,91.7,16.1,34.62,0.0,9.2,この先制限速度なし,この先目立った勾配なし,前方92.1m先を0.0km/h,後続列車なし,90.0,20.1,未発車,30.0,16.9,0.0,-0.05
146.6999999999995,Train11,次駅への減速フェーズ（駅手前400m以内）,ブレーキ（減速）中,8.099999999999987,惰行,0.7,70.0,11.2,4.57,11.8,55.6,31.3,1.0,0.0,9.2,この先制限速度なし,この先目立った勾配なし,前方56.0m先を0.0km/h,後続列車なし,90.0,35.3,未発車,30.0,13.0,0.0,-0.05
145.59999999999962,Train11,次駅への減速フェーズ（駅手前400m以内）,ブレーキ（減速）中,1.8000000000000005,惰行,0.1,70.0,14.0,12.22,12.8,58.9,32.4,7.11,0.0,9.2,この先制限速度なし,この先目立った勾配なし,前方59.3m先を0.0km/h,後続列車なし,90.0,36.4,未発車,30.0,13.4,0.0,-0.05
135.0,Train11,次駅への減速フェーズ（駅手前400m以内）,ブレーキ（減速）中,4.0,力行（加速）,2.0,70.0,39.8,36.96,37.0,125.3,42.0,64.47,0.0,9.2,この先制限速度なし,この先目立った勾配なし,前方124.7m先を3.0km/h,後続列車なし,90.0,47.0,未発車,30.0,19.6,0.0,-0.5
148.39999999999964,Train11,次駅への減速フェーズ（駅手前400m以内）,ブレーキ（減速）中,0.30000000000000004,力行（加速）,0.1,70.0,14.7,13.29,13.3,59.9,29.6,8.4,0.0,9.2,この先制限速度なし,この先目立った勾配なし,前方60.3m先を0.0km/h,後続列車なし,90.0,33.6,未発車,30.0,13.5,0.0,-0.05
160.79999999999927,Train11,次駅への減速フェーズ（駅手前400m以内）,力行（加速）中,0.1,ブレーキ（減速）,3.0000000000000013,70.0,0.0,0,13.7,42.7,17.2,0.0,0.0,9.2,この先制限速度なし,この先目立った勾配なし,前方43.1m先を0.0km/h,後続列車なし,60.0,15.0,未発車,60.0,11.4,23.8,-0.05
150.09999999999965,Train11,次駅への減速フェーズ（駅手前400m以内）,ブレーキ（減速）中,0.30000000000000004,惰行,0.1,70.0,11.9,12.89,12.9,56.4,27.9,7.91,0.0,9.2,この先制限速度なし,この先目立った勾配なし,前方56.7m先を0.0km/h,後続列車なし,90.0,31.9,未発車,30.0,13.1,0.0,-0.05
178.59999999999872,Train11,次駅への減速フェーズ（駅手前400m以内）,ブレーキ（減速）中,1.0999999999999999,力行（加速）,0.1,70.0,0.0,0,70.0,45.6,0.0,0.0,0.7,9.2,この先制限速度なし,この先目立った勾配なし,前方46.0m先を0.0km/h,後続列車なし,90.0,15.0,未発車,30.0,11.7,11.6,-0.05
178.19999999999914,Train11,次駅への減速フェーズ（駅手前400m以内）,ブレーキ（減速）中,10.19999999999998,力行（加速）,0.1,70.0,0.0,0,70.0,46.8,0.0,0.0,0.3,9.2,この先制限速度なし,この先目立った勾配なし,前方47.2m先を0.0km/h,後続列車なし,90.0,15.0,未発車,30.0,11.9,11.2,-0.05
155.59999999999934,Train11,次駅への減速フェーズ（駅手前400m以内）,ブレーキ（減速）中,2.400000000000001,力行（加速）,0.1,70.0,0.0,0,12.0,48.3,22.4,0.0,0.0,9.2,この先制限速度なし,この先目立った勾配なし,前方48.6m先を0.0km/h,後続列車なし,90.0,26.4,未発車,30.0,12.1,0.0,-0.05
146.69999999999956,Train11,次駅への減速フェーズ（駅手前400m以内）,ブレーキ（減速）中,2.9000000000000012,惰行,0.1,70.0,11.3,9.01,11.9,55.7,31.3,3.87,0.0,9.2,この先制限速度なし,この先目立った勾配なし,前方56.1m先を0.0km/h,後続列車なし,90.0,35.3,未発車,30.0,13.0,0.0,-0.05
156.59999999999974,Train11,次駅への減速フェーズ（駅手前400m以内）,ブレーキ（減速）中,15.699999999999983,惰行,2.0,70.0,18.9,17.14,17.1,66.5,21.4,13.97,0.0,9.2,この先制限速度なし,この先目立った勾配なし,前方66.9m先を0.0km/h,後続列車なし,90.0,25.4,未発車,30.0,14.2,0.0,-0.05
166.49999999999872,Train11,次駅への減速フェーズ（駅手前400m以内）,ブレーキ（減速）中,0.7999999999999999,惰行,0.2,70.0,0.0,0,70.0,48.2,11.5,0.0,0.0,9.2,この先制限速度なし,この先目立った勾配なし,前方48.6m先を0.0km/h,後続列車なし,90.0,15.5,未発車,30.0,12.1,0.0,-0.05
145.49999999999957,Train11,次駅への減速フェーズ（駅手前400m以内）,ブレーキ（減速）中,4.000000000000002,力行（加速）,0.2,70.0,12.6,9.27,12.1,57.2,32.5,4.1,0.0,9.2,この先制限速度なし,この先目立った勾配なし,前方57.6m先を0.0km/h,後続列車なし,90.0,36.5,未発車,30.0,13.2,0.0,-0.05
154.29999999999964,Train11,次駅への減速フェーズ（駅手前400m以内）,ブレーキ（減速）中,1.0999999999999999,力行（加速）,0.1,70.0,11.1,15.64,15.6,55.5,23.7,11.63,0.0,9.2,この先制限速度なし,この先目立った勾配なし,前方55.9m先を0.0km/h,後続列車なし,60.0,15.0,未発車,60.0,13.0,17.3,-0.05
154.49999999999912,Train11,次駅への減速フェーズ（駅手前400m以内）,惰行中,0.5,力行（加速）,0.7,70.0,5.3,1.8,11.8,51.0,23.5,0.15,0.0,9.2,この先制限速度なし,この先目立った勾配なし,前方51.3m先を0.0km/h,後続列車なし,90.0,27.5,未発車,30.0,12.4,0.0,-0.05
179.79999999999893,Train11,次駅への減速フェーズ（駅手前400m以内）,惰行中,0.7,力行（加速）,3.3000000000000016,70.0,29.6,8.38,70.0,39.2,0.2,3.35,0.0,9.2,この先制限速度なし,この先目立った勾配なし,前方91.3m先を25.9km/h,後続列車なし,90.0,0.0,発車済み,30.0,70.0,0.0,-0.05
159.1999999999989,Train11,次駅への減速フェーズ（駅手前400m以内）,ブレーキ（減速）中,4.300000000000001,力行（加速）,0.7999999999999999,70.0,5.1,0,14.2,50.8,18.8,0.0,0.0,9.2,この先制限速度なし,この先目立った勾配なし,前方51.2m先を0.0km/h,後続列車なし,90.0,22.8,未発車,30.0,12.4,0.0,-0.05
156.79999999999893,Train11,次駅への減速フェーズ（駅手前400m以内）,ブレーキ（減速）中,2.400000000000001,力行（加速）,0.7999999999999999,70.0,9.0,0,13.1,53.5,21.2,0.0,0.0,9.2,この先制限速度なし,この先目立った勾配なし,前方53.8m先を0.0km/h,後続列車なし,90.0,25.2,未発車,30.0,12.7,0.0,-0.05
151.99999999999943,Train11,次駅への減速フェーズ（駅手前400m以内）,ブレーキ（減速）中,5.599999999999996,惰行,0.1,70.0,8.3,1.65,11.7,52.9,26.0,0.13,0.0,9.2,この先制限速度なし,この先目立った勾配なし,前方53.2m先を0.0km/h,後続列車なし,90.0,30.0,未発車,30.0,12.7,0.0,-0.05
142.2,Train11,次駅への減速フェーズ（駅手前400m以内）,ブレーキ（減速）中,5.299999999999999,惰行,1.0,70.0,31.1,29.36,29.4,95.3,35.8,40.81,0.0,9.2,この先制限速度なし,この先目立った勾配なし,前方95.7m先を0.0km/h,後続列車なし,90.0,39.8,未発車,30.0,17.1,0.0,-0.05
162.49999999999946,Train11,次駅への減速フェーズ（駅手前400m以内）,ブレーキ（減速）中,0.4,力行（加速）,0.1,70.0,8.9,4.32,21.5,53.4,15.5,0.89,0.0,9.2,この先制限速度なし,この先目立った勾配なし,前方53.8m先を0.0km/h,後続列車なし,90.0,19.5,未発車,30.0,12.7,0.0,-0.05
154.29999999999993,Train11,次駅への減速フェーズ（駅手前400m以内）,ブレーキ（減速）中,0.2,惰行,0.1,70.0,28.3,26.23,26.2,87.6,23.7,32.61,0.0,9.2,この先制限速度なし,この先目立った勾配なし,前方87.9m先を0.0km/h,後続列車なし,90.0,27.7,未発車,30.0,16.3,0.0,-0.05
176.79999999999922,Train11,次駅への減速フェーズ（駅手前400m以内）,ブレーキ（減速）中,1.7000000000000004,力行（加速）,0.1,70.0,0.0,0,70.0,45.6,1.2,0.0,0.0,9.2,この先制限速度なし,この先目立った勾配なし,前方46.0m先を0.0km/h,後続列車なし,90.0,15.0,未発車,30.0,11.7,9.8,-0.05
164.2999999999998,Train11,次駅への減速フェーズ（駅手前400m以内）,ブレーキ（減速）中,1.4000000000000001,惰行,0.1,70.0,20.0,21.84,28.2,68.7,13.7,22.64,0.0,9.2,この先制限速度なし,この先目立った勾配なし,前方69.1m先を0.0km/h,後続列車なし,90.0,17.7,未発車,30.0,14.5,0.0,-0.05
183.99999999999932,Train11,次駅への減速フェーズ（駅手前400m以内）,惰行中,1.5000000000000002,ブレーキ（減速）,2.1000000000000005,70.0,37.3,9.48,70.0,30.0,0.0,4.28,4.1,9.2,この先制限速度なし,この先目立った勾配なし,前方115.5m先を31.1km/h,後続列車なし,60.0,0.0,発車済み,60.0,70.0,0.0,-0.05
149.0999999999996,Train11,次駅への減速フェーズ（駅手前400m以内）,ブレーキ（減速）中,0.9999999999999999,力行（加速）,0.1,70.0,12.9,11.24,12.9,57.5,28.9,6.02,0.0,9.2,この先制限速度なし,この先目立った勾配なし,前方57.9m先を0.0km/h,後続列車なし,90.0,32.9,未発車,30.0,13.2,0.0,-0.05
142.99999999999994,Train11,次駅への減速フェーズ（駅手前400m以内）,ブレーキ（減速）中,0.8999999999999999,惰行,0.1,70.0,29.4,28.13,28.1,90.6,35.0,37.48,0.0,9.2,この先制限速度なし,この先目立った勾配なし,前方90.9m先を0.0km/h,後続列車なし,90.0,39.0,未発車,30.0,16.6,0.0,-0.05
164.6999999999995,Train11,次駅への減速フェーズ（駅手前400m以内）,ブレーキ（減速）中,0.2,力行（加速）,0.1,70.0,1.2,8.96,70.0,49.7,13.3,3.83,0.0,9.2,この先制限速度なし,この先目立った勾配なし,前方50.1m先を0.0km/h,後続列車なし,90.0,17.3,未発車,30.0,12.3,0.0,-0.05
194.19999999999874,Train11,次駅への減速フェーズ（駅手前400m以内）,惰行中,4.000000000000002,ブレーキ（減速）,1.8000000000000005,70.0,57.1,0.76,70.0,15.2,0.0,0.03,14.3,9.2,この先制限速度なし,この先目立った勾配なし,前方202.0m先を39.6km/h,後続列車なし,60.0,0.0,発車済み,60.0,70.0,0.0,-0.05
159.6999999999999,Train11,次駅への減速フェーズ（駅手前400m以内）,ブレーキ（減速）中,0.30000000000000004,惰行,0.1,70.0,27.7,27.27,27.3,85.9,18.3,35.23,0.0,9.2,この先制限速度なし,この先目立った勾配なし,前方86.3m先を0.0km/h,後続列車なし,60.0,15.0,未発車,60.0,16.8,22.7,-0.05
148.99999999999937,Train11,次駅への減速フェーズ（駅手前400m以内）,力行（加速）中,0.7,ブレーキ（減速）,0.7,70.0,9.9,1.87,11.8,54.3,29.0,0.17,0.0,9.2,この先制限速度なし,この先目立った勾配なし,前方54.7m先を0.0km/h,後続列車なし,90.0,33.0,未発車,30.0,12.8,0.0,-0.05
177.0999999999992,Train11,次駅への減速フェーズ（駅手前400m以内）,ブレーキ（減速）中,2.0000000000000004,力行（加速）,0.1,70.0,0.0,0,70.0,45.6,0.9,0.0,0.0,9.2,この先制限速度なし,この先目立った勾配なし,前方46.0m先を0.0km/h,後続列車なし,90.0,15.0,未発車,30.0,11.7,10.1,-0.05
158.89999999999984,Train11,次駅への減速フェーズ（駅手前400m以内）,ブレーキ（減速）中,0.30000000000000004,力行（加速）,0.1,70.0,23.9,25.17,25.2,76.6,19.1,30.05,0.0,9.2,この先制限速度なし,この先目立った勾配なし,前方77.0m先を0.0km/h,後続列車なし,90.0,23.1,未発車,30.0,15.3,0.0,-0.05
162.89999999999938,Train11,次駅への減速フェーズ（駅手前400m以内）,ブレーキ（減速）中,0.7,力行（加速）,0.1,70.0,6.2,0.34,70.0,51.4,15.1,0.01,0.0,9.2,この先制限速度なし,この先目立った勾配なし,前方51.8m先を0.0km/h,後続列車なし,90.0,19.1,未発車,30.0,12.5,0.0,-0.05
145.99999999999955,Train11,次駅への減速フェーズ（駅手前400m以内）,ブレーキ（減速）中,4.5,力行（加速）,0.2,70.0,11.6,7.81,11.9,56.0,32.0,2.91,0.0,9.2,この先制限速度なし,この先目立った勾配なし,前方56.4m先を0.0km/h,後続列車なし,90.0,36.0,未発車,30.0,13.0,0.0,-0.05
164.39999999999873,Train11,次駅への減速フェーズ（駅手前400m以内）,ブレーキ（減速）中,3.5000000000000018,力行（加速）,0.7999999999999999,70.0,6.9,0,70.0,51.9,13.6,0.0,0.0,9.2,この先制限速度なし,この先目立った勾配なし,前方52.3m先を0.0km/h,後続列車なし,90.0,17.6,未発車,30.0,12.5,0.0,-0.05
160.6999999999995,Train11,次駅への減速フェーズ（駅手前400m以内）,ブレーキ（減速）中,2.500000000000001,力行（加速）,0.1,70.0,8.8,5.93,14.6,53.3,17.3,1.67,0.0,9.2,この先制限速度なし,この先目立った勾配なし,前方53.6m先を0.0km/h,後続列車なし,90.0,21.3,未発車,30.0,12.7,0.0,-0.05
157.399999999999,Train11,次駅への減速フェーズ（駅手前400m以内）,ブレーキ（減速）中,2.500000000000001,力行（加速）,0.7999999999999999,70.0,5.1,0,13.1,50.8,20.6,0.0,0.0,9.2,この先制限速度なし,この先目立った勾配なし,前方51.2m先を0.0km/h,後続列車なし,90.0,24.6,未発車,30.0,12.4,0.0,-0.05
152.7999999999994,Train11,次駅への減速フェーズ（駅手前400m以内）,力行（加速）中,0.30000000000000004,ブレーキ（減速）,6.099999999999994,70.0,8.1,0.57,11.9,52.7,25.2,0.02,0.0,9.2,この先制限速度なし,この先目立った勾配なし,前方53.1m先を0.0km/h,後続列車なし,90.0,29.2,未発車,30.0,12.6,0.0,-0.05
194.59999999999872,Train11,次駅への減速フェーズ（駅手前400m以内）,力行（加速）中,0.2,惰行,4.200000000000001,70.0,57.9,0.92,70.0,15.1,0.0,0.04,14.7,9.2,この先制限速度なし,この先目立った勾配なし,前方206.3m先を39.9km/h,後続列車なし,60.0,0.0,発車済み,60.0,70.0,0.0,-0.05
175.69999999999865,Train11,次駅への減速フェーズ（駅手前400m以内）,ブレーキ（減速）中,2.3000000000000007,力行（加速）,1.0999999999999999,70.0,23.5,0,70.0,50.0,4.3,0.0,0.0,9.2,この先制限速度なし,この先目立った勾配なし,前方76.2m先を19.6km/h,後続列車なし,90.0,0.0,発車済み,30.0,70.0,0.0,-0.05
162.29999999999862,Train11,次駅への減速フェーズ（駅手前400m以内）,ブレーキ（減速）中,0.4,力行（加速）,0.7999999999999999,70.0,6.8,1.36,70.0,51.8,15.7,0.09,0.0,9.2,この先制限速度なし,この先目立った勾配なし,前方52.2m先を0.0km/h,後続列車なし,90.0,19.7,未発車,30.0,12.5,0.0,-0.05
155.49999999999923,Train11,次駅への減速フェーズ（駅手前400m以内）,惰行中,2.700000000000001,ブレーキ（減速）,4.699999999999999,70.0,6.3,0,12.6,51.5,22.5,0.0,0.0,9.2,この先制限速度なし,この先目立った勾配なし,前方51.9m先を0.0km/h,後続列車なし,90.0,26.5,未発車,30.0,12.5,0.0,-0.05
148.49999999999974,Train11,次駅への減速フェーズ（駅手前400m以内）,ブレーキ（減速）中,7.599999999999988,惰行,1.0,70.0,16.8,17.32,17.3,63.0,29.5,14.27,0.0,9.2,この先制限速度なし,この先目立った勾配なし,前方63.4m先を0.0km/h,後続列車なし,90.0,33.5,未発車,30.0,13.8,0.0,-0.05
176.09999999999886,Train11,次駅への減速フェーズ（駅手前400m以内）,ブレーキ（減速）中,4.799999999999999,惰行,0.1,70.0,0.0,0,70.0,45.6,1.9,0.0,0.0,9.2,この先制限速度なし,この先目立った勾配なし,前方46.0m先を0.0km/h,後続列車なし,90.0,15.0,未発車,30.0,11.8,9.1,-0.05
169.5999999999995,Train11,次駅への減速フェーズ（駅手前400m以内）,ブレーキ（減速）中,0.8999999999999999,力行（加速）,0.1,70.0,11.5,6.01,70.0,55.9,8.4,1.72,0.0,9.2,この先制限速度なし,この先目立った勾配なし,前方56.3m先を0.0km/h,後続列車なし,90.0,15.0,未発車,30.0,13.0,2.6,-0.05
139.0,Train11,次駅への減速フェーズ（駅手前400m以内）,ブレーキ（減速）中,3.0,惰行,1.0,70.0,40.8,39.72,39.7,128.1,39.0,74.37,0.0,9.2,この先制限速度なし,この先目立った勾配なし,前方128.5m先を0.0km/h,後続列車なし,90.0,43.0,未発車,30.0,19.8,0.0,-0.5
155.39999999999912,Train11,次駅への減速フェーズ（駅手前400m以内）,ブレーキ（減速）中,0.5,力行（加速）,0.7999999999999999,70.0,5.2,1.07,12.3,50.9,22.6,0.05,0.0,9.2,この先制限速度なし,この先目立った勾配なし,前方51.3m先を0.0km/h,後続列車なし,90.0,26.6,未発車,30.0,12.4,0.0,-0.05
155.19999999999914,Train11,次駅への減速フェーズ（駅手前400m以内）,ブレーキ（減速）中,0.30000000000000004,力行（加速）,0.7999999999999999,70.0,5.3,1.65,12.2,51.0,22.8,0.13,0.0,9.2,この先制限速度なし,この先目立った勾配なし,前方51.3m先を0.0km/h,後続列車なし,90.0,26.8,未発車,30.0,12.4,0.0,-0.05
147.29999999999947,Train11,次駅への減速フェーズ（駅手前400m以内）,ブレーキ（減速）中,8.699999999999985,惰行,0.7,70.0,10.6,2.83,11.5,55.0,30.7,0.38,0.0,9.2,この先制限速度なし,この先目立った勾配なし,前方55.4m先を0.0km/h,後続列車なし,90.0,34.7,未発車,30.0,12.9,0.0,-0.05
154.99999999999966,Train11,次駅への減速フェーズ（駅手前400m以内）,ブレーキ（減速）中,0.5,力行（加速）,0.1,70.0,13.2,16.49,16.5,58.0,23.0,12.94,0.0,9.2,この先制限速度なし,この先目立った勾配なし,前方58.3m先を0.0km/h,後続列車なし,60.0,15.0,未発車,60.0,13.3,18.0,-0.05
167.69999999999865,Train11,次駅への減速フェーズ（駅手前400m以内）,ブレーキ（減速）中,2.0000000000000004,惰行,0.2,70.0,0.0,0,70.0,48.2,10.3,0.0,0.0,9.2,この先制限速度なし,この先目立った勾配なし,前方48.6m先を0.0km/h,後続列車なし,90.0,15.0,未発車,30.0,12.1,0.7,-0.05
157.69999999999888,Train11,次駅への減速フェーズ（駅手前400m以内）,ブレーキ（減速）中,5.4999999999999964,力行（加速）,0.7999999999999999,70.0,7.7,0,13.1,52.4,20.3,0.0,0.0,9.2,この先制限速度なし,この先目立った勾配なし,前方52.8m先を0.0km/h,後続列車なし,90.0,24.3,未発車,30.0,12.6,0.0,-0.05
141.09999999999982,Train11,次駅への減速フェーズ（駅手前400m以内）,ブレーキ（減速）中,2.500000000000001,惰行,0.7,70.0,23.3,20.94,20.9,75.4,36.9,20.83,0.0,9.2,この先制限速度なし,この先目立った勾配なし,前方75.8m先を0.0km/h,後続列車なし,90.0,40.9,未発車,30.0,15.1,0.0,-0.05
181.99999999999892,Train11,次駅への減速フェーズ（駅手前400m以内）,ブレーキ（減速）中,2.9000000000000012,惰行,0.1,70.0,0.0,0,70.0,46.8,0.0,0.0,4.1,9.2,この先制限速度なし,この先目立った勾配なし,前方47.2m先を0.0km/h,後続列車なし,90.0,15.0,未発車,30.0,11.9,15.0,-0.05
154.5999999999991,Train11,次駅への減速フェーズ（駅手前400m以内）,惰行中,0.6,力行（加速）,0.7,70.0,5.2,1.75,11.7,50.9,23.4,0.15,0.0,9.2,この先制限速度なし,この先目立った勾配なし,前方51.3m先を0.0km/h,後続列車なし,90.0,27.4,未発車,30.0,12.4,0.0,-0.05
170.79999999999882,Train11,次駅への減速フェーズ（駅手前400m以内）,ブレーキ（減速）中,2.400000000000001,力行（加速）,0.7999999999999999,70.0,12.5,0,70.0,51.6,7.2,0.0,0.0,9.2,この先制限速度なし,この先目立った勾配なし,前方57.4m先を9.8km/h,後続列車なし,90.0,0.0,発車済み,30.0,70.0,0.0,-0.05
144.69999999999985,Train11,次駅への減速フェーズ（駅手前400m以内）,ブレーキ（減速）中,0.9999999999999999,惰行,0.1,70.0,24.2,22.25,22.3,77.4,33.3,23.5,0.0,9.2,この先制限速度なし,この先目立った勾配なし,前方77.8m先を0.0km/h,後続列車なし,90.0,37.3,未発車,30.0,15.3,0.0,-0.05
153.09999999999926,Train11,次駅への減速フェーズ（駅手前400m以内）,ブレーキ（減速）中,1.5000000000000002,力行（加速）,0.7999999999999999,70.0,6.0,0,11.5,51.3,24.9,0.0,0.0,9.2,この先制限速度なし,この先目立った勾配なし,前方51.7m先を0.0km/h,後続列車なし,90.0,28.9,未発車,30.0,12.5,0.0,-0.05
169.99999999999886,Train11,次駅への減速フェーズ（駅手前400m以内）,ブレーキ（減速）中,1.6000000000000003,力行（加速）,0.7999999999999999,70.0,10.7,0,70.0,51.6,8.0,0.0,0.0,9.2,この先制限速度なし,この先目立った勾配なし,前方55.4m先を7.9km/h,後続列車なし,90.0,0.0,発車済み,30.0,70.0,0.0,-0.05
149.29999999999959,Train11,次駅への減速フェーズ（駅手前400m以内）,ブレーキ（減速）中,2.9000000000000012,惰行,0.1,70.0,12.5,9.52,12.4,57.0,28.7,4.32,0.0,9.2,この先制限速度なし,この先目立った勾配なし,前方57.4m先を0.0km/h,後続列車なし,90.0,32.7,未発車,30.0,13.2,0.0,-0.05
144.29999999999987,Train11,次駅への減速フェーズ（駅手前400m以内）,ブレーキ（減速）中,0.1,惰行,0.1,70.0,25.8,24.55,24.6,81.1,33.7,28.59,0.0,9.2,この先制限速度なし,この先目立った勾配なし,前方81.5m先を0.0km/h,後続列車なし,90.0,37.7,未発車,30.0,15.7,0.0,-0.05
172.2999999999992,Train11,次駅への減速フェーズ（駅手前400m以内）,惰行中,2.400000000000001,ブレーキ（減速）,2.0000000000000004,70.0,13.6,0,70.0,48.2,7.7,0.0,0.0,9.2,この先制限速度なし,この先目立った勾配なし,前方58.8m先を13.1km/h,後続列車なし,60.0,0.0,発車済み,60.0,70.0,0.0,-0.05
159.09999999999891,Train11,次駅への減速フェーズ（駅手前400m以内）,ブレーキ（減速）中,4.200000000000001,力行（加速）,0.7999999999999999,70.0,5.1,0,14.2,50.8,18.9,0.0,0.0,9.2,この先制限速度なし,この先目立った勾配なし,前方51.2m先を0.0km/h,後続列車なし,90.0,22.9,未発車,30.0,12.4,0.0,-0.05
152.09999999999988,Train11,次駅への減速フェーズ（駅手前400m以内）,ブレーキ（減速）中,2.0000000000000004,惰行,0.2,70.0,25.3,23.26,23.3,80.0,25.9,25.67,0.0,9.2,この先制限速度なし,この先目立った勾配なし,前方80.3m先を0.0km/h,後続列車なし,90.0,29.9,未発車,30.0,15.6,0.0,-0.05
154.09999999999994,Train11,次駅への減速フェーズ（駅手前400m以内）,惰行中,0.1,ブレーキ（減速）,6.099999999999996,70.0,28.9,26.57,26.6,89.0,23.9,33.45,0.0,9.2,この先制限速度なし,この先目立った勾配なし,前方89.4m先を0.0km/h,後続列車なし,90.0,27.9,未発車,30.0,16.5,0.0,-0.05
173.2999999999993,Train11,次駅への減速フェーズ（駅手前400m以内）,ブレーキ（減速）中,0.6,力行（加速）,0.7999999999999999,70.0,9.3,0.78,70.0,53.7,4.7,0.03,0.0,9.2,この先制限速度なし,この先目立った勾配なし,前方54.1m先を0.0km/h,後続列車なし,90.0,15.0,未発車,30.0,12.8,6.3,-0.05
149.99999999999955,Train11,次駅への減速フェーズ（駅手前400m以内）,ブレーキ（減速）中,1.9000000000000006,力行（加速）,0.1,70.0,10.7,8.61,12.1,55.0,28.0,3.54,0.0,9.2,この先制限速度なし,この先目立った勾配なし,前方55.4m先を0.0km/h,後続列車なし,90.0,32.0,未発車,30.0,12.9,0.0,-0.05
181.69999999999894,Train11,次駅への減速フェーズ（駅手前400m以内）,ブレーキ（減速）中,2.600000000000001,惰行,0.1,70.0,0.0,0,70.0,46.8,0.0,0.0,3.8,9.2,この先制限速度なし,この先目立った勾配なし,前方47.2m先を0.0km/h,後続列車なし,90.0,15.0,未発車,30.0,11.9,14.7,-0.05
176.8999999999991,Train11,次駅への減速フェーズ（駅手前400m以内）,力行（加速）中,1.0999999999999999,惰行,2.9000000000000012,70.0,24.0,2.78,70.0,44.3,3.1,0.37,0.0,9.2,この先制限速度なし,この先目立った勾配なし,前方77.3m先を21.6km/h,後続列車なし,90.0,0.0,発車済み,30.0,70.0,0.0,-0.05
181.59999999999894,Train11,次駅への減速フェーズ（駅手前400m以内）,ブレーキ（減速）中,3.600000000000002,惰行,0.1,70.0,0.0,0,70.0,45.6,0.0,0.0,3.7,9.2,この先制限速度なし,この先目立った勾配なし,前方46.0m先を0.0km/h,後続列車なし,90.0,15.0,未発車,30.0,11.7,14.6,-0.05
146.19999999999976,Train11,次駅への減速フェーズ（駅手前400m以内）,ブレーキ（減速）中,2.0000000000000004,惰行,0.1,70.0,20.5,18.97,19.0,69.6,31.8,17.11,0.0,9.2,この先制限速度なし,この先目立った勾配なし,前方70.0m先を0.0km/h,後続列車なし,90.0,35.8,未発車,30.0,14.5,0.0,-0.05
169.59999999999923,Train11,次駅への減速フェーズ（駅手前400m以内）,ブレーキ（減速）中,2.400000000000001,惰行,0.1,70.0,0.0,0,70.0,45.6,8.4,0.0,0.0,9.2,この先制限速度なし,この先目立った勾配なし,前方46.0m先を0.0km/h,後続列車なし,90.0,15.0,未発車,30.0,11.8,2.6,-0.05
167.59999999999854,Train11,次駅への減速フェーズ（駅手前400m以内）,惰行中,3.0000000000000013,ブレーキ（減速）,2.0000000000000004,70.0,5.2,0,70.0,50.9,10.4,0.0,0.0,9.2,この先制限速度なし,この先目立った勾配なし,前方51.3m先を0.0km/h,後続列車なし,90.0,15.0,未発車,30.0,12.4,0.6,-0.05
