time,train_id,phase,current_notch,holding_time,prev_notch,prev_notch_duration,speed_limit,signal_speed,current_speed,required_speed,dist_to_next_station,time_to_next_station,req_stop_dist,delay,current_gradient,next_limit_info,next_gradient_info,forward_info,backward_info,forward_train_delay,forward_clear_remaining_time,forward_departed_next,standard_headway,target_speed_no_stop,forward_observed_delay,mode,reward,reason
138.0,Train11,次駅への減速フェーズ（駅手前400m以内）,ブレーキ（減速）中,2.0,惰行,5.0,70.0,49.3,58.88,58.9,163.7,40.0,161.716914596322,0.0,9.2,この先制限速度なし,この先目立った勾配なし,前方164.1m先を0.0km/h,後続列車なし,0.0,4.0,未発車,55.0,58.9,0.0,normal,0.0,CBTC信号速度49.3km/hを2km/h超えて58.9km/hで走行しており、即reward0.0ルールが適用されるため評価は0.0となる。
115.0,Train11,巡航フェーズ（駅間走行中）,力行（加速）中,7.0,惰行,6.0,70.0,70.0,61.38,63.5,867.0,63.0,168.87870225728608,0.0,12.5,この先制限速度なし,この先目立った勾配なし,前方867.4m先を0.0km/h,後続列車なし,0.0,0.0,未発車,85.0,63.5,3.0,anti_mid_stop,1.0,先行列車が停車中で駅間停車防止モード。現在速度はtarget_speed_no_stop未満で加速中であり、上限超過やノコギリ運転はなく安全かつ適切な巡航運転と判断した。
152.79999999999978,Train11,次駅への減速フェーズ（駅手前400m以内）,ブレーキ（減速）中,0.8999999999999999,力行（加速）,0.1,70.0,1.5,33.82,33.8,49.7,25.2,54.049467606921986,0.0,9.2,この先制限速度なし,この先目立った勾配なし,前方50.1m先を0.0km/h,後続列車なし,5.0,9.2,未発車,40.0,33.8,0.0,anti_mid_stop,0.0,CBTC信号速度1.5km/hを大幅に超える33.8km/hで走行しており、即時0.0ルールに該当するため評価は0.0とした。
165.1999999999996,Train11,次駅への減速フェーズ（駅手前400m以内）,ブレーキ（減速）中,0.5,惰行,0.1,70.0,3.1,14.01,20.7,50.1,12.8,9.341065487774108,0.0,9.2,この先制限速度なし,この先目立った勾配なし,前方50.5m先を0.0km/h,後続列車なし,0.0,0.0,未発車,40.0,20.7,8.2,anti_mid_stop,0.0,CBTC信号速度を2km/h以上超えているため即時0点ルールが適用され、rewardは0.0となる。
93.0,Train11,巡航フェーズ（駅間走行中）,力行（加速）中,8.0,ブレーキ（減速）,6.0,70.0,70.0,52.51,60.1,902.8,66.0,124.22010177903087,0.0,12.5,この先制限速度なし,この先目立った勾配なし,前方836.4m先を24.9km/h,後続列車なし,0.0,49.0,未発車,55.0,60.1,0.0,normal,0.9,巡航フェーズでrequired_speed未達だが加速中であり、速度・CBTC・制限速度を遵守、停止余裕十分、ノコギリ運転なし、間隔問題なし。
55.0,Train11,巡航フェーズ（駅間走行中）,力行（加速）中,37.0,惰行,6.0,70.0,70.0,63.69,70.0,1577.1,72.0,211.66481371447844,0.0,0.0,この先制限速度なし,この先目立った勾配なし,前方1183.2m先を57.6km/h,後続列車なし,5.0,77.0,未発車,70.0,70.0,0.0,normal,1.0,制限速度・CBTC遵守、先行列車は十分離れており加速は必要速度未達に対する正当な操作で、ノコギリ運転や過加速はなく安全かつ効率的。
129.0,Train11,次駅への減速フェーズ（駅手前400m以内）,惰行中,6.0,力行（加速）,2.0,70.0,70.0,35.28,38.2,390.3,49.0,61.049837161703344,0.0,6.1,この先制限速度なし,200m先に上り勾配9.2‰あり,前方390.7m先を0.0km/h,後続列車なし,5.0,3.0,未発車,70.0,38.2,0.0,normal,0.3,ノコギリ運転と判定され、prev_notch_durationが2秒で上限0.3点となり、他は問題なし。
119.0,Train11,巡航フェーズ（駅間走行中）,惰行中,17.0,力行（加速）,13.0,70.0,70.0,52.84,52.8,536.8,51.0,135.70182206249865,0.0,6.1,この先制限速度なし,346m先に上り勾配9.2‰あり,前方524.8m先を10.7km/h,後続列車なし,0.0,38.0,未発車,40.0,49.7,0.0,anti_mid_stop,1.0,先行列車が前方に塞がっているため駅間停車防止モード。現在速度はtarget_speed_no_stop以内で惰行を維持し、制限速度・CBTCを遵守、間隔も安全、停車余裕が十分であるため高評価。
108.0,Train11,巡航フェーズ（駅間走行中）,力行（加速）中,8.0,惰行,6.0,70.0,70.0,64.87,64.9,757.5,70.0,219.39532543635656,0.0,0.0,この先制限速度なし,167m先に上り勾配6.1‰あり,前方757.8m先を0.0km/h,後続列車なし,5.0,24.0,未発車,70.0,64.9,0.0,normal,0.5,巡航フェーズでrequired_speedと同等の速度にも関わらず力行を続け、エネルギー効率が低下しているため中程度の評価とした。
96.0,Train11,巡航フェーズ（駅間走行中）,惰行中,1.0,力行（加速）,6.0,70.0,70.0,58.8,60.0,882.5,82.0,155.21536709346742,0.0,12.5,この先制限速度なし,この先目立った勾配なし,前方882.9m先を0.0km/h,後続列車なし,5.0,21.0,未発車,85.0,60.0,0.0,normal,0.3,巡航フェーズでrequired_speed未達の状態で惰行を続け、さらにノコギリ運転と判定されたため減点し、reward 0.3とした。
87.0,Train11,巡航フェーズ（駅間走行中）,惰行中,16.0,力行（加速）,6.0,70.0,70.0,64.22,64.2,992.5,76.0,215.1209276196045,0.0,0.0,この先制限速度なし,2m先に上り勾配12.5‰あり,前方950.9m先を19.7km/h,後続列車なし,5.0,45.0,未発車,70.0,64.2,0.0,normal,1.0,巡航フェーズでrequired_speedと同等の64.2km/hを惰行で維持し、制限速度・CBTCを遵守、無駄な加速や減速がなく安全かつ省エネで評価が最高。
52.0,Train11,巡航フェーズ（駅間走行中）,惰行中,9.0,力行（加速）,25.0,70.0,70.0,54.04,70.0,1665.3,35.0,168.43740652205094,0.0,-6.7,この先制限速度なし,この先目立った勾配なし,前方705.3m先を62.4km/h,後続列車なし,5.0,110.0,未発車,40.0,48.8,0.0,anti_mid_stop,0.9,先行列車が前方に塞がっているため駅間停車防止モード。target_speed_no_stop付近で惰行を維持し、制限速度・CBTCを遵守している。
115.0,Train11,巡航フェーズ（駅間走行中）,力行（加速）中,3.0,ブレーキ（減速）,6.0,70.0,70.0,43.19,70.0,706.9,46.0,98.60976524190194,0.0,0.0,この先制限速度なし,116m先に上り勾配6.1‰あり,前方653.6m先を22.3km/h,後続列車なし,5.0,47.0,未発車,40.0,51.1,0.0,anti_mid_stop,1.0,先行列車が塞いでいる駅間停車防止モードで、target_speed_no_stop以下の加速は適切であり、速度・信号・列間隔すべて遵守しているため高評価。
145.6999999999999,Train11,次駅への減速フェーズ（駅手前400m以内）,ブレーキ（減速）中,6.799999999999994,惰行,43.0,70.0,25.3,27.49,27.5,79.9,32.3,35.80229469702352,0.0,9.2,この先制限速度なし,この先目立った勾配なし,前方80.3m先を0.0km/h,後続列車なし,5.0,1.3,未発車,55.0,27.5,0.0,normal,0.0,現在速度がCBTC信号速度を2km/h超えており安全違反のため即座にreward=0.0とする。
61.0,Train11,巡航フェーズ（駅間走行中）,力行（加速）中,5.0,惰行,9.0,70.0,70.0,56.79,70.0,1570.4,36.0,169.08472781474467,0.0,0.0,この先制限速度なし,この先目立った勾配なし,前方767.0m先を62.6km/h,後続列車なし,5.0,101.0,未発車,40.0,63.1,0.0,anti_mid_stop,1.0,先行列車が塞いでいるため駅間停車防止モードと判定し、target_speed_no_stop以下での加速は適切で、速度・信号遵守・安全上問題なし。
44.0,Train11,巡航フェーズ（駅間走行中）,惰行中,1.0,力行（加速）,21.0,70.0,70.0,51.37,70.0,1781.8,35.0,152.48509932634983,0.0,-6.7,この先制限速度なし,この先目立った勾配なし,前方681.5m先を63.4km/h,後続列車なし,5.0,118.0,未発車,40.0,49.1,0.0,anti_mid_stop,0.9,先行列車が前方に塞いでいるため駅間停車防止モードとなり、現在速度はtarget_speed_no_stop(49.1km/h)付近の惰行で適切。制限速度・CBTC遵守、間隔確保、ノコギリ運転なし。
147.49999999999974,Train11,次駅への減速フェーズ（駅手前400m以内）,ブレーキ（減速）中,3.600000000000002,力行（加速）,0.1,70.0,0.0,30.84,30.8,45.7,30.5,45.0002001922636,0.0,9.2,この先制限速度なし,この先目立った勾配なし,前方46.0m先を0.0km/h,後続列車なし,0.0,0.0,未発車,55.0,30.8,5.5,anti_mid_stop,0.0,CBTC信号が0km/hなのに30.8km/hで走行し信号超過となったため、即時0点とした。
157.69999999999916,Train11,次駅への減速フェーズ（駅手前400m以内）,ブレーキ（減速）中,3.700000000000002,惰行,0.1,70.0,0.0,3.46,0.0,0.0,20.3,0.6429035347173081,0.0,0.0,この先制限速度なし,この先目立った勾配なし,前方0.0m先を1.9km/h,後続列車なし,0.0,0.0,未発車,55.0,0.0,15.7,anti_mid_stop,0.0,CBTC信号0km/hに対し3.5km/hで走行し、signal_speed+2km/hを超えているため即0.0とする。
87.0,Train11,巡航フェーズ（駅間走行中）,力行（加速）中,2.0,惰行,6.0,70.0,70.0,62.04,67.2,1196.0,81.0,201.07354663220426,0.0,0.0,この先制限速度なし,205m先に上り勾配12.5‰あり,前方1177.3m先を13.3km/h,後続列車なし,0.0,40.0,未発車,70.0,67.2,0.0,normal,1.0,巡航フェーズでrequired_speed未達のための加速は適切で、制限速度・CBTC遵守、間隔・エネルギー面でも問題なし。
107.0,Train11,巡航フェーズ（駅間走行中）,惰行中,5.0,力行（加速）,13.0,70.0,70.0,55.92,69.6,718.9,51.0,164.0374808133764,0.0,0.0,この先制限速度なし,128m先に上り勾配6.1‰あり,前方645.4m先を26.2km/h,後続列車なし,0.0,50.0,未発車,40.0,49.5,0.0,anti_mid_stop,0.6,駅間停車防止モードでtarget_speed_no_stop上限を超える速度で走行しており、機外停車リスクがあるため減点。
51.0,Train11,巡航フェーズ（駅間走行中）,惰行中,5.0,力行（加速）,6.0,70.0,70.0,54.38,70.0,1649.8,40.0,170.52282341446866,0.0,-6.7,この先制限速度なし,この先目立った勾配なし,前方759.4m先を62.8km/h,後続列車なし,0.0,106.0,未発車,40.0,50.7,0.0,anti_mid_stop,0.4,先行列車が塞ぐ駅間停車防止モードで惰行は適切だが、力行→惰行の切替が7秒未満で合理的理由がなくノコギリ運転と判定され、reward上限0.5に抑えられた。
151.19999999999976,Train11,次駅への減速フェーズ（駅手前400m以内）,ブレーキ（減速）中,1.6000000000000003,惰行,0.1,70.0,0.0,33.77,33.8,43.7,26.8,53.89092625271126,0.0,9.2,この先制限速度なし,この先目立った勾配なし,前方44.0m先を0.0km/h,後続列車なし,5.0,0.0,未発車,55.0,33.8,4.2,anti_mid_stop,0.0,CBTC信号が0km/hなのに33.8km/hで走行しており即時0点規則に該当するため、rewardは0.0とする。
165.39999999999958,Train11,次駅への減速フェーズ（駅手前400m以内）,力行（加速）中,0.1,ブレーキ（減速）,0.6,70.0,0.0,13.43,19.8,49.3,12.6,8.58506281049573,0.0,9.2,この先制限速度なし,この先目立った勾配なし,前方49.7m先を0.0km/h,後続列車なし,0.0,0.0,未発車,40.0,19.8,8.4,anti_mid_stop,0.0,CBTC信号0km/hに対し13.4km/hで走行し即時0.0ルールに該当するため、rewardは0.0とする。
127.0,Train11,次駅への減速フェーズ（駅手前400m以内）,惰行中,6.0,力行（加速）,15.0,70.0,70.0,63.88,63.9,303.3,51.0,196.97402260811583,0.0,6.1,この先制限速度なし,113m先に上り勾配9.2‰あり,前方303.7m先を0.0km/h,後続列車なし,0.0,0.0,未発車,85.0,63.9,15.0,anti_mid_stop,1.0,先行列車が停車中で駅間停車防止モード。target_speed_no_stopと同等の速度を惰行で維持し、制限・CBTC遵守、停止位置も余裕ありで適切。
147.69999999999973,Train11,次駅への減速フェーズ（駅手前400m以内）,ブレーキ（減速）中,3.800000000000002,力行（加速）,0.1,70.0,0.0,30.25,30.2,44.0,30.3,43.30523468658237,0.0,9.2,この先制限速度なし,この先目立った勾配なし,前方44.4m先を0.0km/h,後続列車なし,0.0,0.0,未発車,55.0,30.2,5.7,anti_mid_stop,0.0,CBTC信号が0km/hであるにも関わらず30.2km/hで走行し、signal_speed＋2km/hを超過しているため即時0.0評価とした。
162.49999999999974,Train11,次駅への減速フェーズ（駅手前400m以内）,ブレーキ（減速）中,1.6000000000000003,惰行,0.1,70.0,17.0,21.2,21.2,63.3,15.5,21.341196978025334,0.0,9.2,この先制限速度なし,この先目立った勾配なし,前方63.7m先を0.0km/h,後続列車なし,0.0,0.0,未発車,40.0,21.2,5.5,normal,0.0,CBTC信号速度17km/hを2km/h超える21.2km/hで走行しており、安全違反のため即時0点とする。
136.0,Train11,次駅への減速フェーズ（駅手前400m以内）,惰行中,5.0,力行（加速）,17.0,70.0,55.3,62.41,62.4,197.8,42.0,188.19390384428547,0.0,6.1,この先制限速度なし,7m先に上り勾配9.2‰あり,前方198.1m先を0.0km/h,後続列車なし,0.0,6.0,未発車,55.0,62.4,0.0,normal,0.0,現在速度62.4km/hがCBTC信号55.3km/hを2km/h以上上回っており、安全違反の即時0点ルールが適用された。
154.79999999999933,Train11,次駅への減速フェーズ（駅手前400m以内）,ブレーキ（減速）中,0.7999999999999999,惰行,0.1,70.0,0.0,11.91,11.9,1.5,23.2,6.754554825317584,0.0,9.2,この先制限速度なし,この先目立った勾配なし,前方1.9m先を0.0km/h,後続列車なし,0.0,0.0,未発車,55.0,11.9,12.8,anti_mid_stop,0.0,CBTC信号が0km/hなのに列車は11.9km/hで走行し、signal_speed＋2km/hを超えているため即時0点とした。
78.0,Train11,巡航フェーズ（駅間走行中）,惰行中,2.0,力行（加速）,6.0,70.0,70.0,64.79,70.0,1134.4,60.0,218.86712218803754,0.0,0.0,この先制限速度なし,144m先に上り勾配12.5‰あり,前方860.4m先を49.1km/h,後続列車なし,5.0,69.0,未発車,55.0,61.3,0.0,anti_mid_stop,0.9,先行列車が前方に塞がっている駅間停車防止モードで、現在速度はtarget_speed_no_stop＋5km/h以内の惰行で制限・CBTC遵守、間隔安全、ノコギリ運転なしと評価し高評価とした。
150.09999999999982,Train11,次駅への減速フェーズ（駅手前400m以内）,ブレーキ（減速）中,0.5,惰行,0.1,70.0,10.1,37.03,37.0,54.5,27.9,64.70496056005244,0.0,9.2,この先制限速度なし,この先目立った勾配なし,前方54.8m先を0.0km/h,後続列車なし,5.0,0.0,未発車,55.0,37.0,3.1,normal,0.0,現在速度がCBTC信号速度10.1km/hを大きく上回っており、即reward0.0ルールに該当するため評価は0.0となる。
159.79999999999956,Train11,次駅への減速フェーズ（駅手前400m以内）,ブレーキ（減速）中,2.0000000000000004,力行（加速）,0.1,70.0,0.0,10.76,12.4,45.9,18.2,5.514807273570511,0.0,9.2,この先制限速度なし,この先目立った勾配なし,前方46.3m先を0.0km/h,後続列車なし,0.0,0.0,未発車,40.0,12.4,2.8,anti_mid_stop,0.0,CBTC信号が0km/hなのに現在速度が10.8km/hで超過しており、即0点ルールが適用されるためrewardは0.0。
157.0999999999992,Train11,次駅への減速フェーズ（駅手前400m以内）,ブレーキ（減速）中,3.1000000000000014,惰行,0.1,70.0,0.0,5.2,0.0,0.0,20.9,1.4515053798570383,0.0,0.0,この先制限速度なし,この先目立った勾配なし,前方0.0m先を0.3km/h,後続列車なし,0.0,0.0,未発車,55.0,0.0,15.1,anti_mid_stop,0.0,CBTC信号速度0km/hを2km/h以上超過し、低速域でdelta_stopが-1.45mとオーバーランが確実なため即時0点とする。
112.0,Train11,巡航フェーズ（駅間走行中）,惰行中,1.0,力行（加速）,10.0,70.0,70.0,56.6,70.0,788.6,46.0,167.97625915651318,0.0,0.0,この先制限速度なし,198m先に上り勾配6.1‰あり,前方715.1m先を26.2km/h,後続列車なし,5.0,50.0,未発車,40.0,55.4,0.0,anti_mid_stop,1.0,先行列車が塞いでいる駅間停車防止モードで、現在速度はtarget_speed_no_stop付近の惰行で適切。制限速度・CBTC遵守、ノコギリ運転なし、列車間隔良好。
80.0,Train11,巡航フェーズ（駅間走行中）,惰行中,9.0,力行（加速）,6.0,70.0,70.0,65.81,67.8,1118.9,76.0,225.64627377452945,0.0,0.0,この先制限速度なし,128m先に上り勾配12.5‰あり,前方1030.1m先を28.9km/h,後続列車なし,5.0,52.0,未発車,70.0,67.8,0.0,normal,0.3,先行列車が遠く安全だが、現在速度がrequired_speed未満で惰行しており巡航フェーズで遅延を招くちんたら運転と判断した。
100.0,Train11,巡航フェーズ（駅間走行中）,惰行中,29.0,力行（加速）,6.0,70.0,70.0,56.21,56.2,775.8,77.0,165.71182619737016,0.0,0.0,この先制限速度なし,185m先に上り勾配6.1‰あり,前方775.2m先を3.0km/h,後続列車なし,5.0,32.0,未発車,70.0,56.2,0.0,normal,1.0,巡航フェーズでrequired_speedと同等の惰行を維持し、制限速度・CBTCを遵守、停車位置や列車間隔に問題なく、エネルギー効率も最適であるため高評価。
103.0,Train11,巡航フェーズ（駅間走行中）,惰行中,1.0,力行（加速）,13.0,70.0,70.0,56.71,70.0,781.5,51.0,168.61758250600056,0.0,0.0,この先制限速度なし,191m先に上り勾配6.1‰あり,前方675.9m先を31.5km/h,後続列車なし,0.0,54.0,未発車,40.0,50.3,0.0,anti_mid_stop,0.3,駅間停車防止モードで target_speed_no_stop(50.3km/h) を5km/h 超える 56.7km/h で走行しており過剰加速と判断し減点した。
125.0,Train11,次駅への減速フェーズ（駅手前400m以内）,惰行中,30.0,力行（加速）,9.0,70.0,70.0,53.25,53.2,345.6,53.0,137.78285759018263,0.0,6.1,この先制限速度なし,155m先に上り勾配9.2‰あり,前方346.0m先を0.0km/h,後続列車なし,5.0,22.0,未発車,55.0,53.2,0.0,anti_mid_stop,0.9,先行列車が停車しているため駅間停車防止モードと判定し、速度がtarget_speed_no_stopと一致した惰行を維持して安全かつ省エネに運転している。
88.0,Train11,巡航フェーズ（駅間走行中）,力行（加速）中,3.0,惰行,8.0,70.0,70.0,61.55,70.0,1119.8,43.0,197.97749579429504,0.0,0.0,この先制限速度なし,129m先に上り勾配12.5‰あり,前方773.2m先を55.5km/h,後続列車なし,5.0,74.0,未発車,40.0,57.6,0.0,anti_mid_stop,0.9,先行列車が前方に塞いでいるためtarget_speed_no_stop(57.6km/h)以下での走行が必要。現在速度は上限＋5km/h以内で加速中であり、機外停車を回避する適切な操作と判断した。
97.0,Train11,巡航フェーズ（駅間走行中）,力行（加速）中,4.0,惰行,6.0,70.0,70.0,66.27,70.0,1145.3,61.0,228.73512185160115,0.0,0.0,この先制限速度なし,155m先に上り勾配12.5‰あり,前方1071.8m先を26.2km/h,後続列車なし,5.0,50.0,未発車,55.0,70.0,0.0,normal,0.5,惰行から4秒の力行への切替が7秒未満で合理的根拠がなくノコギリ運転と判定され、reward上限が0.5に制限された。
50.0,Train11,巡航フェーズ（駅間走行中）,惰行中,4.0,力行（加速）,6.0,70.0,70.0,54.34,70.0,1664.9,40.0,170.27684887842335,0.0,-6.7,この先制限速度なし,この先目立った勾配なし,前方757.0m先を62.7km/h,後続列車なし,0.0,107.0,未発車,40.0,50.5,0.0,anti_mid_stop,0.9,先行列車が塞いでいるため駅間停車防止モードで、速度はtarget_speed_no_stop(50.5km/h)を5km/h以内で維持し、CBTC・制限速度も遵守しているため高評価。
89.0,Train11,巡航フェーズ（駅間走行中）,力行（加速）中,3.0,惰行,6.0,70.0,70.0,59.94,70.0,994.8,61.0,187.96423082167604,0.0,0.0,この先制限速度なし,4m先に上り勾配12.5‰あり,前方851.3m先を36.8km/h,後続列車なし,5.0,58.0,未発車,55.0,63.2,0.0,anti_mid_stop,0.5,先行列車が塞いでいるため駅間停車防止モード。target_speed_no_stop以下での加速は適切だが、短時間の力行と直前の惰行切替がノコギリ運転と判定され、reward上限が0.5に抑えられる。
154.09999999999948,Train11,次駅への減速フェーズ（駅手前400m以内）,ブレーキ（減速）中,6.499999999999993,惰行,0.1,70.0,0.0,19.29,19.3,12.2,23.9,17.680154526725502,0.0,9.2,この先制限速度なし,この先目立った勾配なし,前方12.6m先を0.0km/h,後続列車なし,5.0,0.0,未発車,70.0,19.3,22.1,anti_mid_stop,0.0,CBTC信号0km/hに対し現在速度19.3km/hが2km/h以上超過しており、即時0点ルールに該当するためrewardは0.0とした。
68.0,Train11,巡航フェーズ（駅間走行中）,惰行中,1.0,力行（加速）,11.0,70.0,70.0,53.86,70.0,1648.8,38.0,167.3382898346492,0.0,-6.7,この先制限速度なし,この先目立った勾配なし,前方968.0m先を63.0km/h,後続列車なし,5.0,94.0,未発車,40.0,59.2,0.0,anti_mid_stop,0.9,先行列車が前方で塞いでいるため駅間停車防止モードと判定し、target_speed_no_stop以下の惰行は適切であり、速度・信号・間隔すべて遵守しているため高評価とした。
112.0,Train11,巡航フェーズ（駅間走行中）,惰行中,10.0,力行（加速）,13.0,70.0,70.0,54.94,58.0,642.0,51.0,158.43918884537032,0.0,0.0,この先制限速度なし,51m先に上り勾配6.1‰あり,前方600.4m先を19.7km/h,後続列車なし,0.0,45.0,未発車,40.0,48.5,0.0,anti_mid_stop,0.3,駅間停車防止モードで target_speed_no_stop(48.5km/h) を5km/h超える 54.9km/h となり過剰加速と判断し減点。
113.0,Train11,巡航フェーズ（駅間走行中）,惰行中,11.0,力行（加速）,13.0,70.0,70.0,54.75,58.3,626.7,51.0,157.3645114043526,0.0,0.0,この先制限速度なし,36m先に上り勾配6.1‰あり,前方590.4m先を18.4km/h,後続列車なし,0.0,44.0,未発車,40.0,47.7,0.0,anti_mid_stop,0.4,先行が塞いでいるのにtarget_speed_no_stopを上回る速度で惰行し、間隔が縮まりエネルギー無駄になるため減点し0.4とした。
159.5999999999994,Train11,次駅への減速フェーズ（駅手前400m以内）,ブレーキ（減速）中,2.500000000000001,惰行,0.1,70.0,0.0,14.91,14.9,3.4,18.4,10.57700365120495,0.0,9.2,この先制限速度なし,この先目立った勾配なし,前方3.8m先を0.0km/h,後続列車なし,5.0,2.4,未発車,40.0,14.9,0.0,normal,0.0,CBTC信号0km/hを2km/h以上超過し、停止位置が過走リスクあり、即0.0とする。
43.0,Train11,巡航フェーズ（駅間走行中）,惰行中,4.0,力行（加速）,40.0,70.0,70.0,56.97,70.0,1730.5,40.0,186.80679403450074,0.0,-6.7,この先制限速度なし,この先目立った勾配なし,前方700.5m先を63.3km/h,後続列車なし,0.0,114.0,未発車,40.0,50.1,0.0,anti_mid_stop,0.4,駅間停車防止モードで target_speed_no_stop(50.1km/h) を5km/h超える57km/hで惰行を続け、先行列車に追いつく危険があるため減点した。
70.0,Train11,巡航フェーズ（駅間走行中）,力行（加速）中,2.0,惰行,6.0,70.0,70.0,65.41,70.0,1260.6,64.0,222.97626510747853,0.0,0.0,この先制限速度なし,270m先に上り勾配12.5‰あり,前方944.1m先を52.9km/h,後続列車なし,0.0,72.0,未発車,55.0,65.7,0.0,normal,1.0,制限速度・CBTC遵守、先行列車との間隔は十分で安全、required_speed未達のため加速は適切であり違反なし。
88.0,Train11,巡航フェーズ（駅間走行中）,力行（加速）中,3.0,惰行,6.0,70.0,70.0,62.59,66.4,1178.7,81.0,204.57559892149212,0.0,0.0,この先制限速度なし,188m先に上り勾配12.5‰あり,前方1163.5m先を12.0km/h,後続列車なし,0.0,39.0,未発車,70.0,66.4,0.0,anti_mid_stop,0.9,先行列車が未発車で駅間停車防止モード。現在はtarget_speed_no_stop未満で加速中であり、上限超過やCBTC違反はなく、適切な加速と判断し高評価。
105.0,Train11,巡航フェーズ（駅間走行中）,力行（加速）中,1.0,惰行,9.0,70.0,70.0,54.44,54.4,742.1,73.0,155.6185671479152,0.0,0.0,この先制限速度なし,152m先に上り勾配6.1‰あり,前方742.5m先を0.0km/h,後続列車なし,5.0,12.0,未発車,85.0,54.4,0.0,normal,0.6,巡航フェーズでrequired_speedに達しているのに不要な力行を行いエネルギー効率が低下したため減点し0.6とする。
47.0,Train11,巡航フェーズ（駅間走行中）,力行（加速）中,20.0,惰行,6.0,70.0,70.0,58.07,70.0,1694.5,58.0,193.93459089801144,0.0,-6.7,この先制限速度なし,この先目立った勾配なし,前方996.3m先を63.2km/h,後続列車なし,0.0,95.0,未発車,55.0,62.5,0.0,anti_mid_stop,0.9,先行列車が塞いでいるため駅間停車防止モード。現在はtarget_speed_no_stop未満で加速中であり、過加速やノコギリ運転はなく適切。
152.6999999999998,Train11,次駅への減速フェーズ（駅手前400m以内）,ブレーキ（減速）中,0.7999999999999999,力行（加速）,0.1,70.0,4.7,34.12,34.1,50.7,25.3,55.00551296428862,0.0,9.2,この先制限速度なし,この先目立った勾配なし,前方51.0m先を0.0km/h,後続列車なし,5.0,9.3,未発車,40.0,34.1,0.0,normal,0.0,CBTC信号速度4.7km/hを大幅に超える34.1km/hで走行しており、即時0点ルールに該当するためrewardは0.0となる。
171.49999999999935,Train11,次駅への減速フェーズ（駅手前400m以内）,ブレーキ（減速）中,0.2,力行（加速）,0.1,70.0,0.0,15.36,15.4,0.4,6.5,11.223606665565105,0.0,9.2,この先制限速度なし,この先目立った勾配なし,前方0.7m先を0.0km/h,後続列車なし,5.0,0.0,未発車,55.0,15.4,24.5,anti_mid_stop,0.0,現在速度15.4km/hがCBTC信号0km/hを2km/h以上超過しており、即reward0.0の安全違反となるため、評価は0.0とした。
166.39999999999964,Train11,次駅への減速フェーズ（駅手前400m以内）,ブレーキ（減速）中,0.7,力行（加速）,0.1,70.0,0.0,28.21,28.2,30.9,11.6,37.691792343432105,0.0,9.2,この先制限速度なし,この先目立った勾配なし,前方31.3m先を0.0km/h,後続列車なし,5.0,0.0,未発車,55.0,28.2,19.4,anti_mid_stop,0.0,CBTC信号0km/hを2km/h以上超過し28.2km/hで走行しているため即時0点ルールが適用され、停止位置も過走リスクがある。
70.0,Train11,巡航フェーズ（駅間走行中）,力行（加速）中,5.0,ブレーキ（減速）,4.0,70.0,70.0,57.88,59.7,1260.4,96.0,175.51060091267806,0.0,0.0,この先制限速度なし,270m先に上り勾配12.5‰あり,前方1233.6m先を15.8km/h,後続列車なし,0.0,42.0,未発車,85.0,59.7,0.0,normal,0.2,速度・CBTCは遵守しているが、ブレーキ→力行への短時間切替がノコギリ運転と判定され、reward上限が0.3に抑えられたため0.2とした。
85.0,Train11,巡航フェーズ（駅間走行中）,惰行中,9.0,力行（加速）,6.0,70.0,70.0,63.21,70.0,1009.9,61.0,208.55740306667062,0.0,0.0,この先制限速度なし,19m先に上り勾配12.5‰あり,前方823.0m先を40.4km/h,後続列車なし,5.0,62.0,未発車,55.0,60.0,0.0,anti_mid_stop,1.0,先行列車が塞いでいるため駅間停車防止モード。現在速度はtarget_speed_no_stop上限以内で惰行を維持し、制限・CBTC遵守、間隔も安全で高評価。
44.0,Train11,巡航フェーズ（駅間走行中）,惰行中,5.0,力行（加速）,40.0,70.0,70.0,57.01,70.0,1714.6,40.0,187.0637812019168,0.0,-6.7,この先制限速度なし,この先目立った勾配なし,前方702.2m先を63.1km/h,後続列車なし,0.0,113.0,未発車,40.0,50.1,0.0,anti_mid_stop,0.5,先行列車が塞いでいる駅間停車防止モードで、現在速度がtarget_speed_no_stop(50.1km/h)を5km/h超えており過剰惰行とみなされ、さらに定時到着に遅れが生じるリスクがあるため減点した。
112.0,Train11,巡航フェーズ（駅間走行中）,惰行中,1.0,力行（加速）,6.0,70.0,70.0,66.21,66.8,867.8,61.0,195.922730645244,0.0,12.5,この先制限速度なし,この先目立った勾配なし,前方863.0m先を6.9km/h,後続列車なし,5.0,35.0,未発車,55.0,66.8,0.0,normal,0.4,前ノッチが6秒の力行から1秒の惰行への短時間切替が sawtooth と判定され、上限 reward が 0.3‑0.5 に制限されたため 0.4 とした。
69.0,Train11,巡航フェーズ（駅間走行中）,力行（加速）中,4.0,ブレーキ（減速）,4.0,70.0,70.0,57.24,60.0,1276.4,96.0,171.72383984281728,0.0,0.0,この先制限速度なし,286m先に上り勾配12.5‰あり,前方1245.0m先を17.1km/h,後続列車なし,0.0,43.0,未発車,85.0,60.0,0.0,normal,0.3,ブレーキから力行への短時間切替に合理的理由がなくノコギリ運転と判定され、reward上限0.3点に抑えられた。
49.0,Train11,巡航フェーズ（駅間走行中）,惰行中,2.0,力行（加速）,24.0,70.0,70.0,53.87,70.0,1752.1,35.0,167.39926232023527,0.0,-6.7,この先制限速度なし,この先目立った勾配なし,前方739.7m先を63.1km/h,後続列車なし,5.0,113.0,未発車,40.0,50.6,0.0,anti_mid_stop,1.0,先行列車が塞いでいるため駅間停車防止モード。現在速度はtarget_speed_no_stopを3km/h上回る範囲で惰行しており、CBTC・制限速度遵守、停止位置も確保できるため高評価とした。
156.59999999999923,Train11,次駅への減速フェーズ（駅手前400m以内）,ブレーキ（減速）中,2.600000000000001,惰行,0.1,70.0,0.0,6.66,0.0,0.0,21.4,2.380123864426572,0.0,0.0,この先制限速度なし,この先目立った勾配なし,前方0.0m先を0.0km/h,後続列車なし,0.0,0.0,未発車,55.0,0.0,14.6,normal,0.0,CBTC信号0km/hを2km/h以上超過し、delta_stopが‑2.38mでオーバーランが確実なため即0.0と判定。
153.0,Train11,巡航フェーズ（駅間走行中）,力行（加速）中,2.0,惰行,5.0,70.0,70.0,64.61,70.0,451.5,25.0,201.40425288686149,0.0,6.1,この先制限速度なし,261m先に上り勾配9.2‰あり,前方451.9m先を0.0km/h,後続列車なし,0.0,4.0,未発車,40.0,70.0,0.0,normal,0.3,先行列車が停止しているが速度は制限内で加速は必要、しかし直前の惰行から2秒の力行への切替が7秒未満で合理的理由がなくノコギリ運転と判定され、上限0.3に抑えた。
117.0,Train11,巡航フェーズ（駅間走行中）,ブレーキ（減速）中,2.0,惰行,44.0,70.0,70.0,49.4,49.4,519.2,61.0,118.84119347508417,0.0,6.1,この先制限速度なし,329m先に上り勾配9.2‰あり,前方519.6m先を0.0km/h,後続列車なし,5.0,15.0,未発車,70.0,49.4,0.0,normal,0.2,巡航フェーズでrequired_speedと同等の速度にも関わらずブレーキを続け、不要な減速で遅延とエネルギー浪費を招いたため0.2とした。
86.0,Train11,巡航フェーズ（駅間走行中）,惰行中,10.0,力行（加速）,6.0,70.0,70.0,62.99,70.0,992.4,61.0,207.1403806611605,0.0,0.0,この先制限速度なし,2m先に上り勾配12.5‰あり,前方816.7m先を40.0km/h,後続列車なし,5.0,61.0,未発車,55.0,59.7,0.0,anti_mid_stop,0.9,先行列車が前方に塞いでいるため駅間停車防止モードで、現在速度はtarget_speed_no_stopの上限＋5km/h以内の惰行で適切と判断し高評価。
127.0,Train11,巡航フェーズ（駅間走行中）,力行（加速）中,2.0,惰行,6.0,70.0,70.0,60.99,63.9,670.7,51.0,194.46685134876586,0.0,0.0,この先制限速度なし,80m先に上り勾配6.1‰あり,前方671.1m先を0.0km/h,後続列車なし,5.0,5.0,未発車,70.0,63.9,0.0,normal,0.5,前走で惰行6秒→力行2秒への切替が合理的根拠なく行われノコギリ運転と判定され、reward上限0.5点に抑えられた。
158.29999999999924,Train11,次駅への減速フェーズ（駅手前400m以内）,ブレーキ（減速）中,3.4000000000000017,力行（加速）,0.1,70.0,0.0,7.49,0.0,0.0,19.7,3.0096767229929235,0.0,0.0,この先制限速度なし,この先目立った勾配なし,前方0.0m先を0.0km/h,後続列車なし,5.0,0.0,未発車,70.0,0.0,26.3,normal,0.0,CBTC信号0km/hを2km/h以上超えて7.5km/hで走行し、delta_stopが-3.01mでオーバーランが確実なため即0.0とする。
117.0,Train11,巡航フェーズ（駅間走行中）,惰行中,15.0,力行（加速）,13.0,70.0,70.0,53.64,54.4,566.4,51.0,139.77644941309717,0.0,6.1,この先制限速度なし,376m先に上り勾配9.2‰あり,前方547.7m先を13.3km/h,後続列車なし,0.0,40.0,未発車,40.0,50.9,0.0,normal,0.9,"Coasting is appropriate; speed within 1 km/h of required, no safety breaches, and safe gap to preceding train."
126.0,Train11,巡航フェーズ（駅間走行中）,力行（加速）中,23.0,惰行,6.0,70.0,70.0,63.71,63.7,698.5,52.0,211.79475676017006,0.0,0.0,この先制限速度なし,108m先に上り勾配6.1‰あり,前方698.8m先を0.0km/h,後続列車なし,5.0,0.0,未発車,85.0,63.7,9.0,anti_mid_stop,0.2,先行列車が停止中の駅間停車防止モードで、target_speed_no_stopを超える力行を続け間隔が縮小しエネルギー無駄になるため減点し0.2とした。
98.0,Train11,巡航フェーズ（駅間走行中）,力行（加速）中,15.0,惰行,6.0,70.0,70.0,59.59,64.2,1156.4,80.0,185.81988641982096,0.0,0.0,この先制限速度なし,166m先に上り勾配12.5‰あり,前方1156.8m先を0.0km/h,後続列車なし,0.0,14.0,未発車,85.0,64.2,0.0,normal,0.9,巡航フェーズでrequired_speed未達のため加速は適切で、速度・制限・CBTCを遵守しノコギリ運転もなし。
154.99999999999932,Train11,次駅への減速フェーズ（駅手前400m以内）,ブレーキ（減速）中,0.9999999999999999,惰行,0.1,70.0,0.0,11.33,11.3,0.9,23.0,6.113647987909417,0.0,9.2,この先制限速度なし,この先目立った勾配なし,前方1.3m先を0.0km/h,後続列車なし,0.0,0.0,未発車,55.0,11.3,13.0,anti_mid_stop,0.0,CBTC信号0km/hを2km/h以上超過し11.3km/hで走行しているため安全違反となり、即0.0とする。
156.8999999999992,Train11,次駅への減速フェーズ（駅手前400m以内）,ブレーキ（減速）中,2.9000000000000012,惰行,0.1,70.0,0.0,5.79,0.0,0.0,21.1,1.7993059437633232,0.0,0.0,この先制限速度なし,この先目立った勾配なし,前方0.0m先を0.0km/h,後続列車なし,0.0,0.0,未発車,55.0,0.0,14.9,normal,0.0,CBTC信号が0km/hなのに現在速度5.8km/hで2km/h以上超過しているため、即時0点とする。
113.0,Train11,巡航フェーズ（駅間走行中）,惰行中,5.0,力行（加速）,23.0,70.0,70.0,59.02,59.0,590.2,65.0,182.3525507361133,0.0,0.0,この先制限速度なし,0m先に上り勾配6.1‰あり,前方590.6m先を0.0km/h,後続列車なし,0.0,29.0,未発車,55.0,59.0,0.0,normal,1.0,現在速度がrequired_speedと一致し惰行で巡航、制限速度・CBTC遵守、停止余裕大きく安全かつ省エネ。
150.19999999999965,Train11,次駅への減速フェーズ（駅手前400m以内）,力行（加速）中,0.1,ブレーキ（減速）,11.199999999999978,70.0,9.4,14.28,14.3,53.8,27.8,9.703825977842595,0.0,9.2,この先制限速度なし,この先目立った勾配なし,前方54.2m先を0.0km/h,後続列車なし,5.0,0.0,未発車,55.0,14.3,3.2,anti_mid_stop,0.0,CBTC信号速度9.4km/hを2km/h超える14.3km/hで走行し、即時0.0ルールに該当するため評価は0.0とした。
162.19999999999925,Train11,次駅への減速フェーズ（駅手前400m以内）,ブレーキ（減速）中,5.099999999999998,惰行,0.1,70.0,0.0,7.32,0.0,0.0,15.8,2.874736300843013,0.0,0.0,この先制限速度なし,この先目立った勾配なし,前方0.0m先を0.0km/h,後続列車なし,5.0,0.0,未発車,40.0,0.0,0.2,normal,0.0,CBTC信号0km/hに対し7.3km/hで走行し、信号超過が即0.0の安全違反となったため。
149.7999999999996,Train11,次駅への減速フェーズ（駅手前400m以内）,ブレーキ（減速）中,0.8999999999999999,惰行,0.1,70.0,0.0,25.57,25.6,27.5,28.2,30.99823230222886,0.0,9.2,この先制限速度なし,この先目立った勾配なし,前方27.9m先を0.0km/h,後続列車なし,0.0,0.0,未発車,55.0,25.6,7.8,anti_mid_stop,0.0,CBTC信号0km/hに対し現在速度25.6km/hで2km/h以上超過し、先行列車との距離が40m未満の危険接近があるため即時0点とした。
120.0,Train11,巡航フェーズ（駅間走行中）,惰行中,18.0,力行（加速）,13.0,70.0,70.0,52.43,52.4,522.2,51.0,133.63596643829308,0.0,6.1,この先制限速度なし,332m先に上り勾配9.2‰あり,前方513.0m先を9.4km/h,後続列車なし,0.0,37.0,未発車,40.0,48.4,0.0,normal,1.0,巡航フェーズでrequired_speedと一致し惰行が適切、制限速度・CBTCを遵守、列間隔安全、エネルギー効率良好のため高評価。
144.5999999999999,Train11,次駅への減速フェーズ（駅手前400m以内）,ブレーキ（減速）中,0.7,力行（加速）,0.1,70.0,22.7,39.43,39.4,74.0,33.4,73.28310561244906,0.0,9.2,この先制限速度なし,この先目立った勾配なし,前方74.3m先を0.0km/h,後続列車なし,0.0,0.0,未発車,55.0,39.4,2.6,normal,0.0,現在速度39.4km/hがCBTC信号速度22.7km/hを2km/h以上上回っており、即時0点ルールに該当するためrewardは0.0とする。
154.19999999999942,Train11,次駅への減速フェーズ（駅手前400m以内）,ブレーキ（減速）中,0.8999999999999999,惰行,0.1,70.0,0.0,3.61,10.5,43.6,23.8,0.6217977050075051,0.0,9.2,この先制限速度なし,この先目立った勾配なし,前方44.0m先を0.0km/h,後続列車なし,5.0,0.0,未発車,55.0,10.5,7.2,anti_mid_stop,0.0,CBTC信号0km/hに対し3.6km/hで走行し2km/h超過しているため即座に0.0とし、他の評価は無効。
84.0,Train11,巡航フェーズ（駅間走行中）,惰行中,13.0,力行（加速）,6.0,70.0,70.0,64.9,64.9,1046.3,76.0,219.59355520144808,0.0,0.0,この先制限速度なし,56m先に上り勾配12.5‰あり,前方986.7m先を23.6km/h,後続列車なし,5.0,48.0,未発車,70.0,64.9,0.0,normal,1.0,required_speedと一致し惰行で適切、制限速度・CBTC遵守、先行列車との間隔安全、ノコギリ運転なし。
152.59999999999945,Train11,次駅への減速フェーズ（駅手前400m以内）,ブレーキ（減速）中,1.0999999999999999,惰行,0.1,70.0,0.0,17.85,17.9,10.6,25.4,15.145979622791996,0.0,9.2,この先制限速度なし,この先目立った勾配なし,前方11.0m先を0.0km/h,後続列車なし,0.0,0.0,未発車,55.0,17.9,10.6,anti_mid_stop,0.0,CBTC信号0km/hを2km/h以上超過して走行しているため安全違反、即時0点とする。
114.0,Train11,巡航フェーズ（駅間走行中）,惰行中,12.0,力行（加速）,13.0,70.0,70.0,54.55,54.5,611.5,51.0,156.23703406578556,0.0,0.0,この先制限速度なし,21m先に上り勾配6.1‰あり,前方580.2m先を17.1km/h,後続列車なし,0.0,43.0,未発車,40.0,47.9,0.0,anti_mid_stop,0.7,駅間停車防止モードで先行列車が塞いでいるため target_speed_no_stop を5km/h超える速度は過加速とみなすが、他は安全・定時・省エネであるため0.7とした。
52.0,Train11,巡航フェーズ（駅間走行中）,力行（加速）中,5.0,惰行,8.0,70.0,70.0,59.78,70.0,1586.2,41.0,186.98251794571627,0.0,0.0,この先制限速度なし,この先目立った勾配なし,前方713.2m先を62.9km/h,後続列車なし,0.0,105.0,未発車,40.0,61.4,0.0,anti_mid_stop,0.9,先行列車が塞いでいるため駅間停車防止モードと判定し、target_speed_no_stop以下での加速は適切であるため高評価。
41.0,Train11,巡航フェーズ（駅間走行中）,惰行中,2.0,力行（加速）,40.0,70.0,70.0,56.9,70.0,1762.1,40.0,186.3574676048426,0.0,-6.7,この先制限速度なし,この先目立った勾配なし,前方696.9m先を63.0km/h,後続列車なし,0.0,116.0,未発車,40.0,49.1,0.0,anti_mid_stop,0.3,先行列車が前方に塞がっているため駅間停車防止モードで、速度はtarget_speed_no_stop(49.1km/h)を5km/h超えており機外停車リスクがあるため減点し0.3とした。
45.0,Train11,巡航フェーズ（駅間走行中）,力行（加速）中,5.0,惰行,1.0,70.0,70.0,52.32,70.0,1739.7,40.0,158.0745257602741,0.0,-6.7,この先制限速度なし,この先目立った勾配なし,前方744.8m先を62.9km/h,後続列車なし,0.0,112.0,未発車,40.0,50.5,0.0,anti_mid_stop,0.0,惰行から5秒未満の力行への切替で保持時間が7秒未満かつ合理的理由がなくノコギリ運転と判定され、reward上限が0.0となった。
156.29999999999924,Train11,次駅への減速フェーズ（駅手前400m以内）,ブレーキ（減速）中,2.3000000000000007,惰行,0.1,70.0,0.0,7.54,0.0,0.0,21.7,3.049952737133203,0.0,0.0,この先制限速度なし,この先目立った勾配なし,前方0.0m先を0.0km/h,後続列車なし,0.0,0.0,未発車,55.0,0.0,14.3,anti_mid_stop,0.0,CBTC信号0km/hに対し7.5km/hで走行し超過、ブレーキ開始が遅れ過走リスクがあるため即0点とする。
164.29999999999964,Train11,次駅への減速フェーズ（駅手前400m以内）,ブレーキ（減速）中,1.4000000000000001,力行（加速）,0.1,70.0,9.5,16.39,20.2,53.9,13.7,12.77539060501684,0.0,9.2,この先制限速度なし,この先目立った勾配なし,前方54.3m先を0.0km/h,後続列車なし,0.0,0.0,未発車,40.0,20.2,7.3,normal,0.0,CBTC信号速度9.5km/hを超えて16.4km/hで走行し、signal_speed+2km/hを超過しているため安全違反となり即0点。
49.0,Train11,巡航フェーズ（駅間走行中）,惰行中,6.0,力行（加速）,25.0,70.0,70.0,53.91,70.0,1710.2,35.0,167.6432576360309,0.0,-6.7,この先制限速度なし,この先目立った勾配なし,前方697.8m先を63.1km/h,後続列車なし,5.0,113.0,未発車,40.0,49.9,0.0,anti_mid_stop,0.9,先行列車が塞いでいる駅間停車防止モードで、速度がtarget_speed_no_stop付近に保たれCBTC・制限速度遵守、ノコギリ運転なしの惰行が適切と判断した。
87.0,Train11,巡航フェーズ（駅間走行中）,惰行中,5.0,力行（加速）,39.0,70.0,70.0,65.08,67.5,1137.1,76.0,220.78469193267017,0.0,0.0,この先制限速度なし,147m先に上り勾配12.5‰あり,前方1095.5m先を19.7km/h,後続列車なし,5.0,45.0,未発車,70.0,67.5,0.0,normal,0.6,巡航フェーズでrequired_speed 67.5km/hに対し65.1km/hのまま惰行を続け、加速すべきところを怠っているため中程度に減点。
152.99999999999943,Train11,次駅への減速フェーズ（駅手前400m以内）,ブレーキ（減速）中,1.5000000000000002,惰行,0.1,70.0,0.0,16.68,16.7,8.7,25.0,13.230312759921253,0.0,9.2,この先制限速度なし,この先目立った勾配なし,前方9.1m先を0.0km/h,後続列車なし,0.0,0.0,未発車,55.0,16.7,11.0,anti_mid_stop,0.0,CBTC信号0km/hを超えて16.7km/hで走行し、先行列車が9.1m前に停車しているため安全違反となり即時0点。
142.39999999999998,Train11,次駅への減速フェーズ（駅手前400m以内）,力行（加速）中,4.499999999999998,ブレーキ（減速）,6.0,70.0,29.6,41.88,41.9,90.9,35.6,82.57634029699855,0.0,9.2,この先制限速度なし,この先目立った勾配なし,前方91.4m先を1.1km/h,後続列車なし,0.0,0.0,未発車,85.0,41.9,30.4,anti_mid_stop,0.0,CBTC信号速度29.6km/hを2km/h以上超過し41.9km/hで走行しているため即時0点とした。
144.29999999999998,Train11,次駅への減速フェーズ（駅手前400m以内）,ブレーキ（減速）中,5.399999999999999,惰行,43.0,70.0,29.7,31.62,31.6,91.4,33.7,47.29011526068751,0.0,9.2,この先制限速度なし,この先目立った勾配なし,前方91.7m先を0.0km/h,後続列車なし,5.0,2.7,未発車,55.0,31.6,0.0,normal,0.2,次駅減速フェーズでブレーキ開始が必要距離より30m以上早く、停止位置誤差が大きくエネルギー無駄が顕著なため低評価。
121.0,Train11,巡航フェーズ（駅間走行中）,惰行中,10.0,力行（加速）,6.0,70.0,70.0,62.29,62.3,708.4,57.0,202.6618655694694,0.0,0.0,この先制限速度なし,118m先に上り勾配6.1‰あり,前方708.8m先を0.0km/h,後続列車なし,5.0,26.0,未発車,55.0,62.3,0.0,normal,1.0,制限速度・CBTC遵守、必要速度と同等の惰行で安全に走行し、ノコギリ運転や過加速なし。
129.0,Train11,巡航フェーズ（駅間走行中）,惰行中,20.0,力行（加速）,18.0,70.0,70.0,52.85,52.9,492.5,49.0,135.75239849535416,0.0,6.1,この先制限速度なし,302m先に上り勾配9.2‰あり,前方492.9m先を0.0km/h,後続列車なし,0.0,28.0,未発車,40.0,52.9,0.0,normal,1.0,巡航フェーズでrequired_speedと一致する惰行を維持し、制限速度・CBTCを遵守、先行列車との間隔も安全であり、ノコギリ運転なし。
79.0,Train11,巡航フェーズ（駅間走行中）,惰行中,8.0,力行（加速）,6.0,70.0,70.0,66.05,69.1,1137.3,76.0,227.25540113700106,0.0,0.0,この先制限速度なし,147m先に上り勾配12.5‰あり,前方1040.3m先を30.2km/h,後続列車なし,5.0,53.0,未発車,70.0,69.1,0.0,normal,0.6,巡航フェーズでrequired_speed 69.1km/hに対し66km/hの惰行を続け、加速せず遅延リスクがあるため減点し0.6とする。
100.0,Train11,巡航フェーズ（駅間走行中）,惰行中,5.0,力行（加速）,6.0,70.0,70.0,56.23,57.7,818.6,78.0,142.1523402903633,0.0,12.5,この先制限速度なし,この先目立った勾配なし,前方819.0m先を0.0km/h,後続列車なし,5.0,17.0,未発車,85.0,57.7,0.0,normal,0.2,先行列車が遠く停止中で安全は保たれるが、required_speed未達の惰行と7秒未満の力行→惰行切替がノコギリ運転と判定され、reward上限が0.2に抑えられる。
157.2999999999992,Train11,次駅への減速フェーズ（駅手前400m以内）,ブレーキ（減速）中,3.3000000000000016,惰行,0.1,70.0,0.0,4.62,0.0,0.0,20.7,1.1459289103579928,0.0,0.0,この先制限速度なし,この先目立った勾配なし,前方0.0m先を0.8km/h,後続列車なし,0.0,0.0,未発車,55.0,0.0,15.3,anti_mid_stop,0.0,CBTC信号0km/hを2km/h以上超過し、delta_stopが-1.15mでオーバーランが確実なため即0点とした。
162.09999999999926,Train11,次駅への減速フェーズ（駅手前400m以内）,ブレーキ（減速）中,4.999999999999998,惰行,0.1,70.0,0.0,7.61,0.0,0.0,15.9,3.106787869095748,0.0,0.0,この先制限速度なし,この先目立った勾配なし,前方0.0m先を0.0km/h,後続列車なし,5.0,0.0,未発車,40.0,0.0,0.1,normal,0.0,CBTC信号0km/hを7.6km/hで超過し、低速域でdelta_stopが-3.11mとオーバーランが確実なため即0点。
96.0,Train11,巡航フェーズ（駅間走行中）,惰行中,5.0,力行（加速）,6.0,70.0,70.0,62.59,70.0,979.9,45.0,175.47512708681907,0.0,12.5,この先制限速度なし,この先目立った勾配なし,前方745.4m先を45.4km/h,後続列車なし,5.0,66.0,未発車,40.0,70.0,0.0,normal,0.1,巡航フェーズでrequired_speed未達のまま惰行を続け、遅延リスクが高く評価が低下したため。
158.9999999999995,Train11,次駅への減速フェーズ（駅手前400m以内）,ブレーキ（減速）中,1.2,惰行,0.1,70.0,0.0,19.65,19.6,18.4,19.0,18.344076323751228,0.0,9.2,この先制限速度なし,この先目立った勾配なし,前方18.8m先を0.0km/h,後続列車なし,0.0,0.0,未発車,55.0,19.6,17.0,anti_mid_stop,0.0,CBTC信号が0km/hなのに現在速度が19.6km/hで信号超過となり即0.0ルールが適用されたため、rewardは0.0となる。
154.99999999999972,Train11,次駅への減速フェーズ（駅手前400m以内）,ブレーキ（減速）中,0.7,力行（加速）,1.6000000000000003,70.0,0.0,29.84,29.8,46.0,23.0,42.14624234475503,0.0,9.2,この先制限速度なし,この先目立った勾配なし,前方46.4m先を0.0km/h,後続列車なし,0.0,0.0,未発車,55.0,29.8,13.0,anti_mid_stop,0.0,CBTC信号が0km/hであるにも関わらず29.8km/hで走行しており、即時0点ルールに該当するためrewardは0.0となる。
148.89999999999972,Train11,次駅への減速フェーズ（駅手前400m以内）,ブレーキ（減速）中,9.999999999999982,惰行,43.0,70.0,14.5,18.08,18.1,59.6,29.1,15.537687609510245,0.0,9.2,この先制限速度なし,この先目立った勾配なし,前方60.0m先を0.0km/h,後続列車なし,5.0,0.0,未発車,55.0,18.1,1.9,anti_mid_stop,0.0,現在速度がCBTC信号速度14.5km/hを2km/h以上上回っているため、即時0点とする。
86.0,Train11,巡航フェーズ（駅間走行中）,力行（加速）中,1.0,惰行,6.0,70.0,70.0,61.48,67.9,1213.1,81.0,197.53704834614175,0.0,0.0,この先制限速度なし,223m先に上り勾配12.5‰あり,前方1190.6m先を14.6km/h,後続列車なし,0.0,41.0,未発車,70.0,67.9,0.0,normal,0.9,現在は通常運転モードで、速度はrequired_speed未満だが加速は必要であり、制限速度・CBTCを遵守し、ノコギリ運転もなく適切な力行操作。
117.0,Train11,巡航フェーズ（駅間走行中）,力行（加速）中,6.0,惰行,1.0,70.0,70.0,68.42,68.4,590.9,61.0,243.4312424383697,0.0,0.0,この先制限速度なし,0m先に上り勾配6.1‰あり,前方591.3m先を0.0km/h,後続列車なし,5.0,15.0,未発車,70.0,68.4,0.0,normal,0.0,前ノッチが1秒の惰行から7秒未満の力行へ切替し、合理的理由がなくノコギリ運転と判定されたためrewardは0.0となる。
153.99999999999943,Train11,次駅への減速フェーズ（駅手前400m以内）,ブレーキ（減速）中,0.7,惰行,0.1,70.0,0.0,4.19,10.4,43.8,24.0,0.8375480963949808,0.0,9.2,この先制限速度なし,この先目立った勾配なし,前方44.2m先を0.0km/h,後続列車なし,5.0,0.0,未発車,55.0,10.4,7.0,anti_mid_stop,0.0,CBTC信号0km/hに対し現在速度4.2km/hが2km/h以上超過しており、即0ルールが適用されるためrewardは0.0となる。
91.0,Train11,巡航フェーズ（駅間走行中）,ブレーキ（減速）中,1.0,力行（加速）,6.0,70.0,70.0,67.53,70.0,1087.0,61.0,237.2960666639083,0.0,0.0,この先制限速度なし,97m先に上り勾配12.5‰あり,前方963.2m先を34.1km/h,後続列車なし,5.0,56.0,未発車,55.0,70.0,0.0,normal,0.3,不要なブレーキとノコギリ運転が判定され、評価が大幅に減点されるためrewardは0.3とした。
46.0,Train11,巡航フェーズ（駅間走行中）,惰行中,7.0,力行（加速）,40.0,70.0,70.0,57.08,70.0,1682.9,40.0,187.5139097354082,0.0,-6.7,この先制限速度なし,この先目立った勾配なし,前方705.5m先を63.1km/h,後続列車なし,0.0,111.0,未発車,40.0,50.1,0.0,anti_mid_stop,0.5,先行列車が塞いでいる駅間停車防止モードで、現在速度が target_speed_no_stop を5km/h超えており過剰加速とみなされ機外停車リスクがあるため減点し、全体として中程度の評価となる。
72.0,Train11,巡航フェーズ（駅間走行中）,ブレーキ（減速）中,3.0,力行（加速）,4.0,70.0,70.0,52.1,70.0,1363.1,39.0,142.73955882284918,0.0,0.0,この先制限速度なし,373m先に上り勾配12.5‰あり,前方751.9m先を62.1km/h,後続列車なし,5.0,90.0,未発車,40.0,59.9,0.0,anti_mid_stop,0.2,先行列車が前方に塞がり駅間停車防止モード。target_speed_no_stop以下での不要なブレーキとノコギリ運転により評価を低下させ0.2とした。
145.59999999999985,Train11,次駅への減速フェーズ（駅手前400m以内）,ブレーキ（減速）中,1.7000000000000004,力行（加速）,0.1,70.0,17.0,36.46,36.5,63.4,32.4,62.74438140991766,0.0,9.2,この先制限速度なし,この先目立った勾配なし,前方63.8m先を0.0km/h,後続列車なし,0.0,0.0,未発車,55.0,36.5,3.6,anti_mid_stop,0.0,CBTC信号速度17km/hを2km/h以上超過し36.5km/hで走行しているため安全違反となり即0.0とした。
68.0,Train11,巡航フェーズ（駅間走行中）,力行（加速）中,12.0,ブレーキ（減速）,6.0,70.0,70.0,56.68,64.7,1334.1,91.0,168.44256112148327,0.0,0.0,この先制限速度なし,344m先に上り勾配12.5‰あり,前方1267.7m先を24.9km/h,後続列車なし,5.0,49.0,未発車,85.0,64.7,0.0,normal,0.4,制限速度・CBTCは遵守しているが、ブレーキ→力行の短時間切替がノコギリ運転と判定され、reward上限が0.4に抑えられた。
116.0,Train11,巡航フェーズ（駅間走行中）,惰行中,8.0,力行（加速）,6.0,70.0,70.0,59.05,59.0,697.6,62.0,182.53427260005523,0.0,0.0,この先制限速度なし,107m先に上り勾配6.1‰あり,前方698.0m先を0.0km/h,後続列車なし,0.0,11.0,未発車,70.0,59.0,0.0,normal,1.0,巡航フェーズでrequired_speedと一致し惰行を維持、制限速度・CBTC遵守、停止位置も十分確保されており全項目で問題なし。
162.89999999999984,Train11,次駅への減速フェーズ（駅手前400m以内）,ブレーキ（減速）中,0.7,惰行,0.1,70.0,16.7,37.65,37.6,62.9,15.1,66.87100485849948,0.0,9.2,この先制限速度なし,この先目立った勾配なし,前方63.2m先を0.0km/h,後続列車なし,5.0,0.0,未発車,55.0,37.6,15.9,anti_mid_stop,0.0,CBTC信号速度16.7km/hを大幅に上回る37.6km/hで走行しており、即時0点ルールに該当するためrewardは0.0。
118.0,Train11,巡航フェーズ（駅間走行中）,惰行中,16.0,力行（加速）,13.0,70.0,70.0,53.24,53.4,551.5,51.0,137.73192016365599,0.0,6.1,この先制限速度なし,361m先に上り勾配9.2‰あり,前方536.4m先を12.0km/h,後続列車なし,0.0,39.0,未発車,40.0,49.5,0.0,normal,1.0,全ての安全基準を満たし、必要速度付近で安定した惰行を維持しているため高評価。
87.0,Train11,巡航フェーズ（駅間走行中）,力行（加速）中,1.0,惰行,10.0,70.0,70.0,62.39,70.0,975.0,61.0,174.37653997065593,0.0,12.5,この先制限速度なし,この先目立った勾配なし,前方810.3m先を39.5km/h,後続列車なし,5.0,60.0,未発車,55.0,70.0,0.0,normal,1.0,現在速度が制限・CBTC内でrequired_speed未達のため加速は適切、前方列車との間隔も安全、ノコギリ運転なしで安全基準を全て満たす。
120.0,Train11,巡航フェーズ（駅間走行中）,力行（加速）中,6.0,ブレーキ（減速）,6.0,70.0,70.0,49.26,49.3,626.7,58.0,127.82467604258369,0.0,0.0,この先制限速度なし,36m先に上り勾配6.1‰あり,前方627.1m先を0.0km/h,後続列車なし,5.0,27.0,未発車,55.0,49.3,0.0,normal,0.3,巡航フェーズでrequired_speedに達しているのに不要な力行を続け、6秒未満のブレーキ→力行切替に合理的理由がなくノコギリ運転と判断したため0.3とした。
123.0,Train11,巡航フェーズ（駅間走行中）,惰行中,15.0,力行（加速）,6.0,70.0,70.0,57.54,57.5,584.2,55.0,160.46329448374024,0.0,6.1,この先制限速度なし,394m先に上り勾配9.2‰あり,前方584.5m先を0.0km/h,後続列車なし,0.0,4.0,未発車,70.0,57.5,0.0,normal,0.8,required_speedと一致した惰行で安全かつ定時、CBTC・制限速度遵守。先行列車との間隔が標準より短く軽減。
90.0,Train11,巡航フェーズ（駅間走行中）,力行（加速）中,30.0,ブレーキ（減速）,6.0,70.0,70.0,61.47,64.6,1262.6,88.0,197.47416496924237,0.0,0.0,この先制限速度なし,272m先に上り勾配12.5‰あり,前方1263.0m先を0.0km/h,後続列車なし,0.0,22.0,未発車,85.0,64.6,0.0,normal,0.9,required_speed未達で加速は妥当、制限速度・CBTC遵守、ノコギリ運転なし、先行列車との間隔も安全なため高評価。
42.0,Train11,巡航フェーズ（駅間走行中）,惰行中,3.0,力行（加速）,40.0,70.0,70.0,56.94,70.0,1746.3,51.0,186.61416304650905,0.0,-6.7,この先制限速度なし,この先目立った勾配なし,前方873.3m先を62.9km/h,後続列車なし,5.0,105.0,未発車,55.0,56.6,0.0,anti_mid_stop,0.9,先行列車が前方に塞いでいるため駅間停車防止モードと判定し、現在速度56.9km/hはtarget_speed_no_stop56.6km/h付近で惰行は適切。制限・CBTC遵守、間隔・エネルギー面も問題なし。
87.0,Train11,巡航フェーズ（駅間走行中）,惰行中,7.0,力行（加速）,6.0,70.0,70.0,58.62,58.6,1028.2,91.0,179.93777161014063,0.0,0.0,この先制限速度なし,38m先に上り勾配12.5‰あり,前方1028.6m先を0.5km/h,後続列車なし,5.0,30.0,未発車,85.0,58.6,0.0,anti_mid_stop,1.0,先行列車が次駅未発車で駅間停車防止モード。現在速度が target_speed_no_stop と一致し惰行で維持しているため安全かつ効率的な運転と判断。
105.0,Train11,巡航フェーズ（駅間走行中）,惰行中,3.0,力行（加速）,13.0,70.0,70.0,56.31,70.0,750.1,51.0,166.291058920527,0.0,0.0,この先制限速度なし,160m先に上り勾配6.1‰あり,前方661.3m先を28.9km/h,後続列車なし,0.0,52.0,未発車,40.0,50.8,0.0,anti_mid_stop,0.9,先行列車が塞いでいるため駅間停車防止モード。現在速度はtarget_speed_no_stop上限以内で惰行しており、制限・CBTC超過やノコギリ運転はなく安全かつ省エネに適切。
153.29999999999941,Train11,次駅への減速フェーズ（駅手前400m以内）,ブレーキ（減速）中,1.8000000000000005,惰行,0.1,70.0,0.0,15.8,15.8,7.3,24.7,11.874285032693104,0.0,9.2,この先制限速度なし,この先目立った勾配なし,前方7.7m先を0.0km/h,後続列車なし,0.0,0.0,未発車,55.0,15.8,11.3,anti_mid_stop,0.0,CBTC信号が0km/hなのに現在速度が15.8km/hで2km/h以上超過しているため、即時0点とした。
156.69999999999922,Train11,次駅への減速フェーズ（駅手前400m以内）,ブレーキ（減速）中,2.700000000000001,惰行,0.1,70.0,0.0,6.37,0.0,0.0,21.3,2.177521897929044,0.0,0.0,この先制限速度なし,この先目立った勾配なし,前方0.0m先を0.0km/h,後続列車なし,0.0,0.0,未発車,55.0,0.0,14.7,anti_mid_stop,0.0,CBTC信号0km/hを2km/h以上超過し即時0点ルールに該当するため、rewardは0.0とする。
120.0,Train11,巡航フェーズ（駅間走行中）,惰行中,25.0,力行（加速）,9.0,70.0,70.0,55.28,55.3,420.9,58.0,148.30952697211944,0.0,6.1,この先制限速度なし,230m先に上り勾配9.2‰あり,前方421.3m先を0.0km/h,後続列車なし,5.0,27.0,未発車,55.0,55.3,0.0,normal,1.0,現在速度がrequired_speedと一致し、制限速度・CBTCを遵守したまま惰行で巡航しており、ノコギリ運転や間隔問題もなく遅延もないため最高評価とした。
94.0,Train11,巡航フェーズ（駅間走行中）,力行（加速）中,3.0,惰行,6.0,70.0,70.0,53.08,70.0,1036.8,51.0,148.06872273599544,0.0,0.0,この先制限速度なし,46m先に上り勾配12.5‰あり,前方838.5m先を41.7km/h,後続列車なし,0.0,63.0,未発車,40.0,61.0,0.0,anti_mid_stop,0.9,先行列車が塞いでいるため駅間停車防止モードとなり、target_speed_no_stop(61km/h)以下での加速は適切で、CBTC・制限速度違反やノコギリ運転はなく安全かつ効率的。
116.0,Train11,巡航フェーズ（駅間走行中）,力行（加速）中,16.0,惰行,6.0,70.0,70.0,61.19,63.5,857.6,62.0,167.8538025095804,0.0,12.5,この先制限速度なし,この先目立った勾配なし,前方858.0m先を0.0km/h,後続列車なし,5.0,16.0,未発車,70.0,63.5,0.0,anti_mid_stop,0.9,先行列車が駅で停止しているため駅間停車防止モードと判定し、現在速度はtarget_speed_no_stop未満で加速中で安全かつ遅延なしの運転と判断した。
168.29999999999953,Train11,次駅への減速フェーズ（駅手前400m以内）,ブレーキ（減速）中,1.5000000000000002,力行（加速）,0.1,70.0,0.0,23.05,23.1,17.3,9.7,25.212271008774543,0.0,9.2,この先制限速度なし,この先目立った勾配なし,前方17.7m先を0.0km/h,後続列車なし,5.0,0.0,未発車,55.0,23.1,21.3,anti_mid_stop,0.0,CBTC信号が0km/hなのに現在速度が23.1km/hと2km/h以上超過しており、即時0点ルールに該当するためrewardは0.0とした。
102.0,Train11,巡航フェーズ（駅間走行中）,惰行中,2.0,力行（加速）,25.0,70.0,70.0,61.68,61.7,744.2,76.0,198.7966942332473,0.0,0.0,この先制限速度なし,154m先に上り勾配6.1‰あり,前方744.6m先を0.0km/h,後続列車なし,0.0,10.0,未発車,85.0,61.7,0.0,normal,1.0,required_speedと同等の惰行で走行し、制限速度・CBTC遵守、無駄な加速なし、ノコギリ運転なし、間隔適正のため最高評価。
162.1,Train11,次駅への減速フェーズ（駅手前400m以内）,ブレーキ（減速）中,5.199999999999999,惰行,45.0,70.0,29.2,33.39,33.4,89.9,15.9,52.69348097534675,0.0,9.2,この先制限速度なし,この先目立った勾配なし,前方90.3m先を0.3km/h,後続列車なし,5.0,0.0,未発車,55.0,33.4,15.1,anti_mid_stop,0.0,CBTC信号速度を2km/h超えて走行しているため安全違反となり即時0点とする。
148.19999999999993,Train11,次駅への減速フェーズ（駅手前400m以内）,ブレーキ（減速）中,2.300000000000001,力行（加速）,1.0,70.0,23.3,42.43,42.4,75.4,29.8,84.73674685754814,0.0,9.2,この先制限速度なし,この先目立った勾配なし,前方75.8m先を0.0km/h,後続列車なし,5.0,0.0,未発車,55.0,42.4,1.2,anti_mid_stop,0.0,CBTC信号速度23.3km/hを2km/h以上超えて42.4km/hで走行しているため即時0点とし、停車位置も過走リスクがある。
155.39999999999952,Train11,次駅への減速フェーズ（駅手前400m以内）,ブレーキ（減速）中,0.7999999999999999,力行（加速）,0.1,70.0,0.0,23.47,23.5,10.3,22.6,26.13556572235769,0.0,9.2,この先制限速度なし,この先目立った勾配なし,前方10.7m先を0.0km/h,後続列車なし,5.0,0.0,未発車,55.0,23.5,8.4,anti_mid_stop,0.0,CBTC信号0km/hを23.5km/hで超過し即時0.0ルールに該当するため、rewardは0.0とする。
162.29999999999924,Train11,次駅への減速フェーズ（駅手前400m以内）,ブレーキ（減速）中,5.1999999999999975,惰行,0.1,70.0,0.0,7.02,0.0,0.0,15.7,2.644140186220196,0.0,0.0,この先制限速度なし,この先目立った勾配なし,前方0.0m先を0.0km/h,後続列車なし,5.0,0.0,未発車,40.0,0.0,0.3,normal,0.0,CBTC信号を2km/h以上超過しオーバーランが確実、さらにノコギリ運転が発生しているためrewardは0.0とする。
96.0,Train11,巡航フェーズ（駅間走行中）,力行（加速）中,13.0,惰行,6.0,70.0,70.0,58.38,64.4,1189.1,82.0,178.496214027242,0.0,0.0,この先制限速度なし,199m先に上り勾配12.5‰あり,前方1189.5m先を0.0km/h,後続列車なし,0.0,16.0,未発車,85.0,64.4,0.0,normal,0.9,巡航フェーズでrequired_speed未達のため加速は適切で、制限速度・CBTC遵守、ノコギリ運転なし。
149.09999999999977,Train11,次駅への減速フェーズ（駅手前400m以内）,ブレーキ（減速）中,1.5000000000000002,惰行,0.1,70.0,0.0,34.02,34.0,49.2,28.9,54.685917590974555,0.0,9.2,この先制限速度なし,この先目立った勾配なし,前方49.5m先を0.0km/h,後続列車なし,5.0,0.0,未発車,70.0,34.0,17.1,anti_mid_stop,0.0,CBTC信号が0km/hであるにも関わらず34km/hで走行し信号速度超過となっているため、安全違反とみなし即時0.0とした。
150.59999999999997,Train11,次駅への減速フェーズ（駅手前400m以内）,ブレーキ（減速）中,3.7000000000000006,力行（加速）,3.0,70.0,27.3,36.21,36.2,84.9,27.4,61.8937917894383,0.0,9.2,この先制限速度なし,この先目立った勾配なし,前方85.2m先を0.0km/h,後続列車なし,0.0,0.0,未発車,55.0,36.2,8.6,anti_mid_stop,0.0,CBTC信号27.3km/hを2km/h超える36.2km/hで走行しており、安全違反の即時0点ルールが適用されるためrewardは0.0となる。
48.0,Train11,巡航フェーズ（駅間走行中）,力行（加速）中,49.0,ブレーキ（減速）,30.0,70.0,70.0,63.44,70.0,1644.0,96.0,230.5235605020014,0.0,-6.7,この先制限速度なし,この先目立った勾配なし,前方1434.0m先を42.9km/h,後続列車なし,0.0,64.0,未発車,85.0,70.0,0.0,normal,1.0,制限速度・CBTCを遵守し、先行列車との間隔も適正。required_speed未達での力行は妥当で、ノコギリ運転もなし。
150.99999999999966,Train11,次駅への減速フェーズ（駅手前400m以内）,ブレーキ（減速）中,3.4000000000000017,惰行,0.1,70.0,0.0,28.4,28.4,32.7,27.0,38.19839874689028,0.0,9.2,この先制限速度なし,この先目立った勾配なし,前方33.1m先を0.0km/h,後続列車なし,5.0,0.0,未発車,70.0,28.4,19.0,anti_mid_stop,0.0,CBTC信号が0km/hなのに現在速度28.4km/hで走行し、signal_speed+2km/hを超えているため即時0点とした。
109.0,Train11,巡航フェーズ（駅間走行中）,惰行中,1.0,力行（加速）,6.0,70.0,70.0,61.15,61.9,813.9,69.0,167.63841178358615,0.0,12.5,この先制限速度なし,この先目立った勾配なし,前方814.3m先を0.0km/h,後続列車なし,0.0,18.0,未発車,70.0,61.9,0.0,normal,0.2,制限速度・CBTCは遵守しているが、required_speed未達の惰行と力行→惰行の短時間切替がノコギリ運転とみなされ、評価上限が低くなるため0.2とした。
60.0,Train11,巡航フェーズ（駅間走行中）,力行（加速）中,12.0,惰行,7.0,70.0,70.0,64.82,70.0,1442.7,61.0,219.06512860534434,0.0,0.0,この先制限速度なし,452m先に上り勾配12.5‰あり,前方967.3m先を59.7km/h,後続列車なし,0.0,82.0,未発車,55.0,69.1,0.0,normal,0.9,先行列車が十分に先行し制限・CBTCを遵守、required_speed未達で加速は必要かつ適切なため高評価。
48.0,Train11,巡航フェーズ（駅間走行中）,力行（加速）中,1.0,惰行,8.0,70.0,70.0,57.15,70.0,1651.2,40.0,187.96454854790775,0.0,-6.7,この先制限速度なし,この先目立った勾配なし,前方708.6m先を62.5km/h,後続列車なし,0.0,109.0,未発車,40.0,49.6,0.0,anti_mid_stop,0.3,先行が塞いで駅間停車防止モード。target_speed_no_stop 49.6km/h を超える57.1km/h の力行は過剰加速で機外停車リスクを高めたため減点し0.3とする。
95.0,Train11,巡航フェーズ（駅間走行中）,惰行中,5.0,力行（加速）,16.0,70.0,70.0,57.05,70.0,1003.1,45.0,170.60718367600956,0.0,0.0,この先制限速度なし,13m先に上り勾配12.5‰あり,前方755.7m先を46.6km/h,後続列車なし,5.0,67.0,未発車,40.0,55.8,0.0,anti_mid_stop,1.0,先行列車が前方で塞いでいるため駅間停車防止モードと判定し、target_speed_no_stop以下で惰行している点が適切で、速度も上限超過なく安全・省エネに優れるため高評価。
156.49999999999923,Train11,次駅への減速フェーズ（駅手前400m以内）,ブレーキ（減速）中,2.500000000000001,惰行,0.1,70.0,0.0,6.95,0.0,0.0,21.5,2.591718566925803,0.0,0.0,この先制限速度なし,この先目立った勾配なし,前方0.0m先を0.0km/h,後続列車なし,0.0,0.0,未発車,55.0,0.0,14.5,anti_mid_stop,0.0,CBTC信号0km/hを2km/h以上超過し7km/hで走行しているため即時0点ルールが適用され、rewardは0.0となる。
105.0,Train11,巡航フェーズ（駅間走行中）,惰行中,3.0,力行（加速）,19.0,70.0,70.0,62.01,64.9,1037.0,73.0,200.88334322277228,0.0,0.0,この先制限速度なし,47m先に上り勾配12.5‰あり,前方1037.4m先を0.0km/h,後続列車なし,0.0,7.0,未発車,85.0,64.9,0.0,normal,0.2,巡航フェーズでrequired_speed未達のまま惰行を続け、遅延を拡大させるため大幅減点し0.2とする。
148.4999999999997,Train11,次駅への減速フェーズ（駅手前400m以内）,力行（加速）中,0.1,ブレーキ（減速）,0.2,70.0,0.0,28.73,28.7,37.4,29.5,39.08621710345615,0.0,9.2,この先制限速度なし,この先目立った勾配なし,前方37.8m先を0.0km/h,後続列車なし,0.0,0.0,未発車,55.0,28.7,6.5,anti_mid_stop,0.0,CBTC信号0km/hを2km/h以上超過し、次駅減速フェーズで不適切に加速したため即時0点とした。
94.0,Train11,巡航フェーズ（駅間走行中）,惰行中,23.0,力行（加速）,6.0,70.0,70.0,59.67,60.9,872.0,76.0,159.76146022444905,0.0,12.5,この先制限速度なし,この先目立った勾配なし,前方860.0m先を10.7km/h,後続列車なし,5.0,38.0,未発車,70.0,60.9,0.0,normal,0.7,巡航フェーズでrequired_speed未達のまま長時間惰行し、必要な加速が遅れたため軽度のちんたら運転と判断し減点した。
155.19999999999965,Train11,次駅への減速フェーズ（駅手前400m以内）,ブレーキ（減速）中,1.8000000000000005,力行（加速）,0.1,70.0,0.0,27.14,27.1,29.4,22.8,34.901105890532186,0.0,9.2,この先制限速度なし,この先目立った勾配なし,前方29.7m先を0.0km/h,後続列車なし,5.0,6.8,未発車,40.0,27.1,0.0,normal,0.0,CBTC信号0km/hに対し現在速度27.1km/hが2km/h以上超過しており、安全違反のため即座にreward=0.0とする。
146.89999999999984,Train11,次駅への減速フェーズ（駅手前400m以内）,ブレーキ（減速）中,7.999999999999989,惰行,43.0,70.0,21.4,23.96,24.0,71.3,31.1,27.2335049040327,0.0,9.2,この先制限速度なし,この先目立った勾配なし,前方71.7m先を0.0km/h,後続列車なし,5.0,0.1,未発車,55.0,24.0,0.0,normal,0.0,CBTC信号速度21.4km/hを2km/h超える24km/hで走行しており、即0.0ルールが適用されたためrewardは0.0となる。
106.0,Train11,巡航フェーズ（駅間走行中）,惰行中,4.0,力行（加速）,13.0,70.0,70.0,56.11,70.0,734.5,51.0,165.13355339139738,0.0,0.0,この先制限速度なし,144m先に上り勾配6.1‰あり,前方653.5m先を27.6km/h,後続列車なし,0.0,51.0,未発車,40.0,50.5,0.0,anti_mid_stop,0.9,先行列車が前方に塞ぎ、target_speed_no_stop以下での惰行が適切であり、速度は上限＋5km/h以内で安全・省エネに優れるため高評価。
99.0,Train11,巡航フェーズ（駅間走行中）,惰行中,4.0,力行（加速）,9.0,70.0,70.0,61.92,61.9,765.8,61.0,200.31324086973765,0.0,0.0,この先制限速度なし,175m先に上り勾配6.1‰あり,前方706.2m先を23.6km/h,後続列車なし,5.0,48.0,未発車,55.0,56.0,0.0,anti_mid_stop,0.9,先行列車が前方で低速塞いでいるため駅間停車防止モード。現在速度はtarget_speed_no_stopの許容範囲内で惰行し、制限・CBTC遵守、間隔も安全であるため高評価。
80.0,Train11,巡航フェーズ（駅間走行中）,力行（加速）中,37.0,ブレーキ（減速）,6.0,70.0,70.0,64.51,70.0,1264.3,76.0,217.02310318214154,0.0,0.0,この先制限速度なし,274m先に上り勾配12.5‰あり,前方1175.5m先を28.9km/h,後続列車なし,5.0,52.0,未発車,70.0,70.0,0.0,normal,1.0,巡航フェーズでrequired_speed未達のため加速は妥当、速度は制限・CBTC内、前方列車との間隔も十分で安全・定時性に問題なし。
125.0,Train11,巡航フェーズ（駅間走行中）,惰行中,23.0,力行（加速）,13.0,70.0,70.0,50.44,50.4,450.8,52.0,123.82524953726308,0.0,6.1,この先制限速度なし,260m先に上り勾配9.2‰あり,前方450.1m先を3.0km/h,後続列車なし,0.0,32.0,未発車,40.0,50.4,0.0,normal,1.0,巡航フェーズでrequired_speedと一致し惰行を継続、制限速度・CBTC遵守、ノコギリ運転なしで安全かつ省エネ。
153.49999999999974,Train11,次駅への減速フェーズ（駅手前400m以内）,ブレーキ（減速）中,0.1,力行（加速）,0.1,70.0,0.0,32.16,32.2,43.3,24.5,48.90816132044228,0.0,9.2,この先制限速度なし,この先目立った勾配なし,前方43.7m先を0.0km/h,後続列車なし,5.0,8.5,未発車,40.0,32.2,0.0,normal,0.0,CBTC信号0km/hを大幅に超過し、delta_stopが‑5.61mでオーバーランが確実なため即0.0とした。
110.0,Train11,巡航フェーズ（駅間走行中）,ブレーキ（減速）中,4.0,力行（加速）,10.0,70.0,70.0,49.4,70.0,768.2,46.0,128.54142044443827,0.0,0.0,この先制限速度なし,178m先に上り勾配6.1‰あり,前方679.4m先を28.9km/h,後続列車なし,5.0,52.0,未発車,40.0,51.9,0.0,anti_mid_stop,0.2,先行列車が塞いでいるためtarget_speed_no_stop以下で走行すべきだが、不要なブレーキで速度をさらに低下させ遅延とエネルギー浪費を招くため低評価。
158.39999999999924,Train11,次駅への減速フェーズ（駅手前400m以内）,ブレーキ（減速）中,3.5000000000000018,力行（加速）,0.1,70.0,0.0,7.2,0.0,0.0,19.6,2.7813435936246345,0.0,0.0,この先制限速度なし,この先目立った勾配なし,前方0.0m先を0.0km/h,後続列車なし,5.0,0.0,未発車,70.0,0.0,26.4,normal,0.0,CBTC信号0km/hを2km/h以上超過し、delta_stopが-2.78mでオーバーランが確実なためrewardは0.0とした。
139.0,Train11,次駅への減速フェーズ（駅手前400m以内）,力行（加速）中,6.0,惰行,6.0,70.0,55.7,50.56,50.6,200.2,39.0,124.40666789176346,0.0,6.1,この先制限速度なし,10m先に上り勾配9.2‰あり,前方200.5m先を0.0km/h,後続列車なし,5.0,8.0,未発車,55.0,50.6,0.0,anti_mid_stop,0.1,先行列車が停止している状態で加速し、target_speed_no_stop を超える力行とノコギリ運転により機外停車リスクと安全性が著しく低下したため低評価。
152.09999999999988,Train11,次駅への減速フェーズ（駅手前400m以内）,ブレーキ（減速）中,5.199999999999997,力行（加速）,3.0,70.0,21.1,31.77,31.8,70.7,25.9,47.736888758232055,0.0,9.2,この先制限速度なし,この先目立った勾配なし,前方71.1m先を0.0km/h,後続列車なし,0.0,0.0,未発車,55.0,31.8,10.1,anti_mid_stop,0.0,CBTC信号速度21.1km/hを2km/h以上超えて31.8km/hで走行しているため即時0点ルールが適用され、rewardは0.0となる。
85.0,Train11,巡航フェーズ（駅間走行中）,惰行中,3.0,力行（加速）,39.0,70.0,70.0,65.54,69.8,1173.4,76.0,223.8423893435798,0.0,0.0,この先制限速度なし,183m先に上り勾配12.5‰あり,前方1120.1m先を22.3km/h,後続列車なし,5.0,47.0,未発車,70.0,69.8,0.0,normal,0.6,巡航フェーズでrequired_speed(69.8km/h)に達していないまま惰行を続け、加速不足による遅延リスクがあるが、速度・CBTC遵守・列間隔・エネルギーは良好。
155.59999999999968,Train11,次駅への減速フェーズ（駅手前400m以内）,ブレーキ（減速）中,1.3,力行（加速）,1.6000000000000003,70.0,0.0,28.07,28.1,41.2,22.4,37.320637376143004,0.0,9.2,この先制限速度なし,この先目立った勾配なし,前方41.5m先を0.0km/h,後続列車なし,0.0,0.0,未発車,55.0,28.1,13.6,anti_mid_stop,0.0,CBTC信号が0km/hであるにも関わらず列車が28.1km/hで走行しており、安全違反となるためrewardは0.0とする。
40.0,Train11,巡航フェーズ（駅間走行中）,惰行中,1.0,力行（加速）,40.0,70.0,70.0,56.87,70.0,1777.9,40.0,186.16505544331773,0.0,-6.7,この先制限速度なし,この先目立った勾配なし,前方695.2m先を63.2km/h,後続列車なし,0.0,117.0,未発車,40.0,49.2,0.0,anti_mid_stop,0.7,駅間停車防止モードで target_speed_no_stop 49.2km/h を5km/h超える速度で走行しており、過剰速度と判断して減点した。
143.99999999999994,Train11,次駅への減速フェーズ（駅手前400m以内）,ブレーキ（減速）中,0.1,力行（加速）,0.1,70.0,25.6,41.22,41.2,80.7,34.0,80.01970004020598,0.0,9.2,この先制限速度なし,この先目立った勾配なし,前方81.1m先を0.0km/h,後続列車なし,0.0,0.0,未発車,55.0,41.2,2.0,anti_mid_stop,0.0,CBTC信号速度25.6km/hを15km/h以上超えて走行しており、即時0点ルールが適用されるためrewardは0.0となる。
161.39999999999992,Train11,次駅への減速フェーズ（駅手前400m以内）,ブレーキ（減速）中,1.5000000000000002,惰行,6.0,70.0,25.1,41.86,41.9,79.4,16.6,82.49829152162175,0.0,9.2,この先制限速度なし,この先目立った勾配なし,前方79.8m先を0.0km/h,後続列車なし,5.0,0.0,未発車,55.0,41.9,14.4,anti_mid_stop,0.0,CBTC信号25.1km/hを大幅に上回る41.9km/hで走行し即時0.0ルールに該当するため評価は0.0とした。
104.0,Train11,巡航フェーズ（駅間走行中）,惰行中,2.0,力行（加速）,13.0,70.0,70.0,56.51,70.0,765.8,51.0,167.45240283392212,0.0,0.0,この先制限速度なし,175m先に上り勾配6.1‰あり,前方668.8m先を30.2km/h,後続列車なし,0.0,53.0,未発車,40.0,51.1,0.0,anti_mid_stop,0.9,先行列車が前方に遅く塞いでいるため駅間停車防止モード。現在速度はtarget_speed_no_stop＋5km/h以内で惰行し、過加速やノコギリ運転はなく安全かつ省エネで適切と判断した。
60.0,Train11,巡航フェーズ（駅間走行中）,力行（加速）中,4.0,惰行,9.0,70.0,70.0,56.14,70.0,1586.0,36.0,165.30693441950265,0.0,0.0,この先制限速度なし,この先目立った勾配なし,前方765.3m先を62.5km/h,後続列車なし,5.0,102.0,未発車,40.0,63.0,0.0,anti_mid_stop,0.9,先行列車が前方に塞いでいるため駅間停車防止モードと判定し、target_speed_no_stop以下での加速は適切であり、他の安全項目に問題なし。
129.0,Train11,次駅への減速フェーズ（駅手前400m以内）,惰行中,27.0,力行（加速）,13.0,70.0,70.0,48.87,48.9,395.6,49.0,116.33917128901847,0.0,6.1,この先制限速度なし,205m先に上り勾配9.2‰あり,前方396.0m先を0.0km/h,後続列車なし,0.0,28.0,未発車,40.0,48.9,0.0,normal,0.9,現在速度が必要速度と一致し、制限速度・CBTC信号を遵守。停止余裕が十分で惰行を継続しており、停車位置達成も可能なため高評価。
150.29999999999993,Train11,次駅への減速フェーズ（駅手前400m以内）,ブレーキ（減速）中,6.399999999999995,惰行,5.0,70.0,23.4,40.86,40.9,75.6,27.7,78.64167247158032,0.0,9.2,この先制限速度なし,この先目立った勾配なし,前方76.0m先を0.0km/h,後続列車なし,5.0,11.7,未発車,40.0,40.9,0.0,normal,0.0,CBTC信号速度23.4km/hを2km/h以上超えて走行しているため安全違反とみなし、即座にrewardを0.0とする。
77.0,Train11,巡航フェーズ（駅間走行中）,力行（加速）中,6.0,惰行,6.0,70.0,70.0,61.57,70.0,1307.0,40.0,198.10342271208094,0.0,0.0,この先制限速度なし,317m先に上り勾配12.5‰あり,前方781.4m先を61.0km/h,後続列車なし,5.0,85.0,未発車,40.0,59.6,0.0,anti_mid_stop,0.3,先行列車が塞ぎ駅間停車防止モードで、速度はtarget_speed_no_stop上限内だが、6秒未満の力行と惰行の切替に合理的根拠がなくノコギリ運転とみなしたため上限0.3点に抑えた。
158.9999999999992,Train11,次駅への減速フェーズ（駅手前400m以内）,ブレーキ（減速）中,4.100000000000001,力行（加速）,0.1,70.0,0.0,5.45,0.0,0.0,19.0,1.594329087821642,0.0,0.0,この先制限速度なし,この先目立った勾配なし,前方0.0m先を0.0km/h,後続列車なし,5.0,0.0,未発車,70.0,0.0,27.0,anti_mid_stop,0.0,CBTC信号0km/hを2km/h以上超過し安全違反となったためrewardは0.0とした。
156.69999999999973,Train11,次駅への減速フェーズ（駅手前400m以内）,ブレーキ（減速）中,0.5,力行（加速）,0.1,70.0,14.0,19.34,19.3,58.9,21.3,17.77163975001988,0.0,9.2,この先制限速度なし,この先目立った勾配なし,前方59.3m先を0.0km/h,後続列車なし,0.0,0.3,未発車,40.0,19.3,0.0,normal,0.0,CBTC信号速度14km/hを2km/h超えて19.3km/hで走行しており、即時0点ルールに該当するためrewardは0.0とする。
54.0,Train11,巡航フェーズ（駅間走行中）,力行（加速）中,6.0,惰行,9.0,70.0,70.0,60.18,70.0,1553.8,53.0,189.44134798648605,0.0,0.0,この先制限速度なし,この先目立った勾配なし,前方890.6m先を62.7km/h,後続列車なし,5.0,93.0,未発車,55.0,67.1,0.0,normal,1.0,required_speed未達で適切に力行し、制限速度・CBTC遵守、先行列車との間隔適正、停止余裕大、ノコギリ運転なし。
160.59999999999997,Train11,次駅への減速フェーズ（駅手前400m以内）,ブレーキ（減速）中,0.7,惰行,6.0,70.0,28.8,44.24,44.2,89.0,17.4,92.03772539943618,0.0,9.2,この先制限速度なし,この先目立った勾配なし,前方89.4m先を0.0km/h,後続列車なし,5.0,0.0,未発車,55.0,44.2,13.6,anti_mid_stop,0.0,CBTC信号速度28.8km/hを2km/h超える44.2km/hで走行し安全違反となるためrewardは0.0とする。
125.0,Train11,巡航フェーズ（駅間走行中）,惰行中,17.0,力行（加速）,6.0,70.0,70.0,56.71,56.7,552.4,53.0,155.946751790018,0.0,6.1,この先制限速度なし,362m先に上り勾配9.2‰あり,前方552.8m先を0.0km/h,後続列車なし,0.0,2.0,未発車,70.0,56.7,0.0,normal,1.0,巡航フェーズでrequired_speedと一致し惰行を継続、制限速度・CBTC遵守、停止余裕大、先行列車との間隔安全、エネルギー効率良好のため高評価。
99.0,Train11,巡航フェーズ（駅間走行中）,力行（加速）中,2.0,惰行,6.0,70.0,70.0,61.4,70.0,928.5,46.0,168.98675879943295,0.0,12.5,この先制限速度なし,この先目立った勾配なし,前方730.2m先を41.7km/h,後続列車なし,5.0,63.0,未発車,40.0,68.6,0.0,anti_mid_stop,0.9,先行列車が塞いでいるため駅間停車防止モード。target_speed_no_stop以下で加速しており、CBTC・制限速度遵守、間隔安全、ノコギリ運転なしで適切な操作。
88.0,Train11,巡航フェーズ（駅間走行中）,惰行中,8.0,力行（加速）,6.0,70.0,70.0,58.42,58.4,1012.0,90.0,178.73609263502044,0.0,0.0,この先制限速度なし,21m先に上り勾配12.5‰あり,前方1012.3m先を0.0km/h,後続列車なし,5.0,29.0,未発車,85.0,58.4,0.0,normal,1.0,現在速度がrequired_speedと一致し惰行が適切で、制限速度・CBTC信号を遵守、他の評価項目に問題がないため高評価。
157.2999999999997,Train11,次駅への減速フェーズ（駅手前400m以内）,ブレーキ（減速）中,1.0999999999999999,力行（加速）,0.1,70.0,11.4,17.59,17.6,55.8,20.7,14.709160686117626,0.0,9.2,この先制限速度なし,この先目立った勾配なし,前方56.2m先を0.0km/h,後続列車なし,0.0,0.0,未発車,40.0,17.6,0.3,normal,0.0,CBTC信号速度11.4km/hを2km/h超えて走行しており、即時0点ルールが適用されるためrewardは0.0となる。
162.59999999999974,Train11,次駅への減速フェーズ（駅手前400m以内）,ブレーキ（減速）中,1.7000000000000004,惰行,0.1,70.0,16.6,20.91,20.9,62.7,15.4,20.76335592154705,0.0,9.2,この先制限速度なし,この先目立った勾配なし,前方63.1m先を0.0km/h,後続列車なし,0.0,0.0,未発車,40.0,20.9,5.6,anti_mid_stop,0.0,CBTC信号速度16.6km/hを2km/h超える20.9km/hで走行しており、安全違反の即時0点ルールが適用されたためreward=0.0。
161.9999999999999,Train11,次駅への減速フェーズ（駅手前400m以内）,ブレーキ（減速）中,2.1000000000000005,惰行,6.0,70.0,22.0,40.07,40.1,72.6,16.0,75.65855748225067,0.0,9.2,この先制限速度なし,この先目立った勾配なし,前方73.0m先を0.0km/h,後続列車なし,5.0,0.0,未発車,55.0,40.1,15.0,anti_mid_stop,0.0,CBTC信号速度22km/hを大幅に超える40.1km/hで走行し、即時0.0の安全違反となるため評価は0.0とする。
145.0,Train11,次駅への減速フェーズ（駅手前400m以内）,ブレーキ（減速）中,6.1,惰行,9.0,70.0,30.7,45.34,45.3,94.3,33.0,96.61771374202701,0.0,9.2,この先制限速度なし,この先目立った勾配なし,前方94.7m先を0.0km/h,後続列車なし,5.0,0.0,未発車,70.0,45.3,13.0,normal,0.0,CBTC信号速度30.7km/hを大幅に超えて45.3km/hで走行しているため即時0点ルールが適用され、rewardは0.0となる。
125.0,Train11,巡航フェーズ（駅間走行中）,力行（加速）中,44.0,ブレーキ（減速）,6.0,70.0,70.0,64.29,70.0,956.5,52.0,184.94493354230417,0.0,12.5,この先制限速度なし,この先目立った勾配なし,前方955.9m先を3.0km/h,後続列車なし,0.0,32.0,未発車,40.0,70.0,0.0,normal,1.0,巡航フェーズでrequired_speed未達だが、必要な加速が継続されCBTC・制限速度を遵守、ノコギリ運転なし、先行列車との間隔も安全なため高評価。
132.0,Train11,次駅への減速フェーズ（駅手前400m以内）,惰行中,37.0,力行（加速）,9.0,70.0,63.6,50.45,50.5,244.8,46.0,123.87365105715362,0.0,6.1,この先制限速度なし,54m先に上り勾配9.2‰あり,前方245.1m先を0.0km/h,後続列車なし,5.0,15.0,未発車,55.0,50.5,0.0,anti_mid_stop,1.0,先行列車が駅で停車中のため駅間停車防止モード。target_speed_no_stop を維持した惰行は適切で安全・定時・省エネに問題なし。
58.0,Train11,巡航フェーズ（駅間走行中）,惰行中,6.0,力行（加速）,53.0,70.0,70.0,64.87,68.7,1463.2,96.0,219.39532543635656,0.0,0.0,この先制限速度なし,473m先に上り勾配12.5‰あり,前方1357.6m先を31.5km/h,後続列車なし,0.0,54.0,未発車,85.0,68.7,0.0,normal,0.3,巡航フェーズでrequired_speed(68.7km/h)に達しておらず、加速すべきところを惰行で速度不足が続くため大幅な遅延リスクと判断し0.3とした。
155.2999999999997,Train11,次駅への減速フェーズ（駅手前400m以内）,ブレーキ（減速）中,0.9999999999999999,力行（加速）,1.6000000000000003,70.0,0.0,28.96,29.0,43.5,22.7,39.71094375892802,0.0,9.2,この先制限速度なし,この先目立った勾配なし,前方43.9m先を0.0km/h,後続列車なし,0.0,0.0,未発車,55.0,29.0,13.3,anti_mid_stop,0.0,CBTC信号が0km/hなのに現在速度が29km/hと2km/h以上超過しているため、即時0点とする。
158.19999999999925,Train11,次駅への減速フェーズ（駅手前400m以内）,ブレーキ（減速）中,3.3000000000000016,力行（加速）,0.1,70.0,0.0,7.79,0.0,0.0,19.8,3.255338977956501,0.0,0.0,この先制限速度なし,この先目立った勾配なし,前方0.0m先を0.0km/h,後続列車なし,5.0,0.0,未発車,70.0,0.0,26.2,anti_mid_stop,0.0,CBTC信号が0km/hの停止指示にも関わらず7.8km/hで走行し、signal_speed+2km/hを超過しているため即時0点とした。
151.59999999999985,Train11,次駅への減速フェーズ（駅手前400m以内）,ブレーキ（減速）中,7.69999999999999,惰行,5.0,70.0,15.9,36.99,37.0,61.6,26.4,64.56641345000291,0.0,9.2,この先制限速度なし,この先目立った勾配なし,前方61.9m先を0.0km/h,後続列車なし,5.0,10.4,未発車,40.0,37.0,0.0,normal,0.0,CBTC信号速度を大幅に超過し安全基準違反のため即座に0点とする。
164.89999999999915,Train11,次駅への減速フェーズ（駅手前400m以内）,ブレーキ（減速）中,0.1,力行（加速）,0.1,70.0,0.0,3.76,3.8,0.1,13.1,0.6745230630545973,0.0,9.2,この先制限速度なし,この先目立った勾配なし,前方0.4m先を0.0km/h,後続列車なし,0.0,0.0,未発車,55.0,3.8,22.9,anti_mid_stop,0.0,CBTC信号0km/hに対し現在速度3.8km/hが2km/hを超えており、即時0点ルールが適用されたため。
54.0,Train11,巡航フェーズ（駅間走行中）,惰行中,7.0,力行（加速）,24.0,70.0,70.0,54.1,70.0,1677.1,35.0,168.80453708074972,0.0,-6.7,この先制限速度なし,この先目立った勾配なし,前方751.9m先を62.6km/h,後続列車なし,5.0,108.0,未発車,40.0,50.5,0.0,anti_mid_stop,0.9,先行列車が前方に塞いでいるため駅間停車防止モードと判定し、現在速度はtarget_speed_no_stop(50.5km/h)をわずか上回る惰行で適切。制限速度・CBTC超過なし。
90.0,Train11,巡航フェーズ（駅間走行中）,力行（加速）中,5.0,惰行,8.0,70.0,70.0,62.66,70.0,1085.3,44.0,205.02335239172257,0.0,0.0,この先制限速度なし,95m先に上り勾配12.5‰あり,前方768.8m先を52.9km/h,後続列車なし,5.0,72.0,未発車,40.0,57.0,0.0,anti_mid_stop,0.8,先行列車が塞いでいる駅間停車防止モードで、現在速度がtarget_speed_no_stopの上限＋5km/hをわずかに超えて力行しており、機外停車リスクがあるため減点し0.8とした。
122.0,Train11,巡航フェーズ（駅間走行中）,惰行中,5.0,力行（加速）,6.0,70.0,70.0,66.84,66.8,496.6,56.0,215.22406571444938,0.0,6.1,この先制限速度なし,306m先に上り勾配9.2‰あり,前方497.0m先を0.0km/h,後続列車なし,5.0,10.0,未発車,70.0,66.8,0.0,normal,0.5,加速後すぐ惰行へ切替が7秒未満で合理的理由がなくノコギリ運転と判定され、reward上限が0.5に制限されたため。
106.0,Train11,巡航フェーズ（駅間走行中）,惰行中,2.0,力行（加速）,15.0,70.0,70.0,58.29,60.0,804.7,66.0,152.57951161450566,0.0,12.5,この先制限速度なし,この先目立った勾配なし,前方797.9m先を8.1km/h,後続列車なし,0.0,36.0,未発車,55.0,60.0,0.0,normal,0.3,先行列車が遠くCBTC余裕があるにもかかわらずrequired_speed未達のまま惰行を続けたため、巡航フェーズでちんたら運転と判断し減点した。
57.0,Train11,巡航フェーズ（駅間走行中）,力行（加速）中,4.0,惰行,10.0,70.0,70.0,54.01,70.0,1594.2,36.0,153.21213856051153,0.0,0.0,この先制限速度なし,この先目立った勾配なし,前方721.3m先を62.9km/h,後続列車なし,5.0,105.0,未発車,40.0,61.9,0.0,anti_mid_stop,0.9,先行列車が前方で塞いでいるため駅間停車防止モード。現在速度はtarget_speed_no_stop未満で加速中であり、適切な加速と間隔を保っているため高評価とした。
158.59999999999997,Train11,次駅への減速フェーズ（駅手前400m以内）,ブレーキ（減速）中,5.6999999999999975,惰行,8.0,70.0,30.0,32.0,32.0,92.1,19.4,48.42595143168483,0.0,9.2,この先制限速度なし,この先目立った勾配なし,前方92.5m先を0.0km/h,後続列車なし,0.0,0.0,未発車,40.0,32.0,1.6,normal,0.2,次駅減速フェーズでdelta_stopが30m超の早過ぎるブレーキ開始となり、制御上大幅減点対象のためreward=0.2
90.0,Train11,巡航フェーズ（駅間走行中）,力行（加速）中,6.0,惰行,6.0,70.0,70.0,67.06,70.0,1105.7,61.0,234.08556136679212,0.0,0.0,この先制限速度なし,115m先に上り勾配12.5‰あり,前方972.2m先を35.5km/h,後続列車なし,5.0,57.0,未発車,55.0,70.0,0.0,normal,0.5,加速と惰行の切替が7秒未満で合理的理由がなくノコギリ運転と判定され、reward上限0.5点となった。
146.0,Train11,次駅への減速フェーズ（駅手前400m以内）,惰行中,2.0,力行（加速）,6.0,70.0,64.9,51.72,51.7,252.6,32.0,130.0944679349,0.0,6.1,この先制限速度なし,62m先に上り勾配9.2‰あり,前方253.0m先を0.0km/h,後続列車なし,0.0,11.0,未発車,40.0,51.7,0.0,anti_mid_stop,0.5,先行列車が停車しているため駅間停車防止モード。現在速度はtarget_speed_no_stopと一致し適切だが、力行→惰行の短時間切替がノコギリ運転と判定され、上限0.5点に抑えられた。
100.0,Train11,巡航フェーズ（駅間走行中）,惰行中,5.0,力行（加速）,9.0,70.0,70.0,61.7,61.7,748.7,61.0,198.92286602920777,0.0,0.0,この先制限速度なし,158m先に上り勾配6.1‰あり,前方695.4m先を22.3km/h,後続列車なし,5.0,47.0,未発車,55.0,55.7,0.0,anti_mid_stop,0.2,先行列車が塞いでいる駅間停車防止モードで、現在速度がtarget_speed_no_stop(55.7km/h)を5km/h超えており機外停車リスクがあるため減点し0.2とする。
155.6999999999998,Train11,次駅への減速フェーズ（駅手前400m以内）,ブレーキ（減速）中,0.7,惰行,0.1,70.0,17.8,21.56,21.6,64.6,22.3,22.06945062452019,0.0,9.2,この先制限速度なし,この先目立った勾配なし,前方65.0m先を0.0km/h,後続列車なし,0.0,1.3,未発車,40.0,21.6,0.0,normal,0.0,CBTC信号速度17.8km/hを2km/h超える21.6km/hで走行しており、即reward0.0ルールに該当するため評価は0.0とした。
81.0,Train11,巡航フェーズ（駅間走行中）,力行（加速）中,7.0,ブレーキ（減速）,6.0,70.0,70.0,51.01,70.0,1218.4,41.0,136.92200273360172,0.0,0.0,この先制限速度なし,228m先に上り勾配12.5‰あり,前方759.6m先を59.3km/h,後続列車なし,5.0,81.0,未発車,40.0,58.3,0.0,anti_mid_stop,0.9,先行列車が前方で塞いでいるため駅間停車防止モード。現在速度が target_speed_no_stop 未満での加速は適切で、制限・CBTC遵守、ノコギリ運転なし。
154.79999999999956,Train11,次駅への減速フェーズ（駅手前400m以内）,ブレーキ（減速）中,0.2,力行（加速）,0.1,70.0,0.0,25.24,25.2,14.4,23.2,30.206957938499773,0.0,9.2,この先制限速度なし,この先目立った勾配なし,前方14.8m先を0.0km/h,後続列車なし,5.0,0.0,未発車,55.0,25.2,7.8,anti_mid_stop,0.0,CBTC信号0km/hを25.2km/hで超過し、delta_stopが-15.81mでオーバーランが確実なため即時0点とした。
156.9999999999992,Train11,次駅への減速フェーズ（駅手前400m以内）,ブレーキ（減速）中,3.0000000000000013,惰行,0.1,70.0,0.0,5.5,0.0,0.0,21.0,1.623696747846627,0.0,0.0,この先制限速度なし,この先目立った勾配なし,前方0.0m先を0.0km/h,後続列車なし,0.0,0.0,未発車,55.0,0.0,15.0,anti_mid_stop,0.0,CBTC信号0km/hに対し5.5km/hで走行し2km/h以上超過しているため即0.0ルールが適用され、過走リスクもある。
53.0,Train11,巡航フェーズ（駅間走行中）,惰行中,10.0,力行（加速）,25.0,70.0,70.0,54.09,70.0,1650.2,35.0,168.74332232986157,0.0,-6.7,この先制限速度なし,この先目立った勾配なし,前方707.6m先を62.5km/h,後続列車なし,5.0,109.0,未発車,40.0,49.0,0.0,anti_mid_stop,0.9,先行列車が塞いでいるため駅間停車防止モード。現在速度はtarget_speed_no_stop付近で惰行しており、制限・CBTC超過やノコギリ運転はなく、遅延もないため高評価。
97.0,Train11,巡航フェーズ（駅間走行中）,惰行中,26.0,力行（加速）,6.0,70.0,70.0,57.73,58.9,823.1,76.0,149.7100584736577,0.0,12.5,この先制限速度なし,この先目立った勾配なし,前方818.4m先を6.9km/h,後続列車なし,5.0,35.0,未発車,70.0,58.9,0.0,normal,0.8,先行列車が約818m前方にあり、標準間隔70秒に対し実質約51秒分の距離しかないため間隔が不足し、安全余裕が低い点が減点要因となった。
152.79999999999956,Train11,次駅への減速フェーズ（駅手前400m以内）,ブレーキ（減速）中,5.1999999999999975,惰行,0.1,70.0,0.0,23.1,23.1,19.8,25.2,25.321325251309386,0.0,9.2,この先制限速度なし,この先目立った勾配なし,前方20.2m先を0.0km/h,後続列車なし,5.0,0.0,未発車,70.0,23.1,20.8,anti_mid_stop,0.0,CBTC信号0km/hに対し23.1km/hで走行し即時0点ルールに該当するため、rewardは0.0とする。
105.0,Train11,巡航フェーズ（駅間走行中）,惰行中,34.0,力行（加速）,6.0,70.0,70.0,55.23,55.2,698.4,73.0,160.08619486151667,0.0,0.0,この先制限速度なし,108m先に上り勾配6.1‰あり,前方698.8m先を0.0km/h,後続列車なし,5.0,27.0,未発車,70.0,55.2,0.0,normal,1.0,巡航フェーズでrequired_speedと一致し惰行を維持、制限速度・CBTC遵守、ノコギリ運転なし、先行列車との間隔安全、遅延0秒のため最高評価。
99.0,Train11,巡航フェーズ（駅間走行中）,惰行中,4.0,力行（加速）,6.0,70.0,70.0,56.87,58.3,834.3,79.0,145.35407861175372,0.0,12.5,この先制限速度なし,この先目立った勾配なし,前方834.7m先を0.0km/h,後続列車なし,5.0,18.0,未発車,85.0,58.3,0.0,anti_mid_stop,0.0,先行列車が0.4m先で停止しているのに56.9km/hで走行しており、衝突リスクがあるため即0.0とする。
132.0,Train11,巡航フェーズ（駅間走行中）,惰行中,2.0,力行（加速）,27.0,70.0,70.0,65.99,66.0,589.8,46.0,209.9056609296237,0.0,6.1,この先制限速度なし,399m先に上り勾配9.2‰あり,前方590.2m先を0.0km/h,後続列車なし,5.0,0.0,未発車,85.0,66.0,15.0,anti_mid_stop,1.0,先行が次駅で延着中の駅間停車防止モードで、現在速度がtarget_speed_no_stopと一致し惰行で維持、制限速度・CBTCを遵守しているため高評価。
163.79999999999922,Train11,次駅への減速フェーズ（駅手前400m以内）,惰行中,0.1,ブレーキ（減速）,0.6,70.0,0.0,6.15,6.2,1.5,14.2,1.8036191630623497,0.0,9.2,この先制限速度なし,この先目立った勾配なし,前方1.9m先を0.0km/h,後続列車なし,0.0,0.0,未発車,55.0,6.2,21.8,anti_mid_stop,0.0,CBTC信号現示0km/hを2km/h以上超過し安全違反となるため、即座にreward=0.0とする。
148.29999999999993,Train11,次駅への減速フェーズ（駅手前400m以内）,ブレーキ（減速）中,2.4000000000000012,力行（加速）,1.0,70.0,22.8,42.13,42.1,74.2,29.7,83.55497912374722,0.0,9.2,この先制限速度なし,この先目立った勾配なし,前方74.6m先を0.0km/h,後続列車なし,5.0,0.0,未発車,55.0,42.1,1.3,anti_mid_stop,0.0,CBTC信号速度22.8km/hを2km/h以上超えて走行しているため即時0点ルールが適用され、rewardは0.0となる。
148.8999999999999,Train11,次駅への減速フェーズ（駅手前400m以内）,ブレーキ（減速）中,3.0000000000000018,力行（加速）,1.0,70.0,19.3,40.34,40.3,67.3,29.1,76.67177961662073,0.0,9.2,この先制限速度なし,この先目立った勾配なし,前方67.7m先を0.0km/h,後続列車なし,5.0,0.0,未発車,55.0,40.3,1.9,anti_mid_stop,0.0,CBTC信号速度19.3km/hを大幅に上回る40.3km/hで走行しており、即時0.0ルールに該当するため評価は0.0とした。
154.89999999999955,Train11,次駅への減速フェーズ（駅手前400m以内）,ブレーキ（減速）中,0.30000000000000004,力行（加速）,0.1,70.0,0.0,24.94,24.9,13.7,23.1,29.49639265312604,0.0,9.2,この先制限速度なし,この先目立った勾配なし,前方14.1m先を0.0km/h,後続列車なし,5.0,0.0,未発車,55.0,24.9,7.9,anti_mid_stop,0.0,CBTC信号0km/hを2km/h以上超えて走行しているため、安全違反とみなし即時0点とした。
48.0,Train11,巡航フェーズ（駅間走行中）,惰行中,2.0,力行（加速）,6.0,70.0,70.0,54.25,70.0,1695.1,40.0,169.72402161495236,0.0,-6.7,この先制限速度なし,この先目立った勾配なし,前方752.4m先を62.5km/h,後続列車なし,0.0,109.0,未発車,40.0,51.9,0.0,anti_mid_stop,0.4,先行が塞いで駅間停車防止モードでtarget_speed_no_stopを僅か上回り惰行は適切だが、直前の力行から2秒の惰行への短時間切替に合理的理由がなくノコギリ運転と判定し、reward上限0.5に抑えて0.4とした。
69.0,Train11,巡航フェーズ（駅間走行中）,惰行中,1.0,力行（加速）,12.0,70.0,70.0,57.32,64.4,1318.2,91.0,172.19504405898965,0.0,0.0,この先制限速度なし,328m先に上り勾配12.5‰あり,前方1258.6m先を23.6km/h,後続列車なし,5.0,48.0,未発車,85.0,64.4,0.0,normal,0.2,巡航フェーズでrequired_speed(64.4km/h)に達していないのに惰行を続け、遅延拡大が予測されるため低評価とした。
137.0,Train11,次駅への減速フェーズ（駅手前400m以内）,ブレーキ（減速）中,1.0,惰行,1.0,70.0,70.0,40.04,40.0,306.4,41.0,78.45777177812641,0.0,6.1,この先制限速度なし,116m先に上り勾配9.2‰あり,前方306.8m先を0.0km/h,後続列車なし,5.0,0.0,未発車,70.0,40.0,5.0,anti_mid_stop,0.0,先行列車が停車中で駅間停車防止モード。ブレーキは距離的に早すぎ、惰行→減速の無理な切替でノコギリ運転とみなされ安全性が損なわれるためrewardは0.0。
148.79999999999967,Train11,次駅への減速フェーズ（駅手前400m以内）,ブレーキ（減速）中,0.30000000000000004,力行（加速）,0.1,70.0,0.0,28.27,28.3,35.0,29.2,37.85141308354863,0.0,9.2,この先制限速度なし,この先目立った勾配なし,前方35.4m先を0.0km/h,後続列車なし,0.0,0.0,未発車,55.0,28.3,6.8,anti_mid_stop,0.0,現在速度28.3km/hがCBTC信号0km/hを2km/h以上上回っており、即時安全違反となるためrewardは0.0とする。
160.19999999999987,Train11,次駅への減速フェーズ（駅手前400m以内）,ブレーキ（減速）中,7.299999999999992,惰行,8.0,70.0,24.9,27.28,27.3,79.0,17.8,35.260221205973274,0.0,9.2,この先制限速度なし,この先目立った勾配なし,前方79.3m先を0.0km/h,後続列車なし,0.0,0.0,未発車,40.0,27.3,3.2,anti_mid_stop,0.0,現在速度がCBTC信号速度を2km/h以上上回っているため、安全違反とみなし即時0点とする。
84.0,Train11,巡航フェーズ（駅間走行中）,惰行中,8.0,力行（加速）,6.0,70.0,70.0,63.44,70.0,1027.5,61.0,210.04368107061424,0.0,0.0,この先制限速度なし,37m先に上り勾配12.5‰あり,前方829.2m先を41.7km/h,後続列車なし,5.0,63.0,未発車,55.0,60.4,0.0,anti_mid_stop,0.9,先行列車が塞いでいる駅間停車防止モードで、現在速度はtarget_speed_no_stop上限内の惰行で適切と判断し高評価。
145.19999999999993,Train11,次駅への減速フェーズ（駅手前400m以内）,ブレーキ（減速）中,6.299999999999995,惰行,43.0,70.0,26.9,28.96,29.0,83.8,32.8,39.71094375892802,0.0,9.2,この先制限速度なし,この先目立った勾配なし,前方84.2m先を0.0km/h,後続列車なし,5.0,1.8,未発車,55.0,29.0,0.0,normal,0.0,現在速度がCBTC信号速度26.9km/hを2km/h超えて29km/hで走行しており、安全違反となる即時0点ルールが適用されたためrewardは0.0とした。
153.49999999999946,Train11,次駅への減速フェーズ（駅手前400m以内）,ブレーキ（減速）中,0.2,惰行,0.1,70.0,0.0,5.65,10.5,44.5,24.5,1.5224407810199332,0.0,9.2,この先制限速度なし,この先目立った勾配なし,前方44.9m先を0.0km/h,後続列車なし,5.0,0.0,未発車,55.0,10.5,6.5,anti_mid_stop,0.0,CBTC信号0km/hに対し5.7km/hで走行し、signal_speed＋2km/hを超過しているため即時0点とする。
153.39999999999952,Train11,次駅への減速フェーズ（駅手前400m以内）,ブレーキ（減速）中,5.799999999999995,惰行,0.1,70.0,0.0,21.34,21.3,16.1,24.6,21.6229678969739,0.0,9.2,この先制限速度なし,この先目立った勾配なし,前方16.5m先を0.0km/h,後続列車なし,5.0,0.0,未発車,70.0,21.3,21.4,anti_mid_stop,0.0,CBTC信号が0km/hなのに21.3km/hで走行し信号超過となり、即時0点ルールが適用された。
111.0,Train11,巡航フェーズ（駅間走行中）,惰行中,9.0,力行（加速）,13.0,70.0,70.0,55.14,61.8,657.2,51.0,159.57418790830195,0.0,0.0,この先制限速度なし,67m先に上り勾配6.1‰あり,前方610.0m先を21.0km/h,後続列車なし,0.0,46.0,未発車,40.0,48.8,0.0,anti_mid_stop,0.5,先行列車が前方に塞がっている駅間停車防止モードで、現在速度55.1km/hがtarget_speed_no_stop48.8km/h＋5km/hを超えており過剰加速とみなして減点した。
150.2999999999997,Train11,次駅への減速フェーズ（駅手前400m以内）,ブレーキ（減速）中,2.700000000000001,惰行,0.1,70.0,0.0,30.47,30.5,38.4,27.7,43.93351180455031,0.0,9.2,この先制限速度なし,この先目立った勾配なし,前方38.8m先を0.0km/h,後続列車なし,5.0,0.0,未発車,70.0,30.5,18.3,normal,0.0,CBTC信号0km/hを30.5km/hで走行し超過しているため即時0点とし、停止位置もオーバーラン確実。
97.0,Train11,巡航フェーズ（駅間走行中）,惰行中,2.0,力行（加速）,20.0,70.0,70.0,56.63,70.0,1020.0,46.0,168.15105050188455,0.0,0.0,この先制限速度なし,30m先に上り勾配12.5‰あり,前方797.9m先を44.2km/h,後続列車なし,5.0,65.0,未発車,40.0,57.9,0.0,anti_mid_stop,0.9,先行列車が塞いでいる駅間停車防止モードで、現在速度はtarget_speed_no_stop付近の惰行で適切。制限速度・CBTC遵守、間隔安全、ノコギリ運転なし。
106.0,Train11,巡航フェーズ（駅間走行中）,力行（加速）中,6.0,惰行,6.0,70.0,70.0,58.83,63.5,1025.4,72.0,181.20363278977032,0.0,0.0,この先制限速度なし,35m先に上り勾配12.5‰あり,前方1025.8m先を0.0km/h,後続列車なし,5.0,26.0,未発車,70.0,63.5,0.0,normal,0.4,直前の惰行から6秒間の力行への切替が保持時間7秒未満で合理的理由がなくノコギリ運転と判定され、reward上限が0.3〜0.5に制限されたため0.4とした。
151.7999999999996,Train11,次駅への減速フェーズ（駅手前400m以内）,ブレーキ（減速）中,4.200000000000001,惰行,0.1,70.0,0.0,26.05,26.1,26.6,26.2,32.16721718785928,0.0,9.2,この先制限速度なし,この先目立った勾配なし,前方27.0m先を0.0km/h,後続列車なし,5.0,0.0,未発車,70.0,26.1,19.8,anti_mid_stop,0.0,CBTC信号が0km/hであるにも関わらず現在速度が26.1km/hと2km/h以上超過しており、安全違反の即時0点ルールが適用されたためrewardは0.0となる。
48.0,Train11,巡航フェーズ（駅間走行中）,惰行中,5.0,力行（加速）,25.0,70.0,70.0,53.86,70.0,1725.2,35.0,167.3382898346492,0.0,-6.7,この先制限速度なし,この先目立った勾配なし,前方695.2m先を63.3km/h,後続列車なし,5.0,114.0,未発車,40.0,49.9,0.0,anti_mid_stop,1.0,先行列車が塞いでいるため駅間停車防止モードとなり、速度はtarget_speed_no_stop上限以内で惰行して安全かつ省エネ。
73.0,Train11,巡航フェーズ（駅間走行中）,惰行中,1.0,力行（加速）,6.0,70.0,70.0,67.9,70.0,1230.2,65.0,239.83779994654137,0.0,0.0,この先制限速度なし,240m先に上り勾配12.5‰あり,前方956.2m先を49.1km/h,後続列車なし,0.0,69.0,未発車,55.0,67.9,0.0,normal,0.5,巡航フェーズでrequired_speed(70km/h)に達していないのに惰行を続け、前後列車間隔は十分でも力行→惰行の短時間切替が合理性なくノコギリ運転と判断されたため評価を下げた。
162.79999999999973,Train11,次駅への減速フェーズ（駅手前400m以内）,ブレーキ（減速）中,1.9000000000000006,惰行,0.1,70.0,15.9,20.32,20.3,61.6,15.2,19.61202288947739,0.0,9.2,この先制限速度なし,この先目立った勾配なし,前方62.0m先を0.0km/h,後続列車なし,0.0,0.0,未発車,40.0,20.3,5.8,anti_mid_stop,0.0,CBTC信号を2km/h以上超過して走行しているため安全違反とみなし、即時0点とする。
85.0,Train11,巡航フェーズ（駅間走行中）,力行（加速）中,10.0,ブレーキ（減速）,3.0,70.0,70.0,57.75,57.8,1028.1,93.0,174.73824829295063,0.0,0.0,この先制限速度なし,38m先に上り勾配12.5‰あり,前方1028.5m先を0.0km/h,後続列車なし,0.0,27.0,未発車,85.0,57.8,0.0,normal,0.7,巡航フェーズでrequired_speedに達しているのに力行を続け、不要な加速とエネルギー浪費が見られるため、評価を0.7とした。
67.0,Train11,巡航フェーズ（駅間走行中）,力行（加速）中,11.0,惰行,6.0,70.0,70.0,52.92,70.0,1663.6,38.0,161.65397989880992,0.0,-6.7,この先制限速度なし,この先目立った勾配なし,前方965.3m先を63.2km/h,後続列車なし,5.0,95.0,未発車,40.0,59.6,0.0,anti_mid_stop,1.0,先行列車が前方に塞いでいるため駅間停車防止モードとなり、現在の加速はtarget_speed_no_stop未満で適切であり、速度・信号・間隔・エネルギー面で違反がない。
120.0,Train11,巡航フェーズ（駅間走行中）,力行（加速）中,6.0,惰行,6.0,70.0,70.0,60.13,60.1,475.5,58.0,174.95052354935683,0.0,6.1,この先制限速度なし,285m先に上り勾配9.2‰あり,前方475.8m先を0.0km/h,後続列車なし,0.0,22.0,未発車,55.0,60.1,0.0,normal,0.3,巡航フェーズでrequired_speedに達したのに不要な力行を続け、保持時間が7秒未満のノコギリ運転と判定されたため減点し0.3とした。
99.0,Train11,巡航フェーズ（駅間走行中）,力行（加速）中,10.0,惰行,6.0,70.0,70.0,57.88,62.1,918.4,66.0,150.476112255423,0.0,12.5,この先制限速度なし,この先目立った勾配なし,前方887.0m先を17.1km/h,後続列車なし,0.0,43.0,未発車,55.0,62.1,0.0,normal,1.0,巡航フェーズでrequired_speed未達のため加速は適切、速度・CBTC制限遵守、先行列車との間隔安全、ノコギリ運転なし。
164.9999999999996,Train11,次駅への減速フェーズ（駅手前400m以内）,ブレーキ（減速）中,0.30000000000000004,惰行,0.1,70.0,5.1,14.6,19.9,50.9,13.0,10.14266817376457,0.0,9.2,この先制限速度なし,この先目立った勾配なし,前方51.2m先を0.0km/h,後続列車なし,0.0,0.0,未発車,40.0,19.9,8.0,anti_mid_stop,0.0,CBTC信号5.1km/hを2km/h超える14.6km/hで走行しており即時0点ルールに該当するためrewardは0.0。
145.9999999999999,Train11,次駅への減速フェーズ（駅手前400m以内）,ブレーキ（減速）中,7.0999999999999925,惰行,43.0,70.0,24.3,26.6,26.6,77.6,32.0,33.53294445772431,0.0,9.2,この先制限速度なし,この先目立った勾配なし,前方78.0m先を0.0km/h,後続列車なし,5.0,1.0,未発車,55.0,26.6,0.0,normal,0.0,CBTC信号速度を2km/h超えて走行しており即時0点となる安全違反。
152.79999999999984,Train11,次駅への減速フェーズ（駅手前400m以内）,力行（加速）中,0.1,ブレーキ（減速）,5.7999999999999945,70.0,17.8,29.7,29.7,64.7,25.2,41.75403435656815,0.0,9.2,この先制限速度なし,この先目立った勾配なし,前方65.1m先を0.0km/h,後続列車なし,0.0,0.0,未発車,55.0,29.7,10.8,anti_mid_stop,0.0,CBTC信号速度17.8km/hを2km/h超えて29.7km/hで走行しており、安全違反の即時0点ルールが適用される。
166.59999999999962,Train11,次駅への減速フェーズ（駅手前400m以内）,ブレーキ（減速）中,0.8999999999999999,力行（加速）,0.1,70.0,0.0,27.62,27.6,29.4,11.4,36.13990835783663,0.0,9.2,この先制限速度なし,この先目立った勾配なし,前方29.7m先を0.0km/h,後続列車なし,5.0,0.0,未発車,55.0,27.6,19.6,anti_mid_stop,0.0,CBTC信号が0km/hなのに27.6km/hで走行し、信号超過が即0点となるため。
128.0,Train11,巡航フェーズ（駅間走行中）,力行（加速）中,14.0,ブレーキ（減速）,6.0,70.0,70.0,53.96,54.0,511.5,50.0,141.42245160805885,0.0,6.1,この先制限速度なし,321m先に上り勾配9.2‰あり,前方511.9m先を0.0km/h,後続列車なし,5.0,19.0,未発車,55.0,54.0,0.0,normal,0.6,巡航フェーズでrequired_speedに達しているのに加速を続けており、エネルギー無駄であり不必要な力行と判断した。
108.0,Train11,巡航フェーズ（駅間走行中）,惰行中,6.0,力行（加速）,13.0,70.0,70.0,55.72,68.2,703.4,51.0,162.8874676163909,0.0,0.0,この先制限速度なし,113m先に上り勾配6.1‰あり,前方637.0m先を24.9km/h,後続列車なし,0.0,49.0,未発車,40.0,49.3,0.0,anti_mid_stop,0.7,駅間停車防止モードでtarget_speed_no_stop(49.3km/h)を5km/h超える55.7km/hで惰行しており、過加速と判断され減点。
156.39999999999924,Train11,次駅への減速フェーズ（駅手前400m以内）,ブレーキ（減速）中,2.400000000000001,惰行,0.1,70.0,0.0,7.24,0.0,0.0,21.6,2.8123035159485092,0.0,0.0,この先制限速度なし,この先目立った勾配なし,前方0.0m先を0.0km/h,後続列車なし,0.0,0.0,未発車,55.0,0.0,14.4,normal,0.0,CBTC信号0km/hを7.2km/hで超過し、さらに停止位置が-2.81mでオーバーラン確実のため即時0点とする。
53.0,Train11,巡航フェーズ（駅間走行中）,惰行中,10.0,力行（加速）,21.0,70.0,70.0,51.84,70.0,1652.8,35.0,155.23842260217185,0.0,-6.7,この先制限速度なし,この先目立った勾配なし,前方710.1m先を62.5km/h,後続列車なし,5.0,109.0,未発車,40.0,50.1,0.0,anti_mid_stop,0.8,先行列車が前方に塞がっているため駅間停車防止モードと判定し、target_speed_no_stop以下で惰行を維持している点は適切だが、required_speed未達で遅延リスクが残るためやや減点し0.8とする。
102.0,Train11,巡航フェーズ（駅間走行中）,力行（加速）中,17.0,ブレーキ（減速）,6.0,70.0,70.0,55.45,55.5,768.5,66.0,161.34105104220265,0.0,0.0,この先制限速度なし,178m先に上り勾配6.1‰あり,前方749.8m先を13.3km/h,後続列車なし,0.0,40.0,未発車,55.0,55.5,0.0,normal,0.5,巡航フェーズでrequired_speedに達しているのに不要な力行を続け、エネルギー効率が低下したため減点。
155.09999999999943,Train11,次駅への減速フェーズ（駅手前400m以内）,ブレーキ（減速）中,0.2,力行（加速）,0.1,70.0,0.0,16.84,16.8,7.2,22.9,13.484690024365824,0.0,9.2,この先制限速度なし,この先目立った勾配なし,前方7.6m先を0.0km/h,後続列車なし,5.0,0.0,未発車,70.0,16.8,23.1,anti_mid_stop,0.0,CBTC信号が0km/hなのに現在速度が16.8km/hで2km/h以上超過しており、即時0点ルールに該当するためrewardは0.0となる。
138.0,Train11,次駅への減速フェーズ（駅手前400m以内）,惰行中,43.0,力行（加速）,9.0,70.0,49.1,47.88,47.9,162.7,40.0,107.60425907234324,0.0,9.2,この先制限速度なし,この先目立った勾配なし,前方163.1m先を0.0km/h,後続列車なし,5.0,9.0,未発車,55.0,47.9,0.0,normal,0.9,次駅減速フェーズでdelta_stopが正、CBTC速度以下で惰行しており停止位置は確保でき安全基準をすべて満たす。
151.39999999999986,Train11,次駅への減速フェーズ（駅手前400m以内）,ブレーキ（減速）中,7.499999999999991,惰行,5.0,70.0,17.2,37.59,37.6,63.6,26.6,66.65986401695818,0.0,9.2,この先制限速度なし,この先目立った勾配なし,前方64.0m先を0.0km/h,後続列車なし,5.0,10.6,未発車,40.0,37.6,0.0,normal,0.0,現在速度37.6km/hがCBTC信号速度17.2km/hを2km/h以上超過しており、安全違反のため即座にrewardは0.0とする。
163.09999999999926,Train11,次駅への減速フェーズ（駅手前400m以内）,力行（加速）中,0.1,ブレーキ（減速）,5.1999999999999975,70.0,0.0,7.66,7.7,2.9,14.9,2.797045765021311,0.0,9.2,この先制限速度なし,この先目立った勾配なし,前方3.3m先を0.0km/h,後続列車なし,0.0,0.0,未発車,55.0,7.7,21.1,anti_mid_stop,0.0,CBTC信号が0km/hなのに現在速度が7.7km/hで2km/h以上超過しており、安全違反の即時0点ルールが適用されるためrewardは0.0となる。
69.0,Train11,巡航フェーズ（駅間走行中）,ブレーキ（減速）中,1.0,惰行,1.0,70.0,70.0,62.45,70.0,1390.2,38.0,203.6814716767706,0.0,0.0,この先制限速度なし,400m先に上り勾配12.5‰あり,前方726.9m先を62.7km/h,後続列車なし,5.0,93.0,未発車,40.0,59.2,0.0,anti_mid_stop,0.9,先行列車が塞いでいる駅間停車防止モードで、現在速度が target_speed_no_stop を僅かに上回っているためブレーキで減速している操作は適切。
108.0,Train11,巡航フェーズ（駅間走行中）,惰行中,37.0,力行（加速）,6.0,70.0,70.0,54.65,54.6,652.6,70.0,156.8002902480905,0.0,0.0,この先制限速度なし,62m先に上り勾配6.1‰あり,前方653.0m先を0.0km/h,後続列車なし,5.0,24.0,未発車,70.0,54.6,0.0,normal,1.0,巡航フェーズでrequired_speedと同等の速度で惰行し、制限速度・CBTC遵守、無駄な加速なし、ノコギリ運転なし、列車間隔も安全で定時・省エネ的に最適なため。
157.09999999999943,Train11,次駅への減速フェーズ（駅手前400m以内）,ブレーキ（減速）中,0.5,惰行,0.1,70.0,0.0,19.19,19.2,0.2,20.9,17.497886925096715,0.0,9.2,この先制限速度なし,この先目立った勾配なし,前方0.6m先を0.0km/h,後続列車なし,5.0,0.0,未発車,55.0,19.2,10.1,anti_mid_stop,0.0,CBTC信号0km/hを19.2km/hで走行し信号超過、delta_stopが-17.3mでオーバーラン確実、即時0点ルール適用。
157.09999999999954,Train11,次駅への減速フェーズ（駅手前400m以内）,惰行中,0.1,ブレーキ（減速）,1.6000000000000003,70.0,0.0,21.99,22.0,16.3,20.9,22.955173160188107,0.0,9.2,この先制限速度なし,この先目立った勾配なし,前方16.7m先を0.0km/h,後続列車なし,5.0,4.9,未発車,40.0,22.0,0.0,normal,0.0,CBTC信号0km/hを22km/hで走行し超過しているため即時0点とし、オーバーランリスクとノコギリ運転も併存。
101.0,Train11,巡航フェーズ（駅間走行中）,惰行中,10.0,力行（加速）,6.0,70.0,70.0,61.65,62.9,949.1,77.0,170.34023429672482,0.0,12.5,この先制限速度なし,この先目立った勾配なし,前方949.5m先を0.0km/h,後続列車なし,0.0,26.0,未発車,70.0,62.9,0.0,normal,0.9,巡航フェーズで現在速度がrequired_speedにほぼ一致し、制限速度・CBTC信号を遵守、停止余裕も十分でノコギリ運転や間隔問題はなく、適切な惰行と判断した。
58.0,Train11,巡航フェーズ（駅間走行中）,力行（加速）中,10.0,惰行,9.0,70.0,70.0,62.45,70.0,1485.7,54.0,203.6814716767706,0.0,0.0,この先制限速度なし,495m先に上り勾配12.5‰あり,前方891.7m先を61.9km/h,後続列車なし,5.0,89.0,未発車,55.0,66.4,0.0,normal,1.0,制限速度・CBTC遵守の上、巡航フェーズでrequired_speed未達のため加速は適切で、他に安全・間隔・エネルギー面で問題なし。
108.0,Train11,巡航フェーズ（駅間走行中）,惰行中,6.0,力行（加速）,19.0,70.0,70.0,61.25,63.9,985.6,70.0,168.17713492866602,0.0,12.5,この先制限速度なし,この先目立った勾配なし,前方986.0m先を0.0km/h,後続列車なし,0.0,4.0,未発車,85.0,63.9,0.0,normal,0.5,巡航フェーズでrequired_speed 63.9km/hに達すべきところを惰行6秒続け、速度61.2km/hのまま加速せず遅延リスクがあるため減点し、rewardは0.5とする。
75.0,Train11,巡航フェーズ（駅間走行中）,惰行中,22.0,力行（加速）,6.0,70.0,70.0,56.62,70.0,1209.9,46.0,168.0927771339423,0.0,0.0,この先制限速度なし,219m先に上り勾配12.5‰あり,前方734.5m先を59.7km/h,後続列車なし,0.0,82.0,未発車,40.0,57.2,0.0,anti_mid_stop,1.0,先行列車が塞いでいるため駅間停車防止モードで、現在の惰行はtarget_speed_no_stop付近で適切であり、制限速度・CBTC遵守も問題なし。
111.0,Train11,巡航フェーズ（駅間走行中）,力行（加速）中,6.0,惰行,6.0,70.0,70.0,66.17,66.8,886.2,61.0,195.6909820239855,0.0,12.5,この先制限速度なし,この先目立った勾配なし,前方879.3m先を8.1km/h,後続列車なし,5.0,36.0,未発車,55.0,66.8,0.0,normal,1.0,先行列車が遠く遅く、現在速度は制限・CBTC内でrequired_speed未満のため加速は適切で、他項目に問題なし。
158.59999999999923,Train11,次駅への減速フェーズ（駅手前400m以内）,ブレーキ（減速）中,3.700000000000002,力行（加速）,0.1,70.0,0.0,6.62,0.0,0.0,19.4,2.3516440650511345,0.0,0.0,この先制限速度なし,この先目立った勾配なし,前方0.0m先を0.0km/h,後続列車なし,5.0,0.0,未発車,70.0,0.0,26.6,anti_mid_stop,0.0,CBTC信号0km/hを2km/h以上超えて走行しているため即時0.0評価となる。
50.0,Train11,巡航フェーズ（駅間走行中）,惰行中,7.0,力行（加速）,25.0,70.0,70.0,53.95,70.0,1695.3,35.0,167.88742153213204,0.0,-6.7,この先制限速度なし,この先目立った勾配なし,前方700.3m先を62.9km/h,後続列車なし,5.0,112.0,未発車,40.0,50.0,0.0,anti_mid_stop,0.9,先行列車が前方で塞いでいるため駅間停車防止モードと判定し、現在速度はtarget_speed_no_stop上限内で惰行して安全かつエネルギー効率的であるため高評価とした。
161.29999999999947,Train11,次駅への減速フェーズ（駅手前400m以内）,ブレーキ（減速）中,3.5000000000000018,力行（加速）,0.1,70.0,0.0,6.39,12.3,42.3,16.7,1.9470296537919605,0.0,9.2,この先制限速度なし,この先目立った勾配なし,前方42.7m先を0.0km/h,後続列車なし,0.0,0.0,未発車,40.0,12.3,4.3,anti_mid_stop,0.0,CBTC信号0km/hに対し6.4km/hで走行し信号超過があるため即0.0とした。
95.0,Train11,巡航フェーズ（駅間走行中）,惰行中,4.0,力行（加速）,6.0,70.0,70.0,63.06,70.0,997.4,45.0,207.5907596199971,0.0,0.0,この先制限速度なし,7m先に上り勾配12.5‰あり,前方750.0m先を46.6km/h,後続列車なし,5.0,67.0,未発車,40.0,55.5,0.0,anti_mid_stop,0.2,先行列車が塞いでいる駅間停車防止モードで、target_speed_no_stopを超える速度で惰行し、ノコギリ運転と判定されたため低評価。
121.0,Train11,巡航フェーズ（駅間走行中）,惰行中,26.0,力行（加速）,9.0,70.0,70.0,54.87,54.9,405.6,57.0,146.15360827832816,0.0,6.1,この先制限速度なし,215m先に上り勾配9.2‰あり,前方406.0m先を0.0km/h,後続列車なし,5.0,26.0,未発車,55.0,54.9,0.0,normal,1.0,現在速度がrequired_speedと一致し惰行で適切、制限速度・CBTC遵守、停止余裕十分、ノコギリ運転なし、間隔安全、定時・省エネ良好。
152.0999999999997,Train11,次駅への減速フェーズ（駅手前400m以内）,ブレーキ（減速）中,0.6,力行（加速）,0.1,70.0,0.0,31.51,31.5,35.5,25.9,46.96379399326191,0.0,9.2,この先制限速度なし,この先目立った勾配なし,前方35.9m先を0.0km/h,後続列車なし,5.0,0.0,未発車,55.0,31.5,5.1,anti_mid_stop,0.0,CBTC信号0km/hを2km/h以上超過して走行しており安全違反のため即0.0ルールが適用され、rewardは0.0となる。
153.09999999999954,Train11,次駅への減速フェーズ（駅手前400m以内）,ブレーキ（減速）中,5.4999999999999964,惰行,0.1,70.0,0.0,22.22,22.2,17.9,24.9,23.43601713930929,0.0,9.2,この先制限速度なし,この先目立った勾配なし,前方18.3m先を0.0km/h,後続列車なし,5.0,0.0,未発車,70.0,22.2,21.1,anti_mid_stop,0.0,CBTC信号0km/hに対し22.2km/hで走行し2km/h超過しているため即0.0とし、停車位置も過走リスクがある。
147.2,Train11,次駅への減速フェーズ（駅手前400m以内）,ブレーキ（減速）中,1.3000000000000003,力行（加速）,1.0,70.0,28.3,45.41,45.4,87.6,30.8,96.91281541173142,0.0,9.2,この先制限速度なし,この先目立った勾配なし,前方88.0m先を0.0km/h,後続列車なし,5.0,0.0,未発車,55.0,45.4,0.2,normal,0.0,CBTC信号速度28.3km/hを2km/h以上超過し45.4km/hで走行しているため安全基準違反となり即時0点。
120.0,Train11,巡航フェーズ（駅間走行中）,ブレーキ（減速）中,5.0,惰行,44.0,70.0,70.0,40.76,41.3,481.6,58.0,81.2758928614457,0.0,6.1,この先制限速度なし,291m先に上り勾配9.2‰あり,前方482.0m先を0.0km/h,後続列車なし,5.0,12.0,未発車,70.0,41.3,0.0,normal,0.4,巡航フェーズでrequired_speed未達のまま不必要にブレーキし、遅延とエネルギー浪費を招くため減点し、reward 0.4とした。
159.49999999999946,Train11,次駅への減速フェーズ（駅手前400m以内）,ブレーキ（減速）中,1.7000000000000004,惰行,0.1,70.0,0.0,18.18,18.2,15.8,18.5,15.709544357827417,0.0,9.2,この先制限速度なし,この先目立った勾配なし,前方16.2m先を0.0km/h,後続列車なし,0.0,0.0,未発車,55.0,18.2,17.5,anti_mid_stop,0.0,CBTC信号が0km/hなのに現在速度が18.2km/hで2km/h以上超過しており、安全違反のため即時0点とする。
153.39999999999964,Train11,次駅への減速フェーズ（駅手前400m以内）,ブレーキ（減速）中,0.1,惰行,0.1,70.0,0.0,28.42,28.4,24.7,24.6,38.25191969387779,0.0,9.2,この先制限速度なし,この先目立った勾配なし,前方25.1m先を0.0km/h,後続列車なし,5.0,0.0,未発車,55.0,28.4,6.4,normal,0.0,CBTC信号速度0km/hを大幅に超えて走行しており、即時0点ルールに該当するためrewardは0.0とする。
54.0,Train11,巡航フェーズ（駅間走行中）,惰行中,2.0,力行（加速）,53.0,70.0,70.0,65.79,70.0,1535.8,96.0,225.51242082843507,0.0,0.0,この先制限速度なし,この先目立った勾配なし,前方1392.3m先を36.8km/h,後続列車なし,0.0,58.0,未発車,85.0,70.0,0.0,normal,0.6,巡航フェーズでrequired_speed 70km/hに対し65.8km/hの惰行を続け、加速すべきところで速度不足となり遅延リスクがあるが安全違反はなく中程度の減点としreward0.6とした。
162.2,Train11,次駅への減速フェーズ（駅手前400m以内）,ブレーキ（減速）中,5.299999999999999,惰行,45.0,70.0,28.9,33.1,33.1,88.9,15.8,51.78852702394478,0.0,9.2,この先制限速度なし,この先目立った勾配なし,前方89.4m先を0.6km/h,後続列車なし,5.0,0.0,未発車,55.0,33.1,15.2,normal,0.0,CBTC信号速度28.9km/hを超えて33.1km/hで走行し、即時0点の安全違反となるためrewardは0.0とした。
101.0,Train11,巡航フェーズ（駅間走行中）,惰行中,6.0,力行（加速）,6.0,70.0,70.0,55.59,57.1,803.1,77.0,138.98473895025487,0.0,12.5,この先制限速度なし,この先目立った勾配なし,前方803.5m先を0.0km/h,後続列車なし,5.0,16.0,未発車,85.0,57.1,0.0,normal,0.4,先行列車が遠く停止しているが、required_speed未満で惰行を続け、加速→惰行の短時間切替がノコギリ運転と判定されたため評価を大幅減点し0.4とした。
87.0,Train11,巡航フェーズ（駅間走行中）,力行（加速）中,36.0,惰行,6.0,70.0,70.0,65.68,70.0,1327.3,61.0,224.77689265784258,0.0,0.0,この先制限速度なし,337m先に上り勾配12.5‰あり,前方1162.7m先を39.5km/h,後続列車なし,5.0,60.0,未発車,55.0,70.0,0.0,normal,1.0,巡航フェーズでrequired_speed未達ながら適切に力行継続し、制限速度・CBTC遵守、前方列車との間隔も安全なため高評価。
151.39999999999952,Train11,次駅への減速フェーズ（駅手前400m以内）,ブレーキ（減速）中,1.4000000000000001,惰行,0.1,70.0,0.0,21.12,21.1,17.1,26.6,21.181007390460195,0.0,9.2,この先制限速度なし,この先目立った勾配なし,前方17.5m先を0.0km/h,後続列車なし,0.0,0.0,未発車,55.0,21.1,9.4,anti_mid_stop,0.0,CBTC信号が0km/hなのに21.1km/hで走行しており、信号超過は即0点対象となるためrewardは0.0となる。
162.39999999999924,Train11,次駅への減速フェーズ（駅手前400m以内）,ブレーキ（減速）中,5.299999999999997,惰行,0.1,70.0,0.0,6.73,0.0,0.0,15.6,2.4303751972039733,0.0,0.0,この先制限速度なし,この先目立った勾配なし,前方0.0m先を0.0km/h,後続列車なし,5.0,0.0,未発車,40.0,0.0,0.4,normal,0.0,CBTC信号0km/hを2km/h以上超過し、delta_stopが-2.43mでオーバーランが確実なため即時0.0評価。
122.0,Train11,巡航フェーズ（駅間走行中）,力行（加速）中,8.0,ブレーキ（減速）,6.0,70.0,70.0,50.79,50.8,598.9,56.0,135.76187332294228,0.0,0.0,この先制限速度なし,8m先に上り勾配6.1‰あり,前方599.3m先を0.0km/h,後続列車なし,5.0,25.0,未発車,55.0,50.8,0.0,normal,0.7,巡航フェーズでrequired_speedと同等の速度にも関わらず力行を続けエネルギーを無駄にしているが、安全違反や間隔問題はなく、他は適正なため0.7とした。
135.0,Train11,巡航フェーズ（駅間走行中）,惰行中,27.0,力行（加速）,6.0,70.0,70.0,52.63,52.6,400.6,43.0,134.64180336165873,0.0,6.1,この先制限速度なし,210m先に上り勾配9.2‰あり,前方401.0m先を0.0km/h,後続列車なし,0.0,0.0,未発車,70.0,52.6,8.0,anti_mid_stop,1.0,先行列車が停車中で駅間停車防止モード、target_speed_no_stopを超えず惰行で速度を維持し安全かつ省エネであるため高評価。
48.0,Train11,巡航フェーズ（駅間走行中）,惰行中,1.0,力行（加速）,24.0,70.0,70.0,53.83,70.0,1767.1,35.0,167.1554356077004,0.0,-6.7,この先制限速度なし,この先目立った勾配なし,前方737.1m先を63.3km/h,後続列車なし,5.0,114.0,未発車,40.0,50.3,0.0,anti_mid_stop,1.0,先行列車が前方に塞いでいるため駅間停車防止モードとなり、現在速度はtarget_speed_no_stop(50.3km/h)を3.5km/h上回る範囲で惰行しており、CBTC・制限速度遵守、ノコギリ運転なし、間隔適正であるため高評価とした。
52.0,Train11,巡航フェーズ（駅間走行中）,惰行中,9.0,力行（加速）,21.0,70.0,70.0,51.79,70.0,1667.2,35.0,154.9444007860261,0.0,-6.7,この先制限速度なし,この先目立った勾配なし,前方707.2m先を62.4km/h,後続列車なし,5.0,110.0,未発車,40.0,50.1,0.0,anti_mid_stop,0.9,先行列車が次駅で未発車のため駅間停車防止モードと判定し、速度がtarget_speed_no_stop付近で惰行しているため適切と判断した。
118.0,Train11,巡航フェーズ（駅間走行中）,力行（加速）中,8.0,惰行,6.0,70.0,70.0,61.12,61.1,610.2,60.0,195.27918610869463,0.0,0.0,この先制限速度なし,20m先に上り勾配6.1‰あり,前方610.6m先を0.0km/h,後続列車なし,0.0,24.0,未発車,55.0,61.1,0.0,normal,0.7,巡航フェーズでrequired_speedを既に満たすのに加速を続け、不要な力行となっているため減点。
147.2999999999998,Train11,次駅への減速フェーズ（駅手前400m以内）,ブレーキ（減速）中,8.399999999999988,惰行,43.0,70.0,20.1,22.78,22.8,68.7,30.7,24.627404324654623,0.0,9.2,この先制限速度なし,この先目立った勾配なし,前方69.1m先を0.0km/h,後続列車なし,5.0,0.0,未発車,55.0,22.8,0.3,normal,0.0,現在速度22.8km/hがCBTC信号20.1km/hを2km/h以上上回っており安全違反の即0点ルールが適用される。
66.0,Train11,巡航フェーズ（駅間走行中）,惰行中,13.0,力行（加速）,6.0,70.0,70.0,58.43,70.0,1353.7,44.0,178.79608610476373,0.0,0.0,この先制限速度なし,363m先に上り勾配12.5‰あり,前方725.1m先を62.3km/h,後続列車なし,0.0,91.0,未発車,40.0,58.1,0.0,anti_mid_stop,0.9,先行列車が次駅で未発車のため駅間停車防止モード。現在速度はtarget_speed_no_stop付近で惰行を維持し、制限速度・CBTCを遵守しているため高評価。
159.99999999999937,Train11,次駅への減速フェーズ（駅手前400m以内）,ブレーキ（減速）中,2.9000000000000012,惰行,0.1,70.0,0.0,13.74,13.7,1.8,18.0,8.985183268647033,0.0,9.2,この先制限速度なし,この先目立った勾配なし,前方2.2m先を0.0km/h,後続列車なし,5.0,2.0,未発車,40.0,13.7,0.0,normal,0.0,CBTC信号0km/hを2km/h以上超過し、ブレーキ開始が遅れ過走しているため即時0点。
84.0,Train11,巡航フェーズ（駅間走行中）,力行（加速）中,10.0,ブレーキ（減速）,6.0,70.0,70.0,53.19,70.0,1175.0,42.0,148.67271431767335,0.0,0.0,この先制限速度なし,184m先に上り勾配12.5‰あり,前方765.0m先を58.0km/h,後続列車なし,5.0,78.0,未発車,40.0,56.9,0.0,anti_mid_stop,0.4,先行列車が塞いでいるため駅間停車防止モード。現在はtarget_speed_no_stop未満で加速は適切だが、6秒未満のブレーキ後すぐの力行はノコギリ運転とみなされ減点対象。
149.59999999999974,Train11,次駅への減速フェーズ（駅手前400m以内）,ブレーキ（減速）中,2.0000000000000004,惰行,0.1,70.0,0.0,32.54,32.5,44.5,28.4,50.06281651741025,0.0,9.2,この先制限速度なし,この先目立った勾配なし,前方44.9m先を0.0km/h,後続列車なし,5.0,0.0,未発車,70.0,32.5,17.6,anti_mid_stop,0.0,CBTC信号0km/hを2km/h以上超過し即時0点ルールに該当、速度超過は安全違反のためreward=0.0。
88.0,Train11,巡航フェーズ（駅間走行中）,力行（加速）中,4.0,惰行,6.0,70.0,70.0,66.12,70.0,1142.7,61.0,227.72573521885235,0.0,0.0,この先制限速度なし,152m先に上り勾配12.5‰あり,前方988.8m先を38.1km/h,後続列車なし,5.0,59.0,未発車,55.0,70.0,0.0,normal,0.4,惰行から力行への短時間切替がノコギリ運転と判定され、reward上限が0.3〜0.5に制限されたため0.4とした。
78.0,Train11,巡航フェーズ（駅間走行中）,力行（加速）中,36.0,惰行,6.0,70.0,70.0,65.52,70.0,1324.3,60.0,223.70903735129173,0.0,0.0,この先制限速度なし,334m先に上り勾配12.5‰あり,前方1050.4m先を49.1km/h,後続列車なし,5.0,69.0,未発車,55.0,70.0,0.0,anti_mid_stop,0.9,先行列車が未発車で駅間停車防止モード。現在速度はtarget_speed_no_stop未満で力行は適切、制限・CBTC遵守、ノコギリ運転なしのため高評価。
63.0,Train11,巡航フェーズ（駅間走行中）,力行（加速）中,7.0,惰行,9.0,70.0,70.0,58.06,70.0,1538.5,37.0,176.5826750054381,0.0,0.0,この先制限速度なし,この先目立った勾配なし,前方770.0m先を63.3km/h,後続列車なし,5.0,99.0,未発車,40.0,62.7,0.0,anti_mid_stop,0.9,先行列車が塞いでいる駅間停車防止モードで、target_speed_no_stop未満だが加速中で適切な操作であり、他に安全違反はなし。
135.0,Train11,巡航フェーズ（駅間走行中）,ブレーキ（減速）中,4.0,力行（加速）,17.0,70.0,70.0,47.11,47.1,407.6,43.0,108.21485992429052,0.0,6.1,この先制限速度なし,217m先に上り勾配9.2‰あり,前方408.0m先を0.0km/h,後続列車なし,5.0,12.0,未発車,55.0,47.1,0.0,normal,0.2,巡航フェーズでrequired_speedと同等の速度で走行中にも関わらずブレーキをかけているため、不要な減速となり遅延とエネルギー浪費を招く。
143.0,Train11,次駅への減速フェーズ（駅手前400m以内）,惰行中,32.0,力行（加速）,6.0,70.0,70.0,54.5,54.5,348.7,35.0,144.2209734751705,0.0,6.1,この先制限速度なし,158m先に上り勾配9.2‰あり,前方349.1m先を0.0km/h,後続列車なし,5.0,4.0,未発車,55.0,54.5,0.0,normal,1.0,減速フェーズでブレーキ距離に余裕があり速度はrequired_speedと一致、CBTC・制限速度遵守、ノコギリ運転なしで適切に惰行しているため高評価。
83.0,Train11,巡航フェーズ（駅間走行中）,惰行中,7.0,力行（加速）,6.0,70.0,70.0,63.66,70.0,1045.2,61.0,211.46996924876208,0.0,0.0,この先制限速度なし,55m先に上り勾配12.5‰あり,前方835.1m先を42.9km/h,後続列車なし,5.0,64.0,未発車,55.0,60.6,0.0,anti_mid_stop,0.9,先行列車が塞いでいるため駅間停車防止モード。現在速度はtarget_speed_no_stop上限以内で惰行しており、安全かつエネルギー効率的な運転と判断した。
120.0,Train11,巡航フェーズ（駅間走行中）,力行（加速）中,14.0,惰行,6.0,70.0,70.0,65.55,65.5,430.1,58.0,207.17714062230834,0.0,6.1,この先制限速度なし,240m先に上り勾配9.2‰あり,前方430.5m先を0.0km/h,後続列車なし,0.0,0.0,未発車,85.0,65.5,8.0,anti_mid_stop,0.2,駅間停車防止モードでtarget_speed_no_stopを超える力行は機外停車リスクを高め、エネルギー無駄になるため低評価とした。
157.59999999999968,Train11,次駅への減速フェーズ（駅手前400m以内）,ブレーキ（減速）中,1.4000000000000001,力行（加速）,0.1,70.0,10.0,16.71,16.7,54.4,20.4,13.27782513164178,0.0,9.2,この先制限速度なし,この先目立った勾配なし,前方54.8m先を0.0km/h,後続列車なし,0.0,0.0,未発車,40.0,16.7,0.6,anti_mid_stop,0.0,CBTC信号10km/hを2km/h超える16.7km/hで走行しており、即時0点ルールが適用されるためrewardは0.0となる。
88.0,Train11,巡航フェーズ（駅間走行中）,力行（加速）中,2.0,惰行,6.0,70.0,70.0,59.34,70.0,1011.3,61.0,184.29532652911809,0.0,0.0,この先制限速度なし,21m先に上り勾配12.5‰あり,前方857.4m先を38.1km/h,後続列車なし,5.0,59.0,未発車,55.0,63.6,0.0,anti_mid_stop,0.9,先行列車が遅く速度低下しているためtarget_speed_no_stop以下で加速し、制限・CBTC遵守、適切な車間とエネルギー効率が保たれた安全運転。
46.0,Train11,巡航フェーズ（駅間走行中）,惰行中,3.0,力行（加速）,25.0,70.0,70.0,53.77,70.0,1755.1,35.0,166.7900117202211,0.0,-6.7,この先制限速度なし,この先目立った勾配なし,前方689.9m先を63.0km/h,後続列車なし,5.0,116.0,未発車,40.0,49.2,0.0,anti_mid_stop,0.9,駅間停車防止モードで先行列車が塞いでいるため、target_speed_no_stop(49.2km/h)上限内(53.8km/h)で惰行しており安全・省エネであるため高評価。
94.0,Train11,巡航フェーズ（駅間走行中）,力行（加速）中,1.0,惰行,6.0,70.0,70.0,64.79,70.0,1199.9,61.0,218.86712218803754,0.0,0.0,この先制限速度なし,209m先に上り勾配12.5‰あり,前方1102.9m先を30.2km/h,後続列車なし,5.0,53.0,未発車,55.0,70.0,0.0,normal,0.9,required_speed未達での加速は妥当、先行列車との間隔は十分に確保され、制限速度・CBTC遵守もあり高評価。
157.49999999999918,Train11,次駅への減速フェーズ（駅手前400m以内）,ブレーキ（減速）中,3.5000000000000018,惰行,0.1,70.0,0.0,4.04,0.0,0.0,20.5,0.8763891839358078,0.0,0.0,この先制限速度なし,この先目立った勾配なし,前方0.0m先を1.4km/h,後続列車なし,0.0,0.0,未発車,55.0,0.0,15.5,normal,0.0,CBTC信号0km/hを超えて走行しているため安全違反となり、即reward0.0の規則が適用される。
145.29999999999998,Train11,次駅への減速フェーズ（駅手前400m以内）,ブレーキ（減速）中,6.399999999999999,惰行,9.0,70.0,29.4,44.44,44.4,90.6,32.7,92.86242670033299,0.0,9.2,この先制限速度なし,この先目立った勾配なし,前方90.9m先を0.0km/h,後続列車なし,5.0,0.0,未発車,70.0,44.4,13.3,normal,0.0,CBTC信号速度29.4km/hを2km/h以上超過し44.4km/hで走行しているため即時0点とし、他の評価は無効。
158.79999999999922,Train11,次駅への減速フェーズ（駅手前400m以内）,ブレーキ（減速）中,3.900000000000002,力行（加速）,0.1,70.0,0.0,6.04,0.0,0.0,19.2,1.957916801125802,0.0,0.0,この先制限速度なし,この先目立った勾配なし,前方0.0m先を0.0km/h,後続列車なし,5.0,0.0,未発車,70.0,0.0,26.8,normal,0.0,現在速度6km/hがCBTC信号0km/hを2km/h以上上回っており、信号超過による安全違反のため即座にrewardを0.0とした。
45.0,Train11,巡航フェーズ（駅間走行中）,惰行中,6.0,力行（加速）,40.0,70.0,70.0,57.05,70.0,1698.8,40.0,187.3209350161878,0.0,-6.7,この先制限速度なし,この先目立った勾配なし,前方703.9m先を62.9km/h,後続列車なし,0.0,112.0,未発車,40.0,50.1,0.0,anti_mid_stop,0.3,先行列車が塞いでいる駅間停車防止モードで、現在速度が target_speed_no_stop(50.1km/h) を5km/h超えており過剰加速とみなされ減点。
160.09999999999943,Train11,次駅への減速フェーズ（駅手前400m以内）,ブレーキ（減速）中,2.3000000000000007,惰行,0.1,70.0,0.0,16.43,16.4,12.9,17.9,12.837668166620034,0.0,9.2,この先制限速度なし,この先目立った勾配なし,前方13.3m先を0.0km/h,後続列車なし,0.0,0.0,未発車,55.0,16.4,18.1,anti_mid_stop,0.0,CBTC信号が0km/hであるのに現在速度16.4km/hがsignal_speed＋2km/hを超えており、即時0点ルールに該当するためrewardは0.0とした。
116.0,Train11,巡航フェーズ（駅間走行中）,惰行中,14.0,力行（加速）,13.0,70.0,70.0,54.05,55.5,581.3,51.0,141.88705059742543,0.0,6.1,この先制限速度なし,391m先に上り勾配9.2‰あり,前方558.8m先を14.6km/h,後続列車なし,0.0,41.0,未発車,40.0,50.7,0.0,anti_mid_stop,0.9,先行列車が塞いでいる駅間停車防止モードで、現在速度がtarget_speed_no_stop上限以内の惰行であり、制限速度・CBTC遵守、列車間隔も適切なため高評価。
155.69999999999962,Train11,次駅への減速フェーズ（駅手前400m以内）,ブレーキ（減速）中,0.30000000000000004,力行（加速）,0.1,70.0,0.0,26.1,26.1,25.7,22.3,32.29021544743763,0.0,9.2,この先制限速度なし,この先目立った勾配なし,前方26.0m先を0.0km/h,後続列車なし,5.0,6.3,未発車,40.0,26.1,0.0,normal,0.0,CBTC信号0km/hを大幅に超えて走行し、停止位置が大幅に手前でオーバーラン確実なため安全違反と判断し、rewardは0.0とする。
142.0,Train11,巡航フェーズ（駅間走行中）,力行（加速）中,2.0,惰行,6.0,70.0,70.0,64.43,70.0,651.4,36.0,216.49758202251778,0.0,0.0,この先制限速度なし,61m先に上り勾配6.1‰あり,前方651.8m先を0.0km/h,後続列車なし,0.0,15.0,未発車,40.0,70.0,0.0,normal,0.4,短時間の力行切替がノコギリ運転と判定され、持続時間6秒によりreward上限0.5に抑えられた。
158.9999999999996,Train11,次駅への減速フェーズ（駅手前400m以内）,ブレーキ（減速）中,1.2,力行（加速）,0.1,70.0,0.0,13.1,13.1,48.6,19.0,8.169098498784663,0.0,9.2,この先制限速度なし,この先目立った勾配なし,前方48.9m先を0.0km/h,後続列車なし,0.0,0.0,未発車,40.0,13.1,2.0,anti_mid_stop,0.0,CBTC信号0km/hを2km/h以上超過しており安全違反のため即座にreward=0.0とする。
164.99999999999915,Train11,次駅への減速フェーズ（駅手前400m以内）,ブレーキ（減速）中,0.2,力行（加速）,0.1,70.0,0.0,3.47,0.0,0.0,13.0,0.6466236043965604,0.0,0.0,この先制限速度なし,この先目立った勾配なし,前方0.3m先を0.0km/h,後続列車なし,0.0,0.0,未発車,55.0,0.0,23.0,normal,0.0,CBTC信号0km/hに対し3.5km/hで走行しており、即時0点ルールに該当するためrewardは0.0とする。
165.09999999999914,Train11,次駅への減速フェーズ（駅手前400m以内）,ブレーキ（減速）中,0.30000000000000004,力行（加速）,0.1,70.0,0.0,3.17,0.0,0.0,12.9,0.5396862507951858,0.0,0.0,この先制限速度なし,この先目立った勾配なし,前方0.2m先を0.0km/h,後続列車なし,0.0,0.0,未発車,55.0,0.0,23.1,normal,0.0,CBTC信号0km/hに対し3.2km/hで走行し、signal_speedを2km/h超過しているため即0.0とする。
161.39999999999947,Train11,次駅への減速フェーズ（駅手前400m以内）,ブレーキ（減速）中,3.600000000000002,力行（加速）,0.1,70.0,0.0,6.1,12.0,42.2,16.6,1.7744313687285471,0.0,9.2,この先制限速度なし,この先目立った勾配なし,前方42.5m先を0.0km/h,後続列車なし,0.0,0.0,未発車,40.0,12.0,4.4,normal,0.0,CBTC信号0km/hに対し6.1km/hで走行し、信号超過が即時0点違反となったためreward=0.0。
133.0,Train11,巡航フェーズ（駅間走行中）,惰行中,25.0,力行（加速）,6.0,70.0,70.0,53.43,53.4,430.1,45.0,138.7012732282868,0.0,6.1,この先制限速度なし,240m先に上り勾配9.2‰あり,前方430.4m先を0.0km/h,後続列車なし,0.0,0.0,未発車,70.0,53.4,6.0,anti_mid_stop,1.0,先行列車が停車中で機外停車防止モードと判定され、target_speed_no_stopと同等の速度で惰行しているため安全かつ省エネで評価が高い。
147.39999999999975,Train11,次駅への減速フェーズ（駅手前400m以内）,ブレーキ（減速）中,3.5000000000000018,力行（加速）,0.1,70.0,0.0,31.13,31.1,46.5,30.6,45.84505158760682,0.0,9.2,この先制限速度なし,この先目立った勾配なし,前方46.9m先を0.0km/h,後続列車なし,0.0,0.0,未発車,55.0,31.1,5.4,anti_mid_stop,0.0,CBTC信号が0km/hであるにも関わらず31.1km/hで走行しており、即時0.0規則に該当するためrewardは0.0となる。
152.79999999999944,Train11,次駅への減速フェーズ（駅手前400m以内）,ブレーキ（減速）中,1.3,惰行,0.1,70.0,0.0,17.26,17.3,9.6,25.2,14.163881104032242,0.0,9.2,この先制限速度なし,この先目立った勾配なし,前方10.0m先を0.0km/h,後続列車なし,0.0,0.0,未発車,55.0,17.3,10.8,normal,0.0,CBTC信号0km/hに対し17.3km/hで走行し超過しているため安全違反となり即0点とする。
151.09999999999965,Train11,次駅への減速フェーズ（駅手前400m以内）,ブレーキ（減速）中,3.5000000000000018,惰行,0.1,70.0,0.0,28.11,28.1,31.9,26.9,37.42649685808417,0.0,9.2,この先制限速度なし,この先目立った勾配なし,前方32.3m先を0.0km/h,後続列車なし,5.0,0.0,未発車,70.0,28.1,19.1,anti_mid_stop,0.0,CBTC信号0km/hを2km/h以上超過し、delta_stopが-5.53mでオーバーランが確実なため即時0点とした。
152.89999999999966,Train11,次駅への減速フェーズ（駅手前400m以内）,ブレーキ（減速）中,0.1,惰行,0.1,70.0,0.0,29.39,29.4,28.8,25.1,40.892000572539494,0.0,9.2,この先制限速度なし,この先目立った勾配なし,前方29.1m先を0.0km/h,後続列車なし,5.0,0.0,未発車,55.0,29.4,5.9,anti_mid_stop,0.0,CBTC信号0km/hを大幅に超過し、先行列車が29.1m先で停止しているため安全違反。即0.0とする。
162.19999999999976,Train11,次駅への減速フェーズ（駅手前400m以内）,ブレーキ（減速）中,1.3,惰行,0.1,70.0,18.1,22.08,22.1,65.1,15.8,23.14274153176499,0.0,9.2,この先制限速度なし,この先目立った勾配なし,前方65.5m先を0.0km/h,後続列車なし,0.0,0.0,未発車,40.0,22.1,5.2,normal,0.0,CBTC信号速度18.1km/hを2km/h超えて22.1km/hで走行しており、即reward0.0ルールが適用されるため評価は0.0となる。
153.49999999999963,Train11,次駅への減速フェーズ（駅手前400m以内）,ブレーキ（減速）中,0.2,惰行,0.1,70.0,0.0,28.12,28.1,24.0,24.5,37.452984829018305,0.0,9.2,この先制限速度なし,この先目立った勾配なし,前方24.3m先を0.0km/h,後続列車なし,5.0,0.0,未発車,55.0,28.1,6.5,anti_mid_stop,0.0,CBTC信号0km/hに対し28.1km/hで走行し、即時0.0評価基準に該当するためrewardは0.0となる。
156.79999999999922,Train11,次駅への減速フェーズ（駅手前400m以内）,ブレーキ（減速）中,2.800000000000001,惰行,0.1,70.0,0.0,6.08,0.0,0.0,21.2,1.9839151195014941,0.0,0.0,この先制限速度なし,この先目立った勾配なし,前方0.0m先を0.0km/h,後続列車なし,0.0,0.0,未発車,55.0,0.0,14.8,anti_mid_stop,0.0,CBTC信号が0km/hであるにも関わらず現在速度が6.1km/hと2km/h以上超過しており、安全違反の即時0点ルールが適用される。
70.0,Train11,巡航フェーズ（駅間走行中）,惰行中,2.0,力行（加速）,12.0,70.0,70.0,57.12,63.4,1302.3,91.0,171.01818141165603,0.0,0.0,この先制限速度なし,312m先に上り勾配12.5‰あり,前方1249.1m先を22.3km/h,後続列車なし,5.0,47.0,未発車,85.0,63.4,0.0,normal,0.2,巡航フェーズでrequired_speed(63.4km/h)に達しておらず、先行列車も遠く存在しないため惰行は遅延を拡大し定時性を損ねるが安全上の違反はない。
44.0,Train11,巡航フェーズ（駅間走行中）,惰行中,1.0,力行（加速）,25.0,70.0,70.0,53.68,70.0,1784.9,35.0,166.24258741882343,0.0,-6.7,この先制限速度なし,この先目立った勾配なし,前方684.7m先を63.4km/h,後続列車なし,5.0,118.0,未発車,40.0,49.8,0.0,anti_mid_stop,0.9,先行列車が前方で塞いでいるため駅間停車防止モードと判定し、速度はtarget_speed_no_stop(49.8km/h)を5km/h以内で維持し、CBTC・制限速度違反もなく安全・省エネと評価した。
157.59999999999917,Train11,次駅への減速フェーズ（駅手前400m以内）,ブレーキ（減速）中,3.600000000000002,惰行,0.1,70.0,0.0,3.75,0.0,0.0,20.4,0.7551385452871279,0.0,0.0,この先制限速度なし,この先目立った勾配なし,前方0.0m先を1.7km/h,後続列車なし,0.0,0.0,未発車,55.0,0.0,15.6,anti_mid_stop,0.0,CBTC信号が0km/hなのに3.8km/hで走行しており、即reward0.0ルールに該当するため評価は0.0とした。
100.0,Train11,巡航フェーズ（駅間走行中）,惰行中,1.0,力行（加速）,6.0,70.0,70.0,67.66,70.0,1089.5,61.0,238.18767225809398,0.0,0.0,この先制限速度なし,99m先に上り勾配12.5‰あり,前方1036.2m先を22.3km/h,後続列車なし,5.0,47.0,未発車,55.0,70.0,0.0,normal,0.4,巡航フェーズでrequired_speed未達のまま惰行を続け、前後の力行保持時間が7秒未満で合理的理由なく力行→惰行に切替したためノコギリ運転とみなし減点した。
159.0999999999992,Train11,次駅への減速フェーズ（駅手前400m以内）,ブレーキ（減速）中,4.200000000000001,力行（加速）,0.1,70.0,0.0,5.16,0.0,0.0,18.9,1.429274558686408,0.0,0.0,この先制限速度なし,この先目立った勾配なし,前方0.0m先を0.0km/h,後続列車なし,5.0,0.0,未発車,70.0,0.0,27.1,normal,0.0,CBTC信号0km/hに対し5.2km/hで走行し信号超過があるため即座に0.0とする。
158.8999999999992,Train11,次駅への減速フェーズ（駅手前400m以内）,ブレーキ（減速）中,4.000000000000002,力行（加速）,0.1,70.0,0.0,5.75,0.0,0.0,19.1,1.7745488622606744,0.0,0.0,この先制限速度なし,この先目立った勾配なし,前方0.0m先を0.0km/h,後続列車なし,5.0,0.0,未発車,70.0,0.0,26.9,anti_mid_stop,0.0,現在速度5.8km/hがCBTC信号0km/hを2km/h以上上回っており、安全違反の即時0点ルールが適用される。
144.0,Train11,次駅への減速フェーズ（駅手前400m以内）,力行（加速）中,3.0,惰行,2.0,70.0,67.9,39.39,39.4,271.5,34.0,75.95525087039823,0.0,6.1,この先制限速度なし,81m先に上り勾配9.2‰あり,前方271.9m先を0.0km/h,後続列車なし,0.0,0.0,未発車,55.0,39.4,2.0,anti_mid_stop,0.2,先行が塞いで駅間停車防止モード。target_speed_no_stopを超える力行と、保持時間が短いノコギリ運転で評価が低く、上限0.3に抑えて0.2とした。
91.0,Train11,巡航フェーズ（駅間走行中）,力行（加速）中,6.0,惰行,8.0,70.0,70.0,63.2,70.0,1067.9,44.0,208.49289461180092,0.0,0.0,この先制限速度なし,77m先に上り勾配12.5‰あり,前方765.9m先を51.7km/h,後続列車なし,5.0,71.0,未発車,40.0,56.7,0.0,anti_mid_stop,0.3,先行が塞いでいる駅間停車防止モードで、current_speed が target_speed_no_stop を超えて力行しているため機外停車リスクがあり減点し、reward 0.3 とした。
155.3999999999998,Train11,次駅への減速フェーズ（駅手前400m以内）,ブレーキ（減速）中,0.4,惰行,0.1,70.0,18.8,22.44,22.4,66.4,22.6,23.900573713975565,0.0,9.2,この先制限速度なし,この先目立った勾配なし,前方66.8m先を0.0km/h,後続列車なし,0.0,1.6,未発車,40.0,22.4,0.0,normal,0.0,CBTC信号速度18.8km/hを2km/h超える22.4km/hで走行し、即時0点ルールに該当するためreward=0.0。
146.79999999999978,Train11,次駅への減速フェーズ（駅手前400m以内）,ブレーキ（減速）中,2.9000000000000012,力行（加速）,0.1,70.0,6.9,32.91,32.9,51.9,31.2,51.19979939501638,0.0,9.2,この先制限速度なし,この先目立った勾配なし,前方52.2m先を0.0km/h,後続列車なし,0.0,0.0,未発車,55.0,32.9,4.8,anti_mid_stop,0.0,CBTC信号速度6.9km/hを大幅に上回る32.9km/hで走行しており、即時0点ルールに該当するためrewardは0.0とした。
156.09999999999965,Train11,次駅への減速フェーズ（駅手前400m以内）,ブレーキ（減速）中,1.8000000000000005,力行（加速）,1.6000000000000003,70.0,0.0,26.6,26.6,37.4,21.9,33.53294445772431,0.0,9.2,この先制限速度なし,この先目立った勾配なし,前方37.7m先を0.0km/h,後続列車なし,0.0,0.0,未発車,55.0,26.6,14.1,anti_mid_stop,0.0,CBTC信号が0km/hなのに26.6km/hで走行しており即0.0ルールに該当するため評価は0.0とする。
157.79999999999916,Train11,次駅への減速フェーズ（駅手前400m以内）,ブレーキ（減速）中,3.800000000000002,惰行,0.1,70.0,0.0,3.17,0.0,0.0,20.2,0.5396862507951858,0.0,0.0,この先制限速度なし,この先目立った勾配なし,前方0.0m先を2.2km/h,後続列車なし,0.0,0.0,未発車,55.0,0.0,15.8,anti_mid_stop,0.0,CBTC信号0km/hを2km/h超える3.2km/hで走行しており、即時0点ルールに該当するためreward=0.0。
113.0,Train11,巡航フェーズ（駅間走行中）,力行（加速）中,13.0,惰行,6.0,70.0,70.0,60.8,63.4,908.4,65.0,165.75934941034228,0.0,12.5,この先制限速度なし,この先目立った勾配なし,前方908.8m先を0.0km/h,後続列車なし,5.0,19.0,未発車,70.0,63.4,0.0,normal,1.0,巡航フェーズでrequired_speed未達だが加速中であり、速度・信号・制限を遵守し、先行列車との間隔も安全なため高評価。
49.0,Train11,巡航フェーズ（駅間走行中）,力行（加速）中,50.0,ブレーキ（減速）,30.0,70.0,70.0,64.02,70.0,1626.3,90.0,213.81365263137712,0.0,0.0,この先制限速度なし,この先目立った勾配なし,前方1365.9m先を47.9km/h,後続列車なし,5.0,68.0,未発車,85.0,70.0,0.0,normal,0.9,巡航フェーズでrequired_speed未達のため加速は適切、速度・CBTC遵守、先行列車との間隔安全、即時0点要因なし。
144.0,Train11,次駅への減速フェーズ（駅手前400m以内）,力行（加速）中,7.0,ブレーキ（減速）,6.0,70.0,70.0,43.0,43.7,303.9,34.0,90.35233377148568,0.0,6.1,この先制限速度なし,113m先に上り勾配9.2‰あり,前方304.3m先を0.0km/h,後続列車なし,5.0,3.0,未発車,55.0,43.7,0.0,normal,0.2,次駅減速フェーズで加速しており、停止位置達成が遅れエネルギー無駄になるため低評価。
152.19999999999953,Train11,次駅への減速フェーズ（駅手前400m以内）,ブレーキ（減速）中,1.0999999999999999,惰行,0.1,70.0,0.0,9.19,11.5,47.2,25.8,4.024491092622406,0.0,9.2,この先制限速度なし,この先目立った勾配なし,前方47.5m先を0.0km/h,後続列車なし,5.0,0.0,未発車,55.0,11.5,5.2,anti_mid_stop,0.0,CBTC信号が0km/hなのに現在速度9.2km/hで走行し、signal_speed+2km/hを超えているため即時0点とした。
164.39999999999964,Train11,次駅への減速フェーズ（駅手前400m以内）,ブレーキ（減速）中,1.5000000000000002,力行（加速）,0.1,70.0,8.9,16.1,19.4,53.4,13.6,12.328380395969889,0.0,9.2,この先制限速度なし,この先目立った勾配なし,前方53.8m先を0.0km/h,後続列車なし,0.0,0.0,未発車,40.0,19.4,7.4,anti_mid_stop,0.0,現在速度16.1km/hがCBTC信号8.9km/hを2km/h以上上回っており、即時0点ルールに該当するためrewardは0.0とした。
119.0,Train11,巡航フェーズ（駅間走行中）,ブレーキ（減速）中,1.0,惰行,3.0,70.0,70.0,59.55,62.1,799.5,59.0,159.13069694438886,0.0,12.5,この先制限速度なし,この先目立った勾配なし,前方799.9m先を0.0km/h,後続列車なし,0.0,0.0,未発車,85.0,62.1,7.0,normal,0.2,巡航フェーズでrequired_speed未達なのにブレーキをかけ、前後の列車間隔は問題ないがノコギリ運転と判定され上限0.3点に抑えられたため。
151.69999999999956,Train11,次駅への減速フェーズ（駅手前400m以内）,ブレーキ（減速）中,0.6,惰行,0.1,70.0,0.0,10.65,11.8,48.5,26.3,5.402782338112295,0.0,9.2,この先制限速度なし,この先目立った勾配なし,前方48.9m先を0.0km/h,後続列車なし,5.0,0.0,未発車,55.0,11.8,4.7,anti_mid_stop,0.0,CBTC信号0km/hに対し現在速度10.7km/hで2km/h以上超過しており、安全違反のため即時0.0評価が適用される。
87.0,Train11,巡航フェーズ（駅間走行中）,力行（加速）中,3.0,惰行,6.0,70.0,70.0,65.63,70.0,1161.0,61.0,224.4429327004896,0.0,0.0,この先制限速度なし,171m先に上り勾配12.5‰あり,前方996.3m先を39.5km/h,後続列車なし,5.0,60.0,未発車,55.0,70.0,0.0,normal,0.5,短時間の惰行→力行切替が合理的理由なく行われ、ノコギリ運転と判定され上限0.5点に減点。
153.69999999999962,Train11,次駅への減速フェーズ（駅手前400m以内）,ブレーキ（減速）中,0.4,惰行,0.1,70.0,0.0,27.53,27.5,22.4,24.3,35.90600934000624,0.0,9.2,この先制限速度なし,この先目立った勾配なし,前方22.8m先を0.0km/h,後続列車なし,5.0,0.0,未発車,55.0,27.5,6.7,anti_mid_stop,0.0,CBTC信号が0km/hなのに現在速度27.5km/hで走行し、signal_speed+2km/hを超えているため即時0点とした。
90.0,Train11,巡航フェーズ（駅間走行中）,力行（加速）中,15.0,ブレーキ（減速）,6.0,70.0,70.0,52.75,70.0,1127.2,44.0,146.26379130167942,0.0,0.0,この先制限速度なし,137m先に上り勾配12.5‰あり,前方810.7m先を52.9km/h,後続列車なし,5.0,72.0,未発車,40.0,58.3,0.0,anti_mid_stop,1.0,先行列車が前方で塞いでいるため駅間停車防止モード。現在速度はtarget_speed_no_stop未満で力行中であり、加速は適切で安全・効率的。
92.0,Train11,巡航フェーズ（駅間走行中）,惰行中,1.0,力行（加速）,6.0,70.0,70.0,63.73,70.0,1050.2,45.0,211.92473719092519,0.0,0.0,この先制限速度なし,60m先に上り勾配12.5‰あり,前方762.4m先を50.4km/h,後続列車なし,5.0,70.0,未発車,40.0,55.8,0.0,anti_mid_stop,0.2,先行列車が塞ぎ駅間停車防止モードで、target_speed_no_stop(55.8km/h)を超える63.7km/hで惰行し過剰加速とみなされ、さらに短時間の力行→惰行切替でノコギリ運転と判断されたため減点。
151.19999999999953,Train11,次駅への減速フェーズ（駅手前400m以内）,ブレーキ（減速）中,1.2,惰行,0.1,70.0,0.0,21.71,21.7,18.3,26.8,22.376462699950636,0.0,9.2,この先制限速度なし,この先目立った勾配なし,前方18.7m先を0.0km/h,後続列車なし,0.0,0.0,未発車,55.0,21.7,9.2,anti_mid_stop,0.0,CBTC信号が0km/hなのに21.7km/hで走行し、signal_speed超過が即0点対象となったためreward=0.0。
161.99999999999926,Train11,次駅への減速フェーズ（駅手前400m以内）,ブレーキ（減速）中,4.899999999999999,惰行,0.1,70.0,0.0,7.9,0.0,0.0,16.0,3.347823874003028,0.0,0.0,この先制限速度なし,この先目立った勾配なし,前方0.0m先を0.0km/h,後続列車なし,5.0,0.0,未発車,40.0,0.0,0.0,normal,0.0,CBTC信号0km/hに対し7.9km/hで走行し、低速域でdelta_stopが-3.35mとオーバーランが確実なため即0.0評価となる。
126.0,Train11,巡航フェーズ（駅間走行中）,惰行中,3.0,力行（加速）,2.0,70.0,70.0,36.35,38.9,420.2,52.0,64.77721848949162,0.0,6.1,この先制限速度なし,230m先に上り勾配9.2‰あり,前方420.5m先を0.0km/h,後続列車なし,5.0,6.0,未発車,70.0,38.9,0.0,normal,0.2,巡航フェーズでrequired_speed未達のまま惰行を続け、前ノッチからの短時間切替が合理的理由なくノコギリ運転と判定されたため、上限0.3を下回る0.2とした。
158.49999999999923,Train11,次駅への減速フェーズ（駅手前400m以内）,ブレーキ（減速）中,3.600000000000002,力行（加速）,0.1,70.0,0.0,6.91,0.0,0.0,19.5,2.5619985337432043,0.0,0.0,この先制限速度なし,この先目立った勾配なし,前方0.0m先を0.0km/h,後続列車なし,5.0,0.0,未発車,70.0,0.0,26.5,anti_mid_stop,0.0,CBTC信号0km/hに対し6.9km/hで走行し速度超過しているため即時0点とする。
124.0,Train11,巡航フェーズ（駅間走行中）,ブレーキ（減速）中,1.0,力行（加速）,44.0,70.0,70.0,63.77,70.0,825.9,46.0,182.02328265480003,0.0,12.5,この先制限速度なし,この先目立った勾配なし,前方813.8m先を10.7km/h,後続列車なし,5.0,38.0,未発車,40.0,70.0,0.0,normal,0.2,巡航フェーズでrequired_speed 70km/hに対し63.8km/hのままブレーキを続け、先行列車も遠く不要な減速はちんたら運転と判断し大幅減点した。
147.09999999999982,Train11,次駅への減速フェーズ（駅手前400m以内）,ブレーキ（減速）中,8.199999999999989,惰行,43.0,70.0,20.7,23.37,23.4,70.0,30.9,25.914243190270188,0.0,9.2,この先制限速度なし,この先目立った勾配なし,前方70.4m先を0.0km/h,後続列車なし,5.0,0.0,未発車,55.0,23.4,0.1,normal,0.0,CBTC信号速度20.7km/hを2km/h超える23.4km/hで走行し、即時0点ルールに該当するためreward=0.0。
123.0,Train11,巡航フェーズ（駅間走行中）,惰行中,6.0,力行（加速）,6.0,70.0,70.0,66.39,66.4,478.1,55.0,212.4006663587484,0.0,6.1,この先制限速度なし,288m先に上り勾配9.2‰あり,前方478.5m先を0.0km/h,後続列車なし,5.0,9.0,未発車,70.0,66.4,0.0,normal,1.0,required_speedと同等の66.4km/hで惰行し、制限速度・CBTC信号を遵守、不要な加速がなくエネルギー効率的な巡航のため高評価。
147.79999999999973,Train11,次駅への減速フェーズ（駅手前400m以内）,ブレーキ（減速）中,3.900000000000002,力行（加速）,0.1,70.0,0.0,29.95,29.9,43.1,30.2,42.45567224943433,0.0,9.2,この先制限速度なし,この先目立った勾配なし,前方43.5m先を0.0km/h,後続列車なし,0.0,0.0,未発車,55.0,29.9,5.8,anti_mid_stop,0.0,CBTC信号が0km/hなのに現在速度29.9km/hで走行し、signal_speed+2km/hを超えているため即時0点とした。
146.0,Train11,次駅への減速フェーズ（駅手前400m以内）,力行（加速）中,5.0,惰行,5.0,70.0,62.8,45.29,45.3,240.3,32.0,100.11263521921424,0.0,6.1,この先制限速度なし,50m先に上り勾配9.2‰あり,前方240.7m先を0.0km/h,後続列車なし,5.0,0.0,未発車,85.0,45.3,29.0,normal,0.2,減速フェーズでの加速は停止位置確保を妨げ、ノコギリ運転と列間隔過密が重なり評価を低くした。
136.0,Train11,次駅への減速フェーズ（駅手前400m以内）,力行（加速）中,6.0,惰行,6.0,70.0,70.0,61.07,61.1,299.6,42.0,180.35512791254118,0.0,6.1,この先制限速度なし,109m先に上り勾配9.2‰あり,前方300.0m先を0.0km/h,後続列車なし,5.0,26.0,未発車,40.0,61.1,0.0,anti_mid_stop,0.2,先行列車が停車中で駅間停車防止モード、target_speed_no_stopを超える力行と短時間のノコギリ運転が判定され、停止位置も遠ざかるため低評価とした。
63.0,Train11,巡航フェーズ（駅間走行中）,惰行中,3.0,力行（加速）,12.0,70.0,70.0,63.6,70.0,1397.5,55.0,211.08053272043938,0.0,0.0,この先制限速度なし,407m先に上り勾配12.5‰あり,前方888.7m先を60.5km/h,後続列車なし,5.0,84.0,未発車,55.0,65.5,0.0,normal,0.2,先行列車が遠く制限・CBTCは遵守しているが、required_speed 70km/hに対し63.6km/hの惰行を続けており、55秒で駅到着は不可能で遅延が確実なため巡航フェーズのちんたら運転と判断し低評価。
157.1999999999992,Train11,次駅への減速フェーズ（駅手前400m以内）,ブレーキ（減速）中,3.2000000000000015,惰行,0.1,70.0,0.0,4.91,0.0,0.0,20.8,1.2942136602481746,0.0,0.0,この先制限速度なし,この先目立った勾配なし,前方0.0m先を0.6km/h,後続列車なし,0.0,0.0,未発車,55.0,0.0,15.2,normal,0.0,CBTC信号が0km/hの中、現在速度4.9km/hが2km/h以上超過しており即時0点ルールに該当するため、rewardは0.0とした。
55.0,Train11,巡航フェーズ（駅間走行中）,惰行中,8.0,力行（加速）,24.0,70.0,70.0,54.15,70.0,1662.1,35.0,169.11076876203623,0.0,-6.7,この先制限速度なし,この先目立った勾配なし,前方754.2m先を62.7km/h,後続列車なし,5.0,107.0,未発車,40.0,51.8,0.0,anti_mid_stop,1.0,先行列車が塞いでいる駅間停車防止モードで、現在速度が target_speed_no_stop 付近の惰行を維持し、制限速度・CBTC遵守、間隔安全、遅延なしのため減点要因がない。
140.0,Train11,巡航フェーズ（駅間走行中）,惰行中,6.0,力行（加速）,53.0,70.0,70.0,64.14,70.0,687.1,38.0,214.59756971141778,0.0,0.0,この先制限速度なし,97m先に上り勾配6.1‰あり,前方687.4m先を0.0km/h,後続列車なし,0.0,17.0,未発車,40.0,70.0,0.0,normal,0.3,巡航フェーズでrequired_speed 70km/hに対し64.1km/hの惰行は速度不足で遅延リスクとなり、減点して0.3とする。
114.0,Train11,巡航フェーズ（駅間走行中）,惰行中,5.0,力行（加速）,18.0,70.0,70.0,57.17,70.0,723.3,51.0,171.3120383194627,0.0,0.0,この先制限速度なし,133m先に上り勾配6.1‰あり,前方691.9m先を17.1km/h,後続列車なし,0.0,43.0,未発車,40.0,57.8,0.0,anti_mid_stop,1.0,先行列車が前方に塞いでいるため駅間停車防止モードと判定し、現在速度はtarget_speed_no_stop付近で惰行、制限・CBTC遵守、間隔安全で高評価。
157.79999999999956,Train11,次駅への減速フェーズ（駅手前400m以内）,惰行中,0.1,ブレーキ（減速）,0.9999999999999999,70.0,0.0,22.92,22.9,25.6,20.2,24.929820322284815,0.0,9.2,この先制限速度なし,この先目立った勾配なし,前方25.9m先を0.0km/h,後続列車なし,0.0,0.0,未発車,55.0,22.9,15.8,anti_mid_stop,0.0,CBTC信号が0km/hであるにもかかわらず22.9km/hで走行し信号超過しているため、安全違反として即座にrewardを0.0とする。
150.2999999999998,Train11,次駅への減速フェーズ（駅手前400m以内）,ブレーキ（減速）中,0.7,惰行,0.1,70.0,7.7,36.43,36.4,52.4,27.7,62.64201067253347,0.0,9.2,この先制限速度なし,この先目立った勾配なし,前方52.8m先を0.0km/h,後続列車なし,5.0,0.0,未発車,55.0,36.4,3.3,anti_mid_stop,0.0,CBTC信号7.7km/hを2km/h超えて36.4km/hで走行しているため安全違反となり即時0点とした。
60.0,Train11,巡航フェーズ（駅間走行中）,惰行中,1.0,力行（加速）,41.0,70.0,70.0,66.2,70.0,1486.9,74.0,228.26381553044908,0.0,0.0,この先制限速度なし,496m先に上り勾配12.5‰あり,前方1170.4m先を52.9km/h,後続列車なし,5.0,72.0,未発車,70.0,70.0,0.0,normal,0.5,巡航フェーズでrequired_speed未達のまま惰行を続け、次駅到達に遅延リスクがあるため減点。
77.0,Train11,巡航フェーズ（駅間走行中）,惰行中,2.0,力行（加速）,42.0,70.0,70.0,65.98,70.0,1371.0,81.0,226.78552094608426,0.0,0.0,この先制限速度なし,381m先に上り勾配12.5‰あり,前方1297.5m先を26.2km/h,後続列車なし,0.0,50.0,未発車,70.0,70.0,0.0,normal,0.2,先行列車が遠くCBTC・制限速度は遵守しているが、required_speed 70km/hに対し66km/hで惰行を続けており、先行なしで低速走行は巡航フェーズのちんたら運転とみなされ減点対象となった。
147.69999999999985,Train11,次駅への減速フェーズ（駅手前400m以内）,ブレーキ（減速）中,0.1,惰行,0.1,70.0,16.9,38.17,38.2,63.2,30.3,68.71455728066833,0.0,9.2,この先制限速度なし,この先目立った勾配なし,前方63.6m先を0.0km/h,後続列車なし,5.0,0.0,未発車,70.0,38.2,15.7,anti_mid_stop,0.0,CBTC信号速度16.9km/hを2km/h超える38.2km/hで走行しており、即時0点ルールに該当するためrewardは0.0とした。
94.0,Train11,巡航フェーズ（駅間走行中）,力行（加速）中,11.0,惰行,6.0,70.0,70.0,57.12,64.4,1221.2,84.0,171.01818141165603,0.0,0.0,この先制限速度なし,231m先に上り勾配12.5‰あり,前方1221.6m先を0.0km/h,後続列車なし,0.0,18.0,未発車,85.0,64.4,0.0,normal,0.9,巡航フェーズでrequired_speed未達だが加速は必要であり、速度・信号・制限を遵守、ノコギリ運転なし、停車位置も十分確保できているため高評価。
147.0,Train11,次駅への減速フェーズ（駅手前400m以内）,力行（加速）中,6.0,惰行,5.0,70.0,60.7,45.91,45.9,227.6,31.0,102.83849433793546,0.0,6.1,この先制限速度なし,37m先に上り勾配9.2‰あり,前方228.0m先を0.0km/h,後続列車なし,5.0,0.0,未発車,85.0,45.9,30.0,anti_mid_stop,0.2,先行列車が停車中で駅間停車防止モードと判定され、target_speed_no_stopを超える加速とノコギリ運転が見られたため減点し、上限0.3のうち0.2とした。
109.0,Train11,巡航フェーズ（駅間走行中）,惰行中,1.0,力行（加速）,23.0,70.0,70.0,59.86,59.9,656.3,67.0,187.47307107335294,0.0,0.0,この先制限速度なし,66m先に上り勾配6.1‰あり,前方654.6m先を4.3km/h,後続列車なし,0.0,33.0,未発車,55.0,59.9,0.0,anti_mid_stop,1.0,先行列車が前方に塞ぎ、target_speed_no_stopで惰行しているため速度・制限・CBTCすべて遵守し、即時0ルールも無く適切な運転。
111.0,Train11,巡航フェーズ（駅間走行中）,力行（加速）中,8.0,惰行,6.0,70.0,70.0,59.38,63.2,952.1,67.0,158.23914994269416,0.0,12.5,この先制限速度なし,この先目立った勾配なし,前方952.5m先を0.0km/h,後続列車なし,5.0,6.0,未発車,85.0,63.2,0.0,normal,0.9,巡航フェーズでrequired_speed未達のため加速は妥当、速度・制限・CBTC信号を遵守し安全上の問題もなく、他項目でも減点要因がない。
51.0,Train11,巡航フェーズ（駅間走行中）,惰行中,8.0,力行（加速）,25.0,70.0,70.0,54.0,70.0,1680.3,35.0,168.19286343333684,0.0,-6.7,この先制限速度なし,この先目立った勾配なし,前方702.8m先を63.1km/h,後続列車なし,5.0,111.0,未発車,40.0,50.0,0.0,anti_mid_stop,0.9,先行列車が塞いでいる駅間停車防止モードで、現在速度はtarget_speed_no_stop上限以内の惰行であり、制限速度・CBTC遵守、間隔も適正なため高評価。
126.0,Train11,巡航フェーズ（駅間走行中）,惰行中,17.0,力行（加速）,18.0,70.0,70.0,54.06,54.1,537.0,52.0,141.93871769684466,0.0,6.1,この先制限速度なし,347m先に上り勾配9.2‰あり,前方537.1m先を1.8km/h,後続列車なし,0.0,31.0,未発車,40.0,54.1,0.0,normal,0.8,required_speedと一致した惰行で巡航は適切だが、先行列車までの距離が不足し安全間隔が確保できていないため減点。
42.0,Train11,巡航フェーズ（駅間走行中）,惰行中,3.0,力行（加速）,40.0,70.0,70.0,56.94,70.0,1746.3,40.0,186.61416304650905,0.0,-6.7,この先制限速度なし,この先目立った勾配なし,前方698.7m先を63.5km/h,後続列車なし,0.0,115.0,未発車,40.0,50.1,0.0,anti_mid_stop,0.4,先行列車が塞いでいる駅間停車防止モードで、現在速度がtarget_speed_no_stop(50.1km/h)を5km/h以上上回っており過剰加速とみなされ減点対象となる。
79.0,Train11,巡航フェーズ（駅間走行中）,惰行中,3.0,力行（加速）,6.0,70.0,70.0,64.56,70.0,1116.4,60.0,217.35185673137073,0.0,0.0,この先制限速度なし,126m先に上り勾配12.5‰あり,前方855.9m先を47.9km/h,後続列車なし,5.0,68.0,未発車,55.0,61.1,0.0,anti_mid_stop,0.4,先行列車が塞ぎ駅間停車防止モードで、target_speed_no_stopを超える加速はせず惰行で維持しているが、直前の力行→惰行が7秒未満で合理的理由がなくノコギリ運転と判定され、上限0.5点に抑えられた。
156.19999999999925,Train11,次駅への減速フェーズ（駅手前400m以内）,ブレーキ（減速）中,2.2000000000000006,惰行,0.1,70.0,0.0,7.83,0.0,0.0,21.8,3.2888203190627996,0.0,0.0,この先制限速度なし,この先目立った勾配なし,前方0.0m先を0.0km/h,後続列車なし,0.0,0.0,未発車,55.0,0.0,14.2,anti_mid_stop,0.0,CBTC信号0km/hに対し現在速度7.8km/hがsignal+2km/hを超えており、安全違反の即時0点ルールが適用される。
82.0,Train11,巡航フェーズ（駅間走行中）,惰行中,6.0,力行（加速）,6.0,70.0,70.0,63.88,70.0,1062.9,61.0,212.90078169876742,0.0,0.0,この先制限速度なし,72m先に上り勾配12.5‰あり,前方840.8m先を44.2km/h,後続列車なし,5.0,65.0,未発車,55.0,60.1,0.0,anti_mid_stop,0.4,駅間停車防止モードでtarget_speed_no_stop以下の惰行は適切だが、直前の力行→惰行が7秒未満で合理的理由がなくノコギリ運転と判定され、reward上限が0.3〜0.5に制限された。
47.0,Train11,巡航フェーズ（駅間走行中）,惰行中,4.0,力行（加速）,25.0,70.0,70.0,53.82,70.0,1740.2,35.0,167.09450527651578,0.0,-6.7,この先制限速度なし,この先目立った勾配なし,前方692.6m先を63.5km/h,後続列車なし,5.0,115.0,未発車,40.0,49.5,0.0,anti_mid_stop,0.9,先行列車が塞いでいるため駅間停車防止モードと判定し、現在速度はtarget_speed_no_stop上限内で惰行しており、CBTC・制限速度遵守、間隔適正で安全かつ省エネと判断したため高評価。
121.0,Train11,巡航フェーズ（駅間走行中）,力行（加速）中,6.0,ブレーキ（減速）,7.0,70.0,70.0,41.0,44.4,537.0,57.0,82.2260199854562,0.0,6.1,この先制限速度なし,347m先に上り勾配9.2‰あり,前方537.4m先を0.0km/h,後続列車なし,5.0,0.0,未発車,85.0,44.4,4.0,normal,0.9,巡航フェーズでrequired_speed未達だが加速中で適切、制限速度・CBTC遵守、先行列車との安全距離確保に問題なし。
143.0,Train11,次駅への減速フェーズ（駅手前400m以内）,惰行中,5.0,力行（加速）,8.0,70.0,52.8,60.32,60.3,180.3,35.0,169.57528839623703,0.0,9.2,この先制限速度なし,この先目立った勾配なし,前方180.7m先を0.0km/h,後続列車なし,5.0,19.0,未発車,40.0,60.3,0.0,normal,0.0,現在速度がCBTC信号速度を2km/h以上上回っており安全違反のためrewardは0.0とする。
114.0,Train11,巡航フェーズ（駅間走行中）,力行（加速）中,3.0,惰行,1.0,70.0,70.0,67.06,67.1,647.4,64.0,234.08556136679212,0.0,0.0,この先制限速度なし,57m先に上り勾配6.1‰あり,前方647.8m先を0.0km/h,後続列車なし,5.0,18.0,未発車,70.0,67.1,0.0,normal,0.0,直前の惰行から3秒未満の力行への切替に合理的根拠がなく、ノコギリ運転と判定されたため上限0点となった。
105.0,Train11,巡航フェーズ（駅間走行中）,力行（加速）中,8.0,惰行,6.0,70.0,70.0,62.1,70.0,825.6,46.0,172.78940119380695,0.0,12.5,この先制限速度なし,この先目立った勾配なし,前方692.1m先を35.5km/h,後続列車なし,5.0,57.0,未発車,40.0,64.9,0.0,anti_mid_stop,0.9,先行列車が前方に塞いでいるため駅間停車防止モードと判定し、現在速度がtarget_speed_no_stop未満での加速は適切と判断した。
43.0,Train11,巡航フェーズ（駅間走行中）,力行（加速）中,16.0,惰行,6.0,70.0,70.0,54.51,70.0,1757.1,57.0,171.32340280737145,0.0,-6.7,この先制限速度なし,この先目立った勾配なし,前方988.7m先を63.3km/h,後続列車なし,0.0,99.0,未発車,55.0,60.7,0.0,anti_mid_stop,1.0,先行列車が塞いでいるため駅間停車防止モード。現在速度が target_speed_no_stop 未満で加速中は適切で、制限速度・CBTC遵守、列車間隔も良好。
95.0,Train11,巡航フェーズ（駅間走行中）,惰行中,5.0,力行（加速）,6.0,70.0,70.0,62.92,63.4,802.7,66.0,177.29494385139785,0.0,12.5,この先制限速度なし,この先目立った勾配なし,前方749.4m先を22.3km/h,後続列車なし,0.0,47.0,未発車,55.0,63.4,0.0,normal,0.5,直前の力行から5秒の惰行への切替が7秒未満で合理的理由がなく、ノコギリ運転と判定され上限0.5点に制限されたため。
151.0,Train11,巡航フェーズ（駅間走行中）,惰行中,5.0,力行（加速）,6.0,70.0,70.0,64.76,70.0,487.4,27.0,202.32031487000978,0.0,6.1,この先制限速度なし,297m先に上り勾配9.2‰あり,前方487.7m先を0.0km/h,後続列車なし,0.0,6.0,未発車,40.0,70.0,0.0,normal,0.2,先行がいないのにrequired_speed未達のまま惰行し、保持時間が7秒未満の逆転でノコギリ運転と判断されたため低評価。
154.59999999999968,Train11,次駅への減速フェーズ（駅手前400m以内）,ブレーキ（減速）中,1.2,力行（加速）,0.1,70.0,0.0,28.91,28.9,34.0,23.4,39.57471838622228,0.0,9.2,この先制限速度なし,この先目立った勾配なし,前方34.4m先を0.0km/h,後続列車なし,5.0,7.4,未発車,40.0,28.9,0.0,normal,0.0,CBTC信号0km/hを大幅に超えて走行し、ブレーキ中でも停止距離不足（delta_stop<-5m）でオーバーラン確実と判断されたため即0点とする。
154.39999999999935,Train11,次駅への減速フェーズ（駅手前400m以内）,ブレーキ（減速）中,0.4,惰行,0.1,70.0,0.0,13.08,13.1,2.9,23.6,8.14421908205982,0.0,9.2,この先制限速度なし,この先目立った勾配なし,前方3.3m先を0.0km/h,後続列車なし,0.0,0.0,未発車,55.0,13.1,12.4,anti_mid_stop,0.0,CBTC信号0km/hを2km/h以上超過し、delta_stopが-5.24mでオーバーランが確実なため即0点。
146.4999999999998,Train11,次駅への減速フェーズ（駅手前400m以内）,ブレーキ（減速）中,2.600000000000001,力行（加速）,0.1,70.0,10.3,33.8,33.8,54.6,31.5,53.986023646498424,0.0,9.2,この先制限速度なし,この先目立った勾配なし,前方55.0m先を0.0km/h,後続列車なし,0.0,0.0,未発車,55.0,33.8,4.5,anti_mid_stop,0.0,CBTC信号速度10.3km/hを大幅に超える33.8km/hで走行しており、即0.0の安全違反となるため評価は0.0とする。
137.0,Train11,巡航フェーズ（駅間走行中）,力行（加速）中,12.0,惰行,6.0,70.0,70.0,65.14,65.1,494.6,41.0,204.6497511994248,0.0,6.1,この先制限速度なし,304m先に上り勾配9.2‰あり,前方495.0m先を0.0km/h,後続列車なし,5.0,0.0,未発車,70.0,65.1,5.0,anti_mid_stop,0.9,先行列車が次駅で停車中で駅間停車防止モード。現在速度はtarget_speed_no_stopと一致し、加速は上限以内で安全かつ省エネ的に適切と判断したため高評価。
96.0,Train11,巡航フェーズ（駅間走行中）,惰行中,1.0,力行（加速）,20.0,70.0,70.0,56.83,70.0,1035.8,45.0,169.3185303990206,0.0,0.0,この先制限速度なし,45m先に上り勾配12.5‰あり,前方801.2m先を45.4km/h,後続列車なし,5.0,66.0,未発車,40.0,57.6,0.0,anti_mid_stop,0.9,先行列車が塞いでいる駅間停車防止モードで、現在速度はtarget_speed_no_stop付近の惰行で適切。
145.0,Train11,次駅への減速フェーズ（駅手前400m以内）,惰行中,1.0,力行（加速）,6.0,70.0,67.2,52.12,52.1,267.0,33.0,132.0840671209195,0.0,6.1,この先制限速度なし,76m先に上り勾配9.2‰あり,前方267.4m先を0.0km/h,後続列車なし,0.0,12.0,未発車,40.0,52.1,0.0,normal,0.5,加速から惰行への短時間切替が合理的理由なく行われたためノコギリ運転と判定し、reward上限を0.5に抑制した。
155.1999999999993,Train11,次駅への減速フェーズ（駅手前400m以内）,ブレーキ（減速）中,1.2,惰行,0.1,70.0,0.0,10.75,10.8,0.3,22.8,5.504575844212856,0.0,9.2,この先制限速度なし,この先目立った勾配なし,前方0.7m先を0.0km/h,後続列車なし,0.0,0.0,未発車,55.0,10.8,13.2,anti_mid_stop,0.0,CBTC信号0km/hに対し10.8km/hで走行し、signal_speed+2km/hを超過、かつdelta_stopが-5.2mでオーバーランが確実なため即0.0とした。
86.0,Train11,巡航フェーズ（駅間走行中）,惰行中,4.0,力行（加速）,39.0,70.0,70.0,65.31,69.9,1155.2,76.0,222.31108355639435,0.0,0.0,この先制限速度なし,165m先に上り勾配12.5‰あり,前方1108.0m先を21.0km/h,後続列車なし,5.0,46.0,未発車,70.0,69.9,0.0,normal,0.4,巡航フェーズでrequired_speed(69.9km/h)を下回る65.3km/hのまま惰行を続けており、先行列車も遠くにいるため加速すべきところを遅延リスクのあるちんたら運転と判断した。
47.0,Train11,巡航フェーズ（駅間走行中）,惰行中,8.0,力行（加速）,40.0,70.0,70.0,57.12,70.0,1667.1,40.0,187.77135515330258,0.0,-6.7,この先制限速度なし,この先目立った勾配なし,前方707.1m先を62.4km/h,後続列車なし,0.0,110.0,未発車,40.0,50.1,0.0,anti_mid_stop,0.3,anti_mid_stopモードでtarget_speed_no_stop 50.1km/hを超える57.1km/hで惰行しており、上限5km/h超過のため機外停車リスクがあり評価を低減し0.3とする。
60.0,Train11,巡航フェーズ（駅間走行中）,力行（加速）中,2.0,惰行,6.0,70.0,70.0,65.15,67.4,1427.2,96.0,221.24872542800864,0.0,0.0,この先制限速度なし,437m先に上り勾配12.5‰あり,前方1338.3m先を28.9km/h,後続列車なし,0.0,52.0,未発車,85.0,67.4,0.0,normal,0.9,required_speed未達で加速は必要かつ適切、制限速度・CBTC遵守、ノコギリ運転なし、先行列車は十分離れているため安全。
57.0,Train11,巡航フェーズ（駅間走行中）,力行（加速）中,11.0,惰行,6.0,70.0,70.0,64.0,70.0,1495.5,54.0,213.68313046029837,0.0,0.0,この先制限速度なし,この先目立った勾配なし,前方884.3m先を62.1km/h,後続列車なし,5.0,90.0,未発車,55.0,66.2,0.0,normal,1.0,現在速度がrequired_speed未満で加速が必要。制限速度・CBTC信号を遵守し、先行列車との間隔も適正。ノコギリ運転なしで、停止位置も十分確保できるため適切な操作。
106.0,Train11,巡航フェーズ（駅間走行中）,惰行中,4.0,ブレーキ（減速）,6.0,70.0,70.0,45.52,45.5,639.8,66.0,109.39217881271522,0.0,0.0,この先制限速度なし,49m先に上り勾配6.1‰あり,前方633.0m先を8.1km/h,後続列車なし,0.0,36.0,未発車,55.0,45.5,0.0,normal,0.5,巡航中に必要速度と同等の惰行だが、直前のブレーキから7秒未満で惰行へ切替えたノコギリ運転で上限0.5点に制限。
107.0,Train11,巡航フェーズ（駅間走行中）,力行（加速）中,4.0,惰行,6.0,70.0,70.0,57.95,65.7,1017.5,71.0,175.9271512621106,0.0,0.0,この先制限速度なし,27m先に上り勾配12.5‰あり,前方1017.9m先を0.0km/h,後続列車なし,5.0,10.0,未発車,85.0,65.7,0.0,normal,0.9,巡航フェーズでrequired_speed未達だが、必要な加速を行っておりCBTC・制限速度遵守、間隔安全、ノコギリ運転なしで適切な操作。
45.0,Train11,巡航フェーズ（駅間走行中）,惰行中,2.0,力行（加速）,25.0,70.0,70.0,53.72,70.0,1770.0,35.0,166.48578167966423,0.0,-6.7,この先制限速度なし,この先目立った勾配なし,前方687.3m先を63.2km/h,後続列車なし,5.0,117.0,未発車,40.0,49.1,0.0,anti_mid_stop,0.9,先行列車が次駅で塞いでいるため駅間停車防止モード。現在速度53.7km/hはtarget_speed_no_stop(49.1km/h)＋5km/h以内で維持し、CBTC・制限速度を遵守しているため高評価。
158.69999999999922,Train11,次駅への減速フェーズ（駅手前400m以内）,ブレーキ（減速）中,3.800000000000002,力行（加速）,0.1,70.0,0.0,6.33,0.0,0.0,19.3,2.1502826718749435,0.0,0.0,この先制限速度なし,この先目立った勾配なし,前方0.0m先を0.0km/h,後続列車なし,5.0,0.0,未発車,70.0,0.0,26.7,anti_mid_stop,0.0,CBTC信号0km/hを2km/h以上超過し、停止位置が-2.15mでオーバーランと判定されたため、安全違反によりreward=0.0とする。
63.0,Train11,巡航フェーズ（駅間走行中）,惰行中,10.0,力行（加速）,6.0,70.0,70.0,59.05,70.0,1402.6,43.0,182.53427260005523,0.0,0.0,この先制限速度なし,412m先に上り勾配12.5‰あり,前方721.9m先を63.0km/h,後続列車なし,0.0,94.0,未発車,40.0,59.5,0.0,anti_mid_stop,1.0,先行列車が塞いでいる駅間停車防止モードで、現在速度はtarget_speed_no_stop(59.5km/h)付近の惰行で適切かつCBTC・制限速度遵守、間隔・エネルギー面でも問題なし。
147.59999999999985,Train11,次駅への減速フェーズ（駅手前400m以内）,惰行中,0.1,力行（加速）,0.1,70.0,17.6,38.22,38.2,64.2,30.4,68.89311263727377,0.0,9.2,この先制限速度なし,この先目立った勾配なし,前方64.6m先を0.0km/h,後続列車なし,5.0,0.0,未発車,70.0,38.2,15.6,anti_mid_stop,0.0,CBTC信号速度17.6km/hを38.2km/hで超過しており、即時0点ルールが適用されるため。
89.0,Train11,巡航フェーズ（駅間走行中）,惰行中,2.0,力行（加速）,36.0,70.0,70.0,65.94,70.0,1290.7,61.0,226.51722180825845,0.0,0.0,この先制限速度なし,300m先に上り勾配12.5‰あり,前方1147.2m先を36.8km/h,後続列車なし,5.0,58.0,未発車,55.0,70.0,0.0,normal,0.4,巡航フェーズでrequired_speed(70km/h)に達せず惰行を続け、先行列車が遠く遅延要因が無いため遅延が拡大し安全・定時性が損なわれるため減点し0.4とした。
151.6999999999999,Train11,次駅への減速フェーズ（駅手前400m以内）,ブレーキ（減速）中,4.799999999999998,力行（加速）,3.0,70.0,22.8,32.95,33.0,74.3,26.3,51.3234674202015,0.0,9.2,この先制限速度なし,この先目立った勾配なし,前方74.7m先を0.0km/h,後続列車なし,0.0,0.0,未発車,55.0,33.0,9.7,anti_mid_stop,0.0,CBTC信号22.8km/hを2km/h以上超える33km/hで走行しており、安全違反の即0.0ルールが適用されるためrewardは0.0。
131.0,Train11,次駅への減速フェーズ（駅手前400m以内）,惰行中,2.0,ブレーキ（減速）,2.0,70.0,62.1,57.17,57.2,236.1,47.0,158.4423121787335,0.0,6.1,この先制限速度なし,46m先に上り勾配9.2‰あり,前方236.4m先を0.0km/h,後続列車なし,0.0,0.0,未発車,85.0,57.2,19.0,anti_mid_stop,1.0,先行列車が停車・遅延中で駅間停車防止モード。target_speed_no_stop以内で惰行を維持し、CBTC・制限速度遵守、停止位置も確保できているため最高評価。
167.99999999999955,Train11,次駅への減速フェーズ（駅手前400m以内）,ブレーキ（減速）中,1.2,力行（加速）,0.1,70.0,0.0,23.93,23.9,19.3,10.0,27.165641878945642,0.0,9.2,この先制限速度なし,この先目立った勾配なし,前方19.7m先を0.0km/h,後続列車なし,5.0,0.0,未発車,55.0,23.9,21.0,anti_mid_stop,0.0,CBTC信号が0km/hなのに23.9km/hで走行しており、即時0点ルールに該当するため。
41.0,Train11,巡航フェーズ（駅間走行中）,惰行中,1.0,力行（加速）,41.0,70.0,70.0,57.74,70.0,1762.0,50.0,191.783046892321,0.0,-6.7,この先制限速度なし,この先目立った勾配なし,前方871.6m先を62.8km/h,後続列車なし,5.0,106.0,未発車,55.0,55.5,0.0,anti_mid_stop,0.9,先行列車が次駅未発車で塞いでいるため駅間停車防止モード。現在速度はtarget_speed_no_stopを僅か上回り、CBTC・制限速度遵守、ノコギリ運転なしで適切な惰行と判断し高評価。
157.39999999999918,Train11,次駅への減速フェーズ（駅手前400m以内）,ブレーキ（減速）中,3.4000000000000017,惰行,0.1,70.0,0.0,4.33,0.0,0.0,20.6,1.0066533556552675,0.0,0.0,この先制限速度なし,この先目立った勾配なし,前方0.0m先を1.1km/h,後続列車なし,0.0,0.0,未発車,55.0,0.0,15.4,anti_mid_stop,0.0,CBTC信号0km/hを2km/h以上超過し、先行列車と0m距離で衝突危険なため即時0点。
147.4999999999998,Train11,次駅への減速フェーズ（駅手前400m以内）,ブレーキ（減速）中,8.599999999999987,惰行,43.0,70.0,19.4,22.19,22.2,67.5,30.5,23.37301838826145,0.0,9.2,この先制限速度なし,この先目立った勾配なし,前方67.8m先を0.0km/h,後続列車なし,5.0,0.0,未発車,55.0,22.2,0.5,normal,0.0,CBTC信号速度19.4km/hを2km/h以上上回る22.2km/hで走行しているため即時0点とする。
144.1,Train11,次駅への減速フェーズ（駅手前400m以内）,ブレーキ（減速）中,5.199999999999999,惰行,43.0,70.0,30.3,32.21,32.2,93.1,33.9,49.05933335937954,0.0,9.2,この先制限速度なし,この先目立った勾配なし,前方93.5m先を0.0km/h,後続列車なし,5.0,2.9,未発車,55.0,32.2,0.0,normal,0.9,ブレーキがCBTC信号内で行われ、先行列車との安全距離を保ちつつ適切な減速で停止位置も余裕があるため高評価。
158.69999999999945,Train11,次駅への減速フェーズ（駅手前400m以内）,ブレーキ（減速）中,1.6000000000000003,惰行,0.1,70.0,0.0,17.54,17.5,7.5,19.3,14.625884945461502,0.0,9.2,この先制限速度なし,この先目立った勾配なし,前方7.9m先を0.0km/h,後続列車なし,5.0,3.3,未発車,40.0,17.5,0.0,normal,0.0,CBTC信号0km/hを超えて17.5km/hで走行し、δ_stopが-7.13mでオーバーランが確実なため即0.0とする。
89.0,Train11,巡航フェーズ（駅間走行中）,力行（加速）中,4.0,惰行,8.0,70.0,70.0,62.11,70.0,1102.7,44.0,201.5176837113872,0.0,0.0,この先制限速度なし,112m先に上り勾配12.5‰あり,前方771.3m先を54.2km/h,後続列車なし,5.0,73.0,未発車,40.0,57.4,0.0,anti_mid_stop,0.9,先行列車が塞いでいる駅間停車防止モードで、現在速度はtarget_speed_no_stop上限内の加速で安全かつ適切と判断した。
87.0,Train11,巡航フェーズ（駅間走行中）,力行（加速）中,2.0,惰行,8.0,70.0,70.0,60.99,70.0,1136.9,43.0,194.46685134876586,0.0,0.0,この先制限速度なし,146m先に上り勾配12.5‰あり,前方774.7m先を56.8km/h,後続列車なし,5.0,75.0,未発車,40.0,57.7,0.0,anti_mid_stop,1.0,先行列車が塞いでいるため駅間停車防止モードで、現在速度はtarget_speed_no_stop上限＋5km/h以内の加速で安全かつ適切。
134.0,Train11,巡航フェーズ（駅間走行中）,力行（加速）中,9.0,惰行,6.0,70.0,70.0,64.27,64.3,548.6,44.0,199.3350879074796,0.0,6.1,この先制限速度なし,358m先に上り勾配9.2‰あり,前方548.9m先を0.0km/h,後続列車なし,5.0,0.0,未発車,70.0,64.3,2.0,anti_mid_stop,0.9,先行列車が停車中で駅間停車防止モード。現在速度はtarget_speed_no_stopと同等で、加速は上限内に収まり適切と判断し高評価。
129.0,Train11,巡航フェーズ（駅間走行中）,力行（加速）中,15.0,ブレーキ（減速）,6.0,70.0,70.0,54.43,54.4,496.4,49.0,143.85672313740326,0.0,6.1,この先制限速度なし,306m先に上り勾配9.2‰あり,前方496.8m先を0.0km/h,後続列車なし,5.0,18.0,未発車,55.0,54.4,0.0,normal,0.6,巡航フェーズでrequired_speedに達しているのに力行を続けているため、不要な加速となりエネルギー効率が低下し評価を下げる。
158.49999999999952,Train11,次駅への減速フェーズ（駅手前400m以内）,ブレーキ（減速）中,0.7,惰行,0.1,70.0,0.0,21.12,21.1,21.3,19.5,21.181007390460195,0.0,9.2,この先制限速度なし,この先目立った勾配なし,前方21.6m先を0.0km/h,後続列車なし,0.0,0.0,未発車,55.0,21.1,16.5,anti_mid_stop,0.0,CBTC信号が0km/hなのに21.1km/hで走行し、signal_speedを2km/h以上超過しているため即時0点とした。
109.0,Train11,巡航フェーズ（駅間走行中）,惰行中,7.0,力行（加速）,13.0,70.0,70.0,55.53,62.6,688.0,51.0,161.7985174282171,0.0,0.0,この先制限速度なし,97m先に上り勾配6.1‰あり,前方628.3m先を23.6km/h,後続列車なし,0.0,48.0,未発車,40.0,48.4,0.0,anti_mid_stop,0.9,先行列車が前方で塞いでいるため駅間停車防止モードと判定し、現在速度はtarget_speed_no_stop上限内で惰行しており、CBTC・制限速度違反なし、ノコギリ運転もなく間隔も適切なため高評価とした。
163.69999999999922,Train11,次駅への減速フェーズ（駅手前400m以内）,ブレーキ（減速）中,0.6,力行（加速）,0.1,70.0,0.0,6.45,6.5,1.7,14.3,1.9837379913328173,0.0,9.2,この先制限速度なし,この先目立った勾配なし,前方2.1m先を0.0km/h,後続列車なし,0.0,0.0,未発車,55.0,6.5,21.7,anti_mid_stop,0.0,CBTC信号が0km/hなのに現在速度6.5km/hで2km/h以上超過しており、安全違反のため即座に0点とする。
154.49999999999935,Train11,次駅への減速フェーズ（駅手前400m以内）,ブレーキ（減速）中,0.5,惰行,0.1,70.0,0.0,12.79,12.8,2.6,23.5,7.787713620490841,0.0,9.2,この先制限速度なし,この先目立った勾配なし,前方3.0m先を0.0km/h,後続列車なし,0.0,0.0,未発車,55.0,12.8,12.5,anti_mid_stop,0.0,CBTC信号0km/hを2km/h以上超えて走行しているため即時0点ルールが適用され、rewardは0.0となる。
101.0,Train11,巡航フェーズ（駅間走行中）,ブレーキ（減速）中,5.0,惰行,6.0,70.0,70.0,51.36,51.4,704.9,66.0,138.77740081186172,0.0,0.0,この先制限速度なし,114m先に上り勾配6.1‰あり,前方682.4m先を14.6km/h,後続列車なし,0.0,41.0,未発車,55.0,51.4,0.0,normal,0.2,巡航フェーズで不要なブレーキとノコギリ運転が判定され、安全は保たれるが遅延とエネルギー浪費が大きく評価を下げた。
