time,train_id,phase,current_notch,holding_time,prev_notch,prev_notch_duration,speed_limit,signal_speed,current_speed,required_speed,dist_to_next_station,time_to_next_station,req_stop_dist,delay,current_gradient,next_limit_info,next_gradient_info,forward_info,backward_info,forward_train_delay,forward_clear_remaining_time,forward_departed_next,standard_headway,target_speed_no_stop,forward_observed_delay,mode,reward,reason
32.0,Train11,巡航フェーズ（駅間走行中）,力行（加速）中,33.0,ブレーキ（減速）,30.0,70.0,70.0,50.56,70.0,1897.3,61.0,138.44157491411787,0.0,-2.1,この先制限速度なし,107m先に下り勾配6.7‰あり,前方1024.4m先を62.9km/h,後続列車なし,60.0,105.0,未発車,60.0,69.9,0.0,normal,1.0,先行列車が十分に前方にありCBTC制限内でrequired_speed未達のため加速は適切で、即時0点要因なし、ノコギリ運転でもなく、全項目で問題なし。
172.09999999999994,Train11,次駅への減速フェーズ（駅手前400m以内）,力行（加速）中,6.199999999999996,惰行,6.0,70.0,70.0,35.05,70.0,87.3,7.9,58.02146968802073,0.0,9.2,この先制限速度なし,この先目立った勾配なし,前方777.9m先を54.4km/h,後続列車なし,30.0,0.0,発車済み,90.0,70.0,0.0,normal,0.2,減速フェーズで不適切に加速し、ノコギリ運転が発生しているため安全性とエネルギー効率が著しく低下し、rewardは0.2とする。
184.69999999999865,Train11,次駅への減速フェーズ（駅手前400m以内）,惰行中,0.7999999999999999,ブレーキ（減速）,0.7,70.0,0.0,0.0,70.0,41.1,0.0,0.0,6.8,9.2,この先制限速度なし,この先目立った勾配なし,前方44.3m先を7.2km/h,後続列車なし,90.0,0.0,発車済み,30.0,70.0,0.0,normal,0.0,減速から0.8秒の惰行への切替が合理的根拠なく行われ、ノコギリ運転と判定され上限0.0点となった。
142.0,Train11,巡航フェーズ（駅間走行中）,力行（加速）中,1.0,ブレーキ（減速）,6.0,70.0,70.0,17.16,70.0,715.9,36.0,15.750779806416283,0.0,0.0,この先制限速度なし,125m先に上り勾配6.1‰あり,前方725.4m先を12.5km/h,後続列車なし,30.0,0.0,発車済み,90.0,70.0,0.0,normal,0.4,前ブレーキから1秒の力行への急激な切替が合理的根拠なく行われ、ノコギリ運転と判定されたため上限0.4に抑えた。
170.09999999999977,Train11,次駅への減速フェーズ（駅手前400m以内）,ブレーキ（減速）中,2.800000000000001,力行（加速）,0.1,70.0,44.5,33.25,33.2,47.7,9.9,52.255645942912764,0.0,9.2,この先制限速度なし,この先目立った勾配なし,前方142.9m先を32.2km/h,後続列車なし,60.0,0.0,発車済み,60.0,33.2,0.0,normal,0.9,次駅減速フェーズでブレーキが適切に掛かり、delta_stopが許容範囲内で安全かつ定時に停止できるため高評価。
153.0,Train11,巡航フェーズ（駅間走行中）,力行（加速）中,14.0,惰行,6.0,70.0,70.0,50.89,70.0,501.2,25.0,126.0123169255994,0.0,6.1,この先制限速度なし,311m先に上り勾配9.2‰あり,前方502.0m先を2.8km/h,後続列車なし,60.0,0.0,発車済み,60.0,70.0,0.0,normal,1.0,巡航フェーズでrequired_speed未達のため加速は適切で、速度・信号・制限を遵守し、ノコギリ運転や間隔問題もなく安全かつ定時性に寄与する。
79.0,Train11,巡航フェーズ（駅間走行中）,力行（加速）中,1.0,ブレーキ（減速）,6.0,70.0,70.0,37.17,70.0,1250.6,71.0,73.2707290447996,0.0,0.0,この先制限速度なし,260m先に上り勾配12.5‰あり,前方1107.1m先を36.8km/h,後続列車なし,60.0,58.0,未発車,60.0,70.0,0.0,normal,0.4,ブレーキ6秒→加速1秒という短時間の切替に合理的根拠がなくノコギリ運転と判定し、報酬上限を0.4に抑えた。
136.0,Train11,次駅への減速フェーズ（駅手前400m以内）,惰行中,3.0,力行（加速）,6.0,70.0,68.3,51.55,51.5,213.3,44.0,129.25327697315586,0.0,6.1,この先制限速度なし,23m先に上り勾配9.2‰あり,前方274.3m先を27.5km/h,後続列車なし,30.0,0.0,発車済み,90.0,51.5,0.0,normal,0.4,力行から惰行への切替が7秒未満で合理的理由がなくノコギリ運転と判定され、reward上限が0.4に制限された。
179.99999999999892,Train11,次駅への減速フェーズ（駅手前400m以内）,惰行中,2.500000000000001,ブレーキ（減速）,0.1,70.0,0.0,0.0,70.0,41.1,0.0,0.0,2.1,9.2,この先制限速度なし,この先目立った勾配なし,前方41.4m先を0.0km/h,後続列車なし,90.0,0.0,未発車,30.0,70.0,13.0,anti_mid_stop,0.2,先行列車が遅延で停車中の駅間停車防止モード。0km/hで41m手前に止まっており、低速のまま進まずちんたら運転とみなすため0.2点とする。
131.0,Train11,次駅への減速フェーズ（駅手前400m以内）,惰行中,9.0,ブレーキ（減速）,6.0,70.0,66.8,43.44,43.4,264.7,47.0,92.18999794196478,0.0,6.1,この先制限速度なし,74m先に上り勾配9.2‰あり,前方265.1m先を0.0km/h,後続列車なし,60.0,6.0,未発車,60.0,43.4,0.0,normal,0.9,制限速度・CBTCを遵守し、停止余裕が十分で減速フェーズの惰行は適切。ノコギリ運転や列車間隔の問題もなく高評価とする。
94.0,Train11,巡航フェーズ（駅間走行中）,惰行中,26.0,力行（加速）,6.0,70.0,70.0,59.36,60.1,865.1,84.0,158.13441891482137,0.0,12.5,この先制限速度なし,この先目立った勾配なし,前方865.5m先を0.0km/h,後続列車なし,30.0,13.0,未発車,90.0,60.1,0.0,normal,0.9,巡航フェーズでrequired_speed(60.1km/h)にほぼ合致し、制限速度・CBTCを遵守、ノコギリ運転なし、間隔問題もなく、惰行でエネルギー効率的に走行しているため高評価。
165.4999999999997,Train11,次駅への減速フェーズ（駅手前400m以内）,ブレーキ（減速）中,0.7,力行（加速）,0.1,70.0,70.0,27.47,27.5,38.6,14.5,35.75049287054656,0.0,9.2,この先制限速度なし,この先目立った勾配なし,前方423.4m先を47.2km/h,後続列車なし,30.0,0.0,発車済み,90.0,27.5,0.0,normal,0.0,短時間の力行→ブレーキ切替が合理的根拠なくノコギリ運転と判定され、上限rewardが0.0点となった。
32.0,Train11,巡航フェーズ（駅間走行中）,力行（加速）中,18.0,惰行,2.0,70.0,70.0,48.82,70.0,1908.6,98.0,129.21684555825655,0.0,-2.1,この先制限速度なし,118m先に下り勾配6.7‰あり,前方1546.4m先を56.8km/h,後続列車なし,30.0,75.0,未発車,90.0,70.0,0.0,normal,1.0,先行列車との間隔は十分で安全、速度は制限・CBTC内でrequired_speed未達のため加速は適切と判断し、全項目で問題なし。
173.29999999999953,Train11,次駅への減速フェーズ（駅手前400m以内）,惰行中,0.5,力行（加速）,0.5,70.0,15.9,20.65,70.0,47.5,6.7,20.25197625412307,0.0,9.2,この先制限速度なし,この先目立った勾配なし,前方62.0m先を15.2km/h,後続列車なし,90.0,0.0,発車済み,30.0,70.0,0.0,normal,0.0,CBTC信号速度15.9km/hを2km/h超える20.6km/hで走行し、即時0点ルールに該当するためrewardは0.0とした。
59.0,Train11,巡航フェーズ（駅間走行中）,ブレーキ（減速）中,3.0,惰行,2.0,70.0,70.0,54.94,56.9,1471.4,119.0,158.43918884537032,0.0,0.0,この先制限速度なし,481m先に上り勾配12.5‰あり,前方1471.8m先を0.0km/h,後続列車なし,0.0,18.0,未発車,120.0,56.9,0.0,normal,0.2,巡航フェーズでrequired_speed未達の状態で不必要にブレーキし、保持時間が7秒未満の逆転操作がノコギリ運転と判定されたため低評価。
21.0,Train11,巡航フェーズ（駅間走行中）,力行（加速）中,7.0,惰行,6.0,70.0,70.0,33.02,70.0,2061.1,60.0,59.63152495488287,0.0,-2.1,この先制限速度なし,271m先に下り勾配6.7‰あり,前方995.9m先を63.0km/h,後続列車なし,60.0,116.0,未発車,60.0,70.0,0.0,normal,0.9,制限速度・CBTCを遵守し、前方列車との間隔も十分。速度が要求値未達だが加速中であり、巡航フェーズでの力行は適切な操作と判断できる。
155.29999999999998,Train11,次駅への減速フェーズ（駅手前400m以内）,ブレーキ（減速）中,1.4000000000000004,力行（加速）,4.0,70.0,29.6,44.54,44.5,91.0,22.7,93.27611556614906,0.0,9.2,この先制限速度なし,この先目立った勾配なし,前方91.4m先を0.0km/h,後続列車なし,90.0,11.7,未発車,30.0,18.3,0.0,anti_mid_stop,0.0,CBTC信号速度29.6km/hを2km/h以上超える44.5km/hで走行しており、即reward0.0ルールに該当するため評価は0.0となる。
52.0,Train11,巡航フェーズ（駅間走行中）,力行（加速）中,8.0,ブレーキ（減速）,6.0,70.0,70.0,34.68,53.0,1712.6,126.0,70.206802088029,0.0,-6.7,この先制限速度なし,この先目立った勾配なし,前方1712.9m先を0.0km/h,後続列車なし,0.0,25.0,未発車,120.0,53.0,0.0,normal,0.9,巡航フェーズでrequired_speed未達のため加速は適切、制限速度・CBTC遵守、ノコギリ運転なし、前方列車との間隔も十分。
36.0,Train11,巡航フェーズ（駅間走行中）,ブレーキ（減速）中,5.0,力行（加速）,32.0,70.0,70.0,40.19,61.5,1846.9,131.0,88.01211393571906,0.0,-2.1,この先制限速度なし,56m先に下り勾配6.7‰あり,前方1824.4m先を14.6km/h,後続列車なし,0.0,41.0,未発車,120.0,61.5,0.0,normal,0.2,巡航フェーズでrequired_speed未達の状態でブレーキをかけており、不要な減速で遅延とエネルギー浪費を招くため低評価とした。
195.09999999999954,Train11,次駅への減速フェーズ（駅手前400m以内）,惰行中,0.1,ブレーキ（減速）,0.1,70.0,6.0,11.7,70.0,51.3,0.0,6.51882707116194,17.2,9.2,この先制限速度なし,この先目立った勾配なし,前方51.7m先を0.0km/h,後続列車なし,90.0,0.0,未発車,30.0,70.0,28.1,normal,0.0,CBTC信号速度6km/hを超えて11.7km/hで走行し、即時0点ルールに該当するため。
45.0,Train11,巡航フェーズ（駅間走行中）,力行（加速）中,17.0,ブレーキ（減速）,6.0,70.0,70.0,43.41,70.0,1864.7,30.0,102.49478123666186,0.0,-2.1,この先制限速度なし,74m先に下り勾配6.7‰あり,前方694.3m先を62.8km/h,後続列車なし,90.0,122.0,未発車,30.0,60.0,0.0,anti_mid_stop,1.0,先行列車が前方に塞がっているため駅間停車防止モードと判定し、target_speed_no_stop以下での加速は適切で、速度・CBTC・制限速度違反なし、ノコギリ運転でもなく、間隔も適正なので高評価とした。
177.89999999999995,Train11,次駅への減速フェーズ（駅手前400m以内）,ブレーキ（減速）中,6.9999999999999964,力行（加速）,21.0,70.0,28.3,44.13,70.0,87.5,0.1,91.58566128342551,0.0,9.2,この先制限速度なし,この先目立った勾配なし,前方87.9m先を0.0km/h,後続列車なし,90.0,0.0,未発車,30.0,70.0,10.9,anti_mid_stop,0.0,CBTC信号速度28.3km/hを44.1km/hで走行し、上限を2km/h超過しているため即時0点とした。
33.0,Train11,巡航フェーズ（駅間走行中）,力行（加速）中,5.0,ブレーキ（減速）,6.0,70.0,70.0,28.14,70.0,1986.7,30.0,43.407493102606885,0.0,-2.1,この先制限速度なし,196m先に下り勾配6.7‰あり,前方605.8m先を63.2km/h,後続列車なし,90.0,134.0,未発車,30.0,58.9,0.0,anti_mid_stop,0.9,先行列車が前方に塞いでいるため駅間停車防止モードと判定し、target_speed_no_stop以下での加速は適切であり、速度超過やCBTC違反はなく、ノコギリ運転でもないため高評価とした。
152.1999999999997,Train11,次駅への減速フェーズ（駅手前400m以内）,惰行中,0.6,力行（加速）,0.30000000000000004,70.0,38.1,29.22,29.2,47.8,27.8,40.423033133312785,0.0,9.2,この先制限速度なし,この先目立った勾配なし,前方118.3m先を29.0km/h,後続列車なし,60.0,0.0,発車済み,60.0,29.2,0.0,normal,0.0,力行から惰行への短時間切替に合理的根拠がなくノコギリ運転と判定され、reward上限が0.0となった。
65.0,Train11,巡航フェーズ（駅間走行中）,力行（加速）中,4.0,ブレーキ（減速）,6.0,70.0,70.0,34.4,70.0,1581.1,69.0,62.843590365931135,0.0,0.0,この先制限速度なし,この先目立った勾配なし,前方1264.6m先を52.9km/h,後続列車なし,60.0,72.0,未発車,60.0,70.0,0.0,normal,0.4,直前の短時間ブレーキ後にすぐ加速したためノコギリ運転と判定され、reward上限が0.3〜0.5に制限された。
166.7999999999999,Train11,次駅への減速フェーズ（駅手前400m以内）,ブレーキ（減速）中,5.899999999999993,力行（加速）,8.0,70.0,70.0,43.25,43.2,76.6,13.2,88.00806167656921,0.0,9.2,この先制限速度なし,この先目立った勾配なし,前方688.2m先を52.8km/h,後続列車なし,0.0,0.0,発車済み,120.0,43.2,0.0,normal,0.0,delta_stop が -11.41 m で高速域の許容範囲 -5 m を下回り、駅手前でのオーバーランが確実なため即時0点とする。
189.8999999999991,Train11,次駅への減速フェーズ（駅手前400m以内）,ブレーキ（減速）中,2.600000000000001,力行（加速）,0.1,70.0,70.0,5.21,70.0,1.8,0.0,1.2946766957785931,10.0,9.2,この先制限速度なし,この先目立った勾配なし,前方1493.6m先を63.2km/h,後続列車なし,0.0,0.0,発車済み,120.0,70.0,0.0,normal,0.9,次駅減速フェーズでブレーキが適切にかかり、delta_stopが0.51mで停止位置が高精度、制限速度・CBTC遵守、ノコギリ運転なし、間隔も安全なため高評価。
198.89999999999932,Train11,次駅への減速フェーズ（駅手前400m以内）,ブレーキ（減速）中,3.800000000000002,惰行,0.1,70.0,0.0,0.88,70.0,44.6,0.0,0.036968820126046804,21.0,9.2,この先制限速度なし,この先目立った勾配なし,前方46.4m先を5.1km/h,後続列車なし,90.0,0.0,発車済み,30.0,70.0,0.0,normal,0.2,駅手前で過度に早いブレーキにより停止位置が大幅に手前となり、低速域での早すぎる減速と評価されたため低評価とした。
62.0,Train11,巡航フェーズ（駅間走行中）,ブレーキ（減速）中,1.0,力行（加速）,4.0,70.0,70.0,33.44,70.0,1612.3,31.0,59.412517074307075,0.0,0.0,この先制限速度なし,この先目立った勾配なし,前方739.3m先を62.9km/h,後続列車なし,90.0,105.0,未発車,30.0,62.7,0.0,anti_mid_stop,0.2,先行列車が前方に塞がっているため駅間停車防止モードで、target_speed_no_stop を下回る過度な減速とノコギリ運転が判定され、rewardは上限0.3に抑えて0.2とした。
182.0,Train11,次駅への減速フェーズ（駅手前400m以内）,力行（加速）中,10.0,惰行,6.0,70.0,70.0,43.79,70.0,162.0,0.0,90.19520311600928,3.0,9.2,この先制限速度なし,この先目立った勾配なし,前方380.3m先を41.3km/h,後続列車なし,60.0,0.0,発車済み,60.0,70.0,0.0,normal,0.2,次駅減速フェーズで加速しており、必要なブレーキ開始が遅れ停車位置確保が危険なため低評価。
182.0999999999997,Train11,次駅への減速フェーズ（駅手前400m以内）,ブレーキ（減速）中,0.8999999999999999,力行（加速）,0.1,70.0,0.0,32.3,70.0,42.9,0.0,49.33202063772171,4.2,9.2,この先制限速度なし,この先目立った勾配なし,前方43.4m先を0.3km/h,後続列車なし,90.0,0.0,未発車,30.0,70.0,15.1,anti_mid_stop,0.0,CBTC信号速度0km/hを2km/h以上超過し安全違反となったため即時0点とした。
192.29999999999953,Train11,次駅への減速フェーズ（駅手前400m以内）,ブレーキ（減速）中,5.899999999999995,惰行,0.1,70.0,70.0,22.04,70.0,20.5,0.0,23.059284476384736,12.4,9.2,この先制限速度なし,この先目立った勾配なし,前方1031.0m先を59.4km/h,後続列車なし,30.0,0.0,発車済み,90.0,70.0,0.0,normal,0.9,ブレーキが適切に実施され、delta_stop‑2.56mは許容範囲内で停止位置は確保でき、速度・信号・間隔すべて安全基準を満たすため高評価。
161.0,Train11,巡航フェーズ（駅間走行中）,力行（加速）中,7.0,ブレーキ（減速）,6.0,70.0,70.0,39.46,70.0,498.0,19.0,76.2228537705379,0.0,6.1,この先制限速度なし,308m先に上り勾配9.2‰あり,前方1487.1m先を59.0km/h,後続列車なし,0.0,0.0,発車済み,120.0,70.0,0.0,normal,1.0,巡航フェーズでrequired_speed未達だが加速中で適切。制限速度・CBTC遵守、前方列車との間隔十分、ノコギリ運転なし。
205.2999999999993,Train11,次駅への減速フェーズ（駅手前400m以内）,ブレーキ（減速）中,0.30000000000000004,力行（加速）,0.1,70.0,70.0,13.57,0.0,0.0,0.0,9.86154383162712,25.4,0.0,この先制限速度なし,この先目立った勾配なし,前方1757.2m先を63.0km/h,後続列車なし,0.0,0.0,発車済み,120.0,0.0,0.0,normal,0.0,ブレーキ中にdelta_stopが-9.86mでオーバーランが確実と判定され、即0.0ルールが適用されたため。
192.3999999999997,Train11,次駅への減速フェーズ（駅手前400m以内）,ブレーキ（減速）中,4.100000000000001,惰行,0.1,70.0,70.0,30.6,70.0,41.6,0.0,44.306859512062715,12.5,9.2,この先制限速度なし,この先目立った勾配なし,前方386.3m先を46.0km/h,後続列車なし,60.0,0.0,発車済み,60.0,70.0,0.0,normal,0.0,0.1秒の惰行から即ブレーキへの切替がノコギリ運転と判定され、reward上限が0.0となった。
167.0,Train11,次駅への減速フェーズ（駅手前400m以内）,惰行中,1.0,力行（加速）,4.0,70.0,70.0,39.38,70.0,327.9,13.0,75.91705933094103,0.0,6.1,この先制限速度なし,137m先に上り勾配9.2‰あり,前方396.8m先を28.8km/h,後続列車なし,60.0,0.0,発車済み,60.0,70.0,0.0,normal,0.2,required_speed 70km/hに対し現在速度39.4km/hで惰行、必要速度未達かつノコギリ運転で評価を大幅に減点し、上限0.3に抑えて0.2とした。
60.0,Train11,巡航フェーズ（駅間走行中）,惰行中,4.0,力行（加速）,1.0,70.0,70.0,25.88,70.0,1604.2,101.0,35.70648290172749,0.0,0.0,この先制限速度なし,この先目立った勾配なし,前方1550.9m先を22.3km/h,後続列車なし,30.0,47.0,未発車,90.0,70.0,0.0,normal,0.0,直前の短時間力行から惰行への不合理な切替がノコギリ運転と判定され、reward上限が0.0に制限されたため。
145.0,Train11,巡航フェーズ（駅間走行中）,力行（加速）中,15.0,ブレーキ（減速）,2.0,70.0,70.0,59.6,63.8,424.0,35.0,171.93761151198802,0.0,6.1,この先制限速度なし,233m先に上り勾配9.2‰あり,前方738.3m先を45.0km/h,後続列車なし,0.0,0.0,発車済み,120.0,63.8,0.0,normal,0.9,巡航フェーズでrequired_speed未達だが加速を継続し、制限速度・CBTC遵守、先行列車との安全距離確保の上で適切な操作と判断したため高評価。
165.49999999999997,Train11,次駅への減速フェーズ（駅手前400m以内）,ブレーキ（減速）中,4.599999999999998,力行（加速）,8.0,70.0,70.0,47.14,47.1,92.9,14.5,104.34439930647947,0.0,9.2,この先制限速度なし,この先目立った勾配なし,前方685.5m先を52.4km/h,後続列車なし,0.0,0.0,発車済み,120.0,47.1,0.0,normal,0.0,delta_stopが-11.44mでブレーキ中にも関わらずオーバーランが確実と判断され、即0.0ルールが適用されたためrewardは0.0とした。
48.0,Train11,巡航フェーズ（駅間走行中）,ブレーキ（減速）中,1.0,力行（加速）,24.0,70.0,70.0,52.19,70.0,1817.8,101.0,147.35885866770622,0.0,-2.1,この先制限速度なし,27m先に下り勾配6.7‰あり,前方1663.9m先を38.1km/h,後続列車なし,30.0,59.0,未発車,90.0,70.0,0.0,normal,0.2,巡航フェーズでrequired_speed(70km/h)未達のままブレーキを続け、先行列車も遠く安全余裕があるため不必要な減速となり定時性と省エネ性を著しく損なう。
176.79999999999933,Train11,次駅への減速フェーズ（駅手前400m以内）,惰行中,0.1,ブレーキ（減速）,2.9000000000000012,70.0,70.0,15.39,0.0,0.0,3.2,12.676686929844141,0.0,0.0,この先制限速度なし,この先目立った勾配なし,前方757.7m先を55.7km/h,後続列車なし,0.0,0.0,発車済み,120.0,0.0,0.0,normal,0.0,delta_stopが-12.68mで高速域におけるオーバーランが確実なため、即時0点ルールが適用される。
21.0,Train11,巡航フェーズ（駅間走行中）,力行（加速）中,3.0,惰行,1.0,70.0,70.0,39.45,70.0,2037.9,30.0,84.83509773324599,0.0,-2.1,この先制限速度なし,247m先に下り勾配6.7‰あり,前方446.4m先を62.8km/h,後続列車なし,90.0,146.0,未発車,30.0,55.8,0.0,anti_mid_stop,0.9,先行が塞ぎ駅間停車防止モードで、target_speed_no_stop以下の速度で合理的に加速中。制限速度・CBTC遵守、ノコギリ運転なし、間隔安全のため高評価。
172.99999999999955,Train11,次駅への減速フェーズ（駅手前400m以内）,ブレーキ（減速）中,3.1000000000000014,力行（加速）,0.1,70.0,70.0,25.65,25.6,17.2,7.0,31.19157865186494,0.0,9.2,この先制限速度なし,この先目立った勾配なし,前方721.4m先を54.7km/h,後続列車なし,0.0,0.0,発車済み,120.0,25.6,0.0,normal,0.0,ブレーキ中にdelta_stopが-13.99mで、低速域でも-1m以下となりオーバーランが確実なため即時0点とした。
195.39999999999986,Train11,次駅への減速フェーズ（駅手前400m以内）,ブレーキ（減速）中,0.5,力行（加速）,0.1,70.0,70.0,38.9,70.0,65.4,0.0,71.34392517529771,15.5,9.2,この先制限速度なし,この先目立った勾配なし,前方1653.8m先を63.0km/h,後続列車なし,0.0,0.0,発車済み,120.0,70.0,0.0,normal,0.0,delta_stopが-5.94mでオーバーランがほぼ確実、即0.0ルールに該当するためrewardは0.0となる。
174.29999999999998,Train11,次駅への減速フェーズ（駅手前400m以内）,力行（加速）中,0.4,ブレーキ（減速）,6.0,70.0,70.0,31.1,70.0,93.7,5.7,45.757294760226046,0.0,9.2,この先制限速度なし,この先目立った勾配なし,前方1311.6m先を63.3km/h,後続列車なし,0.0,0.0,発車済み,120.0,70.0,0.0,normal,0.2,減速フェーズで加速し停止位置確保が不適切、かつノコギリ運転（短時間切替）により評価が大幅に低下。
152.5999999999994,Train11,次駅への減速フェーズ（駅手前400m以内）,ブレーキ（減速）中,0.4,力行（加速）,0.1,70.0,0.0,7.12,8.9,30.2,25.4,2.416893020868885,0.0,9.2,この先制限速度なし,この先目立った勾配なし,前方30.5m先を0.0km/h,後続列車なし,60.0,0.0,未発車,60.0,8.9,15.6,anti_mid_stop,0.0,CBTC信号0km/hに対し7.1km/hで走行し2km/h超過しているため即時0点とし、他項目は減点対象。
127.0,Train11,巡航フェーズ（駅間走行中）,力行（加速）中,10.0,惰行,6.0,70.0,70.0,57.64,70.0,773.1,51.0,174.08597952674253,0.0,0.0,この先制限速度なし,183m先に上り勾配6.1‰あり,前方773.5m先を0.0km/h,後続列車なし,60.0,10.0,未発車,60.0,70.0,0.0,normal,1.0,巡航フェーズでrequired_speed未達だが加速中で適切、制限速度・CBTC信号を遵守、先行列車との間隔安全、ノコギリ運転なし。
97.0,Train11,巡航フェーズ（駅間走行中）,惰行中,3.0,ブレーキ（減速）,5.0,70.0,70.0,47.59,70.0,1157.0,40.0,119.42352931395011,0.0,0.0,この先制限速度なし,167m先に上り勾配12.5‰あり,前方869.2m先を50.4km/h,後続列車なし,90.0,70.0,未発車,30.0,62.4,0.0,anti_mid_stop,0.2,先行列車が塞ぎanti_mid_stopモードで、target_speed_no_stop以下の過度な惰行とノコギリ運転により評価が低下し、上限0.3に抑えて0.2とした。
21.0,Train11,巡航フェーズ（駅間走行中）,力行（加速）中,3.0,惰行,4.0,70.0,70.0,35.7,70.0,2043.0,60.0,69.61065549726152,0.0,-2.1,この先制限速度なし,253m先に下り勾配6.7‰あり,前方977.9m先を63.0km/h,後続列車なし,60.0,116.0,未発車,60.0,69.6,0.0,anti_mid_stop,0.2,先行列車が塞いでいる駅間停車防止モードで、target_speed_no_stop未満の加速は適切だが、惰行→力行への短時間切替に合理的根拠がなくノコギリ運転と判定し、上限0.2点に抑えた。
176.49999999999935,Train11,次駅への減速フェーズ（駅手前400m以内）,惰行中,3.700000000000002,力行（加速）,0.5,70.0,14.8,19.27,70.0,29.8,3.5,17.643626035787662,0.0,9.2,この先制限速度なし,この先目立った勾配なし,前方60.4m先を20.9km/h,後続列車なし,90.0,0.0,発車済み,30.0,70.0,0.0,normal,0.0,CBTC信号速度14.8km/hを2km/h超える19.3km/hで走行し、即時0点ルールに該当するためrewardは0.0とした。
196.49999999999798,Train11,次駅への減速フェーズ（駅手前400m以内）,惰行中,1.6000000000000003,力行（加速）,0.4,70.0,34.3,0.51,70.0,40.6,0.0,0.012417714018078825,16.6,9.2,この先制限速度なし,この先目立った勾配なし,前方105.5m先を28.1km/h,後続列車なし,90.0,0.0,発車済み,30.0,70.0,0.0,normal,0.0,直前の力行→惰行が7秒未満で合理的理由がなくノコギリ運転と判定され、reward上限が0.0となる。
180.6999999999998,Train11,次駅への減速フェーズ（駅手前400m以内）,ブレーキ（減速）中,2.400000000000001,惰行,0.1,70.0,11.8,36.05,70.0,56.2,0.0,61.35239686296926,2.8,9.2,この先制限速度なし,この先目立った勾配なし,前方56.6m先を0.0km/h,後続列車なし,90.0,0.0,未発車,30.0,70.0,13.7,anti_mid_stop,0.0,CBTC信号速度を2km/h以上超過しているため即時0点とし、安全違反と判断した。
138.0,Train11,次駅への減速フェーズ（駅手前400m以内）,力行（加速）中,8.0,ブレーキ（減速）,6.0,70.0,70.0,33.58,37.5,331.0,42.0,55.35043321452095,0.0,6.1,この先制限速度なし,140m先に上り勾配9.2‰あり,前方560.8m先を41.8km/h,後続列車なし,30.0,0.0,発車済み,90.0,37.5,0.0,normal,1.0,先行列車が十分に前方にあり衝突リスクなし、現在速度は制限・CBTC内で必要速度未達のため加速は適切。delta_stopが大きくブレーキ開始前で、全項目安全基準を満たす。
21.0,Train11,巡航フェーズ（駅間走行中）,力行（加速）中,11.0,惰行,6.0,70.0,70.0,30.35,70.0,2095.6,131.0,50.44219839303701,0.0,-2.1,この先制限速度なし,305m先に下り勾配6.7‰あり,前方1971.8m先を34.1km/h,後続列車なし,0.0,56.0,未発車,120.0,70.0,0.0,normal,1.0,巡航フェーズでrequired_speed未達のため加速は適切。制限速度・CBTC信号遵守、先行列車との間隔安全、ノコギリ運転なしで評価が高く、rewardは1.0。
187.99999999999972,Train11,次駅への減速フェーズ（駅手前400m以内）,ブレーキ（減速）中,0.4,力行（加速）,0.1,70.0,70.0,32.28,70.0,38.5,0.0,49.27135929339359,8.1,9.2,この先制限速度なし,この先目立った勾配なし,前方524.5m先を49.9km/h,後続列車なし,30.0,0.0,発車済み,90.0,70.0,0.0,normal,0.0,delta_stopが-10.77mでブレーキ中にも関わらずオーバーランがほぼ確実と判定され、即reward0.0ルールが適用されたため0.0とした。
21.0,Train11,巡航フェーズ（駅間走行中）,力行（加速）中,22.0,ブレーキ（減速）,30.0,70.0,70.0,40.59,70.0,2037.0,95.0,89.75302390162649,0.0,-2.1,この先制限速度なし,247m先に下り勾配6.7‰あり,前方1494.4m先を61.4km/h,後続列車なし,30.0,86.0,未発車,90.0,70.0,0.0,normal,1.0,巡航フェーズでrequired_speed未達だが加速中。制限速度・CBTC遵守、車間安全、ノコギリ運転なし、停止位置も確保できるため最高評価。
158.99999999999977,Train11,次駅への減速フェーズ（駅手前400m以内）,惰行中,0.1,ブレーキ（減速）,0.5,70.0,4.4,34.67,34.7,50.6,19.0,56.779608568827484,0.0,9.2,この先制限速度なし,この先目立った勾配なし,前方50.9m先を0.0km/h,後続列車なし,90.0,8.0,未発車,30.0,12.9,0.0,anti_mid_stop,0.0,CBTC信号速度4.4km/hを大幅に上回る34.7km/hで走行しており、即時安全違反となるためrewardは0.0とする。
180.9999999999999,Train11,次駅への減速フェーズ（駅手前400m以内）,ブレーキ（減速）中,0.1,力行（加速）,0.1,70.0,70.0,39.64,70.0,74.5,0.0,74.05847701808015,1.1,9.2,この先制限速度なし,この先目立った勾配なし,前方465.8m先を47.4km/h,後続列車なし,60.0,0.0,発車済み,60.0,70.0,0.0,normal,0.9,ブレーキ操作が減速フェーズに適合し、delta_stopが0.44mで適切なブレーキ開始位置であり、速度・信号遵守・間隔も問題なく高評価とする。
176.4999999999997,Train11,次駅への減速フェーズ（駅手前400m以内）,ブレーキ（減速）中,2.600000000000001,力行（加速）,7.999999999999989,70.0,70.0,29.37,70.0,45.3,3.5,40.83668964110423,0.0,9.2,この先制限速度なし,この先目立った勾配なし,前方803.3m先を55.6km/h,後続列車なし,30.0,0.0,発車済み,90.0,70.0,0.0,normal,0.9,次駅減速フェーズで適切にブレーキし、delta_stopが許容範囲内でCBTC・制限速度遵守、ノコギリ運転なし、間隔良好のため高評価。
166.49999999999935,Train11,次駅への減速フェーズ（駅手前400m以内）,ブレーキ（減速）中,1.3,力行（加速）,0.1,70.0,0.0,14.27,0.0,0.0,11.5,10.902744685344647,0.0,0.0,この先制限速度なし,この先目立った勾配なし,前方0.1m先を0.0km/h,後続列車なし,90.0,0.5,未発車,30.0,0.0,0.0,normal,0.0,CBTC信号0km/hを14.3km/hで走行し、delta_stopが-10.90mでオーバーランが確実なため即時0点とする。
198.49999999999918,Train11,次駅への減速フェーズ（駅手前400m以内）,ブレーキ（減速）中,0.4,力行（加速）,0.1,70.0,70.0,5.2,0.0,0.0,0.0,1.4515053798570383,18.6,0.0,この先制限速度なし,この先目立った勾配なし,前方1113.7m先を63.2km/h,後続列車なし,30.0,0.0,発車済み,90.0,0.0,0.0,normal,0.0,delta_stop が -1.45 m で低速走行中にオーバーランが確実となり、次駅停止位置が達成できないため評価は 0.0 とする。
180.89999999999944,Train11,次駅への減速フェーズ（駅手前400m以内）,ブレーキ（減速）中,3.600000000000002,惰行,0.1,70.0,70.0,16.69,70.0,17.1,0.0,13.246140812786726,1.0,9.2,この先制限速度なし,この先目立った勾配なし,前方843.7m先を56.8km/h,後続列車なし,30.0,0.0,発車済み,90.0,70.0,0.0,normal,1.0,ブレーキは駅手前の適切な減速で、delta_stopが3.85mで許容範囲内、速度は制限・CBTC内、間隔も十分で安全かつ定時遅延1秒のみ。
97.0,Train11,巡航フェーズ（駅間走行中）,ブレーキ（減速）中,2.0,力行（加速）,7.0,70.0,70.0,51.52,56.7,931.3,81.0,119.64367731651622,0.0,12.5,この先制限速度なし,この先目立った勾配なし,前方931.7m先を0.0km/h,後続列車なし,0.0,0.0,未発車,120.0,56.7,20.0,anti_mid_stop,0.3,先行列車が次駅で延着中の駅間停車防止モードで、target_speed_no_stop以下に抑えるべきところをブレーキでさらに速度を落としたため減点し、rewardを0.3とした。
133.0,Train11,巡航フェーズ（駅間走行中）,力行（加速）中,18.0,ブレーキ（減速）,6.0,70.0,70.0,36.99,70.0,822.9,47.0,62.109539462542934,0.0,12.5,この先制限速度なし,この先目立った勾配なし,前方1379.4m先を51.6km/h,後続列車なし,0.0,0.0,発車済み,120.0,70.0,0.0,normal,0.9,巡航フェーズでrequired_speed未達だが加速中であり、制限速度・CBTC遵守、適切な列間隔、ノコギリ運転なし。加速は必要で高評価。
154.99999999999955,Train11,次駅への減速フェーズ（駅手前400m以内）,ブレーキ（減速）中,0.30000000000000004,力行（加速）,0.1,70.0,38.9,23.54,23.5,27.1,25.0,26.29104561041142,0.0,9.2,この先制限速度なし,この先目立った勾配なし,前方121.3m先を32.1km/h,後続列車なし,60.0,0.0,発車済み,60.0,23.5,0.0,normal,0.9,減速フェーズでブレーキが適切に作動し、delta_stop が0.81 mで停止位置が許容範囲内、速度は制限・CBTC内、ノコギリ運転なし、列間隔も適切なため高評価。
47.0,Train11,巡航フェーズ（駅間走行中）,惰行中,3.0,力行（加速）,4.0,70.0,70.0,32.42,70.0,1844.9,64.0,57.500907897309254,0.0,-2.1,この先制限速度なし,54m先に下り勾配6.7‰あり,前方1233.6m先を62.1km/h,後続列車なし,60.0,90.0,未発車,60.0,70.0,0.0,normal,0.2,巡航フェーズでrequired_speed70km/hに対し32.4km/hの惰行は遅延拡大であり、前後の力行→惰行が7秒未満で合理的理由がなくノコギリ運転と判定されたため、rewardは0.2とした。
84.0,Train11,巡航フェーズ（駅間走行中）,惰行中,10.0,力行（加速）,12.0,70.0,70.0,51.89,53.9,1121.0,94.0,141.60974253605076,0.0,0.0,この先制限速度なし,130m先に上り勾配12.5‰あり,前方1121.3m先を0.0km/h,後続列車なし,0.0,0.0,未発車,120.0,53.9,7.0,anti_mid_stop,0.9,先行列車が駅で停車中で駅間停車防止モード。現在はtarget_speed_no_stop未満の惰行で適切、制限速度・CBTC遵守、ノコギリ運転なし。
21.0,Train11,巡航フェーズ（駅間走行中）,ブレーキ（減速）中,6.0,力行（加速）,16.0,70.0,70.0,21.82,70.0,2050.3,95.0,26.168965850288537,0.0,-2.1,この先制限速度なし,260m先に下り勾配6.7‰あり,前方1507.6m先を61.4km/h,後続列車なし,30.0,86.0,未発車,90.0,70.0,0.0,normal,0.1,巡航フェーズで必要速度70km/hに対し21.8km/hの減速は不必要で遅延拡大となり、評価を大幅に減点する。
118.0,Train11,巡航フェーズ（駅間走行中）,力行（加速）中,4.0,惰行,6.0,70.0,70.0,48.81,48.8,640.3,60.0,125.53389010361764,0.0,0.0,この先制限速度なし,50m先に上り勾配6.1‰あり,前方640.7m先を0.0km/h,後続列車なし,30.0,0.0,未発車,90.0,48.8,11.0,normal,0.3,巡航フェーズでrequired_speedに達しているのに力行を続け、保持時間が7秒未満でノコギリ運転と判定されたため、上限0.5以下に減点し0.3とした。
145.0,Train11,次駅への減速フェーズ（駅手前400m以内）,惰行中,21.0,力行（加速）,11.0,70.0,60.5,48.68,48.7,226.7,33.0,115.44846601259106,0.0,6.1,この先制限速度なし,36m先に上り勾配9.2‰あり,前方227.1m先を0.0km/h,後続列車なし,90.0,22.0,未発車,30.0,29.5,0.0,anti_mid_stop,0.1,先行列車が停車しているため駅間停車防止モードでtarget_speed_no_stop 29.5km/hを超える48.7km/hの惰行は過剰加速とみなされ、機外停車リスクと間隔不足で大幅減点。
35.0,Train11,巡航フェーズ（駅間走行中）,力行（加速）中,16.0,ブレーキ（減速）,6.0,70.0,70.0,40.57,65.6,1942.5,131.0,89.66558540211948,0.0,-2.1,この先制限速度なし,152m先に下り勾配6.7‰あり,前方1915.7m先を15.8km/h,後続列車なし,0.0,42.0,未発車,120.0,65.6,0.0,normal,1.0,巡航フェーズでrequired_speed未達だが加速は必要かつ適切、制限速度・CBTC遵守、先行列車との間隔安全、ノコギリ運転なし。
100.0,Train11,巡航フェーズ（駅間走行中）,惰行中,5.0,ブレーキ（減速）,2.0,70.0,70.0,50.04,64.9,1123.3,78.0,131.8424451639217,0.0,0.0,この先制限速度なし,133m先に上り勾配12.5‰あり,前方1123.7m先を0.0km/h,後続列車なし,30.0,7.0,未発車,90.0,64.9,0.0,normal,0.2,巡航フェーズでrequired_speed未達のまま惰行を続け、前後列車が遠く安全余裕があるにも関わらず低速走行とノコギリ運転が重なり、reward上限0.3に抑え0.2とした。
145.3999999999998,Train11,次駅への減速フェーズ（駅手前400m以内）,ブレーキ（減速）中,3.0000000000000013,力行（加速）,0.1,70.0,17.4,26.93,26.9,64.0,32.6,34.36583457700501,0.0,9.2,この先制限速度なし,この先目立った勾配なし,前方64.3m先を0.0km/h,後続列車なし,60.0,0.0,未発車,60.0,26.9,8.4,anti_mid_stop,0.0,CBTC信号速度17.4km/hを超えて26.9km/hで走行しており、即時0点ルールが適用されるためrewardは0.0となる。
157.79999999999984,Train11,次駅への減速フェーズ（駅手前400m以内）,力行（加速）中,0.1,ブレーキ（減速）,0.4,70.0,16.5,37.46,37.5,62.6,20.2,66.20351190295791,0.0,9.2,この先制限速度なし,この先目立った勾配なし,前方63.0m先を0.0km/h,後続列車なし,90.0,9.2,未発車,30.0,14.6,0.0,anti_mid_stop,0.0,CBTC信号速度16.5km/hを2km/h超える37.5km/hで走行しており、即時0点ルールが適用されるためrewardは0.0となる。
142.99999999999994,Train11,次駅への減速フェーズ（駅手前400m以内）,ブレーキ（減速）中,0.6,力行（加速）,0.1,70.0,27.1,34.02,34.0,84.3,35.0,54.685917590974555,0.0,9.2,この先制限速度なし,この先目立った勾配なし,前方84.6m先を0.0km/h,後続列車なし,60.0,0.0,未発車,60.0,34.0,6.0,anti_mid_stop,0.0,現在速度34km/hがCBTC信号27.1km/hを2km/h以上超過しており、即時0.0ルールが適用されるためrewardは0.0となる。
35.0,Train11,巡航フェーズ（駅間走行中）,惰行中,2.0,力行（加速）,3.0,70.0,70.0,42.83,70.0,1887.4,61.0,99.80728991763797,0.0,-2.1,この先制限速度なし,97m先に下り勾配6.7‰あり,前方1066.7m先を62.5km/h,後続列車なし,60.0,102.0,未発車,60.0,70.0,0.0,normal,0.2,巡航フェーズでrequired_speed 70km/hに対し42.8km/hの惰行を続け、前後列車がいない中で力行→惰行の短時間切替がノコギリ運転と判定され大幅減点となったため。
110.0,Train11,巡航フェーズ（駅間走行中）,力行（加速）中,13.0,惰行,6.0,70.0,70.0,59.58,63.4,989.9,68.0,159.28827637200072,0.0,12.5,この先制限速度なし,この先目立った勾配なし,前方990.2m先を0.0km/h,後続列車なし,60.0,27.0,未発車,60.0,63.4,0.0,normal,1.0,巡航フェーズでrequired_speed未達のため加速は適切で、速度・信号・間隔すべて遵守し、ノコギリ運転もなく安全かつ定時性を保てる。
44.0,Train11,巡航フェーズ（駅間走行中）,力行（加速）中,45.0,ブレーキ（減速）,30.0,70.0,70.0,60.27,70.0,1712.8,63.0,208.56625464974854,0.0,-6.7,この先制限速度なし,この先目立った勾配なし,前方1049.5m先を62.7km/h,後続列車なし,60.0,93.0,未発車,60.0,65.2,0.0,normal,0.9,巡航フェーズでrequired_speed未達だが加速中、制限速度・CBTC遵守、ノコギリ運転なし、前方列車との間隔確保、遅延0秒で定時性・省エネともに適切。
177.3999999999998,Train11,次駅への減速フェーズ（駅手前400m以内）,力行（加速）中,0.2,ブレーキ（減速）,2.700000000000001,70.0,70.0,23.64,70.0,69.8,2.6,26.51395121020193,0.0,9.2,この先制限速度なし,この先目立った勾配なし,前方1342.1m先を63.2km/h,後続列車なし,0.0,0.0,発車済み,120.0,70.0,0.0,normal,0.3,加速は必要速度未達で適切だが、直前のブレーキから0.2秒の力行への短時間逆転がノコギリ運転と判定され、reward上限が0.3に制限された。
46.0,Train11,巡航フェーズ（駅間走行中）,惰行中,7.0,力行（加速）,40.0,70.0,70.0,57.08,57.1,1682.9,132.0,187.5139097354082,0.0,-6.7,この先制限速度なし,この先目立った勾配なし,前方1683.0m先を1.8km/h,後続列車なし,0.0,31.0,未発車,120.0,57.1,0.0,normal,1.0,巡航フェーズでrequired_speedと一致し惰行を維持、制限速度・CBTC遵守、先行列車との間隔安全、ノコギリ運転なしで最適な運転。
74.0,Train11,巡航フェーズ（駅間走行中）,ブレーキ（減速）中,2.0,力行（加速）,22.0,70.0,70.0,52.45,70.0,1517.1,71.0,144.63211975408703,0.0,0.0,この先制限速度なし,この先目立った勾配なし,前方1318.8m先を41.7km/h,後続列車なし,60.0,63.0,未発車,60.0,70.0,0.0,normal,0.2,巡航フェーズでrequired_speed 70km/hに対し52.5km/hのままブレーキを続けているため、不要な減速となり定時性と省エネ性を著しく損なう。
129.0,Train11,巡航フェーズ（駅間走行中）,惰行中,6.0,力行（加速）,11.0,70.0,70.0,41.21,70.0,921.6,51.0,76.94355313702648,0.0,12.5,この先制限速度なし,この先目立った勾配なし,前方1053.7m先を35.9km/h,後続列車なし,30.0,0.0,発車済み,90.0,70.0,0.0,normal,0.2,巡航フェーズでrequired_speed(70km/h)に対し41.2km/hの低速惰行はちんたら運転とみなされ、遅延リスクとエネルギー無駄が大きく減点した。
175.4999999999994,Train11,次駅への減速フェーズ（駅手前400m以内）,ブレーキ（減速）中,1.7000000000000004,力行（加速）,0.1,70.0,70.0,19.19,19.2,1.4,4.5,17.497886925096715,0.0,9.2,この先制限速度なし,この先目立った勾配なし,前方743.9m先を55.4km/h,後続列車なし,0.0,0.0,発車済み,120.0,19.2,0.0,normal,0.0,ブレーキ中に delta_stop が -16.1 m と大きく負で、オーバーランがほぼ確実なため即時0点ルールが適用される。
183.79999999999927,Train11,次駅への減速フェーズ（駅手前400m以内）,ブレーキ（減速）中,0.7999999999999999,力行（加速）,0.1,70.0,70.0,9.23,70.0,6.8,0.0,4.0595604414636215,3.9,9.2,この先制限速度なし,この先目立った勾配なし,前方879.4m先を57.4km/h,後続列車なし,30.0,0.0,発車済み,90.0,70.0,0.0,normal,0.0,加速からブレーキへの短時間切替が合理的根拠なく行われ、保持時間0.1秒・0.8秒でノコギリ運転と判定され、上限が0.0点となったためrewardは0.0。
195.39999999999935,Train11,次駅への減速フェーズ（駅手前400m以内）,ブレーキ（減速）中,0.1,惰行,0.1,70.0,70.0,13.21,70.0,5.5,0.0,8.306610604919497,15.5,9.2,この先制限速度なし,この先目立った勾配なし,前方1067.9m先を61.3km/h,後続列車なし,30.0,0.0,発車済み,90.0,70.0,0.0,normal,0.0,低速ブレーキ中にdelta_stopが-2.81mでオーバーランが確実、停止位置が確保できないためrewardを0.0とした。
91.0,Train11,巡航フェーズ（駅間走行中）,惰行中,50.0,力行（加速）,6.0,70.0,70.0,49.94,70.0,1006.5,38.0,131.3240139413135,0.0,0.0,この先制限速度なし,16m先に上り勾配12.5‰あり,前方628.5m先を57.2km/h,後続列車なし,90.0,76.0,未発車,30.0,49.5,0.0,anti_mid_stop,0.9,先行列車が塞いでいるため駅間停車防止モードと判定し、target_speed_no_stop付近で惰行を維持している点が適切である。
90.0,Train11,巡航フェーズ（駅間走行中）,惰行中,19.0,力行（加速）,6.0,70.0,70.0,60.19,60.2,1005.8,88.0,189.50301291172218,0.0,0.0,この先制限速度なし,15m先に上り勾配12.5‰あり,前方1006.1m先を0.0km/h,後続列車なし,30.0,17.0,未発車,90.0,60.2,0.0,normal,1.0,巡航フェーズでrequired_speedと一致し惰行を継続、制限速度・CBTC信号を遵守、前方列車との間隔十分、エネルギー効率も高く評価できる。
94.0,Train11,巡航フェーズ（駅間走行中）,ブレーキ（減速）中,6.0,力行（加速）,10.0,70.0,70.0,33.29,70.0,1078.2,71.0,58.88493110206413,0.0,0.0,この先制限速度なし,88m先に上り勾配12.5‰あり,前方1046.8m先を17.1km/h,後続列車なし,60.0,43.0,未発車,60.0,70.0,0.0,normal,0.2,巡航フェーズでrequired_speed 70km/hに対し33.3km/hのブレーキは不要で、遅延とエネルギー浪費を招くため大幅減点し0.2とした。
194.49999999999912,Train11,次駅への減速フェーズ（駅手前400m以内）,ブレーキ（減速）中,0.1,力行（加速）,0.1,70.0,70.0,3.44,0.0,0.0,0.0,0.635495564337907,14.6,0.0,この先制限速度なし,この先目立った勾配なし,前方573.2m先を52.1km/h,後続列車なし,60.0,0.0,発車済み,60.0,0.0,0.0,normal,0.7,次駅減速フェーズでδ=-0.64mとやや過走し、停止位置が僅かにずれているため減点し0.7とする。
89.0,Train11,巡航フェーズ（駅間走行中）,惰行中,1.0,力行（加速）,6.0,70.0,70.0,69.4,70.0,962.2,71.0,214.81947874521308,0.0,12.5,この先制限速度なし,この先目立った勾配なし,前方902.5m先を23.6km/h,後続列車なし,60.0,48.0,未発車,60.0,70.0,0.0,normal,0.3,直前の力行から1秒の惰行への切替が合理的根拠なく行われノコギリ運転と判定され、reward上限0.5に抑えた結果0.3となった。
183.0,Train11,次駅への減速フェーズ（駅手前400m以内）,力行（加速）中,27.0,惰行,6.0,70.0,70.0,51.43,70.0,283.9,0.0,128.66107230032625,4.0,6.1,この先制限速度なし,93m先に上り勾配9.2‰あり,前方701.8m先を48.1km/h,後続列車なし,30.0,0.0,発車済み,90.0,70.0,0.0,normal,0.2,減速フェーズで加速しており、停止位置達成が遅れエネルギー無駄になるため評価を大幅に減点した。
155.6999999999994,Train11,次駅への減速フェーズ（駅手前400m以内）,ブレーキ（減速）中,2.2000000000000006,惰行,0.1,70.0,67.5,16.2,0.0,0.0,24.3,14.042372579393888,0.0,0.0,この先制限速度なし,この先目立った勾配なし,前方261.5m先を43.1km/h,後続列車なし,30.0,0.0,発車済み,90.0,0.0,0.0,normal,0.0,delta_stop が -14.04 m でブレーキ中にも関わらずオーバーランが確実で安全違反となり即0点。
114.0,Train11,巡航フェーズ（駅間走行中）,惰行中,3.0,力行（加速）,14.0,70.0,70.0,57.81,70.0,976.6,64.0,150.1183882108951,0.0,12.5,この先制限速度なし,この先目立った勾配なし,前方976.9m先を0.0km/h,後続列車なし,60.0,23.0,未発車,60.0,70.0,0.0,normal,0.2,required_speed未達で惰行を続け、遅延拡大となるため大幅減点し0.2とする。
109.0,Train11,巡航フェーズ（駅間走行中）,力行（加速）中,6.0,ブレーキ（減速）,6.0,70.0,70.0,27.04,70.0,964.4,69.0,33.32213131623511,0.0,12.5,この先制限速度なし,この先目立った勾配なし,前方964.8m先を0.0km/h,後続列車なし,60.0,28.0,未発車,60.0,70.0,0.0,anti_mid_stop,0.4,先行列車が塞いでいるため駅間停車防止モード。加速は target_speed_no_stop 未満で適切だが、前後ノッチが7秒未満で切替されたためノコギリ運転とみなされ、reward が 0.3‑0.5 に上限付けられる。
114.0,Train11,巡航フェーズ（駅間走行中）,惰行中,4.0,力行（加速）,9.0,70.0,70.0,53.44,70.0,918.0,64.0,128.5943656006649,0.0,12.5,この先制限速度なし,この先目立った勾配なし,前方918.4m先を0.0km/h,後続列車なし,30.0,0.0,未発車,90.0,70.0,7.0,normal,0.2,巡航フェーズでrequired_speed 70km/hに対し53.4km/hの惰行を続け、先行列車なしで速度不足は遅延リスクとなるため大幅減点し0.2とした。
74.0,Train11,巡航フェーズ（駅間走行中）,力行（加速）中,12.0,惰行,6.0,70.0,70.0,40.41,66.4,1479.8,102.0,86.45484543519498,0.0,0.0,この先制限速度なし,489m先に上り勾配12.5‰あり,前方1478.1m先を4.3km/h,後続列車なし,30.0,33.0,未発車,90.0,66.4,0.0,anti_mid_stop,0.9,先行列車が前方に遅延して塞いでいるため駅間停車防止モードと判定し、target_speed_no_stop以下での加速は適切であり、速度超過やノコギリ運転はなく安全かつ効率的な操作と判断した。
104.0,Train11,巡航フェーズ（駅間走行中）,力行（加速）中,8.0,ブレーキ（減速）,6.0,70.0,70.0,44.35,52.7,821.5,74.0,88.98322836729166,0.0,12.5,この先制限速度なし,この先目立った勾配なし,前方821.9m先を0.0km/h,後続列車なし,30.0,3.0,未発車,90.0,52.7,0.0,normal,1.0,巡航フェーズでrequired_speed未達のため加速は適切、制限速度・CBTC遵守、前方列車との安全距離確保、ノコギリ運転なしと評価し高評価とした。
186.99999999999955,Train11,次駅への減速フェーズ（駅手前400m以内）,ブレーキ（減速）中,0.1,力行（加速）,0.1,70.0,70.0,23.76,70.0,22.1,0.0,26.782666889280094,7.1,9.2,この先制限速度なし,この先目立った勾配なし,前方494.2m先を49.5km/h,後続列車なし,60.0,0.0,発車済み,60.0,70.0,0.0,normal,0.9,減速フェーズでブレーキを継続し、delta_stop‑4.68mが許容範囲内で安全基準をすべて満たすため高評価。
196.79999999999944,Train11,次駅への減速フェーズ（駅手前400m以内）,ブレーキ（減速）中,0.1,力行（加速）,0.1,70.0,70.0,19.05,70.0,11.4,0.0,17.244286917935362,16.9,9.2,この先制限速度なし,この先目立った勾配なし,前方413.3m先を47.7km/h,後続列車なし,60.0,0.0,発車済み,60.0,70.0,0.0,normal,0.0,delta_stopが-5.84mでブレーキ中にも関わらずオーバーランが確実と判断され、即時0点ルールが適用された。
163.29999999999907,Train11,次駅への減速フェーズ（駅手前400m以内）,ブレーキ（減速）中,4.4,惰行,0.1,70.0,51.7,0.74,0.0,0.0,16.7,0.0294252491992183,0.0,0.0,この先制限速度なし,この先目立った勾配なし,前方175.3m先を39.1km/h,後続列車なし,60.0,0.0,発車済み,60.0,0.0,0.0,normal,1.0,ブレーキで適切に減速し、delta_stop‑0.03mが許容範囲内、CBTC・速度制限を遵守、停車位置誤差が1m以内のため高評価。
128.0,Train11,次駅への減速フェーズ（駅手前400m以内）,惰行中,47.0,力行（加速）,6.0,70.0,68.3,49.48,49.5,273.9,50.0,119.2210836694607,0.0,6.1,この先制限速度なし,83m先に上り勾配9.2‰あり,前方274.3m先を0.0km/h,後続列車なし,60.0,9.0,未発車,60.0,49.5,0.0,normal,1.0,制限速度・CBTC遵守、停止余裕が十分で減速フェーズの惰行は適切、ノコギリ運転なし。
188.2999999999992,Train11,次駅への減速フェーズ（駅手前400m以内）,ブレーキ（減速）中,0.9999999999999999,力行（加速）,0.1,70.0,70.0,9.88,70.0,5.1,0.0,4.6506994566098765,8.4,9.2,この先制限速度なし,この先目立った勾配なし,前方1468.9m先を63.0km/h,後続列車なし,0.0,0.0,発車済み,120.0,70.0,0.0,normal,0.9,次駅減速フェーズでブレーキを適切に保持し、delta_stopが0.45mで停止位置は良好、速度制限・CBTC遵守、ノコギリ運転なし。
51.0,Train11,巡航フェーズ（駅間走行中）,力行（加速）中,5.0,ブレーキ（減速）,6.0,70.0,70.0,36.47,70.0,1762.1,101.0,77.5655498354982,0.0,-6.7,この先制限速度なし,この先目立った勾配なし,前方1638.3m先を34.1km/h,後続列車なし,30.0,56.0,未発車,90.0,70.0,0.0,normal,0.4,直前のブレーキから5秒の加速への切替に合理的根拠がなくノコギリ運転と判定され、上限0.5に抑えて0.4とした。
168.1999999999996,Train11,次駅への減速フェーズ（駅手前400m以内）,ブレーキ（減速）中,0.7,惰行,0.1,70.0,7.6,13.67,70.0,52.3,9.8,8.894040556097533,0.0,9.2,この先制限速度なし,この先目立った勾配なし,前方52.7m先を0.0km/h,後続列車なし,90.0,0.0,未発車,30.0,70.0,1.2,normal,0.0,CBTC信号速度7.6km/hを13.7km/hで超過し、即0.0ルールに該当するため評価は0.0。
190.39999999999924,Train11,次駅への減速フェーズ（駅手前400m以内）,ブレーキ（減速）中,5.599999999999996,力行（加速）,0.1,70.0,0.0,8.87,0.0,0.0,0.0,4.2192976858752225,10.5,0.0,この先制限速度なし,この先目立った勾配なし,前方19.6m先を19.0km/h,後続列車なし,90.0,0.0,発車済み,30.0,0.0,0.0,normal,0.0,CBTC信号が0km/hなのに8.9km/hで走行し、信号超過が即時0点の根拠となった。
70.0,Train11,巡航フェーズ（駅間走行中）,惰行中,5.0,力行（加速）,11.0,70.0,70.0,47.04,61.7,1505.0,108.0,116.7168488258996,0.0,0.0,この先制限速度なし,この先目立った勾配なし,前方1505.4m先を0.0km/h,後続列車なし,0.0,7.0,未発車,120.0,61.7,0.0,normal,0.2,required_speedを大きく下回る惰行が続き、先行列車不在で遅延を拡大するため大幅減点し0.2とする。
164.1999999999997,Train11,次駅への減速フェーズ（駅手前400m以内）,ブレーキ（減速）中,0.5,惰行,0.1,70.0,70.0,30.8,30.8,37.4,15.8,44.88427562301146,0.0,9.2,この先制限速度なし,この先目立った勾配なし,前方611.2m先を52.0km/h,後続列車なし,0.0,0.0,発車済み,120.0,30.8,0.0,normal,0.0,delta_stopが-7.48mでブレーキ中でもオーバーランがほぼ確実と判断され、即時0点ルールが適用されたため。
194.69999999999933,Train11,次駅への減速フェーズ（駅手前400m以内）,ブレーキ（減速）中,0.2,惰行,0.1,70.0,70.0,14.3,0.0,0.0,0.0,10.948528683562255,14.8,0.0,この先制限速度なし,この先目立った勾配なし,前方576.2m先を52.2km/h,後続列車なし,30.0,0.0,発車済み,90.0,0.0,0.0,normal,0.0,delta_stopが-10.95mでブレーキ中にも関わらず停止位置に間に合わず、オーバーランが確実と判断され即0点とする。
160.0,Train11,次駅への減速フェーズ（駅手前400m以内）,ブレーキ（減速）中,0.1,惰行,1.0,70.0,70.0,43.35,43.4,92.4,20.0,88.41112054704007,0.0,9.2,この先制限速度なし,この先目立った勾配なし,前方406.7m先を45.0km/h,後続列車なし,30.0,0.0,発車済み,90.0,43.4,0.0,normal,0.9,ブレーキ開始が適切なタイミングで、delta_stopが3.99mで許容範囲内、速度・CBTC遵守、列車間隔も安全であり、全体的に適切な減速操作と判断した。
199.59999999999962,Train11,次駅への減速フェーズ（駅手前400m以内）,ブレーキ（減速）中,1.3,力行（加速）,0.1,70.0,70.0,27.38,70.0,26.8,0.0,35.517842579063824,19.7,9.2,この先制限速度なし,この先目立った勾配なし,前方1689.0m先を63.1km/h,後続列車なし,0.0,0.0,発車済み,120.0,70.0,0.0,normal,0.0,delta_stopが-8.72mでブレーキ中にも関わらずオーバーランが確実と判定され、即時0点ルールに該当するため。
48.0,Train11,巡航フェーズ（駅間走行中）,力行（加速）中,1.0,惰行,6.0,70.0,70.0,37.65,70.0,1747.9,30.0,82.61167380878294,0.0,-6.7,この先制限速度なし,この先目立った勾配なし,前方630.0m先を62.9km/h,後続列車なし,90.0,119.0,未発車,30.0,47.5,0.0,anti_mid_stop,0.9,先行列車が塞いでいるため駅間停車防止モードで、target_speed_no_stop以下の加速は適切であり、制限・CBTC超過もなくノコギリ運転も見られない。
80.0,Train11,巡航フェーズ（駅間走行中）,力行（加速）中,5.0,惰行,11.0,70.0,70.0,67.51,68.9,1055.9,71.0,237.15903470451815,0.0,0.0,この先制限速度なし,65m先に上り勾配12.5‰あり,前方922.4m先を35.5km/h,後続列車なし,60.0,57.0,未発車,60.0,67.8,0.0,anti_mid_stop,0.9,先行列車が駅で未発車のため駅間停車防止モードと判定し、現在速度はtarget_speed_no_stop未満で加速は適切、制限速度・CBTC遵守、ノコギリ運転なし、間隔も十分であるため高評価。
192.9999999999992,Train11,次駅への減速フェーズ（駅手前400m以内）,力行（加速）中,0.1,ブレーキ（減速）,0.7999999999999999,70.0,70.0,6.46,0.0,0.0,0.0,2.2394358657201785,13.1,0.0,この先制限速度なし,この先目立った勾配なし,前方553.6m先を51.6km/h,後続列車なし,60.0,0.0,発車済み,60.0,0.0,0.0,normal,0.0,δ_stopが-2.24mでブレーキ未実施のまま加速しており、低速域でのオーバーランが確実なため即時0点とする。
21.0,Train11,巡航フェーズ（駅間走行中）,惰行中,4.0,力行（加速）,9.0,70.0,70.0,25.27,70.0,2109.3,95.0,35.048705730936305,0.0,-2.1,この先制限速度なし,319m先に下り勾配6.7‰あり,前方1566.7m先を61.4km/h,後続列車なし,30.0,86.0,未発車,90.0,70.0,0.0,normal,0.2,巡航フェーズでrequired_speed 70km/hに対し25.3km/hの惰行を続けており、加速すべき場面で速度を落とすちんたら運転と判断し、低評価とした。
172.69999999999962,Train11,次駅への減速フェーズ（駅手前400m以内）,ブレーキ（減速）中,1.2,惰行,0.1,70.0,45.2,25.83,25.8,26.3,7.3,31.628779243701125,0.0,9.2,この先制限速度なし,この先目立った勾配なし,前方145.8m先を34.7km/h,後続列車なし,60.0,0.0,発車済み,60.0,25.8,0.0,normal,0.0,次駅減速フェーズでdelta_stopが-5.33mとオーバーランが確実であり、ブレーキ中でも安全基準を下回るため即時0点とした。
183.59999999999945,Train11,次駅への減速フェーズ（駅手前400m以内）,ブレーキ（減速）中,0.4,力行（加速）,0.1,70.0,70.0,21.86,70.0,25.3,0.0,22.6855758743813,3.7,9.2,この先制限速度なし,この先目立った勾配なし,前方1406.6m先を63.5km/h,後続列車なし,0.0,0.0,発車済み,120.0,70.0,0.0,normal,0.9,次駅減速フェーズで適切にブレーキし、delta_stopが2.61mで安全に停止位置が確保され、速度・CBTC制限を遵守しているため高評価。
185.39999999999986,Train11,次駅への減速フェーズ（駅手前400m以内）,ブレーキ（減速）中,2.1000000000000005,力行（加速）,0.1,70.0,70.0,39.2,70.0,64.2,0.0,72.43845782790359,5.5,9.2,この先制限速度なし,この先目立った勾配なし,前方514.5m先を49.0km/h,後続列車なし,30.0,0.0,発車済み,90.0,70.0,0.0,normal,0.0,delta_stopが-8.24mでオーバーランがほぼ確実となり、即時0点ルールが適用されるためrewardは0.0となる。
140.0,Train11,巡航フェーズ（駅間走行中）,力行（加速）中,23.0,惰行,6.0,70.0,70.0,64.52,70.0,551.3,38.0,200.855554397898,0.0,6.1,この先制限速度なし,361m先に上り勾配9.2‰あり,前方551.7m先を0.0km/h,後続列車なし,60.0,0.0,未発車,60.0,70.0,3.0,normal,0.9,巡航フェーズでrequired_speed未達だが加速中で適切、前方列車との安全距離確保、制限・CBTC遵守のため高評価。
95.0,Train11,巡航フェーズ（駅間走行中）,惰行中,4.0,ブレーキ（減速）,1.0,70.0,70.0,66.91,70.0,1018.5,39.0,233.0652207670543,0.0,0.0,この先制限速度なし,28m先に上り勾配12.5‰あり,前方702.0m先を52.9km/h,後続列車なし,90.0,72.0,未発車,30.0,53.3,0.0,anti_mid_stop,0.0,短時間のブレーキ→惰行切替で保持時間が7秒未満、合理的理由がなくノコギリ運転と判定され、reward上限が0.0となった。
186.19999999999987,Train11,次駅への減速フェーズ（駅手前400m以内）,ブレーキ（減速）中,8.299999999999992,力行（加速）,48.0,70.0,70.0,39.81,70.0,73.1,0.0,74.68907354409104,6.3,9.2,この先制限速度なし,この先目立った勾配なし,前方984.2m先を58.0km/h,後続列車なし,30.0,0.0,発車済み,90.0,70.0,0.0,normal,0.9,次駅減速フェーズでブレーキ中、delta_stop‑1.59 mは許容範囲内で安全に停止可能、制限・CBTC遵守、間隔良好のため高評価。
21.0,Train11,巡航フェーズ（駅間走行中）,力行（加速）中,22.0,ブレーキ（減速）,30.0,70.0,70.0,40.59,70.0,2037.0,30.0,89.75302390162649,0.0,-2.1,この先制限速度なし,247m先に下り勾配6.7‰あり,前方445.6m先を62.8km/h,後続列車なし,90.0,146.0,未発車,30.0,56.0,0.0,anti_mid_stop,0.9,先行列車が塞いでいるため駅間停車防止モードとなり、target_speed_no_stop以下の加速は適切。制限速度・CBTC遵守、間隔も安全で評価は高い。
181.39999999999907,Train11,次駅への減速フェーズ（駅手前400m以内）,ブレーキ（減速）中,3.4000000000000017,惰行,5.1999999999999975,70.0,22.0,8.93,70.0,8.8,0.0,3.8002392637274265,1.5,9.2,この先制限速度なし,この先目立った勾配なし,前方72.9m先を28.0km/h,後続列車なし,90.0,0.0,発車済み,30.0,70.0,0.0,normal,0.2,次駅手前でのブレーキ開始が早すぎ、delta_stopが5mと許容範囲を超えているため停車位置誤差が大幅減点となった。
110.0,Train11,巡航フェーズ（駅間走行中）,力行（加速）中,9.0,ブレーキ（減速）,6.0,70.0,70.0,41.31,51.2,784.5,68.0,90.305009497544,0.0,0.0,この先制限速度なし,194m先に上り勾配6.1‰あり,前方788.2m先を7.9km/h,後続列車なし,0.0,0.0,発車済み,120.0,51.2,0.0,normal,0.9,巡航フェーズでrequired_speed未達のため加速は適切。速度は制限・CBTC内、ノコギリ運転なし、先行列車との間隔も安全範囲内。
182.99999999999898,Train11,次駅への減速フェーズ（駅手前400m以内）,惰行中,0.1,力行（加速）,0.1,70.0,26.3,5.36,70.0,5.8,0.0,1.3702540303547242,3.1,9.2,この先制限速度なし,この先目立った勾配なし,前方82.8m先を29.9km/h,後続列車なし,90.0,0.0,発車済み,30.0,70.0,0.0,normal,0.9,先行列車が十分離れておりCBTC信号を下回る低速5.4km/hで惰行、delta_stopが正でブレーキ未実施は適切と判断し高評価。
162.69999999999985,Train11,次駅への減速フェーズ（駅手前400m以内）,ブレーキ（減速）中,2.800000000000001,惰行,1.0,70.0,70.0,35.32,35.3,62.9,17.3,58.91184442140753,0.0,9.2,この先制限速度なし,この先目立った勾配なし,前方411.4m先を46.1km/h,後続列車なし,30.0,0.0,発車済み,90.0,35.3,0.0,normal,0.0,惰行から2.8秒のブレーキへ短時間で切り替え、保持時間が7秒未満で合理的理由がなくノコギリ運転と判定されたためrewardは0.0。
182.09999999999954,Train11,次駅への減速フェーズ（駅手前400m以内）,惰行中,0.1,ブレーキ（減速）,1.0999999999999999,70.0,70.0,25.56,70.0,35.2,0.0,30.974105771027315,2.2,9.2,この先制限速度なし,この先目立った勾配なし,前方1390.0m先を63.0km/h,後続列車なし,0.0,0.0,発車済み,120.0,70.0,0.0,normal,0.0,前ノッチがブレーキ1.1秒、直後が惰行0.1秒と切替が短く合理的理由がなくノコギリ運転と判定され、reward上限が0.0となった。
174.89999999999944,Train11,次駅への減速フェーズ（駅手前400m以内）,惰行中,2.1000000000000005,力行（加速）,0.5,70.0,14.8,19.96,70.0,38.5,5.1,18.925514105494113,0.0,9.2,この先制限速度なし,この先目立った勾配なし,前方60.4m先を18.2km/h,後続列車なし,90.0,0.0,発車済み,30.0,70.0,0.0,normal,0.0,CBTC信号速度14.8km/hを2km/h以上超える20km/hで走行しており、安全違反のためrewardは0.0とした。
65.0,Train11,巡航フェーズ（駅間走行中）,力行（加速）中,3.0,惰行,3.0,70.0,70.0,66.43,66.4,1390.6,101.0,229.81409619381063,0.0,0.0,この先制限速度なし,400m先に上り勾配12.5‰あり,前方1363.8m先を15.8km/h,後続列車なし,30.0,42.0,未発車,90.0,66.4,0.0,normal,0.2,巡航フェーズでrequired_speedと同等なのに力行し、前後ノッチが7秒未満で切替されたため不要な加速とノコギリ運転と判断し、上限0.3に抑えて0.2とした。
92.0,Train11,巡航フェーズ（駅間走行中）,惰行中,11.0,力行（加速）,6.0,70.0,70.0,62.35,62.9,835.8,71.0,174.1572151298698,0.0,12.5,この先制限速度なし,この先目立った勾配なし,前方794.2m先を19.7km/h,後続列車なし,60.0,45.0,未発車,60.0,62.9,0.0,normal,0.9,巡航フェーズでrequired_speedを僅かに下回るが惰行を継続し、制限速度・CBTCを遵守、停止余裕が十分で安全かつ省エネな運転と判断した。
154.49999999999946,Train11,次駅への減速フェーズ（駅手前400m以内）,ブレーキ（減速）中,0.9999999999999999,惰行,0.1,70.0,66.2,19.71,19.7,5.8,25.5,18.455910308480753,0.0,9.2,この先制限速度なし,この先目立った勾配なし,前方253.3m先を42.5km/h,後続列車なし,30.0,0.0,発車済み,90.0,19.7,0.0,normal,0.0,ブレーキ中にdelta_stopが-12.66mでオーバーランがほぼ確実と判定され、即0.0ルールが適用されたため。
170.4999999999997,Train11,次駅への減速フェーズ（駅手前400m以内）,ブレーキ（減速）中,0.6,力行（加速）,0.1,70.0,70.0,33.02,33.0,37.5,9.5,51.540238934851224,0.0,9.2,この先制限速度なし,この先目立った勾配なし,前方704.1m先を54.0km/h,後続列車なし,0.0,0.0,発車済み,120.0,33.0,0.0,normal,0.0,delta_stopが-14.04mでブレーキ開始が遅すぎ、オーバーランが確実なため即0.0と判定した。
189.0,Train11,次駅への減速フェーズ（駅手前400m以内）,力行（加速）中,16.0,惰行,6.0,70.0,70.0,50.85,70.0,149.1,0.0,121.17389724838199,10.0,9.2,この先制限速度なし,この先目立った勾配なし,前方1625.1m先を63.4km/h,後続列車なし,0.0,0.0,発車済み,120.0,70.0,0.0,normal,0.2,次駅減速フェーズで力行を続けており、停止位置が確保できず遅延とエネルギー浪費が顕著なため低評価。
53.0,Train11,巡航フェーズ（駅間走行中）,力行（加速）中,26.0,惰行,6.0,70.0,70.0,51.73,70.0,1754.4,30.0,154.59192490897016,0.0,-6.7,この先制限速度なし,この先目立った勾配なし,前方724.4m先を63.3km/h,後続列車なし,90.0,114.0,未発車,30.0,51.0,0.0,anti_mid_stop,1.0,先行列車が塞いでいるため駅間停車防止モードとなり、現在速度はtarget_speed_no_stop付近で加速は許容範囲内。制限速度・CBTC違反なし、安全かつ適切な運転と判断した。
82.0,Train11,巡航フェーズ（駅間走行中）,力行（加速）中,1.0,惰行,6.0,70.0,70.0,30.36,70.0,1461.4,96.0,49.04256926339047,0.0,0.0,この先制限速度なし,471m先に上り勾配12.5‰あり,前方1461.8m先を0.0km/h,後続列車なし,30.0,25.0,未発車,90.0,70.0,0.0,normal,0.2,現在速度がrequired_speed(70km/h)に大きく届かず、6秒の惰行後に1秒だけ力行へ切替えたことが合理的根拠なくノコギリ運転とみなされ、巡航フェーズでの遅延リスクが高いため減点し0.2とした。
202.39999999999947,Train11,次駅への減速フェーズ（駅手前400m以内）,ブレーキ（減速）中,0.7,力行（加速）,0.1,70.0,70.0,20.06,70.0,8.4,0.0,19.11499415377461,22.5,9.2,この先制限速度なし,この先目立った勾配なし,前方1719.6m先を63.3km/h,後続列車なし,0.0,0.0,発車済み,120.0,70.0,0.0,normal,0.0,delta_stopが-10.71mでオーバーランがほぼ確実となり即時0点ルールに該当するため、rewardは0.0とする。
67.0,Train11,巡航フェーズ（駅間走行中）,力行（加速）中,1.0,ブレーキ（減速）,6.0,70.0,70.0,29.42,64.5,1549.0,111.0,46.07220028057985,0.0,0.0,この先制限速度なし,この先目立った勾配なし,前方1549.4m先を0.0km/h,後続列車なし,0.0,10.0,未発車,120.0,64.5,0.0,normal,1.0,巡航フェーズでrequired_speed未達のため加速は妥当、制限速度・CBTC遵守、停止余裕大、ノコギリ運転なし。
104.0,Train11,巡航フェーズ（駅間走行中）,惰行中,23.0,力行（加速）,6.0,70.0,70.0,58.64,58.6,635.7,72.0,180.05814898794333,0.0,0.0,この先制限速度なし,45m先に上り勾配6.1‰あり,前方634.1m先を4.3km/h,後続列車なし,60.0,33.0,未発車,60.0,58.6,0.0,normal,1.0,巡航フェーズでrequired_speedと一致し惰行を継続、制限速度・CBTC遵守、先行列車との間隔もCBTCが許容しているため評価は最高点。
144.0,Train11,巡航フェーズ（駅間走行中）,力行（加速）中,15.0,惰行,6.0,70.0,70.0,48.34,70.0,739.0,36.0,123.16254405468919,0.0,0.0,この先制限速度なし,148m先に上り勾配6.1‰あり,前方1040.9m先を44.6km/h,後続列車なし,30.0,0.0,発車済み,90.0,70.0,0.0,normal,1.0,required_speed未達で加速は必要かつ適切、制限速度・CBTC遵守、ノコギリ運転なし、前方列車との間隔適正、遅延0秒でエネルギー無駄なし。
184.69999999999888,Train11,次駅への減速フェーズ（駅手前400m以内）,ブレーキ（減速）中,1.7000000000000004,惰行,0.1,70.0,31.2,0.66,70.0,4.3,0.0,0.02079583295402265,4.8,9.2,この先制限速度なし,この先目立った勾配なし,前方95.9m先を31.8km/h,後続列車なし,90.0,0.0,発車済み,30.0,70.0,0.0,normal,0.2,低速ブレーキ中にdelta_stopが4.28 mと早すぎ、停止位置が大幅に手前になるため次駅減速フェーズの評価が低く0.2とした。
168.29999999999953,Train11,次駅への減速フェーズ（駅手前400m以内）,ブレーキ（減速）中,0.4,惰行,0.1,70.0,70.0,19.92,19.9,20.1,11.7,18.849984220772395,0.0,9.2,この先制限速度なし,この先目立った勾配なし,前方442.0m先を48.2km/h,後続列車なし,30.0,0.0,発車済み,90.0,19.9,0.0,normal,1.0,駅手前で適切にブレーキをかけ、delta_stopが1.25mで停止位置が良好、速度・信号遵守、ノコギリ運転なしのため高評価。
83.0,Train11,巡航フェーズ（駅間走行中）,力行（加速）中,2.0,惰行,6.0,70.0,70.0,33.71,69.4,1408.3,97.0,60.36797718437886,0.0,0.0,この先制限速度なし,418m先に上り勾配12.5‰あり,前方1421.6m先を14.6km/h,後続列車なし,0.0,0.0,発車済み,120.0,69.4,0.0,normal,0.9,先行列車は十分離れており安全距離を確保。required_speed 未達のため加速は妥当で、速度・信号・間隔いずれにも違反なし。
162.79999999999956,Train11,次駅への減速フェーズ（駅手前400m以内）,ブレーキ（減速）中,1.3,力行（加速）,0.1,70.0,0.0,24.14,24.1,19.5,15.2,27.64244161902455,0.0,9.2,この先制限速度なし,この先目立った勾配なし,前方19.9m先を0.0km/h,後続列車なし,90.0,4.2,未発車,30.0,7.7,0.0,anti_mid_stop,0.0,CBTC信号0km/hに対し24.1km/hで走行し、先行列車まで距離が19.9mと危険域に入っているため即時0点とする。
63.0,Train11,巡航フェーズ（駅間走行中）,力行（加速）中,16.0,ブレーキ（減速）,6.0,70.0,70.0,49.75,62.3,1617.4,115.0,130.3416936830477,0.0,0.0,この先制限速度なし,この先目立った勾配なし,前方1617.7m先を0.0km/h,後続列車なし,0.0,14.0,未発車,120.0,62.3,0.0,normal,1.0,巡航フェーズでrequired_speed未達のため加速は適切で、制限速度・CBTC遵守、先行列車との間隔・定時性も問題なく高評価。
183.39999999999964,Train11,次駅への減速フェーズ（駅手前400m以内）,惰行中,0.1,ブレーキ（減速）,2.1000000000000005,70.0,0.0,28.46,70.0,32.0,0.0,38.359072405966906,5.5,9.2,この先制限速度なし,この先目立った勾配なし,前方33.2m先を3.8km/h,後続列車なし,90.0,0.0,発車済み,30.0,70.0,0.0,normal,0.0,CBTC信号が0km/hなのに現在速度28.5km/hで走行し、signal_speed+2km/hを超えているため即時0点とした。
131.0,Train11,巡航フェーズ（駅間走行中）,力行（加速）中,7.0,惰行,6.0,70.0,70.0,52.47,70.0,848.8,41.0,124.03359398811449,0.0,12.5,この先制限速度なし,この先目立った勾配なし,前方842.0m先を8.1km/h,後続列車なし,90.0,36.0,未発車,30.0,70.0,0.0,normal,0.9,巡航フェーズでrequired_speed未達のため加速は必要で、速度・CBTC制限遵守、前方列車との間隔安全、ノコギリ運転なしと適切な操作と判断した。
204.599999999999,Train11,次駅への減速フェーズ（駅手前400m以内）,ブレーキ（減速）中,0.1,力行（加速）,0.5,70.0,17.1,2.84,70.0,43.5,0.0,0.38489307836310316,24.7,9.2,この先制限速度なし,この先目立った勾配なし,前方63.9m先を17.6km/h,後続列車なし,90.0,0.0,発車済み,30.0,70.0,0.0,normal,0.0,0.5秒の力行直後に0.1秒のブレーキへ切替えた短時間のノコギリ運転で、prev_notch_durationが2秒未満のためreward上限は0.0点となる。
193.89999999999944,Train11,次駅への減速フェーズ（駅手前400m以内）,ブレーキ（減速）中,7.499999999999989,惰行,0.1,70.0,70.0,17.34,70.0,11.8,0.0,14.295130537877746,14.0,9.2,この先制限速度なし,この先目立った勾配なし,前方1048.8m先を60.4km/h,後続列車なし,30.0,0.0,発車済み,90.0,70.0,0.0,normal,0.9,ブレーキ中でdelta_stopが-2.5mと許容範囲内、速度は制限・CBTC内、先行列車との間隔も十分で安全かつ適切な減速と判断し高評価。
159.0999999999993,Train11,次駅への減速フェーズ（駅手前400m以内）,ブレーキ（減速）中,0.2,惰行,0.1,70.0,43.6,12.98,13.0,6.3,20.9,8.020388731150423,0.0,9.2,この先制限速度なし,この先目立った勾配なし,前方139.5m先を36.0km/h,後続列車なし,60.0,0.0,発車済み,60.0,13.0,0.0,normal,0.0,ブレーキ開始が遅く、低速域でdelta_stopが-1.72mとオーバーランがほぼ確実なため安全違反と判断しreward=0.0とした。
169.29999999999941,Train11,次駅への減速フェーズ（駅手前400m以内）,ブレーキ（減速）中,4.999999999999998,惰行,0.1,70.0,70.0,16.05,16.1,4.1,10.7,12.252109549954112,0.0,9.2,この先制限速度なし,この先目立った勾配なし,前方652.7m先を53.6km/h,後続列車なし,0.0,0.0,発車済み,120.0,16.1,0.0,normal,0.0,delta_stop が -8.15 m でオーバーランがほぼ確実、ブレーキ中でも即0.0とする。
172.4999999999993,Train11,次駅への減速フェーズ（駅手前400m以内）,ブレーキ（減速）中,0.30000000000000004,力行（加速）,0.1,70.0,70.0,8.68,8.7,3.8,7.5,3.5906598346374787,0.0,9.2,この先制限速度なし,この先目立った勾配なし,前方482.9m先を49.7km/h,後続列車なし,30.0,0.0,発車済み,90.0,8.7,0.0,normal,1.0,次駅減速フェーズで適切にブレーキし、delta_stopが0.21mで許容範囲内、速度・CBTC遵守、間隔良好のため高評価。
145.0,Train11,巡航フェーズ（駅間走行中）,ブレーキ（減速）中,2.0,力行（加速）,32.0,70.0,70.0,62.82,70.0,486.3,35.0,190.62378921124812,0.0,6.1,この先制限速度なし,296m先に上り勾配9.2‰あり,前方1221.1m先を55.2km/h,後続列車なし,0.0,0.0,発車済み,120.0,70.0,0.0,normal,0.2,巡航フェーズでrequired_speed 70km/hに対し62.8km/hのままブレーキを続けており、不要な減速で遅延とエネルギー浪費を招くため大幅減点し0.2とする。
199.69999999999928,Train11,次駅への減速フェーズ（駅手前400m以内）,力行（加速）中,0.1,ブレーキ（減速）,0.1,70.0,70.0,11.56,0.0,0.0,0.0,7.160948098578743,19.8,0.0,この先制限速度なし,この先目立った勾配なし,前方440.0m先を48.7km/h,後続列車なし,60.0,0.0,発車済み,60.0,0.0,0.0,normal,0.0,delta_stopが-7.16mでオーバーラン確実、減速すべき場面で力行しているため即時0点とする。
83.0,Train11,巡航フェーズ（駅間走行中）,惰行中,3.0,力行（加速）,52.0,70.0,70.0,68.19,70.0,1246.5,35.0,241.83877137935445,0.0,0.0,この先制限速度なし,256m先に上り勾配12.5‰あり,前方737.8m先を60.5km/h,後続列車なし,90.0,84.0,未発車,30.0,57.4,0.0,anti_mid_stop,0.2,先行列車が塞いでいるため駅間停車防止モードと判定し、target_speed_no_stop 57.4km/h を超える68.2km/hで走行している点が過剰加速とみなされ減点した。
183.99999999999994,Train11,次駅への減速フェーズ（駅手前400m以内）,ブレーキ（減速）中,0.7,力行（加速）,0.1,70.0,70.0,43.37,70.0,80.2,0.0,88.49183966722146,4.1,9.2,この先制限速度なし,この先目立った勾配なし,前方511.6m先を48.5km/h,後続列車なし,30.0,0.0,発車済み,90.0,70.0,0.0,normal,0.0,delta_stopが-8.29mでブレーキ中にも関わらず停止位置が大幅に手前にあり、オーバーランがほぼ確実と判定されたため即0.0ルールが適用された。
179.29999999999987,Train11,次駅への減速フェーズ（駅手前400m以内）,ブレーキ（減速）中,0.9999999999999999,惰行,0.1,70.0,21.3,40.21,70.0,71.1,0.0,76.18311179709131,1.4,9.2,この先制限速度なし,この先目立った勾配なし,前方71.4m先を0.0km/h,後続列車なし,90.0,0.0,未発車,30.0,70.0,12.3,normal,0.0,CBTC信号速度21.3km/hを大幅に上回る40.2km/hで走行し、delta_stopが-5.08mでオーバーランが確実なため即座にreward=0.0とした。
33.0,Train11,巡航フェーズ（駅間走行中）,力行（加速）中,34.0,ブレーキ（減速）,30.0,70.0,70.0,51.38,62.3,1883.1,131.0,142.894322173708,0.0,-2.1,この先制限速度なし,93m先に下り勾配6.7‰あり,前方1846.9m先を18.4km/h,後続列車なし,0.0,44.0,未発車,120.0,62.3,0.0,normal,1.0,先行列車との間隔が十分で安全、required_speed未達のため加速は適切、制限速度・CBTC遵守、ノコギリ運転なしと判断し最高評価とした。
127.0,Train11,巡航フェーズ（駅間走行中）,力行（加速）中,1.0,惰行,6.0,70.0,70.0,50.8,70.0,730.6,51.0,135.8145039143568,0.0,0.0,この先制限速度なし,140m先に上り勾配6.1‰あり,前方730.9m先を0.0km/h,後続列車なし,30.0,0.0,未発車,90.0,70.0,20.0,anti_mid_stop,0.9,先行列車が停車中で駅間停車防止モード。現在はtarget_speed_no_stop未達だが力行で速度回復中で、制限・CBTC遵守、間隔適正、ノコギリ運転なしのため高評価。
48.0,Train11,巡航フェーズ（駅間走行中）,力行（加速）中,34.0,惰行,6.0,70.0,70.0,58.89,70.0,1708.5,64.0,199.3297378765085,0.0,-6.7,この先制限速度なし,この先目立った勾配なし,前方1114.5m先を61.9km/h,後続列車なし,60.0,89.0,未発車,60.0,68.4,0.0,normal,1.0,現在は巡航フェーズでrequired_speed未達のため加速は適切。速度・信号遵守、前方列車との間隔も安全範囲内で、ノコギリ運転もなし。全項目で問題なし。
90.0,Train11,巡航フェーズ（駅間走行中）,ブレーキ（減速）中,3.0,力行（加速）,20.0,70.0,70.0,39.67,70.0,1358.9,37.0,83.35022737113913,0.0,0.0,この先制限速度なし,368m先に上り勾配12.5‰あり,前方965.0m先を57.6km/h,後続列車なし,90.0,77.0,未発車,30.0,68.6,0.0,normal,0.2,巡航フェーズでrequired_speedに達していないのに不必要にブレーキをかけ、遅延とエネルギー浪費が顕著なため低評価。
21.0,Train11,巡航フェーズ（駅間走行中）,力行（加速）中,22.0,ブレーキ（減速）,30.0,70.0,70.0,40.59,68.9,2037.0,131.0,89.75302390162649,0.0,-2.1,この先制限速度なし,247m先に下り勾配6.7‰あり,前方1913.2m先を34.1km/h,後続列車なし,0.0,56.0,未発車,120.0,68.9,0.0,normal,0.9,制限速度・CBTCを遵守し、先行列車との間隔も十分。required_speed 未達だが加速中で速度回復が必要であり、ノコギリ運転等の問題もなく適切な操作と判断した。
123.0,Train11,巡航フェーズ（駅間走行中）,力行（加速）中,8.0,惰行,6.0,70.0,70.0,33.02,70.0,855.6,55.0,49.57577095577774,0.0,12.5,この先制限速度なし,この先目立った勾配なし,前方855.9m先を0.0km/h,後続列車なし,60.0,14.0,未発車,60.0,70.0,0.0,normal,1.0,巡航フェーズでrequired_speed未達だが加速は必要であり、速度・信号・安全基準をすべて遵守し、ノコギリ運転や間隔違反もなく高評価とする。
196.0,Train11,次駅への減速フェーズ（駅手前400m以内）,ブレーキ（減速）中,2.0,力行（加速）,5.0,70.0,70.0,48.67,70.0,100.7,0.0,111.13781194559971,17.0,9.2,この先制限速度なし,この先目立った勾配なし,前方700.7m先を52.6km/h,後続列車なし,30.0,0.0,発車済み,90.0,70.0,0.0,normal,0.0,delta_stop が -10.44 m でブレーキ中にも関わらずオーバーランが確実と判定され、即時0点ルールが適用されたため。
169.69999999999945,Train11,次駅への減速フェーズ（駅手前400m以内）,ブレーキ（減速）中,1.8000000000000005,惰行,0.1,70.0,70.0,15.82,15.8,13.2,10.3,11.904294475881548,0.0,9.2,この先制限速度なし,この先目立った勾配なし,前方453.9m先を48.7km/h,後続列車なし,30.0,0.0,発車済み,90.0,15.8,0.0,normal,1.0,次駅減速フェーズで適切にブレーキし、delta_stopが1.3mで停止位置良好、速度・信号遵守、ノコギリ運転なしで安全かつ定時。
159.0,Train11,巡航フェーズ（駅間走行中）,力行（加速）中,10.0,惰行,6.0,70.0,70.0,61.1,70.0,402.2,19.0,180.52889670906484,0.0,6.1,この先制限速度なし,212m先に上り勾配9.2‰あり,前方402.6m先を0.0km/h,後続列車なし,90.0,8.0,未発車,30.0,70.0,0.0,anti_mid_stop,1.0,先行列車が塞いでいるため駅間停車防止モード。現在速度はtarget_speed_no_stop未満で加速は適切、制限速度・CBTC遵守、ノコギリ運転なし、間隔安全のため高評価。
146.0,Train11,次駅への減速フェーズ（駅手前400m以内）,惰行中,4.0,力行（加速）,6.0,70.0,70.0,47.46,47.5,266.8,34.0,109.80788415295919,0.0,6.1,この先制限速度なし,76m先に上り勾配9.2‰あり,前方419.3m先を37.5km/h,後続列車なし,30.0,0.0,発車済み,90.0,47.5,0.0,normal,0.5,不必要な力行→惰行への短時間切替がノコギリ運転と判定され、上限0.3‑0.5に抑えられたため。
145.29999999999998,Train11,次駅への減速フェーズ（駅手前400m以内）,ブレーキ（減速）中,1.4000000000000004,惰行,10.0,70.0,62.5,43.82,43.8,86.3,34.7,90.31747524353074,0.0,9.2,この先制限速度なし,この先目立った勾配なし,前方231.7m先を36.9km/h,後続列車なし,30.0,0.0,発車済み,90.0,43.8,0.0,normal,0.9,次駅減速フェーズでブレーキが適切に掛かり、delta_stopが±5m以内で安全に停止位置が確保できているため高評価。
184.79999999999956,Train11,次駅への減速フェーズ（駅手前400m以内）,力行（加速）中,0.1,ブレーキ（減速）,0.7999999999999999,70.0,0.0,24.83,70.0,21.6,0.0,29.23794685546303,6.9,9.2,この先制限速度なし,この先目立った勾配なし,前方25.0m先を7.4km/h,後続列車なし,90.0,0.0,発車済み,30.0,70.0,0.0,normal,0.0,CBTC信号0km/hを超える24.8km/hで走行し即時0点ルールに該当するため、rewardは0.0とする。
68.0,Train11,巡航フェーズ（駅間走行中）,惰行中,27.0,力行（加速）,6.0,70.0,70.0,54.19,70.0,1339.0,32.0,154.21730648552372,0.0,0.0,この先制限速度なし,349m先に上り勾配12.5‰あり,前方570.6m先を63.3km/h,後続列車なし,90.0,99.0,未発車,30.0,54.0,0.0,anti_mid_stop,1.0,先行列車が塞いで駅間停車防止モードとなり、target_speed_no_stop付近(54 km/h)で惰行しているため安全・省エネかつ遅延なしの適切操作。
183.99999999999972,Train11,次駅への減速フェーズ（駅手前400m以内）,ブレーキ（減速）中,0.1,惰行,0.1,70.0,70.0,31.9,70.0,45.0,0.0,48.12576261057143,4.1,9.2,この先制限速度なし,この先目立った勾配なし,前方476.3m先を48.5km/h,後続列車なし,60.0,0.0,発車済み,60.0,70.0,0.0,normal,0.9,ブレーキが適切に作動し、delta_stop‑3.13mで許容範囲内、速度・信号遵守、モードは通常で安全かつ定時に近い停止が可能。
174.29999999999947,Train11,次駅への減速フェーズ（駅手前400m以内）,ブレーキ（減速）中,0.5,力行（加速）,0.1,70.0,70.0,22.72,22.7,8.4,5.7,24.498356812312444,0.0,9.2,この先制限速度なし,この先目立った勾配なし,前方732.5m先を55.0km/h,後続列車なし,0.0,0.0,発車済み,120.0,22.7,0.0,normal,0.0,delta_stop が -16.1 m でブレーキ中にも関わらずオーバーランが確実と判断され、即時0点ルールが適用されたため。
98.0,Train11,巡航フェーズ（駅間走行中）,惰行中,2.0,力行（加速）,15.0,70.0,70.0,46.31,70.0,1284.6,80.0,113.17052238123028,0.0,0.0,この先制限速度なし,294m先に上り勾配12.5‰あり,前方1285.0m先を0.0km/h,後続列車なし,30.0,9.0,未発車,90.0,70.0,0.0,normal,0.2,巡航フェーズでrequired_speed 70km/hに対し46.3km/hの低速惰行を続け、先行列車なしで速度不足は遅延を招くため大幅減点とした。
103.0,Train11,巡航フェーズ（駅間走行中）,力行（加速）中,5.0,惰行,10.0,70.0,70.0,65.03,65.0,707.7,72.0,220.4535183638142,0.0,0.0,この先制限速度なし,117m先に上り勾配6.1‰あり,前方704.7m先を5.6km/h,後続列車なし,60.0,34.0,未発車,60.0,65.0,0.0,normal,0.7,巡航フェーズでrequired_speedに達しているのに不要な力行を続けてエネルギーを浪費しているため減点し、rewardを0.7とする。
125.0,Train11,巡航フェーズ（駅間走行中）,力行（加速）中,3.0,惰行,5.0,70.0,70.0,59.17,70.0,741.4,53.0,183.262015471841,0.0,0.0,この先制限速度なし,151m先に上り勾配6.1‰あり,前方741.8m先を0.0km/h,後続列車なし,60.0,12.0,未発車,60.0,70.0,0.0,normal,0.3,惰行→力行への切替が7秒未満で合理的根拠がなくノコギリ運転と判定され、reward上限0.3点となる。
187.5999999999994,Train11,次駅への減速フェーズ（駅手前400m以内）,ブレーキ（減速）中,2.800000000000001,力行（加速）,0.1,70.0,0.0,17.06,70.0,5.1,0.0,13.838388838830216,7.7,9.2,この先制限速度なし,この先目立った勾配なし,前方16.9m先を13.7km/h,後続列車なし,90.0,0.0,発車済み,30.0,70.0,0.0,normal,0.0,CBTC信号0km/hに対し17.1km/hで走行し、信号超過が即時0点の安全違反となるためrewardは0.0。
61.0,Train11,巡航フェーズ（駅間走行中）,力行（加速）中,8.0,ブレーキ（減速）,6.0,70.0,70.0,45.61,70.0,1662.5,101.0,120.66113090722929,0.0,-6.7,この先制限速度なし,この先目立った勾配なし,前方1615.2m先を21.0km/h,後続列車なし,30.0,46.0,未発車,90.0,70.0,0.0,normal,1.0,巡航フェーズでrequired_speed未達のため加速は必要かつ適切で、制限速度・CBTC遵守、停車位置も十分確保できるため高評価。
132.0,Train11,巡航フェーズ（駅間走行中）,惰行中,12.0,力行（加速）,6.0,70.0,70.0,46.93,46.9,448.7,48.0,107.39996810254944,0.0,6.1,この先制限速度なし,258m先に上り勾配9.2‰あり,前方482.3m先を21.7km/h,後続列車なし,30.0,0.0,発車済み,90.0,46.9,0.0,normal,1.0,巡航フェーズでrequired_speedと一致する惰行を維持し、制限速度・CBTC信号を遵守、先行列車との間隔安全、ノコギリ運転なしでエネルギー効率も高く評価できる。
180.0,Train11,次駅への減速フェーズ（駅手前400m以内）,力行（加速）中,29.0,ブレーキ（減速）,6.0,70.0,70.0,48.08,70.0,132.8,0.0,108.49361741248698,1.0,9.2,この先制限速度なし,この先目立った勾配なし,前方511.1m先を47.0km/h,後続列車なし,30.0,0.0,発車済み,90.0,70.0,0.0,normal,1.0,制限速度・CBTC遵守の上、必要速度未達のため加速は適切で、停止位置も確保できるため高評価。
140.0,Train11,巡航フェーズ（駅間走行中）,ブレーキ（減速）中,4.0,力行（加速）,1.0,70.0,70.0,44.7,70.0,543.0,38.0,97.55159706738375,0.0,6.1,この先制限速度なし,352m先に上り勾配9.2‰あり,前方546.8m先を7.9km/h,後続列車なし,30.0,0.0,発車済み,90.0,70.0,0.0,normal,0.0,直前の力行から4秒間のブレーキへの短時間切替が合理的根拠なく行われ、ノコギリ運転と判定されたためrewardは0.0。
175.39999999999947,Train11,次駅への減速フェーズ（駅手前400m以内）,惰行中,0.1,ブレーキ（減速）,0.2,70.0,47.6,18.65,18.6,9.8,4.6,16.52984103692544,0.0,9.2,この先制限速度なし,この先目立った勾配なし,前方156.1m先を37.0km/h,後続列車なし,60.0,0.0,発車済み,60.0,18.6,0.0,normal,0.0,次駅減速フェーズでブレーキせず惰行し、delta_stopが-6.73mとオーバーラン確実のため即0点。
118.0,Train11,巡航フェーズ（駅間走行中）,ブレーキ（減速）中,4.0,惰行,1.0,70.0,70.0,59.69,70.0,651.9,41.0,186.43137095939002,0.0,0.0,この先制限速度なし,61m先に上り勾配6.1‰あり,前方585.5m先を24.9km/h,後続列車なし,90.0,49.0,未発車,30.0,45.4,0.0,anti_mid_stop,0.9,先行列車が塞いでいるため駅間停車防止モードと判定し、現在速度は上限を超えているが減速操作は適切で安全違反はなく、全体的に適切な運転と判断した。
62.0,Train11,巡航フェーズ（駅間走行中）,惰行中,3.0,力行（加速）,45.0,70.0,70.0,65.82,70.0,1461.7,68.0,225.71321415552475,0.0,0.0,この先制限速度なし,471m先に上り勾配12.5‰あり,前方1099.5m先を56.8km/h,後続列車なし,60.0,75.0,未発車,60.0,70.0,0.0,normal,0.2,先行列車が十分に離れているが、required_speed未達の惰行を続けているため巡航フェーズで遅延運転とみなされ大幅減点。
163.49999999999986,Train11,次駅への減速フェーズ（駅手前400m以内）,ブレーキ（減速）中,4.6,惰行,20.0,70.0,24.8,26.31,70.0,78.6,14.5,32.80933931425466,0.0,9.2,この先制限速度なし,この先目立った勾配なし,前方79.0m先を0.0km/h,後続列車なし,90.0,3.5,未発車,30.0,20.8,0.0,anti_mid_stop,0.9,CBTC信号に沿ったブレーキで停車位置も確保でき、先行列車との安全間隔を保ち、即時ゼロ違反もなく適切な減速操作。
116.0,Train11,巡航フェーズ（駅間走行中）,力行（加速）中,17.0,惰行,5.0,70.0,70.0,55.58,70.0,884.7,41.0,138.93551638009438,0.0,12.5,この先制限速度なし,この先目立った勾配なし,前方803.7m先を27.6km/h,後続列車なし,90.0,51.0,未発車,30.0,70.0,0.0,normal,0.9,巡航フェーズでrequired_speed未達のため加速は必要かつ適切、制限速度・CBTC遵守、ノコギリ運転なし、前後列車間隔問題なし。
173.99999999999955,Train11,次駅への減速フェーズ（駅手前400m以内）,ブレーキ（減速）中,0.5,惰行,0.1,70.0,46.1,22.26,22.3,17.7,6.0,23.52014610689445,0.0,9.2,この先制限速度なし,この先目立った勾配なし,前方149.8m先を35.9km/h,後続列車なし,60.0,0.0,発車済み,60.0,22.3,0.0,normal,0.0,delta_stopが-5.82mでブレーキ中にオーバーランが確実と判定され、即0点ルールが適用されたため。
171.7999999999996,Train11,次駅への減速フェーズ（駅手前400m以内）,ブレーキ（減速）中,1.9000000000000006,力行（加速）,0.1,70.0,70.0,29.18,29.2,26.3,8.2,40.313075107945096,0.0,9.2,この先制限速度なし,この先目立った勾配なし,前方712.4m先を54.3km/h,後続列車なし,0.0,0.0,発車済み,120.0,29.2,0.0,normal,0.0,ブレーキ中にdelta_stopが-14.01mとなりオーバーランがほぼ確実で、即時0点ルールに該当するためrewardは0.0とする。
75.0,Train11,巡航フェーズ（駅間走行中）,惰行中,1.0,力行（加速）,21.0,70.0,70.0,56.37,63.8,1462.7,102.0,166.63905917434556,0.0,0.0,この先制限速度なし,472m先に上り勾配12.5‰あり,前方1462.1m先を3.0km/h,後続列車なし,30.0,32.0,未発車,90.0,63.8,0.0,anti_mid_stop,1.0,先行列車が前方で塞いでいるため駅間停車防止モードとなり、target_speed_no_stop以下の惰行は安全かつ遅延リスクがなく適切と判断した。
185.49999999999963,Train11,次駅への減速フェーズ（駅手前400m以内）,ブレーキ（減速）中,1.6000000000000003,惰行,0.1,70.0,70.0,27.48,70.0,32.6,0.0,35.77638915850312,5.6,9.2,この先制限速度なし,この先目立った勾配なし,前方484.3m先を49.0km/h,後続列車なし,60.0,0.0,発車済み,60.0,70.0,0.0,normal,0.9,ブレーキで適切に減速し、delta_stopが±5m以内の許容範囲に収まり、先行列車との間隔も標準間隔内で安全・定時性に問題なし。
99.0,Train11,巡航フェーズ（駅間走行中）,力行（加速）中,18.0,惰行,6.0,70.0,70.0,49.14,68.6,1221.0,81.0,127.21185500173357,0.0,0.0,この先制限速度なし,230m先に上り勾配12.5‰あり,前方1353.1m先を35.9km/h,後続列車なし,0.0,0.0,発車済み,120.0,68.6,0.0,normal,0.9,巡航フェーズでrequired_speed未達だが加速中で適切、制限速度・CBTC信号を遵守、前方列車との間隔も安全なため高評価。
162.99999999999977,Train11,次駅への減速フェーズ（駅手前400m以内）,ブレーキ（減速）中,1.8000000000000005,力行（加速）,0.1,70.0,70.0,34.1,34.1,48.2,17.0,54.94152081512641,0.0,9.2,この先制限速度なし,この先目立った勾配なし,前方604.7m先を51.6km/h,後続列車なし,0.0,0.0,発車済み,120.0,34.1,0.0,normal,0.0,delta_stopが-6.74mでブレーキ中にも関わらずオーバーランがほぼ確実と判定され、即時0点ルールが適用されたため。
148.9999999999996,Train11,次駅への減速フェーズ（駅手前400m以内）,ブレーキ（減速）中,0.30000000000000004,惰行,0.1,70.0,0.0,17.1,17.1,42.0,29.0,13.903186529710725,0.0,9.2,この先制限速度なし,この先目立った勾配なし,前方42.4m先を0.0km/h,後続列車なし,60.0,0.0,未発車,60.0,17.1,12.0,anti_mid_stop,0.0,CBTC信号が0km/hであるにも関わらず現在速度が17.1km/hと2km/h以上超過しており、安全違反のためrewardは0.0とする。
40.0,Train11,巡航フェーズ（駅間走行中）,力行（加速）中,6.0,惰行,6.0,70.0,70.0,27.48,70.0,1963.2,30.0,41.407397785406204,0.0,-2.1,この先制限速度なし,173m先に下り勾配6.7‰あり,前方705.1m先を63.2km/h,後続列車なし,90.0,127.0,未発車,30.0,61.3,0.0,anti_mid_stop,0.9,先行列車が塞いでいるため駅間停車防止モードで、target_speed_no_stop以下の加速は適切であり、制限速度・CBTC遵守、間隔・停車位置も問題なし。
166.8999999999996,Train11,次駅への減速フェーズ（駅手前400m以内）,ブレーキ（減速）中,1.3,力行（加速）,0.1,70.0,70.0,23.78,23.8,28.6,13.1,26.827583156446753,0.0,9.2,この先制限速度なし,この先目立った勾配なし,前方431.8m先を47.7km/h,後続列車なし,30.0,0.0,発車済み,90.0,23.8,0.0,normal,0.9,次駅減速フェーズで適切にブレーキし、delta_stopが1.77mで高評価範囲内、速度・信号遵守、前方列車との間隔も適正のため高評価。
21.0,Train11,巡航フェーズ（駅間走行中）,力行（加速）中,22.0,ブレーキ（減速）,30.0,70.0,70.0,40.59,68.9,2037.0,131.0,89.75302390162649,0.0,-2.1,この先制限速度なし,247m先に下り勾配6.7‰あり,前方1913.2m先を34.1km/h,後続列車なし,0.0,56.0,未発車,120.0,68.9,0.0,normal,0.9,巡航フェーズでrequired_speed未達だが加速は必要であり、制限速度・CBTC信号を遵守、先行列車との間隔も十分、ノコギリ運転なし。
169.29999999999976,Train11,次駅への減速フェーズ（駅手前400m以内）,ブレーキ（減速）中,0.9999999999999999,力行（加速）,0.1,70.0,70.0,36.18,36.2,49.0,10.7,61.79210289235847,0.0,9.2,この先制限速度なし,この先目立った勾配なし,前方697.7m先を53.6km/h,後続列車なし,0.0,0.0,発車済み,120.0,36.2,0.0,normal,0.0,delta_stop が -12.79m でオーバーランがほぼ確実、即時0点ルールに該当するため reward=0.0 とする。
21.0,Train11,巡航フェーズ（駅間走行中）,力行（加速）中,12.0,惰行,6.0,70.0,70.0,33.2,70.0,2079.9,30.0,60.2781095883307,0.0,-2.1,この先制限速度なし,289m先に下り勾配6.7‰あり,前方488.5m先を62.8km/h,後続列車なし,90.0,146.0,未発車,30.0,57.2,0.0,anti_mid_stop,0.9,先行列車が塞いで駅間停車防止モード。現在速度がtarget_speed_no_stop未満で加速は適切で、制限速度・CBTC遵守、ノコギリ運転なし。
144.0,Train11,次駅への減速フェーズ（駅手前400m以内）,惰行中,9.0,ブレーキ（減速）,1.0,70.0,43.9,35.49,35.5,123.0,36.0,59.475858355730274,0.0,9.2,この先制限速度なし,この先目立った勾配なし,前方140.6m先を16.5km/h,後続列車なし,60.0,0.0,発車済み,60.0,35.5,0.0,normal,0.9,次駅減速フェーズでrequired_speedで惰行し、delta_stopが正でCBTC信号と制限速度を遵守、即時0ルールなしの安全運転。
180.49999999999963,Train11,次駅への減速フェーズ（駅手前400m以内）,力行（加速）中,3.3000000000000016,ブレーキ（減速）,2.700000000000001,70.0,70.0,28.15,70.0,47.5,0.0,37.532504180454666,0.6,9.2,この先制限速度なし,この先目立った勾配なし,前方1374.3m先を63.2km/h,後続列車なし,0.0,0.0,発車済み,120.0,70.0,0.0,normal,0.2,次駅減速フェーズでブレーキすべきところを力行し、ノコギリ運転と判定され上限0.3に抑えたため0.2とした。
21.0,Train11,巡航フェーズ（駅間走行中）,力行（加速）中,1.0,惰行,6.0,70.0,70.0,32.79,70.0,2043.8,95.0,58.81030195387564,0.0,-2.1,この先制限速度なし,253m先に下り勾配6.7‰あり,前方1501.2m先を61.4km/h,後続列車なし,30.0,86.0,未発車,90.0,70.0,0.0,normal,0.4,短時間で惰行→力行への切替が合理的理由なく行われたためノコギリ運転と判定し、reward上限を0.5に抑えた。
151.39999999999947,Train11,次駅への減速フェーズ（駅手前400m以内）,ブレーキ（減速）中,2.700000000000001,惰行,0.1,70.0,0.0,10.09,10.1,33.0,26.6,4.850242105331199,0.0,9.2,この先制限速度なし,この先目立った勾配なし,前方33.4m先を0.0km/h,後続列車なし,60.0,0.0,未発車,60.0,10.1,14.4,anti_mid_stop,0.0,CBTC信号が0km/hであるにもかかわらず現在速度が10.1km/hと2km/h以上超過しており、安全違反の即時0点ルールが適用される。
188.99999999999932,Train11,次駅への減速フェーズ（駅手前400m以内）,ブレーキ（減速）中,4.200000000000001,力行（加速）,0.1,70.0,0.0,12.96,0.0,0.0,0.0,8.996603623351161,9.1,0.0,この先制限速度なし,この先目立った勾配なし,前方16.9m先を16.5km/h,後続列車なし,90.0,0.0,発車済み,30.0,0.0,0.0,normal,0.0,CBTC信号が0km/hで停止指示なのに13km/hで走行し、delta_stopが-9mでオーバーランが確実なため即時0.0とし、他の評価は無効とする。
169.0,Train11,巡航フェーズ（駅間走行中）,力行（加速）中,13.0,惰行,6.0,70.0,70.0,43.16,70.0,468.5,11.0,91.01849783228434,0.0,6.1,この先制限速度なし,278m先に上り勾配9.2‰あり,前方710.0m先を42.3km/h,後続列車なし,30.0,0.0,発車済み,90.0,70.0,0.0,normal,1.0,巡航フェーズでrequired_speed未達のため加速は適切。制限速度・CBTC遵守、先行列車との間隔安全、ノコギリ運転なし。
193.7999999999996,Train11,次駅への減速フェーズ（駅手前400m以内）,ブレーキ（減速）中,0.30000000000000004,惰行,0.1,70.0,70.0,27.14,70.0,30.4,0.0,34.901105890532186,13.9,9.2,この先制限速度なし,この先目立った勾配なし,前方393.1m先を46.5km/h,後続列車なし,60.0,0.0,発車済み,60.0,70.0,0.0,normal,0.9,ブレーキ中でdelta_stopが-4.5mで許容範囲内、駅手前の減速は合理的で安全・停車位置も適切なため高評価。
193.19999999999965,Train11,次駅への減速フェーズ（駅手前400m以内）,ブレーキ（減速）中,0.9999999999999999,力行（加速）,0.1,70.0,13.7,16.25,70.0,58.6,0.0,12.55860458787965,15.3,9.2,この先制限速度なし,この先目立った勾配なし,前方59.0m先を0.0km/h,後続列車なし,90.0,0.0,未発車,30.0,70.0,26.2,anti_mid_stop,0.0,現在速度がCBTC信号速度を2km/h以上上回っており、即時0点ルールが適用されるためrewardは0.0となる。
37.0,Train11,巡航フェーズ（駅間走行中）,力行（加速）中,10.0,惰行,6.0,70.0,70.0,35.71,70.0,1950.6,30.0,69.64930229939898,0.0,-2.1,この先制限速度なし,160m先に下り勾配6.7‰あり,前方639.9m先を63.1km/h,後続列車なし,90.0,130.0,未発車,30.0,59.6,0.0,anti_mid_stop,0.9,先行列車が塞ぎ駅間停車防止モードで、target_speed_no_stop以下の加速は適切。速度は上限未超過、ノコギリ運転なし、間隔安全のため高評価。
156.39999999999947,Train11,次駅への減速フェーズ（駅手前400m以内）,ブレーキ（減速）中,0.1,力行（加速）,0.1,70.0,40.1,20.15,20.1,18.7,23.6,19.286326560903557,0.0,9.2,この先制限速度なし,この先目立った勾配なし,前方125.8m先を33.5km/h,後続列車なし,60.0,0.0,発車済み,60.0,20.1,0.0,normal,0.9,ブレーキが適切にかかり、delta_stopが許容範囲内で停止位置が確保され、速度・信号遵守・間隔も問題なく高評価とした。
160.49999999999923,Train11,次駅への減速フェーズ（駅手前400m以内）,ブレーキ（減速）中,1.6000000000000003,惰行,0.1,70.0,46.0,8.89,8.9,2.1,19.5,3.7663081039826674,0.0,9.2,この先制限速度なし,この先目立った勾配なし,前方149.4m先を37.1km/h,後続列車なし,60.0,0.0,発車済み,60.0,8.9,0.0,normal,0.0,低速ブレーキ中に停止位置を過走し、delta_stopが-1.67mでオーバーランが確実なためrewardを0.0とした。
153.0,Train11,次駅への減速フェーズ（駅手前400m以内）,力行（加速）中,3.0,惰行,6.0,70.0,70.0,19.78,70.0,240.1,27.0,19.30914686599689,0.0,6.1,この先制限速度なし,50m先に上り勾配9.2‰あり,前方658.0m先を48.1km/h,後続列車なし,30.0,0.0,発車済み,90.0,70.0,0.0,normal,0.1,次駅減速フェーズで加速し停止位置が遠くなる上、ノコギリ運転と判定され運転品質が極めて低いため0.1とした。
199.59999999999985,Train11,次駅への減速フェーズ（駅手前400m以内）,ブレーキ（減速）中,2.400000000000001,力行（加速）,0.1,70.0,70.0,38.28,70.0,57.2,0.0,69.10767781884316,19.7,9.2,この先制限速度なし,この先目立った勾配なし,前方710.3m先を53.7km/h,後続列車なし,30.0,0.0,発車済み,90.0,70.0,0.0,normal,0.0,delta_stopが-11.91mでブレーキ中にも関わらずオーバーランがほぼ確実で、即0.0ルールに該当するため。
156.89999999999932,Train11,次駅への減速フェーズ（駅手前400m以内）,惰行中,0.1,ブレーキ（減速）,3.3000000000000016,70.0,69.1,12.69,0.0,0.0,23.1,8.626374357739065,0.0,0.0,この先制限速度なし,この先目立った勾配なし,前方271.2m先を43.7km/h,後続列車なし,30.0,0.0,発車済み,90.0,0.0,0.0,normal,0.0,delta_stopが-8.63mでブレーキをかけておらず、オーバーランがほぼ確実なため即reward0.0ルールが適用される。
179.39999999999952,Train11,次駅への減速フェーズ（駅手前400m以内）,ブレーキ（減速）中,2.1000000000000005,惰行,0.1,70.0,70.0,21.09,70.0,25.0,0.6,21.12109051145323,0.0,9.2,この先制限速度なし,この先目立った勾配なし,前方828.0m先を56.4km/h,後続列車なし,30.0,0.0,発車済み,90.0,70.0,0.0,normal,0.9,次駅減速フェーズでブレーキ中、delta_stopが3.88mで許容範囲内、速度・信号遵守、合理的な減速操作のため高評価。
44.0,Train11,巡航フェーズ（駅間走行中）,力行（加速）中,30.0,惰行,2.0,70.0,70.0,58.72,70.0,1729.5,101.0,198.20551053564623,0.0,-6.7,この先制限速度なし,この先目立った勾配なし,前方1531.2m先を41.7km/h,後続列車なし,30.0,63.0,未発車,90.0,70.0,0.0,normal,0.8,巡航フェーズでrequired_speed未達のため加速は適切で、制限速度・CBTCを遵守し、先行列車との間隔も十分に確保され安全かつエネルギー効率も良好と判断した。
186.7999999999991,Train11,次駅への減速フェーズ（駅手前400m以内）,ブレーキ（減速）中,2.0000000000000004,惰行,0.1,70.0,70.0,0.74,70.0,2.6,0.0,0.026142398980902287,6.9,9.2,この先制限速度なし,この先目立った勾配なし,前方923.3m先を58.1km/h,後続列車なし,30.0,0.0,発車済み,90.0,70.0,0.0,normal,0.5,ブレーキで駅手前に適切に減速し、delta_stopが2.6mで許容範囲内。安全・停車位置ともに問題なし。
105.0,Train11,巡航フェーズ（駅間走行中）,力行（加速）中,1.0,惰行,3.0,70.0,70.0,33.59,70.0,1047.1,75.0,59.94240697255624,0.0,0.0,この先制限速度なし,57m先に上り勾配12.5‰あり,前方1242.8m先を40.1km/h,後続列車なし,0.0,0.0,発車済み,120.0,70.0,0.0,normal,0.3,巡航フェーズでrequired_speed未達だが加速は必要。前後ノッチが短時間で逆転しノコギリ運転と判定され、reward上限0.3に制限。
160.39999999999992,Train11,次駅への減速フェーズ（駅手前400m以内）,ブレーキ（減速）中,0.6,惰行,0.1,70.0,70.0,41.45,41.5,75.5,19.6,80.9062075322329,0.0,9.2,この先制限速度なし,この先目立った勾配なし,前方595.0m先を50.7km/h,後続列車なし,0.0,0.0,発車済み,120.0,41.5,0.0,normal,0.0,delta_stopが-5.41mでオーバーランが確実、ブレーキ中でも安全基準を下回るため即0.0とする。
167.99999999999983,Train11,次駅への減速フェーズ（駅手前400m以内）,ブレーキ（減速）中,7.099999999999989,力行（加速）,8.0,70.0,70.0,39.67,39.7,62.8,12.0,74.16956927853208,0.0,9.2,この先制限速度なし,この先目立った勾配なし,前方692.1m先を53.2km/h,後続列車なし,0.0,0.0,発車済み,120.0,39.7,0.0,normal,0.0,delta_stopが-11.37mでブレーキ中でもオーバーランが確実と判断され、即時0点ルールが適用された。このため安全上の重大違反とみなされ、rewardは0.0とした。
153.39999999999952,Train11,次駅への減速フェーズ（駅手前400m以内）,ブレーキ（減速）中,1.6000000000000003,惰行,0.1,70.0,65.1,22.69,22.7,12.3,26.6,24.433958922203914,0.0,9.2,この先制限速度なし,この先目立った勾配なし,前方246.8m先を42.0km/h,後続列車なし,30.0,0.0,発車済み,90.0,22.7,0.0,normal,0.0,delta_stopが-12.13mでブレーキ中にも関わらずオーバーランが確実なため、即時0点ルールが適用される。
166.79999999999956,Train11,次駅への減速フェーズ（駅手前400m以内）,ブレーキ（減速）中,2.500000000000001,惰行,0.1,70.0,70.0,23.39,23.4,17.7,13.2,25.958433185813107,0.0,9.2,この先制限速度なし,この先目立った勾配なし,前方629.4m先を52.8km/h,後続列車なし,0.0,0.0,発車済み,120.0,23.4,0.0,normal,0.0,ブレーキ中にdelta_stopが-8.26mでオーバーランが確実となり、即0.0ルールが適用されたため。
196.79999999999978,Train11,次駅への減速フェーズ（駅手前400m以内）,ブレーキ（減速）中,0.5,惰行,0.1,70.0,70.0,34.99,70.0,51.1,0.0,57.82451097168335,16.9,9.2,この先制限速度なし,この先目立った勾配なし,前方1664.0m先を63.4km/h,後続列車なし,0.0,0.0,発車済み,120.0,70.0,0.0,normal,0.0,delta_stopが-6.72mでブレーキ中にも関わらずオーバーランがほぼ確実と判定され、即0.0ルールが適用されたため。
78.0,Train11,巡航フェーズ（駅間走行中）,惰行中,14.0,力行（加速）,6.0,70.0,70.0,63.61,63.6,1123.5,100.0,211.14541543561555,0.0,0.0,この先制限速度なし,133m先に上り勾配12.5‰あり,前方1123.8m先を0.0km/h,後続列車なし,30.0,29.0,未発車,90.0,63.6,0.0,anti_mid_stop,1.0,先行列車が停車しているため駅間停車防止モードとなり、現在速度が target_speed_no_stop と一致し惰行を維持。制限速度・CBTC遵守、過剰加速なしで安全かつ省エネ。
138.0,Train11,巡航フェーズ（駅間走行中）,惰行中,5.0,力行（加速）,18.0,70.0,70.0,41.97,70.0,693.4,40.0,93.18017111421761,0.0,0.0,この先制限速度なし,103m先に上り勾配6.1‰あり,前方693.8m先を0.0km/h,後続列車なし,60.0,0.0,未発車,60.0,70.0,1.0,normal,0.1,巡航フェーズでrequired_speed 70km/hに対し42km/hの惰行を続け、定時到着が不可能になるため大幅減点し0.1とした。
77.0,Train11,巡航フェーズ（駅間走行中）,力行（加速）中,2.0,惰行,6.0,70.0,70.0,54.35,61.7,1410.2,101.0,155.11341780291042,0.0,0.0,この先制限速度なし,420m先に上り勾配12.5‰あり,前方1410.6m先を0.0km/h,後続列車なし,0.0,0.0,未発車,120.0,61.7,0.0,anti_mid_stop,0.9,先行列車が停車中で駅間停車防止モード。現在速度はtarget_speed_no_stop未満で加速中であり、過加速やCBTC違反はなく適切な操作と判断した。
34.0,Train11,巡航フェーズ（駅間走行中）,力行（加速）中,25.0,惰行,6.0,70.0,70.0,47.1,70.0,1932.9,99.0,120.39847524132851,0.0,-2.1,この先制限速度なし,142m先に下り勾配6.7‰あり,前方1601.5m先を54.2km/h,後続列車なし,30.0,73.0,未発車,90.0,70.0,0.0,normal,1.0,巡航フェーズでrequired_speed未達だが加速中であり、制限速度・CBTC遵守、先行列車との間隔も十分安全なため高評価。
166.1,Train11,次駅への減速フェーズ（駅手前400m以内）,ブレーキ（減速）中,7.199999999999999,惰行,5.0,70.0,46.8,44.54,44.5,91.0,13.9,93.27611556614906,0.0,9.2,この先制限速度なし,この先目立った勾配なし,前方152.8m先を27.6km/h,後続列車なし,60.0,0.0,発車済み,60.0,44.5,0.0,normal,0.9,ブレーキが適切に作動し、delta_stopが許容範囲内でCBTC・制限速度も遵守しているため高評価。
91.0,Train11,巡航フェーズ（駅間走行中）,惰行中,3.0,ブレーキ（減速）,4.0,70.0,70.0,47.58,60.2,1198.0,89.0,119.3740504149285,0.0,0.0,この先制限速度なし,207m先に上り勾配12.5‰あり,前方1259.0m先を27.5km/h,後続列車なし,0.0,0.0,発車済み,120.0,60.2,0.0,normal,0.1,制限・CBTCは遵守しているが、巡航フェーズでrequired_speed 60.2km/hに対し47.6km/hの惰行を続け遅延リスクが高く、さらにブレーキ→惰行のノコギリ運転が判定されたため0.1とした。
173.8999999999992,Train11,次駅への減速フェーズ（駅手前400m以内）,ブレーキ（減速）中,1.7000000000000004,力行（加速）,0.1,70.0,70.0,4.6,4.6,1.2,6.1,1.0093906004179476,0.0,9.2,この先制限速度なし,この先目立った勾配なし,前方499.7m先を50.2km/h,後続列車なし,30.0,0.0,発車済み,90.0,4.6,0.0,normal,1.0,ブレーキが適切にかかり、delta_stopが0.19mで停止位置が正確。速度・信号遵守、間隔も問題なく、ノコギリ運転なし。
49.0,Train11,巡航フェーズ（駅間走行中）,力行（加速）中,2.0,ブレーキ（減速）,6.0,70.0,70.0,33.36,54.0,1782.2,129.0,65.0096399533753,0.0,-6.7,この先制限速度なし,この先目立った勾配なし,前方1782.6m先を0.0km/h,後続列車なし,0.0,28.0,未発車,120.0,54.0,0.0,normal,0.5,先行列車が遠く必要速度未達のため加速は適切だが、直前のブレーキから2秒の短時間加速はノコギリ運転と判定され、reward上限が0.5に抑えられる。
76.0,Train11,巡航フェーズ（駅間走行中）,惰行中,5.0,力行（加速）,6.0,70.0,70.0,63.22,63.2,1245.7,102.0,208.62192088526234,0.0,0.0,この先制限速度なし,255m先に上り勾配12.5‰あり,前方1245.7m先を1.8km/h,後続列車なし,30.0,31.0,未発車,90.0,63.2,0.0,anti_mid_stop,0.5,先行列車が塞いでいる駅間停車防止モードでtarget_speed_no_stopを維持すべきだが、直前の力行→惰行が7秒未満で合理的理由がなくノコギリ運転と判定され、reward上限0.5に抑えられた。
172.0,Train11,次駅への減速フェーズ（駅手前400m以内）,ブレーキ（減速）中,2.0,力行（加速）,21.0,70.0,51.6,61.91,70.0,174.3,6.0,178.4575804538116,0.0,9.2,この先制限速度なし,この先目立った勾配なし,前方174.7m先を0.0km/h,後続列車なし,90.0,0.0,未発車,30.0,70.0,5.0,anti_mid_stop,0.0,現在の速度がCBTC信号速度を2km/h以上上回っているため、安全上即時0点とする。
140.0,Train11,次駅への減速フェーズ（駅手前400m以内）,ブレーキ（減速）中,3.0,力行（加速）,3.0,70.0,37.5,42.15,42.1,115.8,38.0,83.63351250334307,0.0,9.2,この先制限速度なし,この先目立った勾配なし,前方116.2m先を0.0km/h,後続列車なし,60.0,0.0,未発車,60.0,42.1,3.0,anti_mid_stop,0.0,現在速度がCBTC信号速度37.5km/hを2km/h以上上回っており、安全違反の即時0点規則が適用される。
125.0,Train11,次駅への減速フェーズ（駅手前400m以内）,惰行中,32.0,力行（加速）,6.0,70.0,70.0,50.32,50.3,368.2,53.0,123.24514071933977,0.0,6.1,この先制限速度なし,178m先に上り勾配9.2‰あり,前方372.0m先を7.9km/h,後続列車なし,30.0,0.0,発車済み,90.0,50.3,0.0,normal,0.9,制限速度・CBTC遵守、減速開始前の惰行が適切で即時減点要因がなく安全かつ定時運転が維持できている。
79.0,Train11,巡航フェーズ（駅間走行中）,惰行中,11.0,力行（加速）,6.0,70.0,70.0,65.91,65.9,1129.4,99.0,226.3160947617671,0.0,0.0,この先制限速度なし,139m先に上り勾配12.5‰あり,前方1129.8m先を0.0km/h,後続列車なし,30.0,28.0,未発車,90.0,65.9,0.0,normal,1.0,巡航フェーズでrequired_speedと一致する惰行を維持し、速度・CBTC制限を遵守、前方列車との間隔も十分であり、ノコギリ運転なし。
206.39999999999947,Train11,次駅への減速フェーズ（駅手前400m以内）,ブレーキ（減速）中,1.5000000000000002,惰行,0.1,70.0,70.0,20.08,70.0,2.3,0.0,19.153002497573386,26.5,9.2,この先制限速度なし,この先目立った勾配なし,前方758.6m先を55.6km/h,後続列車なし,30.0,0.0,発車済み,90.0,70.0,0.0,normal,0.0,delta_stopが-16.85mでブレーキ中にも関わらず停止点を大きく過ぎており、オーバーランが確実なため即時0点とする。
50.0,Train11,巡航フェーズ（駅間走行中）,力行（加速）中,8.0,ブレーキ（減速）,6.0,70.0,70.0,38.34,70.0,1741.1,65.0,85.63397095799904,0.0,-6.7,この先制限速度なし,この先目立った勾配なし,前方1181.4m先を61.8km/h,後続列車なし,60.0,87.0,未発車,60.0,70.0,0.0,normal,0.9,現在は巡航フェーズで速度が必要速度未達だが、加速（力行）を継続しており、CBTC・制限速度超過もなく、先行列車との間隔も安全で、ノコギリ運転も発生していないため高評価。
153.79999999999933,Train11,次駅への減速フェーズ（駅手前400m以内）,ブレーキ（減速）中,1.6000000000000003,力行（加速）,0.1,70.0,0.0,3.63,8.1,28.4,24.2,0.6287038946679165,0.0,9.2,この先制限速度なし,この先目立った勾配なし,前方28.7m先を0.0km/h,後続列車なし,60.0,0.0,未発車,60.0,8.1,16.8,anti_mid_stop,0.0,CBTC信号が0km/hであるにもかかわらず3.6km/hで走行しており、即時0.0評価の安全違反が発生した。
67.0,Train11,巡航フェーズ（駅間走行中）,力行（加速）中,7.0,ブレーキ（減速）,6.0,70.0,70.0,36.44,70.0,1607.5,101.0,70.44699579862858,0.0,0.0,この先制限速度なし,この先目立った勾配なし,前方1588.8m先を13.3km/h,後続列車なし,30.0,40.0,未発車,90.0,70.0,0.0,normal,0.9,巡航フェーズでrequired_speed未達のため加速は適切、制限速度・CBTC遵守、先行列車との間隔安全、停止位置も十分に確保できる。
58.0,Train11,巡航フェーズ（駅間走行中）,力行（加速）中,4.0,ブレーキ（減速）,6.0,70.0,70.0,40.48,54.3,1656.2,120.0,95.34228518163434,0.0,-6.7,この先制限速度なし,この先目立った勾配なし,前方1656.6m先を0.0km/h,後続列車なし,0.0,19.0,未発車,120.0,54.3,0.0,normal,0.9,巡航フェーズでrequired_speed未達だが加速が必要であり、制限速度・CBTC信号を遵守、前方列車との間隔も十分で安全な運転と判断した。
65.0,Train11,巡航フェーズ（駅間走行中）,惰行中,1.0,力行（加速）,4.0,70.0,70.0,52.83,70.0,1442.1,69.0,146.7003798998458,0.0,0.0,この先制限速度なし,452m先に上り勾配12.5‰あり,前方1125.6m先を52.9km/h,後続列車なし,60.0,72.0,未発車,60.0,70.0,0.0,normal,0.2,巡航フェーズでrequired_speed 70km/hに対し52.8km/hの惰行を続け、無理由の力行→惰行切替が7秒未満でノコギリ運転と判定され、上限0.3点に抑えられたため0.2とした。
196.99999999999926,Train11,次駅への減速フェーズ（駅手前400m以内）,ブレーキ（減速）中,0.30000000000000004,惰行,0.1,70.0,70.0,9.03,70.0,0.5,0.0,3.885731177832535,17.1,9.2,この先制限速度なし,この先目立った勾配なし,前方1090.4m先を62.3km/h,後続列車なし,30.0,0.0,発車済み,90.0,70.0,0.0,normal,0.0,低速ブレーキ中にdelta_stopが-3.39mと過走リスクが高く、オーバーランがほぼ確実なためrewardを0.0とした。
33.0,Train11,巡航フェーズ（駅間走行中）,惰行中,1.0,力行（加速）,22.0,70.0,70.0,44.44,66.0,1968.8,131.0,107.35240941571017,0.0,-2.1,この先制限速度なし,178m先に下り勾配6.7‰あり,前方1932.5m先を18.4km/h,後続列車なし,0.0,44.0,未発車,120.0,66.0,0.0,normal,0.1,巡航フェーズでrequired_speed 66km/hに対し44.4km/hの惰行は遅延拡大を招き、適切な加速が欠如しているため大幅減点とした。
153.59999999999962,Train11,次駅への減速フェーズ（駅手前400m以内）,ブレーキ（減速）中,0.30000000000000004,力行（加速）,0.1,70.0,38.2,26.96,27.0,36.8,26.4,34.442051947648274,0.0,9.2,この先制限速度なし,この先目立った勾配なし,前方118.9m先を30.6km/h,後続列車なし,60.0,0.0,発車済み,60.0,27.0,0.0,normal,0.9,ブレーキはCBTC信号速度以下で実施され、delta_stopが2.36mで許容範囲内のため安全かつ定時性に問題なく高評価とした。
161.89999999999915,Train11,次駅への減速フェーズ（駅手前400m以内）,ブレーキ（減速）中,3.0000000000000013,惰行,0.1,70.0,48.7,4.81,0.0,0.0,18.1,1.242063447101072,0.0,0.0,この先制限速度なし,この先目立った勾配なし,前方161.4m先を38.1km/h,後続列車なし,60.0,0.0,発車済み,60.0,0.0,0.0,normal,0.0,低速ブレーキ中にdelta_stopが-1.24mで停止位置を過走しており、次駅減速フェーズでオーバーランが確実なためrewardは0.0となる。
188.49999999999946,Train11,次駅への減速フェーズ（駅手前400m以内）,ブレーキ（減速）中,1.6000000000000003,力行（加速）,0.1,70.0,70.0,19.36,70.0,13.1,0.0,17.808299435224782,8.6,9.2,この先制限速度なし,この先目立った勾配なし,前方506.0m先を50.1km/h,後続列車なし,60.0,0.0,発車済み,60.0,70.0,0.0,normal,0.9,ブレーキ中でdelta_stopが-4.71mで許容範囲内、速度・信号遵守、ノコギリ運転なし、先行列車との間隔安全のため高評価。
59.0,Train11,巡航フェーズ（駅間走行中）,力行（加速）中,25.0,惰行,6.0,70.0,70.0,49.8,70.0,1752.7,30.0,143.45828609254042,0.0,-6.7,この先制限速度なし,この先目立った勾配なし,前方827.4m先を62.6km/h,後続列車なし,90.0,108.0,未発車,30.0,54.2,0.0,anti_mid_stop,0.9,先行列車が塞いでいる駅間停車防止モードで、target_speed_no_stop以下の加速は適切かつ安全で、CBTC・速度制限違反なし。
167.9999999999995,Train11,次駅への減速フェーズ（駅手前400m以内）,ブレーキ（減速）中,3.700000000000002,惰行,0.1,70.0,70.0,19.86,19.9,10.5,12.0,18.736970289422786,0.0,9.2,この先制限速度なし,この先目立った勾配なし,前方639.9m先を53.2km/h,後続列車なし,0.0,0.0,発車済み,120.0,19.9,0.0,normal,0.0,delta_stopが-8.24mでブレーキ中にも関わらずオーバーランが確実と判定され、即0.0ルールが適用されたため。
148.79999999999978,Train11,次駅への減速フェーズ（駅手前400m以内）,ブレーキ（減速）中,0.2,力行（加速）,0.1,70.0,62.4,34.31,34.3,48.7,31.2,55.61526030889651,0.0,9.2,この先制限速度なし,この先目立った勾配なし,前方231.2m先を39.4km/h,後続列車なし,30.0,0.0,発車済み,90.0,34.3,0.0,normal,0.0,delta_stopが-6.92mでブレーキ中にも関わらずオーバーランがほぼ確実なため即時0点とする。
148.09999999999994,Train11,次駅への減速フェーズ（駅手前400m以内）,ブレーキ（減速）中,0.2,惰行,0.4,70.0,39.6,34.07,34.1,83.5,31.9,54.84560109654108,0.0,9.2,この先制限速度なし,この先目立った勾配なし,前方124.0m先を23.4km/h,後続列車なし,60.0,0.0,発車済み,60.0,34.1,0.0,normal,0.5,ブレーキ開始が早すぎて停止位置が手前になるが安全上問題なく、他は適切な操作のため中程度評価。
87.0,Train11,巡航フェーズ（駅間走行中）,力行（加速）中,8.0,ブレーキ（減速）,7.0,70.0,70.0,43.5,70.0,1364.9,71.0,100.01312980755067,0.0,0.0,この先制限速度なし,374m先に上り勾配12.5‰あり,前方1291.4m先を26.2km/h,後続列車なし,60.0,50.0,未発車,60.0,70.0,0.0,normal,1.0,通常運転モードで制限速度・CBTCを遵守し、required_speed 未達のため加速は適切。間隔・ノコギリ運転なしで安全かつ定時性に寄与。
34.0,Train11,巡航フェーズ（駅間走行中）,力行（加速）中,5.0,惰行,6.0,70.0,70.0,46.66,70.0,1880.1,99.0,118.1907681821744,0.0,-2.1,この先制限速度なし,90m先に下り勾配6.7‰あり,前方1548.8m先を54.2km/h,後続列車なし,30.0,73.0,未発車,90.0,70.0,0.0,normal,0.4,惰行6秒から力行5秒への切替が7秒未満で合理的根拠がなくノコギリ運転と判定され、reward上限が0.4に制限された。
198.1999999999997,Train11,次駅への減速フェーズ（駅手前400m以内）,ブレーキ（減速）中,1.2,惰行,0.1,70.0,70.0,31.1,70.0,38.2,0.0,45.757294760226046,18.3,9.2,この先制限速度なし,この先目立った勾配なし,前方1675.8m先を63.4km/h,後続列車なし,0.0,0.0,発車済み,120.0,70.0,0.0,normal,0.0,delta_stopが-7.56mでブレーキ中にも関わらずオーバーランが確実と判定され、即0.0ルールが適用されたため。
130.0,Train11,巡航フェーズ（駅間走行中）,力行（加速）中,19.0,惰行,6.0,70.0,70.0,59.26,70.0,749.1,50.0,183.80872056649469,0.0,0.0,この先制限速度なし,159m先に上り勾配6.1‰あり,前方1263.0m先を50.6km/h,後続列車なし,0.0,0.0,発車済み,120.0,70.0,0.0,normal,1.0,巡航フェーズでrequired_speed未達だが加速（力行）を継続しており、制限速度・CBTC信号を遵守、ノコギリ運転なし、先行列車との間隔も安全なため高評価。
45.0,Train11,巡航フェーズ（駅間走行中）,力行（加速）中,7.0,惰行,6.0,70.0,70.0,49.27,59.5,1817.4,132.0,131.57332265379821,0.0,-2.1,この先制限速度なし,27m先に下り勾配6.7‰あり,前方1816.8m先を3.0km/h,後続列車なし,0.0,32.0,未発車,120.0,59.5,0.0,normal,1.0,巡航フェーズでrequired_speed未達のため加速は必要かつ適切で、速度・CBTC・制限速度・列車間隔すべて安全基準を満たす。
170.59999999999934,Train11,次駅への減速フェーズ（駅手前400m以内）,ブレーキ（減速）中,6.299999999999994,惰行,0.1,70.0,70.0,12.25,0.0,0.0,9.4,8.039630914395115,0.0,0.0,この先制限速度なし,この先目立った勾配なし,前方667.0m先を54.0km/h,後続列車なし,0.0,0.0,発車済み,120.0,0.0,0.0,normal,0.0,ブレーキ中にdelta_stopが-8.04mでオーバーランが確実となり、即時0点ルールが適用されるためrewardは0.0。
195.29999999999953,Train11,次駅への減速フェーズ（駅手前400m以内）,惰行中,0.1,ブレーキ（減速）,1.7000000000000004,70.0,70.0,22.72,70.0,20.0,0.0,24.498356812312444,15.4,9.2,この先制限速度なし,この先目立った勾配なし,前方402.2m先を47.1km/h,後続列車なし,60.0,0.0,発車済み,60.0,70.0,0.0,normal,0.0,delta_stopが-4.5mでブレーキ未実施のためオーバーランがほぼ確実、即時0点ルールが適用される。
21.0,Train11,巡航フェーズ（駅間走行中）,力行（加速）中,12.0,惰行,6.0,70.0,70.0,33.2,70.0,2079.9,95.0,60.2781095883307,0.0,-2.1,この先制限速度なし,289m先に下り勾配6.7‰あり,前方1537.3m先を61.4km/h,後続列車なし,30.0,86.0,未発車,90.0,70.0,0.0,normal,1.0,巡航フェーズでrequired_speed未達だが加速中で適切、制限速度・CBTC遵守、先行列車との間隔も十分で高評価。
133.0,Train11,次駅への減速フェーズ（駅手前400m以内）,惰行中,9.0,力行（加速）,11.0,70.0,70.0,53.44,53.4,396.9,42.0,138.75238197174562,0.0,6.1,この先制限速度なし,206m先に上り勾配9.2‰あり,前方393.9m先を5.6km/h,後続列車なし,90.0,34.0,未発車,30.0,40.1,0.0,anti_mid_stop,0.2,先行列車が遅延で塞いでいる駅間停車防止モードで、現在速度がtarget_speed_no_stop(40.1km/h)を13km/h上回り過剰加速、間隔不足のため減点し0.2とした。
156.0,Train11,巡航フェーズ（駅間走行中）,惰行中,6.0,力行（加速）,9.0,70.0,70.0,32.54,70.0,605.6,24.0,56.28158745860564,0.0,0.0,この先制限速度なし,15m先に上り勾配6.1‰あり,前方709.0m先を33.1km/h,後続列車なし,30.0,0.0,発車済み,90.0,70.0,0.0,normal,0.2,required_speed 70km/hに対し現在32.5km/hで惰行を続け、加速せずに遅延リスクが高いため評価を大幅に減点した。
171.69999999999962,Train11,次駅への減速フェーズ（駅手前400m以内）,惰行中,5.4999999999999964,力行（加速）,5.299999999999995,70.0,17.8,20.25,70.0,56.5,6.3,19.477585097007,0.0,9.2,この先制限速度なし,この先目立った勾配なし,前方65.1m先を11.8km/h,後続列車なし,90.0,0.0,発車済み,30.0,70.0,0.0,normal,0.0,CBTC信号速度を2km/h以上超過しているため即時0点とし、安全上の違反が最優先で評価される。
55.0,Train11,巡航フェーズ（駅間走行中）,惰行中,3.0,力行（加速）,38.0,70.0,70.0,64.48,68.5,1538.1,101.0,216.82596285448255,0.0,0.0,この先制限速度なし,この先目立った勾配なし,前方1449.3m先を28.9km/h,後続列車なし,30.0,52.0,未発車,90.0,68.5,0.0,normal,0.2,巡航フェーズでrequired_speed(68.5km/h)に達せず惰行を続け、加速すべきところで速度低下が見られ遅延リスクが高いため低評価。
193.99999999999994,Train11,次駅への減速フェーズ（駅手前400m以内）,ブレーキ（減速）中,3.100000000000001,力行（加速）,17.0,70.0,70.0,42.7,70.0,81.3,0.0,85.80723650816469,14.1,9.2,この先制限速度なし,この先目立った勾配なし,前方1645.1m先を63.2km/h,後続列車なし,0.0,0.0,発車済み,120.0,70.0,0.0,normal,0.9,次駅減速フェーズでブレーキ中、delta_stopが-4.5mで許容範囲内、速度は制限・CBTC内、ノコギリ運転なし、間隔問題なし。
168.69999999999985,Train11,次駅への減速フェーズ（駅手前400m以内）,ブレーキ（減速）中,1.4000000000000001,力行（加速）,0.1,70.0,44.8,37.4,37.4,61.4,11.3,65.99340473015526,0.0,9.2,この先制限速度なし,この先目立った勾配なし,前方144.4m先を30.7km/h,後続列車なし,60.0,0.0,発車済み,60.0,37.4,0.0,normal,0.9,減速フェーズで適切にブレーキをかけ、delta_stopが許容範囲内であり、速度・信号・間隔すべて遵守しているため高評価。
185.19999999999936,Train11,次駅への減速フェーズ（駅手前400m以内）,ブレーキ（減速）中,2.0000000000000004,力行（加速）,0.1,70.0,70.0,17.17,70.0,16.7,0.0,14.016944356936857,5.3,9.2,この先制限速度なし,この先目立った勾配なし,前方1426.1m先を63.3km/h,後続列車なし,0.0,0.0,発車済み,120.0,70.0,0.0,normal,0.9,ブレーキが適切に掛かりdelta_stopが2.68mで許容範囲内、速度・信号遵守、ノコギリ運転なし、間隔良好のため高評価。
191.499999999999,Train11,次駅への減速フェーズ（駅手前400m以内）,ブレーキ（減速）中,4.200000000000001,力行（加速）,0.1,70.0,70.0,0.56,70.0,0.5,0.0,0.014971763068315679,11.6,9.2,この先制限速度なし,この先目立った勾配なし,前方1520.4m先を63.2km/h,後続列車なし,0.0,0.0,発車済み,120.0,70.0,0.0,normal,1.0,次駅減速フェーズでブレーキを適切に掛け、delta_stopが0.49mで停止位置が許容範囲内、速度・信号遵守、間隔良好のため高評価。
119.0,Train11,巡航フェーズ（駅間走行中）,力行（加速）中,4.0,ブレーキ（減速）,6.0,70.0,70.0,21.57,70.0,940.6,61.0,21.244353104146796,0.0,12.5,この先制限速度なし,この先目立った勾配なし,前方1305.9m先を46.6km/h,後続列車なし,0.0,0.0,発車済み,120.0,70.0,0.0,normal,0.4,ブレーキから力行への短時間切替が合理的根拠なくノコギリ運転と判定され、上限0.5に抑えられたため0.4とした。
200.79999999999922,Train11,次駅への減速フェーズ（駅手前400m以内）,ブレーキ（減速）中,5.699999999999996,惰行,0.1,70.0,2.6,0.0,70.0,44.5,0.0,0.0,22.9,9.2,この先制限速度なし,この先目立った勾配なし,前方50.3m先を9.8km/h,後続列車なし,90.0,0.0,発車済み,30.0,70.0,0.0,normal,0.2,駅手前でブレーキにより0km/hで停止し、delta_stopが44.5mと早すぎるため停止位置が大幅に手前となり、遅延が増える。
186.99999999999852,Train11,次駅への減速フェーズ（駅手前400m以内）,ブレーキ（減速）中,1.4000000000000001,力行（加速）,0.30000000000000004,70.0,3.1,0.0,70.0,41.0,0.0,0.0,9.1,9.2,この先制限速度なし,この先目立った勾配なし,前方50.5m先を12.5km/h,後続列車なし,90.0,0.0,発車済み,30.0,70.0,0.0,normal,0.0,ブレーキへの急激な切替がノコギリ運転と判定され、prev_notch_durationが0.3秒で上限0.0点となり、早すぎる停止もあり評価は0.0。
149.49999999999986,Train11,次駅への減速フェーズ（駅手前400m以内）,惰行中,0.9999999999999999,ブレーキ（減速）,0.6,70.0,38.8,32.18,32.2,70.8,30.5,48.968602627680056,0.0,9.2,この先制限速度なし,この先目立った勾配なし,前方120.8m先を25.5km/h,後続列車なし,60.0,0.0,発車済み,60.0,32.2,0.0,normal,1.0,次駅減速フェーズでCBTC信号を下回り、required_speedと一致。ブレーキ後の惰行は停止位置調整として合理的で、ノコギリ運転とみなされず、間隔も問題なし。
165.79999999999973,Train11,次駅への減速フェーズ（駅手前400m以内）,ブレーキ（減速）中,0.8999999999999999,力行（加速）,0.1,70.0,17.2,20.45,27.1,63.7,12.2,19.862909528718856,0.0,9.2,この先制限速度なし,この先目立った勾配なし,前方64.0m先を0.0km/h,後続列車なし,90.0,1.2,未発車,30.0,19.3,0.0,anti_mid_stop,0.0,CBTC信号速度17.2km/hを2km/h超えて20.4km/hで走行しており、即時0点ルールに該当するためrewardは0.0とする。
190.7999999999996,Train11,次駅への減速フェーズ（駅手前400m以内）,ブレーキ（減速）中,4.4,惰行,0.1,70.0,70.0,26.45,70.0,30.6,0.0,33.157692915796545,10.9,9.2,この先制限速度なし,この先目立った勾配なし,前方1016.4m先を59.0km/h,後続列車なし,30.0,0.0,発車済み,90.0,70.0,0.0,normal,0.9,次駅減速フェーズでブレーキが適切に作動し、delta_stopが±5m以内の許容範囲に収まって安全に停止できるため高評価。
179.49999999999997,Train11,次駅への減速フェーズ（駅手前400m以内）,ブレーキ（減速）中,0.1,力行（加速）,12.499999999999998,70.0,70.0,43.24,70.0,91.7,0.5,87.96780499082887,0.0,9.2,この先制限速度なし,この先目立った勾配なし,前方463.5m先を46.8km/h,後続列車なし,60.0,0.0,発車済み,60.0,70.0,0.0,normal,0.9,delta_stopが3.73mでブレーキが適切に作動し、CBTC・制限速度遵守、ノコギリ運転なしで安全に駅停車が可能なため高評価。
90.0,Train11,巡航フェーズ（駅間走行中）,力行（加速）中,3.0,惰行,23.0,70.0,70.0,60.67,61.4,916.5,88.0,165.0639762773031,0.0,12.5,この先制限速度なし,この先目立った勾配なし,前方916.9m先を0.0km/h,後続列車なし,30.0,17.0,未発車,90.0,61.4,0.0,anti_mid_stop,0.9,先行列車が次駅で未発車のため駅間停車防止モードと判定し、現在速度はtarget_speed_no_stop未満で加速は適切、制限速度・CBTC遵守、停止余裕も十分なため高評価とした。
135.0,Train11,巡航フェーズ（駅間走行中）,ブレーキ（減速）中,6.0,惰行,4.0,70.0,70.0,45.06,70.0,589.1,42.0,99.1104428767385,0.0,6.1,この先制限速度なし,399m先に上り勾配9.2‰あり,前方588.5m先を3.0km/h,後続列車なし,90.0,32.0,未発車,30.0,63.6,0.0,anti_mid_stop,0.2,先行列車が前方に塞がり駅間停車防止モード。target_speed_no_stop以下で不必要にブレーキし、ノコギリ運転と判断されたため評価を大幅に下げた。
115.0,Train11,巡航フェーズ（駅間走行中）,力行（加速）中,6.0,ブレーキ（減速）,6.0,70.0,70.0,39.53,70.0,955.7,63.0,70.85237809621412,0.0,12.5,この先制限速度なし,この先目立った勾配なし,前方956.0m先を0.0km/h,後続列車なし,30.0,0.0,未発車,90.0,70.0,8.0,normal,0.9,先行列車との安全距離が十分で、required_speed未達のため加速は妥当。即時0評価条件もなく、ノコギリ運転でもないため高評価。
133.0,Train11,巡航フェーズ（駅間走行中）,力行（加速）中,3.0,ブレーキ（減速）,2.0,70.0,70.0,54.16,65.1,614.4,47.0,154.04956100006692,0.0,0.0,この先制限速度なし,24m先に上り勾配6.1‰あり,前方788.1m先を38.9km/h,後続列車なし,0.0,0.0,発車済み,120.0,65.1,0.0,normal,0.3,前方列車との間隔は十分で制限速度・CBTCも遵守しているが、2秒ブレーキ後の3秒力行が合理的理由なく切り替わりノコギリ運転と判定され、reward上限が0.3に抑えられた。
113.0,Train11,巡航フェーズ（駅間走行中）,力行（加速）中,1.0,ブレーキ（減速）,6.0,70.0,70.0,32.81,70.0,1100.6,67.0,57.212147453200295,0.0,0.0,この先制限速度なし,110m先に上り勾配12.5‰あり,前方1113.8m先を14.6km/h,後続列車なし,30.0,0.0,発車済み,90.0,70.0,0.0,normal,0.2,巡航フェーズでrequired_speed未達のため加速は必要だが、直前の6秒ブレーキから1秒の力行は無理由のノコギリ運転かつ自減速後再加速とみなされ、報酬上限が低く0.2とした。
108.0,Train11,巡航フェーズ（駅間走行中）,力行（加速）中,23.0,ブレーキ（減速）,6.0,70.0,70.0,55.27,66.4,1007.4,70.0,160.31400392270257,0.0,0.0,この先制限速度なし,17m先に上り勾配12.5‰あり,前方1008.2m先を2.8km/h,後続列車なし,0.0,0.0,発車済み,120.0,66.4,0.0,normal,0.9,巡航フェーズでrequired_speed未達だが加速中で適切、制限速度・CBTC遵守、先行列車との間隔も十分で遅延リスクなし。
160.2999999999997,Train11,次駅への減速フェーズ（駅手前400m以内）,ブレーキ（減速）中,1.3,惰行,0.1,70.0,0.0,31.07,31.1,38.6,17.7,45.669620631448225,0.0,9.2,この先制限速度なし,この先目立った勾配なし,前方39.0m先を0.0km/h,後続列車なし,90.0,6.7,未発車,30.0,11.0,0.0,anti_mid_stop,0.0,CBTC信号0km/hに対し31.1km/hで走行し即時0.0ルールが適用されたため、安全違反としてrewardは0.0とした。
151.09999999999965,Train11,次駅への減速フェーズ（駅手前400m以内）,力行（加速）中,0.1,ブレーキ（減速）,0.30000000000000004,70.0,63.4,28.36,28.4,28.9,28.9,38.0914676771782,0.0,9.2,この先制限速度なし,この先目立った勾配なし,前方237.0m先を40.8km/h,後続列車なし,30.0,0.0,発車済み,90.0,28.4,0.0,normal,0.0,delta_stopが-9.19mでブレーキせずに加速しており、オーバーランが確実と判断されたため即0.0とした。
152.1999999999996,Train11,次駅への減速フェーズ（駅手前400m以内）,ブレーキ（減速）中,0.4,惰行,0.1,70.0,64.1,26.22,26.2,20.5,27.8,32.586357040570405,0.0,9.2,この先制限速度なし,この先目立った勾配なし,前方241.1m先を41.4km/h,後続列車なし,30.0,0.0,発車済み,90.0,26.2,0.0,normal,0.0,delta_stopが-12.09mでブレーキ中にも関わらずオーバーランが確実と判断され、即reward0.0ルールが適用された。
158.0,Train11,次駅への減速フェーズ（駅手前400m以内）,力行（加速）中,6.0,惰行,6.0,70.0,70.0,59.79,70.0,210.5,22.0,173.01485863494955,0.0,6.1,この先制限速度なし,20m先に上り勾配9.2‰あり,前方696.5m先を49.9km/h,後続列車なし,0.0,0.0,発車済み,120.0,70.0,0.0,normal,0.3,減速フェーズで不必要に加速し、かつノコギリ運転（保持時間6秒未満）と判定されたため大幅減点し0.3とする。
48.0,Train11,巡航フェーズ（駅間走行中）,力行（加速）中,39.0,惰行,6.0,70.0,70.0,58.75,70.0,1727.1,101.0,198.4036863373935,0.0,-6.7,この先制限速度なし,この先目立った勾配なし,前方1573.1m先を38.1km/h,後続列車なし,30.0,59.0,未発車,90.0,70.0,0.0,normal,0.8,巡航フェーズでrequired_speed未達のため加速は適切だが、下り勾配での不要な力行によりエネルギー効率がやや低下している。
147.59999999999985,Train11,次駅への減速フェーズ（駅手前400m以内）,ブレーキ（減速）中,3.7000000000000024,惰行,10.0,70.0,62.2,36.97,37.0,60.5,32.4,64.49719435723627,0.0,9.2,この先制限速度なし,この先目立った勾配なし,前方230.0m先を38.6km/h,後続列車なし,30.0,0.0,発車済み,90.0,37.0,0.0,normal,0.9,ブレーキが適切に掛かり、delta_stopが許容範囲内でCBTCも遵守、速度・間隔も安全であるため高評価。
153.0,Train11,巡航フェーズ（駅間走行中）,力行（加速）中,2.0,ブレーキ（減速）,6.0,70.0,70.0,23.56,70.0,421.2,27.0,27.35766038502592,0.0,6.1,この先制限速度なし,231m先に上り勾配9.2‰あり,前方498.3m先を29.9km/h,後続列車なし,30.0,0.0,発車済み,90.0,70.0,0.0,normal,0.5,先行列車が十分に前方にあり速度差もあるため加速は妥当だが、直前のブレーキと2秒の力行がノコギリ運転と判定され、報酬上限が0.5に制限された。
185.2999999999992,Train11,次駅への減速フェーズ（駅手前400m以内）,ブレーキ（減速）中,0.5,惰行,0.1,70.0,70.0,5.11,70.0,3.8,0.0,1.2454813415561163,5.4,9.2,この先制限速度なし,この先目立った勾配なし,前方900.4m先を57.8km/h,後続列車なし,30.0,0.0,発車済み,90.0,70.0,0.0,normal,0.5,低速で駅手前約2.5mの余裕がありブレーキは適切だが、停止位置がやや早く減点対象となる。
150.89999999999978,Train11,次駅への減速フェーズ（駅手前400m以内）,ブレーキ（減速）中,0.5,惰行,1.9000000000000006,70.0,38.2,30.54,30.5,58.5,29.1,44.13435202058361,0.0,9.2,この先制限速度なし,この先目立った勾配なし,前方118.8m先を27.4km/h,後続列車なし,60.0,0.0,発車済み,60.0,30.5,0.0,normal,0.6,ブレーキ開始が遅れdelta_stopが14.37mでやや減点、他は制限速度・CBTC遵守で適正。
161.49999999999963,Train11,次駅への減速フェーズ（駅手前400m以内）,力行（加速）中,0.1,ブレーキ（減速）,2.400000000000001,70.0,0.0,27.53,27.5,28.9,16.5,35.90600934000624,0.0,9.2,この先制限速度なし,この先目立った勾配なし,前方29.3m先を0.0km/h,後続列車なし,90.0,5.5,未発車,30.0,9.4,0.0,anti_mid_stop,0.0,CBTC信号0km/hに対し27.5km/hで走行し、signal_speed+2km/hを超過しているため即時0点とする。
102.0,Train11,巡航フェーズ（駅間走行中）,力行（加速）中,7.0,惰行,6.0,70.0,70.0,49.73,66.9,1108.2,76.0,130.23849734279185,0.0,0.0,この先制限速度なし,118m先に上り勾配12.5‰あり,前方1108.6m先を0.0km/h,後続列車なし,30.0,5.0,未発車,90.0,66.9,0.0,normal,1.0,巡航フェーズでrequired_speed未達だが、加速ノッチが適切に継続されCBTC・制限速度遵守、間隔も適正で減点要因なし。
207.7999999999994,Train11,次駅への減速フェーズ（駅手前400m以内）,ブレーキ（減速）中,1.3,惰行,0.1,70.0,70.0,16.23,0.0,0.0,0.0,14.094286154928273,27.9,0.0,この先制限速度なし,この先目立った勾配なし,前方773.2m先を56.0km/h,後続列車なし,30.0,0.0,発車済み,90.0,0.0,0.0,normal,0.0,delta_stop が -14.09 m でブレーキ中にも関わらずオーバーランが確実なため、即時0点ルールが適用される。
187.99999999999994,Train11,次駅への減速フェーズ（駅手前400m以内）,ブレーキ（減速）中,1.0999999999999999,力行（加速）,14.0,70.0,70.0,43.41,70.0,86.9,0.0,88.6533852404219,8.1,9.2,この先制限速度なし,この先目立った勾配なし,前方376.5m先を44.2km/h,後続列車なし,60.0,0.0,発車済み,60.0,70.0,0.0,normal,0.9,ブレーキが適切に作動し、delta_stop‑1.75mで停止位置は十分に確保され、速度・CBTC制限を遵守しているため高評価。
190.69999999999956,Train11,次駅への減速フェーズ（駅手前400m以内）,ブレーキ（減速）中,1.3,惰行,0.1,70.0,70.0,24.82,70.0,17.0,0.0,29.21450753430359,10.8,9.2,この先制限速度なし,この先目立った勾配なし,前方540.8m先を50.8km/h,後続列車なし,30.0,0.0,発車済み,90.0,70.0,0.0,normal,0.0,ブレーキ中にdelta_stopが-12.21mでオーバーランが確実となり、即時0点ルールに該当するためreward=0.0。
175.29999999999913,Train11,次駅への減速フェーズ（駅手前400m以内）,ブレーキ（減速）中,0.5,惰行,0.1,70.0,70.0,0.77,0.8,0.2,4.7,0.028304856198775447,0.0,9.2,この先制限速度なし,この先目立った勾配なし,前方518.3m先を50.7km/h,後続列車なし,30.0,0.0,発車済み,90.0,0.8,0.0,normal,0.9,ブレーキで適切に減速し、delta_stopが0.17mで停止位置が許容範囲内、速度・信号遵守、ノコギリ運転なし、間隔良好のため高評価。
34.0,Train11,巡航フェーズ（駅間走行中）,力行（加速）中,1.0,ブレーキ（減速）,6.0,70.0,70.0,30.75,70.0,1890.3,30.0,51.770857596178935,0.0,-2.1,この先制限速度なし,100m先に下り勾配6.7‰あり,前方526.9m先を63.0km/h,後続列車なし,90.0,133.0,未発車,30.0,56.0,0.0,anti_mid_stop,0.4,anti_mid_stopモードでtarget_speed_no_stop以下に抑えるべきところ、短時間のブレーキ→加速切替が合理的理由なく行われたためノコギリ運転と判定し上限0.5に抑えた。
171.89999999999927,Train11,次駅への減速フェーズ（駅手前400m以内）,ブレーキ（減速）中,7.599999999999989,惰行,0.1,70.0,70.0,8.46,0.0,0.0,8.1,3.838688625233648,0.0,0.0,この先制限速度なし,この先目立った勾配なし,前方682.8m先を54.4km/h,後続列車なし,0.0,0.0,発車済み,120.0,0.0,0.0,normal,0.0,低速でdelta_stopが-3.84mと負で、オーバーランがほぼ確実なため次駅減速フェーズの評価で0.0となる。
170.49999999999946,Train11,次駅への減速フェーズ（駅手前400m以内）,ブレーキ（減速）中,0.2,惰行,0.1,70.0,0.0,8.72,70.0,45.1,7.5,3.6237940773077817,0.0,9.2,この先制限速度なし,この先目立った勾配なし,前方45.5m先を0.0km/h,後続列車なし,90.0,0.0,未発車,30.0,70.0,3.5,normal,0.0,CBTC信号が0km/hなのに現在速度8.7km/hで走行し、信号超過が即時0点の安全違反となるため。
21.0,Train11,巡航フェーズ（駅間走行中）,力行（加速）中,22.0,ブレーキ（減速）,30.0,70.0,70.0,40.59,70.0,2037.0,60.0,89.75302390162649,0.0,-2.1,この先制限速度なし,247m先に下り勾配6.7‰あり,前方971.9m先を63.0km/h,後続列車なし,60.0,116.0,未発車,60.0,70.0,0.0,normal,0.9,巡航フェーズでrequired_speed未達だが、現在の力行は制限速度・CBTC範囲内で加速しており、ノコギリ運転や安全距離違反もなく、全体的に適切な操作と判断した。
122.0,Train11,巡航フェーズ（駅間走行中）,力行（加速）中,5.0,惰行,1.0,70.0,70.0,50.29,50.3,630.9,58.0,133.1428069505254,0.0,0.0,この先制限速度なし,40m先に上り勾配6.1‰あり,前方699.8m先を28.8km/h,後続列車なし,0.0,0.0,発車済み,120.0,50.3,0.0,normal,0.0,短時間で惰行→力行への切替が理由なく行われたためノコギリ運転と判定され、reward上限が0.0となった。
35.0,Train11,巡航フェーズ（駅間走行中）,力行（加速）中,36.0,ブレーキ（減速）,30.0,70.0,70.0,52.98,70.0,1854.2,61.0,151.77626602905448,0.0,-2.1,この先制限速度なし,64m先に下り勾配6.7‰あり,前方1033.5m先を62.5km/h,後続列車なし,60.0,102.0,未発車,60.0,70.0,0.0,normal,0.9,巡航フェーズで速度が制限・CBTC内に収まり、required_speed未達のため加速は適切。前方列車との間隔も十分で安全かつエネルギー効率も良好。
165.29999999999941,Train11,次駅への減速フェーズ（駅手前400m以内）,ブレーキ（減速）中,0.1,力行（加速）,0.1,70.0,0.0,17.78,17.8,5.0,12.7,15.027750016753005,0.0,9.2,この先制限速度なし,この先目立った勾配なし,前方5.4m先を0.0km/h,後続列車なし,90.0,1.7,未発車,30.0,3.9,0.0,anti_mid_stop,0.0,CBTC信号0km/hを大幅に超える17.8km/hで走行し、delta_stopが-10.03mでオーバーラン確実、先行列車と5.4mの危険接近があるため安全違反としrewardは0.0。
163.9999999999995,Train11,次駅への減速フェーズ（駅手前400m以内）,ブレーキ（減速）中,0.4,惰行,0.1,70.0,0.0,21.11,21.1,12.0,14.0,21.161025750636412,0.0,9.2,この先制限速度なし,この先目立った勾配なし,前方12.4m先を0.0km/h,後続列車なし,90.0,3.0,未発車,30.0,6.0,0.0,anti_mid_stop,0.0,CBTC信号0km/hを2km/h以上超える21.1km/hで走行しており、即時0点ルールに該当するためreward=0.0。
204.99999999999955,Train11,次駅への減速フェーズ（駅手前400m以内）,ブレーキ（減速）中,0.1,惰行,0.1,70.0,70.0,24.19,70.0,10.9,0.0,27.756570099999855,25.1,9.2,この先制限速度なし,この先目立った勾配なし,前方745.7m先を55.2km/h,後続列車なし,30.0,0.0,発車済み,90.0,70.0,0.0,normal,0.0,ブレーキ中だが delta_stop が -16.86 m でオーバーランがほぼ確実、即時0点ルールに該当するため reward=0.0。
87.0,Train11,巡航フェーズ（駅間走行中）,力行（加速）中,25.0,惰行,6.0,70.0,70.0,51.25,64.8,1313.5,91.0,138.19298773869141,0.0,0.0,この先制限速度なし,323m先に上り勾配12.5‰あり,前方1313.8m先を0.0km/h,後続列車なし,30.0,20.0,未発車,90.0,64.8,0.0,normal,0.9,巡航フェーズでrequired_speed未達だが加速中であり、制限速度・CBTCを遵守、先行列車との間隔も安全なため高評価とした。
161.29999999999993,Train11,次駅への減速フェーズ（駅手前400m以内）,ブレーキ（減速）中,1.4000000000000001,惰行,1.0,70.0,70.0,39.48,39.5,77.4,18.7,73.46735678888321,0.0,9.2,この先制限速度なし,この先目立った勾配なし,前方408.1m先を45.5km/h,後続列車なし,30.0,0.0,発車済み,90.0,39.5,0.0,normal,0.0,惰行→減速への切替が7秒未満で合理的理由がなくノコギリ運転と判定され、reward上限が0.0に制限される。
135.0,Train11,巡航フェーズ（駅間走行中）,惰行中,5.0,力行（加速）,6.0,70.0,70.0,52.92,52.9,440.0,45.0,136.10668635528202,0.0,6.1,この先制限速度なし,250m先に上り勾配9.2‰あり,前方635.7m先を40.1km/h,後続列車なし,0.0,0.0,発車済み,120.0,52.9,0.0,normal,1.0,巡航フェーズでrequired_speedと一致し惰行を維持、制限速度・CBTC遵守、間隔安全、ノコギリ運転なしで最高評価。
154.99999999999926,Train11,次駅への減速フェーズ（駅手前400m以内）,ブレーキ（減速）中,2.800000000000001,力行（加速）,0.1,70.0,0.0,0.13,8.1,27.8,23.0,0.0008068976445768589,0.0,9.2,この先制限速度なし,この先目立った勾配なし,前方28.1m先を0.0km/h,後続列車なし,60.0,0.0,未発車,60.0,8.1,18.0,anti_mid_stop,0.0,先行列車が28.1m先に止まっており距離が40m未満のため即時0点ルールが適用され、rewardは0.0となる。
95.0,Train11,巡航フェーズ（駅間走行中）,力行（加速）中,10.0,ブレーキ（減速）,6.0,70.0,70.0,45.48,65.9,1190.0,83.0,109.20251676671825,0.0,0.0,この先制限速度なし,199m先に上り勾配12.5‰あり,前方1190.4m先を0.0km/h,後続列車なし,0.0,0.0,未発車,120.0,65.9,18.0,anti_mid_stop,0.9,先行列車が次駅で停車中のため駅間停車防止モード。加速中でtarget_speed_no_stop未達だが、加速は適切で他に違反なし。
191.4999999999993,Train11,次駅への減速フェーズ（駅手前400m以内）,ブレーキ（減速）中,4.6,力行（加速）,0.1,70.0,70.0,10.58,70.0,0.6,0.0,5.332090356935967,11.6,9.2,この先制限速度なし,この先目立った勾配なし,前方535.7m先を51.1km/h,後続列車なし,60.0,0.0,発車済み,60.0,70.0,0.0,normal,0.0,delta_stopが-4.73mで低速域のオーバーランが確実なため、次駅減速フェーズで停止位置が達成できずreward=0.0となる。
190.89999999999978,Train11,次駅への減速フェーズ（駅手前400m以内）,ブレーキ（減速）中,2.600000000000001,惰行,0.1,70.0,70.0,35.03,70.0,55.3,0.0,57.95578031849166,11.0,9.2,この先制限速度なし,この先目立った勾配なし,前方380.9m先を45.4km/h,後続列車なし,60.0,0.0,発車済み,60.0,70.0,0.0,normal,0.9,次駅減速フェーズでブレーキが適切に掛かり、delta_stopが許容範囲内でCBTC・制限速度も遵守しているため高評価。
200.99999999999977,Train11,次駅への減速フェーズ（駅手前400m以内）,ブレーキ（減速）中,1.2,惰行,0.1,70.0,70.0,34.37,70.0,43.1,0.0,55.80849689753957,21.1,9.2,この先制限速度なし,この先目立った勾配なし,前方717.1m先を54.1km/h,後続列車なし,30.0,0.0,発車済み,90.0,70.0,0.0,normal,0.0,ブレーキ中にdelta_stopが-12.71mでオーバーランが確実と判定され、即0.0ルールが適用されたため。
161.69999999999985,Train11,次駅への減速フェーズ（駅手前400m以内）,ブレーキ（減速）中,0.5,力行（加速）,0.1,70.0,70.0,37.95,38.0,61.2,18.3,67.93160321967734,0.0,9.2,この先制限速度なし,この先目立った勾配なし,前方599.1m先を51.2km/h,後続列車なし,0.0,0.0,発車済み,120.0,38.0,0.0,normal,0.0,ブレーキ中にdelta_stopが-6.73mでオーバーランがほぼ確実となり、即時0点ルールに該当するためrewardは0.0。
186.19999999999948,Train11,次駅への減速フェーズ（駅手前400m以内）,ブレーキ（減速）中,1.4000000000000001,力行（加速）,0.1,70.0,0.0,21.16,70.0,12.6,0.0,21.261027415036455,8.3,9.2,この先制限速度なし,この先目立った勾配なし,前方19.5m先を10.7km/h,後続列車なし,90.0,0.0,発車済み,30.0,70.0,0.0,normal,0.0,CBTC信号0km/hに対し21.2km/hで走行し信号超過、ブレーキ開始が遅れ過走リスクがあるため即時0点とする。
34.0,Train11,巡航フェーズ（駅間走行中）,力行（加速）中,17.0,ブレーキ（減速）,6.0,70.0,70.0,40.19,70.0,1962.7,61.0,88.01211393571906,0.0,-2.1,この先制限速度なし,172m先に下り勾配6.7‰あり,前方1124.6m先を62.4km/h,後続列車なし,60.0,103.0,未発車,60.0,70.0,0.0,normal,1.0,巡航フェーズでrequired_speed未達だが加速が適切で、制限速度・CBTC遵守、先行列車との間隔安全、ノコギリ運転なし、停止位置も確保できるため高評価。
202.2999999999997,Train11,次駅への減速フェーズ（駅手前400m以内）,ブレーキ（減速）中,0.7,惰行,0.1,70.0,70.0,30.78,70.0,31.3,0.0,44.826368501514295,22.4,9.2,この先制限速度なし,この先目立った勾配なし,前方725.0m先を54.5km/h,後続列車なし,30.0,0.0,発車済み,90.0,70.0,0.0,normal,0.0,delta_stop が -13.53m でブレーキ中でもオーバーランが確実と判断され、即時0点ルールが適用される。
102.0,Train11,巡航フェーズ（駅間走行中）,力行（加速）中,12.0,惰行,1.0,70.0,70.0,66.17,70.0,945.9,41.0,195.6909820239855,0.0,12.5,この先制限速度なし,この先目立った勾配なし,前方723.8m先を44.2km/h,後続列車なし,90.0,65.0,未発車,30.0,68.5,0.0,normal,0.9,先行列車が遠く速度差で衝突リスクがなく、required_speed未満の加速は適切で制限・CBTC遵守、ノコギリ運転なしのため高評価。
21.0,Train11,巡航フェーズ（駅間走行中）,力行（加速）中,22.0,ブレーキ（減速）,30.0,70.0,70.0,40.59,70.0,2037.0,60.0,89.75302390162649,0.0,-2.1,この先制限速度なし,247m先に下り勾配6.7‰あり,前方971.9m先を63.0km/h,後続列車なし,60.0,116.0,未発車,60.0,70.0,0.0,normal,0.9,巡航フェーズでrequired_speed未満のため加速は必要かつ適切。制限速度・CBTC信号を遵守し、停車位置も十分余裕。先行列車との間隔は安全、ノコギリ運転なし。
193.29999999999941,Train11,次駅への減速フェーズ（駅手前400m以内）,ブレーキ（減速）中,1.0999999999999999,力行（加速）,0.1,70.0,70.0,18.15,70.0,1.5,0.0,15.657888776455192,13.4,9.2,この先制限速度なし,この先目立った勾配なし,前方562.3m先を51.7km/h,後続列車なし,30.0,0.0,発車済み,90.0,70.0,0.0,normal,0.0,delta_stopが-14.16mでブレーキ中でもオーバーランが確実と判断され、即時0点ルールが適用された。
189.99999999999937,Train11,次駅への減速フェーズ（駅手前400m以内）,ブレーキ（減速）中,3.1000000000000014,力行（加速）,0.1,70.0,70.0,14.97,70.0,5.9,0.0,10.662114881785977,10.1,9.2,この先制限速度なし,この先目立った勾配なし,前方519.8m先を50.6km/h,後続列車なし,60.0,0.0,発車済み,60.0,70.0,0.0,normal,0.0,直前の0.1秒の力行から3秒のブレーキへの無理由な短時間反転がノコギリ運転と判定され、reward上限が0.0となった。
200.99999999999955,Train11,次駅への減速フェーズ（駅手前400m以内）,ブレーキ（減速）中,0.5,力行（加速）,0.1,70.0,70.0,23.71,70.0,16.9,0.0,26.67053910814161,21.1,9.2,この先制限速度なし,この先目立った勾配なし,前方1703.6m先を62.8km/h,後続列車なし,0.0,0.0,発車済み,120.0,70.0,0.0,normal,0.0,δ_stopが-9.77mでブレーキ中でもオーバーランが確実と判定され、即reward0.0ルールに該当するためrewardは0.0とした。
114.0,Train11,巡航フェーズ（駅間走行中）,力行（加速）中,3.0,惰行,6.0,70.0,70.0,54.53,70.0,1000.9,66.0,156.12449865283685,0.0,0.0,この先制限速度なし,10m先に上り勾配12.5‰あり,前方1302.8m先を44.6km/h,後続列車なし,0.0,0.0,発車済み,120.0,70.0,0.0,normal,0.4,惰行から3秒の力行への切替が7秒未満で合理的理由がなくノコギリ運転と判定され、reward上限が0.4に抑えられた。
83.0,Train11,巡航フェーズ（駅間走行中）,ブレーキ（減速）中,4.0,力行（加速）,8.0,70.0,70.0,44.8,61.9,1327.5,95.0,106.00257794906067,0.0,0.0,この先制限速度なし,337m先に上り勾配12.5‰あり,前方1327.9m先を0.0km/h,後続列車なし,0.0,0.0,未発車,120.0,61.9,6.0,anti_mid_stop,0.3,先行列車が次駅で停車中のため駅間停車防止モード。target_speed_no_stop(61.9km/h) を10km/h以上下回る44.8km/hでブレーキを続けており、過度な低速運転とエネルギー浪費と判断した。
196.99999999999943,Train11,次駅への減速フェーズ（駅手前400m以内）,ブレーキ（減速）中,1.9000000000000006,惰行,0.1,70.0,0.0,6.41,70.0,46.5,0.0,1.9592277365367916,19.1,9.2,この先制限速度なし,この先目立った勾配なし,前方46.9m先を0.0km/h,後続列車なし,90.0,0.0,未発車,30.0,70.0,30.0,anti_mid_stop,0.0,CBTC信号0km/hに対し6.4km/hで走行し2km/h超過しているため即0.0とし、他の評価は無効。
117.0,Train11,巡航フェーズ（駅間走行中）,ブレーキ（減速）中,1.0,力行（加速）,3.0,70.0,70.0,63.94,63.9,456.5,61.0,197.33640115986125,0.0,6.1,この先制限速度なし,266m先に上り勾配9.2‰あり,前方456.9m先を0.0km/h,後続列車なし,60.0,20.0,未発車,60.0,63.9,0.0,normal,0.1,巡航フェーズでrequired_speedと同等の速度でブレーキをかけ、前方停車列車との安全間隔が不足。力行→ブレーキへの短時間切替は合理的根拠がなくノコギリ運転と判定され、複数項目で減点。
34.0,Train11,巡航フェーズ（駅間走行中）,力行（加速）中,20.0,惰行,6.0,70.0,70.0,47.04,70.0,1914.4,61.0,120.09626696051588,0.0,-2.1,この先制限速度なし,124m先に下り勾配6.7‰あり,前方1076.3m先を62.4km/h,後続列車なし,60.0,103.0,未発車,60.0,70.0,0.0,normal,0.9,巡航フェーズでrequired_speed未達のため加速は必要かつ適切。制限速度・CBTC遵守、先行列車との間隔問題なし、ノコギリ運転なしと評価し高評価とした。
134.0,Train11,巡航フェーズ（駅間走行中）,惰行中,6.0,力行（加速）,8.0,70.0,70.0,53.66,53.7,410.0,42.0,139.87905438357427,0.0,6.1,この先制限速度なし,220m先に上り勾配9.2‰あり,前方408.4m先を4.3km/h,後続列車なし,90.0,33.0,未発車,30.0,42.0,0.0,anti_mid_stop,0.3,駅間停車防止モードでtarget_speed_no_stop 42km/hを超える速度(53.7km/h)で走行し、上限を5km/h以上上回っているため過加速とみなして減点。
47.0,Train11,巡航フェーズ（駅間走行中）,力行（加速）中,1.0,ブレーキ（減速）,6.0,70.0,70.0,34.8,70.0,1716.8,101.0,70.68894140795781,0.0,-6.7,この先制限速度なし,この先目立った勾配なし,前方1552.1m先を39.5km/h,後続列車なし,30.0,60.0,未発車,90.0,70.0,0.0,normal,0.4,前ブレーキから1秒の力行への切替が7秒未満で合理的理由がなくノコギリ運転と判定され、reward上限が0.3‑0.5に制限された。
58.0,Train11,巡航フェーズ（駅間走行中）,力行（加速）中,30.0,ブレーキ（減速）,6.0,70.0,70.0,55.57,70.0,1686.1,30.0,177.9174353046786,0.0,-6.7,この先制限速度なし,この先目立った勾配なし,前方743.5m先を62.5km/h,後続列車なし,90.0,109.0,未発車,30.0,51.4,0.0,anti_mid_stop,0.9,先行列車が前方に塞がっているため駅間停車防止モード。現在速度はtarget_speed_no_stopを僅か上回り、加速は上限以内で適切と判断し高評価。
182.39999999999935,Train11,次駅への減速フェーズ（駅手前400m以内）,ブレーキ（減速）中,1.0999999999999999,惰行,0.1,70.0,70.0,12.55,70.0,11.0,0.0,7.498683677851489,2.5,9.2,この先制限速度なし,この先目立った勾配なし,前方861.4m先を57.1km/h,後続列車なし,30.0,0.0,発車済み,90.0,70.0,0.0,normal,0.5,ブレーキで減速は適切だが、delta_stopが3.5mと停止位置に若干余裕があり、低速域の減点基準により0.5点とした。
187.6999999999998,Train11,次駅への減速フェーズ（駅手前400m以内）,ブレーキ（減速）中,1.3,惰行,0.1,70.0,70.0,35.61,70.0,57.3,0.0,59.875570559540314,7.8,9.2,この先制限速度なし,この先目立った勾配なし,前方992.6m先を58.3km/h,後続列車なし,30.0,0.0,発車済み,90.0,70.0,0.0,normal,0.9,ブレーキが適切に作動し、delta_stop が±5m以内で制限速度・CBTCを遵守、間隔も十分確保されているため高評価。
198.19999999999936,Train11,次駅への減速フェーズ（駅手前400m以内）,ブレーキ（減速）中,1.3,惰行,0.1,70.0,70.0,15.2,70.0,4.7,0.0,10.991517403564481,18.3,9.2,この先制限速度なし,この先目立った勾配なし,前方425.3m先を48.2km/h,後続列車なし,60.0,0.0,発車済み,60.0,70.0,0.0,normal,0.0,ブレーキ中にdelta_stopが-6.29mでオーバーランがほぼ確実なため即時0点とする。
147.0,Train11,巡航フェーズ（駅間走行中）,力行（加速）中,32.0,ブレーキ（減速）,6.0,70.0,70.0,48.64,70.0,656.7,33.0,124.67366095204589,0.0,0.0,この先制限速度なし,66m先に上り勾配6.1‰あり,前方1422.3m先を55.8km/h,後続列車なし,0.0,0.0,発車済み,120.0,70.0,0.0,normal,1.0,先行列車が十分に前方にあり、速度は制限・CBTC内で、巡航フェーズで必要な加速を行っているため高評価。
189.39999999999986,Train11,次駅への減速フェーズ（駅手前400m以内）,ブレーキ（減速）中,1.0999999999999999,惰行,0.1,70.0,70.0,39.49,70.0,70.8,0.0,73.50423410840351,9.5,9.2,この先制限速度なし,この先目立った勾配なし,前方377.6m先を44.8km/h,後続列車なし,60.0,0.0,発車済み,60.0,70.0,0.0,normal,0.9,ブレーキが適切に行われ、delta_stop‑2.7mは許容範囲内で停止位置は確保でき、速度・CBTC遵守、ノコギリ運転なし、前方列車との間隔も安全なため高評価。
178.19999999999925,Train11,次駅への減速フェーズ（駅手前400m以内）,ブレーキ（減速）中,0.2,惰行,5.1999999999999975,70.0,15.9,18.28,70.0,20.8,1.8,15.882339679967387,0.0,9.2,この先制限速度なし,この先目立った勾配なし,前方62.0m先を23.6km/h,後続列車なし,90.0,0.0,発車済み,30.0,70.0,0.0,normal,0.0,CBTC信号速度15.9km/hを2km/h超える18.3km/hで走行しており、即時0点ルールに該当するためrewardは0.0とする。
21.0,Train11,巡航フェーズ（駅間走行中）,力行（加速）中,4.0,ブレーキ（減速）,6.0,70.0,70.0,20.18,70.0,2075.8,60.0,22.397357902446274,0.0,-2.1,この先制限速度なし,285m先に下り勾配6.7‰あり,前方1010.6m先を63.0km/h,後続列車なし,60.0,116.0,未発車,60.0,70.0,0.0,normal,0.4,ブレーキから4秒の力行への切替がノコギリ運転と判定され、reward上限が0.3〜0.5に制限され、他は適正なので0.4とした。
146.39999999999992,Train11,次駅への減速フェーズ（駅手前400m以内）,ブレーキ（減速）中,2.5000000000000013,惰行,10.0,70.0,62.2,40.54,40.5,73.5,33.6,77.42654927095788,0.0,9.2,この先制限速度なし,この先目立った勾配なし,前方230.2m先を37.7km/h,後続列車なし,30.0,0.0,発車済み,90.0,40.5,0.0,normal,0.9,ブレーキが適切に作動しdelta_stopが-3.9mで許容範囲内、先行列車との間隔も適正で安全基準をすべて満たすため高評価。
150.19999999999953,Train11,次駅への減速フェーズ（駅手前400m以内）,ブレーキ（減速）中,1.5000000000000002,惰行,0.1,70.0,0.0,13.59,13.6,36.9,27.8,8.790443808518546,0.0,9.2,この先制限速度なし,この先目立った勾配なし,前方37.3m先を0.0km/h,後続列車なし,60.0,0.0,未発車,60.0,13.6,13.2,anti_mid_stop,0.0,CBTC信号0km/hを2km/h以上超過し、先行列車が40m以内に接近しているため安全違反で即0点。
191.9999999999995,Train11,次駅への減速フェーズ（駅手前400m以内）,ブレーキ（減速）中,0.4,惰行,0.1,70.0,70.0,21.5,70.0,8.7,0.0,21.94723421686236,12.1,9.2,この先制限速度なし,この先目立った勾配なし,前方550.9m先を51.3km/h,後続列車なし,30.0,0.0,発車済み,90.0,70.0,0.0,normal,0.0,ブレーキ中にdelta_stopが-13.25mと過大で、オーバーランがほぼ確実なため即0点とする。
34.0,Train11,巡航フェーズ（駅間走行中）,力行（加速）中,11.0,惰行,6.0,70.0,70.0,39.43,70.0,1997.2,99.0,84.75002003866273,0.0,-2.1,この先制限速度なし,207m先に下り勾配6.7‰あり,前方1665.8m先を54.2km/h,後続列車なし,30.0,73.0,未発車,90.0,70.0,0.0,normal,1.0,巡航フェーズでrequired_speed未達だが加速は適切で、制限速度・CBTC遵守、間隔安全、ノコギリ運転なし。
103.0,Train11,巡航フェーズ（駅間走行中）,力行（加速）中,10.0,ブレーキ（減速）,6.0,70.0,70.0,40.53,70.0,1232.5,41.0,86.96349393709122,0.0,0.0,この先制限速度なし,242m先に上り勾配12.5‰あり,前方1022.5m先を42.9km/h,後続列車なし,90.0,64.0,未発車,30.0,70.0,0.0,normal,0.9,巡航フェーズでrequired_speed未達のため加速は適切で、制限速度・CBTC遵守、ノコギリ運転なし。全体的に適切な操作と判断し高評価。
108.0,Train11,巡航フェーズ（駅間走行中）,ブレーキ（減速）中,1.0,力行（加速）,10.0,70.0,70.0,66.25,70.0,780.4,41.0,228.60041662666734,0.0,0.0,この先制限速度なし,190m先に上り勾配6.1‰あり,前方626.5m先を38.1km/h,後続列車なし,90.0,59.0,未発車,30.0,47.4,0.0,anti_mid_stop,0.9,先行列車が塞いでいるため駅間停車防止モード。現在速度がtarget_speed_no_stopを上回っており、ブレーキで減速させる操作は安全かつ適切である。
171.09999999999937,Train11,次駅への減速フェーズ（駅手前400m以内）,ブレーキ（減速）中,0.1,力行（加速）,0.1,70.0,70.0,12.24,12.2,7.8,8.9,7.133410449736151,0.0,9.2,この先制限速度なし,この先目立った勾配なし,前方467.6m先を49.2km/h,後続列車なし,30.0,0.0,発車済み,90.0,12.2,0.0,normal,0.9,次駅減速フェーズでブレーキが適切に作動し、delta_stopが0.67mで停止位置許容範囲内、速度・CBTC制限遵守、ノコギリ運転なし。
175.0,Train11,次駅への減速フェーズ（駅手前400m以内）,力行（加速）中,46.0,惰行,6.0,70.0,70.0,63.58,70.0,245.1,5.0,195.16683687863488,0.0,6.1,この先制限速度なし,55m先に上り勾配9.2‰あり,前方979.9m先を55.2km/h,後続列車なし,30.0,0.0,発車済み,90.0,70.0,0.0,normal,1.0,次駅減速フェーズでdelta_stopが正、加速はCBTC・制限速度内で適切に行われ、停止位置は十分確保できるため高評価。
95.0,Train11,巡航フェーズ（駅間走行中）,惰行中,4.0,力行（加速）,19.0,70.0,70.0,52.17,70.0,1218.9,71.0,143.1171179125729,0.0,0.0,この先制限速度なし,228m先に上り勾配12.5‰あり,前方1192.1m先を15.8km/h,後続列車なし,60.0,42.0,未発車,60.0,70.0,0.0,normal,0.2,巡航フェーズでrequired_speed 70km/hに対し52.2km/hの惰行を続け、加速せず遅延を拡大させるため大幅減点し0.2とする。
167.79999999999927,Train11,次駅への減速フェーズ（駅手前400m以内）,ブレーキ（減速）中,2.600000000000001,力行（加速）,0.1,70.0,0.0,10.47,0.0,0.0,10.2,5.876088895653169,0.0,0.0,この先制限速度なし,この先目立った勾配なし,前方0.0m先を0.0km/h,後続列車なし,90.0,0.0,未発車,30.0,0.0,0.8,anti_mid_stop,0.0,CBTC信号0km/hを2km/h以上超過し、delta_stopが-5.88mでオーバーラン、即0.0ルールが適用されるため。
194.09999999999812,Train11,次駅への減速フェーズ（駅手前400m以内）,惰行中,5.699999999999996,ブレーキ（減速）,2.800000000000001,70.0,28.4,0.0,70.0,41.0,0.0,0.0,14.2,9.2,この先制限速度なし,この先目立った勾配なし,前方88.2m先を24.9km/h,後続列車なし,90.0,0.0,発車済み,30.0,70.0,0.0,normal,0.2,次駅減速フェーズでブレーキせず0km/hで停止し、短時間のブレーキ→惰行切替が合理性なくノコギリ運転と判定され、上限0.3に抑えられたため0.2とした。
21.0,Train11,巡航フェーズ（駅間走行中）,力行（加速）中,7.0,惰行,2.0,70.0,70.0,38.31,70.0,2042.4,95.0,80.05193839920018,0.0,-2.1,この先制限速度なし,252m先に下り勾配6.7‰あり,前方1499.7m先を61.4km/h,後続列車なし,30.0,86.0,未発車,90.0,70.0,0.0,normal,1.0,巡航フェーズで速度がrequired_speed未満のため加速は必要かつ適切。制限速度・CBTC遵守、先行列車との間隔も安全で、減点要因がない。
157.6999999999994,Train11,次駅への減速フェーズ（駅手前400m以内）,ブレーキ（減速）中,0.1,力行（加速）,0.1,70.0,41.6,16.83,16.8,12.1,22.3,13.468720923596816,0.0,9.2,この先制限速度なし,この先目立った勾配なし,前方131.5m先を34.7km/h,後続列車なし,60.0,0.0,発車済み,60.0,16.8,0.0,normal,0.9,ブレーキが適切に行われ、delta_stopは-1.37mで許容範囲内、速度はCBTC・制限内、即時0点条件なし。
189.29999999999964,Train11,次駅への減速フェーズ（駅手前400m以内）,ブレーキ（減速）中,0.7,惰行,0.1,70.0,70.0,28.69,70.0,27.5,0.0,38.978067319489824,9.4,9.2,この先制限速度なし,この先目立った勾配なし,前方531.6m先を50.4km/h,後続列車なし,30.0,0.0,発車済み,90.0,70.0,0.0,normal,0.0,delta_stopが-11.48mでブレーキ中にも関わらずオーバーランが確実と判断され、即reward0.0ルールが適用された。
50.0,Train11,巡航フェーズ（駅間走行中）,力行（加速）中,30.0,惰行,6.0,70.0,70.0,60.62,67.6,1658.7,101.0,210.94003416953876,0.0,-6.7,この先制限速度なし,この先目立った勾配なし,前方1525.2m先を35.5km/h,後続列車なし,30.0,57.0,未発車,90.0,67.6,0.0,normal,0.9,required_speed未達で加速中、制限速度・CBTC遵守、ノコギリ運転なし、先行列車との間隔適切のため高評価。
123.0,Train11,巡航フェーズ（駅間走行中）,惰行中,3.0,力行（加速）,6.0,70.0,70.0,41.64,41.6,464.2,57.0,84.78594421304284,0.0,6.1,この先制限速度なし,274m先に上り勾配9.2‰あり,前方541.2m先を29.9km/h,後続列車なし,30.0,0.0,発車済み,90.0,41.6,0.0,normal,0.5,力行から惰行への切替が7秒未満で行われ合理的理由がなく、ノコギリ運転と判定され上限0.5点に抑えられた。
109.0,Train11,巡航フェーズ（駅間走行中）,ブレーキ（減速）中,1.0,惰行,40.0,70.0,70.0,54.33,54.3,631.3,69.0,155.00126863665537,0.0,0.0,この先制限速度なし,41m先に上り勾配6.1‰あり,前方633.2m先を5.4km/h,後続列車なし,30.0,0.0,発車済み,90.0,54.3,0.0,normal,0.2,巡航フェーズで必要速度と同等の速度でブレーキをかけ、不要な減速により遅延とエネルギー浪費が生じたため。
184.59999999999997,Train11,次駅への減速フェーズ（駅手前400m以内）,ブレーキ（減速）中,6.6999999999999975,力行（加速）,48.0,70.0,70.0,44.58,70.0,91.8,0.0,93.44184083308105,4.7,9.2,この先制限速度なし,この先目立った勾配なし,前方977.2m先を57.6km/h,後続列車なし,30.0,0.0,発車済み,90.0,70.0,0.0,normal,0.9,ブレーキが適切に作動し、delta_stopが許容範囲内でCBTC・制限速度を遵守しているため高評価。
173.59999999999985,Train11,次駅への減速フェーズ（駅手前400m以内）,力行（加速）中,7.69999999999999,惰行,6.0,70.0,70.0,36.42,70.0,72.4,6.4,62.60790527172709,0.0,9.2,この先制限速度なし,この先目立った勾配なし,前方785.8m先を54.8km/h,後続列車なし,30.0,0.0,発車済み,90.0,70.0,0.0,normal,0.2,次駅減速フェーズでブレーキせずに力行し続け、停止位置達成が危険なため低評価とした。
62.0,Train11,巡航フェーズ（駅間走行中）,惰行中,3.0,力行（加速）,2.0,70.0,70.0,61.69,66.7,1488.6,101.0,198.85977542309297,0.0,0.0,この先制限速度なし,498m先に上り勾配12.5‰あり,前方1447.0m先を19.7km/h,後続列車なし,30.0,45.0,未発車,90.0,66.7,0.0,normal,0.2,required_speed未達のまま惰行を続け、直前の力行→惰行がノコギリ運転と判定され、安全は保たれるが遅延とエネルギー効率が低下したためrewardを0.2とした。
21.0,Train11,巡航フェーズ（駅間走行中）,力行（加速）中,1.0,ブレーキ（減速）,3.0,70.0,70.0,18.66,70.0,2062.2,30.0,19.16134780088005,0.0,-2.1,この先制限速度なし,272m先に下り勾配6.7‰あり,前方470.8m先を62.8km/h,後続列車なし,90.0,146.0,未発車,30.0,56.4,0.0,anti_mid_stop,0.9,先行列車が塞いでいる駅間停車防止モードで、target_speed_no_stop以下の加速は正当であり速度は上限を超えていないため高評価。
70.0,Train11,巡航フェーズ（駅間走行中）,力行（加速）中,42.0,ブレーキ（減速）,6.0,70.0,70.0,63.37,70.0,1486.6,32.0,209.59081149304535,0.0,0.0,この先制限速度なし,496m先に上り勾配12.5‰あり,前方753.2m先を62.9km/h,後続列車なし,90.0,97.0,未発車,30.0,61.4,0.0,anti_mid_stop,0.9,先行列車が塞いでいる駅間停車防止モードで、現在速度はtarget_speed_no_stop＋5km/h以内の加速で安全・適切と判断し高評価。
68.0,Train11,巡航フェーズ（駅間走行中）,惰行中,4.0,力行（加速）,6.0,70.0,70.0,67.49,70.0,1277.7,70.0,237.02203958319197,0.0,0.0,この先制限速度なし,287m先に上り勾配12.5‰あり,前方1003.8m先を49.1km/h,後続列車なし,60.0,69.0,未発車,60.0,69.5,0.0,normal,0.2,巡航フェーズでrequired_speed未達の状態で惰行を続け、前方列車なしで不必要に速度を落とし、力行→惰行の短時間切替がノコギリ運転と判定されたため低評価とした。
146.59999999999974,Train11,次駅への減速フェーズ（駅手前400m以内）,ブレーキ（減速）中,0.2,惰行,0.1,70.0,11.2,23.65,23.6,55.6,31.4,26.536292979730103,0.0,9.2,この先制限速度なし,この先目立った勾配なし,前方55.9m先を0.0km/h,後続列車なし,60.0,0.0,未発車,60.0,23.6,9.6,anti_mid_stop,0.0,CBTC信号を2km/h以上超過しているため即時0点ルールが適用され、rewardは0.0となる。
71.0,Train11,巡航フェーズ（駅間走行中）,力行（加速）中,9.0,ブレーキ（減速）,6.0,70.0,70.0,50.67,55.3,1310.7,107.0,135.13106835632064,0.0,0.0,この先制限速度なし,320m先に上り勾配12.5‰あり,前方1311.1m先を0.0km/h,後続列車なし,0.0,6.0,未発車,120.0,55.3,0.0,normal,1.0,巡航フェーズでrequired_speed未達、加速は適切で速度制限・CBTC遵守、間隔・停止位置も問題なく評価が高く、0.1刻みで最高の1.0とした。
78.0,Train11,巡航フェーズ（駅間走行中）,力行（加速）中,10.0,惰行,6.0,70.0,70.0,59.28,70.0,1464.6,34.0,183.93031507269464,0.0,0.0,この先制限速度なし,474m先に上り勾配12.5‰あり,前方870.5m先を61.9km/h,後続列車なし,90.0,89.0,未発車,30.0,64.7,0.0,anti_mid_stop,0.9,先行列車が塞いでいる駅間停車防止モードで、現在はtarget_speed_no_stop未満の加速が適切であり、速度・信号・間隔・停止位置すべて問題なし。
178.99999999999972,Train11,次駅への減速フェーズ（駅手前400m以内）,力行（加速）中,1.8000000000000005,ブレーキ（減速）,2.700000000000001,70.0,70.0,26.06,70.0,58.8,1.0,32.19179829371457,0.0,9.2,この先制限速度なし,この先目立った勾配なし,前方1359.2m先を63.4km/h,後続列車なし,0.0,0.0,発車済み,120.0,70.0,0.0,normal,0.2,次駅減速フェーズで加速し続けて停止位置が確保できず、ノコギリ運転と判定されたため低評価。
201.1999999999992,Train11,次駅への減速フェーズ（駅手前400m以内）,ブレーキ（減速）中,1.5000000000000002,力行（加速）,0.1,70.0,70.0,7.7,0.0,0.0,0.0,3.1806307978091293,21.3,0.0,この先制限速度なし,この先目立った勾配なし,前方456.3m先を49.3km/h,後続列車なし,60.0,0.0,発車済み,60.0,0.0,0.0,normal,0.0,低速(7.7km/h)でブレーキ中にdelta_stopが-3.18mと負で、次駅減速フェーズの評価でオーバーランがほぼ確実と判断されreward=0.0となる。
165.49999999999963,Train11,次駅への減速フェーズ（駅手前400m以内）,ブレーキ（減速）中,1.2,惰行,0.1,70.0,70.0,27.21,27.2,26.9,14.5,35.080436809134866,0.0,9.2,この先制限速度なし,この先目立った勾配なし,前方619.5m先を52.4km/h,後続列車なし,0.0,0.0,発車済み,120.0,27.2,0.0,normal,0.0,delta_stopが-8.18mで高速度域においてブレーキ中でもオーバーランが確実と判定され、即時0点ルールが適用されたため。
120.0,Train11,巡航フェーズ（駅間走行中）,力行（加速）中,7.0,ブレーキ（減速）,6.0,70.0,70.0,54.37,70.0,596.5,41.0,155.22560560607158,0.0,0.0,この先制限速度なし,6m先に上り勾配6.1‰あり,前方543.2m先を22.3km/h,後続列車なし,90.0,47.0,未発車,30.0,42.2,0.0,anti_mid_stop,0.2,駅間停車防止モードでtarget_speed_no_stop 42.2km/h を超えて力行し、先行列車に追いつくリスクがあるため減点。
200.09999999999908,Train11,次駅への減速フェーズ（駅手前400m以内）,ブレーキ（減速）中,2.0000000000000004,力行（加速）,0.1,70.0,70.0,0.55,0.0,0.0,0.0,0.016255481286074472,20.2,0.0,この先制限速度なし,この先目立った勾配なし,前方1140.6m先を63.2km/h,後続列車なし,30.0,0.0,発車済み,90.0,0.0,0.0,normal,0.0,直前の力行から2秒でブレーキへ急激に切替え、合理的理由がなくノコギリ運転と判定されたためreward上限が0.0となった。
149.89999999999972,Train11,次駅への減速フェーズ（駅手前400m以内）,ブレーキ（減速）中,1.3,力行（加速）,0.1,70.0,62.8,31.06,31.1,38.8,30.1,45.640414300087635,0.0,9.2,この先制限速度なし,この先目立った勾配なし,前方233.3m先を40.1km/h,後続列車なし,30.0,0.0,発車済み,90.0,31.1,0.0,normal,0.0,delta_stopが-6.84mでブレーキ開始が遅すぎ、オーバーランがほぼ確実なため即時0点ルールが適用される。
186.79999999999927,Train11,次駅への減速フェーズ（駅手前400m以内）,ブレーキ（減速）中,0.4,力行（加速）,0.1,70.0,70.0,12.99,70.0,10.0,0.0,8.032729262018874,6.9,9.2,この先制限速度なし,この先目立った勾配なし,前方1447.5m先を63.0km/h,後続列車なし,0.0,0.0,発車済み,120.0,70.0,0.0,normal,0.0,力行からブレーキへの切替が7秒未満で不合理、ノコギリ運転と判定され上限0.0となった。
21.0,Train11,巡航フェーズ（駅間走行中）,力行（加速）中,4.0,ブレーキ（減速）,6.0,70.0,70.0,20.18,70.0,2075.8,30.0,22.397357902446274,0.0,-2.1,この先制限速度なし,285m先に下り勾配6.7‰あり,前方484.4m先を62.8km/h,後続列車なし,90.0,146.0,未発車,30.0,57.0,0.0,anti_mid_stop,0.4,先行列車が塞いでいる駅間停車防止モードでtarget_speed_no_stop以下に抑えるべきだが、加速中かつ直前のブレーキからの短時間切替がノコギリ運転と判定され、reward上限0.5に抑えて0.4とした。
203.7999999999994,Train11,次駅への減速フェーズ（駅手前400m以内）,ブレーキ（減速）中,0.7999999999999999,惰行,0.1,70.0,70.0,16.46,70.0,1.2,0.0,12.884475117343936,23.9,9.2,この先制限速度なし,この先目立った勾配なし,前方1737.1m先を63.1km/h,後続列車なし,0.0,0.0,発車済み,120.0,70.0,0.0,normal,0.0,delta_stopが-11.68mでブレーキ中でもオーバーランが確実と判定され、即0.0ルールが適用されたため。
36.0,Train11,巡航フェーズ（駅間走行中）,力行（加速）中,15.0,ブレーキ（減速）,6.0,70.0,70.0,40.86,70.0,1922.5,99.0,90.93749020366288,0.0,-2.1,この先制限速度なし,132m先に下り勾配6.7‰あり,前方1620.6m先を51.7km/h,後続列車なし,30.0,71.0,未発車,90.0,70.0,0.0,normal,1.0,巡航フェーズでrequired_speed未達ながら加速は必要で、制限速度・CBTC遵守、列間隔安全、ノコギリ運転なし、遅延ゼロのため高評価。
148.0,Train11,次駅への減速フェーズ（駅手前400m以内）,惰行中,6.0,力行（加速）,6.0,70.0,70.0,53.0,53.0,246.5,32.0,136.51212846344157,0.0,6.1,この先制限速度なし,56m先に上り勾配9.2‰あり,前方598.8m先を46.2km/h,後続列車なし,0.0,0.0,発車済み,120.0,53.0,0.0,normal,0.4,減速フェーズで惰行は許容だが、直前の力行→惰行が7秒未満で合理的理由なくノコギリ運転と判定され、報酬上限が0.5に制限され、前方列車との間隔が標準より大幅に短く更に減点した。
113.0,Train11,巡航フェーズ（駅間走行中）,惰行中,20.0,力行（加速）,6.0,70.0,70.0,55.14,55.1,543.9,65.0,147.57166452118454,0.0,6.1,この先制限速度なし,353m先に上り勾配9.2‰あり,前方544.3m先を0.0km/h,後続列車なし,30.0,0.0,未発車,90.0,55.1,6.0,anti_mid_stop,1.0,先行列車が次駅で延着停車中（観測遅延6s）であり、target_speed_no_stopと同等の惰行は機外停車回避に最適で安全・省エネと判断した。
67.0,Train11,巡航フェーズ（駅間走行中）,惰行中,3.0,力行（加速）,6.0,70.0,70.0,66.11,66.1,1321.6,101.0,227.6585168503348,0.0,0.0,この先制限速度なし,331m先に上り勾配12.5‰あり,前方1302.9m先を13.3km/h,後続列車なし,30.0,40.0,未発車,90.0,66.1,0.0,normal,1.0,巡航フェーズでrequired_speedと一致し惰行が適切、制限速度・CBTC遵守、先行列車との間隔も標準範囲内のため高評価。
69.0,Train11,巡航フェーズ（駅間走行中）,惰行中,1.0,力行（加速）,8.0,70.0,70.0,59.05,70.0,1509.9,32.0,182.53427260005523,0.0,0.0,この先制限速度なし,この先目立った勾配なし,前方759.0m先を63.1km/h,後続列車なし,90.0,98.0,未発車,30.0,62.2,0.0,anti_mid_stop,0.9,先行列車が塞いでいる駅間停車防止モードで、現在速度はtarget_speed_no_stop以下の惰行で適切。過加速やノコギリ運転はなく安全・省エネと判断し高評価。
179.79999999999916,Train11,次駅への減速フェーズ（駅手前400m以内）,ブレーキ（減速）中,1.8000000000000005,惰行,5.1999999999999975,70.0,18.3,13.6,70.0,13.8,0.2,8.803360363175006,0.0,9.2,この先制限速度なし,この先目立った勾配なし,前方65.9m先を25.9km/h,後続列車なし,90.0,0.0,発車済み,30.0,70.0,0.0,normal,0.2,低速で駅手前に早すぎるブレーキをかけ、delta_stopが5mと許容範囲を超えているため減点し、reward 0.2とする。
159.1,Train11,次駅への減速フェーズ（駅手前400m以内）,ブレーキ（減速）中,1.2000000000000002,惰行,15.0,70.0,70.0,45.08,45.1,91.1,20.9,95.52544068287924,0.0,9.2,この先制限速度なし,この先目立った勾配なし,前方592.4m先を50.3km/h,後続列車なし,0.0,0.0,発車済み,120.0,45.1,0.0,normal,0.9,ブレーキ中でdelta_stopが-4.43m（±5m以内）かつ速度は制限・CBTC内、ノコギリ運転なし、間隔適正で即時0評価条件なし。高評価とする。
179.39999999999924,Train11,次駅への減速フェーズ（駅手前400m以内）,力行（加速）中,0.1,ブレーキ（減速）,1.2,70.0,53.5,7.97,0.0,0.0,0.6,3.4073507578348723,0.0,0.0,この先制限速度なし,この先目立った勾配なし,前方184.1m先を39.8km/h,後続列車なし,60.0,0.0,発車済み,60.0,0.0,0.0,normal,0.0,delta_stopが-3.41mでブレーキ未実施のためオーバーランが確実、即時0点ルールが適用されreward=0.0。
117.0,Train11,巡航フェーズ（駅間走行中）,力行（加速）中,24.0,ブレーキ（減速）,6.0,70.0,70.0,52.07,70.0,1051.5,41.0,142.57789372807972,0.0,0.0,この先制限速度なし,61m先に上り勾配12.5‰あり,前方978.0m先を26.2km/h,後続列車なし,90.0,50.0,未発車,30.0,70.0,0.0,normal,0.9,巡航フェーズでrequired_speed未達ながら加速中で適切、速度・CBTC制限遵守、先行列車との間隔も安全なため高評価。
140.0,Train11,巡航フェーズ（駅間走行中）,力行（加速）中,2.0,ブレーキ（減速）,6.0,70.0,70.0,46.29,70.0,501.6,38.0,104.52668288499729,0.0,6.1,この先制限速度なし,311m先に上り勾配9.2‰あり,前方505.3m先を7.9km/h,後続列車なし,60.0,0.0,発車済み,60.0,70.0,0.0,normal,0.9,巡航フェーズでrequired_speed未達のため加速は妥当。制限速度・CBTC遵守、ノコギリ運転なし、先行列車との間隔も安全範囲内。
182.4999999999998,Train11,次駅への減速フェーズ（駅手前400m以内）,ブレーキ（減速）中,0.6,惰行,0.1,70.0,70.0,35.43,70.0,58.8,0.0,59.276494015839845,2.6,9.2,この先制限速度なし,この先目立った勾配なし,前方470.1m先を47.9km/h,後続列車なし,60.0,0.0,発車済み,60.0,70.0,0.0,normal,0.9,ブレーキが適切に作動し、delta_stopが-0.48mで許容範囲内、速度・CBTC・間隔に安全上の問題はなく、ノコギリ運転もなし。
161.0,Train11,次駅への減速フェーズ（駅手前400m以内）,力行（加速）中,2.0,惰行,6.0,70.0,70.0,48.72,70.0,258.6,19.0,115.63570879363508,0.0,6.1,この先制限速度なし,68m先に上り勾配9.2‰あり,前方1247.7m先を59.0km/h,後続列車なし,0.0,0.0,発車済み,120.0,70.0,0.0,normal,0.2,減速フェーズで不必要に加速し、保持時間が短いノコギリ運転により安全性と効率が損なわれたため低評価。
120.0,Train11,巡航フェーズ（駅間走行中）,惰行中,1.0,力行（加速）,34.0,70.0,70.0,58.18,61.6,817.4,60.0,152.01381741562787,0.0,12.5,この先制限速度なし,この先目立った勾配なし,前方871.0m先を26.2km/h,後続列車なし,0.0,0.0,発車済み,120.0,61.6,0.0,normal,0.3,巡航フェーズでrequired_speed(61.6km/h)に達しておらず惰行を続けたため、先行列車が遠くCBTC余裕がある状況で遅延を拡大するちんたら運転と判断し減点した。
35.0,Train11,巡航フェーズ（駅間走行中）,力行（加速）中,15.0,惰行,6.0,70.0,70.0,47.81,70.0,1884.5,99.0,124.00232485340955,0.0,-2.1,この先制限速度なし,94m先に下り勾配6.7‰あり,前方1568.0m先を52.9km/h,後続列車なし,30.0,72.0,未発車,90.0,70.0,0.0,normal,0.9,巡航フェーズでrequired_speed未達だが加速（力行）を継続しており、制限速度・CBTCを遵守、先行列車との間隔も適切なため高評価。
147.79999999999967,Train11,次駅への減速フェーズ（駅手前400m以内）,ブレーキ（減速）中,0.4,惰行,0.1,70.0,0.0,20.37,20.4,48.3,30.2,19.70833061389221,0.0,9.2,この先制限速度なし,この先目立った勾配なし,前方48.6m先を0.0km/h,後続列車なし,60.0,0.0,未発車,60.0,20.4,10.8,anti_mid_stop,0.0,CBTC信号0km/hを2km/h以上超過しているため安全違反とみなされ、即時0点となる。
76.0,Train11,巡航フェーズ（駅間走行中）,力行（加速）中,2.0,惰行,6.0,70.0,70.0,65.49,70.0,1206.8,71.0,223.50907897455315,0.0,0.0,この先制限速度なし,216m先に上り勾配12.5‰あり,前方1031.0m先を40.0km/h,後続列車なし,60.0,61.0,未発車,60.0,70.0,0.0,normal,0.4,先行列車との間隔は十分あるが、惰行→力行への短時間切替が合理的理由なく行われたためノコギリ運転と判定し、reward上限0.5に抑えた。
116.0,Train11,巡航フェーズ（駅間走行中）,惰行中,35.0,力行（加速）,6.0,70.0,70.0,54.27,54.3,446.8,62.0,143.02580474707727,0.0,6.1,この先制限速度なし,256m先に上り勾配9.2‰あり,前方447.2m先を0.0km/h,後続列車なし,60.0,21.0,未発車,60.0,54.3,0.0,normal,1.0,巡航フェーズでrequired_speedと同等の惰行を維持し、制限速度・CBTCを遵守、前方列車との安全距離も確保しているため高評価。
159.0,Train11,巡航フェーズ（駅間走行中）,力行（加速）中,30.0,惰行,6.0,70.0,70.0,57.82,70.0,515.5,21.0,162.00078648288388,0.0,6.1,この先制限速度なし,325m先に上り勾配9.2‰あり,前方1015.4m先を50.2km/h,後続列車なし,30.0,0.0,発車済み,90.0,70.0,0.0,normal,1.0,巡航フェーズでrequired_speed未達のため加速は適切、速度・CBTC遵守、先行列車との間隔も十分で安全に停止可能。
76.0,Train11,巡航フェーズ（駅間走行中）,力行（加速）中,9.0,ブレーキ（減速）,6.0,70.0,70.0,32.16,70.0,1513.1,34.0,54.984583144273465,0.0,0.0,この先制限速度なし,この先目立った勾配なし,前方884.6m先を62.3km/h,後続列車なし,90.0,91.0,未発車,30.0,65.8,0.0,normal,1.0,巡航フェーズで速度が required_speed 未達のため加速は適切。制限速度・CBTC信号を遵守し、前方列車との間隔も安全。ノコギリ運転なしで定時性と省エネ性を損なわないため高評価。
198.29999999999993,Train11,次駅への減速フェーズ（駅手前400m以内）,ブレーキ（減速）中,1.0999999999999999,力行（加速）,0.1,70.0,70.0,42.14,70.0,71.7,0.0,83.59424132784098,18.4,9.2,この先制限速度なし,この先目立った勾配なし,前方705.5m先を53.3km/h,後続列車なし,30.0,0.0,発車済み,90.0,70.0,0.0,normal,0.0,ブレーキ中にδ_stopが-11.89mでオーバーランがほぼ確実と判定され、即時0点ルールが適用されたため。
145.0,Train11,巡航フェーズ（駅間走行中）,惰行中,2.0,力行（加速）,19.0,70.0,70.0,59.19,70.0,632.1,33.0,183.3834389899358,0.0,0.0,この先制限速度なし,42m先に上り勾配6.1‰あり,前方632.4m先を0.0km/h,後続列車なし,90.0,22.0,未発車,30.0,70.0,0.0,normal,0.1,巡航フェーズでrequired_speed未達の状態で惰行を続け、遅延が拡大する不適切な操作と判断した。
100.0,Train11,巡航フェーズ（駅間走行中）,力行（加速）中,3.0,ブレーキ（減速）,1.0,70.0,70.0,50.39,70.0,1191.1,71.0,133.66466435893776,0.0,0.0,この先制限速度なし,201m先に上り勾配12.5‰あり,前方1181.8m先を9.4km/h,後続列車なし,60.0,37.0,未発車,60.0,70.0,0.0,normal,0.0,直前のブレーキ1秒から力行3秒への切替が保持時間7秒未満で合理的理由がなく、ノコギリ運転と判定され上限0.0点となる。
186.6999999999998,Train11,次駅への減速フェーズ（駅手前400m以内）,ブレーキ（減速）中,0.1,力行（加速）,0.1,70.0,70.0,35.73,70.0,50.7,0.0,60.27659390432195,6.8,9.2,この先制限速度なし,この先目立った勾配なし,前方518.8m先を49.4km/h,後続列車なし,30.0,0.0,発車済み,90.0,70.0,0.0,normal,0.0,delta_stopが-9.58mでオーバーランがほぼ確実なため、安全上即0.0とする。
56.0,Train11,巡航フェーズ（駅間走行中）,惰行中,2.0,力行（加速）,8.0,70.0,70.0,66.08,70.0,1500.4,66.0,227.45691731353082,0.0,0.0,この先制限速度なし,この先目立った勾配なし,前方1041.6m先を59.3km/h,後続列車なし,60.0,81.0,未発車,60.0,70.0,0.0,normal,0.3,required_speed未達で惰行を続け、遅延拡大の危険があるため大幅減点し0.3とした。
171.3999999999997,Train11,次駅への減速フェーズ（駅手前400m以内）,ブレーキ（減速）中,4.100000000000001,力行（加速）,0.1,70.0,44.6,29.41,29.4,36.4,8.6,40.947348378065875,0.0,9.2,この先制限速度なし,この先目立った勾配なし,前方143.4m先を33.5km/h,後続列車なし,60.0,0.0,発車済み,60.0,29.4,0.0,normal,0.0,直前の0.1秒の力行から即ブレーキへの切替が合理的理由なくノコギリ運転と判定され、reward上限が0.0となった。
156.49999999999991,Train11,次駅への減速フェーズ（駅手前400m以内）,ブレーキ（減速）中,2.6000000000000014,力行（加速）,4.0,70.0,23.9,40.96,41.0,76.8,21.5,79.02328851234644,0.0,9.2,この先制限速度なし,この先目立った勾配なし,前方77.1m先を0.0km/h,後続列車なし,90.0,10.5,未発車,30.0,16.6,0.0,anti_mid_stop,0.0,現在速度41km/hがCBTC信号速度23.9km/hを2km/h以上上回っており、即時0点ルールに該当するため。
80.0,Train11,巡航フェーズ（駅間走行中）,力行（加速）中,8.0,惰行,6.0,70.0,70.0,43.19,70.0,1423.1,71.0,98.60976524190194,0.0,0.0,この先制限速度なし,433m先に上り勾配12.5‰あり,前方1289.6m先を35.5km/h,後続列車なし,60.0,57.0,未発車,60.0,70.0,0.0,normal,0.9,制限速度・CBTCを遵守し、先行列車との間隔も安全で、巡航フェーズでrequired_speed未達のため加速は妥当かつノコギリ運転なしと判断し高評価とした。
85.0,Train11,巡航フェーズ（駅間走行中）,惰行中,4.0,力行（加速）,7.0,70.0,70.0,61.31,70.0,1244.6,36.0,196.4693128065224,0.0,0.0,この先制限速度なし,254m先に上り勾配12.5‰あり,前方769.2m先を59.7km/h,後続列車なし,90.0,82.0,未発車,30.0,58.7,0.0,anti_mid_stop,1.0,先行列車が塞いでいるため駅間停車防止モード。現在速度はtarget_speed_no_stop上限内で惰行しており、CBTC・制限速度違反なく間隔も適正なので高評価。
177.9999999999996,Train11,次駅への減速フェーズ（駅手前400m以内）,ブレーキ（減速）中,0.7,惰行,0.1,70.0,70.0,25.2,70.0,34.0,2.0,30.111732934534235,0.0,9.2,この先制限速度なし,この先目立った勾配なし,前方815.2m先を56.0km/h,後続列車なし,30.0,0.0,発車済み,90.0,70.0,0.0,normal,0.9,ブレーキが適切に掛かり、delta_stopが3.9mで許容範囲内。速度・信号遵守、間隔も問題なく、ノコギリ運転なし。
167.0,Train11,次駅への減速フェーズ（駅手前400m以内）,力行（加速）中,16.0,ブレーキ（減速）,6.0,70.0,70.0,40.12,70.0,293.3,13.0,78.76850498174979,0.0,6.1,この先制限速度なし,103m先に上り勾配9.2‰あり,前方511.6m先を41.3km/h,後続列車なし,30.0,0.0,発車済み,90.0,70.0,0.0,normal,0.2,次駅減速フェーズで不適切に加速し、停止位置達成が遅れエネルギーが無駄になるため減点し0.2とする。
164.09999999999977,Train11,次駅への減速フェーズ（駅手前400m以内）,ブレーキ（減速）中,4.200000000000001,惰行,1.0,70.0,70.0,31.18,31.2,50.0,15.9,45.991496729227876,0.0,9.2,この先制限速度なし,この先目立った勾配なし,前方416.5m先を46.7km/h,後続列車なし,30.0,0.0,発車済み,90.0,31.2,0.0,normal,0.9,ブレーキが適切に行われ、delta_stopが4.01mで許容範囲内、CBTC・制限速度を遵守し遅延もなしのため高評価。
177.99999999999932,Train11,次駅への減速フェーズ（駅手前400m以内）,ブレーキ（減速）中,0.2,惰行,0.1,70.0,51.2,11.54,0.0,0.0,2.0,7.13623405418436,0.0,0.0,この先制限速度なし,この先目立った勾配なし,前方172.6m先を38.9km/h,後続列車なし,60.0,0.0,発車済み,60.0,0.0,0.0,normal,0.0,ブレーキ中にdelta_stopが-7.14mでオーバーランがほぼ確実なため即0.0ルールが適用される。
144.19999999999987,Train11,次駅への減速フェーズ（駅手前400m以内）,ブレーキ（減速）中,1.8000000000000005,力行（加速）,0.1,70.0,22.5,30.47,30.5,73.5,33.8,43.93351180455031,0.0,9.2,この先制限速度なし,この先目立った勾配なし,前方73.9m先を0.0km/h,後続列車なし,60.0,0.0,未発車,60.0,30.5,7.2,anti_mid_stop,0.0,CBTC信号速度22.5km/hを2km/h超えて30.5km/hで走行しているため即時0点と判定。
203.69999999999962,Train11,次駅への減速フェーズ（駅手前400m以内）,惰行中,0.1,力行（加速）,0.1,70.0,70.0,27.08,70.0,20.2,0.0,34.747754655923195,23.8,9.2,この先制限速度なし,この先目立った勾配なし,前方735.1m先を54.9km/h,後続列車なし,30.0,0.0,発車済み,90.0,70.0,0.0,normal,0.0,Delta_stop が -14.55 m でブレーキ未実施のためオーバーランがほぼ確実、即時0点ルールが適用される。
60.0,Train11,巡航フェーズ（駅間走行中）,力行（加速）中,10.0,惰行,6.0,70.0,70.0,43.92,70.0,1713.0,67.0,112.00303450421673,0.0,-6.7,この先制限速度なし,この先目立った勾配なし,前方1319.0m先を57.6km/h,後続列車なし,60.0,77.0,未発車,60.0,70.0,0.0,normal,0.9,巡航フェーズでrequired_speed未達だが加速は必要であり、制限速度・CBTC信号を遵守、先行列車との間隔も十分、ノコギリ運転なし。
174.99999999999977,Train11,次駅への減速フェーズ（駅手前400m以内）,ブレーキ（減速）中,1.0999999999999999,力行（加速）,7.999999999999989,70.0,70.0,33.81,70.0,58.5,5.0,54.01774105703624,0.0,9.2,この先制限速度なし,この先目立った勾配なし,前方793.3m先を55.2km/h,後続列車なし,30.0,0.0,発車済み,90.0,70.0,0.0,normal,0.9,ブレーキはdelta_stopが正で適切に減速しており、制限速度・CBTC遵守、先行列車との間隔も十分で安全かつ定時性が保たれるため高評価。
102.0,Train11,巡航フェーズ（駅間走行中）,惰行中,9.0,力行（加速）,6.0,70.0,70.0,57.98,58.0,717.4,76.0,176.10581598351698,0.0,0.0,この先制限速度なし,127m先に上り勾配6.1‰あり,前方717.8m先を0.0km/h,後続列車なし,30.0,5.0,未発車,90.0,58.0,0.0,normal,1.0,速度がrequired_speedと一致し惰行で維持、制限速度・CBTC遵守、停止余裕大、ノコギリ運転なし、間隔安全、定時・省エネ良好。
176.6999999999994,Train11,次駅への減速フェーズ（駅手前400m以内）,ブレーキ（減速）中,1.3,惰行,0.1,70.0,49.2,15.09,15.1,3.6,3.3,10.833355140661071,0.0,9.2,この先制限速度なし,この先目立った勾配なし,前方163.5m先を38.0km/h,後続列車なし,60.0,0.0,発車済み,60.0,15.1,0.0,normal,0.0,delta_stopが-7.23mでブレーキ中にも関わらずオーバーランが確実なため即時0点とした。
